<?xml version="1.0" encoding="UTF-8"?>

<!-- generated on 2025-02-28 18:23:46 by Eclipse SUMO GUI Version 1.19.0
<configuration xmlns:xsi="http://www.w3.org/2001/XMLSchema-instance" xsi:noNamespaceSchemaLocation="http://sumo.dlr.de/xsd/sumoConfiguration.xsd">

    <input>
        <net-file value="Network.net.xml"/>
        <route-files value="CarRoutes.rou.xml"/>
        <additional-files value="Sensors.add.xml"/>
    </input>

    <output>
        <emission-output value="logs/Emissions.xml"/>
        <summary-output value="logs/Log_summary.xml"/>
        <summary-output.period value="300"/>
        <tripinfo-output value="logs/TripInfos.xml"/>
    </output>

    <time>
        <begin value="0"/>
        <end value="86400"/>
        <step-length value="0.25"/>
    </time>

    <processing>
        <ignore-junction-blocker value="0.1"/>
        <time-to-teleport value="-1"/>
    </processing>

    <report>
        <verbose value="true"/>
        <no-step-log value="true"/>
    </report>

    <emissions>
        <device.emissions.period value="10"/>
    </emissions>

    <traci_server>
        <remote-port value="58353"/>
    </traci_server>

    <gui_only>
        <quit-on-end value="true"/>
        <start value="true"/>
    </gui_only>

</configuration>
-->

<instantE1 xmlns:xsi="http://www.w3.org/2001/XMLSchema-instance" xsi:noNamespaceSchemaLocation="http://sumo.dlr.de/xsd/instant_e1_file.xsd">
    <instantOut id="235_D025" time="1718.04" state="enter" vehID="Car_693" speed="7.48" length="5.00" type="DEFAULT_CAR"/>
    <instantOut id="235_D025" time="1718.25" state="stay" vehID="Car_693" speed="7.48" length="5.00" type="DEFAULT_CAR"/>
    <instantOut id="235_D025" time="1718.50" state="stay" vehID="Car_693" speed="6.73" length="5.00" type="DEFAULT_CAR"/>
    <instantOut id="235_D025" time="1718.75" state="stay" vehID="Car_693" speed="5.98" length="5.00" type="DEFAULT_CAR"/>
    <instantOut id="235_D025" time="1718.79" state="leave" vehID="Car_693" speed="5.23" length="5.00" type="DEFAULT_CAR" occupancy="0.76"/>
    <instantOut id="235_D025" time="4928.23" state="enter" vehID="Car_2035" speed="8.80" length="5.00" type="DEFAULT_CAR" gap="3209.43"/>
    <instantOut id="235_D025" time="4928.25" state="stay" vehID="Car_2035" speed="8.80" length="5.00" type="DEFAULT_CAR"/>
    <instantOut id="235_D025" time="4928.50" state="stay" vehID="Car_2035" speed="8.20" length="5.00" type="DEFAULT_CAR"/>
    <instantOut id="235_D025" time="4928.75" state="stay" vehID="Car_2035" speed="7.45" length="5.00" type="DEFAULT_CAR"/>
    <instantOut id="235_D025" time="4928.88" state="leave" vehID="Car_2035" speed="6.70" length="5.00" type="DEFAULT_CAR" occupancy="0.65"/>
    <instantOut id="235_D025" time="7027.00" state="enter" vehID="Car_4450" speed="9.74" length="5.00" type="DEFAULT_CAR" gap="2098.12"/>
    <instantOut id="235_D025" time="7027.25" state="stay" vehID="Car_4450" speed="9.74" length="5.00" type="DEFAULT_CAR"/>
    <instantOut id="235_D025" time="7027.50" state="stay" vehID="Car_4450" speed="9.01" length="5.00" type="DEFAULT_CAR"/>
    <instantOut id="235_D025" time="7027.54" state="leave" vehID="Car_4450" speed="8.27" length="5.00" type="DEFAULT_CAR" occupancy="0.54"/>
    <instantOut id="235_D025" time="8210.74" state="enter" vehID="Car_4268" speed="6.22" length="5.00" type="DEFAULT_CAR" gap="1183.20"/>
    <instantOut id="235_D025" time="8210.75" state="stay" vehID="Car_4268" speed="6.22" length="5.00" type="DEFAULT_CAR"/>
    <instantOut id="235_D025" time="8211.00" state="stay" vehID="Car_4268" speed="6.27" length="5.00" type="DEFAULT_CAR"/>
    <instantOut id="235_D025" time="8211.25" state="stay" vehID="Car_4268" speed="5.52" length="5.00" type="DEFAULT_CAR"/>
    <instantOut id="235_D025" time="8211.50" state="stay" vehID="Car_4268" speed="4.77" length="5.00" type="DEFAULT_CAR"/>
    <instantOut id="235_D025" time="8211.69" state="leave" vehID="Car_4268" speed="4.02" length="5.00" type="DEFAULT_CAR" occupancy="0.96"/>
    <instantOut id="235_D025" time="9646.47" state="enter" vehID="Car_3680" speed="9.69" length="5.00" type="DEFAULT_CAR" gap="1434.78"/>
    <instantOut id="235_D025" time="9646.50" state="stay" vehID="Car_3680" speed="9.69" length="5.00" type="DEFAULT_CAR"/>
    <instantOut id="235_D025" time="9646.75" state="stay" vehID="Car_3680" speed="10.63" length="5.00" type="DEFAULT_CAR"/>
    <instantOut id="235_D025" time="9646.96" state="leave" vehID="Car_3680" speed="9.96" length="5.00" type="DEFAULT_CAR" occupancy="0.49"/>
    <instantOut id="235_D025" time="12873.69" state="enter" vehID="Car_6524" speed="11.17" length="5.00" type="DEFAULT_CAR" gap="3226.73"/>
    <instantOut id="235_D025" time="12873.75" state="stay" vehID="Car_6524" speed="11.17" length="5.00" type="DEFAULT_CAR"/>
    <instantOut id="235_D025" time="12874.00" state="stay" vehID="Car_6524" speed="10.42" length="5.00" type="DEFAULT_CAR"/>
    <instantOut id="235_D025" time="12874.18" state="leave" vehID="Car_6524" speed="9.90" length="5.00" type="DEFAULT_CAR" occupancy="0.48"/>
    <instantOut id="235_D025" time="15889.36" state="enter" vehID="Car_9189" speed="9.95" length="5.00" type="DEFAULT_CAR" gap="3015.19"/>
    <instantOut id="235_D025" time="15889.50" state="stay" vehID="Car_9189" speed="9.95" length="5.00" type="DEFAULT_CAR"/>
    <instantOut id="235_D025" time="15889.75" state="stay" vehID="Car_9189" speed="9.25" length="5.00" type="DEFAULT_CAR"/>
    <instantOut id="235_D025" time="15889.91" state="leave" vehID="Car_9189" speed="8.50" length="5.00" type="DEFAULT_CAR" occupancy="0.54"/>
    <instantOut id="235_D025" time="16537.45" state="enter" vehID="Car_8740" speed="9.88" length="5.00" type="DEFAULT_CAR" gap="647.54"/>
    <instantOut id="235_D025" time="16537.50" state="stay" vehID="Car_8740" speed="9.88" length="5.00" type="DEFAULT_CAR"/>
    <instantOut id="235_D025" time="16537.75" state="stay" vehID="Car_8740" speed="9.64" length="5.00" type="DEFAULT_CAR"/>
    <instantOut id="235_D025" time="16537.98" state="leave" vehID="Car_8740" speed="9.10" length="5.00" type="DEFAULT_CAR" occupancy="0.53"/>
    <instantOut id="235_D025" time="17251.73" state="enter" vehID="Car_9579" speed="10.18" length="5.00" type="DEFAULT_CAR" gap="713.75"/>
    <instantOut id="235_D025" time="17251.75" state="stay" vehID="Car_9579" speed="10.18" length="5.00" type="DEFAULT_CAR"/>
    <instantOut id="235_D025" time="17252.00" state="stay" vehID="Car_9579" speed="10.86" length="5.00" type="DEFAULT_CAR"/>
    <instantOut id="235_D025" time="17252.18" state="leave" vehID="Car_9579" speed="11.20" length="5.00" type="DEFAULT_CAR" occupancy="0.46"/>
    <instantOut id="235_D025" time="17365.73" state="enter" vehID="Car_9630" speed="8.30" length="5.00" type="DEFAULT_CAR" gap="113.54"/>
    <instantOut id="235_D025" time="17365.75" state="stay" vehID="Car_9630" speed="8.30" length="5.00" type="DEFAULT_CAR"/>
    <instantOut id="235_D025" time="17366.00" state="stay" vehID="Car_9630" speed="7.55" length="5.00" type="DEFAULT_CAR"/>
    <instantOut id="235_D025" time="17366.25" state="stay" vehID="Car_9630" speed="6.80" length="5.00" type="DEFAULT_CAR"/>
    <instantOut id="235_D025" time="17366.45" state="leave" vehID="Car_9630" speed="6.05" length="5.00" type="DEFAULT_CAR" occupancy="0.72"/>
    <instantOut id="235_D025" time="17847.99" state="enter" vehID="Car_9629" speed="9.10" length="5.00" type="DEFAULT_CAR" gap="481.54"/>
    <instantOut id="235_D025" time="17848.00" state="stay" vehID="Car_9629" speed="9.10" length="5.00" type="DEFAULT_CAR"/>
    <instantOut id="235_D025" time="17848.25" state="stay" vehID="Car_9629" speed="8.35" length="5.00" type="DEFAULT_CAR"/>
    <instantOut id="235_D025" time="17848.50" state="stay" vehID="Car_9629" speed="7.60" length="5.00" type="DEFAULT_CAR"/>
    <instantOut id="235_D025" time="17848.64" state="leave" vehID="Car_9629" speed="6.85" length="5.00" type="DEFAULT_CAR" occupancy="0.65"/>
    <instantOut id="235_D025" time="19628.48" state="enter" vehID="Car_9841" speed="9.50" length="5.00" type="DEFAULT_CAR" gap="1779.84"/>
    <instantOut id="235_D025" time="19628.50" state="stay" vehID="Car_9841" speed="9.50" length="5.00" type="DEFAULT_CAR"/>
    <instantOut id="235_D025" time="19628.75" state="stay" vehID="Car_9841" speed="8.92" length="5.00" type="DEFAULT_CAR"/>
    <instantOut id="235_D025" time="19629.00" state="stay" vehID="Car_9841" speed="8.20" length="5.00" type="DEFAULT_CAR"/>
    <instantOut id="235_D025" time="19629.07" state="leave" vehID="Car_9841" speed="7.45" length="5.00" type="DEFAULT_CAR" occupancy="0.59"/>
    <instantOut id="235_D025" time="19753.24" state="enter" vehID="Car_9840" speed="8.94" length="5.00" type="DEFAULT_CAR" gap="124.17"/>
    <instantOut id="235_D025" time="19753.25" state="stay" vehID="Car_9840" speed="8.94" length="5.00" type="DEFAULT_CAR"/>
    <instantOut id="235_D025" time="19753.50" state="stay" vehID="Car_9840" speed="8.35" length="5.00" type="DEFAULT_CAR"/>
    <instantOut id="235_D025" time="19753.75" state="stay" vehID="Car_9840" speed="7.60" length="5.00" type="DEFAULT_CAR"/>
    <instantOut id="235_D025" time="19753.89" state="leave" vehID="Car_9840" speed="6.85" length="5.00" type="DEFAULT_CAR" occupancy="0.65"/>
    <instantOut id="235_D025" time="20769.21" state="enter" vehID="Car_12875" speed="9.51" length="5.00" type="DEFAULT_CAR" gap="1015.32"/>
    <instantOut id="235_D025" time="20769.25" state="stay" vehID="Car_12875" speed="9.51" length="5.00" type="DEFAULT_CAR"/>
    <instantOut id="235_D025" time="20769.50" state="stay" vehID="Car_12875" speed="10.43" length="5.00" type="DEFAULT_CAR"/>
    <instantOut id="235_D025" time="20769.70" state="leave" vehID="Car_12875" speed="10.04" length="5.00" type="DEFAULT_CAR" occupancy="0.49"/>
    <instantOut id="235_D025" time="22511.45" state="enter" vehID="Car_11850" speed="9.96" length="5.00" type="DEFAULT_CAR" gap="1741.75"/>
    <instantOut id="235_D025" time="22511.50" state="stay" vehID="Car_11850" speed="9.96" length="5.00" type="DEFAULT_CAR"/>
    <instantOut id="235_D025" time="22511.75" state="stay" vehID="Car_11850" speed="9.21" length="5.00" type="DEFAULT_CAR"/>
    <instantOut id="235_D025" time="22512.00" state="stay" vehID="Car_11850" speed="8.46" length="5.00" type="DEFAULT_CAR"/>
    <instantOut id="235_D025" time="22512.01" state="leave" vehID="Car_11850" speed="7.82" length="5.00" type="DEFAULT_CAR" occupancy="0.56"/>
    <instantOut id="235_D025" time="26312.74" state="enter" vehID="Car_15977" speed="8.99" length="5.00" type="DEFAULT_CAR" gap="3800.74"/>
    <instantOut id="235_D025" time="26312.75" state="stay" vehID="Car_15977" speed="8.99" length="5.00" type="DEFAULT_CAR"/>
    <instantOut id="235_D025" time="26313.00" state="stay" vehID="Car_15977" speed="8.30" length="5.00" type="DEFAULT_CAR"/>
    <instantOut id="235_D025" time="26313.25" state="stay" vehID="Car_15977" speed="7.68" length="5.00" type="DEFAULT_CAR"/>
    <instantOut id="235_D025" time="26313.39" state="leave" vehID="Car_15977" speed="6.93" length="5.00" type="DEFAULT_CAR" occupancy="0.64"/>
    <instantOut id="235_D025" time="27402.74" state="enter" vehID="Car_15974" speed="9.10" length="5.00" type="DEFAULT_CAR" gap="1089.35"/>
    <instantOut id="235_D025" time="27402.75" state="stay" vehID="Car_15974" speed="9.10" length="5.00" type="DEFAULT_CAR"/>
    <instantOut id="235_D025" time="27403.00" state="stay" vehID="Car_15974" speed="8.35" length="5.00" type="DEFAULT_CAR"/>
    <instantOut id="235_D025" time="27403.25" state="stay" vehID="Car_15974" speed="7.60" length="5.00" type="DEFAULT_CAR"/>
    <instantOut id="235_D025" time="27403.38" state="leave" vehID="Car_15974" speed="6.85" length="5.00" type="DEFAULT_CAR" occupancy="0.64"/>
    <instantOut id="235_D025" time="27570.74" state="enter" vehID="Car_16167" speed="9.33" length="5.00" type="DEFAULT_CAR" gap="167.35"/>
    <instantOut id="235_D025" time="27570.75" state="stay" vehID="Car_16167" speed="9.33" length="5.00" type="DEFAULT_CAR"/>
    <instantOut id="235_D025" time="27571.00" state="stay" vehID="Car_16167" speed="10.03" length="5.00" type="DEFAULT_CAR"/>
    <instantOut id="235_D025" time="27571.25" state="stay" vehID="Car_16167" speed="9.28" length="5.00" type="DEFAULT_CAR"/>
    <instantOut id="235_D025" time="27571.26" state="leave" vehID="Car_16167" speed="8.53" length="5.00" type="DEFAULT_CAR" occupancy="0.52"/>
    <instantOut id="235_D025" time="28622.22" state="enter" vehID="Car_18377" speed="9.64" length="5.00" type="DEFAULT_CAR" gap="1050.97"/>
    <instantOut id="235_D025" time="28622.25" state="stay" vehID="Car_18377" speed="9.64" length="5.00" type="DEFAULT_CAR"/>
    <instantOut id="235_D025" time="28622.50" state="stay" vehID="Car_18377" speed="9.07" length="5.00" type="DEFAULT_CAR"/>
    <instantOut id="235_D025" time="28622.75" state="stay" vehID="Car_18377" speed="8.32" length="5.00" type="DEFAULT_CAR"/>
    <instantOut id="235_D025" time="28622.80" state="leave" vehID="Car_18377" speed="7.57" length="5.00" type="DEFAULT_CAR" occupancy="0.58"/>
    <instantOut id="235_D025" time="28789.17" state="enter" vehID="Car_18370" speed="10.30" length="5.00" type="DEFAULT_CAR" gap="166.37"/>
    <instantOut id="235_D025" time="28789.25" state="stay" vehID="Car_18370" speed="10.30" length="5.00" type="DEFAULT_CAR"/>
    <instantOut id="235_D025" time="28789.50" state="stay" vehID="Car_18370" speed="9.93" length="5.00" type="DEFAULT_CAR"/>
    <instantOut id="235_D025" time="28789.68" state="leave" vehID="Car_18370" speed="9.60" length="5.00" type="DEFAULT_CAR" occupancy="0.51"/>
    <instantOut id="235_D025" time="30030.97" state="enter" vehID="Car_18372" speed="7.01" length="5.00" type="DEFAULT_CAR" gap="1241.30"/>
    <instantOut id="235_D025" time="30031.00" state="stay" vehID="Car_18372" speed="7.01" length="5.00" type="DEFAULT_CAR"/>
    <instantOut id="235_D025" time="30031.25" state="stay" vehID="Car_18372" speed="7.49" length="5.00" type="DEFAULT_CAR"/>
    <instantOut id="235_D025" time="30031.50" state="stay" vehID="Car_18372" speed="7.79" length="5.00" type="DEFAULT_CAR"/>
    <instantOut id="235_D025" time="30031.64" state="leave" vehID="Car_18372" speed="7.04" length="5.00" type="DEFAULT_CAR" occupancy="0.67"/>
    <instantOut id="235_D025" time="30135.23" state="enter" vehID="Car_18466" speed="4.83" length="5.00" type="DEFAULT_CAR" gap="103.58"/>
    <instantOut id="235_D025" time="30135.25" state="stay" vehID="Car_18466" speed="4.83" length="5.00" type="DEFAULT_CAR"/>
    <instantOut id="235_D025" time="30135.50" state="stay" vehID="Car_18466" speed="4.76" length="5.00" type="DEFAULT_CAR"/>
    <instantOut id="235_D025" time="30135.75" state="stay" vehID="Car_18466" speed="4.66" length="5.00" type="DEFAULT_CAR"/>
    <instantOut id="235_D025" time="30136.00" state="stay" vehID="Car_18466" speed="4.67" length="5.00" type="DEFAULT_CAR"/>
    <instantOut id="235_D025" time="30136.25" state="stay" vehID="Car_18466" speed="3.92" length="5.00" type="DEFAULT_CAR"/>
    <instantOut id="235_D025" time="30136.37" state="leave" vehID="Car_18466" speed="3.17" length="5.00" type="DEFAULT_CAR" occupancy="1.14"/>
    <instantOut id="235_D025" time="37494.95" state="enter" vehID="Car_21717" speed="11.43" length="5.00" type="DEFAULT_CAR" gap="7358.58"/>
    <instantOut id="235_D025" time="37495.00" state="stay" vehID="Car_21717" speed="11.43" length="5.00" type="DEFAULT_CAR"/>
    <instantOut id="235_D025" time="37495.25" state="stay" vehID="Car_21717" speed="10.68" length="5.00" type="DEFAULT_CAR"/>
    <instantOut id="235_D025" time="37495.42" state="leave" vehID="Car_21717" speed="9.93" length="5.00" type="DEFAULT_CAR" occupancy="0.48"/>
    <instantOut id="235_D025" time="38016.01" state="enter" vehID="Car_22119" speed="7.52" length="5.00" type="DEFAULT_CAR" gap="520.59"/>
    <instantOut id="235_D025" time="38016.25" state="stay" vehID="Car_22119" speed="7.52" length="5.00" type="DEFAULT_CAR"/>
    <instantOut id="235_D025" time="38016.50" state="stay" vehID="Car_22119" speed="8.16" length="5.00" type="DEFAULT_CAR"/>
    <instantOut id="235_D025" time="38016.63" state="leave" vehID="Car_22119" speed="9.10" length="5.00" type="DEFAULT_CAR" occupancy="0.62"/>
    <instantOut id="235_D025" time="40094.47" state="enter" vehID="Car_23057" speed="8.87" length="5.00" type="DEFAULT_CAR" gap="2077.85"/>
    <instantOut id="235_D025" time="40094.50" state="stay" vehID="Car_23057" speed="8.87" length="5.00" type="DEFAULT_CAR"/>
    <instantOut id="235_D025" time="40094.75" state="stay" vehID="Car_23057" speed="8.12" length="5.00" type="DEFAULT_CAR"/>
    <instantOut id="235_D025" time="40095.00" state="stay" vehID="Car_23057" speed="7.37" length="5.00" type="DEFAULT_CAR"/>
    <instantOut id="235_D025" time="40095.13" state="leave" vehID="Car_23057" speed="6.63" length="5.00" type="DEFAULT_CAR" occupancy="0.66"/>
    <instantOut id="235_D025" time="41111.22" state="enter" vehID="Car_23234" speed="10.11" length="5.00" type="DEFAULT_CAR" gap="1016.09"/>
    <instantOut id="235_D025" time="41111.25" state="stay" vehID="Car_23234" speed="10.11" length="5.00" type="DEFAULT_CAR"/>
    <instantOut id="235_D025" time="41111.50" state="stay" vehID="Car_23234" speed="10.79" length="5.00" type="DEFAULT_CAR"/>
    <instantOut id="235_D025" time="41111.70" state="leave" vehID="Car_23234" speed="10.24" length="5.00" type="DEFAULT_CAR" occupancy="0.48"/>
    <instantOut id="235_D025" time="42497.20" state="enter" vehID="Car_23939" speed="9.69" length="5.00" type="DEFAULT_CAR" gap="1385.51"/>
    <instantOut id="235_D025" time="42497.25" state="stay" vehID="Car_23939" speed="9.69" length="5.00" type="DEFAULT_CAR"/>
    <instantOut id="235_D025" time="42497.50" state="stay" vehID="Car_23939" speed="8.94" length="5.00" type="DEFAULT_CAR"/>
    <instantOut id="235_D025" time="42497.75" state="stay" vehID="Car_23939" speed="8.19" length="5.00" type="DEFAULT_CAR"/>
    <instantOut id="235_D025" time="42497.78" state="leave" vehID="Car_23939" speed="7.44" length="5.00" type="DEFAULT_CAR" occupancy="0.58"/>
    <instantOut id="235_D025" time="44727.02" state="enter" vehID="Car_24906" speed="6.41" length="5.00" type="DEFAULT_CAR" gap="2229.24"/>
    <instantOut id="235_D025" time="44727.25" state="stay" vehID="Car_24906" speed="6.41" length="5.00" type="DEFAULT_CAR"/>
    <instantOut id="235_D025" time="44727.50" state="stay" vehID="Car_24906" speed="5.66" length="5.00" type="DEFAULT_CAR"/>
    <instantOut id="235_D025" time="44727.75" state="stay" vehID="Car_24906" speed="4.91" length="5.00" type="DEFAULT_CAR"/>
    <instantOut id="235_D025" time="44727.96" state="leave" vehID="Car_24906" speed="4.16" length="5.00" type="DEFAULT_CAR" occupancy="0.94"/>
</instantE1>
