<?xml version="1.0" encoding="UTF-8"?>

<!-- generated on 2025-02-28 20:15:40 by Eclipse SUMO sumo Version 1.19.0
<configuration xmlns:xsi="http://www.w3.org/2001/XMLSchema-instance" xsi:noNamespaceSchemaLocation="http://sumo.dlr.de/xsd/sumoConfiguration.xsd">

    <input>
        <net-file value="Network.net.xml"/>
        <route-files value="CarRoutes.rou.xml"/>
        <additional-files value="Sensors.add.xml"/>
    </input>

    <output>
        <emission-output value="logs/Emissions.xml"/>
        <summary-output value="logs/Log_summary.xml"/>
        <summary-output.period value="300"/>
        <tripinfo-output value="logs/TripInfos.xml"/>
    </output>

    <time>
        <begin value="0"/>
        <end value="86400"/>
        <step-length value="0.25"/>
    </time>

    <processing>
        <ignore-junction-blocker value="0.1"/>
        <time-to-teleport value="-1"/>
    </processing>

    <report>
        <verbose value="true"/>
        <no-step-log value="true"/>
    </report>

    <emissions>
        <device.emissions.period value="10"/>
    </emissions>

    <traci_server>
        <remote-port value="59766"/>
    </traci_server>

    <gui_only>
        <quit-on-end value="true"/>
        <start value="true"/>
    </gui_only>

</configuration>
-->

<summary xmlns:xsi="http://www.w3.org/2001/XMLSchema-instance" xsi:noNamespaceSchemaLocation="http://sumo.dlr.de/xsd/summary_file.xsd">
    <step time="0.00" loaded="0" inserted="0" running="0" waiting="0" ended="0" arrived="0" collisions="0" teleports="0" halting="0" stopped="0" meanWaitingTime="-1.00" meanTravelTime="-1.00" meanSpeed="-1.00" meanSpeedRelative="-1.00" duration="0"/>
    <step time="300.00" loaded="208" inserted="195" running="88" waiting="13" ended="107" arrived="107" collisions="0" teleports="0" halting="47" stopped="0" meanWaitingTime="14.04" meanTravelTime="79.14" meanSpeed="3.01" meanSpeedRelative="0.22" duration="2"/>
    <step time="600.00" loaded="372" inserted="362" running="71" waiting="10" ended="291" arrived="291" collisions="0" teleports="0" halting="33" stopped="0" meanWaitingTime="13.10" meanTravelTime="112.64" meanSpeed="5.22" meanSpeedRelative="0.38" duration="1"/>
    <step time="900.00" loaded="527" inserted="517" running="54" waiting="10" ended="463" arrived="463" collisions="0" teleports="0" halting="25" stopped="0" meanWaitingTime="12.21" meanTravelTime="111.08" meanSpeed="3.80" meanSpeedRelative="0.29" duration="2"/>
    <step time="1200.00" loaded="699" inserted="684" running="54" waiting="15" ended="630" arrived="630" collisions="0" teleports="0" halting="6" stopped="0" meanWaitingTime="15.52" meanTravelTime="110.32" meanSpeed="7.91" meanSpeedRelative="0.57" duration="1"/>
    <step time="1500.00" loaded="863" inserted="843" running="59" waiting="20" ended="784" arrived="784" collisions="0" teleports="0" halting="13" stopped="0" meanWaitingTime="16.63" meanTravelTime="108.97" meanSpeed="5.93" meanSpeedRelative="0.43" duration="1"/>
    <step time="1800.00" loaded="1023" inserted="1004" running="64" waiting="19" ended="940" arrived="940" collisions="0" teleports="0" halting="19" stopped="0" meanWaitingTime="19.67" meanTravelTime="108.45" meanSpeed="5.24" meanSpeedRelative="0.38" duration="2"/>
    <step time="2100.00" loaded="1183" inserted="1168" running="68" waiting="15" ended="1100" arrived="1100" collisions="0" teleports="0" halting="30" stopped="0" meanWaitingTime="18.58" meanTravelTime="107.28" meanSpeed="4.33" meanSpeedRelative="0.31" duration="1"/>
    <step time="2400.00" loaded="1328" inserted="1312" running="42" waiting="16" ended="1270" arrived="1270" collisions="0" teleports="0" halting="17" stopped="0" meanWaitingTime="18.55" meanTravelTime="109.20" meanSpeed="4.07" meanSpeedRelative="0.31" duration="1"/>
    <step time="2700.00" loaded="1472" inserted="1471" running="50" waiting="1" ended="1421" arrived="1421" collisions="0" teleports="0" halting="12" stopped="0" meanWaitingTime="18.50" meanTravelTime="107.56" meanSpeed="6.19" meanSpeedRelative="0.45" duration="1"/>
    <step time="3000.00" loaded="1630" inserted="1623" running="41" waiting="7" ended="1582" arrived="1582" collisions="0" teleports="0" halting="18" stopped="0" meanWaitingTime="17.34" meanTravelTime="106.76" meanSpeed="4.11" meanSpeedRelative="0.30" duration="1"/>
    <step time="3300.00" loaded="1801" inserted="1780" running="64" waiting="21" ended="1716" arrived="1716" collisions="0" teleports="0" halting="11" stopped="0" meanWaitingTime="18.00" meanTravelTime="106.52" meanSpeed="6.54" meanSpeedRelative="0.47" duration="2"/>
    <step time="3600.00" loaded="1932" inserted="1917" running="47" waiting="15" ended="1870" arrived="1870" collisions="0" teleports="0" halting="19" stopped="0" meanWaitingTime="19.57" meanTravelTime="106.69" meanSpeed="4.83" meanSpeedRelative="0.35" duration="1"/>
    <step time="3900.00" loaded="2098" inserted="2098" running="95" waiting="0" ended="2003" arrived="2003" collisions="0" teleports="0" halting="30" stopped="0" meanWaitingTime="18.90" meanTravelTime="106.28" meanSpeed="3.96" meanSpeedRelative="0.28" duration="2"/>
    <step time="4200.00" loaded="2229" inserted="2229" running="72" waiting="0" ended="2157" arrived="2157" collisions="0" teleports="0" halting="23" stopped="0" meanWaitingTime="18.88" meanTravelTime="109.95" meanSpeed="4.34" meanSpeedRelative="0.31" duration="1"/>
    <step time="4500.00" loaded="2409" inserted="2408" running="92" waiting="1" ended="2316" arrived="2316" collisions="0" teleports="0" halting="46" stopped="0" meanWaitingTime="17.94" meanTravelTime="112.41" meanSpeed="3.21" meanSpeedRelative="0.23" duration="1"/>
    <step time="4800.00" loaded="2566" inserted="2560" running="52" waiting="6" ended="2508" arrived="2508" collisions="0" teleports="0" halting="17" stopped="0" meanWaitingTime="17.11" meanTravelTime="114.33" meanSpeed="4.75" meanSpeedRelative="0.34" duration="2"/>
    <step time="5100.00" loaded="2736" inserted="2726" running="62" waiting="10" ended="2664" arrived="2664" collisions="0" teleports="0" halting="6" stopped="0" meanWaitingTime="17.70" meanTravelTime="114.11" meanSpeed="7.23" meanSpeedRelative="0.53" duration="3"/>
    <step time="5400.00" loaded="2887" inserted="2885" running="48" waiting="2" ended="2837" arrived="2837" collisions="0" teleports="0" halting="11" stopped="0" meanWaitingTime="17.52" meanTravelTime="113.60" meanSpeed="7.16" meanSpeedRelative="0.52" duration="1"/>
    <step time="5700.00" loaded="3073" inserted="3058" running="69" waiting="15" ended="2989" arrived="2989" collisions="0" teleports="0" halting="34" stopped="0" meanWaitingTime="16.91" meanTravelTime="112.86" meanSpeed="3.42" meanSpeedRelative="0.26" duration="2"/>
    <step time="6000.00" loaded="3197" inserted="3194" running="38" waiting="3" ended="3156" arrived="3156" collisions="0" teleports="0" halting="12" stopped="0" meanWaitingTime="16.91" meanTravelTime="113.90" meanSpeed="5.85" meanSpeedRelative="0.42" duration="1"/>
    <step time="6300.00" loaded="3360" inserted="3342" running="57" waiting="18" ended="3285" arrived="3285" collisions="0" teleports="0" halting="27" stopped="0" meanWaitingTime="16.90" meanTravelTime="113.72" meanSpeed="4.05" meanSpeedRelative="0.29" duration="1"/>
    <step time="6600.00" loaded="3518" inserted="3510" running="46" waiting="8" ended="3464" arrived="3464" collisions="0" teleports="0" halting="13" stopped="0" meanWaitingTime="17.11" meanTravelTime="112.66" meanSpeed="4.97" meanSpeedRelative="0.36" duration="1"/>
    <step time="6900.00" loaded="3703" inserted="3686" running="63" waiting="17" ended="3623" arrived="3623" collisions="0" teleports="0" halting="21" stopped="0" meanWaitingTime="17.08" meanTravelTime="112.05" meanSpeed="4.36" meanSpeedRelative="0.31" duration="3"/>
    <step time="7200.00" loaded="3859" inserted="3840" running="49" waiting="19" ended="3791" arrived="3791" collisions="0" teleports="0" halting="14" stopped="0" meanWaitingTime="17.63" meanTravelTime="111.68" meanSpeed="5.58" meanSpeedRelative="0.40" duration="2"/>
    <step time="7500.00" loaded="4008" inserted="3996" running="38" waiting="12" ended="3958" arrived="3958" collisions="0" teleports="0" halting="17" stopped="0" meanWaitingTime="18.22" meanTravelTime="111.15" meanSpeed="4.95" meanSpeedRelative="0.36" duration="1"/>
    <step time="7800.00" loaded="4161" inserted="4138" running="35" waiting="23" ended="4103" arrived="4103" collisions="0" teleports="0" halting="12" stopped="0" meanWaitingTime="18.67" meanTravelTime="110.16" meanSpeed="4.69" meanSpeedRelative="0.34" duration="1"/>
    <step time="8100.00" loaded="4335" inserted="4320" running="45" waiting="15" ended="4275" arrived="4275" collisions="0" teleports="0" halting="13" stopped="0" meanWaitingTime="19.63" meanTravelTime="108.95" meanSpeed="5.69" meanSpeedRelative="0.41" duration="1"/>
    <step time="8400.00" loaded="4516" inserted="4512" running="65" waiting="4" ended="4447" arrived="4447" collisions="0" teleports="0" halting="17" stopped="0" meanWaitingTime="19.54" meanTravelTime="107.89" meanSpeed="5.24" meanSpeedRelative="0.38" duration="1"/>
    <step time="8700.00" loaded="4688" inserted="4683" running="87" waiting="5" ended="4596" arrived="4596" collisions="0" teleports="0" halting="30" stopped="0" meanWaitingTime="19.27" meanTravelTime="107.67" meanSpeed="4.22" meanSpeedRelative="0.31" duration="4"/>
    <step time="9000.00" loaded="4879" inserted="4862" running="61" waiting="17" ended="4801" arrived="4801" collisions="0" teleports="0" halting="13" stopped="0" meanWaitingTime="19.05" meanTravelTime="108.15" meanSpeed="6.31" meanSpeedRelative="0.45" duration="2"/>
    <step time="9300.00" loaded="5064" inserted="5045" running="61" waiting="19" ended="4984" arrived="4984" collisions="0" teleports="0" halting="20" stopped="0" meanWaitingTime="19.02" meanTravelTime="108.13" meanSpeed="5.42" meanSpeedRelative="0.40" duration="2"/>
    <step time="9600.00" loaded="5238" inserted="5227" running="72" waiting="11" ended="5155" arrived="5155" collisions="0" teleports="0" halting="33" stopped="0" meanWaitingTime="19.48" meanTravelTime="107.79" meanSpeed="4.89" meanSpeedRelative="0.35" duration="2"/>
    <step time="9900.00" loaded="5383" inserted="5378" running="56" waiting="5" ended="5322" arrived="5322" collisions="0" teleports="0" halting="11" stopped="0" meanWaitingTime="19.29" meanTravelTime="107.88" meanSpeed="4.85" meanSpeedRelative="0.35" duration="2"/>
    <step time="10200.00" loaded="5552" inserted="5545" running="66" waiting="7" ended="5479" arrived="5479" collisions="0" teleports="0" halting="16" stopped="0" meanWaitingTime="19.01" meanTravelTime="108.49" meanSpeed="5.85" meanSpeedRelative="0.42" duration="1"/>
    <step time="10500.00" loaded="5732" inserted="5721" running="63" waiting="11" ended="5658" arrived="5658" collisions="0" teleports="0" halting="15" stopped="0" meanWaitingTime="18.78" meanTravelTime="109.09" meanSpeed="5.20" meanSpeedRelative="0.38" duration="3"/>
    <step time="10800.00" loaded="5902" inserted="5894" running="71" waiting="8" ended="5823" arrived="5823" collisions="0" teleports="0" halting="11" stopped="0" meanWaitingTime="18.81" meanTravelTime="109.31" meanSpeed="5.80" meanSpeedRelative="0.42" duration="3"/>
    <step time="11100.00" loaded="6081" inserted="6063" running="55" waiting="18" ended="6008" arrived="6008" collisions="0" teleports="0" halting="20" stopped="0" meanWaitingTime="18.77" meanTravelTime="109.70" meanSpeed="3.97" meanSpeedRelative="0.29" duration="2"/>
    <step time="11400.00" loaded="6252" inserted="6218" running="60" waiting="34" ended="6158" arrived="6158" collisions="0" teleports="0" halting="17" stopped="0" meanWaitingTime="19.41" meanTravelTime="109.46" meanSpeed="6.55" meanSpeedRelative="0.47" duration="2"/>
    <step time="11700.00" loaded="6394" inserted="6375" running="64" waiting="19" ended="6311" arrived="6311" collisions="0" teleports="0" halting="13" stopped="0" meanWaitingTime="20.46" meanTravelTime="109.44" meanSpeed="5.42" meanSpeedRelative="0.39" duration="2"/>
    <step time="12000.00" loaded="6572" inserted="6565" running="74" waiting="7" ended="6491" arrived="6491" collisions="0" teleports="0" halting="26" stopped="0" meanWaitingTime="20.46" meanTravelTime="109.95" meanSpeed="3.94" meanSpeedRelative="0.28" duration="3"/>
    <step time="12300.00" loaded="6742" inserted="6742" running="76" waiting="0" ended="6666" arrived="6666" collisions="0" teleports="0" halting="32" stopped="0" meanWaitingTime="20.16" meanTravelTime="110.40" meanSpeed="3.37" meanSpeedRelative="0.24" duration="1"/>
    <step time="12600.00" loaded="6909" inserted="6889" running="49" waiting="20" ended="6840" arrived="6840" collisions="0" teleports="0" halting="16" stopped="0" meanWaitingTime="19.96" meanTravelTime="110.67" meanSpeed="5.26" meanSpeedRelative="0.38" duration="3"/>
    <step time="12900.00" loaded="7075" inserted="7058" running="53" waiting="17" ended="7005" arrived="7005" collisions="0" teleports="0" halting="23" stopped="0" meanWaitingTime="20.15" meanTravelTime="110.53" meanSpeed="4.01" meanSpeedRelative="0.29" duration="2"/>
    <step time="13200.00" loaded="7246" inserted="7226" running="86" waiting="20" ended="7140" arrived="7140" collisions="0" teleports="0" halting="26" stopped="0" meanWaitingTime="20.35" meanTravelTime="110.34" meanSpeed="4.80" meanSpeedRelative="0.35" duration="4"/>
    <step time="13500.00" loaded="7420" inserted="7412" running="78" waiting="8" ended="7334" arrived="7334" collisions="0" teleports="0" halting="28" stopped="0" meanWaitingTime="20.27" meanTravelTime="110.68" meanSpeed="4.31" meanSpeedRelative="0.31" duration="2"/>
    <step time="13800.00" loaded="7615" inserted="7599" running="76" waiting="16" ended="7523" arrived="7523" collisions="0" teleports="0" halting="28" stopped="0" meanWaitingTime="20.34" meanTravelTime="110.92" meanSpeed="4.49" meanSpeedRelative="0.32" duration="2"/>
    <step time="14100.00" loaded="7775" inserted="7771" running="76" waiting="4" ended="7695" arrived="7695" collisions="0" teleports="0" halting="23" stopped="0" meanWaitingTime="20.38" meanTravelTime="111.12" meanSpeed="5.53" meanSpeedRelative="0.40" duration="3"/>
    <step time="14400.00" loaded="7912" inserted="7901" running="46" waiting="11" ended="7855" arrived="7855" collisions="0" teleports="0" halting="14" stopped="0" meanWaitingTime="20.54" meanTravelTime="111.31" meanSpeed="6.60" meanSpeedRelative="0.48" duration="2"/>
    <step time="14700.00" loaded="8108" inserted="8092" running="64" waiting="16" ended="8028" arrived="8028" collisions="0" teleports="0" halting="7" stopped="0" meanWaitingTime="20.49" meanTravelTime="110.73" meanSpeed="5.92" meanSpeedRelative="0.43" duration="3"/>
    <step time="15000.00" loaded="8266" inserted="8261" running="87" waiting="5" ended="8174" arrived="8174" collisions="0" teleports="0" halting="15" stopped="0" meanWaitingTime="20.26" meanTravelTime="111.11" meanSpeed="5.81" meanSpeedRelative="0.43" duration="4"/>
    <step time="15300.00" loaded="8425" inserted="8391" running="57" waiting="34" ended="8334" arrived="8334" collisions="0" teleports="0" halting="17" stopped="0" meanWaitingTime="20.43" meanTravelTime="111.38" meanSpeed="5.47" meanSpeedRelative="0.39" duration="3"/>
    <step time="15600.00" loaded="8590" inserted="8580" running="71" waiting="10" ended="8509" arrived="8509" collisions="0" teleports="0" halting="17" stopped="0" meanWaitingTime="21.17" meanTravelTime="111.05" meanSpeed="5.29" meanSpeedRelative="0.38" duration="3"/>
    <step time="15900.00" loaded="8779" inserted="8768" running="95" waiting="11" ended="8673" arrived="8673" collisions="0" teleports="0" halting="33" stopped="0" meanWaitingTime="21.46" meanTravelTime="111.12" meanSpeed="4.43" meanSpeedRelative="0.32" duration="2"/>
    <step time="16200.00" loaded="8968" inserted="8935" running="58" waiting="33" ended="8877" arrived="8877" collisions="0" teleports="0" halting="11" stopped="0" meanWaitingTime="21.63" meanTravelTime="111.69" meanSpeed="6.66" meanSpeedRelative="0.48" duration="3"/>
    <step time="16500.00" loaded="9133" inserted="9118" running="70" waiting="15" ended="9048" arrived="9048" collisions="0" teleports="0" halting="24" stopped="0" meanWaitingTime="22.18" meanTravelTime="111.65" meanSpeed="4.68" meanSpeedRelative="0.34" duration="3"/>
    <step time="16800.00" loaded="9322" inserted="9285" running="62" waiting="37" ended="9223" arrived="9223" collisions="0" teleports="0" halting="10" stopped="0" meanWaitingTime="22.45" meanTravelTime="111.76" meanSpeed="5.69" meanSpeedRelative="0.41" duration="2"/>
    <step time="17100.00" loaded="9494" inserted="9464" running="63" waiting="30" ended="9401" arrived="9401" collisions="0" teleports="0" halting="12" stopped="0" meanWaitingTime="23.13" meanTravelTime="111.70" meanSpeed="6.05" meanSpeedRelative="0.44" duration="3"/>
    <step time="17400.00" loaded="9673" inserted="9648" running="67" waiting="25" ended="9581" arrived="9581" collisions="0" teleports="0" halting="24" stopped="0" meanWaitingTime="23.81" meanTravelTime="111.66" meanSpeed="4.60" meanSpeedRelative="0.33" duration="2"/>
    <step time="17700.00" loaded="9848" inserted="9820" running="72" waiting="28" ended="9748" arrived="9748" collisions="0" teleports="0" halting="21" stopped="0" meanWaitingTime="24.19" meanTravelTime="111.69" meanSpeed="4.83" meanSpeedRelative="0.35" duration="2"/>
    <step time="18000.00" loaded="10011" inserted="9990" running="65" waiting="21" ended="9925" arrived="9925" collisions="0" teleports="0" halting="29" stopped="0" meanWaitingTime="24.68" meanTravelTime="111.88" meanSpeed="4.33" meanSpeedRelative="0.31" duration="3"/>
    <step time="18300.00" loaded="10196" inserted="10163" running="47" waiting="33" ended="10116" arrived="10116" collisions="0" teleports="0" halting="26" stopped="0" meanWaitingTime="24.87" meanTravelTime="111.91" meanSpeed="3.15" meanSpeedRelative="0.23" duration="2"/>
    <step time="18600.00" loaded="10353" inserted="10321" running="57" waiting="32" ended="10264" arrived="10264" collisions="0" teleports="0" halting="19" stopped="0" meanWaitingTime="25.43" meanTravelTime="111.71" meanSpeed="5.23" meanSpeedRelative="0.38" duration="2"/>
    <step time="18900.00" loaded="10537" inserted="10504" running="77" waiting="33" ended="10427" arrived="10427" collisions="0" teleports="0" halting="10" stopped="0" meanWaitingTime="25.81" meanTravelTime="111.66" meanSpeed="6.00" meanSpeedRelative="0.43" duration="2"/>
    <step time="19200.00" loaded="10715" inserted="10688" running="61" waiting="27" ended="10627" arrived="10627" collisions="0" teleports="0" halting="40" stopped="0" meanWaitingTime="26.11" meanTravelTime="111.51" meanSpeed="3.03" meanSpeedRelative="0.22" duration="2"/>
    <step time="19500.00" loaded="10923" inserted="10899" running="98" waiting="24" ended="10801" arrived="10801" collisions="0" teleports="0" halting="24" stopped="0" meanWaitingTime="26.41" meanTravelTime="111.64" meanSpeed="4.28" meanSpeedRelative="0.31" duration="2"/>
    <step time="19800.00" loaded="11099" inserted="11066" running="69" waiting="33" ended="10997" arrived="10997" collisions="0" teleports="0" halting="18" stopped="0" meanWaitingTime="26.72" meanTravelTime="111.86" meanSpeed="5.53" meanSpeedRelative="0.40" duration="2"/>
    <step time="20100.00" loaded="11294" inserted="11269" running="86" waiting="25" ended="11183" arrived="11183" collisions="0" teleports="0" halting="18" stopped="0" meanWaitingTime="27.20" meanTravelTime="111.93" meanSpeed="5.27" meanSpeedRelative="0.38" duration="2"/>
    <step time="20400.00" loaded="11463" inserted="11435" running="77" waiting="28" ended="11358" arrived="11358" collisions="0" teleports="0" halting="15" stopped="0" meanWaitingTime="27.58" meanTravelTime="112.06" meanSpeed="4.96" meanSpeedRelative="0.36" duration="1"/>
    <step time="20700.00" loaded="11635" inserted="11611" running="75" waiting="24" ended="11536" arrived="11536" collisions="0" teleports="0" halting="39" stopped="0" meanWaitingTime="27.88" meanTravelTime="112.20" meanSpeed="3.00" meanSpeedRelative="0.22" duration="2"/>
    <step time="21000.00" loaded="11818" inserted="11809" running="81" waiting="9" ended="11728" arrived="11728" collisions="0" teleports="0" halting="31" stopped="0" meanWaitingTime="28.12" meanTravelTime="112.29" meanSpeed="3.24" meanSpeedRelative="0.23" duration="2"/>
    <step time="21300.00" loaded="11981" inserted="11981" running="77" waiting="0" ended="11904" arrived="11904" collisions="0" teleports="0" halting="20" stopped="0" meanWaitingTime="27.87" meanTravelTime="112.49" meanSpeed="4.45" meanSpeedRelative="0.32" duration="1"/>
    <step time="21600.00" loaded="12202" inserted="12194" running="87" waiting="8" ended="12107" arrived="12107" collisions="0" teleports="0" halting="16" stopped="0" meanWaitingTime="27.59" meanTravelTime="112.68" meanSpeed="6.12" meanSpeedRelative="0.44" duration="2"/>
    <step time="21900.00" loaded="12388" inserted="12380" running="74" waiting="8" ended="12306" arrived="12306" collisions="0" teleports="0" halting="22" stopped="0" meanWaitingTime="27.29" meanTravelTime="112.49" meanSpeed="5.84" meanSpeedRelative="0.42" duration="2"/>
    <step time="22200.00" loaded="12578" inserted="12567" running="83" waiting="11" ended="12484" arrived="12484" collisions="0" teleports="0" halting="22" stopped="0" meanWaitingTime="27.06" meanTravelTime="112.33" meanSpeed="4.51" meanSpeedRelative="0.32" duration="2"/>
    <step time="22500.00" loaded="12756" inserted="12722" running="51" waiting="34" ended="12671" arrived="12671" collisions="0" teleports="0" halting="11" stopped="0" meanWaitingTime="26.98" meanTravelTime="112.87" meanSpeed="6.38" meanSpeedRelative="0.46" duration="1"/>
    <step time="22800.00" loaded="12950" inserted="12948" running="84" waiting="2" ended="12864" arrived="12864" collisions="0" teleports="0" halting="43" stopped="0" meanWaitingTime="26.96" meanTravelTime="112.70" meanSpeed="3.36" meanSpeedRelative="0.24" duration="2"/>
    <step time="23100.00" loaded="13139" inserted="13128" running="91" waiting="11" ended="13037" arrived="13037" collisions="0" teleports="0" halting="40" stopped="0" meanWaitingTime="26.75" meanTravelTime="112.98" meanSpeed="3.98" meanSpeedRelative="0.29" duration="2"/>
    <step time="23400.00" loaded="13327" inserted="13317" running="68" waiting="10" ended="13249" arrived="13249" collisions="0" teleports="0" halting="17" stopped="0" meanWaitingTime="26.67" meanTravelTime="113.14" meanSpeed="4.96" meanSpeedRelative="0.36" duration="2"/>
    <step time="23700.00" loaded="13557" inserted="13536" running="84" waiting="21" ended="13452" arrived="13452" collisions="0" teleports="0" halting="28" stopped="0" meanWaitingTime="26.46" meanTravelTime="113.01" meanSpeed="4.32" meanSpeedRelative="0.31" duration="2"/>
    <step time="24000.00" loaded="13733" inserted="13713" running="60" waiting="20" ended="13653" arrived="13653" collisions="0" teleports="0" halting="15" stopped="0" meanWaitingTime="26.45" meanTravelTime="113.01" meanSpeed="4.31" meanSpeedRelative="0.31" duration="2"/>
    <step time="24300.00" loaded="13942" inserted="13919" running="110" waiting="23" ended="13809" arrived="13809" collisions="0" teleports="0" halting="69" stopped="0" meanWaitingTime="26.57" meanTravelTime="112.87" meanSpeed="2.76" meanSpeedRelative="0.20" duration="3"/>
    <step time="24600.00" loaded="14167" inserted="14128" running="89" waiting="39" ended="14039" arrived="14039" collisions="0" teleports="0" halting="40" stopped="0" meanWaitingTime="26.74" meanTravelTime="113.46" meanSpeed="3.79" meanSpeedRelative="0.27" duration="3"/>
    <step time="24900.00" loaded="14382" inserted="14347" running="90" waiting="35" ended="14257" arrived="14257" collisions="0" teleports="0" halting="47" stopped="0" meanWaitingTime="27.24" meanTravelTime="113.48" meanSpeed="4.14" meanSpeedRelative="0.30" duration="3"/>
    <step time="25200.00" loaded="14576" inserted="14533" running="77" waiting="43" ended="14456" arrived="14456" collisions="0" teleports="0" halting="29" stopped="0" meanWaitingTime="27.42" meanTravelTime="113.64" meanSpeed="4.62" meanSpeedRelative="0.33" duration="3"/>
    <step time="25500.00" loaded="14748" inserted="14725" running="72" waiting="23" ended="14653" arrived="14653" collisions="0" teleports="0" halting="29" stopped="0" meanWaitingTime="27.79" meanTravelTime="113.82" meanSpeed="4.30" meanSpeedRelative="0.31" duration="4"/>
    <step time="25800.00" loaded="14980" inserted="14949" running="94" waiting="31" ended="14855" arrived="14855" collisions="0" teleports="0" halting="20" stopped="0" meanWaitingTime="27.82" meanTravelTime="113.83" meanSpeed="4.75" meanSpeedRelative="0.34" duration="4"/>
    <step time="26100.00" loaded="15190" inserted="15155" running="66" waiting="35" ended="15089" arrived="15089" collisions="0" teleports="0" halting="23" stopped="0" meanWaitingTime="28.10" meanTravelTime="113.98" meanSpeed="4.58" meanSpeedRelative="0.33" duration="2"/>
    <step time="26400.00" loaded="15384" inserted="15343" running="75" waiting="41" ended="15268" arrived="15268" collisions="0" teleports="0" halting="33" stopped="0" meanWaitingTime="28.38" meanTravelTime="113.95" meanSpeed="3.90" meanSpeedRelative="0.28" duration="2"/>
    <step time="26700.00" loaded="15599" inserted="15562" running="95" waiting="37" ended="15467" arrived="15467" collisions="0" teleports="0" halting="29" stopped="0" meanWaitingTime="28.84" meanTravelTime="113.86" meanSpeed="4.91" meanSpeedRelative="0.35" duration="2"/>
    <step time="27000.00" loaded="15815" inserted="15786" running="102" waiting="29" ended="15684" arrived="15684" collisions="0" teleports="0" halting="25" stopped="0" meanWaitingTime="29.25" meanTravelTime="113.97" meanSpeed="4.76" meanSpeedRelative="0.34" duration="3"/>
    <step time="27300.00" loaded="16038" inserted="15998" running="95" waiting="40" ended="15903" arrived="15903" collisions="0" teleports="0" halting="36" stopped="0" meanWaitingTime="29.47" meanTravelTime="113.81" meanSpeed="3.79" meanSpeedRelative="0.27" duration="4"/>
    <step time="27600.00" loaded="16234" inserted="16192" running="77" waiting="42" ended="16115" arrived="16115" collisions="0" teleports="0" halting="51" stopped="0" meanWaitingTime="29.75" meanTravelTime="113.99" meanSpeed="2.13" meanSpeedRelative="0.15" duration="3"/>
    <step time="27900.00" loaded="16441" inserted="16407" running="71" waiting="34" ended="16336" arrived="16336" collisions="0" teleports="0" halting="19" stopped="0" meanWaitingTime="30.09" meanTravelTime="113.94" meanSpeed="5.53" meanSpeedRelative="0.40" duration="3"/>
    <step time="28200.00" loaded="16669" inserted="16645" running="64" waiting="24" ended="16581" arrived="16581" collisions="0" teleports="0" halting="18" stopped="0" meanWaitingTime="30.38" meanTravelTime="113.80" meanSpeed="5.63" meanSpeedRelative="0.41" duration="2"/>
    <step time="28500.00" loaded="16870" inserted="16840" running="77" waiting="30" ended="16763" arrived="16763" collisions="0" teleports="0" halting="18" stopped="0" meanWaitingTime="30.50" meanTravelTime="113.61" meanSpeed="6.61" meanSpeedRelative="0.48" duration="3"/>
    <step time="28800.00" loaded="17084" inserted="17052" running="99" waiting="32" ended="16953" arrived="16953" collisions="0" teleports="0" halting="44" stopped="0" meanWaitingTime="30.55" meanTravelTime="113.56" meanSpeed="3.15" meanSpeedRelative="0.23" duration="5"/>
    <step time="29100.00" loaded="17308" inserted="17270" running="113" waiting="38" ended="17157" arrived="17157" collisions="0" teleports="0" halting="51" stopped="0" meanWaitingTime="30.60" meanTravelTime="114.19" meanSpeed="2.81" meanSpeedRelative="0.20" duration="3"/>
    <step time="29400.00" loaded="17510" inserted="17462" running="84" waiting="48" ended="17378" arrived="17378" collisions="0" teleports="0" halting="30" stopped="0" meanWaitingTime="30.87" meanTravelTime="114.66" meanSpeed="4.13" meanSpeedRelative="0.30" duration="2"/>
    <step time="29700.00" loaded="17691" inserted="17658" running="63" waiting="33" ended="17595" arrived="17595" collisions="0" teleports="0" halting="15" stopped="0" meanWaitingTime="31.09" meanTravelTime="114.85" meanSpeed="4.59" meanSpeedRelative="0.33" duration="3"/>
    <step time="30000.00" loaded="17868" inserted="17836" running="44" waiting="32" ended="17792" arrived="17792" collisions="0" teleports="0" halting="15" stopped="0" meanWaitingTime="31.28" meanTravelTime="114.73" meanSpeed="5.04" meanSpeedRelative="0.36" duration="1"/>
    <step time="30300.00" loaded="18067" inserted="18028" running="69" waiting="39" ended="17959" arrived="17959" collisions="0" teleports="0" halting="22" stopped="0" meanWaitingTime="31.62" meanTravelTime="114.52" meanSpeed="4.64" meanSpeedRelative="0.33" duration="3"/>
    <step time="30600.00" loaded="18282" inserted="18239" running="93" waiting="43" ended="18146" arrived="18146" collisions="0" teleports="0" halting="33" stopped="0" meanWaitingTime="31.93" meanTravelTime="114.48" meanSpeed="5.07" meanSpeedRelative="0.36" duration="3"/>
    <step time="30900.00" loaded="18505" inserted="18465" running="107" waiting="40" ended="18358" arrived="18358" collisions="0" teleports="0" halting="55" stopped="0" meanWaitingTime="32.21" meanTravelTime="114.46" meanSpeed="3.15" meanSpeedRelative="0.23" duration="4"/>
    <step time="31200.00" loaded="18679" inserted="18632" running="66" waiting="47" ended="18566" arrived="18566" collisions="0" teleports="0" halting="14" stopped="0" meanWaitingTime="32.34" meanTravelTime="114.81" meanSpeed="3.87" meanSpeedRelative="0.28" duration="1"/>
    <step time="31500.00" loaded="18855" inserted="18811" running="79" waiting="44" ended="18732" arrived="18732" collisions="0" teleports="0" halting="29" stopped="0" meanWaitingTime="32.68" meanTravelTime="115.19" meanSpeed="3.80" meanSpeedRelative="0.27" duration="2"/>
    <step time="31800.00" loaded="19011" inserted="18977" running="69" waiting="34" ended="18908" arrived="18908" collisions="0" teleports="0" halting="20" stopped="0" meanWaitingTime="33.08" meanTravelTime="115.41" meanSpeed="5.50" meanSpeedRelative="0.40" duration="3"/>
    <step time="32100.00" loaded="19193" inserted="19153" running="70" waiting="40" ended="19083" arrived="19083" collisions="0" teleports="0" halting="26" stopped="0" meanWaitingTime="33.45" meanTravelTime="115.29" meanSpeed="5.41" meanSpeedRelative="0.39" duration="3"/>
    <step time="32400.00" loaded="19359" inserted="19315" running="57" waiting="44" ended="19258" arrived="19258" collisions="0" teleports="0" halting="16" stopped="0" meanWaitingTime="33.70" meanTravelTime="115.18" meanSpeed="4.96" meanSpeedRelative="0.36" duration="2"/>
    <step time="32700.00" loaded="19536" inserted="19495" running="62" waiting="41" ended="19433" arrived="19433" collisions="0" teleports="0" halting="10" stopped="0" meanWaitingTime="33.92" meanTravelTime="115.18" meanSpeed="5.05" meanSpeedRelative="0.36" duration="3"/>
    <step time="33000.00" loaded="19705" inserted="19673" running="62" waiting="32" ended="19611" arrived="19611" collisions="0" teleports="0" halting="8" stopped="0" meanWaitingTime="34.22" meanTravelTime="115.30" meanSpeed="5.48" meanSpeedRelative="0.39" duration="2"/>
    <step time="33300.00" loaded="19838" inserted="19824" running="81" waiting="14" ended="19743" arrived="19743" collisions="0" teleports="0" halting="18" stopped="0" meanWaitingTime="34.41" meanTravelTime="115.40" meanSpeed="5.95" meanSpeedRelative="0.43" duration="2"/>
    <step time="33600.00" loaded="20030" inserted="20010" running="68" waiting="20" ended="19942" arrived="19942" collisions="0" teleports="0" halting="30" stopped="0" meanWaitingTime="34.38" meanTravelTime="115.35" meanSpeed="5.35" meanSpeedRelative="0.39" duration="4"/>
    <step time="33900.00" loaded="20185" inserted="20163" running="64" waiting="22" ended="20099" arrived="20099" collisions="0" teleports="0" halting="25" stopped="0" meanWaitingTime="34.37" meanTravelTime="115.24" meanSpeed="4.83" meanSpeedRelative="0.35" duration="4"/>
    <step time="34200.00" loaded="20345" inserted="20324" running="59" waiting="21" ended="20265" arrived="20265" collisions="0" teleports="0" halting="21" stopped="0" meanWaitingTime="34.36" meanTravelTime="115.26" meanSpeed="4.55" meanSpeedRelative="0.33" duration="2"/>
    <step time="34500.00" loaded="20510" inserted="20485" running="88" waiting="25" ended="20397" arrived="20397" collisions="0" teleports="0" halting="40" stopped="0" meanWaitingTime="34.46" meanTravelTime="115.23" meanSpeed="3.79" meanSpeedRelative="0.27" duration="4"/>
    <step time="34800.00" loaded="20664" inserted="20634" running="58" waiting="30" ended="20576" arrived="20576" collisions="0" teleports="0" halting="17" stopped="0" meanWaitingTime="34.65" meanTravelTime="115.44" meanSpeed="4.84" meanSpeedRelative="0.35" duration="3"/>
    <step time="35100.00" loaded="20801" inserted="20787" running="56" waiting="14" ended="20731" arrived="20731" collisions="0" teleports="0" halting="11" stopped="0" meanWaitingTime="34.80" meanTravelTime="115.45" meanSpeed="6.57" meanSpeedRelative="0.47" duration="2"/>
    <step time="35400.00" loaded="20939" inserted="20932" running="49" waiting="7" ended="20883" arrived="20883" collisions="0" teleports="0" halting="5" stopped="0" meanWaitingTime="34.64" meanTravelTime="115.34" meanSpeed="7.10" meanSpeedRelative="0.51" duration="3"/>
    <step time="35700.00" loaded="21081" inserted="21074" running="43" waiting="7" ended="21031" arrived="21031" collisions="0" teleports="0" halting="16" stopped="0" meanWaitingTime="34.53" meanTravelTime="115.32" meanSpeed="5.13" meanSpeedRelative="0.37" duration="1"/>
    <step time="36000.00" loaded="21236" inserted="21230" running="61" waiting="6" ended="21169" arrived="21169" collisions="0" teleports="0" halting="27" stopped="0" meanWaitingTime="34.42" meanTravelTime="115.18" meanSpeed="3.22" meanSpeedRelative="0.23" duration="3"/>
    <step time="36300.00" loaded="21411" inserted="21394" running="75" waiting="17" ended="21319" arrived="21319" collisions="0" teleports="0" halting="56" stopped="0" meanWaitingTime="34.31" meanTravelTime="115.25" meanSpeed="1.69" meanSpeedRelative="0.12" duration="3"/>
    <step time="36600.00" loaded="21560" inserted="21550" running="73" waiting="10" ended="21477" arrived="21477" collisions="0" teleports="0" halting="4" stopped="0" meanWaitingTime="34.25" meanTravelTime="115.43" meanSpeed="5.32" meanSpeedRelative="0.38" duration="3"/>
    <step time="36900.00" loaded="21698" inserted="21678" running="45" waiting="20" ended="21633" arrived="21633" collisions="0" teleports="0" halting="17" stopped="0" meanWaitingTime="34.14" meanTravelTime="115.69" meanSpeed="5.21" meanSpeedRelative="0.37" duration="3"/>
    <step time="37200.00" loaded="21820" inserted="21798" running="50" waiting="22" ended="21748" arrived="21748" collisions="0" teleports="0" halting="31" stopped="0" meanWaitingTime="34.16" meanTravelTime="115.56" meanSpeed="2.56" meanSpeedRelative="0.18" duration="3"/>
    <step time="37500.00" loaded="21960" inserted="21923" running="49" waiting="37" ended="21874" arrived="21874" collisions="0" teleports="0" halting="13" stopped="0" meanWaitingTime="34.32" meanTravelTime="115.72" meanSpeed="6.44" meanSpeedRelative="0.46" duration="2"/>
    <step time="37800.00" loaded="22113" inserted="22072" running="63" waiting="41" ended="22009" arrived="22009" collisions="0" teleports="0" halting="27" stopped="0" meanWaitingTime="34.60" meanTravelTime="115.66" meanSpeed="4.68" meanSpeedRelative="0.34" duration="2"/>
    <step time="38100.00" loaded="22258" inserted="22212" running="54" waiting="46" ended="22158" arrived="22158" collisions="0" teleports="0" halting="19" stopped="0" meanWaitingTime="34.85" meanTravelTime="115.66" meanSpeed="3.81" meanSpeedRelative="0.27" duration="2"/>
    <step time="38400.00" loaded="22382" inserted="22353" running="49" waiting="29" ended="22304" arrived="22304" collisions="0" teleports="0" halting="17" stopped="0" meanWaitingTime="35.18" meanTravelTime="115.64" meanSpeed="4.73" meanSpeedRelative="0.34" duration="2"/>
    <step time="38700.00" loaded="22483" inserted="22462" running="40" waiting="21" ended="22422" arrived="22422" collisions="0" teleports="0" halting="23" stopped="0" meanWaitingTime="35.31" meanTravelTime="115.60" meanSpeed="3.36" meanSpeedRelative="0.24" duration="2"/>
    <step time="39000.00" loaded="22588" inserted="22538" running="31" waiting="50" ended="22507" arrived="22507" collisions="0" teleports="0" halting="6" stopped="0" meanWaitingTime="35.51" meanTravelTime="115.59" meanSpeed="5.72" meanSpeedRelative="0.41" duration="2"/>
    <step time="39300.00" loaded="22714" inserted="22651" running="35" waiting="63" ended="22616" arrived="22616" collisions="0" teleports="0" halting="8" stopped="0" meanWaitingTime="35.98" meanTravelTime="115.60" meanSpeed="7.79" meanSpeedRelative="0.56" duration="2"/>
    <step time="39600.00" loaded="22825" inserted="22767" running="36" waiting="58" ended="22731" arrived="22731" collisions="0" teleports="0" halting="13" stopped="0" meanWaitingTime="36.51" meanTravelTime="115.52" meanSpeed="5.99" meanSpeedRelative="0.43" duration="3"/>
    <step time="39900.00" loaded="22945" inserted="22870" running="47" waiting="75" ended="22823" arrived="22823" collisions="0" teleports="0" halting="30" stopped="0" meanWaitingTime="36.99" meanTravelTime="115.46" meanSpeed="3.55" meanSpeedRelative="0.26" duration="3"/>
    <step time="40200.00" loaded="23035" inserted="22978" running="43" waiting="57" ended="22935" arrived="22935" collisions="0" teleports="0" halting="17" stopped="0" meanWaitingTime="37.93" meanTravelTime="115.53" meanSpeed="4.61" meanSpeedRelative="0.33" duration="2"/>
    <step time="40500.00" loaded="23134" inserted="23081" running="35" waiting="53" ended="23046" arrived="23046" collisions="0" teleports="0" halting="10" stopped="0" meanWaitingTime="38.47" meanTravelTime="115.58" meanSpeed="6.11" meanSpeedRelative="0.44" duration="2"/>
    <step time="40800.00" loaded="23244" inserted="23193" running="38" waiting="51" ended="23155" arrived="23155" collisions="0" teleports="0" halting="14" stopped="0" meanWaitingTime="39.20" meanTravelTime="115.50" meanSpeed="4.14" meanSpeedRelative="0.30" duration="1"/>
    <step time="41100.00" loaded="23329" inserted="23304" running="67" waiting="25" ended="23237" arrived="23237" collisions="0" teleports="0" halting="23" stopped="0" meanWaitingTime="39.70" meanTravelTime="115.59" meanSpeed="3.99" meanSpeedRelative="0.29" duration="2"/>
    <step time="41400.00" loaded="23393" inserted="23383" running="44" waiting="10" ended="23339" arrived="23339" collisions="0" teleports="0" halting="37" stopped="0" meanWaitingTime="39.80" meanTravelTime="115.89" meanSpeed="1.61" meanSpeedRelative="0.12" duration="2"/>
    <step time="41700.00" loaded="23491" inserted="23465" running="67" waiting="26" ended="23398" arrived="23398" collisions="0" teleports="0" halting="41" stopped="0" meanWaitingTime="39.93" meanTravelTime="116.07" meanSpeed="2.91" meanSpeedRelative="0.21" duration="3"/>
    <step time="42000.00" loaded="23571" inserted="23542" running="41" waiting="29" ended="23501" arrived="23501" collisions="0" teleports="0" halting="10" stopped="0" meanWaitingTime="40.14" meanTravelTime="116.57" meanSpeed="4.39" meanSpeedRelative="0.32" duration="1"/>
    <step time="42300.00" loaded="23676" inserted="23651" running="45" waiting="25" ended="23606" arrived="23606" collisions="0" teleports="0" halting="10" stopped="0" meanWaitingTime="40.38" meanTravelTime="116.66" meanSpeed="6.73" meanSpeedRelative="0.48" duration="2"/>
    <step time="42600.00" loaded="23789" inserted="23752" running="41" waiting="37" ended="23711" arrived="23711" collisions="0" teleports="0" halting="6" stopped="0" meanWaitingTime="40.59" meanTravelTime="116.62" meanSpeed="6.91" meanSpeedRelative="0.50" duration="2"/>
    <step time="42900.00" loaded="23891" inserted="23865" running="47" waiting="26" ended="23818" arrived="23818" collisions="0" teleports="0" halting="18" stopped="0" meanWaitingTime="40.87" meanTravelTime="116.69" meanSpeed="4.13" meanSpeedRelative="0.30" duration="2"/>
    <step time="43200.00" loaded="23992" inserted="23956" running="24" waiting="36" ended="23932" arrived="23932" collisions="0" teleports="0" halting="7" stopped="0" meanWaitingTime="41.02" meanTravelTime="116.79" meanSpeed="6.11" meanSpeedRelative="0.44" duration="2"/>
    <step time="43500.00" loaded="24070" inserted="24059" running="53" waiting="11" ended="24006" arrived="24006" collisions="0" teleports="0" halting="9" stopped="0" meanWaitingTime="41.15" meanTravelTime="116.75" meanSpeed="5.69" meanSpeedRelative="0.42" duration="2"/>
    <step time="43800.00" loaded="24172" inserted="24155" running="41" waiting="17" ended="24114" arrived="24114" collisions="0" teleports="0" halting="19" stopped="0" meanWaitingTime="41.20" meanTravelTime="116.79" meanSpeed="4.89" meanSpeedRelative="0.35" duration="2"/>
    <step time="44100.00" loaded="24277" inserted="24248" running="43" waiting="29" ended="24205" arrived="24205" collisions="0" teleports="0" halting="25" stopped="0" meanWaitingTime="41.23" meanTravelTime="116.79" meanSpeed="3.32" meanSpeedRelative="0.24" duration="2"/>
    <step time="44400.00" loaded="24386" inserted="24348" running="69" waiting="38" ended="24279" arrived="24279" collisions="0" teleports="0" halting="55" stopped="0" meanWaitingTime="41.49" meanTravelTime="116.77" meanSpeed="1.04" meanSpeedRelative="0.08" duration="2"/>
    <step time="44700.00" loaded="24490" inserted="24447" running="52" waiting="43" ended="24395" arrived="24395" collisions="0" teleports="0" halting="13" stopped="0" meanWaitingTime="41.85" meanTravelTime="117.25" meanSpeed="5.16" meanSpeedRelative="0.37" duration="1"/>
    <step time="45000.00" loaded="24595" inserted="24547" running="42" waiting="48" ended="24505" arrived="24505" collisions="0" teleports="0" halting="5" stopped="0" meanWaitingTime="42.19" meanTravelTime="117.37" meanSpeed="5.40" meanSpeedRelative="0.39" duration="2"/>
    <step time="45300.00" loaded="24683" inserted="24639" running="55" waiting="44" ended="24584" arrived="24584" collisions="0" teleports="0" halting="14" stopped="0" meanWaitingTime="42.47" meanTravelTime="117.49" meanSpeed="4.15" meanSpeedRelative="0.30" duration="2"/>
    <step time="45600.00" loaded="24765" inserted="24704" running="31" waiting="61" ended="24673" arrived="24673" collisions="0" teleports="0" halting="19" stopped="0" meanWaitingTime="42.69" meanTravelTime="117.77" meanSpeed="3.55" meanSpeedRelative="0.26" duration="2"/>
    <step time="45900.00" loaded="24851" inserted="24784" running="46" waiting="67" ended="24738" arrived="24738" collisions="0" teleports="0" halting="33" stopped="0" meanWaitingTime="43.39" meanTravelTime="117.79" meanSpeed="2.67" meanSpeedRelative="0.19" duration="2"/>
    <step time="46200.00" loaded="24931" inserted="24867" running="73" waiting="64" ended="24794" arrived="24794" collisions="0" teleports="0" halting="66" stopped="0" meanWaitingTime="43.99" meanTravelTime="117.67" meanSpeed="0.56" meanSpeedRelative="0.04" duration="2"/>
    <step time="46500.00" loaded="24979" inserted="24958" running="87" waiting="21" ended="24871" arrived="24871" collisions="0" teleports="0" halting="72" stopped="0" meanWaitingTime="44.64" meanTravelTime="117.49" meanSpeed="1.05" meanSpeedRelative="0.08" duration="2"/>
    <step time="46800.00" loaded="24999" inserted="24993" running="97" waiting="6" ended="24896" arrived="24896" collisions="0" teleports="0" halting="96" stopped="0" meanWaitingTime="44.77" meanTravelTime="117.42" meanSpeed="0.08" meanSpeedRelative="0.01" duration="2"/>
    <step time="47100.00" loaded="25017" inserted="25011" running="93" waiting="6" ended="24918" arrived="24918" collisions="0" teleports="0" halting="90" stopped="0" meanWaitingTime="44.74" meanTravelTime="117.35" meanSpeed="0.20" meanSpeedRelative="0.01" duration="2"/>
    <step time="47400.00" loaded="25033" inserted="25027" running="92" waiting="6" ended="24935" arrived="24935" collisions="0" teleports="0" halting="92" stopped="0" meanWaitingTime="44.71" meanTravelTime="117.30" meanSpeed="0.00" meanSpeedRelative="0.00" duration="2"/>
    <step time="47700.00" loaded="25047" inserted="25041" running="93" waiting="6" ended="24948" arrived="24948" collisions="0" teleports="0" halting="93" stopped="0" meanWaitingTime="44.68" meanTravelTime="117.26" meanSpeed="0.00" meanSpeedRelative="0.00" duration="2"/>
    <step time="48000.00" loaded="25060" inserted="25054" running="91" waiting="6" ended="24963" arrived="24963" collisions="0" teleports="0" halting="90" stopped="0" meanWaitingTime="44.66" meanTravelTime="117.22" meanSpeed="0.07" meanSpeedRelative="0.00" duration="2"/>
    <step time="48300.00" loaded="25074" inserted="25068" running="91" waiting="6" ended="24977" arrived="24977" collisions="0" teleports="0" halting="90" stopped="0" meanWaitingTime="44.63" meanTravelTime="117.18" meanSpeed="0.03" meanSpeedRelative="0.00" duration="3"/>
    <step time="48600.00" loaded="25090" inserted="25084" running="92" waiting="6" ended="24992" arrived="24992" collisions="0" teleports="0" halting="90" stopped="0" meanWaitingTime="44.61" meanTravelTime="117.12" meanSpeed="0.16" meanSpeedRelative="0.01" duration="3"/>
    <step time="48900.00" loaded="25105" inserted="25099" running="96" waiting="6" ended="25003" arrived="25003" collisions="0" teleports="0" halting="95" stopped="0" meanWaitingTime="44.58" meanTravelTime="117.08" meanSpeed="0.03" meanSpeedRelative="0.00" duration="2"/>
    <step time="49200.00" loaded="25114" inserted="25108" running="90" waiting="6" ended="25018" arrived="25018" collisions="0" teleports="0" halting="90" stopped="0" meanWaitingTime="44.56" meanTravelTime="117.05" meanSpeed="0.00" meanSpeedRelative="0.00" duration="2"/>
</summary>
