<?xml version="1.0" encoding="UTF-8"?>

<!-- generated on 2025-02-28 16:30:30 by Eclipse SUMO GUI Version 1.19.0
<configuration xmlns:xsi="http://www.w3.org/2001/XMLSchema-instance" xsi:noNamespaceSchemaLocation="http://sumo.dlr.de/xsd/sumoConfiguration.xsd">

    <input>
        <net-file value="Network.net.xml"/>
        <route-files value="CarRoutes.rou.xml"/>
        <additional-files value="Sensors.add.xml"/>
    </input>

    <output>
        <emission-output value="logs/Emissions.xml"/>
        <summary-output value="logs/Log_summary.xml"/>
        <summary-output.period value="300"/>
        <tripinfo-output value="logs/TripInfos.xml"/>
    </output>

    <time>
        <begin value="0"/>
        <end value="86400"/>
        <step-length value="0.25"/>
    </time>

    <processing>
        <ignore-junction-blocker value="0.1"/>
        <time-to-teleport value="-1"/>
    </processing>

    <report>
        <verbose value="true"/>
        <no-step-log value="true"/>
    </report>

    <emissions>
        <device.emissions.period value="10"/>
    </emissions>

    <traci_server>
        <remote-port value="57301"/>
    </traci_server>

    <gui_only>
        <quit-on-end value="true"/>
        <start value="true"/>
    </gui_only>

</configuration>
-->

<instantE1 xmlns:xsi="http://www.w3.org/2001/XMLSchema-instance" xsi:noNamespaceSchemaLocation="http://sumo.dlr.de/xsd/instant_e1_file.xsd">
    <instantOut id="235_D025" time="401.46" state="enter" vehID="Car_227" speed="9.21" length="5.00" type="DEFAULT_CAR"/>
    <instantOut id="235_D025" time="401.50" state="stay" vehID="Car_227" speed="9.21" length="5.00" type="DEFAULT_CAR"/>
    <instantOut id="235_D025" time="401.75" state="stay" vehID="Car_227" speed="8.83" length="5.00" type="DEFAULT_CAR"/>
    <instantOut id="235_D025" time="402.00" state="stay" vehID="Car_227" speed="8.08" length="5.00" type="DEFAULT_CAR"/>
    <instantOut id="235_D025" time="402.05" state="leave" vehID="Car_227" speed="7.33" length="5.00" type="DEFAULT_CAR" occupancy="0.59"/>
    <instantOut id="235_D025" time="953.20" state="enter" vehID="Car_953" speed="9.84" length="5.00" type="DEFAULT_CAR" gap="551.15"/>
    <instantOut id="235_D025" time="953.25" state="stay" vehID="Car_953" speed="9.84" length="5.00" type="DEFAULT_CAR"/>
    <instantOut id="235_D025" time="953.50" state="stay" vehID="Car_953" speed="10.60" length="5.00" type="DEFAULT_CAR"/>
    <instantOut id="235_D025" time="953.67" state="leave" vehID="Car_953" speed="10.57" length="5.00" type="DEFAULT_CAR" occupancy="0.48"/>
    <instantOut id="235_D025" time="1971.95" state="enter" vehID="Car_1050" speed="9.43" length="5.00" type="DEFAULT_CAR" gap="1018.27"/>
    <instantOut id="235_D025" time="1972.00" state="stay" vehID="Car_1050" speed="9.43" length="5.00" type="DEFAULT_CAR"/>
    <instantOut id="235_D025" time="1972.25" state="stay" vehID="Car_1050" speed="9.92" length="5.00" type="DEFAULT_CAR"/>
    <instantOut id="235_D025" time="1972.44" state="leave" vehID="Car_1050" speed="10.65" length="5.00" type="DEFAULT_CAR" occupancy="0.49"/>
    <instantOut id="235_D025" time="2214.98" state="enter" vehID="Car_1195" speed="9.53" length="5.00" type="DEFAULT_CAR" gap="242.54"/>
    <instantOut id="235_D025" time="2215.00" state="stay" vehID="Car_1195" speed="9.53" length="5.00" type="DEFAULT_CAR"/>
    <instantOut id="235_D025" time="2215.25" state="stay" vehID="Car_1195" speed="9.45" length="5.00" type="DEFAULT_CAR"/>
    <instantOut id="235_D025" time="2215.50" state="stay" vehID="Car_1195" speed="8.70" length="5.00" type="DEFAULT_CAR"/>
    <instantOut id="235_D025" time="2215.54" state="leave" vehID="Car_1195" speed="7.95" length="5.00" type="DEFAULT_CAR" occupancy="0.55"/>
    <instantOut id="235_D025" time="2742.99" state="enter" vehID="Car_1805" speed="9.97" length="5.00" type="DEFAULT_CAR" gap="527.45"/>
    <instantOut id="235_D025" time="2743.00" state="stay" vehID="Car_1805" speed="9.97" length="5.00" type="DEFAULT_CAR"/>
    <instantOut id="235_D025" time="2743.25" state="stay" vehID="Car_1805" speed="9.69" length="5.00" type="DEFAULT_CAR"/>
    <instantOut id="235_D025" time="2743.50" state="stay" vehID="Car_1805" speed="8.94" length="5.00" type="DEFAULT_CAR"/>
    <instantOut id="235_D025" time="2743.53" state="leave" vehID="Car_1805" speed="8.29" length="5.00" type="DEFAULT_CAR" occupancy="0.54"/>
    <instantOut id="235_D025" time="5085.27" state="enter" vehID="Car_2882" speed="7.97" length="5.00" type="DEFAULT_CAR" gap="2341.75"/>
    <instantOut id="235_D025" time="5085.50" state="stay" vehID="Car_2882" speed="7.97" length="5.00" type="DEFAULT_CAR"/>
    <instantOut id="235_D025" time="5085.75" state="stay" vehID="Car_2882" speed="7.22" length="5.00" type="DEFAULT_CAR"/>
    <instantOut id="235_D025" time="5085.97" state="leave" vehID="Car_2882" speed="6.47" length="5.00" type="DEFAULT_CAR" occupancy="0.69"/>
    <instantOut id="235_D025" time="6605.21" state="enter" vehID="Car_3806" speed="9.87" length="5.00" type="DEFAULT_CAR" gap="1519.24"/>
    <instantOut id="235_D025" time="6605.25" state="stay" vehID="Car_3806" speed="9.87" length="5.00" type="DEFAULT_CAR"/>
    <instantOut id="235_D025" time="6605.50" state="stay" vehID="Car_3806" speed="9.12" length="5.00" type="DEFAULT_CAR"/>
    <instantOut id="235_D025" time="6605.75" state="stay" vehID="Car_3806" speed="8.37" length="5.00" type="DEFAULT_CAR"/>
    <instantOut id="235_D025" time="6605.78" state="leave" vehID="Car_3806" speed="7.62" length="5.00" type="DEFAULT_CAR" occupancy="0.57"/>
    <instantOut id="235_D025" time="8488.29" state="enter" vehID="Car_4560" speed="7.40" length="5.00" type="DEFAULT_CAR" gap="1882.51"/>
    <instantOut id="235_D025" time="8488.50" state="stay" vehID="Car_4560" speed="7.40" length="5.00" type="DEFAULT_CAR"/>
    <instantOut id="235_D025" time="8488.75" state="stay" vehID="Car_4560" speed="6.65" length="5.00" type="DEFAULT_CAR"/>
    <instantOut id="235_D025" time="8489.00" state="stay" vehID="Car_4560" speed="5.90" length="5.00" type="DEFAULT_CAR"/>
    <instantOut id="235_D025" time="8489.06" state="leave" vehID="Car_4560" speed="5.15" length="5.00" type="DEFAULT_CAR" occupancy="0.77"/>
    <instantOut id="235_D025" time="8648.97" state="enter" vehID="Car_4632" speed="10.12" length="5.00" type="DEFAULT_CAR" gap="159.91"/>
    <instantOut id="235_D025" time="8649.00" state="stay" vehID="Car_4632" speed="10.12" length="5.00" type="DEFAULT_CAR"/>
    <instantOut id="235_D025" time="8649.25" state="stay" vehID="Car_4632" speed="9.55" length="5.00" type="DEFAULT_CAR"/>
    <instantOut id="235_D025" time="8649.50" state="stay" vehID="Car_4632" speed="8.80" length="5.00" type="DEFAULT_CAR"/>
    <instantOut id="235_D025" time="8649.51" state="leave" vehID="Car_4632" speed="8.36" length="5.00" type="DEFAULT_CAR" occupancy="0.54"/>
    <instantOut id="235_D025" time="8946.73" state="enter" vehID="Car_4974" speed="9.30" length="5.00" type="DEFAULT_CAR" gap="297.21"/>
    <instantOut id="235_D025" time="8946.75" state="stay" vehID="Car_4974" speed="9.30" length="5.00" type="DEFAULT_CAR"/>
    <instantOut id="235_D025" time="8947.00" state="stay" vehID="Car_4974" speed="8.55" length="5.00" type="DEFAULT_CAR"/>
    <instantOut id="235_D025" time="8947.25" state="stay" vehID="Car_4974" speed="7.84" length="5.00" type="DEFAULT_CAR"/>
    <instantOut id="235_D025" time="8947.35" state="leave" vehID="Car_4974" speed="7.09" length="5.00" type="DEFAULT_CAR" occupancy="0.62"/>
    <instantOut id="235_D025" time="9320.04" state="enter" vehID="Car_4897" speed="7.49" length="5.00" type="DEFAULT_CAR" gap="372.69"/>
    <instantOut id="235_D025" time="9320.25" state="stay" vehID="Car_4897" speed="7.49" length="5.00" type="DEFAULT_CAR"/>
    <instantOut id="235_D025" time="9320.50" state="stay" vehID="Car_4897" speed="6.74" length="5.00" type="DEFAULT_CAR"/>
    <instantOut id="235_D025" time="9320.75" state="stay" vehID="Car_4897" speed="5.99" length="5.00" type="DEFAULT_CAR"/>
    <instantOut id="235_D025" time="9320.80" state="leave" vehID="Car_4897" speed="5.25" length="5.00" type="DEFAULT_CAR" occupancy="0.76"/>
    <instantOut id="235_D025" time="10669.50" state="enter" vehID="Car_5779" speed="9.17" length="5.00" type="DEFAULT_CAR" gap="1348.70"/>
    <instantOut id="235_D025" time="10669.50" state="stay" vehID="Car_5779" speed="9.17" length="5.00" type="DEFAULT_CAR"/>
    <instantOut id="235_D025" time="10669.75" state="stay" vehID="Car_5779" speed="8.42" length="5.00" type="DEFAULT_CAR"/>
    <instantOut id="235_D025" time="10670.00" state="stay" vehID="Car_5779" speed="7.68" length="5.00" type="DEFAULT_CAR"/>
    <instantOut id="235_D025" time="10670.14" state="leave" vehID="Car_5779" speed="6.93" length="5.00" type="DEFAULT_CAR" occupancy="0.64"/>
    <instantOut id="235_D025" time="11218.93" state="enter" vehID="Car_5915" speed="10.86" length="5.00" type="DEFAULT_CAR" gap="548.79"/>
    <instantOut id="235_D025" time="11219.00" state="stay" vehID="Car_5915" speed="10.86" length="5.00" type="DEFAULT_CAR"/>
    <instantOut id="235_D025" time="11219.25" state="stay" vehID="Car_5915" speed="10.11" length="5.00" type="DEFAULT_CAR"/>
    <instantOut id="235_D025" time="11219.43" state="leave" vehID="Car_5915" speed="9.36" length="5.00" type="DEFAULT_CAR" occupancy="0.50"/>
    <instantOut id="235_D025" time="12450.41" state="enter" vehID="Car_6607" speed="9.48" length="5.00" type="DEFAULT_CAR" gap="1230.98"/>
    <instantOut id="235_D025" time="12450.50" state="stay" vehID="Car_6607" speed="9.48" length="5.00" type="DEFAULT_CAR"/>
    <instantOut id="235_D025" time="12450.75" state="stay" vehID="Car_6607" speed="9.12" length="5.00" type="DEFAULT_CAR"/>
    <instantOut id="235_D025" time="12450.97" state="leave" vehID="Car_6607" speed="8.37" length="5.00" type="DEFAULT_CAR" occupancy="0.56"/>
    <instantOut id="235_D025" time="12760.19" state="enter" vehID="Car_7075" speed="10.42" length="5.00" type="DEFAULT_CAR" gap="309.23"/>
    <instantOut id="235_D025" time="12760.25" state="stay" vehID="Car_7075" speed="10.42" length="5.00" type="DEFAULT_CAR"/>
    <instantOut id="235_D025" time="12760.50" state="stay" vehID="Car_7075" speed="9.80" length="5.00" type="DEFAULT_CAR"/>
    <instantOut id="235_D025" time="12760.71" state="leave" vehID="Car_7075" speed="9.17" length="5.00" type="DEFAULT_CAR" occupancy="0.52"/>
    <instantOut id="235_D025" time="14264.88" state="enter" vehID="Car_7651" speed="6.93" length="5.00" type="DEFAULT_CAR" gap="1504.16"/>
    <instantOut id="235_D025" time="14265.00" state="stay" vehID="Car_7651" speed="6.93" length="5.00" type="DEFAULT_CAR"/>
    <instantOut id="235_D025" time="14265.25" state="stay" vehID="Car_7651" speed="6.18" length="5.00" type="DEFAULT_CAR"/>
    <instantOut id="235_D025" time="14265.50" state="stay" vehID="Car_7651" speed="5.43" length="5.00" type="DEFAULT_CAR"/>
    <instantOut id="235_D025" time="14265.75" state="stay" vehID="Car_7651" speed="4.68" length="5.00" type="DEFAULT_CAR"/>
    <instantOut id="235_D025" time="14265.77" state="leave" vehID="Car_7651" speed="3.93" length="5.00" type="DEFAULT_CAR" occupancy="0.89"/>
    <instantOut id="235_D025" time="14803.03" state="enter" vehID="Car_8041" speed="7.48" length="5.00" type="DEFAULT_CAR" gap="537.25"/>
    <instantOut id="235_D025" time="14803.25" state="stay" vehID="Car_8041" speed="7.48" length="5.00" type="DEFAULT_CAR"/>
    <instantOut id="235_D025" time="14803.50" state="stay" vehID="Car_8041" speed="8.34" length="5.00" type="DEFAULT_CAR"/>
    <instantOut id="235_D025" time="14803.65" state="leave" vehID="Car_8041" speed="8.09" length="5.00" type="DEFAULT_CAR" occupancy="0.63"/>
    <instantOut id="235_D025" time="15162.49" state="enter" vehID="Car_7980" speed="8.63" length="5.00" type="DEFAULT_CAR" gap="358.84"/>
    <instantOut id="235_D025" time="15162.50" state="stay" vehID="Car_7980" speed="8.63" length="5.00" type="DEFAULT_CAR"/>
    <instantOut id="235_D025" time="15162.75" state="stay" vehID="Car_7980" speed="7.96" length="5.00" type="DEFAULT_CAR"/>
    <instantOut id="235_D025" time="15163.00" state="stay" vehID="Car_7980" speed="7.87" length="5.00" type="DEFAULT_CAR"/>
    <instantOut id="235_D025" time="15163.14" state="leave" vehID="Car_7980" speed="7.12" length="5.00" type="DEFAULT_CAR" occupancy="0.65"/>
    <instantOut id="235_D025" time="15413.02" state="enter" vehID="Car_8667" speed="7.78" length="5.00" type="DEFAULT_CAR" gap="249.88"/>
    <instantOut id="235_D025" time="15413.25" state="stay" vehID="Car_8667" speed="7.78" length="5.00" type="DEFAULT_CAR"/>
    <instantOut id="235_D025" time="15413.50" state="stay" vehID="Car_8667" speed="7.03" length="5.00" type="DEFAULT_CAR"/>
    <instantOut id="235_D025" time="15413.74" state="leave" vehID="Car_8667" speed="6.28" length="5.00" type="DEFAULT_CAR" occupancy="0.71"/>
    <instantOut id="235_D025" time="16463.71" state="enter" vehID="Car_9494" speed="10.00" length="5.00" type="DEFAULT_CAR" gap="1049.98"/>
    <instantOut id="235_D025" time="16463.75" state="stay" vehID="Car_9494" speed="10.00" length="5.00" type="DEFAULT_CAR"/>
    <instantOut id="235_D025" time="16464.00" state="stay" vehID="Car_9494" speed="9.65" length="5.00" type="DEFAULT_CAR"/>
    <instantOut id="235_D025" time="16464.25" state="leave" vehID="Car_9494" speed="8.90" length="5.00" type="DEFAULT_CAR" occupancy="0.54"/>
    <instantOut id="235_D025" time="19565.47" state="enter" vehID="Car_10871" speed="8.44" length="5.00" type="DEFAULT_CAR" gap="3101.22"/>
    <instantOut id="235_D025" time="19565.50" state="stay" vehID="Car_10871" speed="8.44" length="5.00" type="DEFAULT_CAR"/>
    <instantOut id="235_D025" time="19565.75" state="stay" vehID="Car_10871" speed="7.80" length="5.00" type="DEFAULT_CAR"/>
    <instantOut id="235_D025" time="19566.00" state="stay" vehID="Car_10871" speed="7.28" length="5.00" type="DEFAULT_CAR"/>
    <instantOut id="235_D025" time="19566.15" state="leave" vehID="Car_10871" speed="6.64" length="5.00" type="DEFAULT_CAR" occupancy="0.68"/>
    <instantOut id="235_D025" time="20019.74" state="enter" vehID="Car_11188" speed="8.27" length="5.00" type="DEFAULT_CAR" gap="453.59"/>
    <instantOut id="235_D025" time="20019.75" state="stay" vehID="Car_11188" speed="8.27" length="5.00" type="DEFAULT_CAR"/>
    <instantOut id="235_D025" time="20020.00" state="stay" vehID="Car_11188" speed="7.62" length="5.00" type="DEFAULT_CAR"/>
    <instantOut id="235_D025" time="20020.25" state="stay" vehID="Car_11188" speed="6.87" length="5.00" type="DEFAULT_CAR"/>
    <instantOut id="235_D025" time="20020.46" state="leave" vehID="Car_11188" speed="6.12" length="5.00" type="DEFAULT_CAR" occupancy="0.72"/>
    <instantOut id="235_D025" time="20678.56" state="enter" vehID="Car_12128" speed="7.16" length="5.00" type="DEFAULT_CAR" gap="658.10"/>
    <instantOut id="235_D025" time="20678.75" state="stay" vehID="Car_12128" speed="7.16" length="5.00" type="DEFAULT_CAR"/>
    <instantOut id="235_D025" time="20679.00" state="stay" vehID="Car_12128" speed="6.41" length="5.00" type="DEFAULT_CAR"/>
    <instantOut id="235_D025" time="20679.25" state="stay" vehID="Car_12128" speed="5.90" length="5.00" type="DEFAULT_CAR"/>
    <instantOut id="235_D025" time="20679.36" state="leave" vehID="Car_12128" speed="5.15" length="5.00" type="DEFAULT_CAR" occupancy="0.80"/>
    <instantOut id="235_D025" time="23847.50" state="enter" vehID="Car_13773" speed="7.28" length="5.00" type="DEFAULT_CAR" gap="3168.14"/>
    <instantOut id="235_D025" time="23847.75" state="stay" vehID="Car_13773" speed="7.28" length="5.00" type="DEFAULT_CAR"/>
    <instantOut id="235_D025" time="23848.00" state="stay" vehID="Car_13773" speed="6.53" length="5.00" type="DEFAULT_CAR"/>
    <instantOut id="235_D025" time="23848.25" state="stay" vehID="Car_13773" speed="5.78" length="5.00" type="DEFAULT_CAR"/>
    <instantOut id="235_D025" time="23848.28" state="leave" vehID="Car_13773" speed="5.03" length="5.00" type="DEFAULT_CAR" occupancy="0.77"/>
    <instantOut id="235_D025" time="25220.49" state="enter" vehID="Car_14651" speed="9.44" length="5.00" type="DEFAULT_CAR" gap="1372.21"/>
    <instantOut id="235_D025" time="25220.50" state="stay" vehID="Car_14651" speed="9.44" length="5.00" type="DEFAULT_CAR"/>
    <instantOut id="235_D025" time="25220.75" state="stay" vehID="Car_14651" speed="8.72" length="5.00" type="DEFAULT_CAR"/>
    <instantOut id="235_D025" time="25221.00" state="stay" vehID="Car_14651" speed="8.08" length="5.00" type="DEFAULT_CAR"/>
    <instantOut id="235_D025" time="25221.10" state="leave" vehID="Car_14651" speed="7.41" length="5.00" type="DEFAULT_CAR" occupancy="0.61"/>
    <instantOut id="235_D025" time="25940.73" state="enter" vehID="Car_14565" speed="8.78" length="5.00" type="DEFAULT_CAR" gap="719.63"/>
    <instantOut id="235_D025" time="25940.75" state="stay" vehID="Car_14565" speed="8.78" length="5.00" type="DEFAULT_CAR"/>
    <instantOut id="235_D025" time="25941.00" state="stay" vehID="Car_14565" speed="8.03" length="5.00" type="DEFAULT_CAR"/>
    <instantOut id="235_D025" time="25941.25" state="stay" vehID="Car_14565" speed="7.28" length="5.00" type="DEFAULT_CAR"/>
    <instantOut id="235_D025" time="25941.40" state="leave" vehID="Car_14565" speed="6.53" length="5.00" type="DEFAULT_CAR" occupancy="0.67"/>
    <instantOut id="235_D025" time="26098.43" state="enter" vehID="Car_15608" speed="8.45" length="5.00" type="DEFAULT_CAR" gap="157.03"/>
    <instantOut id="235_D025" time="26098.50" state="stay" vehID="Car_15608" speed="8.45" length="5.00" type="DEFAULT_CAR"/>
    <instantOut id="235_D025" time="26098.75" state="stay" vehID="Car_15608" speed="7.70" length="5.00" type="DEFAULT_CAR"/>
    <instantOut id="235_D025" time="26099.00" state="stay" vehID="Car_15608" speed="6.95" length="5.00" type="DEFAULT_CAR"/>
    <instantOut id="235_D025" time="26099.12" state="leave" vehID="Car_15608" speed="6.20" length="5.00" type="DEFAULT_CAR" occupancy="0.69"/>
    <instantOut id="235_D025" time="28560.00" state="enter" vehID="Car_16831" speed="9.24" length="5.00" type="DEFAULT_CAR" gap="2460.87"/>
    <instantOut id="235_D025" time="28560.00" state="stay" vehID="Car_16831" speed="9.24" length="5.00" type="DEFAULT_CAR"/>
    <instantOut id="235_D025" time="28560.25" state="stay" vehID="Car_16831" speed="8.80" length="5.00" type="DEFAULT_CAR"/>
    <instantOut id="235_D025" time="28560.50" state="stay" vehID="Car_16831" speed="8.05" length="5.00" type="DEFAULT_CAR"/>
    <instantOut id="235_D025" time="28560.60" state="leave" vehID="Car_16831" speed="7.39" length="5.00" type="DEFAULT_CAR" occupancy="0.61"/>
    <instantOut id="235_D025" time="32201.71" state="enter" vehID="Car_19023" speed="9.39" length="5.00" type="DEFAULT_CAR" gap="3641.11"/>
    <instantOut id="235_D025" time="32201.75" state="stay" vehID="Car_19023" speed="9.39" length="5.00" type="DEFAULT_CAR"/>
    <instantOut id="235_D025" time="32202.00" state="stay" vehID="Car_19023" speed="8.66" length="5.00" type="DEFAULT_CAR"/>
    <instantOut id="235_D025" time="32202.25" state="stay" vehID="Car_19023" speed="7.99" length="5.00" type="DEFAULT_CAR"/>
    <instantOut id="235_D025" time="32202.31" state="leave" vehID="Car_19023" speed="7.29" length="5.00" type="DEFAULT_CAR" occupancy="0.60"/>
    <instantOut id="235_D025" time="33997.70" state="enter" vehID="Car_19964" speed="9.68" length="5.00" type="DEFAULT_CAR" gap="1795.39"/>
    <instantOut id="235_D025" time="33997.75" state="stay" vehID="Car_19964" speed="9.68" length="5.00" type="DEFAULT_CAR"/>
    <instantOut id="235_D025" time="33998.00" state="stay" vehID="Car_19964" speed="8.96" length="5.00" type="DEFAULT_CAR"/>
    <instantOut id="235_D025" time="33998.25" state="stay" vehID="Car_19964" speed="8.21" length="5.00" type="DEFAULT_CAR"/>
    <instantOut id="235_D025" time="33998.28" state="leave" vehID="Car_19964" speed="7.46" length="5.00" type="DEFAULT_CAR" occupancy="0.58"/>
    <instantOut id="235_D025" time="34984.77" state="enter" vehID="Car_21205" speed="8.63" length="5.00" type="DEFAULT_CAR" gap="986.49"/>
    <instantOut id="235_D025" time="34985.00" state="stay" vehID="Car_21205" speed="8.63" length="5.00" type="DEFAULT_CAR"/>
    <instantOut id="235_D025" time="34985.25" state="stay" vehID="Car_21205" speed="7.88" length="5.00" type="DEFAULT_CAR"/>
    <instantOut id="235_D025" time="34985.39" state="leave" vehID="Car_21205" speed="7.13" length="5.00" type="DEFAULT_CAR" occupancy="0.63"/>
    <instantOut id="235_D025" time="36965.98" state="enter" vehID="Car_21904" speed="7.00" length="5.00" type="DEFAULT_CAR" gap="1980.59"/>
    <instantOut id="235_D025" time="36966.00" state="stay" vehID="Car_21904" speed="7.00" length="5.00" type="DEFAULT_CAR"/>
    <instantOut id="235_D025" time="36966.25" state="stay" vehID="Car_21904" speed="7.54" length="5.00" type="DEFAULT_CAR"/>
    <instantOut id="235_D025" time="36966.50" state="stay" vehID="Car_21904" speed="8.15" length="5.00" type="DEFAULT_CAR"/>
    <instantOut id="235_D025" time="36966.63" state="leave" vehID="Car_21904" speed="7.47" length="5.00" type="DEFAULT_CAR" occupancy="0.65"/>
    <instantOut id="235_D025" time="39818.23" state="enter" vehID="Car_22883" speed="8.85" length="5.00" type="DEFAULT_CAR" gap="2851.60"/>
    <instantOut id="235_D025" time="39818.25" state="stay" vehID="Car_22883" speed="8.85" length="5.00" type="DEFAULT_CAR"/>
    <instantOut id="235_D025" time="39818.50" state="stay" vehID="Car_22883" speed="8.36" length="5.00" type="DEFAULT_CAR"/>
    <instantOut id="235_D025" time="39818.75" state="stay" vehID="Car_22883" speed="7.61" length="5.00" type="DEFAULT_CAR"/>
    <instantOut id="235_D025" time="39818.87" state="leave" vehID="Car_22883" speed="6.86" length="5.00" type="DEFAULT_CAR" occupancy="0.64"/>
    <instantOut id="235_D025" time="40077.93" state="enter" vehID="Car_22885" speed="10.52" length="5.00" type="DEFAULT_CAR" gap="259.06"/>
    <instantOut id="235_D025" time="40078.00" state="stay" vehID="Car_22885" speed="10.52" length="5.00" type="DEFAULT_CAR"/>
    <instantOut id="235_D025" time="40078.25" state="stay" vehID="Car_22885" speed="10.31" length="5.00" type="DEFAULT_CAR"/>
    <instantOut id="235_D025" time="40078.42" state="leave" vehID="Car_22885" speed="9.56" length="5.00" type="DEFAULT_CAR" occupancy="0.50"/>
    <instantOut id="235_D025" time="42902.28" state="enter" vehID="Car_23830" speed="8.81" length="5.00" type="DEFAULT_CAR" gap="2823.86"/>
    <instantOut id="235_D025" time="42902.50" state="stay" vehID="Car_23830" speed="8.81" length="5.00" type="DEFAULT_CAR"/>
    <instantOut id="235_D025" time="42902.75" state="stay" vehID="Car_23830" speed="8.06" length="5.00" type="DEFAULT_CAR"/>
    <instantOut id="235_D025" time="42902.90" state="leave" vehID="Car_23830" speed="7.31" length="5.00" type="DEFAULT_CAR" occupancy="0.61"/>
    <instantOut id="235_D025" time="43162.51" state="enter" vehID="Car_24263" speed="8.51" length="5.00" type="DEFAULT_CAR" gap="259.61"/>
    <instantOut id="235_D025" time="43162.75" state="stay" vehID="Car_24263" speed="8.51" length="5.00" type="DEFAULT_CAR"/>
    <instantOut id="235_D025" time="43163.00" state="stay" vehID="Car_24263" speed="7.76" length="5.00" type="DEFAULT_CAR"/>
    <instantOut id="235_D025" time="43163.14" state="leave" vehID="Car_24263" speed="7.01" length="5.00" type="DEFAULT_CAR" occupancy="0.63"/>
    <instantOut id="235_D025" time="43682.45" state="enter" vehID="Car_24278" speed="9.47" length="5.00" type="DEFAULT_CAR" gap="519.31"/>
    <instantOut id="235_D025" time="43682.50" state="stay" vehID="Car_24278" speed="9.47" length="5.00" type="DEFAULT_CAR"/>
    <instantOut id="235_D025" time="43682.75" state="stay" vehID="Car_24278" speed="8.81" length="5.00" type="DEFAULT_CAR"/>
    <instantOut id="235_D025" time="43683.00" state="stay" vehID="Car_24278" speed="8.13" length="5.00" type="DEFAULT_CAR"/>
    <instantOut id="235_D025" time="43683.04" state="leave" vehID="Car_24278" speed="7.38" length="5.00" type="DEFAULT_CAR" occupancy="0.59"/>
    <instantOut id="235_D025" time="43770.52" state="enter" vehID="Car_24281" speed="10.60" length="5.00" type="DEFAULT_CAR" gap="87.47"/>
    <instantOut id="235_D025" time="43770.75" state="stay" vehID="Car_24281" speed="10.60" length="5.00" type="DEFAULT_CAR"/>
    <instantOut id="235_D025" time="43771.00" state="stay" vehID="Car_24281" speed="9.85" length="5.00" type="DEFAULT_CAR"/>
    <instantOut id="235_D025" time="43771.01" state="leave" vehID="Car_24281" speed="9.13" length="5.00" type="DEFAULT_CAR" occupancy="0.49"/>
</instantE1>
