<?xml version="1.0" encoding="UTF-8"?>

<!-- generated on 2025-02-28 17:00:03 by Eclipse SUMO GUI Version 1.19.0
<configuration xmlns:xsi="http://www.w3.org/2001/XMLSchema-instance" xsi:noNamespaceSchemaLocation="http://sumo.dlr.de/xsd/sumoConfiguration.xsd">

    <input>
        <net-file value="Network.net.xml"/>
        <route-files value="CarRoutes.rou.xml"/>
        <additional-files value="Sensors.add.xml"/>
    </input>

    <output>
        <emission-output value="logs/Emissions.xml"/>
        <summary-output value="logs/Log_summary.xml"/>
        <summary-output.period value="300"/>
        <tripinfo-output value="logs/TripInfos.xml"/>
    </output>

    <time>
        <begin value="0"/>
        <end value="86400"/>
        <step-length value="0.25"/>
    </time>

    <processing>
        <ignore-junction-blocker value="0.1"/>
        <time-to-teleport value="-1"/>
    </processing>

    <report>
        <verbose value="true"/>
        <no-step-log value="true"/>
    </report>

    <emissions>
        <device.emissions.period value="10"/>
    </emissions>

    <traci_server>
        <remote-port value="57570"/>
    </traci_server>

    <gui_only>
        <quit-on-end value="true"/>
        <start value="true"/>
    </gui_only>

</configuration>
-->

<summary xmlns:xsi="http://www.w3.org/2001/XMLSchema-instance" xsi:noNamespaceSchemaLocation="http://sumo.dlr.de/xsd/summary_file.xsd">
    <step time="0.00" loaded="0" inserted="0" running="0" waiting="0" ended="0" arrived="0" collisions="0" teleports="0" halting="0" stopped="0" meanWaitingTime="-1.00" meanTravelTime="-1.00" meanSpeed="-1.00" meanSpeedRelative="-1.00" duration="1"/>
    <step time="300.00" loaded="207" inserted="192" running="88" waiting="15" ended="104" arrived="104" collisions="0" teleports="0" halting="38" stopped="0" meanWaitingTime="14.37" meanTravelTime="74.13" meanSpeed="3.80" meanSpeedRelative="0.27" duration="2"/>
    <step time="600.00" loaded="367" inserted="357" running="66" waiting="10" ended="291" arrived="291" collisions="0" teleports="0" halting="36" stopped="0" meanWaitingTime="13.83" meanTravelTime="117.70" meanSpeed="4.23" meanSpeedRelative="0.30" duration="3"/>
    <step time="900.00" loaded="523" inserted="512" running="59" waiting="11" ended="453" arrived="453" collisions="0" teleports="0" halting="25" stopped="0" meanWaitingTime="12.98" meanTravelTime="115.50" meanSpeed="4.58" meanSpeedRelative="0.33" duration="1"/>
    <step time="1200.00" loaded="696" inserted="667" running="57" waiting="29" ended="610" arrived="610" collisions="0" teleports="0" halting="9" stopped="0" meanWaitingTime="15.42" meanTravelTime="114.79" meanSpeed="6.51" meanSpeedRelative="0.47" duration="2"/>
    <step time="1500.00" loaded="862" inserted="842" running="83" waiting="20" ended="759" arrived="759" collisions="0" teleports="0" halting="33" stopped="0" meanWaitingTime="20.00" meanTravelTime="116.99" meanSpeed="3.34" meanSpeedRelative="0.24" duration="3"/>
    <step time="1800.00" loaded="1024" inserted="1006" running="88" waiting="18" ended="918" arrived="918" collisions="0" teleports="0" halting="43" stopped="0" meanWaitingTime="22.51" meanTravelTime="123.62" meanSpeed="2.93" meanSpeedRelative="0.21" duration="3"/>
    <step time="2100.00" loaded="1184" inserted="1169" running="72" waiting="15" ended="1097" arrived="1097" collisions="0" teleports="0" halting="50" stopped="0" meanWaitingTime="20.77" meanTravelTime="126.51" meanSpeed="2.62" meanSpeedRelative="0.19" duration="2"/>
    <step time="2400.00" loaded="1328" inserted="1312" running="45" waiting="16" ended="1267" arrived="1267" collisions="0" teleports="0" halting="14" stopped="0" meanWaitingTime="20.55" meanTravelTime="127.40" meanSpeed="5.01" meanSpeedRelative="0.36" duration="1"/>
    <step time="2700.00" loaded="1472" inserted="1471" running="50" waiting="1" ended="1421" arrived="1421" collisions="0" teleports="0" halting="11" stopped="0" meanWaitingTime="20.21" meanTravelTime="124.38" meanSpeed="7.16" meanSpeedRelative="0.52" duration="2"/>
    <step time="3000.00" loaded="1630" inserted="1623" running="46" waiting="7" ended="1577" arrived="1577" collisions="0" teleports="0" halting="20" stopped="0" meanWaitingTime="18.85" meanTravelTime="120.68" meanSpeed="3.76" meanSpeedRelative="0.27" duration="1"/>
    <step time="3300.00" loaded="1800" inserted="1779" running="65" waiting="21" ended="1714" arrived="1714" collisions="0" teleports="0" halting="13" stopped="0" meanWaitingTime="19.38" meanTravelTime="119.00" meanSpeed="5.85" meanSpeedRelative="0.42" duration="2"/>
    <step time="3600.00" loaded="1933" inserted="1917" running="43" waiting="16" ended="1874" arrived="1874" collisions="0" teleports="0" halting="17" stopped="0" meanWaitingTime="20.77" meanTravelTime="118.01" meanSpeed="4.66" meanSpeedRelative="0.34" duration="2"/>
    <step time="3900.00" loaded="2098" inserted="2098" running="85" waiting="0" ended="2013" arrived="2013" collisions="0" teleports="0" halting="41" stopped="0" meanWaitingTime="19.98" meanTravelTime="116.79" meanSpeed="3.21" meanSpeedRelative="0.23" duration="4"/>
    <step time="4200.00" loaded="2227" inserted="2222" running="40" waiting="5" ended="2182" arrived="2182" collisions="0" teleports="0" halting="8" stopped="0" meanWaitingTime="20.00" meanTravelTime="117.58" meanSpeed="5.21" meanSpeedRelative="0.38" duration="1"/>
    <step time="4500.00" loaded="2405" inserted="2404" running="66" waiting="1" ended="2338" arrived="2338" collisions="0" teleports="0" halting="28" stopped="0" meanWaitingTime="19.09" meanTravelTime="116.38" meanSpeed="4.34" meanSpeedRelative="0.31" duration="1"/>
    <step time="4800.00" loaded="2564" inserted="2558" running="47" waiting="6" ended="2511" arrived="2511" collisions="0" teleports="0" halting="16" stopped="0" meanWaitingTime="18.22" meanTravelTime="115.14" meanSpeed="5.55" meanSpeedRelative="0.40" duration="1"/>
    <step time="5100.00" loaded="2732" inserted="2722" running="59" waiting="10" ended="2663" arrived="2663" collisions="0" teleports="0" halting="8" stopped="0" meanWaitingTime="18.78" meanTravelTime="114.07" meanSpeed="6.14" meanSpeedRelative="0.44" duration="3"/>
    <step time="5400.00" loaded="2886" inserted="2884" running="48" waiting="2" ended="2836" arrived="2836" collisions="0" teleports="0" halting="10" stopped="0" meanWaitingTime="18.51" meanTravelTime="113.30" meanSpeed="6.23" meanSpeedRelative="0.45" duration="1"/>
    <step time="5700.00" loaded="3071" inserted="3056" running="80" waiting="15" ended="2976" arrived="2976" collisions="0" teleports="0" halting="31" stopped="0" meanWaitingTime="17.83" meanTravelTime="113.08" meanSpeed="4.22" meanSpeedRelative="0.30" duration="2"/>
    <step time="6000.00" loaded="3195" inserted="3192" running="44" waiting="3" ended="3148" arrived="3148" collisions="0" teleports="0" halting="14" stopped="0" meanWaitingTime="17.77" meanTravelTime="115.01" meanSpeed="4.87" meanSpeedRelative="0.35" duration="1"/>
    <step time="6300.00" loaded="3357" inserted="3339" running="68" waiting="18" ended="3271" arrived="3271" collisions="0" teleports="0" halting="31" stopped="0" meanWaitingTime="17.72" meanTravelTime="114.91" meanSpeed="4.23" meanSpeedRelative="0.30" duration="2"/>
    <step time="6600.00" loaded="3518" inserted="3510" running="46" waiting="8" ended="3464" arrived="3464" collisions="0" teleports="0" halting="15" stopped="0" meanWaitingTime="17.88" meanTravelTime="113.93" meanSpeed="5.35" meanSpeedRelative="0.39" duration="2"/>
    <step time="6900.00" loaded="3703" inserted="3685" running="56" waiting="18" ended="3629" arrived="3629" collisions="0" teleports="0" halting="21" stopped="0" meanWaitingTime="17.84" meanTravelTime="112.59" meanSpeed="4.94" meanSpeedRelative="0.36" duration="1"/>
    <step time="7200.00" loaded="3861" inserted="3841" running="48" waiting="20" ended="3793" arrived="3793" collisions="0" teleports="0" halting="15" stopped="0" meanWaitingTime="18.36" meanTravelTime="112.19" meanSpeed="5.44" meanSpeedRelative="0.39" duration="2"/>
    <step time="7500.00" loaded="4011" inserted="3999" running="38" waiting="12" ended="3961" arrived="3961" collisions="0" teleports="0" halting="16" stopped="0" meanWaitingTime="18.93" meanTravelTime="111.47" meanSpeed="4.78" meanSpeedRelative="0.34" duration="1"/>
    <step time="7800.00" loaded="4167" inserted="4144" running="40" waiting="23" ended="4104" arrived="4104" collisions="0" teleports="0" halting="8" stopped="0" meanWaitingTime="19.38" meanTravelTime="110.55" meanSpeed="5.69" meanSpeedRelative="0.41" duration="1"/>
    <step time="8100.00" loaded="4341" inserted="4326" running="43" waiting="15" ended="4283" arrived="4283" collisions="0" teleports="0" halting="14" stopped="0" meanWaitingTime="20.37" meanTravelTime="109.35" meanSpeed="4.26" meanSpeedRelative="0.33" duration="1"/>
    <step time="8400.00" loaded="4529" inserted="4526" running="57" waiting="3" ended="4469" arrived="4469" collisions="0" teleports="0" halting="16" stopped="0" meanWaitingTime="20.21" meanTravelTime="108.29" meanSpeed="4.91" meanSpeedRelative="0.35" duration="2"/>
    <step time="8700.00" loaded="4699" inserted="4697" running="64" waiting="2" ended="4633" arrived="4633" collisions="0" teleports="0" halting="18" stopped="0" meanWaitingTime="19.95" meanTravelTime="107.81" meanSpeed="5.64" meanSpeedRelative="0.41" duration="2"/>
    <step time="9000.00" loaded="4885" inserted="4868" running="50" waiting="17" ended="4818" arrived="4818" collisions="0" teleports="0" halting="12" stopped="0" meanWaitingTime="19.66" meanTravelTime="107.35" meanSpeed="5.79" meanSpeedRelative="0.42" duration="1"/>
    <step time="9300.00" loaded="5066" inserted="5047" running="51" waiting="19" ended="4996" arrived="4996" collisions="0" teleports="0" halting="23" stopped="0" meanWaitingTime="19.62" meanTravelTime="107.09" meanSpeed="4.66" meanSpeedRelative="0.34" duration="3"/>
    <step time="9600.00" loaded="5236" inserted="5226" running="60" waiting="10" ended="5166" arrived="5166" collisions="0" teleports="0" halting="22" stopped="0" meanWaitingTime="20.01" meanTravelTime="106.58" meanSpeed="5.18" meanSpeedRelative="0.37" duration="2"/>
    <step time="9900.00" loaded="5378" inserted="5362" running="34" waiting="16" ended="5328" arrived="5328" collisions="0" teleports="0" halting="12" stopped="0" meanWaitingTime="19.82" meanTravelTime="106.64" meanSpeed="5.67" meanSpeedRelative="0.41" duration="1"/>
    <step time="10200.00" loaded="5544" inserted="5531" running="52" waiting="13" ended="5479" arrived="5479" collisions="0" teleports="0" halting="9" stopped="0" meanWaitingTime="20.06" meanTravelTime="106.65" meanSpeed="6.01" meanSpeedRelative="0.43" duration="2"/>
    <step time="10500.00" loaded="5722" inserted="5709" running="64" waiting="13" ended="5645" arrived="5645" collisions="0" teleports="0" halting="15" stopped="0" meanWaitingTime="20.02" meanTravelTime="106.44" meanSpeed="6.52" meanSpeedRelative="0.47" duration="2"/>
    <step time="10800.00" loaded="5893" inserted="5886" running="71" waiting="7" ended="5815" arrived="5815" collisions="0" teleports="0" halting="9" stopped="0" meanWaitingTime="20.01" meanTravelTime="106.55" meanSpeed="5.98" meanSpeedRelative="0.43" duration="4"/>
    <step time="11100.00" loaded="6071" inserted="6053" running="68" waiting="18" ended="5985" arrived="5985" collisions="0" teleports="0" halting="28" stopped="0" meanWaitingTime="19.94" meanTravelTime="107.28" meanSpeed="3.10" meanSpeedRelative="0.22" duration="1"/>
    <step time="11400.00" loaded="6243" inserted="6208" running="54" waiting="35" ended="6154" arrived="6154" collisions="0" teleports="0" halting="13" stopped="0" meanWaitingTime="20.55" meanTravelTime="107.71" meanSpeed="5.94" meanSpeedRelative="0.43" duration="1"/>
    <step time="11700.00" loaded="6389" inserted="6368" running="68" waiting="21" ended="6300" arrived="6300" collisions="0" teleports="0" halting="14" stopped="0" meanWaitingTime="21.60" meanTravelTime="107.39" meanSpeed="5.14" meanSpeedRelative="0.37" duration="3"/>
    <step time="12000.00" loaded="6565" inserted="6557" running="74" waiting="8" ended="6483" arrived="6483" collisions="0" teleports="0" halting="33" stopped="0" meanWaitingTime="21.61" meanTravelTime="107.96" meanSpeed="3.78" meanSpeedRelative="0.27" duration="2"/>
    <step time="12300.00" loaded="6733" inserted="6730" running="70" waiting="3" ended="6660" arrived="6660" collisions="0" teleports="0" halting="27" stopped="0" meanWaitingTime="21.37" meanTravelTime="108.52" meanSpeed="4.58" meanSpeedRelative="0.33" duration="2"/>
    <step time="12600.00" loaded="6903" inserted="6873" running="59" waiting="30" ended="6814" arrived="6814" collisions="0" teleports="0" halting="21" stopped="0" meanWaitingTime="21.22" meanTravelTime="108.63" meanSpeed="4.88" meanSpeedRelative="0.35" duration="1"/>
    <step time="12900.00" loaded="7070" inserted="7045" running="54" waiting="25" ended="6991" arrived="6991" collisions="0" teleports="0" halting="23" stopped="0" meanWaitingTime="21.80" meanTravelTime="108.72" meanSpeed="4.04" meanSpeedRelative="0.29" duration="1"/>
    <step time="13200.00" loaded="7245" inserted="7217" running="71" waiting="28" ended="7146" arrived="7146" collisions="0" teleports="0" halting="20" stopped="0" meanWaitingTime="22.30" meanTravelTime="108.62" meanSpeed="5.38" meanSpeedRelative="0.39" duration="2"/>
    <step time="13500.00" loaded="7424" inserted="7394" running="64" waiting="30" ended="7330" arrived="7330" collisions="0" teleports="0" halting="21" stopped="0" meanWaitingTime="22.71" meanTravelTime="108.80" meanSpeed="3.38" meanSpeedRelative="0.26" duration="2"/>
    <step time="13800.00" loaded="7616" inserted="7582" running="82" waiting="34" ended="7500" arrived="7500" collisions="0" teleports="0" halting="17" stopped="0" meanWaitingTime="23.53" meanTravelTime="108.65" meanSpeed="5.87" meanSpeedRelative="0.42" duration="1"/>
    <step time="14100.00" loaded="7776" inserted="7756" running="66" waiting="20" ended="7690" arrived="7690" collisions="0" teleports="0" halting="22" stopped="0" meanWaitingTime="24.26" meanTravelTime="109.05" meanSpeed="4.94" meanSpeedRelative="0.37" duration="2"/>
    <step time="14400.00" loaded="7916" inserted="7894" running="59" waiting="22" ended="7835" arrived="7835" collisions="0" teleports="0" halting="15" stopped="0" meanWaitingTime="24.83" meanTravelTime="109.18" meanSpeed="5.56" meanSpeedRelative="0.40" duration="2"/>
    <step time="14700.00" loaded="8108" inserted="8091" running="65" waiting="17" ended="8026" arrived="8026" collisions="0" teleports="0" halting="17" stopped="0" meanWaitingTime="24.90" meanTravelTime="108.88" meanSpeed="5.98" meanSpeedRelative="0.43" duration="2"/>
    <step time="15000.00" loaded="8264" inserted="8255" running="90" waiting="9" ended="8165" arrived="8165" collisions="0" teleports="0" halting="11" stopped="0" meanWaitingTime="24.65" meanTravelTime="109.09" meanSpeed="6.66" meanSpeedRelative="0.49" duration="2"/>
    <step time="15300.00" loaded="8422" inserted="8388" running="52" waiting="34" ended="8336" arrived="8336" collisions="0" teleports="0" halting="14" stopped="0" meanWaitingTime="24.76" meanTravelTime="109.60" meanSpeed="5.65" meanSpeedRelative="0.41" duration="2"/>
    <step time="15600.00" loaded="8585" inserted="8575" running="74" waiting="10" ended="8501" arrived="8501" collisions="0" teleports="0" halting="16" stopped="0" meanWaitingTime="25.42" meanTravelTime="109.03" meanSpeed="6.01" meanSpeedRelative="0.43" duration="1"/>
    <step time="15900.00" loaded="8775" inserted="8765" running="91" waiting="10" ended="8674" arrived="8674" collisions="0" teleports="0" halting="31" stopped="0" meanWaitingTime="25.61" meanTravelTime="108.94" meanSpeed="4.91" meanSpeedRelative="0.35" duration="2"/>
    <step time="16200.00" loaded="8965" inserted="8952" running="61" waiting="13" ended="8891" arrived="8891" collisions="0" teleports="0" halting="19" stopped="0" meanWaitingTime="25.57" meanTravelTime="109.21" meanSpeed="3.90" meanSpeedRelative="0.28" duration="2"/>
    <step time="16500.00" loaded="9133" inserted="9130" running="52" waiting="3" ended="9078" arrived="9078" collisions="0" teleports="0" halting="19" stopped="0" meanWaitingTime="25.32" meanTravelTime="109.01" meanSpeed="4.66" meanSpeedRelative="0.34" duration="1"/>
    <step time="16800.00" loaded="9319" inserted="9304" running="69" waiting="15" ended="9235" arrived="9235" collisions="0" teleports="0" halting="16" stopped="0" meanWaitingTime="25.14" meanTravelTime="108.99" meanSpeed="5.50" meanSpeedRelative="0.40" duration="2"/>
    <step time="17100.00" loaded="9490" inserted="9469" running="59" waiting="21" ended="9410" arrived="9410" collisions="0" teleports="0" halting="11" stopped="0" meanWaitingTime="25.15" meanTravelTime="109.01" meanSpeed="4.77" meanSpeedRelative="0.34" duration="1"/>
    <step time="17400.00" loaded="9671" inserted="9650" running="66" waiting="21" ended="9584" arrived="9584" collisions="0" teleports="0" halting="26" stopped="0" meanWaitingTime="25.27" meanTravelTime="109.23" meanSpeed="5.07" meanSpeedRelative="0.36" duration="1"/>
    <step time="17700.00" loaded="9843" inserted="9820" running="67" waiting="23" ended="9753" arrived="9753" collisions="0" teleports="0" halting="20" stopped="0" meanWaitingTime="25.53" meanTravelTime="109.35" meanSpeed="5.27" meanSpeedRelative="0.38" duration="1"/>
    <step time="18000.00" loaded="10009" inserted="9988" running="67" waiting="21" ended="9921" arrived="9921" collisions="0" teleports="0" halting="28" stopped="0" meanWaitingTime="25.82" meanTravelTime="109.33" meanSpeed="4.42" meanSpeedRelative="0.33" duration="4"/>
    <step time="18300.00" loaded="10193" inserted="10160" running="40" waiting="33" ended="10120" arrived="10120" collisions="0" teleports="0" halting="22" stopped="0" meanWaitingTime="26.00" meanTravelTime="109.41" meanSpeed="4.52" meanSpeedRelative="0.33" duration="1"/>
    <step time="18600.00" loaded="10353" inserted="10321" running="67" waiting="32" ended="10254" arrived="10254" collisions="0" teleports="0" halting="21" stopped="0" meanWaitingTime="26.56" meanTravelTime="109.11" meanSpeed="5.40" meanSpeedRelative="0.39" duration="2"/>
    <step time="18900.00" loaded="10538" inserted="10504" running="70" waiting="34" ended="10434" arrived="10434" collisions="0" teleports="0" halting="12" stopped="0" meanWaitingTime="26.92" meanTravelTime="109.41" meanSpeed="7.02" meanSpeedRelative="0.51" duration="2"/>
    <step time="19200.00" loaded="10713" inserted="10686" running="58" waiting="27" ended="10628" arrived="10628" collisions="0" teleports="0" halting="33" stopped="0" meanWaitingTime="27.19" meanTravelTime="109.37" meanSpeed="3.26" meanSpeedRelative="0.23" duration="1"/>
    <step time="19500.00" loaded="10922" inserted="10897" running="97" waiting="25" ended="10800" arrived="10800" collisions="0" teleports="0" halting="26" stopped="0" meanWaitingTime="27.47" meanTravelTime="109.52" meanSpeed="4.00" meanSpeedRelative="0.29" duration="1"/>
    <step time="19800.00" loaded="11100" inserted="11067" running="73" waiting="33" ended="10994" arrived="10994" collisions="0" teleports="0" halting="28" stopped="0" meanWaitingTime="27.77" meanTravelTime="109.80" meanSpeed="4.64" meanSpeedRelative="0.33" duration="3"/>
    <step time="20100.00" loaded="11298" inserted="11272" running="88" waiting="26" ended="11184" arrived="11184" collisions="0" teleports="0" halting="24" stopped="0" meanWaitingTime="28.21" meanTravelTime="109.98" meanSpeed="5.07" meanSpeedRelative="0.37" duration="3"/>
    <step time="20400.00" loaded="11464" inserted="11438" running="82" waiting="26" ended="11356" arrived="11356" collisions="0" teleports="0" halting="26" stopped="0" meanWaitingTime="28.57" meanTravelTime="110.10" meanSpeed="4.48" meanSpeedRelative="0.32" duration="3"/>
    <step time="20700.00" loaded="11640" inserted="11616" running="75" waiting="24" ended="11541" arrived="11541" collisions="0" teleports="0" halting="35" stopped="0" meanWaitingTime="28.83" meanTravelTime="110.46" meanSpeed="3.54" meanSpeedRelative="0.25" duration="1"/>
    <step time="21000.00" loaded="11824" inserted="11807" running="70" waiting="17" ended="11737" arrived="11737" collisions="0" teleports="0" halting="34" stopped="0" meanWaitingTime="29.06" meanTravelTime="110.41" meanSpeed="2.96" meanSpeedRelative="0.21" duration="1"/>
    <step time="21300.00" loaded="11984" inserted="11963" running="60" waiting="21" ended="11903" arrived="11903" collisions="0" teleports="0" halting="17" stopped="0" meanWaitingTime="29.20" meanTravelTime="110.55" meanSpeed="5.46" meanSpeedRelative="0.39" duration="1"/>
    <step time="21600.00" loaded="12206" inserted="12174" running="90" waiting="32" ended="12084" arrived="12084" collisions="0" teleports="0" halting="14" stopped="0" meanWaitingTime="29.48" meanTravelTime="110.45" meanSpeed="5.83" meanSpeedRelative="0.42" duration="3"/>
    <step time="21900.00" loaded="12390" inserted="12363" running="68" waiting="27" ended="12295" arrived="12295" collisions="0" teleports="0" halting="34" stopped="0" meanWaitingTime="29.59" meanTravelTime="110.55" meanSpeed="3.20" meanSpeedRelative="0.23" duration="1"/>
    <step time="22200.00" loaded="12578" inserted="12548" running="78" waiting="30" ended="12470" arrived="12470" collisions="0" teleports="0" halting="22" stopped="0" meanWaitingTime="29.85" meanTravelTime="110.19" meanSpeed="4.54" meanSpeedRelative="0.33" duration="1"/>
    <step time="22500.00" loaded="12753" inserted="12703" running="47" waiting="50" ended="12656" arrived="12656" collisions="0" teleports="0" halting="14" stopped="0" meanWaitingTime="30.06" meanTravelTime="110.93" meanSpeed="4.61" meanSpeedRelative="0.33" duration="3"/>
    <step time="22800.00" loaded="12949" inserted="12936" running="112" waiting="13" ended="12824" arrived="12824" collisions="0" teleports="0" halting="62" stopped="0" meanWaitingTime="30.44" meanTravelTime="110.95" meanSpeed="2.78" meanSpeedRelative="0.22" duration="3"/>
    <step time="23100.00" loaded="13135" inserted="13118" running="137" waiting="17" ended="12981" arrived="12981" collisions="0" teleports="0" halting="56" stopped="0" meanWaitingTime="30.45" meanTravelTime="111.56" meanSpeed="2.84" meanSpeedRelative="0.20" duration="5"/>
    <step time="23400.00" loaded="13323" inserted="13296" running="100" waiting="27" ended="13196" arrived="13196" collisions="0" teleports="0" halting="41" stopped="0" meanWaitingTime="30.54" meanTravelTime="112.79" meanSpeed="3.37" meanSpeedRelative="0.24" duration="5"/>
    <step time="23700.00" loaded="13554" inserted="13511" running="91" waiting="43" ended="13420" arrived="13420" collisions="0" teleports="0" halting="35" stopped="0" meanWaitingTime="30.65" meanTravelTime="113.47" meanSpeed="4.57" meanSpeedRelative="0.33" duration="2"/>
    <step time="24000.00" loaded="13729" inserted="13692" running="70" waiting="37" ended="13622" arrived="13622" collisions="0" teleports="0" halting="21" stopped="0" meanWaitingTime="30.99" meanTravelTime="113.84" meanSpeed="4.38" meanSpeedRelative="0.32" duration="1"/>
    <step time="24300.00" loaded="13935" inserted="13893" running="98" waiting="42" ended="13795" arrived="13795" collisions="0" teleports="0" halting="37" stopped="0" meanWaitingTime="31.36" meanTravelTime="113.90" meanSpeed="3.66" meanSpeedRelative="0.26" duration="4"/>
    <step time="24600.00" loaded="14158" inserted="14109" running="93" waiting="49" ended="14016" arrived="14016" collisions="0" teleports="0" halting="47" stopped="0" meanWaitingTime="31.75" meanTravelTime="114.24" meanSpeed="3.54" meanSpeedRelative="0.25" duration="4"/>
    <step time="24900.00" loaded="14369" inserted="14312" running="70" waiting="57" ended="14242" arrived="14242" collisions="0" teleports="0" halting="25" stopped="0" meanWaitingTime="32.38" meanTravelTime="114.24" meanSpeed="4.98" meanSpeedRelative="0.36" duration="2"/>
    <step time="25200.00" loaded="14561" inserted="14498" running="74" waiting="63" ended="14424" arrived="14424" collisions="0" teleports="0" halting="34" stopped="0" meanWaitingTime="32.87" meanTravelTime="114.14" meanSpeed="4.04" meanSpeedRelative="0.29" duration="2"/>
    <step time="25500.00" loaded="14734" inserted="14699" running="80" waiting="35" ended="14619" arrived="14619" collisions="0" teleports="0" halting="26" stopped="0" meanWaitingTime="33.76" meanTravelTime="114.29" meanSpeed="4.51" meanSpeedRelative="0.33" duration="3"/>
    <step time="25800.00" loaded="14968" inserted="14930" running="108" waiting="38" ended="14822" arrived="14822" collisions="0" teleports="0" halting="52" stopped="0" meanWaitingTime="34.17" meanTravelTime="114.33" meanSpeed="3.22" meanSpeedRelative="0.23" duration="3"/>
    <step time="26100.00" loaded="15181" inserted="15151" running="80" waiting="30" ended="15071" arrived="15071" collisions="0" teleports="0" halting="25" stopped="0" meanWaitingTime="34.50" meanTravelTime="114.56" meanSpeed="5.13" meanSpeedRelative="0.37" duration="4"/>
    <step time="26400.00" loaded="15373" inserted="15329" running="76" waiting="44" ended="15253" arrived="15253" collisions="0" teleports="0" halting="33" stopped="0" meanWaitingTime="34.68" meanTravelTime="114.65" meanSpeed="4.33" meanSpeedRelative="0.31" duration="2"/>
    <step time="26700.00" loaded="15587" inserted="15560" running="101" waiting="27" ended="15459" arrived="15459" collisions="0" teleports="0" halting="20" stopped="0" meanWaitingTime="35.11" meanTravelTime="114.56" meanSpeed="5.12" meanSpeedRelative="0.37" duration="2"/>
    <step time="27000.00" loaded="15804" inserted="15767" running="104" waiting="37" ended="15663" arrived="15663" collisions="0" teleports="0" halting="23" stopped="0" meanWaitingTime="35.35" meanTravelTime="114.58" meanSpeed="5.20" meanSpeedRelative="0.37" duration="4"/>
    <step time="27300.00" loaded="16025" inserted="15985" running="92" waiting="40" ended="15893" arrived="15893" collisions="0" teleports="0" halting="38" stopped="0" meanWaitingTime="35.55" meanTravelTime="114.52" meanSpeed="3.35" meanSpeedRelative="0.24" duration="3"/>
    <step time="27600.00" loaded="16224" inserted="16182" running="77" waiting="42" ended="16105" arrived="16105" collisions="0" teleports="0" halting="49" stopped="0" meanWaitingTime="35.76" meanTravelTime="114.58" meanSpeed="2.75" meanSpeedRelative="0.20" duration="1"/>
    <step time="27900.00" loaded="16431" inserted="16397" running="58" waiting="34" ended="16339" arrived="16339" collisions="0" teleports="0" halting="14" stopped="0" meanWaitingTime="36.03" meanTravelTime="114.42" meanSpeed="6.09" meanSpeedRelative="0.44" duration="3"/>
    <step time="28200.00" loaded="16657" inserted="16634" running="70" waiting="23" ended="16564" arrived="16564" collisions="0" teleports="0" halting="18" stopped="0" meanWaitingTime="36.23" meanTravelTime="114.23" meanSpeed="6.49" meanSpeedRelative="0.47" duration="3"/>
    <step time="28500.00" loaded="16858" inserted="16828" running="79" waiting="30" ended="16749" arrived="16749" collisions="0" teleports="0" halting="21" stopped="0" meanWaitingTime="36.26" meanTravelTime="114.13" meanSpeed="6.09" meanSpeedRelative="0.45" duration="3"/>
    <step time="28800.00" loaded="17072" inserted="17041" running="69" waiting="31" ended="16972" arrived="16972" collisions="0" teleports="0" halting="24" stopped="0" meanWaitingTime="36.25" meanTravelTime="114.15" meanSpeed="4.11" meanSpeedRelative="0.30" duration="3"/>
    <step time="29100.00" loaded="17295" inserted="17257" running="70" waiting="38" ended="17187" arrived="17187" collisions="0" teleports="0" halting="25" stopped="0" meanWaitingTime="36.17" meanTravelTime="114.21" meanSpeed="3.86" meanSpeedRelative="0.28" duration="3"/>
    <step time="29400.00" loaded="17498" inserted="17450" running="83" waiting="48" ended="17367" arrived="17367" collisions="0" teleports="0" halting="26" stopped="0" meanWaitingTime="36.37" meanTravelTime="114.18" meanSpeed="3.96" meanSpeedRelative="0.29" duration="4"/>
    <step time="29700.00" loaded="17678" inserted="17645" running="55" waiting="33" ended="17590" arrived="17590" collisions="0" teleports="0" halting="16" stopped="0" meanWaitingTime="36.53" meanTravelTime="114.32" meanSpeed="4.51" meanSpeedRelative="0.32" duration="1"/>
    <step time="30000.00" loaded="17853" inserted="17821" running="56" waiting="32" ended="17765" arrived="17765" collisions="0" teleports="0" halting="14" stopped="0" meanWaitingTime="36.67" meanTravelTime="114.22" meanSpeed="6.16" meanSpeedRelative="0.44" duration="3"/>
    <step time="30300.00" loaded="18054" inserted="18014" running="86" waiting="40" ended="17928" arrived="17928" collisions="0" teleports="0" halting="39" stopped="0" meanWaitingTime="36.95" meanTravelTime="114.12" meanSpeed="3.23" meanSpeedRelative="0.23" duration="2"/>
    <step time="30600.00" loaded="18269" inserted="18222" running="94" waiting="47" ended="18128" arrived="18128" collisions="0" teleports="0" halting="38" stopped="0" meanWaitingTime="37.19" meanTravelTime="114.18" meanSpeed="4.90" meanSpeedRelative="0.35" duration="3"/>
    <step time="30900.00" loaded="18487" inserted="18445" running="102" waiting="42" ended="18343" arrived="18343" collisions="0" teleports="0" halting="41" stopped="0" meanWaitingTime="37.48" meanTravelTime="114.21" meanSpeed="3.05" meanSpeedRelative="0.22" duration="2"/>
    <step time="31200.00" loaded="18658" inserted="18613" running="69" waiting="45" ended="18544" arrived="18544" collisions="0" teleports="0" halting="20" stopped="0" meanWaitingTime="37.57" meanTravelTime="114.63" meanSpeed="4.46" meanSpeedRelative="0.32" duration="2"/>
    <step time="31500.00" loaded="18834" inserted="18790" running="66" waiting="44" ended="18724" arrived="18724" collisions="0" teleports="0" halting="36" stopped="0" meanWaitingTime="37.83" meanTravelTime="114.80" meanSpeed="3.23" meanSpeedRelative="0.23" duration="2"/>
    <step time="31800.00" loaded="18993" inserted="18957" running="66" waiting="36" ended="18891" arrived="18891" collisions="0" teleports="0" halting="18" stopped="0" meanWaitingTime="38.16" meanTravelTime="114.85" meanSpeed="5.02" meanSpeedRelative="0.36" duration="3"/>
    <step time="32100.00" loaded="19175" inserted="19135" running="69" waiting="40" ended="19066" arrived="19066" collisions="0" teleports="0" halting="25" stopped="0" meanWaitingTime="38.54" meanTravelTime="114.73" meanSpeed="5.91" meanSpeedRelative="0.43" duration="1"/>
    <step time="32400.00" loaded="19342" inserted="19296" running="55" waiting="46" ended="19241" arrived="19241" collisions="0" teleports="0" halting="18" stopped="0" meanWaitingTime="38.73" meanTravelTime="114.61" meanSpeed="5.88" meanSpeedRelative="0.42" duration="2"/>
    <step time="32700.00" loaded="19519" inserted="19478" running="63" waiting="41" ended="19415" arrived="19415" collisions="0" teleports="0" halting="8" stopped="0" meanWaitingTime="38.98" meanTravelTime="114.48" meanSpeed="5.87" meanSpeedRelative="0.42" duration="3"/>
    <step time="33000.00" loaded="19688" inserted="19655" running="67" waiting="33" ended="19588" arrived="19588" collisions="0" teleports="0" halting="9" stopped="0" meanWaitingTime="39.22" meanTravelTime="114.55" meanSpeed="5.22" meanSpeedRelative="0.38" duration="3"/>
    <step time="33300.00" loaded="19822" inserted="19809" running="73" waiting="13" ended="19736" arrived="19736" collisions="0" teleports="0" halting="16" stopped="0" meanWaitingTime="39.38" meanTravelTime="114.67" meanSpeed="5.06" meanSpeedRelative="0.36" duration="4"/>
    <step time="33600.00" loaded="20017" inserted="19999" running="62" waiting="18" ended="19937" arrived="19937" collisions="0" teleports="0" halting="25" stopped="0" meanWaitingTime="39.28" meanTravelTime="114.66" meanSpeed="5.30" meanSpeedRelative="0.39" duration="2"/>
    <step time="33900.00" loaded="20170" inserted="20149" running="79" waiting="21" ended="20070" arrived="20070" collisions="0" teleports="0" halting="22" stopped="0" meanWaitingTime="39.21" meanTravelTime="114.55" meanSpeed="3.47" meanSpeedRelative="0.25" duration="2"/>
    <step time="34200.00" loaded="20329" inserted="20309" running="78" waiting="20" ended="20231" arrived="20231" collisions="0" teleports="0" halting="26" stopped="0" meanWaitingTime="39.16" meanTravelTime="114.74" meanSpeed="4.47" meanSpeedRelative="0.32" duration="3"/>
    <step time="34500.00" loaded="20494" inserted="20469" running="81" waiting="25" ended="20388" arrived="20388" collisions="0" teleports="0" halting="42" stopped="0" meanWaitingTime="39.21" meanTravelTime="114.88" meanSpeed="3.08" meanSpeedRelative="0.22" duration="2"/>
    <step time="34800.00" loaded="20646" inserted="20616" running="59" waiting="30" ended="20557" arrived="20557" collisions="0" teleports="0" halting="20" stopped="0" meanWaitingTime="39.34" meanTravelTime="115.21" meanSpeed="4.32" meanSpeedRelative="0.31" duration="1"/>
    <step time="35100.00" loaded="20783" inserted="20769" running="60" waiting="14" ended="20709" arrived="20709" collisions="0" teleports="0" halting="13" stopped="0" meanWaitingTime="39.45" meanTravelTime="115.25" meanSpeed="6.16" meanSpeedRelative="0.44" duration="1"/>
    <step time="35400.00" loaded="20920" inserted="20913" running="44" waiting="7" ended="20869" arrived="20869" collisions="0" teleports="0" halting="6" stopped="0" meanWaitingTime="39.26" meanTravelTime="115.13" meanSpeed="7.28" meanSpeedRelative="0.52" duration="1"/>
    <step time="35700.00" loaded="21063" inserted="21056" running="44" waiting="7" ended="21012" arrived="21012" collisions="0" teleports="0" halting="19" stopped="0" meanWaitingTime="39.12" meanTravelTime="115.06" meanSpeed="4.39" meanSpeedRelative="0.32" duration="3"/>
    <step time="36000.00" loaded="21218" inserted="21210" running="62" waiting="8" ended="21148" arrived="21148" collisions="0" teleports="0" halting="26" stopped="0" meanWaitingTime="38.94" meanTravelTime="114.92" meanSpeed="3.31" meanSpeedRelative="0.24" duration="3"/>
    <step time="36300.00" loaded="21392" inserted="21374" running="67" waiting="18" ended="21307" arrived="21307" collisions="0" teleports="0" halting="32" stopped="0" meanWaitingTime="38.83" meanTravelTime="114.96" meanSpeed="3.08" meanSpeedRelative="0.22" duration="3"/>
    <step time="36600.00" loaded="21541" inserted="21532" running="74" waiting="9" ended="21458" arrived="21458" collisions="0" teleports="0" halting="6" stopped="0" meanWaitingTime="38.73" meanTravelTime="115.04" meanSpeed="5.02" meanSpeedRelative="0.36" duration="1"/>
    <step time="36900.00" loaded="21677" inserted="21656" running="42" waiting="21" ended="21614" arrived="21614" collisions="0" teleports="0" halting="13" stopped="0" meanWaitingTime="38.58" meanTravelTime="115.29" meanSpeed="5.37" meanSpeedRelative="0.39" duration="2"/>
    <step time="37200.00" loaded="21798" inserted="21775" running="42" waiting="23" ended="21733" arrived="21733" collisions="0" teleports="0" halting="28" stopped="0" meanWaitingTime="38.56" meanTravelTime="115.20" meanSpeed="1.71" meanSpeedRelative="0.12" duration="2"/>
    <step time="37500.00" loaded="21938" inserted="21901" running="55" waiting="37" ended="21846" arrived="21846" collisions="0" teleports="0" halting="15" stopped="0" meanWaitingTime="38.72" meanTravelTime="115.30" meanSpeed="5.05" meanSpeedRelative="0.38" duration="2"/>
    <step time="37800.00" loaded="22091" inserted="22050" running="58" waiting="41" ended="21992" arrived="21992" collisions="0" teleports="0" halting="29" stopped="0" meanWaitingTime="38.96" meanTravelTime="115.31" meanSpeed="4.44" meanSpeedRelative="0.32" duration="2"/>
    <step time="38100.00" loaded="22236" inserted="22193" running="55" waiting="43" ended="22138" arrived="22138" collisions="0" teleports="0" halting="7" stopped="0" meanWaitingTime="39.16" meanTravelTime="115.28" meanSpeed="5.82" meanSpeedRelative="0.42" duration="2"/>
    <step time="38400.00" loaded="22360" inserted="22335" running="57" waiting="25" ended="22278" arrived="22278" collisions="0" teleports="0" halting="27" stopped="0" meanWaitingTime="39.44" meanTravelTime="115.35" meanSpeed="3.78" meanSpeedRelative="0.27" duration="2"/>
    <step time="38700.00" loaded="22460" inserted="22450" running="45" waiting="10" ended="22405" arrived="22405" collisions="0" teleports="0" halting="26" stopped="0" meanWaitingTime="39.56" meanTravelTime="115.33" meanSpeed="3.65" meanSpeedRelative="0.26" duration="2"/>
    <step time="39000.00" loaded="22566" inserted="22533" running="36" waiting="33" ended="22497" arrived="22497" collisions="0" teleports="0" halting="6" stopped="0" meanWaitingTime="39.71" meanTravelTime="115.32" meanSpeed="7.61" meanSpeedRelative="0.55" duration="2"/>
    <step time="39300.00" loaded="22695" inserted="22655" running="38" waiting="40" ended="22617" arrived="22617" collisions="0" teleports="0" halting="20" stopped="0" meanWaitingTime="39.94" meanTravelTime="115.24" meanSpeed="4.65" meanSpeedRelative="0.33" duration="2"/>
    <step time="39600.00" loaded="22806" inserted="22767" running="33" waiting="39" ended="22734" arrived="22734" collisions="0" teleports="0" halting="15" stopped="0" meanWaitingTime="40.15" meanTravelTime="115.16" meanSpeed="5.49" meanSpeedRelative="0.40" duration="2"/>
    <step time="39900.00" loaded="22926" inserted="22899" running="69" waiting="27" ended="22830" arrived="22830" collisions="0" teleports="0" halting="52" stopped="0" meanWaitingTime="40.44" meanTravelTime="115.10" meanSpeed="2.00" meanSpeedRelative="0.14" duration="1"/>
    <step time="40200.00" loaded="23016" inserted="22996" running="49" waiting="20" ended="22947" arrived="22947" collisions="0" teleports="0" halting="22" stopped="0" meanWaitingTime="40.66" meanTravelTime="115.36" meanSpeed="3.52" meanSpeedRelative="0.25" duration="2"/>
    <step time="40500.00" loaded="23115" inserted="23092" running="39" waiting="23" ended="23053" arrived="23053" collisions="0" teleports="0" halting="9" stopped="0" meanWaitingTime="40.75" meanTravelTime="115.53" meanSpeed="7.28" meanSpeedRelative="0.52" duration="2"/>
    <step time="40800.00" loaded="23223" inserted="23193" running="40" waiting="30" ended="23153" arrived="23153" collisions="0" teleports="0" halting="16" stopped="0" meanWaitingTime="40.99" meanTravelTime="115.46" meanSpeed="4.97" meanSpeedRelative="0.36" duration="2"/>
    <step time="41100.00" loaded="23306" inserted="23283" running="46" waiting="23" ended="23237" arrived="23237" collisions="0" teleports="0" halting="26" stopped="0" meanWaitingTime="41.16" meanTravelTime="115.51" meanSpeed="3.07" meanSpeedRelative="0.22" duration="2"/>
    <step time="41400.00" loaded="23368" inserted="23358" running="33" waiting="10" ended="23325" arrived="23325" collisions="0" teleports="0" halting="27" stopped="0" meanWaitingTime="41.24" meanTravelTime="115.72" meanSpeed="1.85" meanSpeedRelative="0.13" duration="2"/>
    <step time="41700.00" loaded="23466" inserted="23442" running="58" waiting="24" ended="23384" arrived="23384" collisions="0" teleports="0" halting="31" stopped="0" meanWaitingTime="41.37" meanTravelTime="115.82" meanSpeed="3.79" meanSpeedRelative="0.27" duration="3"/>
    <step time="42000.00" loaded="23546" inserted="23517" running="26" waiting="29" ended="23491" arrived="23491" collisions="0" teleports="0" halting="9" stopped="0" meanWaitingTime="41.54" meanTravelTime="116.13" meanSpeed="4.72" meanSpeedRelative="0.34" duration="1"/>
    <step time="42300.00" loaded="23650" inserted="23625" running="37" waiting="25" ended="23588" arrived="23588" collisions="0" teleports="0" halting="10" stopped="0" meanWaitingTime="41.77" meanTravelTime="116.04" meanSpeed="5.21" meanSpeedRelative="0.38" duration="1"/>
    <step time="42600.00" loaded="23763" inserted="23726" running="51" waiting="37" ended="23675" arrived="23675" collisions="0" teleports="0" halting="8" stopped="0" meanWaitingTime="41.98" meanTravelTime="116.00" meanSpeed="6.39" meanSpeedRelative="0.46" duration="3"/>
    <step time="42900.00" loaded="23864" inserted="23842" running="71" waiting="22" ended="23771" arrived="23771" collisions="0" teleports="0" halting="26" stopped="0" meanWaitingTime="42.25" meanTravelTime="116.16" meanSpeed="4.77" meanSpeedRelative="0.34" duration="2"/>
    <step time="43200.00" loaded="23964" inserted="23929" running="30" waiting="35" ended="23899" arrived="23899" collisions="0" teleports="0" halting="7" stopped="0" meanWaitingTime="42.35" meanTravelTime="116.55" meanSpeed="4.86" meanSpeedRelative="0.35" duration="2"/>
    <step time="43500.00" loaded="24042" inserted="24031" running="47" waiting="11" ended="23984" arrived="23984" collisions="0" teleports="0" halting="8" stopped="0" meanWaitingTime="42.46" meanTravelTime="116.55" meanSpeed="6.66" meanSpeedRelative="0.48" duration="2"/>
    <step time="43800.00" loaded="24145" inserted="24127" running="40" waiting="18" ended="24087" arrived="24087" collisions="0" teleports="0" halting="16" stopped="0" meanWaitingTime="42.51" meanTravelTime="116.55" meanSpeed="4.79" meanSpeedRelative="0.34" duration="2"/>
    <step time="44100.00" loaded="24250" inserted="24240" running="56" waiting="10" ended="24184" arrived="24184" collisions="0" teleports="0" halting="31" stopped="0" meanWaitingTime="42.53" meanTravelTime="116.52" meanSpeed="3.14" meanSpeedRelative="0.23" duration="3"/>
    <step time="44400.00" loaded="24360" inserted="24341" running="81" waiting="19" ended="24260" arrived="24260" collisions="0" teleports="0" halting="69" stopped="0" meanWaitingTime="42.53" meanTravelTime="116.49" meanSpeed="0.66" meanSpeedRelative="0.05" duration="3"/>
    <step time="44700.00" loaded="24463" inserted="24420" running="46" waiting="43" ended="24374" arrived="24374" collisions="0" teleports="0" halting="13" stopped="0" meanWaitingTime="42.69" meanTravelTime="117.17" meanSpeed="4.86" meanSpeedRelative="0.35" duration="1"/>
    <step time="45000.00" loaded="24570" inserted="24530" running="51" waiting="40" ended="24479" arrived="24479" collisions="0" teleports="0" halting="4" stopped="0" meanWaitingTime="43.00" meanTravelTime="117.33" meanSpeed="7.13" meanSpeedRelative="0.53" duration="1"/>
    <step time="45300.00" loaded="24659" inserted="24630" running="62" waiting="29" ended="24568" arrived="24568" collisions="0" teleports="0" halting="17" stopped="0" meanWaitingTime="43.22" meanTravelTime="117.49" meanSpeed="4.13" meanSpeedRelative="0.30" duration="2"/>
    <step time="45600.00" loaded="24743" inserted="24715" running="35" waiting="28" ended="24680" arrived="24680" collisions="0" teleports="0" halting="17" stopped="0" meanWaitingTime="43.39" meanTravelTime="117.70" meanSpeed="4.58" meanSpeedRelative="0.33" duration="1"/>
    <step time="45900.00" loaded="24829" inserted="24783" running="31" waiting="46" ended="24752" arrived="24752" collisions="0" teleports="0" halting="28" stopped="0" meanWaitingTime="43.61" meanTravelTime="117.68" meanSpeed="1.20" meanSpeedRelative="0.09" duration="1"/>
    <step time="46200.00" loaded="24909" inserted="24861" running="33" waiting="48" ended="24828" arrived="24828" collisions="0" teleports="0" halting="28" stopped="0" meanWaitingTime="43.84" meanTravelTime="117.50" meanSpeed="1.29" meanSpeedRelative="0.09" duration="1"/>
    <step time="46500.00" loaded="24957" inserted="24951" running="55" waiting="6" ended="24896" arrived="24896" collisions="0" teleports="0" halting="39" stopped="0" meanWaitingTime="44.16" meanTravelTime="117.39" meanSpeed="1.76" meanSpeedRelative="0.13" duration="2"/>
    <step time="46800.00" loaded="24977" inserted="24977" running="42" waiting="0" ended="24935" arrived="24935" collisions="0" teleports="0" halting="41" stopped="0" meanWaitingTime="44.18" meanTravelTime="117.33" meanSpeed="0.30" meanSpeedRelative="0.02" duration="2"/>
    <step time="47100.00" loaded="24995" inserted="24995" running="38" waiting="0" ended="24957" arrived="24957" collisions="0" teleports="0" halting="35" stopped="0" meanWaitingTime="44.14" meanTravelTime="117.26" meanSpeed="0.45" meanSpeedRelative="0.03" duration="1"/>
    <step time="47400.00" loaded="25011" inserted="25011" running="37" waiting="0" ended="24974" arrived="24974" collisions="0" teleports="0" halting="37" stopped="0" meanWaitingTime="44.12" meanTravelTime="117.21" meanSpeed="0.00" meanSpeedRelative="0.00" duration="2"/>
    <step time="47700.00" loaded="25025" inserted="25025" running="38" waiting="0" ended="24987" arrived="24987" collisions="0" teleports="0" halting="38" stopped="0" meanWaitingTime="44.09" meanTravelTime="117.17" meanSpeed="0.00" meanSpeedRelative="0.00" duration="1"/>
    <step time="48000.00" loaded="25038" inserted="25038" running="37" waiting="0" ended="25001" arrived="25001" collisions="0" teleports="0" halting="36" stopped="0" meanWaitingTime="44.07" meanTravelTime="117.13" meanSpeed="0.17" meanSpeedRelative="0.01" duration="1"/>
    <step time="48300.00" loaded="25052" inserted="25052" running="36" waiting="0" ended="25016" arrived="25016" collisions="0" teleports="0" halting="35" stopped="0" meanWaitingTime="44.04" meanTravelTime="117.08" meanSpeed="0.09" meanSpeedRelative="0.01" duration="1"/>
    <step time="48600.00" loaded="25068" inserted="25068" running="37" waiting="0" ended="25031" arrived="25031" collisions="0" teleports="0" halting="35" stopped="0" meanWaitingTime="44.02" meanTravelTime="117.03" meanSpeed="0.41" meanSpeedRelative="0.03" duration="1"/>
    <step time="48900.00" loaded="25083" inserted="25083" running="41" waiting="0" ended="25042" arrived="25042" collisions="0" teleports="0" halting="40" stopped="0" meanWaitingTime="43.99" meanTravelTime="116.99" meanSpeed="0.07" meanSpeedRelative="0.01" duration="1"/>
    <step time="49200.00" loaded="25092" inserted="25092" running="35" waiting="0" ended="25057" arrived="25057" collisions="0" teleports="0" halting="35" stopped="0" meanWaitingTime="43.97" meanTravelTime="116.96" meanSpeed="0.00" meanSpeedRelative="0.00" duration="1"/>
</summary>
