<?xml version="1.0" encoding="UTF-8"?>

<!-- generated on 2025-02-28 16:56:49 by Eclipse SUMO GUI Version 1.19.0
<configuration xmlns:xsi="http://www.w3.org/2001/XMLSchema-instance" xsi:noNamespaceSchemaLocation="http://sumo.dlr.de/xsd/sumoConfiguration.xsd">

    <input>
        <net-file value="Network.net.xml"/>
        <route-files value="CarRoutes.rou.xml"/>
        <additional-files value="Sensors.add.xml"/>
    </input>

    <output>
        <emission-output value="logs/Emissions.xml"/>
        <summary-output value="logs/Log_summary.xml"/>
        <summary-output.period value="300"/>
        <tripinfo-output value="logs/TripInfos.xml"/>
    </output>

    <time>
        <begin value="0"/>
        <end value="86400"/>
        <step-length value="0.25"/>
    </time>

    <processing>
        <ignore-junction-blocker value="0.1"/>
        <time-to-teleport value="-1"/>
    </processing>

    <report>
        <verbose value="true"/>
        <no-step-log value="true"/>
    </report>

    <emissions>
        <device.emissions.period value="10"/>
    </emissions>

    <traci_server>
        <remote-port value="57544"/>
    </traci_server>

    <gui_only>
        <quit-on-end value="true"/>
        <start value="true"/>
    </gui_only>

</configuration>
-->

<instantE1 xmlns:xsi="http://www.w3.org/2001/XMLSchema-instance" xsi:noNamespaceSchemaLocation="http://sumo.dlr.de/xsd/instant_e1_file.xsd">
    <instantOut id="235_D025" time="6127.47" state="enter" vehID="Car_2455" speed="11.81" length="5.00" type="DEFAULT_CAR"/>
    <instantOut id="235_D025" time="6127.50" state="stay" vehID="Car_2455" speed="11.81" length="5.00" type="DEFAULT_CAR"/>
    <instantOut id="235_D025" time="6127.75" state="stay" vehID="Car_2455" speed="11.06" length="5.00" type="DEFAULT_CAR"/>
    <instantOut id="235_D025" time="6127.93" state="leave" vehID="Car_2455" speed="10.31" length="5.00" type="DEFAULT_CAR" occupancy="0.46"/>
    <instantOut id="235_D025" time="6467.11" state="enter" vehID="Car_4270" speed="7.12" length="5.00" type="DEFAULT_CAR" gap="339.18"/>
    <instantOut id="235_D025" time="6467.25" state="stay" vehID="Car_4270" speed="7.12" length="5.00" type="DEFAULT_CAR"/>
    <instantOut id="235_D025" time="6467.50" state="stay" vehID="Car_4270" speed="6.37" length="5.00" type="DEFAULT_CAR"/>
    <instantOut id="235_D025" time="6467.75" state="stay" vehID="Car_4270" speed="5.67" length="5.00" type="DEFAULT_CAR"/>
    <instantOut id="235_D025" time="6467.95" state="leave" vehID="Car_4270" speed="4.92" length="5.00" type="DEFAULT_CAR" occupancy="0.84"/>
    <instantOut id="235_D025" time="7749.08" state="enter" vehID="Car_4258" speed="7.19" length="5.00" type="DEFAULT_CAR" gap="1281.13"/>
    <instantOut id="235_D025" time="7749.25" state="stay" vehID="Car_4258" speed="7.19" length="5.00" type="DEFAULT_CAR"/>
    <instantOut id="235_D025" time="7749.50" state="stay" vehID="Car_4258" speed="6.94" length="5.00" type="DEFAULT_CAR"/>
    <instantOut id="235_D025" time="7749.75" state="stay" vehID="Car_4258" speed="6.33" length="5.00" type="DEFAULT_CAR"/>
    <instantOut id="235_D025" time="7749.83" state="leave" vehID="Car_4258" speed="5.58" length="5.00" type="DEFAULT_CAR" occupancy="0.75"/>
    <instantOut id="235_D025" time="8103.44" state="enter" vehID="Car_3406" speed="9.94" length="5.00" type="DEFAULT_CAR" gap="353.61"/>
    <instantOut id="235_D025" time="8103.50" state="stay" vehID="Car_3406" speed="9.94" length="5.00" type="DEFAULT_CAR"/>
    <instantOut id="235_D025" time="8103.75" state="stay" vehID="Car_3406" speed="9.99" length="5.00" type="DEFAULT_CAR"/>
    <instantOut id="235_D025" time="8103.95" state="leave" vehID="Car_3406" speed="9.47" length="5.00" type="DEFAULT_CAR" occupancy="0.51"/>
    <instantOut id="235_D025" time="13008.22" state="enter" vehID="Car_6920" speed="10.14" length="5.00" type="DEFAULT_CAR" gap="4904.26"/>
    <instantOut id="235_D025" time="13008.25" state="stay" vehID="Car_6920" speed="10.14" length="5.00" type="DEFAULT_CAR"/>
    <instantOut id="235_D025" time="13008.50" state="stay" vehID="Car_6920" speed="10.00" length="5.00" type="DEFAULT_CAR"/>
    <instantOut id="235_D025" time="13008.73" state="leave" vehID="Car_6920" speed="9.30" length="5.00" type="DEFAULT_CAR" occupancy="0.52"/>
    <instantOut id="235_D025" time="16543.69" state="enter" vehID="Car_9168" speed="9.75" length="5.00" type="DEFAULT_CAR" gap="3534.96"/>
    <instantOut id="235_D025" time="16543.75" state="stay" vehID="Car_9168" speed="9.75" length="5.00" type="DEFAULT_CAR"/>
    <instantOut id="235_D025" time="16544.00" state="stay" vehID="Car_9168" speed="9.00" length="5.00" type="DEFAULT_CAR"/>
    <instantOut id="235_D025" time="16544.25" state="stay" vehID="Car_9168" speed="8.25" length="5.00" type="DEFAULT_CAR"/>
    <instantOut id="235_D025" time="16544.27" state="leave" vehID="Car_9168" speed="7.61" length="5.00" type="DEFAULT_CAR" occupancy="0.57"/>
    <instantOut id="235_D025" time="17296.25" state="enter" vehID="Car_9559" speed="8.68" length="5.00" type="DEFAULT_CAR" gap="751.98"/>
    <instantOut id="235_D025" time="17296.25" state="stay" vehID="Car_9559" speed="8.68" length="5.00" type="DEFAULT_CAR"/>
    <instantOut id="235_D025" time="17296.50" state="stay" vehID="Car_9559" speed="7.93" length="5.00" type="DEFAULT_CAR"/>
    <instantOut id="235_D025" time="17296.75" state="stay" vehID="Car_9559" speed="7.18" length="5.00" type="DEFAULT_CAR"/>
    <instantOut id="235_D025" time="17296.93" state="leave" vehID="Car_9559" speed="6.50" length="5.00" type="DEFAULT_CAR" occupancy="0.69"/>
    <instantOut id="235_D025" time="21444.87" state="enter" vehID="Car_12327" speed="6.75" length="5.00" type="DEFAULT_CAR" gap="4147.94"/>
    <instantOut id="235_D025" time="21445.00" state="stay" vehID="Car_12327" speed="6.75" length="5.00" type="DEFAULT_CAR"/>
    <instantOut id="235_D025" time="21445.25" state="stay" vehID="Car_12327" speed="6.00" length="5.00" type="DEFAULT_CAR"/>
    <instantOut id="235_D025" time="21445.50" state="stay" vehID="Car_12327" speed="5.25" length="5.00" type="DEFAULT_CAR"/>
    <instantOut id="235_D025" time="21445.75" state="stay" vehID="Car_12327" speed="4.54" length="5.00" type="DEFAULT_CAR"/>
    <instantOut id="235_D025" time="21445.80" state="leave" vehID="Car_12327" speed="4.01" length="5.00" type="DEFAULT_CAR" occupancy="0.93"/>
    <instantOut id="235_D025" time="22293.38" state="enter" vehID="Car_12624" speed="9.33" length="5.00" type="DEFAULT_CAR" gap="847.58"/>
    <instantOut id="235_D025" time="22293.50" state="stay" vehID="Car_12624" speed="9.33" length="5.00" type="DEFAULT_CAR"/>
    <instantOut id="235_D025" time="22293.75" state="stay" vehID="Car_12624" speed="9.50" length="5.00" type="DEFAULT_CAR"/>
    <instantOut id="235_D025" time="22293.92" state="leave" vehID="Car_12624" speed="8.75" length="5.00" type="DEFAULT_CAR" occupancy="0.54"/>
    <instantOut id="235_D025" time="25095.96" state="enter" vehID="Car_15169" speed="6.92" length="5.00" type="DEFAULT_CAR" gap="2802.04"/>
    <instantOut id="235_D025" time="25096.00" state="stay" vehID="Car_15169" speed="6.92" length="5.00" type="DEFAULT_CAR"/>
    <instantOut id="235_D025" time="25096.25" state="stay" vehID="Car_15169" speed="7.80" length="5.00" type="DEFAULT_CAR"/>
    <instantOut id="235_D025" time="25096.50" state="stay" vehID="Car_15169" speed="8.51" length="5.00" type="DEFAULT_CAR"/>
    <instantOut id="235_D025" time="25096.58" state="leave" vehID="Car_15169" speed="8.19" length="5.00" type="DEFAULT_CAR" occupancy="0.62"/>
    <instantOut id="235_D025" time="25311.49" state="enter" vehID="Car_15361" speed="8.79" length="5.00" type="DEFAULT_CAR" gap="214.91"/>
    <instantOut id="235_D025" time="25311.50" state="stay" vehID="Car_15361" speed="8.79" length="5.00" type="DEFAULT_CAR"/>
    <instantOut id="235_D025" time="25311.75" state="stay" vehID="Car_15361" speed="8.13" length="5.00" type="DEFAULT_CAR"/>
    <instantOut id="235_D025" time="25312.00" state="stay" vehID="Car_15361" speed="7.70" length="5.00" type="DEFAULT_CAR"/>
    <instantOut id="235_D025" time="25312.13" state="leave" vehID="Car_15361" speed="6.95" length="5.00" type="DEFAULT_CAR" occupancy="0.65"/>
    <instantOut id="235_D025" time="25687.56" state="enter" vehID="Car_15974" speed="7.23" length="5.00" type="DEFAULT_CAR" gap="375.43"/>
    <instantOut id="235_D025" time="25687.75" state="stay" vehID="Car_15974" speed="7.23" length="5.00" type="DEFAULT_CAR"/>
    <instantOut id="235_D025" time="25688.00" state="stay" vehID="Car_15974" speed="6.51" length="5.00" type="DEFAULT_CAR"/>
    <instantOut id="235_D025" time="25688.25" state="stay" vehID="Car_15974" speed="5.76" length="5.00" type="DEFAULT_CAR"/>
    <instantOut id="235_D025" time="25688.37" state="leave" vehID="Car_15974" speed="5.01" length="5.00" type="DEFAULT_CAR" occupancy="0.80"/>
    <instantOut id="235_D025" time="25720.18" state="enter" vehID="Car_15364" speed="6.61" length="5.00" type="DEFAULT_CAR" gap="31.81"/>
    <instantOut id="235_D025" time="25720.25" state="stay" vehID="Car_15364" speed="6.61" length="5.00" type="DEFAULT_CAR"/>
    <instantOut id="235_D025" time="25720.50" state="stay" vehID="Car_15364" speed="6.39" length="5.00" type="DEFAULT_CAR"/>
    <instantOut id="235_D025" time="25720.75" state="stay" vehID="Car_15364" speed="5.64" length="5.00" type="DEFAULT_CAR"/>
    <instantOut id="235_D025" time="25721.00" state="stay" vehID="Car_15364" speed="4.89" length="5.00" type="DEFAULT_CAR"/>
    <instantOut id="235_D025" time="25721.07" state="leave" vehID="Car_15364" speed="4.14" length="5.00" type="DEFAULT_CAR" occupancy="0.89"/>
    <instantOut id="235_D025" time="25822.74" state="enter" vehID="Car_15975" speed="9.19" length="5.00" type="DEFAULT_CAR" gap="101.68"/>
    <instantOut id="235_D025" time="25822.75" state="stay" vehID="Car_15975" speed="9.19" length="5.00" type="DEFAULT_CAR"/>
    <instantOut id="235_D025" time="25823.00" state="stay" vehID="Car_15975" speed="10.00" length="5.00" type="DEFAULT_CAR"/>
    <instantOut id="235_D025" time="25823.23" state="leave" vehID="Car_15975" speed="10.51" length="5.00" type="DEFAULT_CAR" occupancy="0.49"/>
    <instantOut id="235_D025" time="26003.46" state="enter" vehID="Car_16159" speed="9.90" length="5.00" type="DEFAULT_CAR" gap="180.22"/>
    <instantOut id="235_D025" time="26003.50" state="stay" vehID="Car_16159" speed="9.90" length="5.00" type="DEFAULT_CAR"/>
    <instantOut id="235_D025" time="26003.75" state="stay" vehID="Car_16159" speed="10.24" length="5.00" type="DEFAULT_CAR"/>
    <instantOut id="235_D025" time="26003.96" state="leave" vehID="Car_16159" speed="9.59" length="5.00" type="DEFAULT_CAR" occupancy="0.50"/>
    <instantOut id="235_D025" time="27556.71" state="enter" vehID="Car_16157" speed="9.95" length="5.00" type="DEFAULT_CAR" gap="1552.75"/>
    <instantOut id="235_D025" time="27556.75" state="stay" vehID="Car_16157" speed="9.95" length="5.00" type="DEFAULT_CAR"/>
    <instantOut id="235_D025" time="27557.00" state="stay" vehID="Car_16157" speed="10.84" length="5.00" type="DEFAULT_CAR"/>
    <instantOut id="235_D025" time="27557.18" state="leave" vehID="Car_16157" speed="10.28" length="5.00" type="DEFAULT_CAR" occupancy="0.47"/>
    <instantOut id="235_D025" time="30848.06" state="enter" vehID="Car_18448" speed="7.13" length="5.00" type="DEFAULT_CAR" gap="3290.88"/>
    <instantOut id="235_D025" time="30848.25" state="stay" vehID="Car_18448" speed="7.13" length="5.00" type="DEFAULT_CAR"/>
    <instantOut id="235_D025" time="30848.50" state="stay" vehID="Car_18448" speed="7.93" length="5.00" type="DEFAULT_CAR"/>
    <instantOut id="235_D025" time="30848.71" state="leave" vehID="Car_18448" speed="7.95" length="5.00" type="DEFAULT_CAR" occupancy="0.65"/>
    <instantOut id="235_D025" time="34807.94" state="enter" vehID="Car_20589" speed="7.18" length="5.00" type="DEFAULT_CAR" gap="3959.23"/>
    <instantOut id="235_D025" time="34808.00" state="stay" vehID="Car_20589" speed="7.18" length="5.00" type="DEFAULT_CAR"/>
    <instantOut id="235_D025" time="34808.25" state="stay" vehID="Car_20589" speed="7.77" length="5.00" type="DEFAULT_CAR"/>
    <instantOut id="235_D025" time="34808.50" state="stay" vehID="Car_20589" speed="8.43" length="5.00" type="DEFAULT_CAR"/>
    <instantOut id="235_D025" time="34808.57" state="leave" vehID="Car_20589" speed="8.02" length="5.00" type="DEFAULT_CAR" occupancy="0.62"/>
    <instantOut id="235_D025" time="38091.38" state="enter" vehID="Car_22106" speed="6.97" length="5.00" type="DEFAULT_CAR" gap="3282.81"/>
    <instantOut id="235_D025" time="38091.50" state="stay" vehID="Car_22106" speed="6.97" length="5.00" type="DEFAULT_CAR"/>
    <instantOut id="235_D025" time="38091.75" state="stay" vehID="Car_22106" speed="6.22" length="5.00" type="DEFAULT_CAR"/>
    <instantOut id="235_D025" time="38092.00" state="stay" vehID="Car_22106" speed="5.47" length="5.00" type="DEFAULT_CAR"/>
    <instantOut id="235_D025" time="38092.25" state="stay" vehID="Car_22106" speed="4.72" length="5.00" type="DEFAULT_CAR"/>
    <instantOut id="235_D025" time="38092.27" state="leave" vehID="Car_22106" speed="3.97" length="5.00" type="DEFAULT_CAR" occupancy="0.89"/>
    <instantOut id="235_D025" time="39837.25" state="enter" vehID="Car_23394" speed="8.46" length="5.00" type="DEFAULT_CAR" gap="1744.98"/>
    <instantOut id="235_D025" time="39837.25" state="stay" vehID="Car_23394" speed="8.46" length="5.00" type="DEFAULT_CAR"/>
    <instantOut id="235_D025" time="39837.50" state="stay" vehID="Car_23394" speed="7.71" length="5.00" type="DEFAULT_CAR"/>
    <instantOut id="235_D025" time="39837.75" state="stay" vehID="Car_23394" speed="7.22" length="5.00" type="DEFAULT_CAR"/>
    <instantOut id="235_D025" time="39837.94" state="leave" vehID="Car_23394" speed="6.47" length="5.00" type="DEFAULT_CAR" occupancy="0.69"/>
    <instantOut id="235_D025" time="39845.78" state="enter" vehID="Car_23400" speed="7.64" length="5.00" type="DEFAULT_CAR" gap="7.84"/>
    <instantOut id="235_D025" time="39846.00" state="stay" vehID="Car_23400" speed="7.64" length="5.00" type="DEFAULT_CAR"/>
    <instantOut id="235_D025" time="39846.25" state="stay" vehID="Car_23400" speed="6.89" length="5.00" type="DEFAULT_CAR"/>
    <instantOut id="235_D025" time="39846.50" state="stay" vehID="Car_23400" speed="6.14" length="5.00" type="DEFAULT_CAR"/>
    <instantOut id="235_D025" time="39846.52" state="leave" vehID="Car_23400" speed="5.39" length="5.00" type="DEFAULT_CAR" occupancy="0.73"/>
    <instantOut id="235_D025" time="40434.93" state="enter" vehID="Car_23335" speed="10.11" length="5.00" type="DEFAULT_CAR" gap="588.42"/>
    <instantOut id="235_D025" time="40435.00" state="stay" vehID="Car_23335" speed="10.11" length="5.00" type="DEFAULT_CAR"/>
    <instantOut id="235_D025" time="40435.25" state="stay" vehID="Car_23335" speed="9.36" length="5.00" type="DEFAULT_CAR"/>
    <instantOut id="235_D025" time="40435.48" state="leave" vehID="Car_23335" speed="8.61" length="5.00" type="DEFAULT_CAR" occupancy="0.55"/>
    <instantOut id="235_D025" time="42063.76" state="enter" vehID="Car_23651" speed="7.95" length="5.00" type="DEFAULT_CAR" gap="1628.28"/>
    <instantOut id="235_D025" time="42064.00" state="stay" vehID="Car_23651" speed="7.95" length="5.00" type="DEFAULT_CAR"/>
    <instantOut id="235_D025" time="42064.25" state="stay" vehID="Car_23651" speed="7.20" length="5.00" type="DEFAULT_CAR"/>
    <instantOut id="235_D025" time="42064.45" state="leave" vehID="Car_23651" speed="6.45" length="5.00" type="DEFAULT_CAR" occupancy="0.69"/>
    <instantOut id="235_D025" time="43478.94" state="enter" vehID="Car_24766" speed="6.99" length="5.00" type="DEFAULT_CAR" gap="1414.49"/>
    <instantOut id="235_D025" time="43479.00" state="stay" vehID="Car_24766" speed="6.99" length="5.00" type="DEFAULT_CAR"/>
    <instantOut id="235_D025" time="43479.25" state="stay" vehID="Car_24766" speed="7.50" length="5.00" type="DEFAULT_CAR"/>
    <instantOut id="235_D025" time="43479.50" state="stay" vehID="Car_24766" speed="8.43" length="5.00" type="DEFAULT_CAR"/>
    <instantOut id="235_D025" time="43479.57" state="leave" vehID="Car_24766" speed="8.19" length="5.00" type="DEFAULT_CAR" occupancy="0.63"/>
</instantE1>
