<?xml version="1.0" encoding="UTF-8"?>

<!-- generated on 2025-02-28 16:30:30 by Eclipse SUMO GUI Version 1.19.0
<configuration xmlns:xsi="http://www.w3.org/2001/XMLSchema-instance" xsi:noNamespaceSchemaLocation="http://sumo.dlr.de/xsd/sumoConfiguration.xsd">

    <input>
        <net-file value="Network.net.xml"/>
        <route-files value="CarRoutes.rou.xml"/>
        <additional-files value="Sensors.add.xml"/>
    </input>

    <output>
        <emission-output value="logs/Emissions.xml"/>
        <summary-output value="logs/Log_summary.xml"/>
        <summary-output.period value="300"/>
        <tripinfo-output value="logs/TripInfos.xml"/>
    </output>

    <time>
        <begin value="0"/>
        <end value="86400"/>
        <step-length value="0.25"/>
    </time>

    <processing>
        <ignore-junction-blocker value="0.1"/>
        <time-to-teleport value="-1"/>
    </processing>

    <report>
        <verbose value="true"/>
        <no-step-log value="true"/>
    </report>

    <emissions>
        <device.emissions.period value="10"/>
    </emissions>

    <traci_server>
        <remote-port value="57301"/>
    </traci_server>

    <gui_only>
        <quit-on-end value="true"/>
        <start value="true"/>
    </gui_only>

</configuration>
-->

<summary xmlns:xsi="http://www.w3.org/2001/XMLSchema-instance" xsi:noNamespaceSchemaLocation="http://sumo.dlr.de/xsd/summary_file.xsd">
    <step time="0.00" loaded="0" inserted="0" running="0" waiting="0" ended="0" arrived="0" collisions="0" teleports="0" halting="0" stopped="0" meanWaitingTime="-1.00" meanTravelTime="-1.00" meanSpeed="-1.00" meanSpeedRelative="-1.00" duration="0"/>
    <step time="300.00" loaded="213" inserted="201" running="99" waiting="12" ended="102" arrived="102" collisions="0" teleports="0" halting="48" stopped="0" meanWaitingTime="13.37" meanTravelTime="75.76" meanSpeed="3.23" meanSpeedRelative="0.23" duration="3"/>
    <step time="600.00" loaded="377" inserted="365" running="66" waiting="12" ended="299" arrived="299" collisions="0" teleports="0" halting="29" stopped="0" meanWaitingTime="16.80" meanTravelTime="115.33" meanSpeed="4.55" meanSpeedRelative="0.33" duration="2"/>
    <step time="900.00" loaded="535" inserted="525" running="71" waiting="10" ended="454" arrived="454" collisions="0" teleports="0" halting="50" stopped="0" meanWaitingTime="14.90" meanTravelTime="111.90" meanSpeed="2.71" meanSpeedRelative="0.19" duration="2"/>
    <step time="1200.00" loaded="708" inserted="693" running="69" waiting="15" ended="624" arrived="624" collisions="0" teleports="0" halting="11" stopped="0" meanWaitingTime="17.58" meanTravelTime="120.86" meanSpeed="7.24" meanSpeedRelative="0.52" duration="3"/>
    <step time="1500.00" loaded="871" inserted="851" running="55" waiting="20" ended="796" arrived="796" collisions="0" teleports="0" halting="14" stopped="0" meanWaitingTime="18.52" meanTravelTime="120.02" meanSpeed="4.67" meanSpeedRelative="0.34" duration="2"/>
    <step time="1800.00" loaded="1032" inserted="1013" running="63" waiting="19" ended="950" arrived="950" collisions="0" teleports="0" halting="19" stopped="0" meanWaitingTime="21.37" meanTravelTime="118.04" meanSpeed="4.31" meanSpeedRelative="0.31" duration="2"/>
    <step time="2100.00" loaded="1193" inserted="1178" running="71" waiting="15" ended="1107" arrived="1107" collisions="0" teleports="0" halting="49" stopped="0" meanWaitingTime="20.02" meanTravelTime="115.32" meanSpeed="2.67" meanSpeedRelative="0.19" duration="2"/>
    <step time="2400.00" loaded="1338" inserted="1322" running="45" waiting="16" ended="1277" arrived="1277" collisions="0" teleports="0" halting="21" stopped="0" meanWaitingTime="19.82" meanTravelTime="117.34" meanSpeed="4.82" meanSpeedRelative="0.35" duration="2"/>
    <step time="2700.00" loaded="1482" inserted="1481" running="46" waiting="1" ended="1435" arrived="1435" collisions="0" teleports="0" halting="11" stopped="0" meanWaitingTime="19.49" meanTravelTime="114.18" meanSpeed="7.18" meanSpeedRelative="0.52" duration="2"/>
    <step time="3000.00" loaded="1642" inserted="1635" running="41" waiting="7" ended="1594" arrived="1594" collisions="0" teleports="0" halting="22" stopped="0" meanWaitingTime="18.21" meanTravelTime="111.75" meanSpeed="3.85" meanSpeedRelative="0.28" duration="1"/>
    <step time="3300.00" loaded="1813" inserted="1798" running="55" waiting="15" ended="1743" arrived="1743" collisions="0" teleports="0" halting="10" stopped="0" meanWaitingTime="18.34" meanTravelTime="110.86" meanSpeed="7.31" meanSpeedRelative="0.53" duration="2"/>
    <step time="3600.00" loaded="1944" inserted="1944" running="48" waiting="0" ended="1896" arrived="1896" collisions="0" teleports="0" halting="14" stopped="0" meanWaitingTime="18.03" meanTravelTime="110.33" meanSpeed="5.90" meanSpeedRelative="0.42" duration="1"/>
    <step time="3900.00" loaded="2109" inserted="2109" running="78" waiting="0" ended="2031" arrived="2031" collisions="0" teleports="0" halting="27" stopped="0" meanWaitingTime="16.73" meanTravelTime="109.62" meanSpeed="3.16" meanSpeedRelative="0.23" duration="3"/>
    <step time="4200.00" loaded="2242" inserted="2237" running="46" waiting="5" ended="2191" arrived="2191" collisions="0" teleports="0" halting="10" stopped="0" meanWaitingTime="16.93" meanTravelTime="112.23" meanSpeed="6.17" meanSpeedRelative="0.48" duration="2"/>
    <step time="4500.00" loaded="2417" inserted="2416" running="69" waiting="1" ended="2347" arrived="2347" collisions="0" teleports="0" halting="31" stopped="0" meanWaitingTime="16.29" meanTravelTime="110.95" meanSpeed="4.64" meanSpeedRelative="0.33" duration="3"/>
    <step time="4800.00" loaded="2573" inserted="2567" running="48" waiting="6" ended="2519" arrived="2519" collisions="0" teleports="0" halting="15" stopped="0" meanWaitingTime="15.61" meanTravelTime="110.21" meanSpeed="5.31" meanSpeedRelative="0.38" duration="2"/>
    <step time="5100.00" loaded="2738" inserted="2728" running="54" waiting="10" ended="2674" arrived="2674" collisions="0" teleports="0" halting="13" stopped="0" meanWaitingTime="16.32" meanTravelTime="109.43" meanSpeed="5.07" meanSpeedRelative="0.37" duration="1"/>
    <step time="5400.00" loaded="2889" inserted="2887" running="45" waiting="2" ended="2842" arrived="2842" collisions="0" teleports="0" halting="14" stopped="0" meanWaitingTime="15.83" meanTravelTime="109.06" meanSpeed="5.46" meanSpeedRelative="0.39" duration="1"/>
    <step time="5700.00" loaded="3074" inserted="3059" running="68" waiting="15" ended="2991" arrived="2991" collisions="0" teleports="0" halting="22" stopped="0" meanWaitingTime="15.32" meanTravelTime="108.55" meanSpeed="5.51" meanSpeedRelative="0.40" duration="3"/>
    <step time="6000.00" loaded="3198" inserted="3195" running="32" waiting="3" ended="3163" arrived="3163" collisions="0" teleports="0" halting="12" stopped="0" meanWaitingTime="15.39" meanTravelTime="109.43" meanSpeed="5.55" meanSpeedRelative="0.40" duration="1"/>
    <step time="6300.00" loaded="3360" inserted="3343" running="72" waiting="17" ended="3271" arrived="3271" collisions="0" teleports="0" halting="31" stopped="0" meanWaitingTime="15.46" meanTravelTime="109.13" meanSpeed="3.71" meanSpeedRelative="0.27" duration="2"/>
    <step time="6600.00" loaded="3522" inserted="3514" running="54" waiting="8" ended="3460" arrived="3460" collisions="0" teleports="0" halting="19" stopped="0" meanWaitingTime="15.68" meanTravelTime="109.29" meanSpeed="4.43" meanSpeedRelative="0.32" duration="2"/>
    <step time="6900.00" loaded="3710" inserted="3693" running="64" waiting="17" ended="3629" arrived="3629" collisions="0" teleports="0" halting="22" stopped="0" meanWaitingTime="15.67" meanTravelTime="108.81" meanSpeed="4.53" meanSpeedRelative="0.33" duration="2"/>
    <step time="7200.00" loaded="3867" inserted="3842" running="54" waiting="25" ended="3788" arrived="3788" collisions="0" teleports="0" halting="20" stopped="0" meanWaitingTime="16.29" meanTravelTime="108.84" meanSpeed="4.80" meanSpeedRelative="0.35" duration="3"/>
    <step time="7500.00" loaded="4018" inserted="4006" running="39" waiting="12" ended="3967" arrived="3967" collisions="0" teleports="0" halting="21" stopped="0" meanWaitingTime="17.10" meanTravelTime="108.60" meanSpeed="3.42" meanSpeedRelative="0.25" duration="1"/>
    <step time="7800.00" loaded="4173" inserted="4150" running="42" waiting="23" ended="4108" arrived="4108" collisions="0" teleports="0" halting="10" stopped="0" meanWaitingTime="17.58" meanTravelTime="107.97" meanSpeed="5.77" meanSpeedRelative="0.42" duration="1"/>
    <step time="8100.00" loaded="4343" inserted="4330" running="45" waiting="13" ended="4285" arrived="4285" collisions="0" teleports="0" halting="14" stopped="0" meanWaitingTime="18.69" meanTravelTime="107.02" meanSpeed="5.51" meanSpeedRelative="0.40" duration="2"/>
    <step time="8400.00" loaded="4527" inserted="4523" running="74" waiting="4" ended="4449" arrived="4449" collisions="0" teleports="0" halting="32" stopped="0" meanWaitingTime="18.60" meanTravelTime="106.48" meanSpeed="4.33" meanSpeedRelative="0.31" duration="3"/>
    <step time="8700.00" loaded="4697" inserted="4692" running="69" waiting="5" ended="4623" arrived="4623" collisions="0" teleports="0" halting="22" stopped="0" meanWaitingTime="18.38" meanTravelTime="106.95" meanSpeed="4.74" meanSpeedRelative="0.34" duration="2"/>
    <step time="9000.00" loaded="4885" inserted="4868" running="60" waiting="17" ended="4808" arrived="4808" collisions="0" teleports="0" halting="14" stopped="0" meanWaitingTime="18.20" meanTravelTime="106.66" meanSpeed="3.38" meanSpeedRelative="0.24" duration="2"/>
    <step time="9300.00" loaded="5069" inserted="5051" running="54" waiting="18" ended="4997" arrived="4997" collisions="0" teleports="0" halting="22" stopped="0" meanWaitingTime="18.22" meanTravelTime="106.59" meanSpeed="4.50" meanSpeedRelative="0.32" duration="2"/>
    <step time="9600.00" loaded="5237" inserted="5226" running="61" waiting="11" ended="5165" arrived="5165" collisions="0" teleports="0" halting="10" stopped="0" meanWaitingTime="18.72" meanTravelTime="106.07" meanSpeed="6.66" meanSpeedRelative="0.48" duration="2"/>
    <step time="9900.00" loaded="5384" inserted="5378" running="45" waiting="6" ended="5333" arrived="5333" collisions="0" teleports="0" halting="15" stopped="0" meanWaitingTime="18.53" meanTravelTime="106.16" meanSpeed="5.78" meanSpeedRelative="0.42" duration="1"/>
    <step time="10200.00" loaded="5553" inserted="5540" running="61" waiting="13" ended="5479" arrived="5479" collisions="0" teleports="0" halting="11" stopped="0" meanWaitingTime="18.52" meanTravelTime="105.89" meanSpeed="5.87" meanSpeedRelative="0.42" duration="2"/>
    <step time="10500.00" loaded="5731" inserted="5720" running="78" waiting="11" ended="5642" arrived="5642" collisions="0" teleports="0" halting="29" stopped="0" meanWaitingTime="18.48" meanTravelTime="106.16" meanSpeed="4.05" meanSpeedRelative="0.29" duration="2"/>
    <step time="10800.00" loaded="5905" inserted="5897" running="84" waiting="8" ended="5813" arrived="5813" collisions="0" teleports="0" halting="16" stopped="0" meanWaitingTime="18.51" meanTravelTime="106.81" meanSpeed="4.80" meanSpeedRelative="0.35" duration="2"/>
    <step time="11100.00" loaded="6080" inserted="6062" running="70" waiting="18" ended="5992" arrived="5992" collisions="0" teleports="0" halting="35" stopped="0" meanWaitingTime="18.51" meanTravelTime="107.96" meanSpeed="3.29" meanSpeedRelative="0.24" duration="2"/>
    <step time="11400.00" loaded="6253" inserted="6219" running="62" waiting="34" ended="6157" arrived="6157" collisions="0" teleports="0" halting="18" stopped="0" meanWaitingTime="19.15" meanTravelTime="108.29" meanSpeed="5.17" meanSpeedRelative="0.37" duration="1"/>
    <step time="11700.00" loaded="6398" inserted="6377" running="55" waiting="21" ended="6322" arrived="6322" collisions="0" teleports="0" halting="9" stopped="0" meanWaitingTime="20.20" meanTravelTime="108.33" meanSpeed="5.04" meanSpeedRelative="0.36" duration="1"/>
    <step time="12000.00" loaded="6572" inserted="6564" running="70" waiting="8" ended="6494" arrived="6494" collisions="0" teleports="0" halting="20" stopped="0" meanWaitingTime="20.24" meanTravelTime="108.76" meanSpeed="4.62" meanSpeedRelative="0.33" duration="2"/>
    <step time="12300.00" loaded="6739" inserted="6739" running="65" waiting="0" ended="6674" arrived="6674" collisions="0" teleports="0" halting="26" stopped="0" meanWaitingTime="19.95" meanTravelTime="109.17" meanSpeed="3.01" meanSpeedRelative="0.22" duration="2"/>
    <step time="12600.00" loaded="6910" inserted="6890" running="57" waiting="20" ended="6833" arrived="6833" collisions="0" teleports="0" halting="20" stopped="0" meanWaitingTime="19.75" meanTravelTime="109.09" meanSpeed="4.31" meanSpeedRelative="0.31" duration="2"/>
    <step time="12900.00" loaded="7076" inserted="7063" running="60" waiting="13" ended="7003" arrived="7003" collisions="0" teleports="0" halting="20" stopped="0" meanWaitingTime="19.98" meanTravelTime="109.07" meanSpeed="4.84" meanSpeedRelative="0.35" duration="2"/>
    <step time="13200.00" loaded="7252" inserted="7231" running="83" waiting="21" ended="7148" arrived="7148" collisions="0" teleports="0" halting="22" stopped="0" meanWaitingTime="20.03" meanTravelTime="108.93" meanSpeed="5.32" meanSpeedRelative="0.38" duration="2"/>
    <step time="13500.00" loaded="7428" inserted="7420" running="79" waiting="8" ended="7341" arrived="7341" collisions="0" teleports="0" halting="26" stopped="0" meanWaitingTime="19.97" meanTravelTime="109.47" meanSpeed="3.28" meanSpeedRelative="0.24" duration="3"/>
    <step time="13800.00" loaded="7621" inserted="7605" running="80" waiting="16" ended="7525" arrived="7525" collisions="0" teleports="0" halting="16" stopped="0" meanWaitingTime="20.06" meanTravelTime="109.77" meanSpeed="5.53" meanSpeedRelative="0.40" duration="2"/>
    <step time="14100.00" loaded="7780" inserted="7776" running="63" waiting="4" ended="7713" arrived="7713" collisions="0" teleports="0" halting="18" stopped="0" meanWaitingTime="20.09" meanTravelTime="110.23" meanSpeed="6.49" meanSpeedRelative="0.47" duration="2"/>
    <step time="14400.00" loaded="7918" inserted="7908" running="56" waiting="10" ended="7852" arrived="7852" collisions="0" teleports="0" halting="12" stopped="0" meanWaitingTime="20.27" meanTravelTime="110.11" meanSpeed="6.32" meanSpeedRelative="0.49" duration="2"/>
    <step time="14700.00" loaded="8111" inserted="8092" running="60" waiting="19" ended="8032" arrived="8032" collisions="0" teleports="0" halting="8" stopped="0" meanWaitingTime="20.22" meanTravelTime="109.65" meanSpeed="6.45" meanSpeedRelative="0.48" duration="3"/>
    <step time="15000.00" loaded="8271" inserted="8266" running="97" waiting="5" ended="8169" arrived="8169" collisions="0" teleports="0" halting="13" stopped="0" meanWaitingTime="20.03" meanTravelTime="109.98" meanSpeed="5.51" meanSpeedRelative="0.40" duration="2"/>
    <step time="15300.00" loaded="8432" inserted="8398" running="63" waiting="34" ended="8335" arrived="8335" collisions="0" teleports="0" halting="28" stopped="0" meanWaitingTime="20.20" meanTravelTime="110.72" meanSpeed="4.68" meanSpeedRelative="0.34" duration="2"/>
    <step time="15600.00" loaded="8596" inserted="8586" running="59" waiting="10" ended="8527" arrived="8527" collisions="0" teleports="0" halting="19" stopped="0" meanWaitingTime="20.95" meanTravelTime="110.42" meanSpeed="6.02" meanSpeedRelative="0.43" duration="2"/>
    <step time="15900.00" loaded="8785" inserted="8774" running="98" waiting="11" ended="8676" arrived="8676" collisions="0" teleports="0" halting="44" stopped="0" meanWaitingTime="21.23" meanTravelTime="110.13" meanSpeed="3.44" meanSpeedRelative="0.25" duration="4"/>
    <step time="16200.00" loaded="8973" inserted="8939" running="52" waiting="34" ended="8887" arrived="8887" collisions="0" teleports="0" halting="16" stopped="0" meanWaitingTime="21.46" meanTravelTime="110.45" meanSpeed="5.49" meanSpeedRelative="0.40" duration="3"/>
    <step time="16500.00" loaded="9139" inserted="9124" running="72" waiting="15" ended="9052" arrived="9052" collisions="0" teleports="0" halting="22" stopped="0" meanWaitingTime="22.04" meanTravelTime="110.45" meanSpeed="5.02" meanSpeedRelative="0.36" duration="2"/>
    <step time="16800.00" loaded="9328" inserted="9287" running="59" waiting="41" ended="9228" arrived="9228" collisions="0" teleports="0" halting="21" stopped="0" meanWaitingTime="22.32" meanTravelTime="110.58" meanSpeed="4.39" meanSpeedRelative="0.32" duration="3"/>
    <step time="17100.00" loaded="9498" inserted="9468" running="63" waiting="30" ended="9405" arrived="9405" collisions="0" teleports="0" halting="11" stopped="0" meanWaitingTime="23.17" meanTravelTime="110.51" meanSpeed="6.19" meanSpeedRelative="0.45" duration="2"/>
    <step time="17400.00" loaded="9677" inserted="9652" running="71" waiting="25" ended="9581" arrived="9581" collisions="0" teleports="0" halting="27" stopped="0" meanWaitingTime="23.82" meanTravelTime="110.49" meanSpeed="4.30" meanSpeedRelative="0.31" duration="2"/>
    <step time="17700.00" loaded="9850" inserted="9822" running="72" waiting="28" ended="9750" arrived="9750" collisions="0" teleports="0" halting="21" stopped="0" meanWaitingTime="24.18" meanTravelTime="110.71" meanSpeed="5.10" meanSpeedRelative="0.37" duration="3"/>
    <step time="18000.00" loaded="10014" inserted="9993" running="70" waiting="21" ended="9923" arrived="9923" collisions="0" teleports="0" halting="24" stopped="0" meanWaitingTime="24.72" meanTravelTime="111.05" meanSpeed="5.15" meanSpeedRelative="0.37" duration="3"/>
    <step time="18300.00" loaded="10201" inserted="10168" running="46" waiting="33" ended="10122" arrived="10122" collisions="0" teleports="0" halting="14" stopped="0" meanWaitingTime="24.94" meanTravelTime="111.03" meanSpeed="5.23" meanSpeedRelative="0.38" duration="1"/>
    <step time="18600.00" loaded="10359" inserted="10330" running="69" waiting="29" ended="10261" arrived="10261" collisions="0" teleports="0" halting="25" stopped="0" meanWaitingTime="25.48" meanTravelTime="110.84" meanSpeed="4.49" meanSpeedRelative="0.32" duration="1"/>
    <step time="18900.00" loaded="10547" inserted="10513" running="66" waiting="34" ended="10447" arrived="10447" collisions="0" teleports="0" halting="12" stopped="0" meanWaitingTime="25.82" meanTravelTime="111.11" meanSpeed="7.32" meanSpeedRelative="0.53" duration="2"/>
    <step time="19200.00" loaded="10723" inserted="10697" running="72" waiting="26" ended="10625" arrived="10625" collisions="0" teleports="0" halting="46" stopped="0" meanWaitingTime="26.14" meanTravelTime="111.08" meanSpeed="3.65" meanSpeedRelative="0.26" duration="2"/>
    <step time="19500.00" loaded="10931" inserted="10903" running="96" waiting="28" ended="10807" arrived="10807" collisions="0" teleports="0" halting="35" stopped="0" meanWaitingTime="26.39" meanTravelTime="111.38" meanSpeed="3.53" meanSpeedRelative="0.25" duration="2"/>
    <step time="19800.00" loaded="11108" inserted="11076" running="72" waiting="32" ended="11004" arrived="11004" collisions="0" teleports="0" halting="34" stopped="0" meanWaitingTime="26.80" meanTravelTime="111.55" meanSpeed="4.54" meanSpeedRelative="0.33" duration="2"/>
    <step time="20100.00" loaded="11303" inserted="11275" running="76" waiting="28" ended="11199" arrived="11199" collisions="0" teleports="0" halting="22" stopped="0" meanWaitingTime="27.26" meanTravelTime="111.58" meanSpeed="5.88" meanSpeedRelative="0.42" duration="3"/>
    <step time="20400.00" loaded="11473" inserted="11440" running="74" waiting="33" ended="11366" arrived="11366" collisions="0" teleports="0" halting="23" stopped="0" meanWaitingTime="27.68" meanTravelTime="111.63" meanSpeed="4.87" meanSpeedRelative="0.35" duration="2"/>
    <step time="20700.00" loaded="11649" inserted="11625" running="72" waiting="24" ended="11553" arrived="11553" collisions="0" teleports="0" halting="30" stopped="0" meanWaitingTime="28.06" meanTravelTime="111.63" meanSpeed="4.24" meanSpeedRelative="0.32" duration="2"/>
    <step time="21000.00" loaded="11832" inserted="11819" running="61" waiting="13" ended="11758" arrived="11758" collisions="0" teleports="0" halting="38" stopped="0" meanWaitingTime="28.32" meanTravelTime="111.48" meanSpeed="3.69" meanSpeedRelative="0.27" duration="2"/>
    <step time="21300.00" loaded="11992" inserted="11973" running="65" waiting="19" ended="11908" arrived="11908" collisions="0" teleports="0" halting="18" stopped="0" meanWaitingTime="28.39" meanTravelTime="111.41" meanSpeed="5.87" meanSpeedRelative="0.42" duration="2"/>
    <step time="21600.00" loaded="12211" inserted="12178" running="82" waiting="33" ended="12096" arrived="12096" collisions="0" teleports="0" halting="12" stopped="0" meanWaitingTime="28.64" meanTravelTime="111.41" meanSpeed="5.97" meanSpeedRelative="0.43" duration="3"/>
    <step time="21900.00" loaded="12397" inserted="12370" running="78" waiting="27" ended="12292" arrived="12292" collisions="0" teleports="0" halting="27" stopped="0" meanWaitingTime="28.79" meanTravelTime="111.31" meanSpeed="5.70" meanSpeedRelative="0.41" duration="3"/>
    <step time="22200.00" loaded="12586" inserted="12552" running="64" waiting="34" ended="12488" arrived="12488" collisions="0" teleports="0" halting="14" stopped="0" meanWaitingTime="29.05" meanTravelTime="111.12" meanSpeed="4.55" meanSpeedRelative="0.34" duration="3"/>
    <step time="22500.00" loaded="12760" inserted="12711" running="71" waiting="49" ended="12640" arrived="12640" collisions="0" teleports="0" halting="11" stopped="0" meanWaitingTime="29.39" meanTravelTime="111.43" meanSpeed="4.85" meanSpeedRelative="0.35" duration="2"/>
    <step time="22800.00" loaded="12955" inserted="12942" running="103" waiting="13" ended="12839" arrived="12839" collisions="0" teleports="0" halting="61" stopped="0" meanWaitingTime="29.75" meanTravelTime="111.75" meanSpeed="2.07" meanSpeedRelative="0.15" duration="3"/>
    <step time="23100.00" loaded="13138" inserted="13122" running="92" waiting="16" ended="13030" arrived="13030" collisions="0" teleports="0" halting="39" stopped="0" meanWaitingTime="29.77" meanTravelTime="112.39" meanSpeed="3.90" meanSpeedRelative="0.28" duration="4"/>
    <step time="23400.00" loaded="13327" inserted="13300" running="57" waiting="27" ended="13243" arrived="13243" collisions="0" teleports="0" halting="15" stopped="0" meanWaitingTime="29.84" meanTravelTime="112.54" meanSpeed="5.61" meanSpeedRelative="0.40" duration="2"/>
    <step time="23700.00" loaded="13557" inserted="13514" running="82" waiting="43" ended="13432" arrived="13432" collisions="0" teleports="0" halting="37" stopped="0" meanWaitingTime="29.96" meanTravelTime="112.22" meanSpeed="4.32" meanSpeedRelative="0.31" duration="2"/>
    <step time="24000.00" loaded="13733" inserted="13696" running="69" waiting="37" ended="13627" arrived="13627" collisions="0" teleports="0" halting="18" stopped="0" meanWaitingTime="30.30" meanTravelTime="112.16" meanSpeed="4.29" meanSpeedRelative="0.31" duration="3"/>
    <step time="24300.00" loaded="13947" inserted="13911" running="119" waiting="36" ended="13792" arrived="13792" collisions="0" teleports="0" halting="61" stopped="0" meanWaitingTime="30.65" meanTravelTime="112.32" meanSpeed="3.49" meanSpeedRelative="0.25" duration="5"/>
    <step time="24600.00" loaded="14174" inserted="14133" running="78" waiting="41" ended="14055" arrived="14055" collisions="0" teleports="0" halting="24" stopped="0" meanWaitingTime="30.95" meanTravelTime="112.86" meanSpeed="3.65" meanSpeedRelative="0.26" duration="2"/>
    <step time="24900.00" loaded="14389" inserted="14354" running="99" waiting="35" ended="14255" arrived="14255" collisions="0" teleports="0" halting="38" stopped="0" meanWaitingTime="31.40" meanTravelTime="113.14" meanSpeed="4.02" meanSpeedRelative="0.29" duration="2"/>
    <step time="25200.00" loaded="14584" inserted="14540" running="65" waiting="44" ended="14475" arrived="14475" collisions="0" teleports="0" halting="23" stopped="0" meanWaitingTime="31.52" meanTravelTime="113.23" meanSpeed="4.47" meanSpeedRelative="0.33" duration="2"/>
    <step time="25500.00" loaded="14760" inserted="14739" running="66" waiting="21" ended="14673" arrived="14673" collisions="0" teleports="0" halting="30" stopped="0" meanWaitingTime="31.82" meanTravelTime="113.33" meanSpeed="5.22" meanSpeedRelative="0.38" duration="4"/>
    <step time="25800.00" loaded="14991" inserted="14960" running="70" waiting="31" ended="14890" arrived="14890" collisions="0" teleports="0" halting="17" stopped="0" meanWaitingTime="31.78" meanTravelTime="113.14" meanSpeed="5.29" meanSpeedRelative="0.38" duration="2"/>
    <step time="26100.00" loaded="15204" inserted="15173" running="87" waiting="31" ended="15086" arrived="15086" collisions="0" teleports="0" halting="36" stopped="0" meanWaitingTime="31.97" meanTravelTime="113.24" meanSpeed="3.70" meanSpeedRelative="0.27" duration="5"/>
    <step time="26400.00" loaded="15399" inserted="15359" running="86" waiting="40" ended="15273" arrived="15273" collisions="0" teleports="0" halting="36" stopped="0" meanWaitingTime="32.18" meanTravelTime="113.27" meanSpeed="3.33" meanSpeedRelative="0.24" duration="2"/>
    <step time="26700.00" loaded="15615" inserted="15587" running="98" waiting="28" ended="15489" arrived="15489" collisions="0" teleports="0" halting="35" stopped="0" meanWaitingTime="32.52" meanTravelTime="113.29" meanSpeed="4.28" meanSpeedRelative="0.31" duration="3"/>
    <step time="27000.00" loaded="15833" inserted="15795" running="88" waiting="38" ended="15707" arrived="15707" collisions="0" teleports="0" halting="28" stopped="0" meanWaitingTime="32.72" meanTravelTime="113.46" meanSpeed="5.33" meanSpeedRelative="0.38" duration="3"/>
    <step time="27300.00" loaded="16056" inserted="16013" running="101" waiting="43" ended="15912" arrived="15912" collisions="0" teleports="0" halting="36" stopped="0" meanWaitingTime="33.07" meanTravelTime="113.25" meanSpeed="4.40" meanSpeedRelative="0.32" duration="7"/>
    <step time="27600.00" loaded="16253" inserted="16205" running="69" waiting="48" ended="16136" arrived="16136" collisions="0" teleports="0" halting="39" stopped="0" meanWaitingTime="33.35" meanTravelTime="113.32" meanSpeed="3.06" meanSpeedRelative="0.22" duration="3"/>
    <step time="27900.00" loaded="16459" inserted="16417" running="67" waiting="42" ended="16350" arrived="16350" collisions="0" teleports="0" halting="14" stopped="0" meanWaitingTime="33.72" meanTravelTime="113.23" meanSpeed="5.97" meanSpeedRelative="0.43" duration="2"/>
    <step time="28200.00" loaded="16684" inserted="16654" running="72" waiting="30" ended="16582" arrived="16582" collisions="0" teleports="0" halting="16" stopped="0" meanWaitingTime="34.10" meanTravelTime="113.03" meanSpeed="5.61" meanSpeedRelative="0.40" duration="3"/>
    <step time="28500.00" loaded="16885" inserted="16856" running="77" waiting="29" ended="16779" arrived="16779" collisions="0" teleports="0" halting="24" stopped="0" meanWaitingTime="34.25" meanTravelTime="113.03" meanSpeed="5.58" meanSpeedRelative="0.42" duration="1"/>
    <step time="28800.00" loaded="17098" inserted="17066" running="69" waiting="32" ended="16997" arrived="16997" collisions="0" teleports="0" halting="29" stopped="0" meanWaitingTime="34.27" meanTravelTime="112.90" meanSpeed="3.94" meanSpeedRelative="0.28" duration="3"/>
    <step time="29100.00" loaded="17324" inserted="17285" running="104" waiting="39" ended="17181" arrived="17181" collisions="0" teleports="0" halting="44" stopped="0" meanWaitingTime="34.27" meanTravelTime="113.05" meanSpeed="2.82" meanSpeedRelative="0.20" duration="3"/>
    <step time="29400.00" loaded="17526" inserted="17470" running="89" waiting="56" ended="17381" arrived="17381" collisions="0" teleports="0" halting="21" stopped="0" meanWaitingTime="34.47" meanTravelTime="113.53" meanSpeed="4.57" meanSpeedRelative="0.33" duration="3"/>
    <step time="29700.00" loaded="17709" inserted="17650" running="77" waiting="59" ended="17573" arrived="17573" collisions="0" teleports="0" halting="20" stopped="0" meanWaitingTime="34.68" meanTravelTime="113.79" meanSpeed="4.82" meanSpeedRelative="0.35" duration="2"/>
    <step time="30000.00" loaded="17884" inserted="17837" running="71" waiting="47" ended="17766" arrived="17766" collisions="0" teleports="0" halting="37" stopped="0" meanWaitingTime="35.43" meanTravelTime="113.92" meanSpeed="3.05" meanSpeedRelative="0.23" duration="3"/>
    <step time="30300.00" loaded="18083" inserted="18032" running="78" waiting="51" ended="17954" arrived="17954" collisions="0" teleports="0" halting="38" stopped="0" meanWaitingTime="36.01" meanTravelTime="113.99" meanSpeed="3.67" meanSpeedRelative="0.26" duration="4"/>
    <step time="30600.00" loaded="18301" inserted="18257" running="90" waiting="44" ended="18167" arrived="18167" collisions="0" teleports="0" halting="40" stopped="0" meanWaitingTime="36.47" meanTravelTime="113.95" meanSpeed="4.57" meanSpeedRelative="0.33" duration="4"/>
    <step time="30900.00" loaded="18519" inserted="18476" running="96" waiting="43" ended="18380" arrived="18380" collisions="0" teleports="0" halting="28" stopped="0" meanWaitingTime="36.74" meanTravelTime="113.94" meanSpeed="3.24" meanSpeedRelative="0.23" duration="4"/>
    <step time="31200.00" loaded="18693" inserted="18645" running="67" waiting="48" ended="18578" arrived="18578" collisions="0" teleports="0" halting="16" stopped="0" meanWaitingTime="36.86" meanTravelTime="114.23" meanSpeed="4.97" meanSpeedRelative="0.36" duration="3"/>
    <step time="31500.00" loaded="18870" inserted="18818" running="60" waiting="52" ended="18758" arrived="18758" collisions="0" teleports="0" halting="30" stopped="0" meanWaitingTime="37.25" meanTravelTime="114.26" meanSpeed="4.53" meanSpeedRelative="0.33" duration="2"/>
    <step time="31800.00" loaded="19028" inserted="18972" running="58" waiting="56" ended="18914" arrived="18914" collisions="0" teleports="0" halting="17" stopped="0" meanWaitingTime="37.60" meanTravelTime="114.21" meanSpeed="4.95" meanSpeedRelative="0.36" duration="1"/>
    <step time="32100.00" loaded="19209" inserted="19152" running="74" waiting="57" ended="19078" arrived="19078" collisions="0" teleports="0" halting="24" stopped="0" meanWaitingTime="38.15" meanTravelTime="114.08" meanSpeed="4.22" meanSpeedRelative="0.30" duration="4"/>
    <step time="32400.00" loaded="19376" inserted="19300" running="51" waiting="76" ended="19249" arrived="19249" collisions="0" teleports="0" halting="19" stopped="0" meanWaitingTime="38.64" meanTravelTime="114.26" meanSpeed="5.97" meanSpeedRelative="0.43" duration="1"/>
    <step time="32700.00" loaded="19554" inserted="19466" running="52" waiting="88" ended="19414" arrived="19414" collisions="0" teleports="0" halting="11" stopped="0" meanWaitingTime="39.18" meanTravelTime="114.09" meanSpeed="5.91" meanSpeedRelative="0.43" duration="3"/>
    <step time="33000.00" loaded="19720" inserted="19638" running="53" waiting="82" ended="19585" arrived="19585" collisions="0" teleports="0" halting="8" stopped="0" meanWaitingTime="40.21" meanTravelTime="113.97" meanSpeed="5.59" meanSpeedRelative="0.40" duration="3"/>
    <step time="33300.00" loaded="19852" inserted="19785" running="65" waiting="67" ended="19720" arrived="19720" collisions="0" teleports="0" halting="17" stopped="0" meanWaitingTime="41.08" meanTravelTime="113.98" meanSpeed="5.47" meanSpeedRelative="0.40" duration="2"/>
    <step time="33600.00" loaded="20045" inserted="19969" running="61" waiting="76" ended="19908" arrived="19908" collisions="0" teleports="0" halting="24" stopped="0" meanWaitingTime="41.90" meanTravelTime="113.87" meanSpeed="4.60" meanSpeedRelative="0.33" duration="3"/>
    <step time="33900.00" loaded="20201" inserted="20126" running="61" waiting="75" ended="20065" arrived="20065" collisions="0" teleports="0" halting="22" stopped="0" meanWaitingTime="42.57" meanTravelTime="113.83" meanSpeed="4.86" meanSpeedRelative="0.35" duration="2"/>
    <step time="34200.00" loaded="20363" inserted="20298" running="90" waiting="65" ended="20208" arrived="20208" collisions="0" teleports="0" halting="21" stopped="0" meanWaitingTime="43.40" meanTravelTime="113.83" meanSpeed="5.09" meanSpeedRelative="0.37" duration="2"/>
    <step time="34500.00" loaded="20530" inserted="20448" running="54" waiting="82" ended="20394" arrived="20394" collisions="0" teleports="0" halting="20" stopped="0" meanWaitingTime="43.86" meanTravelTime="114.15" meanSpeed="5.07" meanSpeedRelative="0.40" duration="3"/>
    <step time="34800.00" loaded="20682" inserted="20606" running="75" waiting="76" ended="20531" arrived="20531" collisions="0" teleports="0" halting="21" stopped="0" meanWaitingTime="44.70" meanTravelTime="114.00" meanSpeed="3.78" meanSpeedRelative="0.27" duration="4"/>
    <step time="35100.00" loaded="20819" inserted="20746" running="47" waiting="73" ended="20699" arrived="20699" collisions="0" teleports="0" halting="7" stopped="0" meanWaitingTime="45.64" meanTravelTime="114.14" meanSpeed="7.88" meanSpeedRelative="0.57" duration="2"/>
    <step time="35400.00" loaded="20955" inserted="20883" running="39" waiting="72" ended="20844" arrived="20844" collisions="0" teleports="0" halting="6" stopped="0" meanWaitingTime="46.16" meanTravelTime="114.02" meanSpeed="6.89" meanSpeedRelative="0.50" duration="3"/>
    <step time="35700.00" loaded="21097" inserted="21032" running="49" waiting="65" ended="20983" arrived="20983" collisions="0" teleports="0" halting="26" stopped="0" meanWaitingTime="46.95" meanTravelTime="114.01" meanSpeed="3.60" meanSpeedRelative="0.26" duration="1"/>
    <step time="36000.00" loaded="21252" inserted="21211" running="50" waiting="41" ended="21161" arrived="21161" collisions="0" teleports="0" halting="13" stopped="0" meanWaitingTime="47.83" meanTravelTime="113.91" meanSpeed="4.99" meanSpeedRelative="0.36" duration="2"/>
    <step time="36300.00" loaded="21427" inserted="21365" running="67" waiting="62" ended="21298" arrived="21298" collisions="0" teleports="0" halting="30" stopped="0" meanWaitingTime="48.19" meanTravelTime="113.70" meanSpeed="4.16" meanSpeedRelative="0.30" duration="3"/>
    <step time="36600.00" loaded="21574" inserted="21512" running="66" waiting="62" ended="21446" arrived="21446" collisions="0" teleports="0" halting="10" stopped="0" meanWaitingTime="48.68" meanTravelTime="113.87" meanSpeed="5.00" meanSpeedRelative="0.36" duration="3"/>
    <step time="36900.00" loaded="21712" inserted="21654" running="44" waiting="58" ended="21610" arrived="21610" collisions="0" teleports="0" halting="15" stopped="0" meanWaitingTime="49.23" meanTravelTime="113.88" meanSpeed="4.71" meanSpeedRelative="0.36" duration="2"/>
    <step time="37200.00" loaded="21834" inserted="21775" running="32" waiting="59" ended="21743" arrived="21743" collisions="0" teleports="0" halting="14" stopped="0" meanWaitingTime="49.49" meanTravelTime="113.80" meanSpeed="4.71" meanSpeedRelative="0.34" duration="1"/>
    <step time="37500.00" loaded="21974" inserted="21897" running="48" waiting="77" ended="21849" arrived="21849" collisions="0" teleports="0" halting="12" stopped="0" meanWaitingTime="50.03" meanTravelTime="113.77" meanSpeed="5.12" meanSpeedRelative="0.37" duration="2"/>
    <step time="37800.00" loaded="22131" inserted="22053" running="56" waiting="78" ended="21997" arrived="21997" collisions="0" teleports="0" halting="22" stopped="0" meanWaitingTime="50.85" meanTravelTime="113.76" meanSpeed="5.81" meanSpeedRelative="0.42" duration="3"/>
    <step time="38100.00" loaded="22275" inserted="22179" running="41" waiting="96" ended="22138" arrived="22138" collisions="0" teleports="0" halting="13" stopped="0" meanWaitingTime="51.16" meanTravelTime="113.68" meanSpeed="5.55" meanSpeedRelative="0.40" duration="1"/>
    <step time="38400.00" loaded="22400" inserted="22310" running="45" waiting="90" ended="22265" arrived="22265" collisions="0" teleports="0" halting="18" stopped="0" meanWaitingTime="52.14" meanTravelTime="113.64" meanSpeed="4.50" meanSpeedRelative="0.32" duration="2"/>
    <step time="38700.00" loaded="22497" inserted="22413" running="42" waiting="84" ended="22371" arrived="22371" collisions="0" teleports="0" halting="19" stopped="0" meanWaitingTime="52.75" meanTravelTime="113.57" meanSpeed="3.95" meanSpeedRelative="0.28" duration="2"/>
    <step time="39000.00" loaded="22603" inserted="22492" running="31" waiting="111" ended="22461" arrived="22461" collisions="0" teleports="0" halting="8" stopped="0" meanWaitingTime="53.60" meanTravelTime="113.58" meanSpeed="6.39" meanSpeedRelative="0.46" duration="1"/>
    <step time="39300.00" loaded="22728" inserted="22600" running="25" waiting="128" ended="22575" arrived="22575" collisions="0" teleports="0" halting="13" stopped="0" meanWaitingTime="54.77" meanTravelTime="113.45" meanSpeed="3.69" meanSpeedRelative="0.27" duration="1"/>
    <step time="39600.00" loaded="22840" inserted="22705" running="39" waiting="135" ended="22666" arrived="22666" collisions="0" teleports="0" halting="16" stopped="0" meanWaitingTime="55.85" meanTravelTime="113.39" meanSpeed="4.23" meanSpeedRelative="0.30" duration="1"/>
    <step time="39900.00" loaded="22964" inserted="22830" running="64" waiting="134" ended="22766" arrived="22766" collisions="0" teleports="0" halting="50" stopped="0" meanWaitingTime="57.23" meanTravelTime="113.34" meanSpeed="2.13" meanSpeedRelative="0.15" duration="2"/>
    <step time="40200.00" loaded="23055" inserted="22923" running="37" waiting="132" ended="22886" arrived="22886" collisions="0" teleports="0" halting="16" stopped="0" meanWaitingTime="58.49" meanTravelTime="113.63" meanSpeed="3.83" meanSpeedRelative="0.30" duration="2"/>
    <step time="40500.00" loaded="23155" inserted="23040" running="45" waiting="115" ended="22995" arrived="22995" collisions="0" teleports="0" halting="10" stopped="0" meanWaitingTime="60.10" meanTravelTime="113.65" meanSpeed="5.39" meanSpeedRelative="0.39" duration="2"/>
    <step time="40800.00" loaded="23263" inserted="23151" running="44" waiting="112" ended="23107" arrived="23107" collisions="0" teleports="0" halting="18" stopped="0" meanWaitingTime="62.02" meanTravelTime="113.68" meanSpeed="3.54" meanSpeedRelative="0.26" duration="2"/>
    <step time="41100.00" loaded="23348" inserted="23227" running="37" waiting="121" ended="23190" arrived="23190" collisions="0" teleports="0" halting="20" stopped="0" meanWaitingTime="62.71" meanTravelTime="113.85" meanSpeed="4.01" meanSpeedRelative="0.29" duration="3"/>
    <step time="41400.00" loaded="23410" inserted="23320" running="34" waiting="90" ended="23286" arrived="23286" collisions="0" teleports="0" halting="7" stopped="0" meanWaitingTime="64.04" meanTravelTime="113.95" meanSpeed="6.09" meanSpeedRelative="0.44" duration="2"/>
    <step time="41700.00" loaded="23508" inserted="23416" running="70" waiting="92" ended="23346" arrived="23346" collisions="0" teleports="0" halting="48" stopped="0" meanWaitingTime="65.46" meanTravelTime="113.88" meanSpeed="1.91" meanSpeedRelative="0.14" duration="2"/>
    <step time="42000.00" loaded="23588" inserted="23486" running="43" waiting="102" ended="23443" arrived="23443" collisions="0" teleports="0" halting="10" stopped="0" meanWaitingTime="66.48" meanTravelTime="114.35" meanSpeed="2.98" meanSpeedRelative="0.21" duration="2"/>
    <step time="42300.00" loaded="23691" inserted="23594" running="38" waiting="97" ended="23556" arrived="23556" collisions="0" teleports="0" halting="14" stopped="0" meanWaitingTime="67.62" meanTravelTime="114.58" meanSpeed="4.92" meanSpeedRelative="0.35" duration="1"/>
    <step time="42600.00" loaded="23802" inserted="23666" running="16" waiting="136" ended="23650" arrived="23650" collisions="0" teleports="0" halting="7" stopped="0" meanWaitingTime="68.08" meanTravelTime="114.53" meanSpeed="5.14" meanSpeedRelative="0.37" duration="1"/>
    <step time="42900.00" loaded="23904" inserted="23773" running="50" waiting="131" ended="23723" arrived="23723" collisions="0" teleports="0" halting="11" stopped="0" meanWaitingTime="69.47" meanTravelTime="114.48" meanSpeed="6.36" meanSpeedRelative="0.47" duration="1"/>
    <step time="43200.00" loaded="24006" inserted="23876" running="32" waiting="130" ended="23844" arrived="23844" collisions="0" teleports="0" halting="3" stopped="0" meanWaitingTime="70.61" meanTravelTime="114.51" meanSpeed="7.80" meanSpeedRelative="0.56" duration="1"/>
    <step time="43500.00" loaded="24084" inserted="23954" running="25" waiting="130" ended="23929" arrived="23929" collisions="0" teleports="0" halting="9" stopped="0" meanWaitingTime="71.44" meanTravelTime="114.55" meanSpeed="5.97" meanSpeedRelative="0.43" duration="1"/>
    <step time="43800.00" loaded="24186" inserted="24051" running="40" waiting="135" ended="24011" arrived="24011" collisions="0" teleports="0" halting="16" stopped="0" meanWaitingTime="73.32" meanTravelTime="114.50" meanSpeed="5.73" meanSpeedRelative="0.41" duration="2"/>
    <step time="44100.00" loaded="24290" inserted="24158" running="50" waiting="132" ended="24108" arrived="24108" collisions="0" teleports="0" halting="28" stopped="0" meanWaitingTime="74.88" meanTravelTime="114.49" meanSpeed="3.61" meanSpeedRelative="0.26" duration="3"/>
    <step time="44400.00" loaded="24399" inserted="24248" running="59" waiting="151" ended="24189" arrived="24189" collisions="0" teleports="0" halting="40" stopped="0" meanWaitingTime="76.03" meanTravelTime="114.47" meanSpeed="1.63" meanSpeedRelative="0.12" duration="3"/>
    <step time="44700.00" loaded="24501" inserted="24336" running="27" waiting="165" ended="24309" arrived="24309" collisions="0" teleports="0" halting="8" stopped="0" meanWaitingTime="77.66" meanTravelTime="114.86" meanSpeed="5.16" meanSpeedRelative="0.37" duration="1"/>
    <step time="45000.00" loaded="24606" inserted="24439" running="42" waiting="167" ended="24397" arrived="24397" collisions="0" teleports="0" halting="6" stopped="0" meanWaitingTime="79.37" meanTravelTime="114.85" meanSpeed="6.08" meanSpeedRelative="0.44" duration="2"/>
    <step time="45300.00" loaded="24695" inserted="24547" running="54" waiting="148" ended="24493" arrived="24493" collisions="0" teleports="0" halting="8" stopped="0" meanWaitingTime="81.01" meanTravelTime="114.88" meanSpeed="4.72" meanSpeedRelative="0.34" duration="2"/>
    <step time="45600.00" loaded="24778" inserted="24634" running="44" waiting="144" ended="24590" arrived="24590" collisions="0" teleports="0" halting="24" stopped="0" meanWaitingTime="82.21" meanTravelTime="115.01" meanSpeed="2.52" meanSpeedRelative="0.18" duration="2"/>
    <step time="45900.00" loaded="24864" inserted="24713" running="49" waiting="151" ended="24664" arrived="24664" collisions="0" teleports="0" halting="36" stopped="0" meanWaitingTime="83.87" meanTravelTime="115.03" meanSpeed="2.36" meanSpeedRelative="0.17" duration="2"/>
    <step time="46200.00" loaded="24944" inserted="24793" running="73" waiting="151" ended="24720" arrived="24720" collisions="0" teleports="0" halting="65" stopped="0" meanWaitingTime="85.32" meanTravelTime="114.90" meanSpeed="0.68" meanSpeedRelative="0.05" duration="2"/>
    <step time="46500.00" loaded="24992" inserted="24841" running="97" waiting="151" ended="24744" arrived="24744" collisions="0" teleports="0" halting="97" stopped="0" meanWaitingTime="85.86" meanTravelTime="114.83" meanSpeed="0.00" meanSpeedRelative="0.00" duration="3"/>
    <step time="46800.00" loaded="25012" inserted="24861" running="105" waiting="151" ended="24756" arrived="24756" collisions="0" teleports="0" halting="104" stopped="0" meanWaitingTime="85.79" meanTravelTime="114.80" meanSpeed="0.11" meanSpeedRelative="0.01" duration="2"/>
    <step time="47100.00" loaded="25030" inserted="24879" running="108" waiting="151" ended="24771" arrived="24771" collisions="0" teleports="0" halting="105" stopped="0" meanWaitingTime="85.73" meanTravelTime="114.74" meanSpeed="0.17" meanSpeedRelative="0.01" duration="2"/>
    <step time="47400.00" loaded="25046" inserted="24895" running="111" waiting="151" ended="24784" arrived="24784" collisions="0" teleports="0" halting="111" stopped="0" meanWaitingTime="85.68" meanTravelTime="114.70" meanSpeed="0.00" meanSpeedRelative="0.00" duration="3"/>
    <step time="47700.00" loaded="25060" inserted="24906" running="115" waiting="154" ended="24791" arrived="24791" collisions="0" teleports="0" halting="115" stopped="0" meanWaitingTime="85.64" meanTravelTime="114.68" meanSpeed="0.00" meanSpeedRelative="0.00" duration="3"/>
    <step time="48000.00" loaded="25073" inserted="24913" running="114" waiting="160" ended="24799" arrived="24799" collisions="0" teleports="0" halting="113" stopped="0" meanWaitingTime="85.62" meanTravelTime="114.66" meanSpeed="0.05" meanSpeedRelative="0.00" duration="3"/>
    <step time="48300.00" loaded="25087" inserted="24921" running="114" waiting="166" ended="24807" arrived="24807" collisions="0" teleports="0" halting="113" stopped="0" meanWaitingTime="85.59" meanTravelTime="114.62" meanSpeed="0.03" meanSpeedRelative="0.00" duration="3"/>
    <step time="48600.00" loaded="25103" inserted="24932" running="113" waiting="171" ended="24819" arrived="24819" collisions="0" teleports="0" halting="113" stopped="0" meanWaitingTime="85.55" meanTravelTime="114.58" meanSpeed="0.00" meanSpeedRelative="0.00" duration="3"/>
    <step time="48900.00" loaded="25118" inserted="24941" running="114" waiting="177" ended="24827" arrived="24827" collisions="0" teleports="0" halting="113" stopped="0" meanWaitingTime="85.52" meanTravelTime="114.54" meanSpeed="0.03" meanSpeedRelative="0.00" duration="3"/>
    <step time="49200.00" loaded="25127" inserted="24948" running="113" waiting="179" ended="24835" arrived="24835" collisions="0" teleports="0" halting="113" stopped="0" meanWaitingTime="85.50" meanTravelTime="114.51" meanSpeed="0.00" meanSpeedRelative="0.00" duration="3"/>
</summary>
