<?xml version="1.0" encoding="UTF-8"?>

<!-- generated on 2025-02-28 16:46:06 by Eclipse SUMO GUI Version 1.19.0
<configuration xmlns:xsi="http://www.w3.org/2001/XMLSchema-instance" xsi:noNamespaceSchemaLocation="http://sumo.dlr.de/xsd/sumoConfiguration.xsd">

    <input>
        <net-file value="Network.net.xml"/>
        <route-files value="CarRoutes.rou.xml"/>
        <additional-files value="Sensors.add.xml"/>
    </input>

    <output>
        <emission-output value="logs/Emissions.xml"/>
        <summary-output value="logs/Log_summary.xml"/>
        <summary-output.period value="300"/>
        <tripinfo-output value="logs/TripInfos.xml"/>
    </output>

    <time>
        <begin value="0"/>
        <end value="86400"/>
        <step-length value="0.25"/>
    </time>

    <processing>
        <ignore-junction-blocker value="0.1"/>
        <time-to-teleport value="-1"/>
    </processing>

    <report>
        <verbose value="true"/>
        <no-step-log value="true"/>
    </report>

    <emissions>
        <device.emissions.period value="10"/>
    </emissions>

    <traci_server>
        <remote-port value="57416"/>
    </traci_server>

    <gui_only>
        <quit-on-end value="true"/>
        <start value="true"/>
    </gui_only>

</configuration>
-->

<summary xmlns:xsi="http://www.w3.org/2001/XMLSchema-instance" xsi:noNamespaceSchemaLocation="http://sumo.dlr.de/xsd/summary_file.xsd">
    <step time="0.00" loaded="0" inserted="0" running="0" waiting="0" ended="0" arrived="0" collisions="0" teleports="0" halting="0" stopped="0" meanWaitingTime="-1.00" meanTravelTime="-1.00" meanSpeed="-1.00" meanSpeedRelative="-1.00" duration="0"/>
    <step time="300.00" loaded="211" inserted="198" running="92" waiting="13" ended="106" arrived="106" collisions="0" teleports="0" halting="47" stopped="0" meanWaitingTime="13.25" meanTravelTime="80.58" meanSpeed="3.36" meanSpeedRelative="0.24" duration="1"/>
    <step time="600.00" loaded="374" inserted="364" running="66" waiting="10" ended="298" arrived="298" collisions="0" teleports="0" halting="29" stopped="0" meanWaitingTime="12.77" meanTravelTime="113.88" meanSpeed="4.92" meanSpeedRelative="0.35" duration="2"/>
    <step time="900.00" loaded="530" inserted="520" running="57" waiting="10" ended="463" arrived="463" collisions="0" teleports="0" halting="32" stopped="0" meanWaitingTime="11.94" meanTravelTime="110.06" meanSpeed="3.52" meanSpeedRelative="0.25" duration="2"/>
    <step time="1200.00" loaded="702" inserted="687" running="53" waiting="15" ended="634" arrived="634" collisions="0" teleports="0" halting="7" stopped="0" meanWaitingTime="15.29" meanTravelTime="111.74" meanSpeed="7.85" meanSpeedRelative="0.56" duration="1"/>
    <step time="1500.00" loaded="868" inserted="848" running="63" waiting="20" ended="785" arrived="785" collisions="0" teleports="0" halting="15" stopped="0" meanWaitingTime="16.51" meanTravelTime="108.77" meanSpeed="5.01" meanSpeedRelative="0.40" duration="2"/>
    <step time="1800.00" loaded="1030" inserted="1010" running="65" waiting="20" ended="945" arrived="945" collisions="0" teleports="0" halting="20" stopped="0" meanWaitingTime="19.92" meanTravelTime="107.85" meanSpeed="4.55" meanSpeedRelative="0.33" duration="2"/>
    <step time="2100.00" loaded="1192" inserted="1177" running="59" waiting="15" ended="1118" arrived="1118" collisions="0" teleports="0" halting="38" stopped="0" meanWaitingTime="18.96" meanTravelTime="108.68" meanSpeed="3.01" meanSpeedRelative="0.22" duration="2"/>
    <step time="2400.00" loaded="1335" inserted="1319" running="39" waiting="16" ended="1280" arrived="1280" collisions="0" teleports="0" halting="21" stopped="0" meanWaitingTime="18.93" meanTravelTime="108.61" meanSpeed="3.21" meanSpeedRelative="0.23" duration="2"/>
    <step time="2700.00" loaded="1478" inserted="1477" running="44" waiting="1" ended="1433" arrived="1433" collisions="0" teleports="0" halting="10" stopped="0" meanWaitingTime="18.80" meanTravelTime="106.76" meanSpeed="7.84" meanSpeedRelative="0.56" duration="2"/>
    <step time="3000.00" loaded="1638" inserted="1631" running="44" waiting="7" ended="1587" arrived="1587" collisions="0" teleports="0" halting="21" stopped="0" meanWaitingTime="17.60" meanTravelTime="104.52" meanSpeed="4.04" meanSpeedRelative="0.29" duration="1"/>
    <step time="3300.00" loaded="1810" inserted="1795" running="66" waiting="15" ended="1729" arrived="1729" collisions="0" teleports="0" halting="9" stopped="0" meanWaitingTime="17.69" meanTravelTime="104.10" meanSpeed="6.22" meanSpeedRelative="0.45" duration="1"/>
    <step time="3600.00" loaded="1942" inserted="1942" running="42" waiting="0" ended="1900" arrived="1900" collisions="0" teleports="0" halting="14" stopped="0" meanWaitingTime="17.46" meanTravelTime="104.98" meanSpeed="4.30" meanSpeedRelative="0.31" duration="2"/>
    <step time="3900.00" loaded="2107" inserted="2107" running="79" waiting="0" ended="2028" arrived="2028" collisions="0" teleports="0" halting="34" stopped="0" meanWaitingTime="16.23" meanTravelTime="104.15" meanSpeed="2.72" meanSpeedRelative="0.20" duration="1"/>
    <step time="4200.00" loaded="2237" inserted="2237" running="44" waiting="0" ended="2193" arrived="2193" collisions="0" teleports="0" halting="6" stopped="0" meanWaitingTime="16.31" meanTravelTime="106.89" meanSpeed="5.80" meanSpeedRelative="0.42" duration="2"/>
    <step time="4500.00" loaded="2417" inserted="2416" running="78" waiting="1" ended="2338" arrived="2338" collisions="0" teleports="0" halting="33" stopped="0" meanWaitingTime="15.56" meanTravelTime="106.25" meanSpeed="4.13" meanSpeedRelative="0.30" duration="2"/>
    <step time="4800.00" loaded="2577" inserted="2571" running="41" waiting="6" ended="2530" arrived="2530" collisions="0" teleports="0" halting="14" stopped="0" meanWaitingTime="14.89" meanTravelTime="106.53" meanSpeed="5.29" meanSpeedRelative="0.38" duration="1"/>
    <step time="5100.00" loaded="2743" inserted="2734" running="54" waiting="9" ended="2680" arrived="2680" collisions="0" teleports="0" halting="6" stopped="0" meanWaitingTime="15.60" meanTravelTime="105.68" meanSpeed="7.01" meanSpeedRelative="0.50" duration="1"/>
    <step time="5400.00" loaded="2894" inserted="2892" running="48" waiting="2" ended="2844" arrived="2844" collisions="0" teleports="0" halting="8" stopped="0" meanWaitingTime="15.11" meanTravelTime="105.38" meanSpeed="6.59" meanSpeedRelative="0.47" duration="2"/>
    <step time="5700.00" loaded="3080" inserted="3065" running="73" waiting="15" ended="2992" arrived="2992" collisions="0" teleports="0" halting="31" stopped="0" meanWaitingTime="14.61" meanTravelTime="104.90" meanSpeed="4.92" meanSpeedRelative="0.35" duration="3"/>
    <step time="6000.00" loaded="3205" inserted="3202" running="35" waiting="3" ended="3167" arrived="3167" collisions="0" teleports="0" halting="14" stopped="0" meanWaitingTime="14.71" meanTravelTime="106.70" meanSpeed="4.67" meanSpeedRelative="0.34" duration="1"/>
    <step time="6300.00" loaded="3368" inserted="3351" running="64" waiting="17" ended="3287" arrived="3287" collisions="0" teleports="0" halting="20" stopped="0" meanWaitingTime="14.79" meanTravelTime="107.05" meanSpeed="5.22" meanSpeedRelative="0.38" duration="2"/>
    <step time="6600.00" loaded="3528" inserted="3520" running="51" waiting="8" ended="3469" arrived="3469" collisions="0" teleports="0" halting="19" stopped="0" meanWaitingTime="14.97" meanTravelTime="106.79" meanSpeed="5.40" meanSpeedRelative="0.39" duration="1"/>
    <step time="6900.00" loaded="3713" inserted="3696" running="65" waiting="17" ended="3631" arrived="3631" collisions="0" teleports="0" halting="22" stopped="0" meanWaitingTime="15.05" meanTravelTime="106.38" meanSpeed="4.00" meanSpeedRelative="0.29" duration="2"/>
    <step time="7200.00" loaded="3872" inserted="3852" running="57" waiting="20" ended="3795" arrived="3795" collisions="0" teleports="0" halting="22" stopped="0" meanWaitingTime="15.66" meanTravelTime="106.64" meanSpeed="4.61" meanSpeedRelative="0.33" duration="2"/>
    <step time="7500.00" loaded="4021" inserted="4009" running="46" waiting="12" ended="3963" arrived="3963" collisions="0" teleports="0" halting="24" stopped="0" meanWaitingTime="16.36" meanTravelTime="106.46" meanSpeed="4.26" meanSpeedRelative="0.31" duration="2"/>
    <step time="7800.00" loaded="4175" inserted="4152" running="35" waiting="23" ended="4117" arrived="4117" collisions="0" teleports="0" halting="11" stopped="0" meanWaitingTime="16.86" meanTravelTime="106.07" meanSpeed="4.97" meanSpeedRelative="0.36" duration="1"/>
    <step time="8100.00" loaded="4345" inserted="4330" running="48" waiting="15" ended="4282" arrived="4282" collisions="0" teleports="0" halting="17" stopped="0" meanWaitingTime="17.95" meanTravelTime="105.21" meanSpeed="5.08" meanSpeedRelative="0.37" duration="1"/>
    <step time="8400.00" loaded="4526" inserted="4522" running="49" waiting="4" ended="4473" arrived="4473" collisions="0" teleports="0" halting="11" stopped="0" meanWaitingTime="17.91" meanTravelTime="104.60" meanSpeed="6.24" meanSpeedRelative="0.45" duration="2"/>
    <step time="8700.00" loaded="4695" inserted="4690" running="62" waiting="5" ended="4628" arrived="4628" collisions="0" teleports="0" halting="19" stopped="0" meanWaitingTime="17.73" meanTravelTime="104.05" meanSpeed="5.88" meanSpeedRelative="0.42" duration="1"/>
    <step time="9000.00" loaded="4881" inserted="4864" running="64" waiting="17" ended="4800" arrived="4800" collisions="0" teleports="0" halting="18" stopped="0" meanWaitingTime="17.56" meanTravelTime="103.68" meanSpeed="5.06" meanSpeedRelative="0.36" duration="2"/>
    <step time="9300.00" loaded="5064" inserted="5044" running="58" waiting="20" ended="4986" arrived="4986" collisions="0" teleports="0" halting="20" stopped="0" meanWaitingTime="17.59" meanTravelTime="103.77" meanSpeed="5.34" meanSpeedRelative="0.38" duration="2"/>
    <step time="9600.00" loaded="5233" inserted="5220" running="56" waiting="13" ended="5164" arrived="5164" collisions="0" teleports="0" halting="16" stopped="0" meanWaitingTime="18.12" meanTravelTime="103.47" meanSpeed="7.01" meanSpeedRelative="0.50" duration="1"/>
    <step time="9900.00" loaded="5376" inserted="5360" running="38" waiting="16" ended="5322" arrived="5322" collisions="0" teleports="0" halting="12" stopped="0" meanWaitingTime="18.04" meanTravelTime="103.46" meanSpeed="5.34" meanSpeedRelative="0.38" duration="1"/>
    <step time="10200.00" loaded="5545" inserted="5536" running="68" waiting="9" ended="5468" arrived="5468" collisions="0" teleports="0" halting="13" stopped="0" meanWaitingTime="18.28" meanTravelTime="103.35" meanSpeed="4.59" meanSpeedRelative="0.33" duration="2"/>
    <step time="10500.00" loaded="5726" inserted="5715" running="61" waiting="11" ended="5654" arrived="5654" collisions="0" teleports="0" halting="13" stopped="0" meanWaitingTime="18.14" meanTravelTime="103.50" meanSpeed="5.72" meanSpeedRelative="0.41" duration="2"/>
    <step time="10800.00" loaded="5897" inserted="5890" running="69" waiting="7" ended="5821" arrived="5821" collisions="0" teleports="0" halting="11" stopped="0" meanWaitingTime="18.16" meanTravelTime="103.58" meanSpeed="5.44" meanSpeedRelative="0.39" duration="2"/>
    <step time="11100.00" loaded="6072" inserted="6054" running="53" waiting="18" ended="6001" arrived="6001" collisions="0" teleports="0" halting="22" stopped="0" meanWaitingTime="18.19" meanTravelTime="103.70" meanSpeed="3.05" meanSpeedRelative="0.22" duration="2"/>
    <step time="11400.00" loaded="6247" inserted="6212" running="56" waiting="35" ended="6156" arrived="6156" collisions="0" teleports="0" halting="15" stopped="0" meanWaitingTime="18.83" meanTravelTime="104.09" meanSpeed="5.72" meanSpeedRelative="0.41" duration="1"/>
    <step time="11700.00" loaded="6392" inserted="6368" running="59" waiting="24" ended="6309" arrived="6309" collisions="0" teleports="0" halting="11" stopped="0" meanWaitingTime="19.88" meanTravelTime="103.91" meanSpeed="5.38" meanSpeedRelative="0.39" duration="2"/>
    <step time="12000.00" loaded="6569" inserted="6562" running="70" waiting="7" ended="6492" arrived="6492" collisions="0" teleports="0" halting="14" stopped="0" meanWaitingTime="20.00" meanTravelTime="104.26" meanSpeed="4.37" meanSpeedRelative="0.31" duration="2"/>
    <step time="12300.00" loaded="6742" inserted="6741" running="73" waiting="1" ended="6668" arrived="6668" collisions="0" teleports="0" halting="31" stopped="0" meanWaitingTime="19.70" meanTravelTime="104.84" meanSpeed="3.62" meanSpeedRelative="0.26" duration="1"/>
    <step time="12600.00" loaded="6910" inserted="6890" running="52" waiting="20" ended="6838" arrived="6838" collisions="0" teleports="0" halting="20" stopped="0" meanWaitingTime="19.51" meanTravelTime="105.02" meanSpeed="4.80" meanSpeedRelative="0.35" duration="1"/>
    <step time="12900.00" loaded="7076" inserted="7062" running="61" waiting="14" ended="7001" arrived="7001" collisions="0" teleports="0" halting="21" stopped="0" meanWaitingTime="19.70" meanTravelTime="105.10" meanSpeed="4.62" meanSpeedRelative="0.33" duration="1"/>
    <step time="13200.00" loaded="7250" inserted="7229" running="74" waiting="21" ended="7155" arrived="7155" collisions="0" teleports="0" halting="15" stopped="0" meanWaitingTime="19.79" meanTravelTime="105.15" meanSpeed="5.76" meanSpeedRelative="0.41" duration="2"/>
    <step time="13500.00" loaded="7427" inserted="7415" running="73" waiting="12" ended="7342" arrived="7342" collisions="0" teleports="0" halting="27" stopped="0" meanWaitingTime="19.76" meanTravelTime="105.76" meanSpeed="3.43" meanSpeedRelative="0.25" duration="2"/>
    <step time="13800.00" loaded="7621" inserted="7604" running="84" waiting="17" ended="7520" arrived="7520" collisions="0" teleports="0" halting="16" stopped="0" meanWaitingTime="19.90" meanTravelTime="106.06" meanSpeed="5.58" meanSpeedRelative="0.40" duration="2"/>
    <step time="14100.00" loaded="7780" inserted="7776" running="60" waiting="4" ended="7716" arrived="7716" collisions="0" teleports="0" halting="18" stopped="0" meanWaitingTime="19.96" meanTravelTime="106.46" meanSpeed="5.72" meanSpeedRelative="0.41" duration="2"/>
    <step time="14400.00" loaded="7917" inserted="7907" running="48" waiting="10" ended="7859" arrived="7859" collisions="0" teleports="0" halting="13" stopped="0" meanWaitingTime="20.12" meanTravelTime="106.36" meanSpeed="6.10" meanSpeedRelative="0.44" duration="2"/>
    <step time="14700.00" loaded="8112" inserted="8096" running="63" waiting="16" ended="8033" arrived="8033" collisions="0" teleports="0" halting="9" stopped="0" meanWaitingTime="20.07" meanTravelTime="105.93" meanSpeed="5.83" meanSpeedRelative="0.42" duration="2"/>
    <step time="15000.00" loaded="8269" inserted="8264" running="100" waiting="5" ended="8164" arrived="8164" collisions="0" teleports="0" halting="14" stopped="0" meanWaitingTime="19.85" meanTravelTime="106.30" meanSpeed="4.56" meanSpeedRelative="0.33" duration="3"/>
    <step time="15300.00" loaded="8431" inserted="8396" running="74" waiting="35" ended="8322" arrived="8322" collisions="0" teleports="0" halting="32" stopped="0" meanWaitingTime="20.01" meanTravelTime="107.56" meanSpeed="4.78" meanSpeedRelative="0.34" duration="3"/>
    <step time="15600.00" loaded="8595" inserted="8585" running="63" waiting="10" ended="8522" arrived="8522" collisions="0" teleports="0" halting="18" stopped="0" meanWaitingTime="20.79" meanTravelTime="107.42" meanSpeed="5.98" meanSpeedRelative="0.43" duration="2"/>
    <step time="15900.00" loaded="8785" inserted="8774" running="89" waiting="11" ended="8685" arrived="8685" collisions="0" teleports="0" halting="29" stopped="0" meanWaitingTime="21.07" meanTravelTime="107.14" meanSpeed="4.13" meanSpeedRelative="0.30" duration="3"/>
    <step time="16200.00" loaded="8974" inserted="8941" running="58" waiting="33" ended="8883" arrived="8883" collisions="0" teleports="0" halting="13" stopped="0" meanWaitingTime="21.30" meanTravelTime="107.54" meanSpeed="6.36" meanSpeedRelative="0.46" duration="2"/>
    <step time="16500.00" loaded="9139" inserted="9124" running="60" waiting="15" ended="9064" arrived="9064" collisions="0" teleports="0" halting="20" stopped="0" meanWaitingTime="21.88" meanTravelTime="107.19" meanSpeed="5.31" meanSpeedRelative="0.38" duration="2"/>
    <step time="16800.00" loaded="9324" inserted="9286" running="68" waiting="38" ended="9218" arrived="9218" collisions="0" teleports="0" halting="14" stopped="0" meanWaitingTime="22.18" meanTravelTime="107.32" meanSpeed="5.62" meanSpeedRelative="0.40" duration="2"/>
    <step time="17100.00" loaded="9495" inserted="9465" running="53" waiting="30" ended="9412" arrived="9412" collisions="0" teleports="0" halting="8" stopped="0" meanWaitingTime="22.85" meanTravelTime="107.37" meanSpeed="6.95" meanSpeedRelative="0.50" duration="2"/>
    <step time="17400.00" loaded="9674" inserted="9649" running="75" waiting="25" ended="9574" arrived="9574" collisions="0" teleports="0" halting="30" stopped="0" meanWaitingTime="23.53" meanTravelTime="107.24" meanSpeed="4.40" meanSpeedRelative="0.32" duration="1"/>
    <step time="17700.00" loaded="9849" inserted="9820" running="74" waiting="29" ended="9746" arrived="9746" collisions="0" teleports="0" halting="25" stopped="0" meanWaitingTime="23.92" meanTravelTime="107.41" meanSpeed="4.68" meanSpeedRelative="0.34" duration="1"/>
    <step time="18000.00" loaded="10014" inserted="9992" running="76" waiting="22" ended="9916" arrived="9916" collisions="0" teleports="0" halting="28" stopped="0" meanWaitingTime="24.46" meanTravelTime="107.70" meanSpeed="4.63" meanSpeedRelative="0.33" duration="4"/>
    <step time="18300.00" loaded="10201" inserted="10168" running="45" waiting="33" ended="10123" arrived="10123" collisions="0" teleports="0" halting="14" stopped="0" meanWaitingTime="24.67" meanTravelTime="107.87" meanSpeed="5.19" meanSpeedRelative="0.37" duration="2"/>
    <step time="18600.00" loaded="10360" inserted="10328" running="66" waiting="32" ended="10262" arrived="10262" collisions="0" teleports="0" halting="24" stopped="0" meanWaitingTime="25.29" meanTravelTime="107.75" meanSpeed="4.67" meanSpeedRelative="0.34" duration="2"/>
    <step time="18900.00" loaded="10543" inserted="10509" running="71" waiting="34" ended="10438" arrived="10438" collisions="0" teleports="0" halting="15" stopped="0" meanWaitingTime="25.70" meanTravelTime="107.93" meanSpeed="6.79" meanSpeedRelative="0.49" duration="2"/>
    <step time="19200.00" loaded="10717" inserted="10691" running="63" waiting="26" ended="10628" arrived="10628" collisions="0" teleports="0" halting="38" stopped="0" meanWaitingTime="26.02" meanTravelTime="107.97" meanSpeed="3.77" meanSpeedRelative="0.27" duration="2"/>
    <step time="19500.00" loaded="10925" inserted="10900" running="88" waiting="25" ended="10812" arrived="10812" collisions="0" teleports="0" halting="26" stopped="0" meanWaitingTime="26.30" meanTravelTime="108.15" meanSpeed="3.87" meanSpeedRelative="0.28" duration="3"/>
    <step time="19800.00" loaded="11103" inserted="11072" running="74" waiting="31" ended="10998" arrived="10998" collisions="0" teleports="0" halting="31" stopped="0" meanWaitingTime="26.64" meanTravelTime="108.31" meanSpeed="4.23" meanSpeedRelative="0.30" duration="2"/>
    <step time="20100.00" loaded="11301" inserted="11275" running="91" waiting="26" ended="11184" arrived="11184" collisions="0" teleports="0" halting="29" stopped="0" meanWaitingTime="27.08" meanTravelTime="108.45" meanSpeed="5.03" meanSpeedRelative="0.37" duration="3"/>
    <step time="20400.00" loaded="11468" inserted="11440" running="71" waiting="28" ended="11369" arrived="11369" collisions="0" teleports="0" halting="27" stopped="0" meanWaitingTime="27.47" meanTravelTime="108.58" meanSpeed="4.61" meanSpeedRelative="0.33" duration="3"/>
    <step time="20700.00" loaded="11645" inserted="11621" running="70" waiting="24" ended="11551" arrived="11551" collisions="0" teleports="0" halting="29" stopped="0" meanWaitingTime="27.77" meanTravelTime="108.69" meanSpeed="4.16" meanSpeedRelative="0.30" duration="2"/>
    <step time="21000.00" loaded="11831" inserted="11817" running="64" waiting="14" ended="11753" arrived="11753" collisions="0" teleports="0" halting="32" stopped="0" meanWaitingTime="28.02" meanTravelTime="108.68" meanSpeed="3.23" meanSpeedRelative="0.23" duration="1"/>
    <step time="21300.00" loaded="11990" inserted="11972" running="56" waiting="18" ended="11916" arrived="11916" collisions="0" teleports="0" halting="15" stopped="0" meanWaitingTime="28.12" meanTravelTime="108.69" meanSpeed="6.11" meanSpeedRelative="0.44" duration="1"/>
    <step time="21600.00" loaded="12210" inserted="12176" running="85" waiting="34" ended="12091" arrived="12091" collisions="0" teleports="0" halting="12" stopped="0" meanWaitingTime="28.36" meanTravelTime="108.52" meanSpeed="5.78" meanSpeedRelative="0.42" duration="2"/>
    <step time="21900.00" loaded="12394" inserted="12367" running="82" waiting="27" ended="12285" arrived="12285" collisions="0" teleports="0" halting="32" stopped="0" meanWaitingTime="28.52" meanTravelTime="108.53" meanSpeed="3.76" meanSpeedRelative="0.27" duration="3"/>
    <step time="22200.00" loaded="12583" inserted="12544" running="83" waiting="39" ended="12461" arrived="12461" collisions="0" teleports="0" halting="33" stopped="0" meanWaitingTime="28.70" meanTravelTime="108.37" meanSpeed="3.65" meanSpeedRelative="0.26" duration="2"/>
    <step time="22500.00" loaded="12763" inserted="12713" running="53" waiting="50" ended="12660" arrived="12660" collisions="0" teleports="0" halting="10" stopped="0" meanWaitingTime="29.23" meanTravelTime="109.18" meanSpeed="6.65" meanSpeedRelative="0.48" duration="1"/>
    <step time="22800.00" loaded="12958" inserted="12945" running="94" waiting="13" ended="12851" arrived="12851" collisions="0" teleports="0" halting="55" stopped="0" meanWaitingTime="29.63" meanTravelTime="109.11" meanSpeed="2.67" meanSpeedRelative="0.19" duration="2"/>
    <step time="23100.00" loaded="13147" inserted="13129" running="98" waiting="18" ended="13031" arrived="13031" collisions="0" teleports="0" halting="30" stopped="0" meanWaitingTime="29.65" meanTravelTime="109.64" meanSpeed="4.63" meanSpeedRelative="0.33" duration="2"/>
    <step time="23400.00" loaded="13336" inserted="13309" running="64" waiting="27" ended="13245" arrived="13245" collisions="0" teleports="0" halting="18" stopped="0" meanWaitingTime="29.76" meanTravelTime="109.84" meanSpeed="5.69" meanSpeedRelative="0.41" duration="2"/>
    <step time="23700.00" loaded="13564" inserted="13522" running="77" waiting="42" ended="13445" arrived="13445" collisions="0" teleports="0" halting="34" stopped="0" meanWaitingTime="29.88" meanTravelTime="109.67" meanSpeed="3.62" meanSpeedRelative="0.26" duration="2"/>
    <step time="24000.00" loaded="13739" inserted="13701" running="68" waiting="38" ended="13633" arrived="13633" collisions="0" teleports="0" halting="22" stopped="0" meanWaitingTime="30.22" meanTravelTime="109.77" meanSpeed="4.67" meanSpeedRelative="0.34" duration="4"/>
    <step time="24300.00" loaded="13948" inserted="13906" running="106" waiting="42" ended="13800" arrived="13800" collisions="0" teleports="0" halting="68" stopped="0" meanWaitingTime="30.62" meanTravelTime="109.78" meanSpeed="2.45" meanSpeedRelative="0.18" duration="2"/>
    <step time="24600.00" loaded="14170" inserted="14133" running="96" waiting="37" ended="14037" arrived="14037" collisions="0" teleports="0" halting="52" stopped="0" meanWaitingTime="31.02" meanTravelTime="110.23" meanSpeed="2.88" meanSpeedRelative="0.21" duration="2"/>
    <step time="24900.00" loaded="14384" inserted="14349" running="79" waiting="35" ended="14270" arrived="14270" collisions="0" teleports="0" halting="37" stopped="0" meanWaitingTime="31.41" meanTravelTime="110.71" meanSpeed="3.87" meanSpeedRelative="0.28" duration="2"/>
    <step time="25200.00" loaded="14580" inserted="14536" running="70" waiting="44" ended="14466" arrived="14466" collisions="0" teleports="0" halting="20" stopped="0" meanWaitingTime="31.60" meanTravelTime="110.73" meanSpeed="5.90" meanSpeedRelative="0.43" duration="2"/>
    <step time="25500.00" loaded="14753" inserted="14731" running="67" waiting="22" ended="14664" arrived="14664" collisions="0" teleports="0" halting="34" stopped="0" meanWaitingTime="31.91" meanTravelTime="110.93" meanSpeed="4.03" meanSpeedRelative="0.29" duration="2"/>
    <step time="25800.00" loaded="14985" inserted="14954" running="81" waiting="31" ended="14873" arrived="14873" collisions="0" teleports="0" halting="29" stopped="0" meanWaitingTime="31.87" meanTravelTime="110.79" meanSpeed="4.12" meanSpeedRelative="0.30" duration="3"/>
    <step time="26100.00" loaded="15196" inserted="15163" running="73" waiting="33" ended="15090" arrived="15090" collisions="0" teleports="0" halting="27" stopped="0" meanWaitingTime="32.04" meanTravelTime="110.83" meanSpeed="4.04" meanSpeedRelative="0.29" duration="1"/>
    <step time="26400.00" loaded="15390" inserted="15349" running="73" waiting="41" ended="15276" arrived="15276" collisions="0" teleports="0" halting="37" stopped="0" meanWaitingTime="32.29" meanTravelTime="110.98" meanSpeed="3.99" meanSpeedRelative="0.29" duration="1"/>
    <step time="26700.00" loaded="15605" inserted="15575" running="97" waiting="30" ended="15478" arrived="15478" collisions="0" teleports="0" halting="19" stopped="0" meanWaitingTime="32.70" meanTravelTime="110.83" meanSpeed="5.03" meanSpeedRelative="0.36" duration="2"/>
    <step time="27000.00" loaded="15823" inserted="15783" running="92" waiting="40" ended="15691" arrived="15691" collisions="0" teleports="0" halting="24" stopped="0" meanWaitingTime="32.90" meanTravelTime="110.95" meanSpeed="4.72" meanSpeedRelative="0.34" duration="2"/>
    <step time="27300.00" loaded="16046" inserted="16003" running="105" waiting="43" ended="15898" arrived="15898" collisions="0" teleports="0" halting="45" stopped="0" meanWaitingTime="33.26" meanTravelTime="110.83" meanSpeed="3.07" meanSpeedRelative="0.22" duration="3"/>
    <step time="27600.00" loaded="16244" inserted="16199" running="93" waiting="45" ended="16106" arrived="16106" collisions="0" teleports="0" halting="62" stopped="0" meanWaitingTime="33.55" meanTravelTime="111.14" meanSpeed="2.35" meanSpeedRelative="0.17" duration="2"/>
    <step time="27900.00" loaded="16450" inserted="16416" running="88" waiting="34" ended="16328" arrived="16328" collisions="0" teleports="0" halting="21" stopped="0" meanWaitingTime="33.89" meanTravelTime="111.47" meanSpeed="4.69" meanSpeedRelative="0.34" duration="2"/>
    <step time="28200.00" loaded="16677" inserted="16652" running="76" waiting="25" ended="16576" arrived="16576" collisions="0" teleports="0" halting="17" stopped="0" meanWaitingTime="34.12" meanTravelTime="111.67" meanSpeed="5.85" meanSpeedRelative="0.42" duration="3"/>
    <step time="28500.00" loaded="16877" inserted="16848" running="65" waiting="29" ended="16783" arrived="16783" collisions="0" teleports="0" halting="20" stopped="0" meanWaitingTime="34.20" meanTravelTime="111.67" meanSpeed="6.04" meanSpeedRelative="0.43" duration="2"/>
    <step time="28800.00" loaded="17087" inserted="17055" running="72" waiting="32" ended="16983" arrived="16983" collisions="0" teleports="0" halting="24" stopped="0" meanWaitingTime="34.22" meanTravelTime="111.51" meanSpeed="3.93" meanSpeedRelative="0.28" duration="2"/>
    <step time="29100.00" loaded="17313" inserted="17275" running="108" waiting="38" ended="17167" arrived="17167" collisions="0" teleports="0" halting="49" stopped="0" meanWaitingTime="34.22" meanTravelTime="111.75" meanSpeed="2.53" meanSpeedRelative="0.18" duration="2"/>
    <step time="29400.00" loaded="17514" inserted="17458" running="102" waiting="56" ended="17356" arrived="17356" collisions="0" teleports="0" halting="30" stopped="0" meanWaitingTime="34.46" meanTravelTime="112.40" meanSpeed="4.73" meanSpeedRelative="0.34" duration="3"/>
    <step time="29700.00" loaded="17693" inserted="17627" running="73" waiting="66" ended="17554" arrived="17554" collisions="0" teleports="0" halting="25" stopped="0" meanWaitingTime="34.73" meanTravelTime="112.95" meanSpeed="4.39" meanSpeedRelative="0.32" duration="2"/>
    <step time="30000.00" loaded="17868" inserted="17816" running="80" waiting="52" ended="17736" arrived="17736" collisions="0" teleports="0" halting="46" stopped="0" meanWaitingTime="35.62" meanTravelTime="112.98" meanSpeed="2.80" meanSpeedRelative="0.20" duration="3"/>
    <step time="30300.00" loaded="18067" inserted="18017" running="79" waiting="50" ended="17938" arrived="17938" collisions="0" teleports="0" halting="41" stopped="0" meanWaitingTime="36.24" meanTravelTime="113.28" meanSpeed="3.08" meanSpeedRelative="0.22" duration="2"/>
    <step time="30600.00" loaded="18280" inserted="18236" running="95" waiting="44" ended="18141" arrived="18141" collisions="0" teleports="0" halting="49" stopped="0" meanWaitingTime="36.68" meanTravelTime="113.33" meanSpeed="4.19" meanSpeedRelative="0.30" duration="2"/>
    <step time="30900.00" loaded="18501" inserted="18459" running="106" waiting="42" ended="18353" arrived="18353" collisions="0" teleports="0" halting="39" stopped="0" meanWaitingTime="36.95" meanTravelTime="113.42" meanSpeed="3.20" meanSpeedRelative="0.23" duration="3"/>
    <step time="31200.00" loaded="18673" inserted="18627" running="64" waiting="46" ended="18563" arrived="18563" collisions="0" teleports="0" halting="14" stopped="0" meanWaitingTime="37.05" meanTravelTime="113.66" meanSpeed="4.99" meanSpeedRelative="0.36" duration="2"/>
    <step time="31500.00" loaded="18855" inserted="18811" running="71" waiting="44" ended="18740" arrived="18740" collisions="0" teleports="0" halting="29" stopped="0" meanWaitingTime="37.32" meanTravelTime="113.80" meanSpeed="4.04" meanSpeedRelative="0.29" duration="2"/>
    <step time="31800.00" loaded="19013" inserted="18975" running="68" waiting="38" ended="18907" arrived="18907" collisions="0" teleports="0" halting="21" stopped="0" meanWaitingTime="37.65" meanTravelTime="113.93" meanSpeed="4.89" meanSpeedRelative="0.35" duration="1"/>
    <step time="32100.00" loaded="19195" inserted="19156" running="60" waiting="39" ended="19096" arrived="19096" collisions="0" teleports="0" halting="19" stopped="0" meanWaitingTime="38.06" meanTravelTime="113.86" meanSpeed="5.93" meanSpeedRelative="0.43" duration="1"/>
    <step time="32400.00" loaded="19362" inserted="19318" running="61" waiting="44" ended="19257" arrived="19257" collisions="0" teleports="0" halting="18" stopped="0" meanWaitingTime="38.26" meanTravelTime="113.76" meanSpeed="5.56" meanSpeedRelative="0.40" duration="2"/>
    <step time="32700.00" loaded="19542" inserted="19502" running="69" waiting="40" ended="19433" arrived="19433" collisions="0" teleports="0" halting="12" stopped="0" meanWaitingTime="38.44" meanTravelTime="113.71" meanSpeed="5.37" meanSpeedRelative="0.39" duration="1"/>
    <step time="33000.00" loaded="19714" inserted="19683" running="62" waiting="31" ended="19621" arrived="19621" collisions="0" teleports="0" halting="8" stopped="0" meanWaitingTime="38.69" meanTravelTime="113.78" meanSpeed="5.82" meanSpeedRelative="0.42" duration="1"/>
    <step time="33300.00" loaded="19847" inserted="19833" running="73" waiting="14" ended="19760" arrived="19760" collisions="0" teleports="0" halting="20" stopped="0" meanWaitingTime="38.84" meanTravelTime="113.90" meanSpeed="4.61" meanSpeedRelative="0.33" duration="2"/>
    <step time="33600.00" loaded="20042" inserted="20024" running="68" waiting="18" ended="19956" arrived="19956" collisions="0" teleports="0" halting="26" stopped="0" meanWaitingTime="38.76" meanTravelTime="113.88" meanSpeed="4.96" meanSpeedRelative="0.36" duration="2"/>
    <step time="33900.00" loaded="20198" inserted="20178" running="67" waiting="20" ended="20111" arrived="20111" collisions="0" teleports="0" halting="24" stopped="0" meanWaitingTime="38.69" meanTravelTime="113.82" meanSpeed="3.55" meanSpeedRelative="0.26" duration="2"/>
    <step time="34200.00" loaded="20358" inserted="20336" running="67" waiting="22" ended="20269" arrived="20269" collisions="0" teleports="0" halting="29" stopped="0" meanWaitingTime="38.64" meanTravelTime="113.89" meanSpeed="4.03" meanSpeedRelative="0.30" duration="1"/>
    <step time="34500.00" loaded="20525" inserted="20499" running="96" waiting="26" ended="20403" arrived="20403" collisions="0" teleports="0" halting="18" stopped="0" meanWaitingTime="38.74" meanTravelTime="113.90" meanSpeed="4.25" meanSpeedRelative="0.31" duration="3"/>
    <step time="34800.00" loaded="20679" inserted="20648" running="69" waiting="31" ended="20579" arrived="20579" collisions="0" teleports="0" halting="25" stopped="0" meanWaitingTime="38.91" meanTravelTime="114.31" meanSpeed="3.32" meanSpeedRelative="0.24" duration="2"/>
    <step time="35100.00" loaded="20817" inserted="20795" running="64" waiting="22" ended="20731" arrived="20731" collisions="0" teleports="0" halting="10" stopped="0" meanWaitingTime="39.05" meanTravelTime="114.43" meanSpeed="6.35" meanSpeedRelative="0.46" duration="2"/>
    <step time="35400.00" loaded="20956" inserted="20931" running="51" waiting="25" ended="20880" arrived="20880" collisions="0" teleports="0" halting="5" stopped="0" meanWaitingTime="39.02" meanTravelTime="114.38" meanSpeed="7.02" meanSpeedRelative="0.51" duration="1"/>
    <step time="35700.00" loaded="21100" inserted="21078" running="54" waiting="22" ended="21024" arrived="21024" collisions="0" teleports="0" halting="26" stopped="0" meanWaitingTime="39.10" meanTravelTime="114.46" meanSpeed="4.55" meanSpeedRelative="0.33" duration="1"/>
    <step time="36000.00" loaded="21255" inserted="21238" running="59" waiting="17" ended="21179" arrived="21179" collisions="0" teleports="0" halting="19" stopped="0" meanWaitingTime="39.20" meanTravelTime="114.38" meanSpeed="4.12" meanSpeedRelative="0.30" duration="1"/>
    <step time="36300.00" loaded="21432" inserted="21398" running="62" waiting="34" ended="21336" arrived="21336" collisions="0" teleports="0" halting="34" stopped="0" meanWaitingTime="39.30" meanTravelTime="114.32" meanSpeed="3.51" meanSpeedRelative="0.25" duration="1"/>
    <step time="36600.00" loaded="21578" inserted="21542" running="62" waiting="36" ended="21480" arrived="21480" collisions="0" teleports="0" halting="6" stopped="0" meanWaitingTime="39.46" meanTravelTime="114.35" meanSpeed="6.18" meanSpeedRelative="0.45" duration="1"/>
    <step time="36900.00" loaded="21717" inserted="21680" running="46" waiting="37" ended="21634" arrived="21634" collisions="0" teleports="0" halting="19" stopped="0" meanWaitingTime="39.64" meanTravelTime="114.41" meanSpeed="4.67" meanSpeedRelative="0.34" duration="2"/>
    <step time="37200.00" loaded="21839" inserted="21814" running="57" waiting="25" ended="21757" arrived="21757" collisions="0" teleports="0" halting="32" stopped="0" meanWaitingTime="39.82" meanTravelTime="114.27" meanSpeed="2.70" meanSpeedRelative="0.19" duration="2"/>
    <step time="37500.00" loaded="21980" inserted="21943" running="58" waiting="37" ended="21885" arrived="21885" collisions="0" teleports="0" halting="19" stopped="0" meanWaitingTime="40.00" meanTravelTime="114.42" meanSpeed="5.38" meanSpeedRelative="0.39" duration="2"/>
    <step time="37800.00" loaded="22132" inserted="22091" running="54" waiting="41" ended="22037" arrived="22037" collisions="0" teleports="0" halting="23" stopped="0" meanWaitingTime="40.25" meanTravelTime="114.48" meanSpeed="5.62" meanSpeedRelative="0.40" duration="1"/>
    <step time="38100.00" loaded="22277" inserted="22233" running="50" waiting="44" ended="22183" arrived="22183" collisions="0" teleports="0" halting="17" stopped="0" meanWaitingTime="40.44" meanTravelTime="114.41" meanSpeed="5.86" meanSpeedRelative="0.42" duration="1"/>
    <step time="38400.00" loaded="22402" inserted="22373" running="50" waiting="29" ended="22323" arrived="22323" collisions="0" teleports="0" halting="18" stopped="0" meanWaitingTime="40.72" meanTravelTime="114.37" meanSpeed="4.14" meanSpeedRelative="0.30" duration="1"/>
    <step time="38700.00" loaded="22500" inserted="22486" running="66" waiting="14" ended="22420" arrived="22420" collisions="0" teleports="0" halting="46" stopped="0" meanWaitingTime="40.87" meanTravelTime="114.30" meanSpeed="2.48" meanSpeedRelative="0.18" duration="2"/>
    <step time="39000.00" loaded="22605" inserted="22571" running="61" waiting="34" ended="22510" arrived="22510" collisions="0" teleports="0" halting="6" stopped="0" meanWaitingTime="41.04" meanTravelTime="114.53" meanSpeed="5.57" meanSpeedRelative="0.40" duration="1"/>
    <step time="39300.00" loaded="22730" inserted="22687" running="50" waiting="43" ended="22637" arrived="22637" collisions="0" teleports="0" halting="31" stopped="0" meanWaitingTime="41.30" meanTravelTime="114.96" meanSpeed="3.44" meanSpeedRelative="0.25" duration="1"/>
    <step time="39600.00" loaded="22841" inserted="22802" running="45" waiting="39" ended="22757" arrived="22757" collisions="0" teleports="0" halting="29" stopped="0" meanWaitingTime="41.53" meanTravelTime="115.09" meanSpeed="3.12" meanSpeedRelative="0.22" duration="1"/>
    <step time="39900.00" loaded="22965" inserted="22938" running="67" waiting="27" ended="22871" arrived="22871" collisions="0" teleports="0" halting="52" stopped="0" meanWaitingTime="41.79" meanTravelTime="115.12" meanSpeed="2.13" meanSpeedRelative="0.15" duration="2"/>
    <step time="40200.00" loaded="23054" inserted="23034" running="37" waiting="20" ended="22997" arrived="22997" collisions="0" teleports="0" halting="20" stopped="0" meanWaitingTime="42.02" meanTravelTime="115.30" meanSpeed="2.19" meanSpeedRelative="0.16" duration="1"/>
    <step time="40500.00" loaded="23152" inserted="23129" running="29" waiting="23" ended="23100" arrived="23100" collisions="0" teleports="0" halting="10" stopped="0" meanWaitingTime="42.10" meanTravelTime="115.32" meanSpeed="5.85" meanSpeedRelative="0.42" duration="0"/>
    <step time="40800.00" loaded="23260" inserted="23225" running="37" waiting="35" ended="23188" arrived="23188" collisions="0" teleports="0" halting="22" stopped="0" meanWaitingTime="42.33" meanTravelTime="115.22" meanSpeed="2.92" meanSpeedRelative="0.21" duration="0"/>
    <step time="41100.00" loaded="23345" inserted="23321" running="48" waiting="24" ended="23273" arrived="23273" collisions="0" teleports="0" halting="21" stopped="0" meanWaitingTime="42.56" meanTravelTime="115.30" meanSpeed="4.51" meanSpeedRelative="0.32" duration="2"/>
    <step time="41400.00" loaded="23409" inserted="23399" running="31" waiting="10" ended="23368" arrived="23368" collisions="0" teleports="0" halting="19" stopped="0" meanWaitingTime="42.65" meanTravelTime="115.48" meanSpeed="3.82" meanSpeedRelative="0.28" duration="0"/>
    <step time="41700.00" loaded="23507" inserted="23483" running="51" waiting="24" ended="23432" arrived="23432" collisions="0" teleports="0" halting="25" stopped="0" meanWaitingTime="42.77" meanTravelTime="115.50" meanSpeed="3.89" meanSpeedRelative="0.28" duration="1"/>
    <step time="42000.00" loaded="23589" inserted="23560" running="16" waiting="29" ended="23544" arrived="23544" collisions="0" teleports="0" halting="9" stopped="0" meanWaitingTime="42.93" meanTravelTime="115.59" meanSpeed="4.38" meanSpeedRelative="0.32" duration="0"/>
    <step time="42300.00" loaded="23697" inserted="23674" running="48" waiting="23" ended="23626" arrived="23626" collisions="0" teleports="0" halting="10" stopped="0" meanWaitingTime="43.16" meanTravelTime="115.46" meanSpeed="5.94" meanSpeedRelative="0.43" duration="2"/>
    <step time="42600.00" loaded="23809" inserted="23772" running="41" waiting="37" ended="23731" arrived="23731" collisions="0" teleports="0" halting="5" stopped="0" meanWaitingTime="43.34" meanTravelTime="115.43" meanSpeed="7.46" meanSpeedRelative="0.54" duration="1"/>
    <step time="42900.00" loaded="23908" inserted="23884" running="52" waiting="24" ended="23832" arrived="23832" collisions="0" teleports="0" halting="21" stopped="0" meanWaitingTime="43.60" meanTravelTime="115.50" meanSpeed="5.65" meanSpeedRelative="0.41" duration="1"/>
    <step time="43200.00" loaded="24008" inserted="23973" running="28" waiting="35" ended="23945" arrived="23945" collisions="0" teleports="0" halting="7" stopped="0" meanWaitingTime="43.72" meanTravelTime="115.58" meanSpeed="6.13" meanSpeedRelative="0.44" duration="1"/>
    <step time="43500.00" loaded="24087" inserted="24060" running="35" waiting="27" ended="24025" arrived="24025" collisions="0" teleports="0" halting="8" stopped="0" meanWaitingTime="43.86" meanTravelTime="115.57" meanSpeed="6.05" meanSpeedRelative="0.44" duration="1"/>
    <step time="43800.00" loaded="24190" inserted="24153" running="38" waiting="37" ended="24115" arrived="24115" collisions="0" teleports="0" halting="24" stopped="0" meanWaitingTime="44.06" meanTravelTime="115.51" meanSpeed="2.19" meanSpeedRelative="0.16" duration="1"/>
    <step time="44100.00" loaded="24294" inserted="24264" running="41" waiting="30" ended="24223" arrived="24223" collisions="0" teleports="0" halting="11" stopped="0" meanWaitingTime="44.33" meanTravelTime="115.44" meanSpeed="4.65" meanSpeedRelative="0.33" duration="1"/>
    <step time="44400.00" loaded="24407" inserted="24369" running="63" waiting="38" ended="24306" arrived="24306" collisions="0" teleports="0" halting="45" stopped="0" meanWaitingTime="44.58" meanTravelTime="115.36" meanSpeed="1.54" meanSpeedRelative="0.11" duration="1"/>
    <step time="44700.00" loaded="24509" inserted="24466" running="56" waiting="43" ended="24410" arrived="24410" collisions="0" teleports="0" halting="20" stopped="0" meanWaitingTime="44.94" meanTravelTime="115.77" meanSpeed="3.57" meanSpeedRelative="0.26" duration="1"/>
    <step time="45000.00" loaded="24614" inserted="24566" running="49" waiting="48" ended="24517" arrived="24517" collisions="0" teleports="0" halting="4" stopped="0" meanWaitingTime="45.25" meanTravelTime="115.96" meanSpeed="5.40" meanSpeedRelative="0.39" duration="1"/>
    <step time="45300.00" loaded="24704" inserted="24674" running="64" waiting="30" ended="24610" arrived="24610" collisions="0" teleports="0" halting="19" stopped="0" meanWaitingTime="45.57" meanTravelTime="116.14" meanSpeed="3.93" meanSpeedRelative="0.28" duration="2"/>
    <step time="45600.00" loaded="24787" inserted="24758" running="40" waiting="29" ended="24718" arrived="24718" collisions="0" teleports="0" halting="25" stopped="0" meanWaitingTime="45.74" meanTravelTime="116.41" meanSpeed="2.25" meanSpeedRelative="0.16" duration="2"/>
    <step time="45900.00" loaded="24873" inserted="24827" running="36" waiting="46" ended="24791" arrived="24791" collisions="0" teleports="0" halting="24" stopped="0" meanWaitingTime="45.96" meanTravelTime="116.44" meanSpeed="2.48" meanSpeedRelative="0.18" duration="1"/>
    <step time="46200.00" loaded="24953" inserted="24906" running="44" waiting="47" ended="24862" arrived="24862" collisions="0" teleports="0" halting="38" stopped="0" meanWaitingTime="46.17" meanTravelTime="116.28" meanSpeed="1.02" meanSpeedRelative="0.07" duration="1"/>
    <step time="46500.00" loaded="25001" inserted="24994" running="64" waiting="7" ended="24930" arrived="24930" collisions="0" teleports="0" halting="49" stopped="0" meanWaitingTime="46.47" meanTravelTime="116.17" meanSpeed="1.69" meanSpeedRelative="0.12" duration="1"/>
    <step time="46800.00" loaded="25021" inserted="25021" running="58" waiting="0" ended="24963" arrived="24963" collisions="0" teleports="0" halting="57" stopped="0" meanWaitingTime="46.49" meanTravelTime="116.12" meanSpeed="0.28" meanSpeedRelative="0.02" duration="1"/>
    <step time="47100.00" loaded="25039" inserted="25039" running="55" waiting="0" ended="24984" arrived="24984" collisions="0" teleports="0" halting="52" stopped="0" meanWaitingTime="46.46" meanTravelTime="116.05" meanSpeed="0.33" meanSpeedRelative="0.02" duration="1"/>
    <step time="47400.00" loaded="25055" inserted="25055" running="54" waiting="0" ended="25001" arrived="25001" collisions="0" teleports="0" halting="54" stopped="0" meanWaitingTime="46.43" meanTravelTime="116.00" meanSpeed="0.00" meanSpeedRelative="0.00" duration="1"/>
    <step time="47700.00" loaded="25069" inserted="25069" running="55" waiting="0" ended="25014" arrived="25014" collisions="0" teleports="0" halting="55" stopped="0" meanWaitingTime="46.40" meanTravelTime="115.96" meanSpeed="0.00" meanSpeedRelative="0.00" duration="1"/>
    <step time="48000.00" loaded="25083" inserted="25083" running="53" waiting="0" ended="25030" arrived="25030" collisions="0" teleports="0" halting="52" stopped="0" meanWaitingTime="46.38" meanTravelTime="115.92" meanSpeed="0.12" meanSpeedRelative="0.01" duration="0"/>
    <step time="48300.00" loaded="25097" inserted="25097" running="53" waiting="0" ended="25044" arrived="25044" collisions="0" teleports="0" halting="52" stopped="0" meanWaitingTime="46.35" meanTravelTime="115.88" meanSpeed="0.07" meanSpeedRelative="0.00" duration="1"/>
    <step time="48600.00" loaded="25113" inserted="25113" running="54" waiting="0" ended="25059" arrived="25059" collisions="0" teleports="0" halting="52" stopped="0" meanWaitingTime="46.32" meanTravelTime="115.82" meanSpeed="0.28" meanSpeedRelative="0.02" duration="1"/>
    <step time="48900.00" loaded="25128" inserted="25128" running="58" waiting="0" ended="25070" arrived="25070" collisions="0" teleports="0" halting="57" stopped="0" meanWaitingTime="46.30" meanTravelTime="115.78" meanSpeed="0.06" meanSpeedRelative="0.00" duration="1"/>
    <step time="49200.00" loaded="25137" inserted="25137" running="52" waiting="0" ended="25085" arrived="25085" collisions="0" teleports="0" halting="52" stopped="0" meanWaitingTime="46.28" meanTravelTime="115.76" meanSpeed="0.00" meanSpeedRelative="0.00" duration="1"/>
</summary>
