<?xml version="1.0" encoding="UTF-8"?>

<!-- generated on 2025-02-28 18:20:07 by Eclipse SUMO GUI Version 1.19.0
<configuration xmlns:xsi="http://www.w3.org/2001/XMLSchema-instance" xsi:noNamespaceSchemaLocation="http://sumo.dlr.de/xsd/sumoConfiguration.xsd">

    <input>
        <net-file value="Network.net.xml"/>
        <route-files value="CarRoutes.rou.xml"/>
        <additional-files value="Sensors.add.xml"/>
    </input>

    <output>
        <emission-output value="logs/Emissions.xml"/>
        <summary-output value="logs/Log_summary.xml"/>
        <summary-output.period value="300"/>
        <tripinfo-output value="logs/TripInfos.xml"/>
    </output>

    <time>
        <begin value="0"/>
        <end value="86400"/>
        <step-length value="0.25"/>
    </time>

    <processing>
        <ignore-junction-blocker value="0.1"/>
        <time-to-teleport value="-1"/>
    </processing>

    <report>
        <verbose value="true"/>
        <no-step-log value="true"/>
    </report>

    <emissions>
        <device.emissions.period value="10"/>
    </emissions>

    <traci_server>
        <remote-port value="58328"/>
    </traci_server>

    <gui_only>
        <quit-on-end value="true"/>
        <start value="true"/>
    </gui_only>

</configuration>
-->

<instantE1 xmlns:xsi="http://www.w3.org/2001/XMLSchema-instance" xsi:noNamespaceSchemaLocation="http://sumo.dlr.de/xsd/instant_e1_file.xsd">
    <instantOut id="235_D025" time="794.19" state="enter" vehID="Car_808" speed="10.00" length="5.00" type="DEFAULT_CAR"/>
    <instantOut id="235_D025" time="794.25" state="stay" vehID="Car_808" speed="10.00" length="5.00" type="DEFAULT_CAR"/>
    <instantOut id="235_D025" time="794.50" state="stay" vehID="Car_808" speed="9.25" length="5.00" type="DEFAULT_CAR"/>
    <instantOut id="235_D025" time="794.75" state="leave" vehID="Car_808" speed="8.50" length="5.00" type="DEFAULT_CAR" occupancy="0.56"/>
    <instantOut id="235_D025" time="1030.50" state="enter" vehID="Car_711" speed="8.36" length="5.00" type="DEFAULT_CAR" gap="235.75"/>
    <instantOut id="235_D025" time="1030.75" state="stay" vehID="Car_711" speed="8.36" length="5.00" type="DEFAULT_CAR"/>
    <instantOut id="235_D025" time="1031.00" state="stay" vehID="Car_711" speed="7.61" length="5.00" type="DEFAULT_CAR"/>
    <instantOut id="235_D025" time="1031.14" state="leave" vehID="Car_711" speed="7.09" length="5.00" type="DEFAULT_CAR" occupancy="0.64"/>
    <instantOut id="235_D025" time="2457.48" state="enter" vehID="Car_708" speed="8.79" length="5.00" type="DEFAULT_CAR" gap="1426.34"/>
    <instantOut id="235_D025" time="2457.50" state="stay" vehID="Car_708" speed="8.79" length="5.00" type="DEFAULT_CAR"/>
    <instantOut id="235_D025" time="2457.75" state="stay" vehID="Car_708" speed="8.04" length="5.00" type="DEFAULT_CAR"/>
    <instantOut id="235_D025" time="2458.00" state="stay" vehID="Car_708" speed="7.29" length="5.00" type="DEFAULT_CAR"/>
    <instantOut id="235_D025" time="2458.15" state="leave" vehID="Car_708" speed="6.64" length="5.00" type="DEFAULT_CAR" occupancy="0.67"/>
    <instantOut id="235_D025" time="3167.49" state="enter" vehID="Car_2478" speed="9.11" length="5.00" type="DEFAULT_CAR" gap="709.34"/>
    <instantOut id="235_D025" time="3167.50" state="stay" vehID="Car_2478" speed="9.11" length="5.00" type="DEFAULT_CAR"/>
    <instantOut id="235_D025" time="3167.75" state="stay" vehID="Car_2478" speed="9.55" length="5.00" type="DEFAULT_CAR"/>
    <instantOut id="235_D025" time="3168.00" state="stay" vehID="Car_2478" speed="8.80" length="5.00" type="DEFAULT_CAR"/>
    <instantOut id="235_D025" time="3168.04" state="leave" vehID="Car_2478" speed="8.25" length="5.00" type="DEFAULT_CAR" occupancy="0.55"/>
    <instantOut id="235_D025" time="5084.73" state="enter" vehID="Car_2053" speed="8.55" length="5.00" type="DEFAULT_CAR" gap="1916.70"/>
    <instantOut id="235_D025" time="5084.75" state="stay" vehID="Car_2053" speed="8.55" length="5.00" type="DEFAULT_CAR"/>
    <instantOut id="235_D025" time="5085.00" state="stay" vehID="Car_2053" speed="8.27" length="5.00" type="DEFAULT_CAR"/>
    <instantOut id="235_D025" time="5085.25" state="stay" vehID="Car_2053" speed="7.52" length="5.00" type="DEFAULT_CAR"/>
    <instantOut id="235_D025" time="5085.39" state="leave" vehID="Car_2053" speed="6.77" length="5.00" type="DEFAULT_CAR" occupancy="0.65"/>
    <instantOut id="235_D025" time="6238.05" state="enter" vehID="Car_5032" speed="8.81" length="5.00" type="DEFAULT_CAR" gap="1152.67"/>
    <instantOut id="235_D025" time="6238.25" state="stay" vehID="Car_5032" speed="8.81" length="5.00" type="DEFAULT_CAR"/>
    <instantOut id="235_D025" time="6238.50" state="stay" vehID="Car_5032" speed="8.37" length="5.00" type="DEFAULT_CAR"/>
    <instantOut id="235_D025" time="6238.65" state="leave" vehID="Car_5032" speed="7.62" length="5.00" type="DEFAULT_CAR" occupancy="0.60"/>
    <instantOut id="235_D025" time="9478.98" state="enter" vehID="Car_5322" speed="9.81" length="5.00" type="DEFAULT_CAR" gap="3240.33"/>
    <instantOut id="235_D025" time="9479.00" state="stay" vehID="Car_5322" speed="9.81" length="5.00" type="DEFAULT_CAR"/>
    <instantOut id="235_D025" time="9479.25" state="stay" vehID="Car_5322" speed="9.06" length="5.00" type="DEFAULT_CAR"/>
    <instantOut id="235_D025" time="9479.50" state="stay" vehID="Car_5322" speed="8.31" length="5.00" type="DEFAULT_CAR"/>
    <instantOut id="235_D025" time="9479.56" state="leave" vehID="Car_5322" speed="7.56" length="5.00" type="DEFAULT_CAR" occupancy="0.58"/>
    <instantOut id="235_D025" time="9494.22" state="enter" vehID="Car_4200" speed="9.13" length="5.00" type="DEFAULT_CAR" gap="14.66"/>
    <instantOut id="235_D025" time="9494.25" state="stay" vehID="Car_4200" speed="9.13" length="5.00" type="DEFAULT_CAR"/>
    <instantOut id="235_D025" time="9494.50" state="stay" vehID="Car_4200" speed="9.71" length="5.00" type="DEFAULT_CAR"/>
    <instantOut id="235_D025" time="9494.72" state="leave" vehID="Car_4200" speed="10.42" length="5.00" type="DEFAULT_CAR" occupancy="0.50"/>
    <instantOut id="235_D025" time="13518.75" state="enter" vehID="Car_7940" speed="8.26" length="5.00" type="DEFAULT_CAR" gap="4024.03"/>
    <instantOut id="235_D025" time="13519.00" state="stay" vehID="Car_7940" speed="8.26" length="5.00" type="DEFAULT_CAR"/>
    <instantOut id="235_D025" time="13519.25" state="stay" vehID="Car_7940" speed="7.51" length="5.00" type="DEFAULT_CAR"/>
    <instantOut id="235_D025" time="13519.40" state="leave" vehID="Car_7940" speed="7.04" length="5.00" type="DEFAULT_CAR" occupancy="0.65"/>
    <instantOut id="235_D025" time="13607.96" state="enter" vehID="Car_7792" speed="8.74" length="5.00" type="DEFAULT_CAR" gap="88.56"/>
    <instantOut id="235_D025" time="13608.00" state="stay" vehID="Car_7792" speed="8.74" length="5.00" type="DEFAULT_CAR"/>
    <instantOut id="235_D025" time="13608.25" state="stay" vehID="Car_7792" speed="7.99" length="5.00" type="DEFAULT_CAR"/>
    <instantOut id="235_D025" time="13608.50" state="stay" vehID="Car_7792" speed="7.24" length="5.00" type="DEFAULT_CAR"/>
    <instantOut id="235_D025" time="13608.63" state="leave" vehID="Car_7792" speed="6.49" length="5.00" type="DEFAULT_CAR" occupancy="0.67"/>
    <instantOut id="235_D025" time="13625.00" state="enter" vehID="Car_9521" speed="9.89" length="5.00" type="DEFAULT_CAR" gap="16.37"/>
    <instantOut id="235_D025" time="13625.25" state="stay" vehID="Car_9521" speed="9.89" length="5.00" type="DEFAULT_CAR"/>
    <instantOut id="235_D025" time="13625.50" state="stay" vehID="Car_9521" speed="9.16" length="5.00" type="DEFAULT_CAR"/>
    <instantOut id="235_D025" time="13625.53" state="leave" vehID="Car_9521" speed="8.48" length="5.00" type="DEFAULT_CAR" occupancy="0.53"/>
    <instantOut id="235_D025" time="14357.94" state="enter" vehID="Car_8745" speed="9.87" length="5.00" type="DEFAULT_CAR" gap="732.41"/>
    <instantOut id="235_D025" time="14358.00" state="stay" vehID="Car_8745" speed="9.87" length="5.00" type="DEFAULT_CAR"/>
    <instantOut id="235_D025" time="14358.25" state="stay" vehID="Car_8745" speed="9.12" length="5.00" type="DEFAULT_CAR"/>
    <instantOut id="235_D025" time="14358.50" state="leave" vehID="Car_8745" speed="8.55" length="5.00" type="DEFAULT_CAR" occupancy="0.56"/>
    <instantOut id="235_D025" time="15081.72" state="enter" vehID="Car_9519" speed="9.89" length="5.00" type="DEFAULT_CAR" gap="723.23"/>
    <instantOut id="235_D025" time="15081.75" state="stay" vehID="Car_9519" speed="9.89" length="5.00" type="DEFAULT_CAR"/>
    <instantOut id="235_D025" time="15082.00" state="stay" vehID="Car_9519" speed="9.88" length="5.00" type="DEFAULT_CAR"/>
    <instantOut id="235_D025" time="15082.25" state="leave" vehID="Car_9519" speed="9.13" length="5.00" type="DEFAULT_CAR" occupancy="0.53"/>
    <instantOut id="235_D025" time="16159.79" state="enter" vehID="Car_8073" speed="7.14" length="5.00" type="DEFAULT_CAR" gap="1077.54"/>
    <instantOut id="235_D025" time="16160.00" state="stay" vehID="Car_8073" speed="7.14" length="5.00" type="DEFAULT_CAR"/>
    <instantOut id="235_D025" time="16160.25" state="stay" vehID="Car_8073" speed="6.39" length="5.00" type="DEFAULT_CAR"/>
    <instantOut id="235_D025" time="16160.50" state="stay" vehID="Car_8073" speed="5.64" length="5.00" type="DEFAULT_CAR"/>
    <instantOut id="235_D025" time="16160.59" state="leave" vehID="Car_8073" speed="5.00" length="5.00" type="DEFAULT_CAR" occupancy="0.81"/>
    <instantOut id="235_D025" time="16162.10" state="enter" vehID="Car_7919" speed="4.86" length="5.00" type="DEFAULT_CAR" gap="1.50"/>
    <instantOut id="235_D025" time="16162.25" state="stay" vehID="Car_7919" speed="4.86" length="5.00" type="DEFAULT_CAR"/>
    <instantOut id="235_D025" time="16162.50" state="stay" vehID="Car_7919" speed="5.16" length="5.00" type="DEFAULT_CAR"/>
    <instantOut id="235_D025" time="16162.75" state="stay" vehID="Car_7919" speed="4.94" length="5.00" type="DEFAULT_CAR"/>
    <instantOut id="235_D025" time="16163.00" state="stay" vehID="Car_7919" speed="5.02" length="5.00" type="DEFAULT_CAR"/>
    <instantOut id="235_D025" time="16163.10" state="leave" vehID="Car_7919" speed="4.57" length="5.00" type="DEFAULT_CAR" occupancy="1.01"/>
    <instantOut id="235_D025" time="17282.00" state="enter" vehID="Car_9884" speed="8.75" length="5.00" type="DEFAULT_CAR" gap="1118.89"/>
    <instantOut id="235_D025" time="17282.00" state="stay" vehID="Car_9884" speed="8.75" length="5.00" type="DEFAULT_CAR"/>
    <instantOut id="235_D025" time="17282.25" state="stay" vehID="Car_9884" speed="8.42" length="5.00" type="DEFAULT_CAR"/>
    <instantOut id="235_D025" time="17282.50" state="stay" vehID="Car_9884" speed="7.67" length="5.00" type="DEFAULT_CAR"/>
    <instantOut id="235_D025" time="17282.64" state="leave" vehID="Car_9884" speed="6.92" length="5.00" type="DEFAULT_CAR" occupancy="0.64"/>
    <instantOut id="235_D025" time="18037.11" state="enter" vehID="Car_9883" speed="7.26" length="5.00" type="DEFAULT_CAR" gap="754.47"/>
    <instantOut id="235_D025" time="18037.25" state="stay" vehID="Car_9883" speed="7.26" length="5.00" type="DEFAULT_CAR"/>
    <instantOut id="235_D025" time="18037.50" state="stay" vehID="Car_9883" speed="6.51" length="5.00" type="DEFAULT_CAR"/>
    <instantOut id="235_D025" time="18037.75" state="stay" vehID="Car_9883" speed="5.76" length="5.00" type="DEFAULT_CAR"/>
    <instantOut id="235_D025" time="18037.93" state="leave" vehID="Car_9883" speed="5.01" length="5.00" type="DEFAULT_CAR" occupancy="0.82"/>
    <instantOut id="235_D025" time="21278.96" state="enter" vehID="Car_12517" speed="8.82" length="5.00" type="DEFAULT_CAR" gap="3241.02"/>
    <instantOut id="235_D025" time="21279.00" state="stay" vehID="Car_12517" speed="8.82" length="5.00" type="DEFAULT_CAR"/>
    <instantOut id="235_D025" time="21279.25" state="stay" vehID="Car_12517" speed="8.10" length="5.00" type="DEFAULT_CAR"/>
    <instantOut id="235_D025" time="21279.50" state="stay" vehID="Car_12517" speed="7.35" length="5.00" type="DEFAULT_CAR"/>
    <instantOut id="235_D025" time="21279.61" state="leave" vehID="Car_12517" speed="6.60" length="5.00" type="DEFAULT_CAR" occupancy="0.66"/>
    <instantOut id="235_D025" time="23093.30" state="enter" vehID="Car_12643" speed="7.35" length="5.00" type="DEFAULT_CAR" gap="1813.68"/>
    <instantOut id="235_D025" time="23093.50" state="stay" vehID="Car_12643" speed="7.35" length="5.00" type="DEFAULT_CAR"/>
    <instantOut id="235_D025" time="23093.75" state="stay" vehID="Car_12643" speed="6.60" length="5.00" type="DEFAULT_CAR"/>
    <instantOut id="235_D025" time="23094.00" state="stay" vehID="Car_12643" speed="5.85" length="5.00" type="DEFAULT_CAR"/>
    <instantOut id="235_D025" time="23094.08" state="leave" vehID="Car_12643" speed="5.10" length="5.00" type="DEFAULT_CAR" occupancy="0.78"/>
    <instantOut id="235_D025" time="24804.00" state="enter" vehID="Car_15531" speed="7.55" length="5.00" type="DEFAULT_CAR" gap="1709.92"/>
    <instantOut id="235_D025" time="24804.25" state="stay" vehID="Car_15531" speed="7.55" length="5.00" type="DEFAULT_CAR"/>
    <instantOut id="235_D025" time="24804.50" state="stay" vehID="Car_15531" speed="7.69" length="5.00" type="DEFAULT_CAR"/>
    <instantOut id="235_D025" time="24804.67" state="leave" vehID="Car_15531" speed="6.96" length="5.00" type="DEFAULT_CAR" occupancy="0.67"/>
    <instantOut id="235_D025" time="25111.97" state="enter" vehID="Car_15999" speed="8.67" length="5.00" type="DEFAULT_CAR" gap="307.29"/>
    <instantOut id="235_D025" time="25112.00" state="stay" vehID="Car_15999" speed="8.67" length="5.00" type="DEFAULT_CAR"/>
    <instantOut id="235_D025" time="25112.25" state="stay" vehID="Car_15999" speed="7.92" length="5.00" type="DEFAULT_CAR"/>
    <instantOut id="235_D025" time="25112.50" state="stay" vehID="Car_15999" speed="7.17" length="5.00" type="DEFAULT_CAR"/>
    <instantOut id="235_D025" time="25112.64" state="leave" vehID="Car_15999" speed="6.70" length="5.00" type="DEFAULT_CAR" occupancy="0.67"/>
    <instantOut id="235_D025" time="27484.68" state="enter" vehID="Car_16462" speed="9.95" length="5.00" type="DEFAULT_CAR" gap="2372.04"/>
    <instantOut id="235_D025" time="27484.75" state="stay" vehID="Car_16462" speed="9.95" length="5.00" type="DEFAULT_CAR"/>
    <instantOut id="235_D025" time="27485.00" state="stay" vehID="Car_16462" speed="10.45" length="5.00" type="DEFAULT_CAR"/>
    <instantOut id="235_D025" time="27485.18" state="leave" vehID="Car_16462" speed="9.70" length="5.00" type="DEFAULT_CAR" occupancy="0.49"/>
    <instantOut id="235_D025" time="27840.06" state="enter" vehID="Car_16665" speed="7.10" length="5.00" type="DEFAULT_CAR" gap="354.88"/>
    <instantOut id="235_D025" time="27840.25" state="stay" vehID="Car_16665" speed="7.10" length="5.00" type="DEFAULT_CAR"/>
    <instantOut id="235_D025" time="27840.50" state="stay" vehID="Car_16665" speed="6.52" length="5.00" type="DEFAULT_CAR"/>
    <instantOut id="235_D025" time="27840.75" state="stay" vehID="Car_16665" speed="5.77" length="5.00" type="DEFAULT_CAR"/>
    <instantOut id="235_D025" time="27840.86" state="leave" vehID="Car_16665" speed="5.02" length="5.00" type="DEFAULT_CAR" occupancy="0.80"/>
    <instantOut id="235_D025" time="28349.98" state="enter" vehID="Car_17974" speed="9.92" length="5.00" type="DEFAULT_CAR" gap="509.11"/>
    <instantOut id="235_D025" time="28350.00" state="stay" vehID="Car_17974" speed="9.92" length="5.00" type="DEFAULT_CAR"/>
    <instantOut id="235_D025" time="28350.25" state="stay" vehID="Car_17974" speed="10.04" length="5.00" type="DEFAULT_CAR"/>
    <instantOut id="235_D025" time="28350.49" state="leave" vehID="Car_17974" speed="9.50" length="5.00" type="DEFAULT_CAR" occupancy="0.51"/>
    <instantOut id="235_D025" time="28416.02" state="enter" vehID="Car_17973" speed="8.22" length="5.00" type="DEFAULT_CAR" gap="65.53"/>
    <instantOut id="235_D025" time="28416.25" state="stay" vehID="Car_17973" speed="8.22" length="5.00" type="DEFAULT_CAR"/>
    <instantOut id="235_D025" time="28416.50" state="stay" vehID="Car_17973" speed="7.73" length="5.00" type="DEFAULT_CAR"/>
    <instantOut id="235_D025" time="28416.67" state="leave" vehID="Car_17973" speed="6.98" length="5.00" type="DEFAULT_CAR" occupancy="0.65"/>
    <instantOut id="235_D025" time="28672.68" state="enter" vehID="Car_18391" speed="10.22" length="5.00" type="DEFAULT_CAR" gap="256.02"/>
    <instantOut id="235_D025" time="28672.75" state="stay" vehID="Car_18391" speed="10.22" length="5.00" type="DEFAULT_CAR"/>
    <instantOut id="235_D025" time="28673.00" state="stay" vehID="Car_18391" speed="9.98" length="5.00" type="DEFAULT_CAR"/>
    <instantOut id="235_D025" time="28673.20" state="leave" vehID="Car_18391" speed="9.23" length="5.00" type="DEFAULT_CAR" occupancy="0.51"/>
    <instantOut id="235_D025" time="28675.21" state="enter" vehID="Car_17232" speed="9.54" length="5.00" type="DEFAULT_CAR" gap="2.01"/>
    <instantOut id="235_D025" time="28675.25" state="stay" vehID="Car_17232" speed="9.54" length="5.00" type="DEFAULT_CAR"/>
    <instantOut id="235_D025" time="28675.50" state="stay" vehID="Car_17232" speed="10.24" length="5.00" type="DEFAULT_CAR"/>
    <instantOut id="235_D025" time="28675.69" state="leave" vehID="Car_17232" speed="10.56" length="5.00" type="DEFAULT_CAR" occupancy="0.49"/>
    <instantOut id="235_D025" time="29920.01" state="enter" vehID="Car_18401" speed="8.23" length="5.00" type="DEFAULT_CAR" gap="1244.32"/>
    <instantOut id="235_D025" time="29920.25" state="stay" vehID="Car_18401" speed="8.23" length="5.00" type="DEFAULT_CAR"/>
    <instantOut id="235_D025" time="29920.50" state="stay" vehID="Car_18401" speed="7.63" length="5.00" type="DEFAULT_CAR"/>
    <instantOut id="235_D025" time="29920.65" state="leave" vehID="Car_18401" speed="7.43" length="5.00" type="DEFAULT_CAR" occupancy="0.64"/>
    <instantOut id="235_D025" time="30314.20" state="enter" vehID="Car_18479" speed="9.00" length="5.00" type="DEFAULT_CAR" gap="393.55"/>
    <instantOut id="235_D025" time="30314.25" state="stay" vehID="Car_18479" speed="9.00" length="5.00" type="DEFAULT_CAR"/>
    <instantOut id="235_D025" time="30314.50" state="stay" vehID="Car_18479" speed="8.25" length="5.00" type="DEFAULT_CAR"/>
    <instantOut id="235_D025" time="30314.75" state="stay" vehID="Car_18479" speed="7.50" length="5.00" type="DEFAULT_CAR"/>
    <instantOut id="235_D025" time="30314.84" state="leave" vehID="Car_18479" speed="6.75" length="5.00" type="DEFAULT_CAR" occupancy="0.64"/>
    <instantOut id="235_D025" time="31383.50" state="enter" vehID="Car_17354" speed="8.89" length="5.00" type="DEFAULT_CAR" gap="1068.66"/>
    <instantOut id="235_D025" time="31383.50" state="stay" vehID="Car_17354" speed="8.89" length="5.00" type="DEFAULT_CAR"/>
    <instantOut id="235_D025" time="31383.75" state="stay" vehID="Car_17354" speed="8.21" length="5.00" type="DEFAULT_CAR"/>
    <instantOut id="235_D025" time="31384.00" state="stay" vehID="Car_17354" speed="7.46" length="5.00" type="DEFAULT_CAR"/>
    <instantOut id="235_D025" time="31384.16" state="leave" vehID="Car_17354" speed="6.71" length="5.00" type="DEFAULT_CAR" occupancy="0.66"/>
    <instantOut id="235_D025" time="32134.50" state="enter" vehID="Car_20749" speed="8.35" length="5.00" type="DEFAULT_CAR" gap="750.34"/>
    <instantOut id="235_D025" time="32134.75" state="stay" vehID="Car_20749" speed="8.35" length="5.00" type="DEFAULT_CAR"/>
    <instantOut id="235_D025" time="32135.00" state="stay" vehID="Car_20749" speed="7.60" length="5.00" type="DEFAULT_CAR"/>
    <instantOut id="235_D025" time="32135.15" state="leave" vehID="Car_20749" speed="7.09" length="5.00" type="DEFAULT_CAR" occupancy="0.64"/>
    <instantOut id="235_D025" time="33384.24" state="enter" vehID="Car_20615" speed="9.36" length="5.00" type="DEFAULT_CAR" gap="1249.09"/>
    <instantOut id="235_D025" time="33384.25" state="stay" vehID="Car_20615" speed="9.36" length="5.00" type="DEFAULT_CAR"/>
    <instantOut id="235_D025" time="33384.50" state="stay" vehID="Car_20615" speed="8.61" length="5.00" type="DEFAULT_CAR"/>
    <instantOut id="235_D025" time="33384.75" state="stay" vehID="Car_20615" speed="7.96" length="5.00" type="DEFAULT_CAR"/>
    <instantOut id="235_D025" time="33384.85" state="leave" vehID="Car_20615" speed="7.21" length="5.00" type="DEFAULT_CAR" occupancy="0.62"/>
    <instantOut id="235_D025" time="33660.97" state="enter" vehID="Car_19817" speed="10.22" length="5.00" type="DEFAULT_CAR" gap="276.12"/>
    <instantOut id="235_D025" time="33661.00" state="stay" vehID="Car_19817" speed="10.22" length="5.00" type="DEFAULT_CAR"/>
    <instantOut id="235_D025" time="33661.25" state="stay" vehID="Car_19817" speed="11.09" length="5.00" type="DEFAULT_CAR"/>
    <instantOut id="235_D025" time="33661.43" state="leave" vehID="Car_19817" speed="10.57" length="5.00" type="DEFAULT_CAR" occupancy="0.46"/>
    <instantOut id="235_D025" time="34274.44" state="enter" vehID="Car_19823" speed="9.79" length="5.00" type="DEFAULT_CAR" gap="613.01"/>
    <instantOut id="235_D025" time="34274.50" state="stay" vehID="Car_19823" speed="9.79" length="5.00" type="DEFAULT_CAR"/>
    <instantOut id="235_D025" time="34274.75" state="stay" vehID="Car_19823" speed="9.53" length="5.00" type="DEFAULT_CAR"/>
    <instantOut id="235_D025" time="34274.98" state="leave" vehID="Car_19823" speed="8.78" length="5.00" type="DEFAULT_CAR" occupancy="0.54"/>
    <instantOut id="235_D025" time="34527.24" state="enter" vehID="Car_20619" speed="9.05" length="5.00" type="DEFAULT_CAR" gap="252.26"/>
    <instantOut id="235_D025" time="34527.25" state="stay" vehID="Car_20619" speed="9.05" length="5.00" type="DEFAULT_CAR"/>
    <instantOut id="235_D025" time="34527.50" state="stay" vehID="Car_20619" speed="8.30" length="5.00" type="DEFAULT_CAR"/>
    <instantOut id="235_D025" time="34527.75" state="stay" vehID="Car_20619" speed="7.55" length="5.00" type="DEFAULT_CAR"/>
    <instantOut id="235_D025" time="34527.89" state="leave" vehID="Car_20619" speed="6.80" length="5.00" type="DEFAULT_CAR" occupancy="0.65"/>
    <instantOut id="235_D025" time="35030.91" state="enter" vehID="Car_19222" speed="6.61" length="5.00" type="DEFAULT_CAR" gap="503.02"/>
    <instantOut id="235_D025" time="35031.00" state="stay" vehID="Car_19222" speed="6.61" length="5.00" type="DEFAULT_CAR"/>
    <instantOut id="235_D025" time="35031.25" state="stay" vehID="Car_19222" speed="7.51" length="5.00" type="DEFAULT_CAR"/>
    <instantOut id="235_D025" time="35031.50" state="stay" vehID="Car_19222" speed="8.04" length="5.00" type="DEFAULT_CAR"/>
    <instantOut id="235_D025" time="35031.57" state="leave" vehID="Car_19222" speed="7.29" length="5.00" type="DEFAULT_CAR" occupancy="0.66"/>
    <instantOut id="235_D025" time="36834.74" state="enter" vehID="Car_21542" speed="9.39" length="5.00" type="DEFAULT_CAR" gap="1803.17"/>
    <instantOut id="235_D025" time="36834.75" state="stay" vehID="Car_21542" speed="9.39" length="5.00" type="DEFAULT_CAR"/>
    <instantOut id="235_D025" time="36835.00" state="stay" vehID="Car_21542" speed="9.96" length="5.00" type="DEFAULT_CAR"/>
    <instantOut id="235_D025" time="36835.25" state="stay" vehID="Car_21542" speed="9.39" length="5.00" type="DEFAULT_CAR"/>
    <instantOut id="235_D025" time="36835.26" state="leave" vehID="Car_21542" speed="8.66" length="5.00" type="DEFAULT_CAR" occupancy="0.52"/>
    <instantOut id="235_D025" time="37287.31" state="enter" vehID="Car_21427" speed="9.91" length="5.00" type="DEFAULT_CAR" gap="452.05"/>
    <instantOut id="235_D025" time="37287.50" state="stay" vehID="Car_21427" speed="9.91" length="5.00" type="DEFAULT_CAR"/>
    <instantOut id="235_D025" time="37287.75" state="stay" vehID="Car_21427" speed="9.37" length="5.00" type="DEFAULT_CAR"/>
    <instantOut id="235_D025" time="37287.84" state="leave" vehID="Car_21427" speed="8.62" length="5.00" type="DEFAULT_CAR" occupancy="0.53"/>
    <instantOut id="235_D025" time="38955.33" state="enter" vehID="Car_22961" speed="7.05" length="5.00" type="DEFAULT_CAR" gap="1667.49"/>
    <instantOut id="235_D025" time="38955.50" state="stay" vehID="Car_22961" speed="7.05" length="5.00" type="DEFAULT_CAR"/>
    <instantOut id="235_D025" time="38955.75" state="stay" vehID="Car_22961" speed="6.59" length="5.00" type="DEFAULT_CAR"/>
    <instantOut id="235_D025" time="38956.00" state="stay" vehID="Car_22961" speed="5.84" length="5.00" type="DEFAULT_CAR"/>
    <instantOut id="235_D025" time="38956.13" state="leave" vehID="Car_22961" speed="5.10" length="5.00" type="DEFAULT_CAR" occupancy="0.81"/>
    <instantOut id="235_D025" time="40380.02" state="enter" vehID="Car_22681" speed="7.26" length="5.00" type="DEFAULT_CAR" gap="1423.89"/>
    <instantOut id="235_D025" time="40380.25" state="stay" vehID="Car_22681" speed="7.26" length="5.00" type="DEFAULT_CAR"/>
    <instantOut id="235_D025" time="40380.50" state="stay" vehID="Car_22681" speed="6.51" length="5.00" type="DEFAULT_CAR"/>
    <instantOut id="235_D025" time="40380.75" state="stay" vehID="Car_22681" speed="5.76" length="5.00" type="DEFAULT_CAR"/>
    <instantOut id="235_D025" time="40380.80" state="leave" vehID="Car_22681" speed="5.01" length="5.00" type="DEFAULT_CAR" occupancy="0.78"/>
    <instantOut id="235_D025" time="40897.00" state="enter" vehID="Car_23431" speed="7.30" length="5.00" type="DEFAULT_CAR" gap="516.20"/>
    <instantOut id="235_D025" time="40897.25" state="stay" vehID="Car_23431" speed="7.30" length="5.00" type="DEFAULT_CAR"/>
    <instantOut id="235_D025" time="40897.50" state="stay" vehID="Car_23431" speed="7.96" length="5.00" type="DEFAULT_CAR"/>
    <instantOut id="235_D025" time="40897.67" state="leave" vehID="Car_23431" speed="7.36" length="5.00" type="DEFAULT_CAR" occupancy="0.66"/>
</instantE1>
