<?xml version="1.0" encoding="UTF-8"?>

<!-- generated on 2025-02-28 19:22:48 by Eclipse SUMO GUI Version 1.19.0
<configuration xmlns:xsi="http://www.w3.org/2001/XMLSchema-instance" xsi:noNamespaceSchemaLocation="http://sumo.dlr.de/xsd/sumoConfiguration.xsd">

    <input>
        <net-file value="Network.net.xml"/>
        <route-files value="CarRoutes.rou.xml"/>
        <additional-files value="Sensors.add.xml"/>
    </input>

    <output>
        <emission-output value="logs/Emissions.xml"/>
        <summary-output value="logs/Log_summary.xml"/>
        <summary-output.period value="300"/>
        <tripinfo-output value="logs/TripInfos.xml"/>
    </output>

    <time>
        <begin value="0"/>
        <end value="86400"/>
        <step-length value="0.25"/>
    </time>

    <processing>
        <ignore-junction-blocker value="0.1"/>
        <time-to-teleport value="-1"/>
    </processing>

    <report>
        <verbose value="true"/>
        <no-step-log value="true"/>
    </report>

    <emissions>
        <device.emissions.period value="10"/>
    </emissions>

    <traci_server>
        <remote-port value="59348"/>
    </traci_server>

    <gui_only>
        <quit-on-end value="true"/>
        <start value="true"/>
    </gui_only>

</configuration>
-->

<instantE1 xmlns:xsi="http://www.w3.org/2001/XMLSchema-instance" xsi:noNamespaceSchemaLocation="http://sumo.dlr.de/xsd/instant_e1_file.xsd">
    <instantOut id="235_D025" time="1670.79" state="enter" vehID="Car_1106" speed="7.05" length="5.00" type="DEFAULT_CAR"/>
    <instantOut id="235_D025" time="1671.00" state="stay" vehID="Car_1106" speed="7.05" length="5.00" type="DEFAULT_CAR"/>
    <instantOut id="235_D025" time="1671.25" state="stay" vehID="Car_1106" speed="6.30" length="5.00" type="DEFAULT_CAR"/>
    <instantOut id="235_D025" time="1671.50" state="stay" vehID="Car_1106" speed="5.57" length="5.00" type="DEFAULT_CAR"/>
    <instantOut id="235_D025" time="1671.61" state="leave" vehID="Car_1106" speed="5.00" length="5.00" type="DEFAULT_CAR" occupancy="0.82"/>
    <instantOut id="235_D025" time="4370.96" state="enter" vehID="Car_1967" speed="7.17" length="5.00" type="DEFAULT_CAR" gap="2699.35"/>
    <instantOut id="235_D025" time="4371.00" state="stay" vehID="Car_1967" speed="7.17" length="5.00" type="DEFAULT_CAR"/>
    <instantOut id="235_D025" time="4371.25" state="stay" vehID="Car_1967" speed="6.63" length="5.00" type="DEFAULT_CAR"/>
    <instantOut id="235_D025" time="4371.50" state="stay" vehID="Car_1967" speed="5.90" length="5.00" type="DEFAULT_CAR"/>
    <instantOut id="235_D025" time="4371.75" state="stay" vehID="Car_1967" speed="5.37" length="5.00" type="DEFAULT_CAR"/>
    <instantOut id="235_D025" time="4371.80" state="leave" vehID="Car_1967" speed="4.71" length="5.00" type="DEFAULT_CAR" occupancy="0.84"/>
    <instantOut id="235_D025" time="4796.22" state="enter" vehID="Car_2553" speed="9.94" length="5.00" type="DEFAULT_CAR" gap="424.42"/>
    <instantOut id="235_D025" time="4796.25" state="stay" vehID="Car_2553" speed="9.94" length="5.00" type="DEFAULT_CAR"/>
    <instantOut id="235_D025" time="4796.50" state="stay" vehID="Car_2553" speed="9.39" length="5.00" type="DEFAULT_CAR"/>
    <instantOut id="235_D025" time="4796.75" state="stay" vehID="Car_2553" speed="8.75" length="5.00" type="DEFAULT_CAR"/>
    <instantOut id="235_D025" time="4796.77" state="leave" vehID="Car_2553" speed="8.00" length="5.00" type="DEFAULT_CAR" occupancy="0.55"/>
    <instantOut id="235_D025" time="5282.74" state="enter" vehID="Car_2703" speed="9.47" length="5.00" type="DEFAULT_CAR" gap="485.97"/>
    <instantOut id="235_D025" time="5282.75" state="stay" vehID="Car_2703" speed="9.47" length="5.00" type="DEFAULT_CAR"/>
    <instantOut id="235_D025" time="5283.00" state="stay" vehID="Car_2703" speed="10.13" length="5.00" type="DEFAULT_CAR"/>
    <instantOut id="235_D025" time="5283.24" state="leave" vehID="Car_2703" speed="9.53" length="5.00" type="DEFAULT_CAR" occupancy="0.51"/>
    <instantOut id="235_D025" time="6045.38" state="enter" vehID="Car_3140" speed="7.89" length="5.00" type="DEFAULT_CAR" gap="762.14"/>
    <instantOut id="235_D025" time="6045.50" state="stay" vehID="Car_3140" speed="7.89" length="5.00" type="DEFAULT_CAR"/>
    <instantOut id="235_D025" time="6045.75" state="stay" vehID="Car_3140" speed="7.48" length="5.00" type="DEFAULT_CAR"/>
    <instantOut id="235_D025" time="6046.00" state="stay" vehID="Car_3140" speed="6.73" length="5.00" type="DEFAULT_CAR"/>
    <instantOut id="235_D025" time="6046.09" state="leave" vehID="Car_3140" speed="5.98" length="5.00" type="DEFAULT_CAR" occupancy="0.70"/>
    <instantOut id="235_D025" time="8482.53" state="enter" vehID="Car_4496" speed="7.99" length="5.00" type="DEFAULT_CAR" gap="2436.44"/>
    <instantOut id="235_D025" time="8482.75" state="stay" vehID="Car_4496" speed="7.99" length="5.00" type="DEFAULT_CAR"/>
    <instantOut id="235_D025" time="8483.00" state="stay" vehID="Car_4496" speed="7.24" length="5.00" type="DEFAULT_CAR"/>
    <instantOut id="235_D025" time="8483.21" state="leave" vehID="Car_4496" speed="6.49" length="5.00" type="DEFAULT_CAR" occupancy="0.69"/>
    <instantOut id="235_D025" time="8639.24" state="enter" vehID="Car_4497" speed="9.48" length="5.00" type="DEFAULT_CAR" gap="156.03"/>
    <instantOut id="235_D025" time="8639.25" state="stay" vehID="Car_4497" speed="9.48" length="5.00" type="DEFAULT_CAR"/>
    <instantOut id="235_D025" time="8639.50" state="stay" vehID="Car_4497" speed="8.84" length="5.00" type="DEFAULT_CAR"/>
    <instantOut id="235_D025" time="8639.75" state="stay" vehID="Car_4497" speed="8.32" length="5.00" type="DEFAULT_CAR"/>
    <instantOut id="235_D025" time="8639.83" state="leave" vehID="Car_4497" speed="7.57" length="5.00" type="DEFAULT_CAR" occupancy="0.59"/>
    <instantOut id="235_D025" time="11988.69" state="enter" vehID="Car_6880" speed="9.72" length="5.00" type="DEFAULT_CAR" gap="3348.86"/>
    <instantOut id="235_D025" time="11988.75" state="stay" vehID="Car_6880" speed="9.72" length="5.00" type="DEFAULT_CAR"/>
    <instantOut id="235_D025" time="11989.00" state="stay" vehID="Car_6880" speed="9.81" length="5.00" type="DEFAULT_CAR"/>
    <instantOut id="235_D025" time="11989.21" state="leave" vehID="Car_6880" speed="9.23" length="5.00" type="DEFAULT_CAR" occupancy="0.52"/>
    <instantOut id="235_D025" time="13758.47" state="enter" vehID="Car_7875" speed="9.41" length="5.00" type="DEFAULT_CAR" gap="1769.26"/>
    <instantOut id="235_D025" time="13758.50" state="stay" vehID="Car_7875" speed="9.41" length="5.00" type="DEFAULT_CAR"/>
    <instantOut id="235_D025" time="13758.75" state="stay" vehID="Car_7875" speed="9.86" length="5.00" type="DEFAULT_CAR"/>
    <instantOut id="235_D025" time="13758.99" state="leave" vehID="Car_7875" speed="9.31" length="5.00" type="DEFAULT_CAR" occupancy="0.52"/>
    <instantOut id="235_D025" time="14714.98" state="enter" vehID="Car_8247" speed="9.64" length="5.00" type="DEFAULT_CAR" gap="955.99"/>
    <instantOut id="235_D025" time="14715.00" state="stay" vehID="Car_8247" speed="9.64" length="5.00" type="DEFAULT_CAR"/>
    <instantOut id="235_D025" time="14715.25" state="stay" vehID="Car_8247" speed="9.97" length="5.00" type="DEFAULT_CAR"/>
    <instantOut id="235_D025" time="14715.50" state="leave" vehID="Car_8247" speed="9.22" length="5.00" type="DEFAULT_CAR" occupancy="0.52"/>
    <instantOut id="235_D025" time="16542.23" state="enter" vehID="Car_9430" speed="8.39" length="5.00" type="DEFAULT_CAR" gap="1826.73"/>
    <instantOut id="235_D025" time="16542.25" state="stay" vehID="Car_9430" speed="8.39" length="5.00" type="DEFAULT_CAR"/>
    <instantOut id="235_D025" time="16542.50" state="stay" vehID="Car_9430" speed="7.64" length="5.00" type="DEFAULT_CAR"/>
    <instantOut id="235_D025" time="16542.75" state="stay" vehID="Car_9430" speed="6.89" length="5.00" type="DEFAULT_CAR"/>
    <instantOut id="235_D025" time="16542.94" state="leave" vehID="Car_9430" speed="6.14" length="5.00" type="DEFAULT_CAR" occupancy="0.71"/>
    <instantOut id="235_D025" time="18817.76" state="enter" vehID="Car_10151" speed="8.25" length="5.00" type="DEFAULT_CAR" gap="2274.81"/>
    <instantOut id="235_D025" time="18818.00" state="stay" vehID="Car_10151" speed="8.25" length="5.00" type="DEFAULT_CAR"/>
    <instantOut id="235_D025" time="18818.25" state="stay" vehID="Car_10151" speed="7.50" length="5.00" type="DEFAULT_CAR"/>
    <instantOut id="235_D025" time="18818.40" state="leave" vehID="Car_10151" speed="7.44" length="5.00" type="DEFAULT_CAR" occupancy="0.64"/>
    <instantOut id="235_D025" time="20848.09" state="enter" vehID="Car_12119" speed="6.16" length="5.00" type="DEFAULT_CAR" gap="2029.69"/>
    <instantOut id="235_D025" time="20848.25" state="stay" vehID="Car_12119" speed="6.16" length="5.00" type="DEFAULT_CAR"/>
    <instantOut id="235_D025" time="20848.50" state="stay" vehID="Car_12119" speed="5.63" length="5.00" type="DEFAULT_CAR"/>
    <instantOut id="235_D025" time="20848.75" state="stay" vehID="Car_12119" speed="4.94" length="5.00" type="DEFAULT_CAR"/>
    <instantOut id="235_D025" time="20849.00" state="stay" vehID="Car_12119" speed="4.39" length="5.00" type="DEFAULT_CAR"/>
    <instantOut id="235_D025" time="20849.07" state="leave" vehID="Car_12119" speed="4.04" length="5.00" type="DEFAULT_CAR" occupancy="0.98"/>
    <instantOut id="235_D025" time="21219.55" state="enter" vehID="Car_12111" speed="12.03" length="5.00" type="DEFAULT_CAR" gap="370.48"/>
    <instantOut id="235_D025" time="21219.75" state="stay" vehID="Car_12111" speed="12.03" length="5.00" type="DEFAULT_CAR"/>
    <instantOut id="235_D025" time="21219.98" state="leave" vehID="Car_12111" speed="11.28" length="5.00" type="DEFAULT_CAR" occupancy="0.43"/>
    <instantOut id="235_D025" time="21756.21" state="enter" vehID="Car_12389" speed="10.07" length="5.00" type="DEFAULT_CAR" gap="536.23"/>
    <instantOut id="235_D025" time="21756.25" state="stay" vehID="Car_12389" speed="10.07" length="5.00" type="DEFAULT_CAR"/>
    <instantOut id="235_D025" time="21756.50" state="stay" vehID="Car_12389" speed="10.35" length="5.00" type="DEFAULT_CAR"/>
    <instantOut id="235_D025" time="21756.70" state="leave" vehID="Car_12389" speed="9.97" length="5.00" type="DEFAULT_CAR" occupancy="0.49"/>
    <instantOut id="235_D025" time="22472.52" state="enter" vehID="Car_13135" speed="7.97" length="5.00" type="DEFAULT_CAR" gap="715.82"/>
    <instantOut id="235_D025" time="22472.75" state="stay" vehID="Car_13135" speed="7.97" length="5.00" type="DEFAULT_CAR"/>
    <instantOut id="235_D025" time="22473.00" state="stay" vehID="Car_13135" speed="7.22" length="5.00" type="DEFAULT_CAR"/>
    <instantOut id="235_D025" time="22473.21" state="leave" vehID="Car_13135" speed="6.47" length="5.00" type="DEFAULT_CAR" occupancy="0.69"/>
    <instantOut id="235_D025" time="23251.47" state="enter" vehID="Car_13185" speed="8.75" length="5.00" type="DEFAULT_CAR" gap="778.26"/>
    <instantOut id="235_D025" time="23251.50" state="stay" vehID="Car_13185" speed="8.75" length="5.00" type="DEFAULT_CAR"/>
    <instantOut id="235_D025" time="23251.75" state="stay" vehID="Car_13185" speed="8.03" length="5.00" type="DEFAULT_CAR"/>
    <instantOut id="235_D025" time="23252.00" state="stay" vehID="Car_13185" speed="7.31" length="5.00" type="DEFAULT_CAR"/>
    <instantOut id="235_D025" time="23252.14" state="leave" vehID="Car_13185" speed="6.56" length="5.00" type="DEFAULT_CAR" occupancy="0.67"/>
    <instantOut id="235_D025" time="23493.36" state="enter" vehID="Car_13750" speed="9.56" length="5.00" type="DEFAULT_CAR" gap="241.22"/>
    <instantOut id="235_D025" time="23493.50" state="stay" vehID="Car_13750" speed="9.56" length="5.00" type="DEFAULT_CAR"/>
    <instantOut id="235_D025" time="23493.75" state="stay" vehID="Car_13750" speed="8.81" length="5.00" type="DEFAULT_CAR"/>
    <instantOut id="235_D025" time="23493.93" state="leave" vehID="Car_13750" speed="8.06" length="5.00" type="DEFAULT_CAR" occupancy="0.57"/>
    <instantOut id="235_D025" time="25222.55" state="enter" vehID="Car_14647" speed="6.96" length="5.00" type="DEFAULT_CAR" gap="1728.62"/>
    <instantOut id="235_D025" time="25222.75" state="stay" vehID="Car_14647" speed="6.96" length="5.00" type="DEFAULT_CAR"/>
    <instantOut id="235_D025" time="25223.00" state="stay" vehID="Car_14647" speed="6.21" length="5.00" type="DEFAULT_CAR"/>
    <instantOut id="235_D025" time="25223.25" state="stay" vehID="Car_14647" speed="5.57" length="5.00" type="DEFAULT_CAR"/>
    <instantOut id="235_D025" time="25223.39" state="leave" vehID="Car_14647" speed="4.82" length="5.00" type="DEFAULT_CAR" occupancy="0.84"/>
    <instantOut id="235_D025" time="26986.22" state="enter" vehID="Car_16034" speed="9.99" length="5.00" type="DEFAULT_CAR" gap="1762.83"/>
    <instantOut id="235_D025" time="26986.25" state="stay" vehID="Car_16034" speed="9.99" length="5.00" type="DEFAULT_CAR"/>
    <instantOut id="235_D025" time="26986.50" state="stay" vehID="Car_16034" speed="9.77" length="5.00" type="DEFAULT_CAR"/>
    <instantOut id="235_D025" time="26986.75" state="stay" vehID="Car_16034" speed="9.02" length="5.00" type="DEFAULT_CAR"/>
    <instantOut id="235_D025" time="26986.76" state="leave" vehID="Car_16034" speed="8.27" length="5.00" type="DEFAULT_CAR" occupancy="0.53"/>
    <instantOut id="235_D025" time="29014.22" state="enter" vehID="Car_17637" speed="7.13" length="5.00" type="DEFAULT_CAR" gap="2027.47"/>
    <instantOut id="235_D025" time="29014.25" state="stay" vehID="Car_17637" speed="7.13" length="5.00" type="DEFAULT_CAR"/>
    <instantOut id="235_D025" time="29014.50" state="stay" vehID="Car_17637" speed="6.38" length="5.00" type="DEFAULT_CAR"/>
    <instantOut id="235_D025" time="29014.75" state="stay" vehID="Car_17637" speed="5.63" length="5.00" type="DEFAULT_CAR"/>
    <instantOut id="235_D025" time="29015.00" state="stay" vehID="Car_17637" speed="4.88" length="5.00" type="DEFAULT_CAR"/>
    <instantOut id="235_D025" time="29015.14" state="leave" vehID="Car_17637" speed="4.13" length="5.00" type="DEFAULT_CAR" occupancy="0.92"/>
    <instantOut id="235_D025" time="29672.01" state="enter" vehID="Car_17929" speed="7.64" length="5.00" type="DEFAULT_CAR" gap="656.87"/>
    <instantOut id="235_D025" time="29672.25" state="stay" vehID="Car_17929" speed="7.64" length="5.00" type="DEFAULT_CAR"/>
    <instantOut id="235_D025" time="29672.50" state="stay" vehID="Car_17929" speed="8.32" length="5.00" type="DEFAULT_CAR"/>
    <instantOut id="235_D025" time="29672.62" state="leave" vehID="Car_17929" speed="8.93" length="5.00" type="DEFAULT_CAR" occupancy="0.61"/>
    <instantOut id="235_D025" time="29905.52" state="enter" vehID="Car_18142" speed="7.83" length="5.00" type="DEFAULT_CAR" gap="232.90"/>
    <instantOut id="235_D025" time="29905.75" state="stay" vehID="Car_18142" speed="7.83" length="5.00" type="DEFAULT_CAR"/>
    <instantOut id="235_D025" time="29906.00" state="stay" vehID="Car_18142" speed="7.08" length="5.00" type="DEFAULT_CAR"/>
    <instantOut id="235_D025" time="29906.23" state="leave" vehID="Car_18142" speed="6.33" length="5.00" type="DEFAULT_CAR" occupancy="0.71"/>
    <instantOut id="235_D025" time="30067.72" state="enter" vehID="Car_18015" speed="8.72" length="5.00" type="DEFAULT_CAR" gap="161.49"/>
    <instantOut id="235_D025" time="30067.75" state="stay" vehID="Car_18015" speed="8.72" length="5.00" type="DEFAULT_CAR"/>
    <instantOut id="235_D025" time="30068.00" state="stay" vehID="Car_18015" speed="8.13" length="5.00" type="DEFAULT_CAR"/>
    <instantOut id="235_D025" time="30068.25" state="stay" vehID="Car_18015" speed="7.38" length="5.00" type="DEFAULT_CAR"/>
    <instantOut id="235_D025" time="30068.38" state="leave" vehID="Car_18015" speed="6.63" length="5.00" type="DEFAULT_CAR" occupancy="0.66"/>
    <instantOut id="235_D025" time="32475.72" state="enter" vehID="Car_19354" speed="6.94" length="5.00" type="DEFAULT_CAR" gap="2407.33"/>
    <instantOut id="235_D025" time="32475.75" state="stay" vehID="Car_19354" speed="6.94" length="5.00" type="DEFAULT_CAR"/>
    <instantOut id="235_D025" time="32476.00" state="stay" vehID="Car_19354" speed="7.57" length="5.00" type="DEFAULT_CAR"/>
    <instantOut id="235_D025" time="32476.25" state="stay" vehID="Car_19354" speed="8.17" length="5.00" type="DEFAULT_CAR"/>
    <instantOut id="235_D025" time="32476.36" state="leave" vehID="Car_19354" speed="7.56" length="5.00" type="DEFAULT_CAR" occupancy="0.64"/>
    <instantOut id="235_D025" time="34978.73" state="enter" vehID="Car_20455" speed="9.62" length="5.00" type="DEFAULT_CAR" gap="2502.37"/>
    <instantOut id="235_D025" time="34978.75" state="stay" vehID="Car_20455" speed="9.62" length="5.00" type="DEFAULT_CAR"/>
    <instantOut id="235_D025" time="34979.00" state="stay" vehID="Car_20455" speed="9.00" length="5.00" type="DEFAULT_CAR"/>
    <instantOut id="235_D025" time="34979.25" state="stay" vehID="Car_20455" speed="8.25" length="5.00" type="DEFAULT_CAR"/>
    <instantOut id="235_D025" time="34979.32" state="leave" vehID="Car_20455" speed="7.50" length="5.00" type="DEFAULT_CAR" occupancy="0.59"/>
    <instantOut id="235_D025" time="40461.00" state="enter" vehID="Car_23225" speed="8.26" length="5.00" type="DEFAULT_CAR" gap="5481.68"/>
    <instantOut id="235_D025" time="40461.00" state="stay" vehID="Car_23225" speed="8.26" length="5.00" type="DEFAULT_CAR"/>
    <instantOut id="235_D025" time="40461.25" state="stay" vehID="Car_23225" speed="7.51" length="5.00" type="DEFAULT_CAR"/>
    <instantOut id="235_D025" time="40461.50" state="stay" vehID="Car_23225" speed="7.06" length="5.00" type="DEFAULT_CAR"/>
    <instantOut id="235_D025" time="40461.71" state="leave" vehID="Car_23225" speed="6.38" length="5.00" type="DEFAULT_CAR" occupancy="0.71"/>
    <instantOut id="235_D025" time="40502.46" state="enter" vehID="Car_23271" speed="9.65" length="5.00" type="DEFAULT_CAR" gap="40.75"/>
    <instantOut id="235_D025" time="40502.50" state="stay" vehID="Car_23271" speed="9.65" length="5.00" type="DEFAULT_CAR"/>
    <instantOut id="235_D025" time="40502.75" state="stay" vehID="Car_23271" speed="8.91" length="5.00" type="DEFAULT_CAR"/>
    <instantOut id="235_D025" time="40503.00" state="stay" vehID="Car_23271" speed="8.34" length="5.00" type="DEFAULT_CAR"/>
    <instantOut id="235_D025" time="40503.04" state="leave" vehID="Car_23271" speed="7.59" length="5.00" type="DEFAULT_CAR" occupancy="0.58"/>
    <instantOut id="235_D025" time="41298.95" state="enter" vehID="Car_23418" speed="9.34" length="5.00" type="DEFAULT_CAR" gap="795.91"/>
    <instantOut id="235_D025" time="41299.00" state="stay" vehID="Car_23418" speed="9.34" length="5.00" type="DEFAULT_CAR"/>
    <instantOut id="235_D025" time="41299.25" state="stay" vehID="Car_23418" speed="8.74" length="5.00" type="DEFAULT_CAR"/>
    <instantOut id="235_D025" time="41299.50" state="stay" vehID="Car_23418" speed="7.99" length="5.00" type="DEFAULT_CAR"/>
    <instantOut id="235_D025" time="41299.55" state="leave" vehID="Car_23418" speed="7.24" length="5.00" type="DEFAULT_CAR" occupancy="0.60"/>
    <instantOut id="235_D025" time="41935.98" state="enter" vehID="Car_23598" speed="6.88" length="5.00" type="DEFAULT_CAR" gap="636.43"/>
    <instantOut id="235_D025" time="41936.00" state="stay" vehID="Car_23598" speed="6.88" length="5.00" type="DEFAULT_CAR"/>
    <instantOut id="235_D025" time="41936.25" state="stay" vehID="Car_23598" speed="6.61" length="5.00" type="DEFAULT_CAR"/>
    <instantOut id="235_D025" time="41936.50" state="stay" vehID="Car_23598" speed="5.86" length="5.00" type="DEFAULT_CAR"/>
    <instantOut id="235_D025" time="41936.75" state="stay" vehID="Car_23598" speed="5.21" length="5.00" type="DEFAULT_CAR"/>
    <instantOut id="235_D025" time="41936.85" state="leave" vehID="Car_23598" speed="4.46" length="5.00" type="DEFAULT_CAR" occupancy="0.87"/>
    <instantOut id="235_D025" time="44042.49" state="enter" vehID="Car_24091" speed="9.17" length="5.00" type="DEFAULT_CAR" gap="2105.65"/>
    <instantOut id="235_D025" time="44042.50" state="stay" vehID="Car_24091" speed="9.17" length="5.00" type="DEFAULT_CAR"/>
    <instantOut id="235_D025" time="44042.75" state="stay" vehID="Car_24091" speed="8.57" length="5.00" type="DEFAULT_CAR"/>
    <instantOut id="235_D025" time="44043.00" state="stay" vehID="Car_24091" speed="7.84" length="5.00" type="DEFAULT_CAR"/>
    <instantOut id="235_D025" time="44043.12" state="leave" vehID="Car_24091" speed="7.09" length="5.00" type="DEFAULT_CAR" occupancy="0.63"/>
    <instantOut id="235_D025" time="44726.95" state="enter" vehID="Car_24576" speed="7.06" length="5.00" type="DEFAULT_CAR" gap="683.83"/>
    <instantOut id="235_D025" time="44727.00" state="stay" vehID="Car_24576" speed="7.06" length="5.00" type="DEFAULT_CAR"/>
    <instantOut id="235_D025" time="44727.25" state="stay" vehID="Car_24576" speed="6.31" length="5.00" type="DEFAULT_CAR"/>
    <instantOut id="235_D025" time="44727.50" state="stay" vehID="Car_24576" speed="5.63" length="5.00" type="DEFAULT_CAR"/>
    <instantOut id="235_D025" time="44727.75" state="stay" vehID="Car_24576" speed="5.22" length="5.00" type="DEFAULT_CAR"/>
    <instantOut id="235_D025" time="44727.83" state="leave" vehID="Car_24576" speed="4.47" length="5.00" type="DEFAULT_CAR" occupancy="0.88"/>
    <instantOut id="235_D025" time="45711.00" state="enter" vehID="Car_24665" speed="6.77" length="5.00" type="DEFAULT_CAR" gap="983.17"/>
    <instantOut id="235_D025" time="45711.00" state="stay" vehID="Car_24665" speed="6.77" length="5.00" type="DEFAULT_CAR"/>
    <instantOut id="235_D025" time="45711.25" state="stay" vehID="Car_24665" speed="7.50" length="5.00" type="DEFAULT_CAR"/>
    <instantOut id="235_D025" time="45711.50" state="stay" vehID="Car_24665" speed="7.96" length="5.00" type="DEFAULT_CAR"/>
    <instantOut id="235_D025" time="45711.65" state="leave" vehID="Car_24665" speed="7.48" length="5.00" type="DEFAULT_CAR" occupancy="0.65"/>
</instantE1>
