<?xml version="1.0" encoding="UTF-8"?>

<!-- generated on 2025-02-28 18:06:12 by Eclipse SUMO GUI Version 1.19.0
<configuration xmlns:xsi="http://www.w3.org/2001/XMLSchema-instance" xsi:noNamespaceSchemaLocation="http://sumo.dlr.de/xsd/sumoConfiguration.xsd">

    <input>
        <net-file value="Network.net.xml"/>
        <route-files value="CarRoutes.rou.xml"/>
        <additional-files value="Sensors.add.xml"/>
    </input>

    <output>
        <emission-output value="logs/Emissions.xml"/>
        <summary-output value="logs/Log_summary.xml"/>
        <summary-output.period value="300"/>
        <tripinfo-output value="logs/TripInfos.xml"/>
    </output>

    <time>
        <begin value="0"/>
        <end value="86400"/>
        <step-length value="0.25"/>
    </time>

    <processing>
        <ignore-junction-blocker value="0.1"/>
        <time-to-teleport value="-1"/>
    </processing>

    <report>
        <verbose value="true"/>
        <no-step-log value="true"/>
    </report>

    <emissions>
        <device.emissions.period value="10"/>
    </emissions>

    <traci_server>
        <remote-port value="58136"/>
    </traci_server>

    <gui_only>
        <quit-on-end value="true"/>
        <start value="true"/>
    </gui_only>

</configuration>
-->

<instantE1 xmlns:xsi="http://www.w3.org/2001/XMLSchema-instance" xsi:noNamespaceSchemaLocation="http://sumo.dlr.de/xsd/instant_e1_file.xsd">
    <instantOut id="235_D025" time="1718.24" state="enter" vehID="Car_693" speed="8.26" length="5.00" type="DEFAULT_CAR"/>
    <instantOut id="235_D025" time="1718.25" state="stay" vehID="Car_693" speed="8.26" length="5.00" type="DEFAULT_CAR"/>
    <instantOut id="235_D025" time="1718.50" state="stay" vehID="Car_693" speed="7.51" length="5.00" type="DEFAULT_CAR"/>
    <instantOut id="235_D025" time="1718.75" state="stay" vehID="Car_693" speed="6.76" length="5.00" type="DEFAULT_CAR"/>
    <instantOut id="235_D025" time="1718.97" state="leave" vehID="Car_693" speed="6.01" length="5.00" type="DEFAULT_CAR" occupancy="0.73"/>
    <instantOut id="235_D025" time="5598.24" state="enter" vehID="Car_1817" speed="6.01" length="5.00" type="DEFAULT_CAR" gap="3879.27"/>
    <instantOut id="235_D025" time="5598.25" state="stay" vehID="Car_1817" speed="6.01" length="5.00" type="DEFAULT_CAR"/>
    <instantOut id="235_D025" time="5598.50" state="stay" vehID="Car_1817" speed="5.81" length="5.00" type="DEFAULT_CAR"/>
    <instantOut id="235_D025" time="5598.75" state="stay" vehID="Car_1817" speed="5.06" length="5.00" type="DEFAULT_CAR"/>
    <instantOut id="235_D025" time="5599.00" state="stay" vehID="Car_1817" speed="4.37" length="5.00" type="DEFAULT_CAR"/>
    <instantOut id="235_D025" time="5599.25" state="stay" vehID="Car_1817" speed="3.74" length="5.00" type="DEFAULT_CAR"/>
    <instantOut id="235_D025" time="5599.30" state="leave" vehID="Car_1817" speed="3.76" length="5.00" type="DEFAULT_CAR" occupancy="1.06"/>
    <instantOut id="235_D025" time="5952.99" state="enter" vehID="Car_2434" speed="8.44" length="5.00" type="DEFAULT_CAR" gap="353.70"/>
    <instantOut id="235_D025" time="5953.00" state="stay" vehID="Car_2434" speed="8.44" length="5.00" type="DEFAULT_CAR"/>
    <instantOut id="235_D025" time="5953.25" state="stay" vehID="Car_2434" speed="7.99" length="5.00" type="DEFAULT_CAR"/>
    <instantOut id="235_D025" time="5953.50" state="stay" vehID="Car_2434" speed="7.24" length="5.00" type="DEFAULT_CAR"/>
    <instantOut id="235_D025" time="5953.67" state="leave" vehID="Car_2434" speed="6.49" length="5.00" type="DEFAULT_CAR" occupancy="0.68"/>
    <instantOut id="235_D025" time="6093.44" state="enter" vehID="Car_2435" speed="10.49" length="5.00" type="DEFAULT_CAR" gap="139.77"/>
    <instantOut id="235_D025" time="6093.50" state="stay" vehID="Car_2435" speed="10.49" length="5.00" type="DEFAULT_CAR"/>
    <instantOut id="235_D025" time="6093.75" state="stay" vehID="Car_2435" speed="10.59" length="5.00" type="DEFAULT_CAR"/>
    <instantOut id="235_D025" time="6093.92" state="leave" vehID="Car_2435" speed="9.84" length="5.00" type="DEFAULT_CAR" occupancy="0.49"/>
    <instantOut id="235_D025" time="7027.46" state="enter" vehID="Car_4450" speed="9.60" length="5.00" type="DEFAULT_CAR" gap="933.53"/>
    <instantOut id="235_D025" time="7027.50" state="stay" vehID="Car_4450" speed="9.60" length="5.00" type="DEFAULT_CAR"/>
    <instantOut id="235_D025" time="7027.75" state="stay" vehID="Car_4450" speed="9.59" length="5.00" type="DEFAULT_CAR"/>
    <instantOut id="235_D025" time="7027.99" state="leave" vehID="Car_4450" speed="9.12" length="5.00" type="DEFAULT_CAR" occupancy="0.53"/>
    <instantOut id="235_D025" time="7989.02" state="enter" vehID="Car_4062" speed="8.02" length="5.00" type="DEFAULT_CAR" gap="961.03"/>
    <instantOut id="235_D025" time="7989.25" state="stay" vehID="Car_4062" speed="8.02" length="5.00" type="DEFAULT_CAR"/>
    <instantOut id="235_D025" time="7989.50" state="stay" vehID="Car_4062" speed="7.38" length="5.00" type="DEFAULT_CAR"/>
    <instantOut id="235_D025" time="7989.70" state="leave" vehID="Car_4062" speed="6.63" length="5.00" type="DEFAULT_CAR" occupancy="0.68"/>
    <instantOut id="235_D025" time="8499.37" state="enter" vehID="Car_4064" speed="3.80" length="5.00" type="DEFAULT_CAR" gap="509.67"/>
    <instantOut id="235_D025" time="8499.50" state="stay" vehID="Car_4064" speed="3.80" length="5.00" type="DEFAULT_CAR"/>
    <instantOut id="235_D025" time="8499.75" state="stay" vehID="Car_4064" speed="3.92" length="5.00" type="DEFAULT_CAR"/>
    <instantOut id="235_D025" time="8500.00" state="stay" vehID="Car_4064" speed="4.22" length="5.00" type="DEFAULT_CAR"/>
    <instantOut id="235_D025" time="8500.25" state="stay" vehID="Car_4064" speed="3.91" length="5.00" type="DEFAULT_CAR"/>
    <instantOut id="235_D025" time="8500.50" state="stay" vehID="Car_4064" speed="3.55" length="5.00" type="DEFAULT_CAR"/>
    <instantOut id="235_D025" time="8500.69" state="leave" vehID="Car_4064" speed="3.14" length="5.00" type="DEFAULT_CAR" occupancy="1.32"/>
    <instantOut id="235_D025" time="8608.67" state="enter" vehID="Car_5304" speed="11.59" length="5.00" type="DEFAULT_CAR" gap="107.98"/>
    <instantOut id="235_D025" time="8608.75" state="stay" vehID="Car_5304" speed="11.59" length="5.00" type="DEFAULT_CAR"/>
    <instantOut id="235_D025" time="8609.00" state="stay" vehID="Car_5304" speed="10.84" length="5.00" type="DEFAULT_CAR"/>
    <instantOut id="235_D025" time="8609.14" state="leave" vehID="Car_5304" speed="10.09" length="5.00" type="DEFAULT_CAR" occupancy="0.47"/>
    <instantOut id="235_D025" time="9512.18" state="enter" vehID="Car_5307" speed="10.29" length="5.00" type="DEFAULT_CAR" gap="903.04"/>
    <instantOut id="235_D025" time="9512.25" state="stay" vehID="Car_5307" speed="10.29" length="5.00" type="DEFAULT_CAR"/>
    <instantOut id="235_D025" time="9512.50" state="stay" vehID="Car_5307" speed="9.62" length="5.00" type="DEFAULT_CAR"/>
    <instantOut id="235_D025" time="9512.71" state="leave" vehID="Car_5307" speed="9.06" length="5.00" type="DEFAULT_CAR" occupancy="0.53"/>
    <instantOut id="235_D025" time="11238.15" state="enter" vehID="Car_6564" speed="6.90" length="5.00" type="DEFAULT_CAR" gap="1725.45"/>
    <instantOut id="235_D025" time="11238.25" state="stay" vehID="Car_6564" speed="6.90" length="5.00" type="DEFAULT_CAR"/>
    <instantOut id="235_D025" time="11238.50" state="stay" vehID="Car_6564" speed="6.15" length="5.00" type="DEFAULT_CAR"/>
    <instantOut id="235_D025" time="11238.75" state="stay" vehID="Car_6564" speed="5.40" length="5.00" type="DEFAULT_CAR"/>
    <instantOut id="235_D025" time="11239.00" state="stay" vehID="Car_6564" speed="4.72" length="5.00" type="DEFAULT_CAR"/>
    <instantOut id="235_D025" time="11239.07" state="leave" vehID="Car_6564" speed="4.00" length="5.00" type="DEFAULT_CAR" occupancy="0.91"/>
    <instantOut id="235_D025" time="11917.51" state="enter" vehID="Car_5990" speed="8.32" length="5.00" type="DEFAULT_CAR" gap="678.44"/>
    <instantOut id="235_D025" time="11917.75" state="stay" vehID="Car_5990" speed="8.32" length="5.00" type="DEFAULT_CAR"/>
    <instantOut id="235_D025" time="11918.00" state="stay" vehID="Car_5990" speed="7.57" length="5.00" type="DEFAULT_CAR"/>
    <instantOut id="235_D025" time="11918.16" state="leave" vehID="Car_5990" speed="6.95" length="5.00" type="DEFAULT_CAR" occupancy="0.65"/>
    <instantOut id="235_D025" time="12873.75" state="enter" vehID="Car_6524" speed="11.45" length="5.00" type="DEFAULT_CAR" gap="955.59"/>
    <instantOut id="235_D025" time="12873.75" state="stay" vehID="Car_6524" speed="11.45" length="5.00" type="DEFAULT_CAR"/>
    <instantOut id="235_D025" time="12874.00" state="stay" vehID="Car_6524" speed="10.70" length="5.00" type="DEFAULT_CAR"/>
    <instantOut id="235_D025" time="12874.23" state="leave" vehID="Car_6524" speed="9.95" length="5.00" type="DEFAULT_CAR" occupancy="0.48"/>
    <instantOut id="235_D025" time="12895.72" state="enter" vehID="Car_5971" speed="5.75" length="5.00" type="DEFAULT_CAR" gap="21.49"/>
    <instantOut id="235_D025" time="12895.75" state="stay" vehID="Car_5971" speed="5.75" length="5.00" type="DEFAULT_CAR"/>
    <instantOut id="235_D025" time="12896.00" state="stay" vehID="Car_5971" speed="5.69" length="5.00" type="DEFAULT_CAR"/>
    <instantOut id="235_D025" time="12896.25" state="stay" vehID="Car_5971" speed="5.21" length="5.00" type="DEFAULT_CAR"/>
    <instantOut id="235_D025" time="12896.50" state="stay" vehID="Car_5971" speed="4.46" length="5.00" type="DEFAULT_CAR"/>
    <instantOut id="235_D025" time="12896.75" state="stay" vehID="Car_5971" speed="3.85" length="5.00" type="DEFAULT_CAR"/>
    <instantOut id="235_D025" time="12896.76" state="leave" vehID="Car_5971" speed="3.10" length="5.00" type="DEFAULT_CAR" occupancy="1.04"/>
    <instantOut id="235_D025" time="15775.49" state="enter" vehID="Car_7974" speed="9.34" length="5.00" type="DEFAULT_CAR" gap="2878.73"/>
    <instantOut id="235_D025" time="15775.50" state="stay" vehID="Car_7974" speed="9.34" length="5.00" type="DEFAULT_CAR"/>
    <instantOut id="235_D025" time="15775.75" state="stay" vehID="Car_7974" speed="9.61" length="5.00" type="DEFAULT_CAR"/>
    <instantOut id="235_D025" time="15776.00" state="stay" vehID="Car_7974" speed="8.86" length="5.00" type="DEFAULT_CAR"/>
    <instantOut id="235_D025" time="15776.04" state="leave" vehID="Car_7974" speed="8.11" length="5.00" type="DEFAULT_CAR" occupancy="0.55"/>
    <instantOut id="235_D025" time="15849.78" state="enter" vehID="Car_7896" speed="7.70" length="5.00" type="DEFAULT_CAR" gap="73.74"/>
    <instantOut id="235_D025" time="15850.00" state="stay" vehID="Car_7896" speed="7.70" length="5.00" type="DEFAULT_CAR"/>
    <instantOut id="235_D025" time="15850.25" state="stay" vehID="Car_7896" speed="6.95" length="5.00" type="DEFAULT_CAR"/>
    <instantOut id="235_D025" time="15850.50" state="leave" vehID="Car_7896" speed="6.20" length="5.00" type="DEFAULT_CAR" occupancy="0.72"/>
    <instantOut id="235_D025" time="15852.36" state="enter" vehID="Car_9189" speed="7.23" length="5.00" type="DEFAULT_CAR" gap="1.87"/>
    <instantOut id="235_D025" time="15852.50" state="stay" vehID="Car_9189" speed="7.23" length="5.00" type="DEFAULT_CAR"/>
    <instantOut id="235_D025" time="15852.75" state="stay" vehID="Car_9189" speed="6.71" length="5.00" type="DEFAULT_CAR"/>
    <instantOut id="235_D025" time="15853.00" state="stay" vehID="Car_9189" speed="7.11" length="5.00" type="DEFAULT_CAR"/>
    <instantOut id="235_D025" time="15853.07" state="leave" vehID="Car_9189" speed="7.69" length="5.00" type="DEFAULT_CAR" occupancy="0.71"/>
    <instantOut id="235_D025" time="16149.80" state="enter" vehID="Car_7895" speed="9.68" length="5.00" type="DEFAULT_CAR" gap="296.73"/>
    <instantOut id="235_D025" time="16150.00" state="stay" vehID="Car_7895" speed="9.68" length="5.00" type="DEFAULT_CAR"/>
    <instantOut id="235_D025" time="16150.25" state="stay" vehID="Car_7895" speed="8.93" length="5.00" type="DEFAULT_CAR"/>
    <instantOut id="235_D025" time="16150.35" state="leave" vehID="Car_7895" speed="8.18" length="5.00" type="DEFAULT_CAR" occupancy="0.55"/>
    <instantOut id="235_D025" time="16441.48" state="enter" vehID="Car_8737" speed="9.66" length="5.00" type="DEFAULT_CAR" gap="291.13"/>
    <instantOut id="235_D025" time="16441.50" state="stay" vehID="Car_8737" speed="9.66" length="5.00" type="DEFAULT_CAR"/>
    <instantOut id="235_D025" time="16441.75" state="stay" vehID="Car_8737" speed="9.40" length="5.00" type="DEFAULT_CAR"/>
    <instantOut id="235_D025" time="16442.00" state="stay" vehID="Car_8737" speed="8.68" length="5.00" type="DEFAULT_CAR"/>
    <instantOut id="235_D025" time="16442.04" state="leave" vehID="Car_8737" speed="7.93" length="5.00" type="DEFAULT_CAR" occupancy="0.56"/>
    <instantOut id="235_D025" time="17251.97" state="enter" vehID="Car_9579" speed="10.07" length="5.00" type="DEFAULT_CAR" gap="809.94"/>
    <instantOut id="235_D025" time="17252.00" state="stay" vehID="Car_9579" speed="10.07" length="5.00" type="DEFAULT_CAR"/>
    <instantOut id="235_D025" time="17252.25" state="stay" vehID="Car_9579" speed="10.59" length="5.00" type="DEFAULT_CAR"/>
    <instantOut id="235_D025" time="17252.43" state="leave" vehID="Car_9579" speed="11.32" length="5.00" type="DEFAULT_CAR" occupancy="0.46"/>
    <instantOut id="235_D025" time="17365.50" state="enter" vehID="Car_9630" speed="7.39" length="5.00" type="DEFAULT_CAR" gap="113.07"/>
    <instantOut id="235_D025" time="17365.75" state="stay" vehID="Car_9630" speed="7.39" length="5.00" type="DEFAULT_CAR"/>
    <instantOut id="235_D025" time="17366.00" state="stay" vehID="Car_9630" speed="6.81" length="5.00" type="DEFAULT_CAR"/>
    <instantOut id="235_D025" time="17366.24" state="leave" vehID="Car_9630" speed="6.06" length="5.00" type="DEFAULT_CAR" occupancy="0.74"/>
    <instantOut id="235_D025" time="17653.76" state="enter" vehID="Car_9867" speed="9.12" length="5.00" type="DEFAULT_CAR" gap="287.52"/>
    <instantOut id="235_D025" time="17654.00" state="stay" vehID="Car_9867" speed="9.12" length="5.00" type="DEFAULT_CAR"/>
    <instantOut id="235_D025" time="17654.25" state="stay" vehID="Car_9867" speed="8.37" length="5.00" type="DEFAULT_CAR"/>
    <instantOut id="235_D025" time="17654.34" state="leave" vehID="Car_9867" speed="7.62" length="5.00" type="DEFAULT_CAR" occupancy="0.58"/>
    <instantOut id="235_D025" time="19020.96" state="enter" vehID="Car_9852" speed="9.50" length="5.00" type="DEFAULT_CAR" gap="1366.62"/>
    <instantOut id="235_D025" time="19021.00" state="stay" vehID="Car_9852" speed="9.50" length="5.00" type="DEFAULT_CAR"/>
    <instantOut id="235_D025" time="19021.25" state="stay" vehID="Car_9852" speed="10.35" length="5.00" type="DEFAULT_CAR"/>
    <instantOut id="235_D025" time="19021.45" state="leave" vehID="Car_9852" speed="10.38" length="5.00" type="DEFAULT_CAR" occupancy="0.49"/>
    <instantOut id="235_D025" time="19029.47" state="enter" vehID="Car_9851" speed="9.26" length="5.00" type="DEFAULT_CAR" gap="8.03"/>
    <instantOut id="235_D025" time="19029.50" state="stay" vehID="Car_9851" speed="9.26" length="5.00" type="DEFAULT_CAR"/>
    <instantOut id="235_D025" time="19029.75" state="stay" vehID="Car_9851" speed="9.13" length="5.00" type="DEFAULT_CAR"/>
    <instantOut id="235_D025" time="19030.00" state="stay" vehID="Car_9851" speed="8.44" length="5.00" type="DEFAULT_CAR"/>
    <instantOut id="235_D025" time="19030.05" state="leave" vehID="Car_9851" speed="7.77" length="5.00" type="DEFAULT_CAR" occupancy="0.57"/>
    <instantOut id="235_D025" time="19356.22" state="enter" vehID="Car_9849" speed="10.08" length="5.00" type="DEFAULT_CAR" gap="326.17"/>
    <instantOut id="235_D025" time="19356.25" state="stay" vehID="Car_9849" speed="10.08" length="5.00" type="DEFAULT_CAR"/>
    <instantOut id="235_D025" time="19356.50" state="stay" vehID="Car_9849" speed="10.65" length="5.00" type="DEFAULT_CAR"/>
    <instantOut id="235_D025" time="19356.70" state="leave" vehID="Car_9849" speed="9.90" length="5.00" type="DEFAULT_CAR" occupancy="0.49"/>
    <instantOut id="235_D025" time="19531.89" state="enter" vehID="Car_11477" speed="7.61" length="5.00" type="DEFAULT_CAR" gap="175.19"/>
    <instantOut id="235_D025" time="19532.00" state="stay" vehID="Car_11477" speed="7.61" length="5.00" type="DEFAULT_CAR"/>
    <instantOut id="235_D025" time="19532.25" state="stay" vehID="Car_11477" speed="6.86" length="5.00" type="DEFAULT_CAR"/>
    <instantOut id="235_D025" time="19532.50" state="stay" vehID="Car_11477" speed="6.11" length="5.00" type="DEFAULT_CAR"/>
    <instantOut id="235_D025" time="19532.67" state="leave" vehID="Car_11477" speed="5.36" length="5.00" type="DEFAULT_CAR" occupancy="0.78"/>
    <instantOut id="235_D025" time="19632.72" state="enter" vehID="Car_9841" speed="9.74" length="5.00" type="DEFAULT_CAR" gap="100.04"/>
    <instantOut id="235_D025" time="19632.75" state="stay" vehID="Car_9841" speed="9.74" length="5.00" type="DEFAULT_CAR"/>
    <instantOut id="235_D025" time="19633.00" state="stay" vehID="Car_9841" speed="8.99" length="5.00" type="DEFAULT_CAR"/>
    <instantOut id="235_D025" time="19633.25" state="stay" vehID="Car_9841" speed="8.24" length="5.00" type="DEFAULT_CAR"/>
    <instantOut id="235_D025" time="19633.30" state="leave" vehID="Car_9841" speed="7.49" length="5.00" type="DEFAULT_CAR" occupancy="0.58"/>
    <instantOut id="235_D025" time="19749.25" state="enter" vehID="Car_9840" speed="8.70" length="5.00" type="DEFAULT_CAR" gap="115.95"/>
    <instantOut id="235_D025" time="19749.25" state="stay" vehID="Car_9840" speed="8.70" length="5.00" type="DEFAULT_CAR"/>
    <instantOut id="235_D025" time="19749.50" state="stay" vehID="Car_9840" speed="8.32" length="5.00" type="DEFAULT_CAR"/>
    <instantOut id="235_D025" time="19749.75" state="stay" vehID="Car_9840" speed="7.57" length="5.00" type="DEFAULT_CAR"/>
    <instantOut id="235_D025" time="19749.90" state="leave" vehID="Car_9840" speed="6.93" length="5.00" type="DEFAULT_CAR" occupancy="0.65"/>
    <instantOut id="235_D025" time="21058.97" state="enter" vehID="Car_12498" speed="9.47" length="5.00" type="DEFAULT_CAR" gap="1309.07"/>
    <instantOut id="235_D025" time="21059.00" state="stay" vehID="Car_12498" speed="9.47" length="5.00" type="DEFAULT_CAR"/>
    <instantOut id="235_D025" time="21059.25" state="stay" vehID="Car_12498" speed="8.97" length="5.00" type="DEFAULT_CAR"/>
    <instantOut id="235_D025" time="21059.50" state="stay" vehID="Car_12498" speed="8.36" length="5.00" type="DEFAULT_CAR"/>
    <instantOut id="235_D025" time="21059.55" state="leave" vehID="Car_12498" speed="7.74" length="5.00" type="DEFAULT_CAR" occupancy="0.58"/>
    <instantOut id="235_D025" time="22474.25" state="enter" vehID="Car_11660" speed="7.78" length="5.00" type="DEFAULT_CAR" gap="1414.71"/>
    <instantOut id="235_D025" time="22474.50" state="stay" vehID="Car_11660" speed="7.78" length="5.00" type="DEFAULT_CAR"/>
    <instantOut id="235_D025" time="22474.75" state="stay" vehID="Car_11660" speed="7.03" length="5.00" type="DEFAULT_CAR"/>
    <instantOut id="235_D025" time="22474.96" state="leave" vehID="Car_11660" speed="6.28" length="5.00" type="DEFAULT_CAR" occupancy="0.71"/>
    <instantOut id="235_D025" time="22574.73" state="enter" vehID="Car_11851" speed="9.61" length="5.00" type="DEFAULT_CAR" gap="99.77"/>
    <instantOut id="235_D025" time="22574.75" state="stay" vehID="Car_11851" speed="9.61" length="5.00" type="DEFAULT_CAR"/>
    <instantOut id="235_D025" time="22575.00" state="stay" vehID="Car_11851" speed="9.41" length="5.00" type="DEFAULT_CAR"/>
    <instantOut id="235_D025" time="22575.25" state="stay" vehID="Car_11851" speed="8.66" length="5.00" type="DEFAULT_CAR"/>
    <instantOut id="235_D025" time="22575.29" state="leave" vehID="Car_11851" speed="7.97" length="5.00" type="DEFAULT_CAR" occupancy="0.56"/>
    <instantOut id="235_D025" time="22629.69" state="enter" vehID="Car_12618" speed="10.31" length="5.00" type="DEFAULT_CAR" gap="54.41"/>
    <instantOut id="235_D025" time="22629.75" state="stay" vehID="Car_12618" speed="10.31" length="5.00" type="DEFAULT_CAR"/>
    <instantOut id="235_D025" time="22630.00" state="stay" vehID="Car_12618" speed="10.49" length="5.00" type="DEFAULT_CAR"/>
    <instantOut id="235_D025" time="22630.18" state="leave" vehID="Car_12618" speed="10.02" length="5.00" type="DEFAULT_CAR" occupancy="0.49"/>
    <instantOut id="235_D025" time="26744.95" state="enter" vehID="Car_15986" speed="9.67" length="5.00" type="DEFAULT_CAR" gap="4114.77"/>
    <instantOut id="235_D025" time="26745.00" state="stay" vehID="Car_15986" speed="9.67" length="5.00" type="DEFAULT_CAR"/>
    <instantOut id="235_D025" time="26745.25" state="stay" vehID="Car_15986" speed="8.92" length="5.00" type="DEFAULT_CAR"/>
    <instantOut id="235_D025" time="26745.50" state="stay" vehID="Car_15986" speed="8.43" length="5.00" type="DEFAULT_CAR"/>
    <instantOut id="235_D025" time="26745.53" state="leave" vehID="Car_15986" speed="7.68" length="5.00" type="DEFAULT_CAR" occupancy="0.57"/>
    <instantOut id="235_D025" time="26910.72" state="enter" vehID="Car_15985" speed="9.65" length="5.00" type="DEFAULT_CAR" gap="165.19"/>
    <instantOut id="235_D025" time="26910.75" state="stay" vehID="Car_15985" speed="9.65" length="5.00" type="DEFAULT_CAR"/>
    <instantOut id="235_D025" time="26911.00" state="stay" vehID="Car_15985" speed="8.90" length="5.00" type="DEFAULT_CAR"/>
    <instantOut id="235_D025" time="26911.25" state="stay" vehID="Car_15985" speed="8.19" length="5.00" type="DEFAULT_CAR"/>
    <instantOut id="235_D025" time="26911.30" state="leave" vehID="Car_15985" speed="7.44" length="5.00" type="DEFAULT_CAR" occupancy="0.59"/>
    <instantOut id="235_D025" time="27805.77" state="enter" vehID="Car_15972" speed="7.67" length="5.00" type="DEFAULT_CAR" gap="894.46"/>
    <instantOut id="235_D025" time="27806.00" state="stay" vehID="Car_15972" speed="7.67" length="5.00" type="DEFAULT_CAR"/>
    <instantOut id="235_D025" time="27806.25" state="stay" vehID="Car_15972" speed="6.92" length="5.00" type="DEFAULT_CAR"/>
    <instantOut id="235_D025" time="27806.48" state="leave" vehID="Car_15972" speed="6.31" length="5.00" type="DEFAULT_CAR" occupancy="0.72"/>
    <instantOut id="235_D025" time="28002.24" state="enter" vehID="Car_16645" speed="8.57" length="5.00" type="DEFAULT_CAR" gap="195.76"/>
    <instantOut id="235_D025" time="28002.25" state="stay" vehID="Car_16645" speed="8.57" length="5.00" type="DEFAULT_CAR"/>
    <instantOut id="235_D025" time="28002.50" state="stay" vehID="Car_16645" speed="8.31" length="5.00" type="DEFAULT_CAR"/>
    <instantOut id="235_D025" time="28002.75" state="stay" vehID="Car_16645" speed="7.71" length="5.00" type="DEFAULT_CAR"/>
    <instantOut id="235_D025" time="28002.89" state="leave" vehID="Car_16645" speed="6.96" length="5.00" type="DEFAULT_CAR" occupancy="0.64"/>
    <instantOut id="235_D025" time="28064.13" state="enter" vehID="Car_18461" speed="8.59" length="5.00" type="DEFAULT_CAR" gap="61.25"/>
    <instantOut id="235_D025" time="28064.25" state="stay" vehID="Car_18461" speed="8.59" length="5.00" type="DEFAULT_CAR"/>
    <instantOut id="235_D025" time="28064.50" state="stay" vehID="Car_18461" speed="7.84" length="5.00" type="DEFAULT_CAR"/>
    <instantOut id="235_D025" time="28064.75" state="stay" vehID="Car_18461" speed="7.09" length="5.00" type="DEFAULT_CAR"/>
    <instantOut id="235_D025" time="28064.79" state="leave" vehID="Car_18461" speed="6.34" length="5.00" type="DEFAULT_CAR" occupancy="0.66"/>
    <instantOut id="235_D025" time="28787.72" state="enter" vehID="Car_17950" speed="9.06" length="5.00" type="DEFAULT_CAR" gap="722.93"/>
    <instantOut id="235_D025" time="28787.75" state="stay" vehID="Car_17950" speed="9.06" length="5.00" type="DEFAULT_CAR"/>
    <instantOut id="235_D025" time="28788.00" state="stay" vehID="Car_17950" speed="8.31" length="5.00" type="DEFAULT_CAR"/>
    <instantOut id="235_D025" time="28788.25" state="stay" vehID="Car_17950" speed="7.56" length="5.00" type="DEFAULT_CAR"/>
    <instantOut id="235_D025" time="28788.36" state="leave" vehID="Car_17950" speed="6.81" length="5.00" type="DEFAULT_CAR" occupancy="0.64"/>
    <instantOut id="235_D025" time="28955.00" state="enter" vehID="Car_17324" speed="6.92" length="5.00" type="DEFAULT_CAR" gap="166.64"/>
    <instantOut id="235_D025" time="28955.00" state="stay" vehID="Car_17324" speed="6.92" length="5.00" type="DEFAULT_CAR"/>
    <instantOut id="235_D025" time="28955.25" state="stay" vehID="Car_17324" speed="7.51" length="5.00" type="DEFAULT_CAR"/>
    <instantOut id="235_D025" time="28955.50" state="stay" vehID="Car_17324" speed="7.60" length="5.00" type="DEFAULT_CAR"/>
    <instantOut id="235_D025" time="28955.68" state="leave" vehID="Car_17324" speed="6.85" length="5.00" type="DEFAULT_CAR" occupancy="0.68"/>
    <instantOut id="235_D025" time="29516.79" state="enter" vehID="Car_17952" speed="7.14" length="5.00" type="DEFAULT_CAR" gap="561.11"/>
    <instantOut id="235_D025" time="29517.00" state="stay" vehID="Car_17952" speed="7.14" length="5.00" type="DEFAULT_CAR"/>
    <instantOut id="235_D025" time="29517.25" state="stay" vehID="Car_17952" speed="6.39" length="5.00" type="DEFAULT_CAR"/>
    <instantOut id="235_D025" time="29517.50" state="stay" vehID="Car_17952" speed="5.65" length="5.00" type="DEFAULT_CAR"/>
    <instantOut id="235_D025" time="29517.60" state="leave" vehID="Car_17952" speed="5.10" length="5.00" type="DEFAULT_CAR" occupancy="0.81"/>
    <instantOut id="235_D025" time="30135.18" state="enter" vehID="Car_18466" speed="4.38" length="5.00" type="DEFAULT_CAR" gap="617.58"/>
    <instantOut id="235_D025" time="30135.25" state="stay" vehID="Car_18466" speed="4.38" length="5.00" type="DEFAULT_CAR"/>
    <instantOut id="235_D025" time="30135.50" state="stay" vehID="Car_18466" speed="4.60" length="5.00" type="DEFAULT_CAR"/>
    <instantOut id="235_D025" time="30135.75" state="stay" vehID="Car_18466" speed="4.46" length="5.00" type="DEFAULT_CAR"/>
    <instantOut id="235_D025" time="30136.00" state="stay" vehID="Car_18466" speed="4.66" length="5.00" type="DEFAULT_CAR"/>
    <instantOut id="235_D025" time="30136.25" state="stay" vehID="Car_18466" speed="3.91" length="5.00" type="DEFAULT_CAR"/>
    <instantOut id="235_D025" time="30136.33" state="leave" vehID="Car_18466" speed="3.19" length="5.00" type="DEFAULT_CAR" occupancy="1.16"/>
    <instantOut id="235_D025" time="30137.99" state="enter" vehID="Car_18387" speed="2.46" length="5.00" type="DEFAULT_CAR" gap="1.66"/>
    <instantOut id="235_D025" time="30138.00" state="stay" vehID="Car_18387" speed="2.46" length="5.00" type="DEFAULT_CAR"/>
    <instantOut id="235_D025" time="30138.25" state="stay" vehID="Car_18387" speed="2.37" length="5.00" type="DEFAULT_CAR"/>
    <instantOut id="235_D025" time="30138.50" state="stay" vehID="Car_18387" speed="2.41" length="5.00" type="DEFAULT_CAR"/>
    <instantOut id="235_D025" time="30138.75" state="stay" vehID="Car_18387" speed="2.34" length="5.00" type="DEFAULT_CAR"/>
    <instantOut id="235_D025" time="30139.00" state="stay" vehID="Car_18387" speed="2.47" length="5.00" type="DEFAULT_CAR"/>
    <instantOut id="235_D025" time="30139.25" state="stay" vehID="Car_18387" speed="2.30" length="5.00" type="DEFAULT_CAR"/>
    <instantOut id="235_D025" time="30139.50" state="stay" vehID="Car_18387" speed="2.43" length="5.00" type="DEFAULT_CAR"/>
    <instantOut id="235_D025" time="30139.75" state="stay" vehID="Car_18387" speed="2.23" length="5.00" type="DEFAULT_CAR"/>
    <instantOut id="235_D025" time="30140.00" state="stay" vehID="Car_18387" speed="2.36" length="5.00" type="DEFAULT_CAR"/>
    <instantOut id="235_D025" time="30140.10" state="leave" vehID="Car_18387" speed="2.46" length="5.00" type="DEFAULT_CAR" occupancy="2.11"/>
    <instantOut id="235_D025" time="31506.65" state="enter" vehID="Car_20725" speed="6.16" length="5.00" type="DEFAULT_CAR" gap="1366.55"/>
    <instantOut id="235_D025" time="31506.75" state="stay" vehID="Car_20725" speed="6.16" length="5.00" type="DEFAULT_CAR"/>
    <instantOut id="235_D025" time="31507.00" state="stay" vehID="Car_20725" speed="5.76" length="5.00" type="DEFAULT_CAR"/>
    <instantOut id="235_D025" time="31507.25" state="stay" vehID="Car_20725" speed="5.02" length="5.00" type="DEFAULT_CAR"/>
    <instantOut id="235_D025" time="31507.50" state="stay" vehID="Car_20725" speed="4.70" length="5.00" type="DEFAULT_CAR"/>
    <instantOut id="235_D025" time="31507.63" state="leave" vehID="Car_20725" speed="3.95" length="5.00" type="DEFAULT_CAR" occupancy="0.98"/>
    <instantOut id="235_D025" time="31776.03" state="enter" vehID="Car_19864" speed="6.89" length="5.00" type="DEFAULT_CAR" gap="268.40"/>
    <instantOut id="235_D025" time="31776.25" state="stay" vehID="Car_19864" speed="6.89" length="5.00" type="DEFAULT_CAR"/>
    <instantOut id="235_D025" time="31776.50" state="stay" vehID="Car_19864" speed="7.11" length="5.00" type="DEFAULT_CAR"/>
    <instantOut id="235_D025" time="31776.75" state="stay" vehID="Car_19864" speed="6.36" length="5.00" type="DEFAULT_CAR"/>
    <instantOut id="235_D025" time="31776.77" state="leave" vehID="Car_19864" speed="5.82" length="5.00" type="DEFAULT_CAR" occupancy="0.74"/>
    <instantOut id="235_D025" time="32824.64" state="enter" vehID="Car_18864" speed="9.15" length="5.00" type="DEFAULT_CAR" gap="1047.87"/>
    <instantOut id="235_D025" time="32824.75" state="stay" vehID="Car_18864" speed="9.15" length="5.00" type="DEFAULT_CAR"/>
    <instantOut id="235_D025" time="32825.00" state="stay" vehID="Car_18864" speed="8.42" length="5.00" type="DEFAULT_CAR"/>
    <instantOut id="235_D025" time="32825.25" state="leave" vehID="Car_18864" speed="7.67" length="5.00" type="DEFAULT_CAR" occupancy="0.61"/>
    <instantOut id="235_D025" time="33342.47" state="enter" vehID="Car_20724" speed="9.12" length="5.00" type="DEFAULT_CAR" gap="517.22"/>
    <instantOut id="235_D025" time="33342.50" state="stay" vehID="Car_20724" speed="9.12" length="5.00" type="DEFAULT_CAR"/>
    <instantOut id="235_D025" time="33342.75" state="stay" vehID="Car_20724" speed="8.37" length="5.00" type="DEFAULT_CAR"/>
    <instantOut id="235_D025" time="33343.00" state="stay" vehID="Car_20724" speed="7.73" length="5.00" type="DEFAULT_CAR"/>
    <instantOut id="235_D025" time="33343.10" state="leave" vehID="Car_20724" speed="7.03" length="5.00" type="DEFAULT_CAR" occupancy="0.63"/>
    <instantOut id="235_D025" time="34474.92" state="enter" vehID="Car_20603" speed="10.85" length="5.00" type="DEFAULT_CAR" gap="1131.82"/>
    <instantOut id="235_D025" time="34475.00" state="stay" vehID="Car_20603" speed="10.85" length="5.00" type="DEFAULT_CAR"/>
    <instantOut id="235_D025" time="34475.25" state="stay" vehID="Car_20603" speed="10.10" length="5.00" type="DEFAULT_CAR"/>
    <instantOut id="235_D025" time="34475.42" state="leave" vehID="Car_20603" speed="9.35" length="5.00" type="DEFAULT_CAR" occupancy="0.50"/>
    <instantOut id="235_D025" time="34502.25" state="enter" vehID="Car_18955" speed="8.47" length="5.00" type="DEFAULT_CAR" gap="26.83"/>
    <instantOut id="235_D025" time="34502.50" state="stay" vehID="Car_18955" speed="8.47" length="5.00" type="DEFAULT_CAR"/>
    <instantOut id="235_D025" time="34502.75" state="stay" vehID="Car_18955" speed="7.72" length="5.00" type="DEFAULT_CAR"/>
    <instantOut id="235_D025" time="34502.89" state="leave" vehID="Car_18955" speed="7.00" length="5.00" type="DEFAULT_CAR" occupancy="0.64"/>
    <instantOut id="235_D025" time="34609.45" state="enter" vehID="Car_18954" speed="10.14" length="5.00" type="DEFAULT_CAR" gap="106.56"/>
    <instantOut id="235_D025" time="34609.50" state="stay" vehID="Car_18954" speed="10.14" length="5.00" type="DEFAULT_CAR"/>
    <instantOut id="235_D025" time="34609.75" state="stay" vehID="Car_18954" speed="10.40" length="5.00" type="DEFAULT_CAR"/>
    <instantOut id="235_D025" time="34609.95" state="leave" vehID="Car_18954" speed="9.68" length="5.00" type="DEFAULT_CAR" occupancy="0.50"/>
    <instantOut id="235_D025" time="37772.72" state="enter" vehID="Car_20864" speed="9.96" length="5.00" type="DEFAULT_CAR" gap="3162.78"/>
    <instantOut id="235_D025" time="37772.75" state="stay" vehID="Car_20864" speed="9.96" length="5.00" type="DEFAULT_CAR"/>
    <instantOut id="235_D025" time="37773.00" state="stay" vehID="Car_20864" speed="10.68" length="5.00" type="DEFAULT_CAR"/>
    <instantOut id="235_D025" time="37773.21" state="leave" vehID="Car_20864" speed="9.96" length="5.00" type="DEFAULT_CAR" occupancy="0.48"/>
    <instantOut id="235_D025" time="40130.98" state="enter" vehID="Car_23057" speed="8.52" length="5.00" type="DEFAULT_CAR" gap="2357.78"/>
    <instantOut id="235_D025" time="40131.00" state="stay" vehID="Car_23057" speed="8.52" length="5.00" type="DEFAULT_CAR"/>
    <instantOut id="235_D025" time="40131.25" state="stay" vehID="Car_23057" speed="8.07" length="5.00" type="DEFAULT_CAR"/>
    <instantOut id="235_D025" time="40131.50" state="stay" vehID="Car_23057" speed="7.33" length="5.00" type="DEFAULT_CAR"/>
    <instantOut id="235_D025" time="40131.64" state="leave" vehID="Car_23057" speed="7.08" length="5.00" type="DEFAULT_CAR" occupancy="0.66"/>
    <instantOut id="235_D025" time="44726.96" state="enter" vehID="Car_24906" speed="6.32" length="5.00" type="DEFAULT_CAR" gap="4595.31"/>
    <instantOut id="235_D025" time="44727.00" state="stay" vehID="Car_24906" speed="6.32" length="5.00" type="DEFAULT_CAR"/>
    <instantOut id="235_D025" time="44727.25" state="stay" vehID="Car_24906" speed="6.20" length="5.00" type="DEFAULT_CAR"/>
    <instantOut id="235_D025" time="44727.50" state="stay" vehID="Car_24906" speed="5.67" length="5.00" type="DEFAULT_CAR"/>
    <instantOut id="235_D025" time="44727.75" state="stay" vehID="Car_24906" speed="4.94" length="5.00" type="DEFAULT_CAR"/>
    <instantOut id="235_D025" time="44727.88" state="leave" vehID="Car_24906" speed="4.19" length="5.00" type="DEFAULT_CAR" occupancy="0.92"/>
</instantE1>
