<?xml version="1.0" encoding="UTF-8"?>

<!-- generated on 2025-02-28 17:04:10 by Eclipse SUMO GUI Version 1.19.0
<configuration xmlns:xsi="http://www.w3.org/2001/XMLSchema-instance" xsi:noNamespaceSchemaLocation="http://sumo.dlr.de/xsd/sumoConfiguration.xsd">

    <input>
        <net-file value="Network.net.xml"/>
        <route-files value="CarRoutes.rou.xml"/>
        <additional-files value="Sensors.add.xml"/>
    </input>

    <output>
        <emission-output value="logs/Emissions.xml"/>
        <summary-output value="logs/Log_summary.xml"/>
        <summary-output.period value="300"/>
        <tripinfo-output value="logs/TripInfos.xml"/>
    </output>

    <time>
        <begin value="0"/>
        <end value="86400"/>
        <step-length value="0.25"/>
    </time>

    <processing>
        <ignore-junction-blocker value="0.1"/>
        <time-to-teleport value="-1"/>
    </processing>

    <report>
        <verbose value="true"/>
        <no-step-log value="true"/>
    </report>

    <emissions>
        <device.emissions.period value="10"/>
    </emissions>

    <traci_server>
        <remote-port value="57597"/>
    </traci_server>

    <gui_only>
        <quit-on-end value="true"/>
        <start value="true"/>
    </gui_only>

</configuration>
-->

<summary xmlns:xsi="http://www.w3.org/2001/XMLSchema-instance" xsi:noNamespaceSchemaLocation="http://sumo.dlr.de/xsd/summary_file.xsd">
    <step time="0.00" loaded="0" inserted="0" running="0" waiting="0" ended="0" arrived="0" collisions="0" teleports="0" halting="0" stopped="0" meanWaitingTime="-1.00" meanTravelTime="-1.00" meanSpeed="-1.00" meanSpeedRelative="-1.00" duration="0"/>
    <step time="300.00" loaded="213" inserted="199" running="92" waiting="14" ended="107" arrived="107" collisions="0" teleports="0" halting="45" stopped="0" meanWaitingTime="13.90" meanTravelTime="75.61" meanSpeed="3.08" meanSpeedRelative="0.22" duration="2"/>
    <step time="600.00" loaded="373" inserted="362" running="67" waiting="11" ended="295" arrived="295" collisions="0" teleports="0" halting="35" stopped="0" meanWaitingTime="13.76" meanTravelTime="117.92" meanSpeed="4.39" meanSpeedRelative="0.32" duration="5"/>
    <step time="900.00" loaded="530" inserted="519" running="59" waiting="11" ended="460" arrived="460" collisions="0" teleports="0" halting="30" stopped="0" meanWaitingTime="12.81" meanTravelTime="113.81" meanSpeed="4.48" meanSpeedRelative="0.32" duration="2"/>
    <step time="1200.00" loaded="703" inserted="688" running="58" waiting="15" ended="630" arrived="630" collisions="0" teleports="0" halting="7" stopped="0" meanWaitingTime="16.01" meanTravelTime="111.41" meanSpeed="7.82" meanSpeedRelative="0.56" duration="1"/>
    <step time="1500.00" loaded="869" inserted="849" running="53" waiting="20" ended="796" arrived="796" collisions="0" teleports="0" halting="14" stopped="0" meanWaitingTime="17.11" meanTravelTime="110.05" meanSpeed="5.28" meanSpeedRelative="0.38" duration="2"/>
    <step time="1800.00" loaded="1030" inserted="1013" running="54" waiting="17" ended="959" arrived="959" collisions="0" teleports="0" halting="20" stopped="0" meanWaitingTime="19.99" meanTravelTime="108.62" meanSpeed="5.05" meanSpeedRelative="0.36" duration="2"/>
    <step time="2100.00" loaded="1189" inserted="1174" running="68" waiting="15" ended="1106" arrived="1106" collisions="0" teleports="0" halting="39" stopped="0" meanWaitingTime="18.63" meanTravelTime="106.99" meanSpeed="3.56" meanSpeedRelative="0.26" duration="2"/>
    <step time="2400.00" loaded="1333" inserted="1317" running="40" waiting="16" ended="1277" arrived="1277" collisions="0" teleports="0" halting="21" stopped="0" meanWaitingTime="18.61" meanTravelTime="107.85" meanSpeed="3.54" meanSpeedRelative="0.25" duration="1"/>
    <step time="2700.00" loaded="1477" inserted="1476" running="55" waiting="1" ended="1421" arrived="1421" collisions="0" teleports="0" halting="10" stopped="0" meanWaitingTime="18.48" meanTravelTime="106.71" meanSpeed="5.70" meanSpeedRelative="0.41" duration="1"/>
    <step time="3000.00" loaded="1634" inserted="1627" running="45" waiting="7" ended="1582" arrived="1582" collisions="0" teleports="0" halting="20" stopped="0" meanWaitingTime="17.33" meanTravelTime="107.73" meanSpeed="3.96" meanSpeedRelative="0.29" duration="1"/>
    <step time="3300.00" loaded="1802" inserted="1781" running="57" waiting="21" ended="1724" arrived="1724" collisions="0" teleports="0" halting="7" stopped="0" meanWaitingTime="18.02" meanTravelTime="107.38" meanSpeed="8.06" meanSpeedRelative="0.58" duration="2"/>
    <step time="3600.00" loaded="1938" inserted="1922" running="42" waiting="16" ended="1880" arrived="1880" collisions="0" teleports="0" halting="12" stopped="0" meanWaitingTime="19.47" meanTravelTime="106.14" meanSpeed="5.60" meanSpeedRelative="0.40" duration="1"/>
    <step time="3900.00" loaded="2102" inserted="2102" running="73" waiting="0" ended="2029" arrived="2029" collisions="0" teleports="0" halting="34" stopped="0" meanWaitingTime="18.83" meanTravelTime="105.73" meanSpeed="3.22" meanSpeedRelative="0.23" duration="2"/>
    <step time="4200.00" loaded="2231" inserted="2231" running="61" waiting="0" ended="2170" arrived="2170" collisions="0" teleports="0" halting="25" stopped="0" meanWaitingTime="18.83" meanTravelTime="107.62" meanSpeed="4.05" meanSpeedRelative="0.29" duration="1"/>
    <step time="4500.00" loaded="2407" inserted="2406" running="69" waiting="1" ended="2337" arrived="2337" collisions="0" teleports="0" halting="32" stopped="0" meanWaitingTime="17.92" meanTravelTime="109.26" meanSpeed="4.15" meanSpeedRelative="0.30" duration="2"/>
    <step time="4800.00" loaded="2562" inserted="2556" running="39" waiting="6" ended="2517" arrived="2517" collisions="0" teleports="0" halting="16" stopped="0" meanWaitingTime="17.15" meanTravelTime="109.10" meanSpeed="4.45" meanSpeedRelative="0.32" duration="1"/>
    <step time="5100.00" loaded="2729" inserted="2719" running="58" waiting="10" ended="2661" arrived="2661" collisions="0" teleports="0" halting="8" stopped="0" meanWaitingTime="17.72" meanTravelTime="108.11" meanSpeed="5.94" meanSpeedRelative="0.43" duration="1"/>
    <step time="5400.00" loaded="2881" inserted="2879" running="55" waiting="2" ended="2824" arrived="2824" collisions="0" teleports="0" halting="19" stopped="0" meanWaitingTime="17.15" meanTravelTime="108.70" meanSpeed="5.50" meanSpeedRelative="0.40" duration="1"/>
    <step time="5700.00" loaded="3066" inserted="3051" running="79" waiting="15" ended="2972" arrived="2972" collisions="0" teleports="0" halting="37" stopped="0" meanWaitingTime="16.56" meanTravelTime="108.43" meanSpeed="4.16" meanSpeedRelative="0.30" duration="1"/>
    <step time="6000.00" loaded="3190" inserted="3187" running="40" waiting="3" ended="3147" arrived="3147" collisions="0" teleports="0" halting="15" stopped="0" meanWaitingTime="16.54" meanTravelTime="110.67" meanSpeed="5.84" meanSpeedRelative="0.42" duration="2"/>
    <step time="6300.00" loaded="3355" inserted="3337" running="69" waiting="18" ended="3268" arrived="3268" collisions="0" teleports="0" halting="23" stopped="0" meanWaitingTime="16.53" meanTravelTime="110.78" meanSpeed="5.16" meanSpeedRelative="0.37" duration="4"/>
    <step time="6600.00" loaded="3515" inserted="3507" running="52" waiting="8" ended="3455" arrived="3455" collisions="0" teleports="0" halting="16" stopped="0" meanWaitingTime="16.75" meanTravelTime="110.48" meanSpeed="5.30" meanSpeedRelative="0.38" duration="1"/>
    <step time="6900.00" loaded="3705" inserted="3688" running="62" waiting="17" ended="3626" arrived="3626" collisions="0" teleports="0" halting="19" stopped="0" meanWaitingTime="16.69" meanTravelTime="109.51" meanSpeed="4.98" meanSpeedRelative="0.36" duration="3"/>
    <step time="7200.00" loaded="3862" inserted="3839" running="46" waiting="23" ended="3793" arrived="3793" collisions="0" teleports="0" halting="18" stopped="0" meanWaitingTime="17.25" meanTravelTime="109.42" meanSpeed="5.13" meanSpeedRelative="0.37" duration="2"/>
    <step time="7500.00" loaded="4011" inserted="3999" running="43" waiting="12" ended="3956" arrived="3956" collisions="0" teleports="0" halting="16" stopped="0" meanWaitingTime="17.97" meanTravelTime="109.42" meanSpeed="6.05" meanSpeedRelative="0.44" duration="1"/>
    <step time="7800.00" loaded="4166" inserted="4143" running="52" waiting="23" ended="4091" arrived="4091" collisions="0" teleports="0" halting="13" stopped="0" meanWaitingTime="18.42" meanTravelTime="108.94" meanSpeed="5.27" meanSpeedRelative="0.38" duration="2"/>
    <step time="8100.00" loaded="4337" inserted="4324" running="49" waiting="13" ended="4275" arrived="4275" collisions="0" teleports="0" halting="12" stopped="0" meanWaitingTime="19.49" meanTravelTime="108.56" meanSpeed="5.93" meanSpeedRelative="0.43" duration="2"/>
    <step time="8400.00" loaded="4519" inserted="4515" running="65" waiting="4" ended="4450" arrived="4450" collisions="0" teleports="0" halting="17" stopped="0" meanWaitingTime="19.41" meanTravelTime="107.93" meanSpeed="4.65" meanSpeedRelative="0.33" duration="2"/>
    <step time="8700.00" loaded="4691" inserted="4686" running="61" waiting="5" ended="4625" arrived="4625" collisions="0" teleports="0" halting="18" stopped="0" meanWaitingTime="19.16" meanTravelTime="107.92" meanSpeed="5.96" meanSpeedRelative="0.43" duration="3"/>
    <step time="9000.00" loaded="4880" inserted="4863" running="55" waiting="17" ended="4808" arrived="4808" collisions="0" teleports="0" halting="13" stopped="0" meanWaitingTime="18.94" meanTravelTime="107.58" meanSpeed="5.43" meanSpeedRelative="0.39" duration="2"/>
    <step time="9300.00" loaded="5063" inserted="5043" running="49" waiting="20" ended="4994" arrived="4994" collisions="0" teleports="0" halting="22" stopped="0" meanWaitingTime="18.92" meanTravelTime="107.43" meanSpeed="4.34" meanSpeedRelative="0.31" duration="2"/>
    <step time="9600.00" loaded="5234" inserted="5221" running="51" waiting="13" ended="5170" arrived="5170" collisions="0" teleports="0" halting="17" stopped="0" meanWaitingTime="19.40" meanTravelTime="106.83" meanSpeed="6.67" meanSpeedRelative="0.48" duration="3"/>
    <step time="9900.00" loaded="5377" inserted="5371" running="60" waiting="6" ended="5311" arrived="5311" collisions="0" teleports="0" halting="14" stopped="0" meanWaitingTime="19.26" meanTravelTime="106.51" meanSpeed="5.02" meanSpeedRelative="0.36" duration="2"/>
    <step time="10200.00" loaded="5544" inserted="5535" running="51" waiting="9" ended="5484" arrived="5484" collisions="0" teleports="0" halting="10" stopped="0" meanWaitingTime="19.21" meanTravelTime="107.15" meanSpeed="5.38" meanSpeedRelative="0.39" duration="2"/>
    <step time="10500.00" loaded="5722" inserted="5711" running="64" waiting="11" ended="5647" arrived="5647" collisions="0" teleports="0" halting="14" stopped="0" meanWaitingTime="19.06" meanTravelTime="106.88" meanSpeed="5.62" meanSpeedRelative="0.40" duration="4"/>
    <step time="10800.00" loaded="5892" inserted="5886" running="69" waiting="6" ended="5817" arrived="5817" collisions="0" teleports="0" halting="12" stopped="0" meanWaitingTime="19.05" meanTravelTime="107.19" meanSpeed="5.05" meanSpeedRelative="0.36" duration="2"/>
    <step time="11100.00" loaded="6068" inserted="6068" running="68" waiting="0" ended="6000" arrived="6000" collisions="0" teleports="0" halting="26" stopped="0" meanWaitingTime="18.84" meanTravelTime="107.55" meanSpeed="3.24" meanSpeedRelative="0.23" duration="3"/>
    <step time="11400.00" loaded="6241" inserted="6225" running="57" waiting="16" ended="6168" arrived="6168" collisions="0" teleports="0" halting="11" stopped="0" meanWaitingTime="18.64" meanTravelTime="108.04" meanSpeed="6.70" meanSpeedRelative="0.48" duration="2"/>
    <step time="11700.00" loaded="6383" inserted="6375" running="47" waiting="8" ended="6328" arrived="6328" collisions="0" teleports="0" halting="13" stopped="0" meanWaitingTime="18.83" meanTravelTime="107.87" meanSpeed="6.42" meanSpeedRelative="0.46" duration="2"/>
    <step time="12000.00" loaded="6558" inserted="6550" running="55" waiting="8" ended="6495" arrived="6495" collisions="0" teleports="0" halting="17" stopped="0" meanWaitingTime="18.70" meanTravelTime="107.80" meanSpeed="4.27" meanSpeedRelative="0.31" duration="2"/>
    <step time="12300.00" loaded="6728" inserted="6727" running="61" waiting="1" ended="6666" arrived="6666" collisions="0" teleports="0" halting="22" stopped="0" meanWaitingTime="18.49" meanTravelTime="107.85" meanSpeed="5.70" meanSpeedRelative="0.41" duration="3"/>
    <step time="12600.00" loaded="6899" inserted="6879" running="58" waiting="20" ended="6821" arrived="6821" collisions="0" teleports="0" halting="25" stopped="0" meanWaitingTime="18.32" meanTravelTime="107.97" meanSpeed="4.07" meanSpeedRelative="0.29" duration="2"/>
    <step time="12900.00" loaded="7064" inserted="7050" running="57" waiting="14" ended="6993" arrived="6993" collisions="0" teleports="0" halting="26" stopped="0" meanWaitingTime="18.56" meanTravelTime="108.01" meanSpeed="4.31" meanSpeedRelative="0.31" duration="2"/>
    <step time="13200.00" loaded="7237" inserted="7216" running="72" waiting="21" ended="7144" arrived="7144" collisions="0" teleports="0" halting="26" stopped="0" meanWaitingTime="18.67" meanTravelTime="107.96" meanSpeed="4.88" meanSpeedRelative="0.35" duration="2"/>
    <step time="13500.00" loaded="7417" inserted="7409" running="76" waiting="8" ended="7333" arrived="7333" collisions="0" teleports="0" halting="25" stopped="0" meanWaitingTime="18.65" meanTravelTime="108.11" meanSpeed="4.16" meanSpeedRelative="0.30" duration="3"/>
    <step time="13800.00" loaded="7609" inserted="7596" running="72" waiting="13" ended="7524" arrived="7524" collisions="0" teleports="0" halting="26" stopped="0" meanWaitingTime="18.79" meanTravelTime="108.23" meanSpeed="5.40" meanSpeedRelative="0.39" duration="3"/>
    <step time="14100.00" loaded="7768" inserted="7764" running="61" waiting="4" ended="7703" arrived="7703" collisions="0" teleports="0" halting="18" stopped="0" meanWaitingTime="18.77" meanTravelTime="108.49" meanSpeed="5.35" meanSpeedRelative="0.39" duration="3"/>
    <step time="14400.00" loaded="7907" inserted="7896" running="51" waiting="11" ended="7845" arrived="7845" collisions="0" teleports="0" halting="15" stopped="0" meanWaitingTime="18.96" meanTravelTime="108.35" meanSpeed="5.86" meanSpeedRelative="0.42" duration="2"/>
    <step time="14700.00" loaded="8102" inserted="8087" running="62" waiting="15" ended="8025" arrived="8025" collisions="0" teleports="0" halting="20" stopped="0" meanWaitingTime="18.95" meanTravelTime="108.03" meanSpeed="5.43" meanSpeedRelative="0.39" duration="2"/>
    <step time="15000.00" loaded="8261" inserted="8254" running="108" waiting="7" ended="8146" arrived="8146" collisions="0" teleports="0" halting="21" stopped="0" meanWaitingTime="18.78" meanTravelTime="108.20" meanSpeed="5.32" meanSpeedRelative="0.38" duration="5"/>
    <step time="15300.00" loaded="8421" inserted="8386" running="55" waiting="35" ended="8331" arrived="8331" collisions="0" teleports="0" halting="16" stopped="0" meanWaitingTime="18.96" meanTravelTime="109.32" meanSpeed="5.49" meanSpeedRelative="0.40" duration="2"/>
    <step time="15600.00" loaded="8589" inserted="8579" running="69" waiting="10" ended="8510" arrived="8510" collisions="0" teleports="0" halting="20" stopped="0" meanWaitingTime="19.75" meanTravelTime="108.83" meanSpeed="5.84" meanSpeedRelative="0.42" duration="3"/>
    <step time="15900.00" loaded="8781" inserted="8771" running="95" waiting="10" ended="8676" arrived="8676" collisions="0" teleports="0" halting="35" stopped="0" meanWaitingTime="20.05" meanTravelTime="108.65" meanSpeed="4.03" meanSpeedRelative="0.29" duration="4"/>
    <step time="16200.00" loaded="8968" inserted="8935" running="59" waiting="33" ended="8876" arrived="8876" collisions="0" teleports="0" halting="19" stopped="0" meanWaitingTime="20.24" meanTravelTime="109.30" meanSpeed="5.28" meanSpeedRelative="0.38" duration="3"/>
    <step time="16500.00" loaded="9132" inserted="9117" running="62" waiting="15" ended="9055" arrived="9055" collisions="0" teleports="0" halting="23" stopped="0" meanWaitingTime="20.83" meanTravelTime="109.27" meanSpeed="5.62" meanSpeedRelative="0.40" duration="3"/>
    <step time="16800.00" loaded="9317" inserted="9277" running="64" waiting="40" ended="9213" arrived="9213" collisions="0" teleports="0" halting="10" stopped="0" meanWaitingTime="21.16" meanTravelTime="109.38" meanSpeed="6.07" meanSpeedRelative="0.44" duration="2"/>
    <step time="17100.00" loaded="9487" inserted="9457" running="81" waiting="30" ended="9376" arrived="9376" collisions="0" teleports="0" halting="26" stopped="0" meanWaitingTime="21.98" meanTravelTime="109.36" meanSpeed="4.80" meanSpeedRelative="0.35" duration="4"/>
    <step time="17400.00" loaded="9667" inserted="9642" running="71" waiting="25" ended="9571" arrived="9571" collisions="0" teleports="0" halting="28" stopped="0" meanWaitingTime="22.66" meanTravelTime="109.85" meanSpeed="4.10" meanSpeedRelative="0.30" duration="1"/>
    <step time="17700.00" loaded="9842" inserted="9814" running="66" waiting="28" ended="9748" arrived="9748" collisions="0" teleports="0" halting="20" stopped="0" meanWaitingTime="23.06" meanTravelTime="110.00" meanSpeed="5.45" meanSpeedRelative="0.39" duration="2"/>
    <step time="18000.00" loaded="10004" inserted="9983" running="68" waiting="21" ended="9915" arrived="9915" collisions="0" teleports="0" halting="30" stopped="0" meanWaitingTime="23.56" meanTravelTime="110.23" meanSpeed="4.66" meanSpeedRelative="0.34" duration="2"/>
    <step time="18300.00" loaded="10188" inserted="10153" running="59" waiting="35" ended="10094" arrived="10094" collisions="0" teleports="0" halting="33" stopped="0" meanWaitingTime="23.78" meanTravelTime="110.47" meanSpeed="3.67" meanSpeedRelative="0.26" duration="1"/>
    <step time="18600.00" loaded="10347" inserted="10312" running="57" waiting="35" ended="10255" arrived="10255" collisions="0" teleports="0" halting="22" stopped="0" meanWaitingTime="24.46" meanTravelTime="110.66" meanSpeed="4.76" meanSpeedRelative="0.34" duration="2"/>
    <step time="18900.00" loaded="10532" inserted="10490" running="65" waiting="42" ended="10425" arrived="10425" collisions="0" teleports="0" halting="9" stopped="0" meanWaitingTime="24.95" meanTravelTime="110.46" meanSpeed="6.55" meanSpeedRelative="0.47" duration="2"/>
    <step time="19200.00" loaded="10706" inserted="10680" running="64" waiting="26" ended="10616" arrived="10616" collisions="0" teleports="0" halting="39" stopped="0" meanWaitingTime="25.44" meanTravelTime="110.17" meanSpeed="3.00" meanSpeedRelative="0.22" duration="3"/>
    <step time="19500.00" loaded="10916" inserted="10892" running="97" waiting="24" ended="10795" arrived="10795" collisions="0" teleports="0" halting="35" stopped="0" meanWaitingTime="25.74" meanTravelTime="110.34" meanSpeed="3.70" meanSpeedRelative="0.27" duration="3"/>
    <step time="19800.00" loaded="11092" inserted="11061" running="61" waiting="31" ended="11000" arrived="11000" collisions="0" teleports="0" halting="24" stopped="0" meanWaitingTime="26.06" meanTravelTime="110.46" meanSpeed="5.24" meanSpeedRelative="0.38" duration="2"/>
    <step time="20100.00" loaded="11288" inserted="11259" running="78" waiting="29" ended="11181" arrived="11181" collisions="0" teleports="0" halting="18" stopped="0" meanWaitingTime="26.51" meanTravelTime="110.35" meanSpeed="6.32" meanSpeedRelative="0.45" duration="2"/>
    <step time="20400.00" loaded="11454" inserted="11418" running="69" waiting="36" ended="11349" arrived="11349" collisions="0" teleports="0" halting="21" stopped="0" meanWaitingTime="27.01" meanTravelTime="110.38" meanSpeed="4.06" meanSpeedRelative="0.29" duration="4"/>
    <step time="20700.00" loaded="11628" inserted="11597" running="89" waiting="31" ended="11508" arrived="11508" collisions="0" teleports="0" halting="25" stopped="0" meanWaitingTime="27.56" meanTravelTime="110.44" meanSpeed="4.83" meanSpeedRelative="0.35" duration="3"/>
    <step time="21000.00" loaded="11811" inserted="11783" running="90" waiting="28" ended="11693" arrived="11693" collisions="0" teleports="0" halting="40" stopped="0" meanWaitingTime="28.11" meanTravelTime="110.62" meanSpeed="3.18" meanSpeedRelative="0.23" duration="3"/>
    <step time="21300.00" loaded="11968" inserted="11947" running="75" waiting="21" ended="11872" arrived="11872" collisions="0" teleports="0" halting="13" stopped="0" meanWaitingTime="28.51" meanTravelTime="111.12" meanSpeed="5.48" meanSpeedRelative="0.39" duration="4"/>
    <step time="21600.00" loaded="12195" inserted="12163" running="101" waiting="32" ended="12062" arrived="12062" collisions="0" teleports="0" halting="12" stopped="0" meanWaitingTime="28.79" meanTravelTime="111.26" meanSpeed="5.74" meanSpeedRelative="0.41" duration="4"/>
    <step time="21900.00" loaded="12381" inserted="12354" running="75" waiting="27" ended="12279" arrived="12279" collisions="0" teleports="0" halting="32" stopped="0" meanWaitingTime="28.90" meanTravelTime="111.46" meanSpeed="4.72" meanSpeedRelative="0.34" duration="4"/>
    <step time="22200.00" loaded="12573" inserted="12544" running="59" waiting="29" ended="12485" arrived="12485" collisions="0" teleports="0" halting="9" stopped="0" meanWaitingTime="29.18" meanTravelTime="111.25" meanSpeed="6.15" meanSpeedRelative="0.44" duration="3"/>
    <step time="22500.00" loaded="12751" inserted="12704" running="47" waiting="47" ended="12657" arrived="12657" collisions="0" teleports="0" halting="8" stopped="0" meanWaitingTime="29.40" meanTravelTime="111.13" meanSpeed="5.95" meanSpeedRelative="0.43" duration="3"/>
    <step time="22800.00" loaded="12946" inserted="12933" running="96" waiting="13" ended="12837" arrived="12837" collisions="0" teleports="0" halting="56" stopped="0" meanWaitingTime="29.71" meanTravelTime="110.99" meanSpeed="2.64" meanSpeedRelative="0.19" duration="3"/>
    <step time="23100.00" loaded="13133" inserted="13116" running="103" waiting="17" ended="13013" arrived="13013" collisions="0" teleports="0" halting="54" stopped="0" meanWaitingTime="29.73" meanTravelTime="111.44" meanSpeed="3.16" meanSpeedRelative="0.23" duration="4"/>
    <step time="23400.00" loaded="13321" inserted="13294" running="68" waiting="27" ended="13226" arrived="13226" collisions="0" teleports="0" halting="17" stopped="0" meanWaitingTime="29.82" meanTravelTime="111.88" meanSpeed="4.49" meanSpeedRelative="0.32" duration="4"/>
    <step time="23700.00" loaded="13549" inserted="13506" running="75" waiting="43" ended="13431" arrived="13431" collisions="0" teleports="0" halting="36" stopped="0" meanWaitingTime="29.94" meanTravelTime="111.59" meanSpeed="3.46" meanSpeedRelative="0.25" duration="3"/>
    <step time="24000.00" loaded="13725" inserted="13688" running="63" waiting="37" ended="13625" arrived="13625" collisions="0" teleports="0" halting="15" stopped="0" meanWaitingTime="30.28" meanTravelTime="111.41" meanSpeed="4.54" meanSpeedRelative="0.33" duration="2"/>
    <step time="24300.00" loaded="13935" inserted="13893" running="88" waiting="42" ended="13805" arrived="13805" collisions="0" teleports="0" halting="43" stopped="0" meanWaitingTime="30.62" meanTravelTime="111.56" meanSpeed="3.29" meanSpeedRelative="0.24" duration="3"/>
    <step time="24600.00" loaded="14159" inserted="14120" running="109" waiting="39" ended="14011" arrived="14011" collisions="0" teleports="0" halting="65" stopped="0" meanWaitingTime="31.04" meanTravelTime="111.63" meanSpeed="2.79" meanSpeedRelative="0.20" duration="3"/>
    <step time="24900.00" loaded="14373" inserted="14338" running="96" waiting="35" ended="14242" arrived="14242" collisions="0" teleports="0" halting="28" stopped="0" meanWaitingTime="31.45" meanTravelTime="112.20" meanSpeed="4.53" meanSpeedRelative="0.33" duration="2"/>
    <step time="25200.00" loaded="14568" inserted="14524" running="67" waiting="44" ended="14457" arrived="14457" collisions="0" teleports="0" halting="25" stopped="0" meanWaitingTime="31.58" meanTravelTime="112.38" meanSpeed="4.60" meanSpeedRelative="0.33" duration="3"/>
    <step time="25500.00" loaded="14745" inserted="14724" running="68" waiting="21" ended="14656" arrived="14656" collisions="0" teleports="0" halting="29" stopped="0" meanWaitingTime="31.88" meanTravelTime="112.49" meanSpeed="3.55" meanSpeedRelative="0.26" duration="2"/>
    <step time="25800.00" loaded="14977" inserted="14946" running="66" waiting="31" ended="14880" arrived="14880" collisions="0" teleports="0" halting="24" stopped="0" meanWaitingTime="31.83" meanTravelTime="112.41" meanSpeed="4.19" meanSpeedRelative="0.30" duration="3"/>
    <step time="26100.00" loaded="15187" inserted="15157" running="68" waiting="30" ended="15089" arrived="15089" collisions="0" teleports="0" halting="32" stopped="0" meanWaitingTime="32.02" meanTravelTime="112.35" meanSpeed="3.62" meanSpeedRelative="0.26" duration="2"/>
    <step time="26400.00" loaded="15378" inserted="15339" running="75" waiting="39" ended="15264" arrived="15264" collisions="0" teleports="0" halting="37" stopped="0" meanWaitingTime="32.24" meanTravelTime="112.19" meanSpeed="3.21" meanSpeedRelative="0.23" duration="3"/>
    <step time="26700.00" loaded="15592" inserted="15561" running="121" waiting="31" ended="15440" arrived="15440" collisions="0" teleports="0" halting="45" stopped="0" meanWaitingTime="32.62" meanTravelTime="112.23" meanSpeed="3.51" meanSpeedRelative="0.25" duration="4"/>
    <step time="27000.00" loaded="15810" inserted="15767" running="92" waiting="43" ended="15675" arrived="15675" collisions="0" teleports="0" halting="22" stopped="0" meanWaitingTime="32.84" meanTravelTime="112.63" meanSpeed="5.97" meanSpeedRelative="0.43" duration="3"/>
    <step time="27300.00" loaded="16032" inserted="15989" running="94" waiting="43" ended="15895" arrived="15895" collisions="0" teleports="0" halting="39" stopped="0" meanWaitingTime="33.23" meanTravelTime="112.57" meanSpeed="3.83" meanSpeedRelative="0.28" duration="4"/>
    <step time="27600.00" loaded="16228" inserted="16185" running="65" waiting="43" ended="16120" arrived="16120" collisions="0" teleports="0" halting="37" stopped="0" meanWaitingTime="33.52" meanTravelTime="112.61" meanSpeed="2.95" meanSpeedRelative="0.21" duration="2"/>
    <step time="27900.00" loaded="16435" inserted="16393" running="67" waiting="42" ended="16326" arrived="16326" collisions="0" teleports="0" halting="18" stopped="0" meanWaitingTime="33.81" meanTravelTime="112.38" meanSpeed="5.76" meanSpeedRelative="0.41" duration="3"/>
    <step time="28200.00" loaded="16658" inserted="16629" running="68" waiting="29" ended="16561" arrived="16561" collisions="0" teleports="0" halting="16" stopped="0" meanWaitingTime="34.19" meanTravelTime="112.24" meanSpeed="5.91" meanSpeedRelative="0.43" duration="3"/>
    <step time="28500.00" loaded="16861" inserted="16831" running="79" waiting="30" ended="16752" arrived="16752" collisions="0" teleports="0" halting="25" stopped="0" meanWaitingTime="34.33" meanTravelTime="112.26" meanSpeed="4.53" meanSpeedRelative="0.33" duration="3"/>
    <step time="28800.00" loaded="17075" inserted="17043" running="77" waiting="32" ended="16966" arrived="16966" collisions="0" teleports="0" halting="27" stopped="0" meanWaitingTime="34.34" meanTravelTime="112.43" meanSpeed="4.55" meanSpeedRelative="0.33" duration="3"/>
    <step time="29100.00" loaded="17300" inserted="17257" running="92" waiting="43" ended="17165" arrived="17165" collisions="0" teleports="0" halting="45" stopped="0" meanWaitingTime="34.36" meanTravelTime="112.69" meanSpeed="2.56" meanSpeedRelative="0.18" duration="4"/>
    <step time="29400.00" loaded="17504" inserted="17447" running="99" waiting="57" ended="17348" arrived="17348" collisions="0" teleports="0" halting="36" stopped="0" meanWaitingTime="34.59" meanTravelTime="113.00" meanSpeed="3.77" meanSpeedRelative="0.27" duration="3"/>
    <step time="29700.00" loaded="17685" inserted="17626" running="71" waiting="59" ended="17555" arrived="17555" collisions="0" teleports="0" halting="23" stopped="0" meanWaitingTime="34.80" meanTravelTime="113.52" meanSpeed="4.20" meanSpeedRelative="0.30" duration="2"/>
    <step time="30000.00" loaded="17858" inserted="17812" running="77" waiting="46" ended="17735" arrived="17735" collisions="0" teleports="0" halting="22" stopped="0" meanWaitingTime="35.55" meanTravelTime="113.65" meanSpeed="4.74" meanSpeedRelative="0.34" duration="2"/>
    <step time="30300.00" loaded="18057" inserted="18007" running="69" waiting="50" ended="17938" arrived="17938" collisions="0" teleports="0" halting="34" stopped="0" meanWaitingTime="36.12" meanTravelTime="113.77" meanSpeed="3.98" meanSpeedRelative="0.29" duration="3"/>
    <step time="30600.00" loaded="18272" inserted="18228" running="102" waiting="44" ended="18126" arrived="18126" collisions="0" teleports="0" halting="55" stopped="0" meanWaitingTime="36.56" meanTravelTime="113.66" meanSpeed="3.76" meanSpeedRelative="0.27" duration="5"/>
    <step time="30900.00" loaded="18491" inserted="18441" running="105" waiting="50" ended="18336" arrived="18336" collisions="0" teleports="0" halting="40" stopped="0" meanWaitingTime="36.81" meanTravelTime="113.77" meanSpeed="3.51" meanSpeedRelative="0.25" duration="2"/>
    <step time="31200.00" loaded="18662" inserted="18613" running="110" waiting="49" ended="18503" arrived="18503" collisions="0" teleports="0" halting="17" stopped="0" meanWaitingTime="36.98" meanTravelTime="114.11" meanSpeed="4.65" meanSpeedRelative="0.34" duration="2"/>
    <step time="31500.00" loaded="18840" inserted="18797" running="96" waiting="43" ended="18701" arrived="18701" collisions="0" teleports="0" halting="33" stopped="0" meanWaitingTime="37.29" meanTravelTime="114.93" meanSpeed="3.97" meanSpeedRelative="0.29" duration="3"/>
    <step time="31800.00" loaded="18995" inserted="18964" running="91" waiting="31" ended="18873" arrived="18873" collisions="0" teleports="0" halting="26" stopped="0" meanWaitingTime="37.63" meanTravelTime="115.41" meanSpeed="4.16" meanSpeedRelative="0.30" duration="3"/>
    <step time="32100.00" loaded="19174" inserted="19134" running="67" waiting="40" ended="19067" arrived="19067" collisions="0" teleports="0" halting="24" stopped="0" meanWaitingTime="37.86" meanTravelTime="115.65" meanSpeed="4.65" meanSpeedRelative="0.33" duration="2"/>
    <step time="32400.00" loaded="19340" inserted="19297" running="62" waiting="43" ended="19235" arrived="19235" collisions="0" teleports="0" halting="20" stopped="0" meanWaitingTime="38.05" meanTravelTime="115.65" meanSpeed="5.87" meanSpeedRelative="0.42" duration="3"/>
    <step time="32700.00" loaded="19517" inserted="19477" running="75" waiting="40" ended="19402" arrived="19402" collisions="0" teleports="0" halting="17" stopped="0" meanWaitingTime="38.25" meanTravelTime="115.50" meanSpeed="4.85" meanSpeedRelative="0.35" duration="1"/>
    <step time="33000.00" loaded="19684" inserted="19654" running="87" waiting="30" ended="19567" arrived="19567" collisions="0" teleports="0" halting="33" stopped="0" meanWaitingTime="38.50" meanTravelTime="115.82" meanSpeed="3.68" meanSpeedRelative="0.27" duration="4"/>
    <step time="33300.00" loaded="19816" inserted="19803" running="86" waiting="13" ended="19717" arrived="19717" collisions="0" teleports="0" halting="30" stopped="0" meanWaitingTime="38.64" meanTravelTime="116.28" meanSpeed="3.86" meanSpeedRelative="0.28" duration="3"/>
    <step time="33600.00" loaded="20011" inserted="19993" running="60" waiting="18" ended="19933" arrived="19933" collisions="0" teleports="0" halting="30" stopped="0" meanWaitingTime="38.54" meanTravelTime="116.33" meanSpeed="4.52" meanSpeedRelative="0.33" duration="3"/>
    <step time="33900.00" loaded="20165" inserted="20147" running="57" waiting="18" ended="20090" arrived="20090" collisions="0" teleports="0" halting="19" stopped="0" meanWaitingTime="38.46" meanTravelTime="116.27" meanSpeed="4.40" meanSpeedRelative="0.32" duration="2"/>
    <step time="34200.00" loaded="20321" inserted="20295" running="58" waiting="26" ended="20237" arrived="20237" collisions="0" teleports="0" halting="16" stopped="0" meanWaitingTime="38.42" meanTravelTime="116.35" meanSpeed="5.32" meanSpeedRelative="0.38" duration="2"/>
    <step time="34500.00" loaded="20494" inserted="20469" running="98" waiting="25" ended="20371" arrived="20371" collisions="0" teleports="0" halting="39" stopped="0" meanWaitingTime="38.52" meanTravelTime="116.40" meanSpeed="4.81" meanSpeedRelative="0.35" duration="3"/>
    <step time="34800.00" loaded="20648" inserted="20618" running="54" waiting="30" ended="20564" arrived="20564" collisions="0" teleports="0" halting="18" stopped="0" meanWaitingTime="38.69" meanTravelTime="116.57" meanSpeed="3.91" meanSpeedRelative="0.28" duration="3"/>
    <step time="35100.00" loaded="20785" inserted="20772" running="63" waiting="13" ended="20709" arrived="20709" collisions="0" teleports="0" halting="10" stopped="0" meanWaitingTime="38.80" meanTravelTime="116.43" meanSpeed="6.46" meanSpeedRelative="0.46" duration="3"/>
    <step time="35400.00" loaded="20926" inserted="20918" running="52" waiting="8" ended="20866" arrived="20866" collisions="0" teleports="0" halting="7" stopped="0" meanWaitingTime="38.60" meanTravelTime="116.34" meanSpeed="5.00" meanSpeedRelative="0.36" duration="1"/>
    <step time="35700.00" loaded="21068" inserted="21061" running="63" waiting="7" ended="20998" arrived="20998" collisions="0" teleports="0" halting="36" stopped="0" meanWaitingTime="38.50" meanTravelTime="116.41" meanSpeed="3.44" meanSpeedRelative="0.25" duration="2"/>
    <step time="36000.00" loaded="21224" inserted="21218" running="46" waiting="6" ended="21172" arrived="21172" collisions="0" teleports="0" halting="9" stopped="0" meanWaitingTime="38.36" meanTravelTime="116.36" meanSpeed="5.73" meanSpeedRelative="0.41" duration="2"/>
    <step time="36300.00" loaded="21401" inserted="21384" running="59" waiting="17" ended="21325" arrived="21325" collisions="0" teleports="0" halting="40" stopped="0" meanWaitingTime="38.21" meanTravelTime="116.18" meanSpeed="2.59" meanSpeedRelative="0.19" duration="2"/>
    <step time="36600.00" loaded="21549" inserted="21539" running="57" waiting="10" ended="21482" arrived="21482" collisions="0" teleports="0" halting="8" stopped="0" meanWaitingTime="38.12" meanTravelTime="116.20" meanSpeed="5.01" meanSpeedRelative="0.36" duration="2"/>
    <step time="36900.00" loaded="21687" inserted="21667" running="42" waiting="20" ended="21625" arrived="21625" collisions="0" teleports="0" halting="12" stopped="0" meanWaitingTime="37.98" meanTravelTime="116.18" meanSpeed="6.90" meanSpeedRelative="0.50" duration="2"/>
    <step time="37200.00" loaded="21810" inserted="21786" running="37" waiting="24" ended="21749" arrived="21749" collisions="0" teleports="0" halting="15" stopped="0" meanWaitingTime="37.95" meanTravelTime="116.10" meanSpeed="4.60" meanSpeedRelative="0.33" duration="1"/>
    <step time="37500.00" loaded="21950" inserted="21913" running="50" waiting="37" ended="21863" arrived="21863" collisions="0" teleports="0" halting="11" stopped="0" meanWaitingTime="38.11" meanTravelTime="116.09" meanSpeed="6.11" meanSpeedRelative="0.44" duration="2"/>
    <step time="37800.00" loaded="22103" inserted="22063" running="54" waiting="40" ended="22009" arrived="22009" collisions="0" teleports="0" halting="24" stopped="0" meanWaitingTime="38.37" meanTravelTime="116.07" meanSpeed="4.20" meanSpeedRelative="0.30" duration="2"/>
    <step time="38100.00" loaded="22247" inserted="22205" running="55" waiting="42" ended="22150" arrived="22150" collisions="0" teleports="0" halting="16" stopped="0" meanWaitingTime="38.56" meanTravelTime="116.03" meanSpeed="4.63" meanSpeedRelative="0.33" duration="2"/>
    <step time="38400.00" loaded="22373" inserted="22344" running="57" waiting="29" ended="22287" arrived="22287" collisions="0" teleports="0" halting="28" stopped="0" meanWaitingTime="38.85" meanTravelTime="116.11" meanSpeed="3.84" meanSpeedRelative="0.28" duration="3"/>
    <step time="38700.00" loaded="22474" inserted="22459" running="58" waiting="15" ended="22401" arrived="22401" collisions="0" teleports="0" halting="32" stopped="0" meanWaitingTime="38.99" meanTravelTime="116.14" meanSpeed="3.39" meanSpeedRelative="0.24" duration="2"/>
    <step time="39000.00" loaded="22579" inserted="22544" running="53" waiting="35" ended="22491" arrived="22491" collisions="0" teleports="0" halting="8" stopped="0" meanWaitingTime="39.16" meanTravelTime="116.30" meanSpeed="5.78" meanSpeedRelative="0.42" duration="2"/>
    <step time="39300.00" loaded="22706" inserted="22664" running="41" waiting="42" ended="22623" arrived="22623" collisions="0" teleports="0" halting="16" stopped="0" meanWaitingTime="39.43" meanTravelTime="116.50" meanSpeed="3.96" meanSpeedRelative="0.28" duration="1"/>
    <step time="39600.00" loaded="22818" inserted="22779" running="28" waiting="39" ended="22751" arrived="22751" collisions="0" teleports="0" halting="13" stopped="0" meanWaitingTime="39.65" meanTravelTime="116.42" meanSpeed="4.64" meanSpeedRelative="0.33" duration="2"/>
    <step time="39900.00" loaded="22938" inserted="22912" running="66" waiting="26" ended="22846" arrived="22846" collisions="0" teleports="0" halting="47" stopped="0" meanWaitingTime="39.94" meanTravelTime="116.32" meanSpeed="2.26" meanSpeedRelative="0.16" duration="3"/>
    <step time="40200.00" loaded="23028" inserted="23010" running="44" waiting="18" ended="22966" arrived="22966" collisions="0" teleports="0" halting="21" stopped="0" meanWaitingTime="40.15" meanTravelTime="116.56" meanSpeed="3.75" meanSpeedRelative="0.27" duration="2"/>
    <step time="40500.00" loaded="23127" inserted="23104" running="33" waiting="23" ended="23071" arrived="23071" collisions="0" teleports="0" halting="9" stopped="0" meanWaitingTime="40.23" meanTravelTime="116.70" meanSpeed="6.37" meanSpeedRelative="0.46" duration="0"/>
    <step time="40800.00" loaded="23236" inserted="23205" running="37" waiting="31" ended="23168" arrived="23168" collisions="0" teleports="0" halting="17" stopped="0" meanWaitingTime="40.48" meanTravelTime="116.58" meanSpeed="4.35" meanSpeedRelative="0.31" duration="1"/>
    <step time="41100.00" loaded="23322" inserted="23299" running="46" waiting="23" ended="23253" arrived="23253" collisions="0" teleports="0" halting="22" stopped="0" meanWaitingTime="40.65" meanTravelTime="116.63" meanSpeed="3.59" meanSpeedRelative="0.26" duration="2"/>
    <step time="41400.00" loaded="23386" inserted="23375" running="20" waiting="11" ended="23355" arrived="23355" collisions="0" teleports="0" halting="15" stopped="0" meanWaitingTime="40.73" meanTravelTime="116.80" meanSpeed="2.40" meanSpeedRelative="0.17" duration="1"/>
    <step time="41700.00" loaded="23486" inserted="23461" running="47" waiting="25" ended="23414" arrived="23414" collisions="0" teleports="0" halting="21" stopped="0" meanWaitingTime="40.86" meanTravelTime="116.81" meanSpeed="4.51" meanSpeedRelative="0.33" duration="2"/>
    <step time="42000.00" loaded="23567" inserted="23538" running="17" waiting="29" ended="23521" arrived="23521" collisions="0" teleports="0" halting="9" stopped="0" meanWaitingTime="41.04" meanTravelTime="116.87" meanSpeed="4.69" meanSpeedRelative="0.34" duration="1"/>
    <step time="42300.00" loaded="23674" inserted="23649" running="49" waiting="25" ended="23600" arrived="23600" collisions="0" teleports="0" halting="10" stopped="0" meanWaitingTime="41.28" meanTravelTime="116.76" meanSpeed="6.00" meanSpeedRelative="0.45" duration="1"/>
    <step time="42600.00" loaded="23786" inserted="23749" running="45" waiting="37" ended="23704" arrived="23704" collisions="0" teleports="0" halting="9" stopped="0" meanWaitingTime="41.48" meanTravelTime="116.76" meanSpeed="6.44" meanSpeedRelative="0.46" duration="3"/>
    <step time="42900.00" loaded="23886" inserted="23863" running="53" waiting="23" ended="23810" arrived="23810" collisions="0" teleports="0" halting="7" stopped="0" meanWaitingTime="41.76" meanTravelTime="116.85" meanSpeed="5.60" meanSpeedRelative="0.40" duration="2"/>
    <step time="43200.00" loaded="23986" inserted="23951" running="23" waiting="35" ended="23928" arrived="23928" collisions="0" teleports="0" halting="6" stopped="0" meanWaitingTime="41.89" meanTravelTime="116.99" meanSpeed="5.84" meanSpeedRelative="0.42" duration="0"/>
    <step time="43500.00" loaded="24065" inserted="24039" running="33" waiting="26" ended="24006" arrived="24006" collisions="0" teleports="0" halting="9" stopped="0" meanWaitingTime="42.03" meanTravelTime="116.94" meanSpeed="6.01" meanSpeedRelative="0.43" duration="2"/>
    <step time="43800.00" loaded="24166" inserted="24131" running="43" waiting="35" ended="24088" arrived="24088" collisions="0" teleports="0" halting="15" stopped="0" meanWaitingTime="42.25" meanTravelTime="116.91" meanSpeed="5.91" meanSpeedRelative="0.43" duration="2"/>
    <step time="44100.00" loaded="24270" inserted="24240" running="52" waiting="30" ended="24188" arrived="24188" collisions="0" teleports="0" halting="33" stopped="0" meanWaitingTime="42.50" meanTravelTime="116.92" meanSpeed="3.22" meanSpeedRelative="0.23" duration="1"/>
    <step time="44400.00" loaded="24380" inserted="24343" running="77" waiting="37" ended="24266" arrived="24266" collisions="0" teleports="0" halting="64" stopped="0" meanWaitingTime="42.75" meanTravelTime="116.87" meanSpeed="0.75" meanSpeedRelative="0.05" duration="2"/>
    <step time="44700.00" loaded="24483" inserted="24439" running="59" waiting="44" ended="24380" arrived="24380" collisions="0" teleports="0" halting="11" stopped="0" meanWaitingTime="43.10" meanTravelTime="117.50" meanSpeed="4.27" meanSpeedRelative="0.31" duration="1"/>
    <step time="45000.00" loaded="24587" inserted="24547" running="60" waiting="40" ended="24487" arrived="24487" collisions="0" teleports="0" halting="15" stopped="0" meanWaitingTime="43.43" meanTravelTime="117.72" meanSpeed="4.08" meanSpeedRelative="0.29" duration="2"/>
    <step time="45300.00" loaded="24674" inserted="24650" running="74" waiting="24" ended="24576" arrived="24576" collisions="0" teleports="0" halting="23" stopped="0" meanWaitingTime="43.66" meanTravelTime="118.00" meanSpeed="4.22" meanSpeedRelative="0.30" duration="2"/>
    <step time="45600.00" loaded="24759" inserted="24731" running="59" waiting="28" ended="24672" arrived="24672" collisions="0" teleports="0" halting="49" stopped="0" meanWaitingTime="43.74" meanTravelTime="118.37" meanSpeed="1.98" meanSpeedRelative="0.14" duration="1"/>
    <step time="45900.00" loaded="24845" inserted="24799" running="63" waiting="46" ended="24736" arrived="24736" collisions="0" teleports="0" halting="61" stopped="0" meanWaitingTime="43.95" meanTravelTime="118.50" meanSpeed="0.39" meanSpeedRelative="0.03" duration="2"/>
    <step time="46200.00" loaded="24925" inserted="24878" running="87" waiting="47" ended="24791" arrived="24791" collisions="0" teleports="0" halting="81" stopped="0" meanWaitingTime="44.18" meanTravelTime="118.36" meanSpeed="0.51" meanSpeedRelative="0.04" duration="3"/>
    <step time="46500.00" loaded="24973" inserted="24915" running="100" waiting="58" ended="24815" arrived="24815" collisions="0" teleports="0" halting="100" stopped="0" meanWaitingTime="44.20" meanTravelTime="118.30" meanSpeed="0.00" meanSpeedRelative="0.00" duration="2"/>
    <step time="46800.00" loaded="24993" inserted="24935" running="102" waiting="58" ended="24833" arrived="24833" collisions="0" teleports="0" halting="101" stopped="0" meanWaitingTime="44.16" meanTravelTime="118.25" meanSpeed="0.10" meanSpeedRelative="0.01" duration="2"/>
    <step time="47100.00" loaded="25011" inserted="24953" running="100" waiting="58" ended="24853" arrived="24853" collisions="0" teleports="0" halting="97" stopped="0" meanWaitingTime="44.13" meanTravelTime="118.18" meanSpeed="0.18" meanSpeedRelative="0.01" duration="2"/>
    <step time="47400.00" loaded="25028" inserted="24970" running="100" waiting="58" ended="24870" arrived="24870" collisions="0" teleports="0" halting="100" stopped="0" meanWaitingTime="44.10" meanTravelTime="118.13" meanSpeed="0.00" meanSpeedRelative="0.00" duration="3"/>
    <step time="47700.00" loaded="25042" inserted="24984" running="103" waiting="58" ended="24881" arrived="24881" collisions="0" teleports="0" halting="103" stopped="0" meanWaitingTime="44.08" meanTravelTime="118.10" meanSpeed="0.00" meanSpeedRelative="0.00" duration="3"/>
    <step time="48000.00" loaded="25055" inserted="24997" running="104" waiting="58" ended="24893" arrived="24893" collisions="0" teleports="0" halting="103" stopped="0" meanWaitingTime="44.05" meanTravelTime="118.06" meanSpeed="0.06" meanSpeedRelative="0.00" duration="1"/>
    <step time="48300.00" loaded="25069" inserted="25011" running="104" waiting="58" ended="24907" arrived="24907" collisions="0" teleports="0" halting="103" stopped="0" meanWaitingTime="44.03" meanTravelTime="118.01" meanSpeed="0.03" meanSpeedRelative="0.00" duration="1"/>
    <step time="48600.00" loaded="25085" inserted="25027" running="105" waiting="58" ended="24922" arrived="24922" collisions="0" teleports="0" halting="103" stopped="0" meanWaitingTime="44.00" meanTravelTime="117.96" meanSpeed="0.14" meanSpeedRelative="0.01" duration="3"/>
    <step time="48900.00" loaded="25100" inserted="25042" running="109" waiting="58" ended="24933" arrived="24933" collisions="0" teleports="0" halting="108" stopped="0" meanWaitingTime="43.97" meanTravelTime="117.92" meanSpeed="0.03" meanSpeedRelative="0.00" duration="2"/>
    <step time="49200.00" loaded="25109" inserted="25051" running="103" waiting="58" ended="24948" arrived="24948" collisions="0" teleports="0" halting="103" stopped="0" meanWaitingTime="43.96" meanTravelTime="117.89" meanSpeed="0.00" meanSpeedRelative="0.00" duration="2"/>
</summary>
