<?xml version="1.0" encoding="UTF-8"?>

<!-- generated on 2025-02-28 16:49:27 by Eclipse SUMO GUI Version 1.19.0
<configuration xmlns:xsi="http://www.w3.org/2001/XMLSchema-instance" xsi:noNamespaceSchemaLocation="http://sumo.dlr.de/xsd/sumoConfiguration.xsd">

    <input>
        <net-file value="Network.net.xml"/>
        <route-files value="CarRoutes.rou.xml"/>
        <additional-files value="Sensors.add.xml"/>
    </input>

    <output>
        <emission-output value="logs/Emissions.xml"/>
        <summary-output value="logs/Log_summary.xml"/>
        <summary-output.period value="300"/>
        <tripinfo-output value="logs/TripInfos.xml"/>
    </output>

    <time>
        <begin value="0"/>
        <end value="86400"/>
        <step-length value="0.25"/>
    </time>

    <processing>
        <ignore-junction-blocker value="0.1"/>
        <time-to-teleport value="-1"/>
    </processing>

    <report>
        <verbose value="true"/>
        <no-step-log value="true"/>
    </report>

    <emissions>
        <device.emissions.period value="10"/>
    </emissions>

    <traci_server>
        <remote-port value="57444"/>
    </traci_server>

    <gui_only>
        <quit-on-end value="true"/>
        <start value="true"/>
    </gui_only>

</configuration>
-->

<instantE1 xmlns:xsi="http://www.w3.org/2001/XMLSchema-instance" xsi:noNamespaceSchemaLocation="http://sumo.dlr.de/xsd/instant_e1_file.xsd">
    <instantOut id="235_D025" time="505.79" state="enter" vehID="Car_60" speed="7.60" length="5.00" type="DEFAULT_CAR"/>
    <instantOut id="235_D025" time="506.00" state="stay" vehID="Car_60" speed="7.60" length="5.00" type="DEFAULT_CAR"/>
    <instantOut id="235_D025" time="506.25" state="stay" vehID="Car_60" speed="6.85" length="5.00" type="DEFAULT_CAR"/>
    <instantOut id="235_D025" time="506.50" state="stay" vehID="Car_60" speed="6.10" length="5.00" type="DEFAULT_CAR"/>
    <instantOut id="235_D025" time="506.54" state="leave" vehID="Car_60" speed="5.35" length="5.00" type="DEFAULT_CAR" occupancy="0.74"/>
    <instantOut id="235_D025" time="6957.47" state="enter" vehID="Car_3917" speed="9.61" length="5.00" type="DEFAULT_CAR" gap="6450.93"/>
    <instantOut id="235_D025" time="6957.50" state="stay" vehID="Car_3917" speed="9.61" length="5.00" type="DEFAULT_CAR"/>
    <instantOut id="235_D025" time="6957.75" state="stay" vehID="Car_3917" speed="9.73" length="5.00" type="DEFAULT_CAR"/>
    <instantOut id="235_D025" time="6958.00" state="stay" vehID="Car_3917" speed="8.98" length="5.00" type="DEFAULT_CAR"/>
    <instantOut id="235_D025" time="6958.00" state="leave" vehID="Car_3917" speed="8.23" length="5.00" type="DEFAULT_CAR" occupancy="0.53"/>
    <instantOut id="235_D025" time="7674.47" state="enter" vehID="Car_3411" speed="8.89" length="5.00" type="DEFAULT_CAR" gap="716.46"/>
    <instantOut id="235_D025" time="7674.50" state="stay" vehID="Car_3411" speed="8.89" length="5.00" type="DEFAULT_CAR"/>
    <instantOut id="235_D025" time="7674.75" state="stay" vehID="Car_3411" speed="8.14" length="5.00" type="DEFAULT_CAR"/>
    <instantOut id="235_D025" time="7675.00" state="stay" vehID="Car_3411" speed="7.44" length="5.00" type="DEFAULT_CAR"/>
    <instantOut id="235_D025" time="7675.12" state="leave" vehID="Car_3411" speed="6.69" length="5.00" type="DEFAULT_CAR" occupancy="0.65"/>
    <instantOut id="235_D025" time="8339.46" state="enter" vehID="Car_5286" speed="9.76" length="5.00" type="DEFAULT_CAR" gap="664.34"/>
    <instantOut id="235_D025" time="8339.50" state="stay" vehID="Car_5286" speed="9.76" length="5.00" type="DEFAULT_CAR"/>
    <instantOut id="235_D025" time="8339.75" state="stay" vehID="Car_5286" speed="9.01" length="5.00" type="DEFAULT_CAR"/>
    <instantOut id="235_D025" time="8340.00" state="stay" vehID="Car_5286" speed="8.32" length="5.00" type="DEFAULT_CAR"/>
    <instantOut id="235_D025" time="8340.04" state="leave" vehID="Car_5286" speed="7.59" length="5.00" type="DEFAULT_CAR" occupancy="0.58"/>
    <instantOut id="235_D025" time="10317.34" state="enter" vehID="Car_5390" speed="7.15" length="5.00" type="DEFAULT_CAR" gap="1977.30"/>
    <instantOut id="235_D025" time="10317.50" state="stay" vehID="Car_5390" speed="7.15" length="5.00" type="DEFAULT_CAR"/>
    <instantOut id="235_D025" time="10317.75" state="stay" vehID="Car_5390" speed="6.40" length="5.00" type="DEFAULT_CAR"/>
    <instantOut id="235_D025" time="10318.00" state="stay" vehID="Car_5390" speed="5.65" length="5.00" type="DEFAULT_CAR"/>
    <instantOut id="235_D025" time="10318.17" state="leave" vehID="Car_5390" speed="4.90" length="5.00" type="DEFAULT_CAR" occupancy="0.83"/>
    <instantOut id="235_D025" time="12177.94" state="enter" vehID="Car_7378" speed="10.55" length="5.00" type="DEFAULT_CAR" gap="1859.77"/>
    <instantOut id="235_D025" time="12178.00" state="stay" vehID="Car_7378" speed="10.55" length="5.00" type="DEFAULT_CAR"/>
    <instantOut id="235_D025" time="12178.25" state="stay" vehID="Car_7378" speed="10.26" length="5.00" type="DEFAULT_CAR"/>
    <instantOut id="235_D025" time="12178.44" state="leave" vehID="Car_7378" speed="9.67" length="5.00" type="DEFAULT_CAR" occupancy="0.50"/>
    <instantOut id="235_D025" time="12869.98" state="enter" vehID="Car_6833" speed="9.59" length="5.00" type="DEFAULT_CAR" gap="691.55"/>
    <instantOut id="235_D025" time="12870.00" state="stay" vehID="Car_6833" speed="9.59" length="5.00" type="DEFAULT_CAR"/>
    <instantOut id="235_D025" time="12870.25" state="stay" vehID="Car_6833" speed="8.84" length="5.00" type="DEFAULT_CAR"/>
    <instantOut id="235_D025" time="12870.50" state="stay" vehID="Car_6833" speed="8.09" length="5.00" type="DEFAULT_CAR"/>
    <instantOut id="235_D025" time="12870.58" state="leave" vehID="Car_6833" speed="7.34" length="5.00" type="DEFAULT_CAR" occupancy="0.60"/>
    <instantOut id="235_D025" time="12985.47" state="enter" vehID="Car_6684" speed="9.95" length="5.00" type="DEFAULT_CAR" gap="114.89"/>
    <instantOut id="235_D025" time="12985.50" state="stay" vehID="Car_6684" speed="9.95" length="5.00" type="DEFAULT_CAR"/>
    <instantOut id="235_D025" time="12985.75" state="stay" vehID="Car_6684" speed="10.87" length="5.00" type="DEFAULT_CAR"/>
    <instantOut id="235_D025" time="12985.95" state="leave" vehID="Car_6684" speed="10.12" length="5.00" type="DEFAULT_CAR" occupancy="0.48"/>
    <instantOut id="235_D025" time="15138.44" state="enter" vehID="Car_8183" speed="9.97" length="5.00" type="DEFAULT_CAR" gap="2152.49"/>
    <instantOut id="235_D025" time="15138.50" state="stay" vehID="Car_8183" speed="9.97" length="5.00" type="DEFAULT_CAR"/>
    <instantOut id="235_D025" time="15138.75" state="stay" vehID="Car_8183" speed="10.25" length="5.00" type="DEFAULT_CAR"/>
    <instantOut id="235_D025" time="15138.94" state="leave" vehID="Car_8183" speed="9.63" length="5.00" type="DEFAULT_CAR" occupancy="0.50"/>
    <instantOut id="235_D025" time="16951.24" state="enter" vehID="Car_8599" speed="9.39" length="5.00" type="DEFAULT_CAR" gap="1812.30"/>
    <instantOut id="235_D025" time="16951.25" state="stay" vehID="Car_8599" speed="9.39" length="5.00" type="DEFAULT_CAR"/>
    <instantOut id="235_D025" time="16951.50" state="stay" vehID="Car_8599" speed="8.94" length="5.00" type="DEFAULT_CAR"/>
    <instantOut id="235_D025" time="16951.75" state="stay" vehID="Car_8599" speed="8.32" length="5.00" type="DEFAULT_CAR"/>
    <instantOut id="235_D025" time="16951.82" state="leave" vehID="Car_8599" speed="7.57" length="5.00" type="DEFAULT_CAR" occupancy="0.59"/>
    <instantOut id="235_D025" time="17327.95" state="enter" vehID="Car_10522" speed="9.47" length="5.00" type="DEFAULT_CAR" gap="376.13"/>
    <instantOut id="235_D025" time="17328.00" state="stay" vehID="Car_10522" speed="9.47" length="5.00" type="DEFAULT_CAR"/>
    <instantOut id="235_D025" time="17328.25" state="stay" vehID="Car_10522" speed="8.72" length="5.00" type="DEFAULT_CAR"/>
    <instantOut id="235_D025" time="17328.50" state="stay" vehID="Car_10522" speed="8.02" length="5.00" type="DEFAULT_CAR"/>
    <instantOut id="235_D025" time="17328.55" state="leave" vehID="Car_10522" speed="7.37" length="5.00" type="DEFAULT_CAR" occupancy="0.60"/>
    <instantOut id="235_D025" time="17812.75" state="enter" vehID="Car_10375" speed="8.52" length="5.00" type="DEFAULT_CAR" gap="484.21"/>
    <instantOut id="235_D025" time="17813.00" state="stay" vehID="Car_10375" speed="8.52" length="5.00" type="DEFAULT_CAR"/>
    <instantOut id="235_D025" time="17813.25" state="stay" vehID="Car_10375" speed="7.77" length="5.00" type="DEFAULT_CAR"/>
    <instantOut id="235_D025" time="17813.39" state="leave" vehID="Car_10375" speed="7.02" length="5.00" type="DEFAULT_CAR" occupancy="0.63"/>
    <instantOut id="235_D025" time="18084.19" state="enter" vehID="Car_10218" speed="10.23" length="5.00" type="DEFAULT_CAR" gap="270.80"/>
    <instantOut id="235_D025" time="18084.25" state="stay" vehID="Car_10218" speed="10.23" length="5.00" type="DEFAULT_CAR"/>
    <instantOut id="235_D025" time="18084.50" state="stay" vehID="Car_10218" speed="10.23" length="5.00" type="DEFAULT_CAR"/>
    <instantOut id="235_D025" time="18084.68" state="leave" vehID="Car_10218" speed="10.05" length="5.00" type="DEFAULT_CAR" occupancy="0.49"/>
    <instantOut id="235_D025" time="18269.46" state="enter" vehID="Car_10420" speed="9.88" length="5.00" type="DEFAULT_CAR" gap="184.78"/>
    <instantOut id="235_D025" time="18269.50" state="stay" vehID="Car_10420" speed="9.88" length="5.00" type="DEFAULT_CAR"/>
    <instantOut id="235_D025" time="18269.75" state="stay" vehID="Car_10420" speed="9.13" length="5.00" type="DEFAULT_CAR"/>
    <instantOut id="235_D025" time="18270.00" state="stay" vehID="Car_10420" speed="8.38" length="5.00" type="DEFAULT_CAR"/>
    <instantOut id="235_D025" time="18270.03" state="leave" vehID="Car_10420" speed="7.63" length="5.00" type="DEFAULT_CAR" occupancy="0.57"/>
    <instantOut id="235_D025" time="18690.48" state="enter" vehID="Car_9782" speed="8.83" length="5.00" type="DEFAULT_CAR" gap="420.46"/>
    <instantOut id="235_D025" time="18690.50" state="stay" vehID="Car_9782" speed="8.83" length="5.00" type="DEFAULT_CAR"/>
    <instantOut id="235_D025" time="18690.75" state="stay" vehID="Car_9782" speed="8.08" length="5.00" type="DEFAULT_CAR"/>
    <instantOut id="235_D025" time="18691.00" state="stay" vehID="Car_9782" speed="7.33" length="5.00" type="DEFAULT_CAR"/>
    <instantOut id="235_D025" time="18691.15" state="leave" vehID="Car_9782" speed="6.58" length="5.00" type="DEFAULT_CAR" occupancy="0.67"/>
    <instantOut id="235_D025" time="18744.71" state="enter" vehID="Car_10268" speed="9.28" length="5.00" type="DEFAULT_CAR" gap="53.55"/>
    <instantOut id="235_D025" time="18744.75" state="stay" vehID="Car_10268" speed="9.28" length="5.00" type="DEFAULT_CAR"/>
    <instantOut id="235_D025" time="18745.00" state="stay" vehID="Car_10268" speed="8.53" length="5.00" type="DEFAULT_CAR"/>
    <instantOut id="235_D025" time="18745.25" state="stay" vehID="Car_10268" speed="7.78" length="5.00" type="DEFAULT_CAR"/>
    <instantOut id="235_D025" time="18745.32" state="leave" vehID="Car_10268" speed="7.06" length="5.00" type="DEFAULT_CAR" occupancy="0.62"/>
    <instantOut id="235_D025" time="21929.95" state="enter" vehID="Car_12752" speed="9.65" length="5.00" type="DEFAULT_CAR" gap="3184.62"/>
    <instantOut id="235_D025" time="21930.00" state="stay" vehID="Car_12752" speed="9.65" length="5.00" type="DEFAULT_CAR"/>
    <instantOut id="235_D025" time="21930.25" state="stay" vehID="Car_12752" speed="9.66" length="5.00" type="DEFAULT_CAR"/>
    <instantOut id="235_D025" time="21930.48" state="leave" vehID="Car_12752" speed="8.91" length="5.00" type="DEFAULT_CAR" occupancy="0.54"/>
    <instantOut id="235_D025" time="23430.45" state="enter" vehID="Car_13568" speed="9.41" length="5.00" type="DEFAULT_CAR" gap="1499.97"/>
    <instantOut id="235_D025" time="23430.50" state="stay" vehID="Car_13568" speed="9.41" length="5.00" type="DEFAULT_CAR"/>
    <instantOut id="235_D025" time="23430.75" state="stay" vehID="Car_13568" speed="8.66" length="5.00" type="DEFAULT_CAR"/>
    <instantOut id="235_D025" time="23431.00" state="stay" vehID="Car_13568" speed="7.91" length="5.00" type="DEFAULT_CAR"/>
    <instantOut id="235_D025" time="23431.05" state="leave" vehID="Car_13568" speed="7.16" length="5.00" type="DEFAULT_CAR" occupancy="0.60"/>
    <instantOut id="235_D025" time="23984.96" state="enter" vehID="Car_12821" speed="6.92" length="5.00" type="DEFAULT_CAR" gap="553.91"/>
    <instantOut id="235_D025" time="23985.00" state="stay" vehID="Car_12821" speed="6.92" length="5.00" type="DEFAULT_CAR"/>
    <instantOut id="235_D025" time="23985.25" state="stay" vehID="Car_12821" speed="7.46" length="5.00" type="DEFAULT_CAR"/>
    <instantOut id="235_D025" time="23985.50" state="stay" vehID="Car_12821" speed="8.19" length="5.00" type="DEFAULT_CAR"/>
    <instantOut id="235_D025" time="23985.61" state="leave" vehID="Car_12821" speed="7.80" length="5.00" type="DEFAULT_CAR" occupancy="0.64"/>
    <instantOut id="235_D025" time="24394.19" state="enter" vehID="Car_15176" speed="10.05" length="5.00" type="DEFAULT_CAR" gap="408.58"/>
    <instantOut id="235_D025" time="24394.25" state="stay" vehID="Car_15176" speed="10.05" length="5.00" type="DEFAULT_CAR"/>
    <instantOut id="235_D025" time="24394.50" state="stay" vehID="Car_15176" speed="9.78" length="5.00" type="DEFAULT_CAR"/>
    <instantOut id="235_D025" time="24394.71" state="leave" vehID="Car_15176" speed="9.03" length="5.00" type="DEFAULT_CAR" occupancy="0.53"/>
    <instantOut id="235_D025" time="25260.50" state="enter" vehID="Car_14143" speed="7.70" length="5.00" type="DEFAULT_CAR" gap="865.79"/>
    <instantOut id="235_D025" time="25260.75" state="stay" vehID="Car_14143" speed="7.70" length="5.00" type="DEFAULT_CAR"/>
    <instantOut id="235_D025" time="25261.00" state="stay" vehID="Car_14143" speed="6.95" length="5.00" type="DEFAULT_CAR"/>
    <instantOut id="235_D025" time="25261.22" state="leave" vehID="Car_14143" speed="6.28" length="5.00" type="DEFAULT_CAR" occupancy="0.71"/>
    <instantOut id="235_D025" time="26005.71" state="enter" vehID="Car_15188" speed="9.39" length="5.00" type="DEFAULT_CAR" gap="744.49"/>
    <instantOut id="235_D025" time="26005.75" state="stay" vehID="Car_15188" speed="9.39" length="5.00" type="DEFAULT_CAR"/>
    <instantOut id="235_D025" time="26006.00" state="stay" vehID="Car_15188" speed="8.64" length="5.00" type="DEFAULT_CAR"/>
    <instantOut id="235_D025" time="26006.25" state="stay" vehID="Car_15188" speed="7.89" length="5.00" type="DEFAULT_CAR"/>
    <instantOut id="235_D025" time="26006.31" state="leave" vehID="Car_15188" speed="7.14" length="5.00" type="DEFAULT_CAR" occupancy="0.61"/>
    <instantOut id="235_D025" time="31503.73" state="enter" vehID="Car_19846" speed="8.80" length="5.00" type="DEFAULT_CAR" gap="5497.42"/>
    <instantOut id="235_D025" time="31503.75" state="stay" vehID="Car_19846" speed="8.80" length="5.00" type="DEFAULT_CAR"/>
    <instantOut id="235_D025" time="31504.00" state="stay" vehID="Car_19846" speed="8.05" length="5.00" type="DEFAULT_CAR"/>
    <instantOut id="235_D025" time="31504.25" state="stay" vehID="Car_19846" speed="7.38" length="5.00" type="DEFAULT_CAR"/>
    <instantOut id="235_D025" time="31504.40" state="leave" vehID="Car_19846" speed="6.88" length="5.00" type="DEFAULT_CAR" occupancy="0.66"/>
    <instantOut id="235_D025" time="35318.75" state="enter" vehID="Car_21012" speed="8.07" length="5.00" type="DEFAULT_CAR" gap="3814.36"/>
    <instantOut id="235_D025" time="35319.00" state="stay" vehID="Car_21012" speed="8.07" length="5.00" type="DEFAULT_CAR"/>
    <instantOut id="235_D025" time="35319.25" state="stay" vehID="Car_21012" speed="7.51" length="5.00" type="DEFAULT_CAR"/>
    <instantOut id="235_D025" time="35319.40" state="leave" vehID="Car_21012" speed="7.52" length="5.00" type="DEFAULT_CAR" occupancy="0.65"/>
    <instantOut id="235_D025" time="35337.26" state="enter" vehID="Car_21335" speed="7.92" length="5.00" type="DEFAULT_CAR" gap="17.86"/>
    <instantOut id="235_D025" time="35337.50" state="stay" vehID="Car_21335" speed="7.92" length="5.00" type="DEFAULT_CAR"/>
    <instantOut id="235_D025" time="35337.75" state="stay" vehID="Car_21335" speed="7.25" length="5.00" type="DEFAULT_CAR"/>
    <instantOut id="235_D025" time="35337.95" state="leave" vehID="Car_21335" speed="6.53" length="5.00" type="DEFAULT_CAR" occupancy="0.69"/>
    <instantOut id="235_D025" time="35646.37" state="enter" vehID="Car_21509" speed="10.32" length="5.00" type="DEFAULT_CAR" gap="308.43"/>
    <instantOut id="235_D025" time="35646.50" state="stay" vehID="Car_21509" speed="10.32" length="5.00" type="DEFAULT_CAR"/>
    <instantOut id="235_D025" time="35646.75" state="stay" vehID="Car_21509" speed="9.57" length="5.00" type="DEFAULT_CAR"/>
    <instantOut id="235_D025" time="35646.90" state="leave" vehID="Car_21509" speed="8.82" length="5.00" type="DEFAULT_CAR" occupancy="0.52"/>
    <instantOut id="235_D025" time="36530.24" state="enter" vehID="Car_21334" speed="9.16" length="5.00" type="DEFAULT_CAR" gap="883.34"/>
    <instantOut id="235_D025" time="36530.25" state="stay" vehID="Car_21334" speed="9.16" length="5.00" type="DEFAULT_CAR"/>
    <instantOut id="235_D025" time="36530.50" state="stay" vehID="Car_21334" speed="9.90" length="5.00" type="DEFAULT_CAR"/>
    <instantOut id="235_D025" time="36530.75" state="stay" vehID="Car_21334" speed="9.30" length="5.00" type="DEFAULT_CAR"/>
    <instantOut id="235_D025" time="36530.76" state="leave" vehID="Car_21334" speed="8.73" length="5.00" type="DEFAULT_CAR" occupancy="0.52"/>
    <instantOut id="235_D025" time="36656.97" state="enter" vehID="Car_21028" speed="7.18" length="5.00" type="DEFAULT_CAR" gap="126.21"/>
    <instantOut id="235_D025" time="36657.00" state="stay" vehID="Car_21028" speed="7.18" length="5.00" type="DEFAULT_CAR"/>
    <instantOut id="235_D025" time="36657.25" state="stay" vehID="Car_21028" speed="8.03" length="5.00" type="DEFAULT_CAR"/>
    <instantOut id="235_D025" time="36657.50" state="stay" vehID="Car_21028" speed="8.32" length="5.00" type="DEFAULT_CAR"/>
    <instantOut id="235_D025" time="36657.59" state="leave" vehID="Car_21028" speed="7.57" length="5.00" type="DEFAULT_CAR" occupancy="0.62"/>
    <instantOut id="235_D025" time="37181.46" state="enter" vehID="Car_21945" speed="8.91" length="5.00" type="DEFAULT_CAR" gap="523.87"/>
    <instantOut id="235_D025" time="37181.50" state="stay" vehID="Car_21945" speed="8.91" length="5.00" type="DEFAULT_CAR"/>
    <instantOut id="235_D025" time="37181.75" state="stay" vehID="Car_21945" speed="8.16" length="5.00" type="DEFAULT_CAR"/>
    <instantOut id="235_D025" time="37182.00" state="stay" vehID="Car_21945" speed="7.41" length="5.00" type="DEFAULT_CAR"/>
    <instantOut id="235_D025" time="37182.12" state="leave" vehID="Car_21945" speed="6.66" length="5.00" type="DEFAULT_CAR" occupancy="0.65"/>
    <instantOut id="235_D025" time="37709.98" state="enter" vehID="Car_22367" speed="6.82" length="5.00" type="DEFAULT_CAR" gap="527.86"/>
    <instantOut id="235_D025" time="37710.00" state="stay" vehID="Car_22367" speed="6.82" length="5.00" type="DEFAULT_CAR"/>
    <instantOut id="235_D025" time="37710.25" state="stay" vehID="Car_22367" speed="7.44" length="5.00" type="DEFAULT_CAR"/>
    <instantOut id="235_D025" time="37710.50" state="stay" vehID="Car_22367" speed="7.95" length="5.00" type="DEFAULT_CAR"/>
    <instantOut id="235_D025" time="37710.62" state="leave" vehID="Car_22367" speed="8.83" length="5.00" type="DEFAULT_CAR" occupancy="0.63"/>
    <instantOut id="235_D025" time="39028.79" state="enter" vehID="Car_23062" speed="7.01" length="5.00" type="DEFAULT_CAR" gap="1318.17"/>
    <instantOut id="235_D025" time="39029.00" state="stay" vehID="Car_23062" speed="7.01" length="5.00" type="DEFAULT_CAR"/>
    <instantOut id="235_D025" time="39029.25" state="stay" vehID="Car_23062" speed="6.26" length="5.00" type="DEFAULT_CAR"/>
    <instantOut id="235_D025" time="39029.50" state="stay" vehID="Car_23062" speed="5.75" length="5.00" type="DEFAULT_CAR"/>
    <instantOut id="235_D025" time="39029.60" state="leave" vehID="Car_23062" speed="5.03" length="5.00" type="DEFAULT_CAR" occupancy="0.81"/>
    <instantOut id="235_D025" time="39031.07" state="enter" vehID="Car_23063" speed="5.03" length="5.00" type="DEFAULT_CAR" gap="1.46"/>
    <instantOut id="235_D025" time="39031.25" state="stay" vehID="Car_23063" speed="5.03" length="5.00" type="DEFAULT_CAR"/>
    <instantOut id="235_D025" time="39031.50" state="stay" vehID="Car_23063" speed="4.86" length="5.00" type="DEFAULT_CAR"/>
    <instantOut id="235_D025" time="39031.75" state="stay" vehID="Car_23063" speed="4.98" length="5.00" type="DEFAULT_CAR"/>
    <instantOut id="235_D025" time="39032.00" state="stay" vehID="Car_23063" speed="4.47" length="5.00" type="DEFAULT_CAR"/>
    <instantOut id="235_D025" time="39032.10" state="leave" vehID="Car_23063" speed="5.00" length="5.00" type="DEFAULT_CAR" occupancy="1.03"/>
    <instantOut id="235_D025" time="42841.97" state="enter" vehID="Car_23953" speed="7.11" length="5.00" type="DEFAULT_CAR" gap="3809.87"/>
    <instantOut id="235_D025" time="42842.00" state="stay" vehID="Car_23953" speed="7.11" length="5.00" type="DEFAULT_CAR"/>
    <instantOut id="235_D025" time="42842.25" state="stay" vehID="Car_23953" speed="8.01" length="5.00" type="DEFAULT_CAR"/>
    <instantOut id="235_D025" time="42842.50" state="stay" vehID="Car_23953" speed="7.92" length="5.00" type="DEFAULT_CAR"/>
    <instantOut id="235_D025" time="42842.61" state="leave" vehID="Car_23953" speed="7.33" length="5.00" type="DEFAULT_CAR" occupancy="0.64"/>
    <instantOut id="235_D025" time="43492.46" state="enter" vehID="Car_23940" speed="9.61" length="5.00" type="DEFAULT_CAR" gap="649.86"/>
    <instantOut id="235_D025" time="43492.50" state="stay" vehID="Car_23940" speed="9.61" length="5.00" type="DEFAULT_CAR"/>
    <instantOut id="235_D025" time="43492.75" state="stay" vehID="Car_23940" speed="9.54" length="5.00" type="DEFAULT_CAR"/>
    <instantOut id="235_D025" time="43493.00" state="stay" vehID="Car_23940" speed="8.79" length="5.00" type="DEFAULT_CAR"/>
    <instantOut id="235_D025" time="43493.01" state="leave" vehID="Car_23940" speed="8.04" length="5.00" type="DEFAULT_CAR" occupancy="0.54"/>
</instantE1>
