<?xml version="1.0" encoding="UTF-8"?>

<!-- generated on 2025-02-28 16:44:36 by Eclipse SUMO GUI Version 1.19.0
<configuration xmlns:xsi="http://www.w3.org/2001/XMLSchema-instance" xsi:noNamespaceSchemaLocation="http://sumo.dlr.de/xsd/sumoConfiguration.xsd">

    <input>
        <net-file value="Network.net.xml"/>
        <route-files value="CarRoutes.rou.xml"/>
        <additional-files value="Sensors.add.xml"/>
    </input>

    <output>
        <emission-output value="logs/Emissions.xml"/>
        <summary-output value="logs/Log_summary.xml"/>
        <summary-output.period value="300"/>
        <tripinfo-output value="logs/TripInfos.xml"/>
    </output>

    <time>
        <begin value="0"/>
        <end value="86400"/>
        <step-length value="0.25"/>
    </time>

    <processing>
        <ignore-junction-blocker value="0.1"/>
        <time-to-teleport value="-1"/>
    </processing>

    <report>
        <verbose value="true"/>
        <no-step-log value="true"/>
    </report>

    <emissions>
        <device.emissions.period value="10"/>
    </emissions>

    <traci_server>
        <remote-port value="57403"/>
    </traci_server>

    <gui_only>
        <quit-on-end value="true"/>
        <start value="true"/>
    </gui_only>

</configuration>
-->

<instantE1 xmlns:xsi="http://www.w3.org/2001/XMLSchema-instance" xsi:noNamespaceSchemaLocation="http://sumo.dlr.de/xsd/instant_e1_file.xsd">
    <instantOut id="235_D025" time="66.21" state="enter" vehID="Car_401" speed="9.49" length="5.00" type="DEFAULT_CAR"/>
    <instantOut id="235_D025" time="66.25" state="stay" vehID="Car_401" speed="9.49" length="5.00" type="DEFAULT_CAR"/>
    <instantOut id="235_D025" time="66.50" state="stay" vehID="Car_401" speed="8.74" length="5.00" type="DEFAULT_CAR"/>
    <instantOut id="235_D025" time="66.75" state="stay" vehID="Car_401" speed="7.99" length="5.00" type="DEFAULT_CAR"/>
    <instantOut id="235_D025" time="66.81" state="leave" vehID="Car_401" speed="7.24" length="5.00" type="DEFAULT_CAR" occupancy="0.60"/>
    <instantOut id="235_D025" time="2625.00" state="enter" vehID="Car_1809" speed="8.53" length="5.00" type="DEFAULT_CAR" gap="2558.19"/>
    <instantOut id="235_D025" time="2625.25" state="stay" vehID="Car_1809" speed="8.53" length="5.00" type="DEFAULT_CAR"/>
    <instantOut id="235_D025" time="2625.50" state="stay" vehID="Car_1809" speed="7.94" length="5.00" type="DEFAULT_CAR"/>
    <instantOut id="235_D025" time="2625.63" state="leave" vehID="Car_1809" speed="7.19" length="5.00" type="DEFAULT_CAR" occupancy="0.62"/>
    <instantOut id="235_D025" time="3384.99" state="enter" vehID="Car_1497" speed="8.55" length="5.00" type="DEFAULT_CAR" gap="759.36"/>
    <instantOut id="235_D025" time="3385.00" state="stay" vehID="Car_1497" speed="8.55" length="5.00" type="DEFAULT_CAR"/>
    <instantOut id="235_D025" time="3385.25" state="stay" vehID="Car_1497" speed="7.80" length="5.00" type="DEFAULT_CAR"/>
    <instantOut id="235_D025" time="3385.50" state="stay" vehID="Car_1497" speed="7.08" length="5.00" type="DEFAULT_CAR"/>
    <instantOut id="235_D025" time="3385.69" state="leave" vehID="Car_1497" speed="6.37" length="5.00" type="DEFAULT_CAR" occupancy="0.70"/>
    <instantOut id="235_D025" time="3603.04" state="enter" vehID="Car_1496" speed="8.20" length="5.00" type="DEFAULT_CAR" gap="217.35"/>
    <instantOut id="235_D025" time="3603.25" state="stay" vehID="Car_1496" speed="8.20" length="5.00" type="DEFAULT_CAR"/>
    <instantOut id="235_D025" time="3603.50" state="stay" vehID="Car_1496" speed="7.45" length="5.00" type="DEFAULT_CAR"/>
    <instantOut id="235_D025" time="3603.71" state="leave" vehID="Car_1496" speed="6.80" length="5.00" type="DEFAULT_CAR" occupancy="0.67"/>
    <instantOut id="235_D025" time="13340.21" state="enter" vehID="Car_7021" speed="9.54" length="5.00" type="DEFAULT_CAR" gap="9736.51"/>
    <instantOut id="235_D025" time="13340.25" state="stay" vehID="Car_7021" speed="9.54" length="5.00" type="DEFAULT_CAR"/>
    <instantOut id="235_D025" time="13340.50" state="stay" vehID="Car_7021" speed="10.18" length="5.00" type="DEFAULT_CAR"/>
    <instantOut id="235_D025" time="13340.69" state="leave" vehID="Car_7021" speed="11.13" length="5.00" type="DEFAULT_CAR" occupancy="0.48"/>
    <instantOut id="235_D025" time="18124.74" state="enter" vehID="Car_9611" speed="9.48" length="5.00" type="DEFAULT_CAR" gap="4784.05"/>
    <instantOut id="235_D025" time="18124.75" state="stay" vehID="Car_9611" speed="9.48" length="5.00" type="DEFAULT_CAR"/>
    <instantOut id="235_D025" time="18125.00" state="stay" vehID="Car_9611" speed="8.89" length="5.00" type="DEFAULT_CAR"/>
    <instantOut id="235_D025" time="18125.25" state="stay" vehID="Car_9611" speed="8.14" length="5.00" type="DEFAULT_CAR"/>
    <instantOut id="235_D025" time="18125.34" state="leave" vehID="Car_9611" speed="7.39" length="5.00" type="DEFAULT_CAR" occupancy="0.60"/>
    <instantOut id="235_D025" time="18916.53" state="enter" vehID="Car_10095" speed="7.16" length="5.00" type="DEFAULT_CAR" gap="791.19"/>
    <instantOut id="235_D025" time="18916.75" state="stay" vehID="Car_10095" speed="7.16" length="5.00" type="DEFAULT_CAR"/>
    <instantOut id="235_D025" time="18917.00" state="stay" vehID="Car_10095" speed="6.41" length="5.00" type="DEFAULT_CAR"/>
    <instantOut id="235_D025" time="18917.25" state="stay" vehID="Car_10095" speed="5.66" length="5.00" type="DEFAULT_CAR"/>
    <instantOut id="235_D025" time="18917.33" state="leave" vehID="Car_10095" speed="4.91" length="5.00" type="DEFAULT_CAR" occupancy="0.80"/>
    <instantOut id="235_D025" time="19630.39" state="enter" vehID="Car_9817" speed="6.32" length="5.00" type="DEFAULT_CAR" gap="713.05"/>
    <instantOut id="235_D025" time="19630.50" state="stay" vehID="Car_9817" speed="6.32" length="5.00" type="DEFAULT_CAR"/>
    <instantOut id="235_D025" time="19630.75" state="stay" vehID="Car_9817" speed="6.03" length="5.00" type="DEFAULT_CAR"/>
    <instantOut id="235_D025" time="19631.00" state="stay" vehID="Car_9817" speed="5.28" length="5.00" type="DEFAULT_CAR"/>
    <instantOut id="235_D025" time="19631.25" state="stay" vehID="Car_9817" speed="4.57" length="5.00" type="DEFAULT_CAR"/>
    <instantOut id="235_D025" time="19631.33" state="leave" vehID="Car_9817" speed="3.83" length="5.00" type="DEFAULT_CAR" occupancy="0.95"/>
    <instantOut id="235_D025" time="21503.76" state="enter" vehID="Car_12253" speed="7.48" length="5.00" type="DEFAULT_CAR" gap="1872.43"/>
    <instantOut id="235_D025" time="21504.00" state="stay" vehID="Car_12253" speed="7.48" length="5.00" type="DEFAULT_CAR"/>
    <instantOut id="235_D025" time="21504.25" state="stay" vehID="Car_12253" speed="6.74" length="5.00" type="DEFAULT_CAR"/>
    <instantOut id="235_D025" time="21504.50" state="stay" vehID="Car_12253" speed="5.99" length="5.00" type="DEFAULT_CAR"/>
    <instantOut id="235_D025" time="21504.51" state="leave" vehID="Car_12253" speed="5.24" length="5.00" type="DEFAULT_CAR" occupancy="0.75"/>
    <instantOut id="235_D025" time="24502.38" state="enter" vehID="Car_15481" speed="7.96" length="5.00" type="DEFAULT_CAR" gap="2997.87"/>
    <instantOut id="235_D025" time="24502.50" state="stay" vehID="Car_15481" speed="7.96" length="5.00" type="DEFAULT_CAR"/>
    <instantOut id="235_D025" time="24502.75" state="stay" vehID="Car_15481" speed="7.21" length="5.00" type="DEFAULT_CAR"/>
    <instantOut id="235_D025" time="24503.00" state="stay" vehID="Car_15481" speed="6.46" length="5.00" type="DEFAULT_CAR"/>
    <instantOut id="235_D025" time="24503.11" state="leave" vehID="Car_15481" speed="5.71" length="5.00" type="DEFAULT_CAR" occupancy="0.73"/>
    <instantOut id="235_D025" time="24762.25" state="enter" vehID="Car_15403" speed="8.80" length="5.00" type="DEFAULT_CAR" gap="259.14"/>
    <instantOut id="235_D025" time="24762.25" state="stay" vehID="Car_15403" speed="8.80" length="5.00" type="DEFAULT_CAR"/>
    <instantOut id="235_D025" time="24762.50" state="stay" vehID="Car_15403" speed="8.18" length="5.00" type="DEFAULT_CAR"/>
    <instantOut id="235_D025" time="24762.75" state="stay" vehID="Car_15403" speed="7.55" length="5.00" type="DEFAULT_CAR"/>
    <instantOut id="235_D025" time="24762.90" state="leave" vehID="Car_15403" speed="7.30" length="5.00" type="DEFAULT_CAR" occupancy="0.65"/>
    <instantOut id="235_D025" time="25243.72" state="enter" vehID="Car_15340" speed="9.06" length="5.00" type="DEFAULT_CAR" gap="480.82"/>
    <instantOut id="235_D025" time="25243.75" state="stay" vehID="Car_15340" speed="9.06" length="5.00" type="DEFAULT_CAR"/>
    <instantOut id="235_D025" time="25244.00" state="stay" vehID="Car_15340" speed="8.52" length="5.00" type="DEFAULT_CAR"/>
    <instantOut id="235_D025" time="25244.25" state="stay" vehID="Car_15340" speed="7.77" length="5.00" type="DEFAULT_CAR"/>
    <instantOut id="235_D025" time="25244.34" state="leave" vehID="Car_15340" speed="7.02" length="5.00" type="DEFAULT_CAR" occupancy="0.62"/>
    <instantOut id="235_D025" time="26324.44" state="enter" vehID="Car_14679" speed="9.87" length="5.00" type="DEFAULT_CAR" gap="1080.10"/>
    <instantOut id="235_D025" time="26324.50" state="stay" vehID="Car_14679" speed="9.87" length="5.00" type="DEFAULT_CAR"/>
    <instantOut id="235_D025" time="26324.75" state="stay" vehID="Car_14679" speed="9.83" length="5.00" type="DEFAULT_CAR"/>
    <instantOut id="235_D025" time="26324.97" state="leave" vehID="Car_14679" speed="9.08" length="5.00" type="DEFAULT_CAR" occupancy="0.52"/>
    <instantOut id="235_D025" time="31653.99" state="enter" vehID="Car_19768" speed="9.10" length="5.00" type="DEFAULT_CAR" gap="5329.02"/>
    <instantOut id="235_D025" time="31654.00" state="stay" vehID="Car_19768" speed="9.10" length="5.00" type="DEFAULT_CAR"/>
    <instantOut id="235_D025" time="31654.25" state="stay" vehID="Car_19768" speed="8.35" length="5.00" type="DEFAULT_CAR"/>
    <instantOut id="235_D025" time="31654.50" state="stay" vehID="Car_19768" speed="7.60" length="5.00" type="DEFAULT_CAR"/>
    <instantOut id="235_D025" time="31654.63" state="leave" vehID="Car_19768" speed="6.85" length="5.00" type="DEFAULT_CAR" occupancy="0.64"/>
    <instantOut id="235_D025" time="32639.98" state="enter" vehID="Car_19835" speed="9.40" length="5.00" type="DEFAULT_CAR" gap="985.34"/>
    <instantOut id="235_D025" time="32640.00" state="stay" vehID="Car_19835" speed="9.40" length="5.00" type="DEFAULT_CAR"/>
    <instantOut id="235_D025" time="32640.25" state="stay" vehID="Car_19835" speed="8.65" length="5.00" type="DEFAULT_CAR"/>
    <instantOut id="235_D025" time="32640.50" state="stay" vehID="Car_19835" speed="7.90" length="5.00" type="DEFAULT_CAR"/>
    <instantOut id="235_D025" time="32640.59" state="leave" vehID="Car_19835" speed="7.25" length="5.00" type="DEFAULT_CAR" occupancy="0.61"/>
    <instantOut id="235_D025" time="42188.73" state="enter" vehID="Car_24743" speed="8.40" length="5.00" type="DEFAULT_CAR" gap="9548.15"/>
    <instantOut id="235_D025" time="42188.75" state="stay" vehID="Car_24743" speed="8.40" length="5.00" type="DEFAULT_CAR"/>
    <instantOut id="235_D025" time="42189.00" state="stay" vehID="Car_24743" speed="7.65" length="5.00" type="DEFAULT_CAR"/>
    <instantOut id="235_D025" time="42189.25" state="stay" vehID="Car_24743" speed="7.09" length="5.00" type="DEFAULT_CAR"/>
    <instantOut id="235_D025" time="42189.44" state="leave" vehID="Car_24743" speed="6.34" length="5.00" type="DEFAULT_CAR" occupancy="0.70"/>
    <instantOut id="235_D025" time="45691.98" state="enter" vehID="Car_24771" speed="8.65" length="5.00" type="DEFAULT_CAR" gap="3502.55"/>
    <instantOut id="235_D025" time="45692.00" state="stay" vehID="Car_24771" speed="8.65" length="5.00" type="DEFAULT_CAR"/>
    <instantOut id="235_D025" time="45692.25" state="stay" vehID="Car_24771" speed="7.90" length="5.00" type="DEFAULT_CAR"/>
    <instantOut id="235_D025" time="45692.50" state="stay" vehID="Car_24771" speed="7.15" length="5.00" type="DEFAULT_CAR"/>
    <instantOut id="235_D025" time="45692.67" state="leave" vehID="Car_24771" speed="6.41" length="5.00" type="DEFAULT_CAR" occupancy="0.69"/>
</instantE1>
