<?xml version="1.0" encoding="UTF-8"?>

<!-- generated on 2025-02-28 16:34:46 by Eclipse SUMO GUI Version 1.19.0
<configuration xmlns:xsi="http://www.w3.org/2001/XMLSchema-instance" xsi:noNamespaceSchemaLocation="http://sumo.dlr.de/xsd/sumoConfiguration.xsd">

    <input>
        <net-file value="Network.net.xml"/>
        <route-files value="CarRoutes.rou.xml"/>
        <additional-files value="Sensors.add.xml"/>
    </input>

    <output>
        <emission-output value="logs/Emissions.xml"/>
        <summary-output value="logs/Log_summary.xml"/>
        <summary-output.period value="300"/>
        <tripinfo-output value="logs/TripInfos.xml"/>
    </output>

    <time>
        <begin value="0"/>
        <end value="86400"/>
        <step-length value="0.25"/>
    </time>

    <processing>
        <ignore-junction-blocker value="0.1"/>
        <time-to-teleport value="-1"/>
    </processing>

    <report>
        <verbose value="true"/>
        <no-step-log value="true"/>
    </report>

    <emissions>
        <device.emissions.period value="10"/>
    </emissions>

    <traci_server>
        <remote-port value="57338"/>
    </traci_server>

    <gui_only>
        <quit-on-end value="true"/>
        <start value="true"/>
    </gui_only>

</configuration>
-->

<summary xmlns:xsi="http://www.w3.org/2001/XMLSchema-instance" xsi:noNamespaceSchemaLocation="http://sumo.dlr.de/xsd/summary_file.xsd">
    <step time="0.00" loaded="0" inserted="0" running="0" waiting="0" ended="0" arrived="0" collisions="0" teleports="0" halting="0" stopped="0" meanWaitingTime="-1.00" meanTravelTime="-1.00" meanSpeed="-1.00" meanSpeedRelative="-1.00" duration="0"/>
    <step time="300.00" loaded="210" inserted="198" running="89" waiting="12" ended="109" arrived="109" collisions="0" teleports="0" halting="41" stopped="0" meanWaitingTime="13.78" meanTravelTime="80.76" meanSpeed="3.94" meanSpeedRelative="0.28" duration="2"/>
    <step time="600.00" loaded="373" inserted="363" running="65" waiting="10" ended="298" arrived="298" collisions="0" teleports="0" halting="35" stopped="0" meanWaitingTime="12.82" meanTravelTime="116.43" meanSpeed="4.23" meanSpeedRelative="0.30" duration="2"/>
    <step time="900.00" loaded="531" inserted="520" running="65" waiting="11" ended="455" arrived="455" collisions="0" teleports="0" halting="33" stopped="0" meanWaitingTime="12.00" meanTravelTime="113.06" meanSpeed="4.11" meanSpeedRelative="0.30" duration="2"/>
    <step time="1200.00" loaded="704" inserted="689" running="53" waiting="15" ended="636" arrived="636" collisions="0" teleports="0" halting="9" stopped="0" meanWaitingTime="15.40" meanTravelTime="114.73" meanSpeed="7.32" meanSpeedRelative="0.53" duration="1"/>
    <step time="1500.00" loaded="869" inserted="849" running="57" waiting="20" ended="792" arrived="792" collisions="0" teleports="0" halting="12" stopped="0" meanWaitingTime="16.51" meanTravelTime="111.44" meanSpeed="5.49" meanSpeedRelative="0.39" duration="1"/>
    <step time="1800.00" loaded="1028" inserted="1010" running="65" waiting="18" ended="945" arrived="945" collisions="0" teleports="0" halting="22" stopped="0" meanWaitingTime="19.89" meanTravelTime="111.76" meanSpeed="4.51" meanSpeedRelative="0.32" duration="2"/>
    <step time="2100.00" loaded="1187" inserted="1172" running="69" waiting="15" ended="1103" arrived="1103" collisions="0" teleports="0" halting="40" stopped="0" meanWaitingTime="18.52" meanTravelTime="111.35" meanSpeed="3.88" meanSpeedRelative="0.28" duration="2"/>
    <step time="2400.00" loaded="1333" inserted="1317" running="43" waiting="16" ended="1274" arrived="1274" collisions="0" teleports="0" halting="14" stopped="0" meanWaitingTime="18.49" meanTravelTime="112.50" meanSpeed="4.92" meanSpeedRelative="0.37" duration="1"/>
    <step time="2700.00" loaded="1477" inserted="1474" running="47" waiting="3" ended="1427" arrived="1427" collisions="0" teleports="0" halting="10" stopped="0" meanWaitingTime="18.49" meanTravelTime="110.54" meanSpeed="6.76" meanSpeedRelative="0.49" duration="2"/>
    <step time="3000.00" loaded="1635" inserted="1628" running="40" waiting="7" ended="1588" arrived="1588" collisions="0" teleports="0" halting="18" stopped="0" meanWaitingTime="17.36" meanTravelTime="108.17" meanSpeed="4.62" meanSpeedRelative="0.33" duration="2"/>
    <step time="3300.00" loaded="1806" inserted="1785" running="58" waiting="21" ended="1727" arrived="1727" collisions="0" teleports="0" halting="9" stopped="0" meanWaitingTime="18.08" meanTravelTime="108.07" meanSpeed="7.40" meanSpeedRelative="0.53" duration="2"/>
    <step time="3600.00" loaded="1940" inserted="1925" running="41" waiting="15" ended="1884" arrived="1884" collisions="0" teleports="0" halting="16" stopped="0" meanWaitingTime="19.62" meanTravelTime="106.80" meanSpeed="5.31" meanSpeedRelative="0.38" duration="2"/>
    <step time="3900.00" loaded="2106" inserted="2106" running="80" waiting="0" ended="2026" arrived="2026" collisions="0" teleports="0" halting="29" stopped="0" meanWaitingTime="18.85" meanTravelTime="105.36" meanSpeed="3.16" meanSpeedRelative="0.23" duration="1"/>
    <step time="4200.00" loaded="2235" inserted="2230" running="44" waiting="5" ended="2186" arrived="2186" collisions="0" teleports="0" halting="9" stopped="0" meanWaitingTime="18.93" meanTravelTime="108.28" meanSpeed="6.22" meanSpeedRelative="0.45" duration="1"/>
    <step time="4500.00" loaded="2414" inserted="2413" running="71" waiting="1" ended="2342" arrived="2342" collisions="0" teleports="0" halting="29" stopped="0" meanWaitingTime="18.09" meanTravelTime="108.24" meanSpeed="4.19" meanSpeedRelative="0.31" duration="3"/>
    <step time="4800.00" loaded="2571" inserted="2565" running="39" waiting="6" ended="2526" arrived="2526" collisions="0" teleports="0" halting="14" stopped="0" meanWaitingTime="17.28" meanTravelTime="108.20" meanSpeed="4.69" meanSpeedRelative="0.34" duration="2"/>
    <step time="5100.00" loaded="2736" inserted="2726" running="56" waiting="10" ended="2670" arrived="2670" collisions="0" teleports="0" halting="6" stopped="0" meanWaitingTime="17.91" meanTravelTime="107.36" meanSpeed="6.08" meanSpeedRelative="0.44" duration="1"/>
    <step time="5400.00" loaded="2889" inserted="2887" running="54" waiting="2" ended="2833" arrived="2833" collisions="0" teleports="0" halting="17" stopped="0" meanWaitingTime="17.75" meanTravelTime="107.51" meanSpeed="6.01" meanSpeedRelative="0.44" duration="1"/>
    <step time="5700.00" loaded="3075" inserted="3060" running="72" waiting="15" ended="2988" arrived="2988" collisions="0" teleports="0" halting="26" stopped="0" meanWaitingTime="17.12" meanTravelTime="107.46" meanSpeed="5.21" meanSpeedRelative="0.37" duration="2"/>
    <step time="6000.00" loaded="3199" inserted="3196" running="33" waiting="3" ended="3163" arrived="3163" collisions="0" teleports="0" halting="8" stopped="0" meanWaitingTime="17.07" meanTravelTime="108.64" meanSpeed="5.94" meanSpeedRelative="0.43" duration="1"/>
    <step time="6300.00" loaded="3361" inserted="3344" running="54" waiting="17" ended="3290" arrived="3290" collisions="0" teleports="0" halting="26" stopped="0" meanWaitingTime="17.06" meanTravelTime="108.53" meanSpeed="4.30" meanSpeedRelative="0.31" duration="2"/>
    <step time="6600.00" loaded="3519" inserted="3511" running="48" waiting="8" ended="3463" arrived="3463" collisions="0" teleports="0" halting="18" stopped="0" meanWaitingTime="17.13" meanTravelTime="107.52" meanSpeed="4.52" meanSpeedRelative="0.33" duration="2"/>
    <step time="6900.00" loaded="3704" inserted="3687" running="55" waiting="17" ended="3632" arrived="3632" collisions="0" teleports="0" halting="25" stopped="0" meanWaitingTime="17.09" meanTravelTime="106.44" meanSpeed="3.83" meanSpeedRelative="0.28" duration="2"/>
    <step time="7200.00" loaded="3861" inserted="3841" running="46" waiting="20" ended="3795" arrived="3795" collisions="0" teleports="0" halting="19" stopped="0" meanWaitingTime="17.67" meanTravelTime="106.31" meanSpeed="4.33" meanSpeedRelative="0.31" duration="1"/>
    <step time="7500.00" loaded="4009" inserted="3997" running="49" waiting="12" ended="3948" arrived="3948" collisions="0" teleports="0" halting="20" stopped="0" meanWaitingTime="18.30" meanTravelTime="106.26" meanSpeed="4.47" meanSpeedRelative="0.32" duration="1"/>
    <step time="7800.00" loaded="4166" inserted="4143" running="41" waiting="23" ended="4102" arrived="4102" collisions="0" teleports="0" halting="8" stopped="0" meanWaitingTime="18.72" meanTravelTime="105.69" meanSpeed="5.61" meanSpeedRelative="0.40" duration="1"/>
    <step time="8100.00" loaded="4335" inserted="4322" running="46" waiting="13" ended="4276" arrived="4276" collisions="0" teleports="0" halting="14" stopped="0" meanWaitingTime="19.80" meanTravelTime="104.85" meanSpeed="5.15" meanSpeedRelative="0.37" duration="1"/>
    <step time="8400.00" loaded="4519" inserted="4515" running="58" waiting="4" ended="4457" arrived="4457" collisions="0" teleports="0" halting="15" stopped="0" meanWaitingTime="19.69" meanTravelTime="103.85" meanSpeed="5.06" meanSpeedRelative="0.36" duration="1"/>
    <step time="8700.00" loaded="4689" inserted="4687" running="65" waiting="2" ended="4622" arrived="4622" collisions="0" teleports="0" halting="21" stopped="0" meanWaitingTime="19.46" meanTravelTime="103.74" meanSpeed="5.63" meanSpeedRelative="0.41" duration="1"/>
    <step time="9000.00" loaded="4875" inserted="4858" running="63" waiting="17" ended="4795" arrived="4795" collisions="0" teleports="0" halting="15" stopped="0" meanWaitingTime="19.19" meanTravelTime="103.62" meanSpeed="5.38" meanSpeedRelative="0.39" duration="2"/>
    <step time="9300.00" loaded="5057" inserted="5039" running="53" waiting="18" ended="4986" arrived="4986" collisions="0" teleports="0" halting="22" stopped="0" meanWaitingTime="19.15" meanTravelTime="103.63" meanSpeed="4.45" meanSpeedRelative="0.32" duration="2"/>
    <step time="9600.00" loaded="5230" inserted="5220" running="60" waiting="10" ended="5160" arrived="5160" collisions="0" teleports="0" halting="17" stopped="0" meanWaitingTime="19.54" meanTravelTime="103.14" meanSpeed="5.96" meanSpeedRelative="0.43" duration="1"/>
    <step time="9900.00" loaded="5373" inserted="5367" running="40" waiting="6" ended="5327" arrived="5327" collisions="0" teleports="0" halting="17" stopped="0" meanWaitingTime="19.32" meanTravelTime="103.25" meanSpeed="4.83" meanSpeedRelative="0.35" duration="1"/>
    <step time="10200.00" loaded="5542" inserted="5533" running="60" waiting="9" ended="5473" arrived="5473" collisions="0" teleports="0" halting="13" stopped="0" meanWaitingTime="19.25" meanTravelTime="103.36" meanSpeed="5.55" meanSpeedRelative="0.40" duration="2"/>
    <step time="10500.00" loaded="5721" inserted="5709" running="65" waiting="12" ended="5644" arrived="5644" collisions="0" teleports="0" halting="16" stopped="0" meanWaitingTime="19.11" meanTravelTime="103.40" meanSpeed="6.05" meanSpeedRelative="0.44" duration="3"/>
    <step time="10800.00" loaded="5890" inserted="5883" running="73" waiting="7" ended="5810" arrived="5810" collisions="0" teleports="0" halting="11" stopped="0" meanWaitingTime="19.11" meanTravelTime="103.54" meanSpeed="5.69" meanSpeedRelative="0.41" duration="2"/>
    <step time="11100.00" loaded="6064" inserted="6046" running="62" waiting="18" ended="5984" arrived="5984" collisions="0" teleports="0" halting="24" stopped="0" meanWaitingTime="19.08" meanTravelTime="104.34" meanSpeed="3.76" meanSpeedRelative="0.27" duration="2"/>
    <step time="11400.00" loaded="6236" inserted="6201" running="53" waiting="35" ended="6148" arrived="6148" collisions="0" teleports="0" halting="12" stopped="0" meanWaitingTime="19.70" meanTravelTime="104.49" meanSpeed="5.40" meanSpeedRelative="0.39" duration="1"/>
    <step time="11700.00" loaded="6380" inserted="6350" running="59" waiting="30" ended="6291" arrived="6291" collisions="0" teleports="0" halting="11" stopped="0" meanWaitingTime="20.68" meanTravelTime="104.24" meanSpeed="4.61" meanSpeedRelative="0.33" duration="2"/>
    <step time="12000.00" loaded="6555" inserted="6525" running="62" waiting="30" ended="6463" arrived="6463" collisions="0" teleports="0" halting="16" stopped="0" meanWaitingTime="21.38" meanTravelTime="104.64" meanSpeed="4.17" meanSpeedRelative="0.30" duration="2"/>
    <step time="12300.00" loaded="6727" inserted="6703" running="67" waiting="24" ended="6636" arrived="6636" collisions="0" teleports="0" halting="36" stopped="0" meanWaitingTime="22.14" meanTravelTime="104.89" meanSpeed="3.82" meanSpeedRelative="0.28" duration="2"/>
    <step time="12600.00" loaded="6896" inserted="6853" running="54" waiting="43" ended="6799" arrived="6799" collisions="0" teleports="0" halting="27" stopped="0" meanWaitingTime="22.57" meanTravelTime="104.91" meanSpeed="4.12" meanSpeedRelative="0.30" duration="1"/>
    <step time="12900.00" loaded="7062" inserted="7036" running="63" waiting="26" ended="6973" arrived="6973" collisions="0" teleports="0" halting="21" stopped="0" meanWaitingTime="23.40" meanTravelTime="105.18" meanSpeed="4.58" meanSpeedRelative="0.34" duration="1"/>
    <step time="13200.00" loaded="7234" inserted="7204" running="80" waiting="30" ended="7124" arrived="7124" collisions="0" teleports="0" halting="29" stopped="0" meanWaitingTime="23.89" meanTravelTime="105.25" meanSpeed="4.15" meanSpeedRelative="0.30" duration="2"/>
    <step time="13500.00" loaded="7410" inserted="7380" running="66" waiting="30" ended="7314" arrived="7314" collisions="0" teleports="0" halting="24" stopped="0" meanWaitingTime="24.33" meanTravelTime="105.97" meanSpeed="3.31" meanSpeedRelative="0.24" duration="2"/>
    <step time="13800.00" loaded="7602" inserted="7570" running="78" waiting="32" ended="7492" arrived="7492" collisions="0" teleports="0" halting="20" stopped="0" meanWaitingTime="25.12" meanTravelTime="105.91" meanSpeed="6.29" meanSpeedRelative="0.45" duration="2"/>
    <step time="14100.00" loaded="7761" inserted="7744" running="68" waiting="17" ended="7676" arrived="7676" collisions="0" teleports="0" halting="19" stopped="0" meanWaitingTime="25.75" meanTravelTime="106.13" meanSpeed="5.98" meanSpeedRelative="0.43" duration="2"/>
    <step time="14400.00" loaded="7899" inserted="7874" running="50" waiting="25" ended="7824" arrived="7824" collisions="0" teleports="0" halting="24" stopped="0" meanWaitingTime="26.22" meanTravelTime="106.39" meanSpeed="3.60" meanSpeedRelative="0.26" duration="2"/>
    <step time="14700.00" loaded="8094" inserted="8075" running="64" waiting="19" ended="8011" arrived="8011" collisions="0" teleports="0" halting="11" stopped="0" meanWaitingTime="26.34" meanTravelTime="106.19" meanSpeed="6.08" meanSpeedRelative="0.44" duration="2"/>
    <step time="15000.00" loaded="8252" inserted="8240" running="90" waiting="12" ended="8150" arrived="8150" collisions="0" teleports="0" halting="12" stopped="0" meanWaitingTime="26.14" meanTravelTime="106.49" meanSpeed="6.51" meanSpeedRelative="0.47" duration="4"/>
    <step time="15300.00" loaded="8413" inserted="8378" running="55" waiting="35" ended="8323" arrived="8323" collisions="0" teleports="0" halting="22" stopped="0" meanWaitingTime="26.23" meanTravelTime="107.04" meanSpeed="4.51" meanSpeedRelative="0.32" duration="2"/>
    <step time="15600.00" loaded="8580" inserted="8570" running="66" waiting="10" ended="8504" arrived="8504" collisions="0" teleports="0" halting="20" stopped="0" meanWaitingTime="26.85" meanTravelTime="106.58" meanSpeed="5.51" meanSpeedRelative="0.40" duration="2"/>
    <step time="15900.00" loaded="8771" inserted="8761" running="94" waiting="10" ended="8667" arrived="8667" collisions="0" teleports="0" halting="22" stopped="0" meanWaitingTime="27.02" meanTravelTime="106.41" meanSpeed="5.00" meanSpeedRelative="0.36" duration="4"/>
    <step time="16200.00" loaded="8960" inserted="8948" running="76" waiting="12" ended="8872" arrived="8872" collisions="0" teleports="0" halting="26" stopped="0" meanWaitingTime="26.94" meanTravelTime="107.05" meanSpeed="4.80" meanSpeedRelative="0.35" duration="3"/>
    <step time="16500.00" loaded="9130" inserted="9127" running="46" waiting="3" ended="9081" arrived="9081" collisions="0" teleports="0" halting="17" stopped="0" meanWaitingTime="26.65" meanTravelTime="107.16" meanSpeed="5.23" meanSpeedRelative="0.38" duration="1"/>
    <step time="16800.00" loaded="9318" inserted="9302" running="58" waiting="16" ended="9244" arrived="9244" collisions="0" teleports="0" halting="9" stopped="0" meanWaitingTime="26.46" meanTravelTime="107.00" meanSpeed="6.04" meanSpeedRelative="0.43" duration="2"/>
    <step time="17100.00" loaded="9487" inserted="9466" running="61" waiting="21" ended="9405" arrived="9405" collisions="0" teleports="0" halting="15" stopped="0" meanWaitingTime="26.45" meanTravelTime="107.10" meanSpeed="4.82" meanSpeedRelative="0.35" duration="2"/>
    <step time="17400.00" loaded="9669" inserted="9648" running="71" waiting="21" ended="9577" arrived="9577" collisions="0" teleports="0" halting="34" stopped="0" meanWaitingTime="26.55" meanTravelTime="107.19" meanSpeed="4.11" meanSpeedRelative="0.30" duration="2"/>
    <step time="17700.00" loaded="9842" inserted="9818" running="76" waiting="24" ended="9742" arrived="9742" collisions="0" teleports="0" halting="21" stopped="0" meanWaitingTime="26.78" meanTravelTime="107.65" meanSpeed="4.75" meanSpeedRelative="0.34" duration="2"/>
    <step time="18000.00" loaded="10006" inserted="9985" running="73" waiting="21" ended="9912" arrived="9912" collisions="0" teleports="0" halting="38" stopped="0" meanWaitingTime="27.09" meanTravelTime="108.22" meanSpeed="3.63" meanSpeedRelative="0.26" duration="2"/>
    <step time="18300.00" loaded="10191" inserted="10157" running="49" waiting="34" ended="10108" arrived="10108" collisions="0" teleports="0" halting="25" stopped="0" meanWaitingTime="27.23" meanTravelTime="108.60" meanSpeed="3.77" meanSpeedRelative="0.27" duration="2"/>
    <step time="18600.00" loaded="10351" inserted="10319" running="66" waiting="32" ended="10253" arrived="10253" collisions="0" teleports="0" halting="30" stopped="0" meanWaitingTime="27.80" meanTravelTime="108.49" meanSpeed="4.83" meanSpeedRelative="0.35" duration="2"/>
    <step time="18900.00" loaded="10537" inserted="10502" running="66" waiting="35" ended="10436" arrived="10436" collisions="0" teleports="0" halting="11" stopped="0" meanWaitingTime="28.15" meanTravelTime="108.60" meanSpeed="6.49" meanSpeedRelative="0.47" duration="2"/>
    <step time="19200.00" loaded="10715" inserted="10688" running="68" waiting="27" ended="10620" arrived="10620" collisions="0" teleports="0" halting="38" stopped="0" meanWaitingTime="28.42" meanTravelTime="108.54" meanSpeed="2.74" meanSpeedRelative="0.20" duration="1"/>
    <step time="19500.00" loaded="10924" inserted="10899" running="101" waiting="25" ended="10798" arrived="10798" collisions="0" teleports="0" halting="36" stopped="0" meanWaitingTime="28.69" meanTravelTime="108.77" meanSpeed="3.52" meanSpeedRelative="0.25" duration="3"/>
    <step time="19800.00" loaded="11103" inserted="11071" running="72" waiting="32" ended="10999" arrived="10999" collisions="0" teleports="0" halting="31" stopped="0" meanWaitingTime="28.97" meanTravelTime="109.21" meanSpeed="4.49" meanSpeedRelative="0.32" duration="2"/>
    <step time="20100.00" loaded="11297" inserted="11269" running="86" waiting="28" ended="11183" arrived="11183" collisions="0" teleports="0" halting="23" stopped="0" meanWaitingTime="29.39" meanTravelTime="109.37" meanSpeed="5.25" meanSpeedRelative="0.38" duration="2"/>
    <step time="20400.00" loaded="11465" inserted="11433" running="72" waiting="32" ended="11361" arrived="11361" collisions="0" teleports="0" halting="16" stopped="0" meanWaitingTime="29.79" meanTravelTime="109.50" meanSpeed="4.57" meanSpeedRelative="0.33" duration="2"/>
    <step time="20700.00" loaded="11638" inserted="11615" running="76" waiting="23" ended="11539" arrived="11539" collisions="0" teleports="0" halting="31" stopped="0" meanWaitingTime="30.18" meanTravelTime="109.63" meanSpeed="4.57" meanSpeedRelative="0.33" duration="2"/>
    <step time="21000.00" loaded="11821" inserted="11810" running="67" waiting="11" ended="11743" arrived="11743" collisions="0" teleports="0" halting="35" stopped="0" meanWaitingTime="30.36" meanTravelTime="109.56" meanSpeed="2.91" meanSpeedRelative="0.21" duration="1"/>
    <step time="21300.00" loaded="11980" inserted="11980" running="70" waiting="0" ended="11910" arrived="11910" collisions="0" teleports="0" halting="15" stopped="0" meanWaitingTime="30.10" meanTravelTime="109.54" meanSpeed="6.36" meanSpeedRelative="0.46" duration="2"/>
    <step time="21600.00" loaded="12200" inserted="12187" running="97" waiting="13" ended="12090" arrived="12090" collisions="0" teleports="0" halting="24" stopped="0" meanWaitingTime="29.79" meanTravelTime="109.71" meanSpeed="5.04" meanSpeedRelative="0.36" duration="2"/>
    <step time="21900.00" loaded="12383" inserted="12375" running="70" waiting="8" ended="12305" arrived="12305" collisions="0" teleports="0" halting="25" stopped="0" meanWaitingTime="29.49" meanTravelTime="109.80" meanSpeed="4.79" meanSpeedRelative="0.34" duration="4"/>
    <step time="22200.00" loaded="12571" inserted="12560" running="62" waiting="11" ended="12498" arrived="12498" collisions="0" teleports="0" halting="6" stopped="0" meanWaitingTime="29.22" meanTravelTime="109.65" meanSpeed="6.66" meanSpeedRelative="0.48" duration="2"/>
    <step time="22500.00" loaded="12745" inserted="12711" running="46" waiting="34" ended="12665" arrived="12665" collisions="0" teleports="0" halting="10" stopped="0" meanWaitingTime="29.11" meanTravelTime="109.69" meanSpeed="5.00" meanSpeedRelative="0.36" duration="2"/>
    <step time="22800.00" loaded="12941" inserted="12939" running="95" waiting="2" ended="12844" arrived="12844" collisions="0" teleports="0" halting="45" stopped="0" meanWaitingTime="29.06" meanTravelTime="109.58" meanSpeed="3.58" meanSpeedRelative="0.26" duration="2"/>
    <step time="23100.00" loaded="13129" inserted="13115" running="107" waiting="14" ended="13008" arrived="13008" collisions="0" teleports="0" halting="53" stopped="0" meanWaitingTime="28.84" meanTravelTime="110.35" meanSpeed="2.88" meanSpeedRelative="0.21" duration="2"/>
    <step time="23400.00" loaded="13316" inserted="13307" running="88" waiting="9" ended="13219" arrived="13219" collisions="0" teleports="0" halting="23" stopped="0" meanWaitingTime="28.74" meanTravelTime="110.88" meanSpeed="3.91" meanSpeedRelative="0.28" duration="2"/>
    <step time="23700.00" loaded="13548" inserted="13527" running="96" waiting="21" ended="13431" arrived="13431" collisions="0" teleports="0" halting="37" stopped="0" meanWaitingTime="28.49" meanTravelTime="111.10" meanSpeed="3.28" meanSpeedRelative="0.24" duration="2"/>
    <step time="24000.00" loaded="13725" inserted="13705" running="79" waiting="20" ended="13626" arrived="13626" collisions="0" teleports="0" halting="24" stopped="0" meanWaitingTime="28.44" meanTravelTime="111.54" meanSpeed="4.31" meanSpeedRelative="0.31" duration="3"/>
    <step time="24300.00" loaded="13933" inserted="13910" running="115" waiting="23" ended="13795" arrived="13795" collisions="0" teleports="0" halting="70" stopped="0" meanWaitingTime="28.55" meanTravelTime="111.67" meanSpeed="2.66" meanSpeedRelative="0.19" duration="3"/>
    <step time="24600.00" loaded="14156" inserted="14115" running="87" waiting="41" ended="14028" arrived="14028" collisions="0" teleports="0" halting="48" stopped="0" meanWaitingTime="28.73" meanTravelTime="112.17" meanSpeed="3.50" meanSpeedRelative="0.25" duration="4"/>
    <step time="24900.00" loaded="14369" inserted="14334" running="83" waiting="35" ended="14251" arrived="14251" collisions="0" teleports="0" halting="33" stopped="0" meanWaitingTime="29.24" meanTravelTime="112.37" meanSpeed="4.26" meanSpeedRelative="0.31" duration="3"/>
    <step time="25200.00" loaded="14562" inserted="14518" running="70" waiting="44" ended="14448" arrived="14448" collisions="0" teleports="0" halting="24" stopped="0" meanWaitingTime="29.45" meanTravelTime="112.39" meanSpeed="4.97" meanSpeedRelative="0.36" duration="2"/>
    <step time="25500.00" loaded="14739" inserted="14714" running="70" waiting="25" ended="14644" arrived="14644" collisions="0" teleports="0" halting="33" stopped="0" meanWaitingTime="29.82" meanTravelTime="112.61" meanSpeed="4.31" meanSpeedRelative="0.31" duration="2"/>
    <step time="25800.00" loaded="14970" inserted="14936" running="86" waiting="34" ended="14850" arrived="14850" collisions="0" teleports="0" halting="40" stopped="0" meanWaitingTime="30.01" meanTravelTime="112.54" meanSpeed="3.71" meanSpeedRelative="0.27" duration="3"/>
    <step time="26100.00" loaded="15183" inserted="15152" running="76" waiting="31" ended="15076" arrived="15076" collisions="0" teleports="0" halting="25" stopped="0" meanWaitingTime="30.31" meanTravelTime="112.56" meanSpeed="4.33" meanSpeedRelative="0.31" duration="3"/>
    <step time="26400.00" loaded="15375" inserted="15333" running="81" waiting="42" ended="15252" arrived="15252" collisions="0" teleports="0" halting="42" stopped="0" meanWaitingTime="30.57" meanTravelTime="112.55" meanSpeed="2.67" meanSpeedRelative="0.19" duration="2"/>
    <step time="26700.00" loaded="15592" inserted="15561" running="126" waiting="31" ended="15435" arrived="15435" collisions="0" teleports="0" halting="33" stopped="0" meanWaitingTime="31.06" meanTravelTime="112.49" meanSpeed="4.72" meanSpeedRelative="0.34" duration="3"/>
    <step time="27000.00" loaded="15811" inserted="15766" running="99" waiting="45" ended="15667" arrived="15667" collisions="0" teleports="0" halting="29" stopped="0" meanWaitingTime="31.37" meanTravelTime="113.17" meanSpeed="5.07" meanSpeedRelative="0.36" duration="2"/>
    <step time="27300.00" loaded="16034" inserted="15982" running="88" waiting="52" ended="15894" arrived="15894" collisions="0" teleports="0" halting="38" stopped="0" meanWaitingTime="31.80" meanTravelTime="113.11" meanSpeed="4.54" meanSpeedRelative="0.33" duration="1"/>
    <step time="27600.00" loaded="16231" inserted="16181" running="77" waiting="50" ended="16104" arrived="16104" collisions="0" teleports="0" halting="48" stopped="0" meanWaitingTime="32.29" meanTravelTime="113.12" meanSpeed="2.79" meanSpeedRelative="0.20" duration="2"/>
    <step time="27900.00" loaded="16437" inserted="16394" running="76" waiting="43" ended="16318" arrived="16318" collisions="0" teleports="0" halting="24" stopped="0" meanWaitingTime="32.78" meanTravelTime="113.01" meanSpeed="5.12" meanSpeedRelative="0.37" duration="2"/>
    <step time="28200.00" loaded="16660" inserted="16625" running="65" waiting="35" ended="16560" arrived="16560" collisions="0" teleports="0" halting="15" stopped="0" meanWaitingTime="33.17" meanTravelTime="112.97" meanSpeed="5.45" meanSpeedRelative="0.39" duration="3"/>
    <step time="28500.00" loaded="16859" inserted="16830" running="81" waiting="29" ended="16749" arrived="16749" collisions="0" teleports="0" halting="18" stopped="0" meanWaitingTime="33.42" meanTravelTime="112.93" meanSpeed="6.31" meanSpeedRelative="0.45" duration="2"/>
    <step time="28800.00" loaded="17074" inserted="17042" running="64" waiting="32" ended="16978" arrived="16978" collisions="0" teleports="0" halting="17" stopped="0" meanWaitingTime="33.45" meanTravelTime="112.94" meanSpeed="4.73" meanSpeedRelative="0.34" duration="2"/>
    <step time="29100.00" loaded="17297" inserted="17256" running="89" waiting="41" ended="17167" arrived="17167" collisions="0" teleports="0" halting="45" stopped="0" meanWaitingTime="33.46" meanTravelTime="113.06" meanSpeed="2.84" meanSpeedRelative="0.20" duration="2"/>
    <step time="29400.00" loaded="17499" inserted="17447" running="93" waiting="52" ended="17354" arrived="17354" collisions="0" teleports="0" halting="30" stopped="0" meanWaitingTime="33.74" meanTravelTime="113.20" meanSpeed="4.12" meanSpeedRelative="0.30" duration="2"/>
    <step time="29700.00" loaded="17680" inserted="17625" running="67" waiting="55" ended="17558" arrived="17558" collisions="0" teleports="0" halting="16" stopped="0" meanWaitingTime="33.83" meanTravelTime="113.55" meanSpeed="4.76" meanSpeedRelative="0.34" duration="3"/>
    <step time="30000.00" loaded="17856" inserted="17811" running="73" waiting="45" ended="17738" arrived="17738" collisions="0" teleports="0" halting="21" stopped="0" meanWaitingTime="34.48" meanTravelTime="113.58" meanSpeed="4.13" meanSpeedRelative="0.30" duration="2"/>
    <step time="30300.00" loaded="18056" inserted="18005" running="68" waiting="51" ended="17937" arrived="17937" collisions="0" teleports="0" halting="31" stopped="0" meanWaitingTime="35.03" meanTravelTime="113.73" meanSpeed="4.00" meanSpeedRelative="0.29" duration="1"/>
    <step time="30600.00" loaded="18269" inserted="18226" running="123" waiting="43" ended="18103" arrived="18103" collisions="0" teleports="0" halting="79" stopped="0" meanWaitingTime="35.52" meanTravelTime="113.52" meanSpeed="2.68" meanSpeedRelative="0.19" duration="4"/>
    <step time="30900.00" loaded="18489" inserted="18448" running="138" waiting="41" ended="18310" arrived="18310" collisions="0" teleports="0" halting="73" stopped="0" meanWaitingTime="35.78" meanTravelTime="113.84" meanSpeed="2.26" meanSpeedRelative="0.17" duration="2"/>
    <step time="31200.00" loaded="18660" inserted="18609" running="118" waiting="51" ended="18491" arrived="18491" collisions="0" teleports="0" halting="51" stopped="0" meanWaitingTime="35.90" meanTravelTime="114.99" meanSpeed="3.43" meanSpeedRelative="0.25" duration="3"/>
    <step time="31500.00" loaded="18838" inserted="18794" running="108" waiting="44" ended="18686" arrived="18686" collisions="0" teleports="0" halting="47" stopped="0" meanWaitingTime="36.21" meanTravelTime="116.01" meanSpeed="3.24" meanSpeedRelative="0.23" duration="3"/>
    <step time="31800.00" loaded="18996" inserted="18961" running="96" waiting="35" ended="18865" arrived="18865" collisions="0" teleports="0" halting="32" stopped="0" meanWaitingTime="36.57" meanTravelTime="116.74" meanSpeed="3.82" meanSpeedRelative="0.28" duration="2"/>
    <step time="32100.00" loaded="19180" inserted="19139" running="64" waiting="41" ended="19075" arrived="19075" collisions="0" teleports="0" halting="24" stopped="0" meanWaitingTime="36.92" meanTravelTime="117.00" meanSpeed="4.79" meanSpeedRelative="0.34" duration="2"/>
    <step time="32400.00" loaded="19347" inserted="19298" running="58" waiting="49" ended="19240" arrived="19240" collisions="0" teleports="0" halting="18" stopped="0" meanWaitingTime="37.16" meanTravelTime="116.98" meanSpeed="5.43" meanSpeedRelative="0.39" duration="1"/>
    <step time="32700.00" loaded="19524" inserted="19482" running="52" waiting="42" ended="19430" arrived="19430" collisions="0" teleports="0" halting="14" stopped="0" meanWaitingTime="37.47" meanTravelTime="116.86" meanSpeed="5.77" meanSpeedRelative="0.42" duration="2"/>
    <step time="33000.00" loaded="19691" inserted="19661" running="72" waiting="30" ended="19589" arrived="19589" collisions="0" teleports="0" halting="12" stopped="0" meanWaitingTime="37.76" meanTravelTime="116.74" meanSpeed="5.15" meanSpeedRelative="0.37" duration="2"/>
    <step time="33300.00" loaded="19822" inserted="19810" running="81" waiting="12" ended="19729" arrived="19729" collisions="0" teleports="0" halting="20" stopped="0" meanWaitingTime="37.90" meanTravelTime="116.88" meanSpeed="5.21" meanSpeedRelative="0.37" duration="2"/>
    <step time="33600.00" loaded="20014" inserted="19997" running="68" waiting="17" ended="19929" arrived="19929" collisions="0" teleports="0" halting="32" stopped="0" meanWaitingTime="37.81" meanTravelTime="116.84" meanSpeed="4.48" meanSpeedRelative="0.32" duration="2"/>
    <step time="33900.00" loaded="20171" inserted="20153" running="67" waiting="18" ended="20086" arrived="20086" collisions="0" teleports="0" halting="22" stopped="0" meanWaitingTime="37.71" meanTravelTime="116.76" meanSpeed="4.61" meanSpeedRelative="0.33" duration="4"/>
    <step time="34200.00" loaded="20329" inserted="20308" running="60" waiting="21" ended="20248" arrived="20248" collisions="0" teleports="0" halting="17" stopped="0" meanWaitingTime="37.65" meanTravelTime="116.83" meanSpeed="5.52" meanSpeedRelative="0.40" duration="1"/>
    <step time="34500.00" loaded="20497" inserted="20473" running="79" waiting="24" ended="20394" arrived="20394" collisions="0" teleports="0" halting="34" stopped="0" meanWaitingTime="37.72" meanTravelTime="116.78" meanSpeed="4.04" meanSpeedRelative="0.29" duration="2"/>
    <step time="34800.00" loaded="20650" inserted="20621" running="60" waiting="29" ended="20561" arrived="20561" collisions="0" teleports="0" halting="23" stopped="0" meanWaitingTime="37.86" meanTravelTime="117.03" meanSpeed="4.16" meanSpeedRelative="0.30" duration="1"/>
    <step time="35100.00" loaded="20787" inserted="20772" running="54" waiting="15" ended="20718" arrived="20718" collisions="0" teleports="0" halting="8" stopped="0" meanWaitingTime="37.97" meanTravelTime="116.97" meanSpeed="6.66" meanSpeedRelative="0.48" duration="2"/>
    <step time="35400.00" loaded="20923" inserted="20901" running="38" waiting="22" ended="20863" arrived="20863" collisions="0" teleports="0" halting="5" stopped="0" meanWaitingTime="37.89" meanTravelTime="116.89" meanSpeed="7.29" meanSpeedRelative="0.53" duration="1"/>
    <step time="35700.00" loaded="21065" inserted="21042" running="56" waiting="23" ended="20986" arrived="20986" collisions="0" teleports="0" halting="17" stopped="0" meanWaitingTime="37.95" meanTravelTime="116.86" meanSpeed="3.81" meanSpeedRelative="0.27" duration="2"/>
    <step time="36000.00" loaded="21221" inserted="21203" running="48" waiting="18" ended="21155" arrived="21155" collisions="0" teleports="0" halting="7" stopped="0" meanWaitingTime="38.09" meanTravelTime="116.88" meanSpeed="6.55" meanSpeedRelative="0.47" duration="1"/>
    <step time="36300.00" loaded="21393" inserted="21357" running="60" waiting="36" ended="21297" arrived="21297" collisions="0" teleports="0" halting="37" stopped="0" meanWaitingTime="38.22" meanTravelTime="116.66" meanSpeed="3.03" meanSpeedRelative="0.22" duration="3"/>
    <step time="36600.00" loaded="21542" inserted="21506" running="69" waiting="36" ended="21437" arrived="21437" collisions="0" teleports="0" halting="3" stopped="0" meanWaitingTime="38.42" meanTravelTime="116.69" meanSpeed="5.63" meanSpeedRelative="0.41" duration="2"/>
    <step time="36900.00" loaded="21679" inserted="21642" running="51" waiting="37" ended="21591" arrived="21591" collisions="0" teleports="0" halting="15" stopped="0" meanWaitingTime="38.61" meanTravelTime="116.89" meanSpeed="6.16" meanSpeedRelative="0.45" duration="2"/>
    <step time="37200.00" loaded="21800" inserted="21776" running="44" waiting="24" ended="21732" arrived="21732" collisions="0" teleports="0" halting="20" stopped="0" meanWaitingTime="38.80" meanTravelTime="116.77" meanSpeed="2.94" meanSpeedRelative="0.21" duration="1"/>
    <step time="37500.00" loaded="21940" inserted="21903" running="63" waiting="37" ended="21840" arrived="21840" collisions="0" teleports="0" halting="18" stopped="0" meanWaitingTime="38.97" meanTravelTime="116.87" meanSpeed="4.61" meanSpeedRelative="0.33" duration="3"/>
    <step time="37800.00" loaded="22092" inserted="22050" running="58" waiting="42" ended="21992" arrived="21992" collisions="0" teleports="0" halting="27" stopped="0" meanWaitingTime="39.23" meanTravelTime="116.95" meanSpeed="4.32" meanSpeedRelative="0.31" duration="2"/>
    <step time="38100.00" loaded="22238" inserted="22195" running="60" waiting="43" ended="22135" arrived="22135" collisions="0" teleports="0" halting="16" stopped="0" meanWaitingTime="39.44" meanTravelTime="116.94" meanSpeed="5.11" meanSpeedRelative="0.38" duration="1"/>
    <step time="38400.00" loaded="22364" inserted="22335" running="60" waiting="29" ended="22275" arrived="22275" collisions="0" teleports="0" halting="25" stopped="0" meanWaitingTime="39.72" meanTravelTime="116.96" meanSpeed="4.48" meanSpeedRelative="0.32" duration="2"/>
    <step time="38700.00" loaded="22461" inserted="22452" running="52" waiting="9" ended="22400" arrived="22400" collisions="0" teleports="0" halting="28" stopped="0" meanWaitingTime="39.89" meanTravelTime="116.99" meanSpeed="3.58" meanSpeedRelative="0.26" duration="1"/>
    <step time="39000.00" loaded="22567" inserted="22534" running="48" waiting="33" ended="22486" arrived="22486" collisions="0" teleports="0" halting="7" stopped="0" meanWaitingTime="40.03" meanTravelTime="117.09" meanSpeed="5.74" meanSpeedRelative="0.41" duration="1"/>
    <step time="39300.00" loaded="22692" inserted="22650" running="31" waiting="42" ended="22619" arrived="22619" collisions="0" teleports="0" halting="11" stopped="0" meanWaitingTime="40.28" meanTravelTime="117.13" meanSpeed="5.96" meanSpeedRelative="0.43" duration="1"/>
    <step time="39600.00" loaded="22804" inserted="22755" running="38" waiting="49" ended="22717" arrived="22717" collisions="0" teleports="0" halting="15" stopped="0" meanWaitingTime="40.55" meanTravelTime="117.03" meanSpeed="6.03" meanSpeedRelative="0.43" duration="1"/>
    <step time="39900.00" loaded="22926" inserted="22881" running="59" waiting="45" ended="22822" arrived="22822" collisions="0" teleports="0" halting="46" stopped="0" meanWaitingTime="41.01" meanTravelTime="116.95" meanSpeed="2.41" meanSpeedRelative="0.17" duration="1"/>
    <step time="40200.00" loaded="23015" inserted="22993" running="36" waiting="22" ended="22957" arrived="22957" collisions="0" teleports="0" halting="19" stopped="0" meanWaitingTime="41.52" meanTravelTime="117.03" meanSpeed="3.52" meanSpeedRelative="0.25" duration="1"/>
    <step time="40500.00" loaded="23118" inserted="23095" running="34" waiting="23" ended="23061" arrived="23061" collisions="0" teleports="0" halting="10" stopped="0" meanWaitingTime="41.61" meanTravelTime="117.04" meanSpeed="6.81" meanSpeedRelative="0.49" duration="1"/>
    <step time="40800.00" loaded="23227" inserted="23196" running="39" waiting="31" ended="23157" arrived="23157" collisions="0" teleports="0" halting="14" stopped="0" meanWaitingTime="41.86" meanTravelTime="116.96" meanSpeed="4.82" meanSpeedRelative="0.35" duration="2"/>
    <step time="41100.00" loaded="23310" inserted="23287" running="49" waiting="23" ended="23238" arrived="23238" collisions="0" teleports="0" halting="29" stopped="0" meanWaitingTime="42.02" meanTravelTime="117.00" meanSpeed="2.50" meanSpeedRelative="0.18" duration="2"/>
    <step time="41400.00" loaded="23374" inserted="23363" running="24" waiting="11" ended="23339" arrived="23339" collisions="0" teleports="0" halting="19" stopped="0" meanWaitingTime="42.10" meanTravelTime="117.24" meanSpeed="2.34" meanSpeedRelative="0.17" duration="0"/>
    <step time="41700.00" loaded="23475" inserted="23451" running="50" waiting="24" ended="23401" arrived="23401" collisions="0" teleports="0" halting="22" stopped="0" meanWaitingTime="42.23" meanTravelTime="117.27" meanSpeed="4.99" meanSpeedRelative="0.36" duration="3"/>
    <step time="42000.00" loaded="23556" inserted="23527" running="31" waiting="29" ended="23496" arrived="23496" collisions="0" teleports="0" halting="9" stopped="0" meanWaitingTime="42.40" meanTravelTime="117.45" meanSpeed="4.68" meanSpeedRelative="0.34" duration="1"/>
    <step time="42300.00" loaded="23662" inserted="23637" running="38" waiting="25" ended="23599" arrived="23599" collisions="0" teleports="0" halting="10" stopped="0" meanWaitingTime="42.63" meanTravelTime="117.37" meanSpeed="5.50" meanSpeedRelative="0.40" duration="1"/>
    <step time="42600.00" loaded="23773" inserted="23737" running="50" waiting="36" ended="23687" arrived="23687" collisions="0" teleports="0" halting="8" stopped="0" meanWaitingTime="42.83" meanTravelTime="117.36" meanSpeed="6.20" meanSpeedRelative="0.45" duration="1"/>
    <step time="42900.00" loaded="23874" inserted="23851" running="53" waiting="23" ended="23798" arrived="23798" collisions="0" teleports="0" halting="23" stopped="0" meanWaitingTime="43.09" meanTravelTime="117.47" meanSpeed="4.42" meanSpeedRelative="0.32" duration="1"/>
    <step time="43200.00" loaded="23975" inserted="23939" running="25" waiting="36" ended="23914" arrived="23914" collisions="0" teleports="0" halting="10" stopped="0" meanWaitingTime="43.20" meanTravelTime="117.55" meanSpeed="4.80" meanSpeedRelative="0.35" duration="0"/>
    <step time="43500.00" loaded="24052" inserted="24026" running="33" waiting="26" ended="23993" arrived="23993" collisions="0" teleports="0" halting="8" stopped="0" meanWaitingTime="43.35" meanTravelTime="117.51" meanSpeed="7.84" meanSpeedRelative="0.56" duration="1"/>
    <step time="43800.00" loaded="24153" inserted="24115" running="43" waiting="38" ended="24072" arrived="24072" collisions="0" teleports="0" halting="24" stopped="0" meanWaitingTime="43.56" meanTravelTime="117.46" meanSpeed="3.43" meanSpeedRelative="0.27" duration="2"/>
    <step time="44100.00" loaded="24260" inserted="24226" running="52" waiting="34" ended="24174" arrived="24174" collisions="0" teleports="0" halting="27" stopped="0" meanWaitingTime="43.82" meanTravelTime="117.48" meanSpeed="3.65" meanSpeedRelative="0.26" duration="1"/>
    <step time="44400.00" loaded="24369" inserted="24323" running="74" waiting="46" ended="24249" arrived="24249" collisions="0" teleports="0" halting="60" stopped="0" meanWaitingTime="44.13" meanTravelTime="117.46" meanSpeed="0.84" meanSpeedRelative="0.06" duration="1"/>
    <step time="44700.00" loaded="24472" inserted="24413" running="51" waiting="59" ended="24362" arrived="24362" collisions="0" teleports="0" halting="8" stopped="0" meanWaitingTime="44.57" meanTravelTime="118.00" meanSpeed="4.88" meanSpeedRelative="0.35" duration="0"/>
    <step time="45000.00" loaded="24576" inserted="24521" running="54" waiting="55" ended="24467" arrived="24467" collisions="0" teleports="0" halting="7" stopped="0" meanWaitingTime="45.07" meanTravelTime="118.20" meanSpeed="5.70" meanSpeedRelative="0.41" duration="1"/>
    <step time="45300.00" loaded="24666" inserted="24621" running="63" waiting="45" ended="24558" arrived="24558" collisions="0" teleports="0" halting="16" stopped="0" meanWaitingTime="45.41" meanTravelTime="118.39" meanSpeed="4.53" meanSpeedRelative="0.33" duration="2"/>
    <step time="45600.00" loaded="24749" inserted="24687" running="37" waiting="62" ended="24650" arrived="24650" collisions="0" teleports="0" halting="23" stopped="0" meanWaitingTime="45.62" meanTravelTime="118.73" meanSpeed="3.29" meanSpeedRelative="0.24" duration="1"/>
    <step time="45900.00" loaded="24835" inserted="24739" running="34" waiting="96" ended="24705" arrived="24705" collisions="0" teleports="0" halting="30" stopped="0" meanWaitingTime="46.04" meanTravelTime="118.82" meanSpeed="0.99" meanSpeedRelative="0.07" duration="1"/>
    <step time="46200.00" loaded="24916" inserted="24816" running="56" waiting="100" ended="24760" arrived="24760" collisions="0" teleports="0" halting="50" stopped="0" meanWaitingTime="46.80" meanTravelTime="118.70" meanSpeed="0.77" meanSpeedRelative="0.06" duration="1"/>
    <step time="46500.00" loaded="24964" inserted="24888" running="75" waiting="76" ended="24813" arrived="24813" collisions="0" teleports="0" halting="70" stopped="0" meanWaitingTime="47.61" meanTravelTime="118.59" meanSpeed="0.45" meanSpeedRelative="0.03" duration="1"/>
    <step time="46800.00" loaded="24984" inserted="24947" running="100" waiting="37" ended="24847" arrived="24847" collisions="0" teleports="0" halting="99" stopped="0" meanWaitingTime="48.34" meanTravelTime="118.50" meanSpeed="0.12" meanSpeedRelative="0.01" duration="2"/>
    <step time="47100.00" loaded="25002" inserted="24965" running="96" waiting="37" ended="24869" arrived="24869" collisions="0" teleports="0" halting="93" stopped="0" meanWaitingTime="48.30" meanTravelTime="118.42" meanSpeed="0.18" meanSpeedRelative="0.01" duration="2"/>
    <step time="47400.00" loaded="25018" inserted="24981" running="96" waiting="37" ended="24885" arrived="24885" collisions="0" teleports="0" halting="96" stopped="0" meanWaitingTime="48.27" meanTravelTime="118.37" meanSpeed="0.00" meanSpeedRelative="0.00" duration="1"/>
    <step time="47700.00" loaded="25032" inserted="24995" running="99" waiting="37" ended="24896" arrived="24896" collisions="0" teleports="0" halting="99" stopped="0" meanWaitingTime="48.24" meanTravelTime="118.34" meanSpeed="0.00" meanSpeedRelative="0.00" duration="2"/>
    <step time="48000.00" loaded="25045" inserted="25008" running="100" waiting="37" ended="24908" arrived="24908" collisions="0" teleports="0" halting="99" stopped="0" meanWaitingTime="48.22" meanTravelTime="118.30" meanSpeed="0.06" meanSpeedRelative="0.00" duration="2"/>
    <step time="48300.00" loaded="25060" inserted="25023" running="100" waiting="37" ended="24923" arrived="24923" collisions="0" teleports="0" halting="99" stopped="0" meanWaitingTime="48.19" meanTravelTime="118.26" meanSpeed="0.03" meanSpeedRelative="0.00" duration="2"/>
    <step time="48600.00" loaded="25076" inserted="25039" running="101" waiting="37" ended="24938" arrived="24938" collisions="0" teleports="0" halting="99" stopped="0" meanWaitingTime="48.16" meanTravelTime="118.20" meanSpeed="0.14" meanSpeedRelative="0.01" duration="2"/>
    <step time="48900.00" loaded="25091" inserted="25054" running="105" waiting="37" ended="24949" arrived="24949" collisions="0" teleports="0" halting="104" stopped="0" meanWaitingTime="48.13" meanTravelTime="118.16" meanSpeed="0.03" meanSpeedRelative="0.00" duration="1"/>
    <step time="49200.00" loaded="25100" inserted="25063" running="99" waiting="37" ended="24964" arrived="24964" collisions="0" teleports="0" halting="99" stopped="0" meanWaitingTime="48.11" meanTravelTime="118.13" meanSpeed="0.00" meanSpeedRelative="0.00" duration="2"/>
</summary>
