<?xml version="1.0" encoding="UTF-8"?>

<!-- generated on 2025-02-28 18:20:07 by Eclipse SUMO GUI Version 1.19.0
<configuration xmlns:xsi="http://www.w3.org/2001/XMLSchema-instance" xsi:noNamespaceSchemaLocation="http://sumo.dlr.de/xsd/sumoConfiguration.xsd">

    <input>
        <net-file value="Network.net.xml"/>
        <route-files value="CarRoutes.rou.xml"/>
        <additional-files value="Sensors.add.xml"/>
    </input>

    <output>
        <emission-output value="logs/Emissions.xml"/>
        <summary-output value="logs/Log_summary.xml"/>
        <summary-output.period value="300"/>
        <tripinfo-output value="logs/TripInfos.xml"/>
    </output>

    <time>
        <begin value="0"/>
        <end value="86400"/>
        <step-length value="0.25"/>
    </time>

    <processing>
        <ignore-junction-blocker value="0.1"/>
        <time-to-teleport value="-1"/>
    </processing>

    <report>
        <verbose value="true"/>
        <no-step-log value="true"/>
    </report>

    <emissions>
        <device.emissions.period value="10"/>
    </emissions>

    <traci_server>
        <remote-port value="58328"/>
    </traci_server>

    <gui_only>
        <quit-on-end value="true"/>
        <start value="true"/>
    </gui_only>

</configuration>
-->

<instantE1 xmlns:xsi="http://www.w3.org/2001/XMLSchema-instance" xsi:noNamespaceSchemaLocation="http://sumo.dlr.de/xsd/instant_e1_file.xsd">
    <instantOut id="212_D1" time="3141.81" state="enter" vehID="Car_2478" speed="5.95" length="5.00" type="DEFAULT_CAR"/>
    <instantOut id="212_D1" time="3142.00" state="stay" vehID="Car_2478" speed="5.95" length="5.00" type="DEFAULT_CAR"/>
    <instantOut id="212_D1" time="3142.25" state="stay" vehID="Car_2478" speed="6.90" length="5.00" type="DEFAULT_CAR"/>
    <instantOut id="212_D1" time="3142.50" state="stay" vehID="Car_2478" speed="6.88" length="5.00" type="DEFAULT_CAR"/>
    <instantOut id="212_D1" time="3142.56" state="leave" vehID="Car_2478" speed="6.86" length="5.00" type="DEFAULT_CAR" occupancy="0.75"/>
    <instantOut id="212_D1" time="5044.82" state="enter" vehID="Car_2479" speed="4.56" length="5.00" type="DEFAULT_CAR" gap="1902.26"/>
    <instantOut id="212_D1" time="5045.00" state="stay" vehID="Car_2479" speed="4.56" length="5.00" type="DEFAULT_CAR"/>
    <instantOut id="212_D1" time="5045.25" state="stay" vehID="Car_2479" speed="3.81" length="5.00" type="DEFAULT_CAR"/>
    <instantOut id="212_D1" time="5045.50" state="stay" vehID="Car_2479" speed="3.06" length="5.00" type="DEFAULT_CAR"/>
    <instantOut id="212_D1" time="5045.75" state="stay" vehID="Car_2479" speed="2.53" length="5.00" type="DEFAULT_CAR"/>
    <instantOut id="212_D1" time="5046.00" state="stay" vehID="Car_2479" speed="1.78" length="5.00" type="DEFAULT_CAR"/>
    <instantOut id="212_D1" time="5046.25" state="stay" vehID="Car_2479" speed="1.11" length="5.00" type="DEFAULT_CAR"/>
    <instantOut id="212_D1" time="5046.50" state="stay" vehID="Car_2479" speed="0.36" length="5.00" type="DEFAULT_CAR"/>
    <instantOut id="212_D1" time="5046.75" state="stay" vehID="Car_2479" speed="0.04" length="5.00" type="DEFAULT_CAR"/>
    <instantOut id="212_D1" time="5047.00" state="stay" vehID="Car_2479" speed="0.01" length="5.00" type="DEFAULT_CAR"/>
    <instantOut id="212_D1" time="5047.25" state="stay" vehID="Car_2479" speed="0.00" length="5.00" type="DEFAULT_CAR"/>
    <instantOut id="212_D1" time="5047.50" state="stay" vehID="Car_2479" speed="0.00" length="5.00" type="DEFAULT_CAR"/>
    <instantOut id="212_D1" time="5047.75" state="stay" vehID="Car_2479" speed="0.00" length="5.00" type="DEFAULT_CAR"/>
    <instantOut id="212_D1" time="5048.00" state="stay" vehID="Car_2479" speed="0.94" length="5.00" type="DEFAULT_CAR"/>
    <instantOut id="212_D1" time="5048.25" state="stay" vehID="Car_2479" speed="1.73" length="5.00" type="DEFAULT_CAR"/>
    <instantOut id="212_D1" time="5048.38" state="leave" vehID="Car_2479" speed="2.59" length="5.00" type="DEFAULT_CAR" occupancy="3.56"/>
    <instantOut id="212_D1" time="6204.76" state="enter" vehID="Car_5032" speed="6.16" length="5.00" type="DEFAULT_CAR" gap="1156.38"/>
    <instantOut id="212_D1" time="6205.00" state="stay" vehID="Car_5032" speed="6.16" length="5.00" type="DEFAULT_CAR"/>
    <instantOut id="212_D1" time="6205.25" state="stay" vehID="Car_5032" speed="6.68" length="5.00" type="DEFAULT_CAR"/>
    <instantOut id="212_D1" time="6205.50" state="stay" vehID="Car_5032" speed="5.93" length="5.00" type="DEFAULT_CAR"/>
    <instantOut id="212_D1" time="6205.57" state="leave" vehID="Car_5032" speed="5.69" length="5.00" type="DEFAULT_CAR" occupancy="0.81"/>
    <instantOut id="212_D1" time="7981.88" state="enter" vehID="Car_5033" speed="4.73" length="5.00" type="DEFAULT_CAR" gap="1776.31"/>
    <instantOut id="212_D1" time="7982.00" state="stay" vehID="Car_5033" speed="4.73" length="5.00" type="DEFAULT_CAR"/>
    <instantOut id="212_D1" time="7982.25" state="stay" vehID="Car_5033" speed="3.98" length="5.00" type="DEFAULT_CAR"/>
    <instantOut id="212_D1" time="7982.50" state="stay" vehID="Car_5033" speed="3.37" length="5.00" type="DEFAULT_CAR"/>
    <instantOut id="212_D1" time="7982.75" state="stay" vehID="Car_5033" speed="2.62" length="5.00" type="DEFAULT_CAR"/>
    <instantOut id="212_D1" time="7983.00" state="stay" vehID="Car_5033" speed="1.92" length="5.00" type="DEFAULT_CAR"/>
    <instantOut id="212_D1" time="7983.25" state="stay" vehID="Car_5033" speed="1.30" length="5.00" type="DEFAULT_CAR"/>
    <instantOut id="212_D1" time="7983.50" state="stay" vehID="Car_5033" speed="0.56" length="5.00" type="DEFAULT_CAR"/>
    <instantOut id="212_D1" time="7983.75" state="stay" vehID="Car_5033" speed="0.00" length="5.00" type="DEFAULT_CAR"/>
    <instantOut id="212_D1" time="7984.00" state="stay" vehID="Car_5033" speed="0.00" length="5.00" type="DEFAULT_CAR"/>
    <instantOut id="212_D1" time="7984.25" state="stay" vehID="Car_5033" speed="0.00" length="5.00" type="DEFAULT_CAR"/>
    <instantOut id="212_D1" time="7984.50" state="stay" vehID="Car_5033" speed="0.00" length="5.00" type="DEFAULT_CAR"/>
    <instantOut id="212_D1" time="7984.75" state="stay" vehID="Car_5033" speed="0.00" length="5.00" type="DEFAULT_CAR"/>
    <instantOut id="212_D1" time="7985.00" state="stay" vehID="Car_5033" speed="0.00" length="5.00" type="DEFAULT_CAR"/>
    <instantOut id="212_D1" time="7985.25" state="stay" vehID="Car_5033" speed="0.00" length="5.00" type="DEFAULT_CAR"/>
    <instantOut id="212_D1" time="7985.50" state="stay" vehID="Car_5033" speed="0.00" length="5.00" type="DEFAULT_CAR"/>
    <instantOut id="212_D1" time="7985.75" state="stay" vehID="Car_5033" speed="0.00" length="5.00" type="DEFAULT_CAR"/>
    <instantOut id="212_D1" time="7986.00" state="stay" vehID="Car_5033" speed="0.00" length="5.00" type="DEFAULT_CAR"/>
    <instantOut id="212_D1" time="7986.25" state="stay" vehID="Car_5033" speed="0.00" length="5.00" type="DEFAULT_CAR"/>
    <instantOut id="212_D1" time="7986.50" state="stay" vehID="Car_5033" speed="0.00" length="5.00" type="DEFAULT_CAR"/>
    <instantOut id="212_D1" time="7986.75" state="stay" vehID="Car_5033" speed="0.00" length="5.00" type="DEFAULT_CAR"/>
    <instantOut id="212_D1" time="7987.00" state="stay" vehID="Car_5033" speed="0.00" length="5.00" type="DEFAULT_CAR"/>
    <instantOut id="212_D1" time="7987.25" state="stay" vehID="Car_5033" speed="0.00" length="5.00" type="DEFAULT_CAR"/>
    <instantOut id="212_D1" time="7987.50" state="stay" vehID="Car_5033" speed="0.00" length="5.00" type="DEFAULT_CAR"/>
    <instantOut id="212_D1" time="7987.75" state="stay" vehID="Car_5033" speed="0.00" length="5.00" type="DEFAULT_CAR"/>
    <instantOut id="212_D1" time="7988.00" state="stay" vehID="Car_5033" speed="0.00" length="5.00" type="DEFAULT_CAR"/>
    <instantOut id="212_D1" time="7988.25" state="stay" vehID="Car_5033" speed="0.00" length="5.00" type="DEFAULT_CAR"/>
    <instantOut id="212_D1" time="7988.50" state="stay" vehID="Car_5033" speed="0.00" length="5.00" type="DEFAULT_CAR"/>
    <instantOut id="212_D1" time="7988.75" state="stay" vehID="Car_5033" speed="0.00" length="5.00" type="DEFAULT_CAR"/>
    <instantOut id="212_D1" time="7989.00" state="stay" vehID="Car_5033" speed="0.00" length="5.00" type="DEFAULT_CAR"/>
    <instantOut id="212_D1" time="7989.25" state="stay" vehID="Car_5033" speed="0.00" length="5.00" type="DEFAULT_CAR"/>
    <instantOut id="212_D1" time="7989.50" state="stay" vehID="Car_5033" speed="0.00" length="5.00" type="DEFAULT_CAR"/>
    <instantOut id="212_D1" time="7989.75" state="stay" vehID="Car_5033" speed="0.00" length="5.00" type="DEFAULT_CAR"/>
    <instantOut id="212_D1" time="7990.00" state="stay" vehID="Car_5033" speed="0.00" length="5.00" type="DEFAULT_CAR"/>
    <instantOut id="212_D1" time="7990.25" state="stay" vehID="Car_5033" speed="0.92" length="5.00" type="DEFAULT_CAR"/>
    <instantOut id="212_D1" time="7990.50" state="stay" vehID="Car_5033" speed="1.82" length="5.00" type="DEFAULT_CAR"/>
    <instantOut id="212_D1" time="7990.61" state="leave" vehID="Car_5033" speed="2.76" length="5.00" type="DEFAULT_CAR" occupancy="8.73"/>
    <instantOut id="212_D1" time="13467.81" state="enter" vehID="Car_7940" speed="6.04" length="5.00" type="DEFAULT_CAR" gap="5477.19"/>
    <instantOut id="212_D1" time="13468.00" state="stay" vehID="Car_7940" speed="6.04" length="5.00" type="DEFAULT_CAR"/>
    <instantOut id="212_D1" time="13468.25" st