<?xml version="1.0" encoding="UTF-8"?>

<!-- generated on 2025-02-28 18:20:07 by Eclipse SUMO GUI Version 1.19.0
<configuration xmlns:xsi="http://www.w3.org/2001/XMLSchema-instance" xsi:noNamespaceSchemaLocation="http://sumo.dlr.de/xsd/sumoConfiguration.xsd">

    <input>
        <net-file value="Network.net.xml"/>
        <route-files value="CarRoutes.rou.xml"/>
        <additional-files value="Sensors.add.xml"/>
    </input>

    <output>
        <emission-output value="logs/Emissions.xml"/>
        <summary-output value="logs/Log_summary.xml"/>
        <summary-output.period value="300"/>
        <tripinfo-output value="logs/TripInfos.xml"/>
    </output>

    <time>
        <begin value="0"/>
        <end value="86400"/>
        <step-length value="0.25"/>
    </time>

    <processing>
        <ignore-junction-blocker value="0.1"/>
        <time-to-teleport value="-1"/>
    </processing>

    <report>
        <verbose value="true"/>
        <no-step-log value="true"/>
    </report>

    <emissions>
        <device.emissions.period value="10"/>
    </emissions>

    <traci_server>
        <remote-port value="58328"/>
    </traci_server>

    <gui_only>
        <quit-on-end value="true"/>
        <start value="true"/>
    </gui_only>

</configuration>
-->

<instantE1 xmlns:xsi="http://www.w3.org/2001/XMLSchema-instance" xsi:noNamespaceSchemaLocation="http://sumo.dlr.de/xsd/instant_e1_file.xsd">
    <instantOut id="235_D81" time="281.37" state="enter" vehID="Car_385" speed="5.17" length="5.00" type="DEFAULT_CAR"/>
    <instantOut id="235_D81" time="281.50" state="stay" vehID="Car_385" speed="5.17" length="5.00" type="DEFAULT_CAR"/>
    <instantOut id="235_D81" time="281.75" state="stay" vehID="Car_385" speed="6.12" length="5.00" type="DEFAULT_CAR"/>
    <instantOut id="235_D81" time="282.00" state="stay" vehID="Car_385" speed="7.03" length="5.00" type="DEFAULT_CAR"/>
    <instantOut id="235_D81" time="282.16" state="leave" vehID="Car_385" speed="6.28" length="5.00" type="DEFAULT_CAR" occupancy="0.80"/>
    <instantOut id="235_D81" time="292.33" state="enter" vehID="Car_386" speed="4.94" length="5.00" type="DEFAULT_CAR" gap="10.17"/>
    <instantOut id="235_D81" time="292.50" state="stay" vehID="Car_386" speed="4.94" length="5.00" type="DEFAULT_CAR"/>
    <instantOut id="235_D81" time="292.75" state="stay" vehID="Car_386" speed="5.89" length="5.00" type="DEFAULT_CAR"/>
    <instantOut id="235_D81" time="293.00" state="stay" vehID="Car_386" speed="6.84" length="5.00" type="DEFAULT_CAR"/>
    <instantOut id="235_D81" time="293.13" state="leave" vehID="Car_386" speed="7.43" length="5.00" type="DEFAULT_CAR" occupancy="0.80"/>
    <instantOut id="235_D81" time="966.86" state="enter" vehID="Car_387" speed="4.88" length="5.00" type="DEFAULT_CAR" gap="673.73"/>
    <instantOut id="235_D81" time="967.00" state="stay" vehID="Car_387" speed="4.88" length="5.00" type="DEFAULT_CAR"/>
    <instantOut id="235_D81" time="967.25" state="stay" vehID="Car_387" speed="4.16" length="5.00" type="DEFAULT_CAR"/>
    <instantOut id="235_D81" time="967.50" state="stay" vehID="Car_387" speed="3.41" length="5.00" type="DEFAULT_CAR"/>
    <instantOut id="235_D81" time="967.75" state="stay" vehID="Car_387" speed="2.84" length="5.00" type="DEFAULT_CAR"/>
    <instantOut id="235_D81" time="968.00" state="stay" vehID="Car_387" speed="2.15" length="5.00" type="DEFAULT_CAR"/>
    <instantOut id="235_D81" time="968.25" state="stay" vehID="Car_387" speed="1.46" length="5.00" type="DEFAULT_CAR"/>
    <instantOut id="235_D81" time="968.50" state="stay" vehID="Car_387" speed="0.94" length="5.00" type="DEFAULT_CAR"/>
    <instantOut id="235_D81" time="968.75" state="stay" vehID="Car_387" speed="0.33" length="5.00" type="DEFAULT_CAR"/>
    <instantOut id="235_D81" time="969.00" state="stay" vehID="Car_387" speed="0.01" length="5.00" type="DEFAULT_CAR"/>
    <instantOut id="235_D81" time="969.25" state="stay" vehID="Car_387" speed="0.00" length="5.00" type="DEFAULT_CAR"/>
    <instantOut id="235_D81" time="969.50" state="stay" vehID="Car_387" speed="0.00" length="5.00" type="DEFAULT_CAR"/>
    <instantOut id="235_D81" time="969.75" state="stay" vehID="Car_387" speed="0.00" length="5.00" type="DEFAULT_CAR"/>
    <instantOut id="235_D81" time="970.00" state="stay" vehID="Car_387" speed="0.00" length="5.00" type="DEFAULT_CAR"/>
    <instantOut id="235_D81" time="970.25" state="stay" vehID="Car_387" speed="0.00" length="5.00" type="DEFAULT_CAR"/>
    <instantOut id="235_D81" time="970.50" state="stay" vehID="Car_387" speed="0.00" length="5.00" type="DEFAULT_CAR"/>
    <instantOut id="235_D81" time="970.75" state="stay" vehID="Car_387" speed="0.56" length="5.00" type="DEFAULT_CAR"/>
    <instantOut id="235_D81" time="971.00" state="stay" vehID="Car_387" speed="0.95" length="5.00" type="DEFAULT_CAR"/>
    <instantOut id="235_D81" time="971.07" state="leave" vehID="Car_387" speed="1.39" length="5.00" type="DEFAULT_CAR" occupancy="4.22"/>
    <instantOut id="235_D81" time="1484.91" state="enter" vehID="Car_388" speed="5.16" length="5.00" type="DEFAULT_CAR" gap="513.83"/>
    <instantOut id="235_D81" time="1485.00" state="stay" vehID="Car_388" speed="5.16" length="5.00" type="DEFAULT_CAR"/>
    <instantOut id="235_D81" time="1485.25" state="stay" vehID="Car_388" speed="5.30" length="5.00" type="DEFAULT_CAR"/>
    <instantOut id="235_D81" time="1485.50" state="stay" vehID="Car_388" speed="5.43" length="5.00" type="DEFAULT_CAR"/>
    <instantOut id="235_D81" time="1485.75" state="stay" vehID="Car_388" speed="5.34" length="5.00" type="DEFAULT_CAR"/>
    <instantOut id="235_D81" time="1485.86" state="leave" vehID="Car_388" speed="4.59" length="5.00" type="DEFAULT_CAR" occupancy="0.95"/>
    <instantOut id="235_D81" time="3081.84" state="enter" vehID="Car_2480" speed="4.96" length="5.00" type="DEFAULT_CAR" gap="1595.98"/>
    <instantOut id="235_D81" time="3082.00" state="stay" vehID="Car_2480" speed="4.96" length="5.00" type="DEFAULT_CAR"/>
    <instantOut id="235_D81" time="3082.25" state="stay" vehID="Car_2480" speed="5.91" length="5.00" type="DEFAULT_CAR"/>
    <instantOut id="235_D81" time="3082.50" state="stay" vehID="Car_2480" speed="6.86" length="5.00" type="DEFAULT_CAR"/>
    <instantOut id="235_D81" time="3082.64" state="leave" vehID="Car_2480" speed="7.44" length="5.00" type="DEFAULT_CAR" occupancy="0.79"/>
    <instantOut id="235_D81" time="3755.77" state="enter" vehID="Car_2481" speed="4.81" length="5.00" type="DEFAULT_CAR" gap="673.13"/>
    <instantOut id="235_D81" time="3756.00" state="stay" vehID="Car_2481" speed="4.81" length="5.00" type="DEFAULT_CAR"/>
    <instantOut id="235_D81" time="3756.25" state="stay" vehID="Car_2481" speed="5.76" length="5.00" type="DEFAULT_CAR"/>
    <instantOut id="235_D81" time="3756.50" state="stay" vehID="Car_2481" speed="6.71" length="5.00" type="DEFAULT_CAR"/>
    <instantOut id="235_D81" time="3756.60" state="leave" vehID="Car_2481" speed="7.58" length="5.00" type="DEFAULT_CAR" occupancy="0.83"/>
    <instantOut id="235_D81" time="3758.44" state="enter" vehID="Car_2482" speed="5.11" length="5.00" type="DEFAULT_CAR" gap="1.83"/>
    <instantOut id="235_D81" time="3758.50" state="stay" vehID="Car_2482" speed="5.11" length="5.00" type="DEFAULT_CAR"/>
    <instantOut id="235_D81" time="3758.75" state="stay" vehID="Car_2482" speed="6.06" length="5.00" type="DEFAULT_CAR"/>
    <instantOut id="235_D81" time="3759.00" state="stay" vehID="Car_2482" speed="6.28" length="5.00" type="DEFAULT_CAR"/>
    <instantOut id="235_D81" time="3759.25" state="stay" vehID="Car_2482" speed="5.59" length="5.00" type="DEFAULT_CAR"/>
    <instantOut id="235_D81" time="3759.29" state="leave" vehID="Car_2482" speed="5.46" length="5.00" type="DEFAULT_CAR" occupancy="0.85"/>
    <instantOut id="235_D81" time="4096.57" state="enter" vehID="Car_2483" speed="5.02" length="5.00" type="DEFAULT_CAR" gap="337.29"/>
    <instantOut id="235_D81" time="4096.75" state="stay" vehID="Car_2483" speed="5.02" length="5.00" type="DEFAULT_CAR"/>
    <instantOut id="235_D81" time="4097.00" state="stay" vehID="Car_2483" speed="5.97" length="5.00" type="DEFAULT_CAR"/>
    <instantOut id="235_D81" time="4097.25" state="stay" vehID="Car_2483" speed="6.92" length="5.00" type="DEFAULT_CAR"/>
    <instantOut id="235_D81" time="4097.36" state="leave" vehID="Car_2483" speed="7.81" length="5.00" type="DEFAULT_CAR" occupancy="0.79"/>
    <instantOut id="235_D81" time="5030.58" state="enter" vehID="Car_2484" speed="4.93" length="5.00" type="DEFAULT_CAR" gap="933.22"/>
    <instantOut id="235_D81" time="5030.75" state="stay" vehID="Car_2484" speed="4.93" length="5.00" type="DEFAULT_CAR"/>
    <instantOut id="235_D81" time="5031.00" state="stay" vehID="Car_2484" speed="5.88" length="5.00" type="DEFAULT_CAR"/>
    <instantOut id="235_D81" time="5031.25" state="stay" vehID="Car_2484" speed="6.83" length="5.00" type="DEFAULT_CAR"/>
    <instantOut id="235_D81" time="5031.38" state="leave" vehID="Car_2484" speed="7.57" length="5.00" type="DEFAULT_CAR" occupancy="0.80"/>
    <instantOut id="235_D81" time="5726.90" state="enter" vehID="Car_2485" speed="5.23" length="5.00" type="DEFAULT_CAR" gap="695.52"/>
    <instantOut id="235_D81" time="5727.00" state="stay" vehID="Car_2485" speed="5.23" length="5.00" type="DEFAULT_CAR"/>
    <instantOut id="235_D81" time="5727.25" state="stay" vehID="Car_2485" speed="6.18" length="5.00" type="DEFAULT_CAR"/>
    <instantOut id="235_D81" time="5727.50" state="stay" vehID="Car_2485" speed="6.83" length="5.00" type="DEFAULT_CAR"/>
    <instantOut id="235_D81" time="5727.70" state="leave" vehID="Car_2485" speed="6.08" length="5.00" type="DEFAULT_CAR" occupancy="0.80"/>
    <instantOut id="235_D81" time="6032.84" state="enter" vehID="Car_2486" speed="5.07" length="5.00" type="DEFAULT_CAR" gap="305.14"/>
    <instantOut id="235_D81" time="6033.00" state="stay" vehID="Car_2486" speed="5.07" length="5.00" type="DEFAULT_CAR"/>
    <instantOut id="235_D81" time="6033.25" state="stay" vehID="Car_2486" speed="5.78" length="5.00" type="DEFAULT_CAR"/>
    <instantOut id="235_D81" time="6033.50" state="stay" vehID="Car_2486" speed="6.73" length="5.00" type="DEFAULT_CAR"/>
    <instantOut id="235_D81" time="6033.66" state="leave" vehID="Car_2486" speed="6.60" length="5.00" type="DEFAULT_CAR" occupancy="0.82"/>
    <instantOut id="235_D81" time="7242.89" state="enter" vehID="Car_5034" speed="5.16" length="5.00" type="DEFAULT_CAR" gap="1209.23"/>
    <instantOut id="235_D81" time="7243.00" state="stay" vehID="Car_5034" speed="5.16" length="5.00" type="DEFAULT_CAR"/>
    <instantOut id="235_D81" time="7243.25" state="stay" vehID="Car_5034" speed="6.11" length="5.00" type="DEFAULT_CAR"/>
    <instantOut id="235_D81" time="7243.50" state="stay" vehID="Car_5034" speed="7.06" length="5.00" type="DEFAULT_CAR"/>
    <instantOut id="235_D81" time="7243.64" state="leave" vehID="Car_5034" speed="7.96" length="5.00" type="DEFAULT_CAR" occupancy="0.75"/>
    <instantOut id="235_D81" time="8147.83" state="enter" vehID="Car_5035" speed="4.61" length="5.00" type="DEFAULT_CAR" gap="904.19"/>
    <instantOut id="235_D81" time="8148.00" state="stay" vehID="Car_5035" speed="4.61" length="5.00" type="DEFAULT_CAR"/>
    <instantOut id="235_D81" time="8148.25" state="stay" vehID="Car_5035" speed="4.07" length="5.00" type="DEFAULT_CAR"/>
    <instantOut id="235_D81" time="8148.50" state="stay" vehID="Car_5035" speed="3.32" length="5.00" type="DEFAULT_CAR"/>
    <instantOut id="235_D81" time="8148.75" state="stay" vehID="Car_5035" speed="2.89" length="5.00" type="DEFAULT_CAR"/>
    <instantOut id="235_D81" time="8149.00" state="stay" vehID="Car_5035" speed="2.20" length="5.00" type="DEFAULT_CAR"/>
    <instantOut id="235_D81" time="8149.25" state="stay" vehID="Car_5035" speed="1.56" length="5.00" type="DEFAULT_CAR"/>
    <instantOut id="235_D81" time="8149.50" state="stay" vehID="Car_5035" speed="2.21" length="5.00" type="DEFAULT_CAR"/>
    <instantOut id="235_D81" time="8149.56" state="leave" vehID="Car_5035" speed="2.68" length="5.00" type="DEFAULT_CAR" occupancy="1.73"/>
    <instantOut id="235_D81" time="8151.40" state="enter" vehID="Car_5036" speed="5.20" length="5.00" type="DEFAULT_CAR" gap="1.84"/>
    <instantOut id="235_D81" time="8151.50" state="stay" vehID="Car_5036" speed="5.20" length="5.00" type="DEFAULT_CAR"/>
    <instantOut id="235_D81" time="8151.75" state="stay" vehID="Car_5036" speed="4.45" length="5.00" type="DEFAULT_CAR"/>
    <instantOut id="235_D81" time="8152.00" state="stay" vehID="Car_5036" speed="3.70" length="5.00" type="DEFAULT_CAR"/>
    <instantOut id="235_D81" time="8152.25" state="stay" vehID="Car_5036" speed="4.18" length="5.00" type="DEFAULT_CAR"/>
    <instantOut id="235_D81" time="8152.50" state="stay" vehID="Car_5036" speed="4.20" length="5.00" type="DEFAULT_CAR"/>
    <instantOut id="235_D81" time="8152.58" state="leave" vehID="Car_5036" speed="4.04" length="5.00" type="DEFAULT_CAR" occupancy="1.18"/>
    <instantOut id="235_D81" time="8505.86" state="enter" vehID="Car_5037" speed="5.01" length="5.00" type="DEFAULT_CAR" gap="353.27"/>
    <instantOut id="235_D81" time="8506.00" state="stay" vehID="Car_5037" speed="5.01" length="5.00" type="DEFAULT_CAR"/>
    <instantOut id="235_D81" time="8506.25" state="stay" vehID="Car_5037" speed="5.96" length="5.00" type="DEFAULT_CAR"/>
    <instantOut id="235_D81" time="8506.50" state="stay" vehID="Car_5037" speed="6.91" length="5.00" type="DEFAULT_CAR"/>
    <instantOut id="235_D81" time="8506.64" state="leave" vehID="Car_5037" speed="7.68" length="5.00" type="DEFAULT_CAR" occupancy="0.78"/>
    <instantOut id="235_D81" time="9588.96" state="enter" vehID="Car_5038" speed="5.21" length="5.00" type="DEFAULT_CAR" gap="1082.32"/>
    <instantOut id="235_D81" time="9589.00" state="stay" vehID="Car_5038" speed="5.21" length="5.00" type="DEFAULT_CAR"/>
    <instantOut id="235_D81" time="9589.25" state="stay" vehID="Car_5038" speed="6.16" length="5.00" type="DEFAULT_CAR"/>
    <instantOut id="235_D81" time="9589.50" state="stay" vehID="Car_5038" speed="7.11" length="5.00" type="DEFAULT_CAR"/>
    <instantOut id="235_D81" time="9589.73" state="leave" vehID="Car_5038" speed="6.36" length="5.00" type="DEFAULT_CAR" occupancy="0.77"/>
    <instantOut id="235_D81" time="9842.83" state="enter" vehID="Car_7168" speed="4.99" length="5.00" type="DEFAULT_CAR" gap="253.11"/>
    <instantOut id="235_D81" time="9843.00" state="stay" vehID="Car_7168" speed="4.99" length="5.00" type="DEFAULT_CAR"/>
    <instantOut id="235_D81" time="9843.25" state="stay" vehID="Car_7168" speed="5.94" length="5.00" type="DEFAULT_CAR"/>
    <instantOut id="235_D81" time="9843.50" state="stay" vehID="Car_7168" speed="6.89" length="5.00" type="DEFAULT_CAR"/>
    <instantOut id="235_D81" time="9843.63" state="leave" vehID="Car_7168" speed="7.34" length="5.00" type="DEFAULT_CAR" occupancy="0.80"/>
    <instantOut id="235_D81" time="10386.69" state="enter" vehID="Car_7167" speed="5.31" length="5.00" type="DEFAULT_CAR" gap="543.06"/>
    <instantOut id="235_D81" time="10386.75" state="stay" vehID="Car_7167" speed="5.31" length="5.00" type="DEFAULT_CAR"/>
    <instantOut id="235_D81" time="10387.00" state="stay" vehID="Car_7167" speed="4.56" length="5.00" type="DEFAULT_CAR"/>
    <instantOut id="235_D81" time="10387.25" state="stay" vehID="Car_7167" speed="3.81" length="5.00" type="DEFAULT_CAR"/>
    <instantOut id="235_D81" time="10387.50" state="stay" vehID="Car_7167" speed="3.06" length="5.00" type="DEFAULT_CAR"/>
    <instantOut id="235_D81" time="10387.75" state="stay" vehID="Car_7167" speed="2.31" length="5.00" type="DEFAULT_CAR"/>
    <instantOut id="235_D81" time="10388.00" state="stay" vehID="Car_7167" speed="1.67" length="5.00" type="DEFAULT_CAR"/>
    <instantOut id="235_D81" time="10388.25" state="stay" vehID="Car_7167" speed="0.97" length="5.00" type="DEFAULT_CAR"/>
    <instantOut id="235_D81" time="10388.50" state="stay" vehID="Car_7167" speed="0.41" length="5.00" type="DEFAULT_CAR"/>
    <instantOut id="235_D81" time="10388.75" state="stay" vehID="Car_7167" speed="0.04" length="5.00" type="DEFAULT_CAR"/>
    <instantOut id="235_D81" time="10389.00" state="stay" vehID="Car_7167" speed="0.00" length="5.00" type="DEFAULT_CAR"/>
    <instantOut id="235_D81" time="10389.25" state="stay" vehID="Car_7167" speed="0.86" length="5.00" type="DEFAULT_CAR"/>
    <instantOut id="235_D81" time="10389.41" state="leave" vehID="Car_7167" speed="1.62" length="5.00" type="DEFAULT_CAR" occupancy="2.72"/>
    <instantOut id="235_D81" time="10811.90" state="enter" vehID="Car_7166" speed="4.87" length="5.00" type="DEFAULT_CAR" gap="422.49"/>
    <instantOut id="235_D81" time="10812.00" state="stay" vehID="Car_7166" speed="4.87" length="5.00" type="DEFAULT_CAR"/>
    <instantOut id="235_D81" time="10812.25" state="stay" vehID="Car_7166" speed="5.82" length="5.00" type="DEFAULT_CAR"/>
    <instantOut id="235_D81" time="10812.50" state="stay" vehID="Car_7166" speed="6.77" length="5.00" type="DEFAULT_CAR"/>
    <instantOut id="235_D81" time="10812.68" state="leave" vehID="Car_7166" speed="7.63" length="5.00" type="DEFAULT_CAR" occupancy="0.78"/>
    <instantOut id="235_D81" time="11183.97" state="enter" vehID="Car_7175" speed="5.46" length="5.00" type="DEFAULT_CAR" gap="371.29"/>
    <instantOut id="235_D81" time="11184.00" state="stay" vehID="Car_7175" speed="5.46" length="5.00" type="DEFAULT_CAR"/>
    <instantOut id="235_D81" time="11184.25" state="stay" vehID="Car_7175" speed="4.71" length="5.00" type="DEFAULT_CAR"/>
    <instantOut id="235_D81" time="11184.50" state="stay" vehID="Car_7175" speed="3.96" length="5.00" type="DEFAULT_CAR"/>
    <instantOut id="235_D81" time="11184.75" state="stay" vehID="Car_7175" speed="3.21" length="5.00" type="DEFAULT_CAR"/>
    <instantOut id="235_D81" time="11185.00" state="stay" vehID="Car_7175" speed="2.46" length="5.00" type="DEFAULT_CAR"/>
    <instantOut id="235_D81" time="11185.25" state="stay" vehID="Car_7175" speed="1.71" length="5.00" type="DEFAULT_CAR"/>
    <instantOut id="235_D81" time="11185.50" state="stay" vehID="Car_7175" speed="0.98" length="5.00" type="DEFAULT_CAR"/>
    <instantOut id="235_D81" time="11185.75" state="stay" vehID="Car_7175" speed="0.31" length="5.00" type="DEFAULT_CAR"/>
    <instantOut id="235_D81" time="11186.00" state="stay" vehID="Car_7175" speed="0.01" length="5.00" type="DEFAULT_CAR"/>
    <instantOut id="235_D81" time="11186.25" state="stay" vehID="Car_7175" speed="0.00" length="5.00" type="DEFAULT_CAR"/>
    <instantOut id="235_D81" time="11186.50" state="stay" vehID="Car_7175" speed="0.00" length="5.00" type="DEFAULT_CAR"/>
    <instantOut id="235_D81" time="11186.75" state="stay" vehID="Car_7175" speed="0.00" length="5.00" type="DEFAULT_CAR"/>
    <instantOut id="235_D81" time="11187.00" state="stay" vehID="Car_7175" speed="0.00" length="5.00" type="DEFAULT_CAR"/>
    <instantOut id="235_D81" time="11187.25" state="stay" vehID="Car_7175" speed="0.00" length="5.00" type="DEFAULT_CAR"/>
    <instantOut id="235_D81" time="11187.50" state="stay" vehID="Car_7175" speed="0.00" length="5.00" type="DEFAULT_CAR"/>
    <instantOut id="235_D81" time="11187.75" state="stay" vehID="Car_7175" speed="0.00" length="5.00" type="DEFAULT_CAR"/>
    <instantOut id="235_D81" time="11188.00" state="stay" vehID="Car_7175" speed="0.00" length="5.00" type="DEFAULT_CAR"/>
    <instantOut id="235_D81" time="11188.25" state="stay" vehID="Car_7175" speed="0.00" length="5.00" type="DEFAULT_CAR"/>
    <instantOut id="235_D81" time="11188.50" state="stay" vehID="Car_7175" speed="0.00" length="5.00" type="DEFAULT_CAR"/>
    <instantOut id="235_D81" time="11188.75" state="stay" vehID="Car_7175" speed="0.00" length="5.00" type="DEFAULT_CAR"/>
    <instantOut id="235_D81" time="11189.00" state="stay" vehID="Car_7175" speed="0.00" length="5.00" type="DEFAULT_CAR"/>
    <instantOut id="235_D81" time="11189.25" state="stay" vehID="Car_7175" speed="0.00" length="5.00" type="DEFAULT_CAR"/>
    <instantOut id="235_D81" time="11189.50" state="stay" vehID="Car_7175" speed="0.00" length="5.00" type="DEFAULT_CAR"/>
    <instantOut id="235_D81" time="11189.75" state="stay" vehID="Car_7175" speed="0.00" length="5.00" type="DEFAULT_CAR"/>
    <instantOut id="235_D81" time="11190.00" state="stay" vehID="Car_7175" speed="0.00" length="5.00" type="DEFAULT_CAR"/>
    <instantOut id="235_D81" time="11190.25" state="stay" vehID="Car_7175" speed="0.00" length="5.00" type="DEFAULT_CAR"/>
    <instantOut id="235_D81" time="11190.50" state="stay" vehID="Car_7175" speed="0.00" length="5.00" type="DEFAULT_CAR"/>
    <instantOut id="235_D81" time="11190.75" state="stay" vehID="Car_7175" speed="0.00" length="5.00" type="DEFAULT_CAR"/>
    <instantOut id="235_D81" time="11191.00" state="stay" vehID="Car_7175" speed="0.00" length="5.00" type="DEFAULT_CAR"/>
    <instantOut id="235_D81" time="11191.25" state="stay" vehID="Car_7175" speed="0.00" length="5.00" type="DEFAULT_CAR"/>
    <instantOut id="235_D81" time="11191.50" state="stay" vehID="Car_7175" speed="0.00" length="5.00" type="DEFAULT_CAR"/>
    <instantOut id="235_D81" time="11191.75" state="stay" vehID="Car_7175" speed="0.00" length="5.00" type="DEFAULT_CAR"/>
    <instantOut id="235_D81" time="11192.00" state="stay" vehID="Car_7175" speed="0.00" length="5.00" type="DEFAULT_CAR"/>
    <instantOut id="235_D81" time="11192.25" state="stay" vehID="Car_7175" speed="0.00" length="5.00" type="DEFAULT_CAR"/>
    <instantOut id="235_D81" time="11192.50" state="stay" vehID="Car_7175" speed="0.00" length="5.00" type="DEFAULT_CAR"/>
    <instantOut id="235_D81" time="11192.75" state="stay" vehID="Car_7175" speed="0.00" length="5.00" type="DEFAULT_CAR"/>
    <instantOut id="235_D81" time="11193.00" state="stay" vehID="Car_7175" speed="0.00" length="5.00" type="DEFAULT_CAR"/>
    <instantOut id="235_D81" time="11193.25" state="stay" vehID="Car_7175" speed="0.00" length="5.00" type="DEFAULT_CAR"/>
    <instantOut id="235_D81" time="11193.50" state="stay" vehID="Car_7175" speed="0.00" length="5.00" type="DEFAULT_CAR"/>
    <instantOut id="235_D81" time="11193.75" state="stay" vehID="Car_7175" speed="0.00" length="5.00" type="DEFAULT_CAR"/>
    <instantOut id="235_D81" time="11194.00" state="stay" vehID="Car_7175" speed="0.00" length="5.00" type="DEFAULT_CAR"/>
    <instantOut id="235_D81" time="11194.25" state="stay" vehID="Car_7175" speed="0.00" length="5.00" type="DEFAULT_CAR"/>
    <instantOut id="235_D81" time="11194.50" state="stay" vehID="Car_7175" speed="0.00" length="5.00" type="DEFAULT_CAR"/>
    <instantOut id="235_D81" time="11194.75" state="stay" vehID="Car_7175" speed="0.84" length="5.00" type="DEFAULT_CAR"/>
    <instantOut id="235_D81" time="11194.90" state="leave" vehID="Car_7175" speed="1.76" length="5.00" type="DEFAULT_CAR" occupancy="10.94"/>
    <instantOut id="235_D81" time="11356.96" state="enter" vehID="Car_7165" speed="4.98" length="5.00" type="DEFAULT_CAR" gap="162.05"/>
    <instantOut id="235_D81" time="11357.00" state="stay" vehID="Car_7165" speed="4.98" length="5.00" type="DEFAULT_CAR"/>
    <instantOut id="235_D81" time="11357.25" state="stay" vehID="Car_7165" speed="4.54" length="5.00" type="DEFAULT_CAR"/>
    <instantOut id="235_D81" time="11357.50" state="stay" vehID="Car_7165" speed="3.95" length="5.00" type="DEFAULT_CAR"/>
    <instantOut id="235_D81" time="11357.75" state="stay" vehID="Car_7165" speed="3.20" length="5.00" type="DEFAULT_CAR"/>
    <instantOut id="235_D81" time="11358.00" state="stay" vehID="Car_7165" speed="3.46" length="5.00" type="DEFAULT_CAR"/>
    <instantOut id="235_D81" time="11358.25" state="stay" vehID="Car_7165" speed="3.60" length="5.00" type="DEFAULT_CAR"/>
    <instantOut id="235_D81" time="11358.27" state="leave" vehID="Car_7165" speed="4.04" length="5.00" type="DEFAULT_CAR" occupancy="1.32"/>
    <instantOut id="235_D81" time="11918.80" state="enter" vehID="Car_7164" speed="4.88" length="5.00" type="DEFAULT_CAR" gap="560.53"/>
    <instantOut id="235_D81" time="11919.00" state="stay" vehID="Car_7164" speed="4.88" length="5.00" type="DEFAULT_CAR"/>
    <instantOut id="235_D81" time="11919.25" state="stay" vehID="Car_7164" speed="5.83" length="5.00" type="DEFAULT_CAR"/>
    <instantOut id="235_D81" time="11919.50" state="stay" vehID="Car_7164" speed="6.78" length="5.00" type="DEFAULT_CAR"/>
    <instantOut id="235_D81" time="11919.64" state="leave" vehID="Car_7164" speed="6.40" length="5.00" type="DEFAULT_CAR" occupancy="0.84"/>
    <instantOut id="235_D81" time="12230.89" state="enter" vehID="Car_7163" speed="4.99" length="5.00" type="DEFAULT_CAR" gap="311.25"/>
    <instantOut id="235_D81" time="12231.00" state="stay" vehID="Car_7163" speed="4.99" length="5.00" type="DEFAULT_CAR"/>
    <instantOut id="235_D81" time="12231.25" state="stay" vehID="Car_7163" speed="5.94" length="5.00" type="DEFAULT_CAR"/>
    <instantOut id="235_D81" time="12231.50" state="stay" vehID="Car_7163" speed="6.89" length="5.00" type="DEFAULT_CAR"/>
    <instantOut id="235_D81" time="12231.66" state="leave" vehID="Car_7163" speed="7.62" length="5.00" type="DEFAULT_CAR" occupancy="0.77"/>
    <instantOut id="235_D81" time="12233.53" state="enter" vehID="Car_7162" speed="4.71" length="5.00" type="DEFAULT_CAR" gap="1.86"/>
    <instantOut id="235_D81" time="12233.75" state="stay" vehID="Car_7162" speed="4.71" length="5.00" type="DEFAULT_CAR"/>
    <instantOut id="235_D81" time="12234.00" state="stay" vehID="Car_7162" speed="3.96" length="5.00" type="DEFAULT_CAR"/>
    <instantOut id="235_D81" time="12234.25" state="stay" vehID="Car_7162" speed="3.96" length="5.00" type="DEFAULT_CAR"/>
    <instantOut id="235_D81" time="12234.50" state="stay" vehID="Car_7162" speed="3.96" length="5.00" type="DEFAULT_CAR"/>
    <instantOut id="235_D81" time="12234.75" state="stay" vehID="Car_7162" speed="3.59" length="5.00" type="DEFAULT_CAR"/>
    <instantOut id="235_D81" time="12234.77" state="leave" vehID="Car_7162" speed="3.34" length="5.00" type="DEFAULT_CAR" occupancy="1.25"/>
    <instantOut id="235_D81" time="12620.88" state="enter" vehID="Car_7161" speed="5.18" length="5.00" type="DEFAULT_CAR" gap="386.11"/>
    <instantOut id="235_D81" time="12621.00" state="stay" vehID="Car_7161" speed="5.18" length="5.00" type="DEFAULT_CAR"/>
    <instantOut id="235_D81" time="12621.25" state="stay" vehID="Car_7161" speed="4.43" length="5.00" type="DEFAULT_CAR"/>
    <instantOut id="235_D81" time="12621.50" state="stay" vehID="Car_7161" speed="3.68" length="5.00" type="DEFAULT_CAR"/>
    <instantOut id="235_D81" time="12621.75" state="stay" vehID="Car_7161" speed="2.93" length="5.00" type="DEFAULT_CAR"/>
    <instantOut id="235_D81" time="12622.00" state="stay" vehID="Car_7161" speed="2.24" length="5.00" type="DEFAULT_CAR"/>
    <instantOut id="235_D81" time="12622.25" state="stay" vehID="Car_7161" speed="1.49" length="5.00" type="DEFAULT_CAR"/>
    <instantOut id="235_D81" time="12622.50" state="stay" vehID="Car_7161" speed="0.74" length="5.00" type="DEFAULT_CAR"/>
    <instantOut id="235_D81" time="12622.75" state="stay" vehID="Car_7161" speed="0.15" length="5.00" type="DEFAULT_CAR"/>
    <instantOut id="235_D81" time="12623.00" state="stay" vehID="Car_7161" speed="0.02" length="5.00" type="DEFAULT_CAR"/>
    <instantOut id="235_D81" time="12623.25" state="stay" vehID="Car_7161" speed="0.00" length="5.00" type="DEFAULT_CAR"/>
    <instantOut id="235_D81" time="12623.50" state="stay" vehID="Car_7161" speed="0.00" length="5.00" type="DEFAULT_CAR"/>
    <instantOut id="235_D81" time="12623.75" state="stay" vehID="Car_7161" speed="0.00" length="5.00" type="DEFAULT_CAR"/>
    <instantOut id="235_D81" time="12624.00" state="stay" vehID="Car_7161" speed="0.00" length="5.00" type="DEFAULT_CAR"/>
    <instantOut id="235_D81" time="12624.25" state="stay" vehID="Car_7161" speed="0.00" length="5.00" type="DEFAULT_CAR"/>
    <instantOut id="235_D81" time="12624.50" state="stay" vehID="Car_7161" speed="0.00" length="5.00" type="DEFAULT_CAR"/>
    <instantOut id="235_D81" time="12624.75" state="stay" vehID="Car_7161" speed="0.00" length="5.00" type="DEFAULT_CAR"/>
    <instantOut id="235_D81" time="12625.00" state="stay" vehID="Car_7161" speed="0.00" length="5.00" type="DEFAULT_CAR"/>
    <instantOut id="235_D81" time="12625.25" state="stay" vehID="Car_7161" speed="0.00" length="5.00" type="DEFAULT_CAR"/>
    <instantOut id="235_D81" time="12625.50" state="stay" vehID="Car_7161" speed="0.00" length="5.00" type="DEFAULT_CAR"/>
    <instantOut id="235_D81" time="12625.75" state="stay" vehID="Car_7161" speed="0.33" length="5.00" type="DEFAULT_CAR"/>
    <instantOut id="235_D81" time="12626.00" state="stay" vehID="Car_7161" speed="0.60" length="5.00" type="DEFAULT_CAR"/>
    <instantOut id="235_D81" time="12626.25" state="stay" vehID="Car_7161" speed="0.95" length="5.00" type="DEFAULT_CAR"/>
    <instantOut id="235_D81" time="12626.26" state="leave" vehID="Car_7161" speed="1.18" length="5.00" type="DEFAULT_CAR" occupancy="5.38"/>
    <instantOut id="235_D81" time="12824.85" state="enter" vehID="Car_7160" speed="4.89" length="5.00" type="DEFAULT_CAR" gap="198.59"/>
    <instantOut id="235_D81" time="12825.00" state="stay" vehID="Car_7160" speed="4.89" length="5.00" type="DEFAULT_CAR"/>
    <instantOut id="235_D81" time="12825.25" state="stay" vehID="Car_7160" speed="5.84" length="5.00" type="DEFAULT_CAR"/>
    <instantOut id="235_D81" time="12825.50" state="stay" vehID="Car_7160" speed="6.61" length="5.00" type="DEFAULT_CAR"/>
    <instantOut id="235_D81" time="12825.67" state="leave" vehID="Car_7160" speed="6.61" length="5.00" type="DEFAULT_CAR" occupancy="0.82"/>
    <instantOut id="235_D81" time="13307.89" state="enter" vehID="Car_7159" speed="5.08" length="5.00" type="DEFAULT_CAR" gap="482.22"/>
    <instantOut id="235_D81" time="13308.00" state="stay" vehID="Car_