<?xml version="1.0" encoding="UTF-8"?>

<!-- generated on 2025-02-28 18:20:07 by Eclipse SUMO GUI Version 1.19.0
<configuration xmlns:xsi="http://www.w3.org/2001/XMLSchema-instance" xsi:noNamespaceSchemaLocation="http://sumo.dlr.de/xsd/sumoConfiguration.xsd">

    <input>
        <net-file value="Network.net.xml"/>
        <route-files value="CarRoutes.rou.xml"/>
        <additional-files value="Sensors.add.xml"/>
    </input>

    <output>
        <emission-output value="logs/Emissions.xml"/>
        <summary-output value="logs/Log_summary.xml"/>
        <summary-output.period value="300"/>
        <tripinfo-output value="logs/TripInfos.xml"/>
    </output>

    <time>
        <begin value="0"/>
        <end value="86400"/>
        <step-length value="0.25"/>
    </time>

    <processing>
        <ignore-junction-blocker value="0.1"/>
        <time-to-teleport value="-1"/>
    </processing>

    <report>
        <verbose value="true"/>
        <no-step-log value="true"/>
    </report>

    <emissions>
        <device.emissions.period value="10"/>
    </emissions>

    <traci_server>
        <remote-port value="58328"/>
    </traci_server>

    <gui_only>
        <quit-on-end value="true"/>
        <start value="true"/>
    </gui_only>

</configuration>
-->

<instantE1 xmlns:xsi="http://www.w3.org/2001/XMLSchema-instance" xsi:noNamespaceSchemaLocation="http://sumo.dlr.de/xsd/instant_e1_file.xsd">
    <instantOut id="235_D025" time="794.19" state="enter" vehID="Car_808" speed="10.00" length="5.00" type="DEFAULT_CAR"/>
    <instantOut id="235_D025" time="794.25" state="stay" vehID="Car_808" speed="10.00" length="5.00" type="DEFAULT_CAR"/>
    <instantOut id="235_D025" time="794.50" state="stay" vehID="Car_808" speed="9.25" length="5.00" type="DEFAULT_CAR"/>
    <instantOut id="235_D025" time="794.75" state="leave" vehID="Car_808" speed="8.50" length="5.00" type="DEFAULT_CAR" occupancy="0.56"/>
    <instantOut id="235_D025" time="1030.50" state="enter" vehID="Car_711" speed="8.36" length="5.00" type="DEFAULT_CAR" gap="235.75"/>
    <instantOut id="235_D025" time="1030.75" state="stay" vehID="Car_711" speed="8.36" length="5.00" type="DEFAULT_CAR"/>
    <instantOut id="235_D025" time="1031.00" state="stay" vehID="Car_711" speed="7.61" length="5.00" type="DEFAULT_CAR"/>
    <instantOut id="235_D025" time="1031.14" state="leave" vehID="Car_711" speed="7.09" length="5.00" type="DEFAULT_CAR" occupancy="0.64"/>
    <instantOut id="235_D025" time="2457.48" state="enter" vehID="Car_708" speed="8.79" length="5.00" type="DEFAULT_CAR" gap="1426.34"/>
    <instantOut id="235_D025" time="2457.50" state="stay" vehID="Car_708" speed="8.79" length="5.00" type="DEFAULT_CAR"/>
    <instantOut id="235_D025" time="2457.75" state="stay" vehID="Car_708" speed="8.04" length="5.00" type="DEFAULT_CAR"/>
    <instantOut id="235_D025" time="2458.00" state="stay" vehID="Car_708" speed="7.29" length="5.00" type="DEFAULT_CAR"/>
    <instantOut id="235_D025" time="2458.15" state="leave" vehID="Car_708" speed="6.64" length="5.00" type="DEFAULT_CAR" occupancy="0.67"/>
    <instantOut id="235_D025" time="3167.49" state="enter" vehID="Car_2478" speed="9.11" length="5.00" type="DEFAULT_CAR" gap="709.34"/>
    <instantOut id="235_D025" time="3167.50" state="stay" vehID="Car_2478" speed="9.11" length="5.00" type="DEFAULT_CAR"/>
    <instantOut id="235_D025" time="3167.75" state="stay" vehID="Car_2478" speed="9.55" length="5.00" type="DEFAULT_CAR"/>
    <instantOut id="235_D025" time="3168.00" state="stay" vehID="Car_2478" speed="8.80" length="5.00" type="DEFAULT_CAR"/>
    <instantOut id="235_D025" time="3168.04" state="leave" vehID="Car_2478" speed="8.25" length="5.00" type="DEFAULT_CAR" occupancy="0.55"/>
    <instantOut id="235_D025" time="5084.73" state="enter" vehID="Car_2053" speed="8.55" length="5.00" type="DEFAULT_CAR" gap="1916.70"/>
    <instantOut id="235_D025" time="5084.75" state="stay" vehID="Car_2053" speed="8.55" length="5.00" type="DEFAULT_CAR"/>
    <instantOut id="235_D025" time="5085.00" state="stay" vehID="Car_2053" speed="8.27" length="5.00" type="DEFAULT_CAR"/>
    <instantOut id="235_D025" time="5085.25" state="stay" vehID="Car_2053" speed="7.52" length="5.00" type="DEFAULT_CAR"/>
    <instantOut id="235_D025" time="5085.39" state="leave" vehID="Car_2053" speed="6.77" length="5.00" type="DEFAULT_CAR" occupancy="0.65"/>
    <instantOut id="235_D025" time="6238.05" state="enter" vehID="Car_5032" speed="8.81" length="5.00" type="DEFAULT_CAR" gap="1152.67"/>
    <instantOut id="235_D025" time="6238.25" state="stay" vehID="Car_5032" speed="8.81" length="5.00" type="DEFAULT_CAR"/>
    <instantOut id="235_D025" time="6238.50" state="stay" vehID="Car_5032" speed="8.37" length="5.00" type="DEFAULT_CAR"/>
    <instantOut id="235_D025" time="6238.65" state="leave" vehID="Car_5032" speed="7.62" length="5.00" type="DEFAULT_CAR" occupancy="0.60"/>
    <instantOut id="235_D025" time="9478.98" state="enter" vehID="Car_5322" speed="9.81" length="5.00" type="DEFAULT_CAR" gap="3240.33"/>
    <instantOut id="235_D025" time="9479.00" state="stay" vehID="Car_5322" speed="9.81" length="5.00" type="DEFAULT_CAR"/>
    <instantOut id="235_D025" time="9479.25" state="stay" vehID="Car_5322" speed="9.06" length="5.00" type="DEFAULT_CAR"/>
    <instantOut id="235_D025" time="9479.50" state="stay" vehID="Car_5322" spe