<?xml version="1.0" encoding="UTF-8"?>

<!-- generated on 2025-02-28 17:52:11 by Eclipse SUMO GUI Version 1.19.0
<configuration xmlns:xsi="http://www.w3.org/2001/XMLSchema-instance" xsi:noNamespaceSchemaLocation="http://sumo.dlr.de/xsd/sumoConfiguration.xsd">

    <input>
        <net-file value="Network.net.xml"/>
        <route-files value="CarRoutes.rou.xml"/>
        <additional-files value="Sensors.add.xml"/>
    </input>

    <output>
        <emission-output value="logs/Emissions.xml"/>
        <summary-output value="logs/Log_summary.xml"/>
        <summary-output.period value="300"/>
        <tripinfo-output value="logs/TripInfos.xml"/>
    </output>

    <time>
        <begin value="0"/>
        <end value="86400"/>
        <step-length value="0.25"/>
    </time>

    <processing>
        <ignore-junction-blocker value="0.1"/>
        <time-to-teleport value="-1"/>
    </processing>

    <report>
        <verbose value="true"/>
        <no-step-log value="true"/>
    </report>

    <emissions>
        <device.emissions.period value="10"/>
    </emissions>

    <traci_server>
        <remote-port value="58020"/>
    </traci_server>

    <gui_only>
        <quit-on-end value="true"/>
        <start value="true"/>
    </gui_only>

</configuration>
-->

<instantE1 xmlns:xsi="http://www.w3.org/2001/XMLSchema-instance" xsi:noNamespaceSchemaLocation="http://sumo.dlr.de/xsd/instant_e1_file.xsd">
    <instantOut id="235_D025" time="472.05" state="enter" vehID="Car_504" speed="7.25" length="5.00" type="DEFAULT_CAR"/>
    <instantOut id="235_D025" time="472.25" state="stay" vehID="Car_504" speed="7.25" length="5.00" type="DEFAULT_CAR"/>
    <instantOut id="235_D025" time="472.50" state="stay" vehID="Car_504" speed="8.13" length="5.00" type="DEFAULT_CAR"/>
    <instantOut id="235_D025" time="472.68" state="leave" vehID="Car_504" speed="8.37" length="5.00" type="DEFAULT_CAR" occupancy="0.63"/>
    <instantOut id="235_D025" time="517.75" state="enter" vehID="Car_699" speed="8.33" length="5.00" type="DEFAULT_CAR" gap="45.07"/>
    <instantOut id="235_D025" time="518.00" state="stay" vehID="Car_699" speed="8.33" length="5.00" type="DEFAULT_CAR"/>
    <instantOut id="235_D025" time="518.25" state="stay" vehID="Car_699" speed="7.67" length="5.00" type="DEFAULT_CAR"/>
    <instantOut id="235_D025" time="518.39" state="leave" vehID="Car_699" speed="6.92" length="5.00" type="DEFAULT_CAR" occupancy="0.64"/>
    <instantOut id="235_D025" time="536.72" state="enter" vehID="Car_96" speed="8.84" length="5.00" type="DEFAULT_CAR" gap="18.32"/>
    <instantOut id="235_D025" time="536.75" state="stay" vehID="Car_96" speed="8.84" length="5.00" type="DEFAULT_CAR"/>
    <instantOut id="235_D025" time="537.00" state="stay" vehID="Car_96" speed="8.09" length="5.00" type="DEFAULT_CAR"/>
    <instantOut id="235_D025" time="537.25" state="stay" vehID="Car_96" speed="7.40" length="5.00" type="DEFAULT_CAR"/>
    <instantOut id="235_D025" time="537.38" state="leave" vehID="Car_96" speed="6.65" length="5.00" type="DEFAULT_CAR" occupancy="0.66"/>
    <instantOut id="235_D025" time="746.92" state="enter" vehID="Car_1" speed="6.65" length="5.00" type="DEFAULT_CAR" gap="209.54"/>
    <instantOut id="235_D025" time="747.00" state="stay" vehID="Car_1" speed="6.65" length="5.00" type="DEFAULT_CAR"/>
    <instantOut id="235_D025" time="747.25" state="stay" vehID="Car_1" speed="5.94" length="5.00" type="DEFAULT_CAR"/>
    <instantOut id="235_D025" time="747.50" state="stay" vehID="Car_1" speed="5.42" length="5.00" type="DEFAULT_CAR"/>
    <instantOut id="235_D025" time="747.75" state="stay" vehID="Car_1" speed="5.02" length="5.00" type="DEFAULT_CAR"/>
    <instantOut id="235_D025" time="747.84" state="leave" vehID="Car_1" speed="4.35" length="5.00" type="DEFAULT_CAR" occupancy="0.92"/>
    <instantOut id="235_D025" time="2742.46" state="enter" vehID="Car_2098" speed="10.10" length="5.00" type="DEFAULT_CAR" gap="1994.62"/>
    <instantOut id="235_D025" time="2742.50" state="stay" vehID="Car_2098" speed="10.10" length="5.00" type="DEFAULT_CAR"/>
    <instantOut id="235_D025" time="2742.75" state="stay" vehID="Car_2098" speed="9.48" length="5.00" type="DEFAULT_CAR"/>
    <instantOut id="235_D025" time="2743.00" state="stay" vehID="Car_2098" speed="8.73" length="5.00" type="DEFAULT_CAR"/>
    <instantOut id="235_D025" time="2743.00" state="leave" vehID="Car_2098" speed="8.00" length="5.00" type="DEFAULT_CAR" occupancy="0.54"/>
    <instantOut id="235_D025" time="4798.01" state="enter" vehID="Car_2100" speed="8.44" length="5.00" type="DEFAULT_CAR" gap="2055.01"/>
    <instantOut id="235_D025" time="4798.25" state="stay" vehID="Car_2100" speed="8.44" length="5.00" type="DEFAULT_CAR"/>
    <instantOut id="235_D025" time="4798.50" state="stay" vehID="Car_2100" speed="7.75" length="5.00" type="DEFAULT_CAR"/>
    <instantOut id="235_D025" time="4798.65" state="leave" vehID="Car_2100" speed="7.11" length="5.00" type="DEFAULT_CAR" occupancy="0.64"/>
    <instantOut id="235_D025" time="6366.52" state="enter" vehID="Car_3963" speed="8.15" length="5.00" type="DEFAULT_CAR" gap="1567.87"/>
    <instantOut id="235_D025" time="6366.75" state="stay" vehID="Car_3963" speed="8.15" length="5.00" type="DEFAULT_CAR"/>
    <instantOut id="235_D025" time="6367.00" state="stay" vehID="Car_3963" speed="7.40" length="5.00" type="DEFAULT_CAR"/>
    <instantOut id="235_D025" time="6367.19" state="leave" vehID="Car_3963" speed="6.65" length="5.00" type="DEFAULT_CAR" occupancy="0.67"/>
    <instantOut id="235_D025" time="6747.68" state="enter" vehID="Car_3961" speed="10.62" length="5.00" type="DEFAULT_CAR" gap="380.49"/>
    <instantOut id="235_D025" time="6747.75" state="stay" vehID="Car_3961" speed="10.62" length="5.00" type="DEFAULT_CAR"/>
    <instantOut id="235_D025" time="6748.00" state="stay" vehID="Car_3961" speed="11.51" length="5.00" type="DEFAULT_CAR"/>
    <instantOut id="235_D025" time="6748.12" state="leave" vehID="Car_3961" speed="11.03" length="5.00" type="DEFAULT_CAR" occupancy="0.45"/>
    <instantOut id="235_D025" time="8046.22" state="enter" vehID="Car_5297" speed="8.83" length="5.00" type="DEFAULT_CAR" gap="1298.10"/>
    <instantOut id="235_D025" time="8046.25" state="stay" vehID="Car_5297" speed="8.83" length="5.00" type="DEFAULT_CAR"/>
    <instantOut id="235_D025" time="8046.50" state="stay" vehID="Car_5297" speed="8.08" length="5.00" type="DEFAULT_CAR"/>
    <instantOut id="235_D025" time="8046.75" state="stay" vehID="Car_5297" speed="7.33" length="5.00" type="DEFAULT_CAR"/>
    <instantOut id="235_D025" time="8046.88" state="leave" vehID="Car_5297" speed="6.58" length="5.00" type="DEFAULT_CAR" occupancy="0.66"/>
    <instantOut id="235_D025" time="9423.86" state="enter" vehID="Car_4188" speed="11.51" length="5.00" type="DEFAULT_CAR" gap="1376.97"/>
    <instantOut id="235_D025" time="9424.00" state="stay" vehID="Car_4188" speed="11.51" length="5.00" type="DEFAULT_CAR"/>
    <instantOut id="235_D025" time="9424.25" state="stay" vehID="Car_4188" speed="10.76" length="5.00" type="DEFAULT_CAR"/>
    <instantOut id="235_D025" time="9424.32" state="leave" vehID="Car_4188" speed="10.01" length="5.00" type="DEFAULT_CAR" occupancy="0.46"/>
    <instantOut id="235_D025" time="9431.50" state="enter" vehID="Car_3679" speed="8.41" length="5.00" type="DEFAULT_CAR" gap="7.18"/>
    <instantOut id="235_D025" time="9431.50" state="stay" vehID="Car_3679" speed="8.41" length="5.00" type="DEFAULT_CAR"/>
    <instantOut id="235_D025" time="9431.75" state="stay" vehID="Car_3679" speed="7.68" length="5.00" type="DEFAULT_CAR"/>
    <instantOut id="235_D025" time="9432.00" state="stay" vehID="Car_3679" speed="6.93" length="5.00" type="DEFAULT_CAR"/>
    <instantOut id="235_D025" time="9432.21" state="leave" vehID="Car_3679" speed="6.18" length="5.00" type="DEFAULT_CAR" occupancy="0.72"/>
    <instantOut id="235_D025" time="9572.83" state="enter" vehID="Car_4187" speed="8.50" length="5.00" type="DEFAULT_CAR" gap="140.61"/>
    <instantOut id="235_D025" time="9573.00" state="stay" vehID="Car_4187" speed="8.50" length="5.00" type="DEFAULT_CAR"/>
    <instantOut id="235_D025" time="9573.25" state="stay" vehID="Car_4187" speed="7.75" length="5.00" type="DEFAULT_CAR"/>
    <instantOut id="235_D025" time="9573.48" state="leave" vehID="Car_4187" speed="7.00" length="5.00" type="DEFAULT_CAR" occupancy="0.65"/>
    <instantOut id="235_D025" time="10738.70" state="enter" vehID="Car_6692" speed="8.77" length="5.00" type="DEFAULT_CAR" gap="1165.22"/>
    <instantOut id="235_D025" time="10738.75" state="stay" vehID="Car_6692" speed="8.77" length="5.00" type="DEFAULT_CAR"/>
    <instantOut id="235_D025" time="10739.00" state="stay" vehID="Car_6692" speed="8.22" length="5.00" type="DEFAULT_CAR"/>
    <instantOut id="235_D025" time="10739.25" state="stay" vehID="Car_6692" speed="7.47" length="5.00" type="DEFAULT_CAR"/>
    <instantOut id="235_D025" time="10739.35" state="leave" vehID="Car_6692" speed="6.72" length="5.00" type="DEFAULT_CAR" occupancy="0.65"/>
    <instantOut id="235_D025" time="15053.95" state="enter" vehID="Car_9500" speed="10.04" length="5.00" type="DEFAULT_CAR" gap="4314.61"/>
    <instantOut id="235_D025" time="15054.00" state="stay" vehID="Car_9500" speed="10.04" length="5.00" type="DEFAULT_CAR"/>
    <instantOut id="235_D025" time="15054.25" state="stay" vehID="Car_9500" speed="10.76" length="5.00" type="DEFAULT_CAR"/>
    <instantOut id="235_D025" time="15054.43" state="leave" vehID="Car_9500" speed="10.14" length="5.00" type="DEFAULT_CAR" occupancy="0.48"/>
    <instantOut id="235_D025" time="16583.46" state="enter" vehID="Car_8727" speed="9.70" length="5.00" type="DEFAULT_CAR" gap="1529.03"/>
    <instantOut id="235_D025" time="16583.50" state="stay" vehID="Car_8727" speed="9.70" length="5.00" type="DEFAULT_CAR"/>
    <instantOut id="235_D025" time="16583.75" state="stay" vehID="Car_8727" speed="9.25" length="5.00" type="DEFAULT_CAR"/>
    <instantOut id="235_D025" time="16584.00" state="stay" vehID="Car_8727" speed="8.50" length="5.00" type="DEFAULT_CAR"/>
    <instantOut id="235_D025" time="16584.03" state="leave" vehID="Car_8727" speed="7.75" length="5.00" type="DEFAULT_CAR" occupancy="0.56"/>
    <instantOut id="235_D025" time="17596.93" state="enter" vehID="Car_10011" speed="6.88" length="5.00" type="DEFAULT_CAR" gap="1012.91"/>
    <instantOut id="235_D025" time="17597.00" state="stay" vehID="Car_10011" speed="6.88" length="5.00" type="DEFAULT_CAR"/>
    <instantOut id="235_D025" time="17597.25" state="stay" vehID="Car_10011" speed="7.43" length="5.00" type="DEFAULT_CAR"/>
    <instantOut id="235_D025" time="17597.50" state="stay" vehID="Car_10011" speed="8.15" length="5.00" type="DEFAULT_CAR"/>
    <instantOut id="235_D025" time="17597.58" state="leave" vehID="Car_10011" speed="7.63" length="5.00" type="DEFAULT_CAR" occupancy="0.65"/>
    <instantOut id="235_D025" time="19070.52" state="enter" vehID="Car_9775" speed="8.36" length="5.00" type="DEFAULT_CAR" gap="1472.94"/>
    <instantOut id="235_D025" time="19070.75" state="stay" vehID="Car_9775" speed="8.36" length="5.00" type="DEFAULT_CAR"/>
    <instantOut id="235_D025" time="19071.00" state="stay" vehID="Car_9775" speed="7.63" length="5.00" type="DEFAULT_CAR"/>
    <instantOut id="235_D025" time="19071.17" state="leave" vehID="Car_9775" speed="6.88" length="5.00" type="DEFAULT_CAR" occupancy="0.65"/>
    <instantOut id="235_D025" time="20084.04" state="enter" vehID="Car_9837" speed="7.28" length="5.00" type="DEFAULT_CAR" gap="1012.87"/>
    <instantOut id="235_D025" time="20084.25" state="stay" vehID="Car_9837" speed="7.28" length="5.00" type="DEFAULT_CAR"/>
    <instantOut id="235_D025" time="20084.50" state="stay" vehID="Car_9837" speed="8.22" length="5.00" type="DEFAULT_CAR"/>
    <instantOut id="235_D025" time="20084.67" state="leave" vehID="Car_9837" speed="8.37" length="5.00" type="DEFAULT_CAR" occupancy="0.63"/>
    <instantOut id="235_D025" time="22702.98" state="enter" vehID="Car_12619" speed="9.05" length="5.00" type="DEFAULT_CAR" gap="2618.31"/>
    <instantOut id="235_D025" time="22703.00" state="stay" vehID="Car_12619" speed="9.05" length="5.00" type="DEFAULT_CAR"/>
    <instantOut id="235_D025" time="22703.25" state="stay" vehID="Car_12619" speed="8.77" length="5.00" type="DEFAULT_CAR"/>
    <instantOut id="235_D025" time="22703.50" state="stay" vehID="Car_12619" speed="8.02" length="5.00" type="DEFAULT_CAR"/>
    <instantOut id="235_D025" time="22703.58" state="leave" vehID="Car_12619" speed="7.27" length="5.00" type="DEFAULT_CAR" occupancy="0.60"/>
    <instantOut id="235_D025" time="22922.95" state="enter" vehID="Car_12626" speed="9.88" length="5.00" type="DEFAULT_CAR" gap="219.37"/>
    <instantOut id="235_D025" time="22923.00" state="stay" vehID="Car_12626" speed="9.88" length="5.00" type="DEFAULT_CAR"/>
    <instantOut id="235_D025" time="22923.25" state="stay" vehID="Car_12626" speed="9.13" length="5.00" type="DEFAULT_CAR"/>
    <instantOut id="235_D025" time="22923.50" state="stay" vehID="Car_12626" speed="8.38" length="5.00" type="DEFAULT_CAR"/>
    <instantOut id="235_D025" time="22923.52" state="leave" vehID="Car_12626" speed="7.63" length="5.00" type="DEFAULT_CAR" occupancy="0.57"/>
    <instantOut id="235_D025" time="25095.98" state="enter" vehID="Car_15974" speed="6.87" length="5.00" type="DEFAULT_CAR" gap="2172.46"/>
    <instantOut id="235_D025" time="25096.00" state="stay" vehID="Car_15974" speed="6.87" length="5.00" type="DEFAULT_CAR"/>
    <instantOut id="235_D025" time="25096.25" state="stay" vehID="Car_15974" speed="7.76" length="5.00" type="DEFAULT_CAR"/>
    <instantOut id="235_D025" time="25096.50" state="stay" vehID="Car_15974" speed="7.37" length="5.00" type="DEFAULT_CAR"/>
    <instantOut id="235_D025" time="25096.65" state="leave" vehID="Car_15974" speed="7.15" length="5.00" type="DEFAULT_CAR" occupancy="0.67"/>
    <instantOut id="235_D025" time="25426.95" state="enter" vehID="Car_15975" speed="7.14" length="5.00" type="DEFAULT_CAR" gap="330.29"/>
    <instantOut id="235_D025" time="25427.00" state="stay" vehID="Car_15975" speed="7.14" length="5.00" type="DEFAULT_CAR"/>
    <instantOut id="235_D025" time="25427.25" state="stay" vehID="Car_15975" speed="7.62" length="5.00" type="DEFAULT_CAR"/>
    <instantOut id="235_D025" time="25427.50" state="stay" vehID="Car_15975" speed="7.51" length="5.00" type="DEFAULT_CAR"/>
    <instantOut id="235_D025" time="25427.62" state="leave" vehID="Car_15975" speed="6.79" length="5.00" type="DEFAULT_CAR" occupancy="0.68"/>
    <instantOut id="235_D025" time="27358.72" state="enter" vehID="Car_15967" speed="10.29" length="5.00" type="DEFAULT_CAR" gap="1931.10"/>
    <instantOut id="235_D025" time="27358.75" state="stay" vehID="Car_15967" speed="10.29" length="5.00" type="DEFAULT_CAR"/>
    <instantOut id="235_D025" time="27359.00" state="stay" vehID="Car_15967" speed="9.75" length="5.00" type="DEFAULT_CAR"/>
    <instantOut id="235_D025" time="27359.25" state="stay" vehID="Car_15967" speed="9.07" length="5.00" type="DEFAULT_CAR"/>
    <instantOut id="235_D025" time="27359.25" state="leave" vehID="Car_15967" speed="8.32" length="5.00" type="DEFAULT_CAR" occupancy="0.53"/>
    <instantOut id="235_D025" time="29603.49" state="enter" vehID="Car_18284" speed="9.19" length="5.00" type="DEFAULT_CAR" gap="2244.24"/>
    <instantOut id="235_D025" time="29603.50" state="stay" vehID="Car_18284" speed="9.19" length="5.00" type="DEFAULT_CAR"/>
    <instantOut id="235_D025" time="29603.75" state="stay" vehID="Car_18284" speed="9.37" length="5.00" type="DEFAULT_CAR"/>
    <instantOut id="235_D025" time="29604.00" state="stay" vehID="Car_18284" speed="8.62" length="5.00" type="DEFAULT_CAR"/>
    <instantOut id="235_D025" time="29604.05" state="leave" vehID="Car_18284" speed="7.87" length="5.00" type="DEFAULT_CAR" occupancy="0.56"/>
    <instantOut id="235_D025" time="30848.02" state="enter" vehID="Car_17399" speed="7.25" length="5.00" type="DEFAULT_CAR" gap="1243.97"/>
    <instantOut id="235_D025" time="30848.25" state="stay" vehID="Car_17399" speed="7.25" length="5.00" type="DEFAULT_CAR"/>
    <instantOut id="235_D025" time="30848.50" state="stay" vehID="Car_17399" speed="7.85" length="5.00" type="DEFAULT_CAR"/>
    <instantOut id="235_D025" time="30848.66" state="leave" vehID="Car_17399" speed="8.76" length="5.00" type="DEFAULT_CAR" occupancy="0.64"/>
    <instantOut id="235_D025" time="31151.04" state="enter" vehID="Car_17415" speed="7.18" length="5.00" type="DEFAULT_CAR" gap="302.38"/>
    <instantOut id="235_D025" time="31151.25" state="stay" vehID="Car_17415" speed="7.18" length="5.00" type="DEFAULT_CAR"/>
    <instantOut id="235_D025" time="31151.50" state="stay" vehID="Car_17415" speed="6.74" length="5.00" type="DEFAULT_CAR"/>
    <instantOut id="235_D025" time="31151.75" state="stay" vehID="Car_17415" speed="5.99" length="5.00" type="DEFAULT_CAR"/>
    <instantOut id="235_D025" time="31151.81" state="leave" vehID="Car_17415" speed="5.24" length="5.00" type="DEFAULT_CAR" occupancy="0.77"/>
    <instantOut id="235_D025" time="31506.20" state="enter" vehID="Car_20708" speed="9.80" length="5.00" type="DEFAULT_CAR" gap="354.39"/>
    <instantOut id="235_D025" time="31506.25" state="stay" vehID="Car_20708" speed="9.80" length="5.00" type="DEFAULT_CAR"/>
    <instantOut id="235_D025" time="31506.50" state="stay" vehID="Car_20708" speed="9.71" length="5.00" type="DEFAULT_CAR"/>
    <instantOut id="235_D025" time="31506.74" state="leave" vehID="Car_20708" speed="8.96" length="5.00" type="DEFAULT_CAR" occupancy="0.53"/>
    <instantOut id="235_D025" time="36387.22" state="enter" vehID="Car_21505" speed="9.84" length="5.00" type="DEFAULT_CAR" gap="4880.49"/>
    <instantOut id="235_D025" time="36387.25" state="stay" vehID="Car_21505" speed="9.84" length="5.00" type="DEFAULT_CAR"/>
    <instantOut id="235_D025" time="36387.50" state="stay" vehID="Car_21505" speed="9.09" length="5.00" type="DEFAULT_CAR"/>
    <instantOut id="235_D025" time="36387.75" state="stay" vehID="Car_21505" speed="8.46" length="5.00" type="DEFAULT_CAR"/>
    <instantOut id="235_D025" time="36387.80" state="leave" vehID="Car_21505" speed="7.75" length="5.00" type="DEFAULT_CAR" occupancy="0.57"/>
    <instantOut id="235_D025" time="37508.05" state="enter" vehID="Car_22070" speed="6.94" length="5.00" type="DEFAULT_CAR" gap="1120.25"/>
    <instantOut id="235_D025" time="37508.25" state="stay" vehID="Car_22070" speed="6.94" length="5.00" type="DEFAULT_CAR"/>
    <instantOut id="235_D025" time="37508.50" state="stay" vehID="Car_22070" speed="7.69" length="5.00" type="DEFAULT_CAR"/>
    <instantOut id="235_D025" time="37508.70" state="leave" vehID="Car_22070" speed="8.57" length="5.00" type="DEFAULT_CAR" occupancy="0.65"/>
    <instantOut id="235_D025" time="37664.76" state="enter" vehID="Car_21429" speed="8.38" length="5.00" type="DEFAULT_CAR" gap="156.07"/>
    <instantOut id="235_D025" time="37665.00" state="stay" vehID="Car_21429" speed="8.38" length="5.00" type="DEFAULT_CAR"/>
    <instantOut id="235_D025" time="37665.25" state="stay" vehID="Car_21429" speed="7.77" length="5.00" type="DEFAULT_CAR"/>
    <instantOut id="235_D025" time="37665.40" state="leave" vehID="Car_21429" speed="7.10" length="5.00" type="DEFAULT_CAR" occupancy="0.64"/>
    <instantOut id="235_D025" time="40380.04" state="enter" vehID="Car_23327" speed="7.36" length="5.00" type="DEFAULT_CAR" gap="2714.64"/>
    <instantOut id="235_D025" time="40380.25" state="stay" vehID="Car_23327" speed="7.36" length="5.00" type="DEFAULT_CAR"/>
    <instantOut id="235_D025" time="40380.50" state="stay" vehID="Car_23327" speed="7.87" length="5.00" type="DEFAULT_CAR"/>
    <instantOut id="235_D025" time="40380.67" state="leave" vehID="Car_23327" speed="8.68" length="5.00" type="DEFAULT_CAR" occupancy="0.63"/>
    <instantOut id="235_D025" time="42030.18" state="enter" vehID="Car_23643" speed="11.05" length="5.00" type="DEFAULT_CAR" gap="1649.51"/>
    <instantOut id="235_D025" time="42030.25" state="stay" vehID="Car_23643" speed="11.05" length="5.00" type="DEFAULT_CAR"/>
    <instantOut id="235_D025" time="42030.50" state="stay" vehID="Car_23643" speed="10.30" length="5.00" type="DEFAULT_CAR"/>
    <instantOut id="235_D025" time="42030.67" state="leave" vehID="Car_23643" speed="9.55" length="5.00" type="DEFAULT_CAR" occupancy="0.49"/>
    <instantOut id="235_D025" time="42044.06" state="enter" vehID="Car_23390" speed="9.61" length="5.00" type="DEFAULT_CAR" gap="13.40"/>
    <instantOut id="235_D025" time="42044.25" state="stay" vehID="Car_23390" speed="9.61" length="5.00" type="DEFAULT_CAR"/>
    <instantOut id="235_D025" time="42044.50" state="stay" vehID="Car_23390" speed="8.86" length="5.00" type="DEFAULT_CAR"/>
    <instantOut id="235_D025" time="42044.62" state="leave" vehID="Car_23390" speed="8.11" length="5.00" type="DEFAULT_CAR" occupancy="0.56"/>
    <instantOut id="235_D025" time="43502.98" state="enter" vehID="Car_24761" speed="8.47" length="5.00" type="DEFAULT_CAR" gap="1458.36"/>
    <instantOut id="235_D025" time="43503.00" state="stay" vehID="Car_24761" speed="8.47" length="5.00" type="DEFAULT_CAR"/>
    <instantOut id="235_D025" time="43503.25" state="stay" vehID="Car_24761" speed="8.02" length="5.00" type="DEFAULT_CAR"/>
    <instantOut id="235_D025" time="43503.50" state="stay" vehID="Car_24761" speed="7.51" length="5.00" type="DEFAULT_CAR"/>
    <instantOut id="235_D025" time="43503.65" state="leave" vehID="Car_24761" speed="6.76" length="5.00" type="DEFAULT_CAR" occupancy="0.66"/>
    <instantOut id="235_D025" time="45641.23" state="enter" vehID="Car_24788" speed="9.10" length="5.00" type="DEFAULT_CAR" gap="2137.58"/>
    <instantOut id="235_D025" time="45641.25" state="stay" vehID="Car_24788" speed="9.10" length="5.00" type="DEFAULT_CAR"/>
    <instantOut id="235_D025" time="45641.50" state="stay" vehID="Car_24788" speed="9.83" length="5.00" type="DEFAULT_CAR"/>
    <instantOut id="235_D025" time="45641.75" state="stay" vehID="Car_24788" speed="9.16" length="5.00" type="DEFAULT_CAR"/>
    <instantOut id="235_D025" time="45641.76" state="leave" vehID="Car_24788" speed="8.69" length="5.00" type="DEFAULT_CAR" occupancy="0.53"/>
</instantE1>
