<?xml version="1.0" encoding="UTF-8"?>

<!-- generated on 2025-02-28 19:02:05 by Eclipse SUMO GUI Version 1.19.0
<configuration xmlns:xsi="http://www.w3.org/2001/XMLSchema-instance" xsi:noNamespaceSchemaLocation="http://sumo.dlr.de/xsd/sumoConfiguration.xsd">

    <input>
        <net-file value="Network.net.xml"/>
        <route-files value="CarRoutes_dfrouter.rou.xml"/>
        <additional-files value="Sensors.add.xml"/>
    </input>

    <output>
        <emission-output value="logs/Emissions.xml"/>
        <summary-output value="logs/Log_summary.xml"/>
        <summary-output.period value="300"/>
        <tripinfo-output value="logs/TripInfos.xml"/>
    </output>

    <time>
        <begin value="0"/>
        <end value="86400"/>
        <step-length value="0.25"/>
    </time>

    <processing>
        <ignore-junction-blocker value="0.1"/>
        <time-to-teleport value="-1"/>
    </processing>

    <report>
        <verbose value="true"/>
        <no-step-log value="true"/>
    </report>

    <emissions>
        <device.emissions.period value="10"/>
    </emissions>

    <traci_server>
        <remote-port value="59134"/>
    </traci_server>

    <gui_only>
        <quit-on-end value="true"/>
        <start value="true"/>
    </gui_only>

</configuration>
-->

<instantE1 xmlns:xsi="http://www.w3.org/2001/XMLSchema-instance" xsi:noNamespaceSchemaLocation="http://sumo.dlr.de/xsd/instant_e1_file.xsd">
    <instantOut id="217_D102" time="47.62" state="enter" vehID="Car_37" speed="13.66" length="5.00" type="DEFAULT_CAR"/>
    <instantOut id="217_D102" time="47.75" state="stay" vehID="Car_37" speed="13.66" length="5.00" type="DEFAULT_CAR"/>
    <instantOut id="217_D102" time="48.00" state="leave" vehID="Car_37" speed="12.91" length="5.00" type="DEFAULT_CAR" occupancy="0.38"/>
    <instantOut id="217_D102" time="58.96" state="enter" vehID="Car_40" speed="11.47" length="5.00" type="DEFAULT_CAR" gap="10.96"/>
    <instantOut id="217_D102" time="59.00" state="stay" vehID="Car_40" speed="11.47" length="5.00" type="DEFAULT_CAR"/>
    <instantOut id="217_D102" time="59.25" state="stay" vehID="Car_40" speed="11.30" length="5.00" type="DEFAULT_CAR"/>
    <instantOut id="217_D102" time="59.40" state="leave" vehID="Car_40" speed="11.73" length="5.00" type="DEFAULT_CAR" occupancy="0.44"/>
    <instantOut id="217_D102" time="238.69" state="enter" vehID="Car_69" speed="12.53" length="5.00" type="DEFAULT_CAR" gap="179.30"/>
    <instantOut id="217_D102" time="238.75" state="stay" vehID="Car_69" speed="12.53" length="5.00" type="DEFAULT_CAR"/>
    <instantOut id="217_D102" time="239.00" state="stay" vehID="Car_69" speed="12.28" length="5.00" type="DEFAULT_CAR"/>
    <instantOut id="217_D102" time="239.10" state="leave" vehID="Car_69" speed="12.21" length="5.00" type="DEFAULT_CAR" occupancy="0.41"/>
    <instantOut id="217_D102" time="280.42" state="enter" vehID="Car_76" speed="13.88" length="5.00" type="DEFAULT_CAR" gap="41.32"/>
    <instantOut id="217_D102" time="280.50" state="stay" vehID="Car_76" speed="13.88" length="5.00" type="DEFAULT_CAR"/>
    <instantOut id="217_D102" time="280.75" state="stay" vehID="Car_76" speed="13.13" length="5.00" type="DEFAULT_CAR"/>
    <instantOut id="217_D102" time="280.80" state="leave" vehID="Car_76" speed="12.38" length="5.00" type="DEFAULT_CAR" occupancy="0.38"/>
    <instantOut id="217_D102" time="527.59" state="enter" vehID="Car_122" speed="10.98" length="5.00" type="DEFAULT_CAR" gap="246.78"/>
    <instantOut id="217_D102" time="527.75" state="stay" vehID="Car_122" speed="10.98" length="5.00" type="DEFAULT_CAR"/>
    <instantOut id="217_D102" time="528.00" state="stay" vehID="Car_122" speed="10.97" length="5.00" type="DEFAULT_CAR"/>
    <instantOut id="217_D102" time="528.04" state="leave" vehID="Car_122" speed="11.03" length="5.00" type="DEFAULT_CAR" occupancy="0.46"/>
    <instantOut id="217_D102" time="635.24" state="enter" vehID="Car_144" speed="14.06" length="5.00" type="DEFAULT_CAR" gap="107.20"/>
    <instantOut id="217_D102" time="635.25" state="stay" vehID="Car_144" speed="14.06" length="5.00" type="DEFAULT_CAR"/>
    <instantOut id="217_D102" time="635.50" state="stay" vehID="Car_144" speed="13.31" length="5.00" type="DEFAULT_CAR"/>
    <instantOut id="217_D102" time="635.63" state="leave" vehID="Car_144" speed="12.59" length="5.00" type="DEFAULT_CAR" occupancy="0.38"/>
    <instantOut id="217_D102" time="734.27" state="enter" vehID="Car_164" speed="8.50" length="5.00" type="DEFAULT_CAR" gap="98.64"/>
    <instantOut id="217_D102" time="734.50" state="stay" vehID="Car_164" speed="8.50" length="5.00" type="DEFAULT_CAR"/>
    <instantOut id="217_D102" time="734.75" state="stay" vehID="Car_164" speed="8.75" length="5.00" type="DEFAULT_CAR"/>
    <instantOut id="217_D102" time="734.85" state="leave" vehID="Car_164" speed="8.41" length="5.00" type="DEFAULT_CAR" occupancy="0.58"/>
    <instantOut id="217_D102" time="786.75" state="enter" vehID="Car_175" speed="13.29" length="5.00" type="DEFAULT_CAR" gap="51.91"/>
    <instantOut id="217_D102" time="787.00" state="stay" vehID="Car_175" speed="13.29" length="5.00" type="DEFAULT_CAR"/>
    <instantOut id="217_D102" time="787.14" state="leave" vehID="Car_175" speed="12.54" length="5.00" type="DEFAULT_CAR" occupancy="0.38"/>
    <instantOut id="217_D102" time="865.40" state="enter" vehID="Car_189" speed="13.69" length="5.00" type="DEFAULT_CAR" gap="78.26"/>
    <instantOut id="217_D102" time="865.50" state="stay" vehID="Car_189" speed="13.69" length="5.00" type="DEFAULT_CAR"/>
    <instantOut id="217_D102" time="865.75" state="stay" vehID="Car_189" speed="12.97" length="5.00" type="DEFAULT_CAR"/>
    <instantOut id="217_D102" time="865.78" state="leave" vehID="Car_189" speed="12.22" length="5.00" type="DEFAULT_CAR" occupancy="0.38"/>
    <instantOut id="217_D102" time="1246.17" state="enter" vehID="Car_234" speed="13.79" length="5.00" type="DEFAULT_CAR" gap="380.39"/>
    <instantOut id="217_D102" time="1246.25" state="stay" vehID="Car_234" speed="13.79" length="5.00" type="DEFAULT_CAR"/>
    <instantOut id="217_D102" time="1246.50" state="stay" vehID="Car_234" speed="13.09" length="5.00" type="DEFAULT_CAR"/>
    <instantOut id="217_D102" time="1246.55" state="leave" vehID="Car_234" speed="12.34" length="5.00" type="DEFAULT_CAR" occupancy="0.38"/>
    <instantOut id="217_D102" time="1570.44" state="enter" vehID="Car_276" speed="13.90" length="5.00" type="DEFAULT_CAR" gap="323.89"/>
    <instantOut id="217_D102" time="1570.50" state="stay" vehID="Car_276" speed="13.90" length="5.00" type="DEFAULT_CAR"/>
    <instantOut id="217_D102" time="1570.75" state="stay" vehID="Car_276" speed="13.15" length="5.00" type="DEFAULT_CAR"/>
    <instantOut id="217_D102" time="1570.82" state="leave" vehID="Car_276" speed="12.40" length="5.00" type="DEFAULT_CAR" occupancy="0.38"/>
    <instantOut id="217_D102" time="2545.72" state="enter" vehID="Car_389" speed="10.18" length="5.00" type="DEFAULT_CAR" gap="974.90"/>
    <instantOut id="217_D102" time="2545.75" state="stay" vehID="Car_389" speed="10.18" length="5.00" type="DEFAULT_CAR"/>
    <instantOut id="217_D102" time="2546.00" state="stay" vehID="Car_389" speed="10.27" length="5.00" type="DEFAULT_CAR"/>
    <instantOut id="217_D102" time="2546.21" state="leave" vehID="Car_389" speed="10.19" length="5.00" type="DEFAULT_CAR" occupancy="0.49"/>
    <instantOut id="217_D102" time="2756.45" state="enter" vehID="Car_413" speed="13.92" length="5.00" type="DEFAULT_CAR" gap="210.24"/>
    <instantOut id="217_D102" time="2756.50" state="stay" vehID="Car_413" speed="13.92" length="5.00" type="DEFAULT_CAR"/>
    <instantOut id="217_D102" time="2756.75" state="stay" vehID="Car_413" speed="13.17" length="5.00" type="DEFAULT_CAR"/>
    <instantOut id="217_D102" time="2756.84" state="leave" vehID="Car_413" speed="12.42" length="5.00" type="DEFAULT_CAR" occupancy="0.38"/>
    <instantOut id="217_D102" time="2887.68" state="enter" vehID="Car_424" speed="13.53" length="5.00" type="DEFAULT_CAR" gap="130.85"/>
    <instantOut id="217_D102" time="2887.75" state="stay" vehID="Car_424" speed="13.53" length="5.00" type="DEFAULT_CAR"/>
    <instantOut id="217_D102" time="2888.00" state="stay" vehID="Car_424" speed="12.86" length="5.00" type="DEFAULT_CAR"/>
    <instantOut id="217_D102" time="2888.07" state="leave" vehID="Car_424" speed="12.28" length="5.00" type="DEFAULT_CAR" occupancy="0.39"/>
    <instantOut id="217_D102" time="2937.84" state="enter" vehID="Car_433" speed="13.63" length="5.00" type="DEFAULT_CAR" gap="49.77"/>
    <instantOut id="217_D102" time="2938.00" state="stay" vehID="Car_433" speed="13.63" length="5.00" type="DEFAULT_CAR"/>
    <instantOut id="217_D102" time="2938.22" state="leave" vehID="Car_433" speed="12.88" length="5.00" type="DEFAULT_CAR" occupancy="0.38"/>
    <instantOut id="217_D102" time="3164.19" state="enter" vehID="Car_462" speed="13.89" length="5.00" type="DEFAULT_CAR" gap="225.97"/>
    <instantOut id="217_D102" time="3164.25" state="stay" vehID="Car_462" speed="13.89" length="5.00" type="DEFAULT_CAR"/>
    <instantOut id="217_D102" time="3164.50" state="stay" vehID="Car_462" speed="13.14" length="5.00" type="DEFAULT_CAR"/>
    <instantOut id="217_D102" time="3164.57" state="leave" vehID="Car_462" speed="12.39" length="5.00" type="DEFAULT_CAR" occupancy="0.38"/>
    <instantOut id="217_D102" time="3621.63" state="enter" vehID="Car_536" speed="10.42" length="5.00" type="DEFAULT_CAR" gap="457.05"/>
    <instantOut id="217_D102" time="3621.75" state="stay" vehID="Car_536" speed="10.42" length="5.00" type="DEFAULT_CAR"/>
    <instantOut id="217_D102" time="3622.00" state="stay" vehID="Car_536" speed="10.50" length="5.00" type="DEFAULT_CAR"/>
    <instantOut id="217_D102" time="3622.10" state="leave" vehID="Car_536" speed="10.41" length="5.00" type="DEFAULT_CAR" occupancy="0.48"/>
    <instantOut id="217_D102" time="3709.18" state="enter" vehID="Car_545" speed="13.72" length="5.00" type="DEFAULT_CAR" gap="87.08"/>
    <instantOut id="217_D102" time="3709.25" state="stay" vehID="Car_545" speed="13.72" length="5.00" type="DEFAULT_CAR"/>
    <instantOut id="217_D102" time="3709.50" state="stay" vehID="Car_545" speed="13.07" length="5.00" type="DEFAULT_CAR"/>
    <instantOut id="217_D102" time="3709.56" state="leave" vehID="Car_545" speed="12.32" length="5.00" type="DEFAULT_CAR" occupancy="0.38"/>
    <instantOut id="217_D102" time="4025.76" state="enter" vehID="Car_578" speed="5.60" length="5.00" type="DEFAULT_CAR" gap="316.20"/>
    <instantOut id="217_D102" time="4026.00" state="stay" vehID="Car_578" speed="5.60" length="5.00" type="DEFAULT_CAR"/>
    <instantOut id="217_D102" time="4026.25" state="stay" vehID="Car_578" speed="5.49" length="5.00" type="DEFAULT_CAR"/>
    <instantOut id="217_D102" time="4026.50" state="stay" vehID="Car_578" speed="5.62" length="5.00" type="DEFAULT_CAR"/>
    <instantOut id="217_D102" time="4026.65" state="leave" vehID="Car_578" speed="5.95" length="5.00" type="DEFAULT_CAR" occupancy="0.89"/>
    <instantOut id="217_D102" time="4028.58" state="enter" vehID="Car_579" speed="7.57" length="5.00" type="DEFAULT_CAR" gap="1.93"/>
    <instantOut id="217_D102" time="4028.75" state="stay" vehID="Car_579" speed="7.57" length="5.00" type="DEFAULT_CAR"/>
    <instantOut id="217_D102" time="4029.00" state="stay" vehID="Car_579" speed="7.55" length="5.00" type="DEFAULT_CAR"/>
    <instantOut id="217_D102" time="4029.24" state="leave" vehID="Car_579" speed="7.70" length="5.00" type="DEFAULT_CAR" occupancy="0.66"/>
    <instantOut id="217_D102" time="4288.27" state="enter" vehID="Car_610" speed="11.00" length="5.00" type="DEFAULT_CAR" gap="259.03"/>
    <instantOut id="217_D102" time="4288.50" state="stay" vehID="Car_610" speed="11.00" length="5.00" type="DEFAULT_CAR"/>
    <instantOut id="217_D102" time="4288.72" state="leave" vehID="Car_610" speed="11.00" length="5.00" type="DEFAULT_CAR" occupancy="0.45"/>
    <instantOut id="217_D102" time="4931.47" state="enter" vehID="Car_700" speed="13.94" length="5.00" type="DEFAULT_CAR" gap="642.74"/>
    <instantOut id="217_D102" time="4931.50" state="stay" vehID="Car_700" speed="13.94" length="5.00" type="DEFAULT_CAR"/>
    <instantOut id="217_D102" time="4931.75" state="stay" vehID="Car_700" speed="13.19" length="5.00" type="DEFAULT_CAR"/>
    <instantOut id="217_D102" time="4931.85" state="leave" vehID="Car_700" speed="12.44" length="5.00" type="DEFAULT_CAR" occupancy="0.38"/>
    <instantOut id="217_D102" time="5021.94" state="enter" vehID="Car_709" speed="10.89" length="5.00" type="DEFAULT_CAR" gap="90.09"/>
    <instantOut id="217_D102" time="5022.00" state="stay" vehID="Car_709" speed="10.89" length="5.00" type="DEFAULT_CAR"/>
    <instantOut id="217_D102" time="5022.25" state="stay" vehID="Car_709" speed="10.76" length="5.00" type="DEFAULT_CAR"/>
    <instantOut id="217_D102" time="5022.40" state="leave" vehID="Car_709" speed="10.98" length="5.00" type="DEFAULT_CAR" occupancy="0.46"/>
    <instantOut id="217_D102" time="5293.42" state="enter" vehID="Car_732" speed="13.66" length="5.00" type="DEFAULT_CAR" gap="271.02"/>
    <instantOut id="217_D102" time="5293.50" state="stay" vehID="Car_732" speed="13.66" length="5.00" type="DEFAULT_CAR"/>
    <instantOut id="217_D102" time="5293.75" state="stay" vehID="Car_732" speed="13.01" length="5.00" type="DEFAULT_CAR"/>
    <instantOut id="217_D102" time="5293.80" state="leave" vehID="Car_732" speed="12.26" length="5.00" type="DEFAULT_CAR" occupancy="0.38"/>
    <instantOut id="217_D102" time="6198.12" state="enter" vehID="Car_854" speed="13.64" length="5.00" type="DEFAULT_CAR" gap="904.32"/>
    <instantOut id="217_D102" time="6198.25" state="stay" vehID="Car_854" speed="13.64" length="5.00" type="DEFAULT_CAR"/>
    <instantOut id="217_D102" time="6198.50" state="stay" vehID="Car_854" speed="12.89" length="5.00" type="DEFAULT_CAR"/>
    <instantOut id="217_D102" time="6198.50" state="leave" vehID="Car_854" speed="12.14" length="5.00" type="DEFAULT_CAR" occupancy="0.38"/>
    <instantOut id="217_D102" time="6782.99" state="enter" vehID="Car_927" speed="11.77" length="5.00" type="DEFAULT_CAR" gap="584.49"/>
    <instantOut id="217_D102" time="6783.00" state="stay" vehID="Car_927" speed="11.77" length="5.00" type="DEFAULT_CAR"/>
    <instantOut id="217_D102" time="6783.25" state="stay" vehID="Car_927" speed="11.73" length="5.00" type="DEFAULT_CAR"/>
    <instantOut id="217_D102" time="6783.42" state="leave" vehID="Car_927" speed="11.48" length="5.00" type="DEFAULT_CAR" occupancy="0.43"/>
    <instantOut id="217_D102" time="6991.11" state="enter" vehID="Car_942" speed="12.73" length="5.00" type="DEFAULT_CAR" gap="207.69"/>
    <instantOut id="217_D102" time="6991.25" state="stay" vehID="Car_942" speed="12.73" length="5.00" type="DEFAULT_CAR"/>
    <instantOut id="217_D102" time="6991.50" state="stay" vehID="Car_942" speed="12.54" length="5.00" type="DEFAULT_CAR"/>
    <instantOut id="217_D102" time="6991.51" state="leave" vehID="Car_942" speed="11.99" length="5.00" type="DEFAULT_CAR" occupancy="0.40"/>
    <instantOut id="217_D102" time="7490.03" state="enter" vehID="Car_1009" speed="13.36" length="5.00" type="DEFAULT_CAR" gap="498.53"/>
    <instantOut id="217_D102" time="7490.25" state="stay" vehID="Car_1009" speed="13.36" length="5.00" type="DEFAULT_CAR"/>
    <instantOut id="217_D102" time="7490.42" state="leave" vehID="Car_1009" speed="12.61" length="5.00" type="DEFAULT_CAR" occupancy="0.38"/>
    <instantOut id="217_D102" time="7854.50" state="enter" vehID="Car_1060" speed="14.10" length="5.00" type="DEFAULT_CAR" gap="364.08"/>
    <instantOut id="217_D102" time="7854.50" state="stay" vehID="Car_1060" speed="14.10" length="5.00" type="DEFAULT_CAR"/>
    <instantOut id="217_D102" time="7854.75" state="stay" vehID="Car_1060" speed="13.35" length="5.00" type="DEFAULT_CAR"/>
    <instantOut id="217_D102" time="7854.88" state="leave" vehID="Car_1060" speed="12.60" length="5.00" type="DEFAULT_CAR" occupancy="0.38"/>
    <instantOut id="217_D102" time="8204.83" state="enter" vehID="Car_1104" speed="13.37" length="5.00" type="DEFAULT_CAR" gap="349.95"/>
    <instantOut id="217_D102" time="8205.00" state="stay" vehID="Car_1104" speed="13.37" length="5.00" type="DEFAULT_CAR"/>
    <instantOut id="217_D102" time="8205.22" state="leave" vehID="Car_1104" speed="12.78" length="5.00" type="DEFAULT_CAR" occupancy="0.38"/>
    <instantOut id="217_D102" time="8207.12" state="enter" vehID="Car_1105" speed="11.11" length="5.00" type="DEFAULT_CAR" gap="1.91"/>
    <instantOut id="217_D102" time="8207.25" state="stay" vehID="Car_1105" speed="11.11" length="5.00" type="DEFAULT_CAR"/>
    <instantOut id="217_D102" time="8207.50" state="stay" vehID="Car_1105" speed="10.36" length="5.00" type="DEFAULT_CAR"/>
    <instantOut id="217_D102" time="8207.60" state="leave" vehID="Car_1105" speed="9.81" length="5.00" type="DEFAULT_CAR" occupancy="0.48"/>
    <instantOut id="217_D102" time="8430.73" state="enter" vehID="Car_1137" speed="10.96" length="5.00" type="DEFAULT_CAR" gap="223.13"/>
    <instantOut id="217_D102" time="8430.75" state="stay" vehID="Car_1137" speed="10.96" length="5.00" type="DEFAULT_CAR"/>
    <instantOut id="217_D102" time="8431.00" state="stay" vehID="Car_1137" speed="11.12" length="5.00" type="DEFAULT_CAR"/>
    <instantOut id="217_D102" time="8431.19" state="leave" vehID="Car_1137" speed="11.04" length="5.00" type="DEFAULT_CAR" occupancy="0.45"/>
    <instantOut id="217_D102" time="8606.40" state="enter" vehID="Car_1159" speed="13.73" length="5.00" type="DEFAULT_CAR" gap="175.22"/>
    <instantOut id="217_D102" time="8606.50" state="stay" vehID="Car_1159" speed="13.73" length="5.00" type="DEFAULT_CAR"/>
    <instantOut id="217_D102" time="8606.75" state="stay" vehID="Car_1159" speed="12.98" length="5.00" type="DEFAULT_CAR"/>
    <instantOut id="217_D102" time="8606.78" state="leave" vehID="Car_1159" speed="12.23" length="5.00" type="DEFAULT_CAR" occupancy="0.38"/>
    <instantOut id="217_D102" time="8679.55" state="enter" vehID="Car_1170" speed="11.72" length="5.00" type="DEFAULT_CAR" gap="72.76"/>
    <instantOut id="217_D102" time="8679.75" state="stay" vehID="Car_1170" speed="11.72" length="5.00" type="DEFAULT_CAR"/>
    <instantOut id="217_D102" time="8679.98" state="leave" vehID="Car_1170" speed="11.53" length="5.00" type="DEFAULT_CAR" occupancy="0.43"/>
    <instantOut id="217_D102" time="8893.45" state="enter" vehID="Car_1193" speed="12.77" length="5.00" type="DEFAULT_CAR" gap="213.47"/>
    <instantOut id="217_D102" time="8893.50" state="stay" vehID="Car_1193" speed="12.77" length="5.00" type="DEFAULT_CAR"/>
    <instantOut id="217_D102" time="8893.75" state="stay" vehID="Car_1193" speed="12.50" length="5.00" type="DEFAULT_CAR"/>
    <instantOut id="217_D102" time="8893.85" state="leave" vehID="Car_1193" speed="12.14" length="5.00" type="DEFAULT_CAR" occupancy="0.40"/>
    <instantOut id="217_D102" time="8943.97" state="enter" vehID="Car_1205" speed="13.98" length="5.00" type="DEFAULT_CAR" gap="50.13"/>
    <instantOut id="217_D102" time="8944.00" state="stay" vehID="Car_1205" speed="13.98" length="5.00" type="DEFAULT_CAR"/>
    <instantOut id="217_D102" time="8944.25" state="stay" vehID="Car_1205" speed="13.23" length="5.00" type="DEFAULT_CAR"/>
    <instantOut id="217_D102" time="8944.36" state="leave" vehID="Car_1205" speed="12.52" length="5.00" type="DEFAULT_CAR" occupancy="0.38"/>
    <instantOut id="217_D102" time="8980.23" state="enter" vehID="Car_1210" speed="13.92" length="5.00" type="DEFAULT_CAR" gap="35.88"/>
    <instantOut id="217_D102" time="8980.25" state="stay" vehID="Car_1210" speed="13.92" length="5.00" type="DEFAULT_CAR"/>
    <instantOut id="217_D102" time="8980.50" state="stay" vehID="Car_1210" speed="13.17" length="5.00" type="DEFAULT_CAR"/>
    <instantOut id="217_D102" time="8980.62" state="leave" vehID="Car_1210" speed="12.42" length="5.00" type="DEFAULT_CAR" occupancy="0.39"/>
    <instantOut id="217_D102" time="9452.34" state="enter" vehID="Car_1281" speed="12.35" length="5.00" type="DEFAULT_CAR" gap="471.72"/>
    <instantOut id="217_D102" time="9452.50" state="stay" vehID="Car_1281" speed="12.35" length="5.00" type="DEFAULT_CAR"/>
    <instantOut id="217_D102" time="9452.74" state="leave" vehID="Car_1281" speed="12.16" length="5.00" type="DEFAULT_CAR" occupancy="0.41"/>
    <instantOut id="217_D102" time="9459.75" state="enter" vehID="Car_1288" speed="13.81" length="5.00" type="DEFAULT_CAR" gap="7.00"/>
    <instantOut id="217_D102" time="9459.75" state="stay" vehID="Car_1288" speed="13.81" length="5.00" type="DEFAULT_CAR"/>
    <instantOut id="217_D102" time="9460.00" state="stay" vehID="Car_1288" speed="13.12" length="5.00" type="DEFAULT_CAR"/>
    <instantOut id="217_D102" time="9460.13" state="leave" vehID="Car_1288" speed="12.37" length="5.00" type="DEFAULT_CAR" occupancy="0.39"/>
    <instantOut id="217_D102" time="9662.07" state="enter" vehID="Car_1309" speed="9.41" length="5.00" type="DEFAULT_CAR" gap="201.94"/>
    <instantOut id="217_D102" time="9662.25" state="stay" vehID="Car_1309" speed="9.41" length="5.00" type="DEFAULT_CAR"/>
    <instantOut id="217_D102" time="9662.50" state="stay" vehID="Car_1309" speed="9.41" length="5.00" type="DEFAULT_CAR"/>
    <instantOut id="217_D102" time="9662.60" state="leave" vehID="Car_1309" speed="9.19" length="5.00" type="DEFAULT_CAR" occupancy="0.53"/>
    <instantOut id="217_D102" time="10100.43" state="enter" vehID="Car_1377" speed="13.58" length="5.00" type="DEFAULT_CAR" gap="437.82"/>
    <instantOut id="217_D102" time="10100.50" state="stay" vehID="Car_1377" speed="13.58" length="5.00" type="DEFAULT_CAR"/>
    <instantOut id="217_D102" time="10100.75" state="stay" vehID="Car_1377" speed="13.08" length="5.00" type="DEFAULT_CAR"/>
    <instantOut id="217_D102" time="10100.81" state="leave" vehID="Car_1377" speed="12.33" length="5.00" type="DEFAULT_CAR" occupancy="0.38"/>
    <instantOut id="217_D102" time="10137.05" state="enter" vehID="Car_1378" speed="11.21" length="5.00" type="DEFAULT_CAR" gap="36.24"/>
    <instantOut id="217_D102" time="10137.25" state="stay" vehID="Car_1378" speed="11.21" length="5.00" type="DEFAULT_CAR"/>
    <instantOut id="217_D102" time="10137.50" state="leave" vehID="Car_1378" speed="11.29" length="5.00" type="DEFAULT_CAR" occupancy="0.44"/>
    <instantOut id="217_D102" time="10205.61" state="enter" vehID="Car_1389" speed="8.52" length="5.00" type="DEFAULT_CAR" gap="68.11"/>
    <instantOut id="217_D102" time="10205.75" state="stay" vehID="Car_1389" speed="8.52" length="5.00" type="DEFAULT_CAR"/>
    <instantOut id="217_D102" time="10206.00" state="stay" vehID="Car_1389" speed="8.42" length="5.00" type="DEFAULT_CAR"/>
    <instantOut id="217_D102" time="10206.20" state="leave" vehID="Car_1389" speed="8.57" length="5.00" type="DEFAULT_CAR" occupancy="0.59"/>
    <instantOut id="217_D102" time="10692.05" state="enter" vehID="Car_1442" speed="11.87" length="5.00" type="DEFAULT_CAR" gap="485.85"/>
    <instantOut id="217_D102" time="10692.25" state="stay" vehID="Car_1442" speed="11.87" length="5.00" type="DEFAULT_CAR"/>
    <instantOut id="217_D102" time="10692.46" state="leave" vehID="Car_1442" speed="12.27" length="5.00" type="DEFAULT_CAR" occupancy="0.41"/>
    <instantOut id="217_D102" time="10694.08" state="enter" vehID="Car_1444" speed="11.06" length="5.00" type="DEFAULT_CAR" gap="1.62"/>
    <instantOut id="217_D102" time="10694.25" state="stay" vehID="Car_1444" speed="11.06" length="5.00" type="DEFAULT_CAR"/>
    <instantOut id="217_D102" time="10694.50" state="stay" vehID="Car_1444" speed="10.31" length="5.00" type="DEFAULT_CAR"/>
    <instantOut id="217_D102" time="10694.55" state="leave" vehID="Car_1444" speed="9.72" length="5.00" type="DEFAULT_CAR" occupancy="0.48"/>
    <instantOut id="217_D102" time="10931.40" state="enter" vehID="Car_1474" speed="13.76" length="5.00" type="DEFAULT_CAR" gap="236.85"/>
    <instantOut id="217_D102" time="10931.50" state="stay" vehID="Car_1474" speed="13.76" length="5.00" type="DEFAULT_CAR"/>
    <instantOut id="217_D102" time="10931.75" state="stay" vehID="Car_1474" speed="13.01" length="5.00" type="DEFAULT_CAR"/>
    <instantOut id="217_D102" time="10931.78" state="leave" vehID="Car_1474" speed="12.26" length="5.00" type="DEFAULT_CAR" occupancy="0.38"/>
    <instantOut id="217_D102" time="11963.33" state="enter" vehID="Car_1577" speed="13.55" length="5.00" type="DEFAULT_CAR" gap="1031.55"/>
    <instantOut id="217_D102" time="11963.50" state="stay" vehID="Car_1577" speed="13.55" length="5.00" type="DEFAULT_CAR"/>
    <instantOut id="217_D102" time="11963.71" state="leave" vehID="Car_1577" speed="12.80" length="5.00" type="DEFAULT_CAR" occupancy="0.38"/>
    <instantOut id="217_D102" time="12058.41" state="enter" vehID="Car_1583" speed="8.91" length="5.00" type="DEFAULT_CAR" gap="94.70"/>
    <instantOut id="217_D102" time="12058.50" state="stay" vehID="Car_1583" speed="8.91" length="5.00" type="DEFAULT_CAR"/>
    <instantOut id="217_D102" time="12058.75" state="stay" vehID="Car_1583" speed="9.03" length="5.00" type="DEFAULT_CAR"/>
    <instantOut id="217_D102" time="12058.97" state="leave" vehID="Car_1583" speed="8.89" length="5.00" type="DEFAULT_CAR" occupancy="0.56"/>
    <instantOut id="217_D102" time="12374.69" state="enter" vehID="Car_1623" speed="13.08" length="5.00" type="DEFAULT_CAR" gap="315.72"/>
    <instantOut id="217_D102" time="12374.75" state="stay" vehID="Car_1623" speed="13.08" length="5.00" type="DEFAULT_CAR"/>
    <instantOut id="217_D102" time="12375.00" state="stay" vehID="Car_1623" speed="12.82" length="5.00" type="DEFAULT_CAR"/>
    <instantOut id="217_D102" time="12375.08" state="leave" vehID="Car_1623" speed="12.07" length="5.00" type="DEFAULT_CAR" occupancy="0.39"/>
    <instantOut id="217_D102" time="12383.38" state="enter" vehID="Car_1631" speed="12.21" length="5.00" type="DEFAULT_CAR" gap="8.30"/>
    <instantOut id="217_D102" time="12383.50" state="stay" vehID="Car_1631" speed="12.21" length="5.00" type="DEFAULT_CAR"/>
    <instantOut id="217_D102" time="12383.75" state="stay" vehID="Car_1631" speed="12.17" length="5.00" type="DEFAULT_CAR"/>
    <instantOut id="217_D102" time="12383.79" state="leave" vehID="Car_1631" speed="11.96" length="5.00" type="DEFAULT_CAR" occupancy="0.41"/>
    <instantOut id="217_D102" time="12679.67" state="enter" vehID="Car_1661" speed="13.02" length="5.00" type="DEFAULT_CAR" gap="295.88"/>
    <instantOut id="217_D102" time="12679.75" state="stay" vehID="Car_1661" speed="13.02" length="5.00" type="DEFAULT_CAR"/>
    <instantOut id="217_D102" time="12680.00" state="stay" vehID="Car_1661" speed="12.91" length="5.00" type="DEFAULT_CAR"/>
    <instantOut id="217_D102" time="12680.06" state="leave" vehID="Car_1661" speed="12.16" length="5.00" type="DEFAULT_CAR" occupancy="0.39"/>
    <instantOut id="217_D102" time="12731.71" state="enter" vehID="Car_1668" speed="9.48" length="5.00" type="DEFAULT_CAR" gap="51.65"/>
    <instantOut id="217_D102" time="12731.75" state="stay" vehID="Car_1668" speed="9.48" length="5.00" type="DEFAULT_CAR"/>
    <instantOut id="217_D102" time="12732.00" state="stay" vehID="Car_1668" speed="9.49" length="5.00" type="DEFAULT_CAR"/>
    <instantOut id="217_D102" time="12732.24" state="leave" vehID="Car_1668" speed="9.67" length="5.00" type="DEFAULT_CAR" occupancy="0.52"/>
    <instantOut id="217_D102" time="13126.52" state="enter" vehID="Car_1719" speed="12.02" length="5.00" type="DEFAULT_CAR" gap="394.28"/>
    <instantOut id="217_D102" time="13126.75" state="stay" vehID="Car_1719" speed="12.02" length="5.00" type="DEFAULT_CAR"/>
    <instantOut id="217_D102" time="13126.94" state="leave" vehID="Car_1719" speed="11.66" length="5.00" type="DEFAULT_CAR" occupancy="0.42"/>
    <instantOut id="217_D102" time="13289.41" state="enter" vehID="Car_1737" speed="13.82" length="5.00" type="DEFAULT_CAR" gap="162.48"/>
    <instantOut id="217_D102" time="13289.50" state="stay" vehID="Car_1737" speed="13.82" length="5.00" type="DEFAULT_CAR"/>
    <instantOut id="217_D102" time="13289.75" state="stay" vehID="Car_1737" speed="13.07" length="5.00" type="DEFAULT_CAR"/>
    <instantOut id="217_D102" time="13289.79" state="leave" vehID="Car_1737" speed="12.33" length="5.00" type="DEFAULT_CAR" occupancy="0.38"/>
    <instantOut id="217_D102" time="13413.70" state="enter" vehID="Car_1756" speed="13.84" length="5.00" type="DEFAULT_CAR" gap="123.91"/>
    <instantOut id="217_D102" time="13413.75" state="stay" vehID="Car_1756" speed="13.84" length="5.00" type="DEFAULT_CAR"/>
    <instantOut id="217_D102" time="13414.00" state="stay" vehID="Car_1756" speed="13.09" length="5.00" type="DEFAULT_CAR"/>
    <instantOut id="217_D102" time="13414.09" state="leave" vehID="Car_1756" speed="12.34" length="5.00" type="DEFAULT_CAR" occupancy="0.38"/>
    <instantOut id="217_D102" time="13627.97" state="enter" vehID="Car_1784" speed="12.29" length="5.00" type="DEFAULT_CAR" gap="213.88"/>
    <instantOut id="217_D102" time="13628.00" state="stay" vehID="Car_1784" speed="12.29" length="5.00" type="DEFAULT_CAR"/>
    <instantOut id="217_D102" time="13628.25" state="stay" vehID="Car_1784" speed="12.06" length="5.00" type="DEFAULT_CAR"/>
    <instantOut id="217_D102" time="13628.38" state="leave" vehID="Car_1784" speed="12.01" length="5.00" type="DEFAULT_CAR" occupancy="0.41"/>
    <instantOut id="217_D102" time="13715.67" state="enter" vehID="Car_1798" speed="13.49" length="5.00" type="DEFAULT_CAR" gap="87.29"/>
    <instantOut id="217_D102" time="13715.75" state="stay" vehID="Car_1798" speed="13.49" length="5.00" type="DEFAULT_CAR"/>
    <instantOut id="217_D102" time="13716.00" state="stay" vehID="Car_1798" speed="13.07" length="5.00" type="DEFAULT_CAR"/>
    <instantOut id="217_D102" time="13716.05" state="leave" vehID="Car_1798" speed="12.32" length="5.00" type="DEFAULT_CAR" occupancy="0.38"/>
    <instantOut id="217_D102" time="13888.28" state="enter" vehID="Car_1819" speed="13.47" length="5.00" type="DEFAULT_CAR" gap="172.23"/>
    <instantOut id="217_D102" time="13888.50" state="stay" vehID="Car_1819" speed="13.47" length="5.00" type="DEFAULT_CAR"/>
    <instantOut id="217_D102" time="13888.67" state="leave" vehID="Car_1819" speed="12.72" length="5.00" type="DEFAULT_CAR" occupancy="0.38"/>
    <instantOut id="217_D102" time="13963.63" state="enter" vehID="Car_1825" speed="13.56" length="5.00" type="DEFAULT_CAR" gap="74.97"/>
    <instantOut id="217_D102" time="13963.75" state="stay" vehID="Car_1825" speed="13.56" length="5.00" type="DEFAULT_CAR"/>
    <instantOut id="217_D102" time="13964.00" state="stay" vehID="Car_1825" speed="13.01" length="5.00" type="DEFAULT_CAR"/>
    <instantOut id="217_D102" time="13964.01" state="leave" vehID="Car_1825" speed="12.26" length="5.00" type="DEFAULT_CAR" occupancy="0.38"/>
    <instantOut id="217_D102" time="14033.63" state="enter" vehID="Car_1840" speed="11.63" length="5.00" type="DEFAULT_CAR" gap="69.61"/>
    <instantOut id="217_D102" time="14033.75" state="stay" vehID="Car_1840" speed="11.63" length="5.00" type="DEFAULT_CAR"/>
    <instantOut id="217_D102" time="14034.00" state="stay" vehID="Car_1840" speed="11.28" length="5.00" type="DEFAULT_CAR"/>
    <instantOut id="217_D102" time="14034.07" state="leave" vehID="Car_1840" speed="11.68" length="5.00" type="DEFAULT_CAR" occupancy="0.44"/>
    <instantOut id="217_D102" time="14722.72" state="enter" vehID="Car_1929" speed="10.60" length="5.00" type="DEFAULT_CAR" gap="688.65"/>
    <instantOut id="217_D102" time="14722.75" state="stay" vehID="Car_1929" speed="10.60" length="5.00" type="DEFAULT_CAR"/>
    <instantOut id="217_D102" time="14723.00" state="stay" vehID="Car_1929" speed="10.78" length="5.00" type="DEFAULT_CAR"/>
    <instantOut id="217_D102" time="14723.18" state="leave" vehID="Car_1929" speed="10.93" length="5.00" type="DEFAULT_CAR" occupancy="0.46"/>
    <instantOut id="217_D102" time="14834.39" state="enter" vehID="Car_1942" speed="12.29" length="5.00" type="DEFAULT_CAR" gap="111.21"/>
    <instantOut id="217_D102" time="14834.50" state="stay" vehID="Car_1942" speed="12.29" length="5.00" type="DEFAULT_CAR"/>
    <instantOut id="217_D102" time="14834.75" state="stay" vehID="Car_1942" speed="11.85" length="5.00" type="DEFAULT_CAR"/>
    <instantOut id="217_D102" time="14834.80" state="leave" vehID="Car_1942" speed="11.89" length="5.00" type="DEFAULT_CAR" occupancy="0.42"/>
    <instantOut id="217_D102" time="15001.82" state="enter" vehID="Car_1962" speed="13.45" length="5.00" type="DEFAULT_CAR" gap="167.01"/>
    <instantOut id="217_D102" time="15002.00" state="stay" vehID="Car_1962" speed="13.45" length="5.00" type="DEFAULT_CAR"/>
    <instantOut id="217_D102" time="15002.20" state="leave" vehID="Car_1962" speed="12.77" length="5.00" type="DEFAULT_CAR" occupancy="0.38"/>
    <instantOut id="217_D102" time="15015.96" state="enter" vehID="Car_1967" speed="14.00" length="5.00" type="DEFAULT_CAR" gap="13.76"/>
    <instantOut id="217_D102" time="15016.00" state="stay" vehID="Car_1967" speed="14.00" length="5.00" type="DEFAULT_CAR"/>
    <instantOut id="217_D102" time="15016.25" state="stay" vehID="Car_1967" speed="13.25" length="5.00" type="DEFAULT_CAR"/>
    <instantOut id="217_D102" time="15016.34" state="leave" vehID="Car_1967" speed="12.50" length="5.00" type="DEFAULT_CAR" occupancy="0.38"/>
    <instantOut id="217_D102" time="15142.60" state="enter" vehID="Car_1979" speed="10.02" length="5.00" type="DEFAULT_CAR" gap="126.25"/>
    <instantOut id="217_D102" time="15142.75" state="stay" vehID="Car_1979" speed="10.02" length="5.00" type="DEFAULT_CAR"/>
    <instantOut id="217_D102" time="15143.00" state="stay" vehID="Car_1979" speed="9.98" length="5.00" type="DEFAULT_CAR"/>
    <instantOut id="217_D102" time="15143.10" state="leave" vehID="Car_1979" speed="9.93" length="5.00" type="DEFAULT_CAR" occupancy="0.50"/>
    <instantOut id="217_D102" time="15144.11" state="enter" vehID="Car_1981" speed="10.70" length="5.00" type="DEFAULT_CAR" gap="1.01"/>
    <instantOut id="217_D102" time="15144.25" state="stay" vehID="Car_1981" speed="10.70" length="5.00" type="DEFAULT_CAR"/>
    <instantOut id="217_D102" time="15144.50" state="stay" vehID="Car_1981" speed="10.08" length="5.00" type="DEFAULT_CAR"/>
    <instantOut id="217_D102" time="15144.61" state="leave" vehID="Car_1981" speed="9.33" length="5.00" type="DEFAULT_CAR" occupancy="0.50"/>
    <instantOut id="217_D102" time="15190.38" state="enter" vehID="Car_1988" speed="11.48" length="5.00" type="DEFAULT_CAR" gap="45.77"/>
    <instantOut id="217_D102" time="15190.50" state="stay" vehID="Car_1988" speed="11.48" length="5.00" type="DEFAULT_CAR"/>
    <instantOut id="217_D102" time="15190.75" state="stay" vehID="Car_1988" speed="11.61" length="5.00" type="DEFAULT_CAR"/>
    <instantOut id="217_D102" time="15190.81" state="leave" vehID="Car_1988" speed="11.44" length="5.00" type="DEFAULT_CAR" occupancy="0.43"/>
    <instantOut id="217_D102" time="15197.11" state="enter" vehID="Car_1991" speed="13.52" length="5.00" type="DEFAULT_CAR" gap="6.30"/>
    <instantOut id="217_D102" time="15197.25" state="stay" vehID="Car_1991" speed="13.52" length="5.00" type="DEFAULT_CAR"/>
    <instantOut id="217_D102" time="15197.50" state="leave" vehID="Car_1991" speed="12.77" length="5.00" type="DEFAULT_CAR" occupancy="0.38"/>
    <instantOut id="217_D102" time="15374.63" state="enter" vehID="Car_2021" speed="13.63" length="5.00" type="DEFAULT_CAR" gap="177.14"/>
    <instantOut id="217_D102" time="15374.75" state="stay" vehID="Car_2021" speed="13.63" length="5.00" type="DEFAULT_CAR"/>
    <instantOut id="217_D102" time="15375.00" state="stay" vehID="Car_2021" speed="12.98" length="5.00" type="DEFAULT_CAR"/>
    <instantOut id="217_D102" time="15375.01" state="leave" vehID="Car_2021" speed="12.23" length="5.00" type="DEFAULT_CAR" occupancy="0.38"/>
    <instantOut id="217_D102" time="15419.41" state="enter" vehID="Car_2027" speed="13.70" length="5.00" type="DEFAULT_CAR" gap="44.39"/>
    <instantOut id="217_D102" time="15419.50" state="stay" vehID="Car_2027" speed="13.70" length="5.00" type="DEFAULT_CAR"/>
    <instantOut id="217_D102" time="15419.75" state="stay" vehID="Car_2027" speed="12.95" length="5.00" type="DEFAULT_CAR"/>
    <instantOut id="217_D102" time="15419.79" state="leave" vehID="Car_2027" speed="12.20" length="5.00" type="DEFAULT_CAR" occupancy="0.38"/>
    <instantOut id="217_D102" time="15524.40" state="enter" vehID="Car_2043" speed="5.89" length="5.00" type="DEFAULT_CAR" gap="104.61"/>
    <instantOut id="217_D102" time="15524.50" state="stay" vehID="Car_2043" speed="5.89" length="5.00" type="DEFAULT_CAR"/>
    <instantOut id="217_D102" time="15524.75" state="stay" vehID="Car_2043" speed="6.21" length="5.00" type="DEFAULT_CAR"/>
    <instantOut id="217_D102" time="15525.00" state="stay" vehID="Car_2043" speed="5.95" length="5.00" type="DEFAULT_CAR"/>
    <instantOut id="217_D102" time="15525.23" state="leave" vehID="Car_2043" speed="5.95" length="5.00" type="DEFAULT_CAR" occupancy="0.83"/>
    <instantOut id="217_D102" time="15538.15" state="enter" vehID="Car_2047" speed="10.58" length="5.00" type="DEFAULT_CAR" gap="12.91"/>
    <instantOut id="217_D102" time="15538.25" state="stay" vehID="Car_2047" speed="10.58" length="5.00" type="DEFAULT_CAR"/>
    <instantOut id="217_D102" time="15538.50" state="stay" vehID="Car_2047" speed="10.51" length="5.00" type="DEFAULT_CAR"/>
    <instantOut id="217_D102" time="15538.62" state="leave" vehID="Car_2047" speed="10.60" length="5.00" type="DEFAULT_CAR" occupancy="0.47"/>
    <instantOut id="217_D102" time="15960.36" state="enter" vehID="Car_2088" speed="13.61" length="5.00" type="DEFAULT_CAR" gap="421.74"/>
    <instantOut id="217_D102" time="15960.50" state="stay" vehID="Car_2088" speed="13.61" length="5.00" type="DEFAULT_CAR"/>
    <instantOut id="217_D102" time="15960.74" state="leave" vehID="Car_2088" speed="12.89" length="5.00" type="DEFAULT_CAR" occupancy="0.38"/>
    <instantOut id="217_D102" time="16562.57" state="enter" vehID="Car_2180" speed="13.51" length="5.00" type="DEFAULT_CAR" gap="601.83"/>
    <instantOut id="217_D102" time="16562.75" state="stay" vehID="Car_2180" speed="13.51" length="5.00" type="DEFAULT_CAR"/>
    <instantOut id="217_D102" time="16562.95" state="leave" vehID="Car_2180" speed="12.81" length="5.00" type="DEFAULT_CAR" occupancy="0.38"/>
    <instantOut id="217_D102" time="16642.49" state="enter" vehID="Car_2186" speed="8.60" length="5.00" type="DEFAULT_CAR" gap="79.54"/>
    <instantOut id="217_D102" time="16642.50" state="stay" vehID="Car_2186" speed="8.60" length="5.00" type="DEFAULT_CAR"/>
    <instantOut id="217_D102" time="16642.75" state="stay" vehID="Car_2186" speed="8.65" length="5.00" type="DEFAULT_CAR"/>
    <instantOut id="217_D102" time="16643.00" state="stay" vehID="Car_2186" speed="8.79" length="5.00" type="DEFAULT_CAR"/>
    <instantOut id="217_D102" time="16643.06" state="leave" vehID="Car_2186" speed="8.71" length="5.00" type="DEFAULT_CAR" occupancy="0.57"/>
    <instantOut id="217_D102" time="17735.29" state="enter" vehID="Car_2337" speed="13.44" length="5.00" type="DEFAULT_CAR" gap="1092.23"/>
    <instantOut id="217_D102" time="17735.50" state="stay" vehID="Car_2337" speed="13.44" length="5.00" type="DEFAULT_CAR"/>
    <instantOut id="217_D102" time="17735.68" state="leave" vehID="Car_2337" speed="12.69" length="5.00" type="DEFAULT_CAR" occupancy="0.38"/>
    <instantOut id="217_D102" time="17933.83" state="enter" vehID="Car_2358" speed="13.44" length="5.00" type="DEFAULT_CAR" gap="198.16"/>
    <instantOut id="217_D102" time="17934.00" state="stay" vehID="Car_2358" speed="13.44" length="5.00" type="DEFAULT_CAR"/>
    <instantOut id="217_D102" time="17934.22" state="leave" vehID="Car_2358" speed="12.69" length="5.00" type="DEFAULT_CAR" occupancy="0.38"/>
    <instantOut id="217_D102" time="18599.41" state="enter" vehID="Car_2434" speed="9.36" length="5.00" type="DEFAULT_CAR" gap="665.20"/>
    <instantOut id="217_D102" time="18599.50" state="stay" vehID="Car_2434" speed="9.36" length="5.00" type="DEFAULT_CAR"/>
    <instantOut id="217_D102" time="18599.75" state="stay" vehID="Car_2434" speed="9.30" length="5.00" type="DEFAULT_CAR"/>
    <instantOut id="217_D102" time="18599.95" state="leave" vehID="Car_2434" speed="9.53" length="5.00" type="DEFAULT_CAR" occupancy="0.53"/>
    <instantOut id="217_D102" time="18691.12" state="enter" vehID="Car_2446" speed="13.63" length="5.00" type="DEFAULT_CAR" gap="91.18"/>
    <instantOut id="217_D102" time="18691.25" state="stay" vehID="Car_2446" speed="13.63" length="5.00" type="DEFAULT_CAR"/>
    <instantOut id="217_D102" time="18691.50" state="stay" vehID="Car_2446" speed="12.88" length="5.00" type="DEFAULT_CAR"/>
    <instantOut id="217_D102" time="18691.51" state="leave" vehID="Car_2446" speed="12.18" length="5.00" type="DEFAULT_CAR" occupancy="0.38"/>
    <instantOut id="217_D102" time="19020.51" state="enter" vehID="Car_2487" speed="12.96" length="5.00" type="DEFAULT_CAR" gap="329.00"/>
    <instantOut id="217_D102" time="19020.75" state="stay" vehID="Car_2487" speed="12.96" length="5.00" type="DEFAULT_CAR"/>
    <instantOut id="217_D102" time="19020.90" state="leave" vehID="Car_2487" speed="12.35" length="5.00" type="DEFAULT_CAR" occupancy="0.39"/>
    <instantOut id="217_D102" time="19481.19" state="enter" vehID="Car_2551" speed="13.71" length="5.00" type="DEFAULT_CAR" gap="460.29"/>
    <instantOut id="217_D102" time="19481.25" state="stay" vehID="Car_2551" speed="13.71" length="5.00" type="DEFAULT_CAR"/>
    <instantOut id="217_D102" time="19481.50" state="stay" vehID="Car_2551" speed="12.96" length="5.00" type="DEFAULT_CAR"/>
    <instantOut id="217_D102" time="19481.58" state="leave" vehID="Car_2551" speed="12.21" length="5.00" type="DEFAULT_CAR" occupancy="0.39"/>
    <instantOut id="217_D102" time="19998.24" state="enter" vehID="Car_2616" speed="12.41" length="5.00" type="DEFAULT_CAR" gap="516.67"/>
    <instantOut id="217_D102" time="19998.25" state="stay" vehID="Car_2616" speed="12.41" length="5.00" type="DEFAULT_CAR"/>
    <instantOut id="217_D102" time="19998.50" state="stay" vehID="Car_2616" speed="12.67" length="5.00" type="DEFAULT_CAR"/>
    <instantOut id="217_D102" time="19998.64" state="leave" vehID="Car_2616" speed="12.48" length="5.00" type="DEFAULT_CAR" occupancy="0.40"/>
    <instantOut id="217_D102" time="20086.83" state="enter" vehID="Car_2622" speed="13.58" length="5.00" type="DEFAULT_CAR" gap="88.19"/>
    <instantOut id="217_D102" time="20087.00" state="stay" vehID="Car_2622" speed="13.58" length="5.00" type="DEFAULT_CAR"/>
    <instantOut id="217_D102" time="20087.21" state="leave" vehID="Car_2622" speed="12.83" length="5.00" type="DEFAULT_CAR" occupancy="0.38"/>
    <instantOut id="217_D102" time="20110.05" state="enter" vehID="Car_2624" speed="12.65" length="5.00" type="DEFAULT_CAR" gap="22.84"/>
    <instantOut id="217_D102" time="20110.25" state="stay" vehID="Car_2624" speed="12.65" length="5.00" type="DEFAULT_CAR"/>
    <instantOut id="217_D102" time="20110.44" state="leave" vehID="Car_2624" speed="12.64" length="5.00" type="DEFAULT_CAR" occupancy="0.40"/>
    <instantOut id="217_D102" time="20433.71" state="enter" vehID="Car_2662" speed="5.22" length="5.00" type="DEFAULT_CAR" gap="323.27"/>
    <instantOut id="217_D102" time="20433.75" state="stay" vehID="Car_2662" speed="5.22" length="5.00" type="DEFAULT_CAR"/>
    <instantOut id="217_D102" time="20434.00" state="stay" vehID="Car_2662" speed="5.61" length="5.00" type="DEFAULT_CAR"/>
    <instantOut id="217_D102" time="20434.25" state="stay" vehID="Car_2662" speed="5.52" length="5.00" type="DEFAULT_CAR"/>
    <instantOut id="217_D102" time="20434.50" state="stay" vehID="Car_2662" speed="5.38" length="5.00" type="DEFAULT_CAR"/>
    <instantOut id="217_D102" time="20434.62" state="leave" vehID="Car_2662" speed="5.60" length="5.00" type="DEFAULT_CAR" occupancy="0.91"/>
    <instantOut id="217_D102" time="20494.20" state="enter" vehID="Car_2669" speed="13.68" length="5.00" type="DEFAULT_CAR" gap="59.57"/>
    <instantOut id="217_D102" time="20494.25" state="stay" vehID="Car_2669" speed="13.68" length="5.00" type="DEFAULT_CAR"/>
    <instantOut id="217_D102" time="20494.50" state="stay" vehID="Car_2669" speed="12.97" length="5.00" type="DEFAULT_CAR"/>
    <instantOut id="217_D102" time="20494.58" state="leave" vehID="Car_2669" speed="12.22" length="5.00" type="DEFAULT_CAR" occupancy="0.39"/>
    <instantOut id="217_D102" time="20565.77" state="enter" vehID="Car_2677" speed="13.08" length="5.00" type="DEFAULT_CAR" gap="71.19"/>
    <instantOut id="217_D102" time="20566.00" state="stay" vehID="Car_2677" speed="13.08" length="5.00" type="DEFAULT_CAR"/>
    <instantOut id="217_D102" time="20566.17" state="leave" vehID="Car_2677" speed="12.36" length="5.00" type="DEFAULT_CAR" occupancy="0.39"/>
    <instantOut id="217_D102" time="21261.36" state="enter" vehID="Car_2768" speed="13.25" length="5.00" type="DEFAULT_CAR" gap="695.19"/>
    <instantOut id="217_D102" time="21261.50" state="stay" vehID="Car_2768" speed="13.25" length="5.00" type="DEFAULT_CAR"/>
    <instantOut id="217_D102" time="21261.74" state="leave" vehID="Car_2768" speed="12.92" length="5.00" type="DEFAULT_CAR" occupancy="0.38"/>
    <instantOut id="217_D102" time="21732.18" state="enter" vehID="Car_2842" speed="13.91" length="5.00" type="DEFAULT_CAR" gap="470.44"/>
    <instantOut id="217_D102" time="21732.25" state="stay" vehID="Car_2842" speed="13.91" length="5.00" type="DEFAULT_CAR"/>
    <instantOut id="217_D102" time="21732.50" state="stay" vehID="Car_2842" speed="13.16" length="5.00" type="DEFAULT_CAR"/>
    <instantOut id="217_D102" time="21732.56" state="leave" vehID="Car_2842" speed="12.41" length="5.00" type="DEFAULT_CAR" occupancy="0.38"/>
    <instantOut id="217_D102" time="21796.67" state="enter" vehID="Car_2852" speed="13.87" length="5.00" type="DEFAULT_CAR" gap="64.11"/>
    <instantOut id="217_D102" time="21796.75" state="stay" vehID="Car_2852" speed="13.87" length="5.00" type="DEFAULT_CAR"/>
    <instantOut id="217_D102" time="21797.00" state="stay" vehID="Car_2852" speed="13.12" length="5.00" type="DEFAULT_CAR"/>
    <instantOut id="217_D102" time="21797.05" state="leave" vehID="Car_2852" speed="12.37" length="5.00" type="DEFAULT_CAR" occupancy="0.38"/>
    <instantOut id="217_D102" time="22219.94" state="enter" vehID="Car_2911" speed="13.56" length="5.00" type="DEFAULT_CAR" gap="422.89"/>
    <instantOut id="217_D102" time="22220.00" state="stay" vehID="Car_2911" speed="13.56" length="5.00" type="DEFAULT_CAR"/>
    <instantOut id="217_D102" time="22220.25" state="stay" vehID="Car_2911" speed="12.81" length="5.00" type="DEFAULT_CAR"/>
    <instantOut id="217_D102" time="22220.34" state="leave" vehID="Car_2911" speed="12.20" length="5.00" type="DEFAULT_CAR" occupancy="0.39"/>
    <instantOut id="217_D102" time="22330.54" state="enter" vehID="Car_2925" speed="13.38" length="5.00" type="DEFAULT_CAR" gap="110.20"/>
    <instantOut id="217_D102" time="22330.75" state="stay" vehID="Car_2925" speed="13.38" length="5.00" type="DEFAULT_CAR"/>
    <instantOut id="217_D102" time="22330.92" state="leave" vehID="Car_2925" speed="12.63" length="5.00" type="DEFAULT_CAR" occupancy="0.38"/>
    <instantOut id="217_D102" time="22337.67" state="enter" vehID="Car_2926" speed="9.47" length="5.00" type="DEFAULT_CAR" gap="6.75"/>
    <instantOut id="217_D102" time="22337.75" state="stay" vehID="Car_2926" speed="9.47" length="5.00" type="DEFAULT_CAR"/>
    <instantOut id="217_D102" time="22338.00" state="stay" vehID="Car_2926" speed="9.54" length="5.00" type="DEFAULT_CAR"/>
    <instantOut id="217_D102" time="22338.20" state="leave" vehID="Car_2926" speed="9.21" length="5.00" type="DEFAULT_CAR" occupancy="0.53"/>
    <instantOut id="217_D102" time="22340.95" state="enter" vehID="Car_2930" speed="11.41" length="5.00" type="DEFAULT_CAR" gap="2.75"/>
    <instantOut id="217_D102" time="22341.00" state="stay" vehID="Car_2930" speed="11.41" length="5.00" type="DEFAULT_CAR"/>
    <instantOut id="217_D102" time="22341.25" state="stay" vehID="Car_2930" speed="10.66" length="5.00" type="DEFAULT_CAR"/>
    <instantOut id="217_D102" time="22341.41" state="leave" vehID="Car_2930" speed="10.84" length="5.00" type="DEFAULT_CAR" occupancy="0.46"/>
    <instantOut id="217_D102" time="22866.78" state="enter" vehID="Car_3015" speed="13.44" length="5.00" type="DEFAULT_CAR" gap="525.37"/>
    <instantOut id="217_D102" time="22867.00" state="stay" vehID="Car_3015" speed="13.44" length="5.00" type="DEFAULT_CAR"/>
    <instantOut id="217_D102" time="22867.16" state="leave" vehID="Car_3015" speed="12.69" length="5.00" type="DEFAULT_CAR" occupancy="0.38"/>
    <instantOut id="217_D102" time="23093.18" state="enter" vehID="Car_3048" speed="13.81" length="5.00" type="DEFAULT_CAR" gap="226.02"/>
    <instantOut id="217_D102" time="23093.25" state="stay" vehID="Car_3048" speed="13.81" length="5.00" type="DEFAULT_CAR"/>
    <instantOut id="217_D102" time="23093.50" state="stay" vehID="Car_3048" speed="13.06" length="5.00" type="DEFAULT_CAR"/>
    <instantOut id="217_D102" time="23093.57" state="leave" vehID="Car_3048" speed="12.35" length="5.00" type="DEFAULT_CAR" occupancy="0.38"/>
    <instantOut id="217_D102" time="23162.53" state="enter" vehID="Car_3060" speed="13.18" length="5.00" type="DEFAULT_CAR" gap="68.97"/>
    <instantOut id="217_D102" time="23162.75" state="stay" vehID="Car_3060" speed="13.18" length="5.00" type="DEFAULT_CAR"/>
    <instantOut id="217_D102" time="23162.92" state="leave" vehID="Car_3060" speed="12.67" length="5.00" type="DEFAULT_CAR" occupancy="0.39"/>
    <instantOut id="217_D102" time="23575.43" state="enter" vehID="Car_3124" speed="13.68" length="5.00" type="DEFAULT_CAR" gap="412.51"/>
    <instantOut id="217_D102" time="23575.50" state="stay" vehID="Car_3124" speed="13.68" length="5.00" type="DEFAULT_CAR"/>
    <instantOut id="217_D102" time="23575.75" state="stay" vehID="Car_3124" speed="12.93" length="5.00" type="DEFAULT_CAR"/>
    <instantOut id="217_D102" time="23575.82" state="leave" vehID="Car_3124" speed="12.18" length="5.00" type="DEFAULT_CAR" occupancy="0.39"/>
    <instantOut id="217_D102" time="23797.38" state="enter" vehID="Car_3155" speed="12.21" length="5.00" type="DEFAULT_CAR" gap="221.56"/>
    <instantOut id="217_D102" time="23797.50" state="stay" vehID="Car_3155" speed="12.21" length="5.00" type="DEFAULT_CAR"/>
    <instantOut id="217_D102" time="23797.75" state="stay" vehID="Car_3155" speed="12.11" length="5.00" type="DEFAULT_CAR"/>
    <instantOut id="217_D102" time="23797.79" state="leave" vehID="Car_3155" speed="12.01" length="5.00" type="DEFAULT_CAR" occupancy="0.41"/>
    <instantOut id="217_D102" time="24055.58" state="enter" vehID="Car_3187" speed="13.46" length="5.00" type="DEFAULT_CAR" gap="257.79"/>
    <instantOut id="217_D102" time="24055.75" state="stay" vehID="Car_3187" speed="13.46" length="5.00" type="DEFAULT_CAR"/>
    <instantOut id="217_D102" time="24055.96" state="leave" vehID="Car_3187" speed="12.71" length="5.00" type="DEFAULT_CAR" occupancy="0.38"/>
    <instantOut id="217_D102" time="24247.43" state="enter" vehID="Car_3207" speed="13.49" length="5.00" type="DEFAULT_CAR" gap="191.47"/>
    <instantOut id="217_D102" time="24247.50" state="stay" vehID="Car_3207" speed="13.49" length="5.00" type="DEFAULT_CAR"/>
    <instantOut id="217_D102" time="24247.75" state="stay" vehID="Car_3207" speed="12.75" length="5.00" type="DEFAULT_CAR"/>
    <instantOut id="217_D102" time="24247.82" state="leave" vehID="Car_3207" speed="12.22" length="5.00" type="DEFAULT_CAR" occupancy="0.39"/>
    <instantOut id="217_D102" time="24302.10" state="enter" vehID="Car_3214" speed="13.65" length="5.00" type="DEFAULT_CAR" gap="54.28"/>
    <instantOut id="217_D102" time="24302.25" state="stay" vehID="Car_3214" speed="13.65" length="5.00" type="DEFAULT_CAR"/>
    <instantOut id="217_D102" time="24302.48" state="leave" vehID="Car_3214" speed="12.90" length="5.00" type="DEFAULT_CAR" occupancy="0.38"/>
    <instantOut id="217_D102" time="24456.47" state="enter" vehID="Car_3234" speed="13.91" length="5.00" type="DEFAULT_CAR" gap="153.99"/>
    <instantOut id="217_D102" time="24456.50" state="stay" vehID="Car_3234" speed="13.91" length="5.00" type="DEFAULT_CAR"/>
    <instantOut id="217_D102" time="24456.75" state="stay" vehID="Car_3234" speed="13.23" length="5.00" type="DEFAULT_CAR"/>
    <instantOut id="217_D102" time="24456.86" state="leave" vehID="Car_3234" speed="12.48" length="5.00" type="DEFAULT_CAR" occupancy="0.38"/>
    <instantOut id="217_D102" time="24582.54" state="enter" vehID="Car_3252" speed="9.48" length="5.00" type="DEFAULT_CAR" gap="125.68"/>
    <instantOut id="217_D102" time="24582.75" state="stay" vehID="Car_3252" speed="9.48" length="5.00" type="DEFAULT_CAR"/>
    <instantOut id="217_D102" time="24583.00" state="stay" vehID="Car_3252" speed="9.22" length="5.00" type="DEFAULT_CAR"/>
    <instantOut id="217_D102" time="24583.07" state="leave" vehID="Car_3252" speed="9.49" length="5.00" type="DEFAULT_CAR" occupancy="0.53"/>
    <instantOut id="217_D102" time="25192.80" state="enter" vehID="Car_3345" speed="13.14" length="5.00" type="DEFAULT_CAR" gap="609.72"/>
    <instantOut id="217_D102" time="25193.00" state="stay" vehID="Car_3345" speed="13.14" length="5.00" type="DEFAULT_CAR"/>
    <instantOut id="217_D102" time="25193.19" state="leave" vehID="Car_3345" speed="12.48" length="5.00" type="DEFAULT_CAR" occupancy="0.39"/>
    <instantOut id="217_D102" time="25414.28" state="enter" vehID="Car_3387" speed="13.34" length="5.00" type="DEFAULT_CAR" gap="221.10"/>
    <instantOut id="217_D102" time="25414.50" state="stay" vehID="Car_3387" speed="13.34" length="5.00" type="DEFAULT_CAR"/>
    <instantOut id="217_D102" time="25414.67" state="leave" vehID="Car_3387" speed="12.59" length="5.00" type="DEFAULT_CAR" occupancy="0.38"/>
    <instantOut id="217_D102" time="25697.74" state="enter" vehID="Car_3430" speed="14.05" length="5.00" type="DEFAULT_CAR" gap="283.07"/>
    <instantOut id="217_D102" time="25697.75" state="stay" vehID="Car_3430" speed="14.05" length="5.00" type="DEFAULT_CAR"/>
    <instantOut id="217_D102" time="25698.00" state="stay" vehID="Car_3430" speed="13.30" length="5.00" type="DEFAULT_CAR"/>
    <instantOut id="217_D102" time="25698.12" state="leave" vehID="Car_3430" speed="12.55" length="5.00" type="DEFAULT_CAR" occupancy="0.38"/>
    <instantOut id="217_D102" time="26076.27" state="enter" vehID="Car_3487" speed="9.11" length="5.00" type="DEFAULT_CAR" gap="378.16"/>
    <instantOut id="217_D102" time="26076.50" state="stay" vehID="Car_3487" speed="9.11" length="5.00" type="DEFAULT_CAR"/>
    <instantOut id="217_D102" time="26076.75" state="stay" vehID="Car_3487" speed="8.96" length="5.00" type="DEFAULT_CAR"/>
    <instantOut id="217_D102" time="26076.83" state="leave" vehID="Car_3487" speed="9.29" length="5.00" type="DEFAULT_CAR" occupancy="0.55"/>
    <instantOut id="217_D102" time="26185.30" state="enter" vehID="Car_3502" speed="11.16" length="5.00" type="DEFAULT_CAR" gap="108.48"/>
    <instantOut id="217_D102" time="26185.50" state="stay" vehID="Car_3502" speed="11.16" length="5.00" type="DEFAULT_CAR"/>
    <instantOut id="217_D102" time="26185.75" state="stay" vehID="Car_3502" speed="11.02" length="5.00" type="DEFAULT_CAR"/>
    <instantOut id="217_D102" time="26185.75" state="leave" vehID="Car_3502" speed="11.21" length="5.00" type="DEFAULT_CAR" occupancy="0.45"/>
    <instantOut id="217_D102" time="26219.23" state="enter" vehID="Car_3508" speed="8.93" length="5.00" type="DEFAULT_CAR" gap="33.47"/>
    <instantOut id="217_D102" time="26219.25" state="stay" vehID="Car_3508" speed="8.93" length="5.00" type="DEFAULT_CAR"/>
    <instantOut id="217_D102" time="26219.50" state="stay" vehID="Car_3508" speed="8.88" length="5.00" type="DEFAULT_CAR"/>
    <instantOut id="217_D102" time="26219.75" state="stay" vehID="Car_3508" speed="8.95" length="5.00" type="DEFAULT_CAR"/>
    <instantOut id="217_D102" time="26219.79" state="leave" vehID="Car_3508" speed="8.95" length="5.00" type="DEFAULT_CAR" occupancy="0.56"/>
    <instantOut id="217_D102" time="27293.91" state="enter" vehID="Car_3656" speed="12.94" length="5.00" type="DEFAULT_CAR" gap="1074.12"/>
    <instantOut id="217_D102" time="27294.00" state="stay" vehID="Car_3656" speed="12.94" length="5.00" type="DEFAULT_CAR"/>
    <instantOut id="217_D102" time="27294.25" state="stay" vehID="Car_3656" speed="12.87" length="5.00" type="DEFAULT_CAR"/>
    <instantOut id="217_D102" time="27294.30" state="leave" vehID="Car_3656" speed="12.12" length="5.00" type="DEFAULT_CAR" occupancy="0.39"/>
    <instantOut id="217_D102" time="27518.59" state="enter" vehID="Car_3699" speed="13.60" length="5.00" type="DEFAULT_CAR" gap="224.29"/>
    <instantOut id="217_D102" time="27518.75" state="stay" vehID="Car_3699" speed="13.60" length="5.00" type="DEFAULT_CAR"/>
    <instantOut id="217_D102" time="27518.97" state="leave" vehID="Car_3699" speed="12.85" length="5.00" type="DEFAULT_CAR" occupancy="0.38"/>
    <instantOut id="217_D102" time="27809.37" state="enter" vehID="Car_3741" speed="13.62" length="5.00" type="DEFAULT_CAR" gap="290.40"/>
    <instantOut id="217_D102" time="27809.50" state="stay" vehID="Car_3741" speed="13.62" length="5.00" type="DEFAULT_CAR"/>
    <instantOut id="217_D102" time="27809.75" state="leave" vehID="Car_3741" speed="12.87" length="5.00" type="DEFAULT_CAR" occupancy="0.38"/>
    <instantOut id="217_D102" time="28162.55" state="enter" vehID="Car_3783" speed="13.34" length="5.00" type="DEFAULT_CAR" gap="352.80"/>
    <instantOut id="217_D102" time="28162.75" state="stay" vehID="Car_3783" speed="13.34" length="5.00" type="DEFAULT_CAR"/>
    <instantOut id="217_D102" time="28162.94" state="leave" vehID="Car_3783" speed="12.59" length="5.00" type="DEFAULT_CAR" occupancy="0.39"/>
    <instantOut id="217_D102" time="28609.87" state="enter" vehID="Car_3849" speed="11.81" length="5.00" type="DEFAULT_CAR" gap="446.93"/>
    <instantOut id="217_D102" time="28610.00" state="stay" vehID="Car_3849" speed="11.81" length="5.00" type="DEFAULT_CAR"/>
    <instantOut id="217_D102" time="28610.25" state="stay" vehID="Car_3849" speed="11.63" length="5.00" type="DEFAULT_CAR"/>
    <instantOut id="217_D102" time="28610.30" state="leave" vehID="Car_3849" speed="11.80" length="5.00" type="DEFAULT_CAR" occupancy="0.43"/>
    <instantOut id="217_D102" time="28751.12" state="enter" vehID="Car_3866" speed="13.71" length="5.00" type="DEFAULT_CAR" gap="140.82"/>
    <instantOut id="217_D102" time="28751.25" state="stay" vehID="Car_3866" speed="13.71" length="5.00" type="DEFAULT_CAR"/>
    <instantOut id="217_D102" time="28751.49" state="leave" vehID="Car_3866" speed="12.96" length="5.00" type="DEFAULT_CAR" occupancy="0.38"/>
    <instantOut id="217_D102" time="28820.61" state="enter" vehID="Car_3873" speed="12.77" length="5.00" type="DEFAULT_CAR" gap="69.11"/>
    <instantOut id="217_D102" time="28820.75" state="stay" vehID="Car_3873" speed="12.77" length="5.00" type="DEFAULT_CAR"/>
    <instantOut id="217_D102" time="28821.00" state="leave" vehID="Car_3873" speed="12.88" length="5.00" type="DEFAULT_CAR" occupancy="0.39"/>
    <instantOut id="217_D102" time="28822.35" state="enter" vehID="Car_3875" speed="11.07" length="5.00" type="DEFAULT_CAR" gap="1.35"/>
    <instantOut id="217_D102" time="28822.50" state="stay" vehID="Car_3875" speed="11.07" length="5.00" type="DEFAULT_CAR"/>
    <instantOut id="217_D102" time="28822.75" state="stay" vehID="Car_3875" speed="10.34" length="5.00" type="DEFAULT_CAR"/>
    <instantOut id="217_D102" time="28822.83" state="leave" vehID="Car_3875" speed="9.59" length="5.00" type="DEFAULT_CAR" occupancy="0.48"/>
    <instantOut id="217_D102" time="29055.14" state="enter" vehID="Car_3918" speed="12.30" length="5.00" type="DEFAULT_CAR" gap="232.31"/>
    <instantOut id="217_D102" time="29055.25" state="stay" vehID="Car_3918" speed="12.30" length="5.00" type="DEFAULT_CAR"/>
    <instantOut id="217_D102" time="29055.50" state="stay" vehID="Car_3918" speed="11.84" length="5.00" type="DEFAULT_CAR"/>
    <instantOut id="217_D102" time="29055.56" state="leave" vehID="Car_3918" speed="12.17" length="5.00" type="DEFAULT_CAR" occupancy="0.42"/>
    <instantOut id="217_D102" time="29410.70" state="enter" vehID="Car_3969" speed="12.95" length="5.00" type="DEFAULT_CAR" gap="355.14"/>
    <instantOut id="217_D102" time="29410.75" state="stay" vehID="Car_3969" speed="12.95" length="5.00" type="DEFAULT_CAR"/>
    <instantOut id="217_D102" time="29411.00" state="stay" vehID="Car_3969" speed="12.89" length="5.00" type="DEFAULT_CAR"/>
    <instantOut id="217_D102" time="29411.09" state="leave" vehID="Car_3969" speed="12.28" length="5.00" type="DEFAULT_CAR" occupancy="0.39"/>
    <instantOut id="217_D102" time="29426.05" state="enter" vehID="Car_3971" speed="13.46" length="5.00" type="DEFAULT_CAR" gap="14.96"/>
    <instantOut id="217_D102" time="29426.25" state="stay" vehID="Car_3971" speed="13.46" length="5.00" type="DEFAULT_CAR"/>
    <instantOut id="217_D102" time="29426.43" state="leave" vehID="Car_3971" speed="12.71" length="5.00" type="DEFAULT_CAR" occupancy="0.38"/>
    <instantOut id="217_D102" time="29683.65" state="enter" vehID="Car_4012" speed="12.30" length="5.00" type="DEFAULT_CAR" gap="257.22"/>
    <instantOut id="217_D102" time="29683.75" state="stay" vehID="Car_4012" speed="12.30" length="5.00" type="DEFAULT_CAR"/>
    <instantOut id="217_D102" time="29684.00" state="stay" vehID="Car_4012" speed="12.32" length="5.00" type="DEFAULT_CAR"/>
    <instantOut id="217_D102" time="29684.06" state="leave" vehID="Car_4012" speed="12.13" length="5.00" type="DEFAULT_CAR" occupancy="0.41"/>
    <instantOut id="217_D102" time="29836.43" state="enter" vehID="Car_4032" speed="13.72" length="5.00" type="DEFAULT_CAR" gap="152.38"/>
    <instantOut id="217_D102" time="29836.50" state="stay" vehID="Car_4032" speed="13.72" length="5.00" type="DEFAULT_CAR"/>
    <instantOut id="217_D102" time="29836.75" state="stay" vehID="Car_4032" speed="12.97" length="5.00" type="DEFAULT_CAR"/>
    <instantOut id="217_D102" time="29836.82" state="leave" vehID="Car_4032" speed="12.22" length="5.00" type="DEFAULT_CAR" occupancy="0.39"/>
    <instantOut id="217_D102" time="30067.77" state="enter" vehID="Car_4067" speed="13.38" length="5.00" type="DEFAULT_CAR" gap="230.95"/>
    <instantOut id="217_D102" time="30068.00" state="stay" vehID="Car_4067" speed="13.38" length="5.00" type="DEFAULT_CAR"/>
    <instantOut id="217_D102" time="30068.15" state="leave" vehID="Car_4067" speed="12.63" length="5.00" type="DEFAULT_CAR" occupancy="0.38"/>
    <instantOut id="217_D102" time="30366.93" state="enter" vehID="Car_4099" speed="13.36" length="5.00" type="DEFAULT_CAR" gap="298.78"/>
    <instantOut id="217_D102" time="30367.00" state="stay" vehID="Car_4099" speed="13.36" length="5.00" type="DEFAULT_CAR"/>
    <instantOut id="217_D102" time="30367.25" state="stay" vehID="Car_4099" speed="12.85" length="5.00" type="DEFAULT_CAR"/>
    <instantOut id="217_D102" time="30367.32" state="leave" vehID="Car_4099" speed="12.18" length="5.00" type="DEFAULT_CAR" occupancy="0.39"/>
    <instantOut id="217_D102" time="30564.07" state="enter" vehID="Car_4129" speed="9.86" length="5.00" type="DEFAULT_CAR" gap="196.75"/>
    <instantOut id="217_D102" time="30564.25" state="stay" vehID="Car_4129" speed="9.86" length="5.00" type="DEFAULT_CAR"/>
    <instantOut id="217_D102" time="30564.50" state="stay" vehID="Car_4129" speed="10.13" length="5.00" type="DEFAULT_CAR"/>
    <instantOut id="217_D102" time="30564.57" state="leave" vehID="Car_4129" speed="10.11" length="5.00" type="DEFAULT_CAR" occupancy="0.50"/>
    <instantOut id="217_D102" time="31132.91" state="enter" vehID="Car_4188" speed="13.60" length="5.00" type="DEFAULT_CAR" gap="568.34"/>
    <instantOut id="217_D102" time="31133.00" state="stay" vehID="Car_4188" speed="13.60" length="5.00" type="DEFAULT_CAR"/>
    <instantOut id="217_D102" time="31133.25" state="stay" vehID="Car_4188" speed="12.85" length="5.00" type="DEFAULT_CAR"/>
    <instantOut id="217_D102" time="31133.29" state="leave" vehID="Car_4188" speed="12.28" length="5.00" type="DEFAULT_CAR" occupancy="0.39"/>
    <instantOut id="217_D102" time="31236.89" state="enter" vehID="Car_4205" speed="13.68" length="5.00" type="DEFAULT_CAR" gap="103.60"/>
    <instantOut id="217_D102" time="31237.00" state="stay" vehID="Car_4205" speed="13.68" length="5.00" type="DEFAULT_CAR"/>
    <instantOut id="217_D102" time="31237.25" state="stay" vehID="Car_4205" speed="12.99" length="5.00" type="DEFAULT_CAR"/>
    <instantOut id="217_D102" time="31237.27" state="leave" vehID="Car_4205" speed="12.24" length="5.00" type="DEFAULT_CAR" occupancy="0.38"/>
    <instantOut id="217_D102" time="31697.08" state="enter" vehID="Car_4262" speed="11.82" length="5.00" type="DEFAULT_CAR" gap="459.81"/>
    <instantOut id="217_D102" time="31697.25" state="stay" vehID="Car_4262" speed="11.82" length="5.00" type="DEFAULT_CAR"/>
    <instantOut id="217_D102" time="31697.50" state="stay" vehID="Car_4262" speed="11.68" length="5.00" type="DEFAULT_CAR"/>
    <instantOut id="217_D102" time="31697.50" state="leave" vehID="Car_4262" speed="11.45" length="5.00" type="DEFAULT_CAR" occupancy="0.43"/>
    <instantOut id="217_D102" time="31950.41" state="enter" vehID="Car_4289" speed="13.77" length="5.00" type="DEFAULT_CAR" gap="252.91"/>
    <instantOut id="217_D102" time="31950.50" state="stay" vehID="Car_4289" speed="13.77" length="5.00" type="DEFAULT_CAR"/>
    <instantOut id="217_D102" time="31950.75" state="stay" vehID="Car_4289" speed="13.02" length="5.00" type="DEFAULT_CAR"/>
    <instantOut id="217_D102" time="31950.79" state="leave" vehID="Car_4289" speed="12.27" length="5.00" type="DEFAULT_CAR" occupancy="0.38"/>
    <instantOut id="217_D102" time="32026.11" state="enter" vehID="Car_4295" speed="13.66" length="5.00" type="DEFAULT_CAR" gap="75.32"/>
    <instantOut id="217_D102" time="32026.25" state="stay" vehID="Car_4295" speed="13.66" length="5.00" type="DEFAULT_CAR"/>
    <instantOut id="217_D102" time="32026.49" state="leave" vehID="Car_4295" speed="12.91" length="5.00" type="DEFAULT_CAR" occupancy="0.38"/>
    <instantOut id="217_D102" time="32290.34" state="enter" vehID="Car_4334" speed="13.63" length="5.00" type="DEFAULT_CAR" gap="263.85"/>
    <instantOut id="217_D102" time="32290.50" state="stay" vehID="Car_4334" speed="13.63" length="5.00" type="DEFAULT_CAR"/>
    <instantOut id="217_D102" time="32290.72" state="leave" vehID="Car_4334" speed="12.88" length="5.00" type="DEFAULT_CAR" occupancy="0.38"/>
    <instantOut id="217_D102" time="33087.50" state="enter" vehID="Car_4418" speed="10.00" length="5.00" type="DEFAULT_CAR" gap="796.78"/>
    <instantOut id="217_D102" time="33087.75" state="stay" vehID="Car_4418" speed="10.00" length="5.00" type="DEFAULT_CAR"/>
    <instantOut id="217_D102" time="33088.00" state="stay" vehID="Car_4418" speed="9.92" length="5.00" type="DEFAULT_CAR"/>
    <instantOut id="217_D102" time="33088.00" state="leave" vehID="Car_4418" speed="9.94" length="5.00" type="DEFAULT_CAR" occupancy="0.50"/>
    <instantOut id="217_D102" time="33188.44" state="enter" vehID="Car_4434" speed="13.84" length="5.00" type="DEFAULT_CAR" gap="100.44"/>
    <instantOut id="217_D102" time="33188.50" state="stay" vehID="Car_4434" speed="13.84" length="5.00" type="DEFAULT_CAR"/>
    <instantOut id="217_D102" time="33188.75" state="stay" vehID="Car_4434" speed="13.09" length="5.00" type="DEFAULT_CAR"/>
    <instantOut id="217_D102" time="33188.82" state="leave" vehID="Car_4434" speed="12.34" length="5.00" type="DEFAULT_CAR" occupancy="0.38"/>
    <instantOut id="217_D102" time="33344.15" state="enter" vehID="Car_4445" speed="13.80" length="5.00" type="DEFAULT_CAR" gap="155.32"/>
    <instantOut id="217_D102" time="33344.25" state="stay" vehID="Car_4445" speed="13.80" length="5.00" type="DEFAULT_CAR"/>
    <instantOut id="217_D102" time="33344.50" state="stay" vehID="Car_4445" speed="13.05" length="5.00" type="DEFAULT_CAR"/>
    <instantOut id="217_D102" time="33344.52" state="leave" vehID="Car_4445" speed="12.30" length="5.00" type="DEFAULT_CAR" occupancy="0.38"/>
    <instantOut id="217_D102" time="33516.75" state="enter" vehID="Car_4466" speed="9.55" length="5.00" type="DEFAULT_CAR" gap="172.23"/>
    <instantOut id="217_D102" time="33516.75" state="stay" vehID="Car_4466" speed="9.55" length="5.00" type="DEFAULT_CAR"/>
    <instantOut id="217_D102" time="33517.00" state="stay" vehID="Car_4466" speed="9.43" length="5.00" type="DEFAULT_CAR"/>
    <instantOut id="217_D102" time="33517.25" state="stay" vehID="Car_4466" speed="9.85" length="5.00" type="DEFAULT_CAR"/>
    <instantOut id="217_D102" time="33517.27" state="leave" vehID="Car_4466" speed="9.60" length="5.00" type="DEFAULT_CAR" occupancy="0.52"/>
    <instantOut id="217_D102" time="34311.83" state="enter" vehID="Car_4551" speed="11.06" length="5.00" type="DEFAULT_CAR" gap="794.56"/>
    <instantOut id="217_D102" time="34312.00" state="stay" vehID="Car_4551" speed="11.06" length="5.00" type="DEFAULT_CAR"/>
    <instantOut id="217_D102" time="34312.25" state="stay" vehID="Car_4551" speed="11.27" length="5.00" type="DEFAULT_CAR"/>
    <instantOut id="217_D102" time="34312.28" state="leave" vehID="Car_4551" speed="11.04" length="5.00" type="DEFAULT_CAR" occupancy="0.45"/>
    <instantOut id="217_D102" time="34378.47" state="enter" vehID="Car_4558" speed="13.89" length="5.00" type="DEFAULT_CAR" gap="66.19"/>
    <instantOut id="217_D102" time="34378.50" state="stay" vehID="Car_4558" speed="13.89" length="5.00" type="DEFAULT_CAR"/>
    <instantOut id="217_D102" time="34378.75" state="stay" vehID="Car_4558" speed="13.14" length="5.00" type="DEFAULT_CAR"/>
    <instantOut id="217_D102" time="34378.85" state="leave" vehID="Car_4558" speed="12.39" length="5.00" type="DEFAULT_CAR" occupancy="0.38"/>
    <instantOut id="217_D102" time="34431.08" state="enter" vehID="Car_4566" speed="12.09" length="5.00" type="DEFAULT_CAR" gap="52.23"/>
    <instantOut id="217_D102" time="34431.25" state="stay" vehID="Car_4566" speed="12.09" length="5.00" type="DEFAULT_CAR"/>
    <instantOut id="217_D102" time="34431.49" state="leave" vehID="Car_4566" speed="12.35" length="5.00" type="DEFAULT_CAR" occupancy="0.41"/>
    <instantOut id="217_D102" time="34469.19" state="enter" vehID="Car_4570" speed="13.85" length="5.00" type="DEFAULT_CAR" gap="37.70"/>
    <instantOut id="217_D102" time="34469.25" state="stay" vehID="Car_4570" speed="13.85" length="5.00" type="DEFAULT_CAR"/>
    <instantOut id="217_D102" time="34469.50" state="stay" vehID="Car_4570" speed="13.13" length="5.00" type="DEFAULT_CAR"/>
    <instantOut id="217_D102" time="34469.57" state="leave" vehID="Car_4570" speed="12.38" length="5.00" type="DEFAULT_CAR" occupancy="0.38"/>
    <instantOut id="217_D102" time="34660.29" state="enter" vehID="Car_4593" speed="10.75" length="5.00" type="DEFAULT_CAR" gap="190.73"/>
    <instantOut id="217_D102" time="34660.50" state="stay" vehID="Car_4593" speed="10.75" length="5.00" type="DEFAULT_CAR"/>
    <instantOut id="217_D102" time="34660.75" state="stay" vehID="Car_4593" speed="10.75" length="5.00" type="DEFAULT_CAR"/>
    <instantOut id="217_D102" time="34660.76" state="leave" vehID="Car_4593" speed="10.75" length="5.00" type="DEFAULT_CAR" occupancy="0.47"/>
    <instantOut id="217_D102" time="34903.57" state="enter" vehID="Car_4615" speed="13.58" length="5.00" type="DEFAULT_CAR" gap="242.81"/>
    <instantOut id="217_D102" time="34903.75" state="stay" vehID="Car_4615" speed="13.58" length="5.00" type="DEFAULT_CAR"/>
    <instantOut id="217_D102" time="34903.95" state="leave" vehID="Car_4615" speed="12.83" length="5.00" type="DEFAULT_CAR" occupancy="0.38"/>
    <instantOut id="217_D102" time="35793.32" state="enter" vehID="Car_4686" speed="13.53" length="5.00" type="DEFAULT_CAR" gap="889.37"/>
    <instantOut id="217_D102" time="35793.50" state="stay" vehID="Car_4686" speed="13.53" length="5.00" type="DEFAULT_CAR"/>
    <instantOut id="217_D102" time="35793.70" state="leave" vehID="Car_4686" speed="12.78" length="5.00" type="DEFAULT_CAR" occupancy="0.38"/>
    <instantOut id="217_D102" time="36015.38" state="enter" vehID="Car_4706" speed="13.75" length="5.00" type="DEFAULT_CAR" gap="221.68"/>
    <instantOut id="217_D102" time="36015.50" state="stay" vehID="Car_4706" speed="13.75" length="5.00" type="DEFAULT_CAR"/>
    <instantOut id="217_D102" time="36015.75" state="stay" vehID="Car_4706" speed="13.00" length="5.00" type="DEFAULT_CAR"/>
    <instantOut id="217_D102" time="36015.75" state="leave" vehID="Car_4706" speed="12.25" length="5.00" type="DEFAULT_CAR" occupancy="0.38"/>
    <instantOut id="217_D102" time="36987.44" state="enter" vehID="Car_4798" speed="13.76" length="5.00" type="DEFAULT_CAR" gap="971.69"/>
    <instantOut id="217_D102" time="36987.50" state="stay" vehID="Car_4798" speed="13.76" length="5.00" type="DEFAULT_CAR"/>
    <instantOut id="217_D102" time="36987.75" state="stay" vehID="Car_4798" speed="13.01" length="5.00" type="DEFAULT_CAR"/>
    <instantOut id="217_D102" time="36987.83" state="leave" vehID="Car_4798" speed="12.26" length="5.00" type="DEFAULT_CAR" occupancy="0.39"/>
    <instantOut id="217_D102" time="36990.60" state="enter" vehID="Car_4800" speed="11.10" length="5.00" type="DEFAULT_CAR" gap="2.78"/>
    <instantOut id="217_D102" time="36990.75" state="stay" vehID="Car_4800" speed="11.10" length="5.00" type="DEFAULT_CAR"/>
    <instantOut id="217_D102" time="36991.00" state="stay" vehID="Car_4800" speed="11.18" length="5.00" type="DEFAULT_CAR"/>
    <instantOut id="217_D102" time="36991.05" state="leave" vehID="Car_4800" speed="11.37" length="5.00" type="DEFAULT_CAR" occupancy="0.45"/>
    <instantOut id="217_D102" time="37766.27" state="enter" vehID="Car_4849" speed="11.53" length="5.00" type="DEFAULT_CAR" gap="775.22"/>
    <instantOut id="217_D102" time="37766.50" state="stay" vehID="Car_4849" speed="11.53" length="5.00" type="DEFAULT_CAR"/>
    <instantOut id="217_D102" time="37766.71" state="leave" vehID="Car_4849" speed="11.67" length="5.00" type="DEFAULT_CAR" occupancy="0.43"/>
    <instantOut id="217_D102" time="37893.94" state="enter" vehID="Car_4852" speed="8.57" length="5.00" type="DEFAULT_CAR" gap="127.23"/>
    <instantOut id="217_D102" time="37894.00" state="stay" vehID="Car_4852" speed="8.57" length="5.00" type="DEFAULT_CAR"/>
    <instantOut id="217_D102" time="37894.25" state="stay" vehID="Car_4852" speed="8.37" length="5.00" type="DEFAULT_CAR"/>
    <instantOut id="217_D102" time="37894.50" state="stay" vehID="Car_4852" speed="8.41" length="5.00" type="DEFAULT_CAR"/>
    <instantOut id="217_D102" time="37894.53" state="leave" vehID="Car_4852" speed="8.62" length="5.00" type="DEFAULT_CAR" occupancy="0.59"/>
    <instantOut id="217_D102" time="37922.89" state="enter" vehID="Car_4853" speed="5.30" length="5.00" type="DEFAULT_CAR" gap="28.36"/>
    <instantOut id="217_D102" time="37923.00" state="stay" vehID="Car_4853" speed="5.30" length="5.00" type="DEFAULT_CAR"/>
    <instantOut id="217_D102" time="37923.25" state="stay" vehID="Car_4853" speed="5.37" length="5.00" type="DEFAULT_CAR"/>
    <instantOut id="217_D102" time="37923.50" state="stay" vehID="Car_4853" speed="5.45" length="5.00" type="DEFAULT_CAR"/>
    <instantOut id="217_D102" time="37923.75" state="stay" vehID="Car_4853" speed="5.23" length="5.00" type="DEFAULT_CAR"/>
    <instantOut id="217_D102" time="37923.82" state="leave" vehID="Car_4853" speed="5.35" length="5.00" type="DEFAULT_CAR" occupancy="0.94"/>
    <instantOut id="217_D102" time="39125.08" state="enter" vehID="Car_4911" speed="13.44" length="5.00" type="DEFAULT_CAR" gap="1201.26"/>
    <instantOut id="217_D102" time="39125.25" state="stay" vehID="Car_4911" speed="13.44" length="5.00" type="DEFAULT_CAR"/>
    <instantOut id="217_D102" time="39125.46" state="leave" vehID="Car_4911" speed="12.75" length="5.00" type="DEFAULT_CAR" occupancy="0.38"/>
    <instantOut id="217_D102" time="39869.55" state="enter" vehID="Car_4938" speed="13.36" length="5.00" type="DEFAULT_CAR" gap="744.08"/>
    <instantOut id="217_D102" time="39869.75" state="stay" vehID="Car_4938" speed="13.36" length="5.00" type="DEFAULT_CAR"/>
    <instantOut id="217_D102" time="39869.93" state="leave" vehID="Car_4938" speed="12.61" length="5.00" type="DEFAULT_CAR" occupancy="0.38"/>
    <instantOut id="217_D102" time="40111.36" state="enter" vehID="Car_4945" speed="5.00" length="5.00" type="DEFAULT_CAR" gap="241.43"/>
    <instantOut id="217_D102" time="40111.50" state="stay" vehID="Car_4945" speed="5.00" length="5.00" type="DEFAULT_CAR"/>
    <instantOut id="217_D102" time="40111.75" state="stay" vehID="Car_4945" speed="4.78" length="5.00" type="DEFAULT_CAR"/>
    <instantOut id="217_D102" time="40112.00" state="stay" vehID="Car_4945" speed="4.85" length="5.00" type="DEFAULT_CAR"/>
    <instantOut id="217_D102" time="40112.25" state="stay" vehID="Car_4945" speed="5.19" length="5.00" type="DEFAULT_CAR"/>
    <instantOut id="217_D102" time="40112.37" state="leave" vehID="Car_4945" speed="4.86" length="5.00" type="DEFAULT_CAR" occupancy="1.01"/>
    <instantOut id="217_D102" time="40113.49" state="enter" vehID="Car_4947" speed="5.06" length="5.00" type="DEFAULT_CAR" gap="1.13"/>
    <instantOut id="217_D102" time="40113.50" state="stay" vehID="Car_4947" speed="5.06" length="5.00" type="DEFAULT_CAR"/>
    <instantOut id="217_D102" time="40113.75" state="stay" vehID="Car_4947" speed="5.34" length="5.00" type="DEFAULT_CAR"/>
    <instantOut id="217_D102" time="40114.00" state="stay" vehID="Car_4947" speed="5.28" length="5.00" type="DEFAULT_CAR"/>
    <instantOut id="217_D102" time="40114.25" state="stay" vehID="Car_4947" speed="4.93" length="5.00" type="DEFAULT_CAR"/>
    <instantOut id="217_D102" time="40114.46" state="leave" vehID="Car_4947" speed="5.05" length="5.00" type="DEFAULT_CAR" occupancy="0.97"/>
    <instantOut id="217_D102" time="40233.15" state="enter" vehID="Car_4956" speed="9.76" length="5.00" type="DEFAULT_CAR" gap="118.68"/>
    <instantOut id="217_D102" time="40233.25" state="stay" vehID="Car_4956" speed="9.76" length="5.00" type="DEFAULT_CAR"/>
    <instantOut id="217_D102" time="40233.50" state="stay" vehID="Car_4956" speed="9.70" length="5.00" type="DEFAULT_CAR"/>
    <instantOut id="217_D102" time="40233.66" state="leave" vehID="Car_4956" speed="9.84" length="5.00" type="DEFAULT_CAR" occupancy="0.51"/>
    <instantOut id="217_D102" time="41115.60" state="enter" vehID="Car_4999" speed="13.60" length="5.00" type="DEFAULT_CAR" gap="881.94"/>
    <instantOut id="217_D102" time="41115.75" state="stay" vehID="Car_4999" speed="13.60" length="5.00" type="DEFAULT_CAR"/>
    <instantOut id="217_D102" time="41115.98" state="leave" vehID="Car_4999" speed="12.85" length="5.00" type="DEFAULT_CAR" occupancy="0.38"/>
    <instantOut id="217_D102" time="41305.36" state="enter" vehID="Car_5009" speed="11.38" length="5.00" type="DEFAULT_CAR" gap="189.39"/>
    <instantOut id="217_D102" time="41305.50" state="stay" vehID="Car_5009" speed="11.38" length="5.00" type="DEFAULT_CAR"/>
    <instantOut id="217_D102" time="41305.75" state="stay" vehID="Car_5009" speed="10.96" length="5.00" type="DEFAULT_CAR"/>
    <instantOut id="217_D102" time="41305.81" state="leave" vehID="Car_5009" speed="11.34" length="5.00" type="DEFAULT_CAR" occupancy="0.45"/>
    <instantOut id="217_D102" time="42308.41" state="enter" vehID="Car_5045" speed="9.63" length="5.00" type="DEFAULT_CAR" gap="1002.59"/>
    <instantOut id="217_D102" time="42308.50" state="stay" vehID="Car_5045" speed="9.63" length="5.00" type="DEFAULT_CAR"/>
    <instantOut id="217_D102" time="42308.75" state="stay" vehID="Car_5045" speed="9.80" length="5.00" type="DEFAULT_CAR"/>
    <instantOut id="217_D102" time="42308.92" state="leave" vehID="Car_5045" speed="9.64" length="5.00" type="DEFAULT_CAR" occupancy="0.51"/>
    <instantOut id="217_D102" time="42380.51" state="enter" vehID="Car_5050" speed="13.18" length="5.00" type="DEFAULT_CAR" gap="71.59"/>
    <instantOut id="217_D102" time="42380.75" state="stay" vehID="Car_5050" speed="13.18" length="5.00" type="DEFAULT_CAR"/>
    <instantOut id="217_D102" time="42380.90" state="leave" vehID="Car_5050" speed="12.43" length="5.00" type="DEFAULT_CAR" occupancy="0.39"/>
    <instantOut id="217_D102" time="43190.33" state="enter" vehID="Car_5096" speed="13.57" length="5.00" type="DEFAULT_CAR" gap="809.43"/>
    <instantOut id="217_D102" time="43190.50" state="stay" vehID="Car_5096" speed="13.57" length="5.00" type="DEFAULT_CAR"/>
    <instantOut id="217_D102" time="43190.71" state="leave" vehID="Car_5096" speed="12.82" length="5.00" type="DEFAULT_CAR" occupancy="0.38"/>
    <instantOut id="217_D102" time="43800.14" state="enter" vehID="Car_5121" speed="8.24" length="5.00" type="DEFAULT_CAR" gap="609.43"/>
    <instantOut id="217_D102" time="43800.25" state="stay" vehID="Car_5121" speed="8.24" length="5.00" type="DEFAULT_CAR"/>
    <instantOut id="217_D102" time="43800.50" state="stay" vehID="Car_5121" speed="8.18" length="5.00" type="DEFAULT_CAR"/>
    <instantOut id="217_D102" time="43800.75" state="stay" vehID="Car_5121" speed="8.07" length="5.00" type="DEFAULT_CAR"/>
    <instantOut id="217_D102" time="43800.75" state="leave" vehID="Car_5121" speed="8.03" length="5.00" type="DEFAULT_CAR" occupancy="0.61"/>
    <instantOut id="217_D102" time="43941.12" state="enter" vehID="Car_5127" speed="13.66" length="5.00" type="DEFAULT_CAR" gap="140.36"/>
    <instantOut id="217_D102" time="43941.25" state="stay" vehID="Car_5127" speed="13.66" length="5.00" type="DEFAULT_CAR"/>
    <instantOut id="217_D102" time="43941.50" state="leave" vehID="Car_5127" speed="12.91" length="5.00" type="DEFAULT_CAR" occupancy="0.38"/>
    <instantOut id="217_D102" time="44016.16" state="enter" vehID="Car_5130" speed="13.81" length="5.00" type="DEFAULT_CAR" gap="74.67"/>
    <instantOut id="217_D102" time="44016.25" state="stay" vehID="Car_5130" speed="13.81" length="5.00" type="DEFAULT_CAR"/>
    <instantOut id="217_D102" time="44016.50" state="stay" vehID="Car_5130" speed="13.06" length="5.00" type="DEFAULT_CAR"/>
    <instantOut id="217_D102" time="44016.54" state="leave" vehID="Car_5130" speed="12.34" length="5.00" type="DEFAULT_CAR" occupancy="0.38"/>
</instantE1>
