<?xml version="1.0" encoding="UTF-8"?>

<!-- generated on 2025-02-28 19:53:33 by Eclipse SUMO GUI Version 1.19.0
<configuration xmlns:xsi="http://www.w3.org/2001/XMLSchema-instance" xsi:noNamespaceSchemaLocation="http://sumo.dlr.de/xsd/sumoConfiguration.xsd">

    <input>
        <net-file value="Network.net.xml"/>
        <route-files value="CarRoutes.rou.xml"/>
        <additional-files value="Sensors.add.xml"/>
    </input>

    <output>
        <emission-output value="logs/Emissions.xml"/>
        <summary-output value="logs/Log_summary.xml"/>
        <summary-output.period value="300"/>
        <tripinfo-output value="logs/TripInfos.xml"/>
    </output>

    <time>
        <begin value="0"/>
        <end value="86400"/>
        <step-length value="0.25"/>
    </time>

    <processing>
        <ignore-junction-blocker value="0.1"/>
        <time-to-teleport value="-1"/>
    </processing>

    <report>
        <verbose value="true"/>
        <no-step-log value="true"/>
    </report>

    <emissions>
        <device.emissions.period value="10"/>
    </emissions>

    <traci_server>
        <remote-port value="59622"/>
    </traci_server>

    <gui_only>
        <quit-on-end value="true"/>
        <start value="true"/>
    </gui_only>

</configuration>
-->

<summary xmlns:xsi="http://www.w3.org/2001/XMLSchema-instance" xsi:noNamespaceSchemaLocation="http://sumo.dlr.de/xsd/summary_file.xsd">
    <step time="0.00" loaded="0" inserted="0" running="0" waiting="0" ended="0" arrived="0" collisions="0" teleports="0" halting="0" stopped="0" meanWaitingTime="-1.00" meanTravelTime="-1.00" meanSpeed="-1.00" meanSpeedRelative="-1.00" duration="0"/>
    <step time="300.00" loaded="211" inserted="197" running="92" waiting="14" ended="105" arrived="105" collisions="0" teleports="0" halting="43" stopped="0" meanWaitingTime="14.04" meanTravelTime="76.15" meanSpeed="3.64" meanSpeedRelative="0.26" duration="2"/>
    <step time="600.00" loaded="372" inserted="362" running="80" waiting="10" ended="282" arrived="282" collisions="0" teleports="0" halting="25" stopped="0" meanWaitingTime="13.49" meanTravelTime="113.63" meanSpeed="5.78" meanSpeedRelative="0.42" duration="3"/>
    <step time="900.00" loaded="528" inserted="517" running="57" waiting="11" ended="460" arrived="460" collisions="0" teleports="0" halting="31" stopped="0" meanWaitingTime="12.60" meanTravelTime="117.31" meanSpeed="3.95" meanSpeedRelative="0.28" duration="3"/>
    <step time="1200.00" loaded="700" inserted="684" running="62" waiting="16" ended="622" arrived="622" collisions="0" teleports="0" halting="8" stopped="0" meanWaitingTime="16.28" meanTravelTime="113.84" meanSpeed="6.35" meanSpeedRelative="0.46" duration="2"/>
    <step time="1500.00" loaded="867" inserted="847" running="67" waiting="20" ended="780" arrived="780" collisions="0" teleports="0" halting="13" stopped="0" meanWaitingTime="17.47" meanTravelTime="115.08" meanSpeed="5.30" meanSpeedRelative="0.38" duration="2"/>
    <step time="1800.00" loaded="1028" inserted="1011" running="50" waiting="17" ended="961" arrived="961" collisions="0" teleports="0" halting="20" stopped="0" meanWaitingTime="20.27" meanTravelTime="114.75" meanSpeed="5.17" meanSpeedRelative="0.39" duration="3"/>
    <step time="2100.00" loaded="1188" inserted="1173" running="68" waiting="15" ended="1105" arrived="1105" collisions="0" teleports="0" halting="34" stopped="0" meanWaitingTime="18.86" meanTravelTime="111.65" meanSpeed="3.47" meanSpeedRelative="0.25" duration="2"/>
    <step time="2400.00" loaded="1335" inserted="1319" running="39" waiting="16" ended="1280" arrived="1280" collisions="0" teleports="0" halting="14" stopped="0" meanWaitingTime="18.78" meanTravelTime="113.58" meanSpeed="5.14" meanSpeedRelative="0.37" duration="2"/>
    <step time="2700.00" loaded="1479" inserted="1478" running="56" waiting="1" ended="1422" arrived="1422" collisions="0" teleports="0" halting="15" stopped="0" meanWaitingTime="18.69" meanTravelTime="111.83" meanSpeed="4.54" meanSpeedRelative="0.33" duration="2"/>
    <step time="3000.00" loaded="1637" inserted="1630" running="50" waiting="7" ended="1580" arrived="1580" collisions="0" teleports="0" halting="28" stopped="0" meanWaitingTime="17.51" meanTravelTime="113.51" meanSpeed="3.22" meanSpeedRelative="0.23" duration="3"/>
    <step time="3300.00" loaded="1809" inserted="1794" running="62" waiting="15" ended="1732" arrived="1732" collisions="0" teleports="0" halting="16" stopped="0" meanWaitingTime="17.67" meanTravelTime="112.61" meanSpeed="5.94" meanSpeedRelative="0.43" duration="2"/>
    <step time="3600.00" loaded="1941" inserted="1941" running="40" waiting="0" ended="1901" arrived="1901" collisions="0" teleports="0" halting="14" stopped="0" meanWaitingTime="17.40" meanTravelTime="112.14" meanSpeed="5.30" meanSpeedRelative="0.38" duration="2"/>
    <step time="3900.00" loaded="2107" inserted="2107" running="80" waiting="0" ended="2027" arrived="2027" collisions="0" teleports="0" halting="44" stopped="0" meanWaitingTime="16.14" meanTravelTime="110.90" meanSpeed="3.10" meanSpeedRelative="0.22" duration="3"/>
    <step time="4200.00" loaded="2237" inserted="2237" running="44" waiting="0" ended="2193" arrived="2193" collisions="0" teleports="0" halting="8" stopped="0" meanWaitingTime="16.27" meanTravelTime="112.41" meanSpeed="6.85" meanSpeedRelative="0.49" duration="2"/>
    <step time="4500.00" loaded="2413" inserted="2412" running="69" waiting="1" ended="2343" arrived="2343" collisions="0" teleports="0" halting="33" stopped="0" meanWaitingTime="15.53" meanTravelTime="111.21" meanSpeed="3.88" meanSpeedRelative="0.28" duration="2"/>
    <step time="4800.00" loaded="2571" inserted="2565" running="43" waiting="6" ended="2522" arrived="2522" collisions="0" teleports="0" halting="14" stopped="0" meanWaitingTime="14.86" meanTravelTime="110.23" meanSpeed="5.09" meanSpeedRelative="0.37" duration="2"/>
    <step time="5100.00" loaded="2739" inserted="2729" running="63" waiting="10" ended="2666" arrived="2666" collisions="0" teleports="0" halting="14" stopped="0" meanWaitingTime="15.58" meanTravelTime="109.71" meanSpeed="4.78" meanSpeedRelative="0.34" duration="2"/>
    <step time="5400.00" loaded="2890" inserted="2888" running="54" waiting="2" ended="2834" arrived="2834" collisions="0" teleports="0" halting="18" stopped="0" meanWaitingTime="15.57" meanTravelTime="109.63" meanSpeed="5.68" meanSpeedRelative="0.41" duration="1"/>
    <step time="5700.00" loaded="3078" inserted="3063" running="82" waiting="15" ended="2981" arrived="2981" collisions="0" teleports="0" halting="43" stopped="0" meanWaitingTime="15.06" meanTravelTime="109.42" meanSpeed="3.92" meanSpeedRelative="0.28" duration="3"/>
    <step time="6000.00" loaded="3203" inserted="3200" running="40" waiting="3" ended="3160" arrived="3160" collisions="0" teleports="0" halting="15" stopped="0" meanWaitingTime="15.13" meanTravelTime="111.77" meanSpeed="4.84" meanSpeedRelative="0.35" duration="1"/>
    <step time="6300.00" loaded="3367" inserted="3350" running="60" waiting="17" ended="3290" arrived="3290" collisions="0" teleports="0" halting="22" stopped="0" meanWaitingTime="15.19" meanTravelTime="112.05" meanSpeed="4.70" meanSpeedRelative="0.34" duration="2"/>
    <step time="6600.00" loaded="3529" inserted="3521" running="59" waiting="8" ended="3462" arrived="3462" collisions="0" teleports="0" halting="18" stopped="0" meanWaitingTime="15.42" meanTravelTime="111.71" meanSpeed="5.55" meanSpeedRelative="0.40" duration="3"/>
    <step time="6900.00" loaded="3713" inserted="3696" running="60" waiting="17" ended="3636" arrived="3636" collisions="0" teleports="0" halting="24" stopped="0" meanWaitingTime="15.48" meanTravelTime="110.91" meanSpeed="4.16" meanSpeedRelative="0.30" duration="2"/>
    <step time="7200.00" loaded="3870" inserted="3849" running="52" waiting="21" ended="3797" arrived="3797" collisions="0" teleports="0" halting="20" stopped="0" meanWaitingTime="16.12" meanTravelTime="110.83" meanSpeed="4.75" meanSpeedRelative="0.34" duration="2"/>
    <step time="7500.00" loaded="4021" inserted="4016" running="48" waiting="5" ended="3968" arrived="3968" collisions="0" teleports="0" halting="16" stopped="0" meanWaitingTime="16.82" meanTravelTime="110.48" meanSpeed="5.84" meanSpeedRelative="0.42" duration="2"/>
    <step time="7800.00" loaded="4175" inserted="4167" running="52" waiting="8" ended="4115" arrived="4115" collisions="0" teleports="0" halting="14" stopped="0" meanWaitingTime="16.82" meanTravelTime="109.71" meanSpeed="4.60" meanSpeedRelative="0.33" duration="3"/>
    <step time="8100.00" loaded="4348" inserted="4335" running="49" waiting="13" ended="4286" arrived="4286" collisions="0" teleports="0" halting="17" stopped="0" meanWaitingTime="17.06" meanTravelTime="109.41" meanSpeed="5.21" meanSpeedRelative="0.39" duration="2"/>
    <step time="8400.00" loaded="4532" inserted="4529" running="77" waiting="3" ended="4452" arrived="4452" collisions="0" teleports="0" halting="27" stopped="0" meanWaitingTime="17.03" meanTravelTime="108.55" meanSpeed="4.27" meanSpeedRelative="0.31" duration="3"/>
    <step time="8700.00" loaded="4702" inserted="4697" running="79" waiting="5" ended="4618" arrived="4618" collisions="0" teleports="0" halting="29" stopped="0" meanWaitingTime="16.85" meanTravelTime="109.48" meanSpeed="4.51" meanSpeedRelative="0.32" duration="3"/>
    <step time="9000.00" loaded="4893" inserted="4876" running="63" waiting="17" ended="4813" arrived="4813" collisions="0" teleports="0" halting="15" stopped="0" meanWaitingTime="16.71" meanTravelTime="109.46" meanSpeed="4.76" meanSpeedRelative="0.34" duration="4"/>
    <step time="9300.00" loaded="5075" inserted="5058" running="60" waiting="17" ended="4998" arrived="4998" collisions="0" teleports="0" halting="20" stopped="0" meanWaitingTime="16.77" meanTravelTime="109.30" meanSpeed="4.56" meanSpeedRelative="0.33" duration="3"/>
    <step time="9600.00" loaded="5245" inserted="5231" running="57" waiting="14" ended="5174" arrived="5174" collisions="0" teleports="0" halting="16" stopped="0" meanWaitingTime="17.21" meanTravelTime="108.99" meanSpeed="6.95" meanSpeedRelative="0.50" duration="2"/>
    <step time="9900.00" loaded="5389" inserted="5383" running="66" waiting="6" ended="5317" arrived="5317" collisions="0" teleports="0" halting="13" stopped="0" meanWaitingTime="17.16" meanTravelTime="108.75" meanSpeed="4.69" meanSpeedRelative="0.34" duration="2"/>
    <step time="10200.00" loaded="5555" inserted="5546" running="63" waiting="9" ended="5483" arrived="5483" collisions="0" teleports="0" halting="7" stopped="0" meanWaitingTime="17.18" meanTravelTime="109.85" meanSpeed="4.56" meanSpeedRelative="0.33" duration="3"/>
    <step time="10500.00" loaded="5731" inserted="5720" running="65" waiting="11" ended="5655" arrived="5655" collisions="0" teleports="0" halting="17" stopped="0" meanWaitingTime="17.08" meanTravelTime="110.10" meanSpeed="4.84" meanSpeedRelative="0.35" duration="1"/>
    <step time="10800.00" loaded="5904" inserted="5897" running="84" waiting="7" ended="5813" arrived="5813" collisions="0" teleports="0" halting="31" stopped="0" meanWaitingTime="17.13" meanTravelTime="110.10" meanSpeed="4.10" meanSpeedRelative="0.30" duration="3"/>
    <step time="11100.00" loaded="6085" inserted="6067" running="69" waiting="18" ended="5998" arrived="5998" collisions="0" teleports="0" halting="32" stopped="0" meanWaitingTime="17.11" meanTravelTime="111.18" meanSpeed="3.87" meanSpeedRelative="0.28" duration="4"/>
    <step time="11400.00" loaded="6258" inserted="6224" running="60" waiting="34" ended="6164" arrived="6164" collisions="0" teleports="0" halting="18" stopped="0" meanWaitingTime="17.79" meanTravelTime="111.22" meanSpeed="5.87" meanSpeedRelative="0.42" duration="3"/>
    <step time="11700.00" loaded="6401" inserted="6380" running="50" waiting="21" ended="6330" arrived="6330" collisions="0" teleports="0" halting="12" stopped="0" meanWaitingTime="18.85" meanTravelTime="110.95" meanSpeed="4.16" meanSpeedRelative="0.30" duration="1"/>
    <step time="12000.00" loaded="6578" inserted="6570" running="68" waiting="8" ended="6502" arrived="6502" collisions="0" teleports="0" halting="24" stopped="0" meanWaitingTime="18.93" meanTravelTime="110.98" meanSpeed="4.29" meanSpeedRelative="0.31" duration="2"/>
    <step time="12300.00" loaded="6746" inserted="6743" running="59" waiting="3" ended="6684" arrived="6684" collisions="0" teleports="0" halting="21" stopped="0" meanWaitingTime="18.74" meanTravelTime="111.29" meanSpeed="4.74" meanSpeedRelative="0.34" duration="2"/>
    <step time="12600.00" loaded="6915" inserted="6894" running="51" waiting="21" ended="6843" arrived="6843" collisions="0" teleports="0" halting="26" stopped="0" meanWaitingTime="18.63" meanTravelTime="111.05" meanSpeed="4.33" meanSpeedRelative="0.31" duration="3"/>
    <step time="12900.00" loaded="7084" inserted="7069" running="57" waiting="15" ended="7012" arrived="7012" collisions="0" teleports="0" halting="17" stopped="0" meanWaitingTime="18.80" meanTravelTime="110.97" meanSpeed="4.56" meanSpeedRelative="0.33" duration="1"/>
    <step time="13200.00" loaded="7258" inserted="7237" running="76" waiting="21" ended="7161" arrived="7161" collisions="0" teleports="0" halting="15" stopped="0" meanWaitingTime="18.91" meanTravelTime="110.88" meanSpeed="5.22" meanSpeedRelative="0.38" duration="4"/>
    <step time="13500.00" loaded="7434" inserted="7425" running="77" waiting="9" ended="7348" arrived="7348" collisions="0" teleports="0" halting="25" stopped="0" meanWaitingTime="18.88" meanTravelTime="111.38" meanSpeed="4.32" meanSpeedRelative="0.31" duration="3"/>
    <step time="13800.00" loaded="7628" inserted="7611" running="69" waiting="17" ended="7542" arrived="7542" collisions="0" teleports="0" halting="18" stopped="0" meanWaitingTime="18.98" meanTravelTime="111.40" meanSpeed="6.39" meanSpeedRelative="0.46" duration="4"/>
    <step time="14100.00" loaded="7788" inserted="7784" running="61" waiting="4" ended="7723" arrived="7723" collisions="0" teleports="0" halting="15" stopped="0" meanWaitingTime="19.06" meanTravelTime="111.54" meanSpeed="5.64" meanSpeedRelative="0.41" duration="2"/>
    <step time="14400.00" loaded="7928" inserted="7917" running="57" waiting="11" ended="7860" arrived="7860" collisions="0" teleports="0" halting="12" stopped="0" meanWaitingTime="19.24" meanTravelTime="111.79" meanSpeed="6.20" meanSpeedRelative="0.45" duration="3"/>
    <step time="14700.00" loaded="8120" inserted="8104" running="67" waiting="16" ended="8037" arrived="8037" collisions="0" teleports="0" halting="11" stopped="0" meanWaitingTime="19.24" meanTravelTime="111.40" meanSpeed="5.56" meanSpeedRelative="0.40" duration="3"/>
    <step time="15000.00" loaded="8279" inserted="8274" running="95" waiting="5" ended="8179" arrived="8179" collisions="0" teleports="0" halting="15" stopped="0" meanWaitingTime="19.03" meanTravelTime="111.71" meanSpeed="5.85" meanSpeedRelative="0.42" duration="4"/>
    <step time="15300.00" loaded="8442" inserted="8409" running="74" waiting="33" ended="8335" arrived="8335" collisions="0" teleports="0" halting="36" stopped="0" meanWaitingTime="19.23" meanTravelTime="112.47" meanSpeed="3.72" meanSpeedRelative="0.27" duration="3"/>
    <step time="15600.00" loaded="8606" inserted="8594" running="77" waiting="12" ended="8517" arrived="8517" collisions="0" teleports="0" halting="22" stopped="0" meanWaitingTime="19.95" meanTravelTime="112.76" meanSpeed="5.45" meanSpeedRelative="0.39" duration="3"/>
    <step time="15900.00" loaded="8797" inserted="8788" running="94" waiting="9" ended="8694" arrived="8694" collisions="0" teleports="0" halting="42" stopped="0" meanWaitingTime="20.34" meanTravelTime="112.91" meanSpeed="3.89" meanSpeedRelative="0.28" duration="4"/>
    <step time="16200.00" loaded="8986" inserted="8974" running="72" waiting="12" ended="8902" arrived="8902" collisions="0" teleports="0" halting="19" stopped="0" meanWaitingTime="20.38" meanTravelTime="113.28" meanSpeed="5.12" meanSpeedRelative="0.37" duration="4"/>
    <step time="16500.00" loaded="9151" inserted="9148" running="69" waiting="3" ended="9079" arrived="9079" collisions="0" teleports="0" halting="20" stopped="0" meanWaitingTime="20.22" meanTravelTime="113.55" meanSpeed="4.80" meanSpeedRelative="0.35" duration="3"/>
    <step time="16800.00" loaded="9336" inserted="9319" running="65" waiting="17" ended="9254" arrived="9254" collisions="0" teleports="0" halting="11" stopped="0" meanWaitingTime="20.15" meanTravelTime="113.75" meanSpeed="5.44" meanSpeedRelative="0.39" duration="3"/>
    <step time="17100.00" loaded="9504" inserted="9483" running="57" waiting="21" ended="9426" arrived="9426" collisions="0" teleports="0" halting="16" stopped="0" meanWaitingTime="20.26" meanTravelTime="113.88" meanSpeed="5.33" meanSpeedRelative="0.38" duration="2"/>
    <step time="17400.00" loaded="9684" inserted="9663" running="62" waiting="21" ended="9601" arrived="9601" collisions="0" teleports="0" halting="32" stopped="0" meanWaitingTime="20.48" meanTravelTime="113.65" meanSpeed="4.69" meanSpeedRelative="0.34" duration="3"/>
    <step time="17700.00" loaded="9857" inserted="9832" running="71" waiting="25" ended="9761" arrived="9761" collisions="0" teleports="0" halting="21" stopped="0" meanWaitingTime="20.83" meanTravelTime="113.78" meanSpeed="4.75" meanSpeedRelative="0.34" duration="3"/>
    <step time="18000.00" loaded="10021" inserted="9999" running="77" waiting="22" ended="9922" arrived="9922" collisions="0" teleports="0" halting="36" stopped="0" meanWaitingTime="21.23" meanTravelTime="114.26" meanSpeed="4.05" meanSpeedRelative="0.29" duration="4"/>
    <step time="18300.00" loaded="10208" inserted="10175" running="64" waiting="33" ended="10111" arrived="10111" collisions="0" teleports="0" halting="30" stopped="0" meanWaitingTime="21.50" meanTravelTime="114.61" meanSpeed="4.35" meanSpeedRelative="0.31" duration="4"/>
    <step time="18600.00" loaded="10372" inserted="10342" running="61" waiting="30" ended="10281" arrived="10281" collisions="0" teleports="0" halting="24" stopped="0" meanWaitingTime="22.12" meanTravelTime="114.62" meanSpeed="5.52" meanSpeedRelative="0.40" duration="3"/>
    <step time="18900.00" loaded="10561" inserted="10526" running="73" waiting="35" ended="10453" arrived="10453" collisions="0" teleports="0" halting="18" stopped="0" meanWaitingTime="22.53" meanTravelTime="114.39" meanSpeed="6.37" meanSpeedRelative="0.46" duration="3"/>
    <step time="19200.00" loaded="10736" inserted="10709" running="67" waiting="27" ended="10642" arrived="10642" collisions="0" teleports="0" halting="35" stopped="0" meanWaitingTime="22.92" meanTravelTime="114.16" meanSpeed="3.80" meanSpeedRelative="0.27" duration="2"/>
    <step time="19500.00" loaded="10946" inserted="10921" running="96" waiting="25" ended="10825" arrived="10825" collisions="0" teleports="0" halting="21" stopped="0" meanWaitingTime="23.28" meanTravelTime="114.37" meanSpeed="4.58" meanSpeedRelative="0.33" duration="3"/>
    <step time="19800.00" loaded="11122" inserted="11091" running="83" waiting="31" ended="11008" arrived="11008" collisions="0" teleports="0" halting="38" stopped="0" meanWaitingTime="23.66" meanTravelTime="114.76" meanSpeed="4.16" meanSpeedRelative="0.30" duration="4"/>
    <step time="20100.00" loaded="11320" inserted="11293" running="103" waiting="27" ended="11190" arrived="11190" collisions="0" teleports="0" halting="21" stopped="0" meanWaitingTime="24.14" meanTravelTime="115.07" meanSpeed="4.85" meanSpeedRelative="0.35" duration="4"/>
    <step time="20400.00" loaded="11486" inserted="11461" running="68" waiting="25" ended="11393" arrived="11393" collisions="0" teleports="0" halting="22" stopped="0" meanWaitingTime="24.62" meanTravelTime="115.31" meanSpeed="5.02" meanSpeedRelative="0.36" duration="2"/>
    <step time="20700.00" loaded="11659" inserted="11636" running="75" waiting="23" ended="11561" arrived="11561" collisions="0" teleports="0" halting="45" stopped="0" meanWaitingTime="24.91" meanTravelTime="115.28" meanSpeed="3.40" meanSpeedRelative="0.24" duration="4"/>
    <step time="21000.00" loaded="11842" inserted="11831" running="57" waiting="11" ended="11774" arrived="11774" collisions="0" teleports="0" halting="40" stopped="0" meanWaitingTime="25.17" meanTravelTime="115.15" meanSpeed="2.11" meanSpeedRelative="0.15" duration="3"/>
    <step time="21300.00" loaded="12002" inserted="12002" running="63" waiting="0" ended="11939" arrived="11939" collisions="0" teleports="0" halting="14" stopped="0" meanWaitingTime="24.99" meanTravelTime="115.03" meanSpeed="5.05" meanSpeedRelative="0.36" duration="3"/>
    <step time="21600.00" loaded="12223" inserted="12214" running="91" waiting="9" ended="12123" arrived="12123" collisions="0" teleports="0" halting="15" stopped="0" meanWaitingTime="24.76" meanTravelTime="115.05" meanSpeed="5.55" meanSpeedRelative="0.40" duration="4"/>
    <step time="21900.00" loaded="12407" inserted="12399" running="86" waiting="8" ended="12313" arrived="12313" collisions="0" teleports="0" halting="31" stopped="0" meanWaitingTime="24.50" meanTravelTime="115.05" meanSpeed="4.42" meanSpeedRelative="0.32" duration="4"/>
    <step time="22200.00" loaded="12596" inserted="12586" running="87" waiting="10" ended="12499" arrived="12499" collisions="0" teleports="0" halting="33" stopped="0" meanWaitingTime="24.31" meanTravelTime="115.01" meanSpeed="4.22" meanSpeedRelative="0.30" duration="4"/>
    <step time="22500.00" loaded="12774" inserted="12740" running="63" waiting="34" ended="12677" arrived="12677" collisions="0" teleports="0" halting="7" stopped="0" meanWaitingTime="24.25" meanTravelTime="115.63" meanSpeed="6.37" meanSpeedRelative="0.46" duration="2"/>
    <step time="22800.00" loaded="12970" inserted="12968" running="96" waiting="2" ended="12872" arrived="12872" collisions="0" teleports="0" halting="51" stopped="0" meanWaitingTime="24.28" meanTravelTime="115.75" meanSpeed="2.64" meanSpeedRelative="0.19" duration="2"/>
    <step time="23100.00" loaded="13156" inserted="13144" running="90" waiting="12" ended="13054" arrived="13054" collisions="0" teleports="0" halting="43" stopped="0" meanWaitingTime="24.11" meanTravelTime="116.44" meanSpeed="3.79" meanSpeedRelative="0.28" duration="4"/>
    <step time="23400.00" loaded="13345" inserted="13335" running="70" waiting="10" ended="13265" arrived="13265" collisions="0" teleports="0" halting="27" stopped="0" meanWaitingTime="24.07" meanTravelTime="116.52" meanSpeed="4.73" meanSpeedRelative="0.34" duration="3"/>
    <step time="23700.00" loaded="13573" inserted="13552" running="88" waiting="21" ended="13464" arrived="13464" collisions="0" teleports="0" halting="30" stopped="0" meanWaitingTime="23.90" meanTravelTime="116.28" meanSpeed="4.38" meanSpeedRelative="0.32" duration="4"/>
    <step time="24000.00" loaded="13747" inserted="13726" running="63" waiting="21" ended="13663" arrived="13663" collisions="0" teleports="0" halting="20" stopped="0" meanWaitingTime="23.93" meanTravelTime="116.39" meanSpeed="4.38" meanSpeedRelative="0.32" duration="2"/>
    <step time="24300.00" loaded="13956" inserted="13933" running="118" waiting="23" ended="13815" arrived="13815" collisions="0" teleports="0" halting="51" stopped="0" meanWaitingTime="24.10" meanTravelTime="116.42" meanSpeed="3.11" meanSpeedRelative="0.22" duration="5"/>
    <step time="24600.00" loaded="14182" inserted="14143" running="94" waiting="39" ended="14049" arrived="14049" collisions="0" teleports="0" halting="58" stopped="0" meanWaitingTime="24.33" meanTravelTime="116.92" meanSpeed="2.27" meanSpeedRelative="0.16" duration="3"/>
    <step time="24900.00" loaded="14394" inserted="14359" running="92" waiting="35" ended="14267" arrived="14267" collisions="0" teleports="0" halting="31" stopped="0" meanWaitingTime="24.86" meanTravelTime="117.23" meanSpeed="4.55" meanSpeedRelative="0.33" duration="4"/>
    <step time="25200.00" loaded="14587" inserted="14543" running="71" waiting="44" ended="14472" arrived="14472" collisions="0" teleports="0" halting="27" stopped="0" meanWaitingTime="25.07" meanTravelTime="117.16" meanSpeed="5.30" meanSpeedRelative="0.38" duration="4"/>
    <step time="25500.00" loaded="14761" inserted="14740" running="71" waiting="21" ended="14669" arrived="14669" collisions="0" teleports="0" halting="25" stopped="0" meanWaitingTime="25.47" meanTravelTime="117.19" meanSpeed="4.54" meanSpeedRelative="0.33" duration="3"/>
    <step time="25800.00" loaded="14991" inserted="14960" running="78" waiting="31" ended="14882" arrived="14882" collisions="0" teleports="0" halting="23" stopped="0" meanWaitingTime="25.55" meanTravelTime="117.26" meanSpeed="5.06" meanSpeedRelative="0.36" duration="2"/>
    <step time="26100.00" loaded="15201" inserted="15172" running="93" waiting="29" ended="15079" arrived="15079" collisions="0" teleports="0" halting="27" stopped="0" meanWaitingTime="25.87" meanTravelTime="117.22" meanSpeed="3.62" meanSpeedRelative="0.26" duration="4"/>
    <step time="26400.00" loaded="15394" inserted="15353" running="69" waiting="41" ended="15284" arrived="15284" collisions="0" teleports="0" halting="30" stopped="0" meanWaitingTime="26.15" meanTravelTime="117.53" meanSpeed="3.62" meanSpeedRelative="0.26" duration="3"/>
    <step time="26700.00" loaded="15614" inserted="15580" running="100" waiting="34" ended="15480" arrived="15480" collisions="0" teleports="0" halting="37" stopped="0" meanWaitingTime="26.64" meanTravelTime="117.30" meanSpeed="3.74" meanSpeedRelative="0.27" duration="4"/>
    <step time="27000.00" loaded="15832" inserted="15784" running="87" waiting="48" ended="15697" arrived="15697" collisions="0" teleports="0" halting="26" stopped="0" meanWaitingTime="26.92" meanTravelTime="117.39" meanSpeed="5.51" meanSpeedRelative="0.40" duration="4"/>
    <step time="27300.00" loaded="16055" inserted="16007" running="113" waiting="48" ended="15894" arrived="15894" collisions="0" teleports="0" halting="37" stopped="0" meanWaitingTime="27.45" meanTravelTime="117.23" meanSpeed="4.51" meanSpeedRelative="0.33" duration="5"/>
    <step time="27600.00" loaded="16254" inserted="16206" running="85" waiting="48" ended="16121" arrived="16121" collisions="0" teleports="0" halting="34" stopped="0" meanWaitingTime="27.92" meanTravelTime="117.60" meanSpeed="3.95" meanSpeedRelative="0.28" duration="4"/>
    <step time="27900.00" loaded="16461" inserted="16427" running="72" waiting="34" ended="16355" arrived="16355" collisions="0" teleports="0" halting="14" stopped="0" meanWaitingTime="28.38" meanTravelTime="117.69" meanSpeed="5.51" meanSpeedRelative="0.40" duration="3"/>
    <step time="28200.00" loaded="16685" inserted="16660" running="64" waiting="25" ended="16596" arrived="16596" collisions="0" teleports="0" halting="21" stopped="0" meanWaitingTime="28.69" meanTravelTime="117.46" meanSpeed="5.79" meanSpeedRelative="0.42" duration="3"/>
    <step time="28500.00" loaded="16884" inserted="16855" running="67" waiting="29" ended="16788" arrived="16788" collisions="0" teleports="0" halting="21" stopped="0" meanWaitingTime="28.83" meanTravelTime="117.17" meanSpeed="5.44" meanSpeedRelative="0.39" duration="3"/>
    <step time="28800.00" loaded="17097" inserted="17063" running="73" waiting="34" ended="16990" arrived="16990" collisions="0" teleports="0" halting="23" stopped="0" meanWaitingTime="28.91" meanTravelTime="117.06" meanSpeed="3.60" meanSpeedRelative="0.26" duration="4"/>
    <step time="29100.00" loaded="17319" inserted="17278" running="113" waiting="41" ended="17165" arrived="17165" collisions="0" teleports="0" halting="44" stopped="0" meanWaitingTime="29.05" meanTravelTime="117.26" meanSpeed="3.19" meanSpeedRelative="0.23" duration="5"/>
    <step time="29400.00" loaded="17521" inserted="17466" running="100" waiting="55" ended="17366" arrived="17366" collisions="0" teleports="0" halting="31" stopped="0" meanWaitingTime="29.34" meanTravelTime="117.76" meanSpeed="3.67" meanSpeedRelative="0.26" duration="4"/>
    <step time="29700.00" loaded="17708" inserted="17648" running="82" waiting="60" ended="17566" arrived="17566" collisions="0" teleports="0" halting="25" stopped="0" meanWaitingTime="29.57" meanTravelTime="118.28" meanSpeed="4.86" meanSpeedRelative="0.35" duration="4"/>
    <step time="30000.00" loaded="17885" inserted="17838" running="79" waiting="47" ended="17759" arrived="17759" collisions="0" teleports="0" halting="56" stopped="0" meanWaitingTime="30.41" meanTravelTime="118.42" meanSpeed="2.40" meanSpeedRelative="0.17" duration="2"/>
    <step time="30300.00" loaded="18084" inserted="18033" running="66" waiting="51" ended="17967" arrived="17967" collisions="0" teleports="0" halting="27" stopped="0" meanWaitingTime="31.04" meanTravelTime="118.65" meanSpeed="4.17" meanSpeedRelative="0.31" duration="3"/>
    <step time="30600.00" loaded="18298" inserted="18254" running="90" waiting="44" ended="18164" arrived="18164" collisions="0" teleports="0" halting="34" stopped="0" meanWaitingTime="31.56" meanTravelTime="118.46" meanSpeed="4.63" meanSpeedRelative="0.33" duration="2"/>
    <step time="30900.00" loaded="18521" inserted="18478" running="111" waiting="43" ended="18367" arrived="18367" collisions="0" teleports="0" halting="54" stopped="0" meanWaitingTime="31.87" meanTravelTime="118.33" meanSpeed="2.89" meanSpeedRelative="0.21" duration="4"/>
    <step time="31200.00" loaded="18693" inserted="18648" running="52" waiting="45" ended="18596" arrived="18596" collisions="0" teleports="0" halting="17" stopped="0" meanWaitingTime="31.99" meanTravelTime="118.78" meanSpeed="4.69" meanSpeedRelative="0.34" duration="3"/>
    <step time="31500.00" loaded="18870" inserted="18826" running="59" waiting="44" ended="18767" arrived="18767" collisions="0" teleports="0" halting="30" stopped="0" meanWaitingTime="32.30" meanTravelTime="118.67" meanSpeed="4.36" meanSpeedRelative="0.31" duration="3"/>
    <step time="31800.00" loaded="19028" inserted="18993" running="70" waiting="35" ended="18923" arrived="18923" collisions="0" teleports="0" halting="21" stopped="0" meanWaitingTime="32.69" meanTravelTime="118.63" meanSpeed="4.13" meanSpeedRelative="0.30" duration="3"/>
    <step time="32100.00" loaded="19210" inserted="19171" running="68" waiting="39" ended="19103" arrived="19103" collisions="0" teleports="0" halting="22" stopped="0" meanWaitingTime="33.10" meanTravelTime="118.54" meanSpeed="4.72" meanSpeedRelative="0.34" duration="2"/>
    <step time="32400.00" loaded="19376" inserted="19332" running="73" waiting="44" ended="19259" arrived="19259" collisions="0" teleports="0" halting="23" stopped="0" meanWaitingTime="33.35" meanTravelTime="118.40" meanSpeed="4.76" meanSpeedRelative="0.34" duration="3"/>
    <step time="32700.00" loaded="19554" inserted="19514" running="66" waiting="40" ended="19448" arrived="19448" collisions="0" teleports="0" halting="14" stopped="0" meanWaitingTime="33.58" meanTravelTime="118.49" meanSpeed="5.15" meanSpeedRelative="0.37" duration="3"/>
    <step time="33000.00" loaded="19724" inserted="19693" running="64" waiting="31" ended="19629" arrived="19629" collisions="0" teleports="0" halting="9" stopped="0" meanWaitingTime="33.86" meanTravelTime="118.54" meanSpeed="5.04" meanSpeedRelative="0.36" duration="3"/>
    <step time="33300.00" loaded="19857" inserted="19833" running="68" waiting="24" ended="19765" arrived="19765" collisions="0" teleports="0" halting="18" stopped="0" meanWaitingTime="34.02" meanTravelTime="118.56" meanSpeed="4.65" meanSpeedRelative="0.33" duration="3"/>
    <step time="33600.00" loaded="20052" inserted="20017" running="69" waiting="35" ended="19948" arrived="19948" collisions="0" teleports="0" halting="35" stopped="0" meanWaitingTime="34.19" meanTravelTime="118.48" meanSpeed="4.39" meanSpeedRelative="0.32" duration="3"/>
    <step time="33900.00" loaded="20205" inserted="20170" running="64" waiting="35" ended="20106" arrived="20106" collisions="0" teleports="0" halting="20" stopped="0" meanWaitingTime="34.39" meanTravelTime="118.42" meanSpeed="4.62" meanSpeedRelative="0.33" duration="4"/>
    <step time="34200.00" loaded="20362" inserted="20324" running="78" waiting="38" ended="20246" arrived="20246" collisions="0" teleports="0" halting="24" stopped="0" meanWaitingTime="34.58" meanTravelTime="118.38" meanSpeed="5.03" meanSpeedRelative="0.36" duration="4"/>
    <step time="34500.00" loaded="20531" inserted="20484" running="77" waiting="47" ended="20407" arrived="20407" collisions="0" teleports="0" halting="12" stopped="0" meanWaitingTime="34.74" meanTravelTime="118.51" meanSpeed="5.29" meanSpeedRelative="0.38" duration="2"/>
    <step time="34800.00" loaded="20682" inserted="20650" running="70" waiting="32" ended="20580" arrived="20580" collisions="0" teleports="0" halting="24" stopped="0" meanWaitingTime="35.28" meanTravelTime="118.75" meanSpeed="4.44" meanSpeedRelative="0.32" duration="4"/>
    <step time="35100.00" loaded="20820" inserted="20805" running="65" waiting="15" ended="20740" arrived="20740" collisions="0" teleports="0" halting="13" stopped="0" meanWaitingTime="35.44" meanTravelTime="118.75" meanSpeed="6.19" meanSpeedRelative="0.45" duration="3"/>
    <step time="35400.00" loaded="20960" inserted="20953" running="55" waiting="7" ended="20898" arrived="20898" collisions="0" teleports="0" halting="5" stopped="0" meanWaitingTime="35.27" meanTravelTime="118.64" meanSpeed="6.94" meanSpeedRelative="0.50" duration="3"/>
    <step time="35700.00" loaded="21103" inserted="21096" running="47" waiting="7" ended="21049" arrived="21049" collisions="0" teleports="0" halting="16" stopped="0" meanWaitingTime="35.16" meanTravelTime="118.71" meanSpeed="4.45" meanSpeedRelative="0.32" duration="2"/>
    <step time="36000.00" loaded="21258" inserted="21251" running="49" waiting="7" ended="21202" arrived="21202" collisions="0" teleports="0" halting="20" stopped="0" meanWaitingTime="35.02" meanTravelTime="118.58" meanSpeed="4.24" meanSpeedRelative="0.31" duration="2"/>
    <step time="36300.00" loaded="21432" inserted="21415" running="54" waiting="17" ended="21361" arrived="21361" collisions="0" teleports="0" halting="31" stopped="0" meanWaitingTime="34.91" meanTravelTime="118.44" meanSpeed="3.94" meanSpeedRelative="0.28" duration="2"/>
    <step time="36600.00" loaded="21578" inserted="21567" running="58" waiting="11" ended="21509" arrived="21509" collisions="0" teleports="0" halting="5" stopped="0" meanWaitingTime="34.86" meanTravelTime="118.39" meanSpeed="7.05" meanSpeedRelative="0.51" duration="3"/>
    <step time="36900.00" loaded="21717" inserted="21697" running="37" waiting="20" ended="21660" arrived="21660" collisions="0" teleports="0" halting="11" stopped="0" meanWaitingTime="34.74" meanTravelTime="118.33" meanSpeed="6.42" meanSpeedRelative="0.46" duration="2"/>
    <step time="37200.00" loaded="21839" inserted="21815" running="43" waiting="24" ended="21772" arrived="21772" collisions="0" teleports="0" halting="27" stopped="0" meanWaitingTime="34.73" meanTravelTime="118.22" meanSpeed="3.05" meanSpeedRelative="0.22" duration="2"/>
    <step time="37500.00" loaded="21979" inserted="21942" running="49" waiting="37" ended="21893" arrived="21893" collisions="0" teleports="0" halting="18" stopped="0" meanWaitingTime="34.93" meanTravelTime="118.23" meanSpeed="5.38" meanSpeedRelative="0.39" duration="2"/>
    <step time="37800.00" loaded="22132" inserted="22091" running="45" waiting="41" ended="22046" arrived="22046" collisions="0" teleports="0" halting="10" stopped="0" meanWaitingTime="35.19" meanTravelTime="118.13" meanSpeed="6.11" meanSpeedRelative="0.44" duration="2"/>
    <step time="38100.00" loaded="22275" inserted="22231" running="60" waiting="44" ended="22171" arrived="22171" collisions="0" teleports="0" halting="28" stopped="0" meanWaitingTime="35.41" meanTravelTime="117.97" meanSpeed="4.24" meanSpeedRelative="0.31" duration="3"/>
    <step time="38400.00" loaded="22399" inserted="22368" running="56" waiting="31" ended="22312" arrived="22312" collisions="0" teleports="0" halting="27" stopped="0" meanWaitingTime="35.71" meanTravelTime="118.07" meanSpeed="3.76" meanSpeedRelative="0.27" duration="2"/>
    <step time="38700.00" loaded="22497" inserted="22483" running="70" waiting="14" ended="22413" arrived="22413" collisions="0" teleports="0" halting="52" stopped="0" meanWaitingTime="35.91" meanTravelTime="118.09" meanSpeed="2.11" meanSpeedRelative="0.15" duration="2"/>
    <step time="39000.00" loaded="22603" inserted="22570" running="71" waiting="33" ended="22499" arrived="22499" collisions="0" teleports="0" halting="16" stopped="0" meanWaitingTime="36.09" meanTravelTime="118.30" meanSpeed="5.23" meanSpeedRelative="0.38" duration="1"/>
    <step time="39300.00" loaded="22728" inserted="22686" running="56" waiting="42" ended="22630" arrived="22630" collisions="0" teleports="0" halting="30" stopped="0" meanWaitingTime="36.36" meanTravelTime="118.80" meanSpeed="3.05" meanSpeedRelative="0.22" duration="3"/>
    <step time="39600.00" loaded="22839" inserted="22800" running="45" waiting="39" ended="22755" arrived="22755" collisions="0" teleports="0" halting="27" stopped="0" meanWaitingTime="36.61" meanTravelTime="119.01" meanSpeed="2.91" meanSpeedRelative="0.21" duration="2"/>
    <step time="39900.00" loaded="22961" inserted="22934" running="75" waiting="27" ended="22859" arrived="22859" collisions="0" teleports="0" halting="61" stopped="0" meanWaitingTime="36.92" meanTravelTime="119.05" meanSpeed="1.51" meanSpeedRelative="0.12" duration="3"/>
    <step time="40200.00" loaded="23051" inserted="23031" running="44" waiting="20" ended="22987" arrived="22987" collisions="0" teleports="0" halting="16" stopped="0" meanWaitingTime="37.16" meanTravelTime="119.35" meanSpeed="3.16" meanSpeedRelative="0.23" duration="2"/>
    <step time="40500.00" loaded="23150" inserted="23127" running="34" waiting="23" ended="23093" arrived="23093" collisions="0" teleports="0" halting="10" stopped="0" meanWaitingTime="37.26" meanTravelTime="119.45" meanSpeed="6.42" meanSpeedRelative="0.46" duration="2"/>
    <step time="40800.00" loaded="23261" inserted="23231" running="36" waiting="30" ended="23195" arrived="23195" collisions="0" teleports="0" halting="18" stopped="0" meanWaitingTime="37.52" meanTravelTime="119.35" meanSpeed="4.33" meanSpeedRelative="0.31" duration="1"/>
    <step time="41100.00" loaded="23347" inserted="23324" running="41" waiting="23" ended="23283" arrived="23283" collisions="0" teleports="0" halting="22" stopped="0" meanWaitingTime="37.69" meanTravelTime="119.39" meanSpeed="3.66" meanSpeedRelative="0.26" duration="3"/>
    <step time="41400.00" loaded="23412" inserted="23401" running="20" waiting="11" ended="23381" arrived="23381" collisions="0" teleports="0" halting="15" stopped="0" meanWaitingTime="37.78" meanTravelTime="119.53" meanSpeed="2.75" meanSpeedRelative="0.20" duration="1"/>
    <step time="41700.00" loaded="23511" inserted="23485" running="49" waiting="26" ended="23436" arrived="23436" collisions="0" teleports="0" halting="23" stopped="0" meanWaitingTime="37.93" meanTravelTime="119.52" meanSpeed="4.61" meanSpeedRelative="0.33" duration="1"/>
    <step time="42000.00" loaded="23591" inserted="23562" running="24" waiting="29" ended="23538" arrived="23538" collisions="0" teleports="0" halting="9" stopped="0" meanWaitingTime="38.13" meanTravelTime="119.65" meanSpeed="5.18" meanSpeedRelative="0.37" duration="1"/>
    <step time="42300.00" loaded="23700" inserted="23675" running="44" waiting="25" ended="23631" arrived="23631" collisions="0" teleports="0" halting="12" stopped="0" meanWaitingTime="38.37" meanTravelTime="119.53" meanSpeed="6.30" meanSpeedRelative="0.45" duration="2"/>
    <step time="42600.00" loaded="23812" inserted="23776" running="39" waiting="36" ended="23737" arrived="23737" collisions="0" teleports="0" halting="6" stopped="0" meanWaitingTime="38.60" meanTravelTime="119.45" meanSpeed="8.12" meanSpeedRelative="0.58" duration="2"/>
    <step time="42900.00" loaded="23913" inserted="23890" running="53" waiting="23" ended="23837" arrived="23837" collisions="0" teleports="0" halting="20" stopped="0" meanWaitingTime="38.87" meanTravelTime="119.47" meanSpeed="4.13" meanSpeedRelative="0.30" duration="1"/>
    <step time="43200.00" loaded="24015" inserted="23980" running="23" waiting="35" ended="23957" arrived="23957" collisions="0" teleports="0" halting="6" stopped="0" meanWaitingTime="39.00" meanTravelTime="119.60" meanSpeed="5.05" meanSpeedRelative="0.36" duration="1"/>
    <step time="43500.00" loaded="24096" inserted="24077" running="44" waiting="19" ended="24033" arrived="24033" collisions="0" teleports="0" halting="8" stopped="0" meanWaitingTime="39.14" meanTravelTime="119.51" meanSpeed="5.98" meanSpeedRelative="0.43" duration="1"/>
    <step time="43800.00" loaded="24197" inserted="24162" running="39" waiting="35" ended="24123" arrived="24123" collisions="0" teleports="0" halting="20" stopped="0" meanWaitingTime="39.32" meanTravelTime="119.53" meanSpeed="4.07" meanSpeedRelative="0.31" duration="1"/>
    <step time="44100.00" loaded="24302" inserted="24273" running="34" waiting="29" ended="24239" arrived="24239" collisions="0" teleports="0" halting="13" stopped="0" meanWaitingTime="39.55" meanTravelTime="119.44" meanSpeed="5.49" meanSpeedRelative="0.40" duration="1"/>
    <step time="44400.00" loaded="24413" inserted="24375" running="56" waiting="38" ended="24319" arrived="24319" collisions="0" teleports="0" halting="34" stopped="0" meanWaitingTime="39.80" meanTravelTime="119.31" meanSpeed="2.25" meanSpeedRelative="0.16" duration="2"/>
    <step time="44700.00" loaded="24515" inserted="24467" running="28" waiting="48" ended="24439" arrived="24439" collisions="0" teleports="0" halting="9" stopped="0" meanWaitingTime="40.18" meanTravelTime="119.51" meanSpeed="5.62" meanSpeedRelative="0.40" duration="1"/>
    <step time="45000.00" loaded="24620" inserted="24567" running="37" waiting="53" ended="24530" arrived="24530" collisions="0" teleports="0" halting="4" stopped="0" meanWaitingTime="40.57" meanTravelTime="119.48" meanSpeed="6.47" meanSpeedRelative="0.47" duration="2"/>
    <step time="45300.00" loaded="24707" inserted="24663" running="50" waiting="44" ended="24613" arrived="24613" collisions="0" teleports="0" halting="5" stopped="0" meanWaitingTime="40.90" meanTravelTime="119.52" meanSpeed="5.64" meanSpeedRelative="0.41" duration="1"/>
    <step time="45600.00" loaded="24791" inserted="24729" running="32" waiting="62" ended="24697" arrived="24697" collisions="0" teleports="0" halting="18" stopped="0" meanWaitingTime="41.11" meanTravelTime="119.65" meanSpeed="4.83" meanSpeedRelative="0.35" duration="1"/>
    <step time="45900.00" loaded="24878" inserted="24782" running="21" waiting="96" ended="24761" arrived="24761" collisions="0" teleports="0" halting="18" stopped="0" meanWaitingTime="41.54" meanTravelTime="119.67" meanSpeed="1.19" meanSpeedRelative="0.09" duration="1"/>
    <step time="46200.00" loaded="24959" inserted="24859" running="51" waiting="100" ended="24808" arrived="24808" collisions="0" teleports="0" halting="45" stopped="0" meanWaitingTime="42.32" meanTravelTime="119.56" meanSpeed="0.78" meanSpeedRelative="0.06" duration="2"/>
    <step time="46500.00" loaded="25007" inserted="24952" running="75" waiting="55" ended="24877" arrived="24877" collisions="0" teleports="0" halting="62" stopped="0" meanWaitingTime="43.39" meanTravelTime="119.41" meanSpeed="0.92" meanSpeedRelative="0.07" duration="2"/>
    <step time="46800.00" loaded="25027" inserted="25018" running="96" waiting="9" ended="24922" arrived="24922" collisions="0" teleports="0" halting="93" stopped="0" meanWaitingTime="44.18" meanTravelTime="119.30" meanSpeed="0.24" meanSpeedRelative="0.02" duration="3"/>
    <step time="47100.00" loaded="25045" inserted="25041" running="94" waiting="4" ended="24947" arrived="24947" collisions="0" teleports="0" halting="91" stopped="0" meanWaitingTime="44.27" meanTravelTime="119.22" meanSpeed="0.19" meanSpeedRelative="0.01" duration="3"/>
    <step time="47400.00" loaded="25061" inserted="25057" running="94" waiting="4" ended="24963" arrived="24963" collisions="0" teleports="0" halting="94" stopped="0" meanWaitingTime="44.24" meanTravelTime="119.17" meanSpeed="0.00" meanSpeedRelative="0.00" duration="2"/>
    <step time="47700.00" loaded="25075" inserted="25071" running="97" waiting="4" ended="24974" arrived="24974" collisions="0" teleports="0" halting="97" stopped="0" meanWaitingTime="44.22" meanTravelTime="119.14" meanSpeed="0.00" meanSpeedRelative="0.00" duration="3"/>
    <step time="48000.00" loaded="25088" inserted="25084" running="98" waiting="4" ended="24986" arrived="24986" collisions="0" teleports="0" halting="97" stopped="0" meanWaitingTime="44.19" meanTravelTime="119.10" meanSpeed="0.06" meanSpeedRelative="0.00" duration="3"/>
    <step time="48300.00" loaded="25102" inserted="25098" running="98" waiting="4" ended="25000" arrived="25000" collisions="0" teleports="0" halting="97" stopped="0" meanWaitingTime="44.17" meanTravelTime="119.05" meanSpeed="0.03" meanSpeedRelative="0.00" duration="3"/>
    <step time="48600.00" loaded="25118" inserted="25114" running="99" waiting="4" ended="25015" arrived="25015" collisions="0" teleports="0" halting="97" stopped="0" meanWaitingTime="44.14" meanTravelTime="119.00" meanSpeed="0.15" meanSpeedRelative="0.01" duration="3"/>
    <step time="48900.00" loaded="25133" inserted="25129" running="103" waiting="4" ended="25026" arrived="25026" collisions="0" teleports="0" halting="102" stopped="0" meanWaitingTime="44.11" meanTravelTime="118.96" meanSpeed="0.03" meanSpeedRelative="0.00" duration="3"/>
    <step time="49200.00" loaded="25143" inserted="25139" running="97" waiting="4" ended="25042" arrived="25042" collisions="0" teleports="0" halting="97" stopped="0" meanWaitingTime="44.10" meanTravelTime="118.92" meanSpeed="0.00" meanSpeedRelative="0.00" duration="3"/>
</summary>
