<?xml version="1.0" encoding="UTF-8"?>

<!-- generated on 2025-02-28 21:04:40 by Eclipse SUMO sumo Version 1.19.0
<configuration xmlns:xsi="http://www.w3.org/2001/XMLSchema-instance" xsi:noNamespaceSchemaLocation="http://sumo.dlr.de/xsd/sumoConfiguration.xsd">

    <input>
        <net-file value="Network.net.xml"/>
        <route-files value="CarRoutes.rou.xml"/>
        <additional-files value="Sensors.add.xml"/>
    </input>

    <output>
        <emission-output value="logs/Emissions.xml"/>
        <summary-output value="logs/Log_summary.xml"/>
        <summary-output.period value="300"/>
        <tripinfo-output value="logs/TripInfos.xml"/>
    </output>

    <time>
        <begin value="0"/>
        <end value="86400"/>
        <step-length value="0.25"/>
    </time>

    <processing>
        <ignore-junction-blocker value="0.1"/>
        <time-to-teleport value="-1"/>
    </processing>

    <report>
        <verbose value="true"/>
        <no-step-log value="true"/>
    </report>

    <emissions>
        <device.emissions.period value="10"/>
    </emissions>

    <traci_server>
        <remote-port value="60184"/>
    </traci_server>

    <gui_only>
        <quit-on-end value="true"/>
        <start value="true"/>
    </gui_only>

</configuration>
-->

<summary xmlns:xsi="http://www.w3.org/2001/XMLSchema-instance" xsi:noNamespaceSchemaLocation="http://sumo.dlr.de/xsd/summary_file.xsd">
    <step time="0.00" loaded="0" inserted="0" running="0" waiting="0" ended="0" arrived="0" collisions="0" teleports="0" halting="0" stopped="0" meanWaitingTime="-1.00" meanTravelTime="-1.00" meanSpeed="-1.00" meanSpeedRelative="-1.00" duration="0"/>
    <step time="300.00" loaded="211" inserted="196" running="91" waiting="15" ended="105" arrived="105" collisions="0" teleports="0" halting="45" stopped="0" meanWaitingTime="14.45" meanTravelTime="80.73" meanSpeed="3.57" meanSpeedRelative="0.26" duration="2"/>
    <step time="600.00" loaded="373" inserted="363" running="75" waiting="10" ended="288" arrived="288" collisions="0" teleports="0" halting="24" stopped="0" meanWaitingTime="13.74" meanTravelTime="120.74" meanSpeed="4.59" meanSpeedRelative="0.33" duration="4"/>
    <step time="900.00" loaded="529" inserted="518" running="56" waiting="11" ended="462" arrived="462" collisions="0" teleports="0" halting="26" stopped="0" meanWaitingTime="12.78" meanTravelTime="125.71" meanSpeed="4.49" meanSpeedRelative="0.32" duration="1"/>
    <step time="1200.00" loaded="701" inserted="686" running="56" waiting="15" ended="630" arrived="630" collisions="0" teleports="0" halting="6" stopped="0" meanWaitingTime="16.18" meanTravelTime="121.06" meanSpeed="7.97" meanSpeedRelative="0.57" duration="2"/>
    <step time="1500.00" loaded="866" inserted="846" running="60" waiting="20" ended="786" arrived="786" collisions="0" teleports="0" halting="20" stopped="0" meanWaitingTime="17.45" meanTravelTime="116.96" meanSpeed="4.47" meanSpeedRelative="0.32" duration="3"/>
    <step time="1800.00" loaded="1030" inserted="1013" running="66" waiting="17" ended="947" arrived="947" collisions="0" teleports="0" halting="20" stopped="0" meanWaitingTime="20.15" meanTravelTime="115.32" meanSpeed="4.32" meanSpeedRelative="0.31" duration="2"/>
    <step time="2100.00" loaded="1192" inserted="1177" running="65" waiting="15" ended="1112" arrived="1112" collisions="0" teleports="0" halting="40" stopped="0" meanWaitingTime="18.74" meanTravelTime="114.30" meanSpeed="3.03" meanSpeedRelative="0.22" duration="3"/>
    <step time="2400.00" loaded="1337" inserted="1321" running="42" waiting="16" ended="1279" arrived="1279" collisions="0" teleports="0" halting="22" stopped="0" meanWaitingTime="18.68" meanTravelTime="114.66" meanSpeed="3.40" meanSpeedRelative="0.24" duration="1"/>
    <step time="2700.00" loaded="1479" inserted="1478" running="49" waiting="1" ended="1429" arrived="1429" collisions="0" teleports="0" halting="12" stopped="0" meanWaitingTime="18.64" meanTravelTime="112.07" meanSpeed="4.73" meanSpeedRelative="0.34" duration="1"/>
    <step time="3000.00" loaded="1639" inserted="1632" running="43" waiting="7" ended="1589" arrived="1589" collisions="0" teleports="0" halting="25" stopped="0" meanWaitingTime="17.46" meanTravelTime="112.65" meanSpeed="3.78" meanSpeedRelative="0.27" duration="2"/>
    <step time="3300.00" loaded="1810" inserted="1795" running="77" waiting="15" ended="1718" arrived="1718" collisions="0" teleports="0" halting="16" stopped="0" meanWaitingTime="17.81" meanTravelTime="112.45" meanSpeed="5.38" meanSpeedRelative="0.39" duration="3"/>
    <step time="3600.00" loaded="1942" inserted="1942" running="48" waiting="0" ended="1894" arrived="1894" collisions="0" teleports="0" halting="16" stopped="0" meanWaitingTime="17.57" meanTravelTime="113.28" meanSpeed="5.43" meanSpeedRelative="0.39" duration="2"/>
    <step time="3900.00" loaded="2108" inserted="2108" running="73" waiting="0" ended="2035" arrived="2035" collisions="0" teleports="0" halting="33" stopped="0" meanWaitingTime="16.33" meanTravelTime="113.31" meanSpeed="3.71" meanSpeedRelative="0.27" duration="1"/>
    <step time="4200.00" loaded="2240" inserted="2240" running="43" waiting="0" ended="2197" arrived="2197" collisions="0" teleports="0" halting="11" stopped="0" meanWaitingTime="16.45" meanTravelTime="113.91" meanSpeed="5.83" meanSpeedRelative="0.42" duration="2"/>
    <step time="4500.00" loaded="2416" inserted="2415" running="67" waiting="1" ended="2348" arrived="2348" collisions="0" teleports="0" halting="31" stopped="0" meanWaitingTime="15.72" meanTravelTime="112.37" meanSpeed="3.60" meanSpeedRelative="0.26" duration="3"/>
    <step time="4800.00" loaded="2573" inserted="2567" running="38" waiting="6" ended="2529" arrived="2529" collisions="0" teleports="0" halting="14" stopped="0" meanWaitingTime="15.04" meanTravelTime="112.28" meanSpeed="4.80" meanSpeedRelative="0.35" duration="1"/>
    <step time="5100.00" loaded="2739" inserted="2729" running="57" waiting="10" ended="2672" arrived="2672" collisions="0" teleports="0" halting="9" stopped="0" meanWaitingTime="15.82" meanTravelTime="111.39" meanSpeed="5.86" meanSpeedRelative="0.42" duration="2"/>
    <step time="5400.00" loaded="2890" inserted="2888" running="57" waiting="2" ended="2831" arrived="2831" collisions="0" teleports="0" halting="20" stopped="0" meanWaitingTime="15.79" meanTravelTime="111.14" meanSpeed="5.25" meanSpeedRelative="0.38" duration="1"/>
    <step time="5700.00" loaded="3075" inserted="3060" running="77" waiting="15" ended="2983" arrived="2983" collisions="0" teleports="0" halting="34" stopped="0" meanWaitingTime="15.27" meanTravelTime="110.68" meanSpeed="4.92" meanSpeedRelative="0.35" duration="3"/>
    <step time="6000.00" loaded="3198" inserted="3195" running="43" waiting="3" ended="3152" arrived="3152" collisions="0" teleports="0" halting="13" stopped="0" meanWaitingTime="15.32" meanTravelTime="112.52" meanSpeed="5.57" meanSpeedRelative="0.40" duration="1"/>
    <step time="6300.00" loaded="3360" inserted="3343" running="67" waiting="17" ended="3276" arrived="3276" collisions="0" teleports="0" halting="24" stopped="0" meanWaitingTime="15.40" meanTravelTime="112.45" meanSpeed="5.31" meanSpeedRelative="0.38" duration="3"/>
    <step time="6600.00" loaded="3520" inserted="3512" running="48" waiting="8" ended="3464" arrived="3464" collisions="0" teleports="0" halting="17" stopped="0" meanWaitingTime="15.63" meanTravelTime="111.95" meanSpeed="4.75" meanSpeedRelative="0.34" duration="3"/>
    <step time="6900.00" loaded="3706" inserted="3688" running="58" waiting="18" ended="3630" arrived="3630" collisions="0" teleports="0" halting="29" stopped="0" meanWaitingTime="15.68" meanTravelTime="111.12" meanSpeed="3.26" meanSpeedRelative="0.24" duration="3"/>
    <step time="7200.00" loaded="3864" inserted="3843" running="42" waiting="21" ended="3801" arrived="3801" collisions="0" teleports="0" halting="16" stopped="0" meanWaitingTime="16.34" meanTravelTime="110.77" meanSpeed="5.20" meanSpeedRelative="0.37" duration="1"/>
    <step time="7500.00" loaded="4012" inserted="3997" running="39" waiting="15" ended="3958" arrived="3958" collisions="0" teleports="0" halting="22" stopped="0" meanWaitingTime="17.04" meanTravelTime="110.18" meanSpeed="3.95" meanSpeedRelative="0.28" duration="2"/>
    <step time="7800.00" loaded="4171" inserted="4148" running="41" waiting="23" ended="4107" arrived="4107" collisions="0" teleports="0" halting="10" stopped="0" meanWaitingTime="17.68" meanTravelTime="109.27" meanSpeed="5.38" meanSpeedRelative="0.39" duration="2"/>
    <step time="8100.00" loaded="4342" inserted="4327" running="51" waiting="15" ended="4276" arrived="4276" collisions="0" teleports="0" halting="19" stopped="0" meanWaitingTime="18.74" meanTravelTime="108.28" meanSpeed="4.99" meanSpeedRelative="0.36" duration="2"/>
    <step time="8400.00" loaded="4525" inserted="4521" running="57" waiting="4" ended="4464" arrived="4464" collisions="0" teleports="0" halting="10" stopped="0" meanWaitingTime="18.69" meanTravelTime="107.40" meanSpeed="5.54" meanSpeedRelative="0.40" duration="1"/>
    <step time="8700.00" loaded="4693" inserted="4688" running="67" waiting="5" ended="4621" arrived="4621" collisions="0" teleports="0" halting="20" stopped="0" meanWaitingTime="18.46" meanTravelTime="106.77" meanSpeed="5.76" meanSpeedRelative="0.41" duration="2"/>
    <step time="9000.00" loaded="4880" inserted="4863" running="58" waiting="17" ended="4805" arrived="4805" collisions="0" teleports="0" halting="13" stopped="0" meanWaitingTime="18.27" meanTravelTime="106.59" meanSpeed="5.01" meanSpeedRelative="0.36" duration="2"/>
    <step time="9300.00" loaded="5063" inserted="5044" running="51" waiting="19" ended="4993" arrived="4993" collisions="0" teleports="0" halting="26" stopped="0" meanWaitingTime="18.28" meanTravelTime="106.23" meanSpeed="4.84" meanSpeedRelative="0.35" duration="2"/>
    <step time="9600.00" loaded="5234" inserted="5220" running="53" waiting="14" ended="5167" arrived="5167" collisions="0" teleports="0" halting="15" stopped="0" meanWaitingTime="18.76" meanTravelTime="105.69" meanSpeed="6.61" meanSpeedRelative="0.48" duration="2"/>
    <step time="9900.00" loaded="5376" inserted="5370" running="57" waiting="6" ended="5313" arrived="5313" collisions="0" teleports="0" halting="13" stopped="0" meanWaitingTime="18.68" meanTravelTime="105.53" meanSpeed="5.10" meanSpeedRelative="0.37" duration="2"/>
    <step time="10200.00" loaded="5542" inserted="5533" running="64" waiting="9" ended="5469" arrived="5469" collisions="0" teleports="0" halting="13" stopped="0" meanWaitingTime="18.65" meanTravelTime="106.18" meanSpeed="5.18" meanSpeedRelative="0.37" duration="2"/>
    <step time="10500.00" loaded="5721" inserted="5707" running="77" waiting="14" ended="5630" arrived="5630" collisions="0" teleports="0" halting="26" stopped="0" meanWaitingTime="18.49" meanTravelTime="106.74" meanSpeed="3.80" meanSpeedRelative="0.27" duration="2"/>
    <step time="10800.00" loaded="5892" inserted="5885" running="77" waiting="7" ended="5808" arrived="5808" collisions="0" teleports="0" halting="26" stopped="0" meanWaitingTime="18.54" meanTravelTime="107.30" meanSpeed="3.83" meanSpeedRelative="0.28" duration="3"/>
    <step time="11100.00" loaded="6072" inserted="6054" running="76" waiting="18" ended="5978" arrived="5978" collisions="0" teleports="0" halting="38" stopped="0" meanWaitingTime="18.48" meanTravelTime="108.39" meanSpeed="2.70" meanSpeedRelative="0.19" duration="4"/>
    <step time="11400.00" loaded="6248" inserted="6213" running="55" waiting="35" ended="6158" arrived="6158" collisions="0" teleports="0" halting="12" stopped="0" meanWaitingTime="19.11" meanTravelTime="109.49" meanSpeed="5.72" meanSpeedRelative="0.42" duration="1"/>
    <step time="11700.00" loaded="6391" inserted="6366" running="54" waiting="25" ended="6312" arrived="6312" collisions="0" teleports="0" halting="15" stopped="0" meanWaitingTime="20.21" meanTravelTime="109.20" meanSpeed="4.56" meanSpeedRelative="0.33" duration="3"/>
    <step time="12000.00" loaded="6566" inserted="6552" running="79" waiting="14" ended="6473" arrived="6473" collisions="0" teleports="0" halting="27" stopped="0" meanWaitingTime="20.51" meanTravelTime="109.61" meanSpeed="3.82" meanSpeedRelative="0.27" duration="4"/>
    <step time="12300.00" loaded="6734" inserted="6725" running="70" waiting="9" ended="6655" arrived="6655" collisions="0" teleports="0" halting="38" stopped="0" meanWaitingTime="20.60" meanTravelTime="110.29" meanSpeed="3.17" meanSpeedRelative="0.23" duration="2"/>
    <step time="12600.00" loaded="6901" inserted="6881" running="53" waiting="20" ended="6828" arrived="6828" collisions="0" teleports="0" halting="23" stopped="0" meanWaitingTime="20.55" meanTravelTime="110.36" meanSpeed="4.56" meanSpeedRelative="0.33" duration="2"/>
    <step time="12900.00" loaded="7070" inserted="7057" running="51" waiting="13" ended="7006" arrived="7006" collisions="0" teleports="0" halting="18" stopped="0" meanWaitingTime="20.70" meanTravelTime="110.27" meanSpeed="5.12" meanSpeedRelative="0.37" duration="2"/>
    <step time="13200.00" loaded="7247" inserted="7227" running="71" waiting="20" ended="7156" arrived="7156" collisions="0" teleports="0" halting="14" stopped="0" meanWaitingTime="20.74" meanTravelTime="110.08" meanSpeed="6.00" meanSpeedRelative="0.43" duration="2"/>
    <step time="13500.00" loaded="7424" inserted="7416" running="75" waiting="8" ended="7341" arrived="7341" collisions="0" teleports="0" halting="21" stopped="0" meanWaitingTime="20.63" meanTravelTime="110.36" meanSpeed="4.07" meanSpeedRelative="0.29" duration="1"/>
    <step time="13800.00" loaded="7617" inserted="7601" running="77" waiting="16" ended="7524" arrived="7524" collisions="0" teleports="0" halting="19" stopped="0" meanWaitingTime="20.69" meanTravelTime="110.52" meanSpeed="5.63" meanSpeedRelative="0.41" duration="3"/>
    <step time="14100.00" loaded="7777" inserted="7773" running="78" waiting="4" ended="7695" arrived="7695" collisions="0" teleports="0" halting="20" stopped="0" meanWaitingTime="20.74" meanTravelTime="110.56" meanSpeed="5.79" meanSpeedRelative="0.43" duration="1"/>
    <step time="14400.00" loaded="7917" inserted="7906" running="46" waiting="11" ended="7860" arrived="7860" collisions="0" teleports="0" halting="12" stopped="0" meanWaitingTime="20.89" meanTravelTime="110.97" meanSpeed="6.26" meanSpeedRelative="0.45" duration="1"/>
    <step time="14700.00" loaded="8111" inserted="8093" running="64" waiting="18" ended="8029" arrived="8029" collisions="0" teleports="0" halting="10" stopped="0" meanWaitingTime="20.84" meanTravelTime="110.48" meanSpeed="5.63" meanSpeedRelative="0.41" duration="1"/>
    <step time="15000.00" loaded="8270" inserted="8265" running="99" waiting="5" ended="8166" arrived="8166" collisions="0" teleports="0" halting="15" stopped="0" meanWaitingTime="20.64" meanTravelTime="110.83" meanSpeed="6.13" meanSpeedRelative="0.44" duration="4"/>
    <step time="15300.00" loaded="8431" inserted="8396" running="53" waiting="35" ended="8343" arrived="8343" collisions="0" teleports="0" halting="20" stopped="0" meanWaitingTime="20.79" meanTravelTime="111.50" meanSpeed="5.05" meanSpeedRelative="0.36" duration="1"/>
    <step time="15600.00" loaded="8596" inserted="8585" running="60" waiting="11" ended="8525" arrived="8525" collisions="0" teleports="0" halting="19" stopped="0" meanWaitingTime="21.53" meanTravelTime="110.95" meanSpeed="5.34" meanSpeedRelative="0.38" duration="1"/>
    <step time="15900.00" loaded="8786" inserted="8770" running="87" waiting="16" ended="8683" arrived="8683" collisions="0" teleports="0" halting="34" stopped="0" meanWaitingTime="21.78" meanTravelTime="110.92" meanSpeed="4.00" meanSpeedRelative="0.29" duration="3"/>
    <step time="16200.00" loaded="8976" inserted="8943" running="63" waiting="33" ended="8880" arrived="8880" collisions="0" teleports="0" halting="17" stopped="0" meanWaitingTime="22.17" meanTravelTime="110.85" meanSpeed="5.80" meanSpeedRelative="0.42" duration="2"/>
    <step time="16500.00" loaded="9145" inserted="9131" running="58" waiting="14" ended="9073" arrived="9073" collisions="0" teleports="0" halting="21" stopped="0" meanWaitingTime="22.71" meanTravelTime="110.66" meanSpeed="5.62" meanSpeedRelative="0.42" duration="2"/>
    <step time="16800.00" loaded="9330" inserted="9294" running="57" waiting="36" ended="9237" arrived="9237" collisions="0" teleports="0" halting="13" stopped="0" meanWaitingTime="22.98" meanTravelTime="110.72" meanSpeed="6.32" meanSpeedRelative="0.46" duration="3"/>
    <step time="17100.00" loaded="9504" inserted="9474" running="55" waiting="30" ended="9419" arrived="9419" collisions="0" teleports="0" halting="13" stopped="0" meanWaitingTime="23.64" meanTravelTime="110.41" meanSpeed="5.69" meanSpeedRelative="0.41" duration="2"/>
    <step time="17400.00" loaded="9686" inserted="9661" running="75" waiting="25" ended="9586" arrived="9586" collisions="0" teleports="0" halting="30" stopped="0" meanWaitingTime="24.29" meanTravelTime="110.48" meanSpeed="5.26" meanSpeedRelative="0.38" duration="3"/>
    <step time="17700.00" loaded="9860" inserted="9832" running="73" waiting="28" ended="9759" arrived="9759" collisions="0" teleports="0" halting="17" stopped="0" meanWaitingTime="24.66" meanTravelTime="110.65" meanSpeed="5.26" meanSpeedRelative="0.38" duration="3"/>
    <step time="18000.00" loaded="10027" inserted="10006" running="77" waiting="21" ended="9929" arrived="9929" collisions="0" teleports="0" halting="35" stopped="0" meanWaitingTime="25.13" meanTravelTime="110.98" meanSpeed="4.28" meanSpeedRelative="0.31" duration="4"/>
    <step time="18300.00" loaded="10211" inserted="10178" running="48" waiting="33" ended="10130" arrived="10130" collisions="0" teleports="0" halting="24" stopped="0" meanWaitingTime="25.31" meanTravelTime="111.26" meanSpeed="3.92" meanSpeedRelative="0.28" duration="2"/>
    <step time="18600.00" loaded="10371" inserted="10340" running="64" waiting="31" ended="10276" arrived="10276" collisions="0" teleports="0" halting="27" stopped="0" meanWaitingTime="25.88" meanTravelTime="111.10" meanSpeed="4.89" meanSpeedRelative="0.35" duration="3"/>
    <step time="18900.00" loaded="10558" inserted="10523" running="69" waiting="35" ended="10454" arrived="10454" collisions="0" teleports="0" halting="15" stopped="0" meanWaitingTime="26.24" meanTravelTime="111.22" meanSpeed="6.99" meanSpeedRelative="0.50" duration="3"/>
    <step time="19200.00" loaded="10734" inserted="10707" running="60" waiting="27" ended="10647" arrived="10647" collisions="0" teleports="0" halting="32" stopped="0" meanWaitingTime="26.55" meanTravelTime="111.00" meanSpeed="4.59" meanSpeedRelative="0.33" duration="2"/>
    <step time="19500.00" loaded="10941" inserted="10917" running="94" waiting="24" ended="10823" arrived="10823" collisions="0" teleports="0" halting="37" stopped="0" meanWaitingTime="26.85" meanTravelTime="111.18" meanSpeed="3.30" meanSpeedRelative="0.24" duration="4"/>
    <step time="19800.00" loaded="11119" inserted="11088" running="71" waiting="31" ended="11017" arrived="11017" collisions="0" teleports="0" halting="25" stopped="0" meanWaitingTime="27.15" meanTravelTime="111.39" meanSpeed="5.35" meanSpeedRelative="0.39" duration="2"/>
    <step time="20100.00" loaded="11314" inserted="11288" running="82" waiting="26" ended="11206" arrived="11206" collisions="0" teleports="0" halting="19" stopped="0" meanWaitingTime="27.59" meanTravelTime="111.46" meanSpeed="5.39" meanSpeedRelative="0.39" duration="4"/>
    <step time="20400.00" loaded="11481" inserted="11454" running="72" waiting="27" ended="11382" arrived="11382" collisions="0" teleports="0" halting="24" stopped="0" meanWaitingTime="27.96" meanTravelTime="111.40" meanSpeed="4.36" meanSpeedRelative="0.31" duration="2"/>
    <step time="20700.00" loaded="11652" inserted="11629" running="67" waiting="23" ended="11562" arrived="11562" collisions="0" teleports="0" halting="25" stopped="0" meanWaitingTime="28.24" meanTravelTime="111.37" meanSpeed="4.48" meanSpeedRelative="0.32" duration="1"/>
    <step time="21000.00" loaded="11837" inserted="11824" running="59" waiting="13" ended="11765" arrived="11765" collisions="0" teleports="0" halting="35" stopped="0" meanWaitingTime="28.44" meanTravelTime="111.20" meanSpeed="3.02" meanSpeedRelative="0.22" duration="2"/>
    <step time="21300.00" loaded="11995" inserted="11995" running="64" waiting="0" ended="11931" arrived="11931" collisions="0" teleports="0" halting="15" stopped="0" meanWaitingTime="28.23" meanTravelTime="111.11" meanSpeed="5.56" meanSpeedRelative="0.40" duration="2"/>
    <step time="21600.00" loaded="12214" inserted="12205" running="95" waiting="9" ended="12110" arrived="12110" collisions="0" teleports="0" halting="18" stopped="0" meanWaitingTime="27.95" meanTravelTime="111.16" meanSpeed="5.67" meanSpeedRelative="0.41" duration="2"/>
    <step time="21900.00" loaded="12402" inserted="12394" running="76" waiting="8" ended="12318" arrived="12318" collisions="0" teleports="0" halting="22" stopped="0" meanWaitingTime="27.64" meanTravelTime="111.27" meanSpeed="6.01" meanSpeedRelative="0.43" duration="2"/>
    <step time="22200.00" loaded="12591" inserted="12581" running="81" waiting="10" ended="12500" arrived="12500" collisions="0" teleports="0" halting="16" stopped="0" meanWaitingTime="27.40" meanTravelTime="111.05" meanSpeed="5.43" meanSpeedRelative="0.39" duration="3"/>
    <step time="22500.00" loaded="12766" inserted="12732" running="51" waiting="34" ended="12681" arrived="12681" collisions="0" teleports="0" halting="5" stopped="0" meanWaitingTime="27.31" meanTravelTime="111.45" meanSpeed="6.90" meanSpeedRelative="0.50" duration="3"/>
    <step time="22800.00" loaded="12961" inserted="12959" running="92" waiting="2" ended="12867" arrived="12867" collisions="0" teleports="0" halting="61" stopped="0" meanWaitingTime="27.29" meanTravelTime="111.28" meanSpeed="2.14" meanSpeedRelative="0.15" duration="3"/>
    <step time="23100.00" loaded="13146" inserted="13132" running="106" waiting="14" ended="13026" arrived="13026" collisions="0" teleports="0" halting="52" stopped="0" meanWaitingTime="27.10" meanTravelTime="111.91" meanSpeed="3.35" meanSpeedRelative="0.24" duration="4"/>
    <step time="23400.00" loaded="13333" inserted="13324" running="73" waiting="9" ended="13251" arrived="13251" collisions="0" teleports="0" halting="17" stopped="0" meanWaitingTime="27.02" meanTravelTime="112.52" meanSpeed="4.48" meanSpeedRelative="0.32" duration="3"/>
    <step time="23700.00" loaded="13562" inserted="13541" running="82" waiting="21" ended="13459" arrived="13459" collisions="0" teleports="0" halting="27" stopped="0" meanWaitingTime="26.81" meanTravelTime="112.46" meanSpeed="4.82" meanSpeedRelative="0.35" duration="3"/>
    <step time="24000.00" loaded="13738" inserted="13718" running="64" waiting="20" ended="13654" arrived="13654" collisions="0" teleports="0" halting="17" stopped="0" meanWaitingTime="26.80" meanTravelTime="112.63" meanSpeed="4.65" meanSpeedRelative="0.34" duration="3"/>
    <step time="24300.00" loaded="13951" inserted="13925" running="114" waiting="26" ended="13811" arrived="13811" collisions="0" teleports="0" halting="75" stopped="0" meanWaitingTime="26.91" meanTravelTime="112.51" meanSpeed="2.65" meanSpeedRelative="0.20" duration="3"/>
    <step time="24600.00" loaded="14172" inserted="14133" running="90" waiting="39" ended="14043" arrived="14043" collisions="0" teleports="0" halting="29" stopped="0" meanWaitingTime="27.15" meanTravelTime="113.03" meanSpeed="4.10" meanSpeedRelative="0.30" duration="3"/>
    <step time="24900.00" loaded="14385" inserted="14350" running="92" waiting="35" ended="14258" arrived="14258" collisions="0" teleports="0" halting="27" stopped="0" meanWaitingTime="27.64" meanTravelTime="113.30" meanSpeed="4.82" meanSpeedRelative="0.35" duration="3"/>
    <step time="25200.00" loaded="14579" inserted="14534" running="73" waiting="45" ended="14461" arrived="14461" collisions="0" teleports="0" halting="21" stopped="0" meanWaitingTime="27.86" meanTravelTime="113.49" meanSpeed="5.45" meanSpeedRelative="0.39" duration="1"/>
    <step time="25500.00" loaded="14753" inserted="14729" running="63" waiting="24" ended="14666" arrived="14666" collisions="0" teleports="0" halting="32" stopped="0" meanWaitingTime="28.27" meanTravelTime="113.63" meanSpeed="4.43" meanSpeedRelative="0.32" duration="3"/>
    <step time="25800.00" loaded="14983" inserted="14947" running="88" waiting="36" ended="14859" arrived="14859" collisions="0" teleports="0" halting="29" stopped="0" meanWaitingTime="28.47" meanTravelTime="113.47" meanSpeed="4.35" meanSpeedRelative="0.31" duration="3"/>
    <step time="26100.00" loaded="15193" inserted="15160" running="74" waiting="33" ended="15086" arrived="15086" collisions="0" teleports="0" halting="20" stopped="0" meanWaitingTime="28.82" meanTravelTime="113.33" meanSpeed="4.48" meanSpeedRelative="0.32" duration="3"/>
    <step time="26400.00" loaded="15386" inserted="15344" running="82" waiting="42" ended="15262" arrived="15262" collisions="0" teleports="0" halting="41" stopped="0" meanWaitingTime="29.08" meanTravelTime="113.42" meanSpeed="3.01" meanSpeedRelative="0.22" duration="1"/>
    <step time="26700.00" loaded="15600" inserted="15564" running="97" waiting="36" ended="15467" arrived="15467" collisions="0" teleports="0" halting="29" stopped="0" meanWaitingTime="29.53" meanTravelTime="113.42" meanSpeed="4.31" meanSpeedRelative="0.31" duration="3"/>
    <step time="27000.00" loaded="15817" inserted="15780" running="129" waiting="37" ended="15651" arrived="15651" collisions="0" teleports="0" halting="27" stopped="0" meanWaitingTime="29.96" meanTravelTime="113.46" meanSpeed="4.40" meanSpeedRelative="0.32" duration="3"/>
    <step time="27300.00" loaded="16041" inserted="15996" running="103" waiting="45" ended="15893" arrived="15893" collisions="0" teleports="0" halting="41" stopped="0" meanWaitingTime="30.32" meanTravelTime="113.87" meanSpeed="3.19" meanSpeedRelative="0.24" duration="3"/>
    <step time="27600.00" loaded="16239" inserted="16189" running="69" waiting="50" ended="16120" arrived="16120" collisions="0" teleports="0" halting="44" stopped="0" meanWaitingTime="30.71" meanTravelTime="114.27" meanSpeed="2.19" meanSpeedRelative="0.16" duration="1"/>
    <step time="27900.00" loaded="16444" inserted="16401" running="71" waiting="43" ended="16330" arrived="16330" collisions="0" teleports="0" halting="18" stopped="0" meanWaitingTime="31.22" meanTravelTime="114.14" meanSpeed="5.41" meanSpeedRelative="0.39" duration="2"/>
    <step time="28200.00" loaded="16669" inserted="16639" running="70" waiting="30" ended="16569" arrived="16569" collisions="0" teleports="0" halting="21" stopped="0" meanWaitingTime="31.65" meanTravelTime="113.95" meanSpeed="5.03" meanSpeedRelative="0.36" duration="2"/>
    <step time="28500.00" loaded="16871" inserted="16841" running="82" waiting="30" ended="16759" arrived="16759" collisions="0" teleports="0" halting="21" stopped="0" meanWaitingTime="31.83" meanTravelTime="113.94" meanSpeed="5.94" meanSpeedRelative="0.43" duration="4"/>
    <step time="28800.00" loaded="17085" inserted="17052" running="93" waiting="33" ended="16959" arrived="16959" collisions="0" teleports="0" halting="35" stopped="0" meanWaitingTime="31.87" meanTravelTime="113.87" meanSpeed="3.86" meanSpeedRelative="0.28" duration="4"/>
    <step time="29100.00" loaded="17311" inserted="17279" running="118" waiting="32" ended="17161" arrived="17161" collisions="0" teleports="0" halting="46" stopped="0" meanWaitingTime="31.95" meanTravelTime="114.36" meanSpeed="3.32" meanSpeedRelative="0.24" duration="3"/>
    <step time="29400.00" loaded="17512" inserted="17464" running="94" waiting="48" ended="17370" arrived="17370" collisions="0" teleports="0" halting="30" stopped="0" meanWaitingTime="32.17" meanTravelTime="114.83" meanSpeed="4.09" meanSpeedRelative="0.29" duration="3"/>
    <step time="29700.00" loaded="17693" inserted="17660" running="59" waiting="33" ended="17601" arrived="17601" collisions="0" teleports="0" halting="13" stopped="0" meanWaitingTime="32.38" meanTravelTime="115.14" meanSpeed="5.08" meanSpeedRelative="0.37" duration="3"/>
    <step time="30000.00" loaded="17868" inserted="17836" running="57" waiting="32" ended="17779" arrived="17779" collisions="0" teleports="0" halting="16" stopped="0" meanWaitingTime="32.55" meanTravelTime="115.12" meanSpeed="5.03" meanSpeedRelative="0.36" duration="1"/>
    <step time="30300.00" loaded="18065" inserted="18026" running="56" waiting="39" ended="17970" arrived="17970" collisions="0" teleports="0" halting="21" stopped="0" meanWaitingTime="32.89" meanTravelTime="115.07" meanSpeed="5.13" meanSpeedRelative="0.37" duration="3"/>
    <step time="30600.00" loaded="18278" inserted="18234" running="84" waiting="44" ended="18150" arrived="18150" collisions="0" teleports="0" halting="33" stopped="0" meanWaitingTime="33.18" meanTravelTime="114.88" meanSpeed="5.10" meanSpeedRelative="0.37" duration="4"/>
    <step time="30900.00" loaded="18497" inserted="18453" running="101" waiting="44" ended="18352" arrived="18352" collisions="0" teleports="0" halting="47" stopped="0" meanWaitingTime="33.48" meanTravelTime="114.89" meanSpeed="2.83" meanSpeedRelative="0.20" duration="3"/>
    <step time="31200.00" loaded="18667" inserted="18620" running="54" waiting="47" ended="18566" arrived="18566" collisions="0" teleports="0" halting="13" stopped="0" meanWaitingTime="33.65" meanTravelTime="115.09" meanSpeed="5.32" meanSpeedRelative="0.38" duration="1"/>
    <step time="31500.00" loaded="18846" inserted="18801" running="71" waiting="45" ended="18730" arrived="18730" collisions="0" teleports="0" halting="33" stopped="0" meanWaitingTime="33.98" meanTravelTime="115.18" meanSpeed="3.04" meanSpeedRelative="0.22" duration="3"/>
    <step time="31800.00" loaded="19005" inserted="18969" running="72" waiting="36" ended="18897" arrived="18897" collisions="0" teleports="0" halting="19" stopped="0" meanWaitingTime="34.36" meanTravelTime="115.32" meanSpeed="5.40" meanSpeedRelative="0.39" duration="2"/>
    <step time="32100.00" loaded="19185" inserted="19144" running="61" waiting="41" ended="19083" arrived="19083" collisions="0" teleports="0" halting="24" stopped="0" meanWaitingTime="34.77" meanTravelTime="115.18" meanSpeed="5.30" meanSpeedRelative="0.38" duration="2"/>
    <step time="32400.00" loaded="19351" inserted="19305" running="55" waiting="46" ended="19250" arrived="19250" collisions="0" teleports="0" halting="20" stopped="0" meanWaitingTime="35.00" meanTravelTime="115.10" meanSpeed="5.68" meanSpeedRelative="0.41" duration="1"/>
    <step time="32700.00" loaded="19529" inserted="19489" running="62" waiting="40" ended="19427" arrived="19427" collisions="0" teleports="0" halting="12" stopped="0" meanWaitingTime="35.25" meanTravelTime="115.07" meanSpeed="4.94" meanSpeedRelative="0.36" duration="3"/>
    <step time="33000.00" loaded="19698" inserted="19667" running="62" waiting="31" ended="19605" arrived="19605" collisions="0" teleports="0" halting="9" stopped="0" meanWaitingTime="35.53" meanTravelTime="115.06" meanSpeed="4.38" meanSpeedRelative="0.33" duration="2"/>
    <step time="33300.00" loaded="19830" inserted="19816" running="74" waiting="14" ended="19742" arrived="19742" collisions="0" teleports="0" halting="18" stopped="0" meanWaitingTime="35.70" meanTravelTime="115.15" meanSpeed="5.36" meanSpeedRelative="0.39" duration="2"/>
    <step time="33600.00" loaded="20022" inserted="20001" running="62" waiting="21" ended="19939" arrived="19939" collisions="0" teleports="0" halting="25" stopped="0" meanWaitingTime="35.64" meanTravelTime="115.08" meanSpeed="5.80" meanSpeedRelative="0.42" duration="3"/>
    <step time="33900.00" loaded="20176" inserted="20153" running="53" waiting="23" ended="20100" arrived="20100" collisions="0" teleports="0" halting="19" stopped="0" meanWaitingTime="35.63" meanTravelTime="114.97" meanSpeed="4.67" meanSpeedRelative="0.34" duration="3"/>
    <step time="34200.00" loaded="20333" inserted="20312" running="71" waiting="21" ended="20241" arrived="20241" collisions="0" teleports="0" halting="20" stopped="0" meanWaitingTime="35.63" meanTravelTime="115.03" meanSpeed="4.36" meanSpeedRelative="0.31" duration="1"/>
    <step time="34500.00" loaded="20502" inserted="20478" running="84" waiting="24" ended="20394" arrived="20394" collisions="0" teleports="0" halting="15" stopped="0" meanWaitingTime="35.71" meanTravelTime="115.12" meanSpeed="4.61" meanSpeedRelative="0.33" duration="2"/>
    <step time="34800.00" loaded="20655" inserted="20626" running="67" waiting="29" ended="20559" arrived="20559" collisions="0" teleports="0" halting="23" stopped="0" meanWaitingTime="35.88" meanTravelTime="115.36" meanSpeed="4.16" meanSpeedRelative="0.30" duration="3"/>
    <step time="35100.00" loaded="20793" inserted="20782" running="74" waiting="11" ended="20708" arrived="20708" collisions="0" teleports="0" halting="17" stopped="0" meanWaitingTime="36.00" meanTravelTime="115.42" meanSpeed="5.51" meanSpeedRelative="0.40" duration="1"/>
    <step time="35400.00" loaded="20931" inserted="20924" running="52" waiting="7" ended="20872" arrived="20872" collisions="0" teleports="0" halting="7" stopped="0" meanWaitingTime="35.81" meanTravelTime="115.40" meanSpeed="6.84" meanSpeedRelative="0.49" duration="2"/>
    <step time="35700.00" loaded="21074" inserted="21067" running="44" waiting="7" ended="21023" arrived="21023" collisions="0" teleports="0" halting="17" stopped="0" meanWaitingTime="35.69" meanTravelTime="115.38" meanSpeed="3.74" meanSpeedRelative="0.27" duration="1"/>
    <step time="36000.00" loaded="21228" inserted="21221" running="39" waiting="7" ended="21182" arrived="21182" collisions="0" teleports="0" halting="19" stopped="0" meanWaitingTime="35.54" meanTravelTime="115.23" meanSpeed="4.29" meanSpeedRelative="0.31" duration="1"/>
    <step time="36300.00" loaded="21400" inserted="21383" running="49" waiting="17" ended="21334" arrived="21334" collisions="0" teleports="0" halting="30" stopped="0" meanWaitingTime="35.43" meanTravelTime="115.04" meanSpeed="3.55" meanSpeedRelative="0.26" duration="2"/>
    <step time="36600.00" loaded="21548" inserted="21537" running="51" waiting="11" ended="21486" arrived="21486" collisions="0" teleports="0" halting="6" stopped="0" meanWaitingTime="35.38" meanTravelTime="114.99" meanSpeed="4.32" meanSpeedRelative="0.31" duration="2"/>
    <step time="36900.00" loaded="21687" inserted="21667" running="42" waiting="20" ended="21625" arrived="21625" collisions="0" teleports="0" halting="12" stopped="0" meanWaitingTime="35.26" meanTravelTime="114.92" meanSpeed="5.92" meanSpeedRelative="0.43" duration="2"/>
    <step time="37200.00" loaded="21812" inserted="21789" running="30" waiting="23" ended="21759" arrived="21759" collisions="0" teleports="0" halting="15" stopped="0" meanWaitingTime="35.26" meanTravelTime="114.80" meanSpeed="3.83" meanSpeedRelative="0.28" duration="1"/>
    <step time="37500.00" loaded="21951" inserted="21914" running="49" waiting="37" ended="21865" arrived="21865" collisions="0" teleports="0" halting="11" stopped="0" meanWaitingTime="35.43" meanTravelTime="114.77" meanSpeed="7.17" meanSpeedRelative="0.52" duration="2"/>
    <step time="37800.00" loaded="22107" inserted="22066" running="44" waiting="41" ended="22022" arrived="22022" collisions="0" teleports="0" halting="16" stopped="0" meanWaitingTime="35.69" meanTravelTime="114.68" meanSpeed="6.00" meanSpeedRelative="0.43" duration="1"/>
    <step time="38100.00" loaded="22253" inserted="22210" running="53" waiting="43" ended="22157" arrived="22157" collisions="0" teleports="0" halting="10" stopped="0" meanWaitingTime="35.91" meanTravelTime="114.51" meanSpeed="6.61" meanSpeedRelative="0.48" duration="2"/>
    <step time="38400.00" loaded="22379" inserted="22350" running="50" waiting="29" ended="22300" arrived="22300" collisions="0" teleports="0" halting="20" stopped="0" meanWaitingTime="36.21" meanTravelTime="114.46" meanSpeed="4.57" meanSpeedRelative="0.35" duration="2"/>
    <step time="38700.00" loaded="22476" inserted="22461" running="56" waiting="15" ended="22405" arrived="22405" collisions="0" teleports="0" halting="34" stopped="0" meanWaitingTime="36.38" meanTravelTime="114.43" meanSpeed="3.01" meanSpeedRelative="0.22" duration="1"/>
    <step time="39000.00" loaded="22582" inserted="22549" running="60" waiting="33" ended="22489" arrived="22489" collisions="0" teleports="0" halting="6" stopped="0" meanWaitingTime="36.58" meanTravelTime="114.56" meanSpeed="5.55" meanSpeedRelative="0.40" duration="1"/>
    <step time="39300.00" loaded="22707" inserted="22664" running="47" waiting="43" ended="22617" arrived="22617" collisions="0" teleports="0" halting="19" stopped="0" meanWaitingTime="36.85" meanTravelTime="114.94" meanSpeed="3.75" meanSpeedRelative="0.27" duration="2"/>
    <step time="39600.00" loaded="22820" inserted="22771" running="40" waiting="49" ended="22731" arrived="22731" collisions="0" teleports="0" halting="15" stopped="0" meanWaitingTime="37.14" meanTravelTime="115.00" meanSpeed="5.13" meanSpeedRelative="0.37" duration="2"/>
    <step time="39900.00" loaded="22943" inserted="22898" running="70" waiting="45" ended="22828" arrived="22828" collisions="0" teleports="0" halting="54" stopped="0" meanWaitingTime="37.61" meanTravelTime="114.99" meanSpeed="1.70" meanSpeedRelative="0.12" duration="3"/>
    <step time="40200.00" loaded="23033" inserted="23010" running="46" waiting="23" ended="22964" arrived="22964" collisions="0" teleports="0" halting="22" stopped="0" meanWaitingTime="38.13" meanTravelTime="115.16" meanSpeed="2.83" meanSpeedRelative="0.20" duration="2"/>
    <step time="40500.00" loaded="23133" inserted="23109" running="36" waiting="24" ended="23073" arrived="23073" collisions="0" teleports="0" halting="9" stopped="0" meanWaitingTime="38.26" meanTravelTime="115.24" meanSpeed="6.22" meanSpeedRelative="0.45" duration="1"/>
    <step time="40800.00" loaded="23243" inserted="23213" running="36" waiting="30" ended="23177" arrived="23177" collisions="0" teleports="0" halting="13" stopped="0" meanWaitingTime="38.52" meanTravelTime="115.14" meanSpeed="5.56" meanSpeedRelative="0.40" duration="2"/>
    <step time="41100.00" loaded="23325" inserted="23302" running="42" waiting="23" ended="23260" arrived="23260" collisions="0" teleports="0" halting="22" stopped="0" meanWaitingTime="38.70" meanTravelTime="115.18" meanSpeed="3.81" meanSpeedRelative="0.27" duration="2"/>
    <step time="41400.00" loaded="23388" inserted="23378" running="19" waiting="10" ended="23359" arrived="23359" collisions="0" teleports="0" halting="15" stopped="0" meanWaitingTime="38.79" meanTravelTime="115.35" meanSpeed="2.64" meanSpeedRelative="0.19" duration="1"/>
    <step time="41700.00" loaded="23487" inserted="23461" running="50" waiting="26" ended="23411" arrived="23411" collisions="0" teleports="0" halting="25" stopped="0" meanWaitingTime="38.92" meanTravelTime="115.36" meanSpeed="4.41" meanSpeedRelative="0.32" duration="1"/>
    <step time="42000.00" loaded="23567" inserted="23538" running="28" waiting="29" ended="23510" arrived="23510" collisions="0" teleports="0" halting="11" stopped="0" meanWaitingTime="39.12" meanTravelTime="115.51" meanSpeed="3.61" meanSpeedRelative="0.26" duration="1"/>
    <step time="42300.00" loaded="23672" inserted="23647" running="51" waiting="25" ended="23596" arrived="23596" collisions="0" teleports="0" halting="14" stopped="0" meanWaitingTime="39.36" meanTravelTime="115.43" meanSpeed="4.60" meanSpeedRelative="0.33" duration="2"/>
    <step time="42600.00" loaded="23784" inserted="23747" running="49" waiting="37" ended="23698" arrived="23698" collisions="0" teleports="0" halting="7" stopped="0" meanWaitingTime="39.58" meanTravelTime="115.44" meanSpeed="6.16" meanSpeedRelative="0.44" duration="1"/>
    <step time="42900.00" loaded="23885" inserted="23862" running="49" waiting="23" ended="23813" arrived="23813" collisions="0" teleports="0" halting="10" stopped="0" meanWaitingTime="39.86" meanTravelTime="115.53" meanSpeed="6.56" meanSpeedRelative="0.47" duration="1"/>
    <step time="43200.00" loaded="23984" inserted="23948" running="20" waiting="36" ended="23928" arrived="23928" collisions="0" teleports="0" halting="6" stopped="0" meanWaitingTime="39.98" meanTravelTime="115.59" meanSpeed="6.74" meanSpeedRelative="0.49" duration="1"/>
    <step time="43500.00" loaded="24062" inserted="24037" running="34" waiting="25" ended="24003" arrived="24003" collisions="0" teleports="0" halting="8" stopped="0" meanWaitingTime="40.14" meanTravelTime="115.53" meanSpeed="6.61" meanSpeedRelative="0.48" duration="2"/>
    <step time="43800.00" loaded="24162" inserted="24124" running="40" waiting="38" ended="24084" arrived="24084" collisions="0" teleports="0" halting="18" stopped="0" meanWaitingTime="40.36" meanTravelTime="115.49" meanSpeed="5.16" meanSpeedRelative="0.37" duration="1"/>
    <step time="44100.00" loaded="24268" inserted="24239" running="54" waiting="29" ended="24185" arrived="24185" collisions="0" teleports="0" halting="27" stopped="0" meanWaitingTime="40.64" meanTravelTime="115.50" meanSpeed="4.04" meanSpeedRelative="0.29" duration="1"/>
    <step time="44400.00" loaded="24378" inserted="24344" running="69" waiting="34" ended="24275" arrived="24275" collisions="0" teleports="0" halting="53" stopped="0" meanWaitingTime="40.88" meanTravelTime="115.45" meanSpeed="1.18" meanSpeedRelative="0.08" duration="1"/>
    <step time="44700.00" loaded="24482" inserted="24439" running="38" waiting="43" ended="24401" arrived="24401" collisions="0" teleports="0" halting="11" stopped="0" meanWaitingTime="41.19" meanTravelTime="115.94" meanSpeed="4.94" meanSpeedRelative="0.36" duration="2"/>
    <step time="45000.00" loaded="24587" inserted="24538" running="40" waiting="49" ended="24498" arrived="24498" collisions="0" teleports="0" halting="6" stopped="0" meanWaitingTime="41.49" meanTravelTime="115.99" meanSpeed="5.35" meanSpeedRelative="0.39" duration="2"/>
    <step time="45300.00" loaded="24675" inserted="24638" running="60" waiting="37" ended="24578" arrived="24578" collisions="0" teleports="0" halting="15" stopped="0" meanWaitingTime="41.81" meanTravelTime="116.12" meanSpeed="3.97" meanSpeedRelative="0.29" duration="2"/>
    <step time="45600.00" loaded="24757" inserted="24728" running="46" waiting="29" ended="24682" arrived="24682" collisions="0" teleports="0" halting="27" stopped="0" meanWaitingTime="42.08" meanTravelTime="116.36" meanSpeed="2.26" meanSpeedRelative="0.16" duration="1"/>
    <step time="45900.00" loaded="24843" inserted="24797" running="45" waiting="46" ended="24752" arrived="24752" collisions="0" teleports="0" halting="42" stopped="0" meanWaitingTime="42.31" meanTravelTime="116.40" meanSpeed="0.80" meanSpeedRelative="0.06" duration="1"/>
    <step time="46200.00" loaded="24923" inserted="24875" running="68" waiting="48" ended="24807" arrived="24807" collisions="0" teleports="0" halting="62" stopped="0" meanWaitingTime="42.54" meanTravelTime="116.26" meanSpeed="0.62" meanSpeedRelative="0.04" duration="2"/>
    <step time="46500.00" loaded="24971" inserted="24950" running="95" waiting="21" ended="24855" arrived="24855" collisions="0" teleports="0" halting="95" stopped="0" meanWaitingTime="42.78" meanTravelTime="116.17" meanSpeed="0.00" meanSpeedRelative="0.00" duration="3"/>
    <step time="46800.00" loaded="24991" inserted="24970" running="98" waiting="21" ended="24872" arrived="24872" collisions="0" teleports="0" halting="97" stopped="0" meanWaitingTime="42.74" meanTravelTime="116.13" meanSpeed="0.15" meanSpeedRelative="0.01" duration="2"/>
    <step time="47100.00" loaded="25009" inserted="24988" running="94" waiting="21" ended="24894" arrived="24894" collisions="0" teleports="0" halting="91" stopped="0" meanWaitingTime="42.71" meanTravelTime="116.05" meanSpeed="0.19" meanSpeedRelative="0.01" duration="2"/>
    <step time="47400.00" loaded="25025" inserted="25004" running="93" waiting="21" ended="24911" arrived="24911" collisions="0" teleports="0" halting="93" stopped="0" meanWaitingTime="42.68" meanTravelTime="116.00" meanSpeed="0.00" meanSpeedRelative="0.00" duration="2"/>
    <step time="47700.00" loaded="25039" inserted="25018" running="94" waiting="21" ended="24924" arrived="24924" collisions="0" teleports="0" halting="94" stopped="0" meanWaitingTime="42.66" meanTravelTime="115.97" meanSpeed="0.00" meanSpeedRelative="0.00" duration="2"/>
    <step time="48000.00" loaded="25052" inserted="25031" running="92" waiting="21" ended="24939" arrived="24939" collisions="0" teleports="0" halting="91" stopped="0" meanWaitingTime="42.64" meanTravelTime="115.93" meanSpeed="0.06" meanSpeedRelative="0.00" duration="2"/>
    <step time="48300.00" loaded="25066" inserted="25045" running="92" waiting="21" ended="24953" arrived="24953" collisions="0" teleports="0" halting="91" stopped="0" meanWaitingTime="42.61" meanTravelTime="115.88" meanSpeed="0.04" meanSpeedRelative="0.00" duration="2"/>
    <step time="48600.00" loaded="25082" inserted="25061" running="93" waiting="21" ended="24968" arrived="24968" collisions="0" teleports="0" halting="91" stopped="0" meanWaitingTime="42.59" meanTravelTime="115.83" meanSpeed="0.17" meanSpeedRelative="0.01" duration="2"/>
    <step time="48900.00" loaded="25097" inserted="25076" running="97" waiting="21" ended="24979" arrived="24979" collisions="0" teleports="0" halting="96" stopped="0" meanWaitingTime="42.56" meanTravelTime="115.79" meanSpeed="0.03" meanSpeedRelative="0.00" duration="2"/>
    <step time="49200.00" loaded="25106" inserted="25085" running="91" waiting="21" ended="24994" arrived="24994" collisions="0" teleports="0" halting="91" stopped="0" meanWaitingTime="42.55" meanTravelTime="115.76" meanSpeed="0.00" meanSpeedRelative="0.00" duration="2"/>
</summary>
