<?xml version="1.0" encoding="UTF-8"?>

<!-- generated on 2025-02-28 21:21:22 by Eclipse SUMO sumo Version 1.19.0
<configuration xmlns:xsi="http://www.w3.org/2001/XMLSchema-instance" xsi:noNamespaceSchemaLocation="http://sumo.dlr.de/xsd/sumoConfiguration.xsd">

    <input>
        <net-file value="Network.net.xml"/>
        <route-files value="CarRoutes.rou.xml"/>
        <additional-files value="Sensors.add.xml"/>
    </input>

    <output>
        <emission-output value="logs/Emissions.xml"/>
        <summary-output value="logs/Log_summary.xml"/>
        <summary-output.period value="300"/>
        <tripinfo-output value="logs/TripInfos.xml"/>
    </output>

    <time>
        <begin value="0"/>
        <end value="86400"/>
        <step-length value="0.25"/>
    </time>

    <processing>
        <ignore-junction-blocker value="0.1"/>
        <time-to-teleport value="-1"/>
    </processing>

    <report>
        <verbose value="true"/>
        <no-step-log value="true"/>
    </report>

    <emissions>
        <device.emissions.period value="10"/>
    </emissions>

    <traci_server>
        <remote-port value="60283"/>
    </traci_server>

    <gui_only>
        <quit-on-end value="true"/>
        <start value="true"/>
    </gui_only>

</configuration>
-->

<instantE1 xmlns:xsi="http://www.w3.org/2001/XMLSchema-instance" xsi:noNamespaceSchemaLocation="http://sumo.dlr.de/xsd/instant_e1_file.xsd">
    <instantOut id="235_D025" time="3716.44" state="enter" vehID="Car_1565" speed="9.90" length="5.00" type="DEFAULT_CAR"/>
    <instantOut id="235_D025" time="3716.50" state="stay" vehID="Car_1565" speed="9.90" length="5.00" type="DEFAULT_CAR"/>
    <instantOut id="235_D025" time="3716.75" state="stay" vehID="Car_1565" speed="10.83" length="5.00" type="DEFAULT_CAR"/>
    <instantOut id="235_D025" time="3716.92" state="leave" vehID="Car_1565" speed="10.11" length="5.00" type="DEFAULT_CAR" occupancy="0.48"/>
    <instantOut id="235_D025" time="4387.21" state="enter" vehID="Car_2531" speed="9.60" length="5.00" type="DEFAULT_CAR" gap="670.29"/>
    <instantOut id="235_D025" time="4387.25" state="stay" vehID="Car_2531" speed="9.60" length="5.00" type="DEFAULT_CAR"/>
    <instantOut id="235_D025" time="4387.50" state="stay" vehID="Car_2531" speed="8.89" length="5.00" type="DEFAULT_CAR"/>
    <instantOut id="235_D025" time="4387.75" state="stay" vehID="Car_2531" speed="8.14" length="5.00" type="DEFAULT_CAR"/>
    <instantOut id="235_D025" time="4387.80" state="leave" vehID="Car_2531" speed="7.59" length="5.00" type="DEFAULT_CAR" occupancy="0.59"/>
    <instantOut id="235_D025" time="4406.53" state="enter" vehID="Car_2561" speed="7.78" length="5.00" type="DEFAULT_CAR" gap="18.73"/>
    <instantOut id="235_D025" time="4406.75" state="stay" vehID="Car_2561" speed="7.78" length="5.00" type="DEFAULT_CAR"/>
    <instantOut id="235_D025" time="4407.00" state="stay" vehID="Car_2561" speed="7.03" length="5.00" type="DEFAULT_CAR"/>
    <instantOut id="235_D025" time="4407.24" state="leave" vehID="Car_2561" speed="6.46" length="5.00" type="DEFAULT_CAR" occupancy="0.71"/>
    <instantOut id="235_D025" time="8948.00" state="enter" vehID="Car_4344" speed="9.57" length="5.00" type="DEFAULT_CAR" gap="4540.76"/>
    <instantOut id="235_D025" time="8948.00" state="stay" vehID="Car_4344" speed="9.57" length="5.00" type="DEFAULT_CAR"/>
    <instantOut id="235_D025" time="8948.25" state="stay" vehID="Car_4344" speed="9.05" length="5.00" type="DEFAULT_CAR"/>
    <instantOut id="235_D025" time="8948.50" state="stay" vehID="Car_4344" speed="8.30" length="5.00" type="DEFAULT_CAR"/>
    <instantOut id="235_D025" time="8948.59" state="leave" vehID="Car_4344" speed="7.55" length="5.00" type="DEFAULT_CAR" occupancy="0.59"/>
    <instantOut id="235_D025" time="11154.20" state="enter" vehID="Car_5647" speed="9.75" length="5.00" type="DEFAULT_CAR" gap="2205.62"/>
    <instantOut id="235_D025" time="11154.25" state="stay" vehID="Car_5647" speed="9.75" length="5.00" type="DEFAULT_CAR"/>
    <instantOut id="235_D025" time="11154.50" state="stay" vehID="Car_5647" speed="9.57" length="5.00" type="DEFAULT_CAR"/>
    <instantOut id="235_D025" time="11154.74" state="leave" vehID="Car_5647" speed="8.95" length="5.00" type="DEFAULT_CAR" occupancy="0.54"/>
    <instantOut id="235_D025" time="12354.97" state="enter" vehID="Car_7379" speed="9.10" length="5.00" type="DEFAULT_CAR" gap="1200.23"/>
    <instantOut id="235_D025" time="12355.00" state="stay" vehID="Car_7379" speed="9.10" length="5.00" type="DEFAULT_CAR"/>
    <instantOut id="235_D025" time="12355.25" state="stay" vehID="Car_7379" speed="8.35" length="5.00" type="DEFAULT_CAR"/>
    <instantOut id="235_D025" time="12355.50" state="stay" vehID="Car_7379" speed="7.71" length="5.00" type="DEFAULT_CAR"/>
    <instantOut id="235_D025" time="12355.61" state="leave" vehID="Car_7379" speed="7.00" length="5.00" type="DEFAULT_CAR" occupancy="0.63"/>
    <instantOut id="235_D025" time="12494.02" state="enter" vehID="Car_7333" speed="7.06" length="5.00" type="DEFAULT_CAR" gap="138.41"/>
    <instantOut id="235_D025" time="12494.25" state="stay" vehID="Car_7333" speed="7.06" length="5.00" type="DEFAULT_CAR"/>
    <instantOut id="235_D025" time="12494.50" state="stay" vehID="Car_7333" speed="6.53" length="5.00" type="DEFAULT_CAR"/>
    <instantOut id="235_D025" time="12494.75" state="stay" vehID="Car_7333" speed="5.78" length="5.00" type="DEFAULT_CAR"/>
    <instantOut id="235_D025" time="12494.81" state="leave" vehID="Car_7333" speed="5.03" length="5.00" type="DEFAULT_CAR" occupancy="0.79"/>
    <instantOut id="235_D025" time="14572.06" state="enter" vehID="Car_8114" speed="6.17" length="5.00" type="DEFAULT_CAR" gap="2077.25"/>
    <instantOut id="235_D025" time="14572.25" state="stay" vehID="Car_8114" speed="6.17" length="5.00" type="DEFAULT_CAR"/>
    <instantOut id="235_D025" time="14572.50" state="stay" vehID="Car_8114" speed="5.42" length="5.00" type="DEFAULT_CAR"/>
    <instantOut id="235_D025" time="14572.75" state="stay" vehID="Car_8114" speed="4.97" length="5.00" type="DEFAULT_CAR"/>
    <instantOut id="235_D025" time="14573.00" state="stay" vehID="Car_8114" speed="4.32" length="5.00" type="DEFAULT_CAR"/>
    <instantOut id="235_D025" time="14573.04" state="leave" vehID="Car_8114" speed="3.72" length="5.00" type="DEFAULT_CAR" occupancy="0.98"/>
    <instantOut id="235_D025" time="15823.75" state="enter" vehID="Car_8740" speed="8.58" length="5.00" type="DEFAULT_CAR" gap="1250.71"/>
    <instantOut id="235_D025" time="15823.75" state="stay" vehID="Car_8740" speed="8.58" length="5.00" type="DEFAULT_CAR"/>
    <instantOut id="235_D025" time="15824.00" state="stay" vehID="Car_8740" speed="8.15" length="5.00" type="DEFAULT_CAR"/>
    <instantOut id="235_D025" time="15824.25" state="stay" vehID="Car_8740" speed="7.83" length="5.00" type="DEFAULT_CAR"/>
    <instantOut id="235_D025" time="15824.39" state="leave" vehID="Car_8740" speed="7.08" length="5.00" type="DEFAULT_CAR" occupancy="0.64"/>
    <instantOut id="235_D025" time="19532.01" state="enter" vehID="Car_10646" speed="7.48" length="5.00" type="DEFAULT_CAR" gap="3707.62"/>
    <instantOut id="235_D025" time="19532.25" state="stay" vehID="Car_10646" speed="7.48" length="5.00" type="DEFAULT_CAR"/>
    <instantOut id="235_D025" time="19532.50" state="stay" vehID="Car_10646" speed="7.46" length="5.00" type="DEFAULT_CAR"/>
    <instantOut id="235_D025" time="19532.70" state="leave" vehID="Car_10646" speed="6.71" length="5.00" type="DEFAULT_CAR" occupancy="0.69"/>
    <instantOut id="235_D025" time="19641.04" state="enter" vehID="Car_10731" speed="7.18" length="5.00" type="DEFAULT_CAR" gap="108.34"/>
    <instantOut id="235_D025" time="19641.25" state="stay" vehID="Car_10731" speed="7.18" length="5.00" type="DEFAULT_CAR"/>
    <instantOut id="235_D025" time="19641.50" state="stay" vehID="Car_10731" speed="6.43" length="5.00" type="DEFAULT_CAR"/>
    <instantOut id="235_D025" time="19641.75" state="stay" vehID="Car_10731" speed="5.68" length="5.00" type="DEFAULT_CAR"/>
    <instantOut id="235_D025" time="19641.85" state="leave" vehID="Car_10731" speed="4.93" length="5.00" type="DEFAULT_CAR" occupancy="0.81"/>
    <instantOut id="235_D025" time="21579.72" state="enter" vehID="Car_11660" speed="9.96" length="5.00" type="DEFAULT_CAR" gap="1937.87"/>
    <instantOut id="235_D025" time="21579.75" state="stay" vehID="Car_11660" speed="9.96" length="5.00" type="DEFAULT_CAR"/>
    <instantOut id="235_D025" time="21580.00" state="stay" vehID="Car_11660" speed="9.61" length="5.00" type="DEFAULT_CAR"/>
    <instantOut id="235_D025" time="21580.25" state="stay" vehID="Car_11660" speed="9.01" length="5.00" type="DEFAULT_CAR"/>
    <instantOut id="235_D025" time="21580.25" state="leave" vehID="Car_11660" speed="8.26" length="5.00" type="DEFAULT_CAR" occupancy="0.54"/>
    <instantOut id="235_D025" time="24122.74" state="enter" vehID="Car_13578" speed="8.30" length="5.00" type="DEFAULT_CAR" gap="2542.48"/>
    <instantOut id="235_D025" time="24122.75" state="stay" vehID="Car_13578" speed="8.30" length="5.00" type="DEFAULT_CAR"/>
    <instantOut id="235_D025" time="24123.00" state="stay" vehID="Car_13578" speed="7.75" length="5.00" type="DEFAULT_CAR"/>
    <instantOut id="235_D025" time="24123.25" state="stay" vehID="Car_13578" speed="7.00" length="5.00" type="DEFAULT_CAR"/>
    <instantOut id="235_D025" time="24123.44" state="leave" vehID="Car_13578" speed="6.25" length="5.00" type="DEFAULT_CAR" occupancy="0.71"/>
    <instantOut id="235_D025" time="24268.70" state="enter" vehID="Car_13829" speed="10.27" length="5.00" type="DEFAULT_CAR" gap="145.26"/>
    <instantOut id="235_D025" time="24268.75" state="stay" vehID="Car_13829" speed="10.27" length="5.00" type="DEFAULT_CAR"/>
    <instantOut id="235_D025" time="24269.00" state="stay" vehID="Car_13829" speed="9.75" length="5.00" type="DEFAULT_CAR"/>
    <instantOut id="235_D025" time="24269.23" state="leave" vehID="Car_13829" speed="9.00" length="5.00" type="DEFAULT_CAR" occupancy="0.53"/>
    <instantOut id="235_D025" time="24817.79" state="enter" vehID="Car_14371" speed="8.95" length="5.00" type="DEFAULT_CAR" gap="548.56"/>
    <instantOut id="235_D025" time="24818.00" state="stay" vehID="Car_14371" speed="8.95" length="5.00" type="DEFAULT_CAR"/>
    <instantOut id="235_D025" time="24818.25" state="stay" vehID="Car_14371" speed="8.20" length="5.00" type="DEFAULT_CAR"/>
    <instantOut id="235_D025" time="24818.39" state="leave" vehID="Car_14371" speed="7.45" length="5.00" type="DEFAULT_CAR" occupancy="0.60"/>
    <instantOut id="235_D025" time="27522.40" state="enter" vehID="Car_15207" speed="10.83" length="5.00" type="DEFAULT_CAR" gap="2704.01"/>
    <instantOut id="235_D025" time="27522.50" state="stay" vehID="Car_15207" speed="10.83" length="5.00" type="DEFAULT_CAR"/>
    <instantOut id="235_D025" time="27522.75" state="stay" vehID="Car_15207" speed="10.08" length="5.00" type="DEFAULT_CAR"/>
    <instantOut id="235_D025" time="27522.91" state="leave" vehID="Car_15207" speed="9.33" length="5.00" type="DEFAULT_CAR" occupancy="0.50"/>
    <instantOut id="235_D025" time="29306.02" state="enter" vehID="Car_17261" speed="7.19" length="5.00" type="DEFAULT_CAR" gap="1783.11"/>
    <instantOut id="235_D025" time="29306.25" state="stay" vehID="Car_17261" speed="7.19" length="5.00" type="DEFAULT_CAR"/>
    <instantOut id="235_D025" time="29306.50" state="stay" vehID="Car_17261" speed="6.56" length="5.00" type="DEFAULT_CAR"/>
    <instantOut id="235_D025" time="29306.75" state="stay" vehID="Car_17261" speed="5.81" length="5.00" type="DEFAULT_CAR"/>
    <instantOut id="235_D025" time="29306.80" state="leave" vehID="Car_17261" speed="5.06" length="5.00" type="DEFAULT_CAR" occupancy="0.78"/>
    <instantOut id="235_D025" time="31063.83" state="enter" vehID="Car_18638" speed="7.33" length="5.00" type="DEFAULT_CAR" gap="1757.03"/>
    <instantOut id="235_D025" time="31064.00" state="stay" vehID="Car_18638" speed="7.33" length="5.00" type="DEFAULT_CAR"/>
    <instantOut id="235_D025" time="31064.25" state="stay" vehID="Car_18638" speed="6.58" length="5.00" type="DEFAULT_CAR"/>
    <instantOut id="235_D025" time="31064.50" state="stay" vehID="Car_18638" speed="6.04" length="5.00" type="DEFAULT_CAR"/>
    <instantOut id="235_D025" time="31064.61" state="leave" vehID="Car_18638" speed="5.29" length="5.00" type="DEFAULT_CAR" occupancy="0.78"/>
    <instantOut id="235_D025" time="31376.98" state="enter" vehID="Car_17836" speed="9.84" length="5.00" type="DEFAULT_CAR" gap="312.37"/>
    <instantOut id="235_D025" time="31377.00" state="stay" vehID="Car_17836" speed="9.84" length="5.00" type="DEFAULT_CAR"/>
    <instantOut id="235_D025" time="31377.25" state="stay" vehID="Car_17836" speed="9.88" length="5.00" type="DEFAULT_CAR"/>
    <instantOut id="235_D025" time="31377.50" state="stay" vehID="Car_17836" speed="9.13" length="5.00" type="DEFAULT_CAR"/>
    <instantOut id="235_D025" time="31377.50" state="leave" vehID="Car_17836" speed="8.46" length="5.00" type="DEFAULT_CAR" occupancy="0.53"/>
    <instantOut id="235_D025" time="32917.42" state="enter" vehID="Car_19342" speed="10.36" length="5.00" type="DEFAULT_CAR" gap="1539.92"/>
    <instantOut id="235_D025" time="32917.50" state="stay" vehID="Car_19342" speed="10.36" length="5.00" type="DEFAULT_CAR"/>
    <instantOut id="235_D025" time="32917.75" state="stay" vehID="Car_19342" speed="10.02" length="5.00" type="DEFAULT_CAR"/>
    <instantOut id="235_D025" time="32917.92" state="leave" vehID="Car_19342" speed="9.47" length="5.00" type="DEFAULT_CAR" occupancy="0.51"/>
    <instantOut id="235_D025" time="40310.67" state="enter" vehID="Car_23090" speed="10.27" length="5.00" type="DEFAULT_CAR" gap="7392.74"/>
    <instantOut id="235_D025" time="40310.75" state="stay" vehID="Car_23090" speed="10.27" length="5.00" type="DEFAULT_CAR"/>
    <instantOut id="235_D025" time="40311.00" state="stay" vehID="Car_23090" speed="9.63" length="5.00" type="DEFAULT_CAR"/>
    <instantOut id="235_D025" time="40311.20" state="leave" vehID="Car_23090" speed="8.88" length="5.00" type="DEFAULT_CAR" occupancy="0.53"/>
</instantE1>
