<?xml version="1.0" encoding="UTF-8"?>

<!-- generated on 2025-02-28 15:33:26 by Eclipse SUMO GUI Version 1.19.0
<configuration xmlns:xsi="http://www.w3.org/2001/XMLSchema-instance" xsi:noNamespaceSchemaLocation="http://sumo.dlr.de/xsd/sumoConfiguration.xsd">

    <input>
        <net-file value="Network.net.xml"/>
        <route-files value="CarRoutes.rou.xml"/>
        <additional-files value="Sensors.add.xml"/>
    </input>

    <output>
        <emission-output value="logs/Emissions.xml"/>
        <summary-output value="logs/Log_summary.xml"/>
        <summary-output.period value="300"/>
        <tripinfo-output value="logs/TripInfos.xml"/>
    </output>

    <time>
        <begin value="0"/>
        <end value="86400"/>
        <step-length value="0.25"/>
    </time>

    <processing>
        <ignore-junction-blocker value="0.1"/>
        <time-to-teleport value="-1"/>
    </processing>

    <report>
        <verbose value="true"/>
        <no-step-log value="true"/>
    </report>

    <emissions>
        <device.emissions.period value="10"/>
    </emissions>

    <traci_server>
        <remote-port value="56460"/>
    </traci_server>

    <gui_only>
        <quit-on-end value="true"/>
        <start value="true"/>
    </gui_only>

</configuration>
-->

<instantE1 xmlns:xsi="http://www.w3.org/2001/XMLSchema-instance" xsi:noNamespaceSchemaLocation="http://sumo.dlr.de/xsd/instant_e1_file.xsd">
    <instantOut id="235_D025" time="1411.26" state="enter" vehID="Car_705" speed="8.52" length="5.00" type="DEFAULT_CAR"/>
    <instantOut id="235_D025" time="1411.50" state="stay" vehID="Car_705" speed="8.52" length="5.00" type="DEFAULT_CAR"/>
    <instantOut id="235_D025" time="1411.75" state="stay" vehID="Car_705" speed="7.77" length="5.00" type="DEFAULT_CAR"/>
    <instantOut id="235_D025" time="1411.89" state="leave" vehID="Car_705" speed="7.02" length="5.00" type="DEFAULT_CAR" occupancy="0.63"/>
    <instantOut id="235_D025" time="1539.21" state="enter" vehID="Car_700" speed="9.77" length="5.00" type="DEFAULT_CAR" gap="127.32"/>
    <instantOut id="235_D025" time="1539.25" state="stay" vehID="Car_700" speed="9.77" length="5.00" type="DEFAULT_CAR"/>
    <instantOut id="235_D025" time="1539.50" state="stay" vehID="Car_700" speed="9.78" length="5.00" type="DEFAULT_CAR"/>
    <instantOut id="235_D025" time="1539.74" state="leave" vehID="Car_700" speed="9.04" length="5.00" type="DEFAULT_CAR" occupancy="0.53"/>
    <instantOut id="235_D025" time="2172.96" state="enter" vehID="Car_1153" speed="9.66" length="5.00" type="DEFAULT_CAR" gap="633.22"/>
    <instantOut id="235_D025" time="2173.00" state="stay" vehID="Car_1153" speed="9.66" length="5.00" type="DEFAULT_CAR"/>
    <instantOut id="235_D025" time="2173.25" state="stay" vehID="Car_1153" speed="10.52" length="5.00" type="DEFAULT_CAR"/>
    <instantOut id="235_D025" time="2173.45" state="leave" vehID="Car_1153" speed="9.94" length="5.00" type="DEFAULT_CAR" occupancy="0.49"/>
    <instantOut id="235_D025" time="2680.27" state="enter" vehID="Car_1402" speed="7.64" length="5.00" type="DEFAULT_CAR" gap="506.82"/>
    <instantOut id="235_D025" time="2680.50" state="stay" vehID="Car_1402" speed="7.64" length="5.00" type="DEFAULT_CAR"/>
    <instantOut id="235_D025" time="2680.75" state="stay" vehID="Car_1402" speed="6.89" length="5.00" type="DEFAULT_CAR"/>
    <instantOut id="235_D025" time="2681.00" state="leave" vehID="Car_1402" speed="6.14" length="5.00" type="DEFAULT_CAR" occupancy="0.73"/>
    <instantOut id="235_D025" time="5034.36" state="enter" vehID="Car_2751" speed="9.74" length="5.00" type="DEFAULT_CAR" gap="2353.36"/>
    <instantOut id="235_D025" time="5034.50" state="stay" vehID="Car_2751" speed="9.74" length="5.00" type="DEFAULT_CAR"/>
    <instantOut id="235_D025" time="5034.75" state="stay" vehID="Car_2751" speed="8.99" length="5.00" type="DEFAULT_CAR"/>
    <instantOut id="235_D025" time="5034.92" state="leave" vehID="Car_2751" speed="8.25" length="5.00" type="DEFAULT_CAR" occupancy="0.56"/>
    <instantOut id="235_D025" time="6500.54" state="enter" vehID="Car_3811" speed="6.92" length="5.00" type="DEFAULT_CAR" gap="1465.62"/>
    <instantOut id="235_D025" time="6500.75" state="stay" vehID="Car_3811" speed="6.92" length="5.00" type="DEFAULT_CAR"/>
    <instantOut id="235_D025" time="6501.00" state="stay" vehID="Car_3811" speed="6.42" length="5.00" type="DEFAULT_CAR"/>
    <instantOut id="235_D025" time="6501.25" state="stay" vehID="Car_3811" speed="5.69" length="5.00" type="DEFAULT_CAR"/>
    <instantOut id="235_D025" time="6501.35" state="leave" vehID="Car_3811" speed="4.94" length="5.00" type="DEFAULT_CAR" occupancy="0.82"/>
    <instantOut id="235_D025" time="6804.48" state="enter" vehID="Car_3812" speed="8.44" length="5.00" type="DEFAULT_CAR" gap="303.13"/>
    <instantOut id="235_D025" time="6804.50" state="stay" vehID="Car_3812" speed="8.44" length="5.00" type="DEFAULT_CAR"/>
    <instantOut id="235_D025" time="6804.75" state="stay" vehID="Car_3812" speed="8.29" length="5.00" type="DEFAULT_CAR"/>
    <instantOut id="235_D025" time="6805.00" state="stay" vehID="Car_3812" speed="7.54" length="5.00" type="DEFAULT_CAR"/>
    <instantOut id="235_D025" time="6805.13" state="leave" vehID="Car_3812" speed="6.79" length="5.00" type="DEFAULT_CAR" occupancy="0.65"/>
    <instantOut id="235_D025" time="6939.60" state="enter" vehID="Car_3753" speed="7.24" length="5.00" type="DEFAULT_CAR" gap="134.47"/>
    <instantOut id="235_D025" time="6939.75" state="stay" vehID="Car_3753" speed="7.24" length="5.00" type="DEFAULT_CAR"/>
    <instantOut id="235_D025" time="6940.00" state="stay" vehID="Car_3753" speed="6.49" length="5.00" type="DEFAULT_CAR"/>
    <instantOut id="235_D025" time="6940.25" state="stay" vehID="Car_3753" speed="5.74" length="5.00" type="DEFAULT_CAR"/>
    <instantOut id="235_D025" time="6940.42" state="leave" vehID="Car_3753" speed="4.99" length="5.00" type="DEFAULT_CAR" occupancy="0.82"/>
    <instantOut id="235_D025" time="7023.30" state="enter" vehID="Car_3715" speed="7.20" length="5.00" type="DEFAULT_CAR" gap="82.88"/>
    <instantOut id="235_D025" time="7023.50" state="stay" vehID="Car_3715" speed="7.20" length="5.00" type="DEFAULT_CAR"/>
    <instantOut id="235_D025" time="7023.75" state="stay" vehID="Car_3715" speed="6.56" length="5.00" type="DEFAULT_CAR"/>
    <instantOut id="235_D025" time="7024.00" state="stay" vehID="Car_3715" speed="5.81" length="5.00" type="DEFAULT_CAR"/>
    <instantOut id="235_D025" time="7024.10" state="leave" vehID="Car_3715" speed="5.12" length="5.00" type="DEFAULT_CAR" occupancy="0.79"/>
    <instantOut id="235_D025" time="7673.70" state="enter" vehID="Car_3891" speed="9.85" length="5.00" type="DEFAULT_CAR" gap="649.60"/>
    <instantOut id="235_D025" time="7673.75" state="stay" vehID="Car_3891" speed="9.85" length="5.00" type="DEFAULT_CAR"/>
    <instantOut id="235_D025" time="7674.00" state="stay" vehID="Car_3891" speed="9.10" length="5.00" type="DEFAULT_CAR"/>
    <instantOut id="235_D025" time="7674.25" state="stay" vehID="Car_3891" speed="8.35" length="5.00" type="DEFAULT_CAR"/>
    <instantOut id="235_D025" time="7674.27" state="leave" vehID="Car_3891" speed="7.60" length="5.00" type="DEFAULT_CAR" occupancy="0.57"/>
    <instantOut id="235_D025" time="8016.95" state="enter" vehID="Car_4550" speed="10.61" length="5.00" type="DEFAULT_CAR" gap="342.68"/>
    <instantOut id="235_D025" time="8017.00" state="stay" vehID="Car_4550" speed="10.61" length="5.00" type="DEFAULT_CAR"/>
    <instantOut id="235_D025" time="8017.25" state="stay" vehID="Car_4550" speed="10.12" length="5.00" type="DEFAULT_CAR"/>
    <instantOut id="235_D025" time="8017.45" state="leave" vehID="Car_4550" speed="9.56" length="5.00" type="DEFAULT_CAR" occupancy="0.50"/>
    <instantOut id="235_D025" time="8400.49" state="enter" vehID="Car_4548" speed="9.47" length="5.00" type="DEFAULT_CAR" gap="383.04"/>
    <instantOut id="235_D025" time="8400.50" state="stay" vehID="Car_4548" speed="9.47" length="5.00" type="DEFAULT_CAR"/>
    <instantOut id="235_D025" time="8400.75" state="stay" vehID="Car_4548" speed="9.58" length="5.00" type="DEFAULT_CAR"/>
    <instantOut id="235_D025" time="8401.00" state="stay" vehID="Car_4548" speed="8.83" length="5.00" type="DEFAULT_CAR"/>
    <instantOut id="235_D025" time="8401.04" state="leave" vehID="Car_4548" speed="8.08" length="5.00" type="DEFAULT_CAR" occupancy="0.55"/>
    <instantOut id="235_D025" time="11861.99" state="enter" vehID="Car_6625" speed="9.24" length="5.00" type="DEFAULT_CAR" gap="3460.95"/>
    <instantOut id="235_D025" time="11862.00" state="stay" vehID="Car_6625" speed="9.24" length="5.00" type="DEFAULT_CAR"/>
    <instantOut id="235_D025" time="11862.25" state="stay" vehID="Car_6625" speed="8.49" length="5.00" type="DEFAULT_CAR"/>
    <instantOut id="235_D025" time="11862.50" state="stay" vehID="Car_6625" speed="7.74" length="5.00" type="DEFAULT_CAR"/>
    <instantOut id="235_D025" time="11862.62" state="leave" vehID="Car_6625" speed="7.00" length="5.00" type="DEFAULT_CAR" occupancy="0.63"/>
    <instantOut id="235_D025" time="13768.94" state="enter" vehID="Car_7661" speed="9.63" length="5.00" type="DEFAULT_CAR" gap="1906.31"/>
    <instantOut id="235_D025" time="13769.00" state="stay" vehID="Car_7661" speed="9.63" length="5.00" type="DEFAULT_CAR"/>
    <instantOut id="235_D025" time="13769.25" state="stay" vehID="Car_7661" speed="9.77" length="5.00" type="DEFAULT_CAR"/>
    <instantOut id="235_D025" time="13769.47" state="leave" vehID="Car_7661" speed="9.02" length="5.00" type="DEFAULT_CAR" occupancy="0.53"/>
    <instantOut id="235_D025" time="14454.97" state="enter" vehID="Car_8077" speed="8.32" length="5.00" type="DEFAULT_CAR" gap="685.50"/>
    <instantOut id="235_D025" time="14455.00" state="stay" vehID="Car_8077" speed="8.32" length="5.00" type="DEFAULT_CAR"/>
    <instantOut id="235_D025" time="14455.25" state="stay" vehID="Car_8077" speed="7.57" length="5.00" type="DEFAULT_CAR"/>
    <instantOut id="235_D025" time="14455.50" state="stay" vehID="Car_8077" speed="6.82" length="5.00" type="DEFAULT_CAR"/>
    <instantOut id="235_D025" time="14455.69" state="leave" vehID="Car_8077" speed="6.07" length="5.00" type="DEFAULT_CAR" occupancy="0.72"/>
    <instantOut id="235_D025" time="14783.74" state="enter" vehID="Car_7971" speed="9.22" length="5.00" type="DEFAULT_CAR" gap="328.05"/>
    <instantOut id="235_D025" time="14783.75" state="stay" vehID="Car_7971" speed="9.22" length="5.00" type="DEFAULT_CAR"/>
    <instantOut id="235_D025" time="14784.00" state="stay" vehID="Car_7971" speed="9.84" length="5.00" type="DEFAULT_CAR"/>
    <instantOut id="235_D025" time="14784.25" state="stay" vehID="Car_7971" speed="9.53" length="5.00" type="DEFAULT_CAR"/>
    <instantOut id="235_D025" time="14784.26" state="leave" vehID="Car_7971" speed="8.78" length="5.00" type="DEFAULT_CAR" occupancy="0.52"/>
    <instantOut id="235_D025" time="15919.75" state="enter" vehID="Car_8533" speed="7.46" length="5.00" type="DEFAULT_CAR" gap="1135.50"/>
    <instantOut id="235_D025" time="15920.00" state="stay" vehID="Car_8533" speed="7.46" length="5.00" type="DEFAULT_CAR"/>
    <instantOut id="235_D025" time="15920.25" state="stay" vehID="Car_8533" speed="6.71" length="5.00" type="DEFAULT_CAR"/>
    <instantOut id="235_D025" time="15920.50" state="leave" vehID="Car_8533" speed="5.96" length="5.00" type="DEFAULT_CAR" occupancy="0.74"/>
    <instantOut id="235_D025" time="15996.21" state="enter" vehID="Car_8699" speed="9.52" length="5.00" type="DEFAULT_CAR" gap="75.71"/>
    <instantOut id="235_D025" time="15996.25" state="stay" vehID="Car_8699" speed="9.52" length="5.00" type="DEFAULT_CAR"/>
    <instantOut id="235_D025" time="15996.50" state="stay" vehID="Car_8699" speed="9.26" length="5.00" type="DEFAULT_CAR"/>
    <instantOut id="235_D025" time="15996.75" state="stay" vehID="Car_8699" speed="8.51" length="5.00" type="DEFAULT_CAR"/>
    <instantOut id="235_D025" time="15996.77" state="leave" vehID="Car_8699" speed="7.76" length="5.00" type="DEFAULT_CAR" occupancy="0.56"/>
    <instantOut id="235_D025" time="16370.96" state="enter" vehID="Car_9220" speed="8.38" length="5.00" type="DEFAULT_CAR" gap="374.20"/>
    <instantOut id="235_D025" time="16371.00" state="stay" vehID="Car_9220" speed="8.38" length="5.00" type="DEFAULT_CAR"/>
    <instantOut id="235_D025" time="16371.25" state="stay" vehID="Car_9220" speed="7.70" length="5.00" type="DEFAULT_CAR"/>
    <instantOut id="235_D025" time="16371.50" state="stay" vehID="Car_9220" speed="7.03" length="5.00" type="DEFAULT_CAR"/>
    <instantOut id="235_D025" time="16371.66" state="leave" vehID="Car_9220" speed="6.28" length="5.00" type="DEFAULT_CAR" occupancy="0.70"/>
    <instantOut id="235_D025" time="16373.06" state="enter" vehID="Car_9482" speed="6.05" length="5.00" type="DEFAULT_CAR" gap="1.40"/>
    <instantOut id="235_D025" time="16373.25" state="stay" vehID="Car_9482" speed="6.05" length="5.00" type="DEFAULT_CAR"/>
    <instantOut id="235_D025" time="16373.50" state="stay" vehID="Car_9482" speed="6.08" length="5.00" type="DEFAULT_CAR"/>
    <instantOut id="235_D025" time="16373.75" state="stay" vehID="Car_9482" speed="6.09" length="5.00" type="DEFAULT_CAR"/>
    <instantOut id="235_D025" time="16373.89" state="leave" vehID="Car_9482" speed="5.77" length="5.00" type="DEFAULT_CAR" occupancy="0.83"/>
    <instantOut id="235_D025" time="16584.26" state="enter" vehID="Car_9219" speed="8.33" length="5.00" type="DEFAULT_CAR" gap="210.36"/>
    <instantOut id="235_D025" time="16584.50" state="stay" vehID="Car_9219" speed="8.33" length="5.00" type="DEFAULT_CAR"/>
    <instantOut id="235_D025" time="16584.75" state="stay" vehID="Car_9219" speed="7.63" length="5.00" type="DEFAULT_CAR"/>
    <instantOut id="235_D025" time="16584.90" state="leave" vehID="Car_9219" speed="7.10" length="5.00" type="DEFAULT_CAR" occupancy="0.64"/>
    <instantOut id="235_D025" time="16740.72" state="enter" vehID="Car_9404" speed="10.13" length="5.00" type="DEFAULT_CAR" gap="155.82"/>
    <instantOut id="235_D025" time="16740.75" state="stay" vehID="Car_9404" speed="10.13" length="5.00" type="DEFAULT_CAR"/>
    <instantOut id="235_D025" time="16741.00" state="stay" vehID="Car_9404" speed="9.38" length="5.00" type="DEFAULT_CAR"/>
    <instantOut id="235_D025" time="16741.25" state="stay" vehID="Car_9404" speed="8.63" length="5.00" type="DEFAULT_CAR"/>
    <instantOut id="235_D025" time="16741.28" state="leave" vehID="Car_9404" speed="8.08" length="5.00" type="DEFAULT_CAR" occupancy="0.56"/>
    <instantOut id="235_D025" time="17944.99" state="enter" vehID="Car_10411" speed="9.23" length="5.00" type="DEFAULT_CAR" gap="1203.71"/>
    <instantOut id="235_D025" time="17945.00" state="stay" vehID="Car_10411" speed="9.23" length="5.00" type="DEFAULT_CAR"/>
    <instantOut id="235_D025" time="17945.25" state="stay" vehID="Car_10411" speed="8.48" length="5.00" type="DEFAULT_CAR"/>
    <instantOut id="235_D025" time="17945.50" state="stay" vehID="Car_10411" speed="7.73" length="5.00" type="DEFAULT_CAR"/>
    <instantOut id="235_D025" time="17945.62" state="leave" vehID="Car_10411" speed="6.99" length="5.00" type="DEFAULT_CAR" occupancy="0.63"/>
    <instantOut id="235_D025" time="18931.05" state="enter" vehID="Car_11061" speed="6.97" length="5.00" type="DEFAULT_CAR" gap="985.43"/>
    <instantOut id="235_D025" time="18931.25" state="stay" vehID="Car_11061" speed="6.97" length="5.00" type="DEFAULT_CAR"/>
    <instantOut id="235_D025" time="18931.50" state="stay" vehID="Car_11061" speed="7.55" length="5.00" type="DEFAULT_CAR"/>
    <instantOut id="235_D025" time="18931.72" state="leave" vehID="Car_11061" speed="8.03" length="5.00" type="DEFAULT_CAR" occupancy="0.66"/>
    <instantOut id="235_D025" time="20828.27" state="enter" vehID="Car_11594" speed="6.93" length="5.00" type="DEFAULT_CAR" gap="1896.55"/>
    <instantOut id="235_D025" time="20828.50" state="stay" vehID="Car_11594" speed="6.93" length="5.00" type="DEFAULT_CAR"/>
    <instantOut id="235_D025" time="20828.75" state="stay" vehID="Car_11594" speed="6.18" length="5.00" type="DEFAULT_CAR"/>
    <instantOut id="235_D025" time="20829.00" state="stay" vehID="Car_11594" speed="5.43" length="5.00" type="DEFAULT_CAR"/>
    <instantOut id="235_D025" time="20829.10" state="leave" vehID="Car_11594" speed="5.09" length="5.00" type="DEFAULT_CAR" occupancy="0.83"/>
    <instantOut id="235_D025" time="21748.27" state="enter" vehID="Car_12425" speed="7.69" length="5.00" type="DEFAULT_CAR" gap="919.17"/>
    <instantOut id="235_D025" time="21748.50" state="stay" vehID="Car_12425" speed="7.69" length="5.00" type="DEFAULT_CAR"/>
    <instantOut id="235_D025" time="21748.75" state="stay" vehID="Car_12425" speed="7.14" length="5.00" type="DEFAULT_CAR"/>
    <instantOut id="235_D025" time="21748.97" state="leave" vehID="Car_12425" speed="6.39" length="5.00" type="DEFAULT_CAR" occupancy="0.71"/>
    <instantOut id="235_D025" time="22126.00" state="enter" vehID="Car_12366" speed="10.17" length="5.00" type="DEFAULT_CAR" gap="377.03"/>
    <instantOut id="235_D025" time="22126.00" state="stay" vehID="Car_12366" speed="10.17" length="5.00" type="DEFAULT_CAR"/>
    <instantOut id="235_D025" time="22126.25" state="stay" vehID="Car_12366" speed="9.42" length="5.00" type="DEFAULT_CAR"/>
    <instantOut id="235_D025" time="22126.50" state="stay" vehID="Car_12366" speed="8.67" length="5.00" type="DEFAULT_CAR"/>
    <instantOut id="235_D025" time="22126.56" state="leave" vehID="Car_12366" speed="7.92" length="5.00" type="DEFAULT_CAR" occupancy="0.56"/>
    <instantOut id="235_D025" time="22293.63" state="enter" vehID="Car_12287" speed="10.33" length="5.00" type="DEFAULT_CAR" gap="167.08"/>
    <instantOut id="235_D025" time="22293.75" state="stay" vehID="Car_12287" speed="10.33" length="5.00" type="DEFAULT_CAR"/>
    <instantOut id="235_D025" time="22294.00" state="stay" vehID="Car_12287" speed="9.58" length="5.00" type="DEFAULT_CAR"/>
    <instantOut id="235_D025" time="22294.16" state="leave" vehID="Car_12287" speed="8.83" length="5.00" type="DEFAULT_CAR" occupancy="0.53"/>
    <instantOut id="235_D025" time="23013.94" state="enter" vehID="Car_12950" speed="6.93" length="5.00" type="DEFAULT_CAR" gap="719.78"/>
    <instantOut id="235_D025" time="23014.00" state="stay" vehID="Car_12950" speed="6.93" length="5.00" type="DEFAULT_CAR"/>
    <instantOut id="235_D025" time="23014.25" state="stay" vehID="Car_12950" speed="7.44" length="5.00" type="DEFAULT_CAR"/>
    <instantOut id="235_D025" time="23014.50" state="stay" vehID="Car_12950" speed="7.41" length="5.00" type="DEFAULT_CAR"/>
    <instantOut id="235_D025" time="23014.63" state="leave" vehID="Car_12950" speed="6.66" length="5.00" type="DEFAULT_CAR" occupancy="0.69"/>
    <instantOut id="235_D025" time="23082.49" state="enter" vehID="Car_13283" speed="8.79" length="5.00" type="DEFAULT_CAR" gap="67.86"/>
    <instantOut id="235_D025" time="23082.50" state="stay" vehID="Car_13283" speed="8.79" length="5.00" type="DEFAULT_CAR"/>
    <instantOut id="235_D025" time="23082.75" state="stay" vehID="Car_13283" speed="8.04" length="5.00" type="DEFAULT_CAR"/>
    <instantOut id="235_D025" time="23083.00" state="stay" vehID="Car_13283" speed="7.29" length="5.00" type="DEFAULT_CAR"/>
    <instantOut id="235_D025" time="23083.16" state="leave" vehID="Car_13283" speed="6.54" length="5.00" type="DEFAULT_CAR" occupancy="0.67"/>
    <instantOut id="235_D025" time="23871.48" state="enter" vehID="Car_13317" speed="8.67" length="5.00" type="DEFAULT_CAR" gap="788.32"/>
    <instantOut id="235_D025" time="23871.50" state="stay" vehID="Car_13317" speed="8.67" length="5.00" type="DEFAULT_CAR"/>
    <instantOut id="235_D025" time="23871.75" state="stay" vehID="Car_13317" speed="8.13" length="5.00" type="DEFAULT_CAR"/>
    <instantOut id="235_D025" time="23872.00" state="stay" vehID="Car_13317" speed="7.38" length="5.00" type="DEFAULT_CAR"/>
    <instantOut id="235_D025" time="23872.14" state="leave" vehID="Car_13317" speed="6.63" length="5.00" type="DEFAULT_CAR" occupancy="0.66"/>
    <instantOut id="235_D025" time="26786.73" state="enter" vehID="Car_15670" speed="9.55" length="5.00" type="DEFAULT_CAR" gap="2914.59"/>
    <instantOut id="235_D025" time="26786.75" state="stay" vehID="Car_15670" speed="9.55" length="5.00" type="DEFAULT_CAR"/>
    <instantOut id="235_D025" time="26787.00" state="stay" vehID="Car_15670" speed="9.38" length="5.00" type="DEFAULT_CAR"/>
    <instantOut id="235_D025" time="26787.25" state="stay" vehID="Car_15670" speed="8.63" length="5.00" type="DEFAULT_CAR"/>
    <instantOut id="235_D025" time="26787.29" state="leave" vehID="Car_15670" speed="7.99" length="5.00" type="DEFAULT_CAR" occupancy="0.56"/>
    <instantOut id="235_D025" time="27108.95" state="enter" vehID="Car_15776" speed="9.55" length="5.00" type="DEFAULT_CAR" gap="321.67"/>
    <instantOut id="235_D025" time="27109.00" state="stay" vehID="Car_15776" speed="9.55" length="5.00" type="DEFAULT_CAR"/>
    <instantOut id="235_D025" time="27109.25" state="stay" vehID="Car_15776" speed="10.03" length="5.00" type="DEFAULT_CAR"/>
    <instantOut id="235_D025" time="27109.45" state="leave" vehID="Car_15776" speed="9.90" length="5.00" type="DEFAULT_CAR" occupancy="0.50"/>
    <instantOut id="235_D025" time="27526.01" state="enter" vehID="Car_16296" speed="7.63" length="5.00" type="DEFAULT_CAR" gap="416.55"/>
    <instantOut id="235_D025" time="27526.25" state="stay" vehID="Car_16296" speed="7.63" length="5.00" type="DEFAULT_CAR"/>
    <instantOut id="235_D025" time="27526.50" state="stay" vehID="Car_16296" speed="6.88" length="5.00" type="DEFAULT_CAR"/>
    <instantOut id="235_D025" time="27526.73" state="leave" vehID="Car_16296" speed="6.13" length="5.00" type="DEFAULT_CAR" occupancy="0.73"/>
    <instantOut id="235_D025" time="31109.20" state="enter" vehID="Car_18339" speed="9.88" length="5.00" type="DEFAULT_CAR" gap="3582.46"/>
    <instantOut id="235_D025" time="31109.25" state="stay" vehID="Car_18339" speed="9.88" length="5.00" type="DEFAULT_CAR"/>
    <instantOut id="235_D025" time="31109.50" state="stay" vehID="Car_18339" speed="10.62" length="5.00" type="DEFAULT_CAR"/>
    <instantOut id="235_D025" time="31109.67" state="leave" vehID="Car_18339" speed="10.47" length="5.00" type="DEFAULT_CAR" occupancy="0.48"/>
    <instantOut id="235_D025" time="33905.23" state="enter" vehID="Car_19967" speed="9.64" length="5.00" type="DEFAULT_CAR" gap="2795.55"/>
    <instantOut id="235_D025" time="33905.25" state="stay" vehID="Car_19967" speed="9.64" length="5.00" type="DEFAULT_CAR"/>
    <instantOut id="235_D025" time="33905.50" state="stay" vehID="Car_19967" speed="9.58" length="5.00" type="DEFAULT_CAR"/>
    <instantOut id="235_D025" time="33905.75" state="stay" vehID="Car_19967" speed="8.91" length="5.00" type="DEFAULT_CAR"/>
    <instantOut id="235_D025" time="33905.77" state="leave" vehID="Car_19967" speed="8.16" length="5.00" type="DEFAULT_CAR" occupancy="0.54"/>
    <instantOut id="235_D025" time="34284.46" state="enter" vehID="Car_20347" speed="9.95" length="5.00" type="DEFAULT_CAR" gap="378.68"/>
    <instantOut id="235_D025" time="34284.50" state="stay" vehID="Car_20347" speed="9.95" length="5.00" type="DEFAULT_CAR"/>
    <instantOut id="235_D025" time="34284.75" state="stay" vehID="Car_20347" speed="10.04" length="5.00" type="DEFAULT_CAR"/>
    <instantOut id="235_D025" time="34284.97" state="leave" vehID="Car_20347" speed="9.29" length="5.00" type="DEFAULT_CAR" occupancy="0.51"/>
    <instantOut id="235_D025" time="36037.24" state="enter" vehID="Car_21624" speed="9.68" length="5.00" type="DEFAULT_CAR" gap="1752.26"/>
    <instantOut id="235_D025" time="36037.25" state="stay" vehID="Car_21624" speed="9.68" length="5.00" type="DEFAULT_CAR"/>
    <instantOut id="235_D025" time="36037.50" state="stay" vehID="Car_21624" speed="9.91" length="5.00" type="DEFAULT_CAR"/>
    <instantOut id="235_D025" time="36037.75" state="stay" vehID="Car_21624" speed="9.16" length="5.00" type="DEFAULT_CAR"/>
    <instantOut id="235_D025" time="36037.76" state="leave" vehID="Car_21624" speed="8.46" length="5.00" type="DEFAULT_CAR" occupancy="0.53"/>
    <instantOut id="235_D025" time="37775.47" state="enter" vehID="Car_22231" speed="8.76" length="5.00" type="DEFAULT_CAR" gap="1737.71"/>
    <instantOut id="235_D025" time="37775.50" state="stay" vehID="Car_22231" speed="8.76" length="5.00" type="DEFAULT_CAR"/>
    <instantOut id="235_D025" time="37775.75" state="stay" vehID="Car_22231" speed="8.01" length="5.00" type="DEFAULT_CAR"/>
    <instantOut id="235_D025" time="37776.00" state="stay" vehID="Car_22231" speed="7.26" length="5.00" type="DEFAULT_CAR"/>
    <instantOut id="235_D025" time="37776.14" state="leave" vehID="Car_22231" speed="6.51" length="5.00" type="DEFAULT_CAR" occupancy="0.67"/>
    <instantOut id="235_D025" time="40114.20" state="enter" vehID="Car_23057" speed="11.23" length="5.00" type="DEFAULT_CAR" gap="2338.06"/>
    <instantOut id="235_D025" time="40114.25" state="stay" vehID="Car_23057" speed="11.23" length="5.00" type="DEFAULT_CAR"/>
    <instantOut id="235_D025" time="40114.50" state="stay" vehID="Car_23057" speed="10.48" length="5.00" type="DEFAULT_CAR"/>
    <instantOut id="235_D025" time="40114.68" state="leave" vehID="Car_23057" speed="9.73" length="5.00" type="DEFAULT_CAR" occupancy="0.49"/>
    <instantOut id="235_D025" time="42841.97" state="enter" vehID="Car_23697" speed="7.00" length="5.00" type="DEFAULT_CAR" gap="2727.29"/>
    <instantOut id="235_D025" time="42842.00" state="stay" vehID="Car_23697" speed="7.00" length="5.00" type="DEFAULT_CAR"/>
    <instantOut id="235_D025" time="42842.25" state="stay" vehID="Car_23697" speed="7.67" length="5.00" type="DEFAULT_CAR"/>
    <instantOut id="235_D025" time="42842.50" state="stay" vehID="Car_23697" speed="8.32" length="5.00" type="DEFAULT_CAR"/>
    <instantOut id="235_D025" time="42842.60" state="leave" vehID="Car_23697" speed="7.61" length="5.00" type="DEFAULT_CAR" occupancy="0.63"/>
    <instantOut id="235_D025" time="44578.02" state="enter" vehID="Car_24349" speed="7.37" length="5.00" type="DEFAULT_CAR" gap="1735.42"/>
    <instantOut id="235_D025" time="44578.25" state="stay" vehID="Car_24349" speed="7.37" length="5.00" type="DEFAULT_CAR"/>
    <instantOut id="235_D025" time="44578.50" state="stay" vehID="Car_24349" speed="6.62" length="5.00" type="DEFAULT_CAR"/>
    <instantOut id="235_D025" time="44578.75" state="stay" vehID="Car_24349" speed="5.87" length="5.00" type="DEFAULT_CAR"/>
    <instantOut id="235_D025" time="44578.78" state="leave" vehID="Car_24349" speed="5.12" length="5.00" type="DEFAULT_CAR" occupancy="0.77"/>
    <instantOut id="235_D025" time="44928.01" state="enter" vehID="Car_24544" speed="8.17" length="5.00" type="DEFAULT_CAR" gap="349.22"/>
    <instantOut id="235_D025" time="44928.25" state="stay" vehID="Car_24544" speed="8.17" length="5.00" type="DEFAULT_CAR"/>
    <instantOut id="235_D025" time="44928.50" state="stay" vehID="Car_24544" speed="7.50" length="5.00" type="DEFAULT_CAR"/>
    <instantOut id="235_D025" time="44928.67" state="leave" vehID="Car_24544" speed="6.75" length="5.00" type="DEFAULT_CAR" occupancy="0.66"/>
</instantE1>
