<?xml version="1.0" encoding="UTF-8"?>

<!-- generated on 2025-02-28 17:02:24 by Eclipse SUMO GUI Version 1.19.0
<configuration xmlns:xsi="http://www.w3.org/2001/XMLSchema-instance" xsi:noNamespaceSchemaLocation="http://sumo.dlr.de/xsd/sumoConfiguration.xsd">

    <input>
        <net-file value="Network.net.xml"/>
        <route-files value="CarRoutes.rou.xml"/>
        <additional-files value="Sensors.add.xml"/>
    </input>

    <output>
        <emission-output value="logs/Emissions.xml"/>
        <summary-output value="logs/Log_summary.xml"/>
        <summary-output.period value="300"/>
        <tripinfo-output value="logs/TripInfos.xml"/>
    </output>

    <time>
        <begin value="0"/>
        <end value="86400"/>
        <step-length value="0.25"/>
    </time>

    <processing>
        <ignore-junction-blocker value="0.1"/>
        <time-to-teleport value="-1"/>
    </processing>

    <report>
        <verbose value="true"/>
        <no-step-log value="true"/>
    </report>

    <emissions>
        <device.emissions.period value="10"/>
    </emissions>

    <traci_server>
        <remote-port value="57587"/>
    </traci_server>

    <gui_only>
        <quit-on-end value="true"/>
        <start value="true"/>
    </gui_only>

</configuration>
-->

<summary xmlns:xsi="http://www.w3.org/2001/XMLSchema-instance" xsi:noNamespaceSchemaLocation="http://sumo.dlr.de/xsd/summary_file.xsd">
    <step time="0.00" loaded="0" inserted="0" running="0" waiting="0" ended="0" arrived="0" collisions="0" teleports="0" halting="0" stopped="0" meanWaitingTime="-1.00" meanTravelTime="-1.00" meanSpeed="-1.00" meanSpeedRelative="-1.00" duration="0"/>
    <step time="300.00" loaded="209" inserted="197" running="92" waiting="12" ended="105" arrived="105" collisions="0" teleports="0" halting="47" stopped="0" meanWaitingTime="12.31" meanTravelTime="75.78" meanSpeed="3.21" meanSpeedRelative="0.23" duration="3"/>
    <step time="600.00" loaded="370" inserted="360" running="71" waiting="10" ended="289" arrived="289" collisions="0" teleports="0" halting="38" stopped="0" meanWaitingTime="11.26" meanTravelTime="117.19" meanSpeed="4.30" meanSpeedRelative="0.31" duration="2"/>
    <step time="900.00" loaded="527" inserted="519" running="60" waiting="8" ended="459" arrived="459" collisions="0" teleports="0" halting="23" stopped="0" meanWaitingTime="10.84" meanTravelTime="117.89" meanSpeed="4.55" meanSpeedRelative="0.33" duration="2"/>
    <step time="1200.00" loaded="700" inserted="685" running="59" waiting="15" ended="626" arrived="626" collisions="0" teleports="0" halting="6" stopped="0" meanWaitingTime="14.03" meanTravelTime="117.26" meanSpeed="8.32" meanSpeedRelative="0.60" duration="1"/>
    <step time="1500.00" loaded="865" inserted="845" running="56" waiting="20" ended="789" arrived="789" collisions="0" teleports="0" halting="11" stopped="0" meanWaitingTime="15.46" meanTravelTime="115.69" meanSpeed="5.17" meanSpeedRelative="0.37" duration="3"/>
    <step time="1800.00" loaded="1028" inserted="1010" running="51" waiting="18" ended="959" arrived="959" collisions="0" teleports="0" halting="20" stopped="0" meanWaitingTime="18.62" meanTravelTime="113.93" meanSpeed="4.24" meanSpeedRelative="0.31" duration="1"/>
    <step time="2100.00" loaded="1187" inserted="1172" running="69" waiting="15" ended="1103" arrived="1103" collisions="0" teleports="0" halting="36" stopped="0" meanWaitingTime="17.72" meanTravelTime="111.26" meanSpeed="3.81" meanSpeedRelative="0.27" duration="2"/>
    <step time="2400.00" loaded="1331" inserted="1315" running="44" waiting="16" ended="1271" arrived="1271" collisions="0" teleports="0" halting="18" stopped="0" meanWaitingTime="17.88" meanTravelTime="112.30" meanSpeed="3.86" meanSpeedRelative="0.28" duration="1"/>
    <step time="2700.00" loaded="1475" inserted="1474" running="52" waiting="1" ended="1422" arrived="1422" collisions="0" teleports="0" halting="14" stopped="0" meanWaitingTime="17.84" meanTravelTime="111.23" meanSpeed="5.86" meanSpeedRelative="0.42" duration="1"/>
    <step time="3000.00" loaded="1633" inserted="1626" running="48" waiting="7" ended="1578" arrived="1578" collisions="0" teleports="0" halting="26" stopped="0" meanWaitingTime="16.74" meanTravelTime="110.78" meanSpeed="3.85" meanSpeedRelative="0.28" duration="1"/>
    <step time="3300.00" loaded="1802" inserted="1781" running="63" waiting="21" ended="1718" arrived="1718" collisions="0" teleports="0" halting="10" stopped="0" meanWaitingTime="17.47" meanTravelTime="111.50" meanSpeed="7.24" meanSpeedRelative="0.52" duration="1"/>
    <step time="3600.00" loaded="1934" inserted="1919" running="45" waiting="15" ended="1874" arrived="1874" collisions="0" teleports="0" halting="18" stopped="0" meanWaitingTime="19.08" meanTravelTime="110.73" meanSpeed="4.47" meanSpeedRelative="0.32" duration="1"/>
    <step time="3900.00" loaded="2102" inserted="2102" running="84" waiting="0" ended="2018" arrived="2018" collisions="0" teleports="0" halting="44" stopped="0" meanWaitingTime="18.29" meanTravelTime="109.99" meanSpeed="3.51" meanSpeedRelative="0.25" duration="2"/>
    <step time="4200.00" loaded="2231" inserted="2226" running="39" waiting="5" ended="2187" arrived="2187" collisions="0" teleports="0" halting="6" stopped="0" meanWaitingTime="18.40" meanTravelTime="111.61" meanSpeed="6.31" meanSpeedRelative="0.45" duration="0"/>
    <step time="4500.00" loaded="2409" inserted="2408" running="74" waiting="1" ended="2334" arrived="2334" collisions="0" teleports="0" halting="30" stopped="0" meanWaitingTime="17.62" meanTravelTime="110.94" meanSpeed="4.00" meanSpeedRelative="0.29" duration="2"/>
    <step time="4800.00" loaded="2567" inserted="2561" running="41" waiting="6" ended="2520" arrived="2520" collisions="0" teleports="0" halting="14" stopped="0" meanWaitingTime="16.84" meanTravelTime="110.97" meanSpeed="5.72" meanSpeedRelative="0.41" duration="1"/>
    <step time="5100.00" loaded="2737" inserted="2727" running="59" waiting="10" ended="2668" arrived="2668" collisions="0" teleports="0" halting="11" stopped="0" meanWaitingTime="17.41" meanTravelTime="109.87" meanSpeed="5.65" meanSpeedRelative="0.41" duration="2"/>
    <step time="5400.00" loaded="2887" inserted="2885" running="48" waiting="2" ended="2837" arrived="2837" collisions="0" teleports="0" halting="11" stopped="0" meanWaitingTime="17.24" meanTravelTime="109.18" meanSpeed="6.93" meanSpeedRelative="0.50" duration="1"/>
    <step time="5700.00" loaded="3072" inserted="3057" running="76" waiting="15" ended="2981" arrived="2981" collisions="0" teleports="0" halting="28" stopped="0" meanWaitingTime="16.66" meanTravelTime="109.06" meanSpeed="4.69" meanSpeedRelative="0.34" duration="2"/>
    <step time="6000.00" loaded="3196" inserted="3193" running="36" waiting="3" ended="3157" arrived="3157" collisions="0" teleports="0" halting="14" stopped="0" meanWaitingTime="16.67" meanTravelTime="110.79" meanSpeed="5.59" meanSpeedRelative="0.40" duration="1"/>
    <step time="6300.00" loaded="3361" inserted="3344" running="59" waiting="17" ended="3285" arrived="3285" collisions="0" teleports="0" halting="23" stopped="0" meanWaitingTime="16.67" meanTravelTime="110.80" meanSpeed="4.96" meanSpeedRelative="0.36" duration="3"/>
    <step time="6600.00" loaded="3522" inserted="3514" running="48" waiting="8" ended="3466" arrived="3466" collisions="0" teleports="0" halting="16" stopped="0" meanWaitingTime="16.85" meanTravelTime="109.83" meanSpeed="4.59" meanSpeedRelative="0.33" duration="2"/>
    <step time="6900.00" loaded="3707" inserted="3690" running="61" waiting="17" ended="3629" arrived="3629" collisions="0" teleports="0" halting="22" stopped="0" meanWaitingTime="16.81" meanTravelTime="109.06" meanSpeed="4.30" meanSpeedRelative="0.31" duration="1"/>
    <step time="7200.00" loaded="3863" inserted="3845" running="48" waiting="18" ended="3797" arrived="3797" collisions="0" teleports="0" halting="18" stopped="0" meanWaitingTime="17.38" meanTravelTime="108.92" meanSpeed="5.54" meanSpeedRelative="0.40" duration="1"/>
    <step time="7500.00" loaded="4013" inserted="4001" running="36" waiting="12" ended="3965" arrived="3965" collisions="0" teleports="0" halting="13" stopped="0" meanWaitingTime="17.96" meanTravelTime="108.05" meanSpeed="5.48" meanSpeedRelative="0.39" duration="1"/>
    <step time="7800.00" loaded="4170" inserted="4147" running="44" waiting="23" ended="4103" arrived="4103" collisions="0" teleports="0" halting="14" stopped="0" meanWaitingTime="18.43" meanTravelTime="107.30" meanSpeed="5.55" meanSpeedRelative="0.40" duration="3"/>
    <step time="8100.00" loaded="4341" inserted="4326" running="47" waiting="15" ended="4279" arrived="4279" collisions="0" teleports="0" halting="11" stopped="0" meanWaitingTime="19.46" meanTravelTime="106.29" meanSpeed="4.98" meanSpeedRelative="0.36" duration="1"/>
    <step time="8400.00" loaded="4525" inserted="4521" running="55" waiting="4" ended="4466" arrived="4466" collisions="0" teleports="0" halting="15" stopped="0" meanWaitingTime="19.41" meanTravelTime="105.50" meanSpeed="5.44" meanSpeedRelative="0.39" duration="2"/>
    <step time="8700.00" loaded="4695" inserted="4690" running="76" waiting="5" ended="4614" arrived="4614" collisions="0" teleports="0" halting="24" stopped="0" meanWaitingTime="19.17" meanTravelTime="104.99" meanSpeed="5.20" meanSpeedRelative="0.37" duration="2"/>
    <step time="9000.00" loaded="4884" inserted="4867" running="60" waiting="17" ended="4807" arrived="4807" collisions="0" teleports="0" halting="11" stopped="0" meanWaitingTime="18.95" meanTravelTime="105.26" meanSpeed="6.26" meanSpeedRelative="0.46" duration="1"/>
    <step time="9300.00" loaded="5068" inserted="5049" running="59" waiting="19" ended="4990" arrived="4990" collisions="0" teleports="0" halting="22" stopped="0" meanWaitingTime="18.93" meanTravelTime="105.10" meanSpeed="4.93" meanSpeedRelative="0.36" duration="1"/>
    <step time="9600.00" loaded="5240" inserted="5229" running="53" waiting="11" ended="5176" arrived="5176" collisions="0" teleports="0" halting="17" stopped="0" meanWaitingTime="19.39" meanTravelTime="104.66" meanSpeed="6.25" meanSpeedRelative="0.45" duration="2"/>
    <step time="9900.00" loaded="5383" inserted="5377" running="41" waiting="6" ended="5336" arrived="5336" collisions="0" teleports="0" halting="20" stopped="0" meanWaitingTime="19.20" meanTravelTime="104.48" meanSpeed="4.22" meanSpeedRelative="0.30" duration="1"/>
    <step time="10200.00" loaded="5550" inserted="5542" running="55" waiting="8" ended="5487" arrived="5487" collisions="0" teleports="0" halting="10" stopped="0" meanWaitingTime="18.96" meanTravelTime="104.50" meanSpeed="6.25" meanSpeedRelative="0.45" duration="2"/>
    <step time="10500.00" loaded="5732" inserted="5721" running="60" waiting="11" ended="5661" arrived="5661" collisions="0" teleports="0" halting="11" stopped="0" meanWaitingTime="18.77" meanTravelTime="104.66" meanSpeed="6.31" meanSpeedRelative="0.45" duration="1"/>
    <step time="10800.00" loaded="5904" inserted="5896" running="68" waiting="8" ended="5828" arrived="5828" collisions="0" teleports="0" halting="11" stopped="0" meanWaitingTime="18.79" meanTravelTime="104.73" meanSpeed="5.97" meanSpeedRelative="0.44" duration="1"/>
    <step time="11100.00" loaded="6079" inserted="6061" running="53" waiting="18" ended="6008" arrived="6008" collisions="0" teleports="0" halting="22" stopped="0" meanWaitingTime="18.80" meanTravelTime="104.98" meanSpeed="4.03" meanSpeedRelative="0.29" duration="1"/>
    <step time="11400.00" loaded="6252" inserted="6218" running="62" waiting="34" ended="6156" arrived="6156" collisions="0" teleports="0" halting="18" stopped="0" meanWaitingTime="19.43" meanTravelTime="104.89" meanSpeed="6.00" meanSpeedRelative="0.43" duration="1"/>
    <step time="11700.00" loaded="6397" inserted="6378" running="70" waiting="19" ended="6308" arrived="6308" collisions="0" teleports="0" halting="16" stopped="0" meanWaitingTime="20.47" meanTravelTime="104.98" meanSpeed="4.84" meanSpeedRelative="0.35" duration="3"/>
    <step time="12000.00" loaded="6572" inserted="6565" running="74" waiting="7" ended="6491" arrived="6491" collisions="0" teleports="0" halting="22" stopped="0" meanWaitingTime="20.47" meanTravelTime="105.67" meanSpeed="4.35" meanSpeedRelative="0.31" duration="2"/>
    <step time="12300.00" loaded="6738" inserted="6738" running="71" waiting="0" ended="6667" arrived="6667" collisions="0" teleports="0" halting="35" stopped="0" meanWaitingTime="20.18" meanTravelTime="106.28" meanSpeed="3.23" meanSpeedRelative="0.23" duration="2"/>
    <step time="12600.00" loaded="6910" inserted="6887" running="60" waiting="23" ended="6827" arrived="6827" collisions="0" teleports="0" halting="21" stopped="0" meanWaitingTime="20.01" meanTravelTime="106.43" meanSpeed="5.34" meanSpeedRelative="0.38" duration="3"/>
    <step time="12900.00" loaded="7075" inserted="7061" running="56" waiting="14" ended="7005" arrived="7005" collisions="0" teleports="0" halting="24" stopped="0" meanWaitingTime="20.24" meanTravelTime="106.53" meanSpeed="4.32" meanSpeedRelative="0.31" duration="1"/>
    <step time="13200.00" loaded="7250" inserted="7229" running="77" waiting="21" ended="7152" arrived="7152" collisions="0" teleports="0" halting="16" stopped="0" meanWaitingTime="20.31" meanTravelTime="106.48" meanSpeed="5.50" meanSpeedRelative="0.40" duration="4"/>
    <step time="13500.00" loaded="7426" inserted="7418" running="76" waiting="8" ended="7342" arrived="7342" collisions="0" teleports="0" halting="19" stopped="0" meanWaitingTime="20.25" meanTravelTime="107.09" meanSpeed="4.04" meanSpeedRelative="0.29" duration="2"/>
    <step time="13800.00" loaded="7620" inserted="7603" running="81" waiting="17" ended="7522" arrived="7522" collisions="0" teleports="0" halting="23" stopped="0" meanWaitingTime="20.31" meanTravelTime="107.47" meanSpeed="4.89" meanSpeedRelative="0.35" duration="2"/>
    <step time="14100.00" loaded="7778" inserted="7774" running="75" waiting="4" ended="7699" arrived="7699" collisions="0" teleports="0" halting="19" stopped="0" meanWaitingTime="20.36" meanTravelTime="108.04" meanSpeed="5.41" meanSpeedRelative="0.40" duration="2"/>
    <step time="14400.00" loaded="7917" inserted="7906" running="50" waiting="11" ended="7856" arrived="7856" collisions="0" teleports="0" halting="17" stopped="0" meanWaitingTime="20.53" meanTravelTime="108.60" meanSpeed="4.98" meanSpeedRelative="0.36" duration="1"/>
    <step time="14700.00" loaded="8111" inserted="8095" running="65" waiting="16" ended="8030" arrived="8030" collisions="0" teleports="0" halting="10" stopped="0" meanWaitingTime="20.48" meanTravelTime="108.22" meanSpeed="6.15" meanSpeedRelative="0.44" duration="2"/>
    <step time="15000.00" loaded="8266" inserted="8261" running="92" waiting="5" ended="8169" arrived="8169" collisions="0" teleports="0" halting="18" stopped="0" meanWaitingTime="20.26" meanTravelTime="108.56" meanSpeed="6.01" meanSpeedRelative="0.43" duration="4"/>
    <step time="15300.00" loaded="8427" inserted="8392" running="53" waiting="35" ended="8339" arrived="8339" collisions="0" teleports="0" halting="18" stopped="0" meanWaitingTime="20.41" meanTravelTime="109.09" meanSpeed="5.61" meanSpeedRelative="0.40" duration="1"/>
    <step time="15600.00" loaded="8591" inserted="8582" running="71" waiting="9" ended="8511" arrived="8511" collisions="0" teleports="0" halting="29" stopped="0" meanWaitingTime="21.20" meanTravelTime="108.61" meanSpeed="4.18" meanSpeedRelative="0.30" duration="3"/>
    <step time="15900.00" loaded="8783" inserted="8771" running="89" waiting="12" ended="8682" arrived="8682" collisions="0" teleports="0" halting="29" stopped="0" meanWaitingTime="21.46" meanTravelTime="108.56" meanSpeed="4.55" meanSpeedRelative="0.33" duration="3"/>
    <step time="16200.00" loaded="8971" inserted="8937" running="65" waiting="34" ended="8872" arrived="8872" collisions="0" teleports="0" halting="12" stopped="0" meanWaitingTime="21.71" meanTravelTime="108.73" meanSpeed="5.98" meanSpeedRelative="0.43" duration="3"/>
    <step time="16500.00" loaded="9138" inserted="9123" running="62" waiting="15" ended="9061" arrived="9061" collisions="0" teleports="0" halting="22" stopped="0" meanWaitingTime="22.29" meanTravelTime="108.61" meanSpeed="5.34" meanSpeedRelative="0.38" duration="4"/>
    <step time="16800.00" loaded="9324" inserted="9285" running="54" waiting="39" ended="9231" arrived="9231" collisions="0" teleports="0" halting="9" stopped="0" meanWaitingTime="22.60" meanTravelTime="108.71" meanSpeed="5.52" meanSpeedRelative="0.40" duration="2"/>
    <step time="17100.00" loaded="9497" inserted="9467" running="73" waiting="30" ended="9394" arrived="9394" collisions="0" teleports="0" halting="20" stopped="0" meanWaitingTime="23.35" meanTravelTime="108.56" meanSpeed="5.18" meanSpeedRelative="0.37" duration="3"/>
    <step time="17400.00" loaded="9679" inserted="9654" running="77" waiting="25" ended="9577" arrived="9577" collisions="0" teleports="0" halting="26" stopped="0" meanWaitingTime="24.00" meanTravelTime="108.97" meanSpeed="4.39" meanSpeedRelative="0.32" duration="3"/>
    <step time="17700.00" loaded="9852" inserted="9824" running="73" waiting="28" ended="9751" arrived="9751" collisions="0" teleports="0" halting="18" stopped="0" meanWaitingTime="24.38" meanTravelTime="109.31" meanSpeed="4.57" meanSpeedRelative="0.33" duration="1"/>
    <step time="18000.00" loaded="10018" inserted="9997" running="80" waiting="21" ended="9917" arrived="9917" collisions="0" teleports="0" halting="39" stopped="0" meanWaitingTime="24.85" meanTravelTime="109.66" meanSpeed="3.63" meanSpeedRelative="0.26" duration="3"/>
    <step time="18300.00" loaded="10209" inserted="10176" running="55" waiting="33" ended="10121" arrived="10121" collisions="0" teleports="0" halting="33" stopped="0" meanWaitingTime="25.05" meanTravelTime="110.04" meanSpeed="3.39" meanSpeedRelative="0.24" duration="2"/>
    <step time="18600.00" loaded="10369" inserted="10338" running="59" waiting="31" ended="10279" arrived="10279" collisions="0" teleports="0" halting="20" stopped="0" meanWaitingTime="25.63" meanTravelTime="109.95" meanSpeed="5.46" meanSpeedRelative="0.39" duration="2"/>
    <step time="18900.00" loaded="10555" inserted="10522" running="69" waiting="33" ended="10453" arrived="10453" collisions="0" teleports="0" halting="14" stopped="0" meanWaitingTime="26.01" meanTravelTime="109.84" meanSpeed="6.56" meanSpeedRelative="0.47" duration="3"/>
    <step time="19200.00" loaded="10730" inserted="10704" running="69" waiting="26" ended="10635" arrived="10635" collisions="0" teleports="0" halting="47" stopped="0" meanWaitingTime="26.30" meanTravelTime="109.80" meanSpeed="3.18" meanSpeedRelative="0.23" duration="3"/>
    <step time="19500.00" loaded="10938" inserted="10914" running="99" waiting="24" ended="10815" arrived="10815" collisions="0" teleports="0" halting="39" stopped="0" meanWaitingTime="26.59" meanTravelTime="110.00" meanSpeed="2.81" meanSpeedRelative="0.20" duration="4"/>
    <step time="19800.00" loaded="11118" inserted="11086" running="74" waiting="32" ended="11012" arrived="11012" collisions="0" teleports="0" halting="29" stopped="0" meanWaitingTime="26.88" meanTravelTime="110.29" meanSpeed="4.48" meanSpeedRelative="0.33" duration="4"/>
    <step time="20100.00" loaded="11315" inserted="11288" running="87" waiting="27" ended="11201" arrived="11201" collisions="0" teleports="0" halting="22" stopped="0" meanWaitingTime="27.35" meanTravelTime="110.41" meanSpeed="5.88" meanSpeedRelative="0.42" duration="3"/>
    <step time="20400.00" loaded="11482" inserted="11454" running="76" waiting="28" ended="11378" arrived="11378" collisions="0" teleports="0" halting="22" stopped="0" meanWaitingTime="27.78" meanTravelTime="110.43" meanSpeed="4.43" meanSpeedRelative="0.32" duration="3"/>
    <step time="20700.00" loaded="11653" inserted="11629" running="77" waiting="24" ended="11552" arrived="11552" collisions="0" teleports="0" halting="33" stopped="0" meanWaitingTime="28.06" meanTravelTime="110.54" meanSpeed="3.62" meanSpeedRelative="0.26" duration="3"/>
    <step time="21000.00" loaded="11838" inserted="11827" running="56" waiting="11" ended="11771" arrived="11771" collisions="0" teleports="0" halting="35" stopped="0" meanWaitingTime="28.29" meanTravelTime="110.52" meanSpeed="2.96" meanSpeedRelative="0.21" duration="3"/>
    <step time="21300.00" loaded="11999" inserted="11999" running="60" waiting="0" ended="11939" arrived="11939" collisions="0" teleports="0" halting="9" stopped="0" meanWaitingTime="28.06" meanTravelTime="110.34" meanSpeed="6.38" meanSpeedRelative="0.46" duration="3"/>
    <step time="21600.00" loaded="12223" inserted="12215" running="94" waiting="8" ended="12121" arrived="12121" collisions="0" teleports="0" halting="17" stopped="0" meanWaitingTime="27.76" meanTravelTime="110.28" meanSpeed="6.14" meanSpeedRelative="0.44" duration="4"/>
    <step time="21900.00" loaded="12410" inserted="12402" running="84" waiting="8" ended="12318" arrived="12318" collisions="0" teleports="0" halting="29" stopped="0" meanWaitingTime="27.46" meanTravelTime="110.36" meanSpeed="4.46" meanSpeedRelative="0.33" duration="1"/>
    <step time="22200.00" loaded="12600" inserted="12589" running="87" waiting="11" ended="12502" arrived="12502" collisions="0" teleports="0" halting="30" stopped="0" meanWaitingTime="27.22" meanTravelTime="110.43" meanSpeed="3.94" meanSpeedRelative="0.29" duration="3"/>
    <step time="22500.00" loaded="12775" inserted="12741" running="62" waiting="34" ended="12679" arrived="12679" collisions="0" teleports="0" halting="8" stopped="0" meanWaitingTime="27.14" meanTravelTime="111.07" meanSpeed="5.05" meanSpeedRelative="0.36" duration="2"/>
    <step time="22800.00" loaded="12973" inserted="12971" running="89" waiting="2" ended="12882" arrived="12882" collisions="0" teleports="0" halting="47" stopped="0" meanWaitingTime="27.12" meanTravelTime="111.08" meanSpeed="3.55" meanSpeedRelative="0.26" duration="3"/>
    <step time="23100.00" loaded="13160" inserted="13147" running="110" waiting="13" ended="13037" arrived="13037" collisions="0" teleports="0" halting="46" stopped="0" meanWaitingTime="26.93" meanTravelTime="111.46" meanSpeed="3.08" meanSpeedRelative="0.22" duration="3"/>
    <step time="23400.00" loaded="13349" inserted="13339" running="88" waiting="10" ended="13251" arrived="13251" collisions="0" teleports="0" halting="31" stopped="0" meanWaitingTime="26.85" meanTravelTime="112.03" meanSpeed="4.35" meanSpeedRelative="0.31" duration="4"/>
    <step time="23700.00" loaded="13579" inserted="13558" running="82" waiting="21" ended="13476" arrived="13476" collisions="0" teleports="0" halting="29" stopped="0" meanWaitingTime="26.64" meanTravelTime="112.23" meanSpeed="4.27" meanSpeedRelative="0.31" duration="2"/>
    <step time="24000.00" loaded="13755" inserted="13735" running="64" waiting="20" ended="13671" arrived="13671" collisions="0" teleports="0" halting="19" stopped="0" meanWaitingTime="26.63" meanTravelTime="112.33" meanSpeed="4.40" meanSpeedRelative="0.33" duration="2"/>
    <step time="24300.00" loaded="13967" inserted="13943" running="104" waiting="24" ended="13839" arrived="13839" collisions="0" teleports="0" halting="68" stopped="0" meanWaitingTime="26.76" meanTravelTime="112.34" meanSpeed="2.25" meanSpeedRelative="0.16" duration="2"/>
    <step time="24600.00" loaded="14193" inserted="14151" running="83" waiting="42" ended="14068" arrived="14068" collisions="0" teleports="0" halting="36" stopped="0" meanWaitingTime="26.98" meanTravelTime="112.64" meanSpeed="3.67" meanSpeedRelative="0.27" duration="2"/>
    <step time="24900.00" loaded="14409" inserted="14369" running="79" waiting="40" ended="14290" arrived="14290" collisions="0" teleports="0" halting="33" stopped="0" meanWaitingTime="27.49" meanTravelTime="112.71" meanSpeed="4.40" meanSpeedRelative="0.32" duration="2"/>
    <step time="25200.00" loaded="14601" inserted="14557" running="67" waiting="44" ended="14490" arrived="14490" collisions="0" teleports="0" halting="22" stopped="0" meanWaitingTime="27.72" meanTravelTime="112.73" meanSpeed="5.00" meanSpeedRelative="0.36" duration="2"/>
    <step time="25500.00" loaded="14775" inserted="14756" running="82" waiting="19" ended="14674" arrived="14674" collisions="0" teleports="0" halting="31" stopped="0" meanWaitingTime="28.09" meanTravelTime="112.92" meanSpeed="4.17" meanSpeedRelative="0.30" duration="3"/>
    <step time="25800.00" loaded="15006" inserted="14975" running="84" waiting="31" ended="14891" arrived="14891" collisions="0" teleports="0" halting="28" stopped="0" meanWaitingTime="28.07" meanTravelTime="113.10" meanSpeed="4.10" meanSpeedRelative="0.29" duration="2"/>
    <step time="26100.00" loaded="15215" inserted="15180" running="82" waiting="35" ended="15098" arrived="15098" collisions="0" teleports="0" halting="23" stopped="0" meanWaitingTime="28.33" meanTravelTime="113.11" meanSpeed="4.38" meanSpeedRelative="0.31" duration="2"/>
    <step time="26400.00" loaded="15409" inserted="15370" running="80" waiting="39" ended="15290" arrived="15290" collisions="0" teleports="0" halting="32" stopped="0" meanWaitingTime="28.62" meanTravelTime="113.39" meanSpeed="4.35" meanSpeedRelative="0.31" duration="1"/>
    <step time="26700.00" loaded="15624" inserted="15594" running="93" waiting="30" ended="15501" arrived="15501" collisions="0" teleports="0" halting="24" stopped="0" meanWaitingTime="29.03" meanTravelTime="113.24" meanSpeed="4.60" meanSpeedRelative="0.33" duration="3"/>
    <step time="27000.00" loaded="15840" inserted="15805" running="99" waiting="35" ended="15706" arrived="15706" collisions="0" teleports="0" halting="30" stopped="0" meanWaitingTime="29.33" meanTravelTime="113.32" meanSpeed="4.86" meanSpeedRelative="0.35" duration="4"/>
    <step time="27300.00" loaded="16064" inserted="16024" running="107" waiting="40" ended="15917" arrived="15917" collisions="0" teleports="0" halting="38" stopped="0" meanWaitingTime="29.60" meanTravelTime="113.24" meanSpeed="4.52" meanSpeedRelative="0.33" duration="5"/>
    <step time="27600.00" loaded="16264" inserted="16222" running="81" waiting="42" ended="16141" arrived="16141" collisions="0" teleports="0" halting="43" stopped="0" meanWaitingTime="29.87" meanTravelTime="113.42" meanSpeed="2.88" meanSpeedRelative="0.22" duration="3"/>
    <step time="27900.00" loaded="16473" inserted="16438" running="68" waiting="35" ended="16370" arrived="16370" collisions="0" teleports="0" halting="18" stopped="0" meanWaitingTime="30.23" meanTravelTime="113.33" meanSpeed="5.59" meanSpeedRelative="0.40" duration="3"/>
    <step time="28200.00" loaded="16697" inserted="16674" running="72" waiting="23" ended="16602" arrived="16602" collisions="0" teleports="0" halting="15" stopped="0" meanWaitingTime="30.53" meanTravelTime="113.08" meanSpeed="5.76" meanSpeedRelative="0.41" duration="3"/>
    <step time="28500.00" loaded="16899" inserted="16870" running="80" waiting="29" ended="16790" arrived="16790" collisions="0" teleports="0" halting="26" stopped="0" meanWaitingTime="30.63" meanTravelTime="113.12" meanSpeed="4.80" meanSpeedRelative="0.36" duration="2"/>
    <step time="28800.00" loaded="17110" inserted="17078" running="85" waiting="32" ended="16993" arrived="16993" collisions="0" teleports="0" halting="38" stopped="0" meanWaitingTime="30.69" meanTravelTime="112.93" meanSpeed="3.42" meanSpeedRelative="0.25" duration="5"/>
    <step time="29100.00" loaded="17337" inserted="17297" running="93" waiting="40" ended="17204" arrived="17204" collisions="0" teleports="0" halting="38" stopped="0" meanWaitingTime="30.71" meanTravelTime="113.41" meanSpeed="3.33" meanSpeedRelative="0.24" duration="4"/>
    <step time="29400.00" loaded="17545" inserted="17497" running="88" waiting="48" ended="17409" arrived="17409" collisions="0" teleports="0" halting="36" stopped="0" meanWaitingTime="30.97" meanTravelTime="113.66" meanSpeed="3.30" meanSpeedRelative="0.24" duration="2"/>
    <step time="29700.00" loaded="17723" inserted="17690" running="57" waiting="33" ended="17633" arrived="17633" collisions="0" teleports="0" halting="22" stopped="0" meanWaitingTime="31.19" meanTravelTime="113.88" meanSpeed="4.37" meanSpeedRelative="0.31" duration="2"/>
    <step time="30000.00" loaded="17898" inserted="17866" running="63" waiting="32" ended="17803" arrived="17803" collisions="0" teleports="0" halting="39" stopped="0" meanWaitingTime="31.39" meanTravelTime="113.75" meanSpeed="2.97" meanSpeedRelative="0.21" duration="2"/>
    <step time="30300.00" loaded="18100" inserted="18059" running="75" waiting="41" ended="17984" arrived="17984" collisions="0" teleports="0" halting="25" stopped="0" meanWaitingTime="31.74" meanTravelTime="113.80" meanSpeed="4.03" meanSpeedRelative="0.29" duration="2"/>
    <step time="30600.00" loaded="18314" inserted="18271" running="87" waiting="43" ended="18184" arrived="18184" collisions="0" teleports="0" halting="25" stopped="0" meanWaitingTime="32.07" meanTravelTime="113.73" meanSpeed="5.33" meanSpeedRelative="0.38" duration="3"/>
    <step time="30900.00" loaded="18535" inserted="18494" running="96" waiting="41" ended="18398" arrived="18398" collisions="0" teleports="0" halting="26" stopped="0" meanWaitingTime="32.36" meanTravelTime="113.75" meanSpeed="3.34" meanSpeedRelative="0.24" duration="2"/>
    <step time="31200.00" loaded="18707" inserted="18667" running="76" waiting="40" ended="18591" arrived="18591" collisions="0" teleports="0" halting="16" stopped="0" meanWaitingTime="32.46" meanTravelTime="114.10" meanSpeed="4.37" meanSpeedRelative="0.32" duration="1"/>
    <step time="31500.00" loaded="18885" inserted="18845" running="72" waiting="40" ended="18773" arrived="18773" collisions="0" teleports="0" halting="31" stopped="0" meanWaitingTime="32.71" meanTravelTime="114.46" meanSpeed="3.94" meanSpeedRelative="0.28" duration="2"/>
    <step time="31800.00" loaded="19045" inserted="19010" running="72" waiting="35" ended="18938" arrived="18938" collisions="0" teleports="0" halting="20" stopped="0" meanWaitingTime="33.05" meanTravelTime="114.54" meanSpeed="5.43" meanSpeedRelative="0.39" duration="2"/>
    <step time="32100.00" loaded="19226" inserted="19187" running="62" waiting="39" ended="19125" arrived="19125" collisions="0" teleports="0" halting="24" stopped="0" meanWaitingTime="33.43" meanTravelTime="114.45" meanSpeed="5.40" meanSpeedRelative="0.39" duration="3"/>
    <step time="32400.00" loaded="19392" inserted="19348" running="70" waiting="44" ended="19278" arrived="19278" collisions="0" teleports="0" halting="21" stopped="0" meanWaitingTime="33.69" meanTravelTime="114.35" meanSpeed="4.48" meanSpeedRelative="0.33" duration="1"/>
    <step time="32700.00" loaded="19572" inserted="19532" running="59" waiting="40" ended="19473" arrived="19473" collisions="0" teleports="0" halting="18" stopped="0" meanWaitingTime="33.91" meanTravelTime="114.39" meanSpeed="4.84" meanSpeedRelative="0.35" duration="3"/>
    <step time="33000.00" loaded="19741" inserted="19711" running="70" waiting="30" ended="19641" arrived="19641" collisions="0" teleports="0" halting="10" stopped="0" meanWaitingTime="34.20" meanTravelTime="114.52" meanSpeed="5.85" meanSpeedRelative="0.42" duration="3"/>
    <step time="33300.00" loaded="19874" inserted="19859" running="74" waiting="15" ended="19785" arrived="19785" collisions="0" teleports="0" halting="18" stopped="0" meanWaitingTime="34.37" meanTravelTime="114.64" meanSpeed="5.25" meanSpeedRelative="0.38" duration="3"/>
    <step time="33600.00" loaded="20065" inserted="20047" running="70" waiting="18" ended="19977" arrived="19977" collisions="0" teleports="0" halting="24" stopped="0" meanWaitingTime="34.34" meanTravelTime="114.69" meanSpeed="5.13" meanSpeedRelative="0.38" duration="3"/>
    <step time="33900.00" loaded="20221" inserted="20198" running="71" waiting="23" ended="20127" arrived="20127" collisions="0" teleports="0" halting="24" stopped="0" meanWaitingTime="34.33" meanTravelTime="114.64" meanSpeed="3.73" meanSpeedRelative="0.27" duration="4"/>
    <step time="34200.00" loaded="20383" inserted="20363" running="66" waiting="20" ended="20297" arrived="20297" collisions="0" teleports="0" halting="15" stopped="0" meanWaitingTime="34.33" meanTravelTime="114.66" meanSpeed="5.86" meanSpeedRelative="0.43" duration="3"/>
    <step time="34500.00" loaded="20550" inserted="20524" running="73" waiting="26" ended="20451" arrived="20451" collisions="0" teleports="0" halting="23" stopped="0" meanWaitingTime="34.42" meanTravelTime="114.78" meanSpeed="5.67" meanSpeedRelative="0.41" duration="2"/>
    <step time="34800.00" loaded="20702" inserted="20673" running="55" waiting="29" ended="20618" arrived="20618" collisions="0" teleports="0" halting="16" stopped="0" meanWaitingTime="34.62" meanTravelTime="114.80" meanSpeed="4.73" meanSpeedRelative="0.34" duration="2"/>
    <step time="35100.00" loaded="20839" inserted="20821" running="55" waiting="18" ended="20766" arrived="20766" collisions="0" teleports="0" halting="5" stopped="0" meanWaitingTime="34.76" meanTravelTime="114.77" meanSpeed="7.04" meanSpeedRelative="0.51" duration="3"/>
    <step time="35400.00" loaded="20976" inserted="20964" running="44" waiting="12" ended="20920" arrived="20920" collisions="0" teleports="0" halting="6" stopped="0" meanWaitingTime="34.67" meanTravelTime="114.68" meanSpeed="6.93" meanSpeedRelative="0.50" duration="1"/>
    <step time="35700.00" loaded="21119" inserted="21101" running="53" waiting="18" ended="21048" arrived="21048" collisions="0" teleports="0" halting="23" stopped="0" meanWaitingTime="34.67" meanTravelTime="114.67" meanSpeed="4.05" meanSpeedRelative="0.29" duration="2"/>
    <step time="36000.00" loaded="21279" inserted="21271" running="48" waiting="8" ended="21223" arrived="21223" collisions="0" teleports="0" halting="18" stopped="0" meanWaitingTime="34.68" meanTravelTime="114.57" meanSpeed="3.99" meanSpeedRelative="0.29" duration="2"/>
    <step time="36300.00" loaded="21451" inserted="21433" running="71" waiting="18" ended="21362" arrived="21362" collisions="0" teleports="0" halting="30" stopped="0" meanWaitingTime="34.60" meanTravelTime="114.42" meanSpeed="3.21" meanSpeedRelative="0.23" duration="3"/>
    <step time="36600.00" loaded="21598" inserted="21588" running="66" waiting="10" ended="21522" arrived="21522" collisions="0" teleports="0" halting="5" stopped="0" meanWaitingTime="34.54" meanTravelTime="114.59" meanSpeed="5.53" meanSpeedRelative="0.40" duration="3"/>
    <step time="36900.00" loaded="21736" inserted="21714" running="43" waiting="22" ended="21671" arrived="21671" collisions="0" teleports="0" halting="12" stopped="0" meanWaitingTime="34.41" meanTravelTime="114.76" meanSpeed="5.07" meanSpeedRelative="0.37" duration="2"/>
    <step time="37200.00" loaded="21860" inserted="21839" running="54" waiting="21" ended="21785" arrived="21785" collisions="0" teleports="0" halting="36" stopped="0" meanWaitingTime="34.42" meanTravelTime="114.70" meanSpeed="2.24" meanSpeedRelative="0.16" duration="1"/>
    <step time="37500.00" loaded="21999" inserted="21962" running="62" waiting="37" ended="21900" arrived="21900" collisions="0" teleports="0" halting="14" stopped="0" meanWaitingTime="34.57" meanTravelTime="114.94" meanSpeed="5.16" meanSpeedRelative="0.37" duration="1"/>
    <step time="37800.00" loaded="22154" inserted="22112" running="65" waiting="42" ended="22047" arrived="22047" collisions="0" teleports="0" halting="25" stopped="0" meanWaitingTime="34.84" meanTravelTime="115.09" meanSpeed="4.39" meanSpeedRelative="0.32" duration="2"/>
    <step time="38100.00" loaded="22299" inserted="22254" running="60" waiting="45" ended="22194" arrived="22194" collisions="0" teleports="0" halting="31" stopped="0" meanWaitingTime="35.08" meanTravelTime="115.11" meanSpeed="3.73" meanSpeedRelative="0.27" duration="2"/>
    <step time="38400.00" loaded="22426" inserted="22395" running="62" waiting="31" ended="22333" arrived="22333" collisions="0" teleports="0" halting="40" stopped="0" meanWaitingTime="35.39" meanTravelTime="115.22" meanSpeed="2.90" meanSpeedRelative="0.21" duration="1"/>
    <step time="38700.00" loaded="22523" inserted="22509" running="60" waiting="14" ended="22449" arrived="22449" collisions="0" teleports="0" halting="40" stopped="0" meanWaitingTime="35.59" meanTravelTime="115.32" meanSpeed="2.82" meanSpeedRelative="0.20" duration="2"/>
    <step time="39000.00" loaded="22628" inserted="22596" running="55" waiting="32" ended="22541" arrived="22541" collisions="0" teleports="0" halting="7" stopped="0" meanWaitingTime="35.78" meanTravelTime="115.54" meanSpeed="5.56" meanSpeedRelative="0.40" duration="1"/>
    <step time="39300.00" loaded="22754" inserted="22712" running="37" waiting="42" ended="22675" arrived="22675" collisions="0" teleports="0" halting="16" stopped="0" meanWaitingTime="36.04" meanTravelTime="115.73" meanSpeed="5.47" meanSpeedRelative="0.39" duration="1"/>
    <step time="39600.00" loaded="22867" inserted="22828" running="46" waiting="39" ended="22782" arrived="22782" collisions="0" teleports="0" halting="27" stopped="0" meanWaitingTime="36.29" meanTravelTime="115.75" meanSpeed="3.20" meanSpeedRelative="0.23" duration="3"/>
    <step time="39900.00" loaded="22989" inserted="22960" running="73" waiting="29" ended="22887" arrived="22887" collisions="0" teleports="0" halting="46" stopped="0" meanWaitingTime="36.59" meanTravelTime="115.80" meanSpeed="2.47" meanSpeedRelative="0.18" duration="2"/>
    <step time="40200.00" loaded="23078" inserted="23057" running="54" waiting="21" ended="23003" arrived="23003" collisions="0" teleports="0" halting="22" stopped="0" meanWaitingTime="36.86" meanTravelTime="116.09" meanSpeed="3.17" meanSpeedRelative="0.23" duration="2"/>
    <step time="40500.00" loaded="23178" inserted="23155" running="42" waiting="23" ended="23113" arrived="23113" collisions="0" teleports="0" halting="9" stopped="0" meanWaitingTime="36.97" meanTravelTime="116.33" meanSpeed="5.89" meanSpeedRelative="0.44" duration="2"/>
    <step time="40800.00" loaded="23286" inserted="23255" running="38" waiting="31" ended="23217" arrived="23217" collisions="0" teleports="0" halting="14" stopped="0" meanWaitingTime="37.23" meanTravelTime="116.32" meanSpeed="5.40" meanSpeedRelative="0.39" duration="1"/>
    <step time="41100.00" loaded="23369" inserted="23346" running="52" waiting="23" ended="23294" arrived="23294" collisions="0" teleports="0" halting="20" stopped="0" meanWaitingTime="37.42" meanTravelTime="116.40" meanSpeed="3.39" meanSpeedRelative="0.24" duration="1"/>
    <step time="41400.00" loaded="23432" inserted="23422" running="33" waiting="10" ended="23389" arrived="23389" collisions="0" teleports="0" halting="28" stopped="0" meanWaitingTime="37.52" meanTravelTime="116.66" meanSpeed="1.55" meanSpeedRelative="0.11" duration="0"/>
    <step time="41700.00" loaded="23530" inserted="23504" running="58" waiting="26" ended="23446" arrived="23446" collisions="0" teleports="0" halting="33" stopped="0" meanWaitingTime="37.65" meanTravelTime="116.74" meanSpeed="3.62" meanSpeedRelative="0.26" duration="1"/>
    <step time="42000.00" loaded="23612" inserted="23583" running="36" waiting="29" ended="23547" arrived="23547" collisions="0" teleports="0" halting="10" stopped="0" meanWaitingTime="37.85" meanTravelTime="117.08" meanSpeed="4.80" meanSpeedRelative="0.35" duration="2"/>
    <step time="42300.00" loaded="23717" inserted="23692" running="45" waiting="25" ended="23647" arrived="23647" collisions="0" teleports="0" halting="13" stopped="0" meanWaitingTime="38.10" meanTravelTime="117.07" meanSpeed="4.92" meanSpeedRelative="0.35" duration="1"/>
    <step time="42600.00" loaded="23829" inserted="23792" running="48" waiting="37" ended="23744" arrived="23744" collisions="0" teleports="0" halting="11" stopped="0" meanWaitingTime="38.32" meanTravelTime="117.04" meanSpeed="6.34" meanSpeedRelative="0.46" duration="2"/>
    <step time="42900.00" loaded="23928" inserted="23905" running="46" waiting="23" ended="23859" arrived="23859" collisions="0" teleports="0" halting="19" stopped="0" meanWaitingTime="38.61" meanTravelTime="117.14" meanSpeed="5.69" meanSpeedRelative="0.41" duration="2"/>
    <step time="43200.00" loaded="24029" inserted="23994" running="24" waiting="35" ended="23970" arrived="23970" collisions="0" teleports="0" halting="7" stopped="0" meanWaitingTime="38.75" meanTravelTime="117.15" meanSpeed="6.54" meanSpeedRelative="0.47" duration="1"/>
    <step time="43500.00" loaded="24107" inserted="24096" running="51" waiting="11" ended="24045" arrived="24045" collisions="0" teleports="0" halting="9" stopped="0" meanWaitingTime="38.89" meanTravelTime="117.11" meanSpeed="5.52" meanSpeedRelative="0.40" duration="3"/>
    <step time="43800.00" loaded="24210" inserted="24192" running="42" waiting="18" ended="24150" arrived="24150" collisions="0" teleports="0" halting="25" stopped="0" meanWaitingTime="38.95" meanTravelTime="117.21" meanSpeed="2.87" meanSpeedRelative="0.21" duration="1"/>
    <step time="44100.00" loaded="24316" inserted="24305" running="47" waiting="11" ended="24258" arrived="24258" collisions="0" teleports="0" halting="19" stopped="0" meanWaitingTime="39.00" meanTravelTime="117.18" meanSpeed="3.88" meanSpeedRelative="0.28" duration="2"/>
    <step time="44400.00" loaded="24427" inserted="24407" running="65" waiting="20" ended="24342" arrived="24342" collisions="0" teleports="0" halting="49" stopped="0" meanWaitingTime="39.00" meanTravelTime="117.10" meanSpeed="1.19" meanSpeedRelative="0.09" duration="1"/>
    <step time="44700.00" loaded="24530" inserted="24486" running="37" waiting="44" ended="24449" arrived="24449" collisions="0" teleports="0" halting="12" stopped="0" meanWaitingTime="39.18" meanTravelTime="117.55" meanSpeed="5.05" meanSpeedRelative="0.36" duration="1"/>
    <step time="45000.00" loaded="24634" inserted="24585" running="42" waiting="49" ended="24543" arrived="24543" collisions="0" teleports="0" halting="5" stopped="0" meanWaitingTime="39.50" meanTravelTime="117.56" meanSpeed="5.17" meanSpeedRelative="0.37" duration="3"/>
    <step time="45300.00" loaded="24721" inserted="24686" running="55" waiting="35" ended="24631" arrived="24631" collisions="0" teleports="0" halting="15" stopped="0" meanWaitingTime="39.84" meanTravelTime="117.72" meanSpeed="4.13" meanSpeedRelative="0.30" duration="3"/>
    <step time="45600.00" loaded="24805" inserted="24776" running="43" waiting="29" ended="24733" arrived="24733" collisions="0" teleports="0" halting="26" stopped="0" meanWaitingTime="40.07" meanTravelTime="117.89" meanSpeed="3.25" meanSpeedRelative="0.23" duration="1"/>
    <step time="45900.00" loaded="24891" inserted="24845" running="46" waiting="46" ended="24799" arrived="24799" collisions="0" teleports="0" halting="42" stopped="0" meanWaitingTime="40.31" meanTravelTime="117.91" meanSpeed="0.77" meanSpeedRelative="0.06" duration="1"/>
    <step time="46200.00" loaded="24971" inserted="24923" running="61" waiting="48" ended="24862" arrived="24862" collisions="0" teleports="0" halting="55" stopped="0" meanWaitingTime="40.54" meanTravelTime="117.76" meanSpeed="0.69" meanSpeedRelative="0.05" duration="2"/>
    <step time="46500.00" loaded="25019" inserted="25019" running="94" waiting="0" ended="24925" arrived="24925" collisions="0" teleports="0" halting="93" stopped="0" meanWaitingTime="40.90" meanTravelTime="117.63" meanSpeed="0.12" meanSpeedRelative="0.01" duration="3"/>
    <step time="46800.00" loaded="25039" inserted="25039" running="95" waiting="0" ended="24944" arrived="24944" collisions="0" teleports="0" halting="94" stopped="0" meanWaitingTime="40.86" meanTravelTime="117.58" meanSpeed="0.19" meanSpeedRelative="0.01" duration="2"/>
    <step time="47100.00" loaded="25057" inserted="25057" running="91" waiting="0" ended="24966" arrived="24966" collisions="0" teleports="0" halting="88" stopped="0" meanWaitingTime="40.83" meanTravelTime="117.51" meanSpeed="0.20" meanSpeedRelative="0.01" duration="2"/>
    <step time="47400.00" loaded="25073" inserted="25073" running="90" waiting="0" ended="24983" arrived="24983" collisions="0" teleports="0" halting="90" stopped="0" meanWaitingTime="40.81" meanTravelTime="117.45" meanSpeed="0.00" meanSpeedRelative="0.00" duration="2"/>
    <step time="47700.00" loaded="25087" inserted="25087" running="91" waiting="0" ended="24996" arrived="24996" collisions="0" teleports="0" halting="91" stopped="0" meanWaitingTime="40.79" meanTravelTime="117.41" meanSpeed="0.00" meanSpeedRelative="0.00" duration="2"/>
    <step time="48000.00" loaded="25100" inserted="25100" running="92" waiting="0" ended="25008" arrived="25008" collisions="0" teleports="0" halting="91" stopped="0" meanWaitingTime="40.77" meanTravelTime="117.38" meanSpeed="0.07" meanSpeedRelative="0.00" duration="2"/>
    <step time="48300.00" loaded="25114" inserted="25114" running="92" waiting="0" ended="25022" arrived="25022" collisions="0" teleports="0" halting="91" stopped="0" meanWaitingTime="40.74" meanTravelTime="117.33" meanSpeed="0.03" meanSpeedRelative="0.00" duration="2"/>
    <step time="48600.00" loaded="25130" inserted="25130" running="93" waiting="0" ended="25037" arrived="25037" collisions="0" teleports="0" halting="91" stopped="0" meanWaitingTime="40.72" meanTravelTime="117.28" meanSpeed="0.16" meanSpeedRelative="0.01" duration="1"/>
    <step time="48900.00" loaded="25145" inserted="25145" running="97" waiting="0" ended="25048" arrived="25048" collisions="0" teleports="0" halting="96" stopped="0" meanWaitingTime="40.69" meanTravelTime="117.24" meanSpeed="0.03" meanSpeedRelative="0.00" duration="2"/>
    <step time="49200.00" loaded="25154" inserted="25154" running="91" waiting="0" ended="25063" arrived="25063" collisions="0" teleports="0" halting="91" stopped="0" meanWaitingTime="40.68" meanTravelTime="117.21" meanSpeed="0.00" meanSpeedRelative="0.00" duration="2"/>
</summary>
