<?xml version="1.0" encoding="UTF-8"?>

<!-- generated on 2025-02-28 17:25:13 by Eclipse SUMO GUI Version 1.19.0
<configuration xmlns:xsi="http://www.w3.org/2001/XMLSchema-instance" xsi:noNamespaceSchemaLocation="http://sumo.dlr.de/xsd/sumoConfiguration.xsd">

    <input>
        <net-file value="Network.net.xml"/>
        <route-files value="CarRoutes.rou.xml"/>
        <additional-files value="Sensors.add.xml"/>
    </input>

    <output>
        <emission-output value="logs/Emissions.xml"/>
        <summary-output value="logs/Log_summary.xml"/>
        <summary-output.period value="300"/>
        <tripinfo-output value="logs/TripInfos.xml"/>
    </output>

    <time>
        <begin value="0"/>
        <end value="86400"/>
        <step-length value="0.25"/>
    </time>

    <processing>
        <ignore-junction-blocker value="0.1"/>
        <time-to-teleport value="-1"/>
    </processing>

    <report>
        <verbose value="true"/>
        <no-step-log value="true"/>
    </report>

    <emissions>
        <device.emissions.period value="10"/>
    </emissions>

    <traci_server>
        <remote-port value="57790"/>
    </traci_server>

    <gui_only>
        <quit-on-end value="true"/>
        <start value="true"/>
    </gui_only>

</configuration>
-->

<instantE1 xmlns:xsi="http://www.w3.org/2001/XMLSchema-instance" xsi:noNamespaceSchemaLocation="http://sumo.dlr.de/xsd/instant_e1_file.xsd">
    <instantOut id="235_D025" time="129.75" state="enter" vehID="Car_696" speed="8.46" length="5.00" type="DEFAULT_CAR"/>
    <instantOut id="235_D025" time="130.00" state="stay" vehID="Car_696" speed="8.46" length="5.00" type="DEFAULT_CAR"/>
    <instantOut id="235_D025" time="130.25" state="stay" vehID="Car_696" speed="7.71" length="5.00" type="DEFAULT_CAR"/>
    <instantOut id="235_D025" time="130.39" state="leave" vehID="Car_696" speed="6.96" length="5.00" type="DEFAULT_CAR" occupancy="0.64"/>
    <instantOut id="235_D025" time="929.75" state="enter" vehID="Car_502" speed="8.89" length="5.00" type="DEFAULT_CAR" gap="799.35"/>
    <instantOut id="235_D025" time="929.75" state="stay" vehID="Car_502" speed="8.89" length="5.00" type="DEFAULT_CAR"/>
    <instantOut id="235_D025" time="930.00" state="stay" vehID="Car_502" speed="8.14" length="5.00" type="DEFAULT_CAR"/>
    <instantOut id="235_D025" time="930.25" state="stay" vehID="Car_502" speed="7.39" length="5.00" type="DEFAULT_CAR"/>
    <instantOut id="235_D025" time="930.41" state="leave" vehID="Car_502" speed="6.92" length="5.00" type="DEFAULT_CAR" occupancy="0.66"/>
    <instantOut id="235_D025" time="4914.50" state="enter" vehID="Car_2038" speed="8.04" length="5.00" type="DEFAULT_CAR" gap="3984.10"/>
    <instantOut id="235_D025" time="4914.75" state="stay" vehID="Car_2038" speed="8.04" length="5.00" type="DEFAULT_CAR"/>
    <instantOut id="235_D025" time="4915.00" state="stay" vehID="Car_2038" speed="7.37" length="5.00" type="DEFAULT_CAR"/>
    <instantOut id="235_D025" time="4915.18" state="leave" vehID="Car_2038" speed="6.62" length="5.00" type="DEFAULT_CAR" occupancy="0.67"/>
    <instantOut id="235_D025" time="5485.22" state="enter" vehID="Car_2102" speed="9.90" length="5.00" type="DEFAULT_CAR" gap="570.04"/>
    <instantOut id="235_D025" time="5485.25" state="stay" vehID="Car_2102" speed="9.90" length="5.00" type="DEFAULT_CAR"/>
    <instantOut id="235_D025" time="5485.50" state="stay" vehID="Car_2102" speed="9.23" length="5.00" type="DEFAULT_CAR"/>
    <instantOut id="235_D025" time="5485.75" state="stay" vehID="Car_2102" speed="8.48" length="5.00" type="DEFAULT_CAR"/>
    <instantOut id="235_D025" time="5485.79" state="leave" vehID="Car_2102" speed="7.80" length="5.00" type="DEFAULT_CAR" occupancy="0.57"/>
    <instantOut id="235_D025" time="6003.99" state="enter" vehID="Car_2403" speed="9.47" length="5.00" type="DEFAULT_CAR" gap="518.20"/>
    <instantOut id="235_D025" time="6004.00" state="stay" vehID="Car_2403" speed="9.47" length="5.00" type="DEFAULT_CAR"/>
    <instantOut id="235_D025" time="6004.25" state="stay" vehID="Car_2403" speed="10.41" length="5.00" type="DEFAULT_CAR"/>
    <instantOut id="235_D025" time="6004.46" state="leave" vehID="Car_2403" speed="10.96" length="5.00" type="DEFAULT_CAR" occupancy="0.47"/>
    <instantOut id="235_D025" time="8544.53" state="enter" vehID="Car_3383" speed="7.47" length="5.00" type="DEFAULT_CAR" gap="2540.07"/>
    <instantOut id="235_D025" time="8544.75" state="stay" vehID="Car_3383" speed="7.47" length="5.00" type="DEFAULT_CAR"/>
    <instantOut id="235_D025" time="8545.00" state="stay" vehID="Car_3383" speed="6.72" length="5.00" type="DEFAULT_CAR"/>
    <instantOut id="235_D025" time="8545.25" state="stay" vehID="Car_3383" speed="5.97" length="5.00" type="DEFAULT_CAR"/>
    <instantOut id="235_D025" time="8545.28" state="leave" vehID="Car_3383" speed="5.22" length="5.00" type="DEFAULT_CAR" occupancy="0.75"/>
    <instantOut id="235_D025" time="8643.50" state="enter" vehID="Car_4272" speed="9.63" length="5.00" type="DEFAULT_CAR" gap="98.22"/>
    <instantOut id="235_D025" time="8643.75" state="stay" vehID="Car_4272" speed="9.63" length="5.00" type="DEFAULT_CAR"/>
    <instantOut id="235_D025" time="8644.00" state="stay" vehID="Car_4272" speed="8.88" length="5.00" type="DEFAULT_CAR"/>
    <instantOut id="235_D025" time="8644.05" state="leave" vehID="Car_4272" speed="8.13" length="5.00" type="DEFAULT_CAR" occupancy="0.55"/>
    <instantOut id="235_D025" time="11150.98" state="enter" vehID="Car_6552" speed="9.28" length="5.00" type="DEFAULT_CAR" gap="2506.93"/>
    <instantOut id="235_D025" time="11151.00" state="stay" vehID="Car_6552" speed="9.28" length="5.00" type="DEFAULT_CAR"/>
    <instantOut id="235_D025" time="11151.25" state="stay" vehID="Car_6552" speed="8.74" length="5.00" type="DEFAULT_CAR"/>
    <instantOut id="235_D025" time="11151.50" state="stay" vehID="Car_6552" speed="7.99" length="5.00" type="DEFAULT_CAR"/>
    <instantOut id="235_D025" time="11151.58" state="leave" vehID="Car_6552" speed="7.54" length="5.00" type="DEFAULT_CAR" occupancy="0.60"/>
    <instantOut id="235_D025" time="13516.97" state="enter" vehID="Car_7905" speed="9.79" length="5.00" type="DEFAULT_CAR" gap="2365.39"/>
    <instantOut id="235_D025" time="13517.00" state="stay" vehID="Car_7905" speed="9.79" length="5.00" type="DEFAULT_CAR"/>
    <instantOut id="235_D025" time="13517.25" state="stay" vehID="Car_7905" speed="10.54" length="5.00" type="DEFAULT_CAR"/>
    <instantOut id="235_D025" time="13517.43" state="leave" vehID="Car_7905" speed="11.22" length="5.00" type="DEFAULT_CAR" occupancy="0.46"/>
    <instantOut id="235_D025" time="15491.49" state="enter" vehID="Car_9168" speed="8.57" length="5.00" type="DEFAULT_CAR" gap="1974.05"/>
    <instantOut id="235_D025" time="15491.50" state="stay" vehID="Car_9168" speed="8.57" length="5.00" type="DEFAULT_CAR"/>
    <instantOut id="235_D025" time="15491.75" state="stay" vehID="Car_9168" speed="7.93" length="5.00" type="DEFAULT_CAR"/>
    <instantOut id="235_D025" time="15492.00" state="stay" vehID="Car_9168" speed="7.52" length="5.00" type="DEFAULT_CAR"/>
    <instantOut id="235_D025" time="15492.15" state="leave" vehID="Car_9168" speed="6.95" length="5.00" type="DEFAULT_CAR" occupancy="0.66"/>
    <instantOut id="235_D025" time="20603.72" state="enter" vehID="Car_12609" speed="10.19" length="5.00" type="DEFAULT_CAR" gap="5111.57"/>
    <instantOut id="235_D025" time="20603.75" state="stay" vehID="Car_12609" speed="10.19" length="5.00" type="DEFAULT_CAR"/>
    <instantOut id="235_D025" time="20604.00" state="stay" vehID="Car_12609" speed="10.94" length="5.00" type="DEFAULT_CAR"/>
    <instantOut id="235_D025" time="20604.17" state="leave" vehID="Car_12609" speed="11.71" length="5.00" type="DEFAULT_CAR" occupancy="0.45"/>
    <instantOut id="235_D025" time="20771.95" state="enter" vehID="Car_11956" speed="9.41" length="5.00" type="DEFAULT_CAR" gap="167.79"/>
    <instantOut id="235_D025" time="20772.00" state="stay" vehID="Car_11956" speed="9.41" length="5.00" type="DEFAULT_CAR"/>
    <instantOut id="235_D025" time="20772.25" state="stay" vehID="Car_11956" speed="9.34" length="5.00" type="DEFAULT_CAR"/>
    <instantOut id="235_D025" time="20772.50" state="stay" vehID="Car_11956" speed="8.77" length="5.00" type="DEFAULT_CAR"/>
    <instantOut id="235_D025" time="20772.51" state="leave" vehID="Car_11956" speed="8.02" length="5.00" type="DEFAULT_CAR" occupancy="0.55"/>
    <instantOut id="235_D025" time="21267.74" state="enter" vehID="Car_12842" speed="8.55" length="5.00" type="DEFAULT_CAR" gap="495.23"/>
    <instantOut id="235_D025" time="21267.75" state="stay" vehID="Car_12842" speed="8.55" length="5.00" type="DEFAULT_CAR"/>
    <instantOut id="235_D025" time="21268.00" state="stay" vehID="Car_12842" speed="8.32" length="5.00" type="DEFAULT_CAR"/>
    <instantOut id="235_D025" time="21268.25" state="stay" vehID="Car_12842" speed="7.57" length="5.00" type="DEFAULT_CAR"/>
    <instantOut id="235_D025" time="21268.39" state="leave" vehID="Car_12842" speed="6.82" length="5.00" type="DEFAULT_CAR" occupancy="0.65"/>
    <instantOut id="235_D025" time="22208.47" state="enter" vehID="Car_12080" speed="8.77" length="5.00" type="DEFAULT_CAR" gap="940.08"/>
    <instantOut id="235_D025" time="22208.50" state="stay" vehID="Car_12080" speed="8.77" length="5.00" type="DEFAULT_CAR"/>
    <instantOut id="235_D025" time="22208.75" state="stay" vehID="Car_12080" speed="8.02" length="5.00" type="DEFAULT_CAR"/>
    <instantOut id="235_D025" time="22209.00" state="stay" vehID="Car_12080" speed="7.30" length="5.00" type="DEFAULT_CAR"/>
    <instantOut id="235_D025" time="22209.14" state="leave" vehID="Car_12080" speed="6.55" length="5.00" type="DEFAULT_CAR" occupancy="0.67"/>
    <instantOut id="235_D025" time="22544.75" state="enter" vehID="Car_12590" speed="8.61" length="5.00" type="DEFAULT_CAR" gap="335.61"/>
    <instantOut id="235_D025" time="22544.75" state="stay" vehID="Car_12590" speed="8.61" length="5.00" type="DEFAULT_CAR"/>
    <instantOut id="235_D025" time="22545.00" state="stay" vehID="Car_12590" speed="8.24" length="5.00" type="DEFAULT_CAR"/>
    <instantOut id="235_D025" time="22545.25" state="stay" vehID="Car_12590" speed="7.56" length="5.00" type="DEFAULT_CAR"/>
    <instantOut id="235_D025" time="22545.40" state="leave" vehID="Car_12590" speed="6.81" length="5.00" type="DEFAULT_CAR" occupancy="0.65"/>
    <instantOut id="235_D025" time="24088.23" state="enter" vehID="Car_11822" speed="10.12" length="5.00" type="DEFAULT_CAR" gap="1542.83"/>
    <instantOut id="235_D025" time="24088.25" state="stay" vehID="Car_11822" speed="10.12" length="5.00" type="DEFAULT_CAR"/>
    <instantOut id="235_D025" time="24088.50" state="stay" vehID="Car_11822" speed="9.97" length="5.00" type="DEFAULT_CAR"/>
    <instantOut id="235_D025" time="24088.75" state="stay" vehID="Car_11822" speed="9.25" length="5.00" type="DEFAULT_CAR"/>
    <instantOut id="235_D025" time="24088.75" state="leave" vehID="Car_11822" speed="8.50" length="5.00" type="DEFAULT_CAR" occupancy="0.52"/>
    <instantOut id="235_D025" time="25290.28" state="enter" vehID="Car_15953" speed="8.51" length="5.00" type="DEFAULT_CAR" gap="1201.52"/>
    <instantOut id="235_D025" time="25290.50" state="stay" vehID="Car_15953" speed="8.51" length="5.00" type="DEFAULT_CAR"/>
    <instantOut id="235_D025" time="25290.75" state="stay" vehID="Car_15953" speed="7.76" length="5.00" type="DEFAULT_CAR"/>
    <instantOut id="235_D025" time="25290.91" state="leave" vehID="Car_15953" speed="7.01" length="5.00" type="DEFAULT_CAR" occupancy="0.64"/>
    <instantOut id="235_D025" time="25377.86" state="enter" vehID="Car_14682" speed="6.71" length="5.00" type="DEFAULT_CAR" gap="86.94"/>
    <instantOut id="235_D025" time="25378.00" state="stay" vehID="Car_14682" speed="6.71" length="5.00" type="DEFAULT_CAR"/>
    <instantOut id="235_D025" time="25378.25" state="stay" vehID="Car_14682" speed="5.96" length="5.00" type="DEFAULT_CAR"/>
    <instantOut id="235_D025" time="25378.50" state="stay" vehID="Car_14682" speed="5.21" length="5.00" type="DEFAULT_CAR"/>
    <instantOut id="235_D025" time="25378.75" state="stay" vehID="Car_14682" speed="4.46" length="5.00" type="DEFAULT_CAR"/>
    <instantOut id="235_D025" time="25378.78" state="leave" vehID="Car_14682" speed="3.71" length="5.00" type="DEFAULT_CAR" occupancy="0.93"/>
    <instantOut id="235_D025" time="27367.28" state="enter" vehID="Car_14689" speed="7.83" length="5.00" type="DEFAULT_CAR" gap="1988.50"/>
    <instantOut id="235_D025" time="27367.50" state="stay" vehID="Car_14689" speed="7.83" length="5.00" type="DEFAULT_CAR"/>
    <instantOut id="235_D025" time="27367.75" state="stay" vehID="Car_14689" speed="7.08" length="5.00" type="DEFAULT_CAR"/>
    <instantOut id="235_D025" time="27367.99" state="leave" vehID="Car_14689" speed="6.33" length="5.00" type="DEFAULT_CAR" occupancy="0.71"/>
    <instantOut id="235_D025" time="27562.49" state="enter" vehID="Car_16134" speed="9.05" length="5.00" type="DEFAULT_CAR" gap="194.50"/>
    <instantOut id="235_D025" time="27562.50" state="stay" vehID="Car_16134" speed="9.05" length="5.00" type="DEFAULT_CAR"/>
    <instantOut id="235_D025" time="27562.75" state="stay" vehID="Car_16134" speed="8.30" length="5.00" type="DEFAULT_CAR"/>
    <instantOut id="235_D025" time="27563.00" state="stay" vehID="Car_16134" speed="7.64" length="5.00" type="DEFAULT_CAR"/>
    <instantOut id="235_D025" time="27563.13" state="leave" vehID="Car_16134" speed="6.89" length="5.00" type="DEFAULT_CAR" occupancy="0.64"/>
    <instantOut id="235_D025" time="31481.94" state="enter" vehID="Car_18827" speed="10.61" length="5.00" type="DEFAULT_CAR" gap="3918.81"/>
    <instantOut id="235_D025" time="31482.00" state="stay" vehID="Car_18827" speed="10.61" length="5.00" type="DEFAULT_CAR"/>
    <instantOut id="235_D025" time="31482.25" state="stay" vehID="Car_18827" speed="9.86" length="5.00" type="DEFAULT_CAR"/>
    <instantOut id="235_D025" time="31482.46" state="leave" vehID="Car_18827" speed="9.16" length="5.00" type="DEFAULT_CAR" occupancy="0.52"/>
    <instantOut id="235_D025" time="35030.94" state="enter" vehID="Car_19767" speed="6.40" length="5.00" type="DEFAULT_CAR" gap="3548.47"/>
    <instantOut id="235_D025" time="35031.00" state="stay" vehID="Car_19767" speed="6.40" length="5.00" type="DEFAULT_CAR"/>
    <instantOut id="235_D025" time="35031.25" state="stay" vehID="Car_19767" speed="6.37" length="5.00" type="DEFAULT_CAR"/>
    <instantOut id="235_D025" time="35031.50" state="stay" vehID="Car_19767" speed="5.62" length="5.00" type="DEFAULT_CAR"/>
    <instantOut id="235_D025" time="35031.75" state="stay" vehID="Car_19767" speed="4.87" length="5.00" type="DEFAULT_CAR"/>
    <instantOut id="235_D025" time="35031.84" state="leave" vehID="Car_19767" speed="4.13" length="5.00" type="DEFAULT_CAR" occupancy="0.91"/>
    <instantOut id="235_D025" time="35435.74" state="enter" vehID="Car_21497" speed="9.30" length="5.00" type="DEFAULT_CAR" gap="403.89"/>
    <instantOut id="235_D025" time="35435.75" state="stay" vehID="Car_21497" speed="9.30" length="5.00" type="DEFAULT_CAR"/>
    <instantOut id="235_D025" time="35436.00" state="stay" vehID="Car_21497" speed="8.58" length="5.00" type="DEFAULT_CAR"/>
    <instantOut id="235_D025" time="35436.25" state="stay" vehID="Car_21497" speed="7.83" length="5.00" type="DEFAULT_CAR"/>
    <instantOut id="235_D025" time="35436.36" state="leave" vehID="Car_21497" speed="7.13" length="5.00" type="DEFAULT_CAR" occupancy="0.62"/>
    <instantOut id="235_D025" time="36464.96" state="enter" vehID="Car_21493" speed="9.11" length="5.00" type="DEFAULT_CAR" gap="1028.61"/>
    <instantOut id="235_D025" time="36465.00" state="stay" vehID="Car_21493" speed="9.11" length="5.00" type="DEFAULT_CAR"/>
    <instantOut id="235_D025" time="36465.25" state="stay" vehID="Car_21493" speed="8.36" length="5.00" type="DEFAULT_CAR"/>
    <instantOut id="235_D025" time="36465.50" state="stay" vehID="Car_21493" speed="7.78" length="5.00" type="DEFAULT_CAR"/>
    <instantOut id="235_D025" time="36465.59" state="leave" vehID="Car_21493" speed="7.03" length="5.00" type="DEFAULT_CAR" occupancy="0.63"/>
    <instantOut id="235_D025" time="37756.35" state="enter" vehID="Car_20829" speed="9.67" length="5.00" type="DEFAULT_CAR" gap="1290.75"/>
    <instantOut id="235_D025" time="37756.50" state="stay" vehID="Car_20829" speed="9.67" length="5.00" type="DEFAULT_CAR"/>
    <instantOut id="235_D025" time="37756.75" state="stay" vehID="Car_20829" speed="8.95" length="5.00" type="DEFAULT_CAR"/>
    <instantOut id="235_D025" time="37756.90" state="leave" vehID="Car_20829" speed="8.20" length="5.00" type="DEFAULT_CAR" occupancy="0.56"/>
    <instantOut id="235_D025" time="38893.25" state="enter" vehID="Car_23389" speed="9.45" length="5.00" type="DEFAULT_CAR" gap="1136.34"/>
    <instantOut id="235_D025" time="38893.25" state="stay" vehID="Car_23389" speed="9.45" length="5.00" type="DEFAULT_CAR"/>
    <instantOut id="235_D025" time="38893.50" state="stay" vehID="Car_23389" speed="10.01" length="5.00" type="DEFAULT_CAR"/>
    <instantOut id="235_D025" time="38893.75" state="stay" vehID="Car_23389" speed="9.47" length="5.00" type="DEFAULT_CAR"/>
    <instantOut id="235_D025" time="38893.76" state="leave" vehID="Car_23389" speed="8.72" length="5.00" type="DEFAULT_CAR" occupancy="0.51"/>
    <instantOut id="235_D025" time="40734.75" state="enter" vehID="Car_23296" speed="8.37" length="5.00" type="DEFAULT_CAR" gap="1840.99"/>
    <instantOut id="235_D025" time="40734.75" state="stay" vehID="Car_23296" speed="8.37" length="5.00" type="DEFAULT_CAR"/>
    <instantOut id="235_D025" time="40735.00" state="stay" vehID="Car_23296" speed="7.82" length="5.00" type="DEFAULT_CAR"/>
    <instantOut id="235_D025" time="40735.25" state="stay" vehID="Car_23296" speed="7.13" length="5.00" type="DEFAULT_CAR"/>
    <instantOut id="235_D025" time="40735.45" state="leave" vehID="Car_23296" speed="6.38" length="5.00" type="DEFAULT_CAR" occupancy="0.70"/>
    <instantOut id="235_D025" time="41675.50" state="enter" vehID="Car_23390" speed="8.69" length="5.00" type="DEFAULT_CAR" gap="940.05"/>
    <instantOut id="235_D025" time="41675.50" state="stay" vehID="Car_23390" speed="8.69" length="5.00" type="DEFAULT_CAR"/>
    <instantOut id="235_D025" time="41675.75" state="stay" vehID="Car_23390" speed="8.38" length="5.00" type="DEFAULT_CAR"/>
    <instantOut id="235_D025" time="41676.00" state="stay" vehID="Car_23390" speed="7.63" length="5.00" type="DEFAULT_CAR"/>
    <instantOut id="235_D025" time="41676.14" state="leave" vehID="Car_23390" speed="6.88" length="5.00" type="DEFAULT_CAR" occupancy="0.64"/>
    <instantOut id="235_D025" time="42195.20" state="enter" vehID="Car_24752" speed="9.60" length="5.00" type="DEFAULT_CAR" gap="519.06"/>
    <instantOut id="235_D025" time="42195.25" state="stay" vehID="Car_24752" speed="9.60" length="5.00" type="DEFAULT_CAR"/>
    <instantOut id="235_D025" time="42195.50" state="stay" vehID="Car_24752" speed="8.85" length="5.00" type="DEFAULT_CAR"/>
    <instantOut id="235_D025" time="42195.75" state="stay" vehID="Car_24752" speed="8.10" length="5.00" type="DEFAULT_CAR"/>
    <instantOut id="235_D025" time="42195.79" state="leave" vehID="Car_24752" speed="7.35" length="5.00" type="DEFAULT_CAR" occupancy="0.59"/>
</instantE1>
