<?xml version="1.0" encoding="UTF-8"?>

<!-- generated on 2025-02-28 15:17:08 by Eclipse SUMO GUI Version 1.19.0
<configuration xmlns:xsi="http://www.w3.org/2001/XMLSchema-instance" xsi:noNamespaceSchemaLocation="http://sumo.dlr.de/xsd/sumoConfiguration.xsd">

    <input>
        <net-file value="Network.net.xml"/>
        <route-files value="CarRoutes.rou.xml"/>
        <additional-files value="Sensors.add.xml"/>
    </input>

    <output>
        <emission-output value="logs/Emissions.xml"/>
        <summary-output value="logs/Log_summary.xml"/>
        <summary-output.period value="300"/>
        <tripinfo-output value="logs/TripInfos.xml"/>
    </output>

    <time>
        <begin value="0"/>
        <end value="86400"/>
        <step-length value="0.25"/>
    </time>

    <processing>
        <ignore-junction-blocker value="0.1"/>
        <time-to-teleport value="-1"/>
    </processing>

    <report>
        <verbose value="true"/>
        <no-step-log value="true"/>
    </report>

    <emissions>
        <device.emissions.period value="10"/>
    </emissions>

    <traci_server>
        <remote-port value="56330"/>
    </traci_server>

    <gui_only>
        <quit-on-end value="true"/>
        <start value="true"/>
    </gui_only>

</configuration>
-->

<summary xmlns:xsi="http://www.w3.org/2001/XMLSchema-instance" xsi:noNamespaceSchemaLocation="http://sumo.dlr.de/xsd/summary_file.xsd">
    <step time="0.00" loaded="0" inserted="0" running="0" waiting="0" ended="0" arrived="0" collisions="0" teleports="0" halting="0" stopped="0" meanWaitingTime="-1.00" meanTravelTime="-1.00" meanSpeed="-1.00" meanSpeedRelative="-1.00" duration="0"/>
    <step time="300.00" loaded="211" inserted="198" running="92" waiting="13" ended="106" arrived="106" collisions="0" teleports="0" halting="47" stopped="0" meanWaitingTime="13.28" meanTravelTime="81.16" meanSpeed="3.46" meanSpeedRelative="0.25" duration="3"/>
    <step time="600.00" loaded="374" inserted="364" running="65" waiting="10" ended="299" arrived="299" collisions="0" teleports="0" halting="29" stopped="0" meanWaitingTime="12.79" meanTravelTime="114.89" meanSpeed="4.75" meanSpeedRelative="0.34" duration="3"/>
    <step time="900.00" loaded="530" inserted="522" running="56" waiting="8" ended="466" arrived="466" collisions="0" teleports="0" halting="29" stopped="0" meanWaitingTime="11.79" meanTravelTime="111.38" meanSpeed="3.69" meanSpeedRelative="0.27" duration="2"/>
    <step time="1200.00" loaded="702" inserted="687" running="53" waiting="15" ended="634" arrived="634" collisions="0" teleports="0" halting="7" stopped="0" meanWaitingTime="14.77" meanTravelTime="112.89" meanSpeed="7.91" meanSpeedRelative="0.57" duration="2"/>
    <step time="1500.00" loaded="868" inserted="848" running="63" waiting="20" ended="785" arrived="785" collisions="0" teleports="0" halting="13" stopped="0" meanWaitingTime="16.28" meanTravelTime="109.33" meanSpeed="5.10" meanSpeedRelative="0.37" duration="2"/>
    <step time="1800.00" loaded="1030" inserted="1013" running="65" waiting="17" ended="948" arrived="948" collisions="0" teleports="0" halting="20" stopped="0" meanWaitingTime="19.47" meanTravelTime="107.93" meanSpeed="4.56" meanSpeedRelative="0.33" duration="3"/>
    <step time="2100.00" loaded="1192" inserted="1177" running="60" waiting="15" ended="1117" arrived="1117" collisions="0" teleports="0" halting="38" stopped="0" meanWaitingTime="18.26" meanTravelTime="108.69" meanSpeed="3.23" meanSpeedRelative="0.23" duration="3"/>
    <step time="2400.00" loaded="1335" inserted="1319" running="41" waiting="16" ended="1278" arrived="1278" collisions="0" teleports="0" halting="21" stopped="0" meanWaitingTime="18.32" meanTravelTime="108.80" meanSpeed="3.27" meanSpeedRelative="0.24" duration="2"/>
    <step time="2700.00" loaded="1478" inserted="1468" running="42" waiting="10" ended="1426" arrived="1426" collisions="0" teleports="0" halting="9" stopped="0" meanWaitingTime="18.48" meanTravelTime="107.37" meanSpeed="7.31" meanSpeedRelative="0.53" duration="2"/>
    <step time="3000.00" loaded="1638" inserted="1631" running="52" waiting="7" ended="1579" arrived="1579" collisions="0" teleports="0" halting="29" stopped="0" meanWaitingTime="18.34" meanTravelTime="105.21" meanSpeed="3.48" meanSpeedRelative="0.25" duration="2"/>
    <step time="3300.00" loaded="1810" inserted="1794" running="68" waiting="16" ended="1726" arrived="1726" collisions="0" teleports="0" halting="9" stopped="0" meanWaitingTime="18.57" meanTravelTime="105.81" meanSpeed="6.16" meanSpeedRelative="0.44" duration="2"/>
    <step time="3600.00" loaded="1942" inserted="1942" running="41" waiting="0" ended="1901" arrived="1901" collisions="0" teleports="0" halting="14" stopped="0" meanWaitingTime="18.32" meanTravelTime="107.18" meanSpeed="5.21" meanSpeedRelative="0.38" duration="2"/>
    <step time="3900.00" loaded="2107" inserted="2107" running="76" waiting="0" ended="2031" arrived="2031" collisions="0" teleports="0" halting="26" stopped="0" meanWaitingTime="17.03" meanTravelTime="106.13" meanSpeed="3.16" meanSpeedRelative="0.23" duration="3"/>
    <step time="4200.00" loaded="2237" inserted="2237" running="44" waiting="0" ended="2193" arrived="2193" collisions="0" teleports="0" halting="5" stopped="0" meanWaitingTime="17.06" meanTravelTime="108.77" meanSpeed="5.98" meanSpeedRelative="0.43" duration="2"/>
    <step time="4500.00" loaded="2417" inserted="2416" running="75" waiting="1" ended="2341" arrived="2341" collisions="0" teleports="0" halting="32" stopped="0" meanWaitingTime="16.24" meanTravelTime="107.87" meanSpeed="4.38" meanSpeedRelative="0.32" duration="3"/>
    <step time="4800.00" loaded="2577" inserted="2571" running="39" waiting="6" ended="2532" arrived="2532" collisions="0" teleports="0" halting="14" stopped="0" meanWaitingTime="15.52" meanTravelTime="107.69" meanSpeed="5.11" meanSpeedRelative="0.37" duration="0"/>
    <step time="5100.00" loaded="2743" inserted="2734" running="54" waiting="9" ended="2680" arrived="2680" collisions="0" teleports="0" halting="6" stopped="0" meanWaitingTime="16.20" meanTravelTime="106.63" meanSpeed="6.96" meanSpeedRelative="0.50" duration="3"/>
    <step time="5400.00" loaded="2894" inserted="2892" running="46" waiting="2" ended="2846" arrived="2846" collisions="0" teleports="0" halting="9" stopped="0" meanWaitingTime="15.68" meanTravelTime="106.15" meanSpeed="6.04" meanSpeedRelative="0.43" duration="2"/>
    <step time="5700.00" loaded="3080" inserted="3065" running="67" waiting="15" ended="2998" arrived="2998" collisions="0" teleports="0" halting="28" stopped="0" meanWaitingTime="15.13" meanTravelTime="105.59" meanSpeed="4.91" meanSpeedRelative="0.35" duration="2"/>
    <step time="6000.00" loaded="3205" inserted="3202" running="35" waiting="3" ended="3167" arrived="3167" collisions="0" teleports="0" halting="14" stopped="0" meanWaitingTime="15.21" meanTravelTime="106.62" meanSpeed="4.59" meanSpeedRelative="0.33" duration="2"/>
    <step time="6300.00" loaded="3368" inserted="3351" running="65" waiting="17" ended="3286" arrived="3286" collisions="0" teleports="0" halting="19" stopped="0" meanWaitingTime="15.27" meanTravelTime="106.97" meanSpeed="5.52" meanSpeedRelative="0.40" duration="3"/>
    <step time="6600.00" loaded="3528" inserted="3520" running="50" waiting="8" ended="3470" arrived="3470" collisions="0" teleports="0" halting="19" stopped="0" meanWaitingTime="15.42" meanTravelTime="106.75" meanSpeed="5.25" meanSpeedRelative="0.38" duration="2"/>
    <step time="6900.00" loaded="3713" inserted="3695" running="65" waiting="18" ended="3630" arrived="3630" collisions="0" teleports="0" halting="24" stopped="0" meanWaitingTime="15.52" meanTravelTime="106.33" meanSpeed="4.23" meanSpeedRelative="0.32" duration="1"/>
    <step time="7200.00" loaded="3872" inserted="3853" running="57" waiting="19" ended="3796" arrived="3796" collisions="0" teleports="0" halting="21" stopped="0" meanWaitingTime="16.05" meanTravelTime="106.74" meanSpeed="5.04" meanSpeedRelative="0.36" duration="2"/>
    <step time="7500.00" loaded="4021" inserted="4009" running="42" waiting="12" ended="3967" arrived="3967" collisions="0" teleports="0" halting="19" stopped="0" meanWaitingTime="16.71" meanTravelTime="106.47" meanSpeed="4.35" meanSpeedRelative="0.31" duration="1"/>
    <step time="7800.00" loaded="4175" inserted="4152" running="35" waiting="23" ended="4117" arrived="4117" collisions="0" teleports="0" halting="11" stopped="0" meanWaitingTime="17.20" meanTravelTime="105.91" meanSpeed="5.23" meanSpeedRelative="0.38" duration="1"/>
    <step time="8100.00" loaded="4345" inserted="4332" running="51" waiting="13" ended="4281" arrived="4281" collisions="0" teleports="0" halting="19" stopped="0" meanWaitingTime="18.27" meanTravelTime="105.11" meanSpeed="4.47" meanSpeedRelative="0.32" duration="3"/>
    <step time="8400.00" loaded="4526" inserted="4522" running="49" waiting="4" ended="4473" arrived="4473" collisions="0" teleports="0" halting="10" stopped="0" meanWaitingTime="18.18" meanTravelTime="104.55" meanSpeed="6.49" meanSpeedRelative="0.47" duration="1"/>
    <step time="8700.00" loaded="4695" inserted="4690" running="62" waiting="5" ended="4628" arrived="4628" collisions="0" teleports="0" halting="17" stopped="0" meanWaitingTime="17.99" meanTravelTime="103.93" meanSpeed="6.11" meanSpeedRelative="0.44" duration="1"/>
    <step time="9000.00" loaded="4881" inserted="4864" running="67" waiting="17" ended="4797" arrived="4797" collisions="0" teleports="0" halting="15" stopped="0" meanWaitingTime="17.83" meanTravelTime="103.56" meanSpeed="5.08" meanSpeedRelative="0.37" duration="2"/>
    <step time="9300.00" loaded="5064" inserted="5044" running="59" waiting="20" ended="4985" arrived="4985" collisions="0" teleports="0" halting="20" stopped="0" meanWaitingTime="17.85" meanTravelTime="103.75" meanSpeed="5.31" meanSpeedRelative="0.38" duration="2"/>
    <step time="9600.00" loaded="5233" inserted="5223" running="58" waiting="10" ended="5165" arrived="5165" collisions="0" teleports="0" halting="16" stopped="0" meanWaitingTime="18.38" meanTravelTime="103.46" meanSpeed="6.74" meanSpeedRelative="0.49" duration="1"/>
    <step time="9900.00" loaded="5376" inserted="5360" running="42" waiting="16" ended="5318" arrived="5318" collisions="0" teleports="0" halting="11" stopped="0" meanWaitingTime="18.24" meanTravelTime="103.48" meanSpeed="5.44" meanSpeedRelative="0.39" duration="2"/>
    <step time="10200.00" loaded="5545" inserted="5536" running="67" waiting="9" ended="5469" arrived="5469" collisions="0" teleports="0" halting="13" stopped="0" meanWaitingTime="18.48" meanTravelTime="103.47" meanSpeed="4.69" meanSpeedRelative="0.34" duration="3"/>
    <step time="10500.00" loaded="5726" inserted="5715" running="65" waiting="11" ended="5650" arrived="5650" collisions="0" teleports="0" halting="12" stopped="0" meanWaitingTime="18.33" meanTravelTime="103.51" meanSpeed="5.92" meanSpeedRelative="0.43" duration="3"/>
    <step time="10800.00" loaded="5897" inserted="5890" running="62" waiting="7" ended="5828" arrived="5828" collisions="0" teleports="0" halting="12" stopped="0" meanWaitingTime="18.36" meanTravelTime="103.72" meanSpeed="6.02" meanSpeedRelative="0.43" duration="2"/>
    <step time="11100.00" loaded="6072" inserted="6054" running="55" waiting="18" ended="5999" arrived="5999" collisions="0" teleports="0" halting="22" stopped="0" meanWaitingTime="18.38" meanTravelTime="103.76" meanSpeed="3.45" meanSpeedRelative="0.25" duration="3"/>
    <step time="11400.00" loaded="6247" inserted="6212" running="58" waiting="35" ended="6154" arrived="6154" collisions="0" teleports="0" halting="13" stopped="0" meanWaitingTime="19.01" meanTravelTime="104.20" meanSpeed="6.02" meanSpeedRelative="0.43" duration="2"/>
    <step time="11700.00" loaded="6392" inserted="6368" running="60" waiting="24" ended="6308" arrived="6308" collisions="0" teleports="0" halting="15" stopped="0" meanWaitingTime="20.06" meanTravelTime="104.12" meanSpeed="4.72" meanSpeedRelative="0.34" duration="2"/>
    <step time="12000.00" loaded="6569" inserted="6562" running="67" waiting="7" ended="6495" arrived="6495" collisions="0" teleports="0" halting="15" stopped="0" meanWaitingTime="20.19" meanTravelTime="104.57" meanSpeed="4.97" meanSpeedRelative="0.36" duration="2"/>
    <step time="12300.00" loaded="6742" inserted="6742" running="69" waiting="0" ended="6673" arrived="6673" collisions="0" teleports="0" halting="29" stopped="0" meanWaitingTime="19.87" meanTravelTime="104.91" meanSpeed="3.88" meanSpeedRelative="0.28" duration="2"/>
    <step time="12600.00" loaded="6910" inserted="6890" running="51" waiting="20" ended="6839" arrived="6839" collisions="0" teleports="0" halting="23" stopped="0" meanWaitingTime="19.66" meanTravelTime="104.94" meanSpeed="4.08" meanSpeedRelative="0.29" duration="2"/>
    <step time="12900.00" loaded="7076" inserted="7062" running="62" waiting="14" ended="7000" arrived="7000" collisions="0" teleports="0" halting="21" stopped="0" meanWaitingTime="19.84" meanTravelTime="104.99" meanSpeed="4.74" meanSpeedRelative="0.34" duration="2"/>
    <step time="13200.00" loaded="7250" inserted="7229" running="73" waiting="21" ended="7156" arrived="7156" collisions="0" teleports="0" halting="15" stopped="0" meanWaitingTime="19.92" meanTravelTime="105.05" meanSpeed="5.70" meanSpeedRelative="0.41" duration="4"/>
    <step time="13500.00" loaded="7427" inserted="7419" running="78" waiting="8" ended="7341" arrived="7341" collisions="0" teleports="0" halting="26" stopped="0" meanWaitingTime="19.86" meanTravelTime="105.66" meanSpeed="3.72" meanSpeedRelative="0.27" duration="2"/>
    <step time="13800.00" loaded="7621" inserted="7604" running="72" waiting="17" ended="7532" arrived="7532" collisions="0" teleports="0" halting="16" stopped="0" meanWaitingTime="19.94" meanTravelTime="105.95" meanSpeed="5.78" meanSpeedRelative="0.42" duration="2"/>
    <step time="14100.00" loaded="7780" inserted="7776" running="65" waiting="4" ended="7711" arrived="7711" collisions="0" teleports="0" halting="18" stopped="0" meanWaitingTime="19.99" meanTravelTime="106.12" meanSpeed="5.93" meanSpeedRelative="0.43" duration="3"/>
    <step time="14400.00" loaded="7917" inserted="7907" running="49" waiting="10" ended="7858" arrived="7858" collisions="0" teleports="0" halting="14" stopped="0" meanWaitingTime="20.16" meanTravelTime="106.10" meanSpeed="6.05" meanSpeedRelative="0.44" duration="2"/>
    <step time="14700.00" loaded="8112" inserted="8096" running="59" waiting="16" ended="8037" arrived="8037" collisions="0" teleports="0" halting="8" stopped="0" meanWaitingTime="20.10" meanTravelTime="105.70" meanSpeed="6.03" meanSpeedRelative="0.45" duration="3"/>
    <step time="15000.00" loaded="8269" inserted="8264" running="98" waiting="5" ended="8166" arrived="8166" collisions="0" teleports="0" halting="16" stopped="0" meanWaitingTime="19.88" meanTravelTime="105.88" meanSpeed="4.45" meanSpeedRelative="0.32" duration="2"/>
    <step time="15300.00" loaded="8431" inserted="8396" running="57" waiting="35" ended="8339" arrived="8339" collisions="0" teleports="0" halting="21" stopped="0" meanWaitingTime="20.04" meanTravelTime="107.07" meanSpeed="5.40" meanSpeedRelative="0.39" duration="2"/>
    <step time="15600.00" loaded="8595" inserted="8585" running="63" waiting="10" ended="8522" arrived="8522" collisions="0" teleports="0" halting="17" stopped="0" meanWaitingTime="20.81" meanTravelTime="106.68" meanSpeed="6.25" meanSpeedRelative="0.45" duration="3"/>
    <step time="15900.00" loaded="8785" inserted="8774" running="87" waiting="11" ended="8687" arrived="8687" collisions="0" teleports="0" halting="27" stopped="0" meanWaitingTime="21.09" meanTravelTime="106.39" meanSpeed="4.18" meanSpeedRelative="0.30" duration="3"/>
    <step time="16200.00" loaded="8974" inserted="8941" running="60" waiting="33" ended="8881" arrived="8881" collisions="0" teleports="0" halting="16" stopped="0" meanWaitingTime="21.32" meanTravelTime="106.80" meanSpeed="5.85" meanSpeedRelative="0.42" duration="3"/>
    <step time="16500.00" loaded="9139" inserted="9124" running="57" waiting="15" ended="9067" arrived="9067" collisions="0" teleports="0" halting="20" stopped="0" meanWaitingTime="21.88" meanTravelTime="106.49" meanSpeed="5.38" meanSpeedRelative="0.39" duration="2"/>
    <step time="16800.00" loaded="9324" inserted="9285" running="67" waiting="39" ended="9218" arrived="9218" collisions="0" teleports="0" halting="14" stopped="0" meanWaitingTime="22.19" meanTravelTime="106.66" meanSpeed="5.35" meanSpeedRelative="0.40" duration="1"/>
    <step time="17100.00" loaded="9495" inserted="9465" running="54" waiting="30" ended="9411" arrived="9411" collisions="0" teleports="0" halting="7" stopped="0" meanWaitingTime="22.87" meanTravelTime="106.72" meanSpeed="6.56" meanSpeedRelative="0.47" duration="2"/>
    <step time="17400.00" loaded="9674" inserted="9649" running="75" waiting="25" ended="9574" arrived="9574" collisions="0" teleports="0" halting="35" stopped="0" meanWaitingTime="23.53" meanTravelTime="106.61" meanSpeed="3.85" meanSpeedRelative="0.28" duration="2"/>
    <step time="17700.00" loaded="9849" inserted="9820" running="79" waiting="29" ended="9741" arrived="9741" collisions="0" teleports="0" halting="21" stopped="0" meanWaitingTime="23.92" meanTravelTime="106.82" meanSpeed="5.12" meanSpeedRelative="0.37" duration="3"/>
    <step time="18000.00" loaded="10014" inserted="9993" running="77" waiting="21" ended="9916" arrived="9916" collisions="0" teleports="0" halting="28" stopped="0" meanWaitingTime="24.46" meanTravelTime="107.37" meanSpeed="5.43" meanSpeedRelative="0.39" duration="3"/>
    <step time="18300.00" loaded="10201" inserted="10167" running="45" waiting="34" ended="10122" arrived="10122" collisions="0" teleports="0" halting="14" stopped="0" meanWaitingTime="24.66" meanTravelTime="107.69" meanSpeed="5.17" meanSpeedRelative="0.37" duration="2"/>
    <step time="18600.00" loaded="10360" inserted="10327" running="65" waiting="33" ended="10262" arrived="10262" collisions="0" teleports="0" halting="24" stopped="0" meanWaitingTime="25.26" meanTravelTime="107.55" meanSpeed="4.85" meanSpeedRelative="0.35" duration="1"/>
    <step time="18900.00" loaded="10543" inserted="10509" running="68" waiting="34" ended="10441" arrived="10441" collisions="0" teleports="0" halting="12" stopped="0" meanWaitingTime="25.70" meanTravelTime="107.72" meanSpeed="7.15" meanSpeedRelative="0.52" duration="3"/>
    <step time="19200.00" loaded="10717" inserted="10691" running="63" waiting="26" ended="10628" arrived="10628" collisions="0" teleports="0" halting="38" stopped="0" meanWaitingTime="26.02" meanTravelTime="107.71" meanSpeed="3.78" meanSpeedRelative="0.27" duration="2"/>
    <step time="19500.00" loaded="10925" inserted="10900" running="92" waiting="25" ended="10808" arrived="10808" collisions="0" teleports="0" halting="29" stopped="0" meanWaitingTime="26.30" meanTravelTime="107.91" meanSpeed="3.69" meanSpeedRelative="0.27" duration="3"/>
    <step time="19800.00" loaded="11103" inserted="11074" running="82" waiting="29" ended="10992" arrived="10992" collisions="0" teleports="0" halting="40" stopped="0" meanWaitingTime="26.64" meanTravelTime="108.19" meanSpeed="3.46" meanSpeedRelative="0.25" duration="3"/>
    <step time="20100.00" loaded="11301" inserted="11273" running="90" waiting="28" ended="11183" arrived="11183" collisions="0" teleports="0" halting="23" stopped="0" meanWaitingTime="27.05" meanTravelTime="108.63" meanSpeed="5.16" meanSpeedRelative="0.38" duration="4"/>
    <step time="20400.00" loaded="11468" inserted="11440" running="71" waiting="28" ended="11369" arrived="11369" collisions="0" teleports="0" halting="20" stopped="0" meanWaitingTime="27.51" meanTravelTime="108.75" meanSpeed="5.28" meanSpeedRelative="0.38" duration="3"/>
    <step time="20700.00" loaded="11645" inserted="11621" running="69" waiting="24" ended="11552" arrived="11552" collisions="0" teleports="0" halting="29" stopped="0" meanWaitingTime="27.80" meanTravelTime="108.82" meanSpeed="3.87" meanSpeedRelative="0.28" duration="3"/>
    <step time="21000.00" loaded="11831" inserted="11816" running="65" waiting="15" ended="11751" arrived="11751" collisions="0" teleports="0" halting="28" stopped="0" meanWaitingTime="28.06" meanTravelTime="108.80" meanSpeed="4.15" meanSpeedRelative="0.30" duration="3"/>
    <step time="21300.00" loaded="11990" inserted="11972" running="56" waiting="18" ended="11916" arrived="11916" collisions="0" teleports="0" halting="14" stopped="0" meanWaitingTime="28.16" meanTravelTime="108.85" meanSpeed="6.46" meanSpeedRelative="0.47" duration="3"/>
    <step time="21600.00" loaded="12210" inserted="12176" running="89" waiting="34" ended="12087" arrived="12087" collisions="0" teleports="0" halting="15" stopped="0" meanWaitingTime="28.40" meanTravelTime="108.66" meanSpeed="5.92" meanSpeedRelative="0.43" duration="3"/>
    <step time="21900.00" loaded="12394" inserted="12367" running="80" waiting="27" ended="12287" arrived="12287" collisions="0" teleports="0" halting="31" stopped="0" meanWaitingTime="28.55" meanTravelTime="108.72" meanSpeed="3.97" meanSpeedRelative="0.29" duration="4"/>
    <step time="22200.00" loaded="12583" inserted="12545" running="83" waiting="38" ended="12462" arrived="12462" collisions="0" teleports="0" halting="35" stopped="0" meanWaitingTime="28.75" meanTravelTime="108.57" meanSpeed="3.68" meanSpeedRelative="0.27" duration="3"/>
    <step time="22500.00" loaded="12763" inserted="12713" running="66" waiting="50" ended="12647" arrived="12647" collisions="0" teleports="0" halting="25" stopped="0" meanWaitingTime="29.22" meanTravelTime="109.49" meanSpeed="4.95" meanSpeedRelative="0.36" duration="2"/>
    <step time="22800.00" loaded="12958" inserted="12945" running="93" waiting="13" ended="12852" arrived="12852" collisions="0" teleports="0" halting="53" stopped="0" meanWaitingTime="29.62" meanTravelTime="109.63" meanSpeed="2.64" meanSpeedRelative="0.19" duration="3"/>
    <step time="23100.00" loaded="13147" inserted="13129" running="96" waiting="18" ended="13033" arrived="13033" collisions="0" teleports="0" halting="31" stopped="0" meanWaitingTime="29.65" meanTravelTime="110.13" meanSpeed="4.78" meanSpeedRelative="0.34" duration="4"/>
    <step time="23400.00" loaded="13336" inserted="13309" running="64" waiting="27" ended="13245" arrived="13245" collisions="0" teleports="0" halting="16" stopped="0" meanWaitingTime="29.75" meanTravelTime="110.30" meanSpeed="5.69" meanSpeedRelative="0.41" duration="3"/>
    <step time="23700.00" loaded="13564" inserted="13522" running="79" waiting="42" ended="13443" arrived="13443" collisions="0" teleports="0" halting="35" stopped="0" meanWaitingTime="29.88" meanTravelTime="110.12" meanSpeed="3.61" meanSpeedRelative="0.26" duration="1"/>
    <step time="24000.00" loaded="13739" inserted="13702" running="68" waiting="37" ended="13634" arrived="13634" collisions="0" teleports="0" halting="22" stopped="0" meanWaitingTime="30.21" meanTravelTime="110.22" meanSpeed="4.77" meanSpeedRelative="0.34" duration="1"/>
    <step time="24300.00" loaded="13948" inserted="13911" running="109" waiting="37" ended="13802" arrived="13802" collisions="0" teleports="0" halting="70" stopped="0" meanWaitingTime="30.58" meanTravelTime="110.22" meanSpeed="2.47" meanSpeedRelative="0.18" duration="4"/>
    <step time="24600.00" loaded="14170" inserted="14133" running="93" waiting="37" ended="14040" arrived="14040" collisions="0" teleports="0" halting="48" stopped="0" meanWaitingTime="30.84" meanTravelTime="110.71" meanSpeed="3.08" meanSpeedRelative="0.22" duration="3"/>
    <step time="24900.00" loaded="14384" inserted="14349" running="76" waiting="35" ended="14273" arrived="14273" collisions="0" teleports="0" halting="41" stopped="0" meanWaitingTime="31.24" meanTravelTime="111.07" meanSpeed="3.41" meanSpeedRelative="0.25" duration="3"/>
    <step time="25200.00" loaded="14580" inserted="14536" running="69" waiting="44" ended="14467" arrived="14467" collisions="0" teleports="0" halting="21" stopped="0" meanWaitingTime="31.42" meanTravelTime="111.04" meanSpeed="5.84" meanSpeedRelative="0.43" duration="2"/>
    <step time="25500.00" loaded="14753" inserted="14731" running="67" waiting="22" ended="14664" arrived="14664" collisions="0" teleports="0" halting="34" stopped="0" meanWaitingTime="31.73" meanTravelTime="111.22" meanSpeed="3.99" meanSpeedRelative="0.29" duration="2"/>
    <step time="25800.00" loaded="14985" inserted="14954" running="82" waiting="31" ended="14872" arrived="14872" collisions="0" teleports="0" halting="30" stopped="0" meanWaitingTime="31.70" meanTravelTime="111.07" meanSpeed="4.07" meanSpeedRelative="0.29" duration="2"/>
    <step time="26100.00" loaded="15196" inserted="15163" running="75" waiting="33" ended="15088" arrived="15088" collisions="0" teleports="0" halting="30" stopped="0" meanWaitingTime="31.89" meanTravelTime="111.13" meanSpeed="3.82" meanSpeedRelative="0.28" duration="1"/>
    <step time="26400.00" loaded="15390" inserted="15349" running="69" waiting="41" ended="15280" arrived="15280" collisions="0" teleports="0" halting="36" stopped="0" meanWaitingTime="32.13" meanTravelTime="111.25" meanSpeed="3.93" meanSpeedRelative="0.28" duration="3"/>
    <step time="26700.00" loaded="15605" inserted="15577" running="96" waiting="28" ended="15481" arrived="15481" collisions="0" teleports="0" halting="18" stopped="0" meanWaitingTime="32.56" meanTravelTime="111.07" meanSpeed="5.32" meanSpeedRelative="0.38" duration="4"/>
    <step time="27000.00" loaded="15823" inserted="15785" running="98" waiting="38" ended="15687" arrived="15687" collisions="0" teleports="0" halting="29" stopped="0" meanWaitingTime="32.76" meanTravelTime="111.18" meanSpeed="4.51" meanSpeedRelative="0.33" duration="3"/>
    <step time="27300.00" loaded="16046" inserted="16008" running="107" waiting="38" ended="15901" arrived="15901" collisions="0" teleports="0" halting="38" stopped="0" meanWaitingTime="33.03" meanTravelTime="111.10" meanSpeed="3.81" meanSpeedRelative="0.27" duration="4"/>
    <step time="27600.00" loaded="16244" inserted="16205" running="101" waiting="39" ended="16104" arrived="16104" collisions="0" teleports="0" halting="70" stopped="0" meanWaitingTime="33.21" meanTravelTime="111.43" meanSpeed="2.10" meanSpeedRelative="0.15" duration="3"/>
    <step time="27900.00" loaded="16450" inserted="16416" running="95" waiting="34" ended="16321" arrived="16321" collisions="0" teleports="0" halting="40" stopped="0" meanWaitingTime="33.46" meanTravelTime="111.87" meanSpeed="4.06" meanSpeedRelative="0.29" duration="2"/>
    <step time="28200.00" loaded="16677" inserted="16652" running="82" waiting="25" ended="16570" arrived="16570" collisions="0" teleports="0" halting="18" stopped="0" meanWaitingTime="33.68" meanTravelTime="112.27" meanSpeed="4.81" meanSpeedRelative="0.35" duration="3"/>
    <step time="28500.00" loaded="16877" inserted="16848" running="64" waiting="29" ended="16784" arrived="16784" collisions="0" teleports="0" halting="19" stopped="0" meanWaitingTime="33.77" meanTravelTime="112.34" meanSpeed="6.00" meanSpeedRelative="0.43" duration="2"/>
    <step time="28800.00" loaded="17087" inserted="17053" running="73" waiting="34" ended="16980" arrived="16980" collisions="0" teleports="0" halting="26" stopped="0" meanWaitingTime="33.79" meanTravelTime="112.16" meanSpeed="3.74" meanSpeedRelative="0.27" duration="3"/>
    <step time="29100.00" loaded="17313" inserted="17278" running="110" waiting="35" ended="17168" arrived="17168" collisions="0" teleports="0" halting="48" stopped="0" meanWaitingTime="33.87" meanTravelTime="112.42" meanSpeed="2.79" meanSpeedRelative="0.20" duration="5"/>
    <step time="29400.00" loaded="17514" inserted="17457" running="101" waiting="57" ended="17356" arrived="17356" collisions="0" teleports="0" halting="26" stopped="0" meanWaitingTime="34.10" meanTravelTime="113.00" meanSpeed="4.28" meanSpeedRelative="0.31" duration="4"/>
    <step time="29700.00" loaded="17693" inserted="17634" running="73" waiting="59" ended="17561" arrived="17561" collisions="0" teleports="0" halting="25" stopped="0" meanWaitingTime="34.32" meanTravelTime="113.54" meanSpeed="4.09" meanSpeedRelative="0.29" duration="3"/>
    <step time="30000.00" loaded="17868" inserted="17821" running="74" waiting="47" ended="17747" arrived="17747" collisions="0" teleports="0" halting="43" stopped="0" meanWaitingTime="35.12" meanTravelTime="113.62" meanSpeed="2.77" meanSpeedRelative="0.21" duration="3"/>
    <step time="30300.00" loaded="18067" inserted="18017" running="78" waiting="50" ended="17939" arrived="17939" collisions="0" teleports="0" halting="36" stopped="0" meanWaitingTime="35.71" meanTravelTime="113.73" meanSpeed="3.27" meanSpeedRelative="0.24" duration="3"/>
    <step time="30600.00" loaded="18280" inserted="18236" running="97" waiting="44" ended="18139" arrived="18139" collisions="0" teleports="0" halting="52" stopped="0" meanWaitingTime="36.17" meanTravelTime="113.81" meanSpeed="4.03" meanSpeedRelative="0.29" duration="3"/>
    <step time="30900.00" loaded="18501" inserted="18459" running="110" waiting="42" ended="18349" arrived="18349" collisions="0" teleports="0" halting="43" stopped="0" meanWaitingTime="36.43" meanTravelTime="113.90" meanSpeed="3.17" meanSpeedRelative="0.23" duration="4"/>
    <step time="31200.00" loaded="18673" inserted="18627" running="64" waiting="46" ended="18563" arrived="18563" collisions="0" teleports="0" halting="14" stopped="0" meanWaitingTime="36.53" meanTravelTime="114.32" meanSpeed="5.03" meanSpeedRelative="0.36" duration="3"/>
    <step time="31500.00" loaded="18855" inserted="18812" running="70" waiting="43" ended="18742" arrived="18742" collisions="0" teleports="0" halting="28" stopped="0" meanWaitingTime="36.81" meanTravelTime="114.46" meanSpeed="3.90" meanSpeedRelative="0.28" duration="3"/>
    <step time="31800.00" loaded="19013" inserted="18980" running="71" waiting="33" ended="18909" arrived="18909" collisions="0" teleports="0" halting="22" stopped="0" meanWaitingTime="37.15" meanTravelTime="114.57" meanSpeed="4.42" meanSpeedRelative="0.32" duration="3"/>
    <step time="32100.00" loaded="19195" inserted="19156" running="59" waiting="39" ended="19097" arrived="19097" collisions="0" teleports="0" halting="18" stopped="0" meanWaitingTime="37.48" meanTravelTime="114.52" meanSpeed="6.02" meanSpeedRelative="0.43" duration="2"/>
    <step time="32400.00" loaded="19362" inserted="19318" running="61" waiting="44" ended="19257" arrived="19257" collisions="0" teleports="0" halting="18" stopped="0" meanWaitingTime="37.69" meanTravelTime="114.41" meanSpeed="5.48" meanSpeedRelative="0.39" duration="3"/>
    <step time="32700.00" loaded="19542" inserted="19502" running="66" waiting="40" ended="19436" arrived="19436" collisions="0" teleports="0" halting="11" stopped="0" meanWaitingTime="37.88" meanTravelTime="114.36" meanSpeed="5.64" meanSpeedRelative="0.41" duration="2"/>
    <step time="33000.00" loaded="19714" inserted="19682" running="56" waiting="32" ended="19626" arrived="19626" collisions="0" teleports="0" halting="8" stopped="0" meanWaitingTime="38.13" meanTravelTime="114.38" meanSpeed="5.91" meanSpeedRelative="0.43" duration="2"/>
    <step time="33300.00" loaded="19847" inserted="19832" running="73" waiting="15" ended="19759" arrived="19759" collisions="0" teleports="0" halting="21" stopped="0" meanWaitingTime="38.29" meanTravelTime="114.47" meanSpeed="4.74" meanSpeedRelative="0.34" duration="4"/>
    <step time="33600.00" loaded="20042" inserted="20025" running="70" waiting="17" ended="19955" arrived="19955" collisions="0" teleports="0" halting="25" stopped="0" meanWaitingTime="38.22" meanTravelTime="114.46" meanSpeed="5.13" meanSpeedRelative="0.37" duration="3"/>
    <step time="33900.00" loaded="20198" inserted="20180" running="70" waiting="18" ended="20110" arrived="20110" collisions="0" teleports="0" halting="28" stopped="0" meanWaitingTime="38.14" meanTravelTime="114.38" meanSpeed="3.65" meanSpeedRelative="0.26" duration="3"/>
    <step time="34200.00" loaded="20358" inserted="20336" running="66" waiting="22" ended="20270" arrived="20270" collisions="0" teleports="0" halting="28" stopped="0" meanWaitingTime="38.07" meanTravelTime="114.45" meanSpeed="3.90" meanSpeedRelative="0.28" duration="3"/>
    <step time="34500.00" loaded="20525" inserted="20499" running="94" waiting="26" ended="20405" arrived="20405" collisions="0" teleports="0" halting="18" stopped="0" meanWaitingTime="38.17" meanTravelTime="114.44" meanSpeed="4.54" meanSpeedRelative="0.33" duration="3"/>
    <step time="34800.00" loaded="20679" inserted="20648" running="66" waiting="31" ended="20582" arrived="20582" collisions="0" teleports="0" halting="23" stopped="0" meanWaitingTime="38.34" meanTravelTime="114.86" meanSpeed="3.36" meanSpeedRelative="0.24" duration="2"/>
    <step time="35100.00" loaded="20817" inserted="20794" running="64" waiting="23" ended="20730" arrived="20730" collisions="0" teleports="0" halting="10" stopped="0" meanWaitingTime="38.48" meanTravelTime="114.95" meanSpeed="6.40" meanSpeedRelative="0.46" duration="1"/>
    <step time="35400.00" loaded="20956" inserted="20932" running="52" waiting="24" ended="20880" arrived="20880" collisions="0" teleports="0" halting="5" stopped="0" meanWaitingTime="38.47" meanTravelTime="114.90" meanSpeed="6.89" meanSpeedRelative="0.50" duration="1"/>
    <step time="35700.00" loaded="21100" inserted="21078" running="54" waiting="22" ended="21024" arrived="21024" collisions="0" teleports="0" halting="26" stopped="0" meanWaitingTime="38.54" meanTravelTime="114.98" meanSpeed="4.36" meanSpeedRelative="0.31" duration="1"/>
    <step time="36000.00" loaded="21255" inserted="21238" running="61" waiting="17" ended="21177" arrived="21177" collisions="0" teleports="0" halting="22" stopped="0" meanWaitingTime="38.65" meanTravelTime="114.89" meanSpeed="4.11" meanSpeedRelative="0.30" duration="2"/>
    <step time="36300.00" loaded="21432" inserted="21397" running="60" waiting="35" ended="21337" arrived="21337" collisions="0" teleports="0" halting="33" stopped="0" meanWaitingTime="38.75" meanTravelTime="114.83" meanSpeed="3.82" meanSpeedRelative="0.27" duration="1"/>
    <step time="36600.00" loaded="21578" inserted="21542" running="61" waiting="36" ended="21481" arrived="21481" collisions="0" teleports="0" halting="7" stopped="0" meanWaitingTime="38.91" meanTravelTime="114.88" meanSpeed="5.44" meanSpeedRelative="0.39" duration="1"/>
    <step time="36900.00" loaded="21717" inserted="21680" running="47" waiting="37" ended="21633" arrived="21633" collisions="0" teleports="0" halting="20" stopped="0" meanWaitingTime="39.09" meanTravelTime="114.95" meanSpeed="4.46" meanSpeedRelative="0.32" duration="2"/>
    <step time="37200.00" loaded="21839" inserted="21814" running="56" waiting="25" ended="21758" arrived="21758" collisions="0" teleports="0" halting="33" stopped="0" meanWaitingTime="39.28" meanTravelTime="114.81" meanSpeed="2.67" meanSpeedRelative="0.19" duration="3"/>
    <step time="37500.00" loaded="21980" inserted="21943" running="57" waiting="37" ended="21886" arrived="21886" collisions="0" teleports="0" halting="18" stopped="0" meanWaitingTime="39.46" meanTravelTime="114.93" meanSpeed="5.48" meanSpeedRelative="0.39" duration="3"/>
    <step time="37800.00" loaded="22132" inserted="22091" running="47" waiting="41" ended="22044" arrived="22044" collisions="0" teleports="0" halting="16" stopped="0" meanWaitingTime="39.70" meanTravelTime="114.98" meanSpeed="6.18" meanSpeedRelative="0.44" duration="2"/>
    <step time="38100.00" loaded="22277" inserted="22232" running="51" waiting="45" ended="22181" arrived="22181" collisions="0" teleports="0" halting="17" stopped="0" meanWaitingTime="39.91" meanTravelTime="114.85" meanSpeed="5.87" meanSpeedRelative="0.42" duration="2"/>
    <step time="38400.00" loaded="22402" inserted="22373" running="51" waiting="29" ended="22322" arrived="22322" collisions="0" teleports="0" halting="15" stopped="0" meanWaitingTime="40.21" meanTravelTime="114.83" meanSpeed="5.06" meanSpeedRelative="0.36" duration="2"/>
    <step time="38700.00" loaded="22500" inserted="22485" running="67" waiting="15" ended="22418" arrived="22418" collisions="0" teleports="0" halting="48" stopped="0" meanWaitingTime="40.35" meanTravelTime="114.75" meanSpeed="2.42" meanSpeedRelative="0.17" duration="2"/>
    <step time="39000.00" loaded="22605" inserted="22572" running="65" waiting="33" ended="22507" arrived="22507" collisions="0" teleports="0" halting="9" stopped="0" meanWaitingTime="40.54" meanTravelTime="114.98" meanSpeed="5.02" meanSpeedRelative="0.36" duration="2"/>
    <step time="39300.00" loaded="22730" inserted="22687" running="51" waiting="43" ended="22636" arrived="22636" collisions="0" teleports="0" halting="30" stopped="0" meanWaitingTime="40.79" meanTravelTime="115.47" meanSpeed="3.47" meanSpeedRelative="0.25" duration="3"/>
    <step time="39600.00" loaded="22841" inserted="22792" running="36" waiting="49" ended="22756" arrived="22756" collisions="0" teleports="0" halting="14" stopped="0" meanWaitingTime="41.06" meanTravelTime="115.62" meanSpeed="6.02" meanSpeedRelative="0.43" duration="2"/>
    <step time="39900.00" loaded="22965" inserted="22920" running="60" waiting="45" ended="22860" arrived="22860" collisions="0" teleports="0" halting="39" stopped="0" meanWaitingTime="41.52" meanTravelTime="115.53" meanSpeed="3.02" meanSpeedRelative="0.22" duration="2"/>
    <step time="40200.00" loaded="23054" inserted="23032" running="33" waiting="22" ended="22999" arrived="22999" collisions="0" teleports="0" halting="16" stopped="0" meanWaitingTime="42.03" meanTravelTime="115.53" meanSpeed="3.25" meanSpeedRelative="0.23" duration="2"/>
    <step time="40500.00" loaded="23152" inserted="23129" running="30" waiting="23" ended="23099" arrived="23099" collisions="0" teleports="0" halting="10" stopped="0" meanWaitingTime="42.12" meanTravelTime="115.54" meanSpeed="6.28" meanSpeedRelative="0.45" duration="1"/>
    <step time="40800.00" loaded="23260" inserted="23226" running="38" waiting="34" ended="23188" arrived="23188" collisions="0" teleports="0" halting="25" stopped="0" meanWaitingTime="42.35" meanTravelTime="115.45" meanSpeed="2.22" meanSpeedRelative="0.18" duration="1"/>
    <step time="41100.00" loaded="23345" inserted="23321" running="47" waiting="24" ended="23274" arrived="23274" collisions="0" teleports="0" halting="20" stopped="0" meanWaitingTime="42.58" meanTravelTime="115.52" meanSpeed="4.83" meanSpeedRelative="0.35" duration="3"/>
    <step time="41400.00" loaded="23409" inserted="23399" running="33" waiting="10" ended="23366" arrived="23366" collisions="0" teleports="0" halting="20" stopped="0" meanWaitingTime="42.67" meanTravelTime="115.70" meanSpeed="3.81" meanSpeedRelative="0.27" duration="2"/>
    <step time="41700.00" loaded="23507" inserted="23483" running="50" waiting="24" ended="23433" arrived="23433" collisions="0" teleports="0" halting="24" stopped="0" meanWaitingTime="42.79" meanTravelTime="115.74" meanSpeed="4.01" meanSpeedRelative="0.29" duration="2"/>
    <step time="42000.00" loaded="23589" inserted="23560" running="16" waiting="29" ended="23544" arrived="23544" collisions="0" teleports="0" halting="9" stopped="0" meanWaitingTime="42.96" meanTravelTime="115.83" meanSpeed="4.03" meanSpeedRelative="0.29" duration="1"/>
    <step time="42300.00" loaded="23697" inserted="23673" running="49" waiting="24" ended="23624" arrived="23624" collisions="0" teleports="0" halting="9" stopped="0" meanWaitingTime="43.19" meanTravelTime="115.70" meanSpeed="5.97" meanSpeedRelative="0.43" duration="2"/>
    <step time="42600.00" loaded="23809" inserted="23773" running="45" waiting="36" ended="23728" arrived="23728" collisions="0" teleports="0" halting="7" stopped="0" meanWaitingTime="43.38" meanTravelTime="115.66" meanSpeed="6.56" meanSpeedRelative="0.47" duration="2"/>
    <step time="42900.00" loaded="23908" inserted="23883" running="59" waiting="25" ended="23824" arrived="23824" collisions="0" teleports="0" halting="25" stopped="0" meanWaitingTime="43.63" meanTravelTime="115.77" meanSpeed="4.92" meanSpeedRelative="0.35" duration="2"/>
    <step time="43200.00" loaded="24008" inserted="23973" running="28" waiting="35" ended="23945" arrived="23945" collisions="0" teleports="0" halting="8" stopped="0" meanWaitingTime="43.76" meanTravelTime="115.86" meanSpeed="4.78" meanSpeedRelative="0.34" duration="1"/>
    <step time="43500.00" loaded="24087" inserted="24077" running="47" waiting="10" ended="24030" arrived="24030" collisions="0" teleports="0" halting="8" stopped="0" meanWaitingTime="43.87" meanTravelTime="115.84" meanSpeed="6.45" meanSpeedRelative="0.46" duration="2"/>
    <step time="43800.00" loaded="24190" inserted="24172" running="36" waiting="18" ended="24136" arrived="24136" collisions="0" teleports="0" halting="16" stopped="0" meanWaitingTime="43.90" meanTravelTime="115.84" meanSpeed="4.97" meanSpeedRelative="0.36" duration="2"/>
    <step time="44100.00" loaded="24294" inserted="24284" running="45" waiting="10" ended="24239" arrived="24239" collisions="0" teleports="0" halting="19" stopped="0" meanWaitingTime="43.92" meanTravelTime="115.73" meanSpeed="3.52" meanSpeedRelative="0.25" duration="0"/>
    <step time="44400.00" loaded="24407" inserted="24387" running="66" waiting="20" ended="24321" arrived="24321" collisions="0" teleports="0" halting="49" stopped="0" meanWaitingTime="43.90" meanTravelTime="115.65" meanSpeed="1.46" meanSpeedRelative="0.10" duration="1"/>
    <step time="44700.00" loaded="24509" inserted="24466" running="44" waiting="43" ended="24422" arrived="24422" collisions="0" teleports="0" halting="15" stopped="0" meanWaitingTime="44.07" meanTravelTime="116.17" meanSpeed="4.14" meanSpeedRelative="0.30" duration="1"/>
    <step time="45000.00" loaded="24614" inserted="24566" running="37" waiting="48" ended="24529" arrived="24529" collisions="0" teleports="0" halting="5" stopped="0" meanWaitingTime="44.37" meanTravelTime="116.29" meanSpeed="5.94" meanSpeedRelative="0.43" duration="1"/>
    <step time="45300.00" loaded="24704" inserted="24673" running="51" waiting="31" ended="24622" arrived="24622" collisions="0" teleports="0" halting="15" stopped="0" meanWaitingTime="44.70" meanTravelTime="116.34" meanSpeed="5.01" meanSpeedRelative="0.36" duration="2"/>
    <step time="45600.00" loaded="24787" inserted="24758" running="42" waiting="29" ended="24716" arrived="24716" collisions="0" teleports="0" halting="26" stopped="0" meanWaitingTime="44.88" meanTravelTime="116.45" meanSpeed="2.38" meanSpeedRelative="0.17" duration="1"/>
    <step time="45900.00" loaded="24873" inserted="24827" running="38" waiting="46" ended="24789" arrived="24789" collisions="0" teleports="0" halting="26" stopped="0" meanWaitingTime="45.10" meanTravelTime="116.47" meanSpeed="2.35" meanSpeedRelative="0.17" duration="2"/>
    <step time="46200.00" loaded="24953" inserted="24906" running="46" waiting="47" ended="24860" arrived="24860" collisions="0" teleports="0" halting="40" stopped="0" meanWaitingTime="45.32" meanTravelTime="116.32" meanSpeed="1.00" meanSpeedRelative="0.07" duration="2"/>
    <step time="46500.00" loaded="25001" inserted="24994" running="66" waiting="7" ended="24928" arrived="24928" collisions="0" teleports="0" halting="51" stopped="0" meanWaitingTime="45.62" meanTravelTime="116.21" meanSpeed="1.56" meanSpeedRelative="0.11" duration="2"/>
    <step time="46800.00" loaded="25021" inserted="25021" running="60" waiting="0" ended="24961" arrived="24961" collisions="0" teleports="0" halting="59" stopped="0" meanWaitingTime="45.65" meanTravelTime="116.15" meanSpeed="0.27" meanSpeedRelative="0.02" duration="2"/>
    <step time="47100.00" loaded="25039" inserted="25039" running="57" waiting="0" ended="24982" arrived="24982" collisions="0" teleports="0" halting="54" stopped="0" meanWaitingTime="45.61" meanTravelTime="116.08" meanSpeed="0.30" meanSpeedRelative="0.02" duration="1"/>
    <step time="47400.00" loaded="25055" inserted="25055" running="56" waiting="0" ended="24999" arrived="24999" collisions="0" teleports="0" halting="56" stopped="0" meanWaitingTime="45.58" meanTravelTime="116.03" meanSpeed="0.00" meanSpeedRelative="0.00" duration="1"/>
    <step time="47700.00" loaded="25069" inserted="25069" running="58" waiting="0" ended="25011" arrived="25011" collisions="0" teleports="0" halting="58" stopped="0" meanWaitingTime="45.56" meanTravelTime="116.00" meanSpeed="0.00" meanSpeedRelative="0.00" duration="2"/>
    <step time="48000.00" loaded="25083" inserted="25083" running="56" waiting="0" ended="25027" arrived="25027" collisions="0" teleports="0" halting="55" stopped="0" meanWaitingTime="45.53" meanTravelTime="115.96" meanSpeed="0.11" meanSpeedRelative="0.01" duration="1"/>
    <step time="48300.00" loaded="25097" inserted="25097" running="56" waiting="0" ended="25041" arrived="25041" collisions="0" teleports="0" halting="55" stopped="0" meanWaitingTime="45.51" meanTravelTime="115.91" meanSpeed="0.06" meanSpeedRelative="0.00" duration="1"/>
    <step time="48600.00" loaded="25113" inserted="25113" running="57" waiting="0" ended="25056" arrived="25056" collisions="0" teleports="0" halting="55" stopped="0" meanWaitingTime="45.48" meanTravelTime="115.86" meanSpeed="0.25" meanSpeedRelative="0.02" duration="2"/>
    <step time="48900.00" loaded="25128" inserted="25128" running="61" waiting="0" ended="25067" arrived="25067" collisions="0" teleports="0" halting="60" stopped="0" meanWaitingTime="45.45" meanTravelTime="115.82" meanSpeed="0.06" meanSpeedRelative="0.00" duration="2"/>
    <step time="49200.00" loaded="25137" inserted="25137" running="55" waiting="0" ended="25082" arrived="25082" collisions="0" teleports="0" halting="55" stopped="0" meanWaitingTime="45.43" meanTravelTime="115.79" meanSpeed="0.00" meanSpeedRelative="0.00" duration="2"/>
</summary>
