<?xml version="1.0" encoding="UTF-8"?>

<!-- generated on 2025-02-28 20:31:54 by Eclipse SUMO GUI Version 1.19.0
<configuration xmlns:xsi="http://www.w3.org/2001/XMLSchema-instance" xsi:noNamespaceSchemaLocation="http://sumo.dlr.de/xsd/sumoConfiguration.xsd">

    <input>
        <net-file value="Network.net.xml"/>
        <route-files value="CarRoutes.rou.xml"/>
        <additional-files value="Sensors.add.xml"/>
    </input>

    <output>
        <emission-output value="logs/Emissions.xml"/>
        <summary-output value="logs/Log_summary.xml"/>
        <summary-output.period value="300"/>
        <tripinfo-output value="logs/TripInfos.xml"/>
    </output>

    <time>
        <begin value="0"/>
        <end value="86400"/>
        <step-length value="0.25"/>
    </time>

    <processing>
        <ignore-junction-blocker value="0.1"/>
        <time-to-teleport value="-1"/>
    </processing>

    <report>
        <verbose value="true"/>
        <no-step-log value="true"/>
    </report>

    <emissions>
        <device.emissions.period value="10"/>
    </emissions>

    <traci_server>
        <remote-port value="59887"/>
    </traci_server>

    <gui_only>
        <quit-on-end value="true"/>
        <start value="true"/>
    </gui_only>

</configuration>
-->

<instantE1 xmlns:xsi="http://www.w3.org/2001/XMLSchema-instance" xsi:noNamespaceSchemaLocation="http://sumo.dlr.de/xsd/instant_e1_file.xsd">
    <instantOut id="235_D025" time="1718.03" state="enter" vehID="Car_693" speed="7.30" length="5.00" type="DEFAULT_CAR"/>
    <instantOut id="235_D025" time="1718.25" state="stay" vehID="Car_693" speed="7.30" length="5.00" type="DEFAULT_CAR"/>
    <instantOut id="235_D025" time="1718.50" state="stay" vehID="Car_693" speed="6.55" length="5.00" type="DEFAULT_CAR"/>
    <instantOut id="235_D025" time="1718.75" state="stay" vehID="Car_693" speed="5.97" length="5.00" type="DEFAULT_CAR"/>
    <instantOut id="235_D025" time="1718.81" state="leave" vehID="Car_693" speed="5.22" length="5.00" type="DEFAULT_CAR" occupancy="0.77"/>
    <instantOut id="235_D025" time="7026.99" state="enter" vehID="Car_4450" speed="9.85" length="5.00" type="DEFAULT_CAR" gap="5308.19"/>
    <instantOut id="235_D025" time="7027.00" state="stay" vehID="Car_4450" speed="9.85" length="5.00" type="DEFAULT_CAR"/>
    <instantOut id="235_D025" time="7027.25" state="stay" vehID="Car_4450" speed="9.94" length="5.00" type="DEFAULT_CAR"/>
    <instantOut id="235_D025" time="7027.50" state="stay" vehID="Car_4450" speed="9.22" length="5.00" type="DEFAULT_CAR"/>
    <instantOut id="235_D025" time="7027.52" state="leave" vehID="Car_4450" speed="8.47" length="5.00" type="DEFAULT_CAR" occupancy="0.52"/>
    <instantOut id="235_D025" time="8501.73" state="enter" vehID="Car_4064" speed="4.00" length="5.00" type="DEFAULT_CAR" gap="1474.21"/>
    <instantOut id="235_D025" time="8501.75" state="stay" vehID="Car_4064" speed="4.00" length="5.00" type="DEFAULT_CAR"/>
    <instantOut id="235_D025" time="8502.00" state="stay" vehID="Car_4064" speed="3.89" length="5.00" type="DEFAULT_CAR"/>
    <instantOut id="235_D025" time="8502.25" state="stay" vehID="Car_4064" speed="4.12" length="5.00" type="DEFAULT_CAR"/>
    <instantOut id="235_D025" time="8502.50" state="stay" vehID="Car_4064" speed="4.10" length="5.00" type="DEFAULT_CAR"/>
    <instantOut id="235_D025" time="8502.75" state="stay" vehID="Car_4064" speed="3.81" length="5.00" type="DEFAULT_CAR"/>
    <instantOut id="235_D025" time="8503.00" state="stay" vehID="Car_4064" speed="3.55" length="5.00" type="DEFAULT_CAR"/>
    <instantOut id="235_D025" time="8503.02" state="leave" vehID="Car_4064" speed="2.86" length="5.00" type="DEFAULT_CAR" occupancy="1.29"/>
    <instantOut id="235_D025" time="8608.71" state="enter" vehID="Car_5304" speed="11.81" length="5.00" type="DEFAULT_CAR" gap="105.69"/>
    <instantOut id="235_D025" time="8608.75" state="stay" vehID="Car_5304" speed="11.81" length="5.00" type="DEFAULT_CAR"/>
    <instantOut id="235_D025" time="8609.00" state="stay" vehID="Car_5304" speed="11.06" length="5.00" type="DEFAULT_CAR"/>
    <instantOut id="235_D025" time="8609.17" state="leave" vehID="Car_5304" speed="10.31" length="5.00" type="DEFAULT_CAR" occupancy="0.46"/>
    <instantOut id="235_D025" time="12873.93" state="enter" vehID="Car_6524" speed="11.03" length="5.00" type="DEFAULT_CAR" gap="4264.76"/>
    <instantOut id="235_D025" time="12874.00" state="stay" vehID="Car_6524" speed="11.03" length="5.00" type="DEFAULT_CAR"/>
    <instantOut id="235_D025" time="12874.25" state="stay" vehID="Car_6524" speed="10.40" length="5.00" type="DEFAULT_CAR"/>
    <instantOut id="235_D025" time="12874.42" state="leave" vehID="Car_6524" speed="9.66" length="5.00" type="DEFAULT_CAR" occupancy="0.49"/>
    <instantOut id="235_D025" time="12896.29" state="enter" vehID="Car_5971" speed="5.65" length="5.00" type="DEFAULT_CAR" gap="21.86"/>
    <instantOut id="235_D025" time="12896.50" state="stay" vehID="Car_5971" speed="5.65" length="5.00" type="DEFAULT_CAR"/>
    <instantOut id="235_D025" time="12896.75" state="stay" vehID="Car_5971" speed="5.71" length="5.00" type="DEFAULT_CAR"/>
    <instantOut id="235_D025" time="12897.00" state="stay" vehID="Car_5971" speed="4.96" length="5.00" type="DEFAULT_CAR"/>
    <instantOut id="235_D025" time="12897.25" state="stay" vehID="Car_5971" speed="4.21" length="5.00" type="DEFAULT_CAR"/>
    <instantOut id="235_D025" time="12897.27" state="leave" vehID="Car_5971" speed="3.46" length="5.00" type="DEFAULT_CAR" occupancy="0.98"/>
    <instantOut id="235_D025" time="14309.74" state="enter" vehID="Car_8723" speed="9.17" length="5.00" type="DEFAULT_CAR" gap="1412.47"/>
    <instantOut id="235_D025" time="14309.75" state="stay" vehID="Car_8723" speed="9.17" length="5.00" type="DEFAULT_CAR"/>
    <instantOut id="235_D025" time="14310.00" state="stay" vehID="Car_8723" speed="8.42" length="5.00" type="DEFAULT_CAR"/>
    <instantOut id="235_D025" time="14310.25" state="stay" vehID="Car_8723" speed="7.67" length="5.00" type="DEFAULT_CAR"/>
    <instantOut id="235_D025" time="14310.37" state="leave" vehID="Car_8723" speed="7.17" length="5.00" type="DEFAULT_CAR" occupancy="0.63"/>
    <instantOut id="235_D025" time="15889.62" state="enter" vehID="Car_9189" speed="9.51" length="5.00" type="DEFAULT_CAR" gap="1579.24"/>
    <instantOut id="235_D025" time="15889.75" state="stay" vehID="Car_9189" speed="9.51" length="5.00" type="DEFAULT_CAR"/>
    <instantOut id="235_D025" time="15890.00" state="stay" vehID="Car_9189" speed="8.94" length="5.00" type="DEFAULT_CAR"/>
    <instantOut id="235_D025" time="15890.18" state="leave" vehID="Car_9189" speed="8.50" length="5.00" type="DEFAULT_CAR" occupancy="0.56"/>
    <instantOut id="235_D025" time="16441.43" state="enter" vehID="Car_8737" speed="10.27" length="5.00" type="DEFAULT_CAR" gap="551.25"/>
    <instantOut id="235_D025" time="16441.50" state="stay" vehID="Car_8737" speed="10.27" length="5.00" type="DEFAULT_CAR"/>
    <instantOut id="235_D025" time="16441.75" state="stay" vehID="Car_8737" speed="9.52" length="5.00" type="DEFAULT_CAR"/>
    <instantOut id="235_D025" time="16441.96" state="leave" vehID="Car_8737" speed="8.77" length="5.00" type="DEFAULT_CAR" occupancy="0.54"/>
    <instantOut id="235_D025" time="16537.20" state="enter" vehID="Car_8740" speed="10.18" length="5.00" type="DEFAULT_CAR" gap="95.24"/>
    <instantOut id="235_D025" time="16537.25" state="stay" vehID="Car_8740" speed="10.18" length="5.00" type="DEFAULT_CAR"/>
    <instantOut id="235_D025" time="16537.50" state="stay" vehID="Car_8740" speed="9.68" length="5.00" type="DEFAULT_CAR"/>
    <instantOut id="235_D025" time="16537.73" state="leave" vehID="Car_8740" speed="8.93" length="5.00" type="DEFAULT_CAR" occupancy="0.53"/>
    <instantOut id="235_D025" time="16922.24" state="enter" vehID="Car_8958" speed="11.43" length="5.00" type="DEFAULT_CAR" gap="384.51"/>
    <instantOut id="235_D025" time="16922.25" state="stay" vehID="Car_8958" speed="11.43" length="5.00" type="DEFAULT_CAR"/>
    <instantOut id="235_D025" time="16922.50" state="stay" vehID="Car_8958" speed="10.68" length="5.00" type="DEFAULT_CAR"/>
    <instantOut id="235_D025" time="16922.72" state="leave" vehID="Car_8958" speed="9.93" length="5.00" type="DEFAULT_CAR" occupancy="0.48"/>
    <instantOut id="235_D025" time="17210.51" state="enter" vehID="Car_9580" speed="7.50" length="5.00" type="DEFAULT_CAR" gap="287.78"/>
    <instantOut id="235_D025" time="17210.75" state="stay" vehID="Car_9580" speed="7.50" length="5.00" type="DEFAULT_CAR"/>
    <instantOut id="235_D025" time="17211.00" state="stay" vehID="Car_9580" speed="6.82" length="5.00" type="DEFAULT_CAR"/>
    <instantOut id="235_D025" time="17211.24" state="leave" vehID="Car_9580" speed="6.07" length="5.00" type="DEFAULT_CAR" occupancy="0.74"/>
    <instantOut id="235_D025" time="17653.69" state="enter" vehID="Car_9867" speed="9.88" length="5.00" type="DEFAULT_CAR" gap="442.45"/>
    <instantOut id="235_D025" time="17653.75" state="stay" vehID="Car_9867" speed="9.88" length="5.00" type="DEFAULT_CAR"/>
    <instantOut id="235_D025" time="17654.00" state="stay" vehID="Car_9867" speed="9.13" length="5.00" type="DEFAULT_CAR"/>
    <instantOut id="235_D025" time="17654.25" state="stay" vehID="Car_9867" speed="8.38" length="5.00" type="DEFAULT_CAR"/>
    <instantOut id="235_D025" time="17654.26" state="leave" vehID="Car_9867" speed="7.63" length="5.00" type="DEFAULT_CAR" occupancy="0.57"/>
    <instantOut id="235_D025" time="17963.98" state="enter" vehID="Car_9844" speed="8.59" length="5.00" type="DEFAULT_CAR" gap="309.72"/>
    <instantOut id="235_D025" time="17964.00" state="stay" vehID="Car_9844" speed="8.59" length="5.00" type="DEFAULT_CAR"/>
    <instantOut id="235_D025" time="17964.25" state="stay" vehID="Car_9844" speed="8.16" length="5.00" type="DEFAULT_CAR"/>
    <instantOut id="235_D025" time="17964.50" state="stay" vehID="Car_9844" speed="7.41" length="5.00" type="DEFAULT_CAR"/>
    <instantOut id="235_D025" time="17964.64" state="leave" vehID="Car_9844" speed="6.66" length="5.00" type="DEFAULT_CAR" occupancy="0.66"/>
    <instantOut id="235_D025" time="18667.16" state="enter" vehID="Car_9847" speed="10.52" length="5.00" type="DEFAULT_CAR" gap="702.52"/>
    <instantOut id="235_D025" time="18667.25" state="stay" vehID="Car_9847" speed="10.52" length="5.00" type="DEFAULT_CAR"/>
    <instantOut id="235_D025" time="18667.50" state="stay" vehID="Car_9847" speed="10.13" length="5.00" type="DEFAULT_CAR"/>
    <instantOut id="235_D025" time="18667.66" state="leave" vehID="Car_9847" speed="9.38" length="5.00" type="DEFAULT_CAR" occupancy="0.50"/>
    <instantOut id="235_D025" time="18747.06" state="enter" vehID="Car_9846" speed="7.16" length="5.00" type="DEFAULT_CAR" gap="79.40"/>
    <instantOut id="235_D025" time="18747.25" state="stay" vehID="Car_9846" speed="7.16" length="5.00" type="DEFAULT_CAR"/>
    <instantOut id="235_D025" time="18747.50" state="stay" vehID="Car_9846" speed="6.41" length="5.00" type="DEFAULT_CAR"/>
    <instantOut id="235_D025" time="18747.75" state="stay" vehID="Car_9846" speed="6.04" length="5.00" type="DEFAULT_CAR"/>
    <instantOut id="235_D025" time="18747.85" state="leave" vehID="Car_9846" speed="5.29" length="5.00" type="DEFAULT_CAR" occupancy="0.79"/>
    <instantOut id="235_D025" time="21058.50" state="enter" vehID="Car_12498" speed="9.55" length="5.00" type="DEFAULT_CAR" gap="2310.64"/>
    <instantOut id="235_D025" time="21058.50" state="stay" vehID="Car_12498" speed="9.55" length="5.00" type="DEFAULT_CAR"/>
    <instantOut id="235_D025" time="21058.75" state="stay" vehID="Car_12498" speed="9.42" length="5.00" type="DEFAULT_CAR"/>
    <instantOut id="235_D025" time="21059.00" state="stay" vehID="Car_12498" speed="8.67" length="5.00" type="DEFAULT_CAR"/>
    <instantOut id="235_D025" time="21059.06" state="leave" vehID="Car_12498" speed="7.92" length="5.00" type="DEFAULT_CAR" occupancy="0.56"/>
    <instantOut id="235_D025" time="22510.98" state="enter" vehID="Car_11850" speed="9.82" length="5.00" type="DEFAULT_CAR" gap="1451.92"/>
    <instantOut id="235_D025" time="22511.00" state="stay" vehID="Car_11850" speed="9.82" length="5.00" type="DEFAULT_CAR"/>
    <instantOut id="235_D025" time="22511.25" state="stay" vehID="Car_11850" speed="9.15" length="5.00" type="DEFAULT_CAR"/>
    <instantOut id="235_D025" time="22511.50" state="stay" vehID="Car_11850" speed="8.48" length="5.00" type="DEFAULT_CAR"/>
    <instantOut id="235_D025" time="22511.55" state="leave" vehID="Car_11850" speed="7.94" length="5.00" type="DEFAULT_CAR" occupancy="0.57"/>
    <instantOut id="235_D025" time="23335.34" state="enter" vehID="Car_12623" speed="7.16" length="5.00" type="DEFAULT_CAR" gap="823.79"/>
    <instantOut id="235_D025" time="23335.50" state="stay" vehID="Car_12623" speed="7.16" length="5.00" type="DEFAULT_CAR"/>
    <instantOut id="235_D025" time="23335.75" state="stay" vehID="Car_12623" speed="6.41" length="5.00" type="DEFAULT_CAR"/>
    <instantOut id="235_D025" time="23336.00" state="stay" vehID="Car_12623" speed="5.66" length="5.00" type="DEFAULT_CAR"/>
    <instantOut id="235_D025" time="23336.17" state="leave" vehID="Car_12623" speed="4.91" length="5.00" type="DEFAULT_CAR" occupancy="0.83"/>
    <instantOut id="235_D025" time="23716.42" state="enter" vehID="Car_11856" speed="9.76" length="5.00" type="DEFAULT_CAR" gap="380.24"/>
    <instantOut id="235_D025" time="23716.50" state="stay" vehID="Car_11856" speed="9.76" length="5.00" type="DEFAULT_CAR"/>
    <instantOut id="235_D025" time="23716.75" state="stay" vehID="Car_11856" speed="9.01" length="5.00" type="DEFAULT_CAR"/>
    <instantOut id="235_D025" time="23716.98" state="leave" vehID="Car_11856" speed="8.26" length="5.00" type="DEFAULT_CAR" occupancy="0.57"/>
    <instantOut id="235_D025" time="25405.32" state="enter" vehID="Car_16171" speed="9.08" length="5.00" type="DEFAULT_CAR" gap="1688.33"/>
    <instantOut id="235_D025" time="25405.50" state="stay" vehID="Car_16171" speed="9.08" length="5.00" type="DEFAULT_CAR"/>
    <instantOut id="235_D025" time="25405.75" state="stay" vehID="Car_16171" speed="8.33" length="5.00" type="DEFAULT_CAR"/>
    <instantOut id="235_D025" time="25405.92" state="leave" vehID="Car_16171" speed="7.58" length="5.00" type="DEFAULT_CAR" occupancy="0.60"/>
    <instantOut id="235_D025" time="25699.30" state="enter" vehID="Car_15981" speed="7.56" length="5.00" type="DEFAULT_CAR" gap="293.38"/>
    <instantOut id="235_D025" time="25699.50" state="stay" vehID="Car_15981" speed="7.56" length="5.00" type="DEFAULT_CAR"/>
    <instantOut id="235_D025" time="25699.75" state="stay" vehID="Car_15981" speed="6.95" length="5.00" type="DEFAULT_CAR"/>
    <instantOut id="235_D025" time="25700.00" state="stay" vehID="Car_15981" speed="6.25" length="5.00" type="DEFAULT_CAR"/>
    <instantOut id="235_D025" time="25700.03" state="leave" vehID="Car_15981" speed="5.50" length="5.00" type="DEFAULT_CAR" occupancy="0.73"/>
    <instantOut id="235_D025" time="26912.71" state="enter" vehID="Car_15985" speed="9.45" length="5.00" type="DEFAULT_CAR" gap="1212.68"/>
    <instantOut id="235_D025" time="26912.75" state="stay" vehID="Car_15985" speed="9.45" length="5.00" type="DEFAULT_CAR"/>
    <instantOut id="235_D025" time="26913.00" state="stay" vehID="Car_15985" speed="9.03" length="5.00" type="DEFAULT_CAR"/>
    <instantOut id="235_D025" time="26913.25" state="stay" vehID="Car_15985" speed="8.28" length="5.00" type="DEFAULT_CAR"/>
    <instantOut id="235_D025" time="26913.29" state="leave" vehID="Car_15985" speed="7.53" length="5.00" type="DEFAULT_CAR" occupancy="0.58"/>
    <instantOut id="235_D025" time="27570.72" state="enter" vehID="Car_16167" speed="9.37" length="5.00" type="DEFAULT_CAR" gap="657.43"/>
    <instantOut id="235_D025" time="27570.75" state="stay" vehID="Car_16167" speed="9.37" length="5.00" type="DEFAULT_CAR"/>
    <instantOut id="235_D025" time="27571.00" state="stay" vehID="Car_16167" speed="9.77" length="5.00" type="DEFAULT_CAR"/>
    <instantOut id="235_D025" time="27571.25" state="leave" vehID="Car_16167" speed="9.33" length="5.00" type="DEFAULT_CAR" occupancy="0.52"/>
    <instantOut id="235_D025" time="27765.01" state="enter" vehID="Car_15972" speed="7.81" length="5.00" type="DEFAULT_CAR" gap="193.77"/>
    <instantOut id="235_D025" time="27765.25" state="stay" vehID="Car_15972" speed="7.81" length="5.00" type="DEFAULT_CAR"/>
    <instantOut id="235_D025" time="27765.50" state="stay" vehID="Car_15972" speed="7.06" length="5.00" type="DEFAULT_CAR"/>
    <instantOut id="235_D025" time="27765.72" state="leave" vehID="Car_15972" speed="6.31" length="5.00" type="DEFAULT_CAR" occupancy="0.71"/>
    <instantOut id="235_D025" time="28790.03" state="enter" vehID="Car_17950" speed="8.58" length="5.00" type="DEFAULT_CAR" gap="1024.31"/>
    <instantOut id="235_D025" time="28790.25" state="stay" vehID="Car_17950" speed="8.58" length="5.00" type="DEFAULT_CAR"/>
    <instantOut id="235_D025" time="28790.50" state="stay" vehID="Car_17950" speed="7.83" length="5.00" type="DEFAULT_CAR"/>
    <instantOut id="235_D025" time="28790.66" state="leave" vehID="Car_17950" speed="7.19" length="5.00" type="DEFAULT_CAR" occupancy="0.63"/>
    <instantOut id="235_D025" time="28932.35" state="enter" vehID="Car_17324" speed="8.38" length="5.00" type="DEFAULT_CAR" gap="141.69"/>
    <instantOut id="235_D025" time="28932.50" state="stay" vehID="Car_17324" speed="8.38" length="5.00" type="DEFAULT_CAR"/>
    <instantOut id="235_D025" time="28932.75" state="stay" vehID="Car_17324" speed="7.63" length="5.00" type="DEFAULT_CAR"/>
    <instantOut id="235_D025" time="28933.00" state="stay" vehID="Car_17324" speed="6.88" length="5.00" type="DEFAULT_CAR"/>
    <instantOut id="235_D025" time="28933.02" state="leave" vehID="Car_17324" speed="6.16" length="5.00" type="DEFAULT_CAR" occupancy="0.67"/>
    <instantOut id="235_D025" time="29463.82" state="enter" vehID="Car_17952" speed="7.01" length="5.00" type="DEFAULT_CAR" gap="530.80"/>
    <instantOut id="235_D025" time="29464.00" state="stay" vehID="Car_17952" speed="7.01" length="5.00" type="DEFAULT_CAR"/>
    <instantOut id="235_D025" time="29464.25" state="stay" vehID="Car_17952" speed="6.82" length="5.00" type="DEFAULT_CAR"/>
    <instantOut id="235_D025" time="29464.50" state="stay" vehID="Car_17952" speed="6.07" length="5.00" type="DEFAULT_CAR"/>
    <instantOut id="235_D025" time="29464.60" state="leave" vehID="Car_17952" speed="5.32" length="5.00" type="DEFAULT_CAR" occupancy="0.78"/>
    <instantOut id="235_D025" time="30031.02" state="enter" vehID="Car_18372" speed="7.26" length="5.00" type="DEFAULT_CAR" gap="566.41"/>
    <instantOut id="235_D025" time="30031.25" state="stay" vehID="Car_18372" speed="7.26" length="5.00" type="DEFAULT_CAR"/>
    <instantOut id="235_D025" time="30031.50" state="stay" vehID="Car_18372" speed="7.78" length="5.00" type="DEFAULT_CAR"/>
    <instantOut id="235_D025" time="30031.68" state="leave" vehID="Car_18372" speed="7.62" length="5.00" type="DEFAULT_CAR" occupancy="0.66"/>
    <instantOut id="235_D025" time="30135.13" state="enter" vehID="Car_18466" speed="4.74" length="5.00" type="DEFAULT_CAR" gap="103.45"/>
    <instantOut id="235_D025" time="30135.25" state="stay" vehID="Car_18466" speed="4.74" length="5.00" type="DEFAULT_CAR"/>
    <instantOut id="235_D025" time="30135.50" state="stay" vehID="Car_18466" speed="4.65" length="5.00" type="DEFAULT_CAR"/>
    <instantOut id="235_D025" time="30135.75" state="stay" vehID="Car_18466" speed="4.57" length="5.00" type="DEFAULT_CAR"/>
    <instantOut id="235_D025" time="30136.00" state="stay" vehID="Car_18466" speed="4.34" length="5.00" type="DEFAULT_CAR"/>
    <instantOut id="235_D025" time="30136.25" state="stay" vehID="Car_18466" speed="3.85" length="5.00" type="DEFAULT_CAR"/>
    <instantOut id="235_D025" time="30136.27" state="leave" vehID="Car_18466" speed="3.10" length="5.00" type="DEFAULT_CAR" occupancy="1.14"/>
    <instantOut id="235_D025" time="30137.93" state="enter" vehID="Car_18387" speed="2.65" length="5.00" type="DEFAULT_CAR" gap="1.66"/>
    <instantOut id="235_D025" time="30138.00" state="stay" vehID="Car_18387" speed="2.65" length="5.00" type="DEFAULT_CAR"/>
    <instantOut id="235_D025" time="30138.25" state="stay" vehID="Car_18387" speed="2.46" length="5.00" type="DEFAULT_CAR"/>
    <instantOut id="235_D025" time="30138.50" state="stay" vehID="Car_18387" speed="2.67" length="5.00" type="DEFAULT_CAR"/>
    <instantOut id="235_D025" time="30138.75" state="stay" vehID="Car_18387" speed="2.53" length="5.00" type="DEFAULT_CAR"/>
    <instantOut id="235_D025" time="30139.00" state="stay" vehID="Car_18387" speed="2.35" length="5.00" type="DEFAULT_CAR"/>
    <instantOut id="235_D025" time="30139.25" state="stay" vehID="Car_18387" speed="2.25" length="5.00" type="DEFAULT_CAR"/>
    <instantOut id="235_D025" time="30139.50" state="stay" vehID="Car_18387" speed="2.44" length="5.00" type="DEFAULT_CAR"/>
    <instantOut id="235_D025" time="30139.75" state="stay" vehID="Car_18387" speed="2.40" length="5.00" type="DEFAULT_CAR"/>
    <instantOut id="235_D025" time="30139.97" state="leave" vehID="Car_18387" speed="2.42" length="5.00" type="DEFAULT_CAR" occupancy="2.04"/>
    <instantOut id="235_D025" time="31508.21" state="enter" vehID="Car_20725" speed="5.87" length="5.00" type="DEFAULT_CAR" gap="1368.24"/>
    <instantOut id="235_D025" time="31508.25" state="stay" vehID="Car_20725" speed="5.87" length="5.00" type="DEFAULT_CAR"/>
    <instantOut id="235_D025" time="31508.50" state="stay" vehID="Car_20725" speed="6.18" length="5.00" type="DEFAULT_CAR"/>
    <instantOut id="235_D025" time="31508.75" state="stay" vehID="Car_20725" speed="5.43" length="5.00" type="DEFAULT_CAR"/>
    <instantOut id="235_D025" time="31509.00" state="stay" vehID="Car_20725" speed="4.68" length="5.00" type="DEFAULT_CAR"/>
    <instantOut id="235_D025" time="31509.17" state="leave" vehID="Car_20725" speed="3.93" length="5.00" type="DEFAULT_CAR" occupancy="0.97"/>
    <instantOut id="235_D025" time="31776.06" state="enter" vehID="Car_19864" speed="7.56" length="5.00" type="DEFAULT_CAR" gap="266.89"/>
    <instantOut id="235_D025" time="31776.25" state="stay" vehID="Car_19864" speed="7.56" length="5.00" type="DEFAULT_CAR"/>
    <instantOut id="235_D025" time="31776.50" state="stay" vehID="Car_19864" speed="7.33" length="5.00" type="DEFAULT_CAR"/>
    <instantOut id="235_D025" time="31776.75" state="stay" vehID="Car_19864" speed="6.58" length="5.00" type="DEFAULT_CAR"/>
    <instantOut id="235_D025" time="31776.77" state="leave" vehID="Car_19864" speed="5.83" length="5.00" type="DEFAULT_CAR" occupancy="0.70"/>
    <instantOut id="235_D025" time="34501.46" state="enter" vehID="Car_18955" speed="9.06" length="5.00" type="DEFAULT_CAR" gap="2724.70"/>
    <instantOut id="235_D025" time="34501.50" state="stay" vehID="Car_18955" speed="9.06" length="5.00" type="DEFAULT_CAR"/>
    <instantOut id="235_D025" time="34501.75" state="stay" vehID="Car_18955" speed="8.43" length="5.00" type="DEFAULT_CAR"/>
    <instantOut id="235_D025" time="34502.00" state="stay" vehID="Car_18955" speed="7.68" length="5.00" type="DEFAULT_CAR"/>
    <instantOut id="235_D025" time="34502.09" state="leave" vehID="Car_18955" speed="7.04" length="5.00" type="DEFAULT_CAR" occupancy="0.63"/>
    <instantOut id="235_D025" time="37476.46" state="enter" vehID="Car_21717" speed="9.81" length="5.00" type="DEFAULT_CAR" gap="2974.37"/>
    <instantOut id="235_D025" time="37476.50" state="stay" vehID="Car_21717" speed="9.81" length="5.00" type="DEFAULT_CAR"/>
    <instantOut id="235_D025" time="37476.75" state="stay" vehID="Car_21717" speed="10.67" length="5.00" type="DEFAULT_CAR"/>
    <instantOut id="235_D025" time="37476.94" state="leave" vehID="Car_21717" speed="10.21" length="5.00" type="DEFAULT_CAR" occupancy="0.48"/>
    <instantOut id="235_D025" time="40145.00" state="enter" vehID="Car_23057" speed="8.96" length="5.00" type="DEFAULT_CAR" gap="2668.05"/>
    <instantOut id="235_D025" time="40145.00" state="stay" vehID="Car_23057" speed="8.96" length="5.00" type="DEFAULT_CAR"/>
    <instantOut id="235_D025" time="40145.25" state="stay" vehID="Car_23057" speed="8.21" length="5.00" type="DEFAULT_CAR"/>
    <instantOut id="235_D025" time="40145.50" state="stay" vehID="Car_23057" speed="7.72" length="5.00" type="DEFAULT_CAR"/>
    <instantOut id="235_D025" time="40145.64" state="leave" vehID="Car_23057" speed="6.97" length="5.00" type="DEFAULT_CAR" occupancy="0.64"/>
</instantE1>
