<?xml version="1.0" encoding="UTF-8"?>

<!-- generated on 2025-02-28 21:21:22 by Eclipse SUMO sumo Version 1.19.0
<configuration xmlns:xsi="http://www.w3.org/2001/XMLSchema-instance" xsi:noNamespaceSchemaLocation="http://sumo.dlr.de/xsd/sumoConfiguration.xsd">

    <input>
        <net-file value="Network.net.xml"/>
        <route-files value="CarRoutes.rou.xml"/>
        <additional-files value="Sensors.add.xml"/>
    </input>

    <output>
        <emission-output value="logs/Emissions.xml"/>
        <summary-output value="logs/Log_summary.xml"/>
        <summary-output.period value="300"/>
        <tripinfo-output value="logs/TripInfos.xml"/>
    </output>

    <time>
        <begin value="0"/>
        <end value="86400"/>
        <step-length value="0.25"/>
    </time>

    <processing>
        <ignore-junction-blocker value="0.1"/>
        <time-to-teleport value="-1"/>
    </processing>

    <report>
        <verbose value="true"/>
        <no-step-log value="true"/>
    </report>

    <emissions>
        <device.emissions.period value="10"/>
    </emissions>

    <traci_server>
        <remote-port value="60283"/>
    </traci_server>

    <gui_only>
        <quit-on-end value="true"/>
        <start value="true"/>
    </gui_only>

</configuration>
-->

<summary xmlns:xsi="http://www.w3.org/2001/XMLSchema-instance" xsi:noNamespaceSchemaLocation="http://sumo.dlr.de/xsd/summary_file.xsd">
    <step time="0.00" loaded="0" inserted="0" running="0" waiting="0" ended="0" arrived="0" collisions="0" teleports="0" halting="0" stopped="0" meanWaitingTime="-1.00" meanTravelTime="-1.00" meanSpeed="-1.00" meanSpeedRelative="-1.00" duration="0"/>
    <step time="300.00" loaded="209" inserted="197" running="92" waiting="12" ended="105" arrived="105" collisions="0" teleports="0" halting="45" stopped="0" meanWaitingTime="12.30" meanTravelTime="75.37" meanSpeed="3.46" meanSpeedRelative="0.25" duration="3"/>
    <step time="600.00" loaded="370" inserted="360" running="70" waiting="10" ended="290" arrived="290" collisions="0" teleports="0" halting="40" stopped="0" meanWaitingTime="11.35" meanTravelTime="118.22" meanSpeed="4.04" meanSpeedRelative="0.29" duration="2"/>
    <step time="900.00" loaded="527" inserted="517" running="59" waiting="10" ended="458" arrived="458" collisions="0" teleports="0" halting="24" stopped="0" meanWaitingTime="11.02" meanTravelTime="118.34" meanSpeed="4.66" meanSpeedRelative="0.34" duration="2"/>
    <step time="1200.00" loaded="700" inserted="685" running="59" waiting="15" ended="626" arrived="626" collisions="0" teleports="0" halting="7" stopped="0" meanWaitingTime="14.51" meanTravelTime="117.15" meanSpeed="8.23" meanSpeedRelative="0.60" duration="2"/>
    <step time="1500.00" loaded="865" inserted="845" running="55" waiting="20" ended="790" arrived="790" collisions="0" teleports="0" halting="13" stopped="0" meanWaitingTime="15.86" meanTravelTime="115.18" meanSpeed="4.94" meanSpeedRelative="0.36" duration="2"/>
    <step time="1800.00" loaded="1028" inserted="1009" running="52" waiting="19" ended="957" arrived="957" collisions="0" teleports="0" halting="19" stopped="0" meanWaitingTime="18.98" meanTravelTime="113.56" meanSpeed="4.63" meanSpeedRelative="0.33" duration="2"/>
    <step time="2100.00" loaded="1187" inserted="1172" running="68" waiting="15" ended="1104" arrived="1104" collisions="0" teleports="0" halting="37" stopped="0" meanWaitingTime="17.99" meanTravelTime="111.40" meanSpeed="3.48" meanSpeedRelative="0.25" duration="2"/>
    <step time="2400.00" loaded="1331" inserted="1315" running="44" waiting="16" ended="1271" arrived="1271" collisions="0" teleports="0" halting="18" stopped="0" meanWaitingTime="18.05" meanTravelTime="112.19" meanSpeed="3.84" meanSpeedRelative="0.28" duration="2"/>
    <step time="2700.00" loaded="1475" inserted="1474" running="52" waiting="1" ended="1422" arrived="1422" collisions="0" teleports="0" halting="15" stopped="0" meanWaitingTime="17.91" meanTravelTime="111.24" meanSpeed="5.68" meanSpeedRelative="0.41" duration="2"/>
    <step time="3000.00" loaded="1633" inserted="1626" running="48" waiting="7" ended="1578" arrived="1578" collisions="0" teleports="0" halting="26" stopped="0" meanWaitingTime="16.81" meanTravelTime="110.84" meanSpeed="3.89" meanSpeedRelative="0.28" duration="2"/>
    <step time="3300.00" loaded="1802" inserted="1781" running="63" waiting="21" ended="1718" arrived="1718" collisions="0" teleports="0" halting="10" stopped="0" meanWaitingTime="17.53" meanTravelTime="111.57" meanSpeed="7.31" meanSpeedRelative="0.53" duration="3"/>
    <step time="3600.00" loaded="1934" inserted="1919" running="42" waiting="15" ended="1877" arrived="1877" collisions="0" teleports="0" halting="17" stopped="0" meanWaitingTime="19.13" meanTravelTime="110.77" meanSpeed="4.63" meanSpeedRelative="0.33" duration="2"/>
    <step time="3900.00" loaded="2102" inserted="2102" running="86" waiting="0" ended="2016" arrived="2016" collisions="0" teleports="0" halting="45" stopped="0" meanWaitingTime="18.29" meanTravelTime="109.97" meanSpeed="3.47" meanSpeedRelative="0.25" duration="4"/>
    <step time="4200.00" loaded="2231" inserted="2226" running="39" waiting="5" ended="2187" arrived="2187" collisions="0" teleports="0" halting="6" stopped="0" meanWaitingTime="18.40" meanTravelTime="111.68" meanSpeed="6.53" meanSpeedRelative="0.47" duration="1"/>
    <step time="4500.00" loaded="2409" inserted="2408" running="74" waiting="1" ended="2334" arrived="2334" collisions="0" teleports="0" halting="30" stopped="0" meanWaitingTime="17.61" meanTravelTime="110.96" meanSpeed="4.26" meanSpeedRelative="0.31" duration="2"/>
    <step time="4800.00" loaded="2567" inserted="2561" running="39" waiting="6" ended="2522" arrived="2522" collisions="0" teleports="0" halting="14" stopped="0" meanWaitingTime="16.82" meanTravelTime="110.90" meanSpeed="5.22" meanSpeedRelative="0.38" duration="1"/>
    <step time="5100.00" loaded="2737" inserted="2727" running="60" waiting="10" ended="2667" arrived="2667" collisions="0" teleports="0" halting="12" stopped="0" meanWaitingTime="17.39" meanTravelTime="109.81" meanSpeed="5.58" meanSpeedRelative="0.41" duration="2"/>
    <step time="5400.00" loaded="2887" inserted="2885" running="46" waiting="2" ended="2839" arrived="2839" collisions="0" teleports="0" halting="10" stopped="0" meanWaitingTime="17.18" meanTravelTime="109.21" meanSpeed="6.64" meanSpeedRelative="0.48" duration="2"/>
    <step time="5700.00" loaded="3072" inserted="3057" running="77" waiting="15" ended="2980" arrived="2980" collisions="0" teleports="0" halting="27" stopped="0" meanWaitingTime="16.59" meanTravelTime="109.24" meanSpeed="4.53" meanSpeedRelative="0.33" duration="4"/>
    <step time="6000.00" loaded="3196" inserted="3193" running="37" waiting="3" ended="3156" arrived="3156" collisions="0" teleports="0" halting="14" stopped="0" meanWaitingTime="16.57" meanTravelTime="110.80" meanSpeed="5.74" meanSpeedRelative="0.41" duration="1"/>
    <step time="6300.00" loaded="3361" inserted="3344" running="60" waiting="17" ended="3284" arrived="3284" collisions="0" teleports="0" halting="21" stopped="0" meanWaitingTime="16.58" meanTravelTime="110.85" meanSpeed="5.08" meanSpeedRelative="0.37" duration="3"/>
    <step time="6600.00" loaded="3522" inserted="3514" running="47" waiting="8" ended="3467" arrived="3467" collisions="0" teleports="0" halting="15" stopped="0" meanWaitingTime="16.76" meanTravelTime="109.79" meanSpeed="4.71" meanSpeedRelative="0.34" duration="2"/>
    <step time="6900.00" loaded="3707" inserted="3690" running="61" waiting="17" ended="3629" arrived="3629" collisions="0" teleports="0" halting="23" stopped="0" meanWaitingTime="16.73" meanTravelTime="108.99" meanSpeed="4.30" meanSpeedRelative="0.31" duration="2"/>
    <step time="7200.00" loaded="3863" inserted="3843" running="45" waiting="20" ended="3798" arrived="3798" collisions="0" teleports="0" halting="18" stopped="0" meanWaitingTime="17.29" meanTravelTime="108.88" meanSpeed="5.26" meanSpeedRelative="0.38" duration="2"/>
    <step time="7500.00" loaded="4013" inserted="4001" running="36" waiting="12" ended="3965" arrived="3965" collisions="0" teleports="0" halting="13" stopped="0" meanWaitingTime="17.92" meanTravelTime="107.96" meanSpeed="5.56" meanSpeedRelative="0.40" duration="1"/>
    <step time="7800.00" loaded="4170" inserted="4147" running="44" waiting="23" ended="4103" arrived="4103" collisions="0" teleports="0" halting="15" stopped="0" meanWaitingTime="18.39" meanTravelTime="107.23" meanSpeed="5.43" meanSpeedRelative="0.39" duration="2"/>
    <step time="8100.00" loaded="4341" inserted="4328" running="48" waiting="13" ended="4280" arrived="4280" collisions="0" teleports="0" halting="11" stopped="0" meanWaitingTime="19.44" meanTravelTime="106.20" meanSpeed="4.83" meanSpeedRelative="0.35" duration="1"/>
    <step time="8400.00" loaded="4525" inserted="4521" running="57" waiting="4" ended="4464" arrived="4464" collisions="0" teleports="0" halting="15" stopped="0" meanWaitingTime="19.30" meanTravelTime="105.53" meanSpeed="5.07" meanSpeedRelative="0.36" duration="3"/>
    <step time="8700.00" loaded="4695" inserted="4690" running="77" waiting="5" ended="4613" arrived="4613" collisions="0" teleports="0" halting="25" stopped="0" meanWaitingTime="19.06" meanTravelTime="105.07" meanSpeed="5.42" meanSpeedRelative="0.39" duration="3"/>
    <step time="9000.00" loaded="4884" inserted="4867" running="60" waiting="17" ended="4807" arrived="4807" collisions="0" teleports="0" halting="13" stopped="0" meanWaitingTime="18.85" meanTravelTime="105.23" meanSpeed="5.70" meanSpeedRelative="0.42" duration="3"/>
    <step time="9300.00" loaded="5068" inserted="5049" running="59" waiting="19" ended="4990" arrived="4990" collisions="0" teleports="0" halting="22" stopped="0" meanWaitingTime="18.83" meanTravelTime="105.06" meanSpeed="5.05" meanSpeedRelative="0.36" duration="2"/>
    <step time="9600.00" loaded="5240" inserted="5230" running="55" waiting="10" ended="5175" arrived="5175" collisions="0" teleports="0" halting="19" stopped="0" meanWaitingTime="19.24" meanTravelTime="104.60" meanSpeed="5.87" meanSpeedRelative="0.42" duration="2"/>
    <step time="9900.00" loaded="5383" inserted="5377" running="41" waiting="6" ended="5336" arrived="5336" collisions="0" teleports="0" halting="21" stopped="0" meanWaitingTime="19.05" meanTravelTime="104.42" meanSpeed="3.91" meanSpeedRelative="0.28" duration="2"/>
    <step time="10200.00" loaded="5550" inserted="5541" running="64" waiting="9" ended="5477" arrived="5477" collisions="0" teleports="0" halting="18" stopped="0" meanWaitingTime="19.00" meanTravelTime="104.49" meanSpeed="4.36" meanSpeedRelative="0.31" duration="2"/>
    <step time="10500.00" loaded="5732" inserted="5721" running="62" waiting="11" ended="5659" arrived="5659" collisions="0" teleports="0" halting="17" stopped="0" meanWaitingTime="18.84" meanTravelTime="104.60" meanSpeed="5.52" meanSpeedRelative="0.40" duration="2"/>
    <step time="10800.00" loaded="5904" inserted="5896" running="67" waiting="8" ended="5829" arrived="5829" collisions="0" teleports="0" halting="13" stopped="0" meanWaitingTime="18.86" meanTravelTime="104.68" meanSpeed="5.87" meanSpeedRelative="0.44" duration="3"/>
    <step time="11100.00" loaded="6079" inserted="6061" running="53" waiting="18" ended="6008" arrived="6008" collisions="0" teleports="0" halting="22" stopped="0" meanWaitingTime="18.84" meanTravelTime="104.95" meanSpeed="4.33" meanSpeedRelative="0.31" duration="2"/>
    <step time="11400.00" loaded="6252" inserted="6218" running="62" waiting="34" ended="6156" arrived="6156" collisions="0" teleports="0" halting="17" stopped="0" meanWaitingTime="19.47" meanTravelTime="104.85" meanSpeed="6.04" meanSpeedRelative="0.43" duration="1"/>
    <step time="11700.00" loaded="6397" inserted="6378" running="70" waiting="19" ended="6308" arrived="6308" collisions="0" teleports="0" halting="15" stopped="0" meanWaitingTime="20.51" meanTravelTime="104.95" meanSpeed="4.81" meanSpeedRelative="0.35" duration="3"/>
    <step time="12000.00" loaded="6572" inserted="6565" running="75" waiting="7" ended="6490" arrived="6490" collisions="0" teleports="0" halting="23" stopped="0" meanWaitingTime="20.51" meanTravelTime="105.64" meanSpeed="4.04" meanSpeedRelative="0.29" duration="2"/>
    <step time="12300.00" loaded="6738" inserted="6738" running="76" waiting="0" ended="6662" arrived="6662" collisions="0" teleports="0" halting="36" stopped="0" meanWaitingTime="20.19" meanTravelTime="106.34" meanSpeed="3.22" meanSpeedRelative="0.23" duration="2"/>
    <step time="12600.00" loaded="6910" inserted="6887" running="57" waiting="23" ended="6830" arrived="6830" collisions="0" teleports="0" halting="20" stopped="0" meanWaitingTime="20.05" meanTravelTime="106.58" meanSpeed="5.14" meanSpeedRelative="0.37" duration="2"/>
    <step time="12900.00" loaded="7075" inserted="7061" running="56" waiting="14" ended="7005" arrived="7005" collisions="0" teleports="0" halting="24" stopped="0" meanWaitingTime="20.28" meanTravelTime="106.69" meanSpeed="4.18" meanSpeedRelative="0.30" duration="1"/>
    <step time="13200.00" loaded="7250" inserted="7229" running="77" waiting="21" ended="7152" arrived="7152" collisions="0" teleports="0" halting="16" stopped="0" meanWaitingTime="20.36" meanTravelTime="106.65" meanSpeed="5.51" meanSpeedRelative="0.40" duration="3"/>
    <step time="13500.00" loaded="7426" inserted="7418" running="80" waiting="8" ended="7338" arrived="7338" collisions="0" teleports="0" halting="27" stopped="0" meanWaitingTime="20.29" meanTravelTime="107.18" meanSpeed="3.73" meanSpeedRelative="0.27" duration="3"/>
    <step time="13800.00" loaded="7620" inserted="7603" running="83" waiting="17" ended="7520" arrived="7520" collisions="0" teleports="0" halting="21" stopped="0" meanWaitingTime="20.37" meanTravelTime="107.61" meanSpeed="5.00" meanSpeedRelative="0.36" duration="1"/>
    <step time="14100.00" loaded="7778" inserted="7774" running="75" waiting="4" ended="7699" arrived="7699" collisions="0" teleports="0" halting="19" stopped="0" meanWaitingTime="20.42" meanTravelTime="108.19" meanSpeed="5.41" meanSpeedRelative="0.40" duration="2"/>
    <step time="14400.00" loaded="7917" inserted="7906" running="50" waiting="11" ended="7856" arrived="7856" collisions="0" teleports="0" halting="19" stopped="0" meanWaitingTime="20.59" meanTravelTime="108.78" meanSpeed="5.40" meanSpeedRelative="0.40" duration="0"/>
    <step time="14700.00" loaded="8111" inserted="8096" running="67" waiting="15" ended="8029" arrived="8029" collisions="0" teleports="0" halting="14" stopped="0" meanWaitingTime="20.54" meanTravelTime="108.36" meanSpeed="5.63" meanSpeedRelative="0.41" duration="2"/>
    <step time="15000.00" loaded="8266" inserted="8261" running="94" waiting="5" ended="8167" arrived="8167" collisions="0" teleports="0" halting="19" stopped="0" meanWaitingTime="20.32" meanTravelTime="108.72" meanSpeed="5.63" meanSpeedRelative="0.41" duration="2"/>
    <step time="15300.00" loaded="8427" inserted="8392" running="50" waiting="35" ended="8342" arrived="8342" collisions="0" teleports="0" halting="18" stopped="0" meanWaitingTime="20.48" meanTravelTime="109.24" meanSpeed="5.37" meanSpeedRelative="0.39" duration="2"/>
    <step time="15600.00" loaded="8591" inserted="8581" running="70" waiting="10" ended="8511" arrived="8511" collisions="0" teleports="0" halting="28" stopped="0" meanWaitingTime="21.24" meanTravelTime="108.75" meanSpeed="4.34" meanSpeedRelative="0.31" duration="2"/>
    <step time="15900.00" loaded="8783" inserted="8772" running="87" waiting="11" ended="8685" arrived="8685" collisions="0" teleports="0" halting="28" stopped="0" meanWaitingTime="21.55" meanTravelTime="108.64" meanSpeed="4.41" meanSpeedRelative="0.32" duration="2"/>
    <step time="16200.00" loaded="8971" inserted="8938" running="62" waiting="33" ended="8876" arrived="8876" collisions="0" teleports="0" halting="6" stopped="0" meanWaitingTime="21.71" meanTravelTime="108.75" meanSpeed="7.17" meanSpeedRelative="0.52" duration="3"/>
    <step time="16500.00" loaded="9138" inserted="9123" running="63" waiting="15" ended="9060" arrived="9060" collisions="0" teleports="0" halting="24" stopped="0" meanWaitingTime="22.27" meanTravelTime="108.65" meanSpeed="5.18" meanSpeedRelative="0.37" duration="2"/>
    <step time="16800.00" loaded="9324" inserted="9285" running="57" waiting="39" ended="9228" arrived="9228" collisions="0" teleports="0" halting="9" stopped="0" meanWaitingTime="22.58" meanTravelTime="108.75" meanSpeed="5.84" meanSpeedRelative="0.42" duration="1"/>
    <step time="17100.00" loaded="9497" inserted="9467" running="75" waiting="30" ended="9392" arrived="9392" collisions="0" teleports="0" halting="19" stopped="0" meanWaitingTime="23.33" meanTravelTime="108.67" meanSpeed="5.14" meanSpeedRelative="0.37" duration="3"/>
    <step time="17400.00" loaded="9679" inserted="9654" running="78" waiting="25" ended="9576" arrived="9576" collisions="0" teleports="0" halting="27" stopped="0" meanWaitingTime="23.99" meanTravelTime="109.12" meanSpeed="4.39" meanSpeedRelative="0.32" duration="3"/>
    <step time="17700.00" loaded="9852" inserted="9824" running="73" waiting="28" ended="9751" arrived="9751" collisions="0" teleports="0" halting="18" stopped="0" meanWaitingTime="24.38" meanTravelTime="109.43" meanSpeed="4.47" meanSpeedRelative="0.32" duration="3"/>
    <step time="18000.00" loaded="10018" inserted="9997" running="77" waiting="21" ended="9920" arrived="9920" collisions="0" teleports="0" halting="34" stopped="0" meanWaitingTime="24.86" meanTravelTime="109.78" meanSpeed="4.09" meanSpeedRelative="0.29" duration="2"/>
    <step time="18300.00" loaded="10209" inserted="10176" running="47" waiting="33" ended="10129" arrived="10129" collisions="0" teleports="0" halting="25" stopped="0" meanWaitingTime="25.05" meanTravelTime="110.09" meanSpeed="3.83" meanSpeedRelative="0.28" duration="2"/>
    <step time="18600.00" loaded="10369" inserted="10341" running="56" waiting="28" ended="10285" arrived="10285" collisions="0" teleports="0" halting="19" stopped="0" meanWaitingTime="25.60" meanTravelTime="109.92" meanSpeed="5.62" meanSpeedRelative="0.40" duration="3"/>
    <step time="18900.00" loaded="10555" inserted="10521" running="68" waiting="34" ended="10453" arrived="10453" collisions="0" teleports="0" halting="14" stopped="0" meanWaitingTime="25.92" meanTravelTime="109.80" meanSpeed="6.66" meanSpeedRelative="0.48" duration="3"/>
    <step time="19200.00" loaded="10730" inserted="10704" running="69" waiting="26" ended="10635" arrived="10635" collisions="0" teleports="0" halting="45" stopped="0" meanWaitingTime="26.21" meanTravelTime="109.74" meanSpeed="3.32" meanSpeedRelative="0.24" duration="3"/>
    <step time="19500.00" loaded="10938" inserted="10914" running="101" waiting="24" ended="10813" arrived="10813" collisions="0" teleports="0" halting="38" stopped="0" meanWaitingTime="26.49" meanTravelTime="109.99" meanSpeed="3.00" meanSpeedRelative="0.22" duration="3"/>
    <step time="19800.00" loaded="11118" inserted="11086" running="80" waiting="32" ended="11006" arrived="11006" collisions="0" teleports="0" halting="36" stopped="0" meanWaitingTime="26.79" meanTravelTime="110.31" meanSpeed="3.93" meanSpeedRelative="0.28" duration="3"/>
    <step time="20100.00" loaded="11315" inserted="11287" running="89" waiting="28" ended="11198" arrived="11198" collisions="0" teleports="0" halting="22" stopped="0" meanWaitingTime="27.26" meanTravelTime="110.60" meanSpeed="5.04" meanSpeedRelative="0.36" duration="4"/>
    <step time="20400.00" loaded="11482" inserted="11447" running="70" waiting="35" ended="11377" arrived="11377" collisions="0" teleports="0" halting="16" stopped="0" meanWaitingTime="27.73" meanTravelTime="110.68" meanSpeed="5.24" meanSpeedRelative="0.38" duration="3"/>
    <step time="20700.00" loaded="11653" inserted="11629" running="77" waiting="24" ended="11552" arrived="11552" collisions="0" teleports="0" halting="31" stopped="0" meanWaitingTime="28.18" meanTravelTime="110.68" meanSpeed="3.93" meanSpeedRelative="0.28" duration="3"/>
    <step time="21000.00" loaded="11838" inserted="11827" running="54" waiting="11" ended="11773" arrived="11773" collisions="0" teleports="0" halting="35" stopped="0" meanWaitingTime="28.41" meanTravelTime="110.61" meanSpeed="2.80" meanSpeedRelative="0.20" duration="2"/>
    <step time="21300.00" loaded="11999" inserted="11999" running="67" waiting="0" ended="11932" arrived="11932" collisions="0" teleports="0" halting="9" stopped="0" meanWaitingTime="28.18" meanTravelTime="110.44" meanSpeed="5.97" meanSpeedRelative="0.43" duration="1"/>
    <step time="21600.00" loaded="12223" inserted="12215" running="102" waiting="8" ended="12113" arrived="12113" collisions="0" teleports="0" halting="17" stopped="0" meanWaitingTime="27.88" meanTravelTime="110.50" meanSpeed="5.90" meanSpeedRelative="0.42" duration="2"/>
    <step time="21900.00" loaded="12410" inserted="12402" running="82" waiting="8" ended="12320" arrived="12320" collisions="0" teleports="0" halting="28" stopped="0" meanWaitingTime="27.57" meanTravelTime="110.79" meanSpeed="4.60" meanSpeedRelative="0.34" duration="2"/>
    <step time="22200.00" loaded="12600" inserted="12589" running="86" waiting="11" ended="12503" arrived="12503" collisions="0" teleports="0" halting="27" stopped="0" meanWaitingTime="27.35" meanTravelTime="110.83" meanSpeed="3.97" meanSpeedRelative="0.29" duration="1"/>
    <step time="22500.00" loaded="12775" inserted="12741" running="60" waiting="34" ended="12681" arrived="12681" collisions="0" teleports="0" halting="8" stopped="0" meanWaitingTime="27.26" meanTravelTime="111.47" meanSpeed="5.96" meanSpeedRelative="0.43" duration="3"/>
    <step time="22800.00" loaded="12973" inserted="12971" running="93" waiting="2" ended="12878" arrived="12878" collisions="0" teleports="0" halting="51" stopped="0" meanWaitingTime="27.23" meanTravelTime="111.43" meanSpeed="3.07" meanSpeedRelative="0.22" duration="4"/>
    <step time="23100.00" loaded="13160" inserted="13147" running="107" waiting="13" ended="13040" arrived="13040" collisions="0" teleports="0" halting="55" stopped="0" meanWaitingTime="27.03" meanTravelTime="111.93" meanSpeed="2.81" meanSpeedRelative="0.20" duration="4"/>
    <step time="23400.00" loaded="13349" inserted="13339" running="89" waiting="10" ended="13250" arrived="13250" collisions="0" teleports="0" halting="26" stopped="0" meanWaitingTime="26.95" meanTravelTime="112.41" meanSpeed="3.80" meanSpeedRelative="0.27" duration="3"/>
    <step time="23700.00" loaded="13579" inserted="13558" running="84" waiting="21" ended="13474" arrived="13474" collisions="0" teleports="0" halting="33" stopped="0" meanWaitingTime="26.74" meanTravelTime="112.55" meanSpeed="4.09" meanSpeedRelative="0.29" duration="3"/>
    <step time="24000.00" loaded="13755" inserted="13735" running="61" waiting="20" ended="13674" arrived="13674" collisions="0" teleports="0" halting="21" stopped="0" meanWaitingTime="26.73" meanTravelTime="112.66" meanSpeed="4.67" meanSpeedRelative="0.35" duration="2"/>
    <step time="24300.00" loaded="13967" inserted="13943" running="108" waiting="24" ended="13835" arrived="13835" collisions="0" teleports="0" halting="66" stopped="0" meanWaitingTime="26.84" meanTravelTime="112.70" meanSpeed="2.60" meanSpeedRelative="0.19" duration="4"/>
    <step time="24600.00" loaded="14193" inserted="14151" running="78" waiting="42" ended="14073" arrived="14073" collisions="0" teleports="0" halting="30" stopped="0" meanWaitingTime="27.05" meanTravelTime="113.04" meanSpeed="3.89" meanSpeedRelative="0.28" duration="3"/>
    <step time="24900.00" loaded="14409" inserted="14371" running="82" waiting="38" ended="14289" arrived="14289" collisions="0" teleports="0" halting="35" stopped="0" meanWaitingTime="27.58" meanTravelTime="113.02" meanSpeed="4.46" meanSpeedRelative="0.32" duration="1"/>
    <step time="25200.00" loaded="14601" inserted="14557" running="73" waiting="44" ended="14484" arrived="14484" collisions="0" teleports="0" halting="28" stopped="0" meanWaitingTime="27.77" meanTravelTime="113.03" meanSpeed="4.73" meanSpeedRelative="0.34" duration="2"/>
    <step time="25500.00" loaded="14775" inserted="14756" running="84" waiting="19" ended="14672" arrived="14672" collisions="0" teleports="0" halting="27" stopped="0" meanWaitingTime="28.15" meanTravelTime="113.28" meanSpeed="4.63" meanSpeedRelative="0.33" duration="2"/>
    <step time="25800.00" loaded="15006" inserted="14975" running="87" waiting="31" ended="14888" arrived="14888" collisions="0" teleports="0" halting="24" stopped="0" meanWaitingTime="28.13" meanTravelTime="113.41" meanSpeed="4.53" meanSpeedRelative="0.33" duration="3"/>
    <step time="26100.00" loaded="15215" inserted="15180" running="86" waiting="35" ended="15094" arrived="15094" collisions="0" teleports="0" halting="23" stopped="0" meanWaitingTime="28.39" meanTravelTime="113.37" meanSpeed="4.52" meanSpeedRelative="0.33" duration="3"/>
    <step time="26400.00" loaded="15409" inserted="15370" running="73" waiting="39" ended="15297" arrived="15297" collisions="0" teleports="0" halting="29" stopped="0" meanWaitingTime="28.68" meanTravelTime="113.64" meanSpeed="4.48" meanSpeedRelative="0.33" duration="2"/>
    <step time="26700.00" loaded="15624" inserted="15594" running="91" waiting="30" ended="15503" arrived="15503" collisions="0" teleports="0" halting="22" stopped="0" meanWaitingTime="29.09" meanTravelTime="113.45" meanSpeed="4.94" meanSpeedRelative="0.36" duration="2"/>
    <step time="27000.00" loaded="15840" inserted="15808" running="99" waiting="32" ended="15709" arrived="15709" collisions="0" teleports="0" halting="31" stopped="0" meanWaitingTime="29.41" meanTravelTime="113.51" meanSpeed="4.90" meanSpeedRelative="0.35" duration="2"/>
    <step time="27300.00" loaded="16064" inserted="16027" running="112" waiting="37" ended="15915" arrived="15915" collisions="0" teleports="0" halting="37" stopped="0" meanWaitingTime="29.67" meanTravelTime="113.39" meanSpeed="4.15" meanSpeedRelative="0.30" duration="5"/>
    <step time="27600.00" loaded="16264" inserted="16224" running="78" waiting="40" ended="16146" arrived="16146" collisions="0" teleports="0" halting="40" stopped="0" meanWaitingTime="29.89" meanTravelTime="113.63" meanSpeed="2.96" meanSpeedRelative="0.22" duration="2"/>
    <step time="27900.00" loaded="16473" inserted="16438" running="66" waiting="35" ended="16372" arrived="16372" collisions="0" teleports="0" halting="16" stopped="0" meanWaitingTime="30.20" meanTravelTime="113.52" meanSpeed="5.61" meanSpeedRelative="0.40" duration="3"/>
    <step time="28200.00" loaded="16697" inserted="16674" running="71" waiting="23" ended="16603" arrived="16603" collisions="0" teleports="0" halting="15" stopped="0" meanWaitingTime="30.49" meanTravelTime="113.25" meanSpeed="5.61" meanSpeedRelative="0.40" duration="2"/>
    <step time="28500.00" loaded="16899" inserted="16870" running="79" waiting="29" ended="16791" arrived="16791" collisions="0" teleports="0" halting="27" stopped="0" meanWaitingTime="30.60" meanTravelTime="113.29" meanSpeed="4.69" meanSpeedRelative="0.34" duration="1"/>
    <step time="28800.00" loaded="17110" inserted="17078" running="85" waiting="32" ended="16993" arrived="16993" collisions="0" teleports="0" halting="36" stopped="0" meanWaitingTime="30.66" meanTravelTime="113.11" meanSpeed="3.62" meanSpeedRelative="0.26" duration="2"/>
    <step time="29100.00" loaded="17337" inserted="17295" running="91" waiting="42" ended="17204" arrived="17204" collisions="0" teleports="0" halting="39" stopped="0" meanWaitingTime="30.68" meanTravelTime="113.61" meanSpeed="3.21" meanSpeedRelative="0.24" duration="1"/>
    <step time="29400.00" loaded="17545" inserted="17496" running="89" waiting="49" ended="17407" arrived="17407" collisions="0" teleports="0" halting="33" stopped="0" meanWaitingTime="30.97" meanTravelTime="113.91" meanSpeed="3.46" meanSpeedRelative="0.25" duration="3"/>
    <step time="29700.00" loaded="17723" inserted="17686" running="59" waiting="37" ended="17627" arrived="17627" collisions="0" teleports="0" halting="22" stopped="0" meanWaitingTime="31.20" meanTravelTime="114.14" meanSpeed="4.85" meanSpeedRelative="0.35" duration="1"/>
    <step time="30000.00" loaded="17898" inserted="17866" running="63" waiting="32" ended="17803" arrived="17803" collisions="0" teleports="0" halting="38" stopped="0" meanWaitingTime="31.44" meanTravelTime="114.03" meanSpeed="3.03" meanSpeedRelative="0.22" duration="2"/>
    <step time="30300.00" loaded="18100" inserted="18060" running="80" waiting="40" ended="17980" arrived="17980" collisions="0" teleports="0" halting="28" stopped="0" meanWaitingTime="31.79" meanTravelTime="114.08" meanSpeed="4.07" meanSpeedRelative="0.29" duration="1"/>
    <step time="30600.00" loaded="18314" inserted="18271" running="87" waiting="43" ended="18184" arrived="18184" collisions="0" teleports="0" halting="27" stopped="0" meanWaitingTime="32.10" meanTravelTime="114.03" meanSpeed="5.23" meanSpeedRelative="0.38" duration="4"/>
    <step time="30900.00" loaded="18535" inserted="18494" running="97" waiting="41" ended="18397" arrived="18397" collisions="0" teleports="0" halting="22" stopped="0" meanWaitingTime="32.39" meanTravelTime="114.04" meanSpeed="3.99" meanSpeedRelative="0.29" duration="3"/>
    <step time="31200.00" loaded="18707" inserted="18667" running="74" waiting="40" ended="18593" arrived="18593" collisions="0" teleports="0" halting="17" stopped="0" meanWaitingTime="32.49" meanTravelTime="114.42" meanSpeed="4.78" meanSpeedRelative="0.35" duration="3"/>
    <step time="31500.00" loaded="18885" inserted="18845" running="68" waiting="40" ended="18777" arrived="18777" collisions="0" teleports="0" halting="30" stopped="0" meanWaitingTime="32.74" meanTravelTime="114.74" meanSpeed="4.02" meanSpeedRelative="0.29" duration="2"/>
    <step time="31800.00" loaded="19045" inserted="19009" running="73" waiting="36" ended="18936" arrived="18936" collisions="0" teleports="0" halting="21" stopped="0" meanWaitingTime="33.08" meanTravelTime="114.77" meanSpeed="5.18" meanSpeedRelative="0.37" duration="1"/>
    <step time="32100.00" loaded="19226" inserted="19187" running="61" waiting="39" ended="19126" arrived="19126" collisions="0" teleports="0" halting="24" stopped="0" meanWaitingTime="33.47" meanTravelTime="114.68" meanSpeed="5.52" meanSpeedRelative="0.40" duration="2"/>
    <step time="32400.00" loaded="19392" inserted="19347" running="69" waiting="45" ended="19278" arrived="19278" collisions="0" teleports="0" halting="21" stopped="0" meanWaitingTime="33.73" meanTravelTime="114.56" meanSpeed="4.77" meanSpeedRelative="0.34" duration="3"/>
    <step time="32700.00" loaded="19572" inserted="19532" running="58" waiting="40" ended="19474" arrived="19474" collisions="0" teleports="0" halting="11" stopped="0" meanWaitingTime="33.96" meanTravelTime="114.63" meanSpeed="5.48" meanSpeedRelative="0.39" duration="2"/>
    <step time="33000.00" loaded="19741" inserted="19712" running="67" waiting="29" ended="19645" arrived="19645" collisions="0" teleports="0" halting="11" stopped="0" meanWaitingTime="34.26" meanTravelTime="114.75" meanSpeed="5.45" meanSpeedRelative="0.39" duration="2"/>
    <step time="33300.00" loaded="19874" inserted="19861" running="79" waiting="13" ended="19782" arrived="19782" collisions="0" teleports="0" halting="18" stopped="0" meanWaitingTime="34.41" meanTravelTime="114.89" meanSpeed="5.44" meanSpeedRelative="0.39" duration="1"/>
    <step time="33600.00" loaded="20065" inserted="20048" running="71" waiting="17" ended="19977" arrived="19977" collisions="0" teleports="0" halting="29" stopped="0" meanWaitingTime="34.37" meanTravelTime="114.95" meanSpeed="4.95" meanSpeedRelative="0.36" duration="2"/>
    <step time="33900.00" loaded="20221" inserted="20198" running="70" waiting="23" ended="20128" arrived="20128" collisions="0" teleports="0" halting="21" stopped="0" meanWaitingTime="34.35" meanTravelTime="114.90" meanSpeed="4.13" meanSpeedRelative="0.30" duration="2"/>
    <step time="34200.00" loaded="20383" inserted="20363" running="65" waiting="20" ended="20298" arrived="20298" collisions="0" teleports="0" halting="16" stopped="0" meanWaitingTime="34.34" meanTravelTime="114.92" meanSpeed="5.64" meanSpeedRelative="0.41" duration="2"/>
    <step time="34500.00" loaded="20550" inserted="20524" running="71" waiting="26" ended="20453" arrived="20453" collisions="0" teleports="0" halting="23" stopped="0" meanWaitingTime="34.44" meanTravelTime="115.03" meanSpeed="5.58" meanSpeedRelative="0.40" duration="3"/>
    <step time="34800.00" loaded="20702" inserted="20673" running="53" waiting="29" ended="20620" arrived="20620" collisions="0" teleports="0" halting="9" stopped="0" meanWaitingTime="34.63" meanTravelTime="115.05" meanSpeed="5.54" meanSpeedRelative="0.40" duration="1"/>
    <step time="35100.00" loaded="20839" inserted="20825" running="57" waiting="14" ended="20768" arrived="20768" collisions="0" teleports="0" halting="8" stopped="0" meanWaitingTime="34.78" meanTravelTime="115.01" meanSpeed="6.67" meanSpeedRelative="0.48" duration="3"/>
    <step time="35400.00" loaded="20976" inserted="20969" running="47" waiting="7" ended="20922" arrived="20922" collisions="0" teleports="0" halting="5" stopped="0" meanWaitingTime="34.61" meanTravelTime="114.90" meanSpeed="6.63" meanSpeedRelative="0.48" duration="2"/>
    <step time="35700.00" loaded="21119" inserted="21112" running="52" waiting="7" ended="21060" arrived="21060" collisions="0" teleports="0" halting="26" stopped="0" meanWaitingTime="34.50" meanTravelTime="114.91" meanSpeed="3.79" meanSpeedRelative="0.27" duration="2"/>
    <step time="36000.00" loaded="21279" inserted="21272" running="40" waiting="7" ended="21232" arrived="21232" collisions="0" teleports="0" halting="15" stopped="0" meanWaitingTime="34.36" meanTravelTime="114.84" meanSpeed="4.85" meanSpeedRelative="0.35" duration="2"/>
    <step time="36300.00" loaded="21451" inserted="21434" running="69" waiting="17" ended="21365" arrived="21365" collisions="0" teleports="0" halting="28" stopped="0" meanWaitingTime="34.27" meanTravelTime="114.64" meanSpeed="3.35" meanSpeedRelative="0.24" duration="2"/>
    <step time="36600.00" loaded="21598" inserted="21588" running="68" waiting="10" ended="21520" arrived="21520" collisions="0" teleports="0" halting="5" stopped="0" meanWaitingTime="34.21" meanTravelTime="114.78" meanSpeed="5.63" meanSpeedRelative="0.41" duration="3"/>
    <step time="36900.00" loaded="21736" inserted="21713" running="42" waiting="23" ended="21671" arrived="21671" collisions="0" teleports="0" halting="12" stopped="0" meanWaitingTime="34.10" meanTravelTime="114.96" meanSpeed="4.97" meanSpeedRelative="0.36" duration="2"/>
    <step time="37200.00" loaded="21860" inserted="21839" running="54" waiting="21" ended="21785" arrived="21785" collisions="0" teleports="0" halting="35" stopped="0" meanWaitingTime="34.11" meanTravelTime="114.90" meanSpeed="2.22" meanSpeedRelative="0.16" duration="2"/>
    <step time="37500.00" loaded="21999" inserted="21962" running="62" waiting="37" ended="21900" arrived="21900" collisions="0" teleports="0" halting="14" stopped="0" meanWaitingTime="34.26" meanTravelTime="115.14" meanSpeed="5.52" meanSpeedRelative="0.40" duration="2"/>
    <step time="37800.00" loaded="22154" inserted="22112" running="68" waiting="42" ended="22044" arrived="22044" collisions="0" teleports="0" halting="34" stopped="0" meanWaitingTime="34.52" meanTravelTime="115.28" meanSpeed="3.99" meanSpeedRelative="0.29" duration="2"/>
    <step time="38100.00" loaded="22299" inserted="22254" running="62" waiting="45" ended="22192" arrived="22192" collisions="0" teleports="0" halting="32" stopped="0" meanWaitingTime="34.77" meanTravelTime="115.32" meanSpeed="3.80" meanSpeedRelative="0.27" duration="2"/>
    <step time="38400.00" loaded="22426" inserted="22395" running="64" waiting="31" ended="22331" arrived="22331" collisions="0" teleports="0" halting="38" stopped="0" meanWaitingTime="35.11" meanTravelTime="115.45" meanSpeed="3.33" meanSpeedRelative="0.24" duration="3"/>
    <step time="38700.00" loaded="22523" inserted="22509" running="59" waiting="14" ended="22450" arrived="22450" collisions="0" teleports="0" halting="38" stopped="0" meanWaitingTime="35.29" meanTravelTime="115.55" meanSpeed="3.01" meanSpeedRelative="0.22" duration="2"/>
    <step time="39000.00" loaded="22628" inserted="22596" running="53" waiting="32" ended="22543" arrived="22543" collisions="0" teleports="0" halting="7" stopped="0" meanWaitingTime="35.48" meanTravelTime="115.73" meanSpeed="5.64" meanSpeedRelative="0.41" duration="2"/>
    <step time="39300.00" loaded="22754" inserted="22712" running="41" waiting="42" ended="22671" arrived="22671" collisions="0" teleports="0" halting="21" stopped="0" meanWaitingTime="35.75" meanTravelTime="115.91" meanSpeed="4.45" meanSpeedRelative="0.32" duration="2"/>
    <step time="39600.00" loaded="22867" inserted="22828" running="54" waiting="39" ended="22774" arrived="22774" collisions="0" teleports="0" halting="38" stopped="0" meanWaitingTime="36.00" meanTravelTime="115.96" meanSpeed="2.70" meanSpeedRelative="0.19" duration="1"/>
    <step time="39900.00" loaded="22989" inserted="22959" running="79" waiting="30" ended="22880" arrived="22880" collisions="0" teleports="0" halting="68" stopped="0" meanWaitingTime="36.30" meanTravelTime="116.07" meanSpeed="1.31" meanSpeedRelative="0.09" duration="3"/>
    <step time="40200.00" loaded="23078" inserted="23057" running="51" waiting="21" ended="23006" arrived="23006" collisions="0" teleports="0" halting="22" stopped="0" meanWaitingTime="36.58" meanTravelTime="116.43" meanSpeed="3.05" meanSpeedRelative="0.22" duration="2"/>
    <step time="40500.00" loaded="23178" inserted="23155" running="32" waiting="23" ended="23123" arrived="23123" collisions="0" teleports="0" halting="10" stopped="0" meanWaitingTime="36.70" meanTravelTime="116.62" meanSpeed="6.10" meanSpeedRelative="0.46" duration="1"/>
    <step time="40800.00" loaded="23286" inserted="23254" running="37" waiting="32" ended="23217" arrived="23217" collisions="0" teleports="0" halting="13" stopped="0" meanWaitingTime="36.95" meanTravelTime="116.53" meanSpeed="5.52" meanSpeedRelative="0.40" duration="1"/>
    <step time="41100.00" loaded="23369" inserted="23346" running="52" waiting="23" ended="23294" arrived="23294" collisions="0" teleports="0" halting="22" stopped="0" meanWaitingTime="37.15" meanTravelTime="116.60" meanSpeed="3.23" meanSpeedRelative="0.23" duration="1"/>
    <step time="41400.00" loaded="23432" inserted="23422" running="37" waiting="10" ended="23385" arrived="23385" collisions="0" teleports="0" halting="32" stopped="0" meanWaitingTime="37.25" meanTravelTime="116.85" meanSpeed="1.36" meanSpeedRelative="0.10" duration="1"/>
    <step time="41700.00" loaded="23530" inserted="23505" running="64" waiting="25" ended="23441" arrived="23441" collisions="0" teleports="0" halting="38" stopped="0" meanWaitingTime="37.39" meanTravelTime="116.94" meanSpeed="3.25" meanSpeedRelative="0.23" duration="2"/>
    <step time="42000.00" loaded="23612" inserted="23583" running="39" waiting="29" ended="23544" arrived="23544" collisions="0" teleports="0" halting="10" stopped="0" meanWaitingTime="37.58" meanTravelTime="117.40" meanSpeed="4.25" meanSpeedRelative="0.31" duration="1"/>
    <step time="42300.00" loaded="23717" inserted="23692" running="46" waiting="25" ended="23646" arrived="23646" collisions="0" teleports="0" halting="13" stopped="0" meanWaitingTime="37.84" meanTravelTime="117.47" meanSpeed="5.40" meanSpeedRelative="0.39" duration="1"/>
    <step time="42600.00" loaded="23829" inserted="23793" running="50" waiting="36" ended="23743" arrived="23743" collisions="0" teleports="0" halting="11" stopped="0" meanWaitingTime="38.07" meanTravelTime="117.43" meanSpeed="6.55" meanSpeedRelative="0.47" duration="2"/>
    <step time="42900.00" loaded="23928" inserted="23904" running="46" waiting="24" ended="23858" arrived="23858" collisions="0" teleports="0" halting="20" stopped="0" meanWaitingTime="38.35" meanTravelTime="117.53" meanSpeed="5.20" meanSpeedRelative="0.37" duration="2"/>
    <step time="43200.00" loaded="24029" inserted="23994" running="24" waiting="35" ended="23970" arrived="23970" collisions="0" teleports="0" halting="7" stopped="0" meanWaitingTime="38.49" meanTravelTime="117.54" meanSpeed="6.75" meanSpeedRelative="0.49" duration="1"/>
    <step time="43500.00" loaded="24107" inserted="24096" running="51" waiting="11" ended="24045" arrived="24045" collisions="0" teleports="0" halting="10" stopped="0" meanWaitingTime="38.64" meanTravelTime="117.49" meanSpeed="5.40" meanSpeedRelative="0.39" duration="1"/>
    <step time="43800.00" loaded="24210" inserted="24192" running="43" waiting="18" ended="24149" arrived="24149" collisions="0" teleports="0" halting="26" stopped="0" meanWaitingTime="38.70" meanTravelTime="117.59" meanSpeed="2.63" meanSpeedRelative="0.19" duration="2"/>
    <step time="44100.00" loaded="24316" inserted="24304" running="46" waiting="12" ended="24258" arrived="24258" collisions="0" teleports="0" halting="16" stopped="0" meanWaitingTime="38.73" meanTravelTime="117.58" meanSpeed="5.36" meanSpeedRelative="0.39" duration="1"/>
    <step time="44400.00" loaded="24427" inserted="24408" running="65" waiting="19" ended="24343" arrived="24343" collisions="0" teleports="0" halting="48" stopped="0" meanWaitingTime="38.74" meanTravelTime="117.49" meanSpeed="1.34" meanSpeedRelative="0.10" duration="2"/>
    <step time="44700.00" loaded="24530" inserted="24486" running="37" waiting="44" ended="24449" arrived="24449" collisions="0" teleports="0" halting="12" stopped="0" meanWaitingTime="38.91" meanTravelTime="117.92" meanSpeed="4.83" meanSpeedRelative="0.35" duration="1"/>
    <step time="45000.00" loaded="24634" inserted="24585" running="40" waiting="49" ended="24545" arrived="24545" collisions="0" teleports="0" halting="5" stopped="0" meanWaitingTime="39.23" meanTravelTime="117.91" meanSpeed="4.93" meanSpeedRelative="0.35" duration="2"/>
    <step time="45300.00" loaded="24721" inserted="24687" running="52" waiting="34" ended="24635" arrived="24635" collisions="0" teleports="0" halting="15" stopped="0" meanWaitingTime="39.57" meanTravelTime="118.04" meanSpeed="4.64" meanSpeedRelative="0.33" duration="2"/>
    <step time="45600.00" loaded="24805" inserted="24776" running="42" waiting="29" ended="24734" arrived="24734" collisions="0" teleports="0" halting="25" stopped="0" meanWaitingTime="39.80" meanTravelTime="118.16" meanSpeed="3.17" meanSpeedRelative="0.23" duration="1"/>
    <step time="45900.00" loaded="24891" inserted="24845" running="43" waiting="46" ended="24802" arrived="24802" collisions="0" teleports="0" halting="39" stopped="0" meanWaitingTime="40.04" meanTravelTime="118.17" meanSpeed="0.91" meanSpeedRelative="0.07" duration="2"/>
    <step time="46200.00" loaded="24971" inserted="24923" running="58" waiting="48" ended="24865" arrived="24865" collisions="0" teleports="0" halting="51" stopped="0" meanWaitingTime="40.28" meanTravelTime="118.01" meanSpeed="0.77" meanSpeedRelative="0.06" duration="2"/>
    <step time="46500.00" loaded="25019" inserted="25019" running="87" waiting="0" ended="24932" arrived="24932" collisions="0" teleports="0" halting="70" stopped="0" meanWaitingTime="40.64" meanTravelTime="117.89" meanSpeed="1.14" meanSpeedRelative="0.08" duration="2"/>
    <step time="46800.00" loaded="25039" inserted="25039" running="74" waiting="0" ended="24965" arrived="24965" collisions="0" teleports="0" halting="73" stopped="0" meanWaitingTime="40.60" meanTravelTime="117.84" meanSpeed="0.25" meanSpeedRelative="0.02" duration="3"/>
    <step time="47100.00" loaded="25057" inserted="25057" running="70" waiting="0" ended="24987" arrived="24987" collisions="0" teleports="0" halting="67" stopped="0" meanWaitingTime="40.58" meanTravelTime="117.76" meanSpeed="0.26" meanSpeedRelative="0.02" duration="2"/>
    <step time="47400.00" loaded="25073" inserted="25073" running="69" waiting="0" ended="25004" arrived="25004" collisions="0" teleports="0" halting="69" stopped="0" meanWaitingTime="40.55" meanTravelTime="117.71" meanSpeed="0.00" meanSpeedRelative="0.00" duration="2"/>
    <step time="47700.00" loaded="25087" inserted="25087" running="70" waiting="0" ended="25017" arrived="25017" collisions="0" teleports="0" halting="70" stopped="0" meanWaitingTime="40.53" meanTravelTime="117.67" meanSpeed="0.00" meanSpeedRelative="0.00" duration="1"/>
    <step time="48000.00" loaded="25100" inserted="25100" running="71" waiting="0" ended="25029" arrived="25029" collisions="0" teleports="0" halting="70" stopped="0" meanWaitingTime="40.51" meanTravelTime="117.64" meanSpeed="0.09" meanSpeedRelative="0.01" duration="2"/>
    <step time="48300.00" loaded="25114" inserted="25114" running="71" waiting="0" ended="25043" arrived="25043" collisions="0" teleports="0" halting="70" stopped="0" meanWaitingTime="40.48" meanTravelTime="117.59" meanSpeed="0.04" meanSpeedRelative="0.00" duration="2"/>
    <step time="48600.00" loaded="25130" inserted="25130" running="72" waiting="0" ended="25058" arrived="25058" collisions="0" teleports="0" halting="70" stopped="0" meanWaitingTime="40.46" meanTravelTime="117.54" meanSpeed="0.22" meanSpeedRelative="0.02" duration="2"/>
    <step time="48900.00" loaded="25145" inserted="25145" running="76" waiting="0" ended="25069" arrived="25069" collisions="0" teleports="0" halting="75" stopped="0" meanWaitingTime="40.43" meanTravelTime="117.50" meanSpeed="0.04" meanSpeedRelative="0.00" duration="2"/>
    <step time="49200.00" loaded="25154" inserted="25154" running="70" waiting="0" ended="25084" arrived="25084" collisions="0" teleports="0" halting="70" stopped="0" meanWaitingTime="40.42" meanTravelTime="117.47" meanSpeed="0.00" meanSpeedRelative="0.00" duration="2"/>
</summary>
