<?xml version="1.0" encoding="UTF-8"?>

<!-- generated on 2025-02-28 17:13:53 by Eclipse SUMO GUI Version 1.19.0
<configuration xmlns:xsi="http://www.w3.org/2001/XMLSchema-instance" xsi:noNamespaceSchemaLocation="http://sumo.dlr.de/xsd/sumoConfiguration.xsd">

    <input>
        <net-file value="Network.net.xml"/>
        <route-files value="CarRoutes.rou.xml"/>
        <additional-files value="Sensors.add.xml"/>
    </input>

    <output>
        <emission-output value="logs/Emissions.xml"/>
        <summary-output value="logs/Log_summary.xml"/>
        <summary-output.period value="300"/>
        <tripinfo-output value="logs/TripInfos.xml"/>
    </output>

    <time>
        <begin value="0"/>
        <end value="86400"/>
        <step-length value="0.25"/>
    </time>

    <processing>
        <ignore-junction-blocker value="0.1"/>
        <time-to-teleport value="-1"/>
    </processing>

    <report>
        <verbose value="true"/>
        <no-step-log value="true"/>
    </report>

    <emissions>
        <device.emissions.period value="10"/>
    </emissions>

    <traci_server>
        <remote-port value="57689"/>
    </traci_server>

    <gui_only>
        <quit-on-end value="true"/>
        <start value="true"/>
    </gui_only>

</configuration>
-->

<instantE1 xmlns:xsi="http://www.w3.org/2001/XMLSchema-instance" xsi:noNamespaceSchemaLocation="http://sumo.dlr.de/xsd/instant_e1_file.xsd">
    <instantOut id="235_D025" time="396.91" state="enter" vehID="Car_435" speed="7.14" length="5.00" type="DEFAULT_CAR"/>
    <instantOut id="235_D025" time="397.00" state="stay" vehID="Car_435" speed="7.14" length="5.00" type="DEFAULT_CAR"/>
    <instantOut id="235_D025" time="397.25" state="stay" vehID="Car_435" speed="7.71" length="5.00" type="DEFAULT_CAR"/>
    <instantOut id="235_D025" time="397.50" state="stay" vehID="Car_435" speed="8.38" length="5.00" type="DEFAULT_CAR"/>
    <instantOut id="235_D025" time="397.54" state="leave" vehID="Car_435" speed="8.90" length="5.00" type="DEFAULT_CAR" occupancy="0.63"/>
    <instantOut id="235_D025" time="3189.93" state="enter" vehID="Car_1902" speed="9.88" length="5.00" type="DEFAULT_CAR" gap="2792.40"/>
    <instantOut id="235_D025" time="3190.00" state="stay" vehID="Car_1902" speed="9.88" length="5.00" type="DEFAULT_CAR"/>
    <instantOut id="235_D025" time="3190.25" state="stay" vehID="Car_1902" speed="9.13" length="5.00" type="DEFAULT_CAR"/>
    <instantOut id="235_D025" time="3190.50" state="leave" vehID="Car_1902" speed="8.44" length="5.00" type="DEFAULT_CAR" occupancy="0.56"/>
    <instantOut id="235_D025" time="7993.07" state="enter" vehID="Car_4339" speed="9.34" length="5.00" type="DEFAULT_CAR" gap="4802.58"/>
    <instantOut id="235_D025" time="7993.25" state="stay" vehID="Car_4339" speed="9.34" length="5.00" type="DEFAULT_CAR"/>
    <instantOut id="235_D025" time="7993.50" state="stay" vehID="Car_4339" speed="8.59" length="5.00" type="DEFAULT_CAR"/>
    <instantOut id="235_D025" time="7993.65" state="leave" vehID="Car_4339" speed="7.84" length="5.00" type="DEFAULT_CAR" occupancy="0.58"/>
    <instantOut id="235_D025" time="9481.70" state="enter" vehID="Car_4441" speed="9.85" length="5.00" type="DEFAULT_CAR" gap="1488.05"/>
    <instantOut id="235_D025" time="9481.75" state="stay" vehID="Car_4441" speed="9.85" length="5.00" type="DEFAULT_CAR"/>
    <instantOut id="235_D025" time="9482.00" state="stay" vehID="Car_4441" speed="10.39" length="5.00" type="DEFAULT_CAR"/>
    <instantOut id="235_D025" time="9482.19" state="leave" vehID="Car_4441" speed="9.93" length="5.00" type="DEFAULT_CAR" occupancy="0.49"/>
    <instantOut id="235_D025" time="9970.02" state="enter" vehID="Car_5497" speed="7.13" length="5.00" type="DEFAULT_CAR" gap="487.83"/>
    <instantOut id="235_D025" time="9970.25" state="stay" vehID="Car_5497" speed="7.13" length="5.00" type="DEFAULT_CAR"/>
    <instantOut id="235_D025" time="9970.50" state="stay" vehID="Car_5497" speed="7.16" length="5.00" type="DEFAULT_CAR"/>
    <instantOut id="235_D025" time="9970.74" state="leave" vehID="Car_5497" speed="6.56" length="5.00" type="DEFAULT_CAR" occupancy="0.72"/>
    <instantOut id="235_D025" time="11327.48" state="enter" vehID="Car_5639" speed="9.66" length="5.00" type="DEFAULT_CAR" gap="1356.74"/>
    <instantOut id="235_D025" time="11327.50" state="stay" vehID="Car_5639" speed="9.66" length="5.00" type="DEFAULT_CAR"/>
    <instantOut id="235_D025" time="11327.75" state="stay" vehID="Car_5639" speed="9.52" length="5.00" type="DEFAULT_CAR"/>
    <instantOut id="235_D025" time="11328.00" state="stay" vehID="Car_5639" speed="8.77" length="5.00" type="DEFAULT_CAR"/>
    <instantOut id="235_D025" time="11328.03" state="leave" vehID="Car_5639" speed="8.08" length="5.00" type="DEFAULT_CAR" occupancy="0.55"/>
    <instantOut id="235_D025" time="12391.25" state="enter" vehID="Car_7373" speed="8.78" length="5.00" type="DEFAULT_CAR" gap="1063.22"/>
    <instantOut id="235_D025" time="12391.25" state="stay" vehID="Car_7373" speed="8.78" length="5.00" type="DEFAULT_CAR"/>
    <instantOut id="235_D025" time="12391.50" state="stay" vehID="Car_7373" speed="8.03" length="5.00" type="DEFAULT_CAR"/>
    <instantOut id="235_D025" time="12391.75" state="stay" vehID="Car_7373" speed="7.39" length="5.00" type="DEFAULT_CAR"/>
    <instantOut id="235_D025" time="12391.92" state="leave" vehID="Car_7373" speed="6.64" length="5.00" type="DEFAULT_CAR" occupancy="0.67"/>
    <instantOut id="235_D025" time="13222.00" state="enter" vehID="Car_6858" speed="9.50" length="5.00" type="DEFAULT_CAR" gap="830.08"/>
    <instantOut id="235_D025" time="13222.00" state="stay" vehID="Car_6858" speed="9.50" length="5.00" type="DEFAULT_CAR"/>
    <instantOut id="235_D025" time="13222.25" state="stay" vehID="Car_6858" speed="9.37" length="5.00" type="DEFAULT_CAR"/>
    <instantOut id="235_D025" time="13222.50" state="stay" vehID="Car_6858" speed="9.03" length="5.00" type="DEFAULT_CAR"/>
    <instantOut id="235_D025" time="13222.55" state="leave" vehID="Car_6858" speed="8.28" length="5.00" type="DEFAULT_CAR" occupancy="0.55"/>
    <instantOut id="235_D025" time="13269.21" state="enter" vehID="Car_7254" speed="9.58" length="5.00" type="DEFAULT_CAR" gap="46.67"/>
    <instantOut id="235_D025" time="13269.25" state="stay" vehID="Car_7254" speed="9.58" length="5.00" type="DEFAULT_CAR"/>
    <instantOut id="235_D025" time="13269.50" state="stay" vehID="Car_7254" speed="8.83" length="5.00" type="DEFAULT_CAR"/>
    <instantOut id="235_D025" time="13269.75" state="stay" vehID="Car_7254" speed="8.08" length="5.00" type="DEFAULT_CAR"/>
    <instantOut id="235_D025" time="13269.81" state="leave" vehID="Car_7254" speed="7.33" length="5.00" type="DEFAULT_CAR" occupancy="0.59"/>
    <instantOut id="235_D025" time="15086.29" state="enter" vehID="Car_8422" speed="7.10" length="5.00" type="DEFAULT_CAR" gap="1816.48"/>
    <instantOut id="235_D025" time="15086.50" state="stay" vehID="Car_8422" speed="7.10" length="5.00" type="DEFAULT_CAR"/>
    <instantOut id="235_D025" time="15086.75" state="stay" vehID="Car_8422" speed="6.35" length="5.00" type="DEFAULT_CAR"/>
    <instantOut id="235_D025" time="15087.00" state="stay" vehID="Car_8422" speed="5.60" length="5.00" type="DEFAULT_CAR"/>
    <instantOut id="235_D025" time="15087.11" state="leave" vehID="Car_8422" speed="4.93" length="5.00" type="DEFAULT_CAR" occupancy="0.82"/>
    <instantOut id="235_D025" time="16150.04" state="enter" vehID="Car_8745" speed="7.02" length="5.00" type="DEFAULT_CAR" gap="1062.93"/>
    <instantOut id="235_D025" time="16150.25" state="stay" vehID="Car_8745" speed="7.02" length="5.00" type="DEFAULT_CAR"/>
    <instantOut id="235_D025" time="16150.50" state="stay" vehID="Car_8745" speed="7.65" length="5.00" type="DEFAULT_CAR"/>
    <instantOut id="235_D025" time="16150.70" state="leave" vehID="Car_8745" speed="8.15" length="5.00" type="DEFAULT_CAR" occupancy="0.66"/>
    <instantOut id="235_D025" time="16944.98" state="enter" vehID="Car_8459" speed="9.48" length="5.00" type="DEFAULT_CAR" gap="794.28"/>
    <instantOut id="235_D025" time="16945.00" state="stay" vehID="Car_8459" speed="9.48" length="5.00" type="DEFAULT_CAR"/>
    <instantOut id="235_D025" time="16945.25" state="stay" vehID="Car_8459" speed="8.96" length="5.00" type="DEFAULT_CAR"/>
    <instantOut id="235_D025" time="16945.50" state="stay" vehID="Car_8459" speed="8.21" length="5.00" type="DEFAULT_CAR"/>
    <instantOut id="235_D025" time="16945.57" state="leave" vehID="Car_8459" speed="7.46" length="5.00" type="DEFAULT_CAR" occupancy="0.59"/>
    <instantOut id="235_D025" time="17347.97" state="enter" vehID="Car_10519" speed="8.85" length="5.00" type="DEFAULT_CAR" gap="402.41"/>
    <instantOut id="235_D025" time="17348.00" state="stay" vehID="Car_10519" speed="8.85" length="5.00" type="DEFAULT_CAR"/>
    <instantOut id="235_D025" time="17348.25" state="stay" vehID="Car_10519" speed="8.10" length="5.00" type="DEFAULT_CAR"/>
    <instantOut id="235_D025" time="17348.50" state="stay" vehID="Car_10519" speed="7.35" length="5.00" type="DEFAULT_CAR"/>
    <instantOut id="235_D025" time="17348.64" state="leave" vehID="Car_10519" speed="6.64" length="5.00" type="DEFAULT_CAR" occupancy="0.66"/>
    <instantOut id="235_D025" time="17653.99" state="enter" vehID="Car_10532" speed="6.81" length="5.00" type="DEFAULT_CAR" gap="305.35"/>
    <instantOut id="235_D025" time="17654.00" state="stay" vehID="Car_10532" speed="6.81" length="5.00" type="DEFAULT_CAR"/>
    <instantOut id="235_D025" time="17654.25" state="stay" vehID="Car_10532" speed="7.64" length="5.00" type="DEFAULT_CAR"/>
    <instantOut id="235_D025" time="17654.50" state="stay" vehID="Car_10532" speed="7.77" length="5.00" type="DEFAULT_CAR"/>
    <instantOut id="235_D025" time="17654.65" state="leave" vehID="Car_10532" speed="7.02" length="5.00" type="DEFAULT_CAR" occupancy="0.66"/>
    <instantOut id="235_D025" time="19793.74" state="enter" vehID="Car_10540" speed="8.82" length="5.00" type="DEFAULT_CAR" gap="2139.08"/>
    <instantOut id="235_D025" time="19793.75" state="stay" vehID="Car_10540" speed="8.82" length="5.00" type="DEFAULT_CAR"/>
    <instantOut id="235_D025" time="19794.00" state="stay" vehID="Car_10540" speed="8.09" length="5.00" type="DEFAULT_CAR"/>
    <instantOut id="235_D025" time="19794.25" state="stay" vehID="Car_10540" speed="7.34" length="5.00" type="DEFAULT_CAR"/>
    <instantOut id="235_D025" time="19794.40" state="leave" vehID="Car_10540" speed="7.21" length="5.00" type="DEFAULT_CAR" occupancy="0.66"/>
    <instantOut id="235_D025" time="25405.71" state="enter" vehID="Car_14327" speed="10.18" length="5.00" type="DEFAULT_CAR" gap="5611.31"/>
    <instantOut id="235_D025" time="25405.75" state="stay" vehID="Car_14327" speed="10.18" length="5.00" type="DEFAULT_CAR"/>
    <instantOut id="235_D025" time="25406.00" state="stay" vehID="Car_14327" speed="9.43" length="5.00" type="DEFAULT_CAR"/>
    <instantOut id="235_D025" time="25406.25" state="stay" vehID="Car_14327" speed="8.68" length="5.00" type="DEFAULT_CAR"/>
    <instantOut id="235_D025" time="25406.26" state="leave" vehID="Car_14327" speed="7.93" length="5.00" type="DEFAULT_CAR" occupancy="0.55"/>
    <instantOut id="235_D025" time="26176.94" state="enter" vehID="Car_15301" speed="7.04" length="5.00" type="DEFAULT_CAR" gap="770.68"/>
    <instantOut id="235_D025" time="26177.00" state="stay" vehID="Car_15301" speed="7.04" length="5.00" type="DEFAULT_CAR"/>
    <instantOut id="235_D025" time="26177.25" state="stay" vehID="Car_15301" speed="7.53" length="5.00" type="DEFAULT_CAR"/>
    <instantOut id="235_D025" time="26177.50" state="stay" vehID="Car_15301" speed="6.94" length="5.00" type="DEFAULT_CAR"/>
    <instantOut id="235_D025" time="26177.65" state="leave" vehID="Car_15301" speed="6.37" length="5.00" type="DEFAULT_CAR" occupancy="0.71"/>
    <instantOut id="235_D025" time="26592.23" state="enter" vehID="Car_15649" speed="9.64" length="5.00" type="DEFAULT_CAR" gap="414.58"/>
    <instantOut id="235_D025" time="26592.25" state="stay" vehID="Car_15649" speed="9.64" length="5.00" type="DEFAULT_CAR"/>
    <instantOut id="235_D025" time="26592.50" state="stay" vehID="Car_15649" speed="9.89" length="5.00" type="DEFAULT_CAR"/>
    <instantOut id="235_D025" time="26592.75" state="stay" vehID="Car_15649" speed="9.17" length="5.00" type="DEFAULT_CAR"/>
    <instantOut id="235_D025" time="26592.75" state="leave" vehID="Car_15649" speed="8.42" length="5.00" type="DEFAULT_CAR" occupancy="0.53"/>
    <instantOut id="235_D025" time="27573.98" state="enter" vehID="Car_15195" speed="8.74" length="5.00" type="DEFAULT_CAR" gap="981.23"/>
    <instantOut id="235_D025" time="27574.00" state="stay" vehID="Car_15195" speed="8.74" length="5.00" type="DEFAULT_CAR"/>
    <instantOut id="235_D025" time="27574.25" state="stay" vehID="Car_15195" speed="8.01" length="5.00" type="DEFAULT_CAR"/>
    <instantOut id="235_D025" time="27574.50" state="stay" vehID="Car_15195" speed="7.30" length="5.00" type="DEFAULT_CAR"/>
    <instantOut id="235_D025" time="27574.65" state="leave" vehID="Car_15195" speed="6.79" length="5.00" type="DEFAULT_CAR" occupancy="0.67"/>
    <instantOut id="235_D025" time="29225.94" state="enter" vehID="Car_17245" speed="10.22" length="5.00" type="DEFAULT_CAR" gap="1651.29"/>
    <instantOut id="235_D025" time="29226.00" state="stay" vehID="Car_17245" speed="10.22" length="5.00" type="DEFAULT_CAR"/>
    <instantOut id="235_D025" time="29226.25" state="stay" vehID="Car_17245" speed="10.36" length="5.00" type="DEFAULT_CAR"/>
    <instantOut id="235_D025" time="29226.44" state="leave" vehID="Car_17245" speed="9.61" length="5.00" type="DEFAULT_CAR" occupancy="0.50"/>
    <instantOut id="235_D025" time="30883.71" state="enter" vehID="Car_18847" speed="10.06" length="5.00" type="DEFAULT_CAR" gap="1657.27"/>
    <instantOut id="235_D025" time="30883.75" state="stay" vehID="Car_18847" speed="10.06" length="5.00" type="DEFAULT_CAR"/>
    <instantOut id="235_D025" time="30884.00" state="stay" vehID="Car_18847" speed="9.35" length="5.00" type="DEFAULT_CAR"/>
    <instantOut id="235_D025" time="30884.25" state="stay" vehID="Car_18847" speed="8.60" length="5.00" type="DEFAULT_CAR"/>
    <instantOut id="235_D025" time="30884.27" state="leave" vehID="Car_18847" speed="7.85" length="5.00" type="DEFAULT_CAR" occupancy="0.55"/>
    <instantOut id="235_D025" time="31653.45" state="enter" vehID="Car_19551" speed="9.69" length="5.00" type="DEFAULT_CAR" gap="769.19"/>
    <instantOut id="235_D025" time="31653.50" state="stay" vehID="Car_19551" speed="9.69" length="5.00" type="DEFAULT_CAR"/>
    <instantOut id="235_D025" time="31653.75" state="stay" vehID="Car_19551" speed="9.48" length="5.00" type="DEFAULT_CAR"/>
    <instantOut id="235_D025" time="31654.00" state="leave" vehID="Car_19551" speed="8.84" length="5.00" type="DEFAULT_CAR" occupancy="0.54"/>
    <instantOut id="235_D025" time="31746.69" state="enter" vehID="Car_19817" speed="10.14" length="5.00" type="DEFAULT_CAR" gap="92.70"/>
    <instantOut id="235_D025" time="31746.75" state="stay" vehID="Car_19817" speed="10.14" length="5.00" type="DEFAULT_CAR"/>
    <instantOut id="235_D025" time="31747.00" state="stay" vehID="Car_19817" speed="10.75" length="5.00" type="DEFAULT_CAR"/>
    <instantOut id="235_D025" time="31747.17" state="leave" vehID="Car_19817" speed="10.01" length="5.00" type="DEFAULT_CAR" occupancy="0.48"/>
    <instantOut id="235_D025" time="36864.97" state="enter" vehID="Car_22243" speed="9.60" length="5.00" type="DEFAULT_CAR" gap="5117.80"/>
    <instantOut id="235_D025" time="36865.00" state="stay" vehID="Car_22243" speed="9.60" length="5.00" type="DEFAULT_CAR"/>
    <instantOut id="235_D025" time="36865.25" state="stay" vehID="Car_22243" speed="10.25" length="5.00" type="DEFAULT_CAR"/>
    <instantOut id="235_D025" time="36865.47" state="leave" vehID="Car_22243" speed="9.61" length="5.00" type="DEFAULT_CAR" occupancy="0.50"/>
    <instantOut id="235_D025" time="38283.04" state="enter" vehID="Car_22014" speed="7.09" length="5.00" type="DEFAULT_CAR" gap="1417.56"/>
    <instantOut id="235_D025" time="38283.25" state="stay" vehID="Car_22014" speed="7.09" length="5.00" type="DEFAULT_CAR"/>
    <instantOut id="235_D025" time="38283.50" state="stay" vehID="Car_22014" speed="6.34" length="5.00" type="DEFAULT_CAR"/>
    <instantOut id="235_D025" time="38283.75" state="stay" vehID="Car_22014" speed="5.70" length="5.00" type="DEFAULT_CAR"/>
    <instantOut id="235_D025" time="38283.85" state="leave" vehID="Car_22014" speed="4.95" length="5.00" type="DEFAULT_CAR" occupancy="0.81"/>
    <instantOut id="235_D025" time="40115.03" state="enter" vehID="Car_23055" speed="11.82" length="5.00" type="DEFAULT_CAR" gap="1831.19"/>
    <instantOut id="235_D025" time="40115.25" state="stay" vehID="Car_23055" speed="11.82" length="5.00" type="DEFAULT_CAR"/>
    <instantOut id="235_D025" time="40115.47" state="leave" vehID="Car_23055" speed="11.07" length="5.00" type="DEFAULT_CAR" occupancy="0.44"/>
    <instantOut id="235_D025" time="40428.24" state="enter" vehID="Car_23275" speed="9.31" length="5.00" type="DEFAULT_CAR" gap="312.77"/>
    <instantOut id="235_D025" time="40428.25" state="stay" vehID="Car_23275" speed="9.31" length="5.00" type="DEFAULT_CAR"/>
    <instantOut id="235_D025" time="40428.50" state="stay" vehID="Car_23275" speed="9.18" length="5.00" type="DEFAULT_CAR"/>
    <instantOut id="235_D025" time="40428.75" state="stay" vehID="Car_23275" speed="8.43" length="5.00" type="DEFAULT_CAR"/>
    <instantOut id="235_D025" time="40428.81" state="leave" vehID="Car_23275" speed="7.68" length="5.00" type="DEFAULT_CAR" occupancy="0.57"/>
    <instantOut id="235_D025" time="41917.75" state="enter" vehID="Car_23260" speed="8.93" length="5.00" type="DEFAULT_CAR" gap="1488.94"/>
    <instantOut id="235_D025" time="41917.75" state="stay" vehID="Car_23260" speed="8.93" length="5.00" type="DEFAULT_CAR"/>
    <instantOut id="235_D025" time="41918.00" state="stay" vehID="Car_23260" speed="8.22" length="5.00" type="DEFAULT_CAR"/>
    <instantOut id="235_D025" time="41918.25" state="stay" vehID="Car_23260" speed="7.65" length="5.00" type="DEFAULT_CAR"/>
    <instantOut id="235_D025" time="41918.39" state="leave" vehID="Car_23260" speed="7.24" length="5.00" type="DEFAULT_CAR" occupancy="0.64"/>
</instantE1>
