<?xml version="1.0" encoding="UTF-8"?>

<!-- generated on 2025-02-28 16:21:16 by Eclipse SUMO GUI Version 1.19.0
<configuration xmlns:xsi="http://www.w3.org/2001/XMLSchema-instance" xsi:noNamespaceSchemaLocation="http://sumo.dlr.de/xsd/sumoConfiguration.xsd">

    <input>
        <net-file value="Network.net.xml"/>
        <route-files value="CarRoutes.rou.xml"/>
        <additional-files value="Sensors.add.xml"/>
    </input>

    <output>
        <emission-output value="logs/Emissions.xml"/>
        <summary-output value="logs/Log_summary.xml"/>
        <summary-output.period value="300"/>
        <tripinfo-output value="logs/TripInfos.xml"/>
    </output>

    <time>
        <begin value="0"/>
        <end value="86400"/>
        <step-length value="0.25"/>
    </time>

    <processing>
        <ignore-junction-blocker value="0.1"/>
        <time-to-teleport value="-1"/>
    </processing>

    <report>
        <verbose value="true"/>
        <no-step-log value="true"/>
    </report>

    <emissions>
        <device.emissions.period value="10"/>
    </emissions>

    <traci_server>
        <remote-port value="56855"/>
    </traci_server>

    <gui_only>
        <quit-on-end value="true"/>
        <start value="true"/>
    </gui_only>

</configuration>
-->

<summary xmlns:xsi="http://www.w3.org/2001/XMLSchema-instance" xsi:noNamespaceSchemaLocation="http://sumo.dlr.de/xsd/summary_file.xsd">
    <step time="0.00" loaded="0" inserted="0" running="0" waiting="0" ended="0" arrived="0" collisions="0" teleports="0" halting="0" stopped="0" meanWaitingTime="-1.00" meanTravelTime="-1.00" meanSpeed="-1.00" meanSpeedRelative="-1.00" duration="0"/>
    <step time="300.00" loaded="209" inserted="195" running="87" waiting="14" ended="108" arrived="108" collisions="0" teleports="0" halting="44" stopped="0" meanWaitingTime="13.47" meanTravelTime="75.72" meanSpeed="3.37" meanSpeedRelative="0.24" duration="2"/>
    <step time="600.00" loaded="373" inserted="361" running="74" waiting="12" ended="287" arrived="287" collisions="0" teleports="0" halting="35" stopped="0" meanWaitingTime="16.21" meanTravelTime="117.16" meanSpeed="4.35" meanSpeedRelative="0.31" duration="1"/>
    <step time="900.00" loaded="531" inserted="520" running="51" waiting="11" ended="469" arrived="469" collisions="0" teleports="0" halting="22" stopped="0" meanWaitingTime="14.75" meanTravelTime="114.52" meanSpeed="4.67" meanSpeedRelative="0.34" duration="1"/>
    <step time="1200.00" loaded="705" inserted="690" running="56" waiting="15" ended="634" arrived="634" collisions="0" teleports="0" halting="7" stopped="0" meanWaitingTime="17.44" meanTravelTime="112.75" meanSpeed="8.38" meanSpeedRelative="0.60" duration="1"/>
    <step time="1500.00" loaded="868" inserted="848" running="60" waiting="20" ended="788" arrived="788" collisions="0" teleports="0" halting="21" stopped="0" meanWaitingTime="18.29" meanTravelTime="111.35" meanSpeed="4.81" meanSpeedRelative="0.35" duration="1"/>
    <step time="1800.00" loaded="1030" inserted="1010" running="64" waiting="20" ended="946" arrived="946" collisions="0" teleports="0" halting="24" stopped="0" meanWaitingTime="21.14" meanTravelTime="110.89" meanSpeed="4.85" meanSpeedRelative="0.35" duration="2"/>
    <step time="2100.00" loaded="1188" inserted="1173" running="70" waiting="15" ended="1103" arrived="1103" collisions="0" teleports="0" halting="44" stopped="0" meanWaitingTime="19.95" meanTravelTime="111.59" meanSpeed="3.14" meanSpeedRelative="0.23" duration="2"/>
    <step time="2400.00" loaded="1336" inserted="1320" running="42" waiting="16" ended="1278" arrived="1278" collisions="0" teleports="0" halting="22" stopped="0" meanWaitingTime="19.73" meanTravelTime="113.23" meanSpeed="3.89" meanSpeedRelative="0.28" duration="1"/>
    <step time="2700.00" loaded="1479" inserted="1478" running="48" waiting="1" ended="1430" arrived="1430" collisions="0" teleports="0" halting="13" stopped="0" meanWaitingTime="19.56" meanTravelTime="111.35" meanSpeed="4.45" meanSpeedRelative="0.32" duration="1"/>
    <step time="3000.00" loaded="1639" inserted="1632" running="44" waiting="7" ended="1588" arrived="1588" collisions="0" teleports="0" halting="28" stopped="0" meanWaitingTime="18.27" meanTravelTime="112.00" meanSpeed="2.66" meanSpeedRelative="0.19" duration="1"/>
    <step time="3300.00" loaded="1810" inserted="1794" running="54" waiting="16" ended="1740" arrived="1740" collisions="0" teleports="0" halting="9" stopped="0" meanWaitingTime="18.48" meanTravelTime="111.79" meanSpeed="6.91" meanSpeedRelative="0.50" duration="1"/>
    <step time="3600.00" loaded="1944" inserted="1944" running="49" waiting="0" ended="1895" arrived="1895" collisions="0" teleports="0" halting="14" stopped="0" meanWaitingTime="18.22" meanTravelTime="110.53" meanSpeed="5.07" meanSpeedRelative="0.37" duration="1"/>
    <step time="3900.00" loaded="2111" inserted="2111" running="83" waiting="0" ended="2028" arrived="2028" collisions="0" teleports="0" halting="36" stopped="0" meanWaitingTime="16.89" meanTravelTime="110.03" meanSpeed="2.84" meanSpeedRelative="0.20" duration="2"/>
    <step time="4200.00" loaded="2240" inserted="2235" running="42" waiting="5" ended="2193" arrived="2193" collisions="0" teleports="0" halting="7" stopped="0" meanWaitingTime="17.14" meanTravelTime="112.47" meanSpeed="6.25" meanSpeedRelative="0.45" duration="0"/>
    <step time="4500.00" loaded="2419" inserted="2418" running="67" waiting="1" ended="2351" arrived="2351" collisions="0" teleports="0" halting="30" stopped="0" meanWaitingTime="16.44" meanTravelTime="111.27" meanSpeed="3.91" meanSpeedRelative="0.28" duration="2"/>
    <step time="4800.00" loaded="2578" inserted="2572" running="48" waiting="6" ended="2524" arrived="2524" collisions="0" teleports="0" halting="15" stopped="0" meanWaitingTime="15.70" meanTravelTime="110.48" meanSpeed="5.19" meanSpeedRelative="0.41" duration="2"/>
    <step time="5100.00" loaded="2744" inserted="2735" running="56" waiting="9" ended="2679" arrived="2679" collisions="0" teleports="0" halting="6" stopped="0" meanWaitingTime="16.38" meanTravelTime="109.56" meanSpeed="7.07" meanSpeedRelative="0.51" duration="1"/>
    <step time="5400.00" loaded="2897" inserted="2895" running="48" waiting="2" ended="2847" arrived="2847" collisions="0" teleports="0" halting="7" stopped="0" meanWaitingTime="15.82" meanTravelTime="109.95" meanSpeed="6.41" meanSpeedRelative="0.46" duration="1"/>
    <step time="5700.00" loaded="3085" inserted="3070" running="69" waiting="15" ended="3001" arrived="3001" collisions="0" teleports="0" halting="35" stopped="0" meanWaitingTime="15.30" meanTravelTime="109.54" meanSpeed="3.95" meanSpeedRelative="0.28" duration="2"/>
    <step time="6000.00" loaded="3210" inserted="3207" running="42" waiting="3" ended="3165" arrived="3165" collisions="0" teleports="0" halting="14" stopped="0" meanWaitingTime="15.33" meanTravelTime="110.69" meanSpeed="5.14" meanSpeedRelative="0.37" duration="1"/>
    <step time="6300.00" loaded="3372" inserted="3355" running="54" waiting="17" ended="3301" arrived="3301" collisions="0" teleports="0" halting="24" stopped="0" meanWaitingTime="15.40" meanTravelTime="110.82" meanSpeed="3.94" meanSpeedRelative="0.28" duration="1"/>
    <step time="6600.00" loaded="3531" inserted="3523" running="51" waiting="8" ended="3472" arrived="3472" collisions="0" teleports="0" halting="20" stopped="0" meanWaitingTime="15.49" meanTravelTime="110.08" meanSpeed="5.14" meanSpeedRelative="0.37" duration="1"/>
    <step time="6900.00" loaded="3715" inserted="3698" running="58" waiting="17" ended="3640" arrived="3640" collisions="0" teleports="0" halting="21" stopped="0" meanWaitingTime="15.60" meanTravelTime="108.79" meanSpeed="3.73" meanSpeedRelative="0.27" duration="2"/>
    <step time="7200.00" loaded="3873" inserted="3853" running="50" waiting="20" ended="3803" arrived="3803" collisions="0" teleports="0" halting="21" stopped="0" meanWaitingTime="16.20" meanTravelTime="108.50" meanSpeed="4.62" meanSpeedRelative="0.35" duration="2"/>
    <step time="7500.00" loaded="4020" inserted="4008" running="36" waiting="12" ended="3972" arrived="3972" collisions="0" teleports="0" halting="14" stopped="0" meanWaitingTime="16.87" meanTravelTime="108.10" meanSpeed="5.39" meanSpeedRelative="0.39" duration="1"/>
    <step time="7800.00" loaded="4174" inserted="4151" running="38" waiting="23" ended="4113" arrived="4113" collisions="0" teleports="0" halting="10" stopped="0" meanWaitingTime="17.36" meanTravelTime="107.29" meanSpeed="5.78" meanSpeedRelative="0.42" duration="1"/>
    <step time="8100.00" loaded="4347" inserted="4332" running="47" waiting="15" ended="4285" arrived="4285" collisions="0" teleports="0" halting="13" stopped="0" meanWaitingTime="18.46" meanTravelTime="106.12" meanSpeed="5.46" meanSpeedRelative="0.39" duration="1"/>
    <step time="8400.00" loaded="4529" inserted="4525" running="65" waiting="4" ended="4460" arrived="4460" collisions="0" teleports="0" halting="22" stopped="0" meanWaitingTime="18.42" meanTravelTime="105.60" meanSpeed="4.80" meanSpeedRelative="0.35" duration="2"/>
    <step time="8700.00" loaded="4698" inserted="4696" running="55" waiting="2" ended="4641" arrived="4641" collisions="0" teleports="0" halting="18" stopped="0" meanWaitingTime="18.24" meanTravelTime="105.47" meanSpeed="5.72" meanSpeedRelative="0.41" duration="1"/>
    <step time="9000.00" loaded="4885" inserted="4868" running="61" waiting="17" ended="4807" arrived="4807" collisions="0" teleports="0" halting="12" stopped="0" meanWaitingTime="18.00" meanTravelTime="104.86" meanSpeed="4.03" meanSpeedRelative="0.29" duration="2"/>
    <step time="9300.00" loaded="5066" inserted="5048" running="49" waiting="18" ended="4999" arrived="4999" collisions="0" teleports="0" halting="21" stopped="0" meanWaitingTime="18.01" meanTravelTime="104.82" meanSpeed="5.61" meanSpeedRelative="0.40" duration="1"/>
    <step time="9600.00" loaded="5237" inserted="5226" running="57" waiting="11" ended="5169" arrived="5169" collisions="0" teleports="0" halting="15" stopped="0" meanWaitingTime="18.44" meanTravelTime="104.24" meanSpeed="6.71" meanSpeedRelative="0.48" duration="2"/>
    <step time="9900.00" loaded="5382" inserted="5377" running="45" waiting="5" ended="5332" arrived="5332" collisions="0" teleports="0" halting="14" stopped="0" meanWaitingTime="18.28" meanTravelTime="103.84" meanSpeed="6.54" meanSpeedRelative="0.47" duration="1"/>
    <step time="10200.00" loaded="5553" inserted="5546" running="53" waiting="7" ended="5493" arrived="5493" collisions="0" teleports="0" halting="8" stopped="0" meanWaitingTime="18.02" meanTravelTime="103.77" meanSpeed="5.86" meanSpeedRelative="0.44" duration="1"/>
    <step time="10500.00" loaded="5731" inserted="5720" running="58" waiting="11" ended="5662" arrived="5662" collisions="0" teleports="0" halting="10" stopped="0" meanWaitingTime="17.87" meanTravelTime="103.79" meanSpeed="6.26" meanSpeedRelative="0.45" duration="2"/>
    <step time="10800.00" loaded="5903" inserted="5895" running="64" waiting="8" ended="5831" arrived="5831" collisions="0" teleports="0" halting="6" stopped="0" meanWaitingTime="17.92" meanTravelTime="103.98" meanSpeed="7.03" meanSpeedRelative="0.51" duration="3"/>
    <step time="11100.00" loaded="6078" inserted="6060" running="52" waiting="18" ended="6008" arrived="6008" collisions="0" teleports="0" halting="22" stopped="0" meanWaitingTime="17.93" meanTravelTime="104.21" meanSpeed="4.33" meanSpeedRelative="0.31" duration="3"/>
    <step time="11400.00" loaded="6249" inserted="6215" running="53" waiting="34" ended="6162" arrived="6162" collisions="0" teleports="0" halting="10" stopped="0" meanWaitingTime="18.59" meanTravelTime="104.04" meanSpeed="6.22" meanSpeedRelative="0.45" duration="2"/>
    <step time="11700.00" loaded="6394" inserted="6375" running="54" waiting="19" ended="6321" arrived="6321" collisions="0" teleports="0" halting="11" stopped="0" meanWaitingTime="19.64" meanTravelTime="103.87" meanSpeed="5.19" meanSpeedRelative="0.37" duration="1"/>
    <step time="12000.00" loaded="6571" inserted="6564" running="73" waiting="7" ended="6491" arrived="6491" collisions="0" teleports="0" halting="23" stopped="0" meanWaitingTime="19.65" meanTravelTime="104.29" meanSpeed="4.06" meanSpeedRelative="0.29" duration="1"/>
    <step time="12300.00" loaded="6739" inserted="6739" running="81" waiting="0" ended="6658" arrived="6658" collisions="0" teleports="0" halting="32" stopped="0" meanWaitingTime="19.37" meanTravelTime="104.92" meanSpeed="4.66" meanSpeedRelative="0.34" duration="3"/>
    <step time="12600.00" loaded="6907" inserted="6886" running="62" waiting="21" ended="6824" arrived="6824" collisions="0" teleports="0" halting="25" stopped="0" meanWaitingTime="19.18" meanTravelTime="105.49" meanSpeed="4.26" meanSpeedRelative="0.31" duration="2"/>
    <step time="12900.00" loaded="7073" inserted="7058" running="56" waiting="15" ended="7002" arrived="7002" collisions="0" teleports="0" halting="22" stopped="0" meanWaitingTime="19.39" meanTravelTime="105.74" meanSpeed="4.78" meanSpeedRelative="0.34" duration="2"/>
    <step time="13200.00" loaded="7246" inserted="7225" running="76" waiting="21" ended="7149" arrived="7149" collisions="0" teleports="0" halting="21" stopped="0" meanWaitingTime="19.52" meanTravelTime="105.72" meanSpeed="5.73" meanSpeedRelative="0.41" duration="1"/>
    <step time="13500.00" loaded="7422" inserted="7413" running="67" waiting="9" ended="7346" arrived="7346" collisions="0" teleports="0" halting="27" stopped="0" meanWaitingTime="19.48" meanTravelTime="105.94" meanSpeed="3.98" meanSpeedRelative="0.29" duration="2"/>
    <step time="13800.00" loaded="7614" inserted="7600" running="68" waiting="14" ended="7532" arrived="7532" collisions="0" teleports="0" halting="19" stopped="0" meanWaitingTime="19.60" meanTravelTime="106.02" meanSpeed="6.13" meanSpeedRelative="0.44" duration="2"/>
    <step time="14100.00" loaded="7773" inserted="7769" running="68" waiting="4" ended="7701" arrived="7701" collisions="0" teleports="0" halting="21" stopped="0" meanWaitingTime="19.59" meanTravelTime="106.39" meanSpeed="4.11" meanSpeedRelative="0.30" duration="3"/>
    <step time="14400.00" loaded="7910" inserted="7899" running="45" waiting="11" ended="7854" arrived="7854" collisions="0" teleports="0" halting="14" stopped="0" meanWaitingTime="19.75" meanTravelTime="106.84" meanSpeed="6.74" meanSpeedRelative="0.49" duration="2"/>
    <step time="14700.00" loaded="8102" inserted="8083" running="58" waiting="19" ended="8025" arrived="8025" collisions="0" teleports="0" halting="16" stopped="0" meanWaitingTime="19.72" meanTravelTime="106.44" meanSpeed="5.90" meanSpeedRelative="0.42" duration="2"/>
    <step time="15000.00" loaded="8261" inserted="8256" running="91" waiting="5" ended="8165" arrived="8165" collisions="0" teleports="0" halting="19" stopped="0" meanWaitingTime="19.54" meanTravelTime="106.69" meanSpeed="5.79" meanSpeedRelative="0.42" duration="3"/>
    <step time="15300.00" loaded="8425" inserted="8391" running="53" waiting="34" ended="8338" arrived="8338" collisions="0" teleports="0" halting="17" stopped="0" meanWaitingTime="19.72" meanTravelTime="106.94" meanSpeed="5.05" meanSpeedRelative="0.36" duration="2"/>
    <step time="15600.00" loaded="8589" inserted="8579" running="73" waiting="10" ended="8506" arrived="8506" collisions="0" teleports="0" halting="16" stopped="0" meanWaitingTime="20.47" meanTravelTime="106.52" meanSpeed="5.76" meanSpeedRelative="0.41" duration="2"/>
    <step time="15900.00" loaded="8777" inserted="8767" running="99" waiting="10" ended="8668" arrived="8668" collisions="0" teleports="0" halting="35" stopped="0" meanWaitingTime="20.77" meanTravelTime="106.61" meanSpeed="3.80" meanSpeedRelative="0.27" duration="3"/>
    <step time="16200.00" loaded="8963" inserted="8951" running="63" waiting="12" ended="8888" arrived="8888" collisions="0" teleports="0" halting="15" stopped="0" meanWaitingTime="20.84" meanTravelTime="107.07" meanSpeed="5.93" meanSpeedRelative="0.43" duration="2"/>
    <step time="16500.00" loaded="9128" inserted="9125" running="50" waiting="3" ended="9075" arrived="9075" collisions="0" teleports="0" halting="21" stopped="0" meanWaitingTime="20.68" meanTravelTime="106.83" meanSpeed="4.60" meanSpeedRelative="0.33" duration="1"/>
    <step time="16800.00" loaded="9311" inserted="9296" running="62" waiting="15" ended="9234" arrived="9234" collisions="0" teleports="0" halting="9" stopped="0" meanWaitingTime="20.62" meanTravelTime="106.74" meanSpeed="6.54" meanSpeedRelative="0.47" duration="2"/>
    <step time="17100.00" loaded="9480" inserted="9459" running="52" waiting="21" ended="9407" arrived="9407" collisions="0" teleports="0" halting="9" stopped="0" meanWaitingTime="20.71" meanTravelTime="106.72" meanSpeed="6.64" meanSpeedRelative="0.48" duration="2"/>
    <step time="17400.00" loaded="9661" inserted="9640" running="67" waiting="21" ended="9573" arrived="9573" collisions="0" teleports="0" halting="28" stopped="0" meanWaitingTime="20.94" meanTravelTime="106.80" meanSpeed="4.19" meanSpeedRelative="0.30" duration="1"/>
    <step time="17700.00" loaded="9834" inserted="9812" running="69" waiting="22" ended="9743" arrived="9743" collisions="0" teleports="0" halting="25" stopped="0" meanWaitingTime="21.27" meanTravelTime="107.04" meanSpeed="4.37" meanSpeedRelative="0.31" duration="2"/>
    <step time="18000.00" loaded="9998" inserted="9977" running="62" waiting="21" ended="9915" arrived="9915" collisions="0" teleports="0" halting="25" stopped="0" meanWaitingTime="21.60" meanTravelTime="107.22" meanSpeed="5.13" meanSpeedRelative="0.37" duration="2"/>
    <step time="18300.00" loaded="10183" inserted="10151" running="51" waiting="32" ended="10100" arrived="10100" collisions="0" teleports="0" halting="29" stopped="0" meanWaitingTime="21.88" meanTravelTime="107.33" meanSpeed="3.68" meanSpeedRelative="0.27" duration="2"/>
    <step time="18600.00" loaded="10343" inserted="10309" running="50" waiting="34" ended="10259" arrived="10259" collisions="0" teleports="0" halting="19" stopped="0" meanWaitingTime="22.51" meanTravelTime="107.16" meanSpeed="5.38" meanSpeedRelative="0.39" duration="2"/>
    <step time="18900.00" loaded="10530" inserted="10489" running="66" waiting="41" ended="10423" arrived="10423" collisions="0" teleports="0" halting="10" stopped="0" meanWaitingTime="22.96" meanTravelTime="107.12" meanSpeed="7.21" meanSpeedRelative="0.52" duration="2"/>
    <step time="19200.00" loaded="10705" inserted="10678" running="64" waiting="27" ended="10614" arrived="10614" collisions="0" teleports="0" halting="38" stopped="0" meanWaitingTime="23.42" meanTravelTime="107.10" meanSpeed="3.33" meanSpeedRelative="0.24" duration="2"/>
    <step time="19500.00" loaded="10913" inserted="10889" running="107" waiting="24" ended="10782" arrived="10782" collisions="0" teleports="0" halting="28" stopped="0" meanWaitingTime="23.78" meanTravelTime="107.38" meanSpeed="3.71" meanSpeedRelative="0.27" duration="2"/>
    <step time="19800.00" loaded="11088" inserted="11057" running="68" waiting="31" ended="10989" arrived="10989" collisions="0" teleports="0" halting="33" stopped="0" meanWaitingTime="24.13" meanTravelTime="107.93" meanSpeed="4.59" meanSpeedRelative="0.33" duration="2"/>
    <step time="20100.00" loaded="11284" inserted="11253" running="87" waiting="31" ended="11166" arrived="11166" collisions="0" teleports="0" halting="26" stopped="0" meanWaitingTime="24.60" meanTravelTime="108.06" meanSpeed="5.68" meanSpeedRelative="0.41" duration="1"/>
    <step time="20400.00" loaded="11453" inserted="11416" running="68" waiting="37" ended="11348" arrived="11348" collisions="0" teleports="0" halting="24" stopped="0" meanWaitingTime="25.15" meanTravelTime="108.06" meanSpeed="4.34" meanSpeedRelative="0.31" duration="2"/>
    <step time="20700.00" loaded="11626" inserted="11600" running="74" waiting="26" ended="11526" arrived="11526" collisions="0" teleports="0" halting="25" stopped="0" meanWaitingTime="25.77" meanTravelTime="108.08" meanSpeed="4.13" meanSpeedRelative="0.30" duration="2"/>
    <step time="21000.00" loaded="11811" inserted="11801" running="59" waiting="10" ended="11742" arrived="11742" collisions="0" teleports="0" halting="36" stopped="0" meanWaitingTime="26.04" meanTravelTime="108.20" meanSpeed="3.52" meanSpeedRelative="0.25" duration="2"/>
    <step time="21300.00" loaded="11971" inserted="11971" running="70" waiting="0" ended="11901" arrived="11901" collisions="0" teleports="0" halting="17" stopped="0" meanWaitingTime="25.84" meanTravelTime="108.12" meanSpeed="5.71" meanSpeedRelative="0.41" duration="2"/>
    <step time="21600.00" loaded="12189" inserted="12180" running="82" waiting="9" ended="12098" arrived="12098" collisions="0" teleports="0" halting="16" stopped="0" meanWaitingTime="25.60" meanTravelTime="108.24" meanSpeed="6.57" meanSpeedRelative="0.47" duration="3"/>
    <step time="21900.00" loaded="12375" inserted="12367" running="77" waiting="8" ended="12290" arrived="12290" collisions="0" teleports="0" halting="23" stopped="0" meanWaitingTime="25.33" meanTravelTime="108.12" meanSpeed="5.56" meanSpeedRelative="0.41" duration="3"/>
    <step time="22200.00" loaded="12565" inserted="12554" running="70" waiting="11" ended="12484" arrived="12484" collisions="0" teleports="0" halting="8" stopped="0" meanWaitingTime="25.13" meanTravelTime="108.18" meanSpeed="5.65" meanSpeedRelative="0.41" duration="2"/>
    <step time="22500.00" loaded="12741" inserted="12708" running="43" waiting="33" ended="12665" arrived="12665" collisions="0" teleports="0" halting="6" stopped="0" meanWaitingTime="25.07" meanTravelTime="108.38" meanSpeed="6.11" meanSpeedRelative="0.44" duration="2"/>
    <step time="22800.00" loaded="12937" inserted="12935" running="102" waiting="2" ended="12833" arrived="12833" collisions="0" teleports="0" halting="44" stopped="0" meanWaitingTime="25.06" meanTravelTime="108.23" meanSpeed="3.78" meanSpeedRelative="0.27" duration="3"/>
    <step time="23100.00" loaded="13124" inserted="13110" running="112" waiting="14" ended="12998" arrived="12998" collisions="0" teleports="0" halting="60" stopped="0" meanWaitingTime="24.90" meanTravelTime="109.20" meanSpeed="3.13" meanSpeedRelative="0.23" duration="4"/>
    <step time="23400.00" loaded="13310" inserted="13300" running="94" waiting="10" ended="13206" arrived="13206" collisions="0" teleports="0" halting="41" stopped="0" meanWaitingTime="24.87" meanTravelTime="109.90" meanSpeed="3.97" meanSpeedRelative="0.29" duration="3"/>
    <step time="23700.00" loaded="13540" inserted="13520" running="85" waiting="20" ended="13435" arrived="13435" collisions="0" teleports="0" halting="36" stopped="0" meanWaitingTime="24.69" meanTravelTime="110.33" meanSpeed="3.86" meanSpeedRelative="0.28" duration="3"/>
    <step time="24000.00" loaded="13717" inserted="13698" running="62" waiting="19" ended="13636" arrived="13636" collisions="0" teleports="0" halting="15" stopped="0" meanWaitingTime="24.69" meanTravelTime="110.46" meanSpeed="5.16" meanSpeedRelative="0.37" duration="2"/>
    <step time="24300.00" loaded="13925" inserted="13896" running="91" waiting="29" ended="13805" arrived="13805" collisions="0" teleports="0" halting="69" stopped="0" meanWaitingTime="24.85" meanTravelTime="110.37" meanSpeed="1.79" meanSpeedRelative="0.13" duration="3"/>
    <step time="24600.00" loaded="14150" inserted="14111" running="85" waiting="39" ended="14026" arrived="14026" collisions="0" teleports="0" halting="32" stopped="0" meanWaitingTime="25.19" meanTravelTime="110.46" meanSpeed="4.57" meanSpeedRelative="0.34" duration="2"/>
    <step time="24900.00" loaded="14362" inserted="14326" running="89" waiting="36" ended="14237" arrived="14237" collisions="0" teleports="0" halting="33" stopped="0" meanWaitingTime="25.76" meanTravelTime="110.43" meanSpeed="3.60" meanSpeedRelative="0.26" duration="2"/>
    <step time="25200.00" loaded="14560" inserted="14516" running="107" waiting="44" ended="14409" arrived="14409" collisions="0" teleports="0" halting="51" stopped="0" meanWaitingTime="26.01" meanTravelTime="110.61" meanSpeed="3.62" meanSpeedRelative="0.26" duration="2"/>
    <step time="25500.00" loaded="14734" inserted="14712" running="68" waiting="22" ended="14644" arrived="14644" collisions="0" teleports="0" halting="29" stopped="0" meanWaitingTime="26.40" meanTravelTime="111.42" meanSpeed="4.05" meanSpeedRelative="0.29" duration="2"/>
    <step time="25800.00" loaded="14966" inserted="14935" running="93" waiting="31" ended="14842" arrived="14842" collisions="0" teleports="0" halting="36" stopped="0" meanWaitingTime="26.45" meanTravelTime="111.54" meanSpeed="3.95" meanSpeedRelative="0.28" duration="3"/>
    <step time="26100.00" loaded="15177" inserted="15145" running="91" waiting="32" ended="15054" arrived="15054" collisions="0" teleports="0" halting="33" stopped="0" meanWaitingTime="26.73" meanTravelTime="111.76" meanSpeed="3.41" meanSpeedRelative="0.25" duration="2"/>
    <step time="26400.00" loaded="15370" inserted="15331" running="94" waiting="39" ended="15237" arrived="15237" collisions="0" teleports="0" halting="45" stopped="0" meanWaitingTime="27.04" meanTravelTime="112.11" meanSpeed="3.43" meanSpeedRelative="0.25" duration="2"/>
    <step time="26700.00" loaded="15584" inserted="15552" running="96" waiting="32" ended="15456" arrived="15456" collisions="0" teleports="0" halting="22" stopped="0" meanWaitingTime="27.49" meanTravelTime="112.15" meanSpeed="3.91" meanSpeedRelative="0.28" duration="3"/>
    <step time="27000.00" loaded="15801" inserted="15761" running="124" waiting="40" ended="15637" arrived="15637" collisions="0" teleports="0" halting="34" stopped="0" meanWaitingTime="27.92" meanTravelTime="112.60" meanSpeed="4.20" meanSpeedRelative="0.30" duration="4"/>
    <step time="27300.00" loaded="16029" inserted="15992" running="109" waiting="37" ended="15883" arrived="15883" collisions="0" teleports="0" halting="47" stopped="0" meanWaitingTime="28.25" meanTravelTime="112.90" meanSpeed="3.30" meanSpeedRelative="0.24" duration="3"/>
    <step time="27600.00" loaded="16229" inserted="16190" running="98" waiting="39" ended="16092" arrived="16092" collisions="0" teleports="0" halting="72" stopped="0" meanWaitingTime="28.48" meanTravelTime="113.27" meanSpeed="1.51" meanSpeedRelative="0.11" duration="2"/>
    <step time="27900.00" loaded="16434" inserted="16400" running="65" waiting="34" ended="16335" arrived="16335" collisions="0" teleports="0" halting="16" stopped="0" meanWaitingTime="28.81" meanTravelTime="113.43" meanSpeed="5.28" meanSpeedRelative="0.38" duration="3"/>
    <step time="28200.00" loaded="16659" inserted="16636" running="72" waiting="23" ended="16564" arrived="16564" collisions="0" teleports="0" halting="14" stopped="0" meanWaitingTime="29.11" meanTravelTime="113.38" meanSpeed="5.04" meanSpeedRelative="0.36" duration="3"/>
    <step time="28500.00" loaded="16859" inserted="16829" running="79" waiting="30" ended="16750" arrived="16750" collisions="0" teleports="0" halting="23" stopped="0" meanWaitingTime="29.23" meanTravelTime="113.19" meanSpeed="6.17" meanSpeedRelative="0.44" duration="2"/>
    <step time="28800.00" loaded="17070" inserted="17039" running="70" waiting="31" ended="16969" arrived="16969" collisions="0" teleports="0" halting="25" stopped="0" meanWaitingTime="29.31" meanTravelTime="113.25" meanSpeed="4.23" meanSpeedRelative="0.30" duration="2"/>
    <step time="29100.00" loaded="17299" inserted="17262" running="94" waiting="37" ended="17168" arrived="17168" collisions="0" teleports="0" halting="41" stopped="0" meanWaitingTime="29.30" meanTravelTime="113.40" meanSpeed="3.24" meanSpeedRelative="0.24" duration="3"/>
    <step time="29400.00" loaded="17500" inserted="17452" running="88" waiting="48" ended="17364" arrived="17364" collisions="0" teleports="0" halting="29" stopped="0" meanWaitingTime="29.59" meanTravelTime="113.64" meanSpeed="4.41" meanSpeedRelative="0.32" duration="3"/>
    <step time="29700.00" loaded="17682" inserted="17649" running="54" waiting="33" ended="17595" arrived="17595" collisions="0" teleports="0" halting="15" stopped="0" meanWaitingTime="29.82" meanTravelTime="113.81" meanSpeed="5.54" meanSpeedRelative="0.40" duration="3"/>
    <step time="30000.00" loaded="17858" inserted="17826" running="53" waiting="32" ended="17773" arrived="17773" collisions="0" teleports="0" halting="30" stopped="0" meanWaitingTime="30.02" meanTravelTime="113.68" meanSpeed="3.19" meanSpeedRelative="0.23" duration="2"/>
    <step time="30300.00" loaded="18055" inserted="18016" running="72" waiting="39" ended="17944" arrived="17944" collisions="0" teleports="0" halting="33" stopped="0" meanWaitingTime="30.38" meanTravelTime="113.69" meanSpeed="3.33" meanSpeedRelative="0.24" duration="2"/>
    <step time="30600.00" loaded="18271" inserted="18227" running="88" waiting="44" ended="18139" arrived="18139" collisions="0" teleports="0" halting="34" stopped="0" meanWaitingTime="30.70" meanTravelTime="113.68" meanSpeed="4.87" meanSpeedRelative="0.35" duration="3"/>
    <step time="30900.00" loaded="18489" inserted="18447" running="102" waiting="42" ended="18345" arrived="18345" collisions="0" teleports="0" halting="45" stopped="0" meanWaitingTime="31.03" meanTravelTime="113.68" meanSpeed="2.86" meanSpeedRelative="0.21" duration="3"/>
    <step time="31200.00" loaded="18659" inserted="18614" running="66" waiting="45" ended="18548" arrived="18548" collisions="0" teleports="0" halting="14" stopped="0" meanWaitingTime="31.18" meanTravelTime="114.03" meanSpeed="5.45" meanSpeedRelative="0.39" duration="3"/>
    <step time="31500.00" loaded="18836" inserted="18792" running="58" waiting="44" ended="18734" arrived="18734" collisions="0" teleports="0" halting="29" stopped="0" meanWaitingTime="31.50" meanTravelTime="114.19" meanSpeed="4.04" meanSpeedRelative="0.29" duration="1"/>
    <step time="31800.00" loaded="18995" inserted="18962" running="72" waiting="33" ended="18890" arrived="18890" collisions="0" teleports="0" halting="20" stopped="0" meanWaitingTime="31.90" meanTravelTime="114.21" meanSpeed="5.37" meanSpeedRelative="0.39" duration="2"/>
    <step time="32100.00" loaded="19177" inserted="19137" running="57" waiting="40" ended="19080" arrived="19080" collisions="0" teleports="0" halting="22" stopped="0" meanWaitingTime="32.27" meanTravelTime="114.06" meanSpeed="4.97" meanSpeedRelative="0.36" duration="2"/>
    <step time="32400.00" loaded="19345" inserted="19297" running="61" waiting="48" ended="19236" arrived="19236" collisions="0" teleports="0" halting="18" stopped="0" meanWaitingTime="32.55" meanTravelTime="114.00" meanSpeed="5.24" meanSpeedRelative="0.38" duration="2"/>
    <step time="32700.00" loaded="19521" inserted="19481" running="72" waiting="40" ended="19409" arrived="19409" collisions="0" teleports="0" halting="15" stopped="0" meanWaitingTime="32.90" meanTravelTime="113.89" meanSpeed="4.20" meanSpeedRelative="0.30" duration="2"/>
    <step time="33000.00" loaded="19689" inserted="19658" running="74" waiting="31" ended="19584" arrived="19584" collisions="0" teleports="0" halting="20" stopped="0" meanWaitingTime="33.20" meanTravelTime="114.18" meanSpeed="4.47" meanSpeedRelative="0.32" duration="3"/>
    <step time="33300.00" loaded="19820" inserted="19808" running="77" waiting="12" ended="19731" arrived="19731" collisions="0" teleports="0" halting="18" stopped="0" meanWaitingTime="33.38" meanTravelTime="114.47" meanSpeed="4.85" meanSpeedRelative="0.35" duration="3"/>
    <step time="33600.00" loaded="20011" inserted="19992" running="56" waiting="19" ended="19936" arrived="19936" collisions="0" teleports="0" halting="27" stopped="0" meanWaitingTime="33.32" meanTravelTime="114.42" meanSpeed="4.40" meanSpeedRelative="0.32" duration="3"/>
    <step time="33900.00" loaded="20170" inserted="20151" running="67" waiting="19" ended="20084" arrived="20084" collisions="0" teleports="0" halting="25" stopped="0" meanWaitingTime="33.29" meanTravelTime="114.42" meanSpeed="4.00" meanSpeedRelative="0.30" duration="2"/>
    <step time="34200.00" loaded="20327" inserted="20307" running="63" waiting="20" ended="20244" arrived="20244" collisions="0" teleports="0" halting="20" stopped="0" meanWaitingTime="33.28" meanTravelTime="114.40" meanSpeed="4.20" meanSpeedRelative="0.30" duration="3"/>
    <step time="34500.00" loaded="20496" inserted="20470" running="86" waiting="26" ended="20384" arrived="20384" collisions="0" teleports="0" halting="39" stopped="0" meanWaitingTime="33.38" meanTravelTime="114.50" meanSpeed="3.76" meanSpeedRelative="0.27" duration="3"/>
    <step time="34800.00" loaded="20647" inserted="20616" running="58" waiting="31" ended="20558" arrived="20558" collisions="0" teleports="0" halting="17" stopped="0" meanWaitingTime="33.58" meanTravelTime="114.80" meanSpeed="4.88" meanSpeedRelative="0.35" duration="2"/>
    <step time="35100.00" loaded="20785" inserted="20770" running="61" waiting="15" ended="20709" arrived="20709" collisions="0" teleports="0" halting="12" stopped="0" meanWaitingTime="33.74" meanTravelTime="114.78" meanSpeed="5.97" meanSpeedRelative="0.43" duration="2"/>
    <step time="35400.00" loaded="20926" inserted="20920" running="60" waiting="6" ended="20860" arrived="20860" collisions="0" teleports="0" halting="5" stopped="0" meanWaitingTime="33.59" meanTravelTime="114.72" meanSpeed="5.75" meanSpeedRelative="0.42" duration="2"/>
    <step time="35700.00" loaded="21069" inserted="21062" running="54" waiting="7" ended="21008" arrived="21008" collisions="0" teleports="0" halting="29" stopped="0" meanWaitingTime="33.50" meanTravelTime="114.89" meanSpeed="3.40" meanSpeedRelative="0.24" duration="2"/>
    <step time="36000.00" loaded="21226" inserted="21220" running="39" waiting="6" ended="21181" arrived="21181" collisions="0" teleports="0" halting="15" stopped="0" meanWaitingTime="33.36" meanTravelTime="114.86" meanSpeed="4.68" meanSpeedRelative="0.34" duration="2"/>
    <step time="36300.00" loaded="21399" inserted="21382" running="55" waiting="17" ended="21327" arrived="21327" collisions="0" teleports="0" halting="27" stopped="0" meanWaitingTime="33.26" meanTravelTime="114.63" meanSpeed="3.13" meanSpeedRelative="0.23" duration="2"/>
    <step time="36600.00" loaded="21548" inserted="21539" running="60" waiting="9" ended="21479" arrived="21479" collisions="0" teleports="0" halting="5" stopped="0" meanWaitingTime="33.20" meanTravelTime="114.64" meanSpeed="5.08" meanSpeedRelative="0.37" duration="2"/>
    <step time="36900.00" loaded="21687" inserted="21667" running="39" waiting="20" ended="21628" arrived="21628" collisions="0" teleports="0" halting="13" stopped="0" meanWaitingTime="33.08" meanTravelTime="114.69" meanSpeed="5.31" meanSpeedRelative="0.38" duration="2"/>
    <step time="37200.00" loaded="21811" inserted="21787" running="34" waiting="24" ended="21753" arrived="21753" collisions="0" teleports="0" halting="18" stopped="0" meanWaitingTime="33.08" meanTravelTime="114.59" meanSpeed="3.87" meanSpeedRelative="0.28" duration="1"/>
    <step time="37500.00" loaded="21952" inserted="21915" running="48" waiting="37" ended="21867" arrived="21867" collisions="0" teleports="0" halting="12" stopped="0" meanWaitingTime="33.29" meanTravelTime="114.55" meanSpeed="6.61" meanSpeedRelative="0.48" duration="2"/>
    <step time="37800.00" loaded="22108" inserted="22067" running="52" waiting="41" ended="22015" arrived="22015" collisions="0" teleports="0" halting="15" stopped="0" meanWaitingTime="33.58" meanTravelTime="114.47" meanSpeed="5.01" meanSpeedRelative="0.38" duration="2"/>
    <step time="38100.00" loaded="22253" inserted="22208" running="56" waiting="45" ended="22152" arrived="22152" collisions="0" teleports="0" halting="18" stopped="0" meanWaitingTime="33.82" meanTravelTime="114.40" meanSpeed="5.05" meanSpeedRelative="0.36" duration="2"/>
    <step time="38400.00" loaded="22378" inserted="22349" running="49" waiting="29" ended="22300" arrived="22300" collisions="0" teleports="0" halting="20" stopped="0" meanWaitingTime="34.18" meanTravelTime="114.43" meanSpeed="4.74" meanSpeedRelative="0.34" duration="1"/>
    <step time="38700.00" loaded="22479" inserted="22465" running="45" waiting="14" ended="22420" arrived="22420" collisions="0" teleports="0" halting="25" stopped="0" meanWaitingTime="34.35" meanTravelTime="114.35" meanSpeed="3.37" meanSpeedRelative="0.24" duration="2"/>
    <step time="39000.00" loaded="22583" inserted="22552" running="46" waiting="31" ended="22506" arrived="22506" collisions="0" teleports="0" halting="7" stopped="0" meanWaitingTime="34.55" meanTravelTime="114.37" meanSpeed="7.19" meanSpeedRelative="0.52" duration="2"/>
    <step time="39300.00" loaded="22709" inserted="22670" running="35" waiting="39" ended="22635" arrived="22635" collisions="0" teleports="0" halting="15" stopped="0" meanWaitingTime="34.78" meanTravelTime="114.41" meanSpeed="5.30" meanSpeedRelative="0.38" duration="1"/>
    <step time="39600.00" loaded="22820" inserted="22781" running="32" waiting="39" ended="22749" arrived="22749" collisions="0" teleports="0" halting="17" stopped="0" meanWaitingTime="35.00" meanTravelTime="114.36" meanSpeed="5.32" meanSpeedRelative="0.38" duration="2"/>
    <step time="39900.00" loaded="22943" inserted="22917" running="64" waiting="26" ended="22853" arrived="22853" collisions="0" teleports="0" halting="46" stopped="0" meanWaitingTime="35.32" meanTravelTime="114.27" meanSpeed="2.22" meanSpeedRelative="0.16" duration="1"/>
    <step time="40200.00" loaded="23031" inserted="23011" running="35" waiting="20" ended="22976" arrived="22976" collisions="0" teleports="0" halting="15" stopped="0" meanWaitingTime="35.55" meanTravelTime="114.41" meanSpeed="2.48" meanSpeedRelative="0.18" duration="1"/>
    <step time="40500.00" loaded="23132" inserted="23109" running="33" waiting="23" ended="23076" arrived="23076" collisions="0" teleports="0" halting="9" stopped="0" meanWaitingTime="35.66" meanTravelTime="114.48" meanSpeed="5.33" meanSpeedRelative="0.43" duration="1"/>
    <step time="40800.00" loaded="23239" inserted="23208" running="35" waiting="31" ended="23173" arrived="23173" collisions="0" teleports="0" halting="14" stopped="0" meanWaitingTime="35.93" meanTravelTime="114.42" meanSpeed="5.29" meanSpeedRelative="0.38" duration="1"/>
    <step time="41100.00" loaded="23322" inserted="23299" running="49" waiting="23" ended="23250" arrived="23250" collisions="0" teleports="0" halting="25" stopped="0" meanWaitingTime="36.13" meanTravelTime="114.47" meanSpeed="3.56" meanSpeedRelative="0.26" duration="1"/>
    <step time="41400.00" loaded="23385" inserted="23375" running="26" waiting="10" ended="23349" arrived="23349" collisions="0" teleports="0" halting="19" stopped="0" meanWaitingTime="36.23" meanTravelTime="114.70" meanSpeed="2.78" meanSpeedRelative="0.20" duration="1"/>
    <step time="41700.00" loaded="23484" inserted="23458" running="51" waiting="26" ended="23407" arrived="23407" collisions="0" teleports="0" halting="25" stopped="0" meanWaitingTime="36.37" meanTravelTime="114.73" meanSpeed="4.12" meanSpeedRelative="0.30" duration="1"/>
    <step time="42000.00" loaded="23564" inserted="23535" running="28" waiting="29" ended="23507" arrived="23507" collisions="0" teleports="0" halting="9" stopped="0" meanWaitingTime="36.58" meanTravelTime="114.91" meanSpeed="4.68" meanSpeedRelative="0.34" duration="1"/>
    <step time="42300.00" loaded="23668" inserted="23643" running="42" waiting="25" ended="23601" arrived="23601" collisions="0" teleports="0" halting="10" stopped="0" meanWaitingTime="36.84" meanTravelTime="114.83" meanSpeed="6.16" meanSpeedRelative="0.44" duration="1"/>
    <step time="42600.00" loaded="23782" inserted="23746" running="57" waiting="36" ended="23689" arrived="23689" collisions="0" teleports="0" halting="7" stopped="0" meanWaitingTime="37.06" meanTravelTime="114.82" meanSpeed="6.24" meanSpeedRelative="0.45" duration="2"/>
    <step time="42900.00" loaded="23883" inserted="23860" running="66" waiting="23" ended="23794" arrived="23794" collisions="0" teleports="0" halting="26" stopped="0" meanWaitingTime="37.34" meanTravelTime="115.01" meanSpeed="4.67" meanSpeedRelative="0.34" duration="2"/>
    <step time="43200.00" loaded="23982" inserted="23946" running="32" waiting="36" ended="23914" arrived="23914" collisions="0" teleports="0" halting="7" stopped="0" meanWaitingTime="37.47" meanTravelTime="115.33" meanSpeed="5.78" meanSpeedRelative="0.42" duration="1"/>
    <step time="43500.00" loaded="24061" inserted="24035" running="42" waiting="26" ended="23993" arrived="23993" collisions="0" teleports="0" halting="8" stopped="0" meanWaitingTime="37.65" meanTravelTime="115.37" meanSpeed="6.55" meanSpeedRelative="0.47" duration="2"/>
    <step time="43800.00" loaded="24163" inserted="24125" running="34" waiting="38" ended="24091" arrived="24091" collisions="0" teleports="0" halting="14" stopped="0" meanWaitingTime="37.88" meanTravelTime="115.36" meanSpeed="5.42" meanSpeedRelative="0.39" duration="1"/>
    <step time="44100.00" loaded="24268" inserted="24238" running="48" waiting="30" ended="24190" arrived="24190" collisions="0" teleports="0" halting="26" stopped="0" meanWaitingTime="38.17" meanTravelTime="115.29" meanSpeed="4.07" meanSpeedRelative="0.29" duration="2"/>
    <step time="44400.00" loaded="24378" inserted="24342" running="76" waiting="36" ended="24266" arrived="24266" collisions="0" teleports="0" halting="62" stopped="0" meanWaitingTime="38.44" meanTravelTime="115.23" meanSpeed="0.69" meanSpeedRelative="0.05" duration="2"/>
    <step time="44700.00" loaded="24482" inserted="24438" running="51" waiting="44" ended="24387" arrived="24387" collisions="0" teleports="0" halting="11" stopped="0" meanWaitingTime="38.79" meanTravelTime="115.83" meanSpeed="4.56" meanSpeedRelative="0.33" duration="1"/>
    <step time="45000.00" loaded="24586" inserted="24538" running="46" waiting="48" ended="24492" arrived="24492" collisions="0" teleports="0" halting="6" stopped="0" meanWaitingTime="39.11" meanTravelTime="116.03" meanSpeed="5.00" meanSpeedRelative="0.36" duration="1"/>
    <step time="45300.00" loaded="24677" inserted="24653" running="73" waiting="24" ended="24580" arrived="24580" collisions="0" teleports="0" halting="21" stopped="0" meanWaitingTime="39.47" meanTravelTime="116.20" meanSpeed="4.37" meanSpeedRelative="0.31" duration="2"/>
    <step time="45600.00" loaded="24760" inserted="24732" running="56" waiting="28" ended="24676" arrived="24676" collisions="0" teleports="0" halting="45" stopped="0" meanWaitingTime="39.57" meanTravelTime="116.49" meanSpeed="1.83" meanSpeedRelative="0.13" duration="2"/>
    <step time="45900.00" loaded="24848" inserted="24802" running="60" waiting="46" ended="24742" arrived="24742" collisions="0" teleports="0" halting="58" stopped="0" meanWaitingTime="39.77" meanTravelTime="116.64" meanSpeed="0.40" meanSpeedRelative="0.03" duration="1"/>
    <step time="46200.00" loaded="24928" inserted="24880" running="74" waiting="48" ended="24806" arrived="24806" collisions="0" teleports="0" halting="68" stopped="0" meanWaitingTime="40.01" meanTravelTime="116.50" meanSpeed="0.62" meanSpeedRelative="0.04" duration="2"/>
    <step time="46500.00" loaded="24976" inserted="24939" running="97" waiting="37" ended="24842" arrived="24842" collisions="0" teleports="0" halting="97" stopped="0" meanWaitingTime="40.16" meanTravelTime="116.40" meanSpeed="0.00" meanSpeedRelative="0.00" duration="2"/>
    <step time="46800.00" loaded="24996" inserted="24959" running="100" waiting="37" ended="24859" arrived="24859" collisions="0" teleports="0" halting="99" stopped="0" meanWaitingTime="40.13" meanTravelTime="116.36" meanSpeed="0.11" meanSpeedRelative="0.01" duration="2"/>
    <step time="47100.00" loaded="25014" inserted="24977" running="96" waiting="37" ended="24881" arrived="24881" collisions="0" teleports="0" halting="93" stopped="0" meanWaitingTime="40.10" meanTravelTime="116.28" meanSpeed="0.19" meanSpeedRelative="0.01" duration="2"/>
    <step time="47400.00" loaded="25031" inserted="24994" running="95" waiting="37" ended="24899" arrived="24899" collisions="0" teleports="0" halting="95" stopped="0" meanWaitingTime="40.07" meanTravelTime="116.23" meanSpeed="0.00" meanSpeedRelative="0.00" duration="1"/>
    <step time="47700.00" loaded="25045" inserted="25008" running="96" waiting="37" ended="24912" arrived="24912" collisions="0" teleports="0" halting="96" stopped="0" meanWaitingTime="40.05" meanTravelTime="116.19" meanSpeed="0.00" meanSpeedRelative="0.00" duration="2"/>
    <step time="48000.00" loaded="25058" inserted="25021" running="94" waiting="37" ended="24927" arrived="24927" collisions="0" teleports="0" halting="93" stopped="0" meanWaitingTime="40.03" meanTravelTime="116.16" meanSpeed="0.07" meanSpeedRelative="0.00" duration="2"/>
    <step time="48300.00" loaded="25073" inserted="25036" running="94" waiting="37" ended="24942" arrived="24942" collisions="0" teleports="0" halting="93" stopped="0" meanWaitingTime="40.00" meanTravelTime="116.11" meanSpeed="0.03" meanSpeedRelative="0.00" duration="2"/>
    <step time="48600.00" loaded="25089" inserted="25052" running="95" waiting="37" ended="24957" arrived="24957" collisions="0" teleports="0" halting="93" stopped="0" meanWaitingTime="39.98" meanTravelTime="116.05" meanSpeed="0.15" meanSpeedRelative="0.01" duration="2"/>
    <step time="48900.00" loaded="25104" inserted="25067" running="99" waiting="37" ended="24968" arrived="24968" collisions="0" teleports="0" halting="98" stopped="0" meanWaitingTime="39.95" meanTravelTime="116.01" meanSpeed="0.03" meanSpeedRelative="0.00" duration="2"/>
    <step time="49200.00" loaded="25113" inserted="25076" running="93" waiting="37" ended="24983" arrived="24983" collisions="0" teleports="0" halting="93" stopped="0" meanWaitingTime="39.94" meanTravelTime="115.98" meanSpeed="0.00" meanSpeedRelative="0.00" duration="2"/>
</summary>
