<?xml version="1.0" encoding="UTF-8"?>

<!-- generated on 2025-02-28 18:13:57 by Eclipse SUMO GUI Version 1.19.0
<configuration xmlns:xsi="http://www.w3.org/2001/XMLSchema-instance" xsi:noNamespaceSchemaLocation="http://sumo.dlr.de/xsd/sumoConfiguration.xsd">

    <input>
        <net-file value="Network.net.xml"/>
        <route-files value="CarRoutes.rou.xml"/>
        <additional-files value="Sensors.add.xml"/>
    </input>

    <output>
        <emission-output value="logs/Emissions.xml"/>
        <summary-output value="logs/Log_summary.xml"/>
        <summary-output.period value="300"/>
        <tripinfo-output value="logs/TripInfos.xml"/>
    </output>

    <time>
        <begin value="0"/>
        <end value="86400"/>
        <step-length value="0.25"/>
    </time>

    <processing>
        <ignore-junction-blocker value="0.1"/>
        <time-to-teleport value="-1"/>
    </processing>

    <report>
        <verbose value="true"/>
        <no-step-log value="true"/>
    </report>

    <emissions>
        <device.emissions.period value="10"/>
    </emissions>

    <traci_server>
        <remote-port value="58269"/>
    </traci_server>

    <gui_only>
        <quit-on-end value="true"/>
        <start value="true"/>
    </gui_only>

</configuration>
-->

<instantE1 xmlns:xsi="http://www.w3.org/2001/XMLSchema-instance" xsi:noNamespaceSchemaLocation="http://sumo.dlr.de/xsd/instant_e1_file.xsd">
    <instantOut id="235_D025" time="278.01" state="enter" vehID="Car_438" speed="8.60" length="5.00" type="DEFAULT_CAR"/>
    <instantOut id="235_D025" time="278.25" state="stay" vehID="Car_438" speed="8.60" length="5.00" type="DEFAULT_CAR"/>
    <instantOut id="235_D025" time="278.50" state="stay" vehID="Car_438" speed="7.85" length="5.00" type="DEFAULT_CAR"/>
    <instantOut id="235_D025" time="278.64" state="leave" vehID="Car_438" speed="7.10" length="5.00" type="DEFAULT_CAR" occupancy="0.63"/>
    <instantOut id="235_D025" time="472.43" state="enter" vehID="Car_277" speed="10.03" length="5.00" type="DEFAULT_CAR" gap="193.80"/>
    <instantOut id="235_D025" time="472.50" state="stay" vehID="Car_277" speed="10.03" length="5.00" type="DEFAULT_CAR"/>
    <instantOut id="235_D025" time="472.75" state="stay" vehID="Car_277" speed="9.28" length="5.00" type="DEFAULT_CAR"/>
    <instantOut id="235_D025" time="472.99" state="leave" vehID="Car_277" speed="8.53" length="5.00" type="DEFAULT_CAR" occupancy="0.55"/>
    <instantOut id="235_D025" time="506.03" state="enter" vehID="Car_60" speed="7.54" length="5.00" type="DEFAULT_CAR" gap="33.04"/>
    <instantOut id="235_D025" time="506.25" state="stay" vehID="Car_60" speed="7.54" length="5.00" type="DEFAULT_CAR"/>
    <instantOut id="235_D025" time="506.50" state="stay" vehID="Car_60" speed="7.00" length="5.00" type="DEFAULT_CAR"/>
    <instantOut id="235_D025" time="506.75" state="stay" vehID="Car_60" speed="6.25" length="5.00" type="DEFAULT_CAR"/>
    <instantOut id="235_D025" time="506.76" state="leave" vehID="Car_60" speed="5.50" length="5.00" type="DEFAULT_CAR" occupancy="0.73"/>
    <instantOut id="235_D025" time="1707.98" state="enter" vehID="Car_1295" speed="10.22" length="5.00" type="DEFAULT_CAR" gap="1201.22"/>
    <instantOut id="235_D025" time="1708.00" state="stay" vehID="Car_1295" speed="10.22" length="5.00" type="DEFAULT_CAR"/>
    <instantOut id="235_D025" time="1708.25" state="stay" vehID="Car_1295" speed="11.08" length="5.00" type="DEFAULT_CAR"/>
    <instantOut id="235_D025" time="1708.44" state="leave" vehID="Car_1295" speed="10.39" length="5.00" type="DEFAULT_CAR" occupancy="0.47"/>
    <instantOut id="235_D025" time="3941.24" state="enter" vehID="Car_1916" speed="8.82" length="5.00" type="DEFAULT_CAR" gap="2232.80"/>
    <instantOut id="235_D025" time="3941.25" state="stay" vehID="Car_1916" speed="8.82" length="5.00" type="DEFAULT_CAR"/>
    <instantOut id="235_D025" time="3941.50" state="stay" vehID="Car_1916" speed="8.18" length="5.00" type="DEFAULT_CAR"/>
    <instantOut id="235_D025" time="3941.75" state="stay" vehID="Car_1916" speed="7.44" length="5.00" type="DEFAULT_CAR"/>
    <instantOut id="235_D025" time="3941.90" state="leave" vehID="Car_1916" speed="6.72" length="5.00" type="DEFAULT_CAR" occupancy="0.66"/>
    <instantOut id="235_D025" time="6738.00" state="enter" vehID="Car_3677" speed="6.98" length="5.00" type="DEFAULT_CAR" gap="2796.11"/>
    <instantOut id="235_D025" time="6738.25" state="stay" vehID="Car_3677" speed="6.98" length="5.00" type="DEFAULT_CAR"/>
    <instantOut id="235_D025" time="6738.50" state="stay" vehID="Car_3677" speed="7.64" length="5.00" type="DEFAULT_CAR"/>
    <instantOut id="235_D025" time="6738.66" state="leave" vehID="Car_3677" speed="8.28" length="5.00" type="DEFAULT_CAR" occupancy="0.66"/>
    <instantOut id="235_D025" time="7672.74" state="enter" vehID="Car_3411" speed="8.59" length="5.00" type="DEFAULT_CAR" gap="934.07"/>
    <instantOut id="235_D025" time="7672.75" state="stay" vehID="Car_3411" speed="8.59" length="5.00" type="DEFAULT_CAR"/>
    <instantOut id="235_D025" time="7673.00" state="stay" vehID="Car_3411" speed="8.17" length="5.00" type="DEFAULT_CAR"/>
    <instantOut id="235_D025" time="7673.25" state="stay" vehID="Car_3411" speed="7.50" length="5.00" type="DEFAULT_CAR"/>
    <instantOut id="235_D025" time="7673.40" state="leave" vehID="Car_3411" speed="6.75" length="5.00" type="DEFAULT_CAR" occupancy="0.66"/>
    <instantOut id="235_D025" time="10456.98" state="enter" vehID="Car_5391" speed="6.90" length="5.00" type="DEFAULT_CAR" gap="2783.58"/>
    <instantOut id="235_D025" time="10457.00" state="stay" vehID="Car_5391" speed="6.90" length="5.00" type="DEFAULT_CAR"/>
    <instantOut id="235_D025" time="10457.25" state="stay" vehID="Car_5391" speed="7.46" length="5.00" type="DEFAULT_CAR"/>
    <instantOut id="235_D025" time="10457.50" state="stay" vehID="Car_5391" speed="8.21" length="5.00" type="DEFAULT_CAR"/>
    <instantOut id="235_D025" time="10457.61" state="leave" vehID="Car_5391" speed="8.15" length="5.00" type="DEFAULT_CAR" occupancy="0.64"/>
    <instantOut id="235_D025" time="11155.47" state="enter" vehID="Car_5485" speed="8.80" length="5.00" type="DEFAULT_CAR" gap="697.85"/>
    <instantOut id="235_D025" time="11155.50" state="stay" vehID="Car_5485" speed="8.80" length="5.00" type="DEFAULT_CAR"/>
    <instantOut id="235_D025" time="11155.75" state="stay" vehID="Car_5485" speed="8.05" length="5.00" type="DEFAULT_CAR"/>
    <instantOut id="235_D025" time="11156.00" state="stay" vehID="Car_5485" speed="7.30" length="5.00" type="DEFAULT_CAR"/>
    <instantOut id="235_D025" time="11156.13" state="leave" vehID="Car_5485" speed="6.55" length="5.00" type="DEFAULT_CAR" occupancy="0.67"/>
    <instantOut id="235_D025" time="12136.31" state="enter" vehID="Car_7378" speed="10.62" length="5.00" type="DEFAULT_CAR" gap="980.17"/>
    <instantOut id="235_D025" time="12136.50" state="stay" vehID="Car_7378" speed="10.62" length="5.00" type="DEFAULT_CAR"/>
    <instantOut id="235_D025" time="12136.75" state="stay" vehID="Car_7378" speed="9.87" length="5.00" type="DEFAULT_CAR"/>
    <instantOut id="235_D025" time="12136.80" state="leave" vehID="Car_7378" speed="9.12" length="5.00" type="DEFAULT_CAR" occupancy="0.50"/>
    <instantOut id="235_D025" time="12869.89" state="enter" vehID="Car_6833" speed="9.52" length="5.00" type="DEFAULT_CAR" gap="733.09"/>
    <instantOut id="235_D025" time="12870.00" state="stay" vehID="Car_6833" speed="9.52" length="5.00" type="DEFAULT_CAR"/>
    <instantOut id="235_D025" time="12870.25" state="stay" vehID="Car_6833" speed="8.77" length="5.00" type="DEFAULT_CAR"/>
    <instantOut id="235_D025" time="12870.47" state="leave" vehID="Car_6833" speed="8.02" length="5.00" type="DEFAULT_CAR" occupancy="0.58"/>
    <instantOut id="235_D025" time="15116.95" state="enter" vehID="Car_8183" speed="9.60" length="5.00" type="DEFAULT_CAR" gap="2246.48"/>
    <instantOut id="235_D025" time="15117.00" state="stay" vehID="Car_8183" speed="9.60" length="5.00" type="DEFAULT_CAR"/>
    <instantOut id="235_D025" time="15117.25" state="stay" vehID="Car_8183" speed="10.46" length="5.00" type="DEFAULT_CAR"/>
    <instantOut id="235_D025" time="15117.45" state="leave" vehID="Car_8183" speed="9.71" length="5.00" type="DEFAULT_CAR" occupancy="0.50"/>
    <instantOut id="235_D025" time="16241.23" state="enter" vehID="Car_9162" speed="9.01" length="5.00" type="DEFAULT_CAR" gap="1123.78"/>
    <instantOut id="235_D025" time="16241.25" state="stay" vehID="Car_9162" speed="9.01" length="5.00" type="DEFAULT_CAR"/>
    <instantOut id="235_D025" time="16241.50" state="stay" vehID="Car_9162" speed="8.26" length="5.00" type="DEFAULT_CAR"/>
    <instantOut id="235_D025" time="16241.75" state="stay" vehID="Car_9162" speed="7.51" length="5.00" type="DEFAULT_CAR"/>
    <instantOut id="235_D025" time="16241.88" state="leave" vehID="Car_9162" speed="6.76" length="5.00" type="DEFAULT_CAR" occupancy="0.65"/>
    <instantOut id="235_D025" time="16273.50" state="enter" vehID="Car_9093" speed="9.52" length="5.00" type="DEFAULT_CAR" gap="31.62"/>
    <instantOut id="235_D025" time="16273.50" state="stay" vehID="Car_9093" speed="9.52" length="5.00" type="DEFAULT_CAR"/>
    <instantOut id="235_D025" time="16273.75" state="stay" vehID="Car_9093" speed="8.77" length="5.00" type="DEFAULT_CAR"/>
    <instantOut id="235_D025" time="16274.00" state="stay" vehID="Car_9093" speed="8.02" length="5.00" type="DEFAULT_CAR"/>
    <instantOut id="235_D025" time="16274.11" state="leave" vehID="Car_9093" speed="7.34" length="5.00" type="DEFAULT_CAR" occupancy="0.61"/>
    <instantOut id="235_D025" time="17327.96" state="enter" vehID="Car_10522" speed="9.45" length="5.00" type="DEFAULT_CAR" gap="1053.86"/>
    <instantOut id="235_D025" time="17328.00" state="stay" vehID="Car_10522" speed="9.45" length="5.00" type="DEFAULT_CAR"/>
    <instantOut id="235_D025" time="17328.25" state="stay" vehID="Car_10522" speed="9.00" length="5.00" type="DEFAULT_CAR"/>
    <instantOut id="235_D025" time="17328.50" state="stay" vehID="Car_10522" speed="8.25" length="5.00" type="DEFAULT_CAR"/>
    <instantOut id="235_D025" time="17328.55" state="leave" vehID="Car_10522" speed="7.50" length="5.00" type="DEFAULT_CAR" occupancy="0.58"/>
    <instantOut id="235_D025" time="19070.46" state="enter" vehID="Car_10548" speed="9.38" length="5.00" type="DEFAULT_CAR" gap="1741.91"/>
    <instantOut id="235_D025" time="19070.50" state="stay" vehID="Car_10548" speed="9.38" length="5.00" type="DEFAULT_CAR"/>
    <instantOut id="235_D025" time="19070.75" state="stay" vehID="Car_10548" speed="8.73" length="5.00" type="DEFAULT_CAR"/>
    <instantOut id="235_D025" time="19071.00" state="stay" vehID="Car_10548" speed="7.98" length="5.00" type="DEFAULT_CAR"/>
    <instantOut id="235_D025" time="19071.06" state="leave" vehID="Car_10548" speed="7.23" length="5.00" type="DEFAULT_CAR" occupancy="0.60"/>
    <instantOut id="235_D025" time="23418.22" state="enter" vehID="Car_13568" speed="9.28" length="5.00" type="DEFAULT_CAR" gap="4347.16"/>
    <instantOut id="235_D025" time="23418.25" state="stay" vehID="Car_13568" speed="9.28" length="5.00" type="DEFAULT_CAR"/>
    <instantOut id="235_D025" time="23418.50" state="stay" vehID="Car_13568" speed="8.53" length="5.00" type="DEFAULT_CAR"/>
    <instantOut id="235_D025" time="23418.75" state="stay" vehID="Car_13568" speed="7.78" length="5.00" type="DEFAULT_CAR"/>
    <instantOut id="235_D025" time="23418.84" state="leave" vehID="Car_13568" speed="7.03" length="5.00" type="DEFAULT_CAR" occupancy="0.62"/>
    <instantOut id="235_D025" time="23985.09" state="enter" vehID="Car_12821" speed="6.90" length="5.00" type="DEFAULT_CAR" gap="566.25"/>
    <instantOut id="235_D025" time="23985.25" state="stay" vehID="Car_12821" speed="6.90" length="5.00" type="DEFAULT_CAR"/>
    <instantOut id="235_D025" time="23985.50" state="stay" vehID="Car_12821" speed="7.80" length="5.00" type="DEFAULT_CAR"/>
    <instantOut id="235_D025" time="23985.73" state="leave" vehID="Car_12821" speed="8.56" length="5.00" type="DEFAULT_CAR" occupancy="0.64"/>
    <instantOut id="235_D025" time="24406.96" state="enter" vehID="Car_15176" speed="10.03" length="5.00" type="DEFAULT_CAR" gap="421.23"/>
    <instantOut id="235_D025" time="24407.00" state="stay" vehID="Car_15176" speed="10.03" length="5.00" type="DEFAULT_CAR"/>
    <instantOut id="235_D025" time="24407.25" state="stay" vehID="Car_15176" speed="9.66" length="5.00" type="DEFAULT_CAR"/>
    <instantOut id="235_D025" time="24407.49" state="leave" vehID="Car_15176" speed="8.95" length="5.00" type="DEFAULT_CAR" occupancy="0.53"/>
    <instantOut id="235_D025" time="27963.49" state="enter" vehID="Car_16429" speed="9.14" length="5.00" type="DEFAULT_CAR" gap="3556.00"/>
    <instantOut id="235_D025" time="27963.50" state="stay" vehID="Car_16429" speed="9.14" length="5.00" type="DEFAULT_CAR"/>
    <instantOut id="235_D025" time="27963.75" state="stay" vehID="Car_16429" speed="8.51" length="5.00" type="DEFAULT_CAR"/>
    <instantOut id="235_D025" time="27964.00" state="stay" vehID="Car_16429" speed="7.80" length="5.00" type="DEFAULT_CAR"/>
    <instantOut id="235_D025" time="27964.12" state="leave" vehID="Car_16429" speed="7.05" length="5.00" type="DEFAULT_CAR" occupancy="0.63"/>
    <instantOut id="235_D025" time="29030.74" state="enter" vehID="Car_16464" speed="8.73" length="5.00" type="DEFAULT_CAR" gap="1066.62"/>
    <instantOut id="235_D025" time="29030.75" state="stay" vehID="Car_16464" speed="8.73" length="5.00" type="DEFAULT_CAR"/>
    <instantOut id="235_D025" time="29031.00" state="stay" vehID="Car_16464" speed="7.98" length="5.00" type="DEFAULT_CAR"/>
    <instantOut id="235_D025" time="29031.25" state="stay" vehID="Car_16464" speed="7.53" length="5.00" type="DEFAULT_CAR"/>
    <instantOut id="235_D025" time="29031.39" state="leave" vehID="Car_16464" speed="7.19" length="5.00" type="DEFAULT_CAR" occupancy="0.65"/>
    <instantOut id="235_D025" time="29206.39" state="enter" vehID="Car_17475" speed="7.93" length="5.00" type="DEFAULT_CAR" gap="174.99"/>
    <instantOut id="235_D025" time="29206.50" state="stay" vehID="Car_17475" speed="7.93" length="5.00" type="DEFAULT_CAR"/>
    <instantOut id="235_D025" time="29206.75" state="stay" vehID="Car_17475" speed="7.35" length="5.00" type="DEFAULT_CAR"/>
    <instantOut id="235_D025" time="29207.00" state="stay" vehID="Car_17475" speed="6.64" length="5.00" type="DEFAULT_CAR"/>
    <instantOut id="235_D025" time="29207.10" state="leave" vehID="Car_17475" speed="5.89" length="5.00" type="DEFAULT_CAR" occupancy="0.72"/>
    <instantOut id="235_D025" time="31317.87" state="enter" vehID="Car_18437" speed="6.95" length="5.00" type="DEFAULT_CAR" gap="2110.77"/>
    <instantOut id="235_D025" time="31318.00" state="stay" vehID="Car_18437" speed="6.95" length="5.00" type="DEFAULT_CAR"/>
    <instantOut id="235_D025" time="31318.25" state="stay" vehID="Car_18437" speed="6.20" length="5.00" type="DEFAULT_CAR"/>
    <instantOut id="235_D025" time="31318.50" state="stay" vehID="Car_18437" speed="5.45" length="5.00" type="DEFAULT_CAR"/>
    <instantOut id="235_D025" time="31318.75" state="stay" vehID="Car_18437" speed="4.70" length="5.00" type="DEFAULT_CAR"/>
    <instantOut id="235_D025" time="31318.76" state="leave" vehID="Car_18437" speed="4.16" length="5.00" type="DEFAULT_CAR" occupancy="0.88"/>
    <instantOut id="235_D025" time="35645.49" state="enter" vehID="Car_21509" speed="7.60" length="5.00" type="DEFAULT_CAR" gap="4326.73"/>
    <instantOut id="235_D025" time="35645.50" state="stay" vehID="Car_21509" speed="7.60" length="5.00" type="DEFAULT_CAR"/>
    <instantOut id="235_D025" time="35645.75" state="stay" vehID="Car_21509" speed="8.48" length="5.00" type="DEFAULT_CAR"/>
    <instantOut id="235_D025" time="35646.00" state="stay" vehID="Car_21509" speed="9.33" length="5.00" type="DEFAULT_CAR"/>
    <instantOut id="235_D025" time="35646.05" state="leave" vehID="Car_21509" speed="8.58" length="5.00" type="DEFAULT_CAR" occupancy="0.57"/>
    <instantOut id="235_D025" time="36955.78" state="enter" vehID="Car_21756" speed="8.78" length="5.00" type="DEFAULT_CAR" gap="1309.72"/>
    <instantOut id="235_D025" time="36956.00" state="stay" vehID="Car_21756" speed="8.78" length="5.00" type="DEFAULT_CAR"/>
    <instantOut id="235_D025" time="36956.25" state="stay" vehID="Car_21756" speed="8.03" length="5.00" type="DEFAULT_CAR"/>
    <instantOut id="235_D025" time="36956.39" state="leave" vehID="Car_21756" speed="7.28" length="5.00" type="DEFAULT_CAR" occupancy="0.61"/>
    <instantOut id="235_D025" time="37079.26" state="enter" vehID="Car_21853" speed="8.23" length="5.00" type="DEFAULT_CAR" gap="122.87"/>
    <instantOut id="235_D025" time="37079.50" state="stay" vehID="Car_21853" speed="8.23" length="5.00" type="DEFAULT_CAR"/>
    <instantOut id="235_D025" time="37079.75" state="stay" vehID="Car_21853" speed="7.82" length="5.00" type="DEFAULT_CAR"/>
    <instantOut id="235_D025" time="37079.90" state="leave" vehID="Car_21853" speed="7.07" length="5.00" type="DEFAULT_CAR" occupancy="0.64"/>
    <instantOut id="235_D025" time="38263.43" state="enter" vehID="Car_21754" speed="8.71" length="5.00" type="DEFAULT_CAR" gap="1183.53"/>
    <instantOut id="235_D025" time="38263.50" state="stay" vehID="Car_21754" speed="8.71" length="5.00" type="DEFAULT_CAR"/>
    <instantOut id="235_D025" time="38263.75" state="stay" vehID="Car_21754" speed="7.96" length="5.00" type="DEFAULT_CAR"/>
    <instantOut id="235_D025" time="38264.00" state="stay" vehID="Car_21754" speed="7.21" length="5.00" type="DEFAULT_CAR"/>
    <instantOut id="235_D025" time="38264.09" state="leave" vehID="Car_21754" speed="6.51" length="5.00" type="DEFAULT_CAR" occupancy="0.66"/>
    <instantOut id="235_D025" time="39036.49" state="enter" vehID="Car_23063" speed="8.95" length="5.00" type="DEFAULT_CAR" gap="772.40"/>
    <instantOut id="235_D025" time="39036.50" state="stay" vehID="Car_23063" speed="8.95" length="5.00" type="DEFAULT_CAR"/>
    <instantOut id="235_D025" time="39036.75" state="stay" vehID="Car_23063" speed="8.20" length="5.00" type="DEFAULT_CAR"/>
    <instantOut id="235_D025" time="39037.00" state="stay" vehID="Car_23063" speed="7.49" length="5.00" type="DEFAULT_CAR"/>
    <instantOut id="235_D025" time="39037.14" state="leave" vehID="Car_23063" speed="6.87" length="5.00" type="DEFAULT_CAR" occupancy="0.65"/>
    <instantOut id="235_D025" time="41580.70" state="enter" vehID="Car_23252" speed="9.80" length="5.00" type="DEFAULT_CAR" gap="2543.56"/>
    <instantOut id="235_D025" time="41580.75" state="stay" vehID="Car_23252" speed="9.80" length="5.00" type="DEFAULT_CAR"/>
    <instantOut id="235_D025" time="41581.00" state="stay" vehID="Car_23252" speed="9.32" length="5.00" type="DEFAULT_CAR"/>
    <instantOut id="235_D025" time="41581.25" state="leave" vehID="Car_23252" speed="8.66" length="5.00" type="DEFAULT_CAR" occupancy="0.55"/>
    <instantOut id="235_D025" time="42863.75" state="enter" vehID="Car_23953" speed="9.49" length="5.00" type="DEFAULT_CAR" gap="1282.50"/>
    <instantOut id="235_D025" time="42863.75" state="stay" vehID="Car_23953" speed="9.49" length="5.00" type="DEFAULT_CAR"/>
    <instantOut id="235_D025" time="42864.00" state="stay" vehID="Car_23953" speed="8.74" length="5.00" type="DEFAULT_CAR"/>
    <instantOut id="235_D025" time="42864.25" state="stay" vehID="Car_23953" speed="8.01" length="5.00" type="DEFAULT_CAR"/>
    <instantOut id="235_D025" time="42864.36" state="leave" vehID="Car_23953" speed="7.26" length="5.00" type="DEFAULT_CAR" occupancy="0.61"/>
    <instantOut id="235_D025" time="43832.49" state="enter" vehID="Car_24003" speed="12.21" length="5.00" type="DEFAULT_CAR" gap="968.13"/>
    <instantOut id="235_D025" time="43832.50" state="stay" vehID="Car_24003" speed="12.21" length="5.00" type="DEFAULT_CAR"/>
    <instantOut id="235_D025" time="43832.75" state="stay" vehID="Car_24003" speed="11.46" length="5.00" type="DEFAULT_CAR"/>
    <instantOut id="235_D025" time="43832.94" state="leave" vehID="Car_24003" speed="10.71" length="5.00" type="DEFAULT_CAR" occupancy="0.45"/>
</instantE1>
