<?xml version="1.0" encoding="UTF-8"?>

<!-- generated on 2025-02-28 17:04:10 by Eclipse SUMO GUI Version 1.19.0
<configuration xmlns:xsi="http://www.w3.org/2001/XMLSchema-instance" xsi:noNamespaceSchemaLocation="http://sumo.dlr.de/xsd/sumoConfiguration.xsd">

    <input>
        <net-file value="Network.net.xml"/>
        <route-files value="CarRoutes.rou.xml"/>
        <additional-files value="Sensors.add.xml"/>
    </input>

    <output>
        <emission-output value="logs/Emissions.xml"/>
        <summary-output value="logs/Log_summary.xml"/>
        <summary-output.period value="300"/>
        <tripinfo-output value="logs/TripInfos.xml"/>
    </output>

    <time>
        <begin value="0"/>
        <end value="86400"/>
        <step-length value="0.25"/>
    </time>

    <processing>
        <ignore-junction-blocker value="0.1"/>
        <time-to-teleport value="-1"/>
    </processing>

    <report>
        <verbose value="true"/>
        <no-step-log value="true"/>
    </report>

    <emissions>
        <device.emissions.period value="10"/>
    </emissions>

    <traci_server>
        <remote-port value="57597"/>
    </traci_server>

    <gui_only>
        <quit-on-end value="true"/>
        <start value="true"/>
    </gui_only>

</configuration>
-->

<instantE1 xmlns:xsi="http://www.w3.org/2001/XMLSchema-instance" xsi:noNamespaceSchemaLocation="http://sumo.dlr.de/xsd/instant_e1_file.xsd">
    <instantOut id="235_D025" time="129.75" state="enter" vehID="Car_696" speed="9.21" length="5.00" type="DEFAULT_CAR"/>
    <instantOut id="235_D025" time="129.75" state="stay" vehID="Car_696" speed="9.21" length="5.00" type="DEFAULT_CAR"/>
    <instantOut id="235_D025" time="130.00" state="stay" vehID="Car_696" speed="8.46" length="5.00" type="DEFAULT_CAR"/>
    <instantOut id="235_D025" time="130.25" state="stay" vehID="Car_696" speed="7.71" length="5.00" type="DEFAULT_CAR"/>
    <instantOut id="235_D025" time="130.38" state="leave" vehID="Car_696" speed="6.96" length="5.00" type="DEFAULT_CAR" occupancy="0.64"/>
    <instantOut id="235_D025" time="166.74" state="enter" vehID="Car_701" speed="9.49" length="5.00" type="DEFAULT_CAR" gap="36.36"/>
    <instantOut id="235_D025" time="166.75" state="stay" vehID="Car_701" speed="9.49" length="5.00" type="DEFAULT_CAR"/>
    <instantOut id="235_D025" time="167.00" state="stay" vehID="Car_701" speed="9.00" length="5.00" type="DEFAULT_CAR"/>
    <instantOut id="235_D025" time="167.25" state="stay" vehID="Car_701" speed="8.25" length="5.00" type="DEFAULT_CAR"/>
    <instantOut id="235_D025" time="167.33" state="leave" vehID="Car_701" speed="7.73" length="5.00" type="DEFAULT_CAR" occupancy="0.59"/>
    <instantOut id="235_D025" time="508.25" state="enter" vehID="Car_695" speed="8.65" length="5.00" type="DEFAULT_CAR" gap="340.92"/>
    <instantOut id="235_D025" time="508.25" state="stay" vehID="Car_695" speed="8.65" length="5.00" type="DEFAULT_CAR"/>
    <instantOut id="235_D025" time="508.50" state="stay" vehID="Car_695" speed="8.01" length="5.00" type="DEFAULT_CAR"/>
    <instantOut id="235_D025" time="508.75" state="stay" vehID="Car_695" speed="7.89" length="5.00" type="DEFAULT_CAR"/>
    <instantOut id="235_D025" time="508.89" state="leave" vehID="Car_695" speed="7.14" length="5.00" type="DEFAULT_CAR" occupancy="0.64"/>
    <instantOut id="235_D025" time="4914.51" state="enter" vehID="Car_2038" speed="8.20" length="5.00" type="DEFAULT_CAR" gap="4405.62"/>
    <instantOut id="235_D025" time="4914.75" state="stay" vehID="Car_2038" speed="8.20" length="5.00" type="DEFAULT_CAR"/>
    <instantOut id="235_D025" time="4915.00" state="stay" vehID="Car_2038" speed="7.45" length="5.00" type="DEFAULT_CAR"/>
    <instantOut id="235_D025" time="4915.17" state="leave" vehID="Car_2038" speed="6.70" length="5.00" type="DEFAULT_CAR" occupancy="0.66"/>
    <instantOut id="235_D025" time="5485.20" state="enter" vehID="Car_2102" speed="9.79" length="5.00" type="DEFAULT_CAR" gap="570.03"/>
    <instantOut id="235_D025" time="5485.25" state="stay" vehID="Car_2102" speed="9.79" length="5.00" type="DEFAULT_CAR"/>
    <instantOut id="235_D025" time="5485.50" state="stay" vehID="Car_2102" speed="9.13" length="5.00" type="DEFAULT_CAR"/>
    <instantOut id="235_D025" time="5485.75" state="stay" vehID="Car_2102" speed="8.56" length="5.00" type="DEFAULT_CAR"/>
    <instantOut id="235_D025" time="5485.77" state="leave" vehID="Car_2102" speed="7.81" length="5.00" type="DEFAULT_CAR" occupancy="0.56"/>
    <instantOut id="235_D025" time="6004.22" state="enter" vehID="Car_2403" speed="9.77" length="5.00" type="DEFAULT_CAR" gap="518.45"/>
    <instantOut id="235_D025" time="6004.25" state="stay" vehID="Car_2403" speed="9.77" length="5.00" type="DEFAULT_CAR"/>
    <instantOut id="235_D025" time="6004.50" state="stay" vehID="Car_2403" speed="10.30" length="5.00" type="DEFAULT_CAR"/>
    <instantOut id="235_D025" time="6004.69" state="leave" vehID="Car_2403" speed="11.20" length="5.00" type="DEFAULT_CAR" occupancy="0.47"/>
    <instantOut id="235_D025" time="6876.96" state="enter" vehID="Car_4298" speed="9.18" length="5.00" type="DEFAULT_CAR" gap="872.27"/>
    <instantOut id="235_D025" time="6877.00" state="stay" vehID="Car_4298" speed="9.18" length="5.00" type="DEFAULT_CAR"/>
    <instantOut id="235_D025" time="6877.25" state="stay" vehID="Car_4298" speed="8.43" length="5.00" type="DEFAULT_CAR"/>
    <instantOut id="235_D025" time="6877.50" state="stay" vehID="Car_4298" speed="7.68" length="5.00" type="DEFAULT_CAR"/>
    <instantOut id="235_D025" time="6877.59" state="leave" vehID="Car_4298" speed="6.93" length="5.00" type="DEFAULT_CAR" occupancy="0.63"/>
    <instantOut id="235_D025" time="7314.46" state="enter" vehID="Car_4444" speed="7.57" length="5.00" type="DEFAULT_CAR" gap="436.87"/>
    <instantOut id="235_D025" time="7314.50" state="stay" vehID="Car_4444" speed="7.57" length="5.00" type="DEFAULT_CAR"/>
    <instantOut id="235_D025" time="7314.75" state="stay" vehID="Car_4444" speed="6.82" length="5.00" type="DEFAULT_CAR"/>
    <instantOut id="235_D025" time="7315.00" state="stay" vehID="Car_4444" speed="6.07" length="5.00" type="DEFAULT_CAR"/>
    <instantOut id="235_D025" time="7315.25" state="stay" vehID="Car_4444" speed="5.32" length="5.00" type="DEFAULT_CAR"/>
    <instantOut id="235_D025" time="7315.28" state="leave" vehID="Car_4444" speed="4.57" length="5.00" type="DEFAULT_CAR" occupancy="0.82"/>
    <instantOut id="235_D025" time="10703.35" state="enter" vehID="Car_7124" speed="9.75" length="5.00" type="DEFAULT_CAR" gap="3388.07"/>
    <instantOut id="235_D025" time="10703.50" state="stay" vehID="Car_7124" speed="9.75" length="5.00" type="DEFAULT_CAR"/>
    <instantOut id="235_D025" time="10703.75" state="stay" vehID="Car_7124" speed="9.00" length="5.00" type="DEFAULT_CAR"/>
    <instantOut id="235_D025" time="10703.91" state="leave" vehID="Car_7124" speed="8.34" length="5.00" type="DEFAULT_CAR" occupancy="0.55"/>
    <instantOut id="235_D025" time="12411.22" state="enter" vehID="Car_5954" speed="9.06" length="5.00" type="DEFAULT_CAR" gap="1707.31"/>
    <instantOut id="235_D025" time="12411.25" state="stay" vehID="Car_5954" speed="9.06" length="5.00" type="DEFAULT_CAR"/>
    <instantOut id="235_D025" time="12411.50" state="stay" vehID="Car_5954" speed="8.31" length="5.00" type="DEFAULT_CAR"/>
    <instantOut id="235_D025" time="12411.75" state="stay" vehID="Car_5954" speed="7.60" length="5.00" type="DEFAULT_CAR"/>
    <instantOut id="235_D025" time="12411.86" state="leave" vehID="Car_5954" speed="6.86" length="5.00" type="DEFAULT_CAR" occupancy="0.64"/>
    <instantOut id="235_D025" time="13516.94" state="enter" vehID="Car_7905" speed="10.08" length="5.00" type="DEFAULT_CAR" gap="1105.08"/>
    <instantOut id="235_D025" time="13517.00" state="stay" vehID="Car_7905" speed="10.08" length="5.00" type="DEFAULT_CAR"/>
    <instantOut id="235_D025" time="13517.25" state="stay" vehID="Car_7905" speed="10.57" length="5.00" type="DEFAULT_CAR"/>
    <instantOut id="235_D025" time="13517.42" state="leave" vehID="Car_7905" speed="10.44" length="5.00" type="DEFAULT_CAR" occupancy="0.48"/>
    <instantOut id="235_D025" time="13692.23" state="enter" vehID="Car_8733" speed="9.51" length="5.00" type="DEFAULT_CAR" gap="174.81"/>
    <instantOut id="235_D025" time="13692.25" state="stay" vehID="Car_8733" speed="9.51" length="5.00" type="DEFAULT_CAR"/>
    <instantOut id="235_D025" time="13692.50" state="stay" vehID="Car_8733" speed="8.76" length="5.00" type="DEFAULT_CAR"/>
    <instantOut id="235_D025" time="13692.75" state="stay" vehID="Car_8733" speed="8.03" length="5.00" type="DEFAULT_CAR"/>
    <instantOut id="235_D025" time="13692.84" state="leave" vehID="Car_8733" speed="7.28" length="5.00" type="DEFAULT_CAR" occupancy="0.61"/>
    <instantOut id="235_D025" time="15491.48" state="enter" vehID="Car_9168" speed="8.72" length="5.00" type="DEFAULT_CAR" gap="1798.64"/>
    <instantOut id="235_D025" time="15491.50" state="stay" vehID="Car_9168" speed="8.72" length="5.00" type="DEFAULT_CAR"/>
    <instantOut id="235_D025" time="15491.75" state="stay" vehID="Car_9168" speed="7.97" length="5.00" type="DEFAULT_CAR"/>
    <instantOut id="235_D025" time="15492.00" state="stay" vehID="Car_9168" speed="7.51" length="5.00" type="DEFAULT_CAR"/>
    <instantOut id="235_D025" time="15492.14" state="leave" vehID="Car_9168" speed="6.91" length="5.00" type="DEFAULT_CAR" occupancy="0.66"/>
    <instantOut id="235_D025" time="15819.02" state="enter" vehID="Car_7885" speed="7.64" length="5.00" type="DEFAULT_CAR" gap="326.88"/>
    <instantOut id="235_D025" time="15819.25" state="stay" vehID="Car_7885" speed="7.64" length="5.00" type="DEFAULT_CAR"/>
    <instantOut id="235_D025" time="15819.50" state="stay" vehID="Car_7885" speed="7.67" length="5.00" type="DEFAULT_CAR"/>
    <instantOut id="235_D025" time="15819.69" state="leave" vehID="Car_7885" speed="6.92" length="5.00" type="DEFAULT_CAR" occupancy="0.67"/>
    <instantOut id="235_D025" time="16150.08" state="enter" vehID="Car_7884" speed="6.54" length="5.00" type="DEFAULT_CAR" gap="330.39"/>
    <instantOut id="235_D025" time="16150.25" state="stay" vehID="Car_7884" speed="6.54" length="5.00" type="DEFAULT_CAR"/>
    <instantOut id="235_D025" time="16150.50" state="stay" vehID="Car_7884" speed="7.42" length="5.00" type="DEFAULT_CAR"/>
    <instantOut id="235_D025" time="16150.75" state="leave" vehID="Car_7884" speed="8.19" length="5.00" type="DEFAULT_CAR" occupancy="0.67"/>
    <instantOut id="235_D025" time="17245.97" state="enter" vehID="Car_9837" speed="9.23" length="5.00" type="DEFAULT_CAR" gap="1095.23"/>
    <instantOut id="235_D025" time="17246.00" state="stay" vehID="Car_9837" speed="9.23" length="5.00" type="DEFAULT_CAR"/>
    <instantOut id="235_D025" time="17246.25" state="stay" vehID="Car_9837" speed="9.43" length="5.00" type="DEFAULT_CAR"/>
    <instantOut id="235_D025" time="17246.50" state="stay" vehID="Car_9837" speed="8.70" length="5.00" type="DEFAULT_CAR"/>
    <instantOut id="235_D025" time="17246.53" state="leave" vehID="Car_9837" speed="7.95" length="5.00" type="DEFAULT_CAR" occupancy="0.55"/>
    <instantOut id="235_D025" time="17606.83" state="enter" vehID="Car_9821" speed="7.44" length="5.00" type="DEFAULT_CAR" gap="360.30"/>
    <instantOut id="235_D025" time="17607.00" state="stay" vehID="Car_9821" speed="7.44" length="5.00" type="DEFAULT_CAR"/>
    <instantOut id="235_D025" time="17607.25" state="stay" vehID="Car_9821" speed="6.69" length="5.00" type="DEFAULT_CAR"/>
    <instantOut id="235_D025" time="17607.50" state="stay" vehID="Car_9821" speed="5.94" length="5.00" type="DEFAULT_CAR"/>
    <instantOut id="235_D025" time="17607.61" state="leave" vehID="Car_9821" speed="5.19" length="5.00" type="DEFAULT_CAR" occupancy="0.78"/>
    <instantOut id="235_D025" time="17687.53" state="enter" vehID="Car_9836" speed="8.72" length="5.00" type="DEFAULT_CAR" gap="79.91"/>
    <instantOut id="235_D025" time="17687.75" state="stay" vehID="Car_9836" speed="8.72" length="5.00" type="DEFAULT_CAR"/>
    <instantOut id="235_D025" time="17688.00" state="stay" vehID="Car_9836" speed="7.97" length="5.00" type="DEFAULT_CAR"/>
    <instantOut id="235_D025" time="17688.15" state="leave" vehID="Car_9836" speed="7.22" length="5.00" type="DEFAULT_CAR" occupancy="0.62"/>
    <instantOut id="235_D025" time="18416.45" state="enter" vehID="Car_9886" speed="10.42" length="5.00" type="DEFAULT_CAR" gap="728.30"/>
    <instantOut id="235_D025" time="18416.50" state="stay" vehID="Car_9886" speed="10.42" length="5.00" type="DEFAULT_CAR"/>
    <instantOut id="235_D025" time="18416.75" state="stay" vehID="Car_9886" speed="10.54" length="5.00" type="DEFAULT_CAR"/>
    <instantOut id="235_D025" time="18416.93" state="leave" vehID="Car_9886" speed="10.26" length="5.00" type="DEFAULT_CAR" occupancy="0.48"/>
    <instantOut id="235_D025" time="19505.93" state="enter" vehID="Car_9942" speed="10.25" length="5.00" type="DEFAULT_CAR" gap="1089.00"/>
    <instantOut id="235_D025" time="19506.00" state="stay" vehID="Car_9942" speed="10.25" length="5.00" type="DEFAULT_CAR"/>
    <instantOut id="235_D025" time="19506.25" state="stay" vehID="Car_9942" speed="10.12" length="5.00" type="DEFAULT_CAR"/>
    <instantOut id="235_D025" time="19506.43" state="leave" vehID="Car_9942" speed="9.53" length="5.00" type="DEFAULT_CAR" occupancy="0.50"/>
    <instantOut id="235_D025" time="21273.74" state="enter" vehID="Car_12842" speed="8.99" length="5.00" type="DEFAULT_CAR" gap="1767.30"/>
    <instantOut id="235_D025" time="21273.75" state="stay" vehID="Car_12842" speed="8.99" length="5.00" type="DEFAULT_CAR"/>
    <instantOut id="235_D025" time="21274.00" state="stay" vehID="Car_12842" speed="8.24" length="5.00" type="DEFAULT_CAR"/>
    <instantOut id="235_D025" time="21274.25" state="stay" vehID="Car_12842" speed="7.59" length="5.00" type="DEFAULT_CAR"/>
    <instantOut id="235_D025" time="21274.38" state="leave" vehID="Car_12842" speed="6.84" length="5.00" type="DEFAULT_CAR" occupancy="0.65"/>
    <instantOut id="235_D025" time="21445.05" state="enter" vehID="Car_12474" speed="7.36" length="5.00" type="DEFAULT_CAR" gap="170.67"/>
    <instantOut id="235_D025" time="21445.25" state="stay" vehID="Car_12474" speed="7.36" length="5.00" type="DEFAULT_CAR"/>
    <instantOut id="235_D025" time="21445.50" state="stay" vehID="Car_12474" speed="8.21" length="5.00" type="DEFAULT_CAR"/>
    <instantOut id="235_D025" time="21445.67" state="leave" vehID="Car_12474" speed="8.76" length="5.00" type="DEFAULT_CAR" occupancy="0.62"/>
    <instantOut id="235_D025" time="21870.08" state="enter" vehID="Car_12599" speed="8.94" length="5.00" type="DEFAULT_CAR" gap="424.41"/>
    <instantOut id="235_D025" time="21870.25" state="stay" vehID="Car_12599" speed="8.94" length="5.00" type="DEFAULT_CAR"/>
    <instantOut id="235_D025" time="21870.50" state="stay" vehID="Car_12599" speed="8.19" length="5.00" type="DEFAULT_CAR"/>
    <instantOut id="235_D025" time="21870.69" state="leave" vehID="Car_12599" speed="7.44" length="5.00" type="DEFAULT_CAR" occupancy="0.61"/>
    <instantOut id="235_D025" time="21913.69" state="enter" vehID="Car_12255" speed="10.20" length="5.00" type="DEFAULT_CAR" gap="43.00"/>
    <instantOut id="235_D025" time="21913.75" state="stay" vehID="Car_12255" speed="10.20" length="5.00" type="DEFAULT_CAR"/>
    <instantOut id="235_D025" time="21914.00" state="stay" vehID="Car_12255" speed="10.37" length="5.00" type="DEFAULT_CAR"/>
    <instantOut id="235_D025" time="21914.18" state="leave" vehID="Car_12255" speed="9.67" length="5.00" type="DEFAULT_CAR" occupancy="0.50"/>
    <instantOut id="235_D025" time="21971.26" state="enter" vehID="Car_12253" speed="7.08" length="5.00" type="DEFAULT_CAR" gap="57.08"/>
    <instantOut id="235_D025" time="21971.50" state="stay" vehID="Car_12253" speed="7.08" length="5.00" type="DEFAULT_CAR"/>
    <instantOut id="235_D025" time="21971.75" state="stay" vehID="Car_12253" speed="6.48" length="5.00" type="DEFAULT_CAR"/>
    <instantOut id="235_D025" time="21972.00" state="stay" vehID="Car_12253" speed="5.73" length="5.00" type="DEFAULT_CAR"/>
    <instantOut id="235_D025" time="21972.05" state="leave" vehID="Car_12253" speed="4.98" length="5.00" type="DEFAULT_CAR" occupancy="0.79"/>
    <instantOut id="235_D025" time="24088.47" state="enter" vehID="Car_11822" speed="9.41" length="5.00" type="DEFAULT_CAR" gap="2116.41"/>
    <instantOut id="235_D025" time="24088.50" state="stay" vehID="Car_11822" speed="9.41" length="5.00" type="DEFAULT_CAR"/>
    <instantOut id="235_D025" time="24088.75" state="stay" vehID="Car_11822" speed="9.66" length="5.00" type="DEFAULT_CAR"/>
    <instantOut id="235_D025" time="24088.99" state="leave" vehID="Car_11822" speed="9.34" length="5.00" type="DEFAULT_CAR" occupancy="0.53"/>
    <instantOut id="235_D025" time="24149.02" state="enter" vehID="Car_11821" speed="6.15" length="5.00" type="DEFAULT_CAR" gap="60.03"/>
    <instantOut id="235_D025" time="24149.25" state="stay" vehID="Car_11821" speed="6.15" length="5.00" type="DEFAULT_CAR"/>
    <instantOut id="235_D025" time="24149.50" state="stay" vehID="Car_11821" speed="5.40" length="5.00" type="DEFAULT_CAR"/>
    <instantOut id="235_D025" time="24149.75" state="stay" vehID="Car_11821" speed="4.65" length="5.00" type="DEFAULT_CAR"/>
    <instantOut id="235_D025" time="24150.00" state="stay" vehID="Car_11821" speed="3.90" length="5.00" type="DEFAULT_CAR"/>
    <instantOut id="235_D025" time="24150.04" state="leave" vehID="Car_11821" speed="3.47" length="5.00" type="DEFAULT_CAR" occupancy="1.01"/>
    <instantOut id="235_D025" time="25378.19" state="enter" vehID="Car_14682" speed="6.83" length="5.00" type="DEFAULT_CAR" gap="1228.16"/>
    <instantOut id="235_D025" time="25378.25" state="stay" vehID="Car_14682" speed="6.83" length="5.00" type="DEFAULT_CAR"/>
    <instantOut id="235_D025" time="25378.50" state="stay" vehID="Car_14682" speed="6.22" length="5.00" type="DEFAULT_CAR"/>
    <instantOut id="235_D025" time="25378.75" state="stay" vehID="Car_14682" speed="5.57" length="5.00" type="DEFAULT_CAR"/>
    <instantOut id="235_D025" time="25379.00" state="stay" vehID="Car_14682" speed="4.93" length="5.00" type="DEFAULT_CAR"/>
    <instantOut id="235_D025" time="25379.10" state="leave" vehID="Car_14682" speed="4.48" length="5.00" type="DEFAULT_CAR" occupancy="0.90"/>
    <instantOut id="235_D025" time="28235.22" state="enter" vehID="Car_16594" speed="9.85" length="5.00" type="DEFAULT_CAR" gap="2856.12"/>
    <instantOut id="235_D025" time="28235.25" state="stay" vehID="Car_16594" speed="9.85" length="5.00" type="DEFAULT_CAR"/>
    <instantOut id="235_D025" time="28235.50" state="stay" vehID="Car_16594" speed="10.03" length="5.00" type="DEFAULT_CAR"/>
    <instantOut id="235_D025" time="28235.73" state="leave" vehID="Car_16594" speed="9.66" length="5.00" type="DEFAULT_CAR" occupancy="0.51"/>
    <instantOut id="235_D025" time="28310.55" state="enter" vehID="Car_17920" speed="7.09" length="5.00" type="DEFAULT_CAR" gap="74.83"/>
    <instantOut id="235_D025" time="28310.75" state="stay" vehID="Car_17920" speed="7.09" length="5.00" type="DEFAULT_CAR"/>
    <instantOut id="235_D025" time="28311.00" state="stay" vehID="Car_17920" speed="6.42" length="5.00" type="DEFAULT_CAR"/>
    <instantOut id="235_D025" time="28311.25" state="stay" vehID="Car_17920" speed="5.67" length="5.00" type="DEFAULT_CAR"/>
    <instantOut id="235_D025" time="28311.36" state="leave" vehID="Car_17920" speed="5.22" length="5.00" type="DEFAULT_CAR" occupancy="0.81"/>
    <instantOut id="235_D025" time="29159.01" state="enter" vehID="Car_18423" speed="6.41" length="5.00" type="DEFAULT_CAR" gap="847.65"/>
    <instantOut id="235_D025" time="29159.25" state="stay" vehID="Car_18423" speed="6.41" length="5.00" type="DEFAULT_CAR"/>
    <instantOut id="235_D025" time="29159.50" state="stay" vehID="Car_18423" speed="5.66" length="5.00" type="DEFAULT_CAR"/>
    <instantOut id="235_D025" time="29159.75" state="stay" vehID="Car_18423" speed="4.91" length="5.00" type="DEFAULT_CAR"/>
    <instantOut id="235_D025" time="29159.94" state="leave" vehID="Car_18423" speed="4.30" length="5.00" type="DEFAULT_CAR" occupancy="0.93"/>
    <instantOut id="235_D025" time="30809.22" state="enter" vehID="Car_17388" speed="9.93" length="5.00" type="DEFAULT_CAR" gap="1649.28"/>
    <instantOut id="235_D025" time="30809.25" state="stay" vehID="Car_17388" speed="9.93" length="5.00" type="DEFAULT_CAR"/>
    <instantOut id="235_D025" time="30809.50" state="stay" vehID="Car_17388" speed="9.67" length="5.00" type="DEFAULT_CAR"/>
    <instantOut id="235_D025" time="30809.75" state="leave" vehID="Car_17388" speed="9.18" length="5.00" type="DEFAULT_CAR" occupancy="0.53"/>
    <instantOut id="235_D025" time="33554.51" state="enter" vehID="Car_18822" speed="8.91" length="5.00" type="DEFAULT_CAR" gap="2744.76"/>
    <instantOut id="235_D025" time="33554.75" state="stay" vehID="Car_18822" speed="8.91" length="5.00" type="DEFAULT_CAR"/>
    <instantOut id="235_D025" time="33555.00" state="stay" vehID="Car_18822" speed="8.22" length="5.00" type="DEFAULT_CAR"/>
    <instantOut id="235_D025" time="33555.11" state="leave" vehID="Car_18822" speed="7.47" length="5.00" type="DEFAULT_CAR" occupancy="0.60"/>
    <instantOut id="235_D025" time="34306.54" state="enter" vehID="Car_20567" speed="7.23" length="5.00" type="DEFAULT_CAR" gap="751.43"/>
    <instantOut id="235_D025" time="34306.75" state="stay" vehID="Car_20567" speed="7.23" length="5.00" type="DEFAULT_CAR"/>
    <instantOut id="235_D025" time="34307.00" state="stay" vehID="Car_20567" speed="6.48" length="5.00" type="DEFAULT_CAR"/>
    <instantOut id="235_D025" time="34307.25" state="stay" vehID="Car_20567" speed="5.73" length="5.00" type="DEFAULT_CAR"/>
    <instantOut id="235_D025" time="34307.34" state="leave" vehID="Car_20567" speed="4.98" length="5.00" type="DEFAULT_CAR" occupancy="0.80"/>
    <instantOut id="235_D025" time="36463.73" state="enter" vehID="Car_21493" speed="9.32" length="5.00" type="DEFAULT_CAR" gap="2156.39"/>
    <instantOut id="235_D025" time="36463.75" state="stay" vehID="Car_21493" speed="9.32" length="5.00" type="DEFAULT_CAR"/>
    <instantOut id="235_D025" time="36464.00" state="stay" vehID="Car_21493" speed="8.57" length="5.00" type="DEFAULT_CAR"/>
    <instantOut id="235_D025" time="36464.25" state="stay" vehID="Car_21493" speed="7.82" length="5.00" type="DEFAULT_CAR"/>
    <instantOut id="235_D025" time="36464.35" state="leave" vehID="Car_21493" speed="7.07" length="5.00" type="DEFAULT_CAR" occupancy="0.62"/>
    <instantOut id="235_D025" time="38529.92" state="enter" vehID="Car_21473" speed="7.12" length="5.00" type="DEFAULT_CAR" gap="2065.58"/>
    <instantOut id="235_D025" time="38530.00" state="stay" vehID="Car_21473" speed="7.12" length="5.00" type="DEFAULT_CAR"/>
    <instantOut id="235_D025" time="38530.25" state="stay" vehID="Car_21473" speed="6.60" length="5.00" type="DEFAULT_CAR"/>
    <instantOut id="235_D025" time="38530.50" state="stay" vehID="Car_21473" speed="6.08" length="5.00" type="DEFAULT_CAR"/>
    <instantOut id="235_D025" time="38530.74" state="leave" vehID="Car_21473" speed="5.33" length="5.00" type="DEFAULT_CAR" occupancy="0.82"/>
    <instantOut id="235_D025" time="38763.01" state="enter" vehID="Car_23382" speed="8.28" length="5.00" type="DEFAULT_CAR" gap="232.26"/>
    <instantOut id="235_D025" time="38763.25" state="stay" vehID="Car_23382" speed="8.28" length="5.00" type="DEFAULT_CAR"/>
    <instantOut id="235_D025" time="38763.50" state="stay" vehID="Car_23382" speed="7.70" length="5.00" type="DEFAULT_CAR"/>
    <instantOut id="235_D025" time="38763.65" state="leave" vehID="Car_23382" speed="7.19" length="5.00" type="DEFAULT_CAR" occupancy="0.64"/>
    <instantOut id="235_D025" time="39288.98" state="enter" vehID="Car_23381" speed="6.89" length="5.00" type="DEFAULT_CAR" gap="525.33"/>
    <instantOut id="235_D025" time="39289.00" state="stay" vehID="Car_23381" speed="6.89" length="5.00" type="DEFAULT_CAR"/>
    <instantOut id="235_D025" time="39289.25" state="stay" vehID="Car_23381" speed="7.43" length="5.00" type="DEFAULT_CAR"/>
    <instantOut id="235_D025" time="39289.50" state="stay" vehID="Car_23381" speed="7.92" length="5.00" type="DEFAULT_CAR"/>
    <instantOut id="235_D025" time="39289.63" state="leave" vehID="Car_23381" speed="7.87" length="5.00" type="DEFAULT_CAR" occupancy="0.65"/>
    <instantOut id="235_D025" time="40440.74" state="enter" vehID="Car_23384" speed="9.51" length="5.00" type="DEFAULT_CAR" gap="1151.10"/>
    <instantOut id="235_D025" time="40440.75" state="stay" vehID="Car_23384" speed="9.51" length="5.00" type="DEFAULT_CAR"/>
    <instantOut id="235_D025" time="40441.00" state="stay" vehID="Car_23384" speed="9.06" length="5.00" type="DEFAULT_CAR"/>
    <instantOut id="235_D025" time="40441.25" state="stay" vehID="Car_23384" speed="8.31" length="5.00" type="DEFAULT_CAR"/>
    <instantOut id="235_D025" time="40441.32" state="leave" vehID="Car_23384" speed="7.56" length="5.00" type="DEFAULT_CAR" occupancy="0.58"/>
    <instantOut id="235_D025" time="41677.98" state="enter" vehID="Car_23390" speed="8.81" length="5.00" type="DEFAULT_CAR" gap="1236.66"/>
    <instantOut id="235_D025" time="41678.00" state="stay" vehID="Car_23390" speed="8.81" length="5.00" type="DEFAULT_CAR"/>
    <instantOut id="235_D025" time="41678.25" state="stay" vehID="Car_23390" speed="8.07" length="5.00" type="DEFAULT_CAR"/>
    <instantOut id="235_D025" time="41678.50" state="stay" vehID="Car_23390" speed="7.54" length="5.00" type="DEFAULT_CAR"/>
    <instantOut id="235_D025" time="41678.64" state="leave" vehID="Car_23390" speed="6.79" length="5.00" type="DEFAULT_CAR" occupancy="0.66"/>
    <instantOut id="235_D025" time="42195.47" state="enter" vehID="Car_24752" speed="9.46" length="5.00" type="DEFAULT_CAR" gap="516.84"/>
    <instantOut id="235_D025" time="42195.50" state="stay" vehID="Car_24752" speed="9.46" length="5.00" type="DEFAULT_CAR"/>
    <instantOut id="235_D025" time="42195.75" state="stay" vehID="Car_24752" speed="8.71" length="5.00" type="DEFAULT_CAR"/>
    <instantOut id="235_D025" time="42196.00" state="stay" vehID="Car_24752" speed="7.96" length="5.00" type="DEFAULT_CAR"/>
    <instantOut id="235_D025" time="42196.08" state="leave" vehID="Car_24752" speed="7.28" length="5.00" type="DEFAULT_CAR" occupancy="0.61"/>
    <instantOut id="235_D025" time="43225.48" state="enter" vehID="Car_24755" speed="9.96" length="5.00" type="DEFAULT_CAR" gap="1029.40"/>
    <instantOut id="235_D025" time="43225.50" state="stay" vehID="Car_24755" speed="9.96" length="5.00" type="DEFAULT_CAR"/>
    <instantOut id="235_D025" time="43225.75" state="stay" vehID="Car_24755" speed="10.41" length="5.00" type="DEFAULT_CAR"/>
    <instantOut id="235_D025" time="43225.98" state="leave" vehID="Car_24755" speed="9.66" length="5.00" type="DEFAULT_CAR" occupancy="0.50"/>
</instantE1>
