<?xml version="1.0" encoding="UTF-8"?>

<!-- generated on 2025-02-28 18:20:07 by Eclipse SUMO GUI Version 1.19.0
<configuration xmlns:xsi="http://www.w3.org/2001/XMLSchema-instance" xsi:noNamespaceSchemaLocation="http://sumo.dlr.de/xsd/sumoConfiguration.xsd">

    <input>
        <net-file value="Network.net.xml"/>
        <route-files value="CarRoutes.rou.xml"/>
        <additional-files value="Sensors.add.xml"/>
    </input>

    <output>
        <emission-output value="logs/Emissions.xml"/>
        <summary-output value="logs/Log_summary.xml"/>
        <summary-output.period value="300"/>
        <tripinfo-output value="logs/TripInfos.xml"/>
    </output>

    <time>
        <begin value="0"/>
        <end value="86400"/>
        <step-length value="0.25"/>
    </time>

    <processing>
        <ignore-junction-blocker value="0.1"/>
        <time-to-teleport value="-1"/>
    </processing>

    <report>
        <verbose value="true"/>
        <no-step-log value="true"/>
    </report>

    <emissions>
        <device.emissions.period value="10"/>
    </emissions>

    <traci_server>
        <remote-port value="58328"/>
    </traci_server>

    <gui_only>
        <quit-on-end value="true"/>
        <start value="true"/>
    </gui_only>

</configuration>
-->

<summary xmlns:xsi="http://www.w3.org/2001/XMLSchema-instance" xsi:noNamespaceSchemaLocation="http://sumo.dlr.de/xsd/summary_file.xsd">
    <step time="0.00" loaded="0" inserted="0" running="0" waiting="0" ended="0" arrived="0" collisions="0" teleports="0" halting="0" stopped="0" meanWaitingTime="-1.00" meanTravelTime="-1.00" meanSpeed="-1.00" meanSpeedRelative="-1.00" duration="0"/>
    <step time="300.00" loaded="211" inserted="196" running="91" waiting="15" ended="105" arrived="105" collisions="0" teleports="0" halting="43" stopped="0" meanWaitingTime="14.45" meanTravelTime="78.66" meanSpeed="4.00" meanSpeedRelative="0.29" duration="4"/>
    <step time="600.00" loaded="371" inserted="361" running="72" waiting="10" ended="289" arrived="289" collisions="0" teleports="0" halting="25" stopped="0" meanWaitingTime="12.94" meanTravelTime="117.90" meanSpeed="4.13" meanSpeedRelative="0.30" duration="3"/>
    <step time="900.00" loaded="529" inserted="521" running="52" waiting="8" ended="469" arrived="469" collisions="0" teleports="0" halting="25" stopped="0" meanWaitingTime="11.98" meanTravelTime="121.34" meanSpeed="4.75" meanSpeedRelative="0.34" duration="1"/>
    <step time="1200.00" loaded="702" inserted="688" running="59" waiting="14" ended="629" arrived="629" collisions="0" teleports="0" halting="6" stopped="0" meanWaitingTime="14.53" meanTravelTime="117.80" meanSpeed="9.04" meanSpeedRelative="0.65" duration="2"/>
    <step time="1500.00" loaded="867" inserted="847" running="55" waiting="20" ended="792" arrived="792" collisions="0" teleports="0" halting="12" stopped="0" meanWaitingTime="15.80" meanTravelTime="113.75" meanSpeed="5.19" meanSpeedRelative="0.37" duration="8"/>
    <step time="1800.00" loaded="1033" inserted="1015" running="59" waiting="18" ended="956" arrived="956" collisions="0" teleports="0" halting="20" stopped="0" meanWaitingTime="18.77" meanTravelTime="112.66" meanSpeed="4.61" meanSpeedRelative="0.33" duration="2"/>
    <step time="2100.00" loaded="1194" inserted="1179" running="63" waiting="15" ended="1116" arrived="1116" collisions="0" teleports="0" halting="41" stopped="0" meanWaitingTime="17.54" meanTravelTime="111.74" meanSpeed="2.75" meanSpeedRelative="0.20" duration="3"/>
    <step time="2400.00" loaded="1343" inserted="1327" running="41" waiting="16" ended="1286" arrived="1286" collisions="0" teleports="0" halting="22" stopped="0" meanWaitingTime="17.64" meanTravelTime="112.54" meanSpeed="3.85" meanSpeedRelative="0.28" duration="0"/>
    <step time="2700.00" loaded="1488" inserted="1487" running="61" waiting="1" ended="1426" arrived="1426" collisions="0" teleports="0" halting="12" stopped="0" meanWaitingTime="17.67" meanTravelTime="109.94" meanSpeed="5.06" meanSpeedRelative="0.36" duration="1"/>
    <step time="3000.00" loaded="1648" inserted="1641" running="52" waiting="7" ended="1589" arrived="1589" collisions="0" teleports="0" halting="25" stopped="0" meanWaitingTime="16.54" meanTravelTime="111.36" meanSpeed="4.40" meanSpeedRelative="0.32" duration="2"/>
    <step time="3300.00" loaded="1818" inserted="1803" running="62" waiting="15" ended="1741" arrived="1741" collisions="0" teleports="0" halting="15" stopped="0" meanWaitingTime="16.96" meanTravelTime="110.45" meanSpeed="6.97" meanSpeedRelative="0.50" duration="1"/>
    <step time="3600.00" loaded="1951" inserted="1951" running="45" waiting="0" ended="1906" arrived="1906" collisions="0" teleports="0" halting="14" stopped="0" meanWaitingTime="16.76" meanTravelTime="109.94" meanSpeed="4.92" meanSpeedRelative="0.35" duration="1"/>
    <step time="3900.00" loaded="2114" inserted="2114" running="64" waiting="0" ended="2050" arrived="2050" collisions="0" teleports="0" halting="36" stopped="0" meanWaitingTime="15.59" meanTravelTime="109.77" meanSpeed="3.70" meanSpeedRelative="0.27" duration="1"/>
    <step time="4200.00" loaded="2245" inserted="2240" running="40" waiting="5" ended="2200" arrived="2200" collisions="0" teleports="0" halting="11" stopped="0" meanWaitingTime="15.87" meanTravelTime="109.41" meanSpeed="6.48" meanSpeedRelative="0.47" duration="1"/>
    <step time="4500.00" loaded="2423" inserted="2422" running="71" waiting="1" ended="2351" arrived="2351" collisions="0" teleports="0" halting="31" stopped="0" meanWaitingTime="15.28" meanTravelTime="108.28" meanSpeed="3.61" meanSpeedRelative="0.26" duration="3"/>
    <step time="4800.00" loaded="2579" inserted="2573" running="45" waiting="6" ended="2528" arrived="2528" collisions="0" teleports="0" halting="15" stopped="0" meanWaitingTime="14.63" meanTravelTime="108.36" meanSpeed="5.15" meanSpeedRelative="0.37" duration="2"/>
    <step time="5100.00" loaded="2745" inserted="2735" running="58" waiting="10" ended="2677" arrived="2677" collisions="0" teleports="0" halting="6" stopped="0" meanWaitingTime="15.36" meanTravelTime="107.28" meanSpeed="6.67" meanSpeedRelative="0.48" duration="1"/>
    <step time="5400.00" loaded="2895" inserted="2893" running="42" waiting="2" ended="2851" arrived="2851" collisions="0" teleports="0" halting="10" stopped="0" meanWaitingTime="15.33" meanTravelTime="106.65" meanSpeed="5.94" meanSpeedRelative="0.43" duration="0"/>
    <step time="5700.00" loaded="3084" inserted="3069" running="80" waiting="15" ended="2989" arrived="2989" collisions="0" teleports="0" halting="39" stopped="0" meanWaitingTime="14.83" meanTravelTime="106.30" meanSpeed="4.25" meanSpeedRelative="0.31" duration="2"/>
    <step time="6000.00" loaded="3208" inserted="3205" running="42" waiting="3" ended="3163" arrived="3163" collisions="0" teleports="0" halting="16" stopped="0" meanWaitingTime="14.92" meanTravelTime="108.49" meanSpeed="5.03" meanSpeedRelative="0.36" duration="2"/>
    <step time="6300.00" loaded="3378" inserted="3361" running="81" waiting="17" ended="3280" arrived="3280" collisions="0" teleports="0" halting="27" stopped="0" meanWaitingTime="14.97" meanTravelTime="108.84" meanSpeed="3.87" meanSpeedRelative="0.28" duration="4"/>
    <step time="6600.00" loaded="3538" inserted="3530" running="54" waiting="8" ended="3476" arrived="3476" collisions="0" teleports="0" halting="25" stopped="0" meanWaitingTime="15.22" meanTravelTime="109.68" meanSpeed="4.22" meanSpeedRelative="0.30" duration="1"/>
    <step time="6900.00" loaded="3723" inserted="3706" running="75" waiting="17" ended="3631" arrived="3631" collisions="0" teleports="0" halting="29" stopped="0" meanWaitingTime="15.21" meanTravelTime="109.30" meanSpeed="3.82" meanSpeedRelative="0.30" duration="1"/>
    <step time="7200.00" loaded="3880" inserted="3855" running="46" waiting="25" ended="3809" arrived="3809" collisions="0" teleports="0" halting="15" stopped="0" meanWaitingTime="15.86" meanTravelTime="110.03" meanSpeed="5.48" meanSpeedRelative="0.39" duration="1"/>
    <step time="7500.00" loaded="4030" inserted="4018" running="46" waiting="12" ended="3972" arrived="3972" collisions="0" teleports="0" halting="24" stopped="0" meanWaitingTime="16.69" meanTravelTime="110.07" meanSpeed="4.46" meanSpeedRelative="0.32" duration="2"/>
    <step time="7800.00" loaded="4185" inserted="4162" running="58" waiting="23" ended="4104" arrived="4104" collisions="0" teleports="0" halting="13" stopped="0" meanWaitingTime="17.18" meanTravelTime="109.71" meanSpeed="5.14" meanSpeedRelative="0.37" duration="3"/>
    <step time="8100.00" loaded="4357" inserted="4342" running="50" waiting="15" ended="4292" arrived="4292" collisions="0" teleports="0" halting="7" stopped="0" meanWaitingTime="18.24" meanTravelTime="109.32" meanSpeed="6.05" meanSpeedRelative="0.45" duration="2"/>
    <step time="8400.00" loaded="4542" inserted="4539" running="68" waiting="3" ended="4471" arrived="4471" collisions="0" teleports="0" halting="22" stopped="0" meanWaitingTime="18.19" meanTravelTime="108.93" meanSpeed="4.98" meanSpeedRelative="0.36" duration="3"/>
    <step time="8700.00" loaded="4714" inserted="4709" running="74" waiting="5" ended="4635" arrived="4635" collisions="0" teleports="0" halting="23" stopped="0" meanWaitingTime="17.97" meanTravelTime="108.78" meanSpeed="4.92" meanSpeedRelative="0.35" duration="3"/>
    <step time="9000.00" loaded="4903" inserted="4886" running="60" waiting="17" ended="4826" arrived="4826" collisions="0" teleports="0" halting="12" stopped="0" meanWaitingTime="17.75" meanTravelTime="108.62" meanSpeed="5.78" meanSpeedRelative="0.43" duration="3"/>
    <step time="9300.00" loaded="5085" inserted="5066" running="47" waiting="19" ended="5019" arrived="5019" collisions="0" teleports="0" halting="20" stopped="0" meanWaitingTime="17.78" meanTravelTime="108.66" meanSpeed="5.35" meanSpeedRelative="0.39" duration="1"/>
    <step time="9600.00" loaded="5259" inserted="5247" running="61" waiting="12" ended="5186" arrived="5186" collisions="0" teleports="0" halting="14" stopped="0" meanWaitingTime="18.28" meanTravelTime="107.94" meanSpeed="7.08" meanSpeedRelative="0.51" duration="2"/>
    <step time="9900.00" loaded="5402" inserted="5386" running="35" waiting="16" ended="5351" arrived="5351" collisions="0" teleports="0" halting="14" stopped="0" meanWaitingTime="18.17" meanTravelTime="107.95" meanSpeed="4.15" meanSpeedRelative="0.30" duration="1"/>
    <step time="10200.00" loaded="5573" inserted="5564" running="67" waiting="9" ended="5497" arrived="5497" collisions="0" teleports="0" halting="7" stopped="0" meanWaitingTime="18.42" meanTravelTime="107.54" meanSpeed="4.97" meanSpeedRelative="0.36" duration="1"/>
    <step time="10500.00" loaded="5751" inserted="5739" running="56" waiting="12" ended="5683" arrived="5683" collisions="0" teleports="0" halting="12" stopped="0" meanWaitingTime="18.28" meanTravelTime="107.94" meanSpeed="5.21" meanSpeedRelative="0.38" duration="2"/>
    <step time="10800.00" loaded="5923" inserted="5916" running="76" waiting="7" ended="5840" arrived="5840" collisions="0" teleports="0" halting="16" stopped="0" meanWaitingTime="18.31" meanTravelTime="108.23" meanSpeed="5.11" meanSpeedRelative="0.37" duration="3"/>
    <step time="11100.00" loaded="6101" inserted="6083" running="57" waiting="18" ended="6026" arrived="6026" collisions="0" teleports="0" halting="23" stopped="0" meanWaitingTime="18.29" meanTravelTime="108.81" meanSpeed="4.73" meanSpeedRelative="0.35" duration="2"/>
    <step time="11400.00" loaded="6274" inserted="6240" running="56" waiting="34" ended="6184" arrived="6184" collisions="0" teleports="0" halting="14" stopped="0" meanWaitingTime="18.95" meanTravelTime="108.49" meanSpeed="6.08" meanSpeedRelative="0.44" duration="2"/>
    <step time="11700.00" loaded="6416" inserted="6396" running="49" waiting="20" ended="6347" arrived="6347" collisions="0" teleports="0" halting="11" stopped="0" meanWaitingTime="19.98" meanTravelTime="108.28" meanSpeed="4.93" meanSpeedRelative="0.36" duration="1"/>
    <step time="12000.00" loaded="6594" inserted="6586" running="61" waiting="8" ended="6525" arrived="6525" collisions="0" teleports="0" halting="12" stopped="0" meanWaitingTime="20.01" meanTravelTime="108.24" meanSpeed="5.19" meanSpeedRelative="0.37" duration="2"/>
    <step time="12300.00" loaded="6764" inserted="6763" running="66" waiting="1" ended="6697" arrived="6697" collisions="0" teleports="0" halting="26" stopped="0" meanWaitingTime="19.73" meanTravelTime="108.54" meanSpeed="4.18" meanSpeedRelative="0.30" duration="1"/>
    <step time="12600.00" loaded="6933" inserted="6912" running="55" waiting="21" ended="6857" arrived="6857" collisions="0" teleports="0" halting="22" stopped="0" meanWaitingTime="19.55" meanTravelTime="108.71" meanSpeed="4.06" meanSpeedRelative="0.29" duration="1"/>
    <step time="12900.00" loaded="7100" inserted="7087" running="69" waiting="13" ended="7018" arrived="7018" collisions="0" teleports="0" halting="19" stopped="0" meanWaitingTime="19.76" meanTravelTime="108.85" meanSpeed="5.02" meanSpeedRelative="0.36" duration="2"/>
    <step time="13200.00" loaded="7275" inserted="7255" running="74" waiting="20" ended="7181" arrived="7181" collisions="0" teleports="0" halting="19" stopped="0" meanWaitingTime="19.83" meanTravelTime="108.97" meanSpeed="4.82" meanSpeedRelative="0.35" duration="3"/>
    <step time="13500.00" loaded="7420" inserted="7412" running="69" waiting="8" ended="7343" arrived="7343" collisions="0" teleports="0" halting="22" stopped="0" meanWaitingTime="19.87" meanTravelTime="106.81" meanSpeed="3.61" meanSpeedRelative="0.26" duration="1"/>
    <step time="13800.00" loaded="7611" inserted="7595" running="76" waiting="16" ended="7519" arrived="7519" collisions="0" teleports="0" halting="24" stopped="0" meanWaitingTime="19.96" meanTravelTime="106.95" meanSpeed="4.82" meanSpeedRelative="0.35" duration="3"/>
    <step time="14100.00" loaded="7768" inserted="7764" running="72" waiting="4" ended="7692" arrived="7692" collisions="0" teleports="0" halting="19" stopped="0" meanWaitingTime="20.03" meanTravelTime="107.49" meanSpeed="5.75" meanSpeedRelative="0.41" duration="2"/>
    <step time="14400.00" loaded="7906" inserted="7895" running="47" waiting="11" ended="7848" arrived="7848" collisions="0" teleports="0" halting="13" stopped="0" meanWaitingTime="20.19" meanTravelTime="107.70" meanSpeed="6.42" meanSpeedRelative="0.46" duration="1"/>
    <step time="14700.00" loaded="8099" inserted="8084" running="63" waiting="15" ended="8021" arrived="8021" collisions="0" teleports="0" halting="21" stopped="0" meanWaitingTime="20.14" meanTravelTime="107.30" meanSpeed="5.29" meanSpeedRelative="0.38" duration="2"/>
    <step time="15000.00" loaded="8256" inserted="8251" running="95" waiting="5" ended="8156" arrived="8156" collisions="0" teleports="0" halting="16" stopped="0" meanWaitingTime="19.91" meanTravelTime="107.67" meanSpeed="5.12" meanSpeedRelative="0.37" duration="2"/>
    <step time="15300.00" loaded="8416" inserted="8382" running="76" waiting="34" ended="8306" arrived="8306" collisions="0" teleports="0" halting="39" stopped="0" meanWaitingTime="20.08" meanTravelTime="108.48" meanSpeed="3.80" meanSpeedRelative="0.27" duration="3"/>
    <step time="15600.00" loaded="8581" inserted="8571" running="64" waiting="10" ended="8507" arrived="8507" collisions="0" teleports="0" halting="20" stopped="0" meanWaitingTime="20.82" meanTravelTime="108.79" meanSpeed="5.50" meanSpeedRelative="0.40" duration="2"/>
    <step time="15900.00" loaded="8771" inserted="8758" running="90" waiting="13" ended="8668" arrived="8668" collisions="0" teleports="0" halting="30" stopped="0" meanWaitingTime="21.07" meanTravelTime="108.70" meanSpeed="3.78" meanSpeedRelative="0.27" duration="2"/>
    <step time="16200.00" loaded="8957" inserted="8922" running="75" waiting="35" ended="8847" arrived="8847" collisions="0" teleports="0" halting="29" stopped="0" meanWaitingTime="21.39" meanTravelTime="108.88" meanSpeed="4.61" meanSpeedRelative="0.33" duration="3"/>
    <step time="16500.00" loaded="9124" inserted="9110" running="61" waiting="14" ended="9049" arrived="9049" collisions="0" teleports="0" halting="20" stopped="0" meanWaitingTime="22.02" meanTravelTime="109.33" meanSpeed="5.82" meanSpeedRelative="0.42" duration="2"/>
    <step time="16800.00" loaded="9312" inserted="9272" running="57" waiting="40" ended="9215" arrived="9215" collisions="0" teleports="0" halting="9" stopped="0" meanWaitingTime="22.29" meanTravelTime="109.39" meanSpeed="6.54" meanSpeedRelative="0.47" duration="3"/>
    <step time="17100.00" loaded="9481" inserted="9451" running="65" waiting="30" ended="9386" arrived="9386" collisions="0" teleports="0" halting="11" stopped="0" meanWaitingTime="23.10" meanTravelTime="109.38" meanSpeed="6.01" meanSpeedRelative="0.43" duration="2"/>
    <step time="17400.00" loaded="9660" inserted="9635" running="73" waiting="25" ended="9562" arrived="9562" collisions="0" teleports="0" halting="36" stopped="0" meanWaitingTime="23.78" meanTravelTime="109.50" meanSpeed="2.95" meanSpeedRelative="0.21" duration="1"/>
    <step time="17700.00" loaded="9836" inserted="9809" running="98" waiting="27" ended="9711" arrived="9711" collisions="0" teleports="0" halting="38" stopped="0" meanWaitingTime="24.16" meanTravelTime="109.71" meanSpeed="3.56" meanSpeedRelative="0.26" duration="3"/>
    <step time="18000.00" loaded="10003" inserted="9981" running="93" waiting="22" ended="9888" arrived="9888" collisions="0" teleports="0" halting="51" stopped="0" meanWaitingTime="24.65" meanTravelTime="110.82" meanSpeed="3.47" meanSpeedRelative="0.25" duration="2"/>
    <step time="18300.00" loaded="10188" inserted="10154" running="55" waiting="34" ended="10099" arrived="10099" collisions="0" teleports="0" halting="30" stopped="0" meanWaitingTime="24.86" meanTravelTime="111.43" meanSpeed="3.25" meanSpeedRelative="0.23" duration="3"/>
    <step time="18600.00" loaded="10346" inserted="10312" running="57" waiting="34" ended="10255" arrived="10255" collisions="0" teleports="0" halting="18" stopped="0" meanWaitingTime="25.50" meanTravelTime="111.37" meanSpeed="5.57" meanSpeedRelative="0.40" duration="2"/>
    <step time="18900.00" loaded="10535" inserted="10493" running="57" waiting="42" ended="10436" arrived="10436" collisions="0" teleports="0" halting="8" stopped="0" meanWaitingTime="25.88" meanTravelTime="111.28" meanSpeed="6.78" meanSpeedRelative="0.49" duration="2"/>
    <step time="19200.00" loaded="10713" inserted="10687" running="68" waiting="26" ended="10619" arrived="10619" collisions="0" teleports="0" halting="41" stopped="0" meanWaitingTime="26.33" meanTravelTime="111.13" meanSpeed="3.32" meanSpeedRelative="0.25" duration="3"/>
    <step time="19500.00" loaded="10920" inserted="10895" running="105" waiting="25" ended="10790" arrived="10790" collisions="0" teleports="0" halting="35" stopped="0" meanWaitingTime="26.60" meanTravelTime="111.36" meanSpeed="2.99" meanSpeedRelative="0.22" duration="3"/>
    <step time="19800.00" loaded="11097" inserted="11065" running="66" waiting="32" ended="10999" arrived="10999" collisions="0" teleports="0" halting="29" stopped="0" meanWaitingTime="26.92" meanTravelTime="111.85" meanSpeed="4.60" meanSpeedRelative="0.33" duration="3"/>
    <step time="20100.00" loaded="11292" inserted="11267" running="88" waiting="25" ended="11179" arrived="11179" collisions="0" teleports="0" halting="20" stopped="0" meanWaitingTime="27.39" meanTravelTime="111.91" meanSpeed="5.13" meanSpeedRelative="0.37" duration="2"/>
    <step time="20400.00" loaded="11460" inserted="11434" running="76" waiting="26" ended="11358" arrived="11358" collisions="0" teleports="0" halting="20" stopped="0" meanWaitingTime="27.78" meanTravelTime="112.01" meanSpeed="4.84" meanSpeedRelative="0.35" duration="5"/>
    <step time="20700.00" loaded="11634" inserted="11610" running="73" waiting="24" ended="11537" arrived="11537" collisions="0" teleports="0" halting="30" stopped="0" meanWaitingTime="28.06" meanTravelTime="112.25" meanSpeed="3.85" meanSpeedRelative="0.28" duration="2"/>
    <step time="21000.00" loaded="11820" inserted="11809" running="80" waiting="11" ended="11729" arrived="11729" collisions="0" teleports="0" halting="37" stopped="0" meanWaitingTime="28.29" meanTravelTime="112.25" meanSpeed="3.18" meanSpeedRelative="0.23" duration="2"/>
    <step time="21300.00" loaded="11979" inserted="11979" running="79" waiting="0" ended="11900" arrived="11900" collisions="0" teleports="0" halting="15" stopped="0" meanWaitingTime="28.07" meanTravelTime="112.54" meanSpeed="5.30" meanSpeedRelative="0.38" duration="2"/>
    <step time="21600.00" loaded="12199" inserted="12191" running="99" waiting="8" ended="12092" arrived="12092" collisions="0" teleports="0" halting="20" stopped="0" meanWaitingTime="27.79" meanTravelTime="112.83" meanSpeed="5.40" meanSpeedRelative="0.39" duration="2"/>
    <step time="21900.00" loaded="12385" inserted="12377" running="76" waiting="8" ended="12301" arrived="12301" collisions="0" teleports="0" halting="23" stopped="0" meanWaitingTime="27.48" meanTravelTime="112.87" meanSpeed="5.47" meanSpeedRelative="0.39" duration="2"/>
    <step time="22200.00" loaded="12575" inserted="12565" running="64" waiting="10" ended="12501" arrived="12501" collisions="0" teleports="0" halting="7" stopped="0" meanWaitingTime="27.27" meanTravelTime="112.73" meanSpeed="6.45" meanSpeedRelative="0.46" duration="1"/>
    <step time="22500.00" loaded="12752" inserted="12718" running="59" waiting="34" ended="12659" arrived="12659" collisions="0" teleports="0" halting="7" stopped="0" meanWaitingTime="27.17" meanTravelTime="112.63" meanSpeed="6.04" meanSpeedRelative="0.43" duration="2"/>
    <step time="22800.00" loaded="12950" inserted="12948" running="100" waiting="2" ended="12848" arrived="12848" collisions="0" teleports="0" halting="53" stopped="0" meanWaitingTime="27.16" meanTravelTime="112.63" meanSpeed="2.58" meanSpeedRelative="0.19" duration="3"/>
    <step time="23100.00" loaded="13135" inserted="13122" running="89" waiting="13" ended="13033" arrived="13033" collisions="0" teleports="0" halting="41" stopped="0" meanWaitingTime="26.97" meanTravelTime="113.20" meanSpeed="4.10" meanSpeedRelative="0.30" duration="2"/>
    <step time="23400.00" loaded="13324" inserted="13314" running="74" waiting="10" ended="13240" arrived="13240" collisions="0" teleports="0" halting="16" stopped="0" meanWaitingTime="26.90" meanTravelTime="113.39" meanSpeed="5.06" meanSpeedRelative="0.36" duration="2"/>
    <step time="23700.00" loaded="13556" inserted="13536" running="88" waiting="20" ended="13448" arrived="13448" collisions="0" teleports="0" halting="32" stopped="0" meanWaitingTime="26.67" meanTravelTime="113.29" meanSpeed="4.69" meanSpeedRelative="0.34" duration="2"/>
    <step time="24000.00" loaded="13733" inserted="13713" running="50" waiting="20" ended="13663" arrived="13663" collisions="0" teleports="0" halting="16" stopped="0" meanWaitingTime="26.65" meanTravelTime="113.38" meanSpeed="4.33" meanSpeedRelative="0.31" duration="1"/>
    <step time="24300.00" loaded="13941" inserted="13913" running="101" waiting="28" ended="13812" arrived="13812" collisions="0" teleports="0" halting="62" stopped="0" meanWaitingTime="26.78" meanTravelTime="113.22" meanSpeed="1.77" meanSpeedRelative="0.13" duration="2"/>
    <step time="24600.00" loaded="14165" inserted="14123" running="81" waiting="42" ended="14042" arrived="14042" collisions="0" teleports="0" halting="32" stopped="0" meanWaitingTime="27.04" meanTravelTime="113.55" meanSpeed="4.82" meanSpeedRelative="0.35" duration="3"/>
    <step time="24900.00" loaded="14377" inserted="14325" running="73" waiting="52" ended="14252" arrived="14252" collisions="0" teleports="0" halting="30" stopped="0" meanWaitingTime="27.52" meanTravelTime="113.50" meanSpeed="4.69" meanSpeedRelative="0.34" duration="1"/>
    <step time="25200.00" loaded="14572" inserted="14524" running="84" waiting="48" ended="14440" arrived="14440" collisions="0" teleports="0" halting="33" stopped="0" meanWaitingTime="28.04" meanTravelTime="113.51" meanSpeed="4.26" meanSpeedRelative="0.31" duration="2"/>
    <step time="25500.00" loaded="14747" inserted="14721" running="74" waiting="26" ended="14647" arrived="14647" collisions="0" teleports="0" halting="26" stopped="0" meanWaitingTime="28.50" meanTravelTime="113.73" meanSpeed="4.27" meanSpeedRelative="0.31" duration="4"/>
    <step time="25800.00" loaded="14977" inserted="14941" running="85" waiting="36" ended="14856" arrived="14856" collisions="0" teleports="0" halting="26" stopped="0" meanWaitingTime="28.75" meanTravelTime="113.75" meanSpeed="3.75" meanSpeedRelative="0.27" duration="3"/>
    <step time="26100.00" loaded="15188" inserted="15152" running="88" waiting="36" ended="15064" arrived="15064" collisions="0" teleports="0" halting="27" stopped="0" meanWaitingTime="29.09" meanTravelTime="113.82" meanSpeed="3.71" meanSpeedRelative="0.28" duration="1"/>
    <step time="26400.00" loaded="15380" inserted="15338" running="86" waiting="42" ended="15252" arrived="15252" collisions="0" teleports="0" halting="33" stopped="0" meanWaitingTime="29.38" meanTravelTime="113.99" meanSpeed="3.20" meanSpeedRelative="0.23" duration="4"/>
    <step time="26700.00" loaded="15594" inserted="15563" running="124" waiting="31" ended="15439" arrived="15439" collisions="0" teleports="0" halting="32" stopped="0" meanWaitingTime="29.81" meanTravelTime="114.03" meanSpeed="4.08" meanSpeedRelative="0.29" duration="5"/>
    <step time="27000.00" loaded="15814" inserted="15767" running="111" waiting="47" ended="15656" arrived="15656" collisions="0" teleports="0" halting="27" stopped="0" meanWaitingTime="30.09" meanTravelTime="114.59" meanSpeed="4.82" meanSpeedRelative="0.35" duration="2"/>
    <step time="27300.00" loaded="16037" inserted="15981" running="110" waiting="56" ended="15871" arrived="15871" collisions="0" teleports="0" halting="45" stopped="0" meanWaitingTime="30.56" meanTravelTime="114.68" meanSpeed="3.36" meanSpeedRelative="0.24" duration="2"/>
    <step time="27600.00" loaded="16234" inserted="16179" running="77" waiting="55" ended="16102" arrived="16102" collisions="0" teleports="0" halting="47" stopped="0" meanWaitingTime="31.18" meanTravelTime="115.14" meanSpeed="2.84" meanSpeedRelative="0.20" duration="3"/>
    <step time="27900.00" loaded="16443" inserted="16395" running="86" waiting="48" ended="16309" arrived="16309" collisions="0" teleports="0" halting="19" stopped="0" meanWaitingTime="31.79" meanTravelTime="114.98" meanSpeed="4.26" meanSpeedRelative="0.31" duration="3"/>
    <step time="28200.00" loaded="16669" inserted="16633" running="72" waiting="36" ended="16561" arrived="16561" collisions="0" teleports="0" halting="17" stopped="0" meanWaitingTime="32.31" meanTravelTime="115.09" meanSpeed="4.62" meanSpeedRelative="0.33" duration="3"/>
    <step time="28500.00" loaded="16870" inserted="16835" running="77" waiting="35" ended="16758" arrived="16758" collisions="0" teleports="0" halting="16" stopped="0" meanWaitingTime="32.61" meanTravelTime="114.96" meanSpeed="5.94" meanSpeedRelative="0.43" duration="3"/>
    <step time="28800.00" loaded="17085" inserted="17054" running="95" waiting="31" ended="16959" arrived="16959" collisions="0" teleports="0" halting="40" stopped="0" meanWaitingTime="32.69" meanTravelTime="114.91" meanSpeed="3.46" meanSpeedRelative="0.25" duration="4"/>
    <step time="29100.00" loaded="17309" inserted="17271" running="103" waiting="38" ended="17168" arrived="17168" collisions="0" teleports="0" halting="47" stopped="0" meanWaitingTime="32.63" meanTravelTime="115.42" meanSpeed="2.77" meanSpeedRelative="0.20" duration="3"/>
    <step time="29400.00" loaded="17514" inserted="17465" running="84" waiting="49" ended="17381" arrived="17381" collisions="0" teleports="0" halting="29" stopped="0" meanWaitingTime="32.88" meanTravelTime="115.89" meanSpeed="5.16" meanSpeedRelative="0.37" duration="4"/>
    <step time="29700.00" loaded="17695" inserted="17662" running="61" waiting="33" ended="17601" arrived="17601" collisions="0" teleports="0" halting="16" stopped="0" meanWaitingTime="33.10" meanTravelTime="115.89" meanSpeed="5.79" meanSpeedRelative="0.42" duration="4"/>
    <step time="30000.00" loaded="17870" inserted="17839" running="51" waiting="31" ended="17788" arrived="17788" collisions="0" teleports="0" halting="19" stopped="0" meanWaitingTime="33.27" meanTravelTime="115.75" meanSpeed="4.56" meanSpeedRelative="0.33" duration="2"/>
    <step time="30300.00" loaded="18071" inserted="18032" running="73" waiting="39" ended="17959" arrived="17959" collisions="0" teleports="0" halting="28" stopped="0" meanWaitingTime="33.55" meanTravelTime="115.56" meanSpeed="3.98" meanSpeedRelative="0.30" duration="2"/>
    <step time="30600.00" loaded="18285" inserted="18240" running="96" waiting="45" ended="18144" arrived="18144" collisions="0" teleports="0" halting="39" stopped="0" meanWaitingTime="33.83" meanTravelTime="115.58" meanSpeed="5.34" meanSpeedRelative="0.38" duration="3"/>
    <step time="30900.00" loaded="18504" inserted="18461" running="101" waiting="43" ended="18360" arrived="18360" collisions="0" teleports="0" halting="47" stopped="0" meanWaitingTime="34.13" meanTravelTime="115.62" meanSpeed="2.92" meanSpeedRelative="0.21" duration="4"/>
    <step time="31200.00" loaded="18676" inserted="18631" running="59" waiting="45" ended="18572" arrived="18572" collisions="0" teleports="0" halting="11" stopped="0" meanWaitingTime="34.25" meanTravelTime="115.92" meanSpeed="4.36" meanSpeedRelative="0.31" duration="2"/>
    <step time="31500.00" loaded="18853" inserted="18807" running="77" waiting="46" ended="18730" arrived="18730" collisions="0" teleports="0" halting="32" stopped="0" meanWaitingTime="34.56" meanTravelTime="116.17" meanSpeed="3.18" meanSpeedRelative="0.23" duration="4"/>
    <step time="31800.00" loaded="19011" inserted="18975" running="77" waiting="36" ended="18898" arrived="18898" collisions="0" teleports="0" halting="20" stopped="0" meanWaitingTime="34.95" meanTravelTime="116.41" meanSpeed="4.58" meanSpeedRelative="0.33" duration="3"/>
    <step time="32100.00" loaded="19195" inserted="19156" running="70" waiting="39" ended="19086" arrived="19086" collisions="0" teleports="0" halting="29" stopped="0" meanWaitingTime="35.34" meanTravelTime="116.39" meanSpeed="4.82" meanSpeedRelative="0.37" duration="3"/>
    <step time="32400.00" loaded="19361" inserted="19317" running="62" waiting="44" ended="19255" arrived="19255" collisions="0" teleports="0" halting="24" stopped="0" meanWaitingTime="35.57" meanTravelTime="116.25" meanSpeed="4.10" meanSpeedRelative="0.30" duration="1"/>
    <step time="32700.00" loaded="19539" inserted="19498" running="67" waiting="41" ended="19431" arrived="19431" collisions="0" teleports="0" halting="15" stopped="0" meanWaitingTime="35.78" meanTravelTime="116.29" meanSpeed="4.94" meanSpeedRelative="0.36" duration="2"/>
    <step time="33000.00" loaded="19709" inserted="19679" running="63" waiting="30" ended="19616" arrived="19616" collisions="0" teleports="0" halting="8" stopped="0" meanWaitingTime="36.05" meanTravelTime="116.37" meanSpeed="6.08" meanSpeedRelative="0.44" duration="2"/>
    <step time="33300.00" loaded="19843" inserted="19829" running="76" waiting="14" ended="19753" arrived="19753" collisions="0" teleports="0" halting="19" stopped="0" meanWaitingTime="36.22" meanTravelTime="116.39" meanSpeed="5.81" meanSpeedRelative="0.42" duration="2"/>
    <step time="33600.00" loaded="20036" inserted="20018" running="62" waiting="18" ended="19956" arrived="19956" collisions="0" teleports="0" halting="27" stopped="0" meanWaitingTime="36.14" meanTravelTime="116.34" meanSpeed="5.15" meanSpeedRelative="0.37" duration="3"/>
    <step time="33900.00" loaded="20192" inserted="20171" running="62" waiting="21" ended="20109" arrived="20109" collisions="0" teleports="0" halting="23" stopped="0" meanWaitingTime="36.08" meanTravelTime="116.20" meanSpeed="3.79" meanSpeedRelative="0.27" duration="2"/>
    <step time="34200.00" loaded="20352" inserted="20331" running="72" waiting="21" ended="20259" arrived="20259" collisions="0" teleports="0" halting="20" stopped="0" meanWaitingTime="36.06" meanTravelTime="116.30" meanSpeed="4.62" meanSpeedRelative="0.33" duration="3"/>
    <step time="34500.00" loaded="20519" inserted="20494" running="77" waiting="25" ended="20417" arrived="20417" collisions="0" teleports="0" halting="14" stopped="0" meanWaitingTime="36.14" meanTravelTime="116.43" meanSpeed="5.44" meanSpeedRelative="0.39" duration="4"/>
    <step time="34800.00" loaded="20673" inserted="20642" running="71" waiting="31" ended="20571" arrived="20571" collisions="0" teleports="0" halting="22" stopped="0" meanWaitingTime="36.31" meanTravelTime="116.66" meanSpeed="3.25" meanSpeedRelative="0.23" duration="3"/>
    <step time="35100.00" loaded="20812" inserted="20798" running="65" waiting="14" ended="20733" arrived="20733" collisions="0" teleports="0" halting="16" stopped="0" meanWaitingTime="36.44" meanTravelTime="116.78" meanSpeed="5.84" meanSpeedRelative="0.42" duration="2"/>
    <step time="35400.00" loaded="20952" inserted="20945" running="48" waiting="7" ended="20897" arrived="20897" collisions="0" teleports="0" halting="6" stopped="0" meanWaitingTime="36.26" meanTravelTime="116.66" meanSpeed="6.84" meanSpeedRelative="0.49" duration="2"/>
    <step time="35700.00" loaded="21095" inserted="21088" running="47" waiting="7" ended="21041" arrived="21041" collisions="0" teleports="0" halting="23" stopped="0" meanWaitingTime="36.13" meanTravelTime="116.70" meanSpeed="4.18" meanSpeedRelative="0.30" duration="1"/>
    <step time="36000.00" loaded="21251" inserted="21244" running="39" waiting="7" ended="21205" arrived="21205" collisions="0" teleports="0" halting="19" stopped="0" meanWaitingTime="35.98" meanTravelTime="116.62" meanSpeed="3.93" meanSpeedRelative="0.28" duration="2"/>
    <step time="36300.00" loaded="21423" inserted="21406" running="54" waiting="17" ended="21352" arrived="21352" collisions="0" teleports="0" halting="34" stopped="0" meanWaitingTime="35.86" meanTravelTime="116.43" meanSpeed="2.87" meanSpeedRelative="0.21" duration="1"/>
    <step time="36600.00" loaded="21573" inserted="21563" running="66" waiting="10" ended="21497" arrived="21497" collisions="0" teleports="0" halting="9" stopped="0" meanWaitingTime="35.80" meanTravelTime="116.45" meanSpeed="5.02" meanSpeedRelative="0.36" duration="3"/>
    <step time="36900.00" loaded="21714" inserted="21694" running="36" waiting="20" ended="21658" arrived="21658" collisions="0" teleports="0" halting="10" stopped="0" meanWaitingTime="35.66" meanTravelTime="116.56" meanSpeed="6.83" meanSpeedRelative="0.49" duration="2"/>
    <step time="37200.00" loaded="21835" inserted="21812" running="45" waiting="23" ended="21767" arrived="21767" collisions="0" teleports="0" halting="27" stopped="0" meanWaitingTime="35.65" meanTravelTime="116.44" meanSpeed="2.75" meanSpeedRelative="0.20" duration="2"/>
    <step time="37500.00" loaded="21977" inserted="21940" running="50" waiting="37" ended="21890" arrived="21890" collisions="0" teleports="0" halting="12" stopped="0" meanWaitingTime="35.82" meanTravelTime="116.48" meanSpeed="5.44" meanSpeedRelative="0.39" duration="1"/>
    <step time="37800.00" loaded="22132" inserted="22091" running="52" waiting="41" ended="22039" arrived="22039" collisions="0" teleports="0" halting="22" stopped="0" meanWaitingTime="36.08" meanTravelTime="116.44" meanSpeed="4.97" meanSpeedRelative="0.36" duration="3"/>
    <step time="38100.00" loaded="22275" inserted="22231" running="47" waiting="44" ended="22184" arrived="22184" collisions="0" teleports="0" halting="18" stopped="0" meanWaitingTime="36.30" meanTravelTime="116.32" meanSpeed="5.33" meanSpeedRelative="0.38" duration="2"/>
    <step time="38400.00" loaded="22400" inserted="22369" running="44" waiting="31" ended="22325" arrived="22325" collisions="0" teleports="0" halting="20" stopped="0" meanWaitingTime="36.60" meanTravelTime="116.22" meanSpeed="4.29" meanSpeedRelative="0.31" duration="2"/>
    <step time="38700.00" loaded="22501" inserted="22492" running="51" waiting="9" ended="22441" arrived="22441" collisions="0" teleports="0" halting="29" stopped="0" meanWaitingTime="36.81" meanTravelTime="116.12" meanSpeed="3.86" meanSpeedRelative="0.28" duration="2"/>
    <step time="39000.00" loaded="22607" inserted="22573" running="43" waiting="34" ended="22530" arrived="22530" collisions="0" teleports="0" halting="6" stopped="0" meanWaitingTime="36.96" meanTravelTime="116.18" meanSpeed="6.87" meanSpeedRelative="0.49" duration="2"/>
    <step time="39300.00" loaded="22733" inserted="22689" running="35" waiting="44" ended="22654" arrived="22654" collisions="0" teleports="0" halting="13" stopped="0" meanWaitingTime="37.24" meanTravelTime="116.18" meanSpeed="6.05" meanSpeedRelative="0.44" duration="2"/>
    <step time="39600.00" loaded="22843" inserted="22790" running="44" waiting="53" ended="22746" arrived="22746" collisions="0" teleports="0" halting="20" stopped="0" meanWaitingTime="37.54" meanTravelTime="116.09" meanSpeed="4.54" meanSpeedRelative="0.33" duration="1"/>
    <step time="39900.00" loaded="22965" inserted="22913" running="68" waiting="52" ended="22845" arrived="22845" collisions="0" teleports="0" halting="53" stopped="0" meanWaitingTime="38.05" meanTravelTime="116.07" meanSpeed="1.91" meanSpeedRelative="0.14" duration="1"/>
    <step time="40200.00" loaded="23053" inserted="23015" running="37" waiting="38" ended="22978" arrived="22978" collisions="0" teleports="0" halting="13" stopped="0" meanWaitingTime="38.62" meanTravelTime="116.29" meanSpeed="4.27" meanSpeedRelative="0.31" duration="2"/>
    <step time="40500.00" loaded="23152" inserted="23128" running="37" waiting="24" ended="23091" arrived="23091" collisions="0" teleports="0" halting="9" stopped="0" meanWaitingTime="38.93" meanTravelTime="116.31" meanSpeed="6.50" meanSpeedRelative="0.47" duration="1"/>
    <step time="40800.00" loaded="23261" inserted="23228" running="40" waiting="33" ended="23188" arrived="23188" collisions="0" teleports="0" halting="16" stopped="0" meanWaitingTime="39.19" meanTravelTime="116.25" meanSpeed="4.54" meanSpeedRelative="0.33" duration="1"/>
    <step time="41100.00" loaded="23343" inserted="23320" running="49" waiting="23" ended="23271" arrived="23271" collisions="0" teleports="0" halting="25" stopped="0" meanWaitingTime="39.39" meanTravelTime="116.30" meanSpeed="3.45" meanSpeedRelative="0.25" duration="2"/>
    <step time="41400.00" loaded="23405" inserted="23394" running="32" waiting="11" ended="23362" arrived="23362" collisions="0" teleports="0" halting="25" stopped="0" meanWaitingTime="39.48" meanTravelTime="116.57" meanSpeed="2.23" meanSpeedRelative="0.16" duration="1"/>
    <step time="41700.00" loaded="23503" inserted="23478" running="55" waiting="25" ended="23423" arrived="23423" collisions="0" teleports="0" halting="29" stopped="0" meanWaitingTime="39.62" meanTravelTime="116.67" meanSpeed="3.96" meanSpeedRelative="0.28" duration="3"/>
    <step time="42000.00" loaded="23583" inserted="23554" running="32" waiting="29" ended="23522" arrived="23522" collisions="0" teleports="0" halting="12" stopped="0" meanWaitingTime="39.80" meanTravelTime="116.93" meanSpeed="3.42" meanSpeedRelative="0.25" duration="1"/>
    <step time="42300.00" loaded="23688" inserted="23664" running="46" waiting="24" ended="23618" arrived="23618" collisions="0" teleports="0" halting="9" stopped="0" meanWaitingTime="40.05" meanTravelTime="116.87" meanSpeed="6.72" meanSpeedRelative="0.48" duration="2"/>
    <step time="42600.00" loaded="23799" inserted="23763" running="39" waiting="36" ended="23724" arrived="23724" collisions="0" teleports="0" halting="6" stopped="0" meanWaitingTime="40.26" meanTravelTime="116.82" meanSpeed="6.45" meanSpeedRelative="0.46" duration="1"/>
    <step time="42900.00" loaded="23900" inserted="23875" running="51" waiting="25" ended="23824" arrived="23824" collisions="0" teleports="0" halting="22" stopped="0" meanWaitingTime="40.53" meanTravelTime="116.90" meanSpeed="5.14" meanSpeedRelative="0.39" duration="3"/>
    <step time="43200.00" loaded="24002" inserted="23967" running="24" waiting="35" ended="23943" arrived="23943" collisions="0" teleports="0" halting="7" stopped="0" meanWaitingTime="40.67" meanTravelTime="116.98" meanSpeed="5.87" meanSpeedRelative="0.42" duration="2"/>
    <step time="43500.00" loaded="24084" inserted="24073" running="57" waiting="11" ended="24016" arrived="24016" collisions="0" teleports="0" halting="13" stopped="0" meanWaitingTime="40.79" meanTravelTime="116.93" meanSpeed="6.10" meanSpeedRelative="0.44" duration="1"/>
    <step time="43800.00" loaded="24185" inserted="24164" running="39" waiting="21" ended="24125" arrived="24125" collisions="0" teleports="0" halting="12" stopped="0" meanWaitingTime="40.85" meanTravelTime="116.99" meanSpeed="5.37" meanSpeedRelative="0.39" duration="1"/>
    <step time="44100.00" loaded="24289" inserted="24279" running="59" waiting="10" ended="24220" arrived="24220" collisions="0" teleports="0" halting="30" stopped="0" meanWaitingTime="40.90" meanTravelTime="116.97" meanSpeed="4.31" meanSpeedRelative="0.31" duration="3"/>
    <step time="44400.00" loaded="24398" inserted="24380" running="75" waiting="18" ended="24305" arrived="24305" collisions="0" teleports="0" halting="62" stopped="0" meanWaitingTime="40.89" meanTravelTime="116.93" meanSpeed="0.88" meanSpeedRelative="0.06" duration="3"/>
    <step time="44700.00" loaded="24501" inserted="24457" running="41" waiting="44" ended="24416" arrived="24416" collisions="0" teleports="0" halting="18" stopped="0" meanWaitingTime="41.04" meanTravelTime="117.58" meanSpeed="3.87" meanSpeedRelative="0.28" duration="2"/>
    <step time="45000.00" loaded="24606" inserted="24553" running="39" waiting="53" ended="24514" arrived="24514" collisions="0" teleports="0" halting="4" stopped="0" meanWaitingTime="41.41" meanTravelTime="117.74" meanSpeed="5.91" meanSpeedRelative="0.43" duration="1"/>
    <step time="45300.00" loaded="24693" inserted="24643" running="41" waiting="50" ended="24602" arrived="24602" collisions="0" teleports="0" halting="17" stopped="0" meanWaitingTime="41.70" meanTravelTime="117.80" meanSpeed="3.30" meanSpeedRelative="0.24" duration="2"/>
    <step time="45600.00" loaded="24776" inserted="24715" running="22" waiting="61" ended="24693" arrived="24693" collisions="0" teleports="0" halting="9" stopped="0" meanWaitingTime="42.03" meanTravelTime="117.90" meanSpeed="5.19" meanSpeedRelative="0.37" duration="1"/>
    <step time="45900.00" loaded="24862" inserted="24766" running="21" waiting="96" ended="24745" arrived="24745" collisions="0" teleports="0" halting="18" stopped="0" meanWaitingTime="42.44" meanTravelTime="117.84" meanSpeed="1.02" meanSpeedRelative="0.07" duration="0"/>
    <step time="46200.00" loaded="24942" inserted="24842" running="47" waiting="100" ended="24795" arrived="24795" collisions="0" teleports="0" halting="41" stopped="0" meanWaitingTime="43.21" meanTravelTime="117.73" meanSpeed="0.97" meanSpeedRelative="0.07" duration="1"/>
    <step time="46500.00" loaded="24990" inserted="24914" running="71" waiting="76" ended="24843" arrived="24843" collisions="0" teleports="0" halting="64" stopped="0" meanWaitingTime="44.03" meanTravelTime="117.63" meanSpeed="0.76" meanSpeedRelative="0.06" duration="2"/>
    <step time="46800.00" loaded="25010" inserted="24988" running="97" waiting="22" ended="24891" arrived="24891" collisions="0" teleports="0" halting="89" stopped="0" meanWaitingTime="45.10" meanTravelTime="117.52" meanSpeed="0.52" meanSpeedRelative="0.04" duration="2"/>
    <step time="47100.00" loaded="25029" inserted="25029" running="94" waiting="0" ended="24935" arrived="24935" collisions="0" teleports="0" halting="90" stopped="0" meanWaitingTime="45.59" meanTravelTime="117.45" meanSpeed="0.25" meanSpeedRelative="0.02" duration="1"/>
    <step time="47400.00" loaded="25045" inserted="25045" running="92" waiting="0" ended="24953" arrived="24953" collisions="0" teleports="0" halting="92" stopped="0" meanWaitingTime="45.56" meanTravelTime="117.41" meanSpeed="0.00" meanSpeedRelative="0.00" duration="2"/>
    <step time="47700.00" loaded="25059" inserted="25059" running="93" waiting="0" ended="24966" arrived="24966" collisions="0" teleports="0" halting="93" stopped="0" meanWaitingTime="45.54" meanTravelTime="117.37" meanSpeed="0.00" meanSpeedRelative="0.00" duration="2"/>
    <step time="48000.00" loaded="25073" inserted="25073" running="92" waiting="0" ended="24981" arrived="24981" collisions="0" teleports="0" halting="90" stopped="0" meanWaitingTime="45.51" meanTravelTime="117.33" meanSpeed="0.27" meanSpeedRelative="0.02" duration="2"/>
    <step time="48300.00" loaded="25087" inserted="25087" running="91" waiting="0" ended="24996" arrived="24996" collisions="0" teleports="0" halting="90" stopped="0" meanWaitingTime="45.49" meanTravelTime="117.28" meanSpeed="0.03" meanSpeedRelative="0.00" duration="2"/>
    <step time="48600.00" loaded="25103" inserted="25103" running="92" waiting="0" ended="25011" arrived="25011" collisions="0" teleports="0" halting="90" stopped="0" meanWaitingTime="45.46" meanTravelTime="117.23" meanSpeed="0.16" meanSpeedRelative="0.01" duration="2"/>
    <step time="48900.00" loaded="25118" inserted="25118" running="96" waiting="0" ended="25022" arrived="25022" collisions="0" teleports="0" halting="95" stopped="0" meanWaitingTime="45.43" meanTravelTime="117.18" meanSpeed="0.03" meanSpeedRelative="0.00" duration="2"/>
    <step time="49200.00" loaded="25127" inserted="25127" running="90" waiting="0" ended="25037" arrived="25037" collisions="0" teleports="0" halting="90" stopped="0" meanWaitingTime="45.41" meanTravelTime="117.15" meanSpeed="0.00" meanSpeedRelative="0.00" duration="2"/>
</summary>
