<?xml version="1.0" encoding="UTF-8"?>

<!-- generated on 2025-02-28 18:25:34 by Eclipse SUMO GUI Version 1.19.0
<configuration xmlns:xsi="http://www.w3.org/2001/XMLSchema-instance" xsi:noNamespaceSchemaLocation="http://sumo.dlr.de/xsd/sumoConfiguration.xsd">

    <input>
        <net-file value="Network.net.xml"/>
        <route-files value="CarRoutes.rou.xml"/>
        <additional-files value="Sensors.add.xml"/>
    </input>

    <output>
        <emission-output value="logs/Emissions.xml"/>
        <summary-output value="logs/Log_summary.xml"/>
        <summary-output.period value="300"/>
        <tripinfo-output value="logs/TripInfos.xml"/>
    </output>

    <time>
        <begin value="0"/>
        <end value="86400"/>
        <step-length value="0.25"/>
    </time>

    <processing>
        <ignore-junction-blocker value="0.1"/>
        <time-to-teleport value="-1"/>
    </processing>

    <report>
        <verbose value="true"/>
        <no-step-log value="true"/>
    </report>

    <emissions>
        <device.emissions.period value="10"/>
    </emissions>

    <traci_server>
        <remote-port value="58579"/>
    </traci_server>

    <gui_only>
        <quit-on-end value="true"/>
        <start value="true"/>
    </gui_only>

</configuration>
-->

<summary xmlns:xsi="http://www.w3.org/2001/XMLSchema-instance" xsi:noNamespaceSchemaLocation="http://sumo.dlr.de/xsd/summary_file.xsd">
    <step time="0.00" loaded="1" inserted="1" running="1" waiting="0" ended="0" arrived="0" collisions="0" teleports="0" halting="1" stopped="0" meanWaitingTime="0.00" meanTravelTime="-1.00" meanSpeed="0.00" meanSpeedRelative="0.00" duration="1"/>
    <step time="300.00" loaded="210" inserted="196" running="91" waiting="14" ended="105" arrived="105" collisions="0" teleports="0" halting="42" stopped="0" meanWaitingTime="14.09" meanTravelTime="78.83" meanSpeed="4.30" meanSpeedRelative="0.31" duration="1"/>
    <step time="600.00" loaded="370" inserted="360" running="70" waiting="10" ended="290" arrived="290" collisions="0" teleports="0" halting="31" stopped="0" meanWaitingTime="13.48" meanTravelTime="113.47" meanSpeed="4.80" meanSpeedRelative="0.35" duration="1"/>
    <step time="900.00" loaded="530" inserted="520" running="50" waiting="10" ended="470" arrived="470" collisions="0" teleports="0" halting="23" stopped="0" meanWaitingTime="12.60" meanTravelTime="110.34" meanSpeed="4.87" meanSpeedRelative="0.35" duration="2"/>
    <step time="1200.00" loaded="705" inserted="690" running="60" waiting="15" ended="630" arrived="630" collisions="0" teleports="0" halting="9" stopped="0" meanWaitingTime="15.72" meanTravelTime="107.66" meanSpeed="7.16" meanSpeedRelative="0.52" duration="3"/>
    <step time="1500.00" loaded="870" inserted="850" running="60" waiting="20" ended="790" arrived="790" collisions="0" teleports="0" halting="21" stopped="0" meanWaitingTime="16.89" meanTravelTime="107.22" meanSpeed="4.33" meanSpeedRelative="0.31" duration="2"/>
    <step time="1800.00" loaded="1034" inserted="1015" running="59" waiting="19" ended="956" arrived="956" collisions="0" teleports="0" halting="22" stopped="0" meanWaitingTime="19.99" meanTravelTime="108.70" meanSpeed="4.69" meanSpeedRelative="0.34" duration="3"/>
    <step time="2100.00" loaded="1192" inserted="1177" running="72" waiting="15" ended="1105" arrived="1105" collisions="0" teleports="0" halting="52" stopped="0" meanWaitingTime="18.76" meanTravelTime="106.93" meanSpeed="2.60" meanSpeedRelative="0.19" duration="3"/>
    <step time="2400.00" loaded="1340" inserted="1324" running="42" waiting="16" ended="1282" arrived="1282" collisions="0" teleports="0" halting="22" stopped="0" meanWaitingTime="18.71" meanTravelTime="110.23" meanSpeed="3.58" meanSpeedRelative="0.26" duration="2"/>
    <step time="2700.00" loaded="1484" inserted="1483" running="52" waiting="1" ended="1431" arrived="1431" collisions="0" teleports="0" halting="13" stopped="0" meanWaitingTime="18.64" meanTravelTime="108.40" meanSpeed="5.14" meanSpeedRelative="0.37" duration="1"/>
    <step time="3000.00" loaded="1644" inserted="1637" running="43" waiting="7" ended="1594" arrived="1594" collisions="0" teleports="0" halting="18" stopped="0" meanWaitingTime="17.45" meanTravelTime="109.02" meanSpeed="4.64" meanSpeedRelative="0.33" duration="1"/>
    <step time="3300.00" loaded="1813" inserted="1792" running="54" waiting="21" ended="1738" arrived="1738" collisions="0" teleports="0" halting="14" stopped="0" meanWaitingTime="18.04" meanTravelTime="109.01" meanSpeed="6.53" meanSpeedRelative="0.47" duration="1"/>
    <step time="3600.00" loaded="1945" inserted="1930" running="43" waiting="15" ended="1887" arrived="1887" collisions="0" teleports="0" halting="14" stopped="0" meanWaitingTime="19.59" meanTravelTime="107.57" meanSpeed="5.35" meanSpeedRelative="0.39" duration="2"/>
    <step time="3900.00" loaded="2109" inserted="2109" running="75" waiting="0" ended="2034" arrived="2034" collisions="0" teleports="0" halting="40" stopped="0" meanWaitingTime="18.74" meanTravelTime="108.06" meanSpeed="3.32" meanSpeedRelative="0.24" duration="1"/>
    <step time="4200.00" loaded="2239" inserted="2239" running="36" waiting="0" ended="2203" arrived="2203" collisions="0" teleports="0" halting="11" stopped="0" meanWaitingTime="18.66" meanTravelTime="108.41" meanSpeed="5.85" meanSpeedRelative="0.42" duration="1"/>
    <step time="4500.00" loaded="2417" inserted="2416" running="61" waiting="1" ended="2355" arrived="2355" collisions="0" teleports="0" halting="23" stopped="0" meanWaitingTime="17.74" meanTravelTime="106.88" meanSpeed="5.09" meanSpeedRelative="0.37" duration="1"/>
    <step time="4800.00" loaded="2573" inserted="2567" running="44" waiting="6" ended="2523" arrived="2523" collisions="0" teleports="0" halting="17" stopped="0" meanWaitingTime="16.95" meanTravelTime="105.94" meanSpeed="4.15" meanSpeedRelative="0.30" duration="1"/>
    <step time="5100.00" loaded="2739" inserted="2729" running="61" waiting="10" ended="2668" arrived="2668" collisions="0" teleports="0" halting="13" stopped="0" meanWaitingTime="17.61" meanTravelTime="105.26" meanSpeed="6.25" meanSpeedRelative="0.45" duration="1"/>
    <step time="5400.00" loaded="2891" inserted="2889" running="59" waiting="2" ended="2830" arrived="2830" collisions="0" teleports="0" halting="14" stopped="0" meanWaitingTime="17.46" meanTravelTime="105.12" meanSpeed="5.48" meanSpeedRelative="0.39" duration="2"/>
    <step time="5700.00" loaded="3077" inserted="3062" running="70" waiting="15" ended="2992" arrived="2992" collisions="0" teleports="0" halting="27" stopped="0" meanWaitingTime="16.85" meanTravelTime="104.86" meanSpeed="5.34" meanSpeedRelative="0.38" duration="3"/>
    <step time="6000.00" loaded="3202" inserted="3199" running="34" waiting="3" ended="3165" arrived="3165" collisions="0" teleports="0" halting="13" stopped="0" meanWaitingTime="16.81" meanTravelTime="105.76" meanSpeed="5.26" meanSpeedRelative="0.38" duration="1"/>
    <step time="6300.00" loaded="3364" inserted="3347" running="56" waiting="17" ended="3291" arrived="3291" collisions="0" teleports="0" halting="27" stopped="0" meanWaitingTime="16.82" meanTravelTime="105.94" meanSpeed="4.05" meanSpeedRelative="0.29" duration="1"/>
    <step time="6600.00" loaded="3525" inserted="3517" running="48" waiting="8" ended="3469" arrived="3469" collisions="0" teleports="0" halting="17" stopped="0" meanWaitingTime="16.99" meanTravelTime="105.70" meanSpeed="4.72" meanSpeedRelative="0.34" duration="1"/>
    <step time="6900.00" loaded="3709" inserted="3692" running="68" waiting="17" ended="3624" arrived="3624" collisions="0" teleports="0" halting="23" stopped="0" meanWaitingTime="16.95" meanTravelTime="105.34" meanSpeed="3.97" meanSpeedRelative="0.29" duration="2"/>
    <step time="7200.00" loaded="3868" inserted="3849" running="58" waiting="19" ended="3791" arrived="3791" collisions="0" teleports="0" halting="17" stopped="0" meanWaitingTime="17.43" meanTravelTime="105.66" meanSpeed="5.90" meanSpeedRelative="0.42" duration="1"/>
    <step time="7500.00" loaded="4018" inserted="4006" running="45" waiting="12" ended="3961" arrived="3961" collisions="0" teleports="0" halting="17" stopped="0" meanWaitingTime="18.02" meanTravelTime="105.96" meanSpeed="5.31" meanSpeedRelative="0.38" duration="1"/>
    <step time="7800.00" loaded="4174" inserted="4151" running="52" waiting="23" ended="4099" arrived="4099" collisions="0" teleports="0" halting="12" stopped="0" meanWaitingTime="18.46" meanTravelTime="105.55" meanSpeed="4.47" meanSpeedRelative="0.32" duration="1"/>
    <step time="8100.00" loaded="4347" inserted="4334" running="48" waiting="13" ended="4286" arrived="4286" collisions="0" teleports="0" halting="21" stopped="0" meanWaitingTime="19.51" meanTravelTime="105.21" meanSpeed="4.36" meanSpeedRelative="0.33" duration="1"/>
    <step time="8400.00" loaded="4531" inserted="4527" running="74" waiting="4" ended="4453" arrived="4453" collisions="0" teleports="0" halting="28" stopped="0" meanWaitingTime="19.45" meanTravelTime="104.64" meanSpeed="4.16" meanSpeedRelative="0.30" duration="2"/>
    <step time="8700.00" loaded="4702" inserted="4697" running="75" waiting="5" ended="4622" arrived="4622" collisions="0" teleports="0" halting="21" stopped="0" meanWaitingTime="19.19" meanTravelTime="105.06" meanSpeed="4.74" meanSpeedRelative="0.34" duration="2"/>
    <step time="9000.00" loaded="4891" inserted="4874" running="63" waiting="17" ended="4811" arrived="4811" collisions="0" teleports="0" halting="16" stopped="0" meanWaitingTime="18.96" meanTravelTime="104.89" meanSpeed="4.71" meanSpeedRelative="0.34" duration="3"/>
    <step time="9300.00" loaded="5076" inserted="5057" running="58" waiting="19" ended="4999" arrived="4999" collisions="0" teleports="0" halting="21" stopped="0" meanWaitingTime="18.93" meanTravelTime="105.06" meanSpeed="5.01" meanSpeedRelative="0.36" duration="1"/>
    <step time="9600.00" loaded="5245" inserted="5234" running="66" waiting="11" ended="5168" arrived="5168" collisions="0" teleports="0" halting="10" stopped="0" meanWaitingTime="19.42" meanTravelTime="104.82" meanSpeed="7.16" meanSpeedRelative="0.53" duration="1"/>
    <step time="9900.00" loaded="5388" inserted="5372" running="42" waiting="16" ended="5330" arrived="5330" collisions="0" teleports="0" halting="11" stopped="0" meanWaitingTime="19.27" meanTravelTime="104.75" meanSpeed="4.89" meanSpeedRelative="0.35" duration="1"/>
    <step time="10200.00" loaded="5557" inserted="5548" running="57" waiting="9" ended="5491" arrived="5491" collisions="0" teleports="0" halting="7" stopped="0" meanWaitingTime="19.51" meanTravelTime="104.94" meanSpeed="5.38" meanSpeedRelative="0.39" duration="1"/>
    <step time="10500.00" loaded="5735" inserted="5724" running="49" waiting="11" ended="5675" arrived="5675" collisions="0" teleports="0" halting="16" stopped="0" meanWaitingTime="19.34" meanTravelTime="105.35" meanSpeed="4.77" meanSpeedRelative="0.34" duration="1"/>
    <step time="10800.00" loaded="5907" inserted="5900" running="79" waiting="7" ended="5821" arrived="5821" collisions="0" teleports="0" halting="14" stopped="0" meanWaitingTime="19.32" meanTravelTime="105.28" meanSpeed="5.09" meanSpeedRelative="0.37" duration="3"/>
    <step time="11100.00" loaded="6085" inserted="6067" running="62" waiting="18" ended="6005" arrived="6005" collisions="0" teleports="0" halting="26" stopped="0" meanWaitingTime="19.27" meanTravelTime="106.13" meanSpeed="3.85" meanSpeedRelative="0.28" duration="2"/>
    <step time="11400.00" loaded="6256" inserted="6222" running="64" waiting="34" ended="6158" arrived="6158" collisions="0" teleports="0" halting="21" stopped="0" meanWaitingTime="19.89" meanTravelTime="106.25" meanSpeed="4.61" meanSpeedRelative="0.33" duration="2"/>
    <step time="11700.00" loaded="6401" inserted="6379" running="55" waiting="22" ended="6324" arrived="6324" collisions="0" teleports="0" halting="11" stopped="0" meanWaitingTime="20.88" meanTravelTime="106.51" meanSpeed="5.54" meanSpeedRelative="0.40" duration="1"/>
    <step time="12000.00" loaded="6579" inserted="6572" running="60" waiting="7" ended="6512" arrived="6512" collisions="0" teleports="0" halting="14" stopped="0" meanWaitingTime="20.95" meanTravelTime="106.61" meanSpeed="4.30" meanSpeedRelative="0.31" duration="1"/>
    <step time="12300.00" loaded="6748" inserted="6748" running="71" waiting="0" ended="6677" arrived="6677" collisions="0" teleports="0" halting="24" stopped="0" meanWaitingTime="20.67" meanTravelTime="106.94" meanSpeed="4.37" meanSpeedRelative="0.32" duration="1"/>
    <step time="12600.00" loaded="6918" inserted="6898" running="47" waiting="20" ended="6851" arrived="6851" collisions="0" teleports="0" halting="14" stopped="0" meanWaitingTime="20.44" meanTravelTime="107.08" meanSpeed="6.16" meanSpeedRelative="0.44" duration="1"/>
    <step time="12900.00" loaded="7085" inserted="7072" running="61" waiting="13" ended="7011" arrived="7011" collisions="0" teleports="0" halting="27" stopped="0" meanWaitingTime="20.58" meanTravelTime="107.00" meanSpeed="4.38" meanSpeedRelative="0.32" duration="1"/>
    <step time="13200.00" loaded="7259" inserted="7238" running="75" waiting="21" ended="7163" arrived="7163" collisions="0" teleports="0" halting="15" stopped="0" meanWaitingTime="20.62" meanTravelTime="106.96" meanSpeed="5.47" meanSpeedRelative="0.41" duration="1"/>
    <step time="13500.00" loaded="7438" inserted="7430" running="86" waiting="8" ended="7344" arrived="7344" collisions="0" teleports="0" halting="33" stopped="0" meanWaitingTime="20.53" meanTravelTime="107.56" meanSpeed="3.65" meanSpeedRelative="0.26" duration="2"/>
    <step time="13800.00" loaded="7629" inserted="7613" running="72" waiting="16" ended="7541" arrived="7541" collisions="0" teleports="0" halting="25" stopped="0" meanWaitingTime="20.61" meanTravelTime="107.99" meanSpeed="5.13" meanSpeedRelative="0.37" duration="2"/>
    <step time="14100.00" loaded="7789" inserted="7783" running="68" waiting="6" ended="7715" arrived="7715" collisions="0" teleports="0" halting="17" stopped="0" meanWaitingTime="20.65" meanTravelTime="108.46" meanSpeed="5.77" meanSpeedRelative="0.42" duration="2"/>
    <step time="14400.00" loaded="7930" inserted="7920" running="55" waiting="10" ended="7865" arrived="7865" collisions="0" teleports="0" halting="14" stopped="0" meanWaitingTime="20.84" meanTravelTime="108.70" meanSpeed="5.87" meanSpeedRelative="0.42" duration="1"/>
    <step time="14700.00" loaded="8125" inserted="8110" running="65" waiting="15" ended="8045" arrived="8045" collisions="0" teleports="0" halting="17" stopped="0" meanWaitingTime="20.78" meanTravelTime="108.43" meanSpeed="5.69" meanSpeedRelative="0.41" duration="2"/>
    <step time="15000.00" loaded="8283" inserted="8278" running="88" waiting="5" ended="8190" arrived="8190" collisions="0" teleports="0" halting="14" stopped="0" meanWaitingTime="20.53" meanTravelTime="108.58" meanSpeed="5.62" meanSpeedRelative="0.40" duration="2"/>
    <step time="15300.00" loaded="8442" inserted="8407" running="57" waiting="35" ended="8350" arrived="8350" collisions="0" teleports="0" halting="16" stopped="0" meanWaitingTime="20.69" meanTravelTime="108.94" meanSpeed="5.38" meanSpeedRelative="0.41" duration="1"/>
    <step time="15600.00" loaded="8610" inserted="8600" running="65" waiting="10" ended="8535" arrived="8535" collisions="0" teleports="0" halting="20" stopped="0" meanWaitingTime="21.44" meanTravelTime="108.49" meanSpeed="4.90" meanSpeedRelative="0.35" duration="2"/>
    <step time="15900.00" loaded="8803" inserted="8791" running="101" waiting="12" ended="8690" arrived="8690" collisions="0" teleports="0" halting="49" stopped="0" meanWaitingTime="21.72" meanTravelTime="108.50" meanSpeed="3.59" meanSpeedRelative="0.26" duration="2"/>
    <step time="16200.00" loaded="8992" inserted="8959" running="57" waiting="33" ended="8902" arrived="8902" collisions="0" teleports="0" halting="16" stopped="0" meanWaitingTime="22.00" meanTravelTime="108.80" meanSpeed="5.53" meanSpeedRelative="0.40" duration="2"/>
    <step time="16500.00" loaded="9160" inserted="9145" running="73" waiting="15" ended="9072" arrived="9072" collisions="0" teleports="0" halting="23" stopped="0" meanWaitingTime="22.54" meanTravelTime="108.73" meanSpeed="5.42" meanSpeedRelative="0.39" duration="2"/>
    <step time="16800.00" loaded="9347" inserted="9310" running="68" waiting="37" ended="9242" arrived="9242" collisions="0" teleports="0" halting="20" stopped="0" meanWaitingTime="22.80" meanTravelTime="109.12" meanSpeed="5.06" meanSpeedRelative="0.36" duration="3"/>
    <step time="17100.00" loaded="9518" inserted="9488" running="76" waiting="30" ended="9412" arrived="9412" collisions="0" teleports="0" halting="23" stopped="0" meanWaitingTime="23.48" meanTravelTime="109.23" meanSpeed="4.10" meanSpeedRelative="0.30" duration="1"/>
    <step time="17400.00" loaded="9697" inserted="9672" running="79" waiting="25" ended="9593" arrived="9593" collisions="0" teleports="0" halting="41" stopped="0" meanWaitingTime="24.12" meanTravelTime="109.99" meanSpeed="3.72" meanSpeedRelative="0.27" duration="2"/>
    <step time="17700.00" loaded="9872" inserted="9843" running="84" waiting="29" ended="9759" arrived="9759" collisions="0" teleports="0" halting="25" stopped="0" meanWaitingTime="24.49" meanTravelTime="110.25" meanSpeed="3.93" meanSpeedRelative="0.28" duration="2"/>
    <step time="18000.00" loaded="10038" inserted="10017" running="84" waiting="21" ended="9933" arrived="9933" collisions="0" teleports="0" halting="44" stopped="0" meanWaitingTime="25.02" meanTravelTime="110.98" meanSpeed="3.53" meanSpeedRelative="0.25" duration="2"/>
    <step time="18300.00" loaded="10223" inserted="10190" running="57" waiting="33" ended="10133" arrived="10133" collisions="0" teleports="0" halting="30" stopped="0" meanWaitingTime="25.24" meanTravelTime="111.40" meanSpeed="4.33" meanSpeedRelative="0.31" duration="1"/>
    <step time="18600.00" loaded="10382" inserted="10352" running="60" waiting="30" ended="10292" arrived="10292" collisions="0" teleports="0" halting="22" stopped="0" meanWaitingTime="25.79" meanTravelTime="111.29" meanSpeed="5.52" meanSpeedRelative="0.40" duration="1"/>
    <step time="18900.00" loaded="10566" inserted="10534" running="73" waiting="32" ended="10461" arrived="10461" collisions="0" teleports="0" halting="8" stopped="0" meanWaitingTime="26.14" meanTravelTime="111.24" meanSpeed="7.07" meanSpeedRelative="0.51" duration="1"/>
    <step time="19200.00" loaded="10743" inserted="10716" running="56" waiting="27" ended="10660" arrived="10660" collisions="0" teleports="0" halting="20" stopped="0" meanWaitingTime="26.42" meanTravelTime="110.99" meanSpeed="5.24" meanSpeedRelative="0.38" duration="1"/>
    <step time="19500.00" loaded="10952" inserted="10928" running="92" waiting="24" ended="10836" arrived="10836" collisions="0" teleports="0" halting="33" stopped="0" meanWaitingTime="26.74" meanTravelTime="111.02" meanSpeed="3.78" meanSpeedRelative="0.27" duration="2"/>
    <step time="19800.00" loaded="11129" inserted="11098" running="69" waiting="31" ended="11029" arrived="11029" collisions="0" teleports="0" halting="38" stopped="0" meanWaitingTime="27.05" meanTravelTime="111.21" meanSpeed="4.10" meanSpeedRelative="0.29" duration="2"/>
    <step time="20100.00" loaded="11323" inserted="11296" running="81" waiting="27" ended="11215" arrived="11215" collisions="0" teleports="0" halting="21" stopped="0" meanWaitingTime="27.50" meanTravelTime="111.27" meanSpeed="5.45" meanSpeedRelative="0.39" duration="3"/>
    <step time="20400.00" loaded="11492" inserted="11464" running="88" waiting="28" ended="11376" arrived="11376" collisions="0" teleports="0" halting="28" stopped="0" meanWaitingTime="27.92" meanTravelTime="111.36" meanSpeed="4.16" meanSpeedRelative="0.30" duration="2"/>
    <step time="20700.00" loaded="11663" inserted="11640" running="75" waiting="23" ended="11565" arrived="11565" collisions="0" teleports="0" halting="40" stopped="0" meanWaitingTime="28.21" meanTravelTime="111.76" meanSpeed="3.85" meanSpeedRelative="0.29" duration="2"/>
    <step time="21000.00" loaded="11848" inserted="11838" running="67" waiting="10" ended="11771" arrived="11771" collisions="0" teleports="0" halting="47" stopped="0" meanWaitingTime="28.42" meanTravelTime="111.67" meanSpeed="2.56" meanSpeedRelative="0.18" duration="2"/>
    <step time="21300.00" loaded="12008" inserted="12008" running="62" waiting="0" ended="11946" arrived="11946" collisions="0" teleports="0" halting="11" stopped="0" meanWaitingTime="28.19" meanTravelTime="111.59" meanSpeed="4.96" meanSpeedRelative="0.36" duration="1"/>
    <step time="21600.00" loaded="12230" inserted="12222" running="92" waiting="8" ended="12130" arrived="12130" collisions="0" teleports="0" halting="17" stopped="0" meanWaitingTime="27.89" meanTravelTime="111.57" meanSpeed="5.16" meanSpeedRelative="0.37" duration="2"/>
    <step time="21900.00" loaded="12416" inserted="12408" running="74" waiting="8" ended="12334" arrived="12334" collisions="0" teleports="0" halting="27" stopped="0" meanWaitingTime="27.59" meanTravelTime="111.67" meanSpeed="5.60" meanSpeedRelative="0.40" duration="2"/>
    <step time="22200.00" loaded="12607" inserted="12596" running="57" waiting="11" ended="12539" arrived="12539" collisions="0" teleports="0" halting="7" stopped="0" meanWaitingTime="27.34" meanTravelTime="111.40" meanSpeed="6.01" meanSpeedRelative="0.43" duration="2"/>
    <step time="22500.00" loaded="12781" inserted="12747" running="46" waiting="34" ended="12701" arrived="12701" collisions="0" teleports="0" halting="8" stopped="0" meanWaitingTime="27.26" meanTravelTime="111.41" meanSpeed="5.53" meanSpeedRelative="0.40" duration="2"/>
    <step time="22800.00" loaded="12978" inserted="12976" running="94" waiting="2" ended="12882" arrived="12882" collisions="0" teleports="0" halting="41" stopped="0" meanWaitingTime="27.24" meanTravelTime="111.17" meanSpeed="3.18" meanSpeedRelative="0.23" duration="2"/>
    <step time="23100.00" loaded="13162" inserted="13148" running="89" waiting="14" ended="13059" arrived="13059" collisions="0" teleports="0" halting="46" stopped="0" meanWaitingTime="27.06" meanTravelTime="111.67" meanSpeed="3.14" meanSpeedRelative="0.23" duration="3"/>
    <step time="23400.00" loaded="13352" inserted="13342" running="66" waiting="10" ended="13276" arrived="13276" collisions="0" teleports="0" halting="21" stopped="0" meanWaitingTime="26.98" meanTravelTime="111.89" meanSpeed="5.41" meanSpeedRelative="0.39" duration="2"/>
    <step time="23700.00" loaded="13582" inserted="13562" running="79" waiting="20" ended="13483" arrived="13483" collisions="0" teleports="0" halting="36" stopped="0" meanWaitingTime="26.76" meanTravelTime="111.74" meanSpeed="3.76" meanSpeedRelative="0.27" duration="1"/>
    <step time="24000.00" loaded="13757" inserted="13737" running="67" waiting="20" ended="13670" arrived="13670" collisions="0" teleports="0" halting="25" stopped="0" meanWaitingTime="26.73" meanTravelTime="111.91" meanSpeed="4.57" meanSpeedRelative="0.33" duration="2"/>
    <step time="24300.00" loaded="13965" inserted="13940" running="111" waiting="25" ended="13829" arrived="13829" collisions="0" teleports="0" halting="39" stopped="0" meanWaitingTime="26.87" meanTravelTime="111.93" meanSpeed="3.09" meanSpeedRelative="0.22" duration="2"/>
    <step time="24600.00" loaded="14187" inserted="14148" running="97" waiting="39" ended="14051" arrived="14051" collisions="0" teleports="0" halting="53" stopped="0" meanWaitingTime="27.08" meanTravelTime="112.39" meanSpeed="2.76" meanSpeedRelative="0.20" duration="2"/>
    <step time="24900.00" loaded="14400" inserted="14365" running="88" waiting="35" ended="14277" arrived="14277" collisions="0" teleports="0" halting="36" stopped="0" meanWaitingTime="27.57" meanTravelTime="112.96" meanSpeed="3.90" meanSpeedRelative="0.28" duration="2"/>
    <step time="25200.00" loaded="14594" inserted="14551" running="63" waiting="43" ended="14488" arrived="14488" collisions="0" teleports="0" halting="24" stopped="0" meanWaitingTime="27.75" meanTravelTime="112.82" meanSpeed="5.07" meanSpeedRelative="0.37" duration="2"/>
    <step time="25500.00" loaded="14768" inserted="14745" running="83" waiting="23" ended="14662" arrived="14662" collisions="0" teleports="0" halting="24" stopped="0" meanWaitingTime="28.10" meanTravelTime="112.85" meanSpeed="5.00" meanSpeedRelative="0.36" duration="3"/>
    <step time="25800.00" loaded="14998" inserted="14967" running="95" waiting="31" ended="14872" arrived="14872" collisions="0" teleports="0" halting="33" stopped="0" meanWaitingTime="28.14" meanTravelTime="113.06" meanSpeed="4.33" meanSpeedRelative="0.31" duration="2"/>
    <step time="26100.00" loaded="15207" inserted="15176" running="86" waiting="31" ended="15090" arrived="15090" collisions="0" teleports="0" halting="39" stopped="0" meanWaitingTime="28.37" meanTravelTime="113.05" meanSpeed="3.22" meanSpeedRelative="0.23" duration="2"/>
    <step time="26400.00" loaded="15402" inserted="15362" running="68" waiting="40" ended="15294" arrived="15294" collisions="0" teleports="0" halting="29" stopped="0" meanWaitingTime="28.65" meanTravelTime="113.24" meanSpeed="2.99" meanSpeedRelative="0.22" duration="1"/>
    <step time="26700.00" loaded="15619" inserted="15594" running="91" waiting="25" ended="15503" arrived="15503" collisions="0" teleports="0" halting="29" stopped="0" meanWaitingTime="29.06" meanTravelTime="113.10" meanSpeed="4.81" meanSpeedRelative="0.35" duration="3"/>
    <step time="27000.00" loaded="15840" inserted="15809" running="89" waiting="31" ended="15720" arrived="15720" collisions="0" teleports="0" halting="26" stopped="0" meanWaitingTime="29.29" meanTravelTime="113.02" meanSpeed="5.39" meanSpeedRelative="0.39" duration="2"/>
    <step time="27300.00" loaded="16066" inserted="16029" running="107" waiting="37" ended="15922" arrived="15922" collisions="0" teleports="0" halting="40" stopped="0" meanWaitingTime="29.54" meanTravelTime="112.76" meanSpeed="4.18" meanSpeedRelative="0.31" duration="2"/>
    <step time="27600.00" loaded="16266" inserted="16228" running="75" waiting="38" ended="16153" arrived="16153" collisions="0" teleports="0" halting="41" stopped="0" meanWaitingTime="29.73" meanTravelTime="113.03" meanSpeed="3.49" meanSpeedRelative="0.25" duration="2"/>
    <step time="27900.00" loaded="16472" inserted="16437" running="53" waiting="35" ended="16384" arrived="16384" collisions="0" teleports="0" halting="13" stopped="0" meanWaitingTime="29.96" meanTravelTime="112.86" meanSpeed="5.99" meanSpeedRelative="0.43" duration="1"/>
    <step time="28200.00" loaded="16695" inserted="16672" running="76" waiting="23" ended="16596" arrived="16596" collisions="0" teleports="0" halting="21" stopped="0" meanWaitingTime="30.25" meanTravelTime="112.63" meanSpeed="5.23" meanSpeedRelative="0.38" duration="2"/>
    <step time="28500.00" loaded="16896" inserted="16867" running="75" waiting="29" ended="16792" arrived="16792" collisions="0" teleports="0" halting="23" stopped="0" meanWaitingTime="30.35" meanTravelTime="112.70" meanSpeed="5.75" meanSpeedRelative="0.41" duration="3"/>
    <step time="28800.00" loaded="17111" inserted="17079" running="81" waiting="32" ended="16998" arrived="16998" collisions="0" teleports="0" halting="38" stopped="0" meanWaitingTime="30.41" meanTravelTime="112.60" meanSpeed="3.11" meanSpeedRelative="0.22" duration="3"/>
    <step time="29100.00" loaded="17337" inserted="17303" running="109" waiting="34" ended="17194" arrived="17194" collisions="0" teleports="0" halting="44" stopped="0" meanWaitingTime="30.46" meanTravelTime="113.03" meanSpeed="3.12" meanSpeedRelative="0.22" duration="3"/>
    <step time="29400.00" loaded="17539" inserted="17489" running="80" waiting="50" ended="17409" arrived="17409" collisions="0" teleports="0" halting="33" stopped="0" meanWaitingTime="30.71" meanTravelTime="113.49" meanSpeed="4.47" meanSpeedRelative="0.32" duration="2"/>
    <step time="29700.00" loaded="17718" inserted="17665" running="58" waiting="53" ended="17607" arrived="17607" collisions="0" teleports="0" halting="20" stopped="0" meanWaitingTime="30.84" meanTravelTime="113.59" meanSpeed="5.42" meanSpeedRelative="0.39" duration="1"/>
    <step time="30000.00" loaded="17895" inserted="17849" running="61" waiting="46" ended="17788" arrived="17788" collisions="0" teleports="0" halting="31" stopped="0" meanWaitingTime="31.46" meanTravelTime="113.61" meanSpeed="3.93" meanSpeedRelative="0.28" duration="2"/>
    <step time="30300.00" loaded="18098" inserted="18044" running="82" waiting="54" ended="17962" arrived="17962" collisions="0" teleports="0" halting="38" stopped="0" meanWaitingTime="32.02" meanTravelTime="113.54" meanSpeed="2.78" meanSpeedRelative="0.20" duration="1"/>
    <step time="30600.00" loaded="18313" inserted="18270" running="101" waiting="43" ended="18169" arrived="18169" collisions="0" teleports="0" halting="48" stopped="0" meanWaitingTime="32.58" meanTravelTime="113.59" meanSpeed="4.71" meanSpeedRelative="0.34" duration="5"/>
    <step time="30900.00" loaded="18536" inserted="18497" running="102" waiting="39" ended="18395" arrived="18395" collisions="0" teleports="0" halting="30" stopped="0" meanWaitingTime="32.86" meanTravelTime="113.69" meanSpeed="3.89" meanSpeedRelative="0.28" duration="3"/>
    <step time="31200.00" loaded="18706" inserted="18666" running="66" waiting="40" ended="18600" arrived="18600" collisions="0" teleports="0" halting="14" stopped="0" meanWaitingTime="32.95" meanTravelTime="114.00" meanSpeed="4.77" meanSpeedRelative="0.34" duration="1"/>
    <step time="31500.00" loaded="18884" inserted="18841" running="70" waiting="43" ended="18771" arrived="18771" collisions="0" teleports="0" halting="25" stopped="0" meanWaitingTime="33.18" meanTravelTime="114.30" meanSpeed="4.31" meanSpeedRelative="0.32" duration="3"/>
    <step time="31800.00" loaded="19041" inserted="19010" running="78" waiting="31" ended="18932" arrived="18932" collisions="0" teleports="0" halting="21" stopped="0" meanWaitingTime="33.56" meanTravelTime="114.42" meanSpeed="5.17" meanSpeedRelative="0.37" duration="2"/>
    <step time="32100.00" loaded="19222" inserted="19180" running="58" waiting="42" ended="19122" arrived="19122" collisions="0" teleports="0" halting="22" stopped="0" meanWaitingTime="33.81" meanTravelTime="114.35" meanSpeed="6.01" meanSpeedRelative="0.43" duration="1"/>
    <step time="32400.00" loaded="19392" inserted="19346" running="62" waiting="46" ended="19284" arrived="19284" collisions="0" teleports="0" halting="24" stopped="0" meanWaitingTime="34.04" meanTravelTime="114.23" meanSpeed="3.87" meanSpeedRelative="0.29" duration="1"/>
    <step time="32700.00" loaded="19570" inserted="19528" running="78" waiting="42" ended="19450" arrived="19450" collisions="0" teleports="0" halting="13" stopped="0" meanWaitingTime="34.34" meanTravelTime="114.19" meanSpeed="4.85" meanSpeedRelative="0.35" duration="2"/>
    <step time="33000.00" loaded="19742" inserted="19712" running="75" waiting="30" ended="19637" arrived="19637" collisions="0" teleports="0" halting="10" stopped="0" meanWaitingTime="34.65" meanTravelTime="114.48" meanSpeed="5.15" meanSpeedRelative="0.37" duration="2"/>
    <step time="33300.00" loaded="19875" inserted="19862" running="74" waiting="13" ended="19788" arrived="19788" collisions="0" teleports="0" halting="17" stopped="0" meanWaitingTime="34.82" meanTravelTime="114.71" meanSpeed="5.17" meanSpeedRelative="0.37" duration="2"/>
    <step time="33600.00" loaded="20067" inserted="20049" running="64" waiting="18" ended="19985" arrived="19985" collisions="0" teleports="0" halting="25" stopped="0" meanWaitingTime="34.77" meanTravelTime="114.67" meanSpeed="5.34" meanSpeedRelative="0.38" duration="1"/>
    <step time="33900.00" loaded="20223" inserted="20205" running="50" waiting="18" ended="20155" arrived="20155" collisions="0" teleports="0" halting="17" stopped="0" meanWaitingTime="34.71" meanTravelTime="114.56" meanSpeed="5.90" meanSpeedRelative="0.42" duration="2"/>
    <step time="34200.00" loaded="20383" inserted="20362" running="59" waiting="21" ended="20303" arrived="20303" collisions="0" teleports="0" halting="15" stopped="0" meanWaitingTime="34.67" meanTravelTime="114.48" meanSpeed="5.81" meanSpeedRelative="0.42" duration="2"/>
    <step time="34500.00" loaded="20548" inserted="20523" running="76" waiting="25" ended="20447" arrived="20447" collisions="0" teleports="0" halting="20" stopped="0" meanWaitingTime="34.77" meanTravelTime="114.44" meanSpeed="5.44" meanSpeedRelative="0.40" duration="3"/>
    <step time="34800.00" loaded="20701" inserted="20672" running="56" waiting="29" ended="20616" arrived="20616" collisions="0" teleports="0" halting="12" stopped="0" meanWaitingTime="34.94" meanTravelTime="114.44" meanSpeed="4.85" meanSpeedRelative="0.35" duration="2"/>
    <step time="35100.00" loaded="20838" inserted="20829" running="64" waiting="9" ended="20765" arrived="20765" collisions="0" teleports="0" halting="17" stopped="0" meanWaitingTime="35.07" meanTravelTime="114.40" meanSpeed="6.19" meanSpeedRelative="0.45" duration="2"/>
    <step time="35400.00" loaded="20977" inserted="20970" running="40" waiting="7" ended="20930" arrived="20930" collisions="0" teleports="0" halting="6" stopped="0" meanWaitingTime="34.89" meanTravelTime="114.32" meanSpeed="6.64" meanSpeedRelative="0.48" duration="1"/>
    <step time="35700.00" loaded="21122" inserted="21115" running="47" waiting="7" ended="21068" arrived="21068" collisions="0" teleports="0" halting="13" stopped="0" meanWaitingTime="34.78" meanTravelTime="114.30" meanSpeed="4.99" meanSpeedRelative="0.36" duration="2"/>
    <step time="36000.00" loaded="21280" inserted="21275" running="43" waiting="5" ended="21232" arrived="21232" collisions="0" teleports="0" halting="16" stopped="0" meanWaitingTime="34.62" meanTravelTime="114.19" meanSpeed="4.18" meanSpeedRelative="0.30" duration="1"/>
    <step time="36300.00" loaded="21454" inserted="21437" running="55" waiting="17" ended="21382" arrived="21382" collisions="0" teleports="0" halting="28" stopped="0" meanWaitingTime="34.51" meanTravelTime="113.99" meanSpeed="3.42" meanSpeedRelative="0.26" duration="1"/>
    <step time="36600.00" loaded="21602" inserted="21592" running="57" waiting="10" ended="21535" arrived="21535" collisions="0" teleports="0" halting="7" stopped="0" meanWaitingTime="34.43" meanTravelTime="113.96" meanSpeed="5.93" meanSpeedRelative="0.43" duration="1"/>
    <step time="36900.00" loaded="21740" inserted="21720" running="43" waiting="20" ended="21677" arrived="21677" collisions="0" teleports="0" halting="13" stopped="0" meanWaitingTime="34.30" meanTravelTime="113.95" meanSpeed="5.97" meanSpeedRelative="0.43" duration="2"/>
    <step time="37200.00" loaded="21860" inserted="21837" running="35" waiting="23" ended="21802" arrived="21802" collisions="0" teleports="0" halting="17" stopped="0" meanWaitingTime="34.31" meanTravelTime="113.81" meanSpeed="3.69" meanSpeedRelative="0.27" duration="1"/>
    <step time="37500.00" loaded="22000" inserted="21963" running="53" waiting="37" ended="21910" arrived="21910" collisions="0" teleports="0" halting="12" stopped="0" meanWaitingTime="34.49" meanTravelTime="113.79" meanSpeed="5.80" meanSpeedRelative="0.42" duration="1"/>
    <step time="37800.00" loaded="22155" inserted="22114" running="48" waiting="41" ended="22066" arrived="22066" collisions="0" teleports="0" halting="12" stopped="0" meanWaitingTime="34.76" meanTravelTime="113.75" meanSpeed="5.97" meanSpeedRelative="0.43" duration="3"/>
    <step time="38100.00" loaded="22298" inserted="22255" running="57" waiting="43" ended="22198" arrived="22198" collisions="0" teleports="0" halting="26" stopped="0" meanWaitingTime="34.98" meanTravelTime="113.65" meanSpeed="3.70" meanSpeedRelative="0.27" duration="1"/>
    <step time="38400.00" loaded="22423" inserted="22394" running="59" waiting="29" ended="22335" arrived="22335" collisions="0" teleports="0" halting="30" stopped="0" meanWaitingTime="35.29" meanTravelTime="113.71" meanSpeed="3.48" meanSpeedRelative="0.25" duration="2"/>
    <step time="38700.00" loaded="22521" inserted="22506" running="51" waiting="15" ended="22455" arrived="22455" collisions="0" teleports="0" halting="33" stopped="0" meanWaitingTime="35.45" meanTravelTime="113.77" meanSpeed="2.94" meanSpeedRelative="0.21" duration="1"/>
    <step time="39000.00" loaded="22627" inserted="22594" running="59" waiting="33" ended="22535" arrived="22535" collisions="0" teleports="0" halting="7" stopped="0" meanWaitingTime="35.65" meanTravelTime="113.93" meanSpeed="6.49" meanSpeedRelative="0.47" duration="2"/>
    <step time="39300.00" loaded="22754" inserted="22711" running="37" waiting="43" ended="22674" arrived="22674" collisions="0" teleports="0" halting="16" stopped="0" meanWaitingTime="35.91" meanTravelTime="114.16" meanSpeed="5.34" meanSpeedRelative="0.38" duration="2"/>
    <step time="39600.00" loaded="22866" inserted="22827" running="27" waiting="39" ended="22800" arrived="22800" collisions="0" teleports="0" halting="13" stopped="0" meanWaitingTime="36.17" meanTravelTime="114.10" meanSpeed="5.20" meanSpeedRelative="0.37" duration="1"/>
    <step time="39900.00" loaded="22988" inserted="22961" running="74" waiting="27" ended="22887" arrived="22887" collisions="0" teleports="0" halting="61" stopped="0" meanWaitingTime="36.47" meanTravelTime="114.04" meanSpeed="1.58" meanSpeedRelative="0.11" duration="1"/>
    <step time="40200.00" loaded="23076" inserted="23056" running="49" waiting="20" ended="23007" arrived="23007" collisions="0" teleports="0" halting="19" stopped="0" meanWaitingTime="36.71" meanTravelTime="114.33" meanSpeed="4.01" meanSpeedRelative="0.29" duration="2"/>
    <step time="40500.00" loaded="23180" inserted="23156" running="37" waiting="24" ended="23119" arrived="23119" collisions="0" teleports="0" halting="9" stopped="0" meanWaitingTime="36.81" meanTravelTime="114.57" meanSpeed="6.97" meanSpeedRelative="0.50" duration="1"/>
    <step time="40800.00" loaded="23287" inserted="23256" running="36" waiting="31" ended="23220" arrived="23220" collisions="0" teleports="0" halting="18" stopped="0" meanWaitingTime="37.08" meanTravelTime="114.51" meanSpeed="4.53" meanSpeedRelative="0.33" duration="0"/>
    <step time="41100.00" loaded="23371" inserted="23347" running="38" waiting="24" ended="23309" arrived="23309" collisions="0" teleports="0" halting="9" stopped="0" meanWaitingTime="37.30" meanTravelTime="114.56" meanSpeed="6.57" meanSpeedRelative="0.47" duration="2"/>
    <step time="41400.00" loaded="23436" inserted="23425" running="14" waiting="11" ended="23411" arrived="23411" collisions="0" teleports="0" halting="6" stopped="0" meanWaitingTime="37.39" meanTravelTime="114.66" meanSpeed="4.95" meanSpeedRelative="0.36" duration="0"/>
    <step time="41700.00" loaded="23534" inserted="23510" running="43" waiting="24" ended="23467" arrived="23467" collisions="0" teleports="0" halting="17" stopped="0" meanWaitingTime="37.54" meanTravelTime="114.61" meanSpeed="4.99" meanSpeedRelative="0.36" duration="0"/>
    <step time="42000.00" loaded="23616" inserted="23587" running="19" waiting="29" ended="23568" arrived="23568" collisions="0" teleports="0" halting="9" stopped="0" meanWaitingTime="37.72" meanTravelTime="114.66" meanSpeed="4.50" meanSpeedRelative="0.32" duration="0"/>
    <step time="42300.00" loaded="23720" inserted="23695" running="50" waiting="25" ended="23645" arrived="23645" collisions="0" teleports="0" halting="8" stopped="0" meanWaitingTime="37.97" meanTravelTime="114.54" meanSpeed="6.73" meanSpeedRelative="0.48" duration="2"/>
    <step time="42600.00" loaded="23833" inserted="23797" running="42" waiting="36" ended="23755" arrived="23755" collisions="0" teleports="0" halting="9" stopped="0" meanWaitingTime="38.20" meanTravelTime="114.54" meanSpeed="6.13" meanSpeedRelative="0.44" duration="1"/>
    <step time="42900.00" loaded="23935" inserted="23911" running="50" waiting="24" ended="23861" arrived="23861" collisions="0" teleports="0" halting="17" stopped="0" meanWaitingTime="38.48" meanTravelTime="114.61" meanSpeed="5.87" meanSpeedRelative="0.42" duration="2"/>
    <step time="43200.00" loaded="24035" inserted="23999" running="22" waiting="36" ended="23977" arrived="23977" collisions="0" teleports="0" halting="7" stopped="0" meanWaitingTime="38.61" meanTravelTime="114.65" meanSpeed="6.28" meanSpeedRelative="0.45" duration="1"/>
    <step time="43500.00" loaded="24112" inserted="24087" running="38" waiting="25" ended="24049" arrived="24049" collisions="0" teleports="0" halting="8" stopped="0" meanWaitingTime="38.79" meanTravelTime="114.62" meanSpeed="6.44" meanSpeedRelative="0.46" duration="2"/>
    <step time="43800.00" loaded="24212" inserted="24174" running="38" waiting="38" ended="24136" arrived="24136" collisions="0" teleports="0" halting="16" stopped="0" meanWaitingTime="39.00" meanTravelTime="114.66" meanSpeed="5.22" meanSpeedRelative="0.38" duration="1"/>
    <step time="44100.00" loaded="24316" inserted="24286" running="53" waiting="30" ended="24233" arrived="24233" collisions="0" teleports="0" halting="28" stopped="0" meanWaitingTime="39.29" meanTravelTime="114.64" meanSpeed="4.08" meanSpeedRelative="0.29" duration="2"/>
    <step time="44400.00" loaded="24429" inserted="24391" running="73" waiting="38" ended="24318" arrived="24318" collisions="0" teleports="0" halting="57" stopped="0" meanWaitingTime="39.53" meanTravelTime="114.61" meanSpeed="1.11" meanSpeedRelative="0.08" duration="1"/>
    <step time="44700.00" loaded="24533" inserted="24487" running="48" waiting="46" ended="24439" arrived="24439" collisions="0" teleports="0" halting="10" stopped="0" meanWaitingTime="39.91" meanTravelTime="115.22" meanSpeed="4.64" meanSpeedRelative="0.33" duration="1"/>
    <step time="45000.00" loaded="24637" inserted="24596" running="47" waiting="41" ended="24549" arrived="24549" collisions="0" teleports="0" halting="7" stopped="0" meanWaitingTime="40.27" meanTravelTime="115.35" meanSpeed="5.12" meanSpeedRelative="0.37" duration="2"/>
    <step time="45300.00" loaded="24725" inserted="24699" running="61" waiting="26" ended="24638" arrived="24638" collisions="0" teleports="0" halting="11" stopped="0" meanWaitingTime="40.53" meanTravelTime="115.49" meanSpeed="4.87" meanSpeedRelative="0.35" duration="1"/>
    <step time="45600.00" loaded="24808" inserted="24781" running="42" waiting="27" ended="24739" arrived="24739" collisions="0" teleports="0" halting="29" stopped="0" meanWaitingTime="40.63" meanTravelTime="115.73" meanSpeed="2.93" meanSpeedRelative="0.21" duration="2"/>
    <step time="45900.00" loaded="24894" inserted="24848" running="41" waiting="46" ended="24807" arrived="24807" collisions="0" teleports="0" halting="38" stopped="0" meanWaitingTime="40.84" meanTravelTime="115.80" meanSpeed="0.72" meanSpeedRelative="0.05" duration="1"/>
    <step time="46200.00" loaded="24974" inserted="24927" running="43" waiting="47" ended="24884" arrived="24884" collisions="0" teleports="0" halting="37" stopped="0" meanWaitingTime="41.07" meanTravelTime="115.63" meanSpeed="0.97" meanSpeedRelative="0.07" duration="1"/>
    <step time="46500.00" loaded="25022" inserted="25022" running="69" waiting="0" ended="24953" arrived="24953" collisions="0" teleports="0" halting="57" stopped="0" meanWaitingTime="41.42" meanTravelTime="115.50" meanSpeed="1.31" meanSpeedRelative="0.09" duration="3"/>
    <step time="46800.00" loaded="25042" inserted="25042" running="62" waiting="0" ended="24980" arrived="24980" collisions="0" teleports="0" halting="61" stopped="0" meanWaitingTime="41.39" meanTravelTime="115.44" meanSpeed="0.19" meanSpeedRelative="0.01" duration="1"/>
    <step time="47100.00" loaded="25060" inserted="25060" running="59" waiting="0" ended="25001" arrived="25001" collisions="0" teleports="0" halting="56" stopped="0" meanWaitingTime="41.36" meanTravelTime="115.37" meanSpeed="0.29" meanSpeedRelative="0.02" duration="1"/>
    <step time="47400.00" loaded="25076" inserted="25076" running="58" waiting="0" ended="25018" arrived="25018" collisions="0" teleports="0" halting="58" stopped="0" meanWaitingTime="41.33" meanTravelTime="115.32" meanSpeed="0.00" meanSpeedRelative="0.00" duration="1"/>
    <step time="47700.00" loaded="25090" inserted="25090" running="59" waiting="0" ended="25031" arrived="25031" collisions="0" teleports="0" halting="59" stopped="0" meanWaitingTime="41.31" meanTravelTime="115.29" meanSpeed="0.00" meanSpeedRelative="0.00" duration="2"/>
    <step time="48000.00" loaded="25103" inserted="25103" running="57" waiting="0" ended="25046" arrived="25046" collisions="0" teleports="0" halting="56" stopped="0" meanWaitingTime="41.28" meanTravelTime="115.25" meanSpeed="0.11" meanSpeedRelative="0.01" duration="1"/>
    <step time="48300.00" loaded="25117" inserted="25117" running="57" waiting="0" ended="25060" arrived="25060" collisions="0" teleports="0" halting="56" stopped="0" meanWaitingTime="41.26" meanTravelTime="115.20" meanSpeed="0.05" meanSpeedRelative="0.00" duration="1"/>
    <step time="48600.00" loaded="25133" inserted="25133" running="59" waiting="0" ended="25074" arrived="25074" collisions="0" teleports="0" halting="56" stopped="0" meanWaitingTime="41.24" meanTravelTime="115.15" meanSpeed="0.30" meanSpeedRelative="0.02" duration="0"/>
    <step time="48900.00" loaded="25148" inserted="25148" running="62" waiting="0" ended="25086" arrived="25086" collisions="0" teleports="0" halting="61" stopped="0" meanWaitingTime="41.21" meanTravelTime="115.11" meanSpeed="0.06" meanSpeedRelative="0.00" duration="1"/>
    <step time="49200.00" loaded="25157" inserted="25157" running="56" waiting="0" ended="25101" arrived="25101" collisions="0" teleports="0" halting="56" stopped="0" meanWaitingTime="41.20" meanTravelTime="115.08" meanSpeed="0.00" meanSpeedRelative="0.00" duration="2"/>
</summary>
