<?xml version="1.0" encoding="UTF-8"?>

<!-- generated on 2025-02-28 19:22:48 by Eclipse SUMO GUI Version 1.19.0
<configuration xmlns:xsi="http://www.w3.org/2001/XMLSchema-instance" xsi:noNamespaceSchemaLocation="http://sumo.dlr.de/xsd/sumoConfiguration.xsd">

    <input>
        <net-file value="Network.net.xml"/>
        <route-files value="CarRoutes.rou.xml"/>
        <additional-files value="Sensors.add.xml"/>
    </input>

    <output>
        <emission-output value="logs/Emissions.xml"/>
        <summary-output value="logs/Log_summary.xml"/>
        <summary-output.period value="300"/>
        <tripinfo-output value="logs/TripInfos.xml"/>
    </output>

    <time>
        <begin value="0"/>
        <end value="86400"/>
        <step-length value="0.25"/>
    </time>

    <processing>
        <ignore-junction-blocker value="0.1"/>
        <time-to-teleport value="-1"/>
    </processing>

    <report>
        <verbose value="true"/>
        <no-step-log value="true"/>
    </report>

    <emissions>
        <device.emissions.period value="10"/>
    </emissions>

    <traci_server>
        <remote-port value="59348"/>
    </traci_server>

    <gui_only>
        <quit-on-end value="true"/>
        <start value="true"/>
    </gui_only>

</configuration>
-->

<summary xmlns:xsi="http://www.w3.org/2001/XMLSchema-instance" xsi:noNamespaceSchemaLocation="http://sumo.dlr.de/xsd/summary_file.xsd">
    <step time="0.00" loaded="0" inserted="0" running="0" waiting="0" ended="0" arrived="0" collisions="0" teleports="0" halting="0" stopped="0" meanWaitingTime="-1.00" meanTravelTime="-1.00" meanSpeed="-1.00" meanSpeedRelative="-1.00" duration="0"/>
    <step time="300.00" loaded="209" inserted="196" running="90" waiting="13" ended="106" arrived="106" collisions="0" teleports="0" halting="44" stopped="0" meanWaitingTime="12.55" meanTravelTime="77.00" meanSpeed="3.78" meanSpeedRelative="0.27" duration="2"/>
    <step time="600.00" loaded="373" inserted="361" running="76" waiting="12" ended="285" arrived="285" collisions="0" teleports="0" halting="39" stopped="0" meanWaitingTime="16.14" meanTravelTime="112.12" meanSpeed="3.86" meanSpeedRelative="0.28" duration="2"/>
    <step time="900.00" loaded="531" inserted="521" running="66" waiting="10" ended="455" arrived="455" collisions="0" teleports="0" halting="39" stopped="0" meanWaitingTime="14.46" meanTravelTime="111.69" meanSpeed="3.73" meanSpeedRelative="0.27" duration="2"/>
    <step time="1200.00" loaded="702" inserted="687" running="52" waiting="15" ended="635" arrived="635" collisions="0" teleports="0" halting="8" stopped="0" meanWaitingTime="17.29" meanTravelTime="115.85" meanSpeed="8.11" meanSpeedRelative="0.58" duration="1"/>
    <step time="1500.00" loaded="866" inserted="846" running="56" waiting="20" ended="790" arrived="790" collisions="0" teleports="0" halting="12" stopped="0" meanWaitingTime="18.19" meanTravelTime="112.46" meanSpeed="5.39" meanSpeedRelative="0.39" duration="1"/>
    <step time="1800.00" loaded="1027" inserted="1008" running="50" waiting="19" ended="958" arrived="958" collisions="0" teleports="0" halting="21" stopped="0" meanWaitingTime="21.09" meanTravelTime="111.91" meanSpeed="5.34" meanSpeedRelative="0.38" duration="2"/>
    <step time="2100.00" loaded="1186" inserted="1171" running="69" waiting="15" ended="1102" arrived="1102" collisions="0" teleports="0" halting="41" stopped="0" meanWaitingTime="19.80" meanTravelTime="109.42" meanSpeed="3.13" meanSpeedRelative="0.23" duration="3"/>
    <step time="2400.00" loaded="1330" inserted="1314" running="37" waiting="16" ended="1277" arrived="1277" collisions="0" teleports="0" halting="16" stopped="0" meanWaitingTime="19.66" meanTravelTime="110.72" meanSpeed="4.03" meanSpeedRelative="0.29" duration="1"/>
    <step time="2700.00" loaded="1474" inserted="1473" running="46" waiting="1" ended="1427" arrived="1427" collisions="0" teleports="0" halting="12" stopped="0" meanWaitingTime="19.52" meanTravelTime="108.78" meanSpeed="6.24" meanSpeedRelative="0.45" duration="1"/>
    <step time="3000.00" loaded="1634" inserted="1627" running="47" waiting="7" ended="1580" arrived="1580" collisions="0" teleports="0" halting="22" stopped="0" meanWaitingTime="18.21" meanTravelTime="106.53" meanSpeed="4.43" meanSpeedRelative="0.32" duration="0"/>
    <step time="3300.00" loaded="1805" inserted="1789" running="56" waiting="16" ended="1733" arrived="1733" collisions="0" teleports="0" halting="9" stopped="0" meanWaitingTime="18.44" meanTravelTime="106.10" meanSpeed="6.45" meanSpeedRelative="0.46" duration="1"/>
    <step time="3600.00" loaded="1936" inserted="1936" running="44" waiting="0" ended="1892" arrived="1892" collisions="0" teleports="0" halting="21" stopped="0" meanWaitingTime="18.21" meanTravelTime="105.21" meanSpeed="4.79" meanSpeedRelative="0.34" duration="0"/>
    <step time="3900.00" loaded="2099" inserted="2099" running="86" waiting="0" ended="2013" arrived="2013" collisions="0" teleports="0" halting="35" stopped="0" meanWaitingTime="16.92" meanTravelTime="104.42" meanSpeed="4.12" meanSpeedRelative="0.30" duration="2"/>
    <step time="4200.00" loaded="2228" inserted="2228" running="44" waiting="0" ended="2184" arrived="2184" collisions="0" teleports="0" halting="14" stopped="0" meanWaitingTime="17.01" meanTravelTime="107.07" meanSpeed="5.78" meanSpeedRelative="0.42" duration="1"/>
    <step time="4500.00" loaded="2407" inserted="2406" running="70" waiting="1" ended="2336" arrived="2336" collisions="0" teleports="0" halting="30" stopped="0" meanWaitingTime="16.19" meanTravelTime="106.31" meanSpeed="4.44" meanSpeedRelative="0.33" duration="2"/>
    <step time="4800.00" loaded="2567" inserted="2561" running="42" waiting="6" ended="2519" arrived="2519" collisions="0" teleports="0" halting="16" stopped="0" meanWaitingTime="15.46" meanTravelTime="105.48" meanSpeed="5.28" meanSpeedRelative="0.38" duration="0"/>
    <step time="5100.00" loaded="2731" inserted="2721" running="54" waiting="10" ended="2667" arrived="2667" collisions="0" teleports="0" halting="6" stopped="0" meanWaitingTime="16.17" meanTravelTime="104.56" meanSpeed="6.28" meanSpeedRelative="0.47" duration="1"/>
    <step time="5400.00" loaded="2887" inserted="2885" running="47" waiting="2" ended="2838" arrived="2838" collisions="0" teleports="0" halting="9" stopped="0" meanWaitingTime="16.03" meanTravelTime="104.83" meanSpeed="6.85" meanSpeedRelative="0.49" duration="0"/>
    <step time="5700.00" loaded="3074" inserted="3059" running="65" waiting="15" ended="2994" arrived="2994" collisions="0" teleports="0" halting="26" stopped="0" meanWaitingTime="15.47" meanTravelTime="104.58" meanSpeed="4.13" meanSpeedRelative="0.30" duration="1"/>
    <step time="6000.00" loaded="3198" inserted="3195" running="39" waiting="3" ended="3156" arrived="3156" collisions="0" teleports="0" halting="12" stopped="0" meanWaitingTime="15.49" meanTravelTime="105.36" meanSpeed="5.83" meanSpeedRelative="0.42" duration="0"/>
    <step time="6300.00" loaded="3360" inserted="3343" running="69" waiting="17" ended="3274" arrived="3274" collisions="0" teleports="0" halting="23" stopped="0" meanWaitingTime="15.55" meanTravelTime="105.55" meanSpeed="4.86" meanSpeedRelative="0.36" duration="4"/>
    <step time="6600.00" loaded="3518" inserted="3510" running="56" waiting="8" ended="3454" arrived="3454" collisions="0" teleports="0" halting="14" stopped="0" meanWaitingTime="15.70" meanTravelTime="105.76" meanSpeed="5.04" meanSpeedRelative="0.36" duration="1"/>
    <step time="6900.00" loaded="3701" inserted="3684" running="58" waiting="17" ended="3626" arrived="3626" collisions="0" teleports="0" halting="26" stopped="0" meanWaitingTime="15.72" meanTravelTime="105.35" meanSpeed="3.67" meanSpeedRelative="0.26" duration="1"/>
    <step time="7200.00" loaded="3858" inserted="3837" running="44" waiting="21" ended="3793" arrived="3793" collisions="0" teleports="0" halting="17" stopped="0" meanWaitingTime="16.29" meanTravelTime="105.38" meanSpeed="4.66" meanSpeedRelative="0.34" duration="1"/>
    <step time="7500.00" loaded="4009" inserted="3997" running="41" waiting="12" ended="3956" arrived="3956" collisions="0" teleports="0" halting="13" stopped="0" meanWaitingTime="16.98" meanTravelTime="105.13" meanSpeed="6.29" meanSpeedRelative="0.45" duration="1"/>
    <step time="7800.00" loaded="4163" inserted="4140" running="42" waiting="23" ended="4098" arrived="4098" collisions="0" teleports="0" halting="12" stopped="0" meanWaitingTime="17.47" meanTravelTime="104.81" meanSpeed="5.09" meanSpeedRelative="0.37" duration="0"/>
    <step time="8100.00" loaded="4336" inserted="4321" running="61" waiting="15" ended="4260" arrived="4260" collisions="0" teleports="0" halting="23" stopped="0" meanWaitingTime="18.52" meanTravelTime="104.34" meanSpeed="4.27" meanSpeedRelative="0.32" duration="1"/>
    <step time="8400.00" loaded="4522" inserted="4518" running="73" waiting="4" ended="4445" arrived="4445" collisions="0" teleports="0" halting="29" stopped="0" meanWaitingTime="18.45" meanTravelTime="104.29" meanSpeed="3.80" meanSpeedRelative="0.27" duration="2"/>
    <step time="8700.00" loaded="4691" inserted="4686" running="77" waiting="5" ended="4609" arrived="4609" collisions="0" teleports="0" halting="22" stopped="0" meanWaitingTime="18.25" meanTravelTime="105.11" meanSpeed="5.75" meanSpeedRelative="0.41" duration="2"/>
    <step time="9000.00" loaded="4878" inserted="4861" running="71" waiting="17" ended="4790" arrived="4790" collisions="0" teleports="0" halting="17" stopped="0" meanWaitingTime="18.09" meanTravelTime="105.16" meanSpeed="4.38" meanSpeedRelative="0.33" duration="2"/>
    <step time="9300.00" loaded="5059" inserted="5040" running="61" waiting="19" ended="4979" arrived="4979" collisions="0" teleports="0" halting="28" stopped="0" meanWaitingTime="18.12" meanTravelTime="105.58" meanSpeed="4.08" meanSpeedRelative="0.29" duration="3"/>
    <step time="9600.00" loaded="5233" inserted="5222" running="62" waiting="11" ended="5160" arrived="5160" collisions="0" teleports="0" halting="16" stopped="0" meanWaitingTime="18.62" meanTravelTime="105.27" meanSpeed="5.91" meanSpeedRelative="0.43" duration="3"/>
    <step time="9900.00" loaded="5379" inserted="5363" running="34" waiting="16" ended="5329" arrived="5329" collisions="0" teleports="0" halting="9" stopped="0" meanWaitingTime="18.48" meanTravelTime="105.27" meanSpeed="6.35" meanSpeedRelative="0.46" duration="0"/>
    <step time="10200.00" loaded="5547" inserted="5534" running="55" waiting="13" ended="5479" arrived="5479" collisions="0" teleports="0" halting="14" stopped="0" meanWaitingTime="18.74" meanTravelTime="105.11" meanSpeed="5.57" meanSpeedRelative="0.40" duration="1"/>
    <step time="10500.00" loaded="5725" inserted="5714" running="68" waiting="11" ended="5646" arrived="5646" collisions="0" teleports="0" halting="26" stopped="0" meanWaitingTime="18.71" meanTravelTime="105.08" meanSpeed="5.32" meanSpeedRelative="0.38" duration="2"/>
    <step time="10800.00" loaded="5895" inserted="5887" running="58" waiting="8" ended="5829" arrived="5829" collisions="0" teleports="0" halting="10" stopped="0" meanWaitingTime="18.74" meanTravelTime="105.31" meanSpeed="6.08" meanSpeedRelative="0.44" duration="3"/>
    <step time="11100.00" loaded="6071" inserted="6053" running="60" waiting="18" ended="5993" arrived="5993" collisions="0" teleports="0" halting="25" stopped="0" meanWaitingTime="18.74" meanTravelTime="105.32" meanSpeed="4.25" meanSpeedRelative="0.31" duration="3"/>
    <step time="11400.00" loaded="6244" inserted="6209" running="53" waiting="35" ended="6156" arrived="6156" collisions="0" teleports="0" halting="10" stopped="0" meanWaitingTime="19.37" meanTravelTime="105.15" meanSpeed="6.55" meanSpeedRelative="0.47" duration="1"/>
    <step time="11700.00" loaded="6389" inserted="6369" running="63" waiting="20" ended="6306" arrived="6306" collisions="0" teleports="0" halting="13" stopped="0" meanWaitingTime="20.49" meanTravelTime="104.96" meanSpeed="5.45" meanSpeedRelative="0.39" duration="3"/>
    <step time="12000.00" loaded="6566" inserted="6558" running="61" waiting="8" ended="6497" arrived="6497" collisions="0" teleports="0" halting="14" stopped="0" meanWaitingTime="20.50" meanTravelTime="105.44" meanSpeed="4.52" meanSpeedRelative="0.33" duration="2"/>
    <step time="12300.00" loaded="6735" inserted="6734" running="65" waiting="1" ended="6669" arrived="6669" collisions="0" teleports="0" halting="28" stopped="0" meanWaitingTime="20.24" meanTravelTime="105.83" meanSpeed="4.65" meanSpeedRelative="0.33" duration="1"/>
    <step time="12600.00" loaded="6903" inserted="6882" running="63" waiting="21" ended="6819" arrived="6819" collisions="0" teleports="0" halting="26" stopped="0" meanWaitingTime="20.05" meanTravelTime="105.88" meanSpeed="4.62" meanSpeedRelative="0.33" duration="2"/>
    <step time="12900.00" loaded="7069" inserted="7055" running="57" waiting="14" ended="6998" arrived="6998" collisions="0" teleports="0" halting="22" stopped="0" meanWaitingTime="20.24" meanTravelTime="106.02" meanSpeed="4.32" meanSpeedRelative="0.31" duration="1"/>
    <step time="13200.00" loaded="7242" inserted="7222" running="71" waiting="20" ended="7151" arrived="7151" collisions="0" teleports="0" halting="16" stopped="0" meanWaitingTime="20.33" meanTravelTime="106.12" meanSpeed="5.72" meanSpeedRelative="0.41" duration="3"/>
    <step time="13500.00" loaded="7417" inserted="7409" running="67" waiting="8" ended="7342" arrived="7342" collisions="0" teleports="0" halting="16" stopped="0" meanWaitingTime="20.24" meanTravelTime="106.20" meanSpeed="5.59" meanSpeedRelative="0.40" duration="2"/>
    <step time="13800.00" loaded="7612" inserted="7596" running="61" waiting="16" ended="7535" arrived="7535" collisions="0" teleports="0" halting="14" stopped="0" meanWaitingTime="20.31" meanTravelTime="106.17" meanSpeed="6.78" meanSpeedRelative="0.49" duration="1"/>
    <step time="14100.00" loaded="7772" inserted="7768" running="67" waiting="4" ended="7701" arrived="7701" collisions="0" teleports="0" halting="18" stopped="0" meanWaitingTime="20.36" meanTravelTime="106.32" meanSpeed="5.82" meanSpeedRelative="0.42" duration="2"/>
    <step time="14400.00" loaded="7909" inserted="7897" running="50" waiting="12" ended="7847" arrived="7847" collisions="0" teleports="0" halting="13" stopped="0" meanWaitingTime="20.54" meanTravelTime="106.40" meanSpeed="6.11" meanSpeedRelative="0.44" duration="1"/>
    <step time="14700.00" loaded="8102" inserted="8086" running="65" waiting="16" ended="8021" arrived="8021" collisions="0" teleports="0" halting="15" stopped="0" meanWaitingTime="20.51" meanTravelTime="106.16" meanSpeed="5.95" meanSpeedRelative="0.43" duration="2"/>
    <step time="15000.00" loaded="8259" inserted="8254" running="104" waiting="5" ended="8150" arrived="8150" collisions="0" teleports="0" halting="27" stopped="0" meanWaitingTime="20.30" meanTravelTime="106.44" meanSpeed="4.84" meanSpeedRelative="0.35" duration="2"/>
    <step time="15300.00" loaded="8417" inserted="8382" running="59" waiting="35" ended="8323" arrived="8323" collisions="0" teleports="0" halting="24" stopped="0" meanWaitingTime="20.47" meanTravelTime="107.36" meanSpeed="4.32" meanSpeedRelative="0.31" duration="3"/>
    <step time="15600.00" loaded="8583" inserted="8573" running="66" waiting="10" ended="8507" arrived="8507" collisions="0" teleports="0" halting="21" stopped="0" meanWaitingTime="21.23" meanTravelTime="107.15" meanSpeed="6.26" meanSpeedRelative="0.45" duration="3"/>
    <step time="15900.00" loaded="8775" inserted="8765" running="95" waiting="10" ended="8670" arrived="8670" collisions="0" teleports="0" halting="31" stopped="0" meanWaitingTime="21.53" meanTravelTime="107.01" meanSpeed="4.18" meanSpeedRelative="0.30" duration="4"/>
    <step time="16200.00" loaded="8965" inserted="8932" running="60" waiting="33" ended="8872" arrived="8872" collisions="0" teleports="0" halting="10" stopped="0" meanWaitingTime="21.69" meanTravelTime="107.38" meanSpeed="6.18" meanSpeedRelative="0.44" duration="2"/>
    <step time="16500.00" loaded="9134" inserted="9120" running="64" waiting="14" ended="9056" arrived="9056" collisions="0" teleports="0" halting="22" stopped="0" meanWaitingTime="22.23" meanTravelTime="107.24" meanSpeed="5.04" meanSpeedRelative="0.38" duration="3"/>
    <step time="16800.00" loaded="9317" inserted="9280" running="67" waiting="37" ended="9213" arrived="9213" collisions="0" teleports="0" halting="16" stopped="0" meanWaitingTime="22.48" meanTravelTime="107.31" meanSpeed="5.18" meanSpeedRelative="0.37" duration="4"/>
    <step time="17100.00" loaded="9487" inserted="9457" running="61" waiting="30" ended="9396" arrived="9396" collisions="0" teleports="0" halting="9" stopped="0" meanWaitingTime="23.17" meanTravelTime="107.44" meanSpeed="6.09" meanSpeedRelative="0.44" duration="2"/>
    <step time="17400.00" loaded="9670" inserted="9645" running="72" waiting="25" ended="9573" arrived="9573" collisions="0" teleports="0" halting="35" stopped="0" meanWaitingTime="23.84" meanTravelTime="107.57" meanSpeed="4.46" meanSpeedRelative="0.32" duration="3"/>
    <step time="17700.00" loaded="9842" inserted="9813" running="67" waiting="29" ended="9746" arrived="9746" collisions="0" teleports="0" halting="27" stopped="0" meanWaitingTime="24.24" meanTravelTime="107.68" meanSpeed="4.34" meanSpeedRelative="0.31" duration="1"/>
    <step time="18000.00" loaded="10007" inserted="9985" running="71" waiting="22" ended="9914" arrived="9914" collisions="0" teleports="0" halting="27" stopped="0" meanWaitingTime="24.78" meanTravelTime="107.70" meanSpeed="5.43" meanSpeedRelative="0.39" duration="2"/>
    <step time="18300.00" loaded="10192" inserted="10159" running="52" waiting="33" ended="10107" arrived="10107" collisions="0" teleports="0" halting="25" stopped="0" meanWaitingTime="25.00" meanTravelTime="107.80" meanSpeed="5.14" meanSpeedRelative="0.37" duration="1"/>
    <step time="18600.00" loaded="10349" inserted="10321" running="73" waiting="28" ended="10248" arrived="10248" collisions="0" teleports="0" halting="27" stopped="0" meanWaitingTime="25.58" meanTravelTime="107.80" meanSpeed="4.67" meanSpeedRelative="0.34" duration="1"/>
    <step time="18900.00" loaded="10533" inserted="10500" running="76" waiting="33" ended="10424" arrived="10424" collisions="0" teleports="0" halting="13" stopped="0" meanWaitingTime="25.90" meanTravelTime="108.17" meanSpeed="6.19" meanSpeedRelative="0.45" duration="2"/>
    <step time="19200.00" loaded="10708" inserted="10681" running="56" waiting="27" ended="10625" arrived="10625" collisions="0" teleports="0" halting="32" stopped="0" meanWaitingTime="26.18" meanTravelTime="108.13" meanSpeed="4.09" meanSpeedRelative="0.29" duration="1"/>
    <step time="19500.00" loaded="10915" inserted="10889" running="75" waiting="26" ended="10814" arrived="10814" collisions="0" teleports="0" halting="21" stopped="0" meanWaitingTime="26.48" meanTravelTime="108.05" meanSpeed="5.19" meanSpeedRelative="0.37" duration="1"/>
    <step time="19800.00" loaded="11093" inserted="11060" running="69" waiting="33" ended="10991" arrived="10991" collisions="0" teleports="0" halting="23" stopped="0" meanWaitingTime="26.84" meanTravelTime="107.91" meanSpeed="5.59" meanSpeedRelative="0.40" duration="2"/>
    <step time="20100.00" loaded="11292" inserted="11265" running="85" waiting="27" ended="11180" arrived="11180" collisions="0" teleports="0" halting="21" stopped="0" meanWaitingTime="27.32" meanTravelTime="108.11" meanSpeed="5.44" meanSpeedRelative="0.39" duration="2"/>
    <step time="20400.00" loaded="11459" inserted="11427" running="73" waiting="32" ended="11354" arrived="11354" collisions="0" teleports="0" halting="14" stopped="0" meanWaitingTime="27.73" meanTravelTime="108.18" meanSpeed="5.37" meanSpeedRelative="0.39" duration="1"/>
    <step time="20700.00" loaded="11632" inserted="11609" running="77" waiting="23" ended="11532" arrived="11532" collisions="0" teleports="0" halting="35" stopped="0" meanWaitingTime="28.16" meanTravelTime="108.33" meanSpeed="3.21" meanSpeedRelative="0.23" duration="2"/>
    <step time="21000.00" loaded="11816" inserted="11801" running="72" waiting="15" ended="11729" arrived="11729" collisions="0" teleports="0" halting="32" stopped="0" meanWaitingTime="28.39" meanTravelTime="108.42" meanSpeed="4.29" meanSpeedRelative="0.31" duration="2"/>
    <step time="21300.00" loaded="11981" inserted="11964" running="65" waiting="17" ended="11899" arrived="11899" collisions="0" teleports="0" halting="19" stopped="0" meanWaitingTime="28.47" meanTravelTime="108.57" meanSpeed="5.10" meanSpeedRelative="0.37" duration="3"/>
    <step time="21600.00" loaded="12200" inserted="12188" running="103" waiting="12" ended="12085" arrived="12085" collisions="0" teleports="0" halting="14" stopped="0" meanWaitingTime="28.45" meanTravelTime="108.55" meanSpeed="5.86" meanSpeedRelative="0.42" duration="2"/>
    <step time="21900.00" loaded="12386" inserted="12378" running="86" waiting="8" ended="12292" arrived="12292" collisions="0" teleports="0" halting="24" stopped="0" meanWaitingTime="28.16" meanTravelTime="108.79" meanSpeed="5.64" meanSpeedRelative="0.41" duration="3"/>
    <step time="22200.00" loaded="12575" inserted="12564" running="59" waiting="11" ended="12505" arrived="12505" collisions="0" teleports="0" halting="6" stopped="0" meanWaitingTime="27.91" meanTravelTime="108.77" meanSpeed="6.69" meanSpeedRelative="0.48" duration="1"/>
    <step time="22500.00" loaded="12751" inserted="12718" running="53" waiting="33" ended="12665" arrived="12665" collisions="0" teleports="0" halting="12" stopped="0" meanWaitingTime="27.83" meanTravelTime="108.74" meanSpeed="5.03" meanSpeedRelative="0.36" duration="1"/>
    <step time="22800.00" loaded="12947" inserted="12945" running="90" waiting="2" ended="12855" arrived="12855" collisions="0" teleports="0" halting="43" stopped="0" meanWaitingTime="27.79" meanTravelTime="108.74" meanSpeed="2.48" meanSpeedRelative="0.18" duration="4"/>
    <step time="23100.00" loaded="13134" inserted="13121" running="92" waiting="13" ended="13029" arrived="13029" collisions="0" teleports="0" halting="45" stopped="0" meanWaitingTime="27.58" meanTravelTime="109.11" meanSpeed="3.82" meanSpeedRelative="0.27" duration="3"/>
    <step time="23400.00" loaded="13328" inserted="13318" running="65" waiting="10" ended="13253" arrived="13253" collisions="0" teleports="0" halting="30" stopped="0" meanWaitingTime="27.47" meanTravelTime="109.29" meanSpeed="4.12" meanSpeedRelative="0.30" duration="1"/>
    <step time="23700.00" loaded="13556" inserted="13535" running="77" waiting="21" ended="13458" arrived="13458" collisions="0" teleports="0" halting="33" stopped="0" meanWaitingTime="27.25" meanTravelTime="109.10" meanSpeed="3.78" meanSpeedRelative="0.27" duration="2"/>
    <step time="24000.00" loaded="13733" inserted="13714" running="58" waiting="19" ended="13656" arrived="13656" collisions="0" teleports="0" halting="18" stopped="0" meanWaitingTime="27.22" meanTravelTime="109.18" meanSpeed="4.91" meanSpeedRelative="0.35" duration="2"/>
    <step time="24300.00" loaded="13942" inserted="13917" running="121" waiting="25" ended="13796" arrived="13796" collisions="0" teleports="0" halting="78" stopped="0" meanWaitingTime="27.33" meanTravelTime="109.07" meanSpeed="2.21" meanSpeedRelative="0.16" duration="4"/>
    <step time="24600.00" loaded="14166" inserted="14126" running="101" waiting="40" ended="14025" arrived="14025" collisions="0" teleports="0" halting="50" stopped="0" meanWaitingTime="27.56" meanTravelTime="109.90" meanSpeed="3.01" meanSpeedRelative="0.22" duration="2"/>
    <step time="24900.00" loaded="14380" inserted="14345" running="94" waiting="35" ended="14251" arrived="14251" collisions="0" teleports="0" halting="39" stopped="0" meanWaitingTime="28.06" meanTravelTime="110.38" meanSpeed="3.96" meanSpeedRelative="0.28" duration="2"/>
    <step time="25200.00" loaded="14573" inserted="14529" running="63" waiting="44" ended="14466" arrived="14466" collisions="0" teleports="0" halting="24" stopped="0" meanWaitingTime="28.23" meanTravelTime="110.61" meanSpeed="5.54" meanSpeedRelative="0.40" duration="2"/>
    <step time="25500.00" loaded="14751" inserted="14730" running="66" waiting="21" ended="14664" arrived="14664" collisions="0" teleports="0" halting="26" stopped="0" meanWaitingTime="28.58" meanTravelTime="110.76" meanSpeed="4.40" meanSpeedRelative="0.32" duration="3"/>
    <step time="25800.00" loaded="14985" inserted="14954" running="100" waiting="31" ended="14854" arrived="14854" collisions="0" teleports="0" halting="44" stopped="0" meanWaitingTime="28.58" meanTravelTime="110.72" meanSpeed="3.02" meanSpeedRelative="0.22" duration="4"/>
    <step time="26100.00" loaded="15195" inserted="15160" running="71" waiting="35" ended="15089" arrived="15089" collisions="0" teleports="0" halting="19" stopped="0" meanWaitingTime="28.84" meanTravelTime="111.14" meanSpeed="4.70" meanSpeedRelative="0.34" duration="2"/>
    <step time="26400.00" loaded="15387" inserted="15348" running="85" waiting="39" ended="15263" arrived="15263" collisions="0" teleports="0" halting="50" stopped="0" meanWaitingTime="29.12" meanTravelTime="111.03" meanSpeed="3.33" meanSpeedRelative="0.24" duration="2"/>
    <step time="26700.00" loaded="15602" inserted="15567" running="88" waiting="35" ended="15479" arrived="15479" collisions="0" teleports="0" halting="24" stopped="0" meanWaitingTime="29.46" meanTravelTime="111.04" meanSpeed="5.05" meanSpeedRelative="0.36" duration="3"/>
    <step time="27000.00" loaded="15820" inserted="15769" running="94" waiting="51" ended="15675" arrived="15675" collisions="0" teleports="0" halting="27" stopped="0" meanWaitingTime="29.74" meanTravelTime="111.12" meanSpeed="4.11" meanSpeedRelative="0.30" duration="2"/>
    <step time="27300.00" loaded="16041" inserted="15985" running="100" waiting="56" ended="15885" arrived="15885" collisions="0" teleports="0" halting="34" stopped="0" meanWaitingTime="30.28" meanTravelTime="111.12" meanSpeed="4.04" meanSpeedRelative="0.29" duration="2"/>
    <step time="27600.00" loaded="16239" inserted="16182" running="80" waiting="57" ended="16102" arrived="16102" collisions="0" teleports="0" halting="44" stopped="0" meanWaitingTime="30.91" meanTravelTime="111.23" meanSpeed="3.46" meanSpeedRelative="0.25" duration="2"/>
    <step time="27900.00" loaded="16444" inserted="16396" running="66" waiting="48" ended="16330" arrived="16330" collisions="0" teleports="0" halting="16" stopped="0" meanWaitingTime="31.55" meanTravelTime="111.29" meanSpeed="5.58" meanSpeedRelative="0.40" duration="4"/>
    <step time="28200.00" loaded="16669" inserted="16633" running="67" waiting="36" ended="16566" arrived="16566" collisions="0" teleports="0" halting="15" stopped="0" meanWaitingTime="32.07" meanTravelTime="111.12" meanSpeed="5.44" meanSpeedRelative="0.39" duration="2"/>
    <step time="28500.00" loaded="16868" inserted="16833" running="75" waiting="35" ended="16758" arrived="16758" collisions="0" teleports="0" halting="24" stopped="0" meanWaitingTime="32.40" meanTravelTime="110.95" meanSpeed="5.64" meanSpeedRelative="0.41" duration="2"/>
    <step time="28800.00" loaded="17081" inserted="17049" running="69" waiting="32" ended="16980" arrived="16980" collisions="0" teleports="0" halting="20" stopped="0" meanWaitingTime="32.49" meanTravelTime="110.85" meanSpeed="4.71" meanSpeedRelative="0.34" duration="4"/>
    <step time="29100.00" loaded="17307" inserted="17274" running="105" waiting="33" ended="17169" arrived="17169" collisions="0" teleports="0" halting="50" stopped="0" meanWaitingTime="32.50" meanTravelTime="111.11" meanSpeed="2.97" meanSpeedRelative="0.21" duration="4"/>
    <step time="29400.00" loaded="17510" inserted="17458" running="93" waiting="52" ended="17365" arrived="17365" collisions="0" teleports="0" halting="33" stopped="0" meanWaitingTime="32.75" meanTravelTime="111.55" meanSpeed="4.45" meanSpeedRelative="0.32" duration="3"/>
    <step time="29700.00" loaded="17691" inserted="17635" running="58" waiting="56" ended="17577" arrived="17577" collisions="0" teleports="0" halting="22" stopped="0" meanWaitingTime="32.85" meanTravelTime="111.85" meanSpeed="4.19" meanSpeedRelative="0.30" duration="3"/>
    <step time="30000.00" loaded="17866" inserted="17819" running="64" waiting="47" ended="17755" arrived="17755" collisions="0" teleports="0" halting="23" stopped="0" meanWaitingTime="33.56" meanTravelTime="111.85" meanSpeed="4.06" meanSpeedRelative="0.29" duration="3"/>
    <step time="30300.00" loaded="18067" inserted="18016" running="74" waiting="51" ended="17942" arrived="17942" collisions="0" teleports="0" halting="35" stopped="0" meanWaitingTime="34.14" meanTravelTime="112.05" meanSpeed="3.66" meanSpeedRelative="0.26" duration="3"/>
    <step time="30600.00" loaded="18281" inserted="18236" running="98" waiting="45" ended="18138" arrived="18138" collisions="0" teleports="0" halting="44" stopped="0" meanWaitingTime="34.62" meanTravelTime="112.06" meanSpeed="4.95" meanSpeedRelative="0.36" duration="2"/>
    <step time="30900.00" loaded="18499" inserted="18458" running="101" waiting="41" ended="18357" arrived="18357" collisions="0" teleports="0" halting="41" stopped="0" meanWaitingTime="34.92" meanTravelTime="112.12" meanSpeed="3.54" meanSpeedRelative="0.25" duration="4"/>
    <step time="31200.00" loaded="18669" inserted="18624" running="69" waiting="45" ended="18555" arrived="18555" collisions="0" teleports="0" halting="21" stopped="0" meanWaitingTime="35.00" meanTravelTime="112.44" meanSpeed="4.10" meanSpeedRelative="0.30" duration="1"/>
    <step time="31500.00" loaded="18848" inserted="18804" running="70" waiting="44" ended="18734" arrived="18734" collisions="0" teleports="0" halting="29" stopped="0" meanWaitingTime="35.28" meanTravelTime="112.62" meanSpeed="4.67" meanSpeedRelative="0.34" duration="3"/>
    <step time="31800.00" loaded="19006" inserted="18973" running="71" waiting="33" ended="18902" arrived="18902" collisions="0" teleports="0" halting="23" stopped="0" meanWaitingTime="35.65" meanTravelTime="112.76" meanSpeed="4.76" meanSpeedRelative="0.34" duration="2"/>
    <step time="32100.00" loaded="19189" inserted="19150" running="66" waiting="39" ended="19084" arrived="19084" collisions="0" teleports="0" halting="22" stopped="0" meanWaitingTime="35.98" meanTravelTime="112.71" meanSpeed="6.88" meanSpeedRelative="0.50" duration="2"/>
    <step time="32400.00" loaded="19357" inserted="19311" running="64" waiting="46" ended="19247" arrived="19247" collisions="0" teleports="0" halting="23" stopped="0" meanWaitingTime="36.19" meanTravelTime="112.55" meanSpeed="4.51" meanSpeedRelative="0.32" duration="1"/>
    <step time="32700.00" loaded="19535" inserted="19495" running="55" waiting="40" ended="19440" arrived="19440" collisions="0" teleports="0" halting="8" stopped="0" meanWaitingTime="36.43" meanTravelTime="112.65" meanSpeed="6.61" meanSpeedRelative="0.48" duration="1"/>
    <step time="33000.00" loaded="19704" inserted="19672" running="60" waiting="32" ended="19612" arrived="19612" collisions="0" teleports="0" halting="9" stopped="0" meanWaitingTime="36.71" meanTravelTime="112.56" meanSpeed="5.54" meanSpeedRelative="0.40" duration="2"/>
    <step time="33300.00" loaded="19836" inserted="19821" running="67" waiting="15" ended="19754" arrived="19754" collisions="0" teleports="0" halting="16" stopped="0" meanWaitingTime="36.88" meanTravelTime="112.61" meanSpeed="6.09" meanSpeedRelative="0.44" duration="3"/>
    <step time="33600.00" loaded="20028" inserted="20009" running="63" waiting="19" ended="19946" arrived="19946" collisions="0" teleports="0" halting="28" stopped="0" meanWaitingTime="36.83" meanTravelTime="112.50" meanSpeed="4.68" meanSpeedRelative="0.34" duration="1"/>
    <step time="33900.00" loaded="20185" inserted="20165" running="64" waiting="20" ended="20101" arrived="20101" collisions="0" teleports="0" halting="31" stopped="0" meanWaitingTime="36.78" meanTravelTime="112.46" meanSpeed="3.79" meanSpeedRelative="0.27" duration="1"/>
    <step time="34200.00" loaded="20344" inserted="20323" running="64" waiting="21" ended="20259" arrived="20259" collisions="0" teleports="0" halting="23" stopped="0" meanWaitingTime="36.73" meanTravelTime="112.48" meanSpeed="4.58" meanSpeedRelative="0.33" duration="2"/>
    <step time="34500.00" loaded="20508" inserted="20482" running="87" waiting="26" ended="20395" arrived="20395" collisions="0" teleports="0" halting="17" stopped="0" meanWaitingTime="36.82" meanTravelTime="112.54" meanSpeed="4.25" meanSpeedRelative="0.31" duration="2"/>
    <step time="34800.00" loaded="20662" inserted="20632" running="68" waiting="30" ended="20564" arrived="20564" collisions="0" teleports="0" halting="25" stopped="0" meanWaitingTime="37.00" meanTravelTime="112.90" meanSpeed="4.40" meanSpeedRelative="0.32" duration="3"/>
    <step time="35100.00" loaded="20801" inserted="20786" running="62" waiting="15" ended="20724" arrived="20724" collisions="0" teleports="0" halting="7" stopped="0" meanWaitingTime="37.13" meanTravelTime="112.92" meanSpeed="6.44" meanSpeedRelative="0.46" duration="1"/>
    <step time="35400.00" loaded="20942" inserted="20935" running="59" waiting="7" ended="20876" arrived="20876" collisions="0" teleports="0" halting="10" stopped="0" meanWaitingTime="36.95" meanTravelTime="112.88" meanSpeed="4.86" meanSpeedRelative="0.35" duration="2"/>
    <step time="35700.00" loaded="21085" inserted="21076" running="52" waiting="9" ended="21024" arrived="21024" collisions="0" teleports="0" halting="35" stopped="0" meanWaitingTime="36.83" meanTravelTime="113.08" meanSpeed="2.48" meanSpeedRelative="0.18" duration="2"/>
    <step time="36000.00" loaded="21243" inserted="21237" running="44" waiting="6" ended="21193" arrived="21193" collisions="0" teleports="0" halting="21" stopped="0" meanWaitingTime="36.67" meanTravelTime="113.07" meanSpeed="3.57" meanSpeedRelative="0.26" duration="2"/>
    <step time="36300.00" loaded="21419" inserted="21402" running="48" waiting="17" ended="21354" arrived="21354" collisions="0" teleports="0" halting="24" stopped="0" meanWaitingTime="36.54" meanTravelTime="112.87" meanSpeed="3.62" meanSpeedRelative="0.26" duration="1"/>
    <step time="36600.00" loaded="21567" inserted="21557" running="56" waiting="10" ended="21501" arrived="21501" collisions="0" teleports="0" halting="6" stopped="0" meanWaitingTime="36.47" meanTravelTime="112.83" meanSpeed="5.78" meanSpeedRelative="0.42" duration="1"/>
    <step time="36900.00" loaded="21707" inserted="21687" running="37" waiting="20" ended="21650" arrived="21650" collisions="0" teleports="0" halting="16" stopped="0" meanWaitingTime="36.33" meanTravelTime="112.85" meanSpeed="4.68" meanSpeedRelative="0.34" duration="3"/>
    <step time="37200.00" loaded="21829" inserted="21806" running="45" waiting="23" ended="21761" arrived="21761" collisions="0" teleports="0" halting="29" stopped="0" meanWaitingTime="36.32" meanTravelTime="112.74" meanSpeed="2.89" meanSpeedRelative="0.21" duration="1"/>
    <step time="37500.00" loaded="21969" inserted="21932" running="51" waiting="37" ended="21881" arrived="21881" collisions="0" teleports="0" halting="12" stopped="0" meanWaitingTime="36.49" meanTravelTime="112.80" meanSpeed="6.50" meanSpeedRelative="0.47" duration="1"/>
    <step time="37800.00" loaded="22124" inserted="22083" running="57" waiting="41" ended="22026" arrived="22026" collisions="0" teleports="0" halting="19" stopped="0" meanWaitingTime="36.73" meanTravelTime="112.80" meanSpeed="4.36" meanSpeedRelative="0.31" duration="2"/>
    <step time="38100.00" loaded="22267" inserted="22221" running="56" waiting="46" ended="22165" arrived="22165" collisions="0" teleports="0" halting="7" stopped="0" meanWaitingTime="36.97" meanTravelTime="112.75" meanSpeed="5.92" meanSpeedRelative="0.43" duration="3"/>
    <step time="38400.00" loaded="22394" inserted="22365" running="48" waiting="29" ended="22317" arrived="22317" collisions="0" teleports="0" halting="14" stopped="0" meanWaitingTime="37.30" meanTravelTime="112.76" meanSpeed="5.49" meanSpeedRelative="0.40" duration="2"/>
    <step time="38700.00" loaded="22491" inserted="22481" running="49" waiting="10" ended="22432" arrived="22432" collisions="0" teleports="0" halting="30" stopped="0" meanWaitingTime="37.47" meanTravelTime="112.67" meanSpeed="2.77" meanSpeedRelative="0.20" duration="1"/>
    <step time="39000.00" loaded="22597" inserted="22563" running="42" waiting="34" ended="22521" arrived="22521" collisions="0" teleports="0" halting="7" stopped="0" meanWaitingTime="37.62" meanTravelTime="112.76" meanSpeed="5.70" meanSpeedRelative="0.41" duration="1"/>
    <step time="39300.00" loaded="22723" inserted="22682" running="35" waiting="41" ended="22647" arrived="22647" collisions="0" teleports="0" halting="11" stopped="0" meanWaitingTime="37.88" meanTravelTime="112.80" meanSpeed="5.61" meanSpeedRelative="0.40" duration="1"/>
    <step time="39600.00" loaded="22837" inserted="22788" running="38" waiting="49" ended="22750" arrived="22750" collisions="0" teleports="0" halting="17" stopped="0" meanWaitingTime="38.15" meanTravelTime="112.72" meanSpeed="5.28" meanSpeedRelative="0.38" duration="2"/>
    <step time="39900.00" loaded="22958" inserted="22913" running="67" waiting="45" ended="22846" arrived="22846" collisions="0" teleports="0" halting="45" stopped="0" meanWaitingTime="38.62" meanTravelTime="112.67" meanSpeed="2.34" meanSpeedRelative="0.17" duration="3"/>
    <step time="40200.00" loaded="23048" inserted="23013" running="43" waiting="35" ended="22970" arrived="22970" collisions="0" teleports="0" halting="15" stopped="0" meanWaitingTime="39.07" meanTravelTime="112.93" meanSpeed="3.87" meanSpeedRelative="0.28" duration="3"/>
    <step time="40500.00" loaded="23150" inserted="23126" running="46" waiting="24" ended="23080" arrived="23080" collisions="0" teleports="0" halting="10" stopped="0" meanWaitingTime="39.32" meanTravelTime="113.10" meanSpeed="5.59" meanSpeedRelative="0.40" duration="2"/>
    <step time="40800.00" loaded="23259" inserted="23228" running="37" waiting="31" ended="23191" arrived="23191" collisions="0" teleports="0" halting="14" stopped="0" meanWaitingTime="39.59" meanTravelTime="113.12" meanSpeed="5.45" meanSpeedRelative="0.39" duration="2"/>
    <step time="41100.00" loaded="23342" inserted="23319" running="46" waiting="23" ended="23273" arrived="23273" collisions="0" teleports="0" halting="20" stopped="0" meanWaitingTime="39.76" meanTravelTime="113.16" meanSpeed="3.90" meanSpeedRelative="0.28" duration="3"/>
    <step time="41400.00" loaded="23407" inserted="23396" running="25" waiting="11" ended="23371" arrived="23371" collisions="0" teleports="0" halting="17" stopped="0" meanWaitingTime="39.85" meanTravelTime="113.39" meanSpeed="2.29" meanSpeedRelative="0.16" duration="1"/>
    <step time="41700.00" loaded="23505" inserted="23482" running="52" waiting="23" ended="23430" arrived="23430" collisions="0" teleports="0" halting="25" stopped="0" meanWaitingTime="39.99" meanTravelTime="113.43" meanSpeed="5.02" meanSpeedRelative="0.36" duration="1"/>
    <step time="42000.00" loaded="23585" inserted="23556" running="32" waiting="29" ended="23524" arrived="23524" collisions="0" teleports="0" halting="13" stopped="0" meanWaitingTime="40.15" meanTravelTime="113.64" meanSpeed="4.00" meanSpeedRelative="0.29" duration="1"/>
    <step time="42300.00" loaded="23689" inserted="23665" running="40" waiting="24" ended="23625" arrived="23625" collisions="0" teleports="0" halting="9" stopped="0" meanWaitingTime="40.39" meanTravelTime="113.58" meanSpeed="7.09" meanSpeedRelative="0.51" duration="3"/>
    <step time="42600.00" loaded="23805" inserted="23768" running="48" waiting="37" ended="23720" arrived="23720" collisions="0" teleports="0" halting="7" stopped="0" meanWaitingTime="40.59" meanTravelTime="113.54" meanSpeed="5.97" meanSpeedRelative="0.43" duration="1"/>
    <step time="42900.00" loaded="23904" inserted="23882" running="61" waiting="22" ended="23821" arrived="23821" collisions="0" teleports="0" halting="20" stopped="0" meanWaitingTime="40.87" meanTravelTime="113.67" meanSpeed="4.97" meanSpeedRelative="0.36" duration="2"/>
    <step time="43200.00" loaded="24005" inserted="23969" running="14" waiting="36" ended="23955" arrived="23955" collisions="0" teleports="0" halting="6" stopped="0" meanWaitingTime="40.97" meanTravelTime="113.87" meanSpeed="6.23" meanSpeedRelative="0.45" duration="1"/>
    <step time="43500.00" loaded="24082" inserted="24056" running="30" waiting="26" ended="24026" arrived="24026" collisions="0" teleports="0" halting="8" stopped="0" meanWaitingTime="41.14" meanTravelTime="113.81" meanSpeed="5.66" meanSpeedRelative="0.41" duration="1"/>
    <step time="43800.00" loaded="24184" inserted="24148" running="40" waiting="36" ended="24108" arrived="24108" collisions="0" teleports="0" halting="21" stopped="0" meanWaitingTime="41.35" meanTravelTime="113.78" meanSpeed="4.06" meanSpeedRelative="0.29" duration="1"/>
    <step time="44100.00" loaded="24291" inserted="24262" running="56" waiting="29" ended="24206" arrived="24206" collisions="0" teleports="0" halting="31" stopped="0" meanWaitingTime="41.58" meanTravelTime="113.76" meanSpeed="3.32" meanSpeedRelative="0.28" duration="3"/>
    <step time="44400.00" loaded="24402" inserted="24369" running="79" waiting="33" ended="24290" arrived="24290" collisions="0" teleports="0" halting="64" stopped="0" meanWaitingTime="41.82" meanTravelTime="113.75" meanSpeed="0.84" meanSpeedRelative="0.07" duration="2"/>
    <step time="44700.00" loaded="24506" inserted="24462" running="56" waiting="44" ended="24406" arrived="24406" collisions="0" teleports="0" halting="10" stopped="0" meanWaitingTime="42.12" meanTravelTime="114.38" meanSpeed="4.90" meanSpeedRelative="0.35" duration="2"/>
    <step time="45000.00" loaded="24611" inserted="24562" running="52" waiting="49" ended="24510" arrived="24510" collisions="0" teleports="0" halting="3" stopped="0" meanWaitingTime="42.44" meanTravelTime="114.60" meanSpeed="6.29" meanSpeedRelative="0.45" duration="1"/>
    <step time="45300.00" loaded="24699" inserted="24660" running="65" waiting="39" ended="24595" arrived="24595" collisions="0" teleports="0" halting="16" stopped="0" meanWaitingTime="42.76" meanTravelTime="114.92" meanSpeed="4.90" meanSpeedRelative="0.35" duration="3"/>
    <step time="45600.00" loaded="24782" inserted="24745" running="50" waiting="37" ended="24695" arrived="24695" collisions="0" teleports="0" halting="20" stopped="0" meanWaitingTime="43.05" meanTravelTime="115.24" meanSpeed="3.51" meanSpeedRelative="0.27" duration="1"/>
    <step time="45900.00" loaded="24868" inserted="24801" running="40" waiting="67" ended="24761" arrived="24761" collisions="0" teleports="0" halting="27" stopped="0" meanWaitingTime="43.39" meanTravelTime="115.34" meanSpeed="3.92" meanSpeedRelative="0.28" duration="1"/>
    <step time="46200.00" loaded="24948" inserted="24884" running="72" waiting="64" ended="24812" arrived="24812" collisions="0" teleports="0" halting="64" stopped="0" meanWaitingTime="43.99" meanTravelTime="115.23" meanSpeed="0.84" meanSpeedRelative="0.06" duration="1"/>
    <step time="46500.00" loaded="24996" inserted="24974" running="86" waiting="22" ended="24888" arrived="24888" collisions="0" teleports="0" halting="63" stopped="0" meanWaitingTime="44.64" meanTravelTime="115.07" meanSpeed="1.73" meanSpeedRelative="0.12" duration="3"/>
    <step time="46800.00" loaded="25016" inserted="25016" running="78" waiting="0" ended="24938" arrived="24938" collisions="0" teleports="0" halting="77" stopped="0" meanWaitingTime="44.87" meanTravelTime="114.97" meanSpeed="0.15" meanSpeedRelative="0.01" duration="1"/>
    <step time="47100.00" loaded="25034" inserted="25034" running="77" waiting="0" ended="24957" arrived="24957" collisions="0" teleports="0" halting="74" stopped="0" meanWaitingTime="44.84" meanTravelTime="114.91" meanSpeed="0.23" meanSpeedRelative="0.02" duration="2"/>
    <step time="47400.00" loaded="25050" inserted="25050" running="77" waiting="0" ended="24973" arrived="24973" collisions="0" teleports="0" halting="77" stopped="0" meanWaitingTime="44.81" meanTravelTime="114.86" meanSpeed="0.00" meanSpeedRelative="0.00" duration="1"/>
    <step time="47700.00" loaded="25064" inserted="25064" running="80" waiting="0" ended="24984" arrived="24984" collisions="0" teleports="0" halting="80" stopped="0" meanWaitingTime="44.78" meanTravelTime="114.83" meanSpeed="0.00" meanSpeedRelative="0.00" duration="2"/>
    <step time="48000.00" loaded="25077" inserted="25077" running="81" waiting="0" ended="24996" arrived="24996" collisions="0" teleports="0" halting="80" stopped="0" meanWaitingTime="44.76" meanTravelTime="114.80" meanSpeed="0.07" meanSpeedRelative="0.01" duration="2"/>
    <step time="48300.00" loaded="25091" inserted="25091" running="81" waiting="0" ended="25010" arrived="25010" collisions="0" teleports="0" halting="80" stopped="0" meanWaitingTime="44.73" meanTravelTime="114.75" meanSpeed="0.04" meanSpeedRelative="0.00" duration="2"/>
    <step time="48600.00" loaded="25107" inserted="25107" running="82" waiting="0" ended="25025" arrived="25025" collisions="0" teleports="0" halting="80" stopped="0" meanWaitingTime="44.71" meanTravelTime="114.70" meanSpeed="0.18" meanSpeedRelative="0.01" duration="2"/>
    <step time="48900.00" loaded="25122" inserted="25122" running="86" waiting="0" ended="25036" arrived="25036" collisions="0" teleports="0" halting="85" stopped="0" meanWaitingTime="44.68" meanTravelTime="114.66" meanSpeed="0.04" meanSpeedRelative="0.00" duration="1"/>
    <step time="49200.00" loaded="25131" inserted="25131" running="80" waiting="0" ended="25051" arrived="25051" collisions="0" teleports="0" halting="80" stopped="0" meanWaitingTime="44.66" meanTravelTime="114.63" meanSpeed="0.00" meanSpeedRelative="0.00" duration="3"/>
</summary>
