<?xml version="1.0" encoding="UTF-8"?>

<!-- generated on 2025-02-28 18:44:08 by Eclipse SUMO GUI Version 1.19.0
<configuration xmlns:xsi="http://www.w3.org/2001/XMLSchema-instance" xsi:noNamespaceSchemaLocation="http://sumo.dlr.de/xsd/sumoConfiguration.xsd">

    <input>
        <net-file value="Network.net.xml"/>
        <route-files value="CarRoutes_dfrouter.rou.xml"/>
        <additional-files value="Sensors.add.xml"/>
    </input>

    <output>
        <emission-output value="logs/Emissions.xml"/>
        <summary-output value="logs/Log_summary.xml"/>
        <summary-output.period value="300"/>
        <tripinfo-output value="logs/TripInfos.xml"/>
    </output>

    <time>
        <begin value="0"/>
        <end value="86400"/>
        <step-length value="0.25"/>
    </time>

    <processing>
        <ignore-junction-blocker value="0.1"/>
        <time-to-teleport value="-1"/>
    </processing>

    <report>
        <verbose value="true"/>
        <no-step-log value="true"/>
    </report>

    <emissions>
        <device.emissions.period value="10"/>
    </emissions>

    <traci_server>
        <remote-port value="58978"/>
    </traci_server>

    <gui_only>
        <quit-on-end value="true"/>
        <start value="true"/>
    </gui_only>

</configuration>
-->

<instantE1 xmlns:xsi="http://www.w3.org/2001/XMLSchema-instance" xsi:noNamespaceSchemaLocation="http://sumo.dlr.de/xsd/instant_e1_file.xsd">
    <instantOut id="215_D32" time="1343.21" state="enter" vehID="Car_12749" speed="9.99" length="5.00" type="DEFAULT_CAR"/>
    <instantOut id="215_D32" time="1343.25" state="stay" vehID="Car_12749" speed="9.99" length="5.00" type="DEFAULT_CAR"/>
    <instantOut id="215_D32" time="1343.50" state="stay" vehID="Car_12749" speed="9.76" length="5.00" type="DEFAULT_CAR"/>
    <instantOut id="215_D32" time="1343.72" state="leave" vehID="Car_12749" speed="9.92" length="5.00" type="DEFAULT_CAR" occupancy="0.51"/>
    <instantOut id="215_D32" time="1631.52" state="enter" vehID="Car_12767" speed="14.18" length="5.00" type="DEFAULT_CAR" gap="287.81"/>
    <instantOut id="215_D32" time="1631.75" state="stay" vehID="Car_12767" speed="14.18" length="5.00" type="DEFAULT_CAR"/>
    <instantOut id="215_D32" time="1631.88" state="leave" vehID="Car_12767" speed="13.95" length="5.00" type="DEFAULT_CAR" occupancy="0.35"/>
    <instantOut id="215_D32" time="1656.64" state="enter" vehID="Car_12768" speed="12.74" length="5.00" type="DEFAULT_CAR" gap="24.76"/>
    <instantOut id="215_D32" time="1656.75" state="stay" vehID="Car_12768" speed="12.74" length="5.00" type="DEFAULT_CAR"/>
    <instantOut id="215_D32" time="1657.00" state="stay" vehID="Car_12768" speed="12.32" length="5.00" type="DEFAULT_CAR"/>
    <instantOut id="215_D32" time="1657.04" state="leave" vehID="Car_12768" speed="12.60" length="5.00" type="DEFAULT_CAR" occupancy="0.40"/>
    <instantOut id="215_D32" time="2333.53" state="enter" vehID="Car_12808" speed="14.31" length="5.00" type="DEFAULT_CAR" gap="676.49"/>
    <instantOut id="215_D32" time="2333.75" state="stay" vehID="Car_12808" speed="14.31" length="5.00" type="DEFAULT_CAR"/>
    <instantOut id="215_D32" time="2333.88" state="leave" vehID="Car_12808" speed="14.48" length="5.00" type="DEFAULT_CAR" occupancy="0.35"/>
    <instantOut id="215_D32" time="2574.10" state="enter" vehID="Car_12821" speed="18.61" length="5.00" type="DEFAULT_CAR" gap="240.22"/>
    <instantOut id="215_D32" time="2574.25" state="stay" vehID="Car_12821" speed="18.61" length="5.00" type="DEFAULT_CAR"/>
    <instantOut id="215_D32" time="2574.37" state="leave" vehID="Car_12821" speed="18.84" length="5.00" type="DEFAULT_CAR" occupancy="0.27"/>
    <instantOut id="215_D32" time="2652.07" state="enter" vehID="Car_12826" speed="13.53" length="5.00" type="DEFAULT_CAR" gap="77.71"/>
    <instantOut id="215_D32" time="2652.25" state="stay" vehID="Car_12826" speed="13.53" length="5.00" type="DEFAULT_CAR"/>
    <instantOut id="215_D32" time="2652.44" state="leave" vehID="Car_12826" speed="13.65" length="5.00" type="DEFAULT_CAR" occupancy="0.37"/>
    <instantOut id="215_D32" time="2848.59" state="enter" vehID="Car_12832" speed="7.04" length="5.00" type="DEFAULT_CAR" gap="196.14"/>
    <instantOut id="215_D32" time="2848.75" state="stay" vehID="Car_12832" speed="7.04" length="5.00" type="DEFAULT_CAR"/>
    <instantOut id="215_D32" time="2849.00" state="stay" vehID="Car_12832" speed="7.19" length="5.00" type="DEFAULT_CAR"/>
    <instantOut id="215_D32" time="2849.25" state="stay" vehID="Car_12832" speed="7.14" length="5.00" type="DEFAULT_CAR"/>
    <instantOut id="215_D32" time="2849.29" state="leave" vehID="Car_12832" speed="6.84" length="5.00" type="DEFAULT_CAR" occupancy="0.70"/>
    <instantOut id="215_D32" time="2897.33" state="enter" vehID="Car_12834" speed="15.35" length="5.00" type="DEFAULT_CAR" gap="48.04"/>
    <instantOut id="215_D32" time="2897.50" state="stay" vehID="Car_12834" speed="15.35" length="5.00" type="DEFAULT_CAR"/>
    <instantOut id="215_D32" time="2897.66" state="leave" vehID="Car_12834" speed="15.58" length="5.00" type="DEFAULT_CAR" occupancy="0.32"/>
    <instantOut id="215_D32" time="3695.85" state="enter" vehID="Car_12880" speed="12.82" length="5.00" type="DEFAULT_CAR" gap="798.19"/>
    <instantOut id="215_D32" time="3696.00" state="stay" vehID="Car_12880" speed="12.82" length="5.00" type="DEFAULT_CAR"/>
    <instantOut id="215_D32" time="3696.23" state="leave" vehID="Car_12880" speed="13.01" length="5.00" type="DEFAULT_CAR" occupancy="0.39"/>
    <instantOut id="215_D32" time="3765.85" state="enter" vehID="Car_12882" speed="11.06" length="5.00" type="DEFAULT_CAR" gap="69.61"/>
    <instantOut id="215_D32" time="3766.00" state="stay" vehID="Car_12882" speed="11.06" length="5.00" type="DEFAULT_CAR"/>
    <instantOut id="215_D32" time="3766.25" state="stay" vehID="Car_12882" speed="10.70" length="5.00" type="DEFAULT_CAR"/>
    <instantOut id="215_D32" time="3766.31" state="leave" vehID="Car_12882" speed="11.05" length="5.00" type="DEFAULT_CAR" occupancy="0.46"/>
    <instantOut id="215_D32" time="4132.48" state="enter" vehID="Car_12903" speed="10.34" length="5.00" type="DEFAULT_CAR" gap="366.17"/>
    <instantOut id="215_D32" time="4132.50" state="stay" vehID="Car_12903" speed="10.34" length="5.00" type="DEFAULT_CAR"/>
    <instantOut id="215_D32" time="4132.75" state="stay" vehID="Car_12903" speed="10.62" length="5.00" type="DEFAULT_CAR"/>
    <instantOut id="215_D32" time="4132.95" state="leave" vehID="Car_12903" speed="10.52" length="5.00" type="DEFAULT_CAR" occupancy="0.47"/>
    <instantOut id="215_D32" time="4378.30" state="enter" vehID="Car_12919" speed="14.26" length="5.00" type="DEFAULT_CAR" gap="245.35"/>
    <instantOut id="215_D32" time="4378.50" state="stay" vehID="Car_12919" speed="14.26" length="5.00" type="DEFAULT_CAR"/>
    <instantOut id="215_D32" time="4378.66" state="leave" vehID="Car_12919" speed="14.06" length="5.00" type="DEFAULT_CAR" occupancy="0.35"/>
    <instantOut id="215_D32" time="4782.79" state="enter" vehID="Car_12945" speed="15.54" length="5.00" type="DEFAULT_CAR" gap="404.13"/>
    <instantOut id="215_D32" time="4783.00" state="stay" vehID="Car_12945" speed="15.54" length="5.00" type="DEFAULT_CAR"/>
    <instantOut id="215_D32" time="4783.11" state="leave" vehID="Car_12945" speed="15.71" length="5.00" type="DEFAULT_CAR" occupancy="0.32"/>
    <instantOut id="215_D32" time="5186.53" state="enter" vehID="Car_12966" speed="11.57" length="5.00" type="DEFAULT_CAR" gap="403.42"/>
    <instantOut id="215_D32" time="5186.75" state="stay" vehID="Car_12966" speed="11.57" length="5.00" type="DEFAULT_CAR"/>
    <instantOut id="215_D32" time="5186.96" state="leave" vehID="Car_12966" speed="11.57" length="5.00" type="DEFAULT_CAR" occupancy="0.43"/>
    <instantOut id="215_D32" time="5807.41" state="enter" vehID="Car_13000" speed="12.91" length="5.00" type="DEFAULT_CAR" gap="620.45"/>
    <instantOut id="215_D32" time="5807.50" state="stay" vehID="Car_13000" speed="12.91" length="5.00" type="DEFAULT_CAR"/>
    <instantOut id="215_D32" time="5807.75" state="stay" vehID="Car_13000" speed="13.09" length="5.00" type="DEFAULT_CAR"/>
    <instantOut id="215_D32" time="5807.79" state="leave" vehID="Car_13000" speed="13.00" length="5.00" type="DEFAULT_CAR" occupancy="0.38"/>
    <instantOut id="215_D32" time="5825.00" state="enter" vehID="Car_13002" speed="12.26" length="5.00" type="DEFAULT_CAR" gap="17.20"/>
    <instantOut id="215_D32" time="5825.00" state="stay" vehID="Car_13002" speed="12.26" length="5.00" type="DEFAULT_CAR"/>
    <instantOut id="215_D32" time="5825.25" state="stay" vehID="Car_13002" speed="12.23" length="5.00" type="DEFAULT_CAR"/>
    <instantOut id="215_D32" time="5825.41" state="leave" vehID="Car_13002" speed="12.27" length="5.00" type="DEFAULT_CAR" occupancy="0.41"/>
    <instantOut id="215_D32" time="6300.57" state="enter" vehID="Car_13024" speed="8.86" length="5.00" type="DEFAULT_CAR" gap="475.16"/>
    <instantOut id="215_D32" time="6300.75" state="stay" vehID="Car_13024" speed="8.86" length="5.00" type="DEFAULT_CAR"/>
    <instantOut id="215_D32" time="6301.00" state="stay" vehID="Car_13024" speed="9.19" length="5.00" type="DEFAULT_CAR"/>
    <instantOut id="215_D32" time="6301.12" state="leave" vehID="Car_13024" speed="9.26" length="5.00" type="DEFAULT_CAR" occupancy="0.55"/>
    <instantOut id="215_D32" time="6321.62" state="enter" vehID="Car_13028" speed="14.05" length="5.00" type="DEFAULT_CAR" gap="20.51"/>
    <instantOut id="215_D32" time="6321.75" state="stay" vehID="Car_13028" speed="14.05" length="5.00" type="DEFAULT_CAR"/>
    <instantOut id="215_D32" time="6321.98" state="leave" vehID="Car_13028" speed="13.88" length="5.00" type="DEFAULT_CAR" occupancy="0.36"/>
    <instantOut id="215_D32" time="7089.35" state="enter" vehID="Car_13067" speed="19.65" length="5.00" type="DEFAULT_CAR" gap="767.37"/>
    <instantOut id="215_D32" time="7089.50" state="stay" vehID="Car_13067" speed="19.65" length="5.00" type="DEFAULT_CAR"/>
    <instantOut id="215_D32" time="7089.61" state="leave" vehID="Car_13067" speed="19.42" length="5.00" type="DEFAULT_CAR" occupancy="0.26"/>
    <instantOut id="215_D32" time="7365.54" state="enter" vehID="Car_13083" speed="18.14" length="5.00" type="DEFAULT_CAR" gap="275.94"/>
    <instantOut id="215_D32" time="7365.75" state="stay" vehID="Car_13083" speed="18.14" length="5.00" type="DEFAULT_CAR"/>
    <instantOut id="215_D32" time="7365.82" state="leave" vehID="Car_13083" speed="18.47" length="5.00" type="DEFAULT_CAR" occupancy="0.27"/>
    <instantOut id="215_D32" time="8792.85" state="enter" vehID="Car_13161" speed="8.38" length="5.00" type="DEFAULT_CAR" gap="1427.04"/>
    <instantOut id="215_D32" time="8793.00" state="stay" vehID="Car_13161" speed="8.38" length="5.00" type="DEFAULT_CAR"/>
    <instantOut id="215_D32" time="8793.25" state="stay" vehID="Car_13161" speed="8.46" length="5.00" type="DEFAULT_CAR"/>
    <instantOut id="215_D32" time="8793.45" state="leave" vehID="Car_13161" speed="8.34" length="5.00" type="DEFAULT_CAR" occupancy="0.60"/>
    <instantOut id="215_D32" time="8862.74" state="enter" vehID="Car_13165" speed="10.21" length="5.00" type="DEFAULT_CAR" gap="69.29"/>
    <instantOut id="215_D32" time="8862.75" state="stay" vehID="Car_13165" speed="10.21" length="5.00" type="DEFAULT_CAR"/>
    <instantOut id="215_D32" time="8863.00" state="stay" vehID="Car_13165" speed="10.53" length="5.00" type="DEFAULT_CAR"/>
    <instantOut id="215_D32" time="8863.21" state="leave" vehID="Car_13165" speed="10.62" length="5.00" type="DEFAULT_CAR" occupancy="0.47"/>
    <instantOut id="215_D32" time="9080.67" state="enter" vehID="Car_13173" speed="20.16" length="5.00" type="DEFAULT_CAR" gap="217.46"/>
    <instantOut id="215_D32" time="9080.75" state="stay" vehID="Car_13173" speed="20.16" length="5.00" type="DEFAULT_CAR"/>
    <instantOut id="215_D32" time="9080.92" state="leave" vehID="Car_13173" speed="20.21" length="5.00" type="DEFAULT_CAR" occupancy="0.25"/>
    <instantOut id="215_D32" time="9438.42" state="enter" vehID="Car_13188" speed="11.18" length="5.00" type="DEFAULT_CAR" gap="357.50"/>
    <instantOut id="215_D32" time="9438.50" state="stay" vehID="Car_13188" speed="11.18" length="5.00" type="DEFAULT_CAR"/>
    <instantOut id="215_D32" time="9438.75" state="stay" vehID="Car_13188" speed="10.89" length="5.00" type="DEFAULT_CAR"/>
    <instantOut id="215_D32" time="9438.87" state="leave" vehID="Car_13188" speed="10.99" length="5.00" type="DEFAULT_CAR" occupancy="0.46"/>
    <instantOut id="215_D32" time="9531.22" state="enter" vehID="Car_13195" speed="15.40" length="5.00" type="DEFAULT_CAR" gap="92.35"/>
    <instantOut id="215_D32" time="9531.25" state="stay" vehID="Car_13195" speed="15.40" length="5.00" type="DEFAULT_CAR"/>
    <instantOut id="215_D32" time="9531.50" state="stay" vehID="Car_13195" speed="15.27" length="5.00" type="DEFAULT_CAR"/>
    <instantOut id="215_D32" time="9531.55" state="leave" vehID="Car_13195" speed="15.18" length="5.00" type="DEFAULT_CAR" occupancy="0.33"/>
    <instantOut id="215_D32" time="10259.87" state="enter" vehID="Car_13233" speed="20.12" length="5.00" type="DEFAULT_CAR" gap="728.32"/>
    <instantOut id="215_D32" time="10260.00" state="stay" vehID="Car_13233" speed="20.12" length="5.00" type="DEFAULT_CAR"/>
    <instantOut id="215_D32" time="10260.12" state="leave" vehID="Car_13233" speed="20.18" length="5.00" type="DEFAULT_CAR" occupancy="0.25"/>
    <instantOut id="215_D32" time="10567.11" state="enter" vehID="Car_13246" speed="14.08" length="5.00" type="DEFAULT_CAR" gap="307.00"/>
    <instantOut id="215_D32" time="10567.25" state="stay" vehID="Car_13246" speed="14.08" length="5.00" type="DEFAULT_CAR"/>
    <instantOut id="215_D32" time="10567.47" state="leave" vehID="Car_13246" speed="14.07" length="5.00" type="DEFAULT_CAR" occupancy="0.36"/>
    <instantOut id="215_D32" time="10693.53" state="enter" vehID="Car_13249" speed="5.07" length="5.00" type="DEFAULT_CAR" gap="126.06"/>
    <instantOut id="215_D32" time="10693.75" state="stay" vehID="Car_13249" speed="5.07" length="5.00" type="DEFAULT_CAR"/>
    <instantOut id="215_D32" time="10694.00" state="stay" vehID="Car_13249" speed="5.34" length="5.00" type="DEFAULT_CAR"/>
    <instantOut id="215_D32" time="10694.25" state="stay" vehID="Car_13249" speed="5.12" length="5.00" type="DEFAULT_CAR"/>
    <instantOut id="215_D32" time="10694.50" state="stay" vehID="Car_13249" speed="5.12" length="5.00" type="DEFAULT_CAR"/>
    <instantOut id="215_D32" time="10694.50" state="leave" vehID="Car_13249" speed="5.04" length="5.00" type="DEFAULT_CAR" occupancy="0.97"/>
    <instantOut id="215_D32" time="11175.67" state="enter" vehID="Car_13276" speed="19.73" length="5.00" type="DEFAULT_CAR" gap="481.16"/>
    <instantOut id="215_D32" time="11175.75" state="stay" vehID="Car_13276" speed="19.73" length="5.00" type="DEFAULT_CAR"/>
    <instantOut id="215_D32" time="11175.92" state="leave" vehID="Car_13276" speed="19.93" length="5.00" type="DEFAULT_CAR" occupancy="0.25"/>
    <instantOut id="215_D32" time="12020.75" state="enter" vehID="Car_13308" speed="13.79" length="5.00" type="DEFAULT_CAR" gap="844.83"/>
    <instantOut id="215_D32" time="12021.00" state="stay" vehID="Car_13308" speed="13.79" length="5.00" type="DEFAULT_CAR"/>
    <instantOut id="215_D32" time="12021.11" state="leave" vehID="Car_13308" speed="13.64" length="5.00" type="DEFAULT_CAR" occupancy="0.36"/>
    <instantOut id="215_D32" time="12650.16" state="enter" vehID="Car_13336" speed="12.70" length="5.00" type="DEFAULT_CAR" gap="629.05"/>
    <instantOut id="215_D32" time="12650.25" state="stay" vehID="Car_13336" speed="12.70" length="5.00" type="DEFAULT_CAR"/>
    <instantOut id="215_D32" time="12650.50" state="stay" vehID="Car_13336" speed="12.32" length="5.00" type="DEFAULT_CAR"/>
    <instantOut id="215_D32" time="12650.56" state="leave" vehID="Car_13336" speed="12.50" length="5.00" type="DEFAULT_CAR" occupancy="0.40"/>
    <instantOut id="215_D32" time="12949.99" state="enter" vehID="Car_13349" speed="12.95" length="5.00" type="DEFAULT_CAR" gap="299.43"/>
    <instantOut id="215_D32" time="12950.00" state="stay" vehID="Car_13349" speed="12.95" length="5.00" type="DEFAULT_CAR"/>
    <instantOut id="215_D32" time="12950.25" state="stay" vehID="Car_13349" speed="12.83" length="5.00" type="DEFAULT_CAR"/>
    <instantOut id="215_D32" time="12950.38" state="leave" vehID="Car_13349" speed="13.00" length="5.00" type="DEFAULT_CAR" occupancy="0.39"/>
    <instantOut id="215_D32" time="13723.89" state="enter" vehID="Car_13395" speed="17.17" length="5.00" type="DEFAULT_CAR" gap="773.51"/>
    <instantOut id="215_D32" time="13724.00" state="stay" vehID="Car_13395" speed="17.17" length="5.00" type="DEFAULT_CAR"/>
    <instantOut id="215_D32" time="13724.18" state="leave" vehID="Car_13395" speed="17.45" length="5.00" type="DEFAULT_CAR" occupancy="0.29"/>
    <instantOut id="215_D32" time="14644.88" state="enter" vehID="Car_13443" speed="13.96" length="5.00" type="DEFAULT_CAR" gap="920.69"/>
    <instantOut id="215_D32" time="14645.00" state="stay" vehID="Car_13443" speed="13.96" length="5.00" type="DEFAULT_CAR"/>
    <instantOut id="215_D32" time="14645.24" state="leave" vehID="Car_13443" speed="13.89" length="5.00" type="DEFAULT_CAR" occupancy="0.36"/>
    <instantOut id="215_D32" time="15141.49" state="enter" vehID="Car_13475" speed="14.58" length="5.00" type="DEFAULT_CAR" gap="496.25"/>
    <instantOut id="215_D32" time="15141.50" state="stay" vehID="Car_13475" speed="14.58" length="5.00" type="DEFAULT_CAR"/>
    <instantOut id="215_D32" time="15141.75" state="stay" vehID="Car_13475" speed="14.70" length="5.00" type="DEFAULT_CAR"/>
    <instantOut id="215_D32" time="15141.83" state="leave" vehID="Car_13475" speed="14.65" length="5.00" type="DEFAULT_CAR" occupancy="0.34"/>
    <instantOut id="215_D32" time="15511.92" state="enter" vehID="Car_13502" speed="13.75" length="5.00" type="DEFAULT_CAR" gap="370.09"/>
    <instantOut id="215_D32" time="15512.00" state="stay" vehID="Car_13502" speed="13.75" length="5.00" type="DEFAULT_CAR"/>
    <instantOut id="215_D32" time="15512.25" state="stay" vehID="Car_13502" speed="14.09" length="5.00" type="DEFAULT_CAR"/>
    <instantOut id="215_D32" time="15512.28" state="leave" vehID="Car_13502" speed="13.73" length="5.00" type="DEFAULT_CAR" occupancy="0.36"/>
    <instantOut id="215_D32" time="16363.29" state="enter" vehID="Car_13562" speed="9.29" length="5.00" type="DEFAULT_CAR" gap="851.02"/>
    <instantOut id="215_D32" time="16363.50" state="stay" vehID="Car_13562" speed="9.29" length="5.00" type="DEFAULT_CAR"/>
    <instantOut id="215_D32" time="16363.75" state="stay" vehID="Car_13562" speed="9.15" length="5.00" type="DEFAULT_CAR"/>
    <instantOut id="215_D32" time="16363.83" state="leave" vehID="Car_13562" speed="9.11" length="5.00" type="DEFAULT_CAR" occupancy="0.54"/>
    <instantOut id="215_D32" time="16405.58" state="enter" vehID="Car_13564" speed="9.49" length="5.00" type="DEFAULT_CAR" gap="41.75"/>
    <instantOut id="215_D32" time="16405.75" state="stay" vehID="Car_13564" speed="9.49" length="5.00" type="DEFAULT_CAR"/>
    <instantOut id="215_D32" time="16406.00" state="stay" vehID="Car_13564" speed="9.06" length="5.00" type="DEFAULT_CAR"/>
    <instantOut id="215_D32" time="16406.12" state="leave" vehID="Car_13564" speed="9.06" length="5.00" type="DEFAULT_CAR" occupancy="0.54"/>
    <instantOut id="215_D32" time="16463.25" state="enter" vehID="Car_13566" speed="6.48" length="5.00" type="DEFAULT_CAR" gap="57.13"/>
    <instantOut id="215_D32" time="16463.50" state="stay" vehID="Car_13566" speed="6.48" length="5.00" type="DEFAULT_CAR"/>
    <instantOut id="215_D32" time="16463.75" state="stay" vehID="Car_13566" speed="6.34" length="5.00" type="DEFAULT_CAR"/>
    <instantOut id="215_D32" time="16464.00" state="stay" vehID="Car_13566" speed="6.18" length="5.00" type="DEFAULT_CAR"/>
    <instantOut id="215_D32" time="16464.04" state="leave" vehID="Car_13566" speed="6.23" length="5.00" type="DEFAULT_CAR" occupancy="0.79"/>
    <instantOut id="215_D32" time="16751.43" state="enter" vehID="Car_13580" speed="10.21" length="5.00" type="DEFAULT_CAR" gap="287.39"/>
    <instantOut id="215_D32" time="16751.50" state="stay" vehID="Car_13580" speed="10.21" length="5.00" type="DEFAULT_CAR"/>
    <instantOut id="215_D32" time="16751.75" state="stay" vehID="Car_13580" speed="10.52" length="5.00" type="DEFAULT_CAR"/>
    <instantOut id="215_D32" time="16751.91" state="leave" vehID="Car_13580" speed="10.32" length="5.00" type="DEFAULT_CAR" occupancy="0.48"/>
    <instantOut id="215_D32" time="16951.01" state="enter" vehID="Car_13598" speed="18.15" length="5.00" type="DEFAULT_CAR" gap="199.11"/>
    <instantOut id="215_D32" time="16951.25" state="stay" vehID="Car_13598" speed="18.15" length="5.00" type="DEFAULT_CAR"/>
    <instantOut id="215_D32" time="16951.29" state="leave" vehID="Car_13598" speed="17.77" length="5.00" type="DEFAULT_CAR" occupancy="0.28"/>
    <instantOut id="215_D32" time="17404.13" state="enter" vehID="Car_13627" speed="10.96" length="5.00" type="DEFAULT_CAR" gap="452.84"/>
    <instantOut id="215_D32" time="17404.25" state="stay" vehID="Car_13627" speed="10.96" length="5.00" type="DEFAULT_CAR"/>
    <instantOut id="215_D32" time="17404.50" state="stay" vehID="Car_13627" speed="10.86" length="5.00" type="DEFAULT_CAR"/>
    <instantOut id="215_D32" time="17404.59" state="leave" vehID="Car_13627" speed="10.82" length="5.00" type="DEFAULT_CAR" occupancy="0.46"/>
    <instantOut id="215_D32" time="17937.05" state="enter" vehID="Car_13656" speed="9.40" length="5.00" type="DEFAULT_CAR" gap="532.46"/>
    <instantOut id="215_D32" time="17937.25" state="stay" vehID="Car_13656" speed="9.40" length="5.00" type="DEFAULT_CAR"/>
    <instantOut id="215_D32" time="17937.50" state="stay" vehID="Car_13656" speed="9.24" length="5.00" type="DEFAULT_CAR"/>
    <instantOut id="215_D32" time="17937.59" state="leave" vehID="Car_13656" speed="9.00" length="5.00" type="DEFAULT_CAR" occupancy="0.54"/>
    <instantOut id="215_D32" time="18345.59" state="enter" vehID="Car_13673" speed="13.05" length="5.00" type="DEFAULT_CAR" gap="408.00"/>
    <instantOut id="215_D32" time="18345.75" state="stay" vehID="Car_13673" speed="13.05" length="5.00" type="DEFAULT_CAR"/>
    <instantOut id="215_D32" time="18345.97" state="leave" vehID="Car_13673" speed="13.10" length="5.00" type="DEFAULT_CAR" occupancy="0.38"/>
    <instantOut id="215_D32" time="18803.39" state="enter" vehID="Car_13689" speed="9.36" length="5.00" type="DEFAULT_CAR" gap="457.42"/>
    <instantOut id="215_D32" time="18803.50" state="stay" vehID="Car_13689" speed="9.36" length="5.00" type="DEFAULT_CAR"/>
    <instantOut id="215_D32" time="18803.75" state="stay" vehID="Car_13689" speed="9.02" length="5.00" type="DEFAULT_CAR"/>
    <instantOut id="215_D32" time="18803.94" state="leave" vehID="Car_13689" speed="9.26" length="5.00" type="DEFAULT_CAR" occupancy="0.55"/>
    <instantOut id="215_D32" time="18823.09" state="enter" vehID="Car_13693" speed="10.17" length="5.00" type="DEFAULT_CAR" gap="19.15"/>
    <instantOut id="215_D32" time="18823.25" state="stay" vehID="Car_13693" speed="10.17" length="5.00" type="DEFAULT_CAR"/>
    <instantOut id="215_D32" time="18823.50" state="stay" vehID="Car_13693" speed="10.35" length="5.00" type="DEFAULT_CAR"/>
    <instantOut id="215_D32" time="18823.58" state="leave" vehID="Car_13693" speed="10.13" length="5.00" type="DEFAULT_CAR" occupancy="0.49"/>
    <instantOut id="215_D32" time="19104.12" state="enter" vehID="Car_13708" speed="14.47" length="5.00" type="DEFAULT_CAR" gap="280.54"/>
    <instantOut id="215_D32" time="19104.25" state="stay" vehID="Car_13708" speed="14.47" length="5.00" type="DEFAULT_CAR"/>
    <instantOut id="215_D32" time="19104.46" state="leave" vehID="Car_13708" speed="15.16" length="5.00" type="DEFAULT_CAR" occupancy="0.34"/>
    <instantOut id="215_D32" time="19120.11" state="enter" vehID="Car_13709" speed="14.67" length="5.00" type="DEFAULT_CAR" gap="15.65"/>
    <instantOut id="215_D32" time="19120.25" state="stay" vehID="Car_13709" speed="14.67" length="5.00" type="DEFAULT_CAR"/>
    <instantOut id="215_D32" time="19120.45" state="leave" vehID="Car_13709" speed="14.96" length="5.00" type="DEFAULT_CAR" occupancy="0.34"/>
    <instantOut id="215_D32" time="19561.63" state="enter" vehID="Car_13740" speed="11.67" length="5.00" type="DEFAULT_CAR" gap="441.18"/>
    <instantOut id="215_D32" time="19561.75" state="stay" vehID="Car_13740" speed="11.67" length="5.00" type="DEFAULT_CAR"/>
    <instantOut id="215_D32" time="19562.00" state="stay" vehID="Car_13740" speed="11.98" length="5.00" type="DEFAULT_CAR"/>
    <instantOut id="215_D32" time="19562.05" state="leave" vehID="Car_13740" speed="11.90" length="5.00" type="DEFAULT_CAR" occupancy="0.42"/>
    <instantOut id="215_D32" time="19655.58" state="enter" vehID="Car_13742" speed="10.44" length="5.00" type="DEFAULT_CAR" gap="93.54"/>
    <instantOut id="215_D32" time="19655.75" state="stay" vehID="Car_13742" speed="10.44" length="5.00" type="DEFAULT_CAR"/>
    <instantOut id="215_D32" time="19656.00" state="stay" vehID="Car_13742" speed="10.49" length="5.00" type="DEFAULT_CAR"/>
    <instantOut id="215_D32" time="19656.06" state="leave" vehID="Car_13742" speed="10.32" length="5.00" type="DEFAULT_CAR" occupancy="0.48"/>
    <instantOut id="215_D32" time="20061.73" state="enter" vehID="Car_13759" speed="15.29" length="5.00" type="DEFAULT_CAR" gap="405.66"/>
    <instantOut id="215_D32" time="20061.75" state="stay" vehID="Car_13759" speed="15.29" length="5.00" type="DEFAULT_CAR"/>
    <instantOut id="215_D32" time="20062.00" state="stay" vehID="Car_13759" speed="15.17" length="5.00" type="DEFAULT_CAR"/>
    <instantOut id="215_D32" time="20062.05" state="leave" vehID="Car_13759" speed="15.47" length="5.00" type="DEFAULT_CAR" occupancy="0.33"/>
    <instantOut id="215_D32" time="20386.98" state="enter" vehID="Car_13773" speed="13.24" length="5.00" type="DEFAULT_CAR" gap="324.93"/>
    <instantOut id="215_D32" time="20387.00" state="stay" vehID="Car_13773" speed="13.24" length="5.00" type="DEFAULT_CAR"/>
    <instantOut id="215_D32" time="20387.25" state="stay" vehID="Car_13773" speed="13.43" length="5.00" type="DEFAULT_CAR"/>
    <instantOut id="215_D32" time="20387.36" state="leave" vehID="Car_13773" speed="13.33" length="5.00" type="DEFAULT_CAR" occupancy="0.37"/>
    <instantOut id="215_D32" time="20593.24" state="enter" vehID="Car_13782" speed="16.99" length="5.00" type="DEFAULT_CAR" gap="205.88"/>
    <instantOut id="215_D32" time="20593.25" state="stay" vehID="Car_13782" speed="16.99" length="5.00" type="DEFAULT_CAR"/>
    <instantOut id="215_D32" time="20593.50" state="stay" vehID="Car_13782" speed="16.94" length="5.00" type="DEFAULT_CAR"/>
    <instantOut id="215_D32" time="20593.54" state="leave" vehID="Car_13782" speed="16.83" length="5.00" type="DEFAULT_CAR" occupancy="0.30"/>
    <instantOut id="215_D32" time="20729.17" state="enter" vehID="Car_13792" speed="16.93" length="5.00" type="DEFAULT_CAR" gap="135.64"/>
    <instantOut id="215_D32" time="20729.25" state="stay" vehID="Car_13792" speed="16.93" length="5.00" type="DEFAULT_CAR"/>
    <instantOut id="215_D32" time="20729.47" state="leave" vehID="Car_13792" speed="17.11" length="5.00" type="DEFAULT_CAR" occupancy="0.29"/>
    <instantOut id="215_D32" time="21129.16" state="enter" vehID="Car_13808" speed="8.01" length="5.00" type="DEFAULT_CAR" gap="399.69"/>
    <instantOut id="215_D32" time="21129.25" state="stay" vehID="Car_13808" speed="8.01" length="5.00" type="DEFAULT_CAR"/>
    <instantOut id="215_D32" time="21129.50" state="stay" vehID="Car_13808" speed="8.06" length="5.00" type="DEFAULT_CAR"/>
    <instantOut id="215_D32" time="21129.75" state="stay" vehID="Car_13808" speed="8.01" length="5.00" type="DEFAULT_CAR"/>
    <instantOut id="215_D32" time="21129.78" state="leave" vehID="Car_13808" speed="7.99" length="5.00" type="DEFAULT_CAR" occupancy="0.62"/>
    <instantOut id="215_D32" time="21522.95" state="enter" vehID="Car_13840" speed="9.68" length="5.00" type="DEFAULT_CAR" gap="393.16"/>
    <instantOut id="215_D32" time="21523.00" state="stay" vehID="Car_13840" speed="9.68" length="5.00" type="DEFAULT_CAR"/>
    <instantOut id="215_D32" time="21523.25" state="stay" vehID="Car_13840" speed="9.67" length="5.00" type="DEFAULT_CAR"/>
    <instantOut id="215_D32" time="21523.47" state="leave" vehID="Car_13840" speed="9.53" length="5.00" type="DEFAULT_CAR" occupancy="0.52"/>
    <instantOut id="215_D32" time="22019.85" state="enter" vehID="Car_13862" speed="19.46" length="5.00" type="DEFAULT_CAR" gap="496.39"/>
    <instantOut id="215_D32" time="22020.00" state="stay" vehID="Car_13862" speed="19.46" length="5.00" type="DEFAULT_CAR"/>
    <instantOut id="215_D32" time="22020.11" state="leave" vehID="Car_13862" speed="19.65" length="5.00" type="DEFAULT_CAR" occupancy="0.26"/>
    <instantOut id="215_D32" time="22426.38" state="enter" vehID="Car_13884" speed="9.01" length="5.00" type="DEFAULT_CAR" gap="406.27"/>
    <instantOut id="215_D32" time="22426.50" state="stay" vehID="Car_13884" speed="9.01" length="5.00" type="DEFAULT_CAR"/>
    <instantOut id="215_D32" time="22426.75" state="stay" vehID="Car_13884" speed="9.05" length="5.00" type="DEFAULT_CAR"/>
    <instantOut id="215_D32" time="22426.94" state="leave" vehID="Car_13884" speed="8.81" length="5.00" type="DEFAULT_CAR" occupancy="0.56"/>
    <instantOut id="215_D32" time="22785.50" state="enter" vehID="Car_13914" speed="16.08" length="5.00" type="DEFAULT_CAR" gap="358.56"/>
    <instantOut id="215_D32" time="22785.50" state="stay" vehID="Car_13914" speed="16.08" length="5.00" type="DEFAULT_CAR"/>
    <instantOut id="215_D32" time="22785.75" state="stay" vehID="Car_13914" speed="16.02" length="5.00" type="DEFAULT_CAR"/>
    <instantOut id="215_D32" time="22785.81" state="leave" vehID="Car_13914" speed="16.03" length="5.00" type="DEFAULT_CAR" occupancy="0.31"/>
    <instantOut id="215_D32" time="22859.83" state="enter" vehID="Car_13920" speed="9.34" length="5.00" type="DEFAULT_CAR" gap="74.02"/>
    <instantOut id="215_D32" time="22860.00" state="stay" vehID="Car_13920" speed="9.34" length="5.00" type="DEFAULT_CAR"/>
    <instantOut id="215_D32" time="22860.25" state="stay" vehID="Car_13920" speed="9.27" length="5.00" type="DEFAULT_CAR"/>
    <instantOut id="215_D32" time="22860.37" state="leave" vehID="Car_13920" speed="8.97" length="5.00" type="DEFAULT_CAR" occupancy="0.54"/>
    <instantOut id="215_D32" time="23303.24" state="enter" vehID="Car_13957" speed="13.24" length="5.00" type="DEFAULT_CAR" gap="442.87"/>
    <instantOut id="215_D32" time="23303.25" state="stay" vehID="Car_13957" speed="13.24" length="5.00" type="DEFAULT_CAR"/>
    <instantOut id="215_D32" time="23303.50" state="stay" vehID="Car_13957" speed="13.03" length="5.00" type="DEFAULT_CAR"/>
    <instantOut id="215_D32" time="23303.62" state="leave" vehID="Car_13957" speed="13.20" length="5.00" type="DEFAULT_CAR" occupancy="0.38"/>
    <instantOut id="215_D32" time="24215.24" state="enter" vehID="Car_14015" speed="13.97" length="5.00" type="DEFAULT_CAR" gap="911.62"/>
    <instantOut id="215_D32" time="24215.25" state="stay" vehID="Car_14015" speed="13.97" length="5.00" type="DEFAULT_CAR"/>
    <instantOut id="215_D32" time="24215.50" state="stay" vehID="Car_14015" speed="14.02" length="5.00" type="DEFAULT_CAR"/>
    <instantOut id="215_D32" time="24215.59" state="leave" vehID="Car_14015" speed="14.30" length="5.00" type="DEFAULT_CAR" occupancy="0.35"/>
    <instantOut id="215_D32" time="24786.53" state="enter" vehID="Car_14041" speed="12.75" length="5.00" type="DEFAULT_CAR" gap="570.94"/>
    <instantOut id="215_D32" time="24786.75" state="stay" vehID="Car_14041" speed="12.75" length="5.00" type="DEFAULT_CAR"/>
    <instantOut id="215_D32" time="24786.92" state="leave" vehID="Car_14041" speed="12.85" length="5.00" type="DEFAULT_CAR" occupancy="0.39"/>
    <instantOut id="215_D32" time="25217.02" state="enter" vehID="Car_14067" speed="12.99" length="5.00" type="DEFAULT_CAR" gap="430.09"/>
    <instantOut id="215_D32" time="25217.25" state="stay" vehID="Car_14067" speed="12.99" length="5.00" type="DEFAULT_CAR"/>
    <instantOut id="215_D32" time="25217.40" state="leave" vehID="Car_14067" speed="13.07" length="5.00" type="DEFAULT_CAR" occupancy="0.38"/>
    <instantOut id="215_D32" time="25349.72" state="enter" vehID="Car_14073" speed="11.78" length="5.00" type="DEFAULT_CAR" gap="132.32"/>
    <instantOut id="215_D32" time="25349.75" state="stay" vehID="Car_14073" speed="11.78" length="5.00" type="DEFAULT_CAR"/>
    <instantOut id="215_D32" time="25350.00" state="stay" vehID="Car_14073" speed="12.08" length="5.00" type="DEFAULT_CAR"/>
    <instantOut id="215_D32" time="25350.14" state="leave" vehID="Car_14073" speed="12.02" length="5.00" type="DEFAULT_CAR" occupancy="0.42"/>
    <instantOut id="215_D32" time="25353.21" state="enter" vehID="Car_14075" speed="14.54" length="5.00" type="DEFAULT_CAR" gap="3.07"/>
    <instantOut id="215_D32" time="25353.25" state="stay" vehID="Car_14075" speed="14.54" length="5.00" type="DEFAULT_CAR"/>
    <instantOut id="215_D32" time="25353.50" state="stay" vehID="Car_14075" speed="14.38" length="5.00" type="DEFAULT_CAR"/>
    <instantOut id="215_D32" time="25353.55" state="leave" vehID="Car_14075" speed="14.29" length="5.00" type="DEFAULT_CAR" occupancy="0.35"/>
    <instantOut id="215_D32" time="25376.16" state="enter" vehID="Car_14080" speed="17.07" length="5.00" type="DEFAULT_CAR" gap="22.60"/>
    <instantOut id="215_D32" time="25376.25" state="stay" vehID="Car_14080" speed="17.07" length="5.00" type="DEFAULT_CAR"/>
    <instantOut id="215_D32" time="25376.45" state="leave" vehID="Car_14080" speed="17.26" length="5.00" type="DEFAULT_CAR" occupancy="0.29"/>
    <instantOut id="215_D32" time="25591.22" state="enter" vehID="Car_14094" speed="13.75" length="5.00" type="DEFAULT_CAR" gap="214.77"/>
    <instantOut id="215_D32" time="25591.25" state="stay" vehID="Car_14094" speed="13.75" length="5.00" type="DEFAULT_CAR"/>
    <instantOut id="215_D32" time="25591.50" state="stay" vehID="Car_14094" speed="13.39" length="5.00" type="DEFAULT_CAR"/>
    <instantOut id="215_D32" time="25591.59" state="leave" vehID="Car_14094" speed="13.30" length="5.00" type="DEFAULT_CAR" occupancy="0.37"/>
    <instantOut id="215_D32" time="25598.96" state="enter" vehID="Car_14096" speed="14.01" length="5.00" type="DEFAULT_CAR" gap="7.37"/>
    <instantOut id="215_D32" time="25599.00" state="stay" vehID="Car_14096" speed="14.01" length="5.00" type="DEFAULT_CAR"/>
    <instantOut id="215_D32" time="25599.25" state="stay" vehID="Car_14096" speed="14.30" length="5.00" type="DEFAULT_CAR"/>
    <instantOut id="215_D32" time="25599.31" state="leave" vehID="Car_14096" speed="14.29" length="5.00" type="DEFAULT_CAR" occupancy="0.35"/>
    <instantOut id="215_D32" time="25821.37" state="enter" vehID="Car_14110" speed="11.08" length="5.00" type="DEFAULT_CAR" gap="222.05"/>
    <instantOut id="215_D32" time="25821.50" state="stay" vehID="Car_14110" speed="11.08" length="5.00" type="DEFAULT_CAR"/>
    <instantOut id="215_D32" time="25821.75" state="stay" vehID="Car_14110" speed="10.92" length="5.00" type="DEFAULT_CAR"/>
    <instantOut id="215_D32" time="25821.82" state="leave" vehID="Car_14110" speed="11.12" length="5.00" type="DEFAULT_CAR" occupancy="0.45"/>
    <instantOut id="215_D32" time="26640.36" state="enter" vehID="Car_14150" speed="13.90" length="5.00" type="DEFAULT_CAR" gap="818.54"/>
    <instantOut id="215_D32" time="26640.50" state="stay" vehID="Car_14150" speed="13.90" length="5.00" type="DEFAULT_CAR"/>
    <instantOut id="215_D32" time="26640.71" state="leave" vehID="Car_14150" speed="14.03" length="5.00" type="DEFAULT_CAR" occupancy="0.36"/>
    <instantOut id="215_D32" time="26889.70" state="enter" vehID="Car_14165" speed="17.19" length="5.00" type="DEFAULT_CAR" gap="248.99"/>
    <instantOut id="215_D32" time="26889.75" state="stay" vehID="Car_14165" speed="17.19" length="5.00" type="DEFAULT_CAR"/>
    <instantOut id="215_D32" time="26889.99" state="leave" vehID="Car_14165" speed="16.94" length="5.00" type="DEFAULT_CAR" occupancy="0.29"/>
    <instantOut id="215_D32" time="28062.43" state="enter" vehID="Car_14234" speed="14.70" length="5.00" type="DEFAULT_CAR" gap="1172.44"/>
    <instantOut id="215_D32" time="28062.50" state="stay" vehID="Car_14234" speed="14.70" length="5.00" type="DEFAULT_CAR"/>
    <instantOut id="215_D32" time="28062.75" state="stay" vehID="Car_14234" speed="15.08" length="5.00" type="DEFAULT_CAR"/>
    <instantOut id="215_D32" time="28062.77" state="leave" vehID="Car_14234" speed="14.98" length="5.00" type="DEFAULT_CAR" occupancy="0.33"/>
    <instantOut id="215_D32" time="28137.03" state="enter" vehID="Car_14243" speed="12.14" length="5.00" type="DEFAULT_CAR" gap="74.27"/>
    <instantOut id="215_D32" time="28137.25" state="stay" vehID="Car_14243" speed="12.14" length="5.00" type="DEFAULT_CAR"/>
    <instantOut id="215_D32" time="28137.45" state="leave" vehID="Car_14243" speed="11.81" length="5.00" type="DEFAULT_CAR" occupancy="0.42"/>
    <instantOut id="215_D32" time="28255.53" state="enter" vehID="Car_14250" speed="18.20" length="5.00" type="DEFAULT_CAR" gap="118.08"/>
    <instantOut id="215_D32" time="28255.75" state="stay" vehID="Car_14250" speed="18.20" length="5.00" type="DEFAULT_CAR"/>
    <instantOut id="215_D32" time="28255.81" state="leave" vehID="Car_14250" speed="18.27" length="5.00" type="DEFAULT_CAR" occupancy="0.27"/>
    <instantOut id="215_D32" time="28715.28" state="enter" vehID="Car_14286" speed="15.61" length="5.00" type="DEFAULT_CAR" gap="459.48"/>
    <instantOut id="215_D32" time="28715.50" state="stay" vehID="Car_14286" speed="15.61" length="5.00" type="DEFAULT_CAR"/>
    <instantOut id="215_D32" time="28715.60" state="leave" vehID="Car_14286" speed="15.80" length="5.00" type="DEFAULT_CAR" occupancy="0.32"/>
    <instantOut id="215_D32" time="28923.90" state="enter" vehID="Car_14303" speed="12.03" length="5.00" type="DEFAULT_CAR" gap="208.30"/>
    <instantOut id="215_D32" time="28924.00" state="stay" vehID="Car_14303" speed="12.03" length="5.00" type="DEFAULT_CAR"/>
    <instantOut id="215_D32" time="28924.25" state="stay" vehID="Car_14303" speed="12.32" length="5.00" type="DEFAULT_CAR"/>
    <instantOut id="215_D32" time="28924.31" state="leave" vehID="Car_14303" speed="12.07" length="5.00" type="DEFAULT_CAR" occupancy="0.41"/>
    <instantOut id="215_D32" time="29048.91" state="enter" vehID="Car_14314" speed="13.70" length="5.00" type="DEFAULT_CAR" gap="124.60"/>
    <instantOut id="215_D32" time="29049.00" state="stay" vehID="Car_14314" speed="13.70" length="5.00" type="DEFAULT_CAR"/>
    <instantOut id="215_D32" time="29049.25" state="stay" vehID="Car_14314" speed="14.06" length="5.00" type="DEFAULT_CAR"/>
    <instantOut id="215_D32" time="29049.27" state="leave" vehID="Car_14314" speed="13.73" length="5.00" type="DEFAULT_CAR" occupancy="0.36"/>
    <instantOut id="215_D32" time="29066.83" state="enter" vehID="Car_14315" speed="12.90" length="5.00" type="DEFAULT_CAR" gap="17.56"/>
    <instantOut id="215_D32" time="29067.00" state="stay" vehID="Car_14315" speed="12.90" length="5.00" type="DEFAULT_CAR"/>
    <instantOut id="215_D32" time="29067.22" state="leave" vehID="Car_14315" speed="12.67" length="5.00" type="DEFAULT_CAR" occupancy="0.39"/>
    <instantOut id="215_D32" time="29204.97" state="enter" vehID="Car_14319" speed="4.81" length="5.00" type="DEFAULT_CAR" gap="137.76"/>
    <instantOut id="215_D32" time="29205.00" state="stay" vehID="Car_14319" speed="4.81" length="5.00" type="DEFAULT_CAR"/>
    <instantOut id="215_D32" time="29205.25" state="stay" vehID="Car_14319" speed="4.71" length="5.00" type="DEFAULT_CAR"/>
    <instantOut id="215_D32" time="29205.50" state="stay" vehID="Car_14319" speed="5.16" length="5.00" type="DEFAULT_CAR"/>
    <instantOut id="215_D32" time="29205.75" state="stay" vehID="Car_14319" speed="4.92" length="5.00" type="DEFAULT_CAR"/>
    <instantOut id="215_D32" time="29205.98" state="leave" vehID="Car_14319" speed="5.09" length="5.00" type="DEFAULT_CAR" occupancy="1.01"/>
    <instantOut id="215_D32" time="29261.04" state="enter" vehID="Car_14333" speed="14.04" length="5.00" type="DEFAULT_CAR" gap="55.06"/>
    <instantOut id="215_D32" time="29261.25" state="stay" vehID="Car_14333" speed="14.04" length="5.00" type="DEFAULT_CAR"/>
    <instantOut id="215_D32" time="29261.40" state="leave" vehID="Car_14333" speed="14.18" length="5.00" type="DEFAULT_CAR" occupancy="0.35"/>
    <instantOut id="215_D32" time="29784.34" state="enter" vehID="Car_14370" speed="15.17" length="5.00" type="DEFAULT_CAR" gap="522.94"/>
    <instantOut id="215_D32" time="29784.50" state="stay" vehID="Car_14370" speed="15.17" length="5.00" type="DEFAULT_CAR"/>
    <instantOut id="215_D32" time="29784.67" state="leave" vehID="Car_14370" speed="14.88" length="5.00" type="DEFAULT_CAR" occupancy="0.33"/>
    <instantOut id="215_D32" time="30592.37" state="enter" vehID="Car_14417" speed="14.53" length="5.00" type="DEFAULT_CAR" gap="807.70"/>
    <instantOut id="215_D32" time="30592.50" state="stay" vehID="Car_14417" speed="14.53" length="5.00" type="DEFAULT_CAR"/>
    <instantOut id="215_D32" time="30592.71" state="leave" vehID="Car_14417" speed="14.89" length="5.00" type="DEFAULT_CAR" occupancy="0.34"/>
    <instantOut id="215_D32" time="30634.71" state="enter" vehID="Car_14420" speed="11.61" length="5.00" type="DEFAULT_CAR" gap="42.00"/>
    <instantOut id="215_D32" time="30634.75" state="stay" vehID="Car_14420" speed="11.61" length="5.00" type="DEFAULT_CAR"/>
    <instantOut id="215_D32" time="30635.00" state="stay" vehID="Car_14420" speed="11.58" length="5.00" type="DEFAULT_CAR"/>
    <instantOut id="215_D32" time="30635.14" state="leave" vehID="Car_14420" speed="11.80" length="5.00" type="DEFAULT_CAR" occupancy="0.43"/>
    <instantOut id="215_D32" time="31076.96" state="enter" vehID="Car_14445" speed="9.53" length="5.00" type="DEFAULT_CAR" gap="441.82"/>
    <instantOut id="215_D32" time="31077.00" state="stay" vehID="Car_14445" speed="9.53" length="5.00" type="DEFAULT_CAR"/>
    <instantOut id="215_D32" time="31077.25" state="stay" vehID="Car_14445" speed="9.33" length="5.00" type="DEFAULT_CAR"/>
    <instantOut id="215_D32" time="31077.49" state="leave" vehID="Car_14445" speed="9.58" length="5.00" type="DEFAULT_CAR" occupancy="0.53"/>
    <instantOut id="215_D32" time="32149.59" state="enter" vehID="Car_14499" speed="16.60" length="5.00" type="DEFAULT_CAR" gap="1072.10"/>
    <instantOut id="215_D32" time="32149.75" state="stay" vehID="Car_14499" speed="16.60" length="5.00" type="DEFAULT_CAR"/>
    <instantOut id="215_D32" time="32149.89" state="leave" vehID="Car_14499" speed="16.48" length="5.00" type="DEFAULT_CAR" occupancy="0.30"/>
    <instantOut id="215_D32" time="33106.85" state="enter" vehID="Car_14547" speed="15.71" length="5.00" type="DEFAULT_CAR" gap="956.97"/>
    <instantOut id="215_D32" time="33107.00" state="stay" vehID="Car_14547" speed="15.71" length="5.00" type="DEFAULT_CAR"/>
    <instantOut id="215_D32" time="33107.17" state="leave" vehID="Car_14547" speed="15.81" length="5.00" type="DEFAULT_CAR" occupancy="0.32"/>
    <instantOut id="215_D32" time="33474.49" state="enter" vehID="Car_14563" speed="23.10" length="5.00" type="DEFAULT_CAR" gap="367.32"/>
    <instantOut id="215_D32" time="33474.50" state="stay" vehID="Car_14563" speed="23.10" length="5.00" type="DEFAULT_CAR"/>
    <instantOut id="215_D32" time="33474.71" state="leave" vehID="Car_14563" speed="22.87" length="5.00" type="DEFAULT_CAR" occupancy="0.22"/>
    <instantOut id="215_D32" time="33546.05" state="enter" vehID="Car_14568" speed="15.26" length="5.00" type="DEFAULT_CAR" gap="71.34"/>
    <instantOut id="215_D32" time="33546.25" state="stay" vehID="Car_14568" speed="15.26" length="5.00" type="DEFAULT_CAR"/>
    <instantOut id="215_D32" time="33546.38" state="leave" vehID="Car_14568" speed="15.14" length="5.00" type="DEFAULT_CAR" occupancy="0.33"/>
    <instantOut id="215_D32" time="34222.48" state="enter" vehID="Car_14592" speed="8.99" length="5.00" type="DEFAULT_CAR" gap="676.11"/>
    <instantOut id="215_D32" time="34222.50" state="stay" vehID="Car_14592" speed="8.99" length="5.00" type="DEFAULT_CAR"/>
    <instantOut id="215_D32" time="34222.75" state="stay" vehID="Car_14592" speed="9.02" length="5.00" type="DEFAULT_CAR"/>
    <instantOut id="215_D32" time="34223.00" state="stay" vehID="Car_14592" speed="9.09" length="5.00" type="DEFAULT_CAR"/>
    <instantOut id="215_D32" time="34223.03" state="leave" vehID="Car_14592" speed="9.07" length="5.00" type="DEFAULT_CAR" occupancy="0.55"/>
    <instantOut id="215_D32" time="34336.28" state="enter" vehID="Car_14602" speed="14.59" length="5.00" type="DEFAULT_CAR" gap="113.25"/>
    <instantOut id="215_D32" time="34336.50" state="stay" vehID="Car_14602" speed="14.59" length="5.00" type="DEFAULT_CAR"/>
    <instantOut id="215_D32" time="34336.63" state="leave" vehID="Car_14602" speed="14.44" length="5.00" type="DEFAULT_CAR" occupancy="0.34"/>
    <instantOut id="215_D32" time="34391.50" state="enter" vehID="Car_14606" speed="18.05" length="5.00" type="DEFAULT_CAR" gap="54.87"/>
    <instantOut id="215_D32" time="34391.75" state="stay" vehID="Car_14606" speed="18.05" length="5.00" type="DEFAULT_CAR"/>
    <instantOut id="215_D32" time="34391.78" state="leave" vehID="Car_14606" speed="18.28" length="5.00" type="DEFAULT_CAR" occupancy="0.28"/>
    <instantOut id="215_D32" time="35252.45" state="enter" vehID="Car_14644" speed="19.61" length="5.00" type="DEFAULT_CAR" gap="860.67"/>
    <instantOut id="215_D32" time="35252.50" state="stay" vehID="Car_14644" speed="19.61" length="5.00" type="DEFAULT_CAR"/>
    <instantOut id="215_D32" time="35252.70" state="leave" vehID="Car_14644" speed="19.62" length="5.00" type="DEFAULT_CAR" occupancy="0.25"/>
    <instantOut id="215_D32" time="35428.81" state="enter" vehID="Car_14651" speed="14.24" length="5.00" type="DEFAULT_CAR" gap="176.10"/>
    <instantOut id="215_D32" time="35429.00" state="stay" vehID="Car_14651" speed="14.24" length="5.00" type="DEFAULT_CAR"/>
    <instantOut id="215_D32" time="35429.16" state="leave" vehID="Car_14651" speed="14.14" length="5.00" type="DEFAULT_CAR" occupancy="0.35"/>
    <instantOut id="215_D32" time="35510.11" state="enter" vehID="Car_14653" speed="10.00" length="5.00" type="DEFAULT_CAR" gap="80.95"/>
    <instantOut id="215_D32" time="35510.25" state="stay" vehID="Car_14653" speed="10.00" length="5.00" type="DEFAULT_CAR"/>
    <instantOut id="215_D32" time="35510.50" state="stay" vehID="Car_14653" speed="9.80" length="5.00" type="DEFAULT_CAR"/>
    <instantOut id="215_D32" time="35510.61" state="leave" vehID="Car_14653" speed="9.81" length="5.00" type="DEFAULT_CAR" occupancy="0.51"/>
    <instantOut id="215_D32" time="35863.22" state="enter" vehID="Car_14663" speed="16.38" length="5.00" type="DEFAULT_CAR" gap="352.61"/>
    <instantOut id="215_D32" time="35863.25" state="stay" vehID="Car_14663" speed="16.38" length="5.00" type="DEFAULT_CAR"/>
    <instantOut id="215_D32" time="35863.50" state="stay" vehID="Car_14663" speed="16.58" length="5.00" type="DEFAULT_CAR"/>
    <instantOut id="215_D32" time="35863.52" state="leave" vehID="Car_14663" speed="16.56" length="5.00" type="DEFAULT_CAR" occupancy="0.30"/>
    <instantOut id="215_D32" time="36303.29" state="enter" vehID="Car_14684" speed="18.07" length="5.00" type="DEFAULT_CAR" gap="439.77"/>
    <instantOut id="215_D32" time="36303.50" state="stay" vehID="Car_14684" speed="18.07" length="5.00" type="DEFAULT_CAR"/>
    <instantOut id="215_D32" time="36303.57" state="leave" vehID="Car_14684" speed="18.10" length="5.00" type="DEFAULT_CAR" occupancy="0.28"/>
    <instantOut id="215_D32" time="36633.43" state="enter" vehID="Car_14695" speed="12.44" length="5.00" type="DEFAULT_CAR" gap="329.86"/>
    <instantOut id="215_D32" time="36633.50" state="stay" vehID="Car_14695" speed="12.44" length="5.00" type="DEFAULT_CAR"/>
    <instantOut id="215_D32" time="36633.75" state="stay" vehID="Car_14695" speed="12.84" length="5.00" type="DEFAULT_CAR"/>
    <instantOut id="215_D32" time="36633.82" state="leave" vehID="Car_14695" speed="12.57" length="5.00" type="DEFAULT_CAR" occupancy="0.39"/>
    <instantOut id="215_D32" time="36718.10" state="enter" vehID="Car_14697" speed="18.96" length="5.00" type="DEFAULT_CAR" gap="84.29"/>
    <instantOut id="215_D32" time="36718.25" state="stay" vehID="Car_14697" speed="18.96" length="5.00" type="DEFAULT_CAR"/>
    <instantOut id="215_D32" time="36718.37" state="leave" vehID="Car_14697" speed="18.82" length="5.00" type="DEFAULT_CAR" occupancy="0.26"/>
    <instantOut id="215_D32" time="36743.23" state="enter" vehID="Car_14700" speed="15.97" length="5.00" type="DEFAULT_CAR" gap="24.86"/>
    <instantOut id="215_D32" time="36743.25" state="stay" vehID="Car_14700" speed="15.97" length="5.00" type="DEFAULT_CAR"/>
    <instantOut id="215_D32" time="36743.50" state="stay" vehID="Car_14700" speed="16.18" length="5.00" type="DEFAULT_CAR"/>
    <instantOut id="215_D32" time="36743.54" state="leave" vehID="Car_14700" speed="16.20" length="5.00" type="DEFAULT_CAR" occupancy="0.31"/>
    <instantOut id="215_D32" time="36787.88" state="enter" vehID="Car_14701" speed="8.81" length="5.00" type="DEFAULT_CAR" gap="44.34"/>
    <instantOut id="215_D32" time="36788.00" state="stay" vehID="Car_14701" speed="8.81" length="5.00" type="DEFAULT_CAR"/>
    <instantOut id="215_D32" time="36788.25" state="stay" vehID="Car_14701" speed="8.68" length="5.00" type="DEFAULT_CAR"/>
    <instantOut id="215_D32" time="36788.45" state="leave" vehID="Car_14701" speed="8.68" length="5.00" type="DEFAULT_CAR" occupancy="0.57"/>
    <instantOut id="215_D32" time="38139.47" state="enter" vehID="Car_14744" speed="12.08" length="5.00" type="DEFAULT_CAR" gap="1351.01"/>
    <instantOut id="215_D32" time="38139.50" state="stay" vehID="Car_14744" speed="12.08" length="5.00" type="DEFAULT_CAR"/>
    <instantOut id="215_D32" time="38139.75" state="stay" vehID="Car_14744" speed="12.23" length="5.00" type="DEFAULT_CAR"/>
    <instantOut id="215_D32" time="38139.87" state="leave" vehID="Car_14744" speed="12.27" length="5.00" type="DEFAULT_CAR" occupancy="0.41"/>
    <instantOut id="215_D32" time="41271.59" state="enter" vehID="Car_14804" speed="16.57" length="5.00" type="DEFAULT_CAR" gap="3131.71"/>
    <instantOut id="215_D32" time="41271.75" state="stay" vehID="Car_14804" speed="16.57" length="5.00" type="DEFAULT_CAR"/>
    <instantOut id="215_D32" time="41271.89" state="leave" vehID="Car_14804" speed="16.30" length="5.00" type="DEFAULT_CAR" occupancy="0.30"/>
    <instantOut id="215_D32" time="41316.62" state="enter" vehID="Car_14805" speed="12.17" length="5.00" type="DEFAULT_CAR" gap="44.73"/>
    <instantOut id="215_D32" time="41316.75" state="stay" vehID="Car_14805" speed="12.17" length="5.00" type="DEFAULT_CAR"/>
    <instantOut id="215_D32" time="41317.00" state="stay" vehID="Car_14805" speed="12.09" length="5.00" type="DEFAULT_CAR"/>
    <instantOut id="215_D32" time="41317.03" state="leave" vehID="Car_14805" speed="12.51" length="5.00" type="DEFAULT_CAR" occupancy="0.41"/>
    <instantOut id="215_D32" time="41705.54" state="enter" vehID="Car_14813" speed="16.89" length="5.00" type="DEFAULT_CAR" gap="388.51"/>
    <instantOut id="215_D32" time="41705.75" state="stay" vehID="Car_14813" speed="16.89" length="5.00" type="DEFAULT_CAR"/>
    <instantOut id="215_D32" time="41705.84" state="leave" vehID="Car_14813" speed="17.10" length="5.00" type="DEFAULT_CAR" occupancy="0.29"/>
    <instantOut id="215_D32" time="42529.52" state="enter" vehID="Car_14830" speed="8.95" length="5.00" type="DEFAULT_CAR" gap="823.68"/>
    <instantOut id="215_D32" time="42529.75" state="stay" vehID="Car_14830" speed="8.95" length="5.00" type="DEFAULT_CAR"/>
    <instantOut id="215_D32" time="42530.00" state="stay" vehID="Car_14830" speed="9.08" length="5.00" type="DEFAULT_CAR"/>
    <instantOut id="215_D32" time="42530.07" state="leave" vehID="Car_14830" speed="9.02" length="5.00" type="DEFAULT_CAR" occupancy="0.55"/>
    <instantOut id="215_D32" time="42616.20" state="enter" vehID="Car_14832" speed="5.35" length="5.00" type="DEFAULT_CAR" gap="86.13"/>
    <instantOut id="215_D32" time="42616.25" state="stay" vehID="Car_14832" speed="5.35" length="5.00" type="DEFAULT_CAR"/>
    <instantOut id="215_D32" time="42616.50" state="stay" vehID="Car_14832" speed="5.34" length="5.00" type="DEFAULT_CAR"/>
    <instantOut id="215_D32" time="42616.75" state="stay" vehID="Car_14832" speed="5.54" length="5.00" type="DEFAULT_CAR"/>
    <instantOut id="215_D32" time="42617.00" state="stay" vehID="Car_14832" speed="5.21" length="5.00" type="DEFAULT_CAR"/>
    <instantOut id="215_D32" time="42617.13" state="leave" vehID="Car_14832" speed="5.50" length="5.00" type="DEFAULT_CAR" occupancy="0.93"/>
    <instantOut id="215_D32" time="42856.37" state="enter" vehID="Car_14841" speed="13.29" length="5.00" type="DEFAULT_CAR" gap="239.24"/>
    <instantOut id="215_D32" time="42856.50" state="stay" vehID="Car_14841" speed="13.29" length="5.00" type="DEFAULT_CAR"/>
    <instantOut id="215_D32" time="42856.73" state="leave" vehID="Car_14841" speed="13.72" length="5.00" type="DEFAULT_CAR" occupancy="0.37"/>
    <instantOut id="215_D32" time="43529.05" state="enter" vehID="Car_14856" speed="14.81" length="5.00" type="DEFAULT_CAR" gap="672.31"/>
    <instantOut id="215_D32" time="43529.25" state="stay" vehID="Car_14856" speed="14.81" length="5.00" type="DEFAULT_CAR"/>
    <instantOut id="215_D32" time="43529.38" state="leave" vehID="Car_14856" speed="14.69" length="5.00" type="DEFAULT_CAR" occupancy="0.34"/>
</instantE1>
