<?xml version="1.0" encoding="UTF-8"?>

<!-- generated on 2025-02-28 18:44:08 by Eclipse SUMO GUI Version 1.19.0
<configuration xmlns:xsi="http://www.w3.org/2001/XMLSchema-instance" xsi:noNamespaceSchemaLocation="http://sumo.dlr.de/xsd/sumoConfiguration.xsd">

    <input>
        <net-file value="Network.net.xml"/>
        <route-files value="CarRoutes_dfrouter.rou.xml"/>
        <additional-files value="Sensors.add.xml"/>
    </input>

    <output>
        <emission-output value="logs/Emissions.xml"/>
        <summary-output value="logs/Log_summary.xml"/>
        <summary-output.period value="300"/>
        <tripinfo-output value="logs/TripInfos.xml"/>
    </output>

    <time>
        <begin value="0"/>
        <end value="86400"/>
        <step-length value="0.25"/>
    </time>

    <processing>
        <ignore-junction-blocker value="0.1"/>
        <time-to-teleport value="-1"/>
    </processing>

    <report>
        <verbose value="true"/>
        <no-step-log value="true"/>
    </report>

    <emissions>
        <device.emissions.period value="10"/>
    </emissions>

    <traci_server>
        <remote-port value="58978"/>
    </traci_server>

    <gui_only>
        <quit-on-end value="true"/>
        <start value="true"/>
    </gui_only>

</configuration>
-->

<instantE1 xmlns:xsi="http://www.w3.org/2001/XMLSchema-instance" xsi:noNamespaceSchemaLocation="http://sumo.dlr.de/xsd/instant_e1_file.xsd">
    <instantOut id="217_D101" time="51.80" state="enter" vehID="Car_37" speed="9.97" length="5.00" type="DEFAULT_CAR"/>
    <instantOut id="217_D101" time="52.00" state="stay" vehID="Car_37" speed="9.97" length="5.00" type="DEFAULT_CAR"/>
    <instantOut id="217_D101" time="52.25" state="stay" vehID="Car_37" speed="10.54" length="5.00" type="DEFAULT_CAR"/>
    <instantOut id="217_D101" time="52.25" state="leave" vehID="Car_37" speed="10.54" length="5.00" type="DEFAULT_CAR"/>
    <instantOut id="217_D101" time="63.31" state="enter" vehID="Car_40" speed="9.55" length="5.00" type="DEFAULT_CAR"/>
    <instantOut id="217_D101" time="63.50" state="stay" vehID="Car_40" speed="9.55" length="5.00" type="DEFAULT_CAR"/>
    <instantOut id="217_D101" time="63.75" state="stay" vehID="Car_40" speed="10.34" length="5.00" type="DEFAULT_CAR"/>
    <instantOut id="217_D101" time="63.75" state="leave" vehID="Car_40" speed="10.34" length="5.00" type="DEFAULT_CAR"/>
    <instantOut id="217_D101" time="243.02" state="enter" vehID="Car_69" speed="9.88" length="5.00" type="DEFAULT_CAR"/>
    <instantOut id="217_D101" time="243.25" state="stay" vehID="Car_69" speed="9.88" length="5.00" type="DEFAULT_CAR"/>
    <instantOut id="217_D101" time="243.50" state="stay" vehID="Car_69" speed="10.38" length="5.00" type="DEFAULT_CAR"/>
    <instantOut id="217_D101" time="243.50" state="leave" vehID="Car_69" speed="10.38" length="5.00" type="DEFAULT_CAR"/>
    <instantOut id="217_D101" time="284.78" state="enter" vehID="Car_76" speed="9.66" length="5.00" type="DEFAULT_CAR"/>
    <instantOut id="217_D101" time="285.00" state="stay" vehID="Car_76" speed="9.66" length="5.00" type="DEFAULT_CAR"/>
    <instantOut id="217_D101" time="285.25" state="stay" vehID="Car_76" speed="10.51" length="5.00" type="DEFAULT_CAR"/>
    <instantOut id="217_D101" time="285.25" state="leave" vehID="Car_76" speed="10.51" length="5.00" type="DEFAULT_CAR"/>
    <instantOut id="217_D101" time="532.03" state="enter" vehID="Car_122" speed="9.70" length="5.00" type="DEFAULT_CAR"/>
    <instantOut id="217_D101" time="532.25" state="stay" vehID="Car_122" speed="9.70" length="5.00" type="DEFAULT_CAR"/>
    <instantOut id="217_D101" time="532.50" state="stay" vehID="Car_122" speed="10.59" length="5.00" type="DEFAULT_CAR"/>
    <instantOut id="217_D101" time="532.50" state="leave" vehID="Car_122" speed="10.59" length="5.00" type="DEFAULT_CAR"/>
    <instantOut id="217_D101" time="639.52" state="enter" vehID="Car_144" speed="9.99" length="5.00" type="DEFAULT_CAR"/>
    <instantOut id="217_D101" time="639.75" state="stay" vehID="Car_144" speed="9.99" length="5.00" type="DEFAULT_CAR"/>
    <instantOut id="217_D101" time="640.00" state="stay" vehID="Car_144" speed="10.70" length="5.00" type="DEFAULT_CAR"/>
    <instantOut id="217_D101" time="640.00" state="leave" vehID="Car_144" speed="10.70" length="5.00" type="DEFAULT_CAR"/>
    <instantOut id="217_D101" time="739.07" state="enter" vehID="Car_164" speed="8.65" length="5.00" type="DEFAULT_CAR"/>
    <instantOut id="217_D101" time="739.25" state="stay" vehID="Car_164" speed="8.65" length="5.00" type="DEFAULT_CAR"/>
    <instantOut id="217_D101" time="739.50" state="stay" vehID="Car_164" speed="8.54" length="5.00" type="DEFAULT_CAR"/>
    <instantOut id="217_D101" time="739.50" state="leave" vehID="Car_164" speed="8.54" length="5.00" type="DEFAULT_CAR"/>
    <instantOut id="217_D101" time="791.03" state="enter" vehID="Car_175" speed="10.02" length="5.00" type="DEFAULT_CAR"/>
    <instantOut id="217_D101" time="791.25" state="stay" vehID="Car_175" speed="10.02" length="5.00" type="DEFAULT_CAR"/>
    <instantOut id="217_D101" time="791.50" state="stay" vehID="Car_175" speed="10.80" length="5.00" type="DEFAULT_CAR"/>
    <instantOut id="217_D101" time="791.50" state="leave" vehID="Car_175" speed="10.80" length="5.00" type="DEFAULT_CAR"/>
    <instantOut id="217_D101" time="869.77" state="enter" vehID="Car_189" speed="9.64" length="5.00" type="DEFAULT_CAR"/>
    <instantOut id="217_D101" time="870.00" state="stay" vehID="Car_189" speed="9.64" length="5.00" type="DEFAULT_CAR"/>
    <instantOut id="217_D101" time="870.25" state="stay" vehID="Car_189" speed="10.53" length="5.00" type="DEFAULT_CAR"/>
    <instantOut id="217_D101" time="870.25" state="leave" vehID="Car_189" speed="10.53" length="5.00" type="DEFAULT_CAR"/>
    <instantOut id="217_D101" time="1250.54" state="enter" vehID="Car_234" speed="9.24" length="5.00" type="DEFAULT_CAR"/>
    <instantOut id="217_D101" time="1250.75" state="stay" vehID="Car_234" speed="9.24" length="5.00" type="DEFAULT_CAR"/>
    <instantOut id="217_D101" time="1251.00" state="stay" vehID="Car_234" speed="9.93" length="5.00" type="DEFAULT_CAR"/>
    <instantOut id="217_D101" time="1251.00" state="leave" vehID="Car_234" speed="9.93" length="5.00" type="DEFAULT_CAR"/>
    <instantOut id="217_D101" time="1574.78" state="enter" vehID="Car_276" speed="9.60" length="5.00" type="DEFAULT_CAR"/>
    <instantOut id="217_D101" time="1575.00" state="stay" vehID="Car_276" speed="9.60" length="5.00" type="DEFAULT_CAR"/>
    <instantOut id="217_D101" time="1575.25" state="stay" vehID="Car_276" speed="10.09" length="5.00" type="DEFAULT_CAR"/>
    <instantOut id="217_D101" time="1575.25" state="leave" vehID="Car_276" speed="10.09" length="5.00" type="DEFAULT_CAR"/>
    <instantOut id="217_D101" time="2550.29" state="enter" vehID="Car_389" speed="9.64" length="5.00" type="DEFAULT_CAR"/>
    <instantOut id="217_D101" time="2550.50" state="stay" vehID="Car_389" speed="9.64" length="5.00" type="DEFAULT_CAR"/>
    <instantOut id="217_D101" time="2550.75" state="stay" vehID="Car_389" speed="10.22" length="5.00" type="DEFAULT_CAR"/>
    <instantOut id="217_D101" time="2550.75" state="leave" vehID="Car_389" speed="10.22" length="5.00" type="DEFAULT_CAR"/>
    <instantOut id="217_D101" time="2760.81" state="enter" vehID="Car_413" speed="9.17" length="5.00" type="DEFAULT_CAR"/>
    <instantOut id="217_D101" time="2761.00" state="stay" vehID="Car_413" speed="9.17" length="5.00" type="DEFAULT_CAR"/>
    <instantOut id="217_D101" time="2761.25" state="stay" vehID="Car_413" speed="10.06" length="5.00" type="DEFAULT_CAR"/>
    <instantOut id="217_D101" time="2761.25" state="leave" vehID="Car_413" speed="10.06" length="5.00" type="DEFAULT_CAR"/>
    <instantOut id="217_D101" time="2892.02" state="enter" vehID="Car_424" speed="10.15" length="5.00" type="DEFAULT_CAR"/>
    <instantOut id="217_D101" time="2892.25" state="stay" vehID="Car_424" speed="10.15" length="5.00" type="DEFAULT_CAR"/>
    <instantOut id="217_D101" time="2892.50" state="leave" vehID="Car_424" speed="10.84" length="5.00" type="DEFAULT_CAR" occupancy="0.48"/>
    <instantOut id="217_D101" time="2942.06" state="enter" vehID="Car_433" speed="9.76" length="5.00" type="DEFAULT_CAR" gap="49.56"/>
    <instantOut id="217_D101" time="2942.25" state="stay" vehID="Car_433" speed="9.76" length="5.00" type="DEFAULT_CAR"/>
    <instantOut id="217_D101" time="2942.50" state="stay" vehID="Car_433" speed="10.34" length="5.00" type="DEFAULT_CAR"/>
    <instantOut id="217_D101" time="2942.50" state="leave" vehID="Car_433" speed="10.34" length="5.00" type="DEFAULT_CAR"/>
    <instantOut id="217_D101" time="3168.54" state="enter" vehID="Car_462" speed="9.62" length="5.00" type="DEFAULT_CAR" gap="276.04"/>
    <instantOut id="217_D101" time="3168.75" state="stay" vehID="Car_462" speed="9.62" length="5.00" type="DEFAULT_CAR"/>
    <instantOut id="217_D101" time="3169.00" state="stay" vehID="Car_462" speed="10.42" length="5.00" type="DEFAULT_CAR"/>
    <instantOut id="217_D101" time="3169.00" state="leave" vehID="Car_462" speed="10.42" length="5.00" type="DEFAULT_CAR"/>
    <instantOut id="217_D101" time="3626.05" state="enter" vehID="Car_536" speed="10.16" length="5.00" type="DEFAULT_CAR" gap="733.55"/>
    <instantOut id="217_D101" time="3626.25" state="stay" vehID="Car_536" speed="10.16" length="5.00" type="DEFAULT_CAR"/>
    <instantOut id="217_D101" time="3626.50" state="stay" vehID="Car_536" speed="10.47" length="5.00" type="DEFAULT_CAR"/>
    <instantOut id="217_D101" time="3626.50" state="leave" vehID="Car_536" speed="10.47" length="5.00" type="DEFAULT_CAR"/>
    <instantOut id="217_D101" time="3713.55" state="enter" vehID="Car_545" speed="9.67" length="5.00" type="DEFAULT_CAR" gap="821.05"/>
    <instantOut id="217_D101" time="3713.75" state="stay" vehID="Car_545" speed="9.67" length="5.00" type="DEFAULT_CAR"/>
    <instantOut id="217_D101" time="3714.00" state="stay" vehID="Car_545" speed="10.58" length="5.00" type="DEFAULT_CAR"/>
    <instantOut id="217_D101" time="3714.00" state="leave" vehID="Car_545" speed="10.58" length="5.00" type="DEFAULT_CAR"/>
    <instantOut id="217_D101" time="4032.29" state="enter" vehID="Car_578" speed="5.80" length="5.00" type="DEFAULT_CAR" gap="1139.79"/>
    <instantOut id="217_D101" time="4032.50" state="stay" vehID="Car_578" speed="5.80" length="5.00" type="DEFAULT_CAR"/>
    <instantOut id="217_D101" time="4032.75" state="stay" vehID="Car_578" speed="5.76" length="5.00" type="DEFAULT_CAR"/>
    <instantOut id="217_D101" time="4033.00" state="stay" vehID="Car_578" speed="5.65" length="5.00" type="DEFAULT_CAR"/>
    <instantOut id="217_D101" time="4033.00" state="leave" vehID="Car_578" speed="5.65" length="5.00" type="DEFAULT_CAR"/>
    <instantOut id="217_D101" time="4034.06" state="enter" vehID="Car_579" speed="8.55" length="5.00" type="DEFAULT_CAR" gap="1141.56"/>
    <instantOut id="217_D101" time="4034.25" state="stay" vehID="Car_579" speed="8.55" length="5.00" type="DEFAULT_CAR"/>
    <instantOut id="217_D101" time="4034.50" state="stay" vehID="Car_579" speed="8.54" length="5.00" type="DEFAULT_CAR"/>
    <instantOut id="217_D101" time="4034.50" state="leave" vehID="Car_579" speed="8.54" length="5.00" type="DEFAULT_CAR"/>
    <instantOut id="217_D101" time="4292.78" state="enter" vehID="Car_610" speed="9.56" length="5.00" type="DEFAULT_CAR" gap="1400.28"/>
    <instantOut id="217_D101" time="4293.00" state="stay" vehID="Car_610" speed="9.56" length="5.00" type="DEFAULT_CAR"/>
    <instantOut id="217_D101" time="4293.25" state="stay" vehID="Car_610" speed="10.22" length="5.00" type="DEFAULT_CAR"/>
    <instantOut id="217_D101" time="4293.25" state="leave" vehID="Car_610" speed="10.22" length="5.00" type="DEFAULT_CAR"/>
    <instantOut id="217_D101" time="4935.79" state="enter" vehID="Car_700" speed="10.05" length="5.00" type="DEFAULT_CAR" gap="2043.29"/>
    <instantOut id="217_D101" time="4936.00" state="stay" vehID="Car_700" speed="10.05" length="5.00" type="DEFAULT_CAR"/>
    <instantOut id="217_D101" time="4936.25" state="stay" vehID="Car_700" speed="10.70" length="5.00" type="DEFAULT_CAR"/>
    <instantOut id="217_D101" time="4936.25" state="leave" vehID="Car_700" speed="10.70" length="5.00" type="DEFAULT_CAR"/>
    <instantOut id="217_D101" time="5026.27" state="enter" vehID="Car_709" speed="10.52" length="5.00" type="DEFAULT_CAR" gap="2133.77"/>
    <instantOut id="217_D101" time="5026.50" state="stay" vehID="Car_709" speed="10.52" length="5.00" type="DEFAULT_CAR"/>
    <instantOut id="217_D101" time="5026.74" state="leave" vehID="Car_709" speed="10.64" length="5.00" type="DEFAULT_CAR" occupancy="0.47"/>
    <instantOut id="217_D101" time="5297.79" state="enter" vehID="Car_732" speed="9.49" length="5.00" type="DEFAULT_CAR" gap="271.05"/>
    <instantOut id="217_D101" time="5298.00" state="stay" vehID="Car_732" speed="9.49" length="5.00" type="DEFAULT_CAR"/>
    <instantOut id="217_D101" time="5298.25" state="stay" vehID="Car_732" speed="10.11" length="5.00" type="DEFAULT_CAR"/>
    <instantOut id="217_D101" time="5298.25" state="leave" vehID="Car_732" speed="10.11" length="5.00" type="DEFAULT_CAR"/>
    <instantOut id="217_D101" time="6202.55" state="enter" vehID="Car_854" speed="9.43" length="5.00" type="DEFAULT_CAR" gap="1175.81"/>
    <instantOut id="217_D101" time="6202.75" state="stay" vehID="Car_854" speed="9.43" length="5.00" type="DEFAULT_CAR"/>
    <instantOut id="217_D101" time="6203.00" state="stay" vehID="Car_854" speed="10.07" length="5.00" type="DEFAULT_CAR"/>
    <instantOut id="217_D101" time="6203.00" state="leave" vehID="Car_854" speed="10.07" length="5.00" type="DEFAULT_CAR"/>
    <instantOut id="217_D101" time="6787.29" state="enter" vehID="Car_927" speed="10.34" length="5.00" type="DEFAULT_CAR" gap="1760.55"/>
    <instantOut id="217_D101" time="6787.50" state="stay" vehID="Car_927" speed="10.34" length="5.00" type="DEFAULT_CAR"/>
    <instantOut id="217_D101" time="6787.75" state="stay" vehID="Car_927" speed="10.91" length="5.00" type="DEFAULT_CAR"/>
    <instantOut id="217_D101" time="6787.75" state="leave" vehID="Car_927" speed="10.91" length="5.00" type="DEFAULT_CAR"/>
    <instantOut id="217_D101" time="6995.51" state="enter" vehID="Car_942" speed="9.66" length="5.00" type="DEFAULT_CAR" gap="1968.77"/>
    <instantOut id="217_D101" time="6995.75" state="stay" vehID="Car_942" speed="9.66" length="5.00" type="DEFAULT_CAR"/>
    <instantOut id="217_D101" time="6996.00" state="stay" vehID="Car_942" speed="10.43" length="5.00" type="DEFAULT_CAR"/>
    <instantOut id="217_D101" time="6996.00" state="leave" vehID="Car_942" speed="10.43" length="5.00" type="DEFAULT_CAR"/>
    <instantOut id="217_D101" time="7494.30" state="enter" vehID="Car_1009" speed="9.54" length="5.00" type="DEFAULT_CAR" gap="2467.56"/>
    <instantOut id="217_D101" time="7494.50" state="stay" vehID="Car_1009" speed="9.54" length="5.00" type="DEFAULT_CAR"/>
    <instantOut id="217_D101" time="7494.75" state="stay" vehID="Car_1009" speed="10.41" length="5.00" type="DEFAULT_CAR"/>
    <instantOut id="217_D101" time="7494.75" state="leave" vehID="Car_1009" speed="10.41" length="5.00" type="DEFAULT_CAR"/>
    <instantOut id="217_D101" time="7858.77" state="enter" vehID="Car_1060" speed="9.71" length="5.00" type="DEFAULT_CAR" gap="2832.03"/>
    <instantOut id="217_D101" time="7859.00" state="stay" vehID="Car_1060" speed="9.71" length="5.00" type="DEFAULT_CAR"/>
    <instantOut id="217_D101" time="7859.25" state="stay" vehID="Car_1060" speed="10.46" length="5.00" type="DEFAULT_CAR"/>
    <instantOut id="217_D101" time="7859.25" state="leave" vehID="Car_1060" speed="10.46" length="5.00" type="DEFAULT_CAR"/>
    <instantOut id="217_D101" time="8209.06" state="enter" vehID="Car_1104" speed="10.01" length="5.00" type="DEFAULT_CAR" gap="3182.32"/>
    <instantOut id="217_D101" time="8209.25" state="stay" vehID="Car_1104" speed="10.01" length="5.00" type="DEFAULT_CAR"/>
    <instantOut id="217_D101" time="8209.50" state="stay" vehID="Car_1104" speed="10.71" length="5.00" type="DEFAULT_CAR"/>
    <instantOut id="217_D101" time="8209.50" state="leave" vehID="Car_1104" speed="10.71" length="5.00" type="DEFAULT_CAR"/>
    <instantOut id="217_D101" time="8211.78" state="enter" vehID="Car_1105" speed="9.85" length="5.00" type="DEFAULT_CAR" gap="3185.04"/>
    <instantOut id="217_D101" time="8212.00" state="stay" vehID="Car_1105" speed="9.85" length="5.00" type="DEFAULT_CAR"/>
    <instantOut id="217_D101" time="8212.25" state="stay" vehID="Car_1105" speed="10.38" length="5.00" type="DEFAULT_CAR"/>
    <instantOut id="217_D101" time="8212.25" state="leave" vehID="Car_1105" speed="10.38" length="5.00" type="DEFAULT_CAR"/>
    <instantOut id="217_D101" time="8435.04" state="enter" vehID="Car_1137" speed="10.17" length="5.00" type="DEFAULT_CAR" gap="3408.30"/>
    <instantOut id="217_D101" time="8435.25" state="stay" vehID="Car_1137" speed="10.17" length="5.00" type="DEFAULT_CAR"/>
    <instantOut id="217_D101" time="8435.50" state="stay" vehID="Car_1137" speed="10.70" length="5.00" type="DEFAULT_CAR"/>
    <instantOut id="217_D101" time="8435.50" state="leave" vehID="Car_1137" speed="10.70" length="5.00" type="DEFAULT_CAR"/>
    <instantOut id="217_D101" time="8610.77" state="enter" vehID="Car_1159" speed="9.40" length="5.00" type="DEFAULT_CAR" gap="3584.03"/>
    <instantOut id="217_D101" time="8611.00" state="stay" vehID="Car_1159" speed="9.40" length="5.00" type="DEFAULT_CAR"/>
    <instantOut id="217_D101" time="8611.25" state="stay" vehID="Car_1159" speed="10.10" length="5.00" type="DEFAULT_CAR"/>
    <instantOut id="217_D101" time="8611.25" state="leave" vehID="Car_1159" speed="10.10" length="5.00" type="DEFAULT_CAR"/>
    <instantOut id="217_D101" time="8684.05" state="enter" vehID="Car_1170" speed="9.22" length="5.00" type="DEFAULT_CAR" gap="3657.31"/>
    <instantOut id="217_D101" time="8684.25" state="stay" vehID="Car_1170" speed="9.22" length="5.00" type="DEFAULT_CAR"/>
    <instantOut id="217_D101" time="8684.50" state="stay" vehID="Car_1170" speed="9.97" length="5.00" type="DEFAULT_CAR"/>
    <instantOut id="217_D101" time="8684.50" state="leave" vehID="Car_1170" speed="9.97" length="5.00" type="DEFAULT_CAR"/>
    <instantOut id="217_D101" time="8897.76" state="enter" vehID="Car_1193" speed="10.22" length="5.00" type="DEFAULT_CAR" gap="3871.01"/>
    <instantOut id="217_D101" time="8898.00" state="stay" vehID="Car_1193" speed="10.22" length="5.00" type="DEFAULT_CAR"/>
    <instantOut id="217_D101" time="8898.23" state="leave" vehID="Car_1193" speed="10.83" length="5.00" type="DEFAULT_CAR" occupancy="0.48"/>
    <instantOut id="217_D101" time="8948.29" state="enter" vehID="Car_1205" speed="9.75" length="5.00" type="DEFAULT_CAR" gap="50.06"/>
    <instantOut id="217_D101" time="8948.50" state="stay" vehID="Car_1205" speed="9.75" length="5.00" type="DEFAULT_CAR"/>
    <instantOut id="217_D101" time="8948.75" state="stay" vehID="Car_1205" speed="10.66" length="5.00" type="DEFAULT_CAR"/>
    <instantOut id="217_D101" time="8948.75" state="leave" vehID="Car_1205" speed="10.66" length="5.00" type="DEFAULT_CAR"/>
    <instantOut id="217_D101" time="8984.54" state="enter" vehID="Car_1210" speed="9.76" length="5.00" type="DEFAULT_CAR" gap="86.31"/>
    <instantOut id="217_D101" time="8984.75" state="stay" vehID="Car_1210" speed="9.76" length="5.00" type="DEFAULT_CAR"/>
    <instantOut id="217_D101" time="8985.00" state="stay" vehID="Car_1210" speed="10.28" length="5.00" type="DEFAULT_CAR"/>
    <instantOut id="217_D101" time="8985.00" state="leave" vehID="Car_1210" speed="10.28" length="5.00" type="DEFAULT_CAR"/>
    <instantOut id="217_D101" time="9456.56" state="enter" vehID="Car_1281" speed="9.95" length="5.00" type="DEFAULT_CAR" gap="558.33"/>
    <instantOut id="217_D101" time="9456.75" state="stay" vehID="Car_1281" speed="9.95" length="5.00" type="DEFAULT_CAR"/>
    <instantOut id="217_D101" time="9457.00" state="stay" vehID="Car_1281" speed="10.44" length="5.00" type="DEFAULT_CAR"/>
    <instantOut id="217_D101" time="9457.00" state="leave" vehID="Car_1281" speed="10.44" length="5.00" type="DEFAULT_CAR"/>
    <instantOut id="217_D101" time="9464.05" state="enter" vehID="Car_1288" speed="9.43" length="5.00" type="DEFAULT_CAR" gap="565.82"/>
    <instantOut id="217_D101" time="9464.25" state="stay" vehID="Car_1288" speed="9.43" length="5.00" type="DEFAULT_CAR"/>
    <instantOut id="217_D101" time="9464.50" state="stay" vehID="Car_1288" speed="9.92" length="5.00" type="DEFAULT_CAR"/>
    <instantOut id="217_D101" time="9464.50" state="leave" vehID="Car_1288" speed="9.92" length="5.00" type="DEFAULT_CAR"/>
    <instantOut id="217_D101" time="9666.81" state="enter" vehID="Car_1309" speed="8.96" length="5.00" type="DEFAULT_CAR" gap="768.57"/>
    <instantOut id="217_D101" time="9667.00" state="stay" vehID="Car_1309" speed="8.96" length="5.00" type="DEFAULT_CAR"/>
    <instantOut id="217_D101" time="9667.25" state="stay" vehID="Car_1309" speed="9.39" length="5.00" type="DEFAULT_CAR"/>
    <instantOut id="217_D101" time="9667.25" state="leave" vehID="Car_1309" speed="9.39" length="5.00" type="DEFAULT_CAR"/>
    <instantOut id="217_D101" time="10104.77" state="enter" vehID="Car_1377" speed="9.60" length="5.00" type="DEFAULT_CAR" gap="1206.54"/>
    <instantOut id="217_D101" time="10105.00" state="stay" vehID="Car_1377" speed="9.60" length="5.00" type="DEFAULT_CAR"/>
    <instantOut id="217_D101" time="10105.25" state="stay" vehID="Car_1377" speed="10.16" length="5.00" type="DEFAULT_CAR"/>
    <instantOut id="217_D101" time="10105.25" state="leave" vehID="Car_1377" speed="10.16" length="5.00" type="DEFAULT_CAR"/>
    <instantOut id="217_D101" time="10141.51" state="enter" vehID="Car_1378" speed="10.10" length="5.00" type="DEFAULT_CAR" gap="1243.28"/>
    <instantOut id="217_D101" time="10141.75" state="stay" vehID="Car_1378" speed="10.10" length="5.00" type="DEFAULT_CAR"/>
    <instantOut id="217_D101" time="10141.99" state="leave" vehID="Car_1378" speed="10.88" length="5.00" type="DEFAULT_CAR" occupancy="0.48"/>
    <instantOut id="217_D101" time="10210.56" state="enter" vehID="Car_1389" speed="8.33" length="5.00" type="DEFAULT_CAR" gap="68.57"/>
    <instantOut id="217_D101" time="10210.75" state="stay" vehID="Car_1389" speed="8.33" length="5.00" type="DEFAULT_CAR"/>
    <instantOut id="217_D101" time="10211.00" state="stay" vehID="Car_1389" speed="8.20" length="5.00" type="DEFAULT_CAR"/>
    <instantOut id="217_D101" time="10211.00" state="leave" vehID="Car_1389" speed="8.20" length="5.00" type="DEFAULT_CAR"/>
    <instantOut id="217_D101" time="10696.27" state="enter" vehID="Car_1442" speed="10.41" length="5.00" type="DEFAULT_CAR" gap="554.28"/>
    <instantOut id="217_D101" time="10696.50" state="stay" vehID="Car_1442" speed="10.41" length="5.00" type="DEFAULT_CAR"/>
    <instantOut id="217_D101" time="10696.74" state="leave" vehID="Car_1442" speed="10.90" length="5.00" type="DEFAULT_CAR" occupancy="0.47"/>
    <instantOut id="217_D101" time="10698.78" state="enter" vehID="Car_1444" speed="9.60" length="5.00" type="DEFAULT_CAR" gap="2.05"/>
    <instantOut id="217_D101" time="10699.00" state="stay" vehID="Car_1444" speed="9.60" length="5.00" type="DEFAULT_CAR"/>
    <instantOut id="217_D101" time="10699.25" state="stay" vehID="Car_1444" speed="10.47" length="5.00" type="DEFAULT_CAR"/>
    <instantOut id="217_D101" time="10699.25" state="leave" vehID="Car_1444" speed="10.47" length="5.00" type="DEFAULT_CAR"/>
    <instantOut id="217_D101" time="10935.80" state="enter" vehID="Car_1474" speed="9.14" length="5.00" type="DEFAULT_CAR" gap="239.07"/>
    <instantOut id="217_D101" time="10936.00" state="stay" vehID="Car_1474" speed="9.14" length="5.00" type="DEFAULT_CAR"/>
    <instantOut id="217_D101" time="10936.25" state="stay" vehID="Car_1474" speed="9.64" length="5.00" type="DEFAULT_CAR"/>
    <instantOut id="217_D101" time="10936.25" state="leave" vehID="Car_1474" speed="9.64" length="5.00" type="DEFAULT_CAR"/>
    <instantOut id="217_D101" time="11967.53" state="enter" vehID="Car_1577" speed="10.20" length="5.00" type="DEFAULT_CAR" gap="1270.80"/>
    <instantOut id="217_D101" time="11967.75" state="stay" vehID="Car_1577" speed="10.20" length="5.00" type="DEFAULT_CAR"/>
    <instantOut id="217_D101" time="11968.00" state="leave" vehID="Car_1577" speed="11.12" length="5.00" type="DEFAULT_CAR" occupancy="0.47"/>
    <instantOut id="217_D101" time="12063.04" state="enter" vehID="Car_1583" speed="8.84" length="5.00" type="DEFAULT_CAR" gap="95.04"/>
    <instantOut id="217_D101" time="12063.25" state="stay" vehID="Car_1583" speed="8.84" length="5.00" type="DEFAULT_CAR"/>
    <instantOut id="217_D101" time="12063.50" state="stay" vehID="Car_1583" speed="8.82" length="5.00" type="DEFAULT_CAR"/>
    <instantOut id="217_D101" time="12063.50" state="leave" vehID="Car_1583" speed="8.82" length="5.00" type="DEFAULT_CAR"/>
    <instantOut id="217_D101" time="12379.02" state="enter" vehID="Car_1623" speed="9.99" length="5.00" type="DEFAULT_CAR" gap="411.02"/>
    <instantOut id="217_D101" time="12379.25" state="stay" vehID="Car_1623" speed="9.99" length="5.00" type="DEFAULT_CAR"/>
    <instantOut id="217_D101" time="12379.50" state="stay" vehID="Car_1623" speed="10.48" length="5.00" type="DEFAULT_CAR"/>
    <instantOut id="217_D101" time="12379.50" state="leave" vehID="Car_1623" speed="10.48" length="5.00" type="DEFAULT_CAR"/>
    <instantOut id="217_D101" time="12387.80" state="enter" vehID="Car_1631" speed="9.35" length="5.00" type="DEFAULT_CAR" gap="419.80"/>
    <instantOut id="217_D101" time="12388.00" state="stay" vehID="Car_1631" speed="9.35" length="5.00" type="DEFAULT_CAR"/>
    <instantOut id="217_D101" time="12388.25" state="stay" vehID="Car_1631" speed="9.86" length="5.00" type="DEFAULT_CAR"/>
    <instantOut id="217_D101" time="12388.25" state="leave" vehID="Car_1631" speed="9.86" length="5.00" type="DEFAULT_CAR"/>
    <instantOut id="217_D101" time="12684.03" state="enter" vehID="Car_1661" speed="9.72" length="5.00" type="DEFAULT_CAR" gap="716.03"/>
    <instantOut id="217_D101" time="12684.25" state="stay" vehID="Car_1661" speed="9.72" length="5.00" type="DEFAULT_CAR"/>
    <instantOut id="217_D101" time="12684.50" state="stay" vehID="Car_1661" speed="10.30" length="5.00" type="DEFAULT_CAR"/>
    <instantOut id="217_D101" time="12684.50" state="leave" vehID="Car_1661" speed="10.30" length="5.00" type="DEFAULT_CAR"/>
    <instantOut id="217_D101" time="12736.30" state="enter" vehID="Car_1668" speed="9.58" length="5.00" type="DEFAULT_CAR" gap="768.30"/>
    <instantOut id="217_D101" time="12736.50" state="stay" vehID="Car_1668" speed="9.58" length="5.00" type="DEFAULT_CAR"/>
    <instantOut id="217_D101" time="12736.75" state="stay" vehID="Car_1668" speed="9.52" length="5.00" type="DEFAULT_CAR"/>
    <instantOut id="217_D101" time="12736.75" state="leave" vehID="Car_1668" speed="9.52" length="5.00" type="DEFAULT_CAR"/>
    <instantOut id="217_D101" time="13130.80" state="enter" vehID="Car_1719" speed="10.01" length="5.00" type="DEFAULT_CAR" gap="1162.80"/>
    <instantOut id="217_D101" time="13131.00" state="stay" vehID="Car_1719" speed="10.01" length="5.00" type="DEFAULT_CAR"/>
    <instantOut id="217_D101" time="13131.25" state="stay" vehID="Car_1719" speed="10.70" length="5.00" type="DEFAULT_CAR"/>
    <instantOut id="217_D101" time="13131.25" state="leave" vehID="Car_1719" speed="10.70" length="5.00" type="DEFAULT_CAR"/>
    <instantOut id="217_D101" time="13293.77" state="enter" vehID="Car_1737" speed="9.80" length="5.00" type="DEFAULT_CAR" gap="1325.77"/>
    <instantOut id="217_D101" time="13294.00" state="stay" vehID="Car_1737" speed="9.80" length="5.00" type="DEFAULT_CAR"/>
    <instantOut id="217_D101" time="13294.25" state="stay" vehID="Car_1737" speed="10.51" length="5.00" type="DEFAULT_CAR"/>
    <instantOut id="217_D101" time="13294.25" state="leave" vehID="Car_1737" speed="10.51" length="5.00" type="DEFAULT_CAR"/>
    <instantOut id="217_D101" time="13418.01" state="enter" vehID="Car_1756" speed="10.02" length="5.00" type="DEFAULT_CAR" gap="1450.01"/>
    <instantOut id="217_D101" time="13418.25" state="stay" vehID="Car_1756" speed="10.02" length="5.00" type="DEFAULT_CAR"/>
    <instantOut id="217_D101" time="13418.49" state="leave" vehID="Car_1756" speed="10.71" length="5.00" type="DEFAULT_CAR" occupancy="0.48"/>
    <instantOut id="217_D101" time="13632.29" state="enter" vehID="Car_1784" speed="10.23" length="5.00" type="DEFAULT_CAR" gap="213.80"/>
    <instantOut id="217_D101" time="13632.50" state="stay" vehID="Car_1784" speed="10.23" length="5.00" type="DEFAULT_CAR"/>
    <instantOut id="217_D101" time="13632.75" state="stay" vehID="Car_1784" speed="11.06" length="5.00" type="DEFAULT_CAR"/>
    <instantOut id="217_D101" time="13632.75" state="leave" vehID="Car_1784" speed="11.06" length="5.00" type="DEFAULT_CAR"/>
    <instantOut id="217_D101" time="13720.00" state="enter" vehID="Car_1798" speed="9.38" length="5.00" type="DEFAULT_CAR" gap="301.51"/>
    <instantOut id="217_D101" time="13720.00" state="stay" vehID="Car_1798" speed="9.38" length="5.00" type="DEFAULT_CAR"/>
    <instantOut id="217_D101" time="13720.25" state="stay" vehID="Car_1798" speed="10.06" length="5.00" type="DEFAULT_CAR"/>
    <instantOut id="217_D101" time="13720.48" state="leave" vehID="Car_1798" speed="10.85" length="5.00" type="DEFAULT_CAR" occupancy="0.48"/>
    <instantOut id="217_D101" time="13892.53" state="enter" vehID="Car_1819" speed="9.90" length="5.00" type="DEFAULT_CAR" gap="172.06"/>
    <instantOut id="217_D101" time="13892.75" state="stay" vehID="Car_1819" speed="9.90" length="5.00" type="DEFAULT_CAR"/>
    <instantOut id="217_D101" time="13893.00" state="stay" vehID="Car_1819" speed="10.46" length="5.00" type="DEFAULT_CAR"/>
    <instantOut id="217_D101" time="13893.00" state="leave" vehID="Car_1819" speed="10.46" length="5.00" type="DEFAULT_CAR"/>
    <instantOut id="217_D101" time="13968.03" state="enter" vehID="Car_1825" speed="9.43" length="5.00" type="DEFAULT_CAR" gap="247.55"/>
    <instantOut id="217_D101" time="13968.25" state="stay" vehID="Car_1825" speed="9.43" length="5.00" type="DEFAULT_CAR"/>
    <instantOut id="217_D101" time="13968.50" state="stay" vehID="Car_1825" speed="10.15" length="5.00" type="DEFAULT_CAR"/>
    <instantOut id="217_D101" time="13968.50" state="leave" vehID="Car_1825" speed="10.15" length="5.00" type="DEFAULT_CAR"/>
    <instantOut id="217_D101" time="14038.03" state="enter" vehID="Car_1840" speed="9.84" length="5.00" type="DEFAULT_CAR" gap="317.55"/>
    <instantOut id="217_D101" time="14038.25" state="stay" vehID="Car_1840" speed="9.84" length="5.00" type="DEFAULT_CAR"/>
    <instantOut id="217_D101" time="14038.50" state="stay" vehID="Car_1840" speed="10.68" length="5.00" type="DEFAULT_CAR"/>
    <instantOut id="217_D101" time="14038.50" state="leave" vehID="Car_1840" speed="10.68" length="5.00" type="DEFAULT_CAR"/>
    <instantOut id="217_D101" time="14727.06" state="enter" vehID="Car_1929" speed="9.87" length="5.00" type="DEFAULT_CAR" gap="1006.58"/>
    <instantOut id="217_D101" time="14727.25" state="stay" vehID="Car_1929" speed="9.87" length="5.00" type="DEFAULT_CAR"/>
    <instantOut id="217_D101" time="14727.50" state="stay" vehID="Car_1929" speed="10.54" length="5.00" type="DEFAULT_CAR"/>
    <instantOut id="217_D101" time="14727.50" state="leave" vehID="Car_1929" speed="10.54" length="5.00" type="DEFAULT_CAR"/>
    <instantOut id="217_D101" time="14838.80" state="enter" vehID="Car_1942" speed="9.51" length="5.00" type="DEFAULT_CAR" gap="1118.32"/>
    <instantOut id="217_D101" time="14839.00" state="stay" vehID="Car_1942" speed="9.51" length="5.00" type="DEFAULT_CAR"/>
    <instantOut id="217_D101" time="14839.25" state="stay" vehID="Car_1942" speed="10.37" length="5.00" type="DEFAULT_CAR"/>
    <instantOut id="217_D101" time="14839.25" state="leave" vehID="Car_1942" speed="10.37" length="5.00" type="DEFAULT_CAR"/>
    <instantOut id="217_D101" time="15006.07" state="enter" vehID="Car_1962" speed="9.77" length="5.00" type="DEFAULT_CAR" gap="1285.59"/>
    <instantOut id="217_D101" time="15006.25" state="stay" vehID="Car_1962" speed="9.77" length="5.00" type="DEFAULT_CAR"/>
    <instantOut id="217_D101" time="15006.50" state="stay" vehID="Car_1962" speed="10.56" length="5.00" type="DEFAULT_CAR"/>
    <instantOut id="217_D101" time="15006.50" state="leave" vehID="Car_1962" speed="10.56" length="5.00" type="DEFAULT_CAR"/>
    <instantOut id="217_D101" time="15020.29" state="enter" vehID="Car_1967" speed="9.61" length="5.00" type="DEFAULT_CAR" gap="1299.82"/>
    <instantOut id="217_D101" time="15020.50" state="stay" vehID="Car_1967" speed="9.61" length="5.00" type="DEFAULT_CAR"/>
    <instantOut id="217_D101" time="15020.75" state="stay" vehID="Car_1967" speed="10.54" length="5.00" type="DEFAULT_CAR"/>
    <instantOut id="217_D101" time="15020.75" state="leave" vehID="Car_1967" speed="10.54" length="5.00" type="DEFAULT_CAR"/>
    <instantOut id="217_D101" time="15147.05" state="enter" vehID="Car_1979" speed="10.23" length="5.00" type="DEFAULT_CAR" gap="1426.57"/>
    <instantOut id="217_D101" time="15147.25" state="stay" vehID="Car_1979" speed="10.23" length="5.00" type="DEFAULT_CAR"/>
    <instantOut id="217_D101" time="15147.50" state="stay" vehID="Car_1979" speed="9.98" length="5.00" type="DEFAULT_CAR"/>
    <instantOut id="217_D101" time="15147.50" state="leave" vehID="Car_1979" speed="9.98" length="5.00" type="DEFAULT_CAR"/>
    <instantOut id="217_D101" time="15149.03" state="enter" vehID="Car_1981" speed="9.93" length="5.00" type="DEFAULT_CAR" gap="1428.55"/>
    <instantOut id="217_D101" time="15149.25" state="stay" vehID="Car_1981" speed="9.93" length="5.00" type="DEFAULT_CAR"/>
    <instantOut id="217_D101" time="15149.50" state="stay" vehID="Car_1981" speed="10.78" length="5.00" type="DEFAULT_CAR"/>
    <instantOut id="217_D101" time="15149.50" state="leave" vehID="Car_1981" speed="10.78" length="5.00" type="DEFAULT_CAR"/>
    <instantOut id="217_D101" time="15194.76" state="enter" vehID="Car_1988" speed="9.99" length="5.00" type="DEFAULT_CAR" gap="1474.29"/>
    <instantOut id="217_D101" time="15195.00" state="stay" vehID="Car_1988" speed="9.99" length="5.00" type="DEFAULT_CAR"/>
    <instantOut id="217_D101" time="15195.25" state="stay" vehID="Car_1988" speed="10.48" length="5.00" type="DEFAULT_CAR"/>
    <instantOut id="217_D101" time="15195.25" state="leave" vehID="Car_1988" speed="10.48" length="5.00" type="DEFAULT_CAR"/>
    <instantOut id="217_D101" time="15201.52" state="enter" vehID="Car_1991" speed="9.65" length="5.00" type="DEFAULT_CAR" gap="1481.04"/>
    <instantOut id="217_D101" time="15201.75" state="stay" vehID="Car_1991" speed="9.65" length="5.00" type="DEFAULT_CAR"/>
    <instantOut id="217_D101" time="15202.00" state="stay" vehID="Car_1991" speed="10.23" length="5.00" type="DEFAULT_CAR"/>
    <instantOut id="217_D101" time="15202.00" state="leave" vehID="Car_1991" speed="10.23" length="5.00" type="DEFAULT_CAR"/>
    <instantOut id="217_D101" time="15379.01" state="enter" vehID="Car_2021" speed="9.85" length="5.00" type="DEFAULT_CAR" gap="1658.54"/>
    <instantOut id="217_D101" time="15379.25" state="stay" vehID="Car_2021" speed="9.85" length="5.00" type="DEFAULT_CAR"/>
    <instantOut id="217_D101" time="15379.50" state="stay" vehID="Car_2021" speed="10.48" length="5.00" type="DEFAULT_CAR"/>
    <instantOut id="217_D101" time="15379.50" state="leave" vehID="Car_2021" speed="10.48" length="5.00" type="DEFAULT_CAR"/>
    <instantOut id="217_D101" time="15423.82" state="enter" vehID="Car_2027" speed="9.48" length="5.00" type="DEFAULT_CAR" gap="1703.34"/>
    <instantOut id="217_D101" time="15424.00" state="stay" vehID="Car_2027" speed="9.48" length="5.00" type="DEFAULT_CAR"/>
    <instantOut id="217_D101" time="15424.25" state="stay" vehID="Car_2027" speed="10.07" length="5.00" type="DEFAULT_CAR"/>
    <instantOut id="217_D101" time="15424.25" state="leave" vehID="Car_2027" speed="10.07" length="5.00" type="DEFAULT_CAR"/>
    <instantOut id="217_D101" time="15530.62" state="enter" vehID="Car_2043" speed="6.10" length="5.00" type="DEFAULT_CAR" gap="1810.14"/>
    <instantOut id="217_D101" time="15530.75" state="stay" vehID="Car_2043" speed="6.10" length="5.00" type="DEFAULT_CAR"/>
    <instantOut id="217_D101" time="15531.00" state="stay" vehID="Car_2043" speed="5.97" length="5.00" type="DEFAULT_CAR"/>
    <instantOut id="217_D101" time="15531.25" state="stay" vehID="Car_2043" speed="6.28" length="5.00" type="DEFAULT_CAR"/>
    <instantOut id="217_D101" time="15531.25" state="leave" vehID="Car_2043" speed="6.28" length="5.00" type="DEFAULT_CAR"/>
    <instantOut id="217_D101" time="15542.55" state="enter" vehID="Car_2047" speed="9.79" length="5.00" type="DEFAULT_CAR" gap="1822.07"/>
    <instantOut id="217_D101" time="15542.75" state="stay" vehID="Car_2047" speed="9.79" length="5.00" type="DEFAULT_CAR"/>
    <instantOut id="217_D101" time="15543.00" state="stay" vehID="Car_2047" speed="10.20" length="5.00" type="DEFAULT_CAR"/>
    <instantOut id="217_D101" time="15543.00" state="leave" vehID="Car_2047" speed="10.20" length="5.00" type="DEFAULT_CAR"/>
    <instantOut id="217_D101" time="15964.54" state="enter" vehID="Car_2088" speed="10.12" length="5.00" type="DEFAULT_CAR" gap="2244.07"/>
    <instantOut id="217_D101" time="15964.75" state="stay" vehID="Car_2088" speed="10.12" length="5.00" type="DEFAULT_CAR"/>
    <instantOut id="217_D101" time="15965.00" state="stay" vehID="Car_2088" speed="10.83" length="5.00" type="DEFAULT_CAR"/>
    <instantOut id="217_D101" time="15965.00" state="leave" vehID="Car_2088" speed="10.83" length="5.00" type="DEFAULT_CAR"/>
    <instantOut id="217_D101" time="16566.77" state="enter" vehID="Car_2180" speed="10.57" length="5.00" type="DEFAULT_CAR" gap="2846.29"/>
    <instantOut id="217_D101" time="16567.00" state="stay" vehID="Car_2180" speed="10.57" length="5.00" type="DEFAULT_CAR"/>
    <instantOut id="217_D101" time="16567.23" state="leave" vehID="Car_2180" speed="11.21" length="5.00" type="DEFAULT_CAR" occupancy="0.46"/>
    <instantOut id="217_D101" time="16647.30" state="enter" vehID="Car_2186" speed="8.78" length="5.00" type="DEFAULT_CAR" gap="80.08"/>
    <instantOut id="217_D101" time="16647.50" state="stay" vehID="Car_2186" speed="8.78" length="5.00" type="DEFAULT_CAR"/>
    <instantOut id="217_D101" time="16647.75" state="stay" vehID="Car_2186" speed="8.89" length="5.00" type="DEFAULT_CAR"/>
    <instantOut id="217_D101" time="16647.75" state="leave" vehID="Car_2186" speed="8.89" length="5.00" type="DEFAULT_CAR"/>
    <instantOut id="217_D101" time="17739.56" state="enter" vehID="Car_2337" speed="9.95" length="5.00" type="DEFAULT_CAR" gap="1172.33"/>
    <instantOut id="217_D101" time="17739.75" state="stay" vehID="Car_2337" speed="9.95" length="5.00" type="DEFAULT_CAR"/>
    <instantOut id="217_D101" time="17740.00" state="stay" vehID="Car_2337" speed="10.49" length="5.00" type="DEFAULT_CAR"/>
    <instantOut id="217_D101" time="17740.00" state="leave" vehID="Car_2337" speed="10.49" length="5.00" type="DEFAULT_CAR"/>
    <instantOut id="217_D101" time="17938.05" state="enter" vehID="Car_2358" speed="10.18" length="5.00" type="DEFAULT_CAR" gap="1370.82"/>
    <instantOut id="217_D101" time="17938.25" state="stay" vehID="Car_2358" speed="10.18" length="5.00" type="DEFAULT_CAR"/>
    <instantOut id="217_D101" time="17938.50" state="stay" vehID="Car_2358" speed="10.75" length="5.00" type="DEFAULT_CAR"/>
    <instantOut id="217_D101" time="17938.50" state="leave" vehID="Car_2358" speed="10.75" length="5.00" type="DEFAULT_CAR"/>
    <instantOut id="217_D101" time="18604.03" state="enter" vehID="Car_2434" speed="9.27" length="5.00" type="DEFAULT_CAR" gap="2036.80"/>
    <instantOut id="217_D101" time="18604.25" state="stay" vehID="Car_2434" speed="9.27" length="5.00" type="DEFAULT_CAR"/>
    <instantOut id="217_D101" time="18604.50" state="stay" vehID="Car_2434" speed="9.40" length="5.00" type="DEFAULT_CAR"/>
    <instantOut id="217_D101" time="18604.50" state="leave" vehID="Car_2434" speed="9.40" length="5.00" type="DEFAULT_CAR"/>
    <instantOut id="217_D101" time="18695.52" state="enter" vehID="Car_2446" speed="9.46" length="5.00" type="DEFAULT_CAR" gap="2128.30"/>
    <instantOut id="217_D101" time="18695.75" state="stay" vehID="Car_2446" speed="9.46" length="5.00" type="DEFAULT_CAR"/>
    <instantOut id="217_D101" time="18696.00" state="stay" vehID="Car_2446" speed="10.23" length="5.00" type="DEFAULT_CAR"/>
    <instantOut id="217_D101" time="18696.00" state="leave" vehID="Car_2446" speed="10.23" length="5.00" type="DEFAULT_CAR"/>
    <instantOut id="217_D101" time="19024.78" state="enter" vehID="Car_2487" speed="10.12" length="5.00" type="DEFAULT_CAR" gap="2457.55"/>
    <instantOut id="217_D101" time="19025.00" state="stay" vehID="Car_2487" speed="10.12" length="5.00" type="DEFAULT_CAR"/>
    <instantOut id="217_D101" time="19025.25" state="stay" vehID="Car_2487" speed="10.80" length="5.00" type="DEFAULT_CAR"/>
    <instantOut id="217_D101" time="19025.25" state="leave" vehID="Car_2487" speed="10.80" length="5.00" type="DEFAULT_CAR"/>
    <instantOut id="217_D101" time="19485.57" state="enter" vehID="Car_2551" speed="9.42" length="5.00" type="DEFAULT_CAR" gap="2918.35"/>
    <instantOut id="217_D101" time="19485.75" state="stay" vehID="Car_2551" speed="9.42" length="5.00" type="DEFAULT_CAR"/>
    <instantOut id="217_D101" time="19486.00" state="stay" vehID="Car_2551" speed="10.08" length="5.00" type="DEFAULT_CAR"/>
    <instantOut id="217_D101" time="19486.00" state="leave" vehID="Car_2551" speed="10.08" length="5.00" type="DEFAULT_CAR"/>
    <instantOut id="217_D101" time="20002.57" state="enter" vehID="Car_2616" speed="9.48" length="5.00" type="DEFAULT_CAR" gap="3435.34"/>
    <instantOut id="217_D101" time="20002.75" state="stay" vehID="Car_2616" speed="9.48" length="5.00" type="DEFAULT_CAR"/>
    <instantOut id="217_D101" time="20003.00" state="stay" vehID="Car_2616" speed="10.17" length="5.00" type="DEFAULT_CAR"/>
    <instantOut id="217_D101" time="20003.00" state="leave" vehID="Car_2616" speed="10.17" length="5.00" type="DEFAULT_CAR"/>
    <instantOut id="217_D101" time="20091.04" state="enter" vehID="Car_2622" speed="10.00" length="5.00" type="DEFAULT_CAR" gap="3523.82"/>
    <instantOut id="217_D101" time="20091.25" state="stay" vehID="Car_2622" speed="10.00" length="5.00" type="DEFAULT_CAR"/>
    <instantOut id="217_D101" time="20091.50" state="stay" vehID="Car_2622" speed="10.62" length="5.00" type="DEFAULT_CAR"/>
    <instantOut id="217_D101" time="20091.50" state="leave" vehID="Car_2622" speed="10.62" length="5.00" type="DEFAULT_CAR"/>
    <instantOut id="217_D101" time="20114.32" state="enter" vehID="Car_2624" speed="9.79" length="5.00" type="DEFAULT_CAR" gap="3547.09"/>
    <instantOut id="217_D101" time="20114.50" state="stay" vehID="Car_2624" speed="9.79" length="5.00" type="DEFAULT_CAR"/>
    <instantOut id="217_D101" time="20114.75" state="stay" vehID="Car_2624" speed="10.63" length="5.00" type="DEFAULT_CAR"/>
    <instantOut id="217_D101" time="20114.75" state="leave" vehID="Car_2624" speed="10.63" length="5.00" type="DEFAULT_CAR"/>
    <instantOut id="217_D101" time="20440.64" state="enter" vehID="Car_2662" speed="5.30" length="5.00" type="DEFAULT_CAR" gap="3873.41"/>
    <instantOut id="217_D101" time="20440.75" state="stay" vehID="Car_2662" speed="5.30" length="5.00" type="DEFAULT_CAR"/>
    <instantOut id="217_D101" time="20441.00" state="stay" vehID="Car_2662" speed="5.58" length="5.00" type="DEFAULT_CAR"/>
    <instantOut id="217_D101" time="20441.25" state="stay" vehID="Car_2662" speed="5.19" length="5.00" type="DEFAULT_CAR"/>
    <instantOut id="217_D101" time="20441.25" state="leave" vehID="Car_2662" speed="5.19" length="5.00" type="DEFAULT_CAR"/>
    <instantOut id="217_D101" time="20498.57" state="enter" vehID="Car_2669" speed="9.14" length="5.00" type="DEFAULT_CAR" gap="3931.34"/>
    <instantOut id="217_D101" time="20498.75" state="stay" vehID="Car_2669" speed="9.14" length="5.00" type="DEFAULT_CAR"/>
    <instantOut id="217_D101" time="20499.00" state="stay" vehID="Car_2669" speed="9.66" length="5.00" type="DEFAULT_CAR"/>
    <instantOut id="217_D101" time="20499.00" state="leave" vehID="Car_2669" speed="9.66" length="5.00" type="DEFAULT_CAR"/>
    <instantOut id="217_D101" time="20570.02" state="enter" vehID="Car_2677" speed="10.04" length="5.00" type="DEFAULT_CAR" gap="4002.80"/>
    <instantOut id="217_D101" time="20570.25" state="stay" vehID="Car_2677" speed="10.04" length="5.00" type="DEFAULT_CAR"/>
    <instantOut id="217_D101" time="20570.50" state="stay" vehID="Car_2677" speed="10.56" length="5.00" type="DEFAULT_CAR"/>
    <instantOut id="217_D101" time="20570.50" state="leave" vehID="Car_2677" speed="10.56" length="5.00" type="DEFAULT_CAR"/>
    <instantOut id="217_D101" time="21265.55" state="enter" vehID="Car_2768" speed="9.96" length="5.00" type="DEFAULT_CAR" gap="4698.33"/>
    <instantOut id="217_D101" time="21265.75" state="stay" vehID="Car_2768" speed="9.96" length="5.00" type="DEFAULT_CAR"/>
    <instantOut id="217_D101" time="21266.00" state="stay" vehID="Car_2768" speed="10.51" length="5.00" type="DEFAULT_CAR"/>
    <instantOut id="217_D101" time="21266.00" state="leave" vehID="Car_2768" speed="10.51" length="5.00" type="DEFAULT_CAR"/>
    <instantOut id="217_D101" time="21736.50" state="enter" vehID="Car_2842" speed="9.42" length="5.00" type="DEFAULT_CAR" gap="5169.27"/>
    <instantOut id="217_D101" time="21736.50" state="stay" vehID="Car_2842" speed="9.42" length="5.00" type="DEFAULT_CAR"/>
    <instantOut id="217_D101" time="21736.75" state="stay" vehID="Car_2842" speed="10.26" length="5.00" type="DEFAULT_CAR"/>
    <instantOut id="217_D101" time="21736.97" state="leave" vehID="Car_2842" speed="11.00" length="5.00" type="DEFAULT_CAR" occupancy="0.47"/>
    <instantOut id="217_D101" time="21801.04" state="enter" vehID="Car_2852" speed="9.36" length="5.00" type="DEFAULT_CAR" gap="64.07"/>
    <instantOut id="217_D101" time="21801.25" state="stay" vehID="Car_2852" speed="9.36" length="5.00" type="DEFAULT_CAR"/>
    <instantOut id="217_D101" time="21801.50" state="stay" vehID="Car_2852" speed="10.09" length="5.00" type="DEFAULT_CAR"/>
    <instantOut id="217_D101" time="21801.50" state="leave" vehID="Car_2852" speed="10.09" length="5.00" type="DEFAULT_CAR"/>
    <instantOut id="217_D101" time="22224.31" state="enter" vehID="Car_2911" speed="9.68" length="5.00" type="DEFAULT_CAR" gap="487.34"/>
    <instantOut id="217_D101" time="22224.50" state="stay" vehID="Car_2911" speed="9.68" length="5.00" type="DEFAULT_CAR"/>
    <instantOut id="217_D101" time="22224.75" state="stay" vehID="Car_2911" speed="10.49" length="5.00" type="DEFAULT_CAR"/>
    <instantOut id="217_D101" time="22224.75" state="leave" vehID="Car_2911" speed="10.49" length="5.00" type="DEFAULT_CAR"/>
    <instantOut id="217_D101" time="22334.79" state="enter" vehID="Car_2925" speed="10.08" length="5.00" type="DEFAULT_CAR" gap="597.82"/>
    <instantOut id="217_D101" time="22335.00" state="stay" vehID="Car_2925" speed="10.08" length="5.00" type="DEFAULT_CAR"/>
    <instantOut id="217_D101" time="22335.25" state="stay" vehID="Car_2925" speed="10.98" length="5.00" type="DEFAULT_CAR"/>
    <instantOut id="217_D101" time="22335.25" state="leave" vehID="Car_2925" speed="10.98" length="5.00" type="DEFAULT_CAR"/>
    <instantOut id="217_D101" time="22342.26" state="enter" vehID="Car_2926" speed="9.23" length="5.00" type="DEFAULT_CAR" gap="605.29"/>
    <instantOut id="217_D101" time="22342.50" state="stay" vehID="Car_2926" speed="9.23" length="5.00" type="DEFAULT_CAR"/>
    <instantOut id="217_D101" time="22342.75" state="stay" vehID="Car_2926" speed="9.56" length="5.00" type="DEFAULT_CAR"/>
    <instantOut id="217_D101" time="22342.75" state="leave" vehID="Car_2926" speed="9.56" length="5.00" type="DEFAULT_CAR"/>
    <instantOut id="217_D101" time="22345.29" state="enter" vehID="Car_2930" speed="10.08" length="5.00" type="DEFAULT_CAR" gap="608.32"/>
    <instantOut id="217_D101" time="22345.50" state="stay" vehID="Car_2930" speed="10.08" length="5.00" type="DEFAULT_CAR"/>
    <instantOut id="217_D101" time="22345.75" state="stay" vehID="Car_2930" speed="10.88" length="5.00" type="DEFAULT_CAR"/>
    <instantOut id="217_D101" time="22345.75" state="leave" vehID="Car_2930" speed="10.88" length="5.00" type="DEFAULT_CAR"/>
    <instantOut id="217_D101" time="22871.06" state="enter" vehID="Car_3015" speed="9.64" length="5.00" type="DEFAULT_CAR" gap="1134.09"/>
    <instantOut id="217_D101" time="22871.25" state="stay" vehID="Car_3015" speed="9.64" length="5.00" type="DEFAULT_CAR"/>
    <instantOut id="217_D101" time="22871.50" state="stay" vehID="Car_3015" speed="10.51" length="5.00" type="DEFAULT_CAR"/>
    <instantOut id="217_D101" time="22871.50" state="leave" vehID="Car_3015" speed="10.51" length="5.00" type="DEFAULT_CAR"/>
    <instantOut id="217_D101" time="23097.52" state="enter" vehID="Car_3048" speed="9.79" length="5.00" type="DEFAULT_CAR" gap="1360.55"/>
    <instantOut id="217_D101" time="23097.75" state="stay" vehID="Car_3048" speed="9.79" length="5.00" type="DEFAULT_CAR"/>
    <instantOut id="217_D101" time="23098.00" state="stay" vehID="Car_3048" speed="10.69" length="5.00" type="DEFAULT_CAR"/>
    <instantOut id="217_D101" time="23098.00" state="leave" vehID="Car_3048" speed="10.69" length="5.00" type="DEFAULT_CAR"/>
    <instantOut id="217_D101" time="23166.82" state="enter" vehID="Car_3060" speed="9.76" length="5.00" type="DEFAULT_CAR" gap="1429.85"/>
    <instantOut id="217_D101" time="23167.00" state="stay" vehID="Car_3060" speed="9.76" length="5.00" type="DEFAULT_CAR"/>
    <instantOut id="217_D101" time="23167.25" state="stay" vehID="Car_3060" speed="10.28" length="5.00" type="DEFAULT_CAR"/>
    <instantOut id="217_D101" time="23167.25" state="leave" vehID="Car_3060" speed="10.28" length="5.00" type="DEFAULT_CAR"/>
    <instantOut id="217_D101" time="23579.77" state="enter" vehID="Car_3124" speed="10.09" length="5.00" type="DEFAULT_CAR" gap="1842.80"/>
    <instantOut id="217_D101" time="23580.00" state="stay" vehID="Car_3124" speed="10.09" length="5.00" type="DEFAULT_CAR"/>
    <instantOut id="217_D101" time="23580.25" state="leave" vehID="Car_3124" speed="10.67" length="5.00" type="DEFAULT_CAR" occupancy="0.48"/>
    <instantOut id="217_D101" time="23801.77" state="enter" vehID="Car_3155" speed="9.97" length="5.00" type="DEFAULT_CAR" gap="221.52"/>
    <instantOut id="217_D101" time="23802.00" state="stay" vehID="Car_3155" speed="9.97" length="5.00" type="DEFAULT_CAR"/>
    <instantOut id="217_D101" time="23802.25" state="stay" vehID="Car_3155" speed="10.64" length="5.00" type="DEFAULT_CAR"/>
    <instantOut id="217_D101" time="23802.25" state="leave" vehID="Car_3155" speed="10.64" length="5.00" type="DEFAULT_CAR"/>
    <instantOut id="217_D101" time="24059.80" state="enter" vehID="Car_3187" speed="9.86" length="5.00" type="DEFAULT_CAR" gap="479.55"/>
    <instantOut id="217_D101" time="24060.00" state="stay" vehID="Car_3187" speed="9.86" length="5.00" type="DEFAULT_CAR"/>
    <instantOut id="217_D101" time="24060.25" state="stay" vehID="Car_3187" speed="10.34" length="5.00" type="DEFAULT_CAR"/>
    <instantOut id="217_D101" time="24060.25" state="leave" vehID="Car_3187" speed="10.34" length="5.00" type="DEFAULT_CAR"/>
    <instantOut id="217_D101" time="24251.79" state="enter" vehID="Car_3207" speed="9.81" length="5.00" type="DEFAULT_CAR" gap="671.54"/>
    <instantOut id="217_D101" time="24252.00" state="stay" vehID="Car_3207" speed="9.81" length="5.00" type="DEFAULT_CAR"/>
    <instantOut id="217_D101" time="24252.25" state="stay" vehID="Car_3207" speed="10.57" length="5.00" type="DEFAULT_CAR"/>
    <instantOut id="217_D101" time="24252.25" state="leave" vehID="Car_3207" speed="10.57" length="5.00" type="DEFAULT_CAR"/>
    <instantOut id="217_D101" time="24306.28" state="enter" vehID="Car_3214" speed="10.64" length="5.00" type="DEFAULT_CAR" gap="726.03"/>
    <instantOut id="217_D101" time="24306.50" state="stay" vehID="Car_3214" speed="10.64" length="5.00" type="DEFAULT_CAR"/>
    <instantOut id="217_D101" time="24306.73" state="leave" vehID="Car_3214" speed="11.18" length="5.00" type="DEFAULT_CAR" occupancy="0.46"/>
    <instantOut id="217_D101" time="24460.75" state="enter" vehID="Car_3234" speed="9.62" length="5.00" type="DEFAULT_CAR" gap="154.02"/>
    <instantOut id="217_D101" time="24460.75" state="stay" vehID="Car_3234" speed="9.62" length="5.00" type="DEFAULT_CAR"/>
    <instantOut id="217_D101" time="24461.00" state="stay" vehID="Car_3234" speed="10.27" length="5.00" type="DEFAULT_CAR"/>
    <instantOut id="217_D101" time="24461.22" state="leave" vehID="Car_3234" speed="11.12" length="5.00" type="DEFAULT_CAR" occupancy="0.47"/>
    <instantOut id="217_D101" time="24587.29" state="enter" vehID="Car_3252" speed="9.52" length="5.00" type="DEFAULT_CAR" gap="126.07"/>
    <instantOut id="217_D101" time="24587.50" state="stay" vehID="Car_3252" speed="9.52" length="5.00" type="DEFAULT_CAR"/>
    <instantOut id="217_D101" time="24587.75" state="stay" vehID="Car_3252" speed="9.56" length="5.00" type="DEFAULT_CAR"/>
    <instantOut id="217_D101" time="24587.75" state="leave" vehID="Car_3252" speed="9.56" length="5.00" type="DEFAULT_CAR"/>
    <instantOut id="217_D101" time="25197.06" state="enter" vehID="Car_3345" speed="9.72" length="5.00" type="DEFAULT_CAR" gap="735.85"/>
    <instantOut id="217_D101" time="25197.25" state="stay" vehID="Car_3345" speed="9.72" length="5.00" type="DEFAULT_CAR"/>
    <instantOut id="217_D101" time="25197.50" state="stay" vehID="Car_3345" speed="10.66" length="5.00" type="DEFAULT_CAR"/>
    <instantOut id="217_D101" time="25197.50" state="leave" vehID="Car_3345" speed="10.66" length="5.00" type="DEFAULT_CAR"/>
    <instantOut id="217_D101" time="25418.54" state="enter" vehID="Car_3387" speed="9.90" length="5.00" type="DEFAULT_CAR" gap="957.33"/>
    <instantOut id="217_D101" time="25418.75" state="stay" vehID="Car_3387" speed="9.90" length="5.00" type="DEFAULT_CAR"/>
    <instantOut id="217_D101" time="25419.00" state="stay" vehID="Car_3387" speed="10.69" length="5.00" type="DEFAULT_CAR"/>
    <instantOut id="217_D101" time="25419.00" state="leave" vehID="Car_3387" speed="10.69" length="5.00" type="DEFAULT_CAR"/>
    <instantOut id="217_D101" time="25702.03" state="enter" vehID="Car_3430" speed="9.83" length="5.00" type="DEFAULT_CAR" gap="1240.81"/>
    <instantOut id="217_D101" time="25702.25" state="stay" vehID="Car_3430" speed="9.83" length="5.00" type="DEFAULT_CAR"/>
    <instantOut id="217_D101" time="25702.50" state="stay" vehID="Car_3430" speed="10.46" length="5.00" type="DEFAULT_CAR"/>
    <instantOut id="217_D101" time="25702.50" state="leave" vehID="Car_3430" speed="10.46" length="5.00" type="DEFAULT_CAR"/>
    <instantOut id="217_D101" time="26081.03" state="enter" vehID="Car_3487" speed="8.95" length="5.00" type="DEFAULT_CAR" gap="1619.81"/>
    <instantOut id="217_D101" time="26081.25" state="stay" vehID="Car_3487" speed="8.95" length="5.00" type="DEFAULT_CAR"/>
    <instantOut id="217_D101" time="26081.50" state="stay" vehID="Car_3487" speed="8.99" length="5.00" type="DEFAULT_CAR"/>
    <instantOut id="217_D101" time="26081.50" state="leave" vehID="Car_3487" speed="8.99" length="5.00" type="DEFAULT_CAR"/>
    <instantOut id="217_D101" time="26189.78" state="enter" vehID="Car_3502" speed="9.64" length="5.00" type="DEFAULT_CAR" gap="1728.56"/>
    <instantOut id="217_D101" time="26190.00" state="stay" vehID="Car_3502" speed="9.64" length="5.00" type="DEFAULT_CAR"/>
    <instantOut id="217_D101" time="26190.25" state="stay" vehID="Car_3502" speed="10.45" length="5.00" type="DEFAULT_CAR"/>
    <instantOut id="217_D101" time="26190.25" state="leave" vehID="Car_3502" speed="10.45" length="5.00" type="DEFAULT_CAR"/>
    <instantOut id="217_D101" time="26224.08" state="enter" vehID="Car_3508" speed="8.84" length="5.00" type="DEFAULT_CAR" gap="1762.86"/>
    <instantOut id="217_D101" time="26224.25" state="stay" vehID="Car_3508" speed="8.84" length="5.00" type="DEFAULT_CAR"/>
    <instantOut id="217_D101" time="26224.50" state="stay" vehID="Car_3508" speed="9.25" length="5.00" type="DEFAULT_CAR"/>
    <instantOut id="217_D101" time="26224.50" state="leave" vehID="Car_3508" speed="9.25" length="5.00" type="DEFAULT_CAR"/>
    <instantOut id="217_D101" time="27298.27" state="enter" vehID="Car_3656" speed="9.69" length="5.00" type="DEFAULT_CAR" gap="2837.05"/>
    <instantOut id="217_D101" time="27298.50" state="stay" vehID="Car_3656" speed="9.69" length="5.00" type="DEFAULT_CAR"/>
    <instantOut id="217_D101" time="27298.75" state="stay" vehID="Car_3656" speed="10.20" length="5.00" type="DEFAULT_CAR"/>
    <instantOut id="217_D101" time="27298.75" state="leave" vehID="Car_3656" speed="10.20" length="5.00" type="DEFAULT_CAR"/>
    <instantOut id="217_D101" time="27522.82" state="enter" vehID="Car_3699" speed="9.99" length="5.00" type="DEFAULT_CAR" gap="3061.60"/>
    <instantOut id="217_D101" time="27523.00" state="stay" vehID="Car_3699" speed="9.99" length="5.00" type="DEFAULT_CAR"/>
    <instantOut id="217_D101" time="27523.25" state="stay" vehID="Car_3699" speed="10.73" length="5.00" type="DEFAULT_CAR"/>
    <instantOut id="217_D101" time="27523.25" state="leave" vehID="Car_3699" speed="10.73" length="5.00" type="DEFAULT_CAR"/>
    <instantOut id="217_D101" time="27813.80" state="enter" vehID="Car_3741" speed="9.22" length="5.00" type="DEFAULT_CAR" gap="3352.58"/>
    <instantOut id="217_D101" time="27814.00" state="stay" vehID="Car_3741" speed="9.22" length="5.00" type="DEFAULT_CAR"/>
    <instantOut id="217_D101" time="27814.25" state="stay" vehID="Car_3741" speed="10.02" length="5.00" type="DEFAULT_CAR"/>
    <instantOut id="217_D101" time="27814.25" state="leave" vehID="Car_3741" speed="10.02" length="5.00" type="DEFAULT_CAR"/>
    <instantOut id="217_D101" time="28166.77" state="enter" vehID="Car_3783" speed="10.49" length="5.00" type="DEFAULT_CAR" gap="3705.55"/>
    <instantOut id="217_D101" time="28167.00" state="stay" vehID="Car_3783" speed="10.49" length="5.00" type="DEFAULT_CAR"/>
    <instantOut id="217_D101" time="28167.23" state="leave" vehID="Car_3783" speed="11.15" length="5.00" type="DEFAULT_CAR" occupancy="0.46"/>
    <instantOut id="217_D101" time="28614.25" state="enter" vehID="Car_3849" speed="9.47" length="5.00" type="DEFAULT_CAR" gap="447.02"/>
    <instantOut id="217_D101" time="28614.25" state="stay" vehID="Car_3849" speed="9.47" length="5.00" type="DEFAULT_CAR"/>
    <instantOut id="217_D101" time="28614.50" state="stay" vehID="Car_3849" speed="10.28" length="5.00" type="DEFAULT_CAR"/>
    <instantOut id="217_D101" time="28614.72" state="leave" vehID="Car_3849" speed="11.15" length="5.00" type="DEFAULT_CAR" occupancy="0.47"/>
    <instantOut id="217_D101" time="28755.30" state="enter" vehID="Car_3866" speed="9.96" length="5.00" type="DEFAULT_CAR" gap="140.58"/>
    <instantOut id="217_D101" time="28755.50" state="stay" vehID="Car_3866" speed="9.96" length="5.00" type="DEFAULT_CAR"/>
    <instantOut id="217_D101" time="28755.75" state="stay" vehID="Car_3866" speed="10.45" length="5.00" type="DEFAULT_CAR"/>
    <instantOut id="217_D101" time="28755.75" state="leave" vehID="Car_3866" speed="10.45" length="5.00" type="DEFAULT_CAR"/>
    <instantOut id="217_D101" time="28824.79" state="enter" vehID="Car_3873" speed="10.12" length="5.00" type="DEFAULT_CAR" gap="210.08"/>
    <instantOut id="217_D101" time="28825.00" state="stay" vehID="Car_3873" speed="10.12" length="5.00" type="DEFAULT_CAR"/>
    <instantOut id="217_D101" time="28825.25" state="stay" vehID="Car_3873" speed="10.68" length="5.00" type="DEFAULT_CAR"/>
    <instantOut id="217_D101" time="28825.25" state="leave" vehID="Car_3873" speed="10.68" length="5.00" type="DEFAULT_CAR"/>
    <instantOut id="217_D101" time="28827.04" state="enter" vehID="Car_3875" speed="10.35" length="5.00" type="DEFAULT_CAR" gap="212.33"/>
    <instantOut id="217_D101" time="28827.25" state="stay" vehID="Car_3875" speed="10.35" length="5.00" type="DEFAULT_CAR"/>
    <instantOut id="217_D101" time="28827.50" state="stay" vehID="Car_3875" speed="11.02" length="5.00" type="DEFAULT_CAR"/>
    <instantOut id="217_D101" time="28827.50" state="leave" vehID="Car_3875" speed="11.02" length="5.00" type="DEFAULT_CAR"/>
    <instantOut id="217_D101" time="29059.51" state="enter" vehID="Car_3918" speed="9.74" length="5.00" type="DEFAULT_CAR" gap="444.79"/>
    <instantOut id="217_D101" time="29059.75" state="stay" vehID="Car_3918" speed="9.74" length="5.00" type="DEFAULT_CAR"/>
    <instantOut id="217_D101" time="29060.00" state="stay" vehID="Car_3918" speed="10.64" length="5.00" type="DEFAULT_CAR"/>
    <instantOut id="217_D101" time="29060.00" state="leave" vehID="Car_3918" speed="10.64" length="5.00" type="DEFAULT_CAR"/>
    <instantOut id="217_D101" time="29415.06" state="enter" vehID="Car_3969" speed="9.48" length="5.00" type="DEFAULT_CAR" gap="800.34"/>
    <instantOut id="217_D101" time="29415.25" state="stay" vehID="Car_3969" speed="9.48" length="5.00" type="DEFAULT_CAR"/>
    <instantOut id="217_D101" time="29415.50" state="stay" vehID="Car_3969" speed="10.02" length="5.00" type="DEFAULT_CAR"/>
    <instantOut id="217_D101" time="29415.50" state="leave" vehID="Car_3969" speed="10.02" length="5.00" type="DEFAULT_CAR"/>
    <instantOut id="217_D101" time="29430.28" state="enter" vehID="Car_3971" speed="10.40" length="5.00" type="DEFAULT_CAR" gap="815.56"/>
    <instantOut id="217_D101" time="29430.50" state="stay" vehID="Car_3971" speed="10.40" length="5.00" type="DEFAULT_CAR"/>
    <instantOut id="217_D101" time="29430.74" state="leave" vehID="Car_3971" speed="11.21" length="5.00" type="DEFAULT_CAR" occupancy="0.46"/>
    <instantOut id="217_D101" time="29688.03" state="enter" vehID="Car_4012" speed="9.42" length="5.00" type="DEFAULT_CAR" gap="257.30"/>
    <instantOut id="217_D101" time="29688.25" state="stay" vehID="Car_4012" speed="9.42" length="5.00" type="DEFAULT_CAR"/>
    <instantOut id="217_D101" time="29688.50" state="stay" vehID="Car_4012" speed="10.23" length="5.00" type="DEFAULT_CAR"/>
    <instantOut id="217_D101" time="29688.50" state="leave" vehID="Car_4012" speed="10.23" length="5.00" type="DEFAULT_CAR"/>
    <instantOut id="217_D101" time="29840.76" state="enter" vehID="Car_4032" speed="10.04" length="5.00" type="DEFAULT_CAR" gap="410.02"/>
    <instantOut id="217_D101" time="29841.00" state="stay" vehID="Car_4032" speed="10.04" length="5.00" type="DEFAULT_CAR"/>
    <instantOut id="217_D101" time="29841.23" state="leave" vehID="Car_4032" speed="10.98" length="5.00" type="DEFAULT_CAR" occupancy="0.48"/>
    <instantOut id="217_D101" time="30072.03" state="enter" vehID="Car_4067" speed="10.00" length="5.00" type="DEFAULT_CAR" gap="230.79"/>
    <instantOut id="217_D101" time="30072.25" state="stay" vehID="Car_4067" speed="10.00" length="5.00" type="DEFAULT_CAR"/>
    <instantOut id="217_D101" time="30072.50" state="stay" vehID="Car_4067" speed="10.55" length="5.00" type="DEFAULT_CAR"/>
    <instantOut id="217_D101" time="30072.50" state="leave" vehID="Car_4067" speed="10.55" length="5.00" type="DEFAULT_CAR"/>
    <instantOut id="217_D101" time="30371.31" state="enter" vehID="Car_4099" speed="9.57" length="5.00" type="DEFAULT_CAR" gap="530.08"/>
    <instantOut id="217_D101" time="30371.50" state="stay" vehID="Car_4099" speed="9.57" length="5.00" type="DEFAULT_CAR"/>
    <instantOut id="217_D101" time="30371.75" state="stay" vehID="Car_4099" speed="10.45" length="5.00" type="DEFAULT_CAR"/>
    <instantOut id="217_D101" time="30371.75" state="leave" vehID="Car_4099" speed="10.45" length="5.00" type="DEFAULT_CAR"/>
    <instantOut id="217_D101" time="30568.53" state="enter" vehID="Car_4129" speed="10.14" length="5.00" type="DEFAULT_CAR" gap="727.30"/>
    <instantOut id="217_D101" time="30568.75" state="stay" vehID="Car_4129" speed="10.14" length="5.00" type="DEFAULT_CAR"/>
    <instantOut id="217_D101" time="30569.00" state="stay" vehID="Car_4129" speed="9.83" length="5.00" type="DEFAULT_CAR"/>
    <instantOut id="217_D101" time="30569.00" state="leave" vehID="Car_4129" speed="9.83" length="5.00" type="DEFAULT_CAR"/>
    <instantOut id="217_D101" time="31137.31" state="enter" vehID="Car_4188" speed="9.25" length="5.00" type="DEFAULT_CAR" gap="1296.08"/>
    <instantOut id="217_D101" time="31137.50" state="stay" vehID="Car_4188" speed="9.25" length="5.00" type="DEFAULT_CAR"/>
    <instantOut id="217_D101" time="31137.75" state="stay" vehID="Car_4188" speed="9.92" length="5.00" type="DEFAULT_CAR"/>
    <instantOut id="217_D101" time="31137.75" state="leave" vehID="Car_4188" speed="9.92" length="5.00" type="DEFAULT_CAR"/>
    <instantOut id="217_D101" time="31241.29" state="enter" vehID="Car_4205" speed="9.56" length="5.00" type="DEFAULT_CAR" gap="1400.06"/>
    <instantOut id="217_D101" time="31241.50" state="stay" vehID="Car_4205" speed="9.56" length="5.00" type="DEFAULT_CAR"/>
    <instantOut id="217_D101" time="31241.75" state="stay" vehID="Car_4205" speed="10.05" length="5.00" type="DEFAULT_CAR"/>
    <instantOut id="217_D101" time="31241.75" state="leave" vehID="Car_4205" speed="10.05" length="5.00" type="DEFAULT_CAR"/>
    <instantOut id="217_D101" time="31701.54" state="enter" vehID="Car_4262" speed="8.94" length="5.00" type="DEFAULT_CAR" gap="1860.31"/>
    <instantOut id="217_D101" time="31701.75" state="stay" vehID="Car_4262" speed="8.94" length="5.00" type="DEFAULT_CAR"/>
    <instantOut id="217_D101" time="31702.00" state="stay" vehID="Car_4262" speed="9.72" length="5.00" type="DEFAULT_CAR"/>
    <instantOut id="217_D101" time="31702.00" state="leave" vehID="Car_4262" speed="9.72" length="5.00" type="DEFAULT_CAR"/>
    <instantOut id="217_D101" time="31954.78" state="enter" vehID="Car_4289" speed="9.57" length="5.00" type="DEFAULT_CAR" gap="2113.55"/>
    <instantOut id="217_D101" time="31955.00" state="stay" vehID="Car_4289" speed="9.57" length="5.00" type="DEFAULT_CAR"/>
    <instantOut id="217_D101" time="31955.25" state="stay" vehID="Car_4289" speed="10.51" length="5.00" type="DEFAULT_CAR"/>
    <instantOut id="217_D101" time="31955.25" state="leave" vehID="Car_4289" speed="10.51" length="5.00" type="DEFAULT_CAR"/>
    <instantOut id="217_D101" time="32030.31" state="enter" vehID="Car_4295" speed="10.02" length="5.00" type="DEFAULT_CAR" gap="2189.07"/>
    <instantOut id="217_D101" time="32030.50" state="stay" vehID="Car_4295" speed="10.02" length="5.00" type="DEFAULT_CAR"/>
    <instantOut id="217_D101" time="32030.75" state="stay" vehID="Car_4295" speed="10.83" length="5.00" type="DEFAULT_CAR"/>
    <instantOut id="217_D101" time="32030.75" state="leave" vehID="Car_4295" speed="10.83" length="5.00" type="DEFAULT_CAR"/>
    <instantOut id="217_D101" time="32294.56" state="enter" vehID="Car_4334" speed="10.04" length="5.00" type="DEFAULT_CAR" gap="2453.32"/>
    <instantOut id="217_D101" time="32294.75" state="stay" vehID="Car_4334" speed="10.04" length="5.00" type="DEFAULT_CAR"/>
    <instantOut id="217_D101" time="32295.00" state="stay" vehID="Car_4334" speed="10.78" length="5.00" type="DEFAULT_CAR"/>
    <instantOut id="217_D101" time="32295.00" state="leave" vehID="Car_4334" speed="10.78" length="5.00" type="DEFAULT_CAR"/>
    <instantOut id="217_D101" time="33092.03" state="enter" vehID="Car_4418" speed="9.77" length="5.00" type="DEFAULT_CAR" gap="3250.79"/>
    <instantOut id="217_D101" time="33092.25" state="stay" vehID="Car_4418" speed="9.77" length="5.00" type="DEFAULT_CAR"/>
    <instantOut id="217_D101" time="33092.50" state="stay" vehID="Car_4418" speed="9.66" length="5.00" type="DEFAULT_CAR"/>
    <instantOut id="217_D101" time="33092.50" state="leave" vehID="Car_4418" speed="9.66" length="5.00" type="DEFAULT_CAR"/>
    <instantOut id="217_D101" time="33192.77" state="enter" vehID="Car_4434" speed="10.04" length="5.00" type="DEFAULT_CAR" gap="3351.53"/>
    <instantOut id="217_D101" time="33193.00" state="stay" vehID="Car_4434" speed="10.04" length="5.00" type="DEFAULT_CAR"/>
    <instantOut id="217_D101" time="33193.25" state="leave" vehID="Car_4434" speed="10.77" length="5.00" type="DEFAULT_CAR" occupancy="0.48"/>
    <instantOut id="217_D101" time="33348.52" state="enter" vehID="Car_4445" speed="9.72" length="5.00" type="DEFAULT_CAR" gap="155.28"/>
    <instantOut id="217_D101" time="33348.75" state="stay" vehID="Car_4445" speed="9.72" length="5.00" type="DEFAULT_CAR"/>
    <instantOut id="217_D101" time="33349.00" state="stay" vehID="Car_4445" speed="10.47" length="5.00" type="DEFAULT_CAR"/>
    <instantOut id="217_D101" time="33349.00" state="leave" vehID="Car_4445" speed="10.47" length="5.00" type="DEFAULT_CAR"/>
    <instantOut id="217_D101" time="33521.29" state="enter" vehID="Car_4466" speed="9.50" length="5.00" type="DEFAULT_CAR" gap="328.05"/>
    <instantOut id="217_D101" time="33521.50" state="stay" vehID="Car_4466" speed="9.50" length="5.00" type="DEFAULT_CAR"/>
    <instantOut id="217_D101" time="33521.75" state="stay" vehID="Car_4466" speed="9.76" length="5.00" type="DEFAULT_CAR"/>
    <instantOut id="217_D101" time="33521.75" state="leave" vehID="Car_4466" speed="9.76" length="5.00" type="DEFAULT_CAR"/>
    <instantOut id="217_D101" time="34316.31" state="enter" vehID="Car_4551" speed="9.42" length="5.00" type="DEFAULT_CAR" gap="1123.06"/>
    <instantOut id="217_D101" time="34316.50" state="stay" vehID="Car_4551" speed="9.42" length="5.00" type="DEFAULT_CAR"/>
    <instantOut id="217_D101" time="34316.75" state="stay" vehID="Car_4551" speed="10.21" length="5.00" type="DEFAULT_CAR"/>
    <instantOut id="217_D101" time="34316.75" state="leave" vehID="Car_4551" speed="10.21" length="5.00" type="DEFAULT_CAR"/>
    <instantOut id="217_D101" time="34382.83" state="enter" vehID="Car_4558" speed="9.39" length="5.00" type="DEFAULT_CAR" gap="1189.58"/>
    <instantOut id="217_D101" time="34383.00" state="stay" vehID="Car_4558" speed="9.39" length="5.00" type="DEFAULT_CAR"/>
    <instantOut id="217_D101" time="34383.25" state="stay" vehID="Car_4558" speed="10.23" length="5.00" type="DEFAULT_CAR"/>
    <instantOut id="217_D101" time="34383.25" state="leave" vehID="Car_4558" speed="10.23" length="5.00" type="DEFAULT_CAR"/>
    <instantOut id="217_D101" time="34435.30" state="enter" vehID="Car_4566" speed="10.09" length="5.00" type="DEFAULT_CAR" gap="1242.05"/>
    <instantOut id="217_D101" time="34435.50" state="stay" vehID="Car_4566" speed="10.09" length="5.00" type="DEFAULT_CAR"/>
    <instantOut id="217_D101" time="34435.75" state="stay" vehID="Car_4566" speed="10.78" length="5.00" type="DEFAULT_CAR"/>
    <instantOut id="217_D101" time="34435.75" state="leave" vehID="Car_4566" speed="10.78" length="5.00" type="DEFAULT_CAR"/>
    <instantOut id="217_D101" time="34473.56" state="enter" vehID="Car_4570" speed="9.17" length="5.00" type="DEFAULT_CAR" gap="1280.31"/>
    <instantOut id="217_D101" time="34473.75" state="stay" vehID="Car_4570" speed="9.17" length="5.00" type="DEFAULT_CAR"/>
    <instantOut id="217_D101" time="34474.00" state="stay" vehID="Car_4570" speed="9.87" length="5.00" type="DEFAULT_CAR"/>
    <instantOut id="217_D101" time="34474.00" state="leave" vehID="Car_4570" speed="9.87" length="5.00" type="DEFAULT_CAR"/>
    <instantOut id="217_D101" time="34664.78" state="enter" vehID="Car_4593" speed="9.64" length="5.00" type="DEFAULT_CAR" gap="1471.53"/>
    <instantOut id="217_D101" time="34665.00" state="stay" vehID="Car_4593" speed="9.64" length="5.00" type="DEFAULT_CAR"/>
    <instantOut id="217_D101" time="34665.25" state="stay" vehID="Car_4593" speed="10.42" length="5.00" type="DEFAULT_CAR"/>
    <instantOut id="217_D101" time="34665.25" state="leave" vehID="Car_4593" speed="10.42" length="5.00" type="DEFAULT_CAR"/>
    <instantOut id="217_D101" time="34907.79" state="enter" vehID="Car_4615" speed="10.03" length="5.00" type="DEFAULT_CAR" gap="1714.54"/>
    <instantOut id="217_D101" time="34908.00" state="stay" vehID="Car_4615" speed="10.03" length="5.00" type="DEFAULT_CAR"/>
    <instantOut id="217_D101" time="34908.25" state="stay" vehID="Car_4615" speed="10.68" length="5.00" type="DEFAULT_CAR"/>
    <instantOut id="217_D101" time="34908.25" state="leave" vehID="Car_4615" speed="10.68" length="5.00" type="DEFAULT_CAR"/>
    <instantOut id="217_D101" time="35797.53" state="enter" vehID="Car_4686" speed="10.34" length="5.00" type="DEFAULT_CAR" gap="2604.29"/>
    <instantOut id="217_D101" time="35797.75" state="stay" vehID="Car_4686" speed="10.34" length="5.00" type="DEFAULT_CAR"/>
    <instantOut id="217_D101" time="35798.00" state="stay" vehID="Car_4686" speed="11.03" length="5.00" type="DEFAULT_CAR"/>
    <instantOut id="217_D101" time="35798.00" state="leave" vehID="Car_4686" speed="11.03" length="5.00" type="DEFAULT_CAR"/>
    <instantOut id="217_D101" time="36019.56" state="enter" vehID="Car_4706" speed="10.10" length="5.00" type="DEFAULT_CAR" gap="2826.31"/>
    <instantOut id="217_D101" time="36019.75" state="stay" vehID="Car_4706" speed="10.10" length="5.00" type="DEFAULT_CAR"/>
    <instantOut id="217_D101" time="36020.00" state="stay" vehID="Car_4706" speed="10.58" length="5.00" type="DEFAULT_CAR"/>
    <instantOut id="217_D101" time="36020.00" state="leave" vehID="Car_4706" speed="10.58" length="5.00" type="DEFAULT_CAR"/>
    <instantOut id="217_D101" time="36991.79" state="enter" vehID="Car_4798" speed="10.07" length="5.00" type="DEFAULT_CAR" gap="3798.54"/>
    <instantOut id="217_D101" time="36992.00" state="stay" vehID="Car_4798" speed="10.07" length="5.00" type="DEFAULT_CAR"/>
    <instantOut id="217_D101" time="36992.25" state="stay" vehID="Car_4798" speed="10.55" length="5.00" type="DEFAULT_CAR"/>
    <instantOut id="217_D101" time="36992.25" state="leave" vehID="Car_4798" speed="10.55" length="5.00" type="DEFAULT_CAR"/>
    <instantOut id="217_D101" time="36995.03" state="enter" vehID="Car_4800" speed="9.72" length="5.00" type="DEFAULT_CAR" gap="3801.79"/>
    <instantOut id="217_D101" time="36995.25" state="stay" vehID="Car_4800" speed="9.72" length="5.00" type="DEFAULT_CAR"/>
    <instantOut id="217_D101" time="36995.50" state="stay" vehID="Car_4800" speed="10.58" length="5.00" type="DEFAULT_CAR"/>
    <instantOut id="217_D101" time="36995.50" state="leave" vehID="Car_4800" speed="10.58" length="5.00" type="DEFAULT_CAR"/>
    <instantOut id="217_D101" time="37770.56" state="enter" vehID="Car_4849" speed="9.90" length="5.00" type="DEFAULT_CAR" gap="4577.31"/>
    <instantOut id="217_D101" time="37770.75" state="stay" vehID="Car_4849" speed="9.90" length="5.00" type="DEFAULT_CAR"/>
    <instantOut id="217_D101" time="37771.00" state="stay" vehID="Car_4849" speed="10.69" length="5.00" type="DEFAULT_CAR"/>
    <instantOut id="217_D101" time="37771.00" state="leave" vehID="Car_4849" speed="10.69" length="5.00" type="DEFAULT_CAR"/>
    <instantOut id="217_D101" time="37898.79" state="enter" vehID="Car_4852" speed="8.45" length="5.00" type="DEFAULT_CAR" gap="4705.54"/>
    <instantOut id="217_D101" time="37899.00" state="stay" vehID="Car_4852" speed="8.45" length="5.00" type="DEFAULT_CAR"/>
    <instantOut id="217_D101" time="37899.25" state="stay" vehID="Car_4852" speed="8.30" length="5.00" type="DEFAULT_CAR"/>
    <instantOut id="217_D101" time="37899.25" state="leave" vehID="Car_4852" speed="8.30" length="5.00" type="DEFAULT_CAR"/>
    <instantOut id="217_D101" time="37930.05" state="enter" vehID="Car_4853" speed="5.35" length="5.00" type="DEFAULT_CAR" gap="4736.80"/>
    <instantOut id="217_D101" time="37930.25" state="stay" vehID="Car_4853" speed="5.35" length="5.00" type="DEFAULT_CAR"/>
    <instantOut id="217_D101" time="37930.50" state="stay" vehID="Car_4853" speed="5.35" length="5.00" type="DEFAULT_CAR"/>
    <instantOut id="217_D101" time="37930.75" state="stay" vehID="Car_4853" speed="5.07" length="5.00" type="DEFAULT_CAR"/>
    <instantOut id="217_D101" time="37930.75" state="leave" vehID="Car_4853" speed="5.07" length="5.00" type="DEFAULT_CAR"/>
    <instantOut id="217_D101" time="39129.33" state="enter" vehID="Car_4911" speed="9.72" length="5.00" type="DEFAULT_CAR" gap="5936.08"/>
    <instantOut id="217_D101" time="39129.50" state="stay" vehID="Car_4911" speed="9.72" length="5.00" type="DEFAULT_CAR"/>
    <instantOut id="217_D101" time="39129.75" state="stay" vehID="Car_4911" speed="10.62" length="5.00" type="DEFAULT_CAR"/>
    <instantOut id="217_D101" time="39129.75" state="leave" vehID="Car_4911" speed="10.62" length="5.00" type="DEFAULT_CAR"/>
    <instantOut id="217_D101" time="39873.78" state="enter" vehID="Car_4938" speed="9.96" length="5.00" type="DEFAULT_CAR" gap="6680.53"/>
    <instantOut id="217_D101" time="39874.00" state="stay" vehID="Car_4938" speed="9.96" length="5.00" type="DEFAULT_CAR"/>
    <instantOut id="217_D101" time="39874.25" state="stay" vehID="Car_4938" speed="10.55" length="5.00" type="DEFAULT_CAR"/>
    <instantOut id="217_D101" time="39874.25" state="leave" vehID="Car_4938" speed="10.55" length="5.00" type="DEFAULT_CAR"/>
    <instantOut id="217_D101" time="40118.90" state="enter" vehID="Car_4945" speed="5.19" length="5.00" type="DEFAULT_CAR" gap="6925.65"/>
    <instantOut id="217_D101" time="40119.00" state="stay" vehID="Car_4945" speed="5.19" length="5.00" type="DEFAULT_CAR"/>
    <instantOut id="217_D101" time="40119.25" state="stay" vehID="Car_4945" speed="4.96" length="5.00" type="DEFAULT_CAR"/>
    <instantOut id="217_D101" time="40119.50" state="stay" vehID="Car_4945" speed="4.95" length="5.00" type="DEFAULT_CAR"/>
    <instantOut id="217_D101" time="40119.50" state="leave" vehID="Car_4945" speed="4.95" length="5.00" type="DEFAULT_CAR"/>
    <instantOut id="217_D101" time="40120.51" state="enter" vehID="Car_4947" speed="9.37" length="5.00" type="DEFAULT_CAR" gap="6927.26"/>
    <instantOut id="217_D101" time="40120.75" state="stay" vehID="Car_4947" speed="9.37" length="5.00" type="DEFAULT_CAR"/>
    <instantOut id="217_D101" time="40121.00" state="stay" vehID="Car_4947" speed="9.87" length="5.00" type="DEFAULT_CAR"/>
    <instantOut id="217_D101" time="40121.00" state="leave" vehID="Car_4947" speed="9.87" length="5.00" type="DEFAULT_CAR"/>
    <instantOut id="217_D101" time="40237.78" state="enter" vehID="Car_4956" speed="9.39" length="5.00" type="DEFAULT_CAR" gap="7044.53"/>
    <instantOut id="217_D101" time="40238.00" state="stay" vehID="Car_4956" speed="9.39" length="5.00" type="DEFAULT_CAR"/>
    <instantOut id="217_D101" time="40238.25" state="stay" vehID="Car_4956" speed="9.91" length="5.00" type="DEFAULT_CAR"/>
    <instantOut id="217_D101" time="40238.25" state="leave" vehID="Car_4956" speed="9.91" length="5.00" type="DEFAULT_CAR"/>
    <instantOut id="217_D101" time="41119.79" state="enter" vehID="Car_4999" speed="10.62" length="5.00" type="DEFAULT_CAR" gap="7926.55"/>
    <instantOut id="217_D101" time="41120.00" state="stay" vehID="Car_4999" speed="10.62" length="5.00" type="DEFAULT_CAR"/>
    <instantOut id="217_D101" time="41120.25" state="leave" vehID="Car_4999" speed="11.41" length="5.00" type="DEFAULT_CAR" occupancy="0.45"/>
    <instantOut id="217_D101" time="41309.79" state="enter" vehID="Car_5009" speed="9.84" length="5.00" type="DEFAULT_CAR" gap="189.54"/>
    <instantOut id="217_D101" time="41310.00" state="stay" vehID="Car_5009" speed="9.84" length="5.00" type="DEFAULT_CAR"/>
    <instantOut id="217_D101" time="41310.25" state="stay" vehID="Car_5009" speed="10.64" length="5.00" type="DEFAULT_CAR"/>
    <instantOut id="217_D101" time="41310.25" state="leave" vehID="Car_5009" speed="10.64" length="5.00" type="DEFAULT_CAR"/>
    <instantOut id="217_D101" time="42313.04" state="enter" vehID="Car_5045" speed="9.70" length="5.00" type="DEFAULT_CAR" gap="1192.79"/>
    <instantOut id="217_D101" time="42313.25" state="stay" vehID="Car_5045" speed="9.70" length="5.00" type="DEFAULT_CAR"/>
    <instantOut id="217_D101" time="42313.50" state="stay" vehID="Car_5045" speed="9.69" length="5.00" type="DEFAULT_CAR"/>
    <instantOut id="217_D101" time="42313.50" state="leave" vehID="Car_5045" speed="9.69" length="5.00" type="DEFAULT_CAR"/>
    <instantOut id="217_D101" time="42384.78" state="enter" vehID="Car_5050" speed="10.06" length="5.00" type="DEFAULT_CAR" gap="1264.54"/>
    <instantOut id="217_D101" time="42385.00" state="stay" vehID="Car_5050" speed="10.06" length="5.00" type="DEFAULT_CAR"/>
    <instantOut id="217_D101" time="42385.25" state="stay" vehID="Car_5050" speed="10.78" length="5.00" type="DEFAULT_CAR"/>
    <instantOut id="217_D101" time="42385.25" state="leave" vehID="Car_5050" speed="10.78" length="5.00" type="DEFAULT_CAR"/>
    <instantOut id="217_D101" time="43194.55" state="enter" vehID="Car_5096" speed="9.75" length="5.00" type="DEFAULT_CAR" gap="2074.31"/>
    <instantOut id="217_D101" time="43194.75" state="stay" vehID="Car_5096" speed="9.75" length="5.00" type="DEFAULT_CAR"/>
    <instantOut id="217_D101" time="43195.00" state="stay" vehID="Car_5096" speed="10.23" length="5.00" type="DEFAULT_CAR"/>
    <instantOut id="217_D101" time="43195.00" state="leave" vehID="Car_5096" speed="10.23" length="5.00" type="DEFAULT_CAR"/>
    <instantOut id="217_D101" time="43805.07" state="enter" vehID="Car_5121" speed="8.19" length="5.00" type="DEFAULT_CAR" gap="2684.83"/>
    <instantOut id="217_D101" time="43805.25" state="stay" vehID="Car_5121" speed="8.19" length="5.00" type="DEFAULT_CAR"/>
    <instantOut id="217_D101" time="43805.50" state="stay" vehID="Car_5121" speed="8.44" length="5.00" type="DEFAULT_CAR"/>
    <instantOut id="217_D101" time="43805.50" state="leave" vehID="Car_5121" speed="8.44" length="5.00" type="DEFAULT_CAR"/>
    <instantOut id="217_D101" time="43945.51" state="enter" vehID="Car_5127" speed="9.57" length="5.00" type="DEFAULT_CAR" gap="2825.26"/>
    <instantOut id="217_D101" time="43945.75" state="stay" vehID="Car_5127" speed="9.57" length="5.00" type="DEFAULT_CAR"/>
    <instantOut id="217_D101" time="43946.00" state="stay" vehID="Car_5127" speed="10.22" length="5.00" type="DEFAULT_CAR"/>
    <instantOut id="217_D101" time="43946.00" state="leave" vehID="Car_5127" speed="10.22" length="5.00" type="DEFAULT_CAR"/>
    <instantOut id="217_D101" time="44020.54" state="enter" vehID="Car_5130" speed="9.67" length="5.00" type="DEFAULT_CAR" gap="2900.29"/>
    <instantOut id="217_D101" time="44020.75" state="stay" vehID="Car_5130" speed="9.67" length="5.00" type="DEFAULT_CAR"/>
    <instantOut id="217_D101" time="44021.00" state="stay" vehID="Car_5130" speed="10.44" length="5.00" type="DEFAULT_CAR"/>
    <instantOut id="217_D101" time="44021.00" state="leave" vehID="Car_5130" speed="10.44" length="5.00" type="DEFAULT_CAR"/>
</instantE1>
