<?xml version="1.0" encoding="UTF-8"?>

<!-- generated on 2025-02-28 19:24:07 by Eclipse SUMO GUI Version 1.19.0
<configuration xmlns:xsi="http://www.w3.org/2001/XMLSchema-instance" xsi:noNamespaceSchemaLocation="http://sumo.dlr.de/xsd/sumoConfiguration.xsd">

    <input>
        <net-file value="Network.net.xml"/>
        <route-files value="CarRoutes.rou.xml"/>
        <additional-files value="Sensors.add.xml"/>
    </input>

    <output>
        <emission-output value="logs/Emissions.xml"/>
        <summary-output value="logs/Log_summary.xml"/>
        <summary-output.period value="300"/>
        <tripinfo-output value="logs/TripInfos.xml"/>
    </output>

    <time>
        <begin value="0"/>
        <end value="86400"/>
        <step-length value="0.25"/>
    </time>

    <processing>
        <ignore-junction-blocker value="0.1"/>
        <time-to-teleport value="-1"/>
    </processing>

    <report>
        <verbose value="true"/>
        <no-step-log value="true"/>
    </report>

    <emissions>
        <device.emissions.period value="10"/>
    </emissions>

    <traci_server>
        <remote-port value="59374"/>
    </traci_server>

    <gui_only>
        <quit-on-end value="true"/>
        <start value="true"/>
    </gui_only>

</configuration>
-->

<instantE1 xmlns:xsi="http://www.w3.org/2001/XMLSchema-instance" xsi:noNamespaceSchemaLocation="http://sumo.dlr.de/xsd/instant_e1_file.xsd">
    <instantOut id="235_D025" time="166.69" state="enter" vehID="Car_701" speed="9.97" length="5.00" type="DEFAULT_CAR"/>
    <instantOut id="235_D025" time="166.75" state="stay" vehID="Car_701" speed="9.97" length="5.00" type="DEFAULT_CAR"/>
    <instantOut id="235_D025" time="167.00" state="stay" vehID="Car_701" speed="9.22" length="5.00" type="DEFAULT_CAR"/>
    <instantOut id="235_D025" time="167.25" state="leave" vehID="Car_701" speed="8.47" length="5.00" type="DEFAULT_CAR" occupancy="0.56"/>
    <instantOut id="235_D025" time="4914.74" state="enter" vehID="Car_2038" speed="8.61" length="5.00" type="DEFAULT_CAR" gap="4747.49"/>
    <instantOut id="235_D025" time="4914.75" state="stay" vehID="Car_2038" speed="8.61" length="5.00" type="DEFAULT_CAR"/>
    <instantOut id="235_D025" time="4915.00" state="stay" vehID="Car_2038" speed="8.02" length="5.00" type="DEFAULT_CAR"/>
    <instantOut id="235_D025" time="4915.25" state="stay" vehID="Car_2038" speed="7.27" length="5.00" type="DEFAULT_CAR"/>
    <instantOut id="235_D025" time="4915.41" state="leave" vehID="Car_2038" speed="6.52" length="5.00" type="DEFAULT_CAR" occupancy="0.68"/>
    <instantOut id="235_D025" time="5035.46" state="enter" vehID="Car_2432" speed="9.97" length="5.00" type="DEFAULT_CAR" gap="120.05"/>
    <instantOut id="235_D025" time="5035.50" state="stay" vehID="Car_2432" speed="9.97" length="5.00" type="DEFAULT_CAR"/>
    <instantOut id="235_D025" time="5035.75" state="stay" vehID="Car_2432" speed="9.22" length="5.00" type="DEFAULT_CAR"/>
    <instantOut id="235_D025" time="5036.00" state="stay" vehID="Car_2432" speed="8.47" length="5.00" type="DEFAULT_CAR"/>
    <instantOut id="235_D025" time="5036.02" state="leave" vehID="Car_2432" speed="7.72" length="5.00" type="DEFAULT_CAR" occupancy="0.56"/>
    <instantOut id="235_D025" time="5483.25" state="enter" vehID="Car_2102" speed="9.23" length="5.00" type="DEFAULT_CAR" gap="447.23"/>
    <instantOut id="235_D025" time="5483.50" state="stay" vehID="Car_2102" speed="9.23" length="5.00" type="DEFAULT_CAR"/>
    <instantOut id="235_D025" time="5483.75" state="stay" vehID="Car_2102" speed="8.48" length="5.00" type="DEFAULT_CAR"/>
    <instantOut id="235_D025" time="5483.83" state="leave" vehID="Car_2102" speed="7.73" length="5.00" type="DEFAULT_CAR" occupancy="0.57"/>
    <instantOut id="235_D025" time="5759.74" state="enter" vehID="Car_2434" speed="9.37" length="5.00" type="DEFAULT_CAR" gap="275.92"/>
    <instantOut id="235_D025" time="5759.75" state="stay" vehID="Car_2434" speed="9.37" length="5.00" type="DEFAULT_CAR"/>
    <instantOut id="235_D025" time="5760.00" state="stay" vehID="Car_2434" speed="8.62" length="5.00" type="DEFAULT_CAR"/>
    <instantOut id="235_D025" time="5760.25" state="stay" vehID="Car_2434" speed="7.87" length="5.00" type="DEFAULT_CAR"/>
    <instantOut id="235_D025" time="5760.37" state="leave" vehID="Car_2434" speed="7.12" length="5.00" type="DEFAULT_CAR" occupancy="0.62"/>
    <instantOut id="235_D025" time="5993.95" state="enter" vehID="Car_2403" speed="10.08" length="5.00" type="DEFAULT_CAR" gap="233.59"/>
    <instantOut id="235_D025" time="5994.00" state="stay" vehID="Car_2403" speed="10.08" length="5.00" type="DEFAULT_CAR"/>
    <instantOut id="235_D025" time="5994.25" state="stay" vehID="Car_2403" speed="10.57" length="5.00" type="DEFAULT_CAR"/>
    <instantOut id="235_D025" time="5994.42" state="leave" vehID="Car_2403" speed="11.13" length="5.00" type="DEFAULT_CAR" occupancy="0.47"/>
    <instantOut id="235_D025" time="7314.41" state="enter" vehID="Car_4444" speed="7.50" length="5.00" type="DEFAULT_CAR" gap="1319.99"/>
    <instantOut id="235_D025" time="7314.50" state="stay" vehID="Car_4444" speed="7.50" length="5.00" type="DEFAULT_CAR"/>
    <instantOut id="235_D025" time="7314.75" state="stay" vehID="Car_4444" speed="6.75" length="5.00" type="DEFAULT_CAR"/>
    <instantOut id="235_D025" time="7315.00" state="stay" vehID="Car_4444" speed="6.00" length="5.00" type="DEFAULT_CAR"/>
    <instantOut id="235_D025" time="7315.21" state="leave" vehID="Car_4444" speed="5.25" length="5.00" type="DEFAULT_CAR" occupancy="0.81"/>
    <instantOut id="235_D025" time="7750.38" state="enter" vehID="Car_3978" speed="9.82" length="5.00" type="DEFAULT_CAR" gap="435.16"/>
    <instantOut id="235_D025" time="7750.50" state="stay" vehID="Car_3978" speed="9.82" length="5.00" type="DEFAULT_CAR"/>
    <instantOut id="235_D025" time="7750.75" state="stay" vehID="Car_3978" speed="9.07" length="5.00" type="DEFAULT_CAR"/>
    <instantOut id="235_D025" time="7750.93" state="leave" vehID="Car_3978" speed="8.32" length="5.00" type="DEFAULT_CAR" occupancy="0.56"/>
    <instantOut id="235_D025" time="10307.71" state="enter" vehID="Car_6516" speed="9.56" length="5.00" type="DEFAULT_CAR" gap="2556.78"/>
    <instantOut id="235_D025" time="10307.75" state="stay" vehID="Car_6516" speed="9.56" length="5.00" type="DEFAULT_CAR"/>
    <instantOut id="235_D025" time="10308.00" state="stay" vehID="Car_6516" speed="9.46" length="5.00" type="DEFAULT_CAR"/>
    <instantOut id="235_D025" time="10308.25" state="stay" vehID="Car_6516" speed="8.78" length="5.00" type="DEFAULT_CAR"/>
    <instantOut id="235_D025" time="10308.26" state="leave" vehID="Car_6516" speed="8.22" length="5.00" type="DEFAULT_CAR" occupancy="0.55"/>
    <instantOut id="235_D025" time="10703.42" state="enter" vehID="Car_7124" speed="10.21" length="5.00" type="DEFAULT_CAR" gap="395.16"/>
    <instantOut id="235_D025" time="10703.50" state="stay" vehID="Car_7124" speed="10.21" length="5.00" type="DEFAULT_CAR"/>
    <instantOut id="235_D025" time="10703.75" state="stay" vehID="Car_7124" speed="9.46" length="5.00" type="DEFAULT_CAR"/>
    <instantOut id="235_D025" time="10703.96" state="leave" vehID="Car_7124" speed="8.71" length="5.00" type="DEFAULT_CAR" occupancy="0.54"/>
    <instantOut id="235_D025" time="12410.74" state="enter" vehID="Car_5954" speed="9.03" length="5.00" type="DEFAULT_CAR" gap="1706.77"/>
    <instantOut id="235_D025" time="12410.75" state="stay" vehID="Car_5954" speed="9.03" length="5.00" type="DEFAULT_CAR"/>
    <instantOut id="235_D025" time="12411.00" state="stay" vehID="Car_5954" speed="8.57" length="5.00" type="DEFAULT_CAR"/>
    <instantOut id="235_D025" time="12411.25" state="stay" vehID="Car_5954" speed="7.82" length="5.00" type="DEFAULT_CAR"/>
    <instantOut id="235_D025" time="12411.36" state="leave" vehID="Car_5954" speed="7.07" length="5.00" type="DEFAULT_CAR" occupancy="0.62"/>
    <instantOut id="235_D025" time="15491.51" state="enter" vehID="Car_9168" speed="8.38" length="5.00" type="DEFAULT_CAR" gap="3080.15"/>
    <instantOut id="235_D025" time="15491.75" state="stay" vehID="Car_9168" speed="8.38" length="5.00" type="DEFAULT_CAR"/>
    <instantOut id="235_D025" time="15492.00" state="stay" vehID="Car_9168" speed="7.63" length="5.00" type="DEFAULT_CAR"/>
    <instantOut id="235_D025" time="15492.15" state="leave" vehID="Car_9168" speed="7.20" length="5.00" type="DEFAULT_CAR" occupancy="0.64"/>
    <instantOut id="235_D025" time="17246.95" state="enter" vehID="Car_9837" speed="10.21" length="5.00" type="DEFAULT_CAR" gap="1754.80"/>
    <instantOut id="235_D025" time="17247.00" state="stay" vehID="Car_9837" speed="10.21" length="5.00" type="DEFAULT_CAR"/>
    <instantOut id="235_D025" time="17247.25" state="stay" vehID="Car_9837" speed="9.46" length="5.00" type="DEFAULT_CAR"/>
    <instantOut id="235_D025" time="17247.49" state="leave" vehID="Car_9837" speed="8.71" length="5.00" type="DEFAULT_CAR" occupancy="0.54"/>
    <instantOut id="235_D025" time="20630.69" state="enter" vehID="Car_12609" speed="10.12" length="5.00" type="DEFAULT_CAR" gap="3383.20"/>
    <instantOut id="235_D025" time="20630.75" state="stay" vehID="Car_12609" speed="10.12" length="5.00" type="DEFAULT_CAR"/>
    <instantOut id="235_D025" time="20631.00" state="stay" vehID="Car_12609" speed="11.01" length="5.00" type="DEFAULT_CAR"/>
    <instantOut id="235_D025" time="20631.14" state="leave" vehID="Car_12609" speed="11.75" length="5.00" type="DEFAULT_CAR" occupancy="0.45"/>
    <instantOut id="235_D025" time="20767.69" state="enter" vehID="Car_11956" speed="9.78" length="5.00" type="DEFAULT_CAR" gap="136.55"/>
    <instantOut id="235_D025" time="20767.75" state="stay" vehID="Car_11956" speed="9.78" length="5.00" type="DEFAULT_CAR"/>
    <instantOut id="235_D025" time="20768.00" state="stay" vehID="Car_11956" speed="9.58" length="5.00" type="DEFAULT_CAR"/>
    <instantOut id="235_D025" time="20768.23" state="leave" vehID="Car_11956" speed="8.83" length="5.00" type="DEFAULT_CAR" occupancy="0.54"/>
    <instantOut id="235_D025" time="21267.49" state="enter" vehID="Car_12842" speed="8.60" length="5.00" type="DEFAULT_CAR" gap="499.25"/>
    <instantOut id="235_D025" time="21267.50" state="stay" vehID="Car_12842" speed="8.60" length="5.00" type="DEFAULT_CAR"/>
    <instantOut id="235_D025" time="21267.75" state="stay" vehID="Car_12842" speed="8.31" length="5.00" type="DEFAULT_CAR"/>
    <instantOut id="235_D025" time="21268.00" state="stay" vehID="Car_12842" speed="7.56" length="5.00" type="DEFAULT_CAR"/>
    <instantOut id="235_D025" time="21268.13" state="leave" vehID="Car_12842" speed="6.82" length="5.00" type="DEFAULT_CAR" occupancy="0.65"/>
    <instantOut id="235_D025" time="21397.71" state="enter" vehID="Car_12474" speed="9.73" length="5.00" type="DEFAULT_CAR" gap="129.58"/>
    <instantOut id="235_D025" time="21397.75" state="stay" vehID="Car_12474" speed="9.73" length="5.00" type="DEFAULT_CAR"/>
    <instantOut id="235_D025" time="21398.00" state="stay" vehID="Car_12474" speed="9.81" length="5.00" type="DEFAULT_CAR"/>
    <instantOut id="235_D025" time="21398.24" state="leave" vehID="Car_12474" speed="9.06" length="5.00" type="DEFAULT_CAR" occupancy="0.53"/>
    <instantOut id="235_D025" time="21801.68" state="enter" vehID="Car_12600" speed="9.41" length="5.00" type="DEFAULT_CAR" gap="403.44"/>
    <instantOut id="235_D025" time="21801.75" state="stay" vehID="Car_12600" speed="9.41" length="5.00" type="DEFAULT_CAR"/>
    <instantOut id="235_D025" time="21802.00" state="stay" vehID="Car_12600" speed="8.69" length="5.00" type="DEFAULT_CAR"/>
    <instantOut id="235_D025" time="21802.25" state="stay" vehID="Car_12600" speed="8.09" length="5.00" type="DEFAULT_CAR"/>
    <instantOut id="235_D025" time="21802.27" state="leave" vehID="Car_12600" speed="7.34" length="5.00" type="DEFAULT_CAR" occupancy="0.59"/>
    <instantOut id="235_D025" time="21869.77" state="enter" vehID="Car_12599" speed="8.63" length="5.00" type="DEFAULT_CAR" gap="67.51"/>
    <instantOut id="235_D025" time="21870.00" state="stay" vehID="Car_12599" speed="8.63" length="5.00" type="DEFAULT_CAR"/>
    <instantOut id="235_D025" time="21870.25" state="stay" vehID="Car_12599" speed="7.88" length="5.00" type="DEFAULT_CAR"/>
    <instantOut id="235_D025" time="21870.40" state="leave" vehID="Car_12599" speed="7.18" length="5.00" type="DEFAULT_CAR" occupancy="0.63"/>
    <instantOut id="235_D025" time="22065.98" state="enter" vehID="Car_12592" speed="6.81" length="5.00" type="DEFAULT_CAR" gap="195.58"/>
    <instantOut id="235_D025" time="22066.00" state="stay" vehID="Car_12592" speed="6.81" length="5.00" type="DEFAULT_CAR"/>
    <instantOut id="235_D025" time="22066.25" state="stay" vehID="Car_12592" speed="7.65" length="5.00" type="DEFAULT_CAR"/>
    <instantOut id="235_D025" time="22066.50" state="stay" vehID="Car_12592" speed="7.29" length="5.00" type="DEFAULT_CAR"/>
    <instantOut id="235_D025" time="22066.67" state="leave" vehID="Car_12592" speed="6.72" length="5.00" type="DEFAULT_CAR" occupancy="0.69"/>
    <instantOut id="235_D025" time="22329.26" state="enter" vehID="Car_12597" speed="8.62" length="5.00" type="DEFAULT_CAR" gap="262.59"/>
    <instantOut id="235_D025" time="22329.50" state="stay" vehID="Car_12597" speed="8.62" length="5.00" type="DEFAULT_CAR"/>
    <instantOut id="235_D025" time="22329.75" state="stay" vehID="Car_12597" speed="7.87" length="5.00" type="DEFAULT_CAR"/>
    <instantOut id="235_D025" time="22329.88" state="leave" vehID="Car_12597" speed="7.37" length="5.00" type="DEFAULT_CAR" occupancy="0.62"/>
    <instantOut id="235_D025" time="22544.73" state="enter" vehID="Car_12590" speed="8.80" length="5.00" type="DEFAULT_CAR" gap="214.86"/>
    <instantOut id="235_D025" time="22544.75" state="stay" vehID="Car_12590" speed="8.80" length="5.00" type="DEFAULT_CAR"/>
    <instantOut id="235_D025" time="22545.00" state="stay" vehID="Car_12590" speed="8.19" length="5.00" type="DEFAULT_CAR"/>
    <instantOut id="235_D025" time="22545.25" state="stay" vehID="Car_12590" speed="7.53" length="5.00" type="DEFAULT_CAR"/>
    <instantOut id="235_D025" time="22545.39" state="leave" vehID="Car_12590" speed="6.78" length="5.00" type="DEFAULT_CAR" occupancy="0.65"/>
    <instantOut id="235_D025" time="24088.21" state="enter" vehID="Car_11822" speed="9.86" length="5.00" type="DEFAULT_CAR" gap="1542.82"/>
    <instantOut id="235_D025" time="24088.25" state="stay" vehID="Car_11822" speed="9.86" length="5.00" type="DEFAULT_CAR"/>
    <instantOut id="235_D025" time="24088.50" state="stay" vehID="Car_11822" speed="9.72" length="5.00" type="DEFAULT_CAR"/>
    <instantOut id="235_D025" time="24088.74" state="leave" vehID="Car_11822" speed="9.13" length="5.00" type="DEFAULT_CAR" occupancy="0.53"/>
    <instantOut id="235_D025" time="27693.24" state="enter" vehID="Car_16133" speed="8.65" length="5.00" type="DEFAULT_CAR" gap="3604.51"/>
    <instantOut id="235_D025" time="27693.25" state="stay" vehID="Car_16133" speed="8.65" length="5.00" type="DEFAULT_CAR"/>
    <instantOut id="235_D025" time="27693.50" state="stay" vehID="Car_16133" speed="8.04" length="5.00" type="DEFAULT_CAR"/>
    <instantOut id="235_D025" time="27693.75" state="stay" vehID="Car_16133" speed="7.61" length="5.00" type="DEFAULT_CAR"/>
    <instantOut id="235_D025" time="27693.89" state="leave" vehID="Car_16133" speed="7.11" length="5.00" type="DEFAULT_CAR" occupancy="0.65"/>
    <instantOut id="235_D025" time="28234.95" state="enter" vehID="Car_16594" speed="9.68" length="5.00" type="DEFAULT_CAR" gap="541.06"/>
    <instantOut id="235_D025" time="28235.00" state="stay" vehID="Car_16594" speed="9.68" length="5.00" type="DEFAULT_CAR"/>
    <instantOut id="235_D025" time="28235.25" state="stay" vehID="Car_16594" speed="10.29" length="5.00" type="DEFAULT_CAR"/>
    <instantOut id="235_D025" time="28235.46" state="leave" vehID="Car_16594" speed="9.54" length="5.00" type="DEFAULT_CAR" occupancy="0.50"/>
    <instantOut id="235_D025" time="29154.48" state="enter" vehID="Car_18349" speed="8.86" length="5.00" type="DEFAULT_CAR" gap="919.02"/>
    <instantOut id="235_D025" time="29154.50" state="stay" vehID="Car_18349" speed="8.86" length="5.00" type="DEFAULT_CAR"/>
    <instantOut id="235_D025" time="29154.75" state="stay" vehID="Car_18349" speed="8.12" length="5.00" type="DEFAULT_CAR"/>
    <instantOut id="235_D025" time="29155.00" state="stay" vehID="Car_18349" speed="7.37" length="5.00" type="DEFAULT_CAR"/>
    <instantOut id="235_D025" time="29155.14" state="leave" vehID="Car_18349" speed="6.62" length="5.00" type="DEFAULT_CAR" occupancy="0.66"/>
    <instantOut id="235_D025" time="29749.23" state="enter" vehID="Car_18351" speed="8.59" length="5.00" type="DEFAULT_CAR" gap="594.09"/>
    <instantOut id="235_D025" time="29749.25" state="stay" vehID="Car_18351" speed="8.59" length="5.00" type="DEFAULT_CAR"/>
    <instantOut id="235_D025" time="29749.50" state="stay" vehID="Car_18351" speed="7.89" length="5.00" type="DEFAULT_CAR"/>
    <instantOut id="235_D025" time="29749.75" state="stay" vehID="Car_18351" speed="7.61" length="5.00" type="DEFAULT_CAR"/>
    <instantOut id="235_D025" time="29749.89" state="leave" vehID="Car_18351" speed="6.86" length="5.00" type="DEFAULT_CAR" occupancy="0.66"/>
    <instantOut id="235_D025" time="31545.51" state="enter" vehID="Car_18828" speed="8.38" length="5.00" type="DEFAULT_CAR" gap="1795.62"/>
    <instantOut id="235_D025" time="31545.75" state="stay" vehID="Car_18828" speed="8.38" length="5.00" type="DEFAULT_CAR"/>
    <instantOut id="235_D025" time="31546.00" state="stay" vehID="Car_18828" speed="7.63" length="5.00" type="DEFAULT_CAR"/>
    <instantOut id="235_D025" time="31546.15" state="leave" vehID="Car_18828" speed="7.29" length="5.00" type="DEFAULT_CAR" occupancy="0.64"/>
    <instantOut id="235_D025" time="35031.13" state="enter" vehID="Car_19767" speed="6.54" length="5.00" type="DEFAULT_CAR" gap="3484.99"/>
    <instantOut id="235_D025" time="35031.25" state="stay" vehID="Car_19767" speed="6.54" length="5.00" type="DEFAULT_CAR"/>
    <instantOut id="235_D025" time="35031.50" state="stay" vehID="Car_19767" speed="6.03" length="5.00" type="DEFAULT_CAR"/>
    <instantOut id="235_D025" time="35031.75" state="stay" vehID="Car_19767" speed="5.28" length="5.00" type="DEFAULT_CAR"/>
    <instantOut id="235_D025" time="35032.00" state="stay" vehID="Car_19767" speed="4.53" length="5.00" type="DEFAULT_CAR"/>
    <instantOut id="235_D025" time="35032.07" state="leave" vehID="Car_19767" speed="3.95" length="5.00" type="DEFAULT_CAR" occupancy="0.94"/>
    <instantOut id="235_D025" time="37377.22" state="enter" vehID="Car_21495" speed="9.63" length="5.00" type="DEFAULT_CAR" gap="2345.15"/>
    <instantOut id="235_D025" time="37377.25" state="stay" vehID="Car_21495" speed="9.63" length="5.00" type="DEFAULT_CAR"/>
    <instantOut id="235_D025" time="37377.50" state="stay" vehID="Car_21495" speed="10.18" length="5.00" type="DEFAULT_CAR"/>
    <instantOut id="235_D025" time="37377.72" state="leave" vehID="Car_21495" speed="9.56" length="5.00" type="DEFAULT_CAR" occupancy="0.51"/>
    <instantOut id="235_D025" time="38846.18" state="enter" vehID="Car_23389" speed="10.19" length="5.00" type="DEFAULT_CAR" gap="1468.46"/>
    <instantOut id="235_D025" time="38846.25" state="stay" vehID="Car_23389" speed="10.19" length="5.00" type="DEFAULT_CAR"/>
    <instantOut id="235_D025" time="38846.50" state="stay" vehID="Car_23389" speed="10.08" length="5.00" type="DEFAULT_CAR"/>
    <instantOut id="235_D025" time="38846.69" state="leave" vehID="Car_23389" speed="9.33" length="5.00" type="DEFAULT_CAR" occupancy="0.51"/>
    <instantOut id="235_D025" time="40734.52" state="enter" vehID="Car_23296" speed="7.72" length="5.00" type="DEFAULT_CAR" gap="1887.83"/>
    <instantOut id="235_D025" time="40734.75" state="stay" vehID="Car_23296" speed="7.72" length="5.00" type="DEFAULT_CAR"/>
    <instantOut id="235_D025" time="40735.00" state="stay" vehID="Car_23296" speed="6.97" length="5.00" type="DEFAULT_CAR"/>
    <instantOut id="235_D025" time="40735.23" state="leave" vehID="Car_23296" speed="6.25" length="5.00" type="DEFAULT_CAR" occupancy="0.72"/>
    <instantOut id="235_D025" time="41675.49" state="enter" vehID="Car_23390" speed="9.03" length="5.00" type="DEFAULT_CAR" gap="940.26"/>
    <instantOut id="235_D025" time="41675.50" state="stay" vehID="Car_23390" speed="9.03" length="5.00" type="DEFAULT_CAR"/>
    <instantOut id="235_D025" time="41675.75" state="stay" vehID="Car_23390" speed="8.28" length="5.00" type="DEFAULT_CAR"/>
    <instantOut id="235_D025" time="41676.00" state="stay" vehID="Car_23390" speed="7.53" length="5.00" type="DEFAULT_CAR"/>
    <instantOut id="235_D025" time="41676.14" state="leave" vehID="Car_23390" speed="6.78" length="5.00" type="DEFAULT_CAR" occupancy="0.65"/>
</instantE1>
