<?xml version="1.0" encoding="UTF-8"?>

<!-- generated on 2025-02-28 16:23:19 by Eclipse SUMO GUI Version 1.19.0
<configuration xmlns:xsi="http://www.w3.org/2001/XMLSchema-instance" xsi:noNamespaceSchemaLocation="http://sumo.dlr.de/xsd/sumoConfiguration.xsd">

    <input>
        <net-file value="Network.net.xml"/>
        <route-files value="CarRoutes.rou.xml"/>
        <additional-files value="Sensors.add.xml"/>
    </input>

    <output>
        <emission-output value="logs/Emissions.xml"/>
        <summary-output value="logs/Log_summary.xml"/>
        <summary-output.period value="300"/>
        <tripinfo-output value="logs/TripInfos.xml"/>
    </output>

    <time>
        <begin value="0"/>
        <end value="86400"/>
        <step-length value="0.25"/>
    </time>

    <processing>
        <ignore-junction-blocker value="0.1"/>
        <time-to-teleport value="-1"/>
    </processing>

    <report>
        <verbose value="true"/>
        <no-step-log value="true"/>
    </report>

    <emissions>
        <device.emissions.period value="10"/>
    </emissions>

    <traci_server>
        <remote-port value="56886"/>
    </traci_server>

    <gui_only>
        <quit-on-end value="true"/>
        <start value="true"/>
    </gui_only>

</configuration>
-->

<instantE1 xmlns:xsi="http://www.w3.org/2001/XMLSchema-instance" xsi:noNamespaceSchemaLocation="http://sumo.dlr.de/xsd/instant_e1_file.xsd">
    <instantOut id="235_D025" time="66.21" state="enter" vehID="Car_401" speed="9.49" length="5.00" type="DEFAULT_CAR"/>
    <instantOut id="235_D025" time="66.25" state="stay" vehID="Car_401" speed="9.49" length="5.00" type="DEFAULT_CAR"/>
    <instantOut id="235_D025" time="66.50" state="stay" vehID="Car_401" speed="8.74" length="5.00" type="DEFAULT_CAR"/>
    <instantOut id="235_D025" time="66.75" state="stay" vehID="Car_401" speed="7.99" length="5.00" type="DEFAULT_CAR"/>
    <instantOut id="235_D025" time="66.81" state="leave" vehID="Car_401" speed="7.24" length="5.00" type="DEFAULT_CAR" occupancy="0.60"/>
    <instantOut id="235_D025" time="206.71" state="enter" vehID="Car_701" speed="8.82" length="5.00" type="DEFAULT_CAR" gap="139.90"/>
    <instantOut id="235_D025" time="206.75" state="stay" vehID="Car_701" speed="8.82" length="5.00" type="DEFAULT_CAR"/>
    <instantOut id="235_D025" time="207.00" state="stay" vehID="Car_701" speed="8.07" length="5.00" type="DEFAULT_CAR"/>
    <instantOut id="235_D025" time="207.25" state="stay" vehID="Car_701" speed="7.32" length="5.00" type="DEFAULT_CAR"/>
    <instantOut id="235_D025" time="207.38" state="leave" vehID="Car_701" speed="6.57" length="5.00" type="DEFAULT_CAR" occupancy="0.66"/>
    <instantOut id="235_D025" time="2625.25" state="enter" vehID="Car_1809" speed="9.38" length="5.00" type="DEFAULT_CAR" gap="2417.87"/>
    <instantOut id="235_D025" time="2625.25" state="stay" vehID="Car_1809" speed="9.38" length="5.00" type="DEFAULT_CAR"/>
    <instantOut id="235_D025" time="2625.50" state="stay" vehID="Car_1809" speed="8.78" length="5.00" type="DEFAULT_CAR"/>
    <instantOut id="235_D025" time="2625.75" state="stay" vehID="Car_1809" speed="8.03" length="5.00" type="DEFAULT_CAR"/>
    <instantOut id="235_D025" time="2625.85" state="leave" vehID="Car_1809" speed="7.28" length="5.00" type="DEFAULT_CAR" occupancy="0.61"/>
    <instantOut id="235_D025" time="3169.20" state="enter" vehID="Car_2299" speed="9.11" length="5.00" type="DEFAULT_CAR" gap="543.35"/>
    <instantOut id="235_D025" time="3169.25" state="stay" vehID="Car_2299" speed="9.11" length="5.00" type="DEFAULT_CAR"/>
    <instantOut id="235_D025" time="3169.50" state="stay" vehID="Car_2299" speed="8.36" length="5.00" type="DEFAULT_CAR"/>
    <instantOut id="235_D025" time="3169.75" state="stay" vehID="Car_2299" speed="7.61" length="5.00" type="DEFAULT_CAR"/>
    <instantOut id="235_D025" time="3169.83" state="leave" vehID="Car_2299" speed="6.86" length="5.00" type="DEFAULT_CAR" occupancy="0.63"/>
    <instantOut id="235_D025" time="3603.32" state="enter" vehID="Car_1496" speed="8.12" length="5.00" type="DEFAULT_CAR" gap="433.48"/>
    <instantOut id="235_D025" time="3603.50" state="stay" vehID="Car_1496" speed="8.12" length="5.00" type="DEFAULT_CAR"/>
    <instantOut id="235_D025" time="3603.75" state="stay" vehID="Car_1496" speed="7.37" length="5.00" type="DEFAULT_CAR"/>
    <instantOut id="235_D025" time="3604.00" state="leave" vehID="Car_1496" speed="6.80" length="5.00" type="DEFAULT_CAR" occupancy="0.68"/>
    <instantOut id="235_D025" time="6864.74" state="enter" vehID="Car_3965" speed="8.99" length="5.00" type="DEFAULT_CAR" gap="3260.75"/>
    <instantOut id="235_D025" time="6864.75" state="stay" vehID="Car_3965" speed="8.99" length="5.00" type="DEFAULT_CAR"/>
    <instantOut id="235_D025" time="6865.00" state="stay" vehID="Car_3965" speed="8.24" length="5.00" type="DEFAULT_CAR"/>
    <instantOut id="235_D025" time="6865.25" state="stay" vehID="Car_3965" speed="7.49" length="5.00" type="DEFAULT_CAR"/>
    <instantOut id="235_D025" time="6865.39" state="leave" vehID="Car_3965" speed="7.12" length="5.00" type="DEFAULT_CAR" occupancy="0.65"/>
    <instantOut id="235_D025" time="11646.22" state="enter" vehID="Car_5613" speed="9.71" length="5.00" type="DEFAULT_CAR" gap="4780.83"/>
    <instantOut id="235_D025" time="11646.25" state="stay" vehID="Car_5613" speed="9.71" length="5.00" type="DEFAULT_CAR"/>
    <instantOut id="235_D025" time="11646.50" state="stay" vehID="Car_5613" speed="9.25" length="5.00" type="DEFAULT_CAR"/>
    <instantOut id="235_D025" time="11646.75" state="stay" vehID="Car_5613" speed="8.54" length="5.00" type="DEFAULT_CAR"/>
    <instantOut id="235_D025" time="11646.79" state="leave" vehID="Car_5613" speed="7.88" length="5.00" type="DEFAULT_CAR" occupancy="0.56"/>
    <instantOut id="235_D025" time="11983.79" state="enter" vehID="Car_6553" speed="7.26" length="5.00" type="DEFAULT_CAR" gap="337.00"/>
    <instantOut id="235_D025" time="11984.00" state="stay" vehID="Car_6553" speed="7.26" length="5.00" type="DEFAULT_CAR"/>
    <instantOut id="235_D025" time="11984.25" state="stay" vehID="Car_6553" speed="8.18" length="5.00" type="DEFAULT_CAR"/>
    <instantOut id="235_D025" time="11984.43" state="leave" vehID="Car_6553" speed="7.83" length="5.00" type="DEFAULT_CAR" occupancy="0.64"/>
    <instantOut id="235_D025" time="14975.20" state="enter" vehID="Car_7925" speed="9.87" length="5.00" type="DEFAULT_CAR" gap="2990.76"/>
    <instantOut id="235_D025" time="14975.25" state="stay" vehID="Car_7925" speed="9.87" length="5.00" type="DEFAULT_CAR"/>
    <instantOut id="235_D025" time="14975.50" state="stay" vehID="Car_7925" speed="9.89" length="5.00" type="DEFAULT_CAR"/>
    <instantOut id="235_D025" time="14975.72" state="leave" vehID="Car_7925" speed="9.14" length="5.00" type="DEFAULT_CAR" occupancy="0.52"/>
    <instantOut id="235_D025" time="17558.80" state="enter" vehID="Car_11633" speed="7.09" length="5.00" type="DEFAULT_CAR" gap="2583.08"/>
    <instantOut id="235_D025" time="17559.00" state="stay" vehID="Car_11633" speed="7.09" length="5.00" type="DEFAULT_CAR"/>
    <instantOut id="235_D025" time="17559.25" state="stay" vehID="Car_11633" speed="6.34" length="5.00" type="DEFAULT_CAR"/>
    <instantOut id="235_D025" time="17559.50" state="stay" vehID="Car_11633" speed="5.61" length="5.00" type="DEFAULT_CAR"/>
    <instantOut id="235_D025" time="17559.60" state="leave" vehID="Car_11633" speed="5.42" length="5.00" type="DEFAULT_CAR" occupancy="0.81"/>
    <instantOut id="235_D025" time="19630.39" state="enter" vehID="Car_9817" speed="6.31" length="5.00" type="DEFAULT_CAR" gap="2070.79"/>
    <instantOut id="235_D025" time="19630.50" state="stay" vehID="Car_9817" speed="6.31" length="5.00" type="DEFAULT_CAR"/>
    <instantOut id="235_D025" time="19630.75" state="stay" vehID="Car_9817" speed="6.19" length="5.00" type="DEFAULT_CAR"/>
    <instantOut id="235_D025" time="19631.00" state="stay" vehID="Car_9817" speed="5.44" length="5.00" type="DEFAULT_CAR"/>
    <instantOut id="235_D025" time="19631.25" state="stay" vehID="Car_9817" speed="4.69" length="5.00" type="DEFAULT_CAR"/>
    <instantOut id="235_D025" time="19631.31" state="leave" vehID="Car_9817" speed="3.94" length="5.00" type="DEFAULT_CAR" occupancy="0.92"/>
    <instantOut id="235_D025" time="21113.06" state="enter" vehID="Car_12473" speed="7.06" length="5.00" type="DEFAULT_CAR" gap="1481.75"/>
    <instantOut id="235_D025" time="21113.25" state="stay" vehID="Car_12473" speed="7.06" length="5.00" type="DEFAULT_CAR"/>
    <instantOut id="235_D025" time="21113.50" state="stay" vehID="Car_12473" speed="6.50" length="5.00" type="DEFAULT_CAR"/>
    <instantOut id="235_D025" time="21113.75" state="stay" vehID="Car_12473" speed="5.99" length="5.00" type="DEFAULT_CAR"/>
    <instantOut id="235_D025" time="21113.85" state="leave" vehID="Car_12473" speed="5.24" length="5.00" type="DEFAULT_CAR" occupancy="0.79"/>
    <instantOut id="235_D025" time="21528.02" state="enter" vehID="Car_12253" speed="7.23" length="5.00" type="DEFAULT_CAR" gap="414.17"/>
    <instantOut id="235_D025" time="21528.25" state="stay" vehID="Car_12253" speed="7.23" length="5.00" type="DEFAULT_CAR"/>
    <instantOut id="235_D025" time="21528.50" state="stay" vehID="Car_12253" speed="6.48" length="5.00" type="DEFAULT_CAR"/>
    <instantOut id="235_D025" time="21528.75" state="stay" vehID="Car_12253" speed="5.84" length="5.00" type="DEFAULT_CAR"/>
    <instantOut id="235_D025" time="21528.80" state="leave" vehID="Car_12253" speed="5.11" length="5.00" type="DEFAULT_CAR" occupancy="0.78"/>
    <instantOut id="235_D025" time="22167.89" state="enter" vehID="Car_11681" speed="6.70" length="5.00" type="DEFAULT_CAR" gap="639.09"/>
    <instantOut id="235_D025" time="22168.00" state="stay" vehID="Car_11681" speed="6.70" length="5.00" type="DEFAULT_CAR"/>
    <instantOut id="235_D025" time="22168.25" state="stay" vehID="Car_11681" speed="6.19" length="5.00" type="DEFAULT_CAR"/>
    <instantOut id="235_D025" time="22168.50" state="stay" vehID="Car_11681" speed="5.44" length="5.00" type="DEFAULT_CAR"/>
    <instantOut id="235_D025" time="22168.75" state="stay" vehID="Car_11681" speed="4.69" length="5.00" type="DEFAULT_CAR"/>
    <instantOut id="235_D025" time="22168.80" state="leave" vehID="Car_11681" speed="3.94" length="5.00" type="DEFAULT_CAR" occupancy="0.91"/>
    <instantOut id="235_D025" time="22995.49" state="enter" vehID="Car_12596" speed="8.78" length="5.00" type="DEFAULT_CAR" gap="826.69"/>
    <instantOut id="235_D025" time="22995.50" state="stay" vehID="Car_12596" speed="8.78" length="5.00" type="DEFAULT_CAR"/>
    <instantOut id="235_D025" time="22995.75" state="stay" vehID="Car_12596" speed="8.33" length="5.00" type="DEFAULT_CAR"/>
    <instantOut id="235_D025" time="22996.00" state="stay" vehID="Car_12596" speed="7.58" length="5.00" type="DEFAULT_CAR"/>
    <instantOut id="235_D025" time="22996.14" state="leave" vehID="Car_12596" speed="6.96" length="5.00" type="DEFAULT_CAR" occupancy="0.65"/>
    <instantOut id="235_D025" time="24346.23" state="enter" vehID="Car_15484" speed="8.92" length="5.00" type="DEFAULT_CAR" gap="1350.09"/>
    <instantOut id="235_D025" time="24346.25" state="stay" vehID="Car_15484" speed="8.92" length="5.00" type="DEFAULT_CAR"/>
    <instantOut id="235_D025" time="24346.50" state="stay" vehID="Car_15484" speed="8.17" length="5.00" type="DEFAULT_CAR"/>
    <instantOut id="235_D025" time="24346.75" state="stay" vehID="Car_15484" speed="7.42" length="5.00" type="DEFAULT_CAR"/>
    <instantOut id="235_D025" time="24346.89" state="leave" vehID="Car_15484" speed="6.67" length="5.00" type="DEFAULT_CAR" occupancy="0.66"/>
    <instantOut id="235_D025" time="26384.40" state="enter" vehID="Car_15479" speed="3.51" length="5.00" type="DEFAULT_CAR" gap="2037.51"/>
    <instantOut id="235_D025" time="26384.50" state="stay" vehID="Car_15479" speed="3.51" length="5.00" type="DEFAULT_CAR"/>
    <instantOut id="235_D025" time="26384.75" state="stay" vehID="Car_15479" speed="3.68" length="5.00" type="DEFAULT_CAR"/>
    <instantOut id="235_D025" time="26385.00" state="stay" vehID="Car_15479" speed="3.40" length="5.00" type="DEFAULT_CAR"/>
    <instantOut id="235_D025" time="26385.25" state="stay" vehID="Car_15479" speed="3.34" length="5.00" type="DEFAULT_CAR"/>
    <instantOut id="235_D025" time="26385.50" state="stay" vehID="Car_15479" speed="3.80" length="5.00" type="DEFAULT_CAR"/>
    <instantOut id="235_D025" time="26385.75" state="stay" vehID="Car_15479" speed="3.33" length="5.00" type="DEFAULT_CAR"/>
    <instantOut id="235_D025" time="26385.84" state="leave" vehID="Car_15479" speed="2.58" length="5.00" type="DEFAULT_CAR" occupancy="1.45"/>
    <instantOut id="235_D025" time="29125.39" state="enter" vehID="Car_17285" speed="8.78" length="5.00" type="DEFAULT_CAR" gap="2739.54"/>
    <instantOut id="235_D025" time="29125.50" state="stay" vehID="Car_17285" speed="8.78" length="5.00" type="DEFAULT_CAR"/>
    <instantOut id="235_D025" time="29125.75" state="stay" vehID="Car_17285" speed="9.07" length="5.00" type="DEFAULT_CAR"/>
    <instantOut id="235_D025" time="29125.96" state="leave" vehID="Car_17285" speed="8.32" length="5.00" type="DEFAULT_CAR" occupancy="0.57"/>
    <instantOut id="235_D025" time="29563.21" state="enter" vehID="Car_16959" speed="9.81" length="5.00" type="DEFAULT_CAR" gap="437.25"/>
    <instantOut id="235_D025" time="29563.25" state="stay" vehID="Car_16959" speed="9.81" length="5.00" type="DEFAULT_CAR"/>
    <instantOut id="235_D025" time="29563.50" state="stay" vehID="Car_16959" speed="9.23" length="5.00" type="DEFAULT_CAR"/>
    <instantOut id="235_D025" time="29563.75" state="stay" vehID="Car_16959" speed="8.62" length="5.00" type="DEFAULT_CAR"/>
    <instantOut id="235_D025" time="29563.77" state="leave" vehID="Car_16959" speed="7.87" length="5.00" type="DEFAULT_CAR" occupancy="0.56"/>
    <instantOut id="235_D025" time="30306.16" state="enter" vehID="Car_16954" speed="8.61" length="5.00" type="DEFAULT_CAR" gap="742.40"/>
    <instantOut id="235_D025" time="30306.25" state="stay" vehID="Car_16954" speed="8.61" length="5.00" type="DEFAULT_CAR"/>
    <instantOut id="235_D025" time="30306.50" state="stay" vehID="Car_16954" speed="7.86" length="5.00" type="DEFAULT_CAR"/>
    <instantOut id="235_D025" time="30306.75" state="stay" vehID="Car_16954" speed="7.11" length="5.00" type="DEFAULT_CAR"/>
    <instantOut id="235_D025" time="30306.83" state="leave" vehID="Car_16954" speed="6.36" length="5.00" type="DEFAULT_CAR" occupancy="0.67"/>
    <instantOut id="235_D025" time="31651.51" state="enter" vehID="Car_20447" speed="8.94" length="5.00" type="DEFAULT_CAR" gap="1344.68"/>
    <instantOut id="235_D025" time="31651.75" state="stay" vehID="Car_20447" speed="8.94" length="5.00" type="DEFAULT_CAR"/>
    <instantOut id="235_D025" time="31652.00" state="stay" vehID="Car_20447" speed="8.19" length="5.00" type="DEFAULT_CAR"/>
    <instantOut id="235_D025" time="31652.11" state="leave" vehID="Car_20447" speed="7.44" length="5.00" type="DEFAULT_CAR" occupancy="0.60"/>
    <instantOut id="235_D025" time="31702.45" state="enter" vehID="Car_19774" speed="9.72" length="5.00" type="DEFAULT_CAR" gap="50.34"/>
    <instantOut id="235_D025" time="31702.50" state="stay" vehID="Car_19774" speed="9.72" length="5.00" type="DEFAULT_CAR"/>
    <instantOut id="235_D025" time="31702.75" state="stay" vehID="Car_19774" speed="10.34" length="5.00" type="DEFAULT_CAR"/>
    <instantOut id="235_D025" time="31702.95" state="leave" vehID="Car_19774" speed="9.71" length="5.00" type="DEFAULT_CAR" occupancy="0.50"/>
    <instantOut id="235_D025" time="32641.98" state="enter" vehID="Car_19835" speed="9.41" length="5.00" type="DEFAULT_CAR" gap="939.03"/>
    <instantOut id="235_D025" time="32642.00" state="stay" vehID="Car_19835" speed="9.41" length="5.00" type="DEFAULT_CAR"/>
    <instantOut id="235_D025" time="32642.25" state="stay" vehID="Car_19835" speed="8.66" length="5.00" type="DEFAULT_CAR"/>
    <instantOut id="235_D025" time="32642.50" state="stay" vehID="Car_19835" speed="8.03" length="5.00" type="DEFAULT_CAR"/>
    <instantOut id="235_D025" time="32642.59" state="leave" vehID="Car_19835" speed="7.28" length="5.00" type="DEFAULT_CAR" occupancy="0.61"/>
    <instantOut id="235_D025" time="33627.70" state="enter" vehID="Car_19776" speed="9.80" length="5.00" type="DEFAULT_CAR" gap="985.11"/>
    <instantOut id="235_D025" time="33627.75" state="stay" vehID="Car_19776" speed="9.80" length="5.00" type="DEFAULT_CAR"/>
    <instantOut id="235_D025" time="33628.00" state="stay" vehID="Car_19776" speed="9.21" length="5.00" type="DEFAULT_CAR"/>
    <instantOut id="235_D025" time="33628.25" state="stay" vehID="Car_19776" speed="8.46" length="5.00" type="DEFAULT_CAR"/>
    <instantOut id="235_D025" time="33628.26" state="leave" vehID="Car_19776" speed="7.73" length="5.00" type="DEFAULT_CAR" occupancy="0.56"/>
    <instantOut id="235_D025" time="35199.02" state="enter" vehID="Car_21423" speed="7.82" length="5.00" type="DEFAULT_CAR" gap="1570.76"/>
    <instantOut id="235_D025" time="35199.25" state="stay" vehID="Car_21423" speed="7.82" length="5.00" type="DEFAULT_CAR"/>
    <instantOut id="235_D025" time="35199.50" state="stay" vehID="Car_21423" speed="7.07" length="5.00" type="DEFAULT_CAR"/>
    <instantOut id="235_D025" time="35199.72" state="leave" vehID="Car_21423" speed="6.32" length="5.00" type="DEFAULT_CAR" occupancy="0.71"/>
    <instantOut id="235_D025" time="36830.02" state="enter" vehID="Car_21488" speed="7.20" length="5.00" type="DEFAULT_CAR" gap="1630.30"/>
    <instantOut id="235_D025" time="36830.25" state="stay" vehID="Car_21488" speed="7.20" length="5.00" type="DEFAULT_CAR"/>
    <instantOut id="235_D025" time="36830.50" state="stay" vehID="Car_21488" speed="8.13" length="5.00" type="DEFAULT_CAR"/>
    <instantOut id="235_D025" time="36830.66" state="leave" vehID="Car_21488" speed="8.19" length="5.00" type="DEFAULT_CAR" occupancy="0.64"/>
    <instantOut id="235_D025" time="38759.04" state="enter" vehID="Car_22880" speed="7.52" length="5.00" type="DEFAULT_CAR" gap="1928.37"/>
    <instantOut id="235_D025" time="38759.25" state="stay" vehID="Car_22880" speed="7.52" length="5.00" type="DEFAULT_CAR"/>
    <instantOut id="235_D025" time="38759.50" state="stay" vehID="Car_22880" speed="6.82" length="5.00" type="DEFAULT_CAR"/>
    <instantOut id="235_D025" time="38759.75" state="stay" vehID="Car_22880" speed="6.07" length="5.00" type="DEFAULT_CAR"/>
    <instantOut id="235_D025" time="38759.78" state="leave" vehID="Car_22880" speed="5.32" length="5.00" type="DEFAULT_CAR" occupancy="0.75"/>
    <instantOut id="235_D025" time="40408.48" state="enter" vehID="Car_23313" speed="8.90" length="5.00" type="DEFAULT_CAR" gap="1648.70"/>
    <instantOut id="235_D025" time="40408.50" state="stay" vehID="Car_23313" speed="8.90" length="5.00" type="DEFAULT_CAR"/>
    <instantOut id="235_D025" time="40408.75" state="stay" vehID="Car_23313" speed="8.15" length="5.00" type="DEFAULT_CAR"/>
    <instantOut id="235_D025" time="40409.00" state="stay" vehID="Car_23313" speed="7.40" length="5.00" type="DEFAULT_CAR"/>
    <instantOut id="235_D025" time="40409.14" state="leave" vehID="Car_23313" speed="6.86" length="5.00" type="DEFAULT_CAR" occupancy="0.66"/>
    <instantOut id="235_D025" time="41025.35" state="enter" vehID="Car_23373" speed="8.41" length="5.00" type="DEFAULT_CAR" gap="616.21"/>
    <instantOut id="235_D025" time="41025.50" state="stay" vehID="Car_23373" speed="8.41" length="5.00" type="DEFAULT_CAR"/>
    <instantOut id="235_D025" time="41025.75" state="stay" vehID="Car_23373" speed="7.73" length="5.00" type="DEFAULT_CAR"/>
    <instantOut id="235_D025" time="41026.00" state="stay" vehID="Car_23373" speed="6.99" length="5.00" type="DEFAULT_CAR"/>
    <instantOut id="235_D025" time="41026.01" state="leave" vehID="Car_23373" speed="6.24" length="5.00" type="DEFAULT_CAR" occupancy="0.66"/>
    <instantOut id="235_D025" time="41889.94" state="enter" vehID="Car_23631" speed="10.34" length="5.00" type="DEFAULT_CAR" gap="863.93"/>
    <instantOut id="235_D025" time="41890.00" state="stay" vehID="Car_23631" speed="10.34" length="5.00" type="DEFAULT_CAR"/>
    <instantOut id="235_D025" time="41890.25" state="stay" vehID="Car_23631" speed="9.59" length="5.00" type="DEFAULT_CAR"/>
    <instantOut id="235_D025" time="41890.47" state="leave" vehID="Car_23631" speed="8.84" length="5.00" type="DEFAULT_CAR" occupancy="0.53"/>
    <instantOut id="235_D025" time="42188.96" state="enter" vehID="Car_24743" speed="8.53" length="5.00" type="DEFAULT_CAR" gap="298.49"/>
    <instantOut id="235_D025" time="42189.00" state="stay" vehID="Car_24743" speed="8.53" length="5.00" type="DEFAULT_CAR"/>
    <instantOut id="235_D025" time="42189.25" state="stay" vehID="Car_24743" speed="7.78" length="5.00" type="DEFAULT_CAR"/>
    <instantOut id="235_D025" time="42189.50" state="stay" vehID="Car_24743" speed="7.05" length="5.00" type="DEFAULT_CAR"/>
    <instantOut id="235_D025" time="42189.65" state="leave" vehID="Car_24743" speed="6.34" length="5.00" type="DEFAULT_CAR" occupancy="0.69"/>
    <instantOut id="235_D025" time="44688.49" state="enter" vehID="Car_24879" speed="8.85" length="5.00" type="DEFAULT_CAR" gap="2498.84"/>
    <instantOut id="235_D025" time="44688.50" state="stay" vehID="Car_24879" speed="8.85" length="5.00" type="DEFAULT_CAR"/>
    <instantOut id="235_D025" time="44688.75" state="stay" vehID="Car_24879" speed="8.10" length="5.00" type="DEFAULT_CAR"/>
    <instantOut id="235_D025" time="44689.00" state="stay" vehID="Car_24879" speed="7.63" length="5.00" type="DEFAULT_CAR"/>
    <instantOut id="235_D025" time="44689.14" state="leave" vehID="Car_24879" speed="7.11" length="5.00" type="DEFAULT_CAR" occupancy="0.65"/>
</instantE1>
