<?xml version="1.0" encoding="UTF-8"?>

<!-- generated on 2025-02-28 17:59:12 by Eclipse SUMO GUI Version 1.19.0
<configuration xmlns:xsi="http://www.w3.org/2001/XMLSchema-instance" xsi:noNamespaceSchemaLocation="http://sumo.dlr.de/xsd/sumoConfiguration.xsd">

    <input>
        <net-file value="Network.net.xml"/>
        <route-files value="CarRoutes.rou.xml"/>
        <additional-files value="Sensors.add.xml"/>
    </input>

    <output>
        <emission-output value="logs/Emissions.xml"/>
        <summary-output value="logs/Log_summary.xml"/>
        <summary-output.period value="300"/>
        <tripinfo-output value="logs/TripInfos.xml"/>
    </output>

    <time>
        <begin value="0"/>
        <end value="86400"/>
        <step-length value="0.25"/>
    </time>

    <processing>
        <ignore-junction-blocker value="0.1"/>
        <time-to-teleport value="-1"/>
    </processing>

    <report>
        <verbose value="true"/>
        <no-step-log value="true"/>
    </report>

    <emissions>
        <device.emissions.period value="10"/>
    </emissions>

    <traci_server>
        <remote-port value="58065"/>
    </traci_server>

    <gui_only>
        <quit-on-end value="true"/>
        <start value="true"/>
    </gui_only>

</configuration>
-->

<summary xmlns:xsi="http://www.w3.org/2001/XMLSchema-instance" xsi:noNamespaceSchemaLocation="http://sumo.dlr.de/xsd/summary_file.xsd">
    <step time="0.00" loaded="0" inserted="0" running="0" waiting="0" ended="0" arrived="0" collisions="0" teleports="0" halting="0" stopped="0" meanWaitingTime="-1.00" meanTravelTime="-1.00" meanSpeed="-1.00" meanSpeedRelative="-1.00" duration="0"/>
    <step time="300.00" loaded="211" inserted="198" running="91" waiting="13" ended="107" arrived="107" collisions="0" teleports="0" halting="43" stopped="0" meanWaitingTime="14.01" meanTravelTime="77.68" meanSpeed="3.82" meanSpeedRelative="0.28" duration="2"/>
    <step time="600.00" loaded="372" inserted="362" running="78" waiting="10" ended="284" arrived="284" collisions="0" teleports="0" halting="31" stopped="0" meanWaitingTime="13.56" meanTravelTime="111.68" meanSpeed="5.31" meanSpeedRelative="0.38" duration="2"/>
    <step time="900.00" loaded="528" inserted="517" running="63" waiting="11" ended="454" arrived="454" collisions="0" teleports="0" halting="31" stopped="0" meanWaitingTime="12.64" meanTravelTime="115.38" meanSpeed="3.87" meanSpeedRelative="0.28" duration="3"/>
    <step time="1200.00" loaded="700" inserted="684" running="62" waiting="16" ended="622" arrived="622" collisions="0" teleports="0" halting="8" stopped="0" meanWaitingTime="16.34" meanTravelTime="113.56" meanSpeed="5.65" meanSpeedRelative="0.41" duration="1"/>
    <step time="1500.00" loaded="867" inserted="847" running="69" waiting="20" ended="778" arrived="778" collisions="0" teleports="0" halting="15" stopped="0" meanWaitingTime="17.42" meanTravelTime="115.76" meanSpeed="4.63" meanSpeedRelative="0.33" duration="2"/>
    <step time="1800.00" loaded="1028" inserted="1010" running="55" waiting="18" ended="955" arrived="955" collisions="0" teleports="0" halting="22" stopped="0" meanWaitingTime="20.45" meanTravelTime="117.42" meanSpeed="4.53" meanSpeedRelative="0.35" duration="2"/>
    <step time="2100.00" loaded="1188" inserted="1173" running="68" waiting="15" ended="1105" arrived="1105" collisions="0" teleports="0" halting="35" stopped="0" meanWaitingTime="19.26" meanTravelTime="114.33" meanSpeed="3.41" meanSpeedRelative="0.25" duration="2"/>
    <step time="2400.00" loaded="1335" inserted="1319" running="39" waiting="16" ended="1280" arrived="1280" collisions="0" teleports="0" halting="14" stopped="0" meanWaitingTime="19.11" meanTravelTime="115.38" meanSpeed="5.22" meanSpeedRelative="0.38" duration="2"/>
    <step time="2700.00" loaded="1479" inserted="1478" running="56" waiting="1" ended="1422" arrived="1422" collisions="0" teleports="0" halting="14" stopped="0" meanWaitingTime="18.97" meanTravelTime="113.56" meanSpeed="4.52" meanSpeedRelative="0.33" duration="1"/>
    <step time="3000.00" loaded="1637" inserted="1630" running="56" waiting="7" ended="1574" arrived="1574" collisions="0" teleports="0" halting="29" stopped="0" meanWaitingTime="17.77" meanTravelTime="115.06" meanSpeed="3.75" meanSpeedRelative="0.27" duration="2"/>
    <step time="3300.00" loaded="1809" inserted="1794" running="64" waiting="15" ended="1730" arrived="1730" collisions="0" teleports="0" halting="18" stopped="0" meanWaitingTime="17.95" meanTravelTime="114.08" meanSpeed="5.68" meanSpeedRelative="0.41" duration="2"/>
    <step time="3600.00" loaded="1941" inserted="1941" running="41" waiting="0" ended="1900" arrived="1900" collisions="0" teleports="0" halting="14" stopped="0" meanWaitingTime="17.67" meanTravelTime="113.96" meanSpeed="5.11" meanSpeedRelative="0.37" duration="2"/>
    <step time="3900.00" loaded="2107" inserted="2107" running="80" waiting="0" ended="2027" arrived="2027" collisions="0" teleports="0" halting="42" stopped="0" meanWaitingTime="16.39" meanTravelTime="112.60" meanSpeed="2.79" meanSpeedRelative="0.20" duration="2"/>
    <step time="4200.00" loaded="2237" inserted="2237" running="44" waiting="0" ended="2193" arrived="2193" collisions="0" teleports="0" halting="8" stopped="0" meanWaitingTime="16.51" meanTravelTime="114.39" meanSpeed="6.61" meanSpeedRelative="0.48" duration="1"/>
    <step time="4500.00" loaded="2413" inserted="2412" running="72" waiting="1" ended="2340" arrived="2340" collisions="0" teleports="0" halting="35" stopped="0" meanWaitingTime="15.75" meanTravelTime="113.13" meanSpeed="3.66" meanSpeedRelative="0.26" duration="2"/>
    <step time="4800.00" loaded="2571" inserted="2565" running="38" waiting="6" ended="2527" arrived="2527" collisions="0" teleports="0" halting="15" stopped="0" meanWaitingTime="15.08" meanTravelTime="112.38" meanSpeed="4.79" meanSpeedRelative="0.35" duration="0"/>
    <step time="5100.00" loaded="2739" inserted="2729" running="60" waiting="10" ended="2669" arrived="2669" collisions="0" teleports="0" halting="14" stopped="0" meanWaitingTime="15.78" meanTravelTime="110.96" meanSpeed="5.57" meanSpeedRelative="0.40" duration="3"/>
    <step time="5400.00" loaded="2890" inserted="2888" running="58" waiting="2" ended="2830" arrived="2830" collisions="0" teleports="0" halting="18" stopped="0" meanWaitingTime="15.76" meanTravelTime="110.54" meanSpeed="5.80" meanSpeedRelative="0.42" duration="2"/>
    <step time="5700.00" loaded="3078" inserted="3063" running="82" waiting="15" ended="2981" arrived="2981" collisions="0" teleports="0" halting="41" stopped="0" meanWaitingTime="15.24" meanTravelTime="110.14" meanSpeed="4.31" meanSpeedRelative="0.31" duration="2"/>
    <step time="6000.00" loaded="3203" inserted="3200" running="39" waiting="3" ended="3161" arrived="3161" collisions="0" teleports="0" halting="16" stopped="0" meanWaitingTime="15.30" meanTravelTime="112.36" meanSpeed="3.98" meanSpeedRelative="0.29" duration="2"/>
    <step time="6300.00" loaded="3367" inserted="3350" running="61" waiting="17" ended="3289" arrived="3289" collisions="0" teleports="0" halting="22" stopped="0" meanWaitingTime="15.36" meanTravelTime="112.69" meanSpeed="4.79" meanSpeedRelative="0.35" duration="2"/>
    <step time="6600.00" loaded="3529" inserted="3521" running="58" waiting="8" ended="3463" arrived="3463" collisions="0" teleports="0" halting="19" stopped="0" meanWaitingTime="15.60" meanTravelTime="112.31" meanSpeed="5.52" meanSpeedRelative="0.40" duration="2"/>
    <step time="6900.00" loaded="3713" inserted="3696" running="60" waiting="17" ended="3636" arrived="3636" collisions="0" teleports="0" halting="25" stopped="0" meanWaitingTime="15.66" meanTravelTime="111.40" meanSpeed="4.28" meanSpeedRelative="0.31" duration="1"/>
    <step time="7200.00" loaded="3870" inserted="3849" running="52" waiting="21" ended="3797" arrived="3797" collisions="0" teleports="0" halting="20" stopped="0" meanWaitingTime="16.31" meanTravelTime="111.28" meanSpeed="5.14" meanSpeedRelative="0.37" duration="2"/>
    <step time="7500.00" loaded="4021" inserted="4016" running="48" waiting="5" ended="3968" arrived="3968" collisions="0" teleports="0" halting="16" stopped="0" meanWaitingTime="16.99" meanTravelTime="110.93" meanSpeed="5.85" meanSpeedRelative="0.42" duration="2"/>
    <step time="7800.00" loaded="4175" inserted="4167" running="52" waiting="8" ended="4115" arrived="4115" collisions="0" teleports="0" halting="14" stopped="0" meanWaitingTime="16.99" meanTravelTime="110.14" meanSpeed="4.73" meanSpeedRelative="0.34" duration="2"/>
    <step time="8100.00" loaded="4348" inserted="4335" running="50" waiting="13" ended="4285" arrived="4285" collisions="0" teleports="0" halting="17" stopped="0" meanWaitingTime="17.22" meanTravelTime="109.82" meanSpeed="5.35" meanSpeedRelative="0.40" duration="2"/>
    <step time="8400.00" loaded="4532" inserted="4529" running="74" waiting="3" ended="4455" arrived="4455" collisions="0" teleports="0" halting="29" stopped="0" meanWaitingTime="17.19" meanTravelTime="108.90" meanSpeed="3.94" meanSpeedRelative="0.28" duration="1"/>
    <step time="8700.00" loaded="4702" inserted="4697" running="80" waiting="5" ended="4617" arrived="4617" collisions="0" teleports="0" halting="30" stopped="0" meanWaitingTime="17.02" meanTravelTime="109.80" meanSpeed="4.31" meanSpeedRelative="0.31" duration="2"/>
    <step time="9000.00" loaded="4893" inserted="4876" running="62" waiting="17" ended="4814" arrived="4814" collisions="0" teleports="0" halting="14" stopped="0" meanWaitingTime="16.87" meanTravelTime="109.74" meanSpeed="5.35" meanSpeedRelative="0.38" duration="1"/>
    <step time="9300.00" loaded="5075" inserted="5057" running="57" waiting="18" ended="5000" arrived="5000" collisions="0" teleports="0" halting="20" stopped="0" meanWaitingTime="16.92" meanTravelTime="109.59" meanSpeed="4.73" meanSpeedRelative="0.34" duration="3"/>
    <step time="9600.00" loaded="5245" inserted="5231" running="57" waiting="14" ended="5174" arrived="5174" collisions="0" teleports="0" halting="12" stopped="0" meanWaitingTime="17.41" meanTravelTime="109.12" meanSpeed="6.80" meanSpeedRelative="0.49" duration="3"/>
    <step time="9900.00" loaded="5389" inserted="5383" running="66" waiting="6" ended="5317" arrived="5317" collisions="0" teleports="0" halting="13" stopped="0" meanWaitingTime="17.35" meanTravelTime="108.95" meanSpeed="4.82" meanSpeedRelative="0.35" duration="1"/>
    <step time="10200.00" loaded="5555" inserted="5546" running="64" waiting="9" ended="5482" arrived="5482" collisions="0" teleports="0" halting="8" stopped="0" meanWaitingTime="17.37" meanTravelTime="109.99" meanSpeed="4.46" meanSpeedRelative="0.32" duration="1"/>
    <step time="10500.00" loaded="5731" inserted="5720" running="60" waiting="11" ended="5660" arrived="5660" collisions="0" teleports="0" halting="12" stopped="0" meanWaitingTime="17.26" meanTravelTime="110.29" meanSpeed="4.97" meanSpeedRelative="0.36" duration="2"/>
    <step time="10800.00" loaded="5904" inserted="5897" running="84" waiting="7" ended="5813" arrived="5813" collisions="0" teleports="0" halting="30" stopped="0" meanWaitingTime="17.30" meanTravelTime="110.30" meanSpeed="4.29" meanSpeedRelative="0.32" duration="2"/>
    <step time="11100.00" loaded="6085" inserted="6067" running="69" waiting="18" ended="5998" arrived="5998" collisions="0" teleports="0" halting="33" stopped="0" meanWaitingTime="17.28" meanTravelTime="111.44" meanSpeed="3.37" meanSpeedRelative="0.25" duration="2"/>
    <step time="11400.00" loaded="6258" inserted="6224" running="59" waiting="34" ended="6165" arrived="6165" collisions="0" teleports="0" halting="16" stopped="0" meanWaitingTime="17.95" meanTravelTime="111.54" meanSpeed="6.08" meanSpeedRelative="0.44" duration="3"/>
    <step time="11700.00" loaded="6401" inserted="6380" running="52" waiting="21" ended="6328" arrived="6328" collisions="0" teleports="0" halting="10" stopped="0" meanWaitingTime="19.02" meanTravelTime="111.21" meanSpeed="4.34" meanSpeedRelative="0.31" duration="1"/>
    <step time="12000.00" loaded="6578" inserted="6570" running="71" waiting="8" ended="6499" arrived="6499" collisions="0" teleports="0" halting="24" stopped="0" meanWaitingTime="19.11" meanTravelTime="111.21" meanSpeed="4.44" meanSpeedRelative="0.34" duration="2"/>
    <step time="12300.00" loaded="6746" inserted="6744" running="59" waiting="2" ended="6685" arrived="6685" collisions="0" teleports="0" halting="21" stopped="0" meanWaitingTime="18.90" meanTravelTime="111.49" meanSpeed="4.84" meanSpeedRelative="0.35" duration="2"/>
    <step time="12600.00" loaded="6915" inserted="6895" running="47" waiting="20" ended="6848" arrived="6848" collisions="0" teleports="0" halting="21" stopped="0" meanWaitingTime="18.74" meanTravelTime="111.24" meanSpeed="4.78" meanSpeedRelative="0.34" duration="1"/>
    <step time="12900.00" loaded="7084" inserted="7069" running="56" waiting="15" ended="7013" arrived="7013" collisions="0" teleports="0" halting="17" stopped="0" meanWaitingTime="18.89" meanTravelTime="111.03" meanSpeed="4.64" meanSpeedRelative="0.33" duration="1"/>
    <step time="13200.00" loaded="7258" inserted="7237" running="79" waiting="21" ended="7158" arrived="7158" collisions="0" teleports="0" halting="18" stopped="0" meanWaitingTime="19.00" meanTravelTime="110.90" meanSpeed="5.39" meanSpeedRelative="0.39" duration="2"/>
    <step time="13500.00" loaded="7434" inserted="7426" running="75" waiting="8" ended="7351" arrived="7351" collisions="0" teleports="0" halting="20" stopped="0" meanWaitingTime="18.97" meanTravelTime="111.37" meanSpeed="4.67" meanSpeedRelative="0.34" duration="2"/>
    <step time="13800.00" loaded="7628" inserted="7614" running="74" waiting="14" ended="7540" arrived="7540" collisions="0" teleports="0" halting="18" stopped="0" meanWaitingTime="19.09" meanTravelTime="111.44" meanSpeed="6.04" meanSpeedRelative="0.43" duration="3"/>
    <step time="14100.00" loaded="7788" inserted="7784" running="57" waiting="4" ended="7727" arrived="7727" collisions="0" teleports="0" halting="15" stopped="0" meanWaitingTime="19.07" meanTravelTime="111.55" meanSpeed="5.57" meanSpeedRelative="0.40" duration="2"/>
    <step time="14400.00" loaded="7928" inserted="7917" running="53" waiting="11" ended="7864" arrived="7864" collisions="0" teleports="0" halting="12" stopped="0" meanWaitingTime="19.26" meanTravelTime="111.67" meanSpeed="6.96" meanSpeedRelative="0.50" duration="2"/>
    <step time="14700.00" loaded="8120" inserted="8104" running="66" waiting="16" ended="8038" arrived="8038" collisions="0" teleports="0" halting="11" stopped="0" meanWaitingTime="19.26" meanTravelTime="111.26" meanSpeed="5.94" meanSpeedRelative="0.43" duration="3"/>
    <step time="15000.00" loaded="8279" inserted="8274" running="94" waiting="5" ended="8180" arrived="8180" collisions="0" teleports="0" halting="14" stopped="0" meanWaitingTime="19.05" meanTravelTime="111.58" meanSpeed="6.00" meanSpeedRelative="0.43" duration="3"/>
    <step time="15300.00" loaded="8442" inserted="8409" running="73" waiting="33" ended="8336" arrived="8336" collisions="0" teleports="0" halting="34" stopped="0" meanWaitingTime="19.25" meanTravelTime="112.38" meanSpeed="3.73" meanSpeedRelative="0.28" duration="3"/>
    <step time="15600.00" loaded="8606" inserted="8595" running="75" waiting="11" ended="8520" arrived="8520" collisions="0" teleports="0" halting="24" stopped="0" meanWaitingTime="19.98" meanTravelTime="112.51" meanSpeed="4.87" meanSpeedRelative="0.35" duration="4"/>
    <step time="15900.00" loaded="8797" inserted="8788" running="97" waiting="9" ended="8691" arrived="8691" collisions="0" teleports="0" halting="40" stopped="0" meanWaitingTime="20.34" meanTravelTime="112.57" meanSpeed="4.04" meanSpeedRelative="0.29" duration="2"/>
    <step time="16200.00" loaded="8986" inserted="8974" running="68" waiting="12" ended="8906" arrived="8906" collisions="0" teleports="0" halting="21" stopped="0" meanWaitingTime="20.38" meanTravelTime="112.76" meanSpeed="5.25" meanSpeedRelative="0.38" duration="4"/>
    <step time="16500.00" loaded="9151" inserted="9148" running="70" waiting="3" ended="9078" arrived="9078" collisions="0" teleports="0" halting="20" stopped="0" meanWaitingTime="20.22" meanTravelTime="112.90" meanSpeed="4.42" meanSpeedRelative="0.32" duration="2"/>
    <step time="16800.00" loaded="9336" inserted="9321" running="67" waiting="15" ended="9254" arrived="9254" collisions="0" teleports="0" halting="18" stopped="0" meanWaitingTime="20.16" meanTravelTime="113.25" meanSpeed="4.82" meanSpeedRelative="0.35" duration="2"/>
    <step time="17100.00" loaded="9504" inserted="9483" running="58" waiting="21" ended="9425" arrived="9425" collisions="0" teleports="0" halting="16" stopped="0" meanWaitingTime="20.26" meanTravelTime="113.37" meanSpeed="5.82" meanSpeedRelative="0.42" duration="1"/>
    <step time="17400.00" loaded="9684" inserted="9663" running="64" waiting="21" ended="9599" arrived="9599" collisions="0" teleports="0" halting="32" stopped="0" meanWaitingTime="20.49" meanTravelTime="113.12" meanSpeed="4.43" meanSpeedRelative="0.32" duration="3"/>
    <step time="17700.00" loaded="9857" inserted="9833" running="75" waiting="24" ended="9758" arrived="9758" collisions="0" teleports="0" halting="18" stopped="0" meanWaitingTime="20.80" meanTravelTime="113.34" meanSpeed="4.85" meanSpeedRelative="0.35" duration="1"/>
    <step time="18000.00" loaded="10021" inserted="10000" running="80" waiting="21" ended="9920" arrived="9920" collisions="0" teleports="0" halting="34" stopped="0" meanWaitingTime="21.21" meanTravelTime="113.85" meanSpeed="4.06" meanSpeedRelative="0.29" duration="2"/>
    <step time="18300.00" loaded="10208" inserted="10175" running="56" waiting="33" ended="10119" arrived="10119" collisions="0" teleports="0" halting="29" stopped="0" meanWaitingTime="21.46" meanTravelTime="114.25" meanSpeed="3.79" meanSpeedRelative="0.27" duration="3"/>
    <step time="18600.00" loaded="10372" inserted="10345" running="63" waiting="27" ended="10282" arrived="10282" collisions="0" teleports="0" halting="21" stopped="0" meanWaitingTime="22.08" meanTravelTime="114.14" meanSpeed="6.12" meanSpeedRelative="0.44" duration="2"/>
    <step time="18900.00" loaded="10561" inserted="10526" running="72" waiting="35" ended="10454" arrived="10454" collisions="0" teleports="0" halting="16" stopped="0" meanWaitingTime="22.43" meanTravelTime="113.95" meanSpeed="6.80" meanSpeedRelative="0.49" duration="2"/>
    <step time="19200.00" loaded="10736" inserted="10709" running="64" waiting="27" ended="10645" arrived="10645" collisions="0" teleports="0" halting="32" stopped="0" meanWaitingTime="22.83" meanTravelTime="113.76" meanSpeed="4.17" meanSpeedRelative="0.30" duration="3"/>
    <step time="19500.00" loaded="10946" inserted="10921" running="89" waiting="25" ended="10832" arrived="10832" collisions="0" teleports="0" halting="23" stopped="0" meanWaitingTime="23.18" meanTravelTime="113.88" meanSpeed="4.28" meanSpeedRelative="0.31" duration="2"/>
    <step time="19800.00" loaded="11122" inserted="11091" running="76" waiting="31" ended="11015" arrived="11015" collisions="0" teleports="0" halting="27" stopped="0" meanWaitingTime="23.57" meanTravelTime="114.11" meanSpeed="5.03" meanSpeedRelative="0.36" duration="2"/>
    <step time="20100.00" loaded="11320" inserted="11294" running="97" waiting="26" ended="11197" arrived="11197" collisions="0" teleports="0" halting="21" stopped="0" meanWaitingTime="24.06" meanTravelTime="114.29" meanSpeed="4.93" meanSpeedRelative="0.35" duration="3"/>
    <step time="20400.00" loaded="11486" inserted="11459" running="66" waiting="27" ended="11393" arrived="11393" collisions="0" teleports="0" halting="22" stopped="0" meanWaitingTime="24.50" meanTravelTime="114.40" meanSpeed="4.73" meanSpeedRelative="0.34" duration="2"/>
    <step time="20700.00" loaded="11659" inserted="11636" running="77" waiting="23" ended="11559" arrived="11559" collisions="0" teleports="0" halting="46" stopped="0" meanWaitingTime="24.84" meanTravelTime="114.38" meanSpeed="3.29" meanSpeedRelative="0.24" duration="2"/>
    <step time="21000.00" loaded="11842" inserted="11831" running="58" waiting="11" ended="11773" arrived="11773" collisions="0" teleports="0" halting="41" stopped="0" meanWaitingTime="25.10" meanTravelTime="114.29" meanSpeed="2.07" meanSpeedRelative="0.15" duration="2"/>
    <step time="21300.00" loaded="12002" inserted="12002" running="66" waiting="0" ended="11936" arrived="11936" collisions="0" teleports="0" halting="15" stopped="0" meanWaitingTime="24.91" meanTravelTime="114.16" meanSpeed="4.99" meanSpeedRelative="0.36" duration="1"/>
    <step time="21600.00" loaded="12223" inserted="12214" running="91" waiting="9" ended="12123" arrived="12123" collisions="0" teleports="0" halting="14" stopped="0" meanWaitingTime="24.68" meanTravelTime="114.20" meanSpeed="5.79" meanSpeedRelative="0.42" duration="3"/>
    <step time="21900.00" loaded="12407" inserted="12399" running="85" waiting="8" ended="12314" arrived="12314" collisions="0" teleports="0" halting="32" stopped="0" meanWaitingTime="24.42" meanTravelTime="114.26" meanSpeed="4.26" meanSpeedRelative="0.31" duration="2"/>
    <step time="22200.00" loaded="12596" inserted="12585" running="86" waiting="11" ended="12499" arrived="12499" collisions="0" teleports="0" halting="32" stopped="0" meanWaitingTime="24.23" meanTravelTime="114.26" meanSpeed="4.45" meanSpeedRelative="0.32" duration="2"/>
    <step time="22500.00" loaded="12774" inserted="12740" running="65" waiting="34" ended="12675" arrived="12675" collisions="0" teleports="0" halting="6" stopped="0" meanWaitingTime="24.17" meanTravelTime="114.85" meanSpeed="6.34" meanSpeedRelative="0.46" duration="2"/>
    <step time="22800.00" loaded="12970" inserted="12968" running="99" waiting="2" ended="12869" arrived="12869" collisions="0" teleports="0" halting="56" stopped="0" meanWaitingTime="24.22" meanTravelTime="115.01" meanSpeed="2.50" meanSpeedRelative="0.18" duration="2"/>
    <step time="23100.00" loaded="13156" inserted="13144" running="91" waiting="12" ended="13053" arrived="13053" collisions="0" teleports="0" halting="42" stopped="0" meanWaitingTime="24.05" meanTravelTime="115.78" meanSpeed="3.84" meanSpeedRelative="0.28" duration="4"/>
    <step time="23400.00" loaded="13345" inserted="13335" running="71" waiting="10" ended="13264" arrived="13264" collisions="0" teleports="0" halting="26" stopped="0" meanWaitingTime="24.01" meanTravelTime="115.88" meanSpeed="4.60" meanSpeedRelative="0.33" duration="2"/>
    <step time="23700.00" loaded="13573" inserted="13552" running="88" waiting="21" ended="13464" arrived="13464" collisions="0" teleports="0" halting="33" stopped="0" meanWaitingTime="23.84" meanTravelTime="115.63" meanSpeed="4.20" meanSpeedRelative="0.30" duration="4"/>
    <step time="24000.00" loaded="13747" inserted="13728" running="66" waiting="19" ended="13662" arrived="13662" collisions="0" teleports="0" halting="20" stopped="0" meanWaitingTime="23.87" meanTravelTime="115.77" meanSpeed="4.73" meanSpeedRelative="0.34" duration="2"/>
    <step time="24300.00" loaded="13956" inserted="13933" running="121" waiting="23" ended="13812" arrived="13812" collisions="0" teleports="0" halting="52" stopped="0" meanWaitingTime="24.03" meanTravelTime="115.78" meanSpeed="2.87" meanSpeedRelative="0.21" duration="5"/>
    <step time="24600.00" loaded="14182" inserted="14145" running="95" waiting="37" ended="14050" arrived="14050" collisions="0" teleports="0" halting="58" stopped="0" meanWaitingTime="24.29" meanTravelTime="116.29" meanSpeed="2.29" meanSpeedRelative="0.17" duration="3"/>
    <step time="24900.00" loaded="14394" inserted="14359" running="89" waiting="35" ended="14270" arrived="14270" collisions="0" teleports="0" halting="32" stopped="0" meanWaitingTime="24.80" meanTravelTime="116.65" meanSpeed="4.52" meanSpeedRelative="0.33" duration="3"/>
    <step time="25200.00" loaded="14587" inserted="14542" running="71" waiting="45" ended="14471" arrived="14471" collisions="0" teleports="0" halting="24" stopped="0" meanWaitingTime="25.07" meanTravelTime="116.53" meanSpeed="5.49" meanSpeedRelative="0.40" duration="3"/>
    <step time="25500.00" loaded="14761" inserted="14740" running="71" waiting="21" ended="14669" arrived="14669" collisions="0" teleports="0" halting="25" stopped="0" meanWaitingTime="25.48" meanTravelTime="116.55" meanSpeed="4.48" meanSpeedRelative="0.32" duration="4"/>
    <step time="25800.00" loaded="14991" inserted="14960" running="78" waiting="31" ended="14882" arrived="14882" collisions="0" teleports="0" halting="22" stopped="0" meanWaitingTime="25.56" meanTravelTime="116.62" meanSpeed="5.11" meanSpeedRelative="0.37" duration="1"/>
    <step time="26100.00" loaded="15201" inserted="15170" running="93" waiting="31" ended="15077" arrived="15077" collisions="0" teleports="0" halting="27" stopped="0" meanWaitingTime="25.87" meanTravelTime="116.62" meanSpeed="4.16" meanSpeedRelative="0.30" duration="2"/>
    <step time="26400.00" loaded="15394" inserted="15353" running="70" waiting="41" ended="15283" arrived="15283" collisions="0" teleports="0" halting="29" stopped="0" meanWaitingTime="26.17" meanTravelTime="116.87" meanSpeed="3.64" meanSpeedRelative="0.26" duration="3"/>
    <step time="26700.00" loaded="15614" inserted="15580" running="98" waiting="34" ended="15482" arrived="15482" collisions="0" teleports="0" halting="35" stopped="0" meanWaitingTime="26.62" meanTravelTime="116.69" meanSpeed="3.48" meanSpeedRelative="0.25" duration="3"/>
    <step time="27000.00" loaded="15832" inserted="15780" running="87" waiting="52" ended="15693" arrived="15693" collisions="0" teleports="0" halting="24" stopped="0" meanWaitingTime="26.90" meanTravelTime="116.78" meanSpeed="5.28" meanSpeedRelative="0.38" duration="3"/>
    <step time="27300.00" loaded="16055" inserted="15999" running="109" waiting="56" ended="15890" arrived="15890" collisions="0" teleports="0" halting="35" stopped="0" meanWaitingTime="27.52" meanTravelTime="116.57" meanSpeed="4.52" meanSpeedRelative="0.33" duration="2"/>
    <step time="27600.00" loaded="16254" inserted="16200" running="83" waiting="54" ended="16117" arrived="16117" collisions="0" teleports="0" halting="46" stopped="0" meanWaitingTime="28.20" meanTravelTime="116.83" meanSpeed="3.07" meanSpeedRelative="0.22" duration="2"/>
    <step time="27900.00" loaded="16461" inserted="16415" running="59" waiting="46" ended="16356" arrived="16356" collisions="0" teleports="0" halting="14" stopped="0" meanWaitingTime="28.84" meanTravelTime="116.82" meanSpeed="6.08" meanSpeedRelative="0.44" duration="2"/>
    <step time="28200.00" loaded="16685" inserted="16647" running="66" waiting="38" ended="16581" arrived="16581" collisions="0" teleports="0" halting="18" stopped="0" meanWaitingTime="29.35" meanTravelTime="116.49" meanSpeed="5.84" meanSpeedRelative="0.42" duration="2"/>
    <step time="28500.00" loaded="16884" inserted="16850" running="68" waiting="34" ended="16782" arrived="16782" collisions="0" teleports="0" halting="20" stopped="0" meanWaitingTime="29.70" meanTravelTime="116.23" meanSpeed="5.23" meanSpeedRelative="0.38" duration="3"/>
    <step time="28800.00" loaded="17097" inserted="17063" running="73" waiting="34" ended="16990" arrived="16990" collisions="0" teleports="0" halting="26" stopped="0" meanWaitingTime="29.82" meanTravelTime="116.10" meanSpeed="3.50" meanSpeedRelative="0.25" duration="2"/>
    <step time="29100.00" loaded="17319" inserted="17276" running="109" waiting="43" ended="17167" arrived="17167" collisions="0" teleports="0" halting="43" stopped="0" meanWaitingTime="29.96" meanTravelTime="116.32" meanSpeed="3.31" meanSpeedRelative="0.24" duration="2"/>
    <step time="29400.00" loaded="17521" inserted="17469" running="102" waiting="52" ended="17367" arrived="17367" collisions="0" teleports="0" halting="32" stopped="0" meanWaitingTime="30.25" meanTravelTime="116.80" meanSpeed="4.02" meanSpeedRelative="0.29" duration="3"/>
    <step time="29700.00" loaded="17708" inserted="17643" running="76" waiting="65" ended="17567" arrived="17567" collisions="0" teleports="0" halting="24" stopped="0" meanWaitingTime="30.44" meanTravelTime="117.32" meanSpeed="4.61" meanSpeedRelative="0.33" duration="1"/>
    <step time="30000.00" loaded="17885" inserted="17829" running="85" waiting="56" ended="17744" arrived="17744" collisions="0" teleports="0" halting="56" stopped="0" meanWaitingTime="31.39" meanTravelTime="117.48" meanSpeed="2.48" meanSpeedRelative="0.18" duration="2"/>
    <step time="30300.00" loaded="18084" inserted="18034" running="66" waiting="50" ended="17968" arrived="17968" collisions="0" teleports="0" halting="27" stopped="0" meanWaitingTime="32.08" meanTravelTime="117.77" meanSpeed="4.04" meanSpeedRelative="0.30" duration="2"/>
    <step time="30600.00" loaded="18298" inserted="18254" running="92" waiting="44" ended="18162" arrived="18162" collisions="0" teleports="0" halting="29" stopped="0" meanWaitingTime="32.57" meanTravelTime="117.61" meanSpeed="4.81" meanSpeedRelative="0.35" duration="2"/>
    <step time="30900.00" loaded="18521" inserted="18480" running="109" waiting="41" ended="18371" arrived="18371" collisions="0" teleports="0" halting="53" stopped="0" meanWaitingTime="32.88" meanTravelTime="117.53" meanSpeed="2.90" meanSpeedRelative="0.21" duration="4"/>
    <step time="31200.00" loaded="18693" inserted="18648" running="56" waiting="45" ended="18592" arrived="18592" collisions="0" teleports="0" halting="14" stopped="0" meanWaitingTime="32.98" meanTravelTime="118.02" meanSpeed="4.47" meanSpeedRelative="0.32" duration="1"/>
    <step time="31500.00" loaded="18870" inserted="18826" running="54" waiting="44" ended="18772" arrived="18772" collisions="0" teleports="0" halting="26" stopped="0" meanWaitingTime="33.28" meanTravelTime="117.98" meanSpeed="4.34" meanSpeedRelative="0.31" duration="2"/>
    <step time="31800.00" loaded="19028" inserted="18993" running="70" waiting="35" ended="18923" arrived="18923" collisions="0" teleports="0" halting="21" stopped="0" meanWaitingTime="33.66" meanTravelTime="117.93" meanSpeed="4.10" meanSpeedRelative="0.29" duration="3"/>
    <step time="32100.00" loaded="19210" inserted="19170" running="67" waiting="40" ended="19103" arrived="19103" collisions="0" teleports="0" halting="23" stopped="0" meanWaitingTime="34.06" meanTravelTime="117.86" meanSpeed="4.50" meanSpeedRelative="0.32" duration="1"/>
    <step time="32400.00" loaded="19376" inserted="19330" running="71" waiting="46" ended="19259" arrived="19259" collisions="0" teleports="0" halting="23" stopped="0" meanWaitingTime="34.29" meanTravelTime="117.72" meanSpeed="4.62" meanSpeedRelative="0.33" duration="3"/>
    <step time="32700.00" loaded="19554" inserted="19514" running="67" waiting="40" ended="19447" arrived="19447" collisions="0" teleports="0" halting="13" stopped="0" meanWaitingTime="34.55" meanTravelTime="117.81" meanSpeed="5.44" meanSpeedRelative="0.39" duration="2"/>
    <step time="33000.00" loaded="19724" inserted="19693" running="64" waiting="31" ended="19629" arrived="19629" collisions="0" teleports="0" halting="10" stopped="0" meanWaitingTime="34.82" meanTravelTime="117.85" meanSpeed="5.01" meanSpeedRelative="0.36" duration="2"/>
    <step time="33300.00" loaded="19857" inserted="19833" running="69" waiting="24" ended="19764" arrived="19764" collisions="0" teleports="0" halting="19" stopped="0" meanWaitingTime="34.97" meanTravelTime="117.88" meanSpeed="4.63" meanSpeedRelative="0.33" duration="2"/>
    <step time="33600.00" loaded="20052" inserted="20017" running="66" waiting="35" ended="19951" arrived="19951" collisions="0" teleports="0" halting="36" stopped="0" meanWaitingTime="35.13" meanTravelTime="117.81" meanSpeed="4.27" meanSpeedRelative="0.31" duration="2"/>
    <step time="33900.00" loaded="20205" inserted="20170" running="60" waiting="35" ended="20110" arrived="20110" collisions="0" teleports="0" halting="21" stopped="0" meanWaitingTime="35.32" meanTravelTime="117.78" meanSpeed="4.15" meanSpeedRelative="0.30" duration="3"/>
    <step time="34200.00" loaded="20362" inserted="20324" running="80" waiting="38" ended="20244" arrived="20244" collisions="0" teleports="0" halting="21" stopped="0" meanWaitingTime="35.51" meanTravelTime="117.71" meanSpeed="5.04" meanSpeedRelative="0.36" duration="3"/>
    <step time="34500.00" loaded="20531" inserted="20481" running="76" waiting="50" ended="20405" arrived="20405" collisions="0" teleports="0" halting="13" stopped="0" meanWaitingTime="35.65" meanTravelTime="117.87" meanSpeed="5.32" meanSpeedRelative="0.38" duration="4"/>
    <step time="34800.00" loaded="20682" inserted="20650" running="72" waiting="32" ended="20578" arrived="20578" collisions="0" teleports="0" halting="25" stopped="0" meanWaitingTime="36.22" meanTravelTime="118.08" meanSpeed="4.53" meanSpeedRelative="0.33" duration="2"/>
    <step time="35100.00" loaded="20820" inserted="20806" running="66" waiting="14" ended="20740" arrived="20740" collisions="0" teleports="0" halting="11" stopped="0" meanWaitingTime="36.38" meanTravelTime="118.10" meanSpeed="6.19" meanSpeedRelative="0.45" duration="3"/>
    <step time="35400.00" loaded="20960" inserted="20953" running="53" waiting="7" ended="20900" arrived="20900" collisions="0" teleports="0" halting="6" stopped="0" meanWaitingTime="36.20" meanTravelTime="118.00" meanSpeed="6.66" meanSpeedRelative="0.48" duration="2"/>
    <step time="35700.00" loaded="21103" inserted="21096" running="47" waiting="7" ended="21049" arrived="21049" collisions="0" teleports="0" halting="17" stopped="0" meanWaitingTime="36.08" meanTravelTime="118.06" meanSpeed="4.34" meanSpeedRelative="0.31" duration="2"/>
    <step time="36000.00" loaded="21258" inserted="21252" running="49" waiting="6" ended="21203" arrived="21203" collisions="0" teleports="0" halting="20" stopped="0" meanWaitingTime="35.93" meanTravelTime="117.92" meanSpeed="3.92" meanSpeedRelative="0.28" duration="1"/>
    <step time="36300.00" loaded="21432" inserted="21415" running="54" waiting="17" ended="21361" arrived="21361" collisions="0" teleports="0" halting="32" stopped="0" meanWaitingTime="35.81" meanTravelTime="117.78" meanSpeed="3.55" meanSpeedRelative="0.26" duration="1"/>
    <step time="36600.00" loaded="21578" inserted="21568" running="58" waiting="10" ended="21510" arrived="21510" collisions="0" teleports="0" halting="5" stopped="0" meanWaitingTime="35.74" meanTravelTime="117.74" meanSpeed="7.00" meanSpeedRelative="0.50" duration="1"/>
    <step time="36900.00" loaded="21717" inserted="21697" running="36" waiting="20" ended="21661" arrived="21661" collisions="0" teleports="0" halting="11" stopped="0" meanWaitingTime="35.60" meanTravelTime="117.68" meanSpeed="6.27" meanSpeedRelative="0.45" duration="1"/>
    <step time="37200.00" loaded="21839" inserted="21815" running="42" waiting="24" ended="21773" arrived="21773" collisions="0" teleports="0" halting="26" stopped="0" meanWaitingTime="35.59" meanTravelTime="117.57" meanSpeed="3.12" meanSpeedRelative="0.22" duration="2"/>
    <step time="37500.00" loaded="21979" inserted="21942" running="44" waiting="37" ended="21898" arrived="21898" collisions="0" teleports="0" halting="15" stopped="0" meanWaitingTime="35.79" meanTravelTime="117.57" meanSpeed="5.70" meanSpeedRelative="0.41" duration="3"/>
    <step time="37800.00" loaded="22132" inserted="22091" running="48" waiting="41" ended="22043" arrived="22043" collisions="0" teleports="0" halting="14" stopped="0" meanWaitingTime="36.05" meanTravelTime="117.42" meanSpeed="5.51" meanSpeedRelative="0.40" duration="2"/>
    <step time="38100.00" loaded="22275" inserted="22231" running="60" waiting="44" ended="22171" arrived="22171" collisions="0" teleports="0" halting="27" stopped="0" meanWaitingTime="36.27" meanTravelTime="117.29" meanSpeed="4.48" meanSpeedRelative="0.32" duration="1"/>
    <step time="38400.00" loaded="22399" inserted="22370" running="56" waiting="29" ended="22314" arrived="22314" collisions="0" teleports="0" halting="24" stopped="0" meanWaitingTime="36.59" meanTravelTime="117.39" meanSpeed="3.86" meanSpeedRelative="0.28" duration="2"/>
    <step time="38700.00" loaded="22497" inserted="22483" running="67" waiting="14" ended="22416" arrived="22416" collisions="0" teleports="0" halting="49" stopped="0" meanWaitingTime="36.75" meanTravelTime="117.37" meanSpeed="2.01" meanSpeedRelative="0.14" duration="1"/>
    <step time="39000.00" loaded="22603" inserted="22570" running="72" waiting="33" ended="22498" arrived="22498" collisions="0" teleports="0" halting="25" stopped="0" meanWaitingTime="36.93" meanTravelTime="117.59" meanSpeed="3.63" meanSpeedRelative="0.26" duration="1"/>
    <step time="39300.00" loaded="22728" inserted="22686" running="57" waiting="42" ended="22629" arrived="22629" collisions="0" teleports="0" halting="26" stopped="0" meanWaitingTime="37.20" meanTravelTime="118.15" meanSpeed="3.63" meanSpeedRelative="0.26" duration="1"/>
    <step time="39600.00" loaded="22839" inserted="22800" running="54" waiting="39" ended="22746" arrived="22746" collisions="0" teleports="0" halting="32" stopped="0" meanWaitingTime="37.44" meanTravelTime="118.40" meanSpeed="2.59" meanSpeedRelative="0.19" duration="2"/>
    <step time="39900.00" loaded="22961" inserted="22935" running="85" waiting="26" ended="22850" arrived="22850" collisions="0" teleports="0" halting="74" stopped="0" meanWaitingTime="37.75" meanTravelTime="118.50" meanSpeed="1.02" meanSpeedRelative="0.09" duration="3"/>
    <step time="40200.00" loaded="23051" inserted="23031" running="53" waiting="20" ended="22978" arrived="22978" collisions="0" teleports="0" halting="22" stopped="0" meanWaitingTime="37.97" meanTravelTime="118.93" meanSpeed="3.34" meanSpeedRelative="0.24" duration="3"/>
    <step time="40500.00" loaded="23150" inserted="23127" running="41" waiting="23" ended="23086" arrived="23086" collisions="0" teleports="0" halting="10" stopped="0" meanWaitingTime="38.07" meanTravelTime="119.18" meanSpeed="5.88" meanSpeedRelative="0.42" duration="1"/>
    <step time="40800.00" loaded="23261" inserted="23231" running="36" waiting="30" ended="23195" arrived="23195" collisions="0" teleports="0" halting="18" stopped="0" meanWaitingTime="38.33" meanTravelTime="119.13" meanSpeed="4.36" meanSpeedRelative="0.31" duration="1"/>
    <step time="41100.00" loaded="23347" inserted="23324" running="47" waiting="23" ended="23277" arrived="23277" collisions="0" teleports="0" halting="25" stopped="0" meanWaitingTime="38.49" meanTravelTime="119.16" meanSpeed="3.14" meanSpeedRelative="0.23" duration="2"/>
    <step time="41400.00" loaded="23412" inserted="23401" running="30" waiting="11" ended="23371" arrived="23371" collisions="0" teleports="0" halting="23" stopped="0" meanWaitingTime="38.58" meanTravelTime="119.39" meanSpeed="2.58" meanSpeedRelative="0.19" duration="2"/>
    <step time="41700.00" loaded="23511" inserted="23485" running="55" waiting="26" ended="23430" arrived="23430" collisions="0" teleports="0" halting="29" stopped="0" meanWaitingTime="38.72" meanTravelTime="119.45" meanSpeed="4.12" meanSpeedRelative="0.30" duration="3"/>
    <step time="42000.00" loaded="23591" inserted="23562" running="36" waiting="29" ended="23526" arrived="23526" collisions="0" teleports="0" halting="9" stopped="0" meanWaitingTime="38.91" meanTravelTime="119.68" meanSpeed="5.00" meanSpeedRelative="0.36" duration="2"/>
    <step time="42300.00" loaded="23700" inserted="23675" running="44" waiting="25" ended="23631" arrived="23631" collisions="0" teleports="0" halting="12" stopped="0" meanWaitingTime="39.16" meanTravelTime="119.65" meanSpeed="6.61" meanSpeedRelative="0.48" duration="2"/>
    <step time="42600.00" loaded="23812" inserted="23775" running="41" waiting="37" ended="23734" arrived="23734" collisions="0" teleports="0" halting="5" stopped="0" meanWaitingTime="39.37" meanTravelTime="119.59" meanSpeed="7.98" meanSpeedRelative="0.57" duration="1"/>
    <step time="42900.00" loaded="23913" inserted="23890" running="58" waiting="23" ended="23832" arrived="23832" collisions="0" teleports="0" halting="25" stopped="0" meanWaitingTime="39.65" meanTravelTime="119.64" meanSpeed="3.90" meanSpeedRelative="0.28" duration="2"/>
    <step time="43200.00" loaded="24015" inserted="23980" running="23" waiting="35" ended="23957" arrived="23957" collisions="0" teleports="0" halting="6" stopped="0" meanWaitingTime="39.78" meanTravelTime="119.83" meanSpeed="5.34" meanSpeedRelative="0.38" duration="1"/>
    <step time="43500.00" loaded="24096" inserted="24076" running="45" waiting="20" ended="24031" arrived="24031" collisions="0" teleports="0" halting="8" stopped="0" meanWaitingTime="39.95" meanTravelTime="119.78" meanSpeed="6.33" meanSpeedRelative="0.46" duration="2"/>
    <step time="43800.00" loaded="24197" inserted="24162" running="39" waiting="35" ended="24123" arrived="24123" collisions="0" teleports="0" halting="19" stopped="0" meanWaitingTime="40.13" meanTravelTime="119.79" meanSpeed="4.39" meanSpeedRelative="0.34" duration="2"/>
    <step time="44100.00" loaded="24302" inserted="24273" running="38" waiting="29" ended="24235" arrived="24235" collisions="0" teleports="0" halting="17" stopped="0" meanWaitingTime="40.36" meanTravelTime="119.71" meanSpeed="4.63" meanSpeedRelative="0.33" duration="3"/>
    <step time="44400.00" loaded="24413" inserted="24375" running="59" waiting="38" ended="24316" arrived="24316" collisions="0" teleports="0" halting="37" stopped="0" meanWaitingTime="40.61" meanTravelTime="119.60" meanSpeed="2.08" meanSpeedRelative="0.15" duration="1"/>
    <step time="44700.00" loaded="24515" inserted="24469" running="35" waiting="46" ended="24434" arrived="24434" collisions="0" teleports="0" halting="11" stopped="0" meanWaitingTime="40.98" meanTravelTime="119.90" meanSpeed="5.63" meanSpeedRelative="0.41" duration="1"/>
    <step time="45000.00" loaded="24620" inserted="24571" running="38" waiting="49" ended="24533" arrived="24533" collisions="0" teleports="0" halting="3" stopped="0" meanWaitingTime="41.34" meanTravelTime="119.88" meanSpeed="6.84" meanSpeedRelative="0.49" duration="1"/>
    <step time="45300.00" loaded="24707" inserted="24676" running="57" waiting="31" ended="24619" arrived="24619" collisions="0" teleports="0" halting="15" stopped="0" meanWaitingTime="41.69" meanTravelTime="119.92" meanSpeed="4.01" meanSpeedRelative="0.29" duration="3"/>
    <step time="45600.00" loaded="24791" inserted="24762" running="48" waiting="29" ended="24714" arrived="24714" collisions="0" teleports="0" halting="27" stopped="0" meanWaitingTime="41.89" meanTravelTime="120.08" meanSpeed="3.45" meanSpeedRelative="0.25" duration="1"/>
    <step time="45900.00" loaded="24878" inserted="24832" running="50" waiting="46" ended="24782" arrived="24782" collisions="0" teleports="0" halting="46" stopped="0" meanWaitingTime="42.11" meanTravelTime="120.15" meanSpeed="0.75" meanSpeedRelative="0.05" duration="2"/>
    <step time="46200.00" loaded="24959" inserted="24911" running="60" waiting="48" ended="24851" arrived="24851" collisions="0" teleports="0" halting="54" stopped="0" meanWaitingTime="42.34" meanTravelTime="119.97" meanSpeed="0.78" meanSpeedRelative="0.06" duration="1"/>
    <step time="46500.00" loaded="25007" inserted="25001" running="87" waiting="6" ended="24914" arrived="24914" collisions="0" teleports="0" halting="74" stopped="0" meanWaitingTime="42.66" meanTravelTime="119.84" meanSpeed="0.99" meanSpeedRelative="0.07" duration="2"/>
    <step time="46800.00" loaded="25027" inserted="25027" running="76" waiting="0" ended="24951" arrived="24951" collisions="0" teleports="0" halting="75" stopped="0" meanWaitingTime="42.68" meanTravelTime="119.77" meanSpeed="0.22" meanSpeedRelative="0.02" duration="2"/>
    <step time="47100.00" loaded="25045" inserted="25045" running="73" waiting="0" ended="24972" arrived="24972" collisions="0" teleports="0" halting="70" stopped="0" meanWaitingTime="42.65" meanTravelTime="119.70" meanSpeed="0.24" meanSpeedRelative="0.02" duration="1"/>
    <step time="47400.00" loaded="25061" inserted="25061" running="73" waiting="0" ended="24988" arrived="24988" collisions="0" teleports="0" halting="73" stopped="0" meanWaitingTime="42.62" meanTravelTime="119.64" meanSpeed="0.00" meanSpeedRelative="0.00" duration="1"/>
    <step time="47700.00" loaded="25075" inserted="25075" running="76" waiting="0" ended="24999" arrived="24999" collisions="0" teleports="0" halting="76" stopped="0" meanWaitingTime="42.60" meanTravelTime="119.61" meanSpeed="0.00" meanSpeedRelative="0.00" duration="3"/>
    <step time="48000.00" loaded="25088" inserted="25088" running="77" waiting="0" ended="25011" arrived="25011" collisions="0" teleports="0" halting="76" stopped="0" meanWaitingTime="42.58" meanTravelTime="119.57" meanSpeed="0.08" meanSpeedRelative="0.01" duration="2"/>
    <step time="48300.00" loaded="25102" inserted="25102" running="77" waiting="0" ended="25025" arrived="25025" collisions="0" teleports="0" halting="76" stopped="0" meanWaitingTime="42.55" meanTravelTime="119.53" meanSpeed="0.04" meanSpeedRelative="0.00" duration="1"/>
    <step time="48600.00" loaded="25118" inserted="25118" running="78" waiting="0" ended="25040" arrived="25040" collisions="0" teleports="0" halting="76" stopped="0" meanWaitingTime="42.53" meanTravelTime="119.47" meanSpeed="0.20" meanSpeedRelative="0.01" duration="2"/>
    <step time="48900.00" loaded="25133" inserted="25133" running="82" waiting="0" ended="25051" arrived="25051" collisions="0" teleports="0" halting="81" stopped="0" meanWaitingTime="42.50" meanTravelTime="119.43" meanSpeed="0.04" meanSpeedRelative="0.00" duration="1"/>
    <step time="49200.00" loaded="25143" inserted="25143" running="76" waiting="0" ended="25067" arrived="25067" collisions="0" teleports="0" halting="76" stopped="0" meanWaitingTime="42.48" meanTravelTime="119.39" meanSpeed="0.00" meanSpeedRelative="0.00" duration="2"/>
</summary>
