<?xml version="1.0" encoding="UTF-8"?>

<!-- generated on 2025-02-28 20:12:16 by Eclipse SUMO GUI Version 1.19.0
<configuration xmlns:xsi="http://www.w3.org/2001/XMLSchema-instance" xsi:noNamespaceSchemaLocation="http://sumo.dlr.de/xsd/sumoConfiguration.xsd">

    <input>
        <net-file value="Network.net.xml"/>
        <route-files value="CarRoutes.rou.xml"/>
        <additional-files value="Sensors.add.xml"/>
    </input>

    <output>
        <emission-output value="logs/Emissions.xml"/>
        <summary-output value="logs/Log_summary.xml"/>
        <summary-output.period value="300"/>
        <tripinfo-output value="logs/TripInfos.xml"/>
    </output>

    <time>
        <begin value="0"/>
        <end value="86400"/>
        <step-length value="0.25"/>
    </time>

    <processing>
        <ignore-junction-blocker value="0.1"/>
        <time-to-teleport value="-1"/>
    </processing>

    <report>
        <verbose value="true"/>
        <no-step-log value="true"/>
    </report>

    <emissions>
        <device.emissions.period value="10"/>
    </emissions>

    <traci_server>
        <remote-port value="59746"/>
    </traci_server>

    <gui_only>
        <quit-on-end value="true"/>
        <start value="true"/>
    </gui_only>

</configuration>
-->

<instantE1 xmlns:xsi="http://www.w3.org/2001/XMLSchema-instance" xsi:noNamespaceSchemaLocation="http://sumo.dlr.de/xsd/instant_e1_file.xsd">
    <instantOut id="235_D025" time="358.43" state="enter" vehID="Car_226" speed="10.11" length="5.00" type="DEFAULT_CAR"/>
    <instantOut id="235_D025" time="358.50" state="stay" vehID="Car_226" speed="10.11" length="5.00" type="DEFAULT_CAR"/>
    <instantOut id="235_D025" time="358.75" state="stay" vehID="Car_226" speed="10.62" length="5.00" type="DEFAULT_CAR"/>
    <instantOut id="235_D025" time="358.92" state="leave" vehID="Car_226" speed="9.87" length="5.00" type="DEFAULT_CAR" occupancy="0.49"/>
    <instantOut id="235_D025" time="1030.04" state="enter" vehID="Car_1005" speed="6.90" length="5.00" type="DEFAULT_CAR" gap="671.12"/>
    <instantOut id="235_D025" time="1030.25" state="stay" vehID="Car_1005" speed="6.90" length="5.00" type="DEFAULT_CAR"/>
    <instantOut id="235_D025" time="1030.50" state="stay" vehID="Car_1005" speed="6.33" length="5.00" type="DEFAULT_CAR"/>
    <instantOut id="235_D025" time="1030.75" state="stay" vehID="Car_1005" speed="5.88" length="5.00" type="DEFAULT_CAR"/>
    <instantOut id="235_D025" time="1030.84" state="leave" vehID="Car_1005" speed="5.13" length="5.00" type="DEFAULT_CAR" occupancy="0.81"/>
    <instantOut id="235_D025" time="2469.97" state="enter" vehID="Car_1133" speed="9.59" length="5.00" type="DEFAULT_CAR" gap="1439.13"/>
    <instantOut id="235_D025" time="2470.00" state="stay" vehID="Car_1133" speed="9.59" length="5.00" type="DEFAULT_CAR"/>
    <instantOut id="235_D025" time="2470.25" state="stay" vehID="Car_1133" speed="8.84" length="5.00" type="DEFAULT_CAR"/>
    <instantOut id="235_D025" time="2470.50" state="stay" vehID="Car_1133" speed="8.09" length="5.00" type="DEFAULT_CAR"/>
    <instantOut id="235_D025" time="2470.57" state="leave" vehID="Car_1133" speed="7.57" length="5.00" type="DEFAULT_CAR" occupancy="0.59"/>
    <instantOut id="235_D025" time="2678.23" state="enter" vehID="Car_1748" speed="10.17" length="5.00" type="DEFAULT_CAR" gap="207.66"/>
    <instantOut id="235_D025" time="2678.25" state="stay" vehID="Car_1748" speed="10.17" length="5.00" type="DEFAULT_CAR"/>
    <instantOut id="235_D025" time="2678.50" state="stay" vehID="Car_1748" speed="10.70" length="5.00" type="DEFAULT_CAR"/>
    <instantOut id="235_D025" time="2678.71" state="leave" vehID="Car_1748" speed="10.12" length="5.00" type="DEFAULT_CAR" occupancy="0.48"/>
    <instantOut id="235_D025" time="4301.48" state="enter" vehID="Car_1963" speed="9.82" length="5.00" type="DEFAULT_CAR" gap="1622.78"/>
    <instantOut id="235_D025" time="4301.50" state="stay" vehID="Car_1963" speed="9.82" length="5.00" type="DEFAULT_CAR"/>
    <instantOut id="235_D025" time="4301.75" state="stay" vehID="Car_1963" speed="9.72" length="5.00" type="DEFAULT_CAR"/>
    <instantOut id="235_D025" time="4302.00" state="stay" vehID="Car_1963" speed="8.97" length="5.00" type="DEFAULT_CAR"/>
    <instantOut id="235_D025" time="4302.02" state="leave" vehID="Car_1963" speed="8.22" length="5.00" type="DEFAULT_CAR" occupancy="0.54"/>
    <instantOut id="235_D025" time="4990.04" state="enter" vehID="Car_2760" speed="7.17" length="5.00" type="DEFAULT_CAR" gap="688.02"/>
    <instantOut id="235_D025" time="4990.25" state="stay" vehID="Car_2760" speed="7.17" length="5.00" type="DEFAULT_CAR"/>
    <instantOut id="235_D025" time="4990.50" state="stay" vehID="Car_2760" speed="7.92" length="5.00" type="DEFAULT_CAR"/>
    <instantOut id="235_D025" time="4990.69" state="leave" vehID="Car_2760" speed="7.86" length="5.00" type="DEFAULT_CAR" occupancy="0.65"/>
    <instantOut id="235_D025" time="7254.96" state="enter" vehID="Car_4128" speed="7.28" length="5.00" type="DEFAULT_CAR" gap="2264.26"/>
    <instantOut id="235_D025" time="7255.00" state="stay" vehID="Car_4128" speed="7.28" length="5.00" type="DEFAULT_CAR"/>
    <instantOut id="235_D025" time="7255.25" state="stay" vehID="Car_4128" speed="7.93" length="5.00" type="DEFAULT_CAR"/>
    <instantOut id="235_D025" time="7255.50" state="stay" vehID="Car_4128" speed="8.45" length="5.00" type="DEFAULT_CAR"/>
    <instantOut id="235_D025" time="7255.56" state="leave" vehID="Car_4128" speed="9.24" length="5.00" type="DEFAULT_CAR" occupancy="0.61"/>
    <instantOut id="235_D025" time="9360.98" state="enter" vehID="Car_5096" speed="8.83" length="5.00" type="DEFAULT_CAR" gap="2105.41"/>
    <instantOut id="235_D025" time="9361.00" state="stay" vehID="Car_5096" speed="8.83" length="5.00" type="DEFAULT_CAR"/>
    <instantOut id="235_D025" time="9361.25" state="stay" vehID="Car_5096" speed="8.08" length="5.00" type="DEFAULT_CAR"/>
    <instantOut id="235_D025" time="9361.50" state="stay" vehID="Car_5096" speed="7.52" length="5.00" type="DEFAULT_CAR"/>
    <instantOut id="235_D025" time="9361.63" state="leave" vehID="Car_5096" speed="6.77" length="5.00" type="DEFAULT_CAR" occupancy="0.66"/>
    <instantOut id="235_D025" time="14295.97" state="enter" vehID="Car_8336" speed="8.43" length="5.00" type="DEFAULT_CAR" gap="4934.34"/>
    <instantOut id="235_D025" time="14296.00" state="stay" vehID="Car_8336" speed="8.43" length="5.00" type="DEFAULT_CAR"/>
    <instantOut id="235_D025" time="14296.25" state="stay" vehID="Car_8336" speed="8.11" length="5.00" type="DEFAULT_CAR"/>
    <instantOut id="235_D025" time="14296.50" state="stay" vehID="Car_8336" speed="7.44" length="5.00" type="DEFAULT_CAR"/>
    <instantOut id="235_D025" time="14296.63" state="leave" vehID="Car_8336" speed="6.69" length="5.00" type="DEFAULT_CAR" occupancy="0.66"/>
    <instantOut id="235_D025" time="15942.46" state="enter" vehID="Car_8686" speed="9.99" length="5.00" type="DEFAULT_CAR" gap="1645.83"/>
    <instantOut id="235_D025" time="15942.50" state="stay" vehID="Car_8686" speed="9.99" length="5.00" type="DEFAULT_CAR"/>
    <instantOut id="235_D025" time="15942.75" state="stay" vehID="Car_8686" speed="10.83" length="5.00" type="DEFAULT_CAR"/>
    <instantOut id="235_D025" time="15942.93" state="leave" vehID="Car_8686" speed="10.26" length="5.00" type="DEFAULT_CAR" occupancy="0.47"/>
    <instantOut id="235_D025" time="16305.46" state="enter" vehID="Car_9181" speed="9.90" length="5.00" type="DEFAULT_CAR" gap="362.52"/>
    <instantOut id="235_D025" time="16305.50" state="stay" vehID="Car_9181" speed="9.90" length="5.00" type="DEFAULT_CAR"/>
    <instantOut id="235_D025" time="16305.75" state="stay" vehID="Car_9181" speed="10.56" length="5.00" type="DEFAULT_CAR"/>
    <instantOut id="235_D025" time="16305.93" state="leave" vehID="Car_9181" speed="10.62" length="5.00" type="DEFAULT_CAR" occupancy="0.48"/>
    <instantOut id="235_D025" time="17552.19" state="enter" vehID="Car_9935" speed="9.81" length="5.00" type="DEFAULT_CAR" gap="1246.26"/>
    <instantOut id="235_D025" time="17552.25" state="stay" vehID="Car_9935" speed="9.81" length="5.00" type="DEFAULT_CAR"/>
    <instantOut id="235_D025" time="17552.50" state="stay" vehID="Car_9935" speed="9.06" length="5.00" type="DEFAULT_CAR"/>
    <instantOut id="235_D025" time="17552.75" state="stay" vehID="Car_9935" speed="8.31" length="5.00" type="DEFAULT_CAR"/>
    <instantOut id="235_D025" time="17552.76" state="leave" vehID="Car_9935" speed="7.60" length="5.00" type="DEFAULT_CAR" occupancy="0.57"/>
    <instantOut id="235_D025" time="18040.24" state="enter" vehID="Car_10230" speed="8.83" length="5.00" type="DEFAULT_CAR" gap="487.48"/>
    <instantOut id="235_D025" time="18040.25" state="stay" vehID="Car_10230" speed="8.83" length="5.00" type="DEFAULT_CAR"/>
    <instantOut id="235_D025" time="18040.50" state="stay" vehID="Car_10230" speed="8.28" length="5.00" type="DEFAULT_CAR"/>
    <instantOut id="235_D025" time="18040.75" state="stay" vehID="Car_10230" speed="7.57" length="5.00" type="DEFAULT_CAR"/>
    <instantOut id="235_D025" time="18040.88" state="leave" vehID="Car_10230" speed="6.82" length="5.00" type="DEFAULT_CAR" occupancy="0.65"/>
    <instantOut id="235_D025" time="21219.47" state="enter" vehID="Car_12130" speed="9.12" length="5.00" type="DEFAULT_CAR" gap="3178.59"/>
    <instantOut id="235_D025" time="21219.50" state="stay" vehID="Car_12130" speed="9.12" length="5.00" type="DEFAULT_CAR"/>
    <instantOut id="235_D025" time="21219.75" state="stay" vehID="Car_12130" speed="8.37" length="5.00" type="DEFAULT_CAR"/>
    <instantOut id="235_D025" time="21220.00" state="stay" vehID="Car_12130" speed="7.62" length="5.00" type="DEFAULT_CAR"/>
    <instantOut id="235_D025" time="21220.10" state="leave" vehID="Car_12130" speed="6.87" length="5.00" type="DEFAULT_CAR" occupancy="0.64"/>
    <instantOut id="235_D025" time="22990.98" state="enter" vehID="Car_13198" speed="8.67" length="5.00" type="DEFAULT_CAR" gap="1770.87"/>
    <instantOut id="235_D025" time="22991.00" state="stay" vehID="Car_13198" speed="8.67" length="5.00" type="DEFAULT_CAR"/>
    <instantOut id="235_D025" time="22991.25" state="stay" vehID="Car_13198" speed="8.18" length="5.00" type="DEFAULT_CAR"/>
    <instantOut id="235_D025" time="22991.50" state="stay" vehID="Car_13198" speed="7.56" length="5.00" type="DEFAULT_CAR"/>
    <instantOut id="235_D025" time="22991.63" state="leave" vehID="Car_13198" speed="6.81" length="5.00" type="DEFAULT_CAR" occupancy="0.65"/>
    <instantOut id="235_D025" time="25403.70" state="enter" vehID="Car_14598" speed="9.83" length="5.00" type="DEFAULT_CAR" gap="2412.07"/>
    <instantOut id="235_D025" time="25403.75" state="stay" vehID="Car_14598" speed="9.83" length="5.00" type="DEFAULT_CAR"/>
    <instantOut id="235_D025" time="25404.00" state="stay" vehID="Car_14598" speed="9.08" length="5.00" type="DEFAULT_CAR"/>
    <instantOut id="235_D025" time="25404.25" state="stay" vehID="Car_14598" speed="8.33" length="5.00" type="DEFAULT_CAR"/>
    <instantOut id="235_D025" time="25404.27" state="leave" vehID="Car_14598" speed="7.60" length="5.00" type="DEFAULT_CAR" occupancy="0.57"/>
    <instantOut id="235_D025" time="25628.57" state="enter" vehID="Car_14595" speed="7.32" length="5.00" type="DEFAULT_CAR" gap="224.30"/>
    <instantOut id="235_D025" time="25628.75" state="stay" vehID="Car_14595" speed="7.32" length="5.00" type="DEFAULT_CAR"/>
    <instantOut id="235_D025" time="25629.00" state="stay" vehID="Car_14595" speed="6.57" length="5.00" type="DEFAULT_CAR"/>
    <instantOut id="235_D025" time="25629.25" state="stay" vehID="Car_14595" speed="5.95" length="5.00" type="DEFAULT_CAR"/>
    <instantOut id="235_D025" time="25629.35" state="leave" vehID="Car_14595" speed="5.20" length="5.00" type="DEFAULT_CAR" occupancy="0.79"/>
    <instantOut id="235_D025" time="25681.01" state="enter" vehID="Car_14596" speed="7.59" length="5.00" type="DEFAULT_CAR" gap="51.66"/>
    <instantOut id="235_D025" time="25681.25" state="stay" vehID="Car_14596" speed="7.59" length="5.00" type="DEFAULT_CAR"/>
    <instantOut id="235_D025" time="25681.50" state="stay" vehID="Car_14596" speed="8.43" length="5.00" type="DEFAULT_CAR"/>
    <instantOut id="235_D025" time="25681.62" state="leave" vehID="Car_14596" speed="8.95" length="5.00" type="DEFAULT_CAR" occupancy="0.61"/>
    <instantOut id="235_D025" time="25758.58" state="enter" vehID="Car_14647" speed="11.91" length="5.00" type="DEFAULT_CAR" gap="76.96"/>
    <instantOut id="235_D025" time="25758.75" state="stay" vehID="Car_14647" speed="11.91" length="5.00" type="DEFAULT_CAR"/>
    <instantOut id="235_D025" time="25759.00" state="stay" vehID="Car_14647" speed="11.16" length="5.00" type="DEFAULT_CAR"/>
    <instantOut id="235_D025" time="25759.02" state="leave" vehID="Car_14647" speed="10.41" length="5.00" type="DEFAULT_CAR" occupancy="0.44"/>
    <instantOut id="235_D025" time="28081.26" state="enter" vehID="Car_16509" speed="10.64" length="5.00" type="DEFAULT_CAR" gap="2322.24"/>
    <instantOut id="235_D025" time="28081.50" state="stay" vehID="Car_16509" speed="10.64" length="5.00" type="DEFAULT_CAR"/>
    <instantOut id="235_D025" time="28081.74" state="leave" vehID="Car_16509" speed="9.89" length="5.00" type="DEFAULT_CAR" occupancy="0.49"/>
    <instantOut id="235_D025" time="31064.50" state="enter" vehID="Car_18666" speed="8.83" length="5.00" type="DEFAULT_CAR" gap="2982.76"/>
    <instantOut id="235_D025" time="31064.75" state="stay" vehID="Car_18666" speed="8.83" length="5.00" type="DEFAULT_CAR"/>
    <instantOut id="235_D025" time="31065.00" state="stay" vehID="Car_18666" speed="8.17" length="5.00" type="DEFAULT_CAR"/>
    <instantOut id="235_D025" time="31065.10" state="leave" vehID="Car_18666" speed="7.42" length="5.00" type="DEFAULT_CAR" occupancy="0.60"/>
    <instantOut id="235_D025" time="31879.01" state="enter" vehID="Car_19013" speed="7.77" length="5.00" type="DEFAULT_CAR" gap="813.91"/>
    <instantOut id="235_D025" time="31879.25" state="stay" vehID="Car_19013" speed="7.77" length="5.00" type="DEFAULT_CAR"/>
    <instantOut id="235_D025" time="31879.50" state="stay" vehID="Car_19013" speed="7.02" length="5.00" type="DEFAULT_CAR"/>
    <instantOut id="235_D025" time="31879.72" state="leave" vehID="Car_19013" speed="6.27" length="5.00" type="DEFAULT_CAR" occupancy="0.71"/>
    <instantOut id="235_D025" time="34504.73" state="enter" vehID="Car_20425" speed="8.48" length="5.00" type="DEFAULT_CAR" gap="2625.02"/>
    <instantOut id="235_D025" time="34504.75" state="stay" vehID="Car_20425" speed="8.48" length="5.00" type="DEFAULT_CAR"/>
    <instantOut id="235_D025" time="34505.00" state="stay" vehID="Car_20425" speed="8.01" length="5.00" type="DEFAULT_CAR"/>
    <instantOut id="235_D025" time="34505.25" state="stay" vehID="Car_20425" speed="7.46" length="5.00" type="DEFAULT_CAR"/>
    <instantOut id="235_D025" time="34505.39" state="leave" vehID="Car_20425" speed="6.89" length="5.00" type="DEFAULT_CAR" occupancy="0.66"/>
    <instantOut id="235_D025" time="36956.42" state="enter" vehID="Car_22081" speed="8.43" length="5.00" type="DEFAULT_CAR" gap="2451.02"/>
    <instantOut id="235_D025" time="36956.50" state="stay" vehID="Car_22081" speed="8.43" length="5.00" type="DEFAULT_CAR"/>
    <instantOut id="235_D025" time="36956.75" state="stay" vehID="Car_22081" speed="7.68" length="5.00" type="DEFAULT_CAR"/>
    <instantOut id="235_D025" time="36957.00" state="stay" vehID="Car_22081" speed="6.93" length="5.00" type="DEFAULT_CAR"/>
    <instantOut id="235_D025" time="36957.10" state="leave" vehID="Car_22081" speed="6.18" length="5.00" type="DEFAULT_CAR" occupancy="0.69"/>
    <instantOut id="235_D025" time="39958.35" state="enter" vehID="Car_23006" speed="6.46" length="5.00" type="DEFAULT_CAR" gap="3001.24"/>
    <instantOut id="235_D025" time="39958.50" state="stay" vehID="Car_23006" speed="6.46" length="5.00" type="DEFAULT_CAR"/>
    <instantOut id="235_D025" time="39958.75" state="stay" vehID="Car_23006" speed="5.93" length="5.00" type="DEFAULT_CAR"/>
    <instantOut id="235_D025" time="39959.00" state="stay" vehID="Car_23006" speed="5.18" length="5.00" type="DEFAULT_CAR"/>
    <instantOut id="235_D025" time="39959.25" state="stay" vehID="Car_23006" speed="4.43" length="5.00" type="DEFAULT_CAR"/>
    <instantOut id="235_D025" time="39959.29" state="leave" vehID="Car_23006" speed="3.68" length="5.00" type="DEFAULT_CAR" occupancy="0.94"/>
    <instantOut id="235_D025" time="40438.24" state="enter" vehID="Car_23227" speed="9.65" length="5.00" type="DEFAULT_CAR" gap="478.95"/>
    <instantOut id="235_D025" time="40438.25" state="stay" vehID="Car_23227" speed="9.65" length="5.00" type="DEFAULT_CAR"/>
    <instantOut id="235_D025" time="40438.50" state="stay" vehID="Car_23227" speed="9.35" length="5.00" type="DEFAULT_CAR"/>
    <instantOut id="235_D025" time="40438.75" state="stay" vehID="Car_23227" speed="8.79" length="5.00" type="DEFAULT_CAR"/>
    <instantOut id="235_D025" time="40438.79" state="leave" vehID="Car_23227" speed="8.04" length="5.00" type="DEFAULT_CAR" occupancy="0.55"/>
    <instantOut id="235_D025" time="40494.97" state="enter" vehID="Car_23228" speed="8.83" length="5.00" type="DEFAULT_CAR" gap="56.18"/>
    <instantOut id="235_D025" time="40495.00" state="stay" vehID="Car_23228" speed="8.83" length="5.00" type="DEFAULT_CAR"/>
    <instantOut id="235_D025" time="40495.25" state="stay" vehID="Car_23228" speed="8.08" length="5.00" type="DEFAULT_CAR"/>
    <instantOut id="235_D025" time="40495.50" state="stay" vehID="Car_23228" speed="7.33" length="5.00" type="DEFAULT_CAR"/>
    <instantOut id="235_D025" time="40495.63" state="leave" vehID="Car_23228" speed="6.64" length="5.00" type="DEFAULT_CAR" occupancy="0.66"/>
</instantE1>
