<?xml version="1.0" encoding="UTF-8"?>

<!-- generated on 2025-02-28 15:17:43 by Eclipse SUMO GUI Version 1.19.0
<configuration xmlns:xsi="http://www.w3.org/2001/XMLSchema-instance" xsi:noNamespaceSchemaLocation="http://sumo.dlr.de/xsd/sumoConfiguration.xsd">

    <input>
        <net-file value="Network.net.xml"/>
        <route-files value="CarRoutes.rou.xml"/>
        <additional-files value="Sensors.add.xml"/>
    </input>

    <output>
        <emission-output value="logs/Emissions.xml"/>
        <summary-output value="logs/Log_summary.xml"/>
        <summary-output.period value="300"/>
        <tripinfo-output value="logs/TripInfos.xml"/>
    </output>

    <time>
        <begin value="0"/>
        <end value="86400"/>
        <step-length value="0.25"/>
    </time>

    <processing>
        <ignore-junction-blocker value="0.1"/>
        <time-to-teleport value="-1"/>
    </processing>

    <report>
        <verbose value="true"/>
        <no-step-log value="true"/>
    </report>

    <emissions>
        <device.emissions.period value="10"/>
    </emissions>

    <traci_server>
        <remote-port value="56334"/>
    </traci_server>

    <gui_only>
        <quit-on-end value="true"/>
        <start value="true"/>
    </gui_only>

</configuration>
-->

<summary xmlns:xsi="http://www.w3.org/2001/XMLSchema-instance" xsi:noNamespaceSchemaLocation="http://sumo.dlr.de/xsd/summary_file.xsd">
    <step time="0.00" loaded="0" inserted="0" running="0" waiting="0" ended="0" arrived="0" collisions="0" teleports="0" halting="0" stopped="0" meanWaitingTime="-1.00" meanTravelTime="-1.00" meanSpeed="-1.00" meanSpeedRelative="-1.00" duration="0"/>
    <step time="300.00" loaded="210" inserted="196" running="91" waiting="14" ended="105" arrived="105" collisions="0" teleports="0" halting="41" stopped="0" meanWaitingTime="14.09" meanTravelTime="81.66" meanSpeed="4.01" meanSpeedRelative="0.30" duration="4"/>
    <step time="600.00" loaded="370" inserted="360" running="88" waiting="10" ended="272" arrived="272" collisions="0" teleports="0" halting="41" stopped="0" meanWaitingTime="13.26" meanTravelTime="113.86" meanSpeed="4.35" meanSpeedRelative="0.31" duration="1"/>
    <step time="900.00" loaded="526" inserted="516" running="53" waiting="10" ended="463" arrived="463" collisions="0" teleports="0" halting="27" stopped="0" meanWaitingTime="12.19" meanTravelTime="122.39" meanSpeed="4.20" meanSpeedRelative="0.30" duration="2"/>
    <step time="1200.00" loaded="698" inserted="683" running="61" waiting="15" ended="622" arrived="622" collisions="0" teleports="0" halting="7" stopped="0" meanWaitingTime="15.51" meanTravelTime="118.25" meanSpeed="8.25" meanSpeedRelative="0.59" duration="2"/>
    <step time="1500.00" loaded="862" inserted="842" running="56" waiting="20" ended="786" arrived="786" collisions="0" teleports="0" halting="12" stopped="0" meanWaitingTime="16.76" meanTravelTime="115.89" meanSpeed="5.41" meanSpeedRelative="0.39" duration="2"/>
    <step time="1800.00" loaded="1025" inserted="1007" running="55" waiting="18" ended="952" arrived="952" collisions="0" teleports="0" halting="18" stopped="0" meanWaitingTime="19.75" meanTravelTime="113.76" meanSpeed="5.60" meanSpeedRelative="0.40" duration="2"/>
    <step time="2100.00" loaded="1182" inserted="1167" running="66" waiting="15" ended="1101" arrived="1101" collisions="0" teleports="0" halting="36" stopped="0" meanWaitingTime="18.44" meanTravelTime="110.75" meanSpeed="3.91" meanSpeedRelative="0.28" duration="3"/>
    <step time="2400.00" loaded="1328" inserted="1312" running="40" waiting="16" ended="1272" arrived="1272" collisions="0" teleports="0" halting="12" stopped="0" meanWaitingTime="18.42" meanTravelTime="112.29" meanSpeed="5.51" meanSpeedRelative="0.40" duration="1"/>
    <step time="2700.00" loaded="1471" inserted="1468" running="45" waiting="3" ended="1423" arrived="1423" collisions="0" teleports="0" halting="10" stopped="0" meanWaitingTime="18.51" meanTravelTime="110.21" meanSpeed="4.82" meanSpeedRelative="0.35" duration="1"/>
    <step time="3000.00" loaded="1631" inserted="1624" running="43" waiting="7" ended="1581" arrived="1581" collisions="0" teleports="0" halting="19" stopped="0" meanWaitingTime="17.31" meanTravelTime="110.57" meanSpeed="4.88" meanSpeedRelative="0.35" duration="1"/>
    <step time="3300.00" loaded="1801" inserted="1785" running="56" waiting="16" ended="1729" arrived="1729" collisions="0" teleports="0" halting="11" stopped="0" meanWaitingTime="17.65" meanTravelTime="109.96" meanSpeed="6.89" meanSpeedRelative="0.50" duration="2"/>
    <step time="3600.00" loaded="1933" inserted="1933" running="51" waiting="0" ended="1882" arrived="1882" collisions="0" teleports="0" halting="16" stopped="0" meanWaitingTime="17.49" meanTravelTime="109.67" meanSpeed="5.99" meanSpeedRelative="0.43" duration="2"/>
    <step time="3900.00" loaded="2101" inserted="2101" running="84" waiting="0" ended="2017" arrived="2017" collisions="0" teleports="0" halting="27" stopped="0" meanWaitingTime="16.21" meanTravelTime="109.27" meanSpeed="4.33" meanSpeedRelative="0.31" duration="3"/>
    <step time="4200.00" loaded="2233" inserted="2228" running="39" waiting="5" ended="2189" arrived="2189" collisions="0" teleports="0" halting="11" stopped="0" meanWaitingTime="16.42" meanTravelTime="112.19" meanSpeed="5.92" meanSpeedRelative="0.43" duration="1"/>
    <step time="4500.00" loaded="2412" inserted="2411" running="73" waiting="1" ended="2338" arrived="2338" collisions="0" teleports="0" halting="35" stopped="0" meanWaitingTime="15.76" meanTravelTime="110.61" meanSpeed="3.86" meanSpeedRelative="0.28" duration="3"/>
    <step time="4800.00" loaded="2570" inserted="2564" running="45" waiting="6" ended="2519" arrived="2519" collisions="0" teleports="0" halting="16" stopped="0" meanWaitingTime="15.07" meanTravelTime="110.17" meanSpeed="4.69" meanSpeedRelative="0.34" duration="2"/>
    <step time="5100.00" loaded="2736" inserted="2726" running="54" waiting="10" ended="2672" arrived="2672" collisions="0" teleports="0" halting="7" stopped="0" meanWaitingTime="15.75" meanTravelTime="109.59" meanSpeed="6.23" meanSpeedRelative="0.45" duration="1"/>
    <step time="5400.00" loaded="2889" inserted="2887" running="42" waiting="2" ended="2845" arrived="2845" collisions="0" teleports="0" halting="6" stopped="0" meanWaitingTime="15.65" meanTravelTime="108.93" meanSpeed="6.11" meanSpeedRelative="0.44" duration="0"/>
    <step time="5700.00" loaded="3076" inserted="3061" running="70" waiting="15" ended="2991" arrived="2991" collisions="0" teleports="0" halting="20" stopped="0" meanWaitingTime="15.14" meanTravelTime="108.31" meanSpeed="5.58" meanSpeedRelative="0.40" duration="3"/>
    <step time="6000.00" loaded="3200" inserted="3197" running="36" waiting="3" ended="3161" arrived="3161" collisions="0" teleports="0" halting="14" stopped="0" meanWaitingTime="15.21" meanTravelTime="109.29" meanSpeed="4.99" meanSpeedRelative="0.36" duration="2"/>
    <step time="6300.00" loaded="3366" inserted="3348" running="51" waiting="18" ended="3297" arrived="3297" collisions="0" teleports="0" halting="15" stopped="0" meanWaitingTime="15.25" meanTravelTime="109.19" meanSpeed="6.29" meanSpeedRelative="0.45" duration="2"/>
    <step time="6600.00" loaded="3526" inserted="3518" running="48" waiting="8" ended="3470" arrived="3470" collisions="0" teleports="0" halting="20" stopped="0" meanWaitingTime="15.53" meanTravelTime="108.27" meanSpeed="4.37" meanSpeedRelative="0.31" duration="1"/>
    <step time="6900.00" loaded="3710" inserted="3693" running="56" waiting="17" ended="3637" arrived="3637" collisions="0" teleports="0" halting="23" stopped="0" meanWaitingTime="15.56" meanTravelTime="107.47" meanSpeed="4.56" meanSpeedRelative="0.33" duration="1"/>
    <step time="7200.00" loaded="3867" inserted="3842" running="47" waiting="25" ended="3795" arrived="3795" collisions="0" teleports="0" halting="15" stopped="0" meanWaitingTime="16.17" meanTravelTime="107.17" meanSpeed="5.84" meanSpeedRelative="0.42" duration="1"/>
    <step time="7500.00" loaded="4015" inserted="4003" running="37" waiting="12" ended="3966" arrived="3966" collisions="0" teleports="0" halting="19" stopped="0" meanWaitingTime="16.99" meanTravelTime="106.97" meanSpeed="4.39" meanSpeedRelative="0.32" duration="2"/>
    <step time="7800.00" loaded="4170" inserted="4147" running="39" waiting="23" ended="4108" arrived="4108" collisions="0" teleports="0" halting="10" stopped="0" meanWaitingTime="17.47" meanTravelTime="106.29" meanSpeed="5.89" meanSpeedRelative="0.42" duration="2"/>
    <step time="8100.00" loaded="4341" inserted="4326" running="55" waiting="15" ended="4271" arrived="4271" collisions="0" teleports="0" halting="20" stopped="0" meanWaitingTime="18.49" meanTravelTime="105.33" meanSpeed="4.72" meanSpeedRelative="0.36" duration="3"/>
    <step time="8400.00" loaded="4522" inserted="4518" running="62" waiting="4" ended="4456" arrived="4456" collisions="0" teleports="0" halting="21" stopped="0" meanWaitingTime="18.45" meanTravelTime="105.11" meanSpeed="4.64" meanSpeedRelative="0.33" duration="2"/>
    <step time="8700.00" loaded="4690" inserted="4685" running="71" waiting="5" ended="4614" arrived="4614" collisions="0" teleports="0" halting="21" stopped="0" meanWaitingTime="18.23" meanTravelTime="104.81" meanSpeed="5.28" meanSpeedRelative="0.38" duration="4"/>
    <step time="9000.00" loaded="4878" inserted="4861" running="61" waiting="17" ended="4800" arrived="4800" collisions="0" teleports="0" halting="13" stopped="0" meanWaitingTime="18.02" meanTravelTime="105.09" meanSpeed="5.41" meanSpeedRelative="0.39" duration="2"/>
    <step time="9300.00" loaded="5061" inserted="5043" running="56" waiting="18" ended="4987" arrived="4987" collisions="0" teleports="0" halting="22" stopped="0" meanWaitingTime="18.00" meanTravelTime="105.17" meanSpeed="5.22" meanSpeedRelative="0.38" duration="2"/>
    <step time="9600.00" loaded="5229" inserted="5218" running="58" waiting="11" ended="5160" arrived="5160" collisions="0" teleports="0" halting="16" stopped="0" meanWaitingTime="18.48" meanTravelTime="104.77" meanSpeed="6.56" meanSpeedRelative="0.47" duration="3"/>
    <step time="9900.00" loaded="5372" inserted="5367" running="59" waiting="5" ended="5308" arrived="5308" collisions="0" teleports="0" halting="20" stopped="0" meanWaitingTime="18.31" meanTravelTime="104.51" meanSpeed="4.05" meanSpeedRelative="0.29" duration="2"/>
    <step time="10200.00" loaded="5540" inserted="5533" running="51" waiting="7" ended="5482" arrived="5482" collisions="0" teleports="0" halting="10" stopped="0" meanWaitingTime="18.06" meanTravelTime="105.13" meanSpeed="5.95" meanSpeedRelative="0.43" duration="2"/>
    <step time="10500.00" loaded="5718" inserted="5707" running="64" waiting="11" ended="5643" arrived="5643" collisions="0" teleports="0" halting="13" stopped="0" meanWaitingTime="17.89" meanTravelTime="105.06" meanSpeed="6.04" meanSpeedRelative="0.43" duration="2"/>
    <step time="10800.00" loaded="5891" inserted="5884" running="73" waiting="7" ended="5811" arrived="5811" collisions="0" teleports="0" halting="11" stopped="0" meanWaitingTime="17.91" meanTravelTime="105.40" meanSpeed="5.81" meanSpeedRelative="0.43" duration="3"/>
    <step time="11100.00" loaded="6067" inserted="6049" running="58" waiting="18" ended="5991" arrived="5991" collisions="0" teleports="0" halting="22" stopped="0" meanWaitingTime="17.88" meanTravelTime="105.63" meanSpeed="3.60" meanSpeedRelative="0.26" duration="2"/>
    <step time="11400.00" loaded="6241" inserted="6206" running="65" waiting="35" ended="6141" arrived="6141" collisions="0" teleports="0" halting="17" stopped="0" meanWaitingTime="18.55" meanTravelTime="105.78" meanSpeed="5.36" meanSpeedRelative="0.39" duration="2"/>
    <step time="11700.00" loaded="6386" inserted="6365" running="57" waiting="21" ended="6308" arrived="6308" collisions="0" teleports="0" halting="15" stopped="0" meanWaitingTime="19.65" meanTravelTime="106.00" meanSpeed="5.45" meanSpeedRelative="0.39" duration="1"/>
    <step time="12000.00" loaded="6562" inserted="6554" running="62" waiting="8" ended="6492" arrived="6492" collisions="0" teleports="0" halting="18" stopped="0" meanWaitingTime="19.71" meanTravelTime="106.33" meanSpeed="4.27" meanSpeedRelative="0.31" duration="2"/>
    <step time="12300.00" loaded="6731" inserted="6730" running="69" waiting="1" ended="6661" arrived="6661" collisions="0" teleports="0" halting="31" stopped="0" meanWaitingTime="19.46" meanTravelTime="106.32" meanSpeed="4.15" meanSpeedRelative="0.30" duration="1"/>
    <step time="12600.00" loaded="6902" inserted="6879" running="51" waiting="23" ended="6828" arrived="6828" collisions="0" teleports="0" halting="17" stopped="0" meanWaitingTime="19.32" meanTravelTime="106.61" meanSpeed="5.43" meanSpeedRelative="0.40" duration="2"/>
    <step time="12900.00" loaded="7069" inserted="7053" running="56" waiting="16" ended="6997" arrived="6997" collisions="0" teleports="0" halting="24" stopped="0" meanWaitingTime="19.55" meanTravelTime="106.50" meanSpeed="4.10" meanSpeedRelative="0.30" duration="1"/>
    <step time="13200.00" loaded="7241" inserted="7220" running="71" waiting="21" ended="7149" arrived="7149" collisions="0" teleports="0" halting="15" stopped="0" meanWaitingTime="19.72" meanTravelTime="106.52" meanSpeed="5.78" meanSpeedRelative="0.42" duration="2"/>
    <step time="13500.00" loaded="7420" inserted="7412" running="67" waiting="8" ended="7345" arrived="7345" collisions="0" teleports="0" halting="22" stopped="0" meanWaitingTime="19.66" meanTravelTime="106.82" meanSpeed="3.98" meanSpeedRelative="0.29" duration="3"/>
    <step time="13800.00" loaded="7611" inserted="7595" running="76" waiting="16" ended="7519" arrived="7519" collisions="0" teleports="0" halting="22" stopped="0" meanWaitingTime="19.80" meanTravelTime="106.93" meanSpeed="4.97" meanSpeedRelative="0.36" duration="3"/>
    <step time="14100.00" loaded="7768" inserted="7764" running="73" waiting="4" ended="7691" arrived="7691" collisions="0" teleports="0" halting="19" stopped="0" meanWaitingTime="19.87" meanTravelTime="107.22" meanSpeed="5.71" meanSpeedRelative="0.41" duration="3"/>
    <step time="14400.00" loaded="7906" inserted="7895" running="47" waiting="11" ended="7848" arrived="7848" collisions="0" teleports="0" halting="13" stopped="0" meanWaitingTime="20.03" meanTravelTime="107.48" meanSpeed="6.38" meanSpeedRelative="0.46" duration="1"/>
    <step time="14700.00" loaded="8099" inserted="8085" running="64" waiting="14" ended="8021" arrived="8021" collisions="0" teleports="0" halting="21" stopped="0" meanWaitingTime="19.98" meanTravelTime="107.07" meanSpeed="5.29" meanSpeedRelative="0.38" duration="2"/>
    <step time="15000.00" loaded="8256" inserted="8251" running="95" waiting="5" ended="8156" arrived="8156" collisions="0" teleports="0" halting="16" stopped="0" meanWaitingTime="19.76" meanTravelTime="107.42" meanSpeed="5.00" meanSpeedRelative="0.36" duration="2"/>
    <step time="15300.00" loaded="8416" inserted="8382" running="76" waiting="34" ended="8306" arrived="8306" collisions="0" teleports="0" halting="38" stopped="0" meanWaitingTime="19.93" meanTravelTime="108.24" meanSpeed="3.76" meanSpeedRelative="0.27" duration="2"/>
    <step time="15600.00" loaded="8581" inserted="8571" running="65" waiting="10" ended="8506" arrived="8506" collisions="0" teleports="0" halting="20" stopped="0" meanWaitingTime="20.68" meanTravelTime="108.54" meanSpeed="5.53" meanSpeedRelative="0.40" duration="1"/>
    <step time="15900.00" loaded="8771" inserted="8758" running="88" waiting="13" ended="8670" arrived="8670" collisions="0" teleports="0" halting="30" stopped="0" meanWaitingTime="20.93" meanTravelTime="108.45" meanSpeed="4.08" meanSpeedRelative="0.29" duration="3"/>
    <step time="16200.00" loaded="8957" inserted="8924" running="75" waiting="33" ended="8849" arrived="8849" collisions="0" teleports="0" halting="30" stopped="0" meanWaitingTime="21.21" meanTravelTime="108.61" meanSpeed="5.06" meanSpeedRelative="0.36" duration="2"/>
    <step time="16500.00" loaded="9124" inserted="9109" running="57" waiting="15" ended="9052" arrived="9052" collisions="0" teleports="0" halting="21" stopped="0" meanWaitingTime="21.78" meanTravelTime="109.04" meanSpeed="5.91" meanSpeedRelative="0.43" duration="2"/>
    <step time="16800.00" loaded="9312" inserted="9271" running="56" waiting="41" ended="9215" arrived="9215" collisions="0" teleports="0" halting="7" stopped="0" meanWaitingTime="22.08" meanTravelTime="109.02" meanSpeed="6.76" meanSpeedRelative="0.49" duration="3"/>
    <step time="17100.00" loaded="9481" inserted="9451" running="66" waiting="30" ended="9385" arrived="9385" collisions="0" teleports="0" halting="8" stopped="0" meanWaitingTime="22.93" meanTravelTime="109.00" meanSpeed="6.52" meanSpeedRelative="0.47" duration="2"/>
    <step time="17400.00" loaded="9660" inserted="9635" running="75" waiting="25" ended="9560" arrived="9560" collisions="0" teleports="0" halting="35" stopped="0" meanWaitingTime="23.62" meanTravelTime="109.12" meanSpeed="2.90" meanSpeedRelative="0.21" duration="2"/>
    <step time="17700.00" loaded="9836" inserted="9808" running="99" waiting="28" ended="9709" arrived="9709" collisions="0" teleports="0" halting="37" stopped="0" meanWaitingTime="23.97" meanTravelTime="109.37" meanSpeed="3.80" meanSpeedRelative="0.27" duration="3"/>
    <step time="18000.00" loaded="10003" inserted="9981" running="91" waiting="22" ended="9890" arrived="9890" collisions="0" teleports="0" halting="47" stopped="0" meanWaitingTime="24.49" meanTravelTime="110.40" meanSpeed="4.08" meanSpeedRelative="0.29" duration="2"/>
    <step time="18300.00" loaded="10188" inserted="10154" running="63" waiting="34" ended="10091" arrived="10091" collisions="0" teleports="0" halting="35" stopped="0" meanWaitingTime="24.70" meanTravelTime="111.12" meanSpeed="2.81" meanSpeedRelative="0.20" duration="3"/>
    <step time="18600.00" loaded="10346" inserted="10313" running="58" waiting="33" ended="10255" arrived="10255" collisions="0" teleports="0" halting="18" stopped="0" meanWaitingTime="25.32" meanTravelTime="111.19" meanSpeed="5.69" meanSpeedRelative="0.41" duration="3"/>
    <step time="18900.00" loaded="10535" inserted="10493" running="58" waiting="42" ended="10435" arrived="10435" collisions="0" teleports="0" halting="8" stopped="0" meanWaitingTime="25.70" meanTravelTime="111.11" meanSpeed="6.84" meanSpeedRelative="0.50" duration="3"/>
    <step time="19200.00" loaded="10713" inserted="10687" running="69" waiting="26" ended="10618" arrived="10618" collisions="0" teleports="0" halting="43" stopped="0" meanWaitingTime="26.15" meanTravelTime="110.95" meanSpeed="3.42" meanSpeedRelative="0.25" duration="1"/>
    <step time="19500.00" loaded="10920" inserted="10895" running="110" waiting="25" ended="10785" arrived="10785" collisions="0" teleports="0" halting="35" stopped="0" meanWaitingTime="26.43" meanTravelTime="111.20" meanSpeed="3.37" meanSpeedRelative="0.24" duration="4"/>
    <step time="19800.00" loaded="11097" inserted="11065" running="72" waiting="32" ended="10993" arrived="10993" collisions="0" teleports="0" halting="31" stopped="0" meanWaitingTime="26.75" meanTravelTime="111.82" meanSpeed="4.25" meanSpeedRelative="0.31" duration="4"/>
    <step time="20100.00" loaded="11292" inserted="11267" running="90" waiting="25" ended="11177" arrived="11177" collisions="0" teleports="0" halting="19" stopped="0" meanWaitingTime="27.23" meanTravelTime="111.96" meanSpeed="4.96" meanSpeedRelative="0.36" duration="3"/>
    <step time="20400.00" loaded="11460" inserted="11432" running="75" waiting="28" ended="11357" arrived="11357" collisions="0" teleports="0" halting="13" stopped="0" meanWaitingTime="27.60" meanTravelTime="112.10" meanSpeed="5.22" meanSpeedRelative="0.38" duration="2"/>
    <step time="20700.00" loaded="11634" inserted="11610" running="70" waiting="24" ended="11540" arrived="11540" collisions="0" teleports="0" halting="29" stopped="0" meanWaitingTime="27.90" meanTravelTime="112.31" meanSpeed="3.97" meanSpeedRelative="0.29" duration="3"/>
    <step time="21000.00" loaded="11820" inserted="11812" running="78" waiting="8" ended="11734" arrived="11734" collisions="0" teleports="0" halting="33" stopped="0" meanWaitingTime="28.13" meanTravelTime="112.26" meanSpeed="4.17" meanSpeedRelative="0.30" duration="4"/>
    <step time="21300.00" loaded="11979" inserted="11979" running="74" waiting="0" ended="11905" arrived="11905" collisions="0" teleports="0" halting="13" stopped="0" meanWaitingTime="27.90" meanTravelTime="112.47" meanSpeed="5.27" meanSpeedRelative="0.38" duration="3"/>
    <step time="21600.00" loaded="12199" inserted="12187" running="99" waiting="12" ended="12088" arrived="12088" collisions="0" teleports="0" halting="18" stopped="0" meanWaitingTime="27.63" meanTravelTime="112.67" meanSpeed="5.79" meanSpeedRelative="0.42" duration="4"/>
    <step time="21900.00" loaded="12385" inserted="12377" running="75" waiting="8" ended="12302" arrived="12302" collisions="0" teleports="0" halting="22" stopped="0" meanWaitingTime="27.35" meanTravelTime="112.71" meanSpeed="5.47" meanSpeedRelative="0.39" duration="2"/>
    <step time="22200.00" loaded="12575" inserted="12566" running="63" waiting="9" ended="12503" arrived="12503" collisions="0" teleports="0" halting="8" stopped="0" meanWaitingTime="27.14" meanTravelTime="112.55" meanSpeed="6.55" meanSpeedRelative="0.47" duration="1"/>
    <step time="22500.00" loaded="12752" inserted="12718" running="55" waiting="34" ended="12663" arrived="12663" collisions="0" teleports="0" halting="12" stopped="0" meanWaitingTime="27.04" meanTravelTime="112.45" meanSpeed="6.07" meanSpeedRelative="0.44" duration="2"/>
    <step time="22800.00" loaded="12950" inserted="12948" running="96" waiting="2" ended="12852" arrived="12852" collisions="0" teleports="0" halting="46" stopped="0" meanWaitingTime="27.03" meanTravelTime="112.36" meanSpeed="2.68" meanSpeedRelative="0.19" duration="5"/>
    <step time="23100.00" loaded="13135" inserted="13122" running="93" waiting="13" ended="13029" arrived="13029" collisions="0" teleports="0" halting="38" stopped="0" meanWaitingTime="26.84" meanTravelTime="112.89" meanSpeed="4.10" meanSpeedRelative="0.29" duration="4"/>
    <step time="23400.00" loaded="13324" inserted="13314" running="68" waiting="10" ended="13246" arrived="13246" collisions="0" teleports="0" halting="17" stopped="0" meanWaitingTime="26.77" meanTravelTime="113.08" meanSpeed="5.10" meanSpeedRelative="0.37" duration="2"/>
    <step time="23700.00" loaded="13556" inserted="13537" running="86" waiting="19" ended="13451" arrived="13451" collisions="0" teleports="0" halting="33" stopped="0" meanWaitingTime="26.55" meanTravelTime="112.94" meanSpeed="4.75" meanSpeedRelative="0.34" duration="2"/>
    <step time="24000.00" loaded="13733" inserted="13714" running="49" waiting="19" ended="13665" arrived="13665" collisions="0" teleports="0" halting="12" stopped="0" meanWaitingTime="26.51" meanTravelTime="112.96" meanSpeed="5.04" meanSpeedRelative="0.36" duration="2"/>
    <step time="24300.00" loaded="13941" inserted="13917" running="109" waiting="24" ended="13808" arrived="13808" collisions="0" teleports="0" halting="67" stopped="0" meanWaitingTime="26.62" meanTravelTime="112.84" meanSpeed="1.75" meanSpeedRelative="0.13" duration="4"/>
    <step time="24600.00" loaded="14165" inserted="14125" running="77" waiting="40" ended="14048" arrived="14048" collisions="0" teleports="0" halting="30" stopped="0" meanWaitingTime="26.85" meanTravelTime="113.17" meanSpeed="4.35" meanSpeedRelative="0.31" duration="3"/>
    <step time="24900.00" loaded="14377" inserted="14325" running="73" waiting="52" ended="14252" arrived="14252" collisions="0" teleports="0" halting="28" stopped="0" meanWaitingTime="27.30" meanTravelTime="113.12" meanSpeed="4.71" meanSpeedRelative="0.34" duration="2"/>
    <step time="25200.00" loaded="14572" inserted="14523" running="81" waiting="49" ended="14442" arrived="14442" collisions="0" teleports="0" halting="34" stopped="0" meanWaitingTime="27.81" meanTravelTime="113.13" meanSpeed="4.25" meanSpeedRelative="0.31" duration="3"/>
    <step time="25500.00" loaded="14747" inserted="14721" running="73" waiting="26" ended="14648" arrived="14648" collisions="0" teleports="0" halting="26" stopped="0" meanWaitingTime="28.30" meanTravelTime="113.36" meanSpeed="4.36" meanSpeedRelative="0.31" duration="3"/>
    <step time="25800.00" loaded="14977" inserted="14940" running="84" waiting="37" ended="14856" arrived="14856" collisions="0" teleports="0" halting="29" stopped="0" meanWaitingTime="28.54" meanTravelTime="113.36" meanSpeed="3.63" meanSpeedRelative="0.26" duration="4"/>
    <step time="26100.00" loaded="15188" inserted="15152" running="87" waiting="36" ended="15065" arrived="15065" collisions="0" teleports="0" halting="27" stopped="0" meanWaitingTime="28.90" meanTravelTime="113.43" meanSpeed="3.76" meanSpeedRelative="0.28" duration="3"/>
    <step time="26400.00" loaded="15380" inserted="15338" running="85" waiting="42" ended="15253" arrived="15253" collisions="0" teleports="0" halting="35" stopped="0" meanWaitingTime="29.20" meanTravelTime="113.51" meanSpeed="3.10" meanSpeedRelative="0.22" duration="3"/>
    <step time="26700.00" loaded="15594" inserted="15562" running="124" waiting="32" ended="15438" arrived="15438" collisions="0" teleports="0" halting="34" stopped="0" meanWaitingTime="29.65" meanTravelTime="113.60" meanSpeed="4.17" meanSpeedRelative="0.30" duration="3"/>
    <step time="27000.00" loaded="15814" inserted="15774" running="113" waiting="40" ended="15661" arrived="15661" collisions="0" teleports="0" halting="25" stopped="0" meanWaitingTime="29.94" meanTravelTime="114.14" meanSpeed="5.17" meanSpeedRelative="0.37" duration="4"/>
    <step time="27300.00" loaded="16037" inserted="15980" running="112" waiting="57" ended="15868" arrived="15868" collisions="0" teleports="0" halting="37" stopped="0" meanWaitingTime="30.37" meanTravelTime="114.15" meanSpeed="3.58" meanSpeedRelative="0.26" duration="4"/>
    <step time="27600.00" loaded="16234" inserted="16179" running="87" waiting="55" ended="16092" arrived="16092" collisions="0" teleports="0" halting="60" stopped="0" meanWaitingTime="30.99" meanTravelTime="114.69" meanSpeed="2.08" meanSpeedRelative="0.15" duration="3"/>
    <step time="27900.00" loaded="16443" inserted="16395" running="88" waiting="48" ended="16307" arrived="16307" collisions="0" teleports="0" halting="21" stopped="0" meanWaitingTime="31.59" meanTravelTime="114.74" meanSpeed="4.30" meanSpeedRelative="0.31" duration="3"/>
    <step time="28200.00" loaded="16669" inserted="16633" running="73" waiting="36" ended="16560" arrived="16560" collisions="0" teleports="0" halting="19" stopped="0" meanWaitingTime="32.13" meanTravelTime="114.91" meanSpeed="4.59" meanSpeedRelative="0.33" duration="4"/>
    <step time="28500.00" loaded="16870" inserted="16835" running="78" waiting="35" ended="16757" arrived="16757" collisions="0" teleports="0" halting="16" stopped="0" meanWaitingTime="32.45" meanTravelTime="114.81" meanSpeed="5.87" meanSpeedRelative="0.42" duration="3"/>
    <step time="28800.00" loaded="17085" inserted="17054" running="95" waiting="31" ended="16959" arrived="16959" collisions="0" teleports="0" halting="38" stopped="0" meanWaitingTime="32.54" meanTravelTime="114.75" meanSpeed="3.59" meanSpeedRelative="0.26" duration="4"/>
    <step time="29100.00" loaded="17309" inserted="17271" running="105" waiting="38" ended="17166" arrived="17166" collisions="0" teleports="0" halting="47" stopped="0" meanWaitingTime="32.51" meanTravelTime="115.23" meanSpeed="2.73" meanSpeedRelative="0.20" duration="4"/>
    <step time="29400.00" loaded="17514" inserted="17464" running="86" waiting="50" ended="17378" arrived="17378" collisions="0" teleports="0" halting="32" stopped="0" meanWaitingTime="32.76" meanTravelTime="115.75" meanSpeed="4.84" meanSpeedRelative="0.35" duration="3"/>
    <step time="29700.00" loaded="17695" inserted="17660" running="60" waiting="35" ended="17600" arrived="17600" collisions="0" teleports="0" halting="16" stopped="0" meanWaitingTime="32.99" meanTravelTime="115.82" meanSpeed="5.63" meanSpeedRelative="0.41" duration="2"/>
    <step time="30000.00" loaded="17870" inserted="17839" running="52" waiting="31" ended="17787" arrived="17787" collisions="0" teleports="0" halting="20" stopped="0" meanWaitingTime="33.18" meanTravelTime="115.67" meanSpeed="4.41" meanSpeedRelative="0.32" duration="2"/>
    <step time="30300.00" loaded="18071" inserted="18032" running="74" waiting="39" ended="17958" arrived="17958" collisions="0" teleports="0" halting="28" stopped="0" meanWaitingTime="33.47" meanTravelTime="115.50" meanSpeed="3.89" meanSpeedRelative="0.29" duration="3"/>
    <step time="30600.00" loaded="18285" inserted="18240" running="98" waiting="45" ended="18142" arrived="18142" collisions="0" teleports="0" halting="40" stopped="0" meanWaitingTime="33.75" meanTravelTime="115.52" meanSpeed="5.25" meanSpeedRelative="0.38" duration="4"/>
    <step time="30900.00" loaded="18504" inserted="18466" running="110" waiting="38" ended="18356" arrived="18356" collisions="0" teleports="0" halting="55" stopped="0" meanWaitingTime="34.07" meanTravelTime="115.56" meanSpeed="2.58" meanSpeedRelative="0.19" duration="1"/>
    <step time="31200.00" loaded="18676" inserted="18631" running="60" waiting="45" ended="18571" arrived="18571" collisions="0" teleports="0" halting="11" stopped="0" meanWaitingTime="34.14" meanTravelTime="116.01" meanSpeed="4.39" meanSpeedRelative="0.32" duration="2"/>
    <step time="31500.00" loaded="18853" inserted="18807" running="78" waiting="46" ended="18729" arrived="18729" collisions="0" teleports="0" halting="32" stopped="0" meanWaitingTime="34.45" meanTravelTime="116.30" meanSpeed="3.17" meanSpeedRelative="0.23" duration="4"/>
    <step time="31800.00" loaded="19011" inserted="18974" running="76" waiting="37" ended="18898" arrived="18898" collisions="0" teleports="0" halting="17" stopped="0" meanWaitingTime="34.84" meanTravelTime="116.51" meanSpeed="5.01" meanSpeedRelative="0.36" duration="3"/>
    <step time="32100.00" loaded="19195" inserted="19156" running="75" waiting="39" ended="19081" arrived="19081" collisions="0" teleports="0" halting="29" stopped="0" meanWaitingTime="35.24" meanTravelTime="116.45" meanSpeed="4.61" meanSpeedRelative="0.35" duration="1"/>
    <step time="32400.00" loaded="19361" inserted="19318" running="61" waiting="43" ended="19257" arrived="19257" collisions="0" teleports="0" halting="25" stopped="0" meanWaitingTime="35.46" meanTravelTime="116.36" meanSpeed="3.78" meanSpeedRelative="0.27" duration="1"/>
    <step time="32700.00" loaded="19539" inserted="19498" running="69" waiting="41" ended="19429" arrived="19429" collisions="0" teleports="0" halting="11" stopped="0" meanWaitingTime="35.65" meanTravelTime="116.38" meanSpeed="5.03" meanSpeedRelative="0.36" duration="3"/>
    <step time="33000.00" loaded="19709" inserted="19679" running="63" waiting="30" ended="19616" arrived="19616" collisions="0" teleports="0" halting="9" stopped="0" meanWaitingTime="35.93" meanTravelTime="116.51" meanSpeed="5.96" meanSpeedRelative="0.43" duration="3"/>
    <step time="33300.00" loaded="19843" inserted="19831" running="79" waiting="12" ended="19752" arrived="19752" collisions="0" teleports="0" halting="21" stopped="0" meanWaitingTime="36.08" meanTravelTime="116.50" meanSpeed="5.64" meanSpeedRelative="0.41" duration="3"/>
    <step time="33600.00" loaded="20036" inserted="20018" running="63" waiting="18" ended="19955" arrived="19955" collisions="0" teleports="0" halting="25" stopped="0" meanWaitingTime="36.00" meanTravelTime="116.45" meanSpeed="5.70" meanSpeedRelative="0.41" duration="2"/>
    <step time="33900.00" loaded="20192" inserted="20171" running="61" waiting="21" ended="20110" arrived="20110" collisions="0" teleports="0" halting="25" stopped="0" meanWaitingTime="35.95" meanTravelTime="116.32" meanSpeed="3.41" meanSpeedRelative="0.25" duration="1"/>
    <step time="34200.00" loaded="20352" inserted="20332" running="77" waiting="20" ended="20255" arrived="20255" collisions="0" teleports="0" halting="21" stopped="0" meanWaitingTime="35.92" meanTravelTime="116.40" meanSpeed="4.11" meanSpeedRelative="0.30" duration="2"/>
    <step time="34500.00" loaded="20519" inserted="20494" running="76" waiting="25" ended="20418" arrived="20418" collisions="0" teleports="0" halting="13" stopped="0" meanWaitingTime="35.99" meanTravelTime="116.62" meanSpeed="5.24" meanSpeedRelative="0.38" duration="2"/>
    <step time="34800.00" loaded="20673" inserted="20642" running="71" waiting="31" ended="20571" arrived="20571" collisions="0" teleports="0" halting="22" stopped="0" meanWaitingTime="36.17" meanTravelTime="116.84" meanSpeed="3.32" meanSpeedRelative="0.24" duration="2"/>
    <step time="35100.00" loaded="20812" inserted="20800" running="66" waiting="12" ended="20734" arrived="20734" collisions="0" teleports="0" halting="18" stopped="0" meanWaitingTime="36.31" meanTravelTime="116.94" meanSpeed="5.63" meanSpeedRelative="0.41" duration="1"/>
    <step time="35400.00" loaded="20952" inserted="20945" running="47" waiting="7" ended="20898" arrived="20898" collisions="0" teleports="0" halting="6" stopped="0" meanWaitingTime="36.13" meanTravelTime="116.81" meanSpeed="6.65" meanSpeedRelative="0.48" duration="2"/>
    <step time="35700.00" loaded="21095" inserted="21088" running="49" waiting="7" ended="21039" arrived="21039" collisions="0" teleports="0" halting="23" stopped="0" meanWaitingTime="36.01" meanTravelTime="116.83" meanSpeed="4.34" meanSpeedRelative="0.31" duration="2"/>
    <step time="36000.00" loaded="21251" inserted="21243" running="49" waiting="8" ended="21194" arrived="21194" collisions="0" teleports="0" halting="23" stopped="0" meanWaitingTime="35.89" meanTravelTime="116.74" meanSpeed="3.36" meanSpeedRelative="0.24" duration="2"/>
    <step time="36300.00" loaded="21423" inserted="21405" running="58" waiting="18" ended="21347" arrived="21347" collisions="0" teleports="0" halting="35" stopped="0" meanWaitingTime="35.80" meanTravelTime="116.63" meanSpeed="2.79" meanSpeedRelative="0.20" duration="3"/>
    <step time="36600.00" loaded="21573" inserted="21563" running="64" waiting="10" ended="21499" arrived="21499" collisions="0" teleports="0" halting="7" stopped="0" meanWaitingTime="35.75" meanTravelTime="116.67" meanSpeed="5.05" meanSpeedRelative="0.36" duration="3"/>
    <step time="36900.00" loaded="21714" inserted="21694" running="36" waiting="20" ended="21658" arrived="21658" collisions="0" teleports="0" halting="10" stopped="0" meanWaitingTime="35.60" meanTravelTime="116.78" meanSpeed="6.95" meanSpeedRelative="0.50" duration="2"/>
    <step time="37200.00" loaded="21835" inserted="21812" running="45" waiting="23" ended="21767" arrived="21767" collisions="0" teleports="0" halting="27" stopped="0" meanWaitingTime="35.60" meanTravelTime="116.65" meanSpeed="2.64" meanSpeedRelative="0.19" duration="2"/>
    <step time="37500.00" loaded="21977" inserted="21940" running="49" waiting="37" ended="21891" arrived="21891" collisions="0" teleports="0" halting="11" stopped="0" meanWaitingTime="35.77" meanTravelTime="116.69" meanSpeed="5.89" meanSpeedRelative="0.42" duration="1"/>
    <step time="37800.00" loaded="22132" inserted="22091" running="51" waiting="41" ended="22040" arrived="22040" collisions="0" teleports="0" halting="22" stopped="0" meanWaitingTime="36.03" meanTravelTime="116.66" meanSpeed="4.78" meanSpeedRelative="0.34" duration="2"/>
    <step time="38100.00" loaded="22275" inserted="22232" running="47" waiting="43" ended="22185" arrived="22185" collisions="0" teleports="0" halting="18" stopped="0" meanWaitingTime="36.25" meanTravelTime="116.54" meanSpeed="5.17" meanSpeedRelative="0.37" duration="2"/>
    <step time="38400.00" loaded="22400" inserted="22374" running="47" waiting="26" ended="22327" arrived="22327" collisions="0" teleports="0" halting="20" stopped="0" meanWaitingTime="36.54" meanTravelTime="116.46" meanSpeed="5.03" meanSpeedRelative="0.36" duration="2"/>
    <step time="38700.00" loaded="22501" inserted="22487" running="43" waiting="14" ended="22444" arrived="22444" collisions="0" teleports="0" halting="24" stopped="0" meanWaitingTime="36.68" meanTravelTime="116.38" meanSpeed="4.24" meanSpeedRelative="0.31" duration="1"/>
    <step time="39000.00" loaded="22607" inserted="22573" running="33" waiting="34" ended="22540" arrived="22540" collisions="0" teleports="0" halting="6" stopped="0" meanWaitingTime="36.86" meanTravelTime="116.35" meanSpeed="7.03" meanSpeedRelative="0.51" duration="1"/>
    <step time="39300.00" loaded="22733" inserted="22689" running="33" waiting="44" ended="22656" arrived="22656" collisions="0" teleports="0" halting="11" stopped="0" meanWaitingTime="37.14" meanTravelTime="116.27" meanSpeed="6.43" meanSpeedRelative="0.46" duration="1"/>
    <step time="39600.00" loaded="22843" inserted="22790" running="43" waiting="53" ended="22747" arrived="22747" collisions="0" teleports="0" halting="20" stopped="0" meanWaitingTime="37.45" meanTravelTime="116.17" meanSpeed="4.59" meanSpeedRelative="0.33" duration="2"/>
    <step time="39900.00" loaded="22965" inserted="22913" running="71" waiting="52" ended="22842" arrived="22842" collisions="0" teleports="0" halting="54" stopped="0" meanWaitingTime="37.95" meanTravelTime="116.15" meanSpeed="1.99" meanSpeedRelative="0.14" duration="1"/>
    <step time="40200.00" loaded="23053" inserted="23015" running="36" waiting="38" ended="22979" arrived="22979" collisions="0" teleports="0" halting="14" stopped="0" meanWaitingTime="38.53" meanTravelTime="116.35" meanSpeed="4.09" meanSpeedRelative="0.29" duration="2"/>
    <step time="40500.00" loaded="23152" inserted="23128" running="36" waiting="24" ended="23092" arrived="23092" collisions="0" teleports="0" halting="10" stopped="0" meanWaitingTime="38.84" meanTravelTime="116.39" meanSpeed="6.27" meanSpeedRelative="0.45" duration="2"/>
    <step time="40800.00" loaded="23261" inserted="23228" running="40" waiting="33" ended="23188" arrived="23188" collisions="0" teleports="0" halting="19" stopped="0" meanWaitingTime="39.10" meanTravelTime="116.32" meanSpeed="4.61" meanSpeedRelative="0.33" duration="1"/>
    <step time="41100.00" loaded="23343" inserted="23320" running="48" waiting="23" ended="23272" arrived="23272" collisions="0" teleports="0" halting="20" stopped="0" meanWaitingTime="39.30" meanTravelTime="116.38" meanSpeed="3.95" meanSpeedRelative="0.28" duration="2"/>
    <step time="41400.00" loaded="23405" inserted="23394" running="33" waiting="11" ended="23361" arrived="23361" collisions="0" teleports="0" halting="26" stopped="0" meanWaitingTime="39.39" meanTravelTime="116.62" meanSpeed="2.17" meanSpeedRelative="0.16" duration="1"/>
    <step time="41700.00" loaded="23503" inserted="23480" running="58" waiting="23" ended="23422" arrived="23422" collisions="0" teleports="0" halting="30" stopped="0" meanWaitingTime="39.54" meanTravelTime="116.74" meanSpeed="4.08" meanSpeedRelative="0.29" duration="2"/>
    <step time="42000.00" loaded="23583" inserted="23554" running="32" waiting="29" ended="23522" arrived="23522" collisions="0" teleports="0" halting="12" stopped="0" meanWaitingTime="39.70" meanTravelTime="117.04" meanSpeed="3.26" meanSpeedRelative="0.23" duration="2"/>
    <step time="42300.00" loaded="23688" inserted="23663" running="45" waiting="25" ended="23618" arrived="23618" collisions="0" teleports="0" halting="9" stopped="0" meanWaitingTime="39.94" meanTravelTime="116.99" meanSpeed="7.08" meanSpeedRelative="0.51" duration="1"/>
    <step time="42600.00" loaded="23799" inserted="23762" running="38" waiting="37" ended="23724" arrived="23724" collisions="0" teleports="0" halting="5" stopped="0" meanWaitingTime="40.15" meanTravelTime="116.93" meanSpeed="6.62" meanSpeedRelative="0.48" duration="1"/>
    <step time="42900.00" loaded="23900" inserted="23875" running="52" waiting="25" ended="23823" arrived="23823" collisions="0" teleports="0" halting="23" stopped="0" meanWaitingTime="40.43" meanTravelTime="117.00" meanSpeed="4.95" meanSpeedRelative="0.38" duration="1"/>
    <step time="43200.00" loaded="24002" inserted="23967" running="24" waiting="35" ended="23943" arrived="23943" collisions="0" teleports="0" halting="7" stopped="0" meanWaitingTime="40.57" meanTravelTime="117.07" meanSpeed="5.85" meanSpeedRelative="0.42" duration="1"/>
    <step time="43500.00" loaded="24084" inserted="24073" running="58" waiting="11" ended="24015" arrived="24015" collisions="0" teleports="0" halting="13" stopped="0" meanWaitingTime="40.70" meanTravelTime="117.03" meanSpeed="5.35" meanSpeedRelative="0.40" duration="2"/>
    <step time="43800.00" loaded="24185" inserted="24164" running="39" waiting="21" ended="24125" arrived="24125" collisions="0" teleports="0" halting="12" stopped="0" meanWaitingTime="40.75" meanTravelTime="117.07" meanSpeed="5.51" meanSpeedRelative="0.40" duration="2"/>
    <step time="44100.00" loaded="24289" inserted="24279" running="58" waiting="10" ended="24221" arrived="24221" collisions="0" teleports="0" halting="29" stopped="0" meanWaitingTime="40.80" meanTravelTime="117.06" meanSpeed="4.06" meanSpeedRelative="0.29" duration="3"/>
    <step time="44400.00" loaded="24398" inserted="24380" running="75" waiting="18" ended="24305" arrived="24305" collisions="0" teleports="0" halting="63" stopped="0" meanWaitingTime="40.80" meanTravelTime="117.01" meanSpeed="0.78" meanSpeedRelative="0.06" duration="2"/>
    <step time="44700.00" loaded="24501" inserted="24457" running="44" waiting="44" ended="24413" arrived="24413" collisions="0" teleports="0" halting="19" stopped="0" meanWaitingTime="40.95" meanTravelTime="117.65" meanSpeed="3.96" meanSpeedRelative="0.28" duration="2"/>
    <step time="45000.00" loaded="24606" inserted="24554" running="41" waiting="52" ended="24513" arrived="24513" collisions="0" teleports="0" halting="6" stopped="0" meanWaitingTime="41.32" meanTravelTime="117.83" meanSpeed="4.73" meanSpeedRelative="0.34" duration="2"/>
    <step time="45300.00" loaded="24693" inserted="24643" running="47" waiting="50" ended="24596" arrived="24596" collisions="0" teleports="0" halting="17" stopped="0" meanWaitingTime="41.61" meanTravelTime="117.93" meanSpeed="3.97" meanSpeedRelative="0.29" duration="2"/>
    <step time="45600.00" loaded="24776" inserted="24715" running="23" waiting="61" ended="24692" arrived="24692" collisions="0" teleports="0" halting="10" stopped="0" meanWaitingTime="41.93" meanTravelTime="118.08" meanSpeed="5.00" meanSpeedRelative="0.36" duration="1"/>
    <step time="45900.00" loaded="24862" inserted="24792" running="45" waiting="70" ended="24747" arrived="24747" collisions="0" teleports="0" halting="35" stopped="0" meanWaitingTime="42.62" meanTravelTime="118.01" meanSpeed="2.82" meanSpeedRelative="0.20" duration="2"/>
    <step time="46200.00" loaded="24942" inserted="24878" running="71" waiting="64" ended="24807" arrived="24807" collisions="0" teleports="0" halting="64" stopped="0" meanWaitingTime="43.26" meanTravelTime="117.88" meanSpeed="0.70" meanSpeedRelative="0.05" duration="2"/>
    <step time="46500.00" loaded="24990" inserted="24965" running="91" waiting="25" ended="24874" arrived="24874" collisions="0" teleports="0" halting="69" stopped="0" meanWaitingTime="43.87" meanTravelTime="117.73" meanSpeed="1.49" meanSpeedRelative="0.11" duration="3"/>
    <step time="46800.00" loaded="25010" inserted="25010" running="90" waiting="0" ended="24920" arrived="24920" collisions="0" teleports="0" halting="89" stopped="0" meanWaitingTime="44.14" meanTravelTime="117.64" meanSpeed="0.15" meanSpeedRelative="0.01" duration="3"/>
    <step time="47100.00" loaded="25029" inserted="25029" running="87" waiting="0" ended="24942" arrived="24942" collisions="0" teleports="0" halting="83" stopped="0" meanWaitingTime="44.11" meanTravelTime="117.56" meanSpeed="0.28" meanSpeedRelative="0.02" duration="2"/>
    <step time="47400.00" loaded="25045" inserted="25045" running="85" waiting="0" ended="24960" arrived="24960" collisions="0" teleports="0" halting="85" stopped="0" meanWaitingTime="44.08" meanTravelTime="117.51" meanSpeed="0.00" meanSpeedRelative="0.00" duration="2"/>
    <step time="47700.00" loaded="25059" inserted="25059" running="86" waiting="0" ended="24973" arrived="24973" collisions="0" teleports="0" halting="86" stopped="0" meanWaitingTime="44.05" meanTravelTime="117.47" meanSpeed="0.00" meanSpeedRelative="0.00" duration="2"/>
    <step time="48000.00" loaded="25073" inserted="25073" running="85" waiting="0" ended="24988" arrived="24988" collisions="0" teleports="0" halting="83" stopped="0" meanWaitingTime="44.03" meanTravelTime="117.44" meanSpeed="0.29" meanSpeedRelative="0.02" duration="3"/>
    <step time="48300.00" loaded="25087" inserted="25087" running="84" waiting="0" ended="25003" arrived="25003" collisions="0" teleports="0" halting="83" stopped="0" meanWaitingTime="44.00" meanTravelTime="117.39" meanSpeed="0.04" meanSpeedRelative="0.00" duration="1"/>
    <step time="48600.00" loaded="25103" inserted="25103" running="85" waiting="0" ended="25018" arrived="25018" collisions="0" teleports="0" halting="83" stopped="0" meanWaitingTime="43.98" meanTravelTime="117.33" meanSpeed="0.18" meanSpeedRelative="0.01" duration="2"/>
    <step time="48900.00" loaded="25118" inserted="25118" running="89" waiting="0" ended="25029" arrived="25029" collisions="0" teleports="0" halting="88" stopped="0" meanWaitingTime="43.95" meanTravelTime="117.29" meanSpeed="0.04" meanSpeedRelative="0.00" duration="2"/>
    <step time="49200.00" loaded="25127" inserted="25127" running="83" waiting="0" ended="25044" arrived="25044" collisions="0" teleports="0" halting="83" stopped="0" meanWaitingTime="43.93" meanTravelTime="117.26" meanSpeed="0.00" meanSpeedRelative="0.00" duration="2"/>
</summary>
