<?xml version="1.0" encoding="UTF-8"?>

<!-- generated on 2025-02-28 18:13:22 by Eclipse SUMO GUI Version 1.19.0
<configuration xmlns:xsi="http://www.w3.org/2001/XMLSchema-instance" xsi:noNamespaceSchemaLocation="http://sumo.dlr.de/xsd/sumoConfiguration.xsd">

    <input>
        <net-file value="Network.net.xml"/>
        <route-files value="CarRoutes.rou.xml"/>
        <additional-files value="Sensors.add.xml"/>
    </input>

    <output>
        <emission-output value="logs/Emissions.xml"/>
        <summary-output value="logs/Log_summary.xml"/>
        <summary-output.period value="300"/>
        <tripinfo-output value="logs/TripInfos.xml"/>
    </output>

    <time>
        <begin value="0"/>
        <end value="86400"/>
        <step-length value="0.25"/>
    </time>

    <processing>
        <ignore-junction-blocker value="0.1"/>
        <time-to-teleport value="-1"/>
    </processing>

    <report>
        <verbose value="true"/>
        <no-step-log value="true"/>
    </report>

    <emissions>
        <device.emissions.period value="10"/>
    </emissions>

    <traci_server>
        <remote-port value="58262"/>
    </traci_server>

    <gui_only>
        <quit-on-end value="true"/>
        <start value="true"/>
    </gui_only>

</configuration>
-->

<instantE1 xmlns:xsi="http://www.w3.org/2001/XMLSchema-instance" xsi:noNamespaceSchemaLocation="http://sumo.dlr.de/xsd/instant_e1_file.xsd">
    <instantOut id="212_D1" time="3141.86" state="enter" vehID="Car_1524" speed="4.76" length="5.00" type="DEFAULT_CAR"/>
    <instantOut id="212_D1" time="3142.00" state="stay" vehID="Car_1524" speed="4.76" length="5.00" type="DEFAULT_CAR"/>
    <instantOut id="212_D1" time="3142.25" state="stay" vehID="Car_1524" speed="5.71" length="5.00" type="DEFAULT_CAR"/>
    <instantOut id="212_D1" time="3142.50" state="stay" vehID="Car_1524" speed="6.24" length="5.00" type="DEFAULT_CAR"/>
    <instantOut id="212_D1" time="3142.74" state="leave" vehID="Car_1524" speed="5.49" length="5.00" type="DEFAULT_CAR" occupancy="0.89"/>
    <instantOut id="212_D1" time="5044.78" state="enter" vehID="Car_2879" speed="6.24" length="5.00" type="DEFAULT_CAR" gap="1902.04"/>
    <instantOut id="212_D1" time="5045.00" state="stay" vehID="Car_2879" speed="6.24" length="5.00" type="DEFAULT_CAR"/>
    <instantOut id="212_D1" time="5045.25" state="stay" vehID="Car_2879" speed="7.19" length="5.00" type="DEFAULT_CAR"/>
    <instantOut id="212_D1" time="5045.50" state="stay" vehID="Car_2879" speed="7.31" length="5.00" type="DEFAULT_CAR"/>
    <instantOut id="212_D1" time="5045.50" state="leave" vehID="Car_2879" speed="7.44" length="5.00" type="DEFAULT_CAR" occupancy="0.72"/>
    <instantOut id="212_D1" time="6204.88" state="enter" vehID="Car_3359" speed="4.48" length="5.00" type="DEFAULT_CAR" gap="1159.37"/>
    <instantOut id="212_D1" time="6205.00" state="stay" vehID="Car_3359" speed="4.48" length="5.00" type="DEFAULT_CAR"/>
    <instantOut id="212_D1" time="6205.25" state="stay" vehID="Car_3359" speed="5.43" length="5.00" type="DEFAULT_CAR"/>
    <instantOut id="212_D1" time="6205.50" state="stay" vehID="Car_3359" speed="6.37" length="5.00" type="DEFAULT_CAR"/>
    <instantOut id="212_D1" time="6205.75" state="stay" vehID="Car_3359" speed="5.62" length="5.00" type="DEFAULT_CAR"/>
    <instantOut id="212_D1" time="6205.77" state="leave" vehID="Car_3359" speed="5.23" length="5.00" type="DEFAULT_CAR" occupancy="0.89"/>
    <instantOut id="212_D1" time="7981.77" state="enter" vehID="Car_4510" speed="6.07" length="5.00" type="DEFAULT_CAR" gap="1776.00"/>
    <instantOut id="212_D1" time="7982.00" state="stay" vehID="Car_4510" speed="6.07" length="5.00" type="DEFAULT_CAR"/>
    <instantOut id="212_D1" time="7982.25" state="stay" vehID="Car_4510" speed="5.78" length="5.00" type="DEFAULT_CAR"/>
    <instantOut id="212_D1" time="7982.50" state="stay" vehID="Car_4510" speed="5.03" length="5.00" type="DEFAULT_CAR"/>
    <instantOut id="212_D1" time="7982.71" state="leave" vehID="Car_4510" speed="4.29" length="5.00" type="DEFAULT_CAR" occupancy="0.94"/>
    <instantOut id="212_D1" time="13467.94" state="enter" vehID="Car_7921" speed="4.73" length="5.00" type="DEFAULT_CAR" gap="5485.23"/>
    <instantOut id="212_D1" time="13468.00" state="stay" vehID="Car_7921" speed="4.73" length="5.00" type="DEFAULT_CAR"/>
    <instantOut id="212_D1" time="13468.25" state="stay" vehID="Car_7921" speed="5.68" length="5.00" type="DEFAULT_CAR"/>
    <instantOut id="212_D1" time="13468.50" state="stay" vehID="Car_7921" speed="6.63" length="5.00" type="DEFAULT_CAR"/>
    <instantOut id="212_D1" time="13468.75" state="stay" vehID="Car_7921" speed="6.42" length="5.00" type="DEFAULT_CAR"/>
    <instantOut id="212_D1" time="13468.75" state="leave" vehID="Car_7921" speed="6.51" length="5.00" type="DEFAULT_CAR" occupancy="0.82"/>
    <instantOut id="212_D1" time="15783.76" state="enter" vehID="Car_8724" speed="4.44" length="5.00" type="DEFAULT_CAR" gap="2315.01"/>
    <instantOut id="212_D1" time="15784.00" state="stay" vehID="Car_8724" speed="4.44" length="5.00" type="DEFAULT_CAR"/>
    <instantOut id="212_D1" time="15784.25" state="stay" vehID="Car_8724" speed="3.73" length="5.00" type="DEFAULT_CAR"/>
    <instantOut id="212_D1" time="15784.50" state="stay" vehID="Car_8724" speed="2.98" length="5.00" type="DEFAULT_CAR"/>
    <instantOut id="212_D1" time="15784.75" state="stay" vehID="Car_8724" speed="2.23" length="5.00" type="DEFAULT_CAR"/>
    <instantOut id="212_D1" time="15785.00" state="stay" vehID="Car_8724" speed="1.62" length="5.00" type="DEFAULT_CAR"/>
    <instantOut id="212_D1" time="15785.25" state="stay" vehID="Car_8724" speed="0.90" length="5.00" type="DEFAULT_CAR"/>
    <instantOut id="212_D1" time="15785.50" state="stay" vehID="Car_8724" speed="0.31" length="5.00" type="DEFAULT_CAR"/>
    <instantOut id="212_D1" time="15785.75" state="stay" vehID="Car_8724" speed="0.00" length="5.00" type="DEFAULT_CAR"/>
    <instantOut id="212_D1" time="15786.00" state="stay" vehID="Car_8724" speed="0.00" length="5.00" type="DEFAULT_CAR"/>
    <instantOut id="212_D1" time="15786.25" state="stay" vehID="Car_8724" speed="0.00" length="5.00" type="DEFAULT_CAR"/>
    <instantOut id="212_D1" time="15786.50" state="stay" vehID="Car_8724" speed="0.00" length="5.00" type="DEFAULT_CAR"/>
    <instantOut id="212_D1" time="15786.75" state="stay" vehID="Car_8724" speed="0.00" length="5.00" type="DEFAULT_CAR"/>
    <instantOut id="212_D1" time="15787.00" state="stay" vehID="Car_8724" speed="0.87" length="5.00" type="DEFAULT_CAR"/>
    <instantOut id="212_D1" time="15787.25" state="stay" vehID="Car_8724" speed="1.60" length="5.00" type="DEFAULT_CAR"/>
    <instantOut id="212_D1" time="15787.41" state="leave" vehID="Car_8724" speed="2.36" length="5.00" type="DEFAULT_CAR" occupancy="3.65"/>
    <instantOut id="212_D1" time="16118.80" state="enter" vehID="Car_8987" speed="6.03" length="5.00" type="DEFAULT_CAR" gap="331.39"/>
    <instantOut id="212_D1" time="16119.00" state="stay" vehID="Car_8987" speed="6.03" length="5.00" type="DEFAULT_CAR"/>
    <instantOut id="212_D1" time="16119.25" state="stay" vehID="Car_8987" speed="6.98" length="5.00" type="DEFAULT_CAR"/>
    <instantOut id="212_D1" time="16119.50" state="stay" vehID="Car_8987" speed="6.45" length="5.00" type="DEFAULT_CAR"/>
    <instantOut id="212_D1" time="16119.57" state="leave" vehID="Car_8987" speed="6.85" length="5.00" type="DEFAULT_CAR" occupancy="0.76"/>
    <instantOut id="212_D1" time="16924.84" state="enter" vehID="Car_9602" speed="4.70" length="5.00" type="DEFAULT_CAR" gap="805.27"/>
    <instantOut id="212_D1" time="16925.00" state="stay" vehID="Car_9602" speed="4.70" length="5.00" type="DEFAULT_CAR"/>
    <instantOut id="212_D1" time="16925.25" state="stay" vehID="Car_9602" speed="3.95" length="5.00" type="DEFAULT_CAR"/>
    <instantOut id="212_D1" time="16925.50" state="stay" vehID="Car_9602" speed="3.20" length="5.00" type="DEFAULT_CAR"/>
    <instantOut id="212_D1" time="16925.75" state="stay" vehID="Car_9602" speed="2.57" length="5.00" type="DEFAULT_CAR"/>
    <instantOut id="212_D1" time="16926.00" state="stay" vehID="Car_9602" speed="1.82" length="5.00" type="DEFAULT_CAR"/>
    <instantOut id="212_D1" time="16926.25" state="stay" vehID="Car_9602" speed="1.07" length="5.00" type="DEFAULT_CAR"/>
    <instantOut id="212_D1" time="16926.50" state="stay" vehID="Car_9602" speed="0.34" length="5.00" type="DEFAULT_CAR"/>
    <instantOut id="212_D1" time="16926.75" state="stay" vehID="Car_9602" speed="0.01" length="5.00" type="DEFAULT_CAR"/>
    <instantOut id="212_D1" time="16927.00" state="stay" vehID="Car_9602" speed="0.00" length="5.00" type="DEFAULT_CAR"/>
    <instantOut id="212_D1" time="16927.25" state="stay" vehID="Car_9602" speed="0.00" length="5.00" type="DEFAULT_CAR"/>
    <instantOut id="212_D1" time="16927.50" state="stay" vehID="Car_9602" speed="0.00" length="5.00" type="DEFAULT_CAR"/>
    <instantOut id="212_D1" time="16927.75" state="stay" vehID="Car_9602" speed="0.00" length="5.00" type="DEFAULT_CAR"/>
    <instantOut id="212_D1" time="16928.00" state="stay" vehID="Car_9602" speed="0.00" length="5.00" type="DEFAULT_CAR"/>
    <instantOut id="212_D1" time="16928.25" state="stay" vehID="Car_9602" speed="0.00" length="5.00" type="DEFAULT_CAR"/>
    <instantOut id="212_D1" time="16928.50" state="stay" vehID="Car_9602" speed="0.00" length="5.00" type="DEFAULT_CAR"/>
    <instantOut id="212_D1" time="16928.75" state="stay" vehID="Car_9602" speed="0.00" length="5.00" type="DEFAULT_CAR"/>
    <instantOut id="212_D1" time="16929.00" state="stay" vehID="Car_9602" speed="0.00" length="5.00" type="DEFAULT_CAR"/>
    <instantOut id="212_D1" time="16929.25" state="stay" vehID="Car_9602" speed="0.00" length="5.00" type="DEFAULT_CAR"/>
    <instantOut id="212_D1" time="16929.50" state="stay" vehID="Car_9602" speed="0.00" length="5.00" type="DEFAULT_CAR"/>
    <instantOut id="212_D1" time="16929.75" state="stay" vehID="Car_9602" speed="0.00" length="5.00" type="DEFAULT_CAR"/>
    <instantOut id="212_D1" time="16930.00" state="stay" vehID="Car_9602" speed="0.00" length="5.00" type="DEFAULT_CAR"/>
    <instantOut id="212_D1" time="16930.25" state="stay" vehID="Car_9602" speed="0.00" length="5.00" type="DEFAULT_CAR"/>
    <instantOut id="212_D1" time="16930.50" state="stay" vehID="Car_9602" speed="0.94" length="5.00" type="DEFAULT_CAR"/>
    <instantOut id="212_D1" time="16930.75" state="stay" vehID="Car_9602" speed="1.67" length="5.00" type="DEFAULT_CAR"/>
    <instantOut id="212_D1" time="16930.89" state="leave" vehID="Car_9602" speed="2.48" length="5.00" type="DEFAULT_CAR" occupancy="6.05"/>
    <instantOut id="212_D1" time="17655.90" state="enter" vehID="Car_9601" speed="4.70" length="5.00" type="DEFAULT_CAR" gap="725.00"/>
    <instantOut id="212_D1" time="17656.00" state="stay" vehID="Car_9601" speed="4.70" length="5.00" type="DEFAULT_CAR"/>
    <instantOut id="212_D1" time="17656.25" state="stay" vehID="Car_9601" speed="5.65" length="5.00" type="DEFAULT_CAR"/>
    <instantOut id="212_D1" time="17656.50" state="stay" vehID="Car_9601" speed="6.60" length="5.00" type="DEFAULT_CAR"/>
    <instantOut id="212_D1" time="17656.73" state="leave" vehID="Car_9601" speed="6.34" length="5.00" type="DEFAULT_CAR" occupancy="0.83"/>
    <instantOut id="212_D1" time="20472.85" state="enter" vehID="Car_11113" speed="4.66" length="5.00" type="DEFAULT_CAR" gap="2816.12"/>
    <instantOut id="212_D1" time="20473.00" state="stay" vehID="Car_11113" speed="4.66" length="5.00" type="DEFAULT_CAR"/>
    <instantOut id="212_D1" time="20473.25" state="stay" vehID="Car_11113" speed="5.61" length="5.00" type="DEFAULT_CAR"/>
    <instantOut id="212_D1" time="20473.50" state="stay" vehID="Car_11113" speed="5.98" length="5.00" type="DEFAULT_CAR"/>
    <instantOut id="212_D1" time="20473.75" state="stay" vehID="Car_11113" speed="5.23" length="5.00" type="DEFAULT_CAR"/>
    <instantOut id="212_D1" time="20473.77" state="leave" vehID="Car_11113" speed="4.98" length="5.00" type="DEFAULT_CAR" occupancy="0.92"/>
    <instantOut id="212_D1" time="21185.80" state="enter" vehID="Car_12130" speed="5.95" length="5.00" type="DEFAULT_CAR" gap="712.03"/>
    <instantOut id="212_D1" time="21186.00" state="stay" vehID="Car_12130" speed="5.95" length="5.00" type="DEFAULT_CAR"/>
    <instantOut id="212_D1" time="21186.25" state="stay" vehID="Car_12130" speed="6.52" length="5.00" type="DEFAULT_CAR"/>
    <instantOut id="212_D1" time="21186.50" state="stay" vehID="Car_12130" speed="5.77" length="5.00" type="DEFAULT_CAR"/>
    <instantOut id="212_D1" time="21186.63" state="leave" vehID="Car_12130" speed="5.59" length="5.00" type="DEFAULT_CAR" occupancy="0.83"/>
    <instantOut id="212_D1" time="25377.85" state="enter" vehID="Car_14598" speed="4.71" length="5.00" type="DEFAULT_CAR" gap="4191.21"/>
    <instantOut id="212_D1" time="25378.00" state="stay" vehID="Car_14598" speed="4.71" length="5.00" type="DEFAULT_CAR"/>
    <instantOut id="212_D1" time="25378.25" state="stay" vehID="Car_14598" speed="5.66" length="5.00" type="DEFAULT_CAR"/>
    <instantOut id="212_D1" time="25378.50" state="stay" vehID="Car_14598" speed="6.61" length="5.00" type="DEFAULT_CAR"/>
    <instantOut id="212_D1" time="25378.70" state="leave" vehID="Car_14598" speed="6.08" length="5.00" type="DEFAULT_CAR" occupancy="0.85"/>
    <instantOut id="212_D1" time="25968.80" state="enter" vehID="Car_15609" speed="6.25" length="5.00" type="DEFAULT_CAR" gap="590.10"/>
    <instantOut id="212_D1" time="25969.00" state="stay" vehID="Car_15609" speed="6.25" length="5.00" type="DEFAULT_CAR"/>
    <instantOut id="212_D1" time="25969.25" state="stay" vehID="Car_15609" speed="7.20" length="5.00" type="DEFAULT_CAR"/>
    <instantOut id="212_D1" time="25969.50" state="stay" vehID="Car_15609" speed="7.16" length="5.00" type="DEFAULT_CAR"/>
    <instantOut id="212_D1" time="25969.52" state="leave" vehID="Car_15609" speed="7.21" length="5.00" type="DEFAULT_CAR" occupancy="0.72"/>
    <instantOut id="212_D1" time="25974.84" state="enter" vehID="Car_15608" speed="4.70" length="5.00" type="DEFAULT_CAR" gap="5.32"/>
    <instantOut id="212_D1" time="25975.00" state="stay" vehID="Car_15608" speed="4.70" length="5.00" type="DEFAULT_CAR"/>
    <instantOut id="212_D1" time="25975.25" state="stay" vehID="Car_15608" speed="5.65" length="5.00" type="DEFAULT_CAR"/>
    <instantOut id="212_D1" time="25975.50" state="stay" vehID="Car_15608" speed="6.60" length="5.00" type="DEFAULT_CAR"/>
    <instantOut id="212_D1" time="25975.69" state="leave" vehID="Car_15608" speed="6.20" length="5.00" type="DEFAULT_CAR" occupancy="0.85"/>
    <instantOut id="212_D1" time="25990.79" state="enter" vehID="Car_15617" speed="6.04" length="5.00" type="DEFAULT_CAR" gap="15.10"/>
    <instantOut id="212_D1" time="25991.00" state="stay" vehID="Car_15617" speed="6.04" length="5.00" type="DEFAULT_CAR"/>
    <instantOut id="212_D1" time="25991.25" state="stay" vehID="Car_15617" speed="6.08" length="5.00" type="DEFAULT_CAR"/>
    <instantOut id="212_D1" time="25991.50" state="stay" vehID="Car_15617" speed="5.33" length="5.00" type="DEFAULT_CAR"/>
    <instantOut id="212_D1" time="25991.70" state="leave" vehID="Car_15617" speed="4.58" length="5.00" type="DEFAULT_CAR" occupancy="0.90"/>
    <instantOut id="212_D1" time="27491.89" state="enter" vehID="Car_16312" speed="4.83" length="5.00" type="DEFAULT_CAR" gap="1500.19"/>
    <instantOut id="212_D1" time="27492.00" state="stay" vehID="Car_16312" speed="4.83" length="5.00" type="DEFAULT_CAR"/>
    <instantOut id="212_D1" time="27492.25" state="stay" vehID="Car_16312" speed="4.08" length="5.00" type="DEFAULT_CAR"/>
    <instantOut id="212_D1" time="27492.50" state="stay" vehID="Car_16312" speed="3.37" length="5.00" type="DEFAULT_CAR"/>
    <instantOut id="212_D1" time="27492.75" state="stay" vehID="Car_16312" speed="2.62" length="5.00" type="DEFAULT_CAR"/>
    <instantOut id="212_D1" time="27493.00" state="stay" vehID="Car_16312" speed="1.97" length="5.00" type="DEFAULT_CAR"/>
    <instantOut id="212_D1" time="27493.25" state="stay" vehID="Car_16312" speed="1.22" length="5.00" type="DEFAULT_CAR"/>
    <instantOut id="212_D1" time="27493.50" state="stay" vehID="Car_16312" speed="0.51" length="5.00" type="DEFAULT_CAR"/>
    <instantOut id="212_D1" time="27493.75" state="stay" vehID="Car_16312" speed="0.04" length="5.00" type="DEFAULT_CAR"/>
    <instantOut id="212_D1" time="27494.00" state="stay" vehID="Car_16312" speed="0.00" length="5.00" type="DEFAULT_CAR"/>
    <instantOut id="212_D1" time="27494.25" state="stay" vehID="Car_16312" speed="0.00" length="5.00" type="DEFAULT_CAR"/>
    <instantOut id="212_D1" time="27494.50" state="stay" vehID="Car_16312" speed="0.00" length="5.00" type="DEFAULT_CAR"/>
    <instantOut id="212_D1" time="27494.75" state="stay" vehID="Car_16312" speed="0.00" length="5.00" type="DEFAULT_CAR"/>
    <instantOut id="212_D1" time="27495.00" state="stay" vehID="Car_16312" speed="0.00" length="5.00" type="DEFAULT_CAR"/>
    <instantOut id="212_D1" time="27495.25" state="stay" vehID="Car_16312" speed="0.00" length="5.00" type="DEFAULT_CAR"/>
    <instantOut id="212_D1" time="27495.50" state="stay" vehID="Car_16312" speed="0.00" length="5.00" type="DEFAULT_CAR"/>
    <instantOut id="212_D1" time="27495.75" state="stay" vehID="Car_16312" speed="0.00" length="5.00" type="DEFAULT_CAR"/>
    <instantOut id="212_D1" time="27496.00" state="stay" vehID="Car_16312" speed="0.00" length="5.00" type="DEFAULT_CAR"/>
    <instantOut id="212_D1" time="27496.25" state="stay" vehID="Car_16312" speed="0.00" length="5.00" type="DEFAULT_CAR"/>
    <instantOut id="212_D1" time="27496.50" state="stay" vehID="Car_16312" speed="0.00" length="5.00" type="DEFAULT_CAR"/>
    <instantOut id="212_D1" time="27496.75" state="stay" vehID="Car_16312" speed="0.00" length="5.00" type="DEFAULT_CAR"/>
    <instantOut id="212_D1" time="27497.00" state="stay" vehID="Car_16312" speed="0.00" length="5.00" type="DEFAULT_CAR"/>
    <instantOut id="212_D1" time="27497.25" state="stay" vehID="Car_16312" speed="0.00" length="5.00" type="DEFAULT_CAR"/>
    <instantOut id="212_D1" time="27497.50" state="stay" vehID="Car_16312" speed="0.00" length="5.00" type="DEFAULT_CAR"/>
    <instantOut id="212_D1" time="27497.75" state="stay" vehID="Car_16312" speed="0.00" length="5.00" type="DEFAULT_CAR"/>
    <instantOut id="212_D1" time="27498.00" state="stay" vehID="Car_16312" speed="0.00" length="5.00" type="DEFAULT_CAR"/>
    <instantOut id="212_D1" time="27498.25" state="stay" vehID="Car_16312" speed="0.00" length="5.00" type="DEFAULT_CAR"/>
    <instantOut id="212_D1" time="27498.50" state="stay" vehID="Car_16312" speed="0.00" length="5.00" type="DEFAULT_CAR"/>
    <instantOut id="212_D1" time="27498.75" state="stay" vehID="Car_16312" speed="0.00" length="5.00" type="DEFAULT_CAR"/>
    <instantOut id="212_D1" time="27499.00" state="stay" vehID="Car_16312" speed="0.00" length="5.00" type="DEFAULT_CAR"/>
    <instantOut id="212_D1" time="27499.25" state="stay" vehID="Car_16312" speed="0.00" length="5.00" type="DEFAULT_CAR"/>
    <instantOut id="212_D1" time="27499.50" state="stay" vehID="Car_16312" speed="0.00" length="5.00" type="DEFAULT_CAR"/>
    <instantOut id="212_D1" time="27499.75" state="stay" vehID="Car_16312" speed="0.00" length="5.00" type="DEFAULT_CAR"/>
    <instantOut id="212_D1" time="27500.00" state="stay" vehID="Car_16312" speed="0.00" length="5.00" type="DEFAULT_CAR"/>
    <instantOut id="212_D1" time="27500.25" state="stay" vehID="Car_16312" speed="0.00" length="5.00" type="DEFAULT_CAR"/>
    <instantOut id="212_D1" time="27500.50" state="stay" vehID="Car_16312" speed="0.00" length="5.00" type="DEFAULT_CAR"/>
    <instantOut id="212_D1" time="27500.75" state="stay" vehID="Car_16312" speed="0.00" length="5.00" type="DEFAULT_CAR"/>
    <instantOut id="212_D1" time="27501.00" state="stay" vehID="Car_16312" speed="0.00" length="5.00" type="DEFAULT_CAR"/>
    <instantOut id="212_D1" time="27501.25" state="stay" vehID="Car_16312" speed="0.00" length="5.00" type="DEFAULT_CAR"/>
    <instantOut id="212_D1" time="27501.50" state="stay" vehID="Car_16312" speed="0.00" length="5.00" type="DEFAULT_CAR"/>
    <instantOut id="212_D1" time="27501.75" state="stay" vehID="Car_16312" speed="0.00" length="5.00" type="DEFAULT_CAR"/>
    <instantOut id="212_D1" time="27502.00" state="stay" vehID="Car_16312" speed="0.00" length="5.00" type="DEFAULT_CAR"/>
    <instantOut id="212_D1" time="27502.25" state="stay" vehID="Car_16312" speed="0.00" length="5.00" type="DEFAULT_CAR"/>
    <instantOut id="212_D1" time="27502.50" state="stay" vehID="Car_16312" speed="0.00" length="5.00" type="DEFAULT_CAR"/>
    <instantOut id="212_D1" time="27502.75" state="stay" vehID="Car_16312" speed="0.00" length="5.00" type="DEFAULT_CAR"/>
    <instantOut id="212_D1" time="27503.00" state="stay" vehID="Car_16312" speed="0.00" length="5.00" type="DEFAULT_CAR"/>
    <instantOut id="212_D1" time="27503.25" state="stay" vehID="Car_16312" speed="0.00" length="5.00" type="DEFAULT_CAR"/>
    <instantOut id="212_D1" time="27503.50" state="stay" vehID="Car_16312" speed="0.00" length="5.00" type="DEFAULT_CAR"/>
    <instantOut id="212_D1" time="27503.75" state="stay" vehID="Car_16312" speed="0.00" length="5.00" type="DEFAULT_CAR"/>
    <instantOut id="212_D1" time="27504.00" state="stay" vehID="Car_16312" speed="0.00" length="5.00" type="DEFAULT_CAR"/>
    <instantOut id="212_D1" time="27504.25" state="stay" vehID="Car_16312" speed="0.00" length="5.00" type="DEFAULT_CAR"/>
    <instantOut id="212_D1" time="27504.50" state="stay" vehID="Car_16312" speed="0.00" length="5.00" type="DEFAULT_CAR"/>
    <instantOut id="212_D1" time="27504.75" state="stay" vehID="Car_16312" speed="0.00" length="5.00" type="DEFAULT_CAR"/>
    <instantOut id="212_D1" time="27505.00" state="stay" vehID="Car_16312" speed="0.00" length="5.00" type="DEFAULT_CAR"/>
    <instantOut id="212_D1" time="27505.25" state="stay" vehID="Car_16312" speed="0.00" length="5.00" type="DEFAULT_CAR"/>
    <instantOut id="212_D1" time="27505.50" state="stay" vehID="Car_16312" speed="0.00" length="5.00" type="DEFAULT_CAR"/>
    <instantOut id="212_D1" time="27505.75" state="stay" vehID="Car_16312" speed="0.00" length="5.00" type="DEFAULT_CAR"/>
    <instantOut id="212_D1" time="27506.00" state="stay" vehID="Car_16312" speed="0.00" length="5.00" type="DEFAULT_CAR"/>
    <instantOut id="212_D1" time="27506.25" state="stay" vehID="Car_16312" speed="0.00" length="5.00" type="DEFAULT_CAR"/>
    <instantOut id="212_D1" time="27506.50" state="stay" vehID="Car_16312" speed="0.00" length="5.00" type="DEFAULT_CAR"/>
    <instantOut id="212_D1" time="27506.75" state="stay" vehID="Car_16312" speed="0.00" length="5.00" type="DEFAULT_CAR"/>
    <instantOut id="212_D1" time="27507.00" state="stay" vehID="Car_16312" speed="0.00" length="5.00" type="DEFAULT_CAR"/>
    <instantOut id="212_D1" time="27507.25" state="stay" vehID="Car_16312" speed="0.00" length="5.00" type="DEFAULT_CAR"/>
    <instantOut id="212_D1" time="27507.50" state="stay" vehID="Car_16312" speed="0.00" length="5.00" type="DEFAULT_CAR"/>
    <instantOut id="212_D1" time="27507.75" state="stay" vehID="Car_16312" speed="0.00" length="5.00" type="DEFAULT_CAR"/>
    <instantOut id="212_D1" time="27508.00" state="stay" vehID="Car_16312" speed="0.00" length="5.00" type="DEFAULT_CAR"/>
    <instantOut id="212_D1" time="27508.25" state="stay" vehID="Car_16312" speed="0.00" length="5.00" type="DEFAULT_CAR"/>
    <instantOut id="212_D1" time="27508.50" state="stay" vehID="Car_16312" speed="0.00" length="5.00" type="DEFAULT_CAR"/>
    <instantOut id="212_D1" time="27508.75" state="stay" vehID="Car_16312" speed="0.00" length="5.00" type="DEFAULT_CAR"/>
    <instantOut id="212_D1" time="27509.00" state="stay" vehID="Car_16312" speed="0.00" length="5.00" type="DEFAULT_CAR"/>
    <instantOut id="212_D1" time="27509.25" state="stay" vehID="Car_16312" speed="0.00" length="5.00" type="DEFAULT_CAR"/>
    <instantOut id="212_D1" time="27509.50" state="stay" vehID="Car_16312" speed="0.00" length="5.00" type="DEFAULT_CAR"/>
    <instantOut id="212_D1" time="27509.75" state="stay" vehID="Car_16312" speed="0.00" length="5.00" type="DEFAULT_CAR"/>
    <instantOut id="212_D1" time="27510.00" state="stay" vehID="Car_16312" speed="0.00" length="5.00" type="DEFAULT_CAR"/>
    <instantOut id="212_D1" time="27510.25" state="stay" vehID="Car_16312" speed="0.00" length="5.00" type="DEFAULT_CAR"/>
    <instantOut id="212_D1" time="27510.50" state="stay" vehID="Car_16312" speed="0.00" length="5.00" type="DEFAULT_CAR"/>
    <instantOut id="212_D1" time="27510.75" state="stay" vehID="Car_16312" speed="0.00" length="5.00" type="DEFAULT_CAR"/>
    <instantOut id="212_D1" time="27511.00" state="stay" vehID="Car_16312" speed="0.00" length="5.00" type="DEFAULT_CAR"/>
    <instantOut id="212_D1" time="27511.25" state="stay" vehID="Car_16312" speed="0.00" length="5.00" type="DEFAULT_CAR"/>
    <instantOut id="212_D1" time="27511.50" state="stay" vehID="Car_16312" speed="0.00" length="5.00" type="DEFAULT_CAR"/>
    <instantOut id="212_D1" time="27511.75" state="stay" vehID="Car_16312" speed="0.00" length="5.00" type="DEFAULT_CAR"/>
    <instantOut id="212_D1" time="27512.00" state="stay" vehID="Car_16312" speed="0.00" length="5.00" type="DEFAULT_CAR"/>
    <instantOut id="212_D1" time="27512.25" state="stay" vehID="Car_16312" speed="0.00" length="5.00" type="DEFAULT_CAR"/>
    <instantOut id="212_D1" time="27512.50" state="stay" vehID="Car_16312" speed="0.00" length="5.00" type="DEFAULT_CAR"/>
    <instantOut id="212_D1" time="27512.75" state="stay" vehID="Car_16312" speed="0.00" length="5.00" type="DEFAULT_CAR"/>
    <instantOut id="212_D1" time="27513.00" state="stay" vehID="Car_16312" speed="0.00" length="5.00" type="DEFAULT_CAR"/>
    <instantOut id="212_D1" time="27513.25" state="stay" vehID="Car_16312" speed="0.00" length="5.00" type="DEFAULT_CAR"/>
    <instantOut id="212_D1" time="27513.50" state="stay" vehID="Car_16312" speed="0.92" length="5.00" type="DEFAULT_CAR"/>
    <instantOut id="212_D1" time="27513.75" state="stay" vehID="Car_16312" speed="1.76" length="5.00" type="DEFAULT_CAR"/>
    <instantOut id="212_D1" time="27513.87" state="leave" vehID="Car_16312" speed="2.68" length="5.00" type="DEFAULT_CAR" occupancy="21.99"/>
    <instantOut id="212_D1" time="27618.78" state="enter" vehID="Car_16311" speed="6.18" length="5.00" type="DEFAULT_CAR" gap="104.91"/>
    <instantOut id="212_D1" time="27619.00" state="stay" vehID="Car_16311" speed="6.18" length="5.00" type="DEFAULT_CAR"/>
    <instantOut id="212_D1" time="27619.25" state="stay" vehID="Car_16311" speed="6.23" length="5.00" type="DEFAULT_CAR"/>
    <instantOut id="212_D1" time="27619.50" state="stay" vehID="Car_16311" speed="5.48" length="5.00" type="DEFAULT_CAR"/>
    <instantOut id="212_D1" time="27619.64" state="leave" vehID="Car_16311" speed="5.07" length="5.00" type="DEFAULT_CAR" occupancy="0.86"/>
    <instantOut id="212_D1" time="29217.81" state="enter" vehID="Car_17122" speed="6.10" length="5.00" type="DEFAULT_CAR" gap="1598.17"/>
    <instantOut id="212_D1" time="29218.00" state="stay" vehID="Car_17122" speed="6.10" length="5.00" type="DEFAULT_CAR"/>
    <instantOut id="212_D1" time="29218.25" state="stay" vehID="Car_17122" speed="6.86" length="5.00" type="DEFAULT_CAR"/>
    <instantOut id="212_D1" time="29218.50" state="stay" vehID="Car_17122" speed="6.11" length="5.00" type="DEFAULT_CAR"/>
    <instantOut id="212_D1" time="29218.60" state="leave" vehID="Car_17122" speed="5.96" length="5.00" type="DEFAULT_CAR" occupancy="0.79"/>
    <instantOut id="212_D1" time="29973.80" state="enter" vehID="Car_18031" speed="4.65" length="5.00" type="DEFAULT_CAR" gap="755.20"/>
    <instantOut id="212_D1" time="29974.00" state="stay" vehID="Car_18031" speed="4.65" length="5.00" type="DEFAULT_CAR"/>
    <instantOut id="212_D1" time="29974.25" state="stay" vehID="Car_18031" speed="3.90" length="5.00" type="DEFAULT_CAR"/>
    <instantOut id="212_D1" time="29974.50" state="stay" vehID="Car_18031" speed="3.15" length="5.00" type="DEFAULT_CAR"/>
    <instantOut id="212_D1" time="29974.75" state="stay" vehID="Car_18031" speed="2.40" length="5.00" type="DEFAULT_CAR"/>
    <instantOut id="212_D1" time="29975.00" state="stay" vehID="Car_18031" speed="1.65" length="5.00" type="DEFAULT_CAR"/>
    <instantOut id="212_D1" time="29975.25" state="stay" vehID="Car_18031" speed="0.93" length="5.00" type="DEFAULT_CAR"/>
    <instantOut id="212_D1" time="29975.50" state="stay" vehID="Car_18031" speed="0.29" length="5.00" type="DEFAULT_CAR"/>
    <instantOut id="212_D1" time="29975.75" state="stay" vehID="Car_18031" speed="0.01" length="5.00" type="DEFAULT_CAR"/>
    <instantOut id="212_D1" time="29976.00" state="stay" vehID="Car_18031" speed="0.00" length="5.00" type="DEFAULT_CAR"/>
    <instantOut id="212_D1" time="29976.25" state="stay" vehID="Car_18031" speed="0.00" length="5.00" type="DEFAULT_CAR"/>
    <instantOut id="212_D1" time="29976.50" state="stay" vehID="Car_18031" speed="0.00" length="5.00" type="DEFAULT_CAR"/>
    <instantOut id="212_D1" time="29976.75" state="stay" vehID="Car_18031" speed="0.00" length="5.00" type="DEFAULT_CAR"/>
    <instantOut id="212_D1" time="29977.00" state="stay" vehID="Car_18031" speed="0.00" length="5.00" type="DEFAULT_CAR"/>
    <instantOut id="212_D1" time="29977.25" state="stay" vehID="Car_18031" speed="0.00" length="5.00" type="DEFAULT_CAR"/>
    <instantOut id="212_D1" time="29977.50" state="stay" vehID="Car_18031" speed="0.00" length="5.00" type="DEFAULT_CAR"/>
    <instantOut id="212_D1" time="29977.75" state="stay" vehID="Car_18031" speed="0.00" length="5.00" type="DEFAULT_CAR"/>
    <instantOut id="212_D1" time="29978.00" state="stay" vehID="Car_18031" speed="0.00" length="5.00" type="DEFAULT_CAR"/>
    <instantOut id="212_D1" time="29978.25" state="stay" vehID="Car_18031" speed="0.00" length="5.00" type="DEFAULT_CAR"/>
    <instantOut id="212_D1" time="29978.50" state="stay" vehID="Car_18031" speed="0.00" length="5.00" type="DEFAULT_CAR"/>
    <instantOut id="212_D1" time="29978.75" state="stay" vehID="Car_18031" speed="0.00" length="5.00" type="DEFAULT_CAR"/>
    <instantOut id="212_D1" time="29979.00" state="stay" vehID="Car_18031" speed="0.00" length="5.00" type="DEFAULT_CAR"/>
    <instantOut id="212_D1" time="29979.25" state="stay" vehID="Car_18031" speed="0.00" length="5.00" type="DEFAULT_CAR"/>
    <instantOut id="212_D1" time="29979.50" state="stay" vehID="Car_18031" speed="0.00" length="5.00" type="DEFAULT_CAR"/>
    <instantOut id="212_D1" time="29979.75" state="stay" vehID="Car_18031" speed="0.00" length="5.00" type="DEFAULT_CAR"/>
    <instantOut id="212_D1" time="29980.00" state="stay" vehID="Car_18031" speed="0.00" length="5.00" type="DEFAULT_CAR"/>
    <instantOut id="212_D1" time="29980.25" state="stay" vehID="Car_18031" speed="0.00" length="5.00" type="DEFAULT_CAR"/>
    <instantOut id="212_D1" time="29980.50" state="stay" vehID="Car_18031" speed="0.00" length="5.00" type="DEFAULT_CAR"/>
    <instantOut id="212_D1" time="29980.75" state="stay" vehID="Car_18031" speed="0.00" length="5.00" type="DEFAULT_CAR"/>
    <instantOut id="212_D1" time="29981.00" state="stay" vehID="Car_18031" speed="0.00" length="5.00" type="DEFAULT_CAR"/>
    <instantOut id="212_D1" time="29981.25" state="stay" vehID="Car_18031" speed="0.00" length="5.00" type="DEFAULT_CAR"/>
    <instantOut id="212_D1" time="29981.50" state="stay" vehID="Car_18031" speed="0.00" length="5.00" type="DEFAULT_CAR"/>
    <instantOut id="212_D1" time="29981.75" state="stay" vehID="Car_18031" speed="0.00" length="5.00" type="DEFAULT_CAR"/>
    <instantOut id="212_D1" time="29982.00" state="stay" vehID="Car_18031" speed="0.00" length="5.00" type="DEFAULT_CAR"/>
    <instantOut id="212_D1" time="29982.25" state="stay" vehID="Car_18031" speed="0.00" length="5.00" type="DEFAULT_CAR"/>
    <instantOut id="212_D1" time="29982.50" state="stay" vehID="Car_18031" speed="0.00" length="5.00" type="DEFAULT_CAR"/>
    <instantOut id="212_D1" time="29982.75" state="stay" vehID="Car_18031" speed="0.00" length="5.00" type="DEFAULT_CAR"/>
    <instantOut id="212_D1" time="29983.00" state="stay" vehID="Car_18031" speed="0.00" length="5.00" type="DEFAULT_CAR"/>
    <instantOut id="212_D1" time="29983.25" state="stay" vehID="Car_18031" speed="0.00" length="5.00" type="DEFAULT_CAR"/>
    <instantOut id="212_D1" time="29983.50" state="stay" vehID="Car_18031" speed="0.00" length="5.00" type="DEFAULT_CAR"/>
    <instantOut id="212_D1" time="29983.75" state="stay" vehID="Car_18031" speed="0.00" length="5.00" type="DEFAULT_CAR"/>
    <instantOut id="212_D1" time="29984.00" state="stay" vehID="Car_18031" speed="0.00" length="5.00" type="DEFAULT_CAR"/>
    <instantOut id="212_D1" time="29984.25" state="stay" vehID="Car_18031" speed="0.00" length="5.00" type="DEFAULT_CAR"/>
    <instantOut id="212_D1" time="29984.50" state="stay" vehID="Car_18031" speed="0.00" length="5.00" type="DEFAULT_CAR"/>
    <instantOut id="212_D1" time="29984.75" state="stay" vehID="Car_18031" speed="0.00" length="5.00" type="DEFAULT_CAR"/>
    <instantOut id="212_D1" time="29985.00" state="stay" vehID="Car_18031" speed="0.00" length="5.00" type="DEFAULT_CAR"/>
    <instantOut id="212_D1" time="29985.25" state="stay" vehID="Car_18031" speed="0.00" length="5.00" type="DEFAULT_CAR"/>
    <instantOut id="212_D1" time="29985.50" state="stay" vehID="Car_18031" speed="0.00" length="5.00" type="DEFAULT_CAR"/>
    <instantOut id="212_D1" time="29985.75" state="stay" vehID="Car_18031" speed="0.00" length="5.00" type="DEFAULT_CAR"/>
    <instantOut id="212_D1" time="29986.00" state="stay" vehID="Car_18031" speed="0.00" length="5.00" type="DEFAULT_CAR"/>
    <instantOut id="212_D1" time="29986.25" state="stay" vehID="Car_18031" speed="0.00" length="5.00" type="DEFAULT_CAR"/>
    <instantOut id="212_D1" time="29986.50" state="stay" vehID="Car_18031" speed="0.90" length="5.00" type="DEFAULT_CAR"/>
    <instantOut id="212_D1" time="29986.75" state="stay" vehID="Car_18031" speed="1.82" length="5.00" type="DEFAULT_CAR"/>
    <instantOut id="212_D1" time="29986.88" state="leave" vehID="Car_18031" speed="2.57" length="5.00" type="DEFAULT_CAR" occupancy="13.07"/>
    <instantOut id="212_D1" time="31436.80" state="enter" vehID="Car_18840" speed="6.06" length="5.00" type="DEFAULT_CAR" gap="1449.93"/>
    <instantOut id="212_D1" time="31437.00" state="stay" vehID="Car_18840" speed="6.06" length="5.00" type="DEFAULT_CAR"/>
    <instantOut id="212_D1" time="31437.25" state="stay" vehID="Car_18840" speed="7.01" length="5.00" type="DEFAULT_CAR"/>
    <instantOut id="212_D1" time="31437.50" state="stay" vehID="Car_18840" speed="7.33" length="5.00" type="DEFAULT_CAR"/>
    <instantOut id="212_D1" time="31437.53" state="leave" vehID="Car_18840" speed="7.28" length="5.00" type="DEFAULT_CAR" occupancy="0.73"/>
    <instantOut id="212_D1" time="34369.85" state="enter" vehID="Car_20389" speed="4.51" length="5.00" type="DEFAULT_CAR" gap="2932.32"/>
    <instantOut id="212_D1" time="34370.00" state="stay" vehID="Car_20389" speed="4.51" length="5.00" type="DEFAULT_CAR"/>
    <instantOut id="212_D1" time="34370.25" state="stay" vehID="Car_20389" speed="3.78" length="5.00" type="DEFAULT_CAR"/>
    <instantOut id="212_D1" time="34370.50" state="stay" vehID="Car_20389" speed="3.29" length="5.00" type="DEFAULT_CAR"/>
    <instantOut id="212_D1" time="34370.75" state="stay" vehID="Car_20389" speed="2.62" length="5.00" type="DEFAULT_CAR"/>
    <instantOut id="212_D1" time="34371.00" state="stay" vehID="Car_20389" speed="1.87" length="5.00" type="DEFAULT_CAR"/>
    <instantOut id="212_D1" time="34371.25" state="stay" vehID="Car_20389" speed="1.20" length="5.00" type="DEFAULT_CAR"/>
    <instantOut id="212_D1" time="34371.50" state="stay" vehID="Car_20389" speed="0.49" length="5.00" type="DEFAULT_CAR"/>
    <instantOut id="212_D1" time="34371.75" state="stay" vehID="Car_20389" speed="0.01" length="5.00" type="DEFAULT_CAR"/>
    <instantOut id="212_D1" time="34372.00" state="stay" vehID="Car_20389" speed="0.00" length="5.00" type="DEFAULT_CAR"/>
    <instantOut id="212_D1" time="34372.25" state="stay" vehID="Car_20389" speed="0.00" length="5.00" type="DEFAULT_CAR"/>
    <instantOut id="212_D1" time="34372.50" state="stay" vehID="Car_20389" speed="0.00" length="5.00" type="DEFAULT_CAR"/>
    <instantOut id="212_D1" time="34372.75" state="stay" vehID="Car_20389" speed="0.00" length="5.00" type="DEFAULT_CAR"/>
    <instantOut id="212_D1" time="34373.00" state="stay" vehID="Car_20389" speed="0.00" length="5.00" type="DEFAULT_CAR"/>
    <instantOut id="212_D1" time="34373.25" state="stay" vehID="Car_20389" speed="0.00" length="5.00" type="DEFAULT_CAR"/>
    <instantOut id="212_D1" time="34373.50" state="stay" vehID="Car_20389" speed="0.00" length="5.00" type="DEFAULT_CAR"/>
    <instantOut id="212_D1" time="34373.75" state="stay" vehID="Car_20389" speed="0.00" length="5.00" type="DEFAULT_CAR"/>
    <instantOut id="212_D1" time="34374.00" state="stay" vehID="Car_20389" speed="0.00" length="5.00" type="DEFAULT_CAR"/>
    <instantOut id="212_D1" time="34374.25" state="stay" vehID="Car_20389" speed="0.00" length="5.00" type="DEFAULT_CAR"/>
    <instantOut id="212_D1" time="34374.50" state="stay" vehID="Car_20389" speed="0.00" length="5.00" type="DEFAULT_CAR"/>
    <instantOut id="212_D1" time="34374.75" state="stay" vehID="Car_20389" speed="0.00" length="5.00" type="DEFAULT_CAR"/>
    <instantOut id="212_D1" time="34375.00" state="stay" vehID="Car_20389" speed="0.00" length="5.00" type="DEFAULT_CAR"/>
    <instantOut id="212_D1" time="34375.25" state="stay" vehID="Car_20389" speed="0.00" length="5.00" type="DEFAULT_CAR"/>
    <instantOut id="212_D1" time="34375.50" state="stay" vehID="Car_20389" speed="0.93" length="5.00" type="DEFAULT_CAR"/>
    <instantOut id="212_D1" time="34375.75" state="stay" vehID="Car_20389" speed="1.77" length="5.00" type="DEFAULT_CAR"/>
    <instantOut id="212_D1" time="34375.88" state="leave" vehID="Car_20389" speed="2.51" length="5.00" type="DEFAULT_CAR" occupancy="6.03"/>
    <instantOut id="212_D1" time="36838.86" state="enter" vehID="Car_22080" speed="4.49" length="5.00" type="DEFAULT_CAR" gap="2462.98"/>
    <instantOut id="212_D1" time="36839.00" state="stay" vehID="Car_22080" speed="4.49" length="5.00" type="DEFAULT_CAR"/>
    <instantOut id="212_D1" time="36839.25" state="stay" vehID="Car_22080" speed="5.44" length="5.00" type="DEFAULT_CAR"/>
    <instantOut id="212_D1" time="36839.50" state="stay" vehID="Car_22080" speed="6.39" length="5.00" type="DEFAULT_CAR"/>
    <instantOut id="212_D1" time="36839.70" state="leave" vehID="Car_22080" speed="7.23" length="5.00" type="DEFAULT_CAR" occupancy="0.84"/>
    <instantOut id="212_D1" time="36919.80" state="enter" vehID="Car_22081" speed="5.97" length="5.00" type="DEFAULT_CAR" gap="80.10"/>
    <instantOut id="212_D1" time="36920.00" state="stay" vehID="Car_22081" speed="5.97" length="5.00" type="DEFAULT_CAR"/>
    <instantOut id="212_D1" time="36920.25" state="stay" vehID="Car_22081" speed="6.20" length="5.00" type="DEFAULT_CAR"/>
    <instantOut id="212_D1" time="36920.50" state="stay" vehID="Car_22081" speed="5.45" length="5.00" type="DEFAULT_CAR"/>
    <instantOut id="212_D1" time="36920.68" state="leave" vehID="Car_22081" speed="4.91" length="5.00" type="DEFAULT_CAR" occupancy="0.88"/>
    <instantOut id="212_D1" time="37715.86" state="enter" vehID="Car_22262" speed="4.54" length="5.00" type="DEFAULT_CAR" gap="795.17"/>
    <instantOut id="212_D1" time="37716.00" state="stay" vehID="Car_22262" speed="4.54" length="5.00" type="DEFAULT_CAR"/>
    <instantOut id="212_D1" time="37716.25" state="stay" vehID="Car_22262" speed="5.49" length="5.00" type="DEFAULT_CAR"/>
    <instantOut id="212_D1" time="37716.50" state="stay" vehID="Car_22262" speed="6.44" length="5.00" type="DEFAULT_CAR"/>
    <instantOut id="212_D1" time="37716.74" state="leave" vehID="Car_22262" speed="5.69" length="5.00" type="DEFAULT_CAR" occupancy="0.88"/>
    <instantOut id="212_D1" time="40030.78" state="enter" vehID="Car_23091" speed="4.36" length="5.00" type="DEFAULT_CAR" gap="2314.04"/>
    <instantOut id="212_D1" time="40031.00" state="stay" vehID="Car_23091" speed="4.36" length="5.00" type="DEFAULT_CAR"/>
    <instantOut id="212_D1" time="40031.25" state="stay" vehID="Car_23091" speed="3.75" length="5.00" type="DEFAULT_CAR"/>
    <instantOut id="212_D1" time="40031.50" state="stay" vehID="Car_23091" speed="3.00" length="5.00" type="DEFAULT_CAR"/>
    <instantOut id="212_D1" time="40031.75" state="stay" vehID="Car_23091" speed="2.34" length="5.00" type="DEFAULT_CAR"/>
    <instantOut id="212_D1" time="40032.00" state="stay" vehID="Car_23091" speed="1.59" length="5.00" type="DEFAULT_CAR"/>
    <instantOut id="212_D1" time="40032.25" state="stay" vehID="Car_23091" speed="1.05" length="5.00" type="DEFAULT_CAR"/>
    <instantOut id="212_D1" time="40032.50" state="stay" vehID="Car_23091" speed="0.35" length="5.00" type="DEFAULT_CAR"/>
    <instantOut id="212_D1" time="40032.75" state="stay" vehID="Car_23091" speed="0.02" length="5.00" type="DEFAULT_CAR"/>
    <instantOut id="212_D1" time="40033.00" state="stay" vehID="Car_23091" speed="0.00" length="5.00" type="DEFAULT_CAR"/>
    <instantOut id="212_D1" time="40033.25" state="stay" vehID="Car_23091" speed="0.00" length="5.00" type="DEFAULT_CAR"/>
    <instantOut id="212_D1" time="40033.50" state="stay" vehID="Car_23091" speed="0.00" length="5.00" type="DEFAULT_CAR"/>
    <instantOut id="212_D1" time="40033.75" state="stay" vehID="Car_23091" speed="0.00" length="5.00" type="DEFAULT_CAR"/>
    <instantOut id="212_D1" time="40034.00" state="stay" vehID="Car_23091" speed="0.00" length="5.00" type="DEFAULT_CAR"/>
    <instantOut id="212_D1" time="40034.25" state="stay" vehID="Car_23091" speed="0.00" length="5.00" type="DEFAULT_CAR"/>
    <instantOut id="212_D1" time="40034.50" state="stay" vehID="Car_23091" speed="0.00" length="5.00" type="DEFAULT_CAR"/>
    <instantOut id="212_D1" time="40034.75" state="stay" vehID="Car_23091" speed="0.00" length="5.00" type="DEFAULT_CAR"/>
    <instantOut id="212_D1" time="40035.00" state="stay" vehID="Car_23091" speed="0.00" length="5.00" type="DEFAULT_CAR"/>
    <instantOut id="212_D1" time="40035.25" state="stay" vehID="Car_23091" speed="0.00" length="5.00" type="DEFAULT_CAR"/>
    <instantOut id="212_D1" time="40035.50" state="stay" vehID="Car_23091" speed="0.00" length="5.00" type="DEFAULT_CAR"/>
    <instantOut id="212_D1" time="40035.75" state="stay" vehID="Car_23091" speed="0.00" length="5.00" type="DEFAULT_CAR"/>
    <instantOut id="212_D1" time="40036.00" state="stay" vehID="Car_23091" speed="0.00" length="5.00" type="DEFAULT_CAR"/>
    <instantOut id="212_D1" time="40036.25" state="stay" vehID="Car_23091" speed="0.00" length="5.00" type="DEFAULT_CAR"/>
    <instantOut id="212_D1" time="40036.50" state="stay" vehID="Car_23091" speed="0.00" length="5.00" type="DEFAULT_CAR"/>
    <instantOut id="212_D1" time="40036.75" state="stay" vehID="Car_23091" speed="0.00" length="5.00" type="DEFAULT_CAR"/>
    <instantOut id="212_D1" time="40037.00" state="stay" vehID="Car_23091" speed="0.00" length="5.00" type="DEFAULT_CAR"/>
    <instantOut id="212_D1" time="40037.25" state="stay" vehID="Car_23091" speed="0.00" length="5.00" type="DEFAULT_CAR"/>
    <instantOut id="212_D1" time="40037.50" state="stay" vehID="Car_23091" speed="0.00" length="5.00" type="DEFAULT_CAR"/>
    <instantOut id="212_D1" time="40037.75" state="stay" vehID="Car_23091" speed="0.00" length="5.00" type="DEFAULT_CAR"/>
    <instantOut id="212_D1" time="40038.00" state="stay" vehID="Car_23091" speed="0.00" length="5.00" type="DEFAULT_CAR"/>
    <instantOut id="212_D1" time="40038.25" state="stay" vehID="Car_23091" speed="0.00" length="5.00" type="DEFAULT_CAR"/>
    <instantOut id="212_D1" time="40038.50" state="stay" vehID="Car_23091" speed="0.00" length="5.00" type="DEFAULT_CAR"/>
    <instantOut id="212_D1" time="40038.75" state="stay" vehID="Car_23091" speed="0.00" length="5.00" type="DEFAULT_CAR"/>
    <instantOut id="212_D1" time="40039.00" state="stay" vehID="Car_23091" speed="0.00" length="5.00" type="DEFAULT_CAR"/>
    <instantOut id="212_D1" time="40039.25" state="stay" vehID="Car_23091" speed="0.00" length="5.00" type="DEFAULT_CAR"/>
    <instantOut id="212_D1" time="40039.50" state="stay" vehID="Car_23091" speed="0.00" length="5.00" type="DEFAULT_CAR"/>
    <instantOut id="212_D1" time="40039.75" state="stay" vehID="Car_23091" speed="0.00" length="5.00" type="DEFAULT_CAR"/>
    <instantOut id="212_D1" time="40040.00" state="stay" vehID="Car_23091" speed="0.00" length="5.00" type="DEFAULT_CAR"/>
    <instantOut id="212_D1" time="40040.25" state="stay" vehID="Car_23091" speed="0.00" length="5.00" type="DEFAULT_CAR"/>
    <instantOut id="212_D1" time="40040.50" state="stay" vehID="Car_23091" speed="0.00" length="5.00" type="DEFAULT_CAR"/>
    <instantOut id="212_D1" time="40040.75" state="stay" vehID="Car_23091" speed="0.00" length="5.00" type="DEFAULT_CAR"/>
    <instantOut id="212_D1" time="40041.00" state="stay" vehID="Car_23091" speed="0.00" length="5.00" type="DEFAULT_CAR"/>
    <instantOut id="212_D1" time="40041.25" state="stay" vehID="Car_23091" speed="0.00" length="5.00" type="DEFAULT_CAR"/>
    <instantOut id="212_D1" time="40041.50" state="stay" vehID="Car_23091" speed="0.00" length="5.00" type="DEFAULT_CAR"/>
    <instantOut id="212_D1" time="40041.75" state="stay" vehID="Car_23091" speed="0.00" length="5.00" type="DEFAULT_CAR"/>
    <instantOut id="212_D1" time="40042.00" state="stay" vehID="Car_23091" speed="0.00" length="5.00" type="DEFAULT_CAR"/>
    <instantOut id="212_D1" time="40042.25" state="stay" vehID="Car_23091" speed="0.00" length="5.00" type="DEFAULT_CAR"/>
    <instantOut id="212_D1" time="40042.50" state="stay" vehID="Car_23091" speed="0.00" length="5.00" type="DEFAULT_CAR"/>
    <instantOut id="212_D1" time="40042.75" state="stay" vehID="Car_23091" speed="0.00" length="5.00" type="DEFAULT_CAR"/>
    <instantOut id="212_D1" time="40043.00" state="stay" vehID="Car_23091" speed="0.00" length="5.00" type="DEFAULT_CAR"/>
    <instantOut id="212_D1" time="40043.25" state="stay" vehID="Car_23091" speed="0.00" length="5.00" type="DEFAULT_CAR"/>
    <instantOut id="212_D1" time="40043.50" state="stay" vehID="Car_23091" speed="0.00" length="5.00" type="DEFAULT_CAR"/>
    <instantOut id="212_D1" time="40043.75" state="stay" vehID="Car_23091" speed="0.00" length="5.00" type="DEFAULT_CAR"/>
    <instantOut id="212_D1" time="40044.00" state="stay" vehID="Car_23091" speed="0.00" length="5.00" type="DEFAULT_CAR"/>
    <instantOut id="212_D1" time="40044.25" state="stay" vehID="Car_23091" speed="0.00" length="5.00" type="DEFAULT_CAR"/>
    <instantOut id="212_D1" time="40044.50" state="stay" vehID="Car_23091" speed="0.00" length="5.00" type="DEFAULT_CAR"/>
    <instantOut id="212_D1" time="40044.75" state="stay" vehID="Car_23091" speed="0.00" length="5.00" type="DEFAULT_CAR"/>
    <instantOut id="212_D1" time="40045.00" state="stay" vehID="Car_23091" speed="0.00" length="5.00" type="DEFAULT_CAR"/>
    <instantOut id="212_D1" time="40045.25" state="stay" vehID="Car_23091" speed="0.00" length="5.00" type="DEFAULT_CAR"/>
    <instantOut id="212_D1" time="40045.50" state="stay" vehID="Car_23091" speed="0.00" length="5.00" type="DEFAULT_CAR"/>
    <instantOut id="212_D1" time="40045.75" state="stay" vehID="Car_23091" speed="0.00" length="5.00" type="DEFAULT_CAR"/>
    <instantOut id="212_D1" time="40046.00" state="stay" vehID="Car_23091" speed="0.00" length="5.00" type="DEFAULT_CAR"/>
    <instantOut id="212_D1" time="40046.25" state="stay" vehID="Car_23091" speed="0.00" length="5.00" type="DEFAULT_CAR"/>
    <instantOut id="212_D1" time="40046.50" state="stay" vehID="Car_23091" speed="0.00" length="5.00" type="DEFAULT_CAR"/>
    <instantOut id="212_D1" time="40046.75" state="stay" vehID="Car_23091" speed="0.00" length="5.00" type="DEFAULT_CAR"/>
    <instantOut id="212_D1" time="40047.00" state="stay" vehID="Car_23091" speed="0.00" length="5.00" type="DEFAULT_CAR"/>
    <instantOut id="212_D1" time="40047.25" state="stay" vehID="Car_23091" speed="0.00" length="5.00" type="DEFAULT_CAR"/>
    <instantOut id="212_D1" time="40047.50" state="stay" vehID="Car_23091" speed="0.00" length="5.00" type="DEFAULT_CAR"/>
    <instantOut id="212_D1" time="40047.75" state="stay" vehID="Car_23091" speed="0.00" length="5.00" type="DEFAULT_CAR"/>
    <instantOut id="212_D1" time="40048.00" state="stay" vehID="Car_23091" speed="0.00" length="5.00" type="DEFAULT_CAR"/>
    <instantOut id="212_D1" time="40048.25" state="stay" vehID="Car_23091" speed="0.00" length="5.00" type="DEFAULT_CAR"/>
    <instantOut id="212_D1" time="40048.50" state="stay" vehID="Car_23091" speed="0.00" length="5.00" type="DEFAULT_CAR"/>
    <instantOut id="212_D1" time="40048.75" state="stay" vehID="Car_23091" speed="0.00" length="5.00" type="DEFAULT_CAR"/>
    <instantOut id="212_D1" time="40049.00" state="stay" vehID="Car_23091" speed="0.00" length="5.00" type="DEFAULT_CAR"/>
    <instantOut id="212_D1" time="40049.25" state="stay" vehID="Car_23091" speed="0.00" length="5.00" type="DEFAULT_CAR"/>
    <instantOut id="212_D1" time="40049.50" state="stay" vehID="Car_23091" speed="0.00" length="5.00" type="DEFAULT_CAR"/>
    <instantOut id="212_D1" time="40049.75" state="stay" vehID="Car_23091" speed="0.00" length="5.00" type="DEFAULT_CAR"/>
    <instantOut id="212_D1" time="40050.00" state="stay" vehID="Car_23091" speed="0.00" length="5.00" type="DEFAULT_CAR"/>
    <instantOut id="212_D1" time="40050.25" state="stay" vehID="Car_23091" speed="0.00" length="5.00" type="DEFAULT_CAR"/>
    <instantOut id="212_D1" time="40050.50" state="stay" vehID="Car_23091" speed="0.00" length="5.00" type="DEFAULT_CAR"/>
    <instantOut id="212_D1" time="40050.75" state="stay" vehID="Car_23091" speed="0.00" length="5.00" type="DEFAULT_CAR"/>
    <instantOut id="212_D1" time="40051.00" state="stay" vehID="Car_23091" speed="0.00" length="5.00" type="DEFAULT_CAR"/>
    <instantOut id="212_D1" time="40051.25" state="stay" vehID="Car_23091" speed="0.00" length="5.00" type="DEFAULT_CAR"/>
    <instantOut id="212_D1" time="40051.50" state="stay" vehID="Car_23091" speed="0.00" length="5.00" type="DEFAULT_CAR"/>
    <instantOut id="212_D1" time="40051.75" state="stay" vehID="Car_23091" speed="0.00" length="5.00" type="DEFAULT_CAR"/>
    <instantOut id="212_D1" time="40052.00" state="stay" vehID="Car_23091" speed="0.00" length="5.00" type="DEFAULT_CAR"/>
    <instantOut id="212_D1" time="40052.25" state="stay" vehID="Car_23091" speed="0.00" length="5.00" type="DEFAULT_CAR"/>
    <instantOut id="212_D1" time="40052.50" state="stay" vehID="Car_23091" speed="0.00" length="5.00" type="DEFAULT_CAR"/>
    <instantOut id="212_D1" time="40052.75" state="stay" vehID="Car_23091" speed="0.00" length="5.00" type="DEFAULT_CAR"/>
    <instantOut id="212_D1" time="40053.00" state="stay" vehID="Car_23091" speed="0.00" length="5.00" type="DEFAULT_CAR"/>
    <instantOut id="212_D1" time="40053.25" state="stay" vehID="Car_23091" speed="0.91" length="5.00" type="DEFAULT_CAR"/>
    <instantOut id="212_D1" time="40053.50" state="stay" vehID="Car_23091" speed="1.75" length="5.00" type="DEFAULT_CAR"/>
    <instantOut id="212_D1" time="40053.63" state="leave" vehID="Car_23091" speed="2.68" length="5.00" type="DEFAULT_CAR" occupancy="22.85"/>
    <instantOut id="212_D1" time="40342.84" state="enter" vehID="Car_23227" speed="4.60" length="5.00" type="DEFAULT_CAR" gap="289.22"/>
    <instantOut id="212_D1" time="40343.00" state="stay" vehID="Car_23227" speed="4.60" length="5.00" type="DEFAULT_CAR"/>
    <instantOut id="212_D1" time="40343.25" state="stay" vehID="Car_23227" speed="5.55" length="5.00" type="DEFAULT_CAR"/>
    <instantOut id="212_D1" time="40343.50" state="stay" vehID="Car_23227" speed="6.50" length="5.00" type="DEFAULT_CAR"/>
    <instantOut id="212_D1" time="40343.70" state="leave" vehID="Car_23227" speed="6.34" length="5.00" type="DEFAULT_CAR" occupancy="0.86"/>
    <instantOut id="212_D1" time="42900.87" state="enter" vehID="Car_23892" speed="4.68" length="5.00" type="DEFAULT_CAR" gap="2557.17"/>
    <instantOut id="212_D1" time="42901.00" state="stay" vehID="Car_23892" speed="4.68" length="5.00" type="DEFAULT_CAR"/>
    <instantOut id="212_D1" time="42901.25" state="stay" vehID="Car_23892" speed="5.63" length="5.00" type="DEFAULT_CAR"/>
    <instantOut id="212_D1" time="42901.50" state="stay" vehID="Car_23892" speed="6.58" length="5.00" type="DEFAULT_CAR"/>
    <instantOut id="212_D1" time="42901.73" state="leave" vehID="Car_23892" speed="5.95" length="5.00" type="DEFAULT_CAR" occupancy="0.85"/>
    <instantOut id="212_D1" time="44395.87" state="enter" vehID="Car_24377" speed="4.74" length="5.00" type="DEFAULT_CAR" gap="1494.14"/>
    <instantOut id="212_D1" time="44396.00" state="stay" vehID="Car_24377" speed="4.74" length="5.00" type="DEFAULT_CAR"/>
    <instantOut id="212_D1" time="44396.25" state="stay" vehID="Car_24377" speed="5.69" length="5.00" type="DEFAULT_CAR"/>
    <instantOut id="212_D1" time="44396.50" state="stay" vehID="Car_24377" speed="6.64" length="5.00" type="DEFAULT_CAR"/>
    <instantOut id="212_D1" time="44396.72" state="leave" vehID="Car_24377" speed="5.89" length="5.00" type="DEFAULT_CAR" occupancy="0.85"/>
    <instantOut id="212_D1" time="45613.88" state="enter" vehID="Car_24762" speed="4.66" length="5.00" type="DEFAULT_CAR" gap="1217.16"/>
    <instantOut id="212_D1" time="45614.00" state="stay" vehID="Car_24762" speed="4.66" length="5.00" type="DEFAULT_CAR"/>
    <instantOut id="212_D1" time="45614.25" state="stay" vehID="Car_24762" speed="5.61" length="5.00" type="DEFAULT_CAR"/>
    <instantOut id="212_D1" time="45614.50" state="stay" vehID="Car_24762" speed="6.56" length="5.00" type="DEFAULT_CAR"/>
    <instantOut id="212_D1" time="45614.71" state="leave" vehID="Car_24762" speed="6.61" length="5.00" type="DEFAULT_CAR" occupancy="0.83"/>
</instantE1>
