<?xml version="1.0" encoding="UTF-8"?>

<!-- generated on 2025-02-28 18:13:22 by Eclipse SUMO GUI Version 1.19.0
<configuration xmlns:xsi="http://www.w3.org/2001/XMLSchema-instance" xsi:noNamespaceSchemaLocation="http://sumo.dlr.de/xsd/sumoConfiguration.xsd">

    <input>
        <net-file value="Network.net.xml"/>
        <route-files value="CarRoutes.rou.xml"/>
        <additional-files value="Sensors.add.xml"/>
    </input>

    <output>
        <emission-output value="logs/Emissions.xml"/>
        <summary-output value="logs/Log_summary.xml"/>
        <summary-output.period value="300"/>
        <tripinfo-output value="logs/TripInfos.xml"/>
    </output>

    <time>
        <begin value="0"/>
        <end value="86400"/>
        <step-length value="0.25"/>
    </time>

    <processing>
        <ignore-junction-blocker value="0.1"/>
        <time-to-teleport value="-1"/>
    </processing>

    <report>
        <verbose value="true"/>
        <no-step-log value="true"/>
    </report>

    <emissions>
        <device.emissions.period value="10"/>
    </emissions>

    <traci_server>
        <remote-port value="58262"/>
    </traci_server>

    <gui_only>
        <quit-on-end value="true"/>
        <start value="true"/>
    </gui_only>

</configuration>
-->

<instantE1 xmlns:xsi="http://www.w3.org/2001/XMLSchema-instance" xsi:noNamespaceSchemaLocation="http://sumo.dlr.de/xsd/instant_e1_file.xsd">
    <instantOut id="235_D025" time="123.26" state="enter" vehID="Car_502" speed="8.09" length="5.00" type="DEFAULT_CAR"/>
    <instantOut id="235_D025" time="123.50" state="stay" vehID="Car_502" speed="8.09" length="5.00" type="DEFAULT_CAR"/>
    <instantOut id="235_D025" time="123.75" state="stay" vehID="Car_502" speed="7.41" length="5.00" type="DEFAULT_CAR"/>
    <instantOut id="235_D025" time="123.93" state="leave" vehID="Car_502" speed="6.67" length="5.00" type="DEFAULT_CAR" occupancy="0.67"/>
    <instantOut id="235_D025" time="1025.97" state="enter" vehID="Car_1005" speed="7.14" length="5.00" type="DEFAULT_CAR" gap="902.03"/>
    <instantOut id="235_D025" time="1026.00" state="stay" vehID="Car_1005" speed="7.14" length="5.00" type="DEFAULT_CAR"/>
    <instantOut id="235_D025" time="1026.25" state="stay" vehID="Car_1005" speed="6.66" length="5.00" type="DEFAULT_CAR"/>
    <instantOut id="235_D025" time="1026.50" state="stay" vehID="Car_1005" speed="6.12" length="5.00" type="DEFAULT_CAR"/>
    <instantOut id="235_D025" time="1026.75" state="stay" vehID="Car_1005" speed="5.37" length="5.00" type="DEFAULT_CAR"/>
    <instantOut id="235_D025" time="1026.80" state="leave" vehID="Car_1005" speed="4.62" length="5.00" type="DEFAULT_CAR" occupancy="0.83"/>
    <instantOut id="235_D025" time="3318.75" state="enter" vehID="Car_1588" speed="9.60" length="5.00" type="DEFAULT_CAR" gap="2291.95"/>
    <instantOut id="235_D025" time="3318.75" state="stay" vehID="Car_1588" speed="9.60" length="5.00" type="DEFAULT_CAR"/>
    <instantOut id="235_D025" time="3319.00" state="stay" vehID="Car_1588" speed="8.85" length="5.00" type="DEFAULT_CAR"/>
    <instantOut id="235_D025" time="3319.25" state="stay" vehID="Car_1588" speed="8.10" length="5.00" type="DEFAULT_CAR"/>
    <instantOut id="235_D025" time="3319.35" state="leave" vehID="Car_1588" speed="7.35" length="5.00" type="DEFAULT_CAR" occupancy="0.60"/>
    <instantOut id="235_D025" time="3402.72" state="enter" vehID="Car_1857" speed="9.47" length="5.00" type="DEFAULT_CAR" gap="83.36"/>
    <instantOut id="235_D025" time="3402.75" state="stay" vehID="Car_1857" speed="9.47" length="5.00" type="DEFAULT_CAR"/>
    <instantOut id="235_D025" time="3403.00" state="stay" vehID="Car_1857" speed="8.72" length="5.00" type="DEFAULT_CAR"/>
    <instantOut id="235_D025" time="3403.25" state="stay" vehID="Car_1857" speed="7.97" length="5.00" type="DEFAULT_CAR"/>
    <instantOut id="235_D025" time="3403.32" state="leave" vehID="Car_1857" speed="7.22" length="5.00" type="DEFAULT_CAR" occupancy="0.60"/>
    <instantOut id="235_D025" time="6886.77" state="enter" vehID="Car_3820" speed="9.50" length="5.00" type="DEFAULT_CAR" gap="3483.45"/>
    <instantOut id="235_D025" time="6887.00" state="stay" vehID="Car_3820" speed="9.50" length="5.00" type="DEFAULT_CAR"/>
    <instantOut id="235_D025" time="6887.25" state="stay" vehID="Car_3820" speed="8.75" length="5.00" type="DEFAULT_CAR"/>
    <instantOut id="235_D025" time="6887.33" state="leave" vehID="Car_3820" speed="8.00" length="5.00" type="DEFAULT_CAR" occupancy="0.56"/>
    <instantOut id="235_D025" time="10232.97" state="enter" vehID="Car_5746" speed="6.59" length="5.00" type="DEFAULT_CAR" gap="3345.64"/>
    <instantOut id="235_D025" time="10233.00" state="stay" vehID="Car_5746" speed="6.59" length="5.00" type="DEFAULT_CAR"/>
    <instantOut id="235_D025" time="10233.25" state="stay" vehID="Car_5746" speed="6.15" length="5.00" type="DEFAULT_CAR"/>
    <instantOut id="235_D025" time="10233.50" state="stay" vehID="Car_5746" speed="5.40" length="5.00" type="DEFAULT_CAR"/>
    <instantOut id="235_D025" time="10233.75" state="stay" vehID="Car_5746" speed="5.03" length="5.00" type="DEFAULT_CAR"/>
    <instantOut id="235_D025" time="10233.90" state="leave" vehID="Car_5746" speed="4.28" length="5.00" type="DEFAULT_CAR" occupancy="0.93"/>
    <instantOut id="235_D025" time="10498.74" state="enter" vehID="Car_5445" speed="8.81" length="5.00" type="DEFAULT_CAR" gap="264.84"/>
    <instantOut id="235_D025" time="10498.75" state="stay" vehID="Car_5445" speed="8.81" length="5.00" type="DEFAULT_CAR"/>
    <instantOut id="235_D025" time="10499.00" state="stay" vehID="Car_5445" speed="8.19" length="5.00" type="DEFAULT_CAR"/>
    <instantOut id="235_D025" time="10499.25" state="stay" vehID="Car_5445" speed="7.46" length="5.00" type="DEFAULT_CAR"/>
    <instantOut id="235_D025" time="10499.39" state="leave" vehID="Car_5445" speed="7.11" length="5.00" type="DEFAULT_CAR" occupancy="0.65"/>
    <instantOut id="235_D025" time="10934.94" state="enter" vehID="Car_5915" speed="7.14" length="5.00" type="DEFAULT_CAR" gap="435.55"/>
    <instantOut id="235_D025" time="10935.00" state="stay" vehID="Car_5915" speed="7.14" length="5.00" type="DEFAULT_CAR"/>
    <instantOut id="235_D025" time="10935.25" state="stay" vehID="Car_5915" speed="7.49" length="5.00" type="DEFAULT_CAR"/>
    <instantOut id="235_D025" time="10935.50" state="stay" vehID="Car_5915" speed="7.21" length="5.00" type="DEFAULT_CAR"/>
    <instantOut id="235_D025" time="10935.63" state="leave" vehID="Car_5915" speed="6.46" length="5.00" type="DEFAULT_CAR" occupancy="0.70"/>
    <instantOut id="235_D025" time="16171.46" state="enter" vehID="Car_9378" speed="9.69" length="5.00" type="DEFAULT_CAR" gap="5235.83"/>
    <instantOut id="235_D025" time="16171.50" state="stay" vehID="Car_9378" speed="9.69" length="5.00" type="DEFAULT_CAR"/>
    <instantOut id="235_D025" time="16171.75" state="stay" vehID="Car_9378" speed="8.99" length="5.00" type="DEFAULT_CAR"/>
    <instantOut id="235_D025" time="16172.00" state="stay" vehID="Car_9378" speed="8.24" length="5.00" type="DEFAULT_CAR"/>
    <instantOut id="235_D025" time="16172.04" state="leave" vehID="Car_9378" speed="7.49" length="5.00" type="DEFAULT_CAR" occupancy="0.58"/>
    <instantOut id="235_D025" time="16273.68" state="enter" vehID="Car_9181" speed="9.70" length="5.00" type="DEFAULT_CAR" gap="101.64"/>
    <instantOut id="235_D025" time="16273.75" state="stay" vehID="Car_9181" speed="9.70" length="5.00" type="DEFAULT_CAR"/>
    <instantOut id="235_D025" time="16274.00" state="stay" vehID="Car_9181" speed="10.35" length="5.00" type="DEFAULT_CAR"/>
    <instantOut id="235_D025" time="16274.16" state="leave" vehID="Car_9181" speed="10.80" length="5.00" type="DEFAULT_CAR" occupancy="0.48"/>
    <instantOut id="235_D025" time="17568.45" state="enter" vehID="Car_9935" speed="9.78" length="5.00" type="DEFAULT_CAR" gap="1294.29"/>
    <instantOut id="235_D025" time="17568.50" state="stay" vehID="Car_9935" speed="9.78" length="5.00" type="DEFAULT_CAR"/>
    <instantOut id="235_D025" time="17568.75" state="stay" vehID="Car_9935" speed="9.04" length="5.00" type="DEFAULT_CAR"/>
    <instantOut id="235_D025" time="17569.00" state="stay" vehID="Car_9935" speed="8.29" length="5.00" type="DEFAULT_CAR"/>
    <instantOut id="235_D025" time="17569.03" state="leave" vehID="Car_9935" speed="7.54" length="5.00" type="DEFAULT_CAR" occupancy="0.57"/>
    <instantOut id="235_D025" time="22986.00" state="enter" vehID="Car_13198" speed="8.32" length="5.00" type="DEFAULT_CAR" gap="5416.98"/>
    <instantOut id="235_D025" time="22986.25" state="stay" vehID="Car_13198" speed="8.32" length="5.00" type="DEFAULT_CAR"/>
    <instantOut id="235_D025" time="22986.50" state="stay" vehID="Car_13198" speed="7.68" length="5.00" type="DEFAULT_CAR"/>
    <instantOut id="235_D025" time="22986.65" state="leave" vehID="Car_13198" speed="6.96" length="5.00" type="DEFAULT_CAR" occupancy="0.64"/>
    <instantOut id="235_D025" time="24704.65" state="enter" vehID="Car_13987" speed="6.85" length="5.00" type="DEFAULT_CAR" gap="1718.01"/>
    <instantOut id="235_D025" time="24704.75" state="stay" vehID="Car_13987" speed="6.85" length="5.00" type="DEFAULT_CAR"/>
    <instantOut id="235_D025" time="24705.00" state="stay" vehID="Car_13987" speed="6.10" length="5.00" type="DEFAULT_CAR"/>
    <instantOut id="235_D025" time="24705.25" state="stay" vehID="Car_13987" speed="5.35" length="5.00" type="DEFAULT_CAR"/>
    <instantOut id="235_D025" time="24705.50" state="stay" vehID="Car_13987" speed="4.92" length="5.00" type="DEFAULT_CAR"/>
    <instantOut id="235_D025" time="24705.56" state="leave" vehID="Car_13987" speed="4.17" length="5.00" type="DEFAULT_CAR" occupancy="0.91"/>
    <instantOut id="235_D025" time="25403.81" state="enter" vehID="Car_14598" speed="9.14" length="5.00" type="DEFAULT_CAR" gap="698.25"/>
    <instantOut id="235_D025" time="25404.00" state="stay" vehID="Car_14598" speed="9.14" length="5.00" type="DEFAULT_CAR"/>
    <instantOut id="235_D025" time="25404.25" state="stay" vehID="Car_14598" speed="8.39" length="5.00" type="DEFAULT_CAR"/>
    <instantOut id="235_D025" time="25404.40" state="leave" vehID="Car_14598" speed="7.64" length="5.00" type="DEFAULT_CAR" occupancy="0.59"/>
    <instantOut id="235_D025" time="25628.58" state="enter" vehID="Car_14595" speed="7.09" length="5.00" type="DEFAULT_CAR" gap="224.18"/>
    <instantOut id="235_D025" time="25628.75" state="stay" vehID="Car_14595" speed="7.09" length="5.00" type="DEFAULT_CAR"/>
    <instantOut id="235_D025" time="25629.00" state="stay" vehID="Car_14595" speed="6.34" length="5.00" type="DEFAULT_CAR"/>
    <instantOut id="235_D025" time="25629.25" state="stay" vehID="Car_14595" speed="5.82" length="5.00" type="DEFAULT_CAR"/>
    <instantOut id="235_D025" time="25629.40" state="leave" vehID="Car_14595" speed="5.07" length="5.00" type="DEFAULT_CAR" occupancy="0.82"/>
    <instantOut id="235_D025" time="25758.47" state="enter" vehID="Car_14647" speed="11.91" length="5.00" type="DEFAULT_CAR" gap="129.07"/>
    <instantOut id="235_D025" time="25758.50" state="stay" vehID="Car_14647" speed="11.91" length="5.00" type="DEFAULT_CAR"/>
    <instantOut id="235_D025" time="25758.75" state="stay" vehID="Car_14647" speed="11.16" length="5.00" type="DEFAULT_CAR"/>
    <instantOut id="235_D025" time="25758.93" state="leave" vehID="Car_14647" speed="10.61" length="5.00" type="DEFAULT_CAR" occupancy="0.45"/>
    <instantOut id="235_D025" time="25906.50" state="enter" vehID="Car_14563" speed="7.23" length="5.00" type="DEFAULT_CAR" gap="147.58"/>
    <instantOut id="235_D025" time="25906.75" state="stay" vehID="Car_14563" speed="7.23" length="5.00" type="DEFAULT_CAR"/>
    <instantOut id="235_D025" time="25907.00" state="stay" vehID="Car_14563" speed="6.48" length="5.00" type="DEFAULT_CAR"/>
    <instantOut id="235_D025" time="25907.25" state="stay" vehID="Car_14563" speed="5.73" length="5.00" type="DEFAULT_CAR"/>
    <instantOut id="235_D025" time="25907.28" state="leave" vehID="Car_14563" speed="4.98" length="5.00" type="DEFAULT_CAR" occupancy="0.78"/>
    <instantOut id="235_D025" time="27240.44" state="enter" vehID="Car_16043" speed="10.40" length="5.00" type="DEFAULT_CAR" gap="1333.16"/>
    <instantOut id="235_D025" time="27240.50" state="stay" vehID="Car_16043" speed="10.40" length="5.00" type="DEFAULT_CAR"/>
    <instantOut id="235_D025" time="27240.75" state="stay" vehID="Car_16043" speed="11.04" length="5.00" type="DEFAULT_CAR"/>
    <instantOut id="235_D025" time="27240.89" state="leave" vehID="Car_16043" speed="11.28" length="5.00" type="DEFAULT_CAR" occupancy="0.45"/>
    <instantOut id="235_D025" time="28139.94" state="enter" vehID="Car_16855" speed="6.87" length="5.00" type="DEFAULT_CAR" gap="899.05"/>
    <instantOut id="235_D025" time="28140.00" state="stay" vehID="Car_16855" speed="6.87" length="5.00" type="DEFAULT_CAR"/>
    <instantOut id="235_D025" time="28140.25" state="stay" vehID="Car_16855" speed="6.47" length="5.00" type="DEFAULT_CAR"/>
    <instantOut id="235_D025" time="28140.50" state="stay" vehID="Car_16855" speed="5.72" length="5.00" type="DEFAULT_CAR"/>
    <instantOut id="235_D025" time="28140.75" state="stay" vehID="Car_16855" speed="4.97" length="5.00" type="DEFAULT_CAR"/>
    <instantOut id="235_D025" time="28140.82" state="leave" vehID="Car_16855" speed="4.22" length="5.00" type="DEFAULT_CAR" occupancy="0.88"/>
    <instantOut id="235_D025" time="29797.01" state="enter" vehID="Car_17947" speed="8.36" length="5.00" type="DEFAULT_CAR" gap="1656.19"/>
    <instantOut id="235_D025" time="29797.25" state="stay" vehID="Car_17947" speed="8.36" length="5.00" type="DEFAULT_CAR"/>
    <instantOut id="235_D025" time="29797.50" state="stay" vehID="Car_17947" speed="7.81" length="5.00" type="DEFAULT_CAR"/>
    <instantOut id="235_D025" time="29797.64" state="leave" vehID="Car_17947" speed="7.14" length="5.00" type="DEFAULT_CAR" occupancy="0.63"/>
    <instantOut id="235_D025" time="31056.72" state="enter" vehID="Car_18676" speed="9.61" length="5.00" type="DEFAULT_CAR" gap="1259.08"/>
    <instantOut id="235_D025" time="31056.75" state="stay" vehID="Car_18676" speed="9.61" length="5.00" type="DEFAULT_CAR"/>
    <instantOut id="235_D025" time="31057.00" state="stay" vehID="Car_18676" speed="8.86" length="5.00" type="DEFAULT_CAR"/>
    <instantOut id="235_D025" time="31057.25" state="stay" vehID="Car_18676" speed="8.11" length="5.00" type="DEFAULT_CAR"/>
    <instantOut id="235_D025" time="31057.31" state="leave" vehID="Car_18676" speed="7.36" length="5.00" type="DEFAULT_CAR" occupancy="0.59"/>
    <instantOut id="235_D025" time="31767.83" state="enter" vehID="Car_19014" speed="9.41" length="5.00" type="DEFAULT_CAR" gap="710.52"/>
    <instantOut id="235_D025" time="31768.00" state="stay" vehID="Car_19014" speed="9.41" length="5.00" type="DEFAULT_CAR"/>
    <instantOut id="235_D025" time="31768.25" state="stay" vehID="Car_19014" speed="8.66" length="5.00" type="DEFAULT_CAR"/>
    <instantOut id="235_D025" time="31768.41" state="leave" vehID="Car_19014" speed="7.91" length="5.00" type="DEFAULT_CAR" occupancy="0.58"/>
    <instantOut id="235_D025" time="31891.75" state="enter" vehID="Car_19013" speed="8.46" length="5.00" type="DEFAULT_CAR" gap="123.34"/>
    <instantOut id="235_D025" time="31891.75" state="stay" vehID="Car_19013" speed="8.46" length="5.00" type="DEFAULT_CAR"/>
    <instantOut id="235_D025" time="31892.00" state="stay" vehID="Car_19013" speed="7.71" length="5.00" type="DEFAULT_CAR"/>
    <instantOut id="235_D025" time="31892.25" state="stay" vehID="Car_19013" speed="6.96" length="5.00" type="DEFAULT_CAR"/>
    <instantOut id="235_D025" time="31892.46" state="leave" vehID="Car_19013" speed="6.21" length="5.00" type="DEFAULT_CAR" occupancy="0.71"/>
    <instantOut id="235_D025" time="34405.70" state="enter" vehID="Car_20389" speed="10.10" length="5.00" type="DEFAULT_CAR" gap="2513.24"/>
    <instantOut id="235_D025" time="34405.75" state="stay" vehID="Car_20389" speed="10.10" length="5.00" type="DEFAULT_CAR"/>
    <instantOut id="235_D025" time="34406.00" state="stay" vehID="Car_20389" speed="9.92" length="5.00" type="DEFAULT_CAR"/>
    <instantOut id="235_D025" time="34406.22" state="leave" vehID="Car_20389" speed="9.20" length="5.00" type="DEFAULT_CAR" occupancy="0.52"/>
    <instantOut id="235_D025" time="34488.34" state="enter" vehID="Car_20425" speed="8.53" length="5.00" type="DEFAULT_CAR" gap="82.12"/>
    <instantOut id="235_D025" time="34488.50" state="stay" vehID="Car_20425" speed="8.53" length="5.00" type="DEFAULT_CAR"/>
    <instantOut id="235_D025" time="34488.75" state="stay" vehID="Car_20425" speed="7.78" length="5.00" type="DEFAULT_CAR"/>
    <instantOut id="235_D025" time="34488.99" state="leave" vehID="Car_20425" speed="7.07" length="5.00" type="DEFAULT_CAR" occupancy="0.65"/>
    <instantOut id="235_D025" time="36837.68" state="enter" vehID="Car_22105" speed="10.35" length="5.00" type="DEFAULT_CAR" gap="2348.69"/>
    <instantOut id="235_D025" time="36837.75" state="stay" vehID="Car_22105" speed="10.35" length="5.00" type="DEFAULT_CAR"/>
    <instantOut id="235_D025" time="36838.00" state="stay" vehID="Car_22105" speed="10.91" length="5.00" type="DEFAULT_CAR"/>
    <instantOut id="235_D025" time="36838.15" state="leave" vehID="Car_22105" speed="10.21" length="5.00" type="DEFAULT_CAR" occupancy="0.47"/>
    <instantOut id="235_D025" time="36966.00" state="enter" vehID="Car_22081" speed="7.54" length="5.00" type="DEFAULT_CAR" gap="127.85"/>
    <instantOut id="235_D025" time="36966.25" state="stay" vehID="Car_22081" speed="7.54" length="5.00" type="DEFAULT_CAR"/>
    <instantOut id="235_D025" time="36966.50" state="stay" vehID="Car_22081" speed="7.64" length="5.00" type="DEFAULT_CAR"/>
    <instantOut id="235_D025" time="36966.68" state="leave" vehID="Car_22081" speed="6.89" length="5.00" type="DEFAULT_CAR" occupancy="0.68"/>
    <instantOut id="235_D025" time="37158.48" state="enter" vehID="Car_22118" speed="9.35" length="5.00" type="DEFAULT_CAR" gap="191.80"/>
    <instantOut id="235_D025" time="37158.50" state="stay" vehID="Car_22118" speed="9.35" length="5.00" type="DEFAULT_CAR"/>
    <instantOut id="235_D025" time="37158.75" state="stay" vehID="Car_22118" speed="8.60" length="5.00" type="DEFAULT_CAR"/>
    <instantOut id="235_D025" time="37159.00" state="stay" vehID="Car_22118" speed="7.85" length="5.00" type="DEFAULT_CAR"/>
    <instantOut id="235_D025" time="37159.09" state="leave" vehID="Car_22118" speed="7.30" length="5.00" type="DEFAULT_CAR" occupancy="0.61"/>
    <instantOut id="235_D025" time="37709.54" state="enter" vehID="Car_22405" speed="8.82" length="5.00" type="DEFAULT_CAR" gap="550.45"/>
    <instantOut id="235_D025" time="37709.75" state="stay" vehID="Car_22405" speed="8.82" length="5.00" type="DEFAULT_CAR"/>
    <instantOut id="235_D025" time="37710.00" state="stay" vehID="Car_22405" speed="8.07" length="5.00" type="DEFAULT_CAR"/>
    <instantOut id="235_D025" time="37710.16" state="leave" vehID="Car_22405" speed="7.32" length="5.00" type="DEFAULT_CAR" occupancy="0.62"/>
    <instantOut id="235_D025" time="39102.79" state="enter" vehID="Car_22865" speed="7.98" length="5.00" type="DEFAULT_CAR" gap="1392.63"/>
    <instantOut id="235_D025" time="39103.00" state="stay" vehID="Car_22865" speed="7.98" length="5.00" type="DEFAULT_CAR"/>
    <instantOut id="235_D025" time="39103.25" state="stay" vehID="Car_22865" speed="7.23" length="5.00" type="DEFAULT_CAR"/>
    <instantOut id="235_D025" time="39103.48" state="leave" vehID="Car_22865" speed="6.48" length="5.00" type="DEFAULT_CAR" occupancy="0.69"/>
    <instantOut id="235_D025" time="40495.03" state="enter" vehID="Car_23228" speed="8.61" length="5.00" type="DEFAULT_CAR" gap="1391.55"/>
    <instantOut id="235_D025" time="40495.25" state="stay" vehID="Car_23228" speed="8.61" length="5.00" type="DEFAULT_CAR"/>
    <instantOut id="235_D025" time="40495.50" state="stay" vehID="Car_23228" speed="7.89" length="5.00" type="DEFAULT_CAR"/>
    <instantOut id="235_D025" time="40495.66" state="leave" vehID="Car_23228" speed="7.14" length="5.00" type="DEFAULT_CAR" occupancy="0.63"/>
    <instantOut id="235_D025" time="40609.75" state="enter" vehID="Car_23276" speed="8.01" length="5.00" type="DEFAULT_CAR" gap="114.09"/>
    <instantOut id="235_D025" time="40609.75" state="stay" vehID="Car_23276" speed="8.01" length="5.00" type="DEFAULT_CAR"/>
    <instantOut id="235_D025" time="40610.00" state="stay" vehID="Car_23276" speed="7.26" length="5.00" type="DEFAULT_CAR"/>
    <instantOut id="235_D025" time="40610.25" state="stay" vehID="Car_23276" speed="6.51" length="5.00" type="DEFAULT_CAR"/>
    <instantOut id="235_D025" time="40610.50" state="stay" vehID="Car_23276" speed="5.76" length="5.00" type="DEFAULT_CAR"/>
    <instantOut id="235_D025" time="40610.52" state="leave" vehID="Car_23276" speed="5.04" length="5.00" type="DEFAULT_CAR" occupancy="0.77"/>
</instantE1>
