<?xml version="1.0" encoding="UTF-8"?>

<!-- generated on 2025-02-28 18:41:13 by Eclipse SUMO GUI Version 1.19.0
<configuration xmlns:xsi="http://www.w3.org/2001/XMLSchema-instance" xsi:noNamespaceSchemaLocation="http://sumo.dlr.de/xsd/sumoConfiguration.xsd">

    <input>
        <net-file value="Network.net.xml"/>
        <route-files value="CarRoutes.rou.xml"/>
        <additional-files value="Sensors.add.xml"/>
    </input>

    <output>
        <emission-output value="logs/Emissions.xml"/>
        <summary-output value="logs/Log_summary.xml"/>
        <summary-output.period value="300"/>
        <tripinfo-output value="logs/TripInfos.xml"/>
    </output>

    <time>
        <begin value="0"/>
        <end value="86400"/>
        <step-length value="0.25"/>
    </time>

    <processing>
        <ignore-junction-blocker value="0.1"/>
        <time-to-teleport value="-1"/>
    </processing>

    <report>
        <verbose value="true"/>
        <no-step-log value="true"/>
    </report>

    <emissions>
        <device.emissions.period value="10"/>
    </emissions>

    <traci_server>
        <remote-port value="58959"/>
    </traci_server>

    <gui_only>
        <quit-on-end value="true"/>
        <start value="true"/>
    </gui_only>

</configuration>
-->

<summary xmlns:xsi="http://www.w3.org/2001/XMLSchema-instance" xsi:noNamespaceSchemaLocation="http://sumo.dlr.de/xsd/summary_file.xsd">
    <step time="0.00" loaded="0" inserted="0" running="0" waiting="0" ended="0" arrived="0" collisions="0" teleports="0" halting="0" stopped="0" meanWaitingTime="-1.00" meanTravelTime="-1.00" meanSpeed="-1.00" meanSpeedRelative="-1.00" duration="0"/>
    <step time="300.00" loaded="214" inserted="201" running="92" waiting="13" ended="109" arrived="109" collisions="0" teleports="0" halting="40" stopped="0" meanWaitingTime="13.76" meanTravelTime="75.74" meanSpeed="3.62" meanSpeedRelative="0.26" duration="3"/>
    <step time="600.00" loaded="374" inserted="365" running="70" waiting="9" ended="295" arrived="295" collisions="0" teleports="0" halting="32" stopped="0" meanWaitingTime="12.97" meanTravelTime="115.89" meanSpeed="5.22" meanSpeedRelative="0.38" duration="1"/>
    <step time="900.00" loaded="533" inserted="523" running="61" waiting="10" ended="462" arrived="462" collisions="0" teleports="0" halting="39" stopped="0" meanWaitingTime="11.81" meanTravelTime="112.55" meanSpeed="2.91" meanSpeedRelative="0.21" duration="3"/>
    <step time="1200.00" loaded="706" inserted="691" running="60" waiting="15" ended="631" arrived="631" collisions="0" teleports="0" halting="7" stopped="0" meanWaitingTime="15.25" meanTravelTime="113.41" meanSpeed="7.25" meanSpeedRelative="0.52" duration="3"/>
    <step time="1500.00" loaded="873" inserted="853" running="60" waiting="20" ended="793" arrived="793" collisions="0" teleports="0" halting="16" stopped="0" meanWaitingTime="16.47" meanTravelTime="113.32" meanSpeed="4.90" meanSpeedRelative="0.35" duration="3"/>
    <step time="1800.00" loaded="1034" inserted="1016" running="64" waiting="18" ended="952" arrived="952" collisions="0" teleports="0" halting="18" stopped="0" meanWaitingTime="19.39" meanTravelTime="113.67" meanSpeed="4.64" meanSpeedRelative="0.33" duration="2"/>
    <step time="2100.00" loaded="1193" inserted="1178" running="59" waiting="15" ended="1119" arrived="1119" collisions="0" teleports="0" halting="38" stopped="0" meanWaitingTime="18.11" meanTravelTime="113.53" meanSpeed="2.83" meanSpeedRelative="0.20" duration="2"/>
    <step time="2400.00" loaded="1338" inserted="1322" running="44" waiting="16" ended="1278" arrived="1278" collisions="0" teleports="0" halting="19" stopped="0" meanWaitingTime="18.17" meanTravelTime="113.06" meanSpeed="4.01" meanSpeedRelative="0.29" duration="2"/>
    <step time="2700.00" loaded="1482" inserted="1481" running="55" waiting="1" ended="1426" arrived="1426" collisions="0" teleports="0" halting="17" stopped="0" meanWaitingTime="18.04" meanTravelTime="111.26" meanSpeed="5.74" meanSpeedRelative="0.41" duration="1"/>
    <step time="3000.00" loaded="1642" inserted="1635" running="42" waiting="7" ended="1593" arrived="1593" collisions="0" teleports="0" halting="19" stopped="0" meanWaitingTime="16.86" meanTravelTime="109.25" meanSpeed="3.97" meanSpeedRelative="0.29" duration="2"/>
    <step time="3300.00" loaded="1813" inserted="1797" running="71" waiting="16" ended="1726" arrived="1726" collisions="0" teleports="0" halting="12" stopped="0" meanWaitingTime="17.20" meanTravelTime="108.67" meanSpeed="5.73" meanSpeedRelative="0.41" duration="2"/>
    <step time="3600.00" loaded="1948" inserted="1948" running="45" waiting="0" ended="1903" arrived="1903" collisions="0" teleports="0" halting="8" stopped="0" meanWaitingTime="17.03" meanTravelTime="108.76" meanSpeed="5.79" meanSpeedRelative="0.42" duration="1"/>
    <step time="3900.00" loaded="2114" inserted="2114" running="79" waiting="0" ended="2035" arrived="2035" collisions="0" teleports="0" halting="30" stopped="0" meanWaitingTime="15.84" meanTravelTime="108.06" meanSpeed="2.76" meanSpeedRelative="0.20" duration="3"/>
    <step time="4200.00" loaded="2243" inserted="2235" running="43" waiting="8" ended="2192" arrived="2192" collisions="0" teleports="0" halting="7" stopped="0" meanWaitingTime="16.13" meanTravelTime="111.11" meanSpeed="7.06" meanSpeedRelative="0.51" duration="1"/>
    <step time="4500.00" loaded="2421" inserted="2408" running="68" waiting="13" ended="2340" arrived="2340" collisions="0" teleports="0" halting="28" stopped="0" meanWaitingTime="16.39" meanTravelTime="110.55" meanSpeed="4.67" meanSpeedRelative="0.34" duration="2"/>
    <step time="4800.00" loaded="2580" inserted="2558" running="55" waiting="22" ended="2503" arrived="2503" collisions="0" teleports="0" halting="23" stopped="0" meanWaitingTime="17.46" meanTravelTime="110.67" meanSpeed="4.30" meanSpeedRelative="0.31" duration="3"/>
    <step time="5100.00" loaded="2748" inserted="2737" running="61" waiting="11" ended="2676" arrived="2676" collisions="0" teleports="0" halting="6" stopped="0" meanWaitingTime="19.56" meanTravelTime="109.38" meanSpeed="6.67" meanSpeedRelative="0.48" duration="2"/>
    <step time="5400.00" loaded="2901" inserted="2899" running="46" waiting="2" ended="2853" arrived="2853" collisions="0" teleports="0" halting="12" stopped="0" meanWaitingTime="19.29" meanTravelTime="109.23" meanSpeed="6.00" meanSpeedRelative="0.43" duration="1"/>
    <step time="5700.00" loaded="3089" inserted="3074" running="75" waiting="15" ended="2999" arrived="2999" collisions="0" teleports="0" halting="22" stopped="0" meanWaitingTime="18.57" meanTravelTime="108.77" meanSpeed="5.53" meanSpeedRelative="0.40" duration="2"/>
    <step time="6000.00" loaded="3216" inserted="3213" running="44" waiting="3" ended="3169" arrived="3169" collisions="0" teleports="0" halting="20" stopped="0" meanWaitingTime="18.49" meanTravelTime="110.28" meanSpeed="3.94" meanSpeedRelative="0.28" duration="2"/>
    <step time="6300.00" loaded="3384" inserted="3367" running="65" waiting="17" ended="3302" arrived="3302" collisions="0" teleports="0" halting="29" stopped="0" meanWaitingTime="18.39" meanTravelTime="110.79" meanSpeed="4.38" meanSpeedRelative="0.32" duration="2"/>
    <step time="6600.00" loaded="3545" inserted="3537" running="47" waiting="8" ended="3490" arrived="3490" collisions="0" teleports="0" halting="17" stopped="0" meanWaitingTime="18.49" meanTravelTime="110.11" meanSpeed="5.36" meanSpeedRelative="0.39" duration="3"/>
    <step time="6900.00" loaded="3734" inserted="3717" running="53" waiting="17" ended="3664" arrived="3664" collisions="0" teleports="0" halting="21" stopped="0" meanWaitingTime="18.37" meanTravelTime="108.96" meanSpeed="3.74" meanSpeedRelative="0.27" duration="2"/>
    <step time="7200.00" loaded="3893" inserted="3876" running="50" waiting="17" ended="3826" arrived="3826" collisions="0" teleports="0" halting="18" stopped="0" meanWaitingTime="18.84" meanTravelTime="108.28" meanSpeed="5.77" meanSpeedRelative="0.42" duration="2"/>
    <step time="7500.00" loaded="4041" inserted="4029" running="36" waiting="12" ended="3993" arrived="3993" collisions="0" teleports="0" halting="17" stopped="0" meanWaitingTime="19.34" meanTravelTime="107.78" meanSpeed="4.00" meanSpeedRelative="0.29" duration="1"/>
    <step time="7800.00" loaded="4197" inserted="4174" running="43" waiting="23" ended="4131" arrived="4131" collisions="0" teleports="0" halting="12" stopped="0" meanWaitingTime="19.73" meanTravelTime="106.79" meanSpeed="5.08" meanSpeedRelative="0.37" duration="2"/>
    <step time="8100.00" loaded="4370" inserted="4357" running="49" waiting="13" ended="4308" arrived="4308" collisions="0" teleports="0" halting="20" stopped="0" meanWaitingTime="20.71" meanTravelTime="105.90" meanSpeed="3.95" meanSpeedRelative="0.28" duration="2"/>
    <step time="8400.00" loaded="4553" inserted="4549" running="70" waiting="4" ended="4479" arrived="4479" collisions="0" teleports="0" halting="15" stopped="0" meanWaitingTime="20.53" meanTravelTime="105.22" meanSpeed="5.45" meanSpeedRelative="0.39" duration="1"/>
    <step time="8700.00" loaded="4725" inserted="4723" running="65" waiting="2" ended="4658" arrived="4658" collisions="0" teleports="0" halting="18" stopped="0" meanWaitingTime="20.25" meanTravelTime="105.42" meanSpeed="6.01" meanSpeedRelative="0.43" duration="3"/>
    <step time="9000.00" loaded="4912" inserted="4895" running="51" waiting="17" ended="4844" arrived="4844" collisions="0" teleports="0" halting="12" stopped="0" meanWaitingTime="19.91" meanTravelTime="104.88" meanSpeed="6.11" meanSpeedRelative="0.44" duration="2"/>
    <step time="9300.00" loaded="5097" inserted="5078" running="55" waiting="19" ended="5023" arrived="5023" collisions="0" teleports="0" halting="27" stopped="0" meanWaitingTime="19.85" meanTravelTime="104.70" meanSpeed="4.20" meanSpeedRelative="0.30" duration="2"/>
    <step time="9600.00" loaded="5269" inserted="5255" running="63" waiting="14" ended="5192" arrived="5192" collisions="0" teleports="0" halting="26" stopped="0" meanWaitingTime="20.29" meanTravelTime="104.07" meanSpeed="4.39" meanSpeedRelative="0.32" duration="2"/>
    <step time="9900.00" loaded="5413" inserted="5407" running="51" waiting="6" ended="5356" arrived="5356" collisions="0" teleports="0" halting="16" stopped="0" meanWaitingTime="20.19" meanTravelTime="104.35" meanSpeed="5.10" meanSpeedRelative="0.37" duration="1"/>
    <step time="10200.00" loaded="5584" inserted="5575" running="71" waiting="9" ended="5504" arrived="5504" collisions="0" teleports="0" halting="21" stopped="0" meanWaitingTime="20.11" meanTravelTime="104.57" meanSpeed="4.14" meanSpeedRelative="0.30" duration="2"/>
    <step time="10500.00" loaded="5760" inserted="5749" running="59" waiting="11" ended="5690" arrived="5690" collisions="0" teleports="0" halting="12" stopped="0" meanWaitingTime="19.94" meanTravelTime="105.22" meanSpeed="5.83" meanSpeedRelative="0.42" duration="1"/>
    <step time="10800.00" loaded="5932" inserted="5924" running="74" waiting="8" ended="5850" arrived="5850" collisions="0" teleports="0" halting="12" stopped="0" meanWaitingTime="19.93" meanTravelTime="105.60" meanSpeed="5.65" meanSpeedRelative="0.41" duration="3"/>
    <step time="11100.00" loaded="6108" inserted="6090" running="59" waiting="18" ended="6031" arrived="6031" collisions="0" teleports="0" halting="23" stopped="0" meanWaitingTime="19.91" meanTravelTime="106.17" meanSpeed="3.68" meanSpeedRelative="0.26" duration="2"/>
    <step time="11400.00" loaded="6282" inserted="6248" running="54" waiting="34" ended="6194" arrived="6194" collisions="0" teleports="0" halting="9" stopped="0" meanWaitingTime="20.51" meanTravelTime="106.21" meanSpeed="6.65" meanSpeedRelative="0.49" duration="1"/>
    <step time="11700.00" loaded="6425" inserted="6407" running="57" waiting="18" ended="6350" arrived="6350" collisions="0" teleports="0" halting="11" stopped="0" meanWaitingTime="21.52" meanTravelTime="105.97" meanSpeed="5.12" meanSpeedRelative="0.37" duration="2"/>
    <step time="12000.00" loaded="6604" inserted="6597" running="58" waiting="7" ended="6539" arrived="6539" collisions="0" teleports="0" halting="16" stopped="0" meanWaitingTime="21.44" meanTravelTime="106.25" meanSpeed="5.04" meanSpeedRelative="0.36" duration="1"/>
    <step time="12300.00" loaded="6772" inserted="6770" running="66" waiting="2" ended="6704" arrived="6704" collisions="0" teleports="0" halting="34" stopped="0" meanWaitingTime="21.18" meanTravelTime="106.21" meanSpeed="3.71" meanSpeedRelative="0.27" duration="2"/>
    <step time="12600.00" loaded="6941" inserted="6921" running="51" waiting="20" ended="6870" arrived="6870" collisions="0" teleports="0" halting="24" stopped="0" meanWaitingTime="20.97" meanTravelTime="106.24" meanSpeed="4.16" meanSpeedRelative="0.30" duration="2"/>
    <step time="12900.00" loaded="7107" inserted="7096" running="56" waiting="11" ended="7040" arrived="7040" collisions="0" teleports="0" halting="19" stopped="0" meanWaitingTime="21.12" meanTravelTime="106.21" meanSpeed="4.44" meanSpeedRelative="0.32" duration="2"/>
    <step time="13200.00" loaded="7285" inserted="7264" running="80" waiting="21" ended="7184" arrived="7184" collisions="0" teleports="0" halting="25" stopped="0" meanWaitingTime="21.09" meanTravelTime="106.15" meanSpeed="4.56" meanSpeedRelative="0.36" duration="4"/>
    <step time="13500.00" loaded="7463" inserted="7455" running="78" waiting="8" ended="7377" arrived="7377" collisions="0" teleports="0" halting="27" stopped="0" meanWaitingTime="20.99" meanTravelTime="106.70" meanSpeed="3.97" meanSpeedRelative="0.29" duration="2"/>
    <step time="13800.00" loaded="7656" inserted="7641" running="81" waiting="15" ended="7560" arrived="7560" collisions="0" teleports="0" halting="23" stopped="0" meanWaitingTime="21.04" meanTravelTime="107.02" meanSpeed="6.18" meanSpeedRelative="0.44" duration="3"/>
    <step time="14100.00" loaded="7816" inserted="7810" running="74" waiting="6" ended="7736" arrived="7736" collisions="0" teleports="0" halting="21" stopped="0" meanWaitingTime="21.06" meanTravelTime="107.49" meanSpeed="4.71" meanSpeedRelative="0.34" duration="2"/>
    <step time="14400.00" loaded="7954" inserted="7942" running="50" waiting="12" ended="7892" arrived="7892" collisions="0" teleports="0" halting="14" stopped="0" meanWaitingTime="21.23" meanTravelTime="107.76" meanSpeed="5.89" meanSpeedRelative="0.42" duration="2"/>
    <step time="14700.00" loaded="8148" inserted="8131" running="65" waiting="17" ended="8066" arrived="8066" collisions="0" teleports="0" halting="13" stopped="0" meanWaitingTime="21.17" meanTravelTime="107.54" meanSpeed="6.30" meanSpeedRelative="0.45" duration="2"/>
    <step time="15000.00" loaded="8304" inserted="8299" running="80" waiting="5" ended="8219" arrived="8219" collisions="0" teleports="0" halting="17" stopped="0" meanWaitingTime="20.95" meanTravelTime="107.70" meanSpeed="6.10" meanSpeedRelative="0.44" duration="2"/>
    <step time="15300.00" loaded="8463" inserted="8429" running="56" waiting="34" ended="8373" arrived="8373" collisions="0" teleports="0" halting="21" stopped="0" meanWaitingTime="21.11" meanTravelTime="108.00" meanSpeed="4.70" meanSpeedRelative="0.34" duration="2"/>
    <step time="15600.00" loaded="8626" inserted="8616" running="70" waiting="10" ended="8546" arrived="8546" collisions="0" teleports="0" halting="18" stopped="0" meanWaitingTime="21.84" meanTravelTime="107.65" meanSpeed="6.00" meanSpeedRelative="0.43" duration="2"/>
    <step time="15900.00" loaded="8819" inserted="8808" running="104" waiting="11" ended="8704" arrived="8704" collisions="0" teleports="0" halting="48" stopped="0" meanWaitingTime="22.11" meanTravelTime="107.35" meanSpeed="4.29" meanSpeedRelative="0.31" duration="2"/>
    <step time="16200.00" loaded="9011" inserted="8978" running="60" waiting="33" ended="8918" arrived="8918" collisions="0" teleports="0" halting="12" stopped="0" meanWaitingTime="22.27" meanTravelTime="107.83" meanSpeed="5.96" meanSpeedRelative="0.43" duration="2"/>
    <step time="16500.00" loaded="9179" inserted="9165" running="65" waiting="14" ended="9100" arrived="9100" collisions="0" teleports="0" halting="22" stopped="0" meanWaitingTime="22.82" meanTravelTime="107.68" meanSpeed="4.85" meanSpeedRelative="0.35" duration="2"/>
    <step time="16800.00" loaded="9363" inserted="9325" running="69" waiting="38" ended="9256" arrived="9256" collisions="0" teleports="0" halting="10" stopped="0" meanWaitingTime="23.08" meanTravelTime="107.95" meanSpeed="5.54" meanSpeedRelative="0.40" duration="4"/>
    <step time="17100.00" loaded="9535" inserted="9505" running="58" waiting="30" ended="9447" arrived="9447" collisions="0" teleports="0" halting="10" stopped="0" meanWaitingTime="23.71" meanTravelTime="108.19" meanSpeed="5.67" meanSpeedRelative="0.41" duration="2"/>
    <step time="17400.00" loaded="9718" inserted="9693" running="92" waiting="25" ended="9601" arrived="9601" collisions="0" teleports="0" halting="52" stopped="0" meanWaitingTime="24.36" meanTravelTime="108.23" meanSpeed="3.15" meanSpeedRelative="0.23" duration="2"/>
    <step time="17700.00" loaded="9890" inserted="9864" running="91" waiting="26" ended="9773" arrived="9773" collisions="0" teleports="0" halting="36" stopped="0" meanWaitingTime="24.72" meanTravelTime="108.72" meanSpeed="3.47" meanSpeedRelative="0.25" duration="2"/>
    <step time="18000.00" loaded="10055" inserted="10034" running="87" waiting="21" ended="9947" arrived="9947" collisions="0" teleports="0" halting="48" stopped="0" meanWaitingTime="25.15" meanTravelTime="109.74" meanSpeed="2.94" meanSpeedRelative="0.21" duration="2"/>
    <step time="18300.00" loaded="10244" inserted="10211" running="58" waiting="33" ended="10153" arrived="10153" collisions="0" teleports="0" halting="31" stopped="0" meanWaitingTime="25.34" meanTravelTime="110.45" meanSpeed="3.84" meanSpeedRelative="0.29" duration="1"/>
    <step time="18600.00" loaded="10403" inserted="10374" running="66" waiting="29" ended="10308" arrived="10308" collisions="0" teleports="0" halting="27" stopped="0" meanWaitingTime="25.90" meanTravelTime="110.39" meanSpeed="4.95" meanSpeedRelative="0.36" duration="1"/>
    <step time="18900.00" loaded="10588" inserted="10554" running="77" waiting="34" ended="10477" arrived="10477" collisions="0" teleports="0" halting="21" stopped="0" meanWaitingTime="26.27" meanTravelTime="110.39" meanSpeed="5.78" meanSpeedRelative="0.42" duration="2"/>
    <step time="19200.00" loaded="10764" inserted="10737" running="63" waiting="27" ended="10674" arrived="10674" collisions="0" teleports="0" halting="41" stopped="0" meanWaitingTime="26.57" meanTravelTime="110.41" meanSpeed="2.94" meanSpeedRelative="0.21" duration="2"/>
    <step time="19500.00" loaded="10973" inserted="10948" running="97" waiting="25" ended="10851" arrived="10851" collisions="0" teleports="0" halting="42" stopped="0" meanWaitingTime="26.85" meanTravelTime="110.44" meanSpeed="3.28" meanSpeedRelative="0.24" duration="4"/>
    <step time="19800.00" loaded="11153" inserted="11122" running="71" waiting="31" ended="11051" arrived="11051" collisions="0" teleports="0" halting="23" stopped="0" meanWaitingTime="27.17" meanTravelTime="110.81" meanSpeed="5.69" meanSpeedRelative="0.41" duration="2"/>
    <step time="20100.00" loaded="11348" inserted="11321" running="82" waiting="27" ended="11239" arrived="11239" collisions="0" teleports="0" halting="25" stopped="0" meanWaitingTime="27.62" meanTravelTime="110.87" meanSpeed="5.13" meanSpeedRelative="0.37" duration="3"/>
    <step time="20400.00" loaded="11516" inserted="11483" running="69" waiting="33" ended="11414" arrived="11414" collisions="0" teleports="0" halting="15" stopped="0" meanWaitingTime="28.08" meanTravelTime="110.84" meanSpeed="5.45" meanSpeedRelative="0.39" duration="2"/>
    <step time="20700.00" loaded="11688" inserted="11662" running="83" waiting="26" ended="11579" arrived="11579" collisions="0" teleports="0" halting="34" stopped="0" meanWaitingTime="28.54" meanTravelTime="110.71" meanSpeed="3.75" meanSpeedRelative="0.27" duration="2"/>
    <step time="21000.00" loaded="11874" inserted="11850" running="77" waiting="24" ended="11773" arrived="11773" collisions="0" teleports="0" halting="29" stopped="0" meanWaitingTime="28.91" meanTravelTime="110.99" meanSpeed="3.44" meanSpeedRelative="0.25" duration="4"/>
    <step time="21300.00" loaded="12034" inserted="12013" running="72" waiting="21" ended="11941" arrived="11941" collisions="0" teleports="0" halting="14" stopped="0" meanWaitingTime="29.14" meanTravelTime="111.24" meanSpeed="5.39" meanSpeedRelative="0.40" duration="3"/>
    <step time="21600.00" loaded="12253" inserted="12221" running="88" waiting="32" ended="12133" arrived="12133" collisions="0" teleports="0" halting="13" stopped="0" meanWaitingTime="29.43" meanTravelTime="111.37" meanSpeed="5.87" meanSpeedRelative="0.42" duration="2"/>
    <step time="21900.00" loaded="12438" inserted="12411" running="67" waiting="27" ended="12344" arrived="12344" collisions="0" teleports="0" halting="22" stopped="0" meanWaitingTime="29.53" meanTravelTime="111.32" meanSpeed="4.87" meanSpeedRelative="0.35" duration="2"/>
    <step time="22200.00" loaded="12629" inserted="12597" running="84" waiting="32" ended="12513" arrived="12513" collisions="0" teleports="0" halting="28" stopped="0" meanWaitingTime="29.79" meanTravelTime="111.14" meanSpeed="4.35" meanSpeedRelative="0.31" duration="4"/>
    <step time="22500.00" loaded="12803" inserted="12754" running="56" waiting="49" ended="12698" arrived="12698" collisions="0" teleports="0" halting="8" stopped="0" meanWaitingTime="30.06" meanTravelTime="111.70" meanSpeed="5.85" meanSpeedRelative="0.42" duration="1"/>
    <step time="22800.00" loaded="12999" inserted="12986" running="102" waiting="13" ended="12884" arrived="12884" collisions="0" teleports="0" halting="50" stopped="0" meanWaitingTime="30.40" meanTravelTime="111.64" meanSpeed="2.92" meanSpeedRelative="0.21" duration="2"/>
    <step time="23100.00" loaded="13185" inserted="13168" running="117" waiting="17" ended="13051" arrived="13051" collisions="0" teleports="0" halting="48" stopped="0" meanWaitingTime="30.41" meanTravelTime="112.58" meanSpeed="3.21" meanSpeedRelative="0.23" duration="2"/>
    <step time="23400.00" loaded="13373" inserted="13346" running="82" waiting="27" ended="13264" arrived="13264" collisions="0" teleports="0" halting="28" stopped="0" meanWaitingTime="30.50" meanTravelTime="113.21" meanSpeed="4.59" meanSpeedRelative="0.33" duration="4"/>
    <step time="23700.00" loaded="13602" inserted="13559" running="83" waiting="43" ended="13476" arrived="13476" collisions="0" teleports="0" halting="32" stopped="0" meanWaitingTime="30.60" meanTravelTime="113.33" meanSpeed="4.65" meanSpeedRelative="0.34" duration="4"/>
    <step time="24000.00" loaded="13777" inserted="13740" running="71" waiting="37" ended="13669" arrived="13669" collisions="0" teleports="0" halting="17" stopped="0" meanWaitingTime="30.93" meanTravelTime="113.33" meanSpeed="3.71" meanSpeedRelative="0.27" duration="3"/>
    <step time="24300.00" loaded="13986" inserted="13949" running="115" waiting="37" ended="13834" arrived="13834" collisions="0" teleports="0" halting="63" stopped="0" meanWaitingTime="31.29" meanTravelTime="113.57" meanSpeed="3.08" meanSpeedRelative="0.22" duration="5"/>
    <step time="24600.00" loaded="14208" inserted="14169" running="98" waiting="39" ended="14071" arrived="14071" collisions="0" teleports="0" halting="57" stopped="0" meanWaitingTime="31.55" meanTravelTime="114.07" meanSpeed="3.19" meanSpeedRelative="0.23" duration="2"/>
    <step time="24900.00" loaded="14422" inserted="14385" running="84" waiting="37" ended="14301" arrived="14301" collisions="0" teleports="0" halting="30" stopped="0" meanWaitingTime="32.03" meanTravelTime="114.44" meanSpeed="3.33" meanSpeedRelative="0.24" duration="2"/>
    <step time="25200.00" loaded="14615" inserted="14573" running="109" waiting="42" ended="14464" arrived="14464" collisions="0" teleports="0" halting="60" stopped="0" meanWaitingTime="32.18" meanTravelTime="114.61" meanSpeed="2.90" meanSpeedRelative="0.21" duration="4"/>
    <step time="25500.00" loaded="14789" inserted="14765" running="90" waiting="24" ended="14675" arrived="14675" collisions="0" teleports="0" halting="37" stopped="0" meanWaitingTime="32.49" meanTravelTime="115.55" meanSpeed="4.03" meanSpeedRelative="0.29" duration="2"/>
    <step time="25800.00" loaded="15022" inserted="14986" running="95" waiting="36" ended="14891" arrived="14891" collisions="0" teleports="0" halting="40" stopped="0" meanWaitingTime="32.62" meanTravelTime="115.58" meanSpeed="3.53" meanSpeedRelative="0.25" duration="7"/>
    <step time="26100.00" loaded="15231" inserted="15201" running="88" waiting="30" ended="15113" arrived="15113" collisions="0" teleports="0" halting="30" stopped="0" meanWaitingTime="32.90" meanTravelTime="115.82" meanSpeed="3.24" meanSpeedRelative="0.23" duration="3"/>
    <step time="26400.00" loaded="15423" inserted="15383" running="95" waiting="40" ended="15288" arrived="15288" collisions="0" teleports="0" halting="32" stopped="0" meanWaitingTime="33.14" meanTravelTime="116.12" meanSpeed="3.91" meanSpeedRelative="0.28" duration="2"/>
    <step time="26700.00" loaded="15638" inserted="15602" running="112" waiting="36" ended="15490" arrived="15490" collisions="0" teleports="0" halting="49" stopped="0" meanWaitingTime="33.45" meanTravelTime="116.14" meanSpeed="3.47" meanSpeedRelative="0.25" duration="5"/>
    <step time="27000.00" loaded="15855" inserted="15812" running="108" waiting="43" ended="15704" arrived="15704" collisions="0" teleports="0" halting="34" stopped="0" meanWaitingTime="33.79" meanTravelTime="116.76" meanSpeed="4.03" meanSpeedRelative="0.29" duration="4"/>
    <step time="27300.00" loaded="16079" inserted="16028" running="97" waiting="51" ended="15931" arrived="15931" collisions="0" teleports="0" halting="31" stopped="0" meanWaitingTime="34.21" meanTravelTime="116.72" meanSpeed="4.99" meanSpeedRelative="0.36" duration="4"/>
    <step time="27600.00" loaded="16278" inserted="16231" running="85" waiting="47" ended="16146" arrived="16146" collisions="0" teleports="0" halting="53" stopped="0" meanWaitingTime="34.63" meanTravelTime="116.65" meanSpeed="2.38" meanSpeedRelative="0.17" duration="2"/>
    <step time="27900.00" loaded="16487" inserted="16445" running="71" waiting="42" ended="16374" arrived="16374" collisions="0" teleports="0" halting="19" stopped="0" meanWaitingTime="34.98" meanTravelTime="116.63" meanSpeed="4.77" meanSpeedRelative="0.34" duration="3"/>
    <step time="28200.00" loaded="16718" inserted="16683" running="61" waiting="35" ended="16622" arrived="16622" collisions="0" teleports="0" halting="13" stopped="0" meanWaitingTime="35.30" meanTravelTime="116.39" meanSpeed="6.80" meanSpeedRelative="0.49" duration="1"/>
    <step time="28500.00" loaded="16921" inserted="16887" running="76" waiting="34" ended="16811" arrived="16811" collisions="0" teleports="0" halting="23" stopped="0" meanWaitingTime="35.54" meanTravelTime="116.24" meanSpeed="5.32" meanSpeedRelative="0.39" duration="1"/>
    <step time="28800.00" loaded="17133" inserted="17101" running="101" waiting="32" ended="17000" arrived="17000" collisions="0" teleports="0" halting="16" stopped="0" meanWaitingTime="35.62" meanTravelTime="116.11" meanSpeed="3.91" meanSpeedRelative="0.29" duration="2"/>
    <step time="29100.00" loaded="17358" inserted="17318" running="133" waiting="40" ended="17185" arrived="17185" collisions="0" teleports="0" halting="68" stopped="0" meanWaitingTime="35.60" meanTravelTime="116.74" meanSpeed="2.20" meanSpeedRelative="0.16" duration="4"/>
    <step time="29400.00" loaded="17558" inserted="17508" running="86" waiting="50" ended="17422" arrived="17422" collisions="0" teleports="0" halting="25" stopped="0" meanWaitingTime="35.84" meanTravelTime="117.66" meanSpeed="4.53" meanSpeedRelative="0.33" duration="4"/>
    <step time="29700.00" loaded="17737" inserted="17699" running="62" waiting="38" ended="17637" arrived="17637" collisions="0" teleports="0" halting="16" stopped="0" meanWaitingTime="36.02" meanTravelTime="117.83" meanSpeed="5.02" meanSpeedRelative="0.36" duration="2"/>
    <step time="30000.00" loaded="17911" inserted="17879" running="61" waiting="32" ended="17818" arrived="17818" collisions="0" teleports="0" halting="19" stopped="0" meanWaitingTime="36.27" meanTravelTime="117.74" meanSpeed="3.83" meanSpeedRelative="0.28" duration="2"/>
    <step time="30300.00" loaded="18110" inserted="18072" running="69" waiting="38" ended="18003" arrived="18003" collisions="0" teleports="0" halting="37" stopped="0" meanWaitingTime="36.57" meanTravelTime="117.77" meanSpeed="2.93" meanSpeedRelative="0.21" duration="3"/>
    <step time="30600.00" loaded="18325" inserted="18281" running="81" waiting="44" ended="18200" arrived="18200" collisions="0" teleports="0" halting="16" stopped="0" meanWaitingTime="36.80" meanTravelTime="117.70" meanSpeed="5.69" meanSpeedRelative="0.41" duration="4"/>
    <step time="30900.00" loaded="18544" inserted="18502" running="110" waiting="42" ended="18392" arrived="18392" collisions="0" teleports="0" halting="47" stopped="0" meanWaitingTime="37.06" meanTravelTime="117.61" meanSpeed="2.99" meanSpeedRelative="0.22" duration="3"/>
    <step time="31200.00" loaded="18719" inserted="18675" running="69" waiting="44" ended="18606" arrived="18606" collisions="0" teleports="0" halting="13" stopped="0" meanWaitingTime="37.13" meanTravelTime="118.03" meanSpeed="4.99" meanSpeedRelative="0.38" duration="3"/>
    <step time="31500.00" loaded="18897" inserted="18856" running="83" waiting="41" ended="18773" arrived="18773" collisions="0" teleports="0" halting="32" stopped="0" meanWaitingTime="37.41" meanTravelTime="118.18" meanSpeed="3.95" meanSpeedRelative="0.28" duration="2"/>
    <step time="31800.00" loaded="19054" inserted="19021" running="73" waiting="33" ended="18948" arrived="18948" collisions="0" teleports="0" halting="18" stopped="0" meanWaitingTime="37.72" meanTravelTime="118.40" meanSpeed="5.71" meanSpeedRelative="0.41" duration="3"/>
    <step time="32100.00" loaded="19233" inserted="19194" running="55" waiting="39" ended="19139" arrived="19139" collisions="0" teleports="0" halting="20" stopped="0" meanWaitingTime="37.96" meanTravelTime="118.23" meanSpeed="5.77" meanSpeedRelative="0.42" duration="1"/>
    <step time="32400.00" loaded="19402" inserted="19358" running="71" waiting="44" ended="19287" arrived="19287" collisions="0" teleports="0" halting="23" stopped="0" meanWaitingTime="38.15" meanTravelTime="118.14" meanSpeed="4.63" meanSpeedRelative="0.34" duration="2"/>
    <step time="32700.00" loaded="19580" inserted="19539" running="52" waiting="41" ended="19487" arrived="19487" collisions="0" teleports="0" halting="6" stopped="0" meanWaitingTime="38.36" meanTravelTime="118.10" meanSpeed="5.78" meanSpeedRelative="0.42" duration="1"/>
    <step time="33000.00" loaded="19750" inserted="19722" running="70" waiting="28" ended="19652" arrived="19652" collisions="0" teleports="0" halting="9" stopped="0" meanWaitingTime="38.62" meanTravelTime="118.07" meanSpeed="6.05" meanSpeedRelative="0.46" duration="2"/>
    <step time="33300.00" loaded="19884" inserted="19872" running="78" waiting="12" ended="19794" arrived="19794" collisions="0" teleports="0" halting="17" stopped="0" meanWaitingTime="38.73" meanTravelTime="118.12" meanSpeed="5.67" meanSpeedRelative="0.41" duration="3"/>
    <step time="33600.00" loaded="20077" inserted="20059" running="54" waiting="18" ended="20005" arrived="20005" collisions="0" teleports="0" halting="23" stopped="0" meanWaitingTime="38.64" meanTravelTime="118.03" meanSpeed="5.32" meanSpeedRelative="0.38" duration="1"/>
    <step time="33900.00" loaded="20233" inserted="20212" running="79" waiting="21" ended="20133" arrived="20133" collisions="0" teleports="0" halting="23" stopped="0" meanWaitingTime="38.56" meanTravelTime="117.84" meanSpeed="3.70" meanSpeedRelative="0.27" duration="4"/>
    <step time="34200.00" loaded="20393" inserted="20372" running="68" waiting="21" ended="20304" arrived="20304" collisions="0" teleports="0" halting="17" stopped="0" meanWaitingTime="38.51" meanTravelTime="118.05" meanSpeed="4.79" meanSpeedRelative="0.34" duration="1"/>
    <step time="34500.00" loaded="20559" inserted="20535" running="81" waiting="24" ended="20454" arrived="20454" collisions="0" teleports="0" halting="39" stopped="0" meanWaitingTime="38.58" meanTravelTime="118.22" meanSpeed="4.21" meanSpeedRelative="0.30" duration="1"/>
    <step time="34800.00" loaded="20712" inserted="20681" running="57" waiting="31" ended="20624" arrived="20624" collisions="0" teleports="0" halting="20" stopped="0" meanWaitingTime="38.73" meanTravelTime="118.36" meanSpeed="4.34" meanSpeedRelative="0.31" duration="1"/>
    <step time="35100.00" loaded="20851" inserted="20839" running="65" waiting="12" ended="20774" arrived="20774" collisions="0" teleports="0" halting="19" stopped="0" meanWaitingTime="38.84" meanTravelTime="118.30" meanSpeed="5.95" meanSpeedRelative="0.43" duration="1"/>
    <step time="35400.00" loaded="20990" inserted="20983" running="52" waiting="7" ended="20931" arrived="20931" collisions="0" teleports="0" halting="6" stopped="0" meanWaitingTime="38.64" meanTravelTime="118.24" meanSpeed="5.91" meanSpeedRelative="0.43" duration="2"/>
    <step time="35700.00" loaded="21133" inserted="21124" running="44" waiting="9" ended="21080" arrived="21080" collisions="0" teleports="0" halting="21" stopped="0" meanWaitingTime="38.50" meanTravelTime="118.25" meanSpeed="4.39" meanSpeedRelative="0.32" duration="2"/>
    <step time="36000.00" loaded="21288" inserted="21283" running="39" waiting="5" ended="21244" arrived="21244" collisions="0" teleports="0" halting="13" stopped="0" meanWaitingTime="38.36" meanTravelTime="118.08" meanSpeed="3.85" meanSpeedRelative="0.28" duration="2"/>
    <step time="36300.00" loaded="21462" inserted="21445" running="56" waiting="17" ended="21389" arrived="21389" collisions="0" teleports="0" halting="38" stopped="0" meanWaitingTime="38.23" meanTravelTime="117.90" meanSpeed="2.93" meanSpeedRelative="0.21" duration="3"/>
    <step time="36600.00" loaded="21609" inserted="21600" running="61" waiting="9" ended="21539" arrived="21539" collisions="0" teleports="0" halting="9" stopped="0" meanWaitingTime="38.14" meanTravelTime="117.92" meanSpeed="5.16" meanSpeedRelative="0.37" duration="3"/>
    <step time="36900.00" loaded="21747" inserted="21727" running="37" waiting="20" ended="21690" arrived="21690" collisions="0" teleports="0" halting="12" stopped="0" meanWaitingTime="37.99" meanTravelTime="117.94" meanSpeed="6.52" meanSpeedRelative="0.47" duration="2"/>
    <step time="37200.00" loaded="21869" inserted="21845" running="35" waiting="24" ended="21810" arrived="21810" collisions="0" teleports="0" halting="20" stopped="0" meanWaitingTime="37.96" meanTravelTime="117.82" meanSpeed="2.53" meanSpeedRelative="0.18" duration="0"/>
    <step time="37500.00" loaded="22012" inserted="21975" running="52" waiting="37" ended="21923" arrived="21923" collisions="0" teleports="0" halting="15" stopped="0" meanWaitingTime="38.14" meanTravelTime="117.79" meanSpeed="5.85" meanSpeedRelative="0.42" duration="3"/>
    <step time="37800.00" loaded="22165" inserted="22123" running="61" waiting="42" ended="22062" arrived="22062" collisions="0" teleports="0" halting="6" stopped="0" meanWaitingTime="38.39" meanTravelTime="117.77" meanSpeed="5.76" meanSpeedRelative="0.41" duration="2"/>
    <step time="38100.00" loaded="22310" inserted="22266" running="60" waiting="44" ended="22206" arrived="22206" collisions="0" teleports="0" halting="26" stopped="0" meanWaitingTime="38.61" meanTravelTime="117.78" meanSpeed="4.26" meanSpeedRelative="0.31" duration="2"/>
    <step time="38400.00" loaded="22437" inserted="22408" running="54" waiting="29" ended="22354" arrived="22354" collisions="0" teleports="0" halting="21" stopped="0" meanWaitingTime="38.89" meanTravelTime="117.74" meanSpeed="5.04" meanSpeedRelative="0.36" duration="3"/>
    <step time="38700.00" loaded="22537" inserted="22528" running="49" waiting="9" ended="22479" arrived="22479" collisions="0" teleports="0" halting="13" stopped="0" meanWaitingTime="39.06" meanTravelTime="117.71" meanSpeed="4.51" meanSpeedRelative="0.32" duration="2"/>
    <step time="39000.00" loaded="22642" inserted="22605" running="49" waiting="37" ended="22556" arrived="22556" collisions="0" teleports="0" halting="8" stopped="0" meanWaitingTime="39.18" meanTravelTime="117.76" meanSpeed="5.57" meanSpeedRelative="0.40" duration="1"/>
    <step time="39300.00" loaded="22768" inserted="22722" running="31" waiting="46" ended="22691" arrived="22691" collisions="0" teleports="0" halting="10" stopped="0" meanWaitingTime="39.48" meanTravelTime="117.86" meanSpeed="6.02" meanSpeedRelative="0.43" duration="0"/>
    <step time="39600.00" loaded="22879" inserted="22820" running="35" waiting="59" ended="22785" arrived="22785" collisions="0" teleports="0" halting="15" stopped="0" meanWaitingTime="39.74" meanTravelTime="117.79" meanSpeed="4.68" meanSpeedRelative="0.34" duration="2"/>
    <step time="39900.00" loaded="23002" inserted="22929" running="49" waiting="73" ended="22880" arrived="22880" collisions="0" teleports="0" halting="31" stopped="0" meanWaitingTime="40.23" meanTravelTime="117.74" meanSpeed="3.18" meanSpeedRelative="0.23" duration="1"/>
    <step time="40200.00" loaded="23091" inserted="23036" running="39" waiting="55" ended="22997" arrived="22997" collisions="0" teleports="0" halting="20" stopped="0" meanWaitingTime="41.13" meanTravelTime="117.76" meanSpeed="2.77" meanSpeedRelative="0.20" duration="2"/>
    <step time="40500.00" loaded="23189" inserted="23152" running="33" waiting="37" ended="23119" arrived="23119" collisions="0" teleports="0" halting="11" stopped="0" meanWaitingTime="41.72" meanTravelTime="117.71" meanSpeed="5.11" meanSpeedRelative="0.37" duration="1"/>
    <step time="40800.00" loaded="23297" inserted="23247" running="39" waiting="50" ended="23208" arrived="23208" collisions="0" teleports="0" halting="17" stopped="0" meanWaitingTime="42.19" meanTravelTime="117.64" meanSpeed="4.62" meanSpeedRelative="0.33" duration="1"/>
    <step time="41100.00" loaded="23380" inserted="23355" running="61" waiting="25" ended="23294" arrived="23294" collisions="0" teleports="0" halting="25" stopped="0" meanWaitingTime="42.64" meanTravelTime="117.69" meanSpeed="3.85" meanSpeedRelative="0.28" duration="2"/>
    <step time="41400.00" loaded="23443" inserted="23433" running="42" waiting="10" ended="23391" arrived="23391" collisions="0" teleports="0" halting="37" stopped="0" meanWaitingTime="42.74" meanTravelTime="117.93" meanSpeed="1.15" meanSpeedRelative="0.08" duration="1"/>
    <step time="41700.00" loaded="23541" inserted="23516" running="67" waiting="25" ended="23449" arrived="23449" collisions="0" teleports="0" halting="50" stopped="0" meanWaitingTime="42.86" meanTravelTime="118.07" meanSpeed="1.96" meanSpeedRelative="0.14" duration="2"/>
    <step time="42000.00" loaded="23621" inserted="23592" running="44" waiting="29" ended="23548" arrived="23548" collisions="0" teleports="0" halting="11" stopped="0" meanWaitingTime="43.04" meanTravelTime="118.66" meanSpeed="3.94" meanSpeedRelative="0.28" duration="1"/>
    <step time="42300.00" loaded="23725" inserted="23700" running="40" waiting="25" ended="23660" arrived="23660" collisions="0" teleports="0" halting="13" stopped="0" meanWaitingTime="43.27" meanTravelTime="118.73" meanSpeed="4.85" meanSpeedRelative="0.35" duration="1"/>
    <step time="42600.00" loaded="23836" inserted="23799" running="47" waiting="37" ended="23752" arrived="23752" collisions="0" teleports="0" halting="9" stopped="0" meanWaitingTime="43.47" meanTravelTime="118.69" meanSpeed="6.46" meanSpeedRelative="0.47" duration="3"/>
    <step time="42900.00" loaded="23936" inserted="23912" running="49" waiting="24" ended="23863" arrived="23863" collisions="0" teleports="0" halting="16" stopped="0" meanWaitingTime="43.74" meanTravelTime="118.78" meanSpeed="5.64" meanSpeedRelative="0.41" duration="2"/>
    <step time="43200.00" loaded="24036" inserted="24001" running="25" waiting="35" ended="23976" arrived="23976" collisions="0" teleports="0" halting="7" stopped="0" meanWaitingTime="43.85" meanTravelTime="118.83" meanSpeed="7.01" meanSpeedRelative="0.50" duration="0"/>
    <step time="43500.00" loaded="24113" inserted="24103" running="51" waiting="10" ended="24052" arrived="24052" collisions="0" teleports="0" halting="8" stopped="0" meanWaitingTime="43.98" meanTravelTime="118.75" meanSpeed="6.14" meanSpeedRelative="0.44" duration="2"/>
    <step time="43800.00" loaded="24217" inserted="24200" running="46" waiting="17" ended="24154" arrived="24154" collisions="0" teleports="0" halting="23" stopped="0" meanWaitingTime="44.01" meanTravelTime="118.81" meanSpeed="4.10" meanSpeedRelative="0.30" duration="1"/>
    <step time="44100.00" loaded="24321" inserted="24308" running="53" waiting="13" ended="24255" arrived="24255" collisions="0" teleports="0" halting="23" stopped="0" meanWaitingTime="44.06" meanTravelTime="118.83" meanSpeed="4.13" meanSpeedRelative="0.30" duration="2"/>
    <step time="44400.00" loaded="24430" inserted="24407" running="68" waiting="23" ended="24339" arrived="24339" collisions="0" teleports="0" halting="55" stopped="0" meanWaitingTime="44.09" meanTravelTime="118.79" meanSpeed="0.76" meanSpeedRelative="0.06" duration="1"/>
    <step time="44700.00" loaded="24536" inserted="24492" running="44" waiting="44" ended="24448" arrived="24448" collisions="0" teleports="0" halting="18" stopped="0" meanWaitingTime="44.26" meanTravelTime="119.30" meanSpeed="3.78" meanSpeedRelative="0.27" duration="1"/>
    <step time="45000.00" loaded="24641" inserted="24588" running="39" waiting="53" ended="24549" arrived="24549" collisions="0" teleports="0" halting="7" stopped="0" meanWaitingTime="44.61" meanTravelTime="119.41" meanSpeed="6.14" meanSpeedRelative="0.44" duration="1"/>
    <step time="45300.00" loaded="24730" inserted="24686" running="49" waiting="44" ended="24637" arrived="24637" collisions="0" teleports="0" halting="4" stopped="0" meanWaitingTime="44.92" meanTravelTime="119.47" meanSpeed="5.53" meanSpeedRelative="0.40" duration="1"/>
    <step time="45600.00" loaded="24812" inserted="24751" running="23" waiting="61" ended="24728" arrived="24728" collisions="0" teleports="0" halting="8" stopped="0" meanWaitingTime="45.13" meanTravelTime="119.58" meanSpeed="6.22" meanSpeedRelative="0.45" duration="1"/>
    <step time="45900.00" loaded="24900" inserted="24832" running="39" waiting="68" ended="24793" arrived="24793" collisions="0" teleports="0" halting="32" stopped="0" meanWaitingTime="45.81" meanTravelTime="119.49" meanSpeed="1.93" meanSpeedRelative="0.14" duration="1"/>
    <step time="46200.00" loaded="24980" inserted="24916" running="66" waiting="64" ended="24850" arrived="24850" collisions="0" teleports="0" halting="57" stopped="0" meanWaitingTime="46.42" meanTravelTime="119.36" meanSpeed="0.94" meanSpeedRelative="0.07" duration="2"/>
    <step time="46500.00" loaded="25028" inserted="25006" running="85" waiting="22" ended="24921" arrived="24921" collisions="0" teleports="0" halting="62" stopped="0" meanWaitingTime="47.05" meanTravelTime="119.17" meanSpeed="1.74" meanSpeedRelative="0.13" duration="2"/>
    <step time="46800.00" loaded="25048" inserted="25048" running="76" waiting="0" ended="24972" arrived="24972" collisions="0" teleports="0" halting="75" stopped="0" meanWaitingTime="47.27" meanTravelTime="119.07" meanSpeed="0.18" meanSpeedRelative="0.01" duration="1"/>
    <step time="47100.00" loaded="25066" inserted="25066" running="73" waiting="0" ended="24993" arrived="24993" collisions="0" teleports="0" halting="70" stopped="0" meanWaitingTime="47.23" meanTravelTime="119.00" meanSpeed="0.22" meanSpeedRelative="0.02" duration="3"/>
    <step time="47400.00" loaded="25082" inserted="25082" running="72" waiting="0" ended="25010" arrived="25010" collisions="0" teleports="0" halting="72" stopped="0" meanWaitingTime="47.20" meanTravelTime="118.95" meanSpeed="0.00" meanSpeedRelative="0.00" duration="1"/>
    <step time="47700.00" loaded="25096" inserted="25096" running="73" waiting="0" ended="25023" arrived="25023" collisions="0" teleports="0" halting="73" stopped="0" meanWaitingTime="47.18" meanTravelTime="118.91" meanSpeed="0.00" meanSpeedRelative="0.00" duration="1"/>
    <step time="48000.00" loaded="25109" inserted="25109" running="73" waiting="0" ended="25036" arrived="25036" collisions="0" teleports="0" halting="72" stopped="0" meanWaitingTime="47.15" meanTravelTime="118.87" meanSpeed="0.08" meanSpeedRelative="0.01" duration="1"/>
    <step time="48300.00" loaded="25123" inserted="25123" running="73" waiting="0" ended="25050" arrived="25050" collisions="0" teleports="0" halting="72" stopped="0" meanWaitingTime="47.13" meanTravelTime="118.82" meanSpeed="0.04" meanSpeedRelative="0.00" duration="2"/>
    <step time="48600.00" loaded="25139" inserted="25139" running="74" waiting="0" ended="25065" arrived="25065" collisions="0" teleports="0" halting="72" stopped="0" meanWaitingTime="47.10" meanTravelTime="118.77" meanSpeed="0.20" meanSpeedRelative="0.01" duration="1"/>
    <step time="48900.00" loaded="25154" inserted="25154" running="78" waiting="0" ended="25076" arrived="25076" collisions="0" teleports="0" halting="77" stopped="0" meanWaitingTime="47.07" meanTravelTime="118.73" meanSpeed="0.04" meanSpeedRelative="0.00" duration="1"/>
    <step time="49200.00" loaded="25163" inserted="25163" running="72" waiting="0" ended="25091" arrived="25091" collisions="0" teleports="0" halting="72" stopped="0" meanWaitingTime="47.05" meanTravelTime="118.70" meanSpeed="0.00" meanSpeedRelative="0.00" duration="2"/>
</summary>
