<?xml version="1.0" encoding="UTF-8"?>

<!-- generated on 2025-02-28 19:40:22 by Eclipse SUMO GUI Version 1.19.0
<configuration xmlns:xsi="http://www.w3.org/2001/XMLSchema-instance" xsi:noNamespaceSchemaLocation="http://sumo.dlr.de/xsd/sumoConfiguration.xsd">

    <input>
        <net-file value="Network.net.xml"/>
        <route-files value="CarRoutes.rou.xml"/>
        <additional-files value="Sensors.add.xml"/>
    </input>

    <output>
        <emission-output value="logs/Emissions.xml"/>
        <summary-output value="logs/Log_summary.xml"/>
        <summary-output.period value="300"/>
        <tripinfo-output value="logs/TripInfos.xml"/>
    </output>

    <time>
        <begin value="0"/>
        <end value="86400"/>
        <step-length value="0.25"/>
    </time>

    <processing>
        <ignore-junction-blocker value="0.1"/>
        <time-to-teleport value="-1"/>
    </processing>

    <report>
        <verbose value="true"/>
        <no-step-log value="true"/>
    </report>

    <emissions>
        <device.emissions.period value="10"/>
    </emissions>

    <traci_server>
        <remote-port value="59540"/>
    </traci_server>

    <gui_only>
        <quit-on-end value="true"/>
        <start value="true"/>
    </gui_only>

</configuration>
-->

<instantE1 xmlns:xsi="http://www.w3.org/2001/XMLSchema-instance" xsi:noNamespaceSchemaLocation="http://sumo.dlr.de/xsd/instant_e1_file.xsd">
    <instantOut id="235_D025" time="1758.69" state="enter" vehID="Car_690" speed="10.07" length="5.00" type="DEFAULT_CAR"/>
    <instantOut id="235_D025" time="1758.75" state="stay" vehID="Car_690" speed="10.07" length="5.00" type="DEFAULT_CAR"/>
    <instantOut id="235_D025" time="1759.00" state="stay" vehID="Car_690" speed="9.79" length="5.00" type="DEFAULT_CAR"/>
    <instantOut id="235_D025" time="1759.20" state="leave" vehID="Car_690" speed="9.51" length="5.00" type="DEFAULT_CAR" occupancy="0.51"/>
    <instantOut id="235_D025" time="2505.78" state="enter" vehID="Car_500" speed="8.38" length="5.00" type="DEFAULT_CAR" gap="746.58"/>
    <instantOut id="235_D025" time="2506.00" state="stay" vehID="Car_500" speed="8.38" length="5.00" type="DEFAULT_CAR"/>
    <instantOut id="235_D025" time="2506.25" state="stay" vehID="Car_500" speed="7.63" length="5.00" type="DEFAULT_CAR"/>
    <instantOut id="235_D025" time="2506.43" state="leave" vehID="Car_500" speed="7.05" length="5.00" type="DEFAULT_CAR" occupancy="0.65"/>
    <instantOut id="235_D025" time="7206.24" state="enter" vehID="Car_4258" speed="9.38" length="5.00" type="DEFAULT_CAR" gap="4699.80"/>
    <instantOut id="235_D025" time="7206.25" state="stay" vehID="Car_4258" speed="9.38" length="5.00" type="DEFAULT_CAR"/>
    <instantOut id="235_D025" time="7206.50" state="stay" vehID="Car_4258" speed="8.82" length="5.00" type="DEFAULT_CAR"/>
    <instantOut id="235_D025" time="7206.75" state="stay" vehID="Car_4258" speed="8.07" length="5.00" type="DEFAULT_CAR"/>
    <instantOut id="235_D025" time="7206.84" state="leave" vehID="Car_4258" speed="7.36" length="5.00" type="DEFAULT_CAR" occupancy="0.60"/>
    <instantOut id="235_D025" time="7266.46" state="enter" vehID="Car_3359" speed="9.54" length="5.00" type="DEFAULT_CAR" gap="59.62"/>
    <instantOut id="235_D025" time="7266.50" state="stay" vehID="Car_3359" speed="9.54" length="5.00" type="DEFAULT_CAR"/>
    <instantOut id="235_D025" time="7266.75" state="stay" vehID="Car_3359" speed="8.79" length="5.00" type="DEFAULT_CAR"/>
    <instantOut id="235_D025" time="7267.00" state="stay" vehID="Car_3359" speed="8.04" length="5.00" type="DEFAULT_CAR"/>
    <instantOut id="235_D025" time="7267.06" state="leave" vehID="Car_3359" speed="7.29" length="5.00" type="DEFAULT_CAR" occupancy="0.60"/>
    <instantOut id="235_D025" time="7531.71" state="enter" vehID="Car_5338" speed="9.26" length="5.00" type="DEFAULT_CAR" gap="264.65"/>
    <instantOut id="235_D025" time="7531.75" state="stay" vehID="Car_5338" speed="9.26" length="5.00" type="DEFAULT_CAR"/>
    <instantOut id="235_D025" time="7532.00" state="stay" vehID="Car_5338" speed="8.51" length="5.00" type="DEFAULT_CAR"/>
    <instantOut id="235_D025" time="7532.25" state="stay" vehID="Car_5338" speed="7.76" length="5.00" type="DEFAULT_CAR"/>
    <instantOut id="235_D025" time="7532.33" state="leave" vehID="Car_5338" speed="7.01" length="5.00" type="DEFAULT_CAR" occupancy="0.62"/>
    <instantOut id="235_D025" time="11079.75" state="enter" vehID="Car_5386" speed="9.00" length="5.00" type="DEFAULT_CAR" gap="3547.42"/>
    <instantOut id="235_D025" time="11079.75" state="stay" vehID="Car_5386" speed="9.00" length="5.00" type="DEFAULT_CAR"/>
    <instantOut id="235_D025" time="11080.00" state="stay" vehID="Car_5386" speed="8.44" length="5.00" type="DEFAULT_CAR"/>
    <instantOut id="235_D025" time="11080.25" state="stay" vehID="Car_5386" speed="7.69" length="5.00" type="DEFAULT_CAR"/>
    <instantOut id="235_D025" time="11080.39" state="leave" vehID="Car_5386" speed="6.94" length="5.00" type="DEFAULT_CAR" occupancy="0.64"/>
    <instantOut id="235_D025" time="17368.73" state="enter" vehID="Car_9780" speed="10.09" length="5.00" type="DEFAULT_CAR" gap="6288.34"/>
    <instantOut id="235_D025" time="17368.75" state="stay" vehID="Car_9780" speed="10.09" length="5.00" type="DEFAULT_CAR"/>
    <instantOut id="235_D025" time="17369.00" state="stay" vehID="Car_9780" speed="10.19" length="5.00" type="DEFAULT_CAR"/>
    <instantOut id="235_D025" time="17369.24" state="leave" vehID="Car_9780" speed="9.47" length="5.00" type="DEFAULT_CAR" occupancy="0.51"/>
    <instantOut id="235_D025" time="17668.04" state="enter" vehID="Car_9778" speed="4.87" length="5.00" type="DEFAULT_CAR" gap="298.81"/>
    <instantOut id="235_D025" time="17668.25" state="stay" vehID="Car_9778" speed="4.87" length="5.00" type="DEFAULT_CAR"/>
    <instantOut id="235_D025" time="17668.50" state="stay" vehID="Car_9778" speed="5.13" length="5.00" type="DEFAULT_CAR"/>
    <instantOut id="235_D025" time="17668.75" state="stay" vehID="Car_9778" speed="4.97" length="5.00" type="DEFAULT_CAR"/>
    <instantOut id="235_D025" time="17669.00" state="stay" vehID="Car_9778" speed="4.22" length="5.00" type="DEFAULT_CAR"/>
    <instantOut id="235_D025" time="17669.12" state="leave" vehID="Car_9778" speed="3.47" length="5.00" type="DEFAULT_CAR" occupancy="1.08"/>
    <instantOut id="235_D025" time="17856.06" state="enter" vehID="Car_9598" speed="7.33" length="5.00" type="DEFAULT_CAR" gap="186.93"/>
    <instantOut id="235_D025" time="17856.25" state="stay" vehID="Car_9598" speed="7.33" length="5.00" type="DEFAULT_CAR"/>
    <instantOut id="235_D025" time="17856.50" state="stay" vehID="Car_9598" speed="6.58" length="5.00" type="DEFAULT_CAR"/>
    <instantOut id="235_D025" time="17856.75" state="stay" vehID="Car_9598" speed="5.83" length="5.00" type="DEFAULT_CAR"/>
    <instantOut id="235_D025" time="17856.84" state="leave" vehID="Car_9598" speed="5.08" length="5.00" type="DEFAULT_CAR" occupancy="0.79"/>
    <instantOut id="235_D025" time="20566.98" state="enter" vehID="Car_9822" speed="8.50" length="5.00" type="DEFAULT_CAR" gap="2710.13"/>
    <instantOut id="235_D025" time="20567.00" state="stay" vehID="Car_9822" speed="8.50" length="5.00" type="DEFAULT_CAR"/>
    <instantOut id="235_D025" time="20567.25" state="stay" vehID="Car_9822" speed="7.75" length="5.00" type="DEFAULT_CAR"/>
    <instantOut id="235_D025" time="20567.50" state="stay" vehID="Car_9822" speed="7.01" length="5.00" type="DEFAULT_CAR"/>
    <instantOut id="235_D025" time="20567.68" state="leave" vehID="Car_9822" speed="6.26" length="5.00" type="DEFAULT_CAR" occupancy="0.70"/>
    <instantOut id="235_D025" time="21134.74" state="enter" vehID="Car_12579" speed="8.67" length="5.00" type="DEFAULT_CAR" gap="567.06"/>
    <instantOut id="235_D025" time="21134.75" state="stay" vehID="Car_12579" speed="8.67" length="5.00" type="DEFAULT_CAR"/>
    <instantOut id="235_D025" time="21135.00" state="stay" vehID="Car_12579" speed="7.96" length="5.00" type="DEFAULT_CAR"/>
    <instantOut id="235_D025" time="21135.25" state="stay" vehID="Car_12579" speed="7.29" length="5.00" type="DEFAULT_CAR"/>
    <instantOut id="235_D025" time="21135.41" state="leave" vehID="Car_12579" speed="6.63" length="5.00" type="DEFAULT_CAR" occupancy="0.68"/>
    <instantOut id="235_D025" time="26029.49" state="enter" vehID="Car_16125" speed="8.87" length="5.00" type="DEFAULT_CAR" gap="4894.07"/>
    <instantOut id="235_D025" time="26029.50" state="stay" vehID="Car_16125" speed="8.87" length="5.00" type="DEFAULT_CAR"/>
    <instantOut id="235_D025" time="26029.75" state="stay" vehID="Car_16125" speed="8.16" length="5.00" type="DEFAULT_CAR"/>
    <instantOut id="235_D025" time="26030.00" state="stay" vehID="Car_16125" speed="7.51" length="5.00" type="DEFAULT_CAR"/>
    <instantOut id="235_D025" time="26030.14" state="leave" vehID="Car_16125" speed="6.92" length="5.00" type="DEFAULT_CAR" occupancy="0.65"/>
    <instantOut id="235_D025" time="26454.95" state="enter" vehID="Car_14668" speed="6.94" length="5.00" type="DEFAULT_CAR" gap="424.81"/>
    <instantOut id="235_D025" time="26455.00" state="stay" vehID="Car_14668" speed="6.94" length="5.00" type="DEFAULT_CAR"/>
    <instantOut id="235_D025" time="26455.25" state="stay" vehID="Car_14668" speed="7.76" length="5.00" type="DEFAULT_CAR"/>
    <instantOut id="235_D025" time="26455.50" state="stay" vehID="Car_14668" speed="7.32" length="5.00" type="DEFAULT_CAR"/>
    <instantOut id="235_D025" time="26455.63" state="leave" vehID="Car_14668" speed="6.57" length="5.00" type="DEFAULT_CAR" occupancy="0.68"/>
    <instantOut id="235_D025" time="28379.00" state="enter" vehID="Car_17914" speed="8.25" length="5.00" type="DEFAULT_CAR" gap="1923.36"/>
    <instantOut id="235_D025" time="28379.00" state="stay" vehID="Car_17914" speed="8.25" length="5.00" type="DEFAULT_CAR"/>
    <instantOut id="235_D025" time="28379.25" state="stay" vehID="Car_17914" speed="7.50" length="5.00" type="DEFAULT_CAR"/>
    <instantOut id="235_D025" time="28379.50" state="stay" vehID="Car_17914" speed="6.75" length="5.00" type="DEFAULT_CAR"/>
    <instantOut id="235_D025" time="28379.74" state="leave" vehID="Car_17914" speed="6.00" length="5.00" type="DEFAULT_CAR" occupancy="0.74"/>
    <instantOut id="235_D025" time="30127.47" state="enter" vehID="Car_18321" speed="9.86" length="5.00" type="DEFAULT_CAR" gap="1747.73"/>
    <instantOut id="235_D025" time="30127.50" state="stay" vehID="Car_18321" speed="9.86" length="5.00" type="DEFAULT_CAR"/>
    <instantOut id="235_D025" time="30127.75" state="stay" vehID="Car_18321" speed="9.22" length="5.00" type="DEFAULT_CAR"/>
    <instantOut id="235_D025" time="30128.00" state="stay" vehID="Car_18321" speed="8.50" length="5.00" type="DEFAULT_CAR"/>
    <instantOut id="235_D025" time="30128.03" state="leave" vehID="Car_18321" speed="7.75" length="5.00" type="DEFAULT_CAR" occupancy="0.56"/>
    <instantOut id="235_D025" time="31303.98" state="enter" vehID="Car_17279" speed="8.58" length="5.00" type="DEFAULT_CAR" gap="1175.94"/>
    <instantOut id="235_D025" time="31304.00" state="stay" vehID="Car_17279" speed="8.58" length="5.00" type="DEFAULT_CAR"/>
    <instantOut id="235_D025" time="31304.25" state="stay" vehID="Car_17279" speed="8.23" length="5.00" type="DEFAULT_CAR"/>
    <instantOut id="235_D025" time="31304.50" state="stay" vehID="Car_17279" speed="7.48" length="5.00" type="DEFAULT_CAR"/>
    <instantOut id="235_D025" time="31304.63" state="leave" vehID="Car_17279" speed="6.73" length="5.00" type="DEFAULT_CAR" occupancy="0.65"/>
    <instantOut id="235_D025" time="31313.22" state="enter" vehID="Car_18340" speed="9.30" length="5.00" type="DEFAULT_CAR" gap="8.58"/>
    <instantOut id="235_D025" time="31313.25" state="stay" vehID="Car_18340" speed="9.30" length="5.00" type="DEFAULT_CAR"/>
    <instantOut id="235_D025" time="31313.50" state="stay" vehID="Car_18340" speed="8.85" length="5.00" type="DEFAULT_CAR"/>
    <instantOut id="235_D025" time="31313.75" state="stay" vehID="Car_18340" speed="8.10" length="5.00" type="DEFAULT_CAR"/>
    <instantOut id="235_D025" time="31313.81" state="leave" vehID="Car_18340" speed="7.35" length="5.00" type="DEFAULT_CAR" occupancy="0.59"/>
    <instantOut id="235_D025" time="32917.00" state="enter" vehID="Car_18814" speed="10.60" length="5.00" type="DEFAULT_CAR" gap="1603.19"/>
    <instantOut id="235_D025" time="32917.25" state="stay" vehID="Car_18814" speed="10.60" length="5.00" type="DEFAULT_CAR"/>
    <instantOut id="235_D025" time="32917.47" state="leave" vehID="Car_18814" speed="10.73" length="5.00" type="DEFAULT_CAR" occupancy="0.47"/>
    <instantOut id="235_D025" time="36332.71" state="enter" vehID="Car_21550" speed="10.03" length="5.00" type="DEFAULT_CAR" gap="3415.24"/>
    <instantOut id="235_D025" time="36332.75" state="stay" vehID="Car_21550" speed="10.03" length="5.00" type="DEFAULT_CAR"/>
    <instantOut id="235_D025" time="36333.00" state="stay" vehID="Car_21550" speed="9.28" length="5.00" type="DEFAULT_CAR"/>
    <instantOut id="235_D025" time="36333.25" state="stay" vehID="Car_21550" speed="8.53" length="5.00" type="DEFAULT_CAR"/>
    <instantOut id="235_D025" time="36333.27" state="leave" vehID="Car_21550" speed="7.78" length="5.00" type="DEFAULT_CAR" occupancy="0.56"/>
    <instantOut id="235_D025" time="38054.58" state="enter" vehID="Car_21976" speed="7.38" length="5.00" type="DEFAULT_CAR" gap="1721.31"/>
    <instantOut id="235_D025" time="38054.75" state="stay" vehID="Car_21976" speed="7.38" length="5.00" type="DEFAULT_CAR"/>
    <instantOut id="235_D025" time="38055.00" state="stay" vehID="Car_21976" speed="6.68" length="5.00" type="DEFAULT_CAR"/>
    <instantOut id="235_D025" time="38055.25" state="stay" vehID="Car_21976" speed="5.93" length="5.00" type="DEFAULT_CAR"/>
    <instantOut id="235_D025" time="38055.36" state="leave" vehID="Car_21976" speed="5.27" length="5.00" type="DEFAULT_CAR" occupancy="0.78"/>
    <instantOut id="235_D025" time="39751.46" state="enter" vehID="Car_23361" speed="9.38" length="5.00" type="DEFAULT_CAR" gap="1696.10"/>
    <instantOut id="235_D025" time="39751.50" state="stay" vehID="Car_23361" speed="9.38" length="5.00" type="DEFAULT_CAR"/>
    <instantOut id="235_D025" time="39751.75" state="stay" vehID="Car_23361" speed="8.77" length="5.00" type="DEFAULT_CAR"/>
    <instantOut id="235_D025" time="39752.00" state="stay" vehID="Car_23361" speed="8.03" length="5.00" type="DEFAULT_CAR"/>
    <instantOut id="235_D025" time="39752.06" state="leave" vehID="Car_23361" speed="7.28" length="5.00" type="DEFAULT_CAR" occupancy="0.60"/>
    <instantOut id="235_D025" time="41274.08" state="enter" vehID="Car_23359" speed="6.94" length="5.00" type="DEFAULT_CAR" gap="1522.02"/>
    <instantOut id="235_D025" time="41274.25" state="stay" vehID="Car_23359" speed="6.94" length="5.00" type="DEFAULT_CAR"/>
    <instantOut id="235_D025" time="41274.50" state="stay" vehID="Car_23359" speed="6.90" length="5.00" type="DEFAULT_CAR"/>
    <instantOut id="235_D025" time="41274.75" state="stay" vehID="Car_23359" speed="6.15" length="5.00" type="DEFAULT_CAR"/>
    <instantOut id="235_D025" time="41274.86" state="leave" vehID="Car_23359" speed="5.43" length="5.00" type="DEFAULT_CAR" occupancy="0.77"/>
    <instantOut id="235_D025" time="43591.24" state="enter" vehID="Car_24336" speed="8.55" length="5.00" type="DEFAULT_CAR" gap="2316.38"/>
    <instantOut id="235_D025" time="43591.25" state="stay" vehID="Car_24336" speed="8.55" length="5.00" type="DEFAULT_CAR"/>
    <instantOut id="235_D025" time="43591.50" state="stay" vehID="Car_24336" speed="7.88" length="5.00" type="DEFAULT_CAR"/>
    <instantOut id="235_D025" time="43591.75" state="stay" vehID="Car_24336" speed="7.13" length="5.00" type="DEFAULT_CAR"/>
    <instantOut id="235_D025" time="43591.93" state="leave" vehID="Car_24336" speed="6.38" length="5.00" type="DEFAULT_CAR" occupancy="0.69"/>
    <instantOut id="235_D025" time="44584.59" state="enter" vehID="Car_24754" speed="7.42" length="5.00" type="DEFAULT_CAR" gap="992.66"/>
    <instantOut id="235_D025" time="44584.75" state="stay" vehID="Car_24754" speed="7.42" length="5.00" type="DEFAULT_CAR"/>
    <instantOut id="235_D025" time="44585.00" state="stay" vehID="Car_24754" speed="6.75" length="5.00" type="DEFAULT_CAR"/>
    <instantOut id="235_D025" time="44585.25" state="stay" vehID="Car_24754" speed="6.01" length="5.00" type="DEFAULT_CAR"/>
    <instantOut id="235_D025" time="44585.36" state="leave" vehID="Car_24754" speed="5.40" length="5.00" type="DEFAULT_CAR" occupancy="0.77"/>
    <instantOut id="235_D025" time="44679.23" state="enter" vehID="Car_24865" speed="8.78" length="5.00" type="DEFAULT_CAR" gap="93.87"/>
    <instantOut id="235_D025" time="44679.25" state="stay" vehID="Car_24865" speed="8.78" length="5.00" type="DEFAULT_CAR"/>
    <instantOut id="235_D025" time="44679.50" state="stay" vehID="Car_24865" speed="8.03" length="5.00" type="DEFAULT_CAR"/>
    <instantOut id="235_D025" time="44679.75" state="stay" vehID="Car_24865" speed="7.28" length="5.00" type="DEFAULT_CAR"/>
    <instantOut id="235_D025" time="44679.90" state="leave" vehID="Car_24865" speed="6.53" length="5.00" type="DEFAULT_CAR" occupancy="0.67"/>
</instantE1>
