<?xml version="1.0" encoding="UTF-8"?>

<!-- generated on 2025-02-28 19:40:22 by Eclipse SUMO GUI Version 1.19.0
<configuration xmlns:xsi="http://www.w3.org/2001/XMLSchema-instance" xsi:noNamespaceSchemaLocation="http://sumo.dlr.de/xsd/sumoConfiguration.xsd">

    <input>
        <net-file value="Network.net.xml"/>
        <route-files value="CarRoutes.rou.xml"/>
        <additional-files value="Sensors.add.xml"/>
    </input>

    <output>
        <emission-output value="logs/Emissions.xml"/>
        <summary-output value="logs/Log_summary.xml"/>
        <summary-output.period value="300"/>
        <tripinfo-output value="logs/TripInfos.xml"/>
    </output>

    <time>
        <begin value="0"/>
        <end value="86400"/>
        <step-length value="0.25"/>
    </time>

    <processing>
        <ignore-junction-blocker value="0.1"/>
        <time-to-teleport value="-1"/>
    </processing>

    <report>
        <verbose value="true"/>
        <no-step-log value="true"/>
    </report>

    <emissions>
        <device.emissions.period value="10"/>
    </emissions>

    <traci_server>
        <remote-port value="59540"/>
    </traci_server>

    <gui_only>
        <quit-on-end value="true"/>
        <start value="true"/>
    </gui_only>

</configuration>
-->

<instantE1 xmlns:xsi="http://www.w3.org/2001/XMLSchema-instance" xsi:noNamespaceSchemaLocation="http://sumo.dlr.de/xsd/instant_e1_file.xsd">
    <instantOut id="235_D11" time="524.95" state="enter" vehID="Car_1334" speed="4.05" length="5.00" type="DEFAULT_CAR"/>
    <instantOut id="235_D11" time="525.00" state="stay" vehID="Car_1334" speed="4.05" length="5.00" type="DEFAULT_CAR"/>
    <instantOut id="235_D11" time="525.25" state="stay" vehID="Car_1334" speed="3.30" length="5.00" type="DEFAULT_CAR"/>
    <instantOut id="235_D11" time="525.50" state="stay" vehID="Car_1334" speed="2.93" length="5.00" type="DEFAULT_CAR"/>
    <instantOut id="235_D11" time="525.75" state="stay" vehID="Car_1334" speed="2.18" length="5.00" type="DEFAULT_CAR"/>
    <instantOut id="235_D11" time="526.00" state="stay" vehID="Car_1334" speed="1.63" length="5.00" type="DEFAULT_CAR"/>
    <instantOut id="235_D11" time="526.25" state="stay" vehID="Car_1334" speed="0.88" length="5.00" type="DEFAULT_CAR"/>
    <instantOut id="235_D11" time="526.50" state="stay" vehID="Car_1334" speed="0.14" length="5.00" type="DEFAULT_CAR"/>
    <instantOut id="235_D11" time="526.75" state="stay" vehID="Car_1334" speed="0.01" length="5.00" type="DEFAULT_CAR"/>
    <instantOut id="235_D11" time="527.00" state="stay" vehID="Car_1334" speed="0.00" length="5.00" type="DEFAULT_CAR"/>
    <instantOut id="235_D11" time="527.25" state="stay" vehID="Car_1334" speed="0.00" length="5.00" type="DEFAULT_CAR"/>
    <instantOut id="235_D11" time="527.50" state="stay" vehID="Car_1334" speed="0.00" length="5.00" type="DEFAULT_CAR"/>
    <instantOut id="235_D11" time="527.75" state="stay" vehID="Car_1334" speed="0.00" length="5.00" type="DEFAULT_CAR"/>
    <instantOut id="235_D11" time="528.00" state="stay" vehID="Car_1334" speed="0.00" length="5.00" type="DEFAULT_CAR"/>
    <instantOut id="235_D11" time="528.25" state="stay" vehID="Car_1334" speed="0.89" length="5.00" type="DEFAULT_CAR"/>
    <instantOut id="235_D11" time="528.50" state="stay" vehID="Car_1334" speed="1.61" length="5.00" type="DEFAULT_CAR"/>
    <instantOut id="235_D11" time="528.75" state="stay" vehID="Car_1334" speed="2.54" length="5.00" type="DEFAULT_CAR"/>
    <instantOut id="235_D11" time="529.00" state="leave" vehID="Car_1334" speed="3.08" length="5.00" type="DEFAULT_CAR" occupancy="4.05"/>
    <instantOut id="235_D11" time="824.06" state="enter" vehID="Car_1341" speed="3.61" length="5.00" type="DEFAULT_CAR" gap="295.06"/>
    <instantOut id="235_D11" time="824.25" state="stay" vehID="Car_1341" speed="3.61" length="5.00" type="DEFAULT_CAR"/>
    <instantOut id="235_D11" time="824.50" state="stay" vehID="Car_1341" speed="3.19" length="5.00" type="DEFAULT_CAR"/>
    <instantOut id="235_D11" time="824.75" state="stay" vehID="Car_1341" speed="2.44" length="5.00" type="DEFAULT_CAR"/>
    <instantOut id="235_D11" time="825.00" state="stay" vehID="Car_1341" speed="1.71" length="5.00" type="DEFAULT_CAR"/>
    <instantOut id="235_D11" time="825.25" state="stay" vehID="Car_1341" speed="1.14" length="5.00" type="DEFAULT_CAR"/>
    <instantOut id="235_D11" time="825.50" state="stay" vehID="Car_1341" speed="0.59" length="5.00" type="DEFAULT_CAR"/>
    <instantOut id="235_D11" time="825.75" state="stay" vehID="Car_1341" speed="0.08" length="5.00" type="DEFAULT_CAR"/>
    <instantOut id="235_D11" time="826.00" state="stay" vehID="Car_1341" speed="0.00" length="5.00" type="DEFAULT_CAR"/>
    <instantOut id="235_D11" time="826.25" state="stay" vehID="Car_1341" speed="0.00" length="5.00" type="DEFAULT_CAR"/>
    <instantOut id="235_D11" time="826.50" state="stay" vehID="Car_1341" speed="0.00" length="5.00" type="DEFAULT_CAR"/>
    <instantOut id="235_D11" time="826.75" state="stay" vehID="Car_1341" speed="0.00" length="5.00" type="DEFAULT_CAR"/>
    <instantOut id="235_D11" time="827.00" state="stay" vehID="Car_1341" speed="0.92" length="5.00" type="DEFAULT_CAR"/>
    <instantOut id="235_D11" time="827.25" state="stay" vehID="Car_1341" speed="1.64" length="5.00" type="DEFAULT_CAR"/>
    <instantOut id="235_D11" time="827.50" state="stay" vehID="Car_1341" speed="2.47" length="5.00" type="DEFAULT_CAR"/>
    <instantOut id="235_D11" time="827.73" state="leave" vehID="Car_1341" speed="3.32" length="5.00" type="DEFAULT_CAR" occupancy="3.67"/>
    <instantOut id="235_D11" time="957.98" state="enter" vehID="Car_1333" speed="4.10" length="5.00" type="DEFAULT_CAR" gap="130.25"/>
    <instantOut id="235_D11" time="958.00" state="stay" vehID="Car_1333" speed="4.10" length="5.00" type="DEFAULT_CAR"/>
    <instantOut id="235_D11" time="958.25" state="stay" vehID="Car_1333" speed="3.71" length="5.00" type="DEFAULT_CAR"/>
    <instantOut id="235_D11" time="958.50" state="stay" vehID="Car_1333" speed="3.01" length="5.00" type="DEFAULT_CAR"/>
    <instantOut id="235_D11" time="958.75" state="stay" vehID="Car_1333" speed="2.31" length="5.00" type="DEFAULT_CAR"/>
    <instantOut id="235_D11" time="959.00" state="stay" vehID="Car_1333" speed="1.56" length="5.00" type="DEFAULT_CAR"/>
    <instantOut id="235_D11" time="959.25" state="stay" vehID="Car_1333" speed="0.81" length="5.00" type="DEFAULT_CAR"/>
    <instantOut id="235_D11" time="959.50" state="stay" vehID="Car_1333" speed="0.10" length="5.00" type="DEFAULT_CAR"/>
    <instantOut id="235_D11" time="959.75" state="stay" vehID="Car_1333" speed="0.01" length="5.00" type="DEFAULT_CAR"/>
    <instantOut id="235_D11" time="960.00" state="stay" vehID="Car_1333" speed="0.00" length="5.00" type="DEFAULT_CAR"/>
    <instantOut id="235_D11" time="960.25" state="stay" vehID="Car_1333" speed="0.00" length="5.00" type="DEFAULT_CAR"/>
    <instantOut id="235_D11" time="960.50" state="stay" vehID="Car_1333" speed="0.88" length="5.00" type="DEFAULT_CAR"/>
    <instantOut id="235_D11" time="960.75" state="stay" vehID="Car_1333" speed="1.71" length="5.00" type="DEFAULT_CAR"/>
    <instantOut id="235_D11" time="961.00" state="stay" vehID="Car_1333" speed="2.34" length="5.00" type="DEFAULT_CAR"/>
    <instantOut id="235_D11" time="961.25" state="stay" vehID="Car_1333" speed="3.02" length="5.00" type="DEFAULT_CAR"/>
    <instantOut id="235_D11" time="961.26" state="leave" vehID="Car_1333" speed="3.96" length="5.00" type="DEFAULT_CAR" occupancy="3.28"/>
    <instantOut id="235_D11" time="2627.91" state="enter" vehID="Car_2292" speed="4.32" length="5.00" type="DEFAULT_CAR" gap="1666.65"/>
    <instantOut id="235_D11" time="2628.00" state="stay" vehID="Car_2292" speed="4.32" length="5.00" type="DEFAULT_CAR"/>
    <instantOut id="235_D11" time="2628.25" state="stay" vehID="Car_2292" speed="3.57" length="5.00" type="DEFAULT_CAR"/>
    <instantOut id="235_D11" time="2628.50" state="stay" vehID="Car_2292" speed="2.82" length="5.00" type="DEFAULT_CAR"/>
    <instantOut id="235_D11" time="2628.75" state="stay" vehID="Car_2292" speed="2.07" length="5.00" type="DEFAULT_CAR"/>
    <instantOut id="235_D11" time="2629.00" state="stay" vehID="Car_2292" speed="1.32" length="5.00" type="DEFAULT_CAR"/>
    <instantOut id="235_D11" time="2629.25" state="stay" vehID="Car_2292" speed="0.57" length="5.00" type="DEFAULT_CAR"/>
    <instantOut id="235_D11" time="2629.50" state="stay" vehID="Car_2292" speed="0.02" length="5.00" type="DEFAULT_CAR"/>
    <instantOut id="235_D11" time="2629.75" state="stay" vehID="Car_2292" speed="0.00" length="5.00" type="DEFAULT_CAR"/>
    <instantOut id="235_D11" time="2630.00" state="stay" vehID="Car_2292" speed="0.00" length="5.00" type="DEFAULT_CAR"/>
    <instantOut id="235_D11" time="2630.25" state="stay" vehID="Car_2292" speed="0.00" length="5.00" type="DEFAULT_CAR"/>
    <instantOut id="235_D11" time="2630.50" state="stay" vehID="Car_2292" speed="0.00" length="5.00" type="DEFAULT_CAR"/>
    <instantOut id="235_D11" time="2630.75" state="stay" vehID="Car_2292" speed="0.00" length="5.00" type="DEFAULT_CAR"/>
    <instantOut id="235_D11" time="2631.00" state="stay" vehID="Car_2292" speed="0.00" length="5.00" type="DEFAULT_CAR"/>
    <instantOut id="235_D11" time="2631.25" state="stay" vehID="Car_2292" speed="0.00" length="5.00" type="DEFAULT_CAR"/>
    <instantOut id="235_D11" time="2631.50" state="stay" vehID="Car_2292" speed="0.00" length="5.00" type="DEFAULT_CAR"/>
    <instantOut id="235_D11" time="2631.75" state="stay" vehID="Car_2292" speed="0.00" length="5.00" type="DEFAULT_CAR"/>
    <instantOut id="235_D11" time="2632.00" state="stay" vehID="Car_2292" speed="0.00" length="5.00" type="DEFAULT_CAR"/>
    <instantOut id="235_D11" time="2632.25" state="stay" vehID="Car_2292" speed="0.00" length="5.00" type="DEFAULT_CAR"/>
    <instantOut id="235_D11" time="2632.50" state="stay" vehID="Car_2292" speed="0.00" length="5.00" type="DEFAULT_CAR"/>
    <instantOut id="235_D11" time="2632.75" state="stay" vehID="Car_2292" speed="0.00" length="5.00" type="DEFAULT_CAR"/>
    <instantOut id="235_D11" time="2633.00" state="stay" vehID="Car_2292" speed="0.00" length="5.00" type="DEFAULT_CAR"/>
    <instantOut id="235_D11" time="2633.25" state="stay" vehID="Car_2292" speed="0.00" length="5.00" type="DEFAULT_CAR"/>
    <instantOut id="235_D11" time="2633.50" state="stay" vehID="Car_2292" speed="0.00" length="5.00" type="DEFAULT_CAR"/>
    <instantOut id="235_D11" time="2633.75" state="stay" vehID="Car_2292" speed="0.00" length="5.00" type="DEFAULT_CAR"/>
    <instantOut id="235_D11" time="2634.00" state="stay" vehID="Car_2292" speed="0.00" length="5.00" type="DEFAULT_CAR"/>
    <instantOut id="235_D11" time="2634.25" state="stay" vehID="Car_2292" speed="0.00" length="5.00" type="DEFAULT_CAR"/>
    <instantOut id="235_D11" time="2634.50" state="stay" vehID="Car_2292" speed="0.00" length="5.00" type="DEFAULT_CAR"/>
    <instantOut id="235_D11" time="2634.75" state="stay" vehID="Car_2292" speed="0.00" length="5.00" type="DEFAULT_CAR"/>
    <instantOut id="235_D11" time="2635.00" state="stay" vehID="Car_2292" speed="0.00" length="5.00" type="DEFAULT_CAR"/>
    <instantOut id="235_D11" time="2635.25" state="stay" vehID="Car_2292" speed="0.00" length="5.00" type="DEFAULT_CAR"/>
    <instantOut id="235_D11" time="2635.50" state="stay" vehID="Car_2292" speed="0.00" length="5.00" type="DEFAULT_CAR"/>
    <instantOut id="235_D11" time="2635.75" state="stay" vehID="Car_2292" speed="0.00" length="5.00" type="DEFAULT_CAR"/>
    <instantOut id="235_D11" time="2636.00" state="stay" vehID="Car_2292" speed="0.00" length="5.00" type="DEFAULT_CAR"/>
    <instantOut id="235_D11" time="2636.25" state="stay" vehID="Car_2292" speed="0.00" length="5.00" type="DEFAULT_CAR"/>
    <instantOut id="235_D11" time="2636.50" state="stay" vehID="Car_2292" speed="0.00" length="5.00" type="DEFAULT_CAR"/>
    <instantOut id="235_D11" time="2636.75" state="stay" vehID="Car_2292" speed="0.00" length="5.00" type="DEFAULT_CAR"/>
    <instantOut id="235_D11" time="2637.00" state="stay" vehID="Car_2292" speed="0.00" length="5.00" type="DEFAULT_CAR"/>
    <instantOut id="235_D11" time="2637.25" state="stay" vehID="Car_2292" speed="0.00" length="5.00" type="DEFAULT_CAR"/>
    <instantOut id="235_D11" time="2637.50" state="stay" vehID="Car_2292" speed="0.39" length="5.00" type="DEFAULT_CAR"/>
    <instantOut id="235_D11" time="2637.75" state="stay" vehID="Car_2292" speed="0.87" length="5.00" type="DEFAULT_CAR"/>
    <instantOut id="235_D11" time="2638.00" state="stay" vehID="Car_2292" speed="1.45" length="5.00" type="DEFAULT_CAR"/>
    <instantOut id="235_D11" time="2638.25" state="stay" vehID="Car_2292" speed="1.78" length="5.00" type="DEFAULT_CAR"/>
    <instantOut id="235_D11" time="2638.50" state="stay" vehID="Car_2292" speed="2.03" length="5.00" type="DEFAULT_CAR"/>
    <instantOut id="235_D11" time="2638.67" state="leave" vehID="Car_2292" speed="2.25" length="5.00" type="DEFAULT_CAR" occupancy="10.76"/>
    <instantOut id="235_D11" time="9770.05" state="enter" vehID="Car_7351" speed="5.73" length="5.00" type="DEFAULT_CAR" gap="7131.38"/>
    <instantOut id="235_D11" time="9770.25" state="stay" vehID="Car_7351" speed="5.73" length="5.00" type="DEFAULT_CAR"/>
    <instantOut id="235_D11" time="9770.50" state="stay" vehID="Car_7351" speed="6.68" length="5.00" type="DEFAULT_CAR"/>
    <instantOut id="235_D11" time="9770.75" state="stay" vehID="Car_7351" speed="5.93" length="5.00" type="DEFAULT_CAR"/>
    <instantOut id="235_D11" time="9770.87" state="leave" vehID="Car_7351" speed="5.98" length="5.00" type="DEFAULT_CAR" occupancy="0.82"/>
    <instantOut id="235_D11" time="10247.96" state="enter" vehID="Car_7350" speed="4.42" length="5.00" type="DEFAULT_CAR" gap="477.08"/>
    <instantOut id="235_D11" time="10248.00" state="stay" vehID="Car_7350" speed="4.42" length="5.00" type="DEFAULT_CAR"/>
    <instantOut id="235_D11" time="10248.25" state="stay" vehID="Car_7350" speed="3.67" length="5.00" type="DEFAULT_CAR"/>
    <instantOut id="235_D11" time="10248.50" state="stay" vehID="Car_7350" speed="2.92" length="5.00" type="DEFAULT_CAR"/>
    <instantOut id="235_D11" time="10248.75" state="stay" vehID="Car_7350" speed="2.23" length="5.00" type="DEFAULT_CAR"/>
    <instantOut id="235_D11" time="10249.00" state="stay" vehID="Car_7350" speed="1.48" length="5.00" type="DEFAULT_CAR"/>
    <instantOut id="235_D11" time="10249.25" state="stay" vehID="Car_7350" speed="0.73" length="5.00" type="DEFAULT_CAR"/>
    <instantOut id="235_D11" time="10249.50" state="stay" vehID="Car_7350" speed="0.09" length="5.00" type="DEFAULT_CAR"/>
    <instantOut id="235_D11" time="10249.75" state="stay" vehID="Car_7350" speed="0.01" length="5.00" type="DEFAULT_CAR"/>
    <instantOut id="235_D11" time="10250.00" state="stay" vehID="Car_7350" speed="0.00" length="5.00" type="DEFAULT_CAR"/>
    <instantOut id="235_D11" time="10250.25" state="stay" vehID="Car_7350" speed="0.00" length="5.00" type="DEFAULT_CAR"/>
    <instantOut id="235_D11" time="10250.50" state="stay" vehID="Car_7350" speed="0.00" length="5.00" type="DEFAULT_CAR"/>
    <instantOut id="235_D11" time="10250.75" state="stay" vehID="Car_7350" speed="0.00" length="5.00" type="DEFAULT_CAR"/>
    <instantOut id="235_D11" time="10251.00" state="stay" vehID="Car_7350" speed="0.00" length="5.00" type="DEFAULT_CAR"/>
    <instantOut id="235_D11" time="10251.25" state="stay" vehID="Car_7350" speed="0.00" length="5.00" type="DEFAULT_CAR"/>
    <instantOut id="235_D11" time="10251.50" state="stay" vehID="Car_7350" speed="0.43" length="5.00" type="DEFAULT_CAR"/>
    <instantOut id="235_D11" time="10251.75" state="stay" vehID="Car_7350" speed="0.95" length="5.00" type="DEFAULT_CAR"/>
    <instantOut id="235_D11" time="10252.00" state="stay" vehID="Car_7350" speed="1.50" length="5.00" type="DEFAULT_CAR"/>
    <instantOut id="235_D11" time="10252.25" state="stay" vehID="Car_7350" speed="2.14" length="5.00" type="DEFAULT_CAR"/>
    <instantOut id="235_D11" time="10252.50" state="stay" vehID="Car_7350" speed="2.72" length="5.00" type="DEFAULT_CAR"/>
    <instantOut id="235_D11" time="10252.52" state="leave" vehID="Car_7350" speed="3.57" length="5.00" type="DEFAULT_CAR" occupancy="4.57"/>
    <instantOut id="235_D11" time="10359.02" state="enter" vehID="Car_7349" speed="3.86" length="5.00" type="DEFAULT_CAR" gap="106.50"/>
    <instantOut id="235_D11" time="10359.25" state="stay" vehID="Car_7349" speed="3.86" length="5.00" type="DEFAULT_CAR"/>
    <instantOut id="235_D11" time="10359.50" state="stay" vehID="Car_7349" speed="3.11" length="5.00" type="DEFAULT_CAR"/>
    <instantOut id="235_D11" time="10359.75" state="stay" vehID="Car_7349" speed="2.36" length="5.00" type="DEFAULT_CAR"/>
    <instantOut id="235_D11" time="10360.00" state="stay" vehID="Car_7349" speed="1.68" length="5.00" type="DEFAULT_CAR"/>
    <instantOut id="235_D11" time="10360.25" state="stay" vehID="Car_7349" speed="0.93" length="5.00" type="DEFAULT_CAR"/>
    <instantOut id="235_D11" time="10360.50" state="stay" vehID="Car_7349" speed="0.25" length="5.00" type="DEFAULT_CAR"/>
    <instantOut id="235_D11" time="10360.75" state="stay" vehID="Car_7349" speed="0.02" length="5.00" type="DEFAULT_CAR"/>
    <instantOut id="235_D11" time="10361.00" state="stay" vehID="Car_7349" speed="0.00" length="5.00" type="DEFAULT_CAR"/>
    <instantOut id="235_D11" time="10361.25" state="stay" vehID="Car_7349" speed="0.00" length="5.00" type="DEFAULT_CAR"/>
    <instantOut id="235_D11" time="10361.50" state="stay" vehID="Car_7349" speed="0.00" length="5.00" type="DEFAULT_CAR"/>
    <instantOut id="235_D11" time="10361.75" state="stay" vehID="Car_7349" speed="0.00" length="5.00" type="DEFAULT_CAR"/>
    <instantOut id="235_D11" time="10362.00" state="stay" vehID="Car_7349" speed="0.00" length="5.00" type="DEFAULT_CAR"/>
    <instantOut id="235_D11" time="10362.25" state="stay" vehID="Car_7349" speed="0.00" length="5.00" type="DEFAULT_CAR"/>
    <instantOut id="235_D11" time="10362.50" state="stay" vehID="Car_7349" speed="0.00" length="5.00" type="DEFAULT_CAR"/>
    <instantOut id="235_D11" time="10362.75" state="stay" vehID="Car_7349" speed="0.00" length="5.00" type="DEFAULT_CAR"/>
    <instantOut id="235_D11" time="10363.00" state="stay" vehID="Car_7349" speed="0.00" length="5.00" type="DEFAULT_CAR"/>
    <instantOut id="235_D11" time="10363.25" state="stay" vehID="Car_7349" speed="0.00" length="5.00" type="DEFAULT_CAR"/>
    <instantOut id="235_D11" time="10363.50" state="stay" vehID="Car_7349" speed="0.00" length="5.00" type="DEFAULT_CAR"/>
    <instantOut id="235_D11" time="10363.75" state="stay" vehID="Car_7349" speed="0.00" length="5.00" type="DEFAULT_CAR"/>
    <instantOut id="235_D11" time="10364.00" state="stay" vehID="Car_7349" speed="0.00" length="5.00" type="DEFAULT_CAR"/>
    <instantOut id="235_D11" time="10364.25" state="stay" vehID="Car_7349" speed="0.00" length="5.00" type="DEFAULT_CAR"/>
    <instantOut id="235_D11" time="10364.50" state="stay" vehID="Car_7349" speed="0.00" length="5.00" type="DEFAULT_CAR"/>
    <instantOut id="235_D11" time="10364.75" state="stay" vehID="Car_7349" speed="0.00" length="5.00" type="DEFAULT_CAR"/>
    <instantOut id="235_D11" time="10365.00" state="stay" vehID="Car_7349" speed="0.00" length="5.00" type="DEFAULT_CAR"/>
    <instantOut id="235_D11" time="10365.25" state="stay" vehID="Car_7349" speed="0.00" length="5.00" type="DEFAULT_CAR"/>
    <instantOut id="235_D11" time="10365.50" state="stay" vehID="Car_7349" speed="0.00" length="5.00" type="DEFAULT_CAR"/>
    <instantOut id="235_D11" time="10365.75" state="stay" vehID="Car_7349" speed="0.00" length="5.00" type="DEFAULT_CAR"/>
    <instantOut id="235_D11" time="10366.00" state="stay" vehID="Car_7349" speed="0.00" length="5.00" type="DEFAULT_CAR"/>
    <instantOut id="235_D11" time="10366.25" state="stay" vehID="Car_7349" speed="0.00" length="5.00" type="DEFAULT_CAR"/>
    <instantOut id="235_D11" time="10366.50" state="stay" vehID="Car_7349" speed="0.00" length="5.00" type="DEFAULT_CAR"/>
    <instantOut id="235_D11" time="10366.75" state="stay" vehID="Car_7349" speed="0.00" length="5.00" type="DEFAULT_CAR"/>
    <instantOut id="235_D11" time="10367.00" state="stay" vehID="Car_7349" speed="0.00" length="5.00" type="DEFAULT_CAR"/>
    <instantOut id="235_D11" time="10367.25" state="stay" vehID="Car_7349" speed="0.00" length="5.00" type="DEFAULT_CAR"/>
    <instantOut id="235_D11" time="10367.50" state="stay" vehID="Car_7349" speed="0.00" length="5.00" type="DEFAULT_CAR"/>
    <instantOut id="235_D11" time="10367.75" state="stay" vehID="Car_7349" speed="0.92" length="5.00" type="DEFAULT_CAR"/>
    <instantOut id="235_D11" time="10368.00" state="stay" vehID="Car_7349" speed="1.72" length="5.00" type="DEFAULT_CAR"/>
    <instantOut id="235_D11" time="10368.25" state="stay" vehID="Car_7349" speed="2.42" length="5.00" type="DEFAULT_CAR"/>
    <instantOut id="235_D11" time="10368.48" state="leave" vehID="Car_7349" speed="3.30" length="5.00" type="DEFAULT_CAR" occupancy="9.46"/>
    <instantOut id="235_D11" time="10523.88" state="enter" vehID="Car_7348" speed="6.00" length="5.00" type="DEFAULT_CAR" gap="155.40"/>
    <instantOut id="235_D11" time="10524.00" state="stay" vehID="Car_7348" speed="6.00" length="5.00" type="DEFAULT_CAR"/>
    <instantOut id="235_D11" time="10524.25" state="stay" vehID="Car_7348" speed="6.95" length="5.00" type="DEFAULT_CAR"/>
    <instantOut id="235_D11" time="10524.50" state="stay" vehID="Car_7348" speed="7.73" length="5.00" type="DEFAULT_CAR"/>
    <instantOut id="235_D11" time="10524.57" state="leave" vehID="Car_7348" speed="8.32" length="5.00" type="DEFAULT_CAR" occupancy="0.69"/>
    <instantOut id="235_D11" time="10662.97" state="enter" vehID="Car_7357" speed="4.42" length="5.00" type="DEFAULT_CAR" gap="138.40"/>
    <instantOut id="235_D11" time="10663.00" state="stay" vehID="Car_7357" speed="4.42" length="5.00" type="DEFAULT_CAR"/>
    <instantOut id="235_D11" time="10663.25" state="stay" vehID="Car_7357" speed="3.67" length="5.00" type="DEFAULT_CAR"/>
    <instantOut id="235_D11" time="10663.50" state="stay" vehID="Car_7357" speed="2.92" length="5.00" type="DEFAULT_CAR"/>
    <instantOut id="235_D11" time="10663.75" state="stay" vehID="Car_7357" speed="2.22" length="5.00" type="DEFAULT_CAR"/>
    <instantOut id="235_D11" time="10664.00" state="stay" vehID="Car_7357" speed="1.59" length="5.00" type="DEFAULT_CAR"/>
    <instantOut id="235_D11" time="10664.25" state="stay" vehID="Car_7357" speed="0.85" length="5.00" type="DEFAULT_CAR"/>
    <instantOut id="235_D11" time="10664.50" state="stay" vehID="Car_7357" speed="0.13" length="5.00" type="DEFAULT_CAR"/>
    <instantOut id="235_D11" time="10664.75" state="stay" vehID="Car_7357" speed="0.00" length="5.00" type="DEFAULT_CAR"/>
    <instantOut id="235_D11" time="10665.00" state="stay" vehID="Car_7357" speed="0.00" length="5.00" type="DEFAULT_CAR"/>
    <instantOut id="235_D11" time="10665.25" state="stay" vehID="Car_7357" speed="0.00" length="5.00" type="DEFAULT_CAR"/>
    <instantOut id="235_D11" time="10665.50" state="stay" vehID="Car_7357" speed="0.00" length="5.00" type="DEFAULT_CAR"/>
    <instantOut id="235_D11" time="10665.75" state="stay" vehID="Car_7357" speed="0.00" length="5.00" type="DEFAULT_CAR"/>
    <instantOut id="235_D11" time="10666.00" state="stay" vehID="Car_7357" speed="0.00" length="5.00" type="DEFAULT_CAR"/>
    <instantOut id="235_D11" time="10666.25" state="stay" vehID="Car_7357" speed="0.00" length="5.00" type="DEFAULT_CAR"/>
    <instantOut id="235_D11" time="10666.50" state="stay" vehID="Car_7357" speed="0.00" length="5.00" type="DEFAULT_CAR"/>
    <instantOut id="235_D11" time="10666.75" state="stay" vehID="Car_7357" speed="0.00" length="5.00" type="DEFAULT_CAR"/>
    <instantOut id="235_D11" time="10667.00" state="stay" vehID="Car_7357" speed="0.00" length="5.00" type="DEFAULT_CAR"/>
    <instantOut id="235_D11" time="10667.25" state="stay" vehID="Car_7357" speed="0.00" length="5.00" type="DEFAULT_CAR"/>
    <instantOut id="235_D11" time="10667.50" state="stay" vehID="Car_7357" speed="0.00" length="5.00" type="DEFAULT_CAR"/>
    <instantOut id="235_D11" time="10667.75" state="stay" vehID="Car_7357" speed="0.00" length="5.00" type="DEFAULT_CAR"/>
    <instantOut id="235_D11" time="10668.00" state="stay" vehID="Car_7357" speed="0.00" length="5.00" type="DEFAULT_CAR"/>
    <instantOut id="235_D11" time="10668.25" state="stay" vehID="Car_7357" speed="0.00" length="5.00" type="DEFAULT_CAR"/>
    <instantOut id="235_D11" time="10668.50" state="stay" vehID="Car_7357" speed="0.00" length="5.00" type="DEFAULT_CAR"/>
    <instantOut id="235_D11" time="10668.75" state="stay" vehID="Car_7357" speed="0.00" length="5.00" type="DEFAULT_CAR"/>
    <instantOut id="235_D11" time="10669.00" state="stay" vehID="Car_7357" speed="0.00" length="5.00" type="DEFAULT_CAR"/>
    <instantOut id="235_D11" time="10669.25" state="stay" vehID="Car_7357" speed="0.00" length="5.00" type="DEFAULT_CAR"/>
    <instantOut id="235_D11" time="10669.50" state="stay" vehID="Car_7357" speed="0.00" length="5.00" type="DEFAULT_CAR"/>
    <instantOut id="235_D11" time="10669.75" state="stay" vehID="Car_7357" speed="0.00" length="5.00" type="DEFAULT_CAR"/>
    <instantOut id="235_D11" time="10670.00" state="stay" vehID="Car_7357" speed="0.00" length="5.00" type="DEFAULT_CAR"/>
    <instantOut id="235_D11" time="10670.25" state="stay" vehID="Car_7357" speed="0.00" length="5.00" type="DEFAULT_CAR"/>
    <instantOut id="235_D11" time="10670.50" state="stay" vehID="Car_7357" speed="0.00" length="5.00" type="DEFAULT_CAR"/>
    <instantOut id="235_D11" time="10670.75" state="stay" vehID="Car_7357" speed="0.00" length="5.00" type="DEFAULT_CAR"/>
    <instantOut id="235_D11" time="10671.00" state="stay" vehID="Car_7357" speed="0.00" length="5.00" type="DEFAULT_CAR"/>
    <instantOut id="235_D11" time="10671.25" state="stay" vehID="Car_7357" speed="0.00" length="5.00" type="DEFAULT_CAR"/>
    <instantOut id="235_D11" time="10671.50" state="stay" vehID="Car_7357" speed="0.00" length="5.00" type="DEFAULT_CAR"/>
    <instantOut id="235_D11" time="10671.75" state="stay" vehID="Car_7357" speed="0.00" length="5.00" type="DEFAULT_CAR"/>
    <instantOut id="235_D11" time="10672.00" state="stay" vehID="Car_7357" speed="0.00" length="5.00" type="DEFAULT_CAR"/>
    <instantOut id="235_D11" time="10672.25" state="stay" vehID="Car_7357" speed="0.00" length="5.00" type="DEFAULT_CAR"/>
    <instantOut id="235_D11" time="10672.50" state="stay" vehID="Car_7357" speed="0.00" length="5.00" type="DEFAULT_CAR"/>
    <instantOut id="235_D11" time="10672.75" state="stay" vehID="Car_7357" speed="0.00" length="5.00" type="DEFAULT_CAR"/>
    <instantOut id="235_D11" time="10673.00" state="stay" vehID="Car_7357" speed="0.00" length="5.00" type="DEFAULT_CAR"/>
    <instantOut id="235_D11" time="10673.25" state="stay" vehID="Car_7357" speed="0.00" length="5.00" type="DEFAULT_CAR"/>
    <instantOut id="235_D11" time="10673.50" state="stay" vehID="Car_7357" speed="0.00" length="5.00" type="DEFAULT_CAR"/>
    <instantOut id="235_D11" time="10673.75" state="stay" vehID="Car_7357" speed="0.00" length="5.00" type="DEFAULT_CAR"/>
    <instantOut id="235_D11" time="10674.00" state="stay" vehID="Car_7357" speed="0.00" length="5.00" type="DEFAULT_CAR"/>
    <instantOut id="235_D11" time="10674.25" state="stay" vehID="Car_7357" speed="0.00" length="5.00" type="DEFAULT_CAR"/>
    <instantOut id="235_D11" time="10674.50" state="stay" vehID="Car_7357" speed="0.00" length="5.00" type="DEFAULT_CAR"/>
    <instantOut id="235_D11" time="10674.75" state="stay" vehID="Car_7357" speed="0.00" length="5.00" type="DEFAULT_CAR"/>
    <instantOut id="235_D11" time="10675.00" state="stay" vehID="Car_7357" speed="0.00" length="5.00" type="DEFAULT_CAR"/>
    <instantOut id="235_D11" time="10675.25" state="stay" vehID="Car_7357" speed="0.00" length="5.00" type="DEFAULT_CAR"/>
    <instantOut id="235_D11" time="10675.50" state="stay" vehID="Car_7357" speed="0.00" length="5.00" type="DEFAULT_CAR"/>
    <instantOut id="235_D11" time="10675.75" state="stay" vehID="Car_7357" speed="0.00" length="5.00" type="DEFAULT_CAR"/>
    <instantOut id="235_D11" time="10676.00" state="stay" vehID="Car_7357" speed="0.00" length="5.00" type="DEFAULT_CAR"/>
    <instantOut id="235_D11" time="10676.25" state="stay" vehID="Car_7357" speed="0.00" length="5.00" type="DEFAULT_CAR"/>
    <instantOut id="235_D11" time="10676.50" state="stay" vehID="Car_7357" speed="0.00" length="5.00" type="DEFAULT_CAR"/>
    <instantOut id="235_D11" time="10676.75" state="stay" vehID="Car_7357" speed="0.00" length="5.00" type="DEFAULT_CAR"/>
    <instantOut id="235_D11" time="10677.00" state="stay" vehID="Car_7357" speed="0.88" length="5.00" type="DEFAULT_CAR"/>
    <instantOut id="235_D11" time="10677.25" state="stay" vehID="Car_7357" speed="1.65" length="5.00" type="DEFAULT_CAR"/>
    <instantOut id="235_D11" time="10677.50" state="stay" vehID="Car_7357" speed="2.58" length="5.00" type="DEFAULT_CAR"/>
    <instantOut id="235_D11" time="10677.73" state="leave" vehID="Car_7357" speed="3.19" length="5.00" type="DEFAULT_CAR" occupancy="14.76"/>
    <instantOut id="235_D11" time="10698.89" state="enter" vehID="Car_7359" speed="4.21" length="5.00" type="DEFAULT_CAR" gap="21.16"/>
    <instantOut id="235_D11" time="10699.00" state="stay" vehID="Car_7359" speed="4.21" length="5.00" type="DEFAULT_CAR"/>
    <instantOut id="235_D11" time="10699.25" state="stay" vehID="Car_7359" speed="3.46" length="5.00" type="DEFAULT_CAR"/>
    <instantOut id="235_D11" time="10699.50" state="stay" vehID="Car_7359" speed="2.71" length="5.00" type="DEFAULT_CAR"/>
    <instantOut id="235_D11" time="10699.75" state="stay" vehID="Car_7359" speed="1.96" length="5.00" type="DEFAULT_CAR"/>
    <instantOut id="235_D11" time="10700.00" state="stay" vehID="Car_7359" speed="1.26" length="5.00" type="DEFAULT_CAR"/>
    <instantOut id="235_D11" time="10700.25" state="stay" vehID="Car_7359" speed="0.63" length="5.00" type="DEFAULT_CAR"/>
    <instantOut id="235_D11" time="10700.50" state="stay" vehID="Car_7359" speed="0.05" length="5.00" type="DEFAULT_CAR"/>
    <instantOut id="235_D11" time="10700.75" state="stay" vehID="Car_7359" speed="0.00" length="5.00" type="DEFAULT_CAR"/>
    <instantOut id="235_D11" time="10701.00" state="stay" vehID="Car_7359" speed="0.92" length="5.00" type="DEFAULT_CAR"/>
    <instantOut id="235_D11" time="10701.25" state="stay" vehID="Car_7359" speed="1.68" length="5.00" type="DEFAULT_CAR"/>
    <instantOut id="235_D11" time="10701.50" state="stay" vehID="Car_7359" speed="2.35" length="5.00" type="DEFAULT_CAR"/>
    <instantOut id="235_D11" time="10701.75" state="leave" vehID="Car_7359" speed="3.15" length="5.00" type="DEFAULT_CAR" occupancy="2.86"/>
    <instantOut id="235_D11" time="11641.99" state="enter" vehID="Car_7365" speed="4.36" length="5.00" type="DEFAULT_CAR" gap="940.24"/>
    <instantOut id="235_D11" time="11642.00" state="stay" vehID="Car_7365" speed="4.36" length="5.00" type="DEFAULT_CAR"/>
    <instantOut id="235_D11" time="11642.25" state="stay" vehID="Car_7365" speed="3.61" length="5.00" type="DEFAULT_CAR"/>
    <instantOut id="235_D11" time="11642.50" state="stay" vehID="Car_7365" speed="2.86" length="5.00" type="DEFAULT_CAR"/>
    <instantOut id="235_D11" time="11642.75" state="stay" vehID="Car_7365" speed="2.39" length="5.00" type="DEFAULT_CAR"/>
    <instantOut id="235_D11" time="11643.00" state="stay" vehID="Car_7365" speed="1.64" length="5.00" type="DEFAULT_CAR"/>
    <instantOut id="235_D11" time="11643.25" state="stay" vehID="Car_7365" speed="0.90" length="5.00" type="DEFAULT_CAR"/>
    <instantOut id="235_D11" time="11643.50" state="stay" vehID="Car_7365" speed="0.32" length="5.00" type="DEFAULT_CAR"/>
    <instantOut id="235_D11" time="11643.75" state="stay" vehID="Car_7365" speed="0.02" length="5.00" type="DEFAULT_CAR"/>
    <instantOut id="235_D11" time="11644.00" state="stay" vehID="Car_7365" speed="0.00" length="5.00" type="DEFAULT_CAR"/>
    <instantOut id="235_D11" time="11644.25" state="stay" vehID="Car_7365" speed="0.00" length="5.00" type="DEFAULT_CAR"/>
    <instantOut id="235_D11" time="11644.50" state="stay" vehID="Car_7365" speed="0.00" length="5.00" type="DEFAULT_CAR"/>
    <instantOut id="235_D11" time="11644.75" state="stay" vehID="Car_7365" speed="0.00" length="5.00" type="DEFAULT_CAR"/>
    <instantOut id="235_D11" time="11645.00" state="stay" vehID="Car_7365" speed="0.00" length="5.00" type="DEFAULT_CAR"/>
    <instantOut id="235_D11" time="11645.25" state="stay" vehID="Car_7365" speed="0.00" length="5.00" type="DEFAULT_CAR"/>
    <instantOut id="235_D11" time="11645.50" state="stay" vehID="Car_7365" speed="0.00" length="5.00" type="DEFAULT_CAR"/>
    <instantOut id="235_D11" time="11645.75" state="stay" vehID="Car_7365" speed="0.00" length="5.00" type="DEFAULT_CAR"/>
    <instantOut id="235_D11" time="11646.00" state="stay" vehID="Car_7365" speed="0.00" length="5.00" type="DEFAULT_CAR"/>
    <instantOut id="235_D11" time="11646.25" state="stay" vehID="Car_7365" speed="0.00" length="5.00" type="DEFAULT_CAR"/>
    <instantOut id="235_D11" time="11646.50" state="stay" vehID="Car_7365" speed="0.00" length="5.00" type="DEFAULT_CAR"/>
    <instantOut id="235_D11" time="11646.75" state="stay" vehID="Car_7365" speed="0.00" length="5.00" type="DEFAULT_CAR"/>
    <instantOut id="235_D11" time="11647.00" state="stay" vehID="Car_7365" speed="0.00" length="5.00" type="DEFAULT_CAR"/>
    <instantOut id="235_D11" time="11647.25" state="stay" vehID="Car_7365" speed="0.00" length="5.00" type="DEFAULT_CAR"/>
    <instantOut id="235_D11" time="11647.50" state="stay" vehID="Car_7365" speed="0.00" length="5.00" type="DEFAULT_CAR"/>
    <instantOut id="235_D11" time="11647.75" state="stay" vehID="Car_7365" speed="0.00" length="5.00" type="DEFAULT_CAR"/>
    <instantOut id="235_D11" time="11648.00" state="stay" vehID="Car_7365" speed="0.00" length="5.00" type="DEFAULT_CAR"/>
    <instantOut id="235_D11" time="11648.25" state="stay" vehID="Car_7365" speed="0.00" length="5.00" type="DEFAULT_CAR"/>
    <instantOut id="235_D11" time="11648.50" state="stay" vehID="Car_7365" speed="0.00" length="5.00" type="DEFAULT_CAR"/>
    <instantOut id="235_D11" time="11648.75" state="stay" vehID="Car_7365" speed="0.00" length="5.00" type="DEFAULT_CAR"/>
    <instantOut id="235_D11" time="11649.00" state="stay" vehID="Car_7365" speed="0.00" length="5.00" type="DEFAULT_CAR"/>
    <instantOut id="235_D11" time="11649.25" state="stay" vehID="Car_7365" speed="0.00" length="5.00" type="DEFAULT_CAR"/>
    <instantOut id="235_D11" time="11649.50" state="stay" vehID="Car_7365" speed="0.00" length="5.00" type="DEFAULT_CAR"/>
    <instantOut id="235_D11" time="11649.75" state="stay" vehID="Car_7365" speed="0.00" length="5.00" type="DEFAULT_CAR"/>
    <instantOut id="235_D11" time="11650.00" state="stay" vehID="Car_7365" speed="0.00" length="5.00" type="DEFAULT_CAR"/>
    <instantOut id="235_D11" time="11650.25" state="stay" vehID="Car_7365" speed="0.00" length="5.00" type="DEFAULT_CAR"/>
    <instantOut id="235_D11" time="11650.50" state="stay" vehID="Car_7365" speed="0.00" length="5.00" type="DEFAULT_CAR"/>
    <instantOut id="235_D11" time="11650.75" state="stay" vehID="Car_7365" speed="0.00" length="5.00" type="DEFAULT_CAR"/>
    <instantOut id="235_D11" time="11651.00" state="stay" vehID="Car_7365" speed="0.00" length="5.00" type="DEFAULT_CAR"/>
    <instantOut id="235_D11" time="11651.25" state="stay" vehID="Car_7365" speed="0.00" length="5.00" type="DEFAULT_CAR"/>
    <instantOut id="235_D11" time="11651.50" state="stay" vehID="Car_7365" speed="0.00" length="5.00" type="DEFAULT_CAR"/>
    <instantOut id="235_D11" time="11651.75" state="stay" vehID="Car_7365" speed="0.00" length="5.00" type="DEFAULT_CAR"/>
    <instantOut id="235_D11" time="11652.00" state="stay" vehID="Car_7365" speed="0.00" length="5.00" type="DEFAULT_CAR"/>
    <instantOut id="235_D11" time="11652.25" state="stay" vehID="Car_7365" speed="0.00" length="5.00" type="DEFAULT_CAR"/>
    <instantOut id="235_D11" time="11652.50" state="stay" vehID="Car_7365" speed="0.00" length="5.00" type="DEFAULT_CAR"/>
    <instantOut id="235_D11" time="11652.75" state="stay" vehID="Car_7365" speed="0.00" length="5.00" type="DEFAULT_CAR"/>
    <instantOut id="235_D11" time="11653.00" state="stay" vehID="Car_7365" speed="0.00" length="5.00" type="DEFAULT_CAR"/>
    <instantOut id="235_D11" time="11653.25" state="stay" vehID="Car_7365" speed="0.00" length="5.00" type="DEFAULT_CAR"/>
    <instantOut id="235_D11" time="11653.50" state="stay" vehID="Car_7365" speed="0.00" length="5.00" type="DEFAULT_CAR"/>
    <instantOut id="235_D11" time="11653.75" state="stay" vehID="Car_7365" speed="0.00" length="5.00" type="DEFAULT_CAR"/>
    <instantOut id="235_D11" time="11654.00" state="stay" vehID="Car_7365" speed="0.00" length="5.00" type="DEFAULT_CAR"/>
    <instantOut id="235_D11" time="11654.25" state="stay" vehID="Car_7365" speed="0.00" length="5.00" type="DEFAULT_CAR"/>
    <instantOut id="235_D11" time="11654.50" state="stay" vehID="Car_7365" speed="0.00" length="5.00" type="DEFAULT_CAR"/>
    <instantOut id="235_D11" time="11654.75" state="stay" vehID="Car_7365" speed="0.00" length="5.00" type="DEFAULT_CAR"/>
    <instantOut id="235_D11" time="11655.00" state="stay" vehID="Car_7365" speed="0.00" length="5.00" type="DEFAULT_CAR"/>
    <instantOut id="235_D11" time="11655.25" state="stay" vehID="Car_7365" speed="0.00" length="5.00" type="DEFAULT_CAR"/>
    <instantOut id="235_D11" time="11655.50" state="stay" vehID="Car_7365" speed="0.00" length="5.00" type="DEFAULT_CAR"/>
    <instantOut id="235_D11" time="11655.75" state="stay" vehID="Car_7365" speed="0.00" length="5.00" type="DEFAULT_CAR"/>
    <instantOut id="235_D11" time="11656.00" state="stay" vehID="Car_7365" speed="0.00" length="5.00" type="DEFAULT_CAR"/>
    <instantOut id="235_D11" time="11656.25" state="stay" vehID="Car_7365" speed="0.00" length="5.00" type="DEFAULT_CAR"/>
    <instantOut id="235_D11" time="11656.50" state="stay" vehID="Car_7365" speed="0.86" length="5.00" type="DEFAULT_CAR"/>
    <instantOut id="235_D11" time="11656.75" state="stay" vehID="Car_7365" speed="1.62" length="5.00" type="DEFAULT_CAR"/>
    <instantOut id="235_D11" time="11657.00" state="stay" vehID="Car_7365" speed="2.33" length="5.00" type="DEFAULT_CAR"/>
    <instantOut id="235_D11" time="11657.25" state="stay" vehID="Car_7365" speed="3.05" length="5.00" type="DEFAULT_CAR"/>
    <instantOut id="235_D11" time="11657.26" state="leave" vehID="Car_7365" speed="3.91" length="5.00" type="DEFAULT_CAR" occupancy="15.27"/>
    <instantOut id="235_D11" time="11921.92" state="enter" vehID="Car_7364" speed="6.20" length="5.00" type="DEFAULT_CAR" gap="264.66"/>
    <instantOut id="235_D11" time="11922.00" state="stay" vehID="Car_7364" speed="6.20" length="5.00" type="DEFAULT_CAR"/>
    <instantOut id="235_D11" time="11922.25" state="stay" vehID="Car_7364" speed="7.15" length="5.00" type="DEFAULT_CAR"/>
    <instantOut id="235_D11" time="11922.50" state="stay" vehID="Car_7364" speed="7.67" length="5.00" type="DEFAULT_CAR"/>
    <instantOut id="235_D11" time="11922.59" state="leave" vehID="Car_7364" speed="8.59" length="5.00" type="DEFAULT_CAR" occupancy="0.67"/>
    <instantOut id="235_D11" time="13601.88" state="enter" vehID="Car_9006" speed="6.09" length="5.00" type="DEFAULT_CAR" gap="1679.29"/>
    <instantOut id="235_D11" time="13602.00" state="stay" vehID="Car_9006" speed="6.09" length="5.00" type="DEFAULT_CAR"/>
    <instantOut id="235_D11" time="13602.25" state="stay" vehID="Car_9006" speed="7.04" length="5.00" type="DEFAULT_CAR"/>
    <instantOut id="235_D11" time="13602.50" state="stay" vehID="Car_9006" speed="7.61" length="5.00" type="DEFAULT_CAR"/>
    <instantOut id="235_D11" time="13602.58" state="leave" vehID="Car_9006" speed="7.96" length="5.00" type="DEFAULT_CAR" occupancy="0.70"/>
    <instantOut id="235_D11" time="13802.94" state="enter" vehID="Car_9005" speed="6.26" length="5.00" type="DEFAULT_CAR" gap="200.37"/>
    <instantOut id="235_D11" time="13803.00" state="stay" vehID="Car_9005" speed="6.26" length="5.00" type="DEFAULT_CAR"/>
    <instantOut id="235_D11" time="13803.25" state="stay" vehID="Car_9005" speed="7.16" length="5.00" type="DEFAULT_CAR"/>
    <instantOut id="235_D11" time="13803.50" state="stay" vehID="Car_9005" speed="7.01" length="5.00" type="DEFAULT_CAR"/>
    <instantOut id="235_D11" time="13803.66" state="leave" vehID="Car_9005" speed="6.79" length="5.00" type="DEFAULT_CAR" occupancy="0.72"/>
    <instantOut id="235_D11" time="14012.92" state="enter" vehID="Car_9004" speed="6.06" length="5.00" type="DEFAULT_CAR" gap="209.26"/>
    <instantOut id="235_D11" time="14013.00" state="stay" vehID="Car_9004" speed="6.06" length="5.00" type="DEFAULT_CAR"/>
    <instantOut id="235_D11" time="14013.25" state="stay" vehID="Car_9004" speed="7.01" length="5.00" type="DEFAULT_CAR"/>
    <instantOut id="235_D11" time="14013.50" state="stay" vehID="Car_9004" speed="7.49" length="5.00" type="DEFAULT_CAR"/>
    <instantOut id="235_D11" time="14013.61" state="leave" vehID="Car_9004" speed="8.13" length="5.00" type="DEFAULT_CAR" occupancy="0.69"/>
    <instantOut id="235_D11" time="15168.89" state="enter" vehID="Car_9003" speed="5.98" length="5.00" type="DEFAULT_CAR" gap="1155.28"/>
    <instantOut id="235_D11" time="15169.00" state="stay" vehID="Car_9003" speed="5.98" length="5.00" type="DEFAULT_CAR"/>
    <instantOut id="235_D11" time="15169.25" state="stay" vehID="Car_9003" speed="5.23" length="5.00" type="DEFAULT_CAR"/>
    <instantOut id="235_D11" time="15169.50" state="stay" vehID="Car_9003" speed="4.48" length="5.00" type="DEFAULT_CAR"/>
    <instantOut id="235_D11" time="15169.75" state="stay" vehID="Car_9003" speed="4.07" length="5.00" type="DEFAULT_CAR"/>
    <instantOut id="235_D11" time="15169.98" state="leave" vehID="Car_9003" speed="4.00" length="5.00" type="DEFAULT_CAR" occupancy="1.09"/>
    <instantOut id="235_D11" time="18067.91" state="enter" vehID="Car_9801" speed="4.30" length="5.00" type="DEFAULT_CAR" gap="2897.93"/>
    <instantOut id="235_D11" time="18068.00" state="stay" vehID="Car_9801" speed="4.30" length="5.00" type="DEFAULT_CAR"/>
    <instantOut id="235_D11" time="18068.25" state="stay" vehID="Car_9801" speed="3.55" length="5.00" type="DEFAULT_CAR"/>
    <instantOut id="235_D11" time="18068.50" state="stay" vehID="Car_9801" speed="2.80" length="5.00" type="DEFAULT_CAR"/>
    <instantOut id="235_D11" time="18068.75" state="stay" vehID="Car_9801" speed="2.05" length="5.00" type="DEFAULT_CAR"/>
    <instantOut id="235_D11" time="18069.00" state="stay" vehID="Car_9801" speed="1.35" length="5.00" type="DEFAULT_CAR"/>
    <instantOut id="235_D11" time="18069.25" state="stay" vehID="Car_9801" speed="0.60" length="5.00" type="DEFAULT_CAR"/>
    <instantOut id="235_D11" time="18069.50" state="stay" vehID="Car_9801" speed="0.00" length="5.00" type="DEFAULT_CAR"/>
    <instantOut id="235_D11" time="18069.75" state="stay" vehID="Car_9801" speed="0.00" length="5.00" type="DEFAULT_CAR"/>
    <instantOut id="235_D11" time="18070.00" state="stay" vehID="Car_9801" speed="0.00" length="5.00" type="DEFAULT_CAR"/>
    <instantOut id="235_D11" time="18070.25" state="stay" vehID="Car_9801" speed="0.00" length="5.00" type="DEFAULT_CAR"/>
    <instantOut id="235_D11" time="18070.50" state="stay" vehID="Car_9801" speed="0.00" length="5.00" type="DEFAULT_CAR"/>
    <instantOut id="235_D11" time="18070.75" state="stay" vehID="Car_9801" speed="0.00" length="5.00" type="DEFAULT_CAR"/>
    <instantOut id="235_D11" time="18071.00" state="stay" vehID="Car_9801" speed="0.00" length="5.00" type="DEFAULT_CAR"/>
    <instantOut id="235_D11" time="18071.25" state="stay" vehID="Car_9801" speed="0.00" length="5.00" type="DEFAULT_CAR"/>
    <instantOut id="235_D11" time="18071.50" state="stay" vehID="Car_9801" speed="0.00" length="5.00" type="DEFAULT_CAR"/>
    <instantOut id="235_D11" time="18071.75" state="stay" vehID="Car_9801" speed="0.00" length="5.00" type="DEFAULT_CAR"/>
    <instantOut id="235_D11" time="18072.00" state="stay" vehID="Car_9801" speed="0.00" length="5.00" type="DEFAULT_CAR"/>
    <instantOut id="235_D11" time="18072.25" state="stay" vehID="Car_9801" speed="0.00" length="5.00" type="DEFAULT_CAR"/>
    <instantOut id="235_D11" time="18072.50" state="stay" vehID="Car_9801" speed="0.00" length="5.00" type="DEFAULT_CAR"/>
    <instantOut id="235_D11" time="18072.75" state="stay" vehID="Car_9801" speed="0.00" length="5.00" type="DEFAULT_CAR"/>
    <instantOut id="235_D11" time="18073.00" state="stay" vehID="Car_9801" speed="0.00" length="5.00" type="DEFAULT_CAR"/>
    <instantOut id="235_D11" time="18073.25" state="stay" vehID="Car_9801" speed="0.00" length="5.00" type="DEFAULT_CAR"/>
    <instantOut id="235_D11" time="18073.50" state="stay" vehID="Car_9801" speed="0.00" length="5.00" type="DEFAULT_CAR"/>
    <instantOut id="235_D11" time="18073.75" state="stay" vehID="Car_9801" speed="0.00" length="5.00" type="DEFAULT_CAR"/>
    <instantOut id="235_D11" time="18074.00" state="stay" vehID="Car_9801" speed="0.00" length="5.00" type="DEFAULT_CAR"/>
    <instantOut id="235_D11" time="18074.25" state="stay" vehID="Car_9801" speed="0.00" length="5.00" type="DEFAULT_CAR"/>
    <instantOut id="235_D11" time="18074.50" state="stay" vehID="Car_9801" speed="0.00" length="5.00" type="DEFAULT_CAR"/>
    <instantOut id="235_D11" time="18074.75" state="stay" vehID="Car_9801" speed="0.85" length="5.00" type="DEFAULT_CAR"/>
    <instantOut id="235_D11" time="18075.00" state="stay" vehID="Car_9801" speed="1.62" length="5.00" type="DEFAULT_CAR"/>
    <instantOut id="235_D11" time="18075.25" state="stay" vehID="Car_9801" speed="2.45" length="5.00" type="DEFAULT_CAR"/>
    <instantOut id="235_D11" time="18075.50" state="leave" vehID="Car_9801" speed="3.21" length="5.00" type="DEFAULT_CAR" occupancy="7.59"/>
    <instantOut id="235_D11" time="18450.95" state="enter" vehID="Car_9802" speed="5.98" length="5.00" type="DEFAULT_CAR" gap="375.46"/>
    <instantOut id="235_D11" time="18451.00" state="stay" vehID="Car_9802" speed="5.98" length="5.00" type="DEFAULT_CAR"/>
    <instantOut id="235_D11" time="18451.25" state="stay" vehID="Car_9802" speed="6.93" length="5.00" type="DEFAULT_CAR"/>
    <instantOut id="235_D11" time="18451.50" state="stay" vehID="Car_9802" speed="7.49" length="5.00" type="DEFAULT_CAR"/>
    <instantOut id="235_D11" time="18451.64" state="leave" vehID="Car_9802" speed="8.06" length="5.00" type="DEFAULT_CAR" occupancy="0.69"/>
    <instantOut id="235_D11" time="18589.98" state="enter" vehID="Car_9803" speed="4.49" length="5.00" type="DEFAULT_CAR" gap="138.35"/>
    <instantOut id="235_D11" time="18590.00" state="stay" vehID="Car_9803" speed="4.49" length="5.00" type="DEFAULT_CAR"/>
    <instantOut id="235_D11" time="18590.25" state="stay" vehID="Car_9803" speed="3.74" length="5.00" type="DEFAULT_CAR"/>
    <instantOut id="235_D11" time="18590.50" state="stay" vehID="Car_9803" speed="2.99" length="5.00" type="DEFAULT_CAR"/>
    <instantOut id="235_D11" time="18590.75" state="stay" vehID="Car_9803" speed="2.24" length="5.00" type="DEFAULT_CAR"/>
    <instantOut id="235_D11" time="18591.00" state="stay" vehID="Car_9803" speed="1.55" length="5.00" type="DEFAULT_CAR"/>
    <instantOut id="235_D11" time="18591.25" state="stay" vehID="Car_9803" speed="0.84" length="5.00" type="DEFAULT_CAR"/>
    <instantOut id="235_D11" time="18591.50" state="stay" vehID="Car_9803" speed="0.24" length="5.00" type="DEFAULT_CAR"/>
    <instantOut id="235_D11" time="18591.75" state="stay" vehID="Car_9803" speed="0.01" length="5.00" type="DEFAULT_CAR"/>
    <instantOut id="235_D11" time="18592.00" state="stay" vehID="Car_9803" speed="0.00" length="5.00" type="DEFAULT_CAR"/>
    <instantOut id="235_D11" time="18592.25" state="stay" vehID="Car_9803" speed="0.00" length="5.00" type="DEFAULT_CAR"/>
    <instantOut id="235_D11" time="18592.50" state="stay" vehID="Car_9803" speed="0.00" length="5.00" type="DEFAULT_CAR"/>
    <instantOut id="235_D11" time="18592.75" state="stay" vehID="Car_9803" speed="0.00" length="5.00" type="DEFAULT_CAR"/>
    <instantOut id="235_D11" time="18593.00" state="stay" vehID="Car_9803" speed="0.00" length="5.00" type="DEFAULT_CAR"/>
    <instantOut id="235_D11" time="18593.25" state="stay" vehID="Car_9803" speed="0.00" length="5.00" type="DEFAULT_CAR"/>
    <instantOut id="235_D11" time="18593.50" state="stay" vehID="Car_9803" speed="0.00" length="5.00" type="DEFAULT_CAR"/>
    <instantOut id="235_D11" time="18593.75" state="stay" vehID="Car_9803" speed="0.00" length="5.00" type="DEFAULT_CAR"/>
    <instantOut id="235_D11" time="18594.00" state="stay" vehID="Car_9803" speed="0.00" length="5.00" type="DEFAULT_CAR"/>
    <instantOut id="235_D11" time="18594.25" state="stay" vehID="Car_9803" speed="0.00" length="5.00" type="DEFAULT_CAR"/>
    <instantOut id="235_D11" time="18594.50" state="stay" vehID="Car_9803" speed="0.00" length="5.00" type="DEFAULT_CAR"/>
    <instantOut id="235_D11" time="18594.75" state="stay" vehID="Car_9803" speed="0.00" length="5.00" type="DEFAULT_CAR"/>
    <instantOut id="235_D11" time="18595.00" state="stay" vehID="Car_9803" speed="0.00" length="5.00" type="DEFAULT_CAR"/>
    <instantOut id="235_D11" time="18595.25" state="stay" vehID="Car_9803" speed="0.00" length="5.00" type="DEFAULT_CAR"/>
    <instantOut id="235_D11" time="18595.50" state="stay" vehID="Car_9803" speed="0.00" length="5.00" type="DEFAULT_CAR"/>
    <instantOut id="235_D11" time="18595.75" state="stay" vehID="Car_9803" speed="0.00" length="5.00" type="DEFAULT_CAR"/>
    <instantOut id="235_D11" time="18596.00" state="stay" vehID="Car_9803" speed="0.00" length="5.00" type="DEFAULT_CAR"/>
    <instantOut id="235_D11" time="18596.25" state="stay" vehID="Car_9803" speed="0.00" length="5.00" type="DEFAULT_CAR"/>
    <instantOut id="235_D11" time="18596.50" state="stay" vehID="Car_9803" speed="0.00" length="5.00" type="DEFAULT_CAR"/>
    <instantOut id="235_D11" time="18596.75" state="stay" vehID="Car_9803" speed="0.00" length="5.00" type="DEFAULT_CAR"/>
    <instantOut id="235_D11" time="18597.00" state="stay" vehID="Car_9803" speed="0.00" length="5.00" type="DEFAULT_CAR"/>
    <instantOut id="235_D11" time="18597.25" state="stay" vehID="Car_9803" speed="0.00" length="5.00" type="DEFAULT_CAR"/>
    <instantOut id="235_D11" time="18597.50" state="stay" vehID="Car_9803" speed="0.00" length="5.00" type="DEFAULT_CAR"/>
    <instantOut id="235_D11" time="18597.75" state="stay" vehID="Car_9803" speed="0.00" length="5.00" type="DEFAULT_CAR"/>
    <instantOut id="235_D11" time="18598.00" state="stay" vehID="Car_9803" speed="0.00" length="5.00" type="DEFAULT_CAR"/>
    <instantOut id="235_D11" time="18598.25" state="stay" vehID="Car_9803" speed="0.00" length="5.00" type="DEFAULT_CAR"/>
    <instantOut id="235_D11" time="18598.50" state="stay" vehID="Car_9803" speed="0.00" length="5.00" type="DEFAULT_CAR"/>
    <instantOut id="235_D11" time="18598.75" state="stay" vehID="Car_9803" speed="0.00" length="5.00" type="DEFAULT_CAR"/>
    <instantOut id="235_D11" time="18599.00" state="stay" vehID="Car_9803" speed="0.00" length="5.00" type="DEFAULT_CAR"/>
    <instantOut id="235_D11" time="18599.25" state="stay" vehID="Car_9803" speed="0.00" length="5.00" type="DEFAULT_CAR"/>
    <instantOut id="235_D11" time="18599.50" state="stay" vehID="Car_9803" speed="0.00" length="5.00" type="DEFAULT_CAR"/>
    <instantOut id="235_D11" time="18599.75" state="stay" vehID="Car_9803" speed="0.00" length="5.00" type="DEFAULT_CAR"/>
    <instantOut id="235_D11" time="18600.00" state="stay" vehID="Car_9803" speed="0.00" length="5.00" type="DEFAULT_CAR"/>
    <instantOut id="235_D11" time="18600.25" state="stay" vehID="Car_9803" speed="0.00" length="5.00" type="DEFAULT_CAR"/>
    <instantOut id="235_D11" time="18600.50" state="stay" vehID="Car_9803" speed="0.00" length="5.00" type="DEFAULT_CAR"/>
    <instantOut id="235_D11" time="18600.75" state="stay" vehID="Car_9803" speed="0.94" length="5.00" type="DEFAULT_CAR"/>
    <instantOut id="235_D11" time="18601.00" state="stay" vehID="Car_9803" speed="1.76" length="5.00" type="DEFAULT_CAR"/>
    <instantOut id="235_D11" time="18601.25" state="stay" vehID="Car_9803" speed="2.38" length="5.00" type="DEFAULT_CAR"/>
    <instantOut id="235_D11" time="18601.48" state="leave" vehID="Car_9803" speed="3.28" length="5.00" type="DEFAULT_CAR" occupancy="11.50"/>
    <instantOut id="235_D11" time="18723.05" state="enter" vehID="Car_9804" speed="3.94" length="5.00" type="DEFAULT_CAR" gap="121.57"/>
    <instantOut id="235_D11" time="18723.25" state="stay" vehID="Car_9804" speed="3.94" length="5.00" type="DEFAULT_CAR"/>
    <instantOut id="235_D11" time="18723.50" state="stay" vehID="Car_9804" speed="3.19" length="5.00" type="DEFAULT_CAR"/>
    <instantOut id="235_D11" time="18723.75" state="stay" vehID="Car_9804" speed="2.44" length="5.00" type="DEFAULT_CAR"/>
    <instantOut id="235_D11" time="18724.00" state="stay" vehID="Car_9804" speed="3.39" length="5.00" type="DEFAULT_CAR"/>
    <instantOut id="235_D11" time="18724.25" state="stay" vehID="Car_9804" speed="4.29" length="5.00" type="DEFAULT_CAR"/>
    <instantOut id="235_D11" time="18724.42" state="leave" vehID="Car_9804" speed="5.14" length="5.00" type="DEFAULT_CAR" occupancy="1.37"/>
    <instantOut id="235_D11" time="18803.97" state="enter" vehID="Car_9805" speed="6.03" length="5.00" type="DEFAULT_CAR" gap="79.55"/>
    <instantOut id="235_D11" time="18804.00" state="stay" vehID="Car_9805" speed="6.03" length="5.00" type="DEFAULT_CAR"/>
    <instantOut id="235_D11" time="18804.25" state="stay" vehID="Car_9805" speed="6.86" length="5.00" type="DEFAULT_CAR"/>
    <instantOut id="235_D11" time="18804.50" state="stay" vehID="Car_9805" speed="6.11" length="5.00" type="DEFAULT_CAR"/>
    <instantOut id="235_D11" time="18804.75" state="stay" vehID="Car_9805" speed="6.09" length="5.00" type="DEFAULT_CAR"/>
    <instantOut id="235_D11" time="18804.76" state="leave" vehID="Car_9805" speed="5.81" length="5.00" type="DEFAULT_CAR" occupancy="0.79"/>
    <instantOut id="235_D11" time="18899.95" state="enter" vehID="Car_9806" speed="6.24" length="5.00" type="DEFAULT_CAR" gap="95.18"/>
    <instantOut id="235_D11" time="18900.00" state="stay" vehID="Car_9806" speed="6.24" length="5.00" type="DEFAULT_CAR"/>
    <instantOut id="235_D11" time="18900.25" state="stay" vehID="Car_9806" speed="7.19" length="5.00" type="DEFAULT_CAR"/>
    <instantOut id="235_D11" time="18900.50" state="stay" vehID="Car_9806" speed="6.44" length="5.00" type="DEFAULT_CAR"/>
    <instantOut id="235_D11" time="18900.69" state="leave" vehID="Car_9806" speed="6.48" length="5.00" type="DEFAULT_CAR" occupancy="0.75"/>
    <instantOut id="235_D11" time="18912.04" state="enter" vehID="Car_9798" speed="3.89" length="5.00" type="DEFAULT_CAR" gap="11.34"/>
    <instantOut id="235_D11" time="18912.25" state="stay" vehID="Car_9798" speed="3.89" length="5.00" type="DEFAULT_CAR"/>
    <instantOut id="235_D11" time="18912.50" state="stay" vehID="Car_9798" speed="3.14" length="5.00" type="DEFAULT_CAR"/>
    <instantOut id="235_D11" time="18912.75" state="stay" vehID="Car_9798" speed="2.43" length="5.00" type="DEFAULT_CAR"/>
    <instantOut id="235_D11" time="18913.00" state="stay" vehID="Car_9798" speed="1.68" length="5.00" type="DEFAULT_CAR"/>
    <instantOut id="235_D11" time="18913.25" state="stay" vehID="Car_9798" speed="1.03" length="5.00" type="DEFAULT_CAR"/>
    <instantOut id="235_D11" time="18913.50" state="stay" vehID="Car_9798" speed="0.28" length="5.00" type="DEFAULT_CAR"/>
    <instantOut id="235_D11" time="18913.75" state="stay" vehID="Car_9798" speed="0.00" length="5.00" type="DEFAULT_CAR"/>
    <instantOut id="235_D11" time="18914.00" state="stay" vehID="Car_9798" speed="0.00" length="5.00" type="DEFAULT_CAR"/>
    <instantOut id="235_D11" time="18914.25" state="stay" vehID="Car_9798" speed="0.00" length="5.00" type="DEFAULT_CAR"/>
    <instantOut id="235_D11" time="18914.50" state="stay" vehID="Car_9798" speed="0.00" length="5.00" type="DEFAULT_CAR"/>
    <instantOut id="235_D11" time="18914.75" state="stay" vehID="Car_9798" speed="0.00" length="5.00" type="DEFAULT_CAR"/>
    <instantOut id="235_D11" time="18915.00" state="stay" vehID="Car_9798" speed="0.00" length="5.00" type="DEFAULT_CAR"/>
    <instantOut id="235_D11" time="18915.25" state="stay" vehID="Car_9798" speed="0.00" length="5.00" type="DEFAULT_CAR"/>
    <instantOut id="235_D11" time="18915.50" state="stay" vehID="Car_9798" speed="0.00" length="5.00" type="DEFAULT_CAR"/>
    <instantOut id="235_D11" time="18915.75" state="stay" vehID="Car_9798" speed="0.92" length="5.00" type="DEFAULT_CAR"/>
    <instantOut id="235_D11" time="18916.00" state="stay" vehID="Car_9798" speed="1.77" length="5.00" type="DEFAULT_CAR"/>
    <instantOut id="235_D11" time="18916.25" state="stay" vehID="Car_9798" speed="2.61" length="5.00" type="DEFAULT_CAR"/>
    <instantOut id="235_D11" time="18916.45" state="leave" vehID="Car_9798" speed="3.45" length="5.00" type="DEFAULT_CAR" occupancy="4.42"/>
    <instantOut id="235_D11" time="19044.90" state="enter" vehID="Car_9800" speed="6.00" length="5.00" type="DEFAULT_CAR" gap="128.45"/>
    <instantOut id="235_D11" time="19045.00" state="stay" vehID="Car_9800" speed="6.00" length="5.00" type="DEFAULT_CAR"/>
    <instantOut id="235_D11" time="19045.25" state="stay" vehID="Car_9800" speed="6.95" length="5.00" type="DEFAULT_CAR"/>
    <instantOut id="235_D11" time="19045.50" state="stay" vehID="Car_9800" speed="7.79" length="5.00" type="DEFAULT_CAR"/>
    <instantOut id="235_D11" time="19045.58" state="leave" vehID="Car_9800" speed="8.60" length="5.00" type="DEFAULT_CAR" occupancy="0.68"/>
    <instantOut id="235_D11" time="21550.02" state="enter" vehID="Car_13511" speed="3.92" length="5.00" type="DEFAULT_CAR" gap="2504.44"/>
    <instantOut id="235_D11" time="21550.25" state="stay" vehID="Car_13511" speed="3.92" length="5.00" type="DEFAULT_CAR"/>
    <instantOut id="235_D11" time="21550.50" state="stay" vehID="Car_13511" speed="3.17" length="5.00" type="DEFAULT_CAR"/>
    <instantOut id="235_D11" time="21550.75" state="stay" vehID="Car_13511" speed="2.42" length="5.00" type="DEFAULT_CAR"/>
    <instantOut id="235_D11" time="21551.00" state="stay" vehID="Car_13511" speed="1.67" length="5.00" type="DEFAULT_CAR"/>
    <instantOut id="235_D11" time="21551.25" state="stay" vehID="Car_13511" speed="0.92" length="5.00" type="DEFAULT_CAR"/>
    <instantOut id="235_D11" time="21551.50" state="stay" vehID="Car_13511" speed="0.18" length="5.00" type="DEFAULT_CAR"/>
    <instantOut id="235_D11" time="21551.75" state="stay" vehID="Car_13511" speed="0.01" length="5.00" type="DEFAULT_CAR"/>
    <instantOut id="235_D11" time="21552.00" state="stay" vehID="Car_13511" speed="0.00" length="5.00" type="DEFAULT_CAR"/>
    <instantOut id="235_D11" time="21552.25" state="stay" vehID="Car_13511" speed="0.00" length="5.00" type="DEFAULT_CAR"/>
    <instantOut id="235_D11" time="21552.50" state="stay" vehID="Car_13511" speed="0.00" length="5.00" type="DEFAULT_CAR"/>
    <instantOut id="235_D11" time="21552.75" state="stay" vehID="Car_13511" speed="0.00" length="5.00" type="DEFAULT_CAR"/>
    <instantOut id="235_D11" time="21553.00" state="stay" vehID="Car_13511" speed="0.85" length="5.00" type="DEFAULT_CAR"/>
    <instantOut id="235_D11" time="21553.25" state="stay" vehID="Car_13511" speed="1.69" length="5.00" type="DEFAULT_CAR"/>
    <instantOut id="235_D11" time="21553.50" state="stay" vehID="Car_13511" speed="2.60" length="5.00" type="DEFAULT_CAR"/>
    <instantOut id="235_D11" time="21553.72" state="leave" vehID="Car_13511" speed="3.31" length="5.00" type="DEFAULT_CAR" occupancy="3.70"/>
    <instantOut id="235_D11" time="21814.97" state="enter" vehID="Car_13512" speed="4.50" length="5.00" type="DEFAULT_CAR" gap="261.25"/>
    <instantOut id="235_D11" time="21815.00" state="stay" vehID="Car_13512" speed="4.50" length="5.00" type="DEFAULT_CAR"/>
    <instantOut id="235_D11" time="21815.25" state="stay" vehID="Car_13512" speed="3.75" length="5.00" type="DEFAULT_CAR"/>
    <instantOut id="235_D11" time="21815.50" state="stay" vehID="Car_13512" speed="3.00" length="5.00" type="DEFAULT_CAR"/>
    <instantOut id="235_D11" time="21815.75" state="stay" vehID="Car_13512" speed="2.26" length="5.00" type="DEFAULT_CAR"/>
    <instantOut id="235_D11" time="21816.00" state="stay" vehID="Car_13512" speed="1.51" length="5.00" type="DEFAULT_CAR"/>
    <instantOut id="235_D11" time="21816.25" state="stay" vehID="Car_13512" speed="0.78" length="5.00" type="DEFAULT_CAR"/>
    <instantOut id="235_D11" time="21816.50" state="stay" vehID="Car_13512" speed="0.05" length="5.00" type="DEFAULT_CAR"/>
    <instantOut id="235_D11" time="21816.75" state="stay" vehID="Car_13512" speed="0.00" length="5.00" type="DEFAULT_CAR"/>
    <instantOut id="235_D11" time="21817.00" state="stay" vehID="Car_13512" speed="0.00" length="5.00" type="DEFAULT_CAR"/>
    <instantOut id="235_D11" time="21817.25" state="stay" vehID="Car_13512" speed="0.00" length="5.00" type="DEFAULT_CAR"/>
    <instantOut id="235_D11" time="21817.50" state="stay" vehID="Car_13512" speed="0.00" length="5.00" type="DEFAULT_CAR"/>
    <instantOut id="235_D11" time="21817.75" state="stay" vehID="Car_13512" speed="0.00" length="5.00" type="DEFAULT_CAR"/>
    <instantOut id="235_D11" time="21818.00" state="stay" vehID="Car_13512" speed="0.00" length="5.00" type="DEFAULT_CAR"/>
    <instantOut id="235_D11" time="21818.25" state="stay" vehID="Car_13512" speed="0.00" length="5.00" type="DEFAULT_CAR"/>
    <instantOut id="235_D11" time="21818.50" state="stay" vehID="Car_13512" speed="0.00" length="5.00" type="DEFAULT_CAR"/>
    <instantOut id="235_D11" time="21818.75" state="stay" vehID="Car_13512" speed="0.00" length="5.00" type="DEFAULT_CAR"/>
    <instantOut id="235_D11" time="21819.00" state="stay" vehID="Car_13512" speed="0.00" length="5.00" type="DEFAULT_CAR"/>
    <instantOut id="235_D11" time="21819.25" state="stay" vehID="Car_13512" speed="0.00" length="5.00" type="DEFAULT_CAR"/>
    <instantOut id="235_D11" time="21819.50" state="stay" vehID="Car_13512" speed="0.00" length="5.00" type="DEFAULT_CAR"/>
    <instantOut id="235_D11" time="21819.75" state="stay" vehID="Car_13512" speed="0.00" length="5.00" type="DEFAULT_CAR"/>
    <instantOut id="235_D11" time="21820.00" state="stay" vehID="Car_13512" speed="0.00" length="5.00" type="DEFAULT_CAR"/>
    <instantOut id="235_D11" time="21820.25" state="stay" vehID="Car_13512" speed="0.00" length="5.00" type="DEFAULT_CAR"/>
    <instantOut id="235_D11" time="21820.50" state="stay" vehID="Car_13512" speed="0.00" length="5.00" type="DEFAULT_CAR"/>
    <instantOut id="235_D11" time="21820.75" state="stay" vehID="Car_13512" speed="0.93" length="5.00" type="DEFAULT_CAR"/>
    <instantOut id="235_D11" time="21821.00" state="stay" vehID="Car_13512" speed="1.81" length="5.00" type="DEFAULT_CAR"/>
    <instantOut id="235_D11" time="21821.25" state="stay" vehID="Car_13512" speed="2.48" length="5.00" type="DEFAULT_CAR"/>
    <instantOut id="235_D11" time="21821.46" state="leave" vehID="Car_13512" speed="3.42" length="5.00" type="DEFAULT_CAR" occupancy="6.49"/>
    <instantOut id="235_D11" time="23127.89" state="enter" vehID="Car_13513" speed="5.92" length="5.00" type="DEFAULT_CAR" gap="1306.43"/>
    <instantOut id="235_D11" time="23128.00" state="stay" vehID="Car_13513" speed="5.92" length="5.00" type="DEFAULT_CAR"/>
    <instantOut id="235_D11" time="23128.25" state="stay" vehID="Car_13513" speed="6.87" length="5.00" type="DEFAULT_CAR"/>
    <instantOut id="235_D11" time="23128.50" state="stay" vehID="Car_13513" speed="7.59" length="5.00" type="DEFAULT_CAR"/>
    <instantOut id="235_D11" time="23128.59" state="leave" vehID="Car_13513" speed="8.09" length="5.00" type="DEFAULT_CAR" occupancy="0.70"/>
    <instantOut id="235_D11" time="23239.91" state="enter" vehID="Car_13515" speed="6.17" length="5.00" type="DEFAULT_CAR" gap="111.32"/>
    <instantOut id="235_D11" time="23240.00" state="stay" vehID="Car_13515" speed="6.17" length="5.00" type="DEFAULT_CAR"/>
    <instantOut id="235_D11" time="23240.25" state="stay" vehID="Car_13515" speed="7.12" length="5.00" type="DEFAULT_CAR"/>
    <instantOut id="235_D11" time="23240.50" state="stay" vehID="Car_13515" speed="7.72" length="5.00" type="DEFAULT_CAR"/>
    <instantOut id="235_D11" time="23240.59" state="leave" vehID="Car_13515" speed="8.28" length="5.00" type="DEFAULT_CAR" occupancy="0.68"/>
    <instantOut id="235_D11" time="24155.90" state="enter" vehID="Car_15003" speed="6.09" length="5.00" type="DEFAULT_CAR" gap="915.31"/>
    <instantOut id="235_D11" time="24156.00" state="stay" vehID="Car_15003" speed="6.09" length="5.00" type="DEFAULT_CAR"/>
    <instantOut id="235_D11" time="24156.25" state="stay" vehID="Car_15003" speed="7.04" length="5.00" type="DEFAULT_CAR"/>
    <instantOut id="235_D11" time="24156.50" state="stay" vehID="Car_15003" speed="7.88" length="5.00" type="DEFAULT_CAR"/>
    <instantOut id="235_D11" time="24156.58" state="leave" vehID="Car_15003" speed="8.54" length="5.00" type="DEFAULT_CAR" occupancy="0.68"/>
    <instantOut id="235_D11" time="25649.93" state="enter" vehID="Car_15004" speed="6.21" length="5.00" type="DEFAULT_CAR" gap="1493.36"/>
    <instantOut id="235_D11" time="25650.00" state="stay" vehID="Car_15004" speed="6.21" length="5.00" type="DEFAULT_CAR"/>
    <instantOut id="235_D11" time="25650.25" state="stay" vehID="Car_15004" speed="7.05" length="5.00" type="DEFAULT_CAR"/>
    <instantOut id="235_D11" time="25650.50" state="stay" vehID="Car_15004" speed="6.30" length="5.00" type="DEFAULT_CAR"/>
    <instantOut id="235_D11" time="25650.70" state="leave" vehID="Car_15004" speed="6.20" length="5.00" type="DEFAULT_CAR" occupancy="0.77"/>
    <instantOut id="235_D11" time="26995.97" state="enter" vehID="Car_15005" speed="4.43" length="5.00" type="DEFAULT_CAR" gap="1345.27"/>
    <instantOut id="235_D11" time="26996.00" state="stay" vehID="Car_15005" speed="4.43" length="5.00" type="DEFAULT_CAR"/>
    <instantOut id="235_D11" time="26996.25" state="stay" vehID="Car_15005" speed="3.68" length="5.00" type="DEFAULT_CAR"/>
    <instantOut id="235_D11" time="26996.50" state="stay" vehID="Car_15005" speed="2.93" length="5.00" type="DEFAULT_CAR"/>
    <instantOut id="235_D11" time="26996.75" state="stay" vehID="Car_15005" speed="2.27" length="5.00" type="DEFAULT_CAR"/>
    <instantOut id="235_D11" time="26997.00" state="stay" vehID="Car_15005" speed="1.53" length="5.00" type="DEFAULT_CAR"/>
    <instantOut id="235_D11" time="26997.25" state="stay" vehID="Car_15005" speed="0.78" length="5.00" type="DEFAULT_CAR"/>
    <instantOut id="235_D11" time="26997.50" state="stay" vehID="Car_15005" speed="0.18" length="5.00" type="DEFAULT_CAR"/>
    <instantOut id="235_D11" time="26997.75" state="stay" vehID="Car_15005" speed="0.00" length="5.00" type="DEFAULT_CAR"/>
    <instantOut id="235_D11" time="26998.00" state="stay" vehID="Car_15005" speed="0.00" length="5.00" type="DEFAULT_CAR"/>
    <instantOut id="235_D11" time="26998.25" state="stay" vehID="Car_15005" speed="0.00" length="5.00" type="DEFAULT_CAR"/>
    <instantOut id="235_D11" time="26998.50" state="stay" vehID="Car_15005" speed="0.00" length="5.00" type="DEFAULT_CAR"/>
    <instantOut id="235_D11" time="26998.75" state="stay" vehID="Car_15005" speed="0.00" length="5.00" type="DEFAULT_CAR"/>
    <instantOut id="235_D11" time="26999.00" state="stay" vehID="Car_15005" speed="0.00" length="5.00" type="DEFAULT_CAR"/>
    <instantOut id="235_D11" time="26999.25" state="stay" vehID="Car_15005" speed="0.00" length="5.00" type="DEFAULT_CAR"/>
    <instantOut id="235_D11" time="26999.50" state="stay" vehID="Car_15005" speed="0.00" length="5.00" type="DEFAULT_CAR"/>
    <instantOut id="235_D11" time="26999.75" state="stay" vehID="Car_15005" speed="0.00" length="5.00" type="DEFAULT_CAR"/>
    <instantOut id="235_D11" time="27000.00" state="stay" vehID="Car_15005" speed="0.00" length="5.00" type="DEFAULT_CAR"/>
    <instantOut id="235_D11" time="27000.25" state="stay" vehID="Car_15005" speed="0.00" length="5.00" type="DEFAULT_CAR"/>
    <instantOut id="235_D11" time="27000.50" state="stay" vehID="Car_15005" speed="0.00" length="5.00" type="DEFAULT_CAR"/>
    <instantOut id="235_D11" time="27000.75" state="stay" vehID="Car_15005" speed="0.00" length="5.00" type="DEFAULT_CAR"/>
    <instantOut id="235_D11" time="27001.00" state="stay" vehID="Car_15005" speed="0.88" length="5.00" type="DEFAULT_CAR"/>
    <instantOut id="235_D11" time="27001.25" state="stay" vehID="Car_15005" speed="1.76" length="5.00" type="DEFAULT_CAR"/>
    <instantOut id="235_D11" time="27001.50" state="stay" vehID="Car_15005" speed="2.41" length="5.00" type="DEFAULT_CAR"/>
    <instantOut id="235_D11" time="27001.75" state="stay" vehID="Car_15005" speed="3.01" length="5.00" type="DEFAULT_CAR"/>
    <instantOut id="235_D11" time="27001.75" state="leave" vehID="Car_15005" speed="3.95" length="5.00" type="DEFAULT_CAR" occupancy="5.78"/>
    <instantOut id="235_D11" time="27040.88" state="enter" vehID="Car_15006" speed="5.80" length="5.00" type="DEFAULT_CAR" gap="39.13"/>
    <instantOut id="235_D11" time="27041.00" state="stay" vehID="Car_15006" speed="5.80" length="5.00" type="DEFAULT_CAR"/>
    <instantOut id="235_D11" time="27041.25" state="stay" vehID="Car_15006" speed="6.75" length="5.00" type="DEFAULT_CAR"/>
    <instantOut id="235_D11" time="27041.50" state="stay" vehID="Car_15006" speed="7.61" length="5.00" type="DEFAULT_CAR"/>
    <instantOut id="235_D11" time="27041.59" state="leave" vehID="Car_15006" speed="8.55" length="5.00" type="DEFAULT_CAR" occupancy="0.70"/>
    <instantOut id="235_D11" time="29239.05" state="enter" vehID="Car_16580" speed="3.80" length="5.00" type="DEFAULT_CAR" gap="2197.47"/>
    <instantOut id="235_D11" time="29239.25" state="stay" vehID="Car_16580" speed="3.80" length="5.00" type="DEFAULT_CAR"/>
    <instantOut id="235_D11" time="29239.50" state="stay" vehID="Car_16580" speed="3.05" length="5.00" type="DEFAULT_CAR"/>
    <instantOut id="235_D11" time="29239.75" state="stay" vehID="Car_16580" speed="2.38" length="5.00" type="DEFAULT_CAR"/>
    <instantOut id="235_D11" time="29240.00" state="stay" vehID="Car_16580" speed="1.78" length="5.00" type="DEFAULT_CAR"/>
    <instantOut id="235_D11" time="29240.25" state="stay" vehID="Car_16580" speed="1.20" length="5.00" type="DEFAULT_CAR"/>
    <instantOut id="235_D11" time="29240.50" state="stay" vehID="Car_16580" speed="0.49" length="5.00" type="DEFAULT_CAR"/>
    <instantOut id="235_D11" time="29240.75" state="stay" vehID="Car_16580" speed="1.38" length="5.00" type="DEFAULT_CAR"/>
    <instantOut id="235_D11" time="29241.00" state="stay" vehID="Car_16580" speed="2.14" length="5.00" type="DEFAULT_CAR"/>
    <instantOut id="235_D11" time="29241.25" state="stay" vehID="Car_16580" speed="2.73" length="5.00" type="DEFAULT_CAR"/>
    <instantOut id="235_D11" time="29241.38" state="leave" vehID="Car_16580" speed="3.65" length="5.00" type="DEFAULT_CAR" occupancy="2.32"/>
    <instantOut id="235_D11" time="32253.94" state="enter" vehID="Car_19134" speed="6.07" length="5.00" type="DEFAULT_CAR" gap="3012.56"/>
    <instantOut id="235_D11" time="32254.00" state="stay" vehID="Car_19134" speed="6.07" length="5.00" type="DEFAULT_CAR"/>
    <instantOut id="235_D11" time="32254.25" state="stay" vehID="Car_19134" speed="6.79" length="5.00" type="DEFAULT_CAR"/>
    <instantOut id="235_D11" time="32254.50" state="stay" vehID="Car_19134" speed="7.63" length="5.00" type="DEFAULT_CAR"/>
    <instantOut id="235_D11" time="32254.63" state="leave" vehID="Car_19134" speed="7.84" length="5.00" type="DEFAULT_CAR" occupancy="0.69"/>
    <instantOut id="235_D11" time="32986.95" state="enter" vehID="Car_19133" speed="6.13" length="5.00" type="DEFAULT_CAR" gap="732.32"/>
    <instantOut id="235_D11" time="32987.00" state="stay" vehID="Car_19133" speed="6.13" length="5.00" type="DEFAULT_CAR"/>
    <instantOut id="235_D11" time="32987.25" state="stay" vehID="Car_19133" speed="7.08" length="5.00" type="DEFAULT_CAR"/>
    <instantOut id="235_D11" time="32987.50" state="stay" vehID="Car_19133" speed="7.64" length="5.00" type="DEFAULT_CAR"/>
    <instantOut id="235_D11" time="32987.62" state="leave" vehID="Car_19133" speed="8.23" length="5.00" type="DEFAULT_CAR" occupancy="0.67"/>
    <instantOut id="235_D11" time="33215.92" state="enter" vehID="Car_19132" speed="6.23" length="5.00" type="DEFAULT_CAR" gap="228.30"/>
    <instantOut id="235_D11" time="33216.00" state="stay" vehID="Car_19132" speed="6.23" length="5.00" type="DEFAULT_CAR"/>
    <instantOut id="235_D11" time="33216.25" state="stay" vehID="Car_19132" speed="7.18" length="5.00" type="DEFAULT_CAR"/>
    <instantOut id="235_D11" time="33216.50" state="stay" vehID="Car_19132" speed="8.03" length="5.00" type="DEFAULT_CAR"/>
    <instantOut id="235_D11" time="33216.58" state="leave" vehID="Car_19132" speed="8.77" length="5.00" type="DEFAULT_CAR" occupancy="0.66"/>
    <instantOut id="235_D11" time="33324.03" state="enter" vehID="Car_19131" speed="3.62" length="5.00" type="DEFAULT_CAR" gap="107.45"/>
    <instantOut id="235_D11" time="33324.25" state="stay" vehID="Car_19131" speed="3.62" length="5.00" type="DEFAULT_CAR"/>
    <instantOut id="235_D11" time="33324.50" state="stay" vehID="Car_19131" speed="3.16" length="5.00" type="DEFAULT_CAR"/>
    <instantOut id="235_D11" time="33324.75" state="stay" vehID="Car_19131" speed="2.42" length="5.00" type="DEFAULT_CAR"/>
    <instantOut id="235_D11" time="33325.00" state="stay" vehID="Car_19131" speed="1.67" length="5.00" type="DEFAULT_CAR"/>
    <instantOut id="235_D11" time="33325.25" state="stay" vehID="Car_19131" speed="0.96" length="5.00" type="DEFAULT_CAR"/>
    <instantOut id="235_D11" time="33325.50" state="stay" vehID="Car_19131" speed="0.42" length="5.00" type="DEFAULT_CAR"/>
    <instantOut id="235_D11" time="33325.75" state="stay" vehID="Car_19131" speed="0.05" length="5.00" type="DEFAULT_CAR"/>
    <instantOut id="235_D11" time="33326.00" state="stay" vehID="Car_19131" speed="0.01" length="5.00" type="DEFAULT_CAR"/>
    <instantOut id="235_D11" time="33326.25" state="stay" vehID="Car_19131" speed="0.00" length="5.00" type="DEFAULT_CAR"/>
    <instantOut id="235_D11" time="33326.50" state="stay" vehID="Car_19131" speed="0.00" length="5.00" type="DEFAULT_CAR"/>
    <instantOut id="235_D11" time="33326.75" state="stay" vehID="Car_19131" speed="0.00" length="5.00" type="DEFAULT_CAR"/>
    <instantOut id="235_D11" time="33327.00" state="stay" vehID="Car_19131" speed="0.00" length="5.00" type="DEFAULT_CAR"/>
    <instantOut id="235_D11" time="33327.25" state="stay" vehID="Car_19131" speed="0.00" length="5.00" type="DEFAULT_CAR"/>
    <instantOut id="235_D11" time="33327.50" state="stay" vehID="Car_19131" speed="0.00" length="5.00" type="DEFAULT_CAR"/>
    <instantOut id="235_D11" time="33327.75" state="stay" vehID="Car_19131" speed="0.00" length="5.00" type="DEFAULT_CAR"/>
    <instantOut id="235_D11" time="33328.00" state="stay" vehID="Car_19131" speed="0.00" length="5.00" type="DEFAULT_CAR"/>
    <instantOut id="235_D11" time="33328.25" state="stay" vehID="Car_19131" speed="0.00" length="5.00" type="DEFAULT_CAR"/>
    <instantOut id="235_D11" time="33328.50" state="stay" vehID="Car_19131" speed="0.87" length="5.00" type="DEFAULT_CAR"/>
    <instantOut id="235_D11" time="33328.75" state="stay" vehID="Car_19131" speed="1.73" length="5.00" type="DEFAULT_CAR"/>
    <instantOut id="235_D11" time="33329.00" state="stay" vehID="Car_19131" speed="2.58" length="5.00" type="DEFAULT_CAR"/>
    <instantOut id="235_D11" time="33329.22" state="leave" vehID="Car_19131" speed="3.30" length="5.00" type="DEFAULT_CAR" occupancy="5.19"/>
    <instantOut id="235_D11" time="34043.91" state="enter" vehID="Car_19130" speed="6.18" length="5.00" type="DEFAULT_CAR" gap="714.69"/>
    <instantOut id="235_D11" time="34044.00" state="stay" vehID="Car_19130" speed="6.18" length="5.00" type="DEFAULT_CAR"/>
    <instantOut id="235_D11" time="34044.25" state="stay" vehID="Car_19130" speed="5.76" length="5.00" type="DEFAULT_CAR"/>
    <instantOut id="235_D11" time="34044.50" state="stay" vehID="Car_19130" speed="5.01" length="5.00" type="DEFAULT_CAR"/>
    <instantOut id="235_D11" time="34044.75" state="stay" vehID="Car_19130" speed="4.61" length="5.00" type="DEFAULT_CAR"/>
    <instantOut id="235_D11" time="34044.87" state="leave" vehID="Car_19130" speed="4.95" length="5.00" type="DEFAULT_CAR" occupancy="0.96"/>
    <instantOut id="235_D11" time="34067.06" state="enter" vehID="Car_19129" speed="5.50" length="5.00" type="DEFAULT_CAR" gap="22.19"/>
    <instantOut id="235_D11" time="34067.25" state="stay" vehID="Car_19129" speed="5.50" length="5.00" type="DEFAULT_CAR"/>
    <instantOut id="235_D11" time="34067.50" state="stay" vehID="Car_19129" speed="6.45" length="5.00" type="DEFAULT_CAR"/>
    <instantOut id="235_D11" time="34067.75" state="stay" vehID="Car_19129" speed="7.29" length="5.00" type="DEFAULT_CAR"/>
    <instantOut id="235_D11" time="34067.81" state="leave" vehID="Car_19129" speed="8.12" length="5.00" type="DEFAULT_CAR" occupancy="0.75"/>
    <instantOut id="235_D11" time="34277.98" state="enter" vehID="Car_19128" speed="4.24" length="5.00" type="DEFAULT_CAR" gap="210.17"/>
    <instantOut id="235_D11" time="34278.00" state="stay" vehID="Car_19128" speed="4.24" length="5.00" type="DEFAULT_CAR"/>
    <instantOut id="235_D11" time="34278.25" state="stay" vehID="Car_19128" speed="3.52" length="5.00" type="DEFAULT_CAR"/>
    <instantOut id="235_D11" time="34278.50" state="stay" vehID="Car_19128" speed="2.77" length="5.00" type="DEFAULT_CAR"/>
    <instantOut id="235_D11" time="34278.75" state="stay" vehID="Car_19128" speed="2.29" length="5.00" type="DEFAULT_CAR"/>
    <instantOut id="235_D11" time="34279.00" state="stay" vehID="Car_19128" speed="1.61" length="5.00" type="DEFAULT_CAR"/>
    <instantOut id="235_D11" time="34279.25" state="stay" vehID="Car_19128" speed="1.06" length="5.00" type="DEFAULT_CAR"/>
    <instantOut id="235_D11" time="34279.50" state="stay" vehID="Car_19128" speed="0.38" length="5.00" type="DEFAULT_CAR"/>
    <instantOut id="235_D11" time="34279.75" state="stay" vehID="Car_19128" speed="0.00" length="5.00" type="DEFAULT_CAR"/>
    <instantOut id="235_D11" time="34280.00" state="stay" vehID="Car_19128" speed="0.00" length="5.00" type="DEFAULT_CAR"/>
    <instantOut id="235_D11" time="34280.25" state="stay" vehID="Car_19128" speed="0.00" length="5.00" type="DEFAULT_CAR"/>
    <instantOut id="235_D11" time="34280.50" state="stay" vehID="Car_19128" speed="0.00" length="5.00" type="DEFAULT_CAR"/>
    <instantOut id="235_D11" time="34280.75" state="stay" vehID="Car_19128" speed="0.00" length="5.00" type="DEFAULT_CAR"/>
    <instantOut id="235_D11" time="34281.00" state="stay" vehID="Car_19128" speed="0.00" length="5.00" type="DEFAULT_CAR"/>
    <instantOut id="235_D11" time="34281.25" state="stay" vehID="Car_19128" speed="0.00" length="5.00" type="DEFAULT_CAR"/>
    <instantOut id="235_D11" time="34281.50" state="stay" vehID="Car_19128" speed="0.00" length="5.00" type="DEFAULT_CAR"/>
    <instantOut id="235_D11" time="34281.75" state="stay" vehID="Car_19128" speed="0.00" length="5.00" type="DEFAULT_CAR"/>
    <instantOut id="235_D11" time="34282.00" state="stay" vehID="Car_19128" speed="0.00" length="5.00" type="DEFAULT_CAR"/>
    <instantOut id="235_D11" time="34282.25" state="stay" vehID="Car_19128" speed="0.00" length="5.00" type="DEFAULT_CAR"/>
    <instantOut id="235_D11" time="34282.50" state="stay" vehID="Car_19128" speed="0.00" length="5.00" type="DEFAULT_CAR"/>
    <instantOut id="235_D11" time="34282.75" state="stay" vehID="Car_19128" speed="0.00" length="5.00" type="DEFAULT_CAR"/>
    <instantOut id="235_D11" time="34283.00" state="stay" vehID="Car_19128" speed="0.00" length="5.00" type="DEFAULT_CAR"/>
    <instantOut id="235_D11" time="34283.25" state="stay" vehID="Car_19128" speed="0.00" length="5.00" type="DEFAULT_CAR"/>
    <instantOut id="235_D11" time="34283.50" state="stay" vehID="Car_19128" speed="0.00" length="5.00" type="DEFAULT_CAR"/>
    <instantOut id="235_D11" time="34283.75" state="stay" vehID="Car_19128" speed="0.00" length="5.00" type="DEFAULT_CAR"/>
    <instantOut id="235_D11" time="34284.00" state="stay" vehID="Car_19128" speed="0.00" length="5.00" type="DEFAULT_CAR"/>
    <instantOut id="235_D11" time="34284.25" state="stay" vehID="Car_19128" speed="0.00" length="5.00" type="DEFAULT_CAR"/>
    <instantOut id="235_D11" time="34284.50" state="stay" vehID="Car_19128" speed="0.00" length="5.00" type="DEFAULT_CAR"/>
    <instantOut id="235_D11" time="34284.75" state="stay" vehID="Car_19128" speed="0.00" length="5.00" type="DEFAULT_CAR"/>
    <instantOut id="235_D11" time="34285.00" state="stay" vehID="Car_19128" speed="0.00" length="5.00" type="DEFAULT_CAR"/>
    <instantOut id="235_D11" time="34285.25" state="stay" vehID="Car_19128" speed="0.00" length="5.00" type="DEFAULT_CAR"/>
    <instantOut id="235_D11" time="34285.50" state="stay" vehID="Car_19128" speed="0.00" length="5.00" type="DEFAULT_CAR"/>
    <instantOut id="235_D11" time="34285.75" state="stay" vehID="Car_19128" speed="0.00" length="5.00" type="DEFAULT_CAR"/>
    <instantOut id="235_D11" time="34286.00" state="stay" vehID="Car_19128" speed="0.00" length="5.00" type="DEFAULT_CAR"/>
    <instantOut id="235_D11" time="34286.25" state="stay" vehID="Car_19128" speed="0.00" length="5.00" type="DEFAULT_CAR"/>
    <instantOut id="235_D11" time="34286.50" state="stay" vehID="Car_19128" speed="0.00" length="5.00" type="DEFAULT_CAR"/>
    <instantOut id="235_D11" time="34286.75" state="stay" vehID="Car_19128" speed="0.00" length="5.00" type="DEFAULT_CAR"/>
    <instantOut id="235_D11" time="34287.00" state="stay" vehID="Car_19128" speed="0.00" length="5.00" type="DEFAULT_CAR"/>
    <instantOut id="235_D11" time="34287.25" state="stay" vehID="Car_19128" speed="0.00" length="5.00" type="DEFAULT_CAR"/>
    <instantOut id="235_D11" time="34287.50" state="stay" vehID="Car_19128" speed="0.00" length="5.00" type="DEFAULT_CAR"/>
    <instantOut id="235_D11" time="34287.75" state="stay" vehID="Car_19128" speed="0.00" length="5.00" type="DEFAULT_CAR"/>
    <instantOut id="235_D11" time="34288.00" state="stay" vehID="Car_19128" speed="0.00" length="5.00" type="DEFAULT_CAR"/>
    <instantOut id="235_D11" time="34288.25" state="stay" vehID="Car_19128" speed="0.00" length="5.00" type="DEFAULT_CAR"/>
    <instantOut id="235_D11" time="34288.50" state="stay" vehID="Car_19128" speed="0.00" length="5.00" type="DEFAULT_CAR"/>
    <instantOut id="235_D11" time="34288.75" state="stay" vehID="Car_19128" speed="0.00" length="5.00" type="DEFAULT_CAR"/>
    <instantOut id="235_D11" time="34289.00" state="stay" vehID="Car_19128" speed="0.00" length="5.00" type="DEFAULT_CAR"/>
    <instantOut id="235_D11" time="34289.25" state="stay" vehID="Car_19128" speed="0.00" length="5.00" type="DEFAULT_CAR"/>
    <instantOut id="235_D11" time="34289.50" state="stay" vehID="Car_19128" speed="0.00" length="5.00" type="DEFAULT_CAR"/>
    <instantOut id="235_D11" time="34289.75" state="stay" vehID="Car_19128" speed="0.00" length="5.00" type="DEFAULT_CAR"/>
    <instantOut id="235_D11" time="34290.00" state="stay" vehID="Car_19128" speed="0.00" length="5.00" type="DEFAULT_CAR"/>
    <instantOut id="235_D11" time="34290.25" state="stay" vehID="Car_19128" speed="0.00" length="5.00" type="DEFAULT_CAR"/>
    <instantOut id="235_D11" time="34290.50" state="stay" vehID="Car_19128" speed="0.00" length="5.00" type="DEFAULT_CAR"/>
    <instantOut id="235_D11" time="34290.75" state="stay" vehID="Car_19128" speed="0.00" length="5.00" type="DEFAULT_CAR"/>
    <instantOut id="235_D11" time="34291.00" state="stay" vehID="Car_19128" speed="0.00" length="5.00" type="DEFAULT_CAR"/>
    <instantOut id="235_D11" time="34291.25" state="stay" vehID="Car_19128" speed="0.00" length="5.00" type="DEFAULT_CAR"/>
    <instantOut id="235_D11" time="34291.50" state="stay" vehID="Car_19128" speed="0.00" length="5.00" type="DEFAULT_CAR"/>
    <instantOut id="235_D11" time="34291.75" state="stay" vehID="Car_19128" speed="0.00" length="5.00" type="DEFAULT_CAR"/>
    <instantOut id="235_D11" time="34292.00" state="stay" vehID="Car_19128" speed="0.00" length="5.00" type="DEFAULT_CAR"/>
    <instantOut id="235_D11" time="34292.25" state="stay" vehID="Car_19128" speed="0.00" length="5.00" type="DEFAULT_CAR"/>
    <instantOut id="235_D11" time="34292.50" state="stay" vehID="Car_19128" speed="0.00" length="5.00" type="DEFAULT_CAR"/>
    <instantOut id="235_D11" time="34292.75" state="stay" vehID="Car_19128" speed="0.00" length="5.00" type="DEFAULT_CAR"/>
    <instantOut id="235_D11" time="34293.00" state="stay" vehID="Car_19128" speed="0.00" length="5.00" type="DEFAULT_CAR"/>
    <instantOut id="235_D11" time="34293.25" state="stay" vehID="Car_19128" speed="0.00" length="5.00" type="DEFAULT_CAR"/>
    <instantOut id="235_D11" time="34293.50" state="stay" vehID="Car_19128" speed="0.00" length="5.00" type="DEFAULT_CAR"/>
    <instantOut id="235_D11" time="34293.75" state="stay" vehID="Car_19128" speed="0.00" length="5.00" type="DEFAULT_CAR"/>
    <instantOut id="235_D11" time="34294.00" state="stay" vehID="Car_19128" speed="0.00" length="5.00" type="DEFAULT_CAR"/>
    <instantOut id="235_D11" time="34294.25" state="stay" vehID="Car_19128" speed="0.00" length="5.00" type="DEFAULT_CAR"/>
    <instantOut id="235_D11" time="34294.50" state="stay" vehID="Car_19128" speed="0.00" length="5.00" type="DEFAULT_CAR"/>
    <instantOut id="235_D11" time="34294.75" state="stay" vehID="Car_19128" speed="0.00" length="5.00" type="DEFAULT_CAR"/>
    <instantOut id="235_D11" time="34295.00" state="stay" vehID="Car_19128" speed="0.00" length="5.00" type="DEFAULT_CAR"/>
    <instantOut id="235_D11" time="34295.25" state="stay" vehID="Car_19128" speed="0.00" length="5.00" type="DEFAULT_CAR"/>
    <instantOut id="235_D11" time="34295.50" state="stay" vehID="Car_19128" speed="0.00" length="5.00" type="DEFAULT_CAR"/>
    <instantOut id="235_D11" time="34295.75" state="stay" vehID="Car_19128" speed="0.00" length="5.00" type="DEFAULT_CAR"/>
    <instantOut id="235_D11" time="34296.00" state="stay" vehID="Car_19128" speed="0.00" length="5.00" type="DEFAULT_CAR"/>
    <instantOut id="235_D11" time="34296.25" state="stay" vehID="Car_19128" speed="0.00" length="5.00" type="DEFAULT_CAR"/>
    <instantOut id="235_D11" time="34296.50" state="stay" vehID="Car_19128" speed="0.00" length="5.00" type="DEFAULT_CAR"/>
    <instantOut id="235_D11" time="34296.75" state="stay" vehID="Car_19128" speed="0.00" length="5.00" type="DEFAULT_CAR"/>
    <instantOut id="235_D11" time="34297.00" state="stay" vehID="Car_19128" speed="0.00" length="5.00" type="DEFAULT_CAR"/>
    <instantOut id="235_D11" time="34297.25" state="stay" vehID="Car_19128" speed="0.00" length="5.00" type="DEFAULT_CAR"/>
    <instantOut id="235_D11" time="34297.50" state="stay" vehID="Car_19128" speed="0.00" length="5.00" type="DEFAULT_CAR"/>
    <instantOut id="235_D11" time="34297.75" state="stay" vehID="Car_19128" speed="0.00" length="5.00" type="DEFAULT_CAR"/>
    <instantOut id="235_D11" time="34298.00" state="stay" vehID="Car_19128" speed="0.00" length="5.00" type="DEFAULT_CAR"/>
    <instantOut id="235_D11" time="34298.25" state="stay" vehID="Car_19128" speed="0.00" length="5.00" type="DEFAULT_CAR"/>
    <instantOut id="235_D11" time="34298.50" state="stay" vehID="Car_19128" speed="0.00" length="5.00" type="DEFAULT_CAR"/>
    <instantOut id="235_D11" time="34298.75" state="stay" vehID="Car_19128" speed="0.00" length="5.00" type="DEFAULT_CAR"/>
    <instantOut id="235_D11" time="34299.00" state="stay" vehID="Car_19128" speed="0.00" length="5.00" type="DEFAULT_CAR"/>
    <instantOut id="235_D11" time="34299.25" state="stay" vehID="Car_19128" speed="0.00" length="5.00" type="DEFAULT_CAR"/>
    <instantOut id="235_D11" time="34299.50" state="stay" vehID="Car_19128" speed="0.00" length="5.00" type="DEFAULT_CAR"/>
    <instantOut id="235_D11" time="34299.75" state="stay" vehID="Car_19128" speed="0.00" length="5.00" type="DEFAULT_CAR"/>
    <instantOut id="235_D11" time="34300.00" state="stay" vehID="Car_19128" speed="0.84" length="5.00" type="DEFAULT_CAR"/>
    <instantOut id="235_D11" time="34300.25" state="stay" vehID="Car_19128" speed="1.60" length="5.00" type="DEFAULT_CAR"/>
    <instantOut id="235_D11" time="34300.50" state="stay" vehID="Car_19128" speed="2.26" length="5.00" type="DEFAULT_CAR"/>
    <instantOut id="235_D11" time="34300.75" state="stay" vehID="Car_19128" speed="3.07" length="5.00" type="DEFAULT_CAR"/>
    <instantOut id="235_D11" time="34300.77" state="leave" vehID="Car_19128" speed="3.64" length="5.00" type="DEFAULT_CAR" occupancy="22.79"/>
    <instantOut id="235_D11" time="34452.91" state="enter" vehID="Car_19127" speed="4.14" length="5.00" type="DEFAULT_CAR" gap="152.13"/>
    <instantOut id="235_D11" time="34453.00" state="stay" vehID="Car_19127" speed="4.14" length="5.00" type="DEFAULT_CAR"/>
    <instantOut id="235_D11" time="34453.25" state="stay" vehID="Car_19127" speed="3.39" length="5.00" type="DEFAULT_CAR"/>
    <instantOut id="235_D11" time="34453.50" state="stay" vehID="Car_19127" speed="2.64" length="5.00" type="DEFAULT_CAR"/>
    <instantOut id="235_D11" time="34453.75" state="stay" vehID="Car_19127" speed="1.95" length="5.00" type="DEFAULT_CAR"/>
    <instantOut id="235_D11" time="34454.00" state="stay" vehID="Car_19127" speed="1.44" length="5.00" type="DEFAULT_CAR"/>
    <instantOut id="235_D11" time="34454.25" state="stay" vehID="Car_19127" speed="0.75" length="5.00" type="DEFAULT_CAR"/>
    <instantOut id="235_D11" time="34454.50" state="stay" vehID="Car_19127" speed="0.18" length="5.00" type="DEFAULT_CAR"/>
    <instantOut id="235_D11" time="34454.75" state="stay" vehID="Car_19127" speed="0.01" length="5.00" type="DEFAULT_CAR"/>
    <instantOut id="235_D11" time="34455.00" state="stay" vehID="Car_19127" speed="0.00" length="5.00" type="DEFAULT_CAR"/>
    <instantOut id="235_D11" time="34455.25" state="stay" vehID="Car_19127" speed="0.00" length="5.00" type="DEFAULT_CAR"/>
    <instantOut id="235_D11" time="34455.50" state="stay" vehID="Car_19127" speed="0.00" length="5.00" type="DEFAULT_CAR"/>
    <instantOut id="235_D11" time="34455.75" state="stay" vehID="Car_19127" speed="0.00" length="5.00" type="DEFAULT_CAR"/>
    <instantOut id="235_D11" time="34456.00" state="stay" vehID="Car_19127" speed="0.00" length="5.00" type="DEFAULT_CAR"/>
    <instantOut id="235_D11" time="34456.25" state="stay" vehID="Car_19127" speed="0.00" length="5.00" type="DEFAULT_CAR"/>
    <instantOut id="235_D11" time="34456.50" state="stay" vehID="Car_19127" speed="0.00" length="5.00" type="DEFAULT_CAR"/>
    <instantOut id="235_D11" time="34456.75" state="stay" vehID="Car_19127" speed="0.00" length="5.00" type="DEFAULT_CAR"/>
    <instantOut id="235_D11" time="34457.00" state="stay" vehID="Car_19127" speed="0.00" length="5.00" type="DEFAULT_CAR"/>
    <instantOut id="235_D11" time="34457.25" state="stay" vehID="Car_19127" speed="0.90" length="5.00" type="DEFAULT_CAR"/>
    <instantOut id="235_D11" time="34457.50" state="stay" vehID="Car_19127" speed="1.65" length="5.00" type="DEFAULT_CAR"/>
    <instantOut id="235_D11" time="34457.75" state="stay" vehID="Car_19127" speed="2.56" length="5.00" type="DEFAULT_CAR"/>
    <instantOut id="235_D11" time="34457.99" state="leave" vehID="Car_19127" speed="3.10" length="5.00" type="DEFAULT_CAR" occupancy="5.08"/>
    <instantOut id="235_D11" time="35863.95" state="enter" vehID="Car_21289" speed="6.25" length="5.00" type="DEFAULT_CAR" gap="1405.96"/>
    <instantOut id="235_D11" time="35864.00" state="stay" vehID="Car_21289" speed="6.25" length="5.00" type="DEFAULT_CAR"/>
    <instantOut id="235_D11" time="35864.25" state="stay" vehID="Car_21289" speed="7.20" length="5.00" type="DEFAULT_CAR"/>
    <instantOut id="235_D11" time="35864.50" state="stay" vehID="Car_21289" speed="7.79" length="5.00" type="DEFAULT_CAR"/>
    <instantOut id="235_D11" time="35864.61" state="leave" vehID="Car_21289" speed="8.72" length="5.00" type="DEFAULT_CAR" occupancy="0.66"/>
    <instantOut id="235_D11" time="38060.05" state="enter" vehID="Car_21288" speed="3.93" length="5.00" type="DEFAULT_CAR" gap="2195.44"/>
    <instantOut id="235_D11" time="38060.25" state="stay" vehID="Car_21288" speed="3.93" length="5.00" type="DEFAULT_CAR"/>
    <instantOut id="235_D11" time="38060.50" state="stay" vehID="Car_21288" speed="3.25" length="5.00" type="DEFAULT_CAR"/>
    <instantOut id="235_D11" time="38060.75" state="stay" vehID="Car_21288" speed="2.50" length="5.00" type="DEFAULT_CAR"/>
    <instantOut id="235_D11" time="38061.00" state="stay" vehID="Car_21288" speed="1.75" length="5.00" type="DEFAULT_CAR"/>
    <instantOut id="235_D11" time="38061.25" state="stay" vehID="Car_21288" speed="1.00" length="5.00" type="DEFAULT_CAR"/>
    <instantOut id="235_D11" time="38061.50" state="stay" vehID="Car_21288" speed="0.26" length="5.00" type="DEFAULT_CAR"/>
    <instantOut id="235_D11" time="38061.75" state="stay" vehID="Car_21288" speed="0.01" length="5.00" type="DEFAULT_CAR"/>
    <instantOut id="235_D11" time="38062.00" state="stay" vehID="Car_21288" speed="0.00" length="5.00" type="DEFAULT_CAR"/>
    <instantOut id="235_D11" time="38062.25" state="stay" vehID="Car_21288" speed="0.00" length="5.00" type="DEFAULT_CAR"/>
    <instantOut id="235_D11" time="38062.50" state="stay" vehID="Car_21288" speed="0.00" length="5.00" type="DEFAULT_CAR"/>
    <instantOut id="235_D11" time="38062.75" state="stay" vehID="Car_21288" speed="0.00" length="5.00" type="DEFAULT_CAR"/>
    <instantOut id="235_D11" time="38063.00" state="stay" vehID="Car_21288" speed="0.00" length="5.00" type="DEFAULT_CAR"/>
    <instantOut id="235_D11" time="38063.25" state="stay" vehID="Car_21288" speed="0.93" length="5.00" type="DEFAULT_CAR"/>
    <instantOut id="235_D11" time="38063.50" state="stay" vehID="Car_21288" speed="1.86" length="5.00" type="DEFAULT_CAR"/>
    <instantOut id="235_D11" time="38063.75" state="stay" vehID="Car_21288" speed="2.72" length="5.00" type="DEFAULT_CAR"/>
    <instantOut id="235_D11" time="38063.94" state="leave" vehID="Car_21288" speed="3.45" length="5.00" type="DEFAULT_CAR" occupancy="3.89"/>
    <instantOut id="235_D11" time="39690.88" state="enter" vehID="Car_23011" speed="5.93" length="5.00" type="DEFAULT_CAR" gap="1626.95"/>
    <instantOut id="235_D11" time="39691.00" state="stay" vehID="Car_23011" speed="5.93" length="5.00" type="DEFAULT_CAR"/>
    <instantOut id="235_D11" time="39691.25" state="stay" vehID="Car_23011" speed="6.88" length="5.00" type="DEFAULT_CAR"/>
    <instantOut id="235_D11" time="39691.50" state="stay" vehID="Car_23011" speed="7.43" length="5.00" type="DEFAULT_CAR"/>
    <instantOut id="235_D11" time="39691.59" state="leave" vehID="Car_23011" speed="7.96" length="5.00" type="DEFAULT_CAR" occupancy="0.71"/>
    <instantOut id="235_D11" time="40698.97" state="enter" vehID="Car_23012" speed="6.39" length="5.00" type="DEFAULT_CAR" gap="1007.37"/>
    <instantOut id="235_D11" time="40699.00" state="stay" vehID="Car_23012" speed="6.39" length="5.00" type="DEFAULT_CAR"/>
    <instantOut id="235_D11" time="40699.25" state="stay" vehID="Car_23012" speed="7.34" length="5.00" type="DEFAULT_CAR"/>
    <instantOut id="235_D11" time="40699.50" state="stay" vehID="Car_23012" speed="8.14" length="5.00" type="DEFAULT_CAR"/>
    <instantOut id="235_D11" time="40699.60" state="leave" vehID="Car_23012" speed="9.03" length="5.00" type="DEFAULT_CAR" occupancy="0.63"/>
</instantE1>
