<?xml version="1.0" encoding="UTF-8"?>

<!-- generated on 2025-02-28 18:06:12 by Eclipse SUMO GUI Version 1.19.0
<configuration xmlns:xsi="http://www.w3.org/2001/XMLSchema-instance" xsi:noNamespaceSchemaLocation="http://sumo.dlr.de/xsd/sumoConfiguration.xsd">

    <input>
        <net-file value="Network.net.xml"/>
        <route-files value="CarRoutes.rou.xml"/>
        <additional-files value="Sensors.add.xml"/>
    </input>

    <output>
        <emission-output value="logs/Emissions.xml"/>
        <summary-output value="logs/Log_summary.xml"/>
        <summary-output.period value="300"/>
        <tripinfo-output value="logs/TripInfos.xml"/>
    </output>

    <time>
        <begin value="0"/>
        <end value="86400"/>
        <step-length value="0.25"/>
    </time>

    <processing>
        <ignore-junction-blocker value="0.1"/>
        <time-to-teleport value="-1"/>
    </processing>

    <report>
        <verbose value="true"/>
        <no-step-log value="true"/>
    </report>

    <emissions>
        <device.emissions.period value="10"/>
    </emissions>

    <traci_server>
        <remote-port value="58136"/>
    </traci_server>

    <gui_only>
        <quit-on-end value="true"/>
        <start value="true"/>
    </gui_only>

</configuration>
-->

<summary xmlns:xsi="http://www.w3.org/2001/XMLSchema-instance" xsi:noNamespaceSchemaLocation="http://sumo.dlr.de/xsd/summary_file.xsd">
    <step time="0.00" loaded="0" inserted="0" running="0" waiting="0" ended="0" arrived="0" collisions="0" teleports="0" halting="0" stopped="0" meanWaitingTime="-1.00" meanTravelTime="-1.00" meanSpeed="-1.00" meanSpeedRelative="-1.00" duration="0"/>
    <step time="300.00" loaded="209" inserted="194" running="88" waiting="15" ended="106" arrived="106" collisions="0" teleports="0" halting="36" stopped="0" meanWaitingTime="14.61" meanTravelTime="77.35" meanSpeed="4.16" meanSpeedRelative="0.30" duration="2"/>
    <step time="600.00" loaded="372" inserted="362" running="73" waiting="10" ended="289" arrived="289" collisions="0" teleports="0" halting="34" stopped="0" meanWaitingTime="13.13" meanTravelTime="116.43" meanSpeed="4.40" meanSpeedRelative="0.32" duration="2"/>
    <step time="900.00" loaded="529" inserted="519" running="61" waiting="10" ended="458" arrived="458" collisions="0" teleports="0" halting="28" stopped="0" meanWaitingTime="12.39" meanTravelTime="116.09" meanSpeed="3.80" meanSpeedRelative="0.27" duration="2"/>
    <step time="1200.00" loaded="702" inserted="687" running="67" waiting="15" ended="620" arrived="620" collisions="0" teleports="0" halting="6" stopped="0" meanWaitingTime="15.61" meanTravelTime="115.28" meanSpeed="6.63" meanSpeedRelative="0.48" duration="1"/>
    <step time="1500.00" loaded="864" inserted="844" running="69" waiting="20" ended="775" arrived="775" collisions="0" teleports="0" halting="17" stopped="0" meanWaitingTime="16.82" meanTravelTime="118.61" meanSpeed="4.42" meanSpeedRelative="0.32" duration="2"/>
    <step time="1800.00" loaded="1025" inserted="1004" running="52" waiting="21" ended="952" arrived="952" collisions="0" teleports="0" halting="20" stopped="0" meanWaitingTime="20.11" meanTravelTime="121.36" meanSpeed="5.79" meanSpeedRelative="0.42" duration="1"/>
    <step time="2100.00" loaded="1184" inserted="1168" running="78" waiting="16" ended="1090" arrived="1090" collisions="0" teleports="0" halting="49" stopped="0" meanWaitingTime="19.19" meanTravelTime="117.76" meanSpeed="3.43" meanSpeedRelative="0.25" duration="1"/>
    <step time="2400.00" loaded="1329" inserted="1313" running="40" waiting="16" ended="1273" arrived="1273" collisions="0" teleports="0" halting="18" stopped="0" meanWaitingTime="19.18" meanTravelTime="120.46" meanSpeed="4.39" meanSpeedRelative="0.32" duration="1"/>
    <step time="2700.00" loaded="1471" inserted="1470" running="51" waiting="1" ended="1419" arrived="1419" collisions="0" teleports="0" halting="14" stopped="0" meanWaitingTime="19.03" meanTravelTime="117.53" meanSpeed="6.14" meanSpeedRelative="0.44" duration="2"/>
    <step time="3000.00" loaded="1634" inserted="1627" running="53" waiting="7" ended="1574" arrived="1574" collisions="0" teleports="0" halting="26" stopped="0" meanWaitingTime="17.76" meanTravelTime="116.32" meanSpeed="4.04" meanSpeedRelative="0.29" duration="1"/>
    <step time="3300.00" loaded="1805" inserted="1784" running="60" waiting="21" ended="1724" arrived="1724" collisions="0" teleports="0" halting="9" stopped="0" meanWaitingTime="18.44" meanTravelTime="115.60" meanSpeed="7.02" meanSpeedRelative="0.51" duration="2"/>
    <step time="3600.00" loaded="1936" inserted="1922" running="47" waiting="14" ended="1875" arrived="1875" collisions="0" teleports="0" halting="15" stopped="0" meanWaitingTime="19.99" meanTravelTime="113.94" meanSpeed="5.41" meanSpeedRelative="0.39" duration="1"/>
    <step time="3900.00" loaded="2101" inserted="2101" running="100" waiting="0" ended="2001" arrived="2001" collisions="0" teleports="0" halting="51" stopped="0" meanWaitingTime="19.06" meanTravelTime="113.07" meanSpeed="3.05" meanSpeedRelative="0.22" duration="1"/>
    <step time="4200.00" loaded="2230" inserted="2225" running="44" waiting="5" ended="2181" arrived="2181" collisions="0" teleports="0" halting="9" stopped="0" meanWaitingTime="19.14" meanTravelTime="116.37" meanSpeed="5.86" meanSpeedRelative="0.42" duration="2"/>
    <step time="4500.00" loaded="2408" inserted="2395" running="69" waiting="13" ended="2326" arrived="2326" collisions="0" teleports="0" halting="29" stopped="0" meanWaitingTime="19.03" meanTravelTime="115.58" meanSpeed="4.40" meanSpeedRelative="0.32" duration="2"/>
    <step time="4800.00" loaded="2567" inserted="2545" running="44" waiting="22" ended="2501" arrived="2501" collisions="0" teleports="0" halting="16" stopped="0" meanWaitingTime="19.93" meanTravelTime="114.56" meanSpeed="4.22" meanSpeedRelative="0.30" duration="2"/>
    <step time="5100.00" loaded="2732" inserted="2721" running="63" waiting="11" ended="2658" arrived="2658" collisions="0" teleports="0" halting="8" stopped="0" meanWaitingTime="21.94" meanTravelTime="113.24" meanSpeed="6.43" meanSpeedRelative="0.46" duration="3"/>
    <step time="5400.00" loaded="2885" inserted="2883" running="64" waiting="2" ended="2819" arrived="2819" collisions="0" teleports="0" halting="20" stopped="0" meanWaitingTime="21.54" meanTravelTime="112.76" meanSpeed="5.34" meanSpeedRelative="0.38" duration="3"/>
    <step time="5700.00" loaded="3074" inserted="3059" running="83" waiting="15" ended="2976" arrived="2976" collisions="0" teleports="0" halting="41" stopped="0" meanWaitingTime="20.68" meanTravelTime="113.07" meanSpeed="3.76" meanSpeedRelative="0.27" duration="4"/>
    <step time="6000.00" loaded="3199" inserted="3196" running="38" waiting="3" ended="3158" arrived="3158" collisions="0" teleports="0" halting="10" stopped="0" meanWaitingTime="20.54" meanTravelTime="115.07" meanSpeed="5.42" meanSpeedRelative="0.39" duration="2"/>
    <step time="6300.00" loaded="3364" inserted="3347" running="69" waiting="17" ended="3278" arrived="3278" collisions="0" teleports="0" halting="33" stopped="0" meanWaitingTime="20.35" meanTravelTime="115.35" meanSpeed="3.99" meanSpeedRelative="0.29" duration="2"/>
    <step time="6600.00" loaded="3523" inserted="3515" running="62" waiting="8" ended="3453" arrived="3453" collisions="0" teleports="0" halting="26" stopped="0" meanWaitingTime="20.29" meanTravelTime="115.30" meanSpeed="3.98" meanSpeedRelative="0.29" duration="3"/>
    <step time="6900.00" loaded="3707" inserted="3690" running="68" waiting="17" ended="3622" arrived="3622" collisions="0" teleports="0" halting="25" stopped="0" meanWaitingTime="20.10" meanTravelTime="114.46" meanSpeed="3.91" meanSpeedRelative="0.28" duration="2"/>
    <step time="7200.00" loaded="3864" inserted="3842" running="48" waiting="22" ended="3794" arrived="3794" collisions="0" teleports="0" halting="18" stopped="0" meanWaitingTime="20.55" meanTravelTime="114.49" meanSpeed="5.30" meanSpeedRelative="0.38" duration="2"/>
    <step time="7500.00" loaded="4013" inserted="3998" running="42" waiting="15" ended="3956" arrived="3956" collisions="0" teleports="0" halting="18" stopped="0" meanWaitingTime="21.10" meanTravelTime="114.18" meanSpeed="4.40" meanSpeedRelative="0.32" duration="2"/>
    <step time="7800.00" loaded="4170" inserted="4147" running="53" waiting="23" ended="4094" arrived="4094" collisions="0" teleports="0" halting="16" stopped="0" meanWaitingTime="21.59" meanTravelTime="113.38" meanSpeed="4.79" meanSpeedRelative="0.34" duration="1"/>
    <step time="8100.00" loaded="4342" inserted="4329" running="59" waiting="13" ended="4270" arrived="4270" collisions="0" teleports="0" halting="18" stopped="0" meanWaitingTime="22.48" meanTravelTime="112.47" meanSpeed="4.87" meanSpeedRelative="0.35" duration="1"/>
    <step time="8400.00" loaded="4526" inserted="4522" running="70" waiting="4" ended="4452" arrived="4452" collisions="0" teleports="0" halting="19" stopped="0" meanWaitingTime="22.27" meanTravelTime="112.10" meanSpeed="4.32" meanSpeedRelative="0.31" duration="1"/>
    <step time="8700.00" loaded="4698" inserted="4693" running="75" waiting="5" ended="4618" arrived="4618" collisions="0" teleports="0" halting="23" stopped="0" meanWaitingTime="21.90" meanTravelTime="112.58" meanSpeed="5.85" meanSpeedRelative="0.42" duration="1"/>
    <step time="9000.00" loaded="4888" inserted="4871" running="64" waiting="17" ended="4807" arrived="4807" collisions="0" teleports="0" halting="12" stopped="0" meanWaitingTime="21.60" meanTravelTime="112.35" meanSpeed="5.72" meanSpeedRelative="0.42" duration="2"/>
    <step time="9300.00" loaded="5073" inserted="5054" running="55" waiting="19" ended="4999" arrived="4999" collisions="0" teleports="0" halting="26" stopped="0" meanWaitingTime="21.50" meanTravelTime="112.36" meanSpeed="4.67" meanSpeedRelative="0.34" duration="1"/>
    <step time="9600.00" loaded="5245" inserted="5232" running="58" waiting="13" ended="5174" arrived="5174" collisions="0" teleports="0" halting="16" stopped="0" meanWaitingTime="21.87" meanTravelTime="111.78" meanSpeed="6.44" meanSpeedRelative="0.46" duration="1"/>
    <step time="9900.00" loaded="5389" inserted="5384" running="50" waiting="5" ended="5334" arrived="5334" collisions="0" teleports="0" halting="19" stopped="0" meanWaitingTime="21.72" meanTravelTime="111.47" meanSpeed="3.90" meanSpeedRelative="0.28" duration="1"/>
    <step time="10200.00" loaded="5557" inserted="5549" running="59" waiting="8" ended="5490" arrived="5490" collisions="0" teleports="0" halting="9" stopped="0" meanWaitingTime="21.38" meanTravelTime="111.61" meanSpeed="5.13" meanSpeedRelative="0.38" duration="0"/>
    <step time="10500.00" loaded="5735" inserted="5723" running="59" waiting="12" ended="5664" arrived="5664" collisions="0" teleports="0" halting="19" stopped="0" meanWaitingTime="21.13" meanTravelTime="111.88" meanSpeed="5.09" meanSpeedRelative="0.37" duration="1"/>
    <step time="10800.00" loaded="5910" inserted="5903" running="69" waiting="7" ended="5834" arrived="5834" collisions="0" teleports="0" halting="9" stopped="0" meanWaitingTime="21.05" meanTravelTime="111.63" meanSpeed="6.32" meanSpeedRelative="0.46" duration="2"/>
    <step time="11100.00" loaded="6088" inserted="6070" running="52" waiting="18" ended="6018" arrived="6018" collisions="0" teleports="0" halting="20" stopped="0" meanWaitingTime="20.98" meanTravelTime="111.84" meanSpeed="3.11" meanSpeedRelative="0.23" duration="1"/>
    <step time="11400.00" loaded="6259" inserted="6225" running="56" waiting="34" ended="6169" arrived="6169" collisions="0" teleports="0" halting="12" stopped="0" meanWaitingTime="21.57" meanTravelTime="111.62" meanSpeed="6.04" meanSpeedRelative="0.43" duration="1"/>
    <step time="11700.00" loaded="6401" inserted="6382" running="58" waiting="19" ended="6324" arrived="6324" collisions="0" teleports="0" halting="13" stopped="0" meanWaitingTime="22.55" meanTravelTime="111.26" meanSpeed="4.95" meanSpeedRelative="0.36" duration="1"/>
    <step time="12000.00" loaded="6578" inserted="6571" running="63" waiting="7" ended="6508" arrived="6508" collisions="0" teleports="0" halting="17" stopped="0" meanWaitingTime="22.48" meanTravelTime="111.32" meanSpeed="4.22" meanSpeedRelative="0.30" duration="1"/>
    <step time="12300.00" loaded="6746" inserted="6745" running="60" waiting="1" ended="6685" arrived="6685" collisions="0" teleports="0" halting="22" stopped="0" meanWaitingTime="22.12" meanTravelTime="111.32" meanSpeed="4.68" meanSpeedRelative="0.34" duration="3"/>
    <step time="12600.00" loaded="6913" inserted="6892" running="61" waiting="21" ended="6831" arrived="6831" collisions="0" teleports="0" halting="13" stopped="0" meanWaitingTime="21.89" meanTravelTime="111.09" meanSpeed="5.59" meanSpeedRelative="0.40" duration="1"/>
    <step time="12900.00" loaded="7082" inserted="7067" running="59" waiting="15" ended="7008" arrived="7008" collisions="0" teleports="0" halting="24" stopped="0" meanWaitingTime="22.03" meanTravelTime="111.17" meanSpeed="3.88" meanSpeedRelative="0.28" duration="2"/>
    <step time="13200.00" loaded="7253" inserted="7232" running="85" waiting="21" ended="7147" arrived="7147" collisions="0" teleports="0" halting="24" stopped="0" meanWaitingTime="22.11" meanTravelTime="111.06" meanSpeed="5.01" meanSpeedRelative="0.36" duration="2"/>
    <step time="13500.00" loaded="7430" inserted="7415" running="79" waiting="15" ended="7336" arrived="7336" collisions="0" teleports="0" halting="33" stopped="0" meanWaitingTime="22.04" meanTravelTime="111.90" meanSpeed="3.17" meanSpeedRelative="0.23" duration="1"/>
    <step time="13800.00" loaded="7624" inserted="7608" running="86" waiting="16" ended="7522" arrived="7522" collisions="0" teleports="0" halting="26" stopped="0" meanWaitingTime="22.14" meanTravelTime="112.13" meanSpeed="5.62" meanSpeedRelative="0.40" duration="1"/>
    <step time="14100.00" loaded="7784" inserted="7780" running="68" waiting="4" ended="7712" arrived="7712" collisions="0" teleports="0" halting="15" stopped="0" meanWaitingTime="22.14" meanTravelTime="112.34" meanSpeed="5.53" meanSpeedRelative="0.41" duration="1"/>
    <step time="14400.00" loaded="7921" inserted="7910" running="45" waiting="11" ended="7865" arrived="7865" collisions="0" teleports="0" halting="12" stopped="0" meanWaitingTime="22.27" meanTravelTime="112.70" meanSpeed="7.13" meanSpeedRelative="0.51" duration="2"/>
    <step time="14700.00" loaded="8117" inserted="8092" running="55" waiting="25" ended="8037" arrived="8037" collisions="0" teleports="0" halting="17" stopped="0" meanWaitingTime="22.18" meanTravelTime="112.24" meanSpeed="5.70" meanSpeedRelative="0.41" duration="2"/>
    <step time="15000.00" loaded="8273" inserted="8260" running="95" waiting="13" ended="8165" arrived="8165" collisions="0" teleports="0" halting="17" stopped="0" meanWaitingTime="22.20" meanTravelTime="112.30" meanSpeed="4.76" meanSpeedRelative="0.34" duration="4"/>
    <step time="15300.00" loaded="8433" inserted="8399" running="53" waiting="34" ended="8346" arrived="8346" collisions="0" teleports="0" halting="16" stopped="0" meanWaitingTime="22.37" meanTravelTime="113.03" meanSpeed="5.75" meanSpeedRelative="0.41" duration="2"/>
    <step time="15600.00" loaded="8598" inserted="8587" running="59" waiting="11" ended="8528" arrived="8528" collisions="0" teleports="0" halting="18" stopped="0" meanWaitingTime="23.04" meanTravelTime="112.44" meanSpeed="5.10" meanSpeedRelative="0.37" duration="1"/>
    <step time="15900.00" loaded="8788" inserted="8778" running="89" waiting="10" ended="8689" arrived="8689" collisions="0" teleports="0" halting="38" stopped="0" meanWaitingTime="23.34" meanTravelTime="112.41" meanSpeed="4.66" meanSpeedRelative="0.34" duration="1"/>
    <step time="16200.00" loaded="8978" inserted="8945" running="65" waiting="33" ended="8880" arrived="8880" collisions="0" teleports="0" halting="14" stopped="0" meanWaitingTime="23.48" meanTravelTime="112.45" meanSpeed="6.37" meanSpeedRelative="0.46" duration="1"/>
    <step time="16500.00" loaded="9145" inserted="9131" running="68" waiting="14" ended="9063" arrived="9063" collisions="0" teleports="0" halting="23" stopped="0" meanWaitingTime="23.99" meanTravelTime="112.37" meanSpeed="5.30" meanSpeedRelative="0.38" duration="1"/>
    <step time="16800.00" loaded="9332" inserted="9295" running="71" waiting="37" ended="9224" arrived="9224" collisions="0" teleports="0" halting="12" stopped="0" meanWaitingTime="24.22" meanTravelTime="112.69" meanSpeed="6.18" meanSpeedRelative="0.44" duration="1"/>
    <step time="17100.00" loaded="9503" inserted="9473" running="55" waiting="30" ended="9418" arrived="9418" collisions="0" teleports="0" halting="9" stopped="0" meanWaitingTime="24.85" meanTravelTime="112.73" meanSpeed="6.68" meanSpeedRelative="0.48" duration="1"/>
    <step time="17400.00" loaded="9684" inserted="9659" running="64" waiting="25" ended="9595" arrived="9595" collisions="0" teleports="0" halting="20" stopped="0" meanWaitingTime="25.49" meanTravelTime="112.45" meanSpeed="4.54" meanSpeedRelative="0.33" duration="1"/>
    <step time="17700.00" loaded="9859" inserted="9830" running="75" waiting="29" ended="9755" arrived="9755" collisions="0" teleports="0" halting="18" stopped="0" meanWaitingTime="25.84" meanTravelTime="112.40" meanSpeed="5.22" meanSpeedRelative="0.38" duration="1"/>
    <step time="18000.00" loaded="10025" inserted="10003" running="69" waiting="22" ended="9934" arrived="9934" collisions="0" teleports="0" halting="28" stopped="0" meanWaitingTime="26.33" meanTravelTime="112.62" meanSpeed="4.94" meanSpeedRelative="0.36" duration="1"/>
    <step time="18300.00" loaded="10210" inserted="10177" running="41" waiting="33" ended="10136" arrived="10136" collisions="0" teleports="0" halting="20" stopped="0" meanWaitingTime="26.52" meanTravelTime="112.61" meanSpeed="3.91" meanSpeedRelative="0.30" duration="1"/>
    <step time="18600.00" loaded="10370" inserted="10340" running="58" waiting="30" ended="10282" arrived="10282" collisions="0" teleports="0" halting="19" stopped="0" meanWaitingTime="27.07" meanTravelTime="112.30" meanSpeed="5.35" meanSpeedRelative="0.38" duration="2"/>
    <step time="18900.00" loaded="10557" inserted="10523" running="71" waiting="34" ended="10452" arrived="10452" collisions="0" teleports="0" halting="15" stopped="0" meanWaitingTime="27.39" meanTravelTime="112.07" meanSpeed="7.08" meanSpeedRelative="0.51" duration="2"/>
    <step time="19200.00" loaded="10732" inserted="10706" running="61" waiting="26" ended="10645" arrived="10645" collisions="0" teleports="0" halting="41" stopped="0" meanWaitingTime="27.69" meanTravelTime="111.92" meanSpeed="2.97" meanSpeedRelative="0.21" duration="1"/>
    <step time="19500.00" loaded="10945" inserted="10920" running="95" waiting="25" ended="10825" arrived="10825" collisions="0" teleports="0" halting="33" stopped="0" meanWaitingTime="27.93" meanTravelTime="111.89" meanSpeed="4.11" meanSpeedRelative="0.30" duration="1"/>
    <step time="19800.00" loaded="11121" inserted="11089" running="68" waiting="32" ended="11021" arrived="11021" collisions="0" teleports="0" halting="31" stopped="0" meanWaitingTime="28.24" meanTravelTime="112.03" meanSpeed="4.60" meanSpeedRelative="0.33" duration="1"/>
    <step time="20100.00" loaded="11318" inserted="11287" running="92" waiting="31" ended="11195" arrived="11195" collisions="0" teleports="0" halting="21" stopped="0" meanWaitingTime="28.65" meanTravelTime="112.12" meanSpeed="5.95" meanSpeedRelative="0.43" duration="2"/>
    <step time="20400.00" loaded="11486" inserted="11445" running="69" waiting="41" ended="11376" arrived="11376" collisions="0" teleports="0" halting="19" stopped="0" meanWaitingTime="29.10" meanTravelTime="112.35" meanSpeed="5.13" meanSpeedRelative="0.37" duration="3"/>
    <step time="20700.00" loaded="11659" inserted="11626" running="82" waiting="33" ended="11544" arrived="11544" collisions="0" teleports="0" halting="43" stopped="0" meanWaitingTime="29.79" meanTravelTime="112.32" meanSpeed="3.80" meanSpeedRelative="0.27" duration="3"/>
    <step time="21000.00" loaded="11846" inserted="11818" running="57" waiting="28" ended="11761" arrived="11761" collisions="0" teleports="0" halting="32" stopped="0" meanWaitingTime="30.36" meanTravelTime="112.35" meanSpeed="3.26" meanSpeedRelative="0.24" duration="1"/>
    <step time="21300.00" loaded="12010" inserted="11989" running="67" waiting="21" ended="11922" arrived="11922" collisions="0" teleports="0" halting="15" stopped="0" meanWaitingTime="30.72" meanTravelTime="112.21" meanSpeed="5.81" meanSpeedRelative="0.42" duration="2"/>
    <step time="21600.00" loaded="12230" inserted="12198" running="90" waiting="32" ended="12108" arrived="12108" collisions="0" teleports="0" halting="15" stopped="0" meanWaitingTime="30.99" meanTravelTime="112.09" meanSpeed="5.46" meanSpeedRelative="0.39" duration="1"/>
    <step time="21900.00" loaded="12416" inserted="12389" running="80" waiting="27" ended="12309" arrived="12309" collisions="0" teleports="0" halting="36" stopped="0" meanWaitingTime="31.07" meanTravelTime="112.16" meanSpeed="4.51" meanSpeedRelative="0.32" duration="2"/>
    <step time="22200.00" loaded="12605" inserted="12574" running="74" waiting="31" ended="12500" arrived="12500" collisions="0" teleports="0" halting="29" stopped="0" meanWaitingTime="31.31" meanTravelTime="111.86" meanSpeed="4.15" meanSpeedRelative="0.30" duration="4"/>
    <step time="22500.00" loaded="12783" inserted="12735" running="76" waiting="48" ended="12659" arrived="12659" collisions="0" teleports="0" halting="10" stopped="0" meanWaitingTime="31.54" meanTravelTime="112.36" meanSpeed="5.96" meanSpeedRelative="0.43" duration="1"/>
    <step time="22800.00" loaded="12978" inserted="12965" running="102" waiting="13" ended="12863" arrived="12863" collisions="0" teleports="0" halting="58" stopped="0" meanWaitingTime="31.82" meanTravelTime="112.62" meanSpeed="2.35" meanSpeedRelative="0.17" duration="2"/>
    <step time="23100.00" loaded="13164" inserted="13143" running="96" waiting="21" ended="13047" arrived="13047" collisions="0" teleports="0" halting="48" stopped="0" meanWaitingTime="31.83" meanTravelTime="113.33" meanSpeed="3.07" meanSpeedRelative="0.22" duration="2"/>
    <step time="23400.00" loaded="13354" inserted="13323" running="67" waiting="31" ended="13256" arrived="13256" collisions="0" teleports="0" halting="25" stopped="0" meanWaitingTime="32.01" meanTravelTime="113.68" meanSpeed="4.00" meanSpeedRelative="0.29" duration="1"/>
    <step time="23700.00" loaded="13585" inserted="13540" running="84" waiting="45" ended="13456" arrived="13456" collisions="0" teleports="0" halting="33" stopped="0" meanWaitingTime="32.16" meanTravelTime="113.36" meanSpeed="4.21" meanSpeedRelative="0.30" duration="2"/>
    <step time="24000.00" loaded="13759" inserted="13722" running="61" waiting="37" ended="13661" arrived="13661" collisions="0" teleports="0" halting="12" stopped="0" meanWaitingTime="32.52" meanTravelTime="113.39" meanSpeed="4.18" meanSpeedRelative="0.30" duration="1"/>
    <step time="24300.00" loaded="13967" inserted="13928" running="111" waiting="39" ended="13817" arrived="13817" collisions="0" teleports="0" halting="61" stopped="0" meanWaitingTime="32.85" meanTravelTime="113.53" meanSpeed="3.18" meanSpeedRelative="0.23" duration="2"/>
    <step time="24600.00" loaded="14189" inserted="14145" running="80" waiting="44" ended="14065" arrived="14065" collisions="0" teleports="0" halting="31" stopped="0" meanWaitingTime="33.18" meanTravelTime="113.87" meanSpeed="4.37" meanSpeedRelative="0.31" duration="3"/>
    <step time="24900.00" loaded="14402" inserted="14342" running="78" waiting="60" ended="14264" arrived="14264" collisions="0" teleports="0" halting="25" stopped="0" meanWaitingTime="33.63" meanTravelTime="113.73" meanSpeed="4.57" meanSpeedRelative="0.33" duration="2"/>
    <step time="25200.00" loaded="14595" inserted="14532" running="68" waiting="63" ended="14464" arrived="14464" collisions="0" teleports="0" halting="29" stopped="0" meanWaitingTime="34.17" meanTravelTime="113.62" meanSpeed="5.27" meanSpeedRelative="0.38" duration="1"/>
    <step time="25500.00" loaded="14770" inserted="14735" running="72" waiting="35" ended="14663" arrived="14663" collisions="0" teleports="0" halting="27" stopped="0" meanWaitingTime="35.05" meanTravelTime="113.64" meanSpeed="5.35" meanSpeedRelative="0.39" duration="2"/>
    <step time="25800.00" loaded="15002" inserted="14963" running="99" waiting="39" ended="14864" arrived="14864" collisions="0" teleports="0" halting="31" stopped="0" meanWaitingTime="35.42" meanTravelTime="113.51" meanSpeed="4.01" meanSpeedRelative="0.29" duration="1"/>
    <step time="26100.00" loaded="15214" inserted="15183" running="91" waiting="31" ended="15092" arrived="15092" collisions="0" teleports="0" halting="32" stopped="0" meanWaitingTime="35.72" meanTravelTime="113.66" meanSpeed="4.42" meanSpeedRelative="0.33" duration="4"/>
    <step time="26400.00" loaded="15409" inserted="15373" running="86" waiting="36" ended="15287" arrived="15287" collisions="0" teleports="0" halting="33" stopped="0" meanWaitingTime="35.94" meanTravelTime="113.72" meanSpeed="4.15" meanSpeedRelative="0.30" duration="2"/>
    <step time="26700.00" loaded="15623" inserted="15598" running="99" waiting="25" ended="15499" arrived="15499" collisions="0" teleports="0" halting="20" stopped="0" meanWaitingTime="36.20" meanTravelTime="113.54" meanSpeed="5.37" meanSpeedRelative="0.39" duration="1"/>
    <step time="27000.00" loaded="15840" inserted="15819" running="108" waiting="21" ended="15711" arrived="15711" collisions="0" teleports="0" halting="31" stopped="0" meanWaitingTime="36.36" meanTravelTime="113.71" meanSpeed="5.27" meanSpeedRelative="0.38" duration="2"/>
    <step time="27300.00" loaded="16062" inserted="16035" running="101" waiting="27" ended="15934" arrived="15934" collisions="0" teleports="0" halting="58" stopped="0" meanWaitingTime="36.37" meanTravelTime="113.63" meanSpeed="2.40" meanSpeedRelative="0.17" duration="4"/>
    <step time="27600.00" loaded="16261" inserted="16237" running="96" waiting="24" ended="16141" arrived="16141" collisions="0" teleports="0" halting="63" stopped="0" meanWaitingTime="36.35" meanTravelTime="114.00" meanSpeed="2.09" meanSpeedRelative="0.15" duration="4"/>
    <step time="27900.00" loaded="16470" inserted="16436" running="71" waiting="34" ended="16365" arrived="16365" collisions="0" teleports="0" halting="12" stopped="0" meanWaitingTime="36.39" meanTravelTime="114.26" meanSpeed="6.45" meanSpeedRelative="0.46" duration="3"/>
    <step time="28200.00" loaded="16696" inserted="16673" running="79" waiting="23" ended="16594" arrived="16594" collisions="0" teleports="0" halting="19" stopped="0" meanWaitingTime="36.59" meanTravelTime="114.18" meanSpeed="4.67" meanSpeedRelative="0.34" duration="1"/>
    <step time="28500.00" loaded="16896" inserted="16866" running="74" waiting="30" ended="16792" arrived="16792" collisions="0" teleports="0" halting="30" stopped="0" meanWaitingTime="36.62" meanTravelTime="114.26" meanSpeed="4.16" meanSpeedRelative="0.30" duration="2"/>
    <step time="28800.00" loaded="17111" inserted="17077" running="91" waiting="34" ended="16986" arrived="16986" collisions="0" teleports="0" halting="46" stopped="0" meanWaitingTime="36.62" meanTravelTime="114.28" meanSpeed="3.03" meanSpeedRelative="0.22" duration="3"/>
    <step time="29100.00" loaded="17336" inserted="17294" running="103" waiting="42" ended="17191" arrived="17191" collisions="0" teleports="0" halting="38" stopped="0" meanWaitingTime="36.65" meanTravelTime="114.71" meanSpeed="3.45" meanSpeedRelative="0.25" duration="4"/>
    <step time="29400.00" loaded="17539" inserted="17489" running="91" waiting="50" ended="17398" arrived="17398" collisions="0" teleports="0" halting="26" stopped="0" meanWaitingTime="36.90" meanTravelTime="115.22" meanSpeed="4.79" meanSpeedRelative="0.34" duration="2"/>
    <step time="29700.00" loaded="17719" inserted="17664" running="65" waiting="55" ended="17599" arrived="17599" collisions="0" teleports="0" halting="17" stopped="0" meanWaitingTime="36.94" meanTravelTime="115.44" meanSpeed="5.42" meanSpeedRelative="0.42" duration="2"/>
    <step time="30000.00" loaded="17899" inserted="17853" running="60" waiting="46" ended="17793" arrived="17793" collisions="0" teleports="0" halting="31" stopped="0" meanWaitingTime="37.54" meanTravelTime="115.49" meanSpeed="4.48" meanSpeedRelative="0.32" duration="1"/>
    <step time="30300.00" loaded="18096" inserted="18044" running="64" waiting="52" ended="17980" arrived="17980" collisions="0" teleports="0" halting="22" stopped="0" meanWaitingTime="38.07" meanTravelTime="115.41" meanSpeed="4.66" meanSpeedRelative="0.34" duration="3"/>
    <step time="30600.00" loaded="18310" inserted="18266" running="100" waiting="44" ended="18166" arrived="18166" collisions="0" teleports="0" halting="42" stopped="0" meanWaitingTime="38.53" meanTravelTime="115.32" meanSpeed="3.96" meanSpeedRelative="0.28" duration="2"/>
    <step time="30900.00" loaded="18530" inserted="18485" running="106" waiting="45" ended="18379" arrived="18379" collisions="0" teleports="0" halting="40" stopped="0" meanWaitingTime="38.75" meanTravelTime="115.37" meanSpeed="3.58" meanSpeedRelative="0.26" duration="2"/>
    <step time="31200.00" loaded="18699" inserted="18652" running="63" waiting="47" ended="18589" arrived="18589" collisions="0" teleports="0" halting="16" stopped="0" meanWaitingTime="38.88" meanTravelTime="115.76" meanSpeed="5.15" meanSpeedRelative="0.37" duration="2"/>
    <step time="31500.00" loaded="18877" inserted="18833" running="73" waiting="44" ended="18760" arrived="18760" collisions="0" teleports="0" halting="35" stopped="0" meanWaitingTime="39.15" meanTravelTime="115.88" meanSpeed="3.84" meanSpeedRelative="0.28" duration="1"/>
    <step time="31800.00" loaded="19033" inserted="18999" running="72" waiting="34" ended="18927" arrived="18927" collisions="0" teleports="0" halting="20" stopped="0" meanWaitingTime="39.49" meanTravelTime="116.04" meanSpeed="5.31" meanSpeedRelative="0.38" duration="2"/>
    <step time="32100.00" loaded="19213" inserted="19170" running="64" waiting="43" ended="19106" arrived="19106" collisions="0" teleports="0" halting="24" stopped="0" meanWaitingTime="39.81" meanTravelTime="115.93" meanSpeed="4.88" meanSpeedRelative="0.35" duration="1"/>
    <step time="32400.00" loaded="19381" inserted="19337" running="71" waiting="44" ended="19266" arrived="19266" collisions="0" teleports="0" halting="17" stopped="0" meanWaitingTime="40.03" meanTravelTime="115.95" meanSpeed="5.01" meanSpeedRelative="0.36" duration="1"/>
    <step time="32700.00" loaded="19558" inserted="19517" running="59" waiting="41" ended="19458" arrived="19458" collisions="0" teleports="0" halting="16" stopped="0" meanWaitingTime="40.20" meanTravelTime="116.06" meanSpeed="4.61" meanSpeedRelative="0.33" duration="1"/>
    <step time="33000.00" loaded="19728" inserted="19699" running="58" waiting="29" ended="19641" arrived="19641" collisions="0" teleports="0" halting="9" stopped="0" meanWaitingTime="40.43" meanTravelTime="116.09" meanSpeed="6.20" meanSpeedRelative="0.45" duration="1"/>
    <step time="33300.00" loaded="19858" inserted="19846" running="74" waiting="12" ended="19772" arrived="19772" collisions="0" teleports="0" halting="14" stopped="0" meanWaitingTime="40.55" meanTravelTime="116.07" meanSpeed="5.65" meanSpeedRelative="0.41" duration="2"/>
    <step time="33600.00" loaded="20051" inserted="20033" running="61" waiting="18" ended="19972" arrived="19972" collisions="0" teleports="0" halting="26" stopped="0" meanWaitingTime="40.44" meanTravelTime="116.04" meanSpeed="5.25" meanSpeedRelative="0.38" duration="2"/>
    <step time="33900.00" loaded="20207" inserted="20188" running="47" waiting="19" ended="20141" arrived="20141" collisions="0" teleports="0" halting="15" stopped="0" meanWaitingTime="40.34" meanTravelTime="115.93" meanSpeed="5.84" meanSpeedRelative="0.42" duration="1"/>
    <step time="34200.00" loaded="20365" inserted="20345" running="70" waiting="20" ended="20275" arrived="20275" collisions="0" teleports="0" halting="18" stopped="0" meanWaitingTime="40.27" meanTravelTime="115.90" meanSpeed="5.09" meanSpeedRelative="0.37" duration="1"/>
    <step time="34500.00" loaded="20531" inserted="20505" running="67" waiting="26" ended="20438" arrived="20438" collisions="0" teleports="0" halting="17" stopped="0" meanWaitingTime="40.31" meanTravelTime="116.02" meanSpeed="5.35" meanSpeedRelative="0.39" duration="1"/>
    <step time="34800.00" loaded="20683" inserted="20653" running="61" waiting="30" ended="20592" arrived="20592" collisions="0" teleports="0" halting="32" stopped="0" meanWaitingTime="40.47" meanTravelTime="115.94" meanSpeed="3.68" meanSpeedRelative="0.26" duration="1"/>
    <step time="35100.00" loaded="20820" inserted="20806" running="55" waiting="14" ended="20751" arrived="20751" collisions="0" teleports="0" halting="11" stopped="0" meanWaitingTime="40.57" meanTravelTime="115.91" meanSpeed="6.19" meanSpeedRelative="0.45" duration="1"/>
    <step time="35400.00" loaded="20956" inserted="20949" running="56" waiting="7" ended="20893" arrived="20893" collisions="0" teleports="0" halting="7" stopped="0" meanWaitingTime="40.37" meanTravelTime="115.82" meanSpeed="6.22" meanSpeedRelative="0.45" duration="1"/>
    <step time="35700.00" loaded="21102" inserted="21095" running="49" waiting="7" ended="21046" arrived="21046" collisions="0" teleports="0" halting="23" stopped="0" meanWaitingTime="40.21" meanTravelTime="115.91" meanSpeed="4.15" meanSpeedRelative="0.30" duration="1"/>
    <step time="36000.00" loaded="21256" inserted="21250" running="42" waiting="6" ended="21208" arrived="21208" collisions="0" teleports="0" halting="19" stopped="0" meanWaitingTime="40.03" meanTravelTime="115.77" meanSpeed="3.99" meanSpeedRelative="0.29" duration="1"/>
    <step time="36300.00" loaded="21431" inserted="21414" running="50" waiting="17" ended="21364" arrived="21364" collisions="0" teleports="0" halting="23" stopped="0" meanWaitingTime="39.87" meanTravelTime="115.59" meanSpeed="4.60" meanSpeedRelative="0.33" duration="1"/>
    <step time="36600.00" loaded="21577" inserted="21567" running="64" waiting="10" ended="21503" arrived="21503" collisions="0" teleports="0" halting="6" stopped="0" meanWaitingTime="39.76" meanTravelTime="115.62" meanSpeed="5.70" meanSpeedRelative="0.41" duration="1"/>
    <step time="36900.00" loaded="21714" inserted="21693" running="37" waiting="21" ended="21656" arrived="21656" collisions="0" teleports="0" halting="11" stopped="0" meanWaitingTime="39.62" meanTravelTime="115.76" meanSpeed="5.65" meanSpeedRelative="0.41" duration="1"/>
    <step time="37200.00" loaded="21837" inserted="21815" running="49" waiting="22" ended="21766" arrived="21766" collisions="0" teleports="0" halting="27" stopped="0" meanWaitingTime="39.59" meanTravelTime="115.67" meanSpeed="2.70" meanSpeedRelative="0.21" duration="1"/>
    <step time="37500.00" loaded="21978" inserted="21941" running="54" waiting="37" ended="21887" arrived="21887" collisions="0" teleports="0" halting="11" stopped="0" meanWaitingTime="39.72" meanTravelTime="115.76" meanSpeed="5.95" meanSpeedRelative="0.43" duration="1"/>
    <step time="37800.00" loaded="22132" inserted="22092" running="49" waiting="40" ended="22043" arrived="22043" collisions="0" teleports="0" halting="21" stopped="0" meanWaitingTime="39.97" meanTravelTime="115.77" meanSpeed="5.12" meanSpeedRelative="0.37" duration="1"/>
    <step time="38100.00" loaded="22277" inserted="22234" running="65" waiting="43" ended="22169" arrived="22169" collisions="0" teleports="0" halting="25" stopped="0" meanWaitingTime="40.15" meanTravelTime="115.59" meanSpeed="4.59" meanSpeedRelative="0.33" duration="1"/>
    <step time="38400.00" loaded="22403" inserted="22378" running="64" waiting="25" ended="22314" arrived="22314" collisions="0" teleports="0" halting="33" stopped="0" meanWaitingTime="40.42" meanTravelTime="115.72" meanSpeed="3.39" meanSpeedRelative="0.24" duration="1"/>
    <step time="38700.00" loaded="22502" inserted="22493" running="59" waiting="9" ended="22434" arrived="22434" collisions="0" teleports="0" halting="38" stopped="0" meanWaitingTime="40.54" meanTravelTime="115.82" meanSpeed="2.91" meanSpeedRelative="0.21" duration="1"/>
    <step time="39000.00" loaded="22606" inserted="22572" running="49" waiting="34" ended="22523" arrived="22523" collisions="0" teleports="0" halting="6" stopped="0" meanWaitingTime="40.68" meanTravelTime="115.97" meanSpeed="5.76" meanSpeedRelative="0.41" duration="1"/>
    <step time="39300.00" loaded="22732" inserted="22691" running="42" waiting="41" ended="22649" arrived="22649" collisions="0" teleports="0" halting="20" stopped="0" meanWaitingTime="40.93" meanTravelTime="116.13" meanSpeed="3.90" meanSpeedRelative="0.28" duration="1"/>
    <step time="39600.00" loaded="22842" inserted="22802" running="28" waiting="40" ended="22774" arrived="22774" collisions="0" teleports="0" halting="14" stopped="0" meanWaitingTime="41.14" meanTravelTime="116.06" meanSpeed="4.78" meanSpeedRelative="0.34" duration="0"/>
    <step time="39900.00" loaded="22965" inserted="22937" running="64" waiting="28" ended="22873" arrived="22873" collisions="0" teleports="0" halting="51" stopped="0" meanWaitingTime="41.43" meanTravelTime="115.94" meanSpeed="1.56" meanSpeedRelative="0.11" duration="2"/>
    <step time="40200.00" loaded="23055" inserted="23035" running="43" waiting="20" ended="22992" arrived="22992" collisions="0" teleports="0" halting="16" stopped="0" meanWaitingTime="41.67" meanTravelTime="116.13" meanSpeed="3.90" meanSpeedRelative="0.28" duration="1"/>
    <step time="40500.00" loaded="23153" inserted="23130" running="32" waiting="23" ended="23098" arrived="23098" collisions="0" teleports="0" halting="9" stopped="0" meanWaitingTime="41.75" meanTravelTime="116.27" meanSpeed="7.40" meanSpeedRelative="0.53" duration="2"/>
    <step time="40800.00" loaded="23260" inserted="23229" running="36" waiting="31" ended="23193" arrived="23193" collisions="0" teleports="0" halting="17" stopped="0" meanWaitingTime="42.00" meanTravelTime="116.19" meanSpeed="4.28" meanSpeedRelative="0.31" duration="0"/>
    <step time="41100.00" loaded="23344" inserted="23321" running="40" waiting="23" ended="23281" arrived="23281" collisions="0" teleports="0" halting="22" stopped="0" meanWaitingTime="42.16" meanTravelTime="116.21" meanSpeed="4.00" meanSpeedRelative="0.29" duration="1"/>
    <step time="41400.00" loaded="23406" inserted="23396" running="20" waiting="10" ended="23376" arrived="23376" collisions="0" teleports="0" halting="7" stopped="0" meanWaitingTime="42.24" meanTravelTime="116.37" meanSpeed="4.54" meanSpeedRelative="0.33" duration="1"/>
    <step time="41700.00" loaded="23505" inserted="23482" running="45" waiting="23" ended="23437" arrived="23437" collisions="0" teleports="0" halting="17" stopped="0" meanWaitingTime="42.37" meanTravelTime="116.32" meanSpeed="5.19" meanSpeedRelative="0.37" duration="1"/>
    <step time="42000.00" loaded="23586" inserted="23557" running="16" waiting="29" ended="23541" arrived="23541" collisions="0" teleports="0" halting="9" stopped="0" meanWaitingTime="42.52" meanTravelTime="116.35" meanSpeed="4.80" meanSpeedRelative="0.35" duration="1"/>
    <step time="42300.00" loaded="23690" inserted="23665" running="46" waiting="25" ended="23619" arrived="23619" collisions="0" teleports="0" halting="10" stopped="0" meanWaitingTime="42.75" meanTravelTime="116.23" meanSpeed="6.17" meanSpeedRelative="0.46" duration="1"/>
    <step time="42600.00" loaded="23802" inserted="23765" running="42" waiting="37" ended="23723" arrived="23723" collisions="0" teleports="0" halting="10" stopped="0" meanWaitingTime="42.95" meanTravelTime="116.20" meanSpeed="6.17" meanSpeedRelative="0.44" duration="1"/>
    <step time="42900.00" loaded="23902" inserted="23877" running="51" waiting="25" ended="23826" arrived="23826" collisions="0" teleports="0" halting="15" stopped="0" meanWaitingTime="43.22" meanTravelTime="116.26" meanSpeed="5.26" meanSpeedRelative="0.38" duration="2"/>
    <step time="43200.00" loaded="24006" inserted="23970" running="30" waiting="36" ended="23940" arrived="23940" collisions="0" teleports="0" halting="10" stopped="0" meanWaitingTime="43.33" meanTravelTime="116.32" meanSpeed="6.08" meanSpeedRelative="0.47" duration="2"/>
    <step time="43500.00" loaded="24084" inserted="24059" running="34" waiting="25" ended="24025" arrived="24025" collisions="0" teleports="0" halting="9" stopped="0" meanWaitingTime="43.49" meanTravelTime="116.28" meanSpeed="5.30" meanSpeedRelative="0.38" duration="0"/>
    <step time="43800.00" loaded="24185" inserted="24147" running="37" waiting="38" ended="24110" arrived="24110" collisions="0" teleports="0" halting="18" stopped="0" meanWaitingTime="43.69" meanTravelTime="116.24" meanSpeed="4.12" meanSpeedRelative="0.30" duration="1"/>
    <step time="44100.00" loaded="24290" inserted="24261" running="49" waiting="29" ended="24212" arrived="24212" collisions="0" teleports="0" halting="29" stopped="0" meanWaitingTime="43.96" meanTravelTime="116.18" meanSpeed="4.16" meanSpeedRelative="0.30" duration="1"/>
    <step time="44400.00" loaded="24402" inserted="24368" running="69" waiting="34" ended="24299" arrived="24299" collisions="0" teleports="0" halting="56" stopped="0" meanWaitingTime="44.18" meanTravelTime="116.11" meanSpeed="0.94" meanSpeedRelative="0.07" duration="1"/>
    <step time="44700.00" loaded="24507" inserted="24463" running="48" waiting="44" ended="24415" arrived="24415" collisions="0" teleports="0" halting="13" stopped="0" meanWaitingTime="44.47" meanTravelTime="116.63" meanSpeed="3.45" meanSpeedRelative="0.25" duration="2"/>
    <step time="45000.00" loaded="24612" inserted="24564" running="34" waiting="48" ended="24530" arrived="24530" collisions="0" teleports="0" halting="3" stopped="0" meanWaitingTime="44.81" meanTravelTime="116.78" meanSpeed="6.19" meanSpeedRelative="0.45" duration="1"/>
    <step time="45300.00" loaded="24699" inserted="24663" running="45" waiting="36" ended="24618" arrived="24618" collisions="0" teleports="0" halting="15" stopped="0" meanWaitingTime="45.11" meanTravelTime="116.78" meanSpeed="5.14" meanSpeedRelative="0.37" duration="1"/>
    <step time="45600.00" loaded="24781" inserted="24744" running="41" waiting="37" ended="24703" arrived="24703" collisions="0" teleports="0" halting="19" stopped="0" meanWaitingTime="45.33" meanTravelTime="116.83" meanSpeed="3.20" meanSpeedRelative="0.23" duration="1"/>
    <step time="45900.00" loaded="24868" inserted="24802" running="46" waiting="66" ended="24756" arrived="24756" collisions="0" teleports="0" halting="30" stopped="0" meanWaitingTime="45.68" meanTravelTime="116.91" meanSpeed="3.18" meanSpeedRelative="0.23" duration="3"/>
    <step time="46200.00" loaded="24949" inserted="24886" running="56" waiting="63" ended="24830" arrived="24830" collisions="0" teleports="0" halting="49" stopped="0" meanWaitingTime="46.14" meanTravelTime="116.76" meanSpeed="0.75" meanSpeedRelative="0.05" duration="0"/>
    <step time="46500.00" loaded="24997" inserted="24973" running="79" waiting="24" ended="24894" arrived="24894" collisions="0" teleports="0" halting="56" stopped="0" meanWaitingTime="46.74" meanTravelTime="116.62" meanSpeed="1.68" meanSpeedRelative="0.12" duration="1"/>
    <step time="46800.00" loaded="25017" inserted="25017" running="77" waiting="0" ended="24940" arrived="24940" collisions="0" teleports="0" halting="76" stopped="0" meanWaitingTime="46.99" meanTravelTime="116.53" meanSpeed="0.13" meanSpeedRelative="0.01" duration="1"/>
    <step time="47100.00" loaded="25035" inserted="25035" running="73" waiting="0" ended="24962" arrived="24962" collisions="0" teleports="0" halting="70" stopped="0" meanWaitingTime="46.96" meanTravelTime="116.46" meanSpeed="0.24" meanSpeedRelative="0.02" duration="1"/>
    <step time="47400.00" loaded="25052" inserted="25052" running="72" waiting="0" ended="24980" arrived="24980" collisions="0" teleports="0" halting="72" stopped="0" meanWaitingTime="46.93" meanTravelTime="116.40" meanSpeed="0.00" meanSpeedRelative="0.00" duration="0"/>
    <step time="47700.00" loaded="25066" inserted="25066" running="73" waiting="0" ended="24993" arrived="24993" collisions="0" teleports="0" halting="73" stopped="0" meanWaitingTime="46.90" meanTravelTime="116.37" meanSpeed="0.00" meanSpeedRelative="0.00" duration="1"/>
    <step time="48000.00" loaded="25079" inserted="25079" running="71" waiting="0" ended="25008" arrived="25008" collisions="0" teleports="0" halting="70" stopped="0" meanWaitingTime="46.88" meanTravelTime="116.33" meanSpeed="0.08" meanSpeedRelative="0.01" duration="1"/>
    <step time="48300.00" loaded="25093" inserted="25093" running="71" waiting="0" ended="25022" arrived="25022" collisions="0" teleports="0" halting="70" stopped="0" meanWaitingTime="46.85" meanTravelTime="116.28" meanSpeed="0.05" meanSpeedRelative="0.00" duration="1"/>
    <step time="48600.00" loaded="25109" inserted="25109" running="72" waiting="0" ended="25037" arrived="25037" collisions="0" teleports="0" halting="70" stopped="0" meanWaitingTime="46.82" meanTravelTime="116.23" meanSpeed="0.19" meanSpeedRelative="0.01" duration="0"/>
    <step time="48900.00" loaded="25124" inserted="25124" running="76" waiting="0" ended="25048" arrived="25048" collisions="0" teleports="0" halting="75" stopped="0" meanWaitingTime="46.79" meanTravelTime="116.18" meanSpeed="0.04" meanSpeedRelative="0.00" duration="0"/>
    <step time="49200.00" loaded="25133" inserted="25133" running="70" waiting="0" ended="25063" arrived="25063" collisions="0" teleports="0" halting="70" stopped="0" meanWaitingTime="46.78" meanTravelTime="116.16" meanSpeed="0.00" meanSpeedRelative="0.00" duration="1"/>
</summary>
