<?xml version="1.0" encoding="UTF-8"?>

<!-- generated on 2025-02-28 19:58:04 by Eclipse SUMO GUI Version 1.19.0
<configuration xmlns:xsi="http://www.w3.org/2001/XMLSchema-instance" xsi:noNamespaceSchemaLocation="http://sumo.dlr.de/xsd/sumoConfiguration.xsd">

    <input>
        <net-file value="Network.net.xml"/>
        <route-files value="CarRoutes.rou.xml"/>
        <additional-files value="Sensors.add.xml"/>
    </input>

    <output>
        <emission-output value="logs/Emissions.xml"/>
        <summary-output value="logs/Log_summary.xml"/>
        <summary-output.period value="300"/>
        <tripinfo-output value="logs/TripInfos.xml"/>
    </output>

    <time>
        <begin value="0"/>
        <end value="86400"/>
        <step-length value="0.25"/>
    </time>

    <processing>
        <ignore-junction-blocker value="0.1"/>
        <time-to-teleport value="-1"/>
    </processing>

    <report>
        <verbose value="true"/>
        <no-step-log value="true"/>
    </report>

    <emissions>
        <device.emissions.period value="10"/>
    </emissions>

    <traci_server>
        <remote-port value="59663"/>
    </traci_server>

    <gui_only>
        <quit-on-end value="true"/>
        <start value="true"/>
    </gui_only>

</configuration>
-->

<instantE1 xmlns:xsi="http://www.w3.org/2001/XMLSchema-instance" xsi:noNamespaceSchemaLocation="http://sumo.dlr.de/xsd/instant_e1_file.xsd">
    <instantOut id="235_D025" time="1176.09" state="enter" vehID="Car_692" speed="9.54" length="5.00" type="DEFAULT_CAR"/>
    <instantOut id="235_D025" time="1176.25" state="stay" vehID="Car_692" speed="9.54" length="5.00" type="DEFAULT_CAR"/>
    <instantOut id="235_D025" time="1176.50" state="stay" vehID="Car_692" speed="8.83" length="5.00" type="DEFAULT_CAR"/>
    <instantOut id="235_D025" time="1176.66" state="leave" vehID="Car_692" speed="8.08" length="5.00" type="DEFAULT_CAR" occupancy="0.57"/>
    <instantOut id="235_D025" time="3013.74" state="enter" vehID="Car_2293" speed="9.02" length="5.00" type="DEFAULT_CAR" gap="1837.08"/>
    <instantOut id="235_D025" time="3013.75" state="stay" vehID="Car_2293" speed="9.02" length="5.00" type="DEFAULT_CAR"/>
    <instantOut id="235_D025" time="3014.00" state="stay" vehID="Car_2293" speed="8.27" length="5.00" type="DEFAULT_CAR"/>
    <instantOut id="235_D025" time="3014.25" state="stay" vehID="Car_2293" speed="7.52" length="5.00" type="DEFAULT_CAR"/>
    <instantOut id="235_D025" time="3014.39" state="leave" vehID="Car_2293" speed="6.77" length="5.00" type="DEFAULT_CAR" occupancy="0.65"/>
    <instantOut id="235_D025" time="5638.45" state="enter" vehID="Car_2438" speed="8.54" length="5.00" type="DEFAULT_CAR" gap="2624.05"/>
    <instantOut id="235_D025" time="5638.50" state="stay" vehID="Car_2438" speed="8.54" length="5.00" type="DEFAULT_CAR"/>
    <instantOut id="235_D025" time="5638.75" state="stay" vehID="Car_2438" speed="7.79" length="5.00" type="DEFAULT_CAR"/>
    <instantOut id="235_D025" time="5639.00" state="stay" vehID="Car_2438" speed="7.13" length="5.00" type="DEFAULT_CAR"/>
    <instantOut id="235_D025" time="5639.13" state="leave" vehID="Car_2438" speed="6.38" length="5.00" type="DEFAULT_CAR" occupancy="0.68"/>
    <instantOut id="235_D025" time="7602.21" state="enter" vehID="Car_4038" speed="9.81" length="5.00" type="DEFAULT_CAR" gap="1963.08"/>
    <instantOut id="235_D025" time="7602.25" state="stay" vehID="Car_4038" speed="9.81" length="5.00" type="DEFAULT_CAR"/>
    <instantOut id="235_D025" time="7602.50" state="stay" vehID="Car_4038" speed="10.33" length="5.00" type="DEFAULT_CAR"/>
    <instantOut id="235_D025" time="7602.71" state="leave" vehID="Car_4038" speed="9.73" length="5.00" type="DEFAULT_CAR" occupancy="0.50"/>
    <instantOut id="235_D025" time="9476.51" state="enter" vehID="Car_4188" speed="7.78" length="5.00" type="DEFAULT_CAR" gap="1873.80"/>
    <instantOut id="235_D025" time="9476.75" state="stay" vehID="Car_4188" speed="7.78" length="5.00" type="DEFAULT_CAR"/>
    <instantOut id="235_D025" time="9477.00" state="stay" vehID="Car_4188" speed="7.03" length="5.00" type="DEFAULT_CAR"/>
    <instantOut id="235_D025" time="9477.21" state="leave" vehID="Car_4188" speed="6.34" length="5.00" type="DEFAULT_CAR" occupancy="0.71"/>
    <instantOut id="235_D025" time="10298.78" state="enter" vehID="Car_7208" speed="6.53" length="5.00" type="DEFAULT_CAR" gap="821.57"/>
    <instantOut id="235_D025" time="10299.00" state="stay" vehID="Car_7208" speed="6.53" length="5.00" type="DEFAULT_CAR"/>
    <instantOut id="235_D025" time="10299.25" state="stay" vehID="Car_7208" speed="5.78" length="5.00" type="DEFAULT_CAR"/>
    <instantOut id="235_D025" time="10299.50" state="stay" vehID="Car_7208" speed="5.03" length="5.00" type="DEFAULT_CAR"/>
    <instantOut id="235_D025" time="10299.70" state="leave" vehID="Car_7208" speed="4.28" length="5.00" type="DEFAULT_CAR" occupancy="0.92"/>
    <instantOut id="235_D025" time="11688.51" state="enter" vehID="Car_6058" speed="8.87" length="5.00" type="DEFAULT_CAR" gap="1388.81"/>
    <instantOut id="235_D025" time="11688.75" state="stay" vehID="Car_6058" speed="8.87" length="5.00" type="DEFAULT_CAR"/>
    <instantOut id="235_D025" time="11689.00" state="stay" vehID="Car_6058" speed="8.12" length="5.00" type="DEFAULT_CAR"/>
    <instantOut id="235_D025" time="11689.12" state="leave" vehID="Car_6058" speed="7.38" length="5.00" type="DEFAULT_CAR" occupancy="0.61"/>
    <instantOut id="235_D025" time="12522.21" state="enter" vehID="Car_5393" speed="9.64" length="5.00" type="DEFAULT_CAR" gap="833.09"/>
    <instantOut id="235_D025" time="12522.25" state="stay" vehID="Car_5393" speed="9.64" length="5.00" type="DEFAULT_CAR"/>
    <instantOut id="235_D025" time="12522.50" state="stay" vehID="Car_5393" speed="8.99" length="5.00" type="DEFAULT_CAR"/>
    <instantOut id="235_D025" time="12522.75" state="stay" vehID="Car_5393" speed="8.24" length="5.00" type="DEFAULT_CAR"/>
    <instantOut id="235_D025" time="12522.79" state="leave" vehID="Car_5393" speed="7.49" length="5.00" type="DEFAULT_CAR" occupancy="0.58"/>
    <instantOut id="235_D025" time="16149.98" state="enter" vehID="Car_7887" speed="7.10" length="5.00" type="DEFAULT_CAR" gap="3627.19"/>
    <instantOut id="235_D025" time="16150.00" state="stay" vehID="Car_7887" speed="7.10" length="5.00" type="DEFAULT_CAR"/>
    <instantOut id="235_D025" time="16150.25" state="stay" vehID="Car_7887" speed="7.82" length="5.00" type="DEFAULT_CAR"/>
    <instantOut id="235_D025" time="16150.50" state="stay" vehID="Car_7887" speed="8.30" length="5.00" type="DEFAULT_CAR"/>
    <instantOut id="235_D025" time="16150.61" state="leave" vehID="Car_7887" speed="7.77" length="5.00" type="DEFAULT_CAR" occupancy="0.63"/>
    <instantOut id="235_D025" time="17551.41" state="enter" vehID="Car_9797" speed="10.15" length="5.00" type="DEFAULT_CAR" gap="1400.80"/>
    <instantOut id="235_D025" time="17551.50" state="stay" vehID="Car_9797" speed="10.15" length="5.00" type="DEFAULT_CAR"/>
    <instantOut id="235_D025" time="17551.75" state="stay" vehID="Car_9797" speed="9.55" length="5.00" type="DEFAULT_CAR"/>
    <instantOut id="235_D025" time="17551.94" state="leave" vehID="Car_9797" speed="8.85" length="5.00" type="DEFAULT_CAR" occupancy="0.53"/>
    <instantOut id="235_D025" time="19561.53" state="enter" vehID="Car_9827" speed="7.18" length="5.00" type="DEFAULT_CAR" gap="2009.59"/>
    <instantOut id="235_D025" time="19561.75" state="stay" vehID="Car_9827" speed="7.18" length="5.00" type="DEFAULT_CAR"/>
    <instantOut id="235_D025" time="19562.00" state="stay" vehID="Car_9827" speed="6.43" length="5.00" type="DEFAULT_CAR"/>
    <instantOut id="235_D025" time="19562.25" state="stay" vehID="Car_9827" speed="5.68" length="5.00" type="DEFAULT_CAR"/>
    <instantOut id="235_D025" time="19562.32" state="leave" vehID="Car_9827" speed="4.93" length="5.00" type="DEFAULT_CAR" occupancy="0.80"/>
    <instantOut id="235_D025" time="19760.74" state="enter" vehID="Car_9826" speed="9.73" length="5.00" type="DEFAULT_CAR" gap="198.41"/>
    <instantOut id="235_D025" time="19760.75" state="stay" vehID="Car_9826" speed="9.73" length="5.00" type="DEFAULT_CAR"/>
    <instantOut id="235_D025" time="19761.00" state="stay" vehID="Car_9826" speed="8.98" length="5.00" type="DEFAULT_CAR"/>
    <instantOut id="235_D025" time="19761.25" state="stay" vehID="Car_9826" speed="8.23" length="5.00" type="DEFAULT_CAR"/>
    <instantOut id="235_D025" time="19761.33" state="leave" vehID="Car_9826" speed="7.48" length="5.00" type="DEFAULT_CAR" occupancy="0.59"/>
    <instantOut id="235_D025" time="20031.23" state="enter" vehID="Car_9844" speed="8.41" length="5.00" type="DEFAULT_CAR" gap="269.90"/>
    <instantOut id="235_D025" time="20031.25" state="stay" vehID="Car_9844" speed="8.41" length="5.00" type="DEFAULT_CAR"/>
    <instantOut id="235_D025" time="20031.50" state="stay" vehID="Car_9844" speed="8.04" length="5.00" type="DEFAULT_CAR"/>
    <instantOut id="235_D025" time="20031.75" state="stay" vehID="Car_9844" speed="7.29" length="5.00" type="DEFAULT_CAR"/>
    <instantOut id="235_D025" time="20031.90" state="leave" vehID="Car_9844" speed="6.64" length="5.00" type="DEFAULT_CAR" occupancy="0.67"/>
    <instantOut id="235_D025" time="22202.22" state="enter" vehID="Car_12596" speed="8.59" length="5.00" type="DEFAULT_CAR" gap="2170.33"/>
    <instantOut id="235_D025" time="22202.25" state="stay" vehID="Car_12596" speed="8.59" length="5.00" type="DEFAULT_CAR"/>
    <instantOut id="235_D025" time="22202.50" state="stay" vehID="Car_12596" speed="7.84" length="5.00" type="DEFAULT_CAR"/>
    <instantOut id="235_D025" time="22202.75" state="stay" vehID="Car_12596" speed="7.42" length="5.00" type="DEFAULT_CAR"/>
    <instantOut id="235_D025" time="22202.89" state="leave" vehID="Car_12596" speed="6.67" length="5.00" type="DEFAULT_CAR" occupancy="0.67"/>
    <instantOut id="235_D025" time="22977.99" state="enter" vehID="Car_12615" speed="6.74" length="5.00" type="DEFAULT_CAR" gap="775.10"/>
    <instantOut id="235_D025" time="22978.00" state="stay" vehID="Car_12615" speed="6.74" length="5.00" type="DEFAULT_CAR"/>
    <instantOut id="235_D025" time="22978.25" state="stay" vehID="Car_12615" speed="7.40" length="5.00" type="DEFAULT_CAR"/>
    <instantOut id="235_D025" time="22978.50" state="stay" vehID="Car_12615" speed="6.75" length="5.00" type="DEFAULT_CAR"/>
    <instantOut id="235_D025" time="22978.74" state="leave" vehID="Car_12615" speed="6.00" length="5.00" type="DEFAULT_CAR" occupancy="0.74"/>
    <instantOut id="235_D025" time="23279.80" state="enter" vehID="Car_12597" speed="6.92" length="5.00" type="DEFAULT_CAR" gap="301.06"/>
    <instantOut id="235_D025" time="23280.00" state="stay" vehID="Car_12597" speed="6.92" length="5.00" type="DEFAULT_CAR"/>
    <instantOut id="235_D025" time="23280.25" state="stay" vehID="Car_12597" speed="6.41" length="5.00" type="DEFAULT_CAR"/>
    <instantOut id="235_D025" time="23280.50" state="stay" vehID="Car_12597" speed="5.71" length="5.00" type="DEFAULT_CAR"/>
    <instantOut id="235_D025" time="23280.61" state="leave" vehID="Car_12597" speed="4.99" length="5.00" type="DEFAULT_CAR" occupancy="0.82"/>
    <instantOut id="235_D025" time="24150.49" state="enter" vehID="Car_15490" speed="8.52" length="5.00" type="DEFAULT_CAR" gap="869.87"/>
    <instantOut id="235_D025" time="24150.50" state="stay" vehID="Car_15490" speed="8.52" length="5.00" type="DEFAULT_CAR"/>
    <instantOut id="235_D025" time="24150.75" state="stay" vehID="Car_15490" speed="8.21" length="5.00" type="DEFAULT_CAR"/>
    <instantOut id="235_D025" time="24151.00" state="stay" vehID="Car_15490" speed="7.46" length="5.00" type="DEFAULT_CAR"/>
    <instantOut id="235_D025" time="24151.14" state="leave" vehID="Car_15490" speed="6.71" length="5.00" type="DEFAULT_CAR" occupancy="0.66"/>
    <instantOut id="235_D025" time="26205.96" state="enter" vehID="Car_15951" speed="9.27" length="5.00" type="DEFAULT_CAR" gap="2054.81"/>
    <instantOut id="235_D025" time="26206.00" state="stay" vehID="Car_15951" speed="9.27" length="5.00" type="DEFAULT_CAR"/>
    <instantOut id="235_D025" time="26206.25" state="stay" vehID="Car_15951" speed="8.90" length="5.00" type="DEFAULT_CAR"/>
    <instantOut id="235_D025" time="26206.50" state="stay" vehID="Car_15951" speed="8.15" length="5.00" type="DEFAULT_CAR"/>
    <instantOut id="235_D025" time="26206.54" state="leave" vehID="Car_15951" speed="7.40" length="5.00" type="DEFAULT_CAR" occupancy="0.59"/>
    <instantOut id="235_D025" time="28771.28" state="enter" vehID="Car_17892" speed="8.07" length="5.00" type="DEFAULT_CAR" gap="2564.74"/>
    <instantOut id="235_D025" time="28771.50" state="stay" vehID="Car_17892" speed="8.07" length="5.00" type="DEFAULT_CAR"/>
    <instantOut id="235_D025" time="28771.75" state="stay" vehID="Car_17892" speed="7.49" length="5.00" type="DEFAULT_CAR"/>
    <instantOut id="235_D025" time="28771.96" state="leave" vehID="Car_17892" speed="6.74" length="5.00" type="DEFAULT_CAR" occupancy="0.67"/>
    <instantOut id="235_D025" time="29251.25" state="enter" vehID="Car_17295" speed="9.71" length="5.00" type="DEFAULT_CAR" gap="479.29"/>
    <instantOut id="235_D025" time="29251.25" state="stay" vehID="Car_17295" speed="9.71" length="5.00" type="DEFAULT_CAR"/>
    <instantOut id="235_D025" time="29251.50" state="stay" vehID="Car_17295" speed="9.45" length="5.00" type="DEFAULT_CAR"/>
    <instantOut id="235_D025" time="29251.75" state="stay" vehID="Car_17295" speed="8.77" length="5.00" type="DEFAULT_CAR"/>
    <instantOut id="235_D025" time="29251.80" state="leave" vehID="Car_17295" speed="8.02" length="5.00" type="DEFAULT_CAR" occupancy="0.55"/>
    <instantOut id="235_D025" time="30482.49" state="enter" vehID="Car_18195" speed="9.07" length="5.00" type="DEFAULT_CAR" gap="1230.69"/>
    <instantOut id="235_D025" time="30482.50" state="stay" vehID="Car_18195" speed="9.07" length="5.00" type="DEFAULT_CAR"/>
    <instantOut id="235_D025" time="30482.75" state="stay" vehID="Car_18195" speed="8.32" length="5.00" type="DEFAULT_CAR"/>
    <instantOut id="235_D025" time="30483.00" state="stay" vehID="Car_18195" speed="7.57" length="5.00" type="DEFAULT_CAR"/>
    <instantOut id="235_D025" time="30483.14" state="leave" vehID="Car_18195" speed="6.82" length="5.00" type="DEFAULT_CAR" occupancy="0.65"/>
    <instantOut id="235_D025" time="31309.46" state="enter" vehID="Car_17443" speed="9.79" length="5.00" type="DEFAULT_CAR" gap="826.33"/>
    <instantOut id="235_D025" time="31309.50" state="stay" vehID="Car_17443" speed="9.79" length="5.00" type="DEFAULT_CAR"/>
    <instantOut id="235_D025" time="31309.75" state="stay" vehID="Car_17443" speed="10.44" length="5.00" type="DEFAULT_CAR"/>
    <instantOut id="235_D025" time="31309.96" state="leave" vehID="Car_17443" speed="9.69" length="5.00" type="DEFAULT_CAR" occupancy="0.50"/>
    <instantOut id="235_D025" time="32494.30" state="enter" vehID="Car_19778" speed="7.27" length="5.00" type="DEFAULT_CAR" gap="1184.35"/>
    <instantOut id="235_D025" time="32494.50" state="stay" vehID="Car_19778" speed="7.27" length="5.00" type="DEFAULT_CAR"/>
    <instantOut id="235_D025" time="32494.75" state="stay" vehID="Car_19778" speed="6.52" length="5.00" type="DEFAULT_CAR"/>
    <instantOut id="235_D025" time="32495.00" state="stay" vehID="Car_19778" speed="5.77" length="5.00" type="DEFAULT_CAR"/>
    <instantOut id="235_D025" time="32495.10" state="leave" vehID="Car_19778" speed="5.02" length="5.00" type="DEFAULT_CAR" occupancy="0.80"/>
    <instantOut id="235_D025" time="32662.32" state="enter" vehID="Car_19839" speed="7.45" length="5.00" type="DEFAULT_CAR" gap="167.22"/>
    <instantOut id="235_D025" time="32662.50" state="stay" vehID="Car_19839" speed="7.45" length="5.00" type="DEFAULT_CAR"/>
    <instantOut id="235_D025" time="32662.75" state="stay" vehID="Car_19839" speed="6.70" length="5.00" type="DEFAULT_CAR"/>
    <instantOut id="235_D025" time="32663.00" state="stay" vehID="Car_19839" speed="5.95" length="5.00" type="DEFAULT_CAR"/>
    <instantOut id="235_D025" time="32663.10" state="leave" vehID="Car_19839" speed="5.20" length="5.00" type="DEFAULT_CAR" occupancy="0.78"/>
    <instantOut id="235_D025" time="32772.74" state="enter" vehID="Car_18831" speed="8.71" length="5.00" type="DEFAULT_CAR" gap="109.64"/>
    <instantOut id="235_D025" time="32772.75" state="stay" vehID="Car_18831" speed="8.71" length="5.00" type="DEFAULT_CAR"/>
    <instantOut id="235_D025" time="32773.00" state="stay" vehID="Car_18831" speed="8.06" length="5.00" type="DEFAULT_CAR"/>
    <instantOut id="235_D025" time="32773.25" state="stay" vehID="Car_18831" speed="7.57" length="5.00" type="DEFAULT_CAR"/>
    <instantOut id="235_D025" time="32773.40" state="leave" vehID="Car_18831" speed="6.82" length="5.00" type="DEFAULT_CAR" occupancy="0.66"/>
    <instantOut id="235_D025" time="33610.25" state="enter" vehID="Car_19779" speed="8.19" length="5.00" type="DEFAULT_CAR" gap="836.85"/>
    <instantOut id="235_D025" time="33610.25" state="stay" vehID="Car_19779" speed="8.19" length="5.00" type="DEFAULT_CAR"/>
    <instantOut id="235_D025" time="33610.50" state="stay" vehID="Car_19779" speed="7.44" length="5.00" type="DEFAULT_CAR"/>
    <instantOut id="235_D025" time="33610.75" state="stay" vehID="Car_19779" speed="6.69" length="5.00" type="DEFAULT_CAR"/>
    <instantOut id="235_D025" time="33611.00" state="leave" vehID="Car_19779" speed="5.96" length="5.00" type="DEFAULT_CAR" occupancy="0.75"/>
    <instantOut id="235_D025" time="34457.81" state="enter" vehID="Car_20453" speed="6.30" length="5.00" type="DEFAULT_CAR" gap="846.82"/>
    <instantOut id="235_D025" time="34458.00" state="stay" vehID="Car_20453" speed="6.30" length="5.00" type="DEFAULT_CAR"/>
    <instantOut id="235_D025" time="34458.25" state="stay" vehID="Car_20453" speed="5.55" length="5.00" type="DEFAULT_CAR"/>
    <instantOut id="235_D025" time="34458.50" state="stay" vehID="Car_20453" speed="4.80" length="5.00" type="DEFAULT_CAR"/>
    <instantOut id="235_D025" time="34458.75" state="stay" vehID="Car_20453" speed="4.40" length="5.00" type="DEFAULT_CAR"/>
    <instantOut id="235_D025" time="34458.79" state="leave" vehID="Car_20453" speed="3.67" length="5.00" type="DEFAULT_CAR" occupancy="0.97"/>
    <instantOut id="235_D025" time="34982.47" state="enter" vehID="Car_20291" speed="8.48" length="5.00" type="DEFAULT_CAR" gap="523.68"/>
    <instantOut id="235_D025" time="34982.50" state="stay" vehID="Car_20291" speed="8.48" length="5.00" type="DEFAULT_CAR"/>
    <instantOut id="235_D025" time="34982.75" state="stay" vehID="Car_20291" speed="7.73" length="5.00" type="DEFAULT_CAR"/>
    <instantOut id="235_D025" time="34983.00" state="stay" vehID="Car_20291" speed="7.44" length="5.00" type="DEFAULT_CAR"/>
    <instantOut id="235_D025" time="34983.14" state="leave" vehID="Car_20291" speed="6.69" length="5.00" type="DEFAULT_CAR" occupancy="0.67"/>
    <instantOut id="235_D025" time="36276.90" state="enter" vehID="Car_20946" speed="7.54" length="5.00" type="DEFAULT_CAR" gap="1293.76"/>
    <instantOut id="235_D025" time="36277.00" state="stay" vehID="Car_20946" speed="7.54" length="5.00" type="DEFAULT_CAR"/>
    <instantOut id="235_D025" time="36277.25" state="stay" vehID="Car_20946" speed="8.42" length="5.00" type="DEFAULT_CAR"/>
    <instantOut id="235_D025" time="36277.50" state="stay" vehID="Car_20946" speed="7.82" length="5.00" type="DEFAULT_CAR"/>
    <instantOut id="235_D025" time="36277.53" state="leave" vehID="Car_20946" speed="7.34" length="5.00" type="DEFAULT_CAR" occupancy="0.63"/>
    <instantOut id="235_D025" time="41291.97" state="enter" vehID="Car_23380" speed="10.30" length="5.00" type="DEFAULT_CAR" gap="5014.44"/>
    <instantOut id="235_D025" time="41292.00" state="stay" vehID="Car_23380" speed="10.30" length="5.00" type="DEFAULT_CAR"/>
    <instantOut id="235_D025" time="41292.25" state="stay" vehID="Car_23380" speed="10.82" length="5.00" type="DEFAULT_CAR"/>
    <instantOut id="235_D025" time="41292.43" state="leave" vehID="Car_23380" speed="11.06" length="5.00" type="DEFAULT_CAR" occupancy="0.46"/>
    <instantOut id="235_D025" time="42849.82" state="enter" vehID="Car_24719" speed="3.90" length="5.00" type="DEFAULT_CAR" gap="1557.39"/>
    <instantOut id="235_D025" time="42850.00" state="stay" vehID="Car_24719" speed="3.90" length="5.00" type="DEFAULT_CAR"/>
    <instantOut id="235_D025" time="42850.25" state="stay" vehID="Car_24719" speed="3.83" length="5.00" type="DEFAULT_CAR"/>
    <instantOut id="235_D025" time="42850.50" state="stay" vehID="Car_24719" speed="4.11" length="5.00" type="DEFAULT_CAR"/>
    <instantOut id="235_D025" time="42850.75" state="stay" vehID="Car_24719" speed="4.04" length="5.00" type="DEFAULT_CAR"/>
    <instantOut id="235_D025" time="42851.00" state="stay" vehID="Car_24719" speed="3.54" length="5.00" type="DEFAULT_CAR"/>
    <instantOut id="235_D025" time="42851.15" state="leave" vehID="Car_24719" speed="2.79" length="5.00" type="DEFAULT_CAR" occupancy="1.33"/>
</instantE1>
