<?xml version="1.0" encoding="UTF-8"?>

<!-- generated on 2025-02-28 19:37:10 by Eclipse SUMO GUI Version 1.19.0
<configuration xmlns:xsi="http://www.w3.org/2001/XMLSchema-instance" xsi:noNamespaceSchemaLocation="http://sumo.dlr.de/xsd/sumoConfiguration.xsd">

    <input>
        <net-file value="Network.net.xml"/>
        <route-files value="CarRoutes.rou.xml"/>
        <additional-files value="Sensors.add.xml"/>
    </input>

    <output>
        <emission-output value="logs/Emissions.xml"/>
        <summary-output value="logs/Log_summary.xml"/>
        <summary-output.period value="300"/>
        <tripinfo-output value="logs/TripInfos.xml"/>
    </output>

    <time>
        <begin value="0"/>
        <end value="86400"/>
        <step-length value="0.25"/>
    </time>

    <processing>
        <ignore-junction-blocker value="0.1"/>
        <time-to-teleport value="-1"/>
    </processing>

    <report>
        <verbose value="true"/>
        <no-step-log value="true"/>
    </report>

    <emissions>
        <device.emissions.period value="10"/>
    </emissions>

    <traci_server>
        <remote-port value="59515"/>
    </traci_server>

    <gui_only>
        <quit-on-end value="true"/>
        <start value="true"/>
    </gui_only>

</configuration>
-->

<summary xmlns:xsi="http://www.w3.org/2001/XMLSchema-instance" xsi:noNamespaceSchemaLocation="http://sumo.dlr.de/xsd/summary_file.xsd">
    <step time="0.00" loaded="0" inserted="0" running="0" waiting="0" ended="0" arrived="0" collisions="0" teleports="0" halting="0" stopped="0" meanWaitingTime="-1.00" meanTravelTime="-1.00" meanSpeed="-1.00" meanSpeedRelative="-1.00" duration="0"/>
    <step time="300.00" loaded="211" inserted="199" running="90" waiting="12" ended="109" arrived="109" collisions="0" teleports="0" halting="42" stopped="0" meanWaitingTime="13.08" meanTravelTime="76.47" meanSpeed="3.42" meanSpeedRelative="0.25" duration="3"/>
    <step time="600.00" loaded="372" inserted="362" running="62" waiting="10" ended="300" arrived="300" collisions="0" teleports="0" halting="16" stopped="0" meanWaitingTime="11.71" meanTravelTime="108.91" meanSpeed="5.00" meanSpeedRelative="0.36" duration="3"/>
    <step time="900.00" loaded="528" inserted="518" running="52" waiting="10" ended="466" arrived="466" collisions="0" teleports="0" halting="34" stopped="0" meanWaitingTime="11.40" meanTravelTime="113.85" meanSpeed="3.22" meanSpeedRelative="0.23" duration="2"/>
    <step time="1200.00" loaded="702" inserted="687" running="65" waiting="15" ended="622" arrived="622" collisions="0" teleports="0" halting="9" stopped="0" meanWaitingTime="14.93" meanTravelTime="110.00" meanSpeed="6.17" meanSpeedRelative="0.44" duration="2"/>
    <step time="1500.00" loaded="865" inserted="845" running="66" waiting="20" ended="779" arrived="779" collisions="0" teleports="0" halting="12" stopped="0" meanWaitingTime="16.21" meanTravelTime="112.31" meanSpeed="5.17" meanSpeedRelative="0.37" duration="2"/>
    <step time="1800.00" loaded="1024" inserted="1006" running="56" waiting="18" ended="950" arrived="950" collisions="0" teleports="0" halting="19" stopped="0" meanWaitingTime="19.28" meanTravelTime="111.88" meanSpeed="5.33" meanSpeedRelative="0.38" duration="2"/>
    <step time="2100.00" loaded="1186" inserted="1171" running="65" waiting="15" ended="1106" arrived="1106" collisions="0" teleports="0" halting="41" stopped="0" meanWaitingTime="18.05" meanTravelTime="110.91" meanSpeed="2.94" meanSpeedRelative="0.22" duration="3"/>
    <step time="2400.00" loaded="1329" inserted="1313" running="44" waiting="16" ended="1269" arrived="1269" collisions="0" teleports="0" halting="21" stopped="0" meanWaitingTime="18.23" meanTravelTime="111.40" meanSpeed="3.56" meanSpeedRelative="0.26" duration="2"/>
    <step time="2700.00" loaded="1472" inserted="1471" running="49" waiting="1" ended="1422" arrived="1422" collisions="0" teleports="0" halting="10" stopped="0" meanWaitingTime="18.20" meanTravelTime="109.32" meanSpeed="6.88" meanSpeedRelative="0.50" duration="2"/>
    <step time="3000.00" loaded="1632" inserted="1625" running="43" waiting="7" ended="1582" arrived="1582" collisions="0" teleports="0" halting="25" stopped="0" meanWaitingTime="17.04" meanTravelTime="108.39" meanSpeed="3.99" meanSpeedRelative="0.29" duration="2"/>
    <step time="3300.00" loaded="1804" inserted="1782" running="54" waiting="22" ended="1728" arrived="1728" collisions="0" teleports="0" halting="11" stopped="0" meanWaitingTime="17.71" meanTravelTime="108.48" meanSpeed="6.66" meanSpeedRelative="0.48" duration="2"/>
    <step time="3600.00" loaded="1937" inserted="1923" running="44" waiting="14" ended="1879" arrived="1879" collisions="0" teleports="0" halting="20" stopped="0" meanWaitingTime="19.39" meanTravelTime="107.19" meanSpeed="4.46" meanSpeedRelative="0.34" duration="1"/>
    <step time="3900.00" loaded="2102" inserted="2102" running="67" waiting="0" ended="2035" arrived="2035" collisions="0" teleports="0" halting="33" stopped="0" meanWaitingTime="18.53" meanTravelTime="107.27" meanSpeed="3.75" meanSpeedRelative="0.27" duration="1"/>
    <step time="4200.00" loaded="2234" inserted="2234" running="41" waiting="0" ended="2193" arrived="2193" collisions="0" teleports="0" halting="8" stopped="0" meanWaitingTime="18.50" meanTravelTime="107.12" meanSpeed="6.16" meanSpeedRelative="0.44" duration="2"/>
    <step time="4500.00" loaded="2413" inserted="2412" running="63" waiting="1" ended="2349" arrived="2349" collisions="0" teleports="0" halting="31" stopped="0" meanWaitingTime="17.58" meanTravelTime="106.11" meanSpeed="3.50" meanSpeedRelative="0.25" duration="4"/>
    <step time="4800.00" loaded="2570" inserted="2564" running="41" waiting="6" ended="2523" arrived="2523" collisions="0" teleports="0" halting="15" stopped="0" meanWaitingTime="16.80" meanTravelTime="105.42" meanSpeed="5.03" meanSpeedRelative="0.36" duration="1"/>
    <step time="5100.00" loaded="2737" inserted="2727" running="56" waiting="10" ended="2671" arrived="2671" collisions="0" teleports="0" halting="8" stopped="0" meanWaitingTime="17.41" meanTravelTime="104.27" meanSpeed="6.23" meanSpeedRelative="0.45" duration="2"/>
    <step time="5400.00" loaded="2889" inserted="2887" running="57" waiting="2" ended="2830" arrived="2830" collisions="0" teleports="0" halting="14" stopped="0" meanWaitingTime="17.23" meanTravelTime="103.77" meanSpeed="5.60" meanSpeedRelative="0.40" duration="0"/>
    <step time="5700.00" loaded="3076" inserted="3061" running="71" waiting="15" ended="2990" arrived="2990" collisions="0" teleports="0" halting="25" stopped="0" meanWaitingTime="16.59" meanTravelTime="103.90" meanSpeed="5.30" meanSpeedRelative="0.38" duration="3"/>
    <step time="6000.00" loaded="3203" inserted="3200" running="45" waiting="3" ended="3155" arrived="3155" collisions="0" teleports="0" halting="19" stopped="0" meanWaitingTime="16.56" meanTravelTime="105.47" meanSpeed="4.79" meanSpeedRelative="0.34" duration="1"/>
    <step time="6300.00" loaded="3368" inserted="3351" running="65" waiting="17" ended="3286" arrived="3286" collisions="0" teleports="0" halting="28" stopped="0" meanWaitingTime="16.55" meanTravelTime="106.37" meanSpeed="4.26" meanSpeedRelative="0.31" duration="3"/>
    <step time="6600.00" loaded="3526" inserted="3518" running="73" waiting="8" ended="3445" arrived="3445" collisions="0" teleports="0" halting="19" stopped="0" meanWaitingTime="16.71" meanTravelTime="106.40" meanSpeed="5.13" meanSpeedRelative="0.37" duration="3"/>
    <step time="6900.00" loaded="3710" inserted="3693" running="61" waiting="17" ended="3632" arrived="3632" collisions="0" teleports="0" halting="22" stopped="0" meanWaitingTime="16.72" meanTravelTime="106.95" meanSpeed="5.06" meanSpeedRelative="0.36" duration="3"/>
    <step time="7200.00" loaded="3868" inserted="3846" running="54" waiting="22" ended="3792" arrived="3792" collisions="0" teleports="0" halting="17" stopped="0" meanWaitingTime="17.30" meanTravelTime="107.10" meanSpeed="5.44" meanSpeedRelative="0.39" duration="2"/>
    <step time="7500.00" loaded="4015" inserted="4003" running="48" waiting="12" ended="3955" arrived="3955" collisions="0" teleports="0" halting="21" stopped="0" meanWaitingTime="17.99" meanTravelTime="107.26" meanSpeed="4.04" meanSpeedRelative="0.29" duration="1"/>
    <step time="7800.00" loaded="4173" inserted="4150" running="41" waiting="23" ended="4109" arrived="4109" collisions="0" teleports="0" halting="9" stopped="0" meanWaitingTime="18.42" meanTravelTime="106.79" meanSpeed="5.20" meanSpeedRelative="0.37" duration="2"/>
    <step time="8100.00" loaded="4344" inserted="4329" running="51" waiting="15" ended="4278" arrived="4278" collisions="0" teleports="0" halting="14" stopped="0" meanWaitingTime="19.46" meanTravelTime="106.06" meanSpeed="5.29" meanSpeedRelative="0.38" duration="3"/>
    <step time="8400.00" loaded="4525" inserted="4521" running="61" waiting="4" ended="4460" arrived="4460" collisions="0" teleports="0" halting="18" stopped="0" meanWaitingTime="19.40" meanTravelTime="105.47" meanSpeed="5.00" meanSpeedRelative="0.36" duration="3"/>
    <step time="8700.00" loaded="4696" inserted="4691" running="73" waiting="5" ended="4618" arrived="4618" collisions="0" teleports="0" halting="20" stopped="0" meanWaitingTime="19.14" meanTravelTime="105.62" meanSpeed="6.26" meanSpeedRelative="0.45" duration="3"/>
    <step time="9000.00" loaded="4884" inserted="4867" running="61" waiting="17" ended="4806" arrived="4806" collisions="0" teleports="0" halting="21" stopped="0" meanWaitingTime="18.93" meanTravelTime="105.74" meanSpeed="3.50" meanSpeedRelative="0.26" duration="3"/>
    <step time="9300.00" loaded="5066" inserted="5048" running="58" waiting="18" ended="4990" arrived="4990" collisions="0" teleports="0" halting="22" stopped="0" meanWaitingTime="18.93" meanTravelTime="105.73" meanSpeed="5.02" meanSpeedRelative="0.36" duration="3"/>
    <step time="9600.00" loaded="5234" inserted="5224" running="67" waiting="10" ended="5157" arrived="5157" collisions="0" teleports="0" halting="37" stopped="0" meanWaitingTime="19.36" meanTravelTime="105.52" meanSpeed="4.26" meanSpeedRelative="0.31" duration="3"/>
    <step time="9900.00" loaded="5378" inserted="5362" running="49" waiting="16" ended="5313" arrived="5313" collisions="0" teleports="0" halting="13" stopped="0" meanWaitingTime="19.20" meanTravelTime="105.99" meanSpeed="5.46" meanSpeedRelative="0.39" duration="2"/>
    <step time="10200.00" loaded="5545" inserted="5536" running="48" waiting="9" ended="5488" arrived="5488" collisions="0" teleports="0" halting="8" stopped="0" meanWaitingTime="19.41" meanTravelTime="106.17" meanSpeed="6.03" meanSpeedRelative="0.43" duration="1"/>
    <step time="10500.00" loaded="5724" inserted="5713" running="79" waiting="11" ended="5634" arrived="5634" collisions="0" teleports="0" halting="33" stopped="0" meanWaitingTime="19.22" meanTravelTime="106.03" meanSpeed="4.66" meanSpeedRelative="0.34" duration="3"/>
    <step time="10800.00" loaded="5895" inserted="5888" running="75" waiting="7" ended="5813" arrived="5813" collisions="0" teleports="0" halting="10" stopped="0" meanWaitingTime="19.22" meanTravelTime="106.78" meanSpeed="5.93" meanSpeedRelative="0.43" duration="3"/>
    <step time="11100.00" loaded="6073" inserted="6055" running="58" waiting="18" ended="5997" arrived="5997" collisions="0" teleports="0" halting="24" stopped="0" meanWaitingTime="19.16" meanTravelTime="107.24" meanSpeed="4.15" meanSpeedRelative="0.30" duration="3"/>
    <step time="11400.00" loaded="6244" inserted="6212" running="55" waiting="32" ended="6157" arrived="6157" collisions="0" teleports="0" halting="8" stopped="0" meanWaitingTime="19.79" meanTravelTime="107.04" meanSpeed="6.41" meanSpeedRelative="0.46" duration="3"/>
    <step time="11700.00" loaded="6386" inserted="6364" running="53" waiting="22" ended="6311" arrived="6311" collisions="0" teleports="0" halting="12" stopped="0" meanWaitingTime="20.71" meanTravelTime="106.95" meanSpeed="5.09" meanSpeedRelative="0.37" duration="2"/>
    <step time="12000.00" loaded="6561" inserted="6554" running="59" waiting="7" ended="6495" arrived="6495" collisions="0" teleports="0" halting="15" stopped="0" meanWaitingTime="20.77" meanTravelTime="107.04" meanSpeed="4.16" meanSpeedRelative="0.30" duration="3"/>
    <step time="12300.00" loaded="6728" inserted="6728" running="73" waiting="0" ended="6655" arrived="6655" collisions="0" teleports="0" halting="32" stopped="0" meanWaitingTime="20.50" meanTravelTime="107.08" meanSpeed="4.34" meanSpeedRelative="0.31" duration="4"/>
    <step time="12600.00" loaded="6896" inserted="6876" running="55" waiting="20" ended="6821" arrived="6821" collisions="0" teleports="0" halting="23" stopped="0" meanWaitingTime="20.30" meanTravelTime="107.32" meanSpeed="4.93" meanSpeedRelative="0.37" duration="2"/>
    <step time="12900.00" loaded="7064" inserted="7049" running="61" waiting="15" ended="6988" arrived="6988" collisions="0" teleports="0" halting="22" stopped="0" meanWaitingTime="20.44" meanTravelTime="107.21" meanSpeed="4.46" meanSpeedRelative="0.32" duration="3"/>
    <step time="13200.00" loaded="7235" inserted="7214" running="70" waiting="21" ended="7144" arrived="7144" collisions="0" teleports="0" halting="24" stopped="0" meanWaitingTime="20.56" meanTravelTime="107.19" meanSpeed="5.37" meanSpeedRelative="0.39" duration="3"/>
    <step time="13500.00" loaded="7411" inserted="7403" running="73" waiting="8" ended="7330" arrived="7330" collisions="0" teleports="0" halting="21" stopped="0" meanWaitingTime="20.49" meanTravelTime="107.30" meanSpeed="4.62" meanSpeedRelative="0.33" duration="3"/>
    <step time="13800.00" loaded="7608" inserted="7595" running="86" waiting="13" ended="7509" arrived="7509" collisions="0" teleports="0" halting="28" stopped="0" meanWaitingTime="20.58" meanTravelTime="107.24" meanSpeed="5.06" meanSpeedRelative="0.36" duration="3"/>
    <step time="14100.00" loaded="7770" inserted="7766" running="74" waiting="4" ended="7692" arrived="7692" collisions="0" teleports="0" halting="15" stopped="0" meanWaitingTime="20.52" meanTravelTime="108.13" meanSpeed="5.44" meanSpeedRelative="0.39" duration="3"/>
    <step time="14400.00" loaded="7911" inserted="7900" running="49" waiting="11" ended="7851" arrived="7851" collisions="0" teleports="0" halting="16" stopped="0" meanWaitingTime="20.68" meanTravelTime="108.39" meanSpeed="6.23" meanSpeedRelative="0.45" duration="1"/>
    <step time="14700.00" loaded="8106" inserted="8089" running="62" waiting="17" ended="8027" arrived="8027" collisions="0" teleports="0" halting="13" stopped="0" meanWaitingTime="20.61" meanTravelTime="107.95" meanSpeed="6.24" meanSpeedRelative="0.45" duration="3"/>
    <step time="15000.00" loaded="8263" inserted="8258" running="89" waiting="5" ended="8169" arrived="8169" collisions="0" teleports="0" halting="13" stopped="0" meanWaitingTime="20.41" meanTravelTime="108.09" meanSpeed="5.61" meanSpeedRelative="0.40" duration="3"/>
    <step time="15300.00" loaded="8422" inserted="8388" running="57" waiting="34" ended="8331" arrived="8331" collisions="0" teleports="0" halting="19" stopped="0" meanWaitingTime="20.58" meanTravelTime="108.76" meanSpeed="5.17" meanSpeedRelative="0.37" duration="1"/>
    <step time="15600.00" loaded="8585" inserted="8575" running="70" waiting="10" ended="8505" arrived="8505" collisions="0" teleports="0" halting="18" stopped="0" meanWaitingTime="21.31" meanTravelTime="108.30" meanSpeed="4.84" meanSpeedRelative="0.35" duration="4"/>
    <step time="15900.00" loaded="8775" inserted="8763" running="83" waiting="12" ended="8680" arrived="8680" collisions="0" teleports="0" halting="30" stopped="0" meanWaitingTime="21.56" meanTravelTime="108.46" meanSpeed="3.98" meanSpeedRelative="0.29" duration="2"/>
    <step time="16200.00" loaded="8963" inserted="8929" running="69" waiting="34" ended="8860" arrived="8860" collisions="0" teleports="0" halting="21" stopped="0" meanWaitingTime="21.83" meanTravelTime="108.67" meanSpeed="5.12" meanSpeedRelative="0.37" duration="1"/>
    <step time="16500.00" loaded="9127" inserted="9112" running="58" waiting="15" ended="9054" arrived="9054" collisions="0" teleports="0" halting="21" stopped="0" meanWaitingTime="22.43" meanTravelTime="108.66" meanSpeed="5.02" meanSpeedRelative="0.36" duration="2"/>
    <step time="16800.00" loaded="9311" inserted="9270" running="66" waiting="41" ended="9204" arrived="9204" collisions="0" teleports="0" halting="16" stopped="0" meanWaitingTime="22.71" meanTravelTime="108.78" meanSpeed="5.37" meanSpeedRelative="0.39" duration="1"/>
    <step time="17100.00" loaded="9481" inserted="9451" running="62" waiting="30" ended="9389" arrived="9389" collisions="0" teleports="0" halting="10" stopped="0" meanWaitingTime="23.51" meanTravelTime="108.72" meanSpeed="5.81" meanSpeedRelative="0.42" duration="1"/>
    <step time="17400.00" loaded="9661" inserted="9636" running="76" waiting="25" ended="9560" arrived="9560" collisions="0" teleports="0" halting="37" stopped="0" meanWaitingTime="24.19" meanTravelTime="108.82" meanSpeed="3.67" meanSpeedRelative="0.26" duration="3"/>
    <step time="17700.00" loaded="9835" inserted="9807" running="84" waiting="28" ended="9723" arrived="9723" collisions="0" teleports="0" halting="31" stopped="0" meanWaitingTime="24.65" meanTravelTime="108.86" meanSpeed="4.50" meanSpeedRelative="0.32" duration="4"/>
    <step time="18000.00" loaded="9997" inserted="9975" running="70" waiting="22" ended="9905" arrived="9905" collisions="0" teleports="0" halting="35" stopped="0" meanWaitingTime="25.13" meanTravelTime="109.47" meanSpeed="4.06" meanSpeedRelative="0.29" duration="3"/>
    <step time="18300.00" loaded="10183" inserted="10150" running="45" waiting="33" ended="10105" arrived="10105" collisions="0" teleports="0" halting="23" stopped="0" meanWaitingTime="25.33" meanTravelTime="109.64" meanSpeed="4.51" meanSpeedRelative="0.32" duration="3"/>
    <step time="18600.00" loaded="10341" inserted="10310" running="62" waiting="31" ended="10248" arrived="10248" collisions="0" teleports="0" halting="21" stopped="0" meanWaitingTime="25.93" meanTravelTime="109.52" meanSpeed="5.13" meanSpeedRelative="0.37" duration="2"/>
    <step time="18900.00" loaded="10524" inserted="10489" running="62" waiting="35" ended="10427" arrived="10427" collisions="0" teleports="0" halting="12" stopped="0" meanWaitingTime="26.30" meanTravelTime="109.33" meanSpeed="7.00" meanSpeedRelative="0.50" duration="3"/>
    <step time="19200.00" loaded="10700" inserted="10673" running="60" waiting="27" ended="10613" arrived="10613" collisions="0" teleports="0" halting="28" stopped="0" meanWaitingTime="26.59" meanTravelTime="109.23" meanSpeed="5.01" meanSpeedRelative="0.37" duration="3"/>
    <step time="19500.00" loaded="10908" inserted="10884" running="93" waiting="24" ended="10791" arrived="10791" collisions="0" teleports="0" halting="34" stopped="0" meanWaitingTime="26.88" meanTravelTime="109.35" meanSpeed="3.46" meanSpeedRelative="0.25" duration="4"/>
    <step time="19800.00" loaded="11086" inserted="11054" running="71" waiting="32" ended="10983" arrived="10983" collisions="0" teleports="0" halting="26" stopped="0" meanWaitingTime="27.19" meanTravelTime="109.59" meanSpeed="4.66" meanSpeedRelative="0.34" duration="2"/>
    <step time="20100.00" loaded="11283" inserted="11258" running="82" waiting="25" ended="11176" arrived="11176" collisions="0" teleports="0" halting="21" stopped="0" meanWaitingTime="27.64" meanTravelTime="109.61" meanSpeed="6.12" meanSpeedRelative="0.44" duration="2"/>
    <step time="20400.00" loaded="11450" inserted="11423" running="69" waiting="27" ended="11354" arrived="11354" collisions="0" teleports="0" halting="17" stopped="0" meanWaitingTime="28.03" meanTravelTime="109.56" meanSpeed="5.28" meanSpeedRelative="0.38" duration="3"/>
    <step time="20700.00" loaded="11623" inserted="11600" running="68" waiting="23" ended="11532" arrived="11532" collisions="0" teleports="0" halting="29" stopped="0" meanWaitingTime="28.30" meanTravelTime="109.63" meanSpeed="3.96" meanSpeedRelative="0.29" duration="1"/>
    <step time="21000.00" loaded="11808" inserted="11793" running="56" waiting="15" ended="11737" arrived="11737" collisions="0" teleports="0" halting="36" stopped="0" meanWaitingTime="28.55" meanTravelTime="109.46" meanSpeed="3.10" meanSpeedRelative="0.22" duration="2"/>
    <step time="21300.00" loaded="11967" inserted="11948" running="57" waiting="19" ended="11891" arrived="11891" collisions="0" teleports="0" halting="19" stopped="0" meanWaitingTime="28.64" meanTravelTime="109.35" meanSpeed="5.51" meanSpeedRelative="0.40" duration="2"/>
    <step time="21600.00" loaded="12194" inserted="12161" running="97" waiting="33" ended="12064" arrived="12064" collisions="0" teleports="0" halting="15" stopped="0" meanWaitingTime="28.86" meanTravelTime="109.31" meanSpeed="5.84" meanSpeedRelative="0.42" duration="3"/>
    <step time="21900.00" loaded="12377" inserted="12350" running="82" waiting="27" ended="12268" arrived="12268" collisions="0" teleports="0" halting="27" stopped="0" meanWaitingTime="29.00" meanTravelTime="109.51" meanSpeed="5.22" meanSpeedRelative="0.38" duration="4"/>
    <step time="22200.00" loaded="12567" inserted="12536" running="59" waiting="31" ended="12477" arrived="12477" collisions="0" teleports="0" halting="12" stopped="0" meanWaitingTime="29.27" meanTravelTime="109.45" meanSpeed="5.78" meanSpeedRelative="0.42" duration="2"/>
    <step time="22500.00" loaded="12742" inserted="12693" running="46" waiting="49" ended="12647" arrived="12647" collisions="0" teleports="0" halting="10" stopped="0" meanWaitingTime="29.52" meanTravelTime="109.48" meanSpeed="5.31" meanSpeedRelative="0.38" duration="3"/>
    <step time="22800.00" loaded="12939" inserted="12927" running="104" waiting="12" ended="12823" arrived="12823" collisions="0" teleports="0" halting="58" stopped="0" meanWaitingTime="29.88" meanTravelTime="109.41" meanSpeed="2.89" meanSpeedRelative="0.21" duration="3"/>
    <step time="23100.00" loaded="13124" inserted="13105" running="118" waiting="19" ended="12987" arrived="12987" collisions="0" teleports="0" halting="54" stopped="0" meanWaitingTime="29.90" meanTravelTime="109.97" meanSpeed="3.46" meanSpeedRelative="0.25" duration="4"/>
    <step time="23400.00" loaded="13312" inserted="13285" running="75" waiting="27" ended="13210" arrived="13210" collisions="0" teleports="0" halting="20" stopped="0" meanWaitingTime="30.03" meanTravelTime="110.68" meanSpeed="5.15" meanSpeedRelative="0.37" duration="3"/>
    <step time="23700.00" loaded="13542" inserted="13499" running="75" waiting="43" ended="13424" arrived="13424" collisions="0" teleports="0" halting="38" stopped="0" meanWaitingTime="30.14" meanTravelTime="110.68" meanSpeed="4.13" meanSpeedRelative="0.30" duration="2"/>
    <step time="24000.00" loaded="13719" inserted="13682" running="76" waiting="37" ended="13606" arrived="13606" collisions="0" teleports="0" halting="19" stopped="0" meanWaitingTime="30.48" meanTravelTime="110.65" meanSpeed="4.99" meanSpeedRelative="0.36" duration="3"/>
    <step time="24300.00" loaded="13927" inserted="13887" running="130" waiting="40" ended="13757" arrived="13757" collisions="0" teleports="0" halting="80" stopped="0" meanWaitingTime="30.83" meanTravelTime="110.64" meanSpeed="2.20" meanSpeedRelative="0.16" duration="5"/>
    <step time="24600.00" loaded="14149" inserted="14103" running="109" waiting="46" ended="13994" arrived="13994" collisions="0" teleports="0" halting="65" stopped="0" meanWaitingTime="31.21" meanTravelTime="111.66" meanSpeed="3.04" meanSpeedRelative="0.22" duration="2"/>
    <step time="24900.00" loaded="14362" inserted="14299" running="71" waiting="63" ended="14228" arrived="14228" collisions="0" teleports="0" halting="27" stopped="0" meanWaitingTime="31.70" meanTravelTime="112.01" meanSpeed="4.03" meanSpeedRelative="0.29" duration="2"/>
    <step time="25200.00" loaded="14555" inserted="14490" running="90" waiting="65" ended="14400" arrived="14400" collisions="0" teleports="0" halting="36" stopped="0" meanWaitingTime="32.45" meanTravelTime="111.87" meanSpeed="4.05" meanSpeedRelative="0.29" duration="4"/>
    <step time="25500.00" loaded="14733" inserted="14696" running="72" waiting="37" ended="14624" arrived="14624" collisions="0" teleports="0" halting="26" stopped="0" meanWaitingTime="33.39" meanTravelTime="112.16" meanSpeed="5.11" meanSpeedRelative="0.37" duration="3"/>
    <step time="25800.00" loaded="14966" inserted="14924" running="97" waiting="42" ended="14827" arrived="14827" collisions="0" teleports="0" halting="34" stopped="0" meanWaitingTime="33.79" meanTravelTime="112.11" meanSpeed="4.51" meanSpeedRelative="0.32" duration="4"/>
    <step time="26100.00" loaded="15178" inserted="15143" running="94" waiting="35" ended="15049" arrived="15049" collisions="0" teleports="0" halting="42" stopped="0" meanWaitingTime="34.15" meanTravelTime="112.17" meanSpeed="2.45" meanSpeedRelative="0.18" duration="4"/>
    <step time="26400.00" loaded="15372" inserted="15331" running="84" waiting="41" ended="15247" arrived="15247" collisions="0" teleports="0" halting="41" stopped="0" meanWaitingTime="34.45" meanTravelTime="112.51" meanSpeed="3.44" meanSpeedRelative="0.25" duration="3"/>
    <step time="26700.00" loaded="15589" inserted="15553" running="105" waiting="36" ended="15448" arrived="15448" collisions="0" teleports="0" halting="27" stopped="0" meanWaitingTime="34.84" meanTravelTime="112.48" meanSpeed="4.59" meanSpeedRelative="0.35" duration="4"/>
    <step time="27000.00" loaded="15808" inserted="15769" running="102" waiting="39" ended="15667" arrived="15667" collisions="0" teleports="0" halting="28" stopped="0" meanWaitingTime="35.06" meanTravelTime="112.89" meanSpeed="5.16" meanSpeedRelative="0.37" duration="5"/>
    <step time="27300.00" loaded="16031" inserted="15995" running="108" waiting="36" ended="15887" arrived="15887" collisions="0" teleports="0" halting="44" stopped="0" meanWaitingTime="35.29" meanTravelTime="112.89" meanSpeed="3.73" meanSpeedRelative="0.27" duration="4"/>
    <step time="27600.00" loaded="16231" inserted="16189" running="74" waiting="42" ended="16115" arrived="16115" collisions="0" teleports="0" halting="37" stopped="0" meanWaitingTime="35.42" meanTravelTime="113.17" meanSpeed="3.98" meanSpeedRelative="0.29" duration="3"/>
    <step time="27900.00" loaded="16436" inserted="16401" running="62" waiting="35" ended="16339" arrived="16339" collisions="0" teleports="0" halting="16" stopped="0" meanWaitingTime="35.68" meanTravelTime="113.04" meanSpeed="6.05" meanSpeedRelative="0.44" duration="3"/>
    <step time="28200.00" loaded="16659" inserted="16636" running="67" waiting="23" ended="16569" arrived="16569" collisions="0" teleports="0" halting="15" stopped="0" meanWaitingTime="35.90" meanTravelTime="112.76" meanSpeed="5.84" meanSpeedRelative="0.42" duration="3"/>
    <step time="28500.00" loaded="16861" inserted="16831" running="72" waiting="30" ended="16759" arrived="16759" collisions="0" teleports="0" halting="27" stopped="0" meanWaitingTime="35.94" meanTravelTime="112.52" meanSpeed="4.31" meanSpeedRelative="0.31" duration="3"/>
    <step time="28800.00" loaded="17074" inserted="17043" running="85" waiting="31" ended="16958" arrived="16958" collisions="0" teleports="0" halting="31" stopped="0" meanWaitingTime="35.95" meanTravelTime="112.50" meanSpeed="4.07" meanSpeedRelative="0.29" duration="4"/>
    <step time="29100.00" loaded="17296" inserted="17258" running="90" waiting="38" ended="17168" arrived="17168" collisions="0" teleports="0" halting="34" stopped="0" meanWaitingTime="35.95" meanTravelTime="112.80" meanSpeed="3.17" meanSpeedRelative="0.24" duration="2"/>
    <step time="29400.00" loaded="17497" inserted="17442" running="107" waiting="55" ended="17335" arrived="17335" collisions="0" teleports="0" halting="43" stopped="0" meanWaitingTime="36.16" meanTravelTime="113.00" meanSpeed="3.23" meanSpeedRelative="0.23" duration="5"/>
    <step time="29700.00" loaded="17677" inserted="17618" running="79" waiting="59" ended="17539" arrived="17539" collisions="0" teleports="0" halting="22" stopped="0" meanWaitingTime="36.33" meanTravelTime="113.57" meanSpeed="4.60" meanSpeedRelative="0.33" duration="3"/>
    <step time="30000.00" loaded="17853" inserted="17806" running="82" waiting="47" ended="17724" arrived="17724" collisions="0" teleports="0" halting="29" stopped="0" meanWaitingTime="37.08" meanTravelTime="113.80" meanSpeed="3.76" meanSpeedRelative="0.27" duration="2"/>
    <step time="30300.00" loaded="18050" inserted="18000" running="70" waiting="50" ended="17930" arrived="17930" collisions="0" teleports="0" halting="34" stopped="0" meanWaitingTime="37.64" meanTravelTime="114.06" meanSpeed="3.12" meanSpeedRelative="0.22" duration="3"/>
    <step time="30600.00" loaded="18265" inserted="18220" running="94" waiting="45" ended="18126" arrived="18126" collisions="0" teleports="0" halting="39" stopped="0" meanWaitingTime="38.07" meanTravelTime="113.97" meanSpeed="4.70" meanSpeedRelative="0.34" duration="4"/>
    <step time="30900.00" loaded="18485" inserted="18442" running="107" waiting="43" ended="18335" arrived="18335" collisions="0" teleports="0" halting="53" stopped="0" meanWaitingTime="38.32" meanTravelTime="114.01" meanSpeed="2.76" meanSpeedRelative="0.20" duration="4"/>
    <step time="31200.00" loaded="18656" inserted="18611" running="74" waiting="45" ended="18537" arrived="18537" collisions="0" teleports="0" halting="17" stopped="0" meanWaitingTime="38.40" meanTravelTime="114.50" meanSpeed="4.58" meanSpeedRelative="0.33" duration="3"/>
    <step time="31500.00" loaded="18833" inserted="18791" running="71" waiting="42" ended="18720" arrived="18720" collisions="0" teleports="0" halting="29" stopped="0" meanWaitingTime="38.63" meanTravelTime="114.79" meanSpeed="4.51" meanSpeedRelative="0.32" duration="4"/>
    <step time="31800.00" loaded="18990" inserted="18957" running="74" waiting="33" ended="18883" arrived="18883" collisions="0" teleports="0" halting="18" stopped="0" meanWaitingTime="38.93" meanTravelTime="114.94" meanSpeed="4.64" meanSpeedRelative="0.33" duration="3"/>
    <step time="32100.00" loaded="19170" inserted="19130" running="60" waiting="40" ended="19070" arrived="19070" collisions="0" teleports="0" halting="26" stopped="0" meanWaitingTime="39.16" meanTravelTime="114.98" meanSpeed="5.43" meanSpeedRelative="0.39" duration="2"/>
    <step time="32400.00" loaded="19337" inserted="19294" running="61" waiting="43" ended="19233" arrived="19233" collisions="0" teleports="0" halting="16" stopped="0" meanWaitingTime="39.35" meanTravelTime="114.83" meanSpeed="5.05" meanSpeedRelative="0.36" duration="3"/>
    <step time="32700.00" loaded="19515" inserted="19475" running="72" waiting="40" ended="19403" arrived="19403" collisions="0" teleports="0" halting="11" stopped="0" meanWaitingTime="39.55" meanTravelTime="114.77" meanSpeed="5.02" meanSpeedRelative="0.36" duration="3"/>
    <step time="33000.00" loaded="19682" inserted="19652" running="79" waiting="30" ended="19573" arrived="19573" collisions="0" teleports="0" halting="12" stopped="0" meanWaitingTime="39.79" meanTravelTime="115.08" meanSpeed="5.66" meanSpeedRelative="0.41" duration="4"/>
    <step time="33300.00" loaded="19813" inserted="19799" running="62" waiting="14" ended="19737" arrived="19737" collisions="0" teleports="0" halting="15" stopped="0" meanWaitingTime="39.91" meanTravelTime="115.26" meanSpeed="5.67" meanSpeedRelative="0.41" duration="2"/>
    <step time="33600.00" loaded="20005" inserted="19987" running="68" waiting="18" ended="19919" arrived="19919" collisions="0" teleports="0" halting="33" stopped="0" meanWaitingTime="39.82" meanTravelTime="115.16" meanSpeed="3.97" meanSpeedRelative="0.29" duration="4"/>
    <step time="33900.00" loaded="20164" inserted="20145" running="58" waiting="19" ended="20087" arrived="20087" collisions="0" teleports="0" halting="18" stopped="0" meanWaitingTime="39.74" meanTravelTime="115.13" meanSpeed="5.22" meanSpeedRelative="0.38" duration="1"/>
    <step time="34200.00" loaded="20322" inserted="20301" running="62" waiting="21" ended="20239" arrived="20239" collisions="0" teleports="0" halting="24" stopped="0" meanWaitingTime="39.68" meanTravelTime="115.16" meanSpeed="4.40" meanSpeedRelative="0.34" duration="1"/>
    <step time="34500.00" loaded="20488" inserted="20463" running="96" waiting="25" ended="20367" arrived="20367" collisions="0" teleports="0" halting="39" stopped="0" meanWaitingTime="39.74" meanTravelTime="115.23" meanSpeed="4.45" meanSpeedRelative="0.32" duration="5"/>
    <step time="34800.00" loaded="20639" inserted="20609" running="51" waiting="30" ended="20558" arrived="20558" collisions="0" teleports="0" halting="19" stopped="0" meanWaitingTime="39.90" meanTravelTime="115.33" meanSpeed="3.82" meanSpeedRelative="0.27" duration="2"/>
    <step time="35100.00" loaded="20777" inserted="20764" running="62" waiting="13" ended="20702" arrived="20702" collisions="0" teleports="0" halting="10" stopped="0" meanWaitingTime="39.99" meanTravelTime="115.25" meanSpeed="6.96" meanSpeedRelative="0.50" duration="1"/>
    <step time="35400.00" loaded="20914" inserted="20907" running="42" waiting="7" ended="20865" arrived="20865" collisions="0" teleports="0" halting="6" stopped="0" meanWaitingTime="39.79" meanTravelTime="115.11" meanSpeed="6.76" meanSpeedRelative="0.49" duration="2"/>
    <step time="35700.00" loaded="21058" inserted="21051" running="43" waiting="7" ended="21008" arrived="21008" collisions="0" teleports="0" halting="19" stopped="0" meanWaitingTime="39.64" meanTravelTime="115.08" meanSpeed="4.17" meanSpeedRelative="0.30" duration="1"/>
    <step time="36000.00" loaded="21217" inserted="21209" running="41" waiting="8" ended="21168" arrived="21168" collisions="0" teleports="0" halting="15" stopped="0" meanWaitingTime="39.46" meanTravelTime="114.92" meanSpeed="4.93" meanSpeedRelative="0.37" duration="1"/>
    <step time="36300.00" loaded="21392" inserted="21374" running="54" waiting="18" ended="21320" arrived="21320" collisions="0" teleports="0" halting="28" stopped="0" meanWaitingTime="39.33" meanTravelTime="114.67" meanSpeed="3.41" meanSpeedRelative="0.25" duration="3"/>
    <step time="36600.00" loaded="21540" inserted="21530" running="60" waiting="10" ended="21470" arrived="21470" collisions="0" teleports="0" halting="6" stopped="0" meanWaitingTime="39.23" meanTravelTime="114.62" meanSpeed="5.52" meanSpeedRelative="0.40" duration="1"/>
    <step time="36900.00" loaded="21679" inserted="21659" running="36" waiting="20" ended="21623" arrived="21623" collisions="0" teleports="0" halting="10" stopped="0" meanWaitingTime="39.07" meanTravelTime="114.61" meanSpeed="5.98" meanSpeedRelative="0.43" duration="2"/>
    <step time="37200.00" loaded="21799" inserted="21776" running="41" waiting="23" ended="21735" arrived="21735" collisions="0" teleports="0" halting="24" stopped="0" meanWaitingTime="39.04" meanTravelTime="114.55" meanSpeed="2.31" meanSpeedRelative="0.17" duration="2"/>
    <step time="37500.00" loaded="21939" inserted="21902" running="49" waiting="37" ended="21853" arrived="21853" collisions="0" teleports="0" halting="14" stopped="0" meanWaitingTime="39.19" meanTravelTime="114.58" meanSpeed="6.36" meanSpeedRelative="0.46" duration="3"/>
    <step time="37800.00" loaded="22091" inserted="22049" running="45" waiting="42" ended="22004" arrived="22004" collisions="0" teleports="0" halting="15" stopped="0" meanWaitingTime="39.43" meanTravelTime="114.50" meanSpeed="5.65" meanSpeedRelative="0.41" duration="2"/>
    <step time="38100.00" loaded="22236" inserted="22191" running="53" waiting="45" ended="22138" arrived="22138" collisions="0" teleports="0" halting="18" stopped="0" meanWaitingTime="39.65" meanTravelTime="114.40" meanSpeed="5.03" meanSpeedRelative="0.36" duration="1"/>
    <step time="38400.00" loaded="22360" inserted="22331" running="47" waiting="29" ended="22284" arrived="22284" collisions="0" teleports="0" halting="14" stopped="0" meanWaitingTime="39.96" meanTravelTime="114.34" meanSpeed="5.20" meanSpeedRelative="0.37" duration="2"/>
    <step time="38700.00" loaded="22457" inserted="22443" running="39" waiting="14" ended="22404" arrived="22404" collisions="0" teleports="0" halting="20" stopped="0" meanWaitingTime="40.11" meanTravelTime="114.26" meanSpeed="3.43" meanSpeedRelative="0.25" duration="1"/>
    <step time="39000.00" loaded="22561" inserted="22527" running="39" waiting="34" ended="22488" arrived="22488" collisions="0" teleports="0" halting="7" stopped="0" meanWaitingTime="40.28" meanTravelTime="114.26" meanSpeed="5.59" meanSpeedRelative="0.40" duration="2"/>
    <step time="39300.00" loaded="22688" inserted="22645" running="33" waiting="43" ended="22612" arrived="22612" collisions="0" teleports="0" halting="11" stopped="0" meanWaitingTime="40.54" meanTravelTime="114.20" meanSpeed="6.09" meanSpeedRelative="0.44" duration="1"/>
    <step time="39600.00" loaded="22801" inserted="22752" running="36" waiting="49" ended="22716" arrived="22716" collisions="0" teleports="0" halting="15" stopped="0" meanWaitingTime="40.82" meanTravelTime="114.15" meanSpeed="5.48" meanSpeedRelative="0.39" duration="2"/>
    <step time="39900.00" loaded="22922" inserted="22878" running="59" waiting="44" ended="22819" arrived="22819" collisions="0" teleports="0" halting="41" stopped="0" meanWaitingTime="41.28" meanTravelTime="114.07" meanSpeed="2.82" meanSpeedRelative="0.20" duration="2"/>
    <step time="40200.00" loaded="23012" inserted="22989" running="46" waiting="23" ended="22943" arrived="22943" collisions="0" teleports="0" halting="19" stopped="0" meanWaitingTime="41.77" meanTravelTime="114.20" meanSpeed="3.46" meanSpeedRelative="0.25" duration="2"/>
    <step time="40500.00" loaded="23112" inserted="23089" running="34" waiting="23" ended="23055" arrived="23055" collisions="0" teleports="0" halting="9" stopped="0" meanWaitingTime="41.88" meanTravelTime="114.30" meanSpeed="5.70" meanSpeedRelative="0.41" duration="2"/>
    <step time="40800.00" loaded="23221" inserted="23190" running="38" waiting="31" ended="23152" arrived="23152" collisions="0" teleports="0" halting="13" stopped="0" meanWaitingTime="42.12" meanTravelTime="114.22" meanSpeed="6.09" meanSpeedRelative="0.44" duration="2"/>
    <step time="41100.00" loaded="23303" inserted="23280" running="47" waiting="23" ended="23233" arrived="23233" collisions="0" teleports="0" halting="27" stopped="0" meanWaitingTime="42.29" meanTravelTime="114.28" meanSpeed="3.78" meanSpeedRelative="0.27" duration="2"/>
    <step time="41400.00" loaded="23366" inserted="23356" running="23" waiting="10" ended="23333" arrived="23333" collisions="0" teleports="0" halting="19" stopped="0" meanWaitingTime="42.37" meanTravelTime="114.49" meanSpeed="2.00" meanSpeedRelative="0.14" duration="1"/>
    <step time="41700.00" loaded="23464" inserted="23439" running="48" waiting="25" ended="23391" arrived="23391" collisions="0" teleports="0" halting="21" stopped="0" meanWaitingTime="42.49" meanTravelTime="114.53" meanSpeed="3.94" meanSpeedRelative="0.28" duration="2"/>
    <step time="42000.00" loaded="23545" inserted="23516" running="22" waiting="29" ended="23494" arrived="23494" collisions="0" teleports="0" halting="9" stopped="0" meanWaitingTime="42.66" meanTravelTime="114.66" meanSpeed="4.19" meanSpeedRelative="0.30" duration="1"/>
    <step time="42300.00" loaded="23650" inserted="23625" running="47" waiting="25" ended="23578" arrived="23578" collisions="0" teleports="0" halting="10" stopped="0" meanWaitingTime="42.89" meanTravelTime="114.53" meanSpeed="6.32" meanSpeedRelative="0.45" duration="2"/>
    <step time="42600.00" loaded="23762" inserted="23726" running="47" waiting="36" ended="23679" arrived="23679" collisions="0" teleports="0" halting="8" stopped="0" meanWaitingTime="43.09" meanTravelTime="114.52" meanSpeed="6.72" meanSpeedRelative="0.48" duration="1"/>
    <step time="42900.00" loaded="23862" inserted="23838" running="59" waiting="24" ended="23779" arrived="23779" collisions="0" teleports="0" halting="25" stopped="0" meanWaitingTime="43.35" meanTravelTime="114.65" meanSpeed="4.48" meanSpeedRelative="0.32" duration="1"/>
    <step time="43200.00" loaded="23965" inserted="23930" running="25" waiting="35" ended="23905" arrived="23905" collisions="0" teleports="0" halting="5" stopped="0" meanWaitingTime="43.46" meanTravelTime="114.86" meanSpeed="7.59" meanSpeedRelative="0.55" duration="1"/>
    <step time="43500.00" loaded="24045" inserted="24026" running="43" waiting="19" ended="23983" arrived="23983" collisions="0" teleports="0" halting="9" stopped="0" meanWaitingTime="43.58" meanTravelTime="114.80" meanSpeed="5.23" meanSpeedRelative="0.38" duration="2"/>
    <step time="43800.00" loaded="24146" inserted="24111" running="37" waiting="35" ended="24074" arrived="24074" collisions="0" teleports="0" halting="19" stopped="0" meanWaitingTime="43.74" meanTravelTime="114.81" meanSpeed="4.13" meanSpeedRelative="0.30" duration="1"/>
    <step time="44100.00" loaded="24250" inserted="24221" running="42" waiting="29" ended="24179" arrived="24179" collisions="0" teleports="0" halting="19" stopped="0" meanWaitingTime="43.96" meanTravelTime="114.76" meanSpeed="4.60" meanSpeedRelative="0.33" duration="1"/>
    <step time="44400.00" loaded="24360" inserted="24327" running="72" waiting="33" ended="24255" arrived="24255" collisions="0" teleports="0" halting="55" stopped="0" meanWaitingTime="44.18" meanTravelTime="114.69" meanSpeed="1.24" meanSpeedRelative="0.09" duration="2"/>
    <step time="44700.00" loaded="24462" inserted="24419" running="49" waiting="43" ended="24370" arrived="24370" collisions="0" teleports="0" halting="14" stopped="0" meanWaitingTime="44.48" meanTravelTime="115.24" meanSpeed="4.83" meanSpeedRelative="0.35" duration="2"/>
    <step time="45000.00" loaded="24567" inserted="24519" running="44" waiting="48" ended="24475" arrived="24475" collisions="0" teleports="0" halting="5" stopped="0" meanWaitingTime="44.78" meanTravelTime="115.40" meanSpeed="6.33" meanSpeedRelative="0.46" duration="3"/>
    <step time="45300.00" loaded="24655" inserted="24631" running="63" waiting="24" ended="24568" arrived="24568" collisions="0" teleports="0" halting="5" stopped="0" meanWaitingTime="45.12" meanTravelTime="115.51" meanSpeed="5.48" meanSpeedRelative="0.39" duration="3"/>
    <step time="45600.00" loaded="24738" inserted="24710" running="37" waiting="28" ended="24673" arrived="24673" collisions="0" teleports="0" halting="13" stopped="0" meanWaitingTime="45.21" meanTravelTime="115.70" meanSpeed="4.08" meanSpeedRelative="0.29" duration="1"/>
    <step time="45900.00" loaded="24825" inserted="24779" running="36" waiting="46" ended="24743" arrived="24743" collisions="0" teleports="0" halting="32" stopped="0" meanWaitingTime="45.41" meanTravelTime="115.71" meanSpeed="1.29" meanSpeedRelative="0.09" duration="1"/>
    <step time="46200.00" loaded="24905" inserted="24858" running="44" waiting="47" ended="24814" arrived="24814" collisions="0" teleports="0" halting="37" stopped="0" meanWaitingTime="45.63" meanTravelTime="115.56" meanSpeed="1.08" meanSpeedRelative="0.08" duration="2"/>
    <step time="46500.00" loaded="24953" inserted="24953" running="61" waiting="0" ended="24892" arrived="24892" collisions="0" teleports="0" halting="53" stopped="0" meanWaitingTime="45.94" meanTravelTime="115.38" meanSpeed="1.34" meanSpeedRelative="0.10" duration="1"/>
    <step time="46800.00" loaded="24973" inserted="24973" running="58" waiting="0" ended="24915" arrived="24915" collisions="0" teleports="0" halting="57" stopped="0" meanWaitingTime="45.91" meanTravelTime="115.33" meanSpeed="0.26" meanSpeedRelative="0.02" duration="1"/>
    <step time="47100.00" loaded="24991" inserted="24991" running="57" waiting="0" ended="24934" arrived="24934" collisions="0" teleports="0" halting="53" stopped="0" meanWaitingTime="45.87" meanTravelTime="115.26" meanSpeed="0.34" meanSpeedRelative="0.03" duration="1"/>
    <step time="47400.00" loaded="25007" inserted="25007" running="55" waiting="0" ended="24952" arrived="24952" collisions="0" teleports="0" halting="55" stopped="0" meanWaitingTime="45.85" meanTravelTime="115.21" meanSpeed="0.00" meanSpeedRelative="0.00" duration="2"/>
    <step time="47700.00" loaded="25021" inserted="25021" running="56" waiting="0" ended="24965" arrived="24965" collisions="0" teleports="0" halting="56" stopped="0" meanWaitingTime="45.82" meanTravelTime="115.17" meanSpeed="0.00" meanSpeedRelative="0.00" duration="2"/>
    <step time="48000.00" loaded="25035" inserted="25035" running="55" waiting="0" ended="24980" arrived="24980" collisions="0" teleports="0" halting="53" stopped="0" meanWaitingTime="45.79" meanTravelTime="115.14" meanSpeed="0.36" meanSpeedRelative="0.03" duration="2"/>
    <step time="48300.00" loaded="25049" inserted="25049" running="54" waiting="0" ended="24995" arrived="24995" collisions="0" teleports="0" halting="53" stopped="0" meanWaitingTime="45.77" meanTravelTime="115.09" meanSpeed="0.06" meanSpeedRelative="0.00" duration="2"/>
    <step time="48600.00" loaded="25065" inserted="25065" running="55" waiting="0" ended="25010" arrived="25010" collisions="0" teleports="0" halting="53" stopped="0" meanWaitingTime="45.74" meanTravelTime="115.04" meanSpeed="0.28" meanSpeedRelative="0.02" duration="2"/>
    <step time="48900.00" loaded="25080" inserted="25080" running="59" waiting="0" ended="25021" arrived="25021" collisions="0" teleports="0" halting="58" stopped="0" meanWaitingTime="45.71" meanTravelTime="115.00" meanSpeed="0.06" meanSpeedRelative="0.00" duration="1"/>
    <step time="49200.00" loaded="25089" inserted="25089" running="53" waiting="0" ended="25036" arrived="25036" collisions="0" teleports="0" halting="53" stopped="0" meanWaitingTime="45.70" meanTravelTime="114.97" meanSpeed="0.00" meanSpeedRelative="0.00" duration="1"/>
</summary>
