<?xml version="1.0" encoding="UTF-8"?>

<!-- generated on 2025-02-28 18:26:05 by Eclipse SUMO GUI Version 1.19.0
<configuration xmlns:xsi="http://www.w3.org/2001/XMLSchema-instance" xsi:noNamespaceSchemaLocation="http://sumo.dlr.de/xsd/sumoConfiguration.xsd">

    <input>
        <net-file value="Network.net.xml"/>
        <route-files value="CarRoutes.rou.xml"/>
        <additional-files value="Sensors.add.xml"/>
    </input>

    <output>
        <emission-output value="logs/Emissions.xml"/>
        <summary-output value="logs/Log_summary.xml"/>
        <summary-output.period value="300"/>
        <tripinfo-output value="logs/TripInfos.xml"/>
    </output>

    <time>
        <begin value="0"/>
        <end value="86400"/>
        <step-length value="0.25"/>
    </time>

    <processing>
        <ignore-junction-blocker value="0.1"/>
        <time-to-teleport value="-1"/>
    </processing>

    <report>
        <verbose value="true"/>
        <no-step-log value="true"/>
    </report>

    <emissions>
        <device.emissions.period value="10"/>
    </emissions>

    <traci_server>
        <remote-port value="58694"/>
    </traci_server>

    <gui_only>
        <quit-on-end value="true"/>
        <start value="true"/>
    </gui_only>

</configuration>
-->

<instantE1 xmlns:xsi="http://www.w3.org/2001/XMLSchema-instance" xsi:noNamespaceSchemaLocation="http://sumo.dlr.de/xsd/instant_e1_file.xsd">
    <instantOut id="235_D025" time="358.56" state="enter" vehID="Car_248" speed="7.15" length="5.00" type="DEFAULT_CAR"/>
    <instantOut id="235_D025" time="358.75" state="stay" vehID="Car_248" speed="7.15" length="5.00" type="DEFAULT_CAR"/>
    <instantOut id="235_D025" time="359.00" state="stay" vehID="Car_248" speed="6.40" length="5.00" type="DEFAULT_CAR"/>
    <instantOut id="235_D025" time="359.25" state="stay" vehID="Car_248" speed="5.69" length="5.00" type="DEFAULT_CAR"/>
    <instantOut id="235_D025" time="359.37" state="leave" vehID="Car_248" speed="5.01" length="5.00" type="DEFAULT_CAR" occupancy="0.81"/>
    <instantOut id="235_D025" time="2512.95" state="enter" vehID="Car_1153" speed="9.90" length="5.00" type="DEFAULT_CAR" gap="2153.59"/>
    <instantOut id="235_D025" time="2513.00" state="stay" vehID="Car_1153" speed="9.90" length="5.00" type="DEFAULT_CAR"/>
    <instantOut id="235_D025" time="2513.25" state="stay" vehID="Car_1153" speed="10.60" length="5.00" type="DEFAULT_CAR"/>
    <instantOut id="235_D025" time="2513.43" state="leave" vehID="Car_1153" speed="10.20" length="5.00" type="DEFAULT_CAR" occupancy="0.48"/>
    <instantOut id="235_D025" time="6376.56" state="enter" vehID="Car_3571" speed="7.17" length="5.00" type="DEFAULT_CAR" gap="3863.13"/>
    <instantOut id="235_D025" time="6376.75" state="stay" vehID="Car_3571" speed="7.17" length="5.00" type="DEFAULT_CAR"/>
    <instantOut id="235_D025" time="6377.00" state="stay" vehID="Car_3571" speed="6.42" length="5.00" type="DEFAULT_CAR"/>
    <instantOut id="235_D025" time="6377.25" state="stay" vehID="Car_3571" speed="5.96" length="5.00" type="DEFAULT_CAR"/>
    <instantOut id="235_D025" time="6377.35" state="leave" vehID="Car_3571" speed="5.21" length="5.00" type="DEFAULT_CAR" occupancy="0.79"/>
    <instantOut id="235_D025" time="7117.47" state="enter" vehID="Car_4130" speed="8.88" length="5.00" type="DEFAULT_CAR" gap="740.12"/>
    <instantOut id="235_D025" time="7117.50" state="stay" vehID="Car_4130" speed="8.88" length="5.00" type="DEFAULT_CAR"/>
    <instantOut id="235_D025" time="7117.75" state="stay" vehID="Car_4130" speed="8.13" length="5.00" type="DEFAULT_CAR"/>
    <instantOut id="235_D025" time="7118.00" state="stay" vehID="Car_4130" speed="7.38" length="5.00" type="DEFAULT_CAR"/>
    <instantOut id="235_D025" time="7118.13" state="leave" vehID="Car_4130" speed="6.63" length="5.00" type="DEFAULT_CAR" occupancy="0.66"/>
    <instantOut id="235_D025" time="8703.12" state="enter" vehID="Car_4812" speed="6.30" length="5.00" type="DEFAULT_CAR" gap="1584.99"/>
    <instantOut id="235_D025" time="8703.25" state="stay" vehID="Car_4812" speed="6.30" length="5.00" type="DEFAULT_CAR"/>
    <instantOut id="235_D025" time="8703.50" state="stay" vehID="Car_4812" speed="6.11" length="5.00" type="DEFAULT_CAR"/>
    <instantOut id="235_D025" time="8703.75" state="stay" vehID="Car_4812" speed="5.36" length="5.00" type="DEFAULT_CAR"/>
    <instantOut id="235_D025" time="8704.00" state="stay" vehID="Car_4812" speed="4.61" length="5.00" type="DEFAULT_CAR"/>
    <instantOut id="235_D025" time="8704.04" state="leave" vehID="Car_4812" speed="3.86" length="5.00" type="DEFAULT_CAR" occupancy="0.92"/>
    <instantOut id="235_D025" time="9544.94" state="enter" vehID="Car_5236" speed="10.00" length="5.00" type="DEFAULT_CAR" gap="840.89"/>
    <instantOut id="235_D025" time="9545.00" state="stay" vehID="Car_5236" speed="10.00" length="5.00" type="DEFAULT_CAR"/>
    <instantOut id="235_D025" time="9545.25" state="stay" vehID="Car_5236" speed="10.68" length="5.00" type="DEFAULT_CAR"/>
    <instantOut id="235_D025" time="9545.42" state="leave" vehID="Car_5236" speed="9.93" length="5.00" type="DEFAULT_CAR" occupancy="0.48"/>
    <instantOut id="235_D025" time="9803.47" state="enter" vehID="Car_5463" speed="9.52" length="5.00" type="DEFAULT_CAR" gap="258.05"/>
    <instantOut id="235_D025" time="9803.50" state="stay" vehID="Car_5463" speed="9.52" length="5.00" type="DEFAULT_CAR"/>
    <instantOut id="235_D025" time="9803.75" state="stay" vehID="Car_5463" speed="8.82" length="5.00" type="DEFAULT_CAR"/>
    <instantOut id="235_D025" time="9804.00" state="stay" vehID="Car_5463" speed="8.40" length="5.00" type="DEFAULT_CAR"/>
    <instantOut id="235_D025" time="9804.06" state="leave" vehID="Car_5463" speed="7.65" length="5.00" type="DEFAULT_CAR" occupancy="0.58"/>
    <instantOut id="235_D025" time="10788.96" state="enter" vehID="Car_5908" speed="9.94" length="5.00" type="DEFAULT_CAR" gap="984.91"/>
    <instantOut id="235_D025" time="10789.00" state="stay" vehID="Car_5908" speed="9.94" length="5.00" type="DEFAULT_CAR"/>
    <instantOut id="235_D025" time="10789.25" state="stay" vehID="Car_5908" speed="9.58" length="5.00" type="DEFAULT_CAR"/>
    <instantOut id="235_D025" time="10789.50" state="leave" vehID="Car_5908" speed="8.91" length="5.00" type="DEFAULT_CAR" occupancy="0.54"/>
    <instantOut id="235_D025" time="12458.00" state="enter" vehID="Car_6840" speed="8.40" length="5.00" type="DEFAULT_CAR" gap="1668.50"/>
    <instantOut id="235_D025" time="12458.25" state="stay" vehID="Car_6840" speed="8.40" length="5.00" type="DEFAULT_CAR"/>
    <instantOut id="235_D025" time="12458.50" state="stay" vehID="Car_6840" speed="7.65" length="5.00" type="DEFAULT_CAR"/>
    <instantOut id="235_D025" time="12458.64" state="leave" vehID="Car_6840" speed="6.90" length="5.00" type="DEFAULT_CAR" occupancy="0.64"/>
    <instantOut id="235_D025" time="12783.20" state="enter" vehID="Car_7212" speed="9.93" length="5.00" type="DEFAULT_CAR" gap="324.56"/>
    <instantOut id="235_D025" time="12783.25" state="stay" vehID="Car_7212" speed="9.93" length="5.00" type="DEFAULT_CAR"/>
    <instantOut id="235_D025" time="12783.50" state="stay" vehID="Car_7212" speed="9.18" length="5.00" type="DEFAULT_CAR"/>
    <instantOut id="235_D025" time="12783.75" state="stay" vehID="Car_7212" speed="8.43" length="5.00" type="DEFAULT_CAR"/>
    <instantOut id="235_D025" time="12783.77" state="leave" vehID="Car_7212" speed="7.80" length="5.00" type="DEFAULT_CAR" occupancy="0.56"/>
    <instantOut id="235_D025" time="12823.58" state="enter" vehID="Car_7040" speed="10.46" length="5.00" type="DEFAULT_CAR" gap="39.82"/>
    <instantOut id="235_D025" time="12823.75" state="stay" vehID="Car_7040" speed="10.46" length="5.00" type="DEFAULT_CAR"/>
    <instantOut id="235_D025" time="12824.00" state="stay" vehID="Car_7040" speed="9.91" length="5.00" type="DEFAULT_CAR"/>
    <instantOut id="235_D025" time="12824.09" state="leave" vehID="Car_7040" speed="9.16" length="5.00" type="DEFAULT_CAR" occupancy="0.50"/>
    <instantOut id="235_D025" time="15025.24" state="enter" vehID="Car_8330" speed="9.18" length="5.00" type="DEFAULT_CAR" gap="2201.15"/>
    <instantOut id="235_D025" time="15025.25" state="stay" vehID="Car_8330" speed="9.18" length="5.00" type="DEFAULT_CAR"/>
    <instantOut id="235_D025" time="15025.50" state="stay" vehID="Car_8330" speed="9.37" length="5.00" type="DEFAULT_CAR"/>
    <instantOut id="235_D025" time="15025.75" state="stay" vehID="Car_8330" speed="9.02" length="5.00" type="DEFAULT_CAR"/>
    <instantOut id="235_D025" time="15025.78" state="leave" vehID="Car_8330" speed="8.27" length="5.00" type="DEFAULT_CAR" occupancy="0.55"/>
    <instantOut id="235_D025" time="16976.75" state="enter" vehID="Car_9546" speed="8.77" length="5.00" type="DEFAULT_CAR" gap="1950.96"/>
    <instantOut id="235_D025" time="16976.75" state="stay" vehID="Car_9546" speed="8.77" length="5.00" type="DEFAULT_CAR"/>
    <instantOut id="235_D025" time="16977.00" state="stay" vehID="Car_9546" speed="8.20" length="5.00" type="DEFAULT_CAR"/>
    <instantOut id="235_D025" time="16977.25" state="stay" vehID="Car_9546" speed="7.76" length="5.00" type="DEFAULT_CAR"/>
    <instantOut id="235_D025" time="16977.39" state="leave" vehID="Car_9546" speed="7.01" length="5.00" type="DEFAULT_CAR" occupancy="0.64"/>
    <instantOut id="235_D025" time="17242.63" state="enter" vehID="Car_9547" speed="6.63" length="5.00" type="DEFAULT_CAR" gap="265.24"/>
    <instantOut id="235_D025" time="17242.75" state="stay" vehID="Car_9547" speed="6.63" length="5.00" type="DEFAULT_CAR"/>
    <instantOut id="235_D025" time="17243.00" state="stay" vehID="Car_9547" speed="6.10" length="5.00" type="DEFAULT_CAR"/>
    <instantOut id="235_D025" time="17243.25" state="stay" vehID="Car_9547" speed="5.35" length="5.00" type="DEFAULT_CAR"/>
    <instantOut id="235_D025" time="17243.50" state="stay" vehID="Car_9547" speed="4.60" length="5.00" type="DEFAULT_CAR"/>
    <instantOut id="235_D025" time="17243.56" state="leave" vehID="Car_9547" speed="3.90" length="5.00" type="DEFAULT_CAR" occupancy="0.92"/>
    <instantOut id="235_D025" time="18572.85" state="enter" vehID="Car_10250" speed="7.11" length="5.00" type="DEFAULT_CAR" gap="1329.30"/>
    <instantOut id="235_D025" time="18573.00" state="stay" vehID="Car_10250" speed="7.11" length="5.00" type="DEFAULT_CAR"/>
    <instantOut id="235_D025" time="18573.25" state="stay" vehID="Car_10250" speed="7.99" length="5.00" type="DEFAULT_CAR"/>
    <instantOut id="235_D025" time="18573.48" state="leave" vehID="Car_10250" speed="8.57" length="5.00" type="DEFAULT_CAR" occupancy="0.63"/>
    <instantOut id="235_D025" time="19908.24" state="enter" vehID="Car_11095" speed="9.15" length="5.00" type="DEFAULT_CAR" gap="1334.76"/>
    <instantOut id="235_D025" time="19908.25" state="stay" vehID="Car_11095" speed="9.15" length="5.00" type="DEFAULT_CAR"/>
    <instantOut id="235_D025" time="19908.50" state="stay" vehID="Car_11095" speed="9.64" length="5.00" type="DEFAULT_CAR"/>
    <instantOut id="235_D025" time="19908.75" state="stay" vehID="Car_11095" speed="9.49" length="5.00" type="DEFAULT_CAR"/>
    <instantOut id="235_D025" time="19908.77" state="leave" vehID="Car_11095" speed="8.74" length="5.00" type="DEFAULT_CAR" occupancy="0.52"/>
    <instantOut id="235_D025" time="21896.12" state="enter" vehID="Car_12749" speed="6.85" length="5.00" type="DEFAULT_CAR" gap="1987.35"/>
    <instantOut id="235_D025" time="21896.25" state="stay" vehID="Car_12749" speed="6.85" length="5.00" type="DEFAULT_CAR"/>
    <instantOut id="235_D025" time="21896.50" state="stay" vehID="Car_12749" speed="7.52" length="5.00" type="DEFAULT_CAR"/>
    <instantOut id="235_D025" time="21896.75" state="stay" vehID="Car_12749" speed="6.77" length="5.00" type="DEFAULT_CAR"/>
    <instantOut id="235_D025" time="21896.84" state="leave" vehID="Car_12749" speed="6.02" length="5.00" type="DEFAULT_CAR" occupancy="0.72"/>
    <instantOut id="235_D025" time="23230.96" state="enter" vehID="Car_13191" speed="9.77" length="5.00" type="DEFAULT_CAR" gap="1334.13"/>
    <instantOut id="235_D025" time="23231.00" state="stay" vehID="Car_13191" speed="9.77" length="5.00" type="DEFAULT_CAR"/>
    <instantOut id="235_D025" time="23231.25" state="stay" vehID="Car_13191" speed="9.81" length="5.00" type="DEFAULT_CAR"/>
    <instantOut id="235_D025" time="23231.49" state="leave" vehID="Car_13191" speed="9.06" length="5.00" type="DEFAULT_CAR" occupancy="0.53"/>
    <instantOut id="235_D025" time="23877.98" state="enter" vehID="Car_13733" speed="8.75" length="5.00" type="DEFAULT_CAR" gap="646.48"/>
    <instantOut id="235_D025" time="23878.00" state="stay" vehID="Car_13733" speed="8.75" length="5.00" type="DEFAULT_CAR"/>
    <instantOut id="235_D025" time="23878.25" state="stay" vehID="Car_13733" speed="8.00" length="5.00" type="DEFAULT_CAR"/>
    <instantOut id="235_D025" time="23878.50" state="stay" vehID="Car_13733" speed="7.28" length="5.00" type="DEFAULT_CAR"/>
    <instantOut id="235_D025" time="23878.64" state="leave" vehID="Car_13733" speed="7.01" length="5.00" type="DEFAULT_CAR" occupancy="0.66"/>
    <instantOut id="235_D025" time="24193.72" state="enter" vehID="Car_13931" speed="9.39" length="5.00" type="DEFAULT_CAR" gap="315.08"/>
    <instantOut id="235_D025" time="24193.75" state="stay" vehID="Car_13931" speed="9.39" length="5.00" type="DEFAULT_CAR"/>
    <instantOut id="235_D025" time="24194.00" state="stay" vehID="Car_13931" speed="9.10" length="5.00" type="DEFAULT_CAR"/>
    <instantOut id="235_D025" time="24194.25" state="stay" vehID="Car_13931" speed="8.35" length="5.00" type="DEFAULT_CAR"/>
    <instantOut id="235_D025" time="24194.30" state="leave" vehID="Car_13931" speed="7.65" length="5.00" type="DEFAULT_CAR" occupancy="0.58"/>
    <instantOut id="235_D025" time="24520.23" state="enter" vehID="Car_14544" speed="8.35" length="5.00" type="DEFAULT_CAR" gap="325.93"/>
    <instantOut id="235_D025" time="24520.25" state="stay" vehID="Car_14544" speed="8.35" length="5.00" type="DEFAULT_CAR"/>
    <instantOut id="235_D025" time="24520.50" state="stay" vehID="Car_14544" speed="7.75" length="5.00" type="DEFAULT_CAR"/>
    <instantOut id="235_D025" time="24520.75" state="stay" vehID="Car_14544" speed="7.00" length="5.00" type="DEFAULT_CAR"/>
    <instantOut id="235_D025" time="24520.93" state="leave" vehID="Car_14544" speed="6.25" length="5.00" type="DEFAULT_CAR" occupancy="0.70"/>
    <instantOut id="235_D025" time="24730.48" state="enter" vehID="Car_14514" speed="9.67" length="5.00" type="DEFAULT_CAR" gap="209.55"/>
    <instantOut id="235_D025" time="24730.50" state="stay" vehID="Car_14514" speed="9.67" length="5.00" type="DEFAULT_CAR"/>
    <instantOut id="235_D025" time="24730.75" state="stay" vehID="Car_14514" speed="10.35" length="5.00" type="DEFAULT_CAR"/>
    <instantOut id="235_D025" time="24730.96" state="leave" vehID="Car_14514" speed="10.95" length="5.00" type="DEFAULT_CAR" occupancy="0.47"/>
    <instantOut id="235_D025" time="26007.78" state="enter" vehID="Car_15611" speed="7.57" length="5.00" type="DEFAULT_CAR" gap="1276.83"/>
    <instantOut id="235_D025" time="26008.00" state="stay" vehID="Car_15611" speed="7.57" length="5.00" type="DEFAULT_CAR"/>
    <instantOut id="235_D025" time="26008.25" state="stay" vehID="Car_15611" speed="6.82" length="5.00" type="DEFAULT_CAR"/>
    <instantOut id="235_D025" time="26008.50" state="stay" vehID="Car_15611" speed="6.28" length="5.00" type="DEFAULT_CAR"/>
    <instantOut id="235_D025" time="26008.52" state="leave" vehID="Car_15611" speed="5.53" length="5.00" type="DEFAULT_CAR" occupancy="0.73"/>
    <instantOut id="235_D025" time="26455.58" state="enter" vehID="Car_15599" speed="9.36" length="5.00" type="DEFAULT_CAR" gap="447.07"/>
    <instantOut id="235_D025" time="26455.75" state="stay" vehID="Car_15599" speed="9.36" length="5.00" type="DEFAULT_CAR"/>
    <instantOut id="235_D025" time="26456.00" state="stay" vehID="Car_15599" speed="8.63" length="5.00" type="DEFAULT_CAR"/>
    <instantOut id="235_D025" time="26456.16" state="leave" vehID="Car_15599" speed="7.90" length="5.00" type="DEFAULT_CAR" occupancy="0.58"/>
    <instantOut id="235_D025" time="27093.20" state="enter" vehID="Car_16049" speed="10.27" length="5.00" type="DEFAULT_CAR" gap="637.04"/>
    <instantOut id="235_D025" time="27093.25" state="stay" vehID="Car_16049" speed="10.27" length="5.00" type="DEFAULT_CAR"/>
    <instantOut id="235_D025" time="27093.50" state="stay" vehID="Car_16049" speed="10.76" length="5.00" type="DEFAULT_CAR"/>
    <instantOut id="235_D025" time="27093.68" state="leave" vehID="Car_16049" speed="10.01" length="5.00" type="DEFAULT_CAR" occupancy="0.48"/>
    <instantOut id="235_D025" time="27313.21" state="enter" vehID="Car_16050" speed="9.95" length="5.00" type="DEFAULT_CAR" gap="219.53"/>
    <instantOut id="235_D025" time="27313.25" state="stay" vehID="Car_16050" speed="9.95" length="5.00" type="DEFAULT_CAR"/>
    <instantOut id="235_D025" time="27313.50" state="stay" vehID="Car_16050" speed="10.58" length="5.00" type="DEFAULT_CAR"/>
    <instantOut id="235_D025" time="27313.69" state="leave" vehID="Car_16050" speed="10.68" length="5.00" type="DEFAULT_CAR" occupancy="0.47"/>
    <instantOut id="235_D025" time="28565.74" state="enter" vehID="Car_16697" speed="8.31" length="5.00" type="DEFAULT_CAR" gap="1252.06"/>
    <instantOut id="235_D025" time="28565.75" state="stay" vehID="Car_16697" speed="8.31" length="5.00" type="DEFAULT_CAR"/>
    <instantOut id="235_D025" time="28566.00" state="stay" vehID="Car_16697" speed="7.56" length="5.00" type="DEFAULT_CAR"/>
    <instantOut id="235_D025" time="28566.25" state="stay" vehID="Car_16697" speed="7.19" length="5.00" type="DEFAULT_CAR"/>
    <instantOut id="235_D025" time="28566.44" state="leave" vehID="Car_16697" speed="6.44" length="5.00" type="DEFAULT_CAR" occupancy="0.70"/>
    <instantOut id="235_D025" time="29089.00" state="enter" vehID="Car_17612" speed="7.81" length="5.00" type="DEFAULT_CAR" gap="522.56"/>
    <instantOut id="235_D025" time="29089.25" state="stay" vehID="Car_17612" speed="7.81" length="5.00" type="DEFAULT_CAR"/>
    <instantOut id="235_D025" time="29089.50" state="stay" vehID="Car_17612" speed="7.06" length="5.00" type="DEFAULT_CAR"/>
    <instantOut id="235_D025" time="29089.71" state="leave" vehID="Car_17612" speed="6.31" length="5.00" type="DEFAULT_CAR" occupancy="0.70"/>
    <instantOut id="235_D025" time="30848.07" state="enter" vehID="Car_18687" speed="7.46" length="5.00" type="DEFAULT_CAR" gap="1758.36"/>
    <instantOut id="235_D025" time="30848.25" state="stay" vehID="Car_18687" speed="7.46" length="5.00" type="DEFAULT_CAR"/>
    <instantOut id="235_D025" time="30848.50" state="stay" vehID="Car_18687" speed="7.70" length="5.00" type="DEFAULT_CAR"/>
    <instantOut id="235_D025" time="30848.75" state="leave" vehID="Car_18687" speed="6.95" length="5.00" type="DEFAULT_CAR" occupancy="0.68"/>
    <instantOut id="235_D025" time="36781.25" state="enter" vehID="Car_22125" speed="8.64" length="5.00" type="DEFAULT_CAR" gap="5932.50"/>
    <instantOut id="235_D025" time="36781.50" state="stay" vehID="Car_22125" speed="8.64" length="5.00" type="DEFAULT_CAR"/>
    <instantOut id="235_D025" time="36781.75" state="stay" vehID="Car_22125" speed="8.01" length="5.00" type="DEFAULT_CAR"/>
    <instantOut id="235_D025" time="36781.87" state="leave" vehID="Car_22125" speed="7.26" length="5.00" type="DEFAULT_CAR" occupancy="0.62"/>
    <instantOut id="235_D025" time="38161.71" state="enter" vehID="Car_22186" speed="8.76" length="5.00" type="DEFAULT_CAR" gap="1379.85"/>
    <instantOut id="235_D025" time="38161.75" state="stay" vehID="Car_22186" speed="8.76" length="5.00" type="DEFAULT_CAR"/>
    <instantOut id="235_D025" time="38162.00" state="stay" vehID="Car_22186" speed="8.01" length="5.00" type="DEFAULT_CAR"/>
    <instantOut id="235_D025" time="38162.25" state="stay" vehID="Car_22186" speed="7.26" length="5.00" type="DEFAULT_CAR"/>
    <instantOut id="235_D025" time="38162.38" state="leave" vehID="Car_22186" speed="6.51" length="5.00" type="DEFAULT_CAR" occupancy="0.67"/>
    <instantOut id="235_D025" time="38844.30" state="enter" vehID="Car_22782" speed="7.21" length="5.00" type="DEFAULT_CAR" gap="681.92"/>
    <instantOut id="235_D025" time="38844.50" state="stay" vehID="Car_22782" speed="7.21" length="5.00" type="DEFAULT_CAR"/>
    <instantOut id="235_D025" time="38844.75" state="stay" vehID="Car_22782" speed="6.46" length="5.00" type="DEFAULT_CAR"/>
    <instantOut id="235_D025" time="38845.00" state="stay" vehID="Car_22782" speed="5.71" length="5.00" type="DEFAULT_CAR"/>
    <instantOut id="235_D025" time="38845.10" state="leave" vehID="Car_22782" speed="5.00" length="5.00" type="DEFAULT_CAR" occupancy="0.80"/>
    <instantOut id="235_D025" time="40591.23" state="enter" vehID="Car_23290" speed="9.31" length="5.00" type="DEFAULT_CAR" gap="1746.13"/>
    <instantOut id="235_D025" time="40591.25" state="stay" vehID="Car_23290" speed="9.31" length="5.00" type="DEFAULT_CAR"/>
    <instantOut id="235_D025" time="40591.50" state="stay" vehID="Car_23290" speed="10.17" length="5.00" type="DEFAULT_CAR"/>
    <instantOut id="235_D025" time="40591.72" state="leave" vehID="Car_23290" speed="10.33" length="5.00" type="DEFAULT_CAR" occupancy="0.49"/>
    <instantOut id="235_D025" time="41679.40" state="enter" vehID="Car_23617" speed="8.12" length="5.00" type="DEFAULT_CAR" gap="1087.68"/>
    <instantOut id="235_D025" time="41679.50" state="stay" vehID="Car_23617" speed="8.12" length="5.00" type="DEFAULT_CAR"/>
    <instantOut id="235_D025" time="41679.75" state="stay" vehID="Car_23617" speed="7.37" length="5.00" type="DEFAULT_CAR"/>
    <instantOut id="235_D025" time="41680.00" state="stay" vehID="Car_23617" speed="6.62" length="5.00" type="DEFAULT_CAR"/>
    <instantOut id="235_D025" time="41680.12" state="leave" vehID="Car_23617" speed="5.87" length="5.00" type="DEFAULT_CAR" occupancy="0.72"/>
    <instantOut id="235_D025" time="44575.19" state="enter" vehID="Car_24394" speed="9.57" length="5.00" type="DEFAULT_CAR" gap="2895.07"/>
    <instantOut id="235_D025" time="44575.25" state="stay" vehID="Car_24394" speed="9.57" length="5.00" type="DEFAULT_CAR"/>
    <instantOut id="235_D025" time="44575.50" state="stay" vehID="Car_24394" speed="8.82" length="5.00" type="DEFAULT_CAR"/>
    <instantOut id="235_D025" time="44575.75" state="stay" vehID="Car_24394" speed="8.09" length="5.00" type="DEFAULT_CAR"/>
    <instantOut id="235_D025" time="44575.78" state="leave" vehID="Car_24394" speed="7.34" length="5.00" type="DEFAULT_CAR" occupancy="0.59"/>
</instantE1>
