<?xml version="1.0" encoding="UTF-8"?>

<!-- generated on 2025-02-28 17:44:32 by Eclipse SUMO GUI Version 1.19.0
<configuration xmlns:xsi="http://www.w3.org/2001/XMLSchema-instance" xsi:noNamespaceSchemaLocation="http://sumo.dlr.de/xsd/sumoConfiguration.xsd">

    <input>
        <net-file value="Network.net.xml"/>
        <route-files value="CarRoutes.rou.xml"/>
        <additional-files value="Sensors.add.xml"/>
    </input>

    <output>
        <emission-output value="logs/Emissions.xml"/>
        <summary-output value="logs/Log_summary.xml"/>
        <summary-output.period value="300"/>
        <tripinfo-output value="logs/TripInfos.xml"/>
    </output>

    <time>
        <begin value="0"/>
        <end value="86400"/>
        <step-length value="0.25"/>
    </time>

    <processing>
        <ignore-junction-blocker value="0.1"/>
        <time-to-teleport value="-1"/>
    </processing>

    <report>
        <verbose value="true"/>
        <no-step-log value="true"/>
    </report>

    <emissions>
        <device.emissions.period value="10"/>
    </emissions>

    <traci_server>
        <remote-port value="57949"/>
    </traci_server>

    <gui_only>
        <quit-on-end value="true"/>
        <start value="true"/>
    </gui_only>

</configuration>
-->

<instantE1 xmlns:xsi="http://www.w3.org/2001/XMLSchema-instance" xsi:noNamespaceSchemaLocation="http://sumo.dlr.de/xsd/instant_e1_file.xsd">
    <instantOut id="235_D025" time="653.41" state="enter" vehID="Car_275" speed="6.87" length="5.00" type="DEFAULT_CAR"/>
    <instantOut id="235_D025" time="653.50" state="stay" vehID="Car_275" speed="6.87" length="5.00" type="DEFAULT_CAR"/>
    <instantOut id="235_D025" time="653.75" state="stay" vehID="Car_275" speed="6.12" length="5.00" type="DEFAULT_CAR"/>
    <instantOut id="235_D025" time="654.00" state="stay" vehID="Car_275" speed="5.37" length="5.00" type="DEFAULT_CAR"/>
    <instantOut id="235_D025" time="654.25" state="stay" vehID="Car_275" speed="4.62" length="5.00" type="DEFAULT_CAR"/>
    <instantOut id="235_D025" time="654.33" state="leave" vehID="Car_275" speed="4.32" length="5.00" type="DEFAULT_CAR" occupancy="0.92"/>
    <instantOut id="235_D025" time="1027.30" state="enter" vehID="Car_1326" speed="8.77" length="5.00" type="DEFAULT_CAR" gap="372.97"/>
    <instantOut id="235_D025" time="1027.50" state="stay" vehID="Car_1326" speed="8.77" length="5.00" type="DEFAULT_CAR"/>
    <instantOut id="235_D025" time="1027.75" state="stay" vehID="Car_1326" speed="8.02" length="5.00" type="DEFAULT_CAR"/>
    <instantOut id="235_D025" time="1027.92" state="leave" vehID="Car_1326" speed="7.40" length="5.00" type="DEFAULT_CAR" occupancy="0.62"/>
    <instantOut id="235_D025" time="1961.94" state="enter" vehID="Car_1230" speed="10.12" length="5.00" type="DEFAULT_CAR" gap="934.02"/>
    <instantOut id="235_D025" time="1962.00" state="stay" vehID="Car_1230" speed="10.12" length="5.00" type="DEFAULT_CAR"/>
    <instantOut id="235_D025" time="1962.25" state="stay" vehID="Car_1230" speed="9.54" length="5.00" type="DEFAULT_CAR"/>
    <instantOut id="235_D025" time="1962.48" state="leave" vehID="Car_1230" speed="8.79" length="5.00" type="DEFAULT_CAR" occupancy="0.54"/>
    <instantOut id="235_D025" time="2466.00" state="enter" vehID="Car_1228" speed="6.68" length="5.00" type="DEFAULT_CAR" gap="503.52"/>
    <instantOut id="235_D025" time="2466.00" state="stay" vehID="Car_1228" speed="6.68" length="5.00" type="DEFAULT_CAR"/>
    <instantOut id="235_D025" time="2466.25" state="stay" vehID="Car_1228" speed="7.35" length="5.00" type="DEFAULT_CAR"/>
    <instantOut id="235_D025" time="2466.50" state="stay" vehID="Car_1228" speed="7.89" length="5.00" type="DEFAULT_CAR"/>
    <instantOut id="235_D025" time="2466.64" state="leave" vehID="Car_1228" speed="8.76" length="5.00" type="DEFAULT_CAR" occupancy="0.64"/>
    <instantOut id="235_D025" time="3746.35" state="enter" vehID="Car_1911" speed="10.77" length="5.00" type="DEFAULT_CAR" gap="1279.71"/>
    <instantOut id="235_D025" time="3746.50" state="stay" vehID="Car_1911" speed="10.77" length="5.00" type="DEFAULT_CAR"/>
    <instantOut id="235_D025" time="3746.75" state="stay" vehID="Car_1911" speed="10.02" length="5.00" type="DEFAULT_CAR"/>
    <instantOut id="235_D025" time="3746.84" state="leave" vehID="Car_1911" speed="9.27" length="5.00" type="DEFAULT_CAR" occupancy="0.49"/>
    <instantOut id="235_D025" time="3912.69" state="enter" vehID="Car_1913" speed="10.19" length="5.00" type="DEFAULT_CAR" gap="165.85"/>
    <instantOut id="235_D025" time="3912.75" state="stay" vehID="Car_1913" speed="10.19" length="5.00" type="DEFAULT_CAR"/>
    <instantOut id="235_D025" time="3913.00" state="stay" vehID="Car_1913" speed="9.79" length="5.00" type="DEFAULT_CAR"/>
    <instantOut id="235_D025" time="3913.22" state="leave" vehID="Car_1913" speed="9.04" length="5.00" type="DEFAULT_CAR" occupancy="0.53"/>
    <instantOut id="235_D025" time="4512.52" state="enter" vehID="Car_3319" speed="9.50" length="5.00" type="DEFAULT_CAR" gap="599.30"/>
    <instantOut id="235_D025" time="4512.75" state="stay" vehID="Car_3319" speed="9.50" length="5.00" type="DEFAULT_CAR"/>
    <instantOut id="235_D025" time="4513.00" state="stay" vehID="Car_3319" speed="8.82" length="5.00" type="DEFAULT_CAR"/>
    <instantOut id="235_D025" time="4513.08" state="leave" vehID="Car_3319" speed="8.07" length="5.00" type="DEFAULT_CAR" occupancy="0.56"/>
    <instantOut id="235_D025" time="5970.19" state="enter" vehID="Car_2859" speed="9.54" length="5.00" type="DEFAULT_CAR" gap="1457.12"/>
    <instantOut id="235_D025" time="5970.25" state="stay" vehID="Car_2859" speed="9.54" length="5.00" type="DEFAULT_CAR"/>
    <instantOut id="235_D025" time="5970.50" state="stay" vehID="Car_2859" speed="9.00" length="5.00" type="DEFAULT_CAR"/>
    <instantOut id="235_D025" time="5970.75" state="stay" vehID="Car_2859" speed="8.37" length="5.00" type="DEFAULT_CAR"/>
    <instantOut id="235_D025" time="5970.76" state="leave" vehID="Car_2859" speed="7.75" length="5.00" type="DEFAULT_CAR" occupancy="0.57"/>
    <instantOut id="235_D025" time="7210.46" state="enter" vehID="Car_3922" speed="9.82" length="5.00" type="DEFAULT_CAR" gap="1239.70"/>
    <instantOut id="235_D025" time="7210.50" state="stay" vehID="Car_3922" speed="9.82" length="5.00" type="DEFAULT_CAR"/>
    <instantOut id="235_D025" time="7210.75" state="stay" vehID="Car_3922" speed="9.51" length="5.00" type="DEFAULT_CAR"/>
    <instantOut id="235_D025" time="7211.00" state="stay" vehID="Car_3922" speed="8.76" length="5.00" type="DEFAULT_CAR"/>
    <instantOut id="235_D025" time="7211.00" state="leave" vehID="Car_3922" speed="8.01" length="5.00" type="DEFAULT_CAR" occupancy="0.54"/>
    <instantOut id="235_D025" time="8777.97" state="enter" vehID="Car_5006" speed="9.79" length="5.00" type="DEFAULT_CAR" gap="1566.96"/>
    <instantOut id="235_D025" time="8778.00" state="stay" vehID="Car_5006" speed="9.79" length="5.00" type="DEFAULT_CAR"/>
    <instantOut id="235_D025" time="8778.25" state="stay" vehID="Car_5006" speed="10.47" length="5.00" type="DEFAULT_CAR"/>
    <instantOut id="235_D025" time="8778.46" state="leave" vehID="Car_5006" speed="9.72" length="5.00" type="DEFAULT_CAR" occupancy="0.49"/>
    <instantOut id="235_D025" time="10078.44" state="enter" vehID="Car_5414" speed="10.14" length="5.00" type="DEFAULT_CAR" gap="1299.98"/>
    <instantOut id="235_D025" time="10078.50" state="stay" vehID="Car_5414" speed="10.14" length="5.00" type="DEFAULT_CAR"/>
    <instantOut id="235_D025" time="10078.75" state="stay" vehID="Car_5414" speed="10.64" length="5.00" type="DEFAULT_CAR"/>
    <instantOut id="235_D025" time="10078.93" state="leave" vehID="Car_5414" speed="9.89" length="5.00" type="DEFAULT_CAR" occupancy="0.49"/>
    <instantOut id="235_D025" time="10456.88" state="enter" vehID="Car_5396" speed="8.57" length="5.00" type="DEFAULT_CAR" gap="377.95"/>
    <instantOut id="235_D025" time="10457.00" state="stay" vehID="Car_5396" speed="8.57" length="5.00" type="DEFAULT_CAR"/>
    <instantOut id="235_D025" time="10457.25" state="stay" vehID="Car_5396" speed="7.82" length="5.00" type="DEFAULT_CAR"/>
    <instantOut id="235_D025" time="10457.50" state="stay" vehID="Car_5396" speed="7.07" length="5.00" type="DEFAULT_CAR"/>
    <instantOut id="235_D025" time="10457.54" state="leave" vehID="Car_5396" speed="6.39" length="5.00" type="DEFAULT_CAR" occupancy="0.66"/>
    <instantOut id="235_D025" time="11486.51" state="enter" vehID="Car_5683" speed="8.53" length="5.00" type="DEFAULT_CAR" gap="1028.97"/>
    <instantOut id="235_D025" time="11486.75" state="stay" vehID="Car_5683" speed="8.53" length="5.00" type="DEFAULT_CAR"/>
    <instantOut id="235_D025" time="11487.00" state="stay" vehID="Car_5683" speed="7.78" length="5.00" type="DEFAULT_CAR"/>
    <instantOut id="235_D025" time="11487.14" state="leave" vehID="Car_5683" speed="7.03" length="5.00" type="DEFAULT_CAR" occupancy="0.63"/>
    <instantOut id="235_D025" time="17573.96" state="enter" vehID="Car_10504" speed="9.89" length="5.00" type="DEFAULT_CAR" gap="6086.82"/>
    <instantOut id="235_D025" time="17574.00" state="stay" vehID="Car_10504" speed="9.89" length="5.00" type="DEFAULT_CAR"/>
    <instantOut id="235_D025" time="17574.25" state="stay" vehID="Car_10504" speed="10.70" length="5.00" type="DEFAULT_CAR"/>
    <instantOut id="235_D025" time="17574.44" state="leave" vehID="Car_10504" speed="10.01" length="5.00" type="DEFAULT_CAR" occupancy="0.48"/>
    <instantOut id="235_D025" time="18026.98" state="enter" vehID="Car_10502" speed="6.92" length="5.00" type="DEFAULT_CAR" gap="452.54"/>
    <instantOut id="235_D025" time="18027.00" state="stay" vehID="Car_10502" speed="6.92" length="5.00" type="DEFAULT_CAR"/>
    <instantOut id="235_D025" time="18027.25" state="stay" vehID="Car_10502" speed="6.96" length="5.00" type="DEFAULT_CAR"/>
    <instantOut id="235_D025" time="18027.50" state="stay" vehID="Car_10502" speed="6.27" length="5.00" type="DEFAULT_CAR"/>
    <instantOut id="235_D025" time="18027.75" state="stay" vehID="Car_10502" speed="5.82" length="5.00" type="DEFAULT_CAR"/>
    <instantOut id="235_D025" time="18027.77" state="leave" vehID="Car_10502" speed="5.07" length="5.00" type="DEFAULT_CAR" occupancy="0.79"/>
    <instantOut id="235_D025" time="18031.51" state="enter" vehID="Car_10503" speed="10.04" length="5.00" type="DEFAULT_CAR" gap="3.74"/>
    <instantOut id="235_D025" time="18031.75" state="stay" vehID="Car_10503" speed="10.04" length="5.00" type="DEFAULT_CAR"/>
    <instantOut id="235_D025" time="18032.00" state="stay" vehID="Car_10503" speed="9.45" length="5.00" type="DEFAULT_CAR"/>
    <instantOut id="235_D025" time="18032.02" state="leave" vehID="Car_10503" speed="9.06" length="5.00" type="DEFAULT_CAR" occupancy="0.51"/>
    <instantOut id="235_D025" time="22927.99" state="enter" vehID="Car_13261" speed="10.01" length="5.00" type="DEFAULT_CAR" gap="4895.97"/>
    <instantOut id="235_D025" time="22928.00" state="stay" vehID="Car_13261" speed="10.01" length="5.00" type="DEFAULT_CAR"/>
    <instantOut id="235_D025" time="22928.25" state="stay" vehID="Car_13261" speed="9.32" length="5.00" type="DEFAULT_CAR"/>
    <instantOut id="235_D025" time="22928.50" state="stay" vehID="Car_13261" speed="8.84" length="5.00" type="DEFAULT_CAR"/>
    <instantOut id="235_D025" time="22928.54" state="leave" vehID="Car_13261" speed="8.09" length="5.00" type="DEFAULT_CAR" occupancy="0.55"/>
    <instantOut id="235_D025" time="23585.46" state="enter" vehID="Car_13900" speed="9.79" length="5.00" type="DEFAULT_CAR" gap="656.92"/>
    <instantOut id="235_D025" time="23585.50" state="stay" vehID="Car_13900" speed="9.79" length="5.00" type="DEFAULT_CAR"/>
    <instantOut id="235_D025" time="23585.75" state="stay" vehID="Car_13900" speed="9.04" length="5.00" type="DEFAULT_CAR"/>
    <instantOut id="235_D025" time="23586.00" state="stay" vehID="Car_13900" speed="8.29" length="5.00" type="DEFAULT_CAR"/>
    <instantOut id="235_D025" time="23586.03" state="leave" vehID="Car_13900" speed="7.54" length="5.00" type="DEFAULT_CAR" occupancy="0.58"/>
    <instantOut id="235_D025" time="25143.29" state="enter" vehID="Car_14103" speed="10.07" length="5.00" type="DEFAULT_CAR" gap="1557.25"/>
    <instantOut id="235_D025" time="25143.50" state="stay" vehID="Car_14103" speed="10.07" length="5.00" type="DEFAULT_CAR"/>
    <instantOut id="235_D025" time="25143.75" state="stay" vehID="Car_14103" speed="9.32" length="5.00" type="DEFAULT_CAR"/>
    <instantOut id="235_D025" time="25143.81" state="leave" vehID="Car_14103" speed="8.58" length="5.00" type="DEFAULT_CAR" occupancy="0.52"/>
    <instantOut id="235_D025" time="27251.80" state="enter" vehID="Car_15625" speed="7.65" length="5.00" type="DEFAULT_CAR" gap="2107.99"/>
    <instantOut id="235_D025" time="27252.00" state="stay" vehID="Car_15625" speed="7.65" length="5.00" type="DEFAULT_CAR"/>
    <instantOut id="235_D025" time="27252.25" state="stay" vehID="Car_15625" speed="6.90" length="5.00" type="DEFAULT_CAR"/>
    <instantOut id="235_D025" time="27252.50" state="stay" vehID="Car_15625" speed="6.15" length="5.00" type="DEFAULT_CAR"/>
    <instantOut id="235_D025" time="27252.54" state="leave" vehID="Car_15625" speed="5.50" length="5.00" type="DEFAULT_CAR" occupancy="0.74"/>
    <instantOut id="235_D025" time="27454.98" state="enter" vehID="Car_15935" speed="9.14" length="5.00" type="DEFAULT_CAR" gap="202.44"/>
    <instantOut id="235_D025" time="27455.00" state="stay" vehID="Car_15935" speed="9.14" length="5.00" type="DEFAULT_CAR"/>
    <instantOut id="235_D025" time="27455.25" state="stay" vehID="Car_15935" speed="8.45" length="5.00" type="DEFAULT_CAR"/>
    <instantOut id="235_D025" time="27455.50" state="stay" vehID="Car_15935" speed="7.70" length="5.00" type="DEFAULT_CAR"/>
    <instantOut id="235_D025" time="27455.62" state="leave" vehID="Car_15935" speed="6.95" length="5.00" type="DEFAULT_CAR" occupancy="0.63"/>
    <instantOut id="235_D025" time="29095.24" state="enter" vehID="Car_16448" speed="8.49" length="5.00" type="DEFAULT_CAR" gap="1639.62"/>
    <instantOut id="235_D025" time="29095.25" state="stay" vehID="Car_16448" speed="8.49" length="5.00" type="DEFAULT_CAR"/>
    <instantOut id="235_D025" time="29095.50" state="stay" vehID="Car_16448" speed="8.02" length="5.00" type="DEFAULT_CAR"/>
    <instantOut id="235_D025" time="29095.75" state="stay" vehID="Car_16448" speed="7.27" length="5.00" type="DEFAULT_CAR"/>
    <instantOut id="235_D025" time="29095.92" state="leave" vehID="Car_16448" speed="6.52" length="5.00" type="DEFAULT_CAR" occupancy="0.68"/>
    <instantOut id="235_D025" time="29738.09" state="enter" vehID="Car_18426" speed="6.88" length="5.00" type="DEFAULT_CAR" gap="642.17"/>
    <instantOut id="235_D025" time="29738.25" state="stay" vehID="Car_18426" speed="6.88" length="5.00" type="DEFAULT_CAR"/>
    <instantOut id="235_D025" time="29738.50" state="stay" vehID="Car_18426" speed="7.48" length="5.00" type="DEFAULT_CAR"/>
    <instantOut id="235_D025" time="29738.74" state="leave" vehID="Car_18426" speed="8.35" length="5.00" type="DEFAULT_CAR" occupancy="0.65"/>
    <instantOut id="235_D025" time="36605.27" state="enter" vehID="Car_21325" speed="7.49" length="5.00" type="DEFAULT_CAR" gap="6866.53"/>
    <instantOut id="235_D025" time="36605.50" state="stay" vehID="Car_21325" speed="7.49" length="5.00" type="DEFAULT_CAR"/>
    <instantOut id="235_D025" time="36605.75" state="stay" vehID="Car_21325" speed="6.76" length="5.00" type="DEFAULT_CAR"/>
    <instantOut id="235_D025" time="36606.00" state="stay" vehID="Car_21325" speed="6.01" length="5.00" type="DEFAULT_CAR"/>
    <instantOut id="235_D025" time="36606.01" state="leave" vehID="Car_21325" speed="5.33" length="5.00" type="DEFAULT_CAR" occupancy="0.74"/>
    <instantOut id="235_D025" time="36886.50" state="enter" vehID="Car_21752" speed="7.48" length="5.00" type="DEFAULT_CAR" gap="280.49"/>
    <instantOut id="235_D025" time="36886.75" state="stay" vehID="Car_21752" speed="7.48" length="5.00" type="DEFAULT_CAR"/>
    <instantOut id="235_D025" time="36887.00" state="stay" vehID="Car_21752" speed="6.73" length="5.00" type="DEFAULT_CAR"/>
    <instantOut id="235_D025" time="36887.24" state="leave" vehID="Car_21752" speed="5.98" length="5.00" type="DEFAULT_CAR" occupancy="0.74"/>
    <instantOut id="235_D025" time="38574.01" state="enter" vehID="Car_21842" speed="8.30" length="5.00" type="DEFAULT_CAR" gap="1686.77"/>
    <instantOut id="235_D025" time="38574.25" state="stay" vehID="Car_21842" speed="8.30" length="5.00" type="DEFAULT_CAR"/>
    <instantOut id="235_D025" time="38574.50" state="stay" vehID="Car_21842" speed="7.60" length="5.00" type="DEFAULT_CAR"/>
    <instantOut id="235_D025" time="38574.66" state="leave" vehID="Car_21842" speed="7.03" length="5.00" type="DEFAULT_CAR" occupancy="0.65"/>
    <instantOut id="235_D025" time="38727.66" state="enter" vehID="Car_23042" speed="7.96" length="5.00" type="DEFAULT_CAR" gap="153.01"/>
    <instantOut id="235_D025" time="38727.75" state="stay" vehID="Car_23042" speed="7.96" length="5.00" type="DEFAULT_CAR"/>
    <instantOut id="235_D025" time="38728.00" state="stay" vehID="Car_23042" speed="7.41" length="5.00" type="DEFAULT_CAR"/>
    <instantOut id="235_D025" time="38728.25" state="stay" vehID="Car_23042" speed="6.66" length="5.00" type="DEFAULT_CAR"/>
    <instantOut id="235_D025" time="38728.38" state="leave" vehID="Car_23042" speed="6.21" length="5.00" type="DEFAULT_CAR" occupancy="0.71"/>
    <instantOut id="235_D025" time="39948.04" state="enter" vehID="Car_23174" speed="7.32" length="5.00" type="DEFAULT_CAR" gap="1219.66"/>
    <instantOut id="235_D025" time="39948.25" state="stay" vehID="Car_23174" speed="7.32" length="5.00" type="DEFAULT_CAR"/>
    <instantOut id="235_D025" time="39948.50" state="stay" vehID="Car_23174" speed="6.57" length="5.00" type="DEFAULT_CAR"/>
    <instantOut id="235_D025" time="39948.75" state="stay" vehID="Car_23174" speed="5.82" length="5.00" type="DEFAULT_CAR"/>
    <instantOut id="235_D025" time="39948.82" state="leave" vehID="Car_23174" speed="5.07" length="5.00" type="DEFAULT_CAR" occupancy="0.78"/>
    <instantOut id="235_D025" time="44727.04" state="enter" vehID="Car_24885" speed="7.19" length="5.00" type="DEFAULT_CAR" gap="4778.21"/>
    <instantOut id="235_D025" time="44727.25" state="stay" vehID="Car_24885" speed="7.19" length="5.00" type="DEFAULT_CAR"/>
    <instantOut id="235_D025" time="44727.50" state="stay" vehID="Car_24885" speed="7.88" length="5.00" type="DEFAULT_CAR"/>
    <instantOut id="235_D025" time="44727.68" state="leave" vehID="Car_24885" speed="8.39" length="5.00" type="DEFAULT_CAR" occupancy="0.64"/>
</instantE1>
