<?xml version="1.0" encoding="UTF-8"?>

<!-- generated on 2025-02-28 16:08:59 by Eclipse SUMO GUI Version 1.19.0
<configuration xmlns:xsi="http://www.w3.org/2001/XMLSchema-instance" xsi:noNamespaceSchemaLocation="http://sumo.dlr.de/xsd/sumoConfiguration.xsd">

    <input>
        <net-file value="Network.net.xml"/>
        <route-files value="CarRoutes.rou.xml"/>
        <additional-files value="Sensors.add.xml"/>
    </input>

    <output>
        <emission-output value="logs/Emissions.xml"/>
        <summary-output value="logs/Log_summary.xml"/>
        <summary-output.period value="300"/>
        <tripinfo-output value="logs/TripInfos.xml"/>
    </output>

    <time>
        <begin value="0"/>
        <end value="86400"/>
        <step-length value="0.25"/>
    </time>

    <processing>
        <ignore-junction-blocker value="0.1"/>
        <time-to-teleport value="-1"/>
    </processing>

    <report>
        <verbose value="true"/>
        <no-step-log value="true"/>
    </report>

    <emissions>
        <device.emissions.period value="10"/>
    </emissions>

    <traci_server>
        <remote-port value="56759"/>
    </traci_server>

    <gui_only>
        <quit-on-end value="true"/>
        <start value="true"/>
    </gui_only>

</configuration>
-->

<summary xmlns:xsi="http://www.w3.org/2001/XMLSchema-instance" xsi:noNamespaceSchemaLocation="http://sumo.dlr.de/xsd/summary_file.xsd">
    <step time="0.00" loaded="0" inserted="0" running="0" waiting="0" ended="0" arrived="0" collisions="0" teleports="0" halting="0" stopped="0" meanWaitingTime="-1.00" meanTravelTime="-1.00" meanSpeed="-1.00" meanSpeedRelative="-1.00" duration="1"/>
    <step time="300.00" loaded="209" inserted="196" running="89" waiting="13" ended="107" arrived="107" collisions="0" teleports="0" halting="43" stopped="0" meanWaitingTime="12.58" meanTravelTime="77.54" meanSpeed="3.65" meanSpeedRelative="0.26" duration="2"/>
    <step time="600.00" loaded="373" inserted="364" running="74" waiting="9" ended="290" arrived="290" collisions="0" teleports="0" halting="37" stopped="0" meanWaitingTime="12.45" meanTravelTime="113.81" meanSpeed="3.85" meanSpeedRelative="0.28" duration="1"/>
    <step time="900.00" loaded="531" inserted="521" running="60" waiting="10" ended="461" arrived="461" collisions="0" teleports="0" halting="33" stopped="0" meanWaitingTime="11.47" meanTravelTime="114.41" meanSpeed="4.27" meanSpeedRelative="0.31" duration="3"/>
    <step time="1200.00" loaded="702" inserted="687" running="55" waiting="15" ended="632" arrived="632" collisions="0" teleports="0" halting="8" stopped="0" meanWaitingTime="14.86" meanTravelTime="114.25" meanSpeed="7.96" meanSpeedRelative="0.57" duration="3"/>
    <step time="1500.00" loaded="866" inserted="846" running="54" waiting="20" ended="792" arrived="792" collisions="0" teleports="0" halting="14" stopped="0" meanWaitingTime="16.22" meanTravelTime="111.05" meanSpeed="5.05" meanSpeedRelative="0.36" duration="1"/>
    <step time="1800.00" loaded="1027" inserted="1009" running="53" waiting="18" ended="956" arrived="956" collisions="0" teleports="0" halting="19" stopped="0" meanWaitingTime="19.22" meanTravelTime="111.51" meanSpeed="5.20" meanSpeedRelative="0.37" duration="2"/>
    <step time="2100.00" loaded="1186" inserted="1171" running="67" waiting="15" ended="1104" arrived="1104" collisions="0" teleports="0" halting="40" stopped="0" meanWaitingTime="18.05" meanTravelTime="109.63" meanSpeed="3.28" meanSpeedRelative="0.24" duration="2"/>
    <step time="2400.00" loaded="1330" inserted="1314" running="36" waiting="16" ended="1278" arrived="1278" collisions="0" teleports="0" halting="15" stopped="0" meanWaitingTime="18.13" meanTravelTime="110.34" meanSpeed="4.13" meanSpeedRelative="0.30" duration="2"/>
    <step time="2700.00" loaded="1474" inserted="1471" running="43" waiting="3" ended="1428" arrived="1428" collisions="0" teleports="0" halting="12" stopped="0" meanWaitingTime="18.15" meanTravelTime="108.44" meanSpeed="7.03" meanSpeedRelative="0.51" duration="1"/>
    <step time="3000.00" loaded="1634" inserted="1627" running="44" waiting="7" ended="1583" arrived="1583" collisions="0" teleports="0" halting="22" stopped="0" meanWaitingTime="17.00" meanTravelTime="105.97" meanSpeed="3.98" meanSpeedRelative="0.29" duration="1"/>
    <step time="3300.00" loaded="1805" inserted="1789" running="56" waiting="16" ended="1733" arrived="1733" collisions="0" teleports="0" halting="9" stopped="0" meanWaitingTime="17.36" meanTravelTime="105.79" meanSpeed="7.11" meanSpeedRelative="0.51" duration="1"/>
    <step time="3600.00" loaded="1936" inserted="1936" running="45" waiting="0" ended="1891" arrived="1891" collisions="0" teleports="0" halting="21" stopped="0" meanWaitingTime="17.22" meanTravelTime="105.20" meanSpeed="4.91" meanSpeedRelative="0.35" duration="2"/>
    <step time="3900.00" loaded="2099" inserted="2099" running="88" waiting="0" ended="2011" arrived="2011" collisions="0" teleports="0" halting="37" stopped="0" meanWaitingTime="16.01" meanTravelTime="104.37" meanSpeed="3.83" meanSpeedRelative="0.28" duration="3"/>
    <step time="4200.00" loaded="2228" inserted="2228" running="41" waiting="0" ended="2187" arrived="2187" collisions="0" teleports="0" halting="10" stopped="0" meanWaitingTime="16.14" meanTravelTime="106.82" meanSpeed="6.05" meanSpeedRelative="0.44" duration="1"/>
    <step time="4500.00" loaded="2407" inserted="2406" running="70" waiting="1" ended="2336" arrived="2336" collisions="0" teleports="0" halting="29" stopped="0" meanWaitingTime="15.39" meanTravelTime="105.85" meanSpeed="4.53" meanSpeedRelative="0.33" duration="3"/>
    <step time="4800.00" loaded="2567" inserted="2561" running="41" waiting="6" ended="2520" arrived="2520" collisions="0" teleports="0" halting="15" stopped="0" meanWaitingTime="14.73" meanTravelTime="105.09" meanSpeed="4.61" meanSpeedRelative="0.33" duration="1"/>
    <step time="5100.00" loaded="2731" inserted="2721" running="53" waiting="10" ended="2668" arrived="2668" collisions="0" teleports="0" halting="6" stopped="0" meanWaitingTime="15.47" meanTravelTime="104.12" meanSpeed="6.41" meanSpeedRelative="0.46" duration="2"/>
    <step time="5400.00" loaded="2887" inserted="2885" running="47" waiting="2" ended="2838" arrived="2838" collisions="0" teleports="0" halting="11" stopped="0" meanWaitingTime="15.42" meanTravelTime="104.42" meanSpeed="7.25" meanSpeedRelative="0.52" duration="2"/>
    <step time="5700.00" loaded="3074" inserted="3059" running="66" waiting="15" ended="2993" arrived="2993" collisions="0" teleports="0" halting="26" stopped="0" meanWaitingTime="14.92" meanTravelTime="104.18" meanSpeed="4.89" meanSpeedRelative="0.35" duration="2"/>
    <step time="6000.00" loaded="3198" inserted="3195" running="42" waiting="3" ended="3153" arrived="3153" collisions="0" teleports="0" halting="12" stopped="0" meanWaitingTime="14.97" meanTravelTime="105.20" meanSpeed="5.85" meanSpeedRelative="0.42" duration="1"/>
    <step time="6300.00" loaded="3360" inserted="3343" running="71" waiting="17" ended="3272" arrived="3272" collisions="0" teleports="0" halting="26" stopped="0" meanWaitingTime="15.04" meanTravelTime="105.43" meanSpeed="4.38" meanSpeedRelative="0.32" duration="3"/>
    <step time="6600.00" loaded="3518" inserted="3510" running="57" waiting="8" ended="3453" arrived="3453" collisions="0" teleports="0" halting="14" stopped="0" meanWaitingTime="15.22" meanTravelTime="105.90" meanSpeed="5.20" meanSpeedRelative="0.37" duration="2"/>
    <step time="6900.00" loaded="3701" inserted="3684" running="58" waiting="17" ended="3626" arrived="3626" collisions="0" teleports="0" halting="26" stopped="0" meanWaitingTime="15.27" meanTravelTime="105.51" meanSpeed="3.69" meanSpeedRelative="0.27" duration="2"/>
    <step time="7200.00" loaded="3858" inserted="3834" running="40" waiting="24" ended="3794" arrived="3794" collisions="0" teleports="0" halting="14" stopped="0" meanWaitingTime="15.91" meanTravelTime="105.53" meanSpeed="5.23" meanSpeedRelative="0.38" duration="1"/>
    <step time="7500.00" loaded="4009" inserted="3997" running="42" waiting="12" ended="3955" arrived="3955" collisions="0" teleports="0" halting="20" stopped="0" meanWaitingTime="16.69" meanTravelTime="105.27" meanSpeed="4.27" meanSpeedRelative="0.31" duration="2"/>
    <step time="7800.00" loaded="4163" inserted="4140" running="41" waiting="23" ended="4099" arrived="4099" collisions="0" teleports="0" halting="12" stopped="0" meanWaitingTime="17.18" meanTravelTime="104.98" meanSpeed="5.75" meanSpeedRelative="0.41" duration="1"/>
    <step time="8100.00" loaded="4336" inserted="4321" running="61" waiting="15" ended="4260" arrived="4260" collisions="0" teleports="0" halting="19" stopped="0" meanWaitingTime="18.24" meanTravelTime="104.47" meanSpeed="4.63" meanSpeedRelative="0.35" duration="2"/>
    <step time="8400.00" loaded="4522" inserted="4518" running="70" waiting="4" ended="4448" arrived="4448" collisions="0" teleports="0" halting="28" stopped="0" meanWaitingTime="18.19" meanTravelTime="104.33" meanSpeed="4.42" meanSpeedRelative="0.32" duration="2"/>
    <step time="8700.00" loaded="4691" inserted="4686" running="78" waiting="5" ended="4608" arrived="4608" collisions="0" teleports="0" halting="25" stopped="0" meanWaitingTime="18.00" meanTravelTime="105.08" meanSpeed="5.54" meanSpeedRelative="0.40" duration="3"/>
    <step time="9000.00" loaded="4878" inserted="4861" running="69" waiting="17" ended="4792" arrived="4792" collisions="0" teleports="0" halting="17" stopped="0" meanWaitingTime="17.83" meanTravelTime="105.17" meanSpeed="4.05" meanSpeedRelative="0.29" duration="2"/>
    <step time="9300.00" loaded="5059" inserted="5040" running="63" waiting="19" ended="4977" arrived="4977" collisions="0" teleports="0" halting="25" stopped="0" meanWaitingTime="17.86" meanTravelTime="105.56" meanSpeed="4.93" meanSpeedRelative="0.35" duration="2"/>
    <step time="9600.00" loaded="5233" inserted="5223" running="63" waiting="10" ended="5160" arrived="5160" collisions="0" teleports="0" halting="20" stopped="0" meanWaitingTime="18.30" meanTravelTime="105.29" meanSpeed="6.05" meanSpeedRelative="0.44" duration="2"/>
    <step time="9900.00" loaded="5379" inserted="5363" running="39" waiting="16" ended="5324" arrived="5324" collisions="0" teleports="0" halting="10" stopped="0" meanWaitingTime="18.15" meanTravelTime="105.27" meanSpeed="5.99" meanSpeedRelative="0.44" duration="1"/>
    <step time="10200.00" loaded="5547" inserted="5534" running="55" waiting="13" ended="5479" arrived="5479" collisions="0" teleports="0" halting="14" stopped="0" meanWaitingTime="18.42" meanTravelTime="105.03" meanSpeed="5.34" meanSpeedRelative="0.38" duration="1"/>
    <step time="10500.00" loaded="5725" inserted="5714" running="67" waiting="11" ended="5647" arrived="5647" collisions="0" teleports="0" halting="23" stopped="0" meanWaitingTime="18.39" meanTravelTime="104.97" meanSpeed="5.85" meanSpeedRelative="0.42" duration="3"/>
    <step time="10800.00" loaded="5895" inserted="5887" running="62" waiting="8" ended="5825" arrived="5825" collisions="0" teleports="0" halting="11" stopped="0" meanWaitingTime="18.44" meanTravelTime="105.23" meanSpeed="5.82" meanSpeedRelative="0.42" duration="1"/>
    <step time="11100.00" loaded="6071" inserted="6053" running="57" waiting="18" ended="5996" arrived="5996" collisions="0" teleports="0" halting="23" stopped="0" meanWaitingTime="18.45" meanTravelTime="105.36" meanSpeed="4.52" meanSpeedRelative="0.33" duration="2"/>
    <step time="11400.00" loaded="6244" inserted="6209" running="53" waiting="35" ended="6156" arrived="6156" collisions="0" teleports="0" halting="9" stopped="0" meanWaitingTime="19.09" meanTravelTime="105.14" meanSpeed="6.49" meanSpeedRelative="0.47" duration="2"/>
    <step time="11700.00" loaded="6389" inserted="6369" running="62" waiting="20" ended="6307" arrived="6307" collisions="0" teleports="0" halting="15" stopped="0" meanWaitingTime="20.19" meanTravelTime="105.01" meanSpeed="4.87" meanSpeedRelative="0.35" duration="1"/>
    <step time="12000.00" loaded="6566" inserted="6558" running="59" waiting="8" ended="6499" arrived="6499" collisions="0" teleports="0" halting="16" stopped="0" meanWaitingTime="20.22" meanTravelTime="105.49" meanSpeed="4.07" meanSpeedRelative="0.29" duration="2"/>
    <step time="12300.00" loaded="6735" inserted="6734" running="67" waiting="1" ended="6667" arrived="6667" collisions="0" teleports="0" halting="30" stopped="0" meanWaitingTime="19.96" meanTravelTime="105.89" meanSpeed="4.19" meanSpeedRelative="0.30" duration="2"/>
    <step time="12600.00" loaded="6903" inserted="6882" running="63" waiting="21" ended="6819" arrived="6819" collisions="0" teleports="0" halting="27" stopped="0" meanWaitingTime="19.76" meanTravelTime="105.95" meanSpeed="4.58" meanSpeedRelative="0.33" duration="1"/>
    <step time="12900.00" loaded="7069" inserted="7055" running="56" waiting="14" ended="6999" arrived="6999" collisions="0" teleports="0" halting="22" stopped="0" meanWaitingTime="19.97" meanTravelTime="106.15" meanSpeed="4.08" meanSpeedRelative="0.29" duration="2"/>
    <step time="13200.00" loaded="7242" inserted="7221" running="71" waiting="21" ended="7150" arrived="7150" collisions="0" teleports="0" halting="18" stopped="0" meanWaitingTime="20.05" meanTravelTime="106.25" meanSpeed="5.72" meanSpeedRelative="0.41" duration="2"/>
    <step time="13500.00" loaded="7417" inserted="7409" running="66" waiting="8" ended="7343" arrived="7343" collisions="0" teleports="0" halting="16" stopped="0" meanWaitingTime="19.98" meanTravelTime="106.36" meanSpeed="5.81" meanSpeedRelative="0.42" duration="2"/>
    <step time="13800.00" loaded="7612" inserted="7599" running="66" waiting="13" ended="7533" arrived="7533" collisions="0" teleports="0" halting="15" stopped="0" meanWaitingTime="20.08" meanTravelTime="106.24" meanSpeed="6.44" meanSpeedRelative="0.46" duration="3"/>
    <step time="14100.00" loaded="7772" inserted="7768" running="67" waiting="4" ended="7701" arrived="7701" collisions="0" teleports="0" halting="18" stopped="0" meanWaitingTime="20.03" meanTravelTime="106.44" meanSpeed="5.65" meanSpeedRelative="0.41" duration="3"/>
    <step time="14400.00" loaded="7909" inserted="7897" running="47" waiting="12" ended="7850" arrived="7850" collisions="0" teleports="0" halting="14" stopped="0" meanWaitingTime="20.19" meanTravelTime="106.46" meanSpeed="5.54" meanSpeedRelative="0.40" duration="1"/>
    <step time="14700.00" loaded="8102" inserted="8086" running="65" waiting="16" ended="8021" arrived="8021" collisions="0" teleports="0" halting="14" stopped="0" meanWaitingTime="20.16" meanTravelTime="106.22" meanSpeed="6.04" meanSpeedRelative="0.44" duration="3"/>
    <step time="15000.00" loaded="8259" inserted="8254" running="95" waiting="5" ended="8159" arrived="8159" collisions="0" teleports="0" halting="20" stopped="0" meanWaitingTime="19.95" meanTravelTime="106.44" meanSpeed="5.18" meanSpeedRelative="0.38" duration="2"/>
    <step time="15300.00" loaded="8417" inserted="8382" running="58" waiting="35" ended="8324" arrived="8324" collisions="0" teleports="0" halting="22" stopped="0" meanWaitingTime="20.12" meanTravelTime="107.21" meanSpeed="4.55" meanSpeedRelative="0.33" duration="2"/>
    <step time="15600.00" loaded="8583" inserted="8573" running="65" waiting="10" ended="8508" arrived="8508" collisions="0" teleports="0" halting="19" stopped="0" meanWaitingTime="20.90" meanTravelTime="107.01" meanSpeed="6.44" meanSpeedRelative="0.46" duration="2"/>
    <step time="15900.00" loaded="8775" inserted="8765" running="96" waiting="10" ended="8669" arrived="8669" collisions="0" teleports="0" halting="25" stopped="0" meanWaitingTime="21.20" meanTravelTime="106.82" meanSpeed="4.48" meanSpeedRelative="0.32" duration="2"/>
    <step time="16200.00" loaded="8965" inserted="8932" running="60" waiting="33" ended="8872" arrived="8872" collisions="0" teleports="0" halting="9" stopped="0" meanWaitingTime="21.36" meanTravelTime="107.17" meanSpeed="6.10" meanSpeedRelative="0.44" duration="2"/>
    <step time="16500.00" loaded="9134" inserted="9119" running="63" waiting="15" ended="9056" arrived="9056" collisions="0" teleports="0" halting="26" stopped="0" meanWaitingTime="21.92" meanTravelTime="107.00" meanSpeed="4.92" meanSpeedRelative="0.35" duration="2"/>
    <step time="16800.00" loaded="9317" inserted="9280" running="66" waiting="37" ended="9214" arrived="9214" collisions="0" teleports="0" halting="19" stopped="0" meanWaitingTime="22.23" meanTravelTime="107.03" meanSpeed="4.72" meanSpeedRelative="0.34" duration="3"/>
    <step time="17100.00" loaded="9487" inserted="9457" running="63" waiting="30" ended="9394" arrived="9394" collisions="0" teleports="0" halting="9" stopped="0" meanWaitingTime="22.95" meanTravelTime="107.19" meanSpeed="6.49" meanSpeedRelative="0.47" duration="2"/>
    <step time="17400.00" loaded="9670" inserted="9645" running="78" waiting="25" ended="9567" arrived="9567" collisions="0" teleports="0" halting="47" stopped="0" meanWaitingTime="23.61" meanTravelTime="107.33" meanSpeed="3.55" meanSpeedRelative="0.26" duration="2"/>
    <step time="17700.00" loaded="9842" inserted="9813" running="72" waiting="29" ended="9741" arrived="9741" collisions="0" teleports="0" halting="27" stopped="0" meanWaitingTime="24.03" meanTravelTime="107.58" meanSpeed="4.71" meanSpeedRelative="0.34" duration="3"/>
    <step time="18000.00" loaded="10007" inserted="9985" running="69" waiting="22" ended="9916" arrived="9916" collisions="0" teleports="0" halting="25" stopped="0" meanWaitingTime="24.56" meanTravelTime="107.85" meanSpeed="5.47" meanSpeedRelative="0.39" duration="3"/>
    <step time="18300.00" loaded="10192" inserted="10159" running="53" waiting="33" ended="10106" arrived="10106" collisions="0" teleports="0" halting="27" stopped="0" meanWaitingTime="24.77" meanTravelTime="107.99" meanSpeed="4.79" meanSpeedRelative="0.34" duration="2"/>
    <step time="18600.00" loaded="10349" inserted="10318" running="70" waiting="31" ended="10248" arrived="10248" collisions="0" teleports="0" halting="24" stopped="0" meanWaitingTime="25.35" meanTravelTime="107.99" meanSpeed="4.81" meanSpeedRelative="0.35" duration="2"/>
    <step time="18900.00" loaded="10533" inserted="10501" running="74" waiting="32" ended="10427" arrived="10427" collisions="0" teleports="0" halting="12" stopped="0" meanWaitingTime="25.72" meanTravelTime="108.32" meanSpeed="6.77" meanSpeedRelative="0.49" duration="3"/>
    <step time="19200.00" loaded="10708" inserted="10681" running="57" waiting="27" ended="10624" arrived="10624" collisions="0" teleports="0" halting="34" stopped="0" meanWaitingTime="25.99" meanTravelTime="108.28" meanSpeed="3.82" meanSpeedRelative="0.28" duration="1"/>
    <step time="19500.00" loaded="10915" inserted="10891" running="75" waiting="24" ended="10816" arrived="10816" collisions="0" teleports="0" halting="24" stopped="0" meanWaitingTime="26.30" meanTravelTime="108.23" meanSpeed="4.73" meanSpeedRelative="0.34" duration="2"/>
    <step time="19800.00" loaded="11093" inserted="11062" running="63" waiting="31" ended="10999" arrived="10999" collisions="0" teleports="0" halting="17" stopped="0" meanWaitingTime="26.61" meanTravelTime="108.11" meanSpeed="5.89" meanSpeedRelative="0.42" duration="2"/>
    <step time="20100.00" loaded="11292" inserted="11264" running="81" waiting="28" ended="11183" arrived="11183" collisions="0" teleports="0" halting="21" stopped="0" meanWaitingTime="27.06" meanTravelTime="108.22" meanSpeed="5.76" meanSpeedRelative="0.41" duration="3"/>
    <step time="20400.00" loaded="11459" inserted="11426" running="70" waiting="33" ended="11356" arrived="11356" collisions="0" teleports="0" halting="16" stopped="0" meanWaitingTime="27.54" meanTravelTime="108.23" meanSpeed="4.82" meanSpeedRelative="0.35" duration="3"/>
    <step time="20700.00" loaded="11632" inserted="11608" running="75" waiting="24" ended="11533" arrived="11533" collisions="0" teleports="0" halting="29" stopped="0" meanWaitingTime="28.01" meanTravelTime="108.34" meanSpeed="3.80" meanSpeedRelative="0.27" duration="2"/>
    <step time="21000.00" loaded="11816" inserted="11801" running="71" waiting="15" ended="11730" arrived="11730" collisions="0" teleports="0" halting="31" stopped="0" meanWaitingTime="28.26" meanTravelTime="108.41" meanSpeed="4.08" meanSpeedRelative="0.29" duration="3"/>
    <step time="21300.00" loaded="11981" inserted="11964" running="62" waiting="17" ended="11902" arrived="11902" collisions="0" teleports="0" halting="18" stopped="0" meanWaitingTime="28.35" meanTravelTime="108.54" meanSpeed="5.06" meanSpeedRelative="0.36" duration="2"/>
    <step time="21600.00" loaded="12200" inserted="12188" running="106" waiting="12" ended="12082" arrived="12082" collisions="0" teleports="0" halting="22" stopped="0" meanWaitingTime="28.33" meanTravelTime="108.49" meanSpeed="5.61" meanSpeedRelative="0.40" duration="3"/>
    <step time="21900.00" loaded="12386" inserted="12378" running="78" waiting="8" ended="12300" arrived="12300" collisions="0" teleports="0" halting="20" stopped="0" meanWaitingTime="28.04" meanTravelTime="108.69" meanSpeed="5.79" meanSpeedRelative="0.42" duration="2"/>
    <step time="22200.00" loaded="12575" inserted="12564" running="58" waiting="11" ended="12506" arrived="12506" collisions="0" teleports="0" halting="7" stopped="0" meanWaitingTime="27.80" meanTravelTime="108.56" meanSpeed="6.88" meanSpeedRelative="0.50" duration="2"/>
    <step time="22500.00" loaded="12751" inserted="12718" running="54" waiting="33" ended="12664" arrived="12664" collisions="0" teleports="0" halting="8" stopped="0" meanWaitingTime="27.72" meanTravelTime="108.53" meanSpeed="5.46" meanSpeedRelative="0.39" duration="3"/>
    <step time="22800.00" loaded="12947" inserted="12945" running="87" waiting="2" ended="12858" arrived="12858" collisions="0" teleports="0" halting="44" stopped="0" meanWaitingTime="27.67" meanTravelTime="108.55" meanSpeed="2.67" meanSpeedRelative="0.19" duration="2"/>
    <step time="23100.00" loaded="13134" inserted="13121" running="91" waiting="13" ended="13030" arrived="13030" collisions="0" teleports="0" halting="49" stopped="0" meanWaitingTime="27.47" meanTravelTime="108.90" meanSpeed="3.29" meanSpeedRelative="0.24" duration="2"/>
    <step time="23400.00" loaded="13328" inserted="13318" running="71" waiting="10" ended="13247" arrived="13247" collisions="0" teleports="0" halting="39" stopped="0" meanWaitingTime="27.36" meanTravelTime="109.09" meanSpeed="3.45" meanSpeedRelative="0.25" duration="3"/>
    <step time="23700.00" loaded="13556" inserted="13535" running="77" waiting="21" ended="13458" arrived="13458" collisions="0" teleports="0" halting="35" stopped="0" meanWaitingTime="27.15" meanTravelTime="109.05" meanSpeed="3.64" meanSpeedRelative="0.26" duration="2"/>
    <step time="24000.00" loaded="13733" inserted="13714" running="56" waiting="19" ended="13658" arrived="13658" collisions="0" teleports="0" halting="16" stopped="0" meanWaitingTime="27.12" meanTravelTime="109.13" meanSpeed="5.16" meanSpeedRelative="0.37" duration="2"/>
    <step time="24300.00" loaded="13942" inserted="13919" running="123" waiting="23" ended="13796" arrived="13796" collisions="0" teleports="0" halting="81" stopped="0" meanWaitingTime="27.25" meanTravelTime="108.98" meanSpeed="2.23" meanSpeedRelative="0.16" duration="4"/>
    <step time="24600.00" loaded="14166" inserted="14128" running="100" waiting="38" ended="14028" arrived="14028" collisions="0" teleports="0" halting="54" stopped="0" meanWaitingTime="27.43" meanTravelTime="109.75" meanSpeed="2.78" meanSpeedRelative="0.20" duration="3"/>
    <step time="24900.00" loaded="14380" inserted="14345" running="92" waiting="35" ended="14253" arrived="14253" collisions="0" teleports="0" halting="44" stopped="0" meanWaitingTime="27.91" meanTravelTime="110.27" meanSpeed="3.76" meanSpeedRelative="0.27" duration="2"/>
    <step time="25200.00" loaded="14573" inserted="14529" running="69" waiting="44" ended="14460" arrived="14460" collisions="0" teleports="0" halting="20" stopped="0" meanWaitingTime="28.13" meanTravelTime="110.39" meanSpeed="5.74" meanSpeedRelative="0.41" duration="3"/>
    <step time="25500.00" loaded="14751" inserted="14730" running="66" waiting="21" ended="14664" arrived="14664" collisions="0" teleports="0" halting="26" stopped="0" meanWaitingTime="28.48" meanTravelTime="110.55" meanSpeed="3.94" meanSpeedRelative="0.28" duration="3"/>
    <step time="25800.00" loaded="14985" inserted="14954" running="100" waiting="31" ended="14854" arrived="14854" collisions="0" teleports="0" halting="47" stopped="0" meanWaitingTime="28.48" meanTravelTime="110.52" meanSpeed="2.81" meanSpeedRelative="0.20" duration="4"/>
    <step time="26100.00" loaded="15195" inserted="15160" running="66" waiting="35" ended="15094" arrived="15094" collisions="0" teleports="0" halting="24" stopped="0" meanWaitingTime="28.75" meanTravelTime="110.90" meanSpeed="4.11" meanSpeedRelative="0.30" duration="3"/>
    <step time="26400.00" loaded="15387" inserted="15348" running="85" waiting="39" ended="15263" arrived="15263" collisions="0" teleports="0" halting="46" stopped="0" meanWaitingTime="29.03" meanTravelTime="110.80" meanSpeed="3.46" meanSpeedRelative="0.25" duration="2"/>
    <step time="26700.00" loaded="15602" inserted="15567" running="89" waiting="35" ended="15478" arrived="15478" collisions="0" teleports="0" halting="25" stopped="0" meanWaitingTime="29.36" meanTravelTime="110.78" meanSpeed="5.14" meanSpeedRelative="0.37" duration="3"/>
    <step time="27000.00" loaded="15820" inserted="15769" running="94" waiting="51" ended="15675" arrived="15675" collisions="0" teleports="0" halting="27" stopped="0" meanWaitingTime="29.65" meanTravelTime="110.86" meanSpeed="4.07" meanSpeedRelative="0.29" duration="3"/>
    <step time="27300.00" loaded="16041" inserted="15985" running="98" waiting="56" ended="15887" arrived="15887" collisions="0" teleports="0" halting="35" stopped="0" meanWaitingTime="30.21" meanTravelTime="110.88" meanSpeed="3.91" meanSpeedRelative="0.28" duration="4"/>
    <step time="27600.00" loaded="16239" inserted="16182" running="78" waiting="57" ended="16104" arrived="16104" collisions="0" teleports="0" halting="42" stopped="0" meanWaitingTime="30.84" meanTravelTime="111.00" meanSpeed="3.58" meanSpeedRelative="0.26" duration="2"/>
    <step time="27900.00" loaded="16444" inserted="16398" running="67" waiting="46" ended="16331" arrived="16331" collisions="0" teleports="0" halting="16" stopped="0" meanWaitingTime="31.51" meanTravelTime="111.05" meanSpeed="5.71" meanSpeedRelative="0.41" duration="2"/>
    <step time="28200.00" loaded="16669" inserted="16633" running="66" waiting="36" ended="16567" arrived="16567" collisions="0" teleports="0" halting="15" stopped="0" meanWaitingTime="31.97" meanTravelTime="110.86" meanSpeed="5.60" meanSpeedRelative="0.40" duration="2"/>
    <step time="28500.00" loaded="16868" inserted="16837" running="74" waiting="31" ended="16763" arrived="16763" collisions="0" teleports="0" halting="26" stopped="0" meanWaitingTime="32.25" meanTravelTime="110.68" meanSpeed="5.31" meanSpeedRelative="0.38" duration="2"/>
    <step time="28800.00" loaded="17081" inserted="17048" running="69" waiting="33" ended="16979" arrived="16979" collisions="0" teleports="0" halting="24" stopped="0" meanWaitingTime="32.30" meanTravelTime="110.56" meanSpeed="4.09" meanSpeedRelative="0.29" duration="3"/>
    <step time="29100.00" loaded="17307" inserted="17268" running="102" waiting="39" ended="17166" arrived="17166" collisions="0" teleports="0" halting="43" stopped="0" meanWaitingTime="32.38" meanTravelTime="110.79" meanSpeed="3.04" meanSpeedRelative="0.22" duration="3"/>
    <step time="29400.00" loaded="17510" inserted="17455" running="96" waiting="55" ended="17359" arrived="17359" collisions="0" teleports="0" halting="35" stopped="0" meanWaitingTime="32.62" meanTravelTime="111.23" meanSpeed="4.18" meanSpeedRelative="0.30" duration="2"/>
    <step time="29700.00" loaded="17691" inserted="17631" running="57" waiting="60" ended="17574" arrived="17574" collisions="0" teleports="0" halting="19" stopped="0" meanWaitingTime="32.82" meanTravelTime="111.60" meanSpeed="3.73" meanSpeedRelative="0.27" duration="2"/>
    <step time="30000.00" loaded="17866" inserted="17819" running="67" waiting="47" ended="17752" arrived="17752" collisions="0" teleports="0" halting="25" stopped="0" meanWaitingTime="33.62" meanTravelTime="111.55" meanSpeed="3.95" meanSpeedRelative="0.28" duration="3"/>
    <step time="30300.00" loaded="18067" inserted="18017" running="77" waiting="50" ended="17940" arrived="17940" collisions="0" teleports="0" halting="37" stopped="0" meanWaitingTime="34.21" meanTravelTime="111.80" meanSpeed="3.49" meanSpeedRelative="0.25" duration="2"/>
    <step time="30600.00" loaded="18281" inserted="18236" running="95" waiting="45" ended="18141" arrived="18141" collisions="0" teleports="0" halting="40" stopped="0" meanWaitingTime="34.69" meanTravelTime="111.82" meanSpeed="5.12" meanSpeedRelative="0.37" duration="4"/>
    <step time="30900.00" loaded="18499" inserted="18462" running="99" waiting="37" ended="18363" arrived="18363" collisions="0" teleports="0" halting="38" stopped="0" meanWaitingTime="35.00" meanTravelTime="111.85" meanSpeed="3.45" meanSpeedRelative="0.25" duration="3"/>
    <step time="31200.00" loaded="18669" inserted="18623" running="69" waiting="46" ended="18554" arrived="18554" collisions="0" teleports="0" halting="18" stopped="0" meanWaitingTime="35.06" meanTravelTime="112.11" meanSpeed="4.55" meanSpeedRelative="0.33" duration="2"/>
    <step time="31500.00" loaded="18848" inserted="18805" running="71" waiting="43" ended="18734" arrived="18734" collisions="0" teleports="0" halting="29" stopped="0" meanWaitingTime="35.35" meanTravelTime="112.29" meanSpeed="4.59" meanSpeedRelative="0.33" duration="2"/>
    <step time="31800.00" loaded="19006" inserted="18975" running="72" waiting="31" ended="18903" arrived="18903" collisions="0" teleports="0" halting="24" stopped="0" meanWaitingTime="35.71" meanTravelTime="112.41" meanSpeed="4.84" meanSpeedRelative="0.35" duration="2"/>
    <step time="32100.00" loaded="19189" inserted="19148" running="61" waiting="41" ended="19087" arrived="19087" collisions="0" teleports="0" halting="22" stopped="0" meanWaitingTime="35.94" meanTravelTime="112.33" meanSpeed="5.86" meanSpeedRelative="0.42" duration="1"/>
    <step time="32400.00" loaded="19357" inserted="19311" running="65" waiting="46" ended="19246" arrived="19246" collisions="0" teleports="0" halting="22" stopped="0" meanWaitingTime="36.15" meanTravelTime="112.24" meanSpeed="4.66" meanSpeedRelative="0.34" duration="2"/>
    <step time="32700.00" loaded="19535" inserted="19495" running="52" waiting="40" ended="19443" arrived="19443" collisions="0" teleports="0" halting="8" stopped="0" meanWaitingTime="36.39" meanTravelTime="112.34" meanSpeed="6.76" meanSpeedRelative="0.49" duration="2"/>
    <step time="33000.00" loaded="19704" inserted="19672" running="60" waiting="32" ended="19612" arrived="19612" collisions="0" teleports="0" halting="9" stopped="0" meanWaitingTime="36.65" meanTravelTime="112.23" meanSpeed="5.67" meanSpeedRelative="0.41" duration="3"/>
    <step time="33300.00" loaded="19836" inserted="19821" running="67" waiting="15" ended="19754" arrived="19754" collisions="0" teleports="0" halting="18" stopped="0" meanWaitingTime="36.83" meanTravelTime="112.28" meanSpeed="5.60" meanSpeedRelative="0.40" duration="2"/>
    <step time="33600.00" loaded="20028" inserted="20010" running="58" waiting="18" ended="19952" arrived="19952" collisions="0" teleports="0" halting="25" stopped="0" meanWaitingTime="36.77" meanTravelTime="112.17" meanSpeed="5.45" meanSpeedRelative="0.39" duration="2"/>
    <step time="33900.00" loaded="20185" inserted="20167" running="68" waiting="18" ended="20099" arrived="20099" collisions="0" teleports="0" halting="29" stopped="0" meanWaitingTime="36.70" meanTravelTime="112.09" meanSpeed="3.81" meanSpeedRelative="0.27" duration="3"/>
    <step time="34200.00" loaded="20344" inserted="20323" running="63" waiting="21" ended="20260" arrived="20260" collisions="0" teleports="0" halting="24" stopped="0" meanWaitingTime="36.64" meanTravelTime="112.13" meanSpeed="4.67" meanSpeedRelative="0.34" duration="2"/>
    <step time="34500.00" loaded="20508" inserted="20482" running="90" waiting="26" ended="20392" arrived="20392" collisions="0" teleports="0" halting="13" stopped="0" meanWaitingTime="36.73" meanTravelTime="112.20" meanSpeed="5.21" meanSpeedRelative="0.37" duration="2"/>
    <step time="34800.00" loaded="20662" inserted="20632" running="65" waiting="30" ended="20567" arrived="20567" collisions="0" teleports="0" halting="26" stopped="0" meanWaitingTime="36.91" meanTravelTime="112.55" meanSpeed="4.54" meanSpeedRelative="0.33" duration="2"/>
    <step time="35100.00" loaded="20801" inserted="20786" running="62" waiting="15" ended="20724" arrived="20724" collisions="0" teleports="0" halting="6" stopped="0" meanWaitingTime="37.04" meanTravelTime="112.55" meanSpeed="6.34" meanSpeedRelative="0.46" duration="1"/>
    <step time="35400.00" loaded="20942" inserted="20935" running="59" waiting="7" ended="20876" arrived="20876" collisions="0" teleports="0" halting="10" stopped="0" meanWaitingTime="36.86" meanTravelTime="112.52" meanSpeed="4.80" meanSpeedRelative="0.35" duration="1"/>
    <step time="35700.00" loaded="21085" inserted="21078" running="55" waiting="7" ended="21023" arrived="21023" collisions="0" teleports="0" halting="36" stopped="0" meanWaitingTime="36.74" meanTravelTime="112.70" meanSpeed="2.67" meanSpeedRelative="0.19" duration="2"/>
    <step time="36000.00" loaded="21243" inserted="21237" running="42" waiting="6" ended="21195" arrived="21195" collisions="0" teleports="0" halting="18" stopped="0" meanWaitingTime="36.57" meanTravelTime="112.71" meanSpeed="4.08" meanSpeedRelative="0.29" duration="2"/>
    <step time="36300.00" loaded="21419" inserted="21402" running="48" waiting="17" ended="21354" arrived="21354" collisions="0" teleports="0" halting="24" stopped="0" meanWaitingTime="36.44" meanTravelTime="112.50" meanSpeed="3.16" meanSpeedRelative="0.23" duration="1"/>
    <step time="36600.00" loaded="21567" inserted="21557" running="57" waiting="10" ended="21500" arrived="21500" collisions="0" teleports="0" halting="7" stopped="0" meanWaitingTime="36.37" meanTravelTime="112.48" meanSpeed="5.84" meanSpeedRelative="0.42" duration="2"/>
    <step time="36900.00" loaded="21707" inserted="21686" running="36" waiting="21" ended="21650" arrived="21650" collisions="0" teleports="0" halting="16" stopped="0" meanWaitingTime="36.23" meanTravelTime="112.50" meanSpeed="4.46" meanSpeedRelative="0.32" duration="1"/>
    <step time="37200.00" loaded="21829" inserted="21806" running="44" waiting="23" ended="21762" arrived="21762" collisions="0" teleports="0" halting="28" stopped="0" meanWaitingTime="36.22" meanTravelTime="112.39" meanSpeed="2.90" meanSpeedRelative="0.21" duration="1"/>
    <step time="37500.00" loaded="21969" inserted="21932" running="50" waiting="37" ended="21882" arrived="21882" collisions="0" teleports="0" halting="11" stopped="0" meanWaitingTime="36.39" meanTravelTime="112.45" meanSpeed="6.10" meanSpeedRelative="0.44" duration="2"/>
    <step time="37800.00" loaded="22124" inserted="22083" running="58" waiting="41" ended="22025" arrived="22025" collisions="0" teleports="0" halting="16" stopped="0" meanWaitingTime="36.64" meanTravelTime="112.46" meanSpeed="4.62" meanSpeedRelative="0.33" duration="1"/>
    <step time="38100.00" loaded="22267" inserted="22222" running="56" waiting="45" ended="22166" arrived="22166" collisions="0" teleports="0" halting="7" stopped="0" meanWaitingTime="36.88" meanTravelTime="112.41" meanSpeed="5.83" meanSpeedRelative="0.42" duration="2"/>
    <step time="38400.00" loaded="22394" inserted="22363" running="45" waiting="31" ended="22318" arrived="22318" collisions="0" teleports="0" halting="18" stopped="0" meanWaitingTime="37.18" meanTravelTime="112.41" meanSpeed="4.60" meanSpeedRelative="0.34" duration="1"/>
    <step time="38700.00" loaded="22491" inserted="22470" running="39" waiting="21" ended="22431" arrived="22431" collisions="0" teleports="0" halting="24" stopped="0" meanWaitingTime="37.33" meanTravelTime="112.34" meanSpeed="3.02" meanSpeedRelative="0.22" duration="2"/>
    <step time="39000.00" loaded="22597" inserted="22561" running="40" waiting="36" ended="22521" arrived="22521" collisions="0" teleports="0" halting="7" stopped="0" meanWaitingTime="37.60" meanTravelTime="112.35" meanSpeed="5.18" meanSpeedRelative="0.37" duration="2"/>
    <step time="39300.00" loaded="22723" inserted="22680" running="40" waiting="43" ended="22640" arrived="22640" collisions="0" teleports="0" halting="16" stopped="0" meanWaitingTime="37.89" meanTravelTime="112.38" meanSpeed="3.43" meanSpeedRelative="0.25" duration="1"/>
    <step time="39600.00" loaded="22837" inserted="22788" running="36" waiting="49" ended="22752" arrived="22752" collisions="0" teleports="0" halting="16" stopped="0" meanWaitingTime="38.18" meanTravelTime="112.33" meanSpeed="5.21" meanSpeedRelative="0.38" duration="1"/>
    <step time="39900.00" loaded="22958" inserted="22913" running="66" waiting="45" ended="22847" arrived="22847" collisions="0" teleports="0" halting="45" stopped="0" meanWaitingTime="38.65" meanTravelTime="112.26" meanSpeed="2.19" meanSpeedRelative="0.16" duration="1"/>
    <step time="40200.00" loaded="23048" inserted="23012" running="44" waiting="36" ended="22968" arrived="22968" collisions="0" teleports="0" halting="14" stopped="0" meanWaitingTime="39.10" meanTravelTime="112.53" meanSpeed="4.50" meanSpeedRelative="0.32" duration="2"/>
    <step time="40500.00" loaded="23150" inserted="23126" running="46" waiting="24" ended="23080" arrived="23080" collisions="0" teleports="0" halting="10" stopped="0" meanWaitingTime="39.38" meanTravelTime="112.68" meanSpeed="5.77" meanSpeedRelative="0.42" duration="1"/>
    <step time="40800.00" loaded="23259" inserted="23229" running="37" waiting="30" ended="23192" arrived="23192" collisions="0" teleports="0" halting="15" stopped="0" meanWaitingTime="39.63" meanTravelTime="112.70" meanSpeed="5.25" meanSpeedRelative="0.38" duration="1"/>
    <step time="41100.00" loaded="23342" inserted="23319" running="42" waiting="23" ended="23277" arrived="23277" collisions="0" teleports="0" halting="20" stopped="0" meanWaitingTime="39.80" meanTravelTime="112.76" meanSpeed="4.37" meanSpeedRelative="0.31" duration="1"/>
    <step time="41400.00" loaded="23407" inserted="23396" running="19" waiting="11" ended="23377" arrived="23377" collisions="0" teleports="0" halting="12" stopped="0" meanWaitingTime="39.89" meanTravelTime="112.94" meanSpeed="2.61" meanSpeedRelative="0.19" duration="0"/>
    <step time="41700.00" loaded="23505" inserted="23482" running="50" waiting="23" ended="23432" arrived="23432" collisions="0" teleports="0" halting="23" stopped="0" meanWaitingTime="40.03" meanTravelTime="112.93" meanSpeed="5.32" meanSpeedRelative="0.38" duration="2"/>
    <step time="42000.00" loaded="23585" inserted="23556" running="30" waiting="29" ended="23526" arrived="23526" collisions="0" teleports="0" halting="13" stopped="0" meanWaitingTime="40.19" meanTravelTime="113.09" meanSpeed="3.10" meanSpeedRelative="0.22" duration="1"/>
    <step time="42300.00" loaded="23689" inserted="23664" running="40" waiting="25" ended="23624" arrived="23624" collisions="0" teleports="0" halting="10" stopped="0" meanWaitingTime="40.43" meanTravelTime="113.02" meanSpeed="6.84" meanSpeedRelative="0.49" duration="1"/>
    <step time="42600.00" loaded="23805" inserted="23768" running="49" waiting="37" ended="23719" arrived="23719" collisions="0" teleports="0" halting="7" stopped="0" meanWaitingTime="40.64" meanTravelTime="112.98" meanSpeed="5.80" meanSpeedRelative="0.42" duration="2"/>
    <step time="42900.00" loaded="23904" inserted="23882" running="62" waiting="22" ended="23820" arrived="23820" collisions="0" teleports="0" halting="23" stopped="0" meanWaitingTime="40.92" meanTravelTime="113.11" meanSpeed="4.85" meanSpeedRelative="0.35" duration="2"/>
    <step time="43200.00" loaded="24005" inserted="23969" running="16" waiting="36" ended="23953" arrived="23953" collisions="0" teleports="0" halting="6" stopped="0" meanWaitingTime="41.02" meanTravelTime="113.32" meanSpeed="6.74" meanSpeedRelative="0.49" duration="1"/>
    <step time="43500.00" loaded="24082" inserted="24055" running="29" waiting="27" ended="24026" arrived="24026" collisions="0" teleports="0" halting="8" stopped="0" meanWaitingTime="41.19" meanTravelTime="113.26" meanSpeed="6.08" meanSpeedRelative="0.44" duration="0"/>
    <step time="43800.00" loaded="24184" inserted="24147" running="40" waiting="37" ended="24107" arrived="24107" collisions="0" teleports="0" halting="20" stopped="0" meanWaitingTime="41.40" meanTravelTime="113.24" meanSpeed="4.26" meanSpeedRelative="0.31" duration="1"/>
    <step time="44100.00" loaded="24291" inserted="24262" running="52" waiting="29" ended="24210" arrived="24210" collisions="0" teleports="0" halting="27" stopped="0" meanWaitingTime="41.65" meanTravelTime="113.22" meanSpeed="3.72" meanSpeedRelative="0.27" duration="2"/>
    <step time="44400.00" loaded="24402" inserted="24366" running="76" waiting="36" ended="24290" arrived="24290" collisions="0" teleports="0" halting="60" stopped="0" meanWaitingTime="41.88" meanTravelTime="113.19" meanSpeed="0.90" meanSpeedRelative="0.08" duration="2"/>
    <step time="44700.00" loaded="24506" inserted="24462" running="57" waiting="44" ended="24405" arrived="24405" collisions="0" teleports="0" halting="11" stopped="0" meanWaitingTime="42.22" meanTravelTime="113.80" meanSpeed="4.62" meanSpeedRelative="0.33" duration="2"/>
    <step time="45000.00" loaded="24611" inserted="24562" running="53" waiting="49" ended="24509" arrived="24509" collisions="0" teleports="0" halting="12" stopped="0" meanWaitingTime="42.53" meanTravelTime="114.04" meanSpeed="4.03" meanSpeedRelative="0.29" duration="2"/>
    <step time="45300.00" loaded="24699" inserted="24660" running="72" waiting="39" ended="24588" arrived="24588" collisions="0" teleports="0" halting="25" stopped="0" meanWaitingTime="42.84" meanTravelTime="114.36" meanSpeed="4.17" meanSpeedRelative="0.30" duration="2"/>
    <step time="45600.00" loaded="24782" inserted="24742" running="58" waiting="40" ended="24684" arrived="24684" collisions="0" teleports="0" halting="40" stopped="0" meanWaitingTime="43.11" meanTravelTime="114.78" meanSpeed="1.81" meanSpeedRelative="0.14" duration="1"/>
    <step time="45900.00" loaded="24868" inserted="24801" running="54" waiting="67" ended="24747" arrived="24747" collisions="0" teleports="0" halting="42" stopped="0" meanWaitingTime="43.48" meanTravelTime="114.94" meanSpeed="2.76" meanSpeedRelative="0.20" duration="1"/>
    <step time="46200.00" loaded="24948" inserted="24884" running="87" waiting="64" ended="24797" arrived="24797" collisions="0" teleports="0" halting="79" stopped="0" meanWaitingTime="44.07" meanTravelTime="114.83" meanSpeed="0.70" meanSpeedRelative="0.05" duration="1"/>
    <step time="46500.00" loaded="24996" inserted="24946" running="94" waiting="50" ended="24852" arrived="24852" collisions="0" teleports="0" halting="94" stopped="0" meanWaitingTime="44.44" meanTravelTime="114.75" meanSpeed="0.00" meanSpeedRelative="0.00" duration="1"/>
    <step time="46800.00" loaded="25016" inserted="24966" running="98" waiting="50" ended="24868" arrived="24868" collisions="0" teleports="0" halting="97" stopped="0" meanWaitingTime="44.40" meanTravelTime="114.70" meanSpeed="0.12" meanSpeedRelative="0.01" duration="3"/>
    <step time="47100.00" loaded="25034" inserted="24984" running="99" waiting="50" ended="24885" arrived="24885" collisions="0" teleports="0" halting="96" stopped="0" meanWaitingTime="44.37" meanTravelTime="114.65" meanSpeed="0.19" meanSpeedRelative="0.01" duration="2"/>
    <step time="47400.00" loaded="25050" inserted="25000" running="102" waiting="50" ended="24898" arrived="24898" collisions="0" teleports="0" halting="102" stopped="0" meanWaitingTime="44.34" meanTravelTime="114.61" meanSpeed="0.00" meanSpeedRelative="0.00" duration="3"/>
    <step time="47700.00" loaded="25064" inserted="25014" running="108" waiting="50" ended="24906" arrived="24906" collisions="0" teleports="0" halting="108" stopped="0" meanWaitingTime="44.32" meanTravelTime="114.58" meanSpeed="0.00" meanSpeedRelative="0.00" duration="2"/>
    <step time="48000.00" loaded="25077" inserted="25024" running="110" waiting="53" ended="24914" arrived="24914" collisions="0" teleports="0" halting="109" stopped="0" meanWaitingTime="44.30" meanTravelTime="114.56" meanSpeed="0.06" meanSpeedRelative="0.00" duration="2"/>
    <step time="48300.00" loaded="25091" inserted="25032" running="110" waiting="59" ended="24922" arrived="24922" collisions="0" teleports="0" halting="109" stopped="0" meanWaitingTime="44.29" meanTravelTime="114.52" meanSpeed="0.03" meanSpeedRelative="0.00" duration="2"/>
    <step time="48600.00" loaded="25107" inserted="25043" running="109" waiting="64" ended="24934" arrived="24934" collisions="0" teleports="0" halting="109" stopped="0" meanWaitingTime="44.27" meanTravelTime="114.48" meanSpeed="0.00" meanSpeedRelative="0.00" duration="3"/>
    <step time="48900.00" loaded="25122" inserted="25052" running="110" waiting="70" ended="24942" arrived="24942" collisions="0" teleports="0" halting="109" stopped="0" meanWaitingTime="44.25" meanTravelTime="114.45" meanSpeed="0.03" meanSpeedRelative="0.00" duration="3"/>
    <step time="49200.00" loaded="25131" inserted="25059" running="109" waiting="72" ended="24950" arrived="24950" collisions="0" teleports="0" halting="109" stopped="0" meanWaitingTime="44.24" meanTravelTime="114.42" meanSpeed="0.00" meanSpeedRelative="0.00" duration="3"/>
</summary>
