<?xml version="1.0" encoding="UTF-8"?>

<!-- generated on 2025-02-28 16:57:53 by Eclipse SUMO GUI Version 1.19.0
<configuration xmlns:xsi="http://www.w3.org/2001/XMLSchema-instance" xsi:noNamespaceSchemaLocation="http://sumo.dlr.de/xsd/sumoConfiguration.xsd">

    <input>
        <net-file value="Network.net.xml"/>
        <route-files value="CarRoutes.rou.xml"/>
        <additional-files value="Sensors.add.xml"/>
    </input>

    <output>
        <emission-output value="logs/Emissions.xml"/>
        <summary-output value="logs/Log_summary.xml"/>
        <summary-output.period value="300"/>
        <tripinfo-output value="logs/TripInfos.xml"/>
    </output>

    <time>
        <begin value="0"/>
        <end value="86400"/>
        <step-length value="0.25"/>
    </time>

    <processing>
        <ignore-junction-blocker value="0.1"/>
        <time-to-teleport value="-1"/>
    </processing>

    <report>
        <verbose value="true"/>
        <no-step-log value="true"/>
    </report>

    <emissions>
        <device.emissions.period value="10"/>
    </emissions>

    <traci_server>
        <remote-port value="57555"/>
    </traci_server>

    <gui_only>
        <quit-on-end value="true"/>
        <start value="true"/>
    </gui_only>

</configuration>
-->

<summary xmlns:xsi="http://www.w3.org/2001/XMLSchema-instance" xsi:noNamespaceSchemaLocation="http://sumo.dlr.de/xsd/summary_file.xsd">
    <step time="0.00" loaded="0" inserted="0" running="0" waiting="0" ended="0" arrived="0" collisions="0" teleports="0" halting="0" stopped="0" meanWaitingTime="-1.00" meanTravelTime="-1.00" meanSpeed="-1.00" meanSpeedRelative="-1.00" duration="0"/>
    <step time="300.00" loaded="210" inserted="198" running="91" waiting="12" ended="107" arrived="107" collisions="0" teleports="0" halting="45" stopped="0" meanWaitingTime="13.14" meanTravelTime="83.38" meanSpeed="3.52" meanSpeedRelative="0.25" duration="2"/>
    <step time="600.00" loaded="371" inserted="361" running="59" waiting="10" ended="302" arrived="302" collisions="0" teleports="0" halting="25" stopped="0" meanWaitingTime="12.41" meanTravelTime="115.67" meanSpeed="4.64" meanSpeedRelative="0.33" duration="2"/>
    <step time="900.00" loaded="528" inserted="517" running="54" waiting="11" ended="463" arrived="463" collisions="0" teleports="0" halting="32" stopped="0" meanWaitingTime="11.88" meanTravelTime="111.32" meanSpeed="4.35" meanSpeedRelative="0.31" duration="2"/>
    <step time="1200.00" loaded="700" inserted="684" running="53" waiting="16" ended="631" arrived="631" collisions="0" teleports="0" halting="7" stopped="0" meanWaitingTime="15.76" meanTravelTime="108.95" meanSpeed="7.34" meanSpeedRelative="0.53" duration="1"/>
    <step time="1500.00" loaded="866" inserted="846" running="53" waiting="20" ended="793" arrived="793" collisions="0" teleports="0" halting="16" stopped="0" meanWaitingTime="17.03" meanTravelTime="107.07" meanSpeed="5.80" meanSpeedRelative="0.44" duration="2"/>
    <step time="1800.00" loaded="1026" inserted="1007" running="52" waiting="19" ended="955" arrived="955" collisions="0" teleports="0" halting="20" stopped="0" meanWaitingTime="20.09" meanTravelTime="106.01" meanSpeed="5.24" meanSpeedRelative="0.38" duration="3"/>
    <step time="2100.00" loaded="1185" inserted="1170" running="71" waiting="15" ended="1099" arrived="1099" collisions="0" teleports="0" halting="48" stopped="0" meanWaitingTime="18.93" meanTravelTime="104.48" meanSpeed="2.82" meanSpeedRelative="0.20" duration="2"/>
    <step time="2400.00" loaded="1329" inserted="1299" running="34" waiting="30" ended="1265" arrived="1265" collisions="0" teleports="0" halting="14" stopped="0" meanWaitingTime="19.02" meanTravelTime="107.66" meanSpeed="4.12" meanSpeedRelative="0.30" duration="1"/>
    <step time="2700.00" loaded="1471" inserted="1449" running="42" waiting="22" ended="1407" arrived="1407" collisions="0" teleports="0" halting="14" stopped="0" meanWaitingTime="22.15" meanTravelTime="106.05" meanSpeed="4.08" meanSpeedRelative="0.29" duration="1"/>
    <step time="3000.00" loaded="1630" inserted="1609" running="47" waiting="21" ended="1562" arrived="1562" collisions="0" teleports="0" halting="22" stopped="0" meanWaitingTime="23.87" meanTravelTime="106.30" meanSpeed="3.54" meanSpeedRelative="0.27" duration="2"/>
    <step time="3300.00" loaded="1799" inserted="1770" running="60" waiting="29" ended="1710" arrived="1710" collisions="0" teleports="0" halting="10" stopped="0" meanWaitingTime="25.94" meanTravelTime="106.25" meanSpeed="7.05" meanSpeedRelative="0.51" duration="1"/>
    <step time="3600.00" loaded="1930" inserted="1914" running="43" waiting="16" ended="1871" arrived="1871" collisions="0" teleports="0" halting="16" stopped="0" meanWaitingTime="27.64" meanTravelTime="106.33" meanSpeed="5.43" meanSpeedRelative="0.39" duration="2"/>
    <step time="3900.00" loaded="2096" inserted="2096" running="68" waiting="0" ended="2028" arrived="2028" collisions="0" teleports="0" halting="38" stopped="0" meanWaitingTime="26.19" meanTravelTime="105.94" meanSpeed="3.81" meanSpeedRelative="0.27" duration="3"/>
    <step time="4200.00" loaded="2227" inserted="2227" running="43" waiting="0" ended="2184" arrived="2184" collisions="0" teleports="0" halting="11" stopped="0" meanWaitingTime="25.72" meanTravelTime="105.78" meanSpeed="5.79" meanSpeedRelative="0.42" duration="1"/>
    <step time="4500.00" loaded="2404" inserted="2403" running="72" waiting="1" ended="2331" arrived="2331" collisions="0" teleports="0" halting="33" stopped="0" meanWaitingTime="24.28" meanTravelTime="105.33" meanSpeed="3.90" meanSpeedRelative="0.28" duration="2"/>
    <step time="4800.00" loaded="2561" inserted="2555" running="43" waiting="6" ended="2512" arrived="2512" collisions="0" teleports="0" halting="14" stopped="0" meanWaitingTime="23.11" meanTravelTime="105.28" meanSpeed="4.65" meanSpeedRelative="0.35" duration="2"/>
    <step time="5100.00" loaded="2727" inserted="2717" running="58" waiting="10" ended="2659" arrived="2659" collisions="0" teleports="0" halting="8" stopped="0" meanWaitingTime="23.35" meanTravelTime="104.62" meanSpeed="5.98" meanSpeedRelative="0.43" duration="2"/>
    <step time="5400.00" loaded="2880" inserted="2878" running="53" waiting="2" ended="2825" arrived="2825" collisions="0" teleports="0" halting="25" stopped="0" meanWaitingTime="22.44" meanTravelTime="105.04" meanSpeed="5.00" meanSpeedRelative="0.36" duration="1"/>
    <step time="5700.00" loaded="3064" inserted="3049" running="83" waiting="15" ended="2966" arrived="2966" collisions="0" teleports="0" halting="29" stopped="0" meanWaitingTime="21.55" meanTravelTime="105.22" meanSpeed="4.92" meanSpeedRelative="0.35" duration="2"/>
    <step time="6000.00" loaded="3188" inserted="3185" running="49" waiting="3" ended="3136" arrived="3136" collisions="0" teleports="0" halting="15" stopped="0" meanWaitingTime="21.38" meanTravelTime="108.23" meanSpeed="5.00" meanSpeedRelative="0.36" duration="2"/>
    <step time="6300.00" loaded="3351" inserted="3334" running="59" waiting="17" ended="3275" arrived="3275" collisions="0" teleports="0" halting="26" stopped="0" meanWaitingTime="21.19" meanTravelTime="108.97" meanSpeed="4.45" meanSpeedRelative="0.32" duration="1"/>
    <step time="6600.00" loaded="3512" inserted="3504" running="52" waiting="8" ended="3452" arrived="3452" collisions="0" teleports="0" halting="17" stopped="0" meanWaitingTime="21.16" meanTravelTime="108.72" meanSpeed="5.31" meanSpeedRelative="0.40" duration="2"/>
    <step time="6900.00" loaded="3698" inserted="3678" running="55" waiting="20" ended="3623" arrived="3623" collisions="0" teleports="0" halting="23" stopped="0" meanWaitingTime="20.95" meanTravelTime="108.23" meanSpeed="3.97" meanSpeedRelative="0.29" duration="1"/>
    <step time="7200.00" loaded="3855" inserted="3833" running="52" waiting="22" ended="3781" arrived="3781" collisions="0" teleports="0" halting="16" stopped="0" meanWaitingTime="21.39" meanTravelTime="108.20" meanSpeed="5.21" meanSpeedRelative="0.37" duration="1"/>
    <step time="7500.00" loaded="4004" inserted="3992" running="46" waiting="12" ended="3946" arrived="3946" collisions="0" teleports="0" halting="23" stopped="0" meanWaitingTime="21.92" meanTravelTime="108.27" meanSpeed="4.54" meanSpeedRelative="0.33" duration="1"/>
    <step time="7800.00" loaded="4160" inserted="4137" running="31" waiting="23" ended="4106" arrived="4106" collisions="0" teleports="0" halting="10" stopped="0" meanWaitingTime="22.23" meanTravelTime="107.48" meanSpeed="5.03" meanSpeedRelative="0.39" duration="1"/>
    <step time="8100.00" loaded="4331" inserted="4318" running="48" waiting="13" ended="4270" arrived="4270" collisions="0" teleports="0" halting="15" stopped="0" meanWaitingTime="23.13" meanTravelTime="106.24" meanSpeed="4.81" meanSpeedRelative="0.35" duration="2"/>
    <step time="8400.00" loaded="4516" inserted="4512" running="76" waiting="4" ended="4436" arrived="4436" collisions="0" teleports="0" halting="22" stopped="0" meanWaitingTime="22.83" meanTravelTime="105.65" meanSpeed="5.25" meanSpeedRelative="0.38" duration="1"/>
    <step time="8700.00" loaded="4685" inserted="4680" running="76" waiting="5" ended="4604" arrived="4604" collisions="0" teleports="0" halting="28" stopped="0" meanWaitingTime="22.47" meanTravelTime="106.56" meanSpeed="4.73" meanSpeedRelative="0.34" duration="2"/>
    <step time="9000.00" loaded="4870" inserted="4853" running="66" waiting="17" ended="4787" arrived="4787" collisions="0" teleports="0" halting="12" stopped="0" meanWaitingTime="22.16" meanTravelTime="106.46" meanSpeed="6.02" meanSpeedRelative="0.43" duration="1"/>
    <step time="9300.00" loaded="5053" inserted="5035" running="68" waiting="18" ended="4967" arrived="4967" collisions="0" teleports="0" halting="24" stopped="0" meanWaitingTime="22.00" meanTravelTime="106.81" meanSpeed="4.79" meanSpeedRelative="0.34" duration="1"/>
    <step time="9600.00" loaded="5223" inserted="5213" running="55" waiting="10" ended="5158" arrived="5158" collisions="0" teleports="0" halting="16" stopped="0" meanWaitingTime="22.27" meanTravelTime="106.71" meanSpeed="6.23" meanSpeedRelative="0.45" duration="2"/>
    <step time="9900.00" loaded="5366" inserted="5361" running="42" waiting="5" ended="5319" arrived="5319" collisions="0" teleports="0" halting="18" stopped="0" meanWaitingTime="21.98" meanTravelTime="106.56" meanSpeed="4.21" meanSpeedRelative="0.30" duration="1"/>
    <step time="10200.00" loaded="5536" inserted="5528" running="44" waiting="8" ended="5484" arrived="5484" collisions="0" teleports="0" halting="6" stopped="0" meanWaitingTime="21.61" meanTravelTime="106.31" meanSpeed="5.87" meanSpeedRelative="0.42" duration="1"/>
    <step time="10500.00" loaded="5714" inserted="5701" running="55" waiting="13" ended="5646" arrived="5646" collisions="0" teleports="0" halting="12" stopped="0" meanWaitingTime="21.35" meanTravelTime="106.18" meanSpeed="5.85" meanSpeedRelative="0.42" duration="1"/>
    <step time="10800.00" loaded="5886" inserted="5879" running="83" waiting="7" ended="5796" arrived="5796" collisions="0" teleports="0" halting="20" stopped="0" meanWaitingTime="21.30" meanTravelTime="106.23" meanSpeed="4.91" meanSpeedRelative="0.35" duration="2"/>
    <step time="11100.00" loaded="6062" inserted="6044" running="61" waiting="18" ended="5983" arrived="5983" collisions="0" teleports="0" halting="24" stopped="0" meanWaitingTime="21.21" meanTravelTime="107.29" meanSpeed="4.15" meanSpeedRelative="0.30" duration="2"/>
    <step time="11400.00" loaded="6234" inserted="6200" running="65" waiting="34" ended="6135" arrived="6135" collisions="0" teleports="0" halting="19" stopped="0" meanWaitingTime="21.78" meanTravelTime="107.53" meanSpeed="5.33" meanSpeedRelative="0.39" duration="2"/>
    <step time="11700.00" loaded="6378" inserted="6360" running="61" waiting="18" ended="6299" arrived="6299" collisions="0" teleports="0" halting="11" stopped="0" meanWaitingTime="22.76" meanTravelTime="107.61" meanSpeed="5.09" meanSpeedRelative="0.37" duration="2"/>
    <step time="12000.00" loaded="6557" inserted="6549" running="70" waiting="8" ended="6479" arrived="6479" collisions="0" teleports="0" halting="28" stopped="0" meanWaitingTime="22.68" meanTravelTime="108.07" meanSpeed="3.63" meanSpeedRelative="0.26" duration="2"/>
    <step time="12300.00" loaded="6725" inserted="6724" running="67" waiting="1" ended="6657" arrived="6657" collisions="0" teleports="0" halting="19" stopped="0" meanWaitingTime="22.39" meanTravelTime="108.28" meanSpeed="6.10" meanSpeedRelative="0.44" duration="1"/>
    <step time="12600.00" loaded="6895" inserted="6875" running="54" waiting="20" ended="6821" arrived="6821" collisions="0" teleports="0" halting="24" stopped="0" meanWaitingTime="22.14" meanTravelTime="108.30" meanSpeed="5.14" meanSpeedRelative="0.37" duration="1"/>
    <step time="12900.00" loaded="7062" inserted="7048" running="68" waiting="14" ended="6980" arrived="6980" collisions="0" teleports="0" halting="21" stopped="0" meanWaitingTime="22.29" meanTravelTime="108.11" meanSpeed="4.64" meanSpeedRelative="0.33" duration="1"/>
    <step time="13200.00" loaded="7235" inserted="7214" running="77" waiting="21" ended="7137" arrived="7137" collisions="0" teleports="0" halting="25" stopped="0" meanWaitingTime="22.32" meanTravelTime="108.46" meanSpeed="4.66" meanSpeedRelative="0.34" duration="2"/>
    <step time="13500.00" loaded="7410" inserted="7402" running="74" waiting="8" ended="7328" arrived="7328" collisions="0" teleports="0" halting="22" stopped="0" meanWaitingTime="22.21" meanTravelTime="108.75" meanSpeed="4.03" meanSpeedRelative="0.29" duration="2"/>
    <step time="13800.00" loaded="7605" inserted="7589" running="75" waiting="16" ended="7514" arrived="7514" collisions="0" teleports="0" halting="23" stopped="0" meanWaitingTime="22.23" meanTravelTime="108.86" meanSpeed="4.41" meanSpeedRelative="0.32" duration="2"/>
    <step time="14100.00" loaded="7765" inserted="7761" running="64" waiting="4" ended="7697" arrived="7697" collisions="0" teleports="0" halting="19" stopped="0" meanWaitingTime="22.20" meanTravelTime="109.25" meanSpeed="5.35" meanSpeedRelative="0.39" duration="2"/>
    <step time="14400.00" loaded="7905" inserted="7894" running="45" waiting="11" ended="7849" arrived="7849" collisions="0" teleports="0" halting="17" stopped="0" meanWaitingTime="22.31" meanTravelTime="109.22" meanSpeed="6.24" meanSpeedRelative="0.45" duration="1"/>
    <step time="14700.00" loaded="8098" inserted="8077" running="62" waiting="21" ended="8015" arrived="8015" collisions="0" teleports="0" halting="13" stopped="0" meanWaitingTime="22.21" meanTravelTime="108.81" meanSpeed="6.16" meanSpeedRelative="0.44" duration="2"/>
    <step time="15000.00" loaded="8255" inserted="8250" running="100" waiting="5" ended="8150" arrived="8150" collisions="0" teleports="0" halting="23" stopped="0" meanWaitingTime="22.02" meanTravelTime="109.06" meanSpeed="5.12" meanSpeedRelative="0.37" duration="2"/>
    <step time="15300.00" loaded="8415" inserted="8381" running="65" waiting="34" ended="8316" arrived="8316" collisions="0" teleports="0" halting="29" stopped="0" meanWaitingTime="22.16" meanTravelTime="110.02" meanSpeed="4.24" meanSpeedRelative="0.31" duration="2"/>
    <step time="15600.00" loaded="8581" inserted="8571" running="59" waiting="10" ended="8512" arrived="8512" collisions="0" teleports="0" halting="20" stopped="0" meanWaitingTime="22.86" meanTravelTime="109.76" meanSpeed="5.22" meanSpeedRelative="0.38" duration="2"/>
    <step time="15900.00" loaded="8774" inserted="8764" running="93" waiting="10" ended="8671" arrived="8671" collisions="0" teleports="0" halting="36" stopped="0" meanWaitingTime="23.11" meanTravelTime="109.35" meanSpeed="4.23" meanSpeedRelative="0.30" duration="2"/>
    <step time="16200.00" loaded="8964" inserted="8952" running="65" waiting="12" ended="8887" arrived="8887" collisions="0" teleports="0" halting="12" stopped="0" meanWaitingTime="23.12" meanTravelTime="109.71" meanSpeed="6.28" meanSpeedRelative="0.45" duration="2"/>
    <step time="16500.00" loaded="9130" inserted="9127" running="53" waiting="3" ended="9074" arrived="9074" collisions="0" teleports="0" halting="18" stopped="0" meanWaitingTime="22.92" meanTravelTime="109.44" meanSpeed="5.54" meanSpeedRelative="0.40" duration="2"/>
    <step time="16800.00" loaded="9316" inserted="9301" running="62" waiting="15" ended="9239" arrived="9239" collisions="0" teleports="0" halting="7" stopped="0" meanWaitingTime="22.81" meanTravelTime="109.32" meanSpeed="6.05" meanSpeedRelative="0.44" duration="1"/>
    <step time="17100.00" loaded="9485" inserted="9465" running="54" waiting="20" ended="9411" arrived="9411" collisions="0" teleports="0" halting="12" stopped="0" meanWaitingTime="22.86" meanTravelTime="109.24" meanSpeed="5.78" meanSpeedRelative="0.42" duration="2"/>
    <step time="17400.00" loaded="9664" inserted="9643" running="75" waiting="21" ended="9568" arrived="9568" collisions="0" teleports="0" halting="25" stopped="0" meanWaitingTime="23.02" meanTravelTime="109.27" meanSpeed="4.92" meanSpeedRelative="0.35" duration="2"/>
    <step time="17700.00" loaded="9838" inserted="9814" running="79" waiting="24" ended="9735" arrived="9735" collisions="0" teleports="0" halting="23" stopped="0" meanWaitingTime="23.30" meanTravelTime="109.70" meanSpeed="5.07" meanSpeedRelative="0.36" duration="2"/>
    <step time="18000.00" loaded="10003" inserted="9981" running="73" waiting="22" ended="9908" arrived="9908" collisions="0" teleports="0" halting="19" stopped="0" meanWaitingTime="23.62" meanTravelTime="110.20" meanSpeed="6.38" meanSpeedRelative="0.46" duration="2"/>
    <step time="18300.00" loaded="10188" inserted="10155" running="46" waiting="33" ended="10109" arrived="10109" collisions="0" teleports="0" halting="21" stopped="0" meanWaitingTime="23.86" meanTravelTime="110.45" meanSpeed="4.91" meanSpeedRelative="0.35" duration="2"/>
    <step time="18600.00" loaded="10347" inserted="10317" running="64" waiting="30" ended="10253" arrived="10253" collisions="0" teleports="0" halting="21" stopped="0" meanWaitingTime="24.44" meanTravelTime="110.22" meanSpeed="5.70" meanSpeedRelative="0.41" duration="2"/>
    <step time="18900.00" loaded="10533" inserted="10501" running="67" waiting="32" ended="10434" arrived="10434" collisions="0" teleports="0" halting="11" stopped="0" meanWaitingTime="24.81" meanTravelTime="110.13" meanSpeed="6.06" meanSpeedRelative="0.44" duration="2"/>
    <step time="19200.00" loaded="10707" inserted="10680" running="68" waiting="27" ended="10612" arrived="10612" collisions="0" teleports="0" halting="41" stopped="0" meanWaitingTime="25.09" meanTravelTime="110.14" meanSpeed="3.24" meanSpeedRelative="0.23" duration="3"/>
    <step time="19500.00" loaded="10917" inserted="10893" running="99" waiting="24" ended="10794" arrived="10794" collisions="0" teleports="0" halting="32" stopped="0" meanWaitingTime="25.42" meanTravelTime="110.37" meanSpeed="4.51" meanSpeedRelative="0.32" duration="2"/>
    <step time="19800.00" loaded="11095" inserted="11062" running="72" waiting="33" ended="10990" arrived="10990" collisions="0" teleports="0" halting="27" stopped="0" meanWaitingTime="25.73" meanTravelTime="110.63" meanSpeed="4.63" meanSpeedRelative="0.33" duration="2"/>
    <step time="20100.00" loaded="11290" inserted="11258" running="89" waiting="32" ended="11169" arrived="11169" collisions="0" teleports="0" halting="27" stopped="0" meanWaitingTime="26.21" meanTravelTime="110.89" meanSpeed="5.89" meanSpeedRelative="0.42" duration="5"/>
    <step time="20400.00" loaded="11459" inserted="11418" running="72" waiting="41" ended="11346" arrived="11346" collisions="0" teleports="0" halting="23" stopped="0" meanWaitingTime="26.80" meanTravelTime="110.96" meanSpeed="5.29" meanSpeedRelative="0.38" duration="3"/>
    <step time="20700.00" loaded="11630" inserted="11596" running="81" waiting="34" ended="11515" arrived="11515" collisions="0" teleports="0" halting="36" stopped="0" meanWaitingTime="27.54" meanTravelTime="111.01" meanSpeed="4.06" meanSpeedRelative="0.29" duration="2"/>
    <step time="21000.00" loaded="11815" inserted="11787" running="59" waiting="28" ended="11728" arrived="11728" collisions="0" teleports="0" halting="41" stopped="0" meanWaitingTime="28.19" meanTravelTime="111.03" meanSpeed="3.08" meanSpeedRelative="0.22" duration="1"/>
    <step time="21300.00" loaded="11975" inserted="11954" running="69" waiting="21" ended="11885" arrived="11885" collisions="0" teleports="0" halting="16" stopped="0" meanWaitingTime="28.59" meanTravelTime="110.91" meanSpeed="5.02" meanSpeedRelative="0.36" duration="2"/>
    <step time="21600.00" loaded="12198" inserted="12164" running="95" waiting="34" ended="12069" arrived="12069" collisions="0" teleports="0" halting="19" stopped="0" meanWaitingTime="28.87" meanTravelTime="111.03" meanSpeed="5.68" meanSpeedRelative="0.41" duration="2"/>
    <step time="21900.00" loaded="12383" inserted="12356" running="64" waiting="27" ended="12292" arrived="12292" collisions="0" teleports="0" halting="26" stopped="0" meanWaitingTime="29.03" meanTravelTime="111.16" meanSpeed="4.16" meanSpeedRelative="0.30" duration="2"/>
    <step time="22200.00" loaded="12573" inserted="12542" running="78" waiting="31" ended="12464" arrived="12464" collisions="0" teleports="0" halting="18" stopped="0" meanWaitingTime="29.31" meanTravelTime="110.83" meanSpeed="5.19" meanSpeedRelative="0.37" duration="3"/>
    <step time="22500.00" loaded="12749" inserted="12700" running="49" waiting="49" ended="12651" arrived="12651" collisions="0" teleports="0" halting="5" stopped="0" meanWaitingTime="29.57" meanTravelTime="111.23" meanSpeed="6.01" meanSpeedRelative="0.43" duration="1"/>
    <step time="22800.00" loaded="12947" inserted="12934" running="100" waiting="13" ended="12834" arrived="12834" collisions="0" teleports="0" halting="53" stopped="0" meanWaitingTime="29.91" meanTravelTime="111.21" meanSpeed="2.88" meanSpeedRelative="0.21" duration="2"/>
    <step time="23100.00" loaded="13134" inserted="13112" running="109" waiting="22" ended="13003" arrived="13003" collisions="0" teleports="0" halting="53" stopped="0" meanWaitingTime="29.95" meanTravelTime="111.69" meanSpeed="3.37" meanSpeedRelative="0.24" duration="3"/>
    <step time="23400.00" loaded="13322" inserted="13292" running="82" waiting="30" ended="13210" arrived="13210" collisions="0" teleports="0" halting="28" stopped="0" meanWaitingTime="30.18" meanTravelTime="112.37" meanSpeed="4.17" meanSpeedRelative="0.30" duration="1"/>
    <step time="23700.00" loaded="13551" inserted="13507" running="78" waiting="44" ended="13429" arrived="13429" collisions="0" teleports="0" halting="35" stopped="0" meanWaitingTime="30.36" meanTravelTime="112.33" meanSpeed="4.16" meanSpeedRelative="0.30" duration="2"/>
    <step time="24000.00" loaded="13727" inserted="13690" running="60" waiting="37" ended="13630" arrived="13630" collisions="0" teleports="0" halting="17" stopped="0" meanWaitingTime="30.72" meanTravelTime="112.36" meanSpeed="4.18" meanSpeedRelative="0.30" duration="2"/>
    <step time="24300.00" loaded="13935" inserted="13899" running="113" waiting="36" ended="13786" arrived="13786" collisions="0" teleports="0" halting="55" stopped="0" meanWaitingTime="31.08" meanTravelTime="112.27" meanSpeed="2.99" meanSpeedRelative="0.22" duration="2"/>
    <step time="24600.00" loaded="14161" inserted="14118" running="91" waiting="43" ended="14027" arrived="14027" collisions="0" teleports="0" halting="44" stopped="0" meanWaitingTime="31.34" meanTravelTime="112.84" meanSpeed="3.31" meanSpeedRelative="0.24" duration="3"/>
    <step time="24900.00" loaded="14373" inserted="14338" running="89" waiting="35" ended="14249" arrived="14249" collisions="0" teleports="0" halting="27" stopped="0" meanWaitingTime="31.86" meanTravelTime="112.90" meanSpeed="4.65" meanSpeedRelative="0.34" duration="2"/>
    <step time="25200.00" loaded="14566" inserted="14523" running="77" waiting="43" ended="14446" arrived="14446" collisions="0" teleports="0" halting="26" stopped="0" meanWaitingTime="31.99" meanTravelTime="112.86" meanSpeed="4.67" meanSpeedRelative="0.34" duration="2"/>
    <step time="25500.00" loaded="14743" inserted="14721" running="70" waiting="22" ended="14651" arrived="14651" collisions="0" teleports="0" halting="28" stopped="0" meanWaitingTime="32.27" meanTravelTime="113.08" meanSpeed="4.81" meanSpeedRelative="0.35" duration="2"/>
    <step time="25800.00" loaded="14975" inserted="14944" running="83" waiting="31" ended="14861" arrived="14861" collisions="0" teleports="0" halting="21" stopped="0" meanWaitingTime="32.24" meanTravelTime="112.94" meanSpeed="4.73" meanSpeedRelative="0.34" duration="3"/>
    <step time="26100.00" loaded="15185" inserted="15152" running="83" waiting="33" ended="15069" arrived="15069" collisions="0" teleports="0" halting="23" stopped="0" meanWaitingTime="32.43" meanTravelTime="112.88" meanSpeed="4.42" meanSpeedRelative="0.32" duration="2"/>
    <step time="26400.00" loaded="15376" inserted="15337" running="83" waiting="39" ended="15254" arrived="15254" collisions="0" teleports="0" halting="43" stopped="0" meanWaitingTime="32.68" meanTravelTime="113.18" meanSpeed="3.60" meanSpeedRelative="0.26" duration="2"/>
    <step time="26700.00" loaded="15591" inserted="15562" running="113" waiting="29" ended="15449" arrived="15449" collisions="0" teleports="0" halting="29" stopped="0" meanWaitingTime="33.08" meanTravelTime="113.06" meanSpeed="4.56" meanSpeedRelative="0.33" duration="3"/>
    <step time="27000.00" loaded="15811" inserted="15773" running="92" waiting="38" ended="15681" arrived="15681" collisions="0" teleports="0" halting="24" stopped="0" meanWaitingTime="33.26" meanTravelTime="113.43" meanSpeed="5.41" meanSpeedRelative="0.39" duration="3"/>
    <step time="27300.00" loaded="16037" inserted="15997" running="84" waiting="40" ended="15913" arrived="15913" collisions="0" teleports="0" halting="32" stopped="0" meanWaitingTime="33.53" meanTravelTime="113.30" meanSpeed="4.80" meanSpeedRelative="0.35" duration="2"/>
    <step time="27600.00" loaded="16236" inserted="16191" running="83" waiting="45" ended="16108" arrived="16108" collisions="0" teleports="0" halting="45" stopped="0" meanWaitingTime="33.76" meanTravelTime="113.13" meanSpeed="3.30" meanSpeedRelative="0.24" duration="2"/>
    <step time="27900.00" loaded="16442" inserted="16407" running="77" waiting="35" ended="16330" arrived="16330" collisions="0" teleports="0" halting="21" stopped="0" meanWaitingTime="34.10" meanTravelTime="113.27" meanSpeed="4.65" meanSpeedRelative="0.33" duration="3"/>
    <step time="28200.00" loaded="16666" inserted="16643" running="61" waiting="23" ended="16582" arrived="16582" collisions="0" teleports="0" halting="14" stopped="0" meanWaitingTime="34.35" meanTravelTime="113.19" meanSpeed="6.78" meanSpeedRelative="0.49" duration="2"/>
    <step time="28500.00" loaded="16869" inserted="16840" running="68" waiting="29" ended="16772" arrived="16772" collisions="0" teleports="0" halting="21" stopped="0" meanWaitingTime="34.41" meanTravelTime="112.97" meanSpeed="5.81" meanSpeedRelative="0.42" duration="2"/>
    <step time="28800.00" loaded="17081" inserted="17049" running="79" waiting="32" ended="16970" arrived="16970" collisions="0" teleports="0" halting="27" stopped="0" meanWaitingTime="34.42" meanTravelTime="112.82" meanSpeed="4.81" meanSpeedRelative="0.35" duration="2"/>
    <step time="29100.00" loaded="17303" inserted="17266" running="102" waiting="37" ended="17164" arrived="17164" collisions="0" teleports="0" halting="50" stopped="0" meanWaitingTime="34.43" meanTravelTime="113.15" meanSpeed="2.65" meanSpeedRelative="0.19" duration="3"/>
    <step time="29400.00" loaded="17503" inserted="17448" running="101" waiting="55" ended="17347" arrived="17347" collisions="0" teleports="0" halting="35" stopped="0" meanWaitingTime="34.61" meanTravelTime="113.43" meanSpeed="3.67" meanSpeedRelative="0.26" duration="3"/>
    <step time="29700.00" loaded="17685" inserted="17617" running="70" waiting="68" ended="17547" arrived="17547" collisions="0" teleports="0" halting="26" stopped="0" meanWaitingTime="34.87" meanTravelTime="113.93" meanSpeed="4.52" meanSpeedRelative="0.33" duration="3"/>
    <step time="30000.00" loaded="17861" inserted="17803" running="73" waiting="58" ended="17730" arrived="17730" collisions="0" teleports="0" halting="40" stopped="0" meanWaitingTime="35.87" meanTravelTime="113.95" meanSpeed="3.83" meanSpeedRelative="0.28" duration="3"/>
    <step time="30300.00" loaded="18059" inserted="18008" running="76" waiting="51" ended="17932" arrived="17932" collisions="0" teleports="0" halting="34" stopped="0" meanWaitingTime="36.54" meanTravelTime="114.19" meanSpeed="3.42" meanSpeedRelative="0.25" duration="5"/>
    <step time="30600.00" loaded="18273" inserted="18229" running="103" waiting="44" ended="18126" arrived="18126" collisions="0" teleports="0" halting="50" stopped="0" meanWaitingTime="37.00" meanTravelTime="114.13" meanSpeed="3.98" meanSpeedRelative="0.29" duration="2"/>
    <step time="30900.00" loaded="18494" inserted="18452" running="118" waiting="42" ended="18334" arrived="18334" collisions="0" teleports="0" halting="49" stopped="0" meanWaitingTime="37.25" meanTravelTime="114.24" meanSpeed="2.95" meanSpeedRelative="0.21" duration="2"/>
    <step time="31200.00" loaded="18666" inserted="18621" running="75" waiting="45" ended="18546" arrived="18546" collisions="0" teleports="0" halting="22" stopped="0" meanWaitingTime="37.33" meanTravelTime="114.82" meanSpeed="4.24" meanSpeedRelative="0.30" duration="2"/>
    <step time="31500.00" loaded="18841" inserted="18798" running="62" waiting="43" ended="18736" arrived="18736" collisions="0" teleports="0" halting="34" stopped="0" meanWaitingTime="37.60" meanTravelTime="115.03" meanSpeed="3.10" meanSpeedRelative="0.22" duration="3"/>
    <step time="31800.00" loaded="19000" inserted="18966" running="68" waiting="34" ended="18898" arrived="18898" collisions="0" teleports="0" halting="20" stopped="0" meanWaitingTime="37.96" meanTravelTime="115.03" meanSpeed="5.62" meanSpeedRelative="0.40" duration="2"/>
    <step time="32100.00" loaded="19181" inserted="19142" running="62" waiting="39" ended="19080" arrived="19080" collisions="0" teleports="0" halting="18" stopped="0" meanWaitingTime="38.29" meanTravelTime="114.88" meanSpeed="5.47" meanSpeedRelative="0.41" duration="3"/>
    <step time="32400.00" loaded="19349" inserted="19302" running="58" waiting="47" ended="19244" arrived="19244" collisions="0" teleports="0" halting="19" stopped="0" meanWaitingTime="38.50" meanTravelTime="114.85" meanSpeed="4.92" meanSpeedRelative="0.35" duration="3"/>
    <step time="32700.00" loaded="19528" inserted="19488" running="69" waiting="40" ended="19419" arrived="19419" collisions="0" teleports="0" halting="12" stopped="0" meanWaitingTime="38.76" meanTravelTime="114.70" meanSpeed="5.31" meanSpeedRelative="0.38" duration="1"/>
    <step time="33000.00" loaded="19698" inserted="19668" running="69" waiting="30" ended="19599" arrived="19599" collisions="0" teleports="0" halting="10" stopped="0" meanWaitingTime="39.01" meanTravelTime="114.73" meanSpeed="5.24" meanSpeedRelative="0.38" duration="2"/>
    <step time="33300.00" loaded="19829" inserted="19816" running="67" waiting="13" ended="19749" arrived="19749" collisions="0" teleports="0" halting="16" stopped="0" meanWaitingTime="39.16" meanTravelTime="114.81" meanSpeed="5.25" meanSpeedRelative="0.39" duration="3"/>
    <step time="33600.00" loaded="20022" inserted="20003" running="66" waiting="19" ended="19937" arrived="19937" collisions="0" teleports="0" halting="31" stopped="0" meanWaitingTime="39.06" meanTravelTime="114.72" meanSpeed="4.80" meanSpeedRelative="0.35" duration="2"/>
    <step time="33900.00" loaded="20177" inserted="20152" running="52" waiting="25" ended="20100" arrived="20100" collisions="0" teleports="0" halting="17" stopped="0" meanWaitingTime="39.00" meanTravelTime="114.60" meanSpeed="4.17" meanSpeedRelative="0.30" duration="3"/>
    <step time="34200.00" loaded="20333" inserted="20313" running="89" waiting="20" ended="20224" arrived="20224" collisions="0" teleports="0" halting="24" stopped="0" meanWaitingTime="38.99" meanTravelTime="114.68" meanSpeed="4.36" meanSpeedRelative="0.31" duration="2"/>
    <step time="34500.00" loaded="20500" inserted="20475" running="83" waiting="25" ended="20392" arrived="20392" collisions="0" teleports="0" halting="18" stopped="0" meanWaitingTime="39.05" meanTravelTime="114.97" meanSpeed="4.13" meanSpeedRelative="0.30" duration="2"/>
    <step time="34800.00" loaded="20651" inserted="20622" running="63" waiting="29" ended="20559" arrived="20559" collisions="0" teleports="0" halting="22" stopped="0" meanWaitingTime="39.19" meanTravelTime="115.20" meanSpeed="4.35" meanSpeedRelative="0.31" duration="3"/>
    <step time="35100.00" loaded="20788" inserted="20774" running="78" waiting="14" ended="20696" arrived="20696" collisions="0" teleports="0" halting="17" stopped="0" meanWaitingTime="39.30" meanTravelTime="115.25" meanSpeed="4.77" meanSpeedRelative="0.34" duration="2"/>
    <step time="35400.00" loaded="20925" inserted="20918" running="61" waiting="7" ended="20857" arrived="20857" collisions="0" teleports="0" halting="5" stopped="0" meanWaitingTime="39.10" meanTravelTime="115.28" meanSpeed="6.58" meanSpeedRelative="0.47" duration="2"/>
    <step time="35700.00" loaded="21067" inserted="21060" running="56" waiting="7" ended="21004" arrived="21004" collisions="0" teleports="0" halting="30" stopped="0" meanWaitingTime="38.97" meanTravelTime="115.53" meanSpeed="3.67" meanSpeedRelative="0.26" duration="2"/>
    <step time="36000.00" loaded="21223" inserted="21216" running="46" waiting="7" ended="21170" arrived="21170" collisions="0" teleports="0" halting="9" stopped="0" meanWaitingTime="38.82" meanTravelTime="115.45" meanSpeed="5.45" meanSpeedRelative="0.39" duration="3"/>
    <step time="36300.00" loaded="21395" inserted="21378" running="57" waiting="17" ended="21321" arrived="21321" collisions="0" teleports="0" halting="23" stopped="0" meanWaitingTime="38.69" meanTravelTime="115.25" meanSpeed="3.28" meanSpeedRelative="0.24" duration="4"/>
    <step time="36600.00" loaded="21543" inserted="21531" running="60" waiting="12" ended="21471" arrived="21471" collisions="0" teleports="0" halting="7" stopped="0" meanWaitingTime="38.61" meanTravelTime="115.29" meanSpeed="5.22" meanSpeedRelative="0.38" duration="2"/>
    <step time="36900.00" loaded="21682" inserted="21661" running="38" waiting="21" ended="21623" arrived="21623" collisions="0" teleports="0" halting="13" stopped="0" meanWaitingTime="38.48" meanTravelTime="115.29" meanSpeed="6.24" meanSpeedRelative="0.45" duration="1"/>
    <step time="37200.00" loaded="21803" inserted="21780" running="44" waiting="23" ended="21736" arrived="21736" collisions="0" teleports="0" halting="27" stopped="0" meanWaitingTime="38.47" meanTravelTime="115.17" meanSpeed="2.90" meanSpeedRelative="0.21" duration="1"/>
    <step time="37500.00" loaded="21944" inserted="21907" running="49" waiting="37" ended="21858" arrived="21858" collisions="0" teleports="0" halting="11" stopped="0" meanWaitingTime="38.62" meanTravelTime="115.18" meanSpeed="5.77" meanSpeedRelative="0.42" duration="2"/>
    <step time="37800.00" loaded="22097" inserted="22056" running="50" waiting="41" ended="22006" arrived="22006" collisions="0" teleports="0" halting="12" stopped="0" meanWaitingTime="38.86" meanTravelTime="115.13" meanSpeed="5.62" meanSpeedRelative="0.41" duration="2"/>
    <step time="38100.00" loaded="22241" inserted="22196" running="60" waiting="45" ended="22136" arrived="22136" collisions="0" teleports="0" halting="28" stopped="0" meanWaitingTime="39.07" meanTravelTime="115.04" meanSpeed="4.36" meanSpeedRelative="0.31" duration="2"/>
    <step time="38400.00" loaded="22366" inserted="22337" running="57" waiting="29" ended="22280" arrived="22280" collisions="0" teleports="0" halting="32" stopped="0" meanWaitingTime="39.38" meanTravelTime="115.09" meanSpeed="3.22" meanSpeedRelative="0.23" duration="2"/>
    <step time="38700.00" loaded="22464" inserted="22455" running="57" waiting="9" ended="22398" arrived="22398" collisions="0" teleports="0" halting="34" stopped="0" meanWaitingTime="39.54" meanTravelTime="115.11" meanSpeed="3.12" meanSpeedRelative="0.22" duration="2"/>
    <step time="39000.00" loaded="22569" inserted="22537" running="49" waiting="32" ended="22488" arrived="22488" collisions="0" teleports="0" halting="6" stopped="0" meanWaitingTime="39.68" meanTravelTime="115.25" meanSpeed="6.58" meanSpeedRelative="0.47" duration="3"/>
    <step time="39300.00" loaded="22695" inserted="22656" running="46" waiting="39" ended="22610" arrived="22610" collisions="0" teleports="0" halting="23" stopped="0" meanWaitingTime="39.91" meanTravelTime="115.45" meanSpeed="3.42" meanSpeedRelative="0.25" duration="2"/>
    <step time="39600.00" loaded="22806" inserted="22768" running="30" waiting="38" ended="22738" arrived="22738" collisions="0" teleports="0" halting="13" stopped="0" meanWaitingTime="40.11" meanTravelTime="115.39" meanSpeed="5.60" meanSpeedRelative="0.40" duration="1"/>
    <step time="39900.00" loaded="22930" inserted="22903" running="65" waiting="27" ended="22838" arrived="22838" collisions="0" teleports="0" halting="52" stopped="0" meanWaitingTime="40.37" meanTravelTime="115.27" meanSpeed="1.61" meanSpeedRelative="0.12" duration="2"/>
    <step time="40200.00" loaded="23019" inserted="22999" running="38" waiting="20" ended="22961" arrived="22961" collisions="0" teleports="0" halting="18" stopped="0" meanWaitingTime="40.60" meanTravelTime="115.45" meanSpeed="3.51" meanSpeedRelative="0.25" duration="1"/>
    <step time="40500.00" loaded="23119" inserted="23095" running="31" waiting="24" ended="23064" arrived="23064" collisions="0" teleports="0" halting="11" stopped="0" meanWaitingTime="40.69" meanTravelTime="115.48" meanSpeed="5.77" meanSpeedRelative="0.42" duration="2"/>
    <step time="40800.00" loaded="23228" inserted="23196" running="37" waiting="32" ended="23159" arrived="23159" collisions="0" teleports="0" halting="17" stopped="0" meanWaitingTime="40.94" meanTravelTime="115.39" meanSpeed="3.93" meanSpeedRelative="0.28" duration="1"/>
    <step time="41100.00" loaded="23312" inserted="23289" running="50" waiting="23" ended="23239" arrived="23239" collisions="0" teleports="0" halting="21" stopped="0" meanWaitingTime="41.12" meanTravelTime="115.44" meanSpeed="3.54" meanSpeedRelative="0.27" duration="1"/>
    <step time="41400.00" loaded="23374" inserted="23364" running="18" waiting="10" ended="23346" arrived="23346" collisions="0" teleports="0" halting="14" stopped="0" meanWaitingTime="41.21" meanTravelTime="115.67" meanSpeed="1.84" meanSpeedRelative="0.13" duration="1"/>
    <step time="41700.00" loaded="23472" inserted="23446" running="46" waiting="26" ended="23400" arrived="23400" collisions="0" teleports="0" halting="21" stopped="0" meanWaitingTime="41.33" meanTravelTime="115.67" meanSpeed="4.29" meanSpeedRelative="0.31" duration="2"/>
    <step time="42000.00" loaded="23553" inserted="23524" running="20" waiting="29" ended="23504" arrived="23504" collisions="0" teleports="0" halting="10" stopped="0" meanWaitingTime="41.52" meanTravelTime="115.73" meanSpeed="4.38" meanSpeedRelative="0.32" duration="2"/>
    <step time="42300.00" loaded="23656" inserted="23632" running="39" waiting="24" ended="23593" arrived="23593" collisions="0" teleports="0" halting="15" stopped="0" meanWaitingTime="41.76" meanTravelTime="115.59" meanSpeed="4.15" meanSpeedRelative="0.30" duration="1"/>
    <step time="42600.00" loaded="23767" inserted="23731" running="49" waiting="36" ended="23682" arrived="23682" collisions="0" teleports="0" halting="8" stopped="0" meanWaitingTime="41.97" meanTravelTime="115.56" meanSpeed="5.89" meanSpeedRelative="0.42" duration="2"/>
    <step time="42900.00" loaded="23870" inserted="23844" running="66" waiting="26" ended="23778" arrived="23778" collisions="0" teleports="0" halting="19" stopped="0" meanWaitingTime="42.22" meanTravelTime="115.69" meanSpeed="4.61" meanSpeedRelative="0.33" duration="2"/>
    <step time="43200.00" loaded="23969" inserted="23933" running="32" waiting="36" ended="23901" arrived="23901" collisions="0" teleports="0" halting="6" stopped="0" meanWaitingTime="42.36" meanTravelTime="116.02" meanSpeed="6.37" meanSpeedRelative="0.46" duration="2"/>
    <step time="43500.00" loaded="24047" inserted="24022" running="38" waiting="25" ended="23984" arrived="23984" collisions="0" teleports="0" halting="8" stopped="0" meanWaitingTime="42.52" meanTravelTime="116.02" meanSpeed="6.14" meanSpeedRelative="0.44" duration="1"/>
    <step time="43800.00" loaded="24148" inserted="24113" running="38" waiting="35" ended="24075" arrived="24075" collisions="0" teleports="0" halting="18" stopped="0" meanWaitingTime="42.72" meanTravelTime="116.03" meanSpeed="4.52" meanSpeedRelative="0.33" duration="2"/>
    <step time="44100.00" loaded="24254" inserted="24225" running="40" waiting="29" ended="24185" arrived="24185" collisions="0" teleports="0" halting="20" stopped="0" meanWaitingTime="42.93" meanTravelTime="115.97" meanSpeed="4.31" meanSpeedRelative="0.31" duration="2"/>
    <step time="44400.00" loaded="24365" inserted="24329" running="67" waiting="36" ended="24262" arrived="24262" collisions="0" teleports="0" halting="49" stopped="0" meanWaitingTime="43.16" meanTravelTime="115.89" meanSpeed="1.59" meanSpeedRelative="0.11" duration="2"/>
    <step time="44700.00" loaded="24468" inserted="24419" running="38" waiting="49" ended="24381" arrived="24381" collisions="0" teleports="0" halting="9" stopped="0" meanWaitingTime="43.50" meanTravelTime="116.34" meanSpeed="4.99" meanSpeedRelative="0.36" duration="2"/>
    <step time="45000.00" loaded="24574" inserted="24525" running="39" waiting="49" ended="24486" arrived="24486" collisions="0" teleports="0" halting="3" stopped="0" meanWaitingTime="43.84" meanTravelTime="116.38" meanSpeed="7.23" meanSpeedRelative="0.52" duration="1"/>
    <step time="45300.00" loaded="24662" inserted="24627" running="56" waiting="35" ended="24571" arrived="24571" collisions="0" teleports="0" halting="15" stopped="0" meanWaitingTime="44.16" meanTravelTime="116.49" meanSpeed="3.94" meanSpeedRelative="0.28" duration="2"/>
    <step time="45600.00" loaded="24744" inserted="24716" running="44" waiting="28" ended="24672" arrived="24672" collisions="0" teleports="0" halting="13" stopped="0" meanWaitingTime="44.40" meanTravelTime="116.67" meanSpeed="4.30" meanSpeedRelative="0.31" duration="2"/>
    <step time="45900.00" loaded="24830" inserted="24784" running="45" waiting="46" ended="24739" arrived="24739" collisions="0" teleports="0" halting="43" stopped="0" meanWaitingTime="44.60" meanTravelTime="116.70" meanSpeed="0.53" meanSpeedRelative="0.04" duration="1"/>
    <step time="46200.00" loaded="24910" inserted="24862" running="47" waiting="48" ended="24815" arrived="24815" collisions="0" teleports="0" halting="41" stopped="0" meanWaitingTime="44.82" meanTravelTime="116.55" meanSpeed="0.86" meanSpeedRelative="0.06" duration="1"/>
    <step time="46500.00" loaded="24958" inserted="24951" running="68" waiting="7" ended="24883" arrived="24883" collisions="0" teleports="0" halting="57" stopped="0" meanWaitingTime="45.14" meanTravelTime="116.43" meanSpeed="1.17" meanSpeedRelative="0.08" duration="1"/>
    <step time="46800.00" loaded="24978" inserted="24978" running="61" waiting="0" ended="24917" arrived="24917" collisions="0" teleports="0" halting="60" stopped="0" meanWaitingTime="45.17" meanTravelTime="116.36" meanSpeed="0.28" meanSpeedRelative="0.02" duration="2"/>
    <step time="47100.00" loaded="24996" inserted="24996" running="59" waiting="0" ended="24937" arrived="24937" collisions="0" teleports="0" halting="56" stopped="0" meanWaitingTime="45.13" meanTravelTime="116.29" meanSpeed="0.31" meanSpeedRelative="0.02" duration="2"/>
    <step time="47400.00" loaded="25012" inserted="25012" running="59" waiting="0" ended="24953" arrived="24953" collisions="0" teleports="0" halting="59" stopped="0" meanWaitingTime="45.11" meanTravelTime="116.24" meanSpeed="0.00" meanSpeedRelative="0.00" duration="1"/>
    <step time="47700.00" loaded="25026" inserted="25026" running="60" waiting="0" ended="24966" arrived="24966" collisions="0" teleports="0" halting="60" stopped="0" meanWaitingTime="45.08" meanTravelTime="116.20" meanSpeed="0.00" meanSpeedRelative="0.00" duration="1"/>
    <step time="48000.00" loaded="25039" inserted="25039" running="58" waiting="0" ended="24981" arrived="24981" collisions="0" teleports="0" halting="57" stopped="0" meanWaitingTime="45.06" meanTravelTime="116.16" meanSpeed="0.11" meanSpeedRelative="0.01" duration="1"/>
    <step time="48300.00" loaded="25053" inserted="25053" running="58" waiting="0" ended="24995" arrived="24995" collisions="0" teleports="0" halting="57" stopped="0" meanWaitingTime="45.03" meanTravelTime="116.12" meanSpeed="0.06" meanSpeedRelative="0.00" duration="2"/>
    <step time="48600.00" loaded="25069" inserted="25069" running="60" waiting="0" ended="25009" arrived="25009" collisions="0" teleports="0" halting="58" stopped="0" meanWaitingTime="45.00" meanTravelTime="116.07" meanSpeed="0.21" meanSpeedRelative="0.01" duration="2"/>
    <step time="48900.00" loaded="25084" inserted="25084" running="65" waiting="0" ended="25019" arrived="25019" collisions="0" teleports="0" halting="64" stopped="0" meanWaitingTime="44.98" meanTravelTime="116.03" meanSpeed="0.05" meanSpeedRelative="0.00" duration="1"/>
    <step time="49200.00" loaded="25093" inserted="25093" running="59" waiting="0" ended="25034" arrived="25034" collisions="0" teleports="0" halting="59" stopped="0" meanWaitingTime="44.96" meanTravelTime="116.00" meanSpeed="0.00" meanSpeedRelative="0.00" duration="2"/>
</summary>
