<?xml version="1.0" encoding="UTF-8"?>

<!-- generated on 2025-02-28 15:51:10 by Eclipse SUMO GUI Version 1.19.0
<configuration xmlns:xsi="http://www.w3.org/2001/XMLSchema-instance" xsi:noNamespaceSchemaLocation="http://sumo.dlr.de/xsd/sumoConfiguration.xsd">

    <input>
        <net-file value="Network.net.xml"/>
        <route-files value="CarRoutes.rou.xml"/>
        <additional-files value="Sensors.add.xml"/>
    </input>

    <output>
        <emission-output value="logs/Emissions.xml"/>
        <summary-output value="logs/Log_summary.xml"/>
        <summary-output.period value="300"/>
        <tripinfo-output value="logs/TripInfos.xml"/>
    </output>

    <time>
        <begin value="0"/>
        <end value="86400"/>
        <step-length value="0.25"/>
    </time>

    <processing>
        <ignore-junction-blocker value="0.1"/>
        <time-to-teleport value="-1"/>
    </processing>

    <report>
        <verbose value="true"/>
        <no-step-log value="true"/>
    </report>

    <emissions>
        <device.emissions.period value="10"/>
    </emissions>

    <traci_server>
        <remote-port value="56592"/>
    </traci_server>

    <gui_only>
        <quit-on-end value="true"/>
        <start value="true"/>
    </gui_only>

</configuration>
-->

<instantE1 xmlns:xsi="http://www.w3.org/2001/XMLSchema-instance" xsi:noNamespaceSchemaLocation="http://sumo.dlr.de/xsd/instant_e1_file.xsd">
    <instantOut id="235_D025" time="3288.22" state="enter" vehID="Car_1509" speed="9.21" length="5.00" type="DEFAULT_CAR"/>
    <instantOut id="235_D025" time="3288.25" state="stay" vehID="Car_1509" speed="9.21" length="5.00" type="DEFAULT_CAR"/>
    <instantOut id="235_D025" time="3288.50" state="stay" vehID="Car_1509" speed="8.64" length="5.00" type="DEFAULT_CAR"/>
    <instantOut id="235_D025" time="3288.75" state="stay" vehID="Car_1509" speed="7.89" length="5.00" type="DEFAULT_CAR"/>
    <instantOut id="235_D025" time="3288.84" state="leave" vehID="Car_1509" speed="7.14" length="5.00" type="DEFAULT_CAR" occupancy="0.61"/>
    <instantOut id="235_D025" time="4636.94" state="enter" vehID="Car_2403" speed="7.27" length="5.00" type="DEFAULT_CAR" gap="1348.10"/>
    <instantOut id="235_D025" time="4637.00" state="stay" vehID="Car_2403" speed="7.27" length="5.00" type="DEFAULT_CAR"/>
    <instantOut id="235_D025" time="4637.25" state="stay" vehID="Car_2403" speed="7.83" length="5.00" type="DEFAULT_CAR"/>
    <instantOut id="235_D025" time="4637.50" state="stay" vehID="Car_2403" speed="7.89" length="5.00" type="DEFAULT_CAR"/>
    <instantOut id="235_D025" time="4637.58" state="leave" vehID="Car_2403" speed="7.17" length="5.00" type="DEFAULT_CAR" occupancy="0.65"/>
    <instantOut id="235_D025" time="6693.24" state="enter" vehID="Car_3799" speed="9.01" length="5.00" type="DEFAULT_CAR" gap="2055.65"/>
    <instantOut id="235_D025" time="6693.25" state="stay" vehID="Car_3799" speed="9.01" length="5.00" type="DEFAULT_CAR"/>
    <instantOut id="235_D025" time="6693.50" state="stay" vehID="Car_3799" speed="8.26" length="5.00" type="DEFAULT_CAR"/>
    <instantOut id="235_D025" time="6693.75" state="stay" vehID="Car_3799" speed="7.51" length="5.00" type="DEFAULT_CAR"/>
    <instantOut id="235_D025" time="6693.89" state="leave" vehID="Car_3799" speed="6.76" length="5.00" type="DEFAULT_CAR" occupancy="0.65"/>
    <instantOut id="235_D025" time="7509.02" state="enter" vehID="Car_4037" speed="7.65" length="5.00" type="DEFAULT_CAR" gap="815.13"/>
    <instantOut id="235_D025" time="7509.25" state="stay" vehID="Car_4037" speed="7.65" length="5.00" type="DEFAULT_CAR"/>
    <instantOut id="235_D025" time="7509.50" state="stay" vehID="Car_4037" speed="6.90" length="5.00" type="DEFAULT_CAR"/>
    <instantOut id="235_D025" time="7509.74" state="leave" vehID="Car_4037" speed="6.24" length="5.00" type="DEFAULT_CAR" occupancy="0.72"/>
    <instantOut id="235_D025" time="7960.72" state="enter" vehID="Car_4698" speed="10.16" length="5.00" type="DEFAULT_CAR" gap="450.98"/>
    <instantOut id="235_D025" time="7960.75" state="stay" vehID="Car_4698" speed="10.16" length="5.00" type="DEFAULT_CAR"/>
    <instantOut id="235_D025" time="7961.00" state="stay" vehID="Car_4698" speed="10.67" length="5.00" type="DEFAULT_CAR"/>
    <instantOut id="235_D025" time="7961.18" state="leave" vehID="Car_4698" speed="11.09" length="5.00" type="DEFAULT_CAR" occupancy="0.46"/>
    <instantOut id="235_D025" time="10333.43" state="enter" vehID="Car_5726" speed="9.97" length="5.00" type="DEFAULT_CAR" gap="2372.25"/>
    <instantOut id="235_D025" time="10333.50" state="stay" vehID="Car_5726" speed="9.97" length="5.00" type="DEFAULT_CAR"/>
    <instantOut id="235_D025" time="10333.75" state="stay" vehID="Car_5726" speed="9.35" length="5.00" type="DEFAULT_CAR"/>
    <instantOut id="235_D025" time="10333.98" state="leave" vehID="Car_5726" speed="8.75" length="5.00" type="DEFAULT_CAR" occupancy="0.54"/>
    <instantOut id="235_D025" time="11621.25" state="enter" vehID="Car_6484" speed="8.72" length="5.00" type="DEFAULT_CAR" gap="1287.27"/>
    <instantOut id="235_D025" time="11621.25" state="stay" vehID="Car_6484" speed="8.72" length="5.00" type="DEFAULT_CAR"/>
    <instantOut id="235_D025" time="11621.50" state="stay" vehID="Car_6484" speed="8.39" length="5.00" type="DEFAULT_CAR"/>
    <instantOut id="235_D025" time="11621.75" state="stay" vehID="Car_6484" speed="7.64" length="5.00" type="DEFAULT_CAR"/>
    <instantOut id="235_D025" time="11621.89" state="leave" vehID="Car_6484" speed="6.89" length="5.00" type="DEFAULT_CAR" occupancy="0.64"/>
    <instantOut id="235_D025" time="13928.75" state="enter" vehID="Car_7490" speed="8.89" length="5.00" type="DEFAULT_CAR" gap="2306.86"/>
    <instantOut id="235_D025" time="13928.75" state="stay" vehID="Car_7490" speed="8.89" length="5.00" type="DEFAULT_CAR"/>
    <instantOut id="235_D025" time="13929.00" state="stay" vehID="Car_7490" speed="8.35" length="5.00" type="DEFAULT_CAR"/>
    <instantOut id="235_D025" time="13929.25" state="stay" vehID="Car_7490" speed="7.60" length="5.00" type="DEFAULT_CAR"/>
    <instantOut id="235_D025" time="13929.39" state="leave" vehID="Car_7490" speed="6.91" length="5.00" type="DEFAULT_CAR" occupancy="0.65"/>
    <instantOut id="235_D025" time="14898.32" state="enter" vehID="Car_8013" speed="7.21" length="5.00" type="DEFAULT_CAR" gap="968.92"/>
    <instantOut id="235_D025" time="14898.50" state="stay" vehID="Car_8013" speed="7.21" length="5.00" type="DEFAULT_CAR"/>
    <instantOut id="235_D025" time="14898.75" state="stay" vehID="Car_8013" speed="6.46" length="5.00" type="DEFAULT_CAR"/>
    <instantOut id="235_D025" time="14899.00" state="stay" vehID="Car_8013" speed="5.77" length="5.00" type="DEFAULT_CAR"/>
    <instantOut id="235_D025" time="14899.11" state="leave" vehID="Car_8013" speed="5.56" length="5.00" type="DEFAULT_CAR" occupancy="0.79"/>
    <instantOut id="235_D025" time="14900.34" state="enter" vehID="Car_8012" speed="5.23" length="5.00" type="DEFAULT_CAR" gap="1.23"/>
    <instantOut id="235_D025" time="14900.50" state="stay" vehID="Car_8012" speed="5.23" length="5.00" type="DEFAULT_CAR"/>
    <instantOut id="235_D025" time="14900.75" state="stay" vehID="Car_8012" speed="5.37" length="5.00" type="DEFAULT_CAR"/>
    <instantOut id="235_D025" time="14901.00" state="stay" vehID="Car_8012" speed="5.19" length="5.00" type="DEFAULT_CAR"/>
    <instantOut id="235_D025" time="14901.25" state="stay" vehID="Car_8012" speed="5.21" length="5.00" type="DEFAULT_CAR"/>
    <instantOut id="235_D025" time="14901.30" state="leave" vehID="Car_8012" speed="4.97" length="5.00" type="DEFAULT_CAR" occupancy="0.95"/>
    <instantOut id="235_D025" time="15138.98" state="enter" vehID="Car_8282" speed="8.65" length="5.00" type="DEFAULT_CAR" gap="237.69"/>
    <instantOut id="235_D025" time="15139.00" state="stay" vehID="Car_8282" speed="8.65" length="5.00" type="DEFAULT_CAR"/>
    <instantOut id="235_D025" time="15139.25" state="stay" vehID="Car_8282" speed="7.90" length="5.00" type="DEFAULT_CAR"/>
    <instantOut id="235_D025" time="15139.50" state="stay" vehID="Car_8282" speed="7.47" length="5.00" type="DEFAULT_CAR"/>
    <instantOut id="235_D025" time="15139.64" state="leave" vehID="Car_8282" speed="7.13" length="5.00" type="DEFAULT_CAR" occupancy="0.66"/>
    <instantOut id="235_D025" time="15342.98" state="enter" vehID="Car_8667" speed="6.87" length="5.00" type="DEFAULT_CAR" gap="203.34"/>
    <instantOut id="235_D025" time="15343.00" state="stay" vehID="Car_8667" speed="6.87" length="5.00" type="DEFAULT_CAR"/>
    <instantOut id="235_D025" time="15343.25" state="stay" vehID="Car_8667" speed="7.82" length="5.00" type="DEFAULT_CAR"/>
    <instantOut id="235_D025" time="15343.50" state="stay" vehID="Car_8667" speed="7.07" length="5.00" type="DEFAULT_CAR"/>
    <instantOut id="235_D025" time="15343.68" state="leave" vehID="Car_8667" speed="6.32" length="5.00" type="DEFAULT_CAR" occupancy="0.70"/>
    <instantOut id="235_D025" time="17511.20" state="enter" vehID="Car_9704" speed="9.81" length="5.00" type="DEFAULT_CAR" gap="2167.52"/>
    <instantOut id="235_D025" time="17511.25" state="stay" vehID="Car_9704" speed="9.81" length="5.00" type="DEFAULT_CAR"/>
    <instantOut id="235_D025" time="17511.50" state="stay" vehID="Car_9704" speed="9.64" length="5.00" type="DEFAULT_CAR"/>
    <instantOut id="235_D025" time="17511.73" state="leave" vehID="Car_9704" speed="9.16" length="5.00" type="DEFAULT_CAR" occupancy="0.53"/>
    <instantOut id="235_D025" time="17556.23" state="enter" vehID="Car_9924" speed="9.60" length="5.00" type="DEFAULT_CAR" gap="44.50"/>
    <instantOut id="235_D025" time="17556.25" state="stay" vehID="Car_9924" speed="9.60" length="5.00" type="DEFAULT_CAR"/>
    <instantOut id="235_D025" time="17556.50" state="stay" vehID="Car_9924" speed="9.80" length="5.00" type="DEFAULT_CAR"/>
    <instantOut id="235_D025" time="17556.75" state="stay" vehID="Car_9924" speed="9.05" length="5.00" type="DEFAULT_CAR"/>
    <instantOut id="235_D025" time="17556.76" state="leave" vehID="Car_9924" speed="8.30" length="5.00" type="DEFAULT_CAR" occupancy="0.53"/>
    <instantOut id="235_D025" time="18740.99" state="enter" vehID="Car_10215" speed="10.05" length="5.00" type="DEFAULT_CAR" gap="1184.23"/>
    <instantOut id="235_D025" time="18741.00" state="stay" vehID="Car_10215" speed="10.05" length="5.00" type="DEFAULT_CAR"/>
    <instantOut id="235_D025" time="18741.25" state="stay" vehID="Car_10215" speed="10.61" length="5.00" type="DEFAULT_CAR"/>
    <instantOut id="235_D025" time="18741.45" state="leave" vehID="Car_10215" speed="11.31" length="5.00" type="DEFAULT_CAR" occupancy="0.46"/>
    <instantOut id="235_D025" time="19309.71" state="enter" vehID="Car_10871" speed="9.67" length="5.00" type="DEFAULT_CAR" gap="568.26"/>
    <instantOut id="235_D025" time="19309.75" state="stay" vehID="Car_10871" speed="9.67" length="5.00" type="DEFAULT_CAR"/>
    <instantOut id="235_D025" time="19310.00" state="stay" vehID="Car_10871" speed="10.33" length="5.00" type="DEFAULT_CAR"/>
    <instantOut id="235_D025" time="19310.19" state="leave" vehID="Car_10871" speed="10.46" length="5.00" type="DEFAULT_CAR" occupancy="0.48"/>
    <instantOut id="235_D025" time="20574.50" state="enter" vehID="Car_11117" speed="8.61" length="5.00" type="DEFAULT_CAR" gap="1264.30"/>
    <instantOut id="235_D025" time="20574.50" state="stay" vehID="Car_11117" speed="8.61" length="5.00" type="DEFAULT_CAR"/>
    <instantOut id="235_D025" time="20574.75" state="stay" vehID="Car_11117" speed="7.86" length="5.00" type="DEFAULT_CAR"/>
    <instantOut id="235_D025" time="20575.00" state="stay" vehID="Car_11117" speed="7.11" length="5.00" type="DEFAULT_CAR"/>
    <instantOut id="235_D025" time="20575.19" state="leave" vehID="Car_11117" speed="6.36" length="5.00" type="DEFAULT_CAR" occupancy="0.70"/>
    <instantOut id="235_D025" time="20724.90" state="enter" vehID="Car_12055" speed="10.45" length="5.00" type="DEFAULT_CAR" gap="149.71"/>
    <instantOut id="235_D025" time="20725.00" state="stay" vehID="Car_12055" speed="10.45" length="5.00" type="DEFAULT_CAR"/>
    <instantOut id="235_D025" time="20725.25" state="stay" vehID="Car_12055" speed="9.83" length="5.00" type="DEFAULT_CAR"/>
    <instantOut id="235_D025" time="20725.41" state="leave" vehID="Car_12055" speed="9.16" length="5.00" type="DEFAULT_CAR" occupancy="0.51"/>
    <instantOut id="235_D025" time="21065.01" state="enter" vehID="Car_12121" speed="7.41" length="5.00" type="DEFAULT_CAR" gap="339.59"/>
    <instantOut id="235_D025" time="21065.25" state="stay" vehID="Car_12121" speed="7.41" length="5.00" type="DEFAULT_CAR"/>
    <instantOut id="235_D025" time="21065.50" state="stay" vehID="Car_12121" speed="6.66" length="5.00" type="DEFAULT_CAR"/>
    <instantOut id="235_D025" time="21065.75" state="stay" vehID="Car_12121" speed="5.91" length="5.00" type="DEFAULT_CAR"/>
    <instantOut id="235_D025" time="21065.76" state="leave" vehID="Car_12121" speed="5.16" length="5.00" type="DEFAULT_CAR" occupancy="0.75"/>
    <instantOut id="235_D025" time="22073.21" state="enter" vehID="Car_12396" speed="9.26" length="5.00" type="DEFAULT_CAR" gap="1007.45"/>
    <instantOut id="235_D025" time="22073.25" state="stay" vehID="Car_12396" speed="9.26" length="5.00" type="DEFAULT_CAR"/>
    <instantOut id="235_D025" time="22073.50" state="stay" vehID="Car_12396" speed="8.51" length="5.00" type="DEFAULT_CAR"/>
    <instantOut id="235_D025" time="22073.75" state="stay" vehID="Car_12396" speed="8.03" length="5.00" type="DEFAULT_CAR"/>
    <instantOut id="235_D025" time="22073.82" state="leave" vehID="Car_12396" speed="7.28" length="5.00" type="DEFAULT_CAR" occupancy="0.61"/>
    <instantOut id="235_D025" time="24337.94" state="enter" vehID="Car_13908" speed="7.18" length="5.00" type="DEFAULT_CAR" gap="2264.12"/>
    <instantOut id="235_D025" time="24338.00" state="stay" vehID="Car_13908" speed="7.18" length="5.00" type="DEFAULT_CAR"/>
    <instantOut id="235_D025" time="24338.25" state="stay" vehID="Car_13908" speed="8.11" length="5.00" type="DEFAULT_CAR"/>
    <instantOut id="235_D025" time="24338.50" state="stay" vehID="Car_13908" speed="8.96" length="5.00" type="DEFAULT_CAR"/>
    <instantOut id="235_D025" time="24338.53" state="leave" vehID="Car_13908" speed="9.73" length="5.00" type="DEFAULT_CAR" occupancy="0.59"/>
    <instantOut id="235_D025" time="24501.96" state="enter" vehID="Car_13993" speed="6.91" length="5.00" type="DEFAULT_CAR" gap="163.43"/>
    <instantOut id="235_D025" time="24502.00" state="stay" vehID="Car_13993" speed="6.91" length="5.00" type="DEFAULT_CAR"/>
    <instantOut id="235_D025" time="24502.25" state="stay" vehID="Car_13993" speed="7.51" length="5.00" type="DEFAULT_CAR"/>
    <instantOut id="235_D025" time="24502.50" state="stay" vehID="Car_13993" speed="8.10" length="5.00" type="DEFAULT_CAR"/>
    <instantOut id="235_D025" time="24502.60" state="leave" vehID="Car_13993" speed="8.04" length="5.00" type="DEFAULT_CAR" occupancy="0.64"/>
    <instantOut id="235_D025" time="26249.21" state="enter" vehID="Car_15628" speed="9.74" length="5.00" type="DEFAULT_CAR" gap="1746.61"/>
    <instantOut id="235_D025" time="26249.25" state="stay" vehID="Car_15628" speed="9.74" length="5.00" type="DEFAULT_CAR"/>
    <instantOut id="235_D025" time="26249.50" state="stay" vehID="Car_15628" speed="9.34" length="5.00" type="DEFAULT_CAR"/>
    <instantOut id="235_D025" time="26249.75" state="stay" vehID="Car_15628" speed="8.59" length="5.00" type="DEFAULT_CAR"/>
    <instantOut id="235_D025" time="26249.77" state="leave" vehID="Car_15628" speed="8.08" length="5.00" type="DEFAULT_CAR" occupancy="0.56"/>
    <instantOut id="235_D025" time="27085.90" state="enter" vehID="Car_15243" speed="7.97" length="5.00" type="DEFAULT_CAR" gap="836.13"/>
    <instantOut id="235_D025" time="27086.00" state="stay" vehID="Car_15243" speed="7.97" length="5.00" type="DEFAULT_CAR"/>
    <instantOut id="235_D025" time="27086.25" state="stay" vehID="Car_15243" speed="7.28" length="5.00" type="DEFAULT_CAR"/>
    <instantOut id="235_D025" time="27086.50" state="stay" vehID="Car_15243" speed="6.61" length="5.00" type="DEFAULT_CAR"/>
    <instantOut id="235_D025" time="27086.63" state="leave" vehID="Car_15243" speed="5.86" length="5.00" type="DEFAULT_CAR" occupancy="0.73"/>
    <instantOut id="235_D025" time="27127.97" state="enter" vehID="Car_15771" speed="9.83" length="5.00" type="DEFAULT_CAR" gap="41.34"/>
    <instantOut id="235_D025" time="27128.00" state="stay" vehID="Car_15771" speed="9.83" length="5.00" type="DEFAULT_CAR"/>
    <instantOut id="235_D025" time="27128.25" state="stay" vehID="Car_15771" speed="9.08" length="5.00" type="DEFAULT_CAR"/>
    <instantOut id="235_D025" time="27128.50" state="stay" vehID="Car_15771" speed="8.33" length="5.00" type="DEFAULT_CAR"/>
    <instantOut id="235_D025" time="27128.54" state="leave" vehID="Car_15771" speed="7.62" length="5.00" type="DEFAULT_CAR" occupancy="0.57"/>
    <instantOut id="235_D025" time="28033.93" state="enter" vehID="Car_17004" speed="7.02" length="5.00" type="DEFAULT_CAR" gap="905.39"/>
    <instantOut id="235_D025" time="28034.00" state="stay" vehID="Car_17004" speed="7.02" length="5.00" type="DEFAULT_CAR"/>
    <instantOut id="235_D025" time="28034.25" state="stay" vehID="Car_17004" speed="6.27" length="5.00" type="DEFAULT_CAR"/>
    <instantOut id="235_D025" time="28034.50" state="stay" vehID="Car_17004" speed="5.71" length="5.00" type="DEFAULT_CAR"/>
    <instantOut id="235_D025" time="28034.75" state="stay" vehID="Car_17004" speed="4.96" length="5.00" type="DEFAULT_CAR"/>
    <instantOut id="235_D025" time="28034.82" state="leave" vehID="Car_17004" speed="4.21" length="5.00" type="DEFAULT_CAR" occupancy="0.89"/>
    <instantOut id="235_D025" time="28824.69" state="enter" vehID="Car_17297" speed="9.46" length="5.00" type="DEFAULT_CAR" gap="789.87"/>
    <instantOut id="235_D025" time="28824.75" state="stay" vehID="Car_17297" speed="9.46" length="5.00" type="DEFAULT_CAR"/>
    <instantOut id="235_D025" time="28825.00" state="stay" vehID="Car_17297" speed="9.02" length="5.00" type="DEFAULT_CAR"/>
    <instantOut id="235_D025" time="28825.25" state="stay" vehID="Car_17297" speed="8.27" length="5.00" type="DEFAULT_CAR"/>
    <instantOut id="235_D025" time="28825.27" state="leave" vehID="Car_17297" speed="7.52" length="5.00" type="DEFAULT_CAR" occupancy="0.57"/>
    <instantOut id="235_D025" time="34207.24" state="enter" vehID="Car_20763" speed="8.48" length="5.00" type="DEFAULT_CAR" gap="5381.97"/>
    <instantOut id="235_D025" time="34207.25" state="stay" vehID="Car_20763" speed="8.48" length="5.00" type="DEFAULT_CAR"/>
    <instantOut id="235_D025" time="34207.50" state="stay" vehID="Car_20763" speed="7.93" length="5.00" type="DEFAULT_CAR"/>
    <instantOut id="235_D025" time="34207.75" state="stay" vehID="Car_20763" speed="7.38" length="5.00" type="DEFAULT_CAR"/>
    <instantOut id="235_D025" time="34207.91" state="leave" vehID="Car_20763" speed="6.80" length="5.00" type="DEFAULT_CAR" occupancy="0.67"/>
    <instantOut id="235_D025" time="35323.72" state="enter" vehID="Car_21252" speed="9.16" length="5.00" type="DEFAULT_CAR" gap="1115.81"/>
    <instantOut id="235_D025" time="35323.75" state="stay" vehID="Car_21252" speed="9.16" length="5.00" type="DEFAULT_CAR"/>
    <instantOut id="235_D025" time="35324.00" state="stay" vehID="Car_21252" speed="8.58" length="5.00" type="DEFAULT_CAR"/>
    <instantOut id="235_D025" time="35324.25" state="stay" vehID="Car_21252" speed="7.83" length="5.00" type="DEFAULT_CAR"/>
    <instantOut id="235_D025" time="35324.33" state="leave" vehID="Car_21252" speed="7.08" length="5.00" type="DEFAULT_CAR" occupancy="0.62"/>
    <instantOut id="235_D025" time="36780.96" state="enter" vehID="Car_21538" speed="9.82" length="5.00" type="DEFAULT_CAR" gap="1456.62"/>
    <instantOut id="235_D025" time="36781.00" state="stay" vehID="Car_21538" speed="9.82" length="5.00" type="DEFAULT_CAR"/>
    <instantOut id="235_D025" time="36781.25" state="stay" vehID="Car_21538" speed="9.07" length="5.00" type="DEFAULT_CAR"/>
    <instantOut id="235_D025" time="36781.50" state="stay" vehID="Car_21538" speed="8.47" length="5.00" type="DEFAULT_CAR"/>
    <instantOut id="235_D025" time="36781.52" state="leave" vehID="Car_21538" speed="7.72" length="5.00" type="DEFAULT_CAR" occupancy="0.57"/>
    <instantOut id="235_D025" time="37436.00" state="enter" vehID="Car_22092" speed="8.27" length="5.00" type="DEFAULT_CAR" gap="654.47"/>
    <instantOut id="235_D025" time="37436.00" state="stay" vehID="Car_22092" speed="8.27" length="5.00" type="DEFAULT_CAR"/>
    <instantOut id="235_D025" time="37436.25" state="stay" vehID="Car_22092" speed="7.52" length="5.00" type="DEFAULT_CAR"/>
    <instantOut id="235_D025" time="37436.50" state="stay" vehID="Car_22092" speed="7.17" length="5.00" type="DEFAULT_CAR"/>
    <instantOut id="235_D025" time="37436.71" state="leave" vehID="Car_22092" speed="6.42" length="5.00" type="DEFAULT_CAR" occupancy="0.71"/>
    <instantOut id="235_D025" time="38900.72" state="enter" vehID="Car_22849" speed="8.87" length="5.00" type="DEFAULT_CAR" gap="1464.01"/>
    <instantOut id="235_D025" time="38900.75" state="stay" vehID="Car_22849" speed="8.87" length="5.00" type="DEFAULT_CAR"/>
    <instantOut id="235_D025" time="38901.00" state="stay" vehID="Car_22849" speed="8.12" length="5.00" type="DEFAULT_CAR"/>
    <instantOut id="235_D025" time="38901.25" state="stay" vehID="Car_22849" speed="7.37" length="5.00" type="DEFAULT_CAR"/>
    <instantOut id="235_D025" time="38901.38" state="leave" vehID="Car_22849" speed="6.62" length="5.00" type="DEFAULT_CAR" occupancy="0.66"/>
    <instantOut id="235_D025" time="40912.21" state="enter" vehID="Car_23214" speed="9.86" length="5.00" type="DEFAULT_CAR" gap="2010.83"/>
    <instantOut id="235_D025" time="40912.25" state="stay" vehID="Car_23214" speed="9.86" length="5.00" type="DEFAULT_CAR"/>
    <instantOut id="235_D025" time="40912.50" state="stay" vehID="Car_23214" speed="10.47" length="5.00" type="DEFAULT_CAR"/>
    <instantOut id="235_D025" time="40912.68" state="leave" vehID="Car_23214" speed="11.16" length="5.00" type="DEFAULT_CAR" occupancy="0.47"/>
    <instantOut id="235_D025" time="41256.54" state="enter" vehID="Car_23205" speed="7.12" length="5.00" type="DEFAULT_CAR" gap="343.86"/>
    <instantOut id="235_D025" time="41256.75" state="stay" vehID="Car_23205" speed="7.12" length="5.00" type="DEFAULT_CAR"/>
    <instantOut id="235_D025" time="41257.00" state="stay" vehID="Car_23205" speed="6.37" length="5.00" type="DEFAULT_CAR"/>
    <instantOut id="235_D025" time="41257.25" state="stay" vehID="Car_23205" speed="5.74" length="5.00" type="DEFAULT_CAR"/>
    <instantOut id="235_D025" time="41257.34" state="leave" vehID="Car_23205" speed="4.99" length="5.00" type="DEFAULT_CAR" occupancy="0.81"/>
    <instantOut id="235_D025" time="42983.05" state="enter" vehID="Car_23778" speed="7.54" length="5.00" type="DEFAULT_CAR" gap="1725.71"/>
    <instantOut id="235_D025" time="42983.25" state="stay" vehID="Car_23778" speed="7.54" length="5.00" type="DEFAULT_CAR"/>
    <instantOut id="235_D025" time="42983.50" state="stay" vehID="Car_23778" speed="6.79" length="5.00" type="DEFAULT_CAR"/>
    <instantOut id="235_D025" time="42983.75" state="stay" vehID="Car_23778" speed="6.05" length="5.00" type="DEFAULT_CAR"/>
    <instantOut id="235_D025" time="42983.81" state="leave" vehID="Car_23778" speed="5.30" length="5.00" type="DEFAULT_CAR" occupancy="0.75"/>
    <instantOut id="235_D025" time="43999.11" state="enter" vehID="Car_24417" speed="6.26" length="5.00" type="DEFAULT_CAR" gap="1015.30"/>
    <instantOut id="235_D025" time="43999.25" state="stay" vehID="Car_24417" speed="6.26" length="5.00" type="DEFAULT_CAR"/>
    <instantOut id="235_D025" time="43999.50" state="stay" vehID="Car_24417" speed="5.66" length="5.00" type="DEFAULT_CAR"/>
    <instantOut id="235_D025" time="43999.75" state="stay" vehID="Car_24417" speed="4.94" length="5.00" type="DEFAULT_CAR"/>
    <instantOut id="235_D025" time="44000.00" state="stay" vehID="Car_24417" speed="4.85" length="5.00" type="DEFAULT_CAR"/>
    <instantOut id="235_D025" time="44000.06" state="leave" vehID="Car_24417" speed="4.10" length="5.00" type="DEFAULT_CAR" occupancy="0.95"/>
    <instantOut id="235_D025" time="44674.45" state="enter" vehID="Car_24532" speed="10.04" length="5.00" type="DEFAULT_CAR" gap="674.39"/>
    <instantOut id="235_D025" time="44674.50" state="stay" vehID="Car_24532" speed="10.04" length="5.00" type="DEFAULT_CAR"/>
    <instantOut id="235_D025" time="44674.75" state="stay" vehID="Car_24532" speed="9.40" length="5.00" type="DEFAULT_CAR"/>
    <instantOut id="235_D025" time="44674.99" state="leave" vehID="Car_24532" speed="8.87" length="5.00" type="DEFAULT_CAR" occupancy="0.54"/>
</instantE1>
