<?xml version="1.0" encoding="UTF-8"?>

<!-- generated on 2025-02-28 19:58:08 by Eclipse SUMO sumo Version 1.19.0
<configuration xmlns:xsi="http://www.w3.org/2001/XMLSchema-instance" xsi:noNamespaceSchemaLocation="http://sumo.dlr.de/xsd/sumoConfiguration.xsd">

    <input>
        <net-file value="Network.net.xml"/>
        <route-files value="CarRoutes.rou.xml"/>
        <additional-files value="Sensors.add.xml"/>
    </input>

    <output>
        <emission-output value="logs/Emissions.xml"/>
        <summary-output value="logs/Log_summary.xml"/>
        <summary-output.period value="300"/>
        <tripinfo-output value="logs/TripInfos.xml"/>
    </output>

    <time>
        <begin value="0"/>
        <end value="86400"/>
        <step-length value="0.25"/>
    </time>

    <processing>
        <ignore-junction-blocker value="0.1"/>
        <time-to-teleport value="-1"/>
    </processing>

    <report>
        <verbose value="true"/>
        <no-step-log value="true"/>
    </report>

    <emissions>
        <device.emissions.period value="10"/>
    </emissions>

    <traci_server>
        <remote-port value="59665"/>
    </traci_server>

    <gui_only>
        <quit-on-end value="true"/>
        <start value="true"/>
    </gui_only>

</configuration>
-->

<summary xmlns:xsi="http://www.w3.org/2001/XMLSchema-instance" xsi:noNamespaceSchemaLocation="http://sumo.dlr.de/xsd/summary_file.xsd">
    <step time="0.00" loaded="0" inserted="0" running="0" waiting="0" ended="0" arrived="0" collisions="0" teleports="0" halting="0" stopped="0" meanWaitingTime="-1.00" meanTravelTime="-1.00" meanSpeed="-1.00" meanSpeedRelative="-1.00" duration="0"/>
    <step time="300.00" loaded="211" inserted="198" running="92" waiting="13" ended="106" arrived="106" collisions="0" teleports="0" halting="45" stopped="0" meanWaitingTime="13.86" meanTravelTime="76.44" meanSpeed="3.71" meanSpeedRelative="0.27" duration="3"/>
    <step time="600.00" loaded="371" inserted="361" running="66" waiting="10" ended="295" arrived="295" collisions="0" teleports="0" halting="19" stopped="0" meanWaitingTime="12.22" meanTravelTime="115.11" meanSpeed="5.35" meanSpeedRelative="0.39" duration="3"/>
    <step time="900.00" loaded="526" inserted="516" running="60" waiting="10" ended="456" arrived="456" collisions="0" teleports="0" halting="31" stopped="0" meanWaitingTime="11.79" meanTravelTime="119.85" meanSpeed="4.31" meanSpeedRelative="0.31" duration="2"/>
    <step time="1200.00" loaded="701" inserted="686" running="55" waiting="15" ended="631" arrived="631" collisions="0" teleports="0" halting="8" stopped="0" meanWaitingTime="15.14" meanTravelTime="116.67" meanSpeed="8.48" meanSpeedRelative="0.61" duration="2"/>
    <step time="1500.00" loaded="863" inserted="843" running="55" waiting="20" ended="788" arrived="788" collisions="0" teleports="0" halting="16" stopped="0" meanWaitingTime="16.48" meanTravelTime="114.54" meanSpeed="4.54" meanSpeedRelative="0.33" duration="2"/>
    <step time="1800.00" loaded="1024" inserted="1005" running="64" waiting="19" ended="941" arrived="941" collisions="0" teleports="0" halting="17" stopped="0" meanWaitingTime="19.59" meanTravelTime="114.05" meanSpeed="5.22" meanSpeedRelative="0.38" duration="2"/>
    <step time="2100.00" loaded="1182" inserted="1167" running="67" waiting="15" ended="1100" arrived="1100" collisions="0" teleports="0" halting="41" stopped="0" meanWaitingTime="18.54" meanTravelTime="112.64" meanSpeed="3.67" meanSpeedRelative="0.26" duration="3"/>
    <step time="2400.00" loaded="1328" inserted="1312" running="37" waiting="16" ended="1275" arrived="1275" collisions="0" teleports="0" halting="17" stopped="0" meanWaitingTime="18.51" meanTravelTime="112.75" meanSpeed="4.99" meanSpeedRelative="0.36" duration="2"/>
    <step time="2700.00" loaded="1471" inserted="1470" running="43" waiting="1" ended="1427" arrived="1427" collisions="0" teleports="0" halting="9" stopped="0" meanWaitingTime="18.39" meanTravelTime="109.99" meanSpeed="5.29" meanSpeedRelative="0.38" duration="1"/>
    <step time="3000.00" loaded="1630" inserted="1623" running="46" waiting="7" ended="1577" arrived="1577" collisions="0" teleports="0" halting="21" stopped="0" meanWaitingTime="17.19" meanTravelTime="110.92" meanSpeed="4.21" meanSpeedRelative="0.30" duration="1"/>
    <step time="3300.00" loaded="1800" inserted="1779" running="64" waiting="21" ended="1715" arrived="1715" collisions="0" teleports="0" halting="8" stopped="0" meanWaitingTime="17.87" meanTravelTime="110.23" meanSpeed="6.83" meanSpeedRelative="0.49" duration="1"/>
    <step time="3600.00" loaded="1931" inserted="1916" running="41" waiting="15" ended="1875" arrived="1875" collisions="0" teleports="0" halting="15" stopped="0" meanWaitingTime="19.45" meanTravelTime="110.04" meanSpeed="4.90" meanSpeedRelative="0.35" duration="2"/>
    <step time="3900.00" loaded="2096" inserted="2096" running="77" waiting="0" ended="2019" arrived="2019" collisions="0" teleports="0" halting="35" stopped="0" meanWaitingTime="18.68" meanTravelTime="109.95" meanSpeed="4.10" meanSpeedRelative="0.31" duration="3"/>
    <step time="4200.00" loaded="2228" inserted="2223" running="36" waiting="5" ended="2187" arrived="2187" collisions="0" teleports="0" halting="7" stopped="0" meanWaitingTime="18.77" meanTravelTime="109.85" meanSpeed="7.14" meanSpeedRelative="0.51" duration="2"/>
    <step time="4500.00" loaded="2403" inserted="2402" running="84" waiting="1" ended="2318" arrived="2318" collisions="0" teleports="0" halting="41" stopped="0" meanWaitingTime="17.99" meanTravelTime="108.33" meanSpeed="3.05" meanSpeedRelative="0.22" duration="3"/>
    <step time="4800.00" loaded="2559" inserted="2553" running="45" waiting="6" ended="2508" arrived="2508" collisions="0" teleports="0" halting="20" stopped="0" meanWaitingTime="17.18" meanTravelTime="109.70" meanSpeed="4.24" meanSpeedRelative="0.30" duration="2"/>
    <step time="5100.00" loaded="2726" inserted="2716" running="60" waiting="10" ended="2656" arrived="2656" collisions="0" teleports="0" halting="14" stopped="0" meanWaitingTime="17.76" meanTravelTime="108.94" meanSpeed="4.96" meanSpeedRelative="0.36" duration="3"/>
    <step time="5400.00" loaded="2879" inserted="2877" running="49" waiting="2" ended="2828" arrived="2828" collisions="0" teleports="0" halting="12" stopped="0" meanWaitingTime="17.55" meanTravelTime="108.65" meanSpeed="6.53" meanSpeedRelative="0.47" duration="1"/>
    <step time="5700.00" loaded="3063" inserted="3048" running="76" waiting="15" ended="2972" arrived="2972" collisions="0" teleports="0" halting="31" stopped="0" meanWaitingTime="16.92" meanTravelTime="108.60" meanSpeed="4.38" meanSpeedRelative="0.32" duration="3"/>
    <step time="6000.00" loaded="3187" inserted="3184" running="36" waiting="3" ended="3148" arrived="3148" collisions="0" teleports="0" halting="11" stopped="0" meanWaitingTime="16.92" meanTravelTime="110.30" meanSpeed="5.90" meanSpeedRelative="0.42" duration="1"/>
    <step time="6300.00" loaded="3352" inserted="3335" running="59" waiting="17" ended="3276" arrived="3276" collisions="0" teleports="0" halting="25" stopped="0" meanWaitingTime="16.92" meanTravelTime="110.39" meanSpeed="4.37" meanSpeedRelative="0.31" duration="2"/>
    <step time="6600.00" loaded="3514" inserted="3506" running="44" waiting="8" ended="3462" arrived="3462" collisions="0" teleports="0" halting="20" stopped="0" meanWaitingTime="16.99" meanTravelTime="109.67" meanSpeed="4.09" meanSpeedRelative="0.29" duration="3"/>
    <step time="6900.00" loaded="3697" inserted="3680" running="50" waiting="17" ended="3630" arrived="3630" collisions="0" teleports="0" halting="21" stopped="0" meanWaitingTime="16.94" meanTravelTime="108.21" meanSpeed="4.14" meanSpeedRelative="0.30" duration="1"/>
    <step time="7200.00" loaded="3856" inserted="3837" running="42" waiting="19" ended="3795" arrived="3795" collisions="0" teleports="0" halting="17" stopped="0" meanWaitingTime="17.49" meanTravelTime="107.73" meanSpeed="4.66" meanSpeedRelative="0.34" duration="2"/>
    <step time="7500.00" loaded="4004" inserted="3992" running="38" waiting="12" ended="3954" arrived="3954" collisions="0" teleports="0" halting="17" stopped="0" meanWaitingTime="18.11" meanTravelTime="107.07" meanSpeed="4.70" meanSpeedRelative="0.34" duration="2"/>
    <step time="7800.00" loaded="4160" inserted="4137" running="42" waiting="23" ended="4095" arrived="4095" collisions="0" teleports="0" halting="13" stopped="0" meanWaitingTime="18.55" meanTravelTime="106.46" meanSpeed="5.42" meanSpeedRelative="0.39" duration="3"/>
    <step time="8100.00" loaded="4331" inserted="4316" running="49" waiting="15" ended="4267" arrived="4267" collisions="0" teleports="0" halting="18" stopped="0" meanWaitingTime="19.60" meanTravelTime="105.53" meanSpeed="4.48" meanSpeedRelative="0.32" duration="2"/>
    <step time="8400.00" loaded="4517" inserted="4513" running="64" waiting="4" ended="4449" arrived="4449" collisions="0" teleports="0" halting="11" stopped="0" meanWaitingTime="19.49" meanTravelTime="104.74" meanSpeed="4.89" meanSpeedRelative="0.36" duration="2"/>
    <step time="8700.00" loaded="4690" inserted="4685" running="65" waiting="5" ended="4620" arrived="4620" collisions="0" teleports="0" halting="21" stopped="0" meanWaitingTime="19.24" meanTravelTime="104.48" meanSpeed="5.71" meanSpeedRelative="0.41" duration="3"/>
    <step time="9000.00" loaded="4879" inserted="4862" running="57" waiting="17" ended="4805" arrived="4805" collisions="0" teleports="0" halting="14" stopped="0" meanWaitingTime="19.01" meanTravelTime="104.05" meanSpeed="4.56" meanSpeedRelative="0.34" duration="1"/>
    <step time="9300.00" loaded="5060" inserted="5041" running="52" waiting="19" ended="4989" arrived="4989" collisions="0" teleports="0" halting="20" stopped="0" meanWaitingTime="19.00" meanTravelTime="104.10" meanSpeed="5.04" meanSpeedRelative="0.36" duration="2"/>
    <step time="9600.00" loaded="5229" inserted="5216" running="55" waiting="13" ended="5161" arrived="5161" collisions="0" teleports="0" halting="14" stopped="0" meanWaitingTime="19.47" meanTravelTime="103.66" meanSpeed="6.90" meanSpeedRelative="0.50" duration="3"/>
    <step time="9900.00" loaded="5375" inserted="5359" running="49" waiting="16" ended="5310" arrived="5310" collisions="0" teleports="0" halting="14" stopped="0" meanWaitingTime="19.32" meanTravelTime="103.33" meanSpeed="4.23" meanSpeedRelative="0.30" duration="3"/>
    <step time="10200.00" loaded="5546" inserted="5537" running="69" waiting="9" ended="5468" arrived="5468" collisions="0" teleports="0" halting="14" stopped="0" meanWaitingTime="19.54" meanTravelTime="103.72" meanSpeed="4.13" meanSpeedRelative="0.30" duration="3"/>
    <step time="10500.00" loaded="5725" inserted="5714" running="71" waiting="11" ended="5643" arrived="5643" collisions="0" teleports="0" halting="28" stopped="0" meanWaitingTime="19.36" meanTravelTime="104.41" meanSpeed="4.92" meanSpeedRelative="0.35" duration="3"/>
    <step time="10800.00" loaded="5896" inserted="5890" running="61" waiting="6" ended="5829" arrived="5829" collisions="0" teleports="0" halting="11" stopped="0" meanWaitingTime="19.33" meanTravelTime="104.68" meanSpeed="6.90" meanSpeedRelative="0.50" duration="3"/>
    <step time="11100.00" loaded="6072" inserted="6072" running="64" waiting="0" ended="6008" arrived="6008" collisions="0" teleports="0" halting="28" stopped="0" meanWaitingTime="19.17" meanTravelTime="104.66" meanSpeed="3.82" meanSpeedRelative="0.27" duration="3"/>
    <step time="11400.00" loaded="6245" inserted="6229" running="57" waiting="16" ended="6172" arrived="6172" collisions="0" teleports="0" halting="14" stopped="0" meanWaitingTime="18.95" meanTravelTime="104.92" meanSpeed="6.22" meanSpeedRelative="0.45" duration="1"/>
    <step time="11700.00" loaded="6390" inserted="6382" running="51" waiting="8" ended="6331" arrived="6331" collisions="0" teleports="0" halting="12" stopped="0" meanWaitingTime="19.15" meanTravelTime="104.70" meanSpeed="5.50" meanSpeedRelative="0.40" duration="2"/>
    <step time="12000.00" loaded="6570" inserted="6563" running="61" waiting="7" ended="6502" arrived="6502" collisions="0" teleports="0" halting="17" stopped="0" meanWaitingTime="19.00" meanTravelTime="104.99" meanSpeed="4.27" meanSpeedRelative="0.31" duration="2"/>
    <step time="12300.00" loaded="6740" inserted="6739" running="76" waiting="1" ended="6663" arrived="6663" collisions="0" teleports="0" halting="33" stopped="0" meanWaitingTime="18.77" meanTravelTime="105.12" meanSpeed="3.32" meanSpeedRelative="0.24" duration="3"/>
    <step time="12600.00" loaded="6908" inserted="6886" running="53" waiting="22" ended="6833" arrived="6833" collisions="0" teleports="0" halting="26" stopped="0" meanWaitingTime="18.66" meanTravelTime="105.61" meanSpeed="4.23" meanSpeedRelative="0.30" duration="2"/>
    <step time="12900.00" loaded="7077" inserted="7063" running="55" waiting="14" ended="7008" arrived="7008" collisions="0" teleports="0" halting="22" stopped="0" meanWaitingTime="18.90" meanTravelTime="105.79" meanSpeed="4.88" meanSpeedRelative="0.35" duration="2"/>
    <step time="13200.00" loaded="7251" inserted="7230" running="84" waiting="21" ended="7146" arrived="7146" collisions="0" teleports="0" halting="24" stopped="0" meanWaitingTime="19.02" meanTravelTime="105.63" meanSpeed="4.22" meanSpeedRelative="0.30" duration="2"/>
    <step time="13500.00" loaded="7427" inserted="7419" running="79" waiting="8" ended="7340" arrived="7340" collisions="0" teleports="0" halting="29" stopped="0" meanWaitingTime="18.99" meanTravelTime="106.28" meanSpeed="3.77" meanSpeedRelative="0.27" duration="3"/>
    <step time="13800.00" loaded="7623" inserted="7608" running="84" waiting="15" ended="7524" arrived="7524" collisions="0" teleports="0" halting="20" stopped="0" meanWaitingTime="19.09" meanTravelTime="106.70" meanSpeed="5.94" meanSpeedRelative="0.43" duration="4"/>
    <step time="14100.00" loaded="7783" inserted="7779" running="71" waiting="4" ended="7708" arrived="7708" collisions="0" teleports="0" halting="17" stopped="0" meanWaitingTime="19.14" meanTravelTime="107.36" meanSpeed="5.31" meanSpeedRelative="0.38" duration="1"/>
    <step time="14400.00" loaded="7920" inserted="7910" running="47" waiting="10" ended="7863" arrived="7863" collisions="0" teleports="0" halting="13" stopped="0" meanWaitingTime="19.34" meanTravelTime="107.54" meanSpeed="6.29" meanSpeedRelative="0.45" duration="2"/>
    <step time="14700.00" loaded="8115" inserted="8089" running="51" waiting="26" ended="8038" arrived="8038" collisions="0" teleports="0" halting="15" stopped="0" meanWaitingTime="19.30" meanTravelTime="107.17" meanSpeed="5.60" meanSpeedRelative="0.40" duration="1"/>
    <step time="15000.00" loaded="8274" inserted="8247" running="87" waiting="27" ended="8160" arrived="8160" collisions="0" teleports="0" halting="12" stopped="0" meanWaitingTime="19.45" meanTravelTime="107.32" meanSpeed="5.62" meanSpeedRelative="0.40" duration="4"/>
    <step time="15300.00" loaded="8434" inserted="8399" running="56" waiting="35" ended="8343" arrived="8343" collisions="0" teleports="0" halting="23" stopped="0" meanWaitingTime="19.96" meanTravelTime="107.97" meanSpeed="4.51" meanSpeedRelative="0.33" duration="3"/>
    <step time="15600.00" loaded="8599" inserted="8588" running="58" waiting="11" ended="8530" arrived="8530" collisions="0" teleports="0" halting="19" stopped="0" meanWaitingTime="20.72" meanTravelTime="107.55" meanSpeed="4.87" meanSpeedRelative="0.35" duration="2"/>
    <step time="15900.00" loaded="8789" inserted="8776" running="91" waiting="13" ended="8685" arrived="8685" collisions="0" teleports="0" halting="34" stopped="0" meanWaitingTime="21.04" meanTravelTime="107.34" meanSpeed="4.22" meanSpeedRelative="0.30" duration="4"/>
    <step time="16200.00" loaded="8982" inserted="8948" running="68" waiting="34" ended="8880" arrived="8880" collisions="0" teleports="0" halting="22" stopped="0" meanWaitingTime="21.30" meanTravelTime="107.75" meanSpeed="5.32" meanSpeedRelative="0.39" duration="2"/>
    <step time="16500.00" loaded="9150" inserted="9135" running="73" waiting="15" ended="9062" arrived="9062" collisions="0" teleports="0" halting="25" stopped="0" meanWaitingTime="21.89" meanTravelTime="107.88" meanSpeed="4.96" meanSpeedRelative="0.37" duration="2"/>
    <step time="16800.00" loaded="9335" inserted="9299" running="63" waiting="36" ended="9236" arrived="9236" collisions="0" teleports="0" halting="18" stopped="0" meanWaitingTime="22.19" meanTravelTime="108.13" meanSpeed="5.32" meanSpeedRelative="0.38" duration="3"/>
    <step time="17100.00" loaded="9506" inserted="9475" running="54" waiting="31" ended="9421" arrived="9421" collisions="0" teleports="0" halting="13" stopped="0" meanWaitingTime="22.87" meanTravelTime="108.02" meanSpeed="5.97" meanSpeedRelative="0.43" duration="1"/>
    <step time="17400.00" loaded="9686" inserted="9661" running="70" waiting="25" ended="9591" arrived="9591" collisions="0" teleports="0" halting="25" stopped="0" meanWaitingTime="23.58" meanTravelTime="107.98" meanSpeed="4.09" meanSpeedRelative="0.29" duration="2"/>
    <step time="17700.00" loaded="9861" inserted="9833" running="88" waiting="28" ended="9745" arrived="9745" collisions="0" teleports="0" halting="27" stopped="0" meanWaitingTime="23.96" meanTravelTime="108.20" meanSpeed="4.68" meanSpeedRelative="0.34" duration="3"/>
    <step time="18000.00" loaded="10029" inserted="10008" running="89" waiting="21" ended="9919" arrived="9919" collisions="0" teleports="0" halting="45" stopped="0" meanWaitingTime="24.44" meanTravelTime="108.95" meanSpeed="3.76" meanSpeedRelative="0.28" duration="4"/>
    <step time="18300.00" loaded="10214" inserted="10181" running="55" waiting="33" ended="10126" arrived="10126" collisions="0" teleports="0" halting="27" stopped="0" meanWaitingTime="24.66" meanTravelTime="109.55" meanSpeed="4.25" meanSpeedRelative="0.31" duration="2"/>
    <step time="18600.00" loaded="10372" inserted="10343" running="53" waiting="29" ended="10290" arrived="10290" collisions="0" teleports="0" halting="18" stopped="0" meanWaitingTime="25.27" meanTravelTime="109.38" meanSpeed="5.75" meanSpeedRelative="0.41" duration="3"/>
    <step time="18900.00" loaded="10556" inserted="10522" running="69" waiting="34" ended="10453" arrived="10453" collisions="0" teleports="0" halting="10" stopped="0" meanWaitingTime="25.60" meanTravelTime="109.23" meanSpeed="6.91" meanSpeedRelative="0.50" duration="3"/>
    <step time="19200.00" loaded="10731" inserted="10705" running="56" waiting="26" ended="10649" arrived="10649" collisions="0" teleports="0" halting="33" stopped="0" meanWaitingTime="25.93" meanTravelTime="109.02" meanSpeed="3.47" meanSpeedRelative="0.25" duration="3"/>
    <step time="19500.00" loaded="10937" inserted="10913" running="88" waiting="24" ended="10825" arrived="10825" collisions="0" teleports="0" halting="37" stopped="0" meanWaitingTime="26.21" meanTravelTime="109.02" meanSpeed="3.09" meanSpeedRelative="0.22" duration="3"/>
    <step time="19800.00" loaded="11117" inserted="11086" running="66" waiting="31" ended="11020" arrived="11020" collisions="0" teleports="0" halting="29" stopped="0" meanWaitingTime="26.53" meanTravelTime="109.34" meanSpeed="4.11" meanSpeedRelative="0.30" duration="3"/>
    <step time="20100.00" loaded="11314" inserted="11288" running="82" waiting="26" ended="11206" arrived="11206" collisions="0" teleports="0" halting="19" stopped="0" meanWaitingTime="26.97" meanTravelTime="109.25" meanSpeed="6.43" meanSpeedRelative="0.46" duration="4"/>
    <step time="20400.00" loaded="11483" inserted="11456" running="72" waiting="27" ended="11384" arrived="11384" collisions="0" teleports="0" halting="26" stopped="0" meanWaitingTime="27.32" meanTravelTime="109.24" meanSpeed="4.17" meanSpeedRelative="0.30" duration="4"/>
    <step time="20700.00" loaded="11653" inserted="11629" running="64" waiting="24" ended="11565" arrived="11565" collisions="0" teleports="0" halting="27" stopped="0" meanWaitingTime="27.60" meanTravelTime="109.32" meanSpeed="4.24" meanSpeedRelative="0.31" duration="1"/>
    <step time="21000.00" loaded="11837" inserted="11821" running="72" waiting="16" ended="11749" arrived="11749" collisions="0" teleports="0" halting="29" stopped="0" meanWaitingTime="27.87" meanTravelTime="109.29" meanSpeed="3.61" meanSpeedRelative="0.26" duration="3"/>
    <step time="21300.00" loaded="11998" inserted="11977" running="60" waiting="21" ended="11917" arrived="11917" collisions="0" teleports="0" halting="14" stopped="0" meanWaitingTime="28.01" meanTravelTime="109.39" meanSpeed="5.98" meanSpeedRelative="0.43" duration="3"/>
    <step time="21600.00" loaded="12220" inserted="12186" running="86" waiting="34" ended="12100" arrived="12100" collisions="0" teleports="0" halting="11" stopped="0" meanWaitingTime="28.30" meanTravelTime="109.21" meanSpeed="6.49" meanSpeedRelative="0.47" duration="3"/>
    <step time="21900.00" loaded="12404" inserted="12377" running="69" waiting="27" ended="12308" arrived="12308" collisions="0" teleports="0" halting="30" stopped="0" meanWaitingTime="28.45" meanTravelTime="109.21" meanSpeed="4.74" meanSpeedRelative="0.34" duration="3"/>
    <step time="22200.00" loaded="12596" inserted="12562" running="66" waiting="34" ended="12496" arrived="12496" collisions="0" teleports="0" halting="21" stopped="0" meanWaitingTime="28.70" meanTravelTime="109.08" meanSpeed="5.30" meanSpeedRelative="0.38" duration="2"/>
    <step time="22500.00" loaded="12771" inserted="12721" running="59" waiting="50" ended="12662" arrived="12662" collisions="0" teleports="0" halting="12" stopped="0" meanWaitingTime="29.02" meanTravelTime="109.46" meanSpeed="5.61" meanSpeedRelative="0.40" duration="3"/>
    <step time="22800.00" loaded="12966" inserted="12953" running="97" waiting="13" ended="12856" arrived="12856" collisions="0" teleports="0" halting="51" stopped="0" meanWaitingTime="29.41" meanTravelTime="109.44" meanSpeed="2.41" meanSpeedRelative="0.17" duration="2"/>
    <step time="23100.00" loaded="13152" inserted="13127" running="107" waiting="25" ended="13020" arrived="13020" collisions="0" teleports="0" halting="36" stopped="0" meanWaitingTime="29.43" meanTravelTime="110.29" meanSpeed="3.99" meanSpeedRelative="0.29" duration="4"/>
    <step time="23400.00" loaded="13340" inserted="13307" running="72" waiting="33" ended="13235" arrived="13235" collisions="0" teleports="0" halting="27" stopped="0" meanWaitingTime="29.72" meanTravelTime="110.63" meanSpeed="4.45" meanSpeedRelative="0.32" duration="3"/>
    <step time="23700.00" loaded="13569" inserted="13523" running="86" waiting="46" ended="13437" arrived="13437" collisions="0" teleports="0" halting="36" stopped="0" meanWaitingTime="29.93" meanTravelTime="110.51" meanSpeed="4.06" meanSpeedRelative="0.29" duration="4"/>
    <step time="24000.00" loaded="13743" inserted="13702" running="76" waiting="41" ended="13626" arrived="13626" collisions="0" teleports="0" halting="19" stopped="0" meanWaitingTime="30.42" meanTravelTime="110.66" meanSpeed="4.02" meanSpeedRelative="0.29" duration="2"/>
    <step time="24300.00" loaded="13950" inserted="13908" running="103" waiting="42" ended="13805" arrived="13805" collisions="0" teleports="0" halting="77" stopped="0" meanWaitingTime="30.85" meanTravelTime="110.95" meanSpeed="1.85" meanSpeedRelative="0.13" duration="4"/>
    <step time="24600.00" loaded="14173" inserted="14106" running="78" waiting="67" ended="14028" arrived="14028" collisions="0" teleports="0" halting="31" stopped="0" meanWaitingTime="31.20" meanTravelTime="111.25" meanSpeed="4.00" meanSpeedRelative="0.29" duration="4"/>
    <step time="24900.00" loaded="14386" inserted="14321" running="92" waiting="65" ended="14229" arrived="14229" collisions="0" teleports="0" halting="39" stopped="0" meanWaitingTime="32.24" meanTravelTime="111.54" meanSpeed="3.44" meanSpeedRelative="0.25" duration="4"/>
    <step time="25200.00" loaded="14582" inserted="14518" running="78" waiting="64" ended="14440" arrived="14440" collisions="0" teleports="0" halting="24" stopped="0" meanWaitingTime="33.06" meanTravelTime="111.69" meanSpeed="5.63" meanSpeedRelative="0.42" duration="3"/>
    <step time="25500.00" loaded="14758" inserted="14721" running="72" waiting="37" ended="14649" arrived="14649" collisions="0" teleports="0" halting="26" stopped="0" meanWaitingTime="33.94" meanTravelTime="111.84" meanSpeed="5.13" meanSpeedRelative="0.37" duration="4"/>
    <step time="25800.00" loaded="14992" inserted="14948" running="94" waiting="44" ended="14854" arrived="14854" collisions="0" teleports="0" halting="33" stopped="0" meanWaitingTime="34.35" meanTravelTime="111.80" meanSpeed="4.63" meanSpeedRelative="0.33" duration="2"/>
    <step time="26100.00" loaded="15206" inserted="15167" running="95" waiting="39" ended="15072" arrived="15072" collisions="0" teleports="0" halting="27" stopped="0" meanWaitingTime="34.75" meanTravelTime="111.81" meanSpeed="3.83" meanSpeedRelative="0.28" duration="3"/>
    <step time="26400.00" loaded="15402" inserted="15360" running="95" waiting="42" ended="15265" arrived="15265" collisions="0" teleports="0" halting="35" stopped="0" meanWaitingTime="34.97" meanTravelTime="112.34" meanSpeed="3.17" meanSpeedRelative="0.23" duration="4"/>
    <step time="26700.00" loaded="15619" inserted="15591" running="91" waiting="28" ended="15500" arrived="15500" collisions="0" teleports="0" halting="20" stopped="0" meanWaitingTime="35.36" meanTravelTime="112.42" meanSpeed="5.77" meanSpeedRelative="0.42" duration="3"/>
    <step time="27000.00" loaded="15836" inserted="15808" running="101" waiting="28" ended="15707" arrived="15707" collisions="0" teleports="0" halting="25" stopped="0" meanWaitingTime="35.57" meanTravelTime="112.41" meanSpeed="5.09" meanSpeedRelative="0.37" duration="4"/>
    <step time="27300.00" loaded="16058" inserted="16022" running="105" waiting="36" ended="15917" arrived="15917" collisions="0" teleports="0" halting="35" stopped="0" meanWaitingTime="35.69" meanTravelTime="112.29" meanSpeed="3.60" meanSpeedRelative="0.26" duration="4"/>
    <step time="27600.00" loaded="16256" inserted="16216" running="86" waiting="40" ended="16130" arrived="16130" collisions="0" teleports="0" halting="61" stopped="0" meanWaitingTime="35.82" meanTravelTime="112.63" meanSpeed="1.75" meanSpeedRelative="0.13" duration="4"/>
    <step time="27900.00" loaded="16463" inserted="16428" running="64" waiting="35" ended="16364" arrived="16364" collisions="0" teleports="0" halting="14" stopped="0" meanWaitingTime="36.05" meanTravelTime="112.77" meanSpeed="6.45" meanSpeedRelative="0.46" duration="3"/>
    <step time="28200.00" loaded="16686" inserted="16663" running="64" waiting="23" ended="16599" arrived="16599" collisions="0" teleports="0" halting="16" stopped="0" meanWaitingTime="36.26" meanTravelTime="112.62" meanSpeed="4.54" meanSpeedRelative="0.33" duration="2"/>
    <step time="28500.00" loaded="16885" inserted="16856" running="73" waiting="29" ended="16783" arrived="16783" collisions="0" teleports="0" halting="20" stopped="0" meanWaitingTime="36.31" meanTravelTime="112.51" meanSpeed="6.30" meanSpeedRelative="0.46" duration="2"/>
    <step time="28800.00" loaded="17098" inserted="17066" running="65" waiting="32" ended="17001" arrived="17001" collisions="0" teleports="0" halting="20" stopped="0" meanWaitingTime="36.30" meanTravelTime="112.53" meanSpeed="4.36" meanSpeedRelative="0.31" duration="3"/>
    <step time="29100.00" loaded="17323" inserted="17288" running="100" waiting="35" ended="17188" arrived="17188" collisions="0" teleports="0" halting="48" stopped="0" meanWaitingTime="36.26" meanTravelTime="112.56" meanSpeed="2.56" meanSpeedRelative="0.19" duration="4"/>
    <step time="29400.00" loaded="17527" inserted="17477" running="79" waiting="50" ended="17398" arrived="17398" collisions="0" teleports="0" halting="31" stopped="0" meanWaitingTime="36.46" meanTravelTime="112.78" meanSpeed="3.10" meanSpeedRelative="0.22" duration="4"/>
    <step time="29700.00" loaded="17712" inserted="17679" running="61" waiting="33" ended="17618" arrived="17618" collisions="0" teleports="0" halting="21" stopped="0" meanWaitingTime="36.63" meanTravelTime="112.99" meanSpeed="4.74" meanSpeedRelative="0.34" duration="3"/>
    <step time="30000.00" loaded="17887" inserted="17855" running="55" waiting="32" ended="17800" arrived="17800" collisions="0" teleports="0" halting="24" stopped="0" meanWaitingTime="36.76" meanTravelTime="112.94" meanSpeed="4.21" meanSpeedRelative="0.30" duration="2"/>
    <step time="30300.00" loaded="18085" inserted="18047" running="69" waiting="38" ended="17978" arrived="17978" collisions="0" teleports="0" halting="35" stopped="0" meanWaitingTime="37.04" meanTravelTime="112.88" meanSpeed="3.29" meanSpeedRelative="0.24" duration="3"/>
    <step time="30600.00" loaded="18300" inserted="18259" running="75" waiting="41" ended="18184" arrived="18184" collisions="0" teleports="0" halting="25" stopped="0" meanWaitingTime="37.25" meanTravelTime="112.71" meanSpeed="5.38" meanSpeedRelative="0.39" duration="3"/>
    <step time="30900.00" loaded="18520" inserted="18477" running="91" waiting="43" ended="18386" arrived="18386" collisions="0" teleports="0" halting="27" stopped="0" meanWaitingTime="37.48" meanTravelTime="112.62" meanSpeed="4.26" meanSpeedRelative="0.31" duration="4"/>
    <step time="31200.00" loaded="18690" inserted="18644" running="84" waiting="46" ended="18560" arrived="18560" collisions="0" teleports="0" halting="18" stopped="0" meanWaitingTime="37.62" meanTravelTime="112.68" meanSpeed="3.56" meanSpeedRelative="0.26" duration="4"/>
    <step time="31500.00" loaded="18867" inserted="18824" running="97" waiting="43" ended="18727" arrived="18727" collisions="0" teleports="0" halting="36" stopped="0" meanWaitingTime="37.91" meanTravelTime="113.19" meanSpeed="3.72" meanSpeedRelative="0.27" duration="3"/>
    <step time="31800.00" loaded="19025" inserted="18994" running="99" waiting="31" ended="18895" arrived="18895" collisions="0" teleports="0" halting="32" stopped="0" meanWaitingTime="38.24" meanTravelTime="113.74" meanSpeed="4.13" meanSpeedRelative="0.30" duration="4"/>
    <step time="32100.00" loaded="19206" inserted="19165" running="72" waiting="41" ended="19093" arrived="19093" collisions="0" teleports="0" halting="32" stopped="0" meanWaitingTime="38.46" meanTravelTime="114.06" meanSpeed="4.19" meanSpeedRelative="0.30" duration="1"/>
    <step time="32400.00" loaded="19372" inserted="19326" running="84" waiting="46" ended="19242" arrived="19242" collisions="0" teleports="0" halting="31" stopped="0" meanWaitingTime="38.66" meanTravelTime="114.05" meanSpeed="4.36" meanSpeedRelative="0.31" duration="2"/>
    <step time="32700.00" loaded="19550" inserted="19510" running="66" waiting="40" ended="19444" arrived="19444" collisions="0" teleports="0" halting="21" stopped="0" meanWaitingTime="38.87" meanTravelTime="114.28" meanSpeed="4.51" meanSpeedRelative="0.32" duration="2"/>
    <step time="33000.00" loaded="19718" inserted="19688" running="57" waiting="30" ended="19631" arrived="19631" collisions="0" teleports="0" halting="11" stopped="0" meanWaitingTime="39.12" meanTravelTime="114.39" meanSpeed="6.00" meanSpeedRelative="0.43" duration="3"/>
    <step time="33300.00" loaded="19849" inserted="19834" running="64" waiting="15" ended="19770" arrived="19770" collisions="0" teleports="0" halting="15" stopped="0" meanWaitingTime="39.26" meanTravelTime="114.37" meanSpeed="5.81" meanSpeedRelative="0.42" duration="3"/>
    <step time="33600.00" loaded="20042" inserted="20024" running="66" waiting="18" ended="19958" arrived="19958" collisions="0" teleports="0" halting="22" stopped="0" meanWaitingTime="39.17" meanTravelTime="114.35" meanSpeed="5.27" meanSpeedRelative="0.39" duration="3"/>
    <step time="33900.00" loaded="20201" inserted="20182" running="55" waiting="19" ended="20127" arrived="20127" collisions="0" teleports="0" halting="17" stopped="0" meanWaitingTime="39.09" meanTravelTime="114.29" meanSpeed="4.90" meanSpeedRelative="0.36" duration="1"/>
    <step time="34200.00" loaded="20358" inserted="20337" running="81" waiting="21" ended="20256" arrived="20256" collisions="0" teleports="0" halting="28" stopped="0" meanWaitingTime="39.03" meanTravelTime="114.31" meanSpeed="4.63" meanSpeedRelative="0.33" duration="2"/>
    <step time="34500.00" loaded="20529" inserted="20505" running="69" waiting="24" ended="20436" arrived="20436" collisions="0" teleports="0" halting="21" stopped="0" meanWaitingTime="39.08" meanTravelTime="114.44" meanSpeed="5.17" meanSpeedRelative="0.37" duration="2"/>
    <step time="34800.00" loaded="20681" inserted="20650" running="56" waiting="31" ended="20594" arrived="20594" collisions="0" teleports="0" halting="19" stopped="0" meanWaitingTime="39.23" meanTravelTime="114.47" meanSpeed="4.08" meanSpeedRelative="0.30" duration="3"/>
    <step time="35100.00" loaded="20818" inserted="20804" running="76" waiting="14" ended="20728" arrived="20728" collisions="0" teleports="0" halting="15" stopped="0" meanWaitingTime="39.33" meanTravelTime="114.54" meanSpeed="5.22" meanSpeedRelative="0.38" duration="3"/>
    <step time="35400.00" loaded="20955" inserted="20948" running="63" waiting="7" ended="20885" arrived="20885" collisions="0" teleports="0" halting="5" stopped="0" meanWaitingTime="39.14" meanTravelTime="114.59" meanSpeed="6.83" meanSpeedRelative="0.49" duration="1"/>
    <step time="35700.00" loaded="21099" inserted="21092" running="52" waiting="7" ended="21040" arrived="21040" collisions="0" teleports="0" halting="23" stopped="0" meanWaitingTime="39.01" meanTravelTime="114.79" meanSpeed="3.93" meanSpeedRelative="0.28" duration="1"/>
    <step time="36000.00" loaded="21255" inserted="21249" running="51" waiting="6" ended="21198" arrived="21198" collisions="0" teleports="0" halting="24" stopped="0" meanWaitingTime="38.86" meanTravelTime="114.70" meanSpeed="3.05" meanSpeedRelative="0.22" duration="3"/>
    <step time="36300.00" loaded="21427" inserted="21410" running="51" waiting="17" ended="21359" arrived="21359" collisions="0" teleports="0" halting="29" stopped="0" meanWaitingTime="38.72" meanTravelTime="114.58" meanSpeed="3.48" meanSpeedRelative="0.25" duration="3"/>
    <step time="36600.00" loaded="21574" inserted="21563" running="58" waiting="11" ended="21505" arrived="21505" collisions="0" teleports="0" halting="4" stopped="0" meanWaitingTime="38.65" meanTravelTime="114.57" meanSpeed="6.02" meanSpeedRelative="0.43" duration="1"/>
    <step time="36900.00" loaded="21712" inserted="21692" running="43" waiting="20" ended="21649" arrived="21649" collisions="0" teleports="0" halting="13" stopped="0" meanWaitingTime="38.50" meanTravelTime="114.63" meanSpeed="5.57" meanSpeedRelative="0.40" duration="1"/>
    <step time="37200.00" loaded="21832" inserted="21809" running="37" waiting="23" ended="21772" arrived="21772" collisions="0" teleports="0" halting="17" stopped="0" meanWaitingTime="38.49" meanTravelTime="114.54" meanSpeed="3.82" meanSpeedRelative="0.28" duration="2"/>
    <step time="37500.00" loaded="21973" inserted="21936" running="49" waiting="37" ended="21887" arrived="21887" collisions="0" teleports="0" halting="13" stopped="0" meanWaitingTime="38.64" meanTravelTime="114.51" meanSpeed="6.20" meanSpeedRelative="0.45" duration="3"/>
    <step time="37800.00" loaded="22129" inserted="22088" running="51" waiting="41" ended="22037" arrived="22037" collisions="0" teleports="0" halting="19" stopped="0" meanWaitingTime="38.88" meanTravelTime="114.49" meanSpeed="4.84" meanSpeedRelative="0.35" duration="2"/>
    <step time="38100.00" loaded="22273" inserted="22229" running="48" waiting="44" ended="22181" arrived="22181" collisions="0" teleports="0" halting="18" stopped="0" meanWaitingTime="39.08" meanTravelTime="114.34" meanSpeed="4.66" meanSpeedRelative="0.36" duration="3"/>
    <step time="38400.00" loaded="22398" inserted="22373" running="51" waiting="25" ended="22322" arrived="22322" collisions="0" teleports="0" halting="21" stopped="0" meanWaitingTime="39.37" meanTravelTime="114.31" meanSpeed="5.13" meanSpeedRelative="0.37" duration="2"/>
    <step time="38700.00" loaded="22498" inserted="22484" running="46" waiting="14" ended="22438" arrived="22438" collisions="0" teleports="0" halting="25" stopped="0" meanWaitingTime="39.48" meanTravelTime="114.31" meanSpeed="3.63" meanSpeedRelative="0.26" duration="2"/>
    <step time="39000.00" loaded="22605" inserted="22571" running="35" waiting="34" ended="22536" arrived="22536" collisions="0" teleports="0" halting="6" stopped="0" meanWaitingTime="39.65" meanTravelTime="114.30" meanSpeed="5.98" meanSpeedRelative="0.43" duration="2"/>
    <step time="39300.00" loaded="22731" inserted="22688" running="38" waiting="43" ended="22650" arrived="22650" collisions="0" teleports="0" halting="13" stopped="0" meanWaitingTime="39.91" meanTravelTime="114.29" meanSpeed="6.14" meanSpeedRelative="0.46" duration="1"/>
    <step time="39600.00" loaded="22842" inserted="22793" running="35" waiting="49" ended="22758" arrived="22758" collisions="0" teleports="0" halting="17" stopped="0" meanWaitingTime="40.19" meanTravelTime="114.21" meanSpeed="4.22" meanSpeedRelative="0.30" duration="2"/>
    <step time="39900.00" loaded="22964" inserted="22917" running="65" waiting="47" ended="22852" arrived="22852" collisions="0" teleports="0" halting="52" stopped="0" meanWaitingTime="40.64" meanTravelTime="114.13" meanSpeed="1.64" meanSpeedRelative="0.12" duration="2"/>
    <step time="40200.00" loaded="23053" inserted="23016" running="32" waiting="37" ended="22984" arrived="22984" collisions="0" teleports="0" halting="13" stopped="0" meanWaitingTime="41.11" meanTravelTime="114.31" meanSpeed="3.77" meanSpeedRelative="0.27" duration="1"/>
    <step time="40500.00" loaded="23153" inserted="23129" running="37" waiting="24" ended="23092" arrived="23092" collisions="0" teleports="0" halting="10" stopped="0" meanWaitingTime="41.40" meanTravelTime="114.33" meanSpeed="5.87" meanSpeedRelative="0.42" duration="1"/>
    <step time="40800.00" loaded="23262" inserted="23232" running="39" waiting="30" ended="23193" arrived="23193" collisions="0" teleports="0" halting="14" stopped="0" meanWaitingTime="41.65" meanTravelTime="114.28" meanSpeed="4.56" meanSpeedRelative="0.33" duration="2"/>
    <step time="41100.00" loaded="23345" inserted="23322" running="48" waiting="23" ended="23274" arrived="23274" collisions="0" teleports="0" halting="25" stopped="0" meanWaitingTime="41.81" meanTravelTime="114.34" meanSpeed="3.19" meanSpeedRelative="0.23" duration="1"/>
    <step time="41400.00" loaded="23407" inserted="23397" running="32" waiting="10" ended="23365" arrived="23365" collisions="0" teleports="0" halting="23" stopped="0" meanWaitingTime="41.89" meanTravelTime="114.62" meanSpeed="2.73" meanSpeedRelative="0.20" duration="2"/>
    <step time="41700.00" loaded="23505" inserted="23482" running="55" waiting="23" ended="23427" arrived="23427" collisions="0" teleports="0" halting="28" stopped="0" meanWaitingTime="42.02" meanTravelTime="114.68" meanSpeed="3.54" meanSpeedRelative="0.25" duration="2"/>
    <step time="42000.00" loaded="23587" inserted="23558" running="30" waiting="29" ended="23528" arrived="23528" collisions="0" teleports="0" halting="10" stopped="0" meanWaitingTime="42.17" meanTravelTime="114.94" meanSpeed="3.80" meanSpeedRelative="0.27" duration="2"/>
    <step time="42300.00" loaded="23690" inserted="23666" running="51" waiting="24" ended="23615" arrived="23615" collisions="0" teleports="0" halting="8" stopped="0" meanWaitingTime="42.41" meanTravelTime="114.89" meanSpeed="7.06" meanSpeedRelative="0.51" duration="2"/>
    <step time="42600.00" loaded="23803" inserted="23766" running="45" waiting="37" ended="23721" arrived="23721" collisions="0" teleports="0" halting="8" stopped="0" meanWaitingTime="42.60" meanTravelTime="114.91" meanSpeed="6.49" meanSpeedRelative="0.47" duration="3"/>
    <step time="42900.00" loaded="23904" inserted="23879" running="55" waiting="25" ended="23824" arrived="23824" collisions="0" teleports="0" halting="25" stopped="0" meanWaitingTime="42.86" meanTravelTime="114.97" meanSpeed="3.41" meanSpeedRelative="0.26" duration="3"/>
    <step time="43200.00" loaded="24005" inserted="23969" running="25" waiting="36" ended="23944" arrived="23944" collisions="0" teleports="0" halting="7" stopped="0" meanWaitingTime="42.98" meanTravelTime="115.05" meanSpeed="6.37" meanSpeedRelative="0.46" duration="2"/>
    <step time="43500.00" loaded="24084" inserted="24074" running="47" waiting="10" ended="24027" arrived="24027" collisions="0" teleports="0" halting="9" stopped="0" meanWaitingTime="43.09" meanTravelTime="114.99" meanSpeed="5.73" meanSpeedRelative="0.41" duration="2"/>
    <step time="43800.00" loaded="24184" inserted="24167" running="42" waiting="17" ended="24125" arrived="24125" collisions="0" teleports="0" halting="13" stopped="0" meanWaitingTime="43.13" meanTravelTime="115.04" meanSpeed="5.67" meanSpeedRelative="0.41" duration="2"/>
    <step time="44100.00" loaded="24288" inserted="24277" running="47" waiting="11" ended="24230" arrived="24230" collisions="0" teleports="0" halting="23" stopped="0" meanWaitingTime="43.16" meanTravelTime="115.02" meanSpeed="3.20" meanSpeedRelative="0.23" duration="3"/>
    <step time="44400.00" loaded="24399" inserted="24379" running="69" waiting="20" ended="24310" arrived="24310" collisions="0" teleports="0" halting="54" stopped="0" meanWaitingTime="43.16" meanTravelTime="114.97" meanSpeed="0.99" meanSpeedRelative="0.07" duration="3"/>
    <step time="44700.00" loaded="24502" inserted="24459" running="34" waiting="43" ended="24425" arrived="24425" collisions="0" teleports="0" halting="11" stopped="0" meanWaitingTime="43.32" meanTravelTime="115.45" meanSpeed="4.52" meanSpeedRelative="0.33" duration="1"/>
    <step time="45000.00" loaded="24607" inserted="24567" running="36" waiting="40" ended="24531" arrived="24531" collisions="0" teleports="0" halting="5" stopped="0" meanWaitingTime="43.64" meanTravelTime="115.48" meanSpeed="7.34" meanSpeedRelative="0.53" duration="1"/>
    <step time="45300.00" loaded="24695" inserted="24671" running="52" waiting="24" ended="24619" arrived="24619" collisions="0" teleports="0" halting="12" stopped="0" meanWaitingTime="43.87" meanTravelTime="115.49" meanSpeed="5.01" meanSpeedRelative="0.36" duration="3"/>
    <step time="45600.00" loaded="24777" inserted="24749" running="32" waiting="28" ended="24717" arrived="24717" collisions="0" teleports="0" halting="19" stopped="0" meanWaitingTime="43.95" meanTravelTime="115.57" meanSpeed="4.54" meanSpeedRelative="0.33" duration="1"/>
    <step time="45900.00" loaded="24863" inserted="24817" running="36" waiting="46" ended="24781" arrived="24781" collisions="0" teleports="0" halting="34" stopped="0" meanWaitingTime="44.17" meanTravelTime="115.58" meanSpeed="0.67" meanSpeedRelative="0.05" duration="1"/>
    <step time="46200.00" loaded="24943" inserted="24895" running="46" waiting="48" ended="24849" arrived="24849" collisions="0" teleports="0" halting="40" stopped="0" meanWaitingTime="44.40" meanTravelTime="115.43" meanSpeed="1.00" meanSpeedRelative="0.07" duration="1"/>
    <step time="46500.00" loaded="24991" inserted="24991" running="75" waiting="0" ended="24916" arrived="24916" collisions="0" teleports="0" halting="62" stopped="0" meanWaitingTime="44.74" meanTravelTime="115.30" meanSpeed="1.13" meanSpeedRelative="0.08" duration="2"/>
    <step time="46800.00" loaded="25012" inserted="25012" running="66" waiting="0" ended="24946" arrived="24946" collisions="0" teleports="0" halting="64" stopped="0" meanWaitingTime="44.70" meanTravelTime="115.24" meanSpeed="0.38" meanSpeedRelative="0.03" duration="3"/>
    <step time="47100.00" loaded="25030" inserted="25030" running="61" waiting="0" ended="24969" arrived="24969" collisions="0" teleports="0" halting="58" stopped="0" meanWaitingTime="44.67" meanTravelTime="115.17" meanSpeed="0.30" meanSpeedRelative="0.02" duration="2"/>
    <step time="47400.00" loaded="25046" inserted="25046" running="61" waiting="0" ended="24985" arrived="24985" collisions="0" teleports="0" halting="61" stopped="0" meanWaitingTime="44.64" meanTravelTime="115.12" meanSpeed="0.00" meanSpeedRelative="0.00" duration="1"/>
    <step time="47700.00" loaded="25060" inserted="25060" running="62" waiting="0" ended="24998" arrived="24998" collisions="0" teleports="0" halting="62" stopped="0" meanWaitingTime="44.62" meanTravelTime="115.09" meanSpeed="0.00" meanSpeedRelative="0.00" duration="2"/>
    <step time="48000.00" loaded="25074" inserted="25074" running="61" waiting="0" ended="25013" arrived="25013" collisions="0" teleports="0" halting="59" stopped="0" meanWaitingTime="44.59" meanTravelTime="115.05" meanSpeed="0.34" meanSpeedRelative="0.02" duration="2"/>
    <step time="48300.00" loaded="25088" inserted="25088" running="60" waiting="0" ended="25028" arrived="25028" collisions="0" teleports="0" halting="59" stopped="0" meanWaitingTime="44.57" meanTravelTime="115.00" meanSpeed="0.06" meanSpeedRelative="0.00" duration="1"/>
    <step time="48600.00" loaded="25104" inserted="25104" running="61" waiting="0" ended="25043" arrived="25043" collisions="0" teleports="0" halting="59" stopped="0" meanWaitingTime="44.54" meanTravelTime="114.95" meanSpeed="0.25" meanSpeedRelative="0.02" duration="2"/>
    <step time="48900.00" loaded="25119" inserted="25119" running="65" waiting="0" ended="25054" arrived="25054" collisions="0" teleports="0" halting="64" stopped="0" meanWaitingTime="44.51" meanTravelTime="114.91" meanSpeed="0.05" meanSpeedRelative="0.00" duration="1"/>
    <step time="49200.00" loaded="25128" inserted="25128" running="59" waiting="0" ended="25069" arrived="25069" collisions="0" teleports="0" halting="59" stopped="0" meanWaitingTime="44.50" meanTravelTime="114.88" meanSpeed="0.00" meanSpeedRelative="0.00" duration="1"/>
</summary>
