<?xml version="1.0" encoding="UTF-8"?>

<!-- generated on 2025-03-02 18:13:29 by Eclipse SUMO sumo Version 1.19.0
<configuration xmlns:xsi="http://www.w3.org/2001/XMLSchema-instance" xsi:noNamespaceSchemaLocation="http://sumo.dlr.de/xsd/sumoConfiguration.xsd">

    <input>
        <net-file value="Network.net.xml"/>
        <route-files value="CarRoutes.rou.xml"/>
        <additional-files value="Sensors.add.xml"/>
    </input>

    <output>
        <emission-output value="logs/Emissions.xml"/>
        <summary-output value="logs/Log_summary.xml"/>
        <summary-output.period value="300"/>
        <tripinfo-output value="logs/TripInfos.xml"/>
    </output>

    <time>
        <begin value="0"/>
        <end value="86400"/>
        <step-length value="0.25"/>
    </time>

    <processing>
        <ignore-junction-blocker value="0.1"/>
        <time-to-teleport value="-1"/>
    </processing>

    <report>
        <verbose value="true"/>
        <no-step-log value="true"/>
    </report>

    <emissions>
        <device.emissions.period value="10"/>
    </emissions>

    <traci_server>
        <remote-port value="54644"/>
    </traci_server>

    <gui_only>
        <quit-on-end value="true"/>
        <start value="true"/>
    </gui_only>

</configuration>
-->

<instantE1 xmlns:xsi="http://www.w3.org/2001/XMLSchema-instance" xsi:noNamespaceSchemaLocation="http://sumo.dlr.de/xsd/instant_e1_file.xsd">
    <instantOut id="215_D52" time="201.48" state="enter" vehID="Car_11363" speed="11.58" length="5.00" type="DEFAULT_CAR"/>
    <instantOut id="215_D52" time="201.50" state="stay" vehID="Car_11363" speed="11.58" length="5.00" type="DEFAULT_CAR"/>
    <instantOut id="215_D52" time="201.75" state="stay" vehID="Car_11363" speed="11.46" length="5.00" type="DEFAULT_CAR"/>
    <instantOut id="215_D52" time="201.92" state="leave" vehID="Car_11363" speed="11.26" length="5.00" type="DEFAULT_CAR" occupancy="0.44"/>
    <instantOut id="215_D52" time="271.56" state="enter" vehID="Car_11389" speed="14.62" length="5.00" type="DEFAULT_CAR" gap="69.63"/>
    <instantOut id="215_D52" time="271.75" state="stay" vehID="Car_11389" speed="14.62" length="5.00" type="DEFAULT_CAR"/>
    <instantOut id="215_D52" time="271.91" state="leave" vehID="Car_11389" speed="13.93" length="5.00" type="DEFAULT_CAR" occupancy="0.35"/>
    <instantOut id="215_D52" time="446.07" state="enter" vehID="Car_11418" speed="9.34" length="5.00" type="DEFAULT_CAR" gap="174.17"/>
    <instantOut id="215_D52" time="446.25" state="stay" vehID="Car_11418" speed="9.34" length="5.00" type="DEFAULT_CAR"/>
    <instantOut id="215_D52" time="446.50" state="stay" vehID="Car_11418" speed="9.60" length="5.00" type="DEFAULT_CAR"/>
    <instantOut id="215_D52" time="446.60" state="leave" vehID="Car_11418" speed="9.61" length="5.00" type="DEFAULT_CAR" occupancy="0.53"/>
    <instantOut id="215_D52" time="614.89" state="enter" vehID="Car_11444" speed="14.87" length="5.00" type="DEFAULT_CAR" gap="168.29"/>
    <instantOut id="215_D52" time="615.00" state="stay" vehID="Car_11444" speed="14.87" length="5.00" type="DEFAULT_CAR"/>
    <instantOut id="215_D52" time="615.24" state="leave" vehID="Car_11444" speed="14.12" length="5.00" type="DEFAULT_CAR" occupancy="0.35"/>
    <instantOut id="215_D52" time="622.23" state="enter" vehID="Car_11447" speed="12.59" length="5.00" type="DEFAULT_CAR" gap="7.00"/>
    <instantOut id="215_D52" time="622.25" state="stay" vehID="Car_11447" speed="12.59" length="5.00" type="DEFAULT_CAR"/>
    <instantOut id="215_D52" time="622.50" state="stay" vehID="Car_11447" speed="12.41" length="5.00" type="DEFAULT_CAR"/>
    <instantOut id="215_D52" time="622.64" state="leave" vehID="Car_11447" speed="11.66" length="5.00" type="DEFAULT_CAR" occupancy="0.41"/>
    <instantOut id="215_D52" time="1585.64" state="enter" vehID="Car_11568" speed="14.76" length="5.00" type="DEFAULT_CAR" gap="963.00"/>
    <instantOut id="215_D52" time="1585.75" state="stay" vehID="Car_11568" speed="14.76" length="5.00" type="DEFAULT_CAR"/>
    <instantOut id="215_D52" time="1585.99" state="leave" vehID="Car_11568" speed="14.11" length="5.00" type="DEFAULT_CAR" occupancy="0.35"/>
    <instantOut id="215_D52" time="1690.24" state="enter" vehID="Car_11575" speed="10.15" length="5.00" type="DEFAULT_CAR" gap="104.25"/>
    <instantOut id="215_D52" time="1690.25" state="stay" vehID="Car_11575" speed="10.15" length="5.00" type="DEFAULT_CAR"/>
    <instantOut id="215_D52" time="1690.50" state="stay" vehID="Car_11575" speed="10.47" length="5.00" type="DEFAULT_CAR"/>
    <instantOut id="215_D52" time="1690.72" state="leave" vehID="Car_11575" speed="10.26" length="5.00" type="DEFAULT_CAR" occupancy="0.48"/>
    <instantOut id="215_D52" time="2039.90" state="enter" vehID="Car_11619" speed="12.09" length="5.00" type="DEFAULT_CAR" gap="349.17"/>
    <instantOut id="215_D52" time="2040.00" state="stay" vehID="Car_11619" speed="12.09" length="5.00" type="DEFAULT_CAR"/>
    <instantOut id="215_D52" time="2040.25" state="stay" vehID="Car_11619" speed="11.89" length="5.00" type="DEFAULT_CAR"/>
    <instantOut id="215_D52" time="2040.31" state="leave" vehID="Car_11619" speed="12.27" length="5.00" type="DEFAULT_CAR" occupancy="0.42"/>
    <instantOut id="215_D52" time="2117.66" state="enter" vehID="Car_11631" speed="11.59" length="5.00" type="DEFAULT_CAR" gap="77.34"/>
    <instantOut id="215_D52" time="2117.75" state="stay" vehID="Car_11631" speed="11.59" length="5.00" type="DEFAULT_CAR"/>
    <instantOut id="215_D52" time="2118.00" state="stay" vehID="Car_11631" speed="11.49" length="5.00" type="DEFAULT_CAR"/>
    <instantOut id="215_D52" time="2118.09" state="leave" vehID="Car_11631" speed="11.18" length="5.00" type="DEFAULT_CAR" occupancy="0.44"/>
    <instantOut id="215_D52" time="2118.98" state="enter" vehID="Car_11642" speed="11.48" length="5.00" type="DEFAULT_CAR" gap="0.89"/>
    <instantOut id="215_D52" time="2119.00" state="stay" vehID="Car_11642" speed="11.48" length="5.00" type="DEFAULT_CAR"/>
    <instantOut id="215_D52" time="2119.25" state="stay" vehID="Car_11642" speed="11.87" length="5.00" type="DEFAULT_CAR"/>
    <instantOut id="215_D52" time="2119.41" state="leave" vehID="Car_11642" speed="11.12" length="5.00" type="DEFAULT_CAR" occupancy="0.43"/>
    <instantOut id="215_D52" time="2161.30" state="enter" vehID="Car_11637" speed="9.23" length="5.00" type="DEFAULT_CAR" gap="41.89"/>
    <instantOut id="215_D52" time="2161.50" state="stay" vehID="Car_11637" speed="9.23" length="5.00" type="DEFAULT_CAR"/>
    <instantOut id="215_D52" time="2161.75" state="stay" vehID="Car_11637" speed="9.42" length="5.00" type="DEFAULT_CAR"/>
    <instantOut id="215_D52" time="2161.84" state="leave" vehID="Car_11637" speed="9.59" length="5.00" type="DEFAULT_CAR" occupancy="0.53"/>
    <instantOut id="215_D52" time="2230.23" state="enter" vehID="Car_11647" speed="8.40" length="5.00" type="DEFAULT_CAR" gap="68.39"/>
    <instantOut id="215_D52" time="2230.25" state="stay" vehID="Car_11647" speed="8.40" length="5.00" type="DEFAULT_CAR"/>
    <instantOut id="215_D52" time="2230.50" state="stay" vehID="Car_11647" speed="8.61" length="5.00" type="DEFAULT_CAR"/>
    <instantOut id="215_D52" time="2230.75" state="stay" vehID="Car_11647" speed="8.77" length="5.00" type="DEFAULT_CAR"/>
    <instantOut id="215_D52" time="2230.81" state="leave" vehID="Car_11647" speed="8.65" length="5.00" type="DEFAULT_CAR" occupancy="0.58"/>
    <instantOut id="215_D52" time="3689.49" state="enter" vehID="Car_24162" speed="15.94" length="5.00" type="DEFAULT_CAR" gap="1458.68"/>
    <instantOut id="215_D52" time="3689.50" state="stay" vehID="Car_24162" speed="15.94" length="5.00" type="DEFAULT_CAR"/>
    <instantOut id="215_D52" time="3689.75" state="stay" vehID="Car_24162" speed="15.56" length="5.00" type="DEFAULT_CAR"/>
    <instantOut id="215_D52" time="3689.82" state="leave" vehID="Car_24162" speed="14.81" length="5.00" type="DEFAULT_CAR" occupancy="0.32"/>
    <instantOut id="215_D52" time="4224.09" state="enter" vehID="Car_21826" speed="10.96" length="5.00" type="DEFAULT_CAR" gap="534.27"/>
    <instantOut id="215_D52" time="4224.25" state="stay" vehID="Car_21826" speed="10.96" length="5.00" type="DEFAULT_CAR"/>
    <instantOut id="215_D52" time="4224.50" state="stay" vehID="Car_21826" speed="11.18" length="5.00" type="DEFAULT_CAR"/>
    <instantOut id="215_D52" time="4224.54" state="leave" vehID="Car_21826" speed="11.35" length="5.00" type="DEFAULT_CAR" occupancy="0.45"/>
    <instantOut id="215_D52" time="4483.16" state="enter" vehID="Car_21841" speed="14.17" length="5.00" type="DEFAULT_CAR" gap="258.63"/>
    <instantOut id="215_D52" time="4483.25" state="stay" vehID="Car_21841" speed="14.17" length="5.00" type="DEFAULT_CAR"/>
    <instantOut id="215_D52" time="4483.50" state="stay" vehID="Car_21841" speed="14.11" length="5.00" type="DEFAULT_CAR"/>
    <instantOut id="215_D52" time="4483.52" state="leave" vehID="Car_21841" speed="13.36" length="5.00" type="DEFAULT_CAR" occupancy="0.35"/>
    <instantOut id="215_D52" time="4568.77" state="enter" vehID="Car_21845" speed="9.60" length="5.00" type="DEFAULT_CAR" gap="85.25"/>
    <instantOut id="215_D52" time="4569.00" state="stay" vehID="Car_21845" speed="9.60" length="5.00" type="DEFAULT_CAR"/>
    <instantOut id="215_D52" time="4569.25" state="stay" vehID="Car_21845" speed="9.42" length="5.00" type="DEFAULT_CAR"/>
    <instantOut id="215_D52" time="4569.29" state="leave" vehID="Car_21845" speed="9.48" length="5.00" type="DEFAULT_CAR" occupancy="0.53"/>
    <instantOut id="215_D52" time="4570.27" state="enter" vehID="Car_21847" speed="10.18" length="5.00" type="DEFAULT_CAR" gap="0.97"/>
    <instantOut id="215_D52" time="4570.50" state="stay" vehID="Car_21847" speed="10.18" length="5.00" type="DEFAULT_CAR"/>
    <instantOut id="215_D52" time="4570.75" state="stay" vehID="Car_21847" speed="9.67" length="5.00" type="DEFAULT_CAR"/>
    <instantOut id="215_D52" time="4570.77" state="leave" vehID="Car_21847" speed="9.98" length="5.00" type="DEFAULT_CAR" occupancy="0.50"/>
    <instantOut id="215_D52" time="4593.56" state="enter" vehID="Car_21853" speed="14.49" length="5.00" type="DEFAULT_CAR" gap="22.79"/>
    <instantOut id="215_D52" time="4593.75" state="stay" vehID="Car_21853" speed="14.49" length="5.00" type="DEFAULT_CAR"/>
    <instantOut id="215_D52" time="4593.91" state="leave" vehID="Car_21853" speed="14.33" length="5.00" type="DEFAULT_CAR" occupancy="0.35"/>
    <instantOut id="215_D52" time="4819.34" state="enter" vehID="Car_21864" speed="14.38" length="5.00" type="DEFAULT_CAR" gap="225.43"/>
    <instantOut id="215_D52" time="4819.50" state="stay" vehID="Car_21864" speed="14.38" length="5.00" type="DEFAULT_CAR"/>
    <instantOut id="215_D52" time="4819.69" state="leave" vehID="Car_21864" speed="14.62" length="5.00" type="DEFAULT_CAR" occupancy="0.34"/>
    <instantOut id="215_D52" time="4899.92" state="enter" vehID="Car_21869" speed="11.84" length="5.00" type="DEFAULT_CAR" gap="80.23"/>
    <instantOut id="215_D52" time="4900.00" state="stay" vehID="Car_21869" speed="11.84" length="5.00" type="DEFAULT_CAR"/>
    <instantOut id="215_D52" time="4900.25" state="stay" vehID="Car_21869" speed="11.84" length="5.00" type="DEFAULT_CAR"/>
    <instantOut id="215_D52" time="4900.34" state="leave" vehID="Car_21869" speed="12.26" length="5.00" type="DEFAULT_CAR" occupancy="0.42"/>
    <instantOut id="215_D52" time="5088.60" state="enter" vehID="Car_21882" speed="14.10" length="5.00" type="DEFAULT_CAR" gap="188.26"/>
    <instantOut id="215_D52" time="5088.75" state="stay" vehID="Car_21882" speed="14.10" length="5.00" type="DEFAULT_CAR"/>
    <instantOut id="215_D52" time="5088.96" state="leave" vehID="Car_21882" speed="14.00" length="5.00" type="DEFAULT_CAR" occupancy="0.36"/>
    <instantOut id="215_D52" time="11469.80" state="enter" vehID="Car_22286" speed="9.39" length="5.00" type="DEFAULT_CAR" gap="6380.84"/>
    <instantOut id="215_D52" time="11470.00" state="stay" vehID="Car_22286" speed="9.39" length="5.00" type="DEFAULT_CAR"/>
    <instantOut id="215_D52" time="11470.25" state="stay" vehID="Car_22286" speed="9.45" length="5.00" type="DEFAULT_CAR"/>
    <instantOut id="215_D52" time="11470.33" state="leave" vehID="Car_22286" speed="9.51" length="5.00" type="DEFAULT_CAR" occupancy="0.53"/>
    <instantOut id="215_D52" time="12121.04" state="enter" vehID="Car_22323" speed="11.85" length="5.00" type="DEFAULT_CAR" gap="650.71"/>
    <instantOut id="215_D52" time="12121.25" state="stay" vehID="Car_22323" speed="11.85" length="5.00" type="DEFAULT_CAR"/>
    <instantOut id="215_D52" time="12121.47" state="leave" vehID="Car_22323" speed="11.51" length="5.00" type="DEFAULT_CAR" occupancy="0.43"/>
    <instantOut id="215_D52" time="13876.03" state="enter" vehID="Car_24124" speed="8.75" length="5.00" type="DEFAULT_CAR" gap="1754.57"/>
    <instantOut id="215_D52" time="13876.25" state="stay" vehID="Car_24124" speed="8.75" length="5.00" type="DEFAULT_CAR"/>
    <instantOut id="215_D52" time="13876.50" state="stay" vehID="Car_24124" speed="8.73" length="5.00" type="DEFAULT_CAR"/>
    <instantOut id="215_D52" time="13876.61" state="leave" vehID="Car_24124" speed="8.67" length="5.00" type="DEFAULT_CAR" occupancy="0.57"/>
    <instantOut id="215_D52" time="14480.14" state="enter" vehID="Car_24716" speed="16.03" length="5.00" type="DEFAULT_CAR" gap="603.54"/>
    <instantOut id="215_D52" time="14480.25" state="stay" vehID="Car_24716" speed="16.03" length="5.00" type="DEFAULT_CAR"/>
    <instantOut id="215_D52" time="14480.47" state="leave" vehID="Car_24716" speed="15.28" length="5.00" type="DEFAULT_CAR" occupancy="0.32"/>
    <instantOut id="215_D52" time="14489.39" state="enter" vehID="Car_24717" speed="8.17" length="5.00" type="DEFAULT_CAR" gap="8.92"/>
    <instantOut id="215_D52" time="14489.50" state="stay" vehID="Car_24717" speed="8.17" length="5.00" type="DEFAULT_CAR"/>
    <instantOut id="215_D52" time="14489.75" state="stay" vehID="Car_24717" speed="8.07" length="5.00" type="DEFAULT_CAR"/>
    <instantOut id="215_D52" time="14490.00" state="stay" vehID="Car_24717" speed="7.96" length="5.00" type="DEFAULT_CAR"/>
    <instantOut id="215_D52" time="14490.01" state="leave" vehID="Car_24717" speed="8.29" length="5.00" type="DEFAULT_CAR" occupancy="0.62"/>
    <instantOut id="215_D52" time="14599.32" state="enter" vehID="Car_24727" speed="15.52" length="5.00" type="DEFAULT_CAR" gap="109.30"/>
    <instantOut id="215_D52" time="14599.50" state="stay" vehID="Car_24727" speed="15.52" length="5.00" type="DEFAULT_CAR"/>
    <instantOut id="215_D52" time="14599.64" state="leave" vehID="Car_24727" speed="14.83" length="5.00" type="DEFAULT_CAR" occupancy="0.33"/>
    <instantOut id="215_D52" time="14639.88" state="enter" vehID="Car_24729" speed="14.37" length="5.00" type="DEFAULT_CAR" gap="40.23"/>
    <instantOut id="215_D52" time="14640.00" state="stay" vehID="Car_24729" speed="14.37" length="5.00" type="DEFAULT_CAR"/>
    <instantOut id="215_D52" time="14640.23" state="leave" vehID="Car_24729" speed="14.26" length="5.00" type="DEFAULT_CAR" occupancy="0.35"/>
    <instantOut id="215_D52" time="14717.99" state="enter" vehID="Car_24735" speed="13.68" length="5.00" type="DEFAULT_CAR" gap="77.77"/>
    <instantOut id="215_D52" time="14718.00" state="stay" vehID="Car_24735" speed="13.68" length="5.00" type="DEFAULT_CAR"/>
    <instantOut id="215_D52" time="14718.25" state="stay" vehID="Car_24735" speed="13.71" length="5.00" type="DEFAULT_CAR"/>
    <instantOut id="215_D52" time="14718.36" state="leave" vehID="Car_24735" speed="13.46" length="5.00" type="DEFAULT_CAR" occupancy="0.37"/>
    <instantOut id="215_D52" time="14771.54" state="enter" vehID="Car_24738" speed="8.31" length="5.00" type="DEFAULT_CAR" gap="53.19"/>
    <instantOut id="215_D52" time="14771.75" state="stay" vehID="Car_24738" speed="8.31" length="5.00" type="DEFAULT_CAR"/>
    <instantOut id="215_D52" time="14772.00" state="stay" vehID="Car_24738" speed="8.17" length="5.00" type="DEFAULT_CAR"/>
    <instantOut id="215_D52" time="14772.15" state="leave" vehID="Car_24738" speed="8.32" length="5.00" type="DEFAULT_CAR" occupancy="0.61"/>
    <instantOut id="215_D52" time="14773.16" state="enter" vehID="Car_24740" speed="8.59" length="5.00" type="DEFAULT_CAR" gap="1.01"/>
    <instantOut id="215_D52" time="14773.25" state="stay" vehID="Car_24740" speed="8.59" length="5.00" type="DEFAULT_CAR"/>
    <instantOut id="215_D52" time="14773.50" state="stay" vehID="Car_24740" speed="8.58" length="5.00" type="DEFAULT_CAR"/>
    <instantOut id="215_D52" time="14773.75" state="stay" vehID="Car_24740" speed="8.25" length="5.00" type="DEFAULT_CAR"/>
    <instantOut id="215_D52" time="14773.75" state="leave" vehID="Car_24740" speed="8.09" length="5.00" type="DEFAULT_CAR" occupancy="0.59"/>
    <instantOut id="215_D52" time="14774.68" state="enter" vehID="Car_24741" speed="8.66" length="5.00" type="DEFAULT_CAR" gap="0.92"/>
    <instantOut id="215_D52" time="14774.75" state="stay" vehID="Car_24741" speed="8.66" length="5.00" type="DEFAULT_CAR"/>
    <instantOut id="215_D52" time="14775.00" state="stay" vehID="Car_24741" speed="8.25" length="5.00" type="DEFAULT_CAR"/>
    <instantOut id="215_D52" time="14775.25" state="stay" vehID="Car_24741" speed="8.00" length="5.00" type="DEFAULT_CAR"/>
    <instantOut id="215_D52" time="14775.29" state="leave" vehID="Car_24741" speed="8.26" length="5.00" type="DEFAULT_CAR" occupancy="0.61"/>
    <instantOut id="215_D52" time="14793.33" state="enter" vehID="Car_24745" speed="8.51" length="5.00" type="DEFAULT_CAR" gap="18.04"/>
    <instantOut id="215_D52" time="14793.50" state="stay" vehID="Car_24745" speed="8.51" length="5.00" type="DEFAULT_CAR"/>
    <instantOut id="215_D52" time="14793.75" state="stay" vehID="Car_24745" speed="7.76" length="5.00" type="DEFAULT_CAR"/>
    <instantOut id="215_D52" time="14793.97" state="leave" vehID="Car_24745" speed="7.01" length="5.00" type="DEFAULT_CAR" occupancy="0.65"/>
    <instantOut id="215_D52" time="14926.27" state="enter" vehID="Car_24750" speed="10.91" length="5.00" type="DEFAULT_CAR" gap="132.29"/>
    <instantOut id="215_D52" time="14926.50" state="stay" vehID="Car_24750" speed="10.91" length="5.00" type="DEFAULT_CAR"/>
    <instantOut id="215_D52" time="14926.73" state="leave" vehID="Car_24750" speed="10.59" length="5.00" type="DEFAULT_CAR" occupancy="0.47"/>
    <instantOut id="215_D52" time="14958.57" state="enter" vehID="Car_24752" speed="14.77" length="5.00" type="DEFAULT_CAR" gap="31.84"/>
    <instantOut id="215_D52" time="14958.75" state="stay" vehID="Car_24752" speed="14.77" length="5.00" type="DEFAULT_CAR"/>
    <instantOut id="215_D52" time="14958.92" state="leave" vehID="Car_24752" speed="14.02" length="5.00" type="DEFAULT_CAR" occupancy="0.35"/>
    <instantOut id="215_D52" time="16000.67" state="enter" vehID="Car_22577" speed="15.68" length="5.00" type="DEFAULT_CAR" gap="1041.76"/>
    <instantOut id="215_D52" time="16000.75" state="stay" vehID="Car_22577" speed="15.68" length="5.00" type="DEFAULT_CAR"/>
    <instantOut id="215_D52" time="16001.00" state="leave" vehID="Car_22577" speed="15.39" length="5.00" type="DEFAULT_CAR" occupancy="0.32"/>
    <instantOut id="215_D52" time="16145.36" state="enter" vehID="Car_22591" speed="11.49" length="5.00" type="DEFAULT_CAR" gap="144.37"/>
    <instantOut id="215_D52" time="16145.50" state="stay" vehID="Car_22591" speed="11.49" length="5.00" type="DEFAULT_CAR"/>
    <instantOut id="215_D52" time="16145.75" state="stay" vehID="Car_22591" speed="11.44" length="5.00" type="DEFAULT_CAR"/>
    <instantOut id="215_D52" time="16145.80" state="leave" vehID="Car_22591" speed="11.48" length="5.00" type="DEFAULT_CAR" occupancy="0.44"/>
    <instantOut id="215_D52" time="16485.61" state="enter" vehID="Car_22611" speed="11.01" length="5.00" type="DEFAULT_CAR" gap="339.81"/>
    <instantOut id="215_D52" time="16485.75" state="stay" vehID="Car_22611" speed="11.01" length="5.00" type="DEFAULT_CAR"/>
    <instantOut id="215_D52" time="16486.00" state="stay" vehID="Car_22611" speed="11.08" length="5.00" type="DEFAULT_CAR"/>
    <instantOut id="215_D52" time="16486.06" state="leave" vehID="Car_22611" speed="10.89" length="5.00" type="DEFAULT_CAR" occupancy="0.45"/>
    <instantOut id="215_D52" time="16701.36" state="enter" vehID="Car_22626" speed="5.58" length="5.00" type="DEFAULT_CAR" gap="215.30"/>
    <instantOut id="215_D52" time="16701.50" state="stay" vehID="Car_22626" speed="5.58" length="5.00" type="DEFAULT_CAR"/>
    <instantOut id="215_D52" time="16701.75" state="stay" vehID="Car_22626" speed="5.58" length="5.00" type="DEFAULT_CAR"/>
    <instantOut id="215_D52" time="16702.00" state="stay" vehID="Car_22626" speed="5.47" length="5.00" type="DEFAULT_CAR"/>
    <instantOut id="215_D52" time="16702.25" state="stay" vehID="Car_22626" speed="5.30" length="5.00" type="DEFAULT_CAR"/>
    <instantOut id="215_D52" time="16702.28" state="leave" vehID="Car_22626" speed="5.35" length="5.00" type="DEFAULT_CAR" occupancy="0.91"/>
    <instantOut id="215_D52" time="16881.40" state="enter" vehID="Car_24878" speed="13.66" length="5.00" type="DEFAULT_CAR" gap="179.13"/>
    <instantOut id="215_D52" time="16881.50" state="stay" vehID="Car_24878" speed="13.66" length="5.00" type="DEFAULT_CAR"/>
    <instantOut id="215_D52" time="16881.75" state="stay" vehID="Car_24878" speed="13.51" length="5.00" type="DEFAULT_CAR"/>
    <instantOut id="215_D52" time="16881.77" state="leave" vehID="Car_24878" speed="13.86" length="5.00" type="DEFAULT_CAR" occupancy="0.37"/>
    <instantOut id="215_D52" time="17011.75" state="enter" vehID="Car_8309" speed="15.23" length="5.00" type="DEFAULT_CAR" gap="129.98"/>
    <instantOut id="215_D52" time="17011.75" state="stay" vehID="Car_8309" speed="15.23" length="5.00" type="DEFAULT_CAR"/>
    <instantOut id="215_D52" time="17012.00" state="stay" vehID="Car_8309" speed="14.48" length="5.00" type="DEFAULT_CAR"/>
    <instantOut id="215_D52" time="17012.10" state="leave" vehID="Car_8309" speed="13.73" length="5.00" type="DEFAULT_CAR" occupancy="0.35"/>
    <instantOut id="215_D52" time="17017.54" state="enter" vehID="Car_9687" speed="12.25" length="5.00" type="DEFAULT_CAR" gap="5.44"/>
    <instantOut id="215_D52" time="17017.75" state="stay" vehID="Car_9687" speed="12.25" length="5.00" type="DEFAULT_CAR"/>
    <instantOut id="215_D52" time="17017.96" state="leave" vehID="Car_9687" speed="11.59" length="5.00" type="DEFAULT_CAR" occupancy="0.42"/>
    <instantOut id="215_D52" time="17022.87" state="enter" vehID="Car_24889" speed="10.65" length="5.00" type="DEFAULT_CAR" gap="4.91"/>
    <instantOut id="215_D52" time="17023.00" state="stay" vehID="Car_24889" speed="10.65" length="5.00" type="DEFAULT_CAR"/>
    <instantOut id="215_D52" time="17023.25" state="stay" vehID="Car_24889" speed="9.90" length="5.00" type="DEFAULT_CAR"/>
    <instantOut id="215_D52" time="17023.37" state="leave" vehID="Car_24889" speed="9.38" length="5.00" type="DEFAULT_CAR" occupancy="0.50"/>
    <instantOut id="215_D52" time="17040.36" state="enter" vehID="Car_22645" speed="16.02" length="5.00" type="DEFAULT_CAR" gap="16.99"/>
    <instantOut id="215_D52" time="17040.50" state="stay" vehID="Car_22645" speed="16.02" length="5.00" type="DEFAULT_CAR"/>
    <instantOut id="215_D52" time="17040.68" state="leave" vehID="Car_22645" speed="15.27" length="5.00" type="DEFAULT_CAR" occupancy="0.32"/>
    <instantOut id="215_D52" time="17048.88" state="enter" vehID="Car_24891" speed="11.34" length="5.00" type="DEFAULT_CAR" gap="8.20"/>
    <instantOut id="215_D52" time="17049.00" state="stay" vehID="Car_24891" speed="11.34" length="5.00" type="DEFAULT_CAR"/>
    <instantOut id="215_D52" time="17049.25" state="stay" vehID="Car_24891" speed="11.63" length="5.00" type="DEFAULT_CAR"/>
    <instantOut id="215_D52" time="17049.31" state="leave" vehID="Car_24891" speed="11.59" length="5.00" type="DEFAULT_CAR" occupancy="0.43"/>
    <instantOut id="215_D52" time="17134.05" state="enter" vehID="Car_24896" speed="11.13" length="5.00" type="DEFAULT_CAR" gap="84.74"/>
    <instantOut id="215_D52" time="17134.25" state="stay" vehID="Car_24896" speed="11.13" length="5.00" type="DEFAULT_CAR"/>
    <instantOut id="215_D52" time="17134.50" state="stay" vehID="Car_24896" speed="11.11" length="5.00" type="DEFAULT_CAR"/>
    <instantOut id="215_D52" time="17134.50" state="leave" vehID="Car_24896" speed="11.00" length="5.00" type="DEFAULT_CAR" occupancy="0.45"/>
    <instantOut id="215_D52" time="17151.23" state="enter" vehID="Car_22660" speed="16.11" length="5.00" type="DEFAULT_CAR" gap="16.73"/>
    <instantOut id="215_D52" time="17151.25" state="stay" vehID="Car_22660" speed="16.11" length="5.00" type="DEFAULT_CAR"/>
    <instantOut id="215_D52" time="17151.50" state="stay" vehID="Car_22660" speed="15.41" length="5.00" type="DEFAULT_CAR"/>
    <instantOut id="215_D52" time="17151.56" state="leave" vehID="Car_22660" speed="14.83" length="5.00" type="DEFAULT_CAR" occupancy="0.33"/>
    <instantOut id="215_D52" time="17179.89" state="enter" vehID="Car_24900" speed="13.31" length="5.00" type="DEFAULT_CAR" gap="28.34"/>
    <instantOut id="215_D52" time="17180.00" state="stay" vehID="Car_24900" speed="13.31" length="5.00" type="DEFAULT_CAR"/>
    <instantOut id="215_D52" time="17180.25" state="stay" vehID="Car_24900" speed="13.41" length="5.00" type="DEFAULT_CAR"/>
    <instantOut id="215_D52" time="17180.27" state="leave" vehID="Car_24900" speed="13.38" length="5.00" type="DEFAULT_CAR" occupancy="0.37"/>
    <instantOut id="215_D52" time="17225.95" state="enter" vehID="Car_22666" speed="13.59" length="5.00" type="DEFAULT_CAR" gap="45.69"/>
    <instantOut id="215_D52" time="17226.00" state="stay" vehID="Car_22666" speed="13.59" length="5.00" type="DEFAULT_CAR"/>
    <instantOut id="215_D52" time="17226.25" state="stay" vehID="Car_22666" speed="13.57" length="5.00" type="DEFAULT_CAR"/>
    <instantOut id="215_D52" time="17226.32" state="leave" vehID="Car_22666" speed="13.49" length="5.00" type="DEFAULT_CAR" occupancy="0.37"/>
    <instantOut id="215_D52" time="17436.60" state="enter" vehID="Car_22678" speed="14.87" length="5.00" type="DEFAULT_CAR" gap="210.28"/>
    <instantOut id="215_D52" time="17436.75" state="stay" vehID="Car_22678" speed="14.87" length="5.00" type="DEFAULT_CAR"/>
    <instantOut id="215_D52" time="17436.94" state="leave" vehID="Car_22678" speed="14.96" length="5.00" type="DEFAULT_CAR" occupancy="0.34"/>
    <instantOut id="215_D52" time="17501.84" state="enter" vehID="Car_22682" speed="12.38" length="5.00" type="DEFAULT_CAR" gap="64.91"/>
    <instantOut id="215_D52" time="17502.00" state="stay" vehID="Car_22682" speed="12.38" length="5.00" type="DEFAULT_CAR"/>
    <instantOut id="215_D52" time="17502.25" state="leave" vehID="Car_22682" speed="12.29" length="5.00" type="DEFAULT_CAR" occupancy="0.41"/>
    <instantOut id="215_D52" time="17569.30" state="enter" vehID="Car_24922" speed="14.60" length="5.00" type="DEFAULT_CAR" gap="67.05"/>
    <instantOut id="215_D52" time="17569.50" state="stay" vehID="Car_24922" speed="14.60" length="5.00" type="DEFAULT_CAR"/>
    <instantOut id="215_D52" time="17569.65" state="leave" vehID="Car_24922" speed="13.85" length="5.00" type="DEFAULT_CAR" occupancy="0.35"/>
    <instantOut id="215_D52" time="17637.41" state="enter" vehID="Car_24930" speed="16.13" length="5.00" type="DEFAULT_CAR" gap="67.76"/>
    <instantOut id="215_D52" time="17637.50" state="stay" vehID="Car_24930" speed="16.13" length="5.00" type="DEFAULT_CAR"/>
    <instantOut id="215_D52" time="17637.73" state="leave" vehID="Car_24930" speed="15.38" length="5.00" type="DEFAULT_CAR" occupancy="0.32"/>
    <instantOut id="215_D52" time="18656.80" state="enter" vehID="Car_24973" speed="13.90" length="5.00" type="DEFAULT_CAR" gap="1019.07"/>
    <instantOut id="215_D52" time="18657.00" state="stay" vehID="Car_24973" speed="13.90" length="5.00" type="DEFAULT_CAR"/>
    <instantOut id="215_D52" time="18657.16" state="leave" vehID="Car_24973" speed="13.76" length="5.00" type="DEFAULT_CAR" occupancy="0.36"/>
    <instantOut id="215_D52" time="18978.12" state="enter" vehID="Car_24986" speed="14.81" length="5.00" type="DEFAULT_CAR" gap="320.96"/>
    <instantOut id="215_D52" time="18978.25" state="stay" vehID="Car_24986" speed="14.81" length="5.00" type="DEFAULT_CAR"/>
    <instantOut id="215_D52" time="18978.47" state="leave" vehID="Car_24986" speed="14.06" length="5.00" type="DEFAULT_CAR" occupancy="0.35"/>
    <instantOut id="215_D52" time="18988.71" state="enter" vehID="Car_24988" speed="16.30" length="5.00" type="DEFAULT_CAR" gap="10.25"/>
    <instantOut id="215_D52" time="18988.75" state="stay" vehID="Car_24988" speed="16.30" length="5.00" type="DEFAULT_CAR"/>
    <instantOut id="215_D52" time="18989.00" state="stay" vehID="Car_24988" speed="15.55" length="5.00" type="DEFAULT_CAR"/>
    <instantOut id="215_D52" time="18989.04" state="leave" vehID="Car_24988" speed="14.80" length="5.00" type="DEFAULT_CAR" occupancy="0.32"/>
    <instantOut id="215_D52" time="19059.06" state="enter" vehID="Car_24997" speed="15.66" length="5.00" type="DEFAULT_CAR" gap="70.02"/>
    <instantOut id="215_D52" time="19059.25" state="stay" vehID="Car_24997" speed="15.66" length="5.00" type="DEFAULT_CAR"/>
    <instantOut id="215_D52" time="19059.38" state="leave" vehID="Car_24997" speed="14.96" length="5.00" type="DEFAULT_CAR" occupancy="0.33"/>
    <instantOut id="215_D52" time="19310.44" state="enter" vehID="Car_25005" speed="14.33" length="5.00" type="DEFAULT_CAR" gap="251.05"/>
    <instantOut id="215_D52" time="19310.50" state="stay" vehID="Car_25005" speed="14.33" length="5.00" type="DEFAULT_CAR"/>
    <instantOut id="215_D52" time="19310.75" state="stay" vehID="Car_25005" speed="13.94" length="5.00" type="DEFAULT_CAR"/>
    <instantOut id="215_D52" time="19310.80" state="leave" vehID="Car_25005" speed="13.24" length="5.00" type="DEFAULT_CAR" occupancy="0.36"/>
    <instantOut id="215_D52" time="19312.68" state="enter" vehID="Car_25006" speed="12.74" length="5.00" type="DEFAULT_CAR" gap="1.88"/>
    <instantOut id="215_D52" time="19312.75" state="stay" vehID="Car_25006" speed="12.74" length="5.00" type="DEFAULT_CAR"/>
    <instantOut id="215_D52" time="19313.00" state="stay" vehID="Car_25006" speed="12.04" length="5.00" type="DEFAULT_CAR"/>
    <instantOut id="215_D52" time="19313.10" state="leave" vehID="Car_25006" speed="11.29" length="5.00" type="DEFAULT_CAR" occupancy="0.42"/>
    <instantOut id="215_D52" time="19315.68" state="enter" vehID="Car_25007" speed="10.43" length="5.00" type="DEFAULT_CAR" gap="2.58"/>
    <instantOut id="215_D52" time="19315.75" state="stay" vehID="Car_25007" speed="10.43" length="5.00" type="DEFAULT_CAR"/>
    <instantOut id="215_D52" time="19316.00" state="stay" vehID="Car_25007" speed="9.68" length="5.00" type="DEFAULT_CAR"/>
    <instantOut id="215_D52" time="19316.20" state="leave" vehID="Car_25007" speed="8.95" length="5.00" type="DEFAULT_CAR" occupancy="0.53"/>
    <instantOut id="215_D52" time="19361.49" state="enter" vehID="Car_25008" speed="15.13" length="5.00" type="DEFAULT_CAR" gap="45.29"/>
    <instantOut id="215_D52" time="19361.50" state="stay" vehID="Car_25008" speed="15.13" length="5.00" type="DEFAULT_CAR"/>
    <instantOut id="215_D52" time="19361.75" state="stay" vehID="Car_25008" speed="15.29" length="5.00" type="DEFAULT_CAR"/>
    <instantOut id="215_D52" time="19361.82" state="leave" vehID="Car_25008" speed="14.65" length="5.00" type="DEFAULT_CAR" occupancy="0.33"/>
    <instantOut id="215_D52" time="19493.98" state="enter" vehID="Car_25020" speed="12.01" length="5.00" type="DEFAULT_CAR" gap="132.16"/>
    <instantOut id="215_D52" time="19494.00" state="stay" vehID="Car_25020" speed="12.01" length="5.00" type="DEFAULT_CAR"/>
    <instantOut id="215_D52" time="19494.25" state="stay" vehID="Car_25020" speed="12.12" length="5.00" type="DEFAULT_CAR"/>
    <instantOut id="215_D52" time="19494.39" state="leave" vehID="Car_25020" speed="12.11" length="5.00" type="DEFAULT_CAR" occupancy="0.41"/>
    <instantOut id="215_D52" time="20606.46" state="enter" vehID="Car_22882" speed="13.85" length="5.00" type="DEFAULT_CAR" gap="1112.07"/>
    <instantOut id="215_D52" time="20606.50" state="stay" vehID="Car_22882" speed="13.85" length="5.00" type="DEFAULT_CAR"/>
    <instantOut id="215_D52" time="20606.75" state="stay" vehID="Car_22882" speed="14.13" length="5.00" type="DEFAULT_CAR"/>
    <instantOut id="215_D52" time="20606.82" state="leave" vehID="Car_22882" speed="13.90" length="5.00" type="DEFAULT_CAR" occupancy="0.36"/>
    <instantOut id="215_D52" time="20637.10" state="enter" vehID="Car_22884" speed="8.77" length="5.00" type="DEFAULT_CAR" gap="30.29"/>
    <instantOut id="215_D52" time="20637.25" state="stay" vehID="Car_22884" speed="8.77" length="5.00" type="DEFAULT_CAR"/>
    <instantOut id="215_D52" time="20637.50" state="stay" vehID="Car_22884" speed="8.79" length="5.00" type="DEFAULT_CAR"/>
    <instantOut id="215_D52" time="20637.67" state="leave" vehID="Car_22884" speed="9.03" length="5.00" type="DEFAULT_CAR" occupancy="0.56"/>
    <instantOut id="215_D52" time="21002.83" state="enter" vehID="Car_22909" speed="11.23" length="5.00" type="DEFAULT_CAR" gap="365.16"/>
    <instantOut id="215_D52" time="21003.00" state="stay" vehID="Car_22909" speed="11.23" length="5.00" type="DEFAULT_CAR"/>
    <instantOut id="215_D52" time="21003.25" state="stay" vehID="Car_22909" speed="11.46" length="5.00" type="DEFAULT_CAR"/>
    <instantOut id="215_D52" time="21003.27" state="leave" vehID="Car_22909" speed="11.47" length="5.00" type="DEFAULT_CAR" occupancy="0.44"/>
    <instantOut id="215_D52" time="21155.33" state="enter" vehID="Car_22914" speed="4.57" length="5.00" type="DEFAULT_CAR" gap="152.06"/>
    <instantOut id="215_D52" time="21155.50" state="stay" vehID="Car_22914" speed="4.57" length="5.00" type="DEFAULT_CAR"/>
    <instantOut id="215_D52" time="21155.75" state="stay" vehID="Car_22914" speed="4.39" length="5.00" type="DEFAULT_CAR"/>
    <instantOut id="215_D52" time="21156.00" state="stay" vehID="Car_22914" speed="4.26" length="5.00" type="DEFAULT_CAR"/>
    <instantOut id="215_D52" time="21156.25" state="stay" vehID="Car_22914" speed="4.41" length="5.00" type="DEFAULT_CAR"/>
    <instantOut id="215_D52" time="21156.47" state="leave" vehID="Car_22914" speed="4.37" length="5.00" type="DEFAULT_CAR" occupancy="1.14"/>
    <instantOut id="215_D52" time="21185.48" state="enter" vehID="Car_22920" speed="9.02" length="5.00" type="DEFAULT_CAR" gap="29.02"/>
    <instantOut id="215_D52" time="21185.50" state="stay" vehID="Car_22920" speed="9.02" length="5.00" type="DEFAULT_CAR"/>
    <instantOut id="215_D52" time="21185.75" state="stay" vehID="Car_22920" speed="9.06" length="5.00" type="DEFAULT_CAR"/>
    <instantOut id="215_D52" time="21186.00" state="stay" vehID="Car_22920" speed="9.38" length="5.00" type="DEFAULT_CAR"/>
    <instantOut id="215_D52" time="21186.02" state="leave" vehID="Car_22920" speed="8.98" length="5.00" type="DEFAULT_CAR" occupancy="0.54"/>
    <instantOut id="215_D52" time="21293.17" state="enter" vehID="Car_22927" speed="12.54" length="5.00" type="DEFAULT_CAR" gap="107.14"/>
    <instantOut id="215_D52" time="21293.25" state="stay" vehID="Car_22927" speed="12.54" length="5.00" type="DEFAULT_CAR"/>
    <instantOut id="215_D52" time="21293.50" state="stay" vehID="Car_22927" speed="12.26" length="5.00" type="DEFAULT_CAR"/>
    <instantOut id="215_D52" time="21293.58" state="leave" vehID="Car_22927" speed="12.27" length="5.00" type="DEFAULT_CAR" occupancy="0.41"/>
    <instantOut id="215_D52" time="21721.59" state="enter" vehID="Car_22966" speed="15.16" length="5.00" type="DEFAULT_CAR" gap="428.01"/>
    <instantOut id="215_D52" time="21721.75" state="stay" vehID="Car_22966" speed="15.16" length="5.00" type="DEFAULT_CAR"/>
    <instantOut id="215_D52" time="21721.92" state="leave" vehID="Car_22966" speed="15.01" length="5.00" type="DEFAULT_CAR" occupancy="0.33"/>
    <instantOut id="215_D52" time="21727.06" state="enter" vehID="Car_22967" speed="10.89" length="5.00" type="DEFAULT_CAR" gap="5.14"/>
    <instantOut id="215_D52" time="21727.25" state="stay" vehID="Car_22967" speed="10.89" length="5.00" type="DEFAULT_CAR"/>
    <instantOut id="215_D52" time="21727.50" state="stay" vehID="Car_22967" speed="10.92" length="5.00" type="DEFAULT_CAR"/>
    <instantOut id="215_D52" time="21727.52" state="leave" vehID="Car_22967" speed="10.90" length="5.00" type="DEFAULT_CAR" occupancy="0.46"/>
    <instantOut id="215_D52" time="21839.55" state="enter" vehID="Car_24136" speed="15.80" length="5.00" type="DEFAULT_CAR" gap="112.03"/>
    <instantOut id="215_D52" time="21839.75" state="stay" vehID="Car_24136" speed="15.80" length="5.00" type="DEFAULT_CAR"/>
    <instantOut id="215_D52" time="21839.87" state="leave" vehID="Car_24136" speed="15.05" length="5.00" type="DEFAULT_CAR" occupancy="0.32"/>
    <instantOut id="215_D52" time="21896.62" state="enter" vehID="Car_22983" speed="15.62" length="5.00" type="DEFAULT_CAR" gap="56.75"/>
    <instantOut id="215_D52" time="21896.75" state="stay" vehID="Car_22983" speed="15.62" length="5.00" type="DEFAULT_CAR"/>
    <instantOut id="215_D52" time="21896.94" state="leave" vehID="Car_22983" speed="15.06" length="5.00" type="DEFAULT_CAR" occupancy="0.33"/>
    <instantOut id="215_D52" time="21930.29" state="enter" vehID="Car_22985" speed="8.61" length="5.00" type="DEFAULT_CAR" gap="33.34"/>
    <instantOut id="215_D52" time="21930.50" state="stay" vehID="Car_22985" speed="8.61" length="5.00" type="DEFAULT_CAR"/>
    <instantOut id="215_D52" time="21930.75" state="stay" vehID="Car_22985" speed="8.18" length="5.00" type="DEFAULT_CAR"/>
    <instantOut id="215_D52" time="21930.88" state="leave" vehID="Car_22985" speed="8.57" length="5.00" type="DEFAULT_CAR" occupancy="0.59"/>
    <instantOut id="215_D52" time="21969.67" state="enter" vehID="Car_22988" speed="13.02" length="5.00" type="DEFAULT_CAR" gap="38.79"/>
    <instantOut id="215_D52" time="21969.75" state="stay" vehID="Car_22988" speed="13.02" length="5.00" type="DEFAULT_CAR"/>
    <instantOut id="215_D52" time="21970.00" state="stay" vehID="Car_22988" speed="13.23" length="5.00" type="DEFAULT_CAR"/>
    <instantOut id="215_D52" time="21970.05" state="leave" vehID="Car_22988" speed="13.36" length="5.00" type="DEFAULT_CAR" occupancy="0.38"/>
    <instantOut id="215_D52" time="21992.20" state="enter" vehID="Car_22993" speed="12.89" length="5.00" type="DEFAULT_CAR" gap="22.16"/>
    <instantOut id="215_D52" time="21992.25" state="stay" vehID="Car_22993" speed="12.89" length="5.00" type="DEFAULT_CAR"/>
    <instantOut id="215_D52" time="21992.50" state="stay" vehID="Car_22993" speed="12.89" length="5.00" type="DEFAULT_CAR"/>
    <instantOut id="215_D52" time="21992.59" state="leave" vehID="Car_22993" speed="12.86" length="5.00" type="DEFAULT_CAR" occupancy="0.39"/>
    <instantOut id="215_D52" time="22127.28" state="enter" vehID="Car_25152" speed="5.93" length="5.00" type="DEFAULT_CAR" gap="134.69"/>
    <instantOut id="215_D52" time="22127.50" state="stay" vehID="Car_25152" speed="5.93" length="5.00" type="DEFAULT_CAR"/>
    <instantOut id="215_D52" time="22127.75" state="stay" vehID="Car_25152" speed="6.23" length="5.00" type="DEFAULT_CAR"/>
    <instantOut id="215_D52" time="22128.00" state="stay" vehID="Car_25152" speed="5.99" length="5.00" type="DEFAULT_CAR"/>
    <instantOut id="215_D52" time="22128.11" state="leave" vehID="Car_25152" speed="5.91" length="5.00" type="DEFAULT_CAR" occupancy="0.83"/>
    <instantOut id="215_D52" time="22145.83" state="enter" vehID="Car_25156" speed="14.80" length="5.00" type="DEFAULT_CAR" gap="17.71"/>
    <instantOut id="215_D52" time="22146.00" state="stay" vehID="Car_25156" speed="14.80" length="5.00" type="DEFAULT_CAR"/>
    <instantOut id="215_D52" time="22146.17" state="leave" vehID="Car_25156" speed="14.05" length="5.00" type="DEFAULT_CAR" occupancy="0.35"/>
    <instantOut id="215_D52" time="22228.01" state="enter" vehID="Car_23003" speed="15.72" length="5.00" type="DEFAULT_CAR" gap="81.84"/>
    <instantOut id="215_D52" time="22228.25" state="stay" vehID="Car_23003" speed="15.72" length="5.00" type="DEFAULT_CAR"/>
    <instantOut id="215_D52" time="22228.33" state="leave" vehID="Car_23003" speed="15.00" length="5.00" type="DEFAULT_CAR" occupancy="0.32"/>
    <instantOut id="215_D52" time="22239.29" state="enter" vehID="Car_23005" speed="14.59" length="5.00" type="DEFAULT_CAR" gap="10.95"/>
    <instantOut id="215_D52" time="22239.50" state="stay" vehID="Car_23005" speed="14.59" length="5.00" type="DEFAULT_CAR"/>
    <instantOut id="215_D52" time="22239.64" state="leave" vehID="Car_23005" speed="13.84" length="5.00" type="DEFAULT_CAR" occupancy="0.35"/>
    <instantOut id="215_D52" time="22329.60" state="enter" vehID="Car_23012" speed="13.40" length="5.00" type="DEFAULT_CAR" gap="89.96"/>
    <instantOut id="215_D52" time="22329.75" state="stay" vehID="Car_23012" speed="13.40" length="5.00" type="DEFAULT_CAR"/>
    <instantOut id="215_D52" time="22329.97" state="leave" vehID="Car_23012" speed="13.33" length="5.00" type="DEFAULT_CAR" occupancy="0.37"/>
    <instantOut id="215_D52" time="22594.03" state="enter" vehID="Car_23022" speed="13.32" length="5.00" type="DEFAULT_CAR" gap="264.06"/>
    <instantOut id="215_D52" time="22594.25" state="stay" vehID="Car_23022" speed="13.32" length="5.00" type="DEFAULT_CAR"/>
    <instantOut id="215_D52" time="22594.41" state="leave" vehID="Car_23022" speed="13.18" length="5.00" type="DEFAULT_CAR" occupancy="0.38"/>
    <instantOut id="215_D52" time="24238.99" state="enter" vehID="Car_25297" speed="14.59" length="5.00" type="DEFAULT_CAR" gap="1644.58"/>
    <instantOut id="215_D52" time="24239.00" state="stay" vehID="Car_25297" speed="14.59" length="5.00" type="DEFAULT_CAR"/>
    <instantOut id="215_D52" time="24239.25" state="stay" vehID="Car_25297" speed="14.47" length="5.00" type="DEFAULT_CAR"/>
    <instantOut id="215_D52" time="24239.33" state="leave" vehID="Car_25297" speed="14.46" length="5.00" type="DEFAULT_CAR" occupancy="0.35"/>
    <instantOut id="215_D52" time="24379.83" state="enter" vehID="Car_25301" speed="14.74" length="5.00" type="DEFAULT_CAR" gap="140.50"/>
    <instantOut id="215_D52" time="24380.00" state="stay" vehID="Car_25301" speed="14.74" length="5.00" type="DEFAULT_CAR"/>
    <instantOut id="215_D52" time="24380.18" state="leave" vehID="Car_25301" speed="13.99" length="5.00" type="DEFAULT_CAR" occupancy="0.35"/>
    <instantOut id="215_D52" time="24396.21" state="enter" vehID="Car_25308" speed="16.31" length="5.00" type="DEFAULT_CAR" gap="16.03"/>
    <instantOut id="215_D52" time="24396.25" state="stay" vehID="Car_25308" speed="16.31" length="5.00" type="DEFAULT_CAR"/>
    <instantOut id="215_D52" time="24396.50" state="stay" vehID="Car_25308" speed="15.56" length="5.00" type="DEFAULT_CAR"/>
    <instantOut id="215_D52" time="24396.53" state="leave" vehID="Car_25308" speed="14.81" length="5.00" type="DEFAULT_CAR" occupancy="0.32"/>
    <instantOut id="215_D52" time="24725.67" state="enter" vehID="Car_25329" speed="11.54" length="5.00" type="DEFAULT_CAR" gap="329.14"/>
    <instantOut id="215_D52" time="24725.75" state="stay" vehID="Car_25329" speed="11.54" length="5.00" type="DEFAULT_CAR"/>
    <instantOut id="215_D52" time="24726.00" state="stay" vehID="Car_25329" speed="11.78" length="5.00" type="DEFAULT_CAR"/>
    <instantOut id="215_D52" time="24726.09" state="leave" vehID="Car_25329" speed="11.79" length="5.00" type="DEFAULT_CAR" occupancy="0.43"/>
    <instantOut id="215_D52" time="24996.04" state="enter" vehID="Car_25339" speed="9.18" length="5.00" type="DEFAULT_CAR" gap="269.94"/>
    <instantOut id="215_D52" time="24996.25" state="stay" vehID="Car_25339" speed="9.18" length="5.00" type="DEFAULT_CAR"/>
    <instantOut id="215_D52" time="24996.50" state="stay" vehID="Car_25339" speed="9.43" length="5.00" type="DEFAULT_CAR"/>
    <instantOut id="215_D52" time="24996.57" state="leave" vehID="Car_25339" speed="9.40" length="5.00" type="DEFAULT_CAR" occupancy="0.54"/>
    <instantOut id="215_D52" time="25000.18" state="enter" vehID="Car_25341" speed="10.23" length="5.00" type="DEFAULT_CAR" gap="3.61"/>
    <instantOut id="215_D52" time="25000.25" state="stay" vehID="Car_25341" speed="10.23" length="5.00" type="DEFAULT_CAR"/>
    <instantOut id="215_D52" time="25000.50" state="stay" vehID="Car_25341" speed="10.33" length="5.00" type="DEFAULT_CAR"/>
    <instantOut id="215_D52" time="25000.67" state="leave" vehID="Car_25341" speed="10.27" length="5.00" type="DEFAULT_CAR" occupancy="0.49"/>
    <instantOut id="215_D52" time="25001.54" state="enter" vehID="Car_25342" speed="9.30" length="5.00" type="DEFAULT_CAR" gap="0.87"/>
    <instantOut id="215_D52" time="25001.75" state="stay" vehID="Car_25342" speed="9.30" length="5.00" type="DEFAULT_CAR"/>
    <instantOut id="215_D52" time="25002.00" state="stay" vehID="Car_25342" speed="9.04" length="5.00" type="DEFAULT_CAR"/>
    <instantOut id="215_D52" time="25002.10" state="leave" vehID="Car_25342" speed="8.29" length="5.00" type="DEFAULT_CAR" occupancy="0.55"/>
    <instantOut id="215_D52" time="25090.82" state="enter" vehID="Car_25344" speed="12.04" length="5.00" type="DEFAULT_CAR" gap="88.73"/>
    <instantOut id="215_D52" time="25091.00" state="stay" vehID="Car_25344" speed="12.04" length="5.00" type="DEFAULT_CAR"/>
    <instantOut id="215_D52" time="25091.24" state="leave" vehID="Car_25344" speed="11.94" length="5.00" type="DEFAULT_CAR" occupancy="0.42"/>
    <instantOut id="215_D52" time="25166.59" state="enter" vehID="Car_25346" speed="8.76" length="5.00" type="DEFAULT_CAR" gap="75.35"/>
    <instantOut id="215_D52" time="25166.75" state="stay" vehID="Car_25346" speed="8.76" length="5.00" type="DEFAULT_CAR"/>
    <instantOut id="215_D52" time="25167.00" state="stay" vehID="Car_25346" speed="8.32" length="5.00" type="DEFAULT_CAR"/>
    <instantOut id="215_D52" time="25167.17" state="leave" vehID="Car_25346" speed="8.54" length="5.00" type="DEFAULT_CAR" occupancy="0.59"/>
    <instantOut id="215_D52" time="25254.51" state="enter" vehID="Car_25349" speed="10.68" length="5.00" type="DEFAULT_CAR" gap="87.33"/>
    <instantOut id="215_D52" time="25254.75" state="stay" vehID="Car_25349" speed="10.68" length="5.00" type="DEFAULT_CAR"/>
    <instantOut id="215_D52" time="25254.97" state="leave" vehID="Car_25349" speed="10.84" length="5.00" type="DEFAULT_CAR" occupancy="0.46"/>
    <instantOut id="215_D52" time="25257.62" state="enter" vehID="Car_25351" speed="13.58" length="5.00" type="DEFAULT_CAR" gap="2.65"/>
    <instantOut id="215_D52" time="25257.75" state="stay" vehID="Car_25351" speed="13.58" length="5.00" type="DEFAULT_CAR"/>
    <instantOut id="215_D52" time="25258.00" state="stay" vehID="Car_25351" speed="12.83" length="5.00" type="DEFAULT_CAR"/>
    <instantOut id="215_D52" time="25258.00" state="leave" vehID="Car_25351" speed="12.14" length="5.00" type="DEFAULT_CAR" occupancy="0.38"/>
    <instantOut id="215_D52" time="25260.15" state="enter" vehID="Car_25352" speed="12.40" length="5.00" type="DEFAULT_CAR" gap="2.15"/>
    <instantOut id="215_D52" time="25260.25" state="stay" vehID="Car_25352" speed="12.40" length="5.00" type="DEFAULT_CAR"/>
    <instantOut id="215_D52" time="25260.50" state="stay" vehID="Car_25352" speed="11.70" length="5.00" type="DEFAULT_CAR"/>
    <instantOut id="215_D52" time="25260.57" state="leave" vehID="Car_25352" speed="11.26" length="5.00" type="DEFAULT_CAR" occupancy="0.42"/>
    <instantOut id="215_D52" time="25266.03" state="enter" vehID="Car_25353" speed="10.07" length="5.00" type="DEFAULT_CAR" gap="5.45"/>
    <instantOut id="215_D52" time="25266.25" state="stay" vehID="Car_25353" speed="10.07" length="5.00" type="DEFAULT_CAR"/>
    <instantOut id="215_D52" time="25266.50" state="stay" vehID="Car_25353" speed="9.56" length="5.00" type="DEFAULT_CAR"/>
    <instantOut id="215_D52" time="25266.54" state="leave" vehID="Car_25353" speed="8.96" length="5.00" type="DEFAULT_CAR" occupancy="0.51"/>
    <instantOut id="215_D52" time="25408.28" state="enter" vehID="Car_25362" speed="15.72" length="5.00" type="DEFAULT_CAR" gap="141.74"/>
    <instantOut id="215_D52" time="25408.50" state="stay" vehID="Car_25362" speed="15.72" length="5.00" type="DEFAULT_CAR"/>
    <instantOut id="215_D52" time="25408.61" state="leave" vehID="Car_25362" speed="14.97" length="5.00" type="DEFAULT_CAR" occupancy="0.32"/>
    <instantOut id="215_D52" time="25419.42" state="enter" vehID="Car_25363" speed="7.88" length="5.00" type="DEFAULT_CAR" gap="10.82"/>
    <instantOut id="215_D52" time="25419.50" state="stay" vehID="Car_25363" speed="7.88" length="5.00" type="DEFAULT_CAR"/>
    <instantOut id="215_D52" time="25419.75" state="stay" vehID="Car_25363" speed="8.34" length="5.00" type="DEFAULT_CAR"/>
    <instantOut id="215_D52" time="25420.00" state="stay" vehID="Car_25363" speed="8.21" length="5.00" type="DEFAULT_CAR"/>
    <instantOut id="215_D52" time="25420.03" state="leave" vehID="Car_25363" speed="7.89" length="5.00" type="DEFAULT_CAR" occupancy="0.61"/>
    <instantOut id="215_D52" time="25507.41" state="enter" vehID="Car_25367" speed="13.99" length="5.00" type="DEFAULT_CAR" gap="87.38"/>
    <instantOut id="215_D52" time="25507.50" state="stay" vehID="Car_25367" speed="13.99" length="5.00" type="DEFAULT_CAR"/>
    <instantOut id="215_D52" time="25507.75" state="stay" vehID="Car_25367" speed="14.20" length="5.00" type="DEFAULT_CAR"/>
    <instantOut id="215_D52" time="25507.76" state="leave" vehID="Car_25367" speed="14.27" length="5.00" type="DEFAULT_CAR" occupancy="0.35"/>
    <instantOut id="215_D52" time="25511.26" state="enter" vehID="Car_25369" speed="12.82" length="5.00" type="DEFAULT_CAR" gap="3.50"/>
    <instantOut id="215_D52" time="25511.50" state="stay" vehID="Car_25369" speed="12.82" length="5.00" type="DEFAULT_CAR"/>
    <instantOut id="215_D52" time="25511.65" state="leave" vehID="Car_25369" speed="12.97" length="5.00" type="DEFAULT_CAR" occupancy="0.39"/>
    <instantOut id="215_D52" time="25563.94" state="enter" vehID="Car_25371" speed="14.24" length="5.00" type="DEFAULT_CAR" gap="52.29"/>
    <instantOut id="215_D52" time="25564.00" state="stay" vehID="Car_25371" speed="14.24" length="5.00" type="DEFAULT_CAR"/>
    <instantOut id="215_D52" time="25564.25" state="stay" vehID="Car_25371" speed="14.28" length="5.00" type="DEFAULT_CAR"/>
    <instantOut id="215_D52" time="25564.29" state="leave" vehID="Car_25371" speed="14.31" length="5.00" type="DEFAULT_CAR" occupancy="0.35"/>
    <instantOut id="215_D52" time="25689.60" state="enter" vehID="Car_25377" speed="12.48" length="5.00" type="DEFAULT_CAR" gap="125.31"/>
    <instantOut id="215_D52" time="25689.75" state="stay" vehID="Car_25377" speed="12.48" length="5.00" type="DEFAULT_CAR"/>
    <instantOut id="215_D52" time="25690.00" state="stay" vehID="Car_25377" speed="12.46" length="5.00" type="DEFAULT_CAR"/>
    <instantOut id="215_D52" time="25690.00" state="leave" vehID="Car_25377" speed="12.65" length="5.00" type="DEFAULT_CAR" occupancy="0.40"/>
    <instantOut id="215_D52" time="25702.46" state="enter" vehID="Car_25380" speed="12.73" length="5.00" type="DEFAULT_CAR" gap="12.46"/>
    <instantOut id="215_D52" time="25702.50" state="stay" vehID="Car_25380" speed="12.73" length="5.00" type="DEFAULT_CAR"/>
    <instantOut id="215_D52" time="25702.75" state="stay" vehID="Car_25380" speed="12.02" length="5.00" type="DEFAULT_CAR"/>
    <instantOut id="215_D52" time="25702.88" state="leave" vehID="Car_25380" speed="11.27" length="5.00" type="DEFAULT_CAR" occupancy="0.42"/>
    <instantOut id="215_D52" time="25744.06" state="enter" vehID="Car_25383" speed="14.69" length="5.00" type="DEFAULT_CAR" gap="41.17"/>
    <instantOut id="215_D52" time="25744.25" state="stay" vehID="Car_25383" speed="14.69" length="5.00" type="DEFAULT_CAR"/>
    <instantOut id="215_D52" time="25744.40" state="leave" vehID="Car_25383" speed="13.94" length="5.00" type="DEFAULT_CAR" occupancy="0.35"/>
    <instantOut id="215_D52" time="25788.71" state="enter" vehID="Car_25390" speed="15.57" length="5.00" type="DEFAULT_CAR" gap="44.31"/>
    <instantOut id="215_D52" time="25788.75" state="stay" vehID="Car_25390" speed="15.57" length="5.00" type="DEFAULT_CAR"/>
    <instantOut id="215_D52" time="25789.00" state="stay" vehID="Car_25390" speed="15.33" length="5.00" type="DEFAULT_CAR"/>
    <instantOut id="215_D52" time="25789.04" state="leave" vehID="Car_25390" speed="14.61" length="5.00" type="DEFAULT_CAR" occupancy="0.33"/>
    <instantOut id="215_D52" time="25790.45" state="enter" vehID="Car_25391" speed="13.94" length="5.00" type="DEFAULT_CAR" gap="1.41"/>
    <instantOut id="215_D52" time="25790.50" state="stay" vehID="Car_25391" speed="13.94" length="5.00" type="DEFAULT_CAR"/>
    <instantOut id="215_D52" time="25790.75" state="stay" vehID="Car_25391" speed="13.19" length="5.00" type="DEFAULT_CAR"/>
    <instantOut id="215_D52" time="25790.83" state="leave" vehID="Car_25391" speed="12.56" length="5.00" type="DEFAULT_CAR" occupancy="0.38"/>
    <instantOut id="215_D52" time="25818.91" state="enter" vehID="Car_23277" speed="14.27" length="5.00" type="DEFAULT_CAR" gap="28.08"/>
    <instantOut id="215_D52" time="25819.00" state="stay" vehID="Car_23277" speed="14.27" length="5.00" type="DEFAULT_CAR"/>
    <instantOut id="215_D52" time="25819.25" state="stay" vehID="Car_23277" speed="14.02" length="5.00" type="DEFAULT_CAR"/>
    <instantOut id="215_D52" time="25819.26" state="leave" vehID="Car_23277" speed="14.35" length="5.00" type="DEFAULT_CAR" occupancy="0.35"/>
    <instantOut id="215_D52" time="25868.00" state="enter" vehID="Car_23284" speed="15.43" length="5.00" type="DEFAULT_CAR" gap="48.74"/>
    <instantOut id="215_D52" time="25868.25" state="stay" vehID="Car_23284" speed="15.43" length="5.00" type="DEFAULT_CAR"/>
    <instantOut id="215_D52" time="25868.33" state="leave" vehID="Car_23284" speed="14.77" length="5.00" type="DEFAULT_CAR" occupancy="0.33"/>
    <instantOut id="215_D52" time="26049.94" state="enter" vehID="Car_23294" speed="6.05" length="5.00" type="DEFAULT_CAR" gap="181.61"/>
    <instantOut id="215_D52" time="26050.00" state="stay" vehID="Car_23294" speed="6.05" length="5.00" type="DEFAULT_CAR"/>
    <instantOut id="215_D52" time="26050.25" state="stay" vehID="Car_23294" speed="6.04" length="5.00" type="DEFAULT_CAR"/>
    <instantOut id="215_D52" time="26050.50" state="stay" vehID="Car_23294" speed="5.95" length="5.00" type="DEFAULT_CAR"/>
    <instantOut id="215_D52" time="26050.75" state="stay" vehID="Car_23294" speed="5.77" length="5.00" type="DEFAULT_CAR"/>
    <instantOut id="215_D52" time="26050.78" state="leave" vehID="Car_23294" speed="5.77" length="5.00" type="DEFAULT_CAR" occupancy="0.84"/>
    <instantOut id="215_D52" time="26051.81" state="enter" vehID="Car_25405" speed="5.95" length="5.00" type="DEFAULT_CAR" gap="1.03"/>
    <instantOut id="215_D52" time="26052.00" state="stay" vehID="Car_25405" speed="5.95" length="5.00" type="DEFAULT_CAR"/>
    <instantOut id="215_D52" time="26052.25" state="stay" vehID="Car_25405" speed="6.14" length="5.00" type="DEFAULT_CAR"/>
    <instantOut id="215_D52" time="26052.50" state="stay" vehID="Car_25405" speed="5.81" length="5.00" type="DEFAULT_CAR"/>
    <instantOut id="215_D52" time="26052.65" state="leave" vehID="Car_25405" speed="6.04" length="5.00" type="DEFAULT_CAR" occupancy="0.84"/>
    <instantOut id="215_D52" time="26060.37" state="enter" vehID="Car_23296" speed="13.23" length="5.00" type="DEFAULT_CAR" gap="7.72"/>
    <instantOut id="215_D52" time="26060.50" state="stay" vehID="Car_23296" speed="13.23" length="5.00" type="DEFAULT_CAR"/>
    <instantOut id="215_D52" time="26060.75" state="stay" vehID="Car_23296" speed="12.61" length="5.00" type="DEFAULT_CAR"/>
    <instantOut id="215_D52" time="26060.76" state="leave" vehID="Car_23296" speed="12.62" length="5.00" type="DEFAULT_CAR" occupancy="0.39"/>
    <instantOut id="215_D52" time="26091.13" state="enter" vehID="Car_25409" speed="16.09" length="5.00" type="DEFAULT_CAR" gap="30.37"/>
    <instantOut id="215_D52" time="26091.25" state="stay" vehID="Car_25409" speed="16.09" length="5.00" type="DEFAULT_CAR"/>
    <instantOut id="215_D52" time="26091.45" state="leave" vehID="Car_25409" speed="15.34" length="5.00" type="DEFAULT_CAR" occupancy="0.32"/>
    <instantOut id="215_D52" time="26257.57" state="enter" vehID="Car_23306" speed="10.39" length="5.00" type="DEFAULT_CAR" gap="166.12"/>
    <instantOut id="215_D52" time="26257.75" state="stay" vehID="Car_23306" speed="10.39" length="5.00" type="DEFAULT_CAR"/>
    <instantOut id="215_D52" time="26258.00" state="stay" vehID="Car_23306" speed="10.73" length="5.00" type="DEFAULT_CAR"/>
    <instantOut id="215_D52" time="26258.05" state="leave" vehID="Car_23306" speed="10.53" length="5.00" type="DEFAULT_CAR" occupancy="0.47"/>
    <instantOut id="215_D52" time="26359.94" state="enter" vehID="Car_23314" speed="8.79" length="5.00" type="DEFAULT_CAR" gap="101.89"/>
    <instantOut id="215_D52" time="26360.00" state="stay" vehID="Car_23314" speed="8.79" length="5.00" type="DEFAULT_CAR"/>
    <instantOut id="215_D52" time="26360.25" state="stay" vehID="Car_23314" speed="8.78" length="5.00" type="DEFAULT_CAR"/>
    <instantOut id="215_D52" time="26360.50" state="stay" vehID="Car_23314" speed="8.85" length="5.00" type="DEFAULT_CAR"/>
    <instantOut id="215_D52" time="26360.51" state="leave" vehID="Car_23314" speed="8.99" length="5.00" type="DEFAULT_CAR" occupancy="0.57"/>
    <instantOut id="215_D52" time="26377.12" state="enter" vehID="Car_25425" speed="12.82" length="5.00" type="DEFAULT_CAR" gap="16.61"/>
    <instantOut id="215_D52" time="26377.25" state="stay" vehID="Car_25425" speed="12.82" length="5.00" type="DEFAULT_CAR"/>
    <instantOut id="215_D52" time="26377.50" state="stay" vehID="Car_25425" speed="12.83" length="5.00" type="DEFAULT_CAR"/>
    <instantOut id="215_D52" time="26377.51" state="leave" vehID="Car_25425" speed="12.10" length="5.00" type="DEFAULT_CAR" occupancy="0.39"/>
    <instantOut id="215_D52" time="26379.18" state="enter" vehID="Car_25426" speed="12.36" length="5.00" type="DEFAULT_CAR" gap="1.68"/>
    <instantOut id="215_D52" time="26379.25" state="stay" vehID="Car_25426" speed="12.36" length="5.00" type="DEFAULT_CAR"/>
    <instantOut id="215_D52" time="26379.50" state="stay" vehID="Car_25426" speed="12.00" length="5.00" type="DEFAULT_CAR"/>
    <instantOut id="215_D52" time="26379.60" state="leave" vehID="Car_25426" speed="11.77" length="5.00" type="DEFAULT_CAR" occupancy="0.42"/>
    <instantOut id="215_D52" time="26579.72" state="enter" vehID="Car_23330" speed="9.30" length="5.00" type="DEFAULT_CAR" gap="200.12"/>
    <instantOut id="215_D52" time="26579.75" state="stay" vehID="Car_23330" speed="9.30" length="5.00" type="DEFAULT_CAR"/>
    <instantOut id="215_D52" time="26580.00" state="stay" vehID="Car_23330" speed="9.21" length="5.00" type="DEFAULT_CAR"/>
    <instantOut id="215_D52" time="26580.25" state="stay" vehID="Car_23330" speed="9.43" length="5.00" type="DEFAULT_CAR"/>
    <instantOut id="215_D52" time="26580.26" state="leave" vehID="Car_23330" speed="9.42" length="5.00" type="DEFAULT_CAR" occupancy="0.54"/>
    <instantOut id="215_D52" time="26627.93" state="enter" vehID="Car_25434" speed="15.10" length="5.00" type="DEFAULT_CAR" gap="47.67"/>
    <instantOut id="215_D52" time="26628.00" state="stay" vehID="Car_25434" speed="15.10" length="5.00" type="DEFAULT_CAR"/>
    <instantOut id="215_D52" time="26628.25" state="stay" vehID="Car_25434" speed="14.35" length="5.00" type="DEFAULT_CAR"/>
    <instantOut id="215_D52" time="26628.27" state="leave" vehID="Car_25434" speed="13.60" length="5.00" type="DEFAULT_CAR" occupancy="0.35"/>
    <instantOut id="215_D52" time="26659.12" state="enter" vehID="Car_23342" speed="8.34" length="5.00" type="DEFAULT_CAR" gap="30.85"/>
    <instantOut id="215_D52" time="26659.25" state="stay" vehID="Car_23342" speed="8.34" length="5.00" type="DEFAULT_CAR"/>
    <instantOut id="215_D52" time="26659.50" state="stay" vehID="Car_23342" speed="8.50" length="5.00" type="DEFAULT_CAR"/>
    <instantOut id="215_D52" time="26659.72" state="leave" vehID="Car_23342" speed="8.38" length="5.00" type="DEFAULT_CAR" occupancy="0.59"/>
    <instantOut id="215_D52" time="26670.67" state="enter" vehID="Car_23348" speed="10.80" length="5.00" type="DEFAULT_CAR" gap="10.95"/>
    <instantOut id="215_D52" time="26670.75" state="stay" vehID="Car_23348" speed="10.80" length="5.00" type="DEFAULT_CAR"/>
    <instantOut id="215_D52" time="26671.00" state="stay" vehID="Car_23348" speed="10.79" length="5.00" type="DEFAULT_CAR"/>
    <instantOut id="215_D52" time="26671.13" state="leave" vehID="Car_23348" speed="10.64" length="5.00" type="DEFAULT_CAR" occupancy="0.47"/>
    <instantOut id="215_D52" time="27591.98" state="enter" vehID="Car_23430" speed="15.53" length="5.00" type="DEFAULT_CAR" gap="920.85"/>
    <instantOut id="215_D52" time="27592.00" state="stay" vehID="Car_23430" speed="15.53" length="5.00" type="DEFAULT_CAR"/>
    <instantOut id="215_D52" time="27592.25" state="stay" vehID="Car_23430" speed="15.47" length="5.00" type="DEFAULT_CAR"/>
    <instantOut id="215_D52" time="27592.31" state="leave" vehID="Car_23430" speed="14.72" length="5.00" type="DEFAULT_CAR" occupancy="0.33"/>
    <instantOut id="215_D52" time="27623.31" state="enter" vehID="Car_23432" speed="9.87" length="5.00" type="DEFAULT_CAR" gap="31.01"/>
    <instantOut id="215_D52" time="27623.50" state="stay" vehID="Car_23432" speed="9.87" length="5.00" type="DEFAULT_CAR"/>
    <instantOut id="215_D52" time="27623.75" state="stay" vehID="Car_23432" speed="10.11" length="5.00" type="DEFAULT_CAR"/>
    <instantOut id="215_D52" time="27623.81" state="leave" vehID="Car_23432" speed="10.16" length="5.00" type="DEFAULT_CAR" occupancy="0.50"/>
    <instantOut id="215_D52" time="27634.11" state="enter" vehID="Car_23433" speed="12.41" length="5.00" type="DEFAULT_CAR" gap="10.30"/>
    <instantOut id="215_D52" time="27634.25" state="stay" vehID="Car_23433" speed="12.41" length="5.00" type="DEFAULT_CAR"/>
    <instantOut id="215_D52" time="27634.50" state="stay" vehID="Car_23433" speed="11.80" length="5.00" type="DEFAULT_CAR"/>
    <instantOut id="215_D52" time="27634.53" state="leave" vehID="Car_23433" speed="11.05" length="5.00" type="DEFAULT_CAR" occupancy="0.42"/>
    <instantOut id="215_D52" time="27790.59" state="enter" vehID="Car_25503" speed="9.06" length="5.00" type="DEFAULT_CAR" gap="156.06"/>
    <instantOut id="215_D52" time="27790.75" state="stay" vehID="Car_25503" speed="9.06" length="5.00" type="DEFAULT_CAR"/>
    <instantOut id="215_D52" time="27791.00" state="stay" vehID="Car_25503" speed="9.02" length="5.00" type="DEFAULT_CAR"/>
    <instantOut id="215_D52" time="27791.15" state="leave" vehID="Car_25503" speed="8.67" length="5.00" type="DEFAULT_CAR" occupancy="0.56"/>
    <instantOut id="215_D52" time="27806.06" state="enter" vehID="Car_25506" speed="10.57" length="5.00" type="DEFAULT_CAR" gap="14.91"/>
    <instantOut id="215_D52" time="27806.25" state="stay" vehID="Car_25506" speed="10.57" length="5.00" type="DEFAULT_CAR"/>
    <instantOut id="215_D52" time="27806.50" state="stay" vehID="Car_25506" speed="10.34" length="5.00" type="DEFAULT_CAR"/>
    <instantOut id="215_D52" time="27806.53" state="leave" vehID="Car_25506" speed="10.70" length="5.00" type="DEFAULT_CAR" occupancy="0.48"/>
    <instantOut id="215_D52" time="27864.45" state="enter" vehID="Car_23445" speed="16.06" length="5.00" type="DEFAULT_CAR" gap="57.92"/>
    <instantOut id="215_D52" time="27864.50" state="stay" vehID="Car_23445" speed="16.06" length="5.00" type="DEFAULT_CAR"/>
    <instantOut id="215_D52" time="27864.75" state="stay" vehID="Car_23445" speed="15.36" length="5.00" type="DEFAULT_CAR"/>
    <instantOut id="215_D52" time="27864.78" state="leave" vehID="Car_23445" speed="14.72" length="5.00" type="DEFAULT_CAR" occupancy="0.32"/>
    <instantOut id="215_D52" time="27945.20" state="enter" vehID="Car_23452" speed="9.83" length="5.00" type="DEFAULT_CAR" gap="80.43"/>
    <instantOut id="215_D52" time="27945.25" state="stay" vehID="Car_23452" speed="9.83" length="5.00" type="DEFAULT_CAR"/>
    <instantOut id="215_D52" time="27945.50" state="stay" vehID="Car_23452" speed="9.86" length="5.00" type="DEFAULT_CAR"/>
    <instantOut id="215_D52" time="27945.70" state="leave" vehID="Car_23452" speed="10.19" length="5.00" type="DEFAULT_CAR" occupancy="0.50"/>
    <instantOut id="215_D52" time="28050.02" state="enter" vehID="Car_23459" speed="15.65" length="5.00" type="DEFAULT_CAR" gap="104.32"/>
    <instantOut id="215_D52" time="28050.25" state="stay" vehID="Car_23459" speed="15.65" length="5.00" type="DEFAULT_CAR"/>
    <instantOut id="215_D52" time="28050.35" state="leave" vehID="Car_23459" speed="14.90" length="5.00" type="DEFAULT_CAR" occupancy="0.32"/>
    <instantOut id="215_D52" time="28054.03" state="enter" vehID="Car_23460" speed="13.04" length="5.00" type="DEFAULT_CAR" gap="3.68"/>
    <instantOut id="215_D52" time="28054.25" state="stay" vehID="Car_23460" speed="13.04" length="5.00" type="DEFAULT_CAR"/>
    <instantOut id="215_D52" time="28054.41" state="leave" vehID="Car_23460" speed="12.80" length="5.00" type="DEFAULT_CAR" occupancy="0.39"/>
    <instantOut id="215_D52" time="28057.78" state="enter" vehID="Car_23462" speed="12.25" length="5.00" type="DEFAULT_CAR" gap="3.36"/>
    <instantOut id="215_D52" time="28058.00" state="stay" vehID="Car_23462" speed="12.25" length="5.00" type="DEFAULT_CAR"/>
    <instantOut id="215_D52" time="28058.20" state="leave" vehID="Car_23462" speed="11.50" length="5.00" type="DEFAULT_CAR" occupancy="0.42"/>
    <instantOut id="215_D52" time="28154.95" state="enter" vehID="Car_25531" speed="14.92" length="5.00" type="DEFAULT_CAR" gap="96.75"/>
    <instantOut id="215_D52" time="28155.00" state="stay" vehID="Car_25531" speed="14.92" length="5.00" type="DEFAULT_CAR"/>
    <instantOut id="215_D52" time="28155.25" state="stay" vehID="Car_25531" speed="14.69" length="5.00" type="DEFAULT_CAR"/>
    <instantOut id="215_D52" time="28155.29" state="leave" vehID="Car_25531" speed="14.47" length="5.00" type="DEFAULT_CAR" occupancy="0.34"/>
    <instantOut id="215_D52" time="28191.62" state="enter" vehID="Car_23469" speed="10.18" length="5.00" type="DEFAULT_CAR" gap="36.33"/>
    <instantOut id="215_D52" time="28191.75" state="stay" vehID="Car_23469" speed="10.18" length="5.00" type="DEFAULT_CAR"/>
    <instantOut id="215_D52" time="28192.00" state="stay" vehID="Car_23469" speed="10.30" length="5.00" type="DEFAULT_CAR"/>
    <instantOut id="215_D52" time="28192.10" state="leave" vehID="Car_23469" speed="10.35" length="5.00" type="DEFAULT_CAR" occupancy="0.49"/>
    <instantOut id="215_D52" time="28212.98" state="enter" vehID="Car_23470" speed="14.95" length="5.00" type="DEFAULT_CAR" gap="20.88"/>
    <instantOut id="215_D52" time="28213.00" state="stay" vehID="Car_23470" speed="14.95" length="5.00" type="DEFAULT_CAR"/>
    <instantOut id="215_D52" time="28213.25" state="stay" vehID="Car_23470" speed="15.24" length="5.00" type="DEFAULT_CAR"/>
    <instantOut id="215_D52" time="28213.32" state="leave" vehID="Car_23470" speed="14.52" length="5.00" type="DEFAULT_CAR" occupancy="0.33"/>
    <instantOut id="215_D52" time="28227.42" state="enter" vehID="Car_23471" speed="13.02" length="5.00" type="DEFAULT_CAR" gap="14.11"/>
    <instantOut id="215_D52" time="28227.50" state="stay" vehID="Car_23471" speed="13.02" length="5.00" type="DEFAULT_CAR"/>
    <instantOut id="215_D52" time="28227.75" state="stay" vehID="Car_23471" speed="12.74" length="5.00" type="DEFAULT_CAR"/>
    <instantOut id="215_D52" time="28227.82" state="leave" vehID="Car_23471" speed="12.61" length="5.00" type="DEFAULT_CAR" occupancy="0.39"/>
    <instantOut id="215_D52" time="28242.69" state="enter" vehID="Car_23474" speed="15.14" length="5.00" type="DEFAULT_CAR" gap="14.88"/>
    <instantOut id="215_D52" time="28242.75" state="stay" vehID="Car_23474" speed="15.14" length="5.00" type="DEFAULT_CAR"/>
    <instantOut id="215_D52" time="28243.00" state="stay" vehID="Car_23474" speed="14.39" length="5.00" type="DEFAULT_CAR"/>
    <instantOut id="215_D52" time="28243.04" state="leave" vehID="Car_23474" speed="13.64" length="5.00" type="DEFAULT_CAR" occupancy="0.35"/>
    <instantOut id="215_D52" time="28327.16" state="enter" vehID="Car_23476" speed="6.98" length="5.00" type="DEFAULT_CAR" gap="84.12"/>
    <instantOut id="215_D52" time="28327.25" state="stay" vehID="Car_23476" speed="6.98" length="5.00" type="DEFAULT_CAR"/>
    <instantOut id="215_D52" time="28327.50" state="stay" vehID="Car_23476" speed="6.74" length="5.00" type="DEFAULT_CAR"/>
    <instantOut id="215_D52" time="28327.75" state="stay" vehID="Car_23476" speed="7.15" length="5.00" type="DEFAULT_CAR"/>
    <instantOut id="215_D52" time="28327.88" state="leave" vehID="Car_23476" speed="6.94" length="5.00" type="DEFAULT_CAR" occupancy="0.72"/>
    <instantOut id="215_D52" time="28328.83" state="enter" vehID="Car_23477" speed="6.83" length="5.00" type="DEFAULT_CAR" gap="0.95"/>
    <instantOut id="215_D52" time="28329.00" state="stay" vehID="Car_23477" speed="6.83" length="5.00" type="DEFAULT_CAR"/>
    <instantOut id="215_D52" time="28329.25" state="stay" vehID="Car_23477" speed="6.56" length="5.00" type="DEFAULT_CAR"/>
    <instantOut id="215_D52" time="28329.50" state="stay" vehID="Car_23477" speed="7.23" length="5.00" type="DEFAULT_CAR"/>
    <instantOut id="215_D52" time="28329.56" state="leave" vehID="Car_23477" speed="6.72" length="5.00" type="DEFAULT_CAR" occupancy="0.73"/>
    <instantOut id="215_D52" time="28330.54" state="enter" vehID="Car_23479" speed="7.29" length="5.00" type="DEFAULT_CAR" gap="0.98"/>
    <instantOut id="215_D52" time="28330.75" state="stay" vehID="Car_23479" speed="7.29" length="5.00" type="DEFAULT_CAR"/>
    <instantOut id="215_D52" time="28331.00" state="stay" vehID="Car_23479" speed="7.00" length="5.00" type="DEFAULT_CAR"/>
    <instantOut id="215_D52" time="28331.25" state="stay" vehID="Car_23479" speed="6.78" length="5.00" type="DEFAULT_CAR"/>
    <instantOut id="215_D52" time="28331.25" state="leave" vehID="Car_23479" speed="6.84" length="5.00" type="DEFAULT_CAR" occupancy="0.71"/>
    <instantOut id="215_D52" time="28388.34" state="enter" vehID="Car_23484" speed="8.85" length="5.00" type="DEFAULT_CAR" gap="57.08"/>
    <instantOut id="215_D52" time="28388.50" state="stay" vehID="Car_23484" speed="8.85" length="5.00" type="DEFAULT_CAR"/>
    <instantOut id="215_D52" time="28388.75" state="stay" vehID="Car_23484" speed="9.23" length="5.00" type="DEFAULT_CAR"/>
    <instantOut id="215_D52" time="28388.88" state="leave" vehID="Car_23484" speed="9.24" length="5.00" type="DEFAULT_CAR" occupancy="0.55"/>
    <instantOut id="215_D52" time="28401.42" state="enter" vehID="Car_23485" speed="15.04" length="5.00" type="DEFAULT_CAR" gap="12.53"/>
    <instantOut id="215_D52" time="28401.50" state="stay" vehID="Car_23485" speed="15.04" length="5.00" type="DEFAULT_CAR"/>
    <instantOut id="215_D52" time="28401.75" state="stay" vehID="Car_23485" speed="14.29" length="5.00" type="DEFAULT_CAR"/>
    <instantOut id="215_D52" time="28401.76" state="leave" vehID="Car_23485" speed="13.54" length="5.00" type="DEFAULT_CAR" occupancy="0.35"/>
    <instantOut id="215_D52" time="28421.58" state="enter" vehID="Car_23486" speed="12.46" length="5.00" type="DEFAULT_CAR" gap="19.82"/>
    <instantOut id="215_D52" time="28421.75" state="stay" vehID="Car_23486" speed="12.46" length="5.00" type="DEFAULT_CAR"/>
    <instantOut id="215_D52" time="28421.98" state="leave" vehID="Car_23486" speed="12.76" length="5.00" type="DEFAULT_CAR" occupancy="0.40"/>
    <instantOut id="215_D52" time="28449.39" state="enter" vehID="Car_23487" speed="9.86" length="5.00" type="DEFAULT_CAR" gap="27.41"/>
    <instantOut id="215_D52" time="28449.50" state="stay" vehID="Car_23487" speed="9.86" length="5.00" type="DEFAULT_CAR"/>
    <instantOut id="215_D52" time="28449.75" state="stay" vehID="Car_23487" speed="9.98" length="5.00" type="DEFAULT_CAR"/>
    <instantOut id="215_D52" time="28449.89" state="leave" vehID="Car_23487" speed="10.04" length="5.00" type="DEFAULT_CAR" occupancy="0.50"/>
    <instantOut id="215_D52" time="28478.60" state="enter" vehID="Car_23492" speed="13.91" length="5.00" type="DEFAULT_CAR" gap="28.70"/>
    <instantOut id="215_D52" time="28478.75" state="stay" vehID="Car_23492" speed="13.91" length="5.00" type="DEFAULT_CAR"/>
    <instantOut id="215_D52" time="28478.96" state="leave" vehID="Car_23492" speed="13.74" length="5.00" type="DEFAULT_CAR" occupancy="0.36"/>
    <instantOut id="215_D52" time="28490.62" state="enter" vehID="Car_23493" speed="14.91" length="5.00" type="DEFAULT_CAR" gap="11.67"/>
    <instantOut id="215_D52" time="28490.75" state="stay" vehID="Car_23493" speed="14.91" length="5.00" type="DEFAULT_CAR"/>
    <instantOut id="215_D52" time="28490.96" state="leave" vehID="Car_23493" speed="14.82" length="5.00" type="DEFAULT_CAR" occupancy="0.34"/>
    <instantOut id="215_D52" time="30313.25" state="enter" vehID="Car_23619" speed="13.68" length="5.00" type="DEFAULT_CAR" gap="1822.29"/>
    <instantOut id="215_D52" time="30313.50" state="stay" vehID="Car_23619" speed="13.68" length="5.00" type="DEFAULT_CAR"/>
    <instantOut id="215_D52" time="30313.62" state="leave" vehID="Car_23619" speed="13.71" length="5.00" type="DEFAULT_CAR" occupancy="0.37"/>
    <instantOut id="215_D52" time="30316.20" state="enter" vehID="Car_23621" speed="13.76" length="5.00" type="DEFAULT_CAR" gap="2.58"/>
    <instantOut id="215_D52" time="30316.25" state="stay" vehID="Car_23621" speed="13.76" length="5.00" type="DEFAULT_CAR"/>
    <instantOut id="215_D52" time="30316.50" state="stay" vehID="Car_23621" speed="13.10" length="5.00" type="DEFAULT_CAR"/>
    <instantOut id="215_D52" time="30316.58" state="leave" vehID="Car_23621" speed="12.55" length="5.00" type="DEFAULT_CAR" occupancy="0.38"/>
    <instantOut id="215_D52" time="30388.19" state="enter" vehID="Car_23622" speed="13.40" length="5.00" type="DEFAULT_CAR" gap="71.61"/>
    <instantOut id="215_D52" time="30388.25" state="stay" vehID="Car_23622" speed="13.40" length="5.00" type="DEFAULT_CAR"/>
    <instantOut id="215_D52" time="30388.50" state="stay" vehID="Car_23622" speed="13.33" length="5.00" type="DEFAULT_CAR"/>
    <instantOut id="215_D52" time="30388.57" state="leave" vehID="Car_23622" speed="13.53" length="5.00" type="DEFAULT_CAR" occupancy="0.37"/>
    <instantOut id="215_D52" time="30419.58" state="enter" vehID="Car_23623" speed="9.30" length="5.00" type="DEFAULT_CAR" gap="31.01"/>
    <instantOut id="215_D52" time="30419.75" state="stay" vehID="Car_23623" speed="9.30" length="5.00" type="DEFAULT_CAR"/>
    <instantOut id="215_D52" time="30420.00" state="stay" vehID="Car_23623" speed="9.34" length="5.00" type="DEFAULT_CAR"/>
    <instantOut id="215_D52" time="30420.11" state="leave" vehID="Car_23623" speed="9.31" length="5.00" type="DEFAULT_CAR" occupancy="0.54"/>
    <instantOut id="215_D52" time="30420.99" state="enter" vehID="Car_23624" speed="9.12" length="5.00" type="DEFAULT_CAR" gap="0.88"/>
    <instantOut id="215_D52" time="30421.00" state="stay" vehID="Car_23624" speed="9.12" length="5.00" type="DEFAULT_CAR"/>
    <instantOut id="215_D52" time="30421.25" state="stay" vehID="Car_23624" speed="9.21" length="5.00" type="DEFAULT_CAR"/>
    <instantOut id="215_D52" time="30421.50" state="stay" vehID="Car_23624" speed="8.60" length="5.00" type="DEFAULT_CAR"/>
    <instantOut id="215_D52" time="30421.56" state="leave" vehID="Car_23624" speed="8.11" length="5.00" type="DEFAULT_CAR" occupancy="0.57"/>
    <instantOut id="215_D52" time="30422.53" state="enter" vehID="Car_23625" speed="6.98" length="5.00" type="DEFAULT_CAR" gap="0.98"/>
    <instantOut id="215_D52" time="30422.75" state="stay" vehID="Car_23625" speed="6.98" length="5.00" type="DEFAULT_CAR"/>
    <instantOut id="215_D52" time="30423.00" state="stay" vehID="Car_23625" speed="6.27" length="5.00" type="DEFAULT_CAR"/>
    <instantOut id="215_D52" time="30423.25" state="stay" vehID="Car_23625" speed="6.31" length="5.00" type="DEFAULT_CAR"/>
    <instantOut id="215_D52" time="30423.31" state="leave" vehID="Car_23625" speed="6.25" length="5.00" type="DEFAULT_CAR" occupancy="0.77"/>
    <instantOut id="215_D52" time="30425.87" state="enter" vehID="Car_23628" speed="8.87" length="5.00" type="DEFAULT_CAR" gap="2.56"/>
    <instantOut id="215_D52" time="30426.00" state="stay" vehID="Car_23628" speed="8.87" length="5.00" type="DEFAULT_CAR"/>
    <instantOut id="215_D52" time="30426.25" state="stay" vehID="Car_23628" speed="8.13" length="5.00" type="DEFAULT_CAR"/>
    <instantOut id="215_D52" time="30426.49" state="leave" vehID="Car_23628" speed="7.61" length="5.00" type="DEFAULT_CAR" occupancy="0.62"/>
    <instantOut id="215_D52" time="30432.69" state="enter" vehID="Car_23629" speed="11.14" length="5.00" type="DEFAULT_CAR" gap="6.20"/>
    <instantOut id="215_D52" time="30432.75" state="stay" vehID="Car_23629" speed="11.14" length="5.00" type="DEFAULT_CAR"/>
    <instantOut id="215_D52" time="30433.00" state="stay" vehID="Car_23629" speed="10.87" length="5.00" type="DEFAULT_CAR"/>
    <instantOut id="215_D52" time="30433.14" state="leave" vehID="Car_23629" speed="11.02" length="5.00" type="DEFAULT_CAR" occupancy="0.46"/>
    <instantOut id="215_D52" time="30461.95" state="enter" vehID="Car_23631" speed="8.32" length="5.00" type="DEFAULT_CAR" gap="28.81"/>
    <instantOut id="215_D52" time="30462.00" state="stay" vehID="Car_23631" speed="8.32" length="5.00" type="DEFAULT_CAR"/>
    <instantOut id="215_D52" time="30462.25" state="stay" vehID="Car_23631" speed="8.37" length="5.00" type="DEFAULT_CAR"/>
    <instantOut id="215_D52" time="30462.50" state="stay" vehID="Car_23631" speed="8.28" length="5.00" type="DEFAULT_CAR"/>
    <instantOut id="215_D52" time="30462.55" state="leave" vehID="Car_23631" speed="8.33" length="5.00" type="DEFAULT_CAR" occupancy="0.60"/>
    <instantOut id="215_D52" time="30473.83" state="enter" vehID="Car_23634" speed="12.38" length="5.00" type="DEFAULT_CAR" gap="11.27"/>
    <instantOut id="215_D52" time="30474.00" state="stay" vehID="Car_23634" speed="12.38" length="5.00" type="DEFAULT_CAR"/>
    <instantOut id="215_D52" time="30474.24" state="leave" vehID="Car_23634" speed="11.63" length="5.00" type="DEFAULT_CAR" occupancy="0.42"/>
    <instantOut id="215_D52" time="30477.26" state="enter" vehID="Car_23635" speed="10.00" length="5.00" type="DEFAULT_CAR" gap="3.01"/>
    <instantOut id="215_D52" time="30477.50" state="stay" vehID="Car_23635" speed="10.00" length="5.00" type="DEFAULT_CAR"/>
    <instantOut id="215_D52" time="30477.75" state="stay" vehID="Car_23635" speed="9.25" length="5.00" type="DEFAULT_CAR"/>
    <instantOut id="215_D52" time="30477.78" state="leave" vehID="Car_23635" speed="8.74" length="5.00" type="DEFAULT_CAR" occupancy="0.52"/>
    <instantOut id="215_D52" time="30538.30" state="enter" vehID="Car_23636" speed="10.89" length="5.00" type="DEFAULT_CAR" gap="60.52"/>
    <instantOut id="215_D52" time="30538.50" state="stay" vehID="Car_23636" speed="10.89" length="5.00" type="DEFAULT_CAR"/>
    <instantOut id="215_D52" time="30538.75" state="stay" vehID="Car_23636" speed="10.97" length="5.00" type="DEFAULT_CAR"/>
    <instantOut id="215_D52" time="30538.76" state="leave" vehID="Car_23636" speed="11.04" length="5.00" type="DEFAULT_CAR" occupancy="0.46"/>
    <instantOut id="215_D52" time="30540.27" state="enter" vehID="Car_23638" speed="11.80" length="5.00" type="DEFAULT_CAR" gap="1.51"/>
    <instantOut id="215_D52" time="30540.50" state="stay" vehID="Car_23638" speed="11.80" length="5.00" type="DEFAULT_CAR"/>
    <instantOut id="215_D52" time="30540.71" state="leave" vehID="Car_23638" speed="11.25" length="5.00" type="DEFAULT_CAR" occupancy="0.43"/>
    <instantOut id="215_D52" time="30580.38" state="enter" vehID="Car_23639" speed="10.80" length="5.00" type="DEFAULT_CAR" gap="39.67"/>
    <instantOut id="215_D52" time="30580.50" state="stay" vehID="Car_23639" speed="10.80" length="5.00" type="DEFAULT_CAR"/>
    <instantOut id="215_D52" time="30580.75" state="stay" vehID="Car_23639" speed="10.84" length="5.00" type="DEFAULT_CAR"/>
    <instantOut id="215_D52" time="30580.84" state="leave" vehID="Car_23639" speed="10.86" length="5.00" type="DEFAULT_CAR" occupancy="0.46"/>
    <instantOut id="215_D52" time="30603.10" state="enter" vehID="Car_23641" speed="10.47" length="5.00" type="DEFAULT_CAR" gap="22.25"/>
    <instantOut id="215_D52" time="30603.25" state="stay" vehID="Car_23641" speed="10.47" length="5.00" type="DEFAULT_CAR"/>
    <instantOut id="215_D52" time="30603.50" state="stay" vehID="Car_23641" speed="10.41" length="5.00" type="DEFAULT_CAR"/>
    <instantOut id="215_D52" time="30603.57" state="leave" vehID="Car_23641" speed="10.58" length="5.00" type="DEFAULT_CAR" occupancy="0.48"/>
    <instantOut id="215_D52" time="30604.73" state="enter" vehID="Car_23643" speed="11.43" length="5.00" type="DEFAULT_CAR" gap="1.16"/>
    <instantOut id="215_D52" time="30604.75" state="stay" vehID="Car_23643" speed="11.43" length="5.00" type="DEFAULT_CAR"/>
    <instantOut id="215_D52" time="30605.00" state="stay" vehID="Car_23643" speed="11.20" length="5.00" type="DEFAULT_CAR"/>
    <instantOut id="215_D52" time="30605.17" state="leave" vehID="Car_23643" speed="11.54" length="5.00" type="DEFAULT_CAR" occupancy="0.44"/>
    <instantOut id="215_D52" time="30607.14" state="enter" vehID="Car_23644" speed="9.97" length="5.00" type="DEFAULT_CAR" gap="1.97"/>
    <instantOut id="215_D52" time="30607.25" state="stay" vehID="Car_23644" speed="9.97" length="5.00" type="DEFAULT_CAR"/>
    <instantOut id="215_D52" time="30607.50" state="stay" vehID="Car_23644" speed="9.26" length="5.00" type="DEFAULT_CAR"/>
    <instantOut id="215_D52" time="30607.69" state="leave" vehID="Car_23644" speed="8.68" length="5.00" type="DEFAULT_CAR" occupancy="0.54"/>
    <instantOut id="215_D52" time="30678.89" state="enter" vehID="Car_23650" speed="12.08" length="5.00" type="DEFAULT_CAR" gap="71.20"/>
    <instantOut id="215_D52" time="30679.00" state="stay" vehID="Car_23650" speed="12.08" length="5.00" type="DEFAULT_CAR"/>
    <instantOut id="215_D52" time="30679.25" state="stay" vehID="Car_23650" speed="11.99" length="5.00" type="DEFAULT_CAR"/>
    <instantOut id="215_D52" time="30679.31" state="leave" vehID="Car_23650" speed="12.09" length="5.00" type="DEFAULT_CAR" occupancy="0.42"/>
    <instantOut id="215_D52" time="30772.33" state="enter" vehID="Car_23655" speed="12.08" length="5.00" type="DEFAULT_CAR" gap="93.03"/>
    <instantOut id="215_D52" time="30772.50" state="stay" vehID="Car_23655" speed="12.08" length="5.00" type="DEFAULT_CAR"/>
    <instantOut id="215_D52" time="30772.75" state="leave" vehID="Car_23655" speed="12.12" length="5.00" type="DEFAULT_CAR" occupancy="0.41"/>
    <instantOut id="215_D52" time="30778.39" state="enter" vehID="Car_23656" speed="11.18" length="5.00" type="DEFAULT_CAR" gap="5.65"/>
    <instantOut id="215_D52" time="30778.50" state="stay" vehID="Car_23656" speed="11.18" length="5.00" type="DEFAULT_CAR"/>
    <instantOut id="215_D52" time="30778.75" state="stay" vehID="Car_23656" speed="11.30" length="5.00" type="DEFAULT_CAR"/>
    <instantOut id="215_D52" time="30778.84" state="leave" vehID="Car_23656" speed="11.01" length="5.00" type="DEFAULT_CAR" occupancy="0.45"/>
    <instantOut id="215_D52" time="30779.75" state="enter" vehID="Car_23657" speed="9.70" length="5.00" type="DEFAULT_CAR" gap="0.92"/>
    <instantOut id="215_D52" time="30780.00" state="stay" vehID="Car_23657" speed="9.70" length="5.00" type="DEFAULT_CAR"/>
    <instantOut id="215_D52" time="30780.25" state="stay" vehID="Car_23657" speed="8.95" length="5.00" type="DEFAULT_CAR"/>
    <instantOut id="215_D52" time="30780.30" state="leave" vehID="Car_23657" speed="8.40" length="5.00" type="DEFAULT_CAR" occupancy="0.54"/>
    <instantOut id="215_D52" time="30965.29" state="enter" vehID="Car_23665" speed="12.20" length="5.00" type="DEFAULT_CAR" gap="184.99"/>
    <instantOut id="215_D52" time="30965.50" state="stay" vehID="Car_23665" speed="12.20" length="5.00" type="DEFAULT_CAR"/>
    <instantOut id="215_D52" time="30965.69" state="leave" vehID="Car_23665" speed="12.52" length="5.00" type="DEFAULT_CAR" occupancy="0.40"/>
    <instantOut id="215_D52" time="30972.14" state="enter" vehID="Car_23669" speed="16.02" length="5.00" type="DEFAULT_CAR" gap="6.45"/>
    <instantOut id="215_D52" time="30972.25" state="stay" vehID="Car_23669" speed="16.02" length="5.00" type="DEFAULT_CAR"/>
    <instantOut id="215_D52" time="30972.46" state="leave" vehID="Car_23669" speed="15.27" length="5.00" type="DEFAULT_CAR" occupancy="0.32"/>
    <instantOut id="215_D52" time="31094.60" state="enter" vehID="Car_23679" speed="14.76" length="5.00" type="DEFAULT_CAR" gap="122.13"/>
    <instantOut id="215_D52" time="31094.75" state="stay" vehID="Car_23679" speed="14.76" length="5.00" type="DEFAULT_CAR"/>
    <instantOut id="215_D52" time="31094.95" state="leave" vehID="Car_23679" speed="14.01" length="5.00" type="DEFAULT_CAR" occupancy="0.35"/>
    <instantOut id="215_D52" time="31219.06" state="enter" vehID="Car_23684" speed="12.90" length="5.00" type="DEFAULT_CAR" gap="124.11"/>
    <instantOut id="215_D52" time="31219.25" state="stay" vehID="Car_23684" speed="12.90" length="5.00" type="DEFAULT_CAR"/>
    <instantOut id="215_D52" time="31219.44" state="leave" vehID="Car_23684" speed="13.01" length="5.00" type="DEFAULT_CAR" occupancy="0.39"/>
    <instantOut id="215_D52" time="32307.69" state="enter" vehID="Car_24144" speed="15.00" length="5.00" type="DEFAULT_CAR" gap="1088.24"/>
    <instantOut id="215_D52" time="32307.75" state="stay" vehID="Car_24144" speed="15.00" length="5.00" type="DEFAULT_CAR"/>
    <instantOut id="215_D52" time="32308.00" state="stay" vehID="Car_24144" speed="14.32" length="5.00" type="DEFAULT_CAR"/>
    <instantOut id="215_D52" time="32308.03" state="leave" vehID="Car_24144" speed="13.57" length="5.00" type="DEFAULT_CAR" occupancy="0.35"/>
    <instantOut id="215_D52" time="33041.03" state="enter" vehID="Car_24145" speed="13.52" length="5.00" type="DEFAULT_CAR" gap="733.00"/>
    <instantOut id="215_D52" time="33041.25" state="stay" vehID="Car_24145" speed="13.52" length="5.00" type="DEFAULT_CAR"/>
    <instantOut id="215_D52" time="33041.40" state="leave" vehID="Car_24145" speed="13.26" length="5.00" type="DEFAULT_CAR" occupancy="0.37"/>
    <instantOut id="215_D52" time="33204.99" state="enter" vehID="Car_25833" speed="10.51" length="5.00" type="DEFAULT_CAR" gap="163.58"/>
    <instantOut id="215_D52" time="33205.00" state="stay" vehID="Car_25833" speed="10.51" length="5.00" type="DEFAULT_CAR"/>
    <instantOut id="215_D52" time="33205.25" state="stay" vehID="Car_25833" speed="10.54" length="5.00" type="DEFAULT_CAR"/>
    <instantOut id="215_D52" time="33205.46" state="leave" vehID="Car_25833" speed="10.58" length="5.00" type="DEFAULT_CAR" occupancy="0.47"/>
    <instantOut id="215_D52" time="33984.48" state="enter" vehID="Car_25862" speed="14.02" length="5.00" type="DEFAULT_CAR" gap="779.02"/>
    <instantOut id="215_D52" time="33984.50" state="stay" vehID="Car_25862" speed="14.02" length="5.00" type="DEFAULT_CAR"/>
    <instantOut id="215_D52" time="33984.75" state="stay" vehID="Car_25862" speed="14.39" length="5.00" type="DEFAULT_CAR"/>
    <instantOut id="215_D52" time="33984.83" state="leave" vehID="Car_25862" speed="14.24" length="5.00" type="DEFAULT_CAR" occupancy="0.35"/>
    <instantOut id="215_D52" time="33985.58" state="enter" vehID="Car_25863" speed="13.35" length="5.00" type="DEFAULT_CAR" gap="0.76"/>
    <instantOut id="215_D52" time="33985.75" state="stay" vehID="Car_25863" speed="13.35" length="5.00" type="DEFAULT_CAR"/>
    <instantOut id="215_D52" time="33985.97" state="leave" vehID="Car_25863" speed="12.66" length="5.00" type="DEFAULT_CAR" occupancy="0.39"/>
    <instantOut id="215_D52" time="34105.78" state="enter" vehID="Car_25870" speed="15.67" length="5.00" type="DEFAULT_CAR" gap="119.81"/>
    <instantOut id="215_D52" time="34106.00" state="stay" vehID="Car_25870" speed="15.67" length="5.00" type="DEFAULT_CAR"/>
    <instantOut id="215_D52" time="34106.10" state="leave" vehID="Car_25870" speed="14.92" length="5.00" type="DEFAULT_CAR" occupancy="0.32"/>
    <instantOut id="215_D52" time="34296.23" state="enter" vehID="Car_25882" speed="10.18" length="5.00" type="DEFAULT_CAR" gap="190.13"/>
    <instantOut id="215_D52" time="34296.25" state="stay" vehID="Car_25882" speed="10.18" length="5.00" type="DEFAULT_CAR"/>
    <instantOut id="215_D52" time="34296.50" state="stay" vehID="Car_25882" speed="10.41" length="5.00" type="DEFAULT_CAR"/>
    <instantOut id="215_D52" time="34296.71" state="leave" vehID="Car_25882" speed="10.27" length="5.00" type="DEFAULT_CAR" occupancy="0.48"/>
    <instantOut id="215_D52" time="34810.63" state="enter" vehID="Car_23873" speed="15.94" length="5.00" type="DEFAULT_CAR" gap="513.92"/>
    <instantOut id="215_D52" time="34810.75" state="stay" vehID="Car_23873" speed="15.94" length="5.00" type="DEFAULT_CAR"/>
    <instantOut id="215_D52" time="34810.95" state="leave" vehID="Car_23873" speed="15.19" length="5.00" type="DEFAULT_CAR" occupancy="0.32"/>
    <instantOut id="215_D52" time="35680.72" state="enter" vehID="Car_23902" speed="13.75" length="5.00" type="DEFAULT_CAR" gap="869.77"/>
    <instantOut id="215_D52" time="35680.75" state="stay" vehID="Car_23902" speed="13.75" length="5.00" type="DEFAULT_CAR"/>
    <instantOut id="215_D52" time="35681.00" state="stay" vehID="Car_23902" speed="13.71" length="5.00" type="DEFAULT_CAR"/>
    <instantOut id="215_D52" time="35681.09" state="leave" vehID="Car_23902" speed="13.80" length="5.00" type="DEFAULT_CAR" occupancy="0.36"/>
    <instantOut id="215_D52" time="35681.87" state="enter" vehID="Car_23903" speed="13.44" length="5.00" type="DEFAULT_CAR" gap="0.78"/>
    <instantOut id="215_D52" time="35682.00" state="stay" vehID="Car_23903" speed="13.44" length="5.00" type="DEFAULT_CAR"/>
    <instantOut id="215_D52" time="35682.25" state="leave" vehID="Car_23903" speed="12.86" length="5.00" type="DEFAULT_CAR" occupancy="0.38"/>
    <instantOut id="215_D52" time="44528.59" state="enter" vehID="Car_12068" speed="15.86" length="5.00" type="DEFAULT_CAR" gap="8846.34"/>
    <instantOut id="215_D52" time="44528.75" state="stay" vehID="Car_12068" speed="15.86" length="5.00" type="DEFAULT_CAR"/>
    <instantOut id="215_D52" time="44528.91" state="leave" vehID="Car_12068" speed="15.11" length="5.00" type="DEFAULT_CAR" occupancy="0.32"/>
</instantE1>
