<?xml version="1.0" encoding="UTF-8"?>

<!-- generated on 2025-03-02 18:13:29 by Eclipse SUMO sumo Version 1.19.0
<configuration xmlns:xsi="http://www.w3.org/2001/XMLSchema-instance" xsi:noNamespaceSchemaLocation="http://sumo.dlr.de/xsd/sumoConfiguration.xsd">

    <input>
        <net-file value="Network.net.xml"/>
        <route-files value="CarRoutes.rou.xml"/>
        <additional-files value="Sensors.add.xml"/>
    </input>

    <output>
        <emission-output value="logs/Emissions.xml"/>
        <summary-output value="logs/Log_summary.xml"/>
        <summary-output.period value="300"/>
        <tripinfo-output value="logs/TripInfos.xml"/>
    </output>

    <time>
        <begin value="0"/>
        <end value="86400"/>
        <step-length value="0.25"/>
    </time>

    <processing>
        <ignore-junction-blocker value="0.1"/>
        <time-to-teleport value="-1"/>
    </processing>

    <report>
        <verbose value="true"/>
        <no-step-log value="true"/>
    </report>

    <emissions>
        <device.emissions.period value="10"/>
    </emissions>

    <traci_server>
        <remote-port value="54644"/>
    </traci_server>

    <gui_only>
        <quit-on-end value="true"/>
        <start value="true"/>
    </gui_only>

</configuration>
-->

<instantE1 xmlns:xsi="http://www.w3.org/2001/XMLSchema-instance" xsi:noNamespaceSchemaLocation="http://sumo.dlr.de/xsd/instant_e1_file.xsd">
    <instantOut id="235_D025" time="6684.23" state="enter" vehID="Car_13854" speed="9.35" length="5.00" type="DEFAULT_CAR"/>
    <instantOut id="235_D025" time="6684.25" state="stay" vehID="Car_13854" speed="9.35" length="5.00" type="DEFAULT_CAR"/>
    <instantOut id="235_D025" time="6684.50" state="stay" vehID="Car_13854" speed="8.67" length="5.00" type="DEFAULT_CAR"/>
    <instantOut id="235_D025" time="6684.75" state="stay" vehID="Car_13854" speed="7.97" length="5.00" type="DEFAULT_CAR"/>
    <instantOut id="235_D025" time="6684.84" state="leave" vehID="Car_13854" speed="7.44" length="5.00" type="DEFAULT_CAR" occupancy="0.61"/>
    <instantOut id="235_D025" time="13150.50" state="enter" vehID="Car_20853" speed="9.35" length="5.00" type="DEFAULT_CAR" gap="6465.66"/>
    <instantOut id="235_D025" time="13150.50" state="stay" vehID="Car_20853" speed="9.35" length="5.00" type="DEFAULT_CAR"/>
    <instantOut id="235_D025" time="13150.75" state="stay" vehID="Car_20853" speed="9.93" length="5.00" type="DEFAULT_CAR"/>
    <instantOut id="235_D025" time="13150.99" state="leave" vehID="Car_20853" speed="10.39" length="5.00" type="DEFAULT_CAR" occupancy="0.49"/>
    <instantOut id="235_D025" time="17499.76" state="enter" vehID="Car_461" speed="7.31" length="5.00" type="DEFAULT_CAR" gap="4348.77"/>
    <instantOut id="235_D025" time="17500.00" state="stay" vehID="Car_461" speed="7.31" length="5.00" type="DEFAULT_CAR"/>
    <instantOut id="235_D025" time="17500.25" state="stay" vehID="Car_461" speed="6.62" length="5.00" type="DEFAULT_CAR"/>
    <instantOut id="235_D025" time="17500.50" state="stay" vehID="Car_461" speed="5.94" length="5.00" type="DEFAULT_CAR"/>
    <instantOut id="235_D025" time="17500.52" state="leave" vehID="Car_461" speed="5.19" length="5.00" type="DEFAULT_CAR" occupancy="0.76"/>
    <instantOut id="235_D025" time="26032.28" state="enter" vehID="Car_8316" speed="7.02" length="5.00" type="DEFAULT_CAR" gap="8531.77"/>
    <instantOut id="235_D025" time="26032.50" state="stay" vehID="Car_8316" speed="7.02" length="5.00" type="DEFAULT_CAR"/>
    <instantOut id="235_D025" time="26032.75" state="stay" vehID="Car_8316" speed="6.28" length="5.00" type="DEFAULT_CAR"/>
    <instantOut id="235_D025" time="26033.00" state="stay" vehID="Car_8316" speed="5.73" length="5.00" type="DEFAULT_CAR"/>
    <instantOut id="235_D025" time="26033.10" state="leave" vehID="Car_8316" speed="4.98" length="5.00" type="DEFAULT_CAR" occupancy="0.81"/>
    <instantOut id="235_D025" time="26034.55" state="enter" vehID="Car_9694" speed="5.10" length="5.00" type="DEFAULT_CAR" gap="1.45"/>
    <instantOut id="235_D025" time="26034.75" state="stay" vehID="Car_9694" speed="5.10" length="5.00" type="DEFAULT_CAR"/>
    <instantOut id="235_D025" time="26035.00" state="stay" vehID="Car_9694" speed="5.04" length="5.00" type="DEFAULT_CAR"/>
    <instantOut id="235_D025" time="26035.25" state="stay" vehID="Car_9694" speed="4.86" length="5.00" type="DEFAULT_CAR"/>
    <instantOut id="235_D025" time="26035.50" state="stay" vehID="Car_9694" speed="5.09" length="5.00" type="DEFAULT_CAR"/>
    <instantOut id="235_D025" time="26035.55" state="leave" vehID="Car_9694" speed="4.47" length="5.00" type="DEFAULT_CAR" occupancy="1.00"/>
    <instantOut id="235_D025" time="27090.45" state="enter" vehID="Car_17817" speed="6.88" length="5.00" type="DEFAULT_CAR" gap="1054.91"/>
    <instantOut id="235_D025" time="27090.50" state="stay" vehID="Car_17817" speed="6.88" length="5.00" type="DEFAULT_CAR"/>
    <instantOut id="235_D025" time="27090.75" state="stay" vehID="Car_17817" speed="6.57" length="5.00" type="DEFAULT_CAR"/>
    <instantOut id="235_D025" time="27091.00" state="stay" vehID="Car_17817" speed="5.82" length="5.00" type="DEFAULT_CAR"/>
    <instantOut id="235_D025" time="27091.25" state="stay" vehID="Car_17817" speed="5.07" length="5.00" type="DEFAULT_CAR"/>
    <instantOut id="235_D025" time="27091.32" state="leave" vehID="Car_17817" speed="4.32" length="5.00" type="DEFAULT_CAR" occupancy="0.87"/>
    <instantOut id="235_D025" time="27660.49" state="enter" vehID="Car_8318" speed="8.82" length="5.00" type="DEFAULT_CAR" gap="569.17"/>
    <instantOut id="235_D025" time="27660.50" state="stay" vehID="Car_8318" speed="8.82" length="5.00" type="DEFAULT_CAR"/>
    <instantOut id="235_D025" time="27660.75" state="stay" vehID="Car_8318" speed="8.19" length="5.00" type="DEFAULT_CAR"/>
    <instantOut id="235_D025" time="27661.00" state="stay" vehID="Car_8318" speed="7.44" length="5.00" type="DEFAULT_CAR"/>
    <instantOut id="235_D025" time="27661.14" state="leave" vehID="Car_8318" speed="7.02" length="5.00" type="DEFAULT_CAR" occupancy="0.65"/>
    <instantOut id="235_D025" time="27664.24" state="enter" vehID="Car_9697" speed="8.38" length="5.00" type="DEFAULT_CAR" gap="3.10"/>
    <instantOut id="235_D025" time="27664.25" state="stay" vehID="Car_9697" speed="8.38" length="5.00" type="DEFAULT_CAR"/>
    <instantOut id="235_D025" time="27664.50" state="stay" vehID="Car_9697" speed="7.63" length="5.00" type="DEFAULT_CAR"/>
    <instantOut id="235_D025" time="27664.75" state="stay" vehID="Car_9697" speed="6.88" length="5.00" type="DEFAULT_CAR"/>
    <instantOut id="235_D025" time="27664.96" state="leave" vehID="Car_9697" speed="6.13" length="5.00" type="DEFAULT_CAR" occupancy="0.72"/>
    <instantOut id="235_D025" time="31564.23" state="enter" vehID="Car_13521" speed="8.36" length="5.00" type="DEFAULT_CAR" gap="3899.27"/>
    <instantOut id="235_D025" time="31564.25" state="stay" vehID="Car_13521" speed="8.36" length="5.00" type="DEFAULT_CAR"/>
    <instantOut id="235_D025" time="31564.50" state="stay" vehID="Car_13521" speed="7.61" length="5.00" type="DEFAULT_CAR"/>
    <instantOut id="235_D025" time="31564.75" state="stay" vehID="Car_13521" speed="6.99" length="5.00" type="DEFAULT_CAR"/>
    <instantOut id="235_D025" time="31564.94" state="leave" vehID="Car_13521" speed="6.24" length="5.00" type="DEFAULT_CAR" occupancy="0.71"/>
    <instantOut id="235_D025" time="40051.23" state="enter" vehID="Car_9703" speed="8.90" length="5.00" type="DEFAULT_CAR" gap="8486.28"/>
    <instantOut id="235_D025" time="40051.25" state="stay" vehID="Car_9703" speed="8.90" length="5.00" type="DEFAULT_CAR"/>
    <instantOut id="235_D025" time="40051.50" state="stay" vehID="Car_9703" speed="8.15" length="5.00" type="DEFAULT_CAR"/>
    <instantOut id="235_D025" time="40051.75" state="stay" vehID="Car_9703" speed="7.40" length="5.00" type="DEFAULT_CAR"/>
    <instantOut id="235_D025" time="40051.89" state="leave" vehID="Car_9703" speed="6.65" length="5.00" type="DEFAULT_CAR" occupancy="0.66"/>
    <instantOut id="235_D025" time="40859.94" state="enter" vehID="Car_708" speed="7.41" length="5.00" type="DEFAULT_CAR" gap="808.05"/>
    <instantOut id="235_D025" time="40860.00" state="stay" vehID="Car_708" speed="7.41" length="5.00" type="DEFAULT_CAR"/>
    <instantOut id="235_D025" time="40860.25" state="stay" vehID="Car_708" speed="6.77" length="5.00" type="DEFAULT_CAR"/>
    <instantOut id="235_D025" time="40860.50" state="stay" vehID="Car_708" speed="6.39" length="5.00" type="DEFAULT_CAR"/>
    <instantOut id="235_D025" time="40860.72" state="leave" vehID="Car_708" speed="5.65" length="5.00" type="DEFAULT_CAR" occupancy="0.78"/>
</instantE1>
