<?xml version="1.0" encoding="UTF-8"?>

<!-- generated on 2025-02-28 18:28:21 by Eclipse SUMO GUI Version 1.19.0
<configuration xmlns:xsi="http://www.w3.org/2001/XMLSchema-instance" xsi:noNamespaceSchemaLocation="http://sumo.dlr.de/xsd/sumoConfiguration.xsd">

    <input>
        <net-file value="Network.net.xml"/>
        <route-files value="CarRoutes.rou.xml"/>
        <additional-files value="Sensors.add.xml"/>
    </input>

    <output>
        <emission-output value="logs/Emissions.xml"/>
        <summary-output value="logs/Log_summary.xml"/>
        <summary-output.period value="300"/>
        <tripinfo-output value="logs/TripInfos.xml"/>
    </output>

    <time>
        <begin value="0"/>
        <end value="86400"/>
        <step-length value="0.25"/>
    </time>

    <processing>
        <ignore-junction-blocker value="0.1"/>
        <time-to-teleport value="-1"/>
    </processing>

    <report>
        <verbose value="true"/>
        <no-step-log value="true"/>
    </report>

    <emissions>
        <device.emissions.period value="10"/>
    </emissions>

    <traci_server>
        <remote-port value="58831"/>
    </traci_server>

    <gui_only>
        <quit-on-end value="true"/>
        <start value="true"/>
    </gui_only>

</configuration>
-->

<summary xmlns:xsi="http://www.w3.org/2001/XMLSchema-instance" xsi:noNamespaceSchemaLocation="http://sumo.dlr.de/xsd/summary_file.xsd">
    <step time="0.00" loaded="0" inserted="0" running="0" waiting="0" ended="0" arrived="0" collisions="0" teleports="0" halting="0" stopped="0" meanWaitingTime="-1.00" meanTravelTime="-1.00" meanSpeed="-1.00" meanSpeedRelative="-1.00" duration="0"/>
    <step time="300.00" loaded="209" inserted="197" running="92" waiting="12" ended="105" arrived="105" collisions="0" teleports="0" halting="44" stopped="0" meanWaitingTime="12.30" meanTravelTime="76.11" meanSpeed="3.51" meanSpeedRelative="0.25" duration="2"/>
    <step time="600.00" loaded="370" inserted="360" running="71" waiting="10" ended="289" arrived="289" collisions="0" teleports="0" halting="42" stopped="0" meanWaitingTime="11.25" meanTravelTime="119.11" meanSpeed="4.01" meanSpeedRelative="0.29" duration="2"/>
    <step time="900.00" loaded="527" inserted="519" running="61" waiting="8" ended="458" arrived="458" collisions="0" teleports="0" halting="25" stopped="0" meanWaitingTime="10.91" meanTravelTime="119.08" meanSpeed="4.18" meanSpeedRelative="0.30" duration="1"/>
    <step time="1200.00" loaded="700" inserted="686" running="59" waiting="14" ended="627" arrived="627" collisions="0" teleports="0" halting="7" stopped="0" meanWaitingTime="13.75" meanTravelTime="116.85" meanSpeed="7.31" meanSpeedRelative="0.53" duration="1"/>
    <step time="1500.00" loaded="865" inserted="845" running="58" waiting="20" ended="787" arrived="787" collisions="0" teleports="0" halting="14" stopped="0" meanWaitingTime="15.12" meanTravelTime="115.29" meanSpeed="4.93" meanSpeedRelative="0.36" duration="1"/>
    <step time="1800.00" loaded="1028" inserted="1009" running="55" waiting="19" ended="954" arrived="954" collisions="0" teleports="0" halting="17" stopped="0" meanWaitingTime="18.49" meanTravelTime="114.18" meanSpeed="5.13" meanSpeedRelative="0.37" duration="1"/>
    <step time="2100.00" loaded="1187" inserted="1172" running="68" waiting="15" ended="1104" arrived="1104" collisions="0" teleports="0" halting="37" stopped="0" meanWaitingTime="17.57" meanTravelTime="111.67" meanSpeed="3.52" meanSpeedRelative="0.25" duration="1"/>
    <step time="2400.00" loaded="1331" inserted="1315" running="43" waiting="16" ended="1272" arrived="1272" collisions="0" teleports="0" halting="17" stopped="0" meanWaitingTime="17.67" meanTravelTime="112.24" meanSpeed="3.97" meanSpeedRelative="0.29" duration="1"/>
    <step time="2700.00" loaded="1475" inserted="1474" running="52" waiting="1" ended="1422" arrived="1422" collisions="0" teleports="0" halting="13" stopped="0" meanWaitingTime="17.63" meanTravelTime="111.07" meanSpeed="5.80" meanSpeedRelative="0.42" duration="1"/>
    <step time="3000.00" loaded="1633" inserted="1626" running="48" waiting="7" ended="1578" arrived="1578" collisions="0" teleports="0" halting="26" stopped="0" meanWaitingTime="16.55" meanTravelTime="110.54" meanSpeed="3.90" meanSpeedRelative="0.28" duration="2"/>
    <step time="3300.00" loaded="1802" inserted="1787" running="69" waiting="15" ended="1718" arrived="1718" collisions="0" teleports="0" halting="8" stopped="0" meanWaitingTime="16.99" meanTravelTime="110.97" meanSpeed="6.58" meanSpeedRelative="0.47" duration="2"/>
    <step time="3600.00" loaded="1934" inserted="1934" running="46" waiting="0" ended="1888" arrived="1888" collisions="0" teleports="0" halting="20" stopped="0" meanWaitingTime="16.79" meanTravelTime="110.58" meanSpeed="4.80" meanSpeedRelative="0.35" duration="1"/>
    <step time="3900.00" loaded="2102" inserted="2102" running="82" waiting="0" ended="2020" arrived="2020" collisions="0" teleports="0" halting="42" stopped="0" meanWaitingTime="15.56" meanTravelTime="110.06" meanSpeed="3.34" meanSpeedRelative="0.24" duration="2"/>
    <step time="4200.00" loaded="2231" inserted="2226" running="38" waiting="5" ended="2188" arrived="2188" collisions="0" teleports="0" halting="5" stopped="0" meanWaitingTime="15.79" meanTravelTime="111.51" meanSpeed="6.39" meanSpeedRelative="0.46" duration="1"/>
    <step time="4500.00" loaded="2409" inserted="2408" running="74" waiting="1" ended="2334" arrived="2334" collisions="0" teleports="0" halting="30" stopped="0" meanWaitingTime="15.20" meanTravelTime="110.69" meanSpeed="4.13" meanSpeedRelative="0.30" duration="2"/>
    <step time="4800.00" loaded="2567" inserted="2561" running="40" waiting="6" ended="2521" arrived="2521" collisions="0" teleports="0" halting="14" stopped="0" meanWaitingTime="14.57" meanTravelTime="110.64" meanSpeed="5.09" meanSpeedRelative="0.37" duration="1"/>
    <step time="5100.00" loaded="2737" inserted="2727" running="60" waiting="10" ended="2667" arrived="2667" collisions="0" teleports="0" halting="10" stopped="0" meanWaitingTime="15.28" meanTravelTime="109.40" meanSpeed="5.87" meanSpeedRelative="0.42" duration="2"/>
    <step time="5400.00" loaded="2887" inserted="2885" running="48" waiting="2" ended="2837" arrived="2837" collisions="0" teleports="0" halting="9" stopped="0" meanWaitingTime="15.23" meanTravelTime="108.79" meanSpeed="7.07" meanSpeedRelative="0.51" duration="1"/>
    <step time="5700.00" loaded="3072" inserted="3057" running="76" waiting="15" ended="2981" arrived="2981" collisions="0" teleports="0" halting="28" stopped="0" meanWaitingTime="14.76" meanTravelTime="108.82" meanSpeed="4.33" meanSpeedRelative="0.31" duration="2"/>
    <step time="6000.00" loaded="3196" inserted="3193" running="36" waiting="3" ended="3157" arrived="3157" collisions="0" teleports="0" halting="14" stopped="0" meanWaitingTime="14.81" meanTravelTime="110.16" meanSpeed="5.48" meanSpeedRelative="0.39" duration="2"/>
    <step time="6300.00" loaded="3361" inserted="3344" running="59" waiting="17" ended="3285" arrived="3285" collisions="0" teleports="0" halting="26" stopped="0" meanWaitingTime="14.90" meanTravelTime="110.21" meanSpeed="5.06" meanSpeedRelative="0.36" duration="1"/>
    <step time="6600.00" loaded="3522" inserted="3514" running="45" waiting="8" ended="3469" arrived="3469" collisions="0" teleports="0" halting="15" stopped="0" meanWaitingTime="15.16" meanTravelTime="109.16" meanSpeed="4.61" meanSpeedRelative="0.33" duration="2"/>
    <step time="6900.00" loaded="3707" inserted="3690" running="59" waiting="17" ended="3631" arrived="3631" collisions="0" teleports="0" halting="21" stopped="0" meanWaitingTime="15.20" meanTravelTime="108.30" meanSpeed="4.75" meanSpeedRelative="0.34" duration="2"/>
    <step time="7200.00" loaded="3863" inserted="3845" running="46" waiting="18" ended="3799" arrived="3799" collisions="0" teleports="0" halting="15" stopped="0" meanWaitingTime="15.84" meanTravelTime="108.04" meanSpeed="5.84" meanSpeedRelative="0.42" duration="1"/>
    <step time="7500.00" loaded="4013" inserted="4001" running="37" waiting="12" ended="3964" arrived="3964" collisions="0" teleports="0" halting="13" stopped="0" meanWaitingTime="16.47" meanTravelTime="107.19" meanSpeed="5.91" meanSpeedRelative="0.43" duration="1"/>
    <step time="7800.00" loaded="4170" inserted="4147" running="47" waiting="23" ended="4100" arrived="4100" collisions="0" teleports="0" halting="18" stopped="0" meanWaitingTime="16.98" meanTravelTime="106.42" meanSpeed="4.90" meanSpeedRelative="0.35" duration="1"/>
    <step time="8100.00" loaded="4341" inserted="4326" running="49" waiting="15" ended="4277" arrived="4277" collisions="0" teleports="0" halting="11" stopped="0" meanWaitingTime="18.07" meanTravelTime="105.57" meanSpeed="5.10" meanSpeedRelative="0.37" duration="1"/>
    <step time="8400.00" loaded="4525" inserted="4521" running="58" waiting="4" ended="4463" arrived="4463" collisions="0" teleports="0" halting="15" stopped="0" meanWaitingTime="18.09" meanTravelTime="104.90" meanSpeed="5.21" meanSpeedRelative="0.38" duration="1"/>
    <step time="8700.00" loaded="4695" inserted="4690" running="77" waiting="5" ended="4613" arrived="4613" collisions="0" teleports="0" halting="32" stopped="0" meanWaitingTime="17.90" meanTravelTime="104.46" meanSpeed="5.06" meanSpeedRelative="0.36" duration="1"/>
    <step time="9000.00" loaded="4884" inserted="4867" running="57" waiting="17" ended="4810" arrived="4810" collisions="0" teleports="0" halting="11" stopped="0" meanWaitingTime="17.72" meanTravelTime="104.75" meanSpeed="6.27" meanSpeedRelative="0.46" duration="2"/>
    <step time="9300.00" loaded="5068" inserted="5049" running="59" waiting="19" ended="4990" arrived="4990" collisions="0" teleports="0" halting="22" stopped="0" meanWaitingTime="17.74" meanTravelTime="104.54" meanSpeed="4.92" meanSpeedRelative="0.35" duration="2"/>
    <step time="9600.00" loaded="5240" inserted="5229" running="54" waiting="11" ended="5175" arrived="5175" collisions="0" teleports="0" halting="17" stopped="0" meanWaitingTime="18.19" meanTravelTime="104.07" meanSpeed="6.32" meanSpeedRelative="0.46" duration="2"/>
    <step time="9900.00" loaded="5383" inserted="5377" running="42" waiting="6" ended="5335" arrived="5335" collisions="0" teleports="0" halting="21" stopped="0" meanWaitingTime="18.03" meanTravelTime="103.92" meanSpeed="4.06" meanSpeedRelative="0.29" duration="1"/>
    <step time="10200.00" loaded="5550" inserted="5541" running="66" waiting="9" ended="5475" arrived="5475" collisions="0" teleports="0" halting="19" stopped="0" meanWaitingTime="18.01" meanTravelTime="104.01" meanSpeed="4.17" meanSpeedRelative="0.30" duration="2"/>
    <step time="10500.00" loaded="5732" inserted="5721" running="64" waiting="11" ended="5657" arrived="5657" collisions="0" teleports="0" halting="16" stopped="0" meanWaitingTime="17.88" meanTravelTime="104.21" meanSpeed="5.65" meanSpeedRelative="0.41" duration="2"/>
    <step time="10800.00" loaded="5904" inserted="5896" running="67" waiting="8" ended="5829" arrived="5829" collisions="0" teleports="0" halting="15" stopped="0" meanWaitingTime="17.94" meanTravelTime="104.36" meanSpeed="5.35" meanSpeedRelative="0.38" duration="2"/>
    <step time="11100.00" loaded="6079" inserted="6061" running="53" waiting="18" ended="6008" arrived="6008" collisions="0" teleports="0" halting="22" stopped="0" meanWaitingTime="17.94" meanTravelTime="104.65" meanSpeed="4.08" meanSpeedRelative="0.29" duration="2"/>
    <step time="11400.00" loaded="6252" inserted="6218" running="65" waiting="34" ended="6153" arrived="6153" collisions="0" teleports="0" halting="21" stopped="0" meanWaitingTime="18.60" meanTravelTime="104.58" meanSpeed="5.72" meanSpeedRelative="0.41" duration="1"/>
    <step time="11700.00" loaded="6397" inserted="6378" running="70" waiting="19" ended="6308" arrived="6308" collisions="0" teleports="0" halting="15" stopped="0" meanWaitingTime="19.66" meanTravelTime="104.77" meanSpeed="4.88" meanSpeedRelative="0.35" duration="1"/>
    <step time="12000.00" loaded="6572" inserted="6565" running="74" waiting="7" ended="6491" arrived="6491" collisions="0" teleports="0" halting="21" stopped="0" meanWaitingTime="19.68" meanTravelTime="105.45" meanSpeed="4.35" meanSpeedRelative="0.31" duration="1"/>
    <step time="12300.00" loaded="6738" inserted="6738" running="71" waiting="0" ended="6667" arrived="6667" collisions="0" teleports="0" halting="35" stopped="0" meanWaitingTime="19.39" meanTravelTime="106.04" meanSpeed="3.32" meanSpeedRelative="0.24" duration="1"/>
    <step time="12600.00" loaded="6910" inserted="6887" running="60" waiting="23" ended="6827" arrived="6827" collisions="0" teleports="0" halting="18" stopped="0" meanWaitingTime="19.24" meanTravelTime="106.20" meanSpeed="5.33" meanSpeedRelative="0.38" duration="1"/>
    <step time="12900.00" loaded="7075" inserted="7058" running="56" waiting="17" ended="7002" arrived="7002" collisions="0" teleports="0" halting="25" stopped="0" meanWaitingTime="19.48" meanTravelTime="106.36" meanSpeed="4.35" meanSpeedRelative="0.31" duration="1"/>
    <step time="13200.00" loaded="7250" inserted="7229" running="84" waiting="21" ended="7145" arrived="7145" collisions="0" teleports="0" halting="25" stopped="0" meanWaitingTime="19.69" meanTravelTime="106.20" meanSpeed="4.75" meanSpeedRelative="0.34" duration="3"/>
    <step time="13500.00" loaded="7426" inserted="7418" running="80" waiting="8" ended="7338" arrived="7338" collisions="0" teleports="0" halting="18" stopped="0" meanWaitingTime="19.64" meanTravelTime="107.02" meanSpeed="4.16" meanSpeedRelative="0.30" duration="3"/>
    <step time="13800.00" loaded="7620" inserted="7603" running="81" waiting="17" ended="7522" arrived="7522" collisions="0" teleports="0" halting="24" stopped="0" meanWaitingTime="19.71" meanTravelTime="107.45" meanSpeed="5.11" meanSpeedRelative="0.37" duration="2"/>
    <step time="14100.00" loaded="7778" inserted="7774" running="73" waiting="4" ended="7701" arrived="7701" collisions="0" teleports="0" halting="19" stopped="0" meanWaitingTime="19.77" meanTravelTime="107.81" meanSpeed="5.19" meanSpeedRelative="0.38" duration="2"/>
    <step time="14400.00" loaded="7917" inserted="7906" running="46" waiting="11" ended="7860" arrived="7860" collisions="0" teleports="0" halting="18" stopped="0" meanWaitingTime="19.95" meanTravelTime="108.38" meanSpeed="5.03" meanSpeedRelative="0.36" duration="2"/>
    <step time="14700.00" loaded="8111" inserted="8095" running="64" waiting="16" ended="8031" arrived="8031" collisions="0" teleports="0" halting="10" stopped="0" meanWaitingTime="19.92" meanTravelTime="107.86" meanSpeed="5.99" meanSpeedRelative="0.43" duration="1"/>
    <step time="15000.00" loaded="8266" inserted="8261" running="89" waiting="5" ended="8172" arrived="8172" collisions="0" teleports="0" halting="16" stopped="0" meanWaitingTime="19.71" meanTravelTime="108.22" meanSpeed="5.81" meanSpeedRelative="0.42" duration="2"/>
    <step time="15300.00" loaded="8427" inserted="8392" running="47" waiting="35" ended="8345" arrived="8345" collisions="0" teleports="0" halting="15" stopped="0" meanWaitingTime="19.88" meanTravelTime="108.60" meanSpeed="5.66" meanSpeedRelative="0.41" duration="1"/>
    <step time="15600.00" loaded="8591" inserted="8582" running="73" waiting="9" ended="8509" arrived="8509" collisions="0" teleports="0" halting="22" stopped="0" meanWaitingTime="20.67" meanTravelTime="108.07" meanSpeed="4.47" meanSpeedRelative="0.32" duration="2"/>
    <step time="15900.00" loaded="8783" inserted="8772" running="86" waiting="11" ended="8686" arrived="8686" collisions="0" teleports="0" halting="33" stopped="0" meanWaitingTime="20.97" meanTravelTime="107.97" meanSpeed="4.09" meanSpeedRelative="0.29" duration="2"/>
    <step time="16200.00" loaded="8971" inserted="8938" running="63" waiting="33" ended="8875" arrived="8875" collisions="0" teleports="0" halting="8" stopped="0" meanWaitingTime="21.15" meanTravelTime="108.06" meanSpeed="6.54" meanSpeedRelative="0.47" duration="1"/>
    <step time="16500.00" loaded="9138" inserted="9124" running="65" waiting="14" ended="9059" arrived="9059" collisions="0" teleports="0" halting="25" stopped="0" meanWaitingTime="21.72" meanTravelTime="108.01" meanSpeed="4.93" meanSpeedRelative="0.36" duration="1"/>
    <step time="16800.00" loaded="9324" inserted="9285" running="55" waiting="39" ended="9230" arrived="9230" collisions="0" teleports="0" halting="11" stopped="0" meanWaitingTime="22.02" meanTravelTime="108.16" meanSpeed="5.46" meanSpeedRelative="0.39" duration="1"/>
    <step time="17100.00" loaded="9497" inserted="9467" running="78" waiting="30" ended="9389" arrived="9389" collisions="0" teleports="0" halting="22" stopped="0" meanWaitingTime="22.78" meanTravelTime="108.05" meanSpeed="4.95" meanSpeedRelative="0.36" duration="1"/>
    <step time="17400.00" loaded="9679" inserted="9654" running="77" waiting="25" ended="9577" arrived="9577" collisions="0" teleports="0" halting="27" stopped="0" meanWaitingTime="23.44" meanTravelTime="108.55" meanSpeed="4.13" meanSpeedRelative="0.30" duration="2"/>
    <step time="17700.00" loaded="9852" inserted="9824" running="72" waiting="28" ended="9752" arrived="9752" collisions="0" teleports="0" halting="19" stopped="0" meanWaitingTime="23.83" meanTravelTime="108.86" meanSpeed="4.48" meanSpeedRelative="0.32" duration="2"/>
    <step time="18000.00" loaded="10018" inserted="9997" running="76" waiting="21" ended="9921" arrived="9921" collisions="0" teleports="0" halting="32" stopped="0" meanWaitingTime="24.32" meanTravelTime="109.16" meanSpeed="4.22" meanSpeedRelative="0.30" duration="1"/>
    <step time="18300.00" loaded="10209" inserted="10176" running="46" waiting="33" ended="10130" arrived="10130" collisions="0" teleports="0" halting="24" stopped="0" meanWaitingTime="24.53" meanTravelTime="109.47" meanSpeed="3.96" meanSpeedRelative="0.29" duration="2"/>
    <step time="18600.00" loaded="10369" inserted="10342" running="59" waiting="27" ended="10283" arrived="10283" collisions="0" teleports="0" halting="21" stopped="0" meanWaitingTime="25.13" meanTravelTime="109.29" meanSpeed="5.30" meanSpeedRelative="0.38" duration="2"/>
    <step time="18900.00" loaded="10555" inserted="10521" running="68" waiting="34" ended="10453" arrived="10453" collisions="0" teleports="0" halting="13" stopped="0" meanWaitingTime="25.41" meanTravelTime="109.21" meanSpeed="6.68" meanSpeedRelative="0.48" duration="2"/>
    <step time="19200.00" loaded="10730" inserted="10704" running="68" waiting="26" ended="10636" arrived="10636" collisions="0" teleports="0" halting="43" stopped="0" meanWaitingTime="25.71" meanTravelTime="109.14" meanSpeed="3.30" meanSpeedRelative="0.24" duration="1"/>
    <step time="19500.00" loaded="10938" inserted="10914" running="100" waiting="24" ended="10814" arrived="10814" collisions="0" teleports="0" halting="39" stopped="0" meanWaitingTime="26.00" meanTravelTime="109.36" meanSpeed="3.03" meanSpeedRelative="0.22" duration="2"/>
    <step time="19800.00" loaded="11118" inserted="11086" running="73" waiting="32" ended="11013" arrived="11013" collisions="0" teleports="0" halting="28" stopped="0" meanWaitingTime="26.30" meanTravelTime="109.65" meanSpeed="4.31" meanSpeedRelative="0.31" duration="2"/>
    <step time="20100.00" loaded="11315" inserted="11288" running="86" waiting="27" ended="11202" arrived="11202" collisions="0" teleports="0" halting="21" stopped="0" meanWaitingTime="26.78" meanTravelTime="109.81" meanSpeed="5.83" meanSpeedRelative="0.42" duration="2"/>
    <step time="20400.00" loaded="11482" inserted="11454" running="76" waiting="28" ended="11378" arrived="11378" collisions="0" teleports="0" halting="23" stopped="0" meanWaitingTime="27.24" meanTravelTime="109.81" meanSpeed="4.47" meanSpeedRelative="0.32" duration="1"/>
    <step time="20700.00" loaded="11653" inserted="11629" running="79" waiting="24" ended="11550" arrived="11550" collisions="0" teleports="0" halting="36" stopped="0" meanWaitingTime="27.52" meanTravelTime="109.93" meanSpeed="3.60" meanSpeedRelative="0.26" duration="2"/>
    <step time="21000.00" loaded="11838" inserted="11827" running="56" waiting="11" ended="11771" arrived="11771" collisions="0" teleports="0" halting="35" stopped="0" meanWaitingTime="27.76" meanTravelTime="109.95" meanSpeed="2.98" meanSpeedRelative="0.21" duration="1"/>
    <step time="21300.00" loaded="11999" inserted="11999" running="57" waiting="0" ended="11942" arrived="11942" collisions="0" teleports="0" halting="9" stopped="0" meanWaitingTime="27.54" meanTravelTime="109.79" meanSpeed="6.07" meanSpeedRelative="0.46" duration="1"/>
    <step time="21600.00" loaded="12223" inserted="12215" running="93" waiting="8" ended="12122" arrived="12122" collisions="0" teleports="0" halting="17" stopped="0" meanWaitingTime="27.25" meanTravelTime="109.70" meanSpeed="6.29" meanSpeedRelative="0.45" duration="1"/>
    <step time="21900.00" loaded="12410" inserted="12402" running="82" waiting="8" ended="12320" arrived="12320" collisions="0" teleports="0" halting="29" stopped="0" meanWaitingTime="26.95" meanTravelTime="109.73" meanSpeed="4.14" meanSpeedRelative="0.31" duration="2"/>
    <step time="22200.00" loaded="12600" inserted="12589" running="87" waiting="11" ended="12502" arrived="12502" collisions="0" teleports="0" halting="30" stopped="0" meanWaitingTime="26.71" meanTravelTime="109.80" meanSpeed="3.94" meanSpeedRelative="0.29" duration="4"/>
    <step time="22500.00" loaded="12775" inserted="12741" running="57" waiting="34" ended="12684" arrived="12684" collisions="0" teleports="0" halting="7" stopped="0" meanWaitingTime="26.64" meanTravelTime="110.45" meanSpeed="5.67" meanSpeedRelative="0.41" duration="1"/>
    <step time="22800.00" loaded="12973" inserted="12971" running="94" waiting="2" ended="12877" arrived="12877" collisions="0" teleports="0" halting="54" stopped="0" meanWaitingTime="26.62" meanTravelTime="110.39" meanSpeed="3.01" meanSpeedRelative="0.22" duration="2"/>
    <step time="23100.00" loaded="13160" inserted="13141" running="108" waiting="19" ended="13033" arrived="13033" collisions="0" teleports="0" halting="52" stopped="0" meanWaitingTime="26.45" meanTravelTime="110.92" meanSpeed="3.00" meanSpeedRelative="0.22" duration="2"/>
    <step time="23400.00" loaded="13349" inserted="13335" running="89" waiting="14" ended="13246" arrived="13246" collisions="0" teleports="0" halting="25" stopped="0" meanWaitingTime="26.54" meanTravelTime="111.46" meanSpeed="4.23" meanSpeedRelative="0.30" duration="3"/>
    <step time="23700.00" loaded="13579" inserted="13555" running="83" waiting="24" ended="13472" arrived="13472" collisions="0" teleports="0" halting="31" stopped="0" meanWaitingTime="26.42" meanTravelTime="111.57" meanSpeed="3.97" meanSpeedRelative="0.29" duration="2"/>
    <step time="24000.00" loaded="13755" inserted="13735" running="61" waiting="20" ended="13674" arrived="13674" collisions="0" teleports="0" halting="20" stopped="0" meanWaitingTime="26.47" meanTravelTime="111.63" meanSpeed="4.35" meanSpeedRelative="0.33" duration="2"/>
    <step time="24300.00" loaded="13967" inserted="13942" running="107" waiting="25" ended="13835" arrived="13835" collisions="0" teleports="0" halting="72" stopped="0" meanWaitingTime="26.59" meanTravelTime="111.71" meanSpeed="2.31" meanSpeedRelative="0.17" duration="2"/>
    <step time="24600.00" loaded="14193" inserted="14154" running="81" waiting="39" ended="14073" arrived="14073" collisions="0" teleports="0" halting="33" stopped="0" meanWaitingTime="26.84" meanTravelTime="112.05" meanSpeed="3.68" meanSpeedRelative="0.27" duration="1"/>
    <step time="24900.00" loaded="14409" inserted="14374" running="83" waiting="35" ended="14291" arrived="14291" collisions="0" teleports="0" halting="33" stopped="0" meanWaitingTime="27.32" meanTravelTime="112.07" meanSpeed="4.15" meanSpeedRelative="0.30" duration="2"/>
    <step time="25200.00" loaded="14601" inserted="14557" running="64" waiting="44" ended="14493" arrived="14493" collisions="0" teleports="0" halting="18" stopped="0" meanWaitingTime="27.50" meanTravelTime="112.06" meanSpeed="5.47" meanSpeedRelative="0.39" duration="1"/>
    <step time="25500.00" loaded="14775" inserted="14756" running="80" waiting="19" ended="14676" arrived="14676" collisions="0" teleports="0" halting="30" stopped="0" meanWaitingTime="27.88" meanTravelTime="112.18" meanSpeed="4.59" meanSpeedRelative="0.33" duration="2"/>
    <step time="25800.00" loaded="15006" inserted="14975" running="84" waiting="31" ended="14891" arrived="14891" collisions="0" teleports="0" halting="27" stopped="0" meanWaitingTime="27.86" meanTravelTime="112.35" meanSpeed="4.20" meanSpeedRelative="0.30" duration="5"/>
    <step time="26100.00" loaded="15215" inserted="15180" running="83" waiting="35" ended="15097" arrived="15097" collisions="0" teleports="0" halting="23" stopped="0" meanWaitingTime="28.12" meanTravelTime="112.33" meanSpeed="4.45" meanSpeedRelative="0.32" duration="2"/>
    <step time="26400.00" loaded="15409" inserted="15370" running="79" waiting="39" ended="15291" arrived="15291" collisions="0" teleports="0" halting="30" stopped="0" meanWaitingTime="28.42" meanTravelTime="112.64" meanSpeed="4.82" meanSpeedRelative="0.35" duration="1"/>
    <step time="26700.00" loaded="15624" inserted="15596" running="100" waiting="28" ended="15496" arrived="15496" collisions="0" teleports="0" halting="34" stopped="0" meanWaitingTime="28.84" meanTravelTime="112.52" meanSpeed="3.80" meanSpeedRelative="0.27" duration="2"/>
    <step time="27000.00" loaded="15840" inserted="15806" running="99" waiting="34" ended="15707" arrived="15707" collisions="0" teleports="0" halting="30" stopped="0" meanWaitingTime="29.14" meanTravelTime="112.63" meanSpeed="4.75" meanSpeedRelative="0.34" duration="3"/>
    <step time="27300.00" loaded="16064" inserted="16025" running="105" waiting="39" ended="15920" arrived="15920" collisions="0" teleports="0" halting="34" stopped="0" meanWaitingTime="29.39" meanTravelTime="112.56" meanSpeed="4.73" meanSpeedRelative="0.34" duration="2"/>
    <step time="27600.00" loaded="16264" inserted="16222" running="78" waiting="42" ended="16144" arrived="16144" collisions="0" teleports="0" halting="40" stopped="0" meanWaitingTime="29.65" meanTravelTime="112.71" meanSpeed="2.92" meanSpeedRelative="0.22" duration="2"/>
    <step time="27900.00" loaded="16473" inserted="16438" running="67" waiting="35" ended="16371" arrived="16371" collisions="0" teleports="0" halting="17" stopped="0" meanWaitingTime="30.00" meanTravelTime="112.63" meanSpeed="5.52" meanSpeedRelative="0.40" duration="2"/>
    <step time="28200.00" loaded="16697" inserted="16670" running="65" waiting="27" ended="16605" arrived="16605" collisions="0" teleports="0" halting="16" stopped="0" meanWaitingTime="30.31" meanTravelTime="112.42" meanSpeed="5.29" meanSpeedRelative="0.38" duration="2"/>
    <step time="28500.00" loaded="16899" inserted="16870" running="83" waiting="29" ended="16787" arrived="16787" collisions="0" teleports="0" halting="28" stopped="0" meanWaitingTime="30.48" meanTravelTime="112.44" meanSpeed="4.77" meanSpeedRelative="0.34" duration="1"/>
    <step time="28800.00" loaded="17110" inserted="17078" running="85" waiting="32" ended="16993" arrived="16993" collisions="0" teleports="0" halting="43" stopped="0" meanWaitingTime="30.54" meanTravelTime="112.28" meanSpeed="3.15" meanSpeedRelative="0.23" duration="1"/>
    <step time="29100.00" loaded="17337" inserted="17295" running="92" waiting="42" ended="17203" arrived="17203" collisions="0" teleports="0" halting="41" stopped="0" meanWaitingTime="30.56" meanTravelTime="112.75" meanSpeed="2.89" meanSpeedRelative="0.21" duration="3"/>
    <step time="29400.00" loaded="17545" inserted="17495" running="88" waiting="50" ended="17407" arrived="17407" collisions="0" teleports="0" halting="35" stopped="0" meanWaitingTime="30.86" meanTravelTime="113.02" meanSpeed="3.79" meanSpeedRelative="0.27" duration="3"/>
    <step time="29700.00" loaded="17723" inserted="17668" running="50" waiting="55" ended="17618" arrived="17618" collisions="0" teleports="0" halting="21" stopped="0" meanWaitingTime="30.96" meanTravelTime="113.26" meanSpeed="4.19" meanSpeedRelative="0.30" duration="1"/>
    <step time="30000.00" loaded="17898" inserted="17852" running="64" waiting="46" ended="17788" arrived="17788" collisions="0" teleports="0" halting="40" stopped="0" meanWaitingTime="31.64" meanTravelTime="113.09" meanSpeed="2.36" meanSpeedRelative="0.17" duration="1"/>
    <step time="30300.00" loaded="18100" inserted="18047" running="78" waiting="53" ended="17969" arrived="17969" collisions="0" teleports="0" halting="33" stopped="0" meanWaitingTime="32.21" meanTravelTime="113.18" meanSpeed="3.83" meanSpeedRelative="0.28" duration="1"/>
    <step time="30600.00" loaded="18314" inserted="18271" running="90" waiting="43" ended="18181" arrived="18181" collisions="0" teleports="0" halting="23" stopped="0" meanWaitingTime="32.76" meanTravelTime="113.05" meanSpeed="5.25" meanSpeedRelative="0.38" duration="4"/>
    <step time="30900.00" loaded="18535" inserted="18494" running="101" waiting="41" ended="18393" arrived="18393" collisions="0" teleports="0" halting="22" stopped="0" meanWaitingTime="33.05" meanTravelTime="113.06" meanSpeed="4.03" meanSpeedRelative="0.29" duration="3"/>
    <step time="31200.00" loaded="18707" inserted="18667" running="75" waiting="40" ended="18592" arrived="18592" collisions="0" teleports="0" halting="16" stopped="0" meanWaitingTime="33.14" meanTravelTime="113.50" meanSpeed="4.59" meanSpeedRelative="0.34" duration="1"/>
    <step time="31500.00" loaded="18885" inserted="18847" running="74" waiting="38" ended="18773" arrived="18773" collisions="0" teleports="0" halting="32" stopped="0" meanWaitingTime="33.36" meanTravelTime="113.87" meanSpeed="3.78" meanSpeedRelative="0.27" duration="2"/>
    <step time="31800.00" loaded="19045" inserted="19014" running="74" waiting="31" ended="18940" arrived="18940" collisions="0" teleports="0" halting="21" stopped="0" meanWaitingTime="33.66" meanTravelTime="113.97" meanSpeed="5.42" meanSpeedRelative="0.39" duration="1"/>
    <step time="32100.00" loaded="19226" inserted="19187" running="50" waiting="39" ended="19137" arrived="19137" collisions="0" teleports="0" halting="22" stopped="0" meanWaitingTime="33.85" meanTravelTime="113.91" meanSpeed="4.63" meanSpeedRelative="0.33" duration="1"/>
    <step time="32400.00" loaded="19392" inserted="19347" running="70" waiting="45" ended="19277" arrived="19277" collisions="0" teleports="0" halting="22" stopped="0" meanWaitingTime="34.11" meanTravelTime="113.81" meanSpeed="4.63" meanSpeedRelative="0.34" duration="1"/>
    <step time="32700.00" loaded="19572" inserted="19533" running="59" waiting="39" ended="19474" arrived="19474" collisions="0" teleports="0" halting="12" stopped="0" meanWaitingTime="34.34" meanTravelTime="113.83" meanSpeed="5.31" meanSpeedRelative="0.38" duration="1"/>
    <step time="33000.00" loaded="19741" inserted="19711" running="64" waiting="30" ended="19647" arrived="19647" collisions="0" teleports="0" halting="10" stopped="0" meanWaitingTime="34.62" meanTravelTime="113.95" meanSpeed="5.87" meanSpeedRelative="0.42" duration="1"/>
    <step time="33300.00" loaded="19874" inserted="19849" running="67" waiting="25" ended="19782" arrived="19782" collisions="0" teleports="0" halting="18" stopped="0" meanWaitingTime="34.77" meanTravelTime="114.05" meanSpeed="4.81" meanSpeedRelative="0.35" duration="2"/>
    <step time="33600.00" loaded="20065" inserted="20030" running="70" waiting="35" ended="19960" arrived="19960" collisions="0" teleports="0" halting="28" stopped="0" meanWaitingTime="34.95" meanTravelTime="114.02" meanSpeed="4.79" meanSpeedRelative="0.34" duration="2"/>
    <step time="33900.00" loaded="20221" inserted="20181" running="71" waiting="40" ended="20110" arrived="20110" collisions="0" teleports="0" halting="21" stopped="0" meanWaitingTime="35.14" meanTravelTime="114.00" meanSpeed="4.40" meanSpeedRelative="0.32" duration="2"/>
    <step time="34200.00" loaded="20383" inserted="20345" running="58" waiting="38" ended="20287" arrived="20287" collisions="0" teleports="0" halting="14" stopped="0" meanWaitingTime="35.40" meanTravelTime="114.04" meanSpeed="5.97" meanSpeedRelative="0.44" duration="3"/>
    <step time="34500.00" loaded="20550" inserted="20524" running="84" waiting="26" ended="20440" arrived="20440" collisions="0" teleports="0" halting="33" stopped="0" meanWaitingTime="35.68" meanTravelTime="114.08" meanSpeed="4.01" meanSpeedRelative="0.29" duration="2"/>
    <step time="34800.00" loaded="20702" inserted="20674" running="54" waiting="28" ended="20620" arrived="20620" collisions="0" teleports="0" halting="13" stopped="0" meanWaitingTime="35.86" meanTravelTime="114.28" meanSpeed="5.25" meanSpeedRelative="0.38" duration="1"/>
    <step time="35100.00" loaded="20839" inserted="20826" running="57" waiting="13" ended="20769" arrived="20769" collisions="0" teleports="0" halting="8" stopped="0" meanWaitingTime="36.00" meanTravelTime="114.23" meanSpeed="6.53" meanSpeedRelative="0.47" duration="1"/>
    <step time="35400.00" loaded="20976" inserted="20969" running="44" waiting="7" ended="20925" arrived="20925" collisions="0" teleports="0" halting="5" stopped="0" meanWaitingTime="35.83" meanTravelTime="114.13" meanSpeed="6.39" meanSpeedRelative="0.46" duration="1"/>
    <step time="35700.00" loaded="21119" inserted="21112" running="52" waiting="7" ended="21060" arrived="21060" collisions="0" teleports="0" halting="26" stopped="0" meanWaitingTime="35.71" meanTravelTime="114.12" meanSpeed="3.73" meanSpeedRelative="0.27" duration="1"/>
    <step time="36000.00" loaded="21279" inserted="21273" running="42" waiting="6" ended="21231" arrived="21231" collisions="0" teleports="0" halting="17" stopped="0" meanWaitingTime="35.58" meanTravelTime="114.04" meanSpeed="4.01" meanSpeedRelative="0.29" duration="2"/>
    <step time="36300.00" loaded="21451" inserted="21434" running="71" waiting="17" ended="21363" arrived="21363" collisions="0" teleports="0" halting="31" stopped="0" meanWaitingTime="35.46" meanTravelTime="113.85" meanSpeed="3.20" meanSpeedRelative="0.23" duration="1"/>
    <step time="36600.00" loaded="21598" inserted="21588" running="65" waiting="10" ended="21523" arrived="21523" collisions="0" teleports="0" halting="5" stopped="0" meanWaitingTime="35.40" meanTravelTime="114.02" meanSpeed="5.34" meanSpeedRelative="0.38" duration="2"/>
    <step time="36900.00" loaded="21736" inserted="21714" running="47" waiting="22" ended="21667" arrived="21667" collisions="0" teleports="0" halting="15" stopped="0" meanWaitingTime="35.26" meanTravelTime="114.20" meanSpeed="4.82" meanSpeedRelative="0.35" duration="2"/>
    <step time="37200.00" loaded="21860" inserted="21839" running="54" waiting="21" ended="21785" arrived="21785" collisions="0" teleports="0" halting="36" stopped="0" meanWaitingTime="35.27" meanTravelTime="114.16" meanSpeed="2.12" meanSpeedRelative="0.15" duration="0"/>
    <step time="37500.00" loaded="21999" inserted="21962" running="62" waiting="37" ended="21900" arrived="21900" collisions="0" teleports="0" halting="14" stopped="0" meanWaitingTime="35.41" meanTravelTime="114.41" meanSpeed="5.39" meanSpeedRelative="0.39" duration="1"/>
    <step time="37800.00" loaded="22154" inserted="22112" running="64" waiting="42" ended="22048" arrived="22048" collisions="0" teleports="0" halting="24" stopped="0" meanWaitingTime="35.67" meanTravelTime="114.57" meanSpeed="4.49" meanSpeedRelative="0.32" duration="3"/>
    <step time="38100.00" loaded="22299" inserted="22255" running="55" waiting="44" ended="22200" arrived="22200" collisions="0" teleports="0" halting="25" stopped="0" meanWaitingTime="35.91" meanTravelTime="114.54" meanSpeed="3.34" meanSpeedRelative="0.24" duration="3"/>
    <step time="38400.00" loaded="22426" inserted="22397" running="67" waiting="29" ended="22330" arrived="22330" collisions="0" teleports="0" halting="40" stopped="0" meanWaitingTime="36.24" meanTravelTime="114.59" meanSpeed="3.22" meanSpeedRelative="0.23" duration="2"/>
    <step time="38700.00" loaded="22523" inserted="22509" running="59" waiting="14" ended="22450" arrived="22450" collisions="0" teleports="0" halting="41" stopped="0" meanWaitingTime="36.40" meanTravelTime="114.70" meanSpeed="2.74" meanSpeedRelative="0.20" duration="1"/>
    <step time="39000.00" loaded="22628" inserted="22596" running="57" waiting="32" ended="22539" arrived="22539" collisions="0" teleports="0" halting="7" stopped="0" meanWaitingTime="36.59" meanTravelTime="114.88" meanSpeed="4.83" meanSpeedRelative="0.35" duration="2"/>
    <step time="39300.00" loaded="22754" inserted="22712" running="42" waiting="42" ended="22670" arrived="22670" collisions="0" teleports="0" halting="21" stopped="0" meanWaitingTime="36.85" meanTravelTime="115.14" meanSpeed="4.55" meanSpeedRelative="0.33" duration="1"/>
    <step time="39600.00" loaded="22867" inserted="22828" running="50" waiting="39" ended="22778" arrived="22778" collisions="0" teleports="0" halting="29" stopped="0" meanWaitingTime="37.10" meanTravelTime="115.21" meanSpeed="2.99" meanSpeedRelative="0.22" duration="1"/>
    <step time="39900.00" loaded="22989" inserted="22961" running="82" waiting="28" ended="22879" arrived="22879" collisions="0" teleports="0" halting="69" stopped="0" meanWaitingTime="37.39" meanTravelTime="115.27" meanSpeed="1.34" meanSpeedRelative="0.10" duration="1"/>
    <step time="40200.00" loaded="23078" inserted="23058" running="52" waiting="20" ended="23006" arrived="23006" collisions="0" teleports="0" halting="21" stopped="0" meanWaitingTime="37.64" meanTravelTime="115.67" meanSpeed="3.60" meanSpeedRelative="0.26" duration="1"/>
    <step time="40500.00" loaded="23178" inserted="23155" running="39" waiting="23" ended="23116" arrived="23116" collisions="0" teleports="0" halting="9" stopped="0" meanWaitingTime="37.74" meanTravelTime="115.92" meanSpeed="5.98" meanSpeedRelative="0.44" duration="2"/>
    <step time="40800.00" loaded="23286" inserted="23254" running="37" waiting="32" ended="23217" arrived="23217" collisions="0" teleports="0" halting="14" stopped="0" meanWaitingTime="37.99" meanTravelTime="115.89" meanSpeed="5.58" meanSpeedRelative="0.40" duration="1"/>
    <step time="41100.00" loaded="23369" inserted="23346" running="52" waiting="23" ended="23294" arrived="23294" collisions="0" teleports="0" halting="25" stopped="0" meanWaitingTime="38.18" meanTravelTime="115.96" meanSpeed="2.98" meanSpeedRelative="0.21" duration="2"/>
    <step time="41400.00" loaded="23432" inserted="23422" running="39" waiting="10" ended="23383" arrived="23383" collisions="0" teleports="0" halting="33" stopped="0" meanWaitingTime="38.28" meanTravelTime="116.20" meanSpeed="1.50" meanSpeedRelative="0.11" duration="1"/>
    <step time="41700.00" loaded="23530" inserted="23504" running="64" waiting="26" ended="23440" arrived="23440" collisions="0" teleports="0" halting="39" stopped="0" meanWaitingTime="38.41" meanTravelTime="116.29" meanSpeed="3.12" meanSpeedRelative="0.22" duration="2"/>
    <step time="42000.00" loaded="23612" inserted="23583" running="43" waiting="29" ended="23540" arrived="23540" collisions="0" teleports="0" halting="11" stopped="0" meanWaitingTime="38.62" meanTravelTime="116.78" meanSpeed="3.37" meanSpeedRelative="0.24" duration="2"/>
    <step time="42300.00" loaded="23717" inserted="23694" running="45" waiting="23" ended="23649" arrived="23649" collisions="0" teleports="0" halting="14" stopped="0" meanWaitingTime="38.87" meanTravelTime="116.88" meanSpeed="4.89" meanSpeedRelative="0.35" duration="1"/>
    <step time="42600.00" loaded="23829" inserted="23793" running="46" waiting="36" ended="23747" arrived="23747" collisions="0" teleports="0" halting="9" stopped="0" meanWaitingTime="39.08" meanTravelTime="116.83" meanSpeed="6.20" meanSpeedRelative="0.45" duration="1"/>
    <step time="42900.00" loaded="23928" inserted="23904" running="45" waiting="24" ended="23859" arrived="23859" collisions="0" teleports="0" halting="18" stopped="0" meanWaitingTime="39.36" meanTravelTime="116.93" meanSpeed="5.64" meanSpeedRelative="0.41" duration="2"/>
    <step time="43200.00" loaded="24029" inserted="23994" running="24" waiting="35" ended="23970" arrived="23970" collisions="0" teleports="0" halting="7" stopped="0" meanWaitingTime="39.50" meanTravelTime="116.94" meanSpeed="6.66" meanSpeedRelative="0.48" duration="1"/>
    <step time="43500.00" loaded="24107" inserted="24097" running="52" waiting="10" ended="24045" arrived="24045" collisions="0" teleports="0" halting="9" stopped="0" meanWaitingTime="39.63" meanTravelTime="116.89" meanSpeed="5.70" meanSpeedRelative="0.41" duration="1"/>
    <step time="43800.00" loaded="24210" inserted="24191" running="42" waiting="19" ended="24149" arrived="24149" collisions="0" teleports="0" halting="25" stopped="0" meanWaitingTime="39.69" meanTravelTime="116.99" meanSpeed="2.82" meanSpeedRelative="0.20" duration="1"/>
    <step time="44100.00" loaded="24316" inserted="24305" running="46" waiting="11" ended="24259" arrived="24259" collisions="0" teleports="0" halting="18" stopped="0" meanWaitingTime="39.74" meanTravelTime="116.96" meanSpeed="4.43" meanSpeedRelative="0.32" duration="4"/>
    <step time="44400.00" loaded="24427" inserted="24407" running="64" waiting="20" ended="24343" arrived="24343" collisions="0" teleports="0" halting="48" stopped="0" meanWaitingTime="39.74" meanTravelTime="116.88" meanSpeed="1.19" meanSpeedRelative="0.09" duration="1"/>
    <step time="44700.00" loaded="24530" inserted="24486" running="37" waiting="44" ended="24449" arrived="24449" collisions="0" teleports="0" halting="13" stopped="0" meanWaitingTime="39.91" meanTravelTime="117.32" meanSpeed="4.78" meanSpeedRelative="0.34" duration="2"/>
    <step time="45000.00" loaded="24634" inserted="24585" running="42" waiting="49" ended="24543" arrived="24543" collisions="0" teleports="0" halting="5" stopped="0" meanWaitingTime="40.23" meanTravelTime="117.33" meanSpeed="5.53" meanSpeedRelative="0.40" duration="1"/>
    <step time="45300.00" loaded="24721" inserted="24686" running="53" waiting="35" ended="24633" arrived="24633" collisions="0" teleports="0" halting="15" stopped="0" meanWaitingTime="40.56" meanTravelTime="117.48" meanSpeed="4.24" meanSpeedRelative="0.31" duration="2"/>
    <step time="45600.00" loaded="24805" inserted="24777" running="43" waiting="28" ended="24734" arrived="24734" collisions="0" teleports="0" halting="28" stopped="0" meanWaitingTime="40.80" meanTravelTime="117.61" meanSpeed="3.25" meanSpeedRelative="0.23" duration="2"/>
    <step time="45900.00" loaded="24891" inserted="24845" running="43" waiting="46" ended="24802" arrived="24802" collisions="0" teleports="0" halting="39" stopped="0" meanWaitingTime="41.02" meanTravelTime="117.62" meanSpeed="0.79" meanSpeedRelative="0.06" duration="1"/>
    <step time="46200.00" loaded="24971" inserted="24923" running="58" waiting="48" ended="24865" arrived="24865" collisions="0" teleports="0" halting="51" stopped="0" meanWaitingTime="41.25" meanTravelTime="117.46" meanSpeed="0.73" meanSpeedRelative="0.06" duration="1"/>
    <step time="46500.00" loaded="25019" inserted="25019" running="84" waiting="0" ended="24935" arrived="24935" collisions="0" teleports="0" halting="68" stopped="0" meanWaitingTime="41.60" meanTravelTime="117.33" meanSpeed="1.19" meanSpeedRelative="0.09" duration="2"/>
    <step time="46800.00" loaded="25039" inserted="25039" running="74" waiting="0" ended="24965" arrived="24965" collisions="0" teleports="0" halting="73" stopped="0" meanWaitingTime="41.57" meanTravelTime="117.28" meanSpeed="0.25" meanSpeedRelative="0.02" duration="1"/>
    <step time="47100.00" loaded="25057" inserted="25057" running="70" waiting="0" ended="24987" arrived="24987" collisions="0" teleports="0" halting="67" stopped="0" meanWaitingTime="41.54" meanTravelTime="117.21" meanSpeed="0.25" meanSpeedRelative="0.02" duration="1"/>
    <step time="47400.00" loaded="25073" inserted="25073" running="69" waiting="0" ended="25004" arrived="25004" collisions="0" teleports="0" halting="69" stopped="0" meanWaitingTime="41.51" meanTravelTime="117.15" meanSpeed="0.00" meanSpeedRelative="0.00" duration="1"/>
    <step time="47700.00" loaded="25087" inserted="25087" running="70" waiting="0" ended="25017" arrived="25017" collisions="0" teleports="0" halting="70" stopped="0" meanWaitingTime="41.49" meanTravelTime="117.11" meanSpeed="0.00" meanSpeedRelative="0.00" duration="1"/>
    <step time="48000.00" loaded="25100" inserted="25100" running="70" waiting="0" ended="25030" arrived="25030" collisions="0" teleports="0" halting="69" stopped="0" meanWaitingTime="41.47" meanTravelTime="117.08" meanSpeed="0.09" meanSpeedRelative="0.01" duration="2"/>
    <step time="48300.00" loaded="25114" inserted="25114" running="70" waiting="0" ended="25044" arrived="25044" collisions="0" teleports="0" halting="69" stopped="0" meanWaitingTime="41.44" meanTravelTime="117.03" meanSpeed="0.05" meanSpeedRelative="0.00" duration="1"/>
    <step time="48600.00" loaded="25130" inserted="25130" running="71" waiting="0" ended="25059" arrived="25059" collisions="0" teleports="0" halting="69" stopped="0" meanWaitingTime="41.42" meanTravelTime="116.98" meanSpeed="0.22" meanSpeedRelative="0.02" duration="2"/>
    <step time="48900.00" loaded="25145" inserted="25145" running="75" waiting="0" ended="25070" arrived="25070" collisions="0" teleports="0" halting="74" stopped="0" meanWaitingTime="41.39" meanTravelTime="116.94" meanSpeed="0.04" meanSpeedRelative="0.00" duration="2"/>
    <step time="49200.00" loaded="25154" inserted="25154" running="69" waiting="0" ended="25085" arrived="25085" collisions="0" teleports="0" halting="69" stopped="0" meanWaitingTime="41.38" meanTravelTime="116.91" meanSpeed="0.00" meanSpeedRelative="0.00" duration="1"/>
</summary>
