<?xml version="1.0" encoding="UTF-8"?>

<!-- generated on 2025-02-28 20:30:29 by Eclipse SUMO sumo Version 1.19.0
<configuration xmlns:xsi="http://www.w3.org/2001/XMLSchema-instance" xsi:noNamespaceSchemaLocation="http://sumo.dlr.de/xsd/sumoConfiguration.xsd">

    <input>
        <net-file value="Network.net.xml"/>
        <route-files value="CarRoutes.rou.xml"/>
        <additional-files value="Sensors.add.xml"/>
    </input>

    <output>
        <emission-output value="logs/Emissions.xml"/>
        <summary-output value="logs/Log_summary.xml"/>
        <summary-output.period value="300"/>
        <tripinfo-output value="logs/TripInfos.xml"/>
    </output>

    <time>
        <begin value="0"/>
        <end value="86400"/>
        <step-length value="0.25"/>
    </time>

    <processing>
        <ignore-junction-blocker value="0.1"/>
        <time-to-teleport value="-1"/>
    </processing>

    <report>
        <verbose value="true"/>
        <no-step-log value="true"/>
    </report>

    <emissions>
        <device.emissions.period value="10"/>
    </emissions>

    <traci_server>
        <remote-port value="59876"/>
    </traci_server>

    <gui_only>
        <quit-on-end value="true"/>
        <start value="true"/>
    </gui_only>

</configuration>
-->

<instantE1 xmlns:xsi="http://www.w3.org/2001/XMLSchema-instance" xsi:noNamespaceSchemaLocation="http://sumo.dlr.de/xsd/instant_e1_file.xsd">
    <instantOut id="235_D025" time="3746.33" state="enter" vehID="Car_1911" speed="10.59" length="5.00" type="DEFAULT_CAR"/>
    <instantOut id="235_D025" time="3746.50" state="stay" vehID="Car_1911" speed="10.59" length="5.00" type="DEFAULT_CAR"/>
    <instantOut id="235_D025" time="3746.75" state="stay" vehID="Car_1911" speed="10.07" length="5.00" type="DEFAULT_CAR"/>
    <instantOut id="235_D025" time="3746.83" state="leave" vehID="Car_1911" speed="9.32" length="5.00" type="DEFAULT_CAR" occupancy="0.49"/>
    <instantOut id="235_D025" time="3913.48" state="enter" vehID="Car_1913" speed="9.69" length="5.00" type="DEFAULT_CAR" gap="166.66"/>
    <instantOut id="235_D025" time="3913.50" state="stay" vehID="Car_1913" speed="9.69" length="5.00" type="DEFAULT_CAR"/>
    <instantOut id="235_D025" time="3913.75" state="stay" vehID="Car_1913" speed="9.71" length="5.00" type="DEFAULT_CAR"/>
    <instantOut id="235_D025" time="3914.00" state="stay" vehID="Car_1913" speed="9.02" length="5.00" type="DEFAULT_CAR"/>
    <instantOut id="235_D025" time="3914.02" state="leave" vehID="Car_1913" speed="8.44" length="5.00" type="DEFAULT_CAR" occupancy="0.53"/>
    <instantOut id="235_D025" time="4452.96" state="enter" vehID="Car_2568" speed="9.75" length="5.00" type="DEFAULT_CAR" gap="538.94"/>
    <instantOut id="235_D025" time="4453.00" state="stay" vehID="Car_2568" speed="9.75" length="5.00" type="DEFAULT_CAR"/>
    <instantOut id="235_D025" time="4453.25" state="stay" vehID="Car_2568" speed="10.62" length="5.00" type="DEFAULT_CAR"/>
    <instantOut id="235_D025" time="4453.43" state="leave" vehID="Car_2568" speed="10.68" length="5.00" type="DEFAULT_CAR" occupancy="0.47"/>
    <instantOut id="235_D025" time="4512.48" state="enter" vehID="Car_3319" speed="10.28" length="5.00" type="DEFAULT_CAR" gap="59.04"/>
    <instantOut id="235_D025" time="4512.50" state="stay" vehID="Car_3319" speed="10.28" length="5.00" type="DEFAULT_CAR"/>
    <instantOut id="235_D025" time="4512.75" state="stay" vehID="Car_3319" speed="9.53" length="5.00" type="DEFAULT_CAR"/>
    <instantOut id="235_D025" time="4513.00" state="stay" vehID="Car_3319" speed="8.78" length="5.00" type="DEFAULT_CAR"/>
    <instantOut id="235_D025" time="4513.02" state="leave" vehID="Car_3319" speed="8.03" length="5.00" type="DEFAULT_CAR" occupancy="0.55"/>
    <instantOut id="235_D025" time="5035.07" state="enter" vehID="Car_2617" speed="6.75" length="5.00" type="DEFAULT_CAR" gap="522.05"/>
    <instantOut id="235_D025" time="5035.25" state="stay" vehID="Car_2617" speed="6.75" length="5.00" type="DEFAULT_CAR"/>
    <instantOut id="235_D025" time="5035.50" state="stay" vehID="Car_2617" speed="7.24" length="5.00" type="DEFAULT_CAR"/>
    <instantOut id="235_D025" time="5035.75" state="stay" vehID="Car_2617" speed="6.78" length="5.00" type="DEFAULT_CAR"/>
    <instantOut id="235_D025" time="5035.80" state="leave" vehID="Car_2617" speed="6.32" length="5.00" type="DEFAULT_CAR" occupancy="0.72"/>
    <instantOut id="235_D025" time="6468.99" state="enter" vehID="Car_4346" speed="8.76" length="5.00" type="DEFAULT_CAR" gap="1433.19"/>
    <instantOut id="235_D025" time="6469.00" state="stay" vehID="Car_4346" speed="8.76" length="5.00" type="DEFAULT_CAR"/>
    <instantOut id="235_D025" time="6469.25" state="stay" vehID="Car_4346" speed="8.13" length="5.00" type="DEFAULT_CAR"/>
    <instantOut id="235_D025" time="6469.50" state="stay" vehID="Car_4346" speed="7.38" length="5.00" type="DEFAULT_CAR"/>
    <instantOut id="235_D025" time="6469.65" state="leave" vehID="Car_4346" speed="6.90" length="5.00" type="DEFAULT_CAR" occupancy="0.66"/>
    <instantOut id="235_D025" time="9746.04" state="enter" vehID="Car_4407" speed="7.14" length="5.00" type="DEFAULT_CAR" gap="3276.39"/>
    <instantOut id="235_D025" time="9746.25" state="stay" vehID="Car_4407" speed="7.14" length="5.00" type="DEFAULT_CAR"/>
    <instantOut id="235_D025" time="9746.50" state="stay" vehID="Car_4407" speed="6.39" length="5.00" type="DEFAULT_CAR"/>
    <instantOut id="235_D025" time="9746.75" state="stay" vehID="Car_4407" speed="5.64" length="5.00" type="DEFAULT_CAR"/>
    <instantOut id="235_D025" time="9746.84" state="leave" vehID="Car_4407" speed="4.99" length="5.00" type="DEFAULT_CAR" occupancy="0.81"/>
    <instantOut id="235_D025" time="10029.98" state="enter" vehID="Car_5975" speed="9.13" length="5.00" type="DEFAULT_CAR" gap="283.13"/>
    <instantOut id="235_D025" time="10030.00" state="stay" vehID="Car_5975" speed="9.13" length="5.00" type="DEFAULT_CAR"/>
    <instantOut id="235_D025" time="10030.25" state="stay" vehID="Car_5975" speed="8.51" length="5.00" type="DEFAULT_CAR"/>
    <instantOut id="235_D025" time="10030.50" state="stay" vehID="Car_5975" speed="7.76" length="5.00" type="DEFAULT_CAR"/>
    <instantOut id="235_D025" time="10030.60" state="leave" vehID="Car_5975" speed="7.01" length="5.00" type="DEFAULT_CAR" occupancy="0.63"/>
    <instantOut id="235_D025" time="10078.17" state="enter" vehID="Car_5414" speed="10.16" length="5.00" type="DEFAULT_CAR" gap="47.57"/>
    <instantOut id="235_D025" time="10078.25" state="stay" vehID="Car_5414" speed="10.16" length="5.00" type="DEFAULT_CAR"/>
    <instantOut id="235_D025" time="10078.50" state="stay" vehID="Car_5414" speed="10.03" length="5.00" type="DEFAULT_CAR"/>
    <instantOut id="235_D025" time="10078.67" state="leave" vehID="Car_5414" speed="9.82" length="5.00" type="DEFAULT_CAR" occupancy="0.50"/>
    <instantOut id="235_D025" time="10277.47" state="enter" vehID="Car_5506" speed="9.73" length="5.00" type="DEFAULT_CAR" gap="198.80"/>
    <instantOut id="235_D025" time="10277.50" state="stay" vehID="Car_5506" speed="9.73" length="5.00" type="DEFAULT_CAR"/>
    <instantOut id="235_D025" time="10277.75" state="stay" vehID="Car_5506" speed="9.67" length="5.00" type="DEFAULT_CAR"/>
    <instantOut id="235_D025" time="10278.00" state="stay" vehID="Car_5506" speed="8.92" length="5.00" type="DEFAULT_CAR"/>
    <instantOut id="235_D025" time="10278.01" state="leave" vehID="Car_5506" speed="8.35" length="5.00" type="DEFAULT_CAR" occupancy="0.54"/>
    <instantOut id="235_D025" time="10456.97" state="enter" vehID="Car_5396" speed="6.94" length="5.00" type="DEFAULT_CAR" gap="178.96"/>
    <instantOut id="235_D025" time="10457.00" state="stay" vehID="Car_5396" speed="6.94" length="5.00" type="DEFAULT_CAR"/>
    <instantOut id="235_D025" time="10457.25" state="stay" vehID="Car_5396" speed="7.55" length="5.00" type="DEFAULT_CAR"/>
    <instantOut id="235_D025" time="10457.50" state="stay" vehID="Car_5396" speed="7.39" length="5.00" type="DEFAULT_CAR"/>
    <instantOut id="235_D025" time="10457.66" state="leave" vehID="Car_5396" speed="6.83" length="5.00" type="DEFAULT_CAR" occupancy="0.68"/>
    <instantOut id="235_D025" time="18489.00" state="enter" vehID="Car_10404" speed="11.63" length="5.00" type="DEFAULT_CAR" gap="8031.35"/>
    <instantOut id="235_D025" time="18489.25" state="stay" vehID="Car_10404" speed="11.63" length="5.00" type="DEFAULT_CAR"/>
    <instantOut id="235_D025" time="18489.45" state="leave" vehID="Car_10404" speed="10.88" length="5.00" type="DEFAULT_CAR" occupancy="0.44"/>
    <instantOut id="235_D025" time="22183.62" state="enter" vehID="Car_11872" speed="10.02" length="5.00" type="DEFAULT_CAR" gap="3694.17"/>
    <instantOut id="235_D025" time="22183.75" state="stay" vehID="Car_11872" speed="10.02" length="5.00" type="DEFAULT_CAR"/>
    <instantOut id="235_D025" time="22184.00" state="stay" vehID="Car_11872" speed="9.27" length="5.00" type="DEFAULT_CAR"/>
    <instantOut id="235_D025" time="22184.16" state="leave" vehID="Car_11872" speed="8.52" length="5.00" type="DEFAULT_CAR" occupancy="0.54"/>
    <instantOut id="235_D025" time="23588.95" state="enter" vehID="Car_13900" speed="9.54" length="5.00" type="DEFAULT_CAR" gap="1404.79"/>
    <instantOut id="235_D025" time="23589.00" state="stay" vehID="Car_13900" speed="9.54" length="5.00" type="DEFAULT_CAR"/>
    <instantOut id="235_D025" time="23589.25" state="stay" vehID="Car_13900" speed="9.14" length="5.00" type="DEFAULT_CAR"/>
    <instantOut id="235_D025" time="23589.50" state="stay" vehID="Car_13900" speed="8.39" length="5.00" type="DEFAULT_CAR"/>
    <instantOut id="235_D025" time="23589.51" state="leave" vehID="Car_13900" speed="7.64" length="5.00" type="DEFAULT_CAR" occupancy="0.57"/>
    <instantOut id="235_D025" time="25140.31" state="enter" vehID="Car_14103" speed="10.08" length="5.00" type="DEFAULT_CAR" gap="1550.79"/>
    <instantOut id="235_D025" time="25140.50" state="stay" vehID="Car_14103" speed="10.08" length="5.00" type="DEFAULT_CAR"/>
    <instantOut id="235_D025" time="25140.75" state="stay" vehID="Car_14103" speed="9.33" length="5.00" type="DEFAULT_CAR"/>
    <instantOut id="235_D025" time="25140.83" state="leave" vehID="Car_14103" speed="8.58" length="5.00" type="DEFAULT_CAR" occupancy="0.53"/>
    <instantOut id="235_D025" time="27264.08" state="enter" vehID="Car_15625" speed="7.04" length="5.00" type="DEFAULT_CAR" gap="2123.25"/>
    <instantOut id="235_D025" time="27264.25" state="stay" vehID="Car_15625" speed="7.04" length="5.00" type="DEFAULT_CAR"/>
    <instantOut id="235_D025" time="27264.50" state="stay" vehID="Car_15625" speed="6.87" length="5.00" type="DEFAULT_CAR"/>
    <instantOut id="235_D025" time="27264.75" state="stay" vehID="Car_15625" speed="6.12" length="5.00" type="DEFAULT_CAR"/>
    <instantOut id="235_D025" time="27264.86" state="leave" vehID="Car_15625" speed="5.47" length="5.00" type="DEFAULT_CAR" occupancy="0.77"/>
    <instantOut id="235_D025" time="27523.78" state="enter" vehID="Car_15813" speed="8.74" length="5.00" type="DEFAULT_CAR" gap="258.92"/>
    <instantOut id="235_D025" time="27524.00" state="stay" vehID="Car_15813" speed="8.74" length="5.00" type="DEFAULT_CAR"/>
    <instantOut id="235_D025" time="27524.25" state="stay" vehID="Car_15813" speed="7.99" length="5.00" type="DEFAULT_CAR"/>
    <instantOut id="235_D025" time="27524.39" state="leave" vehID="Car_15813" speed="7.38" length="5.00" type="DEFAULT_CAR" occupancy="0.62"/>
    <instantOut id="235_D025" time="29095.21" state="enter" vehID="Car_16448" speed="8.58" length="5.00" type="DEFAULT_CAR" gap="1570.82"/>
    <instantOut id="235_D025" time="29095.25" state="stay" vehID="Car_16448" speed="8.58" length="5.00" type="DEFAULT_CAR"/>
    <instantOut id="235_D025" time="29095.50" state="stay" vehID="Car_16448" speed="7.91" length="5.00" type="DEFAULT_CAR"/>
    <instantOut id="235_D025" time="29095.75" state="stay" vehID="Car_16448" speed="7.16" length="5.00" type="DEFAULT_CAR"/>
    <instantOut id="235_D025" time="29095.89" state="leave" vehID="Car_16448" speed="6.49" length="5.00" type="DEFAULT_CAR" occupancy="0.68"/>
    <instantOut id="235_D025" time="34945.39" state="enter" vehID="Car_20800" speed="6.34" length="5.00" type="DEFAULT_CAR" gap="5849.50"/>
    <instantOut id="235_D025" time="34945.50" state="stay" vehID="Car_20800" speed="6.34" length="5.00" type="DEFAULT_CAR"/>
    <instantOut id="235_D025" time="34945.75" state="stay" vehID="Car_20800" speed="6.21" length="5.00" type="DEFAULT_CAR"/>
    <instantOut id="235_D025" time="34946.00" state="stay" vehID="Car_20800" speed="5.46" length="5.00" type="DEFAULT_CAR"/>
    <instantOut id="235_D025" time="34946.25" state="stay" vehID="Car_20800" speed="4.71" length="5.00" type="DEFAULT_CAR"/>
    <instantOut id="235_D025" time="34946.30" state="leave" vehID="Car_20800" speed="3.96" length="5.00" type="DEFAULT_CAR" occupancy="0.91"/>
    <instantOut id="235_D025" time="36780.50" state="enter" vehID="Car_21520" speed="9.07" length="5.00" type="DEFAULT_CAR" gap="1834.20"/>
    <instantOut id="235_D025" time="36780.50" state="stay" vehID="Car_21520" speed="9.07" length="5.00" type="DEFAULT_CAR"/>
    <instantOut id="235_D025" time="36780.75" state="stay" vehID="Car_21520" speed="8.41" length="5.00" type="DEFAULT_CAR"/>
    <instantOut id="235_D025" time="36781.00" state="stay" vehID="Car_21520" speed="7.66" length="5.00" type="DEFAULT_CAR"/>
    <instantOut id="235_D025" time="36781.14" state="leave" vehID="Car_21520" speed="6.91" length="5.00" type="DEFAULT_CAR" occupancy="0.64"/>
    <instantOut id="235_D025" time="36886.49" state="enter" vehID="Car_21752" speed="8.28" length="5.00" type="DEFAULT_CAR" gap="105.35"/>
    <instantOut id="235_D025" time="36886.50" state="stay" vehID="Car_21752" speed="8.28" length="5.00" type="DEFAULT_CAR"/>
    <instantOut id="235_D025" time="36886.75" state="stay" vehID="Car_21752" speed="7.55" length="5.00" type="DEFAULT_CAR"/>
    <instantOut id="235_D025" time="36887.00" state="stay" vehID="Car_21752" speed="6.84" length="5.00" type="DEFAULT_CAR"/>
    <instantOut id="235_D025" time="36887.21" state="leave" vehID="Car_21752" speed="6.09" length="5.00" type="DEFAULT_CAR" occupancy="0.73"/>
    <instantOut id="235_D025" time="38572.97" state="enter" vehID="Car_21842" speed="8.51" length="5.00" type="DEFAULT_CAR" gap="1685.76"/>
    <instantOut id="235_D025" time="38573.00" state="stay" vehID="Car_21842" speed="8.51" length="5.00" type="DEFAULT_CAR"/>
    <instantOut id="235_D025" time="38573.25" state="stay" vehID="Car_21842" speed="7.92" length="5.00" type="DEFAULT_CAR"/>
    <instantOut id="235_D025" time="38573.50" state="stay" vehID="Car_21842" speed="7.43" length="5.00" type="DEFAULT_CAR"/>
    <instantOut id="235_D025" time="38573.64" state="leave" vehID="Car_21842" speed="6.68" length="5.00" type="DEFAULT_CAR" occupancy="0.67"/>
    <instantOut id="235_D025" time="38727.65" state="enter" vehID="Car_23042" speed="7.88" length="5.00" type="DEFAULT_CAR" gap="154.01"/>
    <instantOut id="235_D025" time="38727.75" state="stay" vehID="Car_23042" speed="7.88" length="5.00" type="DEFAULT_CAR"/>
    <instantOut id="235_D025" time="38728.00" state="stay" vehID="Car_23042" speed="7.13" length="5.00" type="DEFAULT_CAR"/>
    <instantOut id="235_D025" time="38728.25" state="stay" vehID="Car_23042" speed="6.46" length="5.00" type="DEFAULT_CAR"/>
    <instantOut id="235_D025" time="38728.38" state="leave" vehID="Car_23042" speed="6.22" length="5.00" type="DEFAULT_CAR" occupancy="0.73"/>
    <instantOut id="235_D025" time="43491.22" state="enter" vehID="Car_23936" speed="9.75" length="5.00" type="DEFAULT_CAR" gap="4762.84"/>
    <instantOut id="235_D025" time="43491.25" state="stay" vehID="Car_23936" speed="9.75" length="5.00" type="DEFAULT_CAR"/>
    <instantOut id="235_D025" time="43491.50" state="stay" vehID="Car_23936" speed="9.36" length="5.00" type="DEFAULT_CAR"/>
    <instantOut id="235_D025" time="43491.75" state="stay" vehID="Car_23936" speed="8.61" length="5.00" type="DEFAULT_CAR"/>
    <instantOut id="235_D025" time="43491.78" state="leave" vehID="Car_23936" speed="7.91" length="5.00" type="DEFAULT_CAR" occupancy="0.56"/>
</instantE1>
