<?xml version="1.0" encoding="UTF-8"?>

<!-- generated on 2025-02-28 21:37:47 by Eclipse SUMO sumo Version 1.19.0
<configuration xmlns:xsi="http://www.w3.org/2001/XMLSchema-instance" xsi:noNamespaceSchemaLocation="http://sumo.dlr.de/xsd/sumoConfiguration.xsd">

    <input>
        <net-file value="Network.net.xml"/>
        <route-files value="CarRoutes.rou.xml"/>
        <additional-files value="Sensors.add.xml"/>
    </input>

    <output>
        <emission-output value="logs/Emissions.xml"/>
        <summary-output value="logs/Log_summary.xml"/>
        <summary-output.period value="300"/>
        <tripinfo-output value="logs/TripInfos.xml"/>
    </output>

    <time>
        <begin value="0"/>
        <end value="86400"/>
        <step-length value="0.25"/>
    </time>

    <processing>
        <ignore-junction-blocker value="0.1"/>
        <time-to-teleport value="-1"/>
    </processing>

    <report>
        <verbose value="true"/>
        <no-step-log value="true"/>
    </report>

    <emissions>
        <device.emissions.period value="10"/>
    </emissions>

    <traci_server>
        <remote-port value="60461"/>
    </traci_server>

    <gui_only>
        <quit-on-end value="true"/>
        <start value="true"/>
    </gui_only>

</configuration>
-->

<instantE1 xmlns:xsi="http://www.w3.org/2001/XMLSchema-instance" xsi:noNamespaceSchemaLocation="http://sumo.dlr.de/xsd/instant_e1_file.xsd">
    <instantOut id="235_D025" time="2249.08" state="enter" vehID="Car_1035" speed="6.94" length="5.00" type="DEFAULT_CAR"/>
    <instantOut id="235_D025" time="2249.25" state="stay" vehID="Car_1035" speed="6.94" length="5.00" type="DEFAULT_CAR"/>
    <instantOut id="235_D025" time="2249.50" state="stay" vehID="Car_1035" speed="6.19" length="5.00" type="DEFAULT_CAR"/>
    <instantOut id="235_D025" time="2249.75" state="stay" vehID="Car_1035" speed="5.44" length="5.00" type="DEFAULT_CAR"/>
    <instantOut id="235_D025" time="2249.95" state="leave" vehID="Car_1035" speed="4.69" length="5.00" type="DEFAULT_CAR" occupancy="0.87"/>
    <instantOut id="235_D025" time="2849.51" state="enter" vehID="Car_1499" speed="8.46" length="5.00" type="DEFAULT_CAR" gap="599.56"/>
    <instantOut id="235_D025" time="2849.75" state="stay" vehID="Car_1499" speed="8.46" length="5.00" type="DEFAULT_CAR"/>
    <instantOut id="235_D025" time="2850.00" state="stay" vehID="Car_1499" speed="7.93" length="5.00" type="DEFAULT_CAR"/>
    <instantOut id="235_D025" time="2850.14" state="leave" vehID="Car_1499" speed="7.18" length="5.00" type="DEFAULT_CAR" occupancy="0.63"/>
    <instantOut id="235_D025" time="4000.75" state="enter" vehID="Car_1556" speed="8.12" length="5.00" type="DEFAULT_CAR" gap="1150.61"/>
    <instantOut id="235_D025" time="4001.00" state="stay" vehID="Car_1556" speed="8.12" length="5.00" type="DEFAULT_CAR"/>
    <instantOut id="235_D025" time="4001.25" state="stay" vehID="Car_1556" speed="7.37" length="5.00" type="DEFAULT_CAR"/>
    <instantOut id="235_D025" time="4001.43" state="leave" vehID="Car_1556" speed="6.62" length="5.00" type="DEFAULT_CAR" occupancy="0.67"/>
    <instantOut id="235_D025" time="4815.20" state="enter" vehID="Car_2791" speed="10.02" length="5.00" type="DEFAULT_CAR" gap="813.77"/>
    <instantOut id="235_D025" time="4815.25" state="stay" vehID="Car_2791" speed="10.02" length="5.00" type="DEFAULT_CAR"/>
    <instantOut id="235_D025" time="4815.50" state="stay" vehID="Car_2791" speed="10.55" length="5.00" type="DEFAULT_CAR"/>
    <instantOut id="235_D025" time="4815.68" state="leave" vehID="Car_2791" speed="10.33" length="5.00" type="DEFAULT_CAR" occupancy="0.48"/>
    <instantOut id="235_D025" time="6464.75" state="enter" vehID="Car_3697" speed="8.13" length="5.00" type="DEFAULT_CAR" gap="1649.07"/>
    <instantOut id="235_D025" time="6465.00" state="stay" vehID="Car_3697" speed="8.13" length="5.00" type="DEFAULT_CAR"/>
    <instantOut id="235_D025" time="6465.25" state="stay" vehID="Car_3697" speed="7.50" length="5.00" type="DEFAULT_CAR"/>
    <instantOut id="235_D025" time="6465.40" state="leave" vehID="Car_3697" speed="7.19" length="5.00" type="DEFAULT_CAR" occupancy="0.65"/>
    <instantOut id="235_D025" time="6738.09" state="enter" vehID="Car_4004" speed="7.02" length="5.00" type="DEFAULT_CAR" gap="272.68"/>
    <instantOut id="235_D025" time="6738.25" state="stay" vehID="Car_4004" speed="7.02" length="5.00" type="DEFAULT_CAR"/>
    <instantOut id="235_D025" time="6738.50" state="stay" vehID="Car_4004" speed="7.78" length="5.00" type="DEFAULT_CAR"/>
    <instantOut id="235_D025" time="6738.72" state="leave" vehID="Car_4004" speed="8.64" length="5.00" type="DEFAULT_CAR" occupancy="0.63"/>
    <instantOut id="235_D025" time="7815.75" state="enter" vehID="Car_4368" speed="9.59" length="5.00" type="DEFAULT_CAR" gap="1077.03"/>
    <instantOut id="235_D025" time="7815.75" state="stay" vehID="Car_4368" speed="9.59" length="5.00" type="DEFAULT_CAR"/>
    <instantOut id="235_D025" time="7816.00" state="stay" vehID="Car_4368" speed="10.32" length="5.00" type="DEFAULT_CAR"/>
    <instantOut id="235_D025" time="7816.22" state="leave" vehID="Car_4368" speed="10.87" length="5.00" type="DEFAULT_CAR" occupancy="0.47"/>
    <instantOut id="235_D025" time="7896.51" state="enter" vehID="Car_3943" speed="8.38" length="5.00" type="DEFAULT_CAR" gap="80.29"/>
    <instantOut id="235_D025" time="7896.75" state="stay" vehID="Car_3943" speed="8.38" length="5.00" type="DEFAULT_CAR"/>
    <instantOut id="235_D025" time="7897.00" state="stay" vehID="Car_3943" speed="7.63" length="5.00" type="DEFAULT_CAR"/>
    <instantOut id="235_D025" time="7897.15" state="leave" vehID="Car_3943" speed="7.31" length="5.00" type="DEFAULT_CAR" occupancy="0.64"/>
    <instantOut id="235_D025" time="8014.01" state="enter" vehID="Car_4383" speed="9.04" length="5.00" type="DEFAULT_CAR" gap="116.87"/>
    <instantOut id="235_D025" time="8014.25" state="stay" vehID="Car_4383" speed="9.04" length="5.00" type="DEFAULT_CAR"/>
    <instantOut id="235_D025" time="8014.50" state="stay" vehID="Car_4383" speed="8.29" length="5.00" type="DEFAULT_CAR"/>
    <instantOut id="235_D025" time="8014.60" state="leave" vehID="Car_4383" speed="7.58" length="5.00" type="DEFAULT_CAR" occupancy="0.59"/>
    <instantOut id="235_D025" time="8608.53" state="enter" vehID="Car_4516" speed="7.70" length="5.00" type="DEFAULT_CAR" gap="593.92"/>
    <instantOut id="235_D025" time="8608.75" state="stay" vehID="Car_4516" speed="7.70" length="5.00" type="DEFAULT_CAR"/>
    <instantOut id="235_D025" time="8609.00" state="stay" vehID="Car_4516" speed="6.99" length="5.00" type="DEFAULT_CAR"/>
    <instantOut id="235_D025" time="8609.24" state="leave" vehID="Car_4516" speed="6.24" length="5.00" type="DEFAULT_CAR" occupancy="0.72"/>
    <instantOut id="235_D025" time="8687.03" state="enter" vehID="Car_4963" speed="7.31" length="5.00" type="DEFAULT_CAR" gap="77.79"/>
    <instantOut id="235_D025" time="8687.25" state="stay" vehID="Car_4963" speed="7.31" length="5.00" type="DEFAULT_CAR"/>
    <instantOut id="235_D025" time="8687.50" state="stay" vehID="Car_4963" speed="6.56" length="5.00" type="DEFAULT_CAR"/>
    <instantOut id="235_D025" time="8687.75" state="stay" vehID="Car_4963" speed="6.02" length="5.00" type="DEFAULT_CAR"/>
    <instantOut id="235_D025" time="8687.80" state="leave" vehID="Car_4963" speed="5.27" length="5.00" type="DEFAULT_CAR" occupancy="0.77"/>
    <instantOut id="235_D025" time="11525.98" state="enter" vehID="Car_5427" speed="9.15" length="5.00" type="DEFAULT_CAR" gap="2838.18"/>
    <instantOut id="235_D025" time="11526.00" state="stay" vehID="Car_5427" speed="9.15" length="5.00" type="DEFAULT_CAR"/>
    <instantOut id="235_D025" time="11526.25" state="stay" vehID="Car_5427" speed="9.72" length="5.00" type="DEFAULT_CAR"/>
    <instantOut id="235_D025" time="11526.50" state="stay" vehID="Car_5427" speed="9.43" length="5.00" type="DEFAULT_CAR"/>
    <instantOut id="235_D025" time="11526.51" state="leave" vehID="Car_5427" speed="8.83" length="5.00" type="DEFAULT_CAR" occupancy="0.52"/>
    <instantOut id="235_D025" time="16697.25" state="enter" vehID="Car_8634" speed="8.81" length="5.00" type="DEFAULT_CAR" gap="5170.74"/>
    <instantOut id="235_D025" time="16697.25" state="stay" vehID="Car_8634" speed="8.81" length="5.00" type="DEFAULT_CAR"/>
    <instantOut id="235_D025" time="16697.50" state="stay" vehID="Car_8634" speed="8.06" length="5.00" type="DEFAULT_CAR"/>
    <instantOut id="235_D025" time="16697.75" state="stay" vehID="Car_8634" speed="7.47" length="5.00" type="DEFAULT_CAR"/>
    <instantOut id="235_D025" time="16697.91" state="leave" vehID="Car_8634" speed="6.72" length="5.00" type="DEFAULT_CAR" occupancy="0.66"/>
    <instantOut id="235_D025" time="16989.48" state="enter" vehID="Car_9542" speed="9.28" length="5.00" type="DEFAULT_CAR" gap="291.57"/>
    <instantOut id="235_D025" time="16989.50" state="stay" vehID="Car_9542" speed="9.28" length="5.00" type="DEFAULT_CAR"/>
    <instantOut id="235_D025" time="16989.75" state="stay" vehID="Car_9542" speed="8.74" length="5.00" type="DEFAULT_CAR"/>
    <instantOut id="235_D025" time="16990.00" state="stay" vehID="Car_9542" speed="7.99" length="5.00" type="DEFAULT_CAR"/>
    <instantOut id="235_D025" time="16990.09" state="leave" vehID="Car_9542" speed="7.24" length="5.00" type="DEFAULT_CAR" occupancy="0.61"/>
    <instantOut id="235_D025" time="17056.95" state="enter" vehID="Car_10553" speed="10.09" length="5.00" type="DEFAULT_CAR" gap="66.86"/>
    <instantOut id="235_D025" time="17057.00" state="stay" vehID="Car_10553" speed="10.09" length="5.00" type="DEFAULT_CAR"/>
    <instantOut id="235_D025" time="17057.25" state="stay" vehID="Car_10553" speed="9.34" length="5.00" type="DEFAULT_CAR"/>
    <instantOut id="235_D025" time="17057.50" state="leave" vehID="Car_10553" speed="8.59" length="5.00" type="DEFAULT_CAR" occupancy="0.55"/>
    <instantOut id="235_D025" time="19172.55" state="enter" vehID="Car_10765" speed="10.15" length="5.00" type="DEFAULT_CAR" gap="2115.05"/>
    <instantOut id="235_D025" time="19172.75" state="stay" vehID="Car_10765" speed="10.15" length="5.00" type="DEFAULT_CAR"/>
    <instantOut id="235_D025" time="19173.00" state="stay" vehID="Car_10765" speed="9.40" length="5.00" type="DEFAULT_CAR"/>
    <instantOut id="235_D025" time="19173.07" state="leave" vehID="Car_10765" speed="8.65" length="5.00" type="DEFAULT_CAR" occupancy="0.52"/>
    <instantOut id="235_D025" time="19227.95" state="enter" vehID="Car_10766" speed="10.25" length="5.00" type="DEFAULT_CAR" gap="54.88"/>
    <instantOut id="235_D025" time="19228.00" state="stay" vehID="Car_10766" speed="10.25" length="5.00" type="DEFAULT_CAR"/>
    <instantOut id="235_D025" time="19228.25" state="stay" vehID="Car_10766" speed="10.78" length="5.00" type="DEFAULT_CAR"/>
    <instantOut id="235_D025" time="19228.43" state="leave" vehID="Car_10766" speed="10.04" length="5.00" type="DEFAULT_CAR" occupancy="0.48"/>
    <instantOut id="235_D025" time="19752.00" state="enter" vehID="Car_10768" speed="8.74" length="5.00" type="DEFAULT_CAR" gap="523.57"/>
    <instantOut id="235_D025" time="19752.00" state="stay" vehID="Car_10768" speed="8.74" length="5.00" type="DEFAULT_CAR"/>
    <instantOut id="235_D025" time="19752.25" state="stay" vehID="Car_10768" speed="7.99" length="5.00" type="DEFAULT_CAR"/>
    <instantOut id="235_D025" time="19752.50" state="stay" vehID="Car_10768" speed="7.24" length="5.00" type="DEFAULT_CAR"/>
    <instantOut id="235_D025" time="19752.68" state="leave" vehID="Car_10768" speed="6.61" length="5.00" type="DEFAULT_CAR" occupancy="0.68"/>
    <instantOut id="235_D025" time="21298.79" state="enter" vehID="Car_12121" speed="7.14" length="5.00" type="DEFAULT_CAR" gap="1546.12"/>
    <instantOut id="235_D025" time="21299.00" state="stay" vehID="Car_12121" speed="7.14" length="5.00" type="DEFAULT_CAR"/>
    <instantOut id="235_D025" time="21299.25" state="stay" vehID="Car_12121" speed="6.47" length="5.00" type="DEFAULT_CAR"/>
    <instantOut id="235_D025" time="21299.50" state="stay" vehID="Car_12121" speed="5.72" length="5.00" type="DEFAULT_CAR"/>
    <instantOut id="235_D025" time="21299.60" state="leave" vehID="Car_12121" speed="5.12" length="5.00" type="DEFAULT_CAR" occupancy="0.80"/>
    <instantOut id="235_D025" time="22094.74" state="enter" vehID="Car_12130" speed="8.46" length="5.00" type="DEFAULT_CAR" gap="795.14"/>
    <instantOut id="235_D025" time="22094.75" state="stay" vehID="Car_12130" speed="8.46" length="5.00" type="DEFAULT_CAR"/>
    <instantOut id="235_D025" time="22095.00" state="stay" vehID="Car_12130" speed="7.71" length="5.00" type="DEFAULT_CAR"/>
    <instantOut id="235_D025" time="22095.25" state="stay" vehID="Car_12130" speed="6.96" length="5.00" type="DEFAULT_CAR"/>
    <instantOut id="235_D025" time="22095.45" state="leave" vehID="Car_12130" speed="6.21" length="5.00" type="DEFAULT_CAR" occupancy="0.71"/>
    <instantOut id="235_D025" time="23523.38" state="enter" vehID="Car_13346" speed="7.01" length="5.00" type="DEFAULT_CAR" gap="1427.93"/>
    <instantOut id="235_D025" time="23523.50" state="stay" vehID="Car_13346" speed="7.01" length="5.00" type="DEFAULT_CAR"/>
    <instantOut id="235_D025" time="23523.75" state="stay" vehID="Car_13346" speed="6.26" length="5.00" type="DEFAULT_CAR"/>
    <instantOut id="235_D025" time="23524.00" state="stay" vehID="Car_13346" speed="5.73" length="5.00" type="DEFAULT_CAR"/>
    <instantOut id="235_D025" time="23524.23" state="leave" vehID="Car_13346" speed="4.98" length="5.00" type="DEFAULT_CAR" occupancy="0.85"/>
    <instantOut id="235_D025" time="25773.55" state="enter" vehID="Car_14386" speed="7.15" length="5.00" type="DEFAULT_CAR" gap="2249.32"/>
    <instantOut id="235_D025" time="25773.75" state="stay" vehID="Car_14386" speed="7.15" length="5.00" type="DEFAULT_CAR"/>
    <instantOut id="235_D025" time="25774.00" state="stay" vehID="Car_14386" speed="6.40" length="5.00" type="DEFAULT_CAR"/>
    <instantOut id="235_D025" time="25774.25" state="stay" vehID="Car_14386" speed="5.89" length="5.00" type="DEFAULT_CAR"/>
    <instantOut id="235_D025" time="25774.35" state="leave" vehID="Car_14386" speed="5.14" length="5.00" type="DEFAULT_CAR" occupancy="0.80"/>
    <instantOut id="235_D025" time="26032.76" state="enter" vehID="Car_15226" speed="8.47" length="5.00" type="DEFAULT_CAR" gap="258.42"/>
    <instantOut id="235_D025" time="26033.00" state="stay" vehID="Car_15226" speed="8.47" length="5.00" type="DEFAULT_CAR"/>
    <instantOut id="235_D025" time="26033.25" state="stay" vehID="Car_15226" speed="7.91" length="5.00" type="DEFAULT_CAR"/>
    <instantOut id="235_D025" time="26033.39" state="leave" vehID="Car_15226" speed="7.21" length="5.00" type="DEFAULT_CAR" occupancy="0.63"/>
    <instantOut id="235_D025" time="27560.96" state="enter" vehID="Car_15223" speed="8.71" length="5.00" type="DEFAULT_CAR" gap="1527.57"/>
    <instantOut id="235_D025" time="27561.00" state="stay" vehID="Car_15223" speed="8.71" length="5.00" type="DEFAULT_CAR"/>
    <instantOut id="235_D025" time="27561.25" state="stay" vehID="Car_15223" speed="8.10" length="5.00" type="DEFAULT_CAR"/>
    <instantOut id="235_D025" time="27561.50" state="stay" vehID="Car_15223" speed="7.35" length="5.00" type="DEFAULT_CAR"/>
    <instantOut id="235_D025" time="27561.62" state="leave" vehID="Car_15223" speed="6.60" length="5.00" type="DEFAULT_CAR" occupancy="0.66"/>
    <instantOut id="235_D025" time="29056.00" state="enter" vehID="Car_17517" speed="9.09" length="5.00" type="DEFAULT_CAR" gap="1494.37"/>
    <instantOut id="235_D025" time="29056.00" state="stay" vehID="Car_17517" speed="9.09" length="5.00" type="DEFAULT_CAR"/>
    <instantOut id="235_D025" time="29056.25" state="stay" vehID="Car_17517" speed="8.34" length="5.00" type="DEFAULT_CAR"/>
    <instantOut id="235_D025" time="29056.50" state="stay" vehID="Car_17517" speed="7.60" length="5.00" type="DEFAULT_CAR"/>
    <instantOut id="235_D025" time="29056.64" state="leave" vehID="Car_17517" speed="7.03" length="5.00" type="DEFAULT_CAR" occupancy="0.64"/>
    <instantOut id="235_D025" time="29386.97" state="enter" vehID="Car_17509" speed="6.84" length="5.00" type="DEFAULT_CAR" gap="330.33"/>
    <instantOut id="235_D025" time="29387.00" state="stay" vehID="Car_17509" speed="6.84" length="5.00" type="DEFAULT_CAR"/>
    <instantOut id="235_D025" time="29387.25" state="stay" vehID="Car_17509" speed="7.46" length="5.00" type="DEFAULT_CAR"/>
    <instantOut id="235_D025" time="29387.50" state="stay" vehID="Car_17509" speed="8.38" length="5.00" type="DEFAULT_CAR"/>
    <instantOut id="235_D025" time="29387.59" state="leave" vehID="Car_17509" speed="8.85" length="5.00" type="DEFAULT_CAR" occupancy="0.62"/>
    <instantOut id="235_D025" time="32110.93" state="enter" vehID="Car_19259" speed="6.86" length="5.00" type="DEFAULT_CAR" gap="2723.34"/>
    <instantOut id="235_D025" time="32111.00" state="stay" vehID="Car_19259" speed="6.86" length="5.00" type="DEFAULT_CAR"/>
    <instantOut id="235_D025" time="32111.25" state="stay" vehID="Car_19259" speed="6.11" length="5.00" type="DEFAULT_CAR"/>
    <instantOut id="235_D025" time="32111.50" state="stay" vehID="Car_19259" speed="5.48" length="5.00" type="DEFAULT_CAR"/>
    <instantOut id="235_D025" time="32111.75" state="stay" vehID="Car_19259" speed="5.11" length="5.00" type="DEFAULT_CAR"/>
    <instantOut id="235_D025" time="32111.83" state="leave" vehID="Car_19259" speed="4.36" length="5.00" type="DEFAULT_CAR" occupancy="0.90"/>
    <instantOut id="235_D025" time="33094.97" state="enter" vehID="Car_19134" speed="6.94" length="5.00" type="DEFAULT_CAR" gap="983.14"/>
    <instantOut id="235_D025" time="33095.00" state="stay" vehID="Car_19134" speed="6.94" length="5.00" type="DEFAULT_CAR"/>
    <instantOut id="235_D025" time="33095.25" state="stay" vehID="Car_19134" speed="7.67" length="5.00" type="DEFAULT_CAR"/>
    <instantOut id="235_D025" time="33095.50" state="stay" vehID="Car_19134" speed="8.31" length="5.00" type="DEFAULT_CAR"/>
    <instantOut id="235_D025" time="33095.59" state="leave" vehID="Car_19134" speed="8.80" length="5.00" type="DEFAULT_CAR" occupancy="0.62"/>
    <instantOut id="235_D025" time="34032.96" state="enter" vehID="Car_19906" speed="6.96" length="5.00" type="DEFAULT_CAR" gap="937.37"/>
    <instantOut id="235_D025" time="34033.00" state="stay" vehID="Car_19906" speed="6.96" length="5.00" type="DEFAULT_CAR"/>
    <instantOut id="235_D025" time="34033.25" state="stay" vehID="Car_19906" speed="7.73" length="5.00" type="DEFAULT_CAR"/>
    <instantOut id="235_D025" time="34033.50" state="stay" vehID="Car_19906" speed="7.24" length="5.00" type="DEFAULT_CAR"/>
    <instantOut id="235_D025" time="34033.65" state="leave" vehID="Car_19906" speed="6.49" length="5.00" type="DEFAULT_CAR" occupancy="0.69"/>
    <instantOut id="235_D025" time="34206.42" state="enter" vehID="Car_20438" speed="10.25" length="5.00" type="DEFAULT_CAR" gap="172.76"/>
    <instantOut id="235_D025" time="34206.50" state="stay" vehID="Car_20438" speed="10.25" length="5.00" type="DEFAULT_CAR"/>
    <instantOut id="235_D025" time="34206.75" state="stay" vehID="Car_20438" speed="9.71" length="5.00" type="DEFAULT_CAR"/>
    <instantOut id="235_D025" time="34206.94" state="leave" vehID="Car_20438" speed="8.96" length="5.00" type="DEFAULT_CAR" occupancy="0.52"/>
    <instantOut id="235_D025" time="37019.70" state="enter" vehID="Car_21905" speed="9.95" length="5.00" type="DEFAULT_CAR" gap="2812.76"/>
    <instantOut id="235_D025" time="37019.75" state="stay" vehID="Car_21905" speed="9.95" length="5.00" type="DEFAULT_CAR"/>
    <instantOut id="235_D025" time="37020.00" state="stay" vehID="Car_21905" speed="9.20" length="5.00" type="DEFAULT_CAR"/>
    <instantOut id="235_D025" time="37020.25" state="stay" vehID="Car_21905" speed="8.45" length="5.00" type="DEFAULT_CAR"/>
    <instantOut id="235_D025" time="37020.27" state="leave" vehID="Car_21905" speed="7.70" length="5.00" type="DEFAULT_CAR" occupancy="0.56"/>
</instantE1>
