<?xml version="1.0" encoding="UTF-8"?>

<!-- generated on 2025-02-28 16:46:07 by Eclipse SUMO GUI Version 1.19.0
<configuration xmlns:xsi="http://www.w3.org/2001/XMLSchema-instance" xsi:noNamespaceSchemaLocation="http://sumo.dlr.de/xsd/sumoConfiguration.xsd">

    <input>
        <net-file value="Network.net.xml"/>
        <route-files value="CarRoutes.rou.xml"/>
        <additional-files value="Sensors.add.xml"/>
    </input>

    <output>
        <emission-output value="logs/Emissions.xml"/>
        <summary-output value="logs/Log_summary.xml"/>
        <summary-output.period value="300"/>
        <tripinfo-output value="logs/TripInfos.xml"/>
    </output>

    <time>
        <begin value="0"/>
        <end value="86400"/>
        <step-length value="0.25"/>
    </time>

    <processing>
        <ignore-junction-blocker value="0.1"/>
        <time-to-teleport value="-1"/>
    </processing>

    <report>
        <verbose value="true"/>
        <no-step-log value="true"/>
    </report>

    <emissions>
        <device.emissions.period value="10"/>
    </emissions>

    <traci_server>
        <remote-port value="57416"/>
    </traci_server>

    <gui_only>
        <quit-on-end value="true"/>
        <start value="true"/>
    </gui_only>

</configuration>
-->

<instantE1 xmlns:xsi="http://www.w3.org/2001/XMLSchema-instance" xsi:noNamespaceSchemaLocation="http://sumo.dlr.de/xsd/instant_e1_file.xsd">
    <instantOut id="235_D025" time="539.24" state="enter" vehID="Car_508" speed="9.00" length="5.00" type="DEFAULT_CAR"/>
    <instantOut id="235_D025" time="539.25" state="stay" vehID="Car_508" speed="9.00" length="5.00" type="DEFAULT_CAR"/>
    <instantOut id="235_D025" time="539.50" state="stay" vehID="Car_508" speed="8.25" length="5.00" type="DEFAULT_CAR"/>
    <instantOut id="235_D025" time="539.75" state="stay" vehID="Car_508" speed="7.50" length="5.00" type="DEFAULT_CAR"/>
    <instantOut id="235_D025" time="539.89" state="leave" vehID="Car_508" speed="6.75" length="5.00" type="DEFAULT_CAR" occupancy="0.65"/>
    <instantOut id="235_D025" time="1517.20" state="enter" vehID="Car_842" speed="9.66" length="5.00" type="DEFAULT_CAR" gap="977.32"/>
    <instantOut id="235_D025" time="1517.25" state="stay" vehID="Car_842" speed="9.66" length="5.00" type="DEFAULT_CAR"/>
    <instantOut id="235_D025" time="1517.50" state="stay" vehID="Car_842" speed="10.19" length="5.00" type="DEFAULT_CAR"/>
    <instantOut id="235_D025" time="1517.69" state="leave" vehID="Car_842" speed="10.66" length="5.00" type="DEFAULT_CAR" occupancy="0.48"/>
    <instantOut id="235_D025" time="1827.22" state="enter" vehID="Car_1050" speed="9.63" length="5.00" type="DEFAULT_CAR" gap="309.53"/>
    <instantOut id="235_D025" time="1827.25" state="stay" vehID="Car_1050" speed="9.63" length="5.00" type="DEFAULT_CAR"/>
    <instantOut id="235_D025" time="1827.50" state="stay" vehID="Car_1050" speed="8.93" length="5.00" type="DEFAULT_CAR"/>
    <instantOut id="235_D025" time="1827.75" state="stay" vehID="Car_1050" speed="8.57" length="5.00" type="DEFAULT_CAR"/>
    <instantOut id="235_D025" time="1827.79" state="leave" vehID="Car_1050" speed="7.82" length="5.00" type="DEFAULT_CAR" occupancy="0.57"/>
    <instantOut id="235_D025" time="2922.20" state="enter" vehID="Car_1864" speed="9.56" length="5.00" type="DEFAULT_CAR" gap="1094.42"/>
    <instantOut id="235_D025" time="2922.25" state="stay" vehID="Car_1864" speed="9.56" length="5.00" type="DEFAULT_CAR"/>
    <instantOut id="235_D025" time="2922.50" state="stay" vehID="Car_1864" speed="9.84" length="5.00" type="DEFAULT_CAR"/>
    <instantOut id="235_D025" time="2922.73" state="leave" vehID="Car_1864" speed="9.09" length="5.00" type="DEFAULT_CAR" occupancy="0.53"/>
    <instantOut id="235_D025" time="3166.22" state="enter" vehID="Car_1497" speed="9.60" length="5.00" type="DEFAULT_CAR" gap="243.49"/>
    <instantOut id="235_D025" time="3166.25" state="stay" vehID="Car_1497" speed="9.60" length="5.00" type="DEFAULT_CAR"/>
    <instantOut id="235_D025" time="3166.50" state="stay" vehID="Car_1497" speed="9.01" length="5.00" type="DEFAULT_CAR"/>
    <instantOut id="235_D025" time="3166.75" state="stay" vehID="Car_1497" speed="8.26" length="5.00" type="DEFAULT_CAR"/>
    <instantOut id="235_D025" time="3166.80" state="leave" vehID="Car_1497" speed="7.51" length="5.00" type="DEFAULT_CAR" occupancy="0.58"/>
    <instantOut id="235_D025" time="6937.71" state="enter" vehID="Car_3828" speed="10.08" length="5.00" type="DEFAULT_CAR" gap="3770.91"/>
    <instantOut id="235_D025" time="6937.75" state="stay" vehID="Car_3828" speed="10.08" length="5.00" type="DEFAULT_CAR"/>
    <instantOut id="235_D025" time="6938.00" state="stay" vehID="Car_3828" speed="9.71" length="5.00" type="DEFAULT_CAR"/>
    <instantOut id="235_D025" time="6938.24" state="leave" vehID="Car_3828" speed="9.01" length="5.00" type="DEFAULT_CAR" occupancy="0.53"/>
    <instantOut id="235_D025" time="7159.51" state="enter" vehID="Car_4202" speed="8.39" length="5.00" type="DEFAULT_CAR" gap="221.27"/>
    <instantOut id="235_D025" time="7159.75" state="stay" vehID="Car_4202" speed="8.39" length="5.00" type="DEFAULT_CAR"/>
    <instantOut id="235_D025" time="7160.00" state="stay" vehID="Car_4202" speed="7.64" length="5.00" type="DEFAULT_CAR"/>
    <instantOut id="235_D025" time="7160.15" state="leave" vehID="Car_4202" speed="6.89" length="5.00" type="DEFAULT_CAR" occupancy="0.65"/>
    <instantOut id="235_D025" time="8061.45" state="enter" vehID="Car_4568" speed="10.38" length="5.00" type="DEFAULT_CAR" gap="901.30"/>
    <instantOut id="235_D025" time="8061.50" state="stay" vehID="Car_4568" speed="10.38" length="5.00" type="DEFAULT_CAR"/>
    <instantOut id="235_D025" time="8061.75" state="stay" vehID="Car_4568" speed="10.77" length="5.00" type="DEFAULT_CAR"/>
    <instantOut id="235_D025" time="8061.93" state="leave" vehID="Car_4568" speed="10.04" length="5.00" type="DEFAULT_CAR" occupancy="0.48"/>
    <instantOut id="235_D025" time="8463.95" state="enter" vehID="Car_4555" speed="10.42" length="5.00" type="DEFAULT_CAR" gap="402.02"/>
    <instantOut id="235_D025" time="8464.00" state="stay" vehID="Car_4555" speed="10.42" length="5.00" type="DEFAULT_CAR"/>
    <instantOut id="235_D025" time="8464.25" state="stay" vehID="Car_4555" speed="9.92" length="5.00" type="DEFAULT_CAR"/>
    <instantOut id="235_D025" time="8464.46" state="leave" vehID="Car_4555" speed="9.32" length="5.00" type="DEFAULT_CAR" occupancy="0.51"/>
    <instantOut id="235_D025" time="9129.23" state="enter" vehID="Car_5095" speed="9.43" length="5.00" type="DEFAULT_CAR" gap="664.76"/>
    <instantOut id="235_D025" time="9129.25" state="stay" vehID="Car_5095" speed="9.43" length="5.00" type="DEFAULT_CAR"/>
    <instantOut id="235_D025" time="9129.50" state="stay" vehID="Car_5095" speed="9.44" length="5.00" type="DEFAULT_CAR"/>
    <instantOut id="235_D025" time="9129.75" state="stay" vehID="Car_5095" speed="8.69" length="5.00" type="DEFAULT_CAR"/>
    <instantOut id="235_D025" time="9129.78" state="leave" vehID="Car_5095" speed="8.14" length="5.00" type="DEFAULT_CAR" occupancy="0.55"/>
    <instantOut id="235_D025" time="11610.96" state="enter" vehID="Car_6498" speed="9.05" length="5.00" type="DEFAULT_CAR" gap="2481.18"/>
    <instantOut id="235_D025" time="11611.00" state="stay" vehID="Car_6498" speed="9.05" length="5.00" type="DEFAULT_CAR"/>
    <instantOut id="235_D025" time="11611.25" state="stay" vehID="Car_6498" speed="8.54" length="5.00" type="DEFAULT_CAR"/>
    <instantOut id="235_D025" time="11611.50" state="stay" vehID="Car_6498" speed="7.79" length="5.00" type="DEFAULT_CAR"/>
    <instantOut id="235_D025" time="11611.58" state="leave" vehID="Car_6498" speed="7.04" length="5.00" type="DEFAULT_CAR" occupancy="0.62"/>
    <instantOut id="235_D025" time="12090.43" state="enter" vehID="Car_6638" speed="7.65" length="5.00" type="DEFAULT_CAR" gap="478.86"/>
    <instantOut id="235_D025" time="12090.50" state="stay" vehID="Car_6638" speed="7.65" length="5.00" type="DEFAULT_CAR"/>
    <instantOut id="235_D025" time="12090.75" state="stay" vehID="Car_6638" speed="6.90" length="5.00" type="DEFAULT_CAR"/>
    <instantOut id="235_D025" time="12091.00" state="stay" vehID="Car_6638" speed="6.15" length="5.00" type="DEFAULT_CAR"/>
    <instantOut id="235_D025" time="12091.22" state="leave" vehID="Car_6638" speed="5.40" length="5.00" type="DEFAULT_CAR" occupancy="0.79"/>
    <instantOut id="235_D025" time="13452.78" state="enter" vehID="Car_7418" speed="7.73" length="5.00" type="DEFAULT_CAR" gap="1361.55"/>
    <instantOut id="235_D025" time="13453.00" state="stay" vehID="Car_7418" speed="7.73" length="5.00" type="DEFAULT_CAR"/>
    <instantOut id="235_D025" time="13453.25" state="stay" vehID="Car_7418" speed="6.98" length="5.00" type="DEFAULT_CAR"/>
    <instantOut id="235_D025" time="13453.50" state="leave" vehID="Car_7418" speed="6.23" length="5.00" type="DEFAULT_CAR" occupancy="0.72"/>
    <instantOut id="235_D025" time="13848.99" state="enter" vehID="Car_7528" speed="8.99" length="5.00" type="DEFAULT_CAR" gap="395.50"/>
    <instantOut id="235_D025" time="13849.00" state="stay" vehID="Car_7528" speed="8.99" length="5.00" type="DEFAULT_CAR"/>
    <instantOut id="235_D025" time="13849.25" state="stay" vehID="Car_7528" speed="8.24" length="5.00" type="DEFAULT_CAR"/>
    <instantOut id="235_D025" time="13849.50" state="stay" vehID="Car_7528" speed="7.49" length="5.00" type="DEFAULT_CAR"/>
    <instantOut id="235_D025" time="13849.65" state="leave" vehID="Car_7528" speed="6.86" length="5.00" type="DEFAULT_CAR" occupancy="0.65"/>
    <instantOut id="235_D025" time="14547.76" state="enter" vehID="Car_8227" speed="9.83" length="5.00" type="DEFAULT_CAR" gap="698.11"/>
    <instantOut id="235_D025" time="14548.00" state="stay" vehID="Car_8227" speed="9.83" length="5.00" type="DEFAULT_CAR"/>
    <instantOut id="235_D025" time="14548.25" state="stay" vehID="Car_8227" speed="9.31" length="5.00" type="DEFAULT_CAR"/>
    <instantOut id="235_D025" time="14548.28" state="leave" vehID="Car_8227" speed="8.56" length="5.00" type="DEFAULT_CAR" occupancy="0.53"/>
    <instantOut id="235_D025" time="15136.80" state="enter" vehID="Car_7982" speed="7.23" length="5.00" type="DEFAULT_CAR" gap="588.52"/>
    <instantOut id="235_D025" time="15137.00" state="stay" vehID="Car_7982" speed="7.23" length="5.00" type="DEFAULT_CAR"/>
    <instantOut id="235_D025" time="15137.25" state="stay" vehID="Car_7982" speed="6.48" length="5.00" type="DEFAULT_CAR"/>
    <instantOut id="235_D025" time="15137.50" state="stay" vehID="Car_7982" speed="5.73" length="5.00" type="DEFAULT_CAR"/>
    <instantOut id="235_D025" time="15137.60" state="leave" vehID="Car_7982" speed="4.98" length="5.00" type="DEFAULT_CAR" occupancy="0.80"/>
    <instantOut id="235_D025" time="17253.75" state="enter" vehID="Car_9548" speed="8.79" length="5.00" type="DEFAULT_CAR" gap="2116.15"/>
    <instantOut id="235_D025" time="17253.75" state="stay" vehID="Car_9548" speed="8.79" length="5.00" type="DEFAULT_CAR"/>
    <instantOut id="235_D025" time="17254.00" state="stay" vehID="Car_9548" speed="8.17" length="5.00" type="DEFAULT_CAR"/>
    <instantOut id="235_D025" time="17254.25" state="stay" vehID="Car_9548" speed="7.42" length="5.00" type="DEFAULT_CAR"/>
    <instantOut id="235_D025" time="17254.41" state="leave" vehID="Car_9548" speed="6.67" length="5.00" type="DEFAULT_CAR" occupancy="0.66"/>
    <instantOut id="235_D025" time="22469.19" state="enter" vehID="Car_13325" speed="9.77" length="5.00" type="DEFAULT_CAR" gap="5214.78"/>
    <instantOut id="235_D025" time="22469.25" state="stay" vehID="Car_13325" speed="9.77" length="5.00" type="DEFAULT_CAR"/>
    <instantOut id="235_D025" time="22469.50" state="stay" vehID="Car_13325" speed="9.56" length="5.00" type="DEFAULT_CAR"/>
    <instantOut id="235_D025" time="22469.73" state="leave" vehID="Car_13325" speed="8.81" length="5.00" type="DEFAULT_CAR" occupancy="0.54"/>
    <instantOut id="235_D025" time="26014.71" state="enter" vehID="Car_15604" speed="9.99" length="5.00" type="DEFAULT_CAR" gap="3544.98"/>
    <instantOut id="235_D025" time="26014.75" state="stay" vehID="Car_15604" speed="9.99" length="5.00" type="DEFAULT_CAR"/>
    <instantOut id="235_D025" time="26015.00" state="stay" vehID="Car_15604" speed="9.52" length="5.00" type="DEFAULT_CAR"/>
    <instantOut id="235_D025" time="26015.25" state="stay" vehID="Car_15604" speed="8.77" length="5.00" type="DEFAULT_CAR"/>
    <instantOut id="235_D025" time="26015.25" state="leave" vehID="Car_15604" speed="8.02" length="5.00" type="DEFAULT_CAR" occupancy="0.54"/>
    <instantOut id="235_D025" time="26367.75" state="enter" vehID="Car_15508" speed="8.13" length="5.00" type="DEFAULT_CAR" gap="352.50"/>
    <instantOut id="235_D025" time="26368.00" state="stay" vehID="Car_15508" speed="8.13" length="5.00" type="DEFAULT_CAR"/>
    <instantOut id="235_D025" time="26368.25" state="stay" vehID="Car_15508" speed="7.51" length="5.00" type="DEFAULT_CAR"/>
    <instantOut id="235_D025" time="26368.40" state="leave" vehID="Car_15508" speed="7.27" length="5.00" type="DEFAULT_CAR" occupancy="0.65"/>
    <instantOut id="235_D025" time="26468.74" state="enter" vehID="Car_15593" speed="8.84" length="5.00" type="DEFAULT_CAR" gap="100.34"/>
    <instantOut id="235_D025" time="26468.75" state="stay" vehID="Car_15593" speed="8.84" length="5.00" type="DEFAULT_CAR"/>
    <instantOut id="235_D025" time="26469.00" state="stay" vehID="Car_15593" speed="8.09" length="5.00" type="DEFAULT_CAR"/>
    <instantOut id="235_D025" time="26469.25" state="stay" vehID="Car_15593" speed="7.34" length="5.00" type="DEFAULT_CAR"/>
    <instantOut id="235_D025" time="26469.40" state="leave" vehID="Car_15593" speed="6.93" length="5.00" type="DEFAULT_CAR" occupancy="0.66"/>
    <instantOut id="235_D025" time="27012.26" state="enter" vehID="Car_16308" speed="8.28" length="5.00" type="DEFAULT_CAR" gap="542.86"/>
    <instantOut id="235_D025" time="27012.50" state="stay" vehID="Car_16308" speed="8.28" length="5.00" type="DEFAULT_CAR"/>
    <instantOut id="235_D025" time="27012.75" state="stay" vehID="Car_16308" speed="7.71" length="5.00" type="DEFAULT_CAR"/>
    <instantOut id="235_D025" time="27012.90" state="leave" vehID="Car_16308" speed="7.09" length="5.00" type="DEFAULT_CAR" occupancy="0.64"/>
    <instantOut id="235_D025" time="27332.99" state="enter" vehID="Car_16037" speed="10.19" length="5.00" type="DEFAULT_CAR" gap="320.09"/>
    <instantOut id="235_D025" time="27333.00" state="stay" vehID="Car_16037" speed="10.19" length="5.00" type="DEFAULT_CAR"/>
    <instantOut id="235_D025" time="27333.25" state="stay" vehID="Car_16037" speed="9.73" length="5.00" type="DEFAULT_CAR"/>
    <instantOut id="235_D025" time="27333.50" state="stay" vehID="Car_16037" speed="9.24" length="5.00" type="DEFAULT_CAR"/>
    <instantOut id="235_D025" time="27333.52" state="leave" vehID="Car_16037" speed="8.49" length="5.00" type="DEFAULT_CAR" occupancy="0.53"/>
    <instantOut id="235_D025" time="28011.46" state="enter" vehID="Car_16432" speed="8.69" length="5.00" type="DEFAULT_CAR" gap="677.94"/>
    <instantOut id="235_D025" time="28011.50" state="stay" vehID="Car_16432" speed="8.69" length="5.00" type="DEFAULT_CAR"/>
    <instantOut id="235_D025" time="28011.75" state="stay" vehID="Car_16432" speed="7.97" length="5.00" type="DEFAULT_CAR"/>
    <instantOut id="235_D025" time="28012.00" state="stay" vehID="Car_16432" speed="7.22" length="5.00" type="DEFAULT_CAR"/>
    <instantOut id="235_D025" time="28012.13" state="leave" vehID="Car_16432" speed="6.47" length="5.00" type="DEFAULT_CAR" occupancy="0.67"/>
    <instantOut id="235_D025" time="28546.05" state="enter" vehID="Car_16681" speed="6.22" length="5.00" type="DEFAULT_CAR" gap="533.92"/>
    <instantOut id="235_D025" time="28546.25" state="stay" vehID="Car_16681" speed="6.22" length="5.00" type="DEFAULT_CAR"/>
    <instantOut id="235_D025" time="28546.50" state="stay" vehID="Car_16681" speed="5.47" length="5.00" type="DEFAULT_CAR"/>
    <instantOut id="235_D025" time="28546.75" state="stay" vehID="Car_16681" speed="4.92" length="5.00" type="DEFAULT_CAR"/>
    <instantOut id="235_D025" time="28547.00" state="stay" vehID="Car_16681" speed="4.20" length="5.00" type="DEFAULT_CAR"/>
    <instantOut id="235_D025" time="28547.03" state="leave" vehID="Car_16681" speed="3.45" length="5.00" type="DEFAULT_CAR" occupancy="0.98"/>
    <instantOut id="235_D025" time="28562.98" state="enter" vehID="Car_16498" speed="9.41" length="5.00" type="DEFAULT_CAR" gap="15.95"/>
    <instantOut id="235_D025" time="28563.00" state="stay" vehID="Car_16498" speed="9.41" length="5.00" type="DEFAULT_CAR"/>
    <instantOut id="235_D025" time="28563.25" state="stay" vehID="Car_16498" speed="9.06" length="5.00" type="DEFAULT_CAR"/>
    <instantOut id="235_D025" time="28563.50" state="stay" vehID="Car_16498" speed="8.38" length="5.00" type="DEFAULT_CAR"/>
    <instantOut id="235_D025" time="28563.56" state="leave" vehID="Car_16498" speed="7.92" length="5.00" type="DEFAULT_CAR" occupancy="0.58"/>
    <instantOut id="235_D025" time="30170.47" state="enter" vehID="Car_17933" speed="9.80" length="5.00" type="DEFAULT_CAR" gap="1606.91"/>
    <instantOut id="235_D025" time="30170.50" state="stay" vehID="Car_17933" speed="9.80" length="5.00" type="DEFAULT_CAR"/>
    <instantOut id="235_D025" time="30170.75" state="stay" vehID="Car_17933" speed="9.05" length="5.00" type="DEFAULT_CAR"/>
    <instantOut id="235_D025" time="30171.00" state="stay" vehID="Car_17933" speed="8.57" length="5.00" type="DEFAULT_CAR"/>
    <instantOut id="235_D025" time="30171.04" state="leave" vehID="Car_17933" speed="7.82" length="5.00" type="DEFAULT_CAR" occupancy="0.57"/>
    <instantOut id="235_D025" time="30925.48" state="enter" vehID="Car_18299" speed="9.65" length="5.00" type="DEFAULT_CAR" gap="754.44"/>
    <instantOut id="235_D025" time="30925.50" state="stay" vehID="Car_18299" speed="9.65" length="5.00" type="DEFAULT_CAR"/>
    <instantOut id="235_D025" time="30925.75" state="stay" vehID="Car_18299" speed="10.57" length="5.00" type="DEFAULT_CAR"/>
    <instantOut id="235_D025" time="30925.94" state="leave" vehID="Car_18299" speed="11.16" length="5.00" type="DEFAULT_CAR" occupancy="0.46"/>
    <instantOut id="235_D025" time="31151.04" state="enter" vehID="Car_18538" speed="7.21" length="5.00" type="DEFAULT_CAR" gap="225.10"/>
    <instantOut id="235_D025" time="31151.25" state="stay" vehID="Car_18538" speed="7.21" length="5.00" type="DEFAULT_CAR"/>
    <instantOut id="235_D025" time="31151.50" state="stay" vehID="Car_18538" speed="7.00" length="5.00" type="DEFAULT_CAR"/>
    <instantOut id="235_D025" time="31151.75" state="stay" vehID="Car_18538" speed="6.27" length="5.00" type="DEFAULT_CAR"/>
    <instantOut id="235_D025" time="31151.78" state="leave" vehID="Car_18538" speed="5.53" length="5.00" type="DEFAULT_CAR" occupancy="0.74"/>
    <instantOut id="235_D025" time="31227.74" state="enter" vehID="Car_18390" speed="9.01" length="5.00" type="DEFAULT_CAR" gap="75.95"/>
    <instantOut id="235_D025" time="31227.75" state="stay" vehID="Car_18390" speed="9.01" length="5.00" type="DEFAULT_CAR"/>
    <instantOut id="235_D025" time="31228.00" state="stay" vehID="Car_18390" speed="8.30" length="5.00" type="DEFAULT_CAR"/>
    <instantOut id="235_D025" time="31228.25" state="stay" vehID="Car_18390" speed="7.55" length="5.00" type="DEFAULT_CAR"/>
    <instantOut id="235_D025" time="31228.38" state="leave" vehID="Car_18390" speed="6.80" length="5.00" type="DEFAULT_CAR" occupancy="0.65"/>
    <instantOut id="235_D025" time="31496.19" state="enter" vehID="Car_18946" speed="10.10" length="5.00" type="DEFAULT_CAR" gap="267.81"/>
    <instantOut id="235_D025" time="31496.25" state="stay" vehID="Car_18946" speed="10.10" length="5.00" type="DEFAULT_CAR"/>
    <instantOut id="235_D025" time="31496.50" state="stay" vehID="Car_18946" speed="9.35" length="5.00" type="DEFAULT_CAR"/>
    <instantOut id="235_D025" time="31496.74" state="leave" vehID="Car_18946" speed="8.60" length="5.00" type="DEFAULT_CAR" occupancy="0.55"/>
    <instantOut id="235_D025" time="32363.21" state="enter" vehID="Car_19491" speed="9.34" length="5.00" type="DEFAULT_CAR" gap="866.47"/>
    <instantOut id="235_D025" time="32363.25" state="stay" vehID="Car_19491" speed="9.34" length="5.00" type="DEFAULT_CAR"/>
    <instantOut id="235_D025" time="32363.50" state="stay" vehID="Car_19491" speed="8.63" length="5.00" type="DEFAULT_CAR"/>
    <instantOut id="235_D025" time="32363.75" state="stay" vehID="Car_19491" speed="8.06" length="5.00" type="DEFAULT_CAR"/>
    <instantOut id="235_D025" time="32363.81" state="leave" vehID="Car_19491" speed="7.45" length="5.00" type="DEFAULT_CAR" occupancy="0.60"/>
    <instantOut id="235_D025" time="32946.54" state="enter" vehID="Car_19362" speed="7.73" length="5.00" type="DEFAULT_CAR" gap="582.73"/>
    <instantOut id="235_D025" time="32946.75" state="stay" vehID="Car_19362" speed="7.73" length="5.00" type="DEFAULT_CAR"/>
    <instantOut id="235_D025" time="32947.00" state="stay" vehID="Car_19362" speed="6.98" length="5.00" type="DEFAULT_CAR"/>
    <instantOut id="235_D025" time="32947.25" state="stay" vehID="Car_19362" speed="6.37" length="5.00" type="DEFAULT_CAR"/>
    <instantOut id="235_D025" time="32947.26" state="leave" vehID="Car_19362" speed="5.62" length="5.00" type="DEFAULT_CAR" occupancy="0.72"/>
    <instantOut id="235_D025" time="33265.69" state="enter" vehID="Car_19401" speed="6.61" length="5.00" type="DEFAULT_CAR" gap="318.42"/>
    <instantOut id="235_D025" time="33265.75" state="stay" vehID="Car_19401" speed="6.61" length="5.00" type="DEFAULT_CAR"/>
    <instantOut id="235_D025" time="33266.00" state="stay" vehID="Car_19401" speed="6.41" length="5.00" type="DEFAULT_CAR"/>
    <instantOut id="235_D025" time="33266.25" state="stay" vehID="Car_19401" speed="5.66" length="5.00" type="DEFAULT_CAR"/>
    <instantOut id="235_D025" time="33266.50" state="stay" vehID="Car_19401" speed="4.91" length="5.00" type="DEFAULT_CAR"/>
    <instantOut id="235_D025" time="33266.58" state="leave" vehID="Car_19401" speed="4.26" length="5.00" type="DEFAULT_CAR" occupancy="0.89"/>
    <instantOut id="235_D025" time="33906.28" state="enter" vehID="Car_20167" speed="7.40" length="5.00" type="DEFAULT_CAR" gap="639.70"/>
    <instantOut id="235_D025" time="33906.50" state="stay" vehID="Car_20167" speed="7.40" length="5.00" type="DEFAULT_CAR"/>
    <instantOut id="235_D025" time="33906.75" state="stay" vehID="Car_20167" speed="6.65" length="5.00" type="DEFAULT_CAR"/>
    <instantOut id="235_D025" time="33907.00" state="stay" vehID="Car_20167" speed="5.90" length="5.00" type="DEFAULT_CAR"/>
    <instantOut id="235_D025" time="33907.04" state="leave" vehID="Car_20167" speed="5.15" length="5.00" type="DEFAULT_CAR" occupancy="0.77"/>
    <instantOut id="235_D025" time="33965.02" state="enter" vehID="Car_20170" speed="7.12" length="5.00" type="DEFAULT_CAR" gap="57.98"/>
    <instantOut id="235_D025" time="33965.25" state="stay" vehID="Car_20170" speed="7.12" length="5.00" type="DEFAULT_CAR"/>
    <instantOut id="235_D025" time="33965.50" state="stay" vehID="Car_20170" speed="6.37" length="5.00" type="DEFAULT_CAR"/>
    <instantOut id="235_D025" time="33965.75" state="stay" vehID="Car_20170" speed="5.62" length="5.00" type="DEFAULT_CAR"/>
    <instantOut id="235_D025" time="33965.83" state="leave" vehID="Car_20170" speed="4.87" length="5.00" type="DEFAULT_CAR" occupancy="0.81"/>
    <instantOut id="235_D025" time="35573.71" state="enter" vehID="Car_21248" speed="8.85" length="5.00" type="DEFAULT_CAR" gap="1607.88"/>
    <instantOut id="235_D025" time="35573.75" state="stay" vehID="Car_21248" speed="8.85" length="5.00" type="DEFAULT_CAR"/>
    <instantOut id="235_D025" time="35574.00" state="stay" vehID="Car_21248" speed="8.10" length="5.00" type="DEFAULT_CAR"/>
    <instantOut id="235_D025" time="35574.25" state="stay" vehID="Car_21248" speed="7.35" length="5.00" type="DEFAULT_CAR"/>
    <instantOut id="235_D025" time="35574.36" state="leave" vehID="Car_21248" speed="6.60" length="5.00" type="DEFAULT_CAR" occupancy="0.66"/>
    <instantOut id="235_D025" time="36203.31" state="enter" vehID="Car_21727" speed="7.31" length="5.00" type="DEFAULT_CAR" gap="628.94"/>
    <instantOut id="235_D025" time="36203.50" state="stay" vehID="Car_21727" speed="7.31" length="5.00" type="DEFAULT_CAR"/>
    <instantOut id="235_D025" time="36203.75" state="stay" vehID="Car_21727" speed="6.56" length="5.00" type="DEFAULT_CAR"/>
    <instantOut id="235_D025" time="36204.00" state="stay" vehID="Car_21727" speed="5.81" length="5.00" type="DEFAULT_CAR"/>
    <instantOut id="235_D025" time="36204.10" state="leave" vehID="Car_21727" speed="5.17" length="5.00" type="DEFAULT_CAR" occupancy="0.79"/>
    <instantOut id="235_D025" time="44577.00" state="enter" vehID="Car_24475" speed="7.81" length="5.00" type="DEFAULT_CAR" gap="8372.91"/>
    <instantOut id="235_D025" time="44577.25" state="stay" vehID="Car_24475" speed="7.81" length="5.00" type="DEFAULT_CAR"/>
    <instantOut id="235_D025" time="44577.50" state="stay" vehID="Car_24475" speed="7.20" length="5.00" type="DEFAULT_CAR"/>
    <instantOut id="235_D025" time="44577.70" state="leave" vehID="Car_24475" speed="6.45" length="5.00" type="DEFAULT_CAR" occupancy="0.69"/>
    <instantOut id="235_D025" time="45385.23" state="enter" vehID="Car_24665" speed="9.76" length="5.00" type="DEFAULT_CAR" gap="807.53"/>
    <instantOut id="235_D025" time="45385.25" state="stay" vehID="Car_24665" speed="9.76" length="5.00" type="DEFAULT_CAR"/>
    <instantOut id="235_D025" time="45385.50" state="stay" vehID="Car_24665" speed="9.04" length="5.00" type="DEFAULT_CAR"/>
    <instantOut id="235_D025" time="45385.75" state="stay" vehID="Car_24665" speed="8.45" length="5.00" type="DEFAULT_CAR"/>
    <instantOut id="235_D025" time="45385.80" state="leave" vehID="Car_24665" speed="7.70" length="5.00" type="DEFAULT_CAR" occupancy="0.58"/>
</instantE1>
