<?xml version="1.0" encoding="UTF-8"?>

<!-- generated on 2025-02-28 17:59:12 by Eclipse SUMO GUI Version 1.19.0
<configuration xmlns:xsi="http://www.w3.org/2001/XMLSchema-instance" xsi:noNamespaceSchemaLocation="http://sumo.dlr.de/xsd/sumoConfiguration.xsd">

    <input>
        <net-file value="Network.net.xml"/>
        <route-files value="CarRoutes.rou.xml"/>
        <additional-files value="Sensors.add.xml"/>
    </input>

    <output>
        <emission-output value="logs/Emissions.xml"/>
        <summary-output value="logs/Log_summary.xml"/>
        <summary-output.period value="300"/>
        <tripinfo-output value="logs/TripInfos.xml"/>
    </output>

    <time>
        <begin value="0"/>
        <end value="86400"/>
        <step-length value="0.25"/>
    </time>

    <processing>
        <ignore-junction-blocker value="0.1"/>
        <time-to-teleport value="-1"/>
    </processing>

    <report>
        <verbose value="true"/>
        <no-step-log value="true"/>
    </report>

    <emissions>
        <device.emissions.period value="10"/>
    </emissions>

    <traci_server>
        <remote-port value="58065"/>
    </traci_server>

    <gui_only>
        <quit-on-end value="true"/>
        <start value="true"/>
    </gui_only>

</configuration>
-->

<instantE1 xmlns:xsi="http://www.w3.org/2001/XMLSchema-instance" xsi:noNamespaceSchemaLocation="http://sumo.dlr.de/xsd/instant_e1_file.xsd">
    <instantOut id="212_D1" time="3141.78" state="enter" vehID="Car_1530" speed="5.85" length="5.00" type="DEFAULT_CAR"/>
    <instantOut id="212_D1" time="3142.00" state="stay" vehID="Car_1530" speed="5.85" length="5.00" type="DEFAULT_CAR"/>
    <instantOut id="212_D1" time="3142.25" state="stay" vehID="Car_1530" speed="6.07" length="5.00" type="DEFAULT_CAR"/>
    <instantOut id="212_D1" time="3142.50" state="stay" vehID="Car_1530" speed="5.32" length="5.00" type="DEFAULT_CAR"/>
    <instantOut id="212_D1" time="3142.67" state="leave" vehID="Car_1530" speed="5.07" length="5.00" type="DEFAULT_CAR" occupancy="0.89"/>
    <instantOut id="212_D1" time="5044.86" state="enter" vehID="Car_2884" speed="4.78" length="5.00" type="DEFAULT_CAR" gap="1902.20"/>
    <instantOut id="212_D1" time="5045.00" state="stay" vehID="Car_2884" speed="4.78" length="5.00" type="DEFAULT_CAR"/>
    <instantOut id="212_D1" time="5045.25" state="stay" vehID="Car_2884" speed="4.03" length="5.00" type="DEFAULT_CAR"/>
    <instantOut id="212_D1" time="5045.50" state="stay" vehID="Car_2884" speed="3.28" length="5.00" type="DEFAULT_CAR"/>
    <instantOut id="212_D1" time="5045.75" state="stay" vehID="Car_2884" speed="2.60" length="5.00" type="DEFAULT_CAR"/>
    <instantOut id="212_D1" time="5046.00" state="stay" vehID="Car_2884" speed="1.85" length="5.00" type="DEFAULT_CAR"/>
    <instantOut id="212_D1" time="5046.25" state="stay" vehID="Car_2884" speed="1.10" length="5.00" type="DEFAULT_CAR"/>
    <instantOut id="212_D1" time="5046.50" state="stay" vehID="Car_2884" speed="0.48" length="5.00" type="DEFAULT_CAR"/>
    <instantOut id="212_D1" time="5046.75" state="stay" vehID="Car_2884" speed="0.01" length="5.00" type="DEFAULT_CAR"/>
    <instantOut id="212_D1" time="5047.00" state="stay" vehID="Car_2884" speed="0.00" length="5.00" type="DEFAULT_CAR"/>
    <instantOut id="212_D1" time="5047.25" state="stay" vehID="Car_2884" speed="0.00" length="5.00" type="DEFAULT_CAR"/>
    <instantOut id="212_D1" time="5047.50" state="stay" vehID="Car_2884" speed="0.00" length="5.00" type="DEFAULT_CAR"/>
    <instantOut id="212_D1" time="5047.75" state="stay" vehID="Car_2884" speed="0.00" length="5.00" type="DEFAULT_CAR"/>
    <instantOut id="212_D1" time="5048.00" state="stay" vehID="Car_2884" speed="0.00" length="5.00" type="DEFAULT_CAR"/>
    <instantOut id="212_D1" time="5048.25" state="stay" vehID="Car_2884" speed="0.00" length="5.00" type="DEFAULT_CAR"/>
    <instantOut id="212_D1" time="5048.50" state="stay" vehID="Car_2884" speed="0.00" length="5.00" type="DEFAULT_CAR"/>
    <instantOut id="212_D1" time="5048.75" state="stay" vehID="Car_2884" speed="0.00" length="5.00" type="DEFAULT_CAR"/>
    <instantOut id="212_D1" time="5049.00" state="stay" vehID="Car_2884" speed="0.00" length="5.00" type="DEFAULT_CAR"/>
    <instantOut id="212_D1" time="5049.25" state="stay" vehID="Car_2884" speed="0.00" length="5.00" type="DEFAULT_CAR"/>
    <instantOut id="212_D1" time="5049.50" state="stay" vehID="Car_2884" speed="0.00" length="5.00" type="DEFAULT_CAR"/>
    <instantOut id="212_D1" time="5049.75" state="stay" vehID="Car_2884" speed="0.86" length="5.00" type="DEFAULT_CAR"/>
    <instantOut id="212_D1" time="5050.00" state="stay" vehID="Car_2884" speed="1.71" length="5.00" type="DEFAULT_CAR"/>
    <instantOut id="212_D1" time="5050.14" state="leave" vehID="Car_2884" speed="2.48" length="5.00" type="DEFAULT_CAR" occupancy="5.28"/>
    <instantOut id="212_D1" time="6204.85" state="enter" vehID="Car_3368" speed="4.36" length="5.00" type="DEFAULT_CAR" gap="1154.70"/>
    <instantOut id="212_D1" time="6205.00" state="stay" vehID="Car_3368" speed="4.36" length="5.00" type="DEFAULT_CAR"/>
    <instantOut id="212_D1" time="6205.25" state="stay" vehID="Car_3368" speed="5.31" length="5.00" type="DEFAULT_CAR"/>
    <instantOut id="212_D1" time="6205.50" state="stay" vehID="Car_3368" speed="6.26" length="5.00" type="DEFAULT_CAR"/>
    <instantOut id="212_D1" time="6205.71" state="leave" vehID="Car_3368" speed="6.99" length="5.00" type="DEFAULT_CAR" occupancy="0.86"/>
    <instantOut id="212_D1" time="7981.82" state="enter" vehID="Car_4516" speed="5.92" length="5.00" type="DEFAULT_CAR" gap="1776.11"/>
    <instantOut id="212_D1" time="7982.00" state="stay" vehID="Car_4516" speed="5.92" length="5.00" type="DEFAULT_CAR"/>
    <instantOut id="212_D1" time="7982.25" state="stay" vehID="Car_4516" speed="6.87" length="5.00" type="DEFAULT_CAR"/>
    <instantOut id="212_D1" time="7982.50" state="stay" vehID="Car_4516" speed="6.51" length="5.00" type="DEFAULT_CAR"/>
    <instantOut id="212_D1" time="7982.58" state="leave" vehID="Car_4516" speed="6.84" length="5.00" type="DEFAULT_CAR" occupancy="0.77"/>
    <instantOut id="212_D1" time="13467.91" state="enter" vehID="Car_7932" speed="4.94" length="5.00" type="DEFAULT_CAR" gap="5485.32"/>
    <instantOut id="212_D1" time="13468.00" state="stay" vehID="Car_7932" speed="4.94" length="5.00" type="DEFAULT_CAR"/>
    <instantOut id="212_D1" time="13468.25" state="stay" vehID="Car_7932" speed="5.89" length="5.00" type="DEFAULT_CAR"/>
    <instantOut id="212_D1" time="13468.50" state="stay" vehID="Car_7932" speed="6.84" length="5.00" type="DEFAULT_CAR"/>
    <instantOut id="212_D1" time="13468.72" state="leave" vehID="Car_7932" speed="6.09" length="5.00" type="DEFAULT_CAR" occupancy="0.82"/>
    <instantOut id="212_D1" time="15783.84" state="enter" vehID="Car_8732" speed="4.75" length="5.00" type="DEFAULT_CAR" gap="2315.12"/>
    <instantOut id="212_D1" time="15784.00" state="stay" vehID="Car_8732" speed="4.75" length="5.00" type="DEFAULT_CAR"/>
    <instantOut id="212_D1" time="15784.25" state="stay" vehID="Car_8732" speed="5.70" length="5.00" type="DEFAULT_CAR"/>
    <instantOut id="212_D1" time="15784.50" state="stay" vehID="Car_8732" speed="5.93" length="5.00" type="DEFAULT_CAR"/>
    <instantOut id="212_D1" time="15784.75" state="stay" vehID="Car_8732" speed="5.18" length="5.00" type="DEFAULT_CAR"/>
    <instantOut id="212_D1" time="15784.76" state="leave" vehID="Car_8732" speed="4.92" length="5.00" type="DEFAULT_CAR" occupancy="0.92"/>
    <instantOut id="212_D1" time="16118.84" state="enter" vehID="Car_8998" speed="4.69" length="5.00" type="DEFAULT_CAR" gap="334.08"/>
    <instantOut id="212_D1" time="16119.00" state="stay" vehID="Car_8998" speed="4.69" length="5.00" type="DEFAULT_CAR"/>
    <instantOut id="212_D1" time="16119.25" state="stay" vehID="Car_8998" speed="5.64" length="5.00" type="DEFAULT_CAR"/>
    <instantOut id="212_D1" time="16119.50" state="stay" vehID="Car_8998" speed="6.59" length="5.00" type="DEFAULT_CAR"/>
    <instantOut id="212_D1" time="16119.69" state="leave" vehID="Car_8998" speed="6.26" length="5.00" type="DEFAULT_CAR" occupancy="0.85"/>
    <instantOut id="212_D1" time="16924.87" state="enter" vehID="Car_9606" speed="4.69" length="5.00" type="DEFAULT_CAR" gap="805.18"/>
    <instantOut id="212_D1" time="16925.00" state="stay" vehID="Car_9606" speed="4.69" length="5.00" type="DEFAULT_CAR"/>
    <instantOut id="212_D1" time="16925.25" state="stay" vehID="Car_9606" speed="5.43" length="5.00" type="DEFAULT_CAR"/>
    <instantOut id="212_D1" time="16925.50" state="stay" vehID="Car_9606" speed="4.68" length="5.00" type="DEFAULT_CAR"/>
    <instantOut id="212_D1" time="16925.75" state="stay" vehID="Car_9606" speed="3.93" length="5.00" type="DEFAULT_CAR"/>
    <instantOut id="212_D1" time="16926.00" state="leave" vehID="Car_9606" speed="3.66" length="5.00" type="DEFAULT_CAR" occupancy="1.12"/>
    <instantOut id="212_D1" time="17655.80" state="enter" vehID="Car_9605" speed="4.35" length="5.00" type="DEFAULT_CAR" gap="729.80"/>
    <instantOut id="212_D1" time="17656.00" state="stay" vehID="Car_9605" speed="4.35" length="5.00" type="DEFAULT_CAR"/>
    <instantOut id="212_D1" time="17656.25" state="stay" vehID="Car_9605" speed="3.85" length="5.00" type="DEFAULT_CAR"/>
    <instantOut id="212_D1" time="17656.50" state="stay" vehID="Car_9605" speed="3.10" length="5.00" type="DEFAULT_CAR"/>
    <instantOut id="212_D1" time="17656.75" state="stay" vehID="Car_9605" speed="2.35" length="5.00" type="DEFAULT_CAR"/>
    <instantOut id="212_D1" time="17657.00" state="stay" vehID="Car_9605" speed="1.60" length="5.00" type="DEFAULT_CAR"/>
    <instantOut id="212_D1" time="17657.25" state="stay" vehID="Car_9605" speed="1.08" length="5.00" type="DEFAULT_CAR"/>
    <instantOut id="212_D1" time="17657.50" state="stay" vehID="Car_9605" speed="0.45" length="5.00" type="DEFAULT_CAR"/>
    <instantOut id="212_D1" time="17657.75" state="stay" vehID="Car_9605" speed="0.02" length="5.00" type="DEFAULT_CAR"/>
    <instantOut id="212_D1" time="17658.00" state="stay" vehID="Car_9605" speed="0.00" length="5.00" type="DEFAULT_CAR"/>
    <instantOut id="212_D1" time="17658.25" state="stay" vehID="Car_9605" speed="0.00" length="5.00" type="DEFAULT_CAR"/>
    <instantOut id="212_D1" time="17658.50" state="stay" vehID="Car_9605" speed="0.00" length="5.00" type="DEFAULT_CAR"/>
    <instantOut id="212_D1" time="17658.75" state="stay" vehID="Car_9605" speed="0.00" length="5.00" type="DEFAULT_CAR"/>
    <instantOut id="212_D1" time="17659.00" state="stay" vehID="Car_9605" speed="0.00" length="5.00" type="DEFAULT_CAR"/>
    <instantOut id="212_D1" time="17659.25" state="stay" vehID="Car_9605" speed="0.00" length="5.00" type="DEFAULT_CAR"/>
    <instantOut id="212_D1" time="17659.50" state="stay" vehID="Car_9605" speed="0.00" length="5.00" type="DEFAULT_CAR"/>
    <instantOut id="212_D1" time="17659.75" state="stay" vehID="Car_9605" speed="0.00" length="5.00" type="DEFAULT_CAR"/>
    <instantOut id="212_D1" time="17660.00" state="stay" vehID="Car_9605" speed="0.00" length="5.00" type="DEFAULT_CAR"/>
    <instantOut id="212_D1" time="17660.25" state="stay" vehID="Car_9605" speed="0.00" length="5.00" type="DEFAULT_CAR"/>
    <instantOut id="212_D1" time="17660.50" state="stay" vehID="Car_9605" speed="0.00" length="5.00" type="DEFAULT_CAR"/>
    <instantOut id="212_D1" time="17660.75" state="stay" vehID="Car_9605" speed="0.00" length="5.00" type="DEFAULT_CAR"/>
    <instantOut id="212_D1" time="17661.00" state="stay" vehID="Car_9605" speed="0.00" length="5.00" type="DEFAULT_CAR"/>
    <instantOut id="212_D1" time="17661.25" state="stay" vehID="Car_9605" speed="0.00" length="5.00" type="DEFAULT_CAR"/>
    <instantOut id="212_D1" time="17661.50" state="stay" vehID="Car_9605" speed="0.00" length="5.00" type="DEFAULT_CAR"/>
    <instantOut id="212_D1" time="17661.75" state="stay" vehID="Car_9605" speed="0.00" length="5.00" type="DEFAULT_CAR"/>
    <instantOut id="212_D1" time="17662.00" state="stay" vehID="Car_9605" speed="0.00" length="5.00" type="DEFAULT_CAR"/>
    <instantOut id="212_D1" time="17662.25" state="stay" vehID="Car_9605" speed="0.00" length="5.00" type="DEFAULT_CAR"/>
    <instantOut id="212_D1" time="17662.50" state="stay" vehID="Car_9605" speed="0.00" length="5.00" type="DEFAULT_CAR"/>
    <instantOut id="212_D1" time="17662.75" state="stay" vehID="Car_9605" speed="0.00" length="5.00" type="DEFAULT_CAR"/>
    <instantOut id="212_D1" time="17663.00" state="stay" vehID="Car_9605" speed="0.00" length="5.00" type="DEFAULT_CAR"/>
    <instantOut id="212_D1" time="17663.25" state="stay" vehID="Car_9605" speed="0.00" length="5.00" type="DEFAULT_CAR"/>
    <instantOut id="212_D1" time="17663.50" state="stay" vehID="Car_9605" speed="0.00" length="5.00" type="DEFAULT_CAR"/>
    <instantOut id="212_D1" time="17663.75" state="stay" vehID="Car_9605" speed="0.00" length="5.00" type="DEFAULT_CAR"/>
    <instantOut id="212_D1" time="17664.00" state="stay" vehID="Car_9605" speed="0.00" length="5.00" type="DEFAULT_CAR"/>
    <instantOut id="212_D1" time="17664.25" state="stay" vehID="Car_9605" speed="0.00" length="5.00" type="DEFAULT_CAR"/>
    <instantOut id="212_D1" time="17664.50" state="stay" vehID="Car_9605" speed="0.00" length="5.00" type="DEFAULT_CAR"/>
    <instantOut id="212_D1" time="17664.75" state="stay" vehID="Car_9605" speed="0.00" length="5.00" type="DEFAULT_CAR"/>
    <instantOut id="212_D1" time="17665.00" state="stay" vehID="Car_9605" speed="0.00" length="5.00" type="DEFAULT_CAR"/>
    <instantOut id="212_D1" time="17665.25" state="stay" vehID="Car_9605" speed="0.00" length="5.00" type="DEFAULT_CAR"/>
    <instantOut id="212_D1" time="17665.50" state="stay" vehID="Car_9605" speed="0.00" length="5.00" type="DEFAULT_CAR"/>
    <instantOut id="212_D1" time="17665.75" state="stay" vehID="Car_9605" speed="0.00" length="5.00" type="DEFAULT_CAR"/>
    <instantOut id="212_D1" time="17666.00" state="stay" vehID="Car_9605" speed="0.00" length="5.00" type="DEFAULT_CAR"/>
    <instantOut id="212_D1" time="17666.25" state="stay" vehID="Car_9605" speed="0.00" length="5.00" type="DEFAULT_CAR"/>
    <instantOut id="212_D1" time="17666.50" state="stay" vehID="Car_9605" speed="0.00" length="5.00" type="DEFAULT_CAR"/>
    <instantOut id="212_D1" time="17666.75" state="stay" vehID="Car_9605" speed="0.00" length="5.00" type="DEFAULT_CAR"/>
    <instantOut id="212_D1" time="17667.00" state="stay" vehID="Car_9605" speed="0.00" length="5.00" type="DEFAULT_CAR"/>
    <instantOut id="212_D1" time="17667.25" state="stay" vehID="Car_9605" speed="0.00" length="5.00" type="DEFAULT_CAR"/>
    <instantOut id="212_D1" time="17667.50" state="stay" vehID="Car_9605" speed="0.00" length="5.00" type="DEFAULT_CAR"/>
    <instantOut id="212_D1" time="17667.75" state="stay" vehID="Car_9605" speed="0.00" length="5.00" type="DEFAULT_CAR"/>
    <instantOut id="212_D1" time="17668.00" state="stay" vehID="Car_9605" speed="0.00" length="5.00" type="DEFAULT_CAR"/>
    <instantOut id="212_D1" time="17668.25" state="stay" vehID="Car_9605" speed="0.00" length="5.00" type="DEFAULT_CAR"/>
    <instantOut id="212_D1" time="17668.50" state="stay" vehID="Car_9605" speed="0.00" length="5.00" type="DEFAULT_CAR"/>
    <instantOut id="212_D1" time="17668.75" state="stay" vehID="Car_9605" speed="0.00" length="5.00" type="DEFAULT_CAR"/>
    <instantOut id="212_D1" time="17669.00" state="stay" vehID="Car_9605" speed="0.00" length="5.00" type="DEFAULT_CAR"/>
    <instantOut id="212_D1" time="17669.25" state="stay" vehID="Car_9605" speed="0.00" length="5.00" type="DEFAULT_CAR"/>
    <instantOut id="212_D1" time="17669.50" state="stay" vehID="Car_9605" speed="0.00" length="5.00" type="DEFAULT_CAR"/>
    <instantOut id="212_D1" time="17669.75" state="stay" vehID="Car_9605" speed="0.00" length="5.00" type="DEFAULT_CAR"/>
    <instantOut id="212_D1" time="17670.00" state="stay" vehID="Car_9605" speed="0.00" length="5.00" type="DEFAULT_CAR"/>
    <instantOut id="212_D1" time="17670.25" state="stay" vehID="Car_9605" speed="0.00" length="5.00" type="DEFAULT_CAR"/>
    <instantOut id="212_D1" time="17670.50" state="stay" vehID="Car_9605" speed="0.00" length="5.00" type="DEFAULT_CAR"/>
    <instantOut id="212_D1" time="17670.75" state="stay" vehID="Car_9605" speed="0.00" length="5.00" type="DEFAULT_CAR"/>
    <instantOut id="212_D1" time="17671.00" state="stay" vehID="Car_9605" speed="0.00" length="5.00" type="DEFAULT_CAR"/>
    <instantOut id="212_D1" time="17671.25" state="stay" vehID="Car_9605" speed="0.00" length="5.00" type="DEFAULT_CAR"/>
    <instantOut id="212_D1" time="17671.50" state="stay" vehID="Car_9605" speed="0.00" length="5.00" type="DEFAULT_CAR"/>
    <instantOut id="212_D1" time="17671.75" state="stay" vehID="Car_9605" speed="0.00" length="5.00" type="DEFAULT_CAR"/>
    <instantOut id="212_D1" time="17672.00" state="stay" vehID="Car_9605" speed="0.00" length="5.00" type="DEFAULT_CAR"/>
    <instantOut id="212_D1" time="17672.25" state="stay" vehID="Car_9605" speed="0.00" length="5.00" type="DEFAULT_CAR"/>
    <instantOut id="212_D1" time="17672.50" state="stay" vehID="Car_9605" speed="0.00" length="5.00" type="DEFAULT_CAR"/>
    <instantOut id="212_D1" time="17672.75" state="stay" vehID="Car_9605" speed="0.00" length="5.00" type="DEFAULT_CAR"/>
    <instantOut id="212_D1" time="17673.00" state="stay" vehID="Car_9605" speed="0.00" length="5.00" type="DEFAULT_CAR"/>
    <instantOut id="212_D1" time="17673.25" state="stay" vehID="Car_9605" speed="0.00" length="5.00" type="DEFAULT_CAR"/>
    <instantOut id="212_D1" time="17673.50" state="stay" vehID="Car_9605" speed="0.00" length="5.00" type="DEFAULT_CAR"/>
    <instantOut id="212_D1" time="17673.75" state="stay" vehID="Car_9605" speed="0.00" length="5.00" type="DEFAULT_CAR"/>
    <instantOut id="212_D1" time="17674.00" state="stay" vehID="Car_9605" speed="0.00" length="5.00" type="DEFAULT_CAR"/>
    <instantOut id="212_D1" time="17674.25" state="stay" vehID="Car_9605" speed="0.00" length="5.00" type="DEFAULT_CAR"/>
    <instantOut id="212_D1" time="17674.50" state="stay" vehID="Car_9605" speed="0.00" length="5.00" type="DEFAULT_CAR"/>
    <instantOut id="212_D1" time="17674.75" state="stay" vehID="Car_9605" speed="0.00" length="5.00" type="DEFAULT_CAR"/>
    <instantOut id="212_D1" time="17675.00" state="stay" vehID="Car_9605" speed="0.00" length="5.00" type="DEFAULT_CAR"/>
    <instantOut id="212_D1" time="17675.25" state="stay" vehID="Car_9605" speed="0.00" length="5.00" type="DEFAULT_CAR"/>
    <instantOut id="212_D1" time="17675.50" state="stay" vehID="Car_9605" speed="0.00" length="5.00" type="DEFAULT_CAR"/>
    <instantOut id="212_D1" time="17675.75" state="stay" vehID="Car_9605" speed="0.00" length="5.00" type="DEFAULT_CAR"/>
    <instantOut id="212_D1" time="17676.00" state="stay" vehID="Car_9605" speed="0.00" length="5.00" type="DEFAULT_CAR"/>
    <instantOut id="212_D1" time="17676.25" state="stay" vehID="Car_9605" speed="0.00" length="5.00" type="DEFAULT_CAR"/>
    <instantOut id="212_D1" time="17676.50" state="stay" vehID="Car_9605" speed="0.00" length="5.00" type="DEFAULT_CAR"/>
    <instantOut id="212_D1" time="17676.75" state="stay" vehID="Car_9605" speed="0.84" length="5.00" type="DEFAULT_CAR"/>
    <instantOut id="212_D1" time="17677.00" state="stay" vehID="Car_9605" speed="1.65" length="5.00" type="DEFAULT_CAR"/>
    <instantOut id="212_D1" time="17677.15" state="leave" vehID="Car_9605" speed="2.49" length="5.00" type="DEFAULT_CAR" occupancy="21.36"/>
    <instantOut id="212_D1" time="20472.86" state="enter" vehID="Car_11115" speed="4.61" length="5.00" type="DEFAULT_CAR" gap="2795.71"/>
    <instantOut id="212_D1" time="20473.00" state="stay" vehID="Car_11115" speed="4.61" length="5.00" type="DEFAULT_CAR"/>
    <instantOut id="212_D1" time="20473.25" state="stay" vehID="Car_11115" speed="5.56" length="5.00" type="DEFAULT_CAR"/>
    <instantOut id="212_D1" time="20473.50" state="stay" vehID="Car_11115" speed="5.98" length="5.00" type="DEFAULT_CAR"/>
    <instantOut id="212_D1" time="20473.75" state="stay" vehID="Car_11115" speed="5.23" length="5.00" type="DEFAULT_CAR"/>
    <instantOut id="212_D1" time="20473.78" state="leave" vehID="Car_11115" speed="4.86" length="5.00" type="DEFAULT_CAR" occupancy="0.92"/>
    <instantOut id="212_D1" time="21185.79" state="enter" vehID="Car_12135" speed="6.01" length="5.00" type="DEFAULT_CAR" gap="712.00"/>
    <instantOut id="212_D1" time="21186.00" state="stay" vehID="Car_12135" speed="6.01" length="5.00" type="DEFAULT_CAR"/>
    <instantOut id="212_D1" time="21186.25" state="stay" vehID="Car_12135" speed="6.96" length="5.00" type="DEFAULT_CAR"/>
    <instantOut id="212_D1" time="21186.50" state="stay" vehID="Car_12135" speed="7.00" length="5.00" type="DEFAULT_CAR"/>
    <instantOut id="212_D1" time="21186.53" state="leave" vehID="Car_12135" speed="7.33" length="5.00" type="DEFAULT_CAR" occupancy="0.74"/>
    <instantOut id="212_D1" time="25377.81" state="enter" vehID="Car_14603" speed="6.31" length="5.00" type="DEFAULT_CAR" gap="4191.27"/>
    <instantOut id="212_D1" time="25378.00" state="stay" vehID="Car_14603" speed="6.31" length="5.00" type="DEFAULT_CAR"/>
    <instantOut id="212_D1" time="25378.25" state="stay" vehID="Car_14603" speed="5.56" length="5.00" type="DEFAULT_CAR"/>
    <instantOut id="212_D1" time="25378.50" state="stay" vehID="Car_14603" speed="4.81" length="5.00" type="DEFAULT_CAR"/>
    <instantOut id="212_D1" time="25378.75" state="stay" vehID="Car_14603" speed="4.06" length="5.00" type="DEFAULT_CAR"/>
    <instantOut id="212_D1" time="25378.80" state="leave" vehID="Car_14603" speed="3.71" length="5.00" type="DEFAULT_CAR" occupancy="0.99"/>
    <instantOut id="212_D1" time="25968.78" state="enter" vehID="Car_15612" speed="6.19" length="5.00" type="DEFAULT_CAR" gap="589.98"/>
    <instantOut id="212_D1" time="25969.00" state="stay" vehID="Car_15612" speed="6.19" length="5.00" type="DEFAULT_CAR"/>
    <instantOut id="212_D1" time="25969.25" state="stay" vehID="Car_15612" speed="7.14" length="5.00" type="DEFAULT_CAR"/>
    <instantOut id="212_D1" time="25969.50" state="stay" vehID="Car_15612" speed="7.31" length="5.00" type="DEFAULT_CAR"/>
    <instantOut id="212_D1" time="25969.50" state="leave" vehID="Car_15612" speed="7.09" length="5.00" type="DEFAULT_CAR" occupancy="0.72"/>
    <instantOut id="212_D1" time="25974.77" state="enter" vehID="Car_15611" speed="6.19" length="5.00" type="DEFAULT_CAR" gap="5.27"/>
    <instantOut id="212_D1" time="25975.00" state="stay" vehID="Car_15611" speed="6.19" length="5.00" type="DEFAULT_CAR"/>
    <instantOut id="212_D1" time="25975.25" state="stay" vehID="Car_15611" speed="5.79" length="5.00" type="DEFAULT_CAR"/>
    <instantOut id="212_D1" time="25975.50" state="stay" vehID="Car_15611" speed="5.04" length="5.00" type="DEFAULT_CAR"/>
    <instantOut id="212_D1" time="25975.68" state="leave" vehID="Car_15611" speed="4.86" length="5.00" type="DEFAULT_CAR" occupancy="0.91"/>
    <instantOut id="212_D1" time="25990.78" state="enter" vehID="Car_15620" speed="5.88" length="5.00" type="DEFAULT_CAR" gap="15.10"/>
    <instantOut id="212_D1" time="25991.00" state="stay" vehID="Car_15620" speed="5.88" length="5.00" type="DEFAULT_CAR"/>
    <instantOut id="212_D1" time="25991.25" state="stay" vehID="Car_15620" speed="5.99" length="5.00" type="DEFAULT_CAR"/>
    <instantOut id="212_D1" time="25991.50" state="stay" vehID="Car_15620" speed="5.24" length="5.00" type="DEFAULT_CAR"/>
    <instantOut id="212_D1" time="25991.70" state="leave" vehID="Car_15620" speed="4.49" length="5.00" type="DEFAULT_CAR" occupancy="0.92"/>
    <instantOut id="212_D1" time="27491.82" state="enter" vehID="Car_16318" speed="4.57" length="5.00" type="DEFAULT_CAR" gap="1500.12"/>
    <instantOut id="212_D1" time="27492.00" state="stay" vehID="Car_16318" speed="4.57" length="5.00" type="DEFAULT_CAR"/>
    <instantOut id="212_D1" time="27492.25" state="stay" vehID="Car_16318" speed="3.82" length="5.00" type="DEFAULT_CAR"/>
    <instantOut id="212_D1" time="27492.50" state="stay" vehID="Car_16318" speed="3.24" length="5.00" type="DEFAULT_CAR"/>
    <instantOut id="212_D1" time="27492.75" state="stay" vehID="Car_16318" speed="2.49" length="5.00" type="DEFAULT_CAR"/>
    <instantOut id="212_D1" time="27493.00" state="stay" vehID="Car_16318" speed="1.74" length="5.00" type="DEFAULT_CAR"/>
    <instantOut id="212_D1" time="27493.25" state="stay" vehID="Car_16318" speed="0.99" length="5.00" type="DEFAULT_CAR"/>
    <instantOut id="212_D1" time="27493.50" state="stay" vehID="Car_16318" speed="0.39" length="5.00" type="DEFAULT_CAR"/>
    <instantOut id="212_D1" time="27493.75" state="stay" vehID="Car_16318" speed="0.01" length="5.00" type="DEFAULT_CAR"/>
    <instantOut id="212_D1" time="27494.00" state="stay" vehID="Car_16318" speed="0.00" length="5.00" type="DEFAULT_CAR"/>
    <instantOut id="212_D1" time="27494.25" state="stay" vehID="Car_16318" speed="0.00" length="5.00" type="DEFAULT_CAR"/>
    <instantOut id="212_D1" time="27494.50" state="stay" vehID="Car_16318" speed="0.00" length="5.00" type="DEFAULT_CAR"/>
    <instantOut id="212_D1" time="27494.75" state="stay" vehID="Car_16318" speed="0.00" length="5.00" type="DEFAULT_CAR"/>
    <instantOut id="212_D1" time="27495.00" state="stay" vehID="Car_16318" speed="0.00" length="5.00" type="DEFAULT_CAR"/>
    <instantOut id="212_D1" time="27495.25" state="stay" vehID="Car_16318" speed="0.00" length="5.00" type="DEFAULT_CAR"/>
    <instantOut id="212_D1" time="27495.50" state="stay" vehID="Car_16318" speed="0.84" length="5.00" type="DEFAULT_CAR"/>
    <instantOut id="212_D1" time="27495.75" state="stay" vehID="Car_16318" speed="1.72" length="5.00" type="DEFAULT_CAR"/>
    <instantOut id="212_D1" time="27495.89" state="leave" vehID="Car_16318" speed="2.57" length="5.00" type="DEFAULT_CAR" occupancy="4.07"/>
    <instantOut id="212_D1" time="27618.80" state="enter" vehID="Car_16317" speed="4.59" length="5.00" type="DEFAULT_CAR" gap="122.91"/>
    <instantOut id="212_D1" time="27619.00" state="stay" vehID="Car_16317" speed="4.59" length="5.00" type="DEFAULT_CAR"/>
    <instantOut id="212_D1" time="27619.25" state="stay" vehID="Car_16317" speed="3.84" length="5.00" type="DEFAULT_CAR"/>
    <instantOut id="212_D1" time="27619.50" state="stay" vehID="Car_16317" speed="3.09" length="5.00" type="DEFAULT_CAR"/>
    <instantOut id="212_D1" time="27619.75" state="stay" vehID="Car_16317" speed="2.37" length="5.00" type="DEFAULT_CAR"/>
    <instantOut id="212_D1" time="27620.00" state="stay" vehID="Car_16317" speed="1.70" length="5.00" type="DEFAULT_CAR"/>
    <instantOut id="212_D1" time="27620.25" state="stay" vehID="Car_16317" speed="0.96" length="5.00" type="DEFAULT_CAR"/>
    <instantOut id="212_D1" time="27620.50" state="stay" vehID="Car_16317" speed="0.35" length="5.00" type="DEFAULT_CAR"/>
    <instantOut id="212_D1" time="27620.75" state="stay" vehID="Car_16317" speed="0.01" length="5.00" type="DEFAULT_CAR"/>
    <instantOut id="212_D1" time="27621.00" state="stay" vehID="Car_16317" speed="0.00" length="5.00" type="DEFAULT_CAR"/>
    <instantOut id="212_D1" time="27621.25" state="stay" vehID="Car_16317" speed="0.00" length="5.00" type="DEFAULT_CAR"/>
    <instantOut id="212_D1" time="27621.50" state="stay" vehID="Car_16317" speed="0.00" length="5.00" type="DEFAULT_CAR"/>
    <instantOut id="212_D1" time="27621.75" state="stay" vehID="Car_16317" speed="0.00" length="5.00" type="DEFAULT_CAR"/>
    <instantOut id="212_D1" time="27622.00" state="stay" vehID="Car_16317" speed="0.00" length="5.00" type="DEFAULT_CAR"/>
    <instantOut id="212_D1" time="27622.25" state="stay" vehID="Car_16317" speed="0.00" length="5.00" type="DEFAULT_CAR"/>
    <instantOut id="212_D1" time="27622.50" state="stay" vehID="Car_16317" speed="0.00" length="5.00" type="DEFAULT_CAR"/>
    <instantOut id="212_D1" time="27622.75" state="stay" vehID="Car_16317" speed="0.00" length="5.00" type="DEFAULT_CAR"/>
    <instantOut id="212_D1" time="27623.00" state="stay" vehID="Car_16317" speed="0.00" length="5.00" type="DEFAULT_CAR"/>
    <instantOut id="212_D1" time="27623.25" state="stay" vehID="Car_16317" speed="0.00" length="5.00" type="DEFAULT_CAR"/>
    <instantOut id="212_D1" time="27623.50" state="stay" vehID="Car_16317" speed="0.00" length="5.00" type="DEFAULT_CAR"/>
    <instantOut id="212_D1" time="27623.75" state="stay" vehID="Car_16317" speed="0.00" length="5.00" type="DEFAULT_CAR"/>
    <instantOut id="212_D1" time="27624.00" state="stay" vehID="Car_16317" speed="0.00" length="5.00" type="DEFAULT_CAR"/>
    <instantOut id="212_D1" time="27624.25" state="stay" vehID="Car_16317" speed="0.00" length="5.00" type="DEFAULT_CAR"/>
    <instantOut id="212_D1" time="27624.50" state="stay" vehID="Car_16317" speed="0.00" length="5.00" type="DEFAULT_CAR"/>
    <instantOut id="212_D1" time="27624.75" state="stay" vehID="Car_16317" speed="0.00" length="5.00" type="DEFAULT_CAR"/>
    <instantOut id="212_D1" time="27625.00" state="stay" vehID="Car_16317" speed="0.00" length="5.00" type="DEFAULT_CAR"/>
    <instantOut id="212_D1" time="27625.25" state="stay" vehID="Car_16317" speed="0.00" length="5.00" type="DEFAULT_CAR"/>
    <instantOut id="212_D1" time="27625.50" state="stay" vehID="Car_16317" speed="0.00" length="5.00" type="DEFAULT_CAR"/>
    <instantOut id="212_D1" time="27625.75" state="stay" vehID="Car_16317" speed="0.00" length="5.00" type="DEFAULT_CAR"/>
    <instantOut id="212_D1" time="27626.00" state="stay" vehID="Car_16317" speed="0.00" length="5.00" type="DEFAULT_CAR"/>
    <instantOut id="212_D1" time="27626.25" state="stay" vehID="Car_16317" speed="0.00" length="5.00" type="DEFAULT_CAR"/>
    <instantOut id="212_D1" time="27626.50" state="stay" vehID="Car_16317" speed="0.00" length="5.00" type="DEFAULT_CAR"/>
    <instantOut id="212_D1" time="27626.75" state="stay" vehID="Car_16317" speed="0.00" length="5.00" type="DEFAULT_CAR"/>
    <instantOut id="212_D1" time="27627.00" state="stay" vehID="Car_16317" speed="0.00" length="5.00" type="DEFAULT_CAR"/>
    <instantOut id="212_D1" time="27627.25" state="stay" vehID="Car_16317" speed="0.00" length="5.00" type="DEFAULT_CAR"/>
    <instantOut id="212_D1" time="27627.50" state="stay" vehID="Car_16317" speed="0.00" length="5.00" type="DEFAULT_CAR"/>
    <instantOut id="212_D1" time="27627.75" state="stay" vehID="Car_16317" speed="0.00" length="5.00" type="DEFAULT_CAR"/>
    <instantOut id="212_D1" time="27628.00" state="stay" vehID="Car_16317" speed="0.00" length="5.00" type="DEFAULT_CAR"/>
    <instantOut id="212_D1" time="27628.25" state="stay" vehID="Car_16317" speed="0.00" length="5.00" type="DEFAULT_CAR"/>
    <instantOut id="212_D1" time="27628.50" state="stay" vehID="Car_16317" speed="0.00" length="5.00" type="DEFAULT_CAR"/>
    <instantOut id="212_D1" time="27628.75" state="stay" vehID="Car_16317" speed="0.00" length="5.00" type="DEFAULT_CAR"/>
    <instantOut id="212_D1" time="27629.00" state="stay" vehID="Car_16317" speed="0.00" length="5.00" type="DEFAULT_CAR"/>
    <instantOut id="212_D1" time="27629.25" state="stay" vehID="Car_16317" speed="0.00" length="5.00" type="DEFAULT_CAR"/>
    <instantOut id="212_D1" time="27629.50" state="stay" vehID="Car_16317" speed="0.00" length="5.00" type="DEFAULT_CAR"/>
    <instantOut id="212_D1" time="27629.75" state="stay" vehID="Car_16317" speed="0.00" length="5.00" type="DEFAULT_CAR"/>
    <instantOut id="212_D1" time="27630.00" state="stay" vehID="Car_16317" speed="0.00" length="5.00" type="DEFAULT_CAR"/>
    <instantOut id="212_D1" time="27630.25" state="stay" vehID="Car_16317" speed="0.00" length="5.00" type="DEFAULT_CAR"/>
    <instantOut id="212_D1" time="27630.50" state="stay" vehID="Car_16317" speed="0.00" length="5.00" type="DEFAULT_CAR"/>
    <instantOut id="212_D1" time="27630.75" state="stay" vehID="Car_16317" speed="0.00" length="5.00" type="DEFAULT_CAR"/>
    <instantOut id="212_D1" time="27631.00" state="stay" vehID="Car_16317" speed="0.00" length="5.00" type="DEFAULT_CAR"/>
    <instantOut id="212_D1" time="27631.25" state="stay" vehID="Car_16317" speed="0.00" length="5.00" type="DEFAULT_CAR"/>
    <instantOut id="212_D1" time="27631.50" state="stay" vehID="Car_16317" speed="0.00" length="5.00" type="DEFAULT_CAR"/>
    <instantOut id="212_D1" time="27631.75" state="stay" vehID="Car_16317" speed="0.00" length="5.00" type="DEFAULT_CAR"/>
    <instantOut id="212_D1" time="27632.00" state="stay" vehID="Car_16317" speed="0.00" length="5.00" type="DEFAULT_CAR"/>
    <instantOut id="212_D1" time="27632.25" state="stay" vehID="Car_16317" speed="0.00" length="5.00" type="DEFAULT_CAR"/>
    <instantOut id="212_D1" time="27632.50" state="stay" vehID="Car_16317" speed="0.00" length="5.00" type="DEFAULT_CAR"/>
    <instantOut id="212_D1" time="27632.75" state="stay" vehID="Car_16317" speed="0.00" length="5.00" type="DEFAULT_CAR"/>
    <instantOut id="212_D1" time="27633.00" state="stay" vehID="Car_16317" speed="0.00" length="5.00" type="DEFAULT_CAR"/>
    <instantOut id="212_D1" time="27633.25" state="stay" vehID="Car_16317" speed="0.00" length="5.00" type="DEFAULT_CAR"/>
    <instantOut id="212_D1" time="27633.50" state="stay" vehID="Car_16317" speed="0.00" length="5.00" type="DEFAULT_CAR"/>
    <instantOut id="212_D1" time="27633.75" state="stay" vehID="Car_16317" speed="0.00" length="5.00" type="DEFAULT_CAR"/>
    <instantOut id="212_D1" time="27634.00" state="stay" vehID="Car_16317" speed="0.00" length="5.00" type="DEFAULT_CAR"/>
    <instantOut id="212_D1" time="27634.25" state="stay" vehID="Car_16317" speed="0.00" length="5.00" type="DEFAULT_CAR"/>
    <instantOut id="212_D1" time="27634.50" state="stay" vehID="Car_16317" speed="0.00" length="5.00" type="DEFAULT_CAR"/>
    <instantOut id="212_D1" time="27634.75" state="stay" vehID="Car_16317" speed="0.00" length="5.00" type="DEFAULT_CAR"/>
    <instantOut id="212_D1" time="27635.00" state="stay" vehID="Car_16317" speed="0.00" length="5.00" type="DEFAULT_CAR"/>
    <instantOut id="212_D1" time="27635.25" state="stay" vehID="Car_16317" speed="0.00" length="5.00" type="DEFAULT_CAR"/>
    <instantOut id="212_D1" time="27635.50" state="stay" vehID="Car_16317" speed="0.00" length="5.00" type="DEFAULT_CAR"/>
    <instantOut id="212_D1" time="27635.75" state="stay" vehID="Car_16317" speed="0.00" length="5.00" type="DEFAULT_CAR"/>
    <instantOut id="212_D1" time="27636.00" state="stay" vehID="Car_16317" speed="0.00" length="5.00" type="DEFAULT_CAR"/>
    <instantOut id="212_D1" time="27636.25" state="stay" vehID="Car_16317" speed="0.00" length="5.00" type="DEFAULT_CAR"/>
    <instantOut id="212_D1" time="27636.50" state="stay" vehID="Car_16317" speed="0.95" length="5.00" type="DEFAULT_CAR"/>
    <instantOut id="212_D1" time="27636.75" state="stay" vehID="Car_16317" speed="1.85" length="5.00" type="DEFAULT_CAR"/>
    <instantOut id="212_D1" time="27636.86" state="leave" vehID="Car_16317" speed="2.65" length="5.00" type="DEFAULT_CAR" occupancy="18.06"/>
    <instantOut id="212_D1" time="29217.85" state="enter" vehID="Car_17116" speed="4.57" length="5.00" type="DEFAULT_CAR" gap="1580.98"/>
    <instantOut id="212_D1" time="29218.00" state="stay" vehID="Car_17116" speed="4.57" length="5.00" type="DEFAULT_CAR"/>
    <instantOut id="212_D1" time="29218.25" state="stay" vehID="Car_17116" speed="5.52" length="5.00" type="DEFAULT_CAR"/>
    <instantOut id="212_D1" time="29218.50" state="stay" vehID="Car_17116" speed="6.47" length="5.00" type="DEFAULT_CAR"/>
    <instantOut id="212_D1" time="29218.73" state="leave" vehID="Car_17116" speed="5.72" length="5.00" type="DEFAULT_CAR" occupancy="0.88"/>
    <instantOut id="212_D1" time="29973.79" state="enter" vehID="Car_18030" speed="4.62" length="5.00" type="DEFAULT_CAR" gap="755.06"/>
    <instantOut id="212_D1" time="29974.00" state="stay" vehID="Car_18030" speed="4.62" length="5.00" type="DEFAULT_CAR"/>
    <instantOut id="212_D1" time="29974.25" state="stay" vehID="Car_18030" speed="3.87" length="5.00" type="DEFAULT_CAR"/>
    <instantOut id="212_D1" time="29974.50" state="stay" vehID="Car_18030" speed="3.12" length="5.00" type="DEFAULT_CAR"/>
    <instantOut id="212_D1" time="29974.75" state="stay" vehID="Car_18030" speed="2.37" length="5.00" type="DEFAULT_CAR"/>
    <instantOut id="212_D1" time="29975.00" state="stay" vehID="Car_18030" speed="1.62" length="5.00" type="DEFAULT_CAR"/>
    <instantOut id="212_D1" time="29975.25" state="stay" vehID="Car_18030" speed="0.87" length="5.00" type="DEFAULT_CAR"/>
    <instantOut id="212_D1" time="29975.50" state="stay" vehID="Car_18030" speed="0.21" length="5.00" type="DEFAULT_CAR"/>
    <instantOut id="212_D1" time="29975.75" state="stay" vehID="Car_18030" speed="0.01" length="5.00" type="DEFAULT_CAR"/>
    <instantOut id="212_D1" time="29976.00" state="stay" vehID="Car_18030" speed="0.00" length="5.00" type="DEFAULT_CAR"/>
    <instantOut id="212_D1" time="29976.25" state="stay" vehID="Car_18030" speed="0.00" length="5.00" type="DEFAULT_CAR"/>
    <instantOut id="212_D1" time="29976.50" state="stay" vehID="Car_18030" speed="0.00" length="5.00" type="DEFAULT_CAR"/>
    <instantOut id="212_D1" time="29976.75" state="stay" vehID="Car_18030" speed="0.00" length="5.00" type="DEFAULT_CAR"/>
    <instantOut id="212_D1" time="29977.00" state="stay" vehID="Car_18030" speed="0.00" length="5.00" type="DEFAULT_CAR"/>
    <instantOut id="212_D1" time="29977.25" state="stay" vehID="Car_18030" speed="0.00" length="5.00" type="DEFAULT_CAR"/>
    <instantOut id="212_D1" time="29977.50" state="stay" vehID="Car_18030" speed="0.00" length="5.00" type="DEFAULT_CAR"/>
    <instantOut id="212_D1" time="29977.75" state="stay" vehID="Car_18030" speed="0.00" length="5.00" type="DEFAULT_CAR"/>
    <instantOut id="212_D1" time="29978.00" state="stay" vehID="Car_18030" speed="0.00" length="5.00" type="DEFAULT_CAR"/>
    <instantOut id="212_D1" time="29978.25" state="stay" vehID="Car_18030" speed="0.00" length="5.00" type="DEFAULT_CAR"/>
    <instantOut id="212_D1" time="29978.50" state="stay" vehID="Car_18030" speed="0.00" length="5.00" type="DEFAULT_CAR"/>
    <instantOut id="212_D1" time="29978.75" state="stay" vehID="Car_18030" speed="0.00" length="5.00" type="DEFAULT_CAR"/>
    <instantOut id="212_D1" time="29979.00" state="stay" vehID="Car_18030" speed="0.00" length="5.00" type="DEFAULT_CAR"/>
    <instantOut id="212_D1" time="29979.25" state="stay" vehID="Car_18030" speed="0.00" length="5.00" type="DEFAULT_CAR"/>
    <instantOut id="212_D1" time="29979.50" state="stay" vehID="Car_18030" speed="0.00" length="5.00" type="DEFAULT_CAR"/>
    <instantOut id="212_D1" time="29979.75" state="stay" vehID="Car_18030" speed="0.00" length="5.00" type="DEFAULT_CAR"/>
    <instantOut id="212_D1" time="29980.00" state="stay" vehID="Car_18030" speed="0.00" length="5.00" type="DEFAULT_CAR"/>
    <instantOut id="212_D1" time="29980.25" state="stay" vehID="Car_18030" speed="0.00" length="5.00" type="DEFAULT_CAR"/>
    <instantOut id="212_D1" time="29980.50" state="stay" vehID="Car_18030" speed="0.00" length="5.00" type="DEFAULT_CAR"/>
    <instantOut id="212_D1" time="29980.75" state="stay" vehID="Car_18030" speed="0.00" length="5.00" type="DEFAULT_CAR"/>
    <instantOut id="212_D1" time="29981.00" state="stay" vehID="Car_18030" speed="0.00" length="5.00" type="DEFAULT_CAR"/>
    <instantOut id="212_D1" time="29981.25" state="stay" vehID="Car_18030" speed="0.00" length="5.00" type="DEFAULT_CAR"/>
    <instantOut id="212_D1" time="29981.50" state="stay" vehID="Car_18030" speed="0.00" length="5.00" type="DEFAULT_CAR"/>
    <instantOut id="212_D1" time="29981.75" state="stay" vehID="Car_18030" speed="0.00" length="5.00" type="DEFAULT_CAR"/>
    <instantOut id="212_D1" time="29982.00" state="stay" vehID="Car_18030" speed="0.00" length="5.00" type="DEFAULT_CAR"/>
    <instantOut id="212_D1" time="29982.25" state="stay" vehID="Car_18030" speed="0.00" length="5.00" type="DEFAULT_CAR"/>
    <instantOut id="212_D1" time="29982.50" state="stay" vehID="Car_18030" speed="0.00" length="5.00" type="DEFAULT_CAR"/>
    <instantOut id="212_D1" time="29982.75" state="stay" vehID="Car_18030" speed="0.00" length="5.00" type="DEFAULT_CAR"/>
    <instantOut id="212_D1" time="29983.00" state="stay" vehID="Car_18030" speed="0.00" length="5.00" type="DEFAULT_CAR"/>
    <instantOut id="212_D1" time="29983.25" state="stay" vehID="Car_18030" speed="0.00" length="5.00" type="DEFAULT_CAR"/>
    <instantOut id="212_D1" time="29983.50" state="stay" vehID="Car_18030" speed="0.00" length="5.00" type="DEFAULT_CAR"/>
    <instantOut id="212_D1" time="29983.75" state="stay" vehID="Car_18030" speed="0.00" length="5.00" type="DEFAULT_CAR"/>
    <instantOut id="212_D1" time="29984.00" state="stay" vehID="Car_18030" speed="0.00" length="5.00" type="DEFAULT_CAR"/>
    <instantOut id="212_D1" time="29984.25" state="stay" vehID="Car_18030" speed="0.00" length="5.00" type="DEFAULT_CAR"/>
    <instantOut id="212_D1" time="29984.50" state="stay" vehID="Car_18030" speed="0.00" length="5.00" type="DEFAULT_CAR"/>
    <instantOut id="212_D1" time="29984.75" state="stay" vehID="Car_18030" speed="0.00" length="5.00" type="DEFAULT_CAR"/>
    <instantOut id="212_D1" time="29985.00" state="stay" vehID="Car_18030" speed="0.00" length="5.00" type="DEFAULT_CAR"/>
    <instantOut id="212_D1" time="29985.25" state="stay" vehID="Car_18030" speed="0.00" length="5.00" type="DEFAULT_CAR"/>
    <instantOut id="212_D1" time="29985.50" state="stay" vehID="Car_18030" speed="0.00" length="5.00" type="DEFAULT_CAR"/>
    <instantOut id="212_D1" time="29985.75" state="stay" vehID="Car_18030" speed="0.00" length="5.00" type="DEFAULT_CAR"/>
    <instantOut id="212_D1" time="29986.00" state="stay" vehID="Car_18030" speed="0.00" length="5.00" type="DEFAULT_CAR"/>
    <instantOut id="212_D1" time="29986.25" state="stay" vehID="Car_18030" speed="0.00" length="5.00" type="DEFAULT_CAR"/>
    <instantOut id="212_D1" time="29986.50" state="stay" vehID="Car_18030" speed="0.00" length="5.00" type="DEFAULT_CAR"/>
    <instantOut id="212_D1" time="29986.75" state="stay" vehID="Car_18030" speed="0.00" length="5.00" type="DEFAULT_CAR"/>
    <instantOut id="212_D1" time="29987.00" state="stay" vehID="Car_18030" speed="0.00" length="5.00" type="DEFAULT_CAR"/>
    <instantOut id="212_D1" time="29987.25" state="stay" vehID="Car_18030" speed="0.00" length="5.00" type="DEFAULT_CAR"/>
    <instantOut id="212_D1" time="29987.50" state="stay" vehID="Car_18030" speed="0.00" length="5.00" type="DEFAULT_CAR"/>
    <instantOut id="212_D1" time="29987.75" state="stay" vehID="Car_18030" speed="0.00" length="5.00" type="DEFAULT_CAR"/>
    <instantOut id="212_D1" time="29988.00" state="stay" vehID="Car_18030" speed="0.00" length="5.00" type="DEFAULT_CAR"/>
    <instantOut id="212_D1" time="29988.25" state="stay" vehID="Car_18030" speed="0.00" length="5.00" type="DEFAULT_CAR"/>
    <instantOut id="212_D1" time="29988.50" state="stay" vehID="Car_18030" speed="0.00" length="5.00" type="DEFAULT_CAR"/>
    <instantOut id="212_D1" time="29988.75" state="stay" vehID="Car_18030" speed="0.00" length="5.00" type="DEFAULT_CAR"/>
    <instantOut id="212_D1" time="29989.00" state="stay" vehID="Car_18030" speed="0.00" length="5.00" type="DEFAULT_CAR"/>
    <instantOut id="212_D1" time="29989.25" state="stay" vehID="Car_18030" speed="0.00" length="5.00" type="DEFAULT_CAR"/>
    <instantOut id="212_D1" time="29989.50" state="stay" vehID="Car_18030" speed="0.00" length="5.00" type="DEFAULT_CAR"/>
    <instantOut id="212_D1" time="29989.75" state="stay" vehID="Car_18030" speed="0.00" length="5.00" type="DEFAULT_CAR"/>
    <instantOut id="212_D1" time="29990.00" state="stay" vehID="Car_18030" speed="0.00" length="5.00" type="DEFAULT_CAR"/>
    <instantOut id="212_D1" time="29990.25" state="stay" vehID="Car_18030" speed="0.00" length="5.00" type="DEFAULT_CAR"/>
    <instantOut id="212_D1" time="29990.50" state="stay" vehID="Car_18030" speed="0.00" length="5.00" type="DEFAULT_CAR"/>
    <instantOut id="212_D1" time="29990.75" state="stay" vehID="Car_18030" speed="0.00" length="5.00" type="DEFAULT_CAR"/>
    <instantOut id="212_D1" time="29991.00" state="stay" vehID="Car_18030" speed="0.00" length="5.00" type="DEFAULT_CAR"/>
    <instantOut id="212_D1" time="29991.25" state="stay" vehID="Car_18030" speed="0.00" length="5.00" type="DEFAULT_CAR"/>
    <instantOut id="212_D1" time="29991.50" state="stay" vehID="Car_18030" speed="0.00" length="5.00" type="DEFAULT_CAR"/>
    <instantOut id="212_D1" time="29991.75" state="stay" vehID="Car_18030" speed="0.00" length="5.00" type="DEFAULT_CAR"/>
    <instantOut id="212_D1" time="29992.00" state="stay" vehID="Car_18030" speed="0.00" length="5.00" type="DEFAULT_CAR"/>
    <instantOut id="212_D1" time="29992.25" state="stay" vehID="Car_18030" speed="0.00" length="5.00" type="DEFAULT_CAR"/>
    <instantOut id="212_D1" time="29992.50" state="stay" vehID="Car_18030" speed="0.00" length="5.00" type="DEFAULT_CAR"/>
    <instantOut id="212_D1" time="29992.75" state="stay" vehID="Car_18030" speed="0.00" length="5.00" type="DEFAULT_CAR"/>
    <instantOut id="212_D1" time="29993.00" state="stay" vehID="Car_18030" speed="0.00" length="5.00" type="DEFAULT_CAR"/>
    <instantOut id="212_D1" time="29993.25" state="stay" vehID="Car_18030" speed="0.00" length="5.00" type="DEFAULT_CAR"/>
    <instantOut id="212_D1" time="29993.50" state="stay" vehID="Car_18030" speed="0.00" length="5.00" type="DEFAULT_CAR"/>
    <instantOut id="212_D1" time="29993.75" state="stay" vehID="Car_18030" speed="0.00" length="5.00" type="DEFAULT_CAR"/>
    <instantOut id="212_D1" time="29994.00" state="stay" vehID="Car_18030" speed="0.00" length="5.00" type="DEFAULT_CAR"/>
    <instantOut id="212_D1" time="29994.25" state="stay" vehID="Car_18030" speed="0.00" length="5.00" type="DEFAULT_CAR"/>
    <instantOut id="212_D1" time="29994.50" state="stay" vehID="Car_18030" speed="0.00" length="5.00" type="DEFAULT_CAR"/>
    <instantOut id="212_D1" time="29994.75" state="stay" vehID="Car_18030" speed="0.00" length="5.00" type="DEFAULT_CAR"/>
    <instantOut id="212_D1" time="29995.00" state="stay" vehID="Car_18030" speed="0.00" length="5.00" type="DEFAULT_CAR"/>
    <instantOut id="212_D1" time="29995.25" state="stay" vehID="Car_18030" speed="0.00" length="5.00" type="DEFAULT_CAR"/>
    <instantOut id="212_D1" time="29995.50" state="stay" vehID="Car_18030" speed="0.00" length="5.00" type="DEFAULT_CAR"/>
    <instantOut id="212_D1" time="29995.75" state="stay" vehID="Car_18030" speed="0.93" length="5.00" type="DEFAULT_CAR"/>
    <instantOut id="212_D1" time="29996.00" state="stay" vehID="Car_18030" speed="1.71" length="5.00" type="DEFAULT_CAR"/>
    <instantOut id="212_D1" time="29996.14" state="leave" vehID="Car_18030" speed="2.37" length="5.00" type="DEFAULT_CAR" occupancy="22.36"/>
    <instantOut id="212_D1" time="31436.85" state="enter" vehID="Car_18852" speed="4.58" length="5.00" type="DEFAULT_CAR" gap="1440.71"/>
    <instantOut id="212_D1" time="31437.00" state="stay" vehID="Car_18852" speed="4.58" length="5.00" type="DEFAULT_CAR"/>
    <instantOut id="212_D1" time="31437.25" state="stay" vehID="Car_18852" speed="3.88" length="5.00" type="DEFAULT_CAR"/>
    <instantOut id="212_D1" time="31437.50" state="stay" vehID="Car_18852" speed="3.13" length="5.00" type="DEFAULT_CAR"/>
    <instantOut id="212_D1" time="31437.75" state="stay" vehID="Car_18852" speed="2.58" length="5.00" type="DEFAULT_CAR"/>
    <instantOut id="212_D1" time="31438.00" state="stay" vehID="Car_18852" speed="1.98" length="5.00" type="DEFAULT_CAR"/>
    <instantOut id="212_D1" time="31438.25" state="stay" vehID="Car_18852" speed="1.23" length="5.00" type="DEFAULT_CAR"/>
    <instantOut id="212_D1" time="31438.50" state="stay" vehID="Car_18852" speed="0.48" length="5.00" type="DEFAULT_CAR"/>
    <instantOut id="212_D1" time="31438.75" state="stay" vehID="Car_18852" speed="0.01" length="5.00" type="DEFAULT_CAR"/>
    <instantOut id="212_D1" time="31439.00" state="stay" vehID="Car_18852" speed="0.00" length="5.00" type="DEFAULT_CAR"/>
    <instantOut id="212_D1" time="31439.25" state="stay" vehID="Car_18852" speed="0.00" length="5.00" type="DEFAULT_CAR"/>
    <instantOut id="212_D1" time="31439.50" state="stay" vehID="Car_18852" speed="0.00" length="5.00" type="DEFAULT_CAR"/>
    <instantOut id="212_D1" time="31439.75" state="stay" vehID="Car_18852" speed="0.00" length="5.00" type="DEFAULT_CAR"/>
    <instantOut id="212_D1" time="31440.00" state="stay" vehID="Car_18852" speed="0.00" length="5.00" type="DEFAULT_CAR"/>
    <instantOut id="212_D1" time="31440.25" state="stay" vehID="Car_18852" speed="0.00" length="5.00" type="DEFAULT_CAR"/>
    <instantOut id="212_D1" time="31440.50" state="stay" vehID="Car_18852" speed="0.00" length="5.00" type="DEFAULT_CAR"/>
    <instantOut id="212_D1" time="31440.75" state="stay" vehID="Car_18852" speed="0.00" length="5.00" type="DEFAULT_CAR"/>
    <instantOut id="212_D1" time="31441.00" state="stay" vehID="Car_18852" speed="0.00" length="5.00" type="DEFAULT_CAR"/>
    <instantOut id="212_D1" time="31441.25" state="stay" vehID="Car_18852" speed="0.00" length="5.00" type="DEFAULT_CAR"/>
    <instantOut id="212_D1" time="31441.50" state="stay" vehID="Car_18852" speed="0.00" length="5.00" type="DEFAULT_CAR"/>
    <instantOut id="212_D1" time="31441.75" state="stay" vehID="Car_18852" speed="0.00" length="5.00" type="DEFAULT_CAR"/>
    <instantOut id="212_D1" time="31442.00" state="stay" vehID="Car_18852" speed="0.00" length="5.00" type="DEFAULT_CAR"/>
    <instantOut id="212_D1" time="31442.25" state="stay" vehID="Car_18852" speed="0.00" length="5.00" type="DEFAULT_CAR"/>
    <instantOut id="212_D1" time="31442.50" state="stay" vehID="Car_18852" speed="0.00" length="5.00" type="DEFAULT_CAR"/>
    <instantOut id="212_D1" time="31442.75" state="stay" vehID="Car_18852" speed="0.00" length="5.00" type="DEFAULT_CAR"/>
    <instantOut id="212_D1" time="31443.00" state="stay" vehID="Car_18852" speed="0.00" length="5.00" type="DEFAULT_CAR"/>
    <instantOut id="212_D1" time="31443.25" state="stay" vehID="Car_18852" speed="0.00" length="5.00" type="DEFAULT_CAR"/>
    <instantOut id="212_D1" time="31443.50" state="stay" vehID="Car_18852" speed="0.00" length="5.00" type="DEFAULT_CAR"/>
    <instantOut id="212_D1" time="31443.75" state="stay" vehID="Car_18852" speed="0.00" length="5.00" type="DEFAULT_CAR"/>
    <instantOut id="212_D1" time="31444.00" state="stay" vehID="Car_18852" speed="0.00" length="5.00" type="DEFAULT_CAR"/>
    <instantOut id="212_D1" time="31444.25" state="stay" vehID="Car_18852" speed="0.00" length="5.00" type="DEFAULT_CAR"/>
    <instantOut id="212_D1" time="31444.50" state="stay" vehID="Car_18852" speed="0.00" length="5.00" type="DEFAULT_CAR"/>
    <instantOut id="212_D1" time="31444.75" state="stay" vehID="Car_18852" speed="0.00" length="5.00" type="DEFAULT_CAR"/>
    <instantOut id="212_D1" time="31445.00" state="stay" vehID="Car_18852" speed="0.00" length="5.00" type="DEFAULT_CAR"/>
    <instantOut id="212_D1" time="31445.25" state="stay" vehID="Car_18852" speed="0.00" length="5.00" type="DEFAULT_CAR"/>
    <instantOut id="212_D1" time="31445.50" state="stay" vehID="Car_18852" speed="0.00" length="5.00" type="DEFAULT_CAR"/>
    <instantOut id="212_D1" time="31445.75" state="stay" vehID="Car_18852" speed="0.00" length="5.00" type="DEFAULT_CAR"/>
    <instantOut id="212_D1" time="31446.00" state="stay" vehID="Car_18852" speed="0.00" length="5.00" type="DEFAULT_CAR"/>
    <instantOut id="212_D1" time="31446.25" state="stay" vehID="Car_18852" speed="0.00" length="5.00" type="DEFAULT_CAR"/>
    <instantOut id="212_D1" time="31446.50" state="stay" vehID="Car_18852" speed="0.00" length="5.00" type="DEFAULT_CAR"/>
    <instantOut id="212_D1" time="31446.75" state="stay" vehID="Car_18852" speed="0.00" length="5.00" type="DEFAULT_CAR"/>
    <instantOut id="212_D1" time="31447.00" state="stay" vehID="Car_18852" speed="0.00" length="5.00" type="DEFAULT_CAR"/>
    <instantOut id="212_D1" time="31447.25" state="stay" vehID="Car_18852" speed="0.00" length="5.00" type="DEFAULT_CAR"/>
    <instantOut id="212_D1" time="31447.50" state="stay" vehID="Car_18852" speed="0.00" length="5.00" type="DEFAULT_CAR"/>
    <instantOut id="212_D1" time="31447.75" state="stay" vehID="Car_18852" speed="0.00" length="5.00" type="DEFAULT_CAR"/>
    <instantOut id="212_D1" time="31448.00" state="stay" vehID="Car_18852" speed="0.00" length="5.00" type="DEFAULT_CAR"/>
    <instantOut id="212_D1" time="31448.25" state="stay" vehID="Car_18852" speed="0.00" length="5.00" type="DEFAULT_CAR"/>
    <instantOut id="212_D1" time="31448.50" state="stay" vehID="Car_18852" speed="0.00" length="5.00" type="DEFAULT_CAR"/>
    <instantOut id="212_D1" time="31448.75" state="stay" vehID="Car_18852" speed="0.00" length="5.00" type="DEFAULT_CAR"/>
    <instantOut id="212_D1" time="31449.00" state="stay" vehID="Car_18852" speed="0.93" length="5.00" type="DEFAULT_CAR"/>
    <instantOut id="212_D1" time="31449.25" state="stay" vehID="Car_18852" speed="1.84" length="5.00" type="DEFAULT_CAR"/>
    <instantOut id="212_D1" time="31449.37" state="leave" vehID="Car_18852" speed="2.51" length="5.00" type="DEFAULT_CAR" occupancy="12.52"/>
    <instantOut id="212_D1" time="34369.85" state="enter" vehID="Car_20401" speed="4.62" length="5.00" type="DEFAULT_CAR" gap="2920.47"/>
    <instantOut id="212_D1" time="34370.00" state="stay" vehID="Car_20401" speed="4.62" length="5.00" type="DEFAULT_CAR"/>
    <instantOut id="212_D1" time="34370.25" state="stay" vehID="Car_20401" speed="5.57" length="5.00" type="DEFAULT_CAR"/>
    <instantOut id="212_D1" time="34370.50" state="stay" vehID="Car_20401" speed="6.52" length="5.00" type="DEFAULT_CAR"/>
    <instantOut id="212_D1" time="34370.71" state="leave" vehID="Car_20401" speed="6.12" length="5.00" type="DEFAULT_CAR" occupancy="0.86"/>
    <instantOut id="212_D1" time="36838.78" state="enter" vehID="Car_22091" speed="4.45" length="5.00" type="DEFAULT_CAR" gap="2468.07"/>
    <instantOut id="212_D1" time="36839.00" state="stay" vehID="Car_22091" speed="4.45" length="5.00" type="DEFAULT_CAR"/>
    <instantOut id="212_D1" time="36839.25" state="stay" vehID="Car_22091" speed="3.70" length="5.00" type="DEFAULT_CAR"/>
    <instantOut id="212_D1" time="36839.50" state="stay" vehID="Car_22091" speed="2.95" length="5.00" type="DEFAULT_CAR"/>
    <instantOut id="212_D1" time="36839.75" state="stay" vehID="Car_22091" speed="2.26" length="5.00" type="DEFAULT_CAR"/>
    <instantOut id="212_D1" time="36840.00" state="stay" vehID="Car_22091" speed="1.77" length="5.00" type="DEFAULT_CAR"/>
    <instantOut id="212_D1" time="36840.25" state="stay" vehID="Car_22091" speed="1.02" length="5.00" type="DEFAULT_CAR"/>
    <instantOut id="212_D1" time="36840.50" state="stay" vehID="Car_22091" speed="0.33" length="5.00" type="DEFAULT_CAR"/>
    <instantOut id="212_D1" time="36840.75" state="stay" vehID="Car_22091" speed="1.26" length="5.00" type="DEFAULT_CAR"/>
    <instantOut id="212_D1" time="36841.00" state="stay" vehID="Car_22091" speed="2.07" length="5.00" type="DEFAULT_CAR"/>
    <instantOut id="212_D1" time="36841.06" state="leave" vehID="Car_22091" speed="2.75" length="5.00" type="DEFAULT_CAR" occupancy="2.28"/>
    <instantOut id="212_D1" time="36919.80" state="enter" vehID="Car_22092" speed="6.05" length="5.00" type="DEFAULT_CAR" gap="78.74"/>
    <instantOut id="212_D1" time="36920.00" state="stay" vehID="Car_22092" speed="6.05" length="5.00" type="DEFAULT_CAR"/>
    <instantOut id="212_D1" time="36920.25" state="stay" vehID="Car_22092" speed="5.49" length="5.00" type="DEFAULT_CAR"/>
    <instantOut id="212_D1" time="36920.50" state="stay" vehID="Car_22092" speed="4.74" length="5.00" type="DEFAULT_CAR"/>
    <instantOut id="212_D1" time="36920.75" state="stay" vehID="Car_22092" speed="3.99" length="5.00" type="DEFAULT_CAR"/>
    <instantOut id="212_D1" time="36920.82" state="leave" vehID="Car_22092" speed="3.74" length="5.00" type="DEFAULT_CAR" occupancy="1.01"/>
    <instantOut id="212_D1" time="37715.84" state="enter" vehID="Car_22264" speed="4.61" length="5.00" type="DEFAULT_CAR" gap="795.02"/>
    <instantOut id="212_D1" time="37716.00" state="stay" vehID="Car_22264" speed="4.61" length="5.00" type="DEFAULT_CAR"/>
    <instantOut id="212_D1" time="37716.25" state="stay" vehID="Car_22264" speed="5.56" length="5.00" type="DEFAULT_CAR"/>
    <instantOut id="212_D1" time="37716.50" state="stay" vehID="Car_22264" speed="6.51" length="5.00" type="DEFAULT_CAR"/>
    <instantOut id="212_D1" time="37716.71" state="leave" vehID="Car_22264" speed="5.76" length="5.00" type="DEFAULT_CAR" occupancy="0.88"/>
    <instantOut id="212_D1" time="40030.83" state="enter" vehID="Car_23090" speed="4.45" length="5.00" type="DEFAULT_CAR" gap="2314.11"/>
    <instantOut id="212_D1" time="40031.00" state="stay" vehID="Car_23090" speed="4.45" length="5.00" type="DEFAULT_CAR"/>
    <instantOut id="212_D1" time="40031.25" state="stay" vehID="Car_23090" speed="3.85" length="5.00" type="DEFAULT_CAR"/>
    <instantOut id="212_D1" time="40031.50" state="stay" vehID="Car_23090" speed="3.10" length="5.00" type="DEFAULT_CAR"/>
    <instantOut id="212_D1" time="40031.75" state="stay" vehID="Car_23090" speed="2.49" length="5.00" type="DEFAULT_CAR"/>
    <instantOut id="212_D1" time="40032.00" state="stay" vehID="Car_23090" speed="1.78" length="5.00" type="DEFAULT_CAR"/>
    <instantOut id="212_D1" time="40032.25" state="stay" vehID="Car_23090" speed="1.18" length="5.00" type="DEFAULT_CAR"/>
    <instantOut id="212_D1" time="40032.50" state="stay" vehID="Car_23090" speed="0.47" length="5.00" type="DEFAULT_CAR"/>
    <instantOut id="212_D1" time="40032.75" state="stay" vehID="Car_23090" speed="0.03" length="5.00" type="DEFAULT_CAR"/>
    <instantOut id="212_D1" time="40033.00" state="stay" vehID="Car_23090" speed="0.00" length="5.00" type="DEFAULT_CAR"/>
    <instantOut id="212_D1" time="40033.25" state="stay" vehID="Car_23090" speed="0.00" length="5.00" type="DEFAULT_CAR"/>
    <instantOut id="212_D1" time="40033.50" state="stay" vehID="Car_23090" speed="0.00" length="5.00" type="DEFAULT_CAR"/>
    <instantOut id="212_D1" time="40033.75" state="stay" vehID="Car_23090" speed="0.00" length="5.00" type="DEFAULT_CAR"/>
    <instantOut id="212_D1" time="40034.00" state="stay" vehID="Car_23090" speed="0.00" length="5.00" type="DEFAULT_CAR"/>
    <instantOut id="212_D1" time="40034.25" state="stay" vehID="Car_23090" speed="0.00" length="5.00" type="DEFAULT_CAR"/>
    <instantOut id="212_D1" time="40034.50" state="stay" vehID="Car_23090" speed="0.00" length="5.00" type="DEFAULT_CAR"/>
    <instantOut id="212_D1" time="40034.75" state="stay" vehID="Car_23090" speed="0.00" length="5.00" type="DEFAULT_CAR"/>
    <instantOut id="212_D1" time="40035.00" state="stay" vehID="Car_23090" speed="0.00" length="5.00" type="DEFAULT_CAR"/>
    <instantOut id="212_D1" time="40035.25" state="stay" vehID="Car_23090" speed="0.00" length="5.00" type="DEFAULT_CAR"/>
    <instantOut id="212_D1" time="40035.50" state="stay" vehID="Car_23090" speed="0.00" length="5.00" type="DEFAULT_CAR"/>
    <instantOut id="212_D1" time="40035.75" state="stay" vehID="Car_23090" speed="0.00" length="5.00" type="DEFAULT_CAR"/>
    <instantOut id="212_D1" time="40036.00" state="stay" vehID="Car_23090" speed="0.00" length="5.00" type="DEFAULT_CAR"/>
    <instantOut id="212_D1" time="40036.25" state="stay" vehID="Car_23090" speed="0.00" length="5.00" type="DEFAULT_CAR"/>
    <instantOut id="212_D1" time="40036.50" state="stay" vehID="Car_23090" speed="0.00" length="5.00" type="DEFAULT_CAR"/>
    <instantOut id="212_D1" time="40036.75" state="stay" vehID="Car_23090" speed="0.00" length="5.00" type="DEFAULT_CAR"/>
    <instantOut id="212_D1" time="40037.00" state="stay" vehID="Car_23090" speed="0.00" length="5.00" type="DEFAULT_CAR"/>
    <instantOut id="212_D1" time="40037.25" state="stay" vehID="Car_23090" speed="0.00" length="5.00" type="DEFAULT_CAR"/>
    <instantOut id="212_D1" time="40037.50" state="stay" vehID="Car_23090" speed="0.00" length="5.00" type="DEFAULT_CAR"/>
    <instantOut id="212_D1" time="40037.75" state="stay" vehID="Car_23090" speed="0.00" length="5.00" type="DEFAULT_CAR"/>
    <instantOut id="212_D1" time="40038.00" state="stay" vehID="Car_23090" speed="0.00" length="5.00" type="DEFAULT_CAR"/>
    <instantOut id="212_D1" time="40038.25" state="stay" vehID="Car_23090" speed="0.00" length="5.00" type="DEFAULT_CAR"/>
    <instantOut id="212_D1" time="40038.50" state="stay" vehID="Car_23090" speed="0.00" length="5.00" type="DEFAULT_CAR"/>
    <instantOut id="212_D1" time="40038.75" state="stay" vehID="Car_23090" speed="0.00" length="5.00" type="DEFAULT_CAR"/>
    <instantOut id="212_D1" time="40039.00" state="stay" vehID="Car_23090" speed="0.00" length="5.00" type="DEFAULT_CAR"/>
    <instantOut id="212_D1" time="40039.25" state="stay" vehID="Car_23090" speed="0.00" length="5.00" type="DEFAULT_CAR"/>
    <instantOut id="212_D1" time="40039.50" state="stay" vehID="Car_23090" speed="0.00" length="5.00" type="DEFAULT_CAR"/>
    <instantOut id="212_D1" time="40039.75" state="stay" vehID="Car_23090" speed="0.00" length="5.00" type="DEFAULT_CAR"/>
    <instantOut id="212_D1" time="40040.00" state="stay" vehID="Car_23090" speed="0.00" length="5.00" type="DEFAULT_CAR"/>
    <instantOut id="212_D1" time="40040.25" state="stay" vehID="Car_23090" speed="0.00" length="5.00" type="DEFAULT_CAR"/>
    <instantOut id="212_D1" time="40040.50" state="stay" vehID="Car_23090" speed="0.00" length="5.00" type="DEFAULT_CAR"/>
    <instantOut id="212_D1" time="40040.75" state="stay" vehID="Car_23090" speed="0.00" length="5.00" type="DEFAULT_CAR"/>
    <instantOut id="212_D1" time="40041.00" state="stay" vehID="Car_23090" speed="0.00" length="5.00" type="DEFAULT_CAR"/>
    <instantOut id="212_D1" time="40041.25" state="stay" vehID="Car_23090" speed="0.00" length="5.00" type="DEFAULT_CAR"/>
    <instantOut id="212_D1" time="40041.50" state="stay" vehID="Car_23090" speed="0.00" length="5.00" type="DEFAULT_CAR"/>
    <instantOut id="212_D1" time="40041.75" state="stay" vehID="Car_23090" speed="0.00" length="5.00" type="DEFAULT_CAR"/>
    <instantOut id="212_D1" time="40042.00" state="stay" vehID="Car_23090" speed="0.00" length="5.00" type="DEFAULT_CAR"/>
    <instantOut id="212_D1" time="40042.25" state="stay" vehID="Car_23090" speed="0.00" length="5.00" type="DEFAULT_CAR"/>
    <instantOut id="212_D1" time="40042.50" state="stay" vehID="Car_23090" speed="0.00" length="5.00" type="DEFAULT_CAR"/>
    <instantOut id="212_D1" time="40042.75" state="stay" vehID="Car_23090" speed="0.00" length="5.00" type="DEFAULT_CAR"/>
    <instantOut id="212_D1" time="40043.00" state="stay" vehID="Car_23090" speed="0.00" length="5.00" type="DEFAULT_CAR"/>
    <instantOut id="212_D1" time="40043.25" state="stay" vehID="Car_23090" speed="0.00" length="5.00" type="DEFAULT_CAR"/>
    <instantOut id="212_D1" time="40043.50" state="stay" vehID="Car_23090" speed="0.00" length="5.00" type="DEFAULT_CAR"/>
    <instantOut id="212_D1" time="40043.75" state="stay" vehID="Car_23090" speed="0.00" length="5.00" type="DEFAULT_CAR"/>
    <instantOut id="212_D1" time="40044.00" state="stay" vehID="Car_23090" speed="0.00" length="5.00" type="DEFAULT_CAR"/>
    <instantOut id="212_D1" time="40044.25" state="stay" vehID="Car_23090" speed="0.00" length="5.00" type="DEFAULT_CAR"/>
    <instantOut id="212_D1" time="40044.50" state="stay" vehID="Car_23090" speed="0.00" length="5.00" type="DEFAULT_CAR"/>
    <instantOut id="212_D1" time="40044.75" state="stay" vehID="Car_23090" speed="0.00" length="5.00" type="DEFAULT_CAR"/>
    <instantOut id="212_D1" time="40045.00" state="stay" vehID="Car_23090" speed="0.00" length="5.00" type="DEFAULT_CAR"/>
    <instantOut id="212_D1" time="40045.25" state="stay" vehID="Car_23090" speed="0.00" length="5.00" type="DEFAULT_CAR"/>
    <instantOut id="212_D1" time="40045.50" state="stay" vehID="Car_23090" speed="0.00" length="5.00" type="DEFAULT_CAR"/>
    <instantOut id="212_D1" time="40045.75" state="stay" vehID="Car_23090" speed="0.00" length="5.00" type="DEFAULT_CAR"/>
    <instantOut id="212_D1" time="40046.00" state="stay" vehID="Car_23090" speed="0.00" length="5.00" type="DEFAULT_CAR"/>
    <instantOut id="212_D1" time="40046.25" state="stay" vehID="Car_23090" speed="0.00" length="5.00" type="DEFAULT_CAR"/>
    <instantOut id="212_D1" time="40046.50" state="stay" vehID="Car_23090" speed="0.00" length="5.00" type="DEFAULT_CAR"/>
    <instantOut id="212_D1" time="40046.75" state="stay" vehID="Car_23090" speed="0.00" length="5.00" type="DEFAULT_CAR"/>
    <instantOut id="212_D1" time="40047.00" state="stay" vehID="Car_23090" speed="0.00" length="5.00" type="DEFAULT_CAR"/>
    <instantOut id="212_D1" time="40047.25" state="stay" vehID="Car_23090" speed="0.00" length="5.00" type="DEFAULT_CAR"/>
    <instantOut id="212_D1" time="40047.50" state="stay" vehID="Car_23090" speed="0.00" length="5.00" type="DEFAULT_CAR"/>
    <instantOut id="212_D1" time="40047.75" state="stay" vehID="Car_23090" speed="0.00" length="5.00" type="DEFAULT_CAR"/>
    <instantOut id="212_D1" time="40048.00" state="stay" vehID="Car_23090" speed="0.00" length="5.00" type="DEFAULT_CAR"/>
    <instantOut id="212_D1" time="40048.25" state="stay" vehID="Car_23090" speed="0.00" length="5.00" type="DEFAULT_CAR"/>
    <instantOut id="212_D1" time="40048.50" state="stay" vehID="Car_23090" speed="0.00" length="5.00" type="DEFAULT_CAR"/>
    <instantOut id="212_D1" time="40048.75" state="stay" vehID="Car_23090" speed="0.00" length="5.00" type="DEFAULT_CAR"/>
    <instantOut id="212_D1" time="40049.00" state="stay" vehID="Car_23090" speed="0.00" length="5.00" type="DEFAULT_CAR"/>
    <instantOut id="212_D1" time="40049.25" state="stay" vehID="Car_23090" speed="0.00" length="5.00" type="DEFAULT_CAR"/>
    <instantOut id="212_D1" time="40049.50" state="stay" vehID="Car_23090" speed="0.00" length="5.00" type="DEFAULT_CAR"/>
    <instantOut id="212_D1" time="40049.75" state="stay" vehID="Car_23090" speed="0.00" length="5.00" type="DEFAULT_CAR"/>
    <instantOut id="212_D1" time="40050.00" state="stay" vehID="Car_23090" speed="0.00" length="5.00" type="DEFAULT_CAR"/>
    <instantOut id="212_D1" time="40050.25" state="stay" vehID="Car_23090" speed="0.00" length="5.00" type="DEFAULT_CAR"/>
    <instantOut id="212_D1" time="40050.50" state="stay" vehID="Car_23090" speed="0.00" length="5.00" type="DEFAULT_CAR"/>
    <instantOut id="212_D1" time="40050.75" state="stay" vehID="Car_23090" speed="0.00" length="5.00" type="DEFAULT_CAR"/>
    <instantOut id="212_D1" time="40051.00" state="stay" vehID="Car_23090" speed="0.00" length="5.00" type="DEFAULT_CAR"/>
    <instantOut id="212_D1" time="40051.25" state="stay" vehID="Car_23090" speed="0.00" length="5.00" type="DEFAULT_CAR"/>
    <instantOut id="212_D1" time="40051.50" state="stay" vehID="Car_23090" speed="0.00" length="5.00" type="DEFAULT_CAR"/>
    <instantOut id="212_D1" time="40051.75" state="stay" vehID="Car_23090" speed="0.00" length="5.00" type="DEFAULT_CAR"/>
    <instantOut id="212_D1" time="40052.00" state="stay" vehID="Car_23090" speed="0.00" length="5.00" type="DEFAULT_CAR"/>
    <instantOut id="212_D1" time="40052.25" state="stay" vehID="Car_23090" speed="0.00" length="5.00" type="DEFAULT_CAR"/>
    <instantOut id="212_D1" time="40052.50" state="stay" vehID="Car_23090" speed="0.00" length="5.00" type="DEFAULT_CAR"/>
    <instantOut id="212_D1" time="40052.75" state="stay" vehID="Car_23090" speed="0.00" length="5.00" type="DEFAULT_CAR"/>
    <instantOut id="212_D1" time="40053.00" state="stay" vehID="Car_23090" speed="0.00" length="5.00" type="DEFAULT_CAR"/>
    <instantOut id="212_D1" time="40053.25" state="stay" vehID="Car_23090" speed="0.00" length="5.00" type="DEFAULT_CAR"/>
    <instantOut id="212_D1" time="40053.50" state="stay" vehID="Car_23090" speed="0.00" length="5.00" type="DEFAULT_CAR"/>
    <instantOut id="212_D1" time="40053.75" state="stay" vehID="Car_23090" speed="0.00" length="5.00" type="DEFAULT_CAR"/>
    <instantOut id="212_D1" time="40054.00" state="stay" vehID="Car_23090" speed="0.00" length="5.00" type="DEFAULT_CAR"/>
    <instantOut id="212_D1" time="40054.25" state="stay" vehID="Car_23090" speed="0.00" length="5.00" type="DEFAULT_CAR"/>
    <instantOut id="212_D1" time="40054.50" state="stay" vehID="Car_23090" speed="0.00" length="5.00" type="DEFAULT_CAR"/>
    <instantOut id="212_D1" time="40054.75" state="stay" vehID="Car_23090" speed="0.00" length="5.00" type="DEFAULT_CAR"/>
    <instantOut id="212_D1" time="40055.00" state="stay" vehID="Car_23090" speed="0.00" length="5.00" type="DEFAULT_CAR"/>
    <instantOut id="212_D1" time="40055.25" state="stay" vehID="Car_23090" speed="0.00" length="5.00" type="DEFAULT_CAR"/>
    <instantOut id="212_D1" time="40055.50" state="stay" vehID="Car_23090" speed="0.00" length="5.00" type="DEFAULT_CAR"/>
    <instantOut id="212_D1" time="40055.75" state="stay" vehID="Car_23090" speed="0.00" length="5.00" type="DEFAULT_CAR"/>
    <instantOut id="212_D1" time="40056.00" state="stay" vehID="Car_23090" speed="0.00" length="5.00" type="DEFAULT_CAR"/>
    <instantOut id="212_D1" time="40056.25" state="stay" vehID="Car_23090" speed="0.00" length="5.00" type="DEFAULT_CAR"/>
    <instantOut id="212_D1" time="40056.50" state="stay" vehID="Car_23090" speed="0.00" length="5.00" type="DEFAULT_CAR"/>
    <instantOut id="212_D1" time="40056.75" state="stay" vehID="Car_23090" speed="0.00" length="5.00" type="DEFAULT_CAR"/>
    <instantOut id="212_D1" time="40057.00" state="stay" vehID="Car_23090" speed="0.00" length="5.00" type="DEFAULT_CAR"/>
    <instantOut id="212_D1" time="40057.25" state="stay" vehID="Car_23090" speed="0.00" length="5.00" type="DEFAULT_CAR"/>
    <instantOut id="212_D1" time="40057.50" state="stay" vehID="Car_23090" speed="0.00" length="5.00" type="DEFAULT_CAR"/>
    <instantOut id="212_D1" time="40057.75" state="stay" vehID="Car_23090" speed="0.00" length="5.00" type="DEFAULT_CAR"/>
    <instantOut id="212_D1" time="40058.00" state="stay" vehID="Car_23090" speed="0.00" length="5.00" type="DEFAULT_CAR"/>
    <instantOut id="212_D1" time="40058.25" state="stay" vehID="Car_23090" speed="0.00" length="5.00" type="DEFAULT_CAR"/>
    <instantOut id="212_D1" time="40058.50" state="stay" vehID="Car_23090" speed="0.00" length="5.00" type="DEFAULT_CAR"/>
    <instantOut id="212_D1" time="40058.75" state="stay" vehID="Car_23090" speed="0.00" length="5.00" type="DEFAULT_CAR"/>
    <instantOut id="212_D1" time="40059.00" state="stay" vehID="Car_23090" speed="0.00" length="5.00" type="DEFAULT_CAR"/>
    <instantOut id="212_D1" time="40059.25" state="stay" vehID="Car_23090" speed="0.00" length="5.00" type="DEFAULT_CAR"/>
    <instantOut id="212_D1" time="40059.50" state="stay" vehID="Car_23090" speed="0.00" length="5.00" type="DEFAULT_CAR"/>
    <instantOut id="212_D1" time="40059.75" state="stay" vehID="Car_23090" speed="0.00" length="5.00" type="DEFAULT_CAR"/>
    <instantOut id="212_D1" time="40060.00" state="stay" vehID="Car_23090" speed="0.00" length="5.00" type="DEFAULT_CAR"/>
    <instantOut id="212_D1" time="40060.25" state="stay" vehID="Car_23090" speed="0.00" length="5.00" type="DEFAULT_CAR"/>
    <instantOut id="212_D1" time="40060.50" state="stay" vehID="Car_23090" speed="0.00" length="5.00" type="DEFAULT_CAR"/>
    <instantOut id="212_D1" time="40060.75" state="stay" vehID="Car_23090" speed="0.00" length="5.00" type="DEFAULT_CAR"/>
    <instantOut id="212_D1" time="40061.00" state="stay" vehID="Car_23090" speed="0.00" length="5.00" type="DEFAULT_CAR"/>
    <instantOut id="212_D1" time="40061.25" state="stay" vehID="Car_23090" speed="0.00" length="5.00" type="DEFAULT_CAR"/>
    <instantOut id="212_D1" time="40061.50" state="stay" vehID="Car_23090" speed="0.00" length="5.00" type="DEFAULT_CAR"/>
    <instantOut id="212_D1" time="40061.75" state="stay" vehID="Car_23090" speed="0.00" length="5.00" type="DEFAULT_CAR"/>
    <instantOut id="212_D1" time="40062.00" state="stay" vehID="Car_23090" speed="0.00" length="5.00" type="DEFAULT_CAR"/>
    <instantOut id="212_D1" time="40062.25" state="stay" vehID="Car_23090" speed="0.00" length="5.00" type="DEFAULT_CAR"/>
    <instantOut id="212_D1" time="40062.50" state="stay" vehID="Car_23090" speed="0.00" length="5.00" type="DEFAULT_CAR"/>
    <instantOut id="212_D1" time="40062.75" state="stay" vehID="Car_23090" speed="0.00" length="5.00" type="DEFAULT_CAR"/>
    <instantOut id="212_D1" time="40063.00" state="stay" vehID="Car_23090" speed="0.00" length="5.00" type="DEFAULT_CAR"/>
    <instantOut id="212_D1" time="40063.25" state="stay" vehID="Car_23090" speed="0.00" length="5.00" type="DEFAULT_CAR"/>
    <instantOut id="212_D1" time="40063.50" state="stay" vehID="Car_23090" speed="0.00" length="5.00" type="DEFAULT_CAR"/>
    <instantOut id="212_D1" time="40063.75" state="stay" vehID="Car_23090" speed="0.00" length="5.00" type="DEFAULT_CAR"/>
    <instantOut id="212_D1" time="40064.00" state="stay" vehID="Car_23090" speed="0.00" length="5.00" type="DEFAULT_CAR"/>
    <instantOut id="212_D1" time="40064.25" state="stay" vehID="Car_23090" speed="0.00" length="5.00" type="DEFAULT_CAR"/>
    <instantOut id="212_D1" time="40064.50" state="stay" vehID="Car_23090" speed="0.00" length="5.00" type="DEFAULT_CAR"/>
    <instantOut id="212_D1" time="40064.75" state="stay" vehID="Car_23090" speed="0.00" length="5.00" type="DEFAULT_CAR"/>
    <instantOut id="212_D1" time="40065.00" state="stay" vehID="Car_23090" speed="0.00" length="5.00" type="DEFAULT_CAR"/>
    <instantOut id="212_D1" time="40065.25" state="stay" vehID="Car_23090" speed="0.00" length="5.00" type="DEFAULT_CAR"/>
    <instantOut id="212_D1" time="40065.50" state="stay" vehID="Car_23090" speed="0.00" length="5.00" type="DEFAULT_CAR"/>
    <instantOut id="212_D1" time="40065.75" state="stay" vehID="Car_23090" speed="0.00" length="5.00" type="DEFAULT_CAR"/>
    <instantOut id="212_D1" time="40066.00" state="stay" vehID="Car_23090" speed="0.00" length="5.00" type="DEFAULT_CAR"/>
    <instantOut id="212_D1" time="40066.25" state="stay" vehID="Car_23090" speed="0.00" length="5.00" type="DEFAULT_CAR"/>
    <instantOut id="212_D1" time="40066.50" state="stay" vehID="Car_23090" speed="0.00" length="5.00" type="DEFAULT_CAR"/>
    <instantOut id="212_D1" time="40066.75" state="stay" vehID="Car_23090" speed="0.00" length="5.00" type="DEFAULT_CAR"/>
    <instantOut id="212_D1" time="40067.00" state="stay" vehID="Car_23090" speed="0.00" length="5.00" type="DEFAULT_CAR"/>
    <instantOut id="212_D1" time="40067.25" state="stay" vehID="Car_23090" speed="0.00" length="5.00" type="DEFAULT_CAR"/>
    <instantOut id="212_D1" time="40067.50" state="stay" vehID="Car_23090" speed="0.00" length="5.00" type="DEFAULT_CAR"/>
    <instantOut id="212_D1" time="40067.75" state="stay" vehID="Car_23090" speed="0.00" length="5.00" type="DEFAULT_CAR"/>
    <instantOut id="212_D1" time="40068.00" state="stay" vehID="Car_23090" speed="0.00" length="5.00" type="DEFAULT_CAR"/>
    <instantOut id="212_D1" time="40068.25" state="stay" vehID="Car_23090" speed="0.00" length="5.00" type="DEFAULT_CAR"/>
    <instantOut id="212_D1" time="40068.50" state="stay" vehID="Car_23090" speed="0.00" length="5.00" type="DEFAULT_CAR"/>
    <instantOut id="212_D1" time="40068.75" state="stay" vehID="Car_23090" speed="0.00" length="5.00" type="DEFAULT_CAR"/>
    <instantOut id="212_D1" time="40069.00" state="stay" vehID="Car_23090" speed="0.00" length="5.00" type="DEFAULT_CAR"/>
    <instantOut id="212_D1" time="40069.25" state="stay" vehID="Car_23090" speed="0.00" length="5.00" type="DEFAULT_CAR"/>
    <instantOut id="212_D1" time="40069.50" state="stay" vehID="Car_23090" speed="0.00" length="5.00" type="DEFAULT_CAR"/>
    <instantOut id="212_D1" time="40069.75" state="stay" vehID="Car_23090" speed="0.00" length="5.00" type="DEFAULT_CAR"/>
    <instantOut id="212_D1" time="40070.00" state="stay" vehID="Car_23090" speed="0.00" length="5.00" type="DEFAULT_CAR"/>
    <instantOut id="212_D1" time="40070.25" state="stay" vehID="Car_23090" speed="0.00" length="5.00" type="DEFAULT_CAR"/>
    <instantOut id="212_D1" time="40070.50" state="stay" vehID="Car_23090" speed="0.00" length="5.00" type="DEFAULT_CAR"/>
    <instantOut id="212_D1" time="40070.75" state="stay" vehID="Car_23090" speed="0.00" length="5.00" type="DEFAULT_CAR"/>
    <instantOut id="212_D1" time="40071.00" state="stay" vehID="Car_23090" speed="0.00" length="5.00" type="DEFAULT_CAR"/>
    <instantOut id="212_D1" time="40071.25" state="stay" vehID="Car_23090" speed="0.00" length="5.00" type="DEFAULT_CAR"/>
    <instantOut id="212_D1" time="40071.50" state="stay" vehID="Car_23090" speed="0.86" length="5.00" type="DEFAULT_CAR"/>
    <instantOut id="212_D1" time="40071.75" state="stay" vehID="Car_23090" speed="1.64" length="5.00" type="DEFAULT_CAR"/>
    <instantOut id="212_D1" time="40071.90" state="leave" vehID="Car_23090" speed="2.44" length="5.00" type="DEFAULT_CAR" occupancy="41.08"/>
    <instantOut id="212_D1" time="40342.76" state="enter" vehID="Car_23226" speed="4.43" length="5.00" type="DEFAULT_CAR" gap="270.85"/>
    <instantOut id="212_D1" time="40343.00" state="stay" vehID="Car_23226" speed="4.43" length="5.00" type="DEFAULT_CAR"/>
    <instantOut id="212_D1" time="40343.25" state="stay" vehID="Car_23226" speed="3.68" length="5.00" type="DEFAULT_CAR"/>
    <instantOut id="212_D1" time="40343.50" state="stay" vehID="Car_23226" speed="2.93" length="5.00" type="DEFAULT_CAR"/>
    <instantOut id="212_D1" time="40343.75" state="stay" vehID="Car_23226" speed="2.22" length="5.00" type="DEFAULT_CAR"/>
    <instantOut id="212_D1" time="40344.00" state="stay" vehID="Car_23226" speed="1.65" length="5.00" type="DEFAULT_CAR"/>
    <instantOut id="212_D1" time="40344.25" state="stay" vehID="Car_23226" speed="0.90" length="5.00" type="DEFAULT_CAR"/>
    <instantOut id="212_D1" time="40344.50" state="stay" vehID="Car_23226" speed="0.27" length="5.00" type="DEFAULT_CAR"/>
    <instantOut id="212_D1" time="40344.75" state="stay" vehID="Car_23226" speed="0.00" length="5.00" type="DEFAULT_CAR"/>
    <instantOut id="212_D1" time="40345.00" state="stay" vehID="Car_23226" speed="0.00" length="5.00" type="DEFAULT_CAR"/>
    <instantOut id="212_D1" time="40345.25" state="stay" vehID="Car_23226" speed="0.00" length="5.00" type="DEFAULT_CAR"/>
    <instantOut id="212_D1" time="40345.50" state="stay" vehID="Car_23226" speed="0.00" length="5.00" type="DEFAULT_CAR"/>
    <instantOut id="212_D1" time="40345.75" state="stay" vehID="Car_23226" speed="0.00" length="5.00" type="DEFAULT_CAR"/>
    <instantOut id="212_D1" time="40346.00" state="stay" vehID="Car_23226" speed="0.00" length="5.00" type="DEFAULT_CAR"/>
    <instantOut id="212_D1" time="40346.25" state="stay" vehID="Car_23226" speed="0.00" length="5.00" type="DEFAULT_CAR"/>
    <instantOut id="212_D1" time="40346.50" state="stay" vehID="Car_23226" speed="0.00" length="5.00" type="DEFAULT_CAR"/>
    <instantOut id="212_D1" time="40346.75" state="stay" vehID="Car_23226" speed="0.00" length="5.00" type="DEFAULT_CAR"/>
    <instantOut id="212_D1" time="40347.00" state="stay" vehID="Car_23226" speed="0.00" length="5.00" type="DEFAULT_CAR"/>
    <instantOut id="212_D1" time="40347.25" state="stay" vehID="Car_23226" speed="0.00" length="5.00" type="DEFAULT_CAR"/>
    <instantOut id="212_D1" time="40347.50" state="stay" vehID="Car_23226" speed="0.00" length="5.00" type="DEFAULT_CAR"/>
    <instantOut id="212_D1" time="40347.75" state="stay" vehID="Car_23226" speed="0.00" length="5.00" type="DEFAULT_CAR"/>
    <instantOut id="212_D1" time="40348.00" state="stay" vehID="Car_23226" speed="0.00" length="5.00" type="DEFAULT_CAR"/>
    <instantOut id="212_D1" time="40348.25" state="stay" vehID="Car_23226" speed="0.00" length="5.00" type="DEFAULT_CAR"/>
    <instantOut id="212_D1" time="40348.50" state="stay" vehID="Car_23226" speed="0.00" length="5.00" type="DEFAULT_CAR"/>
    <instantOut id="212_D1" time="40348.75" state="stay" vehID="Car_23226" speed="0.00" length="5.00" type="DEFAULT_CAR"/>
    <instantOut id="212_D1" time="40349.00" state="stay" vehID="Car_23226" speed="0.00" length="5.00" type="DEFAULT_CAR"/>
    <instantOut id="212_D1" time="40349.25" state="stay" vehID="Car_23226" speed="0.00" length="5.00" type="DEFAULT_CAR"/>
    <instantOut id="212_D1" time="40349.50" state="stay" vehID="Car_23226" speed="0.00" length="5.00" type="DEFAULT_CAR"/>
    <instantOut id="212_D1" time="40349.75" state="stay" vehID="Car_23226" speed="0.00" length="5.00" type="DEFAULT_CAR"/>
    <instantOut id="212_D1" time="40350.00" state="stay" vehID="Car_23226" speed="0.00" length="5.00" type="DEFAULT_CAR"/>
    <instantOut id="212_D1" time="40350.25" state="stay" vehID="Car_23226" speed="0.00" length="5.00" type="DEFAULT_CAR"/>
    <instantOut id="212_D1" time="40350.50" state="stay" vehID="Car_23226" speed="0.00" length="5.00" type="DEFAULT_CAR"/>
    <instantOut id="212_D1" time="40350.75" state="stay" vehID="Car_23226" speed="0.00" length="5.00" type="DEFAULT_CAR"/>
    <instantOut id="212_D1" time="40351.00" state="stay" vehID="Car_23226" speed="0.00" length="5.00" type="DEFAULT_CAR"/>
    <instantOut id="212_D1" time="40351.25" state="stay" vehID="Car_23226" speed="0.00" length="5.00" type="DEFAULT_CAR"/>
    <instantOut id="212_D1" time="40351.50" state="stay" vehID="Car_23226" speed="0.00" length="5.00" type="DEFAULT_CAR"/>
    <instantOut id="212_D1" time="40351.75" state="stay" vehID="Car_23226" speed="0.00" length="5.00" type="DEFAULT_CAR"/>
    <instantOut id="212_D1" time="40352.00" state="stay" vehID="Car_23226" speed="0.00" length="5.00" type="DEFAULT_CAR"/>
    <instantOut id="212_D1" time="40352.25" state="stay" vehID="Car_23226" speed="0.00" length="5.00" type="DEFAULT_CAR"/>
    <instantOut id="212_D1" time="40352.50" state="stay" vehID="Car_23226" speed="0.00" length="5.00" type="DEFAULT_CAR"/>
    <instantOut id="212_D1" time="40352.75" state="stay" vehID="Car_23226" speed="0.00" length="5.00" type="DEFAULT_CAR"/>
    <instantOut id="212_D1" time="40353.00" state="stay" vehID="Car_23226" speed="0.00" length="5.00" type="DEFAULT_CAR"/>
    <instantOut id="212_D1" time="40353.25" state="stay" vehID="Car_23226" speed="0.00" length="5.00" type="DEFAULT_CAR"/>
    <instantOut id="212_D1" time="40353.50" state="stay" vehID="Car_23226" speed="0.00" length="5.00" type="DEFAULT_CAR"/>
    <instantOut id="212_D1" time="40353.75" state="stay" vehID="Car_23226" speed="0.00" length="5.00" type="DEFAULT_CAR"/>
    <instantOut id="212_D1" time="40354.00" state="stay" vehID="Car_23226" speed="0.00" length="5.00" type="DEFAULT_CAR"/>
    <instantOut id="212_D1" time="40354.25" state="stay" vehID="Car_23226" speed="0.00" length="5.00" type="DEFAULT_CAR"/>
    <instantOut id="212_D1" time="40354.50" state="stay" vehID="Car_23226" speed="0.00" length="5.00" type="DEFAULT_CAR"/>
    <instantOut id="212_D1" time="40354.75" state="stay" vehID="Car_23226" speed="0.00" length="5.00" type="DEFAULT_CAR"/>
    <instantOut id="212_D1" time="40355.00" state="stay" vehID="Car_23226" speed="0.00" length="5.00" type="DEFAULT_CAR"/>
    <instantOut id="212_D1" time="40355.25" state="stay" vehID="Car_23226" speed="0.00" length="5.00" type="DEFAULT_CAR"/>
    <instantOut id="212_D1" time="40355.50" state="stay" vehID="Car_23226" speed="0.00" length="5.00" type="DEFAULT_CAR"/>
    <instantOut id="212_D1" time="40355.75" state="stay" vehID="Car_23226" speed="0.00" length="5.00" type="DEFAULT_CAR"/>
    <instantOut id="212_D1" time="40356.00" state="stay" vehID="Car_23226" speed="0.00" length="5.00" type="DEFAULT_CAR"/>
    <instantOut id="212_D1" time="40356.25" state="stay" vehID="Car_23226" speed="0.00" length="5.00" type="DEFAULT_CAR"/>
    <instantOut id="212_D1" time="40356.50" state="stay" vehID="Car_23226" speed="0.00" length="5.00" type="DEFAULT_CAR"/>
    <instantOut id="212_D1" time="40356.75" state="stay" vehID="Car_23226" speed="0.00" length="5.00" type="DEFAULT_CAR"/>
    <instantOut id="212_D1" time="40357.00" state="stay" vehID="Car_23226" speed="0.00" length="5.00" type="DEFAULT_CAR"/>
    <instantOut id="212_D1" time="40357.25" state="stay" vehID="Car_23226" speed="0.00" length="5.00" type="DEFAULT_CAR"/>
    <instantOut id="212_D1" time="40357.50" state="stay" vehID="Car_23226" speed="0.00" length="5.00" type="DEFAULT_CAR"/>
    <instantOut id="212_D1" time="40357.75" state="stay" vehID="Car_23226" speed="0.00" length="5.00" type="DEFAULT_CAR"/>
    <instantOut id="212_D1" time="40358.00" state="stay" vehID="Car_23226" speed="0.00" length="5.00" type="DEFAULT_CAR"/>
    <instantOut id="212_D1" time="40358.25" state="stay" vehID="Car_23226" speed="0.00" length="5.00" type="DEFAULT_CAR"/>
    <instantOut id="212_D1" time="40358.50" state="stay" vehID="Car_23226" speed="0.00" length="5.00" type="DEFAULT_CAR"/>
    <instantOut id="212_D1" time="40358.75" state="stay" vehID="Car_23226" speed="0.00" length="5.00" type="DEFAULT_CAR"/>
    <instantOut id="212_D1" time="40359.00" state="stay" vehID="Car_23226" speed="0.00" length="5.00" type="DEFAULT_CAR"/>
    <instantOut id="212_D1" time="40359.25" state="stay" vehID="Car_23226" speed="0.00" length="5.00" type="DEFAULT_CAR"/>
    <instantOut id="212_D1" time="40359.50" state="stay" vehID="Car_23226" speed="0.00" length="5.00" type="DEFAULT_CAR"/>
    <instantOut id="212_D1" time="40359.75" state="stay" vehID="Car_23226" speed="0.00" length="5.00" type="DEFAULT_CAR"/>
    <instantOut id="212_D1" time="40360.00" state="stay" vehID="Car_23226" speed="0.00" length="5.00" type="DEFAULT_CAR"/>
    <instantOut id="212_D1" time="40360.25" state="stay" vehID="Car_23226" speed="0.00" length="5.00" type="DEFAULT_CAR"/>
    <instantOut id="212_D1" time="40360.50" state="stay" vehID="Car_23226" speed="0.00" length="5.00" type="DEFAULT_CAR"/>
    <instantOut id="212_D1" time="40360.75" state="stay" vehID="Car_23226" speed="0.00" length="5.00" type="DEFAULT_CAR"/>
    <instantOut id="212_D1" time="40361.00" state="stay" vehID="Car_23226" speed="0.00" length="5.00" type="DEFAULT_CAR"/>
    <instantOut id="212_D1" time="40361.25" state="stay" vehID="Car_23226" speed="0.00" length="5.00" type="DEFAULT_CAR"/>
    <instantOut id="212_D1" time="40361.50" state="stay" vehID="Car_23226" speed="0.00" length="5.00" type="DEFAULT_CAR"/>
    <instantOut id="212_D1" time="40361.75" state="stay" vehID="Car_23226" speed="0.00" length="5.00" type="DEFAULT_CAR"/>
    <instantOut id="212_D1" time="40362.00" state="stay" vehID="Car_23226" speed="0.00" length="5.00" type="DEFAULT_CAR"/>
    <instantOut id="212_D1" time="40362.25" state="stay" vehID="Car_23226" speed="0.00" length="5.00" type="DEFAULT_CAR"/>
    <instantOut id="212_D1" time="40362.50" state="stay" vehID="Car_23226" speed="0.00" length="5.00" type="DEFAULT_CAR"/>
    <instantOut id="212_D1" time="40362.75" state="stay" vehID="Car_23226" speed="0.00" length="5.00" type="DEFAULT_CAR"/>
    <instantOut id="212_D1" time="40363.00" state="stay" vehID="Car_23226" speed="0.00" length="5.00" type="DEFAULT_CAR"/>
    <instantOut id="212_D1" time="40363.25" state="stay" vehID="Car_23226" speed="0.89" length="5.00" type="DEFAULT_CAR"/>
    <instantOut id="212_D1" time="40363.50" state="stay" vehID="Car_23226" speed="1.61" length="5.00" type="DEFAULT_CAR"/>
    <instantOut id="212_D1" time="40363.66" state="leave" vehID="Car_23226" speed="2.41" length="5.00" type="DEFAULT_CAR" occupancy="20.90"/>
    <instantOut id="212_D1" time="42900.86" state="enter" vehID="Car_23907" speed="4.46" length="5.00" type="DEFAULT_CAR" gap="2537.21"/>
    <instantOut id="212_D1" time="42901.00" state="stay" vehID="Car_23907" speed="4.46" length="5.00" type="DEFAULT_CAR"/>
    <instantOut id="212_D1" time="42901.25" state="stay" vehID="Car_23907" speed="5.41" length="5.00" type="DEFAULT_CAR"/>
    <instantOut id="212_D1" time="42901.50" state="stay" vehID="Car_23907" speed="6.36" length="5.00" type="DEFAULT_CAR"/>
    <instantOut id="212_D1" time="42901.70" state="leave" vehID="Car_23907" speed="7.11" length="5.00" type="DEFAULT_CAR" occupancy="0.84"/>
    <instantOut id="212_D1" time="44395.80" state="enter" vehID="Car_24397" speed="4.42" length="5.00" type="DEFAULT_CAR" gap="1494.10"/>
    <instantOut id="212_D1" time="44396.00" state="stay" vehID="Car_24397" speed="4.42" length="5.00" type="DEFAULT_CAR"/>
    <instantOut id="212_D1" time="44396.25" state="stay" vehID="Car_24397" speed="3.82" length="5.00" type="DEFAULT_CAR"/>
    <instantOut id="212_D1" time="44396.50" state="stay" vehID="Car_24397" speed="3.07" length="5.00" type="DEFAULT_CAR"/>
    <instantOut id="212_D1" time="44396.75" state="stay" vehID="Car_24397" speed="2.42" length="5.00" type="DEFAULT_CAR"/>
    <instantOut id="212_D1" time="44397.00" state="stay" vehID="Car_24397" speed="1.67" length="5.00" type="DEFAULT_CAR"/>
    <instantOut id="212_D1" time="44397.25" state="stay" vehID="Car_24397" speed="1.06" length="5.00" type="DEFAULT_CAR"/>
    <instantOut id="212_D1" time="44397.50" state="stay" vehID="Car_24397" speed="0.38" length="5.00" type="DEFAULT_CAR"/>
    <instantOut id="212_D1" time="44397.75" state="stay" vehID="Car_24397" speed="0.04" length="5.00" type="DEFAULT_CAR"/>
    <instantOut id="212_D1" time="44398.00" state="stay" vehID="Car_24397" speed="0.00" length="5.00" type="DEFAULT_CAR"/>
    <instantOut id="212_D1" time="44398.25" state="stay" vehID="Car_24397" speed="0.00" length="5.00" type="DEFAULT_CAR"/>
    <instantOut id="212_D1" time="44398.50" state="stay" vehID="Car_24397" speed="0.00" length="5.00" type="DEFAULT_CAR"/>
    <instantOut id="212_D1" time="44398.75" state="stay" vehID="Car_24397" speed="0.00" length="5.00" type="DEFAULT_CAR"/>
    <instantOut id="212_D1" time="44399.00" state="stay" vehID="Car_24397" speed="0.00" length="5.00" type="DEFAULT_CAR"/>
    <instantOut id="212_D1" time="44399.25" state="stay" vehID="Car_24397" speed="0.00" length="5.00" type="DEFAULT_CAR"/>
    <instantOut id="212_D1" time="44399.50" state="stay" vehID="Car_24397" speed="0.93" length="5.00" type="DEFAULT_CAR"/>
    <instantOut id="212_D1" time="44399.75" state="stay" vehID="Car_24397" speed="1.75" length="5.00" type="DEFAULT_CAR"/>
    <instantOut id="212_D1" time="44399.88" state="leave" vehID="Car_24397" speed="2.57" length="5.00" type="DEFAULT_CAR" occupancy="4.08"/>
    <instantOut id="212_D1" time="45613.81" state="enter" vehID="Car_24785" speed="5.95" length="5.00" type="DEFAULT_CAR" gap="1213.93"/>
    <instantOut id="212_D1" time="45614.00" state="stay" vehID="Car_24785" speed="5.95" length="5.00" type="DEFAULT_CAR"/>
    <instantOut id="212_D1" time="45614.25" state="stay" vehID="Car_24785" speed="6.72" length="5.00" type="DEFAULT_CAR"/>
    <instantOut id="212_D1" time="45614.50" state="stay" vehID="Car_24785" speed="5.97" length="5.00" type="DEFAULT_CAR"/>
    <instantOut id="212_D1" time="45614.62" state="leave" vehID="Car_24785" speed="5.71" length="5.00" type="DEFAULT_CAR" occupancy="0.81"/>
</instantE1>
