<?xml version="1.0" encoding="UTF-8"?>

<!-- generated on 2025-02-28 17:59:12 by Eclipse SUMO GUI Version 1.19.0
<configuration xmlns:xsi="http://www.w3.org/2001/XMLSchema-instance" xsi:noNamespaceSchemaLocation="http://sumo.dlr.de/xsd/sumoConfiguration.xsd">

    <input>
        <net-file value="Network.net.xml"/>
        <route-files value="CarRoutes.rou.xml"/>
        <additional-files value="Sensors.add.xml"/>
    </input>

    <output>
        <emission-output value="logs/Emissions.xml"/>
        <summary-output value="logs/Log_summary.xml"/>
        <summary-output.period value="300"/>
        <tripinfo-output value="logs/TripInfos.xml"/>
    </output>

    <time>
        <begin value="0"/>
        <end value="86400"/>
        <step-length value="0.25"/>
    </time>

    <processing>
        <ignore-junction-blocker value="0.1"/>
        <time-to-teleport value="-1"/>
    </processing>

    <report>
        <verbose value="true"/>
        <no-step-log value="true"/>
    </report>

    <emissions>
        <device.emissions.period value="10"/>
    </emissions>

    <traci_server>
        <remote-port value="58065"/>
    </traci_server>

    <gui_only>
        <quit-on-end value="true"/>
        <start value="true"/>
    </gui_only>

</configuration>
-->

<instantE1 xmlns:xsi="http://www.w3.org/2001/XMLSchema-instance" xsi:noNamespaceSchemaLocation="http://sumo.dlr.de/xsd/instant_e1_file.xsd">
    <instantOut id="235_D025" time="6446.22" state="enter" vehID="Car_3570" speed="9.15" length="5.00" type="DEFAULT_CAR"/>
    <instantOut id="235_D025" time="6446.25" state="stay" vehID="Car_3570" speed="9.15" length="5.00" type="DEFAULT_CAR"/>
    <instantOut id="235_D025" time="6446.50" state="stay" vehID="Car_3570" speed="8.50" length="5.00" type="DEFAULT_CAR"/>
    <instantOut id="235_D025" time="6446.75" state="stay" vehID="Car_3570" speed="7.78" length="5.00" type="DEFAULT_CAR"/>
    <instantOut id="235_D025" time="6446.85" state="leave" vehID="Car_3570" speed="7.09" length="5.00" type="DEFAULT_CAR" occupancy="0.62"/>
    <instantOut id="235_D025" time="6615.19" state="enter" vehID="Car_3815" speed="10.16" length="5.00" type="DEFAULT_CAR" gap="168.34"/>
    <instantOut id="235_D025" time="6615.25" state="stay" vehID="Car_3815" speed="10.16" length="5.00" type="DEFAULT_CAR"/>
    <instantOut id="235_D025" time="6615.50" state="stay" vehID="Car_3815" speed="9.61" length="5.00" type="DEFAULT_CAR"/>
    <instantOut id="235_D025" time="6615.73" state="leave" vehID="Car_3815" speed="8.86" length="5.00" type="DEFAULT_CAR" occupancy="0.53"/>
    <instantOut id="235_D025" time="6641.92" state="enter" vehID="Car_3456" speed="7.37" length="5.00" type="DEFAULT_CAR" gap="26.19"/>
    <instantOut id="235_D025" time="6642.00" state="stay" vehID="Car_3456" speed="7.37" length="5.00" type="DEFAULT_CAR"/>
    <instantOut id="235_D025" time="6642.25" state="stay" vehID="Car_3456" speed="7.62" length="5.00" type="DEFAULT_CAR"/>
    <instantOut id="235_D025" time="6642.50" state="stay" vehID="Car_3456" speed="6.97" length="5.00" type="DEFAULT_CAR"/>
    <instantOut id="235_D025" time="6642.62" state="leave" vehID="Car_3456" speed="6.22" length="5.00" type="DEFAULT_CAR" occupancy="0.70"/>
    <instantOut id="235_D025" time="7952.99" state="enter" vehID="Car_4136" speed="8.79" length="5.00" type="DEFAULT_CAR" gap="1310.37"/>
    <instantOut id="235_D025" time="7953.00" state="stay" vehID="Car_4136" speed="8.79" length="5.00" type="DEFAULT_CAR"/>
    <instantOut id="235_D025" time="7953.25" state="stay" vehID="Car_4136" speed="8.19" length="5.00" type="DEFAULT_CAR"/>
    <instantOut id="235_D025" time="7953.50" state="stay" vehID="Car_4136" speed="7.49" length="5.00" type="DEFAULT_CAR"/>
    <instantOut id="235_D025" time="7953.64" state="leave" vehID="Car_4136" speed="7.12" length="5.00" type="DEFAULT_CAR" occupancy="0.65"/>
    <instantOut id="235_D025" time="8181.44" state="enter" vehID="Car_4377" speed="9.84" length="5.00" type="DEFAULT_CAR" gap="227.81"/>
    <instantOut id="235_D025" time="8181.50" state="stay" vehID="Car_4377" speed="9.84" length="5.00" type="DEFAULT_CAR"/>
    <instantOut id="235_D025" time="8181.75" state="stay" vehID="Car_4377" speed="9.31" length="5.00" type="DEFAULT_CAR"/>
    <instantOut id="235_D025" time="8181.99" state="leave" vehID="Car_4377" speed="8.89" length="5.00" type="DEFAULT_CAR" occupancy="0.54"/>
    <instantOut id="235_D025" time="15766.78" state="enter" vehID="Car_8643" speed="6.87" length="5.00" type="DEFAULT_CAR" gap="7584.79"/>
    <instantOut id="235_D025" time="15767.00" state="stay" vehID="Car_8643" speed="6.87" length="5.00" type="DEFAULT_CAR"/>
    <instantOut id="235_D025" time="15767.25" state="stay" vehID="Car_8643" speed="6.31" length="5.00" type="DEFAULT_CAR"/>
    <instantOut id="235_D025" time="15767.50" state="stay" vehID="Car_8643" speed="5.71" length="5.00" type="DEFAULT_CAR"/>
    <instantOut id="235_D025" time="15767.59" state="leave" vehID="Car_8643" speed="4.96" length="5.00" type="DEFAULT_CAR" occupancy="0.82"/>
    <instantOut id="235_D025" time="15908.75" state="enter" vehID="Car_8865" speed="8.42" length="5.00" type="DEFAULT_CAR" gap="141.16"/>
    <instantOut id="235_D025" time="15909.00" state="stay" vehID="Car_8865" speed="8.42" length="5.00" type="DEFAULT_CAR"/>
    <instantOut id="235_D025" time="15909.25" state="stay" vehID="Car_8865" speed="7.67" length="5.00" type="DEFAULT_CAR"/>
    <instantOut id="235_D025" time="15909.40" state="leave" vehID="Car_8865" speed="6.94" length="5.00" type="DEFAULT_CAR" occupancy="0.64"/>
    <instantOut id="235_D025" time="16743.50" state="enter" vehID="Car_8979" speed="9.73" length="5.00" type="DEFAULT_CAR" gap="834.10"/>
    <instantOut id="235_D025" time="16743.50" state="stay" vehID="Car_8979" speed="9.73" length="5.00" type="DEFAULT_CAR"/>
    <instantOut id="235_D025" time="16743.75" state="stay" vehID="Car_8979" speed="9.25" length="5.00" type="DEFAULT_CAR"/>
    <instantOut id="235_D025" time="16744.00" state="stay" vehID="Car_8979" speed="8.65" length="5.00" type="DEFAULT_CAR"/>
    <instantOut id="235_D025" time="16744.06" state="leave" vehID="Car_8979" speed="7.90" length="5.00" type="DEFAULT_CAR" occupancy="0.57"/>
    <instantOut id="235_D025" time="18366.06" state="enter" vehID="Car_10235" speed="7.27" length="5.00" type="DEFAULT_CAR" gap="1622.00"/>
    <instantOut id="235_D025" time="18366.25" state="stay" vehID="Car_10235" speed="7.27" length="5.00" type="DEFAULT_CAR"/>
    <instantOut id="235_D025" time="18366.50" state="stay" vehID="Car_10235" speed="6.52" length="5.00" type="DEFAULT_CAR"/>
    <instantOut id="235_D025" time="18366.75" state="stay" vehID="Car_10235" speed="5.91" length="5.00" type="DEFAULT_CAR"/>
    <instantOut id="235_D025" time="18366.85" state="leave" vehID="Car_10235" speed="5.22" length="5.00" type="DEFAULT_CAR" occupancy="0.79"/>
    <instantOut id="235_D025" time="19954.25" state="enter" vehID="Car_11111" speed="8.89" length="5.00" type="DEFAULT_CAR" gap="1587.40"/>
    <instantOut id="235_D025" time="19954.25" state="stay" vehID="Car_11111" speed="8.89" length="5.00" type="DEFAULT_CAR"/>
    <instantOut id="235_D025" time="19954.50" state="stay" vehID="Car_11111" speed="8.14" length="5.00" type="DEFAULT_CAR"/>
    <instantOut id="235_D025" time="19954.75" state="stay" vehID="Car_11111" speed="7.52" length="5.00" type="DEFAULT_CAR"/>
    <instantOut id="235_D025" time="19954.90" state="leave" vehID="Car_11111" speed="7.05" length="5.00" type="DEFAULT_CAR" occupancy="0.65"/>
    <instantOut id="235_D025" time="20542.48" state="enter" vehID="Car_11114" speed="8.62" length="5.00" type="DEFAULT_CAR" gap="587.58"/>
    <instantOut id="235_D025" time="20542.50" state="stay" vehID="Car_11114" speed="8.62" length="5.00" type="DEFAULT_CAR"/>
    <instantOut id="235_D025" time="20542.75" state="stay" vehID="Car_11114" speed="7.87" length="5.00" type="DEFAULT_CAR"/>
    <instantOut id="235_D025" time="20543.00" state="stay" vehID="Car_11114" speed="7.21" length="5.00" type="DEFAULT_CAR"/>
    <instantOut id="235_D025" time="20543.17" state="leave" vehID="Car_11114" speed="6.46" length="5.00" type="DEFAULT_CAR" occupancy="0.68"/>
    <instantOut id="235_D025" time="21528.01" state="enter" vehID="Car_12041" speed="8.39" length="5.00" type="DEFAULT_CAR" gap="984.84"/>
    <instantOut id="235_D025" time="21528.25" state="stay" vehID="Car_12041" speed="8.39" length="5.00" type="DEFAULT_CAR"/>
    <instantOut id="235_D025" time="21528.50" state="stay" vehID="Car_12041" speed="7.64" length="5.00" type="DEFAULT_CAR"/>
    <instantOut id="235_D025" time="21528.66" state="leave" vehID="Car_12041" speed="6.89" length="5.00" type="DEFAULT_CAR" occupancy="0.65"/>
    <instantOut id="235_D025" time="23168.01" state="enter" vehID="Car_13042" speed="8.24" length="5.00" type="DEFAULT_CAR" gap="1639.36"/>
    <instantOut id="235_D025" time="23168.25" state="stay" vehID="Car_13042" speed="8.24" length="5.00" type="DEFAULT_CAR"/>
    <instantOut id="235_D025" time="23168.50" state="stay" vehID="Car_13042" speed="7.49" length="5.00" type="DEFAULT_CAR"/>
    <instantOut id="235_D025" time="23168.68" state="leave" vehID="Car_13042" speed="6.74" length="5.00" type="DEFAULT_CAR" occupancy="0.66"/>
    <instantOut id="235_D025" time="23955.98" state="enter" vehID="Car_13377" speed="9.09" length="5.00" type="DEFAULT_CAR" gap="787.30"/>
    <instantOut id="235_D025" time="23956.00" state="stay" vehID="Car_13377" speed="9.09" length="5.00" type="DEFAULT_CAR"/>
    <instantOut id="235_D025" time="23956.25" state="stay" vehID="Car_13377" speed="8.60" length="5.00" type="DEFAULT_CAR"/>
    <instantOut id="235_D025" time="23956.50" state="stay" vehID="Car_13377" speed="7.85" length="5.00" type="DEFAULT_CAR"/>
    <instantOut id="235_D025" time="23956.60" state="leave" vehID="Car_13377" speed="7.10" length="5.00" type="DEFAULT_CAR" occupancy="0.62"/>
    <instantOut id="235_D025" time="24369.72" state="enter" vehID="Car_14014" speed="9.16" length="5.00" type="DEFAULT_CAR" gap="413.12"/>
    <instantOut id="235_D025" time="24369.75" state="stay" vehID="Car_14014" speed="9.16" length="5.00" type="DEFAULT_CAR"/>
    <instantOut id="235_D025" time="24370.00" state="stay" vehID="Car_14014" speed="8.41" length="5.00" type="DEFAULT_CAR"/>
    <instantOut id="235_D025" time="24370.25" state="stay" vehID="Car_14014" speed="7.66" length="5.00" type="DEFAULT_CAR"/>
    <instantOut id="235_D025" time="24370.35" state="leave" vehID="Car_14014" speed="6.91" length="5.00" type="DEFAULT_CAR" occupancy="0.63"/>
    <instantOut id="235_D025" time="24404.99" state="enter" vehID="Car_14016" speed="8.82" length="5.00" type="DEFAULT_CAR" gap="34.64"/>
    <instantOut id="235_D025" time="24405.00" state="stay" vehID="Car_14016" speed="8.82" length="5.00" type="DEFAULT_CAR"/>
    <instantOut id="235_D025" time="24405.25" state="stay" vehID="Car_14016" speed="8.07" length="5.00" type="DEFAULT_CAR"/>
    <instantOut id="235_D025" time="24405.50" state="stay" vehID="Car_14016" speed="7.60" length="5.00" type="DEFAULT_CAR"/>
    <instantOut id="235_D025" time="24405.65" state="leave" vehID="Car_14016" speed="6.97" length="5.00" type="DEFAULT_CAR" occupancy="0.65"/>
    <instantOut id="235_D025" time="24906.02" state="enter" vehID="Car_14347" speed="7.92" length="5.00" type="DEFAULT_CAR" gap="500.37"/>
    <instantOut id="235_D025" time="24906.25" state="stay" vehID="Car_14347" speed="7.92" length="5.00" type="DEFAULT_CAR"/>
    <instantOut id="235_D025" time="24906.50" state="stay" vehID="Car_14347" speed="7.17" length="5.00" type="DEFAULT_CAR"/>
    <instantOut id="235_D025" time="24906.72" state="leave" vehID="Car_14347" speed="6.42" length="5.00" type="DEFAULT_CAR" occupancy="0.70"/>
    <instantOut id="235_D025" time="25229.08" state="enter" vehID="Car_14703" speed="7.31" length="5.00" type="DEFAULT_CAR" gap="322.36"/>
    <instantOut id="235_D025" time="25229.25" state="stay" vehID="Car_14703" speed="7.31" length="5.00" type="DEFAULT_CAR"/>
    <instantOut id="235_D025" time="25229.50" state="stay" vehID="Car_14703" speed="6.56" length="5.00" type="DEFAULT_CAR"/>
    <instantOut id="235_D025" time="25229.75" state="stay" vehID="Car_14703" speed="6.01" length="5.00" type="DEFAULT_CAR"/>
    <instantOut id="235_D025" time="25229.87" state="leave" vehID="Car_14703" speed="5.27" length="5.00" type="DEFAULT_CAR" occupancy="0.79"/>
    <instantOut id="235_D025" time="25318.03" state="enter" vehID="Car_14599" speed="8.46" length="5.00" type="DEFAULT_CAR" gap="88.16"/>
    <instantOut id="235_D025" time="25318.25" state="stay" vehID="Car_14599" speed="8.46" length="5.00" type="DEFAULT_CAR"/>
    <instantOut id="235_D025" time="25318.50" state="stay" vehID="Car_14599" speed="7.99" length="5.00" type="DEFAULT_CAR"/>
    <instantOut id="235_D025" time="25318.65" state="leave" vehID="Car_14599" speed="7.24" length="5.00" type="DEFAULT_CAR" occupancy="0.63"/>
    <instantOut id="235_D025" time="26176.93" state="enter" vehID="Car_15663" speed="6.98" length="5.00" type="DEFAULT_CAR" gap="858.28"/>
    <instantOut id="235_D025" time="26177.00" state="stay" vehID="Car_15663" speed="6.98" length="5.00" type="DEFAULT_CAR"/>
    <instantOut id="235_D025" time="26177.25" state="stay" vehID="Car_15663" speed="7.50" length="5.00" type="DEFAULT_CAR"/>
    <instantOut id="235_D025" time="26177.50" state="stay" vehID="Car_15663" speed="6.99" length="5.00" type="DEFAULT_CAR"/>
    <instantOut id="235_D025" time="26177.63" state="leave" vehID="Car_15663" speed="6.87" length="5.00" type="DEFAULT_CAR" occupancy="0.70"/>
    <instantOut id="235_D025" time="26794.51" state="enter" vehID="Car_15511" speed="7.64" length="5.00" type="DEFAULT_CAR" gap="616.87"/>
    <instantOut id="235_D025" time="26794.75" state="stay" vehID="Car_15511" speed="7.64" length="5.00" type="DEFAULT_CAR"/>
    <instantOut id="235_D025" time="26795.00" state="stay" vehID="Car_15511" speed="6.89" length="5.00" type="DEFAULT_CAR"/>
    <instantOut id="235_D025" time="26795.23" state="leave" vehID="Car_15511" speed="6.14" length="5.00" type="DEFAULT_CAR" occupancy="0.72"/>
    <instantOut id="235_D025" time="27132.24" state="enter" vehID="Car_16050" speed="8.77" length="5.00" type="DEFAULT_CAR" gap="337.00"/>
    <instantOut id="235_D025" time="27132.25" state="stay" vehID="Car_16050" speed="8.77" length="5.00" type="DEFAULT_CAR"/>
    <instantOut id="235_D025" time="27132.50" state="stay" vehID="Car_16050" speed="8.05" length="5.00" type="DEFAULT_CAR"/>
    <instantOut id="235_D025" time="27132.75" state="stay" vehID="Car_16050" speed="7.44" length="5.00" type="DEFAULT_CAR"/>
    <instantOut id="235_D025" time="27132.90" state="leave" vehID="Car_16050" speed="6.79" length="5.00" type="DEFAULT_CAR" occupancy="0.66"/>
    <instantOut id="235_D025" time="29785.95" state="enter" vehID="Car_17943" speed="10.34" length="5.00" type="DEFAULT_CAR" gap="2653.05"/>
    <instantOut id="235_D025" time="29786.00" state="stay" vehID="Car_17943" speed="10.34" length="5.00" type="DEFAULT_CAR"/>
    <instantOut id="235_D025" time="29786.25" state="stay" vehID="Car_17943" speed="10.26" length="5.00" type="DEFAULT_CAR"/>
    <instantOut id="235_D025" time="29786.45" state="leave" vehID="Car_17943" speed="9.51" length="5.00" type="DEFAULT_CAR" occupancy="0.50"/>
    <instantOut id="235_D025" time="30210.27" state="enter" vehID="Car_17948" speed="8.57" length="5.00" type="DEFAULT_CAR" gap="423.82"/>
    <instantOut id="235_D025" time="30210.50" state="stay" vehID="Car_17948" speed="8.57" length="5.00" type="DEFAULT_CAR"/>
    <instantOut id="235_D025" time="30210.75" state="stay" vehID="Car_17948" speed="7.82" length="5.00" type="DEFAULT_CAR"/>
    <instantOut id="235_D025" time="30210.90" state="leave" vehID="Car_17948" speed="7.07" length="5.00" type="DEFAULT_CAR" occupancy="0.63"/>
    <instantOut id="235_D025" time="30596.24" state="enter" vehID="Car_18275" speed="8.76" length="5.00" type="DEFAULT_CAR" gap="385.34"/>
    <instantOut id="235_D025" time="30596.25" state="stay" vehID="Car_18275" speed="8.76" length="5.00" type="DEFAULT_CAR"/>
    <instantOut id="235_D025" time="30596.50" state="stay" vehID="Car_18275" speed="8.01" length="5.00" type="DEFAULT_CAR"/>
    <instantOut id="235_D025" time="30596.75" state="stay" vehID="Car_18275" speed="7.26" length="5.00" type="DEFAULT_CAR"/>
    <instantOut id="235_D025" time="30596.92" state="leave" vehID="Car_18275" speed="6.51" length="5.00" type="DEFAULT_CAR" occupancy="0.68"/>
    <instantOut id="235_D025" time="31083.20" state="enter" vehID="Car_18323" speed="9.42" length="5.00" type="DEFAULT_CAR" gap="486.27"/>
    <instantOut id="235_D025" time="31083.25" state="stay" vehID="Car_18323" speed="9.42" length="5.00" type="DEFAULT_CAR"/>
    <instantOut id="235_D025" time="31083.50" state="stay" vehID="Car_18323" speed="8.77" length="5.00" type="DEFAULT_CAR"/>
    <instantOut id="235_D025" time="31083.75" state="stay" vehID="Car_18323" speed="8.02" length="5.00" type="DEFAULT_CAR"/>
    <instantOut id="235_D025" time="31083.79" state="leave" vehID="Car_18323" speed="7.27" length="5.00" type="DEFAULT_CAR" occupancy="0.59"/>
    <instantOut id="235_D025" time="33626.98" state="enter" vehID="Car_20046" speed="8.72" length="5.00" type="DEFAULT_CAR" gap="2543.19"/>
    <instantOut id="235_D025" time="33627.00" state="stay" vehID="Car_20046" speed="8.72" length="5.00" type="DEFAULT_CAR"/>
    <instantOut id="235_D025" time="33627.25" state="stay" vehID="Car_20046" speed="7.97" length="5.00" type="DEFAULT_CAR"/>
    <instantOut id="235_D025" time="33627.50" state="stay" vehID="Car_20046" speed="7.43" length="5.00" type="DEFAULT_CAR"/>
    <instantOut id="235_D025" time="33627.64" state="leave" vehID="Car_20046" speed="6.74" length="5.00" type="DEFAULT_CAR" occupancy="0.66"/>
    <instantOut id="235_D025" time="35284.56" state="enter" vehID="Car_21246" speed="7.12" length="5.00" type="DEFAULT_CAR" gap="1656.91"/>
    <instantOut id="235_D025" time="35284.75" state="stay" vehID="Car_21246" speed="7.12" length="5.00" type="DEFAULT_CAR"/>
    <instantOut id="235_D025" time="35285.00" state="stay" vehID="Car_21246" speed="6.37" length="5.00" type="DEFAULT_CAR"/>
    <instantOut id="235_D025" time="35285.25" state="stay" vehID="Car_21246" speed="5.62" length="5.00" type="DEFAULT_CAR"/>
    <instantOut id="235_D025" time="35285.38" state="leave" vehID="Car_21246" speed="5.01" length="5.00" type="DEFAULT_CAR" occupancy="0.82"/>
    <instantOut id="235_D025" time="36987.75" state="enter" vehID="Car_22099" speed="8.99" length="5.00" type="DEFAULT_CAR" gap="1702.37"/>
    <instantOut id="235_D025" time="36987.75" state="stay" vehID="Car_22099" speed="8.99" length="5.00" type="DEFAULT_CAR"/>
    <instantOut id="235_D025" time="36988.00" state="stay" vehID="Car_22099" speed="8.39" length="5.00" type="DEFAULT_CAR"/>
    <instantOut id="235_D025" time="36988.25" state="stay" vehID="Car_22099" speed="7.64" length="5.00" type="DEFAULT_CAR"/>
    <instantOut id="235_D025" time="36988.39" state="leave" vehID="Car_22099" speed="7.04" length="5.00" type="DEFAULT_CAR" occupancy="0.64"/>
    <instantOut id="235_D025" time="39104.98" state="enter" vehID="Car_22867" speed="9.72" length="5.00" type="DEFAULT_CAR" gap="2116.58"/>
    <instantOut id="235_D025" time="39105.00" state="stay" vehID="Car_22867" speed="9.72" length="5.00" type="DEFAULT_CAR"/>
    <instantOut id="235_D025" time="39105.25" state="stay" vehID="Car_22867" speed="10.61" length="5.00" type="DEFAULT_CAR"/>
    <instantOut id="235_D025" time="39105.43" state="leave" vehID="Car_22867" speed="11.52" length="5.00" type="DEFAULT_CAR" occupancy="0.46"/>
    <instantOut id="235_D025" time="39143.71" state="enter" vehID="Car_22619" speed="9.84" length="5.00" type="DEFAULT_CAR" gap="38.28"/>
    <instantOut id="235_D025" time="39143.75" state="stay" vehID="Car_22619" speed="9.84" length="5.00" type="DEFAULT_CAR"/>
    <instantOut id="235_D025" time="39144.00" state="stay" vehID="Car_22619" speed="9.35" length="5.00" type="DEFAULT_CAR"/>
    <instantOut id="235_D025" time="39144.25" state="stay" vehID="Car_22619" speed="8.60" length="5.00" type="DEFAULT_CAR"/>
    <instantOut id="235_D025" time="39144.26" state="leave" vehID="Car_22619" speed="7.88" length="5.00" type="DEFAULT_CAR" occupancy="0.55"/>
    <instantOut id="235_D025" time="42153.75" state="enter" vehID="Car_23520" speed="8.21" length="5.00" type="DEFAULT_CAR" gap="3009.49"/>
    <instantOut id="235_D025" time="42153.75" state="stay" vehID="Car_23520" speed="8.21" length="5.00" type="DEFAULT_CAR"/>
    <instantOut id="235_D025" time="42154.00" state="stay" vehID="Car_23520" speed="7.46" length="5.00" type="DEFAULT_CAR"/>
    <instantOut id="235_D025" time="42154.25" state="stay" vehID="Car_23520" speed="6.78" length="5.00" type="DEFAULT_CAR"/>
    <instantOut id="235_D025" time="42154.49" state="leave" vehID="Car_23520" speed="6.03" length="5.00" type="DEFAULT_CAR" occupancy="0.74"/>
    <instantOut id="235_D025" time="42282.07" state="enter" vehID="Car_23842" speed="7.30" length="5.00" type="DEFAULT_CAR" gap="127.58"/>
    <instantOut id="235_D025" time="42282.25" state="stay" vehID="Car_23842" speed="7.30" length="5.00" type="DEFAULT_CAR"/>
    <instantOut id="235_D025" time="42282.50" state="stay" vehID="Car_23842" speed="6.55" length="5.00" type="DEFAULT_CAR"/>
    <instantOut id="235_D025" time="42282.75" state="stay" vehID="Car_23842" speed="5.97" length="5.00" type="DEFAULT_CAR"/>
    <instantOut id="235_D025" time="42282.85" state="leave" vehID="Car_23842" speed="5.30" length="5.00" type="DEFAULT_CAR" occupancy="0.78"/>
    <instantOut id="235_D025" time="42317.00" state="enter" vehID="Car_23905" speed="7.83" length="5.00" type="DEFAULT_CAR" gap="34.15"/>
    <instantOut id="235_D025" time="42317.25" state="stay" vehID="Car_23905" speed="7.83" length="5.00" type="DEFAULT_CAR"/>
    <instantOut id="235_D025" time="42317.50" state="stay" vehID="Car_23905" speed="7.08" length="5.00" type="DEFAULT_CAR"/>
    <instantOut id="235_D025" time="42317.70" state="leave" vehID="Car_23905" speed="6.33" length="5.00" type="DEFAULT_CAR" occupancy="0.70"/>
    <instantOut id="235_D025" time="42975.56" state="enter" vehID="Car_23771" speed="7.17" length="5.00" type="DEFAULT_CAR" gap="657.86"/>
    <instantOut id="235_D025" time="42975.75" state="stay" vehID="Car_23771" speed="7.17" length="5.00" type="DEFAULT_CAR"/>
    <instantOut id="235_D025" time="42976.00" state="stay" vehID="Car_23771" speed="6.42" length="5.00" type="DEFAULT_CAR"/>
    <instantOut id="235_D025" time="42976.25" state="stay" vehID="Car_23771" speed="5.67" length="5.00" type="DEFAULT_CAR"/>
    <instantOut id="235_D025" time="42976.36" state="leave" vehID="Car_23771" speed="5.19" length="5.00" type="DEFAULT_CAR" occupancy="0.81"/>
    <instantOut id="235_D025" time="43225.64" state="enter" vehID="Car_24292" speed="6.49" length="5.00" type="DEFAULT_CAR" gap="249.27"/>
    <instantOut id="235_D025" time="43225.75" state="stay" vehID="Car_24292" speed="6.49" length="5.00" type="DEFAULT_CAR"/>
    <instantOut id="235_D025" time="43226.00" state="stay" vehID="Car_24292" speed="6.06" length="5.00" type="DEFAULT_CAR"/>
    <instantOut id="235_D025" time="43226.25" state="stay" vehID="Car_24292" speed="5.48" length="5.00" type="DEFAULT_CAR"/>
    <instantOut id="235_D025" time="43226.50" state="stay" vehID="Car_24292" speed="4.73" length="5.00" type="DEFAULT_CAR"/>
    <instantOut id="235_D025" time="43226.55" state="leave" vehID="Car_24292" speed="3.98" length="5.00" type="DEFAULT_CAR" occupancy="0.91"/>
</instantE1>
