<?xml version="1.0" encoding="UTF-8"?>

<!-- generated on 2025-02-28 17:36:57 by Eclipse SUMO GUI Version 1.19.0
<configuration xmlns:xsi="http://www.w3.org/2001/XMLSchema-instance" xsi:noNamespaceSchemaLocation="http://sumo.dlr.de/xsd/sumoConfiguration.xsd">

    <input>
        <net-file value="Network.net.xml"/>
        <route-files value="CarRoutes.rou.xml"/>
        <additional-files value="Sensors.add.xml"/>
    </input>

    <output>
        <emission-output value="logs/Emissions.xml"/>
        <summary-output value="logs/Log_summary.xml"/>
        <summary-output.period value="300"/>
        <tripinfo-output value="logs/TripInfos.xml"/>
    </output>

    <time>
        <begin value="0"/>
        <end value="86400"/>
        <step-length value="0.25"/>
    </time>

    <processing>
        <ignore-junction-blocker value="0.1"/>
        <time-to-teleport value="-1"/>
    </processing>

    <report>
        <verbose value="true"/>
        <no-step-log value="true"/>
    </report>

    <emissions>
        <device.emissions.period value="10"/>
    </emissions>

    <traci_server>
        <remote-port value="57876"/>
    </traci_server>

    <gui_only>
        <quit-on-end value="true"/>
        <start value="true"/>
    </gui_only>

</configuration>
-->

<summary xmlns:xsi="http://www.w3.org/2001/XMLSchema-instance" xsi:noNamespaceSchemaLocation="http://sumo.dlr.de/xsd/summary_file.xsd">
    <step time="0.00" loaded="0" inserted="0" running="0" waiting="0" ended="0" arrived="0" collisions="0" teleports="0" halting="0" stopped="0" meanWaitingTime="-1.00" meanTravelTime="-1.00" meanSpeed="-1.00" meanSpeedRelative="-1.00" duration="0"/>
    <step time="300.00" loaded="209" inserted="196" running="94" waiting="13" ended="102" arrived="102" collisions="0" teleports="0" halting="50" stopped="0" meanWaitingTime="14.05" meanTravelTime="75.34" meanSpeed="3.25" meanSpeedRelative="0.24" duration="2"/>
    <step time="600.00" loaded="369" inserted="357" running="84" waiting="12" ended="273" arrived="273" collisions="0" teleports="0" halting="40" stopped="0" meanWaitingTime="17.17" meanTravelTime="113.97" meanSpeed="4.24" meanSpeedRelative="0.32" duration="2"/>
    <step time="900.00" loaded="528" inserted="517" running="51" waiting="11" ended="466" arrived="466" collisions="0" teleports="0" halting="27" stopped="0" meanWaitingTime="15.41" meanTravelTime="117.78" meanSpeed="4.54" meanSpeedRelative="0.33" duration="2"/>
    <step time="1200.00" loaded="703" inserted="687" running="61" waiting="16" ended="626" arrived="626" collisions="0" teleports="0" halting="7" stopped="0" meanWaitingTime="18.35" meanTravelTime="112.69" meanSpeed="7.95" meanSpeedRelative="0.57" duration="3"/>
    <step time="1500.00" loaded="867" inserted="847" running="55" waiting="20" ended="792" arrived="792" collisions="0" teleports="0" halting="12" stopped="0" meanWaitingTime="19.15" meanTravelTime="110.75" meanSpeed="5.78" meanSpeedRelative="0.42" duration="2"/>
    <step time="1800.00" loaded="1026" inserted="1009" running="53" waiting="17" ended="956" arrived="956" collisions="0" teleports="0" halting="22" stopped="0" meanWaitingTime="21.69" meanTravelTime="110.33" meanSpeed="4.35" meanSpeedRelative="0.31" duration="3"/>
    <step time="2100.00" loaded="1189" inserted="1174" running="65" waiting="15" ended="1109" arrived="1109" collisions="0" teleports="0" halting="41" stopped="0" meanWaitingTime="20.01" meanTravelTime="108.23" meanSpeed="3.30" meanSpeedRelative="0.24" duration="1"/>
    <step time="2400.00" loaded="1335" inserted="1319" running="40" waiting="16" ended="1279" arrived="1279" collisions="0" teleports="0" halting="10" stopped="0" meanWaitingTime="19.82" meanTravelTime="109.01" meanSpeed="5.67" meanSpeedRelative="0.41" duration="3"/>
    <step time="2700.00" loaded="1478" inserted="1477" running="58" waiting="1" ended="1419" arrived="1419" collisions="0" teleports="0" halting="17" stopped="0" meanWaitingTime="19.65" meanTravelTime="107.88" meanSpeed="4.53" meanSpeedRelative="0.33" duration="1"/>
    <step time="3000.00" loaded="1638" inserted="1631" running="56" waiting="7" ended="1575" arrived="1575" collisions="0" teleports="0" halting="24" stopped="0" meanWaitingTime="18.35" meanTravelTime="109.36" meanSpeed="4.32" meanSpeedRelative="0.31" duration="2"/>
    <step time="3300.00" loaded="1808" inserted="1792" running="65" waiting="16" ended="1727" arrived="1727" collisions="0" teleports="0" halting="11" stopped="0" meanWaitingTime="18.58" meanTravelTime="110.50" meanSpeed="6.74" meanSpeedRelative="0.49" duration="4"/>
    <step time="3600.00" loaded="1942" inserted="1942" running="46" waiting="0" ended="1896" arrived="1896" collisions="0" teleports="0" halting="12" stopped="0" meanWaitingTime="18.34" meanTravelTime="110.18" meanSpeed="5.95" meanSpeedRelative="0.43" duration="1"/>
    <step time="3900.00" loaded="2104" inserted="2104" running="63" waiting="0" ended="2041" arrived="2041" collisions="0" teleports="0" halting="33" stopped="0" meanWaitingTime="17.04" meanTravelTime="109.57" meanSpeed="3.98" meanSpeedRelative="0.29" duration="1"/>
    <step time="4200.00" loaded="2236" inserted="2231" running="38" waiting="5" ended="2193" arrived="2193" collisions="0" teleports="0" halting="11" stopped="0" meanWaitingTime="17.22" meanTravelTime="109.38" meanSpeed="5.87" meanSpeedRelative="0.42" duration="2"/>
    <step time="4500.00" loaded="2414" inserted="2413" running="66" waiting="1" ended="2347" arrived="2347" collisions="0" teleports="0" halting="29" stopped="0" meanWaitingTime="16.52" meanTravelTime="108.69" meanSpeed="4.16" meanSpeedRelative="0.30" duration="2"/>
    <step time="4800.00" loaded="2572" inserted="2566" running="42" waiting="6" ended="2524" arrived="2524" collisions="0" teleports="0" halting="15" stopped="0" meanWaitingTime="15.77" meanTravelTime="108.18" meanSpeed="5.49" meanSpeedRelative="0.40" duration="1"/>
    <step time="5100.00" loaded="2740" inserted="2730" running="61" waiting="10" ended="2669" arrived="2669" collisions="0" teleports="0" halting="16" stopped="0" meanWaitingTime="16.48" meanTravelTime="107.36" meanSpeed="5.54" meanSpeedRelative="0.40" duration="2"/>
    <step time="5400.00" loaded="2893" inserted="2891" running="57" waiting="2" ended="2834" arrived="2834" collisions="0" teleports="0" halting="13" stopped="0" meanWaitingTime="16.33" meanTravelTime="107.52" meanSpeed="6.32" meanSpeedRelative="0.45" duration="0"/>
    <step time="5700.00" loaded="3078" inserted="3063" running="68" waiting="15" ended="2995" arrived="2995" collisions="0" teleports="0" halting="37" stopped="0" meanWaitingTime="15.81" meanTravelTime="107.80" meanSpeed="3.92" meanSpeedRelative="0.28" duration="3"/>
    <step time="6000.00" loaded="3204" inserted="3201" running="38" waiting="3" ended="3163" arrived="3163" collisions="0" teleports="0" halting="15" stopped="0" meanWaitingTime="15.83" meanTravelTime="108.75" meanSpeed="5.16" meanSpeedRelative="0.37" duration="1"/>
    <step time="6300.00" loaded="3370" inserted="3353" running="73" waiting="17" ended="3280" arrived="3280" collisions="0" teleports="0" halting="31" stopped="0" meanWaitingTime="15.88" meanTravelTime="109.13" meanSpeed="4.50" meanSpeedRelative="0.32" duration="3"/>
    <step time="6600.00" loaded="3530" inserted="3522" running="61" waiting="8" ended="3461" arrived="3461" collisions="0" teleports="0" halting="23" stopped="0" meanWaitingTime="16.17" meanTravelTime="108.82" meanSpeed="4.59" meanSpeedRelative="0.33" duration="3"/>
    <step time="6900.00" loaded="3714" inserted="3697" running="66" waiting="17" ended="3631" arrived="3631" collisions="0" teleports="0" halting="22" stopped="0" meanWaitingTime="16.17" meanTravelTime="108.67" meanSpeed="4.54" meanSpeedRelative="0.33" duration="1"/>
    <step time="7200.00" loaded="3869" inserted="3847" running="59" waiting="22" ended="3788" arrived="3788" collisions="0" teleports="0" halting="14" stopped="0" meanWaitingTime="16.73" meanTravelTime="108.89" meanSpeed="6.44" meanSpeedRelative="0.46" duration="1"/>
    <step time="7500.00" loaded="4018" inserted="4006" running="48" waiting="12" ended="3958" arrived="3958" collisions="0" teleports="0" halting="18" stopped="0" meanWaitingTime="17.44" meanTravelTime="108.98" meanSpeed="6.00" meanSpeedRelative="0.43" duration="1"/>
    <step time="7800.00" loaded="4177" inserted="4154" running="61" waiting="23" ended="4093" arrived="4093" collisions="0" teleports="0" halting="14" stopped="0" meanWaitingTime="17.89" meanTravelTime="108.63" meanSpeed="4.71" meanSpeedRelative="0.35" duration="2"/>
    <step time="8100.00" loaded="4348" inserted="4333" running="45" waiting="15" ended="4288" arrived="4288" collisions="0" teleports="0" halting="12" stopped="0" meanWaitingTime="18.89" meanTravelTime="108.13" meanSpeed="5.11" meanSpeedRelative="0.37" duration="2"/>
    <step time="8400.00" loaded="4532" inserted="4529" running="70" waiting="3" ended="4459" arrived="4459" collisions="0" teleports="0" halting="22" stopped="0" meanWaitingTime="18.87" meanTravelTime="107.69" meanSpeed="4.66" meanSpeedRelative="0.34" duration="3"/>
    <step time="8700.00" loaded="4700" inserted="4695" running="68" waiting="5" ended="4627" arrived="4627" collisions="0" teleports="0" halting="21" stopped="0" meanWaitingTime="18.64" meanTravelTime="108.01" meanSpeed="5.24" meanSpeedRelative="0.38" duration="3"/>
    <step time="9000.00" loaded="4886" inserted="4869" running="60" waiting="17" ended="4809" arrived="4809" collisions="0" teleports="0" halting="12" stopped="0" meanWaitingTime="18.44" meanTravelTime="108.02" meanSpeed="5.14" meanSpeedRelative="0.37" duration="3"/>
    <step time="9300.00" loaded="5068" inserted="5048" running="53" waiting="20" ended="4995" arrived="4995" collisions="0" teleports="0" halting="20" stopped="0" meanWaitingTime="18.44" meanTravelTime="108.08" meanSpeed="4.79" meanSpeedRelative="0.34" duration="2"/>
    <step time="9600.00" loaded="5239" inserted="5226" running="63" waiting="13" ended="5163" arrived="5163" collisions="0" teleports="0" halting="11" stopped="0" meanWaitingTime="18.93" meanTravelTime="107.40" meanSpeed="6.68" meanSpeedRelative="0.48" duration="2"/>
    <step time="9900.00" loaded="5384" inserted="5379" running="41" waiting="5" ended="5338" arrived="5338" collisions="0" teleports="0" halting="16" stopped="0" meanWaitingTime="18.80" meanTravelTime="107.83" meanSpeed="5.69" meanSpeedRelative="0.41" duration="2"/>
    <step time="10200.00" loaded="5552" inserted="5544" running="66" waiting="8" ended="5478" arrived="5478" collisions="0" teleports="0" halting="14" stopped="0" meanWaitingTime="18.54" meanTravelTime="107.48" meanSpeed="5.53" meanSpeedRelative="0.40" duration="3"/>
    <step time="10500.00" loaded="5730" inserted="5719" running="53" waiting="11" ended="5666" arrived="5666" collisions="0" teleports="0" halting="12" stopped="0" meanWaitingTime="18.38" meanTravelTime="107.71" meanSpeed="5.98" meanSpeedRelative="0.43" duration="2"/>
    <step time="10800.00" loaded="5901" inserted="5894" running="68" waiting="7" ended="5826" arrived="5826" collisions="0" teleports="0" halting="9" stopped="0" meanWaitingTime="18.40" meanTravelTime="107.72" meanSpeed="6.49" meanSpeedRelative="0.47" duration="2"/>
    <step time="11100.00" loaded="6077" inserted="6059" running="59" waiting="18" ended="6000" arrived="6000" collisions="0" teleports="0" halting="23" stopped="0" meanWaitingTime="18.36" meanTravelTime="107.88" meanSpeed="3.15" meanSpeedRelative="0.23" duration="1"/>
    <step time="11400.00" loaded="6249" inserted="6215" running="54" waiting="34" ended="6161" arrived="6161" collisions="0" teleports="0" halting="12" stopped="0" meanWaitingTime="19.00" meanTravelTime="108.11" meanSpeed="5.67" meanSpeedRelative="0.41" duration="1"/>
    <step time="11700.00" loaded="6393" inserted="6368" running="53" waiting="25" ended="6315" arrived="6315" collisions="0" teleports="0" halting="11" stopped="0" meanWaitingTime="20.02" meanTravelTime="107.80" meanSpeed="5.56" meanSpeedRelative="0.40" duration="2"/>
    <step time="12000.00" loaded="6568" inserted="6554" running="66" waiting="14" ended="6488" arrived="6488" collisions="0" teleports="0" halting="15" stopped="0" meanWaitingTime="20.33" meanTravelTime="107.98" meanSpeed="5.53" meanSpeedRelative="0.40" duration="2"/>
    <step time="12300.00" loaded="6734" inserted="6727" running="72" waiting="7" ended="6655" arrived="6655" collisions="0" teleports="0" halting="21" stopped="0" meanWaitingTime="20.39" meanTravelTime="108.09" meanSpeed="5.15" meanSpeedRelative="0.37" duration="2"/>
    <step time="12600.00" loaded="6903" inserted="6878" running="54" waiting="25" ended="6824" arrived="6824" collisions="0" teleports="0" halting="28" stopped="0" meanWaitingTime="20.35" meanTravelTime="108.38" meanSpeed="3.70" meanSpeedRelative="0.27" duration="2"/>
    <step time="12900.00" loaded="7069" inserted="7056" running="58" waiting="13" ended="6998" arrived="6998" collisions="0" teleports="0" halting="22" stopped="0" meanWaitingTime="20.62" meanTravelTime="108.43" meanSpeed="4.42" meanSpeedRelative="0.32" duration="2"/>
    <step time="13200.00" loaded="7247" inserted="7226" running="75" waiting="21" ended="7151" arrived="7151" collisions="0" teleports="0" halting="27" stopped="0" meanWaitingTime="20.64" meanTravelTime="108.51" meanSpeed="4.82" meanSpeedRelative="0.35" duration="2"/>
    <step time="13500.00" loaded="7422" inserted="7414" running="71" waiting="8" ended="7343" arrived="7343" collisions="0" teleports="0" halting="22" stopped="0" meanWaitingTime="20.56" meanTravelTime="108.85" meanSpeed="4.47" meanSpeedRelative="0.32" duration="3"/>
    <step time="13800.00" loaded="7613" inserted="7600" running="79" waiting="13" ended="7521" arrived="7521" collisions="0" teleports="0" halting="19" stopped="0" meanWaitingTime="20.66" meanTravelTime="108.82" meanSpeed="5.36" meanSpeedRelative="0.39" duration="3"/>
    <step time="14100.00" loaded="7771" inserted="7767" running="75" waiting="4" ended="7692" arrived="7692" collisions="0" teleports="0" halting="16" stopped="0" meanWaitingTime="20.62" meanTravelTime="109.09" meanSpeed="5.85" meanSpeedRelative="0.43" duration="3"/>
    <step time="14400.00" loaded="7907" inserted="7896" running="49" waiting="11" ended="7847" arrived="7847" collisions="0" teleports="0" halting="14" stopped="0" meanWaitingTime="20.78" meanTravelTime="109.09" meanSpeed="6.71" meanSpeedRelative="0.48" duration="2"/>
    <step time="14700.00" loaded="8100" inserted="8084" running="55" waiting="16" ended="8029" arrived="8029" collisions="0" teleports="0" halting="14" stopped="0" meanWaitingTime="20.73" meanTravelTime="108.59" meanSpeed="6.12" meanSpeedRelative="0.44" duration="2"/>
    <step time="15000.00" loaded="8259" inserted="8254" running="87" waiting="5" ended="8167" arrived="8167" collisions="0" teleports="0" halting="16" stopped="0" meanWaitingTime="20.49" meanTravelTime="108.73" meanSpeed="5.39" meanSpeedRelative="0.39" duration="3"/>
    <step time="15300.00" loaded="8420" inserted="8386" running="59" waiting="34" ended="8327" arrived="8327" collisions="0" teleports="0" halting="22" stopped="0" meanWaitingTime="20.65" meanTravelTime="109.36" meanSpeed="4.83" meanSpeedRelative="0.35" duration="3"/>
    <step time="15600.00" loaded="8585" inserted="8575" running="65" waiting="10" ended="8510" arrived="8510" collisions="0" teleports="0" halting="24" stopped="0" meanWaitingTime="21.38" meanTravelTime="109.01" meanSpeed="4.30" meanSpeedRelative="0.31" duration="1"/>
    <step time="15900.00" loaded="8777" inserted="8767" running="102" waiting="10" ended="8665" arrived="8665" collisions="0" teleports="0" halting="39" stopped="0" meanWaitingTime="21.67" meanTravelTime="108.89" meanSpeed="4.50" meanSpeedRelative="0.32" duration="3"/>
    <step time="16200.00" loaded="8966" inserted="8933" running="72" waiting="33" ended="8861" arrived="8861" collisions="0" teleports="0" halting="12" stopped="0" meanWaitingTime="21.83" meanTravelTime="109.43" meanSpeed="5.76" meanSpeedRelative="0.41" duration="3"/>
    <step time="16500.00" loaded="9132" inserted="9118" running="63" waiting="14" ended="9055" arrived="9055" collisions="0" teleports="0" halting="22" stopped="0" meanWaitingTime="22.38" meanTravelTime="109.58" meanSpeed="5.96" meanSpeedRelative="0.43" duration="2"/>
    <step time="16800.00" loaded="9320" inserted="9284" running="73" waiting="36" ended="9211" arrived="9211" collisions="0" teleports="0" halting="17" stopped="0" meanWaitingTime="22.66" meanTravelTime="109.60" meanSpeed="5.53" meanSpeedRelative="0.40" duration="3"/>
    <step time="17100.00" loaded="9493" inserted="9463" running="63" waiting="30" ended="9400" arrived="9400" collisions="0" teleports="0" halting="9" stopped="0" meanWaitingTime="23.32" meanTravelTime="109.71" meanSpeed="5.88" meanSpeedRelative="0.42" duration="2"/>
    <step time="17400.00" loaded="9677" inserted="9652" running="71" waiting="25" ended="9581" arrived="9581" collisions="0" teleports="0" halting="32" stopped="0" meanWaitingTime="23.96" meanTravelTime="109.82" meanSpeed="3.79" meanSpeedRelative="0.28" duration="1"/>
    <step time="17700.00" loaded="9848" inserted="9821" running="86" waiting="27" ended="9735" arrived="9735" collisions="0" teleports="0" halting="24" stopped="0" meanWaitingTime="24.35" meanTravelTime="110.12" meanSpeed="4.83" meanSpeedRelative="0.35" duration="1"/>
    <step time="18000.00" loaded="10012" inserted="9991" running="89" waiting="21" ended="9902" arrived="9902" collisions="0" teleports="0" halting="48" stopped="0" meanWaitingTime="24.83" meanTravelTime="110.80" meanSpeed="3.32" meanSpeedRelative="0.24" duration="3"/>
    <step time="18300.00" loaded="10198" inserted="10165" running="59" waiting="33" ended="10106" arrived="10106" collisions="0" teleports="0" halting="32" stopped="0" meanWaitingTime="25.04" meanTravelTime="111.41" meanSpeed="3.91" meanSpeedRelative="0.28" duration="1"/>
    <step time="18600.00" loaded="10355" inserted="10327" running="68" waiting="28" ended="10259" arrived="10259" collisions="0" teleports="0" halting="26" stopped="0" meanWaitingTime="25.62" meanTravelTime="111.29" meanSpeed="5.07" meanSpeedRelative="0.37" duration="2"/>
    <step time="18900.00" loaded="10539" inserted="10506" running="73" waiting="33" ended="10433" arrived="10433" collisions="0" teleports="0" halting="9" stopped="0" meanWaitingTime="25.94" meanTravelTime="111.45" meanSpeed="6.43" meanSpeedRelative="0.47" duration="2"/>
    <step time="19200.00" loaded="10716" inserted="10690" running="62" waiting="26" ended="10628" arrived="10628" collisions="0" teleports="0" halting="39" stopped="0" meanWaitingTime="26.21" meanTravelTime="111.15" meanSpeed="3.33" meanSpeedRelative="0.24" duration="2"/>
    <step time="19500.00" loaded="10927" inserted="10902" running="98" waiting="25" ended="10804" arrived="10804" collisions="0" teleports="0" halting="34" stopped="0" meanWaitingTime="26.47" meanTravelTime="111.20" meanSpeed="3.18" meanSpeedRelative="0.23" duration="5"/>
    <step time="19800.00" loaded="11104" inserted="11071" running="67" waiting="33" ended="11004" arrived="11004" collisions="0" teleports="0" halting="15" stopped="0" meanWaitingTime="26.79" meanTravelTime="111.47" meanSpeed="5.86" meanSpeedRelative="0.42" duration="3"/>
    <step time="20100.00" loaded="11301" inserted="11265" running="81" waiting="36" ended="11184" arrived="11184" collisions="0" teleports="0" halting="24" stopped="0" meanWaitingTime="27.24" meanTravelTime="111.50" meanSpeed="5.64" meanSpeedRelative="0.41" duration="3"/>
    <step time="20400.00" loaded="11469" inserted="11425" running="76" waiting="44" ended="11349" arrived="11349" collisions="0" teleports="0" halting="23" stopped="0" meanWaitingTime="27.87" meanTravelTime="111.67" meanSpeed="5.06" meanSpeedRelative="0.36" duration="4"/>
    <step time="20700.00" loaded="11642" inserted="11608" running="72" waiting="34" ended="11536" arrived="11536" collisions="0" teleports="0" halting="28" stopped="0" meanWaitingTime="28.63" meanTravelTime="111.78" meanSpeed="4.59" meanSpeedRelative="0.33" duration="3"/>
    <step time="21000.00" loaded="11825" inserted="11797" running="67" waiting="28" ended="11730" arrived="11730" collisions="0" teleports="0" halting="30" stopped="0" meanWaitingTime="29.25" meanTravelTime="111.61" meanSpeed="3.98" meanSpeedRelative="0.29" duration="3"/>
    <step time="21300.00" loaded="11983" inserted="11962" running="65" waiting="21" ended="11897" arrived="11897" collisions="0" teleports="0" halting="13" stopped="0" meanWaitingTime="29.57" meanTravelTime="111.60" meanSpeed="5.27" meanSpeedRelative="0.38" duration="3"/>
    <step time="21600.00" loaded="12203" inserted="12169" running="97" waiting="34" ended="12072" arrived="12072" collisions="0" teleports="0" halting="15" stopped="0" meanWaitingTime="29.84" meanTravelTime="111.69" meanSpeed="5.82" meanSpeedRelative="0.42" duration="3"/>
    <step time="21900.00" loaded="12387" inserted="12360" running="64" waiting="27" ended="12296" arrived="12296" collisions="0" teleports="0" halting="23" stopped="0" meanWaitingTime="29.97" meanTravelTime="111.80" meanSpeed="4.78" meanSpeedRelative="0.34" duration="3"/>
    <step time="22200.00" loaded="12577" inserted="12547" running="83" waiting="30" ended="12464" arrived="12464" collisions="0" teleports="0" halting="21" stopped="0" meanWaitingTime="30.20" meanTravelTime="111.37" meanSpeed="5.39" meanSpeedRelative="0.39" duration="3"/>
    <step time="22500.00" loaded="12753" inserted="12704" running="39" waiting="49" ended="12665" arrived="12665" collisions="0" teleports="0" halting="4" stopped="0" meanWaitingTime="30.40" meanTravelTime="112.00" meanSpeed="6.50" meanSpeedRelative="0.47" duration="1"/>
    <step time="22800.00" loaded="12948" inserted="12935" running="89" waiting="13" ended="12846" arrived="12846" collisions="0" teleports="0" halting="40" stopped="0" meanWaitingTime="30.76" meanTravelTime="111.88" meanSpeed="3.01" meanSpeedRelative="0.22" duration="2"/>
    <step time="23100.00" loaded="13137" inserted="13123" running="103" waiting="14" ended="13020" arrived="13020" collisions="0" teleports="0" halting="47" stopped="0" meanWaitingTime="30.77" meanTravelTime="112.20" meanSpeed="3.64" meanSpeedRelative="0.26" duration="2"/>
    <step time="23400.00" loaded="13325" inserted="13315" running="84" waiting="10" ended="13231" arrived="13231" collisions="0" teleports="0" halting="27" stopped="0" meanWaitingTime="30.64" meanTravelTime="112.55" meanSpeed="4.14" meanSpeedRelative="0.30" duration="4"/>
    <step time="23700.00" loaded="13556" inserted="13536" running="74" waiting="20" ended="13462" arrived="13462" collisions="0" teleports="0" halting="32" stopped="0" meanWaitingTime="30.36" meanTravelTime="112.51" meanSpeed="3.62" meanSpeedRelative="0.26" duration="3"/>
    <step time="24000.00" loaded="13732" inserted="13711" running="55" waiting="21" ended="13656" arrived="13656" collisions="0" teleports="0" halting="18" stopped="0" meanWaitingTime="30.28" meanTravelTime="112.46" meanSpeed="4.63" meanSpeedRelative="0.33" duration="3"/>
    <step time="24300.00" loaded="13945" inserted="13922" running="114" waiting="23" ended="13808" arrived="13808" collisions="0" teleports="0" halting="58" stopped="0" meanWaitingTime="30.36" meanTravelTime="112.29" meanSpeed="3.36" meanSpeedRelative="0.24" duration="3"/>
    <step time="24600.00" loaded="14167" inserted="14131" running="73" waiting="36" ended="14058" arrived="14058" collisions="0" teleports="0" halting="32" stopped="0" meanWaitingTime="30.49" meanTravelTime="112.61" meanSpeed="3.37" meanSpeedRelative="0.24" duration="2"/>
    <step time="24900.00" loaded="14379" inserted="14344" running="84" waiting="35" ended="14260" arrived="14260" collisions="0" teleports="0" halting="28" stopped="0" meanWaitingTime="30.89" meanTravelTime="112.46" meanSpeed="4.41" meanSpeedRelative="0.32" duration="2"/>
    <step time="25200.00" loaded="14572" inserted="14530" running="77" waiting="42" ended="14453" arrived="14453" collisions="0" teleports="0" halting="26" stopped="0" meanWaitingTime="31.09" meanTravelTime="112.41" meanSpeed="4.83" meanSpeedRelative="0.35" duration="3"/>
    <step time="25500.00" loaded="14747" inserted="14724" running="62" waiting="23" ended="14662" arrived="14662" collisions="0" teleports="0" halting="21" stopped="0" meanWaitingTime="31.37" meanTravelTime="112.54" meanSpeed="4.54" meanSpeedRelative="0.33" duration="2"/>
    <step time="25800.00" loaded="14980" inserted="14944" running="83" waiting="36" ended="14861" arrived="14861" collisions="0" teleports="0" halting="26" stopped="0" meanWaitingTime="31.51" meanTravelTime="112.36" meanSpeed="4.19" meanSpeedRelative="0.30" duration="2"/>
    <step time="26100.00" loaded="15189" inserted="15153" running="72" waiting="36" ended="15081" arrived="15081" collisions="0" teleports="0" halting="30" stopped="0" meanWaitingTime="31.79" meanTravelTime="112.41" meanSpeed="2.96" meanSpeedRelative="0.22" duration="2"/>
    <step time="26400.00" loaded="15386" inserted="15344" running="78" waiting="42" ended="15266" arrived="15266" collisions="0" teleports="0" halting="34" stopped="0" meanWaitingTime="32.07" meanTravelTime="112.44" meanSpeed="3.32" meanSpeedRelative="0.24" duration="3"/>
    <step time="26700.00" loaded="15599" inserted="15566" running="106" waiting="33" ended="15460" arrived="15460" collisions="0" teleports="0" halting="28" stopped="0" meanWaitingTime="32.52" meanTravelTime="112.31" meanSpeed="4.21" meanSpeedRelative="0.30" duration="2"/>
    <step time="27000.00" loaded="15818" inserted="15800" running="113" waiting="18" ended="15687" arrived="15687" collisions="0" teleports="0" halting="24" stopped="0" meanWaitingTime="32.84" meanTravelTime="112.66" meanSpeed="5.18" meanSpeedRelative="0.37" duration="2"/>
    <step time="27300.00" loaded="16040" inserted="16012" running="90" waiting="28" ended="15922" arrived="15922" collisions="0" teleports="0" halting="35" stopped="0" meanWaitingTime="32.80" meanTravelTime="112.66" meanSpeed="4.51" meanSpeedRelative="0.32" duration="3"/>
    <step time="27600.00" loaded="16236" inserted="16211" running="70" waiting="25" ended="16141" arrived="16141" collisions="0" teleports="0" halting="33" stopped="0" meanWaitingTime="32.82" meanTravelTime="112.70" meanSpeed="4.78" meanSpeedRelative="0.34" duration="3"/>
    <step time="27900.00" loaded="16445" inserted="16411" running="64" waiting="34" ended="16347" arrived="16347" collisions="0" teleports="0" halting="15" stopped="0" meanWaitingTime="32.88" meanTravelTime="112.57" meanSpeed="5.84" meanSpeedRelative="0.42" duration="2"/>
    <step time="28200.00" loaded="16671" inserted="16648" running="77" waiting="23" ended="16571" arrived="16571" collisions="0" teleports="0" halting="21" stopped="0" meanWaitingTime="33.11" meanTravelTime="112.32" meanSpeed="4.48" meanSpeedRelative="0.32" duration="1"/>
    <step time="28500.00" loaded="16869" inserted="16840" running="70" waiting="29" ended="16770" arrived="16770" collisions="0" teleports="0" halting="25" stopped="0" meanWaitingTime="33.18" meanTravelTime="112.44" meanSpeed="4.99" meanSpeedRelative="0.36" duration="1"/>
    <step time="28800.00" loaded="17084" inserted="17053" running="71" waiting="31" ended="16982" arrived="16982" collisions="0" teleports="0" halting="25" stopped="0" meanWaitingTime="33.20" meanTravelTime="112.34" meanSpeed="4.52" meanSpeedRelative="0.33" duration="1"/>
    <step time="29100.00" loaded="17312" inserted="17275" running="85" waiting="37" ended="17190" arrived="17190" collisions="0" teleports="0" halting="28" stopped="0" meanWaitingTime="33.14" meanTravelTime="112.48" meanSpeed="4.07" meanSpeedRelative="0.29" duration="2"/>
    <step time="29400.00" loaded="17516" inserted="17464" running="82" waiting="52" ended="17382" arrived="17382" collisions="0" teleports="0" halting="29" stopped="0" meanWaitingTime="33.36" meanTravelTime="112.59" meanSpeed="5.46" meanSpeedRelative="0.39" duration="2"/>
    <step time="29700.00" loaded="17697" inserted="17644" running="47" waiting="53" ended="17597" arrived="17597" collisions="0" teleports="0" halting="14" stopped="0" meanWaitingTime="33.47" meanTravelTime="112.69" meanSpeed="5.85" meanSpeedRelative="0.42" duration="2"/>
    <step time="30000.00" loaded="17870" inserted="17825" running="74" waiting="45" ended="17751" arrived="17751" collisions="0" teleports="0" halting="36" stopped="0" meanWaitingTime="34.06" meanTravelTime="112.62" meanSpeed="3.07" meanSpeedRelative="0.22" duration="1"/>
    <step time="30300.00" loaded="18068" inserted="18016" running="69" waiting="52" ended="17947" arrived="17947" collisions="0" teleports="0" halting="32" stopped="0" meanWaitingTime="34.61" meanTravelTime="112.85" meanSpeed="3.52" meanSpeedRelative="0.25" duration="2"/>
    <step time="30600.00" loaded="18284" inserted="18240" running="89" waiting="44" ended="18151" arrived="18151" collisions="0" teleports="0" halting="37" stopped="0" meanWaitingTime="35.11" meanTravelTime="112.72" meanSpeed="4.67" meanSpeedRelative="0.34" duration="2"/>
    <step time="30900.00" loaded="18502" inserted="18460" running="102" waiting="42" ended="18358" arrived="18358" collisions="0" teleports="0" halting="39" stopped="0" meanWaitingTime="35.37" meanTravelTime="112.70" meanSpeed="3.52" meanSpeedRelative="0.25" duration="2"/>
    <step time="31200.00" loaded="18671" inserted="18627" running="56" waiting="44" ended="18571" arrived="18571" collisions="0" teleports="0" halting="17" stopped="0" meanWaitingTime="35.48" meanTravelTime="113.03" meanSpeed="4.26" meanSpeedRelative="0.31" duration="1"/>
    <step time="31500.00" loaded="18847" inserted="18808" running="66" waiting="39" ended="18742" arrived="18742" collisions="0" teleports="0" halting="27" stopped="0" meanWaitingTime="35.73" meanTravelTime="113.06" meanSpeed="4.30" meanSpeedRelative="0.31" duration="1"/>
    <step time="31800.00" loaded="19007" inserted="18974" running="71" waiting="33" ended="18903" arrived="18903" collisions="0" teleports="0" halting="19" stopped="0" meanWaitingTime="35.98" meanTravelTime="113.20" meanSpeed="5.02" meanSpeedRelative="0.36" duration="2"/>
    <step time="32100.00" loaded="19187" inserted="19148" running="62" waiting="39" ended="19086" arrived="19086" collisions="0" teleports="0" halting="23" stopped="0" meanWaitingTime="36.29" meanTravelTime="113.18" meanSpeed="5.40" meanSpeedRelative="0.39" duration="1"/>
    <step time="32400.00" loaded="19355" inserted="19291" running="56" waiting="64" ended="19235" arrived="19235" collisions="0" teleports="0" halting="23" stopped="0" meanWaitingTime="36.44" meanTravelTime="113.08" meanSpeed="4.95" meanSpeedRelative="0.36" duration="2"/>
    <step time="32700.00" loaded="19537" inserted="19479" running="55" waiting="58" ended="19424" arrived="19424" collisions="0" teleports="0" halting="10" stopped="0" meanWaitingTime="37.01" meanTravelTime="113.01" meanSpeed="6.53" meanSpeedRelative="0.47" duration="2"/>
    <step time="33000.00" loaded="19706" inserted="19652" running="66" waiting="54" ended="19586" arrived="19586" collisions="0" teleports="0" halting="12" stopped="0" meanWaitingTime="37.50" meanTravelTime="113.01" meanSpeed="4.86" meanSpeedRelative="0.35" duration="3"/>
    <step time="33300.00" loaded="19838" inserted="19771" running="49" waiting="67" ended="19722" arrived="19722" collisions="0" teleports="0" halting="19" stopped="0" meanWaitingTime="37.72" meanTravelTime="113.14" meanSpeed="5.54" meanSpeedRelative="0.40" duration="2"/>
    <step time="33600.00" loaded="20030" inserted="19962" running="82" waiting="68" ended="19880" arrived="19880" collisions="0" teleports="0" halting="33" stopped="0" meanWaitingTime="38.69" meanTravelTime="113.01" meanSpeed="5.03" meanSpeedRelative="0.36" duration="4"/>
    <step time="33900.00" loaded="20184" inserted="20111" running="68" waiting="73" ended="20043" arrived="20043" collisions="0" teleports="0" halting="20" stopped="0" meanWaitingTime="39.23" meanTravelTime="113.01" meanSpeed="4.84" meanSpeedRelative="0.35" duration="3"/>
    <step time="34200.00" loaded="20340" inserted="20275" running="75" waiting="65" ended="20200" arrived="20200" collisions="0" teleports="0" halting="20" stopped="0" meanWaitingTime="40.02" meanTravelTime="113.09" meanSpeed="5.10" meanSpeedRelative="0.37" duration="1"/>
    <step time="34500.00" loaded="20508" inserted="20427" running="64" waiting="81" ended="20363" arrived="20363" collisions="0" teleports="0" halting="21" stopped="0" meanWaitingTime="40.50" meanTravelTime="113.31" meanSpeed="5.46" meanSpeedRelative="0.39" duration="2"/>
    <step time="34800.00" loaded="20661" inserted="20587" running="68" waiting="74" ended="20519" arrived="20519" collisions="0" teleports="0" halting="27" stopped="0" meanWaitingTime="41.35" meanTravelTime="113.36" meanSpeed="4.00" meanSpeedRelative="0.30" duration="2"/>
    <step time="35100.00" loaded="20798" inserted="20728" running="58" waiting="70" ended="20670" arrived="20670" collisions="0" teleports="0" halting="10" stopped="0" meanWaitingTime="42.30" meanTravelTime="113.37" meanSpeed="7.26" meanSpeedRelative="0.52" duration="2"/>
    <step time="35400.00" loaded="20934" inserted="20862" running="45" waiting="72" ended="20817" arrived="20817" collisions="0" teleports="0" halting="6" stopped="0" meanWaitingTime="42.76" meanTravelTime="113.28" meanSpeed="6.54" meanSpeedRelative="0.47" duration="1"/>
    <step time="35700.00" loaded="21077" inserted="21010" running="60" waiting="67" ended="20950" arrived="20950" collisions="0" teleports="0" halting="33" stopped="0" meanWaitingTime="43.58" meanTravelTime="113.28" meanSpeed="3.52" meanSpeedRelative="0.25" duration="2"/>
    <step time="36000.00" loaded="21234" inserted="21192" running="51" waiting="42" ended="21141" arrived="21141" collisions="0" teleports="0" halting="16" stopped="0" meanWaitingTime="44.56" meanTravelTime="113.24" meanSpeed="4.27" meanSpeedRelative="0.31" duration="1"/>
    <step time="36300.00" loaded="21406" inserted="21343" running="60" waiting="63" ended="21283" arrived="21283" collisions="0" teleports="0" halting="29" stopped="0" meanWaitingTime="44.96" meanTravelTime="113.10" meanSpeed="4.08" meanSpeedRelative="0.29" duration="2"/>
    <step time="36600.00" loaded="21552" inserted="21490" running="67" waiting="62" ended="21423" arrived="21423" collisions="0" teleports="0" halting="8" stopped="0" meanWaitingTime="45.48" meanTravelTime="113.14" meanSpeed="5.87" meanSpeedRelative="0.42" duration="1"/>
    <step time="36900.00" loaded="21688" inserted="21631" running="57" waiting="57" ended="21574" arrived="21574" collisions="0" teleports="0" halting="18" stopped="0" meanWaitingTime="46.05" meanTravelTime="113.35" meanSpeed="5.37" meanSpeedRelative="0.39" duration="2"/>
    <step time="37200.00" loaded="21810" inserted="21752" running="36" waiting="58" ended="21716" arrived="21716" collisions="0" teleports="0" halting="15" stopped="0" meanWaitingTime="46.33" meanTravelTime="113.32" meanSpeed="4.71" meanSpeedRelative="0.34" duration="1"/>
    <step time="37500.00" loaded="21954" inserted="21882" running="58" waiting="72" ended="21824" arrived="21824" collisions="0" teleports="0" halting="9" stopped="0" meanWaitingTime="46.91" meanTravelTime="113.30" meanSpeed="6.37" meanSpeedRelative="0.46" duration="1"/>
    <step time="37800.00" loaded="22111" inserted="22035" running="54" waiting="76" ended="21981" arrived="21981" collisions="0" teleports="0" halting="20" stopped="0" meanWaitingTime="47.64" meanTravelTime="113.32" meanSpeed="5.35" meanSpeedRelative="0.38" duration="1"/>
    <step time="38100.00" loaded="22254" inserted="22167" running="38" waiting="87" ended="22129" arrived="22129" collisions="0" teleports="0" halting="10" stopped="0" meanWaitingTime="48.03" meanTravelTime="113.20" meanSpeed="5.98" meanSpeedRelative="0.43" duration="1"/>
    <step time="38400.00" loaded="22378" inserted="22305" running="56" waiting="73" ended="22249" arrived="22249" collisions="0" teleports="0" halting="21" stopped="0" meanWaitingTime="48.98" meanTravelTime="113.14" meanSpeed="4.49" meanSpeedRelative="0.32" duration="2"/>
    <step time="38700.00" loaded="22476" inserted="22424" running="48" waiting="52" ended="22376" arrived="22376" collisions="0" teleports="0" halting="26" stopped="0" meanWaitingTime="49.64" meanTravelTime="113.16" meanSpeed="3.44" meanSpeedRelative="0.25" duration="1"/>
    <step time="39000.00" loaded="22580" inserted="22504" running="40" waiting="76" ended="22464" arrived="22464" collisions="0" teleports="0" halting="7" stopped="0" meanWaitingTime="50.22" meanTravelTime="113.19" meanSpeed="4.88" meanSpeedRelative="0.35" duration="1"/>
    <step time="39300.00" loaded="22706" inserted="22621" running="34" waiting="85" ended="22587" arrived="22587" collisions="0" teleports="0" halting="9" stopped="0" meanWaitingTime="50.97" meanTravelTime="113.30" meanSpeed="6.11" meanSpeedRelative="0.44" duration="1"/>
    <step time="39600.00" loaded="22817" inserted="22741" running="41" waiting="76" ended="22700" arrived="22700" collisions="0" teleports="0" halting="19" stopped="0" meanWaitingTime="51.76" meanTravelTime="113.23" meanSpeed="4.88" meanSpeedRelative="0.35" duration="1"/>
    <step time="39900.00" loaded="22939" inserted="22841" running="48" waiting="98" ended="22793" arrived="22793" collisions="0" teleports="0" halting="35" stopped="0" meanWaitingTime="52.17" meanTravelTime="113.23" meanSpeed="2.49" meanSpeedRelative="0.18" duration="1"/>
    <step time="40200.00" loaded="23027" inserted="22933" running="42" waiting="94" ended="22891" arrived="22891" collisions="0" teleports="0" halting="19" stopped="0" meanWaitingTime="53.14" meanTravelTime="113.39" meanSpeed="3.20" meanSpeedRelative="0.23" duration="2"/>
    <step time="40500.00" loaded="23126" inserted="23043" running="44" waiting="83" ended="22999" arrived="22999" collisions="0" teleports="0" halting="12" stopped="0" meanWaitingTime="54.20" meanTravelTime="113.49" meanSpeed="4.53" meanSpeedRelative="0.33" duration="2"/>
    <step time="40800.00" loaded="23235" inserted="23139" running="35" waiting="96" ended="23104" arrived="23104" collisions="0" teleports="0" halting="16" stopped="0" meanWaitingTime="55.42" meanTravelTime="113.48" meanSpeed="5.61" meanSpeedRelative="0.40" duration="2"/>
    <step time="41100.00" loaded="23319" inserted="23215" running="31" waiting="104" ended="23184" arrived="23184" collisions="0" teleports="0" halting="14" stopped="0" meanWaitingTime="55.97" meanTravelTime="113.51" meanSpeed="4.67" meanSpeedRelative="0.34" duration="1"/>
    <step time="41400.00" loaded="23382" inserted="23322" running="37" waiting="60" ended="23285" arrived="23285" collisions="0" teleports="0" halting="24" stopped="0" meanWaitingTime="57.33" meanTravelTime="113.55" meanSpeed="3.51" meanSpeedRelative="0.25" duration="1"/>
    <step time="41700.00" loaded="23481" inserted="23412" running="70" waiting="69" ended="23342" arrived="23342" collisions="0" teleports="0" halting="43" stopped="0" meanWaitingTime="58.32" meanTravelTime="113.54" meanSpeed="3.06" meanSpeedRelative="0.22" duration="3"/>
    <step time="42000.00" loaded="23562" inserted="23490" running="40" waiting="72" ended="23450" arrived="23450" collisions="0" teleports="0" halting="11" stopped="0" meanWaitingTime="59.10" meanTravelTime="113.99" meanSpeed="6.52" meanSpeedRelative="0.47" duration="1"/>
    <step time="42300.00" loaded="23668" inserted="23595" running="30" waiting="73" ended="23565" arrived="23565" collisions="0" teleports="0" halting="12" stopped="0" meanWaitingTime="59.76" meanTravelTime="113.99" meanSpeed="3.97" meanSpeedRelative="0.29" duration="2"/>
    <step time="42600.00" loaded="23780" inserted="23666" running="23" waiting="114" ended="23643" arrived="23643" collisions="0" teleports="0" halting="5" stopped="0" meanWaitingTime="60.06" meanTravelTime="113.90" meanSpeed="6.11" meanSpeedRelative="0.44" duration="1"/>
    <step time="42900.00" loaded="23881" inserted="23772" running="48" waiting="109" ended="23724" arrived="23724" collisions="0" teleports="0" halting="10" stopped="0" meanWaitingTime="61.23" meanTravelTime="113.91" meanSpeed="4.89" meanSpeedRelative="0.35" duration="1"/>
    <step time="43200.00" loaded="23982" inserted="23853" running="25" waiting="129" ended="23828" arrived="23828" collisions="0" teleports="0" halting="5" stopped="0" meanWaitingTime="61.81" meanTravelTime="113.92" meanSpeed="6.08" meanSpeedRelative="0.44" duration="1"/>
    <step time="43500.00" loaded="24061" inserted="23929" running="29" waiting="132" ended="23900" arrived="23900" collisions="0" teleports="0" halting="10" stopped="0" meanWaitingTime="62.58" meanTravelTime="113.92" meanSpeed="5.70" meanSpeedRelative="0.41" duration="1"/>
    <step time="43800.00" loaded="24163" inserted="24027" running="35" waiting="136" ended="23992" arrived="23992" collisions="0" teleports="0" halting="17" stopped="0" meanWaitingTime="64.56" meanTravelTime="113.86" meanSpeed="4.20" meanSpeedRelative="0.30" duration="1"/>
    <step time="44100.00" loaded="24267" inserted="24135" running="47" waiting="132" ended="24088" arrived="24088" collisions="0" teleports="0" halting="22" stopped="0" meanWaitingTime="66.19" meanTravelTime="113.83" meanSpeed="3.94" meanSpeedRelative="0.28" duration="1"/>
    <step time="44400.00" loaded="24378" inserted="24227" running="64" waiting="151" ended="24163" arrived="24163" collisions="0" teleports="0" halting="48" stopped="0" meanWaitingTime="67.37" meanTravelTime="113.78" meanSpeed="1.38" meanSpeedRelative="0.10" duration="2"/>
    <step time="44700.00" loaded="24482" inserted="24316" running="42" waiting="166" ended="24274" arrived="24274" collisions="0" teleports="0" halting="13" stopped="0" meanWaitingTime="69.01" meanTravelTime="114.22" meanSpeed="3.92" meanSpeedRelative="0.28" duration="1"/>
    <step time="45000.00" loaded="24587" inserted="24413" running="41" waiting="174" ended="24372" arrived="24372" collisions="0" teleports="0" halting="4" stopped="0" meanWaitingTime="70.68" meanTravelTime="114.35" meanSpeed="7.10" meanSpeedRelative="0.51" duration="1"/>
    <step time="45300.00" loaded="24674" inserted="24501" running="39" waiting="173" ended="24462" arrived="24462" collisions="0" teleports="0" halting="7" stopped="0" meanWaitingTime="72.08" meanTravelTime="114.40" meanSpeed="6.25" meanSpeedRelative="0.45" duration="1"/>
    <step time="45600.00" loaded="24758" inserted="24583" running="29" waiting="175" ended="24554" arrived="24554" collisions="0" teleports="0" halting="15" stopped="0" meanWaitingTime="73.32" meanTravelTime="114.41" meanSpeed="3.27" meanSpeedRelative="0.27" duration="1"/>
    <step time="45900.00" loaded="24844" inserted="24657" running="37" waiting="187" ended="24620" arrived="24620" collisions="0" teleports="0" halting="23" stopped="0" meanWaitingTime="75.12" meanTravelTime="114.41" meanSpeed="3.86" meanSpeedRelative="0.28" duration="2"/>
    <step time="46200.00" loaded="24925" inserted="24741" running="63" waiting="184" ended="24678" arrived="24678" collisions="0" teleports="0" halting="56" stopped="0" meanWaitingTime="77.14" meanTravelTime="114.29" meanSpeed="0.74" meanSpeedRelative="0.05" duration="1"/>
    <step time="46500.00" loaded="24973" inserted="24811" running="95" waiting="162" ended="24716" arrived="24716" collisions="0" teleports="0" halting="95" stopped="0" meanWaitingTime="78.65" meanTravelTime="114.20" meanSpeed="0.00" meanSpeedRelative="0.00" duration="1"/>
    <step time="46800.00" loaded="24993" inserted="24831" running="98" waiting="162" ended="24733" arrived="24733" collisions="0" teleports="0" halting="97" stopped="0" meanWaitingTime="78.58" meanTravelTime="114.16" meanSpeed="0.10" meanSpeedRelative="0.01" duration="2"/>
    <step time="47100.00" loaded="25011" inserted="24849" running="94" waiting="162" ended="24755" arrived="24755" collisions="0" teleports="0" halting="91" stopped="0" meanWaitingTime="78.53" meanTravelTime="114.09" meanSpeed="0.19" meanSpeedRelative="0.01" duration="2"/>
    <step time="47400.00" loaded="25027" inserted="24865" running="93" waiting="162" ended="24772" arrived="24772" collisions="0" teleports="0" halting="93" stopped="0" meanWaitingTime="78.48" meanTravelTime="114.04" meanSpeed="0.00" meanSpeedRelative="0.00" duration="2"/>
    <step time="47700.00" loaded="25041" inserted="24879" running="94" waiting="162" ended="24785" arrived="24785" collisions="0" teleports="0" halting="94" stopped="0" meanWaitingTime="78.43" meanTravelTime="114.00" meanSpeed="0.00" meanSpeedRelative="0.00" duration="2"/>
    <step time="48000.00" loaded="25055" inserted="24893" running="93" waiting="162" ended="24800" arrived="24800" collisions="0" teleports="0" halting="91" stopped="0" meanWaitingTime="78.39" meanTravelTime="113.96" meanSpeed="0.22" meanSpeedRelative="0.02" duration="2"/>
    <step time="48300.00" loaded="25069" inserted="24907" running="92" waiting="162" ended="24815" arrived="24815" collisions="0" teleports="0" halting="91" stopped="0" meanWaitingTime="78.34" meanTravelTime="113.92" meanSpeed="0.04" meanSpeedRelative="0.00" duration="2"/>
    <step time="48600.00" loaded="25085" inserted="24923" running="93" waiting="162" ended="24830" arrived="24830" collisions="0" teleports="0" halting="91" stopped="0" meanWaitingTime="78.29" meanTravelTime="113.86" meanSpeed="0.17" meanSpeedRelative="0.01" duration="2"/>
    <step time="48900.00" loaded="25100" inserted="24938" running="97" waiting="162" ended="24841" arrived="24841" collisions="0" teleports="0" halting="96" stopped="0" meanWaitingTime="78.25" meanTravelTime="113.82" meanSpeed="0.04" meanSpeedRelative="0.00" duration="2"/>
    <step time="49200.00" loaded="25109" inserted="24947" running="91" waiting="162" ended="24856" arrived="24856" collisions="0" teleports="0" halting="91" stopped="0" meanWaitingTime="78.22" meanTravelTime="113.79" meanSpeed="0.00" meanSpeedRelative="0.00" duration="2"/>
</summary>
