<?xml version="1.0" encoding="UTF-8"?>

<!-- generated on 2025-02-25 15:30:07 by Eclipse SUMO GUI Version 1.19.0
<configuration xmlns:xsi="http://www.w3.org/2001/XMLSchema-instance" xsi:noNamespaceSchemaLocation="http://sumo.dlr.de/xsd/sumoConfiguration.xsd">

    <input>
        <net-file value="Network.net.xml"/>
        <route-files value="CarRoutes.rou.xml"/>
        <additional-files value="Sensors.add.xml"/>
    </input>

    <output>
        <emission-output value="logs/Emissions.xml"/>
        <summary-output value="logs/Log_summary.xml"/>
        <summary-output.period value="300"/>
        <tripinfo-output value="logs/TripInfos.xml"/>
    </output>

    <time>
        <begin value="0"/>
        <end value="86400"/>
        <step-length value="0.25"/>
    </time>

    <processing>
        <ignore-junction-blocker value="0.1"/>
        <time-to-teleport value="-1"/>
    </processing>

    <report>
        <verbose value="true"/>
        <no-step-log value="true"/>
    </report>

    <emissions>
        <device.emissions.period value="10"/>
    </emissions>

    <traci_server>
        <remote-port value="57667"/>
    </traci_server>

    <gui_only>
        <quit-on-end value="true"/>
        <start value="true"/>
    </gui_only>

</configuration>
-->

<summary xmlns:xsi="http://www.w3.org/2001/XMLSchema-instance" xsi:noNamespaceSchemaLocation="http://sumo.dlr.de/xsd/summary_file.xsd">
    <step time="0.00" loaded="0" inserted="0" running="0" waiting="0" ended="0" arrived="0" collisions="0" teleports="0" halting="0" stopped="0" meanWaitingTime="-1.00" meanTravelTime="-1.00" meanSpeed="-1.00" meanSpeedRelative="-1.00" duration="0"/>
    <step time="300.00" loaded="212" inserted="198" running="90" waiting="14" ended="108" arrived="108" collisions="0" teleports="0" halting="44" stopped="0" meanWaitingTime="13.99" meanTravelTime="80.74" meanSpeed="3.47" meanSpeedRelative="0.26" duration="1"/>
    <step time="600.00" loaded="374" inserted="364" running="74" waiting="10" ended="290" arrived="290" collisions="0" teleports="0" halting="22" stopped="0" meanWaitingTime="13.17" meanTravelTime="119.06" meanSpeed="4.93" meanSpeedRelative="0.37" duration="1"/>
    <step time="900.00" loaded="529" inserted="519" running="58" waiting="10" ended="461" arrived="461" collisions="0" teleports="0" halting="33" stopped="0" meanWaitingTime="12.35" meanTravelTime="121.16" meanSpeed="3.99" meanSpeedRelative="0.29" duration="1"/>
    <step time="1200.00" loaded="700" inserted="685" running="56" waiting="15" ended="629" arrived="629" collisions="0" teleports="0" halting="6" stopped="0" meanWaitingTime="15.63" meanTravelTime="118.26" meanSpeed="8.36" meanSpeedRelative="0.60" duration="1"/>
    <step time="1500.00" loaded="862" inserted="842" running="51" waiting="20" ended="791" arrived="791" collisions="0" teleports="0" halting="21" stopped="0" meanWaitingTime="16.84" meanTravelTime="113.76" meanSpeed="4.62" meanSpeedRelative="0.33" duration="1"/>
    <step time="1800.00" loaded="1024" inserted="1006" running="58" waiting="18" ended="948" arrived="948" collisions="0" teleports="0" halting="16" stopped="0" meanWaitingTime="19.99" meanTravelTime="112.27" meanSpeed="5.82" meanSpeedRelative="0.42" duration="1"/>
    <step time="2100.00" loaded="1187" inserted="1172" running="60" waiting="15" ended="1112" arrived="1112" collisions="0" teleports="0" halting="28" stopped="0" meanWaitingTime="18.66" meanTravelTime="110.11" meanSpeed="4.86" meanSpeedRelative="0.35" duration="1"/>
    <step time="2400.00" loaded="1330" inserted="1314" running="38" waiting="16" ended="1276" arrived="1276" collisions="0" teleports="0" halting="14" stopped="0" meanWaitingTime="18.66" meanTravelTime="109.73" meanSpeed="4.21" meanSpeedRelative="0.30" duration="1"/>
    <step time="2700.00" loaded="1475" inserted="1474" running="48" waiting="1" ended="1426" arrived="1426" collisions="0" teleports="0" halting="13" stopped="0" meanWaitingTime="18.47" meanTravelTime="108.54" meanSpeed="5.94" meanSpeedRelative="0.43" duration="1"/>
    <step time="3000.00" loaded="1634" inserted="1627" running="43" waiting="7" ended="1584" arrived="1584" collisions="0" teleports="0" halting="21" stopped="0" meanWaitingTime="17.30" meanTravelTime="107.05" meanSpeed="3.80" meanSpeedRelative="0.27" duration="0"/>
    <step time="3300.00" loaded="1802" inserted="1781" running="55" waiting="21" ended="1726" arrived="1726" collisions="0" teleports="0" halting="8" stopped="0" meanWaitingTime="18.02" meanTravelTime="106.92" meanSpeed="7.83" meanSpeedRelative="0.56" duration="1"/>
    <step time="3600.00" loaded="1934" inserted="1920" running="38" waiting="14" ended="1882" arrived="1882" collisions="0" teleports="0" halting="10" stopped="0" meanWaitingTime="19.59" meanTravelTime="105.94" meanSpeed="5.79" meanSpeedRelative="0.42" duration="1"/>
    <step time="3900.00" loaded="2102" inserted="2102" running="88" waiting="0" ended="2014" arrived="2014" collisions="0" teleports="0" halting="31" stopped="0" meanWaitingTime="18.68" meanTravelTime="105.07" meanSpeed="3.39" meanSpeedRelative="0.26" duration="1"/>
    <step time="4200.00" loaded="2234" inserted="2229" running="59" waiting="5" ended="2170" arrived="2170" collisions="0" teleports="0" halting="21" stopped="0" meanWaitingTime="18.71" meanTravelTime="108.50" meanSpeed="4.20" meanSpeedRelative="0.30" duration="1"/>
    <step time="4500.00" loaded="2413" inserted="2412" running="78" waiting="1" ended="2334" arrived="2334" collisions="0" teleports="0" halting="31" stopped="0" meanWaitingTime="17.90" meanTravelTime="110.61" meanSpeed="3.82" meanSpeedRelative="0.29" duration="1"/>
    <step time="4800.00" loaded="2569" inserted="2563" running="41" waiting="6" ended="2522" arrived="2522" collisions="0" teleports="0" halting="16" stopped="0" meanWaitingTime="17.13" meanTravelTime="110.92" meanSpeed="4.05" meanSpeedRelative="0.29" duration="1"/>
    <step time="5100.00" loaded="2737" inserted="2727" running="54" waiting="10" ended="2673" arrived="2673" collisions="0" teleports="0" halting="6" stopped="0" meanWaitingTime="17.71" meanTravelTime="109.63" meanSpeed="6.97" meanSpeedRelative="0.50" duration="1"/>
    <step time="5400.00" loaded="2890" inserted="2888" running="56" waiting="2" ended="2832" arrived="2832" collisions="0" teleports="0" halting="15" stopped="0" meanWaitingTime="17.50" meanTravelTime="109.08" meanSpeed="6.10" meanSpeedRelative="0.44" duration="0"/>
    <step time="5700.00" loaded="3075" inserted="3060" running="72" waiting="15" ended="2988" arrived="2988" collisions="0" teleports="0" halting="34" stopped="0" meanWaitingTime="16.87" meanTravelTime="108.73" meanSpeed="4.53" meanSpeedRelative="0.33" duration="1"/>
    <step time="6000.00" loaded="3199" inserted="3196" running="35" waiting="3" ended="3161" arrived="3161" collisions="0" teleports="0" halting="9" stopped="0" meanWaitingTime="16.85" meanTravelTime="109.81" meanSpeed="5.45" meanSpeedRelative="0.39" duration="0"/>
    <step time="6300.00" loaded="3364" inserted="3347" running="62" waiting="17" ended="3285" arrived="3285" collisions="0" teleports="0" halting="21" stopped="0" meanWaitingTime="16.84" meanTravelTime="109.93" meanSpeed="4.41" meanSpeedRelative="0.32" duration="1"/>
    <step time="6600.00" loaded="3524" inserted="3516" running="66" waiting="8" ended="3450" arrived="3450" collisions="0" teleports="0" halting="20" stopped="0" meanWaitingTime="16.99" meanTravelTime="109.69" meanSpeed="4.54" meanSpeedRelative="0.33" duration="1"/>
    <step time="6900.00" loaded="3708" inserted="3691" running="68" waiting="17" ended="3623" arrived="3623" collisions="0" teleports="0" halting="24" stopped="0" meanWaitingTime="16.93" meanTravelTime="109.88" meanSpeed="4.23" meanSpeedRelative="0.30" duration="1"/>
    <step time="7200.00" loaded="3864" inserted="3843" running="43" waiting="21" ended="3800" arrived="3800" collisions="0" teleports="0" halting="13" stopped="0" meanWaitingTime="17.55" meanTravelTime="109.82" meanSpeed="6.10" meanSpeedRelative="0.44" duration="0"/>
    <step time="7500.00" loaded="4015" inserted="4003" running="44" waiting="12" ended="3959" arrived="3959" collisions="0" teleports="0" halting="21" stopped="0" meanWaitingTime="18.18" meanTravelTime="109.07" meanSpeed="4.72" meanSpeedRelative="0.34" duration="0"/>
    <step time="7800.00" loaded="4173" inserted="4150" running="40" waiting="23" ended="4110" arrived="4110" collisions="0" teleports="0" halting="11" stopped="0" meanWaitingTime="18.60" meanTravelTime="108.44" meanSpeed="4.90" meanSpeedRelative="0.37" duration="0"/>
    <step time="8100.00" loaded="4345" inserted="4330" running="45" waiting="15" ended="4285" arrived="4285" collisions="0" teleports="0" halting="14" stopped="0" meanWaitingTime="19.57" meanTravelTime="107.28" meanSpeed="5.48" meanSpeedRelative="0.39" duration="1"/>
    <step time="8400.00" loaded="4531" inserted="4527" running="83" waiting="4" ended="4444" arrived="4444" collisions="0" teleports="0" halting="35" stopped="0" meanWaitingTime="19.54" meanTravelTime="106.70" meanSpeed="3.97" meanSpeedRelative="0.29" duration="1"/>
    <step time="8700.00" loaded="4699" inserted="4694" running="82" waiting="5" ended="4612" arrived="4612" collisions="0" teleports="0" halting="27" stopped="0" meanWaitingTime="19.30" meanTravelTime="107.60" meanSpeed="4.63" meanSpeedRelative="0.33" duration="1"/>
    <step time="9000.00" loaded="4885" inserted="4868" running="64" waiting="17" ended="4804" arrived="4804" collisions="0" teleports="0" halting="13" stopped="0" meanWaitingTime="19.05" meanTravelTime="107.57" meanSpeed="4.66" meanSpeedRelative="0.34" duration="0"/>
    <step time="9300.00" loaded="5070" inserted="5052" running="48" waiting="18" ended="5004" arrived="5004" collisions="0" teleports="0" halting="20" stopped="0" meanWaitingTime="19.00" meanTravelTime="107.59" meanSpeed="4.69" meanSpeedRelative="0.34" duration="1"/>
    <step time="9600.00" loaded="5241" inserted="5230" running="56" waiting="11" ended="5174" arrived="5174" collisions="0" teleports="0" halting="12" stopped="0" meanWaitingTime="19.39" meanTravelTime="107.09" meanSpeed="6.37" meanSpeedRelative="0.47" duration="1"/>
    <step time="9900.00" loaded="5386" inserted="5370" running="39" waiting="16" ended="5331" arrived="5331" collisions="0" teleports="0" halting="13" stopped="0" meanWaitingTime="19.23" meanTravelTime="106.82" meanSpeed="4.20" meanSpeedRelative="0.30" duration="0"/>
    <step time="10200.00" loaded="5555" inserted="5543" running="56" waiting="12" ended="5487" arrived="5487" collisions="0" teleports="0" halting="16" stopped="0" meanWaitingTime="19.45" meanTravelTime="106.74" meanSpeed="4.30" meanSpeedRelative="0.31" duration="1"/>
    <step time="10500.00" loaded="5734" inserted="5723" running="71" waiting="11" ended="5652" arrived="5652" collisions="0" teleports="0" halting="15" stopped="0" meanWaitingTime="19.36" meanTravelTime="106.97" meanSpeed="5.60" meanSpeedRelative="0.40" duration="2"/>
    <step time="10800.00" loaded="5907" inserted="5900" running="69" waiting="7" ended="5831" arrived="5831" collisions="0" teleports="0" halting="10" stopped="0" meanWaitingTime="19.35" meanTravelTime="107.22" meanSpeed="6.27" meanSpeedRelative="0.45" duration="1"/>
    <step time="11100.00" loaded="6081" inserted="6063" running="55" waiting="18" ended="6008" arrived="6008" collisions="0" teleports="0" halting="21" stopped="0" meanWaitingTime="19.31" meanTravelTime="107.50" meanSpeed="4.62" meanSpeedRelative="0.33" duration="1"/>
    <step time="11400.00" loaded="6253" inserted="6219" running="65" waiting="34" ended="6154" arrived="6154" collisions="0" teleports="0" halting="16" stopped="0" meanWaitingTime="19.93" meanTravelTime="107.44" meanSpeed="5.58" meanSpeedRelative="0.40" duration="2"/>
    <step time="11700.00" loaded="6396" inserted="6377" running="50" waiting="19" ended="6327" arrived="6327" collisions="0" teleports="0" halting="14" stopped="0" meanWaitingTime="20.97" meanTravelTime="107.55" meanSpeed="5.46" meanSpeedRelative="0.39" duration="1"/>
    <step time="12000.00" loaded="6575" inserted="6568" running="60" waiting="7" ended="6508" arrived="6508" collisions="0" teleports="0" halting="11" stopped="0" meanWaitingTime="20.93" meanTravelTime="107.54" meanSpeed="4.86" meanSpeedRelative="0.35" duration="1"/>
    <step time="12300.00" loaded="6745" inserted="6745" running="72" waiting="0" ended="6673" arrived="6673" collisions="0" teleports="0" halting="28" stopped="0" meanWaitingTime="20.62" meanTravelTime="107.59" meanSpeed="4.74" meanSpeedRelative="0.34" duration="1"/>
    <step time="12600.00" loaded="6914" inserted="6891" running="49" waiting="23" ended="6842" arrived="6842" collisions="0" teleports="0" halting="27" stopped="0" meanWaitingTime="20.42" meanTravelTime="107.64" meanSpeed="3.80" meanSpeedRelative="0.27" duration="1"/>
    <step time="12900.00" loaded="7079" inserted="7064" running="61" waiting="15" ended="7003" arrived="7003" collisions="0" teleports="0" halting="19" stopped="0" meanWaitingTime="20.63" meanTravelTime="107.40" meanSpeed="5.15" meanSpeedRelative="0.37" duration="1"/>
    <step time="13200.00" loaded="7255" inserted="7235" running="80" waiting="20" ended="7155" arrived="7155" collisions="0" teleports="0" halting="22" stopped="0" meanWaitingTime="20.73" meanTravelTime="107.40" meanSpeed="5.17" meanSpeedRelative="0.37" duration="1"/>
    <step time="13500.00" loaded="7431" inserted="7423" running="66" waiting="8" ended="7357" arrived="7357" collisions="0" teleports="0" halting="18" stopped="0" meanWaitingTime="20.63" meanTravelTime="107.81" meanSpeed="5.12" meanSpeedRelative="0.37" duration="2"/>
    <step time="13800.00" loaded="7623" inserted="7608" running="73" waiting="15" ended="7535" arrived="7535" collisions="0" teleports="0" halting="20" stopped="0" meanWaitingTime="20.69" meanTravelTime="107.86" meanSpeed="5.65" meanSpeedRelative="0.41" duration="1"/>
    <step time="14100.00" loaded="7783" inserted="7779" running="79" waiting="4" ended="7700" arrived="7700" collisions="0" teleports="0" halting="16" stopped="0" meanWaitingTime="20.71" meanTravelTime="108.19" meanSpeed="4.93" meanSpeedRelative="0.36" duration="1"/>
    <step time="14400.00" loaded="7922" inserted="7911" running="47" waiting="11" ended="7864" arrived="7864" collisions="0" teleports="0" halting="13" stopped="0" meanWaitingTime="20.86" meanTravelTime="108.74" meanSpeed="6.76" meanSpeedRelative="0.49" duration="1"/>
    <step time="14700.00" loaded="8115" inserted="8090" running="56" waiting="25" ended="8034" arrived="8034" collisions="0" teleports="0" halting="18" stopped="0" meanWaitingTime="20.80" meanTravelTime="108.36" meanSpeed="5.50" meanSpeedRelative="0.40" duration="1"/>
    <step time="15000.00" loaded="8270" inserted="8242" running="88" waiting="28" ended="8154" arrived="8154" collisions="0" teleports="0" halting="8" stopped="0" meanWaitingTime="20.89" meanTravelTime="108.50" meanSpeed="5.40" meanSpeedRelative="0.39" duration="2"/>
    <step time="15300.00" loaded="8431" inserted="8396" running="60" waiting="35" ended="8336" arrived="8336" collisions="0" teleports="0" halting="25" stopped="0" meanWaitingTime="21.40" meanTravelTime="109.36" meanSpeed="4.78" meanSpeedRelative="0.34" duration="1"/>
    <step time="15600.00" loaded="8594" inserted="8583" running="69" waiting="11" ended="8514" arrived="8514" collisions="0" teleports="0" halting="24" stopped="0" meanWaitingTime="22.14" meanTravelTime="109.14" meanSpeed="4.88" meanSpeedRelative="0.35" duration="1"/>
    <step time="15900.00" loaded="8784" inserted="8771" running="87" waiting="13" ended="8684" arrived="8684" collisions="0" teleports="0" halting="33" stopped="0" meanWaitingTime="22.40" meanTravelTime="109.06" meanSpeed="4.39" meanSpeedRelative="0.32" duration="1"/>
    <step time="16200.00" loaded="8973" inserted="8939" running="64" waiting="34" ended="8875" arrived="8875" collisions="0" teleports="0" halting="24" stopped="0" meanWaitingTime="22.67" meanTravelTime="109.22" meanSpeed="4.88" meanSpeedRelative="0.35" duration="1"/>
    <step time="16500.00" loaded="9140" inserted="9126" running="81" waiting="14" ended="9045" arrived="9045" collisions="0" teleports="0" halting="23" stopped="0" meanWaitingTime="23.24" meanTravelTime="109.48" meanSpeed="4.83" meanSpeedRelative="0.35" duration="1"/>
    <step time="16800.00" loaded="9329" inserted="9292" running="69" waiting="37" ended="9223" arrived="9223" collisions="0" teleports="0" halting="20" stopped="0" meanWaitingTime="23.46" meanTravelTime="109.93" meanSpeed="4.73" meanSpeedRelative="0.34" duration="1"/>
    <step time="17100.00" loaded="9498" inserted="9468" running="66" waiting="30" ended="9402" arrived="9402" collisions="0" teleports="0" halting="16" stopped="0" meanWaitingTime="24.15" meanTravelTime="109.99" meanSpeed="6.14" meanSpeedRelative="0.44" duration="2"/>
    <step time="17400.00" loaded="9677" inserted="9652" running="80" waiting="25" ended="9572" arrived="9572" collisions="0" teleports="0" halting="33" stopped="0" meanWaitingTime="24.80" meanTravelTime="110.04" meanSpeed="4.18" meanSpeedRelative="0.31" duration="1"/>
    <step time="17700.00" loaded="9853" inserted="9826" running="83" waiting="27" ended="9743" arrived="9743" collisions="0" teleports="0" halting="23" stopped="0" meanWaitingTime="25.17" meanTravelTime="110.34" meanSpeed="5.48" meanSpeedRelative="0.39" duration="1"/>
    <step time="18000.00" loaded="10017" inserted="9995" running="74" waiting="22" ended="9921" arrived="9921" collisions="0" teleports="0" halting="32" stopped="0" meanWaitingTime="25.63" meanTravelTime="110.79" meanSpeed="3.88" meanSpeedRelative="0.28" duration="1"/>
    <step time="18300.00" loaded="10202" inserted="10170" running="48" waiting="32" ended="10122" arrived="10122" collisions="0" teleports="0" halting="24" stopped="0" meanWaitingTime="25.83" meanTravelTime="110.96" meanSpeed="4.33" meanSpeedRelative="0.31" duration="1"/>
    <step time="18600.00" loaded="10359" inserted="10329" running="62" waiting="30" ended="10267" arrived="10267" collisions="0" teleports="0" halting="24" stopped="0" meanWaitingTime="26.42" meanTravelTime="110.72" meanSpeed="4.75" meanSpeedRelative="0.34" duration="1"/>
    <step time="18900.00" loaded="10544" inserted="10511" running="66" waiting="33" ended="10445" arrived="10445" collisions="0" teleports="0" halting="13" stopped="0" meanWaitingTime="26.75" meanTravelTime="110.55" meanSpeed="7.75" meanSpeedRelative="0.56" duration="2"/>
    <step time="19200.00" loaded="10722" inserted="10695" running="61" waiting="27" ended="10634" arrived="10634" collisions="0" teleports="0" halting="34" stopped="0" meanWaitingTime="27.02" meanTravelTime="110.36" meanSpeed="3.93" meanSpeedRelative="0.28" duration="1"/>
    <step time="19500.00" loaded="10928" inserted="10903" running="76" waiting="25" ended="10827" arrived="10827" collisions="0" teleports="0" halting="33" stopped="0" meanWaitingTime="27.31" meanTravelTime="110.26" meanSpeed="2.93" meanSpeedRelative="0.21" duration="1"/>
    <step time="19800.00" loaded="11110" inserted="11077" running="67" waiting="33" ended="11010" arrived="11010" collisions="0" teleports="0" halting="23" stopped="0" meanWaitingTime="27.61" meanTravelTime="110.27" meanSpeed="4.66" meanSpeedRelative="0.34" duration="1"/>
    <step time="20100.00" loaded="11307" inserted="11275" running="81" waiting="32" ended="11194" arrived="11194" collisions="0" teleports="0" halting="25" stopped="0" meanWaitingTime="28.08" meanTravelTime="110.33" meanSpeed="5.05" meanSpeedRelative="0.36" duration="1"/>
    <step time="20400.00" loaded="11473" inserted="11432" running="81" waiting="41" ended="11351" arrived="11351" collisions="0" teleports="0" halting="26" stopped="0" meanWaitingTime="28.58" meanTravelTime="110.56" meanSpeed="4.32" meanSpeedRelative="0.31" duration="1"/>
    <step time="20700.00" loaded="11648" inserted="11614" running="80" waiting="34" ended="11534" arrived="11534" collisions="0" teleports="0" halting="33" stopped="0" meanWaitingTime="29.28" meanTravelTime="110.82" meanSpeed="4.02" meanSpeedRelative="0.29" duration="1"/>
    <step time="21000.00" loaded="11832" inserted="11804" running="60" waiting="28" ended="11744" arrived="11744" collisions="0" teleports="0" halting="37" stopped="0" meanWaitingTime="29.88" meanTravelTime="110.81" meanSpeed="2.73" meanSpeedRelative="0.20" duration="1"/>
    <step time="21300.00" loaded="11991" inserted="11970" running="56" waiting="21" ended="11914" arrived="11914" collisions="0" teleports="0" halting="14" stopped="0" meanWaitingTime="30.25" meanTravelTime="110.63" meanSpeed="5.73" meanSpeedRelative="0.41" duration="1"/>
    <step time="21600.00" loaded="12212" inserted="12177" running="86" waiting="35" ended="12091" arrived="12091" collisions="0" teleports="0" halting="12" stopped="0" meanWaitingTime="30.51" meanTravelTime="110.43" meanSpeed="6.46" meanSpeedRelative="0.47" duration="2"/>
    <step time="21900.00" loaded="12399" inserted="12372" running="85" waiting="27" ended="12287" arrived="12287" collisions="0" teleports="0" halting="34" stopped="0" meanWaitingTime="30.64" meanTravelTime="110.58" meanSpeed="3.98" meanSpeedRelative="0.29" duration="1"/>
    <step time="22200.00" loaded="12588" inserted="12552" running="70" waiting="36" ended="12482" arrived="12482" collisions="0" teleports="0" halting="17" stopped="0" meanWaitingTime="30.85" meanTravelTime="110.51" meanSpeed="5.21" meanSpeedRelative="0.37" duration="1"/>
    <step time="22500.00" loaded="12764" inserted="12715" running="60" waiting="49" ended="12655" arrived="12655" collisions="0" teleports="0" halting="5" stopped="0" meanWaitingTime="31.19" meanTravelTime="110.99" meanSpeed="5.85" meanSpeedRelative="0.42" duration="2"/>
    <step time="22800.00" loaded="12962" inserted="12949" running="95" waiting="13" ended="12854" arrived="12854" collisions="0" teleports="0" halting="48" stopped="0" meanWaitingTime="31.53" meanTravelTime="111.06" meanSpeed="3.15" meanSpeedRelative="0.23" duration="2"/>
    <step time="23100.00" loaded="13145" inserted="13127" running="96" waiting="18" ended="13031" arrived="13031" collisions="0" teleports="0" halting="31" stopped="0" meanWaitingTime="31.54" meanTravelTime="111.62" meanSpeed="4.69" meanSpeedRelative="0.34" duration="2"/>
    <step time="23400.00" loaded="13332" inserted="13305" running="64" waiting="27" ended="13241" arrived="13241" collisions="0" teleports="0" halting="16" stopped="0" meanWaitingTime="31.62" meanTravelTime="111.78" meanSpeed="5.25" meanSpeedRelative="0.38" duration="1"/>
    <step time="23700.00" loaded="13562" inserted="13519" running="80" waiting="43" ended="13439" arrived="13439" collisions="0" teleports="0" halting="35" stopped="0" meanWaitingTime="31.70" meanTravelTime="111.63" meanSpeed="4.21" meanSpeedRelative="0.30" duration="1"/>
    <step time="24000.00" loaded="13740" inserted="13699" running="86" waiting="41" ended="13613" arrived="13613" collisions="0" teleports="0" halting="25" stopped="0" meanWaitingTime="32.10" meanTravelTime="111.66" meanSpeed="3.78" meanSpeedRelative="0.27" duration="1"/>
    <step time="24300.00" loaded="13947" inserted="13904" running="112" waiting="43" ended="13792" arrived="13792" collisions="0" teleports="0" halting="57" stopped="0" meanWaitingTime="32.51" meanTravelTime="111.99" meanSpeed="3.04" meanSpeedRelative="0.22" duration="1"/>
    <step time="24600.00" loaded="14170" inserted="14130" running="94" waiting="40" ended="14036" arrived="14036" collisions="0" teleports="0" halting="49" stopped="0" meanWaitingTime="32.91" meanTravelTime="112.37" meanSpeed="3.28" meanSpeedRelative="0.24" duration="1"/>
    <step time="24900.00" loaded="14382" inserted="14347" running="92" waiting="35" ended="14255" arrived="14255" collisions="0" teleports="0" halting="39" stopped="0" meanWaitingTime="33.33" meanTravelTime="112.61" meanSpeed="3.64" meanSpeedRelative="0.26" duration="2"/>
    <step time="25200.00" loaded="14574" inserted="14532" running="81" waiting="42" ended="14451" arrived="14451" collisions="0" teleports="0" halting="31" stopped="0" meanWaitingTime="33.51" meanTravelTime="112.63" meanSpeed="4.21" meanSpeedRelative="0.30" duration="1"/>
    <step time="25500.00" loaded="14749" inserted="14728" running="73" waiting="21" ended="14655" arrived="14655" collisions="0" teleports="0" halting="32" stopped="0" meanWaitingTime="33.76" meanTravelTime="112.85" meanSpeed="3.88" meanSpeedRelative="0.28" duration="1"/>
    <step time="25800.00" loaded="14980" inserted="14949" running="89" waiting="31" ended="14860" arrived="14860" collisions="0" teleports="0" halting="31" stopped="0" meanWaitingTime="33.69" meanTravelTime="112.83" meanSpeed="4.14" meanSpeedRelative="0.30" duration="1"/>
    <step time="26100.00" loaded="15190" inserted="15159" running="74" waiting="31" ended="15085" arrived="15085" collisions="0" teleports="0" halting="24" stopped="0" meanWaitingTime="33.88" meanTravelTime="112.94" meanSpeed="4.38" meanSpeedRelative="0.32" duration="1"/>
    <step time="26400.00" loaded="15383" inserted="15344" running="79" waiting="39" ended="15265" arrived="15265" collisions="0" teleports="0" halting="30" stopped="0" meanWaitingTime="34.08" meanTravelTime="112.97" meanSpeed="3.38" meanSpeedRelative="0.24" duration="1"/>
    <step time="26700.00" loaded="15601" inserted="15564" running="90" waiting="37" ended="15474" arrived="15474" collisions="0" teleports="0" halting="19" stopped="0" meanWaitingTime="34.46" meanTravelTime="112.89" meanSpeed="4.53" meanSpeedRelative="0.33" duration="2"/>
    <step time="27000.00" loaded="15817" inserted="15761" running="101" waiting="56" ended="15660" arrived="15660" collisions="0" teleports="0" halting="28" stopped="0" meanWaitingTime="34.68" meanTravelTime="113.17" meanSpeed="4.52" meanSpeedRelative="0.33" duration="2"/>
    <step time="27300.00" loaded="16041" inserted="15985" running="96" waiting="56" ended="15889" arrived="15889" collisions="0" teleports="0" halting="41" stopped="0" meanWaitingTime="35.25" meanTravelTime="113.22" meanSpeed="3.37" meanSpeedRelative="0.24" duration="1"/>
    <step time="27600.00" loaded="16240" inserted="16183" running="83" waiting="57" ended="16100" arrived="16100" collisions="0" teleports="0" halting="52" stopped="0" meanWaitingTime="35.84" meanTravelTime="113.26" meanSpeed="2.49" meanSpeedRelative="0.18" duration="1"/>
    <step time="27900.00" loaded="16446" inserted="16401" running="74" waiting="45" ended="16327" arrived="16327" collisions="0" teleports="0" halting="15" stopped="0" meanWaitingTime="36.44" meanTravelTime="113.38" meanSpeed="5.41" meanSpeedRelative="0.39" duration="1"/>
    <step time="28200.00" loaded="16669" inserted="16633" running="62" waiting="36" ended="16571" arrived="16571" collisions="0" teleports="0" halting="15" stopped="0" meanWaitingTime="36.82" meanTravelTime="113.14" meanSpeed="5.64" meanSpeedRelative="0.42" duration="1"/>
    <step time="28500.00" loaded="16872" inserted="16842" running="76" waiting="30" ended="16766" arrived="16766" collisions="0" teleports="0" halting="22" stopped="0" meanWaitingTime="37.03" meanTravelTime="112.98" meanSpeed="6.07" meanSpeedRelative="0.44" duration="1"/>
    <step time="28800.00" loaded="17084" inserted="17050" running="67" waiting="34" ended="16983" arrived="16983" collisions="0" teleports="0" halting="20" stopped="0" meanWaitingTime="37.02" meanTravelTime="112.90" meanSpeed="5.30" meanSpeedRelative="0.38" duration="1"/>
    <step time="29100.00" loaded="17306" inserted="17271" running="106" waiting="35" ended="17165" arrived="17165" collisions="0" teleports="0" halting="45" stopped="0" meanWaitingTime="37.07" meanTravelTime="113.11" meanSpeed="3.11" meanSpeedRelative="0.22" duration="2"/>
    <step time="29400.00" loaded="17506" inserted="17447" running="82" waiting="59" ended="17365" arrived="17365" collisions="0" teleports="0" halting="25" stopped="0" meanWaitingTime="37.25" meanTravelTime="113.56" meanSpeed="4.42" meanSpeedRelative="0.32" duration="1"/>
    <step time="29700.00" loaded="17686" inserted="17627" running="63" waiting="59" ended="17564" arrived="17564" collisions="0" teleports="0" halting="26" stopped="0" meanWaitingTime="37.49" meanTravelTime="113.75" meanSpeed="2.99" meanSpeedRelative="0.22" duration="0"/>
    <step time="30000.00" loaded="17864" inserted="17817" running="75" waiting="47" ended="17742" arrived="17742" collisions="0" teleports="0" halting="35" stopped="0" meanWaitingTime="38.21" meanTravelTime="113.75" meanSpeed="4.05" meanSpeedRelative="0.29" duration="1"/>
    <step time="30300.00" loaded="18063" inserted="18013" running="70" waiting="50" ended="17943" arrived="17943" collisions="0" teleports="0" halting="36" stopped="0" meanWaitingTime="38.76" meanTravelTime="113.89" meanSpeed="3.41" meanSpeedRelative="0.25" duration="1"/>
    <step time="30600.00" loaded="18278" inserted="18234" running="90" waiting="44" ended="18144" arrived="18144" collisions="0" teleports="0" halting="35" stopped="0" meanWaitingTime="39.17" meanTravelTime="113.68" meanSpeed="4.70" meanSpeedRelative="0.34" duration="1"/>
    <step time="30900.00" loaded="18497" inserted="18457" running="99" waiting="40" ended="18358" arrived="18358" collisions="0" teleports="0" halting="34" stopped="0" meanWaitingTime="39.39" meanTravelTime="113.72" meanSpeed="3.76" meanSpeedRelative="0.27" duration="2"/>
    <step time="31200.00" loaded="18669" inserted="18623" running="52" waiting="46" ended="18571" arrived="18571" collisions="0" teleports="0" halting="17" stopped="0" meanWaitingTime="39.45" meanTravelTime="114.02" meanSpeed="5.80" meanSpeedRelative="0.42" duration="1"/>
    <step time="31500.00" loaded="18849" inserted="18805" running="68" waiting="44" ended="18737" arrived="18737" collisions="0" teleports="0" halting="27" stopped="0" meanWaitingTime="39.71" meanTravelTime="113.91" meanSpeed="4.15" meanSpeedRelative="0.30" duration="1"/>
    <step time="31800.00" loaded="19004" inserted="18969" running="69" waiting="35" ended="18900" arrived="18900" collisions="0" teleports="0" halting="20" stopped="0" meanWaitingTime="40.04" meanTravelTime="114.01" meanSpeed="5.55" meanSpeedRelative="0.40" duration="1"/>
    <step time="32100.00" loaded="19188" inserted="19148" running="65" waiting="40" ended="19083" arrived="19083" collisions="0" teleports="0" halting="26" stopped="0" meanWaitingTime="40.37" meanTravelTime="113.90" meanSpeed="5.61" meanSpeedRelative="0.40" duration="1"/>
    <step time="32400.00" loaded="19354" inserted="19308" running="52" waiting="46" ended="19256" arrived="19256" collisions="0" teleports="0" halting="17" stopped="0" meanWaitingTime="40.55" meanTravelTime="113.71" meanSpeed="5.47" meanSpeedRelative="0.39" duration="0"/>
    <step time="32700.00" loaded="19534" inserted="19493" running="81" waiting="41" ended="19412" arrived="19412" collisions="0" teleports="0" halting="11" stopped="0" meanWaitingTime="40.74" meanTravelTime="113.52" meanSpeed="5.31" meanSpeedRelative="0.38" duration="1"/>
    <step time="33000.00" loaded="19703" inserted="19670" running="68" waiting="33" ended="19602" arrived="19602" collisions="0" teleports="0" halting="8" stopped="0" meanWaitingTime="40.98" meanTravelTime="113.83" meanSpeed="5.50" meanSpeedRelative="0.40" duration="1"/>
    <step time="33300.00" loaded="19836" inserted="19812" running="59" waiting="24" ended="19753" arrived="19753" collisions="0" teleports="0" halting="15" stopped="0" meanWaitingTime="41.11" meanTravelTime="113.99" meanSpeed="5.99" meanSpeedRelative="0.43" duration="1"/>
    <step time="33600.00" loaded="20030" inserted="19994" running="58" waiting="36" ended="19936" arrived="19936" collisions="0" teleports="0" halting="26" stopped="0" meanWaitingTime="41.20" meanTravelTime="113.88" meanSpeed="4.74" meanSpeedRelative="0.34" duration="1"/>
    <step time="33900.00" loaded="20188" inserted="20150" running="64" waiting="38" ended="20086" arrived="20086" collisions="0" teleports="0" halting="23" stopped="0" meanWaitingTime="41.35" meanTravelTime="113.83" meanSpeed="3.93" meanSpeedRelative="0.28" duration="1"/>
    <step time="34200.00" loaded="20347" inserted="20310" running="81" waiting="37" ended="20229" arrived="20229" collisions="0" teleports="0" halting="19" stopped="0" meanWaitingTime="41.53" meanTravelTime="113.96" meanSpeed="4.32" meanSpeedRelative="0.32" duration="2"/>
    <step time="34500.00" loaded="20514" inserted="20465" running="71" waiting="49" ended="20394" arrived="20394" collisions="0" teleports="0" halting="18" stopped="0" meanWaitingTime="41.63" meanTravelTime="114.21" meanSpeed="5.15" meanSpeedRelative="0.37" duration="2"/>
    <step time="34800.00" loaded="20667" inserted="20634" running="67" waiting="33" ended="20567" arrived="20567" collisions="0" teleports="0" halting="23" stopped="0" meanWaitingTime="42.15" meanTravelTime="114.37" meanSpeed="3.89" meanSpeedRelative="0.28" duration="1"/>
    <step time="35100.00" loaded="20805" inserted="20777" running="49" waiting="28" ended="20728" arrived="20728" collisions="0" teleports="0" halting="10" stopped="0" meanWaitingTime="42.30" meanTravelTime="114.39" meanSpeed="7.30" meanSpeedRelative="0.53" duration="1"/>
    <step time="35400.00" loaded="20944" inserted="20921" running="54" waiting="23" ended="20867" arrived="20867" collisions="0" teleports="0" halting="8" stopped="0" meanWaitingTime="42.33" meanTravelTime="114.29" meanSpeed="5.89" meanSpeedRelative="0.42" duration="1"/>
    <step time="35700.00" loaded="21088" inserted="21065" running="52" waiting="23" ended="21013" arrived="21013" collisions="0" teleports="0" halting="30" stopped="0" meanWaitingTime="42.37" meanTravelTime="114.32" meanSpeed="2.95" meanSpeedRelative="0.21" duration="1"/>
    <step time="36000.00" loaded="21245" inserted="21228" running="46" waiting="17" ended="21182" arrived="21182" collisions="0" teleports="0" halting="4" stopped="0" meanWaitingTime="42.45" meanTravelTime="114.22" meanSpeed="6.48" meanSpeedRelative="0.47" duration="1"/>
    <step time="36300.00" loaded="21417" inserted="21383" running="62" waiting="34" ended="21321" arrived="21321" collisions="0" teleports="0" halting="24" stopped="0" meanWaitingTime="42.55" meanTravelTime="114.05" meanSpeed="4.68" meanSpeedRelative="0.34" duration="1"/>
    <step time="36600.00" loaded="21565" inserted="21528" running="65" waiting="37" ended="21463" arrived="21463" collisions="0" teleports="0" halting="10" stopped="0" meanWaitingTime="42.70" meanTravelTime="114.10" meanSpeed="5.03" meanSpeedRelative="0.36" duration="1"/>
    <step time="36900.00" loaded="21704" inserted="21667" running="45" waiting="37" ended="21622" arrived="21622" collisions="0" teleports="0" halting="22" stopped="0" meanWaitingTime="42.88" meanTravelTime="114.23" meanSpeed="2.93" meanSpeedRelative="0.21" duration="0"/>
    <step time="37200.00" loaded="21827" inserted="21802" running="48" waiting="25" ended="21754" arrived="21754" collisions="0" teleports="0" halting="19" stopped="0" meanWaitingTime="43.06" meanTravelTime="114.09" meanSpeed="4.03" meanSpeedRelative="0.29" duration="1"/>
    <step time="37500.00" loaded="21968" inserted="21931" running="68" waiting="37" ended="21863" arrived="21863" collisions="0" teleports="0" halting="17" stopped="0" meanWaitingTime="43.22" meanTravelTime="114.22" meanSpeed="5.16" meanSpeedRelative="0.37" duration="1"/>
    <step time="37800.00" loaded="22127" inserted="22086" running="71" waiting="41" ended="22015" arrived="22015" collisions="0" teleports="0" halting="39" stopped="0" meanWaitingTime="43.42" meanTravelTime="114.38" meanSpeed="3.52" meanSpeedRelative="0.25" duration="1"/>
    <step time="38100.00" loaded="22273" inserted="22229" running="59" waiting="44" ended="22170" arrived="22170" collisions="0" teleports="0" halting="20" stopped="0" meanWaitingTime="43.59" meanTravelTime="114.48" meanSpeed="4.63" meanSpeedRelative="0.33" duration="1"/>
    <step time="38400.00" loaded="22398" inserted="22367" running="49" waiting="31" ended="22318" arrived="22318" collisions="0" teleports="0" halting="22" stopped="0" meanWaitingTime="43.85" meanTravelTime="114.54" meanSpeed="4.13" meanSpeedRelative="0.30" duration="0"/>
    <step time="38700.00" loaded="22496" inserted="22481" running="36" waiting="15" ended="22445" arrived="22445" collisions="0" teleports="0" halting="19" stopped="0" meanWaitingTime="43.99" meanTravelTime="114.49" meanSpeed="4.34" meanSpeedRelative="0.31" duration="1"/>
    <step time="39000.00" loaded="22602" inserted="22568" running="39" waiting="34" ended="22529" arrived="22529" collisions="0" teleports="0" halting="7" stopped="0" meanWaitingTime="44.15" meanTravelTime="114.43" meanSpeed="5.45" meanSpeedRelative="0.39" duration="1"/>
    <step time="39300.00" loaded="22729" inserted="22685" running="40" waiting="44" ended="22645" arrived="22645" collisions="0" teleports="0" halting="22" stopped="0" meanWaitingTime="44.40" meanTravelTime="114.43" meanSpeed="3.74" meanSpeedRelative="0.27" duration="1"/>
    <step time="39600.00" loaded="22840" inserted="22791" running="35" waiting="49" ended="22756" arrived="22756" collisions="0" teleports="0" halting="13" stopped="0" meanWaitingTime="44.67" meanTravelTime="114.37" meanSpeed="5.74" meanSpeedRelative="0.41" duration="1"/>
    <step time="39900.00" loaded="22960" inserted="22916" running="61" waiting="44" ended="22855" arrived="22855" collisions="0" teleports="0" halting="48" stopped="0" meanWaitingTime="45.10" meanTravelTime="114.29" meanSpeed="1.94" meanSpeedRelative="0.14" duration="1"/>
    <step time="40200.00" loaded="23049" inserted="23028" running="45" waiting="21" ended="22983" arrived="22983" collisions="0" teleports="0" halting="17" stopped="0" meanWaitingTime="45.58" meanTravelTime="114.43" meanSpeed="3.83" meanSpeedRelative="0.28" duration="0"/>
    <step time="40500.00" loaded="23150" inserted="23126" running="35" waiting="24" ended="23091" arrived="23091" collisions="0" teleports="0" halting="9" stopped="0" meanWaitingTime="45.65" meanTravelTime="114.54" meanSpeed="6.49" meanSpeedRelative="0.47" duration="1"/>
    <step time="40800.00" loaded="23261" inserted="23232" running="38" waiting="29" ended="23194" arrived="23194" collisions="0" teleports="0" halting="24" stopped="0" meanWaitingTime="45.88" meanTravelTime="114.47" meanSpeed="2.11" meanSpeedRelative="0.15" duration="0"/>
    <step time="41100.00" loaded="23344" inserted="23321" running="44" waiting="23" ended="23277" arrived="23277" collisions="0" teleports="0" halting="20" stopped="0" meanWaitingTime="46.03" meanTravelTime="114.55" meanSpeed="4.38" meanSpeedRelative="0.32" duration="0"/>
    <step time="41400.00" loaded="23406" inserted="23396" running="21" waiting="10" ended="23375" arrived="23375" collisions="0" teleports="0" halting="14" stopped="0" meanWaitingTime="46.10" meanTravelTime="114.72" meanSpeed="3.06" meanSpeedRelative="0.22" duration="0"/>
    <step time="41700.00" loaded="23508" inserted="23485" running="48" waiting="23" ended="23437" arrived="23437" collisions="0" teleports="0" halting="18" stopped="0" meanWaitingTime="46.20" meanTravelTime="114.69" meanSpeed="5.18" meanSpeedRelative="0.37" duration="1"/>
    <step time="42000.00" loaded="23588" inserted="23559" running="22" waiting="29" ended="23537" arrived="23537" collisions="0" teleports="0" halting="9" stopped="0" meanWaitingTime="46.35" meanTravelTime="114.79" meanSpeed="2.38" meanSpeedRelative="0.17" duration="0"/>
    <step time="42300.00" loaded="23693" inserted="23668" running="50" waiting="25" ended="23618" arrived="23618" collisions="0" teleports="0" halting="11" stopped="0" meanWaitingTime="46.56" meanTravelTime="114.70" meanSpeed="6.18" meanSpeedRelative="0.44" duration="1"/>
    <step time="42600.00" loaded="23807" inserted="23771" running="53" waiting="36" ended="23718" arrived="23718" collisions="0" teleports="0" halting="9" stopped="0" meanWaitingTime="46.74" meanTravelTime="114.71" meanSpeed="5.01" meanSpeedRelative="0.36" duration="1"/>
    <step time="42900.00" loaded="23909" inserted="23885" running="74" waiting="24" ended="23811" arrived="23811" collisions="0" teleports="0" halting="27" stopped="0" meanWaitingTime="46.97" meanTravelTime="114.89" meanSpeed="4.19" meanSpeedRelative="0.30" duration="1"/>
    <step time="43200.00" loaded="24008" inserted="23972" running="37" waiting="36" ended="23935" arrived="23935" collisions="0" teleports="0" halting="5" stopped="0" meanWaitingTime="47.07" meanTravelTime="115.26" meanSpeed="5.02" meanSpeedRelative="0.36" duration="1"/>
    <step time="43500.00" loaded="24085" inserted="24058" running="35" waiting="27" ended="24023" arrived="24023" collisions="0" teleports="0" halting="9" stopped="0" meanWaitingTime="47.22" meanTravelTime="115.39" meanSpeed="5.80" meanSpeedRelative="0.42" duration="1"/>
    <step time="43800.00" loaded="24185" inserted="24149" running="34" waiting="36" ended="24115" arrived="24115" collisions="0" teleports="0" halting="18" stopped="0" meanWaitingTime="47.42" meanTravelTime="115.38" meanSpeed="3.47" meanSpeedRelative="0.25" duration="0"/>
    <step time="44100.00" loaded="24290" inserted="24260" running="46" waiting="30" ended="24214" arrived="24214" collisions="0" teleports="0" halting="22" stopped="0" meanWaitingTime="47.67" meanTravelTime="115.31" meanSpeed="5.09" meanSpeedRelative="0.37" duration="0"/>
    <step time="44400.00" loaded="24400" inserted="24363" running="75" waiting="37" ended="24288" arrived="24288" collisions="0" teleports="0" halting="62" stopped="0" meanWaitingTime="47.90" meanTravelTime="115.25" meanSpeed="0.81" meanSpeedRelative="0.06" duration="1"/>
    <step time="44700.00" loaded="24505" inserted="24459" running="57" waiting="46" ended="24402" arrived="24402" collisions="0" teleports="0" halting="9" stopped="0" meanWaitingTime="48.23" meanTravelTime="115.75" meanSpeed="4.62" meanSpeedRelative="0.33" duration="1"/>
    <step time="45000.00" loaded="24610" inserted="24559" running="51" waiting="51" ended="24508" arrived="24508" collisions="0" teleports="0" halting="5" stopped="0" meanWaitingTime="48.56" meanTravelTime="116.02" meanSpeed="6.75" meanSpeedRelative="0.49" duration="1"/>
    <step time="45300.00" loaded="24698" inserted="24654" running="59" waiting="44" ended="24595" arrived="24595" collisions="0" teleports="0" halting="11" stopped="0" meanWaitingTime="48.84" meanTravelTime="116.23" meanSpeed="4.87" meanSpeedRelative="0.35" duration="1"/>
    <step time="45600.00" loaded="24781" inserted="24720" running="29" waiting="61" ended="24691" arrived="24691" collisions="0" teleports="0" halting="14" stopped="0" meanWaitingTime="49.05" meanTravelTime="116.53" meanSpeed="3.74" meanSpeedRelative="0.27" duration="1"/>
    <step time="45900.00" loaded="24868" inserted="24799" running="41" waiting="69" ended="24758" arrived="24758" collisions="0" teleports="0" halting="30" stopped="0" meanWaitingTime="49.71" meanTravelTime="116.48" meanSpeed="2.88" meanSpeedRelative="0.21" duration="1"/>
    <step time="46200.00" loaded="24948" inserted="24884" running="69" waiting="64" ended="24815" arrived="24815" collisions="0" teleports="0" halting="62" stopped="0" meanWaitingTime="50.31" meanTravelTime="116.36" meanSpeed="0.75" meanSpeedRelative="0.05" duration="1"/>
    <step time="46500.00" loaded="24996" inserted="24974" running="84" waiting="22" ended="24890" arrived="24890" collisions="0" teleports="0" halting="62" stopped="0" meanWaitingTime="50.93" meanTravelTime="116.19" meanSpeed="1.42" meanSpeedRelative="0.10" duration="1"/>
    <step time="46800.00" loaded="25016" inserted="25016" running="82" waiting="0" ended="24934" arrived="24934" collisions="0" teleports="0" halting="81" stopped="0" meanWaitingTime="51.14" meanTravelTime="116.10" meanSpeed="0.15" meanSpeedRelative="0.01" duration="1"/>
    <step time="47100.00" loaded="25034" inserted="25034" running="80" waiting="0" ended="24954" arrived="24954" collisions="0" teleports="0" halting="77" stopped="0" meanWaitingTime="51.11" meanTravelTime="116.03" meanSpeed="0.22" meanSpeedRelative="0.02" duration="1"/>
    <step time="47400.00" loaded="25050" inserted="25050" running="80" waiting="0" ended="24970" arrived="24970" collisions="0" teleports="0" halting="80" stopped="0" meanWaitingTime="51.07" meanTravelTime="115.99" meanSpeed="0.00" meanSpeedRelative="0.00" duration="1"/>
    <step time="47700.00" loaded="25064" inserted="25064" running="83" waiting="0" ended="24981" arrived="24981" collisions="0" teleports="0" halting="83" stopped="0" meanWaitingTime="51.04" meanTravelTime="115.95" meanSpeed="0.00" meanSpeedRelative="0.00" duration="0"/>
    <step time="48000.00" loaded="25077" inserted="25077" running="84" waiting="0" ended="24993" arrived="24993" collisions="0" teleports="0" halting="83" stopped="0" meanWaitingTime="51.02" meanTravelTime="115.92" meanSpeed="0.07" meanSpeedRelative="0.01" duration="1"/>
    <step time="48300.00" loaded="25092" inserted="25092" running="84" waiting="0" ended="25008" arrived="25008" collisions="0" teleports="0" halting="83" stopped="0" meanWaitingTime="50.99" meanTravelTime="115.87" meanSpeed="0.04" meanSpeedRelative="0.00" duration="2"/>
    <step time="48600.00" loaded="25108" inserted="25108" running="85" waiting="0" ended="25023" arrived="25023" collisions="0" teleports="0" halting="83" stopped="0" meanWaitingTime="50.96" meanTravelTime="115.82" meanSpeed="0.17" meanSpeedRelative="0.01" duration="1"/>
    <step time="48900.00" loaded="25123" inserted="25123" running="89" waiting="0" ended="25034" arrived="25034" collisions="0" teleports="0" halting="88" stopped="0" meanWaitingTime="50.92" meanTravelTime="115.78" meanSpeed="0.03" meanSpeedRelative="0.00" duration="1"/>
    <step time="49200.00" loaded="25132" inserted="25132" running="83" waiting="0" ended="25049" arrived="25049" collisions="0" teleports="0" halting="83" stopped="0" meanWaitingTime="50.91" meanTravelTime="115.75" meanSpeed="0.00" meanSpeedRelative="0.00" duration="1"/>
</summary>
