<?xml version="1.0" encoding="UTF-8"?>

<!-- generated on 2025-02-28 16:52:15 by Eclipse SUMO GUI Version 1.19.0
<configuration xmlns:xsi="http://www.w3.org/2001/XMLSchema-instance" xsi:noNamespaceSchemaLocation="http://sumo.dlr.de/xsd/sumoConfiguration.xsd">

    <input>
        <net-file value="Network.net.xml"/>
        <route-files value="CarRoutes.rou.xml"/>
        <additional-files value="Sensors.add.xml"/>
    </input>

    <output>
        <emission-output value="logs/Emissions.xml"/>
        <summary-output value="logs/Log_summary.xml"/>
        <summary-output.period value="300"/>
        <tripinfo-output value="logs/TripInfos.xml"/>
    </output>

    <time>
        <begin value="0"/>
        <end value="86400"/>
        <step-length value="0.25"/>
    </time>

    <processing>
        <ignore-junction-blocker value="0.1"/>
        <time-to-teleport value="-1"/>
    </processing>

    <report>
        <verbose value="true"/>
        <no-step-log value="true"/>
    </report>

    <emissions>
        <device.emissions.period value="10"/>
    </emissions>

    <traci_server>
        <remote-port value="57485"/>
    </traci_server>

    <gui_only>
        <quit-on-end value="true"/>
        <start value="true"/>
    </gui_only>

</configuration>
-->

<summary xmlns:xsi="http://www.w3.org/2001/XMLSchema-instance" xsi:noNamespaceSchemaLocation="http://sumo.dlr.de/xsd/summary_file.xsd">
    <step time="0.00" loaded="0" inserted="0" running="0" waiting="0" ended="0" arrived="0" collisions="0" teleports="0" halting="0" stopped="0" meanWaitingTime="-1.00" meanTravelTime="-1.00" meanSpeed="-1.00" meanSpeedRelative="-1.00" duration="0"/>
    <step time="300.00" loaded="211" inserted="197" running="91" waiting="14" ended="106" arrived="106" collisions="0" teleports="0" halting="47" stopped="0" meanWaitingTime="14.48" meanTravelTime="76.80" meanSpeed="3.40" meanSpeedRelative="0.25" duration="1"/>
    <step time="600.00" loaded="370" inserted="358" running="67" waiting="12" ended="291" arrived="291" collisions="0" teleports="0" halting="30" stopped="0" meanWaitingTime="16.99" meanTravelTime="116.54" meanSpeed="5.40" meanSpeedRelative="0.39" duration="2"/>
    <step time="900.00" loaded="525" inserted="514" running="50" waiting="11" ended="464" arrived="464" collisions="0" teleports="0" halting="21" stopped="0" meanWaitingTime="15.31" meanTravelTime="112.44" meanSpeed="5.03" meanSpeedRelative="0.36" duration="1"/>
    <step time="1200.00" loaded="700" inserted="685" running="57" waiting="15" ended="628" arrived="628" collisions="0" teleports="0" halting="6" stopped="0" meanWaitingTime="18.04" meanTravelTime="107.64" meanSpeed="8.53" meanSpeedRelative="0.61" duration="2"/>
    <step time="1500.00" loaded="866" inserted="846" running="59" waiting="20" ended="787" arrived="787" collisions="0" teleports="0" halting="15" stopped="0" meanWaitingTime="18.63" meanTravelTime="107.60" meanSpeed="5.07" meanSpeedRelative="0.36" duration="3"/>
    <step time="1800.00" loaded="1026" inserted="1008" running="57" waiting="18" ended="951" arrived="951" collisions="0" teleports="0" halting="19" stopped="0" meanWaitingTime="21.50" meanTravelTime="108.07" meanSpeed="4.74" meanSpeedRelative="0.34" duration="1"/>
    <step time="2100.00" loaded="1185" inserted="1170" running="68" waiting="15" ended="1102" arrived="1102" collisions="0" teleports="0" halting="44" stopped="0" meanWaitingTime="20.02" meanTravelTime="107.44" meanSpeed="3.15" meanSpeedRelative="0.23" duration="1"/>
    <step time="2400.00" loaded="1329" inserted="1299" running="33" waiting="30" ended="1266" arrived="1266" collisions="0" teleports="0" halting="17" stopped="0" meanWaitingTime="19.99" meanTravelTime="109.33" meanSpeed="3.81" meanSpeedRelative="0.27" duration="1"/>
    <step time="2700.00" loaded="1471" inserted="1449" running="38" waiting="22" ended="1411" arrived="1411" collisions="0" teleports="0" halting="11" stopped="0" meanWaitingTime="22.98" meanTravelTime="107.26" meanSpeed="6.59" meanSpeedRelative="0.47" duration="1"/>
    <step time="3000.00" loaded="1630" inserted="1609" running="59" waiting="21" ended="1550" arrived="1550" collisions="0" teleports="0" halting="31" stopped="0" meanWaitingTime="24.57" meanTravelTime="104.65" meanSpeed="2.83" meanSpeedRelative="0.20" duration="1"/>
    <step time="3300.00" loaded="1804" inserted="1776" running="64" waiting="28" ended="1712" arrived="1712" collisions="0" teleports="0" halting="11" stopped="0" meanWaitingTime="26.58" meanTravelTime="106.97" meanSpeed="6.46" meanSpeedRelative="0.46" duration="1"/>
    <step time="3600.00" loaded="1935" inserted="1920" running="48" waiting="15" ended="1872" arrived="1872" collisions="0" teleports="0" halting="20" stopped="0" meanWaitingTime="28.15" meanTravelTime="106.41" meanSpeed="4.81" meanSpeedRelative="0.35" duration="1"/>
    <step time="3900.00" loaded="2101" inserted="2101" running="71" waiting="0" ended="2030" arrived="2030" collisions="0" teleports="0" halting="39" stopped="0" meanWaitingTime="26.67" meanTravelTime="106.26" meanSpeed="3.58" meanSpeedRelative="0.26" duration="2"/>
    <step time="4200.00" loaded="2233" inserted="2228" running="45" waiting="5" ended="2183" arrived="2183" collisions="0" teleports="0" halting="6" stopped="0" meanWaitingTime="26.30" meanTravelTime="107.73" meanSpeed="6.49" meanSpeedRelative="0.47" duration="1"/>
    <step time="4500.00" loaded="2409" inserted="2408" running="68" waiting="1" ended="2340" arrived="2340" collisions="0" teleports="0" halting="29" stopped="0" meanWaitingTime="24.94" meanTravelTime="107.11" meanSpeed="4.01" meanSpeedRelative="0.29" duration="1"/>
    <step time="4800.00" loaded="2565" inserted="2559" running="38" waiting="6" ended="2521" arrived="2521" collisions="0" teleports="0" halting="14" stopped="0" meanWaitingTime="23.72" meanTravelTime="107.13" meanSpeed="5.02" meanSpeedRelative="0.36" duration="1"/>
    <step time="5100.00" loaded="2732" inserted="2722" running="55" waiting="10" ended="2667" arrived="2667" collisions="0" teleports="0" halting="8" stopped="0" meanWaitingTime="23.90" meanTravelTime="106.28" meanSpeed="6.35" meanSpeedRelative="0.46" duration="1"/>
    <step time="5400.00" loaded="2885" inserted="2883" running="45" waiting="2" ended="2838" arrived="2838" collisions="0" teleports="0" halting="11" stopped="0" meanWaitingTime="22.94" meanTravelTime="105.94" meanSpeed="5.75" meanSpeedRelative="0.41" duration="1"/>
    <step time="5700.00" loaded="3073" inserted="3058" running="76" waiting="15" ended="2982" arrived="2982" collisions="0" teleports="0" halting="42" stopped="0" meanWaitingTime="22.02" meanTravelTime="105.67" meanSpeed="3.64" meanSpeedRelative="0.26" duration="2"/>
    <step time="6000.00" loaded="3196" inserted="3193" running="35" waiting="3" ended="3158" arrived="3158" collisions="0" teleports="0" halting="14" stopped="0" meanWaitingTime="21.81" meanTravelTime="107.35" meanSpeed="5.37" meanSpeedRelative="0.39" duration="1"/>
    <step time="6300.00" loaded="3359" inserted="3342" running="68" waiting="17" ended="3274" arrived="3274" collisions="0" teleports="0" halting="18" stopped="0" meanWaitingTime="21.59" meanTravelTime="107.43" meanSpeed="4.46" meanSpeedRelative="0.32" duration="1"/>
    <step time="6600.00" loaded="3518" inserted="3510" running="66" waiting="8" ended="3444" arrived="3444" collisions="0" teleports="0" halting="12" stopped="0" meanWaitingTime="21.52" meanTravelTime="108.09" meanSpeed="5.24" meanSpeedRelative="0.38" duration="3"/>
    <step time="6900.00" loaded="3704" inserted="3686" running="71" waiting="18" ended="3615" arrived="3615" collisions="0" teleports="0" halting="22" stopped="0" meanWaitingTime="21.29" meanTravelTime="108.71" meanSpeed="4.38" meanSpeedRelative="0.32" duration="3"/>
    <step time="7200.00" loaded="3862" inserted="3840" running="48" waiting="22" ended="3792" arrived="3792" collisions="0" teleports="0" halting="16" stopped="0" meanWaitingTime="21.66" meanTravelTime="108.78" meanSpeed="4.71" meanSpeedRelative="0.34" duration="1"/>
    <step time="7500.00" loaded="4010" inserted="3998" running="44" waiting="12" ended="3954" arrived="3954" collisions="0" teleports="0" halting="19" stopped="0" meanWaitingTime="22.18" meanTravelTime="109.40" meanSpeed="4.53" meanSpeedRelative="0.33" duration="1"/>
    <step time="7800.00" loaded="4166" inserted="4143" running="45" waiting="23" ended="4098" arrived="4098" collisions="0" teleports="0" halting="9" stopped="0" meanWaitingTime="22.48" meanTravelTime="108.93" meanSpeed="6.72" meanSpeedRelative="0.48" duration="2"/>
    <step time="8100.00" loaded="4337" inserted="4324" running="53" waiting="13" ended="4271" arrived="4271" collisions="0" teleports="0" halting="23" stopped="0" meanWaitingTime="23.38" meanTravelTime="108.09" meanSpeed="4.04" meanSpeedRelative="0.29" duration="1"/>
    <step time="8400.00" loaded="4521" inserted="4517" running="60" waiting="4" ended="4457" arrived="4457" collisions="0" teleports="0" halting="13" stopped="0" meanWaitingTime="23.13" meanTravelTime="107.37" meanSpeed="6.08" meanSpeedRelative="0.44" duration="2"/>
    <step time="8700.00" loaded="4691" inserted="4686" running="68" waiting="5" ended="4618" arrived="4618" collisions="0" teleports="0" halting="21" stopped="0" meanWaitingTime="22.77" meanTravelTime="106.82" meanSpeed="5.89" meanSpeedRelative="0.42" duration="2"/>
    <step time="9000.00" loaded="4880" inserted="4863" running="63" waiting="17" ended="4800" arrived="4800" collisions="0" teleports="0" halting="24" stopped="0" meanWaitingTime="22.43" meanTravelTime="106.75" meanSpeed="3.56" meanSpeedRelative="0.26" duration="2"/>
    <step time="9300.00" loaded="5064" inserted="5045" running="52" waiting="19" ended="4993" arrived="4993" collisions="0" teleports="0" halting="20" stopped="0" meanWaitingTime="22.28" meanTravelTime="106.85" meanSpeed="4.99" meanSpeedRelative="0.36" duration="2"/>
    <step time="9600.00" loaded="5232" inserted="5219" running="53" waiting="13" ended="5166" arrived="5166" collisions="0" teleports="0" halting="23" stopped="0" meanWaitingTime="22.64" meanTravelTime="106.26" meanSpeed="5.64" meanSpeedRelative="0.41" duration="1"/>
    <step time="9900.00" loaded="5374" inserted="5358" running="37" waiting="16" ended="5321" arrived="5321" collisions="0" teleports="0" halting="9" stopped="0" meanWaitingTime="22.44" meanTravelTime="105.97" meanSpeed="6.10" meanSpeedRelative="0.44" duration="1"/>
    <step time="10200.00" loaded="5546" inserted="5537" running="73" waiting="9" ended="5464" arrived="5464" collisions="0" teleports="0" halting="13" stopped="0" meanWaitingTime="22.56" meanTravelTime="105.80" meanSpeed="6.02" meanSpeedRelative="0.43" duration="2"/>
    <step time="10500.00" loaded="5726" inserted="5714" running="74" waiting="12" ended="5640" arrived="5640" collisions="0" teleports="0" halting="29" stopped="0" meanWaitingTime="22.31" meanTravelTime="106.53" meanSpeed="4.98" meanSpeedRelative="0.36" duration="1"/>
    <step time="10800.00" loaded="5902" inserted="5896" running="72" waiting="6" ended="5824" arrived="5824" collisions="0" teleports="0" halting="16" stopped="0" meanWaitingTime="22.18" meanTravelTime="107.05" meanSpeed="5.24" meanSpeedRelative="0.38" duration="1"/>
    <step time="11100.00" loaded="6077" inserted="6077" running="68" waiting="0" ended="6009" arrived="6009" collisions="0" teleports="0" halting="29" stopped="0" meanWaitingTime="21.92" meanTravelTime="107.31" meanSpeed="3.39" meanSpeedRelative="0.24" duration="2"/>
    <step time="11400.00" loaded="6251" inserted="6234" running="54" waiting="17" ended="6180" arrived="6180" collisions="0" teleports="0" halting="15" stopped="0" meanWaitingTime="21.66" meanTravelTime="107.28" meanSpeed="5.55" meanSpeedRelative="0.40" duration="1"/>
    <step time="11700.00" loaded="6394" inserted="6386" running="59" waiting="8" ended="6327" arrived="6327" collisions="0" teleports="0" halting="12" stopped="0" meanWaitingTime="21.80" meanTravelTime="107.11" meanSpeed="5.28" meanSpeedRelative="0.38" duration="3"/>
    <step time="12000.00" loaded="6570" inserted="6563" running="61" waiting="7" ended="6502" arrived="6502" collisions="0" teleports="0" halting="20" stopped="0" meanWaitingTime="21.58" meanTravelTime="107.68" meanSpeed="4.29" meanSpeedRelative="0.31" duration="2"/>
    <step time="12300.00" loaded="6737" inserted="6736" running="67" waiting="1" ended="6669" arrived="6669" collisions="0" teleports="0" halting="26" stopped="0" meanWaitingTime="21.26" meanTravelTime="107.55" meanSpeed="3.98" meanSpeedRelative="0.29" duration="2"/>
    <step time="12600.00" loaded="6905" inserted="6885" running="64" waiting="20" ended="6821" arrived="6821" collisions="0" teleports="0" halting="22" stopped="0" meanWaitingTime="21.03" meanTravelTime="107.62" meanSpeed="5.13" meanSpeedRelative="0.37" duration="2"/>
    <step time="12900.00" loaded="7074" inserted="7059" running="61" waiting="15" ended="6998" arrived="6998" collisions="0" teleports="0" halting="24" stopped="0" meanWaitingTime="21.19" meanTravelTime="107.67" meanSpeed="4.23" meanSpeedRelative="0.30" duration="1"/>
    <step time="13200.00" loaded="7251" inserted="7231" running="68" waiting="20" ended="7163" arrived="7163" collisions="0" teleports="0" halting="17" stopped="0" meanWaitingTime="21.28" meanTravelTime="107.62" meanSpeed="6.37" meanSpeedRelative="0.46" duration="1"/>
    <step time="13500.00" loaded="7427" inserted="7419" running="74" waiting="8" ended="7345" arrived="7345" collisions="0" teleports="0" halting="23" stopped="0" meanWaitingTime="21.17" meanTravelTime="107.80" meanSpeed="4.36" meanSpeedRelative="0.31" duration="3"/>
    <step time="13800.00" loaded="7618" inserted="7605" running="82" waiting="13" ended="7523" arrived="7523" collisions="0" teleports="0" halting="19" stopped="0" meanWaitingTime="21.21" meanTravelTime="107.99" meanSpeed="5.23" meanSpeedRelative="0.38" duration="2"/>
    <step time="14100.00" loaded="7778" inserted="7774" running="80" waiting="4" ended="7694" arrived="7694" collisions="0" teleports="0" halting="19" stopped="0" meanWaitingTime="21.15" meanTravelTime="108.34" meanSpeed="5.34" meanSpeedRelative="0.38" duration="2"/>
    <step time="14400.00" loaded="7918" inserted="7908" running="46" waiting="10" ended="7862" arrived="7862" collisions="0" teleports="0" halting="17" stopped="0" meanWaitingTime="21.29" meanTravelTime="108.96" meanSpeed="5.61" meanSpeedRelative="0.44" duration="2"/>
    <step time="14700.00" loaded="8110" inserted="8091" running="58" waiting="19" ended="8033" arrived="8033" collisions="0" teleports="0" halting="14" stopped="0" meanWaitingTime="21.22" meanTravelTime="108.55" meanSpeed="5.73" meanSpeedRelative="0.41" duration="1"/>
    <step time="15000.00" loaded="8271" inserted="8266" running="104" waiting="5" ended="8162" arrived="8162" collisions="0" teleports="0" halting="21" stopped="0" meanWaitingTime="21.03" meanTravelTime="108.70" meanSpeed="4.99" meanSpeedRelative="0.36" duration="2"/>
    <step time="15300.00" loaded="8433" inserted="8399" running="69" waiting="34" ended="8330" arrived="8330" collisions="0" teleports="0" halting="31" stopped="0" meanWaitingTime="21.18" meanTravelTime="109.77" meanSpeed="4.38" meanSpeedRelative="0.32" duration="2"/>
    <step time="15600.00" loaded="8597" inserted="8586" running="62" waiting="11" ended="8524" arrived="8524" collisions="0" teleports="0" halting="23" stopped="0" meanWaitingTime="21.89" meanTravelTime="109.55" meanSpeed="4.47" meanSpeedRelative="0.33" duration="1"/>
    <step time="15900.00" loaded="8789" inserted="8773" running="96" waiting="16" ended="8677" arrived="8677" collisions="0" teleports="0" halting="38" stopped="0" meanWaitingTime="22.13" meanTravelTime="109.63" meanSpeed="4.17" meanSpeedRelative="0.30" duration="2"/>
    <step time="16200.00" loaded="8978" inserted="8943" running="57" waiting="35" ended="8886" arrived="8886" collisions="0" teleports="0" halting="22" stopped="0" meanWaitingTime="22.52" meanTravelTime="109.76" meanSpeed="5.15" meanSpeedRelative="0.37" duration="1"/>
    <step time="16500.00" loaded="9146" inserted="9130" running="82" waiting="16" ended="9048" arrived="9048" collisions="0" teleports="0" halting="21" stopped="0" meanWaitingTime="23.14" meanTravelTime="109.87" meanSpeed="5.21" meanSpeedRelative="0.38" duration="2"/>
    <step time="16800.00" loaded="9332" inserted="9296" running="63" waiting="36" ended="9233" arrived="9233" collisions="0" teleports="0" halting="12" stopped="0" meanWaitingTime="23.46" meanTravelTime="110.50" meanSpeed="5.67" meanSpeedRelative="0.41" duration="1"/>
    <step time="17100.00" loaded="9507" inserted="9477" running="85" waiting="30" ended="9392" arrived="9392" collisions="0" teleports="0" halting="32" stopped="0" meanWaitingTime="24.10" meanTravelTime="110.59" meanSpeed="4.25" meanSpeedRelative="0.31" duration="3"/>
    <step time="17400.00" loaded="9688" inserted="9663" running="80" waiting="25" ended="9583" arrived="9583" collisions="0" teleports="0" halting="35" stopped="0" meanWaitingTime="24.75" meanTravelTime="111.47" meanSpeed="3.97" meanSpeedRelative="0.29" duration="1"/>
    <step time="17700.00" loaded="9860" inserted="9831" running="69" waiting="29" ended="9762" arrived="9762" collisions="0" teleports="0" halting="15" stopped="0" meanWaitingTime="25.12" meanTravelTime="111.53" meanSpeed="5.35" meanSpeedRelative="0.39" duration="1"/>
    <step time="18000.00" loaded="10024" inserted="10002" running="69" waiting="22" ended="9933" arrived="9933" collisions="0" teleports="0" halting="25" stopped="0" meanWaitingTime="25.63" meanTravelTime="111.93" meanSpeed="5.56" meanSpeedRelative="0.40" duration="2"/>
    <step time="18300.00" loaded="10208" inserted="10175" running="49" waiting="33" ended="10126" arrived="10126" collisions="0" teleports="0" halting="20" stopped="0" meanWaitingTime="25.83" meanTravelTime="112.01" meanSpeed="4.98" meanSpeedRelative="0.36" duration="1"/>
    <step time="18600.00" loaded="10367" inserted="10334" running="58" waiting="33" ended="10276" arrived="10276" collisions="0" teleports="0" halting="19" stopped="0" meanWaitingTime="26.37" meanTravelTime="111.79" meanSpeed="5.72" meanSpeedRelative="0.42" duration="3"/>
    <step time="18900.00" loaded="10551" inserted="10516" running="71" waiting="35" ended="10445" arrived="10445" collisions="0" teleports="0" halting="9" stopped="0" meanWaitingTime="26.76" meanTravelTime="111.62" meanSpeed="7.91" meanSpeedRelative="0.57" duration="2"/>
    <step time="19200.00" loaded="10727" inserted="10700" running="58" waiting="27" ended="10642" arrived="10642" collisions="0" teleports="0" halting="35" stopped="0" meanWaitingTime="27.06" meanTravelTime="111.44" meanSpeed="3.41" meanSpeedRelative="0.25" duration="1"/>
    <step time="19500.00" loaded="10941" inserted="10917" running="92" waiting="24" ended="10825" arrived="10825" collisions="0" teleports="0" halting="39" stopped="0" meanWaitingTime="27.35" meanTravelTime="111.47" meanSpeed="3.47" meanSpeedRelative="0.26" duration="1"/>
    <step time="19800.00" loaded="11117" inserted="11085" running="68" waiting="32" ended="11017" arrived="11017" collisions="0" teleports="0" halting="27" stopped="0" meanWaitingTime="27.64" meanTravelTime="111.63" meanSpeed="5.18" meanSpeedRelative="0.37" duration="2"/>
    <step time="20100.00" loaded="11312" inserted="11281" running="79" waiting="31" ended="11202" arrived="11202" collisions="0" teleports="0" halting="23" stopped="0" meanWaitingTime="28.07" meanTravelTime="111.70" meanSpeed="5.57" meanSpeedRelative="0.40" duration="2"/>
    <step time="20400.00" loaded="11480" inserted="11439" running="69" waiting="41" ended="11370" arrived="11370" collisions="0" teleports="0" halting="26" stopped="0" meanWaitingTime="28.58" meanTravelTime="111.63" meanSpeed="5.24" meanSpeedRelative="0.38" duration="2"/>
    <step time="20700.00" loaded="11651" inserted="11617" running="63" waiting="34" ended="11554" arrived="11554" collisions="0" teleports="0" halting="21" stopped="0" meanWaitingTime="29.30" meanTravelTime="111.56" meanSpeed="4.86" meanSpeedRelative="0.35" duration="1"/>
    <step time="21000.00" loaded="11835" inserted="11809" running="64" waiting="26" ended="11745" arrived="11745" collisions="0" teleports="0" halting="35" stopped="0" meanWaitingTime="29.92" meanTravelTime="111.40" meanSpeed="3.61" meanSpeedRelative="0.26" duration="2"/>
    <step time="21300.00" loaded="11994" inserted="11973" running="65" waiting="21" ended="11908" arrived="11908" collisions="0" teleports="0" halting="16" stopped="0" meanWaitingTime="30.28" meanTravelTime="111.25" meanSpeed="5.50" meanSpeedRelative="0.40" duration="2"/>
    <step time="21600.00" loaded="12213" inserted="12180" running="101" waiting="33" ended="12079" arrived="12079" collisions="0" teleports="0" halting="10" stopped="0" meanWaitingTime="30.55" meanTravelTime="111.21" meanSpeed="6.38" meanSpeedRelative="0.46" duration="2"/>
    <step time="21900.00" loaded="12397" inserted="12370" running="68" waiting="27" ended="12302" arrived="12302" collisions="0" teleports="0" halting="20" stopped="0" meanWaitingTime="30.66" meanTravelTime="111.39" meanSpeed="6.41" meanSpeedRelative="0.46" duration="2"/>
    <step time="22200.00" loaded="12588" inserted="12557" running="63" waiting="31" ended="12494" arrived="12494" collisions="0" teleports="0" halting="23" stopped="0" meanWaitingTime="30.91" meanTravelTime="111.07" meanSpeed="4.79" meanSpeedRelative="0.34" duration="2"/>
    <step time="22500.00" loaded="12763" inserted="12714" running="64" waiting="49" ended="12650" arrived="12650" collisions="0" teleports="0" halting="7" stopped="0" meanWaitingTime="31.12" meanTravelTime="111.46" meanSpeed="6.28" meanSpeedRelative="0.45" duration="2"/>
    <step time="22800.00" loaded="12960" inserted="12946" running="105" waiting="14" ended="12841" arrived="12841" collisions="0" teleports="0" halting="42" stopped="0" meanWaitingTime="31.44" meanTravelTime="111.50" meanSpeed="2.92" meanSpeedRelative="0.21" duration="3"/>
    <step time="23100.00" loaded="13145" inserted="13121" running="114" waiting="24" ended="13007" arrived="13007" collisions="0" teleports="0" halting="44" stopped="0" meanWaitingTime="31.44" meanTravelTime="112.53" meanSpeed="3.87" meanSpeedRelative="0.28" duration="2"/>
    <step time="23400.00" loaded="13331" inserted="13300" running="69" waiting="31" ended="13231" arrived="13231" collisions="0" teleports="0" halting="22" stopped="0" meanWaitingTime="31.69" meanTravelTime="113.03" meanSpeed="4.50" meanSpeedRelative="0.32" duration="2"/>
    <step time="23700.00" loaded="13562" inserted="13517" running="73" waiting="45" ended="13444" arrived="13444" collisions="0" teleports="0" halting="31" stopped="0" meanWaitingTime="31.84" meanTravelTime="112.76" meanSpeed="4.48" meanSpeedRelative="0.32" duration="2"/>
    <step time="24000.00" loaded="13741" inserted="13701" running="82" waiting="40" ended="13619" arrived="13619" collisions="0" teleports="0" halting="26" stopped="0" meanWaitingTime="32.27" meanTravelTime="112.63" meanSpeed="4.35" meanSpeedRelative="0.31" duration="2"/>
    <step time="24300.00" loaded="13950" inserted="13907" running="101" waiting="43" ended="13806" arrived="13806" collisions="0" teleports="0" halting="59" stopped="0" meanWaitingTime="32.67" meanTravelTime="112.95" meanSpeed="2.57" meanSpeedRelative="0.19" duration="2"/>
    <step time="24600.00" loaded="14173" inserted="14133" running="88" waiting="40" ended="14045" arrived="14045" collisions="0" teleports="0" halting="31" stopped="0" meanWaitingTime="33.07" meanTravelTime="113.23" meanSpeed="4.42" meanSpeedRelative="0.32" duration="2"/>
    <step time="24900.00" loaded="14386" inserted="14351" running="82" waiting="35" ended="14269" arrived="14269" collisions="0" teleports="0" halting="28" stopped="0" meanWaitingTime="33.48" meanTravelTime="113.33" meanSpeed="4.49" meanSpeedRelative="0.32" duration="2"/>
    <step time="25200.00" loaded="14581" inserted="14536" running="74" waiting="45" ended="14462" arrived="14462" collisions="0" teleports="0" halting="28" stopped="0" meanWaitingTime="33.62" meanTravelTime="113.23" meanSpeed="5.23" meanSpeedRelative="0.38" duration="2"/>
    <step time="25500.00" loaded="14757" inserted="14734" running="71" waiting="23" ended="14663" arrived="14663" collisions="0" teleports="0" halting="32" stopped="0" meanWaitingTime="33.93" meanTravelTime="113.36" meanSpeed="3.77" meanSpeedRelative="0.27" duration="4"/>
    <step time="25800.00" loaded="14991" inserted="14953" running="93" waiting="38" ended="14860" arrived="14860" collisions="0" teleports="0" halting="33" stopped="0" meanWaitingTime="34.03" meanTravelTime="113.33" meanSpeed="4.05" meanSpeedRelative="0.29" duration="4"/>
    <step time="26100.00" loaded="15203" inserted="15172" running="72" waiting="31" ended="15100" arrived="15100" collisions="0" teleports="0" halting="23" stopped="0" meanWaitingTime="34.30" meanTravelTime="113.25" meanSpeed="4.79" meanSpeedRelative="0.35" duration="3"/>
    <step time="26400.00" loaded="15396" inserted="15356" running="75" waiting="40" ended="15281" arrived="15281" collisions="0" teleports="0" halting="25" stopped="0" meanWaitingTime="34.49" meanTravelTime="113.23" meanSpeed="3.98" meanSpeedRelative="0.29" duration="2"/>
    <step time="26700.00" loaded="15609" inserted="15585" running="113" waiting="24" ended="15472" arrived="15472" collisions="0" teleports="0" halting="42" stopped="0" meanWaitingTime="34.82" meanTravelTime="113.07" meanSpeed="4.17" meanSpeedRelative="0.30" duration="6"/>
    <step time="27000.00" loaded="15829" inserted="15800" running="106" waiting="29" ended="15694" arrived="15694" collisions="0" teleports="0" halting="29" stopped="0" meanWaitingTime="35.00" meanTravelTime="113.45" meanSpeed="5.24" meanSpeedRelative="0.38" duration="4"/>
    <step time="27300.00" loaded="16049" inserted="16012" running="90" waiting="37" ended="15922" arrived="15922" collisions="0" teleports="0" halting="35" stopped="0" meanWaitingTime="35.13" meanTravelTime="113.39" meanSpeed="3.66" meanSpeedRelative="0.26" duration="5"/>
    <step time="27600.00" loaded="16247" inserted="16206" running="73" waiting="41" ended="16133" arrived="16133" collisions="0" teleports="0" halting="45" stopped="0" meanWaitingTime="35.26" meanTravelTime="113.50" meanSpeed="2.92" meanSpeedRelative="0.22" duration="2"/>
    <step time="27900.00" loaded="16454" inserted="16419" running="63" waiting="35" ended="16356" arrived="16356" collisions="0" teleports="0" halting="13" stopped="0" meanWaitingTime="35.51" meanTravelTime="113.24" meanSpeed="6.02" meanSpeedRelative="0.43" duration="3"/>
    <step time="28200.00" loaded="16679" inserted="16655" running="77" waiting="24" ended="16578" arrived="16578" collisions="0" teleports="0" halting="15" stopped="0" meanWaitingTime="35.73" meanTravelTime="113.05" meanSpeed="5.03" meanSpeedRelative="0.36" duration="2"/>
    <step time="28500.00" loaded="16879" inserted="16850" running="73" waiting="29" ended="16777" arrived="16777" collisions="0" teleports="0" halting="20" stopped="0" meanWaitingTime="35.79" meanTravelTime="113.06" meanSpeed="5.78" meanSpeedRelative="0.42" duration="1"/>
    <step time="28800.00" loaded="17090" inserted="17058" running="66" waiting="32" ended="16992" arrived="16992" collisions="0" teleports="0" halting="15" stopped="0" meanWaitingTime="35.79" meanTravelTime="112.96" meanSpeed="5.60" meanSpeedRelative="0.40" duration="1"/>
    <step time="29100.00" loaded="17314" inserted="17280" running="100" waiting="34" ended="17180" arrived="17180" collisions="0" teleports="0" halting="35" stopped="0" meanWaitingTime="35.76" meanTravelTime="113.09" meanSpeed="3.89" meanSpeedRelative="0.28" duration="2"/>
    <step time="29400.00" loaded="17515" inserted="17469" running="75" waiting="46" ended="17394" arrived="17394" collisions="0" teleports="0" halting="24" stopped="0" meanWaitingTime="35.96" meanTravelTime="113.39" meanSpeed="5.48" meanSpeedRelative="0.40" duration="3"/>
    <step time="29700.00" loaded="17697" inserted="17664" running="70" waiting="33" ended="17594" arrived="17594" collisions="0" teleports="0" halting="30" stopped="0" meanWaitingTime="36.13" meanTravelTime="113.37" meanSpeed="4.70" meanSpeedRelative="0.34" duration="2"/>
    <step time="30000.00" loaded="17877" inserted="17844" running="81" waiting="33" ended="17763" arrived="17763" collisions="0" teleports="0" halting="23" stopped="0" meanWaitingTime="36.27" meanTravelTime="113.34" meanSpeed="4.49" meanSpeedRelative="0.32" duration="2"/>
    <step time="30300.00" loaded="18079" inserted="18040" running="71" waiting="39" ended="17969" arrived="17969" collisions="0" teleports="0" halting="40" stopped="0" meanWaitingTime="36.57" meanTravelTime="113.58" meanSpeed="2.86" meanSpeedRelative="0.21" duration="2"/>
    <step time="30600.00" loaded="18293" inserted="18248" running="73" waiting="45" ended="18175" arrived="18175" collisions="0" teleports="0" halting="23" stopped="0" meanWaitingTime="36.82" meanTravelTime="113.54" meanSpeed="5.57" meanSpeedRelative="0.40" duration="2"/>
    <step time="30900.00" loaded="18511" inserted="18459" running="81" waiting="52" ended="18378" arrived="18378" collisions="0" teleports="0" halting="25" stopped="0" meanWaitingTime="37.08" meanTravelTime="113.38" meanSpeed="5.20" meanSpeedRelative="0.37" duration="3"/>
    <step time="31200.00" loaded="18683" inserted="18629" running="72" waiting="54" ended="18557" arrived="18557" collisions="0" teleports="0" halting="22" stopped="0" meanWaitingTime="37.29" meanTravelTime="113.30" meanSpeed="3.89" meanSpeedRelative="0.28" duration="2"/>
    <step time="31500.00" loaded="18864" inserted="18809" running="69" waiting="55" ended="18740" arrived="18740" collisions="0" teleports="0" halting="28" stopped="0" meanWaitingTime="37.70" meanTravelTime="113.60" meanSpeed="4.95" meanSpeedRelative="0.36" duration="1"/>
    <step time="31800.00" loaded="19024" inserted="18965" running="61" waiting="59" ended="18904" arrived="18904" collisions="0" teleports="0" halting="19" stopped="0" meanWaitingTime="38.09" meanTravelTime="113.60" meanSpeed="5.45" meanSpeedRelative="0.39" duration="1"/>
    <step time="32100.00" loaded="19203" inserted="19135" running="54" waiting="68" ended="19081" arrived="19081" collisions="0" teleports="0" halting="24" stopped="0" meanWaitingTime="38.73" meanTravelTime="113.50" meanSpeed="4.31" meanSpeedRelative="0.31" duration="2"/>
    <step time="32400.00" loaded="19370" inserted="19294" running="71" waiting="76" ended="19223" arrived="19223" collisions="0" teleports="0" halting="27" stopped="0" meanWaitingTime="39.26" meanTravelTime="113.48" meanSpeed="4.34" meanSpeedRelative="0.31" duration="3"/>
    <step time="32700.00" loaded="19548" inserted="19460" running="60" waiting="88" ended="19400" arrived="19400" collisions="0" teleports="0" halting="11" stopped="0" meanWaitingTime="39.79" meanTravelTime="113.65" meanSpeed="5.34" meanSpeedRelative="0.38" duration="2"/>
    <step time="33000.00" loaded="19716" inserted="19636" running="64" waiting="80" ended="19572" arrived="19572" collisions="0" teleports="0" halting="8" stopped="0" meanWaitingTime="40.82" meanTravelTime="113.61" meanSpeed="6.08" meanSpeedRelative="0.44" duration="2"/>
    <step time="33300.00" loaded="19848" inserted="19781" running="66" waiting="67" ended="19715" arrived="19715" collisions="0" teleports="0" halting="14" stopped="0" meanWaitingTime="41.71" meanTravelTime="113.59" meanSpeed="5.87" meanSpeedRelative="0.45" duration="2"/>
    <step time="33600.00" loaded="20043" inserted="19968" running="62" waiting="75" ended="19906" arrived="19906" collisions="0" teleports="0" halting="30" stopped="0" meanWaitingTime="42.52" meanTravelTime="113.49" meanSpeed="4.21" meanSpeedRelative="0.30" duration="1"/>
    <step time="33900.00" loaded="20198" inserted="20125" running="54" waiting="73" ended="20071" arrived="20071" collisions="0" teleports="0" halting="16" stopped="0" meanWaitingTime="43.19" meanTravelTime="113.41" meanSpeed="5.44" meanSpeedRelative="0.41" duration="2"/>
    <step time="34200.00" loaded="20356" inserted="20290" running="58" waiting="66" ended="20232" arrived="20232" collisions="0" teleports="0" halting="24" stopped="0" meanWaitingTime="43.94" meanTravelTime="113.40" meanSpeed="4.77" meanSpeedRelative="0.34" duration="1"/>
    <step time="34500.00" loaded="20522" inserted="20441" running="86" waiting="81" ended="20355" arrived="20355" collisions="0" teleports="0" halting="20" stopped="0" meanWaitingTime="44.41" meanTravelTime="113.36" meanSpeed="3.70" meanSpeedRelative="0.27" duration="3"/>
    <step time="34800.00" loaded="20673" inserted="20601" running="83" waiting="72" ended="20518" arrived="20518" collisions="0" teleports="0" halting="24" stopped="0" meanWaitingTime="45.25" meanTravelTime="113.81" meanSpeed="4.30" meanSpeedRelative="0.31" duration="2"/>
    <step time="35100.00" loaded="20811" inserted="20743" running="60" waiting="68" ended="20683" arrived="20683" collisions="0" teleports="0" halting="13" stopped="0" meanWaitingTime="46.12" meanTravelTime="114.02" meanSpeed="5.91" meanSpeedRelative="0.43" duration="1"/>
    <step time="35400.00" loaded="20955" inserted="20883" running="44" waiting="72" ended="20839" arrived="20839" collisions="0" teleports="0" halting="6" stopped="0" meanWaitingTime="46.52" meanTravelTime="114.00" meanSpeed="6.42" meanSpeedRelative="0.46" duration="1"/>
    <step time="35700.00" loaded="21099" inserted="21033" running="56" waiting="66" ended="20977" arrived="20977" collisions="0" teleports="0" halting="19" stopped="0" meanWaitingTime="47.30" meanTravelTime="114.02" meanSpeed="5.52" meanSpeedRelative="0.40" duration="1"/>
    <step time="36000.00" loaded="21257" inserted="21214" running="53" waiting="43" ended="21161" arrived="21161" collisions="0" teleports="0" halting="17" stopped="0" meanWaitingTime="48.19" meanTravelTime="113.85" meanSpeed="4.37" meanSpeedRelative="0.31" duration="1"/>
    <step time="36300.00" loaded="21429" inserted="21363" running="60" waiting="66" ended="21303" arrived="21303" collisions="0" teleports="0" halting="19" stopped="0" meanWaitingTime="48.58" meanTravelTime="113.68" meanSpeed="4.97" meanSpeedRelative="0.36" duration="2"/>
    <step time="36600.00" loaded="21576" inserted="21514" running="62" waiting="62" ended="21452" arrived="21452" collisions="0" teleports="0" halting="8" stopped="0" meanWaitingTime="49.13" meanTravelTime="113.70" meanSpeed="5.35" meanSpeedRelative="0.39" duration="1"/>
    <step time="36900.00" loaded="21714" inserted="21657" running="48" waiting="57" ended="21609" arrived="21609" collisions="0" teleports="0" halting="18" stopped="0" meanWaitingTime="49.67" meanTravelTime="113.87" meanSpeed="5.32" meanSpeedRelative="0.38" duration="1"/>
    <step time="37200.00" loaded="21836" inserted="21777" running="41" waiting="59" ended="21736" arrived="21736" collisions="0" teleports="0" halting="18" stopped="0" meanWaitingTime="49.89" meanTravelTime="113.77" meanSpeed="4.19" meanSpeedRelative="0.30" duration="1"/>
    <step time="37500.00" loaded="21977" inserted="21904" running="54" waiting="73" ended="21850" arrived="21850" collisions="0" teleports="0" halting="15" stopped="0" meanWaitingTime="50.47" meanTravelTime="113.79" meanSpeed="5.54" meanSpeedRelative="0.40" duration="2"/>
    <step time="37800.00" loaded="22130" inserted="22055" running="53" waiting="75" ended="22002" arrived="22002" collisions="0" teleports="0" halting="19" stopped="0" meanWaitingTime="51.22" meanTravelTime="113.78" meanSpeed="5.82" meanSpeedRelative="0.42" duration="2"/>
    <step time="38100.00" loaded="22276" inserted="22189" running="45" waiting="87" ended="22144" arrived="22144" collisions="0" teleports="0" halting="14" stopped="0" meanWaitingTime="51.54" meanTravelTime="113.66" meanSpeed="6.52" meanSpeedRelative="0.47" duration="1"/>
    <step time="38400.00" loaded="22401" inserted="22329" running="50" waiting="72" ended="22279" arrived="22279" collisions="0" teleports="0" halting="20" stopped="0" meanWaitingTime="52.46" meanTravelTime="113.59" meanSpeed="4.38" meanSpeedRelative="0.32" duration="1"/>
    <step time="38700.00" loaded="22500" inserted="22445" running="48" waiting="55" ended="22397" arrived="22397" collisions="0" teleports="0" halting="29" stopped="0" meanWaitingTime="53.04" meanTravelTime="113.57" meanSpeed="3.14" meanSpeedRelative="0.23" duration="2"/>
    <step time="39000.00" loaded="22605" inserted="22522" running="44" waiting="83" ended="22478" arrived="22478" collisions="0" teleports="0" halting="6" stopped="0" meanWaitingTime="53.61" meanTravelTime="113.56" meanSpeed="5.33" meanSpeedRelative="0.38" duration="1"/>
    <step time="39300.00" loaded="22733" inserted="22645" running="36" waiting="88" ended="22609" arrived="22609" collisions="0" teleports="0" halting="10" stopped="0" meanWaitingTime="54.48" meanTravelTime="113.70" meanSpeed="6.31" meanSpeedRelative="0.47" duration="1"/>
    <step time="39600.00" loaded="22846" inserted="22764" running="48" waiting="82" ended="22716" arrived="22716" collisions="0" teleports="0" halting="22" stopped="0" meanWaitingTime="55.25" meanTravelTime="113.70" meanSpeed="4.49" meanSpeedRelative="0.32" duration="1"/>
    <step time="39900.00" loaded="22968" inserted="22870" running="57" waiting="98" ended="22813" arrived="22813" collisions="0" teleports="0" halting="45" stopped="0" meanWaitingTime="55.80" meanTravelTime="113.74" meanSpeed="1.47" meanSpeedRelative="0.12" duration="1"/>
    <step time="40200.00" loaded="23057" inserted="22963" running="38" waiting="94" ended="22925" arrived="22925" collisions="0" teleports="0" halting="13" stopped="0" meanWaitingTime="56.75" meanTravelTime="114.03" meanSpeed="4.26" meanSpeedRelative="0.31" duration="0"/>
    <step time="40500.00" loaded="23158" inserted="23076" running="34" waiting="82" ended="23042" arrived="23042" collisions="0" teleports="0" halting="11" stopped="0" meanWaitingTime="57.79" meanTravelTime="114.06" meanSpeed="5.16" meanSpeedRelative="0.37" duration="1"/>
    <step time="40800.00" loaded="23268" inserted="23179" running="39" waiting="89" ended="23140" arrived="23140" collisions="0" teleports="0" halting="22" stopped="0" meanWaitingTime="59.05" meanTravelTime="114.01" meanSpeed="2.99" meanSpeedRelative="0.22" duration="1"/>
    <step time="41100.00" loaded="23350" inserted="23246" running="31" waiting="104" ended="23215" arrived="23215" collisions="0" teleports="0" halting="6" stopped="0" meanWaitingTime="59.45" meanTravelTime="114.09" meanSpeed="7.22" meanSpeedRelative="0.52" duration="1"/>
    <step time="41400.00" loaded="23413" inserted="23353" running="35" waiting="60" ended="23318" arrived="23318" collisions="0" teleports="0" halting="17" stopped="0" meanWaitingTime="60.79" meanTravelTime="114.12" meanSpeed="3.89" meanSpeedRelative="0.28" duration="1"/>
    <step time="41700.00" loaded="23513" inserted="23444" running="63" waiting="69" ended="23381" arrived="23381" collisions="0" teleports="0" halting="36" stopped="0" meanWaitingTime="61.77" meanTravelTime="114.11" meanSpeed="3.31" meanSpeedRelative="0.24" duration="2"/>
    <step time="42000.00" loaded="23594" inserted="23521" running="33" waiting="73" ended="23488" arrived="23488" collisions="0" teleports="0" halting="11" stopped="0" meanWaitingTime="62.52" meanTravelTime="114.40" meanSpeed="5.41" meanSpeedRelative="0.39" duration="1"/>
    <step time="42300.00" loaded="23699" inserted="23627" running="33" waiting="72" ended="23594" arrived="23594" collisions="0" teleports="0" halting="10" stopped="0" meanWaitingTime="63.19" meanTravelTime="114.34" meanSpeed="5.31" meanSpeedRelative="0.38" duration="2"/>
    <step time="42600.00" loaded="23814" inserted="23700" running="18" waiting="114" ended="23682" arrived="23682" collisions="0" teleports="0" halting="6" stopped="0" meanWaitingTime="63.45" meanTravelTime="114.30" meanSpeed="6.72" meanSpeedRelative="0.48" duration="1"/>
    <step time="42900.00" loaded="23914" inserted="23803" running="33" waiting="111" ended="23770" arrived="23770" collisions="0" teleports="0" halting="4" stopped="0" meanWaitingTime="64.56" meanTravelTime="114.23" meanSpeed="7.12" meanSpeedRelative="0.51" duration="0"/>
    <step time="43200.00" loaded="24015" inserted="23888" running="29" waiting="127" ended="23859" arrived="23859" collisions="0" teleports="0" halting="10" stopped="0" meanWaitingTime="65.23" meanTravelTime="114.20" meanSpeed="5.48" meanSpeedRelative="0.39" duration="1"/>
    <step time="43500.00" loaded="24093" inserted="23962" running="32" waiting="131" ended="23930" arrived="23930" collisions="0" teleports="0" halting="9" stopped="0" meanWaitingTime="65.95" meanTravelTime="114.26" meanSpeed="5.98" meanSpeedRelative="0.43" duration="1"/>
    <step time="43800.00" loaded="24195" inserted="24058" running="45" waiting="137" ended="24013" arrived="24013" collisions="0" teleports="0" halting="30" stopped="0" meanWaitingTime="67.85" meanTravelTime="114.19" meanSpeed="3.29" meanSpeedRelative="0.24" duration="1"/>
    <step time="44100.00" loaded="24302" inserted="24167" running="63" waiting="135" ended="24104" arrived="24104" collisions="0" teleports="0" halting="41" stopped="0" meanWaitingTime="69.42" meanTravelTime="114.27" meanSpeed="2.87" meanSpeedRelative="0.21" duration="2"/>
    <step time="44400.00" loaded="24412" inserted="24248" running="72" waiting="164" ended="24176" arrived="24176" collisions="0" teleports="0" halting="50" stopped="0" meanWaitingTime="70.43" meanTravelTime="114.29" meanSpeed="1.58" meanSpeedRelative="0.11" duration="2"/>
    <step time="44700.00" loaded="24515" inserted="24330" running="48" waiting="185" ended="24282" arrived="24282" collisions="0" teleports="0" halting="16" stopped="0" meanWaitingTime="72.02" meanTravelTime="115.00" meanSpeed="3.28" meanSpeedRelative="0.25" duration="1"/>
    <step time="45000.00" loaded="24619" inserted="24425" running="37" waiting="194" ended="24388" arrived="24388" collisions="0" teleports="0" halting="3" stopped="0" meanWaitingTime="73.87" meanTravelTime="115.19" meanSpeed="6.26" meanSpeedRelative="0.45" duration="1"/>
    <step time="45300.00" loaded="24706" inserted="24529" running="58" waiting="177" ended="24471" arrived="24471" collisions="0" teleports="0" halting="15" stopped="0" meanWaitingTime="75.84" meanTravelTime="115.27" meanSpeed="4.44" meanSpeedRelative="0.32" duration="1"/>
    <step time="45600.00" loaded="24789" inserted="24610" running="32" waiting="179" ended="24578" arrived="24578" collisions="0" teleports="0" halting="16" stopped="0" meanWaitingTime="77.14" meanTravelTime="115.39" meanSpeed="3.34" meanSpeedRelative="0.24" duration="1"/>
    <step time="45900.00" loaded="24878" inserted="24688" running="45" waiting="190" ended="24643" arrived="24643" collisions="0" teleports="0" halting="30" stopped="0" meanWaitingTime="78.98" meanTravelTime="115.39" meanSpeed="2.39" meanSpeedRelative="0.17" duration="2"/>
    <step time="46200.00" loaded="24958" inserted="24774" running="68" waiting="184" ended="24706" arrived="24706" collisions="0" teleports="0" halting="62" stopped="0" meanWaitingTime="81.12" meanTravelTime="115.25" meanSpeed="0.56" meanSpeedRelative="0.04" duration="1"/>
    <step time="46500.00" loaded="25006" inserted="24825" running="94" waiting="181" ended="24731" arrived="24731" collisions="0" teleports="0" halting="94" stopped="0" meanWaitingTime="81.98" meanTravelTime="115.19" meanSpeed="0.00" meanSpeedRelative="0.00" duration="1"/>
    <step time="46800.00" loaded="25026" inserted="24845" running="97" waiting="181" ended="24748" arrived="24748" collisions="0" teleports="0" halting="96" stopped="0" meanWaitingTime="81.91" meanTravelTime="115.15" meanSpeed="0.15" meanSpeedRelative="0.01" duration="2"/>
    <step time="47100.00" loaded="25044" inserted="24863" running="93" waiting="181" ended="24770" arrived="24770" collisions="0" teleports="0" halting="90" stopped="0" meanWaitingTime="81.85" meanTravelTime="115.07" meanSpeed="0.19" meanSpeedRelative="0.01" duration="1"/>
    <step time="47400.00" loaded="25060" inserted="24879" running="92" waiting="181" ended="24787" arrived="24787" collisions="0" teleports="0" halting="92" stopped="0" meanWaitingTime="81.80" meanTravelTime="115.03" meanSpeed="0.00" meanSpeedRelative="0.00" duration="2"/>
    <step time="47700.00" loaded="25074" inserted="24893" running="93" waiting="181" ended="24800" arrived="24800" collisions="0" teleports="0" halting="93" stopped="0" meanWaitingTime="81.75" meanTravelTime="114.99" meanSpeed="0.00" meanSpeedRelative="0.00" duration="2"/>
    <step time="48000.00" loaded="25087" inserted="24906" running="91" waiting="181" ended="24815" arrived="24815" collisions="0" teleports="0" halting="90" stopped="0" meanWaitingTime="81.71" meanTravelTime="114.95" meanSpeed="0.07" meanSpeedRelative="0.00" duration="1"/>
    <step time="48300.00" loaded="25101" inserted="24920" running="91" waiting="181" ended="24829" arrived="24829" collisions="0" teleports="0" halting="90" stopped="0" meanWaitingTime="81.67" meanTravelTime="114.90" meanSpeed="0.03" meanSpeedRelative="0.00" duration="2"/>
    <step time="48600.00" loaded="25117" inserted="24936" running="92" waiting="181" ended="24844" arrived="24844" collisions="0" teleports="0" halting="90" stopped="0" meanWaitingTime="81.61" meanTravelTime="114.85" meanSpeed="0.15" meanSpeedRelative="0.01" duration="1"/>
    <step time="48900.00" loaded="25132" inserted="24951" running="96" waiting="181" ended="24855" arrived="24855" collisions="0" teleports="0" halting="95" stopped="0" meanWaitingTime="81.56" meanTravelTime="114.81" meanSpeed="0.03" meanSpeedRelative="0.00" duration="2"/>
    <step time="49200.00" loaded="25142" inserted="24961" running="90" waiting="181" ended="24871" arrived="24871" collisions="0" teleports="0" halting="90" stopped="0" meanWaitingTime="81.53" meanTravelTime="114.78" meanSpeed="0.00" meanSpeedRelative="0.00" duration="1"/>
</summary>
