<?xml version="1.0" encoding="UTF-8"?>

<!-- generated on 2025-02-28 19:58:08 by Eclipse SUMO sumo Version 1.19.0
<configuration xmlns:xsi="http://www.w3.org/2001/XMLSchema-instance" xsi:noNamespaceSchemaLocation="http://sumo.dlr.de/xsd/sumoConfiguration.xsd">

    <input>
        <net-file value="Network.net.xml"/>
        <route-files value="CarRoutes.rou.xml"/>
        <additional-files value="Sensors.add.xml"/>
    </input>

    <output>
        <emission-output value="logs/Emissions.xml"/>
        <summary-output value="logs/Log_summary.xml"/>
        <summary-output.period value="300"/>
        <tripinfo-output value="logs/TripInfos.xml"/>
    </output>

    <time>
        <begin value="0"/>
        <end value="86400"/>
        <step-length value="0.25"/>
    </time>

    <processing>
        <ignore-junction-blocker value="0.1"/>
        <time-to-teleport value="-1"/>
    </processing>

    <report>
        <verbose value="true"/>
        <no-step-log value="true"/>
    </report>

    <emissions>
        <device.emissions.period value="10"/>
    </emissions>

    <traci_server>
        <remote-port value="59665"/>
    </traci_server>

    <gui_only>
        <quit-on-end value="true"/>
        <start value="true"/>
    </gui_only>

</configuration>
-->

<instantE1 xmlns:xsi="http://www.w3.org/2001/XMLSchema-instance" xsi:noNamespaceSchemaLocation="http://sumo.dlr.de/xsd/instant_e1_file.xsd">
    <instantOut id="235_D025" time="207.06" state="enter" vehID="Car_437" speed="6.69" length="5.00" type="DEFAULT_CAR"/>
    <instantOut id="235_D025" time="207.25" state="stay" vehID="Car_437" speed="6.69" length="5.00" type="DEFAULT_CAR"/>
    <instantOut id="235_D025" time="207.50" state="stay" vehID="Car_437" speed="7.45" length="5.00" type="DEFAULT_CAR"/>
    <instantOut id="235_D025" time="207.73" state="leave" vehID="Car_437" speed="8.27" length="5.00" type="DEFAULT_CAR" occupancy="0.67"/>
    <instantOut id="235_D025" time="7816.72" state="enter" vehID="Car_3906" speed="9.52" length="5.00" type="DEFAULT_CAR" gap="7608.99"/>
    <instantOut id="235_D025" time="7816.75" state="stay" vehID="Car_3906" speed="9.52" length="5.00" type="DEFAULT_CAR"/>
    <instantOut id="235_D025" time="7817.00" state="stay" vehID="Car_3906" speed="8.94" length="5.00" type="DEFAULT_CAR"/>
    <instantOut id="235_D025" time="7817.25" state="stay" vehID="Car_3906" speed="8.34" length="5.00" type="DEFAULT_CAR"/>
    <instantOut id="235_D025" time="7817.30" state="leave" vehID="Car_3906" speed="7.59" length="5.00" type="DEFAULT_CAR" occupancy="0.58"/>
    <instantOut id="235_D025" time="7993.07" state="enter" vehID="Car_4339" speed="9.26" length="5.00" type="DEFAULT_CAR" gap="175.78"/>
    <instantOut id="235_D025" time="7993.25" state="stay" vehID="Car_4339" speed="9.26" length="5.00" type="DEFAULT_CAR"/>
    <instantOut id="235_D025" time="7993.50" state="stay" vehID="Car_4339" speed="8.51" length="5.00" type="DEFAULT_CAR"/>
    <instantOut id="235_D025" time="7993.66" state="leave" vehID="Car_4339" speed="7.91" length="5.00" type="DEFAULT_CAR" occupancy="0.58"/>
    <instantOut id="235_D025" time="8116.70" state="enter" vehID="Car_5078" speed="9.61" length="5.00" type="DEFAULT_CAR" gap="123.04"/>
    <instantOut id="235_D025" time="8116.75" state="stay" vehID="Car_5078" speed="9.61" length="5.00" type="DEFAULT_CAR"/>
    <instantOut id="235_D025" time="8117.00" state="stay" vehID="Car_5078" speed="10.54" length="5.00" type="DEFAULT_CAR"/>
    <instantOut id="235_D025" time="8117.19" state="leave" vehID="Car_5078" speed="9.95" length="5.00" type="DEFAULT_CAR" occupancy="0.49"/>
    <instantOut id="235_D025" time="8171.50" state="enter" vehID="Car_5277" speed="8.56" length="5.00" type="DEFAULT_CAR" gap="54.31"/>
    <instantOut id="235_D025" time="8171.75" state="stay" vehID="Car_5277" speed="8.56" length="5.00" type="DEFAULT_CAR"/>
    <instantOut id="235_D025" time="8172.00" state="stay" vehID="Car_5277" speed="7.81" length="5.00" type="DEFAULT_CAR"/>
    <instantOut id="235_D025" time="8172.13" state="leave" vehID="Car_5277" speed="7.06" length="5.00" type="DEFAULT_CAR" occupancy="0.63"/>
    <instantOut id="235_D025" time="8617.47" state="enter" vehID="Car_4474" speed="8.93" length="5.00" type="DEFAULT_CAR" gap="445.34"/>
    <instantOut id="235_D025" time="8617.50" state="stay" vehID="Car_4474" speed="8.93" length="5.00" type="DEFAULT_CAR"/>
    <instantOut id="235_D025" time="8617.75" state="stay" vehID="Car_4474" speed="8.24" length="5.00" type="DEFAULT_CAR"/>
    <instantOut id="235_D025" time="8618.00" state="stay" vehID="Car_4474" speed="7.49" length="5.00" type="DEFAULT_CAR"/>
    <instantOut id="235_D025" time="8618.11" state="leave" vehID="Car_4474" speed="6.87" length="5.00" type="DEFAULT_CAR" occupancy="0.65"/>
    <instantOut id="235_D025" time="9206.22" state="enter" vehID="Car_4515" speed="9.78" length="5.00" type="DEFAULT_CAR" gap="588.10"/>
    <instantOut id="235_D025" time="9206.25" state="stay" vehID="Car_4515" speed="9.78" length="5.00" type="DEFAULT_CAR"/>
    <instantOut id="235_D025" time="9206.50" state="stay" vehID="Car_4515" speed="10.63" length="5.00" type="DEFAULT_CAR"/>
    <instantOut id="235_D025" time="9206.70" state="leave" vehID="Car_4515" speed="10.00" length="5.00" type="DEFAULT_CAR" occupancy="0.48"/>
    <instantOut id="235_D025" time="11529.23" state="enter" vehID="Car_5637" speed="8.94" length="5.00" type="DEFAULT_CAR" gap="2322.53"/>
    <instantOut id="235_D025" time="11529.25" state="stay" vehID="Car_5637" speed="8.94" length="5.00" type="DEFAULT_CAR"/>
    <instantOut id="235_D025" time="11529.50" state="stay" vehID="Car_5637" speed="8.31" length="5.00" type="DEFAULT_CAR"/>
    <instantOut id="235_D025" time="11529.75" state="stay" vehID="Car_5637" speed="7.69" length="5.00" type="DEFAULT_CAR"/>
    <instantOut id="235_D025" time="11529.87" state="leave" vehID="Car_5637" speed="6.94" length="5.00" type="DEFAULT_CAR" occupancy="0.64"/>
    <instantOut id="235_D025" time="13271.75" state="enter" vehID="Car_7254" speed="9.12" length="5.00" type="DEFAULT_CAR" gap="1741.88"/>
    <instantOut id="235_D025" time="13271.75" state="stay" vehID="Car_7254" speed="9.12" length="5.00" type="DEFAULT_CAR"/>
    <instantOut id="235_D025" time="13272.00" state="stay" vehID="Car_7254" speed="8.45" length="5.00" type="DEFAULT_CAR"/>
    <instantOut id="235_D025" time="13272.25" state="stay" vehID="Car_7254" speed="7.82" length="5.00" type="DEFAULT_CAR"/>
    <instantOut id="235_D025" time="13272.38" state="leave" vehID="Car_7254" speed="7.07" length="5.00" type="DEFAULT_CAR" occupancy="0.63"/>
    <instantOut id="235_D025" time="13593.54" state="enter" vehID="Car_8302" speed="8.72" length="5.00" type="DEFAULT_CAR" gap="321.16"/>
    <instantOut id="235_D025" time="13593.75" state="stay" vehID="Car_8302" speed="8.72" length="5.00" type="DEFAULT_CAR"/>
    <instantOut id="235_D025" time="13594.00" state="stay" vehID="Car_8302" speed="7.97" length="5.00" type="DEFAULT_CAR"/>
    <instantOut id="235_D025" time="13594.16" state="leave" vehID="Car_8302" speed="7.22" length="5.00" type="DEFAULT_CAR" occupancy="0.62"/>
    <instantOut id="235_D025" time="14512.73" state="enter" vehID="Car_8424" speed="8.68" length="5.00" type="DEFAULT_CAR" gap="918.57"/>
    <instantOut id="235_D025" time="14512.75" state="stay" vehID="Car_8424" speed="8.68" length="5.00" type="DEFAULT_CAR"/>
    <instantOut id="235_D025" time="14513.00" state="stay" vehID="Car_8424" speed="8.02" length="5.00" type="DEFAULT_CAR"/>
    <instantOut id="235_D025" time="14513.25" state="stay" vehID="Car_8424" speed="7.62" length="5.00" type="DEFAULT_CAR"/>
    <instantOut id="235_D025" time="14513.39" state="leave" vehID="Car_8424" speed="6.95" length="5.00" type="DEFAULT_CAR" occupancy="0.65"/>
    <instantOut id="235_D025" time="15521.44" state="enter" vehID="Car_8430" speed="9.97" length="5.00" type="DEFAULT_CAR" gap="1008.05"/>
    <instantOut id="235_D025" time="15521.50" state="stay" vehID="Car_8430" speed="9.97" length="5.00" type="DEFAULT_CAR"/>
    <instantOut id="235_D025" time="15521.75" state="stay" vehID="Car_8430" speed="9.70" length="5.00" type="DEFAULT_CAR"/>
    <instantOut id="235_D025" time="15521.97" state="leave" vehID="Car_8430" speed="8.95" length="5.00" type="DEFAULT_CAR" occupancy="0.53"/>
    <instantOut id="235_D025" time="16149.99" state="enter" vehID="Car_8745" speed="6.93" length="5.00" type="DEFAULT_CAR" gap="628.02"/>
    <instantOut id="235_D025" time="16150.00" state="stay" vehID="Car_8745" speed="6.93" length="5.00" type="DEFAULT_CAR"/>
    <instantOut id="235_D025" time="16150.25" state="stay" vehID="Car_8745" speed="7.84" length="5.00" type="DEFAULT_CAR"/>
    <instantOut id="235_D025" time="16150.50" state="stay" vehID="Car_8745" speed="8.51" length="5.00" type="DEFAULT_CAR"/>
    <instantOut id="235_D025" time="16150.60" state="leave" vehID="Car_8745" speed="8.49" length="5.00" type="DEFAULT_CAR" occupancy="0.61"/>
    <instantOut id="235_D025" time="16943.23" state="enter" vehID="Car_8459" speed="9.71" length="5.00" type="DEFAULT_CAR" gap="792.64"/>
    <instantOut id="235_D025" time="16943.25" state="stay" vehID="Car_8459" speed="9.71" length="5.00" type="DEFAULT_CAR"/>
    <instantOut id="235_D025" time="16943.50" state="stay" vehID="Car_8459" speed="8.96" length="5.00" type="DEFAULT_CAR"/>
    <instantOut id="235_D025" time="16943.75" state="stay" vehID="Car_8459" speed="8.21" length="5.00" type="DEFAULT_CAR"/>
    <instantOut id="235_D025" time="16943.82" state="leave" vehID="Car_8459" speed="7.46" length="5.00" type="DEFAULT_CAR" occupancy="0.59"/>
    <instantOut id="235_D025" time="25301.72" state="enter" vehID="Car_15184" speed="9.15" length="5.00" type="DEFAULT_CAR" gap="8357.89"/>
    <instantOut id="235_D025" time="25301.75" state="stay" vehID="Car_15184" speed="9.15" length="5.00" type="DEFAULT_CAR"/>
    <instantOut id="235_D025" time="25302.00" state="stay" vehID="Car_15184" speed="8.40" length="5.00" type="DEFAULT_CAR"/>
    <instantOut id="235_D025" time="25302.25" state="stay" vehID="Car_15184" speed="7.65" length="5.00" type="DEFAULT_CAR"/>
    <instantOut id="235_D025" time="25302.35" state="leave" vehID="Car_15184" speed="6.90" length="5.00" type="DEFAULT_CAR" occupancy="0.63"/>
    <instantOut id="235_D025" time="25448.32" state="enter" vehID="Car_14356" speed="8.79" length="5.00" type="DEFAULT_CAR" gap="145.97"/>
    <instantOut id="235_D025" time="25448.50" state="stay" vehID="Car_14356" speed="8.79" length="5.00" type="DEFAULT_CAR"/>
    <instantOut id="235_D025" time="25448.75" state="stay" vehID="Car_14356" speed="8.24" length="5.00" type="DEFAULT_CAR"/>
    <instantOut id="235_D025" time="25448.93" state="leave" vehID="Car_14356" speed="7.59" length="5.00" type="DEFAULT_CAR" occupancy="0.61"/>
    <instantOut id="235_D025" time="25895.03" state="enter" vehID="Car_14361" speed="7.17" length="5.00" type="DEFAULT_CAR" gap="446.10"/>
    <instantOut id="235_D025" time="25895.25" state="stay" vehID="Car_14361" speed="7.17" length="5.00" type="DEFAULT_CAR"/>
    <instantOut id="235_D025" time="25895.50" state="stay" vehID="Car_14361" speed="7.86" length="5.00" type="DEFAULT_CAR"/>
    <instantOut id="235_D025" time="25895.67" state="leave" vehID="Car_14361" speed="8.66" length="5.00" type="DEFAULT_CAR" occupancy="0.64"/>
    <instantOut id="235_D025" time="27571.53" state="enter" vehID="Car_15195" speed="8.44" length="5.00" type="DEFAULT_CAR" gap="1675.86"/>
    <instantOut id="235_D025" time="27571.75" state="stay" vehID="Car_15195" speed="8.44" length="5.00" type="DEFAULT_CAR"/>
    <instantOut id="235_D025" time="27572.00" state="stay" vehID="Car_15195" speed="7.69" length="5.00" type="DEFAULT_CAR"/>
    <instantOut id="235_D025" time="27572.17" state="leave" vehID="Car_15195" speed="6.94" length="5.00" type="DEFAULT_CAR" occupancy="0.64"/>
    <instantOut id="235_D025" time="29230.44" state="enter" vehID="Car_17245" speed="9.76" length="5.00" type="DEFAULT_CAR" gap="1658.27"/>
    <instantOut id="235_D025" time="29230.50" state="stay" vehID="Car_17245" speed="9.76" length="5.00" type="DEFAULT_CAR"/>
    <instantOut id="235_D025" time="29230.75" state="stay" vehID="Car_17245" speed="10.02" length="5.00" type="DEFAULT_CAR"/>
    <instantOut id="235_D025" time="29230.95" state="leave" vehID="Car_17245" speed="9.36" length="5.00" type="DEFAULT_CAR" occupancy="0.51"/>
    <instantOut id="235_D025" time="29591.73" state="enter" vehID="Car_17562" speed="9.37" length="5.00" type="DEFAULT_CAR" gap="360.78"/>
    <instantOut id="235_D025" time="29591.75" state="stay" vehID="Car_17562" speed="9.37" length="5.00" type="DEFAULT_CAR"/>
    <instantOut id="235_D025" time="29592.00" state="stay" vehID="Car_17562" speed="8.62" length="5.00" type="DEFAULT_CAR"/>
    <instantOut id="235_D025" time="29592.25" state="stay" vehID="Car_17562" speed="7.87" length="5.00" type="DEFAULT_CAR"/>
    <instantOut id="235_D025" time="29592.35" state="leave" vehID="Car_17562" speed="7.12" length="5.00" type="DEFAULT_CAR" occupancy="0.62"/>
    <instantOut id="235_D025" time="33678.22" state="enter" vehID="Car_20804" speed="8.69" length="5.00" type="DEFAULT_CAR" gap="4085.87"/>
    <instantOut id="235_D025" time="33678.25" state="stay" vehID="Car_20804" speed="8.69" length="5.00" type="DEFAULT_CAR"/>
    <instantOut id="235_D025" time="33678.50" state="stay" vehID="Car_20804" speed="7.94" length="5.00" type="DEFAULT_CAR"/>
    <instantOut id="235_D025" time="33678.75" state="stay" vehID="Car_20804" speed="7.38" length="5.00" type="DEFAULT_CAR"/>
    <instantOut id="235_D025" time="33678.89" state="leave" vehID="Car_20804" speed="6.63" length="5.00" type="DEFAULT_CAR" occupancy="0.67"/>
    <instantOut id="235_D025" time="35022.97" state="enter" vehID="Car_20832" speed="11.74" length="5.00" type="DEFAULT_CAR" gap="1344.08"/>
    <instantOut id="235_D025" time="35023.00" state="stay" vehID="Car_20832" speed="11.74" length="5.00" type="DEFAULT_CAR"/>
    <instantOut id="235_D025" time="35023.25" state="stay" vehID="Car_20832" speed="10.99" length="5.00" type="DEFAULT_CAR"/>
    <instantOut id="235_D025" time="35023.44" state="leave" vehID="Car_20832" speed="10.24" length="5.00" type="DEFAULT_CAR" occupancy="0.47"/>
    <instantOut id="235_D025" time="35489.01" state="enter" vehID="Car_21531" speed="7.40" length="5.00" type="DEFAULT_CAR" gap="465.57"/>
    <instantOut id="235_D025" time="35489.25" state="stay" vehID="Car_21531" speed="7.40" length="5.00" type="DEFAULT_CAR"/>
    <instantOut id="235_D025" time="35489.50" state="stay" vehID="Car_21531" speed="8.23" length="5.00" type="DEFAULT_CAR"/>
    <instantOut id="235_D025" time="35489.65" state="leave" vehID="Car_21531" speed="7.48" length="5.00" type="DEFAULT_CAR" occupancy="0.65"/>
    <instantOut id="235_D025" time="38173.04" state="enter" vehID="Car_21777" speed="7.16" length="5.00" type="DEFAULT_CAR" gap="2683.39"/>
    <instantOut id="235_D025" time="38173.25" state="stay" vehID="Car_21777" speed="7.16" length="5.00" type="DEFAULT_CAR"/>
    <instantOut id="235_D025" time="38173.50" state="stay" vehID="Car_21777" speed="6.41" length="5.00" type="DEFAULT_CAR"/>
    <instantOut id="235_D025" time="38173.75" state="stay" vehID="Car_21777" speed="5.66" length="5.00" type="DEFAULT_CAR"/>
    <instantOut id="235_D025" time="38173.85" state="leave" vehID="Car_21777" speed="4.91" length="5.00" type="DEFAULT_CAR" occupancy="0.81"/>
</instantE1>
