<?xml version="1.0" encoding="UTF-8"?>

<!-- generated on 2025-02-28 18:26:05 by Eclipse SUMO GUI Version 1.19.0
<configuration xmlns:xsi="http://www.w3.org/2001/XMLSchema-instance" xsi:noNamespaceSchemaLocation="http://sumo.dlr.de/xsd/sumoConfiguration.xsd">

    <input>
        <net-file value="Network.net.xml"/>
        <route-files value="CarRoutes.rou.xml"/>
        <additional-files value="Sensors.add.xml"/>
    </input>

    <output>
        <emission-output value="logs/Emissions.xml"/>
        <summary-output value="logs/Log_summary.xml"/>
        <summary-output.period value="300"/>
        <tripinfo-output value="logs/TripInfos.xml"/>
    </output>

    <time>
        <begin value="0"/>
        <end value="86400"/>
        <step-length value="0.25"/>
    </time>

    <processing>
        <ignore-junction-blocker value="0.1"/>
        <time-to-teleport value="-1"/>
    </processing>

    <report>
        <verbose value="true"/>
        <no-step-log value="true"/>
    </report>

    <emissions>
        <device.emissions.period value="10"/>
    </emissions>

    <traci_server>
        <remote-port value="58694"/>
    </traci_server>

    <gui_only>
        <quit-on-end value="true"/>
        <start value="true"/>
    </gui_only>

</configuration>
-->

<summary xmlns:xsi="http://www.w3.org/2001/XMLSchema-instance" xsi:noNamespaceSchemaLocation="http://sumo.dlr.de/xsd/summary_file.xsd">
    <step time="0.00" loaded="0" inserted="0" running="0" waiting="0" ended="0" arrived="0" collisions="0" teleports="0" halting="0" stopped="0" meanWaitingTime="-1.00" meanTravelTime="-1.00" meanSpeed="-1.00" meanSpeedRelative="-1.00" duration="0"/>
    <step time="300.00" loaded="211" inserted="198" running="93" waiting="13" ended="105" arrived="105" collisions="0" teleports="0" halting="47" stopped="0" meanWaitingTime="13.97" meanTravelTime="76.00" meanSpeed="3.26" meanSpeedRelative="0.24" duration="3"/>
    <step time="600.00" loaded="372" inserted="360" running="67" waiting="12" ended="293" arrived="293" collisions="0" teleports="0" halting="22" stopped="0" meanWaitingTime="17.53" meanTravelTime="114.72" meanSpeed="4.99" meanSpeedRelative="0.36" duration="1"/>
    <step time="900.00" loaded="529" inserted="519" running="52" waiting="10" ended="467" arrived="467" collisions="0" teleports="0" halting="28" stopped="0" meanWaitingTime="15.43" meanTravelTime="117.56" meanSpeed="4.42" meanSpeedRelative="0.32" duration="2"/>
    <step time="1200.00" loaded="700" inserted="685" running="57" waiting="15" ended="628" arrived="628" collisions="0" teleports="0" halting="7" stopped="0" meanWaitingTime="17.87" meanTravelTime="115.16" meanSpeed="8.19" meanSpeedRelative="0.59" duration="2"/>
    <step time="1500.00" loaded="866" inserted="846" running="53" waiting="20" ended="793" arrived="793" collisions="0" teleports="0" halting="21" stopped="0" meanWaitingTime="18.57" meanTravelTime="112.07" meanSpeed="4.48" meanSpeedRelative="0.32" duration="3"/>
    <step time="1800.00" loaded="1028" inserted="1009" running="54" waiting="19" ended="955" arrived="955" collisions="0" teleports="0" halting="17" stopped="0" meanWaitingTime="21.33" meanTravelTime="112.68" meanSpeed="5.36" meanSpeedRelative="0.40" duration="2"/>
    <step time="2100.00" loaded="1187" inserted="1172" running="63" waiting="15" ended="1109" arrived="1109" collisions="0" teleports="0" halting="35" stopped="0" meanWaitingTime="20.01" meanTravelTime="110.36" meanSpeed="3.75" meanSpeedRelative="0.27" duration="2"/>
    <step time="2400.00" loaded="1331" inserted="1315" running="39" waiting="16" ended="1276" arrived="1276" collisions="0" teleports="0" halting="14" stopped="0" meanWaitingTime="19.83" meanTravelTime="109.75" meanSpeed="5.12" meanSpeedRelative="0.37" duration="1"/>
    <step time="2700.00" loaded="1475" inserted="1474" running="51" waiting="1" ended="1423" arrived="1423" collisions="0" teleports="0" halting="14" stopped="0" meanWaitingTime="19.51" meanTravelTime="107.57" meanSpeed="5.26" meanSpeedRelative="0.38" duration="2"/>
    <step time="3000.00" loaded="1637" inserted="1630" running="59" waiting="7" ended="1571" arrived="1571" collisions="0" teleports="0" halting="28" stopped="0" meanWaitingTime="18.17" meanTravelTime="108.34" meanSpeed="3.27" meanSpeedRelative="0.24" duration="1"/>
    <step time="3300.00" loaded="1808" inserted="1792" running="67" waiting="16" ended="1725" arrived="1725" collisions="0" teleports="0" halting="10" stopped="0" meanWaitingTime="18.43" meanTravelTime="109.05" meanSpeed="6.35" meanSpeedRelative="0.46" duration="1"/>
    <step time="3600.00" loaded="1941" inserted="1941" running="40" waiting="0" ended="1901" arrived="1901" collisions="0" teleports="0" halting="12" stopped="0" meanWaitingTime="18.20" meanTravelTime="108.64" meanSpeed="5.22" meanSpeedRelative="0.38" duration="1"/>
    <step time="3900.00" loaded="2106" inserted="2106" running="81" waiting="0" ended="2025" arrived="2025" collisions="0" teleports="0" halting="41" stopped="0" meanWaitingTime="16.90" meanTravelTime="107.40" meanSpeed="3.00" meanSpeedRelative="0.22" duration="1"/>
    <step time="4200.00" loaded="2236" inserted="2236" running="45" waiting="0" ended="2191" arrived="2191" collisions="0" teleports="0" halting="11" stopped="0" meanWaitingTime="16.99" meanTravelTime="109.47" meanSpeed="5.49" meanSpeedRelative="0.40" duration="1"/>
    <step time="4500.00" loaded="2416" inserted="2415" running="63" waiting="1" ended="2352" arrived="2352" collisions="0" teleports="0" halting="24" stopped="0" meanWaitingTime="16.17" meanTravelTime="109.04" meanSpeed="4.69" meanSpeedRelative="0.34" duration="2"/>
    <step time="4800.00" loaded="2574" inserted="2568" running="50" waiting="6" ended="2518" arrived="2518" collisions="0" teleports="0" halting="15" stopped="0" meanWaitingTime="15.46" meanTravelTime="108.36" meanSpeed="4.41" meanSpeedRelative="0.32" duration="1"/>
    <step time="5100.00" loaded="2740" inserted="2730" running="64" waiting="10" ended="2666" arrived="2666" collisions="0" teleports="0" halting="15" stopped="0" meanWaitingTime="16.21" meanTravelTime="107.69" meanSpeed="5.06" meanSpeedRelative="0.36" duration="3"/>
    <step time="5400.00" loaded="2891" inserted="2889" running="56" waiting="2" ended="2833" arrived="2833" collisions="0" teleports="0" halting="20" stopped="0" meanWaitingTime="15.72" meanTravelTime="107.55" meanSpeed="5.46" meanSpeedRelative="0.39" duration="1"/>
    <step time="5700.00" loaded="3075" inserted="3060" running="76" waiting="15" ended="2984" arrived="2984" collisions="0" teleports="0" halting="26" stopped="0" meanWaitingTime="15.22" meanTravelTime="107.68" meanSpeed="5.23" meanSpeedRelative="0.38" duration="3"/>
    <step time="6000.00" loaded="3198" inserted="3195" running="38" waiting="3" ended="3157" arrived="3157" collisions="0" teleports="0" halting="13" stopped="0" meanWaitingTime="15.26" meanTravelTime="108.93" meanSpeed="5.84" meanSpeedRelative="0.42" duration="1"/>
    <step time="6300.00" loaded="3361" inserted="3344" running="74" waiting="17" ended="3270" arrived="3270" collisions="0" teleports="0" halting="31" stopped="0" meanWaitingTime="15.32" meanTravelTime="108.89" meanSpeed="3.87" meanSpeedRelative="0.28" duration="5"/>
    <step time="6600.00" loaded="3521" inserted="3513" running="66" waiting="8" ended="3447" arrived="3447" collisions="0" teleports="0" halting="16" stopped="0" meanWaitingTime="15.48" meanTravelTime="109.47" meanSpeed="5.63" meanSpeedRelative="0.41" duration="2"/>
    <step time="6900.00" loaded="3705" inserted="3688" running="65" waiting="17" ended="3623" arrived="3623" collisions="0" teleports="0" halting="22" stopped="0" meanWaitingTime="15.54" meanTravelTime="109.32" meanSpeed="4.63" meanSpeedRelative="0.35" duration="1"/>
    <step time="7200.00" loaded="3864" inserted="3841" running="51" waiting="23" ended="3790" arrived="3790" collisions="0" teleports="0" halting="21" stopped="0" meanWaitingTime="16.14" meanTravelTime="109.09" meanSpeed="5.93" meanSpeedRelative="0.43" duration="1"/>
    <step time="7500.00" loaded="4015" inserted="4001" running="39" waiting="14" ended="3962" arrived="3962" collisions="0" teleports="0" halting="19" stopped="0" meanWaitingTime="16.88" meanTravelTime="109.09" meanSpeed="4.57" meanSpeedRelative="0.33" duration="1"/>
    <step time="7800.00" loaded="4169" inserted="4146" running="37" waiting="23" ended="4109" arrived="4109" collisions="0" teleports="0" halting="11" stopped="0" meanWaitingTime="17.46" meanTravelTime="108.29" meanSpeed="4.87" meanSpeedRelative="0.35" duration="2"/>
    <step time="8100.00" loaded="4340" inserted="4325" running="48" waiting="15" ended="4277" arrived="4277" collisions="0" teleports="0" halting="16" stopped="0" meanWaitingTime="18.53" meanTravelTime="107.21" meanSpeed="5.05" meanSpeedRelative="0.39" duration="2"/>
    <step time="8400.00" loaded="4524" inserted="4520" running="71" waiting="4" ended="4449" arrived="4449" collisions="0" teleports="0" halting="27" stopped="0" meanWaitingTime="18.48" meanTravelTime="106.61" meanSpeed="3.64" meanSpeedRelative="0.26" duration="3"/>
    <step time="8700.00" loaded="4695" inserted="4690" running="93" waiting="5" ended="4597" arrived="4597" collisions="0" teleports="0" halting="40" stopped="0" meanWaitingTime="18.27" meanTravelTime="107.33" meanSpeed="4.12" meanSpeedRelative="0.30" duration="5"/>
    <step time="9000.00" loaded="4883" inserted="4866" running="66" waiting="17" ended="4800" arrived="4800" collisions="0" teleports="0" halting="14" stopped="0" meanWaitingTime="18.06" meanTravelTime="107.90" meanSpeed="4.26" meanSpeedRelative="0.31" duration="2"/>
    <step time="9300.00" loaded="5065" inserted="5047" running="55" waiting="18" ended="4992" arrived="4992" collisions="0" teleports="0" halting="26" stopped="0" meanWaitingTime="18.05" meanTravelTime="108.04" meanSpeed="4.26" meanSpeedRelative="0.31" duration="2"/>
    <step time="9600.00" loaded="5236" inserted="5224" running="59" waiting="12" ended="5165" arrived="5165" collisions="0" teleports="0" halting="26" stopped="0" meanWaitingTime="18.52" meanTravelTime="107.87" meanSpeed="4.97" meanSpeedRelative="0.36" duration="2"/>
    <step time="9900.00" loaded="5380" inserted="5375" running="51" waiting="5" ended="5324" arrived="5324" collisions="0" teleports="0" halting="9" stopped="0" meanWaitingTime="18.39" meanTravelTime="107.73" meanSpeed="6.19" meanSpeedRelative="0.45" duration="2"/>
    <step time="10200.00" loaded="5548" inserted="5540" running="63" waiting="8" ended="5477" arrived="5477" collisions="0" teleports="0" halting="24" stopped="0" meanWaitingTime="18.14" meanTravelTime="108.38" meanSpeed="4.46" meanSpeedRelative="0.34" duration="3"/>
    <step time="10500.00" loaded="5727" inserted="5716" running="77" waiting="11" ended="5639" arrived="5639" collisions="0" teleports="0" halting="29" stopped="0" meanWaitingTime="18.02" meanTravelTime="108.67" meanSpeed="5.15" meanSpeedRelative="0.37" duration="3"/>
    <step time="10800.00" loaded="5898" inserted="5890" running="69" waiting="8" ended="5821" arrived="5821" collisions="0" teleports="0" halting="7" stopped="0" meanWaitingTime="18.06" meanTravelTime="109.29" meanSpeed="6.19" meanSpeedRelative="0.45" duration="1"/>
    <step time="11100.00" loaded="6074" inserted="6056" running="59" waiting="18" ended="5997" arrived="5997" collisions="0" teleports="0" halting="26" stopped="0" meanWaitingTime="18.09" meanTravelTime="109.53" meanSpeed="3.54" meanSpeedRelative="0.25" duration="2"/>
    <step time="11400.00" loaded="6247" inserted="6213" running="60" waiting="34" ended="6153" arrived="6153" collisions="0" teleports="0" halting="16" stopped="0" meanWaitingTime="18.74" meanTravelTime="109.65" meanSpeed="5.17" meanSpeedRelative="0.37" duration="2"/>
    <step time="11700.00" loaded="6391" inserted="6369" running="51" waiting="22" ended="6318" arrived="6318" collisions="0" teleports="0" halting="11" stopped="0" meanWaitingTime="19.75" meanTravelTime="109.49" meanSpeed="4.76" meanSpeedRelative="0.34" duration="2"/>
    <step time="12000.00" loaded="6565" inserted="6557" running="61" waiting="8" ended="6496" arrived="6496" collisions="0" teleports="0" halting="16" stopped="0" meanWaitingTime="19.85" meanTravelTime="109.50" meanSpeed="4.24" meanSpeedRelative="0.31" duration="1"/>
    <step time="12300.00" loaded="6735" inserted="6734" running="56" waiting="1" ended="6678" arrived="6678" collisions="0" teleports="0" halting="17" stopped="0" meanWaitingTime="19.60" meanTravelTime="109.79" meanSpeed="5.28" meanSpeedRelative="0.38" duration="2"/>
    <step time="12600.00" loaded="6904" inserted="6882" running="54" waiting="22" ended="6828" arrived="6828" collisions="0" teleports="0" halting="22" stopped="0" meanWaitingTime="19.42" meanTravelTime="109.64" meanSpeed="3.80" meanSpeedRelative="0.27" duration="1"/>
    <step time="12900.00" loaded="7071" inserted="7056" running="59" waiting="15" ended="6997" arrived="6997" collisions="0" teleports="0" halting="24" stopped="0" meanWaitingTime="19.61" meanTravelTime="109.76" meanSpeed="4.45" meanSpeedRelative="0.32" duration="2"/>
    <step time="13200.00" loaded="7245" inserted="7225" running="83" waiting="20" ended="7142" arrived="7142" collisions="0" teleports="0" halting="26" stopped="0" meanWaitingTime="19.74" meanTravelTime="109.80" meanSpeed="4.69" meanSpeedRelative="0.34" duration="2"/>
    <step time="13500.00" loaded="7427" inserted="7419" running="82" waiting="8" ended="7337" arrived="7337" collisions="0" teleports="0" halting="27" stopped="0" meanWaitingTime="19.65" meanTravelTime="110.11" meanSpeed="4.15" meanSpeedRelative="0.30" duration="2"/>
    <step time="13800.00" loaded="7619" inserted="7603" running="72" waiting="16" ended="7531" arrived="7531" collisions="0" teleports="0" halting="21" stopped="0" meanWaitingTime="19.75" meanTravelTime="110.38" meanSpeed="5.10" meanSpeedRelative="0.37" duration="2"/>
    <step time="14100.00" loaded="7779" inserted="7775" running="72" waiting="4" ended="7703" arrived="7703" collisions="0" teleports="0" halting="17" stopped="0" meanWaitingTime="19.80" meanTravelTime="110.52" meanSpeed="5.31" meanSpeedRelative="0.38" duration="2"/>
    <step time="14400.00" loaded="7918" inserted="7907" running="50" waiting="11" ended="7857" arrived="7857" collisions="0" teleports="0" halting="13" stopped="0" meanWaitingTime="19.96" meanTravelTime="110.72" meanSpeed="6.12" meanSpeedRelative="0.44" duration="2"/>
    <step time="14700.00" loaded="8112" inserted="8093" running="62" waiting="19" ended="8031" arrived="8031" collisions="0" teleports="0" halting="14" stopped="0" meanWaitingTime="19.94" meanTravelTime="110.30" meanSpeed="5.57" meanSpeedRelative="0.40" duration="2"/>
    <step time="15000.00" loaded="8271" inserted="8266" running="116" waiting="5" ended="8150" arrived="8150" collisions="0" teleports="0" halting="28" stopped="0" meanWaitingTime="19.77" meanTravelTime="110.47" meanSpeed="3.91" meanSpeedRelative="0.28" duration="2"/>
    <step time="15300.00" loaded="8430" inserted="8396" running="79" waiting="34" ended="8317" arrived="8317" collisions="0" teleports="0" halting="38" stopped="0" meanWaitingTime="19.95" meanTravelTime="112.06" meanSpeed="4.06" meanSpeedRelative="0.29" duration="2"/>
    <step time="15600.00" loaded="8596" inserted="8586" running="65" waiting="10" ended="8521" arrived="8521" collisions="0" teleports="0" halting="22" stopped="0" meanWaitingTime="20.71" meanTravelTime="112.30" meanSpeed="5.65" meanSpeedRelative="0.41" duration="3"/>
    <step time="15900.00" loaded="8790" inserted="8779" running="92" waiting="11" ended="8687" arrived="8687" collisions="0" teleports="0" halting="39" stopped="0" meanWaitingTime="21.02" meanTravelTime="111.85" meanSpeed="4.58" meanSpeedRelative="0.34" duration="4"/>
    <step time="16200.00" loaded="8977" inserted="8943" running="60" waiting="34" ended="8883" arrived="8883" collisions="0" teleports="0" halting="18" stopped="0" meanWaitingTime="21.21" meanTravelTime="111.98" meanSpeed="5.11" meanSpeedRelative="0.37" duration="2"/>
    <step time="16500.00" loaded="9141" inserted="9126" running="76" waiting="15" ended="9050" arrived="9050" collisions="0" teleports="0" halting="19" stopped="0" meanWaitingTime="21.79" meanTravelTime="111.94" meanSpeed="5.64" meanSpeedRelative="0.41" duration="3"/>
    <step time="16800.00" loaded="9325" inserted="9289" running="67" waiting="36" ended="9222" arrived="9222" collisions="0" teleports="0" halting="12" stopped="0" meanWaitingTime="22.11" meanTravelTime="112.40" meanSpeed="5.38" meanSpeedRelative="0.39" duration="1"/>
    <step time="17100.00" loaded="9495" inserted="9465" running="53" waiting="30" ended="9412" arrived="9412" collisions="0" teleports="0" halting="8" stopped="0" meanWaitingTime="22.79" meanTravelTime="112.36" meanSpeed="6.59" meanSpeedRelative="0.47" duration="1"/>
    <step time="17400.00" loaded="9675" inserted="9650" running="73" waiting="25" ended="9577" arrived="9577" collisions="0" teleports="0" halting="33" stopped="0" meanWaitingTime="23.45" meanTravelTime="112.28" meanSpeed="4.46" meanSpeedRelative="0.33" duration="1"/>
    <step time="17700.00" loaded="9848" inserted="9820" running="74" waiting="28" ended="9746" arrived="9746" collisions="0" teleports="0" halting="24" stopped="0" meanWaitingTime="23.85" meanTravelTime="112.42" meanSpeed="4.45" meanSpeedRelative="0.32" duration="2"/>
    <step time="18000.00" loaded="10017" inserted="9995" running="71" waiting="22" ended="9924" arrived="9924" collisions="0" teleports="0" halting="36" stopped="0" meanWaitingTime="24.34" meanTravelTime="112.88" meanSpeed="3.83" meanSpeedRelative="0.28" duration="4"/>
    <step time="18300.00" loaded="10201" inserted="10167" running="47" waiting="34" ended="10120" arrived="10120" collisions="0" teleports="0" halting="23" stopped="0" meanWaitingTime="24.56" meanTravelTime="112.81" meanSpeed="4.88" meanSpeedRelative="0.35" duration="3"/>
    <step time="18600.00" loaded="10363" inserted="10331" running="57" waiting="32" ended="10274" arrived="10274" collisions="0" teleports="0" halting="18" stopped="0" meanWaitingTime="25.16" meanTravelTime="112.62" meanSpeed="6.08" meanSpeedRelative="0.44" duration="2"/>
    <step time="18900.00" loaded="10547" inserted="10513" running="75" waiting="34" ended="10438" arrived="10438" collisions="0" teleports="0" halting="15" stopped="0" meanWaitingTime="25.58" meanTravelTime="112.36" meanSpeed="7.54" meanSpeedRelative="0.54" duration="3"/>
    <step time="19200.00" loaded="10722" inserted="10696" running="61" waiting="26" ended="10635" arrived="10635" collisions="0" teleports="0" halting="33" stopped="0" meanWaitingTime="25.90" meanTravelTime="112.29" meanSpeed="4.27" meanSpeedRelative="0.31" duration="3"/>
    <step time="19500.00" loaded="10931" inserted="10907" running="90" waiting="24" ended="10817" arrived="10817" collisions="0" teleports="0" halting="36" stopped="0" meanWaitingTime="26.19" meanTravelTime="112.22" meanSpeed="3.06" meanSpeedRelative="0.22" duration="3"/>
    <step time="19800.00" loaded="11109" inserted="11077" running="63" waiting="32" ended="11014" arrived="11014" collisions="0" teleports="0" halting="22" stopped="0" meanWaitingTime="26.49" meanTravelTime="112.31" meanSpeed="4.92" meanSpeedRelative="0.35" duration="2"/>
    <step time="20100.00" loaded="11306" inserted="11280" running="77" waiting="26" ended="11203" arrived="11203" collisions="0" teleports="0" halting="25" stopped="0" meanWaitingTime="26.96" meanTravelTime="112.21" meanSpeed="5.22" meanSpeedRelative="0.38" duration="1"/>
    <step time="20400.00" loaded="11473" inserted="11448" running="77" waiting="25" ended="11371" arrived="11371" collisions="0" teleports="0" halting="22" stopped="0" meanWaitingTime="27.36" meanTravelTime="112.27" meanSpeed="4.73" meanSpeedRelative="0.34" duration="3"/>
    <step time="20700.00" loaded="11648" inserted="11625" running="77" waiting="23" ended="11548" arrived="11548" collisions="0" teleports="0" halting="36" stopped="0" meanWaitingTime="27.60" meanTravelTime="112.48" meanSpeed="3.69" meanSpeedRelative="0.27" duration="4"/>
    <step time="21000.00" loaded="11832" inserted="11817" running="60" waiting="15" ended="11757" arrived="11757" collisions="0" teleports="0" halting="38" stopped="0" meanWaitingTime="27.84" meanTravelTime="112.52" meanSpeed="2.49" meanSpeedRelative="0.18" duration="2"/>
    <step time="21300.00" loaded="11990" inserted="11971" running="60" waiting="19" ended="11911" arrived="11911" collisions="0" teleports="0" halting="12" stopped="0" meanWaitingTime="27.94" meanTravelTime="112.45" meanSpeed="6.40" meanSpeedRelative="0.46" duration="2"/>
    <step time="21600.00" loaded="12212" inserted="12178" running="101" waiting="34" ended="12077" arrived="12077" collisions="0" teleports="0" halting="14" stopped="0" meanWaitingTime="28.19" meanTravelTime="112.21" meanSpeed="5.26" meanSpeedRelative="0.38" duration="2"/>
    <step time="21900.00" loaded="12397" inserted="12370" running="77" waiting="27" ended="12293" arrived="12293" collisions="0" teleports="0" halting="23" stopped="0" meanWaitingTime="28.35" meanTravelTime="112.35" meanSpeed="5.70" meanSpeedRelative="0.41" duration="2"/>
    <step time="22200.00" loaded="12589" inserted="12558" running="67" waiting="31" ended="12491" arrived="12491" collisions="0" teleports="0" halting="14" stopped="0" meanWaitingTime="28.63" meanTravelTime="112.21" meanSpeed="5.38" meanSpeedRelative="0.39" duration="4"/>
    <step time="22500.00" loaded="12765" inserted="12718" running="45" waiting="47" ended="12673" arrived="12673" collisions="0" teleports="0" halting="7" stopped="0" meanWaitingTime="28.90" meanTravelTime="112.22" meanSpeed="6.39" meanSpeedRelative="0.46" duration="1"/>
    <step time="22800.00" loaded="12961" inserted="12948" running="94" waiting="13" ended="12854" arrived="12854" collisions="0" teleports="0" halting="58" stopped="0" meanWaitingTime="29.23" meanTravelTime="112.08" meanSpeed="2.28" meanSpeedRelative="0.18" duration="3"/>
    <step time="23100.00" loaded="13150" inserted="13132" running="107" waiting="18" ended="13025" arrived="13025" collisions="0" teleports="0" halting="41" stopped="0" meanWaitingTime="29.26" meanTravelTime="112.57" meanSpeed="3.76" meanSpeedRelative="0.27" duration="4"/>
    <step time="23400.00" loaded="13340" inserted="13313" running="65" waiting="27" ended="13248" arrived="13248" collisions="0" teleports="0" halting="21" stopped="0" meanWaitingTime="29.37" meanTravelTime="112.88" meanSpeed="4.96" meanSpeedRelative="0.38" duration="3"/>
    <step time="23700.00" loaded="13570" inserted="13528" running="81" waiting="42" ended="13447" arrived="13447" collisions="0" teleports="0" halting="39" stopped="0" meanWaitingTime="29.48" meanTravelTime="112.69" meanSpeed="3.69" meanSpeedRelative="0.27" duration="3"/>
    <step time="24000.00" loaded="13747" inserted="13710" running="62" waiting="37" ended="13648" arrived="13648" collisions="0" teleports="0" halting="12" stopped="0" meanWaitingTime="29.81" meanTravelTime="112.72" meanSpeed="5.30" meanSpeedRelative="0.38" duration="2"/>
    <step time="24300.00" loaded="13956" inserted="13912" running="108" waiting="44" ended="13804" arrived="13804" collisions="0" teleports="0" halting="40" stopped="0" meanWaitingTime="30.19" meanTravelTime="112.66" meanSpeed="2.98" meanSpeedRelative="0.21" duration="4"/>
    <step time="24600.00" loaded="14182" inserted="14139" running="107" waiting="43" ended="14032" arrived="14032" collisions="0" teleports="0" halting="66" stopped="0" meanWaitingTime="30.65" meanTravelTime="113.03" meanSpeed="2.53" meanSpeedRelative="0.18" duration="4"/>
    <step time="24900.00" loaded="14394" inserted="14352" running="88" waiting="42" ended="14264" arrived="14264" collisions="0" teleports="0" halting="32" stopped="0" meanWaitingTime="31.15" meanTravelTime="113.45" meanSpeed="3.74" meanSpeedRelative="0.27" duration="2"/>
    <step time="25200.00" loaded="14588" inserted="14544" running="69" waiting="44" ended="14475" arrived="14475" collisions="0" teleports="0" halting="21" stopped="0" meanWaitingTime="31.35" meanTravelTime="113.63" meanSpeed="5.00" meanSpeedRelative="0.36" duration="2"/>
    <step time="25500.00" loaded="14762" inserted="14741" running="62" waiting="21" ended="14679" arrived="14679" collisions="0" teleports="0" halting="27" stopped="0" meanWaitingTime="31.67" meanTravelTime="113.83" meanSpeed="4.38" meanSpeedRelative="0.32" duration="2"/>
    <step time="25800.00" loaded="14995" inserted="14964" running="87" waiting="31" ended="14877" arrived="14877" collisions="0" teleports="0" halting="33" stopped="0" meanWaitingTime="31.62" meanTravelTime="113.68" meanSpeed="3.58" meanSpeedRelative="0.26" duration="2"/>
    <step time="26100.00" loaded="15206" inserted="15177" running="96" waiting="29" ended="15081" arrived="15081" collisions="0" teleports="0" halting="26" stopped="0" meanWaitingTime="31.85" meanTravelTime="113.73" meanSpeed="3.94" meanSpeedRelative="0.28" duration="2"/>
    <step time="26400.00" loaded="15401" inserted="15359" running="82" waiting="42" ended="15277" arrived="15277" collisions="0" teleports="0" halting="38" stopped="0" meanWaitingTime="32.10" meanTravelTime="114.04" meanSpeed="3.30" meanSpeedRelative="0.25" duration="3"/>
    <step time="26700.00" loaded="15616" inserted="15582" running="101" waiting="34" ended="15481" arrived="15481" collisions="0" teleports="0" halting="17" stopped="0" meanWaitingTime="32.50" meanTravelTime="113.76" meanSpeed="3.97" meanSpeedRelative="0.29" duration="5"/>
    <step time="27000.00" loaded="15834" inserted="15780" running="103" waiting="54" ended="15677" arrived="15677" collisions="0" teleports="0" halting="30" stopped="0" meanWaitingTime="32.70" meanTravelTime="114.33" meanSpeed="4.95" meanSpeedRelative="0.36" duration="2"/>
    <step time="27300.00" loaded="16062" inserted="16006" running="110" waiting="56" ended="15896" arrived="15896" collisions="0" teleports="0" halting="35" stopped="0" meanWaitingTime="33.24" meanTravelTime="114.24" meanSpeed="4.07" meanSpeedRelative="0.29" duration="2"/>
    <step time="27600.00" loaded="16260" inserted="16203" running="94" waiting="57" ended="16109" arrived="16109" collisions="0" teleports="0" halting="65" stopped="0" meanWaitingTime="33.83" meanTravelTime="114.58" meanSpeed="2.22" meanSpeedRelative="0.16" duration="6"/>
    <step time="27900.00" loaded="16467" inserted="16420" running="80" waiting="47" ended="16340" arrived="16340" collisions="0" teleports="0" halting="19" stopped="0" meanWaitingTime="34.42" meanTravelTime="114.77" meanSpeed="4.75" meanSpeedRelative="0.34" duration="1"/>
    <step time="28200.00" loaded="16692" inserted="16656" running="70" waiting="36" ended="16586" arrived="16586" collisions="0" teleports="0" halting="23" stopped="0" meanWaitingTime="34.88" meanTravelTime="114.75" meanSpeed="5.10" meanSpeedRelative="0.38" duration="1"/>
    <step time="28500.00" loaded="16892" inserted="16857" running="81" waiting="35" ended="16776" arrived="16776" collisions="0" teleports="0" halting="29" stopped="0" meanWaitingTime="35.15" meanTravelTime="114.66" meanSpeed="5.01" meanSpeedRelative="0.36" duration="2"/>
    <step time="28800.00" loaded="17109" inserted="17076" running="72" waiting="33" ended="17004" arrived="17004" collisions="0" teleports="0" halting="33" stopped="0" meanWaitingTime="35.19" meanTravelTime="114.62" meanSpeed="3.43" meanSpeedRelative="0.25" duration="2"/>
    <step time="29100.00" loaded="17336" inserted="17299" running="104" waiting="37" ended="17195" arrived="17195" collisions="0" teleports="0" halting="53" stopped="0" meanWaitingTime="35.24" meanTravelTime="114.83" meanSpeed="2.70" meanSpeedRelative="0.19" duration="2"/>
    <step time="29400.00" loaded="17539" inserted="17484" running="91" waiting="55" ended="17393" arrived="17393" collisions="0" teleports="0" halting="37" stopped="0" meanWaitingTime="35.43" meanTravelTime="115.14" meanSpeed="4.80" meanSpeedRelative="0.35" duration="2"/>
    <step time="29700.00" loaded="17721" inserted="17661" running="58" waiting="60" ended="17603" arrived="17603" collisions="0" teleports="0" halting="26" stopped="0" meanWaitingTime="35.59" meanTravelTime="115.36" meanSpeed="3.64" meanSpeedRelative="0.26" duration="3"/>
    <step time="30000.00" loaded="17899" inserted="17853" running="56" waiting="46" ended="17797" arrived="17797" collisions="0" teleports="0" halting="16" stopped="0" meanWaitingTime="36.34" meanTravelTime="115.28" meanSpeed="4.64" meanSpeedRelative="0.33" duration="1"/>
    <step time="30300.00" loaded="18100" inserted="18048" running="72" waiting="52" ended="17976" arrived="17976" collisions="0" teleports="0" halting="31" stopped="0" meanWaitingTime="36.89" meanTravelTime="115.30" meanSpeed="3.41" meanSpeedRelative="0.25" duration="3"/>
    <step time="30600.00" loaded="18312" inserted="18269" running="93" waiting="43" ended="18176" arrived="18176" collisions="0" teleports="0" halting="41" stopped="0" meanWaitingTime="37.36" meanTravelTime="115.08" meanSpeed="4.54" meanSpeedRelative="0.33" duration="2"/>
    <step time="30900.00" loaded="18532" inserted="18490" running="103" waiting="42" ended="18387" arrived="18387" collisions="0" teleports="0" halting="52" stopped="0" meanWaitingTime="37.60" meanTravelTime="115.15" meanSpeed="2.81" meanSpeedRelative="0.20" duration="2"/>
    <step time="31200.00" loaded="18703" inserted="18658" running="70" waiting="45" ended="18588" arrived="18588" collisions="0" teleports="0" halting="18" stopped="0" meanWaitingTime="37.68" meanTravelTime="115.54" meanSpeed="3.87" meanSpeedRelative="0.29" duration="3"/>
    <step time="31500.00" loaded="18878" inserted="18834" running="70" waiting="44" ended="18764" arrived="18764" collisions="0" teleports="0" halting="30" stopped="0" meanWaitingTime="37.94" meanTravelTime="115.76" meanSpeed="3.31" meanSpeedRelative="0.24" duration="4"/>
    <step time="31800.00" loaded="19037" inserted="19003" running="67" waiting="34" ended="18936" arrived="18936" collisions="0" teleports="0" halting="20" stopped="0" meanWaitingTime="38.28" meanTravelTime="115.89" meanSpeed="4.75" meanSpeedRelative="0.34" duration="3"/>
    <step time="32100.00" loaded="19220" inserted="19181" running="66" waiting="39" ended="19115" arrived="19115" collisions="0" teleports="0" halting="30" stopped="0" meanWaitingTime="38.61" meanTravelTime="115.74" meanSpeed="3.85" meanSpeedRelative="0.28" duration="3"/>
    <step time="32400.00" loaded="19386" inserted="19342" running="53" waiting="44" ended="19289" arrived="19289" collisions="0" teleports="0" halting="18" stopped="0" meanWaitingTime="38.81" meanTravelTime="115.66" meanSpeed="3.95" meanSpeedRelative="0.28" duration="2"/>
    <step time="32700.00" loaded="19566" inserted="19526" running="67" waiting="40" ended="19459" arrived="19459" collisions="0" teleports="0" halting="11" stopped="0" meanWaitingTime="39.00" meanTravelTime="115.56" meanSpeed="4.72" meanSpeedRelative="0.34" duration="6"/>
    <step time="33000.00" loaded="19734" inserted="19705" running="64" waiting="29" ended="19641" arrived="19641" collisions="0" teleports="0" halting="9" stopped="0" meanWaitingTime="39.25" meanTravelTime="115.64" meanSpeed="5.44" meanSpeedRelative="0.39" duration="2"/>
    <step time="33300.00" loaded="19866" inserted="19853" running="75" waiting="13" ended="19778" arrived="19778" collisions="0" teleports="0" halting="21" stopped="0" meanWaitingTime="39.38" meanTravelTime="115.63" meanSpeed="4.79" meanSpeedRelative="0.34" duration="1"/>
    <step time="33600.00" loaded="20056" inserted="20038" running="63" waiting="18" ended="19975" arrived="19975" collisions="0" teleports="0" halting="26" stopped="0" meanWaitingTime="39.30" meanTravelTime="115.62" meanSpeed="5.16" meanSpeedRelative="0.37" duration="2"/>
    <step time="33900.00" loaded="20212" inserted="20193" running="57" waiting="19" ended="20136" arrived="20136" collisions="0" teleports="0" halting="23" stopped="0" meanWaitingTime="39.23" meanTravelTime="115.51" meanSpeed="3.74" meanSpeedRelative="0.27" duration="3"/>
    <step time="34200.00" loaded="20370" inserted="20350" running="62" waiting="20" ended="20288" arrived="20288" collisions="0" teleports="0" halting="19" stopped="0" meanWaitingTime="39.17" meanTravelTime="115.48" meanSpeed="5.24" meanSpeedRelative="0.38" duration="2"/>
    <step time="34500.00" loaded="20540" inserted="20514" running="60" waiting="26" ended="20454" arrived="20454" collisions="0" teleports="0" halting="15" stopped="0" meanWaitingTime="39.20" meanTravelTime="115.56" meanSpeed="5.22" meanSpeedRelative="0.38" duration="3"/>
    <step time="34800.00" loaded="20692" inserted="20661" running="58" waiting="31" ended="20603" arrived="20603" collisions="0" teleports="0" halting="24" stopped="0" meanWaitingTime="39.36" meanTravelTime="115.59" meanSpeed="4.14" meanSpeedRelative="0.30" duration="1"/>
    <step time="35100.00" loaded="20831" inserted="20818" running="52" waiting="13" ended="20766" arrived="20766" collisions="0" teleports="0" halting="6" stopped="0" meanWaitingTime="39.47" meanTravelTime="115.51" meanSpeed="7.54" meanSpeedRelative="0.54" duration="2"/>
    <step time="35400.00" loaded="20968" inserted="20961" running="49" waiting="7" ended="20912" arrived="20912" collisions="0" teleports="0" halting="6" stopped="0" meanWaitingTime="39.27" meanTravelTime="115.39" meanSpeed="5.78" meanSpeedRelative="0.42" duration="2"/>
    <step time="35700.00" loaded="21110" inserted="21103" running="50" waiting="7" ended="21053" arrived="21053" collisions="0" teleports="0" halting="24" stopped="0" meanWaitingTime="39.13" meanTravelTime="115.50" meanSpeed="3.54" meanSpeedRelative="0.25" duration="1"/>
    <step time="36000.00" loaded="21267" inserted="21260" running="42" waiting="7" ended="21218" arrived="21218" collisions="0" teleports="0" halting="15" stopped="0" meanWaitingTime="38.95" meanTravelTime="115.43" meanSpeed="4.10" meanSpeedRelative="0.29" duration="2"/>
    <step time="36300.00" loaded="21441" inserted="21424" running="54" waiting="17" ended="21370" arrived="21370" collisions="0" teleports="0" halting="33" stopped="0" meanWaitingTime="38.82" meanTravelTime="115.19" meanSpeed="3.15" meanSpeedRelative="0.23" duration="1"/>
    <step time="36600.00" loaded="21588" inserted="21579" running="57" waiting="9" ended="21522" arrived="21522" collisions="0" teleports="0" halting="6" stopped="0" meanWaitingTime="38.73" meanTravelTime="115.19" meanSpeed="6.03" meanSpeedRelative="0.43" duration="1"/>
    <step time="36900.00" loaded="21727" inserted="21707" running="38" waiting="20" ended="21669" arrived="21669" collisions="0" teleports="0" halting="13" stopped="0" meanWaitingTime="38.57" meanTravelTime="115.16" meanSpeed="5.76" meanSpeedRelative="0.41" duration="1"/>
    <step time="37200.00" loaded="21849" inserted="21825" running="38" waiting="24" ended="21787" arrived="21787" collisions="0" teleports="0" halting="22" stopped="0" meanWaitingTime="38.54" meanTravelTime="115.04" meanSpeed="3.19" meanSpeedRelative="0.23" duration="1"/>
    <step time="37500.00" loaded="21992" inserted="21955" running="57" waiting="37" ended="21898" arrived="21898" collisions="0" teleports="0" halting="13" stopped="0" meanWaitingTime="38.71" meanTravelTime="115.04" meanSpeed="5.41" meanSpeedRelative="0.39" duration="2"/>
    <step time="37800.00" loaded="22146" inserted="22106" running="53" waiting="40" ended="22053" arrived="22053" collisions="0" teleports="0" halting="14" stopped="0" meanWaitingTime="38.95" meanTravelTime="115.05" meanSpeed="5.75" meanSpeedRelative="0.41" duration="2"/>
    <step time="38100.00" loaded="22290" inserted="22247" running="59" waiting="43" ended="22188" arrived="22188" collisions="0" teleports="0" halting="29" stopped="0" meanWaitingTime="39.15" meanTravelTime="115.02" meanSpeed="4.53" meanSpeedRelative="0.33" duration="3"/>
    <step time="38400.00" loaded="22415" inserted="22384" running="52" waiting="31" ended="22332" arrived="22332" collisions="0" teleports="0" halting="22" stopped="0" meanWaitingTime="39.43" meanTravelTime="115.06" meanSpeed="3.56" meanSpeedRelative="0.26" duration="2"/>
    <step time="38700.00" loaded="22515" inserted="22500" running="60" waiting="15" ended="22440" arrived="22440" collisions="0" teleports="0" halting="42" stopped="0" meanWaitingTime="39.59" meanTravelTime="115.06" meanSpeed="2.13" meanSpeedRelative="0.15" duration="2"/>
    <step time="39000.00" loaded="22620" inserted="22588" running="57" waiting="32" ended="22531" arrived="22531" collisions="0" teleports="0" halting="8" stopped="0" meanWaitingTime="39.78" meanTravelTime="115.26" meanSpeed="5.65" meanSpeedRelative="0.42" duration="1"/>
    <step time="39300.00" loaded="22746" inserted="22706" running="42" waiting="40" ended="22664" arrived="22664" collisions="0" teleports="0" halting="23" stopped="0" meanWaitingTime="40.01" meanTravelTime="115.57" meanSpeed="3.74" meanSpeedRelative="0.27" duration="2"/>
    <step time="39600.00" loaded="22858" inserted="22818" running="34" waiting="40" ended="22784" arrived="22784" collisions="0" teleports="0" halting="17" stopped="0" meanWaitingTime="40.20" meanTravelTime="115.58" meanSpeed="4.25" meanSpeedRelative="0.31" duration="1"/>
    <step time="39900.00" loaded="22979" inserted="22951" running="65" waiting="28" ended="22886" arrived="22886" collisions="0" teleports="0" halting="49" stopped="0" meanWaitingTime="40.49" meanTravelTime="115.52" meanSpeed="2.49" meanSpeedRelative="0.18" duration="3"/>
    <step time="40200.00" loaded="23068" inserted="23047" running="30" waiting="21" ended="23017" arrived="23017" collisions="0" teleports="0" halting="14" stopped="0" meanWaitingTime="40.74" meanTravelTime="115.70" meanSpeed="3.99" meanSpeedRelative="0.29" duration="1"/>
    <step time="40500.00" loaded="23166" inserted="23142" running="33" waiting="24" ended="23109" arrived="23109" collisions="0" teleports="0" halting="9" stopped="0" meanWaitingTime="40.84" meanTravelTime="115.65" meanSpeed="7.09" meanSpeedRelative="0.51" duration="1"/>
    <step time="40800.00" loaded="23274" inserted="23242" running="35" waiting="32" ended="23207" arrived="23207" collisions="0" teleports="0" halting="15" stopped="0" meanWaitingTime="41.10" meanTravelTime="115.56" meanSpeed="4.18" meanSpeedRelative="0.30" duration="0"/>
    <step time="41100.00" loaded="23356" inserted="23333" running="55" waiting="23" ended="23278" arrived="23278" collisions="0" teleports="0" halting="24" stopped="0" meanWaitingTime="41.28" meanTravelTime="115.62" meanSpeed="3.30" meanSpeedRelative="0.24" duration="2"/>
    <step time="41400.00" loaded="23419" inserted="23408" running="36" waiting="11" ended="23372" arrived="23372" collisions="0" teleports="0" halting="29" stopped="0" meanWaitingTime="41.37" meanTravelTime="115.93" meanSpeed="2.12" meanSpeedRelative="0.15" duration="1"/>
    <step time="41700.00" loaded="23518" inserted="23492" running="56" waiting="26" ended="23436" arrived="23436" collisions="0" teleports="0" halting="32" stopped="0" meanWaitingTime="41.50" meanTravelTime="116.02" meanSpeed="3.67" meanSpeedRelative="0.26" duration="1"/>
    <step time="42000.00" loaded="23599" inserted="23570" running="33" waiting="29" ended="23537" arrived="23537" collisions="0" teleports="0" halting="10" stopped="0" meanWaitingTime="41.69" meanTravelTime="116.39" meanSpeed="4.06" meanSpeedRelative="0.32" duration="1"/>
    <step time="42300.00" loaded="23703" inserted="23678" running="41" waiting="25" ended="23637" arrived="23637" collisions="0" teleports="0" halting="10" stopped="0" meanWaitingTime="41.92" meanTravelTime="116.34" meanSpeed="6.46" meanSpeedRelative="0.46" duration="1"/>
    <step time="42600.00" loaded="23817" inserted="23781" running="44" waiting="36" ended="23737" arrived="23737" collisions="0" teleports="0" halting="8" stopped="0" meanWaitingTime="42.13" meanTravelTime="116.29" meanSpeed="5.64" meanSpeedRelative="0.41" duration="1"/>
    <step time="42900.00" loaded="23916" inserted="23892" running="51" waiting="24" ended="23841" arrived="23841" collisions="0" teleports="0" halting="19" stopped="0" meanWaitingTime="42.40" meanTravelTime="116.39" meanSpeed="5.05" meanSpeedRelative="0.36" duration="1"/>
    <step time="43200.00" loaded="24015" inserted="23979" running="18" waiting="36" ended="23961" arrived="23961" collisions="0" teleports="0" halting="10" stopped="0" meanWaitingTime="42.52" meanTravelTime="116.46" meanSpeed="4.59" meanSpeedRelative="0.33" duration="0"/>
    <step time="43500.00" loaded="24093" inserted="24067" running="33" waiting="26" ended="24034" arrived="24034" collisions="0" teleports="0" halting="8" stopped="0" meanWaitingTime="42.69" meanTravelTime="116.42" meanSpeed="5.68" meanSpeedRelative="0.41" duration="1"/>
    <step time="43800.00" loaded="24195" inserted="24159" running="36" waiting="36" ended="24123" arrived="24123" collisions="0" teleports="0" halting="13" stopped="0" meanWaitingTime="42.90" meanTravelTime="116.37" meanSpeed="5.37" meanSpeedRelative="0.39" duration="1"/>
    <step time="44100.00" loaded="24301" inserted="24271" running="42" waiting="30" ended="24229" arrived="24229" collisions="0" teleports="0" halting="21" stopped="0" meanWaitingTime="43.11" meanTravelTime="116.32" meanSpeed="4.28" meanSpeedRelative="0.31" duration="1"/>
    <step time="44400.00" loaded="24412" inserted="24371" running="67" waiting="41" ended="24304" arrived="24304" collisions="0" teleports="0" halting="49" stopped="0" meanWaitingTime="43.36" meanTravelTime="116.26" meanSpeed="1.44" meanSpeedRelative="0.10" duration="2"/>
    <step time="44700.00" loaded="24514" inserted="24455" running="39" waiting="59" ended="24416" arrived="24416" collisions="0" teleports="0" halting="8" stopped="0" meanWaitingTime="43.70" meanTravelTime="116.77" meanSpeed="4.75" meanSpeedRelative="0.34" duration="1"/>
    <step time="45000.00" loaded="24619" inserted="24566" running="47" waiting="53" ended="24519" arrived="24519" collisions="0" teleports="0" halting="5" stopped="0" meanWaitingTime="44.21" meanTravelTime="116.90" meanSpeed="5.09" meanSpeedRelative="0.37" duration="2"/>
    <step time="45300.00" loaded="24708" inserted="24664" running="57" waiting="44" ended="24607" arrived="24607" collisions="0" teleports="0" halting="16" stopped="0" meanWaitingTime="44.54" meanTravelTime="117.02" meanSpeed="4.21" meanSpeedRelative="0.30" duration="1"/>
    <step time="45600.00" loaded="24790" inserted="24741" running="40" waiting="49" ended="24701" arrived="24701" collisions="0" teleports="0" halting="27" stopped="0" meanWaitingTime="44.82" meanTravelTime="117.31" meanSpeed="2.84" meanSpeedRelative="0.20" duration="1"/>
    <step time="45900.00" loaded="24876" inserted="24812" running="41" waiting="64" ended="24771" arrived="24771" collisions="0" teleports="0" halting="26" stopped="0" meanWaitingTime="45.33" meanTravelTime="117.36" meanSpeed="3.55" meanSpeedRelative="0.26" duration="1"/>
    <step time="46200.00" loaded="24957" inserted="24894" running="53" waiting="63" ended="24841" arrived="24841" collisions="0" teleports="0" halting="47" stopped="0" meanWaitingTime="45.75" meanTravelTime="117.19" meanSpeed="0.79" meanSpeedRelative="0.06" duration="1"/>
    <step time="46500.00" loaded="25005" inserted="24983" running="90" waiting="22" ended="24893" arrived="24893" collisions="0" teleports="0" halting="67" stopped="0" meanWaitingTime="46.37" meanTravelTime="117.06" meanSpeed="1.80" meanSpeedRelative="0.13" duration="2"/>
    <step time="46800.00" loaded="25025" inserted="25025" running="96" waiting="0" ended="24929" arrived="24929" collisions="0" teleports="0" halting="95" stopped="0" meanWaitingTime="46.59" meanTravelTime="116.98" meanSpeed="0.18" meanSpeedRelative="0.01" duration="2"/>
    <step time="47100.00" loaded="25043" inserted="25043" running="94" waiting="0" ended="24949" arrived="24949" collisions="0" teleports="0" halting="91" stopped="0" meanWaitingTime="46.55" meanTravelTime="116.92" meanSpeed="0.18" meanSpeedRelative="0.01" duration="1"/>
    <step time="47400.00" loaded="25059" inserted="25059" running="94" waiting="0" ended="24965" arrived="24965" collisions="0" teleports="0" halting="94" stopped="0" meanWaitingTime="46.52" meanTravelTime="116.87" meanSpeed="0.00" meanSpeedRelative="0.00" duration="2"/>
    <step time="47700.00" loaded="25073" inserted="25073" running="97" waiting="0" ended="24976" arrived="24976" collisions="0" teleports="0" halting="97" stopped="0" meanWaitingTime="46.50" meanTravelTime="116.84" meanSpeed="0.00" meanSpeedRelative="0.00" duration="2"/>
    <step time="48000.00" loaded="25086" inserted="25086" running="98" waiting="0" ended="24988" arrived="24988" collisions="0" teleports="0" halting="97" stopped="0" meanWaitingTime="46.47" meanTravelTime="116.80" meanSpeed="0.06" meanSpeedRelative="0.00" duration="2"/>
    <step time="48300.00" loaded="25100" inserted="25100" running="98" waiting="0" ended="25002" arrived="25002" collisions="0" teleports="0" halting="97" stopped="0" meanWaitingTime="46.45" meanTravelTime="116.75" meanSpeed="0.03" meanSpeedRelative="0.00" duration="2"/>
    <step time="48600.00" loaded="25116" inserted="25116" running="99" waiting="0" ended="25017" arrived="25017" collisions="0" teleports="0" halting="97" stopped="0" meanWaitingTime="46.42" meanTravelTime="116.70" meanSpeed="0.15" meanSpeedRelative="0.01" duration="1"/>
    <step time="48900.00" loaded="25131" inserted="25131" running="104" waiting="0" ended="25027" arrived="25027" collisions="0" teleports="0" halting="103" stopped="0" meanWaitingTime="46.39" meanTravelTime="116.66" meanSpeed="0.04" meanSpeedRelative="0.00" duration="2"/>
    <step time="49200.00" loaded="25140" inserted="25140" running="99" waiting="0" ended="25041" arrived="25041" collisions="0" teleports="0" halting="99" stopped="0" meanWaitingTime="46.37" meanTravelTime="116.63" meanSpeed="0.00" meanSpeedRelative="0.00" duration="1"/>
</summary>
