<?xml version="1.0" encoding="UTF-8"?>

<!-- generated on 2025-02-28 18:23:46 by Eclipse SUMO GUI Version 1.19.0
<configuration xmlns:xsi="http://www.w3.org/2001/XMLSchema-instance" xsi:noNamespaceSchemaLocation="http://sumo.dlr.de/xsd/sumoConfiguration.xsd">

    <input>
        <net-file value="Network.net.xml"/>
        <route-files value="CarRoutes.rou.xml"/>
        <additional-files value="Sensors.add.xml"/>
    </input>

    <output>
        <emission-output value="logs/Emissions.xml"/>
        <summary-output value="logs/Log_summary.xml"/>
        <summary-output.period value="300"/>
        <tripinfo-output value="logs/TripInfos.xml"/>
    </output>

    <time>
        <begin value="0"/>
        <end value="86400"/>
        <step-length value="0.25"/>
    </time>

    <processing>
        <ignore-junction-blocker value="0.1"/>
        <time-to-teleport value="-1"/>
    </processing>

    <report>
        <verbose value="true"/>
        <no-step-log value="true"/>
    </report>

    <emissions>
        <device.emissions.period value="10"/>
    </emissions>

    <traci_server>
        <remote-port value="58353"/>
    </traci_server>

    <gui_only>
        <quit-on-end value="true"/>
        <start value="true"/>
    </gui_only>

</configuration>
-->

<summary xmlns:xsi="http://www.w3.org/2001/XMLSchema-instance" xsi:noNamespaceSchemaLocation="http://sumo.dlr.de/xsd/summary_file.xsd">
    <step time="0.00" loaded="0" inserted="0" running="0" waiting="0" ended="0" arrived="0" collisions="0" teleports="0" halting="0" stopped="0" meanWaitingTime="-1.00" meanTravelTime="-1.00" meanSpeed="-1.00" meanSpeedRelative="-1.00" duration="0"/>
    <step time="300.00" loaded="209" inserted="195" running="91" waiting="14" ended="104" arrived="104" collisions="0" teleports="0" halting="36" stopped="0" meanWaitingTime="14.62" meanTravelTime="78.18" meanSpeed="4.49" meanSpeedRelative="0.32" duration="2"/>
    <step time="600.00" loaded="372" inserted="362" running="74" waiting="10" ended="288" arrived="288" collisions="0" teleports="0" halting="38" stopped="0" meanWaitingTime="12.64" meanTravelTime="116.72" meanSpeed="4.37" meanSpeedRelative="0.31" duration="1"/>
    <step time="900.00" loaded="529" inserted="519" running="60" waiting="10" ended="459" arrived="459" collisions="0" teleports="0" halting="27" stopped="0" meanWaitingTime="12.02" meanTravelTime="116.99" meanSpeed="4.01" meanSpeedRelative="0.29" duration="1"/>
    <step time="1200.00" loaded="702" inserted="687" running="69" waiting="15" ended="618" arrived="618" collisions="0" teleports="0" halting="8" stopped="0" meanWaitingTime="15.35" meanTravelTime="115.82" meanSpeed="6.53" meanSpeedRelative="0.47" duration="2"/>
    <step time="1500.00" loaded="864" inserted="844" running="69" waiting="20" ended="775" arrived="775" collisions="0" teleports="0" halting="18" stopped="0" meanWaitingTime="16.61" meanTravelTime="119.06" meanSpeed="4.46" meanSpeedRelative="0.32" duration="2"/>
    <step time="1800.00" loaded="1025" inserted="1004" running="54" waiting="21" ended="950" arrived="950" collisions="0" teleports="0" halting="20" stopped="0" meanWaitingTime="19.95" meanTravelTime="121.64" meanSpeed="5.51" meanSpeedRelative="0.40" duration="1"/>
    <step time="2100.00" loaded="1184" inserted="1169" running="73" waiting="15" ended="1096" arrived="1096" collisions="0" teleports="0" halting="38" stopped="0" meanWaitingTime="19.02" meanTravelTime="118.56" meanSpeed="3.89" meanSpeedRelative="0.28" duration="2"/>
    <step time="2400.00" loaded="1329" inserted="1313" running="40" waiting="16" ended="1273" arrived="1273" collisions="0" teleports="0" halting="19" stopped="0" meanWaitingTime="18.97" meanTravelTime="119.11" meanSpeed="4.20" meanSpeedRelative="0.30" duration="2"/>
    <step time="2700.00" loaded="1471" inserted="1470" running="52" waiting="1" ended="1418" arrived="1418" collisions="0" teleports="0" halting="14" stopped="0" meanWaitingTime="18.90" meanTravelTime="116.29" meanSpeed="6.02" meanSpeedRelative="0.43" duration="1"/>
    <step time="3000.00" loaded="1634" inserted="1627" running="48" waiting="7" ended="1579" arrived="1579" collisions="0" teleports="0" halting="24" stopped="0" meanWaitingTime="17.64" meanTravelTime="115.15" meanSpeed="4.12" meanSpeedRelative="0.30" duration="2"/>
    <step time="3300.00" loaded="1805" inserted="1783" running="59" waiting="22" ended="1724" arrived="1724" collisions="0" teleports="0" halting="9" stopped="0" meanWaitingTime="18.29" meanTravelTime="114.50" meanSpeed="7.41" meanSpeedRelative="0.53" duration="3"/>
    <step time="3600.00" loaded="1936" inserted="1921" running="48" waiting="15" ended="1873" arrived="1873" collisions="0" teleports="0" halting="17" stopped="0" meanWaitingTime="19.95" meanTravelTime="112.94" meanSpeed="5.29" meanSpeedRelative="0.38" duration="1"/>
    <step time="3900.00" loaded="2101" inserted="2101" running="101" waiting="0" ended="2000" arrived="2000" collisions="0" teleports="0" halting="55" stopped="0" meanWaitingTime="19.18" meanTravelTime="112.33" meanSpeed="2.70" meanSpeedRelative="0.19" duration="2"/>
    <step time="4200.00" loaded="2230" inserted="2225" running="44" waiting="5" ended="2181" arrived="2181" collisions="0" teleports="0" halting="9" stopped="0" meanWaitingTime="19.25" meanTravelTime="115.94" meanSpeed="6.16" meanSpeedRelative="0.44" duration="2"/>
    <step time="4500.00" loaded="2408" inserted="2395" running="69" waiting="13" ended="2326" arrived="2326" collisions="0" teleports="0" halting="28" stopped="0" meanWaitingTime="19.13" meanTravelTime="115.14" meanSpeed="4.46" meanSpeedRelative="0.32" duration="1"/>
    <step time="4800.00" loaded="2567" inserted="2545" running="47" waiting="22" ended="2498" arrived="2498" collisions="0" teleports="0" halting="17" stopped="0" meanWaitingTime="20.04" meanTravelTime="114.11" meanSpeed="4.63" meanSpeedRelative="0.33" duration="1"/>
    <step time="5100.00" loaded="2732" inserted="2721" running="65" waiting="11" ended="2656" arrived="2656" collisions="0" teleports="0" halting="8" stopped="0" meanWaitingTime="22.04" meanTravelTime="113.07" meanSpeed="6.47" meanSpeedRelative="0.47" duration="1"/>
    <step time="5400.00" loaded="2885" inserted="2883" running="64" waiting="2" ended="2819" arrived="2819" collisions="0" teleports="0" halting="20" stopped="0" meanWaitingTime="21.64" meanTravelTime="112.67" meanSpeed="5.28" meanSpeedRelative="0.38" duration="1"/>
    <step time="5700.00" loaded="3074" inserted="3059" running="86" waiting="15" ended="2973" arrived="2973" collisions="0" teleports="0" halting="43" stopped="0" meanWaitingTime="20.78" meanTravelTime="112.97" meanSpeed="3.74" meanSpeedRelative="0.27" duration="4"/>
    <step time="6000.00" loaded="3199" inserted="3196" running="52" waiting="3" ended="3144" arrived="3144" collisions="0" teleports="0" halting="14" stopped="0" meanWaitingTime="20.64" meanTravelTime="115.72" meanSpeed="4.83" meanSpeedRelative="0.35" duration="2"/>
    <step time="6300.00" loaded="3364" inserted="3347" running="71" waiting="17" ended="3276" arrived="3276" collisions="0" teleports="0" halting="31" stopped="0" meanWaitingTime="20.45" meanTravelTime="116.41" meanSpeed="3.98" meanSpeedRelative="0.29" duration="2"/>
    <step time="6600.00" loaded="3523" inserted="3515" running="56" waiting="8" ended="3459" arrived="3459" collisions="0" teleports="0" halting="26" stopped="0" meanWaitingTime="20.36" meanTravelTime="116.26" meanSpeed="4.18" meanSpeedRelative="0.30" duration="1"/>
    <step time="6900.00" loaded="3707" inserted="3690" running="65" waiting="17" ended="3625" arrived="3625" collisions="0" teleports="0" halting="21" stopped="0" meanWaitingTime="20.14" meanTravelTime="115.15" meanSpeed="4.33" meanSpeedRelative="0.31" duration="1"/>
    <step time="7200.00" loaded="3864" inserted="3842" running="45" waiting="22" ended="3797" arrived="3797" collisions="0" teleports="0" halting="15" stopped="0" meanWaitingTime="20.51" meanTravelTime="115.07" meanSpeed="5.55" meanSpeedRelative="0.40" duration="1"/>
    <step time="7500.00" loaded="4013" inserted="4001" running="42" waiting="12" ended="3959" arrived="3959" collisions="0" teleports="0" halting="19" stopped="0" meanWaitingTime="21.07" meanTravelTime="114.65" meanSpeed="4.60" meanSpeedRelative="0.33" duration="2"/>
    <step time="7800.00" loaded="4170" inserted="4147" running="53" waiting="23" ended="4094" arrived="4094" collisions="0" teleports="0" halting="13" stopped="0" meanWaitingTime="21.42" meanTravelTime="113.86" meanSpeed="5.27" meanSpeedRelative="0.39" duration="1"/>
    <step time="8100.00" loaded="4342" inserted="4327" running="58" waiting="15" ended="4269" arrived="4269" collisions="0" teleports="0" halting="18" stopped="0" meanWaitingTime="22.33" meanTravelTime="112.92" meanSpeed="5.01" meanSpeedRelative="0.36" duration="3"/>
    <step time="8400.00" loaded="4526" inserted="4522" running="71" waiting="4" ended="4451" arrived="4451" collisions="0" teleports="0" halting="17" stopped="0" meanWaitingTime="22.23" meanTravelTime="112.56" meanSpeed="4.70" meanSpeedRelative="0.34" duration="3"/>
    <step time="8700.00" loaded="4698" inserted="4693" running="75" waiting="5" ended="4618" arrived="4618" collisions="0" teleports="0" halting="25" stopped="0" meanWaitingTime="21.86" meanTravelTime="112.88" meanSpeed="5.39" meanSpeedRelative="0.39" duration="2"/>
    <step time="9000.00" loaded="4888" inserted="4871" running="67" waiting="17" ended="4804" arrived="4804" collisions="0" teleports="0" halting="17" stopped="0" meanWaitingTime="21.56" meanTravelTime="112.75" meanSpeed="5.24" meanSpeedRelative="0.38" duration="2"/>
    <step time="9300.00" loaded="5073" inserted="5054" running="54" waiting="19" ended="5000" arrived="5000" collisions="0" teleports="0" halting="22" stopped="0" meanWaitingTime="21.44" meanTravelTime="112.90" meanSpeed="4.71" meanSpeedRelative="0.34" duration="1"/>
    <step time="9600.00" loaded="5245" inserted="5234" running="61" waiting="11" ended="5173" arrived="5173" collisions="0" teleports="0" halting="15" stopped="0" meanWaitingTime="21.82" meanTravelTime="112.32" meanSpeed="6.64" meanSpeedRelative="0.48" duration="3"/>
    <step time="9900.00" loaded="5389" inserted="5384" running="46" waiting="5" ended="5338" arrived="5338" collisions="0" teleports="0" halting="14" stopped="0" meanWaitingTime="21.59" meanTravelTime="111.96" meanSpeed="4.68" meanSpeedRelative="0.34" duration="1"/>
    <step time="10200.00" loaded="5557" inserted="5549" running="61" waiting="8" ended="5488" arrived="5488" collisions="0" teleports="0" halting="11" stopped="0" meanWaitingTime="21.26" meanTravelTime="112.01" meanSpeed="5.33" meanSpeedRelative="0.38" duration="2"/>
    <step time="10500.00" loaded="5735" inserted="5723" running="52" waiting="12" ended="5671" arrived="5671" collisions="0" teleports="0" halting="16" stopped="0" meanWaitingTime="21.03" meanTravelTime="112.23" meanSpeed="5.28" meanSpeedRelative="0.38" duration="3"/>
    <step time="10800.00" loaded="5910" inserted="5903" running="67" waiting="7" ended="5836" arrived="5836" collisions="0" teleports="0" halting="9" stopped="0" meanWaitingTime="20.96" meanTravelTime="111.95" meanSpeed="6.55" meanSpeedRelative="0.47" duration="1"/>
    <step time="11100.00" loaded="6088" inserted="6070" running="52" waiting="18" ended="6018" arrived="6018" collisions="0" teleports="0" halting="20" stopped="0" meanWaitingTime="20.86" meanTravelTime="112.01" meanSpeed="3.19" meanSpeedRelative="0.24" duration="1"/>
    <step time="11400.00" loaded="6259" inserted="6225" running="56" waiting="34" ended="6169" arrived="6169" collisions="0" teleports="0" halting="12" stopped="0" meanWaitingTime="21.45" meanTravelTime="111.83" meanSpeed="5.92" meanSpeedRelative="0.43" duration="1"/>
    <step time="11700.00" loaded="6401" inserted="6381" running="59" waiting="20" ended="6322" arrived="6322" collisions="0" teleports="0" halting="13" stopped="0" meanWaitingTime="22.42" meanTravelTime="111.49" meanSpeed="5.14" meanSpeedRelative="0.37" duration="1"/>
    <step time="12000.00" loaded="6578" inserted="6572" running="64" waiting="6" ended="6508" arrived="6508" collisions="0" teleports="0" halting="18" stopped="0" meanWaitingTime="22.38" meanTravelTime="111.54" meanSpeed="4.20" meanSpeedRelative="0.30" duration="1"/>
    <step time="12300.00" loaded="6746" inserted="6745" running="59" waiting="1" ended="6686" arrived="6686" collisions="0" teleports="0" halting="22" stopped="0" meanWaitingTime="22.02" meanTravelTime="111.61" meanSpeed="4.62" meanSpeedRelative="0.33" duration="3"/>
    <step time="12600.00" loaded="6913" inserted="6892" running="61" waiting="21" ended="6831" arrived="6831" collisions="0" teleports="0" halting="13" stopped="0" meanWaitingTime="21.81" meanTravelTime="111.34" meanSpeed="5.62" meanSpeedRelative="0.40" duration="2"/>
    <step time="12900.00" loaded="7082" inserted="7067" running="61" waiting="15" ended="7006" arrived="7006" collisions="0" teleports="0" halting="25" stopped="0" meanWaitingTime="21.94" meanTravelTime="111.46" meanSpeed="3.79" meanSpeedRelative="0.27" duration="2"/>
    <step time="13200.00" loaded="7253" inserted="7232" running="86" waiting="21" ended="7146" arrived="7146" collisions="0" teleports="0" halting="24" stopped="0" meanWaitingTime="22.00" meanTravelTime="111.36" meanSpeed="4.91" meanSpeedRelative="0.35" duration="2"/>
    <step time="13500.00" loaded="7430" inserted="7421" running="78" waiting="9" ended="7343" arrived="7343" collisions="0" teleports="0" halting="30" stopped="0" meanWaitingTime="21.91" meanTravelTime="112.25" meanSpeed="3.68" meanSpeedRelative="0.26" duration="1"/>
    <step time="13800.00" loaded="7624" inserted="7608" running="83" waiting="16" ended="7525" arrived="7525" collisions="0" teleports="0" halting="23" stopped="0" meanWaitingTime="21.95" meanTravelTime="112.30" meanSpeed="5.73" meanSpeedRelative="0.42" duration="2"/>
    <step time="14100.00" loaded="7784" inserted="7780" running="75" waiting="4" ended="7705" arrived="7705" collisions="0" teleports="0" halting="15" stopped="0" meanWaitingTime="21.97" meanTravelTime="112.57" meanSpeed="5.93" meanSpeedRelative="0.43" duration="1"/>
    <step time="14400.00" loaded="7921" inserted="7910" running="45" waiting="11" ended="7865" arrived="7865" collisions="0" teleports="0" halting="12" stopped="0" meanWaitingTime="22.10" meanTravelTime="113.07" meanSpeed="7.12" meanSpeedRelative="0.51" duration="1"/>
    <step time="14700.00" loaded="8117" inserted="8092" running="53" waiting="25" ended="8039" arrived="8039" collisions="0" teleports="0" halting="15" stopped="0" meanWaitingTime="22.01" meanTravelTime="112.61" meanSpeed="5.96" meanSpeedRelative="0.43" duration="1"/>
    <step time="15000.00" loaded="8273" inserted="8262" running="97" waiting="11" ended="8165" arrived="8165" collisions="0" teleports="0" halting="17" stopped="0" meanWaitingTime="22.01" meanTravelTime="112.64" meanSpeed="4.63" meanSpeedRelative="0.33" duration="3"/>
    <step time="15300.00" loaded="8433" inserted="8399" running="53" waiting="34" ended="8346" arrived="8346" collisions="0" teleports="0" halting="17" stopped="0" meanWaitingTime="22.17" meanTravelTime="113.39" meanSpeed="5.47" meanSpeedRelative="0.39" duration="2"/>
    <step time="15600.00" loaded="8598" inserted="8587" running="59" waiting="11" ended="8528" arrived="8528" collisions="0" teleports="0" halting="17" stopped="0" meanWaitingTime="22.85" meanTravelTime="112.78" meanSpeed="5.10" meanSpeedRelative="0.37" duration="2"/>
    <step time="15900.00" loaded="8788" inserted="8777" running="94" waiting="11" ended="8683" arrived="8683" collisions="0" teleports="0" halting="40" stopped="0" meanWaitingTime="23.16" meanTravelTime="112.76" meanSpeed="4.74" meanSpeedRelative="0.34" duration="2"/>
    <step time="16200.00" loaded="8978" inserted="8945" running="66" waiting="33" ended="8879" arrived="8879" collisions="0" teleports="0" halting="15" stopped="0" meanWaitingTime="23.35" meanTravelTime="112.91" meanSpeed="6.19" meanSpeedRelative="0.45" duration="3"/>
    <step time="16500.00" loaded="9145" inserted="9131" running="68" waiting="14" ended="9063" arrived="9063" collisions="0" teleports="0" halting="23" stopped="0" meanWaitingTime="23.89" meanTravelTime="112.82" meanSpeed="5.35" meanSpeedRelative="0.39" duration="2"/>
    <step time="16800.00" loaded="9332" inserted="9297" running="76" waiting="35" ended="9221" arrived="9221" collisions="0" teleports="0" halting="20" stopped="0" meanWaitingTime="24.12" meanTravelTime="113.13" meanSpeed="5.56" meanSpeedRelative="0.40" duration="3"/>
    <step time="17100.00" loaded="9503" inserted="9473" running="55" waiting="30" ended="9418" arrived="9418" collisions="0" teleports="0" halting="9" stopped="0" meanWaitingTime="24.74" meanTravelTime="113.19" meanSpeed="6.70" meanSpeedRelative="0.48" duration="1"/>
    <step time="17400.00" loaded="9684" inserted="9659" running="64" waiting="25" ended="9595" arrived="9595" collisions="0" teleports="0" halting="19" stopped="0" meanWaitingTime="25.38" meanTravelTime="112.90" meanSpeed="4.43" meanSpeedRelative="0.32" duration="1"/>
    <step time="17700.00" loaded="9859" inserted="9830" running="75" waiting="29" ended="9755" arrived="9755" collisions="0" teleports="0" halting="17" stopped="0" meanWaitingTime="25.73" meanTravelTime="112.84" meanSpeed="5.13" meanSpeedRelative="0.37" duration="1"/>
    <step time="18000.00" loaded="10025" inserted="10003" running="70" waiting="22" ended="9933" arrived="9933" collisions="0" teleports="0" halting="32" stopped="0" meanWaitingTime="26.23" meanTravelTime="113.09" meanSpeed="4.74" meanSpeedRelative="0.34" duration="2"/>
    <step time="18300.00" loaded="10210" inserted="10177" running="42" waiting="33" ended="10135" arrived="10135" collisions="0" teleports="0" halting="23" stopped="0" meanWaitingTime="26.42" meanTravelTime="113.03" meanSpeed="3.56" meanSpeedRelative="0.26" duration="1"/>
    <step time="18600.00" loaded="10370" inserted="10338" running="57" waiting="32" ended="10281" arrived="10281" collisions="0" teleports="0" halting="20" stopped="0" meanWaitingTime="26.96" meanTravelTime="112.71" meanSpeed="5.47" meanSpeedRelative="0.39" duration="2"/>
    <step time="18900.00" loaded="10557" inserted="10515" running="68" waiting="42" ended="10447" arrived="10447" collisions="0" teleports="0" halting="14" stopped="0" meanWaitingTime="27.31" meanTravelTime="112.46" meanSpeed="6.89" meanSpeedRelative="0.50" duration="2"/>
    <step time="19200.00" loaded="10732" inserted="10706" running="65" waiting="26" ended="10641" arrived="10641" collisions="0" teleports="0" halting="47" stopped="0" meanWaitingTime="27.74" meanTravelTime="112.36" meanSpeed="2.97" meanSpeedRelative="0.21" duration="2"/>
    <step time="19500.00" loaded="10945" inserted="10919" running="100" waiting="26" ended="10819" arrived="10819" collisions="0" teleports="0" halting="37" stopped="0" meanWaitingTime="27.98" meanTravelTime="112.48" meanSpeed="3.72" meanSpeedRelative="0.29" duration="2"/>
    <step time="19800.00" loaded="11121" inserted="11089" running="73" waiting="32" ended="11016" arrived="11016" collisions="0" teleports="0" halting="36" stopped="0" meanWaitingTime="28.32" meanTravelTime="112.63" meanSpeed="4.05" meanSpeedRelative="0.29" duration="2"/>
    <step time="20100.00" loaded="11318" inserted="11288" running="95" waiting="30" ended="11193" arrived="11193" collisions="0" teleports="0" halting="21" stopped="0" meanWaitingTime="28.75" meanTravelTime="112.79" meanSpeed="5.67" meanSpeedRelative="0.41" duration="3"/>
    <step time="20400.00" loaded="11486" inserted="11445" running="71" waiting="41" ended="11374" arrived="11374" collisions="0" teleports="0" halting="20" stopped="0" meanWaitingTime="29.18" meanTravelTime="113.10" meanSpeed="5.03" meanSpeedRelative="0.36" duration="2"/>
    <step time="20700.00" loaded="11659" inserted="11625" running="81" waiting="34" ended="11544" arrived="11544" collisions="0" teleports="0" halting="45" stopped="0" meanWaitingTime="29.86" meanTravelTime="113.09" meanSpeed="3.56" meanSpeedRelative="0.26" duration="2"/>
    <step time="21000.00" loaded="11846" inserted="11819" running="57" waiting="27" ended="11762" arrived="11762" collisions="0" teleports="0" halting="28" stopped="0" meanWaitingTime="30.45" meanTravelTime="113.15" meanSpeed="4.02" meanSpeedRelative="0.30" duration="1"/>
    <step time="21300.00" loaded="12010" inserted="11989" running="68" waiting="21" ended="11921" arrived="11921" collisions="0" teleports="0" halting="15" stopped="0" meanWaitingTime="30.79" meanTravelTime="113.04" meanSpeed="5.94" meanSpeedRelative="0.43" duration="1"/>
    <step time="21600.00" loaded="12230" inserted="12198" running="94" waiting="32" ended="12104" arrived="12104" collisions="0" teleports="0" halting="12" stopped="0" meanWaitingTime="31.05" meanTravelTime="112.95" meanSpeed="5.37" meanSpeedRelative="0.39" duration="3"/>
    <step time="21900.00" loaded="12416" inserted="12389" running="78" waiting="27" ended="12311" arrived="12311" collisions="0" teleports="0" halting="31" stopped="0" meanWaitingTime="31.13" meanTravelTime="113.04" meanSpeed="4.77" meanSpeedRelative="0.34" duration="2"/>
    <step time="22200.00" loaded="12605" inserted="12574" running="74" waiting="31" ended="12500" arrived="12500" collisions="0" teleports="0" halting="15" stopped="0" meanWaitingTime="31.37" meanTravelTime="112.67" meanSpeed="4.56" meanSpeedRelative="0.33" duration="2"/>
    <step time="22500.00" loaded="12783" inserted="12733" running="75" waiting="50" ended="12658" arrived="12658" collisions="0" teleports="0" halting="9" stopped="0" meanWaitingTime="31.57" meanTravelTime="113.16" meanSpeed="5.07" meanSpeedRelative="0.36" duration="2"/>
    <step time="22800.00" loaded="12978" inserted="12965" running="110" waiting="13" ended="12855" arrived="12855" collisions="0" teleports="0" halting="63" stopped="0" meanWaitingTime="31.92" meanTravelTime="113.44" meanSpeed="2.20" meanSpeedRelative="0.16" duration="2"/>
    <step time="23100.00" loaded="13164" inserted="13143" running="101" waiting="21" ended="13042" arrived="13042" collisions="0" teleports="0" halting="40" stopped="0" meanWaitingTime="31.93" meanTravelTime="114.24" meanSpeed="3.56" meanSpeedRelative="0.26" duration="4"/>
    <step time="23400.00" loaded="13354" inserted="13322" running="75" waiting="32" ended="13247" arrived="13247" collisions="0" teleports="0" halting="27" stopped="0" meanWaitingTime="32.10" meanTravelTime="114.74" meanSpeed="4.38" meanSpeedRelative="0.31" duration="2"/>
    <step time="23700.00" loaded="13585" inserted="13540" running="86" waiting="45" ended="13454" arrived="13454" collisions="0" teleports="0" halting="34" stopped="0" meanWaitingTime="32.28" meanTravelTime="114.51" meanSpeed="4.09" meanSpeedRelative="0.29" duration="2"/>
    <step time="24000.00" loaded="13759" inserted="13722" running="59" waiting="37" ended="13663" arrived="13663" collisions="0" teleports="0" halting="10" stopped="0" meanWaitingTime="32.63" meanTravelTime="114.51" meanSpeed="4.40" meanSpeedRelative="0.32" duration="2"/>
    <step time="24300.00" loaded="13967" inserted="13930" running="112" waiting="37" ended="13818" arrived="13818" collisions="0" teleports="0" halting="58" stopped="0" meanWaitingTime="32.95" meanTravelTime="114.60" meanSpeed="3.20" meanSpeedRelative="0.23" duration="2"/>
    <step time="24600.00" loaded="14189" inserted="14149" running="82" waiting="40" ended="14067" arrived="14067" collisions="0" teleports="0" halting="37" stopped="0" meanWaitingTime="33.23" meanTravelTime="114.95" meanSpeed="3.88" meanSpeedRelative="0.28" duration="2"/>
    <step time="24900.00" loaded="14402" inserted="14367" running="86" waiting="35" ended="14281" arrived="14281" collisions="0" teleports="0" halting="25" stopped="0" meanWaitingTime="33.63" meanTravelTime="114.87" meanSpeed="4.57" meanSpeedRelative="0.33" duration="2"/>
    <step time="25200.00" loaded="14595" inserted="14552" running="64" waiting="43" ended="14488" arrived="14488" collisions="0" teleports="0" halting="20" stopped="0" meanWaitingTime="33.73" meanTravelTime="114.79" meanSpeed="5.62" meanSpeedRelative="0.40" duration="2"/>
    <step time="25500.00" loaded="14770" inserted="14748" running="61" waiting="22" ended="14687" arrived="14687" collisions="0" teleports="0" halting="24" stopped="0" meanWaitingTime="33.99" meanTravelTime="114.76" meanSpeed="5.30" meanSpeedRelative="0.38" duration="2"/>
    <step time="25800.00" loaded="15002" inserted="14971" running="85" waiting="31" ended="14886" arrived="14886" collisions="0" teleports="0" halting="26" stopped="0" meanWaitingTime="33.93" meanTravelTime="114.58" meanSpeed="4.25" meanSpeedRelative="0.31" duration="2"/>
    <step time="26100.00" loaded="15214" inserted="15186" running="72" waiting="28" ended="15114" arrived="15114" collisions="0" teleports="0" halting="25" stopped="0" meanWaitingTime="34.11" meanTravelTime="114.71" meanSpeed="3.95" meanSpeedRelative="0.28" duration="3"/>
    <step time="26400.00" loaded="15409" inserted="15373" running="80" waiting="36" ended="15293" arrived="15293" collisions="0" teleports="0" halting="32" stopped="0" meanWaitingTime="34.31" meanTravelTime="114.67" meanSpeed="4.50" meanSpeedRelative="0.32" duration="3"/>
    <step time="26700.00" loaded="15623" inserted="15598" running="99" waiting="25" ended="15499" arrived="15499" collisions="0" teleports="0" halting="20" stopped="0" meanWaitingTime="34.60" meanTravelTime="114.43" meanSpeed="5.49" meanSpeedRelative="0.40" duration="2"/>
    <step time="27000.00" loaded="15840" inserted="15820" running="113" waiting="20" ended="15707" arrived="15707" collisions="0" teleports="0" halting="26" stopped="0" meanWaitingTime="34.78" meanTravelTime="114.59" meanSpeed="5.65" meanSpeedRelative="0.41" duration="3"/>
    <step time="27300.00" loaded="16062" inserted="16035" running="100" waiting="27" ended="15935" arrived="15935" collisions="0" teleports="0" halting="51" stopped="0" meanWaitingTime="34.80" meanTravelTime="114.53" meanSpeed="2.98" meanSpeedRelative="0.21" duration="2"/>
    <step time="27600.00" loaded="16261" inserted="16237" running="97" waiting="24" ended="16140" arrived="16140" collisions="0" teleports="0" halting="64" stopped="0" meanWaitingTime="34.81" meanTravelTime="114.81" meanSpeed="2.30" meanSpeedRelative="0.17" duration="2"/>
    <step time="27900.00" loaded="16470" inserted="16436" running="72" waiting="34" ended="16364" arrived="16364" collisions="0" teleports="0" halting="12" stopped="0" meanWaitingTime="34.88" meanTravelTime="115.06" meanSpeed="6.46" meanSpeedRelative="0.47" duration="2"/>
    <step time="28200.00" loaded="16696" inserted="16673" running="79" waiting="23" ended="16594" arrived="16594" collisions="0" teleports="0" halting="16" stopped="0" meanWaitingTime="35.09" meanTravelTime="114.94" meanSpeed="5.30" meanSpeedRelative="0.38" duration="2"/>
    <step time="28500.00" loaded="16896" inserted="16867" running="74" waiting="29" ended="16793" arrived="16793" collisions="0" teleports="0" halting="30" stopped="0" meanWaitingTime="35.15" meanTravelTime="114.96" meanSpeed="4.37" meanSpeedRelative="0.31" duration="1"/>
    <step time="28800.00" loaded="17111" inserted="17078" running="87" waiting="33" ended="16991" arrived="16991" collisions="0" teleports="0" halting="41" stopped="0" meanWaitingTime="35.16" meanTravelTime="114.90" meanSpeed="3.21" meanSpeedRelative="0.23" duration="1"/>
    <step time="29100.00" loaded="17336" inserted="17298" running="100" waiting="38" ended="17198" arrived="17198" collisions="0" teleports="0" halting="37" stopped="0" meanWaitingTime="35.19" meanTravelTime="115.26" meanSpeed="3.53" meanSpeedRelative="0.25" duration="3"/>
    <step time="29400.00" loaded="17539" inserted="17491" running="85" waiting="48" ended="17406" arrived="17406" collisions="0" teleports="0" halting="25" stopped="0" meanWaitingTime="35.42" meanTravelTime="115.66" meanSpeed="5.86" meanSpeedRelative="0.42" duration="2"/>
    <step time="29700.00" loaded="17719" inserted="17682" running="67" waiting="37" ended="17615" arrived="17615" collisions="0" teleports="0" halting="18" stopped="0" meanWaitingTime="35.59" meanTravelTime="115.73" meanSpeed="4.76" meanSpeedRelative="0.35" duration="2"/>
    <step time="30000.00" loaded="17899" inserted="17867" running="58" waiting="32" ended="17809" arrived="17809" collisions="0" teleports="0" halting="33" stopped="0" meanWaitingTime="35.77" meanTravelTime="115.69" meanSpeed="3.88" meanSpeedRelative="0.28" duration="2"/>
    <step time="30300.00" loaded="18096" inserted="18055" running="70" waiting="41" ended="17985" arrived="17985" collisions="0" teleports="0" halting="23" stopped="0" meanWaitingTime="36.08" meanTravelTime="115.58" meanSpeed="4.32" meanSpeedRelative="0.31" duration="2"/>
    <step time="30600.00" loaded="18310" inserted="18267" running="99" waiting="43" ended="18168" arrived="18168" collisions="0" teleports="0" halting="36" stopped="0" meanWaitingTime="36.36" meanTravelTime="115.58" meanSpeed="4.80" meanSpeedRelative="0.35" duration="2"/>
    <step time="30900.00" loaded="18530" inserted="18484" running="104" waiting="46" ended="18380" arrived="18380" collisions="0" teleports="0" halting="35" stopped="0" meanWaitingTime="36.59" meanTravelTime="115.67" meanSpeed="3.97" meanSpeedRelative="0.29" duration="2"/>
    <step time="31200.00" loaded="18699" inserted="18651" running="66" waiting="48" ended="18585" arrived="18585" collisions="0" teleports="0" halting="17" stopped="0" meanWaitingTime="36.76" meanTravelTime="116.06" meanSpeed="4.68" meanSpeedRelative="0.34" duration="1"/>
    <step time="31500.00" loaded="18877" inserted="18830" running="72" waiting="47" ended="18758" arrived="18758" collisions="0" teleports="0" halting="34" stopped="0" meanWaitingTime="37.08" meanTravelTime="116.22" meanSpeed="3.70" meanSpeedRelative="0.27" duration="2"/>
    <step time="31800.00" loaded="19033" inserted="18995" running="89" waiting="38" ended="18906" arrived="18906" collisions="0" teleports="0" halting="24" stopped="0" meanWaitingTime="37.47" meanTravelTime="116.42" meanSpeed="4.46" meanSpeedRelative="0.32" duration="2"/>
    <step time="32100.00" loaded="19213" inserted="19166" running="77" waiting="47" ended="19089" arrived="19089" collisions="0" teleports="0" halting="28" stopped="0" meanWaitingTime="37.85" meanTravelTime="116.55" meanSpeed="3.94" meanSpeedRelative="0.28" duration="2"/>
    <step time="32400.00" loaded="19381" inserted="19317" running="61" waiting="64" ended="19256" arrived="19256" collisions="0" teleports="0" halting="17" stopped="0" meanWaitingTime="38.05" meanTravelTime="116.70" meanSpeed="4.73" meanSpeedRelative="0.34" duration="1"/>
    <step time="32700.00" loaded="19558" inserted="19500" running="69" waiting="58" ended="19431" arrived="19431" collisions="0" teleports="0" halting="12" stopped="0" meanWaitingTime="38.60" meanTravelTime="116.68" meanSpeed="5.99" meanSpeedRelative="0.43" duration="2"/>
    <step time="33000.00" loaded="19728" inserted="19674" running="66" waiting="54" ended="19608" arrived="19608" collisions="0" teleports="0" halting="10" stopped="0" meanWaitingTime="39.08" meanTravelTime="116.75" meanSpeed="6.09" meanSpeedRelative="0.44" duration="2"/>
    <step time="33300.00" loaded="19858" inserted="19791" running="48" waiting="67" ended="19743" arrived="19743" collisions="0" teleports="0" halting="12" stopped="0" meanWaitingTime="39.29" meanTravelTime="116.84" meanSpeed="5.79" meanSpeedRelative="0.42" duration="1"/>
    <step time="33600.00" loaded="20051" inserted="19976" running="57" waiting="75" ended="19919" arrived="19919" collisions="0" teleports="0" halting="27" stopped="0" meanWaitingTime="40.14" meanTravelTime="116.67" meanSpeed="4.71" meanSpeedRelative="0.34" duration="1"/>
    <step time="33900.00" loaded="20207" inserted="20134" running="51" waiting="73" ended="20083" arrived="20083" collisions="0" teleports="0" halting="15" stopped="0" meanWaitingTime="40.83" meanTravelTime="116.56" meanSpeed="6.27" meanSpeedRelative="0.45" duration="2"/>
    <step time="34200.00" loaded="20365" inserted="20299" running="58" waiting="66" ended="20241" arrived="20241" collisions="0" teleports="0" halting="17" stopped="0" meanWaitingTime="41.57" meanTravelTime="116.48" meanSpeed="5.61" meanSpeedRelative="0.40" duration="1"/>
    <step time="34500.00" loaded="20531" inserted="20449" running="68" waiting="82" ended="20381" arrived="20381" collisions="0" teleports="0" halting="31" stopped="0" meanWaitingTime="42.07" meanTravelTime="116.50" meanSpeed="4.60" meanSpeedRelative="0.33" duration="2"/>
    <step time="34800.00" loaded="20683" inserted="20610" running="64" waiting="73" ended="20546" arrived="20546" collisions="0" teleports="0" halting="23" stopped="0" meanWaitingTime="42.91" meanTravelTime="116.51" meanSpeed="4.66" meanSpeedRelative="0.34" duration="2"/>
    <step time="35100.00" loaded="20820" inserted="20751" running="58" waiting="69" ended="20693" arrived="20693" collisions="0" teleports="0" halting="15" stopped="0" meanWaitingTime="43.84" meanTravelTime="116.46" meanSpeed="6.07" meanSpeedRelative="0.44" duration="2"/>
    <step time="35400.00" loaded="20956" inserted="20885" running="43" waiting="71" ended="20842" arrived="20842" collisions="0" teleports="0" halting="6" stopped="0" meanWaitingTime="44.31" meanTravelTime="116.40" meanSpeed="7.03" meanSpeedRelative="0.51" duration="2"/>
    <step time="35700.00" loaded="21102" inserted="21037" running="63" waiting="65" ended="20974" arrived="20974" collisions="0" teleports="0" halting="36" stopped="0" meanWaitingTime="45.10" meanTravelTime="116.41" meanSpeed="3.40" meanSpeedRelative="0.24" duration="3"/>
    <step time="36000.00" loaded="21256" inserted="21214" running="56" waiting="42" ended="21158" arrived="21158" collisions="0" teleports="0" halting="24" stopped="0" meanWaitingTime="46.00" meanTravelTime="116.35" meanSpeed="3.76" meanSpeedRelative="0.27" duration="1"/>
    <step time="36300.00" loaded="21431" inserted="21368" running="59" waiting="63" ended="21309" arrived="21309" collisions="0" teleports="0" halting="23" stopped="0" meanWaitingTime="46.39" meanTravelTime="116.18" meanSpeed="4.67" meanSpeedRelative="0.34" duration="2"/>
    <step time="36600.00" loaded="21577" inserted="21515" running="74" waiting="62" ended="21441" arrived="21441" collisions="0" teleports="0" halting="23" stopped="0" meanWaitingTime="46.89" meanTravelTime="116.22" meanSpeed="4.16" meanSpeedRelative="0.30" duration="1"/>
    <step time="36900.00" loaded="21714" inserted="21658" running="60" waiting="56" ended="21598" arrived="21598" collisions="0" teleports="0" halting="11" stopped="0" meanWaitingTime="47.45" meanTravelTime="116.54" meanSpeed="6.54" meanSpeedRelative="0.47" duration="3"/>
    <step time="37200.00" loaded="21837" inserted="21779" running="41" waiting="58" ended="21738" arrived="21738" collisions="0" teleports="0" halting="20" stopped="0" meanWaitingTime="47.68" meanTravelTime="116.55" meanSpeed="3.28" meanSpeedRelative="0.26" duration="1"/>
    <step time="37500.00" loaded="21978" inserted="21906" running="62" waiting="72" ended="21844" arrived="21844" collisions="0" teleports="0" halting="14" stopped="0" meanWaitingTime="48.26" meanTravelTime="116.56" meanSpeed="5.49" meanSpeedRelative="0.41" duration="3"/>
    <step time="37800.00" loaded="22132" inserted="22057" running="58" waiting="75" ended="21999" arrived="21999" collisions="0" teleports="0" halting="30" stopped="0" meanWaitingTime="49.00" meanTravelTime="116.62" meanSpeed="4.41" meanSpeedRelative="0.32" duration="1"/>
    <step time="38100.00" loaded="22277" inserted="22191" running="41" waiting="86" ended="22150" arrived="22150" collisions="0" teleports="0" halting="9" stopped="0" meanWaitingTime="49.35" meanTravelTime="116.50" meanSpeed="6.27" meanSpeedRelative="0.45" duration="1"/>
    <step time="38400.00" loaded="22403" inserted="22330" running="56" waiting="73" ended="22274" arrived="22274" collisions="0" teleports="0" halting="21" stopped="0" meanWaitingTime="50.29" meanTravelTime="116.40" meanSpeed="4.12" meanSpeedRelative="0.30" duration="1"/>
    <step time="38700.00" loaded="22502" inserted="22449" running="56" waiting="53" ended="22393" arrived="22393" collisions="0" teleports="0" halting="30" stopped="0" meanWaitingTime="50.92" meanTravelTime="116.41" meanSpeed="3.66" meanSpeedRelative="0.26" duration="1"/>
    <step time="39000.00" loaded="22606" inserted="22530" running="49" waiting="76" ended="22481" arrived="22481" collisions="0" teleports="0" halting="6" stopped="0" meanWaitingTime="51.50" meanTravelTime="116.47" meanSpeed="5.70" meanSpeedRelative="0.41" duration="1"/>
    <step time="39300.00" loaded="22732" inserted="22647" running="40" waiting="85" ended="22607" arrived="22607" collisions="0" teleports="0" halting="19" stopped="0" meanWaitingTime="52.26" meanTravelTime="116.76" meanSpeed="3.94" meanSpeedRelative="0.28" duration="1"/>
    <step time="39600.00" loaded="22842" inserted="22765" running="37" waiting="77" ended="22728" arrived="22728" collisions="0" teleports="0" halting="15" stopped="0" meanWaitingTime="53.05" meanTravelTime="116.68" meanSpeed="5.18" meanSpeedRelative="0.37" duration="1"/>
    <step time="39900.00" loaded="22965" inserted="22867" running="39" waiting="98" ended="22828" arrived="22828" collisions="0" teleports="0" halting="28" stopped="0" meanWaitingTime="53.47" meanTravelTime="116.62" meanSpeed="2.58" meanSpeedRelative="0.19" duration="1"/>
    <step time="40200.00" loaded="23055" inserted="22961" running="33" waiting="94" ended="22928" arrived="22928" collisions="0" teleports="0" halting="16" stopped="0" meanWaitingTime="54.43" meanTravelTime="116.63" meanSpeed="4.19" meanSpeedRelative="0.30" duration="1"/>
    <step time="40500.00" loaded="23153" inserted="23071" running="35" waiting="82" ended="23036" arrived="23036" collisions="0" teleports="0" halting="12" stopped="0" meanWaitingTime="55.50" meanTravelTime="116.64" meanSpeed="4.71" meanSpeedRelative="0.34" duration="1"/>
    <step time="40800.00" loaded="23260" inserted="23159" running="40" waiting="101" ended="23119" arrived="23119" collisions="0" teleports="0" halting="21" stopped="0" meanWaitingTime="56.57" meanTravelTime="116.66" meanSpeed="4.63" meanSpeedRelative="0.33" duration="1"/>
    <step time="41100.00" loaded="23344" inserted="23240" running="34" waiting="104" ended="23206" arrived="23206" collisions="0" teleports="0" halting="13" stopped="0" meanWaitingTime="57.26" meanTravelTime="116.72" meanSpeed="5.48" meanSpeedRelative="0.39" duration="1"/>
    <step time="41400.00" loaded="23406" inserted="23346" running="38" waiting="60" ended="23308" arrived="23308" collisions="0" teleports="0" halting="14" stopped="0" meanWaitingTime="58.61" meanTravelTime="116.74" meanSpeed="5.06" meanSpeedRelative="0.36" duration="1"/>
    <step time="41700.00" loaded="23505" inserted="23436" running="57" waiting="69" ended="23379" arrived="23379" collisions="0" teleports="0" halting="28" stopped="0" meanWaitingTime="59.60" meanTravelTime="116.71" meanSpeed="3.85" meanSpeedRelative="0.28" duration="2"/>
    <step time="42000.00" loaded="23586" inserted="23513" running="34" waiting="73" ended="23479" arrived="23479" collisions="0" teleports="0" halting="11" stopped="0" meanWaitingTime="60.35" meanTravelTime="116.97" meanSpeed="6.13" meanSpeedRelative="0.44" duration="1"/>
    <step time="42300.00" loaded="23690" inserted="23618" running="27" waiting="72" ended="23591" arrived="23591" collisions="0" teleports="0" halting="10" stopped="0" meanWaitingTime="61.03" meanTravelTime="116.87" meanSpeed="4.44" meanSpeedRelative="0.32" duration="1"/>
    <step time="42600.00" loaded="23802" inserted="23688" running="22" waiting="114" ended="23666" arrived="23666" collisions="0" teleports="0" halting="5" stopped="0" meanWaitingTime="61.31" meanTravelTime="116.82" meanSpeed="6.85" meanSpeedRelative="0.49" duration="1"/>
    <step time="42900.00" loaded="23902" inserted="23791" running="44" waiting="111" ended="23747" arrived="23747" collisions="0" teleports="0" halting="11" stopped="0" meanWaitingTime="62.43" meanTravelTime="116.82" meanSpeed="5.95" meanSpeedRelative="0.43" duration="1"/>
    <step time="43200.00" loaded="24006" inserted="23878" running="27" waiting="128" ended="23851" arrived="23851" collisions="0" teleports="0" halting="12" stopped="0" meanWaitingTime="63.07" meanTravelTime="116.82" meanSpeed="4.98" meanSpeedRelative="0.39" duration="1"/>
    <step time="43500.00" loaded="24084" inserted="23952" running="27" waiting="132" ended="23925" arrived="23925" collisions="0" teleports="0" halting="9" stopped="0" meanWaitingTime="63.81" meanTravelTime="116.81" meanSpeed="5.39" meanSpeedRelative="0.39" duration="1"/>
    <step time="43800.00" loaded="24185" inserted="24031" running="27" waiting="154" ended="24004" arrived="24004" collisions="0" teleports="0" halting="11" stopped="0" meanWaitingTime="65.20" meanTravelTime="116.77" meanSpeed="5.62" meanSpeedRelative="0.40" duration="1"/>
    <step time="44100.00" loaded="24290" inserted="24124" running="35" waiting="166" ended="24089" arrived="24089" collisions="0" teleports="0" halting="18" stopped="0" meanWaitingTime="66.72" meanTravelTime="116.72" meanSpeed="4.58" meanSpeedRelative="0.33" duration="2"/>
    <step time="44400.00" loaded="24402" inserted="24234" running="58" waiting="168" ended="24176" arrived="24176" collisions="0" teleports="0" halting="40" stopped="0" meanWaitingTime="68.71" meanTravelTime="116.59" meanSpeed="1.91" meanSpeedRelative="0.14" duration="1"/>
    <step time="44700.00" loaded="24507" inserted="24321" running="26" waiting="186" ended="24295" arrived="24295" collisions="0" teleports="0" halting="4" stopped="0" meanWaitingTime="70.43" meanTravelTime="116.87" meanSpeed="7.03" meanSpeedRelative="0.51" duration="0"/>
    <step time="45000.00" loaded="24612" inserted="24417" running="21" waiting="195" ended="24396" arrived="24396" collisions="0" teleports="0" halting="3" stopped="0" meanWaitingTime="72.25" meanTravelTime="116.79" meanSpeed="5.07" meanSpeedRelative="0.36" duration="0"/>
    <step time="45300.00" loaded="24699" inserted="24520" running="51" waiting="179" ended="24469" arrived="24469" collisions="0" teleports="0" halting="13" stopped="0" meanWaitingTime="74.21" meanTravelTime="116.77" meanSpeed="5.08" meanSpeedRelative="0.37" duration="1"/>
    <step time="45600.00" loaded="24781" inserted="24603" running="34" waiting="178" ended="24569" arrived="24569" collisions="0" teleports="0" halting="15" stopped="0" meanWaitingTime="75.61" meanTravelTime="116.81" meanSpeed="4.48" meanSpeedRelative="0.32" duration="0"/>
    <step time="45900.00" loaded="24868" inserted="24679" running="37" waiting="189" ended="24642" arrived="24642" collisions="0" teleports="0" halting="23" stopped="0" meanWaitingTime="77.46" meanTravelTime="116.81" meanSpeed="3.06" meanSpeedRelative="0.22" duration="1"/>
    <step time="46200.00" loaded="24949" inserted="24765" running="59" waiting="184" ended="24706" arrived="24706" collisions="0" teleports="0" halting="53" stopped="0" meanWaitingTime="79.55" meanTravelTime="116.66" meanSpeed="0.57" meanSpeedRelative="0.04" duration="1"/>
    <step time="46500.00" loaded="24997" inserted="24844" running="93" waiting="153" ended="24751" arrived="24751" collisions="0" teleports="0" halting="93" stopped="0" meanWaitingTime="81.34" meanTravelTime="116.56" meanSpeed="0.00" meanSpeedRelative="0.00" duration="2"/>
    <step time="46800.00" loaded="25017" inserted="24864" running="96" waiting="153" ended="24768" arrived="24768" collisions="0" teleports="0" halting="95" stopped="0" meanWaitingTime="81.28" meanTravelTime="116.51" meanSpeed="0.11" meanSpeedRelative="0.01" duration="2"/>
    <step time="47100.00" loaded="25035" inserted="24882" running="92" waiting="153" ended="24790" arrived="24790" collisions="0" teleports="0" halting="89" stopped="0" meanWaitingTime="81.22" meanTravelTime="116.44" meanSpeed="0.20" meanSpeedRelative="0.01" duration="2"/>
    <step time="47400.00" loaded="25052" inserted="24899" running="91" waiting="153" ended="24808" arrived="24808" collisions="0" teleports="0" halting="91" stopped="0" meanWaitingTime="81.16" meanTravelTime="116.39" meanSpeed="0.00" meanSpeedRelative="0.00" duration="1"/>
    <step time="47700.00" loaded="25066" inserted="24913" running="92" waiting="153" ended="24821" arrived="24821" collisions="0" teleports="0" halting="92" stopped="0" meanWaitingTime="81.12" meanTravelTime="116.35" meanSpeed="0.00" meanSpeedRelative="0.00" duration="1"/>
    <step time="48000.00" loaded="25079" inserted="24926" running="90" waiting="153" ended="24836" arrived="24836" collisions="0" teleports="0" halting="89" stopped="0" meanWaitingTime="81.08" meanTravelTime="116.31" meanSpeed="0.07" meanSpeedRelative="0.00" duration="1"/>
    <step time="48300.00" loaded="25093" inserted="24940" running="90" waiting="153" ended="24850" arrived="24850" collisions="0" teleports="0" halting="89" stopped="0" meanWaitingTime="81.03" meanTravelTime="116.26" meanSpeed="0.04" meanSpeedRelative="0.00" duration="1"/>
    <step time="48600.00" loaded="25109" inserted="24956" running="91" waiting="153" ended="24865" arrived="24865" collisions="0" teleports="0" halting="89" stopped="0" meanWaitingTime="80.98" meanTravelTime="116.21" meanSpeed="0.15" meanSpeedRelative="0.01" duration="2"/>
    <step time="48900.00" loaded="25124" inserted="24971" running="95" waiting="153" ended="24876" arrived="24876" collisions="0" teleports="0" halting="94" stopped="0" meanWaitingTime="80.93" meanTravelTime="116.17" meanSpeed="0.03" meanSpeedRelative="0.00" duration="2"/>
    <step time="49200.00" loaded="25133" inserted="24980" running="89" waiting="153" ended="24891" arrived="24891" collisions="0" teleports="0" halting="89" stopped="0" meanWaitingTime="80.90" meanTravelTime="116.14" meanSpeed="0.00" meanSpeedRelative="0.00" duration="1"/>
</summary>
