<?xml version="1.0" encoding="UTF-8"?>

<!-- generated on 2025-02-28 16:21:16 by Eclipse SUMO GUI Version 1.19.0
<configuration xmlns:xsi="http://www.w3.org/2001/XMLSchema-instance" xsi:noNamespaceSchemaLocation="http://sumo.dlr.de/xsd/sumoConfiguration.xsd">

    <input>
        <net-file value="Network.net.xml"/>
        <route-files value="CarRoutes.rou.xml"/>
        <additional-files value="Sensors.add.xml"/>
    </input>

    <output>
        <emission-output value="logs/Emissions.xml"/>
        <summary-output value="logs/Log_summary.xml"/>
        <summary-output.period value="300"/>
        <tripinfo-output value="logs/TripInfos.xml"/>
    </output>

    <time>
        <begin value="0"/>
        <end value="86400"/>
        <step-length value="0.25"/>
    </time>

    <processing>
        <ignore-junction-blocker value="0.1"/>
        <time-to-teleport value="-1"/>
    </processing>

    <report>
        <verbose value="true"/>
        <no-step-log value="true"/>
    </report>

    <emissions>
        <device.emissions.period value="10"/>
    </emissions>

    <traci_server>
        <remote-port value="56855"/>
    </traci_server>

    <gui_only>
        <quit-on-end value="true"/>
        <start value="true"/>
    </gui_only>

</configuration>
-->

<instantE1 xmlns:xsi="http://www.w3.org/2001/XMLSchema-instance" xsi:noNamespaceSchemaLocation="http://sumo.dlr.de/xsd/instant_e1_file.xsd">
    <instantOut id="235_D025" time="1987.98" state="enter" vehID="Car_1230" speed="9.53" length="5.00" type="DEFAULT_CAR"/>
    <instantOut id="235_D025" time="1988.00" state="stay" vehID="Car_1230" speed="9.53" length="5.00" type="DEFAULT_CAR"/>
    <instantOut id="235_D025" time="1988.25" state="stay" vehID="Car_1230" speed="9.66" length="5.00" type="DEFAULT_CAR"/>
    <instantOut id="235_D025" time="1988.50" state="stay" vehID="Car_1230" speed="8.91" length="5.00" type="DEFAULT_CAR"/>
    <instantOut id="235_D025" time="1988.53" state="leave" vehID="Car_1230" speed="8.16" length="5.00" type="DEFAULT_CAR" occupancy="0.54"/>
    <instantOut id="235_D025" time="2164.98" state="enter" vehID="Car_1294" speed="8.75" length="5.00" type="DEFAULT_CAR" gap="176.46"/>
    <instantOut id="235_D025" time="2165.00" state="stay" vehID="Car_1294" speed="8.75" length="5.00" type="DEFAULT_CAR"/>
    <instantOut id="235_D025" time="2165.25" state="stay" vehID="Car_1294" speed="8.00" length="5.00" type="DEFAULT_CAR"/>
    <instantOut id="235_D025" time="2165.50" state="stay" vehID="Car_1294" speed="7.25" length="5.00" type="DEFAULT_CAR"/>
    <instantOut id="235_D025" time="2165.66" state="leave" vehID="Car_1294" speed="6.67" length="5.00" type="DEFAULT_CAR" occupancy="0.67"/>
    <instantOut id="235_D025" time="4452.72" state="enter" vehID="Car_2568" speed="9.78" length="5.00" type="DEFAULT_CAR" gap="2287.07"/>
    <instantOut id="235_D025" time="4452.75" state="stay" vehID="Car_2568" speed="9.78" length="5.00" type="DEFAULT_CAR"/>
    <instantOut id="235_D025" time="4453.00" state="stay" vehID="Car_2568" speed="10.73" length="5.00" type="DEFAULT_CAR"/>
    <instantOut id="235_D025" time="4453.20" state="leave" vehID="Car_2568" speed="10.60" length="5.00" type="DEFAULT_CAR" occupancy="0.47"/>
    <instantOut id="235_D025" time="4512.50" state="enter" vehID="Car_3319" speed="9.49" length="5.00" type="DEFAULT_CAR" gap="59.31"/>
    <instantOut id="235_D025" time="4512.75" state="stay" vehID="Car_3319" speed="9.49" length="5.00" type="DEFAULT_CAR"/>
    <instantOut id="235_D025" time="4513.00" state="stay" vehID="Car_3319" speed="8.74" length="5.00" type="DEFAULT_CAR"/>
    <instantOut id="235_D025" time="4513.06" state="leave" vehID="Car_3319" speed="8.09" length="5.00" type="DEFAULT_CAR" occupancy="0.55"/>
    <instantOut id="235_D025" time="5034.97" state="enter" vehID="Car_2617" speed="6.90" length="5.00" type="DEFAULT_CAR" gap="521.91"/>
    <instantOut id="235_D025" time="5035.00" state="stay" vehID="Car_2617" speed="6.90" length="5.00" type="DEFAULT_CAR"/>
    <instantOut id="235_D025" time="5035.25" state="stay" vehID="Car_2617" speed="7.59" length="5.00" type="DEFAULT_CAR"/>
    <instantOut id="235_D025" time="5035.50" state="stay" vehID="Car_2617" speed="7.75" length="5.00" type="DEFAULT_CAR"/>
    <instantOut id="235_D025" time="5035.64" state="leave" vehID="Car_2617" speed="7.00" length="5.00" type="DEFAULT_CAR" occupancy="0.67"/>
    <instantOut id="235_D025" time="5409.71" state="enter" vehID="Car_2549" speed="9.36" length="5.00" type="DEFAULT_CAR" gap="374.08"/>
    <instantOut id="235_D025" time="5409.75" state="stay" vehID="Car_2549" speed="9.36" length="5.00" type="DEFAULT_CAR"/>
    <instantOut id="235_D025" time="5410.00" state="stay" vehID="Car_2549" speed="8.61" length="5.00" type="DEFAULT_CAR"/>
    <instantOut id="235_D025" time="5410.25" state="stay" vehID="Car_2549" speed="7.86" length="5.00" type="DEFAULT_CAR"/>
    <instantOut id="235_D025" time="5410.33" state="leave" vehID="Car_2549" speed="7.11" length="5.00" type="DEFAULT_CAR" occupancy="0.61"/>
    <instantOut id="235_D025" time="5970.48" state="enter" vehID="Car_2859" speed="10.00" length="5.00" type="DEFAULT_CAR" gap="560.16"/>
    <instantOut id="235_D025" time="5970.50" state="stay" vehID="Car_2859" speed="10.00" length="5.00" type="DEFAULT_CAR"/>
    <instantOut id="235_D025" time="5970.75" state="stay" vehID="Car_2859" speed="9.25" length="5.00" type="DEFAULT_CAR"/>
    <instantOut id="235_D025" time="5971.00" state="stay" vehID="Car_2859" speed="8.55" length="5.00" type="DEFAULT_CAR"/>
    <instantOut id="235_D025" time="5971.05" state="leave" vehID="Car_2859" speed="7.80" length="5.00" type="DEFAULT_CAR" occupancy="0.57"/>
    <instantOut id="235_D025" time="7209.94" state="enter" vehID="Car_3922" speed="9.82" length="5.00" type="DEFAULT_CAR" gap="1238.90"/>
    <instantOut id="235_D025" time="7210.00" state="stay" vehID="Car_3922" speed="9.82" length="5.00" type="DEFAULT_CAR"/>
    <instantOut id="235_D025" time="7210.25" state="stay" vehID="Car_3922" speed="9.56" length="5.00" type="DEFAULT_CAR"/>
    <instantOut id="235_D025" time="7210.48" state="leave" vehID="Car_3922" speed="8.81" length="5.00" type="DEFAULT_CAR" occupancy="0.54"/>
    <instantOut id="235_D025" time="12088.80" state="enter" vehID="Car_6920" speed="11.62" length="5.00" type="DEFAULT_CAR" gap="4878.32"/>
    <instantOut id="235_D025" time="12089.00" state="stay" vehID="Car_6920" speed="11.62" length="5.00" type="DEFAULT_CAR"/>
    <instantOut id="235_D025" time="12089.25" state="leave" vehID="Car_6920" speed="10.87" length="5.00" type="DEFAULT_CAR" occupancy="0.45"/>
    <instantOut id="235_D025" time="13259.70" state="enter" vehID="Car_6837" speed="9.87" length="5.00" type="DEFAULT_CAR" gap="1170.45"/>
    <instantOut id="235_D025" time="13259.75" state="stay" vehID="Car_6837" speed="9.87" length="5.00" type="DEFAULT_CAR"/>
    <instantOut id="235_D025" time="13260.00" state="stay" vehID="Car_6837" speed="9.12" length="5.00" type="DEFAULT_CAR"/>
    <instantOut id="235_D025" time="13260.25" state="stay" vehID="Car_6837" speed="8.37" length="5.00" type="DEFAULT_CAR"/>
    <instantOut id="235_D025" time="13260.27" state="leave" vehID="Car_6837" speed="7.62" length="5.00" type="DEFAULT_CAR" occupancy="0.57"/>
    <instantOut id="235_D025" time="17572.48" state="enter" vehID="Car_10504" speed="9.72" length="5.00" type="DEFAULT_CAR" gap="4312.22"/>
    <instantOut id="235_D025" time="17572.50" state="stay" vehID="Car_10504" speed="9.72" length="5.00" type="DEFAULT_CAR"/>
    <instantOut id="235_D025" time="17572.75" state="stay" vehID="Car_10504" speed="10.36" length="5.00" type="DEFAULT_CAR"/>
    <instantOut id="235_D025" time="17572.97" state="leave" vehID="Car_10504" speed="10.09" length="5.00" type="DEFAULT_CAR" occupancy="0.49"/>
    <instantOut id="235_D025" time="18026.96" state="enter" vehID="Car_10502" speed="6.95" length="5.00" type="DEFAULT_CAR" gap="453.99"/>
    <instantOut id="235_D025" time="18027.00" state="stay" vehID="Car_10502" speed="6.95" length="5.00" type="DEFAULT_CAR"/>
    <instantOut id="235_D025" time="18027.25" state="stay" vehID="Car_10502" speed="7.16" length="5.00" type="DEFAULT_CAR"/>
    <instantOut id="235_D025" time="18027.50" state="stay" vehID="Car_10502" speed="6.41" length="5.00" type="DEFAULT_CAR"/>
    <instantOut id="235_D025" time="18027.74" state="leave" vehID="Car_10502" speed="5.76" length="5.00" type="DEFAULT_CAR" occupancy="0.77"/>
    <instantOut id="235_D025" time="18031.22" state="enter" vehID="Car_10503" speed="10.31" length="5.00" type="DEFAULT_CAR" gap="3.49"/>
    <instantOut id="235_D025" time="18031.25" state="stay" vehID="Car_10503" speed="10.31" length="5.00" type="DEFAULT_CAR"/>
    <instantOut id="235_D025" time="18031.50" state="stay" vehID="Car_10503" speed="10.35" length="5.00" type="DEFAULT_CAR"/>
    <instantOut id="235_D025" time="18031.72" state="leave" vehID="Car_10503" speed="9.81" length="5.00" type="DEFAULT_CAR" occupancy="0.49"/>
    <instantOut id="235_D025" time="22195.94" state="enter" vehID="Car_11872" speed="7.00" length="5.00" type="DEFAULT_CAR" gap="4164.22"/>
    <instantOut id="235_D025" time="22196.00" state="stay" vehID="Car_11872" speed="7.00" length="5.00" type="DEFAULT_CAR"/>
    <instantOut id="235_D025" time="22196.25" state="stay" vehID="Car_11872" speed="7.87" length="5.00" type="DEFAULT_CAR"/>
    <instantOut id="235_D025" time="22196.50" state="stay" vehID="Car_11872" speed="8.35" length="5.00" type="DEFAULT_CAR"/>
    <instantOut id="235_D025" time="22196.57" state="leave" vehID="Car_11872" speed="8.00" length="5.00" type="DEFAULT_CAR" occupancy="0.63"/>
    <instantOut id="235_D025" time="22924.48" state="enter" vehID="Car_13261" speed="9.79" length="5.00" type="DEFAULT_CAR" gap="727.91"/>
    <instantOut id="235_D025" time="22924.50" state="stay" vehID="Car_13261" speed="9.79" length="5.00" type="DEFAULT_CAR"/>
    <instantOut id="235_D025" time="22924.75" state="stay" vehID="Car_13261" speed="9.44" length="5.00" type="DEFAULT_CAR"/>
    <instantOut id="235_D025" time="22925.00" state="stay" vehID="Car_13261" speed="8.88" length="5.00" type="DEFAULT_CAR"/>
    <instantOut id="235_D025" time="22925.02" state="leave" vehID="Car_13261" speed="8.16" length="5.00" type="DEFAULT_CAR" occupancy="0.55"/>
    <instantOut id="235_D025" time="25163.94" state="enter" vehID="Car_14103" speed="6.96" length="5.00" type="DEFAULT_CAR" gap="2238.92"/>
    <instantOut id="235_D025" time="25164.00" state="stay" vehID="Car_14103" speed="6.96" length="5.00" type="DEFAULT_CAR"/>
    <instantOut id="235_D025" time="25164.25" state="stay" vehID="Car_14103" speed="7.78" length="5.00" type="DEFAULT_CAR"/>
    <instantOut id="235_D025" time="25164.50" state="stay" vehID="Car_14103" speed="8.71" length="5.00" type="DEFAULT_CAR"/>
    <instantOut id="235_D025" time="25164.56" state="leave" vehID="Car_14103" speed="8.30" length="5.00" type="DEFAULT_CAR" occupancy="0.61"/>
    <instantOut id="235_D025" time="25242.20" state="enter" vehID="Car_14518" speed="9.93" length="5.00" type="DEFAULT_CAR" gap="77.64"/>
    <instantOut id="235_D025" time="25242.25" state="stay" vehID="Car_14518" speed="9.93" length="5.00" type="DEFAULT_CAR"/>
    <instantOut id="235_D025" time="25242.50" state="stay" vehID="Car_14518" speed="9.37" length="5.00" type="DEFAULT_CAR"/>
    <instantOut id="235_D025" time="25242.75" state="leave" vehID="Car_14518" speed="8.62" length="5.00" type="DEFAULT_CAR" occupancy="0.55"/>
    <instantOut id="235_D025" time="25271.65" state="enter" vehID="Car_14334" speed="9.76" length="5.00" type="DEFAULT_CAR" gap="28.90"/>
    <instantOut id="235_D025" time="25271.75" state="stay" vehID="Car_14334" speed="9.76" length="5.00" type="DEFAULT_CAR"/>
    <instantOut id="235_D025" time="25272.00" state="stay" vehID="Car_14334" speed="9.01" length="5.00" type="DEFAULT_CAR"/>
    <instantOut id="235_D025" time="25272.21" state="leave" vehID="Car_14334" speed="8.26" length="5.00" type="DEFAULT_CAR" occupancy="0.56"/>
    <instantOut id="235_D025" time="25480.75" state="enter" vehID="Car_14802" speed="8.25" length="5.00" type="DEFAULT_CAR" gap="208.54"/>
    <instantOut id="235_D025" time="25481.00" state="stay" vehID="Car_14802" speed="8.25" length="5.00" type="DEFAULT_CAR"/>
    <instantOut id="235_D025" time="25481.25" state="stay" vehID="Car_14802" speed="7.67" length="5.00" type="DEFAULT_CAR"/>
    <instantOut id="235_D025" time="25481.40" state="leave" vehID="Car_14802" speed="7.12" length="5.00" type="DEFAULT_CAR" occupancy="0.64"/>
    <instantOut id="235_D025" time="27251.32" state="enter" vehID="Car_15625" speed="7.88" length="5.00" type="DEFAULT_CAR" gap="1769.92"/>
    <instantOut id="235_D025" time="27251.50" state="stay" vehID="Car_15625" speed="7.88" length="5.00" type="DEFAULT_CAR"/>
    <instantOut id="235_D025" time="27251.75" state="stay" vehID="Car_15625" speed="7.13" length="5.00" type="DEFAULT_CAR"/>
    <instantOut id="235_D025" time="27252.00" state="stay" vehID="Car_15625" speed="6.38" length="5.00" type="DEFAULT_CAR"/>
    <instantOut id="235_D025" time="27252.03" state="leave" vehID="Car_15625" speed="5.63" length="5.00" type="DEFAULT_CAR" occupancy="0.71"/>
    <instantOut id="235_D025" time="31652.96" state="enter" vehID="Car_19833" speed="9.99" length="5.00" type="DEFAULT_CAR" gap="4400.93"/>
    <instantOut id="235_D025" time="31653.00" state="stay" vehID="Car_19833" speed="9.99" length="5.00" type="DEFAULT_CAR"/>
    <instantOut id="235_D025" time="31653.25" state="stay" vehID="Car_19833" speed="10.74" length="5.00" type="DEFAULT_CAR"/>
    <instantOut id="235_D025" time="31653.43" state="leave" vehID="Car_19833" speed="10.66" length="5.00" type="DEFAULT_CAR" occupancy="0.47"/>
    <instantOut id="235_D025" time="32068.02" state="enter" vehID="Car_19283" speed="8.70" length="5.00" type="DEFAULT_CAR" gap="414.59"/>
    <instantOut id="235_D025" time="32068.25" state="stay" vehID="Car_19283" speed="8.70" length="5.00" type="DEFAULT_CAR"/>
    <instantOut id="235_D025" time="32068.50" state="stay" vehID="Car_19283" speed="7.95" length="5.00" type="DEFAULT_CAR"/>
    <instantOut id="235_D025" time="32068.64" state="leave" vehID="Car_19283" speed="7.20" length="5.00" type="DEFAULT_CAR" occupancy="0.62"/>
    <instantOut id="235_D025" time="38573.47" state="enter" vehID="Car_21842" speed="8.71" length="5.00" type="DEFAULT_CAR" gap="6504.83"/>
    <instantOut id="235_D025" time="38573.50" state="stay" vehID="Car_21842" speed="8.71" length="5.00" type="DEFAULT_CAR"/>
    <instantOut id="235_D025" time="38573.75" state="stay" vehID="Car_21842" speed="7.96" length="5.00" type="DEFAULT_CAR"/>
    <instantOut id="235_D025" time="38574.00" state="stay" vehID="Car_21842" speed="7.27" length="5.00" type="DEFAULT_CAR"/>
    <instantOut id="235_D025" time="38574.14" state="leave" vehID="Car_21842" speed="6.88" length="5.00" type="DEFAULT_CAR" occupancy="0.67"/>
    <instantOut id="235_D025" time="38727.67" state="enter" vehID="Car_23042" speed="8.11" length="5.00" type="DEFAULT_CAR" gap="153.54"/>
    <instantOut id="235_D025" time="38727.75" state="stay" vehID="Car_23042" speed="8.11" length="5.00" type="DEFAULT_CAR"/>
    <instantOut id="235_D025" time="38728.00" state="stay" vehID="Car_23042" speed="7.43" length="5.00" type="DEFAULT_CAR"/>
    <instantOut id="235_D025" time="38728.25" state="stay" vehID="Car_23042" speed="6.91" length="5.00" type="DEFAULT_CAR"/>
    <instantOut id="235_D025" time="38728.38" state="leave" vehID="Car_23042" speed="6.16" length="5.00" type="DEFAULT_CAR" occupancy="0.71"/>
    <instantOut id="235_D025" time="39947.56" state="enter" vehID="Car_23174" speed="7.32" length="5.00" type="DEFAULT_CAR" gap="1219.18"/>
    <instantOut id="235_D025" time="39947.75" state="stay" vehID="Car_23174" speed="7.32" length="5.00" type="DEFAULT_CAR"/>
    <instantOut id="235_D025" time="39948.00" state="stay" vehID="Car_23174" speed="6.57" length="5.00" type="DEFAULT_CAR"/>
    <instantOut id="235_D025" time="39948.25" state="stay" vehID="Car_23174" speed="5.82" length="5.00" type="DEFAULT_CAR"/>
    <instantOut id="235_D025" time="39948.34" state="leave" vehID="Car_23174" speed="5.07" length="5.00" type="DEFAULT_CAR" occupancy="0.79"/>
    <instantOut id="235_D025" time="43491.23" state="enter" vehID="Car_23936" speed="9.89" length="5.00" type="DEFAULT_CAR" gap="3542.88"/>
    <instantOut id="235_D025" time="43491.25" state="stay" vehID="Car_23936" speed="9.89" length="5.00" type="DEFAULT_CAR"/>
    <instantOut id="235_D025" time="43491.50" state="stay" vehID="Car_23936" speed="9.31" length="5.00" type="DEFAULT_CAR"/>
    <instantOut id="235_D025" time="43491.75" state="stay" vehID="Car_23936" speed="8.56" length="5.00" type="DEFAULT_CAR"/>
    <instantOut id="235_D025" time="43491.79" state="leave" vehID="Car_23936" speed="7.87" length="5.00" type="DEFAULT_CAR" occupancy="0.56"/>
    <instantOut id="235_D025" time="45690.24" state="enter" vehID="Car_24785" speed="7.49" length="5.00" type="DEFAULT_CAR" gap="2198.45"/>
    <instantOut id="235_D025" time="45690.25" state="stay" vehID="Car_24785" speed="7.49" length="5.00" type="DEFAULT_CAR"/>
    <instantOut id="235_D025" time="45690.50" state="stay" vehID="Car_24785" speed="6.86" length="5.00" type="DEFAULT_CAR"/>
    <instantOut id="235_D025" time="45690.75" state="stay" vehID="Car_24785" speed="6.11" length="5.00" type="DEFAULT_CAR"/>
    <instantOut id="235_D025" time="45691.00" state="stay" vehID="Car_24785" speed="5.36" length="5.00" type="DEFAULT_CAR"/>
    <instantOut id="235_D025" time="45691.08" state="leave" vehID="Car_24785" speed="4.61" length="5.00" type="DEFAULT_CAR" occupancy="0.84"/>
</instantE1>
