<?xml version="1.0" encoding="UTF-8"?>

<!-- generated on 2025-02-28 16:45:48 by Eclipse SUMO GUI Version 1.19.0
<configuration xmlns:xsi="http://www.w3.org/2001/XMLSchema-instance" xsi:noNamespaceSchemaLocation="http://sumo.dlr.de/xsd/sumoConfiguration.xsd">

    <input>
        <net-file value="Network.net.xml"/>
        <route-files value="CarRoutes.rou.xml"/>
        <additional-files value="Sensors.add.xml"/>
    </input>

    <output>
        <emission-output value="logs/Emissions.xml"/>
        <summary-output value="logs/Log_summary.xml"/>
        <summary-output.period value="300"/>
        <tripinfo-output value="logs/TripInfos.xml"/>
    </output>

    <time>
        <begin value="0"/>
        <end value="86400"/>
        <step-length value="0.25"/>
    </time>

    <processing>
        <ignore-junction-blocker value="0.1"/>
        <time-to-teleport value="-1"/>
    </processing>

    <report>
        <verbose value="true"/>
        <no-step-log value="true"/>
    </report>

    <emissions>
        <device.emissions.period value="10"/>
    </emissions>

    <traci_server>
        <remote-port value="57411"/>
    </traci_server>

    <gui_only>
        <quit-on-end value="true"/>
        <start value="true"/>
    </gui_only>

</configuration>
-->

<summary xmlns:xsi="http://www.w3.org/2001/XMLSchema-instance" xsi:noNamespaceSchemaLocation="http://sumo.dlr.de/xsd/summary_file.xsd">
    <step time="0.00" loaded="0" inserted="0" running="0" waiting="0" ended="0" arrived="0" collisions="0" teleports="0" halting="0" stopped="0" meanWaitingTime="-1.00" meanTravelTime="-1.00" meanSpeed="-1.00" meanSpeedRelative="-1.00" duration="1"/>
    <step time="300.00" loaded="210" inserted="196" running="92" waiting="14" ended="104" arrived="104" collisions="0" teleports="0" halting="44" stopped="0" meanWaitingTime="14.09" meanTravelTime="79.33" meanSpeed="3.81" meanSpeedRelative="0.28" duration="3"/>
    <step time="600.00" loaded="370" inserted="361" running="85" waiting="9" ended="276" arrived="276" collisions="0" teleports="0" halting="38" stopped="0" meanWaitingTime="13.30" meanTravelTime="116.01" meanSpeed="4.29" meanSpeedRelative="0.32" duration="4"/>
    <step time="900.00" loaded="526" inserted="518" running="52" waiting="8" ended="466" arrived="466" collisions="0" teleports="0" halting="26" stopped="0" meanWaitingTime="12.14" meanTravelTime="120.23" meanSpeed="4.26" meanSpeedRelative="0.31" duration="0"/>
    <step time="1200.00" loaded="698" inserted="683" running="59" waiting="15" ended="624" arrived="624" collisions="0" teleports="0" halting="6" stopped="0" meanWaitingTime="15.04" meanTravelTime="116.07" meanSpeed="7.97" meanSpeedRelative="0.57" duration="3"/>
    <step time="1500.00" loaded="862" inserted="842" running="59" waiting="20" ended="783" arrived="783" collisions="0" teleports="0" halting="13" stopped="0" meanWaitingTime="16.29" meanTravelTime="115.07" meanSpeed="5.33" meanSpeedRelative="0.38" duration="3"/>
    <step time="1800.00" loaded="1025" inserted="1007" running="56" waiting="18" ended="951" arrived="951" collisions="0" teleports="0" halting="20" stopped="0" meanWaitingTime="19.35" meanTravelTime="112.83" meanSpeed="5.34" meanSpeedRelative="0.38" duration="3"/>
    <step time="2100.00" loaded="1182" inserted="1167" running="63" waiting="15" ended="1104" arrived="1104" collisions="0" teleports="0" halting="36" stopped="0" meanWaitingTime="18.10" meanTravelTime="110.18" meanSpeed="3.76" meanSpeedRelative="0.27" duration="2"/>
    <step time="2400.00" loaded="1328" inserted="1312" running="39" waiting="16" ended="1273" arrived="1273" collisions="0" teleports="0" halting="11" stopped="0" meanWaitingTime="18.14" meanTravelTime="111.14" meanSpeed="5.56" meanSpeedRelative="0.40" duration="2"/>
    <step time="2700.00" loaded="1471" inserted="1470" running="46" waiting="1" ended="1424" arrived="1424" collisions="0" teleports="0" halting="9" stopped="0" meanWaitingTime="18.17" meanTravelTime="109.13" meanSpeed="5.22" meanSpeedRelative="0.38" duration="2"/>
    <step time="3000.00" loaded="1631" inserted="1624" running="43" waiting="7" ended="1581" arrived="1581" collisions="0" teleports="0" halting="19" stopped="0" meanWaitingTime="16.98" meanTravelTime="109.77" meanSpeed="4.88" meanSpeedRelative="0.35" duration="2"/>
    <step time="3300.00" loaded="1801" inserted="1785" running="56" waiting="16" ended="1729" arrived="1729" collisions="0" teleports="0" halting="12" stopped="0" meanWaitingTime="17.35" meanTravelTime="109.19" meanSpeed="6.87" meanSpeedRelative="0.49" duration="2"/>
    <step time="3600.00" loaded="1933" inserted="1933" running="51" waiting="0" ended="1882" arrived="1882" collisions="0" teleports="0" halting="15" stopped="0" meanWaitingTime="17.23" meanTravelTime="108.95" meanSpeed="6.05" meanSpeedRelative="0.44" duration="2"/>
    <step time="3900.00" loaded="2101" inserted="2101" running="83" waiting="0" ended="2018" arrived="2018" collisions="0" teleports="0" halting="26" stopped="0" meanWaitingTime="15.98" meanTravelTime="108.57" meanSpeed="4.07" meanSpeedRelative="0.29" duration="4"/>
    <step time="4200.00" loaded="2233" inserted="2228" running="40" waiting="5" ended="2188" arrived="2188" collisions="0" teleports="0" halting="12" stopped="0" meanWaitingTime="16.25" meanTravelTime="111.40" meanSpeed="5.82" meanSpeedRelative="0.42" duration="2"/>
    <step time="4500.00" loaded="2412" inserted="2411" running="74" waiting="1" ended="2337" arrived="2337" collisions="0" teleports="0" halting="38" stopped="0" meanWaitingTime="15.62" meanTravelTime="109.82" meanSpeed="3.76" meanSpeedRelative="0.27" duration="3"/>
    <step time="4800.00" loaded="2570" inserted="2564" running="42" waiting="6" ended="2522" arrived="2522" collisions="0" teleports="0" halting="15" stopped="0" meanWaitingTime="14.94" meanTravelTime="109.59" meanSpeed="4.81" meanSpeedRelative="0.35" duration="1"/>
    <step time="5100.00" loaded="2736" inserted="2726" running="55" waiting="10" ended="2671" arrived="2671" collisions="0" teleports="0" halting="7" stopped="0" meanWaitingTime="15.66" meanTravelTime="108.89" meanSpeed="6.35" meanSpeedRelative="0.46" duration="1"/>
    <step time="5400.00" loaded="2889" inserted="2887" running="47" waiting="2" ended="2840" arrived="2840" collisions="0" teleports="0" halting="12" stopped="0" meanWaitingTime="15.58" meanTravelTime="108.51" meanSpeed="5.32" meanSpeedRelative="0.38" duration="1"/>
    <step time="5700.00" loaded="3076" inserted="3061" running="75" waiting="15" ended="2986" arrived="2986" collisions="0" teleports="0" halting="19" stopped="0" meanWaitingTime="15.07" meanTravelTime="108.05" meanSpeed="6.01" meanSpeedRelative="0.43" duration="1"/>
    <step time="6000.00" loaded="3200" inserted="3197" running="33" waiting="3" ended="3164" arrived="3164" collisions="0" teleports="0" halting="13" stopped="0" meanWaitingTime="15.15" meanTravelTime="109.43" meanSpeed="5.21" meanSpeedRelative="0.37" duration="1"/>
    <step time="6300.00" loaded="3366" inserted="3348" running="53" waiting="18" ended="3295" arrived="3295" collisions="0" teleports="0" halting="17" stopped="0" meanWaitingTime="15.19" meanTravelTime="109.32" meanSpeed="6.09" meanSpeedRelative="0.44" duration="1"/>
    <step time="6600.00" loaded="3526" inserted="3518" running="49" waiting="8" ended="3469" arrived="3469" collisions="0" teleports="0" halting="20" stopped="0" meanWaitingTime="15.47" meanTravelTime="108.56" meanSpeed="4.25" meanSpeedRelative="0.31" duration="2"/>
    <step time="6900.00" loaded="3710" inserted="3693" running="53" waiting="17" ended="3640" arrived="3640" collisions="0" teleports="0" halting="22" stopped="0" meanWaitingTime="15.45" meanTravelTime="107.66" meanSpeed="4.54" meanSpeedRelative="0.33" duration="3"/>
    <step time="7200.00" loaded="3867" inserted="3847" running="50" waiting="20" ended="3797" arrived="3797" collisions="0" teleports="0" halting="18" stopped="0" meanWaitingTime="16.06" meanTravelTime="107.29" meanSpeed="4.93" meanSpeedRelative="0.36" duration="2"/>
    <step time="7500.00" loaded="4015" inserted="4011" running="43" waiting="4" ended="3968" arrived="3968" collisions="0" teleports="0" halting="18" stopped="0" meanWaitingTime="16.73" meanTravelTime="106.96" meanSpeed="5.27" meanSpeedRelative="0.38" duration="2"/>
    <step time="7800.00" loaded="4170" inserted="4162" running="41" waiting="8" ended="4121" arrived="4121" collisions="0" teleports="0" halting="8" stopped="0" meanWaitingTime="16.72" meanTravelTime="106.22" meanSpeed="6.00" meanSpeedRelative="0.43" duration="1"/>
    <step time="8100.00" loaded="4341" inserted="4328" running="49" waiting="13" ended="4279" arrived="4279" collisions="0" teleports="0" halting="20" stopped="0" meanWaitingTime="16.96" meanTravelTime="105.41" meanSpeed="4.21" meanSpeedRelative="0.32" duration="2"/>
    <step time="8400.00" loaded="4522" inserted="4518" running="57" waiting="4" ended="4461" arrived="4461" collisions="0" teleports="0" halting="17" stopped="0" meanWaitingTime="16.94" meanTravelTime="104.97" meanSpeed="4.97" meanSpeedRelative="0.36" duration="1"/>
    <step time="8700.00" loaded="4690" inserted="4684" running="70" waiting="6" ended="4614" arrived="4614" collisions="0" teleports="0" halting="15" stopped="0" meanWaitingTime="16.79" meanTravelTime="104.52" meanSpeed="5.70" meanSpeedRelative="0.41" duration="3"/>
    <step time="9000.00" loaded="4878" inserted="4861" running="60" waiting="17" ended="4801" arrived="4801" collisions="0" teleports="0" halting="14" stopped="0" meanWaitingTime="16.67" meanTravelTime="104.75" meanSpeed="3.89" meanSpeedRelative="0.28" duration="3"/>
    <step time="9300.00" loaded="5061" inserted="5043" running="58" waiting="18" ended="4985" arrived="4985" collisions="0" teleports="0" halting="22" stopped="0" meanWaitingTime="16.71" meanTravelTime="104.78" meanSpeed="5.31" meanSpeedRelative="0.38" duration="1"/>
    <step time="9600.00" loaded="5229" inserted="5216" running="57" waiting="13" ended="5159" arrived="5159" collisions="0" teleports="0" halting="16" stopped="0" meanWaitingTime="17.22" meanTravelTime="104.41" meanSpeed="6.61" meanSpeedRelative="0.48" duration="3"/>
    <step time="9900.00" loaded="5372" inserted="5370" running="61" waiting="2" ended="5309" arrived="5309" collisions="0" teleports="0" halting="22" stopped="0" meanWaitingTime="17.11" meanTravelTime="104.15" meanSpeed="3.76" meanSpeedRelative="0.27" duration="2"/>
    <step time="10200.00" loaded="5540" inserted="5533" running="51" waiting="7" ended="5482" arrived="5482" collisions="0" teleports="0" halting="10" stopped="0" meanWaitingTime="16.84" meanTravelTime="104.82" meanSpeed="5.93" meanSpeedRelative="0.43" duration="2"/>
    <step time="10500.00" loaded="5718" inserted="5707" running="63" waiting="11" ended="5644" arrived="5644" collisions="0" teleports="0" halting="12" stopped="0" meanWaitingTime="16.68" meanTravelTime="104.78" meanSpeed="6.45" meanSpeedRelative="0.46" duration="2"/>
    <step time="10800.00" loaded="5891" inserted="5884" running="72" waiting="7" ended="5812" arrived="5812" collisions="0" teleports="0" halting="12" stopped="0" meanWaitingTime="16.75" meanTravelTime="105.13" meanSpeed="6.17" meanSpeedRelative="0.44" duration="2"/>
    <step time="11100.00" loaded="6067" inserted="6049" running="58" waiting="18" ended="5991" arrived="5991" collisions="0" teleports="0" halting="22" stopped="0" meanWaitingTime="16.75" meanTravelTime="105.30" meanSpeed="3.59" meanSpeedRelative="0.26" duration="3"/>
    <step time="11400.00" loaded="6241" inserted="6207" running="54" waiting="34" ended="6153" arrived="6153" collisions="0" teleports="0" halting="9" stopped="0" meanWaitingTime="17.42" meanTravelTime="105.61" meanSpeed="6.34" meanSpeedRelative="0.46" duration="2"/>
    <step time="11700.00" loaded="6386" inserted="6366" running="57" waiting="20" ended="6309" arrived="6309" collisions="0" teleports="0" halting="15" stopped="0" meanWaitingTime="18.51" meanTravelTime="105.38" meanSpeed="5.17" meanSpeedRelative="0.37" duration="1"/>
    <step time="12000.00" loaded="6562" inserted="6555" running="62" waiting="7" ended="6493" arrived="6493" collisions="0" teleports="0" halting="18" stopped="0" meanWaitingTime="18.59" meanTravelTime="105.76" meanSpeed="4.42" meanSpeedRelative="0.32" duration="1"/>
    <step time="12300.00" loaded="6731" inserted="6730" running="69" waiting="1" ended="6661" arrived="6661" collisions="0" teleports="0" halting="30" stopped="0" meanWaitingTime="18.38" meanTravelTime="105.78" meanSpeed="4.11" meanSpeedRelative="0.30" duration="2"/>
    <step time="12600.00" loaded="6902" inserted="6879" running="50" waiting="23" ended="6829" arrived="6829" collisions="0" teleports="0" halting="14" stopped="0" meanWaitingTime="18.24" meanTravelTime="106.11" meanSpeed="5.45" meanSpeedRelative="0.39" duration="2"/>
    <step time="12900.00" loaded="7069" inserted="7053" running="56" waiting="16" ended="6997" arrived="6997" collisions="0" teleports="0" halting="24" stopped="0" meanWaitingTime="18.50" meanTravelTime="106.03" meanSpeed="4.11" meanSpeedRelative="0.30" duration="2"/>
    <step time="13200.00" loaded="7241" inserted="7220" running="70" waiting="21" ended="7150" arrived="7150" collisions="0" teleports="0" halting="14" stopped="0" meanWaitingTime="18.69" meanTravelTime="106.03" meanSpeed="5.85" meanSpeedRelative="0.42" duration="2"/>
    <step time="13500.00" loaded="7420" inserted="7412" running="68" waiting="8" ended="7344" arrived="7344" collisions="0" teleports="0" halting="24" stopped="0" meanWaitingTime="18.66" meanTravelTime="106.28" meanSpeed="3.79" meanSpeedRelative="0.27" duration="1"/>
    <step time="13800.00" loaded="7611" inserted="7595" running="76" waiting="16" ended="7519" arrived="7519" collisions="0" teleports="0" halting="22" stopped="0" meanWaitingTime="18.81" meanTravelTime="106.44" meanSpeed="5.14" meanSpeedRelative="0.37" duration="3"/>
    <step time="14100.00" loaded="7768" inserted="7761" running="69" waiting="7" ended="7692" arrived="7692" collisions="0" teleports="0" halting="17" stopped="0" meanWaitingTime="18.91" meanTravelTime="106.77" meanSpeed="5.93" meanSpeedRelative="0.43" duration="3"/>
    <step time="14400.00" loaded="7906" inserted="7895" running="47" waiting="11" ended="7848" arrived="7848" collisions="0" teleports="0" halting="13" stopped="0" meanWaitingTime="19.14" meanTravelTime="107.01" meanSpeed="6.52" meanSpeedRelative="0.47" duration="2"/>
    <step time="14700.00" loaded="8099" inserted="8081" running="58" waiting="18" ended="8023" arrived="8023" collisions="0" teleports="0" halting="16" stopped="0" meanWaitingTime="19.13" meanTravelTime="106.59" meanSpeed="5.57" meanSpeedRelative="0.40" duration="2"/>
    <step time="15000.00" loaded="8256" inserted="8247" running="90" waiting="9" ended="8157" arrived="8157" collisions="0" teleports="0" halting="14" stopped="0" meanWaitingTime="19.05" meanTravelTime="106.97" meanSpeed="5.43" meanSpeedRelative="0.39" duration="2"/>
    <step time="15300.00" loaded="8416" inserted="8381" running="76" waiting="35" ended="8305" arrived="8305" collisions="0" teleports="0" halting="38" stopped="0" meanWaitingTime="19.22" meanTravelTime="107.61" meanSpeed="3.89" meanSpeedRelative="0.28" duration="3"/>
    <step time="15600.00" loaded="8581" inserted="8571" running="64" waiting="10" ended="8507" arrived="8507" collisions="0" teleports="0" halting="17" stopped="0" meanWaitingTime="20.00" meanTravelTime="107.93" meanSpeed="5.62" meanSpeedRelative="0.40" duration="3"/>
    <step time="15900.00" loaded="8771" inserted="8758" running="87" waiting="13" ended="8671" arrived="8671" collisions="0" teleports="0" halting="30" stopped="0" meanWaitingTime="20.26" meanTravelTime="107.84" meanSpeed="4.08" meanSpeedRelative="0.29" duration="3"/>
    <step time="16200.00" loaded="8957" inserted="8924" running="75" waiting="33" ended="8849" arrived="8849" collisions="0" teleports="0" halting="29" stopped="0" meanWaitingTime="20.56" meanTravelTime="107.93" meanSpeed="4.67" meanSpeedRelative="0.34" duration="3"/>
    <step time="16500.00" loaded="9124" inserted="9110" running="60" waiting="14" ended="9050" arrived="9050" collisions="0" teleports="0" halting="22" stopped="0" meanWaitingTime="21.15" meanTravelTime="108.36" meanSpeed="5.49" meanSpeedRelative="0.40" duration="2"/>
    <step time="16800.00" loaded="9312" inserted="9272" running="57" waiting="40" ended="9215" arrived="9215" collisions="0" teleports="0" halting="9" stopped="0" meanWaitingTime="21.45" meanTravelTime="108.35" meanSpeed="6.52" meanSpeedRelative="0.47" duration="2"/>
    <step time="17100.00" loaded="9481" inserted="9451" running="70" waiting="30" ended="9381" arrived="9381" collisions="0" teleports="0" halting="10" stopped="0" meanWaitingTime="22.28" meanTravelTime="108.41" meanSpeed="5.58" meanSpeedRelative="0.40" duration="4"/>
    <step time="17400.00" loaded="9660" inserted="9635" running="75" waiting="25" ended="9560" arrived="9560" collisions="0" teleports="0" halting="35" stopped="0" meanWaitingTime="22.97" meanTravelTime="108.73" meanSpeed="2.86" meanSpeedRelative="0.21" duration="2"/>
    <step time="17700.00" loaded="9836" inserted="9809" running="100" waiting="27" ended="9709" arrived="9709" collisions="0" teleports="0" halting="40" stopped="0" meanWaitingTime="23.34" meanTravelTime="108.94" meanSpeed="3.80" meanSpeedRelative="0.27" duration="2"/>
    <step time="18000.00" loaded="10003" inserted="9982" running="91" waiting="21" ended="9891" arrived="9891" collisions="0" teleports="0" halting="46" stopped="0" meanWaitingTime="23.85" meanTravelTime="110.08" meanSpeed="3.85" meanSpeedRelative="0.28" duration="2"/>
    <step time="18300.00" loaded="10188" inserted="10155" running="57" waiting="33" ended="10098" arrived="10098" collisions="0" teleports="0" halting="32" stopped="0" meanWaitingTime="24.05" meanTravelTime="110.70" meanSpeed="3.18" meanSpeedRelative="0.23" duration="2"/>
    <step time="18600.00" loaded="10346" inserted="10312" running="57" waiting="34" ended="10255" arrived="10255" collisions="0" teleports="0" halting="18" stopped="0" meanWaitingTime="24.70" meanTravelTime="110.66" meanSpeed="5.73" meanSpeedRelative="0.41" duration="1"/>
    <step time="18900.00" loaded="10535" inserted="10493" running="57" waiting="42" ended="10436" arrived="10436" collisions="0" teleports="0" halting="8" stopped="0" meanWaitingTime="25.10" meanTravelTime="110.57" meanSpeed="6.83" meanSpeedRelative="0.49" duration="2"/>
    <step time="19200.00" loaded="10713" inserted="10687" running="69" waiting="26" ended="10618" arrived="10618" collisions="0" teleports="0" halting="44" stopped="0" meanWaitingTime="25.58" meanTravelTime="110.41" meanSpeed="3.63" meanSpeedRelative="0.26" duration="1"/>
    <step time="19500.00" loaded="10920" inserted="10895" running="111" waiting="25" ended="10784" arrived="10784" collisions="0" teleports="0" halting="34" stopped="0" meanWaitingTime="25.87" meanTravelTime="110.66" meanSpeed="3.60" meanSpeedRelative="0.26" duration="3"/>
    <step time="19800.00" loaded="11097" inserted="11065" running="72" waiting="32" ended="10993" arrived="10993" collisions="0" teleports="0" halting="32" stopped="0" meanWaitingTime="26.20" meanTravelTime="111.28" meanSpeed="4.21" meanSpeedRelative="0.30" duration="4"/>
    <step time="20100.00" loaded="11292" inserted="11267" running="92" waiting="25" ended="11175" arrived="11175" collisions="0" teleports="0" halting="20" stopped="0" meanWaitingTime="26.69" meanTravelTime="111.42" meanSpeed="4.59" meanSpeedRelative="0.33" duration="2"/>
    <step time="20400.00" loaded="11460" inserted="11434" running="76" waiting="26" ended="11358" arrived="11358" collisions="0" teleports="0" halting="20" stopped="0" meanWaitingTime="27.09" meanTravelTime="111.62" meanSpeed="4.91" meanSpeedRelative="0.35" duration="2"/>
    <step time="20700.00" loaded="11634" inserted="11608" running="68" waiting="26" ended="11540" arrived="11540" collisions="0" teleports="0" halting="30" stopped="0" meanWaitingTime="27.35" meanTravelTime="111.82" meanSpeed="3.73" meanSpeedRelative="0.27" duration="1"/>
    <step time="21000.00" loaded="11820" inserted="11809" running="76" waiting="11" ended="11733" arrived="11733" collisions="0" teleports="0" halting="33" stopped="0" meanWaitingTime="27.62" meanTravelTime="111.76" meanSpeed="3.56" meanSpeedRelative="0.26" duration="1"/>
    <step time="21300.00" loaded="11979" inserted="11979" running="79" waiting="0" ended="11900" arrived="11900" collisions="0" teleports="0" halting="15" stopped="0" meanWaitingTime="27.40" meanTravelTime="112.02" meanSpeed="4.50" meanSpeedRelative="0.32" duration="2"/>
    <step time="21600.00" loaded="12199" inserted="12191" running="98" waiting="8" ended="12093" arrived="12093" collisions="0" teleports="0" halting="17" stopped="0" meanWaitingTime="27.12" meanTravelTime="112.37" meanSpeed="5.44" meanSpeedRelative="0.39" duration="2"/>
    <step time="21900.00" loaded="12385" inserted="12377" running="76" waiting="8" ended="12301" arrived="12301" collisions="0" teleports="0" halting="22" stopped="0" meanWaitingTime="26.83" meanTravelTime="112.50" meanSpeed="5.58" meanSpeedRelative="0.40" duration="3"/>
    <step time="22200.00" loaded="12575" inserted="12566" running="61" waiting="9" ended="12505" arrived="12505" collisions="0" teleports="0" halting="7" stopped="0" meanWaitingTime="26.61" meanTravelTime="112.38" meanSpeed="6.74" meanSpeedRelative="0.49" duration="2"/>
    <step time="22500.00" loaded="12752" inserted="12718" running="55" waiting="34" ended="12663" arrived="12663" collisions="0" teleports="0" halting="11" stopped="0" meanWaitingTime="26.51" meanTravelTime="112.27" meanSpeed="5.91" meanSpeedRelative="0.43" duration="3"/>
    <step time="22800.00" loaded="12950" inserted="12948" running="102" waiting="2" ended="12846" arrived="12846" collisions="0" teleports="0" halting="54" stopped="0" meanWaitingTime="26.50" meanTravelTime="112.24" meanSpeed="2.57" meanSpeedRelative="0.19" duration="4"/>
    <step time="23100.00" loaded="13135" inserted="13122" running="94" waiting="13" ended="13028" arrived="13028" collisions="0" teleports="0" halting="49" stopped="0" meanWaitingTime="26.32" meanTravelTime="112.83" meanSpeed="3.81" meanSpeedRelative="0.27" duration="2"/>
    <step time="23400.00" loaded="13324" inserted="13314" running="75" waiting="10" ended="13239" arrived="13239" collisions="0" teleports="0" halting="19" stopped="0" meanWaitingTime="26.25" meanTravelTime="113.15" meanSpeed="4.25" meanSpeedRelative="0.31" duration="2"/>
    <step time="23700.00" loaded="13556" inserted="13536" running="88" waiting="20" ended="13448" arrived="13448" collisions="0" teleports="0" halting="32" stopped="0" meanWaitingTime="26.04" meanTravelTime="113.08" meanSpeed="4.97" meanSpeedRelative="0.36" duration="2"/>
    <step time="24000.00" loaded="13733" inserted="13713" running="52" waiting="20" ended="13661" arrived="13661" collisions="0" teleports="0" halting="18" stopped="0" meanWaitingTime="26.03" meanTravelTime="113.13" meanSpeed="4.30" meanSpeedRelative="0.31" duration="1"/>
    <step time="24300.00" loaded="13941" inserted="13914" running="105" waiting="27" ended="13809" arrived="13809" collisions="0" teleports="0" halting="65" stopped="0" meanWaitingTime="26.17" meanTravelTime="112.95" meanSpeed="1.87" meanSpeedRelative="0.13" duration="2"/>
    <step time="24600.00" loaded="14165" inserted="14125" running="81" waiting="40" ended="14044" arrived="14044" collisions="0" teleports="0" halting="35" stopped="0" meanWaitingTime="26.44" meanTravelTime="113.32" meanSpeed="4.69" meanSpeedRelative="0.34" duration="2"/>
    <step time="24900.00" loaded="14377" inserted="14325" running="73" waiting="52" ended="14252" arrived="14252" collisions="0" teleports="0" halting="30" stopped="0" meanWaitingTime="26.90" meanTravelTime="113.31" meanSpeed="4.59" meanSpeedRelative="0.33" duration="2"/>
    <step time="25200.00" loaded="14572" inserted="14523" running="80" waiting="49" ended="14443" arrived="14443" collisions="0" teleports="0" halting="31" stopped="0" meanWaitingTime="27.41" meanTravelTime="113.35" meanSpeed="4.51" meanSpeedRelative="0.32" duration="1"/>
    <step time="25500.00" loaded="14747" inserted="14721" running="74" waiting="26" ended="14647" arrived="14647" collisions="0" teleports="0" halting="27" stopped="0" meanWaitingTime="27.90" meanTravelTime="113.53" meanSpeed="4.23" meanSpeedRelative="0.30" duration="2"/>
    <step time="25800.00" loaded="14977" inserted="14941" running="85" waiting="36" ended="14856" arrived="14856" collisions="0" teleports="0" halting="27" stopped="0" meanWaitingTime="28.15" meanTravelTime="113.59" meanSpeed="3.87" meanSpeedRelative="0.28" duration="3"/>
    <step time="26100.00" loaded="15188" inserted="15152" running="90" waiting="36" ended="15062" arrived="15062" collisions="0" teleports="0" halting="30" stopped="0" meanWaitingTime="28.50" meanTravelTime="113.65" meanSpeed="3.79" meanSpeedRelative="0.29" duration="2"/>
    <step time="26400.00" loaded="15380" inserted="15340" running="87" waiting="40" ended="15253" arrived="15253" collisions="0" teleports="0" halting="32" stopped="0" meanWaitingTime="28.81" meanTravelTime="113.82" meanSpeed="3.48" meanSpeedRelative="0.25" duration="3"/>
    <step time="26700.00" loaded="15594" inserted="15560" running="122" waiting="34" ended="15438" arrived="15438" collisions="0" teleports="0" halting="35" stopped="0" meanWaitingTime="29.22" meanTravelTime="113.85" meanSpeed="4.31" meanSpeedRelative="0.31" duration="4"/>
    <step time="27000.00" loaded="15814" inserted="15773" running="114" waiting="41" ended="15659" arrived="15659" collisions="0" teleports="0" halting="27" stopped="0" meanWaitingTime="29.54" meanTravelTime="114.39" meanSpeed="4.80" meanSpeedRelative="0.35" duration="5"/>
    <step time="27300.00" loaded="16037" inserted="15985" running="108" waiting="52" ended="15877" arrived="15877" collisions="0" teleports="0" halting="45" stopped="0" meanWaitingTime="30.04" meanTravelTime="114.53" meanSpeed="3.39" meanSpeedRelative="0.24" duration="4"/>
    <step time="27600.00" loaded="16234" inserted="16183" running="79" waiting="51" ended="16104" arrived="16104" collisions="0" teleports="0" halting="48" stopped="0" meanWaitingTime="30.55" meanTravelTime="114.91" meanSpeed="2.71" meanSpeedRelative="0.19" duration="3"/>
    <step time="27900.00" loaded="16443" inserted="16398" running="86" waiting="45" ended="16312" arrived="16312" collisions="0" teleports="0" halting="22" stopped="0" meanWaitingTime="31.06" meanTravelTime="114.85" meanSpeed="4.55" meanSpeedRelative="0.33" duration="3"/>
    <step time="28200.00" loaded="16669" inserted="16633" running="66" waiting="36" ended="16567" arrived="16567" collisions="0" teleports="0" halting="15" stopped="0" meanWaitingTime="31.52" meanTravelTime="114.89" meanSpeed="5.35" meanSpeedRelative="0.38" duration="1"/>
    <step time="28500.00" loaded="16870" inserted="16839" running="77" waiting="31" ended="16762" arrived="16762" collisions="0" teleports="0" halting="17" stopped="0" meanWaitingTime="31.80" meanTravelTime="114.68" meanSpeed="5.61" meanSpeedRelative="0.40" duration="1"/>
    <step time="28800.00" loaded="17085" inserted="17054" running="94" waiting="31" ended="16960" arrived="16960" collisions="0" teleports="0" halting="40" stopped="0" meanWaitingTime="31.85" meanTravelTime="114.60" meanSpeed="3.14" meanSpeedRelative="0.23" duration="2"/>
    <step time="29100.00" loaded="17309" inserted="17271" running="106" waiting="38" ended="17165" arrived="17165" collisions="0" teleports="0" halting="48" stopped="0" meanWaitingTime="31.83" meanTravelTime="115.15" meanSpeed="2.53" meanSpeedRelative="0.18" duration="4"/>
    <step time="29400.00" loaded="17514" inserted="17465" running="84" waiting="49" ended="17381" arrived="17381" collisions="0" teleports="0" halting="26" stopped="0" meanWaitingTime="32.10" meanTravelTime="115.69" meanSpeed="5.14" meanSpeedRelative="0.37" duration="4"/>
    <step time="29700.00" loaded="17695" inserted="17662" running="61" waiting="33" ended="17601" arrived="17601" collisions="0" teleports="0" halting="16" stopped="0" meanWaitingTime="32.33" meanTravelTime="115.69" meanSpeed="5.88" meanSpeedRelative="0.42" duration="3"/>
    <step time="30000.00" loaded="17870" inserted="17839" running="51" waiting="31" ended="17788" arrived="17788" collisions="0" teleports="0" halting="20" stopped="0" meanWaitingTime="32.50" meanTravelTime="115.56" meanSpeed="4.52" meanSpeedRelative="0.33" duration="3"/>
    <step time="30300.00" loaded="18071" inserted="18032" running="75" waiting="39" ended="17957" arrived="17957" collisions="0" teleports="0" halting="30" stopped="0" meanWaitingTime="32.79" meanTravelTime="115.36" meanSpeed="3.83" meanSpeedRelative="0.29" duration="3"/>
    <step time="30600.00" loaded="18285" inserted="18241" running="98" waiting="44" ended="18143" arrived="18143" collisions="0" teleports="0" halting="40" stopped="0" meanWaitingTime="33.09" meanTravelTime="115.40" meanSpeed="5.27" meanSpeedRelative="0.38" duration="5"/>
    <step time="30900.00" loaded="18504" inserted="18463" running="107" waiting="41" ended="18356" arrived="18356" collisions="0" teleports="0" halting="52" stopped="0" meanWaitingTime="33.38" meanTravelTime="115.41" meanSpeed="2.91" meanSpeedRelative="0.21" duration="1"/>
    <step time="31200.00" loaded="18676" inserted="18631" running="59" waiting="45" ended="18572" arrived="18572" collisions="0" teleports="0" halting="11" stopped="0" meanWaitingTime="33.49" meanTravelTime="115.91" meanSpeed="4.55" meanSpeedRelative="0.33" duration="2"/>
    <step time="31500.00" loaded="18853" inserted="18811" running="78" waiting="42" ended="18733" arrived="18733" collisions="0" teleports="0" halting="29" stopped="0" meanWaitingTime="33.75" meanTravelTime="116.14" meanSpeed="4.01" meanSpeedRelative="0.29" duration="3"/>
    <step time="31800.00" loaded="19011" inserted="18978" running="69" waiting="33" ended="18909" arrived="18909" collisions="0" teleports="0" halting="20" stopped="0" meanWaitingTime="34.07" meanTravelTime="116.37" meanSpeed="5.13" meanSpeedRelative="0.37" duration="2"/>
    <step time="32100.00" loaded="19195" inserted="19157" running="58" waiting="38" ended="19099" arrived="19099" collisions="0" teleports="0" halting="22" stopped="0" meanWaitingTime="34.38" meanTravelTime="116.25" meanSpeed="4.79" meanSpeedRelative="0.37" duration="1"/>
    <step time="32400.00" loaded="19361" inserted="19296" running="64" waiting="65" ended="19232" arrived="19232" collisions="0" teleports="0" halting="24" stopped="0" meanWaitingTime="34.55" meanTravelTime="116.09" meanSpeed="3.35" meanSpeedRelative="0.24" duration="1"/>
    <step time="32700.00" loaded="19539" inserted="19482" running="60" waiting="57" ended="19422" arrived="19422" collisions="0" teleports="0" halting="9" stopped="0" meanWaitingTime="35.16" meanTravelTime="116.18" meanSpeed="6.77" meanSpeedRelative="0.50" duration="2"/>
    <step time="33000.00" loaded="19709" inserted="19655" running="55" waiting="54" ended="19600" arrived="19600" collisions="0" teleports="0" halting="11" stopped="0" meanWaitingTime="35.66" meanTravelTime="116.05" meanSpeed="5.79" meanSpeedRelative="0.42" duration="2"/>
    <step time="33300.00" loaded="19843" inserted="19776" running="49" waiting="67" ended="19727" arrived="19727" collisions="0" teleports="0" halting="15" stopped="0" meanWaitingTime="35.89" meanTravelTime="116.01" meanSpeed="5.36" meanSpeedRelative="0.39" duration="2"/>
    <step time="33600.00" loaded="20036" inserted="19970" running="76" waiting="66" ended="19894" arrived="19894" collisions="0" teleports="0" halting="24" stopped="0" meanWaitingTime="36.83" meanTravelTime="115.88" meanSpeed="5.18" meanSpeedRelative="0.37" duration="3"/>
    <step time="33900.00" loaded="20192" inserted="20117" running="51" waiting="75" ended="20066" arrived="20066" collisions="0" teleports="0" halting="17" stopped="0" meanWaitingTime="37.31" meanTravelTime="115.87" meanSpeed="4.73" meanSpeedRelative="0.34" duration="2"/>
    <step time="34200.00" loaded="20352" inserted="20288" running="88" waiting="64" ended="20200" arrived="20200" collisions="0" teleports="0" halting="21" stopped="0" meanWaitingTime="38.22" meanTravelTime="115.86" meanSpeed="3.83" meanSpeedRelative="0.28" duration="2"/>
    <step time="34500.00" loaded="20519" inserted="20438" running="65" waiting="81" ended="20373" arrived="20373" collisions="0" teleports="0" halting="14" stopped="0" meanWaitingTime="38.69" meanTravelTime="116.32" meanSpeed="5.32" meanSpeedRelative="0.38" duration="3"/>
    <step time="34800.00" loaded="20673" inserted="20599" running="67" waiting="74" ended="20532" arrived="20532" collisions="0" teleports="0" halting="27" stopped="0" meanWaitingTime="39.57" meanTravelTime="116.45" meanSpeed="2.96" meanSpeedRelative="0.21" duration="3"/>
    <step time="35100.00" loaded="20812" inserted="20742" running="53" waiting="70" ended="20689" arrived="20689" collisions="0" teleports="0" halting="15" stopped="0" meanWaitingTime="40.50" meanTravelTime="116.50" meanSpeed="5.66" meanSpeedRelative="0.41" duration="2"/>
    <step time="35400.00" loaded="20952" inserted="20880" running="38" waiting="72" ended="20842" arrived="20842" collisions="0" teleports="0" halting="6" stopped="0" meanWaitingTime="40.96" meanTravelTime="116.34" meanSpeed="7.97" meanSpeedRelative="0.57" duration="1"/>
    <step time="35700.00" loaded="21095" inserted="21027" running="64" waiting="68" ended="20963" arrived="20963" collisions="0" teleports="0" halting="44" stopped="0" meanWaitingTime="41.77" meanTravelTime="116.30" meanSpeed="2.37" meanSpeedRelative="0.17" duration="1"/>
    <step time="36000.00" loaded="21251" inserted="21200" running="56" waiting="51" ended="21144" arrived="21144" collisions="0" teleports="0" halting="26" stopped="0" meanWaitingTime="42.65" meanTravelTime="116.40" meanSpeed="2.92" meanSpeedRelative="0.21" duration="1"/>
    <step time="36300.00" loaded="21423" inserted="21351" running="54" waiting="72" ended="21297" arrived="21297" collisions="0" teleports="0" halting="24" stopped="0" meanWaitingTime="43.14" meanTravelTime="116.33" meanSpeed="4.70" meanSpeedRelative="0.34" duration="2"/>
    <step time="36600.00" loaded="21573" inserted="21498" running="60" waiting="75" ended="21438" arrived="21438" collisions="0" teleports="0" halting="6" stopped="0" meanWaitingTime="43.84" meanTravelTime="116.35" meanSpeed="5.24" meanSpeedRelative="0.38" duration="2"/>
    <step time="36900.00" loaded="21714" inserted="21632" running="53" waiting="82" ended="21579" arrived="21579" collisions="0" teleports="0" halting="21" stopped="0" meanWaitingTime="44.55" meanTravelTime="116.37" meanSpeed="4.20" meanSpeedRelative="0.30" duration="3"/>
    <step time="37200.00" loaded="21835" inserted="21760" running="45" waiting="75" ended="21715" arrived="21715" collisions="0" teleports="0" halting="29" stopped="0" meanWaitingTime="45.15" meanTravelTime="116.29" meanSpeed="2.48" meanSpeedRelative="0.18" duration="2"/>
    <step time="37500.00" loaded="21977" inserted="21882" running="55" waiting="95" ended="21827" arrived="21827" collisions="0" teleports="0" halting="17" stopped="0" meanWaitingTime="45.88" meanTravelTime="116.39" meanSpeed="4.44" meanSpeedRelative="0.33" duration="3"/>
    <step time="37800.00" loaded="22132" inserted="22017" running="43" waiting="115" ended="21974" arrived="21974" collisions="0" teleports="0" halting="19" stopped="0" meanWaitingTime="46.80" meanTravelTime="116.38" meanSpeed="4.51" meanSpeedRelative="0.32" duration="1"/>
    <step time="38100.00" loaded="22275" inserted="22138" running="31" waiting="137" ended="22107" arrived="22107" collisions="0" teleports="0" halting="10" stopped="0" meanWaitingTime="47.38" meanTravelTime="116.21" meanSpeed="6.40" meanSpeedRelative="0.46" duration="1"/>
    <step time="38400.00" loaded="22400" inserted="22267" running="43" waiting="133" ended="22224" arrived="22224" collisions="0" teleports="0" halting="20" stopped="0" meanWaitingTime="48.78" meanTravelTime="116.05" meanSpeed="4.37" meanSpeedRelative="0.31" duration="0"/>
    <step time="38700.00" loaded="22501" inserted="22377" running="45" waiting="124" ended="22332" arrived="22332" collisions="0" teleports="0" halting="24" stopped="0" meanWaitingTime="49.88" meanTravelTime="115.99" meanSpeed="4.20" meanSpeedRelative="0.30" duration="1"/>
    <step time="39000.00" loaded="22607" inserted="22450" running="32" waiting="157" ended="22418" arrived="22418" collisions="0" teleports="0" halting="6" stopped="0" meanWaitingTime="50.85" meanTravelTime="116.00" meanSpeed="6.45" meanSpeedRelative="0.46" duration="1"/>
    <step time="39300.00" loaded="22733" inserted="22551" running="21" waiting="182" ended="22530" arrived="22530" collisions="0" teleports="0" halting="12" stopped="0" meanWaitingTime="52.32" meanTravelTime="115.97" meanSpeed="3.00" meanSpeedRelative="0.22" duration="1"/>
    <step time="39600.00" loaded="22843" inserted="22649" running="39" waiting="194" ended="22610" arrived="22610" collisions="0" teleports="0" halting="17" stopped="0" meanWaitingTime="54.01" meanTravelTime="115.90" meanSpeed="4.07" meanSpeedRelative="0.29" duration="0"/>
    <step time="39900.00" loaded="22965" inserted="22778" running="62" waiting="187" ended="22716" arrived="22716" collisions="0" teleports="0" halting="50" stopped="0" meanWaitingTime="56.44" meanTravelTime="115.86" meanSpeed="1.66" meanSpeedRelative="0.12" duration="2"/>
    <step time="40200.00" loaded="23053" inserted="22886" running="46" waiting="167" ended="22840" arrived="22840" collisions="0" teleports="0" halting="20" stopped="0" meanWaitingTime="58.81" meanTravelTime="116.02" meanSpeed="3.96" meanSpeedRelative="0.29" duration="0"/>
    <step time="40500.00" loaded="23152" inserted="22978" running="29" waiting="174" ended="22949" arrived="22949" collisions="0" teleports="0" halting="11" stopped="0" meanWaitingTime="60.04" meanTravelTime="116.12" meanSpeed="5.91" meanSpeedRelative="0.43" duration="1"/>
    <step time="40800.00" loaded="23261" inserted="23074" running="40" waiting="187" ended="23034" arrived="23034" collisions="0" teleports="0" halting="22" stopped="0" meanWaitingTime="62.44" meanTravelTime="116.05" meanSpeed="4.16" meanSpeedRelative="0.30" duration="2"/>
    <step time="41100.00" loaded="23343" inserted="23153" running="34" waiting="190" ended="23119" arrived="23119" collisions="0" teleports="0" halting="10" stopped="0" meanWaitingTime="64.13" meanTravelTime="116.12" meanSpeed="5.55" meanSpeedRelative="0.40" duration="1"/>
    <step time="41400.00" loaded="23405" inserted="23244" running="28" waiting="161" ended="23216" arrived="23216" collisions="0" teleports="0" halting="15" stopped="0" meanWaitingTime="66.31" meanTravelTime="116.22" meanSpeed="4.44" meanSpeedRelative="0.32" duration="1"/>
    <step time="41700.00" loaded="23503" inserted="23329" running="48" waiting="174" ended="23281" arrived="23281" collisions="0" teleports="0" halting="29" stopped="0" meanWaitingTime="68.06" meanTravelTime="116.18" meanSpeed="3.14" meanSpeedRelative="0.23" duration="2"/>
    <step time="42000.00" loaded="23583" inserted="23420" running="44" waiting="163" ended="23376" arrived="23376" collisions="0" teleports="0" halting="12" stopped="0" meanWaitingTime="70.91" meanTravelTime="116.41" meanSpeed="4.83" meanSpeedRelative="0.35" duration="2"/>
    <step time="42300.00" loaded="23688" inserted="23517" running="30" waiting="171" ended="23487" arrived="23487" collisions="0" teleports="0" halting="10" stopped="0" meanWaitingTime="72.90" meanTravelTime="116.38" meanSpeed="3.74" meanSpeedRelative="0.27" duration="2"/>
    <step time="42600.00" loaded="23799" inserted="23605" running="33" waiting="194" ended="23572" arrived="23572" collisions="0" teleports="0" halting="4" stopped="0" meanWaitingTime="74.58" meanTravelTime="116.35" meanSpeed="7.01" meanSpeedRelative="0.50" duration="1"/>
    <step time="42900.00" loaded="23900" inserted="23713" running="38" waiting="187" ended="23675" arrived="23675" collisions="0" teleports="0" halting="9" stopped="0" meanWaitingTime="76.82" meanTravelTime="116.38" meanSpeed="6.33" meanSpeedRelative="0.48" duration="1"/>
    <step time="43200.00" loaded="24002" inserted="23800" running="22" waiting="202" ended="23778" arrived="23778" collisions="0" teleports="0" halting="3" stopped="0" meanWaitingTime="78.03" meanTravelTime="116.31" meanSpeed="6.61" meanSpeedRelative="0.48" duration="1"/>
    <step time="43500.00" loaded="24084" inserted="23900" running="44" waiting="184" ended="23856" arrived="23856" collisions="0" teleports="0" halting="10" stopped="0" meanWaitingTime="80.11" meanTravelTime="116.30" meanSpeed="6.24" meanSpeedRelative="0.45" duration="2"/>
    <step time="43800.00" loaded="24185" inserted="23987" running="31" waiting="198" ended="23956" arrived="23956" collisions="0" teleports="0" halting="18" stopped="0" meanWaitingTime="82.19" meanTravelTime="116.29" meanSpeed="3.72" meanSpeedRelative="0.27" duration="2"/>
    <step time="44100.00" loaded="24289" inserted="24083" running="39" waiting="206" ended="24044" arrived="24044" collisions="0" teleports="0" halting="18" stopped="0" meanWaitingTime="84.43" meanTravelTime="116.25" meanSpeed="5.19" meanSpeedRelative="0.37" duration="2"/>
    <step time="44400.00" loaded="24398" inserted="24182" running="61" waiting="216" ended="24121" arrived="24121" collisions="0" teleports="0" halting="46" stopped="0" meanWaitingTime="86.92" meanTravelTime="116.16" meanSpeed="1.46" meanSpeedRelative="0.10" duration="1"/>
    <step time="44700.00" loaded="24501" inserted="24260" running="30" waiting="241" ended="24230" arrived="24230" collisions="0" teleports="0" halting="2" stopped="0" meanWaitingTime="88.90" meanTravelTime="116.54" meanSpeed="7.64" meanSpeedRelative="0.55" duration="2"/>
    <step time="45000.00" loaded="24606" inserted="24334" running="19" waiting="272" ended="24315" arrived="24315" collisions="0" teleports="0" halting="4" stopped="0" meanWaitingTime="90.50" meanTravelTime="116.55" meanSpeed="4.26" meanSpeedRelative="0.31" duration="1"/>
    <step time="45300.00" loaded="24693" inserted="24442" running="49" waiting="251" ended="24393" arrived="24393" collisions="0" teleports="0" halting="14" stopped="0" meanWaitingTime="93.63" meanTravelTime="116.54" meanSpeed="4.26" meanSpeedRelative="0.31" duration="2"/>
    <step time="45600.00" loaded="24776" inserted="24529" running="43" waiting="247" ended="24486" arrived="24486" collisions="0" teleports="0" halting="20" stopped="0" meanWaitingTime="95.64" meanTravelTime="116.58" meanSpeed="3.07" meanSpeedRelative="0.22" duration="1"/>
    <step time="45900.00" loaded="24862" inserted="24585" running="23" waiting="277" ended="24562" arrived="24562" collisions="0" teleports="0" halting="19" stopped="0" meanWaitingTime="97.25" meanTravelTime="116.60" meanSpeed="1.30" meanSpeedRelative="0.09" duration="1"/>
    <step time="46200.00" loaded="24942" inserted="24681" running="74" waiting="261" ended="24607" arrived="24607" collisions="0" teleports="0" halting="66" stopped="0" meanWaitingTime="100.77" meanTravelTime="116.50" meanSpeed="0.56" meanSpeedRelative="0.04" duration="1"/>
    <step time="46500.00" loaded="24990" inserted="24740" running="95" waiting="250" ended="24645" arrived="24645" collisions="0" teleports="0" halting="95" stopped="0" meanWaitingTime="102.45" meanTravelTime="116.42" meanSpeed="0.00" meanSpeedRelative="0.00" duration="3"/>
    <step time="46800.00" loaded="25010" inserted="24760" running="99" waiting="250" ended="24661" arrived="24661" collisions="0" teleports="0" halting="98" stopped="0" meanWaitingTime="102.36" meanTravelTime="116.38" meanSpeed="0.13" meanSpeedRelative="0.01" duration="2"/>
    <step time="47100.00" loaded="25029" inserted="24779" running="98" waiting="250" ended="24681" arrived="24681" collisions="0" teleports="0" halting="94" stopped="0" meanWaitingTime="102.28" meanTravelTime="116.31" meanSpeed="0.25" meanSpeedRelative="0.02" duration="2"/>
    <step time="47400.00" loaded="25045" inserted="24795" running="99" waiting="250" ended="24696" arrived="24696" collisions="0" teleports="0" halting="99" stopped="0" meanWaitingTime="102.22" meanTravelTime="116.27" meanSpeed="0.00" meanSpeedRelative="0.00" duration="2"/>
    <step time="47700.00" loaded="25059" inserted="24807" running="102" waiting="252" ended="24705" arrived="24705" collisions="0" teleports="0" halting="102" stopped="0" meanWaitingTime="102.17" meanTravelTime="116.23" meanSpeed="0.00" meanSpeedRelative="0.00" duration="1"/>
    <step time="48000.00" loaded="25073" inserted="24818" running="102" waiting="255" ended="24716" arrived="24716" collisions="0" teleports="0" halting="100" stopped="0" meanWaitingTime="102.12" meanTravelTime="116.21" meanSpeed="0.24" meanSpeedRelative="0.02" duration="4"/>
    <step time="48300.00" loaded="25087" inserted="24826" running="101" waiting="261" ended="24725" arrived="24725" collisions="0" teleports="0" halting="100" stopped="0" meanWaitingTime="102.09" meanTravelTime="116.17" meanSpeed="0.03" meanSpeedRelative="0.00" duration="3"/>
    <step time="48600.00" loaded="25103" inserted="24837" running="100" waiting="266" ended="24737" arrived="24737" collisions="0" teleports="0" halting="100" stopped="0" meanWaitingTime="102.05" meanTravelTime="116.13" meanSpeed="0.00" meanSpeedRelative="0.00" duration="1"/>
    <step time="48900.00" loaded="25118" inserted="24846" running="101" waiting="272" ended="24745" arrived="24745" collisions="0" teleports="0" halting="100" stopped="0" meanWaitingTime="102.01" meanTravelTime="116.09" meanSpeed="0.03" meanSpeedRelative="0.00" duration="2"/>
    <step time="49200.00" loaded="25127" inserted="24853" running="100" waiting="274" ended="24753" arrived="24753" collisions="0" teleports="0" halting="100" stopped="0" meanWaitingTime="101.98" meanTravelTime="116.06" meanSpeed="0.00" meanSpeedRelative="0.00" duration="1"/>
</summary>
