<?xml version="1.0" encoding="UTF-8"?>

<!-- generated on 2025-02-28 16:44:36 by Eclipse SUMO GUI Version 1.19.0
<configuration xmlns:xsi="http://www.w3.org/2001/XMLSchema-instance" xsi:noNamespaceSchemaLocation="http://sumo.dlr.de/xsd/sumoConfiguration.xsd">

    <input>
        <net-file value="Network.net.xml"/>
        <route-files value="CarRoutes.rou.xml"/>
        <additional-files value="Sensors.add.xml"/>
    </input>

    <output>
        <emission-output value="logs/Emissions.xml"/>
        <summary-output value="logs/Log_summary.xml"/>
        <summary-output.period value="300"/>
        <tripinfo-output value="logs/TripInfos.xml"/>
    </output>

    <time>
        <begin value="0"/>
        <end value="86400"/>
        <step-length value="0.25"/>
    </time>

    <processing>
        <ignore-junction-blocker value="0.1"/>
        <time-to-teleport value="-1"/>
    </processing>

    <report>
        <verbose value="true"/>
        <no-step-log value="true"/>
    </report>

    <emissions>
        <device.emissions.period value="10"/>
    </emissions>

    <traci_server>
        <remote-port value="57403"/>
    </traci_server>

    <gui_only>
        <quit-on-end value="true"/>
        <start value="true"/>
    </gui_only>

</configuration>
-->

<summary xmlns:xsi="http://www.w3.org/2001/XMLSchema-instance" xsi:noNamespaceSchemaLocation="http://sumo.dlr.de/xsd/summary_file.xsd">
    <step time="0.00" loaded="0" inserted="0" running="0" waiting="0" ended="0" arrived="0" collisions="0" teleports="0" halting="0" stopped="0" meanWaitingTime="-1.00" meanTravelTime="-1.00" meanSpeed="-1.00" meanSpeedRelative="-1.00" duration="0"/>
    <step time="300.00" loaded="214" inserted="200" running="96" waiting="14" ended="104" arrived="104" collisions="0" teleports="0" halting="43" stopped="0" meanWaitingTime="13.82" meanTravelTime="80.18" meanSpeed="3.75" meanSpeedRelative="0.27" duration="4"/>
    <step time="600.00" loaded="377" inserted="367" running="78" waiting="10" ended="289" arrived="289" collisions="0" teleports="0" halting="24" stopped="0" meanWaitingTime="13.34" meanTravelTime="113.01" meanSpeed="5.42" meanSpeedRelative="0.39" duration="3"/>
    <step time="900.00" loaded="532" inserted="522" running="58" waiting="10" ended="464" arrived="464" collisions="0" teleports="0" halting="27" stopped="0" meanWaitingTime="12.38" meanTravelTime="120.90" meanSpeed="4.22" meanSpeedRelative="0.30" duration="1"/>
    <step time="1200.00" loaded="703" inserted="688" running="56" waiting="15" ended="632" arrived="632" collisions="0" teleports="0" halting="7" stopped="0" meanWaitingTime="15.71" meanTravelTime="118.73" meanSpeed="7.55" meanSpeedRelative="0.54" duration="2"/>
    <step time="1500.00" loaded="867" inserted="847" running="53" waiting="20" ended="794" arrived="794" collisions="0" teleports="0" halting="12" stopped="0" meanWaitingTime="16.86" meanTravelTime="115.28" meanSpeed="5.15" meanSpeedRelative="0.37" duration="2"/>
    <step time="1800.00" loaded="1032" inserted="1014" running="56" waiting="18" ended="958" arrived="958" collisions="0" teleports="0" halting="21" stopped="0" meanWaitingTime="19.73" meanTravelTime="114.65" meanSpeed="4.26" meanSpeedRelative="0.31" duration="3"/>
    <step time="2100.00" loaded="1190" inserted="1175" running="58" waiting="15" ended="1117" arrived="1117" collisions="0" teleports="0" halting="35" stopped="0" meanWaitingTime="18.53" meanTravelTime="112.53" meanSpeed="3.70" meanSpeedRelative="0.27" duration="2"/>
    <step time="2400.00" loaded="1334" inserted="1318" running="41" waiting="16" ended="1277" arrived="1277" collisions="0" teleports="0" halting="11" stopped="0" meanWaitingTime="18.53" meanTravelTime="112.33" meanSpeed="6.34" meanSpeedRelative="0.46" duration="0"/>
    <step time="2700.00" loaded="1477" inserted="1474" running="54" waiting="3" ended="1420" arrived="1420" collisions="0" teleports="0" halting="16" stopped="0" meanWaitingTime="18.75" meanTravelTime="110.15" meanSpeed="3.55" meanSpeedRelative="0.26" duration="1"/>
    <step time="3000.00" loaded="1635" inserted="1628" running="50" waiting="7" ended="1578" arrived="1578" collisions="0" teleports="0" halting="21" stopped="0" meanWaitingTime="17.62" meanTravelTime="110.90" meanSpeed="4.64" meanSpeedRelative="0.33" duration="2"/>
    <step time="3300.00" loaded="1809" inserted="1788" running="62" waiting="21" ended="1726" arrived="1726" collisions="0" teleports="0" halting="18" stopped="0" meanWaitingTime="18.26" meanTravelTime="110.84" meanSpeed="5.04" meanSpeedRelative="0.36" duration="3"/>
    <step time="3600.00" loaded="1944" inserted="1929" running="40" waiting="15" ended="1889" arrived="1889" collisions="0" teleports="0" halting="11" stopped="0" meanWaitingTime="19.78" meanTravelTime="109.96" meanSpeed="5.43" meanSpeedRelative="0.39" duration="1"/>
    <step time="3900.00" loaded="2109" inserted="2109" running="82" waiting="0" ended="2027" arrived="2027" collisions="0" teleports="0" halting="36" stopped="0" meanWaitingTime="19.06" meanTravelTime="108.78" meanSpeed="3.03" meanSpeedRelative="0.22" duration="2"/>
    <step time="4200.00" loaded="2240" inserted="2235" running="37" waiting="5" ended="2198" arrived="2198" collisions="0" teleports="0" halting="9" stopped="0" meanWaitingTime="19.12" meanTravelTime="111.50" meanSpeed="6.43" meanSpeedRelative="0.46" duration="1"/>
    <step time="4500.00" loaded="2416" inserted="2415" running="64" waiting="1" ended="2351" arrived="2351" collisions="0" teleports="0" halting="26" stopped="0" meanWaitingTime="18.29" meanTravelTime="109.80" meanSpeed="4.35" meanSpeedRelative="0.31" duration="3"/>
    <step time="4800.00" loaded="2574" inserted="2568" running="54" waiting="6" ended="2514" arrived="2514" collisions="0" teleports="0" halting="16" stopped="0" meanWaitingTime="17.46" meanTravelTime="109.12" meanSpeed="4.14" meanSpeedRelative="0.30" duration="2"/>
    <step time="5100.00" loaded="2739" inserted="2729" running="58" waiting="10" ended="2671" arrived="2671" collisions="0" teleports="0" halting="7" stopped="0" meanWaitingTime="18.09" meanTravelTime="109.42" meanSpeed="6.72" meanSpeedRelative="0.48" duration="3"/>
    <step time="5400.00" loaded="2890" inserted="2888" running="55" waiting="2" ended="2833" arrived="2833" collisions="0" teleports="0" halting="14" stopped="0" meanWaitingTime="17.92" meanTravelTime="108.77" meanSpeed="5.87" meanSpeedRelative="0.42" duration="1"/>
    <step time="5700.00" loaded="3077" inserted="3062" running="72" waiting="15" ended="2990" arrived="2990" collisions="0" teleports="0" halting="38" stopped="0" meanWaitingTime="17.28" meanTravelTime="108.44" meanSpeed="4.06" meanSpeedRelative="0.29" duration="2"/>
    <step time="6000.00" loaded="3203" inserted="3200" running="32" waiting="3" ended="3168" arrived="3168" collisions="0" teleports="0" halting="17" stopped="0" meanWaitingTime="17.25" meanTravelTime="109.04" meanSpeed="4.24" meanSpeedRelative="0.31" duration="1"/>
    <step time="6300.00" loaded="3365" inserted="3348" running="74" waiting="17" ended="3274" arrived="3274" collisions="0" teleports="0" halting="25" stopped="0" meanWaitingTime="17.26" meanTravelTime="109.30" meanSpeed="5.04" meanSpeedRelative="0.36" duration="2"/>
    <step time="6600.00" loaded="3524" inserted="3516" running="53" waiting="8" ended="3463" arrived="3463" collisions="0" teleports="0" halting="23" stopped="0" meanWaitingTime="17.40" meanTravelTime="109.32" meanSpeed="3.43" meanSpeedRelative="0.25" duration="1"/>
    <step time="6900.00" loaded="3710" inserted="3693" running="69" waiting="17" ended="3624" arrived="3624" collisions="0" teleports="0" halting="28" stopped="0" meanWaitingTime="17.29" meanTravelTime="109.14" meanSpeed="3.61" meanSpeedRelative="0.26" duration="1"/>
    <step time="7200.00" loaded="3866" inserted="3842" running="63" waiting="24" ended="3779" arrived="3779" collisions="0" teleports="0" halting="17" stopped="0" meanWaitingTime="17.85" meanTravelTime="109.52" meanSpeed="5.34" meanSpeedRelative="0.38" duration="3"/>
    <step time="7500.00" loaded="4015" inserted="4003" running="43" waiting="12" ended="3960" arrived="3960" collisions="0" teleports="0" halting="15" stopped="0" meanWaitingTime="18.56" meanTravelTime="109.63" meanSpeed="5.65" meanSpeedRelative="0.41" duration="2"/>
    <step time="7800.00" loaded="4169" inserted="4146" running="49" waiting="23" ended="4097" arrived="4097" collisions="0" teleports="0" halting="11" stopped="0" meanWaitingTime="18.99" meanTravelTime="109.13" meanSpeed="5.33" meanSpeedRelative="0.38" duration="2"/>
    <step time="8100.00" loaded="4341" inserted="4328" running="54" waiting="13" ended="4274" arrived="4274" collisions="0" teleports="0" halting="21" stopped="0" meanWaitingTime="20.02" meanTravelTime="108.33" meanSpeed="4.50" meanSpeedRelative="0.32" duration="2"/>
    <step time="8400.00" loaded="4523" inserted="4519" running="61" waiting="4" ended="4458" arrived="4458" collisions="0" teleports="0" halting="17" stopped="0" meanWaitingTime="19.87" meanTravelTime="107.55" meanSpeed="5.02" meanSpeedRelative="0.36" duration="3"/>
    <step time="8700.00" loaded="4693" inserted="4688" running="80" waiting="5" ended="4608" arrived="4608" collisions="0" teleports="0" halting="32" stopped="0" meanWaitingTime="19.59" meanTravelTime="107.22" meanSpeed="5.08" meanSpeedRelative="0.37" duration="2"/>
    <step time="9000.00" loaded="4879" inserted="4862" running="58" waiting="17" ended="4804" arrived="4804" collisions="0" teleports="0" halting="20" stopped="0" meanWaitingTime="19.37" meanTravelTime="107.76" meanSpeed="3.94" meanSpeedRelative="0.28" duration="1"/>
    <step time="9300.00" loaded="5062" inserted="5043" running="57" waiting="19" ended="4986" arrived="4986" collisions="0" teleports="0" halting="22" stopped="0" meanWaitingTime="19.34" meanTravelTime="107.84" meanSpeed="4.25" meanSpeedRelative="0.31" duration="1"/>
    <step time="9600.00" loaded="5231" inserted="5220" running="58" waiting="11" ended="5162" arrived="5162" collisions="0" teleports="0" halting="20" stopped="0" meanWaitingTime="19.74" meanTravelTime="107.68" meanSpeed="6.26" meanSpeedRelative="0.46" duration="2"/>
    <step time="9900.00" loaded="5376" inserted="5360" running="32" waiting="16" ended="5328" arrived="5328" collisions="0" teleports="0" halting="11" stopped="0" meanWaitingTime="19.56" meanTravelTime="107.31" meanSpeed="5.64" meanSpeedRelative="0.41" duration="1"/>
    <step time="10200.00" loaded="5545" inserted="5536" running="73" waiting="9" ended="5463" arrived="5463" collisions="0" teleports="0" halting="22" stopped="0" meanWaitingTime="19.75" meanTravelTime="107.03" meanSpeed="5.07" meanSpeedRelative="0.37" duration="2"/>
    <step time="10500.00" loaded="5723" inserted="5712" running="63" waiting="11" ended="5649" arrived="5649" collisions="0" teleports="0" halting="11" stopped="0" meanWaitingTime="19.57" meanTravelTime="107.51" meanSpeed="6.59" meanSpeedRelative="0.47" duration="2"/>
    <step time="10800.00" loaded="5894" inserted="5887" running="57" waiting="7" ended="5830" arrived="5830" collisions="0" teleports="0" halting="10" stopped="0" meanWaitingTime="19.55" meanTravelTime="107.50" meanSpeed="6.74" meanSpeedRelative="0.49" duration="2"/>
    <step time="11100.00" loaded="6069" inserted="6051" running="52" waiting="18" ended="5999" arrived="5999" collisions="0" teleports="0" halting="23" stopped="0" meanWaitingTime="19.50" meanTravelTime="107.24" meanSpeed="4.75" meanSpeedRelative="0.34" duration="2"/>
    <step time="11400.00" loaded="6243" inserted="6209" running="61" waiting="34" ended="6148" arrived="6148" collisions="0" teleports="0" halting="19" stopped="0" meanWaitingTime="20.11" meanTravelTime="107.00" meanSpeed="5.33" meanSpeedRelative="0.38" duration="3"/>
    <step time="11700.00" loaded="6387" inserted="6366" running="56" waiting="21" ended="6310" arrived="6310" collisions="0" teleports="0" halting="11" stopped="0" meanWaitingTime="21.15" meanTravelTime="106.94" meanSpeed="5.05" meanSpeedRelative="0.36" duration="1"/>
    <step time="12000.00" loaded="6564" inserted="6556" running="78" waiting="8" ended="6478" arrived="6478" collisions="0" teleports="0" halting="26" stopped="0" meanWaitingTime="21.18" meanTravelTime="107.37" meanSpeed="3.66" meanSpeedRelative="0.26" duration="2"/>
    <step time="12300.00" loaded="6733" inserted="6731" running="70" waiting="2" ended="6661" arrived="6661" collisions="0" teleports="0" halting="24" stopped="0" meanWaitingTime="20.94" meanTravelTime="108.39" meanSpeed="4.75" meanSpeedRelative="0.34" duration="2"/>
    <step time="12600.00" loaded="6903" inserted="6883" running="62" waiting="20" ended="6821" arrived="6821" collisions="0" teleports="0" halting="18" stopped="0" meanWaitingTime="20.72" meanTravelTime="108.81" meanSpeed="5.04" meanSpeedRelative="0.36" duration="2"/>
    <step time="12900.00" loaded="7068" inserted="7054" running="54" waiting="14" ended="7000" arrived="7000" collisions="0" teleports="0" halting="24" stopped="0" meanWaitingTime="20.90" meanTravelTime="108.87" meanSpeed="4.74" meanSpeedRelative="0.34" duration="2"/>
    <step time="13200.00" loaded="7243" inserted="7223" running="86" waiting="20" ended="7137" arrived="7137" collisions="0" teleports="0" halting="21" stopped="0" meanWaitingTime="20.96" meanTravelTime="108.77" meanSpeed="4.89" meanSpeedRelative="0.36" duration="2"/>
    <step time="13500.00" loaded="7421" inserted="7412" running="73" waiting="9" ended="7339" arrived="7339" collisions="0" teleports="0" halting="20" stopped="0" meanWaitingTime="20.85" meanTravelTime="109.28" meanSpeed="4.17" meanSpeedRelative="0.30" duration="3"/>
    <step time="13800.00" loaded="7612" inserted="7595" running="78" waiting="17" ended="7517" arrived="7517" collisions="0" teleports="0" halting="21" stopped="0" meanWaitingTime="20.90" meanTravelTime="109.49" meanSpeed="5.53" meanSpeedRelative="0.40" duration="3"/>
    <step time="14100.00" loaded="7771" inserted="7767" running="61" waiting="4" ended="7706" arrived="7706" collisions="0" teleports="0" halting="21" stopped="0" meanWaitingTime="20.95" meanTravelTime="109.66" meanSpeed="4.85" meanSpeedRelative="0.35" duration="1"/>
    <step time="14400.00" loaded="7907" inserted="7896" running="50" waiting="11" ended="7846" arrived="7846" collisions="0" teleports="0" halting="17" stopped="0" meanWaitingTime="21.09" meanTravelTime="109.71" meanSpeed="6.28" meanSpeedRelative="0.45" duration="1"/>
    <step time="14700.00" loaded="8101" inserted="8084" running="58" waiting="17" ended="8026" arrived="8026" collisions="0" teleports="0" halting="16" stopped="0" meanWaitingTime="21.02" meanTravelTime="109.38" meanSpeed="6.06" meanSpeedRelative="0.44" duration="2"/>
    <step time="15000.00" loaded="8257" inserted="8252" running="98" waiting="5" ended="8154" arrived="8154" collisions="0" teleports="0" halting="20" stopped="0" meanWaitingTime="20.87" meanTravelTime="109.57" meanSpeed="5.39" meanSpeedRelative="0.39" duration="3"/>
    <step time="15300.00" loaded="8417" inserted="8381" running="57" waiting="36" ended="8324" arrived="8324" collisions="0" teleports="0" halting="24" stopped="0" meanWaitingTime="21.00" meanTravelTime="110.20" meanSpeed="4.62" meanSpeedRelative="0.33" duration="3"/>
    <step time="15600.00" loaded="8582" inserted="8572" running="61" waiting="10" ended="8511" arrived="8511" collisions="0" teleports="0" halting="17" stopped="0" meanWaitingTime="21.79" meanTravelTime="109.75" meanSpeed="5.16" meanSpeedRelative="0.38" duration="1"/>
    <step time="15900.00" loaded="8773" inserted="8759" running="90" waiting="14" ended="8669" arrived="8669" collisions="0" teleports="0" halting="31" stopped="0" meanWaitingTime="22.00" meanTravelTime="109.67" meanSpeed="3.77" meanSpeedRelative="0.27" duration="2"/>
    <step time="16200.00" loaded="8961" inserted="8928" running="87" waiting="33" ended="8841" arrived="8841" collisions="0" teleports="0" halting="42" stopped="0" meanWaitingTime="22.34" meanTravelTime="110.21" meanSpeed="4.38" meanSpeedRelative="0.32" duration="2"/>
    <step time="16500.00" loaded="9128" inserted="9113" running="65" waiting="15" ended="9048" arrived="9048" collisions="0" teleports="0" halting="21" stopped="0" meanWaitingTime="22.89" meanTravelTime="110.68" meanSpeed="5.33" meanSpeedRelative="0.38" duration="1"/>
    <step time="16800.00" loaded="9315" inserted="9278" running="68" waiting="37" ended="9210" arrived="9210" collisions="0" teleports="0" halting="11" stopped="0" meanWaitingTime="23.14" meanTravelTime="110.80" meanSpeed="5.54" meanSpeedRelative="0.40" duration="2"/>
    <step time="17100.00" loaded="9485" inserted="9455" running="65" waiting="30" ended="9390" arrived="9390" collisions="0" teleports="0" halting="12" stopped="0" meanWaitingTime="23.85" meanTravelTime="110.96" meanSpeed="4.89" meanSpeedRelative="0.35" duration="2"/>
    <step time="17400.00" loaded="9666" inserted="9641" running="81" waiting="25" ended="9560" arrived="9560" collisions="0" teleports="0" halting="30" stopped="0" meanWaitingTime="24.51" meanTravelTime="111.29" meanSpeed="3.94" meanSpeedRelative="0.28" duration="2"/>
    <step time="17700.00" loaded="9843" inserted="9814" running="76" waiting="29" ended="9738" arrived="9738" collisions="0" teleports="0" halting="22" stopped="0" meanWaitingTime="24.82" meanTravelTime="111.46" meanSpeed="4.00" meanSpeedRelative="0.29" duration="1"/>
    <step time="18000.00" loaded="10007" inserted="9985" running="75" waiting="22" ended="9910" arrived="9910" collisions="0" teleports="0" halting="32" stopped="0" meanWaitingTime="25.38" meanTravelTime="111.96" meanSpeed="4.27" meanSpeedRelative="0.31" duration="2"/>
    <step time="18300.00" loaded="10192" inserted="10159" running="49" waiting="33" ended="10110" arrived="10110" collisions="0" teleports="0" halting="21" stopped="0" meanWaitingTime="25.59" meanTravelTime="112.15" meanSpeed="5.37" meanSpeedRelative="0.39" duration="2"/>
    <step time="18600.00" loaded="10350" inserted="10318" running="55" waiting="32" ended="10263" arrived="10263" collisions="0" teleports="0" halting="20" stopped="0" meanWaitingTime="26.14" meanTravelTime="111.95" meanSpeed="4.92" meanSpeedRelative="0.35" duration="2"/>
    <step time="18900.00" loaded="10537" inserted="10502" running="65" waiting="35" ended="10437" arrived="10437" collisions="0" teleports="0" halting="11" stopped="0" meanWaitingTime="26.52" meanTravelTime="111.78" meanSpeed="6.82" meanSpeedRelative="0.49" duration="2"/>
    <step time="19200.00" loaded="10714" inserted="10687" running="57" waiting="27" ended="10630" arrived="10630" collisions="0" teleports="0" halting="24" stopped="0" meanWaitingTime="26.84" meanTravelTime="111.50" meanSpeed="4.13" meanSpeedRelative="0.30" duration="2"/>
    <step time="19500.00" loaded="10923" inserted="10899" running="88" waiting="24" ended="10811" arrived="10811" collisions="0" teleports="0" halting="27" stopped="0" meanWaitingTime="27.13" meanTravelTime="111.33" meanSpeed="3.83" meanSpeedRelative="0.28" duration="3"/>
    <step time="19800.00" loaded="11101" inserted="11069" running="62" waiting="32" ended="11007" arrived="11007" collisions="0" teleports="0" halting="15" stopped="0" meanWaitingTime="27.42" meanTravelTime="111.27" meanSpeed="6.09" meanSpeedRelative="0.44" duration="2"/>
    <step time="20100.00" loaded="11296" inserted="11269" running="84" waiting="27" ended="11185" arrived="11185" collisions="0" teleports="0" halting="18" stopped="0" meanWaitingTime="27.87" meanTravelTime="111.23" meanSpeed="5.25" meanSpeedRelative="0.38" duration="2"/>
    <step time="20400.00" loaded="11462" inserted="11431" running="74" waiting="31" ended="11357" arrived="11357" collisions="0" teleports="0" halting="24" stopped="0" meanWaitingTime="28.33" meanTravelTime="111.33" meanSpeed="4.66" meanSpeedRelative="0.34" duration="1"/>
    <step time="20700.00" loaded="11632" inserted="11608" running="63" waiting="24" ended="11545" arrived="11545" collisions="0" teleports="0" halting="20" stopped="0" meanWaitingTime="28.72" meanTravelTime="111.37" meanSpeed="4.41" meanSpeedRelative="0.32" duration="2"/>
    <step time="21000.00" loaded="11815" inserted="11805" running="65" waiting="10" ended="11740" arrived="11740" collisions="0" teleports="0" halting="28" stopped="0" meanWaitingTime="28.95" meanTravelTime="111.19" meanSpeed="4.06" meanSpeedRelative="0.29" duration="3"/>
    <step time="21300.00" loaded="11978" inserted="11978" running="71" waiting="0" ended="11907" arrived="11907" collisions="0" teleports="0" halting="17" stopped="0" meanWaitingTime="28.69" meanTravelTime="111.17" meanSpeed="5.55" meanSpeedRelative="0.41" duration="3"/>
    <step time="21600.00" loaded="12200" inserted="12191" running="101" waiting="9" ended="12090" arrived="12090" collisions="0" teleports="0" halting="10" stopped="0" meanWaitingTime="28.39" meanTravelTime="111.19" meanSpeed="6.45" meanSpeedRelative="0.46" duration="3"/>
    <step time="21900.00" loaded="12384" inserted="12376" running="77" waiting="8" ended="12299" arrived="12299" collisions="0" teleports="0" halting="25" stopped="0" meanWaitingTime="28.08" meanTravelTime="111.42" meanSpeed="4.91" meanSpeedRelative="0.35" duration="2"/>
    <step time="22200.00" loaded="12577" inserted="12566" running="74" waiting="11" ended="12492" arrived="12492" collisions="0" teleports="0" halting="21" stopped="0" meanWaitingTime="27.83" meanTravelTime="111.37" meanSpeed="5.19" meanSpeedRelative="0.37" duration="2"/>
    <step time="22500.00" loaded="12754" inserted="12718" running="44" waiting="36" ended="12674" arrived="12674" collisions="0" teleports="0" halting="12" stopped="0" meanWaitingTime="27.73" meanTravelTime="111.62" meanSpeed="4.52" meanSpeedRelative="0.33" duration="1"/>
    <step time="22800.00" loaded="12948" inserted="12946" running="79" waiting="2" ended="12867" arrived="12867" collisions="0" teleports="0" halting="37" stopped="0" meanWaitingTime="27.74" meanTravelTime="111.40" meanSpeed="3.98" meanSpeedRelative="0.29" duration="3"/>
    <step time="23100.00" loaded="13132" inserted="13118" running="92" waiting="14" ended="13026" arrived="13026" collisions="0" teleports="0" halting="47" stopped="0" meanWaitingTime="27.55" meanTravelTime="111.58" meanSpeed="3.33" meanSpeedRelative="0.24" duration="2"/>
    <step time="23400.00" loaded="13319" inserted="13310" running="59" waiting="9" ended="13251" arrived="13251" collisions="0" teleports="0" halting="23" stopped="0" meanWaitingTime="27.47" meanTravelTime="111.68" meanSpeed="4.00" meanSpeedRelative="0.29" duration="1"/>
    <step time="23700.00" loaded="13548" inserted="13527" running="79" waiting="21" ended="13448" arrived="13448" collisions="0" teleports="0" halting="32" stopped="0" meanWaitingTime="27.24" meanTravelTime="111.31" meanSpeed="3.82" meanSpeedRelative="0.27" duration="2"/>
    <step time="24000.00" loaded="13724" inserted="13704" running="52" waiting="20" ended="13652" arrived="13652" collisions="0" teleports="0" halting="13" stopped="0" meanWaitingTime="27.23" meanTravelTime="111.34" meanSpeed="5.34" meanSpeedRelative="0.38" duration="1"/>
    <step time="24300.00" loaded="13932" inserted="13909" running="97" waiting="23" ended="13812" arrived="13812" collisions="0" teleports="0" halting="42" stopped="0" meanWaitingTime="27.34" meanTravelTime="111.21" meanSpeed="2.81" meanSpeedRelative="0.20" duration="2"/>
    <step time="24600.00" loaded="14157" inserted="14121" running="93" waiting="36" ended="14028" arrived="14028" collisions="0" teleports="0" halting="57" stopped="0" meanWaitingTime="27.53" meanTravelTime="111.50" meanSpeed="2.96" meanSpeedRelative="0.21" duration="2"/>
    <step time="24900.00" loaded="14372" inserted="14337" running="77" waiting="35" ended="14260" arrived="14260" collisions="0" teleports="0" halting="32" stopped="0" meanWaitingTime="27.96" meanTravelTime="111.84" meanSpeed="4.67" meanSpeedRelative="0.34" duration="2"/>
    <step time="25200.00" loaded="14564" inserted="14521" running="70" waiting="43" ended="14451" arrived="14451" collisions="0" teleports="0" halting="27" stopped="0" meanWaitingTime="28.18" meanTravelTime="111.76" meanSpeed="5.12" meanSpeedRelative="0.37" duration="2"/>
    <step time="25500.00" loaded="14737" inserted="14713" running="63" waiting="24" ended="14650" arrived="14650" collisions="0" teleports="0" halting="26" stopped="0" meanWaitingTime="28.52" meanTravelTime="111.88" meanSpeed="4.85" meanSpeedRelative="0.35" duration="2"/>
    <step time="25800.00" loaded="14968" inserted="14932" running="85" waiting="36" ended="14847" arrived="14847" collisions="0" teleports="0" halting="28" stopped="0" meanWaitingTime="28.72" meanTravelTime="111.64" meanSpeed="4.11" meanSpeedRelative="0.30" duration="2"/>
    <step time="26100.00" loaded="15179" inserted="15146" running="78" waiting="33" ended="15068" arrived="15068" collisions="0" teleports="0" halting="24" stopped="0" meanWaitingTime="29.05" meanTravelTime="111.70" meanSpeed="4.69" meanSpeedRelative="0.34" duration="2"/>
    <step time="26400.00" loaded="15374" inserted="15333" running="73" waiting="41" ended="15260" arrived="15260" collisions="0" teleports="0" halting="36" stopped="0" meanWaitingTime="29.32" meanTravelTime="111.71" meanSpeed="3.17" meanSpeedRelative="0.23" duration="3"/>
    <step time="26700.00" loaded="15588" inserted="15565" running="127" waiting="23" ended="15438" arrived="15438" collisions="0" teleports="0" halting="30" stopped="0" meanWaitingTime="29.80" meanTravelTime="111.50" meanSpeed="4.33" meanSpeedRelative="0.31" duration="3"/>
    <step time="27000.00" loaded="15804" inserted="15769" running="114" waiting="35" ended="15655" arrived="15655" collisions="0" teleports="0" halting="29" stopped="0" meanWaitingTime="30.08" meanTravelTime="112.13" meanSpeed="4.62" meanSpeedRelative="0.33" duration="2"/>
    <step time="27300.00" loaded="16027" inserted="15991" running="101" waiting="36" ended="15890" arrived="15890" collisions="0" teleports="0" halting="38" stopped="0" meanWaitingTime="30.31" meanTravelTime="112.24" meanSpeed="3.78" meanSpeedRelative="0.27" duration="2"/>
    <step time="27600.00" loaded="16222" inserted="16182" running="80" waiting="40" ended="16102" arrived="16102" collisions="0" teleports="0" halting="51" stopped="0" meanWaitingTime="30.52" meanTravelTime="112.34" meanSpeed="2.33" meanSpeedRelative="0.17" duration="3"/>
    <step time="27900.00" loaded="16431" inserted="16397" running="67" waiting="34" ended="16330" arrived="16330" collisions="0" teleports="0" halting="14" stopped="0" meanWaitingTime="30.82" meanTravelTime="112.35" meanSpeed="6.30" meanSpeedRelative="0.45" duration="1"/>
    <step time="28200.00" loaded="16656" inserted="16633" running="65" waiting="23" ended="16568" arrived="16568" collisions="0" teleports="0" halting="14" stopped="0" meanWaitingTime="31.09" meanTravelTime="112.19" meanSpeed="5.46" meanSpeedRelative="0.40" duration="1"/>
    <step time="28500.00" loaded="16857" inserted="16827" running="71" waiting="30" ended="16756" arrived="16756" collisions="0" teleports="0" halting="20" stopped="0" meanWaitingTime="31.19" meanTravelTime="112.05" meanSpeed="5.92" meanSpeedRelative="0.44" duration="1"/>
    <step time="28800.00" loaded="17076" inserted="17044" running="84" waiting="32" ended="16960" arrived="16960" collisions="0" teleports="0" halting="26" stopped="0" meanWaitingTime="31.23" meanTravelTime="112.05" meanSpeed="4.66" meanSpeedRelative="0.35" duration="1"/>
    <step time="29100.00" loaded="17300" inserted="17261" running="101" waiting="39" ended="17160" arrived="17160" collisions="0" teleports="0" halting="43" stopped="0" meanWaitingTime="31.28" meanTravelTime="112.39" meanSpeed="2.98" meanSpeedRelative="0.21" duration="2"/>
    <step time="29400.00" loaded="17500" inserted="17451" running="95" waiting="49" ended="17356" arrived="17356" collisions="0" teleports="0" halting="32" stopped="0" meanWaitingTime="31.57" meanTravelTime="112.61" meanSpeed="3.99" meanSpeedRelative="0.29" duration="4"/>
    <step time="29700.00" loaded="17680" inserted="17647" running="72" waiting="33" ended="17575" arrived="17575" collisions="0" teleports="0" halting="14" stopped="0" meanWaitingTime="31.79" meanTravelTime="113.01" meanSpeed="5.40" meanSpeedRelative="0.40" duration="3"/>
    <step time="30000.00" loaded="17857" inserted="17825" running="56" waiting="32" ended="17769" arrived="17769" collisions="0" teleports="0" halting="19" stopped="0" meanWaitingTime="31.97" meanTravelTime="113.21" meanSpeed="4.86" meanSpeedRelative="0.35" duration="2"/>
    <step time="30300.00" loaded="18057" inserted="18017" running="79" waiting="40" ended="17938" arrived="17938" collisions="0" teleports="0" halting="28" stopped="0" meanWaitingTime="32.31" meanTravelTime="113.16" meanSpeed="4.21" meanSpeedRelative="0.30" duration="2"/>
    <step time="30600.00" loaded="18272" inserted="18229" running="101" waiting="43" ended="18128" arrived="18128" collisions="0" teleports="0" halting="53" stopped="0" meanWaitingTime="32.62" meanTravelTime="113.22" meanSpeed="4.03" meanSpeedRelative="0.29" duration="4"/>
    <step time="30900.00" loaded="18491" inserted="18453" running="105" waiting="38" ended="18348" arrived="18348" collisions="0" teleports="0" halting="35" stopped="0" meanWaitingTime="32.92" meanTravelTime="113.37" meanSpeed="3.38" meanSpeedRelative="0.26" duration="3"/>
    <step time="31200.00" loaded="18662" inserted="18616" running="100" waiting="46" ended="18516" arrived="18516" collisions="0" teleports="0" halting="22" stopped="0" meanWaitingTime="33.02" meanTravelTime="113.60" meanSpeed="4.18" meanSpeedRelative="0.30" duration="2"/>
    <step time="31500.00" loaded="18841" inserted="18797" running="86" waiting="44" ended="18711" arrived="18711" collisions="0" teleports="0" halting="36" stopped="0" meanWaitingTime="33.32" meanTravelTime="114.35" meanSpeed="3.51" meanSpeedRelative="0.25" duration="2"/>
    <step time="31800.00" loaded="18999" inserted="18963" running="93" waiting="36" ended="18870" arrived="18870" collisions="0" teleports="0" halting="30" stopped="0" meanWaitingTime="33.70" meanTravelTime="114.78" meanSpeed="3.99" meanSpeedRelative="0.29" duration="2"/>
    <step time="32100.00" loaded="19181" inserted="19141" running="80" waiting="40" ended="19061" arrived="19061" collisions="0" teleports="0" halting="24" stopped="0" meanWaitingTime="34.11" meanTravelTime="115.00" meanSpeed="4.77" meanSpeedRelative="0.34" duration="2"/>
    <step time="32400.00" loaded="19348" inserted="19301" running="61" waiting="47" ended="19240" arrived="19240" collisions="0" teleports="0" halting="19" stopped="0" meanWaitingTime="34.34" meanTravelTime="115.05" meanSpeed="4.74" meanSpeedRelative="0.34" duration="2"/>
    <step time="32700.00" loaded="19526" inserted="19485" running="86" waiting="41" ended="19399" arrived="19399" collisions="0" teleports="0" halting="14" stopped="0" meanWaitingTime="34.62" meanTravelTime="115.11" meanSpeed="5.21" meanSpeedRelative="0.37" duration="2"/>
    <step time="33000.00" loaded="19694" inserted="19664" running="81" waiting="30" ended="19583" arrived="19583" collisions="0" teleports="0" halting="20" stopped="0" meanWaitingTime="34.92" meanTravelTime="115.48" meanSpeed="4.11" meanSpeedRelative="0.30" duration="2"/>
    <step time="33300.00" loaded="19826" inserted="19812" running="90" waiting="14" ended="19722" arrived="19722" collisions="0" teleports="0" halting="24" stopped="0" meanWaitingTime="35.10" meanTravelTime="115.83" meanSpeed="4.27" meanSpeedRelative="0.31" duration="2"/>
    <step time="33600.00" loaded="20018" inserted="20000" running="62" waiting="18" ended="19938" arrived="19938" collisions="0" teleports="0" halting="23" stopped="0" meanWaitingTime="35.05" meanTravelTime="115.92" meanSpeed="5.33" meanSpeedRelative="0.38" duration="1"/>
    <step time="33900.00" loaded="20176" inserted="20155" running="77" waiting="21" ended="20078" arrived="20078" collisions="0" teleports="0" halting="27" stopped="0" meanWaitingTime="34.99" meanTravelTime="115.75" meanSpeed="3.53" meanSpeedRelative="0.25" duration="2"/>
    <step time="34200.00" loaded="20332" inserted="20311" running="70" waiting="21" ended="20241" arrived="20241" collisions="0" teleports="0" halting="16" stopped="0" meanWaitingTime="34.98" meanTravelTime="115.84" meanSpeed="4.57" meanSpeedRelative="0.33" duration="1"/>
    <step time="34500.00" loaded="20498" inserted="20472" running="83" waiting="26" ended="20389" arrived="20389" collisions="0" teleports="0" halting="11" stopped="0" meanWaitingTime="35.08" meanTravelTime="115.90" meanSpeed="4.59" meanSpeedRelative="0.33" duration="2"/>
    <step time="34800.00" loaded="20652" inserted="20622" running="50" waiting="30" ended="20572" arrived="20572" collisions="0" teleports="0" halting="13" stopped="0" meanWaitingTime="35.27" meanTravelTime="116.12" meanSpeed="4.32" meanSpeedRelative="0.31" duration="1"/>
    <step time="35100.00" loaded="20789" inserted="20768" running="63" waiting="21" ended="20705" arrived="20705" collisions="0" teleports="0" halting="16" stopped="0" meanWaitingTime="35.43" meanTravelTime="116.16" meanSpeed="6.08" meanSpeedRelative="0.44" duration="2"/>
    <step time="35400.00" loaded="20926" inserted="20903" running="57" waiting="23" ended="20846" arrived="20846" collisions="0" teleports="0" halting="4" stopped="0" meanWaitingTime="35.45" meanTravelTime="116.07" meanSpeed="6.11" meanSpeedRelative="0.44" duration="2"/>
    <step time="35700.00" loaded="21068" inserted="21045" running="60" waiting="23" ended="20985" arrived="20985" collisions="0" teleports="0" halting="11" stopped="0" meanWaitingTime="35.53" meanTravelTime="116.20" meanSpeed="4.87" meanSpeedRelative="0.35" duration="1"/>
    <step time="36000.00" loaded="21224" inserted="21208" running="48" waiting="16" ended="21160" arrived="21160" collisions="0" teleports="0" halting="7" stopped="0" meanWaitingTime="35.69" meanTravelTime="116.20" meanSpeed="5.69" meanSpeedRelative="0.41" duration="1"/>
    <step time="36300.00" loaded="21397" inserted="21362" running="56" waiting="35" ended="21306" arrived="21306" collisions="0" teleports="0" halting="19" stopped="0" meanWaitingTime="35.81" meanTravelTime="115.99" meanSpeed="4.43" meanSpeedRelative="0.32" duration="1"/>
    <step time="36600.00" loaded="21546" inserted="21509" running="69" waiting="37" ended="21440" arrived="21440" collisions="0" teleports="0" halting="24" stopped="0" meanWaitingTime="35.98" meanTravelTime="116.01" meanSpeed="3.45" meanSpeedRelative="0.25" duration="2"/>
    <step time="36900.00" loaded="21684" inserted="21647" running="58" waiting="37" ended="21589" arrived="21589" collisions="0" teleports="0" halting="20" stopped="0" meanWaitingTime="36.19" meanTravelTime="116.34" meanSpeed="4.42" meanSpeedRelative="0.32" duration="2"/>
    <step time="37200.00" loaded="21805" inserted="21782" running="55" waiting="23" ended="21727" arrived="21727" collisions="0" teleports="0" halting="27" stopped="0" meanWaitingTime="36.40" meanTravelTime="116.32" meanSpeed="3.07" meanSpeedRelative="0.22" duration="1"/>
    <step time="37500.00" loaded="21948" inserted="21911" running="63" waiting="37" ended="21848" arrived="21848" collisions="0" teleports="0" halting="18" stopped="0" meanWaitingTime="36.58" meanTravelTime="116.45" meanSpeed="4.72" meanSpeedRelative="0.34" duration="2"/>
    <step time="37800.00" loaded="22102" inserted="22061" running="62" waiting="41" ended="21999" arrived="21999" collisions="0" teleports="0" halting="27" stopped="0" meanWaitingTime="36.83" meanTravelTime="116.57" meanSpeed="4.69" meanSpeedRelative="0.34" duration="2"/>
    <step time="38100.00" loaded="22247" inserted="22203" running="58" waiting="44" ended="22145" arrived="22145" collisions="0" teleports="0" halting="17" stopped="0" meanWaitingTime="37.06" meanTravelTime="116.62" meanSpeed="4.32" meanSpeedRelative="0.31" duration="1"/>
    <step time="38400.00" loaded="22372" inserted="22347" running="64" waiting="25" ended="22283" arrived="22283" collisions="0" teleports="0" halting="39" stopped="0" meanWaitingTime="37.36" meanTravelTime="116.71" meanSpeed="2.95" meanSpeedRelative="0.21" duration="2"/>
    <step time="38700.00" loaded="22473" inserted="22463" running="69" waiting="10" ended="22394" arrived="22394" collisions="0" teleports="0" halting="43" stopped="0" meanWaitingTime="37.48" meanTravelTime="116.83" meanSpeed="2.71" meanSpeedRelative="0.20" duration="2"/>
    <step time="39000.00" loaded="22578" inserted="22543" running="46" waiting="35" ended="22497" arrived="22497" collisions="0" teleports="0" halting="6" stopped="0" meanWaitingTime="37.61" meanTravelTime="117.05" meanSpeed="6.05" meanSpeedRelative="0.44" duration="1"/>
    <step time="39300.00" loaded="22705" inserted="22662" running="30" waiting="43" ended="22632" arrived="22632" collisions="0" teleports="0" halting="12" stopped="0" meanWaitingTime="37.90" meanTravelTime="117.19" meanSpeed="4.70" meanSpeedRelative="0.34" duration="1"/>
    <step time="39600.00" loaded="22816" inserted="22777" running="35" waiting="39" ended="22742" arrived="22742" collisions="0" teleports="0" halting="21" stopped="0" meanWaitingTime="38.15" meanTravelTime="117.04" meanSpeed="3.30" meanSpeedRelative="0.24" duration="1"/>
    <step time="39900.00" loaded="22936" inserted="22910" running="71" waiting="26" ended="22839" arrived="22839" collisions="0" teleports="0" halting="52" stopped="0" meanWaitingTime="38.45" meanTravelTime="116.96" meanSpeed="2.19" meanSpeedRelative="0.16" duration="2"/>
    <step time="40200.00" loaded="23027" inserted="23007" running="45" waiting="20" ended="22962" arrived="22962" collisions="0" teleports="0" halting="22" stopped="0" meanWaitingTime="38.66" meanTravelTime="117.24" meanSpeed="3.04" meanSpeedRelative="0.22" duration="2"/>
    <step time="40500.00" loaded="23126" inserted="23103" running="40" waiting="23" ended="23063" arrived="23063" collisions="0" teleports="0" halting="9" stopped="0" meanWaitingTime="38.76" meanTravelTime="117.42" meanSpeed="6.13" meanSpeedRelative="0.44" duration="2"/>
    <step time="40800.00" loaded="23234" inserted="23202" running="39" waiting="32" ended="23163" arrived="23163" collisions="0" teleports="0" halting="16" stopped="0" meanWaitingTime="39.01" meanTravelTime="117.39" meanSpeed="4.51" meanSpeedRelative="0.32" duration="1"/>
    <step time="41100.00" loaded="23317" inserted="23294" running="49" waiting="23" ended="23245" arrived="23245" collisions="0" teleports="0" halting="25" stopped="0" meanWaitingTime="39.21" meanTravelTime="117.44" meanSpeed="3.72" meanSpeedRelative="0.27" duration="2"/>
    <step time="41400.00" loaded="23380" inserted="23370" running="25" waiting="10" ended="23345" arrived="23345" collisions="0" teleports="0" halting="21" stopped="0" meanWaitingTime="39.30" meanTravelTime="117.67" meanSpeed="1.60" meanSpeedRelative="0.12" duration="0"/>
    <step time="41700.00" loaded="23478" inserted="23454" running="49" waiting="24" ended="23405" arrived="23405" collisions="0" teleports="0" halting="22" stopped="0" meanWaitingTime="39.44" meanTravelTime="117.71" meanSpeed="4.32" meanSpeedRelative="0.31" duration="1"/>
    <step time="42000.00" loaded="23559" inserted="23530" running="18" waiting="29" ended="23512" arrived="23512" collisions="0" teleports="0" halting="9" stopped="0" meanWaitingTime="39.62" meanTravelTime="117.80" meanSpeed="4.79" meanSpeedRelative="0.34" duration="1"/>
    <step time="42300.00" loaded="23664" inserted="23639" running="46" waiting="25" ended="23593" arrived="23593" collisions="0" teleports="0" halting="12" stopped="0" meanWaitingTime="39.87" meanTravelTime="117.69" meanSpeed="5.73" meanSpeedRelative="0.41" duration="1"/>
    <step time="42600.00" loaded="23776" inserted="23740" running="44" waiting="36" ended="23696" arrived="23696" collisions="0" teleports="0" halting="6" stopped="0" meanWaitingTime="40.10" meanTravelTime="117.64" meanSpeed="6.31" meanSpeedRelative="0.45" duration="1"/>
    <step time="42900.00" loaded="23876" inserted="23853" running="44" waiting="23" ended="23809" arrived="23809" collisions="0" teleports="0" halting="16" stopped="0" meanWaitingTime="40.37" meanTravelTime="117.72" meanSpeed="5.62" meanSpeedRelative="0.40" duration="2"/>
    <step time="43200.00" loaded="23978" inserted="23942" running="26" waiting="36" ended="23916" arrived="23916" collisions="0" teleports="0" halting="8" stopped="0" meanWaitingTime="40.48" meanTravelTime="117.70" meanSpeed="7.52" meanSpeedRelative="0.54" duration="1"/>
    <step time="43500.00" loaded="24056" inserted="24046" running="50" waiting="10" ended="23996" arrived="23996" collisions="0" teleports="0" halting="9" stopped="0" meanWaitingTime="40.62" meanTravelTime="117.65" meanSpeed="5.74" meanSpeedRelative="0.41" duration="1"/>
    <step time="43800.00" loaded="24158" inserted="24140" running="43" waiting="18" ended="24097" arrived="24097" collisions="0" teleports="0" halting="26" stopped="0" meanWaitingTime="40.67" meanTravelTime="117.68" meanSpeed="3.06" meanSpeedRelative="0.24" duration="1"/>
    <step time="44100.00" loaded="24265" inserted="24235" running="36" waiting="30" ended="24199" arrived="24199" collisions="0" teleports="0" halting="20" stopped="0" meanWaitingTime="40.70" meanTravelTime="117.65" meanSpeed="3.39" meanSpeedRelative="0.24" duration="1"/>
    <step time="44400.00" loaded="24375" inserted="24339" running="63" waiting="36" ended="24276" arrived="24276" collisions="0" teleports="0" halting="45" stopped="0" meanWaitingTime="40.97" meanTravelTime="117.60" meanSpeed="1.61" meanSpeedRelative="0.12" duration="2"/>
    <step time="44700.00" loaded="24481" inserted="24437" running="39" waiting="44" ended="24398" arrived="24398" collisions="0" teleports="0" halting="13" stopped="0" meanWaitingTime="41.30" meanTravelTime="117.94" meanSpeed="4.19" meanSpeedRelative="0.30" duration="1"/>
    <step time="45000.00" loaded="24586" inserted="24538" running="36" waiting="48" ended="24502" arrived="24502" collisions="0" teleports="0" halting="3" stopped="0" meanWaitingTime="41.62" meanTravelTime="117.94" meanSpeed="6.66" meanSpeedRelative="0.48" duration="1"/>
    <step time="45300.00" loaded="24674" inserted="24650" running="61" waiting="24" ended="24589" arrived="24589" collisions="0" teleports="0" halting="12" stopped="0" meanWaitingTime="41.96" meanTravelTime="117.99" meanSpeed="4.54" meanSpeedRelative="0.33" duration="2"/>
    <step time="45600.00" loaded="24756" inserted="24729" running="39" waiting="27" ended="24690" arrived="24690" collisions="0" teleports="0" halting="26" stopped="0" meanWaitingTime="42.06" meanTravelTime="118.15" meanSpeed="3.04" meanSpeedRelative="0.22" duration="1"/>
    <step time="45900.00" loaded="24842" inserted="24796" running="40" waiting="46" ended="24756" arrived="24756" collisions="0" teleports="0" halting="37" stopped="0" meanWaitingTime="42.27" meanTravelTime="118.21" meanSpeed="0.92" meanSpeedRelative="0.07" duration="1"/>
    <step time="46200.00" loaded="24923" inserted="24875" running="52" waiting="48" ended="24823" arrived="24823" collisions="0" teleports="0" halting="46" stopped="0" meanWaitingTime="42.50" meanTravelTime="118.06" meanSpeed="0.83" meanSpeedRelative="0.06" duration="1"/>
    <step time="46500.00" loaded="24971" inserted="24971" running="80" waiting="0" ended="24891" arrived="24891" collisions="0" teleports="0" halting="71" stopped="0" meanWaitingTime="42.84" meanTravelTime="117.92" meanSpeed="0.85" meanSpeedRelative="0.06" duration="2"/>
    <step time="46800.00" loaded="24991" inserted="24991" running="74" waiting="0" ended="24917" arrived="24917" collisions="0" teleports="0" halting="73" stopped="0" meanWaitingTime="42.81" meanTravelTime="117.86" meanSpeed="0.19" meanSpeedRelative="0.01" duration="2"/>
    <step time="47100.00" loaded="25009" inserted="25009" running="70" waiting="0" ended="24939" arrived="24939" collisions="0" teleports="0" halting="67" stopped="0" meanWaitingTime="42.78" meanTravelTime="117.78" meanSpeed="0.24" meanSpeedRelative="0.02" duration="1"/>
    <step time="47400.00" loaded="25025" inserted="25025" running="69" waiting="0" ended="24956" arrived="24956" collisions="0" teleports="0" halting="69" stopped="0" meanWaitingTime="42.75" meanTravelTime="117.73" meanSpeed="0.00" meanSpeedRelative="0.00" duration="1"/>
    <step time="47700.00" loaded="25039" inserted="25039" running="70" waiting="0" ended="24969" arrived="24969" collisions="0" teleports="0" halting="70" stopped="0" meanWaitingTime="42.73" meanTravelTime="117.69" meanSpeed="0.00" meanSpeedRelative="0.00" duration="1"/>
    <step time="48000.00" loaded="25052" inserted="25052" running="68" waiting="0" ended="24984" arrived="24984" collisions="0" teleports="0" halting="67" stopped="0" meanWaitingTime="42.70" meanTravelTime="117.65" meanSpeed="0.10" meanSpeedRelative="0.01" duration="1"/>
    <step time="48300.00" loaded="25066" inserted="25066" running="68" waiting="0" ended="24998" arrived="24998" collisions="0" teleports="0" halting="67" stopped="0" meanWaitingTime="42.68" meanTravelTime="117.61" meanSpeed="0.05" meanSpeedRelative="0.00" duration="1"/>
    <step time="48600.00" loaded="25082" inserted="25082" running="69" waiting="0" ended="25013" arrived="25013" collisions="0" teleports="0" halting="67" stopped="0" meanWaitingTime="42.65" meanTravelTime="117.55" meanSpeed="0.22" meanSpeedRelative="0.02" duration="1"/>
    <step time="48900.00" loaded="25097" inserted="25097" running="73" waiting="0" ended="25024" arrived="25024" collisions="0" teleports="0" halting="72" stopped="0" meanWaitingTime="42.63" meanTravelTime="117.51" meanSpeed="0.05" meanSpeedRelative="0.00" duration="1"/>
    <step time="49200.00" loaded="25107" inserted="25107" running="67" waiting="0" ended="25040" arrived="25040" collisions="0" teleports="0" halting="67" stopped="0" meanWaitingTime="42.61" meanTravelTime="117.48" meanSpeed="0.00" meanSpeedRelative="0.00" duration="1"/>
</summary>
