<?xml version="1.0" encoding="UTF-8"?>

<!-- generated on 2025-02-28 18:40:35 by Eclipse SUMO GUI Version 1.19.0
<configuration xmlns:xsi="http://www.w3.org/2001/XMLSchema-instance" xsi:noNamespaceSchemaLocation="http://sumo.dlr.de/xsd/sumoConfiguration.xsd">

    <input>
        <net-file value="Network.net.xml"/>
        <route-files value="CarRoutes.rou.xml"/>
        <additional-files value="Sensors.add.xml"/>
    </input>

    <output>
        <emission-output value="logs/Emissions.xml"/>
        <summary-output value="logs/Log_summary.xml"/>
        <summary-output.period value="300"/>
        <tripinfo-output value="logs/TripInfos.xml"/>
    </output>

    <time>
        <begin value="0"/>
        <end value="86400"/>
        <step-length value="0.25"/>
    </time>

    <processing>
        <ignore-junction-blocker value="0.1"/>
        <time-to-teleport value="-1"/>
    </processing>

    <report>
        <verbose value="true"/>
        <no-step-log value="true"/>
    </report>

    <emissions>
        <device.emissions.period value="10"/>
    </emissions>

    <traci_server>
        <remote-port value="58938"/>
    </traci_server>

    <gui_only>
        <quit-on-end value="true"/>
        <start value="true"/>
    </gui_only>

</configuration>
-->

<summary xmlns:xsi="http://www.w3.org/2001/XMLSchema-instance" xsi:noNamespaceSchemaLocation="http://sumo.dlr.de/xsd/summary_file.xsd">
    <step time="0.00" loaded="0" inserted="0" running="0" waiting="0" ended="0" arrived="0" collisions="0" teleports="0" halting="0" stopped="0" meanWaitingTime="-1.00" meanTravelTime="-1.00" meanSpeed="-1.00" meanSpeedRelative="-1.00" duration="0"/>
    <step time="300.00" loaded="213" inserted="198" running="92" waiting="15" ended="106" arrived="106" collisions="0" teleports="0" halting="46" stopped="0" meanWaitingTime="13.58" meanTravelTime="79.42" meanSpeed="3.92" meanSpeedRelative="0.28" duration="2"/>
    <step time="600.00" loaded="378" inserted="366" running="72" waiting="12" ended="294" arrived="294" collisions="0" teleports="0" halting="20" stopped="0" meanWaitingTime="18.17" meanTravelTime="108.62" meanSpeed="5.09" meanSpeedRelative="0.39" duration="2"/>
    <step time="900.00" loaded="535" inserted="525" running="55" waiting="10" ended="470" arrived="470" collisions="0" teleports="0" halting="37" stopped="0" meanWaitingTime="16.24" meanTravelTime="115.59" meanSpeed="2.96" meanSpeedRelative="0.21" duration="2"/>
    <step time="1200.00" loaded="709" inserted="694" running="55" waiting="15" ended="639" arrived="639" collisions="0" teleports="0" halting="7" stopped="0" meanWaitingTime="18.49" meanTravelTime="113.20" meanSpeed="7.86" meanSpeedRelative="0.57" duration="2"/>
    <step time="1500.00" loaded="876" inserted="856" running="57" waiting="20" ended="799" arrived="799" collisions="0" teleports="0" halting="17" stopped="0" meanWaitingTime="19.05" meanTravelTime="111.16" meanSpeed="4.04" meanSpeedRelative="0.31" duration="2"/>
    <step time="1800.00" loaded="1041" inserted="1023" running="54" waiting="18" ended="969" arrived="969" collisions="0" teleports="0" halting="18" stopped="0" meanWaitingTime="21.43" meanTravelTime="111.47" meanSpeed="5.08" meanSpeedRelative="0.37" duration="1"/>
    <step time="2100.00" loaded="1198" inserted="1183" running="55" waiting="15" ended="1128" arrived="1128" collisions="0" teleports="0" halting="37" stopped="0" meanWaitingTime="20.04" meanTravelTime="109.07" meanSpeed="2.94" meanSpeedRelative="0.21" duration="1"/>
    <step time="2400.00" loaded="1344" inserted="1328" running="41" waiting="16" ended="1287" arrived="1287" collisions="0" teleports="0" halting="21" stopped="0" meanWaitingTime="19.82" meanTravelTime="109.02" meanSpeed="3.73" meanSpeedRelative="0.27" duration="1"/>
    <step time="2700.00" loaded="1489" inserted="1488" running="44" waiting="1" ended="1444" arrived="1444" collisions="0" teleports="0" halting="11" stopped="0" meanWaitingTime="19.65" meanTravelTime="106.72" meanSpeed="4.67" meanSpeedRelative="0.34" duration="1"/>
    <step time="3000.00" loaded="1647" inserted="1640" running="57" waiting="7" ended="1583" arrived="1583" collisions="0" teleports="0" halting="30" stopped="0" meanWaitingTime="18.39" meanTravelTime="107.28" meanSpeed="3.21" meanSpeedRelative="0.23" duration="2"/>
    <step time="3300.00" loaded="1817" inserted="1802" running="55" waiting="15" ended="1747" arrived="1747" collisions="0" teleports="0" halting="12" stopped="0" meanWaitingTime="18.39" meanTravelTime="107.41" meanSpeed="6.96" meanSpeedRelative="0.50" duration="2"/>
    <step time="3600.00" loaded="1951" inserted="1951" running="41" waiting="0" ended="1910" arrived="1910" collisions="0" teleports="0" halting="11" stopped="0" meanWaitingTime="18.07" meanTravelTime="106.41" meanSpeed="5.67" meanSpeedRelative="0.41" duration="1"/>
    <step time="3900.00" loaded="2116" inserted="2116" running="78" waiting="0" ended="2038" arrived="2038" collisions="0" teleports="0" halting="41" stopped="0" meanWaitingTime="16.78" meanTravelTime="105.56" meanSpeed="2.78" meanSpeedRelative="0.20" duration="2"/>
    <step time="4200.00" loaded="2246" inserted="2246" running="49" waiting="0" ended="2197" arrived="2197" collisions="0" teleports="0" halting="17" stopped="0" meanWaitingTime="16.87" meanTravelTime="108.74" meanSpeed="5.04" meanSpeedRelative="0.36" duration="2"/>
    <step time="4500.00" loaded="2424" inserted="2423" running="81" waiting="1" ended="2342" arrived="2342" collisions="0" teleports="0" halting="33" stopped="0" meanWaitingTime="16.08" meanTravelTime="108.11" meanSpeed="3.94" meanSpeedRelative="0.28" duration="3"/>
    <step time="4800.00" loaded="2582" inserted="2576" running="42" waiting="6" ended="2534" arrived="2534" collisions="0" teleports="0" halting="14" stopped="0" meanWaitingTime="15.38" meanTravelTime="108.61" meanSpeed="4.67" meanSpeedRelative="0.34" duration="1"/>
    <step time="5100.00" loaded="2748" inserted="2739" running="58" waiting="9" ended="2681" arrived="2681" collisions="0" teleports="0" halting="6" stopped="0" meanWaitingTime="16.02" meanTravelTime="107.92" meanSpeed="6.96" meanSpeedRelative="0.50" duration="2"/>
    <step time="5400.00" loaded="2899" inserted="2897" running="54" waiting="2" ended="2843" arrived="2843" collisions="0" teleports="0" halting="20" stopped="0" meanWaitingTime="15.50" meanTravelTime="107.83" meanSpeed="4.78" meanSpeedRelative="0.34" duration="1"/>
    <step time="5700.00" loaded="3085" inserted="3070" running="79" waiting="15" ended="2991" arrived="2991" collisions="0" teleports="0" halting="35" stopped="0" meanWaitingTime="15.01" meanTravelTime="108.20" meanSpeed="4.03" meanSpeedRelative="0.29" duration="3"/>
    <step time="6000.00" loaded="3212" inserted="3209" running="43" waiting="3" ended="3166" arrived="3166" collisions="0" teleports="0" halting="10" stopped="0" meanWaitingTime="15.08" meanTravelTime="110.32" meanSpeed="5.88" meanSpeedRelative="0.42" duration="1"/>
    <step time="6300.00" loaded="3379" inserted="3362" running="71" waiting="17" ended="3291" arrived="3291" collisions="0" teleports="0" halting="33" stopped="0" meanWaitingTime="15.14" meanTravelTime="110.89" meanSpeed="3.72" meanSpeedRelative="0.27" duration="2"/>
    <step time="6600.00" loaded="3539" inserted="3531" running="54" waiting="8" ended="3477" arrived="3477" collisions="0" teleports="0" halting="20" stopped="0" meanWaitingTime="15.40" meanTravelTime="110.99" meanSpeed="5.03" meanSpeedRelative="0.37" duration="3"/>
    <step time="6900.00" loaded="3725" inserted="3708" running="58" waiting="17" ended="3650" arrived="3650" collisions="0" teleports="0" halting="19" stopped="0" meanWaitingTime="15.39" meanTravelTime="110.26" meanSpeed="4.57" meanSpeedRelative="0.33" duration="1"/>
    <step time="7200.00" loaded="3885" inserted="3865" running="50" waiting="20" ended="3815" arrived="3815" collisions="0" teleports="0" halting="20" stopped="0" meanWaitingTime="15.97" meanTravelTime="109.92" meanSpeed="4.78" meanSpeedRelative="0.34" duration="2"/>
    <step time="7500.00" loaded="4034" inserted="4029" running="50" waiting="5" ended="3979" arrived="3979" collisions="0" teleports="0" halting="18" stopped="0" meanWaitingTime="16.65" meanTravelTime="109.63" meanSpeed="5.53" meanSpeedRelative="0.40" duration="2"/>
    <step time="7800.00" loaded="4190" inserted="4180" running="44" waiting="10" ended="4136" arrived="4136" collisions="0" teleports="0" halting="12" stopped="0" meanWaitingTime="16.65" meanTravelTime="109.05" meanSpeed="5.28" meanSpeedRelative="0.38" duration="3"/>
    <step time="8100.00" loaded="4367" inserted="4354" running="45" waiting="13" ended="4309" arrived="4309" collisions="0" teleports="0" halting="10" stopped="0" meanWaitingTime="16.89" meanTravelTime="108.23" meanSpeed="6.01" meanSpeedRelative="0.43" duration="1"/>
    <step time="8400.00" loaded="4552" inserted="4548" running="66" waiting="4" ended="4482" arrived="4482" collisions="0" teleports="0" halting="20" stopped="0" meanWaitingTime="16.84" meanTravelTime="107.53" meanSpeed="5.42" meanSpeedRelative="0.39" duration="2"/>
    <step time="8700.00" loaded="4721" inserted="4716" running="67" waiting="5" ended="4649" arrived="4649" collisions="0" teleports="0" halting="18" stopped="0" meanWaitingTime="16.70" meanTravelTime="107.31" meanSpeed="6.07" meanSpeedRelative="0.44" duration="2"/>
    <step time="9000.00" loaded="4909" inserted="4892" running="57" waiting="17" ended="4835" arrived="4835" collisions="0" teleports="0" halting="13" stopped="0" meanWaitingTime="16.58" meanTravelTime="106.91" meanSpeed="5.45" meanSpeedRelative="0.39" duration="2"/>
    <step time="9300.00" loaded="5090" inserted="5072" running="62" waiting="18" ended="5010" arrived="5010" collisions="0" teleports="0" halting="24" stopped="0" meanWaitingTime="16.63" meanTravelTime="106.94" meanSpeed="3.89" meanSpeedRelative="0.28" duration="2"/>
    <step time="9600.00" loaded="5264" inserted="5253" running="60" waiting="11" ended="5193" arrived="5193" collisions="0" teleports="0" halting="22" stopped="0" meanWaitingTime="17.07" meanTravelTime="106.69" meanSpeed="5.23" meanSpeedRelative="0.38" duration="1"/>
    <step time="9900.00" loaded="5410" inserted="5394" running="39" waiting="16" ended="5355" arrived="5355" collisions="0" teleports="0" halting="13" stopped="0" meanWaitingTime="16.94" meanTravelTime="106.59" meanSpeed="4.10" meanSpeedRelative="0.30" duration="1"/>
    <step time="10200.00" loaded="5580" inserted="5571" running="69" waiting="9" ended="5502" arrived="5502" collisions="0" teleports="0" halting="12" stopped="0" meanWaitingTime="17.23" meanTravelTime="106.54" meanSpeed="5.45" meanSpeedRelative="0.39" duration="3"/>
    <step time="10500.00" loaded="5758" inserted="5747" running="61" waiting="11" ended="5686" arrived="5686" collisions="0" teleports="0" halting="13" stopped="0" meanWaitingTime="17.13" meanTravelTime="107.01" meanSpeed="7.02" meanSpeedRelative="0.51" duration="1"/>
    <step time="10800.00" loaded="5929" inserted="5923" running="59" waiting="6" ended="5864" arrived="5864" collisions="0" teleports="0" halting="14" stopped="0" meanWaitingTime="17.18" meanTravelTime="106.93" meanSpeed="6.52" meanSpeedRelative="0.47" duration="3"/>
    <step time="11100.00" loaded="6104" inserted="6086" running="57" waiting="18" ended="6029" arrived="6029" collisions="0" teleports="0" halting="22" stopped="0" meanWaitingTime="17.20" meanTravelTime="106.82" meanSpeed="4.48" meanSpeedRelative="0.32" duration="1"/>
    <step time="11400.00" loaded="6276" inserted="6241" running="60" waiting="35" ended="6181" arrived="6181" collisions="0" teleports="0" halting="8" stopped="0" meanWaitingTime="17.86" meanTravelTime="106.78" meanSpeed="5.93" meanSpeedRelative="0.43" duration="2"/>
    <step time="11700.00" loaded="6421" inserted="6399" running="57" waiting="22" ended="6342" arrived="6342" collisions="0" teleports="0" halting="12" stopped="0" meanWaitingTime="18.99" meanTravelTime="106.61" meanSpeed="4.70" meanSpeedRelative="0.34" duration="1"/>
    <step time="12000.00" loaded="6597" inserted="6590" running="64" waiting="7" ended="6526" arrived="6526" collisions="0" teleports="0" halting="15" stopped="0" meanWaitingTime="19.11" meanTravelTime="106.78" meanSpeed="4.71" meanSpeedRelative="0.34" duration="2"/>
    <step time="12300.00" loaded="6765" inserted="6765" running="57" waiting="0" ended="6708" arrived="6708" collisions="0" teleports="0" halting="20" stopped="0" meanWaitingTime="18.85" meanTravelTime="106.95" meanSpeed="4.71" meanSpeedRelative="0.34" duration="2"/>
    <step time="12600.00" loaded="6937" inserted="6917" running="58" waiting="20" ended="6859" arrived="6859" collisions="0" teleports="0" halting="19" stopped="0" meanWaitingTime="18.68" meanTravelTime="106.85" meanSpeed="4.56" meanSpeedRelative="0.33" duration="1"/>
    <step time="12900.00" loaded="7107" inserted="7093" running="61" waiting="14" ended="7032" arrived="7032" collisions="0" teleports="0" halting="18" stopped="0" meanWaitingTime="18.89" meanTravelTime="107.04" meanSpeed="5.05" meanSpeedRelative="0.36" duration="2"/>
    <step time="13200.00" loaded="7282" inserted="7260" running="80" waiting="22" ended="7180" arrived="7180" collisions="0" teleports="0" halting="24" stopped="0" meanWaitingTime="18.98" meanTravelTime="107.11" meanSpeed="4.77" meanSpeedRelative="0.34" duration="2"/>
    <step time="13500.00" loaded="7457" inserted="7449" running="77" waiting="8" ended="7372" arrived="7372" collisions="0" teleports="0" halting="28" stopped="0" meanWaitingTime="18.98" meanTravelTime="107.50" meanSpeed="3.85" meanSpeedRelative="0.28" duration="3"/>
    <step time="13800.00" loaded="7648" inserted="7634" running="75" waiting="14" ended="7559" arrived="7559" collisions="0" teleports="0" halting="17" stopped="0" meanWaitingTime="19.09" meanTravelTime="107.78" meanSpeed="5.61" meanSpeedRelative="0.40" duration="2"/>
    <step time="14100.00" loaded="7805" inserted="7801" running="65" waiting="4" ended="7736" arrived="7736" collisions="0" teleports="0" halting="16" stopped="0" meanWaitingTime="19.08" meanTravelTime="108.16" meanSpeed="5.14" meanSpeedRelative="0.37" duration="3"/>
    <step time="14400.00" loaded="7941" inserted="7931" running="50" waiting="10" ended="7881" arrived="7881" collisions="0" teleports="0" halting="13" stopped="0" meanWaitingTime="19.26" meanTravelTime="108.33" meanSpeed="6.89" meanSpeedRelative="0.50" duration="2"/>
    <step time="14700.00" loaded="8135" inserted="8116" running="66" waiting="19" ended="8050" arrived="8050" collisions="0" teleports="0" halting="4" stopped="0" meanWaitingTime="19.23" meanTravelTime="107.97" meanSpeed="5.91" meanSpeedRelative="0.44" duration="2"/>
    <step time="15000.00" loaded="8292" inserted="8287" running="96" waiting="5" ended="8191" arrived="8191" collisions="0" teleports="0" halting="20" stopped="0" meanWaitingTime="19.07" meanTravelTime="108.48" meanSpeed="5.89" meanSpeedRelative="0.42" duration="3"/>
    <step time="15300.00" loaded="8453" inserted="8420" running="60" waiting="33" ended="8360" arrived="8360" collisions="0" teleports="0" halting="22" stopped="0" meanWaitingTime="19.27" meanTravelTime="109.16" meanSpeed="4.83" meanSpeedRelative="0.36" duration="2"/>
    <step time="15600.00" loaded="8620" inserted="8610" running="66" waiting="10" ended="8544" arrived="8544" collisions="0" teleports="0" halting="23" stopped="0" meanWaitingTime="20.00" meanTravelTime="108.97" meanSpeed="5.09" meanSpeedRelative="0.37" duration="1"/>
    <step time="15900.00" loaded="8810" inserted="8801" running="109" waiting="9" ended="8692" arrived="8692" collisions="0" teleports="0" halting="40" stopped="0" meanWaitingTime="20.32" meanTravelTime="108.83" meanSpeed="3.82" meanSpeedRelative="0.28" duration="4"/>
    <step time="16200.00" loaded="9000" inserted="8988" running="70" waiting="12" ended="8918" arrived="8918" collisions="0" teleports="0" halting="22" stopped="0" meanWaitingTime="20.35" meanTravelTime="109.57" meanSpeed="4.83" meanSpeedRelative="0.35" duration="2"/>
    <step time="16500.00" loaded="9164" inserted="9161" running="50" waiting="3" ended="9111" arrived="9111" collisions="0" teleports="0" halting="18" stopped="0" meanWaitingTime="20.19" meanTravelTime="109.47" meanSpeed="5.40" meanSpeedRelative="0.39" duration="2"/>
    <step time="16800.00" loaded="9347" inserted="9332" running="62" waiting="15" ended="9270" arrived="9270" collisions="0" teleports="0" halting="9" stopped="0" meanWaitingTime="20.13" meanTravelTime="109.53" meanSpeed="6.18" meanSpeedRelative="0.44" duration="3"/>
    <step time="17100.00" loaded="9519" inserted="9499" running="56" waiting="20" ended="9443" arrived="9443" collisions="0" teleports="0" halting="15" stopped="0" meanWaitingTime="20.22" meanTravelTime="109.40" meanSpeed="6.07" meanSpeedRelative="0.44" duration="2"/>
    <step time="17400.00" loaded="9699" inserted="9678" running="62" waiting="21" ended="9616" arrived="9616" collisions="0" teleports="0" halting="24" stopped="0" meanWaitingTime="20.44" meanTravelTime="109.38" meanSpeed="5.32" meanSpeedRelative="0.38" duration="1"/>
    <step time="17700.00" loaded="9872" inserted="9850" running="76" waiting="22" ended="9774" arrived="9774" collisions="0" teleports="0" halting="22" stopped="0" meanWaitingTime="20.77" meanTravelTime="109.61" meanSpeed="4.80" meanSpeedRelative="0.35" duration="2"/>
    <step time="18000.00" loaded="10039" inserted="10018" running="68" waiting="21" ended="9950" arrived="9950" collisions="0" teleports="0" halting="33" stopped="0" meanWaitingTime="21.10" meanTravelTime="109.91" meanSpeed="3.44" meanSpeedRelative="0.25" duration="4"/>
    <step time="18300.00" loaded="10223" inserted="10190" running="52" waiting="33" ended="10138" arrived="10138" collisions="0" teleports="0" halting="18" stopped="0" meanWaitingTime="21.37" meanTravelTime="109.94" meanSpeed="5.41" meanSpeedRelative="0.39" duration="1"/>
    <step time="18600.00" loaded="10385" inserted="10356" running="63" waiting="29" ended="10293" arrived="10293" collisions="0" teleports="0" halting="24" stopped="0" meanWaitingTime="21.97" meanTravelTime="109.88" meanSpeed="4.60" meanSpeedRelative="0.33" duration="1"/>
    <step time="18900.00" loaded="10570" inserted="10535" running="71" waiting="35" ended="10464" arrived="10464" collisions="0" teleports="0" halting="9" stopped="0" meanWaitingTime="22.37" meanTravelTime="109.81" meanSpeed="6.37" meanSpeedRelative="0.46" duration="2"/>
    <step time="19200.00" loaded="10746" inserted="10720" running="60" waiting="26" ended="10660" arrived="10660" collisions="0" teleports="0" halting="35" stopped="0" meanWaitingTime="22.73" meanTravelTime="109.78" meanSpeed="4.09" meanSpeedRelative="0.29" duration="3"/>
    <step time="19500.00" loaded="10957" inserted="10932" running="88" waiting="25" ended="10844" arrived="10844" collisions="0" teleports="0" halting="33" stopped="0" meanWaitingTime="23.06" meanTravelTime="109.84" meanSpeed="3.31" meanSpeedRelative="0.25" duration="2"/>
    <step time="19800.00" loaded="11135" inserted="11108" running="75" waiting="27" ended="11033" arrived="11033" collisions="0" teleports="0" halting="33" stopped="0" meanWaitingTime="23.47" meanTravelTime="109.91" meanSpeed="4.72" meanSpeedRelative="0.35" duration="4"/>
    <step time="20100.00" loaded="11330" inserted="11300" running="79" waiting="30" ended="11221" arrived="11221" collisions="0" teleports="0" halting="26" stopped="0" meanWaitingTime="23.89" meanTravelTime="109.98" meanSpeed="5.54" meanSpeedRelative="0.40" duration="3"/>
    <step time="20400.00" loaded="11502" inserted="11465" running="73" waiting="37" ended="11392" arrived="11392" collisions="0" teleports="0" halting="22" stopped="0" meanWaitingTime="24.44" meanTravelTime="110.08" meanSpeed="3.73" meanSpeedRelative="0.27" duration="2"/>
    <step time="20700.00" loaded="11675" inserted="11645" running="71" waiting="30" ended="11574" arrived="11574" collisions="0" teleports="0" halting="26" stopped="0" meanWaitingTime="25.04" meanTravelTime="109.88" meanSpeed="4.81" meanSpeedRelative="0.35" duration="2"/>
    <step time="21000.00" loaded="11858" inserted="11832" running="55" waiting="26" ended="11777" arrived="11777" collisions="0" teleports="0" halting="29" stopped="0" meanWaitingTime="25.63" meanTravelTime="109.77" meanSpeed="4.01" meanSpeedRelative="0.29" duration="2"/>
    <step time="21300.00" loaded="12017" inserted="11996" running="65" waiting="21" ended="11931" arrived="11931" collisions="0" teleports="0" halting="15" stopped="0" meanWaitingTime="25.97" meanTravelTime="109.71" meanSpeed="6.34" meanSpeedRelative="0.46" duration="1"/>
    <step time="21600.00" loaded="12239" inserted="12204" running="87" waiting="35" ended="12117" arrived="12117" collisions="0" teleports="0" halting="13" stopped="0" meanWaitingTime="26.29" meanTravelTime="109.53" meanSpeed="5.79" meanSpeedRelative="0.42" duration="2"/>
    <step time="21900.00" loaded="12423" inserted="12396" running="85" waiting="27" ended="12311" arrived="12311" collisions="0" teleports="0" halting="30" stopped="0" meanWaitingTime="26.50" meanTravelTime="109.78" meanSpeed="5.17" meanSpeedRelative="0.38" duration="4"/>
    <step time="22200.00" loaded="12613" inserted="12582" running="54" waiting="31" ended="12528" arrived="12528" collisions="0" teleports="0" halting="9" stopped="0" meanWaitingTime="26.79" meanTravelTime="109.74" meanSpeed="7.23" meanSpeedRelative="0.52" duration="3"/>
    <step time="22500.00" loaded="12787" inserted="12738" running="49" waiting="49" ended="12689" arrived="12689" collisions="0" teleports="0" halting="8" stopped="0" meanWaitingTime="27.07" meanTravelTime="109.62" meanSpeed="5.71" meanSpeedRelative="0.41" duration="5"/>
    <step time="22800.00" loaded="12980" inserted="12967" running="99" waiting="13" ended="12868" arrived="12868" collisions="0" teleports="0" halting="59" stopped="0" meanWaitingTime="27.51" meanTravelTime="109.57" meanSpeed="2.71" meanSpeedRelative="0.20" duration="3"/>
    <step time="23100.00" loaded="13164" inserted="13148" running="82" waiting="16" ended="13066" arrived="13066" collisions="0" teleports="0" halting="35" stopped="0" meanWaitingTime="27.58" meanTravelTime="109.99" meanSpeed="3.83" meanSpeedRelative="0.28" duration="3"/>
    <step time="23400.00" loaded="13353" inserted="13344" running="73" waiting="9" ended="13271" arrived="13271" collisions="0" teleports="0" halting="23" stopped="0" meanWaitingTime="27.51" meanTravelTime="110.05" meanSpeed="4.80" meanSpeedRelative="0.35" duration="2"/>
    <step time="23700.00" loaded="13583" inserted="13562" running="84" waiting="21" ended="13478" arrived="13478" collisions="0" teleports="0" halting="41" stopped="0" meanWaitingTime="27.28" meanTravelTime="109.94" meanSpeed="3.97" meanSpeedRelative="0.29" duration="3"/>
    <step time="24000.00" loaded="13757" inserted="13737" running="63" waiting="20" ended="13674" arrived="13674" collisions="0" teleports="0" halting="20" stopped="0" meanWaitingTime="27.27" meanTravelTime="110.03" meanSpeed="3.83" meanSpeedRelative="0.28" duration="3"/>
    <step time="24300.00" loaded="13968" inserted="13943" running="114" waiting="25" ended="13829" arrived="13829" collisions="0" teleports="0" halting="42" stopped="0" meanWaitingTime="27.40" meanTravelTime="110.12" meanSpeed="3.64" meanSpeedRelative="0.26" duration="3"/>
    <step time="24600.00" loaded="14191" inserted="14148" running="102" waiting="43" ended="14046" arrived="14046" collisions="0" teleports="0" halting="55" stopped="0" meanWaitingTime="27.61" meanTravelTime="110.73" meanSpeed="3.03" meanSpeedRelative="0.22" duration="4"/>
    <step time="24900.00" loaded="14405" inserted="14370" running="88" waiting="35" ended="14282" arrived="14282" collisions="0" teleports="0" halting="29" stopped="0" meanWaitingTime="28.13" meanTravelTime="111.32" meanSpeed="4.77" meanSpeedRelative="0.34" duration="2"/>
    <step time="25200.00" loaded="14599" inserted="14555" running="70" waiting="44" ended="14485" arrived="14485" collisions="0" teleports="0" halting="26" stopped="0" meanWaitingTime="28.30" meanTravelTime="111.36" meanSpeed="4.91" meanSpeedRelative="0.36" duration="3"/>
    <step time="25500.00" loaded="14776" inserted="14755" running="79" waiting="21" ended="14676" arrived="14676" collisions="0" teleports="0" halting="26" stopped="0" meanWaitingTime="28.64" meanTravelTime="111.51" meanSpeed="4.23" meanSpeedRelative="0.30" duration="2"/>
    <step time="25800.00" loaded="15008" inserted="14977" running="83" waiting="31" ended="14894" arrived="14894" collisions="0" teleports="0" halting="29" stopped="0" meanWaitingTime="28.66" meanTravelTime="111.67" meanSpeed="4.30" meanSpeedRelative="0.31" duration="2"/>
    <step time="26100.00" loaded="15218" inserted="15189" running="88" waiting="29" ended="15101" arrived="15101" collisions="0" teleports="0" halting="29" stopped="0" meanWaitingTime="28.93" meanTravelTime="111.67" meanSpeed="4.42" meanSpeedRelative="0.33" duration="3"/>
    <step time="26400.00" loaded="15409" inserted="15371" running="73" waiting="38" ended="15298" arrived="15298" collisions="0" teleports="0" halting="34" stopped="0" meanWaitingTime="29.19" meanTravelTime="112.03" meanSpeed="3.90" meanSpeedRelative="0.28" duration="3"/>
    <step time="26700.00" loaded="15630" inserted="15605" running="93" waiting="25" ended="15512" arrived="15512" collisions="0" teleports="0" halting="26" stopped="0" meanWaitingTime="29.57" meanTravelTime="111.80" meanSpeed="5.05" meanSpeedRelative="0.36" duration="3"/>
    <step time="27000.00" loaded="15848" inserted="15808" running="100" waiting="40" ended="15708" arrived="15708" collisions="0" teleports="0" halting="33" stopped="0" meanWaitingTime="29.75" meanTravelTime="111.75" meanSpeed="3.59" meanSpeedRelative="0.26" duration="3"/>
    <step time="27300.00" loaded="16071" inserted="16028" running="116" waiting="43" ended="15912" arrived="15912" collisions="0" teleports="0" halting="50" stopped="0" meanWaitingTime="30.14" meanTravelTime="111.77" meanSpeed="3.03" meanSpeedRelative="0.22" duration="6"/>
    <step time="27600.00" loaded="16267" inserted="16219" running="75" waiting="48" ended="16144" arrived="16144" collisions="0" teleports="0" halting="40" stopped="0" meanWaitingTime="30.46" meanTravelTime="112.20" meanSpeed="3.63" meanSpeedRelative="0.26" duration="4"/>
    <step time="27900.00" loaded="16472" inserted="16429" running="65" waiting="43" ended="16364" arrived="16364" collisions="0" teleports="0" halting="15" stopped="0" meanWaitingTime="30.87" meanTravelTime="112.22" meanSpeed="5.53" meanSpeedRelative="0.40" duration="2"/>
    <step time="28200.00" loaded="16703" inserted="16674" running="64" waiting="29" ended="16610" arrived="16610" collisions="0" teleports="0" halting="15" stopped="0" meanWaitingTime="31.30" meanTravelTime="112.00" meanSpeed="6.39" meanSpeedRelative="0.46" duration="3"/>
    <step time="28500.00" loaded="16903" inserted="16871" running="73" waiting="32" ended="16798" arrived="16798" collisions="0" teleports="0" halting="20" stopped="0" meanWaitingTime="31.47" meanTravelTime="111.91" meanSpeed="5.43" meanSpeedRelative="0.40" duration="2"/>
    <step time="28800.00" loaded="17115" inserted="17083" running="77" waiting="32" ended="17006" arrived="17006" collisions="0" teleports="0" halting="32" stopped="0" meanWaitingTime="31.56" meanTravelTime="111.84" meanSpeed="3.90" meanSpeedRelative="0.28" duration="4"/>
    <step time="29100.00" loaded="17339" inserted="17297" running="93" waiting="42" ended="17204" arrived="17204" collisions="0" teleports="0" halting="41" stopped="0" meanWaitingTime="31.61" meanTravelTime="112.03" meanSpeed="2.99" meanSpeedRelative="0.22" duration="3"/>
    <step time="29400.00" loaded="17543" inserted="17485" running="96" waiting="58" ended="17389" arrived="17389" collisions="0" teleports="0" halting="35" stopped="0" meanWaitingTime="31.85" meanTravelTime="112.58" meanSpeed="4.21" meanSpeedRelative="0.30" duration="4"/>
    <step time="29700.00" loaded="17723" inserted="17663" running="60" waiting="60" ended="17603" arrived="17603" collisions="0" teleports="0" halting="29" stopped="0" meanWaitingTime="32.09" meanTravelTime="112.91" meanSpeed="3.84" meanSpeedRelative="0.28" duration="2"/>
    <step time="30000.00" loaded="17898" inserted="17851" running="73" waiting="47" ended="17778" arrived="17778" collisions="0" teleports="0" halting="51" stopped="0" meanWaitingTime="32.90" meanTravelTime="112.93" meanSpeed="2.38" meanSpeedRelative="0.17" duration="2"/>
    <step time="30300.00" loaded="18095" inserted="18043" running="80" waiting="52" ended="17963" arrived="17963" collisions="0" teleports="0" halting="39" stopped="0" meanWaitingTime="33.50" meanTravelTime="113.17" meanSpeed="3.34" meanSpeedRelative="0.24" duration="4"/>
    <step time="30600.00" loaded="18312" inserted="18268" running="100" waiting="44" ended="18168" arrived="18168" collisions="0" teleports="0" halting="44" stopped="0" meanWaitingTime="34.01" meanTravelTime="113.11" meanSpeed="3.77" meanSpeedRelative="0.27" duration="5"/>
    <step time="30900.00" loaded="18533" inserted="18491" running="113" waiting="42" ended="18378" arrived="18378" collisions="0" teleports="0" halting="57" stopped="0" meanWaitingTime="34.29" meanTravelTime="113.17" meanSpeed="2.30" meanSpeedRelative="0.17" duration="3"/>
    <step time="31200.00" loaded="18703" inserted="18661" running="89" waiting="42" ended="18572" arrived="18572" collisions="0" teleports="0" halting="23" stopped="0" meanWaitingTime="34.41" meanTravelTime="113.79" meanSpeed="4.00" meanSpeedRelative="0.29" duration="3"/>
    <step time="31500.00" loaded="18881" inserted="18837" running="78" waiting="44" ended="18759" arrived="18759" collisions="0" teleports="0" halting="30" stopped="0" meanWaitingTime="34.65" meanTravelTime="114.37" meanSpeed="4.01" meanSpeedRelative="0.29" duration="3"/>
    <step time="31800.00" loaded="19041" inserted="19006" running="77" waiting="35" ended="18929" arrived="18929" collisions="0" teleports="0" halting="19" stopped="0" meanWaitingTime="35.01" meanTravelTime="114.57" meanSpeed="5.28" meanSpeedRelative="0.38" duration="3"/>
    <step time="32100.00" loaded="19224" inserted="19184" running="61" waiting="40" ended="19123" arrived="19123" collisions="0" teleports="0" halting="21" stopped="0" meanWaitingTime="35.40" meanTravelTime="114.60" meanSpeed="6.66" meanSpeedRelative="0.48" duration="2"/>
    <step time="32400.00" loaded="19393" inserted="19349" running="60" waiting="44" ended="19289" arrived="19289" collisions="0" teleports="0" halting="18" stopped="0" meanWaitingTime="35.63" meanTravelTime="114.47" meanSpeed="4.38" meanSpeedRelative="0.32" duration="3"/>
    <step time="32700.00" loaded="19573" inserted="19532" running="59" waiting="41" ended="19473" arrived="19473" collisions="0" teleports="0" halting="8" stopped="0" meanWaitingTime="35.83" meanTravelTime="114.44" meanSpeed="6.66" meanSpeedRelative="0.48" duration="3"/>
    <step time="33000.00" loaded="19740" inserted="19710" running="61" waiting="30" ended="19649" arrived="19649" collisions="0" teleports="0" halting="8" stopped="0" meanWaitingTime="36.12" meanTravelTime="114.37" meanSpeed="5.70" meanSpeedRelative="0.41" duration="2"/>
    <step time="33300.00" loaded="19872" inserted="19848" running="69" waiting="24" ended="19779" arrived="19779" collisions="0" teleports="0" halting="16" stopped="0" meanWaitingTime="36.26" meanTravelTime="114.47" meanSpeed="5.35" meanSpeedRelative="0.39" duration="3"/>
    <step time="33600.00" loaded="20066" inserted="20030" running="57" waiting="36" ended="19973" arrived="19973" collisions="0" teleports="0" halting="22" stopped="0" meanWaitingTime="36.39" meanTravelTime="114.31" meanSpeed="5.23" meanSpeedRelative="0.38" duration="1"/>
    <step time="33900.00" loaded="20225" inserted="20185" running="80" waiting="40" ended="20105" arrived="20105" collisions="0" teleports="0" halting="25" stopped="0" meanWaitingTime="36.57" meanTravelTime="114.20" meanSpeed="4.26" meanSpeedRelative="0.32" duration="4"/>
    <step time="34200.00" loaded="20382" inserted="20345" running="84" waiting="37" ended="20261" arrived="20261" collisions="0" teleports="0" halting="30" stopped="0" meanWaitingTime="36.85" meanTravelTime="114.39" meanSpeed="3.54" meanSpeedRelative="0.25" duration="2"/>
    <step time="34500.00" loaded="20549" inserted="20523" running="71" waiting="26" ended="20452" arrived="20452" collisions="0" teleports="0" halting="21" stopped="0" meanWaitingTime="37.10" meanTravelTime="114.64" meanSpeed="5.64" meanSpeedRelative="0.41" duration="3"/>
    <step time="34800.00" loaded="20702" inserted="20672" running="50" waiting="30" ended="20622" arrived="20622" collisions="0" teleports="0" halting="12" stopped="0" meanWaitingTime="37.27" meanTravelTime="114.48" meanSpeed="5.87" meanSpeedRelative="0.42" duration="2"/>
    <step time="35100.00" loaded="20841" inserted="20827" running="63" waiting="14" ended="20764" arrived="20764" collisions="0" teleports="0" halting="16" stopped="0" meanWaitingTime="37.40" meanTravelTime="114.43" meanSpeed="5.26" meanSpeedRelative="0.38" duration="2"/>
    <step time="35400.00" loaded="20980" inserted="20973" running="59" waiting="7" ended="20914" arrived="20914" collisions="0" teleports="0" halting="6" stopped="0" meanWaitingTime="37.22" meanTravelTime="114.36" meanSpeed="6.29" meanSpeedRelative="0.45" duration="2"/>
    <step time="35700.00" loaded="21122" inserted="21113" running="61" waiting="9" ended="21052" arrived="21052" collisions="0" teleports="0" halting="34" stopped="0" meanWaitingTime="37.09" meanTravelTime="114.54" meanSpeed="3.05" meanSpeedRelative="0.22" duration="2"/>
    <step time="36000.00" loaded="21281" inserted="21275" running="46" waiting="6" ended="21229" arrived="21229" collisions="0" teleports="0" halting="15" stopped="0" meanWaitingTime="36.92" meanTravelTime="114.51" meanSpeed="5.33" meanSpeedRelative="0.38" duration="1"/>
    <step time="36300.00" loaded="21456" inserted="21439" running="60" waiting="17" ended="21379" arrived="21379" collisions="0" teleports="0" halting="25" stopped="0" meanWaitingTime="36.80" meanTravelTime="114.36" meanSpeed="4.85" meanSpeedRelative="0.35" duration="3"/>
    <step time="36600.00" loaded="21603" inserted="21592" running="58" waiting="11" ended="21534" arrived="21534" collisions="0" teleports="0" halting="11" stopped="0" meanWaitingTime="36.72" meanTravelTime="114.39" meanSpeed="5.17" meanSpeedRelative="0.37" duration="2"/>
    <step time="36900.00" loaded="21742" inserted="21721" running="39" waiting="21" ended="21682" arrived="21682" collisions="0" teleports="0" halting="10" stopped="0" meanWaitingTime="36.60" meanTravelTime="114.44" meanSpeed="6.72" meanSpeedRelative="0.48" duration="1"/>
    <step time="37200.00" loaded="21867" inserted="21844" running="48" waiting="23" ended="21796" arrived="21796" collisions="0" teleports="0" halting="33" stopped="0" meanWaitingTime="36.59" meanTravelTime="114.31" meanSpeed="2.51" meanSpeedRelative="0.18" duration="3"/>
    <step time="37500.00" loaded="22008" inserted="21970" running="52" waiting="38" ended="21918" arrived="21918" collisions="0" teleports="0" halting="14" stopped="0" meanWaitingTime="36.75" meanTravelTime="114.35" meanSpeed="5.88" meanSpeedRelative="0.44" duration="3"/>
    <step time="37800.00" loaded="22162" inserted="22121" running="49" waiting="41" ended="22072" arrived="22072" collisions="0" teleports="0" halting="11" stopped="0" meanWaitingTime="37.03" meanTravelTime="114.28" meanSpeed="4.68" meanSpeedRelative="0.34" duration="2"/>
    <step time="38100.00" loaded="22306" inserted="22261" running="53" waiting="45" ended="22208" arrived="22208" collisions="0" teleports="0" halting="22" stopped="0" meanWaitingTime="37.26" meanTravelTime="114.18" meanSpeed="4.40" meanSpeedRelative="0.32" duration="1"/>
    <step time="38400.00" loaded="22433" inserted="22404" running="49" waiting="29" ended="22355" arrived="22355" collisions="0" teleports="0" halting="21" stopped="0" meanWaitingTime="37.57" meanTravelTime="114.20" meanSpeed="4.61" meanSpeedRelative="0.33" duration="2"/>
    <step time="38700.00" loaded="22532" inserted="22517" running="45" waiting="15" ended="22472" arrived="22472" collisions="0" teleports="0" halting="17" stopped="0" meanWaitingTime="37.72" meanTravelTime="114.14" meanSpeed="3.27" meanSpeedRelative="0.24" duration="2"/>
    <step time="39000.00" loaded="22638" inserted="22606" running="47" waiting="32" ended="22559" arrived="22559" collisions="0" teleports="0" halting="8" stopped="0" meanWaitingTime="37.90" meanTravelTime="114.17" meanSpeed="6.33" meanSpeedRelative="0.46" duration="2"/>
    <step time="39300.00" loaded="22764" inserted="22724" running="33" waiting="40" ended="22691" arrived="22691" collisions="0" teleports="0" halting="14" stopped="0" meanWaitingTime="38.14" meanTravelTime="114.24" meanSpeed="5.43" meanSpeedRelative="0.39" duration="1"/>
    <step time="39600.00" loaded="22878" inserted="22837" running="37" waiting="41" ended="22800" arrived="22800" collisions="0" teleports="0" halting="17" stopped="0" meanWaitingTime="38.36" meanTravelTime="114.13" meanSpeed="4.69" meanSpeedRelative="0.34" duration="1"/>
    <step time="39900.00" loaded="23002" inserted="22973" running="69" waiting="29" ended="22904" arrived="22904" collisions="0" teleports="0" halting="56" stopped="0" meanWaitingTime="38.68" meanTravelTime="114.10" meanSpeed="1.96" meanSpeedRelative="0.14" duration="1"/>
    <step time="40200.00" loaded="23091" inserted="23070" running="45" waiting="21" ended="23025" arrived="23025" collisions="0" teleports="0" halting="23" stopped="0" meanWaitingTime="38.95" meanTravelTime="114.31" meanSpeed="2.84" meanSpeedRelative="0.20" duration="1"/>
    <step time="40500.00" loaded="23189" inserted="23165" running="31" waiting="24" ended="23134" arrived="23134" collisions="0" teleports="0" halting="9" stopped="0" meanWaitingTime="39.05" meanTravelTime="114.44" meanSpeed="7.40" meanSpeedRelative="0.53" duration="2"/>
    <step time="40800.00" loaded="23297" inserted="23267" running="35" waiting="30" ended="23232" arrived="23232" collisions="0" teleports="0" halting="12" stopped="0" meanWaitingTime="39.32" meanTravelTime="114.35" meanSpeed="5.90" meanSpeedRelative="0.42" duration="2"/>
    <step time="41100.00" loaded="23381" inserted="23358" running="47" waiting="23" ended="23311" arrived="23311" collisions="0" teleports="0" halting="20" stopped="0" meanWaitingTime="39.49" meanTravelTime="114.41" meanSpeed="3.49" meanSpeedRelative="0.25" duration="1"/>
    <step time="41400.00" loaded="23444" inserted="23433" running="25" waiting="11" ended="23408" arrived="23408" collisions="0" teleports="0" halting="21" stopped="0" meanWaitingTime="39.57" meanTravelTime="114.61" meanSpeed="1.83" meanSpeedRelative="0.13" duration="1"/>
    <step time="41700.00" loaded="23542" inserted="23519" running="51" waiting="23" ended="23468" arrived="23468" collisions="0" teleports="0" halting="23" stopped="0" meanWaitingTime="39.72" meanTravelTime="114.68" meanSpeed="4.46" meanSpeedRelative="0.32" duration="2"/>
    <step time="42000.00" loaded="23624" inserted="23595" running="22" waiting="29" ended="23573" arrived="23573" collisions="0" teleports="0" halting="9" stopped="0" meanWaitingTime="39.87" meanTravelTime="114.84" meanSpeed="4.21" meanSpeedRelative="0.30" duration="1"/>
    <step time="42300.00" loaded="23727" inserted="23703" running="44" waiting="24" ended="23659" arrived="23659" collisions="0" teleports="0" halting="9" stopped="0" meanWaitingTime="40.12" meanTravelTime="114.73" meanSpeed="6.42" meanSpeedRelative="0.46" duration="2"/>
    <step time="42600.00" loaded="23839" inserted="23802" running="52" waiting="37" ended="23750" arrived="23750" collisions="0" teleports="0" halting="7" stopped="0" meanWaitingTime="40.32" meanTravelTime="114.74" meanSpeed="4.69" meanSpeedRelative="0.34" duration="2"/>
    <step time="42900.00" loaded="23938" inserted="23915" running="67" waiting="23" ended="23848" arrived="23848" collisions="0" teleports="0" halting="27" stopped="0" meanWaitingTime="40.60" meanTravelTime="114.87" meanSpeed="3.92" meanSpeedRelative="0.28" duration="2"/>
    <step time="43200.00" loaded="24038" inserted="24003" running="22" waiting="35" ended="23981" arrived="23981" collisions="0" teleports="0" halting="8" stopped="0" meanWaitingTime="40.72" meanTravelTime="115.19" meanSpeed="5.56" meanSpeedRelative="0.40" duration="1"/>
    <step time="43500.00" loaded="24115" inserted="24099" running="38" waiting="16" ended="24061" arrived="24061" collisions="0" teleports="0" halting="8" stopped="0" meanWaitingTime="40.85" meanTravelTime="115.14" meanSpeed="6.31" meanSpeedRelative="0.45" duration="1"/>
    <step time="43800.00" loaded="24217" inserted="24194" running="41" waiting="23" ended="24153" arrived="24153" collisions="0" teleports="0" halting="18" stopped="0" meanWaitingTime="40.95" meanTravelTime="115.14" meanSpeed="4.02" meanSpeedRelative="0.29" duration="1"/>
    <step time="44100.00" loaded="24323" inserted="24313" running="42" waiting="10" ended="24271" arrived="24271" collisions="0" teleports="0" halting="17" stopped="0" meanWaitingTime="41.01" meanTravelTime="115.08" meanSpeed="4.86" meanSpeedRelative="0.35" duration="2"/>
    <step time="44400.00" loaded="24434" inserted="24416" running="63" waiting="18" ended="24353" arrived="24353" collisions="0" teleports="0" halting="41" stopped="0" meanWaitingTime="41.00" meanTravelTime="115.01" meanSpeed="1.81" meanSpeedRelative="0.14" duration="3"/>
    <step time="44700.00" loaded="24537" inserted="24493" running="34" waiting="44" ended="24459" arrived="24459" collisions="0" teleports="0" halting="15" stopped="0" meanWaitingTime="41.16" meanTravelTime="115.45" meanSpeed="3.54" meanSpeedRelative="0.25" duration="1"/>
    <step time="45000.00" loaded="24641" inserted="24587" running="37" waiting="54" ended="24550" arrived="24550" collisions="0" teleports="0" halting="6" stopped="0" meanWaitingTime="41.50" meanTravelTime="115.45" meanSpeed="4.91" meanSpeedRelative="0.35" duration="1"/>
    <step time="45300.00" loaded="24730" inserted="24685" running="50" waiting="45" ended="24635" arrived="24635" collisions="0" teleports="0" halting="4" stopped="0" meanWaitingTime="41.84" meanTravelTime="115.54" meanSpeed="5.41" meanSpeedRelative="0.39" duration="2"/>
    <step time="45600.00" loaded="24814" inserted="24753" running="29" waiting="61" ended="24724" arrived="24724" collisions="0" teleports="0" halting="14" stopped="0" meanWaitingTime="42.07" meanTravelTime="115.71" meanSpeed="4.98" meanSpeedRelative="0.36" duration="2"/>
    <step time="45900.00" loaded="24903" inserted="24835" running="34" waiting="68" ended="24801" arrived="24801" collisions="0" teleports="0" halting="20" stopped="0" meanWaitingTime="42.76" meanTravelTime="115.66" meanSpeed="3.85" meanSpeedRelative="0.28" duration="1"/>
    <step time="46200.00" loaded="24983" inserted="24919" running="63" waiting="64" ended="24856" arrived="24856" collisions="0" teleports="0" halting="55" stopped="0" meanWaitingTime="43.37" meanTravelTime="115.55" meanSpeed="0.79" meanSpeedRelative="0.06" duration="2"/>
    <step time="46500.00" loaded="25031" inserted="25006" running="77" waiting="25" ended="24929" arrived="24929" collisions="0" teleports="0" halting="55" stopped="0" meanWaitingTime="43.98" meanTravelTime="115.39" meanSpeed="1.70" meanSpeedRelative="0.12" duration="1"/>
    <step time="46800.00" loaded="25051" inserted="25051" running="68" waiting="0" ended="24983" arrived="24983" collisions="0" teleports="0" halting="67" stopped="0" meanWaitingTime="44.24" meanTravelTime="115.30" meanSpeed="0.21" meanSpeedRelative="0.01" duration="2"/>
    <step time="47100.00" loaded="25069" inserted="25069" running="65" waiting="0" ended="25004" arrived="25004" collisions="0" teleports="0" halting="62" stopped="0" meanWaitingTime="44.21" meanTravelTime="115.24" meanSpeed="0.28" meanSpeedRelative="0.02" duration="1"/>
    <step time="47400.00" loaded="25085" inserted="25085" running="64" waiting="0" ended="25021" arrived="25021" collisions="0" teleports="0" halting="64" stopped="0" meanWaitingTime="44.18" meanTravelTime="115.19" meanSpeed="0.00" meanSpeedRelative="0.00" duration="1"/>
    <step time="47700.00" loaded="25099" inserted="25099" running="66" waiting="0" ended="25033" arrived="25033" collisions="0" teleports="0" halting="66" stopped="0" meanWaitingTime="44.16" meanTravelTime="115.15" meanSpeed="0.00" meanSpeedRelative="0.00" duration="2"/>
    <step time="48000.00" loaded="25112" inserted="25112" running="64" waiting="0" ended="25048" arrived="25048" collisions="0" teleports="0" halting="63" stopped="0" meanWaitingTime="44.13" meanTravelTime="115.11" meanSpeed="0.09" meanSpeedRelative="0.01" duration="1"/>
    <step time="48300.00" loaded="25126" inserted="25126" running="64" waiting="0" ended="25062" arrived="25062" collisions="0" teleports="0" halting="63" stopped="0" meanWaitingTime="44.11" meanTravelTime="115.07" meanSpeed="0.06" meanSpeedRelative="0.00" duration="1"/>
    <step time="48600.00" loaded="25142" inserted="25142" running="65" waiting="0" ended="25077" arrived="25077" collisions="0" teleports="0" halting="63" stopped="0" meanWaitingTime="44.08" meanTravelTime="115.02" meanSpeed="0.22" meanSpeedRelative="0.02" duration="1"/>
    <step time="48900.00" loaded="25157" inserted="25157" running="69" waiting="0" ended="25088" arrived="25088" collisions="0" teleports="0" halting="68" stopped="0" meanWaitingTime="44.05" meanTravelTime="114.98" meanSpeed="0.05" meanSpeedRelative="0.00" duration="1"/>
    <step time="49200.00" loaded="25166" inserted="25166" running="63" waiting="0" ended="25103" arrived="25103" collisions="0" teleports="0" halting="63" stopped="0" meanWaitingTime="44.04" meanTravelTime="114.95" meanSpeed="0.00" meanSpeedRelative="0.00" duration="1"/>
</summary>
