<?xml version="1.0" encoding="UTF-8"?>

<!-- generated on 2025-02-28 17:11:18 by Eclipse SUMO GUI Version 1.19.0
<configuration xmlns:xsi="http://www.w3.org/2001/XMLSchema-instance" xsi:noNamespaceSchemaLocation="http://sumo.dlr.de/xsd/sumoConfiguration.xsd">

    <input>
        <net-file value="Network.net.xml"/>
        <route-files value="CarRoutes.rou.xml"/>
        <additional-files value="Sensors.add.xml"/>
    </input>

    <output>
        <emission-output value="logs/Emissions.xml"/>
        <summary-output value="logs/Log_summary.xml"/>
        <summary-output.period value="300"/>
        <tripinfo-output value="logs/TripInfos.xml"/>
    </output>

    <time>
        <begin value="0"/>
        <end value="86400"/>
        <step-length value="0.25"/>
    </time>

    <processing>
        <ignore-junction-blocker value="0.1"/>
        <time-to-teleport value="-1"/>
    </processing>

    <report>
        <verbose value="true"/>
        <no-step-log value="true"/>
    </report>

    <emissions>
        <device.emissions.period value="10"/>
    </emissions>

    <traci_server>
        <remote-port value="57674"/>
    </traci_server>

    <gui_only>
        <quit-on-end value="true"/>
        <start value="true"/>
    </gui_only>

</configuration>
-->

<instantE1 xmlns:xsi="http://www.w3.org/2001/XMLSchema-instance" xsi:noNamespaceSchemaLocation="http://sumo.dlr.de/xsd/instant_e1_file.xsd">
    <instantOut id="235_D025" time="172.22" state="enter" vehID="Car_450" speed="9.88" length="5.00" type="DEFAULT_CAR"/>
    <instantOut id="235_D025" time="172.25" state="stay" vehID="Car_450" speed="9.88" length="5.00" type="DEFAULT_CAR"/>
    <instantOut id="235_D025" time="172.50" state="stay" vehID="Car_450" speed="9.73" length="5.00" type="DEFAULT_CAR"/>
    <instantOut id="235_D025" time="172.75" state="stay" vehID="Car_450" speed="8.98" length="5.00" type="DEFAULT_CAR"/>
    <instantOut id="235_D025" time="172.76" state="leave" vehID="Car_450" speed="8.23" length="5.00" type="DEFAULT_CAR" occupancy="0.53"/>
    <instantOut id="235_D025" time="1738.06" state="enter" vehID="Car_1044" speed="7.28" length="5.00" type="DEFAULT_CAR" gap="1565.30"/>
    <instantOut id="235_D025" time="1738.25" state="stay" vehID="Car_1044" speed="7.28" length="5.00" type="DEFAULT_CAR"/>
    <instantOut id="235_D025" time="1738.50" state="stay" vehID="Car_1044" speed="6.53" length="5.00" type="DEFAULT_CAR"/>
    <instantOut id="235_D025" time="1738.75" state="stay" vehID="Car_1044" speed="5.78" length="5.00" type="DEFAULT_CAR"/>
    <instantOut id="235_D025" time="1738.85" state="leave" vehID="Car_1044" speed="5.13" length="5.00" type="DEFAULT_CAR" occupancy="0.79"/>
    <instantOut id="235_D025" time="1775.00" state="enter" vehID="Car_808" speed="8.41" length="5.00" type="DEFAULT_CAR" gap="36.15"/>
    <instantOut id="235_D025" time="1775.00" state="stay" vehID="Car_808" speed="8.41" length="5.00" type="DEFAULT_CAR"/>
    <instantOut id="235_D025" time="1775.25" state="stay" vehID="Car_808" speed="7.66" length="5.00" type="DEFAULT_CAR"/>
    <instantOut id="235_D025" time="1775.50" state="stay" vehID="Car_808" speed="6.91" length="5.00" type="DEFAULT_CAR"/>
    <instantOut id="235_D025" time="1775.72" state="leave" vehID="Car_808" speed="6.18" length="5.00" type="DEFAULT_CAR" occupancy="0.72"/>
    <instantOut id="235_D025" time="3287.97" state="enter" vehID="Car_1509" speed="9.42" length="5.00" type="DEFAULT_CAR" gap="1512.25"/>
    <instantOut id="235_D025" time="3288.00" state="stay" vehID="Car_1509" speed="9.42" length="5.00" type="DEFAULT_CAR"/>
    <instantOut id="235_D025" time="3288.25" state="stay" vehID="Car_1509" speed="8.67" length="5.00" type="DEFAULT_CAR"/>
    <instantOut id="235_D025" time="3288.50" state="stay" vehID="Car_1509" speed="7.92" length="5.00" type="DEFAULT_CAR"/>
    <instantOut id="235_D025" time="3288.58" state="leave" vehID="Car_1509" speed="7.30" length="5.00" type="DEFAULT_CAR" occupancy="0.61"/>
    <instantOut id="235_D025" time="5085.30" state="enter" vehID="Car_2873" speed="7.91" length="5.00" type="DEFAULT_CAR" gap="1796.72"/>
    <instantOut id="235_D025" time="5085.50" state="stay" vehID="Car_2873" speed="7.91" length="5.00" type="DEFAULT_CAR"/>
    <instantOut id="235_D025" time="5085.75" state="stay" vehID="Car_2873" speed="7.17" length="5.00" type="DEFAULT_CAR"/>
    <instantOut id="235_D025" time="5086.00" state="stay" vehID="Car_2873" speed="6.42" length="5.00" type="DEFAULT_CAR"/>
    <instantOut id="235_D025" time="5086.01" state="leave" vehID="Car_2873" speed="5.69" length="5.00" type="DEFAULT_CAR" occupancy="0.70"/>
    <instantOut id="235_D025" time="5853.94" state="enter" vehID="Car_2995" speed="11.73" length="5.00" type="DEFAULT_CAR" gap="767.94"/>
    <instantOut id="235_D025" time="5854.00" state="stay" vehID="Car_2995" speed="11.73" length="5.00" type="DEFAULT_CAR"/>
    <instantOut id="235_D025" time="5854.25" state="stay" vehID="Car_2995" speed="10.98" length="5.00" type="DEFAULT_CAR"/>
    <instantOut id="235_D025" time="5854.40" state="leave" vehID="Car_2995" speed="10.23" length="5.00" type="DEFAULT_CAR" occupancy="0.46"/>
    <instantOut id="235_D025" time="6693.49" state="enter" vehID="Car_3799" speed="8.63" length="5.00" type="DEFAULT_CAR" gap="839.09"/>
    <instantOut id="235_D025" time="6693.50" state="stay" vehID="Car_3799" speed="8.63" length="5.00" type="DEFAULT_CAR"/>
    <instantOut id="235_D025" time="6693.75" state="stay" vehID="Car_3799" speed="8.20" length="5.00" type="DEFAULT_CAR"/>
    <instantOut id="235_D025" time="6694.00" state="stay" vehID="Car_3799" speed="7.45" length="5.00" type="DEFAULT_CAR"/>
    <instantOut id="235_D025" time="6694.15" state="leave" vehID="Car_3799" speed="6.70" length="5.00" type="DEFAULT_CAR" occupancy="0.66"/>
    <instantOut id="235_D025" time="7509.21" state="enter" vehID="Car_4037" speed="8.53" length="5.00" type="DEFAULT_CAR" gap="815.06"/>
    <instantOut id="235_D025" time="7509.25" state="stay" vehID="Car_4037" speed="8.53" length="5.00" type="DEFAULT_CAR"/>
    <instantOut id="235_D025" time="7509.50" state="stay" vehID="Car_4037" speed="7.78" length="5.00" type="DEFAULT_CAR"/>
    <instantOut id="235_D025" time="7509.75" state="stay" vehID="Car_4037" speed="7.03" length="5.00" type="DEFAULT_CAR"/>
    <instantOut id="235_D025" time="7509.90" state="leave" vehID="Car_4037" speed="6.28" length="5.00" type="DEFAULT_CAR" occupancy="0.69"/>
    <instantOut id="235_D025" time="7960.71" state="enter" vehID="Car_4698" speed="10.54" length="5.00" type="DEFAULT_CAR" gap="450.81"/>
    <instantOut id="235_D025" time="7960.75" state="stay" vehID="Car_4698" speed="10.54" length="5.00" type="DEFAULT_CAR"/>
    <instantOut id="235_D025" time="7961.00" state="stay" vehID="Car_4698" speed="10.96" length="5.00" type="DEFAULT_CAR"/>
    <instantOut id="235_D025" time="7961.18" state="leave" vehID="Car_4698" speed="10.21" length="5.00" type="DEFAULT_CAR" occupancy="0.47"/>
    <instantOut id="235_D025" time="11617.45" state="enter" vehID="Car_6690" speed="10.15" length="5.00" type="DEFAULT_CAR" gap="3656.27"/>
    <instantOut id="235_D025" time="11617.50" state="stay" vehID="Car_6690" speed="10.15" length="5.00" type="DEFAULT_CAR"/>
    <instantOut id="235_D025" time="11617.75" state="stay" vehID="Car_6690" speed="10.85" length="5.00" type="DEFAULT_CAR"/>
    <instantOut id="235_D025" time="11617.93" state="leave" vehID="Car_6690" speed="10.13" length="5.00" type="DEFAULT_CAR" occupancy="0.48"/>
    <instantOut id="235_D025" time="11621.27" state="enter" vehID="Car_6484" speed="8.42" length="5.00" type="DEFAULT_CAR" gap="3.34"/>
    <instantOut id="235_D025" time="11621.50" state="stay" vehID="Car_6484" speed="8.42" length="5.00" type="DEFAULT_CAR"/>
    <instantOut id="235_D025" time="11621.75" state="stay" vehID="Car_6484" speed="7.67" length="5.00" type="DEFAULT_CAR"/>
    <instantOut id="235_D025" time="11621.91" state="leave" vehID="Car_6484" speed="7.14" length="5.00" type="DEFAULT_CAR" occupancy="0.64"/>
    <instantOut id="235_D025" time="11916.70" state="enter" vehID="Car_6624" speed="10.03" length="5.00" type="DEFAULT_CAR" gap="294.79"/>
    <instantOut id="235_D025" time="11916.75" state="stay" vehID="Car_6624" speed="10.03" length="5.00" type="DEFAULT_CAR"/>
    <instantOut id="235_D025" time="11917.00" state="stay" vehID="Car_6624" speed="10.46" length="5.00" type="DEFAULT_CAR"/>
    <instantOut id="235_D025" time="11917.19" state="leave" vehID="Car_6624" speed="9.81" length="5.00" type="DEFAULT_CAR" occupancy="0.49"/>
    <instantOut id="235_D025" time="13165.00" state="enter" vehID="Car_7262" speed="8.74" length="5.00" type="DEFAULT_CAR" gap="1247.82"/>
    <instantOut id="235_D025" time="13165.25" state="stay" vehID="Car_7262" speed="8.74" length="5.00" type="DEFAULT_CAR"/>
    <instantOut id="235_D025" time="13165.50" state="stay" vehID="Car_7262" speed="7.99" length="5.00" type="DEFAULT_CAR"/>
    <instantOut id="235_D025" time="13165.62" state="leave" vehID="Car_7262" speed="7.24" length="5.00" type="DEFAULT_CAR" occupancy="0.61"/>
    <instantOut id="235_D025" time="14375.50" state="enter" vehID="Car_8076" speed="8.63" length="5.00" type="DEFAULT_CAR" gap="1209.88"/>
    <instantOut id="235_D025" time="14375.50" state="stay" vehID="Car_8076" speed="8.63" length="5.00" type="DEFAULT_CAR"/>
    <instantOut id="235_D025" time="14375.75" state="stay" vehID="Car_8076" speed="8.43" length="5.00" type="DEFAULT_CAR"/>
    <instantOut id="235_D025" time="14376.00" state="stay" vehID="Car_8076" speed="7.68" length="5.00" type="DEFAULT_CAR"/>
    <instantOut id="235_D025" time="14376.14" state="leave" vehID="Car_8076" speed="6.93" length="5.00" type="DEFAULT_CAR" occupancy="0.64"/>
    <instantOut id="235_D025" time="16617.22" state="enter" vehID="Car_9056" speed="8.70" length="5.00" type="DEFAULT_CAR" gap="2241.08"/>
    <instantOut id="235_D025" time="16617.25" state="stay" vehID="Car_9056" speed="8.70" length="5.00" type="DEFAULT_CAR"/>
    <instantOut id="235_D025" time="16617.50" state="stay" vehID="Car_9056" speed="7.95" length="5.00" type="DEFAULT_CAR"/>
    <instantOut id="235_D025" time="16617.75" state="stay" vehID="Car_9056" speed="7.20" length="5.00" type="DEFAULT_CAR"/>
    <instantOut id="235_D025" time="16617.89" state="leave" vehID="Car_9056" speed="6.45" length="5.00" type="DEFAULT_CAR" occupancy="0.68"/>
    <instantOut id="235_D025" time="17553.78" state="enter" vehID="Car_9924" speed="9.85" length="5.00" type="DEFAULT_CAR" gap="935.89"/>
    <instantOut id="235_D025" time="17554.00" state="stay" vehID="Car_9924" speed="9.85" length="5.00" type="DEFAULT_CAR"/>
    <instantOut id="235_D025" time="17554.25" state="stay" vehID="Car_9924" speed="9.10" length="5.00" type="DEFAULT_CAR"/>
    <instantOut id="235_D025" time="17554.32" state="leave" vehID="Car_9924" speed="8.35" length="5.00" type="DEFAULT_CAR" occupancy="0.54"/>
    <instantOut id="235_D025" time="17774.48" state="enter" vehID="Car_9590" speed="9.07" length="5.00" type="DEFAULT_CAR" gap="220.16"/>
    <instantOut id="235_D025" time="17774.50" state="stay" vehID="Car_9590" speed="9.07" length="5.00" type="DEFAULT_CAR"/>
    <instantOut id="235_D025" time="17774.75" state="stay" vehID="Car_9590" speed="9.81" length="5.00" type="DEFAULT_CAR"/>
    <instantOut id="235_D025" time="17775.00" state="stay" vehID="Car_9590" speed="9.39" length="5.00" type="DEFAULT_CAR"/>
    <instantOut id="235_D025" time="17775.01" state="leave" vehID="Car_9590" speed="8.64" length="5.00" type="DEFAULT_CAR" occupancy="0.52"/>
    <instantOut id="235_D025" time="18737.43" state="enter" vehID="Car_10215" speed="9.85" length="5.00" type="DEFAULT_CAR" gap="962.42"/>
    <instantOut id="235_D025" time="18737.50" state="stay" vehID="Car_10215" speed="9.85" length="5.00" type="DEFAULT_CAR"/>
    <instantOut id="235_D025" time="18737.75" state="stay" vehID="Car_10215" speed="10.79" length="5.00" type="DEFAULT_CAR"/>
    <instantOut id="235_D025" time="18737.90" state="leave" vehID="Car_10215" speed="10.46" length="5.00" type="DEFAULT_CAR" occupancy="0.47"/>
    <instantOut id="235_D025" time="19305.48" state="enter" vehID="Car_10871" speed="9.22" length="5.00" type="DEFAULT_CAR" gap="567.58"/>
    <instantOut id="235_D025" time="19305.50" state="stay" vehID="Car_10871" speed="9.22" length="5.00" type="DEFAULT_CAR"/>
    <instantOut id="235_D025" time="19305.75" state="stay" vehID="Car_10871" speed="9.78" length="5.00" type="DEFAULT_CAR"/>
    <instantOut id="235_D025" time="19305.99" state="leave" vehID="Car_10871" speed="10.22" length="5.00" type="DEFAULT_CAR" occupancy="0.50"/>
    <instantOut id="235_D025" time="20735.75" state="enter" vehID="Car_11989" speed="8.44" length="5.00" type="DEFAULT_CAR" gap="1429.77"/>
    <instantOut id="235_D025" time="20736.00" state="stay" vehID="Car_11989" speed="8.44" length="5.00" type="DEFAULT_CAR"/>
    <instantOut id="235_D025" time="20736.25" state="stay" vehID="Car_11989" speed="7.69" length="5.00" type="DEFAULT_CAR"/>
    <instantOut id="235_D025" time="20736.39" state="leave" vehID="Car_11989" speed="6.94" length="5.00" type="DEFAULT_CAR" occupancy="0.64"/>
    <instantOut id="235_D025" time="23091.24" state="enter" vehID="Car_13279" speed="8.87" length="5.00" type="DEFAULT_CAR" gap="2354.85"/>
    <instantOut id="235_D025" time="23091.25" state="stay" vehID="Car_13279" speed="8.87" length="5.00" type="DEFAULT_CAR"/>
    <instantOut id="235_D025" time="23091.50" state="stay" vehID="Car_13279" speed="8.32" length="5.00" type="DEFAULT_CAR"/>
    <instantOut id="235_D025" time="23091.75" state="stay" vehID="Car_13279" speed="7.57" length="5.00" type="DEFAULT_CAR"/>
    <instantOut id="235_D025" time="23091.89" state="leave" vehID="Car_13279" speed="6.96" length="5.00" type="DEFAULT_CAR" occupancy="0.65"/>
    <instantOut id="235_D025" time="24502.08" state="enter" vehID="Car_13993" speed="7.31" length="5.00" type="DEFAULT_CAR" gap="1410.19"/>
    <instantOut id="235_D025" time="24502.25" state="stay" vehID="Car_13993" speed="7.31" length="5.00" type="DEFAULT_CAR"/>
    <instantOut id="235_D025" time="24502.50" state="stay" vehID="Car_13993" speed="8.19" length="5.00" type="DEFAULT_CAR"/>
    <instantOut id="235_D025" time="24502.69" state="leave" vehID="Car_13993" speed="8.81" length="5.00" type="DEFAULT_CAR" occupancy="0.61"/>
    <instantOut id="235_D025" time="25524.44" state="enter" vehID="Car_14881" speed="9.88" length="5.00" type="DEFAULT_CAR" gap="1021.75"/>
    <instantOut id="235_D025" time="25524.50" state="stay" vehID="Car_14881" speed="9.88" length="5.00" type="DEFAULT_CAR"/>
    <instantOut id="235_D025" time="25524.75" state="stay" vehID="Car_14881" speed="9.71" length="5.00" type="DEFAULT_CAR"/>
    <instantOut id="235_D025" time="25524.97" state="leave" vehID="Car_14881" speed="9.23" length="5.00" type="DEFAULT_CAR" occupancy="0.52"/>
    <instantOut id="235_D025" time="26035.99" state="enter" vehID="Car_15342" speed="9.51" length="5.00" type="DEFAULT_CAR" gap="511.02"/>
    <instantOut id="235_D025" time="26036.00" state="stay" vehID="Car_15342" speed="9.51" length="5.00" type="DEFAULT_CAR"/>
    <instantOut id="235_D025" time="26036.25" state="stay" vehID="Car_15342" speed="8.88" length="5.00" type="DEFAULT_CAR"/>
    <instantOut id="235_D025" time="26036.50" state="stay" vehID="Car_15342" speed="8.13" length="5.00" type="DEFAULT_CAR"/>
    <instantOut id="235_D025" time="26036.58" state="leave" vehID="Car_15342" speed="7.46" length="5.00" type="DEFAULT_CAR" occupancy="0.60"/>
    <instantOut id="235_D025" time="26868.96" state="enter" vehID="Car_16054" speed="9.88" length="5.00" type="DEFAULT_CAR" gap="832.38"/>
    <instantOut id="235_D025" time="26869.00" state="stay" vehID="Car_16054" speed="9.88" length="5.00" type="DEFAULT_CAR"/>
    <instantOut id="235_D025" time="26869.25" state="stay" vehID="Car_16054" speed="9.42" length="5.00" type="DEFAULT_CAR"/>
    <instantOut id="235_D025" time="26869.50" state="stay" vehID="Car_16054" speed="8.75" length="5.00" type="DEFAULT_CAR"/>
    <instantOut id="235_D025" time="26869.51" state="leave" vehID="Car_16054" speed="8.11" length="5.00" type="DEFAULT_CAR" occupancy="0.55"/>
    <instantOut id="235_D025" time="28824.71" state="enter" vehID="Car_17297" speed="9.39" length="5.00" type="DEFAULT_CAR" gap="1955.20"/>
    <instantOut id="235_D025" time="28824.75" state="stay" vehID="Car_17297" speed="9.39" length="5.00" type="DEFAULT_CAR"/>
    <instantOut id="235_D025" time="28825.00" state="stay" vehID="Car_17297" speed="8.64" length="5.00" type="DEFAULT_CAR"/>
    <instantOut id="235_D025" time="28825.25" state="stay" vehID="Car_17297" speed="8.09" length="5.00" type="DEFAULT_CAR"/>
    <instantOut id="235_D025" time="28825.31" state="leave" vehID="Car_17297" speed="7.34" length="5.00" type="DEFAULT_CAR" occupancy="0.60"/>
    <instantOut id="235_D025" time="29125.97" state="enter" vehID="Car_17576" speed="7.06" length="5.00" type="DEFAULT_CAR" gap="300.66"/>
    <instantOut id="235_D025" time="29126.00" state="stay" vehID="Car_17576" speed="7.06" length="5.00" type="DEFAULT_CAR"/>
    <instantOut id="235_D025" time="29126.25" state="stay" vehID="Car_17576" speed="7.90" length="5.00" type="DEFAULT_CAR"/>
    <instantOut id="235_D025" time="29126.50" state="stay" vehID="Car_17576" speed="8.47" length="5.00" type="DEFAULT_CAR"/>
    <instantOut id="235_D025" time="29126.58" state="leave" vehID="Car_17576" speed="8.06" length="5.00" type="DEFAULT_CAR" occupancy="0.62"/>
    <instantOut id="235_D025" time="29218.17" state="enter" vehID="Car_17577" speed="10.10" length="5.00" type="DEFAULT_CAR" gap="91.59"/>
    <instantOut id="235_D025" time="29218.25" state="stay" vehID="Car_17577" speed="10.10" length="5.00" type="DEFAULT_CAR"/>
    <instantOut id="235_D025" time="29218.50" state="stay" vehID="Car_17577" speed="10.71" length="5.00" type="DEFAULT_CAR"/>
    <instantOut id="235_D025" time="29218.65" state="leave" vehID="Car_17577" speed="9.96" length="5.00" type="DEFAULT_CAR" occupancy="0.48"/>
    <instantOut id="235_D025" time="31081.70" state="enter" vehID="Car_18337" speed="9.92" length="5.00" type="DEFAULT_CAR" gap="1863.04"/>
    <instantOut id="235_D025" time="31081.75" state="stay" vehID="Car_18337" speed="9.92" length="5.00" type="DEFAULT_CAR"/>
    <instantOut id="235_D025" time="31082.00" state="stay" vehID="Car_18337" speed="10.58" length="5.00" type="DEFAULT_CAR"/>
    <instantOut id="235_D025" time="31082.17" state="leave" vehID="Car_18337" speed="10.51" length="5.00" type="DEFAULT_CAR" occupancy="0.48"/>
    <instantOut id="235_D025" time="31502.75" state="enter" vehID="Car_18825" speed="8.94" length="5.00" type="DEFAULT_CAR" gap="420.57"/>
    <instantOut id="235_D025" time="31502.75" state="stay" vehID="Car_18825" speed="8.94" length="5.00" type="DEFAULT_CAR"/>
    <instantOut id="235_D025" time="31503.00" state="stay" vehID="Car_18825" speed="8.40" length="5.00" type="DEFAULT_CAR"/>
    <instantOut id="235_D025" time="31503.25" state="stay" vehID="Car_18825" speed="7.65" length="5.00" type="DEFAULT_CAR"/>
    <instantOut id="235_D025" time="31503.39" state="leave" vehID="Car_18825" speed="6.90" length="5.00" type="DEFAULT_CAR" occupancy="0.64"/>
    <instantOut id="235_D025" time="34206.99" state="enter" vehID="Car_20763" speed="8.79" length="5.00" type="DEFAULT_CAR" gap="2703.60"/>
    <instantOut id="235_D025" time="34207.00" state="stay" vehID="Car_20763" speed="8.79" length="5.00" type="DEFAULT_CAR"/>
    <instantOut id="235_D025" time="34207.25" state="stay" vehID="Car_20763" speed="8.16" length="5.00" type="DEFAULT_CAR"/>
    <instantOut id="235_D025" time="34207.50" state="stay" vehID="Car_20763" speed="7.50" length="5.00" type="DEFAULT_CAR"/>
    <instantOut id="235_D025" time="34207.65" state="leave" vehID="Car_20763" speed="7.09" length="5.00" type="DEFAULT_CAR" occupancy="0.65"/>
    <instantOut id="235_D025" time="36779.22" state="enter" vehID="Car_21538" speed="9.59" length="5.00" type="DEFAULT_CAR" gap="2571.58"/>
    <instantOut id="235_D025" time="36779.25" state="stay" vehID="Car_21538" speed="9.59" length="5.00" type="DEFAULT_CAR"/>
    <instantOut id="235_D025" time="36779.50" state="stay" vehID="Car_21538" speed="9.29" length="5.00" type="DEFAULT_CAR"/>
    <instantOut id="235_D025" time="36779.75" state="stay" vehID="Car_21538" speed="8.54" length="5.00" type="DEFAULT_CAR"/>
    <instantOut id="235_D025" time="36779.78" state="leave" vehID="Car_21538" speed="7.79" length="5.00" type="DEFAULT_CAR" occupancy="0.56"/>
    <instantOut id="235_D025" time="36967.29" state="enter" vehID="Car_22070" speed="7.65" length="5.00" type="DEFAULT_CAR" gap="187.50"/>
    <instantOut id="235_D025" time="36967.50" state="stay" vehID="Car_22070" speed="7.65" length="5.00" type="DEFAULT_CAR"/>
    <instantOut id="235_D025" time="36967.75" state="stay" vehID="Car_22070" speed="7.10" length="5.00" type="DEFAULT_CAR"/>
    <instantOut id="235_D025" time="36968.00" state="stay" vehID="Car_22070" speed="6.35" length="5.00" type="DEFAULT_CAR"/>
    <instantOut id="235_D025" time="36968.00" state="leave" vehID="Car_22070" speed="5.60" length="5.00" type="DEFAULT_CAR" occupancy="0.71"/>
    <instantOut id="235_D025" time="37709.94" state="enter" vehID="Car_22160" speed="7.27" length="5.00" type="DEFAULT_CAR" gap="741.93"/>
    <instantOut id="235_D025" time="37710.00" state="stay" vehID="Car_22160" speed="7.27" length="5.00" type="DEFAULT_CAR"/>
    <instantOut id="235_D025" time="37710.25" state="stay" vehID="Car_22160" speed="7.22" length="5.00" type="DEFAULT_CAR"/>
    <instantOut id="235_D025" time="37710.50" state="stay" vehID="Car_22160" speed="6.59" length="5.00" type="DEFAULT_CAR"/>
    <instantOut id="235_D025" time="37710.69" state="leave" vehID="Car_22160" speed="5.84" length="5.00" type="DEFAULT_CAR" occupancy="0.75"/>
    <instantOut id="235_D025" time="39005.24" state="enter" vehID="Car_22849" speed="8.76" length="5.00" type="DEFAULT_CAR" gap="1294.55"/>
    <instantOut id="235_D025" time="39005.25" state="stay" vehID="Car_22849" speed="8.76" length="5.00" type="DEFAULT_CAR"/>
    <instantOut id="235_D025" time="39005.50" state="stay" vehID="Car_22849" speed="8.08" length="5.00" type="DEFAULT_CAR"/>
    <instantOut id="235_D025" time="39005.75" state="stay" vehID="Car_22849" speed="7.65" length="5.00" type="DEFAULT_CAR"/>
    <instantOut id="235_D025" time="39005.89" state="leave" vehID="Car_22849" speed="6.90" length="5.00" type="DEFAULT_CAR" occupancy="0.65"/>
    <instantOut id="235_D025" time="40419.76" state="enter" vehID="Car_23211" speed="8.83" length="5.00" type="DEFAULT_CAR" gap="1413.87"/>
    <instantOut id="235_D025" time="40420.00" state="stay" vehID="Car_23211" speed="8.83" length="5.00" type="DEFAULT_CAR"/>
    <instantOut id="235_D025" time="40420.25" state="stay" vehID="Car_23211" speed="8.28" length="5.00" type="DEFAULT_CAR"/>
    <instantOut id="235_D025" time="40420.36" state="leave" vehID="Car_23211" speed="7.53" length="5.00" type="DEFAULT_CAR" occupancy="0.60"/>
    <instantOut id="235_D025" time="41072.73" state="enter" vehID="Car_23290" speed="8.89" length="5.00" type="DEFAULT_CAR" gap="652.37"/>
    <instantOut id="235_D025" time="41072.75" state="stay" vehID="Car_23290" speed="8.89" length="5.00" type="DEFAULT_CAR"/>
    <instantOut id="235_D025" time="41073.00" state="stay" vehID="Car_23290" speed="8.14" length="5.00" type="DEFAULT_CAR"/>
    <instantOut id="235_D025" time="41073.25" state="stay" vehID="Car_23290" speed="7.60" length="5.00" type="DEFAULT_CAR"/>
    <instantOut id="235_D025" time="41073.38" state="leave" vehID="Car_23290" speed="6.85" length="5.00" type="DEFAULT_CAR" occupancy="0.65"/>
    <instantOut id="235_D025" time="42414.96" state="enter" vehID="Car_23716" speed="6.91" length="5.00" type="DEFAULT_CAR" gap="1341.58"/>
    <instantOut id="235_D025" time="42415.00" state="stay" vehID="Car_23716" speed="6.91" length="5.00" type="DEFAULT_CAR"/>
    <instantOut id="235_D025" time="42415.25" state="stay" vehID="Car_23716" speed="6.88" length="5.00" type="DEFAULT_CAR"/>
    <instantOut id="235_D025" time="42415.50" state="stay" vehID="Car_23716" speed="6.13" length="5.00" type="DEFAULT_CAR"/>
    <instantOut id="235_D025" time="42415.75" state="stay" vehID="Car_23716" speed="5.40" length="5.00" type="DEFAULT_CAR"/>
    <instantOut id="235_D025" time="42415.77" state="leave" vehID="Car_23716" speed="4.65" length="5.00" type="DEFAULT_CAR" occupancy="0.81"/>
    <instantOut id="235_D025" time="43771.70" state="enter" vehID="Car_24270" speed="8.60" length="5.00" type="DEFAULT_CAR" gap="1355.93"/>
    <instantOut id="235_D025" time="43771.75" state="stay" vehID="Car_24270" speed="8.60" length="5.00" type="DEFAULT_CAR"/>
    <instantOut id="235_D025" time="43772.00" state="stay" vehID="Car_24270" speed="7.85" length="5.00" type="DEFAULT_CAR"/>
    <instantOut id="235_D025" time="43772.25" state="stay" vehID="Car_24270" speed="7.10" length="5.00" type="DEFAULT_CAR"/>
    <instantOut id="235_D025" time="43772.38" state="leave" vehID="Car_24270" speed="6.40" length="5.00" type="DEFAULT_CAR" occupancy="0.68"/>
    <instantOut id="235_D025" time="44001.54" state="enter" vehID="Car_24417" speed="6.17" length="5.00" type="DEFAULT_CAR" gap="229.16"/>
    <instantOut id="235_D025" time="44001.75" state="stay" vehID="Car_24417" speed="6.17" length="5.00" type="DEFAULT_CAR"/>
    <instantOut id="235_D025" time="44002.00" state="stay" vehID="Car_24417" speed="5.72" length="5.00" type="DEFAULT_CAR"/>
    <instantOut id="235_D025" time="44002.25" state="stay" vehID="Car_24417" speed="4.97" length="5.00" type="DEFAULT_CAR"/>
    <instantOut id="235_D025" time="44002.49" state="leave" vehID="Car_24417" speed="4.22" length="5.00" type="DEFAULT_CAR" occupancy="0.95"/>
</instantE1>
