<?xml version="1.0" encoding="UTF-8"?>

<!-- generated on 2025-02-28 15:34:22 by Eclipse SUMO GUI Version 1.19.0
<configuration xmlns:xsi="http://www.w3.org/2001/XMLSchema-instance" xsi:noNamespaceSchemaLocation="http://sumo.dlr.de/xsd/sumoConfiguration.xsd">

    <input>
        <net-file value="Network.net.xml"/>
        <route-files value="CarRoutes.rou.xml"/>
        <additional-files value="Sensors.add.xml"/>
    </input>

    <output>
        <emission-output value="logs/Emissions.xml"/>
        <summary-output value="logs/Log_summary.xml"/>
        <summary-output.period value="300"/>
        <tripinfo-output value="logs/TripInfos.xml"/>
    </output>

    <time>
        <begin value="0"/>
        <end value="86400"/>
        <step-length value="0.25"/>
    </time>

    <processing>
        <ignore-junction-blocker value="0.1"/>
        <time-to-teleport value="-1"/>
    </processing>

    <report>
        <verbose value="true"/>
        <no-step-log value="true"/>
    </report>

    <emissions>
        <device.emissions.period value="10"/>
    </emissions>

    <traci_server>
        <remote-port value="56469"/>
    </traci_server>

    <gui_only>
        <quit-on-end value="true"/>
        <start value="true"/>
    </gui_only>

</configuration>
-->

<summary xmlns:xsi="http://www.w3.org/2001/XMLSchema-instance" xsi:noNamespaceSchemaLocation="http://sumo.dlr.de/xsd/summary_file.xsd">
    <step time="0.00" loaded="0" inserted="0" running="0" waiting="0" ended="0" arrived="0" collisions="0" teleports="0" halting="0" stopped="0" meanWaitingTime="-1.00" meanTravelTime="-1.00" meanSpeed="-1.00" meanSpeedRelative="-1.00" duration="0"/>
    <step time="300.00" loaded="207" inserted="192" running="87" waiting="15" ended="105" arrived="105" collisions="0" teleports="0" halting="37" stopped="0" meanWaitingTime="14.75" meanTravelTime="76.28" meanSpeed="3.75" meanSpeedRelative="0.27" duration="3"/>
    <step time="600.00" loaded="367" inserted="357" running="70" waiting="10" ended="287" arrived="287" collisions="0" teleports="0" halting="32" stopped="0" meanWaitingTime="12.93" meanTravelTime="116.20" meanSpeed="4.47" meanSpeedRelative="0.32" duration="1"/>
    <step time="900.00" loaded="523" inserted="512" running="59" waiting="11" ended="453" arrived="453" collisions="0" teleports="0" halting="22" stopped="0" meanWaitingTime="12.35" meanTravelTime="115.30" meanSpeed="5.09" meanSpeedRelative="0.37" duration="2"/>
    <step time="1200.00" loaded="696" inserted="667" running="57" waiting="29" ended="610" arrived="610" collisions="0" teleports="0" halting="10" stopped="0" meanWaitingTime="14.84" meanTravelTime="113.90" meanSpeed="6.31" meanSpeedRelative="0.45" duration="2"/>
    <step time="1500.00" loaded="862" inserted="842" running="83" waiting="20" ended="759" arrived="759" collisions="0" teleports="0" halting="29" stopped="0" meanWaitingTime="19.57" meanTravelTime="115.85" meanSpeed="3.50" meanSpeedRelative="0.25" duration="3"/>
    <step time="1800.00" loaded="1024" inserted="1007" running="84" waiting="17" ended="923" arrived="923" collisions="0" teleports="0" halting="41" stopped="0" meanWaitingTime="22.25" meanTravelTime="123.38" meanSpeed="3.07" meanSpeedRelative="0.22" duration="3"/>
    <step time="2100.00" loaded="1184" inserted="1169" running="66" waiting="15" ended="1103" arrived="1103" collisions="0" teleports="0" halting="39" stopped="0" meanWaitingTime="20.56" meanTravelTime="123.59" meanSpeed="3.23" meanSpeedRelative="0.23" duration="1"/>
    <step time="2400.00" loaded="1328" inserted="1312" running="46" waiting="16" ended="1266" arrived="1266" collisions="0" teleports="0" halting="16" stopped="0" meanWaitingTime="20.34" meanTravelTime="123.44" meanSpeed="4.86" meanSpeedRelative="0.35" duration="2"/>
    <step time="2700.00" loaded="1472" inserted="1471" running="52" waiting="1" ended="1419" arrived="1419" collisions="0" teleports="0" halting="14" stopped="0" meanWaitingTime="20.02" meanTravelTime="121.06" meanSpeed="6.52" meanSpeedRelative="0.47" duration="1"/>
    <step time="3000.00" loaded="1630" inserted="1623" running="46" waiting="7" ended="1577" arrived="1577" collisions="0" teleports="0" halting="19" stopped="0" meanWaitingTime="18.68" meanTravelTime="117.77" meanSpeed="4.09" meanSpeedRelative="0.29" duration="1"/>
    <step time="3300.00" loaded="1800" inserted="1779" running="66" waiting="21" ended="1713" arrived="1713" collisions="0" teleports="0" halting="16" stopped="0" meanWaitingTime="19.23" meanTravelTime="116.35" meanSpeed="5.65" meanSpeedRelative="0.41" duration="2"/>
    <step time="3600.00" loaded="1933" inserted="1917" running="40" waiting="16" ended="1877" arrived="1877" collisions="0" teleports="0" halting="15" stopped="0" meanWaitingTime="20.69" meanTravelTime="115.89" meanSpeed="5.15" meanSpeedRelative="0.37" duration="2"/>
    <step time="3900.00" loaded="2098" inserted="2098" running="79" waiting="0" ended="2019" arrived="2019" collisions="0" teleports="0" halting="39" stopped="0" meanWaitingTime="19.91" meanTravelTime="114.81" meanSpeed="3.23" meanSpeedRelative="0.23" duration="2"/>
    <step time="4200.00" loaded="2227" inserted="2222" running="40" waiting="5" ended="2182" arrived="2182" collisions="0" teleports="0" halting="8" stopped="0" meanWaitingTime="19.93" meanTravelTime="114.91" meanSpeed="5.18" meanSpeedRelative="0.37" duration="1"/>
    <step time="4500.00" loaded="2405" inserted="2404" running="66" waiting="1" ended="2338" arrived="2338" collisions="0" teleports="0" halting="27" stopped="0" meanWaitingTime="19.02" meanTravelTime="113.91" meanSpeed="4.62" meanSpeedRelative="0.33" duration="2"/>
    <step time="4800.00" loaded="2564" inserted="2558" running="45" waiting="6" ended="2513" arrived="2513" collisions="0" teleports="0" halting="15" stopped="0" meanWaitingTime="18.15" meanTravelTime="112.83" meanSpeed="5.50" meanSpeedRelative="0.40" duration="1"/>
    <step time="5100.00" loaded="2732" inserted="2722" running="58" waiting="10" ended="2664" arrived="2664" collisions="0" teleports="0" halting="10" stopped="0" meanWaitingTime="18.71" meanTravelTime="111.76" meanSpeed="5.76" meanSpeedRelative="0.41" duration="1"/>
    <step time="5400.00" loaded="2886" inserted="2884" running="47" waiting="2" ended="2837" arrived="2837" collisions="0" teleports="0" halting="13" stopped="0" meanWaitingTime="18.05" meanTravelTime="111.22" meanSpeed="6.16" meanSpeedRelative="0.44" duration="1"/>
    <step time="5700.00" loaded="3071" inserted="3056" running="77" waiting="15" ended="2979" arrived="2979" collisions="0" teleports="0" halting="35" stopped="0" meanWaitingTime="17.39" meanTravelTime="111.08" meanSpeed="3.58" meanSpeedRelative="0.26" duration="3"/>
    <step time="6000.00" loaded="3195" inserted="3192" running="38" waiting="3" ended="3154" arrived="3154" collisions="0" teleports="0" halting="15" stopped="0" meanWaitingTime="17.38" meanTravelTime="112.90" meanSpeed="4.51" meanSpeedRelative="0.32" duration="2"/>
    <step time="6300.00" loaded="3357" inserted="3339" running="70" waiting="18" ended="3269" arrived="3269" collisions="0" teleports="0" halting="32" stopped="0" meanWaitingTime="17.35" meanTravelTime="112.93" meanSpeed="4.07" meanSpeedRelative="0.29" duration="2"/>
    <step time="6600.00" loaded="3518" inserted="3510" running="47" waiting="8" ended="3463" arrived="3463" collisions="0" teleports="0" halting="18" stopped="0" meanWaitingTime="17.52" meanTravelTime="112.25" meanSpeed="4.19" meanSpeedRelative="0.30" duration="2"/>
    <step time="6900.00" loaded="3703" inserted="3686" running="59" waiting="17" ended="3627" arrived="3627" collisions="0" teleports="0" halting="21" stopped="0" meanWaitingTime="17.49" meanTravelTime="111.22" meanSpeed="5.02" meanSpeedRelative="0.36" duration="2"/>
    <step time="7200.00" loaded="3861" inserted="3841" running="48" waiting="20" ended="3793" arrived="3793" collisions="0" teleports="0" halting="14" stopped="0" meanWaitingTime="18.02" meanTravelTime="110.91" meanSpeed="5.48" meanSpeedRelative="0.39" duration="2"/>
    <step time="7500.00" loaded="4011" inserted="3999" running="39" waiting="12" ended="3960" arrived="3960" collisions="0" teleports="0" halting="18" stopped="0" meanWaitingTime="18.61" meanTravelTime="110.31" meanSpeed="4.43" meanSpeedRelative="0.32" duration="1"/>
    <step time="7800.00" loaded="4167" inserted="4144" running="38" waiting="23" ended="4106" arrived="4106" collisions="0" teleports="0" halting="7" stopped="0" meanWaitingTime="19.05" meanTravelTime="109.44" meanSpeed="6.04" meanSpeedRelative="0.43" duration="3"/>
    <step time="8100.00" loaded="4341" inserted="4326" running="46" waiting="15" ended="4280" arrived="4280" collisions="0" teleports="0" halting="14" stopped="0" meanWaitingTime="20.03" meanTravelTime="108.30" meanSpeed="4.52" meanSpeedRelative="0.35" duration="2"/>
    <step time="8400.00" loaded="4529" inserted="4526" running="58" waiting="3" ended="4468" arrived="4468" collisions="0" teleports="0" halting="20" stopped="0" meanWaitingTime="19.88" meanTravelTime="107.27" meanSpeed="4.31" meanSpeedRelative="0.31" duration="2"/>
    <step time="8700.00" loaded="4699" inserted="4697" running="64" waiting="2" ended="4633" arrived="4633" collisions="0" teleports="0" halting="19" stopped="0" meanWaitingTime="19.63" meanTravelTime="106.84" meanSpeed="5.59" meanSpeedRelative="0.40" duration="1"/>
    <step time="9000.00" loaded="4885" inserted="4868" running="52" waiting="17" ended="4816" arrived="4816" collisions="0" teleports="0" halting="14" stopped="0" meanWaitingTime="19.35" meanTravelTime="106.42" meanSpeed="5.50" meanSpeedRelative="0.40" duration="3"/>
    <step time="9300.00" loaded="5066" inserted="5047" running="53" waiting="19" ended="4994" arrived="4994" collisions="0" teleports="0" halting="23" stopped="0" meanWaitingTime="19.32" meanTravelTime="106.14" meanSpeed="4.83" meanSpeedRelative="0.35" duration="2"/>
    <step time="9600.00" loaded="5236" inserted="5224" running="58" waiting="12" ended="5166" arrived="5166" collisions="0" teleports="0" halting="21" stopped="0" meanWaitingTime="19.71" meanTravelTime="105.69" meanSpeed="5.08" meanSpeedRelative="0.37" duration="3"/>
    <step time="9900.00" loaded="5378" inserted="5373" running="40" waiting="5" ended="5333" arrived="5333" collisions="0" teleports="0" halting="15" stopped="0" meanWaitingTime="19.54" meanTravelTime="105.74" meanSpeed="5.98" meanSpeedRelative="0.43" duration="2"/>
    <step time="10200.00" loaded="5544" inserted="5536" running="53" waiting="8" ended="5483" arrived="5483" collisions="0" teleports="0" halting="8" stopped="0" meanWaitingTime="19.27" meanTravelTime="105.92" meanSpeed="5.95" meanSpeedRelative="0.43" duration="2"/>
    <step time="10500.00" loaded="5722" inserted="5711" running="65" waiting="11" ended="5646" arrived="5646" collisions="0" teleports="0" halting="15" stopped="0" meanWaitingTime="19.10" meanTravelTime="105.73" meanSpeed="6.86" meanSpeedRelative="0.49" duration="3"/>
    <step time="10800.00" loaded="5893" inserted="5886" running="67" waiting="7" ended="5819" arrived="5819" collisions="0" teleports="0" halting="11" stopped="0" meanWaitingTime="19.09" meanTravelTime="105.77" meanSpeed="5.88" meanSpeedRelative="0.42" duration="3"/>
    <step time="11100.00" loaded="6071" inserted="6053" running="69" waiting="18" ended="5984" arrived="5984" collisions="0" teleports="0" halting="28" stopped="0" meanWaitingTime="19.04" meanTravelTime="106.44" meanSpeed="3.19" meanSpeedRelative="0.23" duration="2"/>
    <step time="11400.00" loaded="6243" inserted="6208" running="56" waiting="35" ended="6152" arrived="6152" collisions="0" teleports="0" halting="14" stopped="0" meanWaitingTime="19.67" meanTravelTime="106.99" meanSpeed="5.74" meanSpeedRelative="0.41" duration="2"/>
    <step time="11700.00" loaded="6389" inserted="6368" running="66" waiting="21" ended="6302" arrived="6302" collisions="0" teleports="0" halting="13" stopped="0" meanWaitingTime="20.75" meanTravelTime="106.70" meanSpeed="5.10" meanSpeedRelative="0.37" duration="3"/>
    <step time="12000.00" loaded="6565" inserted="6557" running="74" waiting="8" ended="6483" arrived="6483" collisions="0" teleports="0" halting="31" stopped="0" meanWaitingTime="20.79" meanTravelTime="107.32" meanSpeed="3.60" meanSpeedRelative="0.26" duration="3"/>
    <step time="12300.00" loaded="6733" inserted="6729" running="69" waiting="4" ended="6660" arrived="6660" collisions="0" teleports="0" halting="28" stopped="0" meanWaitingTime="20.56" meanTravelTime="107.96" meanSpeed="4.55" meanSpeedRelative="0.33" duration="3"/>
    <step time="12600.00" loaded="6903" inserted="6873" running="59" waiting="30" ended="6814" arrived="6814" collisions="0" teleports="0" halting="23" stopped="0" meanWaitingTime="20.45" meanTravelTime="108.05" meanSpeed="4.58" meanSpeedRelative="0.33" duration="2"/>
    <step time="12900.00" loaded="7070" inserted="7045" running="53" waiting="25" ended="6992" arrived="6992" collisions="0" teleports="0" halting="22" stopped="0" meanWaitingTime="21.05" meanTravelTime="108.21" meanSpeed="3.97" meanSpeedRelative="0.29" duration="3"/>
    <step time="13200.00" loaded="7245" inserted="7217" running="69" waiting="28" ended="7148" arrived="7148" collisions="0" teleports="0" halting="18" stopped="0" meanWaitingTime="21.57" meanTravelTime="108.07" meanSpeed="5.86" meanSpeedRelative="0.42" duration="3"/>
    <step time="13500.00" loaded="7424" inserted="7394" running="65" waiting="30" ended="7329" arrived="7329" collisions="0" teleports="0" halting="21" stopped="0" meanWaitingTime="22.00" meanTravelTime="108.22" meanSpeed="3.57" meanSpeedRelative="0.26" duration="2"/>
    <step time="13800.00" loaded="7616" inserted="7582" running="79" waiting="34" ended="7503" arrived="7503" collisions="0" teleports="0" halting="17" stopped="0" meanWaitingTime="22.84" meanTravelTime="108.06" meanSpeed="6.92" meanSpeedRelative="0.50" duration="4"/>
    <step time="14100.00" loaded="7776" inserted="7759" running="69" waiting="17" ended="7690" arrived="7690" collisions="0" teleports="0" halting="22" stopped="0" meanWaitingTime="23.56" meanTravelTime="108.35" meanSpeed="5.05" meanSpeedRelative="0.38" duration="4"/>
    <step time="14400.00" loaded="7916" inserted="7894" running="58" waiting="22" ended="7836" arrived="7836" collisions="0" teleports="0" halting="15" stopped="0" meanWaitingTime="24.08" meanTravelTime="108.50" meanSpeed="5.48" meanSpeedRelative="0.39" duration="2"/>
    <step time="14700.00" loaded="8108" inserted="8093" running="64" waiting="15" ended="8029" arrived="8029" collisions="0" teleports="0" halting="19" stopped="0" meanWaitingTime="24.17" meanTravelTime="108.22" meanSpeed="5.81" meanSpeedRelative="0.42" duration="3"/>
    <step time="15000.00" loaded="8264" inserted="8255" running="92" waiting="9" ended="8163" arrived="8163" collisions="0" teleports="0" halting="11" stopped="0" meanWaitingTime="23.93" meanTravelTime="108.38" meanSpeed="6.57" meanSpeedRelative="0.48" duration="4"/>
    <step time="15300.00" loaded="8422" inserted="8388" running="57" waiting="34" ended="8331" arrived="8331" collisions="0" teleports="0" halting="20" stopped="0" meanWaitingTime="24.05" meanTravelTime="109.06" meanSpeed="5.16" meanSpeedRelative="0.37" duration="2"/>
    <step time="15600.00" loaded="8585" inserted="8575" running="73" waiting="10" ended="8502" arrived="8502" collisions="0" teleports="0" halting="18" stopped="0" meanWaitingTime="24.71" meanTravelTime="108.62" meanSpeed="6.22" meanSpeedRelative="0.45" duration="2"/>
    <step time="15900.00" loaded="8775" inserted="8765" running="91" waiting="10" ended="8674" arrived="8674" collisions="0" teleports="0" halting="30" stopped="0" meanWaitingTime="24.92" meanTravelTime="108.50" meanSpeed="4.60" meanSpeedRelative="0.33" duration="3"/>
    <step time="16200.00" loaded="8965" inserted="8952" running="59" waiting="13" ended="8893" arrived="8893" collisions="0" teleports="0" halting="17" stopped="0" meanWaitingTime="24.88" meanTravelTime="108.73" meanSpeed="3.88" meanSpeedRelative="0.28" duration="2"/>
    <step time="16500.00" loaded="9133" inserted="9130" running="50" waiting="3" ended="9080" arrived="9080" collisions="0" teleports="0" halting="19" stopped="0" meanWaitingTime="24.65" meanTravelTime="108.50" meanSpeed="5.44" meanSpeedRelative="0.39" duration="1"/>
    <step time="16800.00" loaded="9319" inserted="9302" running="65" waiting="17" ended="9237" arrived="9237" collisions="0" teleports="0" halting="10" stopped="0" meanWaitingTime="24.50" meanTravelTime="108.50" meanSpeed="5.80" meanSpeedRelative="0.42" duration="3"/>
    <step time="17100.00" loaded="9490" inserted="9469" running="59" waiting="21" ended="9410" arrived="9410" collisions="0" teleports="0" halting="10" stopped="0" meanWaitingTime="24.51" meanTravelTime="108.46" meanSpeed="4.75" meanSpeedRelative="0.34" duration="1"/>
    <step time="17400.00" loaded="9671" inserted="9650" running="68" waiting="21" ended="9582" arrived="9582" collisions="0" teleports="0" halting="25" stopped="0" meanWaitingTime="24.66" meanTravelTime="108.69" meanSpeed="5.07" meanSpeedRelative="0.36" duration="2"/>
    <step time="17700.00" loaded="9843" inserted="9820" running="73" waiting="23" ended="9747" arrived="9747" collisions="0" teleports="0" halting="20" stopped="0" meanWaitingTime="24.92" meanTravelTime="108.86" meanSpeed="4.85" meanSpeedRelative="0.35" duration="1"/>
    <step time="18000.00" loaded="10009" inserted="9988" running="64" waiting="21" ended="9924" arrived="9924" collisions="0" teleports="0" halting="25" stopped="0" meanWaitingTime="25.22" meanTravelTime="109.05" meanSpeed="4.64" meanSpeedRelative="0.35" duration="1"/>
    <step time="18300.00" loaded="10193" inserted="10160" running="42" waiting="33" ended="10118" arrived="10118" collisions="0" teleports="0" halting="22" stopped="0" meanWaitingTime="25.41" meanTravelTime="109.07" meanSpeed="4.86" meanSpeedRelative="0.35" duration="1"/>
    <step time="18600.00" loaded="10353" inserted="10323" running="69" waiting="30" ended="10254" arrived="10254" collisions="0" teleports="0" halting="22" stopped="0" meanWaitingTime="25.99" meanTravelTime="108.77" meanSpeed="5.00" meanSpeedRelative="0.36" duration="2"/>
    <step time="18900.00" loaded="10538" inserted="10504" running="73" waiting="34" ended="10431" arrived="10431" collisions="0" teleports="0" halting="12" stopped="0" meanWaitingTime="26.34" meanTravelTime="109.09" meanSpeed="7.63" meanSpeedRelative="0.55" duration="3"/>
    <step time="19200.00" loaded="10713" inserted="10686" running="59" waiting="27" ended="10627" arrived="10627" collisions="0" teleports="0" halting="34" stopped="0" meanWaitingTime="26.62" meanTravelTime="109.14" meanSpeed="3.34" meanSpeedRelative="0.24" duration="2"/>
    <step time="19500.00" loaded="10922" inserted="10896" running="95" waiting="26" ended="10801" arrived="10801" collisions="0" teleports="0" halting="28" stopped="0" meanWaitingTime="26.91" meanTravelTime="109.29" meanSpeed="4.02" meanSpeedRelative="0.29" duration="4"/>
    <step time="19800.00" loaded="11100" inserted="11067" running="75" waiting="33" ended="10992" arrived="10992" collisions="0" teleports="0" halting="30" stopped="0" meanWaitingTime="27.25" meanTravelTime="109.57" meanSpeed="4.42" meanSpeedRelative="0.33" duration="2"/>
    <step time="20100.00" loaded="11298" inserted="11272" running="89" waiting="26" ended="11183" arrived="11183" collisions="0" teleports="0" halting="25" stopped="0" meanWaitingTime="27.70" meanTravelTime="109.82" meanSpeed="5.19" meanSpeedRelative="0.37" duration="4"/>
    <step time="20400.00" loaded="11464" inserted="11439" running="76" waiting="25" ended="11363" arrived="11363" collisions="0" teleports="0" halting="21" stopped="0" meanWaitingTime="28.06" meanTravelTime="109.90" meanSpeed="4.93" meanSpeedRelative="0.36" duration="3"/>
    <step time="20700.00" loaded="11640" inserted="11616" running="68" waiting="24" ended="11548" arrived="11548" collisions="0" teleports="0" halting="28" stopped="0" meanWaitingTime="28.31" meanTravelTime="110.03" meanSpeed="3.75" meanSpeedRelative="0.27" duration="3"/>
    <step time="21000.00" loaded="11824" inserted="11808" running="71" waiting="16" ended="11737" arrived="11737" collisions="0" teleports="0" halting="33" stopped="0" meanWaitingTime="28.54" meanTravelTime="109.90" meanSpeed="3.06" meanSpeedRelative="0.22" duration="3"/>
    <step time="21300.00" loaded="11984" inserted="11963" running="61" waiting="21" ended="11902" arrived="11902" collisions="0" teleports="0" halting="19" stopped="0" meanWaitingTime="28.69" meanTravelTime="110.02" meanSpeed="5.28" meanSpeedRelative="0.38" duration="2"/>
    <step time="21600.00" loaded="12206" inserted="12174" running="90" waiting="32" ended="12084" arrived="12084" collisions="0" teleports="0" halting="14" stopped="0" meanWaitingTime="28.98" meanTravelTime="109.91" meanSpeed="5.79" meanSpeedRelative="0.42" duration="2"/>
    <step time="21900.00" loaded="12390" inserted="12363" running="63" waiting="27" ended="12300" arrived="12300" collisions="0" teleports="0" halting="29" stopped="0" meanWaitingTime="29.10" meanTravelTime="110.08" meanSpeed="3.51" meanSpeedRelative="0.25" duration="3"/>
    <step time="22200.00" loaded="12578" inserted="12548" running="78" waiting="30" ended="12470" arrived="12470" collisions="0" teleports="0" halting="19" stopped="0" meanWaitingTime="29.36" meanTravelTime="109.67" meanSpeed="5.06" meanSpeedRelative="0.36" duration="3"/>
    <step time="22500.00" loaded="12753" inserted="12704" running="48" waiting="49" ended="12656" arrived="12656" collisions="0" teleports="0" halting="11" stopped="0" meanWaitingTime="29.58" meanTravelTime="110.37" meanSpeed="4.98" meanSpeedRelative="0.36" duration="2"/>
    <step time="22800.00" loaded="12949" inserted="12936" running="110" waiting="13" ended="12826" arrived="12826" collisions="0" teleports="0" halting="63" stopped="0" meanWaitingTime="29.94" meanTravelTime="110.34" meanSpeed="2.80" meanSpeedRelative="0.21" duration="3"/>
    <step time="23100.00" loaded="13135" inserted="13118" running="141" waiting="17" ended="12977" arrived="12977" collisions="0" teleports="0" halting="70" stopped="0" meanWaitingTime="29.96" meanTravelTime="110.95" meanSpeed="2.74" meanSpeedRelative="0.20" duration="4"/>
    <step time="23400.00" loaded="13323" inserted="13296" running="111" waiting="27" ended="13185" arrived="13185" collisions="0" teleports="0" halting="53" stopped="0" meanWaitingTime="30.05" meanTravelTime="112.21" meanSpeed="2.76" meanSpeedRelative="0.20" duration="3"/>
    <step time="23700.00" loaded="13554" inserted="13511" running="95" waiting="43" ended="13416" arrived="13416" collisions="0" teleports="0" halting="33" stopped="0" meanWaitingTime="30.15" meanTravelTime="113.19" meanSpeed="4.77" meanSpeedRelative="0.34" duration="2"/>
    <step time="24000.00" loaded="13729" inserted="13691" running="73" waiting="38" ended="13618" arrived="13618" collisions="0" teleports="0" halting="24" stopped="0" meanWaitingTime="30.52" meanTravelTime="113.59" meanSpeed="3.71" meanSpeedRelative="0.27" duration="1"/>
    <step time="24300.00" loaded="13935" inserted="13893" running="97" waiting="42" ended="13796" arrived="13796" collisions="0" teleports="0" halting="38" stopped="0" meanWaitingTime="30.92" meanTravelTime="113.71" meanSpeed="3.34" meanSpeedRelative="0.24" duration="2"/>
    <step time="24600.00" loaded="14158" inserted="14105" running="89" waiting="53" ended="14016" arrived="14016" collisions="0" teleports="0" halting="41" stopped="0" meanWaitingTime="31.35" meanTravelTime="114.03" meanSpeed="3.51" meanSpeedRelative="0.25" duration="3"/>
    <step time="24900.00" loaded="14369" inserted="14312" running="71" waiting="57" ended="14241" arrived="14241" collisions="0" teleports="0" halting="25" stopped="0" meanWaitingTime="32.04" meanTravelTime="114.04" meanSpeed="5.15" meanSpeedRelative="0.37" duration="1"/>
    <step time="25200.00" loaded="14561" inserted="14498" running="76" waiting="63" ended="14422" arrived="14422" collisions="0" teleports="0" halting="36" stopped="0" meanWaitingTime="32.54" meanTravelTime="113.93" meanSpeed="4.12" meanSpeedRelative="0.30" duration="2"/>
    <step time="25500.00" loaded="14734" inserted="14699" running="77" waiting="35" ended="14622" arrived="14622" collisions="0" teleports="0" halting="25" stopped="0" meanWaitingTime="33.43" meanTravelTime="114.10" meanSpeed="4.88" meanSpeedRelative="0.35" duration="1"/>
    <step time="25800.00" loaded="14968" inserted="14930" running="105" waiting="38" ended="14825" arrived="14825" collisions="0" teleports="0" halting="39" stopped="0" meanWaitingTime="33.83" meanTravelTime="114.12" meanSpeed="3.67" meanSpeedRelative="0.26" duration="2"/>
    <step time="26100.00" loaded="15181" inserted="15151" running="79" waiting="30" ended="15072" arrived="15072" collisions="0" teleports="0" halting="27" stopped="0" meanWaitingTime="34.16" meanTravelTime="114.28" meanSpeed="4.59" meanSpeedRelative="0.34" duration="3"/>
    <step time="26400.00" loaded="15373" inserted="15330" running="77" waiting="43" ended="15253" arrived="15253" collisions="0" teleports="0" halting="32" stopped="0" meanWaitingTime="34.35" meanTravelTime="114.33" meanSpeed="4.34" meanSpeedRelative="0.31" duration="3"/>
    <step time="26700.00" loaded="15587" inserted="15559" running="99" waiting="28" ended="15460" arrived="15460" collisions="0" teleports="0" halting="19" stopped="0" meanWaitingTime="34.78" meanTravelTime="114.24" meanSpeed="5.61" meanSpeedRelative="0.40" duration="4"/>
    <step time="27000.00" loaded="15804" inserted="15767" running="108" waiting="37" ended="15659" arrived="15659" collisions="0" teleports="0" halting="27" stopped="0" meanWaitingTime="35.03" meanTravelTime="114.23" meanSpeed="4.72" meanSpeedRelative="0.34" duration="4"/>
    <step time="27300.00" loaded="16025" inserted="15985" running="91" waiting="40" ended="15894" arrived="15894" collisions="0" teleports="0" halting="39" stopped="0" meanWaitingTime="35.23" meanTravelTime="114.23" meanSpeed="3.72" meanSpeedRelative="0.27" duration="3"/>
    <step time="27600.00" loaded="16224" inserted="16182" running="76" waiting="42" ended="16106" arrived="16106" collisions="0" teleports="0" halting="46" stopped="0" meanWaitingTime="35.44" meanTravelTime="114.28" meanSpeed="2.81" meanSpeedRelative="0.20" duration="3"/>
    <step time="27900.00" loaded="16431" inserted="16397" running="59" waiting="34" ended="16338" arrived="16338" collisions="0" teleports="0" halting="15" stopped="0" meanWaitingTime="35.70" meanTravelTime="114.15" meanSpeed="5.99" meanSpeedRelative="0.43" duration="2"/>
    <step time="28200.00" loaded="16657" inserted="16632" running="66" waiting="25" ended="16566" arrived="16566" collisions="0" teleports="0" halting="14" stopped="0" meanWaitingTime="35.90" meanTravelTime="113.93" meanSpeed="6.81" meanSpeedRelative="0.49" duration="3"/>
    <step time="28500.00" loaded="16858" inserted="16828" running="78" waiting="30" ended="16750" arrived="16750" collisions="0" teleports="0" halting="21" stopped="0" meanWaitingTime="35.96" meanTravelTime="113.82" meanSpeed="5.93" meanSpeedRelative="0.43" duration="2"/>
    <step time="28800.00" loaded="17072" inserted="17040" running="72" waiting="32" ended="16968" arrived="16968" collisions="0" teleports="0" halting="24" stopped="0" meanWaitingTime="35.95" meanTravelTime="113.85" meanSpeed="4.30" meanSpeedRelative="0.31" duration="3"/>
    <step time="29100.00" loaded="17295" inserted="17257" running="76" waiting="38" ended="17181" arrived="17181" collisions="0" teleports="0" halting="30" stopped="0" meanWaitingTime="35.94" meanTravelTime="113.91" meanSpeed="3.54" meanSpeedRelative="0.25" duration="3"/>
    <step time="29400.00" loaded="17498" inserted="17452" running="84" waiting="46" ended="17368" arrived="17368" collisions="0" teleports="0" halting="27" stopped="0" meanWaitingTime="36.15" meanTravelTime="113.94" meanSpeed="3.90" meanSpeedRelative="0.28" duration="4"/>
    <step time="29700.00" loaded="17678" inserted="17645" running="51" waiting="33" ended="17594" arrived="17594" collisions="0" teleports="0" halting="14" stopped="0" meanWaitingTime="36.30" meanTravelTime="114.05" meanSpeed="5.23" meanSpeedRelative="0.38" duration="2"/>
    <step time="30000.00" loaded="17853" inserted="17821" running="56" waiting="32" ended="17765" arrived="17765" collisions="0" teleports="0" halting="16" stopped="0" meanWaitingTime="36.44" meanTravelTime="113.92" meanSpeed="5.90" meanSpeedRelative="0.42" duration="3"/>
    <step time="30300.00" loaded="18054" inserted="18015" running="87" waiting="39" ended="17928" arrived="17928" collisions="0" teleports="0" halting="42" stopped="0" meanWaitingTime="36.73" meanTravelTime="113.82" meanSpeed="3.07" meanSpeedRelative="0.24" duration="3"/>
    <step time="30600.00" loaded="18269" inserted="18222" running="94" waiting="47" ended="18128" arrived="18128" collisions="0" teleports="0" halting="38" stopped="0" meanWaitingTime="36.94" meanTravelTime="113.91" meanSpeed="4.95" meanSpeedRelative="0.36" duration="1"/>
    <step time="30900.00" loaded="18487" inserted="18447" running="108" waiting="40" ended="18339" arrived="18339" collisions="0" teleports="0" halting="48" stopped="0" meanWaitingTime="37.24" meanTravelTime="113.92" meanSpeed="2.77" meanSpeedRelative="0.20" duration="3"/>
    <step time="31200.00" loaded="18658" inserted="18613" running="77" waiting="45" ended="18536" arrived="18536" collisions="0" teleports="0" halting="24" stopped="0" meanWaitingTime="37.31" meanTravelTime="114.45" meanSpeed="3.70" meanSpeedRelative="0.27" duration="4"/>
    <step time="31500.00" loaded="18834" inserted="18793" running="76" waiting="41" ended="18717" arrived="18717" collisions="0" teleports="0" halting="33" stopped="0" meanWaitingTime="37.57" meanTravelTime="114.84" meanSpeed="3.69" meanSpeedRelative="0.27" duration="4"/>
    <step time="31800.00" loaded="18993" inserted="18958" running="69" waiting="35" ended="18889" arrived="18889" collisions="0" teleports="0" halting="18" stopped="0" meanWaitingTime="37.85" meanTravelTime="115.04" meanSpeed="4.99" meanSpeedRelative="0.37" duration="3"/>
    <step time="32100.00" loaded="19175" inserted="19138" running="63" waiting="37" ended="19075" arrived="19075" collisions="0" teleports="0" halting="22" stopped="0" meanWaitingTime="38.14" meanTravelTime="114.96" meanSpeed="5.72" meanSpeedRelative="0.41" duration="2"/>
    <step time="32400.00" loaded="19342" inserted="19293" running="54" waiting="49" ended="19239" arrived="19239" collisions="0" teleports="0" halting="17" stopped="0" meanWaitingTime="38.39" meanTravelTime="114.83" meanSpeed="6.40" meanSpeedRelative="0.46" duration="3"/>
    <step time="32700.00" loaded="19519" inserted="19477" running="66" waiting="42" ended="19411" arrived="19411" collisions="0" teleports="0" halting="11" stopped="0" meanWaitingTime="38.71" meanTravelTime="114.67" meanSpeed="5.57" meanSpeedRelative="0.40" duration="2"/>
    <step time="33000.00" loaded="19688" inserted="19656" running="80" waiting="32" ended="19576" arrived="19576" collisions="0" teleports="0" halting="15" stopped="0" meanWaitingTime="38.98" meanTravelTime="114.72" meanSpeed="4.33" meanSpeedRelative="0.31" duration="3"/>
    <step time="33300.00" loaded="19822" inserted="19808" running="79" waiting="14" ended="19729" arrived="19729" collisions="0" teleports="0" halting="22" stopped="0" meanWaitingTime="39.12" meanTravelTime="115.02" meanSpeed="4.74" meanSpeedRelative="0.35" duration="2"/>
    <step time="33600.00" loaded="20017" inserted="19997" running="57" waiting="20" ended="19940" arrived="19940" collisions="0" teleports="0" halting="23" stopped="0" meanWaitingTime="39.03" meanTravelTime="115.02" meanSpeed="5.34" meanSpeedRelative="0.38" duration="3"/>
    <step time="33900.00" loaded="20170" inserted="20149" running="79" waiting="21" ended="20070" arrived="20070" collisions="0" teleports="0" halting="23" stopped="0" meanWaitingTime="38.97" meanTravelTime="114.92" meanSpeed="3.43" meanSpeedRelative="0.25" duration="3"/>
    <step time="34200.00" loaded="20329" inserted="20307" running="77" waiting="22" ended="20230" arrived="20230" collisions="0" teleports="0" halting="21" stopped="0" meanWaitingTime="38.92" meanTravelTime="115.11" meanSpeed="4.39" meanSpeedRelative="0.32" duration="4"/>
    <step time="34500.00" loaded="20494" inserted="20469" running="79" waiting="25" ended="20390" arrived="20390" collisions="0" teleports="0" halting="33" stopped="0" meanWaitingTime="38.99" meanTravelTime="115.22" meanSpeed="3.21" meanSpeedRelative="0.24" duration="3"/>
    <step time="34800.00" loaded="20646" inserted="20615" running="57" waiting="31" ended="20558" arrived="20558" collisions="0" teleports="0" halting="19" stopped="0" meanWaitingTime="39.13" meanTravelTime="115.50" meanSpeed="4.23" meanSpeedRelative="0.30" duration="3"/>
    <step time="35100.00" loaded="20783" inserted="20770" running="58" waiting="13" ended="20712" arrived="20712" collisions="0" teleports="0" halting="12" stopped="0" meanWaitingTime="39.24" meanTravelTime="115.51" meanSpeed="6.03" meanSpeedRelative="0.43" duration="3"/>
    <step time="35400.00" loaded="20920" inserted="20913" running="44" waiting="7" ended="20869" arrived="20869" collisions="0" teleports="0" halting="7" stopped="0" meanWaitingTime="39.04" meanTravelTime="115.39" meanSpeed="7.26" meanSpeedRelative="0.52" duration="2"/>
    <step time="35700.00" loaded="21063" inserted="21056" running="44" waiting="7" ended="21012" arrived="21012" collisions="0" teleports="0" halting="19" stopped="0" meanWaitingTime="38.90" meanTravelTime="115.31" meanSpeed="4.26" meanSpeedRelative="0.31" duration="2"/>
    <step time="36000.00" loaded="21218" inserted="21212" running="60" waiting="6" ended="21152" arrived="21152" collisions="0" teleports="0" halting="17" stopped="0" meanWaitingTime="38.75" meanTravelTime="115.15" meanSpeed="3.97" meanSpeedRelative="0.29" duration="3"/>
    <step time="36300.00" loaded="21392" inserted="21375" running="64" waiting="17" ended="21311" arrived="21311" collisions="0" teleports="0" halting="36" stopped="0" meanWaitingTime="38.61" meanTravelTime="115.17" meanSpeed="2.84" meanSpeedRelative="0.20" duration="3"/>
    <step time="36600.00" loaded="21541" inserted="21532" running="67" waiting="9" ended="21465" arrived="21465" collisions="0" teleports="0" halting="6" stopped="0" meanWaitingTime="38.51" meanTravelTime="115.23" meanSpeed="5.30" meanSpeedRelative="0.38" duration="2"/>
    <step time="36900.00" loaded="21677" inserted="21656" running="36" waiting="21" ended="21620" arrived="21620" collisions="0" teleports="0" halting="7" stopped="0" meanWaitingTime="38.35" meanTravelTime="115.35" meanSpeed="6.23" meanSpeedRelative="0.45" duration="2"/>
    <step time="37200.00" loaded="21798" inserted="21775" running="43" waiting="23" ended="21732" arrived="21732" collisions="0" teleports="0" halting="28" stopped="0" meanWaitingTime="38.33" meanTravelTime="115.23" meanSpeed="1.94" meanSpeedRelative="0.14" duration="2"/>
    <step time="37500.00" loaded="21938" inserted="21901" running="55" waiting="37" ended="21846" arrived="21846" collisions="0" teleports="0" halting="15" stopped="0" meanWaitingTime="38.48" meanTravelTime="115.33" meanSpeed="5.10" meanSpeedRelative="0.38" duration="3"/>
    <step time="37800.00" loaded="22091" inserted="22050" running="63" waiting="41" ended="21987" arrived="21987" collisions="0" teleports="0" halting="32" stopped="0" meanWaitingTime="38.72" meanTravelTime="115.37" meanSpeed="4.05" meanSpeedRelative="0.29" duration="1"/>
    <step time="38100.00" loaded="22236" inserted="22193" running="57" waiting="43" ended="22136" arrived="22136" collisions="0" teleports="0" halting="7" stopped="0" meanWaitingTime="38.94" meanTravelTime="115.39" meanSpeed="5.67" meanSpeedRelative="0.41" duration="2"/>
    <step time="38400.00" loaded="22360" inserted="22329" running="53" waiting="31" ended="22276" arrived="22276" collisions="0" teleports="0" halting="30" stopped="0" meanWaitingTime="39.21" meanTravelTime="115.50" meanSpeed="3.14" meanSpeedRelative="0.23" duration="2"/>
    <step time="38700.00" loaded="22460" inserted="22446" running="48" waiting="14" ended="22398" arrived="22398" collisions="0" teleports="0" halting="32" stopped="0" meanWaitingTime="39.38" meanTravelTime="115.53" meanSpeed="2.80" meanSpeedRelative="0.22" duration="2"/>
    <step time="39000.00" loaded="22566" inserted="22534" running="39" waiting="32" ended="22495" arrived="22495" collisions="0" teleports="0" halting="6" stopped="0" meanWaitingTime="39.57" meanTravelTime="115.56" meanSpeed="7.27" meanSpeedRelative="0.52" duration="2"/>
    <step time="39300.00" loaded="22695" inserted="22655" running="38" waiting="40" ended="22617" arrived="22617" collisions="0" teleports="0" halting="20" stopped="0" meanWaitingTime="39.79" meanTravelTime="115.53" meanSpeed="4.47" meanSpeedRelative="0.32" duration="0"/>
    <step time="39600.00" loaded="22806" inserted="22767" running="36" waiting="39" ended="22731" arrived="22731" collisions="0" teleports="0" halting="18" stopped="0" meanWaitingTime="40.00" meanTravelTime="115.47" meanSpeed="4.84" meanSpeedRelative="0.35" duration="2"/>
    <step time="39900.00" loaded="22926" inserted="22898" running="66" waiting="28" ended="22832" arrived="22832" collisions="0" teleports="0" halting="53" stopped="0" meanWaitingTime="40.29" meanTravelTime="115.41" meanSpeed="1.62" meanSpeedRelative="0.12" duration="2"/>
    <step time="40200.00" loaded="23016" inserted="22995" running="51" waiting="21" ended="22944" arrived="22944" collisions="0" teleports="0" halting="22" stopped="0" meanWaitingTime="40.54" meanTravelTime="115.65" meanSpeed="3.16" meanSpeedRelative="0.23" duration="3"/>
    <step time="40500.00" loaded="23115" inserted="23092" running="37" waiting="23" ended="23055" arrived="23055" collisions="0" teleports="0" halting="9" stopped="0" meanWaitingTime="40.64" meanTravelTime="115.85" meanSpeed="6.55" meanSpeedRelative="0.47" duration="1"/>
    <step time="40800.00" loaded="23223" inserted="23193" running="39" waiting="30" ended="23154" arrived="23154" collisions="0" teleports="0" halting="16" stopped="0" meanWaitingTime="40.88" meanTravelTime="115.77" meanSpeed="4.76" meanSpeedRelative="0.34" duration="2"/>
    <step time="41100.00" loaded="23306" inserted="23283" running="46" waiting="23" ended="23237" arrived="23237" collisions="0" teleports="0" halting="26" stopped="0" meanWaitingTime="41.05" meanTravelTime="115.83" meanSpeed="3.17" meanSpeedRelative="0.23" duration="2"/>
    <step time="41400.00" loaded="23368" inserted="23358" running="32" waiting="10" ended="23326" arrived="23326" collisions="0" teleports="0" halting="26" stopped="0" meanWaitingTime="41.13" meanTravelTime="116.04" meanSpeed="1.89" meanSpeedRelative="0.14" duration="2"/>
    <step time="41700.00" loaded="23466" inserted="23443" running="58" waiting="23" ended="23385" arrived="23385" collisions="0" teleports="0" halting="30" stopped="0" meanWaitingTime="41.26" meanTravelTime="116.12" meanSpeed="3.84" meanSpeedRelative="0.28" duration="3"/>
    <step time="42000.00" loaded="23546" inserted="23517" running="27" waiting="29" ended="23490" arrived="23490" collisions="0" teleports="0" halting="9" stopped="0" meanWaitingTime="41.42" meanTravelTime="116.41" meanSpeed="4.62" meanSpeedRelative="0.33" duration="1"/>
    <step time="42300.00" loaded="23650" inserted="23626" running="38" waiting="24" ended="23588" arrived="23588" collisions="0" teleports="0" halting="11" stopped="0" meanWaitingTime="41.65" meanTravelTime="116.33" meanSpeed="5.33" meanSpeedRelative="0.38" duration="1"/>
    <step time="42600.00" loaded="23763" inserted="23726" running="50" waiting="37" ended="23676" arrived="23676" collisions="0" teleports="0" halting="8" stopped="0" meanWaitingTime="41.84" meanTravelTime="116.30" meanSpeed="5.95" meanSpeedRelative="0.43" duration="3"/>
    <step time="42900.00" loaded="23864" inserted="23842" running="68" waiting="22" ended="23774" arrived="23774" collisions="0" teleports="0" halting="25" stopped="0" meanWaitingTime="42.12" meanTravelTime="116.47" meanSpeed="4.69" meanSpeedRelative="0.34" duration="3"/>
    <step time="43200.00" loaded="23964" inserted="23929" running="28" waiting="35" ended="23901" arrived="23901" collisions="0" teleports="0" halting="6" stopped="0" meanWaitingTime="42.23" meanTravelTime="116.80" meanSpeed="5.56" meanSpeedRelative="0.42" duration="1"/>
    <step time="43500.00" loaded="24042" inserted="24031" running="47" waiting="11" ended="23984" arrived="23984" collisions="0" teleports="0" halting="8" stopped="0" meanWaitingTime="42.36" meanTravelTime="116.75" meanSpeed="6.15" meanSpeedRelative="0.44" duration="1"/>
    <step time="43800.00" loaded="24145" inserted="24125" running="39" waiting="20" ended="24086" arrived="24086" collisions="0" teleports="0" halting="17" stopped="0" meanWaitingTime="42.41" meanTravelTime="116.76" meanSpeed="4.56" meanSpeedRelative="0.33" duration="0"/>
    <step time="44100.00" loaded="24250" inserted="24240" running="57" waiting="10" ended="24183" arrived="24183" collisions="0" teleports="0" halting="32" stopped="0" meanWaitingTime="42.44" meanTravelTime="116.73" meanSpeed="3.08" meanSpeedRelative="0.22" duration="2"/>
    <step time="44400.00" loaded="24360" inserted="24341" running="82" waiting="19" ended="24259" arrived="24259" collisions="0" teleports="0" halting="70" stopped="0" meanWaitingTime="42.43" meanTravelTime="116.70" meanSpeed="0.63" meanSpeedRelative="0.05" duration="1"/>
    <step time="44700.00" loaded="24463" inserted="24420" running="47" waiting="43" ended="24373" arrived="24373" collisions="0" teleports="0" halting="11" stopped="0" meanWaitingTime="42.59" meanTravelTime="117.42" meanSpeed="5.09" meanSpeedRelative="0.37" duration="2"/>
    <step time="45000.00" loaded="24570" inserted="24529" running="50" waiting="41" ended="24479" arrived="24479" collisions="0" teleports="0" halting="5" stopped="0" meanWaitingTime="42.90" meanTravelTime="117.61" meanSpeed="6.36" meanSpeedRelative="0.47" duration="1"/>
    <step time="45300.00" loaded="24659" inserted="24630" running="65" waiting="29" ended="24565" arrived="24565" collisions="0" teleports="0" halting="15" stopped="0" meanWaitingTime="43.14" meanTravelTime="117.78" meanSpeed="4.15" meanSpeedRelative="0.30" duration="3"/>
    <step time="45600.00" loaded="24743" inserted="24714" running="41" waiting="29" ended="24673" arrived="24673" collisions="0" teleports="0" halting="27" stopped="0" meanWaitingTime="43.31" meanTravelTime="118.03" meanSpeed="2.91" meanSpeedRelative="0.21" duration="2"/>
    <step time="45900.00" loaded="24829" inserted="24783" running="42" waiting="46" ended="24741" arrived="24741" collisions="0" teleports="0" halting="39" stopped="0" meanWaitingTime="43.55" meanTravelTime="118.09" meanSpeed="0.78" meanSpeedRelative="0.06" duration="2"/>
    <step time="46200.00" loaded="24909" inserted="24861" running="43" waiting="48" ended="24818" arrived="24818" collisions="0" teleports="0" halting="37" stopped="0" meanWaitingTime="43.77" meanTravelTime="117.91" meanSpeed="1.10" meanSpeedRelative="0.08" duration="2"/>
    <step time="46500.00" loaded="24957" inserted="24951" running="67" waiting="6" ended="24884" arrived="24884" collisions="0" teleports="0" halting="51" stopped="0" meanWaitingTime="44.10" meanTravelTime="117.80" meanSpeed="1.46" meanSpeedRelative="0.11" duration="3"/>
    <step time="46800.00" loaded="24977" inserted="24977" running="55" waiting="0" ended="24922" arrived="24922" collisions="0" teleports="0" halting="54" stopped="0" meanWaitingTime="44.11" meanTravelTime="117.74" meanSpeed="0.23" meanSpeedRelative="0.02" duration="2"/>
    <step time="47100.00" loaded="24995" inserted="24995" running="51" waiting="0" ended="24944" arrived="24944" collisions="0" teleports="0" halting="48" stopped="0" meanWaitingTime="44.08" meanTravelTime="117.66" meanSpeed="0.33" meanSpeedRelative="0.02" duration="1"/>
    <step time="47400.00" loaded="25011" inserted="25011" running="50" waiting="0" ended="24961" arrived="24961" collisions="0" teleports="0" halting="50" stopped="0" meanWaitingTime="44.05" meanTravelTime="117.61" meanSpeed="0.00" meanSpeedRelative="0.00" duration="2"/>
    <step time="47700.00" loaded="25025" inserted="25025" running="51" waiting="0" ended="24974" arrived="24974" collisions="0" teleports="0" halting="51" stopped="0" meanWaitingTime="44.03" meanTravelTime="117.57" meanSpeed="0.00" meanSpeedRelative="0.00" duration="2"/>
    <step time="48000.00" loaded="25038" inserted="25038" running="50" waiting="0" ended="24988" arrived="24988" collisions="0" teleports="0" halting="49" stopped="0" meanWaitingTime="44.01" meanTravelTime="117.54" meanSpeed="0.13" meanSpeedRelative="0.01" duration="1"/>
    <step time="48300.00" loaded="25052" inserted="25052" running="49" waiting="0" ended="25003" arrived="25003" collisions="0" teleports="0" halting="48" stopped="0" meanWaitingTime="43.98" meanTravelTime="117.49" meanSpeed="0.07" meanSpeedRelative="0.00" duration="2"/>
    <step time="48600.00" loaded="25068" inserted="25068" running="50" waiting="0" ended="25018" arrived="25018" collisions="0" teleports="0" halting="48" stopped="0" meanWaitingTime="43.95" meanTravelTime="117.43" meanSpeed="0.29" meanSpeedRelative="0.02" duration="1"/>
    <step time="48900.00" loaded="25083" inserted="25083" running="54" waiting="0" ended="25029" arrived="25029" collisions="0" teleports="0" halting="53" stopped="0" meanWaitingTime="43.93" meanTravelTime="117.39" meanSpeed="0.06" meanSpeedRelative="0.00" duration="2"/>
    <step time="49200.00" loaded="25092" inserted="25092" running="48" waiting="0" ended="25044" arrived="25044" collisions="0" teleports="0" halting="48" stopped="0" meanWaitingTime="43.91" meanTravelTime="117.36" meanSpeed="0.00" meanSpeedRelative="0.00" duration="1"/>
</summary>
