<?xml version="1.0" encoding="UTF-8"?>

<!-- generated on 2025-02-28 16:38:30 by Eclipse SUMO GUI Version 1.19.0
<configuration xmlns:xsi="http://www.w3.org/2001/XMLSchema-instance" xsi:noNamespaceSchemaLocation="http://sumo.dlr.de/xsd/sumoConfiguration.xsd">

    <input>
        <net-file value="Network.net.xml"/>
        <route-files value="CarRoutes.rou.xml"/>
        <additional-files value="Sensors.add.xml"/>
    </input>

    <output>
        <emission-output value="logs/Emissions.xml"/>
        <summary-output value="logs/Log_summary.xml"/>
        <summary-output.period value="300"/>
        <tripinfo-output value="logs/TripInfos.xml"/>
    </output>

    <time>
        <begin value="0"/>
        <end value="86400"/>
        <step-length value="0.25"/>
    </time>

    <processing>
        <ignore-junction-blocker value="0.1"/>
        <time-to-teleport value="-1"/>
    </processing>

    <report>
        <verbose value="true"/>
        <no-step-log value="true"/>
    </report>

    <emissions>
        <device.emissions.period value="10"/>
    </emissions>

    <traci_server>
        <remote-port value="57364"/>
    </traci_server>

    <gui_only>
        <quit-on-end value="true"/>
        <start value="true"/>
    </gui_only>

</configuration>
-->

<summary xmlns:xsi="http://www.w3.org/2001/XMLSchema-instance" xsi:noNamespaceSchemaLocation="http://sumo.dlr.de/xsd/summary_file.xsd">
    <step time="0.00" loaded="0" inserted="0" running="0" waiting="0" ended="0" arrived="0" collisions="0" teleports="0" halting="0" stopped="0" meanWaitingTime="-1.00" meanTravelTime="-1.00" meanSpeed="-1.00" meanSpeedRelative="-1.00" duration="0"/>
    <step time="300.00" loaded="211" inserted="196" running="88" waiting="15" ended="108" arrived="108" collisions="0" teleports="0" halting="44" stopped="0" meanWaitingTime="14.44" meanTravelTime="77.20" meanSpeed="3.65" meanSpeedRelative="0.26" duration="4"/>
    <step time="600.00" loaded="372" inserted="362" running="82" waiting="10" ended="280" arrived="280" collisions="0" teleports="0" halting="35" stopped="0" meanWaitingTime="14.24" meanTravelTime="112.77" meanSpeed="5.42" meanSpeedRelative="0.40" duration="3"/>
    <step time="900.00" loaded="528" inserted="517" running="63" waiting="11" ended="454" arrived="454" collisions="0" teleports="0" halting="32" stopped="0" meanWaitingTime="13.14" meanTravelTime="117.49" meanSpeed="3.79" meanSpeedRelative="0.27" duration="3"/>
    <step time="1200.00" loaded="700" inserted="684" running="62" waiting="16" ended="622" arrived="622" collisions="0" teleports="0" halting="8" stopped="0" meanWaitingTime="16.72" meanTravelTime="115.13" meanSpeed="5.73" meanSpeedRelative="0.41" duration="2"/>
    <step time="1500.00" loaded="867" inserted="847" running="69" waiting="20" ended="778" arrived="778" collisions="0" teleports="0" halting="15" stopped="0" meanWaitingTime="17.73" meanTravelTime="116.99" meanSpeed="4.48" meanSpeedRelative="0.32" duration="3"/>
    <step time="1800.00" loaded="1028" inserted="1011" running="50" waiting="17" ended="961" arrived="961" collisions="0" teleports="0" halting="18" stopped="0" meanWaitingTime="20.48" meanTravelTime="118.94" meanSpeed="4.84" meanSpeedRelative="0.37" duration="2"/>
    <step time="2100.00" loaded="1188" inserted="1173" running="67" waiting="15" ended="1106" arrived="1106" collisions="0" teleports="0" halting="32" stopped="0" meanWaitingTime="19.04" meanTravelTime="115.60" meanSpeed="3.46" meanSpeedRelative="0.25" duration="3"/>
    <step time="2400.00" loaded="1335" inserted="1319" running="39" waiting="16" ended="1280" arrived="1280" collisions="0" teleports="0" halting="14" stopped="0" meanWaitingTime="18.95" meanTravelTime="116.12" meanSpeed="5.19" meanSpeedRelative="0.37" duration="2"/>
    <step time="2700.00" loaded="1479" inserted="1478" running="56" waiting="1" ended="1422" arrived="1422" collisions="0" teleports="0" halting="15" stopped="0" meanWaitingTime="18.87" meanTravelTime="113.96" meanSpeed="4.49" meanSpeedRelative="0.32" duration="1"/>
    <step time="3000.00" loaded="1637" inserted="1630" running="65" waiting="7" ended="1565" arrived="1565" collisions="0" teleports="0" halting="31" stopped="0" meanWaitingTime="17.68" meanTravelTime="115.75" meanSpeed="3.08" meanSpeedRelative="0.22" duration="2"/>
    <step time="3300.00" loaded="1809" inserted="1794" running="64" waiting="15" ended="1730" arrived="1730" collisions="0" teleports="0" halting="18" stopped="0" meanWaitingTime="17.87" meanTravelTime="115.72" meanSpeed="5.65" meanSpeedRelative="0.41" duration="3"/>
    <step time="3600.00" loaded="1941" inserted="1941" running="44" waiting="0" ended="1897" arrived="1897" collisions="0" teleports="0" halting="16" stopped="0" meanWaitingTime="17.62" meanTravelTime="115.31" meanSpeed="5.07" meanSpeedRelative="0.37" duration="2"/>
    <step time="3900.00" loaded="2107" inserted="2107" running="80" waiting="0" ended="2027" arrived="2027" collisions="0" teleports="0" halting="42" stopped="0" meanWaitingTime="16.34" meanTravelTime="113.95" meanSpeed="3.03" meanSpeedRelative="0.22" duration="4"/>
    <step time="4200.00" loaded="2237" inserted="2237" running="46" waiting="0" ended="2191" arrived="2191" collisions="0" teleports="0" halting="6" stopped="0" meanWaitingTime="16.45" meanTravelTime="115.39" meanSpeed="6.74" meanSpeedRelative="0.49" duration="2"/>
    <step time="4500.00" loaded="2413" inserted="2412" running="75" waiting="1" ended="2337" arrived="2337" collisions="0" teleports="0" halting="36" stopped="0" meanWaitingTime="15.71" meanTravelTime="114.26" meanSpeed="3.71" meanSpeedRelative="0.27" duration="4"/>
    <step time="4800.00" loaded="2571" inserted="2565" running="42" waiting="6" ended="2523" arrived="2523" collisions="0" teleports="0" halting="16" stopped="0" meanWaitingTime="15.03" meanTravelTime="113.43" meanSpeed="4.74" meanSpeedRelative="0.35" duration="2"/>
    <step time="5100.00" loaded="2739" inserted="2730" running="61" waiting="9" ended="2669" arrived="2669" collisions="0" teleports="0" halting="14" stopped="0" meanWaitingTime="15.73" meanTravelTime="111.97" meanSpeed="5.77" meanSpeedRelative="0.42" duration="3"/>
    <step time="5400.00" loaded="2890" inserted="2888" running="50" waiting="2" ended="2838" arrived="2838" collisions="0" teleports="0" halting="18" stopped="0" meanWaitingTime="15.21" meanTravelTime="111.54" meanSpeed="5.52" meanSpeedRelative="0.40" duration="2"/>
    <step time="5700.00" loaded="3078" inserted="3063" running="76" waiting="15" ended="2987" arrived="2987" collisions="0" teleports="0" halting="45" stopped="0" meanWaitingTime="14.72" meanTravelTime="111.00" meanSpeed="3.56" meanSpeedRelative="0.26" duration="4"/>
    <step time="6000.00" loaded="3203" inserted="3200" running="42" waiting="3" ended="3158" arrived="3158" collisions="0" teleports="0" halting="16" stopped="0" meanWaitingTime="14.80" meanTravelTime="112.30" meanSpeed="4.73" meanSpeedRelative="0.34" duration="1"/>
    <step time="6300.00" loaded="3367" inserted="3350" running="58" waiting="17" ended="3292" arrived="3292" collisions="0" teleports="0" halting="22" stopped="0" meanWaitingTime="14.88" meanTravelTime="112.59" meanSpeed="4.56" meanSpeedRelative="0.33" duration="2"/>
    <step time="6600.00" loaded="3529" inserted="3521" running="59" waiting="8" ended="3462" arrived="3462" collisions="0" teleports="0" halting="18" stopped="0" meanWaitingTime="15.15" meanTravelTime="112.15" meanSpeed="5.54" meanSpeedRelative="0.40" duration="3"/>
    <step time="6900.00" loaded="3713" inserted="3696" running="60" waiting="17" ended="3636" arrived="3636" collisions="0" teleports="0" halting="24" stopped="0" meanWaitingTime="15.23" meanTravelTime="111.31" meanSpeed="4.19" meanSpeedRelative="0.30" duration="3"/>
    <step time="7200.00" loaded="3870" inserted="3851" running="51" waiting="19" ended="3800" arrived="3800" collisions="0" teleports="0" halting="25" stopped="0" meanWaitingTime="15.80" meanTravelTime="111.18" meanSpeed="4.27" meanSpeedRelative="0.31" duration="2"/>
    <step time="7500.00" loaded="4021" inserted="4016" running="48" waiting="5" ended="3968" arrived="3968" collisions="0" teleports="0" halting="16" stopped="0" meanWaitingTime="16.45" meanTravelTime="110.88" meanSpeed="5.82" meanSpeedRelative="0.42" duration="1"/>
    <step time="7800.00" loaded="4175" inserted="4165" running="51" waiting="10" ended="4114" arrived="4114" collisions="0" teleports="0" halting="13" stopped="0" meanWaitingTime="16.46" meanTravelTime="110.09" meanSpeed="4.68" meanSpeedRelative="0.34" duration="2"/>
    <step time="8100.00" loaded="4348" inserted="4335" running="49" waiting="13" ended="4286" arrived="4286" collisions="0" teleports="0" halting="17" stopped="0" meanWaitingTime="16.73" meanTravelTime="109.90" meanSpeed="5.17" meanSpeedRelative="0.39" duration="3"/>
    <step time="8400.00" loaded="4532" inserted="4528" running="72" waiting="4" ended="4456" arrived="4456" collisions="0" teleports="0" halting="27" stopped="0" meanWaitingTime="16.71" meanTravelTime="109.00" meanSpeed="4.17" meanSpeedRelative="0.30" duration="1"/>
    <step time="8700.00" loaded="4702" inserted="4697" running="79" waiting="5" ended="4618" arrived="4618" collisions="0" teleports="0" halting="28" stopped="0" meanWaitingTime="16.54" meanTravelTime="109.89" meanSpeed="4.63" meanSpeedRelative="0.33" duration="2"/>
    <step time="9000.00" loaded="4893" inserted="4876" running="63" waiting="17" ended="4813" arrived="4813" collisions="0" teleports="0" halting="14" stopped="0" meanWaitingTime="16.41" meanTravelTime="109.84" meanSpeed="5.10" meanSpeedRelative="0.37" duration="2"/>
    <step time="9300.00" loaded="5075" inserted="5057" running="54" waiting="18" ended="5003" arrived="5003" collisions="0" teleports="0" halting="21" stopped="0" meanWaitingTime="16.46" meanTravelTime="109.56" meanSpeed="4.70" meanSpeedRelative="0.34" duration="1"/>
    <step time="9600.00" loaded="5245" inserted="5231" running="56" waiting="14" ended="5175" arrived="5175" collisions="0" teleports="0" halting="13" stopped="0" meanWaitingTime="17.01" meanTravelTime="109.10" meanSpeed="6.70" meanSpeedRelative="0.48" duration="3"/>
    <step time="9900.00" loaded="5389" inserted="5383" running="64" waiting="6" ended="5319" arrived="5319" collisions="0" teleports="0" halting="14" stopped="0" meanWaitingTime="16.96" meanTravelTime="108.87" meanSpeed="4.51" meanSpeedRelative="0.32" duration="2"/>
    <step time="10200.00" loaded="5555" inserted="5546" running="64" waiting="9" ended="5482" arrived="5482" collisions="0" teleports="0" halting="8" stopped="0" meanWaitingTime="16.99" meanTravelTime="109.78" meanSpeed="4.58" meanSpeedRelative="0.33" duration="2"/>
    <step time="10500.00" loaded="5731" inserted="5719" running="58" waiting="12" ended="5661" arrived="5661" collisions="0" teleports="0" halting="13" stopped="0" meanWaitingTime="16.89" meanTravelTime="110.01" meanSpeed="5.33" meanSpeedRelative="0.38" duration="3"/>
    <step time="10800.00" loaded="5904" inserted="5898" running="83" waiting="6" ended="5815" arrived="5815" collisions="0" teleports="0" halting="22" stopped="0" meanWaitingTime="16.95" meanTravelTime="110.03" meanSpeed="4.00" meanSpeedRelative="0.29" duration="3"/>
    <step time="11100.00" loaded="6085" inserted="6067" running="67" waiting="18" ended="6000" arrived="6000" collisions="0" teleports="0" halting="31" stopped="0" meanWaitingTime="16.94" meanTravelTime="111.02" meanSpeed="3.63" meanSpeedRelative="0.26" duration="2"/>
    <step time="11400.00" loaded="6258" inserted="6225" running="59" waiting="33" ended="6166" arrived="6166" collisions="0" teleports="0" halting="19" stopped="0" meanWaitingTime="17.60" meanTravelTime="111.13" meanSpeed="5.77" meanSpeedRelative="0.42" duration="3"/>
    <step time="11700.00" loaded="6401" inserted="6380" running="53" waiting="21" ended="6327" arrived="6327" collisions="0" teleports="0" halting="12" stopped="0" meanWaitingTime="18.65" meanTravelTime="110.89" meanSpeed="4.12" meanSpeedRelative="0.30" duration="2"/>
    <step time="12000.00" loaded="6578" inserted="6570" running="62" waiting="8" ended="6508" arrived="6508" collisions="0" teleports="0" halting="25" stopped="0" meanWaitingTime="18.74" meanTravelTime="110.87" meanSpeed="4.11" meanSpeedRelative="0.30" duration="2"/>
    <step time="12300.00" loaded="6746" inserted="6746" running="61" waiting="0" ended="6685" arrived="6685" collisions="0" teleports="0" halting="23" stopped="0" meanWaitingTime="18.50" meanTravelTime="111.02" meanSpeed="4.57" meanSpeedRelative="0.33" duration="3"/>
    <step time="12600.00" loaded="6915" inserted="6894" running="50" waiting="21" ended="6844" arrived="6844" collisions="0" teleports="0" halting="22" stopped="0" meanWaitingTime="18.35" meanTravelTime="110.87" meanSpeed="4.78" meanSpeedRelative="0.34" duration="2"/>
    <step time="12900.00" loaded="7084" inserted="7068" running="56" waiting="16" ended="7012" arrived="7012" collisions="0" teleports="0" halting="17" stopped="0" meanWaitingTime="18.53" meanTravelTime="110.70" meanSpeed="4.57" meanSpeedRelative="0.33" duration="2"/>
    <step time="13200.00" loaded="7258" inserted="7237" running="83" waiting="21" ended="7154" arrived="7154" collisions="0" teleports="0" halting="22" stopped="0" meanWaitingTime="18.68" meanTravelTime="110.54" meanSpeed="5.03" meanSpeedRelative="0.36" duration="4"/>
    <step time="13500.00" loaded="7434" inserted="7425" running="77" waiting="9" ended="7348" arrived="7348" collisions="0" teleports="0" halting="27" stopped="0" meanWaitingTime="18.66" meanTravelTime="111.25" meanSpeed="4.14" meanSpeedRelative="0.30" duration="2"/>
    <step time="13800.00" loaded="7628" inserted="7612" running="68" waiting="16" ended="7544" arrived="7544" collisions="0" teleports="0" halting="20" stopped="0" meanWaitingTime="18.78" meanTravelTime="111.18" meanSpeed="6.09" meanSpeedRelative="0.44" duration="3"/>
    <step time="14100.00" loaded="7788" inserted="7784" running="64" waiting="4" ended="7720" arrived="7720" collisions="0" teleports="0" halting="14" stopped="0" meanWaitingTime="18.85" meanTravelTime="111.34" meanSpeed="5.99" meanSpeedRelative="0.43" duration="3"/>
    <step time="14400.00" loaded="7928" inserted="7917" running="54" waiting="11" ended="7863" arrived="7863" collisions="0" teleports="0" halting="13" stopped="0" meanWaitingTime="19.04" meanTravelTime="111.63" meanSpeed="6.65" meanSpeedRelative="0.48" duration="3"/>
    <step time="14700.00" loaded="8120" inserted="8104" running="66" waiting="16" ended="8038" arrived="8038" collisions="0" teleports="0" halting="10" stopped="0" meanWaitingTime="19.04" meanTravelTime="111.27" meanSpeed="5.61" meanSpeedRelative="0.40" duration="4"/>
    <step time="15000.00" loaded="8279" inserted="8274" running="88" waiting="5" ended="8186" arrived="8186" collisions="0" teleports="0" halting="14" stopped="0" meanWaitingTime="18.84" meanTravelTime="111.52" meanSpeed="5.85" meanSpeedRelative="0.42" duration="3"/>
    <step time="15300.00" loaded="8442" inserted="8409" running="69" waiting="33" ended="8340" arrived="8340" collisions="0" teleports="0" halting="29" stopped="0" meanWaitingTime="19.04" meanTravelTime="112.11" meanSpeed="3.99" meanSpeedRelative="0.29" duration="3"/>
    <step time="15600.00" loaded="8606" inserted="8594" running="68" waiting="12" ended="8526" arrived="8526" collisions="0" teleports="0" halting="20" stopped="0" meanWaitingTime="19.77" meanTravelTime="112.20" meanSpeed="5.01" meanSpeedRelative="0.36" duration="2"/>
    <step time="15900.00" loaded="8797" inserted="8788" running="97" waiting="9" ended="8691" arrived="8691" collisions="0" teleports="0" halting="40" stopped="0" meanWaitingTime="20.16" meanTravelTime="112.16" meanSpeed="4.00" meanSpeedRelative="0.29" duration="3"/>
    <step time="16200.00" loaded="8986" inserted="8974" running="71" waiting="12" ended="8903" arrived="8903" collisions="0" teleports="0" halting="16" stopped="0" meanWaitingTime="20.20" meanTravelTime="112.37" meanSpeed="5.53" meanSpeedRelative="0.40" duration="2"/>
    <step time="16500.00" loaded="9151" inserted="9148" running="68" waiting="3" ended="9080" arrived="9080" collisions="0" teleports="0" halting="18" stopped="0" meanWaitingTime="20.05" meanTravelTime="112.61" meanSpeed="4.89" meanSpeedRelative="0.35" duration="3"/>
    <step time="16800.00" loaded="9336" inserted="9321" running="66" waiting="15" ended="9255" arrived="9255" collisions="0" teleports="0" halting="17" stopped="0" meanWaitingTime="20.00" meanTravelTime="112.80" meanSpeed="5.13" meanSpeedRelative="0.37" duration="3"/>
    <step time="17100.00" loaded="9504" inserted="9483" running="55" waiting="21" ended="9428" arrived="9428" collisions="0" teleports="0" halting="20" stopped="0" meanWaitingTime="20.09" meanTravelTime="112.89" meanSpeed="5.54" meanSpeedRelative="0.40" duration="1"/>
    <step time="17400.00" loaded="9684" inserted="9663" running="62" waiting="21" ended="9601" arrived="9601" collisions="0" teleports="0" halting="32" stopped="0" meanWaitingTime="20.31" meanTravelTime="112.70" meanSpeed="4.62" meanSpeedRelative="0.33" duration="2"/>
    <step time="17700.00" loaded="9857" inserted="9833" running="65" waiting="24" ended="9768" arrived="9768" collisions="0" teleports="0" halting="18" stopped="0" meanWaitingTime="20.64" meanTravelTime="112.88" meanSpeed="5.13" meanSpeedRelative="0.37" duration="2"/>
    <step time="18000.00" loaded="10021" inserted="10000" running="71" waiting="21" ended="9929" arrived="9929" collisions="0" teleports="0" halting="29" stopped="0" meanWaitingTime="21.06" meanTravelTime="113.17" meanSpeed="4.73" meanSpeedRelative="0.34" duration="3"/>
    <step time="18300.00" loaded="10208" inserted="10175" running="49" waiting="33" ended="10126" arrived="10126" collisions="0" teleports="0" halting="25" stopped="0" meanWaitingTime="21.32" meanTravelTime="113.30" meanSpeed="4.36" meanSpeedRelative="0.31" duration="2"/>
    <step time="18600.00" loaded="10372" inserted="10341" running="62" waiting="31" ended="10279" arrived="10279" collisions="0" teleports="0" halting="16" stopped="0" meanWaitingTime="21.94" meanTravelTime="113.10" meanSpeed="6.45" meanSpeedRelative="0.46" duration="2"/>
    <step time="18900.00" loaded="10561" inserted="10526" running="71" waiting="35" ended="10455" arrived="10455" collisions="0" teleports="0" halting="17" stopped="0" meanWaitingTime="22.36" meanTravelTime="112.92" meanSpeed="6.95" meanSpeedRelative="0.50" duration="2"/>
    <step time="19200.00" loaded="10736" inserted="10709" running="66" waiting="27" ended="10643" arrived="10643" collisions="0" teleports="0" halting="35" stopped="0" meanWaitingTime="22.76" meanTravelTime="112.71" meanSpeed="4.03" meanSpeedRelative="0.29" duration="2"/>
    <step time="19500.00" loaded="10946" inserted="10921" running="91" waiting="25" ended="10830" arrived="10830" collisions="0" teleports="0" halting="23" stopped="0" meanWaitingTime="23.12" meanTravelTime="112.83" meanSpeed="4.57" meanSpeedRelative="0.33" duration="2"/>
    <step time="19800.00" loaded="11122" inserted="11091" running="80" waiting="31" ended="11011" arrived="11011" collisions="0" teleports="0" halting="34" stopped="0" meanWaitingTime="23.51" meanTravelTime="113.15" meanSpeed="4.54" meanSpeedRelative="0.33" duration="2"/>
    <step time="20100.00" loaded="11320" inserted="11294" running="99" waiting="26" ended="11195" arrived="11195" collisions="0" teleports="0" halting="20" stopped="0" meanWaitingTime="24.00" meanTravelTime="113.43" meanSpeed="4.28" meanSpeedRelative="0.31" duration="3"/>
    <step time="20400.00" loaded="11486" inserted="11461" running="68" waiting="25" ended="11393" arrived="11393" collisions="0" teleports="0" halting="22" stopped="0" meanWaitingTime="24.49" meanTravelTime="113.62" meanSpeed="5.17" meanSpeedRelative="0.37" duration="3"/>
    <step time="20700.00" loaded="11659" inserted="11636" running="72" waiting="23" ended="11564" arrived="11564" collisions="0" teleports="0" halting="42" stopped="0" meanWaitingTime="24.79" meanTravelTime="113.63" meanSpeed="3.43" meanSpeedRelative="0.25" duration="1"/>
    <step time="21000.00" loaded="11842" inserted="11831" running="54" waiting="11" ended="11777" arrived="11777" collisions="0" teleports="0" halting="38" stopped="0" meanWaitingTime="25.03" meanTravelTime="113.55" meanSpeed="1.91" meanSpeedRelative="0.14" duration="2"/>
    <step time="21300.00" loaded="12002" inserted="12002" running="65" waiting="0" ended="11937" arrived="11937" collisions="0" teleports="0" halting="14" stopped="0" meanWaitingTime="24.85" meanTravelTime="113.42" meanSpeed="5.18" meanSpeedRelative="0.37" duration="3"/>
    <step time="21600.00" loaded="12223" inserted="12214" running="91" waiting="9" ended="12123" arrived="12123" collisions="0" teleports="0" halting="14" stopped="0" meanWaitingTime="24.62" meanTravelTime="113.48" meanSpeed="5.72" meanSpeedRelative="0.41" duration="4"/>
    <step time="21900.00" loaded="12407" inserted="12399" running="85" waiting="8" ended="12314" arrived="12314" collisions="0" teleports="0" halting="31" stopped="0" meanWaitingTime="24.37" meanTravelTime="113.51" meanSpeed="4.53" meanSpeedRelative="0.33" duration="4"/>
    <step time="22200.00" loaded="12596" inserted="12585" running="84" waiting="11" ended="12501" arrived="12501" collisions="0" teleports="0" halting="29" stopped="0" meanWaitingTime="24.18" meanTravelTime="113.47" meanSpeed="4.64" meanSpeedRelative="0.33" duration="2"/>
    <step time="22500.00" loaded="12774" inserted="12740" running="58" waiting="34" ended="12682" arrived="12682" collisions="0" teleports="0" halting="6" stopped="0" meanWaitingTime="24.12" meanTravelTime="114.06" meanSpeed="5.75" meanSpeedRelative="0.41" duration="3"/>
    <step time="22800.00" loaded="12970" inserted="12968" running="89" waiting="2" ended="12879" arrived="12879" collisions="0" teleports="0" halting="50" stopped="0" meanWaitingTime="24.16" meanTravelTime="114.05" meanSpeed="2.82" meanSpeedRelative="0.20" duration="3"/>
    <step time="23100.00" loaded="13156" inserted="13138" running="78" waiting="18" ended="13060" arrived="13060" collisions="0" teleports="0" halting="31" stopped="0" meanWaitingTime="24.01" meanTravelTime="114.59" meanSpeed="4.48" meanSpeedRelative="0.32" duration="2"/>
    <step time="23400.00" loaded="13345" inserted="13331" running="75" waiting="14" ended="13256" arrived="13256" collisions="0" teleports="0" halting="24" stopped="0" meanWaitingTime="24.13" meanTravelTime="114.56" meanSpeed="4.67" meanSpeedRelative="0.34" duration="3"/>
    <step time="23700.00" loaded="13573" inserted="13549" running="88" waiting="24" ended="13461" arrived="13461" collisions="0" teleports="0" halting="33" stopped="0" meanWaitingTime="24.04" meanTravelTime="114.43" meanSpeed="4.08" meanSpeedRelative="0.29" duration="4"/>
    <step time="24000.00" loaded="13747" inserted="13728" running="65" waiting="19" ended="13663" arrived="13663" collisions="0" teleports="0" halting="20" stopped="0" meanWaitingTime="24.12" meanTravelTime="114.59" meanSpeed="4.34" meanSpeedRelative="0.31" duration="3"/>
    <step time="24300.00" loaded="13956" inserted="13932" running="122" waiting="24" ended="13810" arrived="13810" collisions="0" teleports="0" halting="49" stopped="0" meanWaitingTime="24.29" meanTravelTime="114.61" meanSpeed="2.99" meanSpeedRelative="0.21" duration="3"/>
    <step time="24600.00" loaded="14182" inserted="14144" running="97" waiting="38" ended="14047" arrived="14047" collisions="0" teleports="0" halting="59" stopped="0" meanWaitingTime="24.56" meanTravelTime="115.18" meanSpeed="2.27" meanSpeedRelative="0.16" duration="3"/>
    <step time="24900.00" loaded="14394" inserted="14359" running="91" waiting="35" ended="14268" arrived="14268" collisions="0" teleports="0" halting="34" stopped="0" meanWaitingTime="25.08" meanTravelTime="115.60" meanSpeed="4.53" meanSpeedRelative="0.33" duration="2"/>
    <step time="25200.00" loaded="14587" inserted="14542" running="70" waiting="45" ended="14472" arrived="14472" collisions="0" teleports="0" halting="22" stopped="0" meanWaitingTime="25.34" meanTravelTime="115.56" meanSpeed="5.72" meanSpeedRelative="0.43" duration="1"/>
    <step time="25500.00" loaded="14761" inserted="14740" running="71" waiting="21" ended="14669" arrived="14669" collisions="0" teleports="0" halting="26" stopped="0" meanWaitingTime="25.76" meanTravelTime="115.57" meanSpeed="4.36" meanSpeedRelative="0.31" duration="3"/>
    <step time="25800.00" loaded="14991" inserted="14960" running="81" waiting="31" ended="14879" arrived="14879" collisions="0" teleports="0" halting="25" stopped="0" meanWaitingTime="25.83" meanTravelTime="115.66" meanSpeed="4.94" meanSpeedRelative="0.36" duration="2"/>
    <step time="26100.00" loaded="15201" inserted="15166" running="90" waiting="35" ended="15076" arrived="15076" collisions="0" teleports="0" halting="26" stopped="0" meanWaitingTime="26.16" meanTravelTime="115.68" meanSpeed="4.16" meanSpeedRelative="0.30" duration="3"/>
    <step time="26400.00" loaded="15394" inserted="15353" running="71" waiting="41" ended="15282" arrived="15282" collisions="0" teleports="0" halting="30" stopped="0" meanWaitingTime="26.46" meanTravelTime="115.94" meanSpeed="3.68" meanSpeedRelative="0.27" duration="3"/>
    <step time="26700.00" loaded="15614" inserted="15579" running="97" waiting="35" ended="15482" arrived="15482" collisions="0" teleports="0" halting="36" stopped="0" meanWaitingTime="26.95" meanTravelTime="115.74" meanSpeed="3.72" meanSpeedRelative="0.27" duration="3"/>
    <step time="27000.00" loaded="15832" inserted="15786" running="84" waiting="46" ended="15702" arrived="15702" collisions="0" teleports="0" halting="27" stopped="0" meanWaitingTime="27.22" meanTravelTime="115.84" meanSpeed="5.08" meanSpeedRelative="0.37" duration="3"/>
    <step time="27300.00" loaded="16055" inserted="15997" running="103" waiting="58" ended="15894" arrived="15894" collisions="0" teleports="0" halting="38" stopped="0" meanWaitingTime="27.75" meanTravelTime="115.65" meanSpeed="4.48" meanSpeedRelative="0.33" duration="4"/>
    <step time="27600.00" loaded="16254" inserted="16196" running="95" waiting="58" ended="16101" arrived="16101" collisions="0" teleports="0" halting="50" stopped="0" meanWaitingTime="28.46" meanTravelTime="115.91" meanSpeed="3.07" meanSpeedRelative="0.22" duration="2"/>
    <step time="27900.00" loaded="16461" inserted="16405" running="74" waiting="56" ended="16331" arrived="16331" collisions="0" teleports="0" halting="13" stopped="0" meanWaitingTime="29.10" meanTravelTime="116.13" meanSpeed="5.33" meanSpeedRelative="0.38" duration="4"/>
    <step time="28200.00" loaded="16685" inserted="16618" running="55" waiting="67" ended="16563" arrived="16563" collisions="0" teleports="0" halting="19" stopped="0" meanWaitingTime="29.59" meanTravelTime="116.04" meanSpeed="5.13" meanSpeedRelative="0.37" duration="3"/>
    <step time="28500.00" loaded="16884" inserted="16814" running="66" waiting="70" ended="16748" arrived="16748" collisions="0" teleports="0" halting="18" stopped="0" meanWaitingTime="30.43" meanTravelTime="115.77" meanSpeed="5.65" meanSpeedRelative="0.41" duration="3"/>
    <step time="28800.00" loaded="17097" inserted="17016" running="66" waiting="81" ended="16950" arrived="16950" collisions="0" teleports="0" halting="27" stopped="0" meanWaitingTime="31.05" meanTravelTime="115.64" meanSpeed="3.61" meanSpeedRelative="0.26" duration="3"/>
    <step time="29100.00" loaded="17319" inserted="17233" running="94" waiting="86" ended="17139" arrived="17139" collisions="0" teleports="0" halting="41" stopped="0" meanWaitingTime="32.10" meanTravelTime="115.71" meanSpeed="2.96" meanSpeedRelative="0.21" duration="4"/>
    <step time="29400.00" loaded="17521" inserted="17428" running="110" waiting="93" ended="17318" arrived="17318" collisions="0" teleports="0" halting="50" stopped="0" meanWaitingTime="33.05" meanTravelTime="116.04" meanSpeed="2.92" meanSpeedRelative="0.21" duration="3"/>
    <step time="29700.00" loaded="17708" inserted="17615" running="103" waiting="93" ended="17512" arrived="17512" collisions="0" teleports="0" halting="40" stopped="0" meanWaitingTime="33.70" meanTravelTime="116.75" meanSpeed="3.36" meanSpeedRelative="0.24" duration="3"/>
    <step time="30000.00" loaded="17885" inserted="17795" running="88" waiting="90" ended="17707" arrived="17707" collisions="0" teleports="0" halting="60" stopped="0" meanWaitingTime="35.03" meanTravelTime="117.37" meanSpeed="2.36" meanSpeedRelative="0.17" duration="3"/>
    <step time="30300.00" loaded="18084" inserted="17983" running="68" waiting="101" ended="17915" arrived="17915" collisions="0" teleports="0" halting="40" stopped="0" meanWaitingTime="36.24" meanTravelTime="117.79" meanSpeed="3.00" meanSpeedRelative="0.22" duration="3"/>
    <step time="30600.00" loaded="18298" inserted="18185" running="82" waiting="113" ended="18103" arrived="18103" collisions="0" teleports="0" halting="24" stopped="0" meanWaitingTime="37.30" meanTravelTime="117.75" meanSpeed="4.89" meanSpeedRelative="0.35" duration="4"/>
    <step time="30900.00" loaded="18521" inserted="18425" running="114" waiting="96" ended="18311" arrived="18311" collisions="0" teleports="0" halting="46" stopped="0" meanWaitingTime="39.06" meanTravelTime="117.56" meanSpeed="3.34" meanSpeedRelative="0.25" duration="4"/>
    <step time="31200.00" loaded="18693" inserted="18607" running="82" waiting="86" ended="18525" arrived="18525" collisions="0" teleports="0" halting="12" stopped="0" meanWaitingTime="40.06" meanTravelTime="118.06" meanSpeed="5.27" meanSpeedRelative="0.38" duration="3"/>
    <step time="31500.00" loaded="18870" inserted="18779" running="74" waiting="91" ended="18705" arrived="18705" collisions="0" teleports="0" halting="28" stopped="0" meanWaitingTime="41.03" meanTravelTime="118.39" meanSpeed="4.94" meanSpeedRelative="0.36" duration="3"/>
    <step time="31800.00" loaded="19028" inserted="18927" running="60" waiting="101" ended="18867" arrived="18867" collisions="0" teleports="0" halting="22" stopped="0" meanWaitingTime="41.58" meanTravelTime="118.49" meanSpeed="4.80" meanSpeedRelative="0.35" duration="1"/>
    <step time="32100.00" loaded="19210" inserted="19112" running="75" waiting="98" ended="19037" arrived="19037" collisions="0" teleports="0" halting="28" stopped="0" meanWaitingTime="42.96" meanTravelTime="118.44" meanSpeed="4.45" meanSpeedRelative="0.32" duration="2"/>
    <step time="32400.00" loaded="19376" inserted="19256" running="66" waiting="120" ended="19190" arrived="19190" collisions="0" teleports="0" halting="24" stopped="0" meanWaitingTime="43.93" meanTravelTime="118.38" meanSpeed="3.67" meanSpeedRelative="0.26" duration="3"/>
    <step time="32700.00" loaded="19554" inserted="19431" running="54" waiting="123" ended="19377" arrived="19377" collisions="0" teleports="0" halting="9" stopped="0" meanWaitingTime="45.07" meanTravelTime="118.41" meanSpeed="5.35" meanSpeedRelative="0.39" duration="2"/>
    <step time="33000.00" loaded="19724" inserted="19620" running="67" waiting="104" ended="19553" arrived="19553" collisions="0" teleports="0" halting="9" stopped="0" meanWaitingTime="46.83" meanTravelTime="118.26" meanSpeed="5.93" meanSpeedRelative="0.43" duration="3"/>
    <step time="33300.00" loaded="19857" inserted="19761" running="61" waiting="96" ended="19700" arrived="19700" collisions="0" teleports="0" halting="16" stopped="0" meanWaitingTime="47.83" meanTravelTime="118.30" meanSpeed="5.16" meanSpeedRelative="0.37" duration="2"/>
    <step time="33600.00" loaded="20052" inserted="19953" running="72" waiting="99" ended="19881" arrived="19881" collisions="0" teleports="0" halting="35" stopped="0" meanWaitingTime="49.21" meanTravelTime="118.21" meanSpeed="4.44" meanSpeedRelative="0.32" duration="3"/>
    <step time="33900.00" loaded="20205" inserted="20109" running="64" waiting="96" ended="20045" arrived="20045" collisions="0" teleports="0" halting="22" stopped="0" meanWaitingTime="50.25" meanTravelTime="118.17" meanSpeed="4.64" meanSpeedRelative="0.33" duration="3"/>
    <step time="34200.00" loaded="20362" inserted="20273" running="69" waiting="89" ended="20204" arrived="20204" collisions="0" teleports="0" halting="23" stopped="0" meanWaitingTime="51.28" meanTravelTime="118.12" meanSpeed="5.38" meanSpeedRelative="0.39" duration="2"/>
    <step time="34500.00" loaded="20531" inserted="20429" running="66" waiting="102" ended="20363" arrived="20363" collisions="0" teleports="0" halting="20" stopped="0" meanWaitingTime="52.11" meanTravelTime="118.14" meanSpeed="5.25" meanSpeedRelative="0.38" duration="2"/>
    <step time="34800.00" loaded="20682" inserted="20593" running="78" waiting="89" ended="20515" arrived="20515" collisions="0" teleports="0" halting="20" stopped="0" meanWaitingTime="53.26" meanTravelTime="118.17" meanSpeed="4.00" meanSpeedRelative="0.29" duration="3"/>
    <step time="35100.00" loaded="20820" inserted="20743" running="84" waiting="77" ended="20659" arrived="20659" collisions="0" teleports="0" halting="14" stopped="0" meanWaitingTime="54.49" meanTravelTime="118.32" meanSpeed="5.82" meanSpeedRelative="0.42" duration="2"/>
    <step time="35400.00" loaded="20960" inserted="20888" running="70" waiting="72" ended="20818" arrived="20818" collisions="0" teleports="0" halting="14" stopped="0" meanWaitingTime="55.06" meanTravelTime="118.47" meanSpeed="5.21" meanSpeedRelative="0.38" duration="3"/>
    <step time="35700.00" loaded="21103" inserted="21038" running="72" waiting="65" ended="20966" arrived="20966" collisions="0" teleports="0" halting="47" stopped="0" meanWaitingTime="55.79" meanTravelTime="118.83" meanSpeed="2.23" meanSpeedRelative="0.16" duration="2"/>
    <step time="36000.00" loaded="21258" inserted="21218" running="73" waiting="40" ended="21145" arrived="21145" collisions="0" teleports="0" halting="20" stopped="0" meanWaitingTime="56.61" meanTravelTime="119.02" meanSpeed="4.00" meanSpeedRelative="0.29" duration="3"/>
    <step time="36300.00" loaded="21432" inserted="21370" running="60" waiting="62" ended="21310" arrived="21310" collisions="0" teleports="0" halting="33" stopped="0" meanWaitingTime="56.87" meanTravelTime="119.10" meanSpeed="3.94" meanSpeedRelative="0.28" duration="2"/>
    <step time="36600.00" loaded="21578" inserted="21516" running="69" waiting="62" ended="21447" arrived="21447" collisions="0" teleports="0" halting="9" stopped="0" meanWaitingTime="57.31" meanTravelTime="119.12" meanSpeed="5.50" meanSpeedRelative="0.40" duration="3"/>
    <step time="36900.00" loaded="21717" inserted="21661" running="40" waiting="56" ended="21621" arrived="21621" collisions="0" teleports="0" halting="12" stopped="0" meanWaitingTime="57.81" meanTravelTime="119.23" meanSpeed="5.05" meanSpeedRelative="0.36" duration="1"/>
    <step time="37200.00" loaded="21839" inserted="21781" running="38" waiting="58" ended="21743" arrived="21743" collisions="0" teleports="0" halting="20" stopped="0" meanWaitingTime="58.00" meanTravelTime="119.07" meanSpeed="3.72" meanSpeedRelative="0.27" duration="2"/>
    <step time="37500.00" loaded="21979" inserted="21907" running="48" waiting="72" ended="21859" arrived="21859" collisions="0" teleports="0" halting="12" stopped="0" meanWaitingTime="58.53" meanTravelTime="119.07" meanSpeed="5.98" meanSpeedRelative="0.43" duration="1"/>
    <step time="37800.00" loaded="22132" inserted="22056" running="49" waiting="76" ended="22007" arrived="22007" collisions="0" teleports="0" halting="14" stopped="0" meanWaitingTime="59.20" meanTravelTime="118.98" meanSpeed="6.01" meanSpeedRelative="0.43" duration="2"/>
    <step time="38100.00" loaded="22275" inserted="22188" running="40" waiting="87" ended="22148" arrived="22148" collisions="0" teleports="0" halting="10" stopped="0" meanWaitingTime="59.52" meanTravelTime="118.85" meanSpeed="5.19" meanSpeedRelative="0.37" duration="1"/>
    <step time="38400.00" loaded="22399" inserted="22328" running="57" waiting="71" ended="22271" arrived="22271" collisions="0" teleports="0" halting="21" stopped="0" meanWaitingTime="60.44" meanTravelTime="118.79" meanSpeed="3.95" meanSpeedRelative="0.28" duration="2"/>
    <step time="38700.00" loaded="22497" inserted="22444" running="76" waiting="53" ended="22368" arrived="22368" collisions="0" teleports="0" halting="53" stopped="0" meanWaitingTime="60.99" meanTravelTime="118.71" meanSpeed="2.40" meanSpeedRelative="0.17" duration="3"/>
    <step time="39000.00" loaded="22603" inserted="22527" running="69" waiting="76" ended="22458" arrived="22458" collisions="0" teleports="0" halting="30" stopped="0" meanWaitingTime="61.57" meanTravelTime="118.93" meanSpeed="2.86" meanSpeedRelative="0.21" duration="2"/>
    <step time="39300.00" loaded="22728" inserted="22643" running="54" waiting="85" ended="22589" arrived="22589" collisions="0" teleports="0" halting="20" stopped="0" meanWaitingTime="62.27" meanTravelTime="119.58" meanSpeed="4.37" meanSpeedRelative="0.31" duration="1"/>
    <step time="39600.00" loaded="22839" inserted="22756" running="50" waiting="83" ended="22706" arrived="22706" collisions="0" teleports="0" halting="29" stopped="0" meanWaitingTime="62.93" meanTravelTime="119.78" meanSpeed="3.65" meanSpeedRelative="0.26" duration="2"/>
    <step time="39900.00" loaded="22961" inserted="22862" running="50" waiting="99" ended="22812" arrived="22812" collisions="0" teleports="0" halting="37" stopped="0" meanWaitingTime="63.47" meanTravelTime="119.79" meanSpeed="2.03" meanSpeedRelative="0.15" duration="2"/>
    <step time="40200.00" loaded="23051" inserted="22958" running="44" waiting="93" ended="22914" arrived="22914" collisions="0" teleports="0" halting="14" stopped="0" meanWaitingTime="64.44" meanTravelTime="119.87" meanSpeed="4.71" meanSpeedRelative="0.34" duration="2"/>
    <step time="40500.00" loaded="23150" inserted="23069" running="46" waiting="81" ended="23023" arrived="23023" collisions="0" teleports="0" halting="11" stopped="0" meanWaitingTime="65.43" meanTravelTime="119.96" meanSpeed="4.74" meanSpeedRelative="0.34" duration="3"/>
    <step time="40800.00" loaded="23261" inserted="23167" running="39" waiting="94" ended="23128" arrived="23128" collisions="0" teleports="0" halting="22" stopped="0" meanWaitingTime="66.54" meanTravelTime="120.03" meanSpeed="3.91" meanSpeedRelative="0.28" duration="1"/>
    <step time="41100.00" loaded="23347" inserted="23242" running="33" waiting="105" ended="23209" arrived="23209" collisions="0" teleports="0" halting="11" stopped="0" meanWaitingTime="67.00" meanTravelTime="120.07" meanSpeed="5.53" meanSpeedRelative="0.40" duration="0"/>
    <step time="41400.00" loaded="23412" inserted="23352" running="32" waiting="60" ended="23320" arrived="23320" collisions="0" teleports="0" halting="13" stopped="0" meanWaitingTime="68.33" meanTravelTime="120.05" meanSpeed="4.23" meanSpeedRelative="0.30" duration="2"/>
    <step time="41700.00" loaded="23511" inserted="23442" running="57" waiting="69" ended="23385" arrived="23385" collisions="0" teleports="0" halting="29" stopped="0" meanWaitingTime="69.28" meanTravelTime="119.99" meanSpeed="4.19" meanSpeedRelative="0.30" duration="2"/>
    <step time="42000.00" loaded="23591" inserted="23518" running="36" waiting="73" ended="23482" arrived="23482" collisions="0" teleports="0" halting="11" stopped="0" meanWaitingTime="70.01" meanTravelTime="120.23" meanSpeed="5.97" meanSpeedRelative="0.43" duration="2"/>
    <step time="42300.00" loaded="23700" inserted="23628" running="44" waiting="72" ended="23584" arrived="23584" collisions="0" teleports="0" halting="10" stopped="0" meanWaitingTime="70.64" meanTravelTime="120.15" meanSpeed="4.37" meanSpeedRelative="0.31" duration="2"/>
    <step time="42600.00" loaded="23812" inserted="23698" running="22" waiting="114" ended="23676" arrived="23676" collisions="0" teleports="0" halting="6" stopped="0" meanWaitingTime="70.89" meanTravelTime="120.16" meanSpeed="7.52" meanSpeedRelative="0.54" duration="0"/>
    <step time="42900.00" loaded="23913" inserted="23804" running="41" waiting="109" ended="23763" arrived="23763" collisions="0" teleports="0" halting="7" stopped="0" meanWaitingTime="72.01" meanTravelTime="120.09" meanSpeed="5.87" meanSpeedRelative="0.42" duration="0"/>
    <step time="43200.00" loaded="24015" inserted="23886" running="25" waiting="129" ended="23861" arrived="23861" collisions="0" teleports="0" halting="6" stopped="0" meanWaitingTime="72.55" meanTravelTime="120.05" meanSpeed="5.92" meanSpeedRelative="0.43" duration="0"/>
    <step time="43500.00" loaded="24096" inserted="23964" running="32" waiting="132" ended="23932" arrived="23932" collisions="0" teleports="0" halting="8" stopped="0" meanWaitingTime="73.29" meanTravelTime="120.04" meanSpeed="6.03" meanSpeedRelative="0.43" duration="0"/>
    <step time="43800.00" loaded="24197" inserted="24042" running="36" waiting="155" ended="24006" arrived="24006" collisions="0" teleports="0" halting="18" stopped="0" meanWaitingTime="74.62" meanTravelTime="120.01" meanSpeed="3.54" meanSpeedRelative="0.27" duration="0"/>
    <step time="44100.00" loaded="24302" inserted="24136" running="37" waiting="166" ended="24099" arrived="24099" collisions="0" teleports="0" halting="21" stopped="0" meanWaitingTime="76.14" meanTravelTime="120.03" meanSpeed="3.98" meanSpeedRelative="0.29" duration="1"/>
    <step time="44400.00" loaded="24413" inserted="24241" running="62" waiting="172" ended="24179" arrived="24179" collisions="0" teleports="0" halting="44" stopped="0" meanWaitingTime="78.01" meanTravelTime="119.96" meanSpeed="1.83" meanSpeedRelative="0.13" duration="1"/>
    <step time="44700.00" loaded="24515" inserted="24329" running="31" waiting="186" ended="24298" arrived="24298" collisions="0" teleports="0" halting="8" stopped="0" meanWaitingTime="79.86" meanTravelTime="120.28" meanSpeed="5.71" meanSpeedRelative="0.41" duration="0"/>
    <step time="45000.00" loaded="24620" inserted="24425" running="33" waiting="195" ended="24392" arrived="24392" collisions="0" teleports="0" halting="3" stopped="0" meanWaitingTime="81.65" meanTravelTime="120.23" meanSpeed="5.79" meanSpeedRelative="0.42" duration="2"/>
    <step time="45300.00" loaded="24707" inserted="24526" running="52" waiting="181" ended="24474" arrived="24474" collisions="0" teleports="0" halting="17" stopped="0" meanWaitingTime="83.52" meanTravelTime="120.29" meanSpeed="2.94" meanSpeedRelative="0.21" duration="1"/>
    <step time="45600.00" loaded="24791" inserted="24612" running="39" waiting="179" ended="24573" arrived="24573" collisions="0" teleports="0" halting="21" stopped="0" meanWaitingTime="84.94" meanTravelTime="120.33" meanSpeed="4.16" meanSpeedRelative="0.30" duration="1"/>
    <step time="45900.00" loaded="24878" inserted="24689" running="49" waiting="189" ended="24640" arrived="24640" collisions="0" teleports="0" halting="34" stopped="0" meanWaitingTime="86.80" meanTravelTime="120.34" meanSpeed="1.92" meanSpeedRelative="0.14" duration="1"/>
    <step time="46200.00" loaded="24959" inserted="24775" running="83" waiting="184" ended="24692" arrived="24692" collisions="0" teleports="0" halting="76" stopped="0" meanWaitingTime="88.87" meanTravelTime="120.21" meanSpeed="0.66" meanSpeedRelative="0.05" duration="2"/>
    <step time="46500.00" loaded="25007" inserted="24811" running="94" waiting="196" ended="24717" arrived="24717" collisions="0" teleports="0" halting="94" stopped="0" meanWaitingTime="89.17" meanTravelTime="120.14" meanSpeed="0.00" meanSpeedRelative="0.00" duration="3"/>
    <step time="46800.00" loaded="25027" inserted="24831" running="97" waiting="196" ended="24734" arrived="24734" collisions="0" teleports="0" halting="96" stopped="0" meanWaitingTime="89.10" meanTravelTime="120.09" meanSpeed="0.17" meanSpeedRelative="0.01" duration="3"/>
    <step time="47100.00" loaded="25045" inserted="24849" running="94" waiting="196" ended="24755" arrived="24755" collisions="0" teleports="0" halting="91" stopped="0" meanWaitingTime="89.03" meanTravelTime="120.02" meanSpeed="0.19" meanSpeedRelative="0.01" duration="3"/>
    <step time="47400.00" loaded="25061" inserted="24865" running="94" waiting="196" ended="24771" arrived="24771" collisions="0" teleports="0" halting="94" stopped="0" meanWaitingTime="88.97" meanTravelTime="119.97" meanSpeed="0.00" meanSpeedRelative="0.00" duration="1"/>
    <step time="47700.00" loaded="25075" inserted="24879" running="97" waiting="196" ended="24782" arrived="24782" collisions="0" teleports="0" halting="97" stopped="0" meanWaitingTime="88.92" meanTravelTime="119.93" meanSpeed="0.00" meanSpeedRelative="0.00" duration="2"/>
    <step time="48000.00" loaded="25088" inserted="24892" running="98" waiting="196" ended="24794" arrived="24794" collisions="0" teleports="0" halting="97" stopped="0" meanWaitingTime="88.88" meanTravelTime="119.89" meanSpeed="0.06" meanSpeedRelative="0.00" duration="1"/>
    <step time="48300.00" loaded="25102" inserted="24906" running="98" waiting="196" ended="24808" arrived="24808" collisions="0" teleports="0" halting="97" stopped="0" meanWaitingTime="88.83" meanTravelTime="119.85" meanSpeed="0.03" meanSpeedRelative="0.00" duration="1"/>
    <step time="48600.00" loaded="25118" inserted="24922" running="99" waiting="196" ended="24823" arrived="24823" collisions="0" teleports="0" halting="97" stopped="0" meanWaitingTime="88.77" meanTravelTime="119.79" meanSpeed="0.15" meanSpeedRelative="0.01" duration="2"/>
    <step time="48900.00" loaded="25133" inserted="24937" running="103" waiting="196" ended="24834" arrived="24834" collisions="0" teleports="0" halting="102" stopped="0" meanWaitingTime="88.72" meanTravelTime="119.75" meanSpeed="0.03" meanSpeedRelative="0.00" duration="1"/>
    <step time="49200.00" loaded="25143" inserted="24947" running="97" waiting="196" ended="24850" arrived="24850" collisions="0" teleports="0" halting="97" stopped="0" meanWaitingTime="88.68" meanTravelTime="119.71" meanSpeed="0.00" meanSpeedRelative="0.00" duration="1"/>
</summary>
