<?xml version="1.0" encoding="UTF-8"?>

<!-- generated on 2025-02-28 18:10:48 by Eclipse SUMO GUI Version 1.19.0
<configuration xmlns:xsi="http://www.w3.org/2001/XMLSchema-instance" xsi:noNamespaceSchemaLocation="http://sumo.dlr.de/xsd/sumoConfiguration.xsd">

    <input>
        <net-file value="Network.net.xml"/>
        <route-files value="CarRoutes_dfrouter.rou.xml"/>
        <additional-files value="Sensors.add.xml"/>
    </input>

    <output>
        <emission-output value="logs/Emissions.xml"/>
        <summary-output value="logs/Log_summary.xml"/>
        <summary-output.period value="300"/>
        <tripinfo-output value="logs/TripInfos.xml"/>
    </output>

    <time>
        <begin value="0"/>
        <end value="86400"/>
        <step-length value="0.25"/>
    </time>

    <processing>
        <ignore-junction-blocker value="0.1"/>
        <time-to-teleport value="-1"/>
    </processing>

    <report>
        <verbose value="true"/>
        <no-step-log value="true"/>
    </report>

    <emissions>
        <device.emissions.period value="10"/>
    </emissions>

    <traci_server>
        <remote-port value="58685"/>
    </traci_server>

    <gui_only>
        <quit-on-end value="true"/>
        <start value="true"/>
    </gui_only>

</configuration>
-->

<instantE1 xmlns:xsi="http://www.w3.org/2001/XMLSchema-instance" xsi:noNamespaceSchemaLocation="http://sumo.dlr.de/xsd/instant_e1_file.xsd">
    <instantOut id="215_D11" time="85.60" state="enter" vehID="Car_45" speed="14.17" length="5.00" type="DEFAULT_CAR"/>
    <instantOut id="215_D11" time="85.75" state="stay" vehID="Car_45" speed="14.17" length="5.00" type="DEFAULT_CAR"/>
    <instantOut id="215_D11" time="85.96" state="leave" vehID="Car_45" speed="14.01" length="5.00" type="DEFAULT_CAR" occupancy="0.36"/>
    <instantOut id="215_D11" time="550.28" state="enter" vehID="Car_129" speed="16.43" length="5.00" type="DEFAULT_CAR" gap="464.32"/>
    <instantOut id="215_D11" time="550.50" state="stay" vehID="Car_129" speed="16.43" length="5.00" type="DEFAULT_CAR"/>
    <instantOut id="215_D11" time="550.50" state="leave" vehID="Car_129" speed="16.43" length="5.00" type="DEFAULT_CAR"/>
    <instantOut id="215_D11" time="881.26" state="enter" vehID="Car_187" speed="12.73" length="5.00" type="DEFAULT_CAR" gap="795.30"/>
    <instantOut id="215_D11" time="881.50" state="stay" vehID="Car_187" speed="12.73" length="5.00" type="DEFAULT_CAR"/>
    <instantOut id="215_D11" time="881.50" state="leave" vehID="Car_187" speed="12.73" length="5.00" type="DEFAULT_CAR"/>
    <instantOut id="215_D11" time="1473.87" state="enter" vehID="Car_261" speed="17.57" length="5.00" type="DEFAULT_CAR" gap="1387.92"/>
    <instantOut id="215_D11" time="1474.00" state="stay" vehID="Car_261" speed="17.57" length="5.00" type="DEFAULT_CAR"/>
    <instantOut id="215_D11" time="1474.16" state="leave" vehID="Car_261" speed="17.49" length="5.00" type="DEFAULT_CAR" occupancy="0.29"/>
    <instantOut id="215_D11" time="1703.85" state="enter" vehID="Car_280" speed="7.98" length="5.00" type="DEFAULT_CAR" gap="229.69"/>
    <instantOut id="215_D11" time="1704.00" state="stay" vehID="Car_280" speed="7.98" length="5.00" type="DEFAULT_CAR"/>
    <instantOut id="215_D11" time="1704.25" state="stay" vehID="Car_280" speed="8.04" length="5.00" type="DEFAULT_CAR"/>
    <instantOut id="215_D11" time="1704.25" state="leave" vehID="Car_280" speed="8.04" length="5.00" type="DEFAULT_CAR"/>
    <instantOut id="215_D11" time="2184.81" state="enter" vehID="Car_339" speed="18.03" length="5.00" type="DEFAULT_CAR" gap="710.65"/>
    <instantOut id="215_D11" time="2185.00" state="stay" vehID="Car_339" speed="18.03" length="5.00" type="DEFAULT_CAR"/>
    <instantOut id="215_D11" time="2185.00" state="leave" vehID="Car_339" speed="18.03" length="5.00" type="DEFAULT_CAR"/>
    <instantOut id="215_D11" time="2325.12" state="enter" vehID="Car_355" speed="11.65" length="5.00" type="DEFAULT_CAR" gap="850.96"/>
    <instantOut id="215_D11" time="2325.25" state="stay" vehID="Car_355" speed="11.65" length="5.00" type="DEFAULT_CAR"/>
    <instantOut id="215_D11" time="2325.50" state="stay" vehID="Car_355" speed="11.73" length="5.00" type="DEFAULT_CAR"/>
    <instantOut id="215_D11" time="2325.50" state="leave" vehID="Car_355" speed="11.73" length="5.00" type="DEFAULT_CAR"/>
    <instantOut id="215_D11" time="2558.73" state="enter" vehID="Car_387" speed="12.78" length="5.00" type="DEFAULT_CAR" gap="1084.57"/>
    <instantOut id="215_D11" time="2558.75" state="stay" vehID="Car_387" speed="12.78" length="5.00" type="DEFAULT_CAR"/>
    <instantOut id="215_D11" time="2559.00" state="stay" vehID="Car_387" speed="12.76" length="5.00" type="DEFAULT_CAR"/>
    <instantOut id="215_D11" time="2559.00" state="leave" vehID="Car_387" speed="12.76" length="5.00" type="DEFAULT_CAR"/>
    <instantOut id="215_D11" time="2949.48" state="enter" vehID="Car_432" speed="18.13" length="5.00" type="DEFAULT_CAR" gap="1475.32"/>
    <instantOut id="215_D11" time="2949.50" state="stay" vehID="Car_432" speed="18.13" length="5.00" type="DEFAULT_CAR"/>
    <instantOut id="215_D11" time="2949.75" state="stay" vehID="Car_432" speed="18.05" length="5.00" type="DEFAULT_CAR"/>
    <instantOut id="215_D11" time="2949.75" state="leave" vehID="Car_432" speed="18.05" length="5.00" type="DEFAULT_CAR"/>
    <instantOut id="215_D11" time="3176.65" state="enter" vehID="Car_461" speed="13.27" length="5.00" type="DEFAULT_CAR" gap="1702.50"/>
    <instantOut id="215_D11" time="3176.75" state="stay" vehID="Car_461" speed="13.27" length="5.00" type="DEFAULT_CAR"/>
    <instantOut id="215_D11" time="3177.00" state="stay" vehID="Car_461" speed="13.21" length="5.00" type="DEFAULT_CAR"/>
    <instantOut id="215_D11" time="3177.00" state="leave" vehID="Car_461" speed="13.21" length="5.00" type="DEFAULT_CAR"/>
    <instantOut id="215_D11" time="3412.15" state="enter" vehID="Car_498" speed="8.89" length="5.00" type="DEFAULT_CAR" gap="1937.99"/>
    <instantOut id="215_D11" time="3412.25" state="stay" vehID="Car_498" speed="8.89" length="5.00" type="DEFAULT_CAR"/>
    <instantOut id="215_D11" time="3412.50" state="stay" vehID="Car_498" speed="9.16" length="5.00" type="DEFAULT_CAR"/>
    <instantOut id="215_D11" time="3412.50" state="leave" vehID="Car_498" speed="9.16" length="5.00" type="DEFAULT_CAR"/>
    <instantOut id="215_D11" time="4172.36" state="enter" vehID="Car_592" speed="14.31" length="5.00" type="DEFAULT_CAR" gap="2698.20"/>
    <instantOut id="215_D11" time="4172.50" state="stay" vehID="Car_592" speed="14.31" length="5.00" type="DEFAULT_CAR"/>
    <instantOut id="215_D11" time="4172.71" state="leave" vehID="Car_592" speed="14.44" length="5.00" type="DEFAULT_CAR" occupancy="0.35"/>
    <instantOut id="215_D11" time="4269.98" state="enter" vehID="Car_608" speed="11.46" length="5.00" type="DEFAULT_CAR" gap="97.27"/>
    <instantOut id="215_D11" time="4270.00" state="stay" vehID="Car_608" speed="11.46" length="5.00" type="DEFAULT_CAR"/>
    <instantOut id="215_D11" time="4270.25" state="stay" vehID="Car_608" speed="11.49" length="5.00" type="DEFAULT_CAR"/>
    <instantOut id="215_D11" time="4270.25" state="leave" vehID="Car_608" speed="11.49" length="5.00" type="DEFAULT_CAR"/>
    <instantOut id="215_D11" time="4278.21" state="enter" vehID="Car_609" speed="14.99" length="5.00" type="DEFAULT_CAR" gap="105.50"/>
    <instantOut id="215_D11" time="4278.25" state="stay" vehID="Car_609" speed="14.99" length="5.00" type="DEFAULT_CAR"/>
    <instantOut id="215_D11" time="4278.50" state="stay" vehID="Car_609" speed="14.87" length="5.00" type="DEFAULT_CAR"/>
    <instantOut id="215_D11" time="4278.50" state="leave" vehID="Car_609" speed="14.87" length="5.00" type="DEFAULT_CAR"/>
    <instantOut id="215_D11" time="4454.43" state="enter" vehID="Car_635" speed="8.90" length="5.00" type="DEFAULT_CAR" gap="281.72"/>
    <instantOut id="215_D11" time="4454.50" state="stay" vehID="Car_635" speed="8.90" length="5.00" type="DEFAULT_CAR"/>
    <instantOut id="215_D11" time="4454.75" state="stay" vehID="Car_635" speed="9.21" length="5.00" type="DEFAULT_CAR"/>
    <instantOut id="215_D11" time="4454.99" state="leave" vehID="Car_635" speed="8.88" length="5.00" type="DEFAULT_CAR" occupancy="0.55"/>
    <instantOut id="215_D11" time="4852.06" state="enter" vehID="Car_684" speed="13.71" length="5.00" type="DEFAULT_CAR" gap="397.08"/>
    <instantOut id="215_D11" time="4852.25" state="stay" vehID="Car_684" speed="13.71" length="5.00" type="DEFAULT_CAR"/>
    <instantOut id="215_D11" time="4852.43" state="leave" vehID="Car_684" speed="13.81" length="5.00" type="DEFAULT_CAR" occupancy="0.36"/>
    <instantOut id="215_D11" time="5138.45" state="enter" vehID="Car_712" speed="11.39" length="5.00" type="DEFAULT_CAR" gap="286.02"/>
    <instantOut id="215_D11" time="5138.50" state="stay" vehID="Car_712" speed="11.39" length="5.00" type="DEFAULT_CAR"/>
    <instantOut id="215_D11" time="5138.75" state="stay" vehID="Car_712" speed="11.24" length="5.00" type="DEFAULT_CAR"/>
    <instantOut id="215_D11" time="5138.75" state="leave" vehID="Car_712" speed="11.24" length="5.00" type="DEFAULT_CAR"/>
    <instantOut id="215_D11" time="5292.57" state="enter" vehID="Car_730" speed="14.87" length="5.00" type="DEFAULT_CAR" gap="440.15"/>
    <instantOut id="215_D11" time="5292.75" state="stay" vehID="Car_730" speed="14.87" length="5.00" type="DEFAULT_CAR"/>
    <instantOut id="215_D11" time="5292.91" state="leave" vehID="Car_730" speed="14.52" length="5.00" type="DEFAULT_CAR" occupancy="0.34"/>
    <instantOut id="215_D11" time="5367.71" state="enter" vehID="Car_736" speed="7.94" length="5.00" type="DEFAULT_CAR" gap="74.79"/>
    <instantOut id="215_D11" time="5367.75" state="stay" vehID="Car_736" speed="7.94" length="5.00" type="DEFAULT_CAR"/>
    <instantOut id="215_D11" time="5368.00" state="stay" vehID="Car_736" speed="7.73" length="5.00" type="DEFAULT_CAR"/>
    <instantOut id="215_D11" time="5368.25" state="stay" vehID="Car_736" speed="7.84" length="5.00" type="DEFAULT_CAR"/>
    <instantOut id="215_D11" time="5368.25" state="leave" vehID="Car_736" speed="7.84" length="5.00" type="DEFAULT_CAR"/>
    <instantOut id="215_D11" time="5571.93" state="enter" vehID="Car_758" speed="13.82" length="5.00" type="DEFAULT_CAR" gap="279.02"/>
    <instantOut id="215_D11" time="5572.00" state="stay" vehID="Car_758" speed="13.82" length="5.00" type="DEFAULT_CAR"/>
    <instantOut id="215_D11" time="5572.25" state="stay" vehID="Car_758" speed="13.71" length="5.00" type="DEFAULT_CAR"/>
    <instantOut id="215_D11" time="5572.25" state="leave" vehID="Car_758" speed="13.71" length="5.00" type="DEFAULT_CAR"/>
    <instantOut id="215_D11" time="5711.99" state="enter" vehID="Car_782" speed="12.88" length="5.00" type="DEFAULT_CAR" gap="419.07"/>
    <instantOut id="215_D11" time="5712.00" state="stay" vehID="Car_782" speed="12.88" length="5.00" type="DEFAULT_CAR"/>
    <instantOut id="215_D11" time="5712.25" state="stay" vehID="Car_782" speed="13.06" length="5.00" type="DEFAULT_CAR"/>
    <instantOut id="215_D11" time="5712.25" state="leave" vehID="Car_782" speed="13.06" length="5.00" type="DEFAULT_CAR"/>
    <instantOut id="215_D11" time="5983.64" state="enter" vehID="Car_822" speed="13.01" length="5.00" type="DEFAULT_CAR" gap="690.73"/>
    <instantOut id="215_D11" time="5983.75" state="stay" vehID="Car_822" speed="13.01" length="5.00" type="DEFAULT_CAR"/>
    <instantOut id="215_D11" time="5984.00" state="stay" vehID="Car_822" speed="13.24" length="5.00" type="DEFAULT_CAR"/>
    <instantOut id="215_D11" time="5984.00" state="leave" vehID="Car_822" speed="13.24" length="5.00" type="DEFAULT_CAR"/>
    <instantOut id="215_D11" time="6267.71" state="enter" vehID="Car_861" speed="15.71" length="5.00" type="DEFAULT_CAR" gap="974.80"/>
    <instantOut id="215_D11" time="6267.75" state="stay" vehID="Car_861" speed="15.71" length="5.00" type="DEFAULT_CAR"/>
    <instantOut id="215_D11" time="6268.00" state="stay" vehID="Car_861" speed="15.98" length="5.00" type="DEFAULT_CAR"/>
    <instantOut id="215_D11" time="6268.00" state="leave" vehID="Car_861" speed="15.98" length="5.00" type="DEFAULT_CAR"/>
    <instantOut id="215_D11" time="6441.58" state="enter" vehID="Car_880" speed="15.13" length="5.00" type="DEFAULT_CAR" gap="1148.67"/>
    <instantOut id="215_D11" time="6441.75" state="stay" vehID="Car_880" speed="15.13" length="5.00" type="DEFAULT_CAR"/>
    <instantOut id="215_D11" time="6441.91" state="leave" vehID="Car_880" speed="15.21" length="5.00" type="DEFAULT_CAR" occupancy="0.33"/>
    <instantOut id="215_D11" time="6731.24" state="enter" vehID="Car_912" speed="12.77" length="5.00" type="DEFAULT_CAR" gap="289.33"/>
    <instantOut id="215_D11" time="6731.25" state="stay" vehID="Car_912" speed="12.77" length="5.00" type="DEFAULT_CAR"/>
    <instantOut id="215_D11" time="6731.50" state="stay" vehID="Car_912" speed="12.73" length="5.00" type="DEFAULT_CAR"/>
    <instantOut id="215_D11" time="6731.50" state="leave" vehID="Car_912" speed="12.73" length="5.00" type="DEFAULT_CAR"/>
    <instantOut id="215_D11" time="6894.99" state="enter" vehID="Car_934" speed="13.93" length="5.00" type="DEFAULT_CAR" gap="453.08"/>
    <instantOut id="215_D11" time="6895.00" state="stay" vehID="Car_934" speed="13.93" length="5.00" type="DEFAULT_CAR"/>
    <instantOut id="215_D11" time="6895.25" state="stay" vehID="Car_934" speed="13.86" length="5.00" type="DEFAULT_CAR"/>
    <instantOut id="215_D11" time="6895.25" state="leave" vehID="Car_934" speed="13.86" length="5.00" type="DEFAULT_CAR"/>
    <instantOut id="215_D11" time="7022.44" state="enter" vehID="Car_946" speed="9.23" length="5.00" type="DEFAULT_CAR" gap="580.53"/>
    <instantOut id="215_D11" time="7022.50" state="stay" vehID="Car_946" speed="9.23" length="5.00" type="DEFAULT_CAR"/>
    <instantOut id="215_D11" time="7022.75" state="stay" vehID="Car_946" speed="8.87" length="5.00" type="DEFAULT_CAR"/>
    <instantOut id="215_D11" time="7023.00" state="stay" vehID="Car_946" speed="8.86" length="5.00" type="DEFAULT_CAR"/>
    <instantOut id="215_D11" time="7023.00" state="leave" vehID="Car_946" speed="8.86" length="5.00" type="DEFAULT_CAR"/>
    <instantOut id="215_D11" time="7155.69" state="enter" vehID="Car_967" speed="9.68" length="5.00" type="DEFAULT_CAR" gap="713.78"/>
    <instantOut id="215_D11" time="7155.75" state="stay" vehID="Car_967" speed="9.68" length="5.00" type="DEFAULT_CAR"/>
    <instantOut id="215_D11" time="7156.00" state="stay" vehID="Car_967" speed="9.51" length="5.00" type="DEFAULT_CAR"/>
    <instantOut id="215_D11" time="7156.21" state="leave" vehID="Car_967" speed="9.69" length="5.00" type="DEFAULT_CAR" occupancy="0.52"/>
    <instantOut id="215_D11" time="7351.75" state="enter" vehID="Car_995" speed="15.83" length="5.00" type="DEFAULT_CAR" gap="195.54"/>
    <instantOut id="215_D11" time="7352.00" state="stay" vehID="Car_995" speed="15.83" length="5.00" type="DEFAULT_CAR"/>
    <instantOut id="215_D11" time="7352.00" state="leave" vehID="Car_995" speed="15.83" length="5.00" type="DEFAULT_CAR"/>
    <instantOut id="215_D11" time="7421.37" state="enter" vehID="Car_1001" speed="10.31" length="5.00" type="DEFAULT_CAR" gap="265.16"/>
    <instantOut id="215_D11" time="7421.50" state="stay" vehID="Car_1001" speed="10.31" length="5.00" type="DEFAULT_CAR"/>
    <instantOut id="215_D11" time="7421.75" state="stay" vehID="Car_1001" speed="10.37" length="5.00" type="DEFAULT_CAR"/>
    <instantOut id="215_D11" time="7421.75" state="leave" vehID="Car_1001" speed="10.37" length="5.00" type="DEFAULT_CAR"/>
    <instantOut id="215_D11" time="7612.49" state="enter" vehID="Car_1021" speed="10.03" length="5.00" type="DEFAULT_CAR" gap="456.28"/>
    <instantOut id="215_D11" time="7612.50" state="stay" vehID="Car_1021" speed="10.03" length="5.00" type="DEFAULT_CAR"/>
    <instantOut id="215_D11" time="7612.75" state="stay" vehID="Car_1021" speed="9.82" length="5.00" type="DEFAULT_CAR"/>
    <instantOut id="215_D11" time="7613.00" state="leave" vehID="Car_1021" speed="9.79" length="5.00" type="DEFAULT_CAR" occupancy="0.51"/>
    <instantOut id="215_D11" time="7699.48" state="enter" vehID="Car_1040" speed="12.83" length="5.00" type="DEFAULT_CAR" gap="86.48"/>
    <instantOut id="215_D11" time="7699.50" state="stay" vehID="Car_1040" speed="12.83" length="5.00" type="DEFAULT_CAR"/>
    <instantOut id="215_D11" time="7699.75" state="stay" vehID="Car_1040" speed="12.94" length="5.00" type="DEFAULT_CAR"/>
    <instantOut id="215_D11" time="7699.75" state="leave" vehID="Car_1040" speed="12.94" length="5.00" type="DEFAULT_CAR"/>
    <instantOut id="215_D11" time="8167.01" state="enter" vehID="Car_1102" speed="13.35" length="5.00" type="DEFAULT_CAR" gap="554.01"/>
    <instantOut id="215_D11" time="8167.25" state="stay" vehID="Car_1102" speed="13.35" length="5.00" type="DEFAULT_CAR"/>
    <instantOut id="215_D11" time="8167.25" state="leave" vehID="Car_1102" speed="13.35" length="5.00" type="DEFAULT_CAR"/>
    <instantOut id="215_D11" time="8226.55" state="enter" vehID="Car_1106" speed="13.54" length="5.00" type="DEFAULT_CAR" gap="613.55"/>
    <instantOut id="215_D11" time="8226.75" state="stay" vehID="Car_1106" speed="13.54" length="5.00" type="DEFAULT_CAR"/>
    <instantOut id="215_D11" time="8226.92" state="leave" vehID="Car_1106" speed="13.95" length="5.00" type="DEFAULT_CAR" occupancy="0.36"/>
    <instantOut id="215_D11" time="8987.40" state="enter" vehID="Car_1203" speed="5.19" length="5.00" type="DEFAULT_CAR" gap="760.48"/>
    <instantOut id="215_D11" time="8987.50" state="stay" vehID="Car_1203" speed="5.19" length="5.00" type="DEFAULT_CAR"/>
    <instantOut id="215_D11" time="8987.75" state="stay" vehID="Car_1203" speed="5.30" length="5.00" type="DEFAULT_CAR"/>
    <instantOut id="215_D11" time="8988.00" state="stay" vehID="Car_1203" speed="5.02" length="5.00" type="DEFAULT_CAR"/>
    <instantOut id="215_D11" time="8988.00" state="leave" vehID="Car_1203" speed="5.02" length="5.00" type="DEFAULT_CAR"/>
    <instantOut id="215_D11" time="9195.70" state="enter" vehID="Car_1243" speed="12.21" length="5.00" type="DEFAULT_CAR" gap="968.78"/>
    <instantOut id="215_D11" time="9195.75" state="stay" vehID="Car_1243" speed="12.21" length="5.00" type="DEFAULT_CAR"/>
    <instantOut id="215_D11" time="9196.00" state="stay" vehID="Car_1243" speed="12.35" length="5.00" type="DEFAULT_CAR"/>
    <instantOut id="215_D11" time="9196.00" state="leave" vehID="Car_1243" speed="12.35" length="5.00" type="DEFAULT_CAR"/>
    <instantOut id="215_D11" time="9226.26" state="enter" vehID="Car_1251" speed="17.63" length="5.00" type="DEFAULT_CAR" gap="999.34"/>
    <instantOut id="215_D11" time="9226.50" state="stay" vehID="Car_1251" speed="17.63" length="5.00" type="DEFAULT_CAR"/>
    <instantOut id="215_D11" time="9226.50" state="leave" vehID="Car_1251" speed="17.63" length="5.00" type="DEFAULT_CAR"/>
    <instantOut id="215_D11" time="9873.39" state="enter" vehID="Car_1339" speed="15.69" length="5.00" type="DEFAULT_CAR" gap="1646.47"/>
    <instantOut id="215_D11" time="9873.50" state="stay" vehID="Car_1339" speed="15.69" length="5.00" type="DEFAULT_CAR"/>
    <instantOut id="215_D11" time="9873.71" state="leave" vehID="Car_1339" speed="15.64" length="5.00" type="DEFAULT_CAR" occupancy="0.32"/>
    <instantOut id="215_D11" time="10184.98" state="enter" vehID="Car_1381" speed="8.14" length="5.00" type="DEFAULT_CAR" gap="311.27"/>
    <instantOut id="215_D11" time="10185.00" state="stay" vehID="Car_1381" speed="8.14" length="5.00" type="DEFAULT_CAR"/>
    <instantOut id="215_D11" time="10185.25" state="stay" vehID="Car_1381" speed="7.75" length="5.00" type="DEFAULT_CAR"/>
    <instantOut id="215_D11" time="10185.50" state="stay" vehID="Car_1381" speed="7.77" length="5.00" type="DEFAULT_CAR"/>
    <instantOut id="215_D11" time="10185.50" state="leave" vehID="Car_1381" speed="7.77" length="5.00" type="DEFAULT_CAR"/>
    <instantOut id="215_D11" time="10212.01" state="enter" vehID="Car_1383" speed="14.65" length="5.00" type="DEFAULT_CAR" gap="338.30"/>
    <instantOut id="215_D11" time="10212.25" state="stay" vehID="Car_1383" speed="14.65" length="5.00" type="DEFAULT_CAR"/>
    <instantOut id="215_D11" time="10212.25" state="leave" vehID="Car_1383" speed="14.65" length="5.00" type="DEFAULT_CAR"/>
    <instantOut id="215_D11" time="10520.42" state="enter" vehID="Car_1416" speed="12.63" length="5.00" type="DEFAULT_CAR" gap="646.71"/>
    <instantOut id="215_D11" time="10520.50" state="stay" vehID="Car_1416" speed="12.63" length="5.00" type="DEFAULT_CAR"/>
    <instantOut id="215_D11" time="10520.75" state="stay" vehID="Car_1416" speed="12.70" length="5.00" type="DEFAULT_CAR"/>
    <instantOut id="215_D11" time="10520.75" state="leave" vehID="Car_1416" speed="12.70" length="5.00" type="DEFAULT_CAR"/>
    <instantOut id="215_D11" time="10660.57" state="enter" vehID="Car_1437" speed="15.50" length="5.00" type="DEFAULT_CAR" gap="786.86"/>
    <instantOut id="215_D11" time="10660.75" state="stay" vehID="Car_1437" speed="15.50" length="5.00" type="DEFAULT_CAR"/>
    <instantOut id="215_D11" time="10660.89" state="leave" vehID="Car_1437" speed="15.66" length="5.00" type="DEFAULT_CAR" occupancy="0.32"/>
    <instantOut id="215_D11" time="10699.56" state="enter" vehID="Car_13249" speed="5.29" length="5.00" type="DEFAULT_CAR" gap="38.67"/>
    <instantOut id="215_D11" time="10699.75" state="stay" vehID="Car_13249" speed="5.29" length="5.00" type="DEFAULT_CAR"/>
    <instantOut id="215_D11" time="10700.00" state="stay" vehID="Car_13249" speed="4.98" length="5.00" type="DEFAULT_CAR"/>
    <instantOut id="215_D11" time="10700.25" state="stay" vehID="Car_13249" speed="5.10" length="5.00" type="DEFAULT_CAR"/>
    <instantOut id="215_D11" time="10700.25" state="leave" vehID="Car_13249" speed="5.10" length="5.00" type="DEFAULT_CAR"/>
    <instantOut id="215_D11" time="11461.38" state="enter" vehID="Car_1517" speed="7.15" length="5.00" type="DEFAULT_CAR" gap="800.48"/>
    <instantOut id="215_D11" time="11461.50" state="stay" vehID="Car_1517" speed="7.15" length="5.00" type="DEFAULT_CAR"/>
    <instantOut id="215_D11" time="11461.75" state="stay" vehID="Car_1517" speed="6.86" length="5.00" type="DEFAULT_CAR"/>
    <instantOut id="215_D11" time="11462.00" state="stay" vehID="Car_1517" speed="7.01" length="5.00" type="DEFAULT_CAR"/>
    <instantOut id="215_D11" time="11462.00" state="leave" vehID="Car_1517" speed="7.01" length="5.00" type="DEFAULT_CAR"/>
    <instantOut id="215_D11" time="11942.28" state="enter" vehID="Car_1574" speed="16.68" length="5.00" type="DEFAULT_CAR" gap="1281.39"/>
    <instantOut id="215_D11" time="11942.50" state="stay" vehID="Car_1574" speed="16.68" length="5.00" type="DEFAULT_CAR"/>
    <instantOut id="215_D11" time="11942.50" state="leave" vehID="Car_1574" speed="16.68" length="5.00" type="DEFAULT_CAR"/>
    <instantOut id="215_D11" time="12083.70" state="enter" vehID="Car_1589" speed="11.15" length="5.00" type="DEFAULT_CAR" gap="1422.81"/>
    <instantOut id="215_D11" time="12083.75" state="stay" vehID="Car_1589" speed="11.15" length="5.00" type="DEFAULT_CAR"/>
    <instantOut id="215_D11" time="12084.00" state="stay" vehID="Car_1589" speed="10.81" length="5.00" type="DEFAULT_CAR"/>
    <instantOut id="215_D11" time="12084.00" state="leave" vehID="Car_1589" speed="10.81" length="5.00" type="DEFAULT_CAR"/>
    <instantOut id="215_D11" time="12128.52" state="enter" vehID="Car_1596" speed="12.73" length="5.00" type="DEFAULT_CAR" gap="1467.63"/>
    <instantOut id="215_D11" time="12128.75" state="stay" vehID="Car_1596" speed="12.73" length="5.00" type="DEFAULT_CAR"/>
    <instantOut id="215_D11" time="12128.91" state="leave" vehID="Car_1596" speed="12.74" length="5.00" type="DEFAULT_CAR" occupancy="0.39"/>
    <instantOut id="215_D11" time="12315.41" state="enter" vehID="Car_1617" speed="12.46" length="5.00" type="DEFAULT_CAR" gap="186.50"/>
    <instantOut id="215_D11" time="12315.50" state="stay" vehID="Car_1617" speed="12.46" length="5.00" type="DEFAULT_CAR"/>
    <instantOut id="215_D11" time="12315.75" state="stay" vehID="Car_1617" speed="12.58" length="5.00" type="DEFAULT_CAR"/>
    <instantOut id="215_D11" time="12315.75" state="leave" vehID="Car_1617" speed="12.58" length="5.00" type="DEFAULT_CAR"/>
    <instantOut id="215_D11" time="12331.49" state="enter" vehID="Car_1620" speed="11.12" length="5.00" type="DEFAULT_CAR" gap="202.58"/>
    <instantOut id="215_D11" time="12331.50" state="stay" vehID="Car_1620" speed="11.12" length="5.00" type="DEFAULT_CAR"/>
    <instantOut id="215_D11" time="12331.75" state="stay" vehID="Car_1620" speed="11.31" length="5.00" type="DEFAULT_CAR"/>
    <instantOut id="215_D11" time="12331.93" state="leave" vehID="Car_1620" speed="11.28" length="5.00" type="DEFAULT_CAR" occupancy="0.44"/>
    <instantOut id="215_D11" time="12753.04" state="enter" vehID="Car_1667" speed="9.18" length="5.00" type="DEFAULT_CAR" gap="421.10"/>
    <instantOut id="215_D11" time="12753.25" state="stay" vehID="Car_1667" speed="9.18" length="5.00" type="DEFAULT_CAR"/>
    <instantOut id="215_D11" time="12753.50" state="stay" vehID="Car_1667" speed="9.16" length="5.00" type="DEFAULT_CAR"/>
    <instantOut id="215_D11" time="12753.50" state="leave" vehID="Car_1667" speed="9.16" length="5.00" type="DEFAULT_CAR"/>
    <instantOut id="215_D11" time="12870.57" state="enter" vehID="Car_1685" speed="17.38" length="5.00" type="DEFAULT_CAR" gap="538.64"/>
    <instantOut id="215_D11" time="12870.75" state="stay" vehID="Car_1685" speed="17.38" length="5.00" type="DEFAULT_CAR"/>
    <instantOut id="215_D11" time="12870.75" state="leave" vehID="Car_1685" speed="17.38" length="5.00" type="DEFAULT_CAR"/>
    <instantOut id="215_D11" time="12964.86" state="enter" vehID="Car_1691" speed="11.93" length="5.00" type="DEFAULT_CAR" gap="632.93"/>
    <instantOut id="215_D11" time="12965.00" state="stay" vehID="Car_1691" speed="11.93" length="5.00" type="DEFAULT_CAR"/>
    <instantOut id="215_D11" time="12965.25" state="stay" vehID="Car_1691" speed="11.85" length="5.00" type="DEFAULT_CAR"/>
    <instantOut id="215_D11" time="12965.25" state="leave" vehID="Car_1691" speed="11.85" length="5.00" type="DEFAULT_CAR"/>
    <instantOut id="215_D11" time="13376.33" state="enter" vehID="Car_1744" speed="7.06" length="5.00" type="DEFAULT_CAR" gap="1044.40"/>
    <instantOut id="215_D11" time="13376.50" state="stay" vehID="Car_1744" speed="7.06" length="5.00" type="DEFAULT_CAR"/>
    <instantOut id="215_D11" time="13376.75" state="stay" vehID="Car_1744" speed="6.91" length="5.00" type="DEFAULT_CAR"/>
    <instantOut id="215_D11" time="13377.00" state="stay" vehID="Car_1744" speed="6.99" length="5.00" type="DEFAULT_CAR"/>
    <instantOut id="215_D11" time="13377.00" state="leave" vehID="Car_1744" speed="6.99" length="5.00" type="DEFAULT_CAR"/>
    <instantOut id="215_D11" time="13377.81" state="enter" vehID="Car_1751" speed="9.73" length="5.00" type="DEFAULT_CAR" gap="1045.88"/>
    <instantOut id="215_D11" time="13378.00" state="stay" vehID="Car_1751" speed="9.73" length="5.00" type="DEFAULT_CAR"/>
    <instantOut id="215_D11" time="13378.25" state="stay" vehID="Car_1751" speed="10.61" length="5.00" type="DEFAULT_CAR"/>
    <instantOut id="215_D11" time="13378.25" state="leave" vehID="Car_1751" speed="10.61" length="5.00" type="DEFAULT_CAR"/>
    <instantOut id="215_D11" time="13379.08" state="enter" vehID="Car_1752" speed="11.70" length="5.00" type="DEFAULT_CAR" gap="1047.14"/>
    <instantOut id="215_D11" time="13379.25" state="stay" vehID="Car_1752" speed="11.70" length="5.00" type="DEFAULT_CAR"/>
    <instantOut id="215_D11" time="13379.49" state="leave" vehID="Car_1752" speed="12.45" length="5.00" type="DEFAULT_CAR" occupancy="0.41"/>
    <instantOut id="215_D11" time="13593.40" state="enter" vehID="Car_1769" speed="18.71" length="5.00" type="DEFAULT_CAR" gap="213.91"/>
    <instantOut id="215_D11" time="13593.50" state="stay" vehID="Car_1769" speed="18.71" length="5.00" type="DEFAULT_CAR"/>
    <instantOut id="215_D11" time="13593.67" state="leave" vehID="Car_1769" speed="18.38" length="5.00" type="DEFAULT_CAR" occupancy="0.27"/>
    <instantOut id="215_D11" time="13646.11" state="enter" vehID="Car_1785" speed="14.92" length="5.00" type="DEFAULT_CAR" gap="52.44"/>
    <instantOut id="215_D11" time="13646.25" state="stay" vehID="Car_1785" speed="14.92" length="5.00" type="DEFAULT_CAR"/>
    <instantOut id="215_D11" time="13646.44" state="leave" vehID="Car_1785" speed="15.12" length="5.00" type="DEFAULT_CAR" occupancy="0.33"/>
    <instantOut id="215_D11" time="14486.15" state="enter" vehID="Car_1896" speed="17.91" length="5.00" type="DEFAULT_CAR" gap="839.71"/>
    <instantOut id="215_D11" time="14486.25" state="stay" vehID="Car_1896" speed="17.91" length="5.00" type="DEFAULT_CAR"/>
    <instantOut id="215_D11" time="14486.43" state="leave" vehID="Car_1896" speed="18.65" length="5.00" type="DEFAULT_CAR" occupancy="0.27"/>
    <instantOut id="215_D11" time="14491.45" state="enter" vehID="Car_1900" speed="17.96" length="5.00" type="DEFAULT_CAR" gap="5.02"/>
    <instantOut id="215_D11" time="14491.50" state="stay" vehID="Car_1900" speed="17.96" length="5.00" type="DEFAULT_CAR"/>
    <instantOut id="215_D11" time="14491.73" state="leave" vehID="Car_1900" speed="17.98" length="5.00" type="DEFAULT_CAR" occupancy="0.28"/>
    <instantOut id="215_D11" time="14931.35" state="enter" vehID="Car_1950" speed="14.10" length="5.00" type="DEFAULT_CAR" gap="439.62"/>
    <instantOut id="215_D11" time="14931.50" state="stay" vehID="Car_1950" speed="14.10" length="5.00" type="DEFAULT_CAR"/>
    <instantOut id="215_D11" time="14931.70" state="leave" vehID="Car_1950" speed="13.86" length="5.00" type="DEFAULT_CAR" occupancy="0.36"/>
    <instantOut id="215_D11" time="15084.33" state="enter" vehID="Car_1971" speed="10.24" length="5.00" type="DEFAULT_CAR" gap="152.62"/>
    <instantOut id="215_D11" time="15084.50" state="stay" vehID="Car_1971" speed="10.24" length="5.00" type="DEFAULT_CAR"/>
    <instantOut id="215_D11" time="15084.75" state="stay" vehID="Car_1971" speed="10.41" length="5.00" type="DEFAULT_CAR"/>
    <instantOut id="215_D11" time="15084.75" state="leave" vehID="Car_1971" speed="10.41" length="5.00" type="DEFAULT_CAR"/>
    <instantOut id="215_D11" time="15440.36" state="enter" vehID="Car_2023" speed="10.45" length="5.00" type="DEFAULT_CAR" gap="508.66"/>
    <instantOut id="215_D11" time="15440.50" state="stay" vehID="Car_2023" speed="10.45" length="5.00" type="DEFAULT_CAR"/>
    <instantOut id="215_D11" time="15440.75" state="stay" vehID="Car_2023" speed="10.35" length="5.00" type="DEFAULT_CAR"/>
    <instantOut id="215_D11" time="15440.75" state="leave" vehID="Car_2023" speed="10.35" length="5.00" type="DEFAULT_CAR"/>
    <instantOut id="215_D11" time="16052.24" state="enter" vehID="Car_2108" speed="18.49" length="5.00" type="DEFAULT_CAR" gap="1120.53"/>
    <instantOut id="215_D11" time="16052.25" state="stay" vehID="Car_2108" speed="18.49" length="5.00" type="DEFAULT_CAR"/>
    <instantOut id="215_D11" time="16052.50" state="leave" vehID="Car_2108" speed="19.09" length="5.00" type="DEFAULT_CAR" occupancy="0.26"/>
    <instantOut id="215_D11" time="16181.69" state="enter" vehID="Car_2125" speed="13.63" length="5.00" type="DEFAULT_CAR" gap="129.19"/>
    <instantOut id="215_D11" time="16181.75" state="stay" vehID="Car_2125" speed="13.63" length="5.00" type="DEFAULT_CAR"/>
    <instantOut id="215_D11" time="16182.00" state="stay" vehID="Car_2125" speed="13.97" length="5.00" type="DEFAULT_CAR"/>
    <instantOut id="215_D11" time="16182.00" state="leave" vehID="Car_2125" speed="13.97" length="5.00" type="DEFAULT_CAR"/>
    <instantOut id="215_D11" time="16228.02" state="enter" vehID="Car_2133" speed="13.72" length="5.00" type="DEFAULT_CAR" gap="175.52"/>
    <instantOut id="215_D11" time="16228.25" state="stay" vehID="Car_2133" speed="13.72" length="5.00" type="DEFAULT_CAR"/>
    <instantOut id="215_D11" time="16228.25" state="leave" vehID="Car_2133" speed="13.72" length="5.00" type="DEFAULT_CAR"/>
    <instantOut id="215_D11" time="16275.99" state="enter" vehID="Car_2139" speed="16.14" length="5.00" type="DEFAULT_CAR" gap="223.49"/>
    <instantOut id="215_D11" time="16276.00" state="stay" vehID="Car_2139" speed="16.14" length="5.00" type="DEFAULT_CAR"/>
    <instantOut id="215_D11" time="16276.25" state="stay" vehID="Car_2139" speed="16.03" length="5.00" type="DEFAULT_CAR"/>
    <instantOut id="215_D11" time="16276.25" state="leave" vehID="Car_2139" speed="16.03" length="5.00" type="DEFAULT_CAR"/>
    <instantOut id="215_D11" time="16845.37" state="enter" vehID="Car_2211" speed="8.40" length="5.00" type="DEFAULT_CAR" gap="792.87"/>
    <instantOut id="215_D11" time="16845.50" state="stay" vehID="Car_2211" speed="8.40" length="5.00" type="DEFAULT_CAR"/>
    <instantOut id="215_D11" time="16845.75" state="stay" vehID="Car_2211" speed="8.69" length="5.00" type="DEFAULT_CAR"/>
    <instantOut id="215_D11" time="16845.75" state="leave" vehID="Car_2211" speed="8.69" length="5.00" type="DEFAULT_CAR"/>
    <instantOut id="215_D11" time="17067.76" state="enter" vehID="Car_2241" speed="20.41" length="5.00" type="DEFAULT_CAR" gap="1015.26"/>
    <instantOut id="215_D11" time="17068.00" state="stay" vehID="Car_2241" speed="20.41" length="5.00" type="DEFAULT_CAR"/>
    <instantOut id="215_D11" time="17068.00" state="leave" vehID="Car_2241" speed="20.41" length="5.00" type="DEFAULT_CAR"/>
    <instantOut id="215_D11" time="17127.92" state="enter" vehID="Car_2247" speed="15.69" length="5.00" type="DEFAULT_CAR" gap="1075.42"/>
    <instantOut id="215_D11" time="17128.00" state="stay" vehID="Car_2247" speed="15.69" length="5.00" type="DEFAULT_CAR"/>
    <instantOut id="215_D11" time="17128.24" state="leave" vehID="Car_2247" speed="15.73" length="5.00" type="DEFAULT_CAR" occupancy="0.32"/>
    <instantOut id="215_D11" time="18587.93" state="enter" vehID="Car_2426" speed="11.85" length="5.00" type="DEFAULT_CAR" gap="1459.70"/>
    <instantOut id="215_D11" time="18588.00" state="stay" vehID="Car_2426" speed="11.85" length="5.00" type="DEFAULT_CAR"/>
    <instantOut id="215_D11" time="18588.25" state="stay" vehID="Car_2426" speed="11.90" length="5.00" type="DEFAULT_CAR"/>
    <instantOut id="215_D11" time="18588.25" state="leave" vehID="Car_2426" speed="11.90" length="5.00" type="DEFAULT_CAR"/>
    <instantOut id="215_D11" time="18784.51" state="enter" vehID="Car_2453" speed="13.84" length="5.00" type="DEFAULT_CAR" gap="1656.28"/>
    <instantOut id="215_D11" time="18784.75" state="stay" vehID="Car_2453" speed="13.84" length="5.00" type="DEFAULT_CAR"/>
    <instantOut id="215_D11" time="18784.75" state="leave" vehID="Car_2453" speed="13.84" length="5.00" type="DEFAULT_CAR"/>
    <instantOut id="215_D11" time="19595.82" state="enter" vehID="Car_2569" speed="15.02" length="5.00" type="DEFAULT_CAR" gap="2467.58"/>
    <instantOut id="215_D11" time="19596.00" state="stay" vehID="Car_2569" speed="15.02" length="5.00" type="DEFAULT_CAR"/>
    <instantOut id="215_D11" time="19596.15" state="leave" vehID="Car_2569" speed="15.43" length="5.00" type="DEFAULT_CAR" occupancy="0.33"/>
    <instantOut id="215_D11" time="19640.55" state="enter" vehID="Car_2577" speed="15.40" length="5.00" type="DEFAULT_CAR" gap="44.41"/>
    <instantOut id="215_D11" time="19640.75" state="stay" vehID="Car_2577" speed="15.40" length="5.00" type="DEFAULT_CAR"/>
    <instantOut id="215_D11" time="19640.88" state="leave" vehID="Car_2577" speed="15.38" length="5.00" type="DEFAULT_CAR" occupancy="0.32"/>
    <instantOut id="215_D11" time="19691.00" state="enter" vehID="Car_2583" speed="19.02" length="5.00" type="DEFAULT_CAR" gap="50.12"/>
    <instantOut id="215_D11" time="19691.00" state="stay" vehID="Car_2583" speed="19.02" length="5.00" type="DEFAULT_CAR"/>
    <instantOut id="215_D11" time="19691.25" state="stay" vehID="Car_2583" speed="19.63" length="5.00" type="DEFAULT_CAR"/>
    <instantOut id="215_D11" time="19691.25" state="leave" vehID="Car_2583" speed="19.63" length="5.00" type="DEFAULT_CAR"/>
    <instantOut id="215_D11" time="19798.19" state="enter" vehID="Car_2598" speed="14.83" length="5.00" type="DEFAULT_CAR" gap="157.31"/>
    <instantOut id="215_D11" time="19798.25" state="stay" vehID="Car_2598" speed="14.83" length="5.00" type="DEFAULT_CAR"/>
    <instantOut id="215_D11" time="19798.50" state="stay" vehID="Car_2598" speed="15.15" length="5.00" type="DEFAULT_CAR"/>
    <instantOut id="215_D11" time="19798.50" state="leave" vehID="Car_2598" speed="15.15" length="5.00" type="DEFAULT_CAR"/>
    <instantOut id="215_D11" time="20705.33" state="enter" vehID="Car_2689" speed="9.53" length="5.00" type="DEFAULT_CAR" gap="1064.45"/>
    <instantOut id="215_D11" time="20705.50" state="stay" vehID="Car_2689" speed="9.53" length="5.00" type="DEFAULT_CAR"/>
    <instantOut id="215_D11" time="20705.75" state="stay" vehID="Car_2689" speed="9.38" length="5.00" type="DEFAULT_CAR"/>
    <instantOut id="215_D11" time="20705.75" state="leave" vehID="Car_2689" speed="9.38" length="5.00" type="DEFAULT_CAR"/>
    <instantOut id="215_D11" time="20841.00" state="enter" vehID="Car_2705" speed="14.22" length="5.00" type="DEFAULT_CAR" gap="1200.12"/>
    <instantOut id="215_D11" time="20841.25" state="stay" vehID="Car_2705" speed="14.22" length="5.00" type="DEFAULT_CAR"/>
    <instantOut id="215_D11" time="20841.25" state="leave" vehID="Car_2705" speed="14.22" length="5.00" type="DEFAULT_CAR"/>
    <instantOut id="215_D11" time="21827.57" state="enter" vehID="Car_2857" speed="12.03" length="5.00" type="DEFAULT_CAR" gap="2186.70"/>
    <instantOut id="215_D11" time="21827.75" state="stay" vehID="Car_2857" speed="12.03" length="5.00" type="DEFAULT_CAR"/>
    <instantOut id="215_D11" time="21827.98" state="leave" vehID="Car_2857" speed="12.30" length="5.00" type="DEFAULT_CAR" occupancy="0.41"/>
    <instantOut id="215_D11" time="22292.55" state="enter" vehID="Car_2914" speed="11.94" length="5.00" type="DEFAULT_CAR" gap="464.57"/>
    <instantOut id="215_D11" time="22292.75" state="stay" vehID="Car_2914" speed="11.94" length="5.00" type="DEFAULT_CAR"/>
    <instantOut id="215_D11" time="22292.97" state="leave" vehID="Car_2914" speed="12.13" length="5.00" type="DEFAULT_CAR" occupancy="0.42"/>
    <instantOut id="215_D11" time="22880.75" state="enter" vehID="Car_3013" speed="13.27" length="5.00" type="DEFAULT_CAR" gap="587.78"/>
    <instantOut id="215_D11" time="22880.75" state="stay" vehID="Car_3013" speed="13.27" length="5.00" type="DEFAULT_CAR"/>
    <instantOut id="215_D11" time="22881.00" state="stay" vehID="Car_3013" speed="13.46" length="5.00" type="DEFAULT_CAR"/>
    <instantOut id="215_D11" time="22881.00" state="leave" vehID="Car_3013" speed="13.46" length="5.00" type="DEFAULT_CAR"/>
    <instantOut id="215_D11" time="22936.98" state="enter" vehID="Car_3020" speed="13.20" length="5.00" type="DEFAULT_CAR" gap="644.01"/>
    <instantOut id="215_D11" time="22937.00" state="stay" vehID="Car_3020" speed="13.20" length="5.00" type="DEFAULT_CAR"/>
    <instantOut id="215_D11" time="22937.25" state="stay" vehID="Car_3020" speed="13.01" length="5.00" type="DEFAULT_CAR"/>
    <instantOut id="215_D11" time="22937.25" state="leave" vehID="Car_3020" speed="13.01" length="5.00" type="DEFAULT_CAR"/>
    <instantOut id="215_D11" time="23354.25" state="enter" vehID="Car_3089" speed="11.87" length="5.00" type="DEFAULT_CAR" gap="1061.28"/>
    <instantOut id="215_D11" time="23354.25" state="stay" vehID="Car_3089" speed="11.87" length="5.00" type="DEFAULT_CAR"/>
    <instantOut id="215_D11" time="23354.50" state="stay" vehID="Car_3089" speed="11.79" length="5.00" type="DEFAULT_CAR"/>
    <instantOut id="215_D11" time="23354.67" state="leave" vehID="Car_3089" speed="11.77" length="5.00" type="DEFAULT_CAR" occupancy="0.42"/>
    <instantOut id="215_D11" time="24051.16" state="enter" vehID="Car_3179" speed="10.86" length="5.00" type="DEFAULT_CAR" gap="696.49"/>
    <instantOut id="215_D11" time="24051.25" state="stay" vehID="Car_3179" speed="10.86" length="5.00" type="DEFAULT_CAR"/>
    <instantOut id="215_D11" time="24051.50" state="stay" vehID="Car_3179" speed="10.74" length="5.00" type="DEFAULT_CAR"/>
    <instantOut id="215_D11" time="24051.50" state="leave" vehID="Car_3179" speed="10.74" length="5.00" type="DEFAULT_CAR"/>
    <instantOut id="215_D11" time="24167.11" state="enter" vehID="Car_3196" speed="13.20" length="5.00" type="DEFAULT_CAR" gap="812.44"/>
    <instantOut id="215_D11" time="24167.25" state="stay" vehID="Car_3196" speed="13.20" length="5.00" type="DEFAULT_CAR"/>
    <instantOut id="215_D11" time="24167.49" state="leave" vehID="Car_3196" speed="13.20" length="5.00" type="DEFAULT_CAR" occupancy="0.38"/>
    <instantOut id="215_D11" time="24271.84" state="enter" vehID="Car_3201" speed="8.10" length="5.00" type="DEFAULT_CAR" gap="104.35"/>
    <instantOut id="215_D11" time="24272.00" state="stay" vehID="Car_3201" speed="8.10" length="5.00" type="DEFAULT_CAR"/>
    <instantOut id="215_D11" time="24272.25" state="stay" vehID="Car_3201" speed="8.24" length="5.00" type="DEFAULT_CAR"/>
    <instantOut id="215_D11" time="24272.25" state="leave" vehID="Car_3201" speed="8.24" length="5.00" type="DEFAULT_CAR"/>
    <instantOut id="215_D11" time="24273.22" state="enter" vehID="Car_3202" speed="10.36" length="5.00" type="DEFAULT_CAR" gap="105.73"/>
    <instantOut id="215_D11" time="24273.25" state="stay" vehID="Car_3202" speed="10.36" length="5.00" type="DEFAULT_CAR"/>
    <instantOut id="215_D11" time="24273.50" state="stay" vehID="Car_3202" speed="11.16" length="5.00" type="DEFAULT_CAR"/>
    <instantOut id="215_D11" time="24273.50" state="leave" vehID="Car_3202" speed="11.16" length="5.00" type="DEFAULT_CAR"/>
    <instantOut id="215_D11" time="25196.55" state="enter" vehID="Car_3335" speed="13.10" length="5.00" type="DEFAULT_CAR" gap="1029.06"/>
    <instantOut id="215_D11" time="25196.75" state="stay" vehID="Car_3335" speed="13.10" length="5.00" type="DEFAULT_CAR"/>
    <instantOut id="215_D11" time="25196.93" state="leave" vehID="Car_3335" speed="12.99" length="5.00" type="DEFAULT_CAR" occupancy="0.38"/>
    <instantOut id="215_D11" time="25280.27" state="enter" vehID="Car_3360" speed="12.84" length="5.00" type="DEFAULT_CAR" gap="83.33"/>
    <instantOut id="215_D11" time="25280.50" state="stay" vehID="Car_3360" speed="12.84" length="5.00" type="DEFAULT_CAR"/>
    <instantOut id="215_D11" time="25280.65" state="leave" vehID="Car_3360" speed="13.02" length="5.00" type="DEFAULT_CAR" occupancy="0.39"/>
    <instantOut id="215_D11" time="25281.56" state="enter" vehID="Car_3357" speed="16.49" length="5.00" type="DEFAULT_CAR" gap="0.91"/>
    <instantOut id="215_D11" time="25281.75" state="stay" vehID="Car_3357" speed="16.49" length="5.00" type="DEFAULT_CAR"/>
    <instantOut id="215_D11" time="25281.75" state="leave" vehID="Car_3357" speed="16.49" length="5.00" type="DEFAULT_CAR"/>
    <instantOut id="215_D11" time="25427.77" state="enter" vehID="Car_3383" speed="6.29" length="5.00" type="DEFAULT_CAR" gap="147.12"/>
    <instantOut id="215_D11" time="25428.00" state="stay" vehID="Car_3383" speed="6.29" length="5.00" type="DEFAULT_CAR"/>
    <instantOut id="215_D11" time="25428.25" state="stay" vehID="Car_3383" speed="6.32" length="5.00" type="DEFAULT_CAR"/>
    <instantOut id="215_D11" time="25428.50" state="stay" vehID="Car_3383" speed="6.32" length="5.00" type="DEFAULT_CAR"/>
    <instantOut id="215_D11" time="25428.50" state="leave" vehID="Car_3383" speed="6.32" length="5.00" type="DEFAULT_CAR"/>
    <instantOut id="215_D11" time="25587.95" state="enter" vehID="Car_3414" speed="11.32" length="5.00" type="DEFAULT_CAR" gap="307.30"/>
    <instantOut id="215_D11" time="25588.00" state="stay" vehID="Car_3414" speed="11.32" length="5.00" type="DEFAULT_CAR"/>
    <instantOut id="215_D11" time="25588.25" state="stay" vehID="Car_3414" speed="11.07" length="5.00" type="DEFAULT_CAR"/>
    <instantOut id="215_D11" time="25588.25" state="leave" vehID="Car_3414" speed="11.07" length="5.00" type="DEFAULT_CAR"/>
    <instantOut id="215_D11" time="25601.58" state="enter" vehID="Car_3419" speed="17.93" length="5.00" type="DEFAULT_CAR" gap="320.93"/>
    <instantOut id="215_D11" time="25601.75" state="stay" vehID="Car_3419" speed="17.93" length="5.00" type="DEFAULT_CAR"/>
    <instantOut id="215_D11" time="25601.86" state="leave" vehID="Car_3419" speed="18.26" length="5.00" type="DEFAULT_CAR" occupancy="0.28"/>
    <instantOut id="215_D11" time="25755.01" state="enter" vehID="Car_3433" speed="8.53" length="5.00" type="DEFAULT_CAR" gap="153.15"/>
    <instantOut id="215_D11" time="25755.25" state="stay" vehID="Car_3433" speed="8.53" length="5.00" type="DEFAULT_CAR"/>
    <instantOut id="215_D11" time="25755.50" state="stay" vehID="Car_3433" speed="8.67" length="5.00" type="DEFAULT_CAR"/>
    <instantOut id="215_D11" time="25755.50" state="leave" vehID="Car_3433" speed="8.67" length="5.00" type="DEFAULT_CAR"/>
    <instantOut id="215_D11" time="25787.56" state="enter" vehID="Car_3439" speed="14.42" length="5.00" type="DEFAULT_CAR" gap="185.70"/>
    <instantOut id="215_D11" time="25787.75" state="stay" vehID="Car_3439" speed="14.42" length="5.00" type="DEFAULT_CAR"/>
    <instantOut id="215_D11" time="25787.90" state="leave" vehID="Car_3439" speed="14.48" length="5.00" type="DEFAULT_CAR" occupancy="0.35"/>
    <instantOut id="215_D11" time="25841.22" state="enter" vehID="Car_3445" speed="14.41" length="5.00" type="DEFAULT_CAR" gap="53.31"/>
    <instantOut id="215_D11" time="25841.25" state="stay" vehID="Car_3445" speed="14.41" length="5.00" type="DEFAULT_CAR"/>
    <instantOut id="215_D11" time="25841.50" state="stay" vehID="Car_3445" speed="14.37" length="5.00" type="DEFAULT_CAR"/>
    <instantOut id="215_D11" time="25841.50" state="leave" vehID="Car_3445" speed="14.37" length="5.00" type="DEFAULT_CAR"/>
    <instantOut id="215_D11" time="25848.68" state="enter" vehID="Car_3446" speed="11.48" length="5.00" type="DEFAULT_CAR" gap="60.77"/>
    <instantOut id="215_D11" time="25848.75" state="stay" vehID="Car_3446" speed="11.48" length="5.00" type="DEFAULT_CAR"/>
    <instantOut id="215_D11" time="25849.00" state="stay" vehID="Car_3446" speed="11.47" length="5.00" type="DEFAULT_CAR"/>
    <instantOut id="215_D11" time="25849.00" state="leave" vehID="Car_3446" speed="11.47" length="5.00" type="DEFAULT_CAR"/>
    <instantOut id="215_D11" time="25914.66" state="enter" vehID="Car_3455" speed="10.24" length="5.00" type="DEFAULT_CAR" gap="126.76"/>
    <instantOut id="215_D11" time="25914.75" state="stay" vehID="Car_3455" speed="10.24" length="5.00" type="DEFAULT_CAR"/>
    <instantOut id="215_D11" time="25915.00" state="stay" vehID="Car_3455" speed="10.29" length="5.00" type="DEFAULT_CAR"/>
    <instantOut id="215_D11" time="25915.00" state="leave" vehID="Car_3455" speed="10.29" length="5.00" type="DEFAULT_CAR"/>
    <instantOut id="215_D11" time="26217.99" state="enter" vehID="Car_3503" speed="14.62" length="5.00" type="DEFAULT_CAR" gap="430.09"/>
    <instantOut id="215_D11" time="26218.00" state="stay" vehID="Car_3503" speed="14.62" length="5.00" type="DEFAULT_CAR"/>
    <instantOut id="215_D11" time="26218.25" state="stay" vehID="Car_3503" speed="14.42" length="5.00" type="DEFAULT_CAR"/>
    <instantOut id="215_D11" time="26218.25" state="leave" vehID="Car_3503" speed="14.42" length="5.00" type="DEFAULT_CAR"/>
    <instantOut id="215_D11" time="26543.55" state="enter" vehID="Car_3549" speed="6.47" length="5.00" type="DEFAULT_CAR" gap="755.64"/>
    <instantOut id="215_D11" time="26543.75" state="stay" vehID="Car_3549" speed="6.47" length="5.00" type="DEFAULT_CAR"/>
    <instantOut id="215_D11" time="26544.00" state="stay" vehID="Car_3549" speed="6.42" length="5.00" type="DEFAULT_CAR"/>
    <instantOut id="215_D11" time="26544.25" state="stay" vehID="Car_3549" speed="6.46" length="5.00" type="DEFAULT_CAR"/>
    <instantOut id="215_D11" time="26544.25" state="leave" vehID="Car_3549" speed="6.46" length="5.00" type="DEFAULT_CAR"/>
    <instantOut id="215_D11" time="26711.82" state="enter" vehID="Car_3580" speed="12.66" length="5.00" type="DEFAULT_CAR" gap="923.92"/>
    <instantOut id="215_D11" time="26712.00" state="stay" vehID="Car_3580" speed="12.66" length="5.00" type="DEFAULT_CAR"/>
    <instantOut id="215_D11" time="26712.21" state="leave" vehID="Car_3580" speed="12.89" length="5.00" type="DEFAULT_CAR" occupancy="0.39"/>
    <instantOut id="215_D11" time="26777.93" state="enter" vehID="Car_3586" speed="11.04" length="5.00" type="DEFAULT_CAR" gap="65.71"/>
    <instantOut id="215_D11" time="26778.00" state="stay" vehID="Car_3586" speed="11.04" length="5.00" type="DEFAULT_CAR"/>
    <instantOut id="215_D11" time="26778.25" state="stay" vehID="Car_3586" speed="11.28" length="5.00" type="DEFAULT_CAR"/>
    <instantOut id="215_D11" time="26778.25" state="leave" vehID="Car_3586" speed="11.28" length="5.00" type="DEFAULT_CAR"/>
    <instantOut id="215_D11" time="27366.04" state="enter" vehID="Car_3670" speed="11.20" length="5.00" type="DEFAULT_CAR" gap="653.82"/>
    <instantOut id="215_D11" time="27366.25" state="stay" vehID="Car_3670" speed="11.20" length="5.00" type="DEFAULT_CAR"/>
    <instantOut id="215_D11" time="27366.48" state="leave" vehID="Car_3670" speed="11.31" length="5.00" type="DEFAULT_CAR" occupancy="0.44"/>
    <instantOut id="215_D11" time="27549.83" state="enter" vehID="Car_3698" speed="7.11" length="5.00" type="DEFAULT_CAR" gap="183.34"/>
    <instantOut id="215_D11" time="27550.00" state="stay" vehID="Car_3698" speed="7.11" length="5.00" type="DEFAULT_CAR"/>
    <instantOut id="215_D11" time="27550.25" state="stay" vehID="Car_3698" speed="7.12" length="5.00" type="DEFAULT_CAR"/>
    <instantOut id="215_D11" time="27550.50" state="stay" vehID="Car_3698" speed="6.98" length="5.00" type="DEFAULT_CAR"/>
    <instantOut id="215_D11" time="27550.50" state="leave" vehID="Car_3698" speed="6.98" length="5.00" type="DEFAULT_CAR"/>
    <instantOut id="215_D11" time="27551.32" state="enter" vehID="Car_3701" speed="9.38" length="5.00" type="DEFAULT_CAR" gap="184.84"/>
    <instantOut id="215_D11" time="27551.50" state="stay" vehID="Car_3701" speed="9.38" length="5.00" type="DEFAULT_CAR"/>
    <instantOut id="215_D11" time="27551.75" state="stay" vehID="Car_3701" speed="10.29" length="5.00" type="DEFAULT_CAR"/>
    <instantOut id="215_D11" time="27551.75" state="leave" vehID="Car_3701" speed="10.29" length="5.00" type="DEFAULT_CAR"/>
    <instantOut id="215_D11" time="27552.86" state="enter" vehID="Car_3702" speed="9.19" length="5.00" type="DEFAULT_CAR" gap="186.38"/>
    <instantOut id="215_D11" time="27553.00" state="stay" vehID="Car_3702" speed="9.19" length="5.00" type="DEFAULT_CAR"/>
    <instantOut id="215_D11" time="27553.25" state="stay" vehID="Car_3702" speed="9.14" length="5.00" type="DEFAULT_CAR"/>
    <instantOut id="215_D11" time="27553.25" state="leave" vehID="Car_3702" speed="9.14" length="5.00" type="DEFAULT_CAR"/>
    <instantOut id="215_D11" time="27703.05" state="enter" vehID="Car_3723" speed="9.57" length="5.00" type="DEFAULT_CAR" gap="336.56"/>
    <instantOut id="215_D11" time="27703.25" state="stay" vehID="Car_3723" speed="9.57" length="5.00" type="DEFAULT_CAR"/>
    <instantOut id="215_D11" time="27703.50" state="stay" vehID="Car_3723" speed="9.28" length="5.00" type="DEFAULT_CAR"/>
    <instantOut id="215_D11" time="27703.50" state="leave" vehID="Car_3723" speed="9.28" length="5.00" type="DEFAULT_CAR"/>
    <instantOut id="215_D11" time="27817.11" state="enter" vehID="Car_3740" speed="20.75" length="5.00" type="DEFAULT_CAR" gap="450.63"/>
    <instantOut id="215_D11" time="27817.25" state="stay" vehID="Car_3740" speed="20.75" length="5.00" type="DEFAULT_CAR"/>
    <instantOut id="215_D11" time="27817.35" state="leave" vehID="Car_3740" speed="21.48" length="5.00" type="DEFAULT_CAR" occupancy="0.24"/>
    <instantOut id="215_D11" time="27928.87" state="enter" vehID="Car_3753" speed="18.11" length="5.00" type="DEFAULT_CAR" gap="111.53"/>
    <instantOut id="215_D11" time="27929.00" state="stay" vehID="Car_3753" speed="18.11" length="5.00" type="DEFAULT_CAR"/>
    <instantOut id="215_D11" time="27929.15" state="leave" vehID="Car_3753" speed="18.17" length="5.00" type="DEFAULT_CAR" occupancy="0.28"/>
    <instantOut id="215_D11" time="28193.67" state="enter" vehID="Car_3791" speed="16.12" length="5.00" type="DEFAULT_CAR" gap="264.52"/>
    <instantOut id="215_D11" time="28193.75" state="stay" vehID="Car_3791" speed="16.12" length="5.00" type="DEFAULT_CAR"/>
    <instantOut id="215_D11" time="28193.97" state="leave" vehID="Car_3791" speed="16.41" length="5.00" type="DEFAULT_CAR" occupancy="0.31"/>
    <instantOut id="215_D11" time="28758.58" state="enter" vehID="Car_3861" speed="15.17" length="5.00" type="DEFAULT_CAR" gap="564.61"/>
    <instantOut id="215_D11" time="28758.75" state="stay" vehID="Car_3861" speed="15.17" length="5.00" type="DEFAULT_CAR"/>
    <instantOut id="215_D11" time="28758.91" state="leave" vehID="Car_3861" speed="15.08" length="5.00" type="DEFAULT_CAR" occupancy="0.33"/>
    <instantOut id="215_D11" time="28908.91" state="enter" vehID="Car_3890" speed="18.04" length="5.00" type="DEFAULT_CAR" gap="149.99"/>
    <instantOut id="215_D11" time="28909.00" state="stay" vehID="Car_3890" speed="18.04" length="5.00" type="DEFAULT_CAR"/>
    <instantOut id="215_D11" time="28909.18" state="leave" vehID="Car_3890" speed="17.92" length="5.00" type="DEFAULT_CAR" occupancy="0.28"/>
    <instantOut id="215_D11" time="29034.24" state="enter" vehID="Car_3905" speed="9.88" length="5.00" type="DEFAULT_CAR" gap="125.06"/>
    <instantOut id="215_D11" time="29034.25" state="stay" vehID="Car_3905" speed="9.88" length="5.00" type="DEFAULT_CAR"/>
    <instantOut id="215_D11" time="29034.50" state="stay" vehID="Car_3905" speed="10.15" length="5.00" type="DEFAULT_CAR"/>
    <instantOut id="215_D11" time="29034.74" state="leave" vehID="Car_3905" speed="9.86" length="5.00" type="DEFAULT_CAR" occupancy="0.50"/>
    <instantOut id="215_D11" time="29211.24" state="enter" vehID="Car_14319" speed="5.08" length="5.00" type="DEFAULT_CAR" gap="176.50"/>
    <instantOut id="215_D11" time="29211.25" state="stay" vehID="Car_14319" speed="5.08" length="5.00" type="DEFAULT_CAR"/>
    <instantOut id="215_D11" time="29211.50" state="stay" vehID="Car_14319" speed="4.95" length="5.00" type="DEFAULT_CAR"/>
    <instantOut id="215_D11" time="29211.75" state="stay" vehID="Car_14319" speed="4.99" length="5.00" type="DEFAULT_CAR"/>
    <instantOut id="215_D11" time="29212.00" state="stay" vehID="Car_14319" speed="4.76" length="5.00" type="DEFAULT_CAR"/>
    <instantOut id="215_D11" time="29212.00" state="leave" vehID="Car_14319" speed="4.76" length="5.00" type="DEFAULT_CAR"/>
    <instantOut id="215_D11" time="29497.07" state="enter" vehID="Car_3984" speed="15.24" length="5.00" type="DEFAULT_CAR" gap="462.33"/>
    <instantOut id="215_D11" time="29497.25" state="stay" vehID="Car_3984" speed="15.24" length="5.00" type="DEFAULT_CAR"/>
    <instantOut id="215_D11" time="29497.40" state="leave" vehID="Car_3984" speed="15.22" length="5.00" type="DEFAULT_CAR" occupancy="0.33"/>
    <instantOut id="215_D11" time="29501.50" state="enter" vehID="Car_3985" speed="14.62" length="5.00" type="DEFAULT_CAR" gap="4.10"/>
    <instantOut id="215_D11" time="29501.50" state="stay" vehID="Car_3985" speed="14.62" length="5.00" type="DEFAULT_CAR"/>
    <instantOut id="215_D11" time="29501.75" state="stay" vehID="Car_3985" speed="14.49" length="5.00" type="DEFAULT_CAR"/>
    <instantOut id="215_D11" time="29501.75" state="leave" vehID="Car_3985" speed="14.49" length="5.00" type="DEFAULT_CAR"/>
    <instantOut id="215_D11" time="29504.42" state="enter" vehID="Car_3987" speed="16.40" length="5.00" type="DEFAULT_CAR" gap="7.02"/>
    <instantOut id="215_D11" time="29504.50" state="stay" vehID="Car_3987" speed="16.40" length="5.00" type="DEFAULT_CAR"/>
    <instantOut id="215_D11" time="29504.72" state="leave" vehID="Car_3987" speed="16.49" length="5.00" type="DEFAULT_CAR" occupancy="0.30"/>
    <instantOut id="215_D11" time="29587.53" state="enter" vehID="Car_3995" speed="13.00" length="5.00" type="DEFAULT_CAR" gap="82.81"/>
    <instantOut id="215_D11" time="29587.75" state="stay" vehID="Car_3995" speed="13.00" length="5.00" type="DEFAULT_CAR"/>
    <instantOut id="215_D11" time="29587.92" state="leave" vehID="Car_3995" speed="12.72" length="5.00" type="DEFAULT_CAR" occupancy="0.39"/>
    <instantOut id="215_D11" time="30209.02" state="enter" vehID="Car_4080" speed="14.00" length="5.00" type="DEFAULT_CAR" gap="621.10"/>
    <instantOut id="215_D11" time="30209.25" state="stay" vehID="Car_4080" speed="14.00" length="5.00" type="DEFAULT_CAR"/>
    <instantOut id="215_D11" time="30209.25" state="leave" vehID="Car_4080" speed="14.00" length="5.00" type="DEFAULT_CAR"/>
    <instantOut id="215_D11" time="30865.48" state="enter" vehID="Car_4159" speed="19.04" length="5.00" type="DEFAULT_CAR" gap="1277.56"/>
    <instantOut id="215_D11" time="30865.50" state="stay" vehID="Car_4159" speed="19.04" length="5.00" type="DEFAULT_CAR"/>
    <instantOut id="215_D11" time="30865.73" state="leave" vehID="Car_4159" speed="19.91" length="5.00" type="DEFAULT_CAR" occupancy="0.25"/>
    <instantOut id="215_D11" time="31158.87" state="enter" vehID="Car_4187" speed="8.38" length="5.00" type="DEFAULT_CAR" gap="293.14"/>
    <instantOut id="215_D11" time="31159.00" state="stay" vehID="Car_4187" speed="8.38" length="5.00" type="DEFAULT_CAR"/>
    <instantOut id="215_D11" time="31159.25" state="stay" vehID="Car_4187" speed="8.52" length="5.00" type="DEFAULT_CAR"/>
    <instantOut id="215_D11" time="31159.25" state="leave" vehID="Car_4187" speed="8.52" length="5.00" type="DEFAULT_CAR"/>
    <instantOut id="215_D11" time="31250.08" state="enter" vehID="Car_4204" speed="11.57" length="5.00" type="DEFAULT_CAR" gap="384.35"/>
    <instantOut id="215_D11" time="31250.25" state="stay" vehID="Car_4204" speed="11.57" length="5.00" type="DEFAULT_CAR"/>
    <instantOut id="215_D11" time="31250.50" state="stay" vehID="Car_4204" speed="11.40" length="5.00" type="DEFAULT_CAR"/>
    <instantOut id="215_D11" time="31250.50" state="leave" vehID="Car_4204" speed="11.40" length="5.00" type="DEFAULT_CAR"/>
    <instantOut id="215_D11" time="31640.06" state="enter" vehID="Car_4254" speed="11.24" length="5.00" type="DEFAULT_CAR" gap="774.33"/>
    <instantOut id="215_D11" time="31640.25" state="stay" vehID="Car_4254" speed="11.24" length="5.00" type="DEFAULT_CAR"/>
    <instantOut id="215_D11" time="31640.50" state="leave" vehID="Car_4254" speed="11.51" length="5.00" type="DEFAULT_CAR" occupancy="0.44"/>
    <instantOut id="215_D11" time="31978.46" state="enter" vehID="Car_4285" speed="7.57" length="5.00" type="DEFAULT_CAR" gap="337.96"/>
    <instantOut id="215_D11" time="31978.50" state="stay" vehID="Car_4285" speed="7.57" length="5.00" type="DEFAULT_CAR"/>
    <instantOut id="215_D11" time="31978.75" state="stay" vehID="Car_4285" speed="7.92" length="5.00" type="DEFAULT_CAR"/>
    <instantOut id="215_D11" time="31979.00" state="stay" vehID="Car_4285" speed="7.83" length="5.00" type="DEFAULT_CAR"/>
    <instantOut id="215_D11" time="31979.00" state="leave" vehID="Car_4285" speed="7.83" length="5.00" type="DEFAULT_CAR"/>
    <instantOut id="215_D11" time="32066.41" state="enter" vehID="Car_4302" speed="14.66" length="5.00" type="DEFAULT_CAR" gap="425.91"/>
    <instantOut id="215_D11" time="32066.50" state="stay" vehID="Car_4302" speed="14.66" length="5.00" type="DEFAULT_CAR"/>
    <instantOut id="215_D11" time="32066.75" state="leave" vehID="Car_4302" speed="14.82" length="5.00" type="DEFAULT_CAR" occupancy="0.34"/>
    <instantOut id="215_D11" time="32219.30" state="enter" vehID="Car_4320" speed="10.44" length="5.00" type="DEFAULT_CAR" gap="152.55"/>
    <instantOut id="215_D11" time="32219.50" state="stay" vehID="Car_4320" speed="10.44" length="5.00" type="DEFAULT_CAR"/>
    <instantOut id="215_D11" time="32219.75" state="stay" vehID="Car_4320" speed="10.26" length="5.00" type="DEFAULT_CAR"/>
    <instantOut id="215_D11" time="32219.75" state="leave" vehID="Car_4320" speed="10.26" length="5.00" type="DEFAULT_CAR"/>
    <instantOut id="215_D11" time="32220.48" state="enter" vehID="Car_4323" speed="12.68" length="5.00" type="DEFAULT_CAR" gap="153.73"/>
    <instantOut id="215_D11" time="32220.50" state="stay" vehID="Car_4323" speed="12.68" length="5.00" type="DEFAULT_CAR"/>
    <instantOut id="215_D11" time="32220.75" state="stay" vehID="Car_4323" speed="13.44" length="5.00" type="DEFAULT_CAR"/>
    <instantOut id="215_D11" time="32220.75" state="leave" vehID="Car_4323" speed="13.44" length="5.00" type="DEFAULT_CAR"/>
    <instantOut id="215_D11" time="32269.64" state="enter" vehID="Car_4328" speed="14.69" length="5.00" type="DEFAULT_CAR" gap="202.89"/>
    <instantOut id="215_D11" time="32269.75" state="stay" vehID="Car_4328" speed="14.69" length="5.00" type="DEFAULT_CAR"/>
    <instantOut id="215_D11" time="32269.98" state="leave" vehID="Car_4328" speed="14.39" length="5.00" type="DEFAULT_CAR" occupancy="0.35"/>
    <instantOut id="215_D11" time="32288.52" state="enter" vehID="Car_4330" speed="11.10" length="5.00" type="DEFAULT_CAR" gap="18.53"/>
    <instantOut id="215_D11" time="32288.75" state="stay" vehID="Car_4330" speed="11.10" length="5.00" type="DEFAULT_CAR"/>
    <instantOut id="215_D11" time="32288.97" state="leave" vehID="Car_4330" speed="10.95" length="5.00" type="DEFAULT_CAR" occupancy="0.45"/>
    <instantOut id="215_D11" time="32296.43" state="enter" vehID="Car_4332" speed="14.88" length="5.00" type="DEFAULT_CAR" gap="7.46"/>
    <instantOut id="215_D11" time="32296.50" state="stay" vehID="Car_4332" speed="14.88" length="5.00" type="DEFAULT_CAR"/>
    <instantOut id="215_D11" time="32296.75" state="stay" vehID="Car_4332" speed="15.08" length="5.00" type="DEFAULT_CAR"/>
    <instantOut id="215_D11" time="32296.75" state="leave" vehID="Car_4332" speed="15.08" length="5.00" type="DEFAULT_CAR"/>
    <instantOut id="215_D11" time="32490.18" state="enter" vehID="Car_4351" speed="7.78" length="5.00" type="DEFAULT_CAR" gap="201.21"/>
    <instantOut id="215_D11" time="32490.25" state="stay" vehID="Car_4351" speed="7.78" length="5.00" type="DEFAULT_CAR"/>
    <instantOut id="215_D11" time="32490.50" state="stay" vehID="Car_4351" speed="7.69" length="5.00" type="DEFAULT_CAR"/>
    <instantOut id="215_D11" time="32490.75" state="stay" vehID="Car_4351" speed="7.80" length="5.00" type="DEFAULT_CAR"/>
    <instantOut id="215_D11" time="32490.75" state="leave" vehID="Car_4351" speed="7.80" length="5.00" type="DEFAULT_CAR"/>
    <instantOut id="215_D11" time="32778.32" state="enter" vehID="Car_4384" speed="13.52" length="5.00" type="DEFAULT_CAR" gap="489.36"/>
    <instantOut id="215_D11" time="32778.50" state="stay" vehID="Car_4384" speed="13.52" length="5.00" type="DEFAULT_CAR"/>
    <instantOut id="215_D11" time="32778.69" state="leave" vehID="Car_4384" speed="13.65" length="5.00" type="DEFAULT_CAR" occupancy="0.37"/>
    <instantOut id="215_D11" time="33569.37" state="enter" vehID="Car_4473" speed="13.79" length="5.00" type="DEFAULT_CAR" gap="790.68"/>
    <instantOut id="215_D11" time="33569.50" state="stay" vehID="Car_4473" speed="13.79" length="5.00" type="DEFAULT_CAR"/>
    <instantOut id="215_D11" time="33569.74" state="leave" vehID="Car_4473" speed="13.59" length="5.00" type="DEFAULT_CAR" occupancy="0.37"/>
    <instantOut id="215_D11" time="34363.66" state="enter" vehID="Car_4555" speed="16.20" length="5.00" type="DEFAULT_CAR" gap="793.92"/>
    <instantOut id="215_D11" time="34363.75" state="stay" vehID="Car_4555" speed="16.20" length="5.00" type="DEFAULT_CAR"/>
    <instantOut id="215_D11" time="34363.96" state="leave" vehID="Car_4555" speed="16.62" length="5.00" type="DEFAULT_CAR" occupancy="0.30"/>
    <instantOut id="215_D11" time="35064.99" state="enter" vehID="Car_4626" speed="12.87" length="5.00" type="DEFAULT_CAR" gap="701.03"/>
    <instantOut id="215_D11" time="35065.00" state="stay" vehID="Car_4626" speed="12.87" length="5.00" type="DEFAULT_CAR"/>
    <instantOut id="215_D11" time="35065.25" state="stay" vehID="Car_4626" speed="12.69" length="5.00" type="DEFAULT_CAR"/>
    <instantOut id="215_D11" time="35065.25" state="leave" vehID="Car_4626" speed="12.69" length="5.00" type="DEFAULT_CAR"/>
    <instantOut id="215_D11" time="35108.49" state="enter" vehID="Car_4633" speed="15.73" length="5.00" type="DEFAULT_CAR" gap="744.53"/>
    <instantOut id="215_D11" time="35108.50" state="stay" vehID="Car_4633" speed="15.73" length="5.00" type="DEFAULT_CAR"/>
    <instantOut id="215_D11" time="35108.75" state="stay" vehID="Car_4633" speed="15.76" length="5.00" type="DEFAULT_CAR"/>
    <instantOut id="215_D11" time="35108.75" state="leave" vehID="Car_4633" speed="15.76" length="5.00" type="DEFAULT_CAR"/>
    <instantOut id="215_D11" time="35171.65" state="enter" vehID="Car_4641" speed="13.87" length="5.00" type="DEFAULT_CAR" gap="807.69"/>
    <instantOut id="215_D11" time="35171.75" state="stay" vehID="Car_4641" speed="13.87" length="5.00" type="DEFAULT_CAR"/>
    <instantOut id="215_D11" time="35172.00" state="stay" vehID="Car_4641" speed="14.18" length="5.00" type="DEFAULT_CAR"/>
    <instantOut id="215_D11" time="35172.00" state="leave" vehID="Car_4641" speed="14.18" length="5.00" type="DEFAULT_CAR"/>
    <instantOut id="215_D11" time="35362.34" state="enter" vehID="Car_4659" speed="5.89" length="5.00" type="DEFAULT_CAR" gap="998.38"/>
    <instantOut id="215_D11" time="35362.50" state="stay" vehID="Car_4659" speed="5.89" length="5.00" type="DEFAULT_CAR"/>
    <instantOut id="215_D11" time="35362.75" state="stay" vehID="Car_4659" speed="5.90" length="5.00" type="DEFAULT_CAR"/>
    <instantOut id="215_D11" time="35363.00" state="stay" vehID="Car_4659" speed="5.72" length="5.00" type="DEFAULT_CAR"/>
    <instantOut id="215_D11" time="35363.00" state="leave" vehID="Car_4659" speed="5.72" length="5.00" type="DEFAULT_CAR"/>
    <instantOut id="215_D11" time="36133.49" state="enter" vehID="Car_4719" speed="15.57" length="5.00" type="DEFAULT_CAR" gap="1769.53"/>
    <instantOut id="215_D11" time="36133.50" state="stay" vehID="Car_4719" speed="15.57" length="5.00" type="DEFAULT_CAR"/>
    <instantOut id="215_D11" time="36133.75" state="stay" vehID="Car_4719" speed="15.43" length="5.00" type="DEFAULT_CAR"/>
    <instantOut id="215_D11" time="36133.75" state="leave" vehID="Car_4719" speed="15.43" length="5.00" type="DEFAULT_CAR"/>
    <instantOut id="215_D11" time="37154.31" state="enter" vehID="Car_4810" speed="16.89" length="5.00" type="DEFAULT_CAR" gap="2790.36"/>
    <instantOut id="215_D11" time="37154.50" state="stay" vehID="Car_4810" speed="16.89" length="5.00" type="DEFAULT_CAR"/>
    <instantOut id="215_D11" time="37154.50" state="leave" vehID="Car_4810" speed="16.89" length="5.00" type="DEFAULT_CAR"/>
    <instantOut id="215_D11" time="37196.27" state="enter" vehID="Car_4814" speed="16.00" length="5.00" type="DEFAULT_CAR" gap="2832.31"/>
    <instantOut id="215_D11" time="37196.50" state="stay" vehID="Car_4814" speed="16.00" length="5.00" type="DEFAULT_CAR"/>
    <instantOut id="215_D11" time="37196.50" state="leave" vehID="Car_4814" speed="16.00" length="5.00" type="DEFAULT_CAR"/>
    <instantOut id="215_D11" time="37372.86" state="enter" vehID="Car_4828" speed="9.86" length="5.00" type="DEFAULT_CAR" gap="3008.90"/>
    <instantOut id="215_D11" time="37373.00" state="stay" vehID="Car_4828" speed="9.86" length="5.00" type="DEFAULT_CAR"/>
    <instantOut id="215_D11" time="37373.25" state="stay" vehID="Car_4828" speed="10.06" length="5.00" type="DEFAULT_CAR"/>
    <instantOut id="215_D11" time="37373.25" state="leave" vehID="Car_4828" speed="10.06" length="5.00" type="DEFAULT_CAR"/>
    <instantOut id="215_D11" time="37658.74" state="enter" vehID="Car_4839" speed="16.03" length="5.00" type="DEFAULT_CAR" gap="3294.78"/>
    <instantOut id="215_D11" time="37658.75" state="stay" vehID="Car_4839" speed="16.03" length="5.00" type="DEFAULT_CAR"/>
    <instantOut id="215_D11" time="37659.00" state="stay" vehID="Car_4839" speed="15.97" length="5.00" type="DEFAULT_CAR"/>
    <instantOut id="215_D11" time="37659.00" state="leave" vehID="Car_4839" speed="15.97" length="5.00" type="DEFAULT_CAR"/>
    <instantOut id="215_D11" time="38182.58" state="enter" vehID="Car_4866" speed="11.93" length="5.00" type="DEFAULT_CAR" gap="3818.62"/>
    <instantOut id="215_D11" time="38182.75" state="stay" vehID="Car_4866" speed="11.93" length="5.00" type="DEFAULT_CAR"/>
    <instantOut id="215_D11" time="38182.99" state="leave" vehID="Car_4866" speed="12.21" length="5.00" type="DEFAULT_CAR" occupancy="0.41"/>
    <instantOut id="215_D11" time="38340.78" state="enter" vehID="Car_4877" speed="13.25" length="5.00" type="DEFAULT_CAR" gap="157.80"/>
    <instantOut id="215_D11" time="38341.00" state="stay" vehID="Car_4877" speed="13.25" length="5.00" type="DEFAULT_CAR"/>
    <instantOut id="215_D11" time="38341.16" state="leave" vehID="Car_4877" speed="13.47" length="5.00" type="DEFAULT_CAR" occupancy="0.37"/>
    <instantOut id="215_D11" time="40214.22" state="enter" vehID="Car_4955" speed="9.04" length="5.00" type="DEFAULT_CAR" gap="1873.06"/>
    <instantOut id="215_D11" time="40214.25" state="stay" vehID="Car_4955" speed="9.04" length="5.00" type="DEFAULT_CAR"/>
    <instantOut id="215_D11" time="40214.50" state="stay" vehID="Car_4955" speed="8.59" length="5.00" type="DEFAULT_CAR"/>
    <instantOut id="215_D11" time="40214.75" state="stay" vehID="Car_4955" speed="8.83" length="5.00" type="DEFAULT_CAR"/>
    <instantOut id="215_D11" time="40214.75" state="leave" vehID="Car_4955" speed="8.83" length="5.00" type="DEFAULT_CAR"/>
    <instantOut id="215_D11" time="41015.98" state="enter" vehID="Car_4992" speed="11.38" length="5.00" type="DEFAULT_CAR" gap="2674.82"/>
    <instantOut id="215_D11" time="41016.00" state="stay" vehID="Car_4992" speed="11.38" length="5.00" type="DEFAULT_CAR"/>
    <instantOut id="215_D11" time="41016.25" state="stay" vehID="Car_4992" speed="11.45" length="5.00" type="DEFAULT_CAR"/>
    <instantOut id="215_D11" time="41016.25" state="leave" vehID="Car_4992" speed="11.45" length="5.00" type="DEFAULT_CAR"/>
    <instantOut id="215_D11" time="41293.31" state="enter" vehID="Car_5008" speed="13.82" length="5.00" type="DEFAULT_CAR" gap="2952.15"/>
    <instantOut id="215_D11" time="41293.50" state="stay" vehID="Car_5008" speed="13.82" length="5.00" type="DEFAULT_CAR"/>
    <instantOut id="215_D11" time="41293.68" state="leave" vehID="Car_5008" speed="13.64" length="5.00" type="DEFAULT_CAR" occupancy="0.36"/>
    <instantOut id="215_D11" time="41829.43" state="enter" vehID="Car_5025" speed="18.32" length="5.00" type="DEFAULT_CAR" gap="535.75"/>
    <instantOut id="215_D11" time="41829.50" state="stay" vehID="Car_5025" speed="18.32" length="5.00" type="DEFAULT_CAR"/>
    <instantOut id="215_D11" time="41829.70" state="leave" vehID="Car_5025" speed="18.91" length="5.00" type="DEFAULT_CAR" occupancy="0.27"/>
    <instantOut id="215_D11" time="42253.02" state="enter" vehID="Car_5041" speed="11.28" length="5.00" type="DEFAULT_CAR" gap="423.32"/>
    <instantOut id="215_D11" time="42253.25" state="stay" vehID="Car_5041" speed="11.28" length="5.00" type="DEFAULT_CAR"/>
    <instantOut id="215_D11" time="42253.46" state="leave" vehID="Car_5041" speed="11.02" length="5.00" type="DEFAULT_CAR" occupancy="0.45"/>
    <instantOut id="215_D11" time="42796.32" state="enter" vehID="Car_5066" speed="7.69" length="5.00" type="DEFAULT_CAR" gap="542.86"/>
    <instantOut id="215_D11" time="42796.50" state="stay" vehID="Car_5066" speed="7.69" length="5.00" type="DEFAULT_CAR"/>
    <instantOut id="215_D11" time="42796.75" state="stay" vehID="Car_5066" speed="7.49" length="5.00" type="DEFAULT_CAR"/>
    <instantOut id="215_D11" time="42796.75" state="leave" vehID="Car_5066" speed="7.49" length="5.00" type="DEFAULT_CAR"/>
    <instantOut id="215_D11" time="42798.25" state="enter" vehID="Car_5067" speed="13.29" length="5.00" type="DEFAULT_CAR" gap="544.78"/>
    <instantOut id="215_D11" time="42798.25" state="stay" vehID="Car_5067" speed="13.29" length="5.00" type="DEFAULT_CAR"/>
    <instantOut id="215_D11" time="42798.50" state="stay" vehID="Car_5067" speed="12.98" length="5.00" type="DEFAULT_CAR"/>
    <instantOut id="215_D11" time="42798.50" state="leave" vehID="Car_5067" speed="12.98" length="5.00" type="DEFAULT_CAR"/>
    <instantOut id="215_D11" time="43578.75" state="enter" vehID="Car_5113" speed="18.53" length="5.00" type="DEFAULT_CAR" gap="1325.29"/>
    <instantOut id="215_D11" time="43579.00" state="stay" vehID="Car_5113" speed="18.53" length="5.00" type="DEFAULT_CAR"/>
    <instantOut id="215_D11" time="43579.00" state="leave" vehID="Car_5113" speed="18.53" length="5.00" type="DEFAULT_CAR"/>
    <instantOut id="215_D11" time="44811.15" state="enter" vehID="Car_5156" speed="12.19" length="5.00" type="DEFAULT_CAR" gap="2557.68"/>
    <instantOut id="215_D11" time="44811.25" state="stay" vehID="Car_5156" speed="12.19" length="5.00" type="DEFAULT_CAR"/>
    <instantOut id="215_D11" time="44811.50" state="stay" vehID="Car_5156" speed="12.18" length="5.00" type="DEFAULT_CAR"/>
    <instantOut id="215_D11" time="44811.50" state="leave" vehID="Car_5156" speed="12.18" length="5.00" type="DEFAULT_CAR"/>
</instantE1>
