<?xml version="1.0" encoding="UTF-8"?>

<!-- generated on 2025-02-28 18:10:48 by Eclipse SUMO GUI Version 1.19.0
<configuration xmlns:xsi="http://www.w3.org/2001/XMLSchema-instance" xsi:noNamespaceSchemaLocation="http://sumo.dlr.de/xsd/sumoConfiguration.xsd">

    <input>
        <net-file value="Network.net.xml"/>
        <route-files value="CarRoutes_dfrouter.rou.xml"/>
        <additional-files value="Sensors.add.xml"/>
    </input>

    <output>
        <emission-output value="logs/Emissions.xml"/>
        <summary-output value="logs/Log_summary.xml"/>
        <summary-output.period value="300"/>
        <tripinfo-output value="logs/TripInfos.xml"/>
    </output>

    <time>
        <begin value="0"/>
        <end value="86400"/>
        <step-length value="0.25"/>
    </time>

    <processing>
        <ignore-junction-blocker value="0.1"/>
        <time-to-teleport value="-1"/>
    </processing>

    <report>
        <verbose value="true"/>
        <no-step-log value="true"/>
    </report>

    <emissions>
        <device.emissions.period value="10"/>
    </emissions>

    <traci_server>
        <remote-port value="58685"/>
    </traci_server>

    <gui_only>
        <quit-on-end value="true"/>
        <start value="true"/>
    </gui_only>

</configuration>
-->

<instantE1 xmlns:xsi="http://www.w3.org/2001/XMLSchema-instance" xsi:noNamespaceSchemaLocation="http://sumo.dlr.de/xsd/instant_e1_file.xsd">
    <instantOut id="215_D12" time="83.31" state="enter" vehID="Car_45" speed="11.94" length="5.00" type="DEFAULT_CAR"/>
    <instantOut id="215_D12" time="83.50" state="stay" vehID="Car_45" speed="11.94" length="5.00" type="DEFAULT_CAR"/>
    <instantOut id="215_D12" time="83.71" state="leave" vehID="Car_45" speed="12.77" length="5.00" type="DEFAULT_CAR" occupancy="0.40"/>
    <instantOut id="215_D12" time="548.24" state="enter" vehID="Car_129" speed="12.55" length="5.00" type="DEFAULT_CAR" gap="464.53"/>
    <instantOut id="215_D12" time="548.25" state="stay" vehID="Car_129" speed="12.55" length="5.00" type="DEFAULT_CAR"/>
    <instantOut id="215_D12" time="548.50" state="stay" vehID="Car_129" speed="13.39" length="5.00" type="DEFAULT_CAR"/>
    <instantOut id="215_D12" time="548.61" state="leave" vehID="Car_129" speed="13.94" length="5.00" type="DEFAULT_CAR" occupancy="0.37"/>
    <instantOut id="215_D12" time="878.78" state="enter" vehID="Car_187" speed="11.70" length="5.00" type="DEFAULT_CAR" gap="330.17"/>
    <instantOut id="215_D12" time="879.00" state="stay" vehID="Car_187" speed="11.70" length="5.00" type="DEFAULT_CAR"/>
    <instantOut id="215_D12" time="879.20" state="leave" vehID="Car_187" speed="12.41" length="5.00" type="DEFAULT_CAR" occupancy="0.42"/>
    <instantOut id="215_D12" time="1471.82" state="enter" vehID="Car_261" speed="12.60" length="5.00" type="DEFAULT_CAR" gap="592.63"/>
    <instantOut id="215_D12" time="1472.00" state="stay" vehID="Car_261" speed="12.60" length="5.00" type="DEFAULT_CAR"/>
    <instantOut id="215_D12" time="1472.21" state="leave" vehID="Car_261" speed="13.16" length="5.00" type="DEFAULT_CAR" occupancy="0.39"/>
    <instantOut id="215_D12" time="1699.90" state="enter" vehID="Car_280" speed="8.09" length="5.00" type="DEFAULT_CAR" gap="227.68"/>
    <instantOut id="215_D12" time="1700.00" state="stay" vehID="Car_280" speed="8.09" length="5.00" type="DEFAULT_CAR"/>
    <instantOut id="215_D12" time="1700.25" state="stay" vehID="Car_280" speed="8.08" length="5.00" type="DEFAULT_CAR"/>
    <instantOut id="215_D12" time="1700.50" state="stay" vehID="Car_280" speed="7.72" length="5.00" type="DEFAULT_CAR"/>
    <instantOut id="215_D12" time="1700.53" state="leave" vehID="Car_280" speed="7.82" length="5.00" type="DEFAULT_CAR" occupancy="0.63"/>
    <instantOut id="215_D12" time="2182.80" state="enter" vehID="Car_339" speed="12.92" length="5.00" type="DEFAULT_CAR" gap="482.28"/>
    <instantOut id="215_D12" time="2183.00" state="stay" vehID="Car_339" speed="12.92" length="5.00" type="DEFAULT_CAR"/>
    <instantOut id="215_D12" time="2183.18" state="leave" vehID="Car_339" speed="13.55" length="5.00" type="DEFAULT_CAR" occupancy="0.38"/>
    <instantOut id="215_D12" time="2322.42" state="enter" vehID="Car_355" speed="10.90" length="5.00" type="DEFAULT_CAR" gap="139.24"/>
    <instantOut id="215_D12" time="2322.50" state="stay" vehID="Car_355" speed="10.90" length="5.00" type="DEFAULT_CAR"/>
    <instantOut id="215_D12" time="2322.75" state="stay" vehID="Car_355" speed="11.77" length="5.00" type="DEFAULT_CAR"/>
    <instantOut id="215_D12" time="2322.86" state="leave" vehID="Car_355" speed="11.55" length="5.00" type="DEFAULT_CAR" occupancy="0.43"/>
    <instantOut id="215_D12" time="2556.25" state="enter" vehID="Car_387" speed="11.85" length="5.00" type="DEFAULT_CAR" gap="233.40"/>
    <instantOut id="215_D12" time="2556.50" state="stay" vehID="Car_387" speed="11.85" length="5.00" type="DEFAULT_CAR"/>
    <instantOut id="215_D12" time="2556.66" state="leave" vehID="Car_387" speed="12.61" length="5.00" type="DEFAULT_CAR" occupancy="0.41"/>
    <instantOut id="215_D12" time="2947.53" state="enter" vehID="Car_432" speed="13.25" length="5.00" type="DEFAULT_CAR" gap="390.86"/>
    <instantOut id="215_D12" time="2947.75" state="stay" vehID="Car_432" speed="13.25" length="5.00" type="DEFAULT_CAR"/>
    <instantOut id="215_D12" time="2947.89" state="leave" vehID="Car_432" speed="14.09" length="5.00" type="DEFAULT_CAR" occupancy="0.37"/>
    <instantOut id="215_D12" time="3174.26" state="enter" vehID="Car_461" speed="11.85" length="5.00" type="DEFAULT_CAR" gap="226.36"/>
    <instantOut id="215_D12" time="3174.50" state="stay" vehID="Car_461" speed="11.85" length="5.00" type="DEFAULT_CAR"/>
    <instantOut id="215_D12" time="3174.67" state="leave" vehID="Car_461" speed="12.52" length="5.00" type="DEFAULT_CAR" occupancy="0.41"/>
    <instantOut id="215_D12" time="3408.71" state="enter" vehID="Car_498" speed="9.21" length="5.00" type="DEFAULT_CAR" gap="234.04"/>
    <instantOut id="215_D12" time="3408.75" state="stay" vehID="Car_498" speed="9.21" length="5.00" type="DEFAULT_CAR"/>
    <instantOut id="215_D12" time="3409.00" state="stay" vehID="Car_498" speed="9.04" length="5.00" type="DEFAULT_CAR"/>
    <instantOut id="215_D12" time="3409.25" state="stay" vehID="Car_498" speed="9.02" length="5.00" type="DEFAULT_CAR"/>
    <instantOut id="215_D12" time="3409.26" state="leave" vehID="Car_498" speed="8.99" length="5.00" type="DEFAULT_CAR" occupancy="0.55"/>
    <instantOut id="215_D12" time="4170.06" state="enter" vehID="Car_592" speed="11.45" length="5.00" type="DEFAULT_CAR" gap="760.80"/>
    <instantOut id="215_D12" time="4170.25" state="stay" vehID="Car_592" speed="11.45" length="5.00" type="DEFAULT_CAR"/>
    <instantOut id="215_D12" time="4170.49" state="leave" vehID="Car_592" speed="12.11" length="5.00" type="DEFAULT_CAR" occupancy="0.42"/>
    <instantOut id="215_D12" time="4267.23" state="enter" vehID="Car_608" speed="10.60" length="5.00" type="DEFAULT_CAR" gap="96.75"/>
    <instantOut id="215_D12" time="4267.25" state="stay" vehID="Car_608" speed="10.60" length="5.00" type="DEFAULT_CAR"/>
    <instantOut id="215_D12" time="4267.50" state="stay" vehID="Car_608" speed="11.39" length="5.00" type="DEFAULT_CAR"/>
    <instantOut id="215_D12" time="4267.67" state="leave" vehID="Car_608" speed="11.51" length="5.00" type="DEFAULT_CAR" occupancy="0.44"/>
    <instantOut id="215_D12" time="4276.00" state="enter" vehID="Car_609" speed="12.14" length="5.00" type="DEFAULT_CAR" gap="8.33"/>
    <instantOut id="215_D12" time="4276.25" state="stay" vehID="Car_609" speed="12.14" length="5.00" type="DEFAULT_CAR"/>
    <instantOut id="215_D12" time="4276.40" state="leave" vehID="Car_609" speed="13.01" length="5.00" type="DEFAULT_CAR" occupancy="0.40"/>
    <instantOut id="215_D12" time="4451.01" state="enter" vehID="Car_635" speed="9.07" length="5.00" type="DEFAULT_CAR" gap="174.61"/>
    <instantOut id="215_D12" time="4451.25" state="stay" vehID="Car_635" speed="9.07" length="5.00" type="DEFAULT_CAR"/>
    <instantOut id="215_D12" time="4451.50" state="stay" vehID="Car_635" speed="9.17" length="5.00" type="DEFAULT_CAR"/>
    <instantOut id="215_D12" time="4451.56" state="leave" vehID="Car_635" speed="9.35" length="5.00" type="DEFAULT_CAR" occupancy="0.55"/>
    <instantOut id="215_D12" time="4849.78" state="enter" vehID="Car_684" speed="11.94" length="5.00" type="DEFAULT_CAR" gap="398.22"/>
    <instantOut id="215_D12" time="4850.00" state="stay" vehID="Car_684" speed="11.94" length="5.00" type="DEFAULT_CAR"/>
    <instantOut id="215_D12" time="4850.18" state="leave" vehID="Car_684" speed="12.64" length="5.00" type="DEFAULT_CAR" occupancy="0.41"/>
    <instantOut id="215_D12" time="5135.70" state="enter" vehID="Car_712" speed="10.92" length="5.00" type="DEFAULT_CAR" gap="285.52"/>
    <instantOut id="215_D12" time="5135.75" state="stay" vehID="Car_712" speed="10.92" length="5.00" type="DEFAULT_CAR"/>
    <instantOut id="215_D12" time="5136.00" state="stay" vehID="Car_712" speed="11.32" length="5.00" type="DEFAULT_CAR"/>
    <instantOut id="215_D12" time="5136.14" state="leave" vehID="Car_712" speed="11.35" length="5.00" type="DEFAULT_CAR" occupancy="0.44"/>
    <instantOut id="215_D12" time="5290.31" state="enter" vehID="Car_730" speed="11.57" length="5.00" type="DEFAULT_CAR" gap="154.17"/>
    <instantOut id="215_D12" time="5290.50" state="stay" vehID="Car_730" speed="11.57" length="5.00" type="DEFAULT_CAR"/>
    <instantOut id="215_D12" time="5290.73" state="leave" vehID="Car_730" speed="12.18" length="5.00" type="DEFAULT_CAR" occupancy="0.42"/>
    <instantOut id="215_D12" time="5363.68" state="enter" vehID="Car_736" speed="7.72" length="5.00" type="DEFAULT_CAR" gap="72.95"/>
    <instantOut id="215_D12" time="5363.75" state="stay" vehID="Car_736" speed="7.72" length="5.00" type="DEFAULT_CAR"/>
    <instantOut id="215_D12" time="5364.00" state="stay" vehID="Car_736" speed="7.86" length="5.00" type="DEFAULT_CAR"/>
    <instantOut id="215_D12" time="5364.25" state="stay" vehID="Car_736" speed="7.53" length="5.00" type="DEFAULT_CAR"/>
    <instantOut id="215_D12" time="5364.33" state="leave" vehID="Car_736" speed="7.56" length="5.00" type="DEFAULT_CAR" occupancy="0.65"/>
    <instantOut id="215_D12" time="5569.58" state="enter" vehID="Car_758" speed="11.28" length="5.00" type="DEFAULT_CAR" gap="205.25"/>
    <instantOut id="215_D12" time="5569.75" state="stay" vehID="Car_758" speed="11.28" length="5.00" type="DEFAULT_CAR"/>
    <instantOut id="215_D12" time="5570.00" state="leave" vehID="Car_758" speed="12.21" length="5.00" type="DEFAULT_CAR" occupancy="0.42"/>
    <instantOut id="215_D12" time="5709.57" state="enter" vehID="Car_782" speed="11.72" length="5.00" type="DEFAULT_CAR" gap="139.57"/>
    <instantOut id="215_D12" time="5709.75" state="stay" vehID="Car_782" speed="11.72" length="5.00" type="DEFAULT_CAR"/>
    <instantOut id="215_D12" time="5709.98" state="leave" vehID="Car_782" speed="12.30" length="5.00" type="DEFAULT_CAR" occupancy="0.42"/>
    <instantOut id="215_D12" time="5981.25" state="enter" vehID="Car_822" speed="11.78" length="5.00" type="DEFAULT_CAR" gap="271.27"/>
    <instantOut id="215_D12" time="5981.50" state="stay" vehID="Car_822" speed="11.78" length="5.00" type="DEFAULT_CAR"/>
    <instantOut id="215_D12" time="5981.67" state="leave" vehID="Car_822" speed="12.51" length="5.00" type="DEFAULT_CAR" occupancy="0.41"/>
    <instantOut id="215_D12" time="6265.55" state="enter" vehID="Car_861" speed="12.01" length="5.00" type="DEFAULT_CAR" gap="283.89"/>
    <instantOut id="215_D12" time="6265.75" state="stay" vehID="Car_861" speed="12.01" length="5.00" type="DEFAULT_CAR"/>
    <instantOut id="215_D12" time="6265.96" state="leave" vehID="Car_861" speed="12.71" length="5.00" type="DEFAULT_CAR" occupancy="0.40"/>
    <instantOut id="215_D12" time="6439.40" state="enter" vehID="Car_880" speed="11.77" length="5.00" type="DEFAULT_CAR" gap="173.44"/>
    <instantOut id="215_D12" time="6439.50" state="stay" vehID="Car_880" speed="11.77" length="5.00" type="DEFAULT_CAR"/>
    <instantOut id="215_D12" time="6439.75" state="stay" vehID="Car_880" speed="12.43" length="5.00" type="DEFAULT_CAR"/>
    <instantOut id="215_D12" time="6439.80" state="leave" vehID="Car_880" speed="13.30" length="5.00" type="DEFAULT_CAR" occupancy="0.40"/>
    <instantOut id="215_D12" time="6728.77" state="enter" vehID="Car_912" speed="12.51" length="5.00" type="DEFAULT_CAR" gap="288.97"/>
    <instantOut id="215_D12" time="6729.00" state="stay" vehID="Car_912" speed="12.51" length="5.00" type="DEFAULT_CAR"/>
    <instantOut id="215_D12" time="6729.16" state="leave" vehID="Car_912" speed="12.57" length="5.00" type="DEFAULT_CAR" occupancy="0.40"/>
    <instantOut id="215_D12" time="6892.69" state="enter" vehID="Car_934" speed="11.27" length="5.00" type="DEFAULT_CAR" gap="163.53"/>
    <instantOut id="215_D12" time="6892.75" state="stay" vehID="Car_934" speed="11.27" length="5.00" type="DEFAULT_CAR"/>
    <instantOut id="215_D12" time="6893.00" state="stay" vehID="Car_934" speed="12.12" length="5.00" type="DEFAULT_CAR"/>
    <instantOut id="215_D12" time="6893.10" state="leave" vehID="Car_934" speed="13.01" length="5.00" type="DEFAULT_CAR" occupancy="0.41"/>
    <instantOut id="215_D12" time="7019.02" state="enter" vehID="Car_946" speed="8.94" length="5.00" type="DEFAULT_CAR" gap="125.92"/>
    <instantOut id="215_D12" time="7019.25" state="stay" vehID="Car_946" speed="8.94" length="5.00" type="DEFAULT_CAR"/>
    <instantOut id="215_D12" time="7019.50" state="stay" vehID="Car_946" speed="8.94" length="5.00" type="DEFAULT_CAR"/>
    <instantOut id="215_D12" time="7019.57" state="leave" vehID="Car_946" speed="9.05" length="5.00" type="DEFAULT_CAR" occupancy="0.56"/>
    <instantOut id="215_D12" time="7152.42" state="enter" vehID="Car_967" speed="9.35" length="5.00" type="DEFAULT_CAR" gap="132.84"/>
    <instantOut id="215_D12" time="7152.50" state="stay" vehID="Car_967" speed="9.35" length="5.00" type="DEFAULT_CAR"/>
    <instantOut id="215_D12" time="7152.75" state="stay" vehID="Car_967" speed="9.51" length="5.00" type="DEFAULT_CAR"/>
    <instantOut id="215_D12" time="7152.95" state="leave" vehID="Car_967" speed="9.42" length="5.00" type="DEFAULT_CAR" occupancy="0.53"/>
    <instantOut id="215_D12" time="7349.58" state="enter" vehID="Car_995" speed="11.87" length="5.00" type="DEFAULT_CAR" gap="196.64"/>
    <instantOut id="215_D12" time="7349.75" state="stay" vehID="Car_995" speed="11.87" length="5.00" type="DEFAULT_CAR"/>
    <instantOut id="215_D12" time="7349.99" state="leave" vehID="Car_995" speed="12.73" length="5.00" type="DEFAULT_CAR" occupancy="0.40"/>
    <instantOut id="215_D12" time="7418.33" state="enter" vehID="Car_1001" speed="10.05" length="5.00" type="DEFAULT_CAR" gap="68.34"/>
    <instantOut id="215_D12" time="7418.50" state="stay" vehID="Car_1001" speed="10.05" length="5.00" type="DEFAULT_CAR"/>
    <instantOut id="215_D12" time="7418.75" state="stay" vehID="Car_1001" speed="10.13" length="5.00" type="DEFAULT_CAR"/>
    <instantOut id="215_D12" time="7418.82" state="leave" vehID="Car_1001" speed="10.32" length="5.00" type="DEFAULT_CAR" occupancy="0.49"/>
    <instantOut id="215_D12" time="7609.36" state="enter" vehID="Car_1021" speed="10.13" length="5.00" type="DEFAULT_CAR" gap="190.53"/>
    <instantOut id="215_D12" time="7609.50" state="stay" vehID="Car_1021" speed="10.13" length="5.00" type="DEFAULT_CAR"/>
    <instantOut id="215_D12" time="7609.75" state="stay" vehID="Car_1021" speed="10.02" length="5.00" type="DEFAULT_CAR"/>
    <instantOut id="215_D12" time="7609.85" state="leave" vehID="Car_1021" speed="9.97" length="5.00" type="DEFAULT_CAR" occupancy="0.50"/>
    <instantOut id="215_D12" time="7697.04" state="enter" vehID="Car_1040" speed="12.00" length="5.00" type="DEFAULT_CAR" gap="87.18"/>
    <instantOut id="215_D12" time="7697.25" state="stay" vehID="Car_1040" speed="12.00" length="5.00" type="DEFAULT_CAR"/>
    <instantOut id="215_D12" time="7697.44" state="leave" vehID="Car_1040" speed="12.63" length="5.00" type="DEFAULT_CAR" occupancy="0.41"/>
    <instantOut id="215_D12" time="8164.59" state="enter" vehID="Car_1102" speed="11.31" length="5.00" type="DEFAULT_CAR" gap="467.15"/>
    <instantOut id="215_D12" time="8164.75" state="stay" vehID="Car_1102" speed="11.31" length="5.00" type="DEFAULT_CAR"/>
    <instantOut id="215_D12" time="8165.00" state="stay" vehID="Car_1102" speed="11.82" length="5.00" type="DEFAULT_CAR"/>
    <instantOut id="215_D12" time="8165.02" state="leave" vehID="Car_1102" speed="12.70" length="5.00" type="DEFAULT_CAR" occupancy="0.43"/>
    <instantOut id="215_D12" time="8224.22" state="enter" vehID="Car_1106" speed="11.08" length="5.00" type="DEFAULT_CAR" gap="59.20"/>
    <instantOut id="215_D12" time="8224.25" state="stay" vehID="Car_1106" speed="11.08" length="5.00" type="DEFAULT_CAR"/>
    <instantOut id="215_D12" time="8224.50" state="stay" vehID="Car_1106" speed="12.00" length="5.00" type="DEFAULT_CAR"/>
    <instantOut id="215_D12" time="8224.63" state="leave" vehID="Car_1106" speed="12.74" length="5.00" type="DEFAULT_CAR" occupancy="0.41"/>
    <instantOut id="215_D12" time="8981.25" state="enter" vehID="Car_1203" speed="5.00" length="5.00" type="DEFAULT_CAR" gap="756.62"/>
    <instantOut id="215_D12" time="8981.25" state="stay" vehID="Car_1203" speed="5.00" length="5.00" type="DEFAULT_CAR"/>
    <instantOut id="215_D12" time="8981.50" state="stay" vehID="Car_1203" speed="4.88" length="5.00" type="DEFAULT_CAR"/>
    <instantOut id="215_D12" time="8981.75" state="stay" vehID="Car_1203" speed="5.21" length="5.00" type="DEFAULT_CAR"/>
    <instantOut id="215_D12" time="8982.00" state="stay" vehID="Car_1203" speed="5.11" length="5.00" type="DEFAULT_CAR"/>
    <instantOut id="215_D12" time="8982.23" state="leave" vehID="Car_1203" speed="5.16" length="5.00" type="DEFAULT_CAR" occupancy="0.98"/>
    <instantOut id="215_D12" time="9193.18" state="enter" vehID="Car_1243" speed="11.09" length="5.00" type="DEFAULT_CAR" gap="210.95"/>
    <instantOut id="215_D12" time="9193.25" state="stay" vehID="Car_1243" speed="11.09" length="5.00" type="DEFAULT_CAR"/>
    <instantOut id="215_D12" time="9193.50" state="stay" vehID="Car_1243" speed="12.01" length="5.00" type="DEFAULT_CAR"/>
    <instantOut id="215_D12" time="9193.60" state="leave" vehID="Car_1243" speed="12.53" length="5.00" type="DEFAULT_CAR" occupancy="0.42"/>
    <instantOut id="215_D12" time="9224.28" state="enter" vehID="Car_1251" speed="13.25" length="5.00" type="DEFAULT_CAR" gap="30.69"/>
    <instantOut id="215_D12" time="9224.50" state="stay" vehID="Car_1251" speed="13.25" length="5.00" type="DEFAULT_CAR"/>
    <instantOut id="215_D12" time="9224.65" state="leave" vehID="Car_1251" speed="14.06" length="5.00" type="DEFAULT_CAR" occupancy="0.37"/>
    <instantOut id="215_D12" time="9871.30" state="enter" vehID="Car_1339" speed="13.07" length="5.00" type="DEFAULT_CAR" gap="646.65"/>
    <instantOut id="215_D12" time="9871.50" state="stay" vehID="Car_1339" speed="13.07" length="5.00" type="DEFAULT_CAR"/>
    <instantOut id="215_D12" time="9871.68" state="leave" vehID="Car_1339" speed="13.58" length="5.00" type="DEFAULT_CAR" occupancy="0.38"/>
    <instantOut id="215_D12" time="10181.05" state="enter" vehID="Car_1381" speed="7.75" length="5.00" type="DEFAULT_CAR" gap="309.37"/>
    <instantOut id="215_D12" time="10181.25" state="stay" vehID="Car_1381" speed="7.75" length="5.00" type="DEFAULT_CAR"/>
    <instantOut id="215_D12" time="10181.50" state="stay" vehID="Car_1381" speed="7.84" length="5.00" type="DEFAULT_CAR"/>
    <instantOut id="215_D12" time="10181.68" state="leave" vehID="Car_1381" speed="7.95" length="5.00" type="DEFAULT_CAR" occupancy="0.64"/>
    <instantOut id="215_D12" time="10209.75" state="enter" vehID="Car_1383" speed="11.20" length="5.00" type="DEFAULT_CAR" gap="28.06"/>
    <instantOut id="215_D12" time="10209.75" state="stay" vehID="Car_1383" speed="11.20" length="5.00" type="DEFAULT_CAR"/>
    <instantOut id="215_D12" time="10210.00" state="stay" vehID="Car_1383" speed="11.68" length="5.00" type="DEFAULT_CAR"/>
    <instantOut id="215_D12" time="10210.16" state="leave" vehID="Car_1383" speed="12.39" length="5.00" type="DEFAULT_CAR" occupancy="0.42"/>
    <instantOut id="215_D12" time="10517.91" state="enter" vehID="Car_1416" speed="11.38" length="5.00" type="DEFAULT_CAR" gap="307.74"/>
    <instantOut id="215_D12" time="10518.00" state="stay" vehID="Car_1416" speed="11.38" length="5.00" type="DEFAULT_CAR"/>
    <instantOut id="215_D12" time="10518.25" state="stay" vehID="Car_1416" speed="11.89" length="5.00" type="DEFAULT_CAR"/>
    <instantOut id="215_D12" time="10518.33" state="leave" vehID="Car_1416" speed="12.44" length="5.00" type="DEFAULT_CAR" occupancy="0.42"/>
    <instantOut id="215_D12" time="10658.42" state="enter" vehID="Car_1437" speed="11.47" length="5.00" type="DEFAULT_CAR" gap="140.10"/>
    <instantOut id="215_D12" time="10658.50" state="stay" vehID="Car_1437" speed="11.47" length="5.00" type="DEFAULT_CAR"/>
    <instantOut id="215_D12" time="10658.75" state="stay" vehID="Car_1437" speed="12.22" length="5.00" type="DEFAULT_CAR"/>
    <instantOut id="215_D12" time="10658.83" state="leave" vehID="Car_1437" speed="13.09" length="5.00" type="DEFAULT_CAR" occupancy="0.41"/>
    <instantOut id="215_D12" time="11456.90" state="enter" vehID="Car_1517" speed="6.74" length="5.00" type="DEFAULT_CAR" gap="798.06"/>
    <instantOut id="215_D12" time="11457.00" state="stay" vehID="Car_1517" speed="6.74" length="5.00" type="DEFAULT_CAR"/>
    <instantOut id="215_D12" time="11457.25" state="stay" vehID="Car_1517" speed="6.85" length="5.00" type="DEFAULT_CAR"/>
    <instantOut id="215_D12" time="11457.50" state="stay" vehID="Car_1517" speed="6.80" length="5.00" type="DEFAULT_CAR"/>
    <instantOut id="215_D12" time="11457.63" state="leave" vehID="Car_1517" speed="6.79" length="5.00" type="DEFAULT_CAR" occupancy="0.73"/>
    <instantOut id="215_D12" time="11940.22" state="enter" vehID="Car_1574" speed="12.22" length="5.00" type="DEFAULT_CAR" gap="482.59"/>
    <instantOut id="215_D12" time="11940.25" state="stay" vehID="Car_1574" speed="12.22" length="5.00" type="DEFAULT_CAR"/>
    <instantOut id="215_D12" time="11940.50" state="stay" vehID="Car_1574" speed="12.77" length="5.00" type="DEFAULT_CAR"/>
    <instantOut id="215_D12" time="11940.61" state="leave" vehID="Car_1574" speed="13.69" length="5.00" type="DEFAULT_CAR" occupancy="0.38"/>
    <instantOut id="215_D12" time="12080.88" state="enter" vehID="Car_1589" speed="11.13" length="5.00" type="DEFAULT_CAR" gap="140.27"/>
    <instantOut id="215_D12" time="12081.00" state="stay" vehID="Car_1589" speed="11.13" length="5.00" type="DEFAULT_CAR"/>
    <instantOut id="215_D12" time="12081.25" state="stay" vehID="Car_1589" speed="11.16" length="5.00" type="DEFAULT_CAR"/>
    <instantOut id="215_D12" time="12081.33" state="leave" vehID="Car_1589" speed="10.90" length="5.00" type="DEFAULT_CAR" occupancy="0.45"/>
    <instantOut id="215_D12" time="12126.05" state="enter" vehID="Car_1596" speed="11.94" length="5.00" type="DEFAULT_CAR" gap="44.72"/>
    <instantOut id="215_D12" time="12126.25" state="stay" vehID="Car_1596" speed="11.94" length="5.00" type="DEFAULT_CAR"/>
    <instantOut id="215_D12" time="12126.46" state="leave" vehID="Car_1596" speed="12.54" length="5.00" type="DEFAULT_CAR" occupancy="0.41"/>
    <instantOut id="215_D12" time="12312.90" state="enter" vehID="Car_1617" speed="11.21" length="5.00" type="DEFAULT_CAR" gap="186.44"/>
    <instantOut id="215_D12" time="12313.00" state="stay" vehID="Car_1617" speed="11.21" length="5.00" type="DEFAULT_CAR"/>
    <instantOut id="215_D12" time="12313.25" state="stay" vehID="Car_1617" speed="12.06" length="5.00" type="DEFAULT_CAR"/>
    <instantOut id="215_D12" time="12313.32" state="leave" vehID="Car_1617" speed="12.58" length="5.00" type="DEFAULT_CAR" occupancy="0.42"/>
    <instantOut id="215_D12" time="12328.67" state="enter" vehID="Car_1620" speed="10.92" length="5.00" type="DEFAULT_CAR" gap="15.36"/>
    <instantOut id="215_D12" time="12328.75" state="stay" vehID="Car_1620" speed="10.92" length="5.00" type="DEFAULT_CAR"/>
    <instantOut id="215_D12" time="12329.00" state="stay" vehID="Car_1620" speed="11.09" length="5.00" type="DEFAULT_CAR"/>
    <instantOut id="215_D12" time="12329.13" state="leave" vehID="Car_1620" speed="10.94" length="5.00" type="DEFAULT_CAR" occupancy="0.45"/>
    <instantOut id="215_D12" time="12749.66" state="enter" vehID="Car_1667" speed="9.08" length="5.00" type="DEFAULT_CAR" gap="420.54"/>
    <instantOut id="215_D12" time="12749.75" state="stay" vehID="Car_1667" speed="9.08" length="5.00" type="DEFAULT_CAR"/>
    <instantOut id="215_D12" time="12750.00" state="stay" vehID="Car_1667" speed="9.43" length="5.00" type="DEFAULT_CAR"/>
    <instantOut id="215_D12" time="12750.20" state="leave" vehID="Car_1667" speed="9.18" length="5.00" type="DEFAULT_CAR" occupancy="0.54"/>
    <instantOut id="215_D12" time="12868.53" state="enter" vehID="Car_1685" speed="12.65" length="5.00" type="DEFAULT_CAR" gap="118.32"/>
    <instantOut id="215_D12" time="12868.75" state="stay" vehID="Car_1685" speed="12.65" length="5.00" type="DEFAULT_CAR"/>
    <instantOut id="215_D12" time="12868.91" state="leave" vehID="Car_1685" speed="13.59" length="5.00" type="DEFAULT_CAR" occupancy="0.38"/>
    <instantOut id="215_D12" time="12962.22" state="enter" vehID="Car_1691" speed="10.97" length="5.00" type="DEFAULT_CAR" gap="93.31"/>
    <instantOut id="215_D12" time="12962.25" state="stay" vehID="Car_1691" speed="10.97" length="5.00" type="DEFAULT_CAR"/>
    <instantOut id="215_D12" time="12962.50" state="stay" vehID="Car_1691" speed="11.88" length="5.00" type="DEFAULT_CAR"/>
    <instantOut id="215_D12" time="12962.64" state="leave" vehID="Car_1691" speed="11.63" length="5.00" type="DEFAULT_CAR" occupancy="0.43"/>
    <instantOut id="215_D12" time="13371.90" state="enter" vehID="Car_1744" speed="7.15" length="5.00" type="DEFAULT_CAR" gap="409.25"/>
    <instantOut id="215_D12" time="13372.00" state="stay" vehID="Car_1744" speed="7.15" length="5.00" type="DEFAULT_CAR"/>
    <instantOut id="215_D12" time="13372.25" state="stay" vehID="Car_1744" speed="6.91" length="5.00" type="DEFAULT_CAR"/>
    <instantOut id="215_D12" time="13372.50" state="stay" vehID="Car_1744" speed="7.02" length="5.00" type="DEFAULT_CAR"/>
    <instantOut id="215_D12" time="13372.61" state="leave" vehID="Car_1744" speed="6.90" length="5.00" type="DEFAULT_CAR" occupancy="0.72"/>
    <instantOut id="215_D12" time="13373.53" state="enter" vehID="Car_1751" speed="7.17" length="5.00" type="DEFAULT_CAR" gap="0.91"/>
    <instantOut id="215_D12" time="13373.75" state="stay" vehID="Car_1751" speed="7.17" length="5.00" type="DEFAULT_CAR"/>
    <instantOut id="215_D12" time="13374.00" state="stay" vehID="Car_1751" speed="7.01" length="5.00" type="DEFAULT_CAR"/>
    <instantOut id="215_D12" time="13374.23" state="leave" vehID="Car_1751" speed="7.02" length="5.00" type="DEFAULT_CAR" occupancy="0.71"/>
    <instantOut id="215_D12" time="13375.16" state="enter" vehID="Car_1752" speed="7.43" length="5.00" type="DEFAULT_CAR" gap="0.92"/>
    <instantOut id="215_D12" time="13375.25" state="stay" vehID="Car_1752" speed="7.43" length="5.00" type="DEFAULT_CAR"/>
    <instantOut id="215_D12" time="13375.50" state="stay" vehID="Car_1752" speed="6.91" length="5.00" type="DEFAULT_CAR"/>
    <instantOut id="215_D12" time="13375.75" state="stay" vehID="Car_1752" speed="7.03" length="5.00" type="DEFAULT_CAR"/>
    <instantOut id="215_D12" time="13375.87" state="leave" vehID="Car_1752" speed="6.94" length="5.00" type="DEFAULT_CAR" occupancy="0.71"/>
    <instantOut id="215_D12" time="13591.46" state="enter" vehID="Car_1769" speed="13.00" length="5.00" type="DEFAULT_CAR" gap="215.60"/>
    <instantOut id="215_D12" time="13591.50" state="stay" vehID="Car_1769" speed="13.00" length="5.00" type="DEFAULT_CAR"/>
    <instantOut id="215_D12" time="13591.75" state="stay" vehID="Car_1769" speed="13.80" length="5.00" type="DEFAULT_CAR"/>
    <instantOut id="215_D12" time="13591.83" state="leave" vehID="Car_1769" speed="14.29" length="5.00" type="DEFAULT_CAR" occupancy="0.36"/>
    <instantOut id="215_D12" time="13643.94" state="enter" vehID="Car_1785" speed="11.90" length="5.00" type="DEFAULT_CAR" gap="52.11"/>
    <instantOut id="215_D12" time="13644.00" state="stay" vehID="Car_1785" speed="11.90" length="5.00" type="DEFAULT_CAR"/>
    <instantOut id="215_D12" time="13644.25" state="stay" vehID="Car_1785" speed="12.56" length="5.00" type="DEFAULT_CAR"/>
    <instantOut id="215_D12" time="13644.33" state="leave" vehID="Car_1785" speed="13.51" length="5.00" type="DEFAULT_CAR" occupancy="0.40"/>
    <instantOut id="215_D12" time="14484.12" state="enter" vehID="Car_1896" speed="12.82" length="5.00" type="DEFAULT_CAR" gap="839.79"/>
    <instantOut id="215_D12" time="14484.25" state="stay" vehID="Car_1896" speed="12.82" length="5.00" type="DEFAULT_CAR"/>
    <instantOut id="215_D12" time="14484.50" state="leave" vehID="Car_1896" speed="13.48" length="5.00" type="DEFAULT_CAR" occupancy="0.38"/>
    <instantOut id="215_D12" time="14489.43" state="enter" vehID="Car_1900" speed="12.62" length="5.00" type="DEFAULT_CAR" gap="4.93"/>
    <instantOut id="215_D12" time="14489.50" state="stay" vehID="Car_1900" speed="12.62" length="5.00" type="DEFAULT_CAR"/>
    <instantOut id="215_D12" time="14489.75" state="stay" vehID="Car_1900" speed="13.22" length="5.00" type="DEFAULT_CAR"/>
    <instantOut id="215_D12" time="14489.81" state="leave" vehID="Car_1900" speed="14.10" length="5.00" type="DEFAULT_CAR" occupancy="0.38"/>
    <instantOut id="215_D12" time="14929.06" state="enter" vehID="Car_1950" speed="12.08" length="5.00" type="DEFAULT_CAR" gap="439.25"/>
    <instantOut id="215_D12" time="14929.25" state="stay" vehID="Car_1950" speed="12.08" length="5.00" type="DEFAULT_CAR"/>
    <instantOut id="215_D12" time="14929.46" state="leave" vehID="Car_1950" speed="12.88" length="5.00" type="DEFAULT_CAR" occupancy="0.40"/>
    <instantOut id="215_D12" time="15081.28" state="enter" vehID="Car_1971" speed="10.18" length="5.00" type="DEFAULT_CAR" gap="151.83"/>
    <instantOut id="215_D12" time="15081.50" state="stay" vehID="Car_1971" speed="10.18" length="5.00" type="DEFAULT_CAR"/>
    <instantOut id="215_D12" time="15081.75" state="stay" vehID="Car_1971" speed="10.26" length="5.00" type="DEFAULT_CAR"/>
    <instantOut id="215_D12" time="15081.77" state="leave" vehID="Car_1971" speed="10.13" length="5.00" type="DEFAULT_CAR" occupancy="0.49"/>
    <instantOut id="215_D12" time="15437.30" state="enter" vehID="Car_2023" speed="10.06" length="5.00" type="DEFAULT_CAR" gap="355.53"/>
    <instantOut id="215_D12" time="15437.50" state="stay" vehID="Car_2023" speed="10.06" length="5.00" type="DEFAULT_CAR"/>
    <instantOut id="215_D12" time="15437.75" state="stay" vehID="Car_2023" speed="10.44" length="5.00" type="DEFAULT_CAR"/>
    <instantOut id="215_D12" time="15437.79" state="leave" vehID="Car_2023" speed="10.19" length="5.00" type="DEFAULT_CAR" occupancy="0.49"/>
    <instantOut id="215_D12" time="16050.31" state="enter" vehID="Car_2108" speed="13.81" length="5.00" type="DEFAULT_CAR" gap="612.52"/>
    <instantOut id="215_D12" time="16050.50" state="stay" vehID="Car_2108" speed="13.81" length="5.00" type="DEFAULT_CAR"/>
    <instantOut id="215_D12" time="16050.67" state="leave" vehID="Car_2108" speed="14.29" length="5.00" type="DEFAULT_CAR" occupancy="0.36"/>
    <instantOut id="215_D12" time="16179.35" state="enter" vehID="Car_2125" speed="11.34" length="5.00" type="DEFAULT_CAR" gap="128.68"/>
    <instantOut id="215_D12" time="16179.50" state="stay" vehID="Car_2125" speed="11.34" length="5.00" type="DEFAULT_CAR"/>
    <instantOut id="215_D12" time="16179.75" state="stay" vehID="Car_2125" speed="11.96" length="5.00" type="DEFAULT_CAR"/>
    <instantOut id="215_D12" time="16179.77" state="leave" vehID="Car_2125" speed="12.63" length="5.00" type="DEFAULT_CAR" occupancy="0.42"/>
    <instantOut id="215_D12" time="16225.68" state="enter" vehID="Car_2133" speed="11.14" length="5.00" type="DEFAULT_CAR" gap="45.91"/>
    <instantOut id="215_D12" time="16225.75" state="stay" vehID="Car_2133" speed="11.14" length="5.00" type="DEFAULT_CAR"/>
    <instantOut id="215_D12" time="16226.00" state="stay" vehID="Car_2133" speed="11.77" length="5.00" type="DEFAULT_CAR"/>
    <instantOut id="215_D12" time="16226.10" state="leave" vehID="Car_2133" speed="12.51" length="5.00" type="DEFAULT_CAR" occupancy="0.42"/>
    <instantOut id="215_D12" time="16273.87" state="enter" vehID="Car_2139" speed="12.17" length="5.00" type="DEFAULT_CAR" gap="47.76"/>
    <instantOut id="215_D12" time="16274.00" state="stay" vehID="Car_2139" speed="12.17" length="5.00" type="DEFAULT_CAR"/>
    <instantOut id="215_D12" time="16274.25" state="stay" vehID="Car_2139" speed="12.69" length="5.00" type="DEFAULT_CAR"/>
    <instantOut id="215_D12" time="16274.27" state="leave" vehID="Car_2139" speed="13.61" length="5.00" type="DEFAULT_CAR" occupancy="0.40"/>
    <instantOut id="215_D12" time="16841.73" state="enter" vehID="Car_2211" speed="8.49" length="5.00" type="DEFAULT_CAR" gap="567.46"/>
    <instantOut id="215_D12" time="16841.75" state="stay" vehID="Car_2211" speed="8.49" length="5.00" type="DEFAULT_CAR"/>
    <instantOut id="215_D12" time="16842.00" state="stay" vehID="Car_2211" speed="8.70" length="5.00" type="DEFAULT_CAR"/>
    <instantOut id="215_D12" time="16842.25" state="stay" vehID="Car_2211" speed="8.41" length="5.00" type="DEFAULT_CAR"/>
    <instantOut id="215_D12" time="16842.31" state="leave" vehID="Car_2211" speed="8.54" length="5.00" type="DEFAULT_CAR" occupancy="0.58"/>
    <instantOut id="215_D12" time="17065.94" state="enter" vehID="Car_2241" speed="13.85" length="5.00" type="DEFAULT_CAR" gap="223.63"/>
    <instantOut id="215_D12" time="17066.00" state="stay" vehID="Car_2241" speed="13.85" length="5.00" type="DEFAULT_CAR"/>
    <instantOut id="215_D12" time="17066.25" state="stay" vehID="Car_2241" speed="14.79" length="5.00" type="DEFAULT_CAR"/>
    <instantOut id="215_D12" time="17066.28" state="leave" vehID="Car_2241" speed="15.50" length="5.00" type="DEFAULT_CAR" occupancy="0.34"/>
    <instantOut id="215_D12" time="17125.80" state="enter" vehID="Car_2247" speed="12.66" length="5.00" type="DEFAULT_CAR" gap="59.52"/>
    <instantOut id="215_D12" time="17126.00" state="stay" vehID="Car_2247" speed="12.66" length="5.00" type="DEFAULT_CAR"/>
    <instantOut id="215_D12" time="17126.18" state="leave" vehID="Car_2247" speed="13.46" length="5.00" type="DEFAULT_CAR" occupancy="0.38"/>
    <instantOut id="215_D12" time="18585.31" state="enter" vehID="Car_2426" speed="11.39" length="5.00" type="DEFAULT_CAR" gap="1459.12"/>
    <instantOut id="215_D12" time="18585.50" state="stay" vehID="Car_2426" speed="11.39" length="5.00" type="DEFAULT_CAR"/>
    <instantOut id="215_D12" time="18585.74" state="leave" vehID="Car_2426" speed="11.97" length="5.00" type="DEFAULT_CAR" occupancy="0.43"/>
    <instantOut id="215_D12" time="18782.21" state="enter" vehID="Car_2453" speed="11.33" length="5.00" type="DEFAULT_CAR" gap="196.47"/>
    <instantOut id="215_D12" time="18782.25" state="stay" vehID="Car_2453" speed="11.33" length="5.00" type="DEFAULT_CAR"/>
    <instantOut id="215_D12" time="18782.50" state="stay" vehID="Car_2453" speed="12.11" length="5.00" type="DEFAULT_CAR"/>
    <instantOut id="215_D12" time="18782.61" state="leave" vehID="Car_2453" speed="12.97" length="5.00" type="DEFAULT_CAR" occupancy="0.41"/>
    <instantOut id="215_D12" time="19593.64" state="enter" vehID="Car_2569" speed="11.59" length="5.00" type="DEFAULT_CAR" gap="811.03"/>
    <instantOut id="215_D12" time="19593.75" state="stay" vehID="Car_2569" speed="11.59" length="5.00" type="DEFAULT_CAR"/>
    <instantOut id="215_D12" time="19594.00" state="stay" vehID="Car_2569" speed="12.46" length="5.00" type="DEFAULT_CAR"/>
    <instantOut id="215_D12" time="19594.05" state="leave" vehID="Car_2569" speed="13.30" length="5.00" type="DEFAULT_CAR" occupancy="0.41"/>
    <instantOut id="215_D12" time="19638.41" state="enter" vehID="Car_2577" speed="11.95" length="5.00" type="DEFAULT_CAR" gap="44.36"/>
    <instantOut id="215_D12" time="19638.50" state="stay" vehID="Car_2577" speed="11.95" length="5.00" type="DEFAULT_CAR"/>
    <instantOut id="215_D12" time="19638.75" state="stay" vehID="Car_2577" speed="12.85" length="5.00" type="DEFAULT_CAR"/>
    <instantOut id="215_D12" time="19638.80" state="leave" vehID="Car_2577" speed="13.48" length="5.00" type="DEFAULT_CAR" occupancy="0.39"/>
    <instantOut id="215_D12" time="19689.10" state="enter" vehID="Car_2583" speed="13.43" length="5.00" type="DEFAULT_CAR" gap="50.30"/>
    <instantOut id="215_D12" time="19689.25" state="stay" vehID="Car_2583" speed="13.43" length="5.00" type="DEFAULT_CAR"/>
    <instantOut id="215_D12" time="19689.46" state="leave" vehID="Car_2583" speed="14.38" length="5.00" type="DEFAULT_CAR" occupancy="0.36"/>
    <instantOut id="215_D12" time="19795.96" state="enter" vehID="Car_2598" speed="11.24" length="5.00" type="DEFAULT_CAR" gap="106.50"/>
    <instantOut id="215_D12" time="19796.00" state="stay" vehID="Car_2598" speed="11.24" length="5.00" type="DEFAULT_CAR"/>
    <instantOut id="215_D12" time="19796.25" state="stay" vehID="Car_2598" speed="11.97" length="5.00" type="DEFAULT_CAR"/>
    <instantOut id="215_D12" time="19796.38" state="leave" vehID="Car_2598" speed="12.54" length="5.00" type="DEFAULT_CAR" occupancy="0.41"/>
    <instantOut id="215_D12" time="20702.06" state="enter" vehID="Car_2689" speed="9.68" length="5.00" type="DEFAULT_CAR" gap="905.68"/>
    <instantOut id="215_D12" time="20702.25" state="stay" vehID="Car_2689" speed="9.68" length="5.00" type="DEFAULT_CAR"/>
    <instantOut id="215_D12" time="20702.50" state="stay" vehID="Car_2689" speed="9.59" length="5.00" type="DEFAULT_CAR"/>
    <instantOut id="215_D12" time="20702.58" state="leave" vehID="Car_2689" speed="9.49" length="5.00" type="DEFAULT_CAR" occupancy="0.52"/>
    <instantOut id="215_D12" time="20838.76" state="enter" vehID="Car_2705" speed="12.58" length="5.00" type="DEFAULT_CAR" gap="136.18"/>
    <instantOut id="215_D12" time="20839.00" state="stay" vehID="Car_2705" speed="12.58" length="5.00" type="DEFAULT_CAR"/>
    <instantOut id="215_D12" time="20839.15" state="leave" vehID="Car_2705" speed="13.21" length="5.00" type="DEFAULT_CAR" occupancy="0.39"/>
    <instantOut id="215_D12" time="21824.99" state="enter" vehID="Car_2857" speed="10.68" length="5.00" type="DEFAULT_CAR" gap="985.84"/>
    <instantOut id="215_D12" time="21825.00" state="stay" vehID="Car_2857" speed="10.68" length="5.00" type="DEFAULT_CAR"/>
    <instantOut id="215_D12" time="21825.25" state="stay" vehID="Car_2857" speed="11.45" length="5.00" type="DEFAULT_CAR"/>
    <instantOut id="215_D12" time="21825.42" state="leave" vehID="Car_2857" speed="12.10" length="5.00" type="DEFAULT_CAR" occupancy="0.43"/>
    <instantOut id="215_D12" time="22289.94" state="enter" vehID="Car_2914" speed="11.03" length="5.00" type="DEFAULT_CAR" gap="464.52"/>
    <instantOut id="215_D12" time="22290.00" state="stay" vehID="Car_2914" speed="11.03" length="5.00" type="DEFAULT_CAR"/>
    <instantOut id="215_D12" time="22290.25" state="stay" vehID="Car_2914" speed="11.94" length="5.00" type="DEFAULT_CAR"/>
    <instantOut id="215_D12" time="22290.36" state="leave" vehID="Car_2914" speed="11.88" length="5.00" type="DEFAULT_CAR" occupancy="0.42"/>
    <instantOut id="215_D12" time="22878.36" state="enter" vehID="Car_3013" speed="11.13" length="5.00" type="DEFAULT_CAR" gap="588.00"/>
    <instantOut id="215_D12" time="22878.50" state="stay" vehID="Car_3013" speed="11.13" length="5.00" type="DEFAULT_CAR"/>
    <instantOut id="215_D12" time="22878.75" state="stay" vehID="Car_3013" speed="12.07" length="5.00" type="DEFAULT_CAR"/>
    <instantOut id="215_D12" time="22878.78" state="leave" vehID="Car_3013" speed="12.84" length="5.00" type="DEFAULT_CAR" occupancy="0.42"/>
    <instantOut id="215_D12" time="22934.56" state="enter" vehID="Car_3020" speed="11.52" length="5.00" type="DEFAULT_CAR" gap="55.78"/>
    <instantOut id="215_D12" time="22934.75" state="stay" vehID="Car_3020" speed="11.52" length="5.00" type="DEFAULT_CAR"/>
    <instantOut id="215_D12" time="22934.98" state="leave" vehID="Car_3020" speed="12.03" length="5.00" type="DEFAULT_CAR" occupancy="0.42"/>
    <instantOut id="215_D12" time="23351.62" state="enter" vehID="Car_3089" speed="11.49" length="5.00" type="DEFAULT_CAR" gap="416.64"/>
    <instantOut id="215_D12" time="23351.75" state="stay" vehID="Car_3089" speed="11.49" length="5.00" type="DEFAULT_CAR"/>
    <instantOut id="215_D12" time="23352.00" state="stay" vehID="Car_3089" speed="11.83" length="5.00" type="DEFAULT_CAR"/>
    <instantOut id="215_D12" time="23352.04" state="leave" vehID="Car_3089" speed="11.89" length="5.00" type="DEFAULT_CAR" occupancy="0.43"/>
    <instantOut id="215_D12" time="24048.28" state="enter" vehID="Car_3179" speed="10.92" length="5.00" type="DEFAULT_CAR" gap="696.23"/>
    <instantOut id="215_D12" time="24048.50" state="stay" vehID="Car_3179" speed="10.92" length="5.00" type="DEFAULT_CAR"/>
    <instantOut id="215_D12" time="24048.73" state="leave" vehID="Car_3179" speed="10.92" length="5.00" type="DEFAULT_CAR" occupancy="0.46"/>
    <instantOut id="215_D12" time="24164.65" state="enter" vehID="Car_3196" speed="10.47" length="5.00" type="DEFAULT_CAR" gap="115.92"/>
    <instantOut id="215_D12" time="24164.75" state="stay" vehID="Car_3196" speed="10.47" length="5.00" type="DEFAULT_CAR"/>
    <instantOut id="215_D12" time="24165.00" state="stay" vehID="Car_3196" speed="11.22" length="5.00" type="DEFAULT_CAR"/>
    <instantOut id="215_D12" time="24165.10" state="leave" vehID="Car_3196" speed="11.76" length="5.00" type="DEFAULT_CAR" occupancy="0.45"/>
    <instantOut id="215_D12" time="24268.08" state="enter" vehID="Car_3201" speed="8.32" length="5.00" type="DEFAULT_CAR" gap="102.98"/>
    <instantOut id="215_D12" time="24268.25" state="stay" vehID="Car_3201" speed="8.32" length="5.00" type="DEFAULT_CAR"/>
    <instantOut id="215_D12" time="24268.50" state="stay" vehID="Car_3201" speed="8.35" length="5.00" type="DEFAULT_CAR"/>
    <instantOut id="215_D12" time="24268.68" state="leave" vehID="Car_3201" speed="8.24" length="5.00" type="DEFAULT_CAR" occupancy="0.60"/>
    <instantOut id="215_D12" time="24269.54" state="enter" vehID="Car_3202" speed="8.05" length="5.00" type="DEFAULT_CAR" gap="0.86"/>
    <instantOut id="215_D12" time="24269.75" state="stay" vehID="Car_3202" speed="8.05" length="5.00" type="DEFAULT_CAR"/>
    <instantOut id="215_D12" time="24270.00" state="stay" vehID="Car_3202" speed="7.97" length="5.00" type="DEFAULT_CAR"/>
    <instantOut id="215_D12" time="24270.16" state="leave" vehID="Car_3202" speed="8.56" length="5.00" type="DEFAULT_CAR" occupancy="0.61"/>
    <instantOut id="215_D12" time="25194.09" state="enter" vehID="Car_3335" speed="11.23" length="5.00" type="DEFAULT_CAR" gap="923.94"/>
    <instantOut id="215_D12" time="25194.25" state="stay" vehID="Car_3335" speed="11.23" length="5.00" type="DEFAULT_CAR"/>
    <instantOut id="215_D12" time="25194.50" state="stay" vehID="Car_3335" speed="12.09" length="5.00" type="DEFAULT_CAR"/>
    <instantOut id="215_D12" time="25194.52" state="leave" vehID="Car_3335" speed="12.74" length="5.00" type="DEFAULT_CAR" occupancy="0.42"/>
    <instantOut id="215_D12" time="25277.81" state="enter" vehID="Car_3360" speed="11.66" length="5.00" type="DEFAULT_CAR" gap="83.29"/>
    <instantOut id="215_D12" time="25278.00" state="stay" vehID="Car_3360" speed="11.66" length="5.00" type="DEFAULT_CAR"/>
    <instantOut id="215_D12" time="25278.22" state="leave" vehID="Car_3360" speed="12.54" length="5.00" type="DEFAULT_CAR" occupancy="0.41"/>
    <instantOut id="215_D12" time="25279.34" state="enter" vehID="Car_3357" speed="12.08" length="5.00" type="DEFAULT_CAR" gap="1.12"/>
    <instantOut id="215_D12" time="25279.50" state="stay" vehID="Car_3357" speed="12.08" length="5.00" type="DEFAULT_CAR"/>
    <instantOut id="215_D12" time="25279.75" state="leave" vehID="Car_3357" speed="12.64" length="5.00" type="DEFAULT_CAR" occupancy="0.40"/>
    <instantOut id="215_D12" time="25422.72" state="enter" vehID="Car_3383" speed="6.11" length="5.00" type="DEFAULT_CAR" gap="142.98"/>
    <instantOut id="215_D12" time="25422.75" state="stay" vehID="Car_3383" speed="6.11" length="5.00" type="DEFAULT_CAR"/>
    <instantOut id="215_D12" time="25423.00" state="stay" vehID="Car_3383" speed="6.20" length="5.00" type="DEFAULT_CAR"/>
    <instantOut id="215_D12" time="25423.25" state="stay" vehID="Car_3383" speed="6.10" length="5.00" type="DEFAULT_CAR"/>
    <instantOut id="215_D12" time="25423.50" state="stay" vehID="Car_3383" speed="6.32" length="5.00" type="DEFAULT_CAR"/>
    <instantOut id="215_D12" time="25423.53" state="leave" vehID="Car_3383" speed="5.98" length="5.00" type="DEFAULT_CAR" occupancy="0.81"/>
    <instantOut id="215_D12" time="25585.17" state="enter" vehID="Car_3414" speed="10.91" length="5.00" type="DEFAULT_CAR" gap="161.64"/>
    <instantOut id="215_D12" time="25585.25" state="stay" vehID="Car_3414" speed="10.91" length="5.00" type="DEFAULT_CAR"/>
    <instantOut id="215_D12" time="25585.50" state="stay" vehID="Car_3414" speed="11.10" length="5.00" type="DEFAULT_CAR"/>
    <instantOut id="215_D12" time="25585.62" state="leave" vehID="Car_3414" speed="11.22" length="5.00" type="DEFAULT_CAR" occupancy="0.45"/>
    <instantOut id="215_D12" time="25599.57" state="enter" vehID="Car_3419" speed="12.46" length="5.00" type="DEFAULT_CAR" gap="13.96"/>
    <instantOut id="215_D12" time="25599.75" state="stay" vehID="Car_3419" speed="12.46" length="5.00" type="DEFAULT_CAR"/>
    <instantOut id="215_D12" time="25599.96" state="leave" vehID="Car_3419" speed="13.35" length="5.00" type="DEFAULT_CAR" occupancy="0.39"/>
    <instantOut id="215_D12" time="25751.35" state="enter" vehID="Car_3433" speed="8.57" length="5.00" type="DEFAULT_CAR" gap="151.39"/>
    <instantOut id="215_D12" time="25751.50" state="stay" vehID="Car_3433" speed="8.57" length="5.00" type="DEFAULT_CAR"/>
    <instantOut id="215_D12" time="25751.75" state="stay" vehID="Car_3433" speed="8.83" length="5.00" type="DEFAULT_CAR"/>
    <instantOut id="215_D12" time="25751.93" state="leave" vehID="Car_3433" speed="8.48" length="5.00" type="DEFAULT_CAR" occupancy="0.58"/>
    <instantOut id="215_D12" time="25785.30" state="enter" vehID="Car_3439" speed="12.12" length="5.00" type="DEFAULT_CAR" gap="33.37"/>
    <instantOut id="215_D12" time="25785.50" state="stay" vehID="Car_3439" speed="12.12" length="5.00" type="DEFAULT_CAR"/>
    <instantOut id="215_D12" time="25785.70" state="leave" vehID="Car_3439" speed="12.79" length="5.00" type="DEFAULT_CAR" occupancy="0.40"/>
    <instantOut id="215_D12" time="25838.97" state="enter" vehID="Car_3445" speed="11.32" length="5.00" type="DEFAULT_CAR" gap="53.27"/>
    <instantOut id="215_D12" time="25839.00" state="stay" vehID="Car_3445" speed="11.32" length="5.00" type="DEFAULT_CAR"/>
    <instantOut id="215_D12" time="25839.25" state="stay" vehID="Car_3445" speed="12.23" length="5.00" type="DEFAULT_CAR"/>
    <instantOut id="215_D12" time="25839.38" state="leave" vehID="Car_3445" speed="13.00" length="5.00" type="DEFAULT_CAR" occupancy="0.40"/>
    <instantOut id="215_D12" time="25845.99" state="enter" vehID="Car_3446" speed="10.58" length="5.00" type="DEFAULT_CAR" gap="6.62"/>
    <instantOut id="215_D12" time="25846.00" state="stay" vehID="Car_3446" speed="10.58" length="5.00" type="DEFAULT_CAR"/>
    <instantOut id="215_D12" time="25846.25" state="stay" vehID="Car_3446" speed="11.51" length="5.00" type="DEFAULT_CAR"/>
    <instantOut id="215_D12" time="25846.43" state="leave" vehID="Car_3446" speed="11.50" length="5.00" type="DEFAULT_CAR" occupancy="0.43"/>
    <instantOut id="215_D12" time="25911.64" state="enter" vehID="Car_3455" speed="10.56" length="5.00" type="DEFAULT_CAR" gap="65.21"/>
    <instantOut id="215_D12" time="25911.75" state="stay" vehID="Car_3455" speed="10.56" length="5.00" type="DEFAULT_CAR"/>
    <instantOut id="215_D12" time="25912.00" state="stay" vehID="Car_3455" speed="10.22" length="5.00" type="DEFAULT_CAR"/>
    <instantOut id="215_D12" time="25912.13" state="leave" vehID="Car_3455" speed="10.21" length="5.00" type="DEFAULT_CAR" occupancy="0.49"/>
    <instantOut id="215_D12" time="26215.76" state="enter" vehID="Car_3503" speed="12.33" length="5.00" type="DEFAULT_CAR" gap="303.63"/>
    <instantOut id="215_D12" time="26216.00" state="stay" vehID="Car_3503" speed="12.33" length="5.00" type="DEFAULT_CAR"/>
    <instantOut id="215_D12" time="26216.15" state="leave" vehID="Car_3503" speed="12.95" length="5.00" type="DEFAULT_CAR" occupancy="0.40"/>
    <instantOut id="215_D12" time="26538.52" state="enter" vehID="Car_3549" speed="6.24" length="5.00" type="DEFAULT_CAR" gap="322.37"/>
    <instantOut id="215_D12" time="26538.75" state="stay" vehID="Car_3549" speed="6.24" length="5.00" type="DEFAULT_CAR"/>
    <instantOut id="215_D12" time="26539.00" state="stay" vehID="Car_3549" speed="6.26" length="5.00" type="DEFAULT_CAR"/>
    <instantOut id="215_D12" time="26539.25" state="stay" vehID="Car_3549" speed="6.42" length="5.00" type="DEFAULT_CAR"/>
    <instantOut id="215_D12" time="26539.32" state="leave" vehID="Car_3549" speed="6.06" length="5.00" type="DEFAULT_CAR" occupancy="0.80"/>
    <instantOut id="215_D12" time="26709.35" state="enter" vehID="Car_3580" speed="11.50" length="5.00" type="DEFAULT_CAR" gap="170.03"/>
    <instantOut id="215_D12" time="26709.50" state="stay" vehID="Car_3580" speed="11.50" length="5.00" type="DEFAULT_CAR"/>
    <instantOut id="215_D12" time="26709.75" state="stay" vehID="Car_3580" speed="12.00" length="5.00" type="DEFAULT_CAR"/>
    <instantOut id="215_D12" time="26709.77" state="leave" vehID="Car_3580" speed="12.90" length="5.00" type="DEFAULT_CAR" occupancy="0.42"/>
    <instantOut id="215_D12" time="26775.15" state="enter" vehID="Car_3586" speed="10.95" length="5.00" type="DEFAULT_CAR" gap="65.38"/>
    <instantOut id="215_D12" time="26775.25" state="stay" vehID="Car_3586" speed="10.95" length="5.00" type="DEFAULT_CAR"/>
    <instantOut id="215_D12" time="26775.50" state="stay" vehID="Car_3586" speed="11.12" length="5.00" type="DEFAULT_CAR"/>
    <instantOut id="215_D12" time="26775.60" state="leave" vehID="Car_3586" speed="11.38" length="5.00" type="DEFAULT_CAR" occupancy="0.45"/>
    <instantOut id="215_D12" time="27363.25" state="enter" vehID="Car_3670" speed="10.99" length="5.00" type="DEFAULT_CAR" gap="587.65"/>
    <instantOut id="215_D12" time="27363.50" state="stay" vehID="Car_3670" speed="10.99" length="5.00" type="DEFAULT_CAR"/>
    <instantOut id="215_D12" time="27363.70" state="leave" vehID="Car_3670" speed="11.19" length="5.00" type="DEFAULT_CAR" occupancy="0.45"/>
    <instantOut id="215_D12" time="27545.34" state="enter" vehID="Car_3698" speed="7.00" length="5.00" type="DEFAULT_CAR" gap="181.64"/>
    <instantOut id="215_D12" time="27545.50" state="stay" vehID="Car_3698" speed="7.00" length="5.00" type="DEFAULT_CAR"/>
    <instantOut id="215_D12" time="27545.75" state="stay" vehID="Car_3698" speed="7.13" length="5.00" type="DEFAULT_CAR"/>
    <instantOut id="215_D12" time="27546.00" state="stay" vehID="Car_3698" speed="6.80" length="5.00" type="DEFAULT_CAR"/>
    <instantOut id="215_D12" time="27546.06" state="leave" vehID="Car_3698" speed="7.10" length="5.00" type="DEFAULT_CAR" occupancy="0.72"/>
    <instantOut id="215_D12" time="27546.97" state="enter" vehID="Car_3701" speed="7.25" length="5.00" type="DEFAULT_CAR" gap="0.91"/>
    <instantOut id="215_D12" time="27547.00" state="stay" vehID="Car_3701" speed="7.25" length="5.00" type="DEFAULT_CAR"/>
    <instantOut id="215_D12" time="27547.25" state="stay" vehID="Car_3701" speed="6.82" length="5.00" type="DEFAULT_CAR"/>
    <instantOut id="215_D12" time="27547.50" state="stay" vehID="Car_3701" speed="7.17" length="5.00" type="DEFAULT_CAR"/>
    <instantOut id="215_D12" time="27547.68" state="leave" vehID="Car_3701" speed="6.99" length="5.00" type="DEFAULT_CAR" occupancy="0.71"/>
    <instantOut id="215_D12" time="27549.32" state="enter" vehID="Car_3702" speed="8.62" length="5.00" type="DEFAULT_CAR" gap="1.64"/>
    <instantOut id="215_D12" time="27549.50" state="stay" vehID="Car_3702" speed="8.62" length="5.00" type="DEFAULT_CAR"/>
    <instantOut id="215_D12" time="27549.75" state="stay" vehID="Car_3702" speed="8.25" length="5.00" type="DEFAULT_CAR"/>
    <instantOut id="215_D12" time="27549.91" state="leave" vehID="Car_3702" speed="8.67" length="5.00" type="DEFAULT_CAR" occupancy="0.59"/>
    <instantOut id="215_D12" time="27699.73" state="enter" vehID="Car_3723" speed="9.24" length="5.00" type="DEFAULT_CAR" gap="149.81"/>
    <instantOut id="215_D12" time="27699.75" state="stay" vehID="Car_3723" speed="9.24" length="5.00" type="DEFAULT_CAR"/>
    <instantOut id="215_D12" time="27700.00" state="stay" vehID="Car_3723" speed="9.66" length="5.00" type="DEFAULT_CAR"/>
    <instantOut id="215_D12" time="27700.25" state="stay" vehID="Car_3723" speed="9.23" length="5.00" type="DEFAULT_CAR"/>
    <instantOut id="215_D12" time="27700.26" state="leave" vehID="Car_3723" speed="9.53" length="5.00" type="DEFAULT_CAR" occupancy="0.53"/>
    <instantOut id="215_D12" time="27815.35" state="enter" vehID="Car_3740" speed="14.89" length="5.00" type="DEFAULT_CAR" gap="115.10"/>
    <instantOut id="215_D12" time="27815.50" state="stay" vehID="Car_3740" speed="14.89" length="5.00" type="DEFAULT_CAR"/>
    <instantOut id="215_D12" time="27815.68" state="leave" vehID="Car_3740" speed="15.81" length="5.00" type="DEFAULT_CAR" occupancy="0.32"/>
    <instantOut id="215_D12" time="27926.89" state="enter" vehID="Car_3753" speed="12.50" length="5.00" type="DEFAULT_CAR" gap="111.21"/>
    <instantOut id="215_D12" time="27927.00" state="stay" vehID="Car_3753" speed="12.50" length="5.00" type="DEFAULT_CAR"/>
    <instantOut id="215_D12" time="27927.25" state="stay" vehID="Car_3753" speed="13.29" length="5.00" type="DEFAULT_CAR"/>
    <instantOut id="215_D12" time="27927.27" state="leave" vehID="Car_3753" speed="14.19" length="5.00" type="DEFAULT_CAR" occupancy="0.38"/>
    <instantOut id="215_D12" time="28191.53" state="enter" vehID="Car_3791" speed="12.22" length="5.00" type="DEFAULT_CAR" gap="264.26"/>
    <instantOut id="215_D12" time="28191.75" state="stay" vehID="Car_3791" speed="12.22" length="5.00" type="DEFAULT_CAR"/>
    <instantOut id="215_D12" time="28191.93" state="leave" vehID="Car_3791" speed="12.76" length="5.00" type="DEFAULT_CAR" occupancy="0.40"/>
    <instantOut id="215_D12" time="28756.43" state="enter" vehID="Car_3861" speed="12.16" length="5.00" type="DEFAULT_CAR" gap="564.50"/>
    <instantOut id="215_D12" time="28756.50" state="stay" vehID="Car_3861" speed="12.16" length="5.00" type="DEFAULT_CAR"/>
    <instantOut id="215_D12" time="28756.75" state="stay" vehID="Car_3861" speed="12.84" length="5.00" type="DEFAULT_CAR"/>
    <instantOut id="215_D12" time="28756.82" state="leave" vehID="Car_3861" speed="13.79" length="5.00" type="DEFAULT_CAR" occupancy="0.39"/>
    <instantOut id="215_D12" time="28906.98" state="enter" vehID="Car_3890" speed="13.14" length="5.00" type="DEFAULT_CAR" gap="150.16"/>
    <instantOut id="215_D12" time="28907.00" state="stay" vehID="Car_3890" speed="13.14" length="5.00" type="DEFAULT_CAR"/>
    <instantOut id="215_D12" time="28907.25" state="stay" vehID="Car_3890" speed="13.96" length="5.00" type="DEFAULT_CAR"/>
    <instantOut id="215_D12" time="28907.33" state="leave" vehID="Car_3890" speed="14.45" length="5.00" type="DEFAULT_CAR" occupancy="0.36"/>
    <instantOut id="215_D12" time="29031.15" state="enter" vehID="Car_3905" speed="10.11" length="5.00" type="DEFAULT_CAR" gap="123.82"/>
    <instantOut id="215_D12" time="29031.25" state="stay" vehID="Car_3905" speed="10.11" length="5.00" type="DEFAULT_CAR"/>
    <instantOut id="215_D12" time="29031.50" state="stay" vehID="Car_3905" speed="10.11" length="5.00" type="DEFAULT_CAR"/>
    <instantOut id="215_D12" time="29031.64" state="leave" vehID="Car_3905" speed="10.10" length="5.00" type="DEFAULT_CAR" occupancy="0.49"/>
    <instantOut id="215_D12" time="29494.87" state="enter" vehID="Car_3984" speed="11.74" length="5.00" type="DEFAULT_CAR" gap="463.22"/>
    <instantOut id="215_D12" time="29495.00" state="stay" vehID="Car_3984" speed="11.74" length="5.00" type="DEFAULT_CAR"/>
    <instantOut id="215_D12" time="29495.25" state="stay" vehID="Car_3984" speed="12.53" length="5.00" type="DEFAULT_CAR"/>
    <instantOut id="215_D12" time="29495.27" state="leave" vehID="Car_3984" speed="13.07" length="5.00" type="DEFAULT_CAR" occupancy="0.41"/>
    <instantOut id="215_D12" time="29499.24" state="enter" vehID="Car_3985" speed="11.20" length="5.00" type="DEFAULT_CAR" gap="3.97"/>
    <instantOut id="215_D12" time="29499.25" state="stay" vehID="Car_3985" speed="11.20" length="5.00" type="DEFAULT_CAR"/>
    <instantOut id="215_D12" time="29499.50" state="stay" vehID="Car_3985" speed="11.98" length="5.00" type="DEFAULT_CAR"/>
    <instantOut id="215_D12" time="29499.66" state="leave" vehID="Car_3985" speed="12.49" length="5.00" type="DEFAULT_CAR" occupancy="0.41"/>
    <instantOut id="215_D12" time="29502.30" state="enter" vehID="Car_3987" speed="12.33" length="5.00" type="DEFAULT_CAR" gap="2.64"/>
    <instantOut id="215_D12" time="29502.50" state="stay" vehID="Car_3987" speed="12.33" length="5.00" type="DEFAULT_CAR"/>
    <instantOut id="215_D12" time="29502.70" state="leave" vehID="Car_3987" speed="12.89" length="5.00" type="DEFAULT_CAR" occupancy="0.40"/>
    <instantOut id="215_D12" time="29585.09" state="enter" vehID="Car_3995" speed="11.40" length="5.00" type="DEFAULT_CAR" gap="82.39"/>
    <instantOut id="215_D12" time="29585.25" state="stay" vehID="Car_3995" speed="11.40" length="5.00" type="DEFAULT_CAR"/>
    <instantOut id="215_D12" time="29585.50" state="stay" vehID="Car_3995" speed="12.11" length="5.00" type="DEFAULT_CAR"/>
    <instantOut id="215_D12" time="29585.51" state="leave" vehID="Car_3995" speed="12.91" length="5.00" type="DEFAULT_CAR" occupancy="0.42"/>
    <instantOut id="215_D12" time="30206.68" state="enter" vehID="Car_4080" speed="10.88" length="5.00" type="DEFAULT_CAR" gap="621.17"/>
    <instantOut id="215_D12" time="30206.75" state="stay" vehID="Car_4080" speed="10.88" length="5.00" type="DEFAULT_CAR"/>
    <instantOut id="215_D12" time="30207.00" state="stay" vehID="Car_4080" speed="11.43" length="5.00" type="DEFAULT_CAR"/>
    <instantOut id="215_D12" time="30207.12" state="leave" vehID="Car_4080" speed="12.09" length="5.00" type="DEFAULT_CAR" occupancy="0.43"/>
    <instantOut id="215_D12" time="30863.59" state="enter" vehID="Car_4159" speed="13.53" length="5.00" type="DEFAULT_CAR" gap="656.48"/>
    <instantOut id="215_D12" time="30863.75" state="stay" vehID="Car_4159" speed="13.53" length="5.00" type="DEFAULT_CAR"/>
    <instantOut id="215_D12" time="30863.95" state="leave" vehID="Car_4159" speed="14.45" length="5.00" type="DEFAULT_CAR" occupancy="0.36"/>
    <instantOut id="215_D12" time="31155.13" state="enter" vehID="Car_4187" speed="8.18" length="5.00" type="DEFAULT_CAR" gap="291.18"/>
    <instantOut id="215_D12" time="31155.25" state="stay" vehID="Car_4187" speed="8.18" length="5.00" type="DEFAULT_CAR"/>
    <instantOut id="215_D12" time="31155.50" state="stay" vehID="Car_4187" speed="8.30" length="5.00" type="DEFAULT_CAR"/>
    <instantOut id="215_D12" time="31155.74" state="leave" vehID="Car_4187" speed="8.12" length="5.00" type="DEFAULT_CAR" occupancy="0.61"/>
    <instantOut id="215_D12" time="31247.35" state="enter" vehID="Car_4204" speed="10.90" length="5.00" type="DEFAULT_CAR" gap="91.61"/>
    <instantOut id="215_D12" time="31247.50" state="stay" vehID="Car_4204" speed="10.90" length="5.00" type="DEFAULT_CAR"/>
    <instantOut id="215_D12" time="31247.75" state="stay" vehID="Car_4204" speed="11.49" length="5.00" type="DEFAULT_CAR"/>
    <instantOut id="215_D12" time="31247.79" state="leave" vehID="Car_4204" speed="11.60" length="5.00" type="DEFAULT_CAR" occupancy="0.44"/>
    <instantOut id="215_D12" time="31637.32" state="enter" vehID="Car_4254" speed="11.41" length="5.00" type="DEFAULT_CAR" gap="389.53"/>
    <instantOut id="215_D12" time="31637.50" state="stay" vehID="Car_4254" speed="11.41" length="5.00" type="DEFAULT_CAR"/>
    <instantOut id="215_D12" time="31637.75" state="stay" vehID="Car_4254" speed="11.56" length="5.00" type="DEFAULT_CAR"/>
    <instantOut id="215_D12" time="31637.75" state="leave" vehID="Car_4254" speed="11.23" length="5.00" type="DEFAULT_CAR" occupancy="0.43"/>
    <instantOut id="215_D12" time="31974.41" state="enter" vehID="Car_4285" speed="7.66" length="5.00" type="DEFAULT_CAR" gap="336.66"/>
    <instantOut id="215_D12" time="31974.50" state="stay" vehID="Car_4285" speed="7.66" length="5.00" type="DEFAULT_CAR"/>
    <instantOut id="215_D12" time="31974.75" state="stay" vehID="Car_4285" speed="7.77" length="5.00" type="DEFAULT_CAR"/>
    <instantOut id="215_D12" time="31975.00" state="stay" vehID="Car_4285" speed="7.58" length="5.00" type="DEFAULT_CAR"/>
    <instantOut id="215_D12" time="31975.06" state="leave" vehID="Car_4285" speed="7.79" length="5.00" type="DEFAULT_CAR" occupancy="0.65"/>
    <instantOut id="215_D12" time="32064.20" state="enter" vehID="Car_4302" speed="11.45" length="5.00" type="DEFAULT_CAR" gap="89.14"/>
    <instantOut id="215_D12" time="32064.25" state="stay" vehID="Car_4302" speed="11.45" length="5.00" type="DEFAULT_CAR"/>
    <instantOut id="215_D12" time="32064.50" state="stay" vehID="Car_4302" speed="12.30" length="5.00" type="DEFAULT_CAR"/>
    <instantOut id="215_D12" time="32064.60" state="leave" vehID="Car_4302" speed="13.09" length="5.00" type="DEFAULT_CAR" occupancy="0.40"/>
    <instantOut id="215_D12" time="32216.33" state="enter" vehID="Car_4320" speed="10.72" length="5.00" type="DEFAULT_CAR" gap="151.73"/>
    <instantOut id="215_D12" time="32216.50" state="stay" vehID="Car_4320" speed="10.72" length="5.00" type="DEFAULT_CAR"/>
    <instantOut id="215_D12" time="32216.75" state="stay" vehID="Car_4320" speed="10.53" length="5.00" type="DEFAULT_CAR"/>
    <instantOut id="215_D12" time="32216.80" state="leave" vehID="Car_4320" speed="10.56" length="5.00" type="DEFAULT_CAR" occupancy="0.47"/>
    <instantOut id="215_D12" time="32217.57" state="enter" vehID="Car_4323" speed="10.43" length="5.00" type="DEFAULT_CAR" gap="0.76"/>
    <instantOut id="215_D12" time="32217.75" state="stay" vehID="Car_4323" speed="10.43" length="5.00" type="DEFAULT_CAR"/>
    <instantOut id="215_D12" time="32218.00" state="stay" vehID="Car_4323" speed="10.12" length="5.00" type="DEFAULT_CAR"/>
    <instantOut id="215_D12" time="32218.05" state="leave" vehID="Car_4323" speed="10.37" length="5.00" type="DEFAULT_CAR" occupancy="0.49"/>
    <instantOut id="215_D12" time="32267.40" state="enter" vehID="Car_4328" speed="11.57" length="5.00" type="DEFAULT_CAR" gap="49.35"/>
    <instantOut id="215_D12" time="32267.50" state="stay" vehID="Car_4328" speed="11.57" length="5.00" type="DEFAULT_CAR"/>
    <instantOut id="215_D12" time="32267.75" state="stay" vehID="Car_4328" speed="12.44" length="5.00" type="DEFAULT_CAR"/>
    <instantOut id="215_D12" time="32267.81" state="leave" vehID="Car_4328" speed="13.19" length="5.00" type="DEFAULT_CAR" occupancy="0.41"/>
    <instantOut id="215_D12" time="32285.72" state="enter" vehID="Car_4330" speed="10.46" length="5.00" type="DEFAULT_CAR" gap="17.91"/>
    <instantOut id="215_D12" time="32285.75" state="stay" vehID="Car_4330" speed="10.46" length="5.00" type="DEFAULT_CAR"/>
    <instantOut id="215_D12" time="32286.00" state="stay" vehID="Car_4330" speed="11.11" length="5.00" type="DEFAULT_CAR"/>
    <instantOut id="215_D12" time="32286.17" state="leave" vehID="Car_4330" speed="11.30" length="5.00" type="DEFAULT_CAR" occupancy="0.45"/>
    <instantOut id="215_D12" time="32294.22" state="enter" vehID="Car_4332" speed="11.46" length="5.00" type="DEFAULT_CAR" gap="8.05"/>
    <instantOut id="215_D12" time="32294.25" state="stay" vehID="Car_4332" speed="11.46" length="5.00" type="DEFAULT_CAR"/>
    <instantOut id="215_D12" time="32294.50" state="stay" vehID="Car_4332" speed="12.18" length="5.00" type="DEFAULT_CAR"/>
    <instantOut id="215_D12" time="32294.63" state="leave" vehID="Car_4332" speed="12.83" length="5.00" type="DEFAULT_CAR" occupancy="0.41"/>
    <instantOut id="215_D12" time="32486.19" state="enter" vehID="Car_4351" speed="7.71" length="5.00" type="DEFAULT_CAR" gap="191.56"/>
    <instantOut id="215_D12" time="32486.25" state="stay" vehID="Car_4351" speed="7.71" length="5.00" type="DEFAULT_CAR"/>
    <instantOut id="215_D12" time="32486.50" state="stay" vehID="Car_4351" speed="7.73" length="5.00" type="DEFAULT_CAR"/>
    <instantOut id="215_D12" time="32486.75" state="stay" vehID="Car_4351" speed="7.87" length="5.00" type="DEFAULT_CAR"/>
    <instantOut id="215_D12" time="32486.83" state="leave" vehID="Car_4351" speed="7.87" length="5.00" type="DEFAULT_CAR" occupancy="0.64"/>
    <instantOut id="215_D12" time="32775.95" state="enter" vehID="Car_4384" speed="11.25" length="5.00" type="DEFAULT_CAR" gap="289.12"/>
    <instantOut id="215_D12" time="32776.00" state="stay" vehID="Car_4384" speed="11.25" length="5.00" type="DEFAULT_CAR"/>
    <instantOut id="215_D12" time="32776.25" state="stay" vehID="Car_4384" speed="11.99" length="5.00" type="DEFAULT_CAR"/>
    <instantOut id="215_D12" time="32776.37" state="leave" vehID="Car_4384" speed="12.51" length="5.00" type="DEFAULT_CAR" occupancy="0.41"/>
    <instantOut id="215_D12" time="33567.06" state="enter" vehID="Car_4473" speed="12.06" length="5.00" type="DEFAULT_CAR" gap="790.69"/>
    <instantOut id="215_D12" time="33567.25" state="stay" vehID="Car_4473" speed="12.06" length="5.00" type="DEFAULT_CAR"/>
    <instantOut id="215_D12" time="33567.46" state="leave" vehID="Car_4473" speed="12.73" length="5.00" type="DEFAULT_CAR" occupancy="0.40"/>
    <instantOut id="215_D12" time="34361.56" state="enter" vehID="Car_4555" speed="12.29" length="5.00" type="DEFAULT_CAR" gap="794.10"/>
    <instantOut id="215_D12" time="34361.75" state="stay" vehID="Car_4555" speed="12.29" length="5.00" type="DEFAULT_CAR"/>
    <instantOut id="215_D12" time="34361.95" state="leave" vehID="Car_4555" speed="13.02" length="5.00" type="DEFAULT_CAR" occupancy="0.39"/>
    <instantOut id="215_D12" time="35062.51" state="enter" vehID="Car_4626" speed="11.45" length="5.00" type="DEFAULT_CAR" gap="700.55"/>
    <instantOut id="215_D12" time="35062.75" state="stay" vehID="Car_4626" speed="11.45" length="5.00" type="DEFAULT_CAR"/>
    <instantOut id="215_D12" time="35062.93" state="leave" vehID="Car_4626" speed="11.93" length="5.00" type="DEFAULT_CAR" occupancy="0.43"/>
    <instantOut id="215_D12" time="35106.38" state="enter" vehID="Car_4633" speed="12.06" length="5.00" type="DEFAULT_CAR" gap="43.44"/>
    <instantOut id="215_D12" time="35106.50" state="stay" vehID="Car_4633" speed="12.06" length="5.00" type="DEFAULT_CAR"/>
    <instantOut id="215_D12" time="35106.75" state="stay" vehID="Car_4633" speed="12.60" length="5.00" type="DEFAULT_CAR"/>
    <instantOut id="215_D12" time="35106.78" state="leave" vehID="Car_4633" speed="13.53" length="5.00" type="DEFAULT_CAR" occupancy="0.40"/>
    <instantOut id="215_D12" time="35169.32" state="enter" vehID="Car_4641" speed="11.11" length="5.00" type="DEFAULT_CAR" gap="62.55"/>
    <instantOut id="215_D12" time="35169.50" state="stay" vehID="Car_4641" speed="11.11" length="5.00" type="DEFAULT_CAR"/>
    <instantOut id="215_D12" time="35169.75" state="stay" vehID="Car_4641" speed="11.97" length="5.00" type="DEFAULT_CAR"/>
    <instantOut id="215_D12" time="35169.75" state="leave" vehID="Car_4641" speed="12.87" length="5.00" type="DEFAULT_CAR" occupancy="0.43"/>
    <instantOut id="215_D12" time="35357.09" state="enter" vehID="Car_4659" speed="5.92" length="5.00" type="DEFAULT_CAR" gap="187.33"/>
    <instantOut id="215_D12" time="35357.25" state="stay" vehID="Car_4659" speed="5.92" length="5.00" type="DEFAULT_CAR"/>
    <instantOut id="215_D12" time="35357.50" state="stay" vehID="Car_4659" speed="6.04" length="5.00" type="DEFAULT_CAR"/>
    <instantOut id="215_D12" time="35357.75" state="stay" vehID="Car_4659" speed="6.05" length="5.00" type="DEFAULT_CAR"/>
    <instantOut id="215_D12" time="35357.92" state="leave" vehID="Car_4659" speed="5.83" length="5.00" type="DEFAULT_CAR" occupancy="0.84"/>
    <instantOut id="215_D12" time="36131.39" state="enter" vehID="Car_4719" speed="12.53" length="5.00" type="DEFAULT_CAR" gap="773.46"/>
    <instantOut id="215_D12" time="36131.50" state="stay" vehID="Car_4719" speed="12.53" length="5.00" type="DEFAULT_CAR"/>
    <instantOut id="215_D12" time="36131.75" state="stay" vehID="Car_4719" speed="13.34" length="5.00" type="DEFAULT_CAR"/>
    <instantOut id="215_D12" time="36131.77" state="leave" vehID="Car_4719" speed="14.22" length="5.00" type="DEFAULT_CAR" occupancy="0.38"/>
    <instantOut id="215_D12" time="37152.29" state="enter" vehID="Car_4810" speed="12.88" length="5.00" type="DEFAULT_CAR" gap="1020.52"/>
    <instantOut id="215_D12" time="37152.50" state="stay" vehID="Car_4810" speed="12.88" length="5.00" type="DEFAULT_CAR"/>
    <instantOut id="215_D12" time="37152.67" state="leave" vehID="Car_4810" speed="13.80" length="5.00" type="DEFAULT_CAR" occupancy="0.38"/>
    <instantOut id="215_D12" time="37194.11" state="enter" vehID="Car_4814" speed="11.83" length="5.00" type="DEFAULT_CAR" gap="41.44"/>
    <instantOut id="215_D12" time="37194.25" state="stay" vehID="Car_4814" speed="11.83" length="5.00" type="DEFAULT_CAR"/>
    <instantOut id="215_D12" time="37194.50" state="stay" vehID="Car_4814" speed="12.67" length="5.00" type="DEFAULT_CAR"/>
    <instantOut id="215_D12" time="37194.51" state="leave" vehID="Car_4814" speed="13.16" length="5.00" type="DEFAULT_CAR" occupancy="0.40"/>
    <instantOut id="215_D12" time="37369.76" state="enter" vehID="Car_4828" speed="10.17" length="5.00" type="DEFAULT_CAR" gap="175.25"/>
    <instantOut id="215_D12" time="37370.00" state="stay" vehID="Car_4828" speed="10.17" length="5.00" type="DEFAULT_CAR"/>
    <instantOut id="215_D12" time="37370.25" state="stay" vehID="Car_4828" speed="9.82" length="5.00" type="DEFAULT_CAR"/>
    <instantOut id="215_D12" time="37370.26" state="leave" vehID="Car_4828" speed="10.20" length="5.00" type="DEFAULT_CAR" occupancy="0.50"/>
    <instantOut id="215_D12" time="37656.64" state="enter" vehID="Car_4839" speed="12.43" length="5.00" type="DEFAULT_CAR" gap="286.38"/>
    <instantOut id="215_D12" time="37656.75" state="stay" vehID="Car_4839" speed="12.43" length="5.00" type="DEFAULT_CAR"/>
    <instantOut id="215_D12" time="37657.00" state="stay" vehID="Car_4839" speed="13.20" length="5.00" type="DEFAULT_CAR"/>
    <instantOut id="215_D12" time="37657.03" state="leave" vehID="Car_4839" speed="13.79" length="5.00" type="DEFAULT_CAR" occupancy="0.38"/>
    <instantOut id="215_D12" time="38179.99" state="enter" vehID="Car_4866" speed="10.85" length="5.00" type="DEFAULT_CAR" gap="522.96"/>
    <instantOut id="215_D12" time="38180.00" state="stay" vehID="Car_4866" speed="10.85" length="5.00" type="DEFAULT_CAR"/>
    <instantOut id="215_D12" time="38180.25" state="stay" vehID="Car_4866" speed="11.51" length="5.00" type="DEFAULT_CAR"/>
    <instantOut id="215_D12" time="38180.42" state="leave" vehID="Car_4866" speed="12.10" length="5.00" type="DEFAULT_CAR" occupancy="0.43"/>
    <instantOut id="215_D12" time="38338.36" state="enter" vehID="Car_4877" speed="10.88" length="5.00" type="DEFAULT_CAR" gap="157.95"/>
    <instantOut id="215_D12" time="38338.50" state="stay" vehID="Car_4877" speed="10.88" length="5.00" type="DEFAULT_CAR"/>
    <instantOut id="215_D12" time="38338.75" state="stay" vehID="Car_4877" speed="11.78" length="5.00" type="DEFAULT_CAR"/>
    <instantOut id="215_D12" time="38338.79" state="leave" vehID="Car_4877" speed="12.70" length="5.00" type="DEFAULT_CAR" occupancy="0.43"/>
    <instantOut id="215_D12" time="40210.71" state="enter" vehID="Car_4955" speed="8.76" length="5.00" type="DEFAULT_CAR" gap="1871.92"/>
    <instantOut id="215_D12" time="40210.75" state="stay" vehID="Car_4955" speed="8.76" length="5.00" type="DEFAULT_CAR"/>
    <instantOut id="215_D12" time="40211.00" state="stay" vehID="Car_4955" speed="8.64" length="5.00" type="DEFAULT_CAR"/>
    <instantOut id="215_D12" time="40211.25" state="stay" vehID="Car_4955" speed="8.92" length="5.00" type="DEFAULT_CAR"/>
    <instantOut id="215_D12" time="40211.28" state="leave" vehID="Car_4955" speed="8.98" length="5.00" type="DEFAULT_CAR" occupancy="0.57"/>
    <instantOut id="215_D12" time="41013.21" state="enter" vehID="Car_4992" speed="10.73" length="5.00" type="DEFAULT_CAR" gap="801.93"/>
    <instantOut id="215_D12" time="41013.25" state="stay" vehID="Car_4992" speed="10.73" length="5.00" type="DEFAULT_CAR"/>
    <instantOut id="215_D12" time="41013.50" state="stay" vehID="Car_4992" speed="11.52" length="5.00" type="DEFAULT_CAR"/>
    <instantOut id="215_D12" time="41013.65" state="leave" vehID="Car_4992" speed="11.07" length="5.00" type="DEFAULT_CAR" occupancy="0.44"/>
    <instantOut id="215_D12" time="41290.99" state="enter" vehID="Car_5008" speed="10.94" length="5.00" type="DEFAULT_CAR" gap="277.34"/>
    <instantOut id="215_D12" time="41291.00" state="stay" vehID="Car_5008" speed="10.94" length="5.00" type="DEFAULT_CAR"/>
    <instantOut id="215_D12" time="41291.25" state="stay" vehID="Car_5008" speed="11.75" length="5.00" type="DEFAULT_CAR"/>
    <instantOut id="215_D12" time="41291.41" state="leave" vehID="Car_5008" speed="12.43" length="5.00" type="DEFAULT_CAR" occupancy="0.42"/>
    <instantOut id="215_D12" time="41827.41" state="enter" vehID="Car_5025" speed="12.53" length="5.00" type="DEFAULT_CAR" gap="536.00"/>
    <instantOut id="215_D12" time="41827.50" state="stay" vehID="Car_5025" speed="12.53" length="5.00" type="DEFAULT_CAR"/>
    <instantOut id="215_D12" time="41827.75" state="stay" vehID="Car_5025" speed="13.13" length="5.00" type="DEFAULT_CAR"/>
    <instantOut id="215_D12" time="41827.79" state="leave" vehID="Car_5025" speed="13.65" length="5.00" type="DEFAULT_CAR" occupancy="0.38"/>
    <instantOut id="215_D12" time="42250.21" state="enter" vehID="Car_5041" speed="11.19" length="5.00" type="DEFAULT_CAR" gap="422.41"/>
    <instantOut id="215_D12" time="42250.25" state="stay" vehID="Car_5041" speed="11.19" length="5.00" type="DEFAULT_CAR"/>
    <instantOut id="215_D12" time="42250.50" state="stay" vehID="Car_5041" speed="11.07" length="5.00" type="DEFAULT_CAR"/>
    <instantOut id="215_D12" time="42250.66" state="leave" vehID="Car_5041" speed="10.95" length="5.00" type="DEFAULT_CAR" occupancy="0.45"/>
    <instantOut id="215_D12" time="42792.19" state="enter" vehID="Car_5066" speed="7.70" length="5.00" type="DEFAULT_CAR" gap="541.53"/>
    <instantOut id="215_D12" time="42792.25" state="stay" vehID="Car_5066" speed="7.70" length="5.00" type="DEFAULT_CAR"/>
    <instantOut id="215_D12" time="42792.50" state="stay" vehID="Car_5066" speed="7.39" length="5.00" type="DEFAULT_CAR"/>
    <instantOut id="215_D12" time="42792.75" state="stay" vehID="Car_5066" speed="7.37" length="5.00" type="DEFAULT_CAR"/>
    <instantOut id="215_D12" time="42792.87" state="leave" vehID="Car_5066" speed="7.41" length="5.00" type="DEFAULT_CAR" occupancy="0.67"/>
    <instantOut id="215_D12" time="42795.67" state="enter" vehID="Car_5067" speed="11.08" length="5.00" type="DEFAULT_CAR" gap="2.80"/>
    <instantOut id="215_D12" time="42795.75" state="stay" vehID="Car_5067" speed="11.08" length="5.00" type="DEFAULT_CAR"/>
    <instantOut id="215_D12" time="42796.00" state="stay" vehID="Car_5067" speed="11.27" length="5.00" type="DEFAULT_CAR"/>
    <instantOut id="215_D12" time="42796.12" state="leave" vehID="Car_5067" speed="11.45" length="5.00" type="DEFAULT_CAR" occupancy="0.44"/>
    <instantOut id="215_D12" time="43576.78" state="enter" vehID="Car_5113" speed="13.08" length="5.00" type="DEFAULT_CAR" gap="780.66"/>
    <instantOut id="215_D12" time="43577.00" state="stay" vehID="Car_5113" speed="13.08" length="5.00" type="DEFAULT_CAR"/>
    <instantOut id="215_D12" time="43577.15" state="leave" vehID="Car_5113" speed="14.02" length="5.00" type="DEFAULT_CAR" occupancy="0.37"/>
    <instantOut id="215_D12" time="44808.58" state="enter" vehID="Car_5156" speed="10.92" length="5.00" type="DEFAULT_CAR" gap="1231.44"/>
    <instantOut id="215_D12" time="44808.75" state="stay" vehID="Car_5156" speed="10.92" length="5.00" type="DEFAULT_CAR"/>
    <instantOut id="215_D12" time="44809.00" state="stay" vehID="Car_5156" speed="11.84" length="5.00" type="DEFAULT_CAR"/>
    <instantOut id="215_D12" time="44809.02" state="leave" vehID="Car_5156" speed="12.38" length="5.00" type="DEFAULT_CAR" occupancy="0.43"/>
</instantE1>
