<?xml version="1.0" encoding="UTF-8"?>

<!-- generated on 2025-02-28 16:09:36 by Eclipse SUMO GUI Version 1.19.0
<configuration xmlns:xsi="http://www.w3.org/2001/XMLSchema-instance" xsi:noNamespaceSchemaLocation="http://sumo.dlr.de/xsd/sumoConfiguration.xsd">

    <input>
        <net-file value="Network.net.xml"/>
        <route-files value="CarRoutes.rou.xml"/>
        <additional-files value="Sensors.add.xml"/>
    </input>

    <output>
        <emission-output value="logs/Emissions.xml"/>
        <summary-output value="logs/Log_summary.xml"/>
        <summary-output.period value="300"/>
        <tripinfo-output value="logs/TripInfos.xml"/>
    </output>

    <time>
        <begin value="0"/>
        <end value="86400"/>
        <step-length value="0.25"/>
    </time>

    <processing>
        <ignore-junction-blocker value="0.1"/>
        <time-to-teleport value="-1"/>
    </processing>

    <report>
        <verbose value="true"/>
        <no-step-log value="true"/>
    </report>

    <emissions>
        <device.emissions.period value="10"/>
    </emissions>

    <traci_server>
        <remote-port value="56772"/>
    </traci_server>

    <gui_only>
        <quit-on-end value="true"/>
        <start value="true"/>
    </gui_only>

</configuration>
-->

<summary xmlns:xsi="http://www.w3.org/2001/XMLSchema-instance" xsi:noNamespaceSchemaLocation="http://sumo.dlr.de/xsd/summary_file.xsd">
    <step time="0.00" loaded="1" inserted="1" running="1" waiting="0" ended="0" arrived="0" collisions="0" teleports="0" halting="1" stopped="0" meanWaitingTime="0.00" meanTravelTime="-1.00" meanSpeed="0.00" meanSpeedRelative="0.00" duration="0"/>
    <step time="300.00" loaded="210" inserted="196" running="90" waiting="14" ended="106" arrived="106" collisions="0" teleports="0" halting="41" stopped="0" meanWaitingTime="14.11" meanTravelTime="79.27" meanSpeed="4.28" meanSpeedRelative="0.31" duration="2"/>
    <step time="600.00" loaded="370" inserted="360" running="69" waiting="10" ended="291" arrived="291" collisions="0" teleports="0" halting="28" stopped="0" meanWaitingTime="13.49" meanTravelTime="113.89" meanSpeed="4.88" meanSpeedRelative="0.35" duration="3"/>
    <step time="900.00" loaded="530" inserted="520" running="49" waiting="10" ended="471" arrived="471" collisions="0" teleports="0" halting="22" stopped="0" meanWaitingTime="12.57" meanTravelTime="110.84" meanSpeed="5.23" meanSpeedRelative="0.38" duration="2"/>
    <step time="1200.00" loaded="705" inserted="690" running="60" waiting="15" ended="630" arrived="630" collisions="0" teleports="0" halting="10" stopped="0" meanWaitingTime="15.71" meanTravelTime="107.59" meanSpeed="7.22" meanSpeedRelative="0.52" duration="2"/>
    <step time="1500.00" loaded="870" inserted="850" running="60" waiting="20" ended="790" arrived="790" collisions="0" teleports="0" halting="21" stopped="0" meanWaitingTime="16.88" meanTravelTime="107.15" meanSpeed="4.16" meanSpeedRelative="0.30" duration="2"/>
    <step time="1800.00" loaded="1034" inserted="1016" running="61" waiting="18" ended="955" arrived="955" collisions="0" teleports="0" halting="22" stopped="0" meanWaitingTime="19.98" meanTravelTime="108.87" meanSpeed="4.69" meanSpeedRelative="0.34" duration="2"/>
    <step time="2100.00" loaded="1192" inserted="1177" running="72" waiting="15" ended="1105" arrived="1105" collisions="0" teleports="0" halting="52" stopped="0" meanWaitingTime="18.63" meanTravelTime="107.10" meanSpeed="2.65" meanSpeedRelative="0.19" duration="2"/>
    <step time="2400.00" loaded="1340" inserted="1324" running="44" waiting="16" ended="1280" arrived="1280" collisions="0" teleports="0" halting="23" stopped="0" meanWaitingTime="18.59" meanTravelTime="110.60" meanSpeed="3.29" meanSpeedRelative="0.24" duration="1"/>
    <step time="2700.00" loaded="1484" inserted="1483" running="50" waiting="1" ended="1433" arrived="1433" collisions="0" teleports="0" halting="13" stopped="0" meanWaitingTime="18.53" meanTravelTime="108.98" meanSpeed="5.07" meanSpeedRelative="0.36" duration="1"/>
    <step time="3000.00" loaded="1644" inserted="1637" running="45" waiting="7" ended="1592" arrived="1592" collisions="0" teleports="0" halting="18" stopped="0" meanWaitingTime="17.36" meanTravelTime="109.35" meanSpeed="4.68" meanSpeedRelative="0.34" duration="1"/>
    <step time="3300.00" loaded="1813" inserted="1791" running="55" waiting="22" ended="1736" arrived="1736" collisions="0" teleports="0" halting="12" stopped="0" meanWaitingTime="17.97" meanTravelTime="109.35" meanSpeed="7.03" meanSpeedRelative="0.51" duration="2"/>
    <step time="3600.00" loaded="1945" inserted="1930" running="45" waiting="15" ended="1885" arrived="1885" collisions="0" teleports="0" halting="15" stopped="0" meanWaitingTime="19.63" meanTravelTime="108.15" meanSpeed="5.21" meanSpeedRelative="0.38" duration="1"/>
    <step time="3900.00" loaded="2109" inserted="2109" running="78" waiting="0" ended="2031" arrived="2031" collisions="0" teleports="0" halting="45" stopped="0" meanWaitingTime="18.80" meanTravelTime="108.97" meanSpeed="2.68" meanSpeedRelative="0.19" duration="1"/>
    <step time="4200.00" loaded="2239" inserted="2234" running="35" waiting="5" ended="2199" arrived="2199" collisions="0" teleports="0" halting="11" stopped="0" meanWaitingTime="18.93" meanTravelTime="110.38" meanSpeed="6.11" meanSpeedRelative="0.44" duration="1"/>
    <step time="4500.00" loaded="2417" inserted="2416" running="67" waiting="1" ended="2349" arrived="2349" collisions="0" teleports="0" halting="28" stopped="0" meanWaitingTime="18.11" meanTravelTime="108.62" meanSpeed="4.63" meanSpeedRelative="0.33" duration="2"/>
    <step time="4800.00" loaded="2573" inserted="2567" running="40" waiting="6" ended="2527" arrived="2527" collisions="0" teleports="0" halting="15" stopped="0" meanWaitingTime="17.29" meanTravelTime="107.97" meanSpeed="4.76" meanSpeedRelative="0.34" duration="2"/>
    <step time="5100.00" loaded="2739" inserted="2729" running="62" waiting="10" ended="2667" arrived="2667" collisions="0" teleports="0" halting="14" stopped="0" meanWaitingTime="17.93" meanTravelTime="107.02" meanSpeed="5.67" meanSpeedRelative="0.41" duration="2"/>
    <step time="5400.00" loaded="2891" inserted="2889" running="57" waiting="2" ended="2832" arrived="2832" collisions="0" teleports="0" halting="18" stopped="0" meanWaitingTime="17.33" meanTravelTime="107.03" meanSpeed="4.92" meanSpeedRelative="0.35" duration="2"/>
    <step time="5700.00" loaded="3077" inserted="3062" running="69" waiting="15" ended="2993" arrived="2993" collisions="0" teleports="0" halting="25" stopped="0" meanWaitingTime="16.73" meanTravelTime="106.92" meanSpeed="5.20" meanSpeedRelative="0.37" duration="2"/>
    <step time="6000.00" loaded="3202" inserted="3199" running="39" waiting="3" ended="3160" arrived="3160" collisions="0" teleports="0" halting="15" stopped="0" meanWaitingTime="16.69" meanTravelTime="108.09" meanSpeed="5.43" meanSpeedRelative="0.39" duration="2"/>
    <step time="6300.00" loaded="3364" inserted="3347" running="57" waiting="17" ended="3290" arrived="3290" collisions="0" teleports="0" halting="21" stopped="0" meanWaitingTime="16.71" meanTravelTime="108.40" meanSpeed="4.54" meanSpeedRelative="0.33" duration="2"/>
    <step time="6600.00" loaded="3525" inserted="3517" running="51" waiting="8" ended="3466" arrived="3466" collisions="0" teleports="0" halting="19" stopped="0" meanWaitingTime="16.89" meanTravelTime="108.05" meanSpeed="4.41" meanSpeedRelative="0.32" duration="2"/>
    <step time="6900.00" loaded="3709" inserted="3692" running="66" waiting="17" ended="3626" arrived="3626" collisions="0" teleports="0" halting="22" stopped="0" meanWaitingTime="16.80" meanTravelTime="107.78" meanSpeed="3.96" meanSpeedRelative="0.29" duration="2"/>
    <step time="7200.00" loaded="3868" inserted="3847" running="58" waiting="21" ended="3789" arrived="3789" collisions="0" teleports="0" halting="15" stopped="0" meanWaitingTime="17.37" meanTravelTime="107.96" meanSpeed="5.96" meanSpeedRelative="0.43" duration="3"/>
    <step time="7500.00" loaded="4018" inserted="4006" running="45" waiting="12" ended="3961" arrived="3961" collisions="0" teleports="0" halting="18" stopped="0" meanWaitingTime="18.01" meanTravelTime="108.09" meanSpeed="4.95" meanSpeedRelative="0.36" duration="2"/>
    <step time="7800.00" loaded="4174" inserted="4151" running="54" waiting="23" ended="4097" arrived="4097" collisions="0" teleports="0" halting="16" stopped="0" meanWaitingTime="18.46" meanTravelTime="107.64" meanSpeed="4.16" meanSpeedRelative="0.30" duration="2"/>
    <step time="8100.00" loaded="4347" inserted="4332" running="47" waiting="15" ended="4285" arrived="4285" collisions="0" teleports="0" halting="19" stopped="0" meanWaitingTime="19.49" meanTravelTime="107.29" meanSpeed="4.40" meanSpeedRelative="0.33" duration="2"/>
    <step time="8400.00" loaded="4531" inserted="4527" running="74" waiting="4" ended="4453" arrived="4453" collisions="0" teleports="0" halting="28" stopped="0" meanWaitingTime="19.47" meanTravelTime="106.66" meanSpeed="4.26" meanSpeedRelative="0.31" duration="2"/>
    <step time="8700.00" loaded="4702" inserted="4697" running="75" waiting="5" ended="4622" arrived="4622" collisions="0" teleports="0" halting="21" stopped="0" meanWaitingTime="19.20" meanTravelTime="107.01" meanSpeed="4.82" meanSpeedRelative="0.35" duration="2"/>
    <step time="9000.00" loaded="4891" inserted="4874" running="63" waiting="17" ended="4811" arrived="4811" collisions="0" teleports="0" halting="15" stopped="0" meanWaitingTime="18.97" meanTravelTime="106.71" meanSpeed="4.52" meanSpeedRelative="0.33" duration="3"/>
    <step time="9300.00" loaded="5076" inserted="5057" running="58" waiting="19" ended="4999" arrived="4999" collisions="0" teleports="0" halting="20" stopped="0" meanWaitingTime="18.94" meanTravelTime="106.81" meanSpeed="5.22" meanSpeedRelative="0.38" duration="3"/>
    <step time="9600.00" loaded="5245" inserted="5232" running="63" waiting="13" ended="5169" arrived="5169" collisions="0" teleports="0" halting="12" stopped="0" meanWaitingTime="19.42" meanTravelTime="106.50" meanSpeed="6.37" meanSpeedRelative="0.47" duration="2"/>
    <step time="9900.00" loaded="5388" inserted="5372" running="43" waiting="16" ended="5329" arrived="5329" collisions="0" teleports="0" halting="11" stopped="0" meanWaitingTime="19.30" meanTravelTime="106.47" meanSpeed="4.82" meanSpeedRelative="0.35" duration="1"/>
    <step time="10200.00" loaded="5557" inserted="5548" running="57" waiting="9" ended="5491" arrived="5491" collisions="0" teleports="0" halting="7" stopped="0" meanWaitingTime="19.53" meanTravelTime="106.63" meanSpeed="5.32" meanSpeedRelative="0.38" duration="2"/>
    <step time="10500.00" loaded="5735" inserted="5724" running="51" waiting="11" ended="5673" arrived="5673" collisions="0" teleports="0" halting="16" stopped="0" meanWaitingTime="19.36" meanTravelTime="106.97" meanSpeed="5.04" meanSpeedRelative="0.36" duration="2"/>
    <step time="10800.00" loaded="5907" inserted="5900" running="79" waiting="7" ended="5821" arrived="5821" collisions="0" teleports="0" halting="19" stopped="0" meanWaitingTime="19.34" meanTravelTime="106.83" meanSpeed="4.78" meanSpeedRelative="0.34" duration="2"/>
    <step time="11100.00" loaded="6085" inserted="6067" running="60" waiting="18" ended="6007" arrived="6007" collisions="0" teleports="0" halting="24" stopped="0" meanWaitingTime="19.28" meanTravelTime="107.72" meanSpeed="4.16" meanSpeedRelative="0.30" duration="2"/>
    <step time="11400.00" loaded="6256" inserted="6222" running="64" waiting="34" ended="6158" arrived="6158" collisions="0" teleports="0" halting="22" stopped="0" meanWaitingTime="19.91" meanTravelTime="107.75" meanSpeed="4.42" meanSpeedRelative="0.32" duration="4"/>
    <step time="11700.00" loaded="6401" inserted="6379" running="57" waiting="22" ended="6322" arrived="6322" collisions="0" teleports="0" halting="11" stopped="0" meanWaitingTime="20.89" meanTravelTime="107.91" meanSpeed="5.23" meanSpeedRelative="0.38" duration="2"/>
    <step time="12000.00" loaded="6579" inserted="6572" running="60" waiting="7" ended="6512" arrived="6512" collisions="0" teleports="0" halting="14" stopped="0" meanWaitingTime="20.97" meanTravelTime="108.00" meanSpeed="4.32" meanSpeedRelative="0.32" duration="1"/>
    <step time="12300.00" loaded="6748" inserted="6747" running="67" waiting="1" ended="6680" arrived="6680" collisions="0" teleports="0" halting="26" stopped="0" meanWaitingTime="20.69" meanTravelTime="108.31" meanSpeed="4.41" meanSpeedRelative="0.32" duration="3"/>
    <step time="12600.00" loaded="6918" inserted="6898" running="48" waiting="20" ended="6850" arrived="6850" collisions="0" teleports="0" halting="14" stopped="0" meanWaitingTime="20.46" meanTravelTime="108.30" meanSpeed="6.25" meanSpeedRelative="0.45" duration="1"/>
    <step time="12900.00" loaded="7085" inserted="7070" running="59" waiting="15" ended="7011" arrived="7011" collisions="0" teleports="0" halting="27" stopped="0" meanWaitingTime="20.61" meanTravelTime="108.20" meanSpeed="4.29" meanSpeedRelative="0.31" duration="2"/>
    <step time="13200.00" loaded="7259" inserted="7238" running="79" waiting="21" ended="7159" arrived="7159" collisions="0" teleports="0" halting="16" stopped="0" meanWaitingTime="20.71" meanTravelTime="108.13" meanSpeed="5.05" meanSpeedRelative="0.38" duration="3"/>
    <step time="13500.00" loaded="7438" inserted="7430" running="87" waiting="8" ended="7343" arrived="7343" collisions="0" teleports="0" halting="34" stopped="0" meanWaitingTime="20.63" meanTravelTime="108.84" meanSpeed="3.75" meanSpeedRelative="0.27" duration="3"/>
    <step time="13800.00" loaded="7629" inserted="7613" running="73" waiting="16" ended="7540" arrived="7540" collisions="0" teleports="0" halting="25" stopped="0" meanWaitingTime="20.70" meanTravelTime="109.25" meanSpeed="5.06" meanSpeedRelative="0.36" duration="2"/>
    <step time="14100.00" loaded="7789" inserted="7785" running="69" waiting="4" ended="7716" arrived="7716" collisions="0" teleports="0" halting="17" stopped="0" meanWaitingTime="20.74" meanTravelTime="109.75" meanSpeed="5.71" meanSpeedRelative="0.41" duration="2"/>
    <step time="14400.00" loaded="7930" inserted="7920" running="55" waiting="10" ended="7865" arrived="7865" collisions="0" teleports="0" halting="13" stopped="0" meanWaitingTime="20.90" meanTravelTime="109.94" meanSpeed="6.11" meanSpeedRelative="0.44" duration="2"/>
    <step time="14700.00" loaded="8125" inserted="8106" running="63" waiting="19" ended="8043" arrived="8043" collisions="0" teleports="0" halting="17" stopped="0" meanWaitingTime="20.84" meanTravelTime="109.64" meanSpeed="5.98" meanSpeedRelative="0.43" duration="1"/>
    <step time="15000.00" loaded="8283" inserted="8278" running="97" waiting="5" ended="8181" arrived="8181" collisions="0" teleports="0" halting="14" stopped="0" meanWaitingTime="20.66" meanTravelTime="109.70" meanSpeed="5.49" meanSpeedRelative="0.39" duration="2"/>
    <step time="15300.00" loaded="8442" inserted="8407" running="58" waiting="35" ended="8349" arrived="8349" collisions="0" teleports="0" halting="16" stopped="0" meanWaitingTime="20.82" meanTravelTime="110.38" meanSpeed="5.29" meanSpeedRelative="0.40" duration="2"/>
    <step time="15600.00" loaded="8610" inserted="8600" running="65" waiting="10" ended="8535" arrived="8535" collisions="0" teleports="0" halting="20" stopped="0" meanWaitingTime="21.56" meanTravelTime="109.86" meanSpeed="5.20" meanSpeedRelative="0.37" duration="2"/>
    <step time="15900.00" loaded="8803" inserted="8791" running="101" waiting="12" ended="8690" arrived="8690" collisions="0" teleports="0" halting="47" stopped="0" meanWaitingTime="21.83" meanTravelTime="109.83" meanSpeed="3.69" meanSpeedRelative="0.27" duration="3"/>
    <step time="16200.00" loaded="8992" inserted="8959" running="57" waiting="33" ended="8902" arrived="8902" collisions="0" teleports="0" halting="13" stopped="0" meanWaitingTime="22.10" meanTravelTime="110.10" meanSpeed="5.82" meanSpeedRelative="0.42" duration="2"/>
    <step time="16500.00" loaded="9160" inserted="9145" running="73" waiting="15" ended="9072" arrived="9072" collisions="0" teleports="0" halting="24" stopped="0" meanWaitingTime="22.64" meanTravelTime="109.98" meanSpeed="5.38" meanSpeedRelative="0.39" duration="2"/>
    <step time="16800.00" loaded="9347" inserted="9311" running="68" waiting="36" ended="9243" arrived="9243" collisions="0" teleports="0" halting="14" stopped="0" meanWaitingTime="22.94" meanTravelTime="110.29" meanSpeed="5.38" meanSpeedRelative="0.39" duration="2"/>
    <step time="17100.00" loaded="9518" inserted="9488" running="74" waiting="30" ended="9414" arrived="9414" collisions="0" teleports="0" halting="27" stopped="0" meanWaitingTime="23.58" meanTravelTime="110.44" meanSpeed="3.89" meanSpeedRelative="0.28" duration="2"/>
    <step time="17400.00" loaded="9697" inserted="9672" running="79" waiting="25" ended="9593" arrived="9593" collisions="0" teleports="0" halting="41" stopped="0" meanWaitingTime="24.22" meanTravelTime="111.10" meanSpeed="3.72" meanSpeedRelative="0.27" duration="2"/>
    <step time="17700.00" loaded="9872" inserted="9843" running="83" waiting="29" ended="9760" arrived="9760" collisions="0" teleports="0" halting="21" stopped="0" meanWaitingTime="24.58" meanTravelTime="111.38" meanSpeed="4.35" meanSpeedRelative="0.31" duration="2"/>
    <step time="18000.00" loaded="10038" inserted="10017" running="78" waiting="21" ended="9939" arrived="9939" collisions="0" teleports="0" halting="38" stopped="0" meanWaitingTime="25.11" meanTravelTime="112.04" meanSpeed="3.70" meanSpeedRelative="0.27" duration="3"/>
    <step time="18300.00" loaded="10223" inserted="10190" running="55" waiting="33" ended="10135" arrived="10135" collisions="0" teleports="0" halting="27" stopped="0" meanWaitingTime="25.32" meanTravelTime="112.24" meanSpeed="4.73" meanSpeedRelative="0.34" duration="1"/>
    <step time="18600.00" loaded="10382" inserted="10352" running="58" waiting="30" ended="10294" arrived="10294" collisions="0" teleports="0" halting="21" stopped="0" meanWaitingTime="25.86" meanTravelTime="112.06" meanSpeed="5.30" meanSpeedRelative="0.38" duration="2"/>
    <step time="18900.00" loaded="10566" inserted="10532" running="71" waiting="34" ended="10461" arrived="10461" collisions="0" teleports="0" halting="8" stopped="0" meanWaitingTime="26.23" meanTravelTime="112.00" meanSpeed="7.12" meanSpeedRelative="0.51" duration="2"/>
    <step time="19200.00" loaded="10743" inserted="10716" running="56" waiting="27" ended="10660" arrived="10660" collisions="0" teleports="0" halting="20" stopped="0" meanWaitingTime="26.53" meanTravelTime="111.74" meanSpeed="5.36" meanSpeedRelative="0.39" duration="3"/>
    <step time="19500.00" loaded="10952" inserted="10926" running="93" waiting="26" ended="10833" arrived="10833" collisions="0" teleports="0" halting="34" stopped="0" meanWaitingTime="26.82" meanTravelTime="111.77" meanSpeed="4.01" meanSpeedRelative="0.29" duration="3"/>
    <step time="19800.00" loaded="11129" inserted="11097" running="68" waiting="32" ended="11029" arrived="11029" collisions="0" teleports="0" halting="34" stopped="0" meanWaitingTime="27.17" meanTravelTime="111.93" meanSpeed="4.45" meanSpeedRelative="0.32" duration="2"/>
    <step time="20100.00" loaded="11323" inserted="11296" running="81" waiting="27" ended="11215" arrived="11215" collisions="0" teleports="0" halting="22" stopped="0" meanWaitingTime="27.64" meanTravelTime="111.97" meanSpeed="5.31" meanSpeedRelative="0.38" duration="2"/>
    <step time="20400.00" loaded="11492" inserted="11464" running="89" waiting="28" ended="11375" arrived="11375" collisions="0" teleports="0" halting="33" stopped="0" meanWaitingTime="28.04" meanTravelTime="112.06" meanSpeed="3.82" meanSpeedRelative="0.28" duration="3"/>
    <step time="20700.00" loaded="11663" inserted="11640" running="75" waiting="23" ended="11565" arrived="11565" collisions="0" teleports="0" halting="38" stopped="0" meanWaitingTime="28.33" meanTravelTime="112.53" meanSpeed="3.92" meanSpeedRelative="0.28" duration="1"/>
    <step time="21000.00" loaded="11848" inserted="11838" running="69" waiting="10" ended="11769" arrived="11769" collisions="0" teleports="0" halting="45" stopped="0" meanWaitingTime="28.55" meanTravelTime="112.46" meanSpeed="2.67" meanSpeedRelative="0.19" duration="2"/>
    <step time="21300.00" loaded="12008" inserted="12008" running="61" waiting="0" ended="11947" arrived="11947" collisions="0" teleports="0" halting="10" stopped="0" meanWaitingTime="28.31" meanTravelTime="112.38" meanSpeed="5.16" meanSpeedRelative="0.37" duration="2"/>
    <step time="21600.00" loaded="12230" inserted="12222" running="91" waiting="8" ended="12131" arrived="12131" collisions="0" teleports="0" halting="18" stopped="0" meanWaitingTime="28.02" meanTravelTime="112.32" meanSpeed="5.22" meanSpeedRelative="0.38" duration="2"/>
    <step time="21900.00" loaded="12416" inserted="12408" running="72" waiting="8" ended="12336" arrived="12336" collisions="0" teleports="0" halting="27" stopped="0" meanWaitingTime="27.71" meanTravelTime="112.41" meanSpeed="5.65" meanSpeedRelative="0.41" duration="2"/>
    <step time="22200.00" loaded="12607" inserted="12596" running="57" waiting="11" ended="12539" arrived="12539" collisions="0" teleports="0" halting="7" stopped="0" meanWaitingTime="27.46" meanTravelTime="112.12" meanSpeed="5.87" meanSpeedRelative="0.42" duration="2"/>
    <step time="22500.00" loaded="12781" inserted="12747" running="46" waiting="34" ended="12701" arrived="12701" collisions="0" teleports="0" halting="9" stopped="0" meanWaitingTime="27.37" meanTravelTime="112.14" meanSpeed="5.57" meanSpeedRelative="0.40" duration="3"/>
    <step time="22800.00" loaded="12978" inserted="12976" running="95" waiting="2" ended="12881" arrived="12881" collisions="0" teleports="0" halting="43" stopped="0" meanWaitingTime="27.35" meanTravelTime="111.89" meanSpeed="3.25" meanSpeedRelative="0.23" duration="3"/>
    <step time="23100.00" loaded="13162" inserted="13148" running="89" waiting="14" ended="13059" arrived="13059" collisions="0" teleports="0" halting="44" stopped="0" meanWaitingTime="27.17" meanTravelTime="112.39" meanSpeed="3.23" meanSpeedRelative="0.23" duration="2"/>
    <step time="23400.00" loaded="13352" inserted="13342" running="63" waiting="10" ended="13279" arrived="13279" collisions="0" teleports="0" halting="21" stopped="0" meanWaitingTime="27.09" meanTravelTime="112.55" meanSpeed="5.34" meanSpeedRelative="0.38" duration="2"/>
    <step time="23700.00" loaded="13582" inserted="13562" running="78" waiting="20" ended="13484" arrived="13484" collisions="0" teleports="0" halting="35" stopped="0" meanWaitingTime="26.87" meanTravelTime="112.34" meanSpeed="3.72" meanSpeedRelative="0.27" duration="2"/>
    <step time="24000.00" loaded="13757" inserted="13737" running="63" waiting="20" ended="13674" arrived="13674" collisions="0" teleports="0" halting="21" stopped="0" meanWaitingTime="26.84" meanTravelTime="112.50" meanSpeed="4.81" meanSpeedRelative="0.35" duration="2"/>
    <step time="24300.00" loaded="13965" inserted="13940" running="112" waiting="25" ended="13828" arrived="13828" collisions="0" teleports="0" halting="37" stopped="0" meanWaitingTime="26.98" meanTravelTime="112.49" meanSpeed="3.30" meanSpeedRelative="0.24" duration="2"/>
    <step time="24600.00" loaded="14187" inserted="14148" running="99" waiting="39" ended="14049" arrived="14049" collisions="0" teleports="0" halting="58" stopped="0" meanWaitingTime="27.21" meanTravelTime="112.90" meanSpeed="2.47" meanSpeedRelative="0.18" duration="3"/>
    <step time="24900.00" loaded="14400" inserted="14365" running="90" waiting="35" ended="14275" arrived="14275" collisions="0" teleports="0" halting="37" stopped="0" meanWaitingTime="27.69" meanTravelTime="113.50" meanSpeed="3.58" meanSpeedRelative="0.26" duration="2"/>
    <step time="25200.00" loaded="14594" inserted="14551" running="64" waiting="43" ended="14487" arrived="14487" collisions="0" teleports="0" halting="23" stopped="0" meanWaitingTime="27.87" meanTravelTime="113.35" meanSpeed="5.12" meanSpeedRelative="0.37" duration="2"/>
    <step time="25500.00" loaded="14768" inserted="14745" running="83" waiting="23" ended="14662" arrived="14662" collisions="0" teleports="0" halting="23" stopped="0" meanWaitingTime="28.22" meanTravelTime="113.39" meanSpeed="4.91" meanSpeedRelative="0.35" duration="2"/>
    <step time="25800.00" loaded="14998" inserted="14967" running="93" waiting="31" ended="14874" arrived="14874" collisions="0" teleports="0" halting="30" stopped="0" meanWaitingTime="28.26" meanTravelTime="113.57" meanSpeed="4.31" meanSpeedRelative="0.31" duration="2"/>
    <step time="26100.00" loaded="15207" inserted="15176" running="84" waiting="31" ended="15092" arrived="15092" collisions="0" teleports="0" halting="37" stopped="0" meanWaitingTime="28.49" meanTravelTime="113.53" meanSpeed="3.19" meanSpeedRelative="0.24" duration="2"/>
    <step time="26400.00" loaded="15402" inserted="15362" running="68" waiting="40" ended="15294" arrived="15294" collisions="0" teleports="0" halting="30" stopped="0" meanWaitingTime="28.77" meanTravelTime="113.73" meanSpeed="3.00" meanSpeedRelative="0.22" duration="3"/>
    <step time="26700.00" loaded="15619" inserted="15593" running="92" waiting="26" ended="15501" arrived="15501" collisions="0" teleports="0" halting="28" stopped="0" meanWaitingTime="29.16" meanTravelTime="113.59" meanSpeed="4.94" meanSpeedRelative="0.36" duration="4"/>
    <step time="27000.00" loaded="15840" inserted="15807" running="89" waiting="33" ended="15718" arrived="15718" collisions="0" teleports="0" halting="26" stopped="0" meanWaitingTime="29.40" meanTravelTime="113.52" meanSpeed="5.46" meanSpeedRelative="0.40" duration="2"/>
    <step time="27300.00" loaded="16066" inserted="16029" running="108" waiting="37" ended="15921" arrived="15921" collisions="0" teleports="0" halting="41" stopped="0" meanWaitingTime="29.66" meanTravelTime="113.25" meanSpeed="4.33" meanSpeedRelative="0.32" duration="2"/>
    <step time="27600.00" loaded="16266" inserted="16225" running="75" waiting="41" ended="16150" arrived="16150" collisions="0" teleports="0" halting="41" stopped="0" meanWaitingTime="29.86" meanTravelTime="113.55" meanSpeed="3.64" meanSpeedRelative="0.26" duration="2"/>
    <step time="27900.00" loaded="16472" inserted="16437" running="60" waiting="35" ended="16377" arrived="16377" collisions="0" teleports="0" halting="15" stopped="0" meanWaitingTime="30.18" meanTravelTime="113.40" meanSpeed="5.79" meanSpeedRelative="0.42" duration="2"/>
    <step time="28200.00" loaded="16695" inserted="16672" running="76" waiting="23" ended="16596" arrived="16596" collisions="0" teleports="0" halting="22" stopped="0" meanWaitingTime="30.48" meanTravelTime="113.15" meanSpeed="5.32" meanSpeedRelative="0.38" duration="2"/>
    <step time="28500.00" loaded="16896" inserted="16867" running="76" waiting="29" ended="16791" arrived="16791" collisions="0" teleports="0" halting="21" stopped="0" meanWaitingTime="30.58" meanTravelTime="113.22" meanSpeed="6.03" meanSpeedRelative="0.43" duration="3"/>
    <step time="28800.00" loaded="17111" inserted="17080" running="83" waiting="31" ended="16997" arrived="16997" collisions="0" teleports="0" halting="41" stopped="0" meanWaitingTime="30.64" meanTravelTime="113.14" meanSpeed="3.16" meanSpeedRelative="0.23" duration="3"/>
    <step time="29100.00" loaded="17337" inserted="17302" running="107" waiting="35" ended="17195" arrived="17195" collisions="0" teleports="0" halting="42" stopped="0" meanWaitingTime="30.61" meanTravelTime="113.61" meanSpeed="3.24" meanSpeedRelative="0.23" duration="2"/>
    <step time="29400.00" loaded="17539" inserted="17484" running="80" waiting="55" ended="17404" arrived="17404" collisions="0" teleports="0" halting="27" stopped="0" meanWaitingTime="30.84" meanTravelTime="114.10" meanSpeed="5.46" meanSpeedRelative="0.39" duration="2"/>
    <step time="29700.00" loaded="17718" inserted="17658" running="57" waiting="60" ended="17601" arrived="17601" collisions="0" teleports="0" halting="20" stopped="0" meanWaitingTime="31.06" meanTravelTime="114.21" meanSpeed="5.64" meanSpeedRelative="0.41" duration="2"/>
    <step time="30000.00" loaded="17895" inserted="17849" running="70" waiting="46" ended="17779" arrived="17779" collisions="0" teleports="0" halting="43" stopped="0" meanWaitingTime="31.85" meanTravelTime="114.18" meanSpeed="3.05" meanSpeedRelative="0.22" duration="2"/>
    <step time="30300.00" loaded="18098" inserted="18044" running="79" waiting="54" ended="17965" arrived="17965" collisions="0" teleports="0" halting="35" stopped="0" meanWaitingTime="32.41" meanTravelTime="114.29" meanSpeed="3.03" meanSpeedRelative="0.22" duration="2"/>
    <step time="30600.00" loaded="18313" inserted="18267" running="103" waiting="46" ended="18164" arrived="18164" collisions="0" teleports="0" halting="44" stopped="0" meanWaitingTime="32.96" meanTravelTime="114.32" meanSpeed="4.67" meanSpeedRelative="0.34" duration="3"/>
    <step time="30900.00" loaded="18536" inserted="18497" running="107" waiting="39" ended="18390" arrived="18390" collisions="0" teleports="0" halting="28" stopped="0" meanWaitingTime="33.28" meanTravelTime="114.44" meanSpeed="4.02" meanSpeedRelative="0.29" duration="3"/>
    <step time="31200.00" loaded="18706" inserted="18666" running="77" waiting="40" ended="18589" arrived="18589" collisions="0" teleports="0" halting="16" stopped="0" meanWaitingTime="33.37" meanTravelTime="114.84" meanSpeed="5.32" meanSpeedRelative="0.38" duration="2"/>
    <step time="31500.00" loaded="18884" inserted="18851" running="74" waiting="33" ended="18777" arrived="18777" collisions="0" teleports="0" halting="32" stopped="0" meanWaitingTime="33.60" meanTravelTime="115.14" meanSpeed="3.71" meanSpeedRelative="0.28" duration="2"/>
    <step time="31800.00" loaded="19041" inserted="19013" running="83" waiting="28" ended="18930" arrived="18930" collisions="0" teleports="0" halting="21" stopped="0" meanWaitingTime="33.82" meanTravelTime="115.33" meanSpeed="5.13" meanSpeedRelative="0.37" duration="2"/>
    <step time="32100.00" loaded="19222" inserted="19182" running="56" waiting="40" ended="19126" arrived="19126" collisions="0" teleports="0" halting="26" stopped="0" meanWaitingTime="33.98" meanTravelTime="115.37" meanSpeed="5.20" meanSpeedRelative="0.37" duration="2"/>
    <step time="32400.00" loaded="19392" inserted="19346" running="64" waiting="46" ended="19282" arrived="19282" collisions="0" teleports="0" halting="28" stopped="0" meanWaitingTime="34.21" meanTravelTime="115.24" meanSpeed="3.54" meanSpeedRelative="0.25" duration="2"/>
    <step time="32700.00" loaded="19570" inserted="19529" running="74" waiting="41" ended="19455" arrived="19455" collisions="0" teleports="0" halting="12" stopped="0" meanWaitingTime="34.50" meanTravelTime="115.22" meanSpeed="5.48" meanSpeedRelative="0.39" duration="2"/>
    <step time="33000.00" loaded="19742" inserted="19713" running="74" waiting="29" ended="19639" arrived="19639" collisions="0" teleports="0" halting="10" stopped="0" meanWaitingTime="34.80" meanTravelTime="115.47" meanSpeed="5.12" meanSpeedRelative="0.37" duration="3"/>
    <step time="33300.00" loaded="19875" inserted="19850" running="63" waiting="25" ended="19787" arrived="19787" collisions="0" teleports="0" halting="15" stopped="0" meanWaitingTime="34.93" meanTravelTime="115.68" meanSpeed="5.15" meanSpeedRelative="0.37" duration="3"/>
    <step time="33600.00" loaded="20067" inserted="20031" running="60" waiting="36" ended="19971" arrived="19971" collisions="0" teleports="0" halting="24" stopped="0" meanWaitingTime="35.10" meanTravelTime="115.60" meanSpeed="5.34" meanSpeedRelative="0.38" duration="3"/>
    <step time="33900.00" loaded="20223" inserted="20188" running="54" waiting="35" ended="20134" arrived="20134" collisions="0" teleports="0" halting="19" stopped="0" meanWaitingTime="35.30" meanTravelTime="115.45" meanSpeed="5.64" meanSpeedRelative="0.41" duration="3"/>
    <step time="34200.00" loaded="20383" inserted="20346" running="56" waiting="37" ended="20290" arrived="20290" collisions="0" teleports="0" halting="20" stopped="0" meanWaitingTime="35.49" meanTravelTime="115.36" meanSpeed="5.26" meanSpeedRelative="0.38" duration="2"/>
    <step time="34500.00" loaded="20548" inserted="20523" running="86" waiting="25" ended="20437" arrived="20437" collisions="0" teleports="0" halting="39" stopped="0" meanWaitingTime="35.76" meanTravelTime="115.29" meanSpeed="4.19" meanSpeedRelative="0.30" duration="3"/>
    <step time="34800.00" loaded="20701" inserted="20672" running="57" waiting="29" ended="20615" arrived="20615" collisions="0" teleports="0" halting="15" stopped="0" meanWaitingTime="35.94" meanTravelTime="115.44" meanSpeed="4.53" meanSpeedRelative="0.33" duration="2"/>
    <step time="35100.00" loaded="20838" inserted="20828" running="61" waiting="10" ended="20767" arrived="20767" collisions="0" teleports="0" halting="14" stopped="0" meanWaitingTime="36.05" meanTravelTime="115.38" meanSpeed="6.58" meanSpeedRelative="0.47" duration="2"/>
    <step time="35400.00" loaded="20977" inserted="20970" running="40" waiting="7" ended="20930" arrived="20930" collisions="0" teleports="0" halting="6" stopped="0" meanWaitingTime="35.86" meanTravelTime="115.26" meanSpeed="6.44" meanSpeedRelative="0.46" duration="2"/>
    <step time="35700.00" loaded="21122" inserted="21115" running="47" waiting="7" ended="21068" arrived="21068" collisions="0" teleports="0" halting="14" stopped="0" meanWaitingTime="35.74" meanTravelTime="115.23" meanSpeed="4.94" meanSpeedRelative="0.36" duration="2"/>
    <step time="36000.00" loaded="21280" inserted="21273" running="42" waiting="7" ended="21231" arrived="21231" collisions="0" teleports="0" halting="14" stopped="0" meanWaitingTime="35.59" meanTravelTime="115.12" meanSpeed="4.33" meanSpeedRelative="0.31" duration="1"/>
    <step time="36300.00" loaded="21454" inserted="21436" running="55" waiting="18" ended="21381" arrived="21381" collisions="0" teleports="0" halting="30" stopped="0" meanWaitingTime="35.49" meanTravelTime="114.90" meanSpeed="3.19" meanSpeedRelative="0.23" duration="1"/>
    <step time="36600.00" loaded="21602" inserted="21592" running="60" waiting="10" ended="21532" arrived="21532" collisions="0" teleports="0" halting="8" stopped="0" meanWaitingTime="35.41" meanTravelTime="114.87" meanSpeed="5.78" meanSpeedRelative="0.42" duration="2"/>
    <step time="36900.00" loaded="21740" inserted="21720" running="43" waiting="20" ended="21677" arrived="21677" collisions="0" teleports="0" halting="13" stopped="0" meanWaitingTime="35.28" meanTravelTime="114.87" meanSpeed="5.92" meanSpeedRelative="0.43" duration="1"/>
    <step time="37200.00" loaded="21860" inserted="21837" running="34" waiting="23" ended="21803" arrived="21803" collisions="0" teleports="0" halting="16" stopped="0" meanWaitingTime="35.28" meanTravelTime="114.74" meanSpeed="3.73" meanSpeedRelative="0.27" duration="1"/>
    <step time="37500.00" loaded="22000" inserted="21963" running="53" waiting="37" ended="21910" arrived="21910" collisions="0" teleports="0" halting="12" stopped="0" meanWaitingTime="35.45" meanTravelTime="114.70" meanSpeed="5.82" meanSpeedRelative="0.42" duration="2"/>
    <step time="37800.00" loaded="22155" inserted="22114" running="48" waiting="41" ended="22066" arrived="22066" collisions="0" teleports="0" halting="11" stopped="0" meanWaitingTime="35.70" meanTravelTime="114.67" meanSpeed="6.23" meanSpeedRelative="0.45" duration="1"/>
    <step time="38100.00" loaded="22298" inserted="22254" running="56" waiting="44" ended="22198" arrived="22198" collisions="0" teleports="0" halting="26" stopped="0" meanWaitingTime="35.93" meanTravelTime="114.57" meanSpeed="3.57" meanSpeedRelative="0.26" duration="2"/>
    <step time="38400.00" loaded="22423" inserted="22392" running="57" waiting="31" ended="22335" arrived="22335" collisions="0" teleports="0" halting="29" stopped="0" meanWaitingTime="36.23" meanTravelTime="114.61" meanSpeed="3.61" meanSpeedRelative="0.26" duration="1"/>
    <step time="38700.00" loaded="22521" inserted="22512" running="56" waiting="9" ended="22456" arrived="22456" collisions="0" teleports="0" halting="35" stopped="0" meanWaitingTime="36.43" meanTravelTime="114.67" meanSpeed="3.04" meanSpeedRelative="0.23" duration="1"/>
    <step time="39000.00" loaded="22627" inserted="22593" running="56" waiting="34" ended="22537" arrived="22537" collisions="0" teleports="0" halting="7" stopped="0" meanWaitingTime="36.58" meanTravelTime="114.81" meanSpeed="6.21" meanSpeedRelative="0.45" duration="2"/>
    <step time="39300.00" loaded="22754" inserted="22712" running="34" waiting="42" ended="22678" arrived="22678" collisions="0" teleports="0" halting="12" stopped="0" meanWaitingTime="36.85" meanTravelTime="114.98" meanSpeed="5.81" meanSpeedRelative="0.42" duration="1"/>
    <step time="39600.00" loaded="22866" inserted="22827" running="28" waiting="39" ended="22799" arrived="22799" collisions="0" teleports="0" halting="13" stopped="0" meanWaitingTime="37.09" meanTravelTime="114.87" meanSpeed="5.45" meanSpeedRelative="0.39" duration="1"/>
    <step time="39900.00" loaded="22988" inserted="22961" running="73" waiting="27" ended="22888" arrived="22888" collisions="0" teleports="0" halting="62" stopped="0" meanWaitingTime="37.39" meanTravelTime="114.81" meanSpeed="1.42" meanSpeedRelative="0.10" duration="2"/>
    <step time="40200.00" loaded="23076" inserted="23056" running="50" waiting="20" ended="23006" arrived="23006" collisions="0" teleports="0" halting="17" stopped="0" meanWaitingTime="37.62" meanTravelTime="115.11" meanSpeed="4.34" meanSpeedRelative="0.33" duration="1"/>
    <step time="40500.00" loaded="23180" inserted="23156" running="37" waiting="24" ended="23119" arrived="23119" collisions="0" teleports="0" halting="10" stopped="0" meanWaitingTime="37.72" meanTravelTime="115.34" meanSpeed="6.44" meanSpeedRelative="0.46" duration="1"/>
    <step time="40800.00" loaded="23287" inserted="23255" running="35" waiting="32" ended="23220" arrived="23220" collisions="0" teleports="0" halting="18" stopped="0" meanWaitingTime="37.98" meanTravelTime="115.28" meanSpeed="4.64" meanSpeedRelative="0.33" duration="1"/>
    <step time="41100.00" loaded="23371" inserted="23348" running="40" waiting="23" ended="23308" arrived="23308" collisions="0" teleports="0" halting="11" stopped="0" meanWaitingTime="38.19" meanTravelTime="115.32" meanSpeed="6.07" meanSpeedRelative="0.44" duration="1"/>
    <step time="41400.00" loaded="23436" inserted="23425" running="16" waiting="11" ended="23409" arrived="23409" collisions="0" teleports="0" halting="10" stopped="0" meanWaitingTime="38.28" meanTravelTime="115.44" meanSpeed="2.43" meanSpeedRelative="0.18" duration="0"/>
    <step time="41700.00" loaded="23534" inserted="23510" running="43" waiting="24" ended="23467" arrived="23467" collisions="0" teleports="0" halting="17" stopped="0" meanWaitingTime="38.42" meanTravelTime="115.42" meanSpeed="4.94" meanSpeedRelative="0.36" duration="1"/>
    <step time="42000.00" loaded="23616" inserted="23587" running="20" waiting="29" ended="23567" arrived="23567" collisions="0" teleports="0" halting="10" stopped="0" meanWaitingTime="38.60" meanTravelTime="115.46" meanSpeed="4.33" meanSpeedRelative="0.31" duration="1"/>
    <step time="42300.00" loaded="23720" inserted="23696" running="51" waiting="24" ended="23645" arrived="23645" collisions="0" teleports="0" halting="9" stopped="0" meanWaitingTime="38.84" meanTravelTime="115.34" meanSpeed="6.40" meanSpeedRelative="0.46" duration="1"/>
    <step time="42600.00" loaded="23833" inserted="23797" running="43" waiting="36" ended="23754" arrived="23754" collisions="0" teleports="0" halting="7" stopped="0" meanWaitingTime="39.05" meanTravelTime="115.33" meanSpeed="6.75" meanSpeedRelative="0.49" duration="1"/>
    <step time="42900.00" loaded="23935" inserted="23910" running="48" waiting="25" ended="23862" arrived="23862" collisions="0" teleports="0" halting="15" stopped="0" meanWaitingTime="39.32" meanTravelTime="115.40" meanSpeed="5.52" meanSpeedRelative="0.40" duration="2"/>
    <step time="43200.00" loaded="24035" inserted="23999" running="24" waiting="36" ended="23975" arrived="23975" collisions="0" teleports="0" halting="9" stopped="0" meanWaitingTime="39.46" meanTravelTime="115.44" meanSpeed="6.17" meanSpeedRelative="0.44" duration="2"/>
    <step time="43500.00" loaded="24112" inserted="24096" running="47" waiting="16" ended="24049" arrived="24049" collisions="0" teleports="0" halting="9" stopped="0" meanWaitingTime="39.62" meanTravelTime="115.41" meanSpeed="6.23" meanSpeedRelative="0.45" duration="1"/>
    <step time="43800.00" loaded="24212" inserted="24188" running="38" waiting="24" ended="24150" arrived="24150" collisions="0" teleports="0" halting="15" stopped="0" meanWaitingTime="39.73" meanTravelTime="115.49" meanSpeed="4.95" meanSpeedRelative="0.36" duration="1"/>
    <step time="44100.00" loaded="24316" inserted="24306" running="60" waiting="10" ended="24246" arrived="24246" collisions="0" teleports="0" halting="39" stopped="0" meanWaitingTime="39.81" meanTravelTime="115.46" meanSpeed="2.42" meanSpeedRelative="0.17" duration="2"/>
    <step time="44400.00" loaded="24429" inserted="24413" running="79" waiting="16" ended="24334" arrived="24334" collisions="0" teleports="0" halting="62" stopped="0" meanWaitingTime="39.78" meanTravelTime="115.41" meanSpeed="1.12" meanSpeedRelative="0.08" duration="2"/>
    <step time="44700.00" loaded="24533" inserted="24489" running="42" waiting="44" ended="24447" arrived="24447" collisions="0" teleports="0" halting="11" stopped="0" meanWaitingTime="39.89" meanTravelTime="116.14" meanSpeed="4.25" meanSpeedRelative="0.31" duration="2"/>
    <step time="45000.00" loaded="24637" inserted="24596" running="46" waiting="41" ended="24550" arrived="24550" collisions="0" teleports="0" halting="6" stopped="0" meanWaitingTime="40.24" meanTravelTime="116.31" meanSpeed="5.63" meanSpeedRelative="0.41" duration="2"/>
    <step time="45300.00" loaded="24725" inserted="24699" running="57" waiting="26" ended="24642" arrived="24642" collisions="0" teleports="0" halting="8" stopped="0" meanWaitingTime="40.50" meanTravelTime="116.43" meanSpeed="5.41" meanSpeedRelative="0.39" duration="1"/>
    <step time="45600.00" loaded="24808" inserted="24781" running="40" waiting="27" ended="24741" arrived="24741" collisions="0" teleports="0" halting="27" stopped="0" meanWaitingTime="40.61" meanTravelTime="116.60" meanSpeed="3.39" meanSpeedRelative="0.24" duration="1"/>
    <step time="45900.00" loaded="24894" inserted="24848" running="45" waiting="46" ended="24803" arrived="24803" collisions="0" teleports="0" halting="42" stopped="0" meanWaitingTime="40.81" meanTravelTime="116.64" meanSpeed="0.64" meanSpeedRelative="0.05" duration="1"/>
    <step time="46200.00" loaded="24974" inserted="24927" running="47" waiting="47" ended="24880" arrived="24880" collisions="0" teleports="0" halting="42" stopped="0" meanWaitingTime="41.05" meanTravelTime="116.47" meanSpeed="0.81" meanSpeedRelative="0.06" duration="1"/>
    <step time="46500.00" loaded="25022" inserted="25022" running="77" waiting="0" ended="24945" arrived="24945" collisions="0" teleports="0" halting="65" stopped="0" meanWaitingTime="41.40" meanTravelTime="116.34" meanSpeed="1.15" meanSpeedRelative="0.08" duration="2"/>
    <step time="46800.00" loaded="25042" inserted="25042" running="69" waiting="0" ended="24973" arrived="24973" collisions="0" teleports="0" halting="68" stopped="0" meanWaitingTime="41.36" meanTravelTime="116.28" meanSpeed="0.18" meanSpeedRelative="0.01" duration="2"/>
    <step time="47100.00" loaded="25060" inserted="25060" running="66" waiting="0" ended="24994" arrived="24994" collisions="0" teleports="0" halting="63" stopped="0" meanWaitingTime="41.33" meanTravelTime="116.21" meanSpeed="0.28" meanSpeedRelative="0.02" duration="2"/>
    <step time="47400.00" loaded="25076" inserted="25076" running="65" waiting="0" ended="25011" arrived="25011" collisions="0" teleports="0" halting="65" stopped="0" meanWaitingTime="41.31" meanTravelTime="116.16" meanSpeed="0.00" meanSpeedRelative="0.00" duration="1"/>
    <step time="47700.00" loaded="25090" inserted="25090" running="66" waiting="0" ended="25024" arrived="25024" collisions="0" teleports="0" halting="66" stopped="0" meanWaitingTime="41.28" meanTravelTime="116.12" meanSpeed="0.00" meanSpeedRelative="0.00" duration="1"/>
    <step time="48000.00" loaded="25103" inserted="25103" running="64" waiting="0" ended="25039" arrived="25039" collisions="0" teleports="0" halting="63" stopped="0" meanWaitingTime="41.26" meanTravelTime="116.08" meanSpeed="0.10" meanSpeedRelative="0.01" duration="1"/>
    <step time="48300.00" loaded="25117" inserted="25117" running="64" waiting="0" ended="25053" arrived="25053" collisions="0" teleports="0" halting="63" stopped="0" meanWaitingTime="41.24" meanTravelTime="116.03" meanSpeed="0.05" meanSpeedRelative="0.00" duration="1"/>
    <step time="48600.00" loaded="25133" inserted="25133" running="66" waiting="0" ended="25067" arrived="25067" collisions="0" teleports="0" halting="63" stopped="0" meanWaitingTime="41.21" meanTravelTime="115.98" meanSpeed="0.28" meanSpeedRelative="0.02" duration="1"/>
    <step time="48900.00" loaded="25148" inserted="25148" running="69" waiting="0" ended="25079" arrived="25079" collisions="0" teleports="0" halting="68" stopped="0" meanWaitingTime="41.19" meanTravelTime="115.94" meanSpeed="0.05" meanSpeedRelative="0.00" duration="1"/>
    <step time="49200.00" loaded="25157" inserted="25157" running="63" waiting="0" ended="25094" arrived="25094" collisions="0" teleports="0" halting="63" stopped="0" meanWaitingTime="41.17" meanTravelTime="115.91" meanSpeed="0.00" meanSpeedRelative="0.00" duration="1"/>
</summary>
