<?xml version="1.0" encoding="UTF-8"?>

<!-- generated on 2025-02-28 18:35:09 by Eclipse SUMO GUI Version 1.19.0
<configuration xmlns:xsi="http://www.w3.org/2001/XMLSchema-instance" xsi:noNamespaceSchemaLocation="http://sumo.dlr.de/xsd/sumoConfiguration.xsd">

    <input>
        <net-file value="Network.net.xml"/>
        <route-files value="CarRoutes_dfrouter.rou.xml"/>
        <additional-files value="Sensors.add.xml"/>
    </input>

    <output>
        <emission-output value="logs/Emissions.xml"/>
        <summary-output value="logs/Log_summary.xml"/>
        <summary-output.period value="300"/>
        <tripinfo-output value="logs/TripInfos.xml"/>
    </output>

    <time>
        <begin value="0"/>
        <end value="86400"/>
        <step-length value="0.25"/>
    </time>

    <processing>
        <ignore-junction-blocker value="0.1"/>
        <time-to-teleport value="-1"/>
    </processing>

    <report>
        <verbose value="true"/>
        <no-step-log value="true"/>
    </report>

    <emissions>
        <device.emissions.period value="10"/>
    </emissions>

    <traci_server>
        <remote-port value="58869"/>
    </traci_server>

    <gui_only>
        <quit-on-end value="true"/>
        <start value="true"/>
    </gui_only>

</configuration>
-->

<summary xmlns:xsi="http://www.w3.org/2001/XMLSchema-instance" xsi:noNamespaceSchemaLocation="http://sumo.dlr.de/xsd/summary_file.xsd">
    <step time="0.00" loaded="1" inserted="1" running="1" waiting="0" ended="0" arrived="0" collisions="0" teleports="0" halting="1" stopped="0" meanWaitingTime="0.00" meanTravelTime="-1.00" meanSpeed="0.00" meanSpeedRelative="0.00" duration="0"/>
    <step time="300.00" loaded="113" inserted="76" running="19" waiting="0" ended="94" arrived="57" collisions="0" teleports="0" halting="3" stopped="0" meanWaitingTime="0.16" meanTravelTime="43.73" meanSpeed="5.29" meanSpeedRelative="0.59" duration="0"/>
    <step time="600.00" loaded="225" inserted="148" running="23" waiting="0" ended="202" arrived="125" collisions="0" teleports="0" halting="6" stopped="0" meanWaitingTime="0.17" meanTravelTime="49.40" meanSpeed="8.12" meanSpeedRelative="0.62" duration="1"/>
    <step time="900.00" loaded="335" inserted="226" running="15" waiting="0" ended="320" arrived="211" collisions="0" teleports="0" halting="1" stopped="0" meanWaitingTime="0.24" meanTravelTime="54.23" meanSpeed="5.74" meanSpeedRelative="0.60" duration="1"/>
    <step time="1200.00" loaded="427" inserted="284" running="17" waiting="0" ended="410" arrived="267" collisions="0" teleports="0" halting="1" stopped="0" meanWaitingTime="0.23" meanTravelTime="54.64" meanSpeed="9.62" meanSpeedRelative="0.69" duration="0"/>
    <step time="1500.00" loaded="531" inserted="357" running="29" waiting="0" ended="502" arrived="328" collisions="0" teleports="0" halting="5" stopped="0" meanWaitingTime="0.28" meanTravelTime="55.19" meanSpeed="7.02" meanSpeedRelative="0.58" duration="1"/>
    <step time="1800.00" loaded="627" inserted="429" running="18" waiting="0" ended="609" arrived="411" collisions="0" teleports="0" halting="1" stopped="0" meanWaitingTime="0.30" meanTravelTime="57.85" meanSpeed="6.32" meanSpeedRelative="0.60" duration="0"/>
    <step time="2100.00" loaded="722" inserted="497" running="16" waiting="0" ended="706" arrived="481" collisions="0" teleports="0" halting="0" stopped="0" meanWaitingTime="0.28" meanTravelTime="58.82" meanSpeed="8.88" meanSpeedRelative="0.68" duration="0"/>
    <step time="2400.00" loaded="812" inserted="557" running="23" waiting="0" ended="789" arrived="534" collisions="0" teleports="0" halting="2" stopped="0" meanWaitingTime="0.27" meanTravelTime="58.58" meanSpeed="6.05" meanSpeedRelative="0.59" duration="1"/>
    <step time="2700.00" loaded="896" inserted="615" running="14" waiting="0" ended="882" arrived="601" collisions="0" teleports="0" halting="0" stopped="0" meanWaitingTime="0.26" meanTravelTime="59.64" meanSpeed="5.23" meanSpeedRelative="0.65" duration="1"/>
    <step time="3000.00" loaded="977" inserted="676" running="17" waiting="0" ended="960" arrived="659" collisions="0" teleports="0" halting="3" stopped="0" meanWaitingTime="0.24" meanTravelTime="59.99" meanSpeed="7.01" meanSpeedRelative="0.54" duration="1"/>
    <step time="3300.00" loaded="1080" inserted="745" running="23" waiting="1" ended="1056" arrived="722" collisions="0" teleports="0" halting="1" stopped="0" meanWaitingTime="0.31" meanTravelTime="59.45" meanSpeed="8.66" meanSpeedRelative="0.83" duration="1"/>
    <step time="3600.00" loaded="1185" inserted="814" running="26" waiting="0" ended="1159" arrived="788" collisions="0" teleports="0" halting="2" stopped="0" meanWaitingTime="0.31" meanTravelTime="59.62" meanSpeed="7.91" meanSpeedRelative="0.65" duration="1"/>
    <step time="3900.00" loaded="1272" inserted="881" running="28" waiting="0" ended="1244" arrived="853" collisions="0" teleports="0" halting="1" stopped="0" meanWaitingTime="0.31" meanTravelTime="60.23" meanSpeed="7.42" meanSpeedRelative="0.62" duration="1"/>
    <step time="4200.00" loaded="1365" inserted="941" running="19" waiting="0" ended="1346" arrived="922" collisions="0" teleports="0" halting="2" stopped="0" meanWaitingTime="0.32" meanTravelTime="60.90" meanSpeed="8.27" meanSpeedRelative="0.62" duration="0"/>
    <step time="4500.00" loaded="1480" inserted="1021" running="27" waiting="1" ended="1452" arrived="994" collisions="0" teleports="0" halting="1" stopped="0" meanWaitingTime="0.33" meanTravelTime="60.84" meanSpeed="7.61" meanSpeedRelative="0.65" duration="1"/>
    <step time="4800.00" loaded="1571" inserted="1091" running="16" waiting="0" ended="1555" arrived="1075" collisions="0" teleports="0" halting="2" stopped="0" meanWaitingTime="0.37" meanTravelTime="61.75" meanSpeed="7.15" meanSpeedRelative="0.56" duration="0"/>
    <step time="5100.00" loaded="1661" inserted="1152" running="22" waiting="0" ended="1639" arrived="1130" collisions="0" teleports="0" halting="0" stopped="0" meanWaitingTime="0.37" meanTravelTime="61.44" meanSpeed="5.74" meanSpeedRelative="0.60" duration="1"/>
    <step time="5400.00" loaded="1746" inserted="1213" running="15" waiting="0" ended="1731" arrived="1198" collisions="0" teleports="0" halting="0" stopped="0" meanWaitingTime="0.36" meanTravelTime="62.05" meanSpeed="7.85" meanSpeedRelative="0.77" duration="0"/>
    <step time="5700.00" loaded="1844" inserted="1275" running="11" waiting="1" ended="1832" arrived="1264" collisions="0" teleports="0" halting="1" stopped="0" meanWaitingTime="0.35" meanTravelTime="61.78" meanSpeed="9.80" meanSpeedRelative="0.71" duration="1"/>
    <step time="6000.00" loaded="1938" inserted="1334" running="18" waiting="0" ended="1920" arrived="1316" collisions="0" teleports="0" halting="2" stopped="0" meanWaitingTime="0.35" meanTravelTime="61.27" meanSpeed="5.22" meanSpeedRelative="0.55" duration="0"/>
    <step time="6300.00" loaded="2049" inserted="1405" running="24" waiting="0" ended="2025" arrived="1381" collisions="0" teleports="0" halting="3" stopped="0" meanWaitingTime="0.34" meanTravelTime="61.27" meanSpeed="5.91" meanSpeedRelative="0.65" duration="0"/>
    <step time="6600.00" loaded="2155" inserted="1467" running="22" waiting="1" ended="2132" arrived="1445" collisions="0" teleports="0" halting="3" stopped="0" meanWaitingTime="0.34" meanTravelTime="60.89" meanSpeed="7.68" meanSpeedRelative="0.65" duration="0"/>
    <step time="6900.00" loaded="2254" inserted="1529" running="21" waiting="0" ended="2233" arrived="1508" collisions="0" teleports="0" halting="1" stopped="0" meanWaitingTime="0.34" meanTravelTime="60.81" meanSpeed="8.82" meanSpeedRelative="0.66" duration="1"/>
    <step time="7200.00" loaded="2352" inserted="1591" running="21" waiting="0" ended="2331" arrived="1570" collisions="0" teleports="0" halting="0" stopped="0" meanWaitingTime="0.34" meanTravelTime="60.53" meanSpeed="8.65" meanSpeedRelative="0.75" duration="0"/>
    <step time="7500.00" loaded="2441" inserted="1654" running="14" waiting="0" ended="2427" arrived="1640" collisions="0" teleports="0" halting="3" stopped="0" meanWaitingTime="0.34" meanTravelTime="60.65" meanSpeed="6.63" meanSpeedRelative="0.61" duration="1"/>
    <step time="7800.00" loaded="2556" inserted="1734" running="22" waiting="0" ended="2534" arrived="1712" collisions="0" teleports="0" halting="4" stopped="0" meanWaitingTime="0.36" meanTravelTime="60.75" meanSpeed="5.06" meanSpeedRelative="0.61" duration="0"/>
    <step time="8100.00" loaded="2658" inserted="1801" running="19" waiting="0" ended="2639" arrived="1782" collisions="0" teleports="0" halting="1" stopped="0" meanWaitingTime="0.36" meanTravelTime="60.64" meanSpeed="7.79" meanSpeedRelative="0.63" duration="0"/>
    <step time="8400.00" loaded="2756" inserted="1864" running="16" waiting="0" ended="2740" arrived="1848" collisions="0" teleports="0" halting="0" stopped="0" meanWaitingTime="0.36" meanTravelTime="60.75" meanSpeed="7.39" meanSpeedRelative="0.56" duration="1"/>
    <step time="8700.00" loaded="2859" inserted="1937" running="15" waiting="0" ended="2844" arrived="1922" collisions="0" teleports="0" halting="0" stopped="0" meanWaitingTime="0.36" meanTravelTime="60.85" meanSpeed="7.76" meanSpeedRelative="0.64" duration="1"/>
    <step time="9000.00" loaded="2968" inserted="2008" running="31" waiting="0" ended="2937" arrived="1977" collisions="0" teleports="0" halting="2" stopped="0" meanWaitingTime="0.35" meanTravelTime="60.81" meanSpeed="4.92" meanSpeedRelative="0.46" duration="0"/>
    <step time="9300.00" loaded="3074" inserted="2083" running="19" waiting="0" ended="3055" arrived="2064" collisions="0" teleports="0" halting="10" stopped="0" meanWaitingTime="0.35" meanTravelTime="61.05" meanSpeed="3.58" meanSpeedRelative="0.35" duration="0"/>
    <step time="9600.00" loaded="3184" inserted="2157" running="22" waiting="0" ended="3162" arrived="2135" collisions="0" teleports="0" halting="2" stopped="0" meanWaitingTime="0.44" meanTravelTime="61.26" meanSpeed="7.83" meanSpeedRelative="0.71" duration="0"/>
    <step time="9900.00" loaded="3290" inserted="2231" running="19" waiting="0" ended="3271" arrived="2212" collisions="0" teleports="0" halting="1" stopped="0" meanWaitingTime="0.47" meanTravelTime="61.41" meanSpeed="5.09" meanSpeedRelative="0.52" duration="0"/>
    <step time="10200.00" loaded="3401" inserted="2308" running="25" waiting="0" ended="3376" arrived="2283" collisions="0" teleports="0" halting="0" stopped="0" meanWaitingTime="0.46" meanTravelTime="61.77" meanSpeed="6.43" meanSpeedRelative="0.58" duration="1"/>
    <step time="10500.00" loaded="3485" inserted="2368" running="24" waiting="0" ended="3461" arrived="2344" collisions="0" teleports="0" halting="1" stopped="0" meanWaitingTime="0.46" meanTravelTime="61.97" meanSpeed="7.41" meanSpeedRelative="0.60" duration="1"/>
    <step time="10800.00" loaded="3596" inserted="2448" running="24" waiting="0" ended="3572" arrived="2424" collisions="0" teleports="0" halting="6" stopped="0" meanWaitingTime="0.46" meanTravelTime="62.22" meanSpeed="6.55" meanSpeedRelative="0.53" duration="1"/>
    <step time="11100.00" loaded="3697" inserted="2511" running="19" waiting="0" ended="3678" arrived="2492" collisions="0" teleports="0" halting="3" stopped="0" meanWaitingTime="0.45" meanTravelTime="62.24" meanSpeed="5.90" meanSpeedRelative="0.56" duration="0"/>
    <step time="11400.00" loaded="3785" inserted="2570" running="16" waiting="0" ended="3769" arrived="2554" collisions="0" teleports="0" halting="3" stopped="0" meanWaitingTime="0.47" meanTravelTime="62.25" meanSpeed="5.88" meanSpeedRelative="0.61" duration="0"/>
    <step time="11700.00" loaded="3873" inserted="2631" running="23" waiting="0" ended="3850" arrived="2608" collisions="0" teleports="0" halting="9" stopped="0" meanWaitingTime="0.46" meanTravelTime="62.25" meanSpeed="4.05" meanSpeedRelative="0.45" duration="0"/>
    <step time="12000.00" loaded="3977" inserted="2699" running="21" waiting="1" ended="3955" arrived="2678" collisions="0" teleports="0" halting="12" stopped="0" meanWaitingTime="0.46" meanTravelTime="62.33" meanSpeed="2.32" meanSpeedRelative="0.37" duration="0"/>
    <step time="12300.00" loaded="4062" inserted="2767" running="20" waiting="0" ended="4042" arrived="2747" collisions="0" teleports="0" halting="0" stopped="0" meanWaitingTime="0.47" meanTravelTime="62.66" meanSpeed="8.26" meanSpeedRelative="0.67" duration="1"/>
    <step time="12600.00" loaded="4173" inserted="2847" running="39" waiting="0" ended="4134" arrived="2808" collisions="0" teleports="0" halting="15" stopped="0" meanWaitingTime="0.55" meanTravelTime="62.64" meanSpeed="4.54" meanSpeedRelative="0.39" duration="1"/>
    <step time="12900.00" loaded="4265" inserted="2909" running="16" waiting="0" ended="4249" arrived="2893" collisions="0" teleports="0" halting="1" stopped="0" meanWaitingTime="0.55" meanTravelTime="63.33" meanSpeed="7.92" meanSpeedRelative="0.65" duration="0"/>
    <step time="13200.00" loaded="4352" inserted="2963" running="21" waiting="0" ended="4331" arrived="2942" collisions="0" teleports="0" halting="3" stopped="0" meanWaitingTime="0.55" meanTravelTime="63.37" meanSpeed="9.37" meanSpeedRelative="0.71" duration="0"/>
    <step time="13500.00" loaded="4463" inserted="3039" running="16" waiting="1" ended="4446" arrived="3023" collisions="0" teleports="0" halting="0" stopped="0" meanWaitingTime="0.54" meanTravelTime="63.42" meanSpeed="9.66" meanSpeedRelative="0.74" duration="0"/>
    <step time="13800.00" loaded="4566" inserted="3102" running="18" waiting="0" ended="4548" arrived="3084" collisions="0" teleports="0" halting="0" stopped="0" meanWaitingTime="0.54" meanTravelTime="63.10" meanSpeed="8.12" meanSpeedRelative="0.73" duration="1"/>
    <step time="14100.00" loaded="4677" inserted="3176" running="23" waiting="0" ended="4654" arrived="3153" collisions="0" teleports="0" halting="3" stopped="0" meanWaitingTime="0.53" meanTravelTime="63.05" meanSpeed="7.60" meanSpeedRelative="0.80" duration="0"/>
    <step time="14400.00" loaded="4781" inserted="3246" running="28" waiting="0" ended="4753" arrived="3218" collisions="0" teleports="0" halting="2" stopped="0" meanWaitingTime="0.53" meanTravelTime="63.04" meanSpeed="5.57" meanSpeedRelative="0.55" duration="1"/>
    <step time="14700.00" loaded="4869" inserted="3306" running="13" waiting="0" ended="4856" arrived="3293" collisions="0" teleports="0" halting="1" stopped="0" meanWaitingTime="0.52" meanTravelTime="63.37" meanSpeed="7.85" meanSpeedRelative="0.61" duration="0"/>
    <step time="15000.00" loaded="4962" inserted="3367" running="15" waiting="0" ended="4947" arrived="3352" collisions="0" teleports="0" halting="3" stopped="0" meanWaitingTime="0.52" meanTravelTime="63.22" meanSpeed="8.27" meanSpeedRelative="0.70" duration="1"/>
    <step time="15300.00" loaded="5074" inserted="3445" running="26" waiting="0" ended="5048" arrived="3419" collisions="0" teleports="0" halting="6" stopped="0" meanWaitingTime="0.51" meanTravelTime="63.13" meanSpeed="4.90" meanSpeedRelative="0.54" duration="0"/>
    <step time="15600.00" loaded="5182" inserted="3516" running="24" waiting="0" ended="5158" arrived="3492" collisions="0" teleports="0" halting="3" stopped="0" meanWaitingTime="0.51" meanTravelTime="63.05" meanSpeed="6.65" meanSpeedRelative="0.53" duration="0"/>
    <step time="15900.00" loaded="5281" inserted="3576" running="20" waiting="0" ended="5261" arrived="3556" collisions="0" teleports="0" halting="3" stopped="0" meanWaitingTime="0.51" meanTravelTime="63.00" meanSpeed="6.63" meanSpeedRelative="0.60" duration="0"/>
    <step time="16200.00" loaded="5418" inserted="3675" running="33" waiting="4" ended="5381" arrived="3642" collisions="0" teleports="0" halting="7" stopped="0" meanWaitingTime="0.51" meanTravelTime="63.08" meanSpeed="5.29" meanSpeedRelative="0.52" duration="1"/>
    <step time="16500.00" loaded="5519" inserted="3750" running="20" waiting="0" ended="5499" arrived="3730" collisions="0" teleports="0" halting="3" stopped="0" meanWaitingTime="0.52" meanTravelTime="63.45" meanSpeed="7.84" meanSpeedRelative="0.63" duration="0"/>
    <step time="16800.00" loaded="5639" inserted="3838" running="24" waiting="0" ended="5615" arrived="3814" collisions="0" teleports="0" halting="6" stopped="0" meanWaitingTime="0.51" meanTravelTime="63.47" meanSpeed="4.78" meanSpeedRelative="0.43" duration="1"/>
    <step time="17100.00" loaded="5756" inserted="3911" running="21" waiting="0" ended="5735" arrived="3890" collisions="0" teleports="0" halting="0" stopped="0" meanWaitingTime="0.51" meanTravelTime="63.52" meanSpeed="6.46" meanSpeedRelative="0.53" duration="0"/>
    <step time="17400.00" loaded="5862" inserted="3977" running="18" waiting="0" ended="5844" arrived="3959" collisions="0" teleports="0" halting="1" stopped="0" meanWaitingTime="0.50" meanTravelTime="63.45" meanSpeed="4.46" meanSpeedRelative="0.55" duration="0"/>
    <step time="17700.00" loaded="5965" inserted="4048" running="20" waiting="0" ended="5945" arrived="4028" collisions="0" teleports="0" halting="6" stopped="0" meanWaitingTime="0.51" meanTravelTime="63.53" meanSpeed="5.52" meanSpeedRelative="0.43" duration="1"/>
    <step time="18000.00" loaded="6082" inserted="4127" running="23" waiting="0" ended="6059" arrived="4104" collisions="0" teleports="0" halting="6" stopped="0" meanWaitingTime="0.51" meanTravelTime="63.69" meanSpeed="5.72" meanSpeedRelative="0.53" duration="0"/>
    <step time="18300.00" loaded="6188" inserted="4198" running="21" waiting="0" ended="6167" arrived="4177" collisions="0" teleports="0" halting="3" stopped="0" meanWaitingTime="0.50" meanTravelTime="63.67" meanSpeed="6.74" meanSpeedRelative="0.56" duration="0"/>
    <step time="18600.00" loaded="6270" inserted="4248" running="18" waiting="0" ended="6252" arrived="4230" collisions="0" teleports="0" halting="0" stopped="0" meanWaitingTime="0.50" meanTravelTime="63.68" meanSpeed="7.57" meanSpeedRelative="0.71" duration="1"/>
    <step time="18900.00" loaded="6366" inserted="4317" running="14" waiting="0" ended="6352" arrived="4303" collisions="0" teleports="0" halting="4" stopped="0" meanWaitingTime="0.50" meanTravelTime="63.74" meanSpeed="6.34" meanSpeedRelative="0.55" duration="1"/>
    <step time="19200.00" loaded="6479" inserted="4398" running="14" waiting="1" ended="6464" arrived="4384" collisions="0" teleports="0" halting="2" stopped="0" meanWaitingTime="0.49" meanTravelTime="63.70" meanSpeed="9.35" meanSpeedRelative="0.79" duration="1"/>
    <step time="19500.00" loaded="6602" inserted="4486" running="35" waiting="0" ended="6567" arrived="4451" collisions="0" teleports="0" halting="10" stopped="0" meanWaitingTime="0.50" meanTravelTime="63.71" meanSpeed="3.51" meanSpeedRelative="0.39" duration="1"/>
    <step time="19800.00" loaded="6702" inserted="4551" running="18" waiting="0" ended="6684" arrived="4533" collisions="0" teleports="0" halting="0" stopped="0" meanWaitingTime="0.50" meanTravelTime="63.87" meanSpeed="8.57" meanSpeedRelative="0.81" duration="0"/>
    <step time="20100.00" loaded="6791" inserted="4605" running="14" waiting="0" ended="6777" arrived="4591" collisions="0" teleports="0" halting="0" stopped="0" meanWaitingTime="0.50" meanTravelTime="63.72" meanSpeed="9.09" meanSpeedRelative="0.72" duration="0"/>
    <step time="20400.00" loaded="6894" inserted="4666" running="20" waiting="0" ended="6874" arrived="4646" collisions="0" teleports="0" halting="4" stopped="0" meanWaitingTime="0.50" meanTravelTime="63.56" meanSpeed="7.25" meanSpeedRelative="0.61" duration="1"/>
    <step time="20700.00" loaded="7006" inserted="4743" running="24" waiting="0" ended="6982" arrived="4719" collisions="0" teleports="0" halting="3" stopped="0" meanWaitingTime="0.50" meanTravelTime="63.72" meanSpeed="5.88" meanSpeedRelative="0.51" duration="0"/>
    <step time="21000.00" loaded="7104" inserted="4808" running="16" waiting="1" ended="7087" arrived="4792" collisions="0" teleports="0" halting="6" stopped="0" meanWaitingTime="0.49" meanTravelTime="63.82" meanSpeed="4.63" meanSpeedRelative="0.55" duration="1"/>
    <step time="21300.00" loaded="7220" inserted="4889" running="25" waiting="0" ended="7195" arrived="4864" collisions="0" teleports="0" halting="0" stopped="0" meanWaitingTime="0.50" meanTravelTime="63.72" meanSpeed="7.66" meanSpeedRelative="0.66" duration="0"/>
    <step time="21600.00" loaded="7332" inserted="4960" running="18" waiting="0" ended="7314" arrived="4942" collisions="0" teleports="0" halting="2" stopped="0" meanWaitingTime="0.50" meanTravelTime="63.72" meanSpeed="6.52" meanSpeedRelative="0.65" duration="0"/>
    <step time="21900.00" loaded="7429" inserted="5019" running="13" waiting="0" ended="7416" arrived="5006" collisions="0" teleports="0" halting="3" stopped="0" meanWaitingTime="0.49" meanTravelTime="63.60" meanSpeed="7.17" meanSpeedRelative="0.68" duration="0"/>
    <step time="22200.00" loaded="7546" inserted="5097" running="26" waiting="0" ended="7520" arrived="5071" collisions="0" teleports="0" halting="2" stopped="0" meanWaitingTime="0.49" meanTravelTime="63.44" meanSpeed="6.04" meanSpeedRelative="0.68" duration="0"/>
    <step time="22500.00" loaded="7662" inserted="5179" running="25" waiting="0" ended="7637" arrived="5154" collisions="0" teleports="0" halting="3" stopped="0" meanWaitingTime="0.49" meanTravelTime="63.53" meanSpeed="8.56" meanSpeedRelative="0.64" duration="1"/>
    <step time="22800.00" loaded="7790" inserted="5265" running="20" waiting="0" ended="7770" arrived="5245" collisions="0" teleports="0" halting="5" stopped="0" meanWaitingTime="0.48" meanTravelTime="63.58" meanSpeed="7.10" meanSpeedRelative="0.58" duration="1"/>
    <step time="23100.00" loaded="7904" inserted="5343" running="23" waiting="0" ended="7881" arrived="5320" collisions="0" teleports="0" halting="3" stopped="0" meanWaitingTime="0.48" meanTravelTime="63.48" meanSpeed="7.23" meanSpeedRelative="0.63" duration="1"/>
    <step time="23400.00" loaded="8013" inserted="5418" running="25" waiting="0" ended="7988" arrived="5393" collisions="0" teleports="0" halting="11" stopped="0" meanWaitingTime="0.48" meanTravelTime="63.47" meanSpeed="4.29" meanSpeedRelative="0.43" duration="1"/>
    <step time="23700.00" loaded="8121" inserted="5487" running="28" waiting="0" ended="8093" arrived="5459" collisions="0" teleports="0" halting="4" stopped="0" meanWaitingTime="0.47" meanTravelTime="63.46" meanSpeed="5.65" meanSpeedRelative="0.46" duration="1"/>
    <step time="24000.00" loaded="8229" inserted="5558" running="31" waiting="1" ended="8197" arrived="5527" collisions="0" teleports="0" halting="7" stopped="0" meanWaitingTime="0.47" meanTravelTime="63.49" meanSpeed="5.93" meanSpeedRelative="0.56" duration="0"/>
    <step time="24300.00" loaded="8327" inserted="5629" running="17" waiting="0" ended="8310" arrived="5612" collisions="0" teleports="0" halting="3" stopped="0" meanWaitingTime="0.47" meanTravelTime="63.73" meanSpeed="8.44" meanSpeedRelative="0.64" duration="0"/>
    <step time="24600.00" loaded="8427" inserted="5700" running="21" waiting="0" ended="8406" arrived="5679" collisions="0" teleports="0" halting="0" stopped="0" meanWaitingTime="0.47" meanTravelTime="63.71" meanSpeed="9.25" meanSpeedRelative="0.80" duration="0"/>
    <step time="24900.00" loaded="8552" inserted="5786" running="36" waiting="0" ended="8516" arrived="5750" collisions="0" teleports="0" halting="1" stopped="0" meanWaitingTime="0.50" meanTravelTime="63.63" meanSpeed="7.71" meanSpeedRelative="0.60" duration="0"/>
    <step time="25200.00" loaded="8676" inserted="5875" running="32" waiting="0" ended="8644" arrived="5843" collisions="0" teleports="0" halting="3" stopped="0" meanWaitingTime="0.49" meanTravelTime="63.92" meanSpeed="7.57" meanSpeedRelative="0.71" duration="0"/>
    <step time="25500.00" loaded="8805" inserted="5953" running="21" waiting="0" ended="8784" arrived="5932" collisions="0" teleports="0" halting="3" stopped="0" meanWaitingTime="0.49" meanTravelTime="63.81" meanSpeed="7.80" meanSpeedRelative="0.61" duration="0"/>
    <step time="25800.00" loaded="8903" inserted="6021" running="19" waiting="0" ended="8884" arrived="6002" collisions="0" teleports="0" halting="3" stopped="0" meanWaitingTime="0.49" meanTravelTime="63.76" meanSpeed="5.24" meanSpeedRelative="0.53" duration="1"/>
    <step time="26100.00" loaded="9016" inserted="6100" running="19" waiting="0" ended="8997" arrived="6081" collisions="0" teleports="0" halting="3" stopped="0" meanWaitingTime="0.50" meanTravelTime="63.83" meanSpeed="6.09" meanSpeedRelative="0.65" duration="0"/>
    <step time="26400.00" loaded="9119" inserted="6168" running="16" waiting="0" ended="9103" arrived="6152" collisions="0" teleports="0" halting="2" stopped="0" meanWaitingTime="0.50" meanTravelTime="63.84" meanSpeed="5.91" meanSpeedRelative="0.59" duration="0"/>
    <step time="26700.00" loaded="9234" inserted="6247" running="22" waiting="0" ended="9212" arrived="6225" collisions="0" teleports="0" halting="2" stopped="0" meanWaitingTime="0.50" meanTravelTime="63.87" meanSpeed="6.02" meanSpeedRelative="0.58" duration="0"/>
    <step time="27000.00" loaded="9342" inserted="6321" running="20" waiting="0" ended="9322" arrived="6301" collisions="0" teleports="0" halting="2" stopped="0" meanWaitingTime="0.50" meanTravelTime="63.85" meanSpeed="6.66" meanSpeedRelative="0.67" duration="1"/>
    <step time="27300.00" loaded="9452" inserted="6396" running="20" waiting="0" ended="9432" arrived="6376" collisions="0" teleports="0" halting="2" stopped="0" meanWaitingTime="0.49" meanTravelTime="63.78" meanSpeed="7.51" meanSpeedRelative="0.61" duration="1"/>
    <step time="27600.00" loaded="9580" inserted="6478" running="24" waiting="2" ended="9554" arrived="6454" collisions="0" teleports="0" halting="2" stopped="0" meanWaitingTime="0.49" meanTravelTime="63.67" meanSpeed="8.03" meanSpeedRelative="0.61" duration="0"/>
    <step time="27900.00" loaded="9697" inserted="6549" running="21" waiting="0" ended="9676" arrived="6528" collisions="0" teleports="0" halting="1" stopped="0" meanWaitingTime="0.49" meanTravelTime="63.62" meanSpeed="7.57" meanSpeedRelative="0.61" duration="0"/>
    <step time="28200.00" loaded="9806" inserted="6613" running="20" waiting="0" ended="9786" arrived="6593" collisions="0" teleports="0" halting="2" stopped="0" meanWaitingTime="0.49" meanTravelTime="63.49" meanSpeed="8.52" meanSpeedRelative="0.66" duration="0"/>
    <step time="28500.00" loaded="9909" inserted="6683" running="23" waiting="0" ended="9886" arrived="6660" collisions="0" teleports="0" halting="9" stopped="0" meanWaitingTime="0.49" meanTravelTime="63.41" meanSpeed="4.51" meanSpeedRelative="0.47" duration="0"/>
    <step time="28800.00" loaded="10025" inserted="6764" running="24" waiting="0" ended="10001" arrived="6740" collisions="0" teleports="0" halting="1" stopped="0" meanWaitingTime="0.50" meanTravelTime="63.46" meanSpeed="6.35" meanSpeedRelative="0.55" duration="0"/>
    <step time="29100.00" loaded="10159" inserted="6857" running="34" waiting="1" ended="10124" arrived="6823" collisions="0" teleports="0" halting="5" stopped="0" meanWaitingTime="0.49" meanTravelTime="63.43" meanSpeed="4.65" meanSpeedRelative="0.35" duration="1"/>
    <step time="29400.00" loaded="10294" inserted="6947" running="26" waiting="0" ended="10268" arrived="6921" collisions="0" teleports="0" halting="3" stopped="0" meanWaitingTime="0.50" meanTravelTime="63.64" meanSpeed="6.06" meanSpeedRelative="0.60" duration="1"/>
    <step time="29700.00" loaded="10409" inserted="7018" running="17" waiting="0" ended="10392" arrived="7001" collisions="0" teleports="0" halting="2" stopped="0" meanWaitingTime="0.50" meanTravelTime="63.63" meanSpeed="7.64" meanSpeedRelative="0.55" duration="0"/>
    <step time="30000.00" loaded="10519" inserted="7092" running="20" waiting="0" ended="10499" arrived="7072" collisions="0" teleports="0" halting="4" stopped="0" meanWaitingTime="0.50" meanTravelTime="63.60" meanSpeed="5.65" meanSpeedRelative="0.58" duration="0"/>
    <step time="30300.00" loaded="10604" inserted="7147" running="16" waiting="0" ended="10588" arrived="7131" collisions="0" teleports="0" halting="1" stopped="0" meanWaitingTime="0.50" meanTravelTime="63.58" meanSpeed="7.06" meanSpeedRelative="0.63" duration="1"/>
    <step time="30600.00" loaded="10711" inserted="7218" running="17" waiting="0" ended="10694" arrived="7201" collisions="0" teleports="0" halting="2" stopped="0" meanWaitingTime="0.49" meanTravelTime="63.61" meanSpeed="7.64" meanSpeedRelative="0.73" duration="1"/>
    <step time="30900.00" loaded="10812" inserted="7289" running="24" waiting="0" ended="10788" arrived="7265" collisions="0" teleports="0" halting="5" stopped="0" meanWaitingTime="0.49" meanTravelTime="63.60" meanSpeed="6.33" meanSpeedRelative="0.48" duration="1"/>
    <step time="31200.00" loaded="10917" inserted="7364" running="21" waiting="1" ended="10895" arrived="7343" collisions="0" teleports="0" halting="1" stopped="0" meanWaitingTime="0.49" meanTravelTime="63.71" meanSpeed="8.37" meanSpeedRelative="0.85" duration="1"/>
    <step time="31500.00" loaded="11017" inserted="7432" running="21" waiting="0" ended="10996" arrived="7411" collisions="0" teleports="0" halting="2" stopped="0" meanWaitingTime="0.49" meanTravelTime="63.66" meanSpeed="7.38" meanSpeedRelative="0.69" duration="1"/>
    <step time="31800.00" loaded="11123" inserted="7505" running="18" waiting="0" ended="11105" arrived="7487" collisions="0" teleports="0" halting="3" stopped="0" meanWaitingTime="0.49" meanTravelTime="63.68" meanSpeed="7.40" meanSpeedRelative="0.65" duration="1"/>
    <step time="32100.00" loaded="11224" inserted="7574" running="21" waiting="0" ended="11203" arrived="7553" collisions="0" teleports="0" halting="6" stopped="0" meanWaitingTime="0.49" meanTravelTime="63.67" meanSpeed="5.21" meanSpeedRelative="0.57" duration="1"/>
    <step time="32400.00" loaded="11333" inserted="7651" running="26" waiting="0" ended="11307" arrived="7625" collisions="0" teleports="0" halting="5" stopped="0" meanWaitingTime="0.49" meanTravelTime="63.72" meanSpeed="5.98" meanSpeedRelative="0.53" duration="1"/>
    <step time="32700.00" loaded="11438" inserted="7722" running="27" waiting="0" ended="11411" arrived="7695" collisions="0" teleports="0" halting="5" stopped="0" meanWaitingTime="0.49" meanTravelTime="63.80" meanSpeed="4.77" meanSpeedRelative="0.54" duration="1"/>
    <step time="33000.00" loaded="11522" inserted="7777" running="22" waiting="0" ended="11500" arrived="7755" collisions="0" teleports="0" halting="1" stopped="0" meanWaitingTime="0.48" meanTravelTime="63.80" meanSpeed="4.83" meanSpeedRelative="0.41" duration="1"/>
    <step time="33300.00" loaded="11631" inserted="7855" running="26" waiting="0" ended="11605" arrived="7829" collisions="0" teleports="0" halting="5" stopped="0" meanWaitingTime="0.48" meanTravelTime="63.97" meanSpeed="6.30" meanSpeedRelative="0.53" duration="0"/>
    <step time="33600.00" loaded="11727" inserted="7919" running="17" waiting="0" ended="11710" arrived="7902" collisions="0" teleports="0" halting="1" stopped="0" meanWaitingTime="0.48" meanTravelTime="64.00" meanSpeed="7.29" meanSpeedRelative="0.66" duration="0"/>
    <step time="33900.00" loaded="11806" inserted="7971" running="15" waiting="0" ended="11791" arrived="7956" collisions="0" teleports="0" halting="1" stopped="0" meanWaitingTime="0.48" meanTravelTime="63.99" meanSpeed="7.03" meanSpeedRelative="0.68" duration="1"/>
    <step time="34200.00" loaded="11902" inserted="8040" running="20" waiting="0" ended="11882" arrived="8020" collisions="0" teleports="0" halting="1" stopped="0" meanWaitingTime="0.48" meanTravelTime="63.97" meanSpeed="6.27" meanSpeedRelative="0.70" duration="1"/>
    <step time="34500.00" loaded="12005" inserted="8109" running="19" waiting="0" ended="11986" arrived="8090" collisions="0" teleports="0" halting="2" stopped="0" meanWaitingTime="0.48" meanTravelTime="63.90" meanSpeed="6.03" meanSpeedRelative="0.64" duration="1"/>
    <step time="34800.00" loaded="12097" inserted="8166" running="16" waiting="0" ended="12081" arrived="8150" collisions="0" teleports="0" halting="5" stopped="0" meanWaitingTime="0.48" meanTravelTime="63.91" meanSpeed="4.73" meanSpeedRelative="0.52" duration="1"/>
    <step time="35100.00" loaded="12192" inserted="8223" running="20" waiting="0" ended="12172" arrived="8203" collisions="0" teleports="0" halting="0" stopped="0" meanWaitingTime="0.48" meanTravelTime="63.82" meanSpeed="6.86" meanSpeedRelative="0.68" duration="1"/>
    <step time="35400.00" loaded="12272" inserted="8280" running="13" waiting="0" ended="12259" arrived="8267" collisions="0" teleports="0" halting="0" stopped="0" meanWaitingTime="0.48" meanTravelTime="63.84" meanSpeed="7.55" meanSpeedRelative="0.90" duration="0"/>
    <step time="35700.00" loaded="12332" inserted="8322" running="13" waiting="0" ended="12319" arrived="8309" collisions="0" teleports="0" halting="2" stopped="0" meanWaitingTime="0.47" meanTravelTime="63.89" meanSpeed="6.10" meanSpeedRelative="0.54" duration="1"/>
    <step time="36000.00" loaded="12427" inserted="8389" running="27" waiting="0" ended="12400" arrived="8362" collisions="0" teleports="0" halting="5" stopped="0" meanWaitingTime="0.47" meanTravelTime="63.91" meanSpeed="6.96" meanSpeedRelative="0.64" duration="1"/>
    <step time="36300.00" loaded="12516" inserted="8441" running="10" waiting="0" ended="12506" arrived="8431" collisions="0" teleports="0" halting="0" stopped="0" meanWaitingTime="0.47" meanTravelTime="63.90" meanSpeed="8.99" meanSpeedRelative="0.65" duration="0"/>
    <step time="36600.00" loaded="12599" inserted="8504" running="18" waiting="0" ended="12581" arrived="8486" collisions="0" teleports="0" halting="2" stopped="0" meanWaitingTime="0.47" meanTravelTime="63.84" meanSpeed="5.11" meanSpeedRelative="0.59" duration="1"/>
    <step time="36900.00" loaded="12687" inserted="8553" running="16" waiting="0" ended="12671" arrived="8537" collisions="0" teleports="0" halting="1" stopped="0" meanWaitingTime="0.47" meanTravelTime="63.84" meanSpeed="7.16" meanSpeedRelative="0.61" duration="0"/>
    <step time="37200.00" loaded="12771" inserted="8609" running="13" waiting="0" ended="12758" arrived="8596" collisions="0" teleports="0" halting="6" stopped="0" meanWaitingTime="0.47" meanTravelTime="63.86" meanSpeed="4.35" meanSpeedRelative="0.38" duration="1"/>
    <step time="37500.00" loaded="12836" inserted="8649" running="12" waiting="0" ended="12824" arrived="8637" collisions="0" teleports="0" halting="1" stopped="0" meanWaitingTime="0.47" meanTravelTime="63.82" meanSpeed="6.91" meanSpeedRelative="0.59" duration="1"/>
    <step time="37800.00" loaded="12907" inserted="8698" running="15" waiting="0" ended="12892" arrived="8683" collisions="0" teleports="0" halting="1" stopped="0" meanWaitingTime="0.47" meanTravelTime="63.84" meanSpeed="8.73" meanSpeedRelative="0.79" duration="0"/>
    <step time="38100.00" loaded="12977" inserted="8751" running="17" waiting="0" ended="12960" arrived="8734" collisions="0" teleports="0" halting="1" stopped="0" meanWaitingTime="0.46" meanTravelTime="63.88" meanSpeed="7.12" meanSpeedRelative="0.58" duration="0"/>
    <step time="38400.00" loaded="13054" inserted="8798" running="17" waiting="0" ended="13037" arrived="8781" collisions="0" teleports="0" halting="2" stopped="0" meanWaitingTime="0.46" meanTravelTime="63.93" meanSpeed="7.83" meanSpeedRelative="0.64" duration="0"/>
    <step time="38700.00" loaded="13114" inserted="8840" running="10" waiting="0" ended="13104" arrived="8830" collisions="0" teleports="0" halting="2" stopped="0" meanWaitingTime="0.46" meanTravelTime="63.95" meanSpeed="5.04" meanSpeedRelative="0.70" duration="1"/>
    <step time="39000.00" loaded="13190" inserted="8892" running="17" waiting="0" ended="13173" arrived="8875" collisions="0" teleports="0" halting="1" stopped="0" meanWaitingTime="0.46" meanTravelTime="63.96" meanSpeed="8.83" meanSpeedRelative="0.78" duration="1"/>
    <step time="39300.00" loaded="13262" inserted="8945" running="13" waiting="0" ended="13249" arrived="8932" collisions="0" teleports="0" halting="0" stopped="0" meanWaitingTime="0.46" meanTravelTime="63.98" meanSpeed="6.86" meanSpeedRelative="0.54" duration="0"/>
    <step time="39600.00" loaded="13328" inserted="8988" running="13" waiting="0" ended="13315" arrived="8975" collisions="0" teleports="0" halting="0" stopped="0" meanWaitingTime="0.46" meanTravelTime="64.01" meanSpeed="8.20" meanSpeedRelative="0.75" duration="0"/>
    <step time="39900.00" loaded="13391" inserted="9024" running="10" waiting="0" ended="13381" arrived="9014" collisions="0" teleports="0" halting="3" stopped="0" meanWaitingTime="0.46" meanTravelTime="63.96" meanSpeed="6.30" meanSpeedRelative="0.54" duration="0"/>
    <step time="40200.00" loaded="13455" inserted="9067" running="14" waiting="0" ended="13441" arrived="9053" collisions="0" teleports="0" halting="4" stopped="0" meanWaitingTime="0.46" meanTravelTime="63.95" meanSpeed="5.39" meanSpeedRelative="0.53" duration="1"/>
    <step time="40500.00" loaded="13523" inserted="9112" running="10" waiting="0" ended="13513" arrived="9102" collisions="0" teleports="0" halting="0" stopped="0" meanWaitingTime="0.46" meanTravelTime="64.05" meanSpeed="6.32" meanSpeedRelative="0.79" duration="0"/>
    <step time="40800.00" loaded="13585" inserted="9153" running="18" waiting="0" ended="13567" arrived="9135" collisions="0" teleports="0" halting="2" stopped="0" meanWaitingTime="0.46" meanTravelTime="64.05" meanSpeed="6.73" meanSpeedRelative="0.68" duration="1"/>
    <step time="41100.00" loaded="13656" inserted="9203" running="15" waiting="0" ended="13641" arrived="9188" collisions="0" teleports="0" halting="2" stopped="0" meanWaitingTime="0.46" meanTravelTime="64.17" meanSpeed="7.28" meanSpeedRelative="0.76" duration="1"/>
    <step time="41400.00" loaded="13731" inserted="9242" running="13" waiting="0" ended="13718" arrived="9229" collisions="0" teleports="0" halting="0" stopped="0" meanWaitingTime="0.46" meanTravelTime="64.08" meanSpeed="7.39" meanSpeedRelative="0.53" duration="0"/>
    <step time="41700.00" loaded="13780" inserted="9282" running="13" waiting="0" ended="13767" arrived="9269" collisions="0" teleports="0" halting="0" stopped="0" meanWaitingTime="0.45" meanTravelTime="64.20" meanSpeed="8.24" meanSpeedRelative="0.71" duration="1"/>
    <step time="42000.00" loaded="13822" inserted="9311" running="10" waiting="0" ended="13812" arrived="9301" collisions="0" teleports="0" halting="2" stopped="0" meanWaitingTime="0.45" meanTravelTime="64.21" meanSpeed="5.31" meanSpeedRelative="0.50" duration="1"/>
    <step time="42300.00" loaded="13885" inserted="9347" running="11" waiting="0" ended="13874" arrived="9336" collisions="0" teleports="0" halting="2" stopped="0" meanWaitingTime="0.45" meanTravelTime="64.18" meanSpeed="6.43" meanSpeedRelative="0.46" duration="0"/>
    <step time="42600.00" loaded="13959" inserted="9398" running="20" waiting="0" ended="13939" arrived="9378" collisions="0" teleports="0" halting="4" stopped="0" meanWaitingTime="0.45" meanTravelTime="64.18" meanSpeed="5.81" meanSpeedRelative="0.53" duration="1"/>
    <step time="42900.00" loaded="14048" inserted="9461" running="14" waiting="0" ended="14034" arrived="9447" collisions="0" teleports="0" halting="1" stopped="0" meanWaitingTime="0.45" meanTravelTime="64.24" meanSpeed="7.93" meanSpeedRelative="0.77" duration="0"/>
    <step time="43200.00" loaded="14113" inserted="9507" running="21" waiting="0" ended="14092" arrived="9486" collisions="0" teleports="0" halting="5" stopped="0" meanWaitingTime="0.45" meanTravelTime="64.23" meanSpeed="5.25" meanSpeedRelative="0.49" duration="1"/>
    <step time="43500.00" loaded="14175" inserted="9549" running="32" waiting="0" ended="14143" arrived="9517" collisions="0" teleports="0" halting="1" stopped="0" meanWaitingTime="0.45" meanTravelTime="64.31" meanSpeed="5.14" meanSpeedRelative="0.40" duration="0"/>
    <step time="43800.00" loaded="14245" inserted="9604" running="20" waiting="0" ended="14225" arrived="9584" collisions="0" teleports="0" halting="2" stopped="0" meanWaitingTime="0.45" meanTravelTime="64.76" meanSpeed="7.45" meanSpeedRelative="0.69" duration="0"/>
    <step time="44100.00" loaded="14338" inserted="9668" running="20" waiting="0" ended="14318" arrived="9648" collisions="0" teleports="0" halting="9" stopped="0" meanWaitingTime="0.45" meanTravelTime="64.87" meanSpeed="2.28" meanSpeedRelative="0.39" duration="0"/>
    <step time="44400.00" loaded="14399" inserted="9713" running="15" waiting="0" ended="14384" arrived="9698" collisions="0" teleports="0" halting="0" stopped="0" meanWaitingTime="0.46" meanTravelTime="64.99" meanSpeed="5.98" meanSpeedRelative="0.58" duration="1"/>
    <step time="44700.00" loaded="14483" inserted="9768" running="20" waiting="0" ended="14463" arrived="9748" collisions="0" teleports="0" halting="5" stopped="0" meanWaitingTime="0.45" meanTravelTime="65.01" meanSpeed="5.00" meanSpeedRelative="0.61" duration="1"/>
    <step time="45000.00" loaded="14556" inserted="9815" running="9" waiting="0" ended="14547" arrived="9806" collisions="0" teleports="0" halting="0" stopped="0" meanWaitingTime="0.45" meanTravelTime="65.08" meanSpeed="5.14" meanSpeedRelative="0.51" duration="1"/>
    <step time="45300.00" loaded="14613" inserted="9853" running="22" waiting="0" ended="14591" arrived="9831" collisions="0" teleports="0" halting="2" stopped="0" meanWaitingTime="0.46" meanTravelTime="65.08" meanSpeed="5.84" meanSpeedRelative="0.42" duration="1"/>
    <step time="45600.00" loaded="14664" inserted="9888" running="15" waiting="0" ended="14649" arrived="9873" collisions="0" teleports="0" halting="1" stopped="0" meanWaitingTime="0.46" meanTravelTime="65.23" meanSpeed="3.95" meanSpeedRelative="0.38" duration="0"/>
    <step time="45900.00" loaded="14716" inserted="9924" running="12" waiting="0" ended="14704" arrived="9912" collisions="0" teleports="0" halting="2" stopped="0" meanWaitingTime="0.46" meanTravelTime="65.33" meanSpeed="8.80" meanSpeedRelative="0.69" duration="0"/>
    <step time="46200.00" loaded="14744" inserted="9945" running="6" waiting="0" ended="14738" arrived="9939" collisions="0" teleports="0" halting="1" stopped="0" meanWaitingTime="0.46" meanTravelTime="65.37" meanSpeed="5.03" meanSpeedRelative="0.63" duration="0"/>
    <step time="46500.00" loaded="14786" inserted="9972" running="10" waiting="0" ended="14776" arrived="9962" collisions="0" teleports="0" halting="0" stopped="0" meanWaitingTime="0.46" meanTravelTime="65.34" meanSpeed="7.72" meanSpeedRelative="0.68" duration="0"/>
    <step time="46800.00" loaded="14798" inserted="9983" running="1" waiting="0" ended="14797" arrived="9982" collisions="0" teleports="0" halting="0" stopped="0" meanWaitingTime="0.46" meanTravelTime="65.38" meanSpeed="7.29" meanSpeedRelative="0.53" duration="0"/>
    <step time="47100.00" loaded="14800" inserted="9985" running="2" waiting="0" ended="14798" arrived="9983" collisions="0" teleports="0" halting="0" stopped="0" meanWaitingTime="0.46" meanTravelTime="65.39" meanSpeed="8.38" meanSpeedRelative="0.60" duration="0"/>
    <step time="47400.00" loaded="14801" inserted="9986" running="0" waiting="0" ended="14801" arrived="9986" collisions="0" teleports="0" halting="0" stopped="0" meanWaitingTime="0.46" meanTravelTime="65.39" meanSpeed="-1.00" meanSpeedRelative="-1.00" duration="0"/>
    <step time="47700.00" loaded="14804" inserted="9987" running="0" waiting="0" ended="14804" arrived="9987" collisions="0" teleports="0" halting="0" stopped="0" meanWaitingTime="0.46" meanTravelTime="65.38" meanSpeed="-1.00" meanSpeedRelative="-1.00" duration="0"/>
    <step time="48000.00" loaded="14804" inserted="9987" running="0" waiting="0" ended="14804" arrived="9987" collisions="0" teleports="0" halting="0" stopped="0" meanWaitingTime="0.46" meanTravelTime="65.38" meanSpeed="-1.00" meanSpeedRelative="-1.00" duration="0"/>
    <step time="48300.00" loaded="14805" inserted="9988" running="0" waiting="0" ended="14805" arrived="9988" collisions="0" teleports="0" halting="0" stopped="0" meanWaitingTime="0.46" meanTravelTime="65.38" meanSpeed="-1.00" meanSpeedRelative="-1.00" duration="0"/>
    <step time="48600.00" loaded="14809" inserted="9991" running="0" waiting="0" ended="14809" arrived="9991" collisions="0" teleports="0" halting="0" stopped="0" meanWaitingTime="0.46" meanTravelTime="65.37" meanSpeed="-1.00" meanSpeedRelative="-1.00" duration="0"/>
    <step time="48900.00" loaded="14809" inserted="9991" running="0" waiting="0" ended="14809" arrived="9991" collisions="0" teleports="0" halting="0" stopped="0" meanWaitingTime="0.46" meanTravelTime="65.37" meanSpeed="-1.00" meanSpeedRelative="-1.00" duration="0"/>
    <step time="49200.00" loaded="14810" inserted="9991" running="0" waiting="0" ended="14810" arrived="9991" collisions="0" teleports="0" halting="0" stopped="0" meanWaitingTime="0.46" meanTravelTime="65.37" meanSpeed="-1.00" meanSpeedRelative="-1.00" duration="0"/>
</summary>
