<?xml version="1.0" encoding="UTF-8"?>

<!-- generated on 2025-02-24 16:28:07 by Eclipse SUMO GUI Version 1.19.0
<configuration xmlns:xsi="http://www.w3.org/2001/XMLSchema-instance" xsi:noNamespaceSchemaLocation="http://sumo.dlr.de/xsd/sumoConfiguration.xsd">

    <input>
        <net-file value="Network.net.xml"/>
        <route-files value="CarRoutes.rou.xml,BusRoutes.rou.xml"/>
        <additional-files value="BusStops.add.xml,Sensors.add.xml"/>
    </input>

    <output>
        <emission-output value="logs/Emissions.xml"/>
        <tripinfo-output value="logs/TripInfos.xml"/>
    </output>

    <time>
        <begin value="0"/>
        <end value="86400"/>
        <step-length value="0.25"/>
    </time>

    <processing>
        <ignore-junction-blocker value="0.1"/>
        <time-to-teleport value="-1"/>
    </processing>

    <emissions>
        <device.emissions.period value="10"/>
    </emissions>

    <traci_server>
        <remote-port value="60621"/>
    </traci_server>

    <gui_only>
        <quit-on-end value="true"/>
        <start value="true"/>
    </gui_only>

</configuration>
-->

<instantE1 xmlns:xsi="http://www.w3.org/2001/XMLSchema-instance" xsi:noNamespaceSchemaLocation="http://sumo.dlr.de/xsd/instant_e1_file.xsd">
    <instantOut id="235_D025" time="490.78" state="enter" vehID="Car_298" speed="5.25" length="5.00" type="DEFAULT_CAR"/>
    <instantOut id="235_D025" time="491.00" state="stay" vehID="Car_298" speed="5.25" length="5.00" type="DEFAULT_CAR"/>
    <instantOut id="235_D025" time="491.25" state="stay" vehID="Car_298" speed="5.20" length="5.00" type="DEFAULT_CAR"/>
    <instantOut id="235_D025" time="491.50" state="stay" vehID="Car_298" speed="4.93" length="5.00" type="DEFAULT_CAR"/>
    <instantOut id="235_D025" time="491.75" state="stay" vehID="Car_298" speed="4.25" length="5.00" type="DEFAULT_CAR"/>
    <instantOut id="235_D025" time="491.82" state="leave" vehID="Car_298" speed="3.51" length="5.00" type="DEFAULT_CAR" occupancy="1.04"/>
    <instantOut id="235_D025" time="3919.28" state="enter" vehID="Car_2436" speed="7.33" length="5.00" type="DEFAULT_CAR" gap="3427.46"/>
    <instantOut id="235_D025" time="3919.50" state="stay" vehID="Car_2436" speed="7.33" length="5.00" type="DEFAULT_CAR"/>
    <instantOut id="235_D025" time="3919.75" state="stay" vehID="Car_2436" speed="6.58" length="5.00" type="DEFAULT_CAR"/>
    <instantOut id="235_D025" time="3920.00" state="stay" vehID="Car_2436" speed="5.83" length="5.00" type="DEFAULT_CAR"/>
    <instantOut id="235_D025" time="3920.06" state="leave" vehID="Car_2436" speed="5.08" length="5.00" type="DEFAULT_CAR" occupancy="0.78"/>
    <instantOut id="235_D025" time="4067.50" state="enter" vehID="Car_2171" speed="8.48" length="5.00" type="DEFAULT_CAR" gap="147.44"/>
    <instantOut id="235_D025" time="4067.75" state="stay" vehID="Car_2171" speed="8.48" length="5.00" type="DEFAULT_CAR"/>
    <instantOut id="235_D025" time="4068.00" state="stay" vehID="Car_2171" speed="7.73" length="5.00" type="DEFAULT_CAR"/>
    <instantOut id="235_D025" time="4068.14" state="leave" vehID="Car_2171" speed="6.98" length="5.00" type="DEFAULT_CAR" occupancy="0.64"/>
    <instantOut id="235_D025" time="5676.75" state="enter" vehID="Car_3202" speed="8.14" length="5.00" type="DEFAULT_CAR" gap="1608.61"/>
    <instantOut id="235_D025" time="5676.75" state="stay" vehID="Car_3202" speed="8.14" length="5.00" type="DEFAULT_CAR"/>
    <instantOut id="235_D025" time="5677.00" state="stay" vehID="Car_3202" speed="7.55" length="5.00" type="DEFAULT_CAR"/>
    <instantOut id="235_D025" time="5677.25" state="stay" vehID="Car_3202" speed="6.80" length="5.00" type="DEFAULT_CAR"/>
    <instantOut id="235_D025" time="5677.48" state="leave" vehID="Car_3202" speed="6.05" length="5.00" type="DEFAULT_CAR" occupancy="0.73"/>
    <instantOut id="235_D025" time="6171.19" state="enter" vehID="Car_3013" speed="10.02" length="5.00" type="DEFAULT_CAR" gap="493.71"/>
    <instantOut id="235_D025" time="6171.25" state="stay" vehID="Car_3013" speed="10.02" length="5.00" type="DEFAULT_CAR"/>
    <instantOut id="235_D025" time="6171.50" state="stay" vehID="Car_3013" speed="9.60" length="5.00" type="DEFAULT_CAR"/>
    <instantOut id="235_D025" time="6171.72" state="leave" vehID="Car_3013" speed="8.99" length="5.00" type="DEFAULT_CAR" occupancy="0.53"/>
    <instantOut id="235_D025" time="6530.24" state="enter" vehID="Car_3927" speed="8.97" length="5.00" type="DEFAULT_CAR" gap="358.52"/>
    <instantOut id="235_D025" time="6530.25" state="stay" vehID="Car_3927" speed="8.97" length="5.00" type="DEFAULT_CAR"/>
    <instantOut id="235_D025" time="6530.50" state="stay" vehID="Car_3927" speed="8.22" length="5.00" type="DEFAULT_CAR"/>
    <instantOut id="235_D025" time="6530.75" state="stay" vehID="Car_3927" speed="7.50" length="5.00" type="DEFAULT_CAR"/>
    <instantOut id="235_D025" time="6530.90" state="leave" vehID="Car_3927" speed="6.88" length="5.00" type="DEFAULT_CAR" occupancy="0.65"/>
    <instantOut id="235_D025" time="6838.31" state="enter" vehID="Car_3733" speed="6.87" length="5.00" type="DEFAULT_CAR" gap="307.41"/>
    <instantOut id="235_D025" time="6838.50" state="stay" vehID="Car_3733" speed="6.87" length="5.00" type="DEFAULT_CAR"/>
    <instantOut id="235_D025" time="6838.75" state="stay" vehID="Car_3733" speed="6.43" length="5.00" type="DEFAULT_CAR"/>
    <instantOut id="235_D025" time="6839.00" state="stay" vehID="Car_3733" speed="5.80" length="5.00" type="DEFAULT_CAR"/>
    <instantOut id="235_D025" time="6839.12" state="leave" vehID="Car_3733" speed="5.05" length="5.00" type="DEFAULT_CAR" occupancy="0.81"/>
    <instantOut id="235_D025" time="7896.01" state="enter" vehID="Car_4061" speed="7.34" length="5.00" type="DEFAULT_CAR" gap="1056.88"/>
    <instantOut id="235_D025" time="7896.25" state="stay" vehID="Car_4061" speed="7.34" length="5.00" type="DEFAULT_CAR"/>
    <instantOut id="235_D025" time="7896.50" state="stay" vehID="Car_4061" speed="6.59" length="5.00" type="DEFAULT_CAR"/>
    <instantOut id="235_D025" time="7896.75" state="stay" vehID="Car_4061" speed="5.92" length="5.00" type="DEFAULT_CAR"/>
    <instantOut id="235_D025" time="7896.76" state="leave" vehID="Car_4061" speed="5.17" length="5.00" type="DEFAULT_CAR" occupancy="0.76"/>
    <instantOut id="235_D025" time="8785.46" state="enter" vehID="Car_4905" speed="8.49" length="5.00" type="DEFAULT_CAR" gap="888.69"/>
    <instantOut id="235_D025" time="8785.50" state="stay" vehID="Car_4905" speed="8.49" length="5.00" type="DEFAULT_CAR"/>
    <instantOut id="235_D025" time="8785.75" state="stay" vehID="Car_4905" speed="7.96" length="5.00" type="DEFAULT_CAR"/>
    <instantOut id="235_D025" time="8786.00" state="stay" vehID="Car_4905" speed="7.21" length="5.00" type="DEFAULT_CAR"/>
    <instantOut id="235_D025" time="8786.13" state="leave" vehID="Car_4905" speed="6.46" length="5.00" type="DEFAULT_CAR" occupancy="0.67"/>
    <instantOut id="235_D025" time="13319.94" state="enter" vehID="Car_7142" speed="6.93" length="5.00" type="DEFAULT_CAR" gap="4533.81"/>
    <instantOut id="235_D025" time="13320.00" state="stay" vehID="Car_7142" speed="6.93" length="5.00" type="DEFAULT_CAR"/>
    <instantOut id="235_D025" time="13320.25" state="stay" vehID="Car_7142" speed="7.43" length="5.00" type="DEFAULT_CAR"/>
    <instantOut id="235_D025" time="13320.50" state="stay" vehID="Car_7142" speed="7.16" length="5.00" type="DEFAULT_CAR"/>
    <instantOut id="235_D025" time="13320.65" state="leave" vehID="Car_7142" speed="6.41" length="5.00" type="DEFAULT_CAR" occupancy="0.71"/>
    <instantOut id="235_D025" time="14978.79" state="enter" vehID="Car_8593" speed="7.16" length="5.00" type="DEFAULT_CAR" gap="1658.14"/>
    <instantOut id="235_D025" time="14979.00" state="stay" vehID="Car_8593" speed="7.16" length="5.00" type="DEFAULT_CAR"/>
    <instantOut id="235_D025" time="14979.25" state="stay" vehID="Car_8593" speed="6.41" length="5.00" type="DEFAULT_CAR"/>
    <instantOut id="235_D025" time="14979.50" state="stay" vehID="Car_8593" speed="5.66" length="5.00" type="DEFAULT_CAR"/>
    <instantOut id="235_D025" time="14979.60" state="leave" vehID="Car_8593" speed="4.91" length="5.00" type="DEFAULT_CAR" occupancy="0.81"/>
    <instantOut id="235_D025" time="17504.47" state="enter" vehID="Car_10063" speed="9.53" length="5.00" type="DEFAULT_CAR" gap="2524.86"/>
    <instantOut id="235_D025" time="17504.50" state="stay" vehID="Car_10063" speed="9.53" length="5.00" type="DEFAULT_CAR"/>
    <instantOut id="235_D025" time="17504.75" state="stay" vehID="Car_10063" speed="8.82" length="5.00" type="DEFAULT_CAR"/>
    <instantOut id="235_D025" time="17505.00" state="stay" vehID="Car_10063" speed="8.07" length="5.00" type="DEFAULT_CAR"/>
    <instantOut id="235_D025" time="17505.06" state="leave" vehID="Car_10063" speed="7.32" length="5.00" type="DEFAULT_CAR" occupancy="0.60"/>
    <instantOut id="235_D025" time="17615.23" state="enter" vehID="Car_10288" speed="9.74" length="5.00" type="DEFAULT_CAR" gap="110.17"/>
    <instantOut id="235_D025" time="17615.25" state="stay" vehID="Car_10288" speed="9.74" length="5.00" type="DEFAULT_CAR"/>
    <instantOut id="235_D025" time="17615.50" state="stay" vehID="Car_10288" speed="10.56" length="5.00" type="DEFAULT_CAR"/>
    <instantOut id="235_D025" time="17615.72" state="leave" vehID="Car_10288" speed="9.81" length="5.00" type="DEFAULT_CAR" occupancy="0.49"/>
    <instantOut id="235_D025" time="18508.01" state="enter" vehID="Car_10383" speed="7.36" length="5.00" type="DEFAULT_CAR" gap="892.28"/>
    <instantOut id="235_D025" time="18508.25" state="stay" vehID="Car_10383" speed="7.36" length="5.00" type="DEFAULT_CAR"/>
    <instantOut id="235_D025" time="18508.50" state="stay" vehID="Car_10383" speed="7.17" length="5.00" type="DEFAULT_CAR"/>
    <instantOut id="235_D025" time="18508.71" state="leave" vehID="Car_10383" speed="6.70" length="5.00" type="DEFAULT_CAR" occupancy="0.70"/>
    <instantOut id="235_D025" time="18855.48" state="enter" vehID="Car_10983" speed="9.64" length="5.00" type="DEFAULT_CAR" gap="346.77"/>
    <instantOut id="235_D025" time="18855.50" state="stay" vehID="Car_10983" speed="9.64" length="5.00" type="DEFAULT_CAR"/>
    <instantOut id="235_D025" time="18855.75" state="stay" vehID="Car_10983" speed="10.26" length="5.00" type="DEFAULT_CAR"/>
    <instantOut id="235_D025" time="18855.97" state="leave" vehID="Car_10983" speed="9.89" length="5.00" type="DEFAULT_CAR" occupancy="0.50"/>
    <instantOut id="235_D025" time="19823.73" state="enter" vehID="Car_11880" speed="9.71" length="5.00" type="DEFAULT_CAR" gap="967.75"/>
    <instantOut id="235_D025" time="19823.75" state="stay" vehID="Car_11880" speed="9.71" length="5.00" type="DEFAULT_CAR"/>
    <instantOut id="235_D025" time="19824.00" state="stay" vehID="Car_11880" speed="9.69" length="5.00" type="DEFAULT_CAR"/>
    <instantOut id="235_D025" time="19824.25" state="stay" vehID="Car_11880" speed="9.10" length="5.00" type="DEFAULT_CAR"/>
    <instantOut id="235_D025" time="19824.26" state="leave" vehID="Car_11880" speed="8.44" length="5.00" type="DEFAULT_CAR" occupancy="0.53"/>
    <instantOut id="235_D025" time="23271.95" state="enter" vehID="Car_13960" speed="10.88" length="5.00" type="DEFAULT_CAR" gap="3447.69"/>
    <instantOut id="235_D025" time="23272.00" state="stay" vehID="Car_13960" speed="10.88" length="5.00" type="DEFAULT_CAR"/>
    <instantOut id="235_D025" time="23272.25" state="stay" vehID="Car_13960" speed="10.13" length="5.00" type="DEFAULT_CAR"/>
    <instantOut id="235_D025" time="23272.45" state="leave" vehID="Car_13960" speed="9.38" length="5.00" type="DEFAULT_CAR" occupancy="0.50"/>
    <instantOut id="235_D025" time="24110.71" state="enter" vehID="Car_14208" speed="9.60" length="5.00" type="DEFAULT_CAR" gap="838.25"/>
    <instantOut id="235_D025" time="24110.75" state="stay" vehID="Car_14208" speed="9.60" length="5.00" type="DEFAULT_CAR"/>
    <instantOut id="235_D025" time="24111.00" state="stay" vehID="Car_14208" speed="10.08" length="5.00" type="DEFAULT_CAR"/>
    <instantOut id="235_D025" time="24111.22" state="leave" vehID="Car_14208" speed="9.57" length="5.00" type="DEFAULT_CAR" occupancy="0.51"/>
    <instantOut id="235_D025" time="24123.71" state="enter" vehID="Car_14330" speed="8.93" length="5.00" type="DEFAULT_CAR" gap="12.50"/>
    <instantOut id="235_D025" time="24123.75" state="stay" vehID="Car_14330" speed="8.93" length="5.00" type="DEFAULT_CAR"/>
    <instantOut id="235_D025" time="24124.00" state="stay" vehID="Car_14330" speed="8.18" length="5.00" type="DEFAULT_CAR"/>
    <instantOut id="235_D025" time="24124.25" state="stay" vehID="Car_14330" speed="7.43" length="5.00" type="DEFAULT_CAR"/>
    <instantOut id="235_D025" time="24124.37" state="leave" vehID="Car_14330" speed="6.68" length="5.00" type="DEFAULT_CAR" occupancy="0.65"/>
    <instantOut id="235_D025" time="25614.46" state="enter" vehID="Car_16091" speed="9.68" length="5.00" type="DEFAULT_CAR" gap="1490.09"/>
    <instantOut id="235_D025" time="25614.50" state="stay" vehID="Car_16091" speed="9.68" length="5.00" type="DEFAULT_CAR"/>
    <instantOut id="235_D025" time="25614.75" state="stay" vehID="Car_16091" speed="9.32" length="5.00" type="DEFAULT_CAR"/>
    <instantOut id="235_D025" time="25615.00" state="stay" vehID="Car_16091" speed="8.70" length="5.00" type="DEFAULT_CAR"/>
    <instantOut id="235_D025" time="25615.01" state="leave" vehID="Car_16091" speed="7.95" length="5.00" type="DEFAULT_CAR" occupancy="0.55"/>
    <instantOut id="235_D025" time="25620.96" state="enter" vehID="Car_16020" speed="10.08" length="5.00" type="DEFAULT_CAR" gap="5.95"/>
    <instantOut id="235_D025" time="25621.00" state="stay" vehID="Car_16020" speed="10.08" length="5.00" type="DEFAULT_CAR"/>
    <instantOut id="235_D025" time="25621.25" state="stay" vehID="Car_16020" speed="9.36" length="5.00" type="DEFAULT_CAR"/>
    <instantOut id="235_D025" time="25621.50" state="stay" vehID="Car_16020" speed="8.87" length="5.00" type="DEFAULT_CAR"/>
    <instantOut id="235_D025" time="25621.50" state="leave" vehID="Car_16020" speed="8.12" length="5.00" type="DEFAULT_CAR" occupancy="0.54"/>
    <instantOut id="235_D025" time="26089.81" state="enter" vehID="Car_16684" speed="9.98" length="5.00" type="DEFAULT_CAR" gap="468.31"/>
    <instantOut id="235_D025" time="26090.00" state="stay" vehID="Car_16684" speed="9.98" length="5.00" type="DEFAULT_CAR"/>
    <instantOut id="235_D025" time="26090.25" state="stay" vehID="Car_16684" speed="9.23" length="5.00" type="DEFAULT_CAR"/>
    <instantOut id="235_D025" time="26090.35" state="leave" vehID="Car_16684" speed="8.48" length="5.00" type="DEFAULT_CAR" occupancy="0.53"/>
    <instantOut id="235_D025" time="26199.73" state="enter" vehID="Car_16131" speed="8.81" length="5.00" type="DEFAULT_CAR" gap="109.38"/>
    <instantOut id="235_D025" time="26199.75" state="stay" vehID="Car_16131" speed="8.81" length="5.00" type="DEFAULT_CAR"/>
    <instantOut id="235_D025" time="26200.00" state="stay" vehID="Car_16131" speed="8.18" length="5.00" type="DEFAULT_CAR"/>
    <instantOut id="235_D025" time="26200.25" state="stay" vehID="Car_16131" speed="7.43" length="5.00" type="DEFAULT_CAR"/>
    <instantOut id="235_D025" time="26200.39" state="leave" vehID="Car_16131" speed="6.68" length="5.00" type="DEFAULT_CAR" occupancy="0.66"/>
    <instantOut id="235_D025" time="26958.53" state="enter" vehID="Car_17018" speed="7.81" length="5.00" type="DEFAULT_CAR" gap="758.13"/>
    <instantOut id="235_D025" time="26958.75" state="stay" vehID="Car_17018" speed="7.81" length="5.00" type="DEFAULT_CAR"/>
    <instantOut id="235_D025" time="26959.00" state="stay" vehID="Car_17018" speed="7.17" length="5.00" type="DEFAULT_CAR"/>
    <instantOut id="235_D025" time="26959.23" state="leave" vehID="Car_17018" speed="6.42" length="5.00" type="DEFAULT_CAR" occupancy="0.70"/>
    <instantOut id="235_D025" time="27085.56" state="enter" vehID="Car_14138" speed="9.34" length="5.00" type="DEFAULT_CAR" gap="126.33"/>
    <instantOut id="235_D025" time="27085.75" state="stay" vehID="Car_14138" speed="9.34" length="5.00" type="DEFAULT_CAR"/>
    <instantOut id="235_D025" time="27086.00" state="stay" vehID="Car_14138" speed="8.59" length="5.00" type="DEFAULT_CAR"/>
    <instantOut id="235_D025" time="27086.14" state="leave" vehID="Car_14138" speed="7.87" length="5.00" type="DEFAULT_CAR" occupancy="0.58"/>
    <instantOut id="235_D025" time="27829.78" state="enter" vehID="Car_18301" speed="7.95" length="5.00" type="DEFAULT_CAR" gap="743.64"/>
    <instantOut id="235_D025" time="27830.00" state="stay" vehID="Car_18301" speed="7.95" length="5.00" type="DEFAULT_CAR"/>
    <instantOut id="235_D025" time="27830.25" state="stay" vehID="Car_18301" speed="7.20" length="5.00" type="DEFAULT_CAR"/>
    <instantOut id="235_D025" time="27830.47" state="leave" vehID="Car_18301" speed="6.45" length="5.00" type="DEFAULT_CAR" occupancy="0.69"/>
    <instantOut id="235_D025" time="28042.73" state="enter" vehID="Car_17597" speed="8.59" length="5.00" type="DEFAULT_CAR" gap="212.26"/>
    <instantOut id="235_D025" time="28042.75" state="stay" vehID="Car_17597" speed="8.59" length="5.00" type="DEFAULT_CAR"/>
    <instantOut id="235_D025" time="28043.00" state="stay" vehID="Car_17597" speed="8.29" length="5.00" type="DEFAULT_CAR"/>
    <instantOut id="235_D025" time="28043.25" state="stay" vehID="Car_17597" speed="7.54" length="5.00" type="DEFAULT_CAR"/>
    <instantOut id="235_D025" time="28043.38" state="leave" vehID="Car_17597" speed="6.79" length="5.00" type="DEFAULT_CAR" occupancy="0.65"/>
    <instantOut id="235_D025" time="29367.92" state="enter" vehID="Car_18844" speed="10.49" length="5.00" type="DEFAULT_CAR" gap="1324.54"/>
    <instantOut id="235_D025" time="29368.00" state="stay" vehID="Car_18844" speed="10.49" length="5.00" type="DEFAULT_CAR"/>
    <instantOut id="235_D025" time="29368.25" state="stay" vehID="Car_18844" speed="9.74" length="5.00" type="DEFAULT_CAR"/>
    <instantOut id="235_D025" time="29368.44" state="leave" vehID="Car_18844" speed="8.99" length="5.00" type="DEFAULT_CAR" occupancy="0.52"/>
    <instantOut id="235_D025" time="30015.76" state="enter" vehID="Car_19017" speed="8.74" length="5.00" type="DEFAULT_CAR" gap="647.32"/>
    <instantOut id="235_D025" time="30016.00" state="stay" vehID="Car_19017" speed="8.74" length="5.00" type="DEFAULT_CAR"/>
    <instantOut id="235_D025" time="30016.25" state="stay" vehID="Car_19017" speed="8.13" length="5.00" type="DEFAULT_CAR"/>
    <instantOut id="235_D025" time="30016.37" state="leave" vehID="Car_19017" speed="7.38" length="5.00" type="DEFAULT_CAR" occupancy="0.61"/>
    <instantOut id="235_D025" time="30361.06" state="enter" vehID="Car_19693" speed="7.24" length="5.00" type="DEFAULT_CAR" gap="344.70"/>
    <instantOut id="235_D025" time="30361.25" state="stay" vehID="Car_19693" speed="7.24" length="5.00" type="DEFAULT_CAR"/>
    <instantOut id="235_D025" time="30361.50" state="stay" vehID="Car_19693" speed="6.49" length="5.00" type="DEFAULT_CAR"/>
    <instantOut id="235_D025" time="30361.75" state="stay" vehID="Car_19693" speed="5.74" length="5.00" type="DEFAULT_CAR"/>
    <instantOut id="235_D025" time="30361.87" state="leave" vehID="Car_19693" speed="4.99" length="5.00" type="DEFAULT_CAR" occupancy="0.81"/>
    <instantOut id="235_D025" time="31572.74" state="enter" vehID="Car_20373" speed="9.05" length="5.00" type="DEFAULT_CAR" gap="1210.86"/>
    <instantOut id="235_D025" time="31572.75" state="stay" vehID="Car_20373" speed="9.05" length="5.00" type="DEFAULT_CAR"/>
    <instantOut id="235_D025" time="31573.00" state="stay" vehID="Car_20373" speed="8.30" length="5.00" type="DEFAULT_CAR"/>
    <instantOut id="235_D025" time="31573.25" state="stay" vehID="Car_20373" speed="7.55" length="5.00" type="DEFAULT_CAR"/>
    <instantOut id="235_D025" time="31573.38" state="leave" vehID="Car_20373" speed="6.80" length="5.00" type="DEFAULT_CAR" occupancy="0.65"/>
    <instantOut id="235_D025" time="31743.71" state="enter" vehID="Car_20474" speed="9.86" length="5.00" type="DEFAULT_CAR" gap="170.32"/>
    <instantOut id="235_D025" time="31743.75" state="stay" vehID="Car_20474" speed="9.86" length="5.00" type="DEFAULT_CAR"/>
    <instantOut id="235_D025" time="31744.00" state="stay" vehID="Car_20474" speed="9.54" length="5.00" type="DEFAULT_CAR"/>
    <instantOut id="235_D025" time="31744.25" state="leave" vehID="Car_20474" speed="8.90" length="5.00" type="DEFAULT_CAR" occupancy="0.54"/>
    <instantOut id="235_D025" time="31765.43" state="enter" vehID="Car_20608" speed="8.47" length="5.00" type="DEFAULT_CAR" gap="21.18"/>
    <instantOut id="235_D025" time="31765.50" state="stay" vehID="Car_20608" speed="8.47" length="5.00" type="DEFAULT_CAR"/>
    <instantOut id="235_D025" time="31765.75" state="stay" vehID="Car_20608" speed="7.72" length="5.00" type="DEFAULT_CAR"/>
    <instantOut id="235_D025" time="31766.00" state="stay" vehID="Car_20608" speed="6.97" length="5.00" type="DEFAULT_CAR"/>
    <instantOut id="235_D025" time="31766.11" state="leave" vehID="Car_20608" speed="6.22" length="5.00" type="DEFAULT_CAR" occupancy="0.69"/>
    <instantOut id="235_D025" time="32404.92" state="enter" vehID="Car_21496" speed="10.89" length="5.00" type="DEFAULT_CAR" gap="638.81"/>
    <instantOut id="235_D025" time="32405.00" state="stay" vehID="Car_21496" speed="10.89" length="5.00" type="DEFAULT_CAR"/>
    <instantOut id="235_D025" time="32405.25" state="stay" vehID="Car_21496" speed="10.15" length="5.00" type="DEFAULT_CAR"/>
    <instantOut id="235_D025" time="32405.42" state="leave" vehID="Car_21496" speed="9.40" length="5.00" type="DEFAULT_CAR" occupancy="0.50"/>
    <instantOut id="235_D025" time="32702.98" state="enter" vehID="Car_21158" speed="9.22" length="5.00" type="DEFAULT_CAR" gap="297.56"/>
    <instantOut id="235_D025" time="32703.00" state="stay" vehID="Car_21158" speed="9.22" length="5.00" type="DEFAULT_CAR"/>
    <instantOut id="235_D025" time="32703.25" state="stay" vehID="Car_21158" speed="8.48" length="5.00" type="DEFAULT_CAR"/>
    <instantOut id="235_D025" time="32703.50" state="stay" vehID="Car_21158" speed="7.73" length="5.00" type="DEFAULT_CAR"/>
    <instantOut id="235_D025" time="32703.61" state="leave" vehID="Car_21158" speed="6.98" length="5.00" type="DEFAULT_CAR" occupancy="0.63"/>
    <instantOut id="235_D025" time="33244.98" state="enter" vehID="Car_21902" speed="9.65" length="5.00" type="DEFAULT_CAR" gap="541.38"/>
    <instantOut id="235_D025" time="33245.00" state="stay" vehID="Car_21902" speed="9.65" length="5.00" type="DEFAULT_CAR"/>
    <instantOut id="235_D025" time="33245.25" state="stay" vehID="Car_21902" speed="8.90" length="5.00" type="DEFAULT_CAR"/>
    <instantOut id="235_D025" time="33245.50" state="stay" vehID="Car_21902" speed="8.15" length="5.00" type="DEFAULT_CAR"/>
    <instantOut id="235_D025" time="33245.58" state="leave" vehID="Car_21902" speed="7.40" length="5.00" type="DEFAULT_CAR" occupancy="0.59"/>
    <instantOut id="235_D025" time="34303.24" state="enter" vehID="Car_22407" speed="8.83" length="5.00" type="DEFAULT_CAR" gap="1057.66"/>
    <instantOut id="235_D025" time="34303.25" state="stay" vehID="Car_22407" speed="8.83" length="5.00" type="DEFAULT_CAR"/>
    <instantOut id="235_D025" time="34303.50" state="stay" vehID="Car_22407" speed="8.08" length="5.00" type="DEFAULT_CAR"/>
    <instantOut id="235_D025" time="34303.75" state="stay" vehID="Car_22407" speed="7.46" length="5.00" type="DEFAULT_CAR"/>
    <instantOut id="235_D025" time="34303.90" state="leave" vehID="Car_22407" speed="7.03" length="5.00" type="DEFAULT_CAR" occupancy="0.66"/>
    <instantOut id="235_D025" time="35000.25" state="enter" vehID="Car_22967" speed="7.76" length="5.00" type="DEFAULT_CAR" gap="696.35"/>
    <instantOut id="235_D025" time="35000.25" state="stay" vehID="Car_22967" speed="7.76" length="5.00" type="DEFAULT_CAR"/>
    <instantOut id="235_D025" time="35000.50" state="stay" vehID="Car_22967" speed="7.07" length="5.00" type="DEFAULT_CAR"/>
    <instantOut id="235_D025" time="35000.75" state="stay" vehID="Car_22967" speed="6.41" length="5.00" type="DEFAULT_CAR"/>
    <instantOut id="235_D025" time="35001.00" state="stay" vehID="Car_22967" speed="5.66" length="5.00" type="DEFAULT_CAR"/>
    <instantOut id="235_D025" time="35001.04" state="leave" vehID="Car_22967" speed="4.91" length="5.00" type="DEFAULT_CAR" occupancy="0.79"/>
    <instantOut id="235_D025" time="35839.24" state="enter" vehID="Car_22945" speed="9.52" length="5.00" type="DEFAULT_CAR" gap="838.20"/>
    <instantOut id="235_D025" time="35839.25" state="stay" vehID="Car_22945" speed="9.52" length="5.00" type="DEFAULT_CAR"/>
    <instantOut id="235_D025" time="35839.50" state="stay" vehID="Car_22945" speed="10.11" length="5.00" type="DEFAULT_CAR"/>
    <instantOut id="235_D025" time="35839.74" state="leave" vehID="Car_22945" speed="9.87" length="5.00" type="DEFAULT_CAR" occupancy="0.50"/>
    <instantOut id="235_D025" time="36657.17" state="enter" vehID="Car_23234" speed="10.99" length="5.00" type="DEFAULT_CAR" gap="817.43"/>
    <instantOut id="235_D025" time="36657.25" state="stay" vehID="Car_23234" speed="10.99" length="5.00" type="DEFAULT_CAR"/>
    <instantOut id="235_D025" time="36657.50" state="stay" vehID="Car_23234" speed="10.24" length="5.00" type="DEFAULT_CAR"/>
    <instantOut id="235_D025" time="36657.67" state="leave" vehID="Car_23234" speed="9.49" length="5.00" type="DEFAULT_CAR" occupancy="0.50"/>
    <instantOut id="235_D025" time="40239.98" state="enter" vehID="Car_24758" speed="9.27" length="5.00" type="DEFAULT_CAR" gap="3582.31"/>
    <instantOut id="235_D025" time="40240.00" state="stay" vehID="Car_24758" speed="9.27" length="5.00" type="DEFAULT_CAR"/>
    <instantOut id="235_D025" time="40240.25" state="stay" vehID="Car_24758" speed="8.76" length="5.00" type="DEFAULT_CAR"/>
    <instantOut id="235_D025" time="40240.50" state="stay" vehID="Car_24758" speed="8.03" length="5.00" type="DEFAULT_CAR"/>
    <instantOut id="235_D025" time="40240.58" state="leave" vehID="Car_24758" speed="7.28" length="5.00" type="DEFAULT_CAR" occupancy="0.60"/>
    <instantOut id="235_D025" time="41039.74" state="enter" vehID="Car_25073" speed="6.98" length="5.00" type="DEFAULT_CAR" gap="799.16"/>
    <instantOut id="235_D025" time="41039.75" state="stay" vehID="Car_25073" speed="6.98" length="5.00" type="DEFAULT_CAR"/>
    <instantOut id="235_D025" time="41040.00" state="stay" vehID="Car_25073" speed="7.66" length="5.00" type="DEFAULT_CAR"/>
    <instantOut id="235_D025" time="41040.25" state="stay" vehID="Car_25073" speed="8.10" length="5.00" type="DEFAULT_CAR"/>
    <instantOut id="235_D025" time="41040.38" state="leave" vehID="Car_25073" speed="7.46" length="5.00" type="DEFAULT_CAR" occupancy="0.64"/>
</instantE1>
