<?xml version="1.0" encoding="UTF-8"?>

<!-- generated on 2025-02-28 16:38:30 by Eclipse SUMO GUI Version 1.19.0
<configuration xmlns:xsi="http://www.w3.org/2001/XMLSchema-instance" xsi:noNamespaceSchemaLocation="http://sumo.dlr.de/xsd/sumoConfiguration.xsd">

    <input>
        <net-file value="Network.net.xml"/>
        <route-files value="CarRoutes.rou.xml"/>
        <additional-files value="Sensors.add.xml"/>
    </input>

    <output>
        <emission-output value="logs/Emissions.xml"/>
        <summary-output value="logs/Log_summary.xml"/>
        <summary-output.period value="300"/>
        <tripinfo-output value="logs/TripInfos.xml"/>
    </output>

    <time>
        <begin value="0"/>
        <end value="86400"/>
        <step-length value="0.25"/>
    </time>

    <processing>
        <ignore-junction-blocker value="0.1"/>
        <time-to-teleport value="-1"/>
    </processing>

    <report>
        <verbose value="true"/>
        <no-step-log value="true"/>
    </report>

    <emissions>
        <device.emissions.period value="10"/>
    </emissions>

    <traci_server>
        <remote-port value="57364"/>
    </traci_server>

    <gui_only>
        <quit-on-end value="true"/>
        <start value="true"/>
    </gui_only>

</configuration>
-->

<instantE1 xmlns:xsi="http://www.w3.org/2001/XMLSchema-instance" xsi:noNamespaceSchemaLocation="http://sumo.dlr.de/xsd/instant_e1_file.xsd">
    <instantOut id="235_D025" time="275.96" state="enter" vehID="Car_227" speed="9.75" length="5.00" type="DEFAULT_CAR"/>
    <instantOut id="235_D025" time="276.00" state="stay" vehID="Car_227" speed="9.75" length="5.00" type="DEFAULT_CAR"/>
    <instantOut id="235_D025" time="276.25" state="stay" vehID="Car_227" speed="10.34" length="5.00" type="DEFAULT_CAR"/>
    <instantOut id="235_D025" time="276.44" state="leave" vehID="Car_227" speed="10.41" length="5.00" type="DEFAULT_CAR" occupancy="0.48"/>
    <instantOut id="235_D025" time="1471.23" state="enter" vehID="Car_704" speed="8.39" length="5.00" type="DEFAULT_CAR" gap="1194.79"/>
    <instantOut id="235_D025" time="1471.25" state="stay" vehID="Car_704" speed="8.39" length="5.00" type="DEFAULT_CAR"/>
    <instantOut id="235_D025" time="1471.50" state="stay" vehID="Car_704" speed="7.79" length="5.00" type="DEFAULT_CAR"/>
    <instantOut id="235_D025" time="1471.75" state="stay" vehID="Car_704" speed="7.39" length="5.00" type="DEFAULT_CAR"/>
    <instantOut id="235_D025" time="1471.90" state="leave" vehID="Car_704" speed="6.72" length="5.00" type="DEFAULT_CAR" occupancy="0.67"/>
    <instantOut id="235_D025" time="3304.57" state="enter" vehID="Car_1514" speed="9.24" length="5.00" type="DEFAULT_CAR" gap="1832.67"/>
    <instantOut id="235_D025" time="3304.75" state="stay" vehID="Car_1514" speed="9.24" length="5.00" type="DEFAULT_CAR"/>
    <instantOut id="235_D025" time="3305.00" state="stay" vehID="Car_1514" speed="8.49" length="5.00" type="DEFAULT_CAR"/>
    <instantOut id="235_D025" time="3305.15" state="leave" vehID="Car_1514" speed="8.11" length="5.00" type="DEFAULT_CAR" occupancy="0.58"/>
    <instantOut id="235_D025" time="3820.48" state="enter" vehID="Car_2000" speed="8.68" length="5.00" type="DEFAULT_CAR" gap="515.33"/>
    <instantOut id="235_D025" time="3820.50" state="stay" vehID="Car_2000" speed="8.68" length="5.00" type="DEFAULT_CAR"/>
    <instantOut id="235_D025" time="3820.75" state="stay" vehID="Car_2000" speed="7.93" length="5.00" type="DEFAULT_CAR"/>
    <instantOut id="235_D025" time="3821.00" state="stay" vehID="Car_2000" speed="7.44" length="5.00" type="DEFAULT_CAR"/>
    <instantOut id="235_D025" time="3821.14" state="leave" vehID="Car_2000" speed="6.93" length="5.00" type="DEFAULT_CAR" occupancy="0.66"/>
    <instantOut id="235_D025" time="6614.95" state="enter" vehID="Car_3815" speed="10.26" length="5.00" type="DEFAULT_CAR" gap="2793.80"/>
    <instantOut id="235_D025" time="6615.00" state="stay" vehID="Car_3815" speed="10.26" length="5.00" type="DEFAULT_CAR"/>
    <instantOut id="235_D025" time="6615.25" state="stay" vehID="Car_3815" speed="9.51" length="5.00" type="DEFAULT_CAR"/>
    <instantOut id="235_D025" time="6615.48" state="leave" vehID="Car_3815" speed="8.89" length="5.00" type="DEFAULT_CAR" occupancy="0.54"/>
    <instantOut id="235_D025" time="7958.49" state="enter" vehID="Car_4136" speed="8.85" length="5.00" type="DEFAULT_CAR" gap="1343.00"/>
    <instantOut id="235_D025" time="7958.50" state="stay" vehID="Car_4136" speed="8.85" length="5.00" type="DEFAULT_CAR"/>
    <instantOut id="235_D025" time="7958.75" state="stay" vehID="Car_4136" speed="8.12" length="5.00" type="DEFAULT_CAR"/>
    <instantOut id="235_D025" time="7959.00" state="stay" vehID="Car_4136" speed="7.55" length="5.00" type="DEFAULT_CAR"/>
    <instantOut id="235_D025" time="7959.14" state="leave" vehID="Car_4136" speed="7.00" length="5.00" type="DEFAULT_CAR" occupancy="0.65"/>
    <instantOut id="235_D025" time="8989.00" state="enter" vehID="Car_5376" speed="8.20" length="5.00" type="DEFAULT_CAR" gap="1029.86"/>
    <instantOut id="235_D025" time="8989.25" state="stay" vehID="Car_5376" speed="8.20" length="5.00" type="DEFAULT_CAR"/>
    <instantOut id="235_D025" time="8989.50" state="stay" vehID="Car_5376" speed="7.47" length="5.00" type="DEFAULT_CAR"/>
    <instantOut id="235_D025" time="8989.66" state="leave" vehID="Car_5376" speed="7.10" length="5.00" type="DEFAULT_CAR" occupancy="0.65"/>
    <instantOut id="235_D025" time="9810.21" state="enter" vehID="Car_5858" speed="8.91" length="5.00" type="DEFAULT_CAR" gap="820.55"/>
    <instantOut id="235_D025" time="9810.25" state="stay" vehID="Car_5858" speed="8.91" length="5.00" type="DEFAULT_CAR"/>
    <instantOut id="235_D025" time="9810.50" state="stay" vehID="Car_5858" speed="8.35" length="5.00" type="DEFAULT_CAR"/>
    <instantOut id="235_D025" time="9810.75" state="stay" vehID="Car_5858" speed="7.67" length="5.00" type="DEFAULT_CAR"/>
    <instantOut id="235_D025" time="9810.84" state="leave" vehID="Car_5858" speed="6.92" length="5.00" type="DEFAULT_CAR" occupancy="0.63"/>
    <instantOut id="235_D025" time="10674.23" state="enter" vehID="Car_5587" speed="9.70" length="5.00" type="DEFAULT_CAR" gap="863.39"/>
    <instantOut id="235_D025" time="10674.25" state="stay" vehID="Car_5587" speed="9.70" length="5.00" type="DEFAULT_CAR"/>
    <instantOut id="235_D025" time="10674.50" state="stay" vehID="Car_5587" speed="10.65" length="5.00" type="DEFAULT_CAR"/>
    <instantOut id="235_D025" time="10674.69" state="leave" vehID="Car_5587" speed="11.26" length="5.00" type="DEFAULT_CAR" occupancy="0.46"/>
    <instantOut id="235_D025" time="11119.75" state="enter" vehID="Car_5922" speed="8.25" length="5.00" type="DEFAULT_CAR" gap="445.06"/>
    <instantOut id="235_D025" time="11119.75" state="stay" vehID="Car_5922" speed="8.25" length="5.00" type="DEFAULT_CAR"/>
    <instantOut id="235_D025" time="11120.00" state="stay" vehID="Car_5922" speed="7.50" length="5.00" type="DEFAULT_CAR"/>
    <instantOut id="235_D025" time="11120.25" state="stay" vehID="Car_5922" speed="6.75" length="5.00" type="DEFAULT_CAR"/>
    <instantOut id="235_D025" time="11120.49" state="leave" vehID="Car_5922" speed="6.00" length="5.00" type="DEFAULT_CAR" occupancy="0.74"/>
    <instantOut id="235_D025" time="12836.41" state="enter" vehID="Car_7057" speed="11.80" length="5.00" type="DEFAULT_CAR" gap="1715.92"/>
    <instantOut id="235_D025" time="12836.50" state="stay" vehID="Car_7057" speed="11.80" length="5.00" type="DEFAULT_CAR"/>
    <instantOut id="235_D025" time="12836.75" state="stay" vehID="Car_7057" speed="11.19" length="5.00" type="DEFAULT_CAR"/>
    <instantOut id="235_D025" time="12836.86" state="leave" vehID="Car_7057" speed="10.70" length="5.00" type="DEFAULT_CAR" occupancy="0.45"/>
    <instantOut id="235_D025" time="13302.20" state="enter" vehID="Car_7306" speed="9.69" length="5.00" type="DEFAULT_CAR" gap="465.34"/>
    <instantOut id="235_D025" time="13302.25" state="stay" vehID="Car_7306" speed="9.69" length="5.00" type="DEFAULT_CAR"/>
    <instantOut id="235_D025" time="13302.50" state="stay" vehID="Car_7306" speed="10.29" length="5.00" type="DEFAULT_CAR"/>
    <instantOut id="235_D025" time="13302.68" state="leave" vehID="Car_7306" speed="10.59" length="5.00" type="DEFAULT_CAR" occupancy="0.48"/>
    <instantOut id="235_D025" time="15906.99" state="enter" vehID="Car_8865" speed="9.07" length="5.00" type="DEFAULT_CAR" gap="2604.31"/>
    <instantOut id="235_D025" time="15907.00" state="stay" vehID="Car_8865" speed="9.07" length="5.00" type="DEFAULT_CAR"/>
    <instantOut id="235_D025" time="15907.25" state="stay" vehID="Car_8865" speed="8.32" length="5.00" type="DEFAULT_CAR"/>
    <instantOut id="235_D025" time="15907.50" state="stay" vehID="Car_8865" speed="7.57" length="5.00" type="DEFAULT_CAR"/>
    <instantOut id="235_D025" time="15907.64" state="leave" vehID="Car_8865" speed="6.93" length="5.00" type="DEFAULT_CAR" occupancy="0.65"/>
    <instantOut id="235_D025" time="18263.96" state="enter" vehID="Car_10454" speed="9.63" length="5.00" type="DEFAULT_CAR" gap="2356.32"/>
    <instantOut id="235_D025" time="18264.00" state="stay" vehID="Car_10454" speed="9.63" length="5.00" type="DEFAULT_CAR"/>
    <instantOut id="235_D025" time="18264.25" state="stay" vehID="Car_10454" speed="10.57" length="5.00" type="DEFAULT_CAR"/>
    <instantOut id="235_D025" time="18264.43" state="leave" vehID="Car_10454" speed="10.75" length="5.00" type="DEFAULT_CAR" occupancy="0.47"/>
    <instantOut id="235_D025" time="18370.04" state="enter" vehID="Car_10235" speed="7.13" length="5.00" type="DEFAULT_CAR" gap="105.61"/>
    <instantOut id="235_D025" time="18370.25" state="stay" vehID="Car_10235" speed="7.13" length="5.00" type="DEFAULT_CAR"/>
    <instantOut id="235_D025" time="18370.50" state="stay" vehID="Car_10235" speed="6.38" length="5.00" type="DEFAULT_CAR"/>
    <instantOut id="235_D025" time="18370.75" state="stay" vehID="Car_10235" speed="5.63" length="5.00" type="DEFAULT_CAR"/>
    <instantOut id="235_D025" time="18370.85" state="leave" vehID="Car_10235" speed="5.05" length="5.00" type="DEFAULT_CAR" occupancy="0.81"/>
    <instantOut id="235_D025" time="19097.99" state="enter" vehID="Car_11087" speed="9.09" length="5.00" type="DEFAULT_CAR" gap="727.14"/>
    <instantOut id="235_D025" time="19098.00" state="stay" vehID="Car_11087" speed="9.09" length="5.00" type="DEFAULT_CAR"/>
    <instantOut id="235_D025" time="19098.25" state="stay" vehID="Car_11087" speed="8.38" length="5.00" type="DEFAULT_CAR"/>
    <instantOut id="235_D025" time="19098.50" state="stay" vehID="Car_11087" speed="7.87" length="5.00" type="DEFAULT_CAR"/>
    <instantOut id="235_D025" time="19098.62" state="leave" vehID="Car_11087" speed="7.12" length="5.00" type="DEFAULT_CAR" occupancy="0.63"/>
    <instantOut id="235_D025" time="21658.20" state="enter" vehID="Car_12411" speed="8.84" length="5.00" type="DEFAULT_CAR" gap="2559.58"/>
    <instantOut id="235_D025" time="21658.25" state="stay" vehID="Car_12411" speed="8.84" length="5.00" type="DEFAULT_CAR"/>
    <instantOut id="235_D025" time="21658.50" state="stay" vehID="Car_12411" speed="8.09" length="5.00" type="DEFAULT_CAR"/>
    <instantOut id="235_D025" time="21658.75" state="stay" vehID="Car_12411" speed="7.34" length="5.00" type="DEFAULT_CAR"/>
    <instantOut id="235_D025" time="21658.85" state="leave" vehID="Car_12411" speed="6.59" length="5.00" type="DEFAULT_CAR" occupancy="0.66"/>
    <instantOut id="235_D025" time="23167.99" state="enter" vehID="Car_13042" speed="8.96" length="5.00" type="DEFAULT_CAR" gap="1509.14"/>
    <instantOut id="235_D025" time="23168.00" state="stay" vehID="Car_13042" speed="8.96" length="5.00" type="DEFAULT_CAR"/>
    <instantOut id="235_D025" time="23168.25" state="stay" vehID="Car_13042" speed="8.21" length="5.00" type="DEFAULT_CAR"/>
    <instantOut id="235_D025" time="23168.50" state="stay" vehID="Car_13042" speed="7.46" length="5.00" type="DEFAULT_CAR"/>
    <instantOut id="235_D025" time="23168.65" state="leave" vehID="Car_13042" speed="6.71" length="5.00" type="DEFAULT_CAR" occupancy="0.66"/>
    <instantOut id="235_D025" time="23386.75" state="enter" vehID="Car_13764" speed="8.18" length="5.00" type="DEFAULT_CAR" gap="218.10"/>
    <instantOut id="235_D025" time="23387.00" state="stay" vehID="Car_13764" speed="8.18" length="5.00" type="DEFAULT_CAR"/>
    <instantOut id="235_D025" time="23387.25" state="stay" vehID="Car_13764" speed="7.65" length="5.00" type="DEFAULT_CAR"/>
    <instantOut id="235_D025" time="23387.40" state="leave" vehID="Car_13764" speed="7.27" length="5.00" type="DEFAULT_CAR" occupancy="0.64"/>
    <instantOut id="235_D025" time="23738.95" state="enter" vehID="Car_13338" speed="9.88" length="5.00" type="DEFAULT_CAR" gap="351.55"/>
    <instantOut id="235_D025" time="23739.00" state="stay" vehID="Car_13338" speed="9.88" length="5.00" type="DEFAULT_CAR"/>
    <instantOut id="235_D025" time="23739.25" state="stay" vehID="Car_13338" speed="9.38" length="5.00" type="DEFAULT_CAR"/>
    <instantOut id="235_D025" time="23739.49" state="leave" vehID="Car_13338" speed="8.63" length="5.00" type="DEFAULT_CAR" occupancy="0.55"/>
    <instantOut id="235_D025" time="23959.72" state="enter" vehID="Car_13377" speed="9.34" length="5.00" type="DEFAULT_CAR" gap="220.22"/>
    <instantOut id="235_D025" time="23959.75" state="stay" vehID="Car_13377" speed="9.34" length="5.00" type="DEFAULT_CAR"/>
    <instantOut id="235_D025" time="23960.00" state="stay" vehID="Car_13377" speed="8.59" length="5.00" type="DEFAULT_CAR"/>
    <instantOut id="235_D025" time="23960.25" state="stay" vehID="Car_13377" speed="7.84" length="5.00" type="DEFAULT_CAR"/>
    <instantOut id="235_D025" time="23960.33" state="leave" vehID="Car_13377" speed="7.09" length="5.00" type="DEFAULT_CAR" occupancy="0.62"/>
    <instantOut id="235_D025" time="24369.74" state="enter" vehID="Car_14014" speed="8.85" length="5.00" type="DEFAULT_CAR" gap="409.41"/>
    <instantOut id="235_D025" time="24369.75" state="stay" vehID="Car_14014" speed="8.85" length="5.00" type="DEFAULT_CAR"/>
    <instantOut id="235_D025" time="24370.00" state="stay" vehID="Car_14014" speed="8.19" length="5.00" type="DEFAULT_CAR"/>
    <instantOut id="235_D025" time="24370.25" state="stay" vehID="Car_14014" speed="7.69" length="5.00" type="DEFAULT_CAR"/>
    <instantOut id="235_D025" time="24370.39" state="leave" vehID="Car_14014" speed="6.94" length="5.00" type="DEFAULT_CAR" occupancy="0.65"/>
    <instantOut id="235_D025" time="24911.00" state="enter" vehID="Car_14347" speed="7.72" length="5.00" type="DEFAULT_CAR" gap="540.62"/>
    <instantOut id="235_D025" time="24911.25" state="stay" vehID="Car_14347" speed="7.72" length="5.00" type="DEFAULT_CAR"/>
    <instantOut id="235_D025" time="24911.50" state="stay" vehID="Car_14347" speed="6.97" length="5.00" type="DEFAULT_CAR"/>
    <instantOut id="235_D025" time="24911.71" state="leave" vehID="Car_14347" speed="6.41" length="5.00" type="DEFAULT_CAR" occupancy="0.71"/>
    <instantOut id="235_D025" time="25229.32" state="enter" vehID="Car_14703" speed="7.38" length="5.00" type="DEFAULT_CAR" gap="317.61"/>
    <instantOut id="235_D025" time="25229.50" state="stay" vehID="Car_14703" speed="7.38" length="5.00" type="DEFAULT_CAR"/>
    <instantOut id="235_D025" time="25229.75" state="stay" vehID="Car_14703" speed="6.63" length="5.00" type="DEFAULT_CAR"/>
    <instantOut id="235_D025" time="25230.00" state="stay" vehID="Car_14703" speed="5.88" length="5.00" type="DEFAULT_CAR"/>
    <instantOut id="235_D025" time="25230.11" state="leave" vehID="Car_14703" speed="5.13" length="5.00" type="DEFAULT_CAR" occupancy="0.79"/>
    <instantOut id="235_D025" time="25317.78" state="enter" vehID="Car_14599" speed="8.31" length="5.00" type="DEFAULT_CAR" gap="87.66"/>
    <instantOut id="235_D025" time="25318.00" state="stay" vehID="Car_14599" speed="8.31" length="5.00" type="DEFAULT_CAR"/>
    <instantOut id="235_D025" time="25318.25" state="stay" vehID="Car_14599" speed="7.85" length="5.00" type="DEFAULT_CAR"/>
    <instantOut id="235_D025" time="25318.41" state="leave" vehID="Car_14599" speed="7.18" length="5.00" type="DEFAULT_CAR" occupancy="0.64"/>
    <instantOut id="235_D025" time="26704.24" state="enter" vehID="Car_15668" speed="9.60" length="5.00" type="DEFAULT_CAR" gap="1385.83"/>
    <instantOut id="235_D025" time="26704.25" state="stay" vehID="Car_15668" speed="9.60" length="5.00" type="DEFAULT_CAR"/>
    <instantOut id="235_D025" time="26704.50" state="stay" vehID="Car_15668" speed="9.02" length="5.00" type="DEFAULT_CAR"/>
    <instantOut id="235_D025" time="26704.75" state="stay" vehID="Car_15668" speed="8.38" length="5.00" type="DEFAULT_CAR"/>
    <instantOut id="235_D025" time="26704.82" state="leave" vehID="Car_15668" speed="7.88" length="5.00" type="DEFAULT_CAR" occupancy="0.58"/>
    <instantOut id="235_D025" time="27132.23" state="enter" vehID="Car_16050" speed="8.67" length="5.00" type="DEFAULT_CAR" gap="427.41"/>
    <instantOut id="235_D025" time="27132.25" state="stay" vehID="Car_16050" speed="8.67" length="5.00" type="DEFAULT_CAR"/>
    <instantOut id="235_D025" time="27132.50" state="stay" vehID="Car_16050" speed="8.27" length="5.00" type="DEFAULT_CAR"/>
    <instantOut id="235_D025" time="27132.75" state="stay" vehID="Car_16050" speed="7.52" length="5.00" type="DEFAULT_CAR"/>
    <instantOut id="235_D025" time="27132.88" state="leave" vehID="Car_16050" speed="6.77" length="5.00" type="DEFAULT_CAR" occupancy="0.65"/>
    <instantOut id="235_D025" time="27699.95" state="enter" vehID="Car_16317" speed="9.21" length="5.00" type="DEFAULT_CAR" gap="567.07"/>
    <instantOut id="235_D025" time="27700.00" state="stay" vehID="Car_16317" speed="9.21" length="5.00" type="DEFAULT_CAR"/>
    <instantOut id="235_D025" time="27700.25" state="stay" vehID="Car_16317" speed="8.60" length="5.00" type="DEFAULT_CAR"/>
    <instantOut id="235_D025" time="27700.50" state="stay" vehID="Car_16317" speed="7.85" length="5.00" type="DEFAULT_CAR"/>
    <instantOut id="235_D025" time="27700.56" state="leave" vehID="Car_16317" speed="7.10" length="5.00" type="DEFAULT_CAR" occupancy="0.61"/>
    <instantOut id="235_D025" time="29883.94" state="enter" vehID="Car_17943" speed="10.25" length="5.00" type="DEFAULT_CAR" gap="2183.38"/>
    <instantOut id="235_D025" time="29884.00" state="stay" vehID="Car_17943" speed="10.25" length="5.00" type="DEFAULT_CAR"/>
    <instantOut id="235_D025" time="29884.25" state="stay" vehID="Car_17943" speed="10.20" length="5.00" type="DEFAULT_CAR"/>
    <instantOut id="235_D025" time="29884.45" state="leave" vehID="Car_17943" speed="9.45" length="5.00" type="DEFAULT_CAR" occupancy="0.50"/>
    <instantOut id="235_D025" time="30255.47" state="enter" vehID="Car_17948" speed="8.81" length="5.00" type="DEFAULT_CAR" gap="371.02"/>
    <instantOut id="235_D025" time="30255.50" state="stay" vehID="Car_17948" speed="8.81" length="5.00" type="DEFAULT_CAR"/>
    <instantOut id="235_D025" time="30255.75" state="stay" vehID="Car_17948" speed="8.06" length="5.00" type="DEFAULT_CAR"/>
    <instantOut id="235_D025" time="30256.00" state="stay" vehID="Car_17948" speed="7.31" length="5.00" type="DEFAULT_CAR"/>
    <instantOut id="235_D025" time="30256.13" state="leave" vehID="Car_17948" speed="6.56" length="5.00" type="DEFAULT_CAR" occupancy="0.67"/>
    <instantOut id="235_D025" time="31181.24" state="enter" vehID="Car_18424" speed="9.06" length="5.00" type="DEFAULT_CAR" gap="925.11"/>
    <instantOut id="235_D025" time="31181.25" state="stay" vehID="Car_18424" speed="9.06" length="5.00" type="DEFAULT_CAR"/>
    <instantOut id="235_D025" time="31181.50" state="stay" vehID="Car_18424" speed="8.56" length="5.00" type="DEFAULT_CAR"/>
    <instantOut id="235_D025" time="31181.75" state="stay" vehID="Car_18424" speed="7.81" length="5.00" type="DEFAULT_CAR"/>
    <instantOut id="235_D025" time="31181.87" state="leave" vehID="Car_18424" speed="7.06" length="5.00" type="DEFAULT_CAR" occupancy="0.63"/>
    <instantOut id="235_D025" time="37747.76" state="enter" vehID="Car_22264" speed="8.51" length="5.00" type="DEFAULT_CAR" gap="6565.89"/>
    <instantOut id="235_D025" time="37748.00" state="stay" vehID="Car_22264" speed="8.51" length="5.00" type="DEFAULT_CAR"/>
    <instantOut id="235_D025" time="37748.25" state="stay" vehID="Car_22264" speed="7.82" length="5.00" type="DEFAULT_CAR"/>
    <instantOut id="235_D025" time="37748.39" state="leave" vehID="Car_22264" speed="7.07" length="5.00" type="DEFAULT_CAR" occupancy="0.63"/>
    <instantOut id="235_D025" time="39242.01" state="enter" vehID="Car_22619" speed="9.09" length="5.00" type="DEFAULT_CAR" gap="1493.62"/>
    <instantOut id="235_D025" time="39242.25" state="stay" vehID="Car_22619" speed="9.09" length="5.00" type="DEFAULT_CAR"/>
    <instantOut id="235_D025" time="39242.50" state="stay" vehID="Car_22619" speed="8.53" length="5.00" type="DEFAULT_CAR"/>
    <instantOut id="235_D025" time="39242.58" state="leave" vehID="Car_22619" speed="7.78" length="5.00" type="DEFAULT_CAR" occupancy="0.58"/>
    <instantOut id="235_D025" time="40753.24" state="enter" vehID="Car_23229" speed="8.75" length="5.00" type="DEFAULT_CAR" gap="1510.66"/>
    <instantOut id="235_D025" time="40753.25" state="stay" vehID="Car_23229" speed="8.75" length="5.00" type="DEFAULT_CAR"/>
    <instantOut id="235_D025" time="40753.50" state="stay" vehID="Car_23229" speed="8.00" length="5.00" type="DEFAULT_CAR"/>
    <instantOut id="235_D025" time="40753.75" state="stay" vehID="Car_23229" speed="7.32" length="5.00" type="DEFAULT_CAR"/>
    <instantOut id="235_D025" time="40753.92" state="leave" vehID="Car_23229" speed="6.57" length="5.00" type="DEFAULT_CAR" occupancy="0.67"/>
    <instantOut id="235_D025" time="41287.98" state="enter" vehID="Car_23385" speed="8.67" length="5.00" type="DEFAULT_CAR" gap="534.06"/>
    <instantOut id="235_D025" time="41288.00" state="stay" vehID="Car_23385" speed="8.67" length="5.00" type="DEFAULT_CAR"/>
    <instantOut id="235_D025" time="41288.25" state="stay" vehID="Car_23385" speed="8.08" length="5.00" type="DEFAULT_CAR"/>
    <instantOut id="235_D025" time="41288.50" state="stay" vehID="Car_23385" speed="7.33" length="5.00" type="DEFAULT_CAR"/>
    <instantOut id="235_D025" time="41288.64" state="leave" vehID="Car_23385" speed="6.85" length="5.00" type="DEFAULT_CAR" occupancy="0.66"/>
    <instantOut id="235_D025" time="42108.50" state="enter" vehID="Car_23652" speed="8.56" length="5.00" type="DEFAULT_CAR" gap="819.86"/>
    <instantOut id="235_D025" time="42108.75" state="stay" vehID="Car_23652" speed="8.56" length="5.00" type="DEFAULT_CAR"/>
    <instantOut id="235_D025" time="42109.00" state="stay" vehID="Car_23652" speed="7.81" length="5.00" type="DEFAULT_CAR"/>
    <instantOut id="235_D025" time="42109.13" state="leave" vehID="Car_23652" speed="7.06" length="5.00" type="DEFAULT_CAR" occupancy="0.63"/>
    <instantOut id="235_D025" time="42317.55" state="enter" vehID="Car_23842" speed="6.89" length="5.00" type="DEFAULT_CAR" gap="208.42"/>
    <instantOut id="235_D025" time="42317.75" state="stay" vehID="Car_23842" speed="6.89" length="5.00" type="DEFAULT_CAR"/>
    <instantOut id="235_D025" time="42318.00" state="stay" vehID="Car_23842" speed="6.47" length="5.00" type="DEFAULT_CAR"/>
    <instantOut id="235_D025" time="42318.25" state="stay" vehID="Car_23842" speed="5.84" length="5.00" type="DEFAULT_CAR"/>
    <instantOut id="235_D025" time="42318.36" state="leave" vehID="Car_23842" speed="5.09" length="5.00" type="DEFAULT_CAR" occupancy="0.81"/>
    <instantOut id="235_D025" time="42800.25" state="enter" vehID="Car_23738" speed="8.97" length="5.00" type="DEFAULT_CAR" gap="481.89"/>
    <instantOut id="235_D025" time="42800.25" state="stay" vehID="Car_23738" speed="8.97" length="5.00" type="DEFAULT_CAR"/>
    <instantOut id="235_D025" time="42800.50" state="stay" vehID="Car_23738" speed="8.22" length="5.00" type="DEFAULT_CAR"/>
    <instantOut id="235_D025" time="42800.75" state="stay" vehID="Car_23738" speed="7.48" length="5.00" type="DEFAULT_CAR"/>
    <instantOut id="235_D025" time="42800.90" state="leave" vehID="Car_23738" speed="6.94" length="5.00" type="DEFAULT_CAR" occupancy="0.65"/>
    <instantOut id="235_D025" time="42842.01" state="enter" vehID="Car_23770" speed="7.79" length="5.00" type="DEFAULT_CAR" gap="41.10"/>
    <instantOut id="235_D025" time="42842.25" state="stay" vehID="Car_23770" speed="7.79" length="5.00" type="DEFAULT_CAR"/>
    <instantOut id="235_D025" time="42842.50" state="stay" vehID="Car_23770" speed="8.66" length="5.00" type="DEFAULT_CAR"/>
    <instantOut id="235_D025" time="42842.60" state="leave" vehID="Car_23770" speed="9.42" length="5.00" type="DEFAULT_CAR" occupancy="0.59"/>
    <instantOut id="235_D025" time="44578.22" state="enter" vehID="Car_24397" speed="9.50" length="5.00" type="DEFAULT_CAR" gap="1735.62"/>
    <instantOut id="235_D025" time="44578.25" state="stay" vehID="Car_24397" speed="9.50" length="5.00" type="DEFAULT_CAR"/>
    <instantOut id="235_D025" time="44578.50" state="stay" vehID="Car_24397" speed="10.22" length="5.00" type="DEFAULT_CAR"/>
    <instantOut id="235_D025" time="44578.73" state="leave" vehID="Car_24397" speed="9.47" length="5.00" type="DEFAULT_CAR" occupancy="0.51"/>
</instantE1>
