<?xml version="1.0" encoding="UTF-8"?>

<!-- generated on 2025-02-28 16:38:54 by Eclipse SUMO GUI Version 1.19.0
<configuration xmlns:xsi="http://www.w3.org/2001/XMLSchema-instance" xsi:noNamespaceSchemaLocation="http://sumo.dlr.de/xsd/sumoConfiguration.xsd">

    <input>
        <net-file value="Network.net.xml"/>
        <route-files value="CarRoutes.rou.xml"/>
        <additional-files value="Sensors.add.xml"/>
    </input>

    <output>
        <emission-output value="logs/Emissions.xml"/>
        <summary-output value="logs/Log_summary.xml"/>
        <summary-output.period value="300"/>
        <tripinfo-output value="logs/TripInfos.xml"/>
    </output>

    <time>
        <begin value="0"/>
        <end value="86400"/>
        <step-length value="0.25"/>
    </time>

    <processing>
        <ignore-junction-blocker value="0.1"/>
        <time-to-teleport value="-1"/>
    </processing>

    <report>
        <verbose value="true"/>
        <no-step-log value="true"/>
    </report>

    <emissions>
        <device.emissions.period value="10"/>
    </emissions>

    <traci_server>
        <remote-port value="57368"/>
    </traci_server>

    <gui_only>
        <quit-on-end value="true"/>
        <start value="true"/>
    </gui_only>

</configuration>
-->

<instantE1 xmlns:xsi="http://www.w3.org/2001/XMLSchema-instance" xsi:noNamespaceSchemaLocation="http://sumo.dlr.de/xsd/instant_e1_file.xsd">
    <instantOut id="235_D025" time="2194.27" state="enter" vehID="Car_583" speed="8.52" length="5.00" type="DEFAULT_CAR"/>
    <instantOut id="235_D025" time="2194.50" state="stay" vehID="Car_583" speed="8.52" length="5.00" type="DEFAULT_CAR"/>
    <instantOut id="235_D025" time="2194.75" state="stay" vehID="Car_583" speed="7.77" length="5.00" type="DEFAULT_CAR"/>
    <instantOut id="235_D025" time="2194.90" state="leave" vehID="Car_583" speed="7.14" length="5.00" type="DEFAULT_CAR" occupancy="0.63"/>
    <instantOut id="235_D025" time="3165.99" state="enter" vehID="Car_2456" speed="9.90" length="5.00" type="DEFAULT_CAR" gap="971.08"/>
    <instantOut id="235_D025" time="3166.00" state="stay" vehID="Car_2456" speed="9.90" length="5.00" type="DEFAULT_CAR"/>
    <instantOut id="235_D025" time="3166.25" state="stay" vehID="Car_2456" speed="10.71" length="5.00" type="DEFAULT_CAR"/>
    <instantOut id="235_D025" time="3166.45" state="leave" vehID="Car_2456" speed="10.69" length="5.00" type="DEFAULT_CAR" occupancy="0.47"/>
    <instantOut id="235_D025" time="3828.54" state="enter" vehID="Car_2895" speed="7.10" length="5.00" type="DEFAULT_CAR" gap="662.09"/>
    <instantOut id="235_D025" time="3828.75" state="stay" vehID="Car_2895" speed="7.10" length="5.00" type="DEFAULT_CAR"/>
    <instantOut id="235_D025" time="3829.00" state="stay" vehID="Car_2895" speed="6.35" length="5.00" type="DEFAULT_CAR"/>
    <instantOut id="235_D025" time="3829.25" state="stay" vehID="Car_2895" speed="5.60" length="5.00" type="DEFAULT_CAR"/>
    <instantOut id="235_D025" time="3829.35" state="leave" vehID="Car_2895" speed="5.32" length="5.00" type="DEFAULT_CAR" occupancy="0.81"/>
    <instantOut id="235_D025" time="5832.50" state="enter" vehID="Car_2424" speed="8.25" length="5.00" type="DEFAULT_CAR" gap="2003.15"/>
    <instantOut id="235_D025" time="5832.75" state="stay" vehID="Car_2424" speed="8.25" length="5.00" type="DEFAULT_CAR"/>
    <instantOut id="235_D025" time="5833.00" state="stay" vehID="Car_2424" speed="7.80" length="5.00" type="DEFAULT_CAR"/>
    <instantOut id="235_D025" time="5833.14" state="leave" vehID="Car_2424" speed="7.16" length="5.00" type="DEFAULT_CAR" occupancy="0.64"/>
    <instantOut id="235_D025" time="7867.32" state="enter" vehID="Car_3975" speed="7.38" length="5.00" type="DEFAULT_CAR" gap="2034.18"/>
    <instantOut id="235_D025" time="7867.50" state="stay" vehID="Car_3975" speed="7.38" length="5.00" type="DEFAULT_CAR"/>
    <instantOut id="235_D025" time="7867.75" state="stay" vehID="Car_3975" speed="6.63" length="5.00" type="DEFAULT_CAR"/>
    <instantOut id="235_D025" time="7868.00" state="stay" vehID="Car_3975" speed="5.88" length="5.00" type="DEFAULT_CAR"/>
    <instantOut id="235_D025" time="7868.10" state="leave" vehID="Car_3975" speed="5.37" length="5.00" type="DEFAULT_CAR" occupancy="0.78"/>
    <instantOut id="235_D025" time="8101.96" state="enter" vehID="Car_3406" speed="10.14" length="5.00" type="DEFAULT_CAR" gap="233.86"/>
    <instantOut id="235_D025" time="8102.00" state="stay" vehID="Car_3406" speed="10.14" length="5.00" type="DEFAULT_CAR"/>
    <instantOut id="235_D025" time="8102.25" state="stay" vehID="Car_3406" speed="10.36" length="5.00" type="DEFAULT_CAR"/>
    <instantOut id="235_D025" time="8102.46" state="leave" vehID="Car_3406" speed="9.61" length="5.00" type="DEFAULT_CAR" occupancy="0.50"/>
    <instantOut id="235_D025" time="8555.94" state="enter" vehID="Car_3377" speed="10.33" length="5.00" type="DEFAULT_CAR" gap="453.48"/>
    <instantOut id="235_D025" time="8556.00" state="stay" vehID="Car_3377" speed="10.33" length="5.00" type="DEFAULT_CAR"/>
    <instantOut id="235_D025" time="8556.25" state="stay" vehID="Car_3377" speed="10.43" length="5.00" type="DEFAULT_CAR"/>
    <instantOut id="235_D025" time="8556.42" state="leave" vehID="Car_3377" speed="10.10" length="5.00" type="DEFAULT_CAR" occupancy="0.49"/>
    <instantOut id="235_D025" time="14711.73" state="enter" vehID="Car_8544" speed="8.79" length="5.00" type="DEFAULT_CAR" gap="6155.31"/>
    <instantOut id="235_D025" time="14711.75" state="stay" vehID="Car_8544" speed="8.79" length="5.00" type="DEFAULT_CAR"/>
    <instantOut id="235_D025" time="14712.00" state="stay" vehID="Car_8544" speed="8.04" length="5.00" type="DEFAULT_CAR"/>
    <instantOut id="235_D025" time="14712.25" state="stay" vehID="Car_8544" speed="7.44" length="5.00" type="DEFAULT_CAR"/>
    <instantOut id="235_D025" time="14712.39" state="leave" vehID="Car_8544" speed="6.78" length="5.00" type="DEFAULT_CAR" occupancy="0.66"/>
    <instantOut id="235_D025" time="16545.46" state="enter" vehID="Car_9168" speed="9.61" length="5.00" type="DEFAULT_CAR" gap="1833.06"/>
    <instantOut id="235_D025" time="16545.50" state="stay" vehID="Car_9168" speed="9.61" length="5.00" type="DEFAULT_CAR"/>
    <instantOut id="235_D025" time="16545.75" state="stay" vehID="Car_9168" speed="8.92" length="5.00" type="DEFAULT_CAR"/>
    <instantOut id="235_D025" time="16546.00" state="stay" vehID="Car_9168" speed="8.39" length="5.00" type="DEFAULT_CAR"/>
    <instantOut id="235_D025" time="16546.03" state="leave" vehID="Car_9168" speed="7.67" length="5.00" type="DEFAULT_CAR" occupancy="0.58"/>
    <instantOut id="235_D025" time="17326.99" state="enter" vehID="Car_11637" speed="9.67" length="5.00" type="DEFAULT_CAR" gap="780.95"/>
    <instantOut id="235_D025" time="17327.00" state="stay" vehID="Car_11637" speed="9.67" length="5.00" type="DEFAULT_CAR"/>
    <instantOut id="235_D025" time="17327.25" state="stay" vehID="Car_11637" speed="9.76" length="5.00" type="DEFAULT_CAR"/>
    <instantOut id="235_D025" time="17327.50" state="stay" vehID="Car_11637" speed="9.08" length="5.00" type="DEFAULT_CAR"/>
    <instantOut id="235_D025" time="17327.52" state="leave" vehID="Car_11637" speed="8.33" length="5.00" type="DEFAULT_CAR" occupancy="0.53"/>
    <instantOut id="235_D025" time="17369.01" state="enter" vehID="Car_9559" speed="8.08" length="5.00" type="DEFAULT_CAR" gap="41.49"/>
    <instantOut id="235_D025" time="17369.25" state="stay" vehID="Car_9559" speed="8.08" length="5.00" type="DEFAULT_CAR"/>
    <instantOut id="235_D025" time="17369.50" state="stay" vehID="Car_9559" speed="7.33" length="5.00" type="DEFAULT_CAR"/>
    <instantOut id="235_D025" time="17369.69" state="leave" vehID="Car_9559" speed="6.58" length="5.00" type="DEFAULT_CAR" occupancy="0.68"/>
    <instantOut id="235_D025" time="18343.20" state="enter" vehID="Car_9893" speed="10.07" length="5.00" type="DEFAULT_CAR" gap="973.51"/>
    <instantOut id="235_D025" time="18343.25" state="stay" vehID="Car_9893" speed="10.07" length="5.00" type="DEFAULT_CAR"/>
    <instantOut id="235_D025" time="18343.50" state="stay" vehID="Car_9893" speed="9.66" length="5.00" type="DEFAULT_CAR"/>
    <instantOut id="235_D025" time="18343.73" state="leave" vehID="Car_9893" speed="8.99" length="5.00" type="DEFAULT_CAR" occupancy="0.53"/>
    <instantOut id="235_D025" time="19343.19" state="enter" vehID="Car_11495" speed="10.17" length="5.00" type="DEFAULT_CAR" gap="999.46"/>
    <instantOut id="235_D025" time="19343.25" state="stay" vehID="Car_11495" speed="10.17" length="5.00" type="DEFAULT_CAR"/>
    <instantOut id="235_D025" time="19343.50" state="stay" vehID="Car_11495" speed="9.59" length="5.00" type="DEFAULT_CAR"/>
    <instantOut id="235_D025" time="19343.72" state="leave" vehID="Car_11495" speed="8.84" length="5.00" type="DEFAULT_CAR" occupancy="0.54"/>
    <instantOut id="235_D025" time="22148.45" state="enter" vehID="Car_12264" speed="10.03" length="5.00" type="DEFAULT_CAR" gap="2804.72"/>
    <instantOut id="235_D025" time="22148.50" state="stay" vehID="Car_12264" speed="10.03" length="5.00" type="DEFAULT_CAR"/>
    <instantOut id="235_D025" time="22148.75" state="stay" vehID="Car_12264" speed="9.71" length="5.00" type="DEFAULT_CAR"/>
    <instantOut id="235_D025" time="22148.98" state="leave" vehID="Car_12264" speed="8.98" length="5.00" type="DEFAULT_CAR" occupancy="0.53"/>
    <instantOut id="235_D025" time="22294.91" state="enter" vehID="Car_12624" speed="10.26" length="5.00" type="DEFAULT_CAR" gap="145.93"/>
    <instantOut id="235_D025" time="22295.00" state="stay" vehID="Car_12624" speed="10.26" length="5.00" type="DEFAULT_CAR"/>
    <instantOut id="235_D025" time="22295.25" state="stay" vehID="Car_12624" speed="9.51" length="5.00" type="DEFAULT_CAR"/>
    <instantOut id="235_D025" time="22295.44" state="leave" vehID="Car_12624" speed="8.76" length="5.00" type="DEFAULT_CAR" occupancy="0.53"/>
    <instantOut id="235_D025" time="22922.47" state="enter" vehID="Car_12610" speed="8.62" length="5.00" type="DEFAULT_CAR" gap="627.03"/>
    <instantOut id="235_D025" time="22922.50" state="stay" vehID="Car_12610" speed="8.62" length="5.00" type="DEFAULT_CAR"/>
    <instantOut id="235_D025" time="22922.75" state="stay" vehID="Car_12610" speed="7.87" length="5.00" type="DEFAULT_CAR"/>
    <instantOut id="235_D025" time="22923.00" state="stay" vehID="Car_12610" speed="7.31" length="5.00" type="DEFAULT_CAR"/>
    <instantOut id="235_D025" time="22923.15" state="leave" vehID="Car_12610" speed="6.56" length="5.00" type="DEFAULT_CAR" occupancy="0.68"/>
    <instantOut id="235_D025" time="23993.73" state="enter" vehID="Car_11837" speed="9.61" length="5.00" type="DEFAULT_CAR" gap="1070.58"/>
    <instantOut id="235_D025" time="23993.75" state="stay" vehID="Car_11837" speed="9.61" length="5.00" type="DEFAULT_CAR"/>
    <instantOut id="235_D025" time="23994.00" state="stay" vehID="Car_11837" speed="10.17" length="5.00" type="DEFAULT_CAR"/>
    <instantOut id="235_D025" time="23994.24" state="leave" vehID="Car_11837" speed="9.61" length="5.00" type="DEFAULT_CAR" occupancy="0.51"/>
    <instantOut id="235_D025" time="25311.73" state="enter" vehID="Car_15361" speed="8.87" length="5.00" type="DEFAULT_CAR" gap="1317.49"/>
    <instantOut id="235_D025" time="25311.75" state="stay" vehID="Car_15361" speed="8.87" length="5.00" type="DEFAULT_CAR"/>
    <instantOut id="235_D025" time="25312.00" state="stay" vehID="Car_15361" speed="8.36" length="5.00" type="DEFAULT_CAR"/>
    <instantOut id="235_D025" time="25312.25" state="stay" vehID="Car_15361" speed="7.61" length="5.00" type="DEFAULT_CAR"/>
    <instantOut id="235_D025" time="25312.37" state="leave" vehID="Car_15361" speed="6.86" length="5.00" type="DEFAULT_CAR" occupancy="0.64"/>
    <instantOut id="235_D025" time="26025.52" state="enter" vehID="Car_16158" speed="7.37" length="5.00" type="DEFAULT_CAR" gap="713.15"/>
    <instantOut id="235_D025" time="26025.75" state="stay" vehID="Car_16158" speed="7.37" length="5.00" type="DEFAULT_CAR"/>
    <instantOut id="235_D025" time="26026.00" state="stay" vehID="Car_16158" speed="6.69" length="5.00" type="DEFAULT_CAR"/>
    <instantOut id="235_D025" time="26026.25" state="stay" vehID="Car_16158" speed="5.94" length="5.00" type="DEFAULT_CAR"/>
    <instantOut id="235_D025" time="26026.27" state="leave" vehID="Car_16158" speed="5.19" length="5.00" type="DEFAULT_CAR" occupancy="0.76"/>
    <instantOut id="235_D025" time="27795.01" state="enter" vehID="Car_16655" speed="7.29" length="5.00" type="DEFAULT_CAR" gap="1768.74"/>
    <instantOut id="235_D025" time="27795.25" state="stay" vehID="Car_16655" speed="7.29" length="5.00" type="DEFAULT_CAR"/>
    <instantOut id="235_D025" time="27795.50" state="stay" vehID="Car_16655" speed="6.54" length="5.00" type="DEFAULT_CAR"/>
    <instantOut id="235_D025" time="27795.75" state="stay" vehID="Car_16655" speed="5.85" length="5.00" type="DEFAULT_CAR"/>
    <instantOut id="235_D025" time="27795.78" state="leave" vehID="Car_16655" speed="5.15" length="5.00" type="DEFAULT_CAR" occupancy="0.77"/>
    <instantOut id="235_D025" time="29283.46" state="enter" vehID="Car_17315" speed="10.09" length="5.00" type="DEFAULT_CAR" gap="1487.68"/>
    <instantOut id="235_D025" time="29283.50" state="stay" vehID="Car_17315" speed="10.09" length="5.00" type="DEFAULT_CAR"/>
    <instantOut id="235_D025" time="29283.75" state="stay" vehID="Car_17315" speed="9.34" length="5.00" type="DEFAULT_CAR"/>
    <instantOut id="235_D025" time="29284.00" state="stay" vehID="Car_17315" speed="8.59" length="5.00" type="DEFAULT_CAR"/>
    <instantOut id="235_D025" time="29284.02" state="leave" vehID="Car_17315" speed="7.91" length="5.00" type="DEFAULT_CAR" occupancy="0.56"/>
    <instantOut id="235_D025" time="30683.22" state="enter" vehID="Car_17607" speed="9.58" length="5.00" type="DEFAULT_CAR" gap="1399.20"/>
    <instantOut id="235_D025" time="30683.25" state="stay" vehID="Car_17607" speed="9.58" length="5.00" type="DEFAULT_CAR"/>
    <instantOut id="235_D025" time="30683.50" state="stay" vehID="Car_17607" speed="9.80" length="5.00" type="DEFAULT_CAR"/>
    <instantOut id="235_D025" time="30683.75" state="stay" vehID="Car_17607" speed="9.16" length="5.00" type="DEFAULT_CAR"/>
    <instantOut id="235_D025" time="30683.75" state="leave" vehID="Car_17607" speed="8.41" length="5.00" type="DEFAULT_CAR" occupancy="0.53"/>
    <instantOut id="235_D025" time="31409.08" state="enter" vehID="Car_18846" speed="9.41" length="5.00" type="DEFAULT_CAR" gap="725.33"/>
    <instantOut id="235_D025" time="31409.25" state="stay" vehID="Car_18846" speed="9.41" length="5.00" type="DEFAULT_CAR"/>
    <instantOut id="235_D025" time="31409.50" state="stay" vehID="Car_18846" speed="8.66" length="5.00" type="DEFAULT_CAR"/>
    <instantOut id="235_D025" time="31409.65" state="leave" vehID="Car_18846" speed="7.91" length="5.00" type="DEFAULT_CAR" occupancy="0.58"/>
    <instantOut id="235_D025" time="31551.74" state="enter" vehID="Car_18848" speed="8.80" length="5.00" type="DEFAULT_CAR" gap="142.09"/>
    <instantOut id="235_D025" time="31551.75" state="stay" vehID="Car_18848" speed="8.80" length="5.00" type="DEFAULT_CAR"/>
    <instantOut id="235_D025" time="31552.00" state="stay" vehID="Car_18848" speed="8.08" length="5.00" type="DEFAULT_CAR"/>
    <instantOut id="235_D025" time="31552.25" state="stay" vehID="Car_18848" speed="7.66" length="5.00" type="DEFAULT_CAR"/>
    <instantOut id="235_D025" time="31552.39" state="leave" vehID="Car_18848" speed="7.18" length="5.00" type="DEFAULT_CAR" occupancy="0.65"/>
    <instantOut id="235_D025" time="32959.69" state="enter" vehID="Car_20711" speed="9.33" length="5.00" type="DEFAULT_CAR" gap="1407.30"/>
    <instantOut id="235_D025" time="32959.75" state="stay" vehID="Car_20711" speed="9.33" length="5.00" type="DEFAULT_CAR"/>
    <instantOut id="235_D025" time="32960.00" state="stay" vehID="Car_20711" speed="8.58" length="5.00" type="DEFAULT_CAR"/>
    <instantOut id="235_D025" time="32960.25" state="stay" vehID="Car_20711" speed="7.83" length="5.00" type="DEFAULT_CAR"/>
    <instantOut id="235_D025" time="32960.30" state="leave" vehID="Car_20711" speed="7.09" length="5.00" type="DEFAULT_CAR" occupancy="0.61"/>
    <instantOut id="235_D025" time="34808.11" state="enter" vehID="Car_20589" speed="7.20" length="5.00" type="DEFAULT_CAR" gap="1847.81"/>
    <instantOut id="235_D025" time="34808.25" state="stay" vehID="Car_20589" speed="7.20" length="5.00" type="DEFAULT_CAR"/>
    <instantOut id="235_D025" time="34808.50" state="stay" vehID="Car_20589" speed="7.91" length="5.00" type="DEFAULT_CAR"/>
    <instantOut id="235_D025" time="34808.74" state="leave" vehID="Car_20589" speed="8.43" length="5.00" type="DEFAULT_CAR" occupancy="0.63"/>
    <instantOut id="235_D025" time="38090.63" state="enter" vehID="Car_22106" speed="6.89" length="5.00" type="DEFAULT_CAR" gap="3281.89"/>
    <instantOut id="235_D025" time="38090.75" state="stay" vehID="Car_22106" speed="6.89" length="5.00" type="DEFAULT_CAR"/>
    <instantOut id="235_D025" time="38091.00" state="stay" vehID="Car_22106" speed="6.14" length="5.00" type="DEFAULT_CAR"/>
    <instantOut id="235_D025" time="38091.25" state="stay" vehID="Car_22106" speed="5.39" length="5.00" type="DEFAULT_CAR"/>
    <instantOut id="235_D025" time="38091.50" state="stay" vehID="Car_22106" speed="4.64" length="5.00" type="DEFAULT_CAR"/>
    <instantOut id="235_D025" time="38091.53" state="leave" vehID="Car_22106" speed="3.91" length="5.00" type="DEFAULT_CAR" occupancy="0.90"/>
    <instantOut id="235_D025" time="39837.98" state="enter" vehID="Car_23394" speed="8.55" length="5.00" type="DEFAULT_CAR" gap="1746.45"/>
    <instantOut id="235_D025" time="39838.00" state="stay" vehID="Car_23394" speed="8.55" length="5.00" type="DEFAULT_CAR"/>
    <instantOut id="235_D025" time="39838.25" state="stay" vehID="Car_23394" speed="8.03" length="5.00" type="DEFAULT_CAR"/>
    <instantOut id="235_D025" time="39838.50" state="stay" vehID="Car_23394" speed="7.30" length="5.00" type="DEFAULT_CAR"/>
    <instantOut id="235_D025" time="39838.65" state="leave" vehID="Car_23394" speed="6.55" length="5.00" type="DEFAULT_CAR" occupancy="0.67"/>
    <instantOut id="235_D025" time="39946.80" state="enter" vehID="Car_23400" speed="7.45" length="5.00" type="DEFAULT_CAR" gap="108.15"/>
    <instantOut id="235_D025" time="39947.00" state="stay" vehID="Car_23400" speed="7.45" length="5.00" type="DEFAULT_CAR"/>
    <instantOut id="235_D025" time="39947.25" state="stay" vehID="Car_23400" speed="6.70" length="5.00" type="DEFAULT_CAR"/>
    <instantOut id="235_D025" time="39947.50" state="stay" vehID="Car_23400" speed="5.95" length="5.00" type="DEFAULT_CAR"/>
    <instantOut id="235_D025" time="39947.56" state="leave" vehID="Car_23400" speed="5.32" length="5.00" type="DEFAULT_CAR" occupancy="0.76"/>
    <instantOut id="235_D025" time="40430.68" state="enter" vehID="Car_23335" speed="10.17" length="5.00" type="DEFAULT_CAR" gap="483.12"/>
    <instantOut id="235_D025" time="40430.75" state="stay" vehID="Car_23335" speed="10.17" length="5.00" type="DEFAULT_CAR"/>
    <instantOut id="235_D025" time="40431.00" state="stay" vehID="Car_23335" speed="9.42" length="5.00" type="DEFAULT_CAR"/>
    <instantOut id="235_D025" time="40431.22" state="leave" vehID="Car_23335" speed="8.67" length="5.00" type="DEFAULT_CAR" occupancy="0.54"/>
    <instantOut id="235_D025" time="42063.49" state="enter" vehID="Car_23651" speed="8.72" length="5.00" type="DEFAULT_CAR" gap="1632.26"/>
    <instantOut id="235_D025" time="42063.50" state="stay" vehID="Car_23651" speed="8.72" length="5.00" type="DEFAULT_CAR"/>
    <instantOut id="235_D025" time="42063.75" state="stay" vehID="Car_23651" speed="7.97" length="5.00" type="DEFAULT_CAR"/>
    <instantOut id="235_D025" time="42064.00" state="stay" vehID="Car_23651" speed="7.22" length="5.00" type="DEFAULT_CAR"/>
    <instantOut id="235_D025" time="42064.17" state="leave" vehID="Car_23651" speed="6.47" length="5.00" type="DEFAULT_CAR" occupancy="0.68"/>
</instantE1>
