<?xml version="1.0" encoding="UTF-8"?>

<!-- generated on 2025-02-28 16:38:54 by Eclipse SUMO GUI Version 1.19.0
<configuration xmlns:xsi="http://www.w3.org/2001/XMLSchema-instance" xsi:noNamespaceSchemaLocation="http://sumo.dlr.de/xsd/sumoConfiguration.xsd">

    <input>
        <net-file value="Network.net.xml"/>
        <route-files value="CarRoutes.rou.xml"/>
        <additional-files value="Sensors.add.xml"/>
    </input>

    <output>
        <emission-output value="logs/Emissions.xml"/>
        <summary-output value="logs/Log_summary.xml"/>
        <summary-output.period value="300"/>
        <tripinfo-output value="logs/TripInfos.xml"/>
    </output>

    <time>
        <begin value="0"/>
        <end value="86400"/>
        <step-length value="0.25"/>
    </time>

    <processing>
        <ignore-junction-blocker value="0.1"/>
        <time-to-teleport value="-1"/>
    </processing>

    <report>
        <verbose value="true"/>
        <no-step-log value="true"/>
    </report>

    <emissions>
        <device.emissions.period value="10"/>
    </emissions>

    <traci_server>
        <remote-port value="57368"/>
    </traci_server>

    <gui_only>
        <quit-on-end value="true"/>
        <start value="true"/>
    </gui_only>

</configuration>
-->

<instantE1 xmlns:xsi="http://www.w3.org/2001/XMLSchema-instance" xsi:noNamespaceSchemaLocation="http://sumo.dlr.de/xsd/instant_e1_file.xsd">
    <instantOut id="235_D104" time="1986.45" state="enter" vehID="Car_1266" speed="6.70" length="5.00" type="DEFAULT_CAR"/>
    <instantOut id="235_D104" time="1986.50" state="stay" vehID="Car_1266" speed="6.70" length="5.00" type="DEFAULT_CAR"/>
    <instantOut id="235_D104" time="1986.75" state="stay" vehID="Car_1266" speed="5.95" length="5.00" type="DEFAULT_CAR"/>
    <instantOut id="235_D104" time="1987.00" state="stay" vehID="Car_1266" speed="5.20" length="5.00" type="DEFAULT_CAR"/>
    <instantOut id="235_D104" time="1987.25" state="stay" vehID="Car_1266" speed="6.15" length="5.00" type="DEFAULT_CAR"/>
    <instantOut id="235_D104" time="1987.30" state="leave" vehID="Car_1266" speed="7.10" length="5.00" type="DEFAULT_CAR" occupancy="0.85"/>
</instantE1>
