<?xml version="1.0" encoding="UTF-8"?>

<!-- generated on 2025-02-28 16:31:00 by Eclipse SUMO GUI Version 1.19.0
<configuration xmlns:xsi="http://www.w3.org/2001/XMLSchema-instance" xsi:noNamespaceSchemaLocation="http://sumo.dlr.de/xsd/sumoConfiguration.xsd">

    <input>
        <net-file value="Network.net.xml"/>
        <route-files value="CarRoutes.rou.xml"/>
        <additional-files value="Sensors.add.xml"/>
    </input>

    <output>
        <emission-output value="logs/Emissions.xml"/>
        <summary-output value="logs/Log_summary.xml"/>
        <summary-output.period value="300"/>
        <tripinfo-output value="logs/TripInfos.xml"/>
    </output>

    <time>
        <begin value="0"/>
        <end value="86400"/>
        <step-length value="0.25"/>
    </time>

    <processing>
        <ignore-junction-blocker value="0.1"/>
        <time-to-teleport value="-1"/>
    </processing>

    <report>
        <verbose value="true"/>
        <no-step-log value="true"/>
    </report>

    <emissions>
        <device.emissions.period value="10"/>
    </emissions>

    <traci_server>
        <remote-port value="57313"/>
    </traci_server>

    <gui_only>
        <quit-on-end value="true"/>
        <start value="true"/>
    </gui_only>

</configuration>
-->

<instantE1 xmlns:xsi="http://www.w3.org/2001/XMLSchema-instance" xsi:noNamespaceSchemaLocation="http://sumo.dlr.de/xsd/instant_e1_file.xsd">
    <instantOut id="235_D025" time="206.99" state="enter" vehID="Car_405" speed="6.99" length="5.00" type="DEFAULT_CAR"/>
    <instantOut id="235_D025" time="207.00" state="stay" vehID="Car_405" speed="6.99" length="5.00" type="DEFAULT_CAR"/>
    <instantOut id="235_D025" time="207.25" state="stay" vehID="Car_405" speed="7.70" length="5.00" type="DEFAULT_CAR"/>
    <instantOut id="235_D025" time="207.50" state="stay" vehID="Car_405" speed="8.39" length="5.00" type="DEFAULT_CAR"/>
    <instantOut id="235_D025" time="207.62" state="leave" vehID="Car_405" speed="7.96" length="5.00" type="DEFAULT_CAR" occupancy="0.62"/>
    <instantOut id="235_D025" time="886.48" state="enter" vehID="Car_696" speed="8.68" length="5.00" type="DEFAULT_CAR" gap="678.86"/>
    <instantOut id="235_D025" time="886.50" state="stay" vehID="Car_696" speed="8.68" length="5.00" type="DEFAULT_CAR"/>
    <instantOut id="235_D025" time="886.75" state="stay" vehID="Car_696" speed="8.23" length="5.00" type="DEFAULT_CAR"/>
    <instantOut id="235_D025" time="887.00" state="stay" vehID="Car_696" speed="7.48" length="5.00" type="DEFAULT_CAR"/>
    <instantOut id="235_D025" time="887.13" state="leave" vehID="Car_696" speed="6.73" length="5.00" type="DEFAULT_CAR" occupancy="0.65"/>
    <instantOut id="235_D025" time="980.99" state="enter" vehID="Car_697" speed="6.60" length="5.00" type="DEFAULT_CAR" gap="93.86"/>
    <instantOut id="235_D025" time="981.00" state="stay" vehID="Car_697" speed="6.60" length="5.00" type="DEFAULT_CAR"/>
    <instantOut id="235_D025" time="981.25" state="stay" vehID="Car_697" speed="7.43" length="5.00" type="DEFAULT_CAR"/>
    <instantOut id="235_D025" time="981.50" state="stay" vehID="Car_697" speed="8.29" length="5.00" type="DEFAULT_CAR"/>
    <instantOut id="235_D025" time="981.61" state="leave" vehID="Car_697" speed="9.15" length="5.00" type="DEFAULT_CAR" occupancy="0.62"/>
    <instantOut id="235_D025" time="1965.00" state="enter" vehID="Car_155" speed="8.40" length="5.00" type="DEFAULT_CAR" gap="983.39"/>
    <instantOut id="235_D025" time="1965.00" state="stay" vehID="Car_155" speed="8.40" length="5.00" type="DEFAULT_CAR"/>
    <instantOut id="235_D025" time="1965.25" state="stay" vehID="Car_155" speed="7.65" length="5.00" type="DEFAULT_CAR"/>
    <instantOut id="235_D025" time="1965.50" state="stay" vehID="Car_155" speed="6.92" length="5.00" type="DEFAULT_CAR"/>
    <instantOut id="235_D025" time="1965.72" state="leave" vehID="Car_155" speed="6.17" length="5.00" type="DEFAULT_CAR" occupancy="0.72"/>
    <instantOut id="235_D025" time="7342.36" state="enter" vehID="Car_3364" speed="6.97" length="5.00" type="DEFAULT_CAR" gap="5376.64"/>
    <instantOut id="235_D025" time="7342.50" state="stay" vehID="Car_3364" speed="6.97" length="5.00" type="DEFAULT_CAR"/>
    <instantOut id="235_D025" time="7342.75" state="stay" vehID="Car_3364" speed="6.22" length="5.00" type="DEFAULT_CAR"/>
    <instantOut id="235_D025" time="7343.00" state="stay" vehID="Car_3364" speed="5.52" length="5.00" type="DEFAULT_CAR"/>
    <instantOut id="235_D025" time="7343.23" state="leave" vehID="Car_3364" speed="4.77" length="5.00" type="DEFAULT_CAR" occupancy="0.87"/>
    <instantOut id="235_D025" time="9253.74" state="enter" vehID="Car_3924" speed="9.07" length="5.00" type="DEFAULT_CAR" gap="1910.51"/>
    <instantOut id="235_D025" time="9253.75" state="stay" vehID="Car_3924" speed="9.07" length="5.00" type="DEFAULT_CAR"/>
    <instantOut id="235_D025" time="9254.00" state="stay" vehID="Car_3924" speed="8.32" length="5.00" type="DEFAULT_CAR"/>
    <instantOut id="235_D025" time="9254.25" state="stay" vehID="Car_3924" speed="7.57" length="5.00" type="DEFAULT_CAR"/>
    <instantOut id="235_D025" time="9254.39" state="leave" vehID="Car_3924" speed="6.82" length="5.00" type="DEFAULT_CAR" occupancy="0.65"/>
    <instantOut id="235_D025" time="12887.51" state="enter" vehID="Car_6572" speed="8.31" length="5.00" type="DEFAULT_CAR" gap="3633.12"/>
    <instantOut id="235_D025" time="12887.75" state="stay" vehID="Car_6572" speed="8.31" length="5.00" type="DEFAULT_CAR"/>
    <instantOut id="235_D025" time="12888.00" state="stay" vehID="Car_6572" speed="7.59" length="5.00" type="DEFAULT_CAR"/>
    <instantOut id="235_D025" time="12888.15" state="leave" vehID="Car_6572" speed="7.10" length="5.00" type="DEFAULT_CAR" occupancy="0.65"/>
    <instantOut id="235_D025" time="13065.90" state="enter" vehID="Car_5988" speed="6.97" length="5.00" type="DEFAULT_CAR" gap="177.75"/>
    <instantOut id="235_D025" time="13066.00" state="stay" vehID="Car_5988" speed="6.97" length="5.00" type="DEFAULT_CAR"/>
    <instantOut id="235_D025" time="13066.25" state="stay" vehID="Car_5988" speed="7.80" length="5.00" type="DEFAULT_CAR"/>
    <instantOut id="235_D025" time="13066.50" state="stay" vehID="Car_5988" speed="8.55" length="5.00" type="DEFAULT_CAR"/>
    <instantOut id="235_D025" time="13066.52" state="leave" vehID="Car_5988" speed="9.45" length="5.00" type="DEFAULT_CAR" occupancy="0.62"/>
    <instantOut id="235_D025" time="15685.98" state="enter" vehID="Car_9193" speed="9.32" length="5.00" type="DEFAULT_CAR" gap="2619.46"/>
    <instantOut id="235_D025" time="15686.00" state="stay" vehID="Car_9193" speed="9.32" length="5.00" type="DEFAULT_CAR"/>
    <instantOut id="235_D025" time="15686.25" state="stay" vehID="Car_9193" speed="8.57" length="5.00" type="DEFAULT_CAR"/>
    <instantOut id="235_D025" time="15686.50" state="stay" vehID="Car_9193" speed="7.82" length="5.00" type="DEFAULT_CAR"/>
    <instantOut id="235_D025" time="15686.60" state="leave" vehID="Car_9193" speed="7.14" length="5.00" type="DEFAULT_CAR" occupancy="0.62"/>
    <instantOut id="235_D025" time="17897.52" state="enter" vehID="Car_9641" speed="6.82" length="5.00" type="DEFAULT_CAR" gap="2210.93"/>
    <instantOut id="235_D025" time="17897.75" state="stay" vehID="Car_9641" speed="6.82" length="5.00" type="DEFAULT_CAR"/>
    <instantOut id="235_D025" time="17898.00" state="stay" vehID="Car_9641" speed="6.23" length="5.00" type="DEFAULT_CAR"/>
    <instantOut id="235_D025" time="17898.25" state="stay" vehID="Car_9641" speed="5.48" length="5.00" type="DEFAULT_CAR"/>
    <instantOut id="235_D025" time="17898.35" state="leave" vehID="Car_9641" speed="5.25" length="5.00" type="DEFAULT_CAR" occupancy="0.83"/>
    <instantOut id="235_D025" time="19483.23" state="enter" vehID="Car_11481" speed="9.19" length="5.00" type="DEFAULT_CAR" gap="1584.88"/>
    <instantOut id="235_D025" time="19483.25" state="stay" vehID="Car_11481" speed="9.19" length="5.00" type="DEFAULT_CAR"/>
    <instantOut id="235_D025" time="19483.50" state="stay" vehID="Car_11481" speed="10.09" length="5.00" type="DEFAULT_CAR"/>
    <instantOut id="235_D025" time="19483.75" state="leave" vehID="Car_11481" speed="9.34" length="5.00" type="DEFAULT_CAR" occupancy="0.52"/>
    <instantOut id="235_D025" time="19485.19" state="enter" vehID="Car_9849" speed="10.01" length="5.00" type="DEFAULT_CAR" gap="1.44"/>
    <instantOut id="235_D025" time="19485.25" state="stay" vehID="Car_9849" speed="10.01" length="5.00" type="DEFAULT_CAR"/>
    <instantOut id="235_D025" time="19485.50" state="stay" vehID="Car_9849" speed="9.28" length="5.00" type="DEFAULT_CAR"/>
    <instantOut id="235_D025" time="19485.74" state="leave" vehID="Car_9849" speed="8.53" length="5.00" type="DEFAULT_CAR" occupancy="0.55"/>
    <instantOut id="235_D025" time="21444.90" state="enter" vehID="Car_12352" speed="7.08" length="5.00" type="DEFAULT_CAR" gap="1959.16"/>
    <instantOut id="235_D025" time="21445.00" state="stay" vehID="Car_12352" speed="7.08" length="5.00" type="DEFAULT_CAR"/>
    <instantOut id="235_D025" time="21445.25" state="stay" vehID="Car_12352" speed="7.69" length="5.00" type="DEFAULT_CAR"/>
    <instantOut id="235_D025" time="21445.50" state="stay" vehID="Car_12352" speed="7.19" length="5.00" type="DEFAULT_CAR"/>
    <instantOut id="235_D025" time="21445.59" state="leave" vehID="Car_12352" speed="6.65" length="5.00" type="DEFAULT_CAR" occupancy="0.69"/>
    <instantOut id="235_D025" time="23355.47" state="enter" vehID="Car_12637" speed="9.50" length="5.00" type="DEFAULT_CAR" gap="1909.88"/>
    <instantOut id="235_D025" time="23355.50" state="stay" vehID="Car_12637" speed="9.50" length="5.00" type="DEFAULT_CAR"/>
    <instantOut id="235_D025" time="23355.75" state="stay" vehID="Car_12637" speed="9.14" length="5.00" type="DEFAULT_CAR"/>
    <instantOut id="235_D025" time="23356.00" state="stay" vehID="Car_12637" speed="8.59" length="5.00" type="DEFAULT_CAR"/>
    <instantOut id="235_D025" time="23356.04" state="leave" vehID="Car_12637" speed="7.84" length="5.00" type="DEFAULT_CAR" occupancy="0.57"/>
    <instantOut id="235_D025" time="24169.27" state="enter" vehID="Car_14616" speed="9.96" length="5.00" type="DEFAULT_CAR" gap="813.23"/>
    <instantOut id="235_D025" time="24169.50" state="stay" vehID="Car_14616" speed="9.96" length="5.00" type="DEFAULT_CAR"/>
    <instantOut id="235_D025" time="24169.75" state="stay" vehID="Car_14616" speed="9.21" length="5.00" type="DEFAULT_CAR"/>
    <instantOut id="235_D025" time="24169.79" state="leave" vehID="Car_14616" speed="8.67" length="5.00" type="DEFAULT_CAR" occupancy="0.53"/>
    <instantOut id="235_D025" time="25908.00" state="enter" vehID="Car_15520" speed="8.33" length="5.00" type="DEFAULT_CAR" gap="1738.21"/>
    <instantOut id="235_D025" time="25908.25" state="stay" vehID="Car_15520" speed="8.33" length="5.00" type="DEFAULT_CAR"/>
    <instantOut id="235_D025" time="25908.50" state="stay" vehID="Car_15520" speed="7.86" length="5.00" type="DEFAULT_CAR"/>
    <instantOut id="235_D025" time="25908.64" state="leave" vehID="Car_15520" speed="7.11" length="5.00" type="DEFAULT_CAR" occupancy="0.63"/>
    <instantOut id="235_D025" time="26282.99" state="enter" vehID="Car_15980" speed="8.64" length="5.00" type="DEFAULT_CAR" gap="374.35"/>
    <instantOut id="235_D025" time="26283.00" state="stay" vehID="Car_15980" speed="8.64" length="5.00" type="DEFAULT_CAR"/>
    <instantOut id="235_D025" time="26283.25" state="stay" vehID="Car_15980" speed="7.89" length="5.00" type="DEFAULT_CAR"/>
    <instantOut id="235_D025" time="26283.50" state="stay" vehID="Car_15980" speed="7.14" length="5.00" type="DEFAULT_CAR"/>
    <instantOut id="235_D025" time="26283.68" state="leave" vehID="Car_15980" speed="6.39" length="5.00" type="DEFAULT_CAR" occupancy="0.69"/>
    <instantOut id="235_D025" time="26510.31" state="enter" vehID="Car_15986" speed="7.64" length="5.00" type="DEFAULT_CAR" gap="226.63"/>
    <instantOut id="235_D025" time="26510.50" state="stay" vehID="Car_15986" speed="7.64" length="5.00" type="DEFAULT_CAR"/>
    <instantOut id="235_D025" time="26510.75" state="stay" vehID="Car_15986" speed="6.89" length="5.00" type="DEFAULT_CAR"/>
    <instantOut id="235_D025" time="26511.00" state="stay" vehID="Car_15986" speed="6.28" length="5.00" type="DEFAULT_CAR"/>
    <instantOut id="235_D025" time="26511.04" state="leave" vehID="Car_15986" speed="5.53" length="5.00" type="DEFAULT_CAR" occupancy="0.74"/>
    <instantOut id="235_D025" time="27373.23" state="enter" vehID="Car_16274" speed="9.17" length="5.00" type="DEFAULT_CAR" gap="862.19"/>
    <instantOut id="235_D025" time="27373.25" state="stay" vehID="Car_16274" speed="9.17" length="5.00" type="DEFAULT_CAR"/>
    <instantOut id="235_D025" time="27373.50" state="stay" vehID="Car_16274" speed="8.42" length="5.00" type="DEFAULT_CAR"/>
    <instantOut id="235_D025" time="27373.75" state="stay" vehID="Car_16274" speed="7.87" length="5.00" type="DEFAULT_CAR"/>
    <instantOut id="235_D025" time="27373.85" state="leave" vehID="Car_16274" speed="7.14" length="5.00" type="DEFAULT_CAR" occupancy="0.62"/>
    <instantOut id="235_D025" time="27748.64" state="enter" vehID="Car_15514" speed="8.26" length="5.00" type="DEFAULT_CAR" gap="374.79"/>
    <instantOut id="235_D025" time="27748.75" state="stay" vehID="Car_15514" speed="8.26" length="5.00" type="DEFAULT_CAR"/>
    <instantOut id="235_D025" time="27749.00" state="stay" vehID="Car_15514" speed="7.51" length="5.00" type="DEFAULT_CAR"/>
    <instantOut id="235_D025" time="27749.25" state="stay" vehID="Car_15514" speed="6.76" length="5.00" type="DEFAULT_CAR"/>
    <instantOut id="235_D025" time="27749.34" state="leave" vehID="Car_15514" speed="6.05" length="5.00" type="DEFAULT_CAR" occupancy="0.70"/>
    <instantOut id="235_D025" time="29833.93" state="enter" vehID="Car_18378" speed="9.85" length="5.00" type="DEFAULT_CAR" gap="2084.59"/>
    <instantOut id="235_D025" time="29834.00" state="stay" vehID="Car_18378" speed="9.85" length="5.00" type="DEFAULT_CAR"/>
    <instantOut id="235_D025" time="29834.25" state="stay" vehID="Car_18378" speed="9.18" length="5.00" type="DEFAULT_CAR"/>
    <instantOut id="235_D025" time="29834.49" state="leave" vehID="Car_18378" speed="8.43" length="5.00" type="DEFAULT_CAR" occupancy="0.56"/>
    <instantOut id="235_D025" time="30848.04" state="enter" vehID="Car_18466" speed="7.12" length="5.00" type="DEFAULT_CAR" gap="1013.55"/>
    <instantOut id="235_D025" time="30848.25" state="stay" vehID="Car_18466" speed="7.12" length="5.00" type="DEFAULT_CAR"/>
    <instantOut id="235_D025" time="30848.50" state="stay" vehID="Car_18466" speed="6.40" length="5.00" type="DEFAULT_CAR"/>
    <instantOut id="235_D025" time="30848.75" state="stay" vehID="Car_18466" speed="5.66" length="5.00" type="DEFAULT_CAR"/>
    <instantOut id="235_D025" time="30848.84" state="leave" vehID="Car_18466" speed="5.04" length="5.00" type="DEFAULT_CAR" occupancy="0.81"/>
    <instantOut id="235_D025" time="32894.50" state="enter" vehID="Car_19816" speed="8.38" length="5.00" type="DEFAULT_CAR" gap="2045.66"/>
    <instantOut id="235_D025" time="32894.75" state="stay" vehID="Car_19816" speed="8.38" length="5.00" type="DEFAULT_CAR"/>
    <instantOut id="235_D025" time="32895.00" state="stay" vehID="Car_19816" speed="7.75" length="5.00" type="DEFAULT_CAR"/>
    <instantOut id="235_D025" time="32895.14" state="leave" vehID="Car_19816" speed="7.10" length="5.00" type="DEFAULT_CAR" occupancy="0.64"/>
    <instantOut id="235_D025" time="34404.73" state="enter" vehID="Car_20493" speed="8.57" length="5.00" type="DEFAULT_CAR" gap="1509.59"/>
    <instantOut id="235_D025" time="34404.75" state="stay" vehID="Car_20493" speed="8.57" length="5.00" type="DEFAULT_CAR"/>
    <instantOut id="235_D025" time="34405.00" state="stay" vehID="Car_20493" speed="7.82" length="5.00" type="DEFAULT_CAR"/>
    <instantOut id="235_D025" time="34405.25" state="stay" vehID="Car_20493" speed="7.62" length="5.00" type="DEFAULT_CAR"/>
    <instantOut id="235_D025" time="34405.38" state="leave" vehID="Car_20493" speed="6.93" length="5.00" type="DEFAULT_CAR" occupancy="0.66"/>
    <instantOut id="235_D025" time="35458.68" state="enter" vehID="Car_21864" speed="6.95" length="5.00" type="DEFAULT_CAR" gap="1053.30"/>
    <instantOut id="235_D025" time="35458.75" state="stay" vehID="Car_21864" speed="6.95" length="5.00" type="DEFAULT_CAR"/>
    <instantOut id="235_D025" time="35459.00" state="stay" vehID="Car_21864" speed="6.20" length="5.00" type="DEFAULT_CAR"/>
    <instantOut id="235_D025" time="35459.25" state="stay" vehID="Car_21864" speed="5.69" length="5.00" type="DEFAULT_CAR"/>
    <instantOut id="235_D025" time="35459.50" state="stay" vehID="Car_21864" speed="5.08" length="5.00" type="DEFAULT_CAR"/>
    <instantOut id="235_D025" time="35459.57" state="leave" vehID="Car_21864" speed="4.40" length="5.00" type="DEFAULT_CAR" occupancy="0.88"/>
    <instantOut id="235_D025" time="39256.45" state="enter" vehID="Car_23434" speed="10.44" length="5.00" type="DEFAULT_CAR" gap="3796.88"/>
    <instantOut id="235_D025" time="39256.50" state="stay" vehID="Car_23434" speed="10.44" length="5.00" type="DEFAULT_CAR"/>
    <instantOut id="235_D025" time="39256.75" state="stay" vehID="Car_23434" speed="9.69" length="5.00" type="DEFAULT_CAR"/>
    <instantOut id="235_D025" time="39256.98" state="leave" vehID="Car_23434" speed="8.94" length="5.00" type="DEFAULT_CAR" occupancy="0.53"/>
    <instantOut id="235_D025" time="39580.76" state="enter" vehID="Car_22641" speed="8.64" length="5.00" type="DEFAULT_CAR" gap="323.78"/>
    <instantOut id="235_D025" time="39581.00" state="stay" vehID="Car_22641" speed="8.64" length="5.00" type="DEFAULT_CAR"/>
    <instantOut id="235_D025" time="39581.25" state="stay" vehID="Car_22641" speed="7.89" length="5.00" type="DEFAULT_CAR"/>
    <instantOut id="235_D025" time="39581.39" state="leave" vehID="Car_22641" speed="7.14" length="5.00" type="DEFAULT_CAR" occupancy="0.62"/>
    <instantOut id="235_D025" time="40537.23" state="enter" vehID="Car_23427" speed="10.14" length="5.00" type="DEFAULT_CAR" gap="955.84"/>
    <instantOut id="235_D025" time="40537.25" state="stay" vehID="Car_23427" speed="10.14" length="5.00" type="DEFAULT_CAR"/>
    <instantOut id="235_D025" time="40537.50" state="stay" vehID="Car_23427" speed="10.82" length="5.00" type="DEFAULT_CAR"/>
    <instantOut id="235_D025" time="40537.71" state="leave" vehID="Car_23427" speed="10.07" length="5.00" type="DEFAULT_CAR" occupancy="0.48"/>
    <instantOut id="235_D025" time="42980.98" state="enter" vehID="Car_24826" speed="9.17" length="5.00" type="DEFAULT_CAR" gap="2443.27"/>
    <instantOut id="235_D025" time="42981.00" state="stay" vehID="Car_24826" speed="9.17" length="5.00" type="DEFAULT_CAR"/>
    <instantOut id="235_D025" time="42981.25" state="stay" vehID="Car_24826" speed="8.47" length="5.00" type="DEFAULT_CAR"/>
    <instantOut id="235_D025" time="42981.50" state="stay" vehID="Car_24826" speed="7.72" length="5.00" type="DEFAULT_CAR"/>
    <instantOut id="235_D025" time="42981.60" state="leave" vehID="Car_24826" speed="6.97" length="5.00" type="DEFAULT_CAR" occupancy="0.63"/>
</instantE1>
