<?xml version="1.0" encoding="UTF-8"?>

<!-- generated on 2025-02-28 19:08:20 by Eclipse SUMO GUI Version 1.19.0
<configuration xmlns:xsi="http://www.w3.org/2001/XMLSchema-instance" xsi:noNamespaceSchemaLocation="http://sumo.dlr.de/xsd/sumoConfiguration.xsd">

    <input>
        <net-file value="Network.net.xml"/>
        <route-files value="CarRoutes.rou.xml"/>
        <additional-files value="Sensors.add.xml"/>
    </input>

    <output>
        <emission-output value="logs/Emissions.xml"/>
        <summary-output value="logs/Log_summary.xml"/>
        <summary-output.period value="300"/>
        <tripinfo-output value="logs/TripInfos.xml"/>
    </output>

    <time>
        <begin value="0"/>
        <end value="86400"/>
        <step-length value="0.25"/>
    </time>

    <processing>
        <ignore-junction-blocker value="0.1"/>
        <time-to-teleport value="-1"/>
    </processing>

    <report>
        <verbose value="true"/>
        <no-step-log value="true"/>
    </report>

    <emissions>
        <device.emissions.period value="10"/>
    </emissions>

    <traci_server>
        <remote-port value="59179"/>
    </traci_server>

    <gui_only>
        <quit-on-end value="true"/>
        <start value="true"/>
    </gui_only>

</configuration>
-->

<instantE1 xmlns:xsi="http://www.w3.org/2001/XMLSchema-instance" xsi:noNamespaceSchemaLocation="http://sumo.dlr.de/xsd/instant_e1_file.xsd">
    <instantOut id="235_D025" time="172.22" state="enter" vehID="Car_450" speed="9.79" length="5.00" type="DEFAULT_CAR"/>
    <instantOut id="235_D025" time="172.25" state="stay" vehID="Car_450" speed="9.79" length="5.00" type="DEFAULT_CAR"/>
    <instantOut id="235_D025" time="172.50" state="stay" vehID="Car_450" speed="9.51" length="5.00" type="DEFAULT_CAR"/>
    <instantOut id="235_D025" time="172.75" state="stay" vehID="Car_450" speed="8.76" length="5.00" type="DEFAULT_CAR"/>
    <instantOut id="235_D025" time="172.77" state="leave" vehID="Car_450" speed="8.12" length="5.00" type="DEFAULT_CAR" occupancy="0.55"/>
    <instantOut id="235_D025" time="3272.60" state="enter" vehID="Car_1509" speed="9.60" length="5.00" type="DEFAULT_CAR" gap="3099.83"/>
    <instantOut id="235_D025" time="3272.75" state="stay" vehID="Car_1509" speed="9.60" length="5.00" type="DEFAULT_CAR"/>
    <instantOut id="235_D025" time="3273.00" state="stay" vehID="Car_1509" speed="8.85" length="5.00" type="DEFAULT_CAR"/>
    <instantOut id="235_D025" time="3273.17" state="leave" vehID="Car_1509" speed="8.10" length="5.00" type="DEFAULT_CAR" occupancy="0.57"/>
    <instantOut id="235_D025" time="3948.24" state="enter" vehID="Car_2082" speed="8.53" length="5.00" type="DEFAULT_CAR" gap="675.07"/>
    <instantOut id="235_D025" time="3948.25" state="stay" vehID="Car_2082" speed="8.53" length="5.00" type="DEFAULT_CAR"/>
    <instantOut id="235_D025" time="3948.50" state="stay" vehID="Car_2082" speed="8.22" length="5.00" type="DEFAULT_CAR"/>
    <instantOut id="235_D025" time="3948.75" state="stay" vehID="Car_2082" speed="7.64" length="5.00" type="DEFAULT_CAR"/>
    <instantOut id="235_D025" time="3948.89" state="leave" vehID="Car_2082" speed="6.89" length="5.00" type="DEFAULT_CAR" occupancy="0.65"/>
    <instantOut id="235_D025" time="4637.01" state="enter" vehID="Car_2403" speed="7.59" length="5.00" type="DEFAULT_CAR" gap="688.12"/>
    <instantOut id="235_D025" time="4637.25" state="stay" vehID="Car_2403" speed="7.59" length="5.00" type="DEFAULT_CAR"/>
    <instantOut id="235_D025" time="4637.50" state="stay" vehID="Car_2403" speed="8.19" length="5.00" type="DEFAULT_CAR"/>
    <instantOut id="235_D025" time="4637.65" state="leave" vehID="Car_2403" speed="7.66" length="5.00" type="DEFAULT_CAR" occupancy="0.64"/>
    <instantOut id="235_D025" time="4647.20" state="enter" vehID="Car_2795" speed="9.84" length="5.00" type="DEFAULT_CAR" gap="9.55"/>
    <instantOut id="235_D025" time="4647.25" state="stay" vehID="Car_2795" speed="9.84" length="5.00" type="DEFAULT_CAR"/>
    <instantOut id="235_D025" time="4647.50" state="stay" vehID="Car_2795" speed="9.14" length="5.00" type="DEFAULT_CAR"/>
    <instantOut id="235_D025" time="4647.75" state="stay" vehID="Car_2795" speed="8.65" length="5.00" type="DEFAULT_CAR"/>
    <instantOut id="235_D025" time="4647.76" state="leave" vehID="Car_2795" speed="7.97" length="5.00" type="DEFAULT_CAR" occupancy="0.56"/>
    <instantOut id="235_D025" time="5085.50" state="enter" vehID="Car_2873" speed="8.76" length="5.00" type="DEFAULT_CAR" gap="437.74"/>
    <instantOut id="235_D025" time="5085.50" state="stay" vehID="Car_2873" speed="8.76" length="5.00" type="DEFAULT_CAR"/>
    <instantOut id="235_D025" time="5085.75" state="stay" vehID="Car_2873" speed="8.01" length="5.00" type="DEFAULT_CAR"/>
    <instantOut id="235_D025" time="5086.00" state="stay" vehID="Car_2873" speed="7.26" length="5.00" type="DEFAULT_CAR"/>
    <instantOut id="235_D025" time="5086.18" state="leave" vehID="Car_2873" speed="6.51" length="5.00" type="DEFAULT_CAR" occupancy="0.68"/>
    <instantOut id="235_D025" time="7508.77" state="enter" vehID="Car_4037" speed="7.72" length="5.00" type="DEFAULT_CAR" gap="2422.60"/>
    <instantOut id="235_D025" time="7509.00" state="stay" vehID="Car_4037" speed="7.72" length="5.00" type="DEFAULT_CAR"/>
    <instantOut id="235_D025" time="7509.25" state="stay" vehID="Car_4037" speed="6.97" length="5.00" type="DEFAULT_CAR"/>
    <instantOut id="235_D025" time="7509.49" state="leave" vehID="Car_4037" speed="6.22" length="5.00" type="DEFAULT_CAR" occupancy="0.72"/>
    <instantOut id="235_D025" time="8263.94" state="enter" vehID="Car_4510" speed="9.19" length="5.00" type="DEFAULT_CAR" gap="754.45"/>
    <instantOut id="235_D025" time="8264.00" state="stay" vehID="Car_4510" speed="9.19" length="5.00" type="DEFAULT_CAR"/>
    <instantOut id="235_D025" time="8264.25" state="stay" vehID="Car_4510" speed="8.51" length="5.00" type="DEFAULT_CAR"/>
    <instantOut id="235_D025" time="8264.50" state="stay" vehID="Car_4510" speed="7.76" length="5.00" type="DEFAULT_CAR"/>
    <instantOut id="235_D025" time="8264.56" state="leave" vehID="Car_4510" speed="7.23" length="5.00" type="DEFAULT_CAR" occupancy="0.61"/>
    <instantOut id="235_D025" time="11620.72" state="enter" vehID="Car_6484" speed="8.70" length="5.00" type="DEFAULT_CAR" gap="3356.16"/>
    <instantOut id="235_D025" time="11620.75" state="stay" vehID="Car_6484" speed="8.70" length="5.00" type="DEFAULT_CAR"/>
    <instantOut id="235_D025" time="11621.00" state="stay" vehID="Car_6484" speed="7.97" length="5.00" type="DEFAULT_CAR"/>
    <instantOut id="235_D025" time="11621.25" state="stay" vehID="Car_6484" speed="7.37" length="5.00" type="DEFAULT_CAR"/>
    <instantOut id="235_D025" time="11621.39" state="leave" vehID="Car_6484" speed="6.62" length="5.00" type="DEFAULT_CAR" occupancy="0.67"/>
    <instantOut id="235_D025" time="14375.50" state="enter" vehID="Car_8076" speed="8.25" length="5.00" type="DEFAULT_CAR" gap="2754.12"/>
    <instantOut id="235_D025" time="14375.75" state="stay" vehID="Car_8076" speed="8.25" length="5.00" type="DEFAULT_CAR"/>
    <instantOut id="235_D025" time="14376.00" state="stay" vehID="Car_8076" speed="7.51" length="5.00" type="DEFAULT_CAR"/>
    <instantOut id="235_D025" time="14376.16" state="leave" vehID="Car_8076" speed="6.76" length="5.00" type="DEFAULT_CAR" occupancy="0.66"/>
    <instantOut id="235_D025" time="15263.23" state="enter" vehID="Car_8814" speed="9.30" length="5.00" type="DEFAULT_CAR" gap="887.08"/>
    <instantOut id="235_D025" time="15263.25" state="stay" vehID="Car_8814" speed="9.30" length="5.00" type="DEFAULT_CAR"/>
    <instantOut id="235_D025" time="15263.50" state="stay" vehID="Car_8814" speed="8.55" length="5.00" type="DEFAULT_CAR"/>
    <instantOut id="235_D025" time="15263.75" state="stay" vehID="Car_8814" speed="7.80" length="5.00" type="DEFAULT_CAR"/>
    <instantOut id="235_D025" time="15263.86" state="leave" vehID="Car_8814" speed="7.05" length="5.00" type="DEFAULT_CAR" occupancy="0.62"/>
    <instantOut id="235_D025" time="17552.06" state="enter" vehID="Car_9924" speed="6.95" length="5.00" type="DEFAULT_CAR" gap="2288.20"/>
    <instantOut id="235_D025" time="17552.25" state="stay" vehID="Car_9924" speed="6.95" length="5.00" type="DEFAULT_CAR"/>
    <instantOut id="235_D025" time="17552.50" state="stay" vehID="Car_9924" speed="7.73" length="5.00" type="DEFAULT_CAR"/>
    <instantOut id="235_D025" time="17552.71" state="leave" vehID="Car_9924" speed="8.39" length="5.00" type="DEFAULT_CAR" occupancy="0.65"/>
    <instantOut id="235_D025" time="17692.78" state="enter" vehID="Car_9701" speed="6.87" length="5.00" type="DEFAULT_CAR" gap="140.07"/>
    <instantOut id="235_D025" time="17693.00" state="stay" vehID="Car_9701" speed="6.87" length="5.00" type="DEFAULT_CAR"/>
    <instantOut id="235_D025" time="17693.25" state="stay" vehID="Car_9701" speed="6.12" length="5.00" type="DEFAULT_CAR"/>
    <instantOut id="235_D025" time="17693.50" state="stay" vehID="Car_9701" speed="5.62" length="5.00" type="DEFAULT_CAR"/>
    <instantOut id="235_D025" time="17693.61" state="leave" vehID="Car_9701" speed="4.87" length="5.00" type="DEFAULT_CAR" occupancy="0.83"/>
    <instantOut id="235_D025" time="17695.15" state="enter" vehID="Car_9590" speed="5.36" length="5.00" type="DEFAULT_CAR" gap="1.54"/>
    <instantOut id="235_D025" time="17695.25" state="stay" vehID="Car_9590" speed="5.36" length="5.00" type="DEFAULT_CAR"/>
    <instantOut id="235_D025" time="17695.50" state="stay" vehID="Car_9590" speed="5.55" length="5.00" type="DEFAULT_CAR"/>
    <instantOut id="235_D025" time="17695.75" state="stay" vehID="Car_9590" speed="5.44" length="5.00" type="DEFAULT_CAR"/>
    <instantOut id="235_D025" time="17696.00" state="stay" vehID="Car_9590" speed="5.21" length="5.00" type="DEFAULT_CAR"/>
    <instantOut id="235_D025" time="17696.07" state="leave" vehID="Car_9590" speed="5.40" length="5.00" type="DEFAULT_CAR" occupancy="0.93"/>
    <instantOut id="235_D025" time="19561.46" state="enter" vehID="Car_10677" speed="9.92" length="5.00" type="DEFAULT_CAR" gap="1865.39"/>
    <instantOut id="235_D025" time="19561.50" state="stay" vehID="Car_10677" speed="9.92" length="5.00" type="DEFAULT_CAR"/>
    <instantOut id="235_D025" time="19561.75" state="stay" vehID="Car_10677" speed="10.57" length="5.00" type="DEFAULT_CAR"/>
    <instantOut id="235_D025" time="19561.93" state="leave" vehID="Car_10677" speed="10.77" length="5.00" type="DEFAULT_CAR" occupancy="0.47"/>
    <instantOut id="235_D025" time="20350.50" state="enter" vehID="Car_11322" speed="8.67" length="5.00" type="DEFAULT_CAR" gap="788.56"/>
    <instantOut id="235_D025" time="20350.50" state="stay" vehID="Car_11322" speed="8.67" length="5.00" type="DEFAULT_CAR"/>
    <instantOut id="235_D025" time="20350.75" state="stay" vehID="Car_11322" speed="8.12" length="5.00" type="DEFAULT_CAR"/>
    <instantOut id="235_D025" time="20351.00" state="stay" vehID="Car_11322" speed="7.37" length="5.00" type="DEFAULT_CAR"/>
    <instantOut id="235_D025" time="20351.17" state="leave" vehID="Car_11322" speed="6.62" length="5.00" type="DEFAULT_CAR" occupancy="0.67"/>
    <instantOut id="235_D025" time="20730.72" state="enter" vehID="Car_12055" speed="9.49" length="5.00" type="DEFAULT_CAR" gap="379.55"/>
    <instantOut id="235_D025" time="20730.75" state="stay" vehID="Car_12055" speed="9.49" length="5.00" type="DEFAULT_CAR"/>
    <instantOut id="235_D025" time="20731.00" state="stay" vehID="Car_12055" speed="10.05" length="5.00" type="DEFAULT_CAR"/>
    <instantOut id="235_D025" time="20731.24" state="leave" vehID="Car_12055" speed="9.30" length="5.00" type="DEFAULT_CAR" occupancy="0.52"/>
    <instantOut id="235_D025" time="21775.48" state="enter" vehID="Car_12735" speed="9.89" length="5.00" type="DEFAULT_CAR" gap="1044.25"/>
    <instantOut id="235_D025" time="21775.50" state="stay" vehID="Car_12735" speed="9.89" length="5.00" type="DEFAULT_CAR"/>
    <instantOut id="235_D025" time="21775.75" state="stay" vehID="Car_12735" speed="9.58" length="5.00" type="DEFAULT_CAR"/>
    <instantOut id="235_D025" time="21776.00" state="stay" vehID="Car_12735" speed="8.83" length="5.00" type="DEFAULT_CAR"/>
    <instantOut id="235_D025" time="21776.03" state="leave" vehID="Car_12735" speed="8.08" length="5.00" type="DEFAULT_CAR" occupancy="0.55"/>
    <instantOut id="235_D025" time="25426.75" state="enter" vehID="Car_14580" speed="9.38" length="5.00" type="DEFAULT_CAR" gap="3650.72"/>
    <instantOut id="235_D025" time="25427.00" state="stay" vehID="Car_14580" speed="9.38" length="5.00" type="DEFAULT_CAR"/>
    <instantOut id="235_D025" time="25427.25" state="stay" vehID="Car_14580" speed="8.63" length="5.00" type="DEFAULT_CAR"/>
    <instantOut id="235_D025" time="25427.31" state="leave" vehID="Car_14580" speed="7.88" length="5.00" type="DEFAULT_CAR" occupancy="0.56"/>
    <instantOut id="235_D025" time="25520.90" state="enter" vehID="Car_14881" speed="10.65" length="5.00" type="DEFAULT_CAR" gap="93.59"/>
    <instantOut id="235_D025" time="25521.00" state="stay" vehID="Car_14881" speed="10.65" length="5.00" type="DEFAULT_CAR"/>
    <instantOut id="235_D025" time="25521.25" state="stay" vehID="Car_14881" speed="9.90" length="5.00" type="DEFAULT_CAR"/>
    <instantOut id="235_D025" time="25521.41" state="leave" vehID="Car_14881" speed="9.15" length="5.00" type="DEFAULT_CAR" occupancy="0.51"/>
    <instantOut id="235_D025" time="27112.22" state="enter" vehID="Car_15771" speed="9.67" length="5.00" type="DEFAULT_CAR" gap="1590.81"/>
    <instantOut id="235_D025" time="27112.25" state="stay" vehID="Car_15771" speed="9.67" length="5.00" type="DEFAULT_CAR"/>
    <instantOut id="235_D025" time="27112.50" state="stay" vehID="Car_15771" speed="8.92" length="5.00" type="DEFAULT_CAR"/>
    <instantOut id="235_D025" time="27112.75" state="stay" vehID="Car_15771" speed="8.20" length="5.00" type="DEFAULT_CAR"/>
    <instantOut id="235_D025" time="27112.81" state="leave" vehID="Car_15771" speed="7.45" length="5.00" type="DEFAULT_CAR" occupancy="0.59"/>
    <instantOut id="235_D025" time="27311.78" state="enter" vehID="Car_16296" speed="8.09" length="5.00" type="DEFAULT_CAR" gap="198.97"/>
    <instantOut id="235_D025" time="27312.00" state="stay" vehID="Car_16296" speed="8.09" length="5.00" type="DEFAULT_CAR"/>
    <instantOut id="235_D025" time="27312.25" state="stay" vehID="Car_16296" speed="7.34" length="5.00" type="DEFAULT_CAR"/>
    <instantOut id="235_D025" time="27312.46" state="leave" vehID="Car_16296" speed="6.59" length="5.00" type="DEFAULT_CAR" occupancy="0.68"/>
    <instantOut id="235_D025" time="28063.32" state="enter" vehID="Car_16560" speed="9.25" length="5.00" type="DEFAULT_CAR" gap="750.86"/>
    <instantOut id="235_D025" time="28063.50" state="stay" vehID="Car_16560" speed="9.25" length="5.00" type="DEFAULT_CAR"/>
    <instantOut id="235_D025" time="28063.75" state="stay" vehID="Car_16560" speed="8.50" length="5.00" type="DEFAULT_CAR"/>
    <instantOut id="235_D025" time="28063.90" state="leave" vehID="Car_16560" speed="8.02" length="5.00" type="DEFAULT_CAR" occupancy="0.58"/>
    <instantOut id="235_D025" time="28418.72" state="enter" vehID="Car_16430" speed="10.18" length="5.00" type="DEFAULT_CAR" gap="354.82"/>
    <instantOut id="235_D025" time="28418.75" state="stay" vehID="Car_16430" speed="10.18" length="5.00" type="DEFAULT_CAR"/>
    <instantOut id="235_D025" time="28419.00" state="stay" vehID="Car_16430" speed="10.23" length="5.00" type="DEFAULT_CAR"/>
    <instantOut id="235_D025" time="28419.23" state="leave" vehID="Car_16430" speed="9.48" length="5.00" type="DEFAULT_CAR" occupancy="0.51"/>
    <instantOut id="235_D025" time="28824.75" state="enter" vehID="Car_17297" speed="9.72" length="5.00" type="DEFAULT_CAR" gap="405.52"/>
    <instantOut id="235_D025" time="28824.75" state="stay" vehID="Car_17297" speed="9.72" length="5.00" type="DEFAULT_CAR"/>
    <instantOut id="235_D025" time="28825.00" state="stay" vehID="Car_17297" speed="8.97" length="5.00" type="DEFAULT_CAR"/>
    <instantOut id="235_D025" time="28825.25" state="stay" vehID="Car_17297" speed="8.24" length="5.00" type="DEFAULT_CAR"/>
    <instantOut id="235_D025" time="28825.34" state="leave" vehID="Car_17297" speed="7.49" length="5.00" type="DEFAULT_CAR" occupancy="0.59"/>
    <instantOut id="235_D025" time="29206.99" state="enter" vehID="Car_17578" speed="6.79" length="5.00" type="DEFAULT_CAR" gap="381.65"/>
    <instantOut id="235_D025" time="29207.00" state="stay" vehID="Car_17578" speed="6.79" length="5.00" type="DEFAULT_CAR"/>
    <instantOut id="235_D025" time="29207.25" state="stay" vehID="Car_17578" speed="7.47" length="5.00" type="DEFAULT_CAR"/>
    <instantOut id="235_D025" time="29207.50" state="stay" vehID="Car_17578" speed="8.04" length="5.00" type="DEFAULT_CAR"/>
    <instantOut id="235_D025" time="29207.64" state="leave" vehID="Car_17578" speed="7.29" length="5.00" type="DEFAULT_CAR" occupancy="0.65"/>
    <instantOut id="235_D025" time="29548.25" state="enter" vehID="Car_17597" speed="9.00" length="5.00" type="DEFAULT_CAR" gap="340.60"/>
    <instantOut id="235_D025" time="29548.25" state="stay" vehID="Car_17597" speed="9.00" length="5.00" type="DEFAULT_CAR"/>
    <instantOut id="235_D025" time="29548.50" state="stay" vehID="Car_17597" speed="8.25" length="5.00" type="DEFAULT_CAR"/>
    <instantOut id="235_D025" time="29548.75" state="stay" vehID="Car_17597" speed="7.68" length="5.00" type="DEFAULT_CAR"/>
    <instantOut id="235_D025" time="29548.89" state="leave" vehID="Car_17597" speed="7.02" length="5.00" type="DEFAULT_CAR" occupancy="0.64"/>
    <instantOut id="235_D025" time="35323.72" state="enter" vehID="Car_21252" speed="9.27" length="5.00" type="DEFAULT_CAR" gap="5774.83"/>
    <instantOut id="235_D025" time="35323.75" state="stay" vehID="Car_21252" speed="9.27" length="5.00" type="DEFAULT_CAR"/>
    <instantOut id="235_D025" time="35324.00" state="stay" vehID="Car_21252" speed="8.52" length="5.00" type="DEFAULT_CAR"/>
    <instantOut id="235_D025" time="35324.25" state="stay" vehID="Car_21252" speed="7.77" length="5.00" type="DEFAULT_CAR"/>
    <instantOut id="235_D025" time="35324.34" state="leave" vehID="Car_21252" speed="7.05" length="5.00" type="DEFAULT_CAR" occupancy="0.62"/>
    <instantOut id="235_D025" time="36780.98" state="enter" vehID="Car_21538" speed="9.82" length="5.00" type="DEFAULT_CAR" gap="1456.64"/>
    <instantOut id="235_D025" time="36781.00" state="stay" vehID="Car_21538" speed="9.82" length="5.00" type="DEFAULT_CAR"/>
    <instantOut id="235_D025" time="36781.25" state="stay" vehID="Car_21538" speed="9.07" length="5.00" type="DEFAULT_CAR"/>
    <instantOut id="235_D025" time="36781.50" state="stay" vehID="Car_21538" speed="8.51" length="5.00" type="DEFAULT_CAR"/>
    <instantOut id="235_D025" time="36781.55" state="leave" vehID="Car_21538" speed="7.76" length="5.00" type="DEFAULT_CAR" occupancy="0.57"/>
    <instantOut id="235_D025" time="36969.28" state="enter" vehID="Car_22070" speed="7.64" length="5.00" type="DEFAULT_CAR" gap="187.73"/>
    <instantOut id="235_D025" time="36969.50" state="stay" vehID="Car_22070" speed="7.64" length="5.00" type="DEFAULT_CAR"/>
    <instantOut id="235_D025" time="36969.75" state="stay" vehID="Car_22070" speed="7.07" length="5.00" type="DEFAULT_CAR"/>
    <instantOut id="235_D025" time="36969.99" state="leave" vehID="Car_22070" speed="6.32" length="5.00" type="DEFAULT_CAR" occupancy="0.72"/>
    <instantOut id="235_D025" time="37222.70" state="enter" vehID="Car_22093" speed="10.11" length="5.00" type="DEFAULT_CAR" gap="252.70"/>
    <instantOut id="235_D025" time="37222.75" state="stay" vehID="Car_22093" speed="10.11" length="5.00" type="DEFAULT_CAR"/>
    <instantOut id="235_D025" time="37223.00" state="stay" vehID="Car_22093" speed="9.36" length="5.00" type="DEFAULT_CAR"/>
    <instantOut id="235_D025" time="37223.25" state="leave" vehID="Car_22093" speed="8.61" length="5.00" type="DEFAULT_CAR" occupancy="0.55"/>
    <instantOut id="235_D025" time="40912.21" state="enter" vehID="Car_23214" speed="10.07" length="5.00" type="DEFAULT_CAR" gap="3688.96"/>
    <instantOut id="235_D025" time="40912.25" state="stay" vehID="Car_23214" speed="10.07" length="5.00" type="DEFAULT_CAR"/>
    <instantOut id="235_D025" time="40912.50" state="stay" vehID="Car_23214" speed="10.87" length="5.00" type="DEFAULT_CAR"/>
    <instantOut id="235_D025" time="40912.68" state="leave" vehID="Car_23214" speed="10.75" length="5.00" type="DEFAULT_CAR" occupancy="0.46"/>
    <instantOut id="235_D025" time="41022.99" state="enter" vehID="Car_23290" speed="8.85" length="5.00" type="DEFAULT_CAR" gap="110.31"/>
    <instantOut id="235_D025" time="41023.00" state="stay" vehID="Car_23290" speed="8.85" length="5.00" type="DEFAULT_CAR"/>
    <instantOut id="235_D025" time="41023.25" state="stay" vehID="Car_23290" speed="8.27" length="5.00" type="DEFAULT_CAR"/>
    <instantOut id="235_D025" time="41023.50" state="stay" vehID="Car_23290" speed="7.52" length="5.00" type="DEFAULT_CAR"/>
    <instantOut id="235_D025" time="41023.64" state="leave" vehID="Car_23290" speed="7.00" length="5.00" type="DEFAULT_CAR" occupancy="0.65"/>
    <instantOut id="235_D025" time="44665.60" state="enter" vehID="Car_24532" speed="9.78" length="5.00" type="DEFAULT_CAR" gap="3641.96"/>
    <instantOut id="235_D025" time="44665.75" state="stay" vehID="Car_24532" speed="9.78" length="5.00" type="DEFAULT_CAR"/>
    <instantOut id="235_D025" time="44666.00" state="stay" vehID="Car_24532" speed="9.03" length="5.00" type="DEFAULT_CAR"/>
    <instantOut id="235_D025" time="44666.15" state="leave" vehID="Car_24532" speed="8.28" length="5.00" type="DEFAULT_CAR" occupancy="0.55"/>
</instantE1>
