<?xml version="1.0" encoding="UTF-8"?>

<!-- generated on 2025-02-28 17:56:51 by Eclipse SUMO GUI Version 1.19.0
<configuration xmlns:xsi="http://www.w3.org/2001/XMLSchema-instance" xsi:noNamespaceSchemaLocation="http://sumo.dlr.de/xsd/sumoConfiguration.xsd">

    <input>
        <net-file value="Network.net.xml"/>
        <route-files value="CarRoutes.rou.xml"/>
        <additional-files value="Sensors.add.xml"/>
    </input>

    <output>
        <emission-output value="logs/Emissions.xml"/>
        <summary-output value="logs/Log_summary.xml"/>
        <summary-output.period value="300"/>
        <tripinfo-output value="logs/TripInfos.xml"/>
    </output>

    <time>
        <begin value="0"/>
        <end value="86400"/>
        <step-length value="0.25"/>
    </time>

    <processing>
        <ignore-junction-blocker value="0.1"/>
        <time-to-teleport value="-1"/>
    </processing>

    <report>
        <verbose value="true"/>
        <no-step-log value="true"/>
    </report>

    <emissions>
        <device.emissions.period value="10"/>
    </emissions>

    <traci_server>
        <remote-port value="58048"/>
    </traci_server>

    <gui_only>
        <quit-on-end value="true"/>
        <start value="true"/>
    </gui_only>

</configuration>
-->

<instantE1 xmlns:xsi="http://www.w3.org/2001/XMLSchema-instance" xsi:noNamespaceSchemaLocation="http://sumo.dlr.de/xsd/instant_e1_file.xsd">
    <instantOut id="235_D025" time="1175.77" state="enter" vehID="Car_692" speed="9.36" length="5.00" type="DEFAULT_CAR"/>
    <instantOut id="235_D025" time="1176.00" state="stay" vehID="Car_692" speed="9.36" length="5.00" type="DEFAULT_CAR"/>
    <instantOut id="235_D025" time="1176.25" state="stay" vehID="Car_692" speed="8.61" length="5.00" type="DEFAULT_CAR"/>
    <instantOut id="235_D025" time="1176.34" state="leave" vehID="Car_692" speed="7.88" length="5.00" type="DEFAULT_CAR" occupancy="0.57"/>
    <instantOut id="235_D025" time="3058.21" state="enter" vehID="Car_2978" speed="11.67" length="5.00" type="DEFAULT_CAR" gap="1881.87"/>
    <instantOut id="235_D025" time="3058.25" state="stay" vehID="Car_2978" speed="11.67" length="5.00" type="DEFAULT_CAR"/>
    <instantOut id="235_D025" time="3058.50" state="stay" vehID="Car_2978" speed="10.92" length="5.00" type="DEFAULT_CAR"/>
    <instantOut id="235_D025" time="3058.68" state="leave" vehID="Car_2978" speed="10.17" length="5.00" type="DEFAULT_CAR" occupancy="0.47"/>
    <instantOut id="235_D025" time="3376.97" state="enter" vehID="Car_1496" speed="9.90" length="5.00" type="DEFAULT_CAR" gap="318.30"/>
    <instantOut id="235_D025" time="3377.00" state="stay" vehID="Car_1496" speed="9.90" length="5.00" type="DEFAULT_CAR"/>
    <instantOut id="235_D025" time="3377.25" state="stay" vehID="Car_1496" speed="9.45" length="5.00" type="DEFAULT_CAR"/>
    <instantOut id="235_D025" time="3377.50" state="stay" vehID="Car_1496" speed="8.70" length="5.00" type="DEFAULT_CAR"/>
    <instantOut id="235_D025" time="3377.52" state="leave" vehID="Car_1496" speed="7.95" length="5.00" type="DEFAULT_CAR" occupancy="0.55"/>
    <instantOut id="235_D025" time="6942.99" state="enter" vehID="Car_4302" speed="8.59" length="5.00" type="DEFAULT_CAR" gap="3565.46"/>
    <instantOut id="235_D025" time="6943.00" state="stay" vehID="Car_4302" speed="8.59" length="5.00" type="DEFAULT_CAR"/>
    <instantOut id="235_D025" time="6943.25" state="stay" vehID="Car_4302" speed="8.06" length="5.00" type="DEFAULT_CAR"/>
    <instantOut id="235_D025" time="6943.50" state="stay" vehID="Car_4302" speed="7.35" length="5.00" type="DEFAULT_CAR"/>
    <instantOut id="235_D025" time="6943.66" state="leave" vehID="Car_4302" speed="6.68" length="5.00" type="DEFAULT_CAR" occupancy="0.67"/>
    <instantOut id="235_D025" time="8818.33" state="enter" vehID="Car_3425" speed="9.97" length="5.00" type="DEFAULT_CAR" gap="1874.67"/>
    <instantOut id="235_D025" time="8818.50" state="stay" vehID="Car_3425" speed="9.97" length="5.00" type="DEFAULT_CAR"/>
    <instantOut id="235_D025" time="8818.75" state="stay" vehID="Car_3425" speed="9.22" length="5.00" type="DEFAULT_CAR"/>
    <instantOut id="235_D025" time="8818.87" state="leave" vehID="Car_3425" speed="8.47" length="5.00" type="DEFAULT_CAR" occupancy="0.54"/>
    <instantOut id="235_D025" time="12522.47" state="enter" vehID="Car_5393" speed="9.50" length="5.00" type="DEFAULT_CAR" gap="3703.60"/>
    <instantOut id="235_D025" time="12522.50" state="stay" vehID="Car_5393" speed="9.50" length="5.00" type="DEFAULT_CAR"/>
    <instantOut id="235_D025" time="12522.75" state="stay" vehID="Car_5393" speed="8.84" length="5.00" type="DEFAULT_CAR"/>
    <instantOut id="235_D025" time="12523.00" state="stay" vehID="Car_5393" speed="8.09" length="5.00" type="DEFAULT_CAR"/>
    <instantOut id="235_D025" time="12523.06" state="leave" vehID="Car_5393" speed="7.63" length="5.00" type="DEFAULT_CAR" occupancy="0.59"/>
    <instantOut id="235_D025" time="16640.23" state="enter" vehID="Car_7674" speed="8.63" length="5.00" type="DEFAULT_CAR" gap="4117.17"/>
    <instantOut id="235_D025" time="16640.25" state="stay" vehID="Car_7674" speed="8.63" length="5.00" type="DEFAULT_CAR"/>
    <instantOut id="235_D025" time="16640.50" state="stay" vehID="Car_7674" speed="7.94" length="5.00" type="DEFAULT_CAR"/>
    <instantOut id="235_D025" time="16640.75" state="stay" vehID="Car_7674" speed="7.43" length="5.00" type="DEFAULT_CAR"/>
    <instantOut id="235_D025" time="16640.89" state="leave" vehID="Car_7674" speed="7.07" length="5.00" type="DEFAULT_CAR" occupancy="0.66"/>
    <instantOut id="235_D025" time="17770.23" state="enter" vehID="Car_11251" speed="10.12" length="5.00" type="DEFAULT_CAR" gap="1129.33"/>
    <instantOut id="235_D025" time="17770.25" state="stay" vehID="Car_11251" speed="10.12" length="5.00" type="DEFAULT_CAR"/>
    <instantOut id="235_D025" time="17770.50" state="stay" vehID="Car_11251" speed="10.97" length="5.00" type="DEFAULT_CAR"/>
    <instantOut id="235_D025" time="17770.68" state="leave" vehID="Car_11251" speed="11.13" length="5.00" type="DEFAULT_CAR" occupancy="0.45"/>
    <instantOut id="235_D025" time="19345.97" state="enter" vehID="Car_9848" speed="10.08" length="5.00" type="DEFAULT_CAR" gap="1575.28"/>
    <instantOut id="235_D025" time="19346.00" state="stay" vehID="Car_9848" speed="10.08" length="5.00" type="DEFAULT_CAR"/>
    <instantOut id="235_D025" time="19346.25" state="stay" vehID="Car_9848" speed="9.33" length="5.00" type="DEFAULT_CAR"/>
    <instantOut id="235_D025" time="19346.50" state="stay" vehID="Car_9848" speed="8.58" length="5.00" type="DEFAULT_CAR"/>
    <instantOut id="235_D025" time="19346.52" state="leave" vehID="Car_9848" speed="7.83" length="5.00" type="DEFAULT_CAR" occupancy="0.56"/>
    <instantOut id="235_D025" time="19763.45" state="enter" vehID="Car_9826" speed="9.63" length="5.00" type="DEFAULT_CAR" gap="416.92"/>
    <instantOut id="235_D025" time="19763.50" state="stay" vehID="Car_9826" speed="9.63" length="5.00" type="DEFAULT_CAR"/>
    <instantOut id="235_D025" time="19763.75" state="stay" vehID="Car_9826" speed="8.88" length="5.00" type="DEFAULT_CAR"/>
    <instantOut id="235_D025" time="19764.00" state="stay" vehID="Car_9826" speed="8.13" length="5.00" type="DEFAULT_CAR"/>
    <instantOut id="235_D025" time="19764.03" state="leave" vehID="Car_9826" speed="7.38" length="5.00" type="DEFAULT_CAR" occupancy="0.58"/>
    <instantOut id="235_D025" time="22065.94" state="enter" vehID="Car_12618" speed="7.29" length="5.00" type="DEFAULT_CAR" gap="2301.91"/>
    <instantOut id="235_D025" time="22066.00" state="stay" vehID="Car_12618" speed="7.29" length="5.00" type="DEFAULT_CAR"/>
    <instantOut id="235_D025" time="22066.25" state="stay" vehID="Car_12618" speed="8.02" length="5.00" type="DEFAULT_CAR"/>
    <instantOut id="235_D025" time="22066.50" state="stay" vehID="Car_12618" speed="7.55" length="5.00" type="DEFAULT_CAR"/>
    <instantOut id="235_D025" time="22066.60" state="leave" vehID="Car_12618" speed="6.80" length="5.00" type="DEFAULT_CAR" occupancy="0.66"/>
    <instantOut id="235_D025" time="22942.99" state="enter" vehID="Car_12615" speed="8.43" length="5.00" type="DEFAULT_CAR" gap="876.39"/>
    <instantOut id="235_D025" time="22943.00" state="stay" vehID="Car_12615" speed="8.43" length="5.00" type="DEFAULT_CAR"/>
    <instantOut id="235_D025" time="22943.25" state="stay" vehID="Car_12615" speed="7.68" length="5.00" type="DEFAULT_CAR"/>
    <instantOut id="235_D025" time="22943.50" state="stay" vehID="Car_12615" speed="6.98" length="5.00" type="DEFAULT_CAR"/>
    <instantOut id="235_D025" time="22943.70" state="leave" vehID="Car_12615" speed="6.23" length="5.00" type="DEFAULT_CAR" occupancy="0.71"/>
    <instantOut id="235_D025" time="24943.50" state="enter" vehID="Car_15407" speed="7.96" length="5.00" type="DEFAULT_CAR" gap="1999.80"/>
    <instantOut id="235_D025" time="24943.75" state="stay" vehID="Car_15407" speed="7.96" length="5.00" type="DEFAULT_CAR"/>
    <instantOut id="235_D025" time="24944.00" state="stay" vehID="Car_15407" speed="7.21" length="5.00" type="DEFAULT_CAR"/>
    <instantOut id="235_D025" time="24944.19" state="leave" vehID="Car_15407" speed="6.46" length="5.00" type="DEFAULT_CAR" occupancy="0.69"/>
    <instantOut id="235_D025" time="25009.84" state="enter" vehID="Car_14687" speed="9.16" length="5.00" type="DEFAULT_CAR" gap="65.65"/>
    <instantOut id="235_D025" time="25010.00" state="stay" vehID="Car_14687" speed="9.16" length="5.00" type="DEFAULT_CAR"/>
    <instantOut id="235_D025" time="25010.25" state="stay" vehID="Car_14687" speed="8.41" length="5.00" type="DEFAULT_CAR"/>
    <instantOut id="235_D025" time="25010.43" state="leave" vehID="Car_14687" speed="7.92" length="5.00" type="DEFAULT_CAR" occupancy="0.59"/>
    <instantOut id="235_D025" time="26199.25" state="enter" vehID="Car_15958" speed="8.76" length="5.00" type="DEFAULT_CAR" gap="1188.82"/>
    <instantOut id="235_D025" time="26199.25" state="stay" vehID="Car_15958" speed="8.76" length="5.00" type="DEFAULT_CAR"/>
    <instantOut id="235_D025" time="26199.50" state="stay" vehID="Car_15958" speed="8.41" length="5.00" type="DEFAULT_CAR"/>
    <instantOut id="235_D025" time="26199.75" state="stay" vehID="Car_15958" speed="7.66" length="5.00" type="DEFAULT_CAR"/>
    <instantOut id="235_D025" time="26199.89" state="leave" vehID="Car_15958" speed="6.91" length="5.00" type="DEFAULT_CAR" occupancy="0.64"/>
    <instantOut id="235_D025" time="26277.06" state="enter" vehID="Car_15952" speed="7.23" length="5.00" type="DEFAULT_CAR" gap="77.16"/>
    <instantOut id="235_D025" time="26277.25" state="stay" vehID="Car_15952" speed="7.23" length="5.00" type="DEFAULT_CAR"/>
    <instantOut id="235_D025" time="26277.50" state="stay" vehID="Car_15952" speed="6.48" length="5.00" type="DEFAULT_CAR"/>
    <instantOut id="235_D025" time="26277.75" state="stay" vehID="Car_15952" speed="5.73" length="5.00" type="DEFAULT_CAR"/>
    <instantOut id="235_D025" time="26277.85" state="leave" vehID="Car_15952" speed="5.22" length="5.00" type="DEFAULT_CAR" occupancy="0.80"/>
    <instantOut id="235_D025" time="29252.69" state="enter" vehID="Car_17295" speed="9.75" length="5.00" type="DEFAULT_CAR" gap="2974.84"/>
    <instantOut id="235_D025" time="29252.75" state="stay" vehID="Car_17295" speed="9.75" length="5.00" type="DEFAULT_CAR"/>
    <instantOut id="235_D025" time="29253.00" state="stay" vehID="Car_17295" speed="9.67" length="5.00" type="DEFAULT_CAR"/>
    <instantOut id="235_D025" time="29253.23" state="leave" vehID="Car_17295" speed="8.92" length="5.00" type="DEFAULT_CAR" occupancy="0.53"/>
    <instantOut id="235_D025" time="30482.74" state="enter" vehID="Car_18195" speed="8.57" length="5.00" type="DEFAULT_CAR" gap="1229.52"/>
    <instantOut id="235_D025" time="30482.75" state="stay" vehID="Car_18195" speed="8.57" length="5.00" type="DEFAULT_CAR"/>
    <instantOut id="235_D025" time="30483.00" state="stay" vehID="Car_18195" speed="8.11" length="5.00" type="DEFAULT_CAR"/>
    <instantOut id="235_D025" time="30483.25" state="stay" vehID="Car_18195" speed="7.36" length="5.00" type="DEFAULT_CAR"/>
    <instantOut id="235_D025" time="30483.41" state="leave" vehID="Car_18195" speed="6.63" length="5.00" type="DEFAULT_CAR" occupancy="0.67"/>
    <instantOut id="235_D025" time="32523.56" state="enter" vehID="Car_19778" speed="7.36" length="5.00" type="DEFAULT_CAR" gap="2040.15"/>
    <instantOut id="235_D025" time="32523.75" state="stay" vehID="Car_19778" speed="7.36" length="5.00" type="DEFAULT_CAR"/>
    <instantOut id="235_D025" time="32524.00" state="stay" vehID="Car_19778" speed="6.61" length="5.00" type="DEFAULT_CAR"/>
    <instantOut id="235_D025" time="32524.25" state="stay" vehID="Car_19778" speed="5.86" length="5.00" type="DEFAULT_CAR"/>
    <instantOut id="235_D025" time="32524.35" state="leave" vehID="Car_19778" speed="5.13" length="5.00" type="DEFAULT_CAR" occupancy="0.78"/>
    <instantOut id="235_D025" time="32662.28" state="enter" vehID="Car_19839" speed="6.96" length="5.00" type="DEFAULT_CAR" gap="137.93"/>
    <instantOut id="235_D025" time="32662.50" state="stay" vehID="Car_19839" speed="6.96" length="5.00" type="DEFAULT_CAR"/>
    <instantOut id="235_D025" time="32662.75" state="stay" vehID="Car_19839" speed="6.23" length="5.00" type="DEFAULT_CAR"/>
    <instantOut id="235_D025" time="32663.00" state="stay" vehID="Car_19839" speed="5.56" length="5.00" type="DEFAULT_CAR"/>
    <instantOut id="235_D025" time="32663.11" state="leave" vehID="Car_19839" speed="4.82" length="5.00" type="DEFAULT_CAR" occupancy="0.83"/>
    <instantOut id="235_D025" time="33609.80" state="enter" vehID="Car_19779" speed="7.39" length="5.00" type="DEFAULT_CAR" gap="946.69"/>
    <instantOut id="235_D025" time="33610.00" state="stay" vehID="Car_19779" speed="7.39" length="5.00" type="DEFAULT_CAR"/>
    <instantOut id="235_D025" time="33610.25" state="stay" vehID="Car_19779" speed="6.64" length="5.00" type="DEFAULT_CAR"/>
    <instantOut id="235_D025" time="33610.50" state="stay" vehID="Car_19779" speed="5.89" length="5.00" type="DEFAULT_CAR"/>
    <instantOut id="235_D025" time="33610.57" state="leave" vehID="Car_19779" speed="5.14" length="5.00" type="DEFAULT_CAR" occupancy="0.78"/>
    <instantOut id="235_D025" time="34428.47" state="enter" vehID="Car_20453" speed="6.58" length="5.00" type="DEFAULT_CAR" gap="817.90"/>
    <instantOut id="235_D025" time="34428.50" state="stay" vehID="Car_20453" speed="6.58" length="5.00" type="DEFAULT_CAR"/>
    <instantOut id="235_D025" time="34428.75" state="stay" vehID="Car_20453" speed="6.35" length="5.00" type="DEFAULT_CAR"/>
    <instantOut id="235_D025" time="34429.00" state="stay" vehID="Car_20453" speed="5.74" length="5.00" type="DEFAULT_CAR"/>
    <instantOut id="235_D025" time="34429.25" state="stay" vehID="Car_20453" speed="4.99" length="5.00" type="DEFAULT_CAR"/>
    <instantOut id="235_D025" time="34429.38" state="leave" vehID="Car_20453" speed="4.24" length="5.00" type="DEFAULT_CAR" occupancy="0.91"/>
    <instantOut id="235_D025" time="34982.25" state="enter" vehID="Car_20291" speed="8.60" length="5.00" type="DEFAULT_CAR" gap="552.87"/>
    <instantOut id="235_D025" time="34982.25" state="stay" vehID="Car_20291" speed="8.60" length="5.00" type="DEFAULT_CAR"/>
    <instantOut id="235_D025" time="34982.50" state="stay" vehID="Car_20291" speed="8.37" length="5.00" type="DEFAULT_CAR"/>
    <instantOut id="235_D025" time="34982.75" state="stay" vehID="Car_20291" speed="7.62" length="5.00" type="DEFAULT_CAR"/>
    <instantOut id="235_D025" time="34982.89" state="leave" vehID="Car_20291" speed="6.88" length="5.00" type="DEFAULT_CAR" occupancy="0.64"/>
    <instantOut id="235_D025" time="36276.93" state="enter" vehID="Car_20946" speed="7.11" length="5.00" type="DEFAULT_CAR" gap="1294.04"/>
    <instantOut id="235_D025" time="36277.00" state="stay" vehID="Car_20946" speed="7.11" length="5.00" type="DEFAULT_CAR"/>
    <instantOut id="235_D025" time="36277.25" state="stay" vehID="Car_20946" speed="7.76" length="5.00" type="DEFAULT_CAR"/>
    <instantOut id="235_D025" time="36277.50" state="stay" vehID="Car_20946" speed="7.92" length="5.00" type="DEFAULT_CAR"/>
    <instantOut id="235_D025" time="36277.58" state="leave" vehID="Car_20946" speed="7.31" length="5.00" type="DEFAULT_CAR" occupancy="0.65"/>
    <instantOut id="235_D025" time="36914.49" state="enter" vehID="Car_20842" speed="8.88" length="5.00" type="DEFAULT_CAR" gap="636.91"/>
    <instantOut id="235_D025" time="36914.50" state="stay" vehID="Car_20842" speed="8.88" length="5.00" type="DEFAULT_CAR"/>
    <instantOut id="235_D025" time="36914.75" state="stay" vehID="Car_20842" speed="8.13" length="5.00" type="DEFAULT_CAR"/>
    <instantOut id="235_D025" time="36915.00" state="stay" vehID="Car_20842" speed="7.39" length="5.00" type="DEFAULT_CAR"/>
    <instantOut id="235_D025" time="36915.15" state="leave" vehID="Car_20842" speed="6.95" length="5.00" type="DEFAULT_CAR" occupancy="0.66"/>
    <instantOut id="235_D025" time="37774.96" state="enter" vehID="Car_20840" speed="9.09" length="5.00" type="DEFAULT_CAR" gap="859.82"/>
    <instantOut id="235_D025" time="37775.00" state="stay" vehID="Car_20840" speed="9.09" length="5.00" type="DEFAULT_CAR"/>
    <instantOut id="235_D025" time="37775.25" state="stay" vehID="Car_20840" speed="8.34" length="5.00" type="DEFAULT_CAR"/>
    <instantOut id="235_D025" time="37775.50" state="stay" vehID="Car_20840" speed="7.59" length="5.00" type="DEFAULT_CAR"/>
    <instantOut id="235_D025" time="37775.60" state="leave" vehID="Car_20840" speed="6.84" length="5.00" type="DEFAULT_CAR" occupancy="0.64"/>
    <instantOut id="235_D025" time="37834.23" state="enter" vehID="Car_21508" speed="9.15" length="5.00" type="DEFAULT_CAR" gap="58.63"/>
    <instantOut id="235_D025" time="37834.25" state="stay" vehID="Car_21508" speed="9.15" length="5.00" type="DEFAULT_CAR"/>
    <instantOut id="235_D025" time="37834.50" state="stay" vehID="Car_21508" speed="8.40" length="5.00" type="DEFAULT_CAR"/>
    <instantOut id="235_D025" time="37834.75" state="stay" vehID="Car_21508" speed="7.70" length="5.00" type="DEFAULT_CAR"/>
    <instantOut id="235_D025" time="37834.86" state="leave" vehID="Car_21508" speed="7.14" length="5.00" type="DEFAULT_CAR" occupancy="0.63"/>
    <instantOut id="235_D025" time="39772.90" state="enter" vehID="Car_23381" speed="7.47" length="5.00" type="DEFAULT_CAR" gap="1938.04"/>
    <instantOut id="235_D025" time="39773.00" state="stay" vehID="Car_23381" speed="7.47" length="5.00" type="DEFAULT_CAR"/>
    <instantOut id="235_D025" time="39773.25" state="stay" vehID="Car_23381" speed="8.20" length="5.00" type="DEFAULT_CAR"/>
    <instantOut id="235_D025" time="39773.50" state="stay" vehID="Car_23381" speed="8.10" length="5.00" type="DEFAULT_CAR"/>
    <instantOut id="235_D025" time="39773.53" state="leave" vehID="Car_23381" speed="7.38" length="5.00" type="DEFAULT_CAR" occupancy="0.62"/>
    <instantOut id="235_D025" time="42861.85" state="enter" vehID="Car_24719" speed="3.81" length="5.00" type="DEFAULT_CAR" gap="3088.33"/>
    <instantOut id="235_D025" time="42862.00" state="stay" vehID="Car_24719" speed="3.81" length="5.00" type="DEFAULT_CAR"/>
    <instantOut id="235_D025" time="42862.25" state="stay" vehID="Car_24719" speed="4.14" length="5.00" type="DEFAULT_CAR"/>
    <instantOut id="235_D025" time="42862.50" state="stay" vehID="Car_24719" speed="4.19" length="5.00" type="DEFAULT_CAR"/>
    <instantOut id="235_D025" time="42862.75" state="stay" vehID="Car_24719" speed="4.11" length="5.00" type="DEFAULT_CAR"/>
    <instantOut id="235_D025" time="42863.00" state="stay" vehID="Car_24719" speed="3.56" length="5.00" type="DEFAULT_CAR"/>
    <instantOut id="235_D025" time="42863.16" state="leave" vehID="Car_24719" speed="2.81" length="5.00" type="DEFAULT_CAR" occupancy="1.30"/>
    <instantOut id="235_D025" time="45690.28" state="enter" vehID="Car_23707" speed="10.13" length="5.00" type="DEFAULT_CAR" gap="2827.12"/>
    <instantOut id="235_D025" time="45690.50" state="stay" vehID="Car_23707" speed="10.13" length="5.00" type="DEFAULT_CAR"/>
    <instantOut id="235_D025" time="45690.75" state="stay" vehID="Car_23707" speed="9.38" length="5.00" type="DEFAULT_CAR"/>
    <instantOut id="235_D025" time="45690.80" state="leave" vehID="Car_23707" speed="8.63" length="5.00" type="DEFAULT_CAR" occupancy="0.52"/>
</instantE1>
