<?xml version="1.0" encoding="UTF-8"?>

<!-- generated on 2025-02-28 16:53:22 by Eclipse SUMO GUI Version 1.19.0
<configuration xmlns:xsi="http://www.w3.org/2001/XMLSchema-instance" xsi:noNamespaceSchemaLocation="http://sumo.dlr.de/xsd/sumoConfiguration.xsd">

    <input>
        <net-file value="Network.net.xml"/>
        <route-files value="CarRoutes.rou.xml"/>
        <additional-files value="Sensors.add.xml"/>
    </input>

    <output>
        <emission-output value="logs/Emissions.xml"/>
        <summary-output value="logs/Log_summary.xml"/>
        <summary-output.period value="300"/>
        <tripinfo-output value="logs/TripInfos.xml"/>
    </output>

    <time>
        <begin value="0"/>
        <end value="86400"/>
        <step-length value="0.25"/>
    </time>

    <processing>
        <ignore-junction-blocker value="0.1"/>
        <time-to-teleport value="-1"/>
    </processing>

    <report>
        <verbose value="true"/>
        <no-step-log value="true"/>
    </report>

    <emissions>
        <device.emissions.period value="10"/>
    </emissions>

    <traci_server>
        <remote-port value="57501"/>
    </traci_server>

    <gui_only>
        <quit-on-end value="true"/>
        <start value="true"/>
    </gui_only>

</configuration>
-->

<instantE1 xmlns:xsi="http://www.w3.org/2001/XMLSchema-instance" xsi:noNamespaceSchemaLocation="http://sumo.dlr.de/xsd/instant_e1_file.xsd">
    <instantOut id="235_D025" time="441.45" state="enter" vehID="Car_504" speed="9.92" length="5.00" type="DEFAULT_CAR"/>
    <instantOut id="235_D025" time="441.50" state="stay" vehID="Car_504" speed="9.92" length="5.00" type="DEFAULT_CAR"/>
    <instantOut id="235_D025" time="441.75" state="stay" vehID="Car_504" speed="10.82" length="5.00" type="DEFAULT_CAR"/>
    <instantOut id="235_D025" time="441.93" state="leave" vehID="Car_504" speed="10.07" length="5.00" type="DEFAULT_CAR" occupancy="0.48"/>
    <instantOut id="235_D025" time="2998.22" state="enter" vehID="Car_1712" speed="8.88" length="5.00" type="DEFAULT_CAR" gap="2556.30"/>
    <instantOut id="235_D025" time="2998.25" state="stay" vehID="Car_1712" speed="8.88" length="5.00" type="DEFAULT_CAR"/>
    <instantOut id="235_D025" time="2998.50" state="stay" vehID="Car_1712" speed="8.13" length="5.00" type="DEFAULT_CAR"/>
    <instantOut id="235_D025" time="2998.75" state="stay" vehID="Car_1712" speed="7.38" length="5.00" type="DEFAULT_CAR"/>
    <instantOut id="235_D025" time="2998.89" state="leave" vehID="Car_1712" speed="6.63" length="5.00" type="DEFAULT_CAR" occupancy="0.66"/>
    <instantOut id="235_D025" time="3318.81" state="enter" vehID="Car_1588" speed="9.17" length="5.00" type="DEFAULT_CAR" gap="319.92"/>
    <instantOut id="235_D025" time="3319.00" state="stay" vehID="Car_1588" speed="9.17" length="5.00" type="DEFAULT_CAR"/>
    <instantOut id="235_D025" time="3319.25" state="stay" vehID="Car_1588" speed="8.42" length="5.00" type="DEFAULT_CAR"/>
    <instantOut id="235_D025" time="3319.40" state="leave" vehID="Car_1588" speed="7.67" length="5.00" type="DEFAULT_CAR" occupancy="0.59"/>
    <instantOut id="235_D025" time="3402.74" state="enter" vehID="Car_1857" speed="9.06" length="5.00" type="DEFAULT_CAR" gap="83.35"/>
    <instantOut id="235_D025" time="3402.75" state="stay" vehID="Car_1857" speed="9.06" length="5.00" type="DEFAULT_CAR"/>
    <instantOut id="235_D025" time="3403.00" state="stay" vehID="Car_1857" speed="8.67" length="5.00" type="DEFAULT_CAR"/>
    <instantOut id="235_D025" time="3403.25" state="stay" vehID="Car_1857" speed="7.97" length="5.00" type="DEFAULT_CAR"/>
    <instantOut id="235_D025" time="3403.36" state="leave" vehID="Car_1857" speed="7.22" length="5.00" type="DEFAULT_CAR" occupancy="0.61"/>
    <instantOut id="235_D025" time="5424.01" state="enter" vehID="Car_3173" speed="8.41" length="5.00" type="DEFAULT_CAR" gap="2020.65"/>
    <instantOut id="235_D025" time="5424.25" state="stay" vehID="Car_3173" speed="8.41" length="5.00" type="DEFAULT_CAR"/>
    <instantOut id="235_D025" time="5424.50" state="stay" vehID="Car_3173" speed="7.66" length="5.00" type="DEFAULT_CAR"/>
    <instantOut id="235_D025" time="5424.65" state="leave" vehID="Car_3173" speed="7.10" length="5.00" type="DEFAULT_CAR" occupancy="0.64"/>
    <instantOut id="235_D025" time="6894.03" state="enter" vehID="Car_3820" speed="7.28" length="5.00" type="DEFAULT_CAR" gap="1469.39"/>
    <instantOut id="235_D025" time="6894.25" state="stay" vehID="Car_3820" speed="7.28" length="5.00" type="DEFAULT_CAR"/>
    <instantOut id="235_D025" time="6894.50" state="stay" vehID="Car_3820" speed="8.22" length="5.00" type="DEFAULT_CAR"/>
    <instantOut id="235_D025" time="6894.66" state="leave" vehID="Car_3820" speed="8.60" length="5.00" type="DEFAULT_CAR" occupancy="0.63"/>
    <instantOut id="235_D025" time="10234.74" state="enter" vehID="Car_5746" speed="6.76" length="5.00" type="DEFAULT_CAR" gap="3340.08"/>
    <instantOut id="235_D025" time="10234.75" state="stay" vehID="Car_5746" speed="6.76" length="5.00" type="DEFAULT_CAR"/>
    <instantOut id="235_D025" time="10235.00" state="stay" vehID="Car_5746" speed="6.22" length="5.00" type="DEFAULT_CAR"/>
    <instantOut id="235_D025" time="10235.25" state="stay" vehID="Car_5746" speed="5.47" length="5.00" type="DEFAULT_CAR"/>
    <instantOut id="235_D025" time="10235.50" state="stay" vehID="Car_5746" speed="4.96" length="5.00" type="DEFAULT_CAR"/>
    <instantOut id="235_D025" time="10235.68" state="leave" vehID="Car_5746" speed="4.21" length="5.00" type="DEFAULT_CAR" occupancy="0.94"/>
    <instantOut id="235_D025" time="10997.89" state="enter" vehID="Car_5915" speed="7.18" length="5.00" type="DEFAULT_CAR" gap="762.21"/>
    <instantOut id="235_D025" time="10998.00" state="stay" vehID="Car_5915" speed="7.18" length="5.00" type="DEFAULT_CAR"/>
    <instantOut id="235_D025" time="10998.25" state="stay" vehID="Car_5915" speed="7.11" length="5.00" type="DEFAULT_CAR"/>
    <instantOut id="235_D025" time="10998.50" state="stay" vehID="Car_5915" speed="6.47" length="5.00" type="DEFAULT_CAR"/>
    <instantOut id="235_D025" time="10998.63" state="leave" vehID="Car_5915" speed="6.18" length="5.00" type="DEFAULT_CAR" occupancy="0.74"/>
    <instantOut id="235_D025" time="13200.14" state="enter" vehID="Car_7050" speed="6.77" length="5.00" type="DEFAULT_CAR" gap="2201.51"/>
    <instantOut id="235_D025" time="13200.25" state="stay" vehID="Car_7050" speed="6.77" length="5.00" type="DEFAULT_CAR"/>
    <instantOut id="235_D025" time="13200.50" state="stay" vehID="Car_7050" speed="6.03" length="5.00" type="DEFAULT_CAR"/>
    <instantOut id="235_D025" time="13200.75" state="stay" vehID="Car_7050" speed="5.42" length="5.00" type="DEFAULT_CAR"/>
    <instantOut id="235_D025" time="13201.00" state="stay" vehID="Car_7050" speed="4.67" length="5.00" type="DEFAULT_CAR"/>
    <instantOut id="235_D025" time="13201.06" state="leave" vehID="Car_7050" speed="4.03" length="5.00" type="DEFAULT_CAR" occupancy="0.92"/>
    <instantOut id="235_D025" time="14597.03" state="enter" vehID="Car_8088" speed="7.35" length="5.00" type="DEFAULT_CAR" gap="1395.97"/>
    <instantOut id="235_D025" time="14597.25" state="stay" vehID="Car_8088" speed="7.35" length="5.00" type="DEFAULT_CAR"/>
    <instantOut id="235_D025" time="14597.50" state="stay" vehID="Car_8088" speed="6.62" length="5.00" type="DEFAULT_CAR"/>
    <instantOut id="235_D025" time="14597.75" state="stay" vehID="Car_8088" speed="5.87" length="5.00" type="DEFAULT_CAR"/>
    <instantOut id="235_D025" time="14597.80" state="leave" vehID="Car_8088" speed="5.12" length="5.00" type="DEFAULT_CAR" occupancy="0.77"/>
    <instantOut id="235_D025" time="17552.46" state="enter" vehID="Car_9935" speed="9.81" length="5.00" type="DEFAULT_CAR" gap="2954.67"/>
    <instantOut id="235_D025" time="17552.50" state="stay" vehID="Car_9935" speed="9.81" length="5.00" type="DEFAULT_CAR"/>
    <instantOut id="235_D025" time="17552.75" state="stay" vehID="Car_9935" speed="9.08" length="5.00" type="DEFAULT_CAR"/>
    <instantOut id="235_D025" time="17553.00" state="stay" vehID="Car_9935" speed="8.33" length="5.00" type="DEFAULT_CAR"/>
    <instantOut id="235_D025" time="17553.04" state="leave" vehID="Car_9935" speed="7.58" length="5.00" type="DEFAULT_CAR" occupancy="0.58"/>
    <instantOut id="235_D025" time="22520.21" state="enter" vehID="Car_13149" speed="9.56" length="5.00" type="DEFAULT_CAR" gap="4967.17"/>
    <instantOut id="235_D025" time="22520.25" state="stay" vehID="Car_13149" speed="9.56" length="5.00" type="DEFAULT_CAR"/>
    <instantOut id="235_D025" time="22520.50" state="stay" vehID="Car_13149" speed="8.82" length="5.00" type="DEFAULT_CAR"/>
    <instantOut id="235_D025" time="22520.75" state="stay" vehID="Car_13149" speed="8.07" length="5.00" type="DEFAULT_CAR"/>
    <instantOut id="235_D025" time="22520.80" state="leave" vehID="Car_13149" speed="7.32" length="5.00" type="DEFAULT_CAR" occupancy="0.59"/>
    <instantOut id="235_D025" time="22977.52" state="enter" vehID="Car_13198" speed="8.59" length="5.00" type="DEFAULT_CAR" gap="456.71"/>
    <instantOut id="235_D025" time="22977.75" state="stay" vehID="Car_13198" speed="8.59" length="5.00" type="DEFAULT_CAR"/>
    <instantOut id="235_D025" time="22978.00" state="stay" vehID="Car_13198" speed="7.90" length="5.00" type="DEFAULT_CAR"/>
    <instantOut id="235_D025" time="22978.14" state="leave" vehID="Car_13198" speed="7.15" length="5.00" type="DEFAULT_CAR" occupancy="0.63"/>
    <instantOut id="235_D025" time="25628.57" state="enter" vehID="Car_14595" speed="7.40" length="5.00" type="DEFAULT_CAR" gap="2650.42"/>
    <instantOut id="235_D025" time="25628.75" state="stay" vehID="Car_14595" speed="7.40" length="5.00" type="DEFAULT_CAR"/>
    <instantOut id="235_D025" time="25629.00" state="stay" vehID="Car_14595" speed="6.65" length="5.00" type="DEFAULT_CAR"/>
    <instantOut id="235_D025" time="25629.25" state="stay" vehID="Car_14595" speed="5.90" length="5.00" type="DEFAULT_CAR"/>
    <instantOut id="235_D025" time="25629.35" state="leave" vehID="Car_14595" speed="5.15" length="5.00" type="DEFAULT_CAR" occupancy="0.78"/>
    <instantOut id="235_D025" time="25681.02" state="enter" vehID="Car_14596" speed="7.45" length="5.00" type="DEFAULT_CAR" gap="51.67"/>
    <instantOut id="235_D025" time="25681.25" state="stay" vehID="Car_14596" speed="7.45" length="5.00" type="DEFAULT_CAR"/>
    <instantOut id="235_D025" time="25681.50" state="stay" vehID="Car_14596" speed="7.93" length="5.00" type="DEFAULT_CAR"/>
    <instantOut id="235_D025" time="25681.65" state="leave" vehID="Car_14596" speed="8.60" length="5.00" type="DEFAULT_CAR" occupancy="0.63"/>
    <instantOut id="235_D025" time="28080.96" state="enter" vehID="Car_16577" speed="6.80" length="5.00" type="DEFAULT_CAR" gap="2399.31"/>
    <instantOut id="235_D025" time="28081.00" state="stay" vehID="Car_16577" speed="6.80" length="5.00" type="DEFAULT_CAR"/>
    <instantOut id="235_D025" time="28081.25" state="stay" vehID="Car_16577" speed="7.58" length="5.00" type="DEFAULT_CAR"/>
    <instantOut id="235_D025" time="28081.50" state="stay" vehID="Car_16577" speed="7.56" length="5.00" type="DEFAULT_CAR"/>
    <instantOut id="235_D025" time="28081.63" state="leave" vehID="Car_16577" speed="6.81" length="5.00" type="DEFAULT_CAR" occupancy="0.68"/>
    <instantOut id="235_D025" time="28593.10" state="enter" vehID="Car_16504" speed="6.89" length="5.00" type="DEFAULT_CAR" gap="511.46"/>
    <instantOut id="235_D025" time="28593.25" state="stay" vehID="Car_16504" speed="6.89" length="5.00" type="DEFAULT_CAR"/>
    <instantOut id="235_D025" time="28593.50" state="stay" vehID="Car_16504" speed="7.45" length="5.00" type="DEFAULT_CAR"/>
    <instantOut id="235_D025" time="28593.75" state="stay" vehID="Car_16504" speed="7.83" length="5.00" type="DEFAULT_CAR"/>
    <instantOut id="235_D025" time="28593.77" state="leave" vehID="Car_16504" speed="7.08" length="5.00" type="DEFAULT_CAR" occupancy="0.67"/>
    <instantOut id="235_D025" time="30923.71" state="enter" vehID="Car_18666" speed="9.88" length="5.00" type="DEFAULT_CAR" gap="2329.94"/>
    <instantOut id="235_D025" time="30923.75" state="stay" vehID="Car_18666" speed="9.88" length="5.00" type="DEFAULT_CAR"/>
    <instantOut id="235_D025" time="30924.00" state="stay" vehID="Car_18666" speed="9.13" length="5.00" type="DEFAULT_CAR"/>
    <instantOut id="235_D025" time="30924.25" state="stay" vehID="Car_18666" speed="8.38" length="5.00" type="DEFAULT_CAR"/>
    <instantOut id="235_D025" time="30924.27" state="leave" vehID="Car_18666" speed="7.63" length="5.00" type="DEFAULT_CAR" occupancy="0.57"/>
    <instantOut id="235_D025" time="31579.97" state="enter" vehID="Car_19234" speed="9.81" length="5.00" type="DEFAULT_CAR" gap="655.70"/>
    <instantOut id="235_D025" time="31580.00" state="stay" vehID="Car_19234" speed="9.81" length="5.00" type="DEFAULT_CAR"/>
    <instantOut id="235_D025" time="31580.25" state="stay" vehID="Car_19234" speed="10.48" length="5.00" type="DEFAULT_CAR"/>
    <instantOut id="235_D025" time="31580.47" state="leave" vehID="Car_19234" speed="9.77" length="5.00" type="DEFAULT_CAR" occupancy="0.49"/>
    <instantOut id="235_D025" time="34504.73" state="enter" vehID="Car_20425" speed="8.57" length="5.00" type="DEFAULT_CAR" gap="2924.27"/>
    <instantOut id="235_D025" time="34504.75" state="stay" vehID="Car_20425" speed="8.57" length="5.00" type="DEFAULT_CAR"/>
    <instantOut id="235_D025" time="34505.00" state="stay" vehID="Car_20425" speed="8.14" length="5.00" type="DEFAULT_CAR"/>
    <instantOut id="235_D025" time="34505.25" state="stay" vehID="Car_20425" speed="7.39" length="5.00" type="DEFAULT_CAR"/>
    <instantOut id="235_D025" time="34505.39" state="leave" vehID="Car_20425" speed="7.13" length="5.00" type="DEFAULT_CAR" occupancy="0.65"/>
    <instantOut id="235_D025" time="36479.80" state="enter" vehID="Car_21647" speed="7.16" length="5.00" type="DEFAULT_CAR" gap="1974.41"/>
    <instantOut id="235_D025" time="36480.00" state="stay" vehID="Car_21647" speed="7.16" length="5.00" type="DEFAULT_CAR"/>
    <instantOut id="235_D025" time="36480.25" state="stay" vehID="Car_21647" speed="6.41" length="5.00" type="DEFAULT_CAR"/>
    <instantOut id="235_D025" time="36480.50" state="stay" vehID="Car_21647" speed="5.66" length="5.00" type="DEFAULT_CAR"/>
    <instantOut id="235_D025" time="36480.61" state="leave" vehID="Car_21647" speed="5.09" length="5.00" type="DEFAULT_CAR" occupancy="0.81"/>
    <instantOut id="235_D025" time="37742.47" state="enter" vehID="Car_22405" speed="9.57" length="5.00" type="DEFAULT_CAR" gap="1261.87"/>
    <instantOut id="235_D025" time="37742.50" state="stay" vehID="Car_22405" speed="9.57" length="5.00" type="DEFAULT_CAR"/>
    <instantOut id="235_D025" time="37742.75" state="stay" vehID="Car_22405" speed="8.83" length="5.00" type="DEFAULT_CAR"/>
    <instantOut id="235_D025" time="37743.00" state="stay" vehID="Car_22405" speed="8.08" length="5.00" type="DEFAULT_CAR"/>
    <instantOut id="235_D025" time="37743.07" state="leave" vehID="Car_22405" speed="7.33" length="5.00" type="DEFAULT_CAR" occupancy="0.60"/>
    <instantOut id="235_D025" time="39104.47" state="enter" vehID="Car_22865" speed="8.86" length="5.00" type="DEFAULT_CAR" gap="1361.40"/>
    <instantOut id="235_D025" time="39104.50" state="stay" vehID="Car_22865" speed="8.86" length="5.00" type="DEFAULT_CAR"/>
    <instantOut id="235_D025" time="39104.75" state="stay" vehID="Car_22865" speed="8.11" length="5.00" type="DEFAULT_CAR"/>
    <instantOut id="235_D025" time="39105.00" state="stay" vehID="Car_22865" speed="7.36" length="5.00" type="DEFAULT_CAR"/>
    <instantOut id="235_D025" time="39105.14" state="leave" vehID="Car_22865" speed="6.61" length="5.00" type="DEFAULT_CAR" occupancy="0.66"/>
    <instantOut id="235_D025" time="40079.95" state="enter" vehID="Car_23091" speed="9.65" length="5.00" type="DEFAULT_CAR" gap="974.81"/>
    <instantOut id="235_D025" time="40080.00" state="stay" vehID="Car_23091" speed="9.65" length="5.00" type="DEFAULT_CAR"/>
    <instantOut id="235_D025" time="40080.25" state="stay" vehID="Car_23091" speed="8.90" length="5.00" type="DEFAULT_CAR"/>
    <instantOut id="235_D025" time="40080.50" state="stay" vehID="Car_23091" speed="8.15" length="5.00" type="DEFAULT_CAR"/>
    <instantOut id="235_D025" time="40080.54" state="leave" vehID="Car_23091" speed="7.40" length="5.00" type="DEFAULT_CAR" occupancy="0.58"/>
    <instantOut id="235_D025" time="40495.28" state="enter" vehID="Car_23228" speed="8.57" length="5.00" type="DEFAULT_CAR" gap="414.74"/>
    <instantOut id="235_D025" time="40495.50" state="stay" vehID="Car_23228" speed="8.57" length="5.00" type="DEFAULT_CAR"/>
    <instantOut id="235_D025" time="40495.75" state="stay" vehID="Car_23228" speed="7.88" length="5.00" type="DEFAULT_CAR"/>
    <instantOut id="235_D025" time="40495.91" state="leave" vehID="Car_23228" speed="7.14" length="5.00" type="DEFAULT_CAR" occupancy="0.63"/>
    <instantOut id="235_D025" time="44576.73" state="enter" vehID="Car_24377" speed="9.31" length="5.00" type="DEFAULT_CAR" gap="4080.82"/>
    <instantOut id="235_D025" time="44576.75" state="stay" vehID="Car_24377" speed="9.31" length="5.00" type="DEFAULT_CAR"/>
    <instantOut id="235_D025" time="44577.00" state="stay" vehID="Car_24377" speed="8.56" length="5.00" type="DEFAULT_CAR"/>
    <instantOut id="235_D025" time="44577.25" state="stay" vehID="Car_24377" speed="7.81" length="5.00" type="DEFAULT_CAR"/>
    <instantOut id="235_D025" time="44577.35" state="leave" vehID="Car_24377" speed="7.06" length="5.00" type="DEFAULT_CAR" occupancy="0.62"/>
</instantE1>
