<?xml version="1.0" encoding="UTF-8"?>

<!-- generated on 2025-02-28 16:53:22 by Eclipse SUMO GUI Version 1.19.0
<configuration xmlns:xsi="http://www.w3.org/2001/XMLSchema-instance" xsi:noNamespaceSchemaLocation="http://sumo.dlr.de/xsd/sumoConfiguration.xsd">

    <input>
        <net-file value="Network.net.xml"/>
        <route-files value="CarRoutes.rou.xml"/>
        <additional-files value="Sensors.add.xml"/>
    </input>

    <output>
        <emission-output value="logs/Emissions.xml"/>
        <summary-output value="logs/Log_summary.xml"/>
        <summary-output.period value="300"/>
        <tripinfo-output value="logs/TripInfos.xml"/>
    </output>

    <time>
        <begin value="0"/>
        <end value="86400"/>
        <step-length value="0.25"/>
    </time>

    <processing>
        <ignore-junction-blocker value="0.1"/>
        <time-to-teleport value="-1"/>
    </processing>

    <report>
        <verbose value="true"/>
        <no-step-log value="true"/>
    </report>

    <emissions>
        <device.emissions.period value="10"/>
    </emissions>

    <traci_server>
        <remote-port value="57501"/>
    </traci_server>

    <gui_only>
        <quit-on-end value="true"/>
        <start value="true"/>
    </gui_only>

</configuration>
-->

<instantE1 xmlns:xsi="http://www.w3.org/2001/XMLSchema-instance" xsi:noNamespaceSchemaLocation="http://sumo.dlr.de/xsd/instant_e1_file.xsd">
    <instantOut id="235_D104" time="16001.76" state="enter" vehID="Car_8454" speed="6.16" length="5.00" type="DEFAULT_CAR"/>
    <instantOut id="235_D104" time="16002.00" state="stay" vehID="Car_8454" speed="6.16" length="5.00" type="DEFAULT_CAR"/>
    <instantOut id="235_D104" time="16002.25" state="stay" vehID="Car_8454" speed="5.41" length="5.00" type="DEFAULT_CAR"/>
    <instantOut id="235_D104" time="16002.50" state="stay" vehID="Car_8454" speed="6.36" length="5.00" type="DEFAULT_CAR"/>
    <instantOut id="235_D104" time="16002.58" state="leave" vehID="Car_8454" speed="7.31" length="5.00" type="DEFAULT_CAR" occupancy="0.82"/>
    <instantOut id="235_D104" time="42258.74" state="enter" vehID="Car_23920" speed="6.76" length="5.00" type="DEFAULT_CAR" gap="26256.16"/>
    <instantOut id="235_D104" time="42258.75" state="stay" vehID="Car_23920" speed="6.76" length="5.00" type="DEFAULT_CAR"/>
    <instantOut id="235_D104" time="42259.00" state="stay" vehID="Car_23920" speed="6.01" length="5.00" type="DEFAULT_CAR"/>
    <instantOut id="235_D104" time="42259.25" state="stay" vehID="Car_23920" speed="5.26" length="5.00" type="DEFAULT_CAR"/>
    <instantOut id="235_D104" time="42259.50" state="stay" vehID="Car_23920" speed="5.56" length="5.00" type="DEFAULT_CAR"/>
    <instantOut id="235_D104" time="42259.63" state="leave" vehID="Car_23920" speed="5.56" length="5.00" type="DEFAULT_CAR" occupancy="0.89"/>
</instantE1>
