<?xml version="1.0" encoding="UTF-8"?>

<!-- generated on 2025-02-28 16:53:22 by Eclipse SUMO GUI Version 1.19.0
<configuration xmlns:xsi="http://www.w3.org/2001/XMLSchema-instance" xsi:noNamespaceSchemaLocation="http://sumo.dlr.de/xsd/sumoConfiguration.xsd">

    <input>
        <net-file value="Network.net.xml"/>
        <route-files value="CarRoutes.rou.xml"/>
        <additional-files value="Sensors.add.xml"/>
    </input>

    <output>
        <emission-output value="logs/Emissions.xml"/>
        <summary-output value="logs/Log_summary.xml"/>
        <summary-output.period value="300"/>
        <tripinfo-output value="logs/TripInfos.xml"/>
    </output>

    <time>
        <begin value="0"/>
        <end value="86400"/>
        <step-length value="0.25"/>
    </time>

    <processing>
        <ignore-junction-blocker value="0.1"/>
        <time-to-teleport value="-1"/>
    </processing>

    <report>
        <verbose value="true"/>
        <no-step-log value="true"/>
    </report>

    <emissions>
        <device.emissions.period value="10"/>
    </emissions>

    <traci_server>
        <remote-port value="57501"/>
    </traci_server>

    <gui_only>
        <quit-on-end value="true"/>
        <start value="true"/>
    </gui_only>

</configuration>
-->

<instantE1 xmlns:xsi="http://www.w3.org/2001/XMLSchema-instance" xsi:noNamespaceSchemaLocation="http://sumo.dlr.de/xsd/instant_e1_file.xsd">
    <instantOut id="235_D11" time="524.97" state="enter" vehID="Car_76" speed="4.49" length="5.00" type="DEFAULT_CAR"/>
    <instantOut id="235_D11" time="525.00" state="stay" vehID="Car_76" speed="4.49" length="5.00" type="DEFAULT_CAR"/>
    <instantOut id="235_D11" time="525.25" state="stay" vehID="Car_76" speed="3.78" length="5.00" type="DEFAULT_CAR"/>
    <instantOut id="235_D11" time="525.50" state="stay" vehID="Car_76" speed="3.03" length="5.00" type="DEFAULT_CAR"/>
    <instantOut id="235_D11" time="525.75" state="stay" vehID="Car_76" speed="2.28" length="5.00" type="DEFAULT_CAR"/>
    <instantOut id="235_D11" time="526.00" state="stay" vehID="Car_76" speed="1.53" length="5.00" type="DEFAULT_CAR"/>
    <instantOut id="235_D11" time="526.25" state="stay" vehID="Car_76" speed="0.78" length="5.00" type="DEFAULT_CAR"/>
    <instantOut id="235_D11" time="526.50" state="stay" vehID="Car_76" speed="0.04" length="5.00" type="DEFAULT_CAR"/>
    <instantOut id="235_D11" time="526.75" state="stay" vehID="Car_76" speed="0.01" length="5.00" type="DEFAULT_CAR"/>
    <instantOut id="235_D11" time="527.00" state="stay" vehID="Car_76" speed="0.00" length="5.00" type="DEFAULT_CAR"/>
    <instantOut id="235_D11" time="527.25" state="stay" vehID="Car_76" speed="0.00" length="5.00" type="DEFAULT_CAR"/>
    <instantOut id="235_D11" time="527.50" state="stay" vehID="Car_76" speed="0.14" length="5.00" type="DEFAULT_CAR"/>
    <instantOut id="235_D11" time="527.75" state="stay" vehID="Car_76" speed="0.31" length="5.00" type="DEFAULT_CAR"/>
    <instantOut id="235_D11" time="528.00" state="stay" vehID="Car_76" speed="0.49" length="5.00" type="DEFAULT_CAR"/>
    <instantOut id="235_D11" time="528.25" state="stay" vehID="Car_76" speed="0.75" length="5.00" type="DEFAULT_CAR"/>
    <instantOut id="235_D11" time="528.50" state="stay" vehID="Car_76" speed="1.15" length="5.00" type="DEFAULT_CAR"/>
    <instantOut id="235_D11" time="528.75" state="stay" vehID="Car_76" speed="1.66" length="5.00" type="DEFAULT_CAR"/>
    <instantOut id="235_D11" time="529.00" state="stay" vehID="Car_76" speed="2.31" length="5.00" type="DEFAULT_CAR"/>
    <instantOut id="235_D11" time="529.11" state="leave" vehID="Car_76" speed="2.91" length="5.00" type="DEFAULT_CAR" occupancy="4.14"/>
    <instantOut id="235_D11" time="823.97" state="enter" vehID="Car_562" speed="4.51" length="5.00" type="DEFAULT_CAR" gap="294.86"/>
    <instantOut id="235_D11" time="824.00" state="stay" vehID="Car_562" speed="4.51" length="5.00" type="DEFAULT_CAR"/>
    <instantOut id="235_D11" time="824.25" state="stay" vehID="Car_562" speed="3.76" length="5.00" type="DEFAULT_CAR"/>
    <instantOut id="235_D11" time="824.50" state="stay" vehID="Car_562" speed="3.01" length="5.00" type="DEFAULT_CAR"/>
    <instantOut id="235_D11" time="824.75" state="stay" vehID="Car_562" speed="2.26" length="5.00" type="DEFAULT_CAR"/>
    <instantOut id="235_D11" time="825.00" state="stay" vehID="Car_562" speed="1.51" length="5.00" type="DEFAULT_CAR"/>
    <instantOut id="235_D11" time="825.25" state="stay" vehID="Car_562" speed="0.76" length="5.00" type="DEFAULT_CAR"/>
    <instantOut id="235_D11" time="825.50" state="stay" vehID="Car_562" speed="0.09" length="5.00" type="DEFAULT_CAR"/>
    <instantOut id="235_D11" time="825.75" state="stay" vehID="Car_562" speed="0.01" length="5.00" type="DEFAULT_CAR"/>
    <instantOut id="235_D11" time="826.00" state="stay" vehID="Car_562" speed="0.00" length="5.00" type="DEFAULT_CAR"/>
    <instantOut id="235_D11" time="826.25" state="stay" vehID="Car_562" speed="0.00" length="5.00" type="DEFAULT_CAR"/>
    <instantOut id="235_D11" time="826.50" state="stay" vehID="Car_562" speed="0.00" length="5.00" type="DEFAULT_CAR"/>
    <instantOut id="235_D11" time="826.75" state="stay" vehID="Car_562" speed="0.84" length="5.00" type="DEFAULT_CAR"/>
    <instantOut id="235_D11" time="827.00" state="stay" vehID="Car_562" speed="1.74" length="5.00" type="DEFAULT_CAR"/>
    <instantOut id="235_D11" time="827.25" state="stay" vehID="Car_562" speed="2.66" length="5.00" type="DEFAULT_CAR"/>
    <instantOut id="235_D11" time="827.47" state="leave" vehID="Car_562" speed="3.21" length="5.00" type="DEFAULT_CAR" occupancy="3.50"/>
    <instantOut id="235_D11" time="957.98" state="enter" vehID="Car_563" speed="4.51" length="5.00" type="DEFAULT_CAR" gap="130.50"/>
    <instantOut id="235_D11" time="958.00" state="stay" vehID="Car_563" speed="4.51" length="5.00" type="DEFAULT_CAR"/>
    <instantOut id="235_D11" time="958.25" state="stay" vehID="Car_563" speed="3.76" length="5.00" type="DEFAULT_CAR"/>
    <instantOut id="235_D11" time="958.50" state="stay" vehID="Car_563" speed="3.01" length="5.00" type="DEFAULT_CAR"/>
    <instantOut id="235_D11" time="958.75" state="stay" vehID="Car_563" speed="2.26" length="5.00" type="DEFAULT_CAR"/>
    <instantOut id="235_D11" time="959.00" state="stay" vehID="Car_563" speed="1.56" length="5.00" type="DEFAULT_CAR"/>
    <instantOut id="235_D11" time="959.25" state="stay" vehID="Car_563" speed="0.81" length="5.00" type="DEFAULT_CAR"/>
    <instantOut id="235_D11" time="959.50" state="stay" vehID="Car_563" speed="0.08" length="5.00" type="DEFAULT_CAR"/>
    <instantOut id="235_D11" time="959.75" state="stay" vehID="Car_563" speed="0.01" length="5.00" type="DEFAULT_CAR"/>
    <instantOut id="235_D11" time="960.00" state="stay" vehID="Car_563" speed="0.00" length="5.00" type="DEFAULT_CAR"/>
    <instantOut id="235_D11" time="960.25" state="stay" vehID="Car_563" speed="0.00" length="5.00" type="DEFAULT_CAR"/>
    <instantOut id="235_D11" time="960.50" state="stay" vehID="Car_563" speed="0.94" length="5.00" type="DEFAULT_CAR"/>
    <instantOut id="235_D11" time="960.75" state="stay" vehID="Car_563" speed="1.71" length="5.00" type="DEFAULT_CAR"/>
    <instantOut id="235_D11" time="961.00" state="stay" vehID="Car_563" speed="2.41" length="5.00" type="DEFAULT_CAR"/>
    <instantOut id="235_D11" time="961.25" state="stay" vehID="Car_563" speed="2.95" length="5.00" type="DEFAULT_CAR"/>
    <instantOut id="235_D11" time="961.26" state="leave" vehID="Car_563" speed="3.60" length="5.00" type="DEFAULT_CAR" occupancy="3.28"/>
    <instantOut id="235_D11" time="2627.88" state="enter" vehID="Car_1810" speed="4.11" length="5.00" type="DEFAULT_CAR" gap="1666.62"/>
    <instantOut id="235_D11" time="2628.00" state="stay" vehID="Car_1810" speed="4.11" length="5.00" type="DEFAULT_CAR"/>
    <instantOut id="235_D11" time="2628.25" state="stay" vehID="Car_1810" speed="3.43" length="5.00" type="DEFAULT_CAR"/>
    <instantOut id="235_D11" time="2628.50" state="stay" vehID="Car_1810" speed="2.71" length="5.00" type="DEFAULT_CAR"/>
    <instantOut id="235_D11" time="2628.75" state="stay" vehID="Car_1810" speed="1.96" length="5.00" type="DEFAULT_CAR"/>
    <instantOut id="235_D11" time="2629.00" state="stay" vehID="Car_1810" speed="1.21" length="5.00" type="DEFAULT_CAR"/>
    <instantOut id="235_D11" time="2629.25" state="stay" vehID="Car_1810" speed="0.60" length="5.00" type="DEFAULT_CAR"/>
    <instantOut id="235_D11" time="2629.50" state="stay" vehID="Car_1810" speed="0.01" length="5.00" type="DEFAULT_CAR"/>
    <instantOut id="235_D11" time="2629.75" state="stay" vehID="Car_1810" speed="0.00" length="5.00" type="DEFAULT_CAR"/>
    <instantOut id="235_D11" time="2630.00" state="stay" vehID="Car_1810" speed="0.00" length="5.00" type="DEFAULT_CAR"/>
    <instantOut id="235_D11" time="2630.25" state="stay" vehID="Car_1810" speed="0.00" length="5.00" type="DEFAULT_CAR"/>
    <instantOut id="235_D11" time="2630.50" state="stay" vehID="Car_1810" speed="0.00" length="5.00" type="DEFAULT_CAR"/>
    <instantOut id="235_D11" time="2630.75" state="stay" vehID="Car_1810" speed="0.00" length="5.00" type="DEFAULT_CAR"/>
    <instantOut id="235_D11" time="2631.00" state="stay" vehID="Car_1810" speed="0.00" length="5.00" type="DEFAULT_CAR"/>
    <instantOut id="235_D11" time="2631.25" state="stay" vehID="Car_1810" speed="0.00" length="5.00" type="DEFAULT_CAR"/>
    <instantOut id="235_D11" time="2631.50" state="stay" vehID="Car_1810" speed="0.00" length="5.00" type="DEFAULT_CAR"/>
    <instantOut id="235_D11" time="2631.75" state="stay" vehID="Car_1810" speed="0.00" length="5.00" type="DEFAULT_CAR"/>
    <instantOut id="235_D11" time="2632.00" state="stay" vehID="Car_1810" speed="0.00" length="5.00" type="DEFAULT_CAR"/>
    <instantOut id="235_D11" time="2632.25" state="stay" vehID="Car_1810" speed="0.00" length="5.00" type="DEFAULT_CAR"/>
    <instantOut id="235_D11" time="2632.50" state="stay" vehID="Car_1810" speed="0.00" length="5.00" type="DEFAULT_CAR"/>
    <instantOut id="235_D11" time="2632.75" state="stay" vehID="Car_1810" speed="0.00" length="5.00" type="DEFAULT_CAR"/>
    <instantOut id="235_D11" time="2633.00" state="stay" vehID="Car_1810" speed="0.17" length="5.00" type="DEFAULT_CAR"/>
    <instantOut id="235_D11" time="2633.25" state="stay" vehID="Car_1810" speed="0.40" length="5.00" type="DEFAULT_CAR"/>
    <instantOut id="235_D11" time="2633.50" state="stay" vehID="Car_1810" speed="0.68" length="5.00" type="DEFAULT_CAR"/>
    <instantOut id="235_D11" time="2633.75" state="stay" vehID="Car_1810" speed="1.12" length="5.00" type="DEFAULT_CAR"/>
    <instantOut id="235_D11" time="2634.00" state="stay" vehID="Car_1810" speed="1.70" length="5.00" type="DEFAULT_CAR"/>
    <instantOut id="235_D11" time="2634.25" state="stay" vehID="Car_1810" speed="2.53" length="5.00" type="DEFAULT_CAR"/>
    <instantOut id="235_D11" time="2634.36" state="leave" vehID="Car_1810" speed="3.39" length="5.00" type="DEFAULT_CAR" occupancy="6.48"/>
    <instantOut id="235_D11" time="9769.90" state="enter" vehID="Car_5767" speed="6.01" length="5.00" type="DEFAULT_CAR" gap="7135.54"/>
    <instantOut id="235_D11" time="9770.00" state="stay" vehID="Car_5767" speed="6.01" length="5.00" type="DEFAULT_CAR"/>
    <instantOut id="235_D11" time="9770.25" state="stay" vehID="Car_5767" speed="6.96" length="5.00" type="DEFAULT_CAR"/>
    <instantOut id="235_D11" time="9770.50" state="stay" vehID="Car_5767" speed="7.78" length="5.00" type="DEFAULT_CAR"/>
    <instantOut id="235_D11" time="9770.58" state="leave" vehID="Car_5767" speed="8.63" length="5.00" type="DEFAULT_CAR" occupancy="0.68"/>
    <instantOut id="235_D11" time="10247.98" state="enter" vehID="Car_5766" speed="4.43" length="5.00" type="DEFAULT_CAR" gap="477.40"/>
    <instantOut id="235_D11" time="10248.00" state="stay" vehID="Car_5766" speed="4.43" length="5.00" type="DEFAULT_CAR"/>
    <instantOut id="235_D11" time="10248.25" state="stay" vehID="Car_5766" speed="3.68" length="5.00" type="DEFAULT_CAR"/>
    <instantOut id="235_D11" time="10248.50" state="stay" vehID="Car_5766" speed="4.63" length="5.00" type="DEFAULT_CAR"/>
    <instantOut id="235_D11" time="10248.75" state="stay" vehID="Car_5766" speed="5.29" length="5.00" type="DEFAULT_CAR"/>
    <instantOut id="235_D11" time="10249.00" state="stay" vehID="Car_5766" speed="6.00" length="5.00" type="DEFAULT_CAR"/>
    <instantOut id="235_D11" time="10249.00" state="leave" vehID="Car_5766" speed="6.53" length="5.00" type="DEFAULT_CAR" occupancy="1.02"/>
    <instantOut id="235_D11" time="10358.95" state="enter" vehID="Car_5420" speed="6.23" length="5.00" type="DEFAULT_CAR" gap="109.95"/>
    <instantOut id="235_D11" time="10359.00" state="stay" vehID="Car_5420" speed="6.23" length="5.00" type="DEFAULT_CAR"/>
    <instantOut id="235_D11" time="10359.25" state="stay" vehID="Car_5420" speed="7.18" length="5.00" type="DEFAULT_CAR"/>
    <instantOut id="235_D11" time="10359.50" state="stay" vehID="Car_5420" speed="7.21" length="5.00" type="DEFAULT_CAR"/>
    <instantOut id="235_D11" time="10359.65" state="leave" vehID="Car_5420" speed="7.41" length="5.00" type="DEFAULT_CAR" occupancy="0.70"/>
    <instantOut id="235_D11" time="10523.92" state="enter" vehID="Car_5895" speed="6.25" length="5.00" type="DEFAULT_CAR" gap="164.28"/>
    <instantOut id="235_D11" time="10524.00" state="stay" vehID="Car_5895" speed="6.25" length="5.00" type="DEFAULT_CAR"/>
    <instantOut id="235_D11" time="10524.25" state="stay" vehID="Car_5895" speed="7.20" length="5.00" type="DEFAULT_CAR"/>
    <instantOut id="235_D11" time="10524.50" state="stay" vehID="Car_5895" speed="7.92" length="5.00" type="DEFAULT_CAR"/>
    <instantOut id="235_D11" time="10524.59" state="leave" vehID="Car_5895" speed="8.26" length="5.00" type="DEFAULT_CAR" occupancy="0.67"/>
    <instantOut id="235_D11" time="10662.95" state="enter" vehID="Car_6186" speed="4.42" length="5.00" type="DEFAULT_CAR" gap="138.36"/>
    <instantOut id="235_D11" time="10663.00" state="stay" vehID="Car_6186" speed="4.42" length="5.00" type="DEFAULT_CAR"/>
    <instantOut id="235_D11" time="10663.25" state="stay" vehID="Car_6186" speed="3.67" length="5.00" type="DEFAULT_CAR"/>
    <instantOut id="235_D11" time="10663.50" state="stay" vehID="Car_6186" speed="2.93" length="5.00" type="DEFAULT_CAR"/>
    <instantOut id="235_D11" time="10663.75" state="stay" vehID="Car_6186" speed="2.18" length="5.00" type="DEFAULT_CAR"/>
    <instantOut id="235_D11" time="10664.00" state="stay" vehID="Car_6186" speed="1.49" length="5.00" type="DEFAULT_CAR"/>
    <instantOut id="235_D11" time="10664.25" state="stay" vehID="Car_6186" speed="0.74" length="5.00" type="DEFAULT_CAR"/>
    <instantOut id="235_D11" time="10664.50" state="stay" vehID="Car_6186" speed="0.01" length="5.00" type="DEFAULT_CAR"/>
    <instantOut id="235_D11" time="10664.75" state="stay" vehID="Car_6186" speed="0.00" length="5.00" type="DEFAULT_CAR"/>
    <instantOut id="235_D11" time="10665.00" state="stay" vehID="Car_6186" speed="0.00" length="5.00" type="DEFAULT_CAR"/>
    <instantOut id="235_D11" time="10665.25" state="stay" vehID="Car_6186" speed="0.00" length="5.00" type="DEFAULT_CAR"/>
    <instantOut id="235_D11" time="10665.50" state="stay" vehID="Car_6186" speed="0.00" length="5.00" type="DEFAULT_CAR"/>
    <instantOut id="235_D11" time="10665.75" state="stay" vehID="Car_6186" speed="0.00" length="5.00" type="DEFAULT_CAR"/>
    <instantOut id="235_D11" time="10666.00" state="stay" vehID="Car_6186" speed="0.00" length="5.00" type="DEFAULT_CAR"/>
    <instantOut id="235_D11" time="10666.25" state="stay" vehID="Car_6186" speed="0.00" length="5.00" type="DEFAULT_CAR"/>
    <instantOut id="235_D11" time="10666.50" state="stay" vehID="Car_6186" speed="0.00" length="5.00" type="DEFAULT_CAR"/>
    <instantOut id="235_D11" time="10666.75" state="stay" vehID="Car_6186" speed="0.00" length="5.00" type="DEFAULT_CAR"/>
    <instantOut id="235_D11" time="10667.00" state="stay" vehID="Car_6186" speed="0.00" length="5.00" type="DEFAULT_CAR"/>
    <instantOut id="235_D11" time="10667.25" state="stay" vehID="Car_6186" speed="0.00" length="5.00" type="DEFAULT_CAR"/>
    <instantOut id="235_D11" time="10667.50" state="stay" vehID="Car_6186" speed="0.00" length="5.00" type="DEFAULT_CAR"/>
    <instantOut id="235_D11" time="10667.75" state="stay" vehID="Car_6186" speed="0.00" length="5.00" type="DEFAULT_CAR"/>
    <instantOut id="235_D11" time="10668.00" state="stay" vehID="Car_6186" speed="0.00" length="5.00" type="DEFAULT_CAR"/>
    <instantOut id="235_D11" time="10668.25" state="stay" vehID="Car_6186" speed="0.00" length="5.00" type="DEFAULT_CAR"/>
    <instantOut id="235_D11" time="10668.50" state="stay" vehID="Car_6186" speed="0.00" length="5.00" type="DEFAULT_CAR"/>
    <instantOut id="235_D11" time="10668.75" state="stay" vehID="Car_6186" speed="0.00" length="5.00" type="DEFAULT_CAR"/>
    <instantOut id="235_D11" time="10669.00" state="stay" vehID="Car_6186" speed="0.00" length="5.00" type="DEFAULT_CAR"/>
    <instantOut id="235_D11" time="10669.25" state="stay" vehID="Car_6186" speed="0.00" length="5.00" type="DEFAULT_CAR"/>
    <instantOut id="235_D11" time="10669.50" state="stay" vehID="Car_6186" speed="0.00" length="5.00" type="DEFAULT_CAR"/>
    <instantOut id="235_D11" time="10669.75" state="stay" vehID="Car_6186" speed="0.00" length="5.00" type="DEFAULT_CAR"/>
    <instantOut id="235_D11" time="10670.00" state="stay" vehID="Car_6186" speed="0.00" length="5.00" type="DEFAULT_CAR"/>
    <instantOut id="235_D11" time="10670.25" state="stay" vehID="Car_6186" speed="0.00" length="5.00" type="DEFAULT_CAR"/>
    <instantOut id="235_D11" time="10670.50" state="stay" vehID="Car_6186" speed="0.00" length="5.00" type="DEFAULT_CAR"/>
    <instantOut id="235_D11" time="10670.75" state="stay" vehID="Car_6186" speed="0.00" length="5.00" type="DEFAULT_CAR"/>
    <instantOut id="235_D11" time="10671.00" state="stay" vehID="Car_6186" speed="0.00" length="5.00" type="DEFAULT_CAR"/>
    <instantOut id="235_D11" time="10671.25" state="stay" vehID="Car_6186" speed="0.00" length="5.00" type="DEFAULT_CAR"/>
    <instantOut id="235_D11" time="10671.50" state="stay" vehID="Car_6186" speed="0.00" length="5.00" type="DEFAULT_CAR"/>
    <instantOut id="235_D11" time="10671.75" state="stay" vehID="Car_6186" speed="0.00" length="5.00" type="DEFAULT_CAR"/>
    <instantOut id="235_D11" time="10672.00" state="stay" vehID="Car_6186" speed="0.00" length="5.00" type="DEFAULT_CAR"/>
    <instantOut id="235_D11" time="10672.25" state="stay" vehID="Car_6186" speed="0.00" length="5.00" type="DEFAULT_CAR"/>
    <instantOut id="235_D11" time="10672.50" state="stay" vehID="Car_6186" speed="0.00" length="5.00" type="DEFAULT_CAR"/>
    <instantOut id="235_D11" time="10672.75" state="stay" vehID="Car_6186" speed="0.00" length="5.00" type="DEFAULT_CAR"/>
    <instantOut id="235_D11" time="10673.00" state="stay" vehID="Car_6186" speed="0.00" length="5.00" type="DEFAULT_CAR"/>
    <instantOut id="235_D11" time="10673.25" state="stay" vehID="Car_6186" speed="0.00" length="5.00" type="DEFAULT_CAR"/>
    <instantOut id="235_D11" time="10673.50" state="stay" vehID="Car_6186" speed="0.00" length="5.00" type="DEFAULT_CAR"/>
    <instantOut id="235_D11" time="10673.75" state="stay" vehID="Car_6186" speed="0.00" length="5.00" type="DEFAULT_CAR"/>
    <instantOut id="235_D11" time="10674.00" state="stay" vehID="Car_6186" speed="0.00" length="5.00" type="DEFAULT_CAR"/>
    <instantOut id="235_D11" time="10674.25" state="stay" vehID="Car_6186" speed="0.00" length="5.00" type="DEFAULT_CAR"/>
    <instantOut id="235_D11" time="10674.50" state="stay" vehID="Car_6186" speed="0.00" length="5.00" type="DEFAULT_CAR"/>
    <instantOut id="235_D11" time="10674.75" state="stay" vehID="Car_6186" speed="0.00" length="5.00" type="DEFAULT_CAR"/>
    <instantOut id="235_D11" time="10675.00" state="stay" vehID="Car_6186" speed="0.00" length="5.00" type="DEFAULT_CAR"/>
    <instantOut id="235_D11" time="10675.25" state="stay" vehID="Car_6186" speed="0.00" length="5.00" type="DEFAULT_CAR"/>
    <instantOut id="235_D11" time="10675.50" state="stay" vehID="Car_6186" speed="0.00" length="5.00" type="DEFAULT_CAR"/>
    <instantOut id="235_D11" time="10675.75" state="stay" vehID="Car_6186" speed="0.00" length="5.00" type="DEFAULT_CAR"/>
    <instantOut id="235_D11" time="10676.00" state="stay" vehID="Car_6186" speed="0.00" length="5.00" type="DEFAULT_CAR"/>
    <instantOut id="235_D11" time="10676.25" state="stay" vehID="Car_6186" speed="0.00" length="5.00" type="DEFAULT_CAR"/>
    <instantOut id="235_D11" time="10676.50" state="stay" vehID="Car_6186" speed="0.00" length="5.00" type="DEFAULT_CAR"/>
    <instantOut id="235_D11" time="10676.75" state="stay" vehID="Car_6186" speed="0.90" length="5.00" type="DEFAULT_CAR"/>
    <instantOut id="235_D11" time="10677.00" state="stay" vehID="Car_6186" speed="1.68" length="5.00" type="DEFAULT_CAR"/>
    <instantOut id="235_D11" time="10677.25" state="stay" vehID="Car_6186" speed="2.60" length="5.00" type="DEFAULT_CAR"/>
    <instantOut id="235_D11" time="10677.47" state="leave" vehID="Car_6186" speed="3.31" length="5.00" type="DEFAULT_CAR" occupancy="14.52"/>
    <instantOut id="235_D11" time="10698.87" state="enter" vehID="Car_6187" speed="4.18" length="5.00" type="DEFAULT_CAR" gap="21.40"/>
    <instantOut id="235_D11" time="10699.00" state="stay" vehID="Car_6187" speed="4.18" length="5.00" type="DEFAULT_CAR"/>
    <instantOut id="235_D11" time="10699.25" state="stay" vehID="Car_6187" speed="3.43" length="5.00" type="DEFAULT_CAR"/>
    <instantOut id="235_D11" time="10699.50" state="stay" vehID="Car_6187" speed="2.68" length="5.00" type="DEFAULT_CAR"/>
    <instantOut id="235_D11" time="10699.75" state="stay" vehID="Car_6187" speed="1.93" length="5.00" type="DEFAULT_CAR"/>
    <instantOut id="235_D11" time="10700.00" state="stay" vehID="Car_6187" speed="1.18" length="5.00" type="DEFAULT_CAR"/>
    <instantOut id="235_D11" time="10700.25" state="stay" vehID="Car_6187" speed="0.44" length="5.00" type="DEFAULT_CAR"/>
    <instantOut id="235_D11" time="10700.50" state="stay" vehID="Car_6187" speed="0.05" length="5.00" type="DEFAULT_CAR"/>
    <instantOut id="235_D11" time="10700.75" state="stay" vehID="Car_6187" speed="0.00" length="5.00" type="DEFAULT_CAR"/>
    <instantOut id="235_D11" time="10701.00" state="stay" vehID="Car_6187" speed="0.00" length="5.00" type="DEFAULT_CAR"/>
    <instantOut id="235_D11" time="10701.25" state="stay" vehID="Car_6187" speed="0.00" length="5.00" type="DEFAULT_CAR"/>
    <instantOut id="235_D11" time="10701.50" state="stay" vehID="Car_6187" speed="0.00" length="5.00" type="DEFAULT_CAR"/>
    <instantOut id="235_D11" time="10701.75" state="stay" vehID="Car_6187" speed="0.00" length="5.00" type="DEFAULT_CAR"/>
    <instantOut id="235_D11" time="10702.00" state="stay" vehID="Car_6187" speed="0.00" length="5.00" type="DEFAULT_CAR"/>
    <instantOut id="235_D11" time="10702.25" state="stay" vehID="Car_6187" speed="0.00" length="5.00" type="DEFAULT_CAR"/>
    <instantOut id="235_D11" time="10702.50" state="stay" vehID="Car_6187" speed="0.00" length="5.00" type="DEFAULT_CAR"/>
    <instantOut id="235_D11" time="10702.75" state="stay" vehID="Car_6187" speed="0.00" length="5.00" type="DEFAULT_CAR"/>
    <instantOut id="235_D11" time="10703.00" state="stay" vehID="Car_6187" speed="0.00" length="5.00" type="DEFAULT_CAR"/>
    <instantOut id="235_D11" time="10703.25" state="stay" vehID="Car_6187" speed="0.00" length="5.00" type="DEFAULT_CAR"/>
    <instantOut id="235_D11" time="10703.50" state="stay" vehID="Car_6187" speed="0.00" length="5.00" type="DEFAULT_CAR"/>
    <instantOut id="235_D11" time="10703.75" state="stay" vehID="Car_6187" speed="0.00" length="5.00" type="DEFAULT_CAR"/>
    <instantOut id="235_D11" time="10704.00" state="stay" vehID="Car_6187" speed="0.00" length="5.00" type="DEFAULT_CAR"/>
    <instantOut id="235_D11" time="10704.25" state="stay" vehID="Car_6187" speed="0.00" length="5.00" type="DEFAULT_CAR"/>
    <instantOut id="235_D11" time="10704.50" state="stay" vehID="Car_6187" speed="0.00" length="5.00" type="DEFAULT_CAR"/>
    <instantOut id="235_D11" time="10704.75" state="stay" vehID="Car_6187" speed="0.00" length="5.00" type="DEFAULT_CAR"/>
    <instantOut id="235_D11" time="10705.00" state="stay" vehID="Car_6187" speed="0.00" length="5.00" type="DEFAULT_CAR"/>
    <instantOut id="235_D11" time="10705.25" state="stay" vehID="Car_6187" speed="0.00" length="5.00" type="DEFAULT_CAR"/>
    <instantOut id="235_D11" time="10705.50" state="stay" vehID="Car_6187" speed="0.00" length="5.00" type="DEFAULT_CAR"/>
    <instantOut id="235_D11" time="10705.75" state="stay" vehID="Car_6187" speed="0.00" length="5.00" type="DEFAULT_CAR"/>
    <instantOut id="235_D11" time="10706.00" state="stay" vehID="Car_6187" speed="0.00" length="5.00" type="DEFAULT_CAR"/>
    <instantOut id="235_D11" time="10706.25" state="stay" vehID="Car_6187" speed="0.00" length="5.00" type="DEFAULT_CAR"/>
    <instantOut id="235_D11" time="10706.50" state="stay" vehID="Car_6187" speed="0.00" length="5.00" type="DEFAULT_CAR"/>
    <instantOut id="235_D11" time="10706.75" state="stay" vehID="Car_6187" speed="0.00" length="5.00" type="DEFAULT_CAR"/>
    <instantOut id="235_D11" time="10707.00" state="stay" vehID="Car_6187" speed="0.00" length="5.00" type="DEFAULT_CAR"/>
    <instantOut id="235_D11" time="10707.25" state="stay" vehID="Car_6187" speed="0.00" length="5.00" type="DEFAULT_CAR"/>
    <instantOut id="235_D11" time="10707.50" state="stay" vehID="Car_6187" speed="0.00" length="5.00" type="DEFAULT_CAR"/>
    <instantOut id="235_D11" time="10707.75" state="stay" vehID="Car_6187" speed="0.00" length="5.00" type="DEFAULT_CAR"/>
    <instantOut id="235_D11" time="10708.00" state="stay" vehID="Car_6187" speed="0.00" length="5.00" type="DEFAULT_CAR"/>
    <instantOut id="235_D11" time="10708.25" state="stay" vehID="Car_6187" speed="0.00" length="5.00" type="DEFAULT_CAR"/>
    <instantOut id="235_D11" time="10708.50" state="stay" vehID="Car_6187" speed="0.00" length="5.00" type="DEFAULT_CAR"/>
    <instantOut id="235_D11" time="10708.75" state="stay" vehID="Car_6187" speed="0.00" length="5.00" type="DEFAULT_CAR"/>
    <instantOut id="235_D11" time="10709.00" state="stay" vehID="Car_6187" speed="0.00" length="5.00" type="DEFAULT_CAR"/>
    <instantOut id="235_D11" time="10709.25" state="stay" vehID="Car_6187" speed="0.00" length="5.00" type="DEFAULT_CAR"/>
    <instantOut id="235_D11" time="10709.50" state="stay" vehID="Car_6187" speed="0.00" length="5.00" type="DEFAULT_CAR"/>
    <instantOut id="235_D11" time="10709.75" state="stay" vehID="Car_6187" speed="0.00" length="5.00" type="DEFAULT_CAR"/>
    <instantOut id="235_D11" time="10710.00" state="stay" vehID="Car_6187" speed="0.00" length="5.00" type="DEFAULT_CAR"/>
    <instantOut id="235_D11" time="10710.25" state="stay" vehID="Car_6187" speed="0.00" length="5.00" type="DEFAULT_CAR"/>
    <instantOut id="235_D11" time="10710.50" state="stay" vehID="Car_6187" speed="0.00" length="5.00" type="DEFAULT_CAR"/>
    <instantOut id="235_D11" time="10710.75" state="stay" vehID="Car_6187" speed="0.00" length="5.00" type="DEFAULT_CAR"/>
    <instantOut id="235_D11" time="10711.00" state="stay" vehID="Car_6187" speed="0.00" length="5.00" type="DEFAULT_CAR"/>
    <instantOut id="235_D11" time="10711.25" state="stay" vehID="Car_6187" speed="0.00" length="5.00" type="DEFAULT_CAR"/>
    <instantOut id="235_D11" time="10711.50" state="stay" vehID="Car_6187" speed="0.00" length="5.00" type="DEFAULT_CAR"/>
    <instantOut id="235_D11" time="10711.75" state="stay" vehID="Car_6187" speed="0.00" length="5.00" type="DEFAULT_CAR"/>
    <instantOut id="235_D11" time="10712.00" state="stay" vehID="Car_6187" speed="0.00" length="5.00" type="DEFAULT_CAR"/>
    <instantOut id="235_D11" time="10712.25" state="stay" vehID="Car_6187" speed="0.00" length="5.00" type="DEFAULT_CAR"/>
    <instantOut id="235_D11" time="10712.50" state="stay" vehID="Car_6187" speed="0.00" length="5.00" type="DEFAULT_CAR"/>
    <instantOut id="235_D11" time="10712.75" state="stay" vehID="Car_6187" speed="0.00" length="5.00" type="DEFAULT_CAR"/>
    <instantOut id="235_D11" time="10713.00" state="stay" vehID="Car_6187" speed="0.00" length="5.00" type="DEFAULT_CAR"/>
    <instantOut id="235_D11" time="10713.25" state="stay" vehID="Car_6187" speed="0.00" length="5.00" type="DEFAULT_CAR"/>
    <instantOut id="235_D11" time="10713.50" state="stay" vehID="Car_6187" speed="0.00" length="5.00" type="DEFAULT_CAR"/>
    <instantOut id="235_D11" time="10713.75" state="stay" vehID="Car_6187" speed="0.00" length="5.00" type="DEFAULT_CAR"/>
    <instantOut id="235_D11" time="10714.00" state="stay" vehID="Car_6187" speed="0.00" length="5.00" type="DEFAULT_CAR"/>
    <instantOut id="235_D11" time="10714.25" state="stay" vehID="Car_6187" speed="0.00" length="5.00" type="DEFAULT_CAR"/>
    <instantOut id="235_D11" time="10714.50" state="stay" vehID="Car_6187" speed="0.00" length="5.00" type="DEFAULT_CAR"/>
    <instantOut id="235_D11" time="10714.75" state="stay" vehID="Car_6187" speed="0.88" length="5.00" type="DEFAULT_CAR"/>
    <instantOut id="235_D11" time="10715.00" state="stay" vehID="Car_6187" speed="1.75" length="5.00" type="DEFAULT_CAR"/>
    <instantOut id="235_D11" time="10715.25" state="stay" vehID="Car_6187" speed="2.58" length="5.00" type="DEFAULT_CAR"/>
    <instantOut id="235_D11" time="10715.48" state="leave" vehID="Car_6187" speed="3.11" length="5.00" type="DEFAULT_CAR" occupancy="16.61"/>
    <instantOut id="235_D11" time="11641.93" state="enter" vehID="Car_6430" speed="4.25" length="5.00" type="DEFAULT_CAR" gap="926.45"/>
    <instantOut id="235_D11" time="11642.00" state="stay" vehID="Car_6430" speed="4.25" length="5.00" type="DEFAULT_CAR"/>
    <instantOut id="235_D11" time="11642.25" state="stay" vehID="Car_6430" speed="5.20" length="5.00" type="DEFAULT_CAR"/>
    <instantOut id="235_D11" time="11642.50" state="stay" vehID="Car_6430" speed="6.15" length="5.00" type="DEFAULT_CAR"/>
    <instantOut id="235_D11" time="11642.75" state="stay" vehID="Car_6430" speed="6.71" length="5.00" type="DEFAULT_CAR"/>
    <instantOut id="235_D11" time="11642.78" state="leave" vehID="Car_6430" speed="7.24" length="5.00" type="DEFAULT_CAR" occupancy="0.85"/>
    <instantOut id="235_D11" time="11921.87" state="enter" vehID="Car_6429" speed="5.95" length="5.00" type="DEFAULT_CAR" gap="279.10"/>
    <instantOut id="235_D11" time="11922.00" state="stay" vehID="Car_6429" speed="5.95" length="5.00" type="DEFAULT_CAR"/>
    <instantOut id="235_D11" time="11922.25" state="stay" vehID="Car_6429" speed="6.90" length="5.00" type="DEFAULT_CAR"/>
    <instantOut id="235_D11" time="11922.50" state="stay" vehID="Car_6429" speed="7.47" length="5.00" type="DEFAULT_CAR"/>
    <instantOut id="235_D11" time="11922.58" state="leave" vehID="Car_6429" speed="8.09" length="5.00" type="DEFAULT_CAR" occupancy="0.71"/>
    <instantOut id="235_D11" time="13601.91" state="enter" vehID="Car_7711" speed="6.18" length="5.00" type="DEFAULT_CAR" gap="1679.32"/>
    <instantOut id="235_D11" time="13602.00" state="stay" vehID="Car_7711" speed="6.18" length="5.00" type="DEFAULT_CAR"/>
    <instantOut id="235_D11" time="13602.25" state="stay" vehID="Car_7711" speed="7.13" length="5.00" type="DEFAULT_CAR"/>
    <instantOut id="235_D11" time="13602.50" state="stay" vehID="Car_7711" speed="8.02" length="5.00" type="DEFAULT_CAR"/>
    <instantOut id="235_D11" time="13602.57" state="leave" vehID="Car_7711" speed="8.53" length="5.00" type="DEFAULT_CAR" occupancy="0.67"/>
    <instantOut id="235_D11" time="13802.94" state="enter" vehID="Car_7701" speed="6.26" length="5.00" type="DEFAULT_CAR" gap="200.37"/>
    <instantOut id="235_D11" time="13803.00" state="stay" vehID="Car_7701" speed="6.26" length="5.00" type="DEFAULT_CAR"/>
    <instantOut id="235_D11" time="13803.25" state="stay" vehID="Car_7701" speed="7.21" length="5.00" type="DEFAULT_CAR"/>
    <instantOut id="235_D11" time="13803.50" state="stay" vehID="Car_7701" speed="8.04" length="5.00" type="DEFAULT_CAR"/>
    <instantOut id="235_D11" time="13803.60" state="leave" vehID="Car_7701" speed="8.86" length="5.00" type="DEFAULT_CAR" occupancy="0.65"/>
    <instantOut id="235_D11" time="14012.94" state="enter" vehID="Car_7700" speed="5.86" length="5.00" type="DEFAULT_CAR" gap="209.34"/>
    <instantOut id="235_D11" time="14013.00" state="stay" vehID="Car_7700" speed="5.86" length="5.00" type="DEFAULT_CAR"/>
    <instantOut id="235_D11" time="14013.25" state="stay" vehID="Car_7700" speed="6.81" length="5.00" type="DEFAULT_CAR"/>
    <instantOut id="235_D11" time="14013.50" state="stay" vehID="Car_7700" speed="6.10" length="5.00" type="DEFAULT_CAR"/>
    <instantOut id="235_D11" time="14013.74" state="leave" vehID="Car_7700" speed="5.94" length="5.00" type="DEFAULT_CAR" occupancy="0.80"/>
    <instantOut id="235_D11" time="15169.02" state="enter" vehID="Car_8783" speed="3.71" length="5.00" type="DEFAULT_CAR" gap="1155.28"/>
    <instantOut id="235_D11" time="15169.25" state="stay" vehID="Car_8783" speed="3.71" length="5.00" type="DEFAULT_CAR"/>
    <instantOut id="235_D11" time="15169.50" state="stay" vehID="Car_8783" speed="3.10" length="5.00" type="DEFAULT_CAR"/>
    <instantOut id="235_D11" time="15169.75" state="stay" vehID="Car_8783" speed="2.44" length="5.00" type="DEFAULT_CAR"/>
    <instantOut id="235_D11" time="15170.00" state="stay" vehID="Car_8783" speed="1.69" length="5.00" type="DEFAULT_CAR"/>
    <instantOut id="235_D11" time="15170.25" state="stay" vehID="Car_8783" speed="0.96" length="5.00" type="DEFAULT_CAR"/>
    <instantOut id="235_D11" time="15170.50" state="stay" vehID="Car_8783" speed="0.22" length="5.00" type="DEFAULT_CAR"/>
    <instantOut id="235_D11" time="15170.75" state="stay" vehID="Car_8783" speed="0.02" length="5.00" type="DEFAULT_CAR"/>
    <instantOut id="235_D11" time="15171.00" state="stay" vehID="Car_8783" speed="0.00" length="5.00" type="DEFAULT_CAR"/>
    <instantOut id="235_D11" time="15171.25" state="stay" vehID="Car_8783" speed="0.00" length="5.00" type="DEFAULT_CAR"/>
    <instantOut id="235_D11" time="15171.50" state="stay" vehID="Car_8783" speed="0.00" length="5.00" type="DEFAULT_CAR"/>
    <instantOut id="235_D11" time="15171.75" state="stay" vehID="Car_8783" speed="0.84" length="5.00" type="DEFAULT_CAR"/>
    <instantOut id="235_D11" time="15172.00" state="stay" vehID="Car_8783" speed="1.67" length="5.00" type="DEFAULT_CAR"/>
    <instantOut id="235_D11" time="15172.25" state="stay" vehID="Car_8783" speed="2.54" length="5.00" type="DEFAULT_CAR"/>
    <instantOut id="235_D11" time="15172.47" state="leave" vehID="Car_8783" speed="3.47" length="5.00" type="DEFAULT_CAR" occupancy="3.45"/>
    <instantOut id="235_D11" time="18068.02" state="enter" vehID="Car_10471" speed="3.61" length="5.00" type="DEFAULT_CAR" gap="2895.55"/>
    <instantOut id="235_D11" time="18068.25" state="stay" vehID="Car_10471" speed="3.61" length="5.00" type="DEFAULT_CAR"/>
    <instantOut id="235_D11" time="18068.50" state="stay" vehID="Car_10471" speed="3.20" length="5.00" type="DEFAULT_CAR"/>
    <instantOut id="235_D11" time="18068.75" state="stay" vehID="Car_10471" speed="2.45" length="5.00" type="DEFAULT_CAR"/>
    <instantOut id="235_D11" time="18069.00" state="stay" vehID="Car_10471" speed="1.70" length="5.00" type="DEFAULT_CAR"/>
    <instantOut id="235_D11" time="18069.25" state="stay" vehID="Car_10471" speed="0.95" length="5.00" type="DEFAULT_CAR"/>
    <instantOut id="235_D11" time="18069.50" state="stay" vehID="Car_10471" speed="0.32" length="5.00" type="DEFAULT_CAR"/>
    <instantOut id="235_D11" time="18069.75" state="stay" vehID="Car_10471" speed="0.04" length="5.00" type="DEFAULT_CAR"/>
    <instantOut id="235_D11" time="18070.00" state="stay" vehID="Car_10471" speed="0.00" length="5.00" type="DEFAULT_CAR"/>
    <instantOut id="235_D11" time="18070.25" state="stay" vehID="Car_10471" speed="0.00" length="5.00" type="DEFAULT_CAR"/>
    <instantOut id="235_D11" time="18070.50" state="stay" vehID="Car_10471" speed="0.00" length="5.00" type="DEFAULT_CAR"/>
    <instantOut id="235_D11" time="18070.75" state="stay" vehID="Car_10471" speed="0.00" length="5.00" type="DEFAULT_CAR"/>
    <instantOut id="235_D11" time="18071.00" state="stay" vehID="Car_10471" speed="0.82" length="5.00" type="DEFAULT_CAR"/>
    <instantOut id="235_D11" time="18071.25" state="stay" vehID="Car_10471" speed="1.76" length="5.00" type="DEFAULT_CAR"/>
    <instantOut id="235_D11" time="18071.50" state="stay" vehID="Car_10471" speed="2.49" length="5.00" type="DEFAULT_CAR"/>
    <instantOut id="235_D11" time="18071.72" state="leave" vehID="Car_10471" speed="3.35" length="5.00" type="DEFAULT_CAR" occupancy="3.70"/>
    <instantOut id="235_D11" time="18450.95" state="enter" vehID="Car_10472" speed="5.86" length="5.00" type="DEFAULT_CAR" gap="379.23"/>
    <instantOut id="235_D11" time="18451.00" state="stay" vehID="Car_10472" speed="5.86" length="5.00" type="DEFAULT_CAR"/>
    <instantOut id="235_D11" time="18451.25" state="stay" vehID="Car_10472" speed="6.81" length="5.00" type="DEFAULT_CAR"/>
    <instantOut id="235_D11" time="18451.50" state="stay" vehID="Car_10472" speed="7.39" length="5.00" type="DEFAULT_CAR"/>
    <instantOut id="235_D11" time="18451.66" state="leave" vehID="Car_10472" speed="7.22" length="5.00" type="DEFAULT_CAR" occupancy="0.71"/>
    <instantOut id="235_D11" time="18590.06" state="enter" vehID="Car_10473" speed="3.99" length="5.00" type="DEFAULT_CAR" gap="138.40"/>
    <instantOut id="235_D11" time="18590.25" state="stay" vehID="Car_10473" speed="3.99" length="5.00" type="DEFAULT_CAR"/>
    <instantOut id="235_D11" time="18590.50" state="stay" vehID="Car_10473" speed="3.24" length="5.00" type="DEFAULT_CAR"/>
    <instantOut id="235_D11" time="18590.75" state="stay" vehID="Car_10473" speed="2.49" length="5.00" type="DEFAULT_CAR"/>
    <instantOut id="235_D11" time="18591.00" state="stay" vehID="Car_10473" speed="1.74" length="5.00" type="DEFAULT_CAR"/>
    <instantOut id="235_D11" time="18591.25" state="stay" vehID="Car_10473" speed="1.01" length="5.00" type="DEFAULT_CAR"/>
    <instantOut id="235_D11" time="18591.50" state="stay" vehID="Car_10473" speed="0.45" length="5.00" type="DEFAULT_CAR"/>
    <instantOut id="235_D11" time="18591.75" state="stay" vehID="Car_10473" speed="0.00" length="5.00" type="DEFAULT_CAR"/>
    <instantOut id="235_D11" time="18592.00" state="stay" vehID="Car_10473" speed="0.00" length="5.00" type="DEFAULT_CAR"/>
    <instantOut id="235_D11" time="18592.25" state="stay" vehID="Car_10473" speed="0.00" length="5.00" type="DEFAULT_CAR"/>
    <instantOut id="235_D11" time="18592.50" state="stay" vehID="Car_10473" speed="0.00" length="5.00" type="DEFAULT_CAR"/>
    <instantOut id="235_D11" time="18592.75" state="stay" vehID="Car_10473" speed="0.00" length="5.00" type="DEFAULT_CAR"/>
    <instantOut id="235_D11" time="18593.00" state="stay" vehID="Car_10473" speed="0.00" length="5.00" type="DEFAULT_CAR"/>
    <instantOut id="235_D11" time="18593.25" state="stay" vehID="Car_10473" speed="0.00" length="5.00" type="DEFAULT_CAR"/>
    <instantOut id="235_D11" time="18593.50" state="stay" vehID="Car_10473" speed="0.00" length="5.00" type="DEFAULT_CAR"/>
    <instantOut id="235_D11" time="18593.75" state="stay" vehID="Car_10473" speed="0.00" length="5.00" type="DEFAULT_CAR"/>
    <instantOut id="235_D11" time="18594.00" state="stay" vehID="Car_10473" speed="0.00" length="5.00" type="DEFAULT_CAR"/>
    <instantOut id="235_D11" time="18594.25" state="stay" vehID="Car_10473" speed="0.00" length="5.00" type="DEFAULT_CAR"/>
    <instantOut id="235_D11" time="18594.50" state="stay" vehID="Car_10473" speed="0.00" length="5.00" type="DEFAULT_CAR"/>
    <instantOut id="235_D11" time="18594.75" state="stay" vehID="Car_10473" speed="0.00" length="5.00" type="DEFAULT_CAR"/>
    <instantOut id="235_D11" time="18595.00" state="stay" vehID="Car_10473" speed="0.00" length="5.00" type="DEFAULT_CAR"/>
    <instantOut id="235_D11" time="18595.25" state="stay" vehID="Car_10473" speed="0.00" length="5.00" type="DEFAULT_CAR"/>
    <instantOut id="235_D11" time="18595.50" state="stay" vehID="Car_10473" speed="0.00" length="5.00" type="DEFAULT_CAR"/>
    <instantOut id="235_D11" time="18595.75" state="stay" vehID="Car_10473" speed="0.00" length="5.00" type="DEFAULT_CAR"/>
    <instantOut id="235_D11" time="18596.00" state="stay" vehID="Car_10473" speed="0.00" length="5.00" type="DEFAULT_CAR"/>
    <instantOut id="235_D11" time="18596.25" state="stay" vehID="Car_10473" speed="0.00" length="5.00" type="DEFAULT_CAR"/>
    <instantOut id="235_D11" time="18596.50" state="stay" vehID="Car_10473" speed="0.00" length="5.00" type="DEFAULT_CAR"/>
    <instantOut id="235_D11" time="18596.75" state="stay" vehID="Car_10473" speed="0.00" length="5.00" type="DEFAULT_CAR"/>
    <instantOut id="235_D11" time="18597.00" state="stay" vehID="Car_10473" speed="0.00" length="5.00" type="DEFAULT_CAR"/>
    <instantOut id="235_D11" time="18597.25" state="stay" vehID="Car_10473" speed="0.00" length="5.00" type="DEFAULT_CAR"/>
    <instantOut id="235_D11" time="18597.50" state="stay" vehID="Car_10473" speed="0.00" length="5.00" type="DEFAULT_CAR"/>
    <instantOut id="235_D11" time="18597.75" state="stay" vehID="Car_10473" speed="0.00" length="5.00" type="DEFAULT_CAR"/>
    <instantOut id="235_D11" time="18598.00" state="stay" vehID="Car_10473" speed="0.00" length="5.00" type="DEFAULT_CAR"/>
    <instantOut id="235_D11" time="18598.25" state="stay" vehID="Car_10473" speed="0.00" length="5.00" type="DEFAULT_CAR"/>
    <instantOut id="235_D11" time="18598.50" state="stay" vehID="Car_10473" speed="0.00" length="5.00" type="DEFAULT_CAR"/>
    <instantOut id="235_D11" time="18598.75" state="stay" vehID="Car_10473" speed="0.00" length="5.00" type="DEFAULT_CAR"/>
    <instantOut id="235_D11" time="18599.00" state="stay" vehID="Car_10473" speed="0.00" length="5.00" type="DEFAULT_CAR"/>
    <instantOut id="235_D11" time="18599.25" state="stay" vehID="Car_10473" speed="0.00" length="5.00" type="DEFAULT_CAR"/>
    <instantOut id="235_D11" time="18599.50" state="stay" vehID="Car_10473" speed="0.00" length="5.00" type="DEFAULT_CAR"/>
    <instantOut id="235_D11" time="18599.75" state="stay" vehID="Car_10473" speed="0.94" length="5.00" type="DEFAULT_CAR"/>
    <instantOut id="235_D11" time="18600.00" state="stay" vehID="Car_10473" speed="1.84" length="5.00" type="DEFAULT_CAR"/>
    <instantOut id="235_D11" time="18600.25" state="stay" vehID="Car_10473" speed="2.55" length="5.00" type="DEFAULT_CAR"/>
    <instantOut id="235_D11" time="18600.47" state="leave" vehID="Car_10473" speed="3.16" length="5.00" type="DEFAULT_CAR" occupancy="10.41"/>
    <instantOut id="235_D11" time="18722.87" state="enter" vehID="Car_10554" speed="5.89" length="5.00" type="DEFAULT_CAR" gap="122.40"/>
    <instantOut id="235_D11" time="18723.00" state="stay" vehID="Car_10554" speed="5.89" length="5.00" type="DEFAULT_CAR"/>
    <instantOut id="235_D11" time="18723.25" state="stay" vehID="Car_10554" speed="6.84" length="5.00" type="DEFAULT_CAR"/>
    <instantOut id="235_D11" time="18723.50" state="stay" vehID="Car_10554" speed="7.76" length="5.00" type="DEFAULT_CAR"/>
    <instantOut id="235_D11" time="18723.58" state="leave" vehID="Car_10554" speed="7.87" length="5.00" type="DEFAULT_CAR" occupancy="0.70"/>
    <instantOut id="235_D11" time="18803.93" state="enter" vehID="Car_10553" speed="6.17" length="5.00" type="DEFAULT_CAR" gap="80.36"/>
    <instantOut id="235_D11" time="18804.00" state="stay" vehID="Car_10553" speed="6.17" length="5.00" type="DEFAULT_CAR"/>
    <instantOut id="235_D11" time="18804.25" state="stay" vehID="Car_10553" speed="7.12" length="5.00" type="DEFAULT_CAR"/>
    <instantOut id="235_D11" time="18804.50" state="stay" vehID="Car_10553" speed="7.96" length="5.00" type="DEFAULT_CAR"/>
    <instantOut id="235_D11" time="18804.60" state="leave" vehID="Car_10553" speed="8.35" length="5.00" type="DEFAULT_CAR" occupancy="0.66"/>
    <instantOut id="235_D11" time="18900.04" state="enter" vehID="Car_10552" speed="3.95" length="5.00" type="DEFAULT_CAR" gap="95.44"/>
    <instantOut id="235_D11" time="18900.25" state="stay" vehID="Car_10552" speed="3.95" length="5.00" type="DEFAULT_CAR"/>
    <instantOut id="235_D11" time="18900.50" state="stay" vehID="Car_10552" speed="3.20" length="5.00" type="DEFAULT_CAR"/>
    <instantOut id="235_D11" time="18900.75" state="stay" vehID="Car_10552" speed="2.45" length="5.00" type="DEFAULT_CAR"/>
    <instantOut id="235_D11" time="18901.00" state="stay" vehID="Car_10552" speed="1.70" length="5.00" type="DEFAULT_CAR"/>
    <instantOut id="235_D11" time="18901.25" state="stay" vehID="Car_10552" speed="0.95" length="5.00" type="DEFAULT_CAR"/>
    <instantOut id="235_D11" time="18901.50" state="stay" vehID="Car_10552" speed="1.54" length="5.00" type="DEFAULT_CAR"/>
    <instantOut id="235_D11" time="18901.75" state="stay" vehID="Car_10552" speed="2.47" length="5.00" type="DEFAULT_CAR"/>
    <instantOut id="235_D11" time="18902.00" state="stay" vehID="Car_10552" speed="3.38" length="5.00" type="DEFAULT_CAR"/>
    <instantOut id="235_D11" time="18902.06" state="leave" vehID="Car_10552" speed="4.29" length="5.00" type="DEFAULT_CAR" occupancy="2.02"/>
    <instantOut id="235_D11" time="18912.05" state="enter" vehID="Car_10551" speed="5.54" length="5.00" type="DEFAULT_CAR" gap="9.99"/>
    <instantOut id="235_D11" time="18912.25" state="stay" vehID="Car_10551" speed="5.54" length="5.00" type="DEFAULT_CAR"/>
    <instantOut id="235_D11" time="18912.50" state="stay" vehID="Car_10551" speed="6.49" length="5.00" type="DEFAULT_CAR"/>
    <instantOut id="235_D11" time="18912.75" state="stay" vehID="Car_10551" speed="7.05" length="5.00" type="DEFAULT_CAR"/>
    <instantOut id="235_D11" time="18912.82" state="leave" vehID="Car_10551" speed="7.68" length="5.00" type="DEFAULT_CAR" occupancy="0.77"/>
    <instantOut id="235_D11" time="19044.96" state="enter" vehID="Car_10550" speed="6.40" length="5.00" type="DEFAULT_CAR" gap="132.14"/>
    <instantOut id="235_D11" time="19045.00" state="stay" vehID="Car_10550" speed="6.40" length="5.00" type="DEFAULT_CAR"/>
    <instantOut id="235_D11" time="19045.25" state="stay" vehID="Car_10550" speed="7.35" length="5.00" type="DEFAULT_CAR"/>
    <instantOut id="235_D11" time="19045.50" state="stay" vehID="Car_10550" speed="7.55" length="5.00" type="DEFAULT_CAR"/>
    <instantOut id="235_D11" time="19045.63" state="leave" vehID="Car_10550" speed="7.56" length="5.00" type="DEFAULT_CAR" occupancy="0.68"/>
    <instantOut id="235_D11" time="21549.91" state="enter" vehID="Car_12248" speed="4.31" length="5.00" type="DEFAULT_CAR" gap="2504.28"/>
    <instantOut id="235_D11" time="21550.00" state="stay" vehID="Car_12248" speed="4.31" length="5.00" type="DEFAULT_CAR"/>
    <instantOut id="235_D11" time="21550.25" state="stay" vehID="Car_12248" speed="3.56" length="5.00" type="DEFAULT_CAR"/>
    <instantOut id="235_D11" time="21550.50" state="stay" vehID="Car_12248" speed="2.81" length="5.00" type="DEFAULT_CAR"/>
    <instantOut id="235_D11" time="21550.75" state="stay" vehID="Car_12248" speed="2.06" length="5.00" type="DEFAULT_CAR"/>
    <instantOut id="235_D11" time="21551.00" state="stay" vehID="Car_12248" speed="1.31" length="5.00" type="DEFAULT_CAR"/>
    <instantOut id="235_D11" time="21551.25" state="stay" vehID="Car_12248" speed="0.57" length="5.00" type="DEFAULT_CAR"/>
    <instantOut id="235_D11" time="21551.50" state="stay" vehID="Car_12248" speed="0.06" length="5.00" type="DEFAULT_CAR"/>
    <instantOut id="235_D11" time="21551.75" state="stay" vehID="Car_12248" speed="0.00" length="5.00" type="DEFAULT_CAR"/>
    <instantOut id="235_D11" time="21552.00" state="stay" vehID="Car_12248" speed="0.00" length="5.00" type="DEFAULT_CAR"/>
    <instantOut id="235_D11" time="21552.25" state="stay" vehID="Car_12248" speed="0.00" length="5.00" type="DEFAULT_CAR"/>
    <instantOut id="235_D11" time="21552.50" state="stay" vehID="Car_12248" speed="0.00" length="5.00" type="DEFAULT_CAR"/>
    <instantOut id="235_D11" time="21552.75" state="stay" vehID="Car_12248" speed="0.00" length="5.00" type="DEFAULT_CAR"/>
    <instantOut id="235_D11" time="21553.00" state="stay" vehID="Car_12248" speed="0.00" length="5.00" type="DEFAULT_CAR"/>
    <instantOut id="235_D11" time="21553.25" state="stay" vehID="Car_12248" speed="0.46" length="5.00" type="DEFAULT_CAR"/>
    <instantOut id="235_D11" time="21553.50" state="stay" vehID="Car_12248" speed="0.88" length="5.00" type="DEFAULT_CAR"/>
    <instantOut id="235_D11" time="21553.75" state="stay" vehID="Car_12248" speed="1.69" length="5.00" type="DEFAULT_CAR"/>
    <instantOut id="235_D11" time="21554.00" state="stay" vehID="Car_12248" speed="2.46" length="5.00" type="DEFAULT_CAR"/>
    <instantOut id="235_D11" time="21554.19" state="leave" vehID="Car_12248" speed="3.38" length="5.00" type="DEFAULT_CAR" occupancy="4.28"/>
    <instantOut id="235_D11" time="21814.98" state="enter" vehID="Car_12249" speed="4.53" length="5.00" type="DEFAULT_CAR" gap="260.79"/>
    <instantOut id="235_D11" time="21815.00" state="stay" vehID="Car_12249" speed="4.53" length="5.00" type="DEFAULT_CAR"/>
    <instantOut id="235_D11" time="21815.25" state="stay" vehID="Car_12249" speed="3.78" length="5.00" type="DEFAULT_CAR"/>
    <instantOut id="235_D11" time="21815.50" state="stay" vehID="Car_12249" speed="3.03" length="5.00" type="DEFAULT_CAR"/>
    <instantOut id="235_D11" time="21815.75" state="stay" vehID="Car_12249" speed="2.28" length="5.00" type="DEFAULT_CAR"/>
    <instantOut id="235_D11" time="21816.00" state="stay" vehID="Car_12249" speed="1.55" length="5.00" type="DEFAULT_CAR"/>
    <instantOut id="235_D11" time="21816.25" state="stay" vehID="Car_12249" speed="0.80" length="5.00" type="DEFAULT_CAR"/>
    <instantOut id="235_D11" time="21816.50" state="stay" vehID="Car_12249" speed="0.18" length="5.00" type="DEFAULT_CAR"/>
    <instantOut id="235_D11" time="21816.75" state="stay" vehID="Car_12249" speed="0.01" length="5.00" type="DEFAULT_CAR"/>
    <instantOut id="235_D11" time="21817.00" state="stay" vehID="Car_12249" speed="0.00" length="5.00" type="DEFAULT_CAR"/>
    <instantOut id="235_D11" time="21817.25" state="stay" vehID="Car_12249" speed="0.00" length="5.00" type="DEFAULT_CAR"/>
    <instantOut id="235_D11" time="21817.50" state="stay" vehID="Car_12249" speed="0.00" length="5.00" type="DEFAULT_CAR"/>
    <instantOut id="235_D11" time="21817.75" state="stay" vehID="Car_12249" speed="0.00" length="5.00" type="DEFAULT_CAR"/>
    <instantOut id="235_D11" time="21818.00" state="stay" vehID="Car_12249" speed="0.00" length="5.00" type="DEFAULT_CAR"/>
    <instantOut id="235_D11" time="21818.25" state="stay" vehID="Car_12249" speed="0.00" length="5.00" type="DEFAULT_CAR"/>
    <instantOut id="235_D11" time="21818.50" state="stay" vehID="Car_12249" speed="0.00" length="5.00" type="DEFAULT_CAR"/>
    <instantOut id="235_D11" time="21818.75" state="stay" vehID="Car_12249" speed="0.00" length="5.00" type="DEFAULT_CAR"/>
    <instantOut id="235_D11" time="21819.00" state="stay" vehID="Car_12249" speed="0.86" length="5.00" type="DEFAULT_CAR"/>
    <instantOut id="235_D11" time="21819.25" state="stay" vehID="Car_12249" speed="1.75" length="5.00" type="DEFAULT_CAR"/>
    <instantOut id="235_D11" time="21819.50" state="stay" vehID="Car_12249" speed="2.41" length="5.00" type="DEFAULT_CAR"/>
    <instantOut id="235_D11" time="21819.73" state="leave" vehID="Car_12249" speed="3.28" length="5.00" type="DEFAULT_CAR" occupancy="4.75"/>
    <instantOut id="235_D11" time="23127.98" state="enter" vehID="Car_13148" speed="4.55" length="5.00" type="DEFAULT_CAR" gap="1308.25"/>
    <instantOut id="235_D11" time="23128.00" state="stay" vehID="Car_13148" speed="4.55" length="5.00" type="DEFAULT_CAR"/>
    <instantOut id="235_D11" time="23128.25" state="stay" vehID="Car_13148" speed="3.80" length="5.00" type="DEFAULT_CAR"/>
    <instantOut id="235_D11" time="23128.50" state="stay" vehID="Car_13148" speed="3.05" length="5.00" type="DEFAULT_CAR"/>
    <instantOut id="235_D11" time="23128.75" state="stay" vehID="Car_13148" speed="2.30" length="5.00" type="DEFAULT_CAR"/>
    <instantOut id="235_D11" time="23129.00" state="stay" vehID="Car_13148" speed="1.55" length="5.00" type="DEFAULT_CAR"/>
    <instantOut id="235_D11" time="23129.25" state="stay" vehID="Car_13148" speed="0.82" length="5.00" type="DEFAULT_CAR"/>
    <instantOut id="235_D11" time="23129.50" state="stay" vehID="Car_13148" speed="0.11" length="5.00" type="DEFAULT_CAR"/>
    <instantOut id="235_D11" time="23129.75" state="stay" vehID="Car_13148" speed="0.01" length="5.00" type="DEFAULT_CAR"/>
    <instantOut id="235_D11" time="23130.00" state="stay" vehID="Car_13148" speed="0.88" length="5.00" type="DEFAULT_CAR"/>
    <instantOut id="235_D11" time="23130.25" state="stay" vehID="Car_13148" speed="1.63" length="5.00" type="DEFAULT_CAR"/>
    <instantOut id="235_D11" time="23130.50" state="stay" vehID="Car_13148" speed="2.54" length="5.00" type="DEFAULT_CAR"/>
    <instantOut id="235_D11" time="23130.73" state="leave" vehID="Car_13148" speed="3.30" length="5.00" type="DEFAULT_CAR" occupancy="2.74"/>
    <instantOut id="235_D11" time="23239.88" state="enter" vehID="Car_13433" speed="5.97" length="5.00" type="DEFAULT_CAR" gap="109.15"/>
    <instantOut id="235_D11" time="23240.00" state="stay" vehID="Car_13433" speed="5.97" length="5.00" type="DEFAULT_CAR"/>
    <instantOut id="235_D11" time="23240.25" state="stay" vehID="Car_13433" speed="6.92" length="5.00" type="DEFAULT_CAR"/>
    <instantOut id="235_D11" time="23240.50" state="stay" vehID="Car_13433" speed="7.31" length="5.00" type="DEFAULT_CAR"/>
    <instantOut id="235_D11" time="23240.60" state="leave" vehID="Car_13433" speed="7.27" length="5.00" type="DEFAULT_CAR" occupancy="0.72"/>
    <instantOut id="235_D11" time="24155.90" state="enter" vehID="Car_14170" speed="6.06" length="5.00" type="DEFAULT_CAR" gap="915.30"/>
    <instantOut id="235_D11" time="24156.00" state="stay" vehID="Car_14170" speed="6.06" length="5.00" type="DEFAULT_CAR"/>
    <instantOut id="235_D11" time="24156.25" state="stay" vehID="Car_14170" speed="7.01" length="5.00" type="DEFAULT_CAR"/>
    <instantOut id="235_D11" time="24156.50" state="stay" vehID="Car_14170" speed="7.54" length="5.00" type="DEFAULT_CAR"/>
    <instantOut id="235_D11" time="24156.59" state="leave" vehID="Car_14170" speed="8.17" length="5.00" type="DEFAULT_CAR" occupancy="0.69"/>
    <instantOut id="235_D11" time="25649.91" state="enter" vehID="Car_15110" speed="5.94" length="5.00" type="DEFAULT_CAR" gap="1493.31"/>
    <instantOut id="235_D11" time="25650.00" state="stay" vehID="Car_15110" speed="5.94" length="5.00" type="DEFAULT_CAR"/>
    <instantOut id="235_D11" time="25650.25" state="stay" vehID="Car_15110" speed="6.89" length="5.00" type="DEFAULT_CAR"/>
    <instantOut id="235_D11" time="25650.50" state="stay" vehID="Car_15110" speed="7.14" length="5.00" type="DEFAULT_CAR"/>
    <instantOut id="235_D11" time="25650.65" state="leave" vehID="Car_15110" speed="6.39" length="5.00" type="DEFAULT_CAR" occupancy="0.74"/>
    <instantOut id="235_D11" time="26995.96" state="enter" vehID="Car_16135" speed="4.43" length="5.00" type="DEFAULT_CAR" gap="1345.31"/>
    <instantOut id="235_D11" time="26996.00" state="stay" vehID="Car_16135" speed="4.43" length="5.00" type="DEFAULT_CAR"/>
    <instantOut id="235_D11" time="26996.25" state="stay" vehID="Car_16135" speed="3.68" length="5.00" type="DEFAULT_CAR"/>
    <instantOut id="235_D11" time="26996.50" state="stay" vehID="Car_16135" speed="2.93" length="5.00" type="DEFAULT_CAR"/>
    <instantOut id="235_D11" time="26996.75" state="stay" vehID="Car_16135" speed="2.27" length="5.00" type="DEFAULT_CAR"/>
    <instantOut id="235_D11" time="26997.00" state="stay" vehID="Car_16135" speed="1.52" length="5.00" type="DEFAULT_CAR"/>
    <instantOut id="235_D11" time="26997.25" state="stay" vehID="Car_16135" speed="0.77" length="5.00" type="DEFAULT_CAR"/>
    <instantOut id="235_D11" time="26997.50" state="stay" vehID="Car_16135" speed="0.05" length="5.00" type="DEFAULT_CAR"/>
    <instantOut id="235_D11" time="26997.75" state="stay" vehID="Car_16135" speed="0.00" length="5.00" type="DEFAULT_CAR"/>
    <instantOut id="235_D11" time="26998.00" state="stay" vehID="Car_16135" speed="0.00" length="5.00" type="DEFAULT_CAR"/>
    <instantOut id="235_D11" time="26998.25" state="stay" vehID="Car_16135" speed="0.00" length="5.00" type="DEFAULT_CAR"/>
    <instantOut id="235_D11" time="26998.50" state="stay" vehID="Car_16135" speed="0.00" length="5.00" type="DEFAULT_CAR"/>
    <instantOut id="235_D11" time="26998.75" state="stay" vehID="Car_16135" speed="0.00" length="5.00" type="DEFAULT_CAR"/>
    <instantOut id="235_D11" time="26999.00" state="stay" vehID="Car_16135" speed="0.00" length="5.00" type="DEFAULT_CAR"/>
    <instantOut id="235_D11" time="26999.25" state="stay" vehID="Car_16135" speed="0.00" length="5.00" type="DEFAULT_CAR"/>
    <instantOut id="235_D11" time="26999.50" state="stay" vehID="Car_16135" speed="0.00" length="5.00" type="DEFAULT_CAR"/>
    <instantOut id="235_D11" time="26999.75" state="stay" vehID="Car_16135" speed="0.00" length="5.00" type="DEFAULT_CAR"/>
    <instantOut id="235_D11" time="27000.00" state="stay" vehID="Car_16135" speed="0.00" length="5.00" type="DEFAULT_CAR"/>
    <instantOut id="235_D11" time="27000.25" state="stay" vehID="Car_16135" speed="0.00" length="5.00" type="DEFAULT_CAR"/>
    <instantOut id="235_D11" time="27000.50" state="stay" vehID="Car_16135" speed="0.00" length="5.00" type="DEFAULT_CAR"/>
    <instantOut id="235_D11" time="27000.75" state="stay" vehID="Car_16135" speed="0.00" length="5.00" type="DEFAULT_CAR"/>
    <instantOut id="235_D11" time="27001.00" state="stay" vehID="Car_16135" speed="0.00" length="5.00" type="DEFAULT_CAR"/>
    <instantOut id="235_D11" time="27001.25" state="stay" vehID="Car_16135" speed="0.00" length="5.00" type="DEFAULT_CAR"/>
    <instantOut id="235_D11" time="27001.50" state="stay" vehID="Car_16135" speed="0.00" length="5.00" type="DEFAULT_CAR"/>
    <instantOut id="235_D11" time="27001.75" state="stay" vehID="Car_16135" speed="0.00" length="5.00" type="DEFAULT_CAR"/>
    <instantOut id="235_D11" time="27002.00" state="stay" vehID="Car_16135" speed="0.00" length="5.00" type="DEFAULT_CAR"/>
    <instantOut id="235_D11" time="27002.25" state="stay" vehID="Car_16135" speed="0.00" length="5.00" type="DEFAULT_CAR"/>
    <instantOut id="235_D11" time="27002.50" state="stay" vehID="Car_16135" speed="0.00" length="5.00" type="DEFAULT_CAR"/>
    <instantOut id="235_D11" time="27002.75" state="stay" vehID="Car_16135" speed="0.00" length="5.00" type="DEFAULT_CAR"/>
    <instantOut id="235_D11" time="27003.00" state="stay" vehID="Car_16135" speed="0.00" length="5.00" type="DEFAULT_CAR"/>
    <instantOut id="235_D11" time="27003.25" state="stay" vehID="Car_16135" speed="0.00" length="5.00" type="DEFAULT_CAR"/>
    <instantOut id="235_D11" time="27003.50" state="stay" vehID="Car_16135" speed="0.00" length="5.00" type="DEFAULT_CAR"/>
    <instantOut id="235_D11" time="27003.75" state="stay" vehID="Car_16135" speed="0.00" length="5.00" type="DEFAULT_CAR"/>
    <instantOut id="235_D11" time="27004.00" state="stay" vehID="Car_16135" speed="0.00" length="5.00" type="DEFAULT_CAR"/>
    <instantOut id="235_D11" time="27004.25" state="stay" vehID="Car_16135" speed="0.85" length="5.00" type="DEFAULT_CAR"/>
    <instantOut id="235_D11" time="27004.50" state="stay" vehID="Car_16135" speed="1.70" length="5.00" type="DEFAULT_CAR"/>
    <instantOut id="235_D11" time="27004.75" state="stay" vehID="Car_16135" speed="2.32" length="5.00" type="DEFAULT_CAR"/>
    <instantOut id="235_D11" time="27005.00" state="stay" vehID="Car_16135" speed="2.89" length="5.00" type="DEFAULT_CAR"/>
    <instantOut id="235_D11" time="27005.02" state="leave" vehID="Car_16135" speed="3.80" length="5.00" type="DEFAULT_CAR" occupancy="9.06"/>
    <instantOut id="235_D11" time="27040.92" state="enter" vehID="Car_16134" speed="6.17" length="5.00" type="DEFAULT_CAR" gap="35.89"/>
    <instantOut id="235_D11" time="27041.00" state="stay" vehID="Car_16134" speed="6.17" length="5.00" type="DEFAULT_CAR"/>
    <instantOut id="235_D11" time="27041.25" state="stay" vehID="Car_16134" speed="7.12" length="5.00" type="DEFAULT_CAR"/>
    <instantOut id="235_D11" time="27041.50" state="stay" vehID="Car_16134" speed="7.74" length="5.00" type="DEFAULT_CAR"/>
    <instantOut id="235_D11" time="27041.60" state="leave" vehID="Car_16134" speed="7.75" length="5.00" type="DEFAULT_CAR" occupancy="0.68"/>
    <instantOut id="235_D11" time="29238.97" state="enter" vehID="Car_17080" speed="4.45" length="5.00" type="DEFAULT_CAR" gap="2197.37"/>
    <instantOut id="235_D11" time="29239.00" state="stay" vehID="Car_17080" speed="4.45" length="5.00" type="DEFAULT_CAR"/>
    <instantOut id="235_D11" time="29239.25" state="stay" vehID="Car_17080" speed="3.70" length="5.00" type="DEFAULT_CAR"/>
    <instantOut id="235_D11" time="29239.50" state="stay" vehID="Car_17080" speed="2.97" length="5.00" type="DEFAULT_CAR"/>
    <instantOut id="235_D11" time="29239.75" state="stay" vehID="Car_17080" speed="2.22" length="5.00" type="DEFAULT_CAR"/>
    <instantOut id="235_D11" time="29240.00" state="stay" vehID="Car_17080" speed="1.51" length="5.00" type="DEFAULT_CAR"/>
    <instantOut id="235_D11" time="29240.25" state="stay" vehID="Car_17080" speed="0.84" length="5.00" type="DEFAULT_CAR"/>
    <instantOut id="235_D11" time="29240.50" state="stay" vehID="Car_17080" speed="0.16" length="5.00" type="DEFAULT_CAR"/>
    <instantOut id="235_D11" time="29240.75" state="stay" vehID="Car_17080" speed="0.02" length="5.00" type="DEFAULT_CAR"/>
    <instantOut id="235_D11" time="29241.00" state="stay" vehID="Car_17080" speed="0.00" length="5.00" type="DEFAULT_CAR"/>
    <instantOut id="235_D11" time="29241.25" state="stay" vehID="Car_17080" speed="0.00" length="5.00" type="DEFAULT_CAR"/>
    <instantOut id="235_D11" time="29241.50" state="stay" vehID="Car_17080" speed="0.95" length="5.00" type="DEFAULT_CAR"/>
    <instantOut id="235_D11" time="29241.75" state="stay" vehID="Car_17080" speed="1.70" length="5.00" type="DEFAULT_CAR"/>
    <instantOut id="235_D11" time="29242.00" state="stay" vehID="Car_17080" speed="2.47" length="5.00" type="DEFAULT_CAR"/>
    <instantOut id="235_D11" time="29242.23" state="leave" vehID="Car_17080" speed="3.21" length="5.00" type="DEFAULT_CAR" occupancy="3.26"/>
    <instantOut id="235_D11" time="32254.00" state="enter" vehID="Car_19784" speed="3.85" length="5.00" type="DEFAULT_CAR" gap="3011.77"/>
    <instantOut id="235_D11" time="32254.25" state="stay" vehID="Car_19784" speed="3.85" length="5.00" type="DEFAULT_CAR"/>
    <instantOut id="235_D11" time="32254.50" state="stay" vehID="Car_19784" speed="3.10" length="5.00" type="DEFAULT_CAR"/>
    <instantOut id="235_D11" time="32254.75" state="stay" vehID="Car_19784" speed="2.35" length="5.00" type="DEFAULT_CAR"/>
    <instantOut id="235_D11" time="32255.00" state="stay" vehID="Car_19784" speed="1.60" length="5.00" type="DEFAULT_CAR"/>
    <instantOut id="235_D11" time="32255.25" state="stay" vehID="Car_19784" speed="0.85" length="5.00" type="DEFAULT_CAR"/>
    <instantOut id="235_D11" time="32255.50" state="stay" vehID="Car_19784" speed="0.22" length="5.00" type="DEFAULT_CAR"/>
    <instantOut id="235_D11" time="32255.75" state="stay" vehID="Car_19784" speed="1.11" length="5.00" type="DEFAULT_CAR"/>
    <instantOut id="235_D11" time="32256.00" state="stay" vehID="Car_19784" speed="1.83" length="5.00" type="DEFAULT_CAR"/>
    <instantOut id="235_D11" time="32256.25" state="stay" vehID="Car_19784" speed="2.53" length="5.00" type="DEFAULT_CAR"/>
    <instantOut id="235_D11" time="32256.45" state="leave" vehID="Car_19784" speed="3.27" length="5.00" type="DEFAULT_CAR" occupancy="2.45"/>
    <instantOut id="235_D11" time="32986.92" state="enter" vehID="Car_19785" speed="5.90" length="5.00" type="DEFAULT_CAR" gap="730.47"/>
    <instantOut id="235_D11" time="32987.00" state="stay" vehID="Car_19785" speed="5.90" length="5.00" type="DEFAULT_CAR"/>
    <instantOut id="235_D11" time="32987.25" state="stay" vehID="Car_19785" speed="6.85" length="5.00" type="DEFAULT_CAR"/>
    <instantOut id="235_D11" time="32987.50" state="stay" vehID="Car_19785" speed="7.79" length="5.00" type="DEFAULT_CAR"/>
    <instantOut id="235_D11" time="32987.60" state="leave" vehID="Car_19785" speed="8.50" length="5.00" type="DEFAULT_CAR" occupancy="0.68"/>
    <instantOut id="235_D11" time="33215.92" state="enter" vehID="Car_20326" speed="6.21" length="5.00" type="DEFAULT_CAR" gap="228.32"/>
    <instantOut id="235_D11" time="33216.00" state="stay" vehID="Car_20326" speed="6.21" length="5.00" type="DEFAULT_CAR"/>
    <instantOut id="235_D11" time="33216.25" state="stay" vehID="Car_20326" speed="7.16" length="5.00" type="DEFAULT_CAR"/>
    <instantOut id="235_D11" time="33216.50" state="stay" vehID="Car_20326" speed="8.11" length="5.00" type="DEFAULT_CAR"/>
    <instantOut id="235_D11" time="33216.58" state="leave" vehID="Car_20326" speed="8.60" length="5.00" type="DEFAULT_CAR" occupancy="0.66"/>
    <instantOut id="235_D11" time="33324.03" state="enter" vehID="Car_20291" speed="3.74" length="5.00" type="DEFAULT_CAR" gap="107.45"/>
    <instantOut id="235_D11" time="33324.25" state="stay" vehID="Car_20291" speed="3.74" length="5.00" type="DEFAULT_CAR"/>
    <instantOut id="235_D11" time="33324.50" state="stay" vehID="Car_20291" speed="2.99" length="5.00" type="DEFAULT_CAR"/>
    <instantOut id="235_D11" time="33324.75" state="stay" vehID="Car_20291" speed="2.31" length="5.00" type="DEFAULT_CAR"/>
    <instantOut id="235_D11" time="33325.00" state="stay" vehID="Car_20291" speed="1.86" length="5.00" type="DEFAULT_CAR"/>
    <instantOut id="235_D11" time="33325.25" state="stay" vehID="Car_20291" speed="1.11" length="5.00" type="DEFAULT_CAR"/>
    <instantOut id="235_D11" time="33325.50" state="stay" vehID="Car_20291" speed="0.36" length="5.00" type="DEFAULT_CAR"/>
    <instantOut id="235_D11" time="33325.75" state="stay" vehID="Car_20291" speed="0.01" length="5.00" type="DEFAULT_CAR"/>
    <instantOut id="235_D11" time="33326.00" state="stay" vehID="Car_20291" speed="0.00" length="5.00" type="DEFAULT_CAR"/>
    <instantOut id="235_D11" time="33326.25" state="stay" vehID="Car_20291" speed="0.00" length="5.00" type="DEFAULT_CAR"/>
    <instantOut id="235_D11" time="33326.50" state="stay" vehID="Car_20291" speed="0.00" length="5.00" type="DEFAULT_CAR"/>
    <instantOut id="235_D11" time="33326.75" state="stay" vehID="Car_20291" speed="0.00" length="5.00" type="DEFAULT_CAR"/>
    <instantOut id="235_D11" time="33327.00" state="stay" vehID="Car_20291" speed="0.00" length="5.00" type="DEFAULT_CAR"/>
    <instantOut id="235_D11" time="33327.25" state="stay" vehID="Car_20291" speed="0.00" length="5.00" type="DEFAULT_CAR"/>
    <instantOut id="235_D11" time="33327.50" state="stay" vehID="Car_20291" speed="0.00" length="5.00" type="DEFAULT_CAR"/>
    <instantOut id="235_D11" time="33327.75" state="stay" vehID="Car_20291" speed="0.00" length="5.00" type="DEFAULT_CAR"/>
    <instantOut id="235_D11" time="33328.00" state="stay" vehID="Car_20291" speed="0.00" length="5.00" type="DEFAULT_CAR"/>
    <instantOut id="235_D11" time="33328.25" state="stay" vehID="Car_20291" speed="0.00" length="5.00" type="DEFAULT_CAR"/>
    <instantOut id="235_D11" time="33328.50" state="stay" vehID="Car_20291" speed="0.00" length="5.00" type="DEFAULT_CAR"/>
    <instantOut id="235_D11" time="33328.75" state="stay" vehID="Car_20291" speed="0.00" length="5.00" type="DEFAULT_CAR"/>
    <instantOut id="235_D11" time="33329.00" state="stay" vehID="Car_20291" speed="0.00" length="5.00" type="DEFAULT_CAR"/>
    <instantOut id="235_D11" time="33329.25" state="stay" vehID="Car_20291" speed="0.00" length="5.00" type="DEFAULT_CAR"/>
    <instantOut id="235_D11" time="33329.50" state="stay" vehID="Car_20291" speed="0.00" length="5.00" type="DEFAULT_CAR"/>
    <instantOut id="235_D11" time="33329.75" state="stay" vehID="Car_20291" speed="0.00" length="5.00" type="DEFAULT_CAR"/>
    <instantOut id="235_D11" time="33330.00" state="stay" vehID="Car_20291" speed="0.00" length="5.00" type="DEFAULT_CAR"/>
    <instantOut id="235_D11" time="33330.25" state="stay" vehID="Car_20291" speed="0.00" length="5.00" type="DEFAULT_CAR"/>
    <instantOut id="235_D11" time="33330.50" state="stay" vehID="Car_20291" speed="0.95" length="5.00" type="DEFAULT_CAR"/>
    <instantOut id="235_D11" time="33330.75" state="stay" vehID="Car_20291" speed="1.77" length="5.00" type="DEFAULT_CAR"/>
    <instantOut id="235_D11" time="33331.00" state="stay" vehID="Car_20291" speed="2.60" length="5.00" type="DEFAULT_CAR"/>
    <instantOut id="235_D11" time="33331.22" state="leave" vehID="Car_20291" speed="3.18" length="5.00" type="DEFAULT_CAR" occupancy="7.19"/>
    <instantOut id="235_D11" time="34043.93" state="enter" vehID="Car_20451" speed="6.26" length="5.00" type="DEFAULT_CAR" gap="712.71"/>
    <instantOut id="235_D11" time="34044.00" state="stay" vehID="Car_20451" speed="6.26" length="5.00" type="DEFAULT_CAR"/>
    <instantOut id="235_D11" time="34044.25" state="stay" vehID="Car_20451" speed="7.21" length="5.00" type="DEFAULT_CAR"/>
    <instantOut id="235_D11" time="34044.50" state="stay" vehID="Car_20451" speed="6.98" length="5.00" type="DEFAULT_CAR"/>
    <instantOut id="235_D11" time="34044.63" state="leave" vehID="Car_20451" speed="7.80" length="5.00" type="DEFAULT_CAR" occupancy="0.70"/>
    <instantOut id="235_D11" time="34066.93" state="enter" vehID="Car_20450" speed="5.86" length="5.00" type="DEFAULT_CAR" gap="22.31"/>
    <instantOut id="235_D11" time="34067.00" state="stay" vehID="Car_20450" speed="5.86" length="5.00" type="DEFAULT_CAR"/>
    <instantOut id="235_D11" time="34067.25" state="stay" vehID="Car_20450" speed="6.81" length="5.00" type="DEFAULT_CAR"/>
    <instantOut id="235_D11" time="34067.50" state="stay" vehID="Car_20450" speed="7.38" length="5.00" type="DEFAULT_CAR"/>
    <instantOut id="235_D11" time="34067.63" state="leave" vehID="Car_20450" speed="8.16" length="5.00" type="DEFAULT_CAR" occupancy="0.70"/>
    <instantOut id="235_D11" time="34277.92" state="enter" vehID="Car_20449" speed="4.30" length="5.00" type="DEFAULT_CAR" gap="210.29"/>
    <instantOut id="235_D11" time="34278.00" state="stay" vehID="Car_20449" speed="4.30" length="5.00" type="DEFAULT_CAR"/>
    <instantOut id="235_D11" time="34278.25" state="stay" vehID="Car_20449" speed="3.58" length="5.00" type="DEFAULT_CAR"/>
    <instantOut id="235_D11" time="34278.50" state="stay" vehID="Car_20449" speed="2.83" length="5.00" type="DEFAULT_CAR"/>
    <instantOut id="235_D11" time="34278.75" state="stay" vehID="Car_20449" speed="2.08" length="5.00" type="DEFAULT_CAR"/>
    <instantOut id="235_D11" time="34279.00" state="stay" vehID="Car_20449" speed="1.33" length="5.00" type="DEFAULT_CAR"/>
    <instantOut id="235_D11" time="34279.25" state="stay" vehID="Car_20449" speed="0.65" length="5.00" type="DEFAULT_CAR"/>
    <instantOut id="235_D11" time="34279.50" state="stay" vehID="Car_20449" speed="0.03" length="5.00" type="DEFAULT_CAR"/>
    <instantOut id="235_D11" time="34279.75" state="stay" vehID="Car_20449" speed="0.00" length="5.00" type="DEFAULT_CAR"/>
    <instantOut id="235_D11" time="34280.00" state="stay" vehID="Car_20449" speed="0.00" length="5.00" type="DEFAULT_CAR"/>
    <instantOut id="235_D11" time="34280.25" state="stay" vehID="Car_20449" speed="0.00" length="5.00" type="DEFAULT_CAR"/>
    <instantOut id="235_D11" time="34280.50" state="stay" vehID="Car_20449" speed="0.00" length="5.00" type="DEFAULT_CAR"/>
    <instantOut id="235_D11" time="34280.75" state="stay" vehID="Car_20449" speed="0.00" length="5.00" type="DEFAULT_CAR"/>
    <instantOut id="235_D11" time="34281.00" state="stay" vehID="Car_20449" speed="0.00" length="5.00" type="DEFAULT_CAR"/>
    <instantOut id="235_D11" time="34281.25" state="stay" vehID="Car_20449" speed="0.00" length="5.00" type="DEFAULT_CAR"/>
    <instantOut id="235_D11" time="34281.50" state="stay" vehID="Car_20449" speed="0.00" length="5.00" type="DEFAULT_CAR"/>
    <instantOut id="235_D11" time="34281.75" state="stay" vehID="Car_20449" speed="0.00" length="5.00" type="DEFAULT_CAR"/>
    <instantOut id="235_D11" time="34282.00" state="stay" vehID="Car_20449" speed="0.00" length="5.00" type="DEFAULT_CAR"/>
    <instantOut id="235_D11" time="34282.25" state="stay" vehID="Car_20449" speed="0.00" length="5.00" type="DEFAULT_CAR"/>
    <instantOut id="235_D11" time="34282.50" state="stay" vehID="Car_20449" speed="0.00" length="5.00" type="DEFAULT_CAR"/>
    <instantOut id="235_D11" time="34282.75" state="stay" vehID="Car_20449" speed="0.00" length="5.00" type="DEFAULT_CAR"/>
    <instantOut id="235_D11" time="34283.00" state="stay" vehID="Car_20449" speed="0.00" length="5.00" type="DEFAULT_CAR"/>
    <instantOut id="235_D11" time="34283.25" state="stay" vehID="Car_20449" speed="0.00" length="5.00" type="DEFAULT_CAR"/>
    <instantOut id="235_D11" time="34283.50" state="stay" vehID="Car_20449" speed="0.00" length="5.00" type="DEFAULT_CAR"/>
    <instantOut id="235_D11" time="34283.75" state="stay" vehID="Car_20449" speed="0.00" length="5.00" type="DEFAULT_CAR"/>
    <instantOut id="235_D11" time="34284.00" state="stay" vehID="Car_20449" speed="0.00" length="5.00" type="DEFAULT_CAR"/>
    <instantOut id="235_D11" time="34284.25" state="stay" vehID="Car_20449" speed="0.00" length="5.00" type="DEFAULT_CAR"/>
    <instantOut id="235_D11" time="34284.50" state="stay" vehID="Car_20449" speed="0.00" length="5.00" type="DEFAULT_CAR"/>
    <instantOut id="235_D11" time="34284.75" state="stay" vehID="Car_20449" speed="0.00" length="5.00" type="DEFAULT_CAR"/>
    <instantOut id="235_D11" time="34285.00" state="stay" vehID="Car_20449" speed="0.00" length="5.00" type="DEFAULT_CAR"/>
    <instantOut id="235_D11" time="34285.25" state="stay" vehID="Car_20449" speed="0.00" length="5.00" type="DEFAULT_CAR"/>
    <instantOut id="235_D11" time="34285.50" state="stay" vehID="Car_20449" speed="0.00" length="5.00" type="DEFAULT_CAR"/>
    <instantOut id="235_D11" time="34285.75" state="stay" vehID="Car_20449" speed="0.00" length="5.00" type="DEFAULT_CAR"/>
    <instantOut id="235_D11" time="34286.00" state="stay" vehID="Car_20449" speed="0.00" length="5.00" type="DEFAULT_CAR"/>
    <instantOut id="235_D11" time="34286.25" state="stay" vehID="Car_20449" speed="0.00" length="5.00" type="DEFAULT_CAR"/>
    <instantOut id="235_D11" time="34286.50" state="stay" vehID="Car_20449" speed="0.00" length="5.00" type="DEFAULT_CAR"/>
    <instantOut id="235_D11" time="34286.75" state="stay" vehID="Car_20449" speed="0.00" length="5.00" type="DEFAULT_CAR"/>
    <instantOut id="235_D11" time="34287.00" state="stay" vehID="Car_20449" speed="0.00" length="5.00" type="DEFAULT_CAR"/>
    <instantOut id="235_D11" time="34287.25" state="stay" vehID="Car_20449" speed="0.00" length="5.00" type="DEFAULT_CAR"/>
    <instantOut id="235_D11" time="34287.50" state="stay" vehID="Car_20449" speed="0.00" length="5.00" type="DEFAULT_CAR"/>
    <instantOut id="235_D11" time="34287.75" state="stay" vehID="Car_20449" speed="0.00" length="5.00" type="DEFAULT_CAR"/>
    <instantOut id="235_D11" time="34288.00" state="stay" vehID="Car_20449" speed="0.00" length="5.00" type="DEFAULT_CAR"/>
    <instantOut id="235_D11" time="34288.25" state="stay" vehID="Car_20449" speed="0.00" length="5.00" type="DEFAULT_CAR"/>
    <instantOut id="235_D11" time="34288.50" state="stay" vehID="Car_20449" speed="0.00" length="5.00" type="DEFAULT_CAR"/>
    <instantOut id="235_D11" time="34288.75" state="stay" vehID="Car_20449" speed="0.00" length="5.00" type="DEFAULT_CAR"/>
    <instantOut id="235_D11" time="34289.00" state="stay" vehID="Car_20449" speed="0.00" length="5.00" type="DEFAULT_CAR"/>
    <instantOut id="235_D11" time="34289.25" state="stay" vehID="Car_20449" speed="0.00" length="5.00" type="DEFAULT_CAR"/>
    <instantOut id="235_D11" time="34289.50" state="stay" vehID="Car_20449" speed="0.00" length="5.00" type="DEFAULT_CAR"/>
    <instantOut id="235_D11" time="34289.75" state="stay" vehID="Car_20449" speed="0.00" length="5.00" type="DEFAULT_CAR"/>
    <instantOut id="235_D11" time="34290.00" state="stay" vehID="Car_20449" speed="0.00" length="5.00" type="DEFAULT_CAR"/>
    <instantOut id="235_D11" time="34290.25" state="stay" vehID="Car_20449" speed="0.00" length="5.00" type="DEFAULT_CAR"/>
    <instantOut id="235_D11" time="34290.50" state="stay" vehID="Car_20449" speed="0.00" length="5.00" type="DEFAULT_CAR"/>
    <instantOut id="235_D11" time="34290.75" state="stay" vehID="Car_20449" speed="0.00" length="5.00" type="DEFAULT_CAR"/>
    <instantOut id="235_D11" time="34291.00" state="stay" vehID="Car_20449" speed="0.00" length="5.00" type="DEFAULT_CAR"/>
    <instantOut id="235_D11" time="34291.25" state="stay" vehID="Car_20449" speed="0.00" length="5.00" type="DEFAULT_CAR"/>
    <instantOut id="235_D11" time="34291.50" state="stay" vehID="Car_20449" speed="0.00" length="5.00" type="DEFAULT_CAR"/>
    <instantOut id="235_D11" time="34291.75" state="stay" vehID="Car_20449" speed="0.00" length="5.00" type="DEFAULT_CAR"/>
    <instantOut id="235_D11" time="34292.00" state="stay" vehID="Car_20449" speed="0.00" length="5.00" type="DEFAULT_CAR"/>
    <instantOut id="235_D11" time="34292.25" state="stay" vehID="Car_20449" speed="0.00" length="5.00" type="DEFAULT_CAR"/>
    <instantOut id="235_D11" time="34292.50" state="stay" vehID="Car_20449" speed="0.00" length="5.00" type="DEFAULT_CAR"/>
    <instantOut id="235_D11" time="34292.75" state="stay" vehID="Car_20449" speed="0.00" length="5.00" type="DEFAULT_CAR"/>
    <instantOut id="235_D11" time="34293.00" state="stay" vehID="Car_20449" speed="0.00" length="5.00" type="DEFAULT_CAR"/>
    <instantOut id="235_D11" time="34293.25" state="stay" vehID="Car_20449" speed="0.84" length="5.00" type="DEFAULT_CAR"/>
    <instantOut id="235_D11" time="34293.50" state="stay" vehID="Car_20449" speed="1.60" length="5.00" type="DEFAULT_CAR"/>
    <instantOut id="235_D11" time="34293.75" state="stay" vehID="Car_20449" speed="2.32" length="5.00" type="DEFAULT_CAR"/>
    <instantOut id="235_D11" time="34294.00" state="stay" vehID="Car_20449" speed="2.96" length="5.00" type="DEFAULT_CAR"/>
    <instantOut id="235_D11" time="34294.03" state="leave" vehID="Car_20449" speed="3.53" length="5.00" type="DEFAULT_CAR" occupancy="16.11"/>
    <instantOut id="235_D11" time="34452.98" state="enter" vehID="Car_20448" speed="4.36" length="5.00" type="DEFAULT_CAR" gap="158.95"/>
    <instantOut id="235_D11" time="34453.00" state="stay" vehID="Car_20448" speed="4.36" length="5.00" type="DEFAULT_CAR"/>
    <instantOut id="235_D11" time="34453.25" state="stay" vehID="Car_20448" speed="3.61" length="5.00" type="DEFAULT_CAR"/>
    <instantOut id="235_D11" time="34453.50" state="stay" vehID="Car_20448" speed="2.86" length="5.00" type="DEFAULT_CAR"/>
    <instantOut id="235_D11" time="34453.75" state="stay" vehID="Car_20448" speed="2.37" length="5.00" type="DEFAULT_CAR"/>
    <instantOut id="235_D11" time="34454.00" state="stay" vehID="Car_20448" speed="1.62" length="5.00" type="DEFAULT_CAR"/>
    <instantOut id="235_D11" time="34454.25" state="stay" vehID="Car_20448" speed="0.87" length="5.00" type="DEFAULT_CAR"/>
    <instantOut id="235_D11" time="34454.50" state="stay" vehID="Car_20448" speed="0.17" length="5.00" type="DEFAULT_CAR"/>
    <instantOut id="235_D11" time="34454.75" state="stay" vehID="Car_20448" speed="0.01" length="5.00" type="DEFAULT_CAR"/>
    <instantOut id="235_D11" time="34455.00" state="stay" vehID="Car_20448" speed="0.00" length="5.00" type="DEFAULT_CAR"/>
    <instantOut id="235_D11" time="34455.25" state="stay" vehID="Car_20448" speed="0.00" length="5.00" type="DEFAULT_CAR"/>
    <instantOut id="235_D11" time="34455.50" state="stay" vehID="Car_20448" speed="0.00" length="5.00" type="DEFAULT_CAR"/>
    <instantOut id="235_D11" time="34455.75" state="stay" vehID="Car_20448" speed="0.00" length="5.00" type="DEFAULT_CAR"/>
    <instantOut id="235_D11" time="34456.00" state="stay" vehID="Car_20448" speed="0.00" length="5.00" type="DEFAULT_CAR"/>
    <instantOut id="235_D11" time="34456.25" state="stay" vehID="Car_20448" speed="0.00" length="5.00" type="DEFAULT_CAR"/>
    <instantOut id="235_D11" time="34456.50" state="stay" vehID="Car_20448" speed="0.00" length="5.00" type="DEFAULT_CAR"/>
    <instantOut id="235_D11" time="34456.75" state="stay" vehID="Car_20448" speed="0.00" length="5.00" type="DEFAULT_CAR"/>
    <instantOut id="235_D11" time="34457.00" state="stay" vehID="Car_20448" speed="0.00" length="5.00" type="DEFAULT_CAR"/>
    <instantOut id="235_D11" time="34457.25" state="stay" vehID="Car_20448" speed="0.00" length="5.00" type="DEFAULT_CAR"/>
    <instantOut id="235_D11" time="34457.50" state="stay" vehID="Car_20448" speed="0.00" length="5.00" type="DEFAULT_CAR"/>
    <instantOut id="235_D11" time="34457.75" state="stay" vehID="Car_20448" speed="0.89" length="5.00" type="DEFAULT_CAR"/>
    <instantOut id="235_D11" time="34458.00" state="stay" vehID="Car_20448" speed="1.61" length="5.00" type="DEFAULT_CAR"/>
    <instantOut id="235_D11" time="34458.25" state="stay" vehID="Car_20448" speed="2.45" length="5.00" type="DEFAULT_CAR"/>
    <instantOut id="235_D11" time="34458.50" state="stay" vehID="Car_20448" speed="3.08" length="5.00" type="DEFAULT_CAR"/>
    <instantOut id="235_D11" time="34458.50" state="leave" vehID="Car_20448" speed="4.02" length="5.00" type="DEFAULT_CAR" occupancy="5.53"/>
    <instantOut id="235_D11" time="35864.06" state="enter" vehID="Car_21503" speed="5.57" length="5.00" type="DEFAULT_CAR" gap="1405.56"/>
    <instantOut id="235_D11" time="35864.25" state="stay" vehID="Car_21503" speed="5.57" length="5.00" type="DEFAULT_CAR"/>
    <instantOut id="235_D11" time="35864.50" state="stay" vehID="Car_21503" speed="5.41" length="5.00" type="DEFAULT_CAR"/>
    <instantOut id="235_D11" time="35864.75" state="stay" vehID="Car_21503" speed="4.66" length="5.00" type="DEFAULT_CAR"/>
    <instantOut id="235_D11" time="35865.00" state="stay" vehID="Car_21503" speed="4.50" length="5.00" type="DEFAULT_CAR"/>
    <instantOut id="235_D11" time="35865.07" state="leave" vehID="Car_21503" speed="4.26" length="5.00" type="DEFAULT_CAR" occupancy="1.01"/>
    <instantOut id="235_D11" time="38060.08" state="enter" vehID="Car_22165" speed="3.98" length="5.00" type="DEFAULT_CAR" gap="2195.01"/>
    <instantOut id="235_D11" time="38060.25" state="stay" vehID="Car_22165" speed="3.98" length="5.00" type="DEFAULT_CAR"/>
    <instantOut id="235_D11" time="38060.50" state="stay" vehID="Car_22165" speed="3.23" length="5.00" type="DEFAULT_CAR"/>
    <instantOut id="235_D11" time="38060.75" state="stay" vehID="Car_22165" speed="2.54" length="5.00" type="DEFAULT_CAR"/>
    <instantOut id="235_D11" time="38061.00" state="stay" vehID="Car_22165" speed="1.90" length="5.00" type="DEFAULT_CAR"/>
    <instantOut id="235_D11" time="38061.25" state="stay" vehID="Car_22165" speed="1.15" length="5.00" type="DEFAULT_CAR"/>
    <instantOut id="235_D11" time="38061.50" state="stay" vehID="Car_22165" speed="0.42" length="5.00" type="DEFAULT_CAR"/>
    <instantOut id="235_D11" time="38061.75" state="stay" vehID="Car_22165" speed="0.01" length="5.00" type="DEFAULT_CAR"/>
    <instantOut id="235_D11" time="38062.00" state="stay" vehID="Car_22165" speed="0.00" length="5.00" type="DEFAULT_CAR"/>
    <instantOut id="235_D11" time="38062.25" state="stay" vehID="Car_22165" speed="0.00" length="5.00" type="DEFAULT_CAR"/>
    <instantOut id="235_D11" time="38062.50" state="stay" vehID="Car_22165" speed="0.00" length="5.00" type="DEFAULT_CAR"/>
    <instantOut id="235_D11" time="38062.75" state="stay" vehID="Car_22165" speed="0.00" length="5.00" type="DEFAULT_CAR"/>
    <instantOut id="235_D11" time="38063.00" state="stay" vehID="Car_22165" speed="0.00" length="5.00" type="DEFAULT_CAR"/>
    <instantOut id="235_D11" time="38063.25" state="stay" vehID="Car_22165" speed="0.00" length="5.00" type="DEFAULT_CAR"/>
    <instantOut id="235_D11" time="38063.50" state="stay" vehID="Car_22165" speed="0.80" length="5.00" type="DEFAULT_CAR"/>
    <instantOut id="235_D11" time="38063.75" state="stay" vehID="Car_22165" speed="1.63" length="5.00" type="DEFAULT_CAR"/>
    <instantOut id="235_D11" time="38064.00" state="stay" vehID="Car_22165" speed="2.39" length="5.00" type="DEFAULT_CAR"/>
    <instantOut id="235_D11" time="38064.25" state="stay" vehID="Car_22165" speed="3.15" length="5.00" type="DEFAULT_CAR"/>
    <instantOut id="235_D11" time="38064.26" state="leave" vehID="Car_22165" speed="3.75" length="5.00" type="DEFAULT_CAR" occupancy="4.18"/>
    <instantOut id="235_D11" time="39690.92" state="enter" vehID="Car_23035" speed="6.04" length="5.00" type="DEFAULT_CAR" gap="1626.66"/>
    <instantOut id="235_D11" time="39691.00" state="stay" vehID="Car_23035" speed="6.04" length="5.00" type="DEFAULT_CAR"/>
    <instantOut id="235_D11" time="39691.25" state="stay" vehID="Car_23035" speed="6.99" length="5.00" type="DEFAULT_CAR"/>
    <instantOut id="235_D11" time="39691.50" state="stay" vehID="Car_23035" speed="7.68" length="5.00" type="DEFAULT_CAR"/>
    <instantOut id="235_D11" time="39691.60" state="leave" vehID="Car_23035" speed="8.24" length="5.00" type="DEFAULT_CAR" occupancy="0.68"/>
    <instantOut id="235_D11" time="40698.90" state="enter" vehID="Car_23279" speed="6.15" length="5.00" type="DEFAULT_CAR" gap="1007.30"/>
    <instantOut id="235_D11" time="40699.00" state="stay" vehID="Car_23279" speed="6.15" length="5.00" type="DEFAULT_CAR"/>
    <instantOut id="235_D11" time="40699.25" state="stay" vehID="Car_23279" speed="7.10" length="5.00" type="DEFAULT_CAR"/>
    <instantOut id="235_D11" time="40699.50" state="stay" vehID="Car_23279" speed="7.62" length="5.00" type="DEFAULT_CAR"/>
    <instantOut id="235_D11" time="40699.59" state="leave" vehID="Car_23279" speed="8.30" length="5.00" type="DEFAULT_CAR" occupancy="0.68"/>
</instantE1>
