<?xml version="1.0" encoding="UTF-8"?>

<!-- generated on 2025-02-28 15:00:49 by Eclipse SUMO GUI Version 1.19.0
<configuration xmlns:xsi="http://www.w3.org/2001/XMLSchema-instance" xsi:noNamespaceSchemaLocation="http://sumo.dlr.de/xsd/sumoConfiguration.xsd">

    <input>
        <net-file value="Network.net.xml"/>
        <route-files value="CarRoutes.rou.xml"/>
        <additional-files value="Sensors.add.xml"/>
    </input>

    <output>
        <emission-output value="logs/Emissions.xml"/>
        <summary-output value="logs/Log_summary.xml"/>
        <summary-output.period value="300"/>
        <tripinfo-output value="logs/TripInfos.xml"/>
    </output>

    <time>
        <begin value="0"/>
        <end value="86400"/>
        <step-length value="0.25"/>
    </time>

    <processing>
        <ignore-junction-blocker value="0.1"/>
        <time-to-teleport value="-1"/>
    </processing>

    <report>
        <verbose value="true"/>
        <no-step-log value="true"/>
    </report>

    <emissions>
        <device.emissions.period value="10"/>
    </emissions>

    <traci_server>
        <remote-port value="56202"/>
    </traci_server>

    <gui_only>
        <quit-on-end value="true"/>
        <start value="true"/>
    </gui_only>

</configuration>
-->

<summary xmlns:xsi="http://www.w3.org/2001/XMLSchema-instance" xsi:noNamespaceSchemaLocation="http://sumo.dlr.de/xsd/summary_file.xsd">
    <step time="0.00" loaded="0" inserted="0" running="0" waiting="0" ended="0" arrived="0" collisions="0" teleports="0" halting="0" stopped="0" meanWaitingTime="-1.00" meanTravelTime="-1.00" meanSpeed="-1.00" meanSpeedRelative="-1.00" duration="0"/>
    <step time="300.00" loaded="209" inserted="196" running="92" waiting="13" ended="104" arrived="104" collisions="0" teleports="0" halting="47" stopped="0" meanWaitingTime="12.85" meanTravelTime="74.24" meanSpeed="3.38" meanSpeedRelative="0.24" duration="2"/>
    <step time="600.00" loaded="373" inserted="361" running="67" waiting="12" ended="294" arrived="294" collisions="0" teleports="0" halting="24" stopped="0" meanWaitingTime="15.76" meanTravelTime="111.15" meanSpeed="4.19" meanSpeedRelative="0.30" duration="3"/>
    <step time="900.00" loaded="533" inserted="523" running="62" waiting="10" ended="461" arrived="461" collisions="0" teleports="0" halting="33" stopped="0" meanWaitingTime="14.31" meanTravelTime="114.37" meanSpeed="3.74" meanSpeedRelative="0.27" duration="1"/>
    <step time="1200.00" loaded="707" inserted="692" running="54" waiting="15" ended="638" arrived="638" collisions="0" teleports="0" halting="7" stopped="0" meanWaitingTime="16.93" meanTravelTime="113.82" meanSpeed="7.81" meanSpeedRelative="0.56" duration="1"/>
    <step time="1500.00" loaded="873" inserted="853" running="57" waiting="20" ended="796" arrived="796" collisions="0" teleports="0" halting="21" stopped="0" meanWaitingTime="17.85" meanTravelTime="110.94" meanSpeed="4.87" meanSpeedRelative="0.35" duration="1"/>
    <step time="1800.00" loaded="1036" inserted="1018" running="62" waiting="18" ended="956" arrived="956" collisions="0" teleports="0" halting="23" stopped="0" meanWaitingTime="20.49" meanTravelTime="110.04" meanSpeed="3.84" meanSpeedRelative="0.28" duration="3"/>
    <step time="2100.00" loaded="1195" inserted="1180" running="64" waiting="15" ended="1116" arrived="1116" collisions="0" teleports="0" halting="34" stopped="0" meanWaitingTime="19.04" meanTravelTime="109.59" meanSpeed="3.38" meanSpeedRelative="0.24" duration="2"/>
    <step time="2400.00" loaded="1340" inserted="1324" running="42" waiting="16" ended="1282" arrived="1282" collisions="0" teleports="0" halting="22" stopped="0" meanWaitingTime="19.00" meanTravelTime="110.43" meanSpeed="3.10" meanSpeedRelative="0.22" duration="1"/>
    <step time="2700.00" loaded="1484" inserted="1483" running="48" waiting="1" ended="1435" arrived="1435" collisions="0" teleports="0" halting="10" stopped="0" meanWaitingTime="18.84" meanTravelTime="108.98" meanSpeed="6.17" meanSpeedRelative="0.44" duration="1"/>
    <step time="3000.00" loaded="1642" inserted="1635" running="48" waiting="7" ended="1587" arrived="1587" collisions="0" teleports="0" halting="25" stopped="0" meanWaitingTime="17.64" meanTravelTime="108.91" meanSpeed="3.83" meanSpeedRelative="0.28" duration="2"/>
    <step time="3300.00" loaded="1814" inserted="1798" running="71" waiting="16" ended="1727" arrived="1727" collisions="0" teleports="0" halting="13" stopped="0" meanWaitingTime="17.93" meanTravelTime="108.39" meanSpeed="5.86" meanSpeedRelative="0.42" duration="2"/>
    <step time="3600.00" loaded="1946" inserted="1946" running="49" waiting="0" ended="1897" arrived="1897" collisions="0" teleports="0" halting="15" stopped="0" meanWaitingTime="17.73" meanTravelTime="109.47" meanSpeed="4.94" meanSpeedRelative="0.36" duration="2"/>
    <step time="3900.00" loaded="2110" inserted="2110" running="84" waiting="0" ended="2026" arrived="2026" collisions="0" teleports="0" halting="38" stopped="0" meanWaitingTime="16.47" meanTravelTime="109.21" meanSpeed="2.95" meanSpeedRelative="0.21" duration="3"/>
    <step time="4200.00" loaded="2240" inserted="2235" running="43" waiting="5" ended="2192" arrived="2192" collisions="0" teleports="0" halting="6" stopped="0" meanWaitingTime="16.73" meanTravelTime="112.16" meanSpeed="6.21" meanSpeedRelative="0.45" duration="2"/>
    <step time="4500.00" loaded="2416" inserted="2415" running="57" waiting="1" ended="2358" arrived="2358" collisions="0" teleports="0" halting="24" stopped="0" meanWaitingTime="16.09" meanTravelTime="110.81" meanSpeed="4.38" meanSpeedRelative="0.32" duration="3"/>
    <step time="4800.00" loaded="2574" inserted="2568" running="40" waiting="6" ended="2528" arrived="2528" collisions="0" teleports="0" halting="15" stopped="0" meanWaitingTime="15.39" meanTravelTime="110.20" meanSpeed="5.49" meanSpeedRelative="0.40" duration="2"/>
    <step time="5100.00" loaded="2739" inserted="2729" running="58" waiting="10" ended="2671" arrived="2671" collisions="0" teleports="0" halting="15" stopped="0" meanWaitingTime="16.16" meanTravelTime="108.86" meanSpeed="4.71" meanSpeedRelative="0.34" duration="2"/>
    <step time="5400.00" loaded="2890" inserted="2888" running="48" waiting="2" ended="2840" arrived="2840" collisions="0" teleports="0" halting="13" stopped="0" meanWaitingTime="16.10" meanTravelTime="108.60" meanSpeed="6.04" meanSpeedRelative="0.43" duration="2"/>
    <step time="5700.00" loaded="3076" inserted="3061" running="78" waiting="15" ended="2983" arrived="2983" collisions="0" teleports="0" halting="33" stopped="0" meanWaitingTime="15.56" meanTravelTime="107.91" meanSpeed="4.85" meanSpeedRelative="0.35" duration="3"/>
    <step time="6000.00" loaded="3199" inserted="3196" running="36" waiting="3" ended="3160" arrived="3160" collisions="0" teleports="0" halting="11" stopped="0" meanWaitingTime="15.60" meanTravelTime="110.04" meanSpeed="5.35" meanSpeedRelative="0.38" duration="1"/>
    <step time="6300.00" loaded="3364" inserted="3347" running="57" waiting="17" ended="3290" arrived="3290" collisions="0" teleports="0" halting="21" stopped="0" meanWaitingTime="15.64" meanTravelTime="110.26" meanSpeed="4.98" meanSpeedRelative="0.36" duration="3"/>
    <step time="6600.00" loaded="3528" inserted="3520" running="54" waiting="8" ended="3466" arrived="3466" collisions="0" teleports="0" halting="26" stopped="0" meanWaitingTime="15.76" meanTravelTime="109.56" meanSpeed="4.55" meanSpeedRelative="0.33" duration="3"/>
    <step time="6900.00" loaded="3713" inserted="3696" running="55" waiting="17" ended="3641" arrived="3641" collisions="0" teleports="0" halting="20" stopped="0" meanWaitingTime="15.79" meanTravelTime="108.59" meanSpeed="4.13" meanSpeedRelative="0.30" duration="2"/>
    <step time="7200.00" loaded="3873" inserted="3855" running="42" waiting="18" ended="3813" arrived="3813" collisions="0" teleports="0" halting="17" stopped="0" meanWaitingTime="16.33" meanTravelTime="108.10" meanSpeed="5.39" meanSpeedRelative="0.39" duration="2"/>
    <step time="7500.00" loaded="4021" inserted="4009" running="41" waiting="12" ended="3968" arrived="3968" collisions="0" teleports="0" halting="16" stopped="0" meanWaitingTime="16.95" meanTravelTime="107.51" meanSpeed="5.68" meanSpeedRelative="0.41" duration="2"/>
    <step time="7800.00" loaded="4176" inserted="4153" running="41" waiting="23" ended="4112" arrived="4112" collisions="0" teleports="0" halting="8" stopped="0" meanWaitingTime="17.44" meanTravelTime="106.98" meanSpeed="5.09" meanSpeedRelative="0.37" duration="2"/>
    <step time="8100.00" loaded="4346" inserted="4333" running="46" waiting="13" ended="4287" arrived="4287" collisions="0" teleports="0" halting="17" stopped="0" meanWaitingTime="18.50" meanTravelTime="106.05" meanSpeed="4.71" meanSpeedRelative="0.34" duration="2"/>
    <step time="8400.00" loaded="4531" inserted="4527" running="60" waiting="4" ended="4467" arrived="4467" collisions="0" teleports="0" halting="13" stopped="0" meanWaitingTime="18.41" meanTravelTime="105.26" meanSpeed="4.95" meanSpeedRelative="0.36" duration="1"/>
    <step time="8700.00" loaded="4700" inserted="4695" running="61" waiting="5" ended="4634" arrived="4634" collisions="0" teleports="0" halting="20" stopped="0" meanWaitingTime="18.19" meanTravelTime="104.84" meanSpeed="5.59" meanSpeedRelative="0.40" duration="1"/>
    <step time="9000.00" loaded="4888" inserted="4871" running="54" waiting="17" ended="4817" arrived="4817" collisions="0" teleports="0" halting="14" stopped="0" meanWaitingTime="18.01" meanTravelTime="104.30" meanSpeed="5.18" meanSpeedRelative="0.37" duration="3"/>
    <step time="9300.00" loaded="5072" inserted="5054" running="51" waiting="18" ended="5003" arrived="5003" collisions="0" teleports="0" halting="26" stopped="0" meanWaitingTime="18.01" meanTravelTime="104.06" meanSpeed="4.15" meanSpeedRelative="0.30" duration="2"/>
    <step time="9600.00" loaded="5240" inserted="5230" running="58" waiting="10" ended="5172" arrived="5172" collisions="0" teleports="0" halting="22" stopped="0" meanWaitingTime="18.46" meanTravelTime="103.49" meanSpeed="5.62" meanSpeedRelative="0.40" duration="2"/>
    <step time="9900.00" loaded="5384" inserted="5378" running="30" waiting="6" ended="5348" arrived="5348" collisions="0" teleports="0" halting="16" stopped="0" meanWaitingTime="18.28" meanTravelTime="103.27" meanSpeed="4.10" meanSpeedRelative="0.29" duration="1"/>
    <step time="10200.00" loaded="5551" inserted="5542" running="66" waiting="9" ended="5476" arrived="5476" collisions="0" teleports="0" halting="18" stopped="0" meanWaitingTime="18.28" meanTravelTime="103.27" meanSpeed="5.47" meanSpeedRelative="0.39" duration="1"/>
    <step time="10500.00" loaded="5732" inserted="5721" running="66" waiting="11" ended="5655" arrived="5655" collisions="0" teleports="0" halting="14" stopped="0" meanWaitingTime="18.13" meanTravelTime="103.41" meanSpeed="5.37" meanSpeedRelative="0.39" duration="1"/>
    <step time="10800.00" loaded="5904" inserted="5896" running="82" waiting="8" ended="5814" arrived="5814" collisions="0" teleports="0" halting="20" stopped="0" meanWaitingTime="18.17" meanTravelTime="103.86" meanSpeed="3.66" meanSpeedRelative="0.26" duration="4"/>
    <step time="11100.00" loaded="6081" inserted="6063" running="69" waiting="18" ended="5994" arrived="5994" collisions="0" teleports="0" halting="34" stopped="0" meanWaitingTime="18.21" meanTravelTime="105.10" meanSpeed="3.41" meanSpeedRelative="0.25" duration="3"/>
    <step time="11400.00" loaded="6256" inserted="6222" running="62" waiting="34" ended="6160" arrived="6160" collisions="0" teleports="0" halting="21" stopped="0" meanWaitingTime="18.85" meanTravelTime="105.43" meanSpeed="4.28" meanSpeedRelative="0.31" duration="1"/>
    <step time="11700.00" loaded="6399" inserted="6379" running="62" waiting="20" ended="6317" arrived="6317" collisions="0" teleports="0" halting="11" stopped="0" meanWaitingTime="19.89" meanTravelTime="105.66" meanSpeed="4.74" meanSpeedRelative="0.34" duration="2"/>
    <step time="12000.00" loaded="6575" inserted="6568" running="78" waiting="7" ended="6490" arrived="6490" collisions="0" teleports="0" halting="26" stopped="0" meanWaitingTime="19.92" meanTravelTime="106.28" meanSpeed="3.94" meanSpeedRelative="0.28" duration="3"/>
    <step time="12300.00" loaded="6741" inserted="6741" running="77" waiting="0" ended="6664" arrived="6664" collisions="0" teleports="0" halting="42" stopped="0" meanWaitingTime="19.64" meanTravelTime="107.14" meanSpeed="3.13" meanSpeedRelative="0.23" duration="2"/>
    <step time="12600.00" loaded="6909" inserted="6889" running="49" waiting="20" ended="6840" arrived="6840" collisions="0" teleports="0" halting="22" stopped="0" meanWaitingTime="19.46" meanTravelTime="107.44" meanSpeed="4.96" meanSpeedRelative="0.36" duration="2"/>
    <step time="12900.00" loaded="7078" inserted="7062" running="64" waiting="16" ended="6998" arrived="6998" collisions="0" teleports="0" halting="20" stopped="0" meanWaitingTime="19.67" meanTravelTime="107.25" meanSpeed="4.72" meanSpeedRelative="0.34" duration="3"/>
    <step time="13200.00" loaded="7252" inserted="7231" running="81" waiting="21" ended="7150" arrived="7150" collisions="0" teleports="0" halting="26" stopped="0" meanWaitingTime="19.84" meanTravelTime="107.13" meanSpeed="4.74" meanSpeedRelative="0.34" duration="4"/>
    <step time="13500.00" loaded="7428" inserted="7420" running="74" waiting="8" ended="7346" arrived="7346" collisions="0" teleports="0" halting="22" stopped="0" meanWaitingTime="19.78" meanTravelTime="107.51" meanSpeed="4.00" meanSpeedRelative="0.29" duration="3"/>
    <step time="13800.00" loaded="7621" inserted="7604" running="72" waiting="17" ended="7532" arrived="7532" collisions="0" teleports="0" halting="17" stopped="0" meanWaitingTime="19.88" meanTravelTime="107.68" meanSpeed="5.98" meanSpeedRelative="0.43" duration="3"/>
    <step time="14100.00" loaded="7782" inserted="7778" running="74" waiting="4" ended="7704" arrived="7704" collisions="0" teleports="0" halting="16" stopped="0" meanWaitingTime="19.97" meanTravelTime="107.84" meanSpeed="6.08" meanSpeedRelative="0.44" duration="3"/>
    <step time="14400.00" loaded="7919" inserted="7908" running="51" waiting="11" ended="7857" arrived="7857" collisions="0" teleports="0" halting="15" stopped="0" meanWaitingTime="20.13" meanTravelTime="108.13" meanSpeed="6.96" meanSpeedRelative="0.50" duration="2"/>
    <step time="14700.00" loaded="8112" inserted="8093" running="57" waiting="19" ended="8036" arrived="8036" collisions="0" teleports="0" halting="6" stopped="0" meanWaitingTime="20.09" meanTravelTime="107.79" meanSpeed="6.14" meanSpeedRelative="0.44" duration="3"/>
    <step time="15000.00" loaded="8270" inserted="8265" running="99" waiting="5" ended="8166" arrived="8166" collisions="0" teleports="0" halting="16" stopped="0" meanWaitingTime="19.91" meanTravelTime="108.13" meanSpeed="5.29" meanSpeedRelative="0.38" duration="2"/>
    <step time="15300.00" loaded="8430" inserted="8396" running="57" waiting="34" ended="8339" arrived="8339" collisions="0" teleports="0" halting="20" stopped="0" meanWaitingTime="20.08" meanTravelTime="109.02" meanSpeed="5.47" meanSpeedRelative="0.39" duration="3"/>
    <step time="15600.00" loaded="8594" inserted="8584" running="63" waiting="10" ended="8521" arrived="8521" collisions="0" teleports="0" halting="21" stopped="0" meanWaitingTime="20.82" meanTravelTime="108.62" meanSpeed="4.69" meanSpeedRelative="0.34" duration="3"/>
    <step time="15900.00" loaded="8787" inserted="8777" running="88" waiting="10" ended="8689" arrived="8689" collisions="0" teleports="0" halting="34" stopped="0" meanWaitingTime="21.14" meanTravelTime="108.27" meanSpeed="4.71" meanSpeedRelative="0.34" duration="4"/>
    <step time="16200.00" loaded="8975" inserted="8963" running="54" waiting="12" ended="8909" arrived="8909" collisions="0" teleports="0" halting="9" stopped="0" meanWaitingTime="21.18" meanTravelTime="108.39" meanSpeed="6.82" meanSpeedRelative="0.49" duration="2"/>
    <step time="16500.00" loaded="9141" inserted="9138" running="60" waiting="3" ended="9078" arrived="9078" collisions="0" teleports="0" halting="20" stopped="0" meanWaitingTime="21.01" meanTravelTime="108.08" meanSpeed="5.34" meanSpeedRelative="0.38" duration="1"/>
    <step time="16800.00" loaded="9326" inserted="9311" running="67" waiting="15" ended="9244" arrived="9244" collisions="0" teleports="0" halting="11" stopped="0" meanWaitingTime="20.92" meanTravelTime="108.17" meanSpeed="5.90" meanSpeedRelative="0.42" duration="3"/>
    <step time="17100.00" loaded="9494" inserted="9474" running="67" waiting="20" ended="9407" arrived="9407" collisions="0" teleports="0" halting="9" stopped="0" meanWaitingTime="21.01" meanTravelTime="108.23" meanSpeed="5.41" meanSpeedRelative="0.39" duration="3"/>
    <step time="17400.00" loaded="9674" inserted="9653" running="67" waiting="21" ended="9586" arrived="9586" collisions="0" teleports="0" halting="19" stopped="0" meanWaitingTime="21.19" meanTravelTime="108.56" meanSpeed="5.98" meanSpeedRelative="0.43" duration="2"/>
    <step time="17700.00" loaded="9845" inserted="9820" running="71" waiting="25" ended="9749" arrived="9749" collisions="0" teleports="0" halting="16" stopped="0" meanWaitingTime="21.54" meanTravelTime="108.77" meanSpeed="5.21" meanSpeedRelative="0.37" duration="3"/>
    <step time="18000.00" loaded="10009" inserted="9988" running="56" waiting="21" ended="9932" arrived="9932" collisions="0" teleports="0" halting="29" stopped="0" meanWaitingTime="21.94" meanTravelTime="109.04" meanSpeed="3.49" meanSpeedRelative="0.25" duration="2"/>
    <step time="18300.00" loaded="10194" inserted="10161" running="45" waiting="33" ended="10116" arrived="10116" collisions="0" teleports="0" halting="23" stopped="0" meanWaitingTime="22.20" meanTravelTime="108.95" meanSpeed="4.87" meanSpeedRelative="0.35" duration="1"/>
    <step time="18600.00" loaded="10355" inserted="10323" running="70" waiting="32" ended="10253" arrived="10253" collisions="0" teleports="0" halting="33" stopped="0" meanWaitingTime="22.82" meanTravelTime="108.80" meanSpeed="4.85" meanSpeedRelative="0.35" duration="3"/>
    <step time="18900.00" loaded="10539" inserted="10504" running="73" waiting="35" ended="10431" arrived="10431" collisions="0" teleports="0" halting="11" stopped="0" meanWaitingTime="23.25" meanTravelTime="109.14" meanSpeed="6.81" meanSpeedRelative="0.49" duration="3"/>
    <step time="19200.00" loaded="10718" inserted="10691" running="70" waiting="27" ended="10621" arrived="10621" collisions="0" teleports="0" halting="48" stopped="0" meanWaitingTime="23.59" meanTravelTime="109.10" meanSpeed="2.68" meanSpeedRelative="0.19" duration="3"/>
    <step time="19500.00" loaded="10929" inserted="10903" running="111" waiting="26" ended="10792" arrived="10792" collisions="0" teleports="0" halting="36" stopped="0" meanWaitingTime="23.93" meanTravelTime="109.40" meanSpeed="2.80" meanSpeedRelative="0.20" duration="4"/>
    <step time="19800.00" loaded="11107" inserted="11075" running="83" waiting="32" ended="10992" arrived="10992" collisions="0" teleports="0" halting="40" stopped="0" meanWaitingTime="24.32" meanTravelTime="110.01" meanSpeed="3.67" meanSpeedRelative="0.26" duration="2"/>
    <step time="20100.00" loaded="11302" inserted="11273" running="93" waiting="29" ended="11180" arrived="11180" collisions="0" teleports="0" halting="22" stopped="0" meanWaitingTime="24.85" meanTravelTime="110.51" meanSpeed="5.44" meanSpeedRelative="0.39" duration="4"/>
    <step time="20400.00" loaded="11469" inserted="11437" running="69" waiting="32" ended="11368" arrived="11368" collisions="0" teleports="0" halting="16" stopped="0" meanWaitingTime="25.33" meanTravelTime="110.77" meanSpeed="4.96" meanSpeedRelative="0.36" duration="1"/>
    <step time="20700.00" loaded="11641" inserted="11618" running="66" waiting="23" ended="11552" arrived="11552" collisions="0" teleports="0" halting="28" stopped="0" meanWaitingTime="25.78" meanTravelTime="110.77" meanSpeed="3.99" meanSpeedRelative="0.29" duration="2"/>
    <step time="21000.00" loaded="11825" inserted="11801" running="72" waiting="24" ended="11729" arrived="11729" collisions="0" teleports="0" halting="27" stopped="0" meanWaitingTime="26.12" meanTravelTime="110.72" meanSpeed="3.60" meanSpeedRelative="0.26" duration="1"/>
    <step time="21300.00" loaded="11987" inserted="11966" running="69" waiting="21" ended="11897" arrived="11897" collisions="0" teleports="0" halting="13" stopped="0" meanWaitingTime="26.40" meanTravelTime="110.88" meanSpeed="6.41" meanSpeedRelative="0.46" duration="2"/>
    <step time="21600.00" loaded="12208" inserted="12176" running="82" waiting="32" ended="12094" arrived="12094" collisions="0" teleports="0" halting="14" stopped="0" meanWaitingTime="26.73" meanTravelTime="110.90" meanSpeed="6.14" meanSpeedRelative="0.44" duration="3"/>
    <step time="21900.00" loaded="12390" inserted="12363" running="69" waiting="27" ended="12294" arrived="12294" collisions="0" teleports="0" halting="20" stopped="0" meanWaitingTime="26.88" meanTravelTime="110.90" meanSpeed="6.22" meanSpeedRelative="0.45" duration="2"/>
    <step time="22200.00" loaded="12583" inserted="12549" running="62" waiting="34" ended="12487" arrived="12487" collisions="0" teleports="0" halting="8" stopped="0" meanWaitingTime="27.16" meanTravelTime="110.77" meanSpeed="5.64" meanSpeedRelative="0.41" duration="1"/>
    <step time="22500.00" loaded="12756" inserted="12706" running="59" waiting="50" ended="12647" arrived="12647" collisions="0" teleports="0" halting="11" stopped="0" meanWaitingTime="27.50" meanTravelTime="110.95" meanSpeed="4.64" meanSpeedRelative="0.33" duration="1"/>
    <step time="22800.00" loaded="12953" inserted="12940" running="100" waiting="13" ended="12840" arrived="12840" collisions="0" teleports="0" halting="51" stopped="0" meanWaitingTime="27.92" meanTravelTime="110.96" meanSpeed="2.99" meanSpeedRelative="0.22" duration="3"/>
    <step time="23100.00" loaded="13139" inserted="13124" running="121" waiting="15" ended="13003" arrived="13003" collisions="0" teleports="0" halting="51" stopped="0" meanWaitingTime="27.97" meanTravelTime="111.44" meanSpeed="3.36" meanSpeedRelative="0.24" duration="4"/>
    <step time="23400.00" loaded="13326" inserted="13317" running="100" waiting="9" ended="13217" arrived="13217" collisions="0" teleports="0" halting="40" stopped="0" meanWaitingTime="27.90" meanTravelTime="112.24" meanSpeed="3.30" meanSpeedRelative="0.24" duration="2"/>
    <step time="23700.00" loaded="13558" inserted="13537" running="106" waiting="21" ended="13431" arrived="13431" collisions="0" teleports="0" halting="39" stopped="0" meanWaitingTime="27.66" meanTravelTime="112.82" meanSpeed="3.93" meanSpeedRelative="0.28" duration="4"/>
    <step time="24000.00" loaded="13735" inserted="13716" running="80" waiting="19" ended="13636" arrived="13636" collisions="0" teleports="0" halting="17" stopped="0" meanWaitingTime="27.62" meanTravelTime="113.39" meanSpeed="3.80" meanSpeedRelative="0.27" duration="3"/>
    <step time="24300.00" loaded="13945" inserted="13921" running="100" waiting="24" ended="13821" arrived="13821" collisions="0" teleports="0" halting="63" stopped="0" meanWaitingTime="27.74" meanTravelTime="113.65" meanSpeed="2.72" meanSpeedRelative="0.20" duration="3"/>
    <step time="24600.00" loaded="14170" inserted="14133" running="85" waiting="37" ended="14048" arrived="14048" collisions="0" teleports="0" halting="40" stopped="0" meanWaitingTime="27.94" meanTravelTime="113.81" meanSpeed="3.82" meanSpeedRelative="0.27" duration="3"/>
    <step time="24900.00" loaded="14387" inserted="14352" running="84" waiting="35" ended="14268" arrived="14268" collisions="0" teleports="0" halting="34" stopped="0" meanWaitingTime="28.37" meanTravelTime="113.70" meanSpeed="4.47" meanSpeedRelative="0.32" duration="3"/>
    <step time="25200.00" loaded="14581" inserted="14537" running="73" waiting="44" ended="14464" arrived="14464" collisions="0" teleports="0" halting="27" stopped="0" meanWaitingTime="28.59" meanTravelTime="113.69" meanSpeed="5.13" meanSpeedRelative="0.37" duration="2"/>
    <step time="25500.00" loaded="14755" inserted="14734" running="64" waiting="21" ended="14670" arrived="14670" collisions="0" teleports="0" halting="27" stopped="0" meanWaitingTime="28.95" meanTravelTime="113.84" meanSpeed="4.09" meanSpeedRelative="0.29" duration="3"/>
    <step time="25800.00" loaded="14988" inserted="14957" running="81" waiting="31" ended="14876" arrived="14876" collisions="0" teleports="0" halting="24" stopped="0" meanWaitingTime="28.95" meanTravelTime="113.69" meanSpeed="3.80" meanSpeedRelative="0.27" duration="3"/>
    <step time="26100.00" loaded="15200" inserted="15163" running="85" waiting="37" ended="15078" arrived="15078" collisions="0" teleports="0" halting="18" stopped="0" meanWaitingTime="29.22" meanTravelTime="113.76" meanSpeed="4.00" meanSpeedRelative="0.30" duration="3"/>
    <step time="26400.00" loaded="15397" inserted="15355" running="80" waiting="42" ended="15275" arrived="15275" collisions="0" teleports="0" halting="29" stopped="0" meanWaitingTime="29.47" meanTravelTime="114.10" meanSpeed="4.23" meanSpeedRelative="0.30" duration="4"/>
    <step time="26700.00" loaded="15613" inserted="15575" running="107" waiting="38" ended="15468" arrived="15468" collisions="0" teleports="0" halting="31" stopped="0" meanWaitingTime="29.92" meanTravelTime="114.05" meanSpeed="4.63" meanSpeedRelative="0.33" duration="3"/>
    <step time="27000.00" loaded="15836" inserted="15783" running="104" waiting="53" ended="15679" arrived="15679" collisions="0" teleports="0" halting="28" stopped="0" meanWaitingTime="30.23" meanTravelTime="114.57" meanSpeed="4.97" meanSpeedRelative="0.36" duration="4"/>
    <step time="27300.00" loaded="16060" inserted="16001" running="88" waiting="59" ended="15913" arrived="15913" collisions="0" teleports="0" halting="37" stopped="0" meanWaitingTime="30.78" meanTravelTime="114.54" meanSpeed="3.37" meanSpeedRelative="0.24" duration="2"/>
    <step time="27600.00" loaded="16259" inserted="16204" running="85" waiting="55" ended="16119" arrived="16119" collisions="0" teleports="0" halting="62" stopped="0" meanWaitingTime="31.50" meanTravelTime="114.58" meanSpeed="1.75" meanSpeedRelative="0.13" duration="2"/>
    <step time="27900.00" loaded="16466" inserted="16418" running="61" waiting="48" ended="16357" arrived="16357" collisions="0" teleports="0" halting="15" stopped="0" meanWaitingTime="32.09" meanTravelTime="114.54" meanSpeed="6.05" meanSpeedRelative="0.44" duration="2"/>
    <step time="28200.00" loaded="16690" inserted="16654" running="66" waiting="36" ended="16588" arrived="16588" collisions="0" teleports="0" halting="20" stopped="0" meanWaitingTime="32.59" meanTravelTime="114.32" meanSpeed="5.31" meanSpeedRelative="0.38" duration="3"/>
    <step time="28500.00" loaded="16891" inserted="16856" running="76" waiting="35" ended="16780" arrived="16780" collisions="0" teleports="0" halting="21" stopped="0" meanWaitingTime="32.89" meanTravelTime="114.23" meanSpeed="5.04" meanSpeedRelative="0.36" duration="1"/>
    <step time="28800.00" loaded="17104" inserted="17070" running="72" waiting="34" ended="16998" arrived="16998" collisions="0" teleports="0" halting="20" stopped="0" meanWaitingTime="32.96" meanTravelTime="114.30" meanSpeed="3.90" meanSpeedRelative="0.28" duration="1"/>
    <step time="29100.00" loaded="17330" inserted="17289" running="113" waiting="41" ended="17176" arrived="17176" collisions="0" teleports="0" halting="52" stopped="0" meanWaitingTime="33.05" meanTravelTime="114.50" meanSpeed="2.51" meanSpeedRelative="0.18" duration="3"/>
    <step time="29400.00" loaded="17532" inserted="17477" running="84" waiting="55" ended="17393" arrived="17393" collisions="0" teleports="0" halting="33" stopped="0" meanWaitingTime="33.31" meanTravelTime="114.96" meanSpeed="3.86" meanSpeedRelative="0.28" duration="1"/>
    <step time="29700.00" loaded="17711" inserted="17651" running="62" waiting="60" ended="17589" arrived="17589" collisions="0" teleports="0" halting="18" stopped="0" meanWaitingTime="33.50" meanTravelTime="115.24" meanSpeed="4.46" meanSpeedRelative="0.32" duration="3"/>
    <step time="30000.00" loaded="17888" inserted="17842" running="64" waiting="46" ended="17778" arrived="17778" collisions="0" teleports="0" halting="26" stopped="0" meanWaitingTime="34.27" meanTravelTime="115.13" meanSpeed="4.01" meanSpeedRelative="0.29" duration="3"/>
    <step time="30300.00" loaded="18089" inserted="18037" running="72" waiting="52" ended="17965" arrived="17965" collisions="0" teleports="0" halting="25" stopped="0" meanWaitingTime="34.83" meanTravelTime="115.11" meanSpeed="5.05" meanSpeedRelative="0.36" duration="3"/>
    <step time="30600.00" loaded="18307" inserted="18264" running="89" waiting="43" ended="18175" arrived="18175" collisions="0" teleports="0" halting="40" stopped="0" meanWaitingTime="35.31" meanTravelTime="114.98" meanSpeed="4.65" meanSpeedRelative="0.33" duration="3"/>
    <step time="30900.00" loaded="18528" inserted="18485" running="103" waiting="43" ended="18382" arrived="18382" collisions="0" teleports="0" halting="38" stopped="0" meanWaitingTime="35.57" meanTravelTime="114.98" meanSpeed="3.50" meanSpeedRelative="0.25" duration="4"/>
    <step time="31200.00" loaded="18700" inserted="18655" running="63" waiting="45" ended="18592" arrived="18592" collisions="0" teleports="0" halting="18" stopped="0" meanWaitingTime="35.67" meanTravelTime="115.36" meanSpeed="4.03" meanSpeedRelative="0.29" duration="3"/>
    <step time="31500.00" loaded="18880" inserted="18837" running="71" waiting="43" ended="18766" arrived="18766" collisions="0" teleports="0" halting="28" stopped="0" meanWaitingTime="35.93" meanTravelTime="115.54" meanSpeed="4.03" meanSpeedRelative="0.29" duration="3"/>
    <step time="31800.00" loaded="19038" inserted="19007" running="74" waiting="31" ended="18933" arrived="18933" collisions="0" teleports="0" halting="17" stopped="0" meanWaitingTime="36.28" meanTravelTime="115.63" meanSpeed="5.15" meanSpeedRelative="0.37" duration="3"/>
    <step time="32100.00" loaded="19219" inserted="19180" running="57" waiting="39" ended="19123" arrived="19123" collisions="0" teleports="0" halting="21" stopped="0" meanWaitingTime="36.45" meanTravelTime="115.48" meanSpeed="5.00" meanSpeedRelative="0.36" duration="2"/>
    <step time="32400.00" loaded="19386" inserted="19339" running="53" waiting="47" ended="19286" arrived="19286" collisions="0" teleports="0" halting="14" stopped="0" meanWaitingTime="36.65" meanTravelTime="115.38" meanSpeed="4.36" meanSpeedRelative="0.31" duration="2"/>
    <step time="32700.00" loaded="19564" inserted="19524" running="80" waiting="40" ended="19444" arrived="19444" collisions="0" teleports="0" halting="14" stopped="0" meanWaitingTime="36.91" meanTravelTime="115.23" meanSpeed="4.45" meanSpeedRelative="0.32" duration="3"/>
    <step time="33000.00" loaded="19732" inserted="19701" running="81" waiting="31" ended="19620" arrived="19620" collisions="0" teleports="0" halting="22" stopped="0" meanWaitingTime="37.17" meanTravelTime="115.58" meanSpeed="4.36" meanSpeedRelative="0.32" duration="3"/>
    <step time="33300.00" loaded="19864" inserted="19851" running="81" waiting="13" ended="19770" arrived="19770" collisions="0" teleports="0" halting="19" stopped="0" meanWaitingTime="37.32" meanTravelTime="115.88" meanSpeed="5.47" meanSpeedRelative="0.39" duration="4"/>
    <step time="33600.00" loaded="20057" inserted="20038" running="64" waiting="19" ended="19974" arrived="19974" collisions="0" teleports="0" halting="30" stopped="0" meanWaitingTime="37.25" meanTravelTime="115.88" meanSpeed="4.77" meanSpeedRelative="0.34" duration="3"/>
    <step time="33900.00" loaded="20211" inserted="20189" running="59" waiting="22" ended="20130" arrived="20130" collisions="0" teleports="0" halting="18" stopped="0" meanWaitingTime="37.21" meanTravelTime="115.85" meanSpeed="5.09" meanSpeedRelative="0.37" duration="3"/>
    <step time="34200.00" loaded="20368" inserted="20348" running="79" waiting="20" ended="20269" arrived="20269" collisions="0" teleports="0" halting="21" stopped="0" meanWaitingTime="37.19" meanTravelTime="115.88" meanSpeed="4.69" meanSpeedRelative="0.34" duration="3"/>
    <step time="34500.00" loaded="20533" inserted="20508" running="59" waiting="25" ended="20449" arrived="20449" collisions="0" teleports="0" halting="20" stopped="0" meanWaitingTime="37.26" meanTravelTime="116.04" meanSpeed="5.70" meanSpeedRelative="0.41" duration="3"/>
    <step time="34800.00" loaded="20688" inserted="20658" running="57" waiting="30" ended="20601" arrived="20601" collisions="0" teleports="0" halting="17" stopped="0" meanWaitingTime="37.42" meanTravelTime="115.93" meanSpeed="4.99" meanSpeedRelative="0.37" duration="3"/>
    <step time="35100.00" loaded="20828" inserted="20817" running="66" waiting="11" ended="20751" arrived="20751" collisions="0" teleports="0" halting="8" stopped="0" meanWaitingTime="37.54" meanTravelTime="115.85" meanSpeed="6.17" meanSpeedRelative="0.44" duration="2"/>
    <step time="35400.00" loaded="20969" inserted="20962" running="65" waiting="7" ended="20897" arrived="20897" collisions="0" teleports="0" halting="7" stopped="0" meanWaitingTime="37.34" meanTravelTime="115.80" meanSpeed="6.32" meanSpeedRelative="0.46" duration="3"/>
    <step time="35700.00" loaded="21113" inserted="21106" running="47" waiting="7" ended="21059" arrived="21059" collisions="0" teleports="0" halting="16" stopped="0" meanWaitingTime="37.21" meanTravelTime="115.99" meanSpeed="4.74" meanSpeedRelative="0.34" duration="1"/>
    <step time="36000.00" loaded="21269" inserted="21263" running="46" waiting="6" ended="21217" arrived="21217" collisions="0" teleports="0" halting="15" stopped="0" meanWaitingTime="37.08" meanTravelTime="115.88" meanSpeed="4.44" meanSpeedRelative="0.32" duration="2"/>
    <step time="36300.00" loaded="21442" inserted="21425" running="55" waiting="17" ended="21370" arrived="21370" collisions="0" teleports="0" halting="38" stopped="0" meanWaitingTime="36.95" meanTravelTime="115.71" meanSpeed="2.31" meanSpeedRelative="0.17" duration="3"/>
    <step time="36600.00" loaded="21589" inserted="21580" running="64" waiting="9" ended="21516" arrived="21516" collisions="0" teleports="0" halting="6" stopped="0" meanWaitingTime="36.88" meanTravelTime="115.73" meanSpeed="4.71" meanSpeedRelative="0.34" duration="3"/>
    <step time="36900.00" loaded="21726" inserted="21704" running="35" waiting="22" ended="21669" arrived="21669" collisions="0" teleports="0" halting="12" stopped="0" meanWaitingTime="36.73" meanTravelTime="115.84" meanSpeed="3.85" meanSpeedRelative="0.28" duration="1"/>
    <step time="37200.00" loaded="21848" inserted="21824" running="54" waiting="24" ended="21770" arrived="21770" collisions="0" teleports="0" halting="39" stopped="0" meanWaitingTime="36.72" meanTravelTime="115.76" meanSpeed="2.11" meanSpeedRelative="0.15" duration="1"/>
    <step time="37500.00" loaded="21987" inserted="21950" running="67" waiting="37" ended="21883" arrived="21883" collisions="0" teleports="0" halting="22" stopped="0" meanWaitingTime="36.91" meanTravelTime="115.99" meanSpeed="4.43" meanSpeedRelative="0.32" duration="4"/>
    <step time="37800.00" loaded="22143" inserted="22102" running="69" waiting="41" ended="22033" arrived="22033" collisions="0" teleports="0" halting="39" stopped="0" meanWaitingTime="37.17" meanTravelTime="116.16" meanSpeed="3.97" meanSpeedRelative="0.29" duration="2"/>
    <step time="38100.00" loaded="22288" inserted="22244" running="56" waiting="44" ended="22188" arrived="22188" collisions="0" teleports="0" halting="23" stopped="0" meanWaitingTime="37.39" meanTravelTime="116.24" meanSpeed="4.41" meanSpeedRelative="0.32" duration="2"/>
    <step time="38400.00" loaded="22418" inserted="22388" running="56" waiting="30" ended="22332" arrived="22332" collisions="0" teleports="0" halting="20" stopped="0" meanWaitingTime="37.68" meanTravelTime="116.23" meanSpeed="4.48" meanSpeedRelative="0.32" duration="1"/>
    <step time="38700.00" loaded="22518" inserted="22504" running="65" waiting="14" ended="22439" arrived="22439" collisions="0" teleports="0" halting="44" stopped="0" meanWaitingTime="37.84" meanTravelTime="116.22" meanSpeed="2.49" meanSpeedRelative="0.18" duration="3"/>
    <step time="39000.00" loaded="22622" inserted="22589" running="62" waiting="33" ended="22527" arrived="22527" collisions="0" teleports="0" halting="6" stopped="0" meanWaitingTime="38.02" meanTravelTime="116.41" meanSpeed="5.52" meanSpeedRelative="0.40" duration="2"/>
    <step time="39300.00" loaded="22748" inserted="22708" running="50" waiting="40" ended="22658" arrived="22658" collisions="0" teleports="0" halting="25" stopped="0" meanWaitingTime="38.27" meanTravelTime="116.75" meanSpeed="4.12" meanSpeedRelative="0.30" duration="2"/>
    <step time="39600.00" loaded="22859" inserted="22818" running="44" waiting="41" ended="22774" arrived="22774" collisions="0" teleports="0" halting="27" stopped="0" meanWaitingTime="38.48" meanTravelTime="116.87" meanSpeed="3.42" meanSpeedRelative="0.25" duration="2"/>
    <step time="39900.00" loaded="22982" inserted="22953" running="77" waiting="29" ended="22876" arrived="22876" collisions="0" teleports="0" halting="62" stopped="0" meanWaitingTime="38.80" meanTravelTime="116.92" meanSpeed="1.49" meanSpeedRelative="0.11" duration="3"/>
    <step time="40200.00" loaded="23073" inserted="23052" running="60" waiting="21" ended="22992" arrived="22992" collisions="0" teleports="0" halting="31" stopped="0" meanWaitingTime="39.08" meanTravelTime="117.25" meanSpeed="2.25" meanSpeedRelative="0.16" duration="2"/>
    <step time="40500.00" loaded="23175" inserted="23151" running="51" waiting="24" ended="23100" arrived="23100" collisions="0" teleports="0" halting="11" stopped="0" meanWaitingTime="39.18" meanTravelTime="117.59" meanSpeed="5.72" meanSpeedRelative="0.44" duration="3"/>
    <step time="40800.00" loaded="23284" inserted="23252" running="39" waiting="32" ended="23213" arrived="23213" collisions="0" teleports="0" halting="11" stopped="0" meanWaitingTime="39.43" meanTravelTime="117.66" meanSpeed="5.87" meanSpeedRelative="0.42" duration="1"/>
    <step time="41100.00" loaded="23368" inserted="23344" running="51" waiting="24" ended="23293" arrived="23293" collisions="0" teleports="0" halting="24" stopped="0" meanWaitingTime="39.66" meanTravelTime="117.73" meanSpeed="3.97" meanSpeedRelative="0.29" duration="1"/>
    <step time="41400.00" loaded="23431" inserted="23421" running="27" waiting="10" ended="23394" arrived="23394" collisions="0" teleports="0" halting="21" stopped="0" meanWaitingTime="39.75" meanTravelTime="117.92" meanSpeed="2.14" meanSpeedRelative="0.15" duration="1"/>
    <step time="41700.00" loaded="23531" inserted="23507" running="53" waiting="24" ended="23454" arrived="23454" collisions="0" teleports="0" halting="25" stopped="0" meanWaitingTime="39.89" meanTravelTime="117.99" meanSpeed="4.15" meanSpeedRelative="0.30" duration="1"/>
    <step time="42000.00" loaded="23613" inserted="23584" running="29" waiting="29" ended="23555" arrived="23555" collisions="0" teleports="0" halting="12" stopped="0" meanWaitingTime="40.06" meanTravelTime="118.19" meanSpeed="3.15" meanSpeedRelative="0.23" duration="2"/>
    <step time="42300.00" loaded="23717" inserted="23693" running="47" waiting="24" ended="23646" arrived="23646" collisions="0" teleports="0" halting="8" stopped="0" meanWaitingTime="40.30" meanTravelTime="118.14" meanSpeed="6.47" meanSpeedRelative="0.47" duration="3"/>
    <step time="42600.00" loaded="23834" inserted="23798" running="47" waiting="36" ended="23751" arrived="23751" collisions="0" teleports="0" halting="10" stopped="0" meanWaitingTime="40.50" meanTravelTime="118.12" meanSpeed="7.25" meanSpeedRelative="0.52" duration="1"/>
    <step time="42900.00" loaded="23933" inserted="23907" running="49" waiting="26" ended="23858" arrived="23858" collisions="0" teleports="0" halting="11" stopped="0" meanWaitingTime="40.77" meanTravelTime="118.20" meanSpeed="5.28" meanSpeedRelative="0.38" duration="2"/>
    <step time="43200.00" loaded="24033" inserted="23998" running="23" waiting="35" ended="23975" arrived="23975" collisions="0" teleports="0" halting="8" stopped="0" meanWaitingTime="40.91" meanTravelTime="118.30" meanSpeed="6.05" meanSpeedRelative="0.44" duration="1"/>
    <step time="43500.00" loaded="24111" inserted="24101" running="45" waiting="10" ended="24056" arrived="24056" collisions="0" teleports="0" halting="9" stopped="0" meanWaitingTime="41.04" meanTravelTime="118.22" meanSpeed="6.27" meanSpeedRelative="0.45" duration="1"/>
    <step time="43800.00" loaded="24213" inserted="24195" running="41" waiting="18" ended="24154" arrived="24154" collisions="0" teleports="0" halting="19" stopped="0" meanWaitingTime="41.09" meanTravelTime="118.21" meanSpeed="5.74" meanSpeedRelative="0.41" duration="0"/>
    <step time="44100.00" loaded="24319" inserted="24307" running="63" waiting="12" ended="24244" arrived="24244" collisions="0" teleports="0" halting="31" stopped="0" meanWaitingTime="41.13" meanTravelTime="118.19" meanSpeed="3.87" meanSpeedRelative="0.28" duration="2"/>
    <step time="44400.00" loaded="24428" inserted="24406" running="78" waiting="22" ended="24328" arrived="24328" collisions="0" teleports="0" halting="66" stopped="0" meanWaitingTime="41.16" meanTravelTime="118.17" meanSpeed="0.66" meanSpeedRelative="0.05" duration="1"/>
    <step time="44700.00" loaded="24534" inserted="24491" running="57" waiting="43" ended="24434" arrived="24434" collisions="0" teleports="0" halting="13" stopped="0" meanWaitingTime="41.35" meanTravelTime="118.85" meanSpeed="4.76" meanSpeedRelative="0.34" duration="1"/>
    <step time="45000.00" loaded="24638" inserted="24594" running="48" waiting="44" ended="24546" arrived="24546" collisions="0" teleports="0" halting="7" stopped="0" meanWaitingTime="41.68" meanTravelTime="119.07" meanSpeed="5.85" meanSpeedRelative="0.42" duration="2"/>
    <step time="45300.00" loaded="24725" inserted="24701" running="68" waiting="24" ended="24633" arrived="24633" collisions="0" teleports="0" halting="16" stopped="0" meanWaitingTime="41.96" meanTravelTime="119.23" meanSpeed="3.82" meanSpeedRelative="0.28" duration="2"/>
    <step time="45600.00" loaded="24807" inserted="24780" running="41" waiting="27" ended="24739" arrived="24739" collisions="0" teleports="0" halting="29" stopped="0" meanWaitingTime="42.06" meanTravelTime="119.47" meanSpeed="2.97" meanSpeedRelative="0.21" duration="2"/>
    <step time="45900.00" loaded="24893" inserted="24847" running="41" waiting="46" ended="24806" arrived="24806" collisions="0" teleports="0" halting="39" stopped="0" meanWaitingTime="42.25" meanTravelTime="119.51" meanSpeed="0.52" meanSpeedRelative="0.04" duration="2"/>
    <step time="46200.00" loaded="24973" inserted="24926" running="55" waiting="47" ended="24871" arrived="24871" collisions="0" teleports="0" halting="50" stopped="0" meanWaitingTime="42.48" meanTravelTime="119.35" meanSpeed="0.60" meanSpeedRelative="0.04" duration="1"/>
    <step time="46500.00" loaded="25021" inserted="25021" running="88" waiting="0" ended="24933" arrived="24933" collisions="0" teleports="0" halting="81" stopped="0" meanWaitingTime="42.82" meanTravelTime="119.21" meanSpeed="0.41" meanSpeedRelative="0.03" duration="2"/>
    <step time="46800.00" loaded="25041" inserted="25041" running="88" waiting="0" ended="24953" arrived="24953" collisions="0" teleports="0" halting="86" stopped="0" meanWaitingTime="42.79" meanTravelTime="119.16" meanSpeed="0.21" meanSpeedRelative="0.01" duration="3"/>
    <step time="47100.00" loaded="25059" inserted="25059" running="83" waiting="0" ended="24976" arrived="24976" collisions="0" teleports="0" halting="80" stopped="0" meanWaitingTime="42.76" meanTravelTime="119.08" meanSpeed="0.22" meanSpeedRelative="0.02" duration="3"/>
    <step time="47400.00" loaded="25075" inserted="25075" running="82" waiting="0" ended="24993" arrived="24993" collisions="0" teleports="0" halting="82" stopped="0" meanWaitingTime="42.73" meanTravelTime="119.03" meanSpeed="0.00" meanSpeedRelative="0.00" duration="1"/>
    <step time="47700.00" loaded="25089" inserted="25089" running="83" waiting="0" ended="25006" arrived="25006" collisions="0" teleports="0" halting="83" stopped="0" meanWaitingTime="42.70" meanTravelTime="118.99" meanSpeed="0.00" meanSpeedRelative="0.00" duration="2"/>
    <step time="48000.00" loaded="25102" inserted="25102" running="85" waiting="0" ended="25017" arrived="25017" collisions="0" teleports="0" halting="83" stopped="0" meanWaitingTime="42.68" meanTravelTime="118.96" meanSpeed="0.17" meanSpeedRelative="0.01" duration="2"/>
    <step time="48300.00" loaded="25116" inserted="25116" running="84" waiting="0" ended="25032" arrived="25032" collisions="0" teleports="0" halting="83" stopped="0" meanWaitingTime="42.66" meanTravelTime="118.91" meanSpeed="0.04" meanSpeedRelative="0.00" duration="2"/>
    <step time="48600.00" loaded="25132" inserted="25132" running="85" waiting="0" ended="25047" arrived="25047" collisions="0" teleports="0" halting="83" stopped="0" meanWaitingTime="42.63" meanTravelTime="118.85" meanSpeed="0.17" meanSpeedRelative="0.01" duration="2"/>
    <step time="48900.00" loaded="25147" inserted="25147" running="89" waiting="0" ended="25058" arrived="25058" collisions="0" teleports="0" halting="87" stopped="0" meanWaitingTime="42.61" meanTravelTime="118.81" meanSpeed="0.07" meanSpeedRelative="0.01" duration="2"/>
    <step time="49200.00" loaded="25156" inserted="25156" running="83" waiting="0" ended="25073" arrived="25073" collisions="0" teleports="0" halting="83" stopped="0" meanWaitingTime="42.59" meanTravelTime="118.78" meanSpeed="0.00" meanSpeedRelative="0.00" duration="2"/>
</summary>
