<?xml version="1.0" encoding="UTF-8"?>

<!-- generated on 2025-02-25 15:30:07 by Eclipse SUMO GUI Version 1.19.0
<configuration xmlns:xsi="http://www.w3.org/2001/XMLSchema-instance" xsi:noNamespaceSchemaLocation="http://sumo.dlr.de/xsd/sumoConfiguration.xsd">

    <input>
        <net-file value="Network.net.xml"/>
        <route-files value="CarRoutes.rou.xml"/>
        <additional-files value="Sensors.add.xml"/>
    </input>

    <output>
        <emission-output value="logs/Emissions.xml"/>
        <summary-output value="logs/Log_summary.xml"/>
        <summary-output.period value="300"/>
        <tripinfo-output value="logs/TripInfos.xml"/>
    </output>

    <time>
        <begin value="0"/>
        <end value="86400"/>
        <step-length value="0.25"/>
    </time>

    <processing>
        <ignore-junction-blocker value="0.1"/>
        <time-to-teleport value="-1"/>
    </processing>

    <report>
        <verbose value="true"/>
        <no-step-log value="true"/>
    </report>

    <emissions>
        <device.emissions.period value="10"/>
    </emissions>

    <traci_server>
        <remote-port value="57667"/>
    </traci_server>

    <gui_only>
        <quit-on-end value="true"/>
        <start value="true"/>
    </gui_only>

</configuration>
-->

<instantE1 xmlns:xsi="http://www.w3.org/2001/XMLSchema-instance" xsi:noNamespaceSchemaLocation="http://sumo.dlr.de/xsd/instant_e1_file.xsd">
    <instantOut id="235_D025" time="420.93" state="enter" vehID="Car_226" speed="9.78" length="5.00" type="DEFAULT_CAR"/>
    <instantOut id="235_D025" time="421.00" state="stay" vehID="Car_226" speed="9.78" length="5.00" type="DEFAULT_CAR"/>
    <instantOut id="235_D025" time="421.25" state="stay" vehID="Car_226" speed="9.24" length="5.00" type="DEFAULT_CAR"/>
    <instantOut id="235_D025" time="421.49" state="leave" vehID="Car_226" speed="8.49" length="5.00" type="DEFAULT_CAR" occupancy="0.56"/>
    <instantOut id="235_D025" time="1880.98" state="enter" vehID="Car_1103" speed="9.23" length="5.00" type="DEFAULT_CAR" gap="1459.49"/>
    <instantOut id="235_D025" time="1881.00" state="stay" vehID="Car_1103" speed="9.23" length="5.00" type="DEFAULT_CAR"/>
    <instantOut id="235_D025" time="1881.25" state="stay" vehID="Car_1103" speed="8.48" length="5.00" type="DEFAULT_CAR"/>
    <instantOut id="235_D025" time="1881.50" state="stay" vehID="Car_1103" speed="7.73" length="5.00" type="DEFAULT_CAR"/>
    <instantOut id="235_D025" time="1881.61" state="leave" vehID="Car_1103" speed="6.98" length="5.00" type="DEFAULT_CAR" occupancy="0.63"/>
    <instantOut id="235_D025" time="3167.49" state="enter" vehID="Car_1525" speed="9.33" length="5.00" type="DEFAULT_CAR" gap="1285.88"/>
    <instantOut id="235_D025" time="3167.50" state="stay" vehID="Car_1525" speed="9.33" length="5.00" type="DEFAULT_CAR"/>
    <instantOut id="235_D025" time="3167.75" state="stay" vehID="Car_1525" speed="9.79" length="5.00" type="DEFAULT_CAR"/>
    <instantOut id="235_D025" time="3168.00" state="stay" vehID="Car_1525" speed="9.12" length="5.00" type="DEFAULT_CAR"/>
    <instantOut id="235_D025" time="3168.02" state="leave" vehID="Car_1525" speed="8.50" length="5.00" type="DEFAULT_CAR" occupancy="0.53"/>
    <instantOut id="235_D025" time="4141.72" state="enter" vehID="Car_2086" speed="9.43" length="5.00" type="DEFAULT_CAR" gap="973.70"/>
    <instantOut id="235_D025" time="4141.75" state="stay" vehID="Car_2086" speed="9.43" length="5.00" type="DEFAULT_CAR"/>
    <instantOut id="235_D025" time="4142.00" state="stay" vehID="Car_2086" speed="9.72" length="5.00" type="DEFAULT_CAR"/>
    <instantOut id="235_D025" time="4142.25" state="stay" vehID="Car_2086" speed="8.97" length="5.00" type="DEFAULT_CAR"/>
    <instantOut id="235_D025" time="4142.25" state="leave" vehID="Car_2086" speed="8.27" length="5.00" type="DEFAULT_CAR" occupancy="0.54"/>
    <instantOut id="235_D025" time="7356.20" state="enter" vehID="Car_4248" speed="10.10" length="5.00" type="DEFAULT_CAR" gap="3213.94"/>
    <instantOut id="235_D025" time="7356.25" state="stay" vehID="Car_4248" speed="10.10" length="5.00" type="DEFAULT_CAR"/>
    <instantOut id="235_D025" time="7356.50" state="stay" vehID="Car_4248" speed="11.00" length="5.00" type="DEFAULT_CAR"/>
    <instantOut id="235_D025" time="7356.66" state="leave" vehID="Car_4248" speed="10.50" length="5.00" type="DEFAULT_CAR" occupancy="0.47"/>
    <instantOut id="235_D025" time="8823.63" state="enter" vehID="Car_4480" speed="10.08" length="5.00" type="DEFAULT_CAR" gap="1466.96"/>
    <instantOut id="235_D025" time="8823.75" state="stay" vehID="Car_4480" speed="10.08" length="5.00" type="DEFAULT_CAR"/>
    <instantOut id="235_D025" time="8824.00" state="stay" vehID="Car_4480" speed="9.36" length="5.00" type="DEFAULT_CAR"/>
    <instantOut id="235_D025" time="8824.16" state="leave" vehID="Car_4480" speed="8.61" length="5.00" type="DEFAULT_CAR" occupancy="0.54"/>
    <instantOut id="235_D025" time="9286.00" state="enter" vehID="Car_4901" speed="9.51" length="5.00" type="DEFAULT_CAR" gap="461.83"/>
    <instantOut id="235_D025" time="9286.00" state="stay" vehID="Car_4901" speed="9.51" length="5.00" type="DEFAULT_CAR"/>
    <instantOut id="235_D025" time="9286.25" state="stay" vehID="Car_4901" speed="10.40" length="5.00" type="DEFAULT_CAR"/>
    <instantOut id="235_D025" time="9286.49" state="leave" vehID="Car_4901" speed="9.65" length="5.00" type="DEFAULT_CAR" occupancy="0.50"/>
    <instantOut id="235_D025" time="9289.76" state="enter" vehID="Car_4905" speed="8.18" length="5.00" type="DEFAULT_CAR" gap="3.27"/>
    <instantOut id="235_D025" time="9290.00" state="stay" vehID="Car_4905" speed="8.18" length="5.00" type="DEFAULT_CAR"/>
    <instantOut id="235_D025" time="9290.25" state="stay" vehID="Car_4905" speed="7.82" length="5.00" type="DEFAULT_CAR"/>
    <instantOut id="235_D025" time="9290.39" state="leave" vehID="Car_4905" speed="7.51" length="5.00" type="DEFAULT_CAR" occupancy="0.63"/>
    <instantOut id="235_D025" time="10533.25" state="enter" vehID="Car_5418" speed="7.83" length="5.00" type="DEFAULT_CAR" gap="1242.86"/>
    <instantOut id="235_D025" time="10533.50" state="stay" vehID="Car_5418" speed="7.83" length="5.00" type="DEFAULT_CAR"/>
    <instantOut id="235_D025" time="10533.75" state="stay" vehID="Car_5418" speed="7.28" length="5.00" type="DEFAULT_CAR"/>
    <instantOut id="235_D025" time="10533.94" state="leave" vehID="Car_5418" speed="6.53" length="5.00" type="DEFAULT_CAR" occupancy="0.69"/>
    <instantOut id="235_D025" time="13434.00" state="enter" vehID="Car_7720" speed="9.76" length="5.00" type="DEFAULT_CAR" gap="2900.06"/>
    <instantOut id="235_D025" time="13434.25" state="stay" vehID="Car_7720" speed="9.76" length="5.00" type="DEFAULT_CAR"/>
    <instantOut id="235_D025" time="13434.50" state="stay" vehID="Car_7720" speed="10.11" length="5.00" type="DEFAULT_CAR"/>
    <instantOut id="235_D025" time="13434.50" state="leave" vehID="Car_7720" speed="9.36" length="5.00" type="DEFAULT_CAR" occupancy="0.50"/>
    <instantOut id="235_D025" time="16660.34" state="enter" vehID="Car_9230" speed="9.69" length="5.00" type="DEFAULT_CAR" gap="3225.84"/>
    <instantOut id="235_D025" time="16660.50" state="stay" vehID="Car_9230" speed="9.69" length="5.00" type="DEFAULT_CAR"/>
    <instantOut id="235_D025" time="16660.75" state="stay" vehID="Car_9230" speed="8.94" length="5.00" type="DEFAULT_CAR"/>
    <instantOut id="235_D025" time="16660.90" state="leave" vehID="Car_9230" speed="8.19" length="5.00" type="DEFAULT_CAR" occupancy="0.56"/>
    <instantOut id="235_D025" time="20569.22" state="enter" vehID="Car_11100" speed="8.78" length="5.00" type="DEFAULT_CAR" gap="3908.32"/>
    <instantOut id="235_D025" time="20569.25" state="stay" vehID="Car_11100" speed="8.78" length="5.00" type="DEFAULT_CAR"/>
    <instantOut id="235_D025" time="20569.50" state="stay" vehID="Car_11100" speed="8.08" length="5.00" type="DEFAULT_CAR"/>
    <instantOut id="235_D025" time="20569.75" state="stay" vehID="Car_11100" speed="7.44" length="5.00" type="DEFAULT_CAR"/>
    <instantOut id="235_D025" time="20569.88" state="leave" vehID="Car_11100" speed="6.69" length="5.00" type="DEFAULT_CAR" occupancy="0.66"/>
    <instantOut id="235_D025" time="20722.47" state="enter" vehID="Car_12131" speed="8.30" length="5.00" type="DEFAULT_CAR" gap="152.59"/>
    <instantOut id="235_D025" time="20722.50" state="stay" vehID="Car_12131" speed="8.30" length="5.00" type="DEFAULT_CAR"/>
    <instantOut id="235_D025" time="20722.75" state="stay" vehID="Car_12131" speed="9.19" length="5.00" type="DEFAULT_CAR"/>
    <instantOut id="235_D025" time="20723.00" state="stay" vehID="Car_12131" speed="8.44" length="5.00" type="DEFAULT_CAR"/>
    <instantOut id="235_D025" time="20723.04" state="leave" vehID="Car_12131" speed="7.70" length="5.00" type="DEFAULT_CAR" occupancy="0.57"/>
    <instantOut id="235_D025" time="21946.23" state="enter" vehID="Car_12748" speed="8.72" length="5.00" type="DEFAULT_CAR" gap="1223.19"/>
    <instantOut id="235_D025" time="21946.25" state="stay" vehID="Car_12748" speed="8.72" length="5.00" type="DEFAULT_CAR"/>
    <instantOut id="235_D025" time="21946.50" state="stay" vehID="Car_12748" speed="7.97" length="5.00" type="DEFAULT_CAR"/>
    <instantOut id="235_D025" time="21946.75" state="stay" vehID="Car_12748" speed="7.22" length="5.00" type="DEFAULT_CAR"/>
    <instantOut id="235_D025" time="21946.92" state="leave" vehID="Car_12748" speed="6.47" length="5.00" type="DEFAULT_CAR" occupancy="0.68"/>
    <instantOut id="235_D025" time="23606.97" state="enter" vehID="Car_13324" speed="9.24" length="5.00" type="DEFAULT_CAR" gap="1660.05"/>
    <instantOut id="235_D025" time="23607.00" state="stay" vehID="Car_13324" speed="9.24" length="5.00" type="DEFAULT_CAR"/>
    <instantOut id="235_D025" time="23607.25" state="stay" vehID="Car_13324" speed="10.05" length="5.00" type="DEFAULT_CAR"/>
    <instantOut id="235_D025" time="23607.46" state="leave" vehID="Car_13324" speed="10.56" length="5.00" type="DEFAULT_CAR" occupancy="0.49"/>
    <instantOut id="235_D025" time="24748.24" state="enter" vehID="Car_14520" speed="8.61" length="5.00" type="DEFAULT_CAR" gap="1140.78"/>
    <instantOut id="235_D025" time="24748.25" state="stay" vehID="Car_14520" speed="8.61" length="5.00" type="DEFAULT_CAR"/>
    <instantOut id="235_D025" time="24748.50" state="stay" vehID="Car_14520" speed="7.96" length="5.00" type="DEFAULT_CAR"/>
    <instantOut id="235_D025" time="24748.75" state="stay" vehID="Car_14520" speed="7.21" length="5.00" type="DEFAULT_CAR"/>
    <instantOut id="235_D025" time="24748.92" state="leave" vehID="Car_14520" speed="6.46" length="5.00" type="DEFAULT_CAR" occupancy="0.68"/>
    <instantOut id="235_D025" time="26655.98" state="enter" vehID="Car_15652" speed="8.37" length="5.00" type="DEFAULT_CAR" gap="1907.06"/>
    <instantOut id="235_D025" time="26656.00" state="stay" vehID="Car_15652" speed="8.37" length="5.00" type="DEFAULT_CAR"/>
    <instantOut id="235_D025" time="26656.25" state="stay" vehID="Car_15652" speed="7.69" length="5.00" type="DEFAULT_CAR"/>
    <instantOut id="235_D025" time="26656.50" state="stay" vehID="Car_15652" speed="6.94" length="5.00" type="DEFAULT_CAR"/>
    <instantOut id="235_D025" time="26656.69" state="leave" vehID="Car_15652" speed="6.19" length="5.00" type="DEFAULT_CAR" occupancy="0.71"/>
    <instantOut id="235_D025" time="27568.97" state="enter" vehID="Car_16300" speed="8.58" length="5.00" type="DEFAULT_CAR" gap="912.29"/>
    <instantOut id="235_D025" time="27569.00" state="stay" vehID="Car_16300" speed="8.58" length="5.00" type="DEFAULT_CAR"/>
    <instantOut id="235_D025" time="27569.25" state="stay" vehID="Car_16300" speed="8.02" length="5.00" type="DEFAULT_CAR"/>
    <instantOut id="235_D025" time="27569.50" state="stay" vehID="Car_16300" speed="7.27" length="5.00" type="DEFAULT_CAR"/>
    <instantOut id="235_D025" time="27569.64" state="leave" vehID="Car_16300" speed="6.95" length="5.00" type="DEFAULT_CAR" occupancy="0.66"/>
    <instantOut id="235_D025" time="30021.19" state="enter" vehID="Car_17925" speed="8.47" length="5.00" type="DEFAULT_CAR" gap="2451.55"/>
    <instantOut id="235_D025" time="30021.25" state="stay" vehID="Car_17925" speed="8.47" length="5.00" type="DEFAULT_CAR"/>
    <instantOut id="235_D025" time="30021.50" state="stay" vehID="Car_17925" speed="7.72" length="5.00" type="DEFAULT_CAR"/>
    <instantOut id="235_D025" time="30021.75" state="stay" vehID="Car_17925" speed="6.97" length="5.00" type="DEFAULT_CAR"/>
    <instantOut id="235_D025" time="30021.88" state="leave" vehID="Car_17925" speed="6.44" length="5.00" type="DEFAULT_CAR" occupancy="0.69"/>
    <instantOut id="235_D025" time="30069.26" state="enter" vehID="Car_18106" speed="8.28" length="5.00" type="DEFAULT_CAR" gap="47.38"/>
    <instantOut id="235_D025" time="30069.50" state="stay" vehID="Car_18106" speed="8.28" length="5.00" type="DEFAULT_CAR"/>
    <instantOut id="235_D025" time="30069.75" state="stay" vehID="Car_18106" speed="7.53" length="5.00" type="DEFAULT_CAR"/>
    <instantOut id="235_D025" time="30069.91" state="leave" vehID="Car_18106" speed="6.78" length="5.00" type="DEFAULT_CAR" occupancy="0.66"/>
    <instantOut id="235_D025" time="30351.10" state="enter" vehID="Car_18105" speed="7.51" length="5.00" type="DEFAULT_CAR" gap="281.19"/>
    <instantOut id="235_D025" time="30351.25" state="stay" vehID="Car_18105" speed="7.51" length="5.00" type="DEFAULT_CAR"/>
    <instantOut id="235_D025" time="30351.50" state="stay" vehID="Car_18105" speed="6.76" length="5.00" type="DEFAULT_CAR"/>
    <instantOut id="235_D025" time="30351.75" state="stay" vehID="Car_18105" speed="6.01" length="5.00" type="DEFAULT_CAR"/>
    <instantOut id="235_D025" time="30351.88" state="leave" vehID="Car_18105" speed="5.31" length="5.00" type="DEFAULT_CAR" occupancy="0.78"/>
    <instantOut id="235_D025" time="31244.71" state="enter" vehID="Car_18638" speed="9.23" length="5.00" type="DEFAULT_CAR" gap="892.83"/>
    <instantOut id="235_D025" time="31244.75" state="stay" vehID="Car_18638" speed="9.23" length="5.00" type="DEFAULT_CAR"/>
    <instantOut id="235_D025" time="31245.00" state="stay" vehID="Car_18638" speed="8.89" length="5.00" type="DEFAULT_CAR"/>
    <instantOut id="235_D025" time="31245.25" state="stay" vehID="Car_18638" speed="8.14" length="5.00" type="DEFAULT_CAR"/>
    <instantOut id="235_D025" time="31245.30" state="leave" vehID="Car_18638" speed="7.39" length="5.00" type="DEFAULT_CAR" occupancy="0.59"/>
    <instantOut id="235_D025" time="32151.99" state="enter" vehID="Car_18998" speed="8.74" length="5.00" type="DEFAULT_CAR" gap="906.69"/>
    <instantOut id="235_D025" time="32152.00" state="stay" vehID="Car_18998" speed="8.74" length="5.00" type="DEFAULT_CAR"/>
    <instantOut id="235_D025" time="32152.25" state="stay" vehID="Car_18998" speed="8.37" length="5.00" type="DEFAULT_CAR"/>
    <instantOut id="235_D025" time="32152.50" state="stay" vehID="Car_18998" speed="7.62" length="5.00" type="DEFAULT_CAR"/>
    <instantOut id="235_D025" time="32152.64" state="leave" vehID="Car_18998" speed="6.90" length="5.00" type="DEFAULT_CAR" occupancy="0.64"/>
    <instantOut id="235_D025" time="32466.54" state="enter" vehID="Car_19405" speed="7.14" length="5.00" type="DEFAULT_CAR" gap="313.90"/>
    <instantOut id="235_D025" time="32466.75" state="stay" vehID="Car_19405" speed="7.14" length="5.00" type="DEFAULT_CAR"/>
    <instantOut id="235_D025" time="32467.00" state="stay" vehID="Car_19405" speed="6.39" length="5.00" type="DEFAULT_CAR"/>
    <instantOut id="235_D025" time="32467.25" state="stay" vehID="Car_19405" speed="5.64" length="5.00" type="DEFAULT_CAR"/>
    <instantOut id="235_D025" time="32467.35" state="leave" vehID="Car_19405" speed="4.89" length="5.00" type="DEFAULT_CAR" occupancy="0.81"/>
    <instantOut id="235_D025" time="34270.47" state="enter" vehID="Car_20439" speed="9.72" length="5.00" type="DEFAULT_CAR" gap="1803.12"/>
    <instantOut id="235_D025" time="34270.50" state="stay" vehID="Car_20439" speed="9.72" length="5.00" type="DEFAULT_CAR"/>
    <instantOut id="235_D025" time="34270.75" state="stay" vehID="Car_20439" speed="10.55" length="5.00" type="DEFAULT_CAR"/>
    <instantOut id="235_D025" time="34270.96" state="leave" vehID="Car_20439" speed="10.03" length="5.00" type="DEFAULT_CAR" occupancy="0.49"/>
    <instantOut id="235_D025" time="34273.96" state="enter" vehID="Car_20456" speed="8.95" length="5.00" type="DEFAULT_CAR" gap="3.00"/>
    <instantOut id="235_D025" time="34274.00" state="stay" vehID="Car_20456" speed="8.95" length="5.00" type="DEFAULT_CAR"/>
    <instantOut id="235_D025" time="34274.25" state="stay" vehID="Car_20456" speed="8.20" length="5.00" type="DEFAULT_CAR"/>
    <instantOut id="235_D025" time="34274.50" state="stay" vehID="Car_20456" speed="7.50" length="5.00" type="DEFAULT_CAR"/>
    <instantOut id="235_D025" time="34274.61" state="leave" vehID="Car_20456" speed="6.75" length="5.00" type="DEFAULT_CAR" occupancy="0.65"/>
    <instantOut id="235_D025" time="34971.70" state="enter" vehID="Car_21235" speed="9.58" length="5.00" type="DEFAULT_CAR" gap="697.10"/>
    <instantOut id="235_D025" time="34971.75" state="stay" vehID="Car_21235" speed="9.58" length="5.00" type="DEFAULT_CAR"/>
    <instantOut id="235_D025" time="34972.00" state="stay" vehID="Car_21235" speed="10.42" length="5.00" type="DEFAULT_CAR"/>
    <instantOut id="235_D025" time="34972.20" state="leave" vehID="Car_21235" speed="10.02" length="5.00" type="DEFAULT_CAR" occupancy="0.49"/>
    <instantOut id="235_D025" time="36586.00" state="enter" vehID="Car_21645" speed="6.79" length="5.00" type="DEFAULT_CAR" gap="1613.80"/>
    <instantOut id="235_D025" time="36586.00" state="stay" vehID="Car_21645" speed="6.79" length="5.00" type="DEFAULT_CAR"/>
    <instantOut id="235_D025" time="36586.25" state="stay" vehID="Car_21645" speed="6.54" length="5.00" type="DEFAULT_CAR"/>
    <instantOut id="235_D025" time="36586.50" state="stay" vehID="Car_21645" speed="6.05" length="5.00" type="DEFAULT_CAR"/>
    <instantOut id="235_D025" time="36586.75" state="stay" vehID="Car_21645" speed="5.41" length="5.00" type="DEFAULT_CAR"/>
    <instantOut id="235_D025" time="36586.85" state="leave" vehID="Car_21645" speed="4.66" length="5.00" type="DEFAULT_CAR" occupancy="0.86"/>
    <instantOut id="235_D025" time="40209.90" state="enter" vehID="Car_22876" speed="7.39" length="5.00" type="DEFAULT_CAR" gap="3623.05"/>
    <instantOut id="235_D025" time="40210.00" state="stay" vehID="Car_22876" speed="7.39" length="5.00" type="DEFAULT_CAR"/>
    <instantOut id="235_D025" time="40210.25" state="stay" vehID="Car_22876" speed="8.01" length="5.00" type="DEFAULT_CAR"/>
    <instantOut id="235_D025" time="40210.50" state="stay" vehID="Car_22876" speed="8.00" length="5.00" type="DEFAULT_CAR"/>
    <instantOut id="235_D025" time="40210.53" state="leave" vehID="Car_22876" speed="7.41" length="5.00" type="DEFAULT_CAR" occupancy="0.63"/>
    <instantOut id="235_D025" time="40791.54" state="enter" vehID="Car_23470" speed="12.54" length="5.00" type="DEFAULT_CAR" gap="581.01"/>
    <instantOut id="235_D025" time="40791.75" state="stay" vehID="Car_23470" speed="12.54" length="5.00" type="DEFAULT_CAR"/>
    <instantOut id="235_D025" time="40791.95" state="leave" vehID="Car_23470" speed="11.82" length="5.00" type="DEFAULT_CAR" occupancy="0.41"/>
</instantE1>
