<?xml version="1.0" encoding="UTF-8"?>

<!-- generated on 2025-02-28 19:08:19 by Eclipse SUMO GUI Version 1.19.0
<configuration xmlns:xsi="http://www.w3.org/2001/XMLSchema-instance" xsi:noNamespaceSchemaLocation="http://sumo.dlr.de/xsd/sumoConfiguration.xsd">

    <input>
        <net-file value="Network.net.xml"/>
        <route-files value="CarRoutes.rou.xml"/>
        <additional-files value="Sensors.add.xml"/>
    </input>

    <output>
        <emission-output value="logs/Emissions.xml"/>
        <summary-output value="logs/Log_summary.xml"/>
        <summary-output.period value="300"/>
        <tripinfo-output value="logs/TripInfos.xml"/>
    </output>

    <time>
        <begin value="0"/>
        <end value="86400"/>
        <step-length value="0.25"/>
    </time>

    <processing>
        <ignore-junction-blocker value="0.1"/>
        <time-to-teleport value="-1"/>
    </processing>

    <report>
        <verbose value="true"/>
        <no-step-log value="true"/>
    </report>

    <emissions>
        <device.emissions.period value="10"/>
    </emissions>

    <traci_server>
        <remote-port value="59179"/>
    </traci_server>

    <gui_only>
        <quit-on-end value="true"/>
        <start value="true"/>
    </gui_only>

</configuration>
-->

<summary xmlns:xsi="http://www.w3.org/2001/XMLSchema-instance" xsi:noNamespaceSchemaLocation="http://sumo.dlr.de/xsd/summary_file.xsd">
    <step time="0.00" loaded="0" inserted="0" running="0" waiting="0" ended="0" arrived="0" collisions="0" teleports="0" halting="0" stopped="0" meanWaitingTime="-1.00" meanTravelTime="-1.00" meanSpeed="-1.00" meanSpeedRelative="-1.00" duration="0"/>
    <step time="300.00" loaded="213" inserted="200" running="91" waiting="13" ended="109" arrived="109" collisions="0" teleports="0" halting="47" stopped="0" meanWaitingTime="13.71" meanTravelTime="71.62" meanSpeed="3.01" meanSpeedRelative="0.22" duration="3"/>
    <step time="600.00" loaded="371" inserted="359" running="65" waiting="12" ended="294" arrived="294" collisions="0" teleports="0" halting="32" stopped="0" meanWaitingTime="17.36" meanTravelTime="110.14" meanSpeed="4.16" meanSpeedRelative="0.32" duration="2"/>
    <step time="900.00" loaded="528" inserted="518" running="45" waiting="10" ended="473" arrived="473" collisions="0" teleports="0" halting="16" stopped="0" meanWaitingTime="15.40" meanTravelTime="106.36" meanSpeed="5.30" meanSpeedRelative="0.38" duration="2"/>
    <step time="1200.00" loaded="700" inserted="685" running="71" waiting="15" ended="614" arrived="614" collisions="0" teleports="0" halting="7" stopped="0" meanWaitingTime="18.01" meanTravelTime="103.68" meanSpeed="6.18" meanSpeedRelative="0.44" duration="3"/>
    <step time="1500.00" loaded="865" inserted="845" running="76" waiting="20" ended="769" arrived="769" collisions="0" teleports="0" halting="24" stopped="0" meanWaitingTime="18.66" meanTravelTime="109.63" meanSpeed="3.96" meanSpeedRelative="0.28" duration="3"/>
    <step time="1800.00" loaded="1026" inserted="1007" running="58" waiting="19" ended="949" arrived="949" collisions="0" teleports="0" halting="23" stopped="0" meanWaitingTime="21.47" meanTravelTime="114.94" meanSpeed="3.48" meanSpeedRelative="0.25" duration="2"/>
    <step time="2100.00" loaded="1186" inserted="1171" running="71" waiting="15" ended="1100" arrived="1100" collisions="0" teleports="0" halting="44" stopped="0" meanWaitingTime="20.12" meanTravelTime="114.19" meanSpeed="3.35" meanSpeedRelative="0.24" duration="1"/>
    <step time="2400.00" loaded="1331" inserted="1315" running="40" waiting="16" ended="1275" arrived="1275" collisions="0" teleports="0" halting="18" stopped="0" meanWaitingTime="19.91" meanTravelTime="115.93" meanSpeed="3.95" meanSpeedRelative="0.28" duration="2"/>
    <step time="2700.00" loaded="1474" inserted="1471" running="43" waiting="3" ended="1428" arrived="1428" collisions="0" teleports="0" halting="12" stopped="0" meanWaitingTime="19.78" meanTravelTime="113.81" meanSpeed="6.84" meanSpeedRelative="0.49" duration="2"/>
    <step time="3000.00" loaded="1632" inserted="1625" running="47" waiting="7" ended="1578" arrived="1578" collisions="0" teleports="0" halting="23" stopped="0" meanWaitingTime="18.49" meanTravelTime="111.16" meanSpeed="4.59" meanSpeedRelative="0.33" duration="1"/>
    <step time="3300.00" loaded="1802" inserted="1787" running="52" waiting="15" ended="1735" arrived="1735" collisions="0" teleports="0" halting="12" stopped="0" meanWaitingTime="18.57" meanTravelTime="110.39" meanSpeed="6.76" meanSpeedRelative="0.49" duration="1"/>
    <step time="3600.00" loaded="1935" inserted="1935" running="40" waiting="0" ended="1895" arrived="1895" collisions="0" teleports="0" halting="15" stopped="0" meanWaitingTime="18.25" meanTravelTime="109.18" meanSpeed="5.84" meanSpeedRelative="0.42" duration="1"/>
    <step time="3900.00" loaded="2098" inserted="2098" running="64" waiting="0" ended="2034" arrived="2034" collisions="0" teleports="0" halting="38" stopped="0" meanWaitingTime="16.95" meanTravelTime="107.99" meanSpeed="3.09" meanSpeedRelative="0.22" duration="2"/>
    <step time="4200.00" loaded="2227" inserted="2227" running="43" waiting="0" ended="2184" arrived="2184" collisions="0" teleports="0" halting="10" stopped="0" meanWaitingTime="17.06" meanTravelTime="108.46" meanSpeed="6.32" meanSpeedRelative="0.45" duration="1"/>
    <step time="4500.00" loaded="2404" inserted="2403" running="71" waiting="1" ended="2332" arrived="2332" collisions="0" teleports="0" halting="31" stopped="0" meanWaitingTime="16.27" meanTravelTime="107.90" meanSpeed="4.23" meanSpeedRelative="0.30" duration="3"/>
    <step time="4800.00" loaded="2562" inserted="2556" running="45" waiting="6" ended="2511" arrived="2511" collisions="0" teleports="0" halting="17" stopped="0" meanWaitingTime="15.57" meanTravelTime="107.10" meanSpeed="3.88" meanSpeedRelative="0.28" duration="1"/>
    <step time="5100.00" loaded="2729" inserted="2720" running="56" waiting="9" ended="2664" arrived="2664" collisions="0" teleports="0" halting="8" stopped="0" meanWaitingTime="16.26" meanTravelTime="106.14" meanSpeed="5.64" meanSpeedRelative="0.41" duration="2"/>
    <step time="5400.00" loaded="2879" inserted="2877" running="48" waiting="2" ended="2829" arrived="2829" collisions="0" teleports="0" halting="10" stopped="0" meanWaitingTime="15.72" meanTravelTime="106.19" meanSpeed="6.33" meanSpeedRelative="0.46" duration="2"/>
    <step time="5700.00" loaded="3065" inserted="3050" running="84" waiting="15" ended="2966" arrived="2966" collisions="0" teleports="0" halting="29" stopped="0" meanWaitingTime="15.16" meanTravelTime="106.23" meanSpeed="5.03" meanSpeedRelative="0.36" duration="3"/>
    <step time="6000.00" loaded="3191" inserted="3188" running="40" waiting="3" ended="3148" arrived="3148" collisions="0" teleports="0" halting="12" stopped="0" meanWaitingTime="15.21" meanTravelTime="108.30" meanSpeed="5.57" meanSpeedRelative="0.40" duration="2"/>
    <step time="6300.00" loaded="3353" inserted="3336" running="63" waiting="17" ended="3273" arrived="3273" collisions="0" teleports="0" halting="30" stopped="0" meanWaitingTime="15.28" meanTravelTime="108.75" meanSpeed="3.84" meanSpeedRelative="0.28" duration="1"/>
    <step time="6600.00" loaded="3513" inserted="3505" running="47" waiting="8" ended="3458" arrived="3458" collisions="0" teleports="0" halting="12" stopped="0" meanWaitingTime="15.50" meanTravelTime="108.63" meanSpeed="5.25" meanSpeedRelative="0.38" duration="2"/>
    <step time="6900.00" loaded="3698" inserted="3679" running="60" waiting="19" ended="3619" arrived="3619" collisions="0" teleports="0" halting="25" stopped="0" meanWaitingTime="15.61" meanTravelTime="107.87" meanSpeed="3.80" meanSpeedRelative="0.27" duration="1"/>
    <step time="7200.00" loaded="3853" inserted="3830" running="53" waiting="23" ended="3777" arrived="3777" collisions="0" teleports="0" halting="15" stopped="0" meanWaitingTime="16.21" meanTravelTime="107.81" meanSpeed="5.90" meanSpeedRelative="0.42" duration="2"/>
    <step time="7500.00" loaded="4001" inserted="3989" running="46" waiting="12" ended="3943" arrived="3943" collisions="0" teleports="0" halting="19" stopped="0" meanWaitingTime="16.97" meanTravelTime="107.78" meanSpeed="4.39" meanSpeedRelative="0.32" duration="3"/>
    <step time="7800.00" loaded="4155" inserted="4132" running="47" waiting="23" ended="4085" arrived="4085" collisions="0" teleports="0" halting="9" stopped="0" meanWaitingTime="17.45" meanTravelTime="107.31" meanSpeed="5.36" meanSpeedRelative="0.39" duration="2"/>
    <step time="8100.00" loaded="4328" inserted="4313" running="46" waiting="15" ended="4267" arrived="4267" collisions="0" teleports="0" halting="16" stopped="0" meanWaitingTime="18.55" meanTravelTime="106.70" meanSpeed="5.61" meanSpeedRelative="0.40" duration="1"/>
    <step time="8400.00" loaded="4512" inserted="4508" running="65" waiting="4" ended="4443" arrived="4443" collisions="0" teleports="0" halting="18" stopped="0" meanWaitingTime="18.49" meanTravelTime="105.97" meanSpeed="5.54" meanSpeedRelative="0.40" duration="1"/>
    <step time="8700.00" loaded="4683" inserted="4678" running="68" waiting="5" ended="4610" arrived="4610" collisions="0" teleports="0" halting="25" stopped="0" meanWaitingTime="18.26" meanTravelTime="106.17" meanSpeed="5.19" meanSpeedRelative="0.37" duration="2"/>
    <step time="9000.00" loaded="4869" inserted="4852" running="66" waiting="17" ended="4786" arrived="4786" collisions="0" teleports="0" halting="13" stopped="0" meanWaitingTime="18.10" meanTravelTime="106.11" meanSpeed="5.85" meanSpeedRelative="0.42" duration="2"/>
    <step time="9300.00" loaded="5055" inserted="5037" running="61" waiting="18" ended="4976" arrived="4976" collisions="0" teleports="0" halting="24" stopped="0" meanWaitingTime="18.10" meanTravelTime="106.31" meanSpeed="4.34" meanSpeedRelative="0.31" duration="3"/>
    <step time="9600.00" loaded="5224" inserted="5211" running="56" waiting="13" ended="5155" arrived="5155" collisions="0" teleports="0" halting="17" stopped="0" meanWaitingTime="18.56" meanTravelTime="105.91" meanSpeed="6.11" meanSpeedRelative="0.44" duration="2"/>
    <step time="9900.00" loaded="5369" inserted="5364" running="53" waiting="5" ended="5311" arrived="5311" collisions="0" teleports="0" halting="23" stopped="0" meanWaitingTime="18.44" meanTravelTime="105.88" meanSpeed="4.90" meanSpeedRelative="0.35" duration="2"/>
    <step time="10200.00" loaded="5536" inserted="5528" running="50" waiting="8" ended="5478" arrived="5478" collisions="0" teleports="0" halting="6" stopped="0" meanWaitingTime="18.19" meanTravelTime="106.01" meanSpeed="7.28" meanSpeedRelative="0.52" duration="2"/>
    <step time="10500.00" loaded="5715" inserted="5704" running="56" waiting="11" ended="5648" arrived="5648" collisions="0" teleports="0" halting="14" stopped="0" meanWaitingTime="18.02" meanTravelTime="106.04" meanSpeed="5.75" meanSpeedRelative="0.41" duration="3"/>
    <step time="10800.00" loaded="5887" inserted="5881" running="79" waiting="6" ended="5802" arrived="5802" collisions="0" teleports="0" halting="12" stopped="0" meanWaitingTime="18.02" meanTravelTime="106.09" meanSpeed="5.16" meanSpeedRelative="0.37" duration="3"/>
    <step time="11100.00" loaded="6062" inserted="6062" running="75" waiting="0" ended="5987" arrived="5987" collisions="0" teleports="0" halting="34" stopped="0" meanWaitingTime="17.89" meanTravelTime="106.55" meanSpeed="3.94" meanSpeedRelative="0.28" duration="1"/>
    <step time="11400.00" loaded="6234" inserted="6218" running="55" waiting="16" ended="6163" arrived="6163" collisions="0" teleports="0" halting="11" stopped="0" meanWaitingTime="17.71" meanTravelTime="106.63" meanSpeed="6.62" meanSpeedRelative="0.48" duration="2"/>
    <step time="11700.00" loaded="6380" inserted="6372" running="47" waiting="8" ended="6325" arrived="6325" collisions="0" teleports="0" halting="14" stopped="0" meanWaitingTime="17.89" meanTravelTime="106.34" meanSpeed="5.11" meanSpeedRelative="0.37" duration="1"/>
    <step time="12000.00" loaded="6556" inserted="6549" running="58" waiting="7" ended="6491" arrived="6491" collisions="0" teleports="0" halting="20" stopped="0" meanWaitingTime="17.77" meanTravelTime="106.42" meanSpeed="3.97" meanSpeedRelative="0.29" duration="1"/>
    <step time="12300.00" loaded="6725" inserted="6723" running="57" waiting="2" ended="6666" arrived="6666" collisions="0" teleports="0" halting="23" stopped="0" meanWaitingTime="17.65" meanTravelTime="106.49" meanSpeed="5.13" meanSpeedRelative="0.37" duration="1"/>
    <step time="12600.00" loaded="6894" inserted="6871" running="57" waiting="23" ended="6814" arrived="6814" collisions="0" teleports="0" halting="20" stopped="0" meanWaitingTime="17.59" meanTravelTime="106.35" meanSpeed="4.68" meanSpeedRelative="0.34" duration="2"/>
    <step time="12900.00" loaded="7060" inserted="7045" running="55" waiting="15" ended="6990" arrived="6990" collisions="0" teleports="0" halting="19" stopped="0" meanWaitingTime="17.87" meanTravelTime="106.47" meanSpeed="4.19" meanSpeedRelative="0.30" duration="2"/>
    <step time="13200.00" loaded="7237" inserted="7216" running="76" waiting="21" ended="7140" arrived="7140" collisions="0" teleports="0" halting="24" stopped="0" meanWaitingTime="18.03" meanTravelTime="106.18" meanSpeed="4.71" meanSpeedRelative="0.34" duration="1"/>
    <step time="13500.00" loaded="7416" inserted="7408" running="73" waiting="8" ended="7335" arrived="7335" collisions="0" teleports="0" halting="24" stopped="0" meanWaitingTime="18.01" meanTravelTime="106.42" meanSpeed="4.90" meanSpeedRelative="0.35" duration="1"/>
    <step time="13800.00" loaded="7606" inserted="7589" running="72" waiting="17" ended="7517" arrived="7517" collisions="0" teleports="0" halting="20" stopped="0" meanWaitingTime="18.16" meanTravelTime="106.54" meanSpeed="5.11" meanSpeedRelative="0.37" duration="2"/>
    <step time="14100.00" loaded="7765" inserted="7761" running="64" waiting="4" ended="7697" arrived="7697" collisions="0" teleports="0" halting="15" stopped="0" meanWaitingTime="18.24" meanTravelTime="106.98" meanSpeed="5.22" meanSpeedRelative="0.38" duration="1"/>
    <step time="14400.00" loaded="7902" inserted="7892" running="47" waiting="10" ended="7845" arrived="7845" collisions="0" teleports="0" halting="14" stopped="0" meanWaitingTime="18.43" meanTravelTime="107.10" meanSpeed="6.40" meanSpeedRelative="0.46" duration="2"/>
    <step time="14700.00" loaded="8099" inserted="8085" running="59" waiting="14" ended="8026" arrived="8026" collisions="0" teleports="0" halting="11" stopped="0" meanWaitingTime="18.41" meanTravelTime="106.58" meanSpeed="6.27" meanSpeedRelative="0.45" duration="1"/>
    <step time="15000.00" loaded="8259" inserted="8252" running="88" waiting="7" ended="8164" arrived="8164" collisions="0" teleports="0" halting="12" stopped="0" meanWaitingTime="18.25" meanTravelTime="106.82" meanSpeed="6.37" meanSpeedRelative="0.46" duration="1"/>
    <step time="15300.00" loaded="8424" inserted="8390" running="66" waiting="34" ended="8324" arrived="8324" collisions="0" teleports="0" halting="14" stopped="0" meanWaitingTime="18.44" meanTravelTime="107.25" meanSpeed="6.93" meanSpeedRelative="0.50" duration="3"/>
    <step time="15600.00" loaded="8588" inserted="8578" running="75" waiting="10" ended="8503" arrived="8503" collisions="0" teleports="0" halting="17" stopped="0" meanWaitingTime="19.22" meanTravelTime="106.93" meanSpeed="6.06" meanSpeedRelative="0.44" duration="1"/>
    <step time="15900.00" loaded="8781" inserted="8770" running="102" waiting="11" ended="8668" arrived="8668" collisions="0" teleports="0" halting="35" stopped="0" meanWaitingTime="19.54" meanTravelTime="107.09" meanSpeed="3.30" meanSpeedRelative="0.24" duration="4"/>
    <step time="16200.00" loaded="8968" inserted="8935" running="68" waiting="33" ended="8867" arrived="8867" collisions="0" teleports="0" halting="29" stopped="0" meanWaitingTime="19.81" meanTravelTime="107.88" meanSpeed="4.67" meanSpeedRelative="0.34" duration="3"/>
    <step time="16500.00" loaded="9136" inserted="9121" running="72" waiting="15" ended="9049" arrived="9049" collisions="0" teleports="0" halting="22" stopped="0" meanWaitingTime="20.40" meanTravelTime="108.07" meanSpeed="5.83" meanSpeedRelative="0.42" duration="2"/>
    <step time="16800.00" loaded="9322" inserted="9285" running="62" waiting="37" ended="9223" arrived="9223" collisions="0" teleports="0" halting="11" stopped="0" meanWaitingTime="20.71" meanTravelTime="108.20" meanSpeed="5.71" meanSpeedRelative="0.41" duration="1"/>
    <step time="17100.00" loaded="9490" inserted="9460" running="55" waiting="30" ended="9405" arrived="9405" collisions="0" teleports="0" halting="13" stopped="0" meanWaitingTime="21.43" meanTravelTime="108.18" meanSpeed="6.12" meanSpeedRelative="0.44" duration="1"/>
    <step time="17400.00" loaded="9670" inserted="9645" running="88" waiting="25" ended="9557" arrived="9557" collisions="0" teleports="0" halting="34" stopped="0" meanWaitingTime="22.14" meanTravelTime="108.05" meanSpeed="4.62" meanSpeedRelative="0.33" duration="2"/>
    <step time="17700.00" loaded="9845" inserted="9816" running="66" waiting="29" ended="9750" arrived="9750" collisions="0" teleports="0" halting="23" stopped="0" meanWaitingTime="22.56" meanTravelTime="108.32" meanSpeed="4.25" meanSpeedRelative="0.31" duration="2"/>
    <step time="18000.00" loaded="10009" inserted="9987" running="65" waiting="22" ended="9922" arrived="9922" collisions="0" teleports="0" halting="31" stopped="0" meanWaitingTime="23.12" meanTravelTime="108.50" meanSpeed="4.16" meanSpeedRelative="0.30" duration="2"/>
    <step time="18300.00" loaded="10194" inserted="10161" running="49" waiting="33" ended="10112" arrived="10112" collisions="0" teleports="0" halting="22" stopped="0" meanWaitingTime="23.35" meanTravelTime="108.45" meanSpeed="5.16" meanSpeedRelative="0.37" duration="1"/>
    <step time="18600.00" loaded="10352" inserted="10321" running="80" waiting="31" ended="10241" arrived="10241" collisions="0" teleports="0" halting="28" stopped="0" meanWaitingTime="23.96" meanTravelTime="108.36" meanSpeed="5.17" meanSpeedRelative="0.37" duration="2"/>
    <step time="18900.00" loaded="10537" inserted="10503" running="76" waiting="34" ended="10427" arrived="10427" collisions="0" teleports="0" halting="13" stopped="0" meanWaitingTime="24.37" meanTravelTime="108.68" meanSpeed="6.99" meanSpeedRelative="0.51" duration="1"/>
    <step time="19200.00" loaded="10712" inserted="10686" running="58" waiting="26" ended="10628" arrived="10628" collisions="0" teleports="0" halting="29" stopped="0" meanWaitingTime="24.73" meanTravelTime="108.62" meanSpeed="4.53" meanSpeedRelative="0.33" duration="1"/>
    <step time="19500.00" loaded="10919" inserted="10893" running="86" waiting="26" ended="10807" arrived="10807" collisions="0" teleports="0" halting="25" stopped="0" meanWaitingTime="25.04" meanTravelTime="108.63" meanSpeed="4.18" meanSpeedRelative="0.30" duration="1"/>
    <step time="19800.00" loaded="11096" inserted="11061" running="69" waiting="35" ended="10992" arrived="10992" collisions="0" teleports="0" halting="22" stopped="0" meanWaitingTime="25.39" meanTravelTime="108.65" meanSpeed="5.01" meanSpeedRelative="0.36" duration="1"/>
    <step time="20100.00" loaded="11291" inserted="11261" running="78" waiting="30" ended="11183" arrived="11183" collisions="0" teleports="0" halting="19" stopped="0" meanWaitingTime="25.95" meanTravelTime="108.81" meanSpeed="5.12" meanSpeedRelative="0.37" duration="1"/>
    <step time="20400.00" loaded="11462" inserted="11421" running="65" waiting="41" ended="11356" arrived="11356" collisions="0" teleports="0" halting="24" stopped="0" meanWaitingTime="26.47" meanTravelTime="108.84" meanSpeed="4.54" meanSpeedRelative="0.33" duration="2"/>
    <step time="20700.00" loaded="11636" inserted="11591" running="67" waiting="45" ended="11524" arrived="11524" collisions="0" teleports="0" halting="32" stopped="0" meanWaitingTime="27.05" meanTravelTime="108.77" meanSpeed="3.74" meanSpeedRelative="0.27" duration="1"/>
    <step time="21000.00" loaded="11820" inserted="11774" running="65" waiting="46" ended="11709" arrived="11709" collisions="0" teleports="0" halting="36" stopped="0" meanWaitingTime="27.90" meanTravelTime="108.87" meanSpeed="3.65" meanSpeedRelative="0.26" duration="1"/>
    <step time="21300.00" loaded="11982" inserted="11944" running="60" waiting="38" ended="11884" arrived="11884" collisions="0" teleports="0" halting="19" stopped="0" meanWaitingTime="28.71" meanTravelTime="108.80" meanSpeed="6.09" meanSpeedRelative="0.44" duration="1"/>
    <step time="21600.00" loaded="12203" inserted="12171" running="95" waiting="32" ended="12076" arrived="12076" collisions="0" teleports="0" halting="15" stopped="0" meanWaitingTime="29.35" meanTravelTime="108.64" meanSpeed="6.01" meanSpeedRelative="0.43" duration="2"/>
    <step time="21900.00" loaded="12388" inserted="12361" running="77" waiting="27" ended="12284" arrived="12284" collisions="0" teleports="0" halting="27" stopped="0" meanWaitingTime="29.46" meanTravelTime="108.86" meanSpeed="4.27" meanSpeedRelative="0.31" duration="1"/>
    <step time="22200.00" loaded="12578" inserted="12546" running="93" waiting="32" ended="12453" arrived="12453" collisions="0" teleports="0" halting="19" stopped="0" meanWaitingTime="29.72" meanTravelTime="108.68" meanSpeed="4.42" meanSpeedRelative="0.32" duration="2"/>
    <step time="22500.00" loaded="12752" inserted="12702" running="55" waiting="50" ended="12647" arrived="12647" collisions="0" teleports="0" halting="5" stopped="0" meanWaitingTime="29.99" meanTravelTime="109.55" meanSpeed="4.83" meanSpeedRelative="0.35" duration="1"/>
    <step time="22800.00" loaded="12945" inserted="12932" running="115" waiting="13" ended="12817" arrived="12817" collisions="0" teleports="0" halting="80" stopped="0" meanWaitingTime="30.39" meanTravelTime="109.65" meanSpeed="2.10" meanSpeedRelative="0.15" duration="2"/>
    <step time="23100.00" loaded="13131" inserted="13115" running="110" waiting="16" ended="13005" arrived="13005" collisions="0" teleports="0" halting="48" stopped="0" meanWaitingTime="30.41" meanTravelTime="110.55" meanSpeed="3.75" meanSpeedRelative="0.27" duration="3"/>
    <step time="23400.00" loaded="13318" inserted="13308" running="77" waiting="10" ended="13231" arrived="13231" collisions="0" teleports="0" halting="19" stopped="0" meanWaitingTime="30.32" meanTravelTime="111.06" meanSpeed="5.20" meanSpeedRelative="0.37" duration="4"/>
    <step time="23700.00" loaded="13545" inserted="13524" running="73" waiting="21" ended="13451" arrived="13451" collisions="0" teleports="0" halting="37" stopped="0" meanWaitingTime="30.06" meanTravelTime="111.00" meanSpeed="3.04" meanSpeedRelative="0.22" duration="1"/>
    <step time="24000.00" loaded="13724" inserted="13704" running="63" waiting="20" ended="13641" arrived="13641" collisions="0" teleports="0" halting="23" stopped="0" meanWaitingTime="29.98" meanTravelTime="111.02" meanSpeed="4.28" meanSpeedRelative="0.31" duration="1"/>
    <step time="24300.00" loaded="13932" inserted="13908" running="109" waiting="24" ended="13799" arrived="13799" collisions="0" teleports="0" halting="59" stopped="0" meanWaitingTime="30.07" meanTravelTime="110.94" meanSpeed="2.11" meanSpeedRelative="0.15" duration="3"/>
    <step time="24600.00" loaded="14155" inserted="14116" running="112" waiting="39" ended="14004" arrived="14004" collisions="0" teleports="0" halting="64" stopped="0" meanWaitingTime="30.24" meanTravelTime="111.47" meanSpeed="3.07" meanSpeedRelative="0.22" duration="2"/>
    <step time="24900.00" loaded="14368" inserted="14325" running="82" waiting="43" ended="14243" arrived="14243" collisions="0" teleports="0" halting="31" stopped="0" meanWaitingTime="30.63" meanTravelTime="112.23" meanSpeed="4.31" meanSpeedRelative="0.31" duration="2"/>
    <step time="25200.00" loaded="14563" inserted="14520" running="82" waiting="43" ended="14438" arrived="14438" collisions="0" teleports="0" halting="30" stopped="0" meanWaitingTime="30.94" meanTravelTime="112.24" meanSpeed="4.67" meanSpeedRelative="0.34" duration="2"/>
    <step time="25500.00" loaded="14737" inserted="14714" running="63" waiting="23" ended="14651" arrived="14651" collisions="0" teleports="0" halting="29" stopped="0" meanWaitingTime="31.24" meanTravelTime="112.48" meanSpeed="4.66" meanSpeedRelative="0.34" duration="2"/>
    <step time="25800.00" loaded="14969" inserted="14933" running="88" waiting="36" ended="14845" arrived="14845" collisions="0" teleports="0" halting="30" stopped="0" meanWaitingTime="31.38" meanTravelTime="112.37" meanSpeed="3.92" meanSpeedRelative="0.28" duration="2"/>
    <step time="26100.00" loaded="15181" inserted="15152" running="80" waiting="29" ended="15072" arrived="15072" collisions="0" teleports="0" halting="31" stopped="0" meanWaitingTime="31.68" meanTravelTime="112.35" meanSpeed="3.81" meanSpeedRelative="0.27" duration="3"/>
    <step time="26400.00" loaded="15374" inserted="15335" running="72" waiting="39" ended="15263" arrived="15263" collisions="0" teleports="0" halting="40" stopped="0" meanWaitingTime="31.92" meanTravelTime="112.33" meanSpeed="3.29" meanSpeedRelative="0.24" duration="2"/>
    <step time="26700.00" loaded="15591" inserted="15566" running="110" waiting="25" ended="15456" arrived="15456" collisions="0" teleports="0" halting="24" stopped="0" meanWaitingTime="32.34" meanTravelTime="112.06" meanSpeed="4.49" meanSpeedRelative="0.32" duration="3"/>
    <step time="27000.00" loaded="15810" inserted="15770" running="102" waiting="40" ended="15668" arrived="15668" collisions="0" teleports="0" halting="28" stopped="0" meanWaitingTime="32.49" meanTravelTime="112.46" meanSpeed="5.13" meanSpeedRelative="0.37" duration="5"/>
    <step time="27300.00" loaded="16032" inserted="15992" running="82" waiting="40" ended="15910" arrived="15910" collisions="0" teleports="0" halting="44" stopped="0" meanWaitingTime="32.77" meanTravelTime="112.40" meanSpeed="2.68" meanSpeedRelative="0.19" duration="2"/>
    <step time="27600.00" loaded="16231" inserted="16186" running="88" waiting="45" ended="16098" arrived="16098" collisions="0" teleports="0" halting="35" stopped="0" meanWaitingTime="33.01" meanTravelTime="112.43" meanSpeed="3.95" meanSpeedRelative="0.28" duration="2"/>
    <step time="27900.00" loaded="16440" inserted="16406" running="85" waiting="34" ended="16321" arrived="16321" collisions="0" teleports="0" halting="21" stopped="0" meanWaitingTime="33.35" meanTravelTime="112.60" meanSpeed="4.15" meanSpeedRelative="0.30" duration="1"/>
    <step time="28200.00" loaded="16665" inserted="16642" running="71" waiting="23" ended="16571" arrived="16571" collisions="0" teleports="0" halting="22" stopped="0" meanWaitingTime="33.59" meanTravelTime="112.75" meanSpeed="5.26" meanSpeedRelative="0.38" duration="2"/>
    <step time="28500.00" loaded="16863" inserted="16834" running="62" waiting="29" ended="16772" arrived="16772" collisions="0" teleports="0" halting="22" stopped="0" meanWaitingTime="33.67" meanTravelTime="112.76" meanSpeed="5.35" meanSpeedRelative="0.39" duration="2"/>
    <step time="28800.00" loaded="17075" inserted="17042" running="75" waiting="33" ended="16967" arrived="16967" collisions="0" teleports="0" halting="23" stopped="0" meanWaitingTime="33.69" meanTravelTime="112.62" meanSpeed="4.31" meanSpeedRelative="0.31" duration="3"/>
    <step time="29100.00" loaded="17302" inserted="17264" running="97" waiting="38" ended="17167" arrived="17167" collisions="0" teleports="0" halting="36" stopped="0" meanWaitingTime="33.73" meanTravelTime="112.83" meanSpeed="2.86" meanSpeedRelative="0.22" duration="2"/>
    <step time="29400.00" loaded="17504" inserted="17448" running="77" waiting="56" ended="17371" arrived="17371" collisions="0" teleports="0" halting="23" stopped="0" meanWaitingTime="33.96" meanTravelTime="113.13" meanSpeed="5.65" meanSpeedRelative="0.41" duration="2"/>
    <step time="29700.00" loaded="17686" inserted="17627" running="54" waiting="59" ended="17573" arrived="17573" collisions="0" teleports="0" halting="22" stopped="0" meanWaitingTime="34.17" meanTravelTime="113.25" meanSpeed="4.85" meanSpeedRelative="0.35" duration="3"/>
    <step time="30000.00" loaded="17861" inserted="17815" running="74" waiting="46" ended="17741" arrived="17741" collisions="0" teleports="0" halting="20" stopped="0" meanWaitingTime="34.92" meanTravelTime="113.09" meanSpeed="5.17" meanSpeedRelative="0.37" duration="2"/>
    <step time="30300.00" loaded="18059" inserted="18007" running="71" waiting="52" ended="17936" arrived="17936" collisions="0" teleports="0" halting="34" stopped="0" meanWaitingTime="35.49" meanTravelTime="113.29" meanSpeed="3.20" meanSpeedRelative="0.23" duration="1"/>
    <step time="30600.00" loaded="18274" inserted="18230" running="88" waiting="44" ended="18142" arrived="18142" collisions="0" teleports="0" halting="35" stopped="0" meanWaitingTime="35.97" meanTravelTime="113.21" meanSpeed="4.79" meanSpeedRelative="0.35" duration="2"/>
    <step time="30900.00" loaded="18493" inserted="18448" running="103" waiting="45" ended="18345" arrived="18345" collisions="0" teleports="0" halting="53" stopped="0" meanWaitingTime="36.24" meanTravelTime="113.18" meanSpeed="2.67" meanSpeedRelative="0.19" duration="3"/>
    <step time="31200.00" loaded="18667" inserted="18625" running="74" waiting="42" ended="18551" arrived="18551" collisions="0" teleports="0" halting="23" stopped="0" meanWaitingTime="36.34" meanTravelTime="113.56" meanSpeed="3.87" meanSpeedRelative="0.28" duration="3"/>
    <step time="31500.00" loaded="18845" inserted="18802" running="70" waiting="43" ended="18732" arrived="18732" collisions="0" teleports="0" halting="32" stopped="0" meanWaitingTime="36.58" meanTravelTime="113.80" meanSpeed="3.30" meanSpeedRelative="0.24" duration="2"/>
    <step time="31800.00" loaded="19002" inserted="18971" running="72" waiting="31" ended="18899" arrived="18899" collisions="0" teleports="0" halting="20" stopped="0" meanWaitingTime="36.92" meanTravelTime="113.92" meanSpeed="4.79" meanSpeedRelative="0.35" duration="3"/>
    <step time="32100.00" loaded="19183" inserted="19145" running="60" waiting="38" ended="19085" arrived="19085" collisions="0" teleports="0" halting="23" stopped="0" meanWaitingTime="37.15" meanTravelTime="113.84" meanSpeed="4.74" meanSpeedRelative="0.34" duration="3"/>
    <step time="32400.00" loaded="19349" inserted="19305" running="66" waiting="44" ended="19239" arrived="19239" collisions="0" teleports="0" halting="25" stopped="0" meanWaitingTime="37.35" meanTravelTime="113.78" meanSpeed="5.13" meanSpeedRelative="0.37" duration="3"/>
    <step time="32700.00" loaded="19526" inserted="19485" running="58" waiting="41" ended="19427" arrived="19427" collisions="0" teleports="0" halting="8" stopped="0" meanWaitingTime="37.56" meanTravelTime="113.73" meanSpeed="5.93" meanSpeedRelative="0.43" duration="3"/>
    <step time="33000.00" loaded="19697" inserted="19668" running="73" waiting="29" ended="19595" arrived="19595" collisions="0" teleports="0" halting="8" stopped="0" meanWaitingTime="37.84" meanTravelTime="113.74" meanSpeed="5.20" meanSpeedRelative="0.37" duration="2"/>
    <step time="33300.00" loaded="19828" inserted="19815" running="72" waiting="13" ended="19743" arrived="19743" collisions="0" teleports="0" halting="19" stopped="0" meanWaitingTime="37.97" meanTravelTime="113.91" meanSpeed="5.30" meanSpeedRelative="0.38" duration="2"/>
    <step time="33600.00" loaded="20019" inserted="20001" running="63" waiting="18" ended="19938" arrived="19938" collisions="0" teleports="0" halting="28" stopped="0" meanWaitingTime="37.89" meanTravelTime="113.89" meanSpeed="5.45" meanSpeedRelative="0.39" duration="2"/>
    <step time="33900.00" loaded="20176" inserted="20157" running="77" waiting="19" ended="20080" arrived="20080" collisions="0" teleports="0" halting="22" stopped="0" meanWaitingTime="37.81" meanTravelTime="113.73" meanSpeed="3.83" meanSpeedRelative="0.29" duration="2"/>
    <step time="34200.00" loaded="20341" inserted="20320" running="67" waiting="21" ended="20253" arrived="20253" collisions="0" teleports="0" halting="27" stopped="0" meanWaitingTime="37.75" meanTravelTime="113.87" meanSpeed="4.36" meanSpeedRelative="0.31" duration="3"/>
    <step time="34500.00" loaded="20509" inserted="20485" running="86" waiting="24" ended="20399" arrived="20399" collisions="0" teleports="0" halting="27" stopped="0" meanWaitingTime="37.82" meanTravelTime="113.92" meanSpeed="5.31" meanSpeedRelative="0.38" duration="2"/>
    <step time="34800.00" loaded="20663" inserted="20633" running="55" waiting="30" ended="20578" arrived="20578" collisions="0" teleports="0" halting="15" stopped="0" meanWaitingTime="37.96" meanTravelTime="113.97" meanSpeed="4.63" meanSpeedRelative="0.33" duration="2"/>
    <step time="35100.00" loaded="20803" inserted="20790" running="62" waiting="13" ended="20728" arrived="20728" collisions="0" teleports="0" halting="9" stopped="0" meanWaitingTime="38.08" meanTravelTime="113.94" meanSpeed="6.57" meanSpeedRelative="0.47" duration="3"/>
    <step time="35400.00" loaded="20942" inserted="20935" running="52" waiting="7" ended="20883" arrived="20883" collisions="0" teleports="0" halting="7" stopped="0" meanWaitingTime="37.89" meanTravelTime="113.88" meanSpeed="5.89" meanSpeedRelative="0.42" duration="3"/>
    <step time="35700.00" loaded="21084" inserted="21077" running="54" waiting="7" ended="21023" arrived="21023" collisions="0" teleports="0" halting="29" stopped="0" meanWaitingTime="37.76" meanTravelTime="113.99" meanSpeed="3.62" meanSpeedRelative="0.26" duration="3"/>
    <step time="36000.00" loaded="21239" inserted="21232" running="38" waiting="7" ended="21194" arrived="21194" collisions="0" teleports="0" halting="21" stopped="0" meanWaitingTime="37.60" meanTravelTime="113.89" meanSpeed="3.40" meanSpeedRelative="0.25" duration="1"/>
    <step time="36300.00" loaded="21412" inserted="21395" running="62" waiting="17" ended="21333" arrived="21333" collisions="0" teleports="0" halting="35" stopped="0" meanWaitingTime="37.48" meanTravelTime="113.67" meanSpeed="3.78" meanSpeedRelative="0.27" duration="1"/>
    <step time="36600.00" loaded="21560" inserted="21550" running="56" waiting="10" ended="21494" arrived="21494" collisions="0" teleports="0" halting="8" stopped="0" meanWaitingTime="37.38" meanTravelTime="113.72" meanSpeed="5.62" meanSpeedRelative="0.40" duration="1"/>
    <step time="36900.00" loaded="21697" inserted="21677" running="37" waiting="20" ended="21640" arrived="21640" collisions="0" teleports="0" halting="12" stopped="0" meanWaitingTime="37.24" meanTravelTime="113.69" meanSpeed="5.85" meanSpeedRelative="0.42" duration="1"/>
    <step time="37200.00" loaded="21817" inserted="21795" running="46" waiting="22" ended="21749" arrived="21749" collisions="0" teleports="0" halting="18" stopped="0" meanWaitingTime="37.25" meanTravelTime="113.52" meanSpeed="3.63" meanSpeedRelative="0.26" duration="2"/>
    <step time="37500.00" loaded="21958" inserted="21921" running="49" waiting="37" ended="21872" arrived="21872" collisions="0" teleports="0" halting="10" stopped="0" meanWaitingTime="37.40" meanTravelTime="113.61" meanSpeed="6.69" meanSpeedRelative="0.48" duration="1"/>
    <step time="37800.00" loaded="22113" inserted="22072" running="49" waiting="41" ended="22023" arrived="22023" collisions="0" teleports="0" halting="11" stopped="0" meanWaitingTime="37.64" meanTravelTime="113.52" meanSpeed="5.81" meanSpeedRelative="0.42" duration="1"/>
    <step time="38100.00" loaded="22258" inserted="22213" running="58" waiting="45" ended="22155" arrived="22155" collisions="0" teleports="0" halting="30" stopped="0" meanWaitingTime="37.86" meanTravelTime="113.49" meanSpeed="3.48" meanSpeedRelative="0.25" duration="3"/>
    <step time="38400.00" loaded="22383" inserted="22352" running="51" waiting="31" ended="22301" arrived="22301" collisions="0" teleports="0" halting="22" stopped="0" meanWaitingTime="38.17" meanTravelTime="113.56" meanSpeed="4.88" meanSpeedRelative="0.35" duration="2"/>
    <step time="38700.00" loaded="22480" inserted="22465" running="43" waiting="15" ended="22422" arrived="22422" collisions="0" teleports="0" halting="16" stopped="0" meanWaitingTime="38.33" meanTravelTime="113.52" meanSpeed="4.05" meanSpeedRelative="0.29" duration="1"/>
    <step time="39000.00" loaded="22586" inserted="22554" running="55" waiting="32" ended="22499" arrived="22499" collisions="0" teleports="0" halting="8" stopped="0" meanWaitingTime="38.52" meanTravelTime="113.58" meanSpeed="4.69" meanSpeedRelative="0.34" duration="1"/>
    <step time="39300.00" loaded="22713" inserted="22673" running="41" waiting="40" ended="22632" arrived="22632" collisions="0" teleports="0" halting="21" stopped="0" meanWaitingTime="38.75" meanTravelTime="113.76" meanSpeed="4.21" meanSpeedRelative="0.30" duration="1"/>
    <step time="39600.00" loaded="22823" inserted="22784" running="30" waiting="39" ended="22754" arrived="22754" collisions="0" teleports="0" halting="9" stopped="0" meanWaitingTime="38.98" meanTravelTime="113.73" meanSpeed="6.08" meanSpeedRelative="0.44" duration="2"/>
    <step time="39900.00" loaded="22945" inserted="22918" running="65" waiting="27" ended="22853" arrived="22853" collisions="0" teleports="0" halting="53" stopped="0" meanWaitingTime="39.26" meanTravelTime="113.66" meanSpeed="1.80" meanSpeedRelative="0.13" duration="1"/>
    <step time="40200.00" loaded="23035" inserted="23015" running="39" waiting="20" ended="22976" arrived="22976" collisions="0" teleports="0" halting="14" stopped="0" meanWaitingTime="39.49" meanTravelTime="113.79" meanSpeed="3.22" meanSpeedRelative="0.23" duration="1"/>
    <step time="40500.00" loaded="23135" inserted="23112" running="35" waiting="23" ended="23077" arrived="23077" collisions="0" teleports="0" halting="9" stopped="0" meanWaitingTime="39.58" meanTravelTime="113.90" meanSpeed="6.98" meanSpeedRelative="0.50" duration="1"/>
    <step time="40800.00" loaded="23243" inserted="23213" running="37" waiting="30" ended="23176" arrived="23176" collisions="0" teleports="0" halting="15" stopped="0" meanWaitingTime="39.83" meanTravelTime="113.83" meanSpeed="4.71" meanSpeedRelative="0.34" duration="1"/>
    <step time="41100.00" loaded="23329" inserted="23306" running="48" waiting="23" ended="23258" arrived="23258" collisions="0" teleports="0" halting="30" stopped="0" meanWaitingTime="40.00" meanTravelTime="113.87" meanSpeed="2.69" meanSpeedRelative="0.19" duration="2"/>
    <step time="41400.00" loaded="23392" inserted="23382" running="24" waiting="10" ended="23358" arrived="23358" collisions="0" teleports="0" halting="16" stopped="0" meanWaitingTime="40.08" meanTravelTime="114.11" meanSpeed="2.68" meanSpeedRelative="0.19" duration="1"/>
    <step time="41700.00" loaded="23492" inserted="23466" running="43" waiting="26" ended="23423" arrived="23423" collisions="0" teleports="0" halting="18" stopped="0" meanWaitingTime="40.21" meanTravelTime="114.12" meanSpeed="5.16" meanSpeedRelative="0.37" duration="1"/>
    <step time="42000.00" loaded="23574" inserted="23545" running="17" waiting="29" ended="23528" arrived="23528" collisions="0" teleports="0" halting="9" stopped="0" meanWaitingTime="40.40" meanTravelTime="114.15" meanSpeed="4.43" meanSpeedRelative="0.32" duration="1"/>
    <step time="42300.00" loaded="23679" inserted="23654" running="45" waiting="25" ended="23609" arrived="23609" collisions="0" teleports="0" halting="10" stopped="0" meanWaitingTime="40.64" meanTravelTime="114.00" meanSpeed="5.43" meanSpeedRelative="0.40" duration="1"/>
    <step time="42600.00" loaded="23791" inserted="23755" running="55" waiting="36" ended="23700" arrived="23700" collisions="0" teleports="0" halting="7" stopped="0" meanWaitingTime="40.85" meanTravelTime="113.99" meanSpeed="5.74" meanSpeedRelative="0.41" duration="2"/>
    <step time="42900.00" loaded="23892" inserted="23870" running="59" waiting="22" ended="23811" arrived="23811" collisions="0" teleports="0" halting="25" stopped="0" meanWaitingTime="41.11" meanTravelTime="114.22" meanSpeed="3.30" meanSpeedRelative="0.24" duration="1"/>
    <step time="43200.00" loaded="23992" inserted="23956" running="19" waiting="36" ended="23937" arrived="23937" collisions="0" teleports="0" halting="7" stopped="0" meanWaitingTime="41.23" meanTravelTime="114.40" meanSpeed="6.49" meanSpeedRelative="0.47" duration="1"/>
    <step time="43500.00" loaded="24071" inserted="24045" running="34" waiting="26" ended="24011" arrived="24011" collisions="0" teleports="0" halting="8" stopped="0" meanWaitingTime="41.39" meanTravelTime="114.37" meanSpeed="6.46" meanSpeedRelative="0.46" duration="1"/>
    <step time="43800.00" loaded="24175" inserted="24137" running="36" waiting="38" ended="24101" arrived="24101" collisions="0" teleports="0" halting="22" stopped="0" meanWaitingTime="41.59" meanTravelTime="114.30" meanSpeed="3.36" meanSpeedRelative="0.24" duration="0"/>
    <step time="44100.00" loaded="24281" inserted="24252" running="43" waiting="29" ended="24209" arrived="24209" collisions="0" teleports="0" halting="22" stopped="0" meanWaitingTime="41.86" meanTravelTime="114.22" meanSpeed="3.85" meanSpeedRelative="0.28" duration="3"/>
    <step time="44400.00" loaded="24391" inserted="24355" running="58" waiting="36" ended="24297" arrived="24297" collisions="0" teleports="0" halting="42" stopped="0" meanWaitingTime="42.10" meanTravelTime="114.13" meanSpeed="1.44" meanSpeedRelative="0.10" duration="2"/>
    <step time="44700.00" loaded="24494" inserted="24446" running="35" waiting="48" ended="24411" arrived="24411" collisions="0" teleports="0" halting="8" stopped="0" meanWaitingTime="42.44" meanTravelTime="114.50" meanSpeed="5.71" meanSpeedRelative="0.41" duration="1"/>
    <step time="45000.00" loaded="24598" inserted="24557" running="37" waiting="41" ended="24520" arrived="24520" collisions="0" teleports="0" halting="6" stopped="0" meanWaitingTime="42.80" meanTravelTime="114.50" meanSpeed="7.30" meanSpeedRelative="0.53" duration="1"/>
    <step time="45300.00" loaded="24685" inserted="24649" running="39" waiting="36" ended="24610" arrived="24610" collisions="0" teleports="0" halting="16" stopped="0" meanWaitingTime="43.01" meanTravelTime="114.56" meanSpeed="4.58" meanSpeedRelative="0.33" duration="2"/>
    <step time="45600.00" loaded="24768" inserted="24740" running="45" waiting="28" ended="24695" arrived="24695" collisions="0" teleports="0" halting="30" stopped="0" meanWaitingTime="43.26" meanTravelTime="114.68" meanSpeed="3.10" meanSpeedRelative="0.22" duration="1"/>
    <step time="45900.00" loaded="24854" inserted="24808" running="39" waiting="46" ended="24769" arrived="24769" collisions="0" teleports="0" halting="36" stopped="0" meanWaitingTime="43.49" meanTravelTime="114.72" meanSpeed="0.83" meanSpeedRelative="0.06" duration="1"/>
    <step time="46200.00" loaded="24935" inserted="24887" running="46" waiting="48" ended="24841" arrived="24841" collisions="0" teleports="0" halting="40" stopped="0" meanWaitingTime="43.71" meanTravelTime="114.56" meanSpeed="0.96" meanSpeedRelative="0.07" duration="1"/>
    <step time="46500.00" loaded="24983" inserted="24983" running="78" waiting="0" ended="24905" arrived="24905" collisions="0" teleports="0" halting="58" stopped="0" meanWaitingTime="44.06" meanTravelTime="114.45" meanSpeed="1.77" meanSpeedRelative="0.13" duration="3"/>
    <step time="46800.00" loaded="25003" inserted="25003" running="67" waiting="0" ended="24936" arrived="24936" collisions="0" teleports="0" halting="66" stopped="0" meanWaitingTime="44.03" meanTravelTime="114.39" meanSpeed="0.21" meanSpeedRelative="0.02" duration="1"/>
    <step time="47100.00" loaded="25021" inserted="25021" running="63" waiting="0" ended="24958" arrived="24958" collisions="0" teleports="0" halting="60" stopped="0" meanWaitingTime="43.99" meanTravelTime="114.32" meanSpeed="0.28" meanSpeedRelative="0.02" duration="1"/>
    <step time="47400.00" loaded="25037" inserted="25037" running="63" waiting="0" ended="24974" arrived="24974" collisions="0" teleports="0" halting="62" stopped="0" meanWaitingTime="43.97" meanTravelTime="114.28" meanSpeed="0.10" meanSpeedRelative="0.01" duration="1"/>
    <step time="47700.00" loaded="25051" inserted="25051" running="64" waiting="0" ended="24987" arrived="24987" collisions="0" teleports="0" halting="64" stopped="0" meanWaitingTime="43.94" meanTravelTime="114.24" meanSpeed="0.00" meanSpeedRelative="0.00" duration="1"/>
    <step time="48000.00" loaded="25064" inserted="25064" running="63" waiting="0" ended="25001" arrived="25001" collisions="0" teleports="0" halting="62" stopped="0" meanWaitingTime="43.92" meanTravelTime="114.21" meanSpeed="0.10" meanSpeedRelative="0.01" duration="1"/>
    <step time="48300.00" loaded="25078" inserted="25078" running="63" waiting="0" ended="25015" arrived="25015" collisions="0" teleports="0" halting="62" stopped="0" meanWaitingTime="43.89" meanTravelTime="114.17" meanSpeed="0.05" meanSpeedRelative="0.00" duration="1"/>
    <step time="48600.00" loaded="25094" inserted="25094" running="64" waiting="0" ended="25030" arrived="25030" collisions="0" teleports="0" halting="62" stopped="0" meanWaitingTime="43.87" meanTravelTime="114.11" meanSpeed="0.22" meanSpeedRelative="0.02" duration="1"/>
    <step time="48900.00" loaded="25109" inserted="25109" running="68" waiting="0" ended="25041" arrived="25041" collisions="0" teleports="0" halting="67" stopped="0" meanWaitingTime="43.84" meanTravelTime="114.07" meanSpeed="0.05" meanSpeedRelative="0.00" duration="1"/>
    <step time="49200.00" loaded="25118" inserted="25118" running="62" waiting="0" ended="25056" arrived="25056" collisions="0" teleports="0" halting="62" stopped="0" meanWaitingTime="43.82" meanTravelTime="114.04" meanSpeed="0.00" meanSpeedRelative="0.00" duration="1"/>
</summary>
