<?xml version="1.0" encoding="UTF-8"?>

<!-- generated on 2025-02-28 18:52:30 by Eclipse SUMO GUI Version 1.19.0
<configuration xmlns:xsi="http://www.w3.org/2001/XMLSchema-instance" xsi:noNamespaceSchemaLocation="http://sumo.dlr.de/xsd/sumoConfiguration.xsd">

    <input>
        <net-file value="Network.net.xml"/>
        <route-files value="CarRoutes.rou.xml"/>
        <additional-files value="Sensors.add.xml"/>
    </input>

    <output>
        <emission-output value="logs/Emissions.xml"/>
        <summary-output value="logs/Log_summary.xml"/>
        <summary-output.period value="300"/>
        <tripinfo-output value="logs/TripInfos.xml"/>
    </output>

    <time>
        <begin value="0"/>
        <end value="86400"/>
        <step-length value="0.25"/>
    </time>

    <processing>
        <ignore-junction-blocker value="0.1"/>
        <time-to-teleport value="-1"/>
    </processing>

    <report>
        <verbose value="true"/>
        <no-step-log value="true"/>
    </report>

    <emissions>
        <device.emissions.period value="10"/>
    </emissions>

    <traci_server>
        <remote-port value="59034"/>
    </traci_server>

    <gui_only>
        <quit-on-end value="true"/>
        <start value="true"/>
    </gui_only>

</configuration>
-->

<summary xmlns:xsi="http://www.w3.org/2001/XMLSchema-instance" xsi:noNamespaceSchemaLocation="http://sumo.dlr.de/xsd/summary_file.xsd">
    <step time="0.00" loaded="0" inserted="0" running="0" waiting="0" ended="0" arrived="0" collisions="0" teleports="0" halting="0" stopped="0" meanWaitingTime="-1.00" meanTravelTime="-1.00" meanSpeed="-1.00" meanSpeedRelative="-1.00" duration="0"/>
    <step time="300.00" loaded="210" inserted="196" running="88" waiting="14" ended="108" arrived="108" collisions="0" teleports="0" halting="39" stopped="0" meanWaitingTime="14.11" meanTravelTime="80.98" meanSpeed="4.27" meanSpeedRelative="0.31" duration="3"/>
    <step time="600.00" loaded="371" inserted="362" running="68" waiting="9" ended="294" arrived="294" collisions="0" teleports="0" halting="33" stopped="0" meanWaitingTime="12.55" meanTravelTime="115.97" meanSpeed="4.46" meanSpeedRelative="0.32" duration="2"/>
    <step time="900.00" loaded="527" inserted="517" running="72" waiting="10" ended="445" arrived="445" collisions="0" teleports="0" halting="45" stopped="0" meanWaitingTime="11.73" meanTravelTime="113.66" meanSpeed="3.53" meanSpeedRelative="0.25" duration="3"/>
    <step time="1200.00" loaded="700" inserted="685" running="73" waiting="15" ended="612" arrived="612" collisions="0" teleports="0" halting="7" stopped="0" meanWaitingTime="15.13" meanTravelTime="115.28" meanSpeed="6.38" meanSpeedRelative="0.46" duration="2"/>
    <step time="1500.00" loaded="863" inserted="843" running="79" waiting="20" ended="764" arrived="764" collisions="0" teleports="0" halting="25" stopped="0" meanWaitingTime="16.41" meanTravelTime="119.87" meanSpeed="3.76" meanSpeedRelative="0.27" duration="6"/>
    <step time="1800.00" loaded="1024" inserted="1007" running="73" waiting="17" ended="934" arrived="934" collisions="0" teleports="0" halting="21" stopped="0" meanWaitingTime="19.33" meanTravelTime="124.03" meanSpeed="5.03" meanSpeedRelative="0.36" duration="4"/>
    <step time="2100.00" loaded="1181" inserted="1166" running="65" waiting="15" ended="1101" arrived="1101" collisions="0" teleports="0" halting="42" stopped="0" meanWaitingTime="18.09" meanTravelTime="123.09" meanSpeed="3.33" meanSpeedRelative="0.24" duration="1"/>
    <step time="2400.00" loaded="1328" inserted="1312" running="41" waiting="16" ended="1271" arrived="1271" collisions="0" teleports="0" halting="14" stopped="0" meanWaitingTime="18.09" meanTravelTime="121.97" meanSpeed="4.95" meanSpeedRelative="0.36" duration="2"/>
    <step time="2700.00" loaded="1471" inserted="1470" running="38" waiting="1" ended="1432" arrived="1432" collisions="0" teleports="0" halting="9" stopped="0" meanWaitingTime="18.02" meanTravelTime="119.54" meanSpeed="6.58" meanSpeedRelative="0.47" duration="2"/>
    <step time="3000.00" loaded="1630" inserted="1623" running="41" waiting="7" ended="1582" arrived="1582" collisions="0" teleports="0" halting="21" stopped="0" meanWaitingTime="16.85" meanTravelTime="116.62" meanSpeed="3.72" meanSpeedRelative="0.27" duration="1"/>
    <step time="3300.00" loaded="1801" inserted="1779" running="69" waiting="22" ended="1710" arrived="1710" collisions="0" teleports="0" halting="10" stopped="0" meanWaitingTime="17.50" meanTravelTime="115.48" meanSpeed="6.52" meanSpeedRelative="0.47" duration="2"/>
    <step time="3600.00" loaded="1932" inserted="1918" running="44" waiting="14" ended="1874" arrived="1874" collisions="0" teleports="0" halting="14" stopped="0" meanWaitingTime="19.22" meanTravelTime="114.45" meanSpeed="5.86" meanSpeedRelative="0.42" duration="1"/>
    <step time="3900.00" loaded="2095" inserted="2095" running="69" waiting="0" ended="2026" arrived="2026" collisions="0" teleports="0" halting="32" stopped="0" meanWaitingTime="18.37" meanTravelTime="113.62" meanSpeed="3.44" meanSpeedRelative="0.25" duration="1"/>
    <step time="4200.00" loaded="2226" inserted="2221" running="57" waiting="5" ended="2164" arrived="2164" collisions="0" teleports="0" halting="21" stopped="0" meanWaitingTime="18.42" meanTravelTime="115.36" meanSpeed="4.57" meanSpeedRelative="0.33" duration="2"/>
    <step time="4500.00" loaded="2401" inserted="2400" running="66" waiting="1" ended="2334" arrived="2334" collisions="0" teleports="0" halting="28" stopped="0" meanWaitingTime="17.65" meanTravelTime="116.12" meanSpeed="3.87" meanSpeedRelative="0.28" duration="3"/>
    <step time="4800.00" loaded="2557" inserted="2551" running="53" waiting="6" ended="2498" arrived="2498" collisions="0" teleports="0" halting="14" stopped="0" meanWaitingTime="16.90" meanTravelTime="114.97" meanSpeed="5.21" meanSpeedRelative="0.38" duration="1"/>
    <step time="5100.00" loaded="2724" inserted="2715" running="57" waiting="9" ended="2658" arrived="2658" collisions="0" teleports="0" halting="7" stopped="0" meanWaitingTime="17.50" meanTravelTime="114.65" meanSpeed="5.90" meanSpeedRelative="0.44" duration="2"/>
    <step time="5400.00" loaded="2877" inserted="2875" running="45" waiting="2" ended="2830" arrived="2830" collisions="0" teleports="0" halting="16" stopped="0" meanWaitingTime="16.88" meanTravelTime="114.08" meanSpeed="5.64" meanSpeedRelative="0.41" duration="2"/>
    <step time="5700.00" loaded="3062" inserted="3047" running="81" waiting="15" ended="2966" arrived="2966" collisions="0" teleports="0" halting="37" stopped="0" meanWaitingTime="16.33" meanTravelTime="113.52" meanSpeed="4.55" meanSpeedRelative="0.33" duration="4"/>
    <step time="6000.00" loaded="3186" inserted="3183" running="44" waiting="3" ended="3139" arrived="3139" collisions="0" teleports="0" halting="13" stopped="0" meanWaitingTime="16.36" meanTravelTime="114.71" meanSpeed="5.84" meanSpeedRelative="0.42" duration="2"/>
    <step time="6300.00" loaded="3351" inserted="3334" running="58" waiting="17" ended="3276" arrived="3276" collisions="0" teleports="0" halting="24" stopped="0" meanWaitingTime="16.39" meanTravelTime="115.00" meanSpeed="4.83" meanSpeedRelative="0.35" duration="2"/>
    <step time="6600.00" loaded="3511" inserted="3503" running="47" waiting="8" ended="3456" arrived="3456" collisions="0" teleports="0" halting="15" stopped="0" meanWaitingTime="16.49" meanTravelTime="114.18" meanSpeed="5.31" meanSpeedRelative="0.38" duration="1"/>
    <step time="6900.00" loaded="3696" inserted="3679" running="69" waiting="17" ended="3610" arrived="3610" collisions="0" teleports="0" halting="23" stopped="0" meanWaitingTime="16.40" meanTravelTime="113.18" meanSpeed="4.17" meanSpeedRelative="0.31" duration="2"/>
    <step time="7200.00" loaded="3853" inserted="3828" running="51" waiting="25" ended="3777" arrived="3777" collisions="0" teleports="0" halting="20" stopped="0" meanWaitingTime="16.92" meanTravelTime="113.39" meanSpeed="4.81" meanSpeedRelative="0.38" duration="2"/>
    <step time="7500.00" loaded="4000" inserted="3988" running="45" waiting="12" ended="3943" arrived="3943" collisions="0" teleports="0" halting="22" stopped="0" meanWaitingTime="17.71" meanTravelTime="113.33" meanSpeed="4.49" meanSpeedRelative="0.32" duration="1"/>
    <step time="7800.00" loaded="4158" inserted="4135" running="52" waiting="23" ended="4083" arrived="4083" collisions="0" teleports="0" halting="12" stopped="0" meanWaitingTime="18.16" meanTravelTime="113.08" meanSpeed="5.18" meanSpeedRelative="0.37" duration="2"/>
    <step time="8100.00" loaded="4329" inserted="4314" running="58" waiting="15" ended="4256" arrived="4256" collisions="0" teleports="0" halting="27" stopped="0" meanWaitingTime="19.20" meanTravelTime="112.69" meanSpeed="3.46" meanSpeedRelative="0.26" duration="3"/>
    <step time="8400.00" loaded="4515" inserted="4512" running="72" waiting="3" ended="4440" arrived="4440" collisions="0" teleports="0" halting="25" stopped="0" meanWaitingTime="19.16" meanTravelTime="112.29" meanSpeed="4.52" meanSpeedRelative="0.33" duration="3"/>
    <step time="8700.00" loaded="4685" inserted="4680" running="76" waiting="5" ended="4604" arrived="4604" collisions="0" teleports="0" halting="27" stopped="0" meanWaitingTime="18.91" meanTravelTime="112.12" meanSpeed="4.08" meanSpeedRelative="0.29" duration="2"/>
    <step time="9000.00" loaded="4872" inserted="4855" running="69" waiting="17" ended="4786" arrived="4786" collisions="0" teleports="0" halting="17" stopped="0" meanWaitingTime="18.71" meanTravelTime="112.33" meanSpeed="3.30" meanSpeedRelative="0.25" duration="1"/>
    <step time="9300.00" loaded="5058" inserted="5039" running="54" waiting="19" ended="4985" arrived="4985" collisions="0" teleports="0" halting="25" stopped="0" meanWaitingTime="18.69" meanTravelTime="112.40" meanSpeed="4.75" meanSpeedRelative="0.34" duration="1"/>
    <step time="9600.00" loaded="5228" inserted="5218" running="61" waiting="10" ended="5157" arrived="5157" collisions="0" teleports="0" halting="18" stopped="0" meanWaitingTime="19.14" meanTravelTime="111.64" meanSpeed="6.14" meanSpeedRelative="0.44" duration="3"/>
    <step time="9900.00" loaded="5372" inserted="5367" running="54" waiting="5" ended="5313" arrived="5313" collisions="0" teleports="0" halting="20" stopped="0" meanWaitingTime="18.94" meanTravelTime="111.53" meanSpeed="4.08" meanSpeedRelative="0.29" duration="2"/>
    <step time="10200.00" loaded="5542" inserted="5534" running="65" waiting="8" ended="5469" arrived="5469" collisions="0" teleports="0" halting="12" stopped="0" meanWaitingTime="18.66" meanTravelTime="111.78" meanSpeed="5.70" meanSpeedRelative="0.41" duration="1"/>
    <step time="10500.00" loaded="5720" inserted="5706" running="46" waiting="14" ended="5660" arrived="5660" collisions="0" teleports="0" halting="12" stopped="0" meanWaitingTime="18.50" meanTravelTime="112.04" meanSpeed="5.50" meanSpeedRelative="0.40" duration="1"/>
    <step time="10800.00" loaded="5892" inserted="5886" running="73" waiting="6" ended="5813" arrived="5813" collisions="0" teleports="0" halting="12" stopped="0" meanWaitingTime="18.54" meanTravelTime="111.83" meanSpeed="4.98" meanSpeedRelative="0.37" duration="1"/>
    <step time="11100.00" loaded="6067" inserted="6066" running="74" waiting="1" ended="5992" arrived="5992" collisions="0" teleports="0" halting="36" stopped="0" meanWaitingTime="18.39" meanTravelTime="112.43" meanSpeed="3.36" meanSpeedRelative="0.24" duration="1"/>
    <step time="11400.00" loaded="6240" inserted="6224" running="57" waiting="16" ended="6167" arrived="6167" collisions="0" teleports="0" halting="11" stopped="0" meanWaitingTime="18.21" meanTravelTime="112.41" meanSpeed="5.97" meanSpeedRelative="0.43" duration="2"/>
    <step time="11700.00" loaded="6385" inserted="6377" running="38" waiting="8" ended="6339" arrived="6339" collisions="0" teleports="0" halting="10" stopped="0" meanWaitingTime="18.45" meanTravelTime="111.86" meanSpeed="5.80" meanSpeedRelative="0.42" duration="1"/>
    <step time="12000.00" loaded="6561" inserted="6553" running="55" waiting="8" ended="6498" arrived="6498" collisions="0" teleports="0" halting="16" stopped="0" meanWaitingTime="18.33" meanTravelTime="111.64" meanSpeed="4.64" meanSpeedRelative="0.33" duration="1"/>
    <step time="12300.00" loaded="6728" inserted="6728" running="61" waiting="0" ended="6667" arrived="6667" collisions="0" teleports="0" halting="22" stopped="0" meanWaitingTime="18.09" meanTravelTime="111.57" meanSpeed="5.31" meanSpeedRelative="0.38" duration="2"/>
    <step time="12600.00" loaded="6899" inserted="6879" running="56" waiting="20" ended="6823" arrived="6823" collisions="0" teleports="0" halting="24" stopped="0" meanWaitingTime="17.92" meanTravelTime="111.46" meanSpeed="4.60" meanSpeedRelative="0.33" duration="3"/>
    <step time="12900.00" loaded="7065" inserted="7051" running="62" waiting="14" ended="6989" arrived="6989" collisions="0" teleports="0" halting="25" stopped="0" meanWaitingTime="18.18" meanTravelTime="111.31" meanSpeed="4.03" meanSpeedRelative="0.29" duration="2"/>
    <step time="13200.00" loaded="7238" inserted="7218" running="80" waiting="20" ended="7138" arrived="7138" collisions="0" teleports="0" halting="22" stopped="0" meanWaitingTime="18.31" meanTravelTime="111.19" meanSpeed="4.42" meanSpeedRelative="0.32" duration="2"/>
    <step time="13500.00" loaded="7414" inserted="7406" running="72" waiting="8" ended="7334" arrived="7334" collisions="0" teleports="0" halting="21" stopped="0" meanWaitingTime="18.28" meanTravelTime="111.43" meanSpeed="4.41" meanSpeedRelative="0.32" duration="2"/>
    <step time="13800.00" loaded="7607" inserted="7590" running="83" waiting="17" ended="7507" arrived="7507" collisions="0" teleports="0" halting="23" stopped="0" meanWaitingTime="18.40" meanTravelTime="111.58" meanSpeed="5.45" meanSpeedRelative="0.39" duration="2"/>
    <step time="14100.00" loaded="7767" inserted="7763" running="67" waiting="4" ended="7696" arrived="7696" collisions="0" teleports="0" halting="20" stopped="0" meanWaitingTime="18.45" meanTravelTime="112.17" meanSpeed="5.49" meanSpeedRelative="0.41" duration="2"/>
    <step time="14400.00" loaded="7905" inserted="7894" running="52" waiting="11" ended="7842" arrived="7842" collisions="0" teleports="0" halting="13" stopped="0" meanWaitingTime="18.65" meanTravelTime="112.28" meanSpeed="7.49" meanSpeedRelative="0.54" duration="1"/>
    <step time="14700.00" loaded="8101" inserted="8085" running="64" waiting="16" ended="8021" arrived="8021" collisions="0" teleports="0" halting="16" stopped="0" meanWaitingTime="18.67" meanTravelTime="111.88" meanSpeed="5.62" meanSpeedRelative="0.40" duration="2"/>
    <step time="15000.00" loaded="8258" inserted="8251" running="87" waiting="7" ended="8164" arrived="8164" collisions="0" teleports="0" halting="19" stopped="0" meanWaitingTime="18.54" meanTravelTime="112.10" meanSpeed="6.01" meanSpeedRelative="0.43" duration="5"/>
    <step time="15300.00" loaded="8417" inserted="8383" running="55" waiting="34" ended="8328" arrived="8328" collisions="0" teleports="0" halting="17" stopped="0" meanWaitingTime="18.74" meanTravelTime="112.24" meanSpeed="5.14" meanSpeedRelative="0.37" duration="2"/>
    <step time="15600.00" loaded="8582" inserted="8572" running="61" waiting="10" ended="8511" arrived="8511" collisions="0" teleports="0" halting="18" stopped="0" meanWaitingTime="19.52" meanTravelTime="111.70" meanSpeed="6.05" meanSpeedRelative="0.44" duration="2"/>
    <step time="15900.00" loaded="8772" inserted="8762" running="89" waiting="10" ended="8673" arrived="8673" collisions="0" teleports="0" halting="25" stopped="0" meanWaitingTime="19.83" meanTravelTime="111.30" meanSpeed="4.77" meanSpeedRelative="0.35" duration="2"/>
    <step time="16200.00" loaded="8961" inserted="8949" running="68" waiting="12" ended="8881" arrived="8881" collisions="0" teleports="0" halting="11" stopped="0" meanWaitingTime="19.93" meanTravelTime="111.45" meanSpeed="6.06" meanSpeedRelative="0.44" duration="1"/>
    <step time="16500.00" loaded="9128" inserted="9125" running="54" waiting="3" ended="9071" arrived="9071" collisions="0" teleports="0" halting="19" stopped="0" meanWaitingTime="19.78" meanTravelTime="111.35" meanSpeed="5.65" meanSpeedRelative="0.41" duration="3"/>
    <step time="16800.00" loaded="9312" inserted="9298" running="71" waiting="14" ended="9227" arrived="9227" collisions="0" teleports="0" halting="14" stopped="0" meanWaitingTime="19.73" meanTravelTime="111.28" meanSpeed="5.71" meanSpeedRelative="0.41" duration="4"/>
    <step time="17100.00" loaded="9483" inserted="9462" running="59" waiting="21" ended="9403" arrived="9403" collisions="0" teleports="0" halting="9" stopped="0" meanWaitingTime="19.83" meanTravelTime="111.50" meanSpeed="5.76" meanSpeedRelative="0.41" duration="1"/>
    <step time="17400.00" loaded="9666" inserted="9645" running="58" waiting="21" ended="9587" arrived="9587" collisions="0" teleports="0" halting="23" stopped="0" meanWaitingTime="20.05" meanTravelTime="111.47" meanSpeed="4.52" meanSpeedRelative="0.33" duration="1"/>
    <step time="17700.00" loaded="9840" inserted="9816" running="67" waiting="24" ended="9749" arrived="9749" collisions="0" teleports="0" halting="19" stopped="0" meanWaitingTime="20.40" meanTravelTime="111.52" meanSpeed="5.30" meanSpeedRelative="0.38" duration="2"/>
    <step time="18000.00" loaded="10005" inserted="9984" running="59" waiting="21" ended="9925" arrived="9925" collisions="0" teleports="0" halting="26" stopped="0" meanWaitingTime="20.75" meanTravelTime="111.67" meanSpeed="4.35" meanSpeedRelative="0.31" duration="3"/>
    <step time="18300.00" loaded="10190" inserted="10157" running="44" waiting="33" ended="10113" arrived="10113" collisions="0" teleports="0" halting="21" stopped="0" meanWaitingTime="21.04" meanTravelTime="111.62" meanSpeed="4.88" meanSpeedRelative="0.35" duration="1"/>
    <step time="18600.00" loaded="10354" inserted="10324" running="68" waiting="30" ended="10256" arrived="10256" collisions="0" teleports="0" halting="18" stopped="0" meanWaitingTime="21.64" meanTravelTime="111.41" meanSpeed="5.15" meanSpeedRelative="0.37" duration="3"/>
    <step time="18900.00" loaded="10542" inserted="10508" running="65" waiting="34" ended="10443" arrived="10443" collisions="0" teleports="0" halting="11" stopped="0" meanWaitingTime="22.06" meanTravelTime="111.53" meanSpeed="7.59" meanSpeedRelative="0.55" duration="3"/>
    <step time="19200.00" loaded="10718" inserted="10692" running="57" waiting="26" ended="10635" arrived="10635" collisions="0" teleports="0" halting="28" stopped="0" meanWaitingTime="22.46" meanTravelTime="111.13" meanSpeed="3.94" meanSpeedRelative="0.28" duration="2"/>
    <step time="19500.00" loaded="10927" inserted="10903" running="92" waiting="24" ended="10811" arrived="10811" collisions="0" teleports="0" halting="25" stopped="0" meanWaitingTime="22.83" meanTravelTime="111.14" meanSpeed="4.26" meanSpeedRelative="0.31" duration="3"/>
    <step time="19800.00" loaded="11102" inserted="11071" running="69" waiting="31" ended="11002" arrived="11002" collisions="0" teleports="0" halting="15" stopped="0" meanWaitingTime="23.20" meanTravelTime="111.29" meanSpeed="5.86" meanSpeedRelative="0.42" duration="4"/>
    <step time="20100.00" loaded="11299" inserted="11270" running="80" waiting="29" ended="11190" arrived="11190" collisions="0" teleports="0" halting="22" stopped="0" meanWaitingTime="23.69" meanTravelTime="111.39" meanSpeed="5.08" meanSpeedRelative="0.38" duration="4"/>
    <step time="20400.00" loaded="11466" inserted="11433" running="71" waiting="33" ended="11362" arrived="11362" collisions="0" teleports="0" halting="16" stopped="0" meanWaitingTime="24.23" meanTravelTime="111.32" meanSpeed="5.50" meanSpeedRelative="0.40" duration="3"/>
    <step time="20700.00" loaded="11641" inserted="11618" running="67" waiting="23" ended="11551" arrived="11551" collisions="0" teleports="0" halting="21" stopped="0" meanWaitingTime="24.71" meanTravelTime="111.30" meanSpeed="4.69" meanSpeedRelative="0.34" duration="1"/>
    <step time="21000.00" loaded="11826" inserted="11815" running="74" waiting="11" ended="11741" arrived="11741" collisions="0" teleports="0" halting="31" stopped="0" meanWaitingTime="24.98" meanTravelTime="111.11" meanSpeed="3.52" meanSpeedRelative="0.25" duration="2"/>
    <step time="21300.00" loaded="11988" inserted="11988" running="79" waiting="0" ended="11909" arrived="11909" collisions="0" teleports="0" halting="17" stopped="0" meanWaitingTime="24.79" meanTravelTime="111.15" meanSpeed="4.52" meanSpeedRelative="0.34" duration="2"/>
    <step time="21600.00" loaded="12209" inserted="12201" running="104" waiting="8" ended="12097" arrived="12097" collisions="0" teleports="0" halting="21" stopped="0" meanWaitingTime="24.56" meanTravelTime="111.37" meanSpeed="5.04" meanSpeedRelative="0.36" duration="4"/>
    <step time="21900.00" loaded="12396" inserted="12388" running="74" waiting="8" ended="12314" arrived="12314" collisions="0" teleports="0" halting="22" stopped="0" meanWaitingTime="24.30" meanTravelTime="111.59" meanSpeed="5.18" meanSpeedRelative="0.37" duration="2"/>
    <step time="22200.00" loaded="12589" inserted="12577" running="95" waiting="12" ended="12482" arrived="12482" collisions="0" teleports="0" halting="40" stopped="0" meanWaitingTime="24.12" meanTravelTime="111.33" meanSpeed="3.89" meanSpeedRelative="0.28" duration="2"/>
    <step time="22500.00" loaded="12763" inserted="12729" running="60" waiting="34" ended="12669" arrived="12669" collisions="0" teleports="0" halting="9" stopped="0" meanWaitingTime="24.08" meanTravelTime="112.15" meanSpeed="5.15" meanSpeedRelative="0.37" duration="3"/>
    <step time="22800.00" loaded="12963" inserted="12961" running="92" waiting="2" ended="12869" arrived="12869" collisions="0" teleports="0" halting="43" stopped="0" meanWaitingTime="24.11" meanTravelTime="112.21" meanSpeed="2.63" meanSpeedRelative="0.19" duration="6"/>
    <step time="23100.00" loaded="13150" inserted="13136" running="88" waiting="14" ended="13048" arrived="13048" collisions="0" teleports="0" halting="49" stopped="0" meanWaitingTime="23.95" meanTravelTime="112.84" meanSpeed="2.81" meanSpeedRelative="0.20" duration="2"/>
    <step time="23400.00" loaded="13337" inserted="13328" running="69" waiting="9" ended="13259" arrived="13259" collisions="0" teleports="0" halting="22" stopped="0" meanWaitingTime="23.93" meanTravelTime="112.82" meanSpeed="4.66" meanSpeedRelative="0.34" duration="2"/>
    <step time="23700.00" loaded="13567" inserted="13547" running="77" waiting="20" ended="13470" arrived="13470" collisions="0" teleports="0" halting="35" stopped="0" meanWaitingTime="23.76" meanTravelTime="112.52" meanSpeed="4.16" meanSpeedRelative="0.30" duration="3"/>
    <step time="24000.00" loaded="13744" inserted="13725" running="62" waiting="19" ended="13663" arrived="13663" collisions="0" teleports="0" halting="13" stopped="0" meanWaitingTime="23.77" meanTravelTime="112.46" meanSpeed="5.31" meanSpeedRelative="0.38" duration="1"/>
    <step time="24300.00" loaded="13953" inserted="13931" running="116" waiting="22" ended="13815" arrived="13815" collisions="0" teleports="0" halting="74" stopped="0" meanWaitingTime="23.92" meanTravelTime="112.40" meanSpeed="2.57" meanSpeedRelative="0.19" duration="3"/>
    <step time="24600.00" loaded="14177" inserted="14140" running="82" waiting="37" ended="14058" arrived="14058" collisions="0" teleports="0" halting="31" stopped="0" meanWaitingTime="24.13" meanTravelTime="112.86" meanSpeed="4.28" meanSpeedRelative="0.31" duration="3"/>
    <step time="24900.00" loaded="14391" inserted="14356" running="85" waiting="35" ended="14271" arrived="14271" collisions="0" teleports="0" halting="29" stopped="0" meanWaitingTime="24.64" meanTravelTime="112.77" meanSpeed="4.24" meanSpeedRelative="0.31" duration="1"/>
    <step time="25200.00" loaded="14585" inserted="14543" running="64" waiting="42" ended="14479" arrived="14479" collisions="0" teleports="0" halting="21" stopped="0" meanWaitingTime="24.87" meanTravelTime="112.67" meanSpeed="5.10" meanSpeedRelative="0.38" duration="2"/>
    <step time="25500.00" loaded="14759" inserted="14738" running="61" waiting="21" ended="14677" arrived="14677" collisions="0" teleports="0" halting="25" stopped="0" meanWaitingTime="25.24" meanTravelTime="112.74" meanSpeed="4.63" meanSpeedRelative="0.33" duration="1"/>
    <step time="25800.00" loaded="14993" inserted="14962" running="75" waiting="31" ended="14887" arrived="14887" collisions="0" teleports="0" halting="14" stopped="0" meanWaitingTime="25.29" meanTravelTime="112.55" meanSpeed="5.40" meanSpeedRelative="0.39" duration="3"/>
    <step time="26100.00" loaded="15203" inserted="15173" running="85" waiting="30" ended="15088" arrived="15088" collisions="0" teleports="0" halting="28" stopped="0" meanWaitingTime="25.56" meanTravelTime="112.48" meanSpeed="4.01" meanSpeedRelative="0.29" duration="2"/>
    <step time="26400.00" loaded="15396" inserted="15358" running="75" waiting="38" ended="15283" arrived="15283" collisions="0" teleports="0" halting="27" stopped="0" meanWaitingTime="25.87" meanTravelTime="112.70" meanSpeed="4.12" meanSpeedRelative="0.30" duration="3"/>
    <step time="26700.00" loaded="15612" inserted="15584" running="105" waiting="28" ended="15479" arrived="15479" collisions="0" teleports="0" halting="43" stopped="0" meanWaitingTime="26.26" meanTravelTime="112.59" meanSpeed="3.70" meanSpeedRelative="0.27" duration="2"/>
    <step time="27000.00" loaded="15829" inserted="15809" running="119" waiting="20" ended="15690" arrived="15690" collisions="0" teleports="0" halting="29" stopped="0" meanWaitingTime="26.59" meanTravelTime="112.80" meanSpeed="5.38" meanSpeedRelative="0.39" duration="4"/>
    <step time="27300.00" loaded="16051" inserted="16023" running="103" waiting="28" ended="15920" arrived="15920" collisions="0" teleports="0" halting="33" stopped="0" meanWaitingTime="26.68" meanTravelTime="112.85" meanSpeed="3.72" meanSpeedRelative="0.27" duration="4"/>
    <step time="27600.00" loaded="16251" inserted="16228" running="74" waiting="23" ended="16154" arrived="16154" collisions="0" teleports="0" halting="39" stopped="0" meanWaitingTime="26.73" meanTravelTime="113.09" meanSpeed="2.98" meanSpeedRelative="0.21" duration="1"/>
    <step time="27900.00" loaded="16462" inserted="16428" running="54" waiting="34" ended="16374" arrived="16374" collisions="0" teleports="0" halting="11" stopped="0" meanWaitingTime="26.84" meanTravelTime="112.93" meanSpeed="6.05" meanSpeedRelative="0.44" duration="2"/>
    <step time="28200.00" loaded="16684" inserted="16661" running="76" waiting="23" ended="16585" arrived="16585" collisions="0" teleports="0" halting="13" stopped="0" meanWaitingTime="27.17" meanTravelTime="112.75" meanSpeed="5.37" meanSpeedRelative="0.39" duration="3"/>
    <step time="28500.00" loaded="16884" inserted="16855" running="82" waiting="29" ended="16773" arrived="16773" collisions="0" teleports="0" halting="19" stopped="0" meanWaitingTime="27.31" meanTravelTime="112.73" meanSpeed="6.42" meanSpeedRelative="0.46" duration="3"/>
    <step time="28800.00" loaded="17098" inserted="17066" running="72" waiting="32" ended="16994" arrived="16994" collisions="0" teleports="0" halting="26" stopped="0" meanWaitingTime="27.41" meanTravelTime="112.71" meanSpeed="4.31" meanSpeedRelative="0.31" duration="3"/>
    <step time="29100.00" loaded="17322" inserted="17288" running="108" waiting="34" ended="17180" arrived="17180" collisions="0" teleports="0" halting="43" stopped="0" meanWaitingTime="27.50" meanTravelTime="112.88" meanSpeed="2.38" meanSpeedRelative="0.17" duration="4"/>
    <step time="29400.00" loaded="17525" inserted="17477" running="71" waiting="48" ended="17406" arrived="17406" collisions="0" teleports="0" halting="20" stopped="0" meanWaitingTime="27.78" meanTravelTime="113.18" meanSpeed="5.17" meanSpeedRelative="0.37" duration="4"/>
    <step time="29700.00" loaded="17705" inserted="17672" running="61" waiting="33" ended="17611" arrived="17611" collisions="0" teleports="0" halting="15" stopped="0" meanWaitingTime="28.02" meanTravelTime="113.23" meanSpeed="4.49" meanSpeedRelative="0.32" duration="3"/>
    <step time="30000.00" loaded="17882" inserted="17850" running="63" waiting="32" ended="17787" arrived="17787" collisions="0" teleports="0" halting="23" stopped="0" meanWaitingTime="28.24" meanTravelTime="113.26" meanSpeed="4.52" meanSpeedRelative="0.33" duration="3"/>
    <step time="30300.00" loaded="18080" inserted="18042" running="87" waiting="38" ended="17955" arrived="17955" collisions="0" teleports="0" halting="45" stopped="0" meanWaitingTime="28.62" meanTravelTime="113.23" meanSpeed="3.18" meanSpeedRelative="0.23" duration="4"/>
    <step time="30600.00" loaded="18295" inserted="18254" running="89" waiting="41" ended="18165" arrived="18165" collisions="0" teleports="0" halting="48" stopped="0" meanWaitingTime="28.94" meanTravelTime="113.31" meanSpeed="3.76" meanSpeedRelative="0.27" duration="5"/>
    <step time="30900.00" loaded="18514" inserted="18471" running="95" waiting="43" ended="18376" arrived="18376" collisions="0" teleports="0" halting="34" stopped="0" meanWaitingTime="29.25" meanTravelTime="113.40" meanSpeed="3.90" meanSpeedRelative="0.28" duration="1"/>
    <step time="31200.00" loaded="18687" inserted="18647" running="79" waiting="40" ended="18568" arrived="18568" collisions="0" teleports="0" halting="15" stopped="0" meanWaitingTime="29.40" meanTravelTime="113.57" meanSpeed="5.27" meanSpeedRelative="0.38" duration="2"/>
    <step time="31500.00" loaded="18864" inserted="18824" running="67" waiting="40" ended="18757" arrived="18757" collisions="0" teleports="0" halting="26" stopped="0" meanWaitingTime="29.67" meanTravelTime="113.97" meanSpeed="4.37" meanSpeedRelative="0.31" duration="3"/>
    <step time="31800.00" loaded="19020" inserted="18989" running="77" waiting="31" ended="18912" arrived="18912" collisions="0" teleports="0" halting="22" stopped="0" meanWaitingTime="30.04" meanTravelTime="114.05" meanSpeed="4.82" meanSpeedRelative="0.35" duration="1"/>
    <step time="32100.00" loaded="19201" inserted="19161" running="55" waiting="40" ended="19106" arrived="19106" collisions="0" teleports="0" halting="18" stopped="0" meanWaitingTime="30.33" meanTravelTime="113.99" meanSpeed="6.05" meanSpeedRelative="0.44" duration="3"/>
    <step time="32400.00" loaded="19368" inserted="19324" running="66" waiting="44" ended="19258" arrived="19258" collisions="0" teleports="0" halting="26" stopped="0" meanWaitingTime="30.59" meanTravelTime="113.86" meanSpeed="4.38" meanSpeedRelative="0.32" duration="2"/>
    <step time="32700.00" loaded="19546" inserted="19506" running="70" waiting="40" ended="19436" arrived="19436" collisions="0" teleports="0" halting="16" stopped="0" meanWaitingTime="30.85" meanTravelTime="114.01" meanSpeed="5.44" meanSpeedRelative="0.41" duration="3"/>
    <step time="33000.00" loaded="19717" inserted="19686" running="68" waiting="31" ended="19618" arrived="19618" collisions="0" teleports="0" halting="8" stopped="0" meanWaitingTime="31.15" meanTravelTime="114.12" meanSpeed="6.62" meanSpeedRelative="0.48" duration="3"/>
    <step time="33300.00" loaded="19848" inserted="19824" running="64" waiting="24" ended="19760" arrived="19760" collisions="0" teleports="0" halting="20" stopped="0" meanWaitingTime="31.33" meanTravelTime="114.19" meanSpeed="5.11" meanSpeedRelative="0.37" duration="3"/>
    <step time="33600.00" loaded="20040" inserted="20004" running="63" waiting="36" ended="19941" arrived="19941" collisions="0" teleports="0" halting="30" stopped="0" meanWaitingTime="31.52" meanTravelTime="114.12" meanSpeed="4.85" meanSpeedRelative="0.35" duration="2"/>
    <step time="33900.00" loaded="20195" inserted="20159" running="56" waiting="36" ended="20103" arrived="20103" collisions="0" teleports="0" halting="19" stopped="0" meanWaitingTime="31.75" meanTravelTime="114.02" meanSpeed="4.90" meanSpeedRelative="0.35" duration="1"/>
    <step time="34200.00" loaded="20352" inserted="20315" running="62" waiting="37" ended="20253" arrived="20253" collisions="0" teleports="0" halting="20" stopped="0" meanWaitingTime="31.98" meanTravelTime="114.01" meanSpeed="4.36" meanSpeedRelative="0.31" duration="3"/>
    <step time="34500.00" loaded="20518" inserted="20493" running="85" waiting="25" ended="20408" arrived="20408" collisions="0" teleports="0" halting="13" stopped="0" meanWaitingTime="32.30" meanTravelTime="114.06" meanSpeed="4.92" meanSpeedRelative="0.35" duration="4"/>
    <step time="34800.00" loaded="20673" inserted="20642" running="70" waiting="31" ended="20572" arrived="20572" collisions="0" teleports="0" halting="20" stopped="0" meanWaitingTime="32.51" meanTravelTime="114.37" meanSpeed="4.32" meanSpeedRelative="0.31" duration="2"/>
    <step time="35100.00" loaded="20811" inserted="20799" running="61" waiting="12" ended="20738" arrived="20738" collisions="0" teleports="0" halting="15" stopped="0" meanWaitingTime="32.67" meanTravelTime="114.49" meanSpeed="5.79" meanSpeedRelative="0.42" duration="2"/>
    <step time="35400.00" loaded="20949" inserted="20942" running="49" waiting="7" ended="20893" arrived="20893" collisions="0" teleports="0" halting="7" stopped="0" meanWaitingTime="32.50" meanTravelTime="114.38" meanSpeed="4.84" meanSpeedRelative="0.35" duration="2"/>
    <step time="35700.00" loaded="21093" inserted="21086" running="48" waiting="7" ended="21038" arrived="21038" collisions="0" teleports="0" halting="20" stopped="0" meanWaitingTime="32.40" meanTravelTime="114.45" meanSpeed="4.30" meanSpeedRelative="0.31" duration="2"/>
    <step time="36000.00" loaded="21248" inserted="21242" running="43" waiting="6" ended="21199" arrived="21199" collisions="0" teleports="0" halting="16" stopped="0" meanWaitingTime="32.31" meanTravelTime="114.33" meanSpeed="4.23" meanSpeedRelative="0.30" duration="2"/>
    <step time="36300.00" loaded="21420" inserted="21403" running="57" waiting="17" ended="21346" arrived="21346" collisions="0" teleports="0" halting="30" stopped="0" meanWaitingTime="32.22" meanTravelTime="114.13" meanSpeed="3.62" meanSpeedRelative="0.26" duration="3"/>
    <step time="36600.00" loaded="21567" inserted="21557" running="50" waiting="10" ended="21507" arrived="21507" collisions="0" teleports="0" halting="8" stopped="0" meanWaitingTime="32.16" meanTravelTime="114.14" meanSpeed="5.51" meanSpeedRelative="0.40" duration="3"/>
    <step time="36900.00" loaded="21704" inserted="21684" running="38" waiting="20" ended="21646" arrived="21646" collisions="0" teleports="0" halting="10" stopped="0" meanWaitingTime="32.05" meanTravelTime="114.12" meanSpeed="6.43" meanSpeedRelative="0.46" duration="2"/>
    <step time="37200.00" loaded="21825" inserted="21802" running="48" waiting="23" ended="21754" arrived="21754" collisions="0" teleports="0" halting="34" stopped="0" meanWaitingTime="32.06" meanTravelTime="114.00" meanSpeed="2.16" meanSpeedRelative="0.16" duration="1"/>
    <step time="37500.00" loaded="21967" inserted="21930" running="50" waiting="37" ended="21880" arrived="21880" collisions="0" teleports="0" halting="10" stopped="0" meanWaitingTime="32.25" meanTravelTime="114.13" meanSpeed="6.25" meanSpeedRelative="0.45" duration="2"/>
    <step time="37800.00" loaded="22120" inserted="22079" running="60" waiting="41" ended="22019" arrived="22019" collisions="0" teleports="0" halting="28" stopped="0" meanWaitingTime="32.54" meanTravelTime="114.10" meanSpeed="4.22" meanSpeedRelative="0.30" duration="3"/>
    <step time="38100.00" loaded="22266" inserted="22222" running="70" waiting="44" ended="22152" arrived="22152" collisions="0" teleports="0" halting="34" stopped="0" meanWaitingTime="32.79" meanTravelTime="114.11" meanSpeed="3.52" meanSpeedRelative="0.25" duration="2"/>
    <step time="38400.00" loaded="22392" inserted="22366" running="58" waiting="26" ended="22308" arrived="22308" collisions="0" teleports="0" halting="34" stopped="0" meanWaitingTime="33.11" meanTravelTime="114.24" meanSpeed="3.65" meanSpeedRelative="0.26" duration="3"/>
    <step time="38700.00" loaded="22490" inserted="22475" running="53" waiting="15" ended="22422" arrived="22422" collisions="0" teleports="0" halting="35" stopped="0" meanWaitingTime="33.26" meanTravelTime="114.35" meanSpeed="3.14" meanSpeedRelative="0.23" duration="2"/>
    <step time="39000.00" loaded="22596" inserted="22563" running="57" waiting="33" ended="22506" arrived="22506" collisions="0" teleports="0" halting="7" stopped="0" meanWaitingTime="33.47" meanTravelTime="114.48" meanSpeed="6.21" meanSpeedRelative="0.45" duration="2"/>
    <step time="39300.00" loaded="22722" inserted="22681" running="43" waiting="41" ended="22638" arrived="22638" collisions="0" teleports="0" halting="16" stopped="0" meanWaitingTime="33.74" meanTravelTime="114.76" meanSpeed="4.15" meanSpeedRelative="0.30" duration="2"/>
    <step time="39600.00" loaded="22832" inserted="22793" running="30" waiting="39" ended="22763" arrived="22763" collisions="0" teleports="0" halting="13" stopped="0" meanWaitingTime="33.99" meanTravelTime="114.68" meanSpeed="4.61" meanSpeedRelative="0.33" duration="2"/>
    <step time="39900.00" loaded="22957" inserted="22931" running="64" waiting="26" ended="22867" arrived="22867" collisions="0" teleports="0" halting="50" stopped="0" meanWaitingTime="34.31" meanTravelTime="114.58" meanSpeed="1.90" meanSpeedRelative="0.14" duration="3"/>
    <step time="40200.00" loaded="23046" inserted="23026" running="39" waiting="20" ended="22987" arrived="22987" collisions="0" teleports="0" halting="13" stopped="0" meanWaitingTime="34.55" meanTravelTime="114.72" meanSpeed="3.10" meanSpeedRelative="0.22" duration="0"/>
    <step time="40500.00" loaded="23147" inserted="23124" running="35" waiting="23" ended="23089" arrived="23089" collisions="0" teleports="0" halting="9" stopped="0" meanWaitingTime="34.66" meanTravelTime="114.87" meanSpeed="6.51" meanSpeedRelative="0.47" duration="2"/>
    <step time="40800.00" loaded="23257" inserted="23226" running="35" waiting="31" ended="23191" arrived="23191" collisions="0" teleports="0" halting="17" stopped="0" meanWaitingTime="34.93" meanTravelTime="114.77" meanSpeed="3.65" meanSpeedRelative="0.28" duration="2"/>
    <step time="41100.00" loaded="23339" inserted="23316" running="42" waiting="23" ended="23274" arrived="23274" collisions="0" teleports="0" halting="22" stopped="0" meanWaitingTime="35.13" meanTravelTime="114.82" meanSpeed="3.59" meanSpeedRelative="0.26" duration="1"/>
    <step time="41400.00" loaded="23401" inserted="23391" running="17" waiting="10" ended="23374" arrived="23374" collisions="0" teleports="0" halting="9" stopped="0" meanWaitingTime="35.24" meanTravelTime="115.01" meanSpeed="3.27" meanSpeedRelative="0.24" duration="0"/>
    <step time="41700.00" loaded="23500" inserted="23474" running="42" waiting="26" ended="23432" arrived="23432" collisions="0" teleports="0" halting="17" stopped="0" meanWaitingTime="35.38" meanTravelTime="114.99" meanSpeed="4.85" meanSpeedRelative="0.35" duration="1"/>
    <step time="42000.00" loaded="23581" inserted="23552" running="17" waiting="29" ended="23535" arrived="23535" collisions="0" teleports="0" halting="9" stopped="0" meanWaitingTime="35.60" meanTravelTime="114.99" meanSpeed="3.41" meanSpeedRelative="0.28" duration="1"/>
    <step time="42300.00" loaded="23685" inserted="23662" running="38" waiting="23" ended="23624" arrived="23624" collisions="0" teleports="0" halting="8" stopped="0" meanWaitingTime="35.87" meanTravelTime="114.88" meanSpeed="7.70" meanSpeedRelative="0.55" duration="2"/>
    <step time="42600.00" loaded="23797" inserted="23760" running="41" waiting="37" ended="23719" arrived="23719" collisions="0" teleports="0" halting="5" stopped="0" meanWaitingTime="36.07" meanTravelTime="114.82" meanSpeed="7.44" meanSpeedRelative="0.54" duration="2"/>
    <step time="42900.00" loaded="23896" inserted="23871" running="47" waiting="25" ended="23824" arrived="23824" collisions="0" teleports="0" halting="21" stopped="0" meanWaitingTime="36.38" meanTravelTime="114.89" meanSpeed="5.19" meanSpeedRelative="0.37" duration="2"/>
    <step time="43200.00" loaded="23998" inserted="23962" running="24" waiting="36" ended="23938" arrived="23938" collisions="0" teleports="0" halting="8" stopped="0" meanWaitingTime="36.52" meanTravelTime="114.93" meanSpeed="6.47" meanSpeedRelative="0.47" duration="1"/>
    <step time="43500.00" loaded="24077" inserted="24051" running="34" waiting="26" ended="24017" arrived="24017" collisions="0" teleports="0" halting="8" stopped="0" meanWaitingTime="36.69" meanTravelTime="114.91" meanSpeed="6.73" meanSpeedRelative="0.48" duration="1"/>
    <step time="43800.00" loaded="24178" inserted="24142" running="36" waiting="36" ended="24106" arrived="24106" collisions="0" teleports="0" halting="18" stopped="0" meanWaitingTime="36.92" meanTravelTime="114.86" meanSpeed="4.06" meanSpeedRelative="0.29" duration="2"/>
    <step time="44100.00" loaded="24286" inserted="24253" running="49" waiting="33" ended="24204" arrived="24204" collisions="0" teleports="0" halting="15" stopped="0" meanWaitingTime="37.19" meanTravelTime="114.83" meanSpeed="4.84" meanSpeedRelative="0.35" duration="2"/>
    <step time="44400.00" loaded="24396" inserted="24349" running="66" waiting="47" ended="24283" arrived="24283" collisions="0" teleports="0" halting="49" stopped="0" meanWaitingTime="37.52" meanTravelTime="114.82" meanSpeed="1.31" meanSpeedRelative="0.09" duration="1"/>
    <step time="44700.00" loaded="24498" inserted="24440" running="45" waiting="58" ended="24395" arrived="24395" collisions="0" teleports="0" halting="12" stopped="0" meanWaitingTime="37.99" meanTravelTime="115.27" meanSpeed="4.29" meanSpeedRelative="0.31" duration="1"/>
    <step time="45000.00" loaded="24605" inserted="24522" running="33" waiting="83" ended="24489" arrived="24489" collisions="0" teleports="0" halting="5" stopped="0" meanWaitingTime="38.31" meanTravelTime="115.44" meanSpeed="4.51" meanSpeedRelative="0.32" duration="1"/>
    <step time="45300.00" loaded="24693" inserted="24635" running="68" waiting="58" ended="24567" arrived="24567" collisions="0" teleports="0" halting="12" stopped="0" meanWaitingTime="39.17" meanTravelTime="115.58" meanSpeed="4.20" meanSpeedRelative="0.30" duration="3"/>
    <step time="45600.00" loaded="24775" inserted="24714" running="46" waiting="61" ended="24668" arrived="24668" collisions="0" teleports="0" halting="33" stopped="0" meanWaitingTime="39.63" meanTravelTime="115.77" meanSpeed="2.48" meanSpeedRelative="0.18" duration="2"/>
    <step time="45900.00" loaded="24863" inserted="24795" running="59" waiting="68" ended="24736" arrived="24736" collisions="0" teleports="0" halting="49" stopped="0" meanWaitingTime="40.32" meanTravelTime="115.86" meanSpeed="1.34" meanSpeedRelative="0.10" duration="3"/>
    <step time="46200.00" loaded="24943" inserted="24879" running="87" waiting="64" ended="24792" arrived="24792" collisions="0" teleports="0" halting="77" stopped="0" meanWaitingTime="40.94" meanTravelTime="115.74" meanSpeed="0.74" meanSpeedRelative="0.06" duration="3"/>
    <step time="46500.00" loaded="24991" inserted="24939" running="95" waiting="52" ended="24844" arrived="24844" collisions="0" teleports="0" halting="95" stopped="0" meanWaitingTime="41.28" meanTravelTime="115.63" meanSpeed="0.00" meanSpeedRelative="0.00" duration="2"/>
    <step time="46800.00" loaded="25011" inserted="24959" running="98" waiting="52" ended="24861" arrived="24861" collisions="0" teleports="0" halting="97" stopped="0" meanWaitingTime="41.25" meanTravelTime="115.58" meanSpeed="0.16" meanSpeedRelative="0.01" duration="2"/>
    <step time="47100.00" loaded="25029" inserted="24977" running="94" waiting="52" ended="24883" arrived="24883" collisions="0" teleports="0" halting="91" stopped="0" meanWaitingTime="41.22" meanTravelTime="115.51" meanSpeed="0.19" meanSpeedRelative="0.01" duration="3"/>
    <step time="47400.00" loaded="25045" inserted="24993" running="93" waiting="52" ended="24900" arrived="24900" collisions="0" teleports="0" halting="93" stopped="0" meanWaitingTime="41.19" meanTravelTime="115.46" meanSpeed="0.00" meanSpeedRelative="0.00" duration="2"/>
    <step time="47700.00" loaded="25059" inserted="25007" running="94" waiting="52" ended="24913" arrived="24913" collisions="0" teleports="0" halting="94" stopped="0" meanWaitingTime="41.17" meanTravelTime="115.42" meanSpeed="0.00" meanSpeedRelative="0.00" duration="2"/>
    <step time="48000.00" loaded="25072" inserted="25020" running="92" waiting="52" ended="24928" arrived="24928" collisions="0" teleports="0" halting="91" stopped="0" meanWaitingTime="41.15" meanTravelTime="115.39" meanSpeed="0.06" meanSpeedRelative="0.00" duration="2"/>
    <step time="48300.00" loaded="25086" inserted="25034" running="92" waiting="52" ended="24942" arrived="24942" collisions="0" teleports="0" halting="91" stopped="0" meanWaitingTime="41.13" meanTravelTime="115.34" meanSpeed="0.04" meanSpeedRelative="0.00" duration="3"/>
    <step time="48600.00" loaded="25102" inserted="25050" running="93" waiting="52" ended="24957" arrived="24957" collisions="0" teleports="0" halting="91" stopped="0" meanWaitingTime="41.10" meanTravelTime="115.29" meanSpeed="0.16" meanSpeedRelative="0.01" duration="1"/>
    <step time="48900.00" loaded="25117" inserted="25065" running="97" waiting="52" ended="24968" arrived="24968" collisions="0" teleports="0" halting="96" stopped="0" meanWaitingTime="41.07" meanTravelTime="115.25" meanSpeed="0.03" meanSpeedRelative="0.00" duration="2"/>
    <step time="49200.00" loaded="25126" inserted="25074" running="91" waiting="52" ended="24983" arrived="24983" collisions="0" teleports="0" halting="91" stopped="0" meanWaitingTime="41.06" meanTravelTime="115.21" meanSpeed="0.00" meanSpeedRelative="0.00" duration="2"/>
</summary>
