<?xml version="1.0" encoding="UTF-8"?>

<!-- generated on 2025-02-28 18:38:08 by Eclipse SUMO GUI Version 1.19.0
<configuration xmlns:xsi="http://www.w3.org/2001/XMLSchema-instance" xsi:noNamespaceSchemaLocation="http://sumo.dlr.de/xsd/sumoConfiguration.xsd">

    <input>
        <net-file value="Network.net.xml"/>
        <route-files value="CarRoutes.rou.xml"/>
        <additional-files value="Sensors.add.xml"/>
    </input>

    <output>
        <emission-output value="logs/Emissions.xml"/>
        <summary-output value="logs/Log_summary.xml"/>
        <summary-output.period value="300"/>
        <tripinfo-output value="logs/TripInfos.xml"/>
    </output>

    <time>
        <begin value="0"/>
        <end value="86400"/>
        <step-length value="0.25"/>
    </time>

    <processing>
        <ignore-junction-blocker value="0.1"/>
        <time-to-teleport value="-1"/>
    </processing>

    <report>
        <verbose value="true"/>
        <no-step-log value="true"/>
    </report>

    <emissions>
        <device.emissions.period value="10"/>
    </emissions>

    <traci_server>
        <remote-port value="58894"/>
    </traci_server>

    <gui_only>
        <quit-on-end value="true"/>
        <start value="true"/>
    </gui_only>

</configuration>
-->

<summary xmlns:xsi="http://www.w3.org/2001/XMLSchema-instance" xsi:noNamespaceSchemaLocation="http://sumo.dlr.de/xsd/summary_file.xsd">
    <step time="0.00" loaded="0" inserted="0" running="0" waiting="0" ended="0" arrived="0" collisions="0" teleports="0" halting="0" stopped="0" meanWaitingTime="-1.00" meanTravelTime="-1.00" meanSpeed="-1.00" meanSpeedRelative="-1.00" duration="0"/>
    <step time="300.00" loaded="214" inserted="199" running="96" waiting="15" ended="103" arrived="103" collisions="0" teleports="0" halting="44" stopped="0" meanWaitingTime="13.58" meanTravelTime="78.87" meanSpeed="3.73" meanSpeedRelative="0.27" duration="2"/>
    <step time="600.00" loaded="377" inserted="365" running="83" waiting="12" ended="282" arrived="282" collisions="0" teleports="0" halting="28" stopped="0" meanWaitingTime="16.46" meanTravelTime="112.68" meanSpeed="5.09" meanSpeedRelative="0.37" duration="3"/>
    <step time="900.00" loaded="532" inserted="522" running="63" waiting="10" ended="459" arrived="459" collisions="0" teleports="0" halting="33" stopped="0" meanWaitingTime="14.96" meanTravelTime="122.04" meanSpeed="3.57" meanSpeedRelative="0.26" duration="2"/>
    <step time="1200.00" loaded="703" inserted="688" running="58" waiting="15" ended="630" arrived="630" collisions="0" teleports="0" halting="7" stopped="0" meanWaitingTime="17.50" meanTravelTime="122.01" meanSpeed="7.56" meanSpeedRelative="0.54" duration="3"/>
    <step time="1500.00" loaded="867" inserted="847" running="52" waiting="20" ended="795" arrived="795" collisions="0" teleports="0" halting="11" stopped="0" meanWaitingTime="18.40" meanTravelTime="117.81" meanSpeed="5.33" meanSpeedRelative="0.38" duration="1"/>
    <step time="1800.00" loaded="1032" inserted="1012" running="55" waiting="20" ended="957" arrived="957" collisions="0" teleports="0" halting="21" stopped="0" meanWaitingTime="21.06" meanTravelTime="116.61" meanSpeed="4.04" meanSpeedRelative="0.29" duration="1"/>
    <step time="2100.00" loaded="1190" inserted="1175" running="64" waiting="15" ended="1111" arrived="1111" collisions="0" teleports="0" halting="40" stopped="0" meanWaitingTime="19.99" meanTravelTime="113.76" meanSpeed="3.71" meanSpeedRelative="0.27" duration="1"/>
    <step time="2400.00" loaded="1334" inserted="1318" running="41" waiting="16" ended="1277" arrived="1277" collisions="0" teleports="0" halting="11" stopped="0" meanWaitingTime="19.81" meanTravelTime="114.71" meanSpeed="6.00" meanSpeedRelative="0.43" duration="2"/>
    <step time="2700.00" loaded="1477" inserted="1474" running="51" waiting="3" ended="1423" arrived="1423" collisions="0" teleports="0" halting="11" stopped="0" meanWaitingTime="19.63" meanTravelTime="112.05" meanSpeed="4.39" meanSpeedRelative="0.32" duration="2"/>
    <step time="3000.00" loaded="1635" inserted="1628" running="41" waiting="7" ended="1587" arrived="1587" collisions="0" teleports="0" halting="20" stopped="0" meanWaitingTime="18.39" meanTravelTime="112.26" meanSpeed="4.65" meanSpeedRelative="0.33" duration="1"/>
    <step time="3300.00" loaded="1809" inserted="1788" running="59" waiting="21" ended="1729" arrived="1729" collisions="0" teleports="0" halting="14" stopped="0" meanWaitingTime="18.98" meanTravelTime="111.19" meanSpeed="5.63" meanSpeedRelative="0.41" duration="1"/>
    <step time="3600.00" loaded="1944" inserted="1930" running="39" waiting="14" ended="1891" arrived="1891" collisions="0" teleports="0" halting="9" stopped="0" meanWaitingTime="20.44" meanTravelTime="110.04" meanSpeed="6.18" meanSpeedRelative="0.44" duration="2"/>
    <step time="3900.00" loaded="2109" inserted="2109" running="78" waiting="0" ended="2031" arrived="2031" collisions="0" teleports="0" halting="28" stopped="0" meanWaitingTime="19.46" meanTravelTime="108.74" meanSpeed="3.43" meanSpeedRelative="0.25" duration="2"/>
    <step time="4200.00" loaded="2240" inserted="2240" running="50" waiting="0" ended="2190" arrived="2190" collisions="0" teleports="0" halting="15" stopped="0" meanWaitingTime="19.38" meanTravelTime="111.18" meanSpeed="5.80" meanSpeedRelative="0.42" duration="3"/>
    <step time="4500.00" loaded="2416" inserted="2415" running="66" waiting="1" ended="2349" arrived="2349" collisions="0" teleports="0" halting="27" stopped="0" meanWaitingTime="18.43" meanTravelTime="109.98" meanSpeed="4.46" meanSpeedRelative="0.32" duration="1"/>
    <step time="4800.00" loaded="2574" inserted="2568" running="53" waiting="6" ended="2515" arrived="2515" collisions="0" teleports="0" halting="16" stopped="0" meanWaitingTime="17.59" meanTravelTime="109.46" meanSpeed="4.24" meanSpeedRelative="0.31" duration="2"/>
    <step time="5100.00" loaded="2739" inserted="2729" running="56" waiting="10" ended="2673" arrived="2673" collisions="0" teleports="0" halting="8" stopped="0" meanWaitingTime="18.21" meanTravelTime="109.69" meanSpeed="6.90" meanSpeedRelative="0.50" duration="1"/>
    <step time="5400.00" loaded="2890" inserted="2888" running="47" waiting="2" ended="2841" arrived="2841" collisions="0" teleports="0" halting="13" stopped="0" meanWaitingTime="17.59" meanTravelTime="109.08" meanSpeed="6.26" meanSpeedRelative="0.45" duration="1"/>
    <step time="5700.00" loaded="3077" inserted="3062" running="74" waiting="15" ended="2988" arrived="2988" collisions="0" teleports="0" halting="35" stopped="0" meanWaitingTime="16.96" meanTravelTime="108.60" meanSpeed="4.18" meanSpeedRelative="0.31" duration="2"/>
    <step time="6000.00" loaded="3203" inserted="3200" running="33" waiting="3" ended="3167" arrived="3167" collisions="0" teleports="0" halting="17" stopped="0" meanWaitingTime="16.93" meanTravelTime="109.32" meanSpeed="4.00" meanSpeedRelative="0.29" duration="1"/>
    <step time="6300.00" loaded="3365" inserted="3347" running="71" waiting="18" ended="3276" arrived="3276" collisions="0" teleports="0" halting="25" stopped="0" meanWaitingTime="16.93" meanTravelTime="109.56" meanSpeed="5.32" meanSpeedRelative="0.38" duration="3"/>
    <step time="6600.00" loaded="3524" inserted="3516" running="53" waiting="8" ended="3463" arrived="3463" collisions="0" teleports="0" halting="23" stopped="0" meanWaitingTime="17.12" meanTravelTime="109.50" meanSpeed="3.54" meanSpeedRelative="0.26" duration="1"/>
    <step time="6900.00" loaded="3710" inserted="3693" running="66" waiting="17" ended="3627" arrived="3627" collisions="0" teleports="0" halting="26" stopped="0" meanWaitingTime="16.99" meanTravelTime="109.34" meanSpeed="3.80" meanSpeedRelative="0.27" duration="2"/>
    <step time="7200.00" loaded="3866" inserted="3844" running="65" waiting="22" ended="3779" arrived="3779" collisions="0" teleports="0" halting="17" stopped="0" meanWaitingTime="17.58" meanTravelTime="109.52" meanSpeed="5.18" meanSpeedRelative="0.37" duration="1"/>
    <step time="7500.00" loaded="4015" inserted="4003" running="43" waiting="12" ended="3960" arrived="3960" collisions="0" teleports="0" halting="15" stopped="0" meanWaitingTime="18.25" meanTravelTime="109.65" meanSpeed="5.64" meanSpeedRelative="0.41" duration="1"/>
    <step time="7800.00" loaded="4169" inserted="4146" running="49" waiting="23" ended="4097" arrived="4097" collisions="0" teleports="0" halting="11" stopped="0" meanWaitingTime="18.70" meanTravelTime="109.16" meanSpeed="5.04" meanSpeedRelative="0.36" duration="2"/>
    <step time="8100.00" loaded="4341" inserted="4328" running="53" waiting="13" ended="4275" arrived="4275" collisions="0" teleports="0" halting="21" stopped="0" meanWaitingTime="19.74" meanTravelTime="108.39" meanSpeed="4.53" meanSpeedRelative="0.33" duration="2"/>
    <step time="8400.00" loaded="4523" inserted="4519" running="56" waiting="4" ended="4463" arrived="4463" collisions="0" teleports="0" halting="18" stopped="0" meanWaitingTime="19.61" meanTravelTime="107.75" meanSpeed="4.48" meanSpeedRelative="0.32" duration="2"/>
    <step time="8700.00" loaded="4693" inserted="4688" running="79" waiting="5" ended="4609" arrived="4609" collisions="0" teleports="0" halting="30" stopped="0" meanWaitingTime="19.34" meanTravelTime="107.25" meanSpeed="5.20" meanSpeedRelative="0.37" duration="4"/>
    <step time="9000.00" loaded="4879" inserted="4862" running="58" waiting="17" ended="4804" arrived="4804" collisions="0" teleports="0" halting="13" stopped="0" meanWaitingTime="19.12" meanTravelTime="107.72" meanSpeed="5.65" meanSpeedRelative="0.41" duration="1"/>
    <step time="9300.00" loaded="5062" inserted="5043" running="57" waiting="19" ended="4986" arrived="4986" collisions="0" teleports="0" halting="21" stopped="0" meanWaitingTime="19.10" meanTravelTime="107.73" meanSpeed="4.66" meanSpeedRelative="0.34" duration="2"/>
    <step time="9600.00" loaded="5231" inserted="5220" running="57" waiting="11" ended="5163" arrived="5163" collisions="0" teleports="0" halting="20" stopped="0" meanWaitingTime="19.50" meanTravelTime="107.54" meanSpeed="6.32" meanSpeedRelative="0.46" duration="1"/>
    <step time="9900.00" loaded="5376" inserted="5360" running="32" waiting="16" ended="5328" arrived="5328" collisions="0" teleports="0" halting="11" stopped="0" meanWaitingTime="19.33" meanTravelTime="107.19" meanSpeed="5.79" meanSpeedRelative="0.42" duration="1"/>
    <step time="10200.00" loaded="5545" inserted="5536" running="73" waiting="9" ended="5463" arrived="5463" collisions="0" teleports="0" halting="22" stopped="0" meanWaitingTime="19.53" meanTravelTime="106.91" meanSpeed="5.16" meanSpeedRelative="0.37" duration="1"/>
    <step time="10500.00" loaded="5723" inserted="5712" running="62" waiting="11" ended="5650" arrived="5650" collisions="0" teleports="0" halting="13" stopped="0" meanWaitingTime="19.35" meanTravelTime="107.37" meanSpeed="6.20" meanSpeedRelative="0.45" duration="1"/>
    <step time="10800.00" loaded="5894" inserted="5887" running="58" waiting="7" ended="5829" arrived="5829" collisions="0" teleports="0" halting="9" stopped="0" meanWaitingTime="19.33" meanTravelTime="107.35" meanSpeed="6.81" meanSpeedRelative="0.49" duration="1"/>
    <step time="11100.00" loaded="6069" inserted="6051" running="52" waiting="18" ended="5999" arrived="5999" collisions="0" teleports="0" halting="23" stopped="0" meanWaitingTime="19.29" meanTravelTime="107.13" meanSpeed="4.96" meanSpeedRelative="0.36" duration="1"/>
    <step time="11400.00" loaded="6243" inserted="6209" running="59" waiting="34" ended="6150" arrived="6150" collisions="0" teleports="0" halting="17" stopped="0" meanWaitingTime="19.91" meanTravelTime="106.88" meanSpeed="5.58" meanSpeedRelative="0.40" duration="1"/>
    <step time="11700.00" loaded="6387" inserted="6366" running="54" waiting="21" ended="6312" arrived="6312" collisions="0" teleports="0" halting="10" stopped="0" meanWaitingTime="20.95" meanTravelTime="106.78" meanSpeed="4.93" meanSpeedRelative="0.36" duration="2"/>
    <step time="12000.00" loaded="6564" inserted="6556" running="79" waiting="8" ended="6477" arrived="6477" collisions="0" teleports="0" halting="23" stopped="0" meanWaitingTime="20.99" meanTravelTime="107.20" meanSpeed="4.12" meanSpeedRelative="0.30" duration="3"/>
    <step time="12300.00" loaded="6733" inserted="6732" running="70" waiting="1" ended="6662" arrived="6662" collisions="0" teleports="0" halting="22" stopped="0" meanWaitingTime="20.68" meanTravelTime="108.10" meanSpeed="4.58" meanSpeedRelative="0.33" duration="1"/>
    <step time="12600.00" loaded="6903" inserted="6883" running="61" waiting="20" ended="6822" arrived="6822" collisions="0" teleports="0" halting="18" stopped="0" meanWaitingTime="20.50" meanTravelTime="108.50" meanSpeed="5.06" meanSpeedRelative="0.36" duration="1"/>
    <step time="12900.00" loaded="7068" inserted="7055" running="55" waiting="13" ended="7000" arrived="7000" collisions="0" teleports="0" halting="24" stopped="0" meanWaitingTime="20.69" meanTravelTime="108.55" meanSpeed="4.75" meanSpeedRelative="0.34" duration="2"/>
    <step time="13200.00" loaded="7243" inserted="7223" running="82" waiting="20" ended="7141" arrived="7141" collisions="0" teleports="0" halting="19" stopped="0" meanWaitingTime="20.73" meanTravelTime="108.45" meanSpeed="4.84" meanSpeedRelative="0.35" duration="3"/>
    <step time="13500.00" loaded="7421" inserted="7413" running="77" waiting="8" ended="7336" arrived="7336" collisions="0" teleports="0" halting="24" stopped="0" meanWaitingTime="20.63" meanTravelTime="108.96" meanSpeed="4.05" meanSpeedRelative="0.29" duration="2"/>
    <step time="13800.00" loaded="7612" inserted="7596" running="81" waiting="16" ended="7515" arrived="7515" collisions="0" teleports="0" halting="22" stopped="0" meanWaitingTime="20.71" meanTravelTime="109.31" meanSpeed="5.52" meanSpeedRelative="0.40" duration="2"/>
    <step time="14100.00" loaded="7771" inserted="7767" running="63" waiting="4" ended="7704" arrived="7704" collisions="0" teleports="0" halting="20" stopped="0" meanWaitingTime="20.73" meanTravelTime="109.57" meanSpeed="5.24" meanSpeedRelative="0.38" duration="3"/>
    <step time="14400.00" loaded="7907" inserted="7896" running="50" waiting="11" ended="7846" arrived="7846" collisions="0" teleports="0" halting="17" stopped="0" meanWaitingTime="20.90" meanTravelTime="109.63" meanSpeed="6.37" meanSpeedRelative="0.46" duration="1"/>
    <step time="14700.00" loaded="8101" inserted="8085" running="59" waiting="16" ended="8026" arrived="8026" collisions="0" teleports="0" halting="15" stopped="0" meanWaitingTime="20.83" meanTravelTime="109.28" meanSpeed="6.71" meanSpeedRelative="0.48" duration="3"/>
    <step time="15000.00" loaded="8257" inserted="8250" running="96" waiting="7" ended="8154" arrived="8154" collisions="0" teleports="0" halting="17" stopped="0" meanWaitingTime="20.64" meanTravelTime="109.45" meanSpeed="5.72" meanSpeedRelative="0.41" duration="1"/>
    <step time="15300.00" loaded="8417" inserted="8382" running="60" waiting="35" ended="8322" arrived="8322" collisions="0" teleports="0" halting="27" stopped="0" meanWaitingTime="20.80" meanTravelTime="110.13" meanSpeed="4.41" meanSpeedRelative="0.32" duration="3"/>
    <step time="15600.00" loaded="8582" inserted="8572" running="60" waiting="10" ended="8512" arrived="8512" collisions="0" teleports="0" halting="20" stopped="0" meanWaitingTime="21.56" meanTravelTime="109.80" meanSpeed="5.17" meanSpeedRelative="0.38" duration="3"/>
    <step time="15900.00" loaded="8773" inserted="8759" running="95" waiting="14" ended="8664" arrived="8664" collisions="0" teleports="0" halting="38" stopped="0" meanWaitingTime="21.79" meanTravelTime="109.71" meanSpeed="3.14" meanSpeedRelative="0.23" duration="4"/>
    <step time="16200.00" loaded="8961" inserted="8928" running="86" waiting="33" ended="8842" arrived="8842" collisions="0" teleports="0" halting="43" stopped="0" meanWaitingTime="22.14" meanTravelTime="110.31" meanSpeed="4.38" meanSpeedRelative="0.32" duration="2"/>
    <step time="16500.00" loaded="9128" inserted="9114" running="67" waiting="14" ended="9047" arrived="9047" collisions="0" teleports="0" halting="21" stopped="0" meanWaitingTime="22.67" meanTravelTime="110.75" meanSpeed="4.88" meanSpeedRelative="0.35" duration="2"/>
    <step time="16800.00" loaded="9315" inserted="9278" running="65" waiting="37" ended="9213" arrived="9213" collisions="0" teleports="0" halting="14" stopped="0" meanWaitingTime="22.90" meanTravelTime="111.00" meanSpeed="5.32" meanSpeedRelative="0.38" duration="2"/>
    <step time="17100.00" loaded="9485" inserted="9455" running="65" waiting="30" ended="9390" arrived="9390" collisions="0" teleports="0" halting="13" stopped="0" meanWaitingTime="23.61" meanTravelTime="111.16" meanSpeed="5.00" meanSpeedRelative="0.36" duration="1"/>
    <step time="17400.00" loaded="9666" inserted="9641" running="81" waiting="25" ended="9560" arrived="9560" collisions="0" teleports="0" halting="30" stopped="0" meanWaitingTime="24.27" meanTravelTime="111.51" meanSpeed="3.88" meanSpeedRelative="0.28" duration="2"/>
    <step time="17700.00" loaded="9843" inserted="9814" running="81" waiting="29" ended="9733" arrived="9733" collisions="0" teleports="0" halting="25" stopped="0" meanWaitingTime="24.64" meanTravelTime="111.73" meanSpeed="4.24" meanSpeedRelative="0.31" duration="2"/>
    <step time="18000.00" loaded="10007" inserted="9985" running="77" waiting="22" ended="9908" arrived="9908" collisions="0" teleports="0" halting="34" stopped="0" meanWaitingTime="25.15" meanTravelTime="112.23" meanSpeed="4.58" meanSpeedRelative="0.33" duration="3"/>
    <step time="18300.00" loaded="10192" inserted="10159" running="52" waiting="33" ended="10107" arrived="10107" collisions="0" teleports="0" halting="23" stopped="0" meanWaitingTime="25.35" meanTravelTime="112.49" meanSpeed="5.00" meanSpeedRelative="0.36" duration="2"/>
    <step time="18600.00" loaded="10350" inserted="10322" running="59" waiting="28" ended="10263" arrived="10263" collisions="0" teleports="0" halting="21" stopped="0" meanWaitingTime="25.94" meanTravelTime="112.33" meanSpeed="4.70" meanSpeedRelative="0.34" duration="1"/>
    <step time="18900.00" loaded="10537" inserted="10502" running="63" waiting="35" ended="10439" arrived="10439" collisions="0" teleports="0" halting="9" stopped="0" meanWaitingTime="26.25" meanTravelTime="112.24" meanSpeed="7.02" meanSpeedRelative="0.51" duration="1"/>
    <step time="19200.00" loaded="10714" inserted="10687" running="58" waiting="27" ended="10629" arrived="10629" collisions="0" teleports="0" halting="31" stopped="0" meanWaitingTime="26.56" meanTravelTime="111.90" meanSpeed="3.60" meanSpeedRelative="0.26" duration="1"/>
    <step time="19500.00" loaded="10923" inserted="10899" running="88" waiting="24" ended="10811" arrived="10811" collisions="0" teleports="0" halting="26" stopped="0" meanWaitingTime="26.86" meanTravelTime="111.74" meanSpeed="3.73" meanSpeedRelative="0.27" duration="3"/>
    <step time="19800.00" loaded="11101" inserted="11069" running="63" waiting="32" ended="11006" arrived="11006" collisions="0" teleports="0" halting="15" stopped="0" meanWaitingTime="27.15" meanTravelTime="111.72" meanSpeed="5.67" meanSpeedRelative="0.42" duration="2"/>
    <step time="20100.00" loaded="11296" inserted="11270" running="86" waiting="26" ended="11184" arrived="11184" collisions="0" teleports="0" halting="20" stopped="0" meanWaitingTime="27.61" meanTravelTime="111.67" meanSpeed="5.58" meanSpeedRelative="0.40" duration="3"/>
    <step time="20400.00" loaded="11462" inserted="11434" running="78" waiting="28" ended="11356" arrived="11356" collisions="0" teleports="0" halting="17" stopped="0" meanWaitingTime="27.98" meanTravelTime="111.79" meanSpeed="5.07" meanSpeedRelative="0.36" duration="3"/>
    <step time="20700.00" loaded="11632" inserted="11608" running="69" waiting="24" ended="11539" arrived="11539" collisions="0" teleports="0" halting="28" stopped="0" meanWaitingTime="28.27" meanTravelTime="111.92" meanSpeed="3.95" meanSpeedRelative="0.28" duration="2"/>
    <step time="21000.00" loaded="11815" inserted="11806" running="67" waiting="9" ended="11739" arrived="11739" collisions="0" teleports="0" halting="32" stopped="0" meanWaitingTime="28.51" meanTravelTime="111.76" meanSpeed="3.63" meanSpeedRelative="0.26" duration="2"/>
    <step time="21300.00" loaded="11978" inserted="11978" running="68" waiting="0" ended="11910" arrived="11910" collisions="0" teleports="0" halting="15" stopped="0" meanWaitingTime="28.27" meanTravelTime="111.73" meanSpeed="5.97" meanSpeedRelative="0.45" duration="2"/>
    <step time="21600.00" loaded="12200" inserted="12191" running="98" waiting="9" ended="12093" arrived="12093" collisions="0" teleports="0" halting="11" stopped="0" meanWaitingTime="27.98" meanTravelTime="111.69" meanSpeed="6.34" meanSpeedRelative="0.46" duration="5"/>
    <step time="21900.00" loaded="12384" inserted="12376" running="77" waiting="8" ended="12299" arrived="12299" collisions="0" teleports="0" halting="25" stopped="0" meanWaitingTime="27.67" meanTravelTime="111.87" meanSpeed="5.50" meanSpeedRelative="0.40" duration="2"/>
    <step time="22200.00" loaded="12577" inserted="12566" running="72" waiting="11" ended="12494" arrived="12494" collisions="0" teleports="0" halting="17" stopped="0" meanWaitingTime="27.42" meanTravelTime="111.69" meanSpeed="5.40" meanSpeedRelative="0.39" duration="2"/>
    <step time="22500.00" loaded="12754" inserted="12720" running="45" waiting="34" ended="12675" arrived="12675" collisions="0" teleports="0" halting="12" stopped="0" meanWaitingTime="27.36" meanTravelTime="111.91" meanSpeed="4.87" meanSpeedRelative="0.35" duration="2"/>
    <step time="22800.00" loaded="12948" inserted="12946" running="78" waiting="2" ended="12868" arrived="12868" collisions="0" teleports="0" halting="37" stopped="0" meanWaitingTime="27.33" meanTravelTime="111.69" meanSpeed="4.08" meanSpeedRelative="0.29" duration="2"/>
    <step time="23100.00" loaded="13132" inserted="13118" running="91" waiting="14" ended="13027" arrived="13027" collisions="0" teleports="0" halting="48" stopped="0" meanWaitingTime="27.15" meanTravelTime="111.87" meanSpeed="3.30" meanSpeedRelative="0.24" duration="2"/>
    <step time="23400.00" loaded="13319" inserted="13310" running="56" waiting="9" ended="13254" arrived="13254" collisions="0" teleports="0" halting="24" stopped="0" meanWaitingTime="27.08" meanTravelTime="111.95" meanSpeed="4.08" meanSpeedRelative="0.29" duration="1"/>
    <step time="23700.00" loaded="13548" inserted="13528" running="79" waiting="20" ended="13449" arrived="13449" collisions="0" teleports="0" halting="31" stopped="0" meanWaitingTime="26.86" meanTravelTime="111.56" meanSpeed="3.99" meanSpeedRelative="0.29" duration="1"/>
    <step time="24000.00" loaded="13724" inserted="13707" running="52" waiting="17" ended="13655" arrived="13655" collisions="0" teleports="0" halting="15" stopped="0" meanWaitingTime="26.82" meanTravelTime="111.59" meanSpeed="4.73" meanSpeedRelative="0.34" duration="2"/>
    <step time="24300.00" loaded="13932" inserted="13911" running="101" waiting="21" ended="13810" arrived="13810" collisions="0" teleports="0" halting="39" stopped="0" meanWaitingTime="26.91" meanTravelTime="111.44" meanSpeed="3.10" meanSpeedRelative="0.22" duration="3"/>
    <step time="24600.00" loaded="14157" inserted="14118" running="90" waiting="39" ended="14028" arrived="14028" collisions="0" teleports="0" halting="54" stopped="0" meanWaitingTime="27.03" meanTravelTime="111.75" meanSpeed="3.16" meanSpeedRelative="0.23" duration="2"/>
    <step time="24900.00" loaded="14372" inserted="14337" running="75" waiting="35" ended="14262" arrived="14262" collisions="0" teleports="0" halting="31" stopped="0" meanWaitingTime="27.50" meanTravelTime="112.10" meanSpeed="4.62" meanSpeedRelative="0.33" duration="2"/>
    <step time="25200.00" loaded="14564" inserted="14521" running="66" waiting="43" ended="14455" arrived="14455" collisions="0" teleports="0" halting="27" stopped="0" meanWaitingTime="27.74" meanTravelTime="111.97" meanSpeed="5.01" meanSpeedRelative="0.36" duration="2"/>
    <step time="25500.00" loaded="14737" inserted="14713" running="62" waiting="24" ended="14651" arrived="14651" collisions="0" teleports="0" halting="26" stopped="0" meanWaitingTime="28.08" meanTravelTime="112.07" meanSpeed="4.79" meanSpeedRelative="0.35" duration="1"/>
    <step time="25800.00" loaded="14968" inserted="14932" running="85" waiting="36" ended="14847" arrived="14847" collisions="0" teleports="0" halting="31" stopped="0" meanWaitingTime="28.28" meanTravelTime="111.82" meanSpeed="4.11" meanSpeedRelative="0.30" duration="3"/>
    <step time="26100.00" loaded="15179" inserted="15146" running="77" waiting="33" ended="15069" arrived="15069" collisions="0" teleports="0" halting="23" stopped="0" meanWaitingTime="28.62" meanTravelTime="111.91" meanSpeed="4.86" meanSpeedRelative="0.35" duration="1"/>
    <step time="26400.00" loaded="15374" inserted="15334" running="75" waiting="40" ended="15259" arrived="15259" collisions="0" teleports="0" halting="35" stopped="0" meanWaitingTime="28.90" meanTravelTime="111.88" meanSpeed="3.19" meanSpeedRelative="0.23" duration="1"/>
    <step time="26700.00" loaded="15588" inserted="15565" running="125" waiting="23" ended="15440" arrived="15440" collisions="0" teleports="0" halting="29" stopped="0" meanWaitingTime="29.38" meanTravelTime="111.70" meanSpeed="4.47" meanSpeedRelative="0.32" duration="3"/>
    <step time="27000.00" loaded="15804" inserted="15767" running="111" waiting="37" ended="15656" arrived="15656" collisions="0" teleports="0" halting="29" stopped="0" meanWaitingTime="29.66" meanTravelTime="112.28" meanSpeed="4.57" meanSpeedRelative="0.33" duration="4"/>
    <step time="27300.00" loaded="16027" inserted="15991" running="100" waiting="36" ended="15891" arrived="15891" collisions="0" teleports="0" halting="38" stopped="0" meanWaitingTime="29.90" meanTravelTime="112.40" meanSpeed="3.62" meanSpeedRelative="0.26" duration="3"/>
    <step time="27600.00" loaded="16222" inserted="16182" running="79" waiting="40" ended="16103" arrived="16103" collisions="0" teleports="0" halting="49" stopped="0" meanWaitingTime="30.11" meanTravelTime="112.48" meanSpeed="2.38" meanSpeedRelative="0.17" duration="3"/>
    <step time="27900.00" loaded="16431" inserted="16397" running="65" waiting="34" ended="16332" arrived="16332" collisions="0" teleports="0" halting="14" stopped="0" meanWaitingTime="30.41" meanTravelTime="112.44" meanSpeed="6.21" meanSpeedRelative="0.45" duration="1"/>
    <step time="28200.00" loaded="16656" inserted="16633" running="71" waiting="23" ended="16562" arrived="16562" collisions="0" teleports="0" halting="16" stopped="0" meanWaitingTime="30.69" meanTravelTime="112.25" meanSpeed="5.70" meanSpeedRelative="0.41" duration="2"/>
    <step time="28500.00" loaded="16857" inserted="16827" running="72" waiting="30" ended="16755" arrived="16755" collisions="0" teleports="0" halting="20" stopped="0" meanWaitingTime="30.79" meanTravelTime="112.15" meanSpeed="5.92" meanSpeedRelative="0.44" duration="1"/>
    <step time="28800.00" loaded="17076" inserted="17044" running="86" waiting="32" ended="16958" arrived="16958" collisions="0" teleports="0" halting="27" stopped="0" meanWaitingTime="30.84" meanTravelTime="112.14" meanSpeed="4.80" meanSpeedRelative="0.35" duration="2"/>
    <step time="29100.00" loaded="17300" inserted="17259" running="107" waiting="41" ended="17152" arrived="17152" collisions="0" teleports="0" halting="48" stopped="0" meanWaitingTime="30.86" meanTravelTime="112.48" meanSpeed="2.85" meanSpeedRelative="0.21" duration="3"/>
    <step time="29400.00" loaded="17500" inserted="17451" running="95" waiting="49" ended="17356" arrived="17356" collisions="0" teleports="0" halting="33" stopped="0" meanWaitingTime="31.16" meanTravelTime="112.86" meanSpeed="3.59" meanSpeedRelative="0.26" duration="3"/>
    <step time="29700.00" loaded="17680" inserted="17647" running="71" waiting="33" ended="17576" arrived="17576" collisions="0" teleports="0" halting="14" stopped="0" meanWaitingTime="31.39" meanTravelTime="113.25" meanSpeed="5.14" meanSpeedRelative="0.37" duration="2"/>
    <step time="30000.00" loaded="17857" inserted="17825" running="54" waiting="32" ended="17771" arrived="17771" collisions="0" teleports="0" halting="19" stopped="0" meanWaitingTime="31.57" meanTravelTime="113.44" meanSpeed="4.39" meanSpeedRelative="0.32" duration="2"/>
    <step time="30300.00" loaded="18057" inserted="18018" running="79" waiting="39" ended="17939" arrived="17939" collisions="0" teleports="0" halting="27" stopped="0" meanWaitingTime="31.91" meanTravelTime="113.40" meanSpeed="4.13" meanSpeedRelative="0.30" duration="2"/>
    <step time="30600.00" loaded="18272" inserted="18229" running="101" waiting="43" ended="18128" arrived="18128" collisions="0" teleports="0" halting="51" stopped="0" meanWaitingTime="32.21" meanTravelTime="113.48" meanSpeed="4.23" meanSpeedRelative="0.30" duration="2"/>
    <step time="30900.00" loaded="18491" inserted="18448" running="97" waiting="43" ended="18351" arrived="18351" collisions="0" teleports="0" halting="28" stopped="0" meanWaitingTime="32.52" meanTravelTime="113.61" meanSpeed="3.62" meanSpeedRelative="0.28" duration="5"/>
    <step time="31200.00" loaded="18662" inserted="18616" running="102" waiting="46" ended="18514" arrived="18514" collisions="0" teleports="0" halting="25" stopped="0" meanWaitingTime="32.66" meanTravelTime="113.75" meanSpeed="4.53" meanSpeedRelative="0.33" duration="3"/>
    <step time="31500.00" loaded="18841" inserted="18797" running="88" waiting="44" ended="18709" arrived="18709" collisions="0" teleports="0" halting="42" stopped="0" meanWaitingTime="32.98" meanTravelTime="114.51" meanSpeed="2.65" meanSpeedRelative="0.19" duration="4"/>
    <step time="31800.00" loaded="18999" inserted="18963" running="96" waiting="36" ended="18867" arrived="18867" collisions="0" teleports="0" halting="35" stopped="0" meanWaitingTime="33.36" meanTravelTime="115.01" meanSpeed="3.65" meanSpeedRelative="0.26" duration="4"/>
    <step time="32100.00" loaded="19181" inserted="19141" running="82" waiting="40" ended="19059" arrived="19059" collisions="0" teleports="0" halting="24" stopped="0" meanWaitingTime="33.77" meanTravelTime="115.29" meanSpeed="4.84" meanSpeedRelative="0.35" duration="1"/>
    <step time="32400.00" loaded="19348" inserted="19302" running="68" waiting="46" ended="19234" arrived="19234" collisions="0" teleports="0" halting="20" stopped="0" meanWaitingTime="34.01" meanTravelTime="115.40" meanSpeed="4.66" meanSpeedRelative="0.34" duration="2"/>
    <step time="32700.00" loaded="19526" inserted="19485" running="84" waiting="41" ended="19401" arrived="19401" collisions="0" teleports="0" halting="16" stopped="0" meanWaitingTime="34.26" meanTravelTime="115.50" meanSpeed="5.27" meanSpeedRelative="0.38" duration="4"/>
    <step time="33000.00" loaded="19694" inserted="19663" running="80" waiting="31" ended="19583" arrived="19583" collisions="0" teleports="0" halting="17" stopped="0" meanWaitingTime="34.56" meanTravelTime="115.84" meanSpeed="4.10" meanSpeedRelative="0.30" duration="2"/>
    <step time="33300.00" loaded="19826" inserted="19812" running="86" waiting="14" ended="19726" arrived="19726" collisions="0" teleports="0" halting="24" stopped="0" meanWaitingTime="34.73" meanTravelTime="116.18" meanSpeed="4.32" meanSpeedRelative="0.31" duration="1"/>
    <step time="33600.00" loaded="20018" inserted="20000" running="60" waiting="18" ended="19940" arrived="19940" collisions="0" teleports="0" halting="24" stopped="0" meanWaitingTime="34.69" meanTravelTime="116.17" meanSpeed="5.42" meanSpeedRelative="0.39" duration="4"/>
    <step time="33900.00" loaded="20176" inserted="20155" running="77" waiting="21" ended="20078" arrived="20078" collisions="0" teleports="0" halting="23" stopped="0" meanWaitingTime="34.64" meanTravelTime="115.98" meanSpeed="3.71" meanSpeedRelative="0.27" duration="2"/>
    <step time="34200.00" loaded="20332" inserted="20311" running="70" waiting="21" ended="20241" arrived="20241" collisions="0" teleports="0" halting="16" stopped="0" meanWaitingTime="34.62" meanTravelTime="116.08" meanSpeed="4.55" meanSpeedRelative="0.33" duration="2"/>
    <step time="34500.00" loaded="20498" inserted="20473" running="86" waiting="25" ended="20387" arrived="20387" collisions="0" teleports="0" halting="11" stopped="0" meanWaitingTime="34.72" meanTravelTime="116.14" meanSpeed="4.50" meanSpeedRelative="0.32" duration="3"/>
    <step time="34800.00" loaded="20652" inserted="20622" running="51" waiting="30" ended="20571" arrived="20571" collisions="0" teleports="0" halting="14" stopped="0" meanWaitingTime="34.89" meanTravelTime="116.36" meanSpeed="4.38" meanSpeedRelative="0.32" duration="1"/>
    <step time="35100.00" loaded="20789" inserted="20776" running="71" waiting="13" ended="20705" arrived="20705" collisions="0" teleports="0" halting="14" stopped="0" meanWaitingTime="35.05" meanTravelTime="116.40" meanSpeed="6.16" meanSpeedRelative="0.44" duration="2"/>
    <step time="35400.00" loaded="20926" inserted="20918" running="55" waiting="8" ended="20863" arrived="20863" collisions="0" teleports="0" halting="7" stopped="0" meanWaitingTime="34.90" meanTravelTime="116.36" meanSpeed="6.54" meanSpeedRelative="0.47" duration="2"/>
    <step time="35700.00" loaded="21068" inserted="21061" running="59" waiting="7" ended="21002" arrived="21002" collisions="0" teleports="0" halting="34" stopped="0" meanWaitingTime="34.82" meanTravelTime="116.46" meanSpeed="3.62" meanSpeedRelative="0.26" duration="2"/>
    <step time="36000.00" loaded="21224" inserted="21217" running="45" waiting="7" ended="21172" arrived="21172" collisions="0" teleports="0" halting="10" stopped="0" meanWaitingTime="34.69" meanTravelTime="116.38" meanSpeed="5.53" meanSpeedRelative="0.40" duration="3"/>
    <step time="36300.00" loaded="21397" inserted="21380" running="56" waiting="17" ended="21324" arrived="21324" collisions="0" teleports="0" halting="27" stopped="0" meanWaitingTime="34.59" meanTravelTime="116.17" meanSpeed="3.16" meanSpeedRelative="0.23" duration="2"/>
    <step time="36600.00" loaded="21546" inserted="21537" running="70" waiting="9" ended="21467" arrived="21467" collisions="0" teleports="0" halting="11" stopped="0" meanWaitingTime="34.51" meanTravelTime="116.20" meanSpeed="4.94" meanSpeedRelative="0.36" duration="2"/>
    <step time="36900.00" loaded="21684" inserted="21664" running="46" waiting="20" ended="21618" arrived="21618" collisions="0" teleports="0" halting="18" stopped="0" meanWaitingTime="34.38" meanTravelTime="116.43" meanSpeed="6.05" meanSpeedRelative="0.44" duration="2"/>
    <step time="37200.00" loaded="21805" inserted="21782" running="41" waiting="23" ended="21741" arrived="21741" collisions="0" teleports="0" halting="17" stopped="0" meanWaitingTime="34.39" meanTravelTime="116.35" meanSpeed="4.17" meanSpeedRelative="0.30" duration="2"/>
    <step time="37500.00" loaded="21948" inserted="21911" running="49" waiting="37" ended="21862" arrived="21862" collisions="0" teleports="0" halting="12" stopped="0" meanWaitingTime="34.57" meanTravelTime="116.37" meanSpeed="6.31" meanSpeedRelative="0.45" duration="2"/>
    <step time="37800.00" loaded="22102" inserted="22062" running="59" waiting="40" ended="22003" arrived="22003" collisions="0" teleports="0" halting="16" stopped="0" meanWaitingTime="34.85" meanTravelTime="116.29" meanSpeed="5.88" meanSpeedRelative="0.42" duration="3"/>
    <step time="38100.00" loaded="22247" inserted="22203" running="55" waiting="44" ended="22148" arrived="22148" collisions="0" teleports="0" halting="16" stopped="0" meanWaitingTime="35.09" meanTravelTime="116.29" meanSpeed="4.97" meanSpeedRelative="0.36" duration="2"/>
    <step time="38400.00" loaded="22372" inserted="22343" running="56" waiting="29" ended="22287" arrived="22287" collisions="0" teleports="0" halting="30" stopped="0" meanWaitingTime="35.41" meanTravelTime="116.33" meanSpeed="3.75" meanSpeedRelative="0.27" duration="1"/>
    <step time="38700.00" loaded="22473" inserted="22458" running="55" waiting="15" ended="22403" arrived="22403" collisions="0" teleports="0" halting="33" stopped="0" meanWaitingTime="35.56" meanTravelTime="116.36" meanSpeed="2.73" meanSpeedRelative="0.20" duration="2"/>
    <step time="39000.00" loaded="22578" inserted="22543" running="39" waiting="35" ended="22504" arrived="22504" collisions="0" teleports="0" halting="6" stopped="0" meanWaitingTime="35.74" meanTravelTime="116.46" meanSpeed="6.49" meanSpeedRelative="0.47" duration="2"/>
    <step time="39300.00" loaded="22705" inserted="22662" running="30" waiting="43" ended="22632" arrived="22632" collisions="0" teleports="0" halting="12" stopped="0" meanWaitingTime="36.03" meanTravelTime="116.44" meanSpeed="4.70" meanSpeedRelative="0.34" duration="0"/>
    <step time="39600.00" loaded="22816" inserted="22777" running="32" waiting="39" ended="22745" arrived="22745" collisions="0" teleports="0" halting="17" stopped="0" meanWaitingTime="36.28" meanTravelTime="116.29" meanSpeed="3.87" meanSpeedRelative="0.28" duration="1"/>
    <step time="39900.00" loaded="22936" inserted="22911" running="72" waiting="25" ended="22839" arrived="22839" collisions="0" teleports="0" halting="53" stopped="0" meanWaitingTime="36.59" meanTravelTime="116.21" meanSpeed="1.88" meanSpeedRelative="0.14" duration="2"/>
    <step time="40200.00" loaded="23027" inserted="23007" running="40" waiting="20" ended="22967" arrived="22967" collisions="0" teleports="0" halting="20" stopped="0" meanWaitingTime="36.81" meanTravelTime="116.50" meanSpeed="2.69" meanSpeedRelative="0.19" duration="1"/>
    <step time="40500.00" loaded="23126" inserted="23103" running="31" waiting="23" ended="23072" arrived="23072" collisions="0" teleports="0" halting="9" stopped="0" meanWaitingTime="36.91" meanTravelTime="116.60" meanSpeed="6.63" meanSpeedRelative="0.48" duration="2"/>
    <step time="40800.00" loaded="23234" inserted="23201" running="38" waiting="33" ended="23163" arrived="23163" collisions="0" teleports="0" halting="16" stopped="0" meanWaitingTime="37.17" meanTravelTime="116.51" meanSpeed="4.55" meanSpeedRelative="0.33" duration="1"/>
    <step time="41100.00" loaded="23317" inserted="23294" running="49" waiting="23" ended="23245" arrived="23245" collisions="0" teleports="0" halting="25" stopped="0" meanWaitingTime="37.38" meanTravelTime="116.57" meanSpeed="3.86" meanSpeedRelative="0.28" duration="1"/>
    <step time="41400.00" loaded="23380" inserted="23370" running="27" waiting="10" ended="23343" arrived="23343" collisions="0" teleports="0" halting="23" stopped="0" meanWaitingTime="37.48" meanTravelTime="116.79" meanSpeed="1.49" meanSpeedRelative="0.11" duration="1"/>
    <step time="41700.00" loaded="23478" inserted="23454" running="52" waiting="24" ended="23402" arrived="23402" collisions="0" teleports="0" halting="25" stopped="0" meanWaitingTime="37.63" meanTravelTime="116.85" meanSpeed="4.06" meanSpeedRelative="0.29" duration="1"/>
    <step time="42000.00" loaded="23559" inserted="23530" running="19" waiting="29" ended="23511" arrived="23511" collisions="0" teleports="0" halting="9" stopped="0" meanWaitingTime="37.81" meanTravelTime="117.02" meanSpeed="4.48" meanSpeedRelative="0.32" duration="1"/>
    <step time="42300.00" loaded="23664" inserted="23639" running="45" waiting="25" ended="23594" arrived="23594" collisions="0" teleports="0" halting="12" stopped="0" meanWaitingTime="38.07" meanTravelTime="116.91" meanSpeed="5.90" meanSpeedRelative="0.43" duration="0"/>
    <step time="42600.00" loaded="23776" inserted="23739" running="46" waiting="37" ended="23693" arrived="23693" collisions="0" teleports="0" halting="5" stopped="0" meanWaitingTime="38.29" meanTravelTime="116.88" meanSpeed="5.95" meanSpeedRelative="0.43" duration="2"/>
    <step time="42900.00" loaded="23876" inserted="23854" running="51" waiting="22" ended="23803" arrived="23803" collisions="0" teleports="0" halting="19" stopped="0" meanWaitingTime="38.59" meanTravelTime="116.99" meanSpeed="4.90" meanSpeedRelative="0.35" duration="2"/>
    <step time="43200.00" loaded="23978" inserted="23942" running="25" waiting="36" ended="23917" arrived="23917" collisions="0" teleports="0" halting="8" stopped="0" meanWaitingTime="38.69" meanTravelTime="117.04" meanSpeed="6.65" meanSpeedRelative="0.48" duration="1"/>
    <step time="43500.00" loaded="24056" inserted="24046" running="49" waiting="10" ended="23997" arrived="23997" collisions="0" teleports="0" halting="8" stopped="0" meanWaitingTime="38.83" meanTravelTime="116.99" meanSpeed="5.49" meanSpeedRelative="0.40" duration="1"/>
    <step time="43800.00" loaded="24158" inserted="24140" running="42" waiting="18" ended="24098" arrived="24098" collisions="0" teleports="0" halting="26" stopped="0" meanWaitingTime="38.89" meanTravelTime="117.03" meanSpeed="2.98" meanSpeedRelative="0.21" duration="1"/>
    <step time="44100.00" loaded="24265" inserted="24235" running="39" waiting="30" ended="24196" arrived="24196" collisions="0" teleports="0" halting="24" stopped="0" meanWaitingTime="38.93" meanTravelTime="117.02" meanSpeed="2.91" meanSpeedRelative="0.21" duration="1"/>
    <step time="44400.00" loaded="24375" inserted="24339" running="66" waiting="36" ended="24273" arrived="24273" collisions="0" teleports="0" halting="48" stopped="0" meanWaitingTime="39.21" meanTravelTime="116.98" meanSpeed="1.75" meanSpeedRelative="0.13" duration="1"/>
    <step time="44700.00" loaded="24481" inserted="24437" running="50" waiting="44" ended="24387" arrived="24387" collisions="0" teleports="0" halting="12" stopped="0" meanWaitingTime="39.54" meanTravelTime="117.37" meanSpeed="4.34" meanSpeedRelative="0.33" duration="1"/>
    <step time="45000.00" loaded="24586" inserted="24538" running="40" waiting="48" ended="24498" arrived="24498" collisions="0" teleports="0" halting="6" stopped="0" meanWaitingTime="39.87" meanTravelTime="117.46" meanSpeed="6.08" meanSpeedRelative="0.44" duration="2"/>
    <step time="45300.00" loaded="24674" inserted="24650" running="67" waiting="24" ended="24583" arrived="24583" collisions="0" teleports="0" halting="16" stopped="0" meanWaitingTime="40.22" meanTravelTime="117.54" meanSpeed="4.14" meanSpeedRelative="0.30" duration="2"/>
    <step time="45600.00" loaded="24756" inserted="24728" running="41" waiting="28" ended="24687" arrived="24687" collisions="0" teleports="0" halting="29" stopped="0" meanWaitingTime="40.32" meanTravelTime="117.77" meanSpeed="2.78" meanSpeedRelative="0.20" duration="2"/>
    <step time="45900.00" loaded="24842" inserted="24796" running="45" waiting="46" ended="24751" arrived="24751" collisions="0" teleports="0" halting="42" stopped="0" meanWaitingTime="40.55" meanTravelTime="117.84" meanSpeed="0.64" meanSpeedRelative="0.05" duration="2"/>
    <step time="46200.00" loaded="24923" inserted="24875" running="61" waiting="48" ended="24814" arrived="24814" collisions="0" teleports="0" halting="54" stopped="0" meanWaitingTime="40.79" meanTravelTime="117.70" meanSpeed="0.69" meanSpeedRelative="0.06" duration="1"/>
    <step time="46500.00" loaded="24971" inserted="24968" running="95" waiting="3" ended="24873" arrived="24873" collisions="0" teleports="0" halting="95" stopped="0" meanWaitingTime="41.12" meanTravelTime="117.58" meanSpeed="0.00" meanSpeedRelative="0.00" duration="2"/>
    <step time="46800.00" loaded="24991" inserted="24988" running="98" waiting="3" ended="24890" arrived="24890" collisions="0" teleports="0" halting="97" stopped="0" meanWaitingTime="41.09" meanTravelTime="117.53" meanSpeed="0.14" meanSpeedRelative="0.01" duration="1"/>
    <step time="47100.00" loaded="25009" inserted="25006" running="94" waiting="3" ended="24912" arrived="24912" collisions="0" teleports="0" halting="91" stopped="0" meanWaitingTime="41.06" meanTravelTime="117.46" meanSpeed="0.18" meanSpeedRelative="0.01" duration="2"/>
    <step time="47400.00" loaded="25025" inserted="25022" running="93" waiting="3" ended="24929" arrived="24929" collisions="0" teleports="0" halting="93" stopped="0" meanWaitingTime="41.03" meanTravelTime="117.41" meanSpeed="0.00" meanSpeedRelative="0.00" duration="2"/>
    <step time="47700.00" loaded="25039" inserted="25036" running="94" waiting="3" ended="24942" arrived="24942" collisions="0" teleports="0" halting="94" stopped="0" meanWaitingTime="41.01" meanTravelTime="117.37" meanSpeed="0.00" meanSpeedRelative="0.00" duration="2"/>
    <step time="48000.00" loaded="25052" inserted="25049" running="92" waiting="3" ended="24957" arrived="24957" collisions="0" teleports="0" halting="91" stopped="0" meanWaitingTime="40.99" meanTravelTime="117.33" meanSpeed="0.06" meanSpeedRelative="0.00" duration="2"/>
    <step time="48300.00" loaded="25066" inserted="25063" running="92" waiting="3" ended="24971" arrived="24971" collisions="0" teleports="0" halting="91" stopped="0" meanWaitingTime="40.97" meanTravelTime="117.28" meanSpeed="0.04" meanSpeedRelative="0.00" duration="2"/>
    <step time="48600.00" loaded="25082" inserted="25079" running="93" waiting="3" ended="24986" arrived="24986" collisions="0" teleports="0" halting="91" stopped="0" meanWaitingTime="40.94" meanTravelTime="117.23" meanSpeed="0.16" meanSpeedRelative="0.01" duration="1"/>
    <step time="48900.00" loaded="25097" inserted="25094" running="97" waiting="3" ended="24997" arrived="24997" collisions="0" teleports="0" halting="96" stopped="0" meanWaitingTime="40.92" meanTravelTime="117.19" meanSpeed="0.03" meanSpeedRelative="0.00" duration="2"/>
    <step time="49200.00" loaded="25107" inserted="25104" running="91" waiting="3" ended="25013" arrived="25013" collisions="0" teleports="0" halting="91" stopped="0" meanWaitingTime="40.90" meanTravelTime="117.15" meanSpeed="0.00" meanSpeedRelative="0.00" duration="3"/>
</summary>
