<?xml version="1.0" encoding="UTF-8"?>

<!-- generated on 2025-02-28 18:13:22 by Eclipse SUMO GUI Version 1.19.0
<configuration xmlns:xsi="http://www.w3.org/2001/XMLSchema-instance" xsi:noNamespaceSchemaLocation="http://sumo.dlr.de/xsd/sumoConfiguration.xsd">

    <input>
        <net-file value="Network.net.xml"/>
        <route-files value="CarRoutes.rou.xml"/>
        <additional-files value="Sensors.add.xml"/>
    </input>

    <output>
        <emission-output value="logs/Emissions.xml"/>
        <summary-output value="logs/Log_summary.xml"/>
        <summary-output.period value="300"/>
        <tripinfo-output value="logs/TripInfos.xml"/>
    </output>

    <time>
        <begin value="0"/>
        <end value="86400"/>
        <step-length value="0.25"/>
    </time>

    <processing>
        <ignore-junction-blocker value="0.1"/>
        <time-to-teleport value="-1"/>
    </processing>

    <report>
        <verbose value="true"/>
        <no-step-log value="true"/>
    </report>

    <emissions>
        <device.emissions.period value="10"/>
    </emissions>

    <traci_server>
        <remote-port value="58262"/>
    </traci_server>

    <gui_only>
        <quit-on-end value="true"/>
        <start value="true"/>
    </gui_only>

</configuration>
-->

<summary xmlns:xsi="http://www.w3.org/2001/XMLSchema-instance" xsi:noNamespaceSchemaLocation="http://sumo.dlr.de/xsd/summary_file.xsd">
    <step time="0.00" loaded="0" inserted="0" running="0" waiting="0" ended="0" arrived="0" collisions="0" teleports="0" halting="0" stopped="0" meanWaitingTime="-1.00" meanTravelTime="-1.00" meanSpeed="-1.00" meanSpeedRelative="-1.00" duration="0"/>
    <step time="300.00" loaded="213" inserted="200" running="92" waiting="13" ended="108" arrived="108" collisions="0" teleports="0" halting="48" stopped="0" meanWaitingTime="13.78" meanTravelTime="73.85" meanSpeed="3.34" meanSpeedRelative="0.24" duration="1"/>
    <step time="600.00" loaded="374" inserted="362" running="72" waiting="12" ended="290" arrived="290" collisions="0" teleports="0" halting="21" stopped="0" meanWaitingTime="16.42" meanTravelTime="105.21" meanSpeed="4.62" meanSpeedRelative="0.33" duration="3"/>
    <step time="900.00" loaded="529" inserted="519" running="56" waiting="10" ended="463" arrived="463" collisions="0" teleports="0" halting="27" stopped="0" meanWaitingTime="14.84" meanTravelTime="115.24" meanSpeed="4.34" meanSpeedRelative="0.31" duration="1"/>
    <step time="1200.00" loaded="702" inserted="687" running="54" waiting="15" ended="633" arrived="633" collisions="0" teleports="0" halting="9" stopped="0" meanWaitingTime="17.47" meanTravelTime="111.57" meanSpeed="7.76" meanSpeedRelative="0.56" duration="1"/>
    <step time="1500.00" loaded="865" inserted="845" running="53" waiting="20" ended="792" arrived="792" collisions="0" teleports="0" halting="16" stopped="0" meanWaitingTime="18.37" meanTravelTime="108.76" meanSpeed="5.52" meanSpeedRelative="0.40" duration="2"/>
    <step time="1800.00" loaded="1025" inserted="1008" running="66" waiting="17" ended="942" arrived="942" collisions="0" teleports="0" halting="19" stopped="0" meanWaitingTime="21.28" meanTravelTime="106.94" meanSpeed="4.97" meanSpeedRelative="0.36" duration="1"/>
    <step time="2100.00" loaded="1183" inserted="1167" running="66" waiting="16" ended="1101" arrived="1101" collisions="0" teleports="0" halting="31" stopped="0" meanWaitingTime="19.88" meanTravelTime="106.54" meanSpeed="3.48" meanSpeedRelative="0.25" duration="1"/>
    <step time="2400.00" loaded="1328" inserted="1312" running="39" waiting="16" ended="1273" arrived="1273" collisions="0" teleports="0" halting="18" stopped="0" meanWaitingTime="19.80" meanTravelTime="107.11" meanSpeed="4.32" meanSpeedRelative="0.31" duration="1"/>
    <step time="2700.00" loaded="1476" inserted="1475" running="41" waiting="1" ended="1434" arrived="1434" collisions="0" teleports="0" halting="10" stopped="0" meanWaitingTime="19.48" meanTravelTime="105.08" meanSpeed="6.80" meanSpeedRelative="0.49" duration="2"/>
    <step time="3000.00" loaded="1634" inserted="1627" running="49" waiting="7" ended="1578" arrived="1578" collisions="0" teleports="0" halting="22" stopped="0" meanWaitingTime="18.20" meanTravelTime="103.43" meanSpeed="4.17" meanSpeedRelative="0.30" duration="2"/>
    <step time="3300.00" loaded="1805" inserted="1784" running="53" waiting="21" ended="1731" arrived="1731" collisions="0" teleports="0" halting="8" stopped="0" meanWaitingTime="18.78" meanTravelTime="103.67" meanSpeed="7.28" meanSpeedRelative="0.52" duration="1"/>
    <step time="3600.00" loaded="1939" inserted="1924" running="36" waiting="15" ended="1888" arrived="1888" collisions="0" teleports="0" halting="12" stopped="0" meanWaitingTime="20.27" meanTravelTime="102.72" meanSpeed="5.43" meanSpeedRelative="0.39" duration="1"/>
    <step time="3900.00" loaded="2104" inserted="2104" running="73" waiting="0" ended="2031" arrived="2031" collisions="0" teleports="0" halting="38" stopped="0" meanWaitingTime="19.66" meanTravelTime="102.74" meanSpeed="3.23" meanSpeedRelative="0.23" duration="1"/>
    <step time="4200.00" loaded="2235" inserted="2235" running="43" waiting="0" ended="2192" arrived="2192" collisions="0" teleports="0" halting="6" stopped="0" meanWaitingTime="19.60" meanTravelTime="103.86" meanSpeed="5.78" meanSpeedRelative="0.42" duration="1"/>
    <step time="4500.00" loaded="2412" inserted="2411" running="65" waiting="1" ended="2346" arrived="2346" collisions="0" teleports="0" halting="26" stopped="0" meanWaitingTime="18.62" meanTravelTime="103.54" meanSpeed="4.29" meanSpeedRelative="0.31" duration="3"/>
    <step time="4800.00" loaded="2568" inserted="2562" running="38" waiting="6" ended="2524" arrived="2524" collisions="0" teleports="0" halting="14" stopped="0" meanWaitingTime="17.78" meanTravelTime="103.40" meanSpeed="4.69" meanSpeedRelative="0.34" duration="1"/>
    <step time="5100.00" loaded="2735" inserted="2725" running="57" waiting="10" ended="2668" arrived="2668" collisions="0" teleports="0" halting="6" stopped="0" meanWaitingTime="18.31" meanTravelTime="102.63" meanSpeed="6.85" meanSpeedRelative="0.49" duration="1"/>
    <step time="5400.00" loaded="2885" inserted="2883" running="51" waiting="2" ended="2832" arrived="2832" collisions="0" teleports="0" halting="6" stopped="0" meanWaitingTime="18.10" meanTravelTime="102.32" meanSpeed="6.35" meanSpeedRelative="0.46" duration="2"/>
    <step time="5700.00" loaded="3072" inserted="3057" running="70" waiting="15" ended="2987" arrived="2987" collisions="0" teleports="0" halting="33" stopped="0" meanWaitingTime="17.42" meanTravelTime="102.29" meanSpeed="4.22" meanSpeedRelative="0.30" duration="2"/>
    <step time="6000.00" loaded="3196" inserted="3193" running="37" waiting="3" ended="3156" arrived="3156" collisions="0" teleports="0" halting="15" stopped="0" meanWaitingTime="17.36" meanTravelTime="103.64" meanSpeed="5.11" meanSpeedRelative="0.37" duration="2"/>
    <step time="6300.00" loaded="3360" inserted="3343" running="68" waiting="17" ended="3275" arrived="3275" collisions="0" teleports="0" halting="27" stopped="0" meanWaitingTime="17.34" meanTravelTime="104.05" meanSpeed="5.19" meanSpeedRelative="0.37" duration="3"/>
    <step time="6600.00" loaded="3520" inserted="3512" running="54" waiting="8" ended="3458" arrived="3458" collisions="0" teleports="0" halting="16" stopped="0" meanWaitingTime="17.48" meanTravelTime="103.94" meanSpeed="5.42" meanSpeedRelative="0.39" duration="2"/>
    <step time="6900.00" loaded="3708" inserted="3691" running="59" waiting="17" ended="3632" arrived="3632" collisions="0" teleports="0" halting="25" stopped="0" meanWaitingTime="17.39" meanTravelTime="103.12" meanSpeed="3.69" meanSpeedRelative="0.27" duration="2"/>
    <step time="7200.00" loaded="3868" inserted="3849" running="61" waiting="19" ended="3788" arrived="3788" collisions="0" teleports="0" halting="16" stopped="0" meanWaitingTime="17.89" meanTravelTime="103.29" meanSpeed="4.94" meanSpeedRelative="0.37" duration="1"/>
    <step time="7500.00" loaded="4017" inserted="4005" running="44" waiting="12" ended="3961" arrived="3961" collisions="0" teleports="0" halting="18" stopped="0" meanWaitingTime="18.47" meanTravelTime="103.49" meanSpeed="4.81" meanSpeedRelative="0.36" duration="1"/>
    <step time="7800.00" loaded="4171" inserted="4148" running="37" waiting="23" ended="4111" arrived="4111" collisions="0" teleports="0" halting="12" stopped="0" meanWaitingTime="18.91" meanTravelTime="103.15" meanSpeed="5.26" meanSpeedRelative="0.38" duration="2"/>
    <step time="8100.00" loaded="4343" inserted="4328" running="49" waiting="15" ended="4279" arrived="4279" collisions="0" teleports="0" halting="19" stopped="0" meanWaitingTime="19.94" meanTravelTime="102.28" meanSpeed="4.57" meanSpeedRelative="0.33" duration="1"/>
    <step time="8400.00" loaded="4525" inserted="4521" running="72" waiting="4" ended="4449" arrived="4449" collisions="0" teleports="0" halting="35" stopped="0" meanWaitingTime="19.85" meanTravelTime="102.14" meanSpeed="3.23" meanSpeedRelative="0.23" duration="3"/>
    <step time="8700.00" loaded="4698" inserted="4693" running="82" waiting="5" ended="4611" arrived="4611" collisions="0" teleports="0" halting="28" stopped="0" meanWaitingTime="19.56" meanTravelTime="103.29" meanSpeed="4.84" meanSpeedRelative="0.36" duration="3"/>
    <step time="9000.00" loaded="4886" inserted="4869" running="61" waiting="17" ended="4808" arrived="4808" collisions="0" teleports="0" halting="17" stopped="0" meanWaitingTime="19.32" meanTravelTime="103.32" meanSpeed="4.33" meanSpeedRelative="0.31" duration="1"/>
    <step time="9300.00" loaded="5070" inserted="5051" running="64" waiting="19" ended="4987" arrived="4987" collisions="0" teleports="0" halting="23" stopped="0" meanWaitingTime="19.29" meanTravelTime="103.54" meanSpeed="4.35" meanSpeedRelative="0.31" duration="1"/>
    <step time="9600.00" loaded="5239" inserted="5224" running="69" waiting="15" ended="5155" arrived="5155" collisions="0" teleports="0" halting="12" stopped="0" meanWaitingTime="19.82" meanTravelTime="103.52" meanSpeed="5.47" meanSpeedRelative="0.39" duration="1"/>
    <step time="9900.00" loaded="5385" inserted="5369" running="39" waiting="16" ended="5330" arrived="5330" collisions="0" teleports="0" halting="12" stopped="0" meanWaitingTime="19.78" meanTravelTime="104.06" meanSpeed="5.78" meanSpeedRelative="0.42" duration="0"/>
    <step time="10200.00" loaded="5554" inserted="5545" running="59" waiting="9" ended="5486" arrived="5486" collisions="0" teleports="0" halting="6" stopped="0" meanWaitingTime="19.96" meanTravelTime="103.94" meanSpeed="4.64" meanSpeedRelative="0.33" duration="1"/>
    <step time="10500.00" loaded="5734" inserted="5723" running="76" waiting="11" ended="5647" arrived="5647" collisions="0" teleports="0" halting="23" stopped="0" meanWaitingTime="19.75" meanTravelTime="104.65" meanSpeed="4.82" meanSpeedRelative="0.35" duration="1"/>
    <step time="10800.00" loaded="5903" inserted="5895" running="78" waiting="8" ended="5817" arrived="5817" collisions="0" teleports="0" halting="10" stopped="0" meanWaitingTime="19.76" meanTravelTime="105.16" meanSpeed="5.28" meanSpeedRelative="0.38" duration="2"/>
    <step time="11100.00" loaded="6079" inserted="6061" running="55" waiting="18" ended="6006" arrived="6006" collisions="0" teleports="0" halting="24" stopped="0" meanWaitingTime="19.70" meanTravelTime="106.04" meanSpeed="3.54" meanSpeedRelative="0.25" duration="1"/>
    <step time="11400.00" loaded="6251" inserted="6217" running="59" waiting="34" ended="6158" arrived="6158" collisions="0" teleports="0" halting="16" stopped="0" meanWaitingTime="20.31" meanTravelTime="105.98" meanSpeed="5.91" meanSpeedRelative="0.43" duration="1"/>
    <step time="11700.00" loaded="6394" inserted="6375" running="60" waiting="19" ended="6315" arrived="6315" collisions="0" teleports="0" halting="9" stopped="0" meanWaitingTime="21.35" meanTravelTime="105.97" meanSpeed="4.68" meanSpeedRelative="0.35" duration="1"/>
    <step time="12000.00" loaded="6568" inserted="6561" running="62" waiting="7" ended="6499" arrived="6499" collisions="0" teleports="0" halting="13" stopped="0" meanWaitingTime="21.32" meanTravelTime="106.43" meanSpeed="4.61" meanSpeedRelative="0.33" duration="2"/>
    <step time="12300.00" loaded="6736" inserted="6734" running="57" waiting="2" ended="6677" arrived="6677" collisions="0" teleports="0" halting="22" stopped="0" meanWaitingTime="21.00" meanTravelTime="106.68" meanSpeed="4.54" meanSpeedRelative="0.33" duration="1"/>
    <step time="12600.00" loaded="6907" inserted="6882" running="61" waiting="25" ended="6821" arrived="6821" collisions="0" teleports="0" halting="21" stopped="0" meanWaitingTime="20.85" meanTravelTime="106.60" meanSpeed="4.86" meanSpeedRelative="0.35" duration="0"/>
    <step time="12900.00" loaded="7075" inserted="7062" running="69" waiting="13" ended="6993" arrived="6993" collisions="0" teleports="0" halting="25" stopped="0" meanWaitingTime="21.09" meanTravelTime="107.04" meanSpeed="4.76" meanSpeedRelative="0.34" duration="2"/>
    <step time="13200.00" loaded="7247" inserted="7225" running="79" waiting="22" ended="7146" arrived="7146" collisions="0" teleports="0" halting="25" stopped="0" meanWaitingTime="21.12" meanTravelTime="107.18" meanSpeed="4.57" meanSpeedRelative="0.33" duration="2"/>
    <step time="13500.00" loaded="7423" inserted="7415" running="66" waiting="8" ended="7349" arrived="7349" collisions="0" teleports="0" halting="20" stopped="0" meanWaitingTime="21.04" meanTravelTime="107.68" meanSpeed="3.78" meanSpeedRelative="0.27" duration="2"/>
    <step time="13800.00" loaded="7618" inserted="7602" running="68" waiting="16" ended="7534" arrived="7534" collisions="0" teleports="0" halting="19" stopped="0" meanWaitingTime="21.11" meanTravelTime="107.76" meanSpeed="5.76" meanSpeedRelative="0.41" duration="1"/>
    <step time="14100.00" loaded="7778" inserted="7774" running="76" waiting="4" ended="7698" arrived="7698" collisions="0" teleports="0" halting="16" stopped="0" meanWaitingTime="21.12" meanTravelTime="107.85" meanSpeed="5.77" meanSpeedRelative="0.43" duration="1"/>
    <step time="14400.00" loaded="7919" inserted="7908" running="49" waiting="11" ended="7859" arrived="7859" collisions="0" teleports="0" halting="11" stopped="0" meanWaitingTime="21.27" meanTravelTime="108.15" meanSpeed="7.13" meanSpeedRelative="0.51" duration="1"/>
    <step time="14700.00" loaded="8114" inserted="8088" running="56" waiting="26" ended="8032" arrived="8032" collisions="0" teleports="0" halting="12" stopped="0" meanWaitingTime="21.21" meanTravelTime="107.83" meanSpeed="5.77" meanSpeedRelative="0.42" duration="1"/>
    <step time="15000.00" loaded="8271" inserted="8255" running="94" waiting="16" ended="8161" arrived="8161" collisions="0" teleports="0" halting="11" stopped="0" meanWaitingTime="21.28" meanTravelTime="108.20" meanSpeed="6.08" meanSpeedRelative="0.44" duration="3"/>
    <step time="15300.00" loaded="8432" inserted="8397" running="72" waiting="35" ended="8325" arrived="8325" collisions="0" teleports="0" halting="38" stopped="0" meanWaitingTime="21.50" meanTravelTime="109.04" meanSpeed="3.54" meanSpeedRelative="0.26" duration="2"/>
    <step time="15600.00" loaded="8598" inserted="8588" running="65" waiting="10" ended="8523" arrived="8523" collisions="0" teleports="0" halting="18" stopped="0" meanWaitingTime="22.24" meanTravelTime="109.16" meanSpeed="6.30" meanSpeedRelative="0.45" duration="2"/>
    <step time="15900.00" loaded="8789" inserted="8780" running="79" waiting="9" ended="8701" arrived="8701" collisions="0" teleports="0" halting="34" stopped="0" meanWaitingTime="22.50" meanTravelTime="108.93" meanSpeed="5.18" meanSpeedRelative="0.37" duration="1"/>
    <step time="16200.00" loaded="8977" inserted="8965" running="63" waiting="12" ended="8902" arrived="8902" collisions="0" teleports="0" halting="18" stopped="0" meanWaitingTime="22.49" meanTravelTime="108.74" meanSpeed="5.42" meanSpeedRelative="0.39" duration="2"/>
    <step time="16500.00" loaded="9143" inserted="9140" running="48" waiting="3" ended="9092" arrived="9092" collisions="0" teleports="0" halting="18" stopped="0" meanWaitingTime="22.29" meanTravelTime="108.38" meanSpeed="5.93" meanSpeedRelative="0.43" duration="1"/>
    <step time="16800.00" loaded="9328" inserted="9309" running="62" waiting="19" ended="9247" arrived="9247" collisions="0" teleports="0" halting="14" stopped="0" meanWaitingTime="22.19" meanTravelTime="108.37" meanSpeed="5.97" meanSpeedRelative="0.43" duration="1"/>
    <step time="17100.00" loaded="9503" inserted="9483" running="53" waiting="20" ended="9430" arrived="9430" collisions="0" teleports="0" halting="9" stopped="0" meanWaitingTime="22.35" meanTravelTime="108.24" meanSpeed="5.89" meanSpeedRelative="0.42" duration="0"/>
    <step time="17400.00" loaded="9683" inserted="9662" running="73" waiting="21" ended="9589" arrived="9589" collisions="0" teleports="0" halting="23" stopped="0" meanWaitingTime="22.54" meanTravelTime="108.15" meanSpeed="4.97" meanSpeedRelative="0.36" duration="1"/>
    <step time="17700.00" loaded="9859" inserted="9834" running="67" waiting="25" ended="9767" arrived="9767" collisions="0" teleports="0" halting="22" stopped="0" meanWaitingTime="22.85" meanTravelTime="108.36" meanSpeed="4.88" meanSpeedRelative="0.35" duration="2"/>
    <step time="18000.00" loaded="10023" inserted="10001" running="69" waiting="22" ended="9932" arrived="9932" collisions="0" teleports="0" halting="29" stopped="0" meanWaitingTime="23.22" meanTravelTime="108.58" meanSpeed="3.80" meanSpeedRelative="0.27" duration="1"/>
    <step time="18300.00" loaded="10209" inserted="10176" running="46" waiting="33" ended="10130" arrived="10130" collisions="0" teleports="0" halting="23" stopped="0" meanWaitingTime="23.46" meanTravelTime="108.68" meanSpeed="4.45" meanSpeedRelative="0.32" duration="1"/>
    <step time="18600.00" loaded="10368" inserted="10339" running="65" waiting="29" ended="10274" arrived="10274" collisions="0" teleports="0" halting="20" stopped="0" meanWaitingTime="24.09" meanTravelTime="108.59" meanSpeed="5.29" meanSpeedRelative="0.38" duration="2"/>
    <step time="18900.00" loaded="10561" inserted="10528" running="79" waiting="33" ended="10449" arrived="10449" collisions="0" teleports="0" halting="16" stopped="0" meanWaitingTime="24.42" meanTravelTime="108.54" meanSpeed="6.11" meanSpeedRelative="0.45" duration="2"/>
    <step time="19200.00" loaded="10737" inserted="10710" running="62" waiting="27" ended="10648" arrived="10648" collisions="0" teleports="0" halting="33" stopped="0" meanWaitingTime="24.74" meanTravelTime="108.56" meanSpeed="4.12" meanSpeedRelative="0.30" duration="1"/>
    <step time="19500.00" loaded="10946" inserted="10922" running="92" waiting="24" ended="10830" arrived="10830" collisions="0" teleports="0" halting="33" stopped="0" meanWaitingTime="25.08" meanTravelTime="108.70" meanSpeed="3.82" meanSpeedRelative="0.27" duration="2"/>
    <step time="19800.00" loaded="11124" inserted="11093" running="69" waiting="31" ended="11024" arrived="11024" collisions="0" teleports="0" halting="33" stopped="0" meanWaitingTime="25.42" meanTravelTime="108.89" meanSpeed="4.59" meanSpeedRelative="0.33" duration="3"/>
    <step time="20100.00" loaded="11320" inserted="11292" running="97" waiting="28" ended="11195" arrived="11195" collisions="0" teleports="0" halting="23" stopped="0" meanWaitingTime="25.90" meanTravelTime="109.08" meanSpeed="4.49" meanSpeedRelative="0.32" duration="3"/>
    <step time="20400.00" loaded="11486" inserted="11453" running="69" waiting="33" ended="11384" arrived="11384" collisions="0" teleports="0" halting="21" stopped="0" meanWaitingTime="26.39" meanTravelTime="109.34" meanSpeed="5.26" meanSpeedRelative="0.38" duration="2"/>
    <step time="20700.00" loaded="11657" inserted="11633" running="83" waiting="24" ended="11550" arrived="11550" collisions="0" teleports="0" halting="48" stopped="0" meanWaitingTime="26.82" meanTravelTime="109.34" meanSpeed="3.37" meanSpeedRelative="0.24" duration="1"/>
    <step time="21000.00" loaded="11839" inserted="11822" running="60" waiting="17" ended="11762" arrived="11762" collisions="0" teleports="0" halting="38" stopped="0" meanWaitingTime="27.09" meanTravelTime="109.57" meanSpeed="2.90" meanSpeedRelative="0.21" duration="2"/>
    <step time="21300.00" loaded="11999" inserted="11978" running="65" waiting="21" ended="11913" arrived="11913" collisions="0" teleports="0" halting="15" stopped="0" meanWaitingTime="27.27" meanTravelTime="109.52" meanSpeed="5.88" meanSpeedRelative="0.42" duration="1"/>
    <step time="21600.00" loaded="12220" inserted="12186" running="94" waiting="34" ended="12092" arrived="12092" collisions="0" teleports="0" halting="12" stopped="0" meanWaitingTime="27.57" meanTravelTime="109.58" meanSpeed="6.30" meanSpeedRelative="0.45" duration="3"/>
    <step time="21900.00" loaded="12405" inserted="12378" running="83" waiting="27" ended="12295" arrived="12295" collisions="0" teleports="0" halting="34" stopped="0" meanWaitingTime="27.73" meanTravelTime="109.83" meanSpeed="4.36" meanSpeedRelative="0.31" duration="1"/>
    <step time="22200.00" loaded="12593" inserted="12559" running="53" waiting="34" ended="12506" arrived="12506" collisions="0" teleports="0" halting="9" stopped="0" meanWaitingTime="28.01" meanTravelTime="109.91" meanSpeed="6.26" meanSpeedRelative="0.45" duration="1"/>
    <step time="22500.00" loaded="12771" inserted="12721" running="54" waiting="50" ended="12667" arrived="12667" collisions="0" teleports="0" halting="8" stopped="0" meanWaitingTime="28.33" meanTravelTime="110.03" meanSpeed="6.07" meanSpeedRelative="0.44" duration="2"/>
    <step time="22800.00" loaded="12967" inserted="12954" running="101" waiting="13" ended="12853" arrived="12853" collisions="0" teleports="0" halting="51" stopped="0" meanWaitingTime="28.74" meanTravelTime="109.96" meanSpeed="2.63" meanSpeedRelative="0.19" duration="2"/>
    <step time="23100.00" loaded="13151" inserted="13130" running="114" waiting="21" ended="13016" arrived="13016" collisions="0" teleports="0" halting="44" stopped="0" meanWaitingTime="28.80" meanTravelTime="110.63" meanSpeed="3.38" meanSpeedRelative="0.24" duration="2"/>
    <step time="23400.00" loaded="13337" inserted="13323" running="94" waiting="14" ended="13229" arrived="13229" collisions="0" teleports="0" halting="38" stopped="0" meanWaitingTime="28.89" meanTravelTime="111.40" meanSpeed="3.56" meanSpeedRelative="0.26" duration="2"/>
    <step time="23700.00" loaded="13565" inserted="13541" running="82" waiting="24" ended="13459" arrived="13459" collisions="0" teleports="0" halting="40" stopped="0" meanWaitingTime="28.72" meanTravelTime="111.47" meanSpeed="3.35" meanSpeedRelative="0.24" duration="2"/>
    <step time="24000.00" loaded="13741" inserted="13720" running="57" waiting="21" ended="13663" arrived="13663" collisions="0" teleports="0" halting="19" stopped="0" meanWaitingTime="28.74" meanTravelTime="111.53" meanSpeed="5.15" meanSpeedRelative="0.37" duration="1"/>
    <step time="24300.00" loaded="13949" inserted="13924" running="123" waiting="25" ended="13801" arrived="13801" collisions="0" teleports="0" halting="76" stopped="0" meanWaitingTime="28.85" meanTravelTime="111.38" meanSpeed="2.51" meanSpeedRelative="0.18" duration="2"/>
    <step time="24600.00" loaded="14172" inserted="14135" running="89" waiting="37" ended="14046" arrived="14046" collisions="0" teleports="0" halting="44" stopped="0" meanWaitingTime="29.02" meanTravelTime="112.05" meanSpeed="2.86" meanSpeedRelative="0.21" duration="1"/>
    <step time="24900.00" loaded="14384" inserted="14349" running="88" waiting="35" ended="14261" arrived="14261" collisions="0" teleports="0" halting="52" stopped="0" meanWaitingTime="29.44" meanTravelTime="112.17" meanSpeed="3.31" meanSpeedRelative="0.24" duration="2"/>
    <step time="25200.00" loaded="14577" inserted="14534" running="65" waiting="43" ended="14469" arrived="14469" collisions="0" teleports="0" halting="23" stopped="0" meanWaitingTime="29.65" meanTravelTime="112.40" meanSpeed="4.67" meanSpeedRelative="0.34" duration="1"/>
    <step time="25500.00" loaded="14753" inserted="14732" running="63" waiting="21" ended="14669" arrived="14669" collisions="0" teleports="0" halting="30" stopped="0" meanWaitingTime="29.96" meanTravelTime="112.48" meanSpeed="4.67" meanSpeedRelative="0.34" duration="3"/>
    <step time="25800.00" loaded="14989" inserted="14958" running="83" waiting="31" ended="14875" arrived="14875" collisions="0" teleports="0" halting="31" stopped="0" meanWaitingTime="29.94" meanTravelTime="112.37" meanSpeed="3.10" meanSpeedRelative="0.22" duration="1"/>
    <step time="26100.00" loaded="15200" inserted="15171" running="110" waiting="29" ended="15061" arrived="15061" collisions="0" teleports="0" halting="37" stopped="0" meanWaitingTime="30.22" meanTravelTime="112.49" meanSpeed="3.95" meanSpeedRelative="0.28" duration="1"/>
    <step time="26400.00" loaded="15395" inserted="15353" running="79" waiting="42" ended="15274" arrived="15274" collisions="0" teleports="0" halting="31" stopped="0" meanWaitingTime="30.43" meanTravelTime="113.14" meanSpeed="3.81" meanSpeedRelative="0.27" duration="1"/>
    <step time="26700.00" loaded="15610" inserted="15575" running="108" waiting="35" ended="15467" arrived="15467" collisions="0" teleports="0" halting="35" stopped="0" meanWaitingTime="30.86" meanTravelTime="113.07" meanSpeed="3.83" meanSpeedRelative="0.28" duration="3"/>
    <step time="27000.00" loaded="15830" inserted="15785" running="89" waiting="45" ended="15696" arrived="15696" collisions="0" teleports="0" halting="23" stopped="0" meanWaitingTime="31.19" meanTravelTime="113.46" meanSpeed="5.15" meanSpeedRelative="0.37" duration="2"/>
    <step time="27300.00" loaded="16057" inserted="16010" running="95" waiting="47" ended="15915" arrived="15915" collisions="0" teleports="0" halting="37" stopped="0" meanWaitingTime="31.62" meanTravelTime="113.26" meanSpeed="3.51" meanSpeedRelative="0.25" duration="4"/>
    <step time="27600.00" loaded="16255" inserted="16206" running="73" waiting="49" ended="16133" arrived="16133" collisions="0" teleports="0" halting="41" stopped="0" meanWaitingTime="32.00" meanTravelTime="113.52" meanSpeed="3.37" meanSpeedRelative="0.24" duration="4"/>
    <step time="27900.00" loaded="16461" inserted="16418" running="68" waiting="43" ended="16350" arrived="16350" collisions="0" teleports="0" halting="13" stopped="0" meanWaitingTime="32.41" meanTravelTime="113.55" meanSpeed="6.31" meanSpeedRelative="0.45" duration="1"/>
    <step time="28200.00" loaded="16688" inserted="16653" running="66" waiting="35" ended="16587" arrived="16587" collisions="0" teleports="0" halting="13" stopped="0" meanWaitingTime="32.80" meanTravelTime="113.28" meanSpeed="5.96" meanSpeedRelative="0.43" duration="3"/>
    <step time="28500.00" loaded="16888" inserted="16858" running="87" waiting="30" ended="16771" arrived="16771" collisions="0" teleports="0" halting="27" stopped="0" meanWaitingTime="33.06" meanTravelTime="113.24" meanSpeed="4.57" meanSpeedRelative="0.33" duration="3"/>
    <step time="28800.00" loaded="17100" inserted="17066" running="72" waiting="34" ended="16994" arrived="16994" collisions="0" teleports="0" halting="20" stopped="0" meanWaitingTime="33.10" meanTravelTime="113.34" meanSpeed="4.76" meanSpeedRelative="0.34" duration="2"/>
    <step time="29100.00" loaded="17326" inserted="17281" running="95" waiting="45" ended="17186" arrived="17186" collisions="0" teleports="0" halting="40" stopped="0" meanWaitingTime="33.20" meanTravelTime="113.52" meanSpeed="3.65" meanSpeedRelative="0.26" duration="1"/>
    <step time="29400.00" loaded="17527" inserted="17471" running="93" waiting="56" ended="17378" arrived="17378" collisions="0" teleports="0" halting="36" stopped="0" meanWaitingTime="33.47" meanTravelTime="113.95" meanSpeed="3.61" meanSpeedRelative="0.27" duration="4"/>
    <step time="29700.00" loaded="17707" inserted="17648" running="69" waiting="59" ended="17579" arrived="17579" collisions="0" teleports="0" halting="29" stopped="0" meanWaitingTime="33.72" meanTravelTime="114.19" meanSpeed="4.04" meanSpeedRelative="0.29" duration="1"/>
    <step time="30000.00" loaded="17883" inserted="17836" running="75" waiting="47" ended="17761" arrived="17761" collisions="0" teleports="0" halting="43" stopped="0" meanWaitingTime="34.51" meanTravelTime="114.19" meanSpeed="2.62" meanSpeedRelative="0.19" duration="1"/>
    <step time="30300.00" loaded="18081" inserted="18029" running="70" waiting="52" ended="17959" arrived="17959" collisions="0" teleports="0" halting="27" stopped="0" meanWaitingTime="35.07" meanTravelTime="114.39" meanSpeed="4.11" meanSpeedRelative="0.30" duration="1"/>
    <step time="30600.00" loaded="18293" inserted="18249" running="101" waiting="44" ended="18148" arrived="18148" collisions="0" teleports="0" halting="53" stopped="0" meanWaitingTime="35.57" meanTravelTime="114.20" meanSpeed="4.13" meanSpeedRelative="0.30" duration="2"/>
    <step time="30900.00" loaded="18514" inserted="18473" running="111" waiting="41" ended="18362" arrived="18362" collisions="0" teleports="0" halting="52" stopped="0" meanWaitingTime="35.84" meanTravelTime="114.31" meanSpeed="3.18" meanSpeedRelative="0.23" duration="4"/>
    <step time="31200.00" loaded="18683" inserted="18639" running="67" waiting="44" ended="18572" arrived="18572" collisions="0" teleports="0" halting="13" stopped="0" meanWaitingTime="35.92" meanTravelTime="114.88" meanSpeed="4.44" meanSpeedRelative="0.32" duration="2"/>
    <step time="31500.00" loaded="18860" inserted="18817" running="86" waiting="43" ended="18731" arrived="18731" collisions="0" teleports="0" halting="34" stopped="0" meanWaitingTime="36.18" meanTravelTime="115.14" meanSpeed="3.40" meanSpeedRelative="0.24" duration="1"/>
    <step time="31800.00" loaded="19020" inserted="18989" running="95" waiting="31" ended="18894" arrived="18894" collisions="0" teleports="0" halting="23" stopped="0" meanWaitingTime="36.52" meanTravelTime="115.50" meanSpeed="4.70" meanSpeedRelative="0.34" duration="3"/>
    <step time="32100.00" loaded="19202" inserted="19161" running="72" waiting="41" ended="19089" arrived="19089" collisions="0" teleports="0" halting="23" stopped="0" meanWaitingTime="36.74" meanTravelTime="115.70" meanSpeed="4.64" meanSpeedRelative="0.34" duration="3"/>
    <step time="32400.00" loaded="19368" inserted="19325" running="70" waiting="43" ended="19255" arrived="19255" collisions="0" teleports="0" halting="23" stopped="0" meanWaitingTime="36.97" meanTravelTime="115.70" meanSpeed="4.25" meanSpeedRelative="0.31" duration="1"/>
    <step time="32700.00" loaded="19544" inserted="19504" running="50" waiting="40" ended="19454" arrived="19454" collisions="0" teleports="0" halting="6" stopped="0" meanWaitingTime="37.15" meanTravelTime="115.69" meanSpeed="6.72" meanSpeedRelative="0.48" duration="1"/>
    <step time="33000.00" loaded="19710" inserted="19679" running="54" waiting="31" ended="19625" arrived="19625" collisions="0" teleports="0" halting="8" stopped="0" meanWaitingTime="37.41" meanTravelTime="115.60" meanSpeed="5.59" meanSpeedRelative="0.40" duration="2"/>
    <step time="33300.00" loaded="19844" inserted="19829" running="70" waiting="15" ended="19759" arrived="19759" collisions="0" teleports="0" halting="18" stopped="0" meanWaitingTime="37.57" meanTravelTime="115.66" meanSpeed="4.70" meanSpeedRelative="0.34" duration="3"/>
    <step time="33600.00" loaded="20038" inserted="20021" running="69" waiting="17" ended="19952" arrived="19952" collisions="0" teleports="0" halting="30" stopped="0" meanWaitingTime="37.51" meanTravelTime="115.56" meanSpeed="4.90" meanSpeedRelative="0.35" duration="2"/>
    <step time="33900.00" loaded="20194" inserted="20173" running="56" waiting="21" ended="20117" arrived="20117" collisions="0" teleports="0" halting="20" stopped="0" meanWaitingTime="37.43" meanTravelTime="115.47" meanSpeed="4.66" meanSpeedRelative="0.34" duration="0"/>
    <step time="34200.00" loaded="20353" inserted="20333" running="66" waiting="20" ended="20267" arrived="20267" collisions="0" teleports="0" halting="25" stopped="0" meanWaitingTime="37.40" meanTravelTime="115.49" meanSpeed="4.33" meanSpeedRelative="0.31" duration="1"/>
    <step time="34500.00" loaded="20518" inserted="20493" running="64" waiting="25" ended="20429" arrived="20429" collisions="0" teleports="0" halting="12" stopped="0" meanWaitingTime="37.47" meanTravelTime="115.56" meanSpeed="7.08" meanSpeedRelative="0.51" duration="1"/>
    <step time="34800.00" loaded="20669" inserted="20638" running="46" waiting="31" ended="20592" arrived="20592" collisions="0" teleports="0" halting="16" stopped="0" meanWaitingTime="37.64" meanTravelTime="115.49" meanSpeed="5.16" meanSpeedRelative="0.37" duration="2"/>
    <step time="35100.00" loaded="20807" inserted="20795" running="60" waiting="12" ended="20735" arrived="20735" collisions="0" teleports="0" halting="10" stopped="0" meanWaitingTime="37.76" meanTravelTime="115.40" meanSpeed="7.29" meanSpeedRelative="0.52" duration="2"/>
    <step time="35400.00" loaded="20948" inserted="20941" running="37" waiting="7" ended="20904" arrived="20904" collisions="0" teleports="0" halting="6" stopped="0" meanWaitingTime="37.55" meanTravelTime="115.25" meanSpeed="6.66" meanSpeedRelative="0.48" duration="1"/>
    <step time="35700.00" loaded="21090" inserted="21083" running="42" waiting="7" ended="21041" arrived="21041" collisions="0" teleports="0" halting="16" stopped="0" meanWaitingTime="37.43" meanTravelTime="115.20" meanSpeed="5.24" meanSpeedRelative="0.38" duration="1"/>
    <step time="36000.00" loaded="21246" inserted="21239" running="46" waiting="7" ended="21193" arrived="21193" collisions="0" teleports="0" halting="18" stopped="0" meanWaitingTime="37.27" meanTravelTime="115.05" meanSpeed="4.37" meanSpeedRelative="0.31" duration="2"/>
    <step time="36300.00" loaded="21418" inserted="21401" running="53" waiting="17" ended="21348" arrived="21348" collisions="0" teleports="0" halting="29" stopped="0" meanWaitingTime="37.14" meanTravelTime="114.88" meanSpeed="3.20" meanSpeedRelative="0.23" duration="3"/>
    <step time="36600.00" loaded="21569" inserted="21560" running="60" waiting="9" ended="21500" arrived="21500" collisions="0" teleports="0" halting="14" stopped="0" meanWaitingTime="37.05" meanTravelTime="114.91" meanSpeed="4.46" meanSpeedRelative="0.35" duration="3"/>
    <step time="36900.00" loaded="21707" inserted="21687" running="37" waiting="20" ended="21650" arrived="21650" collisions="0" teleports="0" halting="13" stopped="0" meanWaitingTime="36.91" meanTravelTime="114.95" meanSpeed="4.36" meanSpeedRelative="0.31" duration="1"/>
    <step time="37200.00" loaded="21831" inserted="21807" running="35" waiting="24" ended="21772" arrived="21772" collisions="0" teleports="0" halting="18" stopped="0" meanWaitingTime="36.89" meanTravelTime="114.85" meanSpeed="3.77" meanSpeedRelative="0.27" duration="2"/>
    <step time="37500.00" loaded="21974" inserted="21937" running="51" waiting="37" ended="21886" arrived="21886" collisions="0" teleports="0" halting="9" stopped="0" meanWaitingTime="37.07" meanTravelTime="114.79" meanSpeed="6.29" meanSpeedRelative="0.45" duration="0"/>
    <step time="37800.00" loaded="22129" inserted="22088" running="57" waiting="41" ended="22031" arrived="22031" collisions="0" teleports="0" halting="23" stopped="0" meanWaitingTime="37.33" meanTravelTime="114.81" meanSpeed="4.65" meanSpeedRelative="0.33" duration="1"/>
    <step time="38100.00" loaded="22274" inserted="22229" running="50" waiting="45" ended="22179" arrived="22179" collisions="0" teleports="0" halting="16" stopped="0" meanWaitingTime="37.55" meanTravelTime="114.75" meanSpeed="5.79" meanSpeedRelative="0.42" duration="2"/>
    <step time="38400.00" loaded="22399" inserted="22374" running="51" waiting="25" ended="22323" arrived="22323" collisions="0" teleports="0" halting="21" stopped="0" meanWaitingTime="37.85" meanTravelTime="114.69" meanSpeed="3.63" meanSpeedRelative="0.26" duration="1"/>
    <step time="38700.00" loaded="22496" inserted="22487" running="67" waiting="9" ended="22420" arrived="22420" collisions="0" teleports="0" halting="42" stopped="0" meanWaitingTime="37.98" meanTravelTime="114.60" meanSpeed="2.95" meanSpeedRelative="0.21" duration="3"/>
    <step time="39000.00" loaded="22602" inserted="22567" running="65" waiting="35" ended="22502" arrived="22502" collisions="0" teleports="0" halting="12" stopped="0" meanWaitingTime="38.11" meanTravelTime="114.84" meanSpeed="4.57" meanSpeedRelative="0.33" duration="2"/>
    <step time="39300.00" loaded="22728" inserted="22684" running="53" waiting="44" ended="22631" arrived="22631" collisions="0" teleports="0" halting="25" stopped="0" meanWaitingTime="38.40" meanTravelTime="115.27" meanSpeed="3.35" meanSpeedRelative="0.24" duration="2"/>
    <step time="39600.00" loaded="22839" inserted="22781" running="42" waiting="58" ended="22739" arrived="22739" collisions="0" teleports="0" halting="20" stopped="0" meanWaitingTime="38.65" meanTravelTime="115.46" meanSpeed="5.06" meanSpeedRelative="0.36" duration="2"/>
    <step time="39900.00" loaded="22962" inserted="22886" running="52" waiting="76" ended="22834" arrived="22834" collisions="0" teleports="0" halting="37" stopped="0" meanWaitingTime="39.08" meanTravelTime="115.49" meanSpeed="2.21" meanSpeedRelative="0.16" duration="1"/>
    <step time="40200.00" loaded="23052" inserted="22994" running="47" waiting="58" ended="22947" arrived="22947" collisions="0" teleports="0" halting="21" stopped="0" meanWaitingTime="40.02" meanTravelTime="115.63" meanSpeed="3.14" meanSpeedRelative="0.23" duration="2"/>
    <step time="40500.00" loaded="23152" inserted="23083" running="29" waiting="69" ended="23054" arrived="23054" collisions="0" teleports="0" halting="8" stopped="0" meanWaitingTime="40.42" meanTravelTime="115.77" meanSpeed="6.89" meanSpeedRelative="0.50" duration="1"/>
    <step time="40800.00" loaded="23261" inserted="23196" running="27" waiting="65" ended="23169" arrived="23169" collisions="0" teleports="0" halting="12" stopped="0" meanWaitingTime="41.44" meanTravelTime="115.67" meanSpeed="5.03" meanSpeedRelative="0.36" duration="1"/>
    <step time="41100.00" loaded="23346" inserted="23306" running="56" waiting="40" ended="23250" arrived="23250" collisions="0" teleports="0" halting="29" stopped="0" meanWaitingTime="42.12" meanTravelTime="115.66" meanSpeed="3.78" meanSpeedRelative="0.27" duration="1"/>
    <step time="41400.00" loaded="23409" inserted="23391" running="39" waiting="18" ended="23352" arrived="23352" collisions="0" teleports="0" halting="25" stopped="0" meanWaitingTime="42.54" meanTravelTime="115.87" meanSpeed="2.40" meanSpeedRelative="0.17" duration="2"/>
    <step time="41700.00" loaded="23507" inserted="23461" running="45" waiting="46" ended="23416" arrived="23416" collisions="0" teleports="0" halting="30" stopped="0" meanWaitingTime="42.73" meanTravelTime="115.90" meanSpeed="2.62" meanSpeedRelative="0.19" duration="2"/>
    <step time="42000.00" loaded="23588" inserted="23544" running="24" waiting="44" ended="23520" arrived="23520" collisions="0" teleports="0" halting="10" stopped="0" meanWaitingTime="43.20" meanTravelTime="116.14" meanSpeed="4.25" meanSpeedRelative="0.31" duration="1"/>
    <step time="42300.00" loaded="23691" inserted="23641" running="26" waiting="50" ended="23615" arrived="23615" collisions="0" teleports="0" halting="11" stopped="0" meanWaitingTime="43.52" meanTravelTime="116.00" meanSpeed="4.04" meanSpeedRelative="0.29" duration="1"/>
    <step time="42600.00" loaded="23802" inserted="23745" running="50" waiting="57" ended="23695" arrived="23695" collisions="0" teleports="0" halting="10" stopped="0" meanWaitingTime="44.04" meanTravelTime="115.95" meanSpeed="5.61" meanSpeedRelative="0.40" duration="2"/>
    <step time="42900.00" loaded="23901" inserted="23850" running="57" waiting="51" ended="23793" arrived="23793" collisions="0" teleports="0" halting="23" stopped="0" meanWaitingTime="44.59" meanTravelTime="116.08" meanSpeed="4.13" meanSpeedRelative="0.30" duration="2"/>
    <step time="43200.00" loaded="24000" inserted="23952" running="39" waiting="48" ended="23913" arrived="23913" collisions="0" teleports="0" halting="6" stopped="0" meanWaitingTime="45.06" meanTravelTime="116.19" meanSpeed="4.40" meanSpeedRelative="0.32" duration="1"/>
    <step time="43500.00" loaded="24077" inserted="24032" running="28" waiting="45" ended="24004" arrived="24004" collisions="0" teleports="0" halting="8" stopped="0" meanWaitingTime="45.31" meanTravelTime="116.32" meanSpeed="6.25" meanSpeedRelative="0.45" duration="1"/>
    <step time="43800.00" loaded="24178" inserted="24125" running="38" waiting="53" ended="24087" arrived="24087" collisions="0" teleports="0" halting="18" stopped="0" meanWaitingTime="45.80" meanTravelTime="116.23" meanSpeed="4.63" meanSpeedRelative="0.33" duration="2"/>
    <step time="44100.00" loaded="24283" inserted="24231" running="41" waiting="52" ended="24190" arrived="24190" collisions="0" teleports="0" halting="20" stopped="0" meanWaitingTime="46.17" meanTravelTime="116.21" meanSpeed="3.94" meanSpeedRelative="0.28" duration="2"/>
    <step time="44400.00" loaded="24394" inserted="24329" running="56" waiting="65" ended="24273" arrived="24273" collisions="0" teleports="0" halting="39" stopped="0" meanWaitingTime="46.69" meanTravelTime="116.16" meanSpeed="1.54" meanSpeedRelative="0.11" duration="3"/>
    <step time="44700.00" loaded="24496" inserted="24421" running="34" waiting="75" ended="24387" arrived="24387" collisions="0" teleports="0" halting="3" stopped="0" meanWaitingTime="47.35" meanTravelTime="116.47" meanSpeed="6.00" meanSpeedRelative="0.43" duration="1"/>
    <step time="45000.00" loaded="24600" inserted="24512" running="37" waiting="88" ended="24475" arrived="24475" collisions="0" teleports="0" halting="5" stopped="0" meanWaitingTime="47.90" meanTravelTime="116.50" meanSpeed="5.34" meanSpeedRelative="0.38" duration="2"/>
    <step time="45300.00" loaded="24688" inserted="24609" running="44" waiting="79" ended="24565" arrived="24565" collisions="0" teleports="0" halting="15" stopped="0" meanWaitingTime="48.56" meanTravelTime="116.65" meanSpeed="4.54" meanSpeedRelative="0.33" duration="2"/>
    <step time="45600.00" loaded="24770" inserted="24687" running="34" waiting="83" ended="24653" arrived="24653" collisions="0" teleports="0" halting="22" stopped="0" meanWaitingTime="49.20" meanTravelTime="116.72" meanSpeed="3.47" meanSpeedRelative="0.25" duration="2"/>
    <step time="45900.00" loaded="24857" inserted="24760" running="37" waiting="97" ended="24723" arrived="24723" collisions="0" teleports="0" halting="27" stopped="0" meanWaitingTime="50.11" meanTravelTime="116.72" meanSpeed="1.87" meanSpeedRelative="0.13" duration="2"/>
    <step time="46200.00" loaded="24937" inserted="24837" running="63" waiting="100" ended="24774" arrived="24774" collisions="0" teleports="0" halting="57" stopped="0" meanWaitingTime="50.88" meanTravelTime="116.62" meanSpeed="0.68" meanSpeedRelative="0.05" duration="1"/>
    <step time="46500.00" loaded="24985" inserted="24909" running="81" waiting="76" ended="24828" arrived="24828" collisions="0" teleports="0" halting="76" stopped="0" meanWaitingTime="51.68" meanTravelTime="116.53" meanSpeed="0.31" meanSpeedRelative="0.02" duration="2"/>
    <step time="46800.00" loaded="25005" inserted="24949" running="98" waiting="56" ended="24851" arrived="24851" collisions="0" teleports="0" halting="97" stopped="0" meanWaitingTime="52.02" meanTravelTime="116.47" meanSpeed="0.17" meanSpeedRelative="0.01" duration="3"/>
    <step time="47100.00" loaded="25023" inserted="24967" running="99" waiting="56" ended="24868" arrived="24868" collisions="0" teleports="0" halting="96" stopped="0" meanWaitingTime="51.98" meanTravelTime="116.41" meanSpeed="0.18" meanSpeedRelative="0.01" duration="2"/>
    <step time="47400.00" loaded="25039" inserted="24983" running="99" waiting="56" ended="24884" arrived="24884" collisions="0" teleports="0" halting="99" stopped="0" meanWaitingTime="51.95" meanTravelTime="116.36" meanSpeed="0.00" meanSpeedRelative="0.00" duration="3"/>
    <step time="47700.00" loaded="25053" inserted="24997" running="102" waiting="56" ended="24895" arrived="24895" collisions="0" teleports="0" halting="102" stopped="0" meanWaitingTime="51.92" meanTravelTime="116.33" meanSpeed="0.00" meanSpeedRelative="0.00" duration="2"/>
    <step time="48000.00" loaded="25066" inserted="25010" running="104" waiting="56" ended="24906" arrived="24906" collisions="0" teleports="0" halting="102" stopped="0" meanWaitingTime="51.89" meanTravelTime="116.29" meanSpeed="0.13" meanSpeedRelative="0.01" duration="2"/>
    <step time="48300.00" loaded="25080" inserted="25024" running="103" waiting="56" ended="24921" arrived="24921" collisions="0" teleports="0" halting="102" stopped="0" meanWaitingTime="51.86" meanTravelTime="116.25" meanSpeed="0.03" meanSpeedRelative="0.00" duration="2"/>
    <step time="48600.00" loaded="25096" inserted="25040" running="104" waiting="56" ended="24936" arrived="24936" collisions="0" teleports="0" halting="102" stopped="0" meanWaitingTime="51.83" meanTravelTime="116.19" meanSpeed="0.15" meanSpeedRelative="0.01" duration="1"/>
    <step time="48900.00" loaded="25111" inserted="25055" running="108" waiting="56" ended="24947" arrived="24947" collisions="0" teleports="0" halting="107" stopped="0" meanWaitingTime="51.80" meanTravelTime="116.15" meanSpeed="0.03" meanSpeedRelative="0.00" duration="3"/>
    <step time="49200.00" loaded="25120" inserted="25064" running="102" waiting="56" ended="24962" arrived="24962" collisions="0" teleports="0" halting="102" stopped="0" meanWaitingTime="51.78" meanTravelTime="116.12" meanSpeed="0.00" meanSpeedRelative="0.00" duration="3"/>
</summary>
