<?xml version="1.0" encoding="UTF-8"?>

<!-- generated on 2025-02-28 18:18:42 by Eclipse SUMO GUI Version 1.19.0
<configuration xmlns:xsi="http://www.w3.org/2001/XMLSchema-instance" xsi:noNamespaceSchemaLocation="http://sumo.dlr.de/xsd/sumoConfiguration.xsd">

    <input>
        <net-file value="Network.net.xml"/>
        <route-files value="CarRoutes_dfrouter.rou.xml"/>
        <additional-files value="Sensors.add.xml"/>
    </input>

    <output>
        <emission-output value="logs/Emissions.xml"/>
        <summary-output value="logs/Log_summary.xml"/>
        <summary-output.period value="300"/>
        <tripinfo-output value="logs/TripInfos.xml"/>
    </output>

    <time>
        <begin value="0"/>
        <end value="86400"/>
        <step-length value="0.25"/>
    </time>

    <processing>
        <ignore-junction-blocker value="0.1"/>
        <time-to-teleport value="-1"/>
    </processing>

    <report>
        <verbose value="true"/>
        <no-step-log value="true"/>
    </report>

    <emissions>
        <device.emissions.period value="10"/>
    </emissions>

    <traci_server>
        <remote-port value="59174"/>
    </traci_server>

    <gui_only>
        <quit-on-end value="true"/>
        <start value="true"/>
    </gui_only>

</configuration>
-->

<instantE1 xmlns:xsi="http://www.w3.org/2001/XMLSchema-instance" xsi:noNamespaceSchemaLocation="http://sumo.dlr.de/xsd/instant_e1_file.xsd">
    <instantOut id="235_D025" time="115.85" state="enter" vehID="Car_12683" speed="7.58" length="5.00" type="DEFAULT_CAR"/>
    <instantOut id="235_D025" time="116.00" state="stay" vehID="Car_12683" speed="7.58" length="5.00" type="DEFAULT_CAR"/>
    <instantOut id="235_D025" time="116.25" state="stay" vehID="Car_12683" speed="8.23" length="5.00" type="DEFAULT_CAR"/>
    <instantOut id="235_D025" time="116.45" state="leave" vehID="Car_12683" speed="9.03" length="5.00" type="DEFAULT_CAR" occupancy="0.60"/>
    <instantOut id="235_D025" time="179.99" state="enter" vehID="Car_12685" speed="9.76" length="5.00" type="DEFAULT_CAR" gap="63.54"/>
    <instantOut id="235_D025" time="180.00" state="stay" vehID="Car_12685" speed="9.76" length="5.00" type="DEFAULT_CAR"/>
    <instantOut id="235_D025" time="180.25" state="stay" vehID="Car_12685" speed="10.43" length="5.00" type="DEFAULT_CAR"/>
    <instantOut id="235_D025" time="180.48" state="leave" vehID="Car_12685" speed="10.00" length="5.00" type="DEFAULT_CAR" occupancy="0.49"/>
    <instantOut id="235_D025" time="218.93" state="enter" vehID="Car_12688" speed="10.35" length="5.00" type="DEFAULT_CAR" gap="38.46"/>
    <instantOut id="235_D025" time="219.00" state="stay" vehID="Car_12688" speed="10.35" length="5.00" type="DEFAULT_CAR"/>
    <instantOut id="235_D025" time="219.25" state="stay" vehID="Car_12688" speed="11.30" length="5.00" type="DEFAULT_CAR"/>
    <instantOut id="235_D025" time="219.38" state="leave" vehID="Car_12688" speed="11.90" length="5.00" type="DEFAULT_CAR" occupancy="0.44"/>
    <instantOut id="235_D025" time="397.08" state="enter" vehID="Car_12702" speed="14.67" length="5.00" type="DEFAULT_CAR" gap="177.70"/>
    <instantOut id="235_D025" time="397.25" state="stay" vehID="Car_12702" speed="14.67" length="5.00" type="DEFAULT_CAR"/>
    <instantOut id="235_D025" time="397.42" state="leave" vehID="Car_12702" speed="14.64" length="5.00" type="DEFAULT_CAR" occupancy="0.34"/>
    <instantOut id="235_D025" time="733.49" state="enter" vehID="Car_12724" speed="9.91" length="5.00" type="DEFAULT_CAR" gap="336.08"/>
    <instantOut id="235_D025" time="733.50" state="stay" vehID="Car_12724" speed="9.91" length="5.00" type="DEFAULT_CAR"/>
    <instantOut id="235_D025" time="733.75" state="stay" vehID="Car_12724" speed="10.45" length="5.00" type="DEFAULT_CAR"/>
    <instantOut id="235_D025" time="733.96" state="leave" vehID="Car_12724" speed="11.03" length="5.00" type="DEFAULT_CAR" occupancy="0.47"/>
    <instantOut id="235_D025" time="1275.73" state="enter" vehID="Car_12747" speed="9.50" length="5.00" type="DEFAULT_CAR" gap="541.77"/>
    <instantOut id="235_D025" time="1275.75" state="stay" vehID="Car_12747" speed="9.50" length="5.00" type="DEFAULT_CAR"/>
    <instantOut id="235_D025" time="1276.00" state="stay" vehID="Car_12747" speed="9.28" length="5.00" type="DEFAULT_CAR"/>
    <instantOut id="235_D025" time="1276.25" state="stay" vehID="Car_12747" speed="9.43" length="5.00" type="DEFAULT_CAR"/>
    <instantOut id="235_D025" time="1276.26" state="leave" vehID="Car_12747" speed="9.53" length="5.00" type="DEFAULT_CAR" occupancy="0.53"/>
    <instantOut id="235_D025" time="1324.24" state="enter" vehID="Car_12752" speed="9.24" length="5.00" type="DEFAULT_CAR" gap="47.98"/>
    <instantOut id="235_D025" time="1324.25" state="stay" vehID="Car_12752" speed="9.24" length="5.00" type="DEFAULT_CAR"/>
    <instantOut id="235_D025" time="1324.50" state="stay" vehID="Car_12752" speed="10.08" length="5.00" type="DEFAULT_CAR"/>
    <instantOut id="235_D025" time="1324.72" state="leave" vehID="Car_12752" speed="10.70" length="5.00" type="DEFAULT_CAR" occupancy="0.48"/>
    <instantOut id="235_D025" time="1507.20" state="enter" vehID="Car_12761" speed="9.87" length="5.00" type="DEFAULT_CAR" gap="182.48"/>
    <instantOut id="235_D025" time="1507.25" state="stay" vehID="Car_12761" speed="9.87" length="5.00" type="DEFAULT_CAR"/>
    <instantOut id="235_D025" time="1507.50" state="stay" vehID="Car_12761" speed="10.65" length="5.00" type="DEFAULT_CAR"/>
    <instantOut id="235_D025" time="1507.66" state="leave" vehID="Car_12761" speed="11.39" length="5.00" type="DEFAULT_CAR" occupancy="0.46"/>
    <instantOut id="235_D025" time="2160.23" state="enter" vehID="Car_12800" speed="9.84" length="5.00" type="DEFAULT_CAR" gap="652.56"/>
    <instantOut id="235_D025" time="2160.25" state="stay" vehID="Car_12800" speed="9.84" length="5.00" type="DEFAULT_CAR"/>
    <instantOut id="235_D025" time="2160.50" state="stay" vehID="Car_12800" speed="10.37" length="5.00" type="DEFAULT_CAR"/>
    <instantOut id="235_D025" time="2160.69" state="leave" vehID="Car_12800" speed="11.13" length="5.00" type="DEFAULT_CAR" occupancy="0.47"/>
    <instantOut id="235_D025" time="2864.53" state="enter" vehID="Car_12833" speed="17.76" length="5.00" type="DEFAULT_CAR" gap="703.84"/>
    <instantOut id="235_D025" time="2864.75" state="stay" vehID="Car_12833" speed="17.76" length="5.00" type="DEFAULT_CAR"/>
    <instantOut id="235_D025" time="2864.81" state="leave" vehID="Car_12833" speed="18.03" length="5.00" type="DEFAULT_CAR" occupancy="0.28"/>
    <instantOut id="235_D025" time="3092.94" state="enter" vehID="Car_12846" speed="7.05" length="5.00" type="DEFAULT_CAR" gap="228.12"/>
    <instantOut id="235_D025" time="3093.00" state="stay" vehID="Car_12846" speed="7.05" length="5.00" type="DEFAULT_CAR"/>
    <instantOut id="235_D025" time="3093.25" state="stay" vehID="Car_12846" speed="7.89" length="5.00" type="DEFAULT_CAR"/>
    <instantOut id="235_D025" time="3093.50" state="stay" vehID="Car_12846" speed="8.77" length="5.00" type="DEFAULT_CAR"/>
    <instantOut id="235_D025" time="3093.54" state="leave" vehID="Car_12846" speed="9.68" length="5.00" type="DEFAULT_CAR" occupancy="0.60"/>
    <instantOut id="235_D025" time="3922.00" state="enter" vehID="Car_12893" speed="9.80" length="5.00" type="DEFAULT_CAR" gap="828.46"/>
    <instantOut id="235_D025" time="3922.00" state="stay" vehID="Car_12893" speed="9.80" length="5.00" type="DEFAULT_CAR"/>
    <instantOut id="235_D025" time="3922.25" state="stay" vehID="Car_12893" speed="10.33" length="5.00" type="DEFAULT_CAR"/>
    <instantOut id="235_D025" time="3922.47" state="leave" vehID="Car_12893" speed="10.80" length="5.00" type="DEFAULT_CAR" occupancy="0.47"/>
    <instantOut id="235_D025" time="4254.26" state="enter" vehID="Car_12912" speed="9.72" length="5.00" type="DEFAULT_CAR" gap="331.78"/>
    <instantOut id="235_D025" time="4254.50" state="stay" vehID="Car_12912" speed="9.72" length="5.00" type="DEFAULT_CAR"/>
    <instantOut id="235_D025" time="4254.75" state="stay" vehID="Car_12912" speed="10.51" length="5.00" type="DEFAULT_CAR"/>
    <instantOut id="235_D025" time="4254.75" state="leave" vehID="Car_12912" speed="11.29" length="5.00" type="DEFAULT_CAR" occupancy="0.49"/>
    <instantOut id="235_D025" time="4421.47" state="enter" vehID="Car_12924" speed="10.00" length="5.00" type="DEFAULT_CAR" gap="166.72"/>
    <instantOut id="235_D025" time="4421.50" state="stay" vehID="Car_12924" speed="10.00" length="5.00" type="DEFAULT_CAR"/>
    <instantOut id="235_D025" time="4421.75" state="stay" vehID="Car_12924" speed="10.86" length="5.00" type="DEFAULT_CAR"/>
    <instantOut id="235_D025" time="4421.93" state="leave" vehID="Car_12924" speed="11.40" length="5.00" type="DEFAULT_CAR" occupancy="0.45"/>
    <instantOut id="235_D025" time="5086.98" state="enter" vehID="Car_12959" speed="9.40" length="5.00" type="DEFAULT_CAR" gap="665.05"/>
    <instantOut id="235_D025" time="5087.00" state="stay" vehID="Car_12959" speed="9.40" length="5.00" type="DEFAULT_CAR"/>
    <instantOut id="235_D025" time="5087.25" state="stay" vehID="Car_12959" speed="10.29" length="5.00" type="DEFAULT_CAR"/>
    <instantOut id="235_D025" time="5087.45" state="leave" vehID="Car_12959" speed="11.03" length="5.00" type="DEFAULT_CAR" occupancy="0.47"/>
    <instantOut id="235_D025" time="5238.48" state="enter" vehID="Car_12968" speed="10.00" length="5.00" type="DEFAULT_CAR" gap="151.03"/>
    <instantOut id="235_D025" time="5238.50" state="stay" vehID="Car_12968" speed="10.00" length="5.00" type="DEFAULT_CAR"/>
    <instantOut id="235_D025" time="5238.75" state="stay" vehID="Car_12968" speed="10.64" length="5.00" type="DEFAULT_CAR"/>
    <instantOut id="235_D025" time="5238.94" state="leave" vehID="Car_12968" speed="11.26" length="5.00" type="DEFAULT_CAR" occupancy="0.46"/>
    <instantOut id="235_D025" time="5600.99" state="enter" vehID="Car_12988" speed="6.84" length="5.00" type="DEFAULT_CAR" gap="362.05"/>
    <instantOut id="235_D025" time="5601.00" state="stay" vehID="Car_12988" speed="6.84" length="5.00" type="DEFAULT_CAR"/>
    <instantOut id="235_D025" time="5601.25" state="stay" vehID="Car_12988" speed="7.23" length="5.00" type="DEFAULT_CAR"/>
    <instantOut id="235_D025" time="5601.50" state="stay" vehID="Car_12988" speed="7.19" length="5.00" type="DEFAULT_CAR"/>
    <instantOut id="235_D025" time="5601.69" state="leave" vehID="Car_12988" speed="6.87" length="5.00" type="DEFAULT_CAR" occupancy="0.70"/>
    <instantOut id="235_D025" time="5659.68" state="enter" vehID="Car_12994" speed="10.50" length="5.00" type="DEFAULT_CAR" gap="57.99"/>
    <instantOut id="235_D025" time="5659.75" state="stay" vehID="Car_12994" speed="10.50" length="5.00" type="DEFAULT_CAR"/>
    <instantOut id="235_D025" time="5660.00" state="stay" vehID="Car_12994" speed="11.18" length="5.00" type="DEFAULT_CAR"/>
    <instantOut id="235_D025" time="5660.12" state="leave" vehID="Car_12994" speed="11.89" length="5.00" type="DEFAULT_CAR" occupancy="0.44"/>
    <instantOut id="235_D025" time="6329.96" state="enter" vehID="Car_13030" speed="9.86" length="5.00" type="DEFAULT_CAR" gap="669.83"/>
    <instantOut id="235_D025" time="6330.00" state="stay" vehID="Car_13030" speed="9.86" length="5.00" type="DEFAULT_CAR"/>
    <instantOut id="235_D025" time="6330.25" state="stay" vehID="Car_13030" speed="10.34" length="5.00" type="DEFAULT_CAR"/>
    <instantOut id="235_D025" time="6330.43" state="leave" vehID="Car_13030" speed="10.91" length="5.00" type="DEFAULT_CAR" occupancy="0.48"/>
    <instantOut id="235_D025" time="6492.96" state="enter" vehID="Car_13044" speed="14.05" length="5.00" type="DEFAULT_CAR" gap="162.53"/>
    <instantOut id="235_D025" time="6493.00" state="stay" vehID="Car_13044" speed="14.05" length="5.00" type="DEFAULT_CAR"/>
    <instantOut id="235_D025" time="6493.25" state="stay" vehID="Car_13044" speed="13.95" length="5.00" type="DEFAULT_CAR"/>
    <instantOut id="235_D025" time="6493.32" state="leave" vehID="Car_13044" speed="13.93" length="5.00" type="DEFAULT_CAR" occupancy="0.36"/>
    <instantOut id="235_D025" time="6853.98" state="enter" vehID="Car_13055" speed="9.28" length="5.00" type="DEFAULT_CAR" gap="360.67"/>
    <instantOut id="235_D025" time="6854.00" state="stay" vehID="Car_13055" speed="9.28" length="5.00" type="DEFAULT_CAR"/>
    <instantOut id="235_D025" time="6854.25" state="stay" vehID="Car_13055" speed="9.95" length="5.00" type="DEFAULT_CAR"/>
    <instantOut id="235_D025" time="6854.47" state="leave" vehID="Car_13055" speed="10.77" length="5.00" type="DEFAULT_CAR" occupancy="0.49"/>
    <instantOut id="235_D025" time="7059.74" state="enter" vehID="Car_13063" speed="8.73" length="5.00" type="DEFAULT_CAR" gap="205.27"/>
    <instantOut id="235_D025" time="7059.75" state="stay" vehID="Car_13063" speed="8.73" length="5.00" type="DEFAULT_CAR"/>
    <instantOut id="235_D025" time="7060.00" state="stay" vehID="Car_13063" speed="8.83" length="5.00" type="DEFAULT_CAR"/>
    <instantOut id="235_D025" time="7060.25" state="stay" vehID="Car_13063" speed="8.76" length="5.00" type="DEFAULT_CAR"/>
    <instantOut id="235_D025" time="7060.31" state="leave" vehID="Car_13063" speed="8.91" length="5.00" type="DEFAULT_CAR" occupancy="0.57"/>
    <instantOut id="235_D025" time="7748.94" state="enter" vehID="Car_13103" speed="7.46" length="5.00" type="DEFAULT_CAR" gap="688.63"/>
    <instantOut id="235_D025" time="7749.00" state="stay" vehID="Car_13103" speed="7.46" length="5.00" type="DEFAULT_CAR"/>
    <instantOut id="235_D025" time="7749.25" state="stay" vehID="Car_13103" speed="8.33" length="5.00" type="DEFAULT_CAR"/>
    <instantOut id="235_D025" time="7749.50" state="stay" vehID="Car_13103" speed="9.25" length="5.00" type="DEFAULT_CAR"/>
    <instantOut id="235_D025" time="7749.51" state="leave" vehID="Car_13103" speed="9.98" length="5.00" type="DEFAULT_CAR" occupancy="0.58"/>
    <instantOut id="235_D025" time="8800.22" state="enter" vehID="Car_13162" speed="9.73" length="5.00" type="DEFAULT_CAR" gap="1050.70"/>
    <instantOut id="235_D025" time="8800.25" state="stay" vehID="Car_13162" speed="9.73" length="5.00" type="DEFAULT_CAR"/>
    <instantOut id="235_D025" time="8800.50" state="stay" vehID="Car_13162" speed="10.63" length="5.00" type="DEFAULT_CAR"/>
    <instantOut id="235_D025" time="8800.68" state="leave" vehID="Car_13162" speed="11.28" length="5.00" type="DEFAULT_CAR" occupancy="0.46"/>
    <instantOut id="235_D025" time="9699.98" state="enter" vehID="Car_13205" speed="6.94" length="5.00" type="DEFAULT_CAR" gap="899.30"/>
    <instantOut id="235_D025" time="9700.00" state="stay" vehID="Car_13205" speed="6.94" length="5.00" type="DEFAULT_CAR"/>
    <instantOut id="235_D025" time="9700.25" state="stay" vehID="Car_13205" speed="7.43" length="5.00" type="DEFAULT_CAR"/>
    <instantOut id="235_D025" time="9700.50" state="stay" vehID="Car_13205" speed="8.06" length="5.00" type="DEFAULT_CAR"/>
    <instantOut id="235_D025" time="9700.61" state="leave" vehID="Car_13205" speed="8.98" length="5.00" type="DEFAULT_CAR" occupancy="0.63"/>
    <instantOut id="235_D025" time="9822.70" state="enter" vehID="Car_13212" speed="10.32" length="5.00" type="DEFAULT_CAR" gap="122.09"/>
    <instantOut id="235_D025" time="9822.75" state="stay" vehID="Car_13212" speed="10.32" length="5.00" type="DEFAULT_CAR"/>
    <instantOut id="235_D025" time="9823.00" state="stay" vehID="Car_13212" speed="11.25" length="5.00" type="DEFAULT_CAR"/>
    <instantOut id="235_D025" time="9823.14" state="leave" vehID="Car_13212" speed="12.05" length="5.00" type="DEFAULT_CAR" occupancy="0.44"/>
    <instantOut id="235_D025" time="10181.84" state="enter" vehID="Car_13230" speed="7.86" length="5.00" type="DEFAULT_CAR" gap="358.70"/>
    <instantOut id="235_D025" time="10182.00" state="stay" vehID="Car_13230" speed="7.86" length="5.00" type="DEFAULT_CAR"/>
    <instantOut id="235_D025" time="10182.25" state="stay" vehID="Car_13230" speed="7.59" length="5.00" type="DEFAULT_CAR"/>
    <instantOut id="235_D025" time="10182.49" state="leave" vehID="Car_13230" speed="7.62" length="5.00" type="DEFAULT_CAR" occupancy="0.65"/>
    <instantOut id="235_D025" time="10220.20" state="enter" vehID="Car_13234" speed="9.63" length="5.00" type="DEFAULT_CAR" gap="37.71"/>
    <instantOut id="235_D025" time="10220.25" state="stay" vehID="Car_13234" speed="9.63" length="5.00" type="DEFAULT_CAR"/>
    <instantOut id="235_D025" time="10220.50" state="stay" vehID="Car_13234" speed="10.16" length="5.00" type="DEFAULT_CAR"/>
    <instantOut id="235_D025" time="10220.69" state="leave" vehID="Car_13234" speed="10.70" length="5.00" type="DEFAULT_CAR" occupancy="0.48"/>
    <instantOut id="235_D025" time="10387.41" state="enter" vehID="Car_13239" speed="10.42" length="5.00" type="DEFAULT_CAR" gap="166.73"/>
    <instantOut id="235_D025" time="10387.50" state="stay" vehID="Car_13239" speed="10.42" length="5.00" type="DEFAULT_CAR"/>
    <instantOut id="235_D025" time="10387.75" state="stay" vehID="Car_13239" speed="11.31" length="5.00" type="DEFAULT_CAR"/>
    <instantOut id="235_D025" time="10387.85" state="leave" vehID="Car_13239" speed="12.23" length="5.00" type="DEFAULT_CAR" occupancy="0.44"/>
    <instantOut id="235_D025" time="10516.99" state="enter" vehID="Car_13243" speed="9.74" length="5.00" type="DEFAULT_CAR" gap="129.13"/>
    <instantOut id="235_D025" time="10517.00" state="stay" vehID="Car_13243" speed="9.74" length="5.00" type="DEFAULT_CAR"/>
    <instantOut id="235_D025" time="10517.25" state="stay" vehID="Car_13243" speed="10.48" length="5.00" type="DEFAULT_CAR"/>
    <instantOut id="235_D025" time="10517.45" state="leave" vehID="Car_13243" speed="11.32" length="5.00" type="DEFAULT_CAR" occupancy="0.46"/>
    <instantOut id="235_D025" time="10527.73" state="enter" vehID="Car_13245" speed="9.64" length="5.00" type="DEFAULT_CAR" gap="10.28"/>
    <instantOut id="235_D025" time="10527.75" state="stay" vehID="Car_13245" speed="9.64" length="5.00" type="DEFAULT_CAR"/>
    <instantOut id="235_D025" time="10528.00" state="stay" vehID="Car_13245" speed="10.59" length="5.00" type="DEFAULT_CAR"/>
    <instantOut id="235_D025" time="10528.19" state="leave" vehID="Car_13245" speed="11.49" length="5.00" type="DEFAULT_CAR" occupancy="0.46"/>
    <instantOut id="235_D025" time="11133.44" state="enter" vehID="Car_13275" speed="10.44" length="5.00" type="DEFAULT_CAR" gap="605.25"/>
    <instantOut id="235_D025" time="11133.50" state="stay" vehID="Car_13275" speed="10.44" length="5.00" type="DEFAULT_CAR"/>
    <instantOut id="235_D025" time="11133.75" state="stay" vehID="Car_13275" speed="11.38" length="5.00" type="DEFAULT_CAR"/>
    <instantOut id="235_D025" time="11133.88" state="leave" vehID="Car_13275" speed="12.20" length="5.00" type="DEFAULT_CAR" occupancy="0.43"/>
    <instantOut id="235_D025" time="11625.11" state="enter" vehID="Car_13293" speed="7.80" length="5.00" type="DEFAULT_CAR" gap="491.23"/>
    <instantOut id="235_D025" time="11625.25" state="stay" vehID="Car_13293" speed="7.80" length="5.00" type="DEFAULT_CAR"/>
    <instantOut id="235_D025" time="11625.50" state="stay" vehID="Car_13293" speed="7.67" length="5.00" type="DEFAULT_CAR"/>
    <instantOut id="235_D025" time="11625.75" state="leave" vehID="Car_13293" speed="8.01" length="5.00" type="DEFAULT_CAR" occupancy="0.64"/>
    <instantOut id="235_D025" time="13294.20" state="enter" vehID="Car_13362" speed="10.18" length="5.00" type="DEFAULT_CAR" gap="1668.46"/>
    <instantOut id="235_D025" time="13294.25" state="stay" vehID="Car_13362" speed="10.18" length="5.00" type="DEFAULT_CAR"/>
    <instantOut id="235_D025" time="13294.50" state="stay" vehID="Car_13362" speed="10.90" length="5.00" type="DEFAULT_CAR"/>
    <instantOut id="235_D025" time="13294.66" state="leave" vehID="Car_13362" speed="11.48" length="5.00" type="DEFAULT_CAR" occupancy="0.45"/>
    <instantOut id="235_D025" time="13956.72" state="enter" vehID="Car_13406" speed="9.35" length="5.00" type="DEFAULT_CAR" gap="662.06"/>
    <instantOut id="235_D025" time="13956.75" state="stay" vehID="Car_13406" speed="9.35" length="5.00" type="DEFAULT_CAR"/>
    <instantOut id="235_D025" time="13957.00" state="stay" vehID="Car_13406" speed="9.89" length="5.00" type="DEFAULT_CAR"/>
    <instantOut id="235_D025" time="13957.21" state="leave" vehID="Car_13406" speed="10.70" length="5.00" type="DEFAULT_CAR" occupancy="0.49"/>
    <instantOut id="235_D025" time="14003.79" state="enter" vehID="Car_13409" speed="8.63" length="5.00" type="DEFAULT_CAR" gap="46.58"/>
    <instantOut id="235_D025" time="14004.00" state="stay" vehID="Car_13409" speed="8.63" length="5.00" type="DEFAULT_CAR"/>
    <instantOut id="235_D025" time="14004.25" state="stay" vehID="Car_13409" speed="8.51" length="5.00" type="DEFAULT_CAR"/>
    <instantOut id="235_D025" time="14004.37" state="leave" vehID="Car_13409" speed="8.50" length="5.00" type="DEFAULT_CAR" occupancy="0.58"/>
    <instantOut id="235_D025" time="14304.95" state="enter" vehID="Car_13426" speed="9.68" length="5.00" type="DEFAULT_CAR" gap="300.58"/>
    <instantOut id="235_D025" time="14305.00" state="stay" vehID="Car_13426" speed="9.68" length="5.00" type="DEFAULT_CAR"/>
    <instantOut id="235_D025" time="14305.25" state="stay" vehID="Car_13426" speed="9.62" length="5.00" type="DEFAULT_CAR"/>
    <instantOut id="235_D025" time="14305.47" state="leave" vehID="Car_13426" speed="9.67" length="5.00" type="DEFAULT_CAR" occupancy="0.52"/>
    <instantOut id="235_D025" time="14646.73" state="enter" vehID="Car_13445" speed="10.23" length="5.00" type="DEFAULT_CAR" gap="341.25"/>
    <instantOut id="235_D025" time="14646.75" state="stay" vehID="Car_13445" speed="10.23" length="5.00" type="DEFAULT_CAR"/>
    <instantOut id="235_D025" time="14647.00" state="stay" vehID="Car_13445" speed="11.04" length="5.00" type="DEFAULT_CAR"/>
    <instantOut id="235_D025" time="14647.17" state="leave" vehID="Car_13445" speed="11.95" length="5.00" type="DEFAULT_CAR" occupancy="0.44"/>
    <instantOut id="235_D025" time="15416.48" state="enter" vehID="Car_13492" speed="5.15" length="5.00" type="DEFAULT_CAR" gap="769.31"/>
    <instantOut id="235_D025" time="15416.50" state="stay" vehID="Car_13492" speed="5.15" length="5.00" type="DEFAULT_CAR"/>
    <instantOut id="235_D025" time="15416.75" state="stay" vehID="Car_13492" speed="4.89" length="5.00" type="DEFAULT_CAR"/>
    <instantOut id="235_D025" time="15417.00" state="stay" vehID="Car_13492" speed="5.21" length="5.00" type="DEFAULT_CAR"/>
    <instantOut id="235_D025" time="15417.25" state="stay" vehID="Car_13492" speed="5.02" length="5.00" type="DEFAULT_CAR"/>
    <instantOut id="235_D025" time="15417.48" state="leave" vehID="Car_13492" speed="4.95" length="5.00" type="DEFAULT_CAR" occupancy="1.00"/>
    <instantOut id="235_D025" time="15566.39" state="enter" vehID="Car_13507" speed="10.71" length="5.00" type="DEFAULT_CAR" gap="148.91"/>
    <instantOut id="235_D025" time="15566.50" state="stay" vehID="Car_13507" speed="10.71" length="5.00" type="DEFAULT_CAR"/>
    <instantOut id="235_D025" time="15566.75" state="stay" vehID="Car_13507" speed="11.48" length="5.00" type="DEFAULT_CAR"/>
    <instantOut id="235_D025" time="15566.83" state="leave" vehID="Car_13507" speed="11.47" length="5.00" type="DEFAULT_CAR" occupancy="0.44"/>
    <instantOut id="235_D025" time="15652.94" state="enter" vehID="Car_13512" speed="9.88" length="5.00" type="DEFAULT_CAR" gap="86.11"/>
    <instantOut id="235_D025" time="15653.00" state="stay" vehID="Car_13512" speed="9.88" length="5.00" type="DEFAULT_CAR"/>
    <instantOut id="235_D025" time="15653.25" state="stay" vehID="Car_13512" speed="10.52" length="5.00" type="DEFAULT_CAR"/>
    <instantOut id="235_D025" time="15653.41" state="leave" vehID="Car_13512" speed="11.19" length="5.00" type="DEFAULT_CAR" occupancy="0.47"/>
    <instantOut id="235_D025" time="15739.20" state="enter" vehID="Car_13519" speed="10.23" length="5.00" type="DEFAULT_CAR" gap="85.79"/>
    <instantOut id="235_D025" time="15739.25" state="stay" vehID="Car_13519" speed="10.23" length="5.00" type="DEFAULT_CAR"/>
    <instantOut id="235_D025" time="15739.50" state="stay" vehID="Car_13519" speed="10.77" length="5.00" type="DEFAULT_CAR"/>
    <instantOut id="235_D025" time="15739.66" state="leave" vehID="Car_13519" speed="11.58" length="5.00" type="DEFAULT_CAR" occupancy="0.46"/>
    <instantOut id="235_D025" time="15997.97" state="enter" vehID="Car_13535" speed="9.64" length="5.00" type="DEFAULT_CAR" gap="258.31"/>
    <instantOut id="235_D025" time="15998.00" state="stay" vehID="Car_13535" speed="9.64" length="5.00" type="DEFAULT_CAR"/>
    <instantOut id="235_D025" time="15998.25" state="stay" vehID="Car_13535" speed="10.28" length="5.00" type="DEFAULT_CAR"/>
    <instantOut id="235_D025" time="15998.44" state="leave" vehID="Car_13535" speed="11.11" length="5.00" type="DEFAULT_CAR" occupancy="0.47"/>
    <instantOut id="235_D025" time="16186.20" state="enter" vehID="Car_13549" speed="10.22" length="5.00" type="DEFAULT_CAR" gap="187.76"/>
    <instantOut id="235_D025" time="16186.25" state="stay" vehID="Car_13549" speed="10.22" length="5.00" type="DEFAULT_CAR"/>
    <instantOut id="235_D025" time="16186.50" state="stay" vehID="Car_13549" speed="10.96" length="5.00" type="DEFAULT_CAR"/>
    <instantOut id="235_D025" time="16186.65" state="leave" vehID="Car_13549" speed="11.73" length="5.00" type="DEFAULT_CAR" occupancy="0.45"/>
    <instantOut id="235_D025" time="16282.22" state="enter" vehID="Car_13555" speed="9.71" length="5.00" type="DEFAULT_CAR" gap="95.58"/>
    <instantOut id="235_D025" time="16282.25" state="stay" vehID="Car_13555" speed="9.71" length="5.00" type="DEFAULT_CAR"/>
    <instantOut id="235_D025" time="16282.50" state="stay" vehID="Car_13555" speed="10.62" length="5.00" type="DEFAULT_CAR"/>
    <instantOut id="235_D025" time="16282.69" state="leave" vehID="Car_13555" speed="11.11" length="5.00" type="DEFAULT_CAR" occupancy="0.46"/>
    <instantOut id="235_D025" time="16758.22" state="enter" vehID="Car_13586" speed="10.04" length="5.00" type="DEFAULT_CAR" gap="475.53"/>
    <instantOut id="235_D025" time="16758.25" state="stay" vehID="Car_13586" speed="10.04" length="5.00" type="DEFAULT_CAR"/>
    <instantOut id="235_D025" time="16758.50" state="stay" vehID="Car_13586" speed="10.87" length="5.00" type="DEFAULT_CAR"/>
    <instantOut id="235_D025" time="16758.67" state="leave" vehID="Car_13586" speed="11.68" length="5.00" type="DEFAULT_CAR" occupancy="0.45"/>
    <instantOut id="235_D025" time="16834.48" state="enter" vehID="Car_13590" speed="9.06" length="5.00" type="DEFAULT_CAR" gap="75.81"/>
    <instantOut id="235_D025" time="16834.50" state="stay" vehID="Car_13590" speed="9.06" length="5.00" type="DEFAULT_CAR"/>
    <instantOut id="235_D025" time="16834.75" state="stay" vehID="Car_13590" speed="9.65" length="5.00" type="DEFAULT_CAR"/>
    <instantOut id="235_D025" time="16834.98" state="leave" vehID="Car_13590" speed="10.57" length="5.00" type="DEFAULT_CAR" occupancy="0.50"/>
    <instantOut id="235_D025" time="16911.97" state="enter" vehID="Car_13595" speed="10.28" length="5.00" type="DEFAULT_CAR" gap="76.99"/>
    <instantOut id="235_D025" time="16912.00" state="stay" vehID="Car_13595" speed="10.28" length="5.00" type="DEFAULT_CAR"/>
    <instantOut id="235_D025" time="16912.25" state="stay" vehID="Car_13595" speed="10.90" length="5.00" type="DEFAULT_CAR"/>
    <instantOut id="235_D025" time="16912.42" state="leave" vehID="Car_13595" speed="11.66" length="5.00" type="DEFAULT_CAR" occupancy="0.45"/>
    <instantOut id="235_D025" time="17228.99" state="enter" vehID="Car_13621" speed="9.28" length="5.00" type="DEFAULT_CAR" gap="316.57"/>
    <instantOut id="235_D025" time="17229.00" state="stay" vehID="Car_13621" speed="9.28" length="5.00" type="DEFAULT_CAR"/>
    <instantOut id="235_D025" time="17229.25" state="stay" vehID="Car_13621" speed="10.00" length="5.00" type="DEFAULT_CAR"/>
    <instantOut id="235_D025" time="17229.49" state="leave" vehID="Car_13621" speed="9.74" length="5.00" type="DEFAULT_CAR" occupancy="0.51"/>
    <instantOut id="235_D025" time="17363.70" state="enter" vehID="Car_13625" speed="9.80" length="5.00" type="DEFAULT_CAR" gap="134.21"/>
    <instantOut id="235_D025" time="17363.75" state="stay" vehID="Car_13625" speed="9.80" length="5.00" type="DEFAULT_CAR"/>
    <instantOut id="235_D025" time="17364.00" state="stay" vehID="Car_13625" speed="10.46" length="5.00" type="DEFAULT_CAR"/>
    <instantOut id="235_D025" time="17364.17" state="leave" vehID="Car_13625" speed="11.34" length="5.00" type="DEFAULT_CAR" occupancy="0.47"/>
    <instantOut id="235_D025" time="18118.20" state="enter" vehID="Car_13667" speed="9.85" length="5.00" type="DEFAULT_CAR" gap="754.03"/>
    <instantOut id="235_D025" time="18118.25" state="stay" vehID="Car_13667" speed="9.85" length="5.00" type="DEFAULT_CAR"/>
    <instantOut id="235_D025" time="18118.50" state="stay" vehID="Car_13667" speed="10.48" length="5.00" type="DEFAULT_CAR"/>
    <instantOut id="235_D025" time="18118.67" state="leave" vehID="Car_13667" speed="11.14" length="5.00" type="DEFAULT_CAR" occupancy="0.47"/>
    <instantOut id="235_D025" time="18534.23" state="enter" vehID="Car_13680" speed="9.69" length="5.00" type="DEFAULT_CAR" gap="415.56"/>
    <instantOut id="235_D025" time="18534.25" state="stay" vehID="Car_13680" speed="9.69" length="5.00" type="DEFAULT_CAR"/>
    <instantOut id="235_D025" time="18534.50" state="stay" vehID="Car_13680" speed="10.44" length="5.00" type="DEFAULT_CAR"/>
    <instantOut id="235_D025" time="18534.70" state="leave" vehID="Car_13680" speed="11.33" length="5.00" type="DEFAULT_CAR" occupancy="0.46"/>
    <instantOut id="235_D025" time="18624.95" state="enter" vehID="Car_13684" speed="10.03" length="5.00" type="DEFAULT_CAR" gap="90.26"/>
    <instantOut id="235_D025" time="18625.00" state="stay" vehID="Car_13684" speed="10.03" length="5.00" type="DEFAULT_CAR"/>
    <instantOut id="235_D025" time="18625.25" state="stay" vehID="Car_13684" speed="10.76" length="5.00" type="DEFAULT_CAR"/>
    <instantOut id="235_D025" time="18625.41" state="leave" vehID="Car_13684" speed="11.68" length="5.00" type="DEFAULT_CAR" occupancy="0.45"/>
    <instantOut id="235_D025" time="18691.20" state="enter" vehID="Car_13686" speed="6.28" length="5.00" type="DEFAULT_CAR" gap="65.79"/>
    <instantOut id="235_D025" time="18691.25" state="stay" vehID="Car_13686" speed="6.28" length="5.00" type="DEFAULT_CAR"/>
    <instantOut id="235_D025" time="18691.50" state="stay" vehID="Car_13686" speed="6.43" length="5.00" type="DEFAULT_CAR"/>
    <instantOut id="235_D025" time="18691.75" state="stay" vehID="Car_13686" speed="6.43" length="5.00" type="DEFAULT_CAR"/>
    <instantOut id="235_D025" time="18691.98" state="leave" vehID="Car_13686" speed="6.34" length="5.00" type="DEFAULT_CAR" occupancy="0.78"/>
    <instantOut id="235_D025" time="18829.49" state="enter" vehID="Car_13697" speed="11.82" length="5.00" type="DEFAULT_CAR" gap="137.51"/>
    <instantOut id="235_D025" time="18829.50" state="stay" vehID="Car_13697" speed="11.82" length="5.00" type="DEFAULT_CAR"/>
    <instantOut id="235_D025" time="18829.75" state="stay" vehID="Car_13697" speed="12.50" length="5.00" type="DEFAULT_CAR"/>
    <instantOut id="235_D025" time="18829.89" state="leave" vehID="Car_13697" speed="12.54" length="5.00" type="DEFAULT_CAR" occupancy="0.40"/>
    <instantOut id="235_D025" time="19399.38" state="enter" vehID="Car_13728" speed="10.60" length="5.00" type="DEFAULT_CAR" gap="569.48"/>
    <instantOut id="235_D025" time="19399.50" state="stay" vehID="Car_13728" speed="10.60" length="5.00" type="DEFAULT_CAR"/>
    <instantOut id="235_D025" time="19399.75" state="stay" vehID="Car_13728" speed="10.95" length="5.00" type="DEFAULT_CAR"/>
    <instantOut id="235_D025" time="19399.84" state="leave" vehID="Car_13728" speed="10.54" length="5.00" type="DEFAULT_CAR" occupancy="0.46"/>
    <instantOut id="235_D025" time="20004.80" state="enter" vehID="Car_13754" speed="7.65" length="5.00" type="DEFAULT_CAR" gap="604.96"/>
    <instantOut id="235_D025" time="20005.00" state="stay" vehID="Car_13754" speed="7.65" length="5.00" type="DEFAULT_CAR"/>
    <instantOut id="235_D025" time="20005.25" state="stay" vehID="Car_13754" speed="8.35" length="5.00" type="DEFAULT_CAR"/>
    <instantOut id="235_D025" time="20005.41" state="leave" vehID="Car_13754" speed="8.95" length="5.00" type="DEFAULT_CAR" occupancy="0.60"/>
    <instantOut id="235_D025" time="20537.45" state="enter" vehID="Car_13780" speed="10.32" length="5.00" type="DEFAULT_CAR" gap="532.05"/>
    <instantOut id="235_D025" time="20537.50" state="stay" vehID="Car_13780" speed="10.32" length="5.00" type="DEFAULT_CAR"/>
    <instantOut id="235_D025" time="20537.75" state="stay" vehID="Car_13780" speed="11.25" length="5.00" type="DEFAULT_CAR"/>
    <instantOut id="235_D025" time="20537.89" state="leave" vehID="Car_13780" speed="11.89" length="5.00" type="DEFAULT_CAR" occupancy="0.44"/>
    <instantOut id="235_D025" time="20665.48" state="enter" vehID="Car_13791" speed="9.33" length="5.00" type="DEFAULT_CAR" gap="127.59"/>
    <instantOut id="235_D025" time="20665.50" state="stay" vehID="Car_13791" speed="9.33" length="5.00" type="DEFAULT_CAR"/>
    <instantOut id="235_D025" time="20665.75" state="stay" vehID="Car_13791" speed="10.18" length="5.00" type="DEFAULT_CAR"/>
    <instantOut id="235_D025" time="20665.96" state="leave" vehID="Car_13791" speed="10.85" length="5.00" type="DEFAULT_CAR" occupancy="0.48"/>
    <instantOut id="235_D025" time="20979.51" state="enter" vehID="Car_13804" speed="8.29" length="5.00" type="DEFAULT_CAR" gap="313.55"/>
    <instantOut id="235_D025" time="20979.75" state="stay" vehID="Car_13804" speed="8.29" length="5.00" type="DEFAULT_CAR"/>
    <instantOut id="235_D025" time="20980.00" state="stay" vehID="Car_13804" speed="8.54" length="5.00" type="DEFAULT_CAR"/>
    <instantOut id="235_D025" time="20980.10" state="leave" vehID="Car_13804" speed="8.61" length="5.00" type="DEFAULT_CAR" occupancy="0.59"/>
    <instantOut id="235_D025" time="21450.76" state="enter" vehID="Car_13835" speed="9.89" length="5.00" type="DEFAULT_CAR" gap="470.66"/>
    <instantOut id="235_D025" time="21451.00" state="stay" vehID="Car_13835" speed="9.89" length="5.00" type="DEFAULT_CAR"/>
    <instantOut id="235_D025" time="21451.25" state="stay" vehID="Car_13835" speed="9.81" length="5.00" type="DEFAULT_CAR"/>
    <instantOut id="235_D025" time="21451.27" state="leave" vehID="Car_13835" speed="10.16" length="5.00" type="DEFAULT_CAR" occupancy="0.51"/>
    <instantOut id="235_D025" time="22248.72" state="enter" vehID="Car_13874" speed="9.69" length="5.00" type="DEFAULT_CAR" gap="797.45"/>
    <instantOut id="235_D025" time="22248.75" state="stay" vehID="Car_13874" speed="9.69" length="5.00" type="DEFAULT_CAR"/>
    <instantOut id="235_D025" time="22249.00" state="stay" vehID="Car_13874" speed="10.42" length="5.00" type="DEFAULT_CAR"/>
    <instantOut id="235_D025" time="22249.19" state="leave" vehID="Car_13874" speed="11.12" length="5.00" type="DEFAULT_CAR" occupancy="0.47"/>
    <instantOut id="235_D025" time="23305.94" state="enter" vehID="Car_13954" speed="7.25" length="5.00" type="DEFAULT_CAR" gap="1056.75"/>
    <instantOut id="235_D025" time="23306.00" state="stay" vehID="Car_13954" speed="7.25" length="5.00" type="DEFAULT_CAR"/>
    <instantOut id="235_D025" time="23306.25" state="stay" vehID="Car_13954" speed="7.77" length="5.00" type="DEFAULT_CAR"/>
    <instantOut id="235_D025" time="23306.50" state="stay" vehID="Car_13954" speed="7.47" length="5.00" type="DEFAULT_CAR"/>
    <instantOut id="235_D025" time="23306.60" state="leave" vehID="Car_13954" speed="7.58" length="5.00" type="DEFAULT_CAR" occupancy="0.66"/>
    <instantOut id="235_D025" time="23433.30" state="enter" vehID="Car_13964" speed="7.68" length="5.00" type="DEFAULT_CAR" gap="126.70"/>
    <instantOut id="235_D025" time="23433.50" state="stay" vehID="Car_13964" speed="7.68" length="5.00" type="DEFAULT_CAR"/>
    <instantOut id="235_D025" time="23433.75" state="stay" vehID="Car_13964" speed="7.50" length="5.00" type="DEFAULT_CAR"/>
    <instantOut id="235_D025" time="23433.95" state="leave" vehID="Car_13964" speed="7.79" length="5.00" type="DEFAULT_CAR" occupancy="0.65"/>
    <instantOut id="235_D025" time="23524.21" state="enter" vehID="Car_13968" speed="9.48" length="5.00" type="DEFAULT_CAR" gap="90.25"/>
    <instantOut id="235_D025" time="23524.25" state="stay" vehID="Car_13968" speed="9.48" length="5.00" type="DEFAULT_CAR"/>
    <instantOut id="235_D025" time="23524.50" state="stay" vehID="Car_13968" speed="10.33" length="5.00" type="DEFAULT_CAR"/>
    <instantOut id="235_D025" time="23524.68" state="leave" vehID="Car_13968" speed="11.16" length="5.00" type="DEFAULT_CAR" occupancy="0.47"/>
    <instantOut id="235_D025" time="23756.97" state="enter" vehID="Car_13980" speed="9.43" length="5.00" type="DEFAULT_CAR" gap="232.29"/>
    <instantOut id="235_D025" time="23757.00" state="stay" vehID="Car_13980" speed="9.43" length="5.00" type="DEFAULT_CAR"/>
    <instantOut id="235_D025" time="23757.25" state="stay" vehID="Car_13980" speed="9.93" length="5.00" type="DEFAULT_CAR"/>
    <instantOut id="235_D025" time="23757.46" state="leave" vehID="Car_13980" speed="10.86" length="5.00" type="DEFAULT_CAR" occupancy="0.49"/>
    <instantOut id="235_D025" time="23925.73" state="enter" vehID="Car_13993" speed="10.23" length="5.00" type="DEFAULT_CAR" gap="168.27"/>
    <instantOut id="235_D025" time="23925.75" state="stay" vehID="Car_13993" speed="10.23" length="5.00" type="DEFAULT_CAR"/>
    <instantOut id="235_D025" time="23926.00" state="stay" vehID="Car_13993" speed="10.90" length="5.00" type="DEFAULT_CAR"/>
    <instantOut id="235_D025" time="23926.17" state="leave" vehID="Car_13993" speed="11.61" length="5.00" type="DEFAULT_CAR" occupancy="0.45"/>
    <instantOut id="235_D025" time="24784.95" state="enter" vehID="Car_14042" speed="10.04" length="5.00" type="DEFAULT_CAR" gap="858.78"/>
    <instantOut id="235_D025" time="24785.00" state="stay" vehID="Car_14042" speed="10.04" length="5.00" type="DEFAULT_CAR"/>
    <instantOut id="235_D025" time="24785.25" state="stay" vehID="Car_14042" speed="10.40" length="5.00" type="DEFAULT_CAR"/>
    <instantOut id="235_D025" time="24785.43" state="leave" vehID="Car_14042" speed="10.64" length="5.00" type="DEFAULT_CAR" occupancy="0.48"/>
    <instantOut id="235_D025" time="24860.27" state="enter" vehID="Car_14047" speed="12.27" length="5.00" type="DEFAULT_CAR" gap="74.84"/>
    <instantOut id="235_D025" time="24860.50" state="stay" vehID="Car_14047" speed="12.27" length="5.00" type="DEFAULT_CAR"/>
    <instantOut id="235_D025" time="24860.67" state="leave" vehID="Car_14047" speed="13.01" length="5.00" type="DEFAULT_CAR" occupancy="0.40"/>
    <instantOut id="235_D025" time="24958.05" state="enter" vehID="Car_14055" speed="7.29" length="5.00" type="DEFAULT_CAR" gap="97.39"/>
    <instantOut id="235_D025" time="24958.25" state="stay" vehID="Car_14055" speed="7.29" length="5.00" type="DEFAULT_CAR"/>
    <instantOut id="235_D025" time="24958.50" state="stay" vehID="Car_14055" speed="7.85" length="5.00" type="DEFAULT_CAR"/>
    <instantOut id="235_D025" time="24958.68" state="leave" vehID="Car_14055" speed="8.74" length="5.00" type="DEFAULT_CAR" occupancy="0.63"/>
    <instantOut id="235_D025" time="25164.07" state="enter" vehID="Car_14064" speed="7.07" length="5.00" type="DEFAULT_CAR" gap="205.39"/>
    <instantOut id="235_D025" time="25164.25" state="stay" vehID="Car_14064" speed="7.07" length="5.00" type="DEFAULT_CAR"/>
    <instantOut id="235_D025" time="25164.50" state="stay" vehID="Car_14064" speed="7.74" length="5.00" type="DEFAULT_CAR"/>
    <instantOut id="235_D025" time="25164.72" state="leave" vehID="Car_14064" speed="8.28" length="5.00" type="DEFAULT_CAR" occupancy="0.65"/>
    <instantOut id="235_D025" time="25369.20" state="enter" vehID="Car_14079" speed="10.32" length="5.00" type="DEFAULT_CAR" gap="204.48"/>
    <instantOut id="235_D025" time="25369.25" state="stay" vehID="Car_14079" speed="10.32" length="5.00" type="DEFAULT_CAR"/>
    <instantOut id="235_D025" time="25369.50" state="stay" vehID="Car_14079" speed="10.99" length="5.00" type="DEFAULT_CAR"/>
    <instantOut id="235_D025" time="25369.65" state="leave" vehID="Car_14079" speed="11.62" length="5.00" type="DEFAULT_CAR" occupancy="0.45"/>
    <instantOut id="235_D025" time="25659.25" state="enter" vehID="Car_14101" speed="10.06" length="5.00" type="DEFAULT_CAR" gap="289.60"/>
    <instantOut id="235_D025" time="25659.50" state="stay" vehID="Car_14101" speed="10.06" length="5.00" type="DEFAULT_CAR"/>
    <instantOut id="235_D025" time="25659.75" state="stay" vehID="Car_14101" speed="10.02" length="5.00" type="DEFAULT_CAR"/>
    <instantOut id="235_D025" time="25659.75" state="leave" vehID="Car_14101" speed="10.14" length="5.00" type="DEFAULT_CAR" occupancy="0.50"/>
    <instantOut id="235_D025" time="26343.93" state="enter" vehID="Car_14130" speed="15.14" length="5.00" type="DEFAULT_CAR" gap="684.18"/>
    <instantOut id="235_D025" time="26344.00" state="stay" vehID="Car_14130" speed="15.14" length="5.00" type="DEFAULT_CAR"/>
    <instantOut id="235_D025" time="26344.25" state="stay" vehID="Car_14130" speed="14.89" length="5.00" type="DEFAULT_CAR"/>
    <instantOut id="235_D025" time="26344.26" state="leave" vehID="Car_14130" speed="15.02" length="5.00" type="DEFAULT_CAR" occupancy="0.33"/>
    <instantOut id="235_D025" time="26431.35" state="enter" vehID="Car_14139" speed="11.90" length="5.00" type="DEFAULT_CAR" gap="87.09"/>
    <instantOut id="235_D025" time="26431.50" state="stay" vehID="Car_14139" speed="11.90" length="5.00" type="DEFAULT_CAR"/>
    <instantOut id="235_D025" time="26431.75" state="stay" vehID="Car_14139" speed="12.17" length="5.00" type="DEFAULT_CAR"/>
    <instantOut id="235_D025" time="26431.77" state="leave" vehID="Car_14139" speed="11.80" length="5.00" type="DEFAULT_CAR" occupancy="0.41"/>
    <instantOut id="235_D025" time="26541.96" state="enter" vehID="Car_14146" speed="9.80" length="5.00" type="DEFAULT_CAR" gap="110.19"/>
    <instantOut id="235_D025" time="26542.00" state="stay" vehID="Car_14146" speed="9.80" length="5.00" type="DEFAULT_CAR"/>
    <instantOut id="235_D025" time="26542.25" state="stay" vehID="Car_14146" speed="10.28" length="5.00" type="DEFAULT_CAR"/>
    <instantOut id="235_D025" time="26542.43" state="leave" vehID="Car_14146" speed="11.16" length="5.00" type="DEFAULT_CAR" occupancy="0.47"/>
    <instantOut id="235_D025" time="26734.88" state="enter" vehID="Car_14155" speed="7.67" length="5.00" type="DEFAULT_CAR" gap="192.45"/>
    <instantOut id="235_D025" time="26735.00" state="stay" vehID="Car_14155" speed="7.67" length="5.00" type="DEFAULT_CAR"/>
    <instantOut id="235_D025" time="26735.25" state="stay" vehID="Car_14155" speed="7.71" length="5.00" type="DEFAULT_CAR"/>
    <instantOut id="235_D025" time="26735.50" state="stay" vehID="Car_14155" speed="7.58" length="5.00" type="DEFAULT_CAR"/>
    <instantOut id="235_D025" time="26735.53" state="leave" vehID="Car_14155" speed="7.98" length="5.00" type="DEFAULT_CAR" occupancy="0.65"/>
    <instantOut id="235_D025" time="27414.45" state="enter" vehID="Car_14207" speed="10.04" length="5.00" type="DEFAULT_CAR" gap="678.92"/>
    <instantOut id="235_D025" time="27414.50" state="stay" vehID="Car_14207" speed="10.04" length="5.00" type="DEFAULT_CAR"/>
    <instantOut id="235_D025" time="27414.75" state="stay" vehID="Car_14207" speed="10.56" length="5.00" type="DEFAULT_CAR"/>
    <instantOut id="235_D025" time="27414.91" state="leave" vehID="Car_14207" speed="11.24" length="5.00" type="DEFAULT_CAR" occupancy="0.47"/>
    <instantOut id="235_D025" time="27934.24" state="enter" vehID="Car_14226" speed="9.41" length="5.00" type="DEFAULT_CAR" gap="519.33"/>
    <instantOut id="235_D025" time="27934.25" state="stay" vehID="Car_14226" speed="9.41" length="5.00" type="DEFAULT_CAR"/>
    <instantOut id="235_D025" time="27934.50" state="stay" vehID="Car_14226" speed="10.02" length="5.00" type="DEFAULT_CAR"/>
    <instantOut id="235_D025" time="27934.72" state="leave" vehID="Car_14226" speed="10.86" length="5.00" type="DEFAULT_CAR" occupancy="0.48"/>
    <instantOut id="235_D025" time="28670.96" state="enter" vehID="Car_14282" speed="10.07" length="5.00" type="DEFAULT_CAR" gap="736.24"/>
    <instantOut id="235_D025" time="28671.00" state="stay" vehID="Car_14282" speed="10.07" length="5.00" type="DEFAULT_CAR"/>
    <instantOut id="235_D025" time="28671.25" state="stay" vehID="Car_14282" speed="10.98" length="5.00" type="DEFAULT_CAR"/>
    <instantOut id="235_D025" time="28671.41" state="leave" vehID="Car_14282" speed="11.75" length="5.00" type="DEFAULT_CAR" occupancy="0.45"/>
    <instantOut id="235_D025" time="28909.18" state="enter" vehID="Car_14305" speed="9.92" length="5.00" type="DEFAULT_CAR" gap="237.78"/>
    <instantOut id="235_D025" time="28909.25" state="stay" vehID="Car_14305" speed="9.92" length="5.00" type="DEFAULT_CAR"/>
    <instantOut id="235_D025" time="28909.50" state="stay" vehID="Car_14305" speed="10.77" length="5.00" type="DEFAULT_CAR"/>
    <instantOut id="235_D025" time="28909.65" state="leave" vehID="Car_14305" speed="11.27" length="5.00" type="DEFAULT_CAR" occupancy="0.46"/>
    <instantOut id="235_D025" time="29110.20" state="enter" vehID="Car_14320" speed="18.10" length="5.00" type="DEFAULT_CAR" gap="200.55"/>
    <instantOut id="235_D025" time="29110.25" state="stay" vehID="Car_14320" speed="18.10" length="5.00" type="DEFAULT_CAR"/>
    <instantOut id="235_D025" time="29110.47" state="leave" vehID="Car_14320" speed="18.07" length="5.00" type="DEFAULT_CAR" occupancy="0.28"/>
    <instantOut id="235_D025" time="29125.36" state="enter" vehID="Car_14321" speed="8.93" length="5.00" type="DEFAULT_CAR" gap="14.89"/>
    <instantOut id="235_D025" time="29125.50" state="stay" vehID="Car_14321" speed="8.93" length="5.00" type="DEFAULT_CAR"/>
    <instantOut id="235_D025" time="29125.75" state="stay" vehID="Car_14321" speed="9.42" length="5.00" type="DEFAULT_CAR"/>
    <instantOut id="235_D025" time="29125.89" state="leave" vehID="Car_14321" speed="9.91" length="5.00" type="DEFAULT_CAR" occupancy="0.53"/>
    <instantOut id="235_D025" time="29241.19" state="enter" vehID="Car_14332" speed="10.04" length="5.00" type="DEFAULT_CAR" gap="115.30"/>
    <instantOut id="235_D025" time="29241.25" state="stay" vehID="Car_14332" speed="10.04" length="5.00" type="DEFAULT_CAR"/>
    <instantOut id="235_D025" time="29241.50" state="stay" vehID="Car_14332" speed="10.83" length="5.00" type="DEFAULT_CAR"/>
    <instantOut id="235_D025" time="29241.65" state="leave" vehID="Car_14332" speed="11.69" length="5.00" type="DEFAULT_CAR" occupancy="0.45"/>
    <instantOut id="235_D025" time="30175.21" state="enter" vehID="Car_14392" speed="10.21" length="5.00" type="DEFAULT_CAR" gap="933.56"/>
    <instantOut id="235_D025" time="30175.25" state="stay" vehID="Car_14392" speed="10.21" length="5.00" type="DEFAULT_CAR"/>
    <instantOut id="235_D025" time="30175.50" state="stay" vehID="Car_14392" speed="10.70" length="5.00" type="DEFAULT_CAR"/>
    <instantOut id="235_D025" time="30175.67" state="leave" vehID="Car_14392" speed="11.62" length="5.00" type="DEFAULT_CAR" occupancy="0.45"/>
    <instantOut id="235_D025" time="30419.94" state="enter" vehID="Car_14407" speed="10.54" length="5.00" type="DEFAULT_CAR" gap="244.27"/>
    <instantOut id="235_D025" time="30420.00" state="stay" vehID="Car_14407" speed="10.54" length="5.00" type="DEFAULT_CAR"/>
    <instantOut id="235_D025" time="30420.25" state="stay" vehID="Car_14407" speed="11.17" length="5.00" type="DEFAULT_CAR"/>
    <instantOut id="235_D025" time="30420.38" state="leave" vehID="Car_14407" speed="11.79" length="5.00" type="DEFAULT_CAR" occupancy="0.44"/>
    <instantOut id="235_D025" time="30629.71" state="enter" vehID="Car_14421" speed="9.82" length="5.00" type="DEFAULT_CAR" gap="209.33"/>
    <instantOut id="235_D025" time="30629.75" state="stay" vehID="Car_14421" speed="9.82" length="5.00" type="DEFAULT_CAR"/>
    <instantOut id="235_D025" time="30630.00" state="stay" vehID="Car_14421" speed="10.58" length="5.00" type="DEFAULT_CAR"/>
    <instantOut id="235_D025" time="30630.18" state="leave" vehID="Car_14421" speed="11.19" length="5.00" type="DEFAULT_CAR" occupancy="0.46"/>
    <instantOut id="235_D025" time="30865.71" state="enter" vehID="Car_14434" speed="10.07" length="5.00" type="DEFAULT_CAR" gap="235.53"/>
    <instantOut id="235_D025" time="30865.75" state="stay" vehID="Car_14434" speed="10.07" length="5.00" type="DEFAULT_CAR"/>
    <instantOut id="235_D025" time="30866.00" state="stay" vehID="Car_14434" speed="10.87" length="5.00" type="DEFAULT_CAR"/>
    <instantOut id="235_D025" time="30866.16" state="leave" vehID="Car_14434" speed="11.50" length="5.00" type="DEFAULT_CAR" occupancy="0.45"/>
    <instantOut id="235_D025" time="31020.46" state="enter" vehID="Car_14443" speed="9.87" length="5.00" type="DEFAULT_CAR" gap="154.30"/>
    <instantOut id="235_D025" time="31020.50" state="stay" vehID="Car_14443" speed="9.87" length="5.00" type="DEFAULT_CAR"/>
    <instantOut id="235_D025" time="31020.75" state="stay" vehID="Car_14443" speed="10.19" length="5.00" type="DEFAULT_CAR"/>
    <instantOut id="235_D025" time="31020.96" state="leave" vehID="Car_14443" speed="10.08" length="5.00" type="DEFAULT_CAR" occupancy="0.49"/>
    <instantOut id="235_D025" time="31071.96" state="enter" vehID="Car_14451" speed="9.73" length="5.00" type="DEFAULT_CAR" gap="51.01"/>
    <instantOut id="235_D025" time="31072.00" state="stay" vehID="Car_14451" speed="9.73" length="5.00" type="DEFAULT_CAR"/>
    <instantOut id="235_D025" time="31072.25" state="stay" vehID="Car_14451" speed="10.55" length="5.00" type="DEFAULT_CAR"/>
    <instantOut id="235_D025" time="31072.43" state="leave" vehID="Car_14451" speed="11.28" length="5.00" type="DEFAULT_CAR" occupancy="0.46"/>
    <instantOut id="235_D025" time="31226.01" state="enter" vehID="Car_14455" speed="10.06" length="5.00" type="DEFAULT_CAR" gap="153.58"/>
    <instantOut id="235_D025" time="31226.25" state="stay" vehID="Car_14455" speed="10.06" length="5.00" type="DEFAULT_CAR"/>
    <instantOut id="235_D025" time="31226.48" state="leave" vehID="Car_14455" speed="11.01" length="5.00" type="DEFAULT_CAR" occupancy="0.48"/>
    <instantOut id="235_D025" time="31817.95" state="enter" vehID="Car_14482" speed="7.29" length="5.00" type="DEFAULT_CAR" gap="591.47"/>
    <instantOut id="235_D025" time="31818.00" state="stay" vehID="Car_14482" speed="7.29" length="5.00" type="DEFAULT_CAR"/>
    <instantOut id="235_D025" time="31818.25" state="stay" vehID="Car_14482" speed="8.16" length="5.00" type="DEFAULT_CAR"/>
    <instantOut id="235_D025" time="31818.50" state="stay" vehID="Car_14482" speed="8.88" length="5.00" type="DEFAULT_CAR"/>
    <instantOut id="235_D025" time="31818.54" state="leave" vehID="Car_14482" speed="9.49" length="5.00" type="DEFAULT_CAR" occupancy="0.59"/>
    <instantOut id="235_D025" time="32431.46" state="enter" vehID="Car_14514" speed="9.82" length="5.00" type="DEFAULT_CAR" gap="612.92"/>
    <instantOut id="235_D025" time="32431.50" state="stay" vehID="Car_14514" speed="9.82" length="5.00" type="DEFAULT_CAR"/>
    <instantOut id="235_D025" time="32431.75" state="stay" vehID="Car_14514" speed="10.39" length="5.00" type="DEFAULT_CAR"/>
    <instantOut id="235_D025" time="32431.93" state="leave" vehID="Car_14514" speed="10.99" length="5.00" type="DEFAULT_CAR" occupancy="0.47"/>
    <instantOut id="235_D025" time="33290.25" state="enter" vehID="Car_14553" speed="10.32" length="5.00" type="DEFAULT_CAR" gap="858.32"/>
    <instantOut id="235_D025" time="33290.50" state="stay" vehID="Car_14553" speed="10.32" length="5.00" type="DEFAULT_CAR"/>
    <instantOut id="235_D025" time="33290.73" state="leave" vehID="Car_14553" speed="10.92" length="5.00" type="DEFAULT_CAR" occupancy="0.47"/>
    <instantOut id="235_D025" time="33546.73" state="enter" vehID="Car_14566" speed="6.95" length="5.00" type="DEFAULT_CAR" gap="256.00"/>
    <instantOut id="235_D025" time="33546.75" state="stay" vehID="Car_14566" speed="6.95" length="5.00" type="DEFAULT_CAR"/>
    <instantOut id="235_D025" time="33547.00" state="stay" vehID="Car_14566" speed="7.64" length="5.00" type="DEFAULT_CAR"/>
    <instantOut id="235_D025" time="33547.25" state="stay" vehID="Car_14566" speed="7.86" length="5.00" type="DEFAULT_CAR"/>
    <instantOut id="235_D025" time="33547.37" state="leave" vehID="Car_14566" speed="7.96" length="5.00" type="DEFAULT_CAR" occupancy="0.64"/>
    <instantOut id="235_D025" time="34167.96" state="enter" vehID="Car_14590" speed="10.14" length="5.00" type="DEFAULT_CAR" gap="620.59"/>
    <instantOut id="235_D025" time="34168.00" state="stay" vehID="Car_14590" speed="10.14" length="5.00" type="DEFAULT_CAR"/>
    <instantOut id="235_D025" time="34168.25" state="stay" vehID="Car_14590" speed="10.69" length="5.00" type="DEFAULT_CAR"/>
    <instantOut id="235_D025" time="34168.42" state="leave" vehID="Car_14590" speed="11.30" length="5.00" type="DEFAULT_CAR" occupancy="0.46"/>
    <instantOut id="235_D025" time="34342.94" state="enter" vehID="Car_14603" speed="10.06" length="5.00" type="DEFAULT_CAR" gap="174.52"/>
    <instantOut id="235_D025" time="34343.00" state="stay" vehID="Car_14603" speed="10.06" length="5.00" type="DEFAULT_CAR"/>
    <instantOut id="235_D025" time="34343.25" state="stay" vehID="Car_14603" speed="10.59" length="5.00" type="DEFAULT_CAR"/>
    <instantOut id="235_D025" time="34343.40" state="leave" vehID="Car_14603" speed="11.53" length="5.00" type="DEFAULT_CAR" occupancy="0.46"/>
    <instantOut id="235_D025" time="34983.32" state="enter" vehID="Car_14634" speed="12.48" length="5.00" type="DEFAULT_CAR" gap="639.92"/>
    <instantOut id="235_D025" time="34983.50" state="stay" vehID="Car_14634" speed="12.48" length="5.00" type="DEFAULT_CAR"/>
    <instantOut id="235_D025" time="34983.71" state="leave" vehID="Car_14634" speed="13.41" length="5.00" type="DEFAULT_CAR" occupancy="0.39"/>
    <instantOut id="235_D025" time="35962.68" state="enter" vehID="Car_14670" speed="9.89" length="5.00" type="DEFAULT_CAR" gap="978.97"/>
    <instantOut id="235_D025" time="35962.75" state="stay" vehID="Car_14670" speed="9.89" length="5.00" type="DEFAULT_CAR"/>
    <instantOut id="235_D025" time="35963.00" state="stay" vehID="Car_14670" speed="10.45" length="5.00" type="DEFAULT_CAR"/>
    <instantOut id="235_D025" time="35963.15" state="leave" vehID="Car_14670" speed="10.87" length="5.00" type="DEFAULT_CAR" occupancy="0.48"/>
    <instantOut id="235_D025" time="36595.25" state="enter" vehID="Car_14694" speed="9.37" length="5.00" type="DEFAULT_CAR" gap="632.09"/>
    <instantOut id="235_D025" time="36595.25" state="stay" vehID="Car_14694" speed="9.37" length="5.00" type="DEFAULT_CAR"/>
    <instantOut id="235_D025" time="36595.50" state="stay" vehID="Car_14694" speed="10.20" length="5.00" type="DEFAULT_CAR"/>
    <instantOut id="235_D025" time="36595.73" state="leave" vehID="Car_14694" speed="10.78" length="5.00" type="DEFAULT_CAR" occupancy="0.48"/>
    <instantOut id="235_D025" time="37004.76" state="enter" vehID="Car_14711" speed="8.67" length="5.00" type="DEFAULT_CAR" gap="409.04"/>
    <instantOut id="235_D025" time="37005.00" state="stay" vehID="Car_14711" speed="8.67" length="5.00" type="DEFAULT_CAR"/>
    <instantOut id="235_D025" time="37005.25" state="stay" vehID="Car_14711" speed="8.87" length="5.00" type="DEFAULT_CAR"/>
    <instantOut id="235_D025" time="37005.33" state="leave" vehID="Car_14711" speed="8.98" length="5.00" type="DEFAULT_CAR" occupancy="0.57"/>
    <instantOut id="235_D025" time="41157.74" state="enter" vehID="Car_14800" speed="9.71" length="5.00" type="DEFAULT_CAR" gap="4152.41"/>
    <instantOut id="235_D025" time="41157.75" state="stay" vehID="Car_14800" speed="9.71" length="5.00" type="DEFAULT_CAR"/>
    <instantOut id="235_D025" time="41158.00" state="stay" vehID="Car_14800" speed="10.56" length="5.00" type="DEFAULT_CAR"/>
    <instantOut id="235_D025" time="41158.20" state="leave" vehID="Car_14800" speed="11.23" length="5.00" type="DEFAULT_CAR" occupancy="0.46"/>
    <instantOut id="235_D025" time="44552.45" state="enter" vehID="Car_14870" speed="9.86" length="5.00" type="DEFAULT_CAR" gap="3394.25"/>
    <instantOut id="235_D025" time="44552.50" state="stay" vehID="Car_14870" speed="9.86" length="5.00" type="DEFAULT_CAR"/>
    <instantOut id="235_D025" time="44552.75" state="stay" vehID="Car_14870" speed="10.80" length="5.00" type="DEFAULT_CAR"/>
    <instantOut id="235_D025" time="44552.91" state="leave" vehID="Car_14870" speed="11.34" length="5.00" type="DEFAULT_CAR" occupancy="0.46"/>
</instantE1>
