<?xml version="1.0" encoding="UTF-8"?>

<!-- generated on 2025-02-28 18:41:13 by Eclipse SUMO GUI Version 1.19.0
<configuration xmlns:xsi="http://www.w3.org/2001/XMLSchema-instance" xsi:noNamespaceSchemaLocation="http://sumo.dlr.de/xsd/sumoConfiguration.xsd">

    <input>
        <net-file value="Network.net.xml"/>
        <route-files value="CarRoutes.rou.xml"/>
        <additional-files value="Sensors.add.xml"/>
    </input>

    <output>
        <emission-output value="logs/Emissions.xml"/>
        <summary-output value="logs/Log_summary.xml"/>
        <summary-output.period value="300"/>
        <tripinfo-output value="logs/TripInfos.xml"/>
    </output>

    <time>
        <begin value="0"/>
        <end value="86400"/>
        <step-length value="0.25"/>
    </time>

    <processing>
        <ignore-junction-blocker value="0.1"/>
        <time-to-teleport value="-1"/>
    </processing>

    <report>
        <verbose value="true"/>
        <no-step-log value="true"/>
    </report>

    <emissions>
        <device.emissions.period value="10"/>
    </emissions>

    <traci_server>
        <remote-port value="58959"/>
    </traci_server>

    <gui_only>
        <quit-on-end value="true"/>
        <start value="true"/>
    </gui_only>

</configuration>
-->

<instantE1 xmlns:xsi="http://www.w3.org/2001/XMLSchema-instance" xsi:noNamespaceSchemaLocation="http://sumo.dlr.de/xsd/instant_e1_file.xsd">
    <instantOut id="235_D025" time="1970.49" state="enter" vehID="Car_986" speed="8.82" length="5.00" type="DEFAULT_CAR"/>
    <instantOut id="235_D025" time="1970.50" state="stay" vehID="Car_986" speed="8.82" length="5.00" type="DEFAULT_CAR"/>
    <instantOut id="235_D025" time="1970.75" state="stay" vehID="Car_986" speed="8.07" length="5.00" type="DEFAULT_CAR"/>
    <instantOut id="235_D025" time="1971.00" state="stay" vehID="Car_986" speed="7.54" length="5.00" type="DEFAULT_CAR"/>
    <instantOut id="235_D025" time="1971.15" state="leave" vehID="Car_986" speed="6.79" length="5.00" type="DEFAULT_CAR" occupancy="0.66"/>
    <instantOut id="235_D025" time="2239.08" state="enter" vehID="Car_1035" speed="7.03" length="5.00" type="DEFAULT_CAR" gap="267.94"/>
    <instantOut id="235_D025" time="2239.25" state="stay" vehID="Car_1035" speed="7.03" length="5.00" type="DEFAULT_CAR"/>
    <instantOut id="235_D025" time="2239.50" state="stay" vehID="Car_1035" speed="6.28" length="5.00" type="DEFAULT_CAR"/>
    <instantOut id="235_D025" time="2239.75" state="stay" vehID="Car_1035" speed="5.56" length="5.00" type="DEFAULT_CAR"/>
    <instantOut id="235_D025" time="2239.93" state="leave" vehID="Car_1035" speed="4.81" length="5.00" type="DEFAULT_CAR" occupancy="0.85"/>
    <instantOut id="235_D025" time="2422.24" state="enter" vehID="Car_774" speed="8.52" length="5.00" type="DEFAULT_CAR" gap="182.31"/>
    <instantOut id="235_D025" time="2422.25" state="stay" vehID="Car_774" speed="8.52" length="5.00" type="DEFAULT_CAR"/>
    <instantOut id="235_D025" time="2422.50" state="stay" vehID="Car_774" speed="8.11" length="5.00" type="DEFAULT_CAR"/>
    <instantOut id="235_D025" time="2422.75" state="stay" vehID="Car_774" speed="7.69" length="5.00" type="DEFAULT_CAR"/>
    <instantOut id="235_D025" time="2422.89" state="leave" vehID="Car_774" speed="6.94" length="5.00" type="DEFAULT_CAR" occupancy="0.65"/>
    <instantOut id="235_D025" time="2725.34" state="enter" vehID="Car_1913" speed="9.67" length="5.00" type="DEFAULT_CAR" gap="302.46"/>
    <instantOut id="235_D025" time="2725.50" state="stay" vehID="Car_1913" speed="9.67" length="5.00" type="DEFAULT_CAR"/>
    <instantOut id="235_D025" time="2725.75" state="stay" vehID="Car_1913" speed="8.92" length="5.00" type="DEFAULT_CAR"/>
    <instantOut id="235_D025" time="2725.90" state="leave" vehID="Car_1913" speed="8.17" length="5.00" type="DEFAULT_CAR" occupancy="0.56"/>
    <instantOut id="235_D025" time="2827.25" state="enter" vehID="Car_1499" speed="9.01" length="5.00" type="DEFAULT_CAR" gap="101.34"/>
    <instantOut id="235_D025" time="2827.25" state="stay" vehID="Car_1499" speed="9.01" length="5.00" type="DEFAULT_CAR"/>
    <instantOut id="235_D025" time="2827.50" state="stay" vehID="Car_1499" speed="8.26" length="5.00" type="DEFAULT_CAR"/>
    <instantOut id="235_D025" time="2827.75" state="stay" vehID="Car_1499" speed="7.69" length="5.00" type="DEFAULT_CAR"/>
    <instantOut id="235_D025" time="2827.89" state="leave" vehID="Car_1499" speed="6.94" length="5.00" type="DEFAULT_CAR" occupancy="0.64"/>
    <instantOut id="235_D025" time="4809.47" state="enter" vehID="Car_2791" speed="9.51" length="5.00" type="DEFAULT_CAR" gap="1981.58"/>
    <instantOut id="235_D025" time="4809.50" state="stay" vehID="Car_2791" speed="9.51" length="5.00" type="DEFAULT_CAR"/>
    <instantOut id="235_D025" time="4809.75" state="stay" vehID="Car_2791" speed="9.99" length="5.00" type="DEFAULT_CAR"/>
    <instantOut id="235_D025" time="4809.96" state="leave" vehID="Car_2791" speed="10.91" length="5.00" type="DEFAULT_CAR" occupancy="0.48"/>
    <instantOut id="235_D025" time="5860.19" state="enter" vehID="Car_2662" speed="9.51" length="5.00" type="DEFAULT_CAR" gap="1050.23"/>
    <instantOut id="235_D025" time="5860.25" state="stay" vehID="Car_2662" speed="9.51" length="5.00" type="DEFAULT_CAR"/>
    <instantOut id="235_D025" time="5860.50" state="stay" vehID="Car_2662" speed="8.76" length="5.00" type="DEFAULT_CAR"/>
    <instantOut id="235_D025" time="5860.75" state="stay" vehID="Car_2662" speed="8.16" length="5.00" type="DEFAULT_CAR"/>
    <instantOut id="235_D025" time="5860.78" state="leave" vehID="Car_2662" speed="7.41" length="5.00" type="DEFAULT_CAR" occupancy="0.59"/>
    <instantOut id="235_D025" time="8013.96" state="enter" vehID="Car_4383" speed="9.76" length="5.00" type="DEFAULT_CAR" gap="2153.19"/>
    <instantOut id="235_D025" time="8014.00" state="stay" vehID="Car_4383" speed="9.76" length="5.00" type="DEFAULT_CAR"/>
    <instantOut id="235_D025" time="8014.25" state="stay" vehID="Car_4383" speed="9.01" length="5.00" type="DEFAULT_CAR"/>
    <instantOut id="235_D025" time="8014.50" state="stay" vehID="Car_4383" speed="8.29" length="5.00" type="DEFAULT_CAR"/>
    <instantOut id="235_D025" time="8014.54" state="leave" vehID="Car_4383" speed="7.54" length="5.00" type="DEFAULT_CAR" occupancy="0.58"/>
    <instantOut id="235_D025" time="8608.16" state="enter" vehID="Car_4516" speed="8.05" length="5.00" type="DEFAULT_CAR" gap="593.62"/>
    <instantOut id="235_D025" time="8608.25" state="stay" vehID="Car_4516" speed="8.05" length="5.00" type="DEFAULT_CAR"/>
    <instantOut id="235_D025" time="8608.50" state="stay" vehID="Car_4516" speed="7.30" length="5.00" type="DEFAULT_CAR"/>
    <instantOut id="235_D025" time="8608.75" state="stay" vehID="Car_4516" speed="6.58" length="5.00" type="DEFAULT_CAR"/>
    <instantOut id="235_D025" time="8608.88" state="leave" vehID="Car_4516" speed="6.05" length="5.00" type="DEFAULT_CAR" occupancy="0.72"/>
    <instantOut id="235_D025" time="8686.99" state="enter" vehID="Car_4963" speed="6.82" length="5.00" type="DEFAULT_CAR" gap="78.11"/>
    <instantOut id="235_D025" time="8687.00" state="stay" vehID="Car_4963" speed="6.82" length="5.00" type="DEFAULT_CAR"/>
    <instantOut id="235_D025" time="8687.25" state="stay" vehID="Car_4963" speed="7.28" length="5.00" type="DEFAULT_CAR"/>
    <instantOut id="235_D025" time="8687.50" state="stay" vehID="Car_4963" speed="6.54" length="5.00" type="DEFAULT_CAR"/>
    <instantOut id="235_D025" time="8687.75" state="stay" vehID="Car_4963" speed="5.79" length="5.00" type="DEFAULT_CAR"/>
    <instantOut id="235_D025" time="8687.75" state="leave" vehID="Car_4963" speed="5.15" length="5.00" type="DEFAULT_CAR" occupancy="0.77"/>
    <instantOut id="235_D025" time="9905.75" state="enter" vehID="Car_5680" speed="7.35" length="5.00" type="DEFAULT_CAR" gap="1218.00"/>
    <instantOut id="235_D025" time="9906.00" state="stay" vehID="Car_5680" speed="7.35" length="5.00" type="DEFAULT_CAR"/>
    <instantOut id="235_D025" time="9906.25" state="stay" vehID="Car_5680" speed="6.60" length="5.00" type="DEFAULT_CAR"/>
    <instantOut id="235_D025" time="9906.50" state="stay" vehID="Car_5680" speed="5.85" length="5.00" type="DEFAULT_CAR"/>
    <instantOut id="235_D025" time="9906.51" state="leave" vehID="Car_5680" speed="5.12" length="5.00" type="DEFAULT_CAR" occupancy="0.76"/>
    <instantOut id="235_D025" time="10026.95" state="enter" vehID="Car_6005" speed="10.26" length="5.00" type="DEFAULT_CAR" gap="120.44"/>
    <instantOut id="235_D025" time="10027.00" state="stay" vehID="Car_6005" speed="10.26" length="5.00" type="DEFAULT_CAR"/>
    <instantOut id="235_D025" time="10027.25" state="stay" vehID="Car_6005" speed="10.08" length="5.00" type="DEFAULT_CAR"/>
    <instantOut id="235_D025" time="10027.46" state="leave" vehID="Car_6005" speed="9.49" length="5.00" type="DEFAULT_CAR" occupancy="0.51"/>
    <instantOut id="235_D025" time="10039.23" state="enter" vehID="Car_6006" speed="10.02" length="5.00" type="DEFAULT_CAR" gap="11.76"/>
    <instantOut id="235_D025" time="10039.25" state="stay" vehID="Car_6006" speed="10.02" length="5.00" type="DEFAULT_CAR"/>
    <instantOut id="235_D025" time="10039.50" state="stay" vehID="Car_6006" speed="9.27" length="5.00" type="DEFAULT_CAR"/>
    <instantOut id="235_D025" time="10039.75" state="stay" vehID="Car_6006" speed="8.52" length="5.00" type="DEFAULT_CAR"/>
    <instantOut id="235_D025" time="10039.79" state="leave" vehID="Car_6006" speed="7.77" length="5.00" type="DEFAULT_CAR" occupancy="0.56"/>
    <instantOut id="235_D025" time="11525.50" state="enter" vehID="Car_5427" speed="10.21" length="5.00" type="DEFAULT_CAR" gap="1485.71"/>
    <instantOut id="235_D025" time="11525.75" state="stay" vehID="Car_5427" speed="10.21" length="5.00" type="DEFAULT_CAR"/>
    <instantOut id="235_D025" time="11526.00" state="stay" vehID="Car_5427" speed="9.47" length="5.00" type="DEFAULT_CAR"/>
    <instantOut id="235_D025" time="11526.01" state="leave" vehID="Car_5427" speed="8.78" length="5.00" type="DEFAULT_CAR" occupancy="0.51"/>
    <instantOut id="235_D025" time="12451.04" state="enter" vehID="Car_6830" speed="7.06" length="5.00" type="DEFAULT_CAR" gap="925.02"/>
    <instantOut id="235_D025" time="12451.25" state="stay" vehID="Car_6830" speed="7.06" length="5.00" type="DEFAULT_CAR"/>
    <instantOut id="235_D025" time="12451.50" state="stay" vehID="Car_6830" speed="6.31" length="5.00" type="DEFAULT_CAR"/>
    <instantOut id="235_D025" time="12451.75" state="stay" vehID="Car_6830" speed="5.65" length="5.00" type="DEFAULT_CAR"/>
    <instantOut id="235_D025" time="12451.85" state="leave" vehID="Car_6830" speed="4.90" length="5.00" type="DEFAULT_CAR" occupancy="0.82"/>
    <instantOut id="235_D025" time="12902.06" state="enter" vehID="Car_6867" speed="7.03" length="5.00" type="DEFAULT_CAR" gap="450.21"/>
    <instantOut id="235_D025" time="12902.25" state="stay" vehID="Car_6867" speed="7.03" length="5.00" type="DEFAULT_CAR"/>
    <instantOut id="235_D025" time="12902.50" state="stay" vehID="Car_6867" speed="6.33" length="5.00" type="DEFAULT_CAR"/>
    <instantOut id="235_D025" time="12902.75" state="stay" vehID="Car_6867" speed="5.86" length="5.00" type="DEFAULT_CAR"/>
    <instantOut id="235_D025" time="12902.86" state="leave" vehID="Car_6867" speed="5.15" length="5.00" type="DEFAULT_CAR" occupancy="0.81"/>
    <instantOut id="235_D025" time="14130.20" state="enter" vehID="Car_8405" speed="8.87" length="5.00" type="DEFAULT_CAR" gap="1227.34"/>
    <instantOut id="235_D025" time="14130.25" state="stay" vehID="Car_8405" speed="8.87" length="5.00" type="DEFAULT_CAR"/>
    <instantOut id="235_D025" time="14130.50" state="stay" vehID="Car_8405" speed="8.12" length="5.00" type="DEFAULT_CAR"/>
    <instantOut id="235_D025" time="14130.75" state="stay" vehID="Car_8405" speed="7.42" length="5.00" type="DEFAULT_CAR"/>
    <instantOut id="235_D025" time="14130.85" state="leave" vehID="Car_8405" speed="6.67" length="5.00" type="DEFAULT_CAR" occupancy="0.65"/>
    <instantOut id="235_D025" time="16443.97" state="enter" vehID="Car_8633" speed="8.75" length="5.00" type="DEFAULT_CAR" gap="2313.12"/>
    <instantOut id="235_D025" time="16444.00" state="stay" vehID="Car_8633" speed="8.75" length="5.00" type="DEFAULT_CAR"/>
    <instantOut id="235_D025" time="16444.25" state="stay" vehID="Car_8633" speed="8.00" length="5.00" type="DEFAULT_CAR"/>
    <instantOut id="235_D025" time="16444.50" state="stay" vehID="Car_8633" speed="7.25" length="5.00" type="DEFAULT_CAR"/>
    <instantOut id="235_D025" time="16444.65" state="leave" vehID="Car_8633" speed="6.50" length="5.00" type="DEFAULT_CAR" occupancy="0.67"/>
    <instantOut id="235_D025" time="16693.07" state="enter" vehID="Car_8634" speed="7.08" length="5.00" type="DEFAULT_CAR" gap="248.42"/>
    <instantOut id="235_D025" time="16693.25" state="stay" vehID="Car_8634" speed="7.08" length="5.00" type="DEFAULT_CAR"/>
    <instantOut id="235_D025" time="16693.50" state="stay" vehID="Car_8634" speed="7.55" length="5.00" type="DEFAULT_CAR"/>
    <instantOut id="235_D025" time="16693.75" state="stay" vehID="Car_8634" speed="6.80" length="5.00" type="DEFAULT_CAR"/>
    <instantOut id="235_D025" time="16693.78" state="leave" vehID="Car_8634" speed="6.05" length="5.00" type="DEFAULT_CAR" occupancy="0.70"/>
    <instantOut id="235_D025" time="16986.99" state="enter" vehID="Car_9542" speed="9.62" length="5.00" type="DEFAULT_CAR" gap="293.21"/>
    <instantOut id="235_D025" time="16987.00" state="stay" vehID="Car_9542" speed="9.62" length="5.00" type="DEFAULT_CAR"/>
    <instantOut id="235_D025" time="16987.25" state="stay" vehID="Car_9542" speed="8.87" length="5.00" type="DEFAULT_CAR"/>
    <instantOut id="235_D025" time="16987.50" state="stay" vehID="Car_9542" speed="8.12" length="5.00" type="DEFAULT_CAR"/>
    <instantOut id="235_D025" time="16987.59" state="leave" vehID="Car_9542" speed="7.37" length="5.00" type="DEFAULT_CAR" occupancy="0.60"/>
    <instantOut id="235_D025" time="19751.99" state="enter" vehID="Car_10768" speed="8.57" length="5.00" type="DEFAULT_CAR" gap="2764.40"/>
    <instantOut id="235_D025" time="19752.00" state="stay" vehID="Car_10768" speed="8.57" length="5.00" type="DEFAULT_CAR"/>
    <instantOut id="235_D025" time="19752.25" state="stay" vehID="Car_10768" speed="8.01" length="5.00" type="DEFAULT_CAR"/>
    <instantOut id="235_D025" time="19752.50" state="stay" vehID="Car_10768" speed="7.40" length="5.00" type="DEFAULT_CAR"/>
    <instantOut id="235_D025" time="19752.65" state="leave" vehID="Car_10768" speed="6.65" length="5.00" type="DEFAULT_CAR" occupancy="0.67"/>
    <instantOut id="235_D025" time="20284.25" state="enter" vehID="Car_10744" speed="8.48" length="5.00" type="DEFAULT_CAR" gap="531.60"/>
    <instantOut id="235_D025" time="20284.50" state="stay" vehID="Car_10744" speed="8.48" length="5.00" type="DEFAULT_CAR"/>
    <instantOut id="235_D025" time="20284.75" state="stay" vehID="Car_10744" speed="7.73" length="5.00" type="DEFAULT_CAR"/>
    <instantOut id="235_D025" time="20284.89" state="leave" vehID="Car_10744" speed="7.06" length="5.00" type="DEFAULT_CAR" occupancy="0.63"/>
    <instantOut id="235_D025" time="20997.99" state="enter" vehID="Car_11710" speed="7.96" length="5.00" type="DEFAULT_CAR" gap="713.11"/>
    <instantOut id="235_D025" time="20998.00" state="stay" vehID="Car_11710" speed="7.96" length="5.00" type="DEFAULT_CAR"/>
    <instantOut id="235_D025" time="20998.25" state="stay" vehID="Car_11710" speed="7.26" length="5.00" type="DEFAULT_CAR"/>
    <instantOut id="235_D025" time="20998.50" state="stay" vehID="Car_11710" speed="6.51" length="5.00" type="DEFAULT_CAR"/>
    <instantOut id="235_D025" time="20998.75" state="stay" vehID="Car_11710" speed="5.76" length="5.00" type="DEFAULT_CAR"/>
    <instantOut id="235_D025" time="20998.76" state="leave" vehID="Car_11710" speed="5.09" length="5.00" type="DEFAULT_CAR" occupancy="0.77"/>
    <instantOut id="235_D025" time="21317.79" state="enter" vehID="Car_12121" speed="7.03" length="5.00" type="DEFAULT_CAR" gap="319.03"/>
    <instantOut id="235_D025" time="21318.00" state="stay" vehID="Car_12121" speed="7.03" length="5.00" type="DEFAULT_CAR"/>
    <instantOut id="235_D025" time="21318.25" state="stay" vehID="Car_12121" speed="6.35" length="5.00" type="DEFAULT_CAR"/>
    <instantOut id="235_D025" time="21318.50" state="stay" vehID="Car_12121" speed="5.78" length="5.00" type="DEFAULT_CAR"/>
    <instantOut id="235_D025" time="21318.60" state="leave" vehID="Car_12121" speed="5.03" length="5.00" type="DEFAULT_CAR" occupancy="0.81"/>
    <instantOut id="235_D025" time="26028.98" state="enter" vehID="Car_15226" speed="8.71" length="5.00" type="DEFAULT_CAR" gap="4710.38"/>
    <instantOut id="235_D025" time="26029.00" state="stay" vehID="Car_15226" speed="8.71" length="5.00" type="DEFAULT_CAR"/>
    <instantOut id="235_D025" time="26029.25" state="stay" vehID="Car_15226" speed="7.96" length="5.00" type="DEFAULT_CAR"/>
    <instantOut id="235_D025" time="26029.50" state="stay" vehID="Car_15226" speed="7.50" length="5.00" type="DEFAULT_CAR"/>
    <instantOut id="235_D025" time="26029.64" state="leave" vehID="Car_15226" speed="6.90" length="5.00" type="DEFAULT_CAR" occupancy="0.66"/>
    <instantOut id="235_D025" time="27555.52" state="enter" vehID="Car_15223" speed="8.69" length="5.00" type="DEFAULT_CAR" gap="1525.88"/>
    <instantOut id="235_D025" time="27555.75" state="stay" vehID="Car_15223" speed="8.69" length="5.00" type="DEFAULT_CAR"/>
    <instantOut id="235_D025" time="27556.00" state="stay" vehID="Car_15223" speed="7.94" length="5.00" type="DEFAULT_CAR"/>
    <instantOut id="235_D025" time="27556.14" state="leave" vehID="Car_15223" speed="7.21" length="5.00" type="DEFAULT_CAR" occupancy="0.62"/>
    <instantOut id="235_D025" time="28020.17" state="enter" vehID="Car_16465" speed="9.10" length="5.00" type="DEFAULT_CAR" gap="464.03"/>
    <instantOut id="235_D025" time="28020.25" state="stay" vehID="Car_16465" speed="9.10" length="5.00" type="DEFAULT_CAR"/>
    <instantOut id="235_D025" time="28020.50" state="stay" vehID="Car_16465" speed="8.35" length="5.00" type="DEFAULT_CAR"/>
    <instantOut id="235_D025" time="28020.75" state="stay" vehID="Car_16465" speed="7.60" length="5.00" type="DEFAULT_CAR"/>
    <instantOut id="235_D025" time="28020.79" state="leave" vehID="Car_16465" speed="6.85" length="5.00" type="DEFAULT_CAR" occupancy="0.62"/>
    <instantOut id="235_D025" time="29255.84" state="enter" vehID="Car_17515" speed="7.10" length="5.00" type="DEFAULT_CAR" gap="1235.05"/>
    <instantOut id="235_D025" time="29256.00" state="stay" vehID="Car_17515" speed="7.10" length="5.00" type="DEFAULT_CAR"/>
    <instantOut id="235_D025" time="29256.25" state="stay" vehID="Car_17515" speed="6.81" length="5.00" type="DEFAULT_CAR"/>
    <instantOut id="235_D025" time="29256.50" state="stay" vehID="Car_17515" speed="6.06" length="5.00" type="DEFAULT_CAR"/>
    <instantOut id="235_D025" time="29256.61" state="leave" vehID="Car_17515" speed="5.47" length="5.00" type="DEFAULT_CAR" occupancy="0.78"/>
    <instantOut id="235_D025" time="29935.99" state="enter" vehID="Car_18481" speed="6.64" length="5.00" type="DEFAULT_CAR" gap="679.38"/>
    <instantOut id="235_D025" time="29936.00" state="stay" vehID="Car_18481" speed="6.64" length="5.00" type="DEFAULT_CAR"/>
    <instantOut id="235_D025" time="29936.25" state="stay" vehID="Car_18481" speed="7.13" length="5.00" type="DEFAULT_CAR"/>
    <instantOut id="235_D025" time="29936.50" state="stay" vehID="Car_18481" speed="8.01" length="5.00" type="DEFAULT_CAR"/>
    <instantOut id="235_D025" time="29936.66" state="leave" vehID="Car_18481" speed="7.26" length="5.00" type="DEFAULT_CAR" occupancy="0.67"/>
    <instantOut id="235_D025" time="31357.95" state="enter" vehID="Car_18482" speed="9.45" length="5.00" type="DEFAULT_CAR" gap="1421.29"/>
    <instantOut id="235_D025" time="31358.00" state="stay" vehID="Car_18482" speed="9.45" length="5.00" type="DEFAULT_CAR"/>
    <instantOut id="235_D025" time="31358.25" state="stay" vehID="Car_18482" speed="10.14" length="5.00" type="DEFAULT_CAR"/>
    <instantOut id="235_D025" time="31358.46" state="leave" vehID="Car_18482" speed="9.85" length="5.00" type="DEFAULT_CAR" occupancy="0.50"/>
    <instantOut id="235_D025" time="31763.76" state="enter" vehID="Car_19349" speed="7.33" length="5.00" type="DEFAULT_CAR" gap="405.31"/>
    <instantOut id="235_D025" time="31764.00" state="stay" vehID="Car_19349" speed="7.33" length="5.00" type="DEFAULT_CAR"/>
    <instantOut id="235_D025" time="31764.25" state="stay" vehID="Car_19349" speed="6.58" length="5.00" type="DEFAULT_CAR"/>
    <instantOut id="235_D025" time="31764.50" state="stay" vehID="Car_19349" speed="5.98" length="5.00" type="DEFAULT_CAR"/>
    <instantOut id="235_D025" time="31764.53" state="leave" vehID="Car_19349" speed="5.23" length="5.00" type="DEFAULT_CAR" occupancy="0.76"/>
    <instantOut id="235_D025" time="37696.41" state="enter" vehID="Car_22381" speed="10.96" length="5.00" type="DEFAULT_CAR" gap="5931.88"/>
    <instantOut id="235_D025" time="37696.50" state="stay" vehID="Car_22381" speed="10.96" length="5.00" type="DEFAULT_CAR"/>
    <instantOut id="235_D025" time="37696.75" state="stay" vehID="Car_22381" speed="10.21" length="5.00" type="DEFAULT_CAR"/>
    <instantOut id="235_D025" time="37696.90" state="leave" vehID="Car_22381" speed="9.46" length="5.00" type="DEFAULT_CAR" occupancy="0.49"/>
    <instantOut id="235_D025" time="38438.96" state="enter" vehID="Car_22025" speed="9.71" length="5.00" type="DEFAULT_CAR" gap="742.05"/>
    <instantOut id="235_D025" time="38439.00" state="stay" vehID="Car_22025" speed="9.71" length="5.00" type="DEFAULT_CAR"/>
    <instantOut id="235_D025" time="38439.25" state="stay" vehID="Car_22025" speed="9.78" length="5.00" type="DEFAULT_CAR"/>
    <instantOut id="235_D025" time="38439.49" state="leave" vehID="Car_22025" speed="9.03" length="5.00" type="DEFAULT_CAR" occupancy="0.53"/>
    <instantOut id="235_D025" time="38903.47" state="enter" vehID="Car_22883" speed="9.77" length="5.00" type="DEFAULT_CAR" gap="463.98"/>
    <instantOut id="235_D025" time="38903.50" state="stay" vehID="Car_22883" speed="9.77" length="5.00" type="DEFAULT_CAR"/>
    <instantOut id="235_D025" time="38903.75" state="stay" vehID="Car_22883" speed="9.29" length="5.00" type="DEFAULT_CAR"/>
    <instantOut id="235_D025" time="38904.00" state="stay" vehID="Car_22883" speed="8.61" length="5.00" type="DEFAULT_CAR"/>
    <instantOut id="235_D025" time="38904.03" state="leave" vehID="Car_22883" speed="7.86" length="5.00" type="DEFAULT_CAR" occupancy="0.56"/>
    <instantOut id="235_D025" time="40379.98" state="enter" vehID="Car_23309" speed="6.78" length="5.00" type="DEFAULT_CAR" gap="1475.96"/>
    <instantOut id="235_D025" time="40380.00" state="stay" vehID="Car_23309" speed="6.78" length="5.00" type="DEFAULT_CAR"/>
    <instantOut id="235_D025" time="40380.25" state="stay" vehID="Car_23309" speed="7.70" length="5.00" type="DEFAULT_CAR"/>
    <instantOut id="235_D025" time="40380.50" state="stay" vehID="Car_23309" speed="7.61" length="5.00" type="DEFAULT_CAR"/>
    <instantOut id="235_D025" time="40380.66" state="leave" vehID="Car_23309" speed="6.89" length="5.00" type="DEFAULT_CAR" occupancy="0.67"/>
</instantE1>
