<?xml version="1.0" encoding="UTF-8"?>

<!-- generated on 2025-02-28 16:45:48 by Eclipse SUMO GUI Version 1.19.0
<configuration xmlns:xsi="http://www.w3.org/2001/XMLSchema-instance" xsi:noNamespaceSchemaLocation="http://sumo.dlr.de/xsd/sumoConfiguration.xsd">

    <input>
        <net-file value="Network.net.xml"/>
        <route-files value="CarRoutes.rou.xml"/>
        <additional-files value="Sensors.add.xml"/>
    </input>

    <output>
        <emission-output value="logs/Emissions.xml"/>
        <summary-output value="logs/Log_summary.xml"/>
        <summary-output.period value="300"/>
        <tripinfo-output value="logs/TripInfos.xml"/>
    </output>

    <time>
        <begin value="0"/>
        <end value="86400"/>
        <step-length value="0.25"/>
    </time>

    <processing>
        <ignore-junction-blocker value="0.1"/>
        <time-to-teleport value="-1"/>
    </processing>

    <report>
        <verbose value="true"/>
        <no-step-log value="true"/>
    </report>

    <emissions>
        <device.emissions.period value="10"/>
    </emissions>

    <traci_server>
        <remote-port value="57411"/>
    </traci_server>

    <gui_only>
        <quit-on-end value="true"/>
        <start value="true"/>
    </gui_only>

</configuration>
-->

<instantE1 xmlns:xsi="http://www.w3.org/2001/XMLSchema-instance" xsi:noNamespaceSchemaLocation="http://sumo.dlr.de/xsd/instant_e1_file.xsd">
    <instantOut id="235_D025" time="578.75" state="enter" vehID="Car_451" speed="10.10" length="5.00" type="DEFAULT_CAR"/>
    <instantOut id="235_D025" time="579.00" state="stay" vehID="Car_451" speed="10.10" length="5.00" type="DEFAULT_CAR"/>
    <instantOut id="235_D025" time="579.25" state="stay" vehID="Car_451" speed="9.97" length="5.00" type="DEFAULT_CAR"/>
    <instantOut id="235_D025" time="579.25" state="leave" vehID="Car_451" speed="9.22" length="5.00" type="DEFAULT_CAR" occupancy="0.50"/>
    <instantOut id="235_D025" time="1534.28" state="enter" vehID="Car_1213" speed="6.92" length="5.00" type="DEFAULT_CAR" gap="955.03"/>
    <instantOut id="235_D025" time="1534.50" state="stay" vehID="Car_1213" speed="6.92" length="5.00" type="DEFAULT_CAR"/>
    <instantOut id="235_D025" time="1534.75" state="stay" vehID="Car_1213" speed="6.23" length="5.00" type="DEFAULT_CAR"/>
    <instantOut id="235_D025" time="1535.00" state="stay" vehID="Car_1213" speed="5.68" length="5.00" type="DEFAULT_CAR"/>
    <instantOut id="235_D025" time="1535.10" state="leave" vehID="Car_1213" speed="4.93" length="5.00" type="DEFAULT_CAR" occupancy="0.82"/>
    <instantOut id="235_D025" time="3169.53" state="enter" vehID="Car_2151" speed="8.71" length="5.00" type="DEFAULT_CAR" gap="1634.43"/>
    <instantOut id="235_D025" time="3169.75" state="stay" vehID="Car_2151" speed="8.71" length="5.00" type="DEFAULT_CAR"/>
    <instantOut id="235_D025" time="3170.00" state="stay" vehID="Car_2151" speed="7.96" length="5.00" type="DEFAULT_CAR"/>
    <instantOut id="235_D025" time="3170.15" state="leave" vehID="Car_2151" speed="7.48" length="5.00" type="DEFAULT_CAR" occupancy="0.62"/>
    <instantOut id="235_D025" time="3793.04" state="enter" vehID="Car_1907" speed="8.93" length="5.00" type="DEFAULT_CAR" gap="622.89"/>
    <instantOut id="235_D025" time="3793.25" state="stay" vehID="Car_1907" speed="8.93" length="5.00" type="DEFAULT_CAR"/>
    <instantOut id="235_D025" time="3793.50" state="stay" vehID="Car_1907" speed="8.18" length="5.00" type="DEFAULT_CAR"/>
    <instantOut id="235_D025" time="3793.64" state="leave" vehID="Car_1907" speed="7.43" length="5.00" type="DEFAULT_CAR" occupancy="0.60"/>
    <instantOut id="235_D025" time="3804.80" state="enter" vehID="Car_2382" speed="7.20" length="5.00" type="DEFAULT_CAR" gap="11.16"/>
    <instantOut id="235_D025" time="3805.00" state="stay" vehID="Car_2382" speed="7.20" length="5.00" type="DEFAULT_CAR"/>
    <instantOut id="235_D025" time="3805.25" state="stay" vehID="Car_2382" speed="6.45" length="5.00" type="DEFAULT_CAR"/>
    <instantOut id="235_D025" time="3805.50" state="stay" vehID="Car_2382" speed="5.70" length="5.00" type="DEFAULT_CAR"/>
    <instantOut id="235_D025" time="3805.60" state="leave" vehID="Car_2382" speed="5.04" length="5.00" type="DEFAULT_CAR" occupancy="0.80"/>
    <instantOut id="235_D025" time="5484.73" state="enter" vehID="Car_2897" speed="8.80" length="5.00" type="DEFAULT_CAR" gap="1679.13"/>
    <instantOut id="235_D025" time="5484.75" state="stay" vehID="Car_2897" speed="8.80" length="5.00" type="DEFAULT_CAR"/>
    <instantOut id="235_D025" time="5485.00" state="stay" vehID="Car_2897" speed="8.05" length="5.00" type="DEFAULT_CAR"/>
    <instantOut id="235_D025" time="5485.25" state="stay" vehID="Car_2897" speed="7.34" length="5.00" type="DEFAULT_CAR"/>
    <instantOut id="235_D025" time="5485.39" state="leave" vehID="Car_2897" speed="6.83" length="5.00" type="DEFAULT_CAR" occupancy="0.66"/>
    <instantOut id="235_D025" time="6238.51" state="enter" vehID="Car_3845" speed="8.39" length="5.00" type="DEFAULT_CAR" gap="753.11"/>
    <instantOut id="235_D025" time="6238.75" state="stay" vehID="Car_3845" speed="8.39" length="5.00" type="DEFAULT_CAR"/>
    <instantOut id="235_D025" time="6239.00" state="stay" vehID="Car_3845" speed="7.65" length="5.00" type="DEFAULT_CAR"/>
    <instantOut id="235_D025" time="6239.15" state="leave" vehID="Car_3845" speed="6.90" length="5.00" type="DEFAULT_CAR" occupancy="0.64"/>
    <instantOut id="235_D025" time="9487.08" state="enter" vehID="Car_4378" speed="7.37" length="5.00" type="DEFAULT_CAR" gap="3247.92"/>
    <instantOut id="235_D025" time="9487.25" state="stay" vehID="Car_4378" speed="7.37" length="5.00" type="DEFAULT_CAR"/>
    <instantOut id="235_D025" time="9487.50" state="stay" vehID="Car_4378" speed="6.62" length="5.00" type="DEFAULT_CAR"/>
    <instantOut id="235_D025" time="9487.75" state="stay" vehID="Car_4378" speed="5.87" length="5.00" type="DEFAULT_CAR"/>
    <instantOut id="235_D025" time="9487.87" state="leave" vehID="Car_4378" speed="5.12" length="5.00" type="DEFAULT_CAR" occupancy="0.79"/>
    <instantOut id="235_D025" time="10100.68" state="enter" vehID="Car_5969" speed="10.12" length="5.00" type="DEFAULT_CAR" gap="612.82"/>
    <instantOut id="235_D025" time="10100.75" state="stay" vehID="Car_5969" speed="10.12" length="5.00" type="DEFAULT_CAR"/>
    <instantOut id="235_D025" time="10101.00" state="stay" vehID="Car_5969" speed="9.81" length="5.00" type="DEFAULT_CAR"/>
    <instantOut id="235_D025" time="10101.21" state="leave" vehID="Car_5969" speed="9.14" length="5.00" type="DEFAULT_CAR" occupancy="0.52"/>
    <instantOut id="235_D025" time="11452.01" state="enter" vehID="Car_5418" speed="7.26" length="5.00" type="DEFAULT_CAR" gap="1350.80"/>
    <instantOut id="235_D025" time="11452.25" state="stay" vehID="Car_5418" speed="7.26" length="5.00" type="DEFAULT_CAR"/>
    <instantOut id="235_D025" time="11452.50" state="stay" vehID="Car_5418" speed="8.15" length="5.00" type="DEFAULT_CAR"/>
    <instantOut id="235_D025" time="11452.63" state="leave" vehID="Car_5418" speed="9.01" length="5.00" type="DEFAULT_CAR" occupancy="0.63"/>
    <instantOut id="235_D025" time="16779.23" state="enter" vehID="Car_8419" speed="9.68" length="5.00" type="DEFAULT_CAR" gap="5326.59"/>
    <instantOut id="235_D025" time="16779.25" state="stay" vehID="Car_8419" speed="9.68" length="5.00" type="DEFAULT_CAR"/>
    <instantOut id="235_D025" time="16779.50" state="stay" vehID="Car_8419" speed="9.93" length="5.00" type="DEFAULT_CAR"/>
    <instantOut id="235_D025" time="16779.75" state="leave" vehID="Car_8419" speed="9.18" length="5.00" type="DEFAULT_CAR" occupancy="0.52"/>
    <instantOut id="235_D025" time="17841.74" state="enter" vehID="Car_10350" speed="9.20" length="5.00" type="DEFAULT_CAR" gap="1061.99"/>
    <instantOut id="235_D025" time="17841.75" state="stay" vehID="Car_10350" speed="9.20" length="5.00" type="DEFAULT_CAR"/>
    <instantOut id="235_D025" time="17842.00" state="stay" vehID="Car_10350" speed="8.45" length="5.00" type="DEFAULT_CAR"/>
    <instantOut id="235_D025" time="17842.25" state="stay" vehID="Car_10350" speed="7.70" length="5.00" type="DEFAULT_CAR"/>
    <instantOut id="235_D025" time="17842.37" state="leave" vehID="Car_10350" speed="6.95" length="5.00" type="DEFAULT_CAR" occupancy="0.63"/>
    <instantOut id="235_D025" time="18642.82" state="enter" vehID="Car_10409" speed="12.71" length="5.00" type="DEFAULT_CAR" gap="800.45"/>
    <instantOut id="235_D025" time="18643.00" state="stay" vehID="Car_10409" speed="12.71" length="5.00" type="DEFAULT_CAR"/>
    <instantOut id="235_D025" time="18643.22" state="leave" vehID="Car_10409" speed="11.96" length="5.00" type="DEFAULT_CAR" occupancy="0.41"/>
    <instantOut id="235_D025" time="18775.48" state="enter" vehID="Car_10573" speed="9.89" length="5.00" type="DEFAULT_CAR" gap="132.25"/>
    <instantOut id="235_D025" time="18775.50" state="stay" vehID="Car_10573" speed="9.89" length="5.00" type="DEFAULT_CAR"/>
    <instantOut id="235_D025" time="18775.75" state="stay" vehID="Car_10573" speed="10.59" length="5.00" type="DEFAULT_CAR"/>
    <instantOut id="235_D025" time="18775.96" state="leave" vehID="Car_10573" speed="9.99" length="5.00" type="DEFAULT_CAR" occupancy="0.49"/>
    <instantOut id="235_D025" time="19765.31" state="enter" vehID="Car_10521" speed="7.26" length="5.00" type="DEFAULT_CAR" gap="989.35"/>
    <instantOut id="235_D025" time="19765.50" state="stay" vehID="Car_10521" speed="7.26" length="5.00" type="DEFAULT_CAR"/>
    <instantOut id="235_D025" time="19765.75" state="stay" vehID="Car_10521" speed="6.64" length="5.00" type="DEFAULT_CAR"/>
    <instantOut id="235_D025" time="19766.00" state="stay" vehID="Car_10521" speed="5.89" length="5.00" type="DEFAULT_CAR"/>
    <instantOut id="235_D025" time="19766.10" state="leave" vehID="Car_10521" speed="5.14" length="5.00" type="DEFAULT_CAR" occupancy="0.79"/>
    <instantOut id="235_D025" time="20336.01" state="enter" vehID="Car_10792" speed="7.43" length="5.00" type="DEFAULT_CAR" gap="569.91"/>
    <instantOut id="235_D025" time="20336.25" state="stay" vehID="Car_10792" speed="7.43" length="5.00" type="DEFAULT_CAR"/>
    <instantOut id="235_D025" time="20336.50" state="stay" vehID="Car_10792" speed="7.29" length="5.00" type="DEFAULT_CAR"/>
    <instantOut id="235_D025" time="20336.71" state="leave" vehID="Car_10792" speed="6.63" length="5.00" type="DEFAULT_CAR" occupancy="0.70"/>
    <instantOut id="235_D025" time="20570.29" state="enter" vehID="Car_10634" speed="7.12" length="5.00" type="DEFAULT_CAR" gap="233.59"/>
    <instantOut id="235_D025" time="20570.50" state="stay" vehID="Car_10634" speed="7.12" length="5.00" type="DEFAULT_CAR"/>
    <instantOut id="235_D025" time="20570.75" state="stay" vehID="Car_10634" speed="6.37" length="5.00" type="DEFAULT_CAR"/>
    <instantOut id="235_D025" time="20571.00" state="stay" vehID="Car_10634" speed="5.62" length="5.00" type="DEFAULT_CAR"/>
    <instantOut id="235_D025" time="20571.11" state="leave" vehID="Car_10634" speed="4.89" length="5.00" type="DEFAULT_CAR" occupancy="0.82"/>
    <instantOut id="235_D025" time="21494.95" state="enter" vehID="Car_12700" speed="9.71" length="5.00" type="DEFAULT_CAR" gap="923.84"/>
    <instantOut id="235_D025" time="21495.00" state="stay" vehID="Car_12700" speed="9.71" length="5.00" type="DEFAULT_CAR"/>
    <instantOut id="235_D025" time="21495.25" state="stay" vehID="Car_12700" speed="10.44" length="5.00" type="DEFAULT_CAR"/>
    <instantOut id="235_D025" time="21495.44" state="leave" vehID="Car_12700" speed="10.27" length="5.00" type="DEFAULT_CAR" occupancy="0.49"/>
    <instantOut id="235_D025" time="22512.66" state="enter" vehID="Car_13917" speed="6.80" length="5.00" type="DEFAULT_CAR" gap="1017.22"/>
    <instantOut id="235_D025" time="22512.75" state="stay" vehID="Car_13917" speed="6.80" length="5.00" type="DEFAULT_CAR"/>
    <instantOut id="235_D025" time="22513.00" state="stay" vehID="Car_13917" speed="6.05" length="5.00" type="DEFAULT_CAR"/>
    <instantOut id="235_D025" time="22513.25" state="stay" vehID="Car_13917" speed="5.41" length="5.00" type="DEFAULT_CAR"/>
    <instantOut id="235_D025" time="22513.50" state="stay" vehID="Car_13917" speed="4.73" length="5.00" type="DEFAULT_CAR"/>
    <instantOut id="235_D025" time="22513.58" state="leave" vehID="Car_13917" speed="4.47" length="5.00" type="DEFAULT_CAR" occupancy="0.92"/>
    <instantOut id="235_D025" time="23876.47" state="enter" vehID="Car_13555" speed="8.73" length="5.00" type="DEFAULT_CAR" gap="1362.89"/>
    <instantOut id="235_D025" time="23876.50" state="stay" vehID="Car_13555" speed="8.73" length="5.00" type="DEFAULT_CAR"/>
    <instantOut id="235_D025" time="23876.75" state="stay" vehID="Car_13555" speed="7.98" length="5.00" type="DEFAULT_CAR"/>
    <instantOut id="235_D025" time="23877.00" state="stay" vehID="Car_13555" speed="7.23" length="5.00" type="DEFAULT_CAR"/>
    <instantOut id="235_D025" time="23877.14" state="leave" vehID="Car_13555" speed="6.48" length="5.00" type="DEFAULT_CAR" occupancy="0.67"/>
    <instantOut id="235_D025" time="25303.81" state="enter" vehID="Car_14136" speed="7.27" length="5.00" type="DEFAULT_CAR" gap="1426.67"/>
    <instantOut id="235_D025" time="25304.00" state="stay" vehID="Car_14136" speed="7.27" length="5.00" type="DEFAULT_CAR"/>
    <instantOut id="235_D025" time="25304.25" state="stay" vehID="Car_14136" speed="6.52" length="5.00" type="DEFAULT_CAR"/>
    <instantOut id="235_D025" time="25304.50" state="stay" vehID="Car_14136" speed="5.83" length="5.00" type="DEFAULT_CAR"/>
    <instantOut id="235_D025" time="25304.60" state="leave" vehID="Car_14136" speed="5.08" length="5.00" type="DEFAULT_CAR" occupancy="0.79"/>
    <instantOut id="235_D025" time="26016.52" state="enter" vehID="Car_15178" speed="11.99" length="5.00" type="DEFAULT_CAR" gap="711.91"/>
    <instantOut id="235_D025" time="26016.75" state="stay" vehID="Car_15178" speed="11.99" length="5.00" type="DEFAULT_CAR"/>
    <instantOut id="235_D025" time="26016.95" state="leave" vehID="Car_15178" speed="11.24" length="5.00" type="DEFAULT_CAR" occupancy="0.43"/>
    <instantOut id="235_D025" time="27094.44" state="enter" vehID="Car_15283" speed="9.93" length="5.00" type="DEFAULT_CAR" gap="1077.49"/>
    <instantOut id="235_D025" time="27094.50" state="stay" vehID="Car_15283" speed="9.93" length="5.00" type="DEFAULT_CAR"/>
    <instantOut id="235_D025" time="27094.75" state="stay" vehID="Car_15283" speed="9.18" length="5.00" type="DEFAULT_CAR"/>
    <instantOut id="235_D025" time="27095.00" state="leave" vehID="Car_15283" speed="8.56" length="5.00" type="DEFAULT_CAR" occupancy="0.56"/>
    <instantOut id="235_D025" time="28179.77" state="enter" vehID="Car_16454" speed="9.83" length="5.00" type="DEFAULT_CAR" gap="1084.78"/>
    <instantOut id="235_D025" time="28180.00" state="stay" vehID="Car_16454" speed="9.83" length="5.00" type="DEFAULT_CAR"/>
    <instantOut id="235_D025" time="28180.25" state="stay" vehID="Car_16454" speed="10.49" length="5.00" type="DEFAULT_CAR"/>
    <instantOut id="235_D025" time="28180.26" state="leave" vehID="Car_16454" speed="9.82" length="5.00" type="DEFAULT_CAR" occupancy="0.49"/>
    <instantOut id="235_D025" time="28528.34" state="enter" vehID="Car_16422" speed="5.90" length="5.00" type="DEFAULT_CAR" gap="348.08"/>
    <instantOut id="235_D025" time="28528.50" state="stay" vehID="Car_16422" speed="5.90" length="5.00" type="DEFAULT_CAR"/>
    <instantOut id="235_D025" time="28528.75" state="stay" vehID="Car_16422" speed="5.66" length="5.00" type="DEFAULT_CAR"/>
    <instantOut id="235_D025" time="28529.00" state="stay" vehID="Car_16422" speed="5.13" length="5.00" type="DEFAULT_CAR"/>
    <instantOut id="235_D025" time="28529.25" state="stay" vehID="Car_16422" speed="4.38" length="5.00" type="DEFAULT_CAR"/>
    <instantOut id="235_D025" time="28529.33" state="leave" vehID="Car_16422" speed="3.73" length="5.00" type="DEFAULT_CAR" occupancy="0.98"/>
    <instantOut id="235_D025" time="31950.04" state="enter" vehID="Car_19302" speed="7.25" length="5.00" type="DEFAULT_CAR" gap="3420.71"/>
    <instantOut id="235_D025" time="31950.25" state="stay" vehID="Car_19302" speed="7.25" length="5.00" type="DEFAULT_CAR"/>
    <instantOut id="235_D025" time="31950.50" state="stay" vehID="Car_19302" speed="8.09" length="5.00" type="DEFAULT_CAR"/>
    <instantOut id="235_D025" time="31950.70" state="leave" vehID="Car_19302" speed="7.34" length="5.00" type="DEFAULT_CAR" occupancy="0.66"/>
    <instantOut id="235_D025" time="33605.73" state="enter" vehID="Car_20826" speed="9.35" length="5.00" type="DEFAULT_CAR" gap="1655.03"/>
    <instantOut id="235_D025" time="33605.75" state="stay" vehID="Car_20826" speed="9.35" length="5.00" type="DEFAULT_CAR"/>
    <instantOut id="235_D025" time="33606.00" state="stay" vehID="Car_20826" speed="9.31" length="5.00" type="DEFAULT_CAR"/>
    <instantOut id="235_D025" time="33606.25" state="stay" vehID="Car_20826" speed="8.64" length="5.00" type="DEFAULT_CAR"/>
    <instantOut id="235_D025" time="33606.29" state="leave" vehID="Car_20826" speed="7.89" length="5.00" type="DEFAULT_CAR" occupancy="0.56"/>
    <instantOut id="235_D025" time="34450.47" state="enter" vehID="Car_20622" speed="8.66" length="5.00" type="DEFAULT_CAR" gap="844.18"/>
    <instantOut id="235_D025" time="34450.50" state="stay" vehID="Car_20622" speed="8.66" length="5.00" type="DEFAULT_CAR"/>
    <instantOut id="235_D025" time="34450.75" state="stay" vehID="Car_20622" speed="7.91" length="5.00" type="DEFAULT_CAR"/>
    <instantOut id="235_D025" time="34451.00" state="stay" vehID="Car_20622" speed="7.16" length="5.00" type="DEFAULT_CAR"/>
    <instantOut id="235_D025" time="34451.15" state="leave" vehID="Car_20622" speed="6.41" length="5.00" type="DEFAULT_CAR" occupancy="0.68"/>
    <instantOut id="235_D025" time="36368.25" state="enter" vehID="Car_21488" speed="8.44" length="5.00" type="DEFAULT_CAR" gap="1917.10"/>
    <instantOut id="235_D025" time="36368.50" state="stay" vehID="Car_21488" speed="8.44" length="5.00" type="DEFAULT_CAR"/>
    <instantOut id="235_D025" time="36368.75" state="stay" vehID="Car_21488" speed="7.69" length="5.00" type="DEFAULT_CAR"/>
    <instantOut id="235_D025" time="36368.89" state="leave" vehID="Car_21488" speed="6.94" length="5.00" type="DEFAULT_CAR" occupancy="0.64"/>
    <instantOut id="235_D025" time="38580.46" state="enter" vehID="Car_22817" speed="9.45" length="5.00" type="DEFAULT_CAR" gap="2211.57"/>
    <instantOut id="235_D025" time="38580.50" state="stay" vehID="Car_22817" speed="9.45" length="5.00" type="DEFAULT_CAR"/>
    <instantOut id="235_D025" time="38580.75" state="stay" vehID="Car_22817" speed="9.67" length="5.00" type="DEFAULT_CAR"/>
    <instantOut id="235_D025" time="38581.00" state="leave" vehID="Car_22817" speed="9.08" length="5.00" type="DEFAULT_CAR" occupancy="0.53"/>
    <instantOut id="235_D025" time="42842.05" state="enter" vehID="Car_23969" speed="7.07" length="5.00" type="DEFAULT_CAR" gap="4261.06"/>
    <instantOut id="235_D025" time="42842.25" state="stay" vehID="Car_23969" speed="7.07" length="5.00" type="DEFAULT_CAR"/>
    <instantOut id="235_D025" time="42842.50" state="stay" vehID="Car_23969" speed="7.76" length="5.00" type="DEFAULT_CAR"/>
    <instantOut id="235_D025" time="42842.70" state="leave" vehID="Car_23969" speed="8.30" length="5.00" type="DEFAULT_CAR" occupancy="0.65"/>
    <instantOut id="235_D025" time="44961.39" state="enter" vehID="Car_24901" speed="9.74" length="5.00" type="DEFAULT_CAR" gap="2118.69"/>
    <instantOut id="235_D025" time="44961.50" state="stay" vehID="Car_24901" speed="9.74" length="5.00" type="DEFAULT_CAR"/>
    <instantOut id="235_D025" time="44961.75" state="stay" vehID="Car_24901" speed="8.99" length="5.00" type="DEFAULT_CAR"/>
    <instantOut id="235_D025" time="44961.95" state="leave" vehID="Car_24901" speed="8.24" length="5.00" type="DEFAULT_CAR" occupancy="0.56"/>
</instantE1>
