<?xml version="1.0" encoding="UTF-8"?>

<!-- generated on 2025-02-28 20:16:25 by Eclipse SUMO GUI Version 1.19.0
<configuration xmlns:xsi="http://www.w3.org/2001/XMLSchema-instance" xsi:noNamespaceSchemaLocation="http://sumo.dlr.de/xsd/sumoConfiguration.xsd">

    <input>
        <net-file value="Network.net.xml"/>
        <route-files value="CarRoutes.rou.xml"/>
        <additional-files value="Sensors.add.xml"/>
    </input>

    <output>
        <emission-output value="logs/Emissions.xml"/>
        <summary-output value="logs/Log_summary.xml"/>
        <summary-output.period value="300"/>
        <tripinfo-output value="logs/TripInfos.xml"/>
    </output>

    <time>
        <begin value="0"/>
        <end value="86400"/>
        <step-length value="0.25"/>
    </time>

    <processing>
        <ignore-junction-blocker value="0.1"/>
        <time-to-teleport value="-1"/>
    </processing>

    <report>
        <verbose value="true"/>
        <no-step-log value="true"/>
    </report>

    <emissions>
        <device.emissions.period value="10"/>
    </emissions>

    <traci_server>
        <remote-port value="59775"/>
    </traci_server>

    <gui_only>
        <quit-on-end value="true"/>
        <start value="true"/>
    </gui_only>

</configuration>
-->

<instantE1 xmlns:xsi="http://www.w3.org/2001/XMLSchema-instance" xsi:noNamespaceSchemaLocation="http://sumo.dlr.de/xsd/instant_e1_file.xsd">
    <instantOut id="235_D025" time="540.47" state="enter" vehID="Car_699" speed="9.02" length="5.00" type="DEFAULT_CAR"/>
    <instantOut id="235_D025" time="540.50" state="stay" vehID="Car_699" speed="9.02" length="5.00" type="DEFAULT_CAR"/>
    <instantOut id="235_D025" time="540.75" state="stay" vehID="Car_699" speed="8.27" length="5.00" type="DEFAULT_CAR"/>
    <instantOut id="235_D025" time="541.00" state="stay" vehID="Car_699" speed="7.52" length="5.00" type="DEFAULT_CAR"/>
    <instantOut id="235_D025" time="541.11" state="leave" vehID="Car_699" speed="6.77" length="5.00" type="DEFAULT_CAR" occupancy="0.65"/>
    <instantOut id="235_D025" time="4798.26" state="enter" vehID="Car_2100" speed="8.31" length="5.00" type="DEFAULT_CAR" gap="4257.14"/>
    <instantOut id="235_D025" time="4798.50" state="stay" vehID="Car_2100" speed="8.31" length="5.00" type="DEFAULT_CAR"/>
    <instantOut id="235_D025" time="4798.75" state="stay" vehID="Car_2100" speed="7.85" length="5.00" type="DEFAULT_CAR"/>
    <instantOut id="235_D025" time="4798.89" state="leave" vehID="Car_2100" speed="7.22" length="5.00" type="DEFAULT_CAR" occupancy="0.63"/>
    <instantOut id="235_D025" time="6366.50" state="enter" vehID="Car_3963" speed="8.57" length="5.00" type="DEFAULT_CAR" gap="1567.61"/>
    <instantOut id="235_D025" time="6366.50" state="stay" vehID="Car_3963" speed="8.57" length="5.00" type="DEFAULT_CAR"/>
    <instantOut id="235_D025" time="6366.75" state="stay" vehID="Car_3963" speed="7.94" length="5.00" type="DEFAULT_CAR"/>
    <instantOut id="235_D025" time="6367.00" state="stay" vehID="Car_3963" speed="7.19" length="5.00" type="DEFAULT_CAR"/>
    <instantOut id="235_D025" time="6367.18" state="leave" vehID="Car_3963" speed="6.56" length="5.00" type="DEFAULT_CAR" occupancy="0.69"/>
    <instantOut id="235_D025" time="6747.95" state="enter" vehID="Car_3961" speed="9.99" length="5.00" type="DEFAULT_CAR" gap="380.76"/>
    <instantOut id="235_D025" time="6748.00" state="stay" vehID="Car_3961" speed="9.99" length="5.00" type="DEFAULT_CAR"/>
    <instantOut id="235_D025" time="6748.25" state="stay" vehID="Car_3961" speed="10.92" length="5.00" type="DEFAULT_CAR"/>
    <instantOut id="235_D025" time="6748.41" state="leave" vehID="Car_3961" speed="10.82" length="5.00" type="DEFAULT_CAR" occupancy="0.46"/>
    <instantOut id="235_D025" time="8108.26" state="enter" vehID="Car_4058" speed="7.43" length="5.00" type="DEFAULT_CAR" gap="1359.85"/>
    <instantOut id="235_D025" time="8108.50" state="stay" vehID="Car_4058" speed="7.43" length="5.00" type="DEFAULT_CAR"/>
    <instantOut id="235_D025" time="8108.75" state="stay" vehID="Car_4058" speed="6.68" length="5.00" type="DEFAULT_CAR"/>
    <instantOut id="235_D025" time="8109.00" state="stay" vehID="Car_4058" speed="5.93" length="5.00" type="DEFAULT_CAR"/>
    <instantOut id="235_D025" time="8109.02" state="leave" vehID="Car_4058" speed="5.18" length="5.00" type="DEFAULT_CAR" occupancy="0.75"/>
    <instantOut id="235_D025" time="9421.23" state="enter" vehID="Car_4188" speed="9.72" length="5.00" type="DEFAULT_CAR" gap="1312.21"/>
    <instantOut id="235_D025" time="9421.25" state="stay" vehID="Car_4188" speed="9.72" length="5.00" type="DEFAULT_CAR"/>
    <instantOut id="235_D025" time="9421.50" state="stay" vehID="Car_4188" speed="10.43" length="5.00" type="DEFAULT_CAR"/>
    <instantOut id="235_D025" time="9421.71" state="leave" vehID="Car_4188" speed="10.41" length="5.00" type="DEFAULT_CAR" occupancy="0.48"/>
    <instantOut id="235_D025" time="9572.76" state="enter" vehID="Car_4187" speed="8.26" length="5.00" type="DEFAULT_CAR" gap="151.06"/>
    <instantOut id="235_D025" time="9573.00" state="stay" vehID="Car_4187" speed="8.26" length="5.00" type="DEFAULT_CAR"/>
    <instantOut id="235_D025" time="9573.25" state="stay" vehID="Car_4187" speed="7.52" length="5.00" type="DEFAULT_CAR"/>
    <instantOut id="235_D025" time="9573.41" state="leave" vehID="Car_4187" speed="7.21" length="5.00" type="DEFAULT_CAR" occupancy="0.65"/>
    <instantOut id="235_D025" time="10615.35" state="enter" vehID="Car_7160" speed="7.25" length="5.00" type="DEFAULT_CAR" gap="1041.94"/>
    <instantOut id="235_D025" time="10615.50" state="stay" vehID="Car_7160" speed="7.25" length="5.00" type="DEFAULT_CAR"/>
    <instantOut id="235_D025" time="10615.75" state="stay" vehID="Car_7160" speed="6.50" length="5.00" type="DEFAULT_CAR"/>
    <instantOut id="235_D025" time="10616.00" state="stay" vehID="Car_7160" speed="5.75" length="5.00" type="DEFAULT_CAR"/>
    <instantOut id="235_D025" time="10616.17" state="leave" vehID="Car_7160" speed="5.00" length="5.00" type="DEFAULT_CAR" occupancy="0.82"/>
    <instantOut id="235_D025" time="10738.50" state="enter" vehID="Car_6692" speed="8.69" length="5.00" type="DEFAULT_CAR" gap="122.33"/>
    <instantOut id="235_D025" time="10738.50" state="stay" vehID="Car_6692" speed="8.69" length="5.00" type="DEFAULT_CAR"/>
    <instantOut id="235_D025" time="10738.75" state="stay" vehID="Car_6692" speed="8.36" length="5.00" type="DEFAULT_CAR"/>
    <instantOut id="235_D025" time="10739.00" state="stay" vehID="Car_6692" speed="7.73" length="5.00" type="DEFAULT_CAR"/>
    <instantOut id="235_D025" time="10739.14" state="leave" vehID="Car_6692" speed="6.98" length="5.00" type="DEFAULT_CAR" occupancy="0.64"/>
    <instantOut id="235_D025" time="13658.26" state="enter" vehID="Car_9501" speed="8.28" length="5.00" type="DEFAULT_CAR" gap="2919.12"/>
    <instantOut id="235_D025" time="13658.50" state="stay" vehID="Car_9501" speed="8.28" length="5.00" type="DEFAULT_CAR"/>
    <instantOut id="235_D025" time="13658.75" state="stay" vehID="Car_9501" speed="7.53" length="5.00" type="DEFAULT_CAR"/>
    <instantOut id="235_D025" time="13658.91" state="leave" vehID="Car_9501" speed="6.78" length="5.00" type="DEFAULT_CAR" occupancy="0.66"/>
    <instantOut id="235_D025" time="13871.86" state="enter" vehID="Car_9186" speed="7.74" length="5.00" type="DEFAULT_CAR" gap="212.95"/>
    <instantOut id="235_D025" time="13872.00" state="stay" vehID="Car_9186" speed="7.74" length="5.00" type="DEFAULT_CAR"/>
    <instantOut id="235_D025" time="13872.25" state="stay" vehID="Car_9186" speed="6.99" length="5.00" type="DEFAULT_CAR"/>
    <instantOut id="235_D025" time="13872.50" state="stay" vehID="Car_9186" speed="6.24" length="5.00" type="DEFAULT_CAR"/>
    <instantOut id="235_D025" time="13872.61" state="leave" vehID="Car_9186" speed="5.49" length="5.00" type="DEFAULT_CAR" occupancy="0.75"/>
    <instantOut id="235_D025" time="15046.72" state="enter" vehID="Car_9500" speed="9.91" length="5.00" type="DEFAULT_CAR" gap="1174.11"/>
    <instantOut id="235_D025" time="15046.75" state="stay" vehID="Car_9500" speed="9.91" length="5.00" type="DEFAULT_CAR"/>
    <instantOut id="235_D025" time="15047.00" state="stay" vehID="Car_9500" speed="10.69" length="5.00" type="DEFAULT_CAR"/>
    <instantOut id="235_D025" time="15047.19" state="leave" vehID="Car_9500" speed="10.21" length="5.00" type="DEFAULT_CAR" occupancy="0.48"/>
    <instantOut id="235_D025" time="16240.29" state="enter" vehID="Car_8732" speed="7.98" length="5.00" type="DEFAULT_CAR" gap="1193.09"/>
    <instantOut id="235_D025" time="16240.50" state="stay" vehID="Car_8732" speed="7.98" length="5.00" type="DEFAULT_CAR"/>
    <instantOut id="235_D025" time="16240.75" state="stay" vehID="Car_8732" speed="7.23" length="5.00" type="DEFAULT_CAR"/>
    <instantOut id="235_D025" time="16240.98" state="leave" vehID="Car_8732" speed="6.48" length="5.00" type="DEFAULT_CAR" occupancy="0.69"/>
    <instantOut id="235_D025" time="17016.85" state="enter" vehID="Car_9839" speed="7.01" length="5.00" type="DEFAULT_CAR" gap="775.87"/>
    <instantOut id="235_D025" time="17017.00" state="stay" vehID="Car_9839" speed="7.01" length="5.00" type="DEFAULT_CAR"/>
    <instantOut id="235_D025" time="17017.25" state="stay" vehID="Car_9839" speed="6.26" length="5.00" type="DEFAULT_CAR"/>
    <instantOut id="235_D025" time="17017.50" state="stay" vehID="Car_9839" speed="5.51" length="5.00" type="DEFAULT_CAR"/>
    <instantOut id="235_D025" time="17017.70" state="leave" vehID="Car_9839" speed="4.84" length="5.00" type="DEFAULT_CAR" occupancy="0.86"/>
    <instantOut id="235_D025" time="17522.26" state="enter" vehID="Car_9842" speed="8.27" length="5.00" type="DEFAULT_CAR" gap="504.56"/>
    <instantOut id="235_D025" time="17522.50" state="stay" vehID="Car_9842" speed="8.27" length="5.00" type="DEFAULT_CAR"/>
    <instantOut id="235_D025" time="17522.75" state="stay" vehID="Car_9842" speed="7.68" length="5.00" type="DEFAULT_CAR"/>
    <instantOut id="235_D025" time="17522.91" state="leave" vehID="Car_9842" speed="6.93" length="5.00" type="DEFAULT_CAR" occupancy="0.65"/>
    <instantOut id="235_D025" time="17551.77" state="enter" vehID="Car_10012" speed="10.96" length="5.00" type="DEFAULT_CAR" gap="28.86"/>
    <instantOut id="235_D025" time="17552.00" state="stay" vehID="Car_10012" speed="10.96" length="5.00" type="DEFAULT_CAR"/>
    <instantOut id="235_D025" time="17552.25" state="leave" vehID="Car_10012" speed="10.21" length="5.00" type="DEFAULT_CAR" occupancy="0.47"/>
    <instantOut id="235_D025" time="19047.97" state="enter" vehID="Car_9775" speed="7.24" length="5.00" type="DEFAULT_CAR" gap="1495.72"/>
    <instantOut id="235_D025" time="19048.00" state="stay" vehID="Car_9775" speed="7.24" length="5.00" type="DEFAULT_CAR"/>
    <instantOut id="235_D025" time="19048.25" state="stay" vehID="Car_9775" speed="7.98" length="5.00" type="DEFAULT_CAR"/>
    <instantOut id="235_D025" time="19048.50" state="stay" vehID="Car_9775" speed="7.27" length="5.00" type="DEFAULT_CAR"/>
    <instantOut id="235_D025" time="19048.64" state="leave" vehID="Car_9775" speed="6.71" length="5.00" type="DEFAULT_CAR" occupancy="0.67"/>
    <instantOut id="235_D025" time="19504.53" state="enter" vehID="Car_9845" speed="7.51" length="5.00" type="DEFAULT_CAR" gap="455.88"/>
    <instantOut id="235_D025" time="19504.75" state="stay" vehID="Car_9845" speed="7.51" length="5.00" type="DEFAULT_CAR"/>
    <instantOut id="235_D025" time="19505.00" state="stay" vehID="Car_9845" speed="6.76" length="5.00" type="DEFAULT_CAR"/>
    <instantOut id="235_D025" time="19505.25" state="stay" vehID="Car_9845" speed="6.01" length="5.00" type="DEFAULT_CAR"/>
    <instantOut id="235_D025" time="19505.27" state="leave" vehID="Car_9845" speed="5.26" length="5.00" type="DEFAULT_CAR" occupancy="0.75"/>
    <instantOut id="235_D025" time="20782.21" state="enter" vehID="Car_10383" speed="10.04" length="5.00" type="DEFAULT_CAR" gap="1276.94"/>
    <instantOut id="235_D025" time="20782.25" state="stay" vehID="Car_10383" speed="10.04" length="5.00" type="DEFAULT_CAR"/>
    <instantOut id="235_D025" time="20782.50" state="stay" vehID="Car_10383" speed="10.68" length="5.00" type="DEFAULT_CAR"/>
    <instantOut id="235_D025" time="20782.69" state="leave" vehID="Car_10383" speed="9.97" length="5.00" type="DEFAULT_CAR" occupancy="0.48"/>
    <instantOut id="235_D025" time="22598.07" state="enter" vehID="Car_12618" speed="7.30" length="5.00" type="DEFAULT_CAR" gap="1815.37"/>
    <instantOut id="235_D025" time="22598.25" state="stay" vehID="Car_12618" speed="7.30" length="5.00" type="DEFAULT_CAR"/>
    <instantOut id="235_D025" time="22598.50" state="stay" vehID="Car_12618" speed="6.55" length="5.00" type="DEFAULT_CAR"/>
    <instantOut id="235_D025" time="22598.75" state="stay" vehID="Car_12618" speed="5.80" length="5.00" type="DEFAULT_CAR"/>
    <instantOut id="235_D025" time="22598.86" state="leave" vehID="Car_12618" speed="5.24" length="5.00" type="DEFAULT_CAR" occupancy="0.79"/>
    <instantOut id="235_D025" time="22943.23" state="enter" vehID="Car_12626" speed="9.56" length="5.00" type="DEFAULT_CAR" gap="344.37"/>
    <instantOut id="235_D025" time="22943.25" state="stay" vehID="Car_12626" speed="9.56" length="5.00" type="DEFAULT_CAR"/>
    <instantOut id="235_D025" time="22943.50" state="stay" vehID="Car_12626" speed="8.88" length="5.00" type="DEFAULT_CAR"/>
    <instantOut id="235_D025" time="22943.75" state="stay" vehID="Car_12626" speed="8.13" length="5.00" type="DEFAULT_CAR"/>
    <instantOut id="235_D025" time="22943.82" state="leave" vehID="Car_12626" speed="7.38" length="5.00" type="DEFAULT_CAR" occupancy="0.59"/>
    <instantOut id="235_D025" time="22947.55" state="enter" vehID="Car_12625" speed="7.00" length="5.00" type="DEFAULT_CAR" gap="3.73"/>
    <instantOut id="235_D025" time="22947.75" state="stay" vehID="Car_12625" speed="7.00" length="5.00" type="DEFAULT_CAR"/>
    <instantOut id="235_D025" time="22948.00" state="stay" vehID="Car_12625" speed="6.56" length="5.00" type="DEFAULT_CAR"/>
    <instantOut id="235_D025" time="22948.25" state="stay" vehID="Car_12625" speed="5.81" length="5.00" type="DEFAULT_CAR"/>
    <instantOut id="235_D025" time="22948.35" state="leave" vehID="Car_12625" speed="5.06" length="5.00" type="DEFAULT_CAR" occupancy="0.80"/>
    <instantOut id="235_D025" time="25427.03" state="enter" vehID="Car_15975" speed="7.38" length="5.00" type="DEFAULT_CAR" gap="2478.69"/>
    <instantOut id="235_D025" time="25427.25" state="stay" vehID="Car_15975" speed="7.38" length="5.00" type="DEFAULT_CAR"/>
    <instantOut id="235_D025" time="25427.50" state="stay" vehID="Car_15975" speed="8.11" length="5.00" type="DEFAULT_CAR"/>
    <instantOut id="235_D025" time="25427.68" state="leave" vehID="Car_15975" speed="7.52" length="5.00" type="DEFAULT_CAR" occupancy="0.65"/>
    <instantOut id="235_D025" time="25907.72" state="enter" vehID="Car_14702" speed="9.94" length="5.00" type="DEFAULT_CAR" gap="480.04"/>
    <instantOut id="235_D025" time="25907.75" state="stay" vehID="Car_14702" speed="9.94" length="5.00" type="DEFAULT_CAR"/>
    <instantOut id="235_D025" time="25908.00" state="stay" vehID="Car_14702" speed="10.18" length="5.00" type="DEFAULT_CAR"/>
    <instantOut id="235_D025" time="25908.23" state="leave" vehID="Car_14702" speed="9.43" length="5.00" type="DEFAULT_CAR" occupancy="0.51"/>
    <instantOut id="235_D025" time="26002.24" state="enter" vehID="Car_16163" speed="9.31" length="5.00" type="DEFAULT_CAR" gap="94.01"/>
    <instantOut id="235_D025" time="26002.25" state="stay" vehID="Car_16163" speed="9.31" length="5.00" type="DEFAULT_CAR"/>
    <instantOut id="235_D025" time="26002.50" state="stay" vehID="Car_16163" speed="8.66" length="5.00" type="DEFAULT_CAR"/>
    <instantOut id="235_D025" time="26002.75" state="stay" vehID="Car_16163" speed="7.91" length="5.00" type="DEFAULT_CAR"/>
    <instantOut id="235_D025" time="26002.86" state="leave" vehID="Car_16163" speed="7.20" length="5.00" type="DEFAULT_CAR" occupancy="0.62"/>
    <instantOut id="235_D025" time="27359.17" state="enter" vehID="Car_15967" speed="10.19" length="5.00" type="DEFAULT_CAR" gap="1356.32"/>
    <instantOut id="235_D025" time="27359.25" state="stay" vehID="Car_15967" speed="10.19" length="5.00" type="DEFAULT_CAR"/>
    <instantOut id="235_D025" time="27359.50" state="stay" vehID="Car_15967" speed="9.92" length="5.00" type="DEFAULT_CAR"/>
    <instantOut id="235_D025" time="27359.69" state="leave" vehID="Car_15967" speed="9.17" length="5.00" type="DEFAULT_CAR" occupancy="0.52"/>
    <instantOut id="235_D025" time="27650.73" state="enter" vehID="Car_16159" speed="9.89" length="5.00" type="DEFAULT_CAR" gap="291.03"/>
    <instantOut id="235_D025" time="27650.75" state="stay" vehID="Car_16159" speed="9.89" length="5.00" type="DEFAULT_CAR"/>
    <instantOut id="235_D025" time="27651.00" state="stay" vehID="Car_16159" speed="9.89" length="5.00" type="DEFAULT_CAR"/>
    <instantOut id="235_D025" time="27651.25" state="stay" vehID="Car_16159" speed="9.14" length="5.00" type="DEFAULT_CAR"/>
    <instantOut id="235_D025" time="27651.25" state="leave" vehID="Car_16159" speed="8.39" length="5.00" type="DEFAULT_CAR" occupancy="0.52"/>
    <instantOut id="235_D025" time="27897.76" state="enter" vehID="Car_16956" speed="8.43" length="5.00" type="DEFAULT_CAR" gap="246.51"/>
    <instantOut id="235_D025" time="27898.00" state="stay" vehID="Car_16956" speed="8.43" length="5.00" type="DEFAULT_CAR"/>
    <instantOut id="235_D025" time="27898.25" state="stay" vehID="Car_16956" speed="7.95" length="5.00" type="DEFAULT_CAR"/>
    <instantOut id="235_D025" time="27898.39" state="leave" vehID="Car_16956" speed="7.20" length="5.00" type="DEFAULT_CAR" occupancy="0.63"/>
    <instantOut id="235_D025" time="28811.74" state="enter" vehID="Car_18443" speed="8.93" length="5.00" type="DEFAULT_CAR" gap="913.35"/>
    <instantOut id="235_D025" time="28811.75" state="stay" vehID="Car_18443" speed="8.93" length="5.00" type="DEFAULT_CAR"/>
    <instantOut id="235_D025" time="28812.00" state="stay" vehID="Car_18443" speed="8.35" length="5.00" type="DEFAULT_CAR"/>
    <instantOut id="235_D025" time="28812.25" state="stay" vehID="Car_18443" speed="7.65" length="5.00" type="DEFAULT_CAR"/>
    <instantOut id="235_D025" time="28812.39" state="leave" vehID="Car_18443" speed="6.90" length="5.00" type="DEFAULT_CAR" occupancy="0.64"/>
    <instantOut id="235_D025" time="30847.74" state="enter" vehID="Car_17399" speed="12.53" length="5.00" type="DEFAULT_CAR" gap="2035.36"/>
    <instantOut id="235_D025" time="30847.75" state="stay" vehID="Car_17399" speed="12.53" length="5.00" type="DEFAULT_CAR"/>
    <instantOut id="235_D025" time="30848.00" state="stay" vehID="Car_17399" speed="11.78" length="5.00" type="DEFAULT_CAR"/>
    <instantOut id="235_D025" time="30848.18" state="leave" vehID="Car_17399" speed="11.05" length="5.00" type="DEFAULT_CAR" occupancy="0.44"/>
    <instantOut id="235_D025" time="35429.20" state="enter" vehID="Car_21491" speed="9.59" length="5.00" type="DEFAULT_CAR" gap="4581.03"/>
    <instantOut id="235_D025" time="35429.25" state="stay" vehID="Car_21491" speed="9.59" length="5.00" type="DEFAULT_CAR"/>
    <instantOut id="235_D025" time="35429.50" state="stay" vehID="Car_21491" speed="9.57" length="5.00" type="DEFAULT_CAR"/>
    <instantOut id="235_D025" time="35429.74" state="leave" vehID="Car_21491" speed="9.11" length="5.00" type="DEFAULT_CAR" occupancy="0.53"/>
    <instantOut id="235_D025" time="39152.72" state="enter" vehID="Car_23391" speed="8.89" length="5.00" type="DEFAULT_CAR" gap="3722.98"/>
    <instantOut id="235_D025" time="39152.75" state="stay" vehID="Car_23391" speed="8.89" length="5.00" type="DEFAULT_CAR"/>
    <instantOut id="235_D025" time="39153.00" state="stay" vehID="Car_23391" speed="8.14" length="5.00" type="DEFAULT_CAR"/>
    <instantOut id="235_D025" time="39153.25" state="stay" vehID="Car_23391" speed="7.39" length="5.00" type="DEFAULT_CAR"/>
    <instantOut id="235_D025" time="39153.37" state="leave" vehID="Car_23391" speed="6.64" length="5.00" type="DEFAULT_CAR" occupancy="0.66"/>
    <instantOut id="235_D025" time="40379.98" state="enter" vehID="Car_23327" speed="6.63" length="5.00" type="DEFAULT_CAR" gap="1226.61"/>
    <instantOut id="235_D025" time="40380.00" state="stay" vehID="Car_23327" speed="6.63" length="5.00" type="DEFAULT_CAR"/>
    <instantOut id="235_D025" time="40380.25" state="stay" vehID="Car_23327" speed="7.14" length="5.00" type="DEFAULT_CAR"/>
    <instantOut id="235_D025" time="40380.50" state="stay" vehID="Car_23327" speed="7.77" length="5.00" type="DEFAULT_CAR"/>
    <instantOut id="235_D025" time="40380.64" state="leave" vehID="Car_23327" speed="8.48" length="5.00" type="DEFAULT_CAR" occupancy="0.65"/>
    <instantOut id="235_D025" time="40636.02" state="enter" vehID="Car_23303" speed="5.60" length="5.00" type="DEFAULT_CAR" gap="255.38"/>
    <instantOut id="235_D025" time="40636.25" state="stay" vehID="Car_23303" speed="5.60" length="5.00" type="DEFAULT_CAR"/>
    <instantOut id="235_D025" time="40636.50" state="stay" vehID="Car_23303" speed="5.57" length="5.00" type="DEFAULT_CAR"/>
    <instantOut id="235_D025" time="40636.75" state="stay" vehID="Car_23303" speed="4.82" length="5.00" type="DEFAULT_CAR"/>
    <instantOut id="235_D025" time="40637.00" state="stay" vehID="Car_23303" speed="4.07" length="5.00" type="DEFAULT_CAR"/>
    <instantOut id="235_D025" time="40637.03" state="leave" vehID="Car_23303" speed="3.32" length="5.00" type="DEFAULT_CAR" occupancy="1.01"/>
    <instantOut id="235_D025" time="42044.36" state="enter" vehID="Car_23390" speed="9.75" length="5.00" type="DEFAULT_CAR" gap="1407.33"/>
    <instantOut id="235_D025" time="42044.50" state="stay" vehID="Car_23390" speed="9.75" length="5.00" type="DEFAULT_CAR"/>
    <instantOut id="235_D025" time="42044.75" state="stay" vehID="Car_23390" speed="9.00" length="5.00" type="DEFAULT_CAR"/>
    <instantOut id="235_D025" time="42044.91" state="leave" vehID="Car_23390" speed="8.57" length="5.00" type="DEFAULT_CAR" occupancy="0.55"/>
    <instantOut id="235_D025" time="44986.25" state="enter" vehID="Car_23931" speed="8.58" length="5.00" type="DEFAULT_CAR" gap="2941.34"/>
    <instantOut id="235_D025" time="44986.25" state="stay" vehID="Car_23931" speed="8.58" length="5.00" type="DEFAULT_CAR"/>
    <instantOut id="235_D025" time="44986.50" state="stay" vehID="Car_23931" speed="7.84" length="5.00" type="DEFAULT_CAR"/>
    <instantOut id="235_D025" time="44986.75" state="stay" vehID="Car_23931" speed="7.09" length="5.00" type="DEFAULT_CAR"/>
    <instantOut id="235_D025" time="44986.94" state="leave" vehID="Car_23931" speed="6.34" length="5.00" type="DEFAULT_CAR" occupancy="0.70"/>
</instantE1>
