<?xml version="1.0" encoding="UTF-8"?>

<!-- generated on 2025-02-25 15:18:33 by Eclipse SUMO GUI Version 1.19.0
<configuration xmlns:xsi="http://www.w3.org/2001/XMLSchema-instance" xsi:noNamespaceSchemaLocation="http://sumo.dlr.de/xsd/sumoConfiguration.xsd">

    <input>
        <net-file value="Network.net.xml"/>
        <route-files value="CarRoutes.rou.xml"/>
        <additional-files value="Sensors.add.xml"/>
    </input>

    <output>
        <emission-output value="logs/Emissions.xml"/>
        <summary-output value="logs/Log_summary.xml"/>
        <summary-output.period value="300"/>
        <tripinfo-output value="logs/TripInfos.xml"/>
    </output>

    <time>
        <begin value="0"/>
        <end value="86400"/>
        <step-length value="0.25"/>
    </time>

    <processing>
        <ignore-junction-blocker value="0.1"/>
        <time-to-teleport value="-1"/>
    </processing>

    <report>
        <verbose value="true"/>
        <no-step-log value="true"/>
    </report>

    <emissions>
        <device.emissions.period value="10"/>
    </emissions>

    <traci_server>
        <remote-port value="57453"/>
    </traci_server>

    <gui_only>
        <quit-on-end value="true"/>
        <start value="true"/>
    </gui_only>

</configuration>
-->

<summary xmlns:xsi="http://www.w3.org/2001/XMLSchema-instance" xsi:noNamespaceSchemaLocation="http://sumo.dlr.de/xsd/summary_file.xsd">
    <step time="0.00" loaded="1" inserted="1" running="1" waiting="0" ended="0" arrived="0" collisions="0" teleports="0" halting="1" stopped="0" meanWaitingTime="0.00" meanTravelTime="-1.00" meanSpeed="0.00" meanSpeedRelative="0.00" duration="0"/>
    <step time="300.00" loaded="210" inserted="209" running="82" waiting="1" ended="127" arrived="127" collisions="0" teleports="0" halting="24" stopped="0" meanWaitingTime="7.88" meanTravelTime="77.46" meanSpeed="5.73" meanSpeedRelative="0.41" duration="1"/>
    <step time="600.00" loaded="414" inserted="409" running="91" waiting="5" ended="318" arrived="318" collisions="0" teleports="0" halting="39" stopped="0" meanWaitingTime="5.46" meanTravelTime="105.15" meanSpeed="4.58" meanSpeedRelative="0.33" duration="1"/>
    <step time="900.00" loaded="566" inserted="554" running="50" waiting="12" ended="504" arrived="504" collisions="0" teleports="0" halting="20" stopped="0" meanWaitingTime="7.85" meanTravelTime="117.36" meanSpeed="4.87" meanSpeedRelative="0.35" duration="0"/>
    <step time="1200.00" loaded="720" inserted="720" running="42" waiting="0" ended="678" arrived="678" collisions="0" teleports="0" halting="11" stopped="0" meanWaitingTime="7.54" meanTravelTime="111.71" meanSpeed="6.53" meanSpeedRelative="0.47" duration="0"/>
    <step time="1500.00" loaded="892" inserted="892" running="45" waiting="0" ended="847" arrived="847" collisions="0" teleports="0" halting="13" stopped="0" meanWaitingTime="6.17" meanTravelTime="105.29" meanSpeed="5.28" meanSpeedRelative="0.38" duration="0"/>
    <step time="1800.00" loaded="1056" inserted="1055" running="56" waiting="1" ended="999" arrived="999" collisions="0" teleports="0" halting="12" stopped="0" meanWaitingTime="5.30" meanTravelTime="104.66" meanSpeed="6.11" meanSpeedRelative="0.44" duration="0"/>
    <step time="2100.00" loaded="1205" inserted="1205" running="39" waiting="0" ended="1166" arrived="1166" collisions="0" teleports="0" halting="16" stopped="0" meanWaitingTime="5.10" meanTravelTime="103.33" meanSpeed="6.30" meanSpeedRelative="0.45" duration="0"/>
    <step time="2400.00" loaded="1379" inserted="1366" running="46" waiting="13" ended="1320" arrived="1320" collisions="0" teleports="0" halting="23" stopped="0" meanWaitingTime="4.72" meanTravelTime="102.23" meanSpeed="3.54" meanSpeedRelative="0.25" duration="0"/>
    <step time="2700.00" loaded="1533" inserted="1524" running="47" waiting="9" ended="1477" arrived="1477" collisions="0" teleports="0" halting="13" stopped="0" meanWaitingTime="5.92" meanTravelTime="100.61" meanSpeed="5.23" meanSpeedRelative="0.38" duration="1"/>
    <step time="3000.00" loaded="1668" inserted="1659" running="34" waiting="9" ended="1625" arrived="1625" collisions="0" teleports="0" halting="15" stopped="0" meanWaitingTime="6.39" meanTravelTime="101.33" meanSpeed="3.34" meanSpeedRelative="0.24" duration="0"/>
    <step time="3300.00" loaded="1840" inserted="1838" running="66" waiting="2" ended="1772" arrived="1772" collisions="0" teleports="0" halting="15" stopped="0" meanWaitingTime="7.25" meanTravelTime="99.49" meanSpeed="6.06" meanSpeedRelative="0.45" duration="1"/>
    <step time="3600.00" loaded="1999" inserted="1998" running="62" waiting="1" ended="1936" arrived="1936" collisions="0" teleports="0" halting="19" stopped="0" meanWaitingTime="6.69" meanTravelTime="99.52" meanSpeed="4.12" meanSpeedRelative="0.30" duration="1"/>
    <step time="3900.00" loaded="2134" inserted="2133" running="64" waiting="1" ended="2069" arrived="2069" collisions="0" teleports="0" halting="36" stopped="0" meanWaitingTime="6.27" meanTravelTime="98.44" meanSpeed="3.10" meanSpeedRelative="0.23" duration="1"/>
    <step time="4200.00" loaded="2287" inserted="2287" running="35" waiting="0" ended="2252" arrived="2252" collisions="0" teleports="0" halting="19" stopped="0" meanWaitingTime="5.89" meanTravelTime="101.06" meanSpeed="3.59" meanSpeedRelative="0.26" duration="1"/>
    <step time="4500.00" loaded="2452" inserted="2452" running="56" waiting="0" ended="2396" arrived="2396" collisions="0" teleports="0" halting="19" stopped="0" meanWaitingTime="5.50" meanTravelTime="100.63" meanSpeed="5.92" meanSpeedRelative="0.43" duration="1"/>
    <step time="4800.00" loaded="2617" inserted="2616" running="47" waiting="1" ended="2569" arrived="2569" collisions="0" teleports="0" halting="17" stopped="0" meanWaitingTime="5.19" meanTravelTime="100.55" meanSpeed="5.13" meanSpeedRelative="0.37" duration="0"/>
    <step time="5100.00" loaded="2773" inserted="2773" running="39" waiting="0" ended="2734" arrived="2734" collisions="0" teleports="0" halting="5" stopped="0" meanWaitingTime="5.08" meanTravelTime="98.93" meanSpeed="7.10" meanSpeedRelative="0.51" duration="0"/>
    <step time="5400.00" loaded="2955" inserted="2955" running="69" waiting="0" ended="2886" arrived="2886" collisions="0" teleports="0" halting="10" stopped="0" meanWaitingTime="4.80" meanTravelTime="98.63" meanSpeed="5.22" meanSpeedRelative="0.39" duration="0"/>
    <step time="5700.00" loaded="3100" inserted="3100" running="47" waiting="0" ended="3053" arrived="3053" collisions="0" teleports="0" halting="22" stopped="0" meanWaitingTime="4.68" meanTravelTime="98.83" meanSpeed="4.79" meanSpeedRelative="0.36" duration="1"/>
    <step time="6000.00" loaded="3288" inserted="3286" running="55" waiting="2" ended="3231" arrived="3231" collisions="0" teleports="0" halting="29" stopped="0" meanWaitingTime="4.48" meanTravelTime="98.68" meanSpeed="3.60" meanSpeedRelative="0.26" duration="1"/>
    <step time="6300.00" loaded="3433" inserted="3415" running="49" waiting="18" ended="3366" arrived="3366" collisions="0" teleports="0" halting="17" stopped="0" meanWaitingTime="5.22" meanTravelTime="99.53" meanSpeed="5.13" meanSpeedRelative="0.37" duration="0"/>
    <step time="6600.00" loaded="3593" inserted="3584" running="55" waiting="9" ended="3529" arrived="3529" collisions="0" teleports="0" halting="16" stopped="0" meanWaitingTime="6.22" meanTravelTime="99.39" meanSpeed="5.07" meanSpeedRelative="0.37" duration="0"/>
    <step time="6900.00" loaded="3763" inserted="3752" running="48" waiting="11" ended="3704" arrived="3704" collisions="0" teleports="0" halting="16" stopped="0" meanWaitingTime="7.03" meanTravelTime="99.08" meanSpeed="5.68" meanSpeedRelative="0.41" duration="0"/>
    <step time="7200.00" loaded="3938" inserted="3934" running="67" waiting="4" ended="3867" arrived="3867" collisions="0" teleports="0" halting="15" stopped="0" meanWaitingTime="7.42" meanTravelTime="99.07" meanSpeed="6.43" meanSpeedRelative="0.46" duration="1"/>
    <step time="7500.00" loaded="4096" inserted="4094" running="53" waiting="2" ended="4041" arrived="4041" collisions="0" teleports="0" halting="12" stopped="0" meanWaitingTime="7.22" meanTravelTime="99.22" meanSpeed="6.69" meanSpeedRelative="0.48" duration="0"/>
    <step time="7800.00" loaded="4243" inserted="4242" running="38" waiting="1" ended="4204" arrived="4204" collisions="0" teleports="0" halting="9" stopped="0" meanWaitingTime="6.98" meanTravelTime="98.78" meanSpeed="6.88" meanSpeedRelative="0.50" duration="1"/>
    <step time="8100.00" loaded="4420" inserted="4413" running="52" waiting="7" ended="4361" arrived="4361" collisions="0" teleports="0" halting="13" stopped="0" meanWaitingTime="6.76" meanTravelTime="98.10" meanSpeed="5.01" meanSpeedRelative="0.36" duration="1"/>
    <step time="8400.00" loaded="4611" inserted="4591" running="61" waiting="20" ended="4530" arrived="4530" collisions="0" teleports="0" halting="11" stopped="0" meanWaitingTime="7.06" meanTravelTime="97.56" meanSpeed="6.02" meanSpeedRelative="0.43" duration="0"/>
    <step time="8700.00" loaded="4807" inserted="4772" running="56" waiting="35" ended="4716" arrived="4716" collisions="0" teleports="0" halting="12" stopped="0" meanWaitingTime="8.28" meanTravelTime="97.75" meanSpeed="7.06" meanSpeedRelative="0.51" duration="2"/>
    <step time="9000.00" loaded="4972" inserted="4938" running="43" waiting="34" ended="4895" arrived="4895" collisions="0" teleports="0" halting="7" stopped="0" meanWaitingTime="9.83" meanTravelTime="97.48" meanSpeed="6.72" meanSpeedRelative="0.48" duration="1"/>
    <step time="9300.00" loaded="5170" inserted="5140" running="69" waiting="30" ended="5071" arrived="5071" collisions="0" teleports="0" halting="21" stopped="0" meanWaitingTime="11.24" meanTravelTime="96.92" meanSpeed="4.70" meanSpeedRelative="0.34" duration="1"/>
    <step time="9600.00" loaded="5355" inserted="5326" running="76" waiting="29" ended="5250" arrived="5250" collisions="0" teleports="0" halting="25" stopped="0" meanWaitingTime="12.29" meanTravelTime="97.41" meanSpeed="5.15" meanSpeedRelative="0.38" duration="1"/>
    <step time="9900.00" loaded="5513" inserted="5482" running="40" waiting="31" ended="5442" arrived="5442" collisions="0" teleports="0" halting="4" stopped="0" meanWaitingTime="13.17" meanTravelTime="97.82" meanSpeed="7.62" meanSpeedRelative="0.55" duration="1"/>
    <step time="10200.00" loaded="5689" inserted="5651" running="54" waiting="38" ended="5597" arrived="5597" collisions="0" teleports="0" halting="6" stopped="0" meanWaitingTime="14.70" meanTravelTime="97.51" meanSpeed="6.54" meanSpeedRelative="0.47" duration="1"/>
    <step time="10500.00" loaded="5877" inserted="5820" running="52" waiting="57" ended="5768" arrived="5768" collisions="0" teleports="0" halting="13" stopped="0" meanWaitingTime="16.26" meanTravelTime="97.40" meanSpeed="5.52" meanSpeedRelative="0.40" duration="1"/>
    <step time="10800.00" loaded="6066" inserted="6010" running="76" waiting="56" ended="5934" arrived="5934" collisions="0" teleports="0" halting="18" stopped="0" meanWaitingTime="18.42" meanTravelTime="97.20" meanSpeed="4.90" meanSpeedRelative="0.35" duration="1"/>
    <step time="11100.00" loaded="6238" inserted="6185" running="62" waiting="53" ended="6123" arrived="6123" collisions="0" teleports="0" halting="14" stopped="0" meanWaitingTime="20.59" meanTravelTime="97.45" meanSpeed="5.63" meanSpeedRelative="0.41" duration="1"/>
    <step time="11400.00" loaded="6402" inserted="6345" running="47" waiting="57" ended="6298" arrived="6298" collisions="0" teleports="0" halting="10" stopped="0" meanWaitingTime="22.49" meanTravelTime="97.47" meanSpeed="7.20" meanSpeedRelative="0.52" duration="1"/>
    <step time="11700.00" loaded="6560" inserted="6510" running="36" waiting="50" ended="6474" arrived="6474" collisions="0" teleports="0" halting="6" stopped="0" meanWaitingTime="24.69" meanTravelTime="96.94" meanSpeed="3.80" meanSpeedRelative="0.27" duration="0"/>
    <step time="12000.00" loaded="6733" inserted="6669" running="41" waiting="64" ended="6628" arrived="6628" collisions="0" teleports="0" halting="9" stopped="0" meanWaitingTime="26.18" meanTravelTime="96.76" meanSpeed="5.80" meanSpeedRelative="0.42" duration="0"/>
    <step time="12300.00" loaded="6926" inserted="6846" running="50" waiting="80" ended="6796" arrived="6796" collisions="0" teleports="0" halting="15" stopped="0" meanWaitingTime="27.95" meanTravelTime="96.57" meanSpeed="5.82" meanSpeedRelative="0.42" duration="0"/>
    <step time="12600.00" loaded="7102" inserted="7022" running="58" waiting="80" ended="6964" arrived="6964" collisions="0" teleports="0" halting="18" stopped="0" meanWaitingTime="29.65" meanTravelTime="96.58" meanSpeed="5.36" meanSpeedRelative="0.39" duration="1"/>
    <step time="12900.00" loaded="7277" inserted="7197" running="36" waiting="80" ended="7161" arrived="7161" collisions="0" teleports="0" halting="11" stopped="0" meanWaitingTime="32.58" meanTravelTime="96.35" meanSpeed="5.07" meanSpeedRelative="0.37" duration="0"/>
    <step time="13200.00" loaded="7438" inserted="7360" running="48" waiting="78" ended="7312" arrived="7312" collisions="0" teleports="0" halting="18" stopped="0" meanWaitingTime="34.70" meanTravelTime="96.19" meanSpeed="4.85" meanSpeedRelative="0.35" duration="1"/>
    <step time="13500.00" loaded="7640" inserted="7544" running="62" waiting="96" ended="7482" arrived="7482" collisions="0" teleports="0" halting="19" stopped="0" meanWaitingTime="36.85" meanTravelTime="96.23" meanSpeed="4.85" meanSpeedRelative="0.35" duration="1"/>
    <step time="13800.00" loaded="7826" inserted="7727" running="73" waiting="99" ended="7654" arrived="7654" collisions="0" teleports="0" halting="20" stopped="0" meanWaitingTime="39.54" meanTravelTime="96.06" meanSpeed="5.03" meanSpeedRelative="0.36" duration="1"/>
    <step time="14100.00" loaded="8017" inserted="7912" running="64" waiting="105" ended="7848" arrived="7848" collisions="0" teleports="0" halting="13" stopped="0" meanWaitingTime="41.72" meanTravelTime="96.62" meanSpeed="6.48" meanSpeedRelative="0.47" duration="1"/>
    <step time="14400.00" loaded="8181" inserted="8066" running="62" waiting="115" ended="8004" arrived="8004" collisions="0" teleports="0" halting="16" stopped="0" meanWaitingTime="44.33" meanTravelTime="96.65" meanSpeed="5.29" meanSpeedRelative="0.38" duration="1"/>
    <step time="14700.00" loaded="8349" inserted="8222" running="47" waiting="127" ended="8175" arrived="8175" collisions="0" teleports="0" halting="18" stopped="0" meanWaitingTime="47.36" meanTravelTime="96.93" meanSpeed="5.86" meanSpeedRelative="0.42" duration="1"/>
    <step time="15000.00" loaded="8511" inserted="8394" running="60" waiting="117" ended="8334" arrived="8334" collisions="0" teleports="0" halting="8" stopped="0" meanWaitingTime="50.17" meanTravelTime="96.79" meanSpeed="7.29" meanSpeedRelative="0.52" duration="0"/>
    <step time="15300.00" loaded="8670" inserted="8552" running="57" waiting="118" ended="8495" arrived="8495" collisions="0" teleports="0" halting="12" stopped="0" meanWaitingTime="53.45" meanTravelTime="96.99" meanSpeed="6.12" meanSpeedRelative="0.44" duration="1"/>
    <step time="15600.00" loaded="8834" inserted="8731" running="58" waiting="103" ended="8673" arrived="8673" collisions="0" teleports="0" halting="11" stopped="0" meanWaitingTime="57.23" meanTravelTime="97.11" meanSpeed="5.69" meanSpeedRelative="0.41" duration="1"/>
    <step time="15900.00" loaded="9026" inserted="8900" running="59" waiting="126" ended="8841" arrived="8841" collisions="0" teleports="0" halting="21" stopped="0" meanWaitingTime="59.15" meanTravelTime="97.19" meanSpeed="4.33" meanSpeedRelative="0.32" duration="1"/>
    <step time="16200.00" loaded="9249" inserted="9100" running="57" waiting="149" ended="9043" arrived="9043" collisions="0" teleports="0" halting="22" stopped="0" meanWaitingTime="60.73" meanTravelTime="97.22" meanSpeed="4.89" meanSpeedRelative="0.35" duration="1"/>
    <step time="16500.00" loaded="9447" inserted="9283" running="44" waiting="164" ended="9239" arrived="9239" collisions="0" teleports="0" halting="8" stopped="0" meanWaitingTime="64.04" meanTravelTime="96.98" meanSpeed="7.16" meanSpeedRelative="0.52" duration="1"/>
    <step time="16800.00" loaded="9646" inserted="9460" running="62" waiting="186" ended="9398" arrived="9398" collisions="0" teleports="0" halting="22" stopped="0" meanWaitingTime="65.79" meanTravelTime="96.96" meanSpeed="3.86" meanSpeedRelative="0.28" duration="1"/>
    <step time="17100.00" loaded="9836" inserted="9639" running="57" waiting="197" ended="9582" arrived="9582" collisions="0" teleports="0" halting="17" stopped="0" meanWaitingTime="69.81" meanTravelTime="97.01" meanSpeed="4.95" meanSpeedRelative="0.36" duration="1"/>
    <step time="17400.00" loaded="10006" inserted="9825" running="62" waiting="181" ended="9763" arrived="9763" collisions="0" teleports="0" halting="24" stopped="0" meanWaitingTime="74.51" meanTravelTime="97.11" meanSpeed="5.04" meanSpeedRelative="0.36" duration="0"/>
    <step time="17700.00" loaded="10180" inserted="10000" running="61" waiting="180" ended="9939" arrived="9939" collisions="0" teleports="0" halting="25" stopped="0" meanWaitingTime="77.51" meanTravelTime="96.99" meanSpeed="5.42" meanSpeedRelative="0.39" duration="1"/>
    <step time="18000.00" loaded="10354" inserted="10173" running="49" waiting="181" ended="10124" arrived="10124" collisions="0" teleports="0" halting="19" stopped="0" meanWaitingTime="81.30" meanTravelTime="97.04" meanSpeed="4.96" meanSpeedRelative="0.36" duration="1"/>
    <step time="18300.00" loaded="10544" inserted="10348" running="55" waiting="196" ended="10293" arrived="10293" collisions="0" teleports="0" halting="30" stopped="0" meanWaitingTime="83.62" meanTravelTime="97.11" meanSpeed="4.50" meanSpeedRelative="0.32" duration="0"/>
    <step time="18600.00" loaded="10734" inserted="10532" running="56" waiting="202" ended="10476" arrived="10476" collisions="0" teleports="0" halting="14" stopped="0" meanWaitingTime="87.98" meanTravelTime="97.25" meanSpeed="6.41" meanSpeedRelative="0.46" duration="1"/>
    <step time="18900.00" loaded="10910" inserted="10694" running="53" waiting="216" ended="10641" arrived="10641" collisions="0" teleports="0" halting="10" stopped="0" meanWaitingTime="91.71" meanTravelTime="97.26" meanSpeed="6.74" meanSpeedRelative="0.49" duration="1"/>
    <step time="19200.00" loaded="11104" inserted="10896" running="71" waiting="208" ended="10825" arrived="10825" collisions="0" teleports="0" halting="31" stopped="0" meanWaitingTime="96.08" meanTravelTime="97.35" meanSpeed="4.96" meanSpeedRelative="0.36" duration="2"/>
    <step time="19500.00" loaded="11293" inserted="11075" running="68" waiting="218" ended="11007" arrived="11007" collisions="0" teleports="0" halting="21" stopped="0" meanWaitingTime="99.76" meanTravelTime="97.55" meanSpeed="4.22" meanSpeedRelative="0.30" duration="2"/>
    <step time="19800.00" loaded="11509" inserted="11274" running="50" waiting="235" ended="11224" arrived="11224" collisions="0" teleports="0" halting="19" stopped="0" meanWaitingTime="102.87" meanTravelTime="97.41" meanSpeed="4.72" meanSpeedRelative="0.34" duration="1"/>
    <step time="20100.00" loaded="11717" inserted="11466" running="67" waiting="251" ended="11399" arrived="11399" collisions="0" teleports="0" halting="18" stopped="0" meanWaitingTime="107.66" meanTravelTime="97.38" meanSpeed="6.13" meanSpeedRelative="0.44" duration="1"/>
    <step time="20400.00" loaded="11912" inserted="11644" running="50" waiting="268" ended="11594" arrived="11594" collisions="0" teleports="0" halting="12" stopped="0" meanWaitingTime="111.67" meanTravelTime="97.20" meanSpeed="6.20" meanSpeedRelative="0.45" duration="1"/>
    <step time="20700.00" loaded="12112" inserted="11830" running="57" waiting="282" ended="11773" arrived="11773" collisions="0" teleports="0" halting="27" stopped="0" meanWaitingTime="115.49" meanTravelTime="97.21" meanSpeed="4.55" meanSpeedRelative="0.33" duration="1"/>
    <step time="21000.00" loaded="12302" inserted="12012" running="55" waiting="290" ended="11957" arrived="11957" collisions="0" teleports="0" halting="26" stopped="0" meanWaitingTime="119.32" meanTravelTime="97.19" meanSpeed="4.30" meanSpeedRelative="0.31" duration="1"/>
    <step time="21300.00" loaded="12514" inserted="12194" running="82" waiting="320" ended="12112" arrived="12112" collisions="0" teleports="0" halting="22" stopped="0" meanWaitingTime="122.00" meanTravelTime="97.01" meanSpeed="3.72" meanSpeedRelative="0.27" duration="1"/>
    <step time="21600.00" loaded="12736" inserted="12387" running="86" waiting="349" ended="12301" arrived="12301" collisions="0" teleports="0" halting="9" stopped="0" meanWaitingTime="126.88" meanTravelTime="97.40" meanSpeed="6.06" meanSpeedRelative="0.44" duration="2"/>
    <step time="21900.00" loaded="12949" inserted="12576" running="58" waiting="373" ended="12518" arrived="12518" collisions="0" teleports="0" halting="27" stopped="0" meanWaitingTime="129.70" meanTravelTime="97.66" meanSpeed="3.33" meanSpeedRelative="0.26" duration="1"/>
    <step time="22200.00" loaded="13192" inserted="12794" running="82" waiting="398" ended="12712" arrived="12712" collisions="0" teleports="0" halting="23" stopped="0" meanWaitingTime="133.54" meanTravelTime="97.64" meanSpeed="4.94" meanSpeedRelative="0.36" duration="2"/>
    <step time="22500.00" loaded="13388" inserted="12966" running="65" waiting="422" ended="12901" arrived="12901" collisions="0" teleports="0" halting="36" stopped="0" meanWaitingTime="137.25" meanTravelTime="98.13" meanSpeed="3.94" meanSpeedRelative="0.28" duration="1"/>
    <step time="22800.00" loaded="13603" inserted="13168" running="61" waiting="435" ended="13107" arrived="13107" collisions="0" teleports="0" halting="25" stopped="0" meanWaitingTime="143.59" meanTravelTime="98.25" meanSpeed="4.48" meanSpeedRelative="0.32" duration="2"/>
    <step time="23100.00" loaded="13824" inserted="13350" running="68" waiting="474" ended="13282" arrived="13282" collisions="0" teleports="0" halting="24" stopped="0" meanWaitingTime="146.05" meanTravelTime="98.33" meanSpeed="3.90" meanSpeedRelative="0.28" duration="1"/>
    <step time="23400.00" loaded="14095" inserted="13565" running="97" waiting="530" ended="13468" arrived="13468" collisions="0" teleports="0" halting="37" stopped="0" meanWaitingTime="148.40" meanTravelTime="98.59" meanSpeed="4.29" meanSpeedRelative="0.31" duration="2"/>
    <step time="23700.00" loaded="14322" inserted="13758" running="78" waiting="564" ended="13680" arrived="13680" collisions="0" teleports="0" halting="31" stopped="0" meanWaitingTime="152.44" meanTravelTime="98.86" meanSpeed="4.21" meanSpeedRelative="0.30" duration="1"/>
    <step time="24000.00" loaded="14555" inserted="13971" running="64" waiting="584" ended="13907" arrived="13907" collisions="0" teleports="0" halting="23" stopped="0" meanWaitingTime="158.04" meanTravelTime="98.88" meanSpeed="4.65" meanSpeedRelative="0.33" duration="1"/>
    <step time="24300.00" loaded="14762" inserted="14165" running="63" waiting="597" ended="14102" arrived="14102" collisions="0" teleports="0" halting="22" stopped="0" meanWaitingTime="163.42" meanTravelTime="99.05" meanSpeed="4.24" meanSpeedRelative="0.31" duration="1"/>
    <step time="24600.00" loaded="15003" inserted="14392" running="83" waiting="611" ended="14309" arrived="14309" collisions="0" teleports="0" halting="34" stopped="0" meanWaitingTime="170.61" meanTravelTime="99.13" meanSpeed="4.44" meanSpeedRelative="0.32" duration="2"/>
    <step time="24900.00" loaded="15225" inserted="14600" running="63" waiting="625" ended="14537" arrived="14537" collisions="0" teleports="0" halting="21" stopped="0" meanWaitingTime="179.20" meanTravelTime="99.21" meanSpeed="4.05" meanSpeedRelative="0.29" duration="1"/>
    <step time="25200.00" loaded="15463" inserted="14812" running="70" waiting="651" ended="14742" arrived="14742" collisions="0" teleports="0" halting="26" stopped="0" meanWaitingTime="180.85" meanTravelTime="99.28" meanSpeed="3.93" meanSpeedRelative="0.28" duration="1"/>
    <step time="25500.00" loaded="15710" inserted="15015" running="96" waiting="695" ended="14919" arrived="14919" collisions="0" teleports="0" halting="32" stopped="0" meanWaitingTime="188.02" meanTravelTime="99.60" meanSpeed="4.48" meanSpeedRelative="0.32" duration="2"/>
    <step time="25800.00" loaded="15946" inserted="15231" running="103" waiting="715" ended="15128" arrived="15128" collisions="0" teleports="0" halting="42" stopped="0" meanWaitingTime="190.22" meanTravelTime="100.19" meanSpeed="4.32" meanSpeedRelative="0.31" duration="5"/>
    <step time="26100.00" loaded="16183" inserted="15450" running="63" waiting="733" ended="15387" arrived="15387" collisions="0" teleports="0" halting="18" stopped="0" meanWaitingTime="199.86" meanTravelTime="100.44" meanSpeed="4.90" meanSpeedRelative="0.36" duration="2"/>
    <step time="26400.00" loaded="16435" inserted="15652" running="54" waiting="783" ended="15598" arrived="15598" collisions="0" teleports="0" halting="33" stopped="0" meanWaitingTime="205.12" meanTravelTime="100.30" meanSpeed="2.43" meanSpeedRelative="0.17" duration="1"/>
    <step time="26700.00" loaded="16682" inserted="15878" running="80" waiting="804" ended="15798" arrived="15798" collisions="0" teleports="0" halting="29" stopped="0" meanWaitingTime="214.78" meanTravelTime="100.10" meanSpeed="4.13" meanSpeedRelative="0.30" duration="1"/>
    <step time="27000.00" loaded="16940" inserted="16082" running="90" waiting="858" ended="15992" arrived="15992" collisions="0" teleports="0" halting="18" stopped="0" meanWaitingTime="221.63" meanTravelTime="100.09" meanSpeed="5.87" meanSpeedRelative="0.42" duration="2"/>
    <step time="27300.00" loaded="17171" inserted="16302" running="91" waiting="869" ended="16211" arrived="16211" collisions="0" teleports="0" halting="23" stopped="0" meanWaitingTime="227.96" meanTravelTime="100.21" meanSpeed="4.72" meanSpeedRelative="0.35" duration="2"/>
    <step time="27600.00" loaded="17425" inserted="16526" running="95" waiting="899" ended="16431" arrived="16431" collisions="0" teleports="0" halting="42" stopped="0" meanWaitingTime="234.65" meanTravelTime="100.45" meanSpeed="4.23" meanSpeedRelative="0.30" duration="2"/>
    <step time="27900.00" loaded="17640" inserted="16730" running="68" waiting="910" ended="16662" arrived="16662" collisions="0" teleports="0" halting="13" stopped="0" meanWaitingTime="244.34" meanTravelTime="100.66" meanSpeed="6.19" meanSpeedRelative="0.45" duration="1"/>
    <step time="28200.00" loaded="17891" inserted="16968" running="87" waiting="923" ended="16881" arrived="16881" collisions="0" teleports="0" halting="22" stopped="0" meanWaitingTime="255.91" meanTravelTime="100.47" meanSpeed="5.65" meanSpeedRelative="0.41" duration="1"/>
    <step time="28500.00" loaded="18116" inserted="17164" running="68" waiting="952" ended="17096" arrived="17096" collisions="0" teleports="0" halting="26" stopped="0" meanWaitingTime="262.15" meanTravelTime="100.49" meanSpeed="5.15" meanSpeedRelative="0.37" duration="2"/>
    <step time="28800.00" loaded="18373" inserted="17394" running="96" waiting="979" ended="17298" arrived="17298" collisions="0" teleports="0" halting="31" stopped="0" meanWaitingTime="268.78" meanTravelTime="100.30" meanSpeed="4.35" meanSpeedRelative="0.31" duration="1"/>
    <step time="29100.00" loaded="18591" inserted="17591" running="80" waiting="1000" ended="17511" arrived="17511" collisions="0" teleports="0" halting="31" stopped="0" meanWaitingTime="277.42" meanTravelTime="100.86" meanSpeed="3.44" meanSpeedRelative="0.25" duration="2"/>
    <step time="29400.00" loaded="18841" inserted="17821" running="74" waiting="1020" ended="17747" arrived="17747" collisions="0" teleports="0" halting="33" stopped="0" meanWaitingTime="286.73" meanTravelTime="101.00" meanSpeed="4.95" meanSpeedRelative="0.36" duration="2"/>
    <step time="29700.00" loaded="19055" inserted="18020" running="67" waiting="1035" ended="17953" arrived="17953" collisions="0" teleports="0" halting="29" stopped="0" meanWaitingTime="295.69" meanTravelTime="101.04" meanSpeed="4.25" meanSpeedRelative="0.31" duration="1"/>
    <step time="30000.00" loaded="19274" inserted="18210" running="60" waiting="1064" ended="18150" arrived="18150" collisions="0" teleports="0" halting="14" stopped="0" meanWaitingTime="304.37" meanTravelTime="101.05" meanSpeed="4.41" meanSpeedRelative="0.32" duration="2"/>
    <step time="30300.00" loaded="19522" inserted="18403" running="86" waiting="1119" ended="18317" arrived="18317" collisions="0" teleports="0" halting="37" stopped="0" meanWaitingTime="311.73" meanTravelTime="100.85" meanSpeed="3.61" meanSpeedRelative="0.26" duration="2"/>
    <step time="30600.00" loaded="19745" inserted="18612" running="70" waiting="1133" ended="18542" arrived="18542" collisions="0" teleports="0" halting="21" stopped="0" meanWaitingTime="319.87" meanTravelTime="101.16" meanSpeed="6.33" meanSpeedRelative="0.46" duration="1"/>
    <step time="30900.00" loaded="19979" inserted="18827" running="75" waiting="1152" ended="18752" arrived="18752" collisions="0" teleports="0" halting="24" stopped="0" meanWaitingTime="329.16" meanTravelTime="101.03" meanSpeed="5.20" meanSpeedRelative="0.37" duration="2"/>
    <step time="31200.00" loaded="20196" inserted="19020" running="59" waiting="1176" ended="18961" arrived="18961" collisions="0" teleports="0" halting="30" stopped="0" meanWaitingTime="337.67" meanTravelTime="100.96" meanSpeed="4.23" meanSpeedRelative="0.30" duration="1"/>
    <step time="31500.00" loaded="20399" inserted="19207" running="48" waiting="1192" ended="19159" arrived="19159" collisions="0" teleports="0" halting="25" stopped="0" meanWaitingTime="349.07" meanTravelTime="100.98" meanSpeed="2.65" meanSpeedRelative="0.19" duration="1"/>
    <step time="31800.00" loaded="20574" inserted="19388" running="58" waiting="1186" ended="19330" arrived="19330" collisions="0" teleports="0" halting="10" stopped="0" meanWaitingTime="357.18" meanTravelTime="101.11" meanSpeed="6.23" meanSpeedRelative="0.45" duration="1"/>
    <step time="32100.00" loaded="20758" inserted="19556" running="46" waiting="1202" ended="19510" arrived="19510" collisions="0" teleports="0" halting="16" stopped="0" meanWaitingTime="365.88" meanTravelTime="101.10" meanSpeed="5.58" meanSpeedRelative="0.40" duration="1"/>
    <step time="32400.00" loaded="20950" inserted="19734" running="57" waiting="1216" ended="19677" arrived="19677" collisions="0" teleports="0" halting="24" stopped="0" meanWaitingTime="375.99" meanTravelTime="100.94" meanSpeed="5.45" meanSpeedRelative="0.39" duration="2"/>
    <step time="32700.00" loaded="21153" inserted="19911" running="55" waiting="1242" ended="19856" arrived="19856" collisions="0" teleports="0" halting="15" stopped="0" meanWaitingTime="386.09" meanTravelTime="100.83" meanSpeed="5.57" meanSpeedRelative="0.40" duration="2"/>
    <step time="33000.00" loaded="21363" inserted="20102" running="50" waiting="1261" ended="20052" arrived="20052" collisions="0" teleports="0" halting="11" stopped="0" meanWaitingTime="397.36" meanTravelTime="100.73" meanSpeed="6.89" meanSpeedRelative="0.50" duration="1"/>
    <step time="33300.00" loaded="21519" inserted="20246" running="36" waiting="1273" ended="20210" arrived="20210" collisions="0" teleports="0" halting="10" stopped="0" meanWaitingTime="404.78" meanTravelTime="100.72" meanSpeed="6.65" meanSpeedRelative="0.50" duration="2"/>
    <step time="33600.00" loaded="21704" inserted="20417" running="48" waiting="1287" ended="20369" arrived="20369" collisions="0" teleports="0" halting="16" stopped="0" meanWaitingTime="415.03" meanTravelTime="100.57" meanSpeed="5.65" meanSpeedRelative="0.41" duration="1"/>
    <step time="33900.00" loaded="21887" inserted="20588" running="58" waiting="1299" ended="20530" arrived="20530" collisions="0" teleports="0" halting="17" stopped="0" meanWaitingTime="424.99" meanTravelTime="100.63" meanSpeed="5.68" meanSpeedRelative="0.42" duration="2"/>
    <step time="34200.00" loaded="22074" inserted="20742" running="53" waiting="1332" ended="20689" arrived="20689" collisions="0" teleports="0" halting="20" stopped="0" meanWaitingTime="434.22" meanTravelTime="100.60" meanSpeed="5.14" meanSpeedRelative="0.37" duration="1"/>
    <step time="34500.00" loaded="22253" inserted="20917" running="60" waiting="1336" ended="20857" arrived="20857" collisions="0" teleports="0" halting="33" stopped="0" meanWaitingTime="448.95" meanTravelTime="100.60" meanSpeed="4.08" meanSpeedRelative="0.29" duration="1"/>
    <step time="34800.00" loaded="22453" inserted="21089" running="44" waiting="1364" ended="21045" arrived="21045" collisions="0" teleports="0" halting="11" stopped="0" meanWaitingTime="455.13" meanTravelTime="100.63" meanSpeed="5.75" meanSpeedRelative="0.41" duration="1"/>
    <step time="35100.00" loaded="22607" inserted="21240" running="56" waiting="1367" ended="21184" arrived="21184" collisions="0" teleports="0" halting="8" stopped="0" meanWaitingTime="465.62" meanTravelTime="100.52" meanSpeed="4.91" meanSpeedRelative="0.36" duration="1"/>
    <step time="35400.00" loaded="22751" inserted="21379" running="67" waiting="1372" ended="21312" arrived="21312" collisions="0" teleports="0" halting="8" stopped="0" meanWaitingTime="473.22" meanTravelTime="100.71" meanSpeed="5.42" meanSpeedRelative="0.39" duration="1"/>
    <step time="35700.00" loaded="22903" inserted="21523" running="49" waiting="1380" ended="21474" arrived="21474" collisions="0" teleports="0" halting="22" stopped="0" meanWaitingTime="481.73" meanTravelTime="100.94" meanSpeed="4.72" meanSpeedRelative="0.34" duration="1"/>
    <step time="36000.00" loaded="23103" inserted="21679" running="44" waiting="1424" ended="21635" arrived="21635" collisions="0" teleports="0" halting="7" stopped="0" meanWaitingTime="491.86" meanTravelTime="100.82" meanSpeed="6.32" meanSpeedRelative="0.46" duration="1"/>
    <step time="36300.00" loaded="23258" inserted="21837" running="34" waiting="1421" ended="21803" arrived="21803" collisions="0" teleports="0" halting="14" stopped="0" meanWaitingTime="498.01" meanTravelTime="100.58" meanSpeed="4.98" meanSpeedRelative="0.36" duration="1"/>
    <step time="36600.00" loaded="23404" inserted="21997" running="31" waiting="1407" ended="21966" arrived="21966" collisions="0" teleports="0" halting="9" stopped="0" meanWaitingTime="509.69" meanTravelTime="100.54" meanSpeed="6.68" meanSpeedRelative="0.48" duration="1"/>
    <step time="36900.00" loaded="23554" inserted="22150" running="49" waiting="1404" ended="22101" arrived="22101" collisions="0" teleports="0" halting="9" stopped="0" meanWaitingTime="522.94" meanTravelTime="100.41" meanSpeed="5.64" meanSpeedRelative="0.41" duration="1"/>
    <step time="37200.00" loaded="23684" inserted="22291" running="64" waiting="1393" ended="22227" arrived="22227" collisions="0" teleports="0" halting="42" stopped="0" meanWaitingTime="534.63" meanTravelTime="100.41" meanSpeed="2.56" meanSpeedRelative="0.18" duration="1"/>
    <step time="37500.00" loaded="23814" inserted="22411" running="40" waiting="1403" ended="22371" arrived="22371" collisions="0" teleports="0" halting="8" stopped="0" meanWaitingTime="545.97" meanTravelTime="100.60" meanSpeed="6.01" meanSpeedRelative="0.43" duration="1"/>
    <step time="37800.00" loaded="23954" inserted="22562" running="45" waiting="1392" ended="22517" arrived="22517" collisions="0" teleports="0" halting="12" stopped="0" meanWaitingTime="561.85" meanTravelTime="100.62" meanSpeed="6.25" meanSpeedRelative="0.45" duration="1"/>
    <step time="38100.00" loaded="24092" inserted="22705" running="42" waiting="1387" ended="22663" arrived="22663" collisions="0" teleports="0" halting="11" stopped="0" meanWaitingTime="573.22" meanTravelTime="100.52" meanSpeed="5.78" meanSpeedRelative="0.42" duration="1"/>
    <step time="38400.00" loaded="24193" inserted="22842" running="33" waiting="1351" ended="22809" arrived="22809" collisions="0" teleports="0" halting="7" stopped="0" meanWaitingTime="589.21" meanTravelTime="100.42" meanSpeed="6.66" meanSpeedRelative="0.48" duration="1"/>
    <step time="38700.00" loaded="24303" inserted="22969" running="32" waiting="1334" ended="22937" arrived="22937" collisions="0" teleports="0" halting="11" stopped="0" meanWaitingTime="599.74" meanTravelTime="100.26" meanSpeed="6.25" meanSpeedRelative="0.45" duration="1"/>
    <step time="39000.00" loaded="24390" inserted="23069" running="37" waiting="1321" ended="23032" arrived="23032" collisions="0" teleports="0" halting="4" stopped="0" meanWaitingTime="611.16" meanTravelTime="100.28" meanSpeed="6.85" meanSpeedRelative="0.49" duration="1"/>
    <step time="39300.00" loaded="24488" inserted="23184" running="36" waiting="1304" ended="23148" arrived="23148" collisions="0" teleports="0" halting="9" stopped="0" meanWaitingTime="626.58" meanTravelTime="100.25" meanSpeed="6.05" meanSpeedRelative="0.44" duration="1"/>
    <step time="39600.00" loaded="24573" inserted="23296" running="23" waiting="1277" ended="23273" arrived="23273" collisions="0" teleports="0" halting="15" stopped="0" meanWaitingTime="640.33" meanTravelTime="100.19" meanSpeed="2.87" meanSpeedRelative="0.21" duration="1"/>
    <step time="39900.00" loaded="24673" inserted="23431" running="68" waiting="1242" ended="23363" arrived="23363" collisions="0" teleports="0" halting="42" stopped="0" meanWaitingTime="657.59" meanTravelTime="100.12" meanSpeed="2.75" meanSpeedRelative="0.20" duration="1"/>
    <step time="40200.00" loaded="24774" inserted="23544" running="40" waiting="1230" ended="23504" arrived="23504" collisions="0" teleports="0" halting="16" stopped="0" meanWaitingTime="669.14" meanTravelTime="100.27" meanSpeed="4.32" meanSpeedRelative="0.33" duration="1"/>
    <step time="40500.00" loaded="24843" inserted="23628" running="31" waiting="1215" ended="23597" arrived="23597" collisions="0" teleports="0" halting="3" stopped="0" meanWaitingTime="678.06" meanTravelTime="100.28" meanSpeed="8.24" meanSpeedRelative="0.59" duration="0"/>
    <step time="40800.00" loaded="24923" inserted="23733" running="33" waiting="1190" ended="23700" arrived="23700" collisions="0" teleports="0" halting="21" stopped="0" meanWaitingTime="693.08" meanTravelTime="100.24" meanSpeed="2.64" meanSpeedRelative="0.19" duration="0"/>
    <step time="41100.00" loaded="24992" inserted="23828" running="33" waiting="1164" ended="23795" arrived="23795" collisions="0" teleports="0" halting="14" stopped="0" meanWaitingTime="707.26" meanTravelTime="100.35" meanSpeed="4.83" meanSpeedRelative="0.35" duration="1"/>
    <step time="41400.00" loaded="25069" inserted="23908" running="17" waiting="1161" ended="23891" arrived="23891" collisions="0" teleports="0" halting="9" stopped="0" meanWaitingTime="715.00" meanTravelTime="100.48" meanSpeed="3.00" meanSpeedRelative="0.22" duration="1"/>
    <step time="41700.00" loaded="25129" inserted="23985" running="32" waiting="1144" ended="23953" arrived="23953" collisions="0" teleports="0" halting="12" stopped="0" meanWaitingTime="725.41" meanTravelTime="100.48" meanSpeed="5.69" meanSpeedRelative="0.41" duration="1"/>
    <step time="42000.00" loaded="25211" inserted="24076" running="13" waiting="1135" ended="24063" arrived="24063" collisions="0" teleports="0" halting="4" stopped="0" meanWaitingTime="737.82" meanTravelTime="100.52" meanSpeed="5.17" meanSpeedRelative="0.37" duration="0"/>
    <step time="42300.00" loaded="25280" inserted="24172" running="46" waiting="1108" ended="24126" arrived="24126" collisions="0" teleports="0" halting="8" stopped="0" meanWaitingTime="754.66" meanTravelTime="100.44" meanSpeed="7.34" meanSpeedRelative="0.53" duration="1"/>
    <step time="42600.00" loaded="25352" inserted="24278" running="34" waiting="1074" ended="24244" arrived="24244" collisions="0" teleports="0" halting="6" stopped="0" meanWaitingTime="769.18" meanTravelTime="100.38" meanSpeed="7.01" meanSpeedRelative="0.51" duration="1"/>
    <step time="42900.00" loaded="25433" inserted="24394" running="45" waiting="1039" ended="24349" arrived="24349" collisions="0" teleports="0" halting="18" stopped="0" meanWaitingTime="787.10" meanTravelTime="100.46" meanSpeed="5.09" meanSpeedRelative="0.37" duration="1"/>
    <step time="43200.00" loaded="25518" inserted="24488" running="25" waiting="1030" ended="24463" arrived="24463" collisions="0" teleports="0" halting="6" stopped="0" meanWaitingTime="795.38" meanTravelTime="100.48" meanSpeed="6.61" meanSpeedRelative="0.48" duration="0"/>
    <step time="43500.00" loaded="25570" inserted="24566" running="34" waiting="1004" ended="24532" arrived="24532" collisions="0" teleports="0" halting="4" stopped="0" meanWaitingTime="807.65" meanTravelTime="100.47" meanSpeed="5.15" meanSpeedRelative="0.37" duration="1"/>
    <step time="43800.00" loaded="25646" inserted="24667" running="37" waiting="979" ended="24630" arrived="24630" collisions="0" teleports="0" halting="9" stopped="0" meanWaitingTime="821.61" meanTravelTime="100.57" meanSpeed="4.68" meanSpeedRelative="0.34" duration="1"/>
    <step time="44100.00" loaded="25720" inserted="24775" running="46" waiting="945" ended="24729" arrived="24729" collisions="0" teleports="0" halting="27" stopped="0" meanWaitingTime="840.16" meanTravelTime="100.60" meanSpeed="3.25" meanSpeedRelative="0.23" duration="1"/>
    <step time="44400.00" loaded="25800" inserted="24890" running="65" waiting="910" ended="24825" arrived="24825" collisions="0" teleports="0" halting="45" stopped="0" meanWaitingTime="856.87" meanTravelTime="100.62" meanSpeed="1.83" meanSpeedRelative="0.13" duration="1"/>
    <step time="44700.00" loaded="25857" inserted="24991" running="32" waiting="866" ended="24959" arrived="24959" collisions="0" teleports="0" halting="9" stopped="0" meanWaitingTime="876.10" meanTravelTime="101.15" meanSpeed="6.03" meanSpeedRelative="0.43" duration="0"/>
    <step time="45000.00" loaded="25915" inserted="25091" running="32" waiting="824" ended="25059" arrived="25059" collisions="0" teleports="0" halting="6" stopped="0" meanWaitingTime="894.78" meanTravelTime="101.17" meanSpeed="6.94" meanSpeedRelative="0.50" duration="1"/>
    <step time="45300.00" loaded="25973" inserted="25190" running="41" waiting="783" ended="25149" arrived="25149" collisions="0" teleports="0" halting="13" stopped="0" meanWaitingTime="914.20" meanTravelTime="101.15" meanSpeed="4.00" meanSpeedRelative="0.29" duration="1"/>
    <step time="45600.00" loaded="26036" inserted="25281" running="37" waiting="755" ended="25244" arrived="25244" collisions="0" teleports="0" halting="20" stopped="0" meanWaitingTime="926.36" meanTravelTime="101.20" meanSpeed="3.67" meanSpeedRelative="0.26" duration="1"/>
    <step time="45900.00" loaded="26082" inserted="25354" running="32" waiting="728" ended="25322" arrived="25322" collisions="0" teleports="0" halting="23" stopped="0" meanWaitingTime="938.16" meanTravelTime="101.23" meanSpeed="2.50" meanSpeedRelative="0.18" duration="1"/>
    <step time="46200.00" loaded="26140" inserted="25439" running="55" waiting="701" ended="25384" arrived="25384" collisions="0" teleports="0" halting="47" stopped="0" meanWaitingTime="951.09" meanTravelTime="101.10" meanSpeed="1.10" meanSpeedRelative="0.08" duration="1"/>
    <step time="46500.00" loaded="26197" inserted="25539" running="100" waiting="658" ended="25439" arrived="25439" collisions="0" teleports="0" halting="98" stopped="0" meanWaitingTime="968.76" meanTravelTime="101.00" meanSpeed="0.10" meanSpeedRelative="0.01" duration="1"/>
    <step time="46800.00" loaded="26245" inserted="25562" running="99" waiting="683" ended="25463" arrived="25463" collisions="0" teleports="0" halting="99" stopped="0" meanWaitingTime="967.89" meanTravelTime="100.94" meanSpeed="0.00" meanSpeedRelative="0.00" duration="1"/>
    <step time="47100.00" loaded="26296" inserted="25587" running="105" waiting="709" ended="25482" arrived="25482" collisions="0" teleports="0" halting="104" stopped="0" meanWaitingTime="966.95" meanTravelTime="100.89" meanSpeed="0.09" meanSpeedRelative="0.01" duration="1"/>
    <step time="47400.00" loaded="26357" inserted="25614" running="108" waiting="743" ended="25506" arrived="25506" collisions="0" teleports="0" halting="108" stopped="0" meanWaitingTime="965.93" meanTravelTime="100.83" meanSpeed="0.00" meanSpeedRelative="0.00" duration="2"/>
    <step time="47700.00" loaded="26400" inserted="25627" running="108" waiting="773" ended="25519" arrived="25519" collisions="0" teleports="0" halting="108" stopped="0" meanWaitingTime="965.44" meanTravelTime="100.79" meanSpeed="0.00" meanSpeedRelative="0.00" duration="1"/>
    <step time="48000.00" loaded="26451" inserted="25647" running="116" waiting="804" ended="25531" arrived="25531" collisions="0" teleports="0" halting="112" stopped="0" meanWaitingTime="964.68" meanTravelTime="100.75" meanSpeed="0.33" meanSpeedRelative="0.02" duration="2"/>
    <step time="48300.00" loaded="26493" inserted="25665" running="116" waiting="828" ended="25549" arrived="25549" collisions="0" teleports="0" halting="116" stopped="0" meanWaitingTime="964.01" meanTravelTime="100.71" meanSpeed="0.00" meanSpeedRelative="0.00" duration="1"/>
    <step time="48600.00" loaded="26528" inserted="25678" running="116" waiting="850" ended="25562" arrived="25562" collisions="0" teleports="0" halting="114" stopped="0" meanWaitingTime="963.52" meanTravelTime="100.68" meanSpeed="0.11" meanSpeedRelative="0.01" duration="2"/>
    <step time="48900.00" loaded="26561" inserted="25692" running="114" waiting="869" ended="25578" arrived="25578" collisions="0" teleports="0" halting="114" stopped="0" meanWaitingTime="962.99" meanTravelTime="100.62" meanSpeed="0.00" meanSpeedRelative="0.00" duration="1"/>
    <step time="49200.00" loaded="26605" inserted="25707" running="114" waiting="898" ended="25593" arrived="25593" collisions="0" teleports="0" halting="114" stopped="0" meanWaitingTime="962.43" meanTravelTime="100.59" meanSpeed="0.00" meanSpeedRelative="0.00" duration="1"/>
</summary>
