<?xml version="1.0" encoding="UTF-8"?>

<!-- generated on 2025-02-28 18:52:30 by Eclipse SUMO GUI Version 1.19.0
<configuration xmlns:xsi="http://www.w3.org/2001/XMLSchema-instance" xsi:noNamespaceSchemaLocation="http://sumo.dlr.de/xsd/sumoConfiguration.xsd">

    <input>
        <net-file value="Network.net.xml"/>
        <route-files value="CarRoutes.rou.xml"/>
        <additional-files value="Sensors.add.xml"/>
    </input>

    <output>
        <emission-output value="logs/Emissions.xml"/>
        <summary-output value="logs/Log_summary.xml"/>
        <summary-output.period value="300"/>
        <tripinfo-output value="logs/TripInfos.xml"/>
    </output>

    <time>
        <begin value="0"/>
        <end value="86400"/>
        <step-length value="0.25"/>
    </time>

    <processing>
        <ignore-junction-blocker value="0.1"/>
        <time-to-teleport value="-1"/>
    </processing>

    <report>
        <verbose value="true"/>
        <no-step-log value="true"/>
    </report>

    <emissions>
        <device.emissions.period value="10"/>
    </emissions>

    <traci_server>
        <remote-port value="59034"/>
    </traci_server>

    <gui_only>
        <quit-on-end value="true"/>
        <start value="true"/>
    </gui_only>

</configuration>
-->

<instantE1 xmlns:xsi="http://www.w3.org/2001/XMLSchema-instance" xsi:noNamespaceSchemaLocation="http://sumo.dlr.de/xsd/instant_e1_file.xsd">
    <instantOut id="235_D025" time="5068.45" state="enter" vehID="Car_2457" speed="9.96" length="5.00" type="DEFAULT_CAR"/>
    <instantOut id="235_D025" time="5068.50" state="stay" vehID="Car_2457" speed="9.96" length="5.00" type="DEFAULT_CAR"/>
    <instantOut id="235_D025" time="5068.75" state="stay" vehID="Car_2457" speed="10.82" length="5.00" type="DEFAULT_CAR"/>
    <instantOut id="235_D025" time="5068.92" state="leave" vehID="Car_2457" speed="10.07" length="5.00" type="DEFAULT_CAR" occupancy="0.48"/>
    <instantOut id="235_D025" time="6127.64" state="enter" vehID="Car_2455" speed="11.37" length="5.00" type="DEFAULT_CAR" gap="1058.71"/>
    <instantOut id="235_D025" time="6127.75" state="stay" vehID="Car_2455" speed="11.37" length="5.00" type="DEFAULT_CAR"/>
    <instantOut id="235_D025" time="6128.00" state="stay" vehID="Car_2455" speed="10.62" length="5.00" type="DEFAULT_CAR"/>
    <instantOut id="235_D025" time="6128.11" state="leave" vehID="Car_2455" speed="9.92" length="5.00" type="DEFAULT_CAR" occupancy="0.47"/>
    <instantOut id="235_D025" time="13003.02" state="enter" vehID="Car_6920" speed="9.65" length="5.00" type="DEFAULT_CAR" gap="6874.91"/>
    <instantOut id="235_D025" time="13003.25" state="stay" vehID="Car_6920" speed="9.65" length="5.00" type="DEFAULT_CAR"/>
    <instantOut id="235_D025" time="13003.50" state="stay" vehID="Car_6920" speed="9.51" length="5.00" type="DEFAULT_CAR"/>
    <instantOut id="235_D025" time="13003.54" state="leave" vehID="Car_6920" speed="8.76" length="5.00" type="DEFAULT_CAR" occupancy="0.53"/>
    <instantOut id="235_D025" time="13517.20" state="enter" vehID="Car_7903" speed="9.86" length="5.00" type="DEFAULT_CAR" gap="513.65"/>
    <instantOut id="235_D025" time="13517.25" state="stay" vehID="Car_7903" speed="9.86" length="5.00" type="DEFAULT_CAR"/>
    <instantOut id="235_D025" time="13517.50" state="stay" vehID="Car_7903" speed="10.28" length="5.00" type="DEFAULT_CAR"/>
    <instantOut id="235_D025" time="13517.69" state="leave" vehID="Car_7903" speed="9.84" length="5.00" type="DEFAULT_CAR" occupancy="0.50"/>
    <instantOut id="235_D025" time="16537.48" state="enter" vehID="Car_9168" speed="9.27" length="5.00" type="DEFAULT_CAR" gap="3019.78"/>
    <instantOut id="235_D025" time="16537.50" state="stay" vehID="Car_9168" speed="9.27" length="5.00" type="DEFAULT_CAR"/>
    <instantOut id="235_D025" time="16537.75" state="stay" vehID="Car_9168" speed="9.01" length="5.00" type="DEFAULT_CAR"/>
    <instantOut id="235_D025" time="16538.00" state="stay" vehID="Car_9168" speed="8.36" length="5.00" type="DEFAULT_CAR"/>
    <instantOut id="235_D025" time="16538.06" state="leave" vehID="Car_9168" speed="7.61" length="5.00" type="DEFAULT_CAR" occupancy="0.58"/>
    <instantOut id="235_D025" time="18382.49" state="enter" vehID="Car_9822" speed="9.85" length="5.00" type="DEFAULT_CAR" gap="1844.43"/>
    <instantOut id="235_D025" time="18382.50" state="stay" vehID="Car_9822" speed="9.85" length="5.00" type="DEFAULT_CAR"/>
    <instantOut id="235_D025" time="18382.75" state="stay" vehID="Car_9822" speed="9.62" length="5.00" type="DEFAULT_CAR"/>
    <instantOut id="235_D025" time="18383.00" state="stay" vehID="Car_9822" speed="8.92" length="5.00" type="DEFAULT_CAR"/>
    <instantOut id="235_D025" time="18383.03" state="leave" vehID="Car_9822" speed="8.17" length="5.00" type="DEFAULT_CAR" occupancy="0.54"/>
    <instantOut id="235_D025" time="18830.15" state="enter" vehID="Car_9823" speed="4.78" length="5.00" type="DEFAULT_CAR" gap="447.12"/>
    <instantOut id="235_D025" time="18830.25" state="stay" vehID="Car_9823" speed="4.78" length="5.00" type="DEFAULT_CAR"/>
    <instantOut id="235_D025" time="18830.50" state="stay" vehID="Car_9823" speed="4.66" length="5.00" type="DEFAULT_CAR"/>
    <instantOut id="235_D025" time="18830.75" state="stay" vehID="Car_9823" speed="4.92" length="5.00" type="DEFAULT_CAR"/>
    <instantOut id="235_D025" time="18831.00" state="stay" vehID="Car_9823" speed="4.38" length="5.00" type="DEFAULT_CAR"/>
    <instantOut id="235_D025" time="18831.25" state="stay" vehID="Car_9823" speed="3.63" length="5.00" type="DEFAULT_CAR"/>
    <instantOut id="235_D025" time="18831.28" state="leave" vehID="Car_9823" speed="3.12" length="5.00" type="DEFAULT_CAR" occupancy="1.14"/>
    <instantOut id="235_D025" time="19028.98" state="enter" vehID="Car_9825" speed="8.58" length="5.00" type="DEFAULT_CAR" gap="197.70"/>
    <instantOut id="235_D025" time="19029.00" state="stay" vehID="Car_9825" speed="8.58" length="5.00" type="DEFAULT_CAR"/>
    <instantOut id="235_D025" time="19029.25" state="stay" vehID="Car_9825" speed="8.01" length="5.00" type="DEFAULT_CAR"/>
    <instantOut id="235_D025" time="19029.50" state="stay" vehID="Car_9825" speed="7.27" length="5.00" type="DEFAULT_CAR"/>
    <instantOut id="235_D025" time="19029.65" state="leave" vehID="Car_9825" speed="6.74" length="5.00" type="DEFAULT_CAR" occupancy="0.67"/>
    <instantOut id="235_D025" time="19237.59" state="enter" vehID="Car_9609" speed="9.39" length="5.00" type="DEFAULT_CAR" gap="207.94"/>
    <instantOut id="235_D025" time="19237.75" state="stay" vehID="Car_9609" speed="9.39" length="5.00" type="DEFAULT_CAR"/>
    <instantOut id="235_D025" time="19238.00" state="stay" vehID="Car_9609" speed="8.64" length="5.00" type="DEFAULT_CAR"/>
    <instantOut id="235_D025" time="19238.17" state="leave" vehID="Car_9609" speed="7.95" length="5.00" type="DEFAULT_CAR" occupancy="0.58"/>
    <instantOut id="235_D025" time="21060.49" state="enter" vehID="Car_12485" speed="9.77" length="5.00" type="DEFAULT_CAR" gap="1822.32"/>
    <instantOut id="235_D025" time="21060.50" state="stay" vehID="Car_12485" speed="9.77" length="5.00" type="DEFAULT_CAR"/>
    <instantOut id="235_D025" time="21060.75" state="stay" vehID="Car_12485" speed="9.92" length="5.00" type="DEFAULT_CAR"/>
    <instantOut id="235_D025" time="21061.00" state="stay" vehID="Car_12485" speed="9.34" length="5.00" type="DEFAULT_CAR"/>
    <instantOut id="235_D025" time="21061.01" state="leave" vehID="Car_12485" speed="8.59" length="5.00" type="DEFAULT_CAR" occupancy="0.52"/>
    <instantOut id="235_D025" time="21445.07" state="enter" vehID="Car_12327" speed="6.27" length="5.00" type="DEFAULT_CAR" gap="384.05"/>
    <instantOut id="235_D025" time="21445.25" state="stay" vehID="Car_12327" speed="6.27" length="5.00" type="DEFAULT_CAR"/>
    <instantOut id="235_D025" time="21445.50" state="stay" vehID="Car_12327" speed="5.52" length="5.00" type="DEFAULT_CAR"/>
    <instantOut id="235_D025" time="21445.75" state="stay" vehID="Car_12327" speed="4.86" length="5.00" type="DEFAULT_CAR"/>
    <instantOut id="235_D025" time="21446.00" state="stay" vehID="Car_12327" speed="4.15" length="5.00" type="DEFAULT_CAR"/>
    <instantOut id="235_D025" time="21446.06" state="leave" vehID="Car_12327" speed="4.04" length="5.00" type="DEFAULT_CAR" occupancy="0.99"/>
    <instantOut id="235_D025" time="21695.25" state="enter" vehID="Car_13060" speed="8.10" length="5.00" type="DEFAULT_CAR" gap="249.20"/>
    <instantOut id="235_D025" time="21695.50" state="stay" vehID="Car_13060" speed="8.10" length="5.00" type="DEFAULT_CAR"/>
    <instantOut id="235_D025" time="21695.75" state="stay" vehID="Car_13060" speed="7.73" length="5.00" type="DEFAULT_CAR"/>
    <instantOut id="235_D025" time="21695.90" state="leave" vehID="Car_13060" speed="7.11" length="5.00" type="DEFAULT_CAR" occupancy="0.65"/>
    <instantOut id="235_D025" time="22298.23" state="enter" vehID="Car_12624" speed="9.89" length="5.00" type="DEFAULT_CAR" gap="602.33"/>
    <instantOut id="235_D025" time="22298.25" state="stay" vehID="Car_12624" speed="9.89" length="5.00" type="DEFAULT_CAR"/>
    <instantOut id="235_D025" time="22298.50" state="stay" vehID="Car_12624" speed="9.14" length="5.00" type="DEFAULT_CAR"/>
    <instantOut id="235_D025" time="22298.75" state="stay" vehID="Car_12624" speed="8.72" length="5.00" type="DEFAULT_CAR"/>
    <instantOut id="235_D025" time="22298.80" state="leave" vehID="Car_12624" speed="8.03" length="5.00" type="DEFAULT_CAR" occupancy="0.56"/>
    <instantOut id="235_D025" time="22403.99" state="enter" vehID="Car_12602" speed="8.76" length="5.00" type="DEFAULT_CAR" gap="105.19"/>
    <instantOut id="235_D025" time="22404.00" state="stay" vehID="Car_12602" speed="8.76" length="5.00" type="DEFAULT_CAR"/>
    <instantOut id="235_D025" time="22404.25" state="stay" vehID="Car_12602" speed="8.10" length="5.00" type="DEFAULT_CAR"/>
    <instantOut id="235_D025" time="22404.50" state="stay" vehID="Car_12602" speed="7.52" length="5.00" type="DEFAULT_CAR"/>
    <instantOut id="235_D025" time="22404.64" state="leave" vehID="Car_12602" speed="7.18" length="5.00" type="DEFAULT_CAR" occupancy="0.65"/>
    <instantOut id="235_D025" time="22719.71" state="enter" vehID="Car_12609" speed="9.48" length="5.00" type="DEFAULT_CAR" gap="315.07"/>
    <instantOut id="235_D025" time="22719.75" state="stay" vehID="Car_12609" speed="9.48" length="5.00" type="DEFAULT_CAR"/>
    <instantOut id="235_D025" time="22720.00" state="stay" vehID="Car_12609" speed="10.15" length="5.00" type="DEFAULT_CAR"/>
    <instantOut id="235_D025" time="22720.22" state="leave" vehID="Car_12609" speed="9.57" length="5.00" type="DEFAULT_CAR" occupancy="0.51"/>
    <instantOut id="235_D025" time="22920.96" state="enter" vehID="Car_12610" speed="8.48" length="5.00" type="DEFAULT_CAR" gap="200.74"/>
    <instantOut id="235_D025" time="22921.00" state="stay" vehID="Car_12610" speed="8.48" length="5.00" type="DEFAULT_CAR"/>
    <instantOut id="235_D025" time="22921.25" state="stay" vehID="Car_12610" speed="7.73" length="5.00" type="DEFAULT_CAR"/>
    <instantOut id="235_D025" time="22921.50" state="stay" vehID="Car_12610" speed="6.98" length="5.00" type="DEFAULT_CAR"/>
    <instantOut id="235_D025" time="22921.65" state="leave" vehID="Car_12610" speed="6.41" length="5.00" type="DEFAULT_CAR" occupancy="0.69"/>
    <instantOut id="235_D025" time="23994.00" state="enter" vehID="Car_11837" speed="9.77" length="5.00" type="DEFAULT_CAR" gap="1072.35"/>
    <instantOut id="235_D025" time="23994.00" state="stay" vehID="Car_11837" speed="9.77" length="5.00" type="DEFAULT_CAR"/>
    <instantOut id="235_D025" time="23994.25" state="stay" vehID="Car_11837" speed="9.97" length="5.00" type="DEFAULT_CAR"/>
    <instantOut id="235_D025" time="23994.50" state="stay" vehID="Car_11837" speed="9.33" length="5.00" type="DEFAULT_CAR"/>
    <instantOut id="235_D025" time="23994.52" state="leave" vehID="Car_11837" speed="8.63" length="5.00" type="DEFAULT_CAR" occupancy="0.52"/>
    <instantOut id="235_D025" time="25426.97" state="enter" vehID="Car_16161" speed="6.95" length="5.00" type="DEFAULT_CAR" gap="1432.45"/>
    <instantOut id="235_D025" time="25427.00" state="stay" vehID="Car_16161" speed="6.95" length="5.00" type="DEFAULT_CAR"/>
    <instantOut id="235_D025" time="25427.25" state="stay" vehID="Car_16161" speed="7.55" length="5.00" type="DEFAULT_CAR"/>
    <instantOut id="235_D025" time="25427.50" state="stay" vehID="Car_16161" speed="8.19" length="5.00" type="DEFAULT_CAR"/>
    <instantOut id="235_D025" time="25427.61" state="leave" vehID="Car_16161" speed="7.83" length="5.00" type="DEFAULT_CAR" occupancy="0.64"/>
    <instantOut id="235_D025" time="27559.72" state="enter" vehID="Car_16157" speed="9.57" length="5.00" type="DEFAULT_CAR" gap="2132.11"/>
    <instantOut id="235_D025" time="27559.75" state="stay" vehID="Car_16157" speed="9.57" length="5.00" type="DEFAULT_CAR"/>
    <instantOut id="235_D025" time="27560.00" state="stay" vehID="Car_16157" speed="10.47" length="5.00" type="DEFAULT_CAR"/>
    <instantOut id="235_D025" time="27560.21" state="leave" vehID="Car_16157" speed="9.97" length="5.00" type="DEFAULT_CAR" occupancy="0.49"/>
    <instantOut id="235_D025" time="27580.74" state="enter" vehID="Car_15965" speed="8.72" length="5.00" type="DEFAULT_CAR" gap="20.53"/>
    <instantOut id="235_D025" time="27580.75" state="stay" vehID="Car_15965" speed="8.72" length="5.00" type="DEFAULT_CAR"/>
    <instantOut id="235_D025" time="27581.00" state="stay" vehID="Car_15965" speed="7.99" length="5.00" type="DEFAULT_CAR"/>
    <instantOut id="235_D025" time="27581.25" state="stay" vehID="Car_15965" speed="7.62" length="5.00" type="DEFAULT_CAR"/>
    <instantOut id="235_D025" time="27581.40" state="leave" vehID="Car_15965" speed="6.87" length="5.00" type="DEFAULT_CAR" occupancy="0.66"/>
    <instantOut id="235_D025" time="27695.45" state="enter" vehID="Car_15962" speed="9.99" length="5.00" type="DEFAULT_CAR" gap="114.06"/>
    <instantOut id="235_D025" time="27695.50" state="stay" vehID="Car_15962" speed="9.99" length="5.00" type="DEFAULT_CAR"/>
    <instantOut id="235_D025" time="27695.75" state="stay" vehID="Car_15962" speed="10.84" length="5.00" type="DEFAULT_CAR"/>
    <instantOut id="235_D025" time="27695.92" state="leave" vehID="Car_15962" speed="10.71" length="5.00" type="DEFAULT_CAR" occupancy="0.47"/>
    <instantOut id="235_D025" time="27795.06" state="enter" vehID="Car_16655" speed="7.38" length="5.00" type="DEFAULT_CAR" gap="99.14"/>
    <instantOut id="235_D025" time="27795.25" state="stay" vehID="Car_16655" speed="7.38" length="5.00" type="DEFAULT_CAR"/>
    <instantOut id="235_D025" time="27795.50" state="stay" vehID="Car_16655" speed="6.84" length="5.00" type="DEFAULT_CAR"/>
    <instantOut id="235_D025" time="27795.75" state="stay" vehID="Car_16655" speed="6.09" length="5.00" type="DEFAULT_CAR"/>
    <instantOut id="235_D025" time="27795.82" state="leave" vehID="Car_16655" speed="5.34" length="5.00" type="DEFAULT_CAR" occupancy="0.76"/>
    <instantOut id="235_D025" time="28545.90" state="enter" vehID="Car_17950" speed="7.02" length="5.00" type="DEFAULT_CAR" gap="750.09"/>
    <instantOut id="235_D025" time="28546.00" state="stay" vehID="Car_17950" speed="7.02" length="5.00" type="DEFAULT_CAR"/>
    <instantOut id="235_D025" time="28546.25" state="stay" vehID="Car_17950" speed="6.27" length="5.00" type="DEFAULT_CAR"/>
    <instantOut id="235_D025" time="28546.50" state="stay" vehID="Car_17950" speed="5.52" length="5.00" type="DEFAULT_CAR"/>
    <instantOut id="235_D025" time="28546.75" state="stay" vehID="Car_17950" speed="4.77" length="5.00" type="DEFAULT_CAR"/>
    <instantOut id="235_D025" time="28546.80" state="leave" vehID="Car_17950" speed="4.02" length="5.00" type="DEFAULT_CAR" occupancy="0.89"/>
    <instantOut id="235_D025" time="29017.98" state="enter" vehID="Car_17914" speed="9.86" length="5.00" type="DEFAULT_CAR" gap="471.18"/>
    <instantOut id="235_D025" time="29018.00" state="stay" vehID="Car_17914" speed="9.86" length="5.00" type="DEFAULT_CAR"/>
    <instantOut id="235_D025" time="29018.25" state="stay" vehID="Car_17914" speed="10.55" length="5.00" type="DEFAULT_CAR"/>
    <instantOut id="235_D025" time="29018.45" state="leave" vehID="Car_17914" speed="10.59" length="5.00" type="DEFAULT_CAR" occupancy="0.47"/>
    <instantOut id="235_D025" time="30681.47" state="enter" vehID="Car_17607" speed="9.54" length="5.00" type="DEFAULT_CAR" gap="1663.02"/>
    <instantOut id="235_D025" time="30681.50" state="stay" vehID="Car_17607" speed="9.54" length="5.00" type="DEFAULT_CAR"/>
    <instantOut id="235_D025" time="30681.75" state="stay" vehID="Car_17607" speed="9.74" length="5.00" type="DEFAULT_CAR"/>
    <instantOut id="235_D025" time="30682.00" state="stay" vehID="Car_17607" speed="8.99" length="5.00" type="DEFAULT_CAR"/>
    <instantOut id="235_D025" time="30682.00" state="leave" vehID="Car_17607" speed="8.32" length="5.00" type="DEFAULT_CAR" occupancy="0.53"/>
    <instantOut id="235_D025" time="30834.32" state="enter" vehID="Car_18448" speed="9.12" length="5.00" type="DEFAULT_CAR" gap="152.32"/>
    <instantOut id="235_D025" time="30834.50" state="stay" vehID="Car_18448" speed="9.12" length="5.00" type="DEFAULT_CAR"/>
    <instantOut id="235_D025" time="30834.75" state="stay" vehID="Car_18448" speed="8.70" length="5.00" type="DEFAULT_CAR"/>
    <instantOut id="235_D025" time="30834.90" state="leave" vehID="Car_18448" speed="7.95" length="5.00" type="DEFAULT_CAR" occupancy="0.58"/>
    <instantOut id="235_D025" time="31067.79" state="enter" vehID="Car_17466" speed="6.78" length="5.00" type="DEFAULT_CAR" gap="232.89"/>
    <instantOut id="235_D025" time="31068.00" state="stay" vehID="Car_17466" speed="6.78" length="5.00" type="DEFAULT_CAR"/>
    <instantOut id="235_D025" time="31068.25" state="stay" vehID="Car_17466" speed="6.44" length="5.00" type="DEFAULT_CAR"/>
    <instantOut id="235_D025" time="31068.50" state="stay" vehID="Car_17466" speed="5.84" length="5.00" type="DEFAULT_CAR"/>
    <instantOut id="235_D025" time="31068.60" state="leave" vehID="Car_17466" speed="5.09" length="5.00" type="DEFAULT_CAR" occupancy="0.81"/>
    <instantOut id="235_D025" time="34836.46" state="enter" vehID="Car_20589" speed="9.95" length="5.00" type="DEFAULT_CAR" gap="3767.85"/>
    <instantOut id="235_D025" time="34836.50" state="stay" vehID="Car_20589" speed="9.95" length="5.00" type="DEFAULT_CAR"/>
    <instantOut id="235_D025" time="34836.75" state="stay" vehID="Car_20589" speed="9.72" length="5.00" type="DEFAULT_CAR"/>
    <instantOut id="235_D025" time="34836.99" state="leave" vehID="Car_20589" speed="8.97" length="5.00" type="DEFAULT_CAR" occupancy="0.53"/>
    <instantOut id="235_D025" time="35129.95" state="enter" vehID="Car_21469" speed="10.44" length="5.00" type="DEFAULT_CAR" gap="292.96"/>
    <instantOut id="235_D025" time="35130.00" state="stay" vehID="Car_21469" speed="10.44" length="5.00" type="DEFAULT_CAR"/>
    <instantOut id="235_D025" time="35130.25" state="stay" vehID="Car_21469" speed="9.69" length="5.00" type="DEFAULT_CAR"/>
    <instantOut id="235_D025" time="35130.48" state="leave" vehID="Car_21469" speed="8.94" length="5.00" type="DEFAULT_CAR" occupancy="0.53"/>
    <instantOut id="235_D025" time="38133.16" state="enter" vehID="Car_22106" speed="6.74" length="5.00" type="DEFAULT_CAR" gap="3002.68"/>
    <instantOut id="235_D025" time="38133.25" state="stay" vehID="Car_22106" speed="6.74" length="5.00" type="DEFAULT_CAR"/>
    <instantOut id="235_D025" time="38133.50" state="stay" vehID="Car_22106" speed="6.19" length="5.00" type="DEFAULT_CAR"/>
    <instantOut id="235_D025" time="38133.75" state="stay" vehID="Car_22106" speed="5.44" length="5.00" type="DEFAULT_CAR"/>
    <instantOut id="235_D025" time="38134.00" state="stay" vehID="Car_22106" speed="4.98" length="5.00" type="DEFAULT_CAR"/>
    <instantOut id="235_D025" time="38134.06" state="leave" vehID="Car_22106" speed="4.23" length="5.00" type="DEFAULT_CAR" occupancy="0.90"/>
    <instantOut id="235_D025" time="39837.77" state="enter" vehID="Car_23394" speed="7.87" length="5.00" type="DEFAULT_CAR" gap="1703.70"/>
    <instantOut id="235_D025" time="39838.00" state="stay" vehID="Car_23394" speed="7.87" length="5.00" type="DEFAULT_CAR"/>
    <instantOut id="235_D025" time="39838.25" state="stay" vehID="Car_23394" speed="7.12" length="5.00" type="DEFAULT_CAR"/>
    <instantOut id="235_D025" time="39838.47" state="leave" vehID="Car_23394" speed="6.37" length="5.00" type="DEFAULT_CAR" occupancy="0.70"/>
    <instantOut id="235_D025" time="42064.02" state="enter" vehID="Car_23651" speed="7.82" length="5.00" type="DEFAULT_CAR" gap="2225.55"/>
    <instantOut id="235_D025" time="42064.25" state="stay" vehID="Car_23651" speed="7.82" length="5.00" type="DEFAULT_CAR"/>
    <instantOut id="235_D025" time="42064.50" state="stay" vehID="Car_23651" speed="7.07" length="5.00" type="DEFAULT_CAR"/>
    <instantOut id="235_D025" time="42064.73" state="leave" vehID="Car_23651" speed="6.32" length="5.00" type="DEFAULT_CAR" occupancy="0.71"/>
</instantE1>
