<?xml version="1.0" encoding="UTF-8"?>

<!-- generated on 2025-02-28 20:47:07 by Eclipse SUMO sumo Version 1.19.0
<configuration xmlns:xsi="http://www.w3.org/2001/XMLSchema-instance" xsi:noNamespaceSchemaLocation="http://sumo.dlr.de/xsd/sumoConfiguration.xsd">

    <input>
        <net-file value="Network.net.xml"/>
        <route-files value="CarRoutes.rou.xml"/>
        <additional-files value="Sensors.add.xml"/>
    </input>

    <output>
        <emission-output value="logs/Emissions.xml"/>
        <summary-output value="logs/Log_summary.xml"/>
        <summary-output.period value="300"/>
        <tripinfo-output value="logs/TripInfos.xml"/>
    </output>

    <time>
        <begin value="0"/>
        <end value="86400"/>
        <step-length value="0.25"/>
    </time>

    <processing>
        <ignore-junction-blocker value="0.1"/>
        <time-to-teleport value="-1"/>
    </processing>

    <report>
        <verbose value="true"/>
        <no-step-log value="true"/>
    </report>

    <emissions>
        <device.emissions.period value="10"/>
    </emissions>

    <traci_server>
        <remote-port value="60034"/>
    </traci_server>

    <gui_only>
        <quit-on-end value="true"/>
        <start value="true"/>
    </gui_only>

</configuration>
-->

<instantE1 xmlns:xsi="http://www.w3.org/2001/XMLSchema-instance" xsi:noNamespaceSchemaLocation="http://sumo.dlr.de/xsd/instant_e1_file.xsd">
    <instantOut id="235_D025" time="4781.96" state="enter" vehID="Car_2576" speed="7.14" length="5.00" type="DEFAULT_CAR"/>
    <instantOut id="235_D025" time="4782.00" state="stay" vehID="Car_2576" speed="7.14" length="5.00" type="DEFAULT_CAR"/>
    <instantOut id="235_D025" time="4782.25" state="stay" vehID="Car_2576" speed="7.93" length="5.00" type="DEFAULT_CAR"/>
    <instantOut id="235_D025" time="4782.50" state="stay" vehID="Car_2576" speed="8.79" length="5.00" type="DEFAULT_CAR"/>
    <instantOut id="235_D025" time="4782.56" state="leave" vehID="Car_2576" speed="8.77" length="5.00" type="DEFAULT_CAR" occupancy="0.60"/>
    <instantOut id="235_D025" time="8145.99" state="enter" vehID="Car_5282" speed="9.08" length="5.00" type="DEFAULT_CAR" gap="3363.43"/>
    <instantOut id="235_D025" time="8146.00" state="stay" vehID="Car_5282" speed="9.08" length="5.00" type="DEFAULT_CAR"/>
    <instantOut id="235_D025" time="8146.25" state="stay" vehID="Car_5282" speed="8.33" length="5.00" type="DEFAULT_CAR"/>
    <instantOut id="235_D025" time="8146.50" state="stay" vehID="Car_5282" speed="7.58" length="5.00" type="DEFAULT_CAR"/>
    <instantOut id="235_D025" time="8146.64" state="leave" vehID="Car_5282" speed="6.83" length="5.00" type="DEFAULT_CAR" occupancy="0.65"/>
    <instantOut id="235_D025" time="9298.96" state="enter" vehID="Car_5082" speed="8.70" length="5.00" type="DEFAULT_CAR" gap="1152.32"/>
    <instantOut id="235_D025" time="9299.00" state="stay" vehID="Car_5082" speed="8.70" length="5.00" type="DEFAULT_CAR"/>
    <instantOut id="235_D025" time="9299.25" state="stay" vehID="Car_5082" speed="7.95" length="5.00" type="DEFAULT_CAR"/>
    <instantOut id="235_D025" time="9299.50" state="stay" vehID="Car_5082" speed="7.20" length="5.00" type="DEFAULT_CAR"/>
    <instantOut id="235_D025" time="9299.63" state="leave" vehID="Car_5082" speed="6.45" length="5.00" type="DEFAULT_CAR" occupancy="0.67"/>
    <instantOut id="235_D025" time="10387.42" state="enter" vehID="Car_5963" speed="9.40" length="5.00" type="DEFAULT_CAR" gap="1087.79"/>
    <instantOut id="235_D025" time="10387.50" state="stay" vehID="Car_5963" speed="9.40" length="5.00" type="DEFAULT_CAR"/>
    <instantOut id="235_D025" time="10387.75" state="stay" vehID="Car_5963" speed="10.11" length="5.00" type="DEFAULT_CAR"/>
    <instantOut id="235_D025" time="10387.92" state="leave" vehID="Car_5963" speed="9.69" length="5.00" type="DEFAULT_CAR" occupancy="0.51"/>
    <instantOut id="235_D025" time="12350.72" state="enter" vehID="Car_7367" speed="9.59" length="5.00" type="DEFAULT_CAR" gap="1962.80"/>
    <instantOut id="235_D025" time="12350.75" state="stay" vehID="Car_7367" speed="9.59" length="5.00" type="DEFAULT_CAR"/>
    <instantOut id="235_D025" time="12351.00" state="stay" vehID="Car_7367" speed="10.32" length="5.00" type="DEFAULT_CAR"/>
    <instantOut id="235_D025" time="12351.22" state="leave" vehID="Car_7367" speed="9.57" length="5.00" type="DEFAULT_CAR" occupancy="0.50"/>
    <instantOut id="235_D025" time="15391.95" state="enter" vehID="Car_8411" speed="7.18" length="5.00" type="DEFAULT_CAR" gap="3040.73"/>
    <instantOut id="235_D025" time="15392.00" state="stay" vehID="Car_8411" speed="7.18" length="5.00" type="DEFAULT_CAR"/>
    <instantOut id="235_D025" time="15392.25" state="stay" vehID="Car_8411" speed="6.49" length="5.00" type="DEFAULT_CAR"/>
    <instantOut id="235_D025" time="15392.50" state="stay" vehID="Car_8411" speed="5.92" length="5.00" type="DEFAULT_CAR"/>
    <instantOut id="235_D025" time="15392.75" state="stay" vehID="Car_8411" speed="5.39" length="5.00" type="DEFAULT_CAR"/>
    <instantOut id="235_D025" time="15392.80" state="leave" vehID="Car_8411" speed="4.64" length="5.00" type="DEFAULT_CAR" occupancy="0.84"/>
    <instantOut id="235_D025" time="16074.06" state="enter" vehID="Car_8409" speed="7.38" length="5.00" type="DEFAULT_CAR" gap="681.26"/>
    <instantOut id="235_D025" time="16074.25" state="stay" vehID="Car_8409" speed="7.38" length="5.00" type="DEFAULT_CAR"/>
    <instantOut id="235_D025" time="16074.50" state="stay" vehID="Car_8409" speed="6.63" length="5.00" type="DEFAULT_CAR"/>
    <instantOut id="235_D025" time="16074.75" state="stay" vehID="Car_8409" speed="5.88" length="5.00" type="DEFAULT_CAR"/>
    <instantOut id="235_D025" time="16074.84" state="leave" vehID="Car_8409" speed="5.18" length="5.00" type="DEFAULT_CAR" occupancy="0.78"/>
    <instantOut id="235_D025" time="16356.01" state="enter" vehID="Car_8419" speed="7.80" length="5.00" type="DEFAULT_CAR" gap="281.17"/>
    <instantOut id="235_D025" time="16356.25" state="stay" vehID="Car_8419" speed="7.80" length="5.00" type="DEFAULT_CAR"/>
    <instantOut id="235_D025" time="16356.50" state="stay" vehID="Car_8419" speed="7.05" length="5.00" type="DEFAULT_CAR"/>
    <instantOut id="235_D025" time="16356.72" state="leave" vehID="Car_8419" speed="6.30" length="5.00" type="DEFAULT_CAR" occupancy="0.71"/>
    <instantOut id="235_D025" time="16538.44" state="enter" vehID="Car_8586" speed="9.80" length="5.00" type="DEFAULT_CAR" gap="181.72"/>
    <instantOut id="235_D025" time="16538.50" state="stay" vehID="Car_8586" speed="9.80" length="5.00" type="DEFAULT_CAR"/>
    <instantOut id="235_D025" time="16538.75" state="stay" vehID="Car_8586" speed="9.05" length="5.00" type="DEFAULT_CAR"/>
    <instantOut id="235_D025" time="16539.00" state="stay" vehID="Car_8586" speed="8.47" length="5.00" type="DEFAULT_CAR"/>
    <instantOut id="235_D025" time="16539.00" state="leave" vehID="Car_8586" speed="7.72" length="5.00" type="DEFAULT_CAR" occupancy="0.56"/>
    <instantOut id="235_D025" time="17238.75" state="enter" vehID="Car_9770" speed="8.11" length="5.00" type="DEFAULT_CAR" gap="699.75"/>
    <instantOut id="235_D025" time="17238.75" state="stay" vehID="Car_9770" speed="8.11" length="5.00" type="DEFAULT_CAR"/>
    <instantOut id="235_D025" time="17239.00" state="stay" vehID="Car_9770" speed="7.68" length="5.00" type="DEFAULT_CAR"/>
    <instantOut id="235_D025" time="17239.25" state="stay" vehID="Car_9770" speed="6.93" length="5.00" type="DEFAULT_CAR"/>
    <instantOut id="235_D025" time="17239.47" state="leave" vehID="Car_9770" speed="6.18" length="5.00" type="DEFAULT_CAR" occupancy="0.72"/>
    <instantOut id="235_D025" time="22100.99" state="enter" vehID="Car_12077" speed="6.56" length="5.00" type="DEFAULT_CAR" gap="4861.52"/>
    <instantOut id="235_D025" time="22101.00" state="stay" vehID="Car_12077" speed="6.56" length="5.00" type="DEFAULT_CAR"/>
    <instantOut id="235_D025" time="22101.25" state="stay" vehID="Car_12077" speed="6.19" length="5.00" type="DEFAULT_CAR"/>
    <instantOut id="235_D025" time="22101.50" state="stay" vehID="Car_12077" speed="5.44" length="5.00" type="DEFAULT_CAR"/>
    <instantOut id="235_D025" time="22101.75" state="stay" vehID="Car_12077" speed="4.98" length="5.00" type="DEFAULT_CAR"/>
    <instantOut id="235_D025" time="22101.93" state="leave" vehID="Car_12077" speed="4.23" length="5.00" type="DEFAULT_CAR" occupancy="0.94"/>
    <instantOut id="235_D025" time="28658.46" state="enter" vehID="Car_17145" speed="9.91" length="5.00" type="DEFAULT_CAR" gap="6556.53"/>
    <instantOut id="235_D025" time="28658.50" state="stay" vehID="Car_17145" speed="9.91" length="5.00" type="DEFAULT_CAR"/>
    <instantOut id="235_D025" time="28658.75" state="stay" vehID="Car_17145" speed="10.85" length="5.00" type="DEFAULT_CAR"/>
    <instantOut id="235_D025" time="28658.93" state="leave" vehID="Car_17145" speed="10.32" length="5.00" type="DEFAULT_CAR" occupancy="0.47"/>
    <instantOut id="235_D025" time="28743.71" state="enter" vehID="Car_17463" speed="9.47" length="5.00" type="DEFAULT_CAR" gap="84.78"/>
    <instantOut id="235_D025" time="28743.75" state="stay" vehID="Car_17463" speed="9.47" length="5.00" type="DEFAULT_CAR"/>
    <instantOut id="235_D025" time="28744.00" state="stay" vehID="Car_17463" speed="8.77" length="5.00" type="DEFAULT_CAR"/>
    <instantOut id="235_D025" time="28744.25" state="stay" vehID="Car_17463" speed="8.02" length="5.00" type="DEFAULT_CAR"/>
    <instantOut id="235_D025" time="28744.31" state="leave" vehID="Car_17463" speed="7.27" length="5.00" type="DEFAULT_CAR" occupancy="0.60"/>
    <instantOut id="235_D025" time="28767.91" state="enter" vehID="Car_17461" speed="6.88" length="5.00" type="DEFAULT_CAR" gap="23.60"/>
    <instantOut id="235_D025" time="28768.00" state="stay" vehID="Car_17461" speed="6.88" length="5.00" type="DEFAULT_CAR"/>
    <instantOut id="235_D025" time="28768.25" state="stay" vehID="Car_17461" speed="6.14" length="5.00" type="DEFAULT_CAR"/>
    <instantOut id="235_D025" time="28768.50" state="stay" vehID="Car_17461" speed="5.39" length="5.00" type="DEFAULT_CAR"/>
    <instantOut id="235_D025" time="28768.75" state="stay" vehID="Car_17461" speed="4.90" length="5.00" type="DEFAULT_CAR"/>
    <instantOut id="235_D025" time="28768.82" state="leave" vehID="Car_17461" speed="4.21" length="5.00" type="DEFAULT_CAR" occupancy="0.91"/>
    <instantOut id="235_D025" time="29182.45" state="enter" vehID="Car_16647" speed="9.66" length="5.00" type="DEFAULT_CAR" gap="413.63"/>
    <instantOut id="235_D025" time="29182.50" state="stay" vehID="Car_16647" speed="9.66" length="5.00" type="DEFAULT_CAR"/>
    <instantOut id="235_D025" time="29182.75" state="stay" vehID="Car_16647" speed="9.22" length="5.00" type="DEFAULT_CAR"/>
    <instantOut id="235_D025" time="29183.00" state="stay" vehID="Car_16647" speed="8.58" length="5.00" type="DEFAULT_CAR"/>
    <instantOut id="235_D025" time="29183.01" state="leave" vehID="Car_16647" speed="7.83" length="5.00" type="DEFAULT_CAR" occupancy="0.56"/>
    <instantOut id="235_D025" time="30085.02" state="enter" vehID="Car_18754" speed="6.62" length="5.00" type="DEFAULT_CAR" gap="902.01"/>
    <instantOut id="235_D025" time="30085.25" state="stay" vehID="Car_18754" speed="6.62" length="5.00" type="DEFAULT_CAR"/>
    <instantOut id="235_D025" time="30085.50" state="stay" vehID="Car_18754" speed="6.18" length="5.00" type="DEFAULT_CAR"/>
    <instantOut id="235_D025" time="30085.75" state="stay" vehID="Car_18754" speed="5.78" length="5.00" type="DEFAULT_CAR"/>
    <instantOut id="235_D025" time="30085.84" state="leave" vehID="Car_18754" speed="5.03" length="5.00" type="DEFAULT_CAR" occupancy="0.83"/>
    <instantOut id="235_D025" time="30313.68" state="enter" vehID="Car_18278" speed="7.88" length="5.00" type="DEFAULT_CAR" gap="227.84"/>
    <instantOut id="235_D025" time="30313.75" state="stay" vehID="Car_18278" speed="7.88" length="5.00" type="DEFAULT_CAR"/>
    <instantOut id="235_D025" time="30314.00" state="stay" vehID="Car_18278" speed="7.13" length="5.00" type="DEFAULT_CAR"/>
    <instantOut id="235_D025" time="30314.25" state="stay" vehID="Car_18278" speed="6.38" length="5.00" type="DEFAULT_CAR"/>
    <instantOut id="235_D025" time="30314.44" state="leave" vehID="Car_18278" speed="5.63" length="5.00" type="DEFAULT_CAR" occupancy="0.76"/>
    <instantOut id="235_D025" time="30710.56" state="enter" vehID="Car_18426" speed="11.72" length="5.00" type="DEFAULT_CAR" gap="396.11"/>
    <instantOut id="235_D025" time="30710.75" state="stay" vehID="Car_18426" speed="11.72" length="5.00" type="DEFAULT_CAR"/>
    <instantOut id="235_D025" time="30711.00" state="stay" vehID="Car_18426" speed="10.97" length="5.00" type="DEFAULT_CAR"/>
    <instantOut id="235_D025" time="30711.00" state="leave" vehID="Car_18426" speed="10.22" length="5.00" type="DEFAULT_CAR" occupancy="0.44"/>
    <instantOut id="235_D025" time="33748.47" state="enter" vehID="Car_19849" speed="9.31" length="5.00" type="DEFAULT_CAR" gap="3037.47"/>
    <instantOut id="235_D025" time="33748.50" state="stay" vehID="Car_19849" speed="9.31" length="5.00" type="DEFAULT_CAR"/>
    <instantOut id="235_D025" time="33748.75" state="stay" vehID="Car_19849" speed="8.56" length="5.00" type="DEFAULT_CAR"/>
    <instantOut id="235_D025" time="33749.00" state="stay" vehID="Car_19849" speed="7.86" length="5.00" type="DEFAULT_CAR"/>
    <instantOut id="235_D025" time="33749.09" state="leave" vehID="Car_19849" speed="7.11" length="5.00" type="DEFAULT_CAR" occupancy="0.62"/>
    <instantOut id="235_D025" time="36621.38" state="enter" vehID="Car_21461" speed="4.80" length="5.00" type="DEFAULT_CAR" gap="2872.30"/>
    <instantOut id="235_D025" time="36621.50" state="stay" vehID="Car_21461" speed="4.80" length="5.00" type="DEFAULT_CAR"/>
    <instantOut id="235_D025" time="36621.75" state="stay" vehID="Car_21461" speed="4.83" length="5.00" type="DEFAULT_CAR"/>
    <instantOut id="235_D025" time="36622.00" state="stay" vehID="Car_21461" speed="4.83" length="5.00" type="DEFAULT_CAR"/>
    <instantOut id="235_D025" time="36622.25" state="stay" vehID="Car_21461" speed="4.08" length="5.00" type="DEFAULT_CAR"/>
    <instantOut id="235_D025" time="36622.50" state="stay" vehID="Car_21461" speed="3.60" length="5.00" type="DEFAULT_CAR"/>
    <instantOut id="235_D025" time="36622.53" state="leave" vehID="Car_21461" speed="3.33" length="5.00" type="DEFAULT_CAR" occupancy="1.15"/>
    <instantOut id="235_D025" time="36719.00" state="enter" vehID="Car_21064" speed="7.66" length="5.00" type="DEFAULT_CAR" gap="96.47"/>
    <instantOut id="235_D025" time="36719.25" state="stay" vehID="Car_21064" speed="7.66" length="5.00" type="DEFAULT_CAR"/>
    <instantOut id="235_D025" time="36719.50" state="stay" vehID="Car_21064" speed="7.64" length="5.00" type="DEFAULT_CAR"/>
    <instantOut id="235_D025" time="36719.67" state="leave" vehID="Car_21064" speed="6.91" length="5.00" type="DEFAULT_CAR" occupancy="0.67"/>
    <instantOut id="235_D025" time="36721.45" state="enter" vehID="Car_21328" speed="7.75" length="5.00" type="DEFAULT_CAR" gap="1.77"/>
    <instantOut id="235_D025" time="36721.50" state="stay" vehID="Car_21328" speed="7.75" length="5.00" type="DEFAULT_CAR"/>
    <instantOut id="235_D025" time="36721.75" state="stay" vehID="Car_21328" speed="7.66" length="5.00" type="DEFAULT_CAR"/>
    <instantOut id="235_D025" time="36722.00" state="stay" vehID="Car_21328" speed="6.91" length="5.00" type="DEFAULT_CAR"/>
    <instantOut id="235_D025" time="36722.15" state="leave" vehID="Car_21328" speed="6.16" length="5.00" type="DEFAULT_CAR" occupancy="0.71"/>
    <instantOut id="235_D025" time="36983.31" state="enter" vehID="Car_21839" speed="7.21" length="5.00" type="DEFAULT_CAR" gap="261.16"/>
    <instantOut id="235_D025" time="36983.50" state="stay" vehID="Car_21839" speed="7.21" length="5.00" type="DEFAULT_CAR"/>
    <instantOut id="235_D025" time="36983.75" state="stay" vehID="Car_21839" speed="6.48" length="5.00" type="DEFAULT_CAR"/>
    <instantOut id="235_D025" time="36984.00" state="stay" vehID="Car_21839" speed="5.84" length="5.00" type="DEFAULT_CAR"/>
    <instantOut id="235_D025" time="36984.11" state="leave" vehID="Car_21839" speed="5.09" length="5.00" type="DEFAULT_CAR" occupancy="0.80"/>
    <instantOut id="235_D025" time="37922.99" state="enter" vehID="Car_21936" speed="9.46" length="5.00" type="DEFAULT_CAR" gap="938.88"/>
    <instantOut id="235_D025" time="37923.00" state="stay" vehID="Car_21936" speed="9.46" length="5.00" type="DEFAULT_CAR"/>
    <instantOut id="235_D025" time="37923.25" state="stay" vehID="Car_21936" speed="10.19" length="5.00" type="DEFAULT_CAR"/>
    <instantOut id="235_D025" time="37923.49" state="leave" vehID="Car_21936" speed="9.92" length="5.00" type="DEFAULT_CAR" occupancy="0.50"/>
    <instantOut id="235_D025" time="41465.25" state="enter" vehID="Car_23167" speed="9.14" length="5.00" type="DEFAULT_CAR" gap="3541.76"/>
    <instantOut id="235_D025" time="41465.25" state="stay" vehID="Car_23167" speed="9.14" length="5.00" type="DEFAULT_CAR"/>
    <instantOut id="235_D025" time="41465.50" state="stay" vehID="Car_23167" speed="10.01" length="5.00" type="DEFAULT_CAR"/>
    <instantOut id="235_D025" time="41465.75" state="stay" vehID="Car_23167" speed="9.26" length="5.00" type="DEFAULT_CAR"/>
    <instantOut id="235_D025" time="41465.77" state="leave" vehID="Car_23167" speed="8.51" length="5.00" type="DEFAULT_CAR" occupancy="0.52"/>
    <instantOut id="235_D025" time="45329.20" state="enter" vehID="Car_24339" speed="9.79" length="5.00" type="DEFAULT_CAR" gap="3863.44"/>
    <instantOut id="235_D025" time="45329.25" state="stay" vehID="Car_24339" speed="9.79" length="5.00" type="DEFAULT_CAR"/>
    <instantOut id="235_D025" time="45329.50" state="stay" vehID="Car_24339" speed="10.50" length="5.00" type="DEFAULT_CAR"/>
    <instantOut id="235_D025" time="45329.68" state="leave" vehID="Car_24339" speed="10.64" length="5.00" type="DEFAULT_CAR" occupancy="0.48"/>
</instantE1>
