<?xml version="1.0" encoding="UTF-8"?>

<!-- generated on 2025-02-28 17:02:25 by Eclipse SUMO GUI Version 1.19.0
<configuration xmlns:xsi="http://www.w3.org/2001/XMLSchema-instance" xsi:noNamespaceSchemaLocation="http://sumo.dlr.de/xsd/sumoConfiguration.xsd">

    <input>
        <net-file value="Network.net.xml"/>
        <route-files value="CarRoutes.rou.xml"/>
        <additional-files value="Sensors.add.xml"/>
    </input>

    <output>
        <emission-output value="logs/Emissions.xml"/>
        <summary-output value="logs/Log_summary.xml"/>
        <summary-output.period value="300"/>
        <tripinfo-output value="logs/TripInfos.xml"/>
    </output>

    <time>
        <begin value="0"/>
        <end value="86400"/>
        <step-length value="0.25"/>
    </time>

    <processing>
        <ignore-junction-blocker value="0.1"/>
        <time-to-teleport value="-1"/>
    </processing>

    <report>
        <verbose value="true"/>
        <no-step-log value="true"/>
    </report>

    <emissions>
        <device.emissions.period value="10"/>
    </emissions>

    <traci_server>
        <remote-port value="57587"/>
    </traci_server>

    <gui_only>
        <quit-on-end value="true"/>
        <start value="true"/>
    </gui_only>

</configuration>
-->

<instantE1 xmlns:xsi="http://www.w3.org/2001/XMLSchema-instance" xsi:noNamespaceSchemaLocation="http://sumo.dlr.de/xsd/instant_e1_file.xsd">
    <instantOut id="235_D025" time="278.51" state="enter" vehID="Car_433" speed="8.22" length="5.00" type="DEFAULT_CAR"/>
    <instantOut id="235_D025" time="278.75" state="stay" vehID="Car_433" speed="8.22" length="5.00" type="DEFAULT_CAR"/>
    <instantOut id="235_D025" time="279.00" state="stay" vehID="Car_433" speed="7.69" length="5.00" type="DEFAULT_CAR"/>
    <instantOut id="235_D025" time="279.16" state="leave" vehID="Car_433" speed="6.94" length="5.00" type="DEFAULT_CAR" occupancy="0.65"/>
    <instantOut id="235_D025" time="3716.98" state="enter" vehID="Car_1565" speed="9.56" length="5.00" type="DEFAULT_CAR" gap="3437.82"/>
    <instantOut id="235_D025" time="3717.00" state="stay" vehID="Car_1565" speed="9.56" length="5.00" type="DEFAULT_CAR"/>
    <instantOut id="235_D025" time="3717.25" state="stay" vehID="Car_1565" speed="10.48" length="5.00" type="DEFAULT_CAR"/>
    <instantOut id="235_D025" time="3717.47" state="leave" vehID="Car_1565" speed="10.16" length="5.00" type="DEFAULT_CAR" occupancy="0.49"/>
    <instantOut id="235_D025" time="3809.68" state="enter" vehID="Car_1801" speed="9.87" length="5.00" type="DEFAULT_CAR" gap="92.21"/>
    <instantOut id="235_D025" time="3809.75" state="stay" vehID="Car_1801" speed="9.87" length="5.00" type="DEFAULT_CAR"/>
    <instantOut id="235_D025" time="3810.00" state="stay" vehID="Car_1801" speed="9.12" length="5.00" type="DEFAULT_CAR"/>
    <instantOut id="235_D025" time="3810.24" state="leave" vehID="Car_1801" speed="8.60" length="5.00" type="DEFAULT_CAR" occupancy="0.56"/>
    <instantOut id="235_D025" time="4406.50" state="enter" vehID="Car_2561" speed="8.65" length="5.00" type="DEFAULT_CAR" gap="596.26"/>
    <instantOut id="235_D025" time="4406.50" state="stay" vehID="Car_2561" speed="8.65" length="5.00" type="DEFAULT_CAR"/>
    <instantOut id="235_D025" time="4406.75" state="stay" vehID="Car_2561" speed="7.90" length="5.00" type="DEFAULT_CAR"/>
    <instantOut id="235_D025" time="4407.00" state="stay" vehID="Car_2561" speed="7.15" length="5.00" type="DEFAULT_CAR"/>
    <instantOut id="235_D025" time="4407.19" state="leave" vehID="Car_2561" speed="6.40" length="5.00" type="DEFAULT_CAR" occupancy="0.69"/>
    <instantOut id="235_D025" time="8017.72" state="enter" vehID="Car_4352" speed="8.71" length="5.00" type="DEFAULT_CAR" gap="3610.53"/>
    <instantOut id="235_D025" time="8017.75" state="stay" vehID="Car_4352" speed="8.71" length="5.00" type="DEFAULT_CAR"/>
    <instantOut id="235_D025" time="8018.00" state="stay" vehID="Car_4352" speed="7.96" length="5.00" type="DEFAULT_CAR"/>
    <instantOut id="235_D025" time="8018.25" state="stay" vehID="Car_4352" speed="7.21" length="5.00" type="DEFAULT_CAR"/>
    <instantOut id="235_D025" time="8018.39" state="leave" vehID="Car_4352" speed="6.82" length="5.00" type="DEFAULT_CAR" occupancy="0.67"/>
    <instantOut id="235_D025" time="9449.66" state="enter" vehID="Car_5239" speed="6.54" length="5.00" type="DEFAULT_CAR" gap="1431.27"/>
    <instantOut id="235_D025" time="9449.75" state="stay" vehID="Car_5239" speed="6.54" length="5.00" type="DEFAULT_CAR"/>
    <instantOut id="235_D025" time="9450.00" state="stay" vehID="Car_5239" speed="5.92" length="5.00" type="DEFAULT_CAR"/>
    <instantOut id="235_D025" time="9450.25" state="stay" vehID="Car_5239" speed="5.29" length="5.00" type="DEFAULT_CAR"/>
    <instantOut id="235_D025" time="9450.50" state="stay" vehID="Car_5239" speed="4.68" length="5.00" type="DEFAULT_CAR"/>
    <instantOut id="235_D025" time="9450.62" state="leave" vehID="Car_5239" speed="3.93" length="5.00" type="DEFAULT_CAR" occupancy="0.95"/>
    <instantOut id="235_D025" time="9573.05" state="enter" vehID="Car_4450" speed="7.45" length="5.00" type="DEFAULT_CAR" gap="122.44"/>
    <instantOut id="235_D025" time="9573.25" state="stay" vehID="Car_4450" speed="7.45" length="5.00" type="DEFAULT_CAR"/>
    <instantOut id="235_D025" time="9573.50" state="stay" vehID="Car_4450" speed="8.34" length="5.00" type="DEFAULT_CAR"/>
    <instantOut id="235_D025" time="9573.67" state="leave" vehID="Car_4450" speed="8.74" length="5.00" type="DEFAULT_CAR" occupancy="0.61"/>
    <instantOut id="235_D025" time="10457.04" state="enter" vehID="Car_5398" speed="7.08" length="5.00" type="DEFAULT_CAR" gap="883.37"/>
    <instantOut id="235_D025" time="10457.25" state="stay" vehID="Car_5398" speed="7.08" length="5.00" type="DEFAULT_CAR"/>
    <instantOut id="235_D025" time="10457.50" state="stay" vehID="Car_5398" speed="7.57" length="5.00" type="DEFAULT_CAR"/>
    <instantOut id="235_D025" time="10457.70" state="leave" vehID="Car_5398" speed="8.23" length="5.00" type="DEFAULT_CAR" occupancy="0.66"/>
    <instantOut id="235_D025" time="11154.22" state="enter" vehID="Car_5647" speed="10.14" length="5.00" type="DEFAULT_CAR" gap="696.52"/>
    <instantOut id="235_D025" time="11154.25" state="stay" vehID="Car_5647" speed="10.14" length="5.00" type="DEFAULT_CAR"/>
    <instantOut id="235_D025" time="11154.50" state="stay" vehID="Car_5647" speed="9.45" length="5.00" type="DEFAULT_CAR"/>
    <instantOut id="235_D025" time="11154.75" state="stay" vehID="Car_5647" speed="8.85" length="5.00" type="DEFAULT_CAR"/>
    <instantOut id="235_D025" time="11154.76" state="leave" vehID="Car_5647" speed="8.33" length="5.00" type="DEFAULT_CAR" occupancy="0.54"/>
    <instantOut id="235_D025" time="12393.96" state="enter" vehID="Car_6800" speed="9.47" length="5.00" type="DEFAULT_CAR" gap="1239.19"/>
    <instantOut id="235_D025" time="12394.00" state="stay" vehID="Car_6800" speed="9.47" length="5.00" type="DEFAULT_CAR"/>
    <instantOut id="235_D025" time="12394.25" state="stay" vehID="Car_6800" speed="8.84" length="5.00" type="DEFAULT_CAR"/>
    <instantOut id="235_D025" time="12394.50" state="stay" vehID="Car_6800" speed="8.32" length="5.00" type="DEFAULT_CAR"/>
    <instantOut id="235_D025" time="12394.54" state="leave" vehID="Car_6800" speed="7.57" length="5.00" type="DEFAULT_CAR" occupancy="0.58"/>
    <instantOut id="235_D025" time="12494.00" state="enter" vehID="Car_7333" speed="7.94" length="5.00" type="DEFAULT_CAR" gap="99.46"/>
    <instantOut id="235_D025" time="12494.00" state="stay" vehID="Car_7333" speed="7.94" length="5.00" type="DEFAULT_CAR"/>
    <instantOut id="235_D025" time="12494.25" state="stay" vehID="Car_7333" speed="7.19" length="5.00" type="DEFAULT_CAR"/>
    <instantOut id="235_D025" time="12494.50" state="stay" vehID="Car_7333" speed="6.44" length="5.00" type="DEFAULT_CAR"/>
    <instantOut id="235_D025" time="12494.75" state="stay" vehID="Car_7333" speed="5.69" length="5.00" type="DEFAULT_CAR"/>
    <instantOut id="235_D025" time="12494.78" state="leave" vehID="Car_7333" speed="5.02" length="5.00" type="DEFAULT_CAR" occupancy="0.78"/>
    <instantOut id="235_D025" time="12526.72" state="enter" vehID="Car_6935" speed="9.56" length="5.00" type="DEFAULT_CAR" gap="31.94"/>
    <instantOut id="235_D025" time="12526.75" state="stay" vehID="Car_6935" speed="9.56" length="5.00" type="DEFAULT_CAR"/>
    <instantOut id="235_D025" time="12527.00" state="stay" vehID="Car_6935" speed="10.15" length="5.00" type="DEFAULT_CAR"/>
    <instantOut id="235_D025" time="12527.21" state="leave" vehID="Car_6935" speed="10.66" length="5.00" type="DEFAULT_CAR" occupancy="0.48"/>
    <instantOut id="235_D025" time="15825.99" state="enter" vehID="Car_8740" speed="8.69" length="5.00" type="DEFAULT_CAR" gap="3298.79"/>
    <instantOut id="235_D025" time="15826.00" state="stay" vehID="Car_8740" speed="8.69" length="5.00" type="DEFAULT_CAR"/>
    <instantOut id="235_D025" time="15826.25" state="stay" vehID="Car_8740" speed="8.39" length="5.00" type="DEFAULT_CAR"/>
    <instantOut id="235_D025" time="15826.50" state="stay" vehID="Car_8740" speed="7.64" length="5.00" type="DEFAULT_CAR"/>
    <instantOut id="235_D025" time="15826.63" state="leave" vehID="Car_8740" speed="6.89" length="5.00" type="DEFAULT_CAR" occupancy="0.64"/>
    <instantOut id="235_D025" time="18254.24" state="enter" vehID="Car_10430" speed="9.21" length="5.00" type="DEFAULT_CAR" gap="2427.60"/>
    <instantOut id="235_D025" time="18254.25" state="stay" vehID="Car_10430" speed="9.21" length="5.00" type="DEFAULT_CAR"/>
    <instantOut id="235_D025" time="18254.50" state="stay" vehID="Car_10430" speed="8.46" length="5.00" type="DEFAULT_CAR"/>
    <instantOut id="235_D025" time="18254.75" state="stay" vehID="Car_10430" speed="7.71" length="5.00" type="DEFAULT_CAR"/>
    <instantOut id="235_D025" time="18254.87" state="leave" vehID="Car_10430" speed="6.96" length="5.00" type="DEFAULT_CAR" occupancy="0.63"/>
    <instantOut id="235_D025" time="18325.92" state="enter" vehID="Car_10518" speed="7.29" length="5.00" type="DEFAULT_CAR" gap="71.05"/>
    <instantOut id="235_D025" time="18326.00" state="stay" vehID="Car_10518" speed="7.29" length="5.00" type="DEFAULT_CAR"/>
    <instantOut id="235_D025" time="18326.25" state="stay" vehID="Car_10518" speed="7.60" length="5.00" type="DEFAULT_CAR"/>
    <instantOut id="235_D025" time="18326.50" state="stay" vehID="Car_10518" speed="7.07" length="5.00" type="DEFAULT_CAR"/>
    <instantOut id="235_D025" time="18326.62" state="leave" vehID="Car_10518" speed="6.32" length="5.00" type="DEFAULT_CAR" occupancy="0.70"/>
    <instantOut id="235_D025" time="20166.52" state="enter" vehID="Car_10547" speed="8.29" length="5.00" type="DEFAULT_CAR" gap="1839.90"/>
    <instantOut id="235_D025" time="20166.75" state="stay" vehID="Car_10547" speed="8.29" length="5.00" type="DEFAULT_CAR"/>
    <instantOut id="235_D025" time="20167.00" state="stay" vehID="Car_10547" speed="7.85" length="5.00" type="DEFAULT_CAR"/>
    <instantOut id="235_D025" time="20167.15" state="leave" vehID="Car_10547" speed="7.28" length="5.00" type="DEFAULT_CAR" occupancy="0.63"/>
    <instantOut id="235_D025" time="22438.00" state="enter" vehID="Car_13481" speed="8.94" length="5.00" type="DEFAULT_CAR" gap="2270.85"/>
    <instantOut id="235_D025" time="22438.00" state="stay" vehID="Car_13481" speed="8.94" length="5.00" type="DEFAULT_CAR"/>
    <instantOut id="235_D025" time="22438.25" state="stay" vehID="Car_13481" speed="8.30" length="5.00" type="DEFAULT_CAR"/>
    <instantOut id="235_D025" time="22438.50" state="stay" vehID="Car_13481" speed="7.55" length="5.00" type="DEFAULT_CAR"/>
    <instantOut id="235_D025" time="22438.64" state="leave" vehID="Car_13481" speed="7.16" length="5.00" type="DEFAULT_CAR" occupancy="0.64"/>
    <instantOut id="235_D025" time="26641.03" state="enter" vehID="Car_15971" speed="7.54" length="5.00" type="DEFAULT_CAR" gap="4202.39"/>
    <instantOut id="235_D025" time="26641.25" state="stay" vehID="Car_15971" speed="7.54" length="5.00" type="DEFAULT_CAR"/>
    <instantOut id="235_D025" time="26641.50" state="stay" vehID="Car_15971" speed="7.62" length="5.00" type="DEFAULT_CAR"/>
    <instantOut id="235_D025" time="26641.71" state="leave" vehID="Car_15971" speed="6.87" length="5.00" type="DEFAULT_CAR" occupancy="0.68"/>
    <instantOut id="235_D025" time="27129.77" state="enter" vehID="Car_15965" speed="6.98" length="5.00" type="DEFAULT_CAR" gap="488.06"/>
    <instantOut id="235_D025" time="27130.00" state="stay" vehID="Car_15965" speed="6.98" length="5.00" type="DEFAULT_CAR"/>
    <instantOut id="235_D025" time="27130.25" state="stay" vehID="Car_15965" speed="6.23" length="5.00" type="DEFAULT_CAR"/>
    <instantOut id="235_D025" time="27130.50" state="stay" vehID="Car_15965" speed="5.48" length="5.00" type="DEFAULT_CAR"/>
    <instantOut id="235_D025" time="27130.59" state="leave" vehID="Car_15965" speed="4.73" length="5.00" type="DEFAULT_CAR" occupancy="0.83"/>
    <instantOut id="235_D025" time="27522.44" state="enter" vehID="Car_15207" speed="11.25" length="5.00" type="DEFAULT_CAR" gap="391.85"/>
    <instantOut id="235_D025" time="27522.50" state="stay" vehID="Car_15207" speed="11.25" length="5.00" type="DEFAULT_CAR"/>
    <instantOut id="235_D025" time="27522.75" state="stay" vehID="Car_15207" speed="10.52" length="5.00" type="DEFAULT_CAR"/>
    <instantOut id="235_D025" time="27522.92" state="leave" vehID="Car_15207" speed="10.00" length="5.00" type="DEFAULT_CAR" occupancy="0.48"/>
    <instantOut id="235_D025" time="27978.49" state="enter" vehID="Car_16487" speed="9.58" length="5.00" type="DEFAULT_CAR" gap="455.57"/>
    <instantOut id="235_D025" time="27978.50" state="stay" vehID="Car_16487" speed="9.58" length="5.00" type="DEFAULT_CAR"/>
    <instantOut id="235_D025" time="27978.75" state="stay" vehID="Car_16487" speed="10.53" length="5.00" type="DEFAULT_CAR"/>
    <instantOut id="235_D025" time="27978.97" state="leave" vehID="Car_16487" speed="10.64" length="5.00" type="DEFAULT_CAR" occupancy="0.47"/>
    <instantOut id="235_D025" time="29259.51" state="enter" vehID="Car_17180" speed="9.33" length="5.00" type="DEFAULT_CAR" gap="1280.55"/>
    <instantOut id="235_D025" time="29259.75" state="stay" vehID="Car_17180" speed="9.33" length="5.00" type="DEFAULT_CAR"/>
    <instantOut id="235_D025" time="29260.00" state="stay" vehID="Car_17180" speed="8.58" length="5.00" type="DEFAULT_CAR"/>
    <instantOut id="235_D025" time="29260.08" state="leave" vehID="Car_17180" speed="7.84" length="5.00" type="DEFAULT_CAR" occupancy="0.57"/>
    <instantOut id="235_D025" time="30807.21" state="enter" vehID="Car_18470" speed="9.81" length="5.00" type="DEFAULT_CAR" gap="1547.13"/>
    <instantOut id="235_D025" time="30807.25" state="stay" vehID="Car_18470" speed="9.81" length="5.00" type="DEFAULT_CAR"/>
    <instantOut id="235_D025" time="30807.50" state="stay" vehID="Car_18470" speed="10.68" length="5.00" type="DEFAULT_CAR"/>
    <instantOut id="235_D025" time="30807.68" state="leave" vehID="Car_18470" speed="10.61" length="5.00" type="DEFAULT_CAR" occupancy="0.47"/>
    <instantOut id="235_D025" time="31408.34" state="enter" vehID="Car_17836" speed="9.98" length="5.00" type="DEFAULT_CAR" gap="600.66"/>
    <instantOut id="235_D025" time="31408.50" state="stay" vehID="Car_17836" speed="9.98" length="5.00" type="DEFAULT_CAR"/>
    <instantOut id="235_D025" time="31408.75" state="stay" vehID="Car_17836" speed="9.23" length="5.00" type="DEFAULT_CAR"/>
    <instantOut id="235_D025" time="31408.88" state="leave" vehID="Car_17836" speed="8.48" length="5.00" type="DEFAULT_CAR" occupancy="0.54"/>
    <instantOut id="235_D025" time="31775.61" state="enter" vehID="Car_19840" speed="7.75" length="5.00" type="DEFAULT_CAR" gap="366.73"/>
    <instantOut id="235_D025" time="31775.75" state="stay" vehID="Car_19840" speed="7.75" length="5.00" type="DEFAULT_CAR"/>
    <instantOut id="235_D025" time="31776.00" state="stay" vehID="Car_19840" speed="8.28" length="5.00" type="DEFAULT_CAR"/>
    <instantOut id="235_D025" time="31776.24" state="leave" vehID="Car_19840" speed="7.60" length="5.00" type="DEFAULT_CAR" occupancy="0.63"/>
    <instantOut id="235_D025" time="32523.24" state="enter" vehID="Car_19340" speed="9.77" length="5.00" type="DEFAULT_CAR" gap="746.99"/>
    <instantOut id="235_D025" time="32523.25" state="stay" vehID="Car_19340" speed="9.77" length="5.00" type="DEFAULT_CAR"/>
    <instantOut id="235_D025" time="32523.50" state="stay" vehID="Car_19340" speed="9.02" length="5.00" type="DEFAULT_CAR"/>
    <instantOut id="235_D025" time="32523.75" state="stay" vehID="Car_19340" speed="8.27" length="5.00" type="DEFAULT_CAR"/>
    <instantOut id="235_D025" time="32523.82" state="leave" vehID="Car_19340" speed="7.52" length="5.00" type="DEFAULT_CAR" occupancy="0.59"/>
    <instantOut id="235_D025" time="32918.37" state="enter" vehID="Car_19342" speed="10.32" length="5.00" type="DEFAULT_CAR" gap="394.55"/>
    <instantOut id="235_D025" time="32918.50" state="stay" vehID="Car_19342" speed="10.32" length="5.00" type="DEFAULT_CAR"/>
    <instantOut id="235_D025" time="32918.75" state="stay" vehID="Car_19342" speed="9.59" length="5.00" type="DEFAULT_CAR"/>
    <instantOut id="235_D025" time="32918.90" state="leave" vehID="Car_19342" speed="8.84" length="5.00" type="DEFAULT_CAR" occupancy="0.52"/>
    <instantOut id="235_D025" time="37605.98" state="enter" vehID="Car_22373" speed="8.99" length="5.00" type="DEFAULT_CAR" gap="4687.08"/>
    <instantOut id="235_D025" time="37606.00" state="stay" vehID="Car_22373" speed="8.99" length="5.00" type="DEFAULT_CAR"/>
    <instantOut id="235_D025" time="37606.25" state="stay" vehID="Car_22373" speed="8.62" length="5.00" type="DEFAULT_CAR"/>
    <instantOut id="235_D025" time="37606.50" state="stay" vehID="Car_22373" speed="7.87" length="5.00" type="DEFAULT_CAR"/>
    <instantOut id="235_D025" time="37606.59" state="leave" vehID="Car_22373" speed="7.12" length="5.00" type="DEFAULT_CAR" occupancy="0.62"/>
    <instantOut id="235_D025" time="39974.06" state="enter" vehID="Car_23223" speed="7.70" length="5.00" type="DEFAULT_CAR" gap="2367.47"/>
    <instantOut id="235_D025" time="39974.25" state="stay" vehID="Car_23223" speed="7.70" length="5.00" type="DEFAULT_CAR"/>
    <instantOut id="235_D025" time="39974.50" state="stay" vehID="Car_23223" speed="7.06" length="5.00" type="DEFAULT_CAR"/>
    <instantOut id="235_D025" time="39974.75" state="stay" vehID="Car_23223" speed="6.31" length="5.00" type="DEFAULT_CAR"/>
    <instantOut id="235_D025" time="39974.79" state="leave" vehID="Car_23223" speed="5.56" length="5.00" type="DEFAULT_CAR" occupancy="0.73"/>
    <instantOut id="235_D025" time="42197.70" state="enter" vehID="Car_23950" speed="9.90" length="5.00" type="DEFAULT_CAR" gap="2222.91"/>
    <instantOut id="235_D025" time="42197.75" state="stay" vehID="Car_23950" speed="9.90" length="5.00" type="DEFAULT_CAR"/>
    <instantOut id="235_D025" time="42198.00" state="stay" vehID="Car_23950" speed="10.24" length="5.00" type="DEFAULT_CAR"/>
    <instantOut id="235_D025" time="42198.20" state="leave" vehID="Car_23950" speed="9.60" length="5.00" type="DEFAULT_CAR" occupancy="0.50"/>
</instantE1>
