<?xml version="1.0" encoding="UTF-8"?>

<!-- generated on 2025-02-28 17:59:51 by Eclipse SUMO GUI Version 1.19.0
<configuration xmlns:xsi="http://www.w3.org/2001/XMLSchema-instance" xsi:noNamespaceSchemaLocation="http://sumo.dlr.de/xsd/sumoConfiguration.xsd">

    <input>
        <net-file value="Network.net.xml"/>
        <route-files value="CarRoutes.rou.xml"/>
        <additional-files value="Sensors.add.xml"/>
    </input>

    <output>
        <emission-output value="logs/Emissions.xml"/>
        <summary-output value="logs/Log_summary.xml"/>
        <summary-output.period value="300"/>
        <tripinfo-output value="logs/TripInfos.xml"/>
    </output>

    <time>
        <begin value="0"/>
        <end value="86400"/>
        <step-length value="0.25"/>
    </time>

    <processing>
        <ignore-junction-blocker value="0.1"/>
        <time-to-teleport value="-1"/>
    </processing>

    <report>
        <verbose value="true"/>
        <no-step-log value="true"/>
    </report>

    <emissions>
        <device.emissions.period value="10"/>
    </emissions>

    <traci_server>
        <remote-port value="58075"/>
    </traci_server>

    <gui_only>
        <quit-on-end value="true"/>
        <start value="true"/>
    </gui_only>

</configuration>
-->

<summary xmlns:xsi="http://www.w3.org/2001/XMLSchema-instance" xsi:noNamespaceSchemaLocation="http://sumo.dlr.de/xsd/summary_file.xsd">
    <step time="0.00" loaded="0" inserted="0" running="0" waiting="0" ended="0" arrived="0" collisions="0" teleports="0" halting="0" stopped="0" meanWaitingTime="-1.00" meanTravelTime="-1.00" meanSpeed="-1.00" meanSpeedRelative="-1.00" duration="1"/>
    <step time="300.00" loaded="210" inserted="198" running="89" waiting="12" ended="109" arrived="109" collisions="0" teleports="0" halting="41" stopped="0" meanWaitingTime="13.78" meanTravelTime="80.80" meanSpeed="3.94" meanSpeedRelative="0.28" duration="2"/>
    <step time="600.00" loaded="373" inserted="364" running="65" waiting="9" ended="299" arrived="299" collisions="0" teleports="0" halting="32" stopped="0" meanWaitingTime="13.04" meanTravelTime="115.26" meanSpeed="4.25" meanSpeedRelative="0.31" duration="3"/>
    <step time="900.00" loaded="531" inserted="520" running="61" waiting="11" ended="459" arrived="459" collisions="0" teleports="0" halting="32" stopped="0" meanWaitingTime="12.04" meanTravelTime="111.72" meanSpeed="4.30" meanSpeedRelative="0.31" duration="3"/>
    <step time="1200.00" loaded="704" inserted="689" running="54" waiting="15" ended="635" arrived="635" collisions="0" teleports="0" halting="8" stopped="0" meanWaitingTime="15.51" meanTravelTime="112.72" meanSpeed="7.17" meanSpeedRelative="0.52" duration="2"/>
    <step time="1500.00" loaded="869" inserted="849" running="58" waiting="20" ended="791" arrived="791" collisions="0" teleports="0" halting="12" stopped="0" meanWaitingTime="16.67" meanTravelTime="110.09" meanSpeed="6.16" meanSpeedRelative="0.44" duration="2"/>
    <step time="1800.00" loaded="1028" inserted="1002" running="67" waiting="26" ended="935" arrived="935" collisions="0" teleports="0" halting="22" stopped="0" meanWaitingTime="19.90" meanTravelTime="111.22" meanSpeed="4.72" meanSpeedRelative="0.34" duration="2"/>
    <step time="2100.00" loaded="1187" inserted="1171" running="74" waiting="16" ended="1097" arrived="1097" collisions="0" teleports="0" halting="40" stopped="0" meanWaitingTime="21.17" meanTravelTime="111.14" meanSpeed="4.13" meanSpeedRelative="0.30" duration="3"/>
    <step time="2400.00" loaded="1333" inserted="1302" running="37" waiting="31" ended="1265" arrived="1265" collisions="0" teleports="0" halting="16" stopped="0" meanWaitingTime="21.09" meanTravelTime="113.14" meanSpeed="3.81" meanSpeedRelative="0.29" duration="2"/>
    <step time="2700.00" loaded="1477" inserted="1464" running="50" waiting="13" ended="1414" arrived="1414" collisions="0" teleports="0" halting="12" stopped="0" meanWaitingTime="24.59" meanTravelTime="111.12" meanSpeed="7.11" meanSpeedRelative="0.51" duration="2"/>
    <step time="3000.00" loaded="1635" inserted="1628" running="43" waiting="7" ended="1585" arrived="1585" collisions="0" teleports="0" halting="19" stopped="0" meanWaitingTime="24.05" meanTravelTime="108.46" meanSpeed="4.88" meanSpeedRelative="0.35" duration="1"/>
    <step time="3300.00" loaded="1806" inserted="1784" running="57" waiting="22" ended="1727" arrived="1727" collisions="0" teleports="0" halting="9" stopped="0" meanWaitingTime="24.14" meanTravelTime="108.36" meanSpeed="7.33" meanSpeedRelative="0.53" duration="2"/>
    <step time="3600.00" loaded="1940" inserted="1926" running="40" waiting="14" ended="1886" arrived="1886" collisions="0" teleports="0" halting="13" stopped="0" meanWaitingTime="25.33" meanTravelTime="107.08" meanSpeed="6.00" meanSpeedRelative="0.43" duration="1"/>
    <step time="3900.00" loaded="2106" inserted="2106" running="81" waiting="0" ended="2025" arrived="2025" collisions="0" teleports="0" halting="31" stopped="0" meanWaitingTime="23.90" meanTravelTime="105.99" meanSpeed="3.22" meanSpeedRelative="0.23" duration="3"/>
    <step time="4200.00" loaded="2235" inserted="2230" running="47" waiting="5" ended="2183" arrived="2183" collisions="0" teleports="0" halting="13" stopped="0" meanWaitingTime="23.70" meanTravelTime="108.94" meanSpeed="5.70" meanSpeedRelative="0.41" duration="2"/>
    <step time="4500.00" loaded="2414" inserted="2413" running="72" waiting="1" ended="2341" arrived="2341" collisions="0" teleports="0" halting="30" stopped="0" meanWaitingTime="22.51" meanTravelTime="109.04" meanSpeed="4.25" meanSpeedRelative="0.31" duration="2"/>
    <step time="4800.00" loaded="2571" inserted="2565" running="39" waiting="6" ended="2526" arrived="2526" collisions="0" teleports="0" halting="15" stopped="0" meanWaitingTime="21.44" meanTravelTime="109.29" meanSpeed="4.47" meanSpeedRelative="0.32" duration="1"/>
    <step time="5100.00" loaded="2736" inserted="2726" running="56" waiting="10" ended="2670" arrived="2670" collisions="0" teleports="0" halting="6" stopped="0" meanWaitingTime="21.83" meanTravelTime="108.45" meanSpeed="6.09" meanSpeedRelative="0.44" duration="2"/>
    <step time="5400.00" loaded="2889" inserted="2887" running="56" waiting="2" ended="2831" arrived="2831" collisions="0" teleports="0" halting="18" stopped="0" meanWaitingTime="21.41" meanTravelTime="108.69" meanSpeed="5.71" meanSpeedRelative="0.42" duration="2"/>
    <step time="5700.00" loaded="3075" inserted="3060" running="75" waiting="15" ended="2985" arrived="2985" collisions="0" teleports="0" halting="29" stopped="0" meanWaitingTime="20.58" meanTravelTime="108.68" meanSpeed="4.77" meanSpeedRelative="0.34" duration="3"/>
    <step time="6000.00" loaded="3199" inserted="3196" running="35" waiting="3" ended="3161" arrived="3161" collisions="0" teleports="0" halting="8" stopped="0" meanWaitingTime="20.39" meanTravelTime="110.20" meanSpeed="6.11" meanSpeedRelative="0.44" duration="1"/>
    <step time="6300.00" loaded="3361" inserted="3344" running="51" waiting="17" ended="3293" arrived="3293" collisions="0" teleports="0" halting="21" stopped="0" meanWaitingTime="20.22" meanTravelTime="110.13" meanSpeed="4.69" meanSpeedRelative="0.34" duration="1"/>
    <step time="6600.00" loaded="3519" inserted="3511" running="49" waiting="8" ended="3462" arrived="3462" collisions="0" teleports="0" halting="18" stopped="0" meanWaitingTime="20.09" meanTravelTime="109.09" meanSpeed="4.56" meanSpeedRelative="0.33" duration="2"/>
    <step time="6900.00" loaded="3704" inserted="3687" running="52" waiting="17" ended="3635" arrived="3635" collisions="0" teleports="0" halting="24" stopped="0" meanWaitingTime="19.90" meanTravelTime="108.00" meanSpeed="3.79" meanSpeedRelative="0.27" duration="1"/>
    <step time="7200.00" loaded="3861" inserted="3842" running="45" waiting="19" ended="3797" arrived="3797" collisions="0" teleports="0" halting="16" stopped="0" meanWaitingTime="20.31" meanTravelTime="107.71" meanSpeed="5.17" meanSpeedRelative="0.37" duration="1"/>
    <step time="7500.00" loaded="4009" inserted="3997" running="46" waiting="12" ended="3951" arrived="3951" collisions="0" teleports="0" halting="18" stopped="0" meanWaitingTime="20.81" meanTravelTime="107.62" meanSpeed="4.87" meanSpeedRelative="0.35" duration="2"/>
    <step time="7800.00" loaded="4166" inserted="4143" running="41" waiting="23" ended="4102" arrived="4102" collisions="0" teleports="0" halting="10" stopped="0" meanWaitingTime="21.15" meanTravelTime="106.94" meanSpeed="5.45" meanSpeedRelative="0.39" duration="2"/>
    <step time="8100.00" loaded="4335" inserted="4322" running="46" waiting="13" ended="4276" arrived="4276" collisions="0" teleports="0" halting="15" stopped="0" meanWaitingTime="22.12" meanTravelTime="105.94" meanSpeed="5.33" meanSpeedRelative="0.38" duration="2"/>
    <step time="8400.00" loaded="4519" inserted="4515" running="60" waiting="4" ended="4455" arrived="4455" collisions="0" teleports="0" halting="17" stopped="0" meanWaitingTime="21.91" meanTravelTime="104.89" meanSpeed="4.80" meanSpeedRelative="0.35" duration="2"/>
    <step time="8700.00" loaded="4689" inserted="4685" running="63" waiting="4" ended="4622" arrived="4622" collisions="0" teleports="0" halting="19" stopped="0" meanWaitingTime="21.57" meanTravelTime="104.88" meanSpeed="5.77" meanSpeedRelative="0.42" duration="2"/>
    <step time="9000.00" loaded="4875" inserted="4858" running="61" waiting="17" ended="4797" arrived="4797" collisions="0" teleports="0" halting="16" stopped="0" meanWaitingTime="21.28" meanTravelTime="104.64" meanSpeed="5.54" meanSpeedRelative="0.40" duration="3"/>
    <step time="9300.00" loaded="5057" inserted="5039" running="56" waiting="18" ended="4983" arrived="4983" collisions="0" teleports="0" halting="22" stopped="0" meanWaitingTime="21.16" meanTravelTime="104.67" meanSpeed="4.76" meanSpeedRelative="0.34" duration="3"/>
    <step time="9600.00" loaded="5230" inserted="5220" running="61" waiting="10" ended="5159" arrived="5159" collisions="0" teleports="0" halting="18" stopped="0" meanWaitingTime="21.48" meanTravelTime="104.15" meanSpeed="5.62" meanSpeedRelative="0.40" duration="2"/>
    <step time="9900.00" loaded="5373" inserted="5367" running="39" waiting="6" ended="5328" arrived="5328" collisions="0" teleports="0" halting="14" stopped="0" meanWaitingTime="21.21" meanTravelTime="104.25" meanSpeed="5.14" meanSpeedRelative="0.37" duration="1"/>
    <step time="10200.00" loaded="5542" inserted="5533" running="59" waiting="9" ended="5474" arrived="5474" collisions="0" teleports="0" halting="13" stopped="0" meanWaitingTime="21.09" meanTravelTime="104.34" meanSpeed="5.46" meanSpeedRelative="0.39" duration="3"/>
    <step time="10500.00" loaded="5721" inserted="5709" running="62" waiting="12" ended="5647" arrived="5647" collisions="0" teleports="0" halting="14" stopped="0" meanWaitingTime="20.89" meanTravelTime="104.38" meanSpeed="6.11" meanSpeedRelative="0.44" duration="2"/>
    <step time="10800.00" loaded="5890" inserted="5883" running="71" waiting="7" ended="5812" arrived="5812" collisions="0" teleports="0" halting="12" stopped="0" meanWaitingTime="20.84" meanTravelTime="104.43" meanSpeed="5.51" meanSpeedRelative="0.40" duration="3"/>
    <step time="11100.00" loaded="6064" inserted="6046" running="62" waiting="18" ended="5984" arrived="5984" collisions="0" teleports="0" halting="24" stopped="0" meanWaitingTime="20.76" meanTravelTime="105.20" meanSpeed="3.79" meanSpeedRelative="0.27" duration="3"/>
    <step time="11400.00" loaded="6236" inserted="6201" running="53" waiting="35" ended="6148" arrived="6148" collisions="0" teleports="0" halting="12" stopped="0" meanWaitingTime="21.35" meanTravelTime="105.31" meanSpeed="5.50" meanSpeedRelative="0.40" duration="2"/>
    <step time="11700.00" loaded="6380" inserted="6359" running="67" waiting="21" ended="6292" arrived="6292" collisions="0" teleports="0" halting="11" stopped="0" meanWaitingTime="22.39" meanTravelTime="105.04" meanSpeed="4.92" meanSpeedRelative="0.35" duration="3"/>
    <step time="12000.00" loaded="6555" inserted="6547" running="65" waiting="8" ended="6482" arrived="6482" collisions="0" teleports="0" halting="17" stopped="0" meanWaitingTime="22.39" meanTravelTime="105.42" meanSpeed="4.27" meanSpeedRelative="0.31" duration="1"/>
    <step time="12300.00" loaded="6727" inserted="6726" running="67" waiting="1" ended="6659" arrived="6659" collisions="0" teleports="0" halting="36" stopped="0" meanWaitingTime="22.05" meanTravelTime="105.69" meanSpeed="3.56" meanSpeedRelative="0.26" duration="2"/>
    <step time="12600.00" loaded="6896" inserted="6876" running="47" waiting="20" ended="6829" arrived="6829" collisions="0" teleports="0" halting="21" stopped="0" meanWaitingTime="21.81" meanTravelTime="105.79" meanSpeed="4.61" meanSpeedRelative="0.33" duration="1"/>
    <step time="12900.00" loaded="7062" inserted="7049" running="65" waiting="13" ended="6984" arrived="6984" collisions="0" teleports="0" halting="24" stopped="0" meanWaitingTime="21.96" meanTravelTime="105.63" meanSpeed="4.28" meanSpeedRelative="0.32" duration="3"/>
    <step time="13200.00" loaded="7234" inserted="7214" running="80" waiting="20" ended="7134" arrived="7134" collisions="0" teleports="0" halting="28" stopped="0" meanWaitingTime="21.97" meanTravelTime="105.62" meanSpeed="4.33" meanSpeedRelative="0.31" duration="3"/>
    <step time="13500.00" loaded="7410" inserted="7401" running="77" waiting="9" ended="7324" arrived="7324" collisions="0" teleports="0" halting="28" stopped="0" meanWaitingTime="21.84" meanTravelTime="106.20" meanSpeed="3.26" meanSpeedRelative="0.23" duration="2"/>
    <step time="13800.00" loaded="7602" inserted="7585" running="73" waiting="17" ended="7512" arrived="7512" collisions="0" teleports="0" halting="21" stopped="0" meanWaitingTime="21.88" meanTravelTime="106.43" meanSpeed="6.30" meanSpeedRelative="0.45" duration="3"/>
    <step time="14100.00" loaded="7761" inserted="7757" running="65" waiting="4" ended="7692" arrived="7692" collisions="0" teleports="0" halting="18" stopped="0" meanWaitingTime="21.90" meanTravelTime="106.71" meanSpeed="5.70" meanSpeedRelative="0.41" duration="1"/>
    <step time="14400.00" loaded="7899" inserted="7888" running="53" waiting="11" ended="7835" arrived="7835" collisions="0" teleports="0" halting="16" stopped="0" meanWaitingTime="22.03" meanTravelTime="107.00" meanSpeed="6.14" meanSpeedRelative="0.44" duration="1"/>
    <step time="14700.00" loaded="8094" inserted="8075" running="63" waiting="19" ended="8012" arrived="8012" collisions="0" teleports="0" halting="12" stopped="0" meanWaitingTime="21.95" meanTravelTime="106.65" meanSpeed="5.63" meanSpeedRelative="0.41" duration="2"/>
    <step time="15000.00" loaded="8252" inserted="8241" running="90" waiting="11" ended="8151" arrived="8151" collisions="0" teleports="0" halting="13" stopped="0" meanWaitingTime="21.83" meanTravelTime="106.97" meanSpeed="6.40" meanSpeedRelative="0.46" duration="3"/>
    <step time="15300.00" loaded="8413" inserted="8378" running="54" waiting="35" ended="8324" arrived="8324" collisions="0" teleports="0" halting="21" stopped="0" meanWaitingTime="21.99" meanTravelTime="107.41" meanSpeed="4.56" meanSpeedRelative="0.33" duration="1"/>
    <step time="15600.00" loaded="8580" inserted="8571" running="70" waiting="9" ended="8501" arrived="8501" collisions="0" teleports="0" halting="21" stopped="0" meanWaitingTime="22.73" meanTravelTime="106.93" meanSpeed="5.01" meanSpeedRelative="0.36" duration="3"/>
    <step time="15900.00" loaded="8771" inserted="8761" running="98" waiting="10" ended="8663" arrived="8663" collisions="0" teleports="0" halting="25" stopped="0" meanWaitingTime="22.98" meanTravelTime="106.86" meanSpeed="4.64" meanSpeedRelative="0.33" duration="2"/>
    <step time="16200.00" loaded="8960" inserted="8927" running="52" waiting="33" ended="8875" arrived="8875" collisions="0" teleports="0" halting="10" stopped="0" meanWaitingTime="23.09" meanTravelTime="107.43" meanSpeed="6.43" meanSpeedRelative="0.46" duration="2"/>
    <step time="16500.00" loaded="9130" inserted="9116" running="57" waiting="14" ended="9059" arrived="9059" collisions="0" teleports="0" halting="20" stopped="0" meanWaitingTime="23.60" meanTravelTime="107.36" meanSpeed="5.59" meanSpeedRelative="0.40" duration="1"/>
    <step time="16800.00" loaded="9318" inserted="9280" running="63" waiting="38" ended="9217" arrived="9217" collisions="0" teleports="0" halting="14" stopped="0" meanWaitingTime="23.81" meanTravelTime="107.26" meanSpeed="5.45" meanSpeedRelative="0.39" duration="2"/>
    <step time="17100.00" loaded="9487" inserted="9457" running="58" waiting="30" ended="9399" arrived="9399" collisions="0" teleports="0" halting="10" stopped="0" meanWaitingTime="24.51" meanTravelTime="107.30" meanSpeed="6.61" meanSpeedRelative="0.48" duration="2"/>
    <step time="17400.00" loaded="9669" inserted="9644" running="78" waiting="25" ended="9566" arrived="9566" collisions="0" teleports="0" halting="44" stopped="0" meanWaitingTime="25.13" meanTravelTime="107.37" meanSpeed="3.09" meanSpeedRelative="0.22" duration="3"/>
    <step time="17700.00" loaded="9842" inserted="9814" running="77" waiting="28" ended="9737" arrived="9737" collisions="0" teleports="0" halting="22" stopped="0" meanWaitingTime="25.46" meanTravelTime="107.76" meanSpeed="5.12" meanSpeedRelative="0.37" duration="1"/>
    <step time="18000.00" loaded="10006" inserted="9984" running="79" waiting="22" ended="9905" arrived="9905" collisions="0" teleports="0" halting="47" stopped="0" meanWaitingTime="25.96" meanTravelTime="108.28" meanSpeed="3.48" meanSpeedRelative="0.25" duration="1"/>
    <step time="18300.00" loaded="10191" inserted="10158" running="50" waiting="33" ended="10108" arrived="10108" collisions="0" teleports="0" halting="26" stopped="0" meanWaitingTime="26.15" meanTravelTime="108.67" meanSpeed="3.80" meanSpeedRelative="0.27" duration="1"/>
    <step time="18600.00" loaded="10351" inserted="10317" running="64" waiting="34" ended="10253" arrived="10253" collisions="0" teleports="0" halting="29" stopped="0" meanWaitingTime="26.74" meanTravelTime="108.53" meanSpeed="5.15" meanSpeedRelative="0.37" duration="3"/>
    <step time="18900.00" loaded="10537" inserted="10496" running="64" waiting="41" ended="10432" arrived="10432" collisions="0" teleports="0" halting="11" stopped="0" meanWaitingTime="27.11" meanTravelTime="108.64" meanSpeed="6.58" meanSpeedRelative="0.47" duration="1"/>
    <step time="19200.00" loaded="10715" inserted="10688" running="68" waiting="27" ended="10620" arrived="10620" collisions="0" teleports="0" halting="38" stopped="0" meanWaitingTime="27.52" meanTravelTime="108.61" meanSpeed="2.84" meanSpeedRelative="0.20" duration="4"/>
    <step time="19500.00" loaded="10924" inserted="10898" running="99" waiting="26" ended="10799" arrived="10799" collisions="0" teleports="0" halting="34" stopped="0" meanWaitingTime="27.79" meanTravelTime="108.85" meanSpeed="3.93" meanSpeedRelative="0.28" duration="1"/>
    <step time="19800.00" loaded="11103" inserted="11071" running="71" waiting="32" ended="11000" arrived="11000" collisions="0" teleports="0" halting="31" stopped="0" meanWaitingTime="28.11" meanTravelTime="109.26" meanSpeed="4.70" meanSpeedRelative="0.34" duration="2"/>
    <step time="20100.00" loaded="11297" inserted="11268" running="84" waiting="29" ended="11184" arrived="11184" collisions="0" teleports="0" halting="25" stopped="0" meanWaitingTime="28.54" meanTravelTime="109.42" meanSpeed="5.11" meanSpeedRelative="0.37" duration="3"/>
    <step time="20400.00" loaded="11465" inserted="11430" running="73" waiting="35" ended="11357" arrived="11357" collisions="0" teleports="0" halting="18" stopped="0" meanWaitingTime="28.99" meanTravelTime="109.56" meanSpeed="4.49" meanSpeedRelative="0.32" duration="3"/>
    <step time="20700.00" loaded="11638" inserted="11615" running="81" waiting="23" ended="11534" arrived="11534" collisions="0" teleports="0" halting="35" stopped="0" meanWaitingTime="29.44" meanTravelTime="109.75" meanSpeed="4.60" meanSpeedRelative="0.33" duration="3"/>
    <step time="21000.00" loaded="11821" inserted="11811" running="68" waiting="10" ended="11743" arrived="11743" collisions="0" teleports="0" halting="38" stopped="0" meanWaitingTime="29.63" meanTravelTime="109.82" meanSpeed="2.27" meanSpeedRelative="0.16" duration="3"/>
    <step time="21300.00" loaded="11980" inserted="11980" running="74" waiting="0" ended="11906" arrived="11906" collisions="0" teleports="0" halting="15" stopped="0" meanWaitingTime="29.39" meanTravelTime="109.84" meanSpeed="6.06" meanSpeedRelative="0.44" duration="4"/>
    <step time="21600.00" loaded="12200" inserted="12188" running="100" waiting="12" ended="12088" arrived="12088" collisions="0" teleports="0" halting="18" stopped="0" meanWaitingTime="29.09" meanTravelTime="110.05" meanSpeed="5.39" meanSpeedRelative="0.39" duration="2"/>
    <step time="21900.00" loaded="12383" inserted="12375" running="68" waiting="8" ended="12307" arrived="12307" collisions="0" teleports="0" halting="28" stopped="0" meanWaitingTime="28.80" meanTravelTime="110.21" meanSpeed="4.41" meanSpeedRelative="0.32" duration="2"/>
    <step time="22200.00" loaded="12571" inserted="12560" running="63" waiting="11" ended="12497" arrived="12497" collisions="0" teleports="0" halting="6" stopped="0" meanWaitingTime="28.55" meanTravelTime="110.06" meanSpeed="6.38" meanSpeedRelative="0.46" duration="1"/>
    <step time="22500.00" loaded="12745" inserted="12711" running="44" waiting="34" ended="12667" arrived="12667" collisions="0" teleports="0" halting="10" stopped="0" meanWaitingTime="28.45" meanTravelTime="110.09" meanSpeed="5.50" meanSpeedRelative="0.40" duration="1"/>
    <step time="22800.00" loaded="12941" inserted="12939" running="99" waiting="2" ended="12840" arrived="12840" collisions="0" teleports="0" halting="51" stopped="0" meanWaitingTime="28.41" meanTravelTime="110.00" meanSpeed="3.32" meanSpeedRelative="0.24" duration="2"/>
    <step time="23100.00" loaded="13129" inserted="13115" running="104" waiting="14" ended="13011" arrived="13011" collisions="0" teleports="0" halting="52" stopped="0" meanWaitingTime="28.20" meanTravelTime="110.80" meanSpeed="3.20" meanSpeedRelative="0.23" duration="1"/>
    <step time="23400.00" loaded="13316" inserted="13307" running="91" waiting="9" ended="13216" arrived="13216" collisions="0" teleports="0" halting="23" stopped="0" meanWaitingTime="28.10" meanTravelTime="111.26" meanSpeed="4.01" meanSpeedRelative="0.29" duration="2"/>
    <step time="23700.00" loaded="13548" inserted="13527" running="95" waiting="21" ended="13432" arrived="13432" collisions="0" teleports="0" halting="33" stopped="0" meanWaitingTime="27.86" meanTravelTime="111.58" meanSpeed="3.64" meanSpeedRelative="0.26" duration="4"/>
    <step time="24000.00" loaded="13725" inserted="13705" running="65" waiting="20" ended="13640" arrived="13640" collisions="0" teleports="0" halting="22" stopped="0" meanWaitingTime="27.84" meanTravelTime="111.92" meanSpeed="4.37" meanSpeedRelative="0.31" duration="2"/>
    <step time="24300.00" loaded="13933" inserted="13909" running="113" waiting="24" ended="13796" arrived="13796" collisions="0" teleports="0" halting="70" stopped="0" meanWaitingTime="27.94" meanTravelTime="111.91" meanSpeed="2.78" meanSpeedRelative="0.20" duration="4"/>
    <step time="24600.00" loaded="14156" inserted="14113" running="85" waiting="43" ended="14028" arrived="14028" collisions="0" teleports="0" halting="45" stopped="0" meanWaitingTime="28.15" meanTravelTime="112.33" meanSpeed="3.47" meanSpeedRelative="0.25" duration="3"/>
    <step time="24900.00" loaded="14369" inserted="14334" running="82" waiting="35" ended="14252" arrived="14252" collisions="0" teleports="0" halting="33" stopped="0" meanWaitingTime="28.69" meanTravelTime="112.52" meanSpeed="4.11" meanSpeedRelative="0.30" duration="2"/>
    <step time="25200.00" loaded="14562" inserted="14518" running="74" waiting="44" ended="14444" arrived="14444" collisions="0" teleports="0" halting="32" stopped="0" meanWaitingTime="28.86" meanTravelTime="112.55" meanSpeed="4.06" meanSpeedRelative="0.29" duration="4"/>
    <step time="25500.00" loaded="14739" inserted="14714" running="68" waiting="25" ended="14646" arrived="14646" collisions="0" teleports="0" halting="31" stopped="0" meanWaitingTime="29.24" meanTravelTime="112.79" meanSpeed="4.63" meanSpeedRelative="0.33" duration="3"/>
    <step time="25800.00" loaded="14970" inserted="14937" running="88" waiting="33" ended="14849" arrived="14849" collisions="0" teleports="0" halting="40" stopped="0" meanWaitingTime="29.44" meanTravelTime="112.69" meanSpeed="3.53" meanSpeedRelative="0.25" duration="3"/>
    <step time="26100.00" loaded="15183" inserted="15154" running="84" waiting="29" ended="15070" arrived="15070" collisions="0" teleports="0" halting="24" stopped="0" meanWaitingTime="29.72" meanTravelTime="112.66" meanSpeed="4.54" meanSpeedRelative="0.34" duration="4"/>
    <step time="26400.00" loaded="15375" inserted="15334" running="82" waiting="41" ended="15252" arrived="15252" collisions="0" teleports="0" halting="45" stopped="0" meanWaitingTime="29.96" meanTravelTime="112.72" meanSpeed="2.16" meanSpeedRelative="0.16" duration="4"/>
    <step time="26700.00" loaded="15592" inserted="15561" running="124" waiting="31" ended="15437" arrived="15437" collisions="0" teleports="0" halting="45" stopped="0" meanWaitingTime="30.45" meanTravelTime="112.63" meanSpeed="3.82" meanSpeedRelative="0.27" duration="4"/>
    <step time="27000.00" loaded="15811" inserted="15764" running="102" waiting="47" ended="15662" arrived="15662" collisions="0" teleports="0" halting="25" stopped="0" meanWaitingTime="30.75" meanTravelTime="113.33" meanSpeed="5.23" meanSpeedRelative="0.38" duration="2"/>
    <step time="27300.00" loaded="16034" inserted="15982" running="92" waiting="52" ended="15890" arrived="15890" collisions="0" teleports="0" halting="37" stopped="0" meanWaitingTime="31.23" meanTravelTime="113.28" meanSpeed="4.54" meanSpeedRelative="0.33" duration="4"/>
    <step time="27600.00" loaded="16231" inserted="16181" running="75" waiting="50" ended="16106" arrived="16106" collisions="0" teleports="0" halting="46" stopped="0" meanWaitingTime="31.73" meanTravelTime="113.28" meanSpeed="2.84" meanSpeedRelative="0.20" duration="2"/>
    <step time="27900.00" loaded="16437" inserted="16394" running="75" waiting="43" ended="16319" arrived="16319" collisions="0" teleports="0" halting="24" stopped="0" meanWaitingTime="32.22" meanTravelTime="113.16" meanSpeed="5.72" meanSpeedRelative="0.41" duration="4"/>
    <step time="28200.00" loaded="16660" inserted="16625" running="65" waiting="35" ended="16560" arrived="16560" collisions="0" teleports="0" halting="15" stopped="0" meanWaitingTime="32.62" meanTravelTime="113.10" meanSpeed="5.38" meanSpeedRelative="0.39" duration="1"/>
    <step time="28500.00" loaded="16859" inserted="16828" running="77" waiting="31" ended="16751" arrived="16751" collisions="0" teleports="0" halting="14" stopped="0" meanWaitingTime="32.87" meanTravelTime="113.04" meanSpeed="6.61" meanSpeedRelative="0.48" duration="1"/>
    <step time="28800.00" loaded="17074" inserted="17042" running="64" waiting="32" ended="16978" arrived="16978" collisions="0" teleports="0" halting="17" stopped="0" meanWaitingTime="32.92" meanTravelTime="113.03" meanSpeed="4.71" meanSpeedRelative="0.34" duration="1"/>
    <step time="29100.00" loaded="17297" inserted="17256" running="90" waiting="41" ended="17166" arrived="17166" collisions="0" teleports="0" halting="44" stopped="0" meanWaitingTime="32.93" meanTravelTime="113.16" meanSpeed="3.04" meanSpeedRelative="0.22" duration="3"/>
    <step time="29400.00" loaded="17499" inserted="17447" running="94" waiting="52" ended="17353" arrived="17353" collisions="0" teleports="0" halting="30" stopped="0" meanWaitingTime="33.22" meanTravelTime="113.29" meanSpeed="4.13" meanSpeedRelative="0.30" duration="2"/>
    <step time="29700.00" loaded="17680" inserted="17624" running="67" waiting="56" ended="17557" arrived="17557" collisions="0" teleports="0" halting="16" stopped="0" meanWaitingTime="33.32" meanTravelTime="113.66" meanSpeed="4.70" meanSpeedRelative="0.34" duration="1"/>
    <step time="30000.00" loaded="17856" inserted="17811" running="74" waiting="45" ended="17737" arrived="17737" collisions="0" teleports="0" halting="19" stopped="0" meanWaitingTime="34.00" meanTravelTime="113.67" meanSpeed="4.08" meanSpeedRelative="0.29" duration="1"/>
    <step time="30300.00" loaded="18056" inserted="18005" running="70" waiting="51" ended="17935" arrived="17935" collisions="0" teleports="0" halting="30" stopped="0" meanWaitingTime="34.55" meanTravelTime="113.84" meanSpeed="3.72" meanSpeedRelative="0.31" duration="2"/>
    <step time="30600.00" loaded="18269" inserted="18226" running="119" waiting="43" ended="18107" arrived="18107" collisions="0" teleports="0" halting="75" stopped="0" meanWaitingTime="35.04" meanTravelTime="113.65" meanSpeed="2.88" meanSpeedRelative="0.21" duration="2"/>
    <step time="30900.00" loaded="18489" inserted="18448" running="138" waiting="41" ended="18310" arrived="18310" collisions="0" teleports="0" halting="76" stopped="0" meanWaitingTime="35.30" meanTravelTime="113.92" meanSpeed="2.12" meanSpeedRelative="0.15" duration="2"/>
    <step time="31200.00" loaded="18660" inserted="18614" running="120" waiting="46" ended="18494" arrived="18494" collisions="0" teleports="0" halting="51" stopped="0" meanWaitingTime="35.45" meanTravelTime="115.06" meanSpeed="3.18" meanSpeedRelative="0.23" duration="2"/>
    <step time="31500.00" loaded="18838" inserted="18794" running="106" waiting="44" ended="18688" arrived="18688" collisions="0" teleports="0" halting="46" stopped="0" meanWaitingTime="35.77" meanTravelTime="116.03" meanSpeed="3.12" meanSpeedRelative="0.22" duration="3"/>
    <step time="31800.00" loaded="18996" inserted="18963" running="99" waiting="33" ended="18864" arrived="18864" collisions="0" teleports="0" halting="32" stopped="0" meanWaitingTime="36.14" meanTravelTime="116.71" meanSpeed="3.72" meanSpeedRelative="0.27" duration="2"/>
    <step time="32100.00" loaded="19180" inserted="19139" running="65" waiting="41" ended="19074" arrived="19074" collisions="0" teleports="0" halting="25" stopped="0" meanWaitingTime="36.47" meanTravelTime="116.98" meanSpeed="4.46" meanSpeedRelative="0.32" duration="1"/>
    <step time="32400.00" loaded="19347" inserted="19300" running="59" waiting="47" ended="19241" arrived="19241" collisions="0" teleports="0" halting="20" stopped="0" meanWaitingTime="36.71" meanTravelTime="116.95" meanSpeed="5.06" meanSpeedRelative="0.36" duration="3"/>
    <step time="32700.00" loaded="19524" inserted="19483" running="46" waiting="41" ended="19437" arrived="19437" collisions="0" teleports="0" halting="9" stopped="0" meanWaitingTime="36.97" meanTravelTime="116.82" meanSpeed="5.92" meanSpeedRelative="0.43" duration="1"/>
    <step time="33000.00" loaded="19691" inserted="19661" running="68" waiting="30" ended="19593" arrived="19593" collisions="0" teleports="0" halting="9" stopped="0" meanWaitingTime="37.25" meanTravelTime="116.70" meanSpeed="5.86" meanSpeedRelative="0.42" duration="1"/>
    <step time="33300.00" loaded="19822" inserted="19798" running="65" waiting="24" ended="19733" arrived="19733" collisions="0" teleports="0" halting="18" stopped="0" meanWaitingTime="37.39" meanTravelTime="116.80" meanSpeed="5.47" meanSpeedRelative="0.39" duration="1"/>
    <step time="33600.00" loaded="20014" inserted="19980" running="65" waiting="34" ended="19915" arrived="19915" collisions="0" teleports="0" halting="28" stopped="0" meanWaitingTime="37.51" meanTravelTime="116.64" meanSpeed="4.73" meanSpeedRelative="0.34" duration="2"/>
    <step time="33900.00" loaded="20171" inserted="20137" running="71" waiting="34" ended="20066" arrived="20066" collisions="0" teleports="0" halting="23" stopped="0" meanWaitingTime="37.66" meanTravelTime="116.59" meanSpeed="4.69" meanSpeedRelative="0.34" duration="4"/>
    <step time="34200.00" loaded="20329" inserted="20292" running="64" waiting="37" ended="20228" arrived="20228" collisions="0" teleports="0" halting="19" stopped="0" meanWaitingTime="37.83" meanTravelTime="116.68" meanSpeed="5.12" meanSpeedRelative="0.37" duration="1"/>
    <step time="34500.00" loaded="20497" inserted="20473" running="89" waiting="24" ended="20384" arrived="20384" collisions="0" teleports="0" halting="43" stopped="0" meanWaitingTime="38.08" meanTravelTime="116.59" meanSpeed="3.61" meanSpeedRelative="0.26" duration="2"/>
    <step time="34800.00" loaded="20650" inserted="20621" running="59" waiting="29" ended="20562" arrived="20562" collisions="0" teleports="0" halting="19" stopped="0" meanWaitingTime="38.21" meanTravelTime="116.89" meanSpeed="4.37" meanSpeedRelative="0.31" duration="3"/>
    <step time="35100.00" loaded="20787" inserted="20773" running="57" waiting="14" ended="20716" arrived="20716" collisions="0" teleports="0" halting="8" stopped="0" meanWaitingTime="38.31" meanTravelTime="116.82" meanSpeed="7.17" meanSpeedRelative="0.52" duration="2"/>
    <step time="35400.00" loaded="20923" inserted="20917" running="47" waiting="6" ended="20870" arrived="20870" collisions="0" teleports="0" halting="6" stopped="0" meanWaitingTime="38.12" meanTravelTime="116.73" meanSpeed="6.08" meanSpeedRelative="0.44" duration="2"/>
    <step time="35700.00" loaded="21065" inserted="21058" running="54" waiting="7" ended="21004" arrived="21004" collisions="0" teleports="0" halting="28" stopped="0" meanWaitingTime="38.00" meanTravelTime="116.77" meanSpeed="3.56" meanSpeedRelative="0.26" duration="1"/>
    <step time="36000.00" loaded="21221" inserted="21215" running="41" waiting="6" ended="21174" arrived="21174" collisions="0" teleports="0" halting="15" stopped="0" meanWaitingTime="37.86" meanTravelTime="116.65" meanSpeed="4.52" meanSpeedRelative="0.33" duration="1"/>
    <step time="36300.00" loaded="21393" inserted="21376" running="56" waiting="17" ended="21320" arrived="21320" collisions="0" teleports="0" halting="37" stopped="0" meanWaitingTime="37.73" meanTravelTime="116.45" meanSpeed="2.41" meanSpeedRelative="0.17" duration="1"/>
    <step time="36600.00" loaded="21542" inserted="21531" running="73" waiting="11" ended="21458" arrived="21458" collisions="0" teleports="0" halting="10" stopped="0" meanWaitingTime="37.67" meanTravelTime="116.49" meanSpeed="4.51" meanSpeedRelative="0.32" duration="1"/>
    <step time="36900.00" loaded="21679" inserted="21659" running="44" waiting="20" ended="21615" arrived="21615" collisions="0" teleports="0" halting="11" stopped="0" meanWaitingTime="37.54" meanTravelTime="116.70" meanSpeed="7.06" meanSpeedRelative="0.52" duration="0"/>
    <step time="37200.00" loaded="21800" inserted="21776" running="41" waiting="24" ended="21735" arrived="21735" collisions="0" teleports="0" halting="23" stopped="0" meanWaitingTime="37.52" meanTravelTime="116.58" meanSpeed="2.67" meanSpeedRelative="0.19" duration="1"/>
    <step time="37500.00" loaded="21940" inserted="21903" running="51" waiting="37" ended="21852" arrived="21852" collisions="0" teleports="0" halting="14" stopped="0" meanWaitingTime="37.70" meanTravelTime="116.63" meanSpeed="5.56" meanSpeedRelative="0.40" duration="1"/>
    <step time="37800.00" loaded="22092" inserted="22051" running="53" waiting="41" ended="21998" arrived="21998" collisions="0" teleports="0" halting="21" stopped="0" meanWaitingTime="37.97" meanTravelTime="116.59" meanSpeed="4.67" meanSpeedRelative="0.34" duration="1"/>
    <step time="38100.00" loaded="22238" inserted="22195" running="57" waiting="43" ended="22138" arrived="22138" collisions="0" teleports="0" halting="13" stopped="0" meanWaitingTime="38.18" meanTravelTime="116.49" meanSpeed="5.23" meanSpeedRelative="0.39" duration="2"/>
    <step time="38400.00" loaded="22364" inserted="22335" running="59" waiting="29" ended="22276" arrived="22276" collisions="0" teleports="0" halting="25" stopped="0" meanWaitingTime="38.48" meanTravelTime="116.49" meanSpeed="4.60" meanSpeedRelative="0.33" duration="3"/>
    <step time="38700.00" loaded="22461" inserted="22452" running="49" waiting="9" ended="22403" arrived="22403" collisions="0" teleports="0" halting="26" stopped="0" meanWaitingTime="38.65" meanTravelTime="116.50" meanSpeed="3.77" meanSpeedRelative="0.27" duration="1"/>
    <step time="39000.00" loaded="22567" inserted="22534" running="47" waiting="33" ended="22487" arrived="22487" collisions="0" teleports="0" halting="7" stopped="0" meanWaitingTime="38.80" meanTravelTime="116.58" meanSpeed="5.56" meanSpeedRelative="0.40" duration="1"/>
    <step time="39300.00" loaded="22692" inserted="22651" running="36" waiting="41" ended="22615" arrived="22615" collisions="0" teleports="0" halting="16" stopped="0" meanWaitingTime="39.05" meanTravelTime="116.63" meanSpeed="5.26" meanSpeedRelative="0.38" duration="0"/>
    <step time="39600.00" loaded="22804" inserted="22765" running="33" waiting="39" ended="22732" arrived="22732" collisions="0" teleports="0" halting="17" stopped="0" meanWaitingTime="39.28" meanTravelTime="116.58" meanSpeed="5.25" meanSpeedRelative="0.38" duration="1"/>
    <step time="39900.00" loaded="22926" inserted="22899" running="64" waiting="27" ended="22835" arrived="22835" collisions="0" teleports="0" halting="50" stopped="0" meanWaitingTime="39.56" meanTravelTime="116.51" meanSpeed="1.72" meanSpeedRelative="0.12" duration="1"/>
    <step time="40200.00" loaded="23015" inserted="22995" running="33" waiting="20" ended="22962" arrived="22962" collisions="0" teleports="0" halting="19" stopped="0" meanWaitingTime="39.79" meanTravelTime="116.67" meanSpeed="3.14" meanSpeedRelative="0.23" duration="1"/>
    <step time="40500.00" loaded="23118" inserted="23095" running="34" waiting="23" ended="23061" arrived="23061" collisions="0" teleports="0" halting="10" stopped="0" meanWaitingTime="39.88" meanTravelTime="116.66" meanSpeed="6.77" meanSpeedRelative="0.49" duration="0"/>
    <step time="40800.00" loaded="23227" inserted="23197" running="40" waiting="30" ended="23157" arrived="23157" collisions="0" teleports="0" halting="14" stopped="0" meanWaitingTime="40.13" meanTravelTime="116.58" meanSpeed="5.13" meanSpeedRelative="0.37" duration="0"/>
    <step time="41100.00" loaded="23310" inserted="23287" running="50" waiting="23" ended="23237" arrived="23237" collisions="0" teleports="0" halting="27" stopped="0" meanWaitingTime="40.29" meanTravelTime="116.65" meanSpeed="2.70" meanSpeedRelative="0.19" duration="1"/>
    <step time="41400.00" loaded="23374" inserted="23363" running="24" waiting="11" ended="23339" arrived="23339" collisions="0" teleports="0" halting="19" stopped="0" meanWaitingTime="40.37" meanTravelTime="116.92" meanSpeed="2.28" meanSpeedRelative="0.16" duration="1"/>
    <step time="41700.00" loaded="23475" inserted="23451" running="51" waiting="24" ended="23400" arrived="23400" collisions="0" teleports="0" halting="23" stopped="0" meanWaitingTime="40.51" meanTravelTime="116.95" meanSpeed="4.92" meanSpeedRelative="0.35" duration="1"/>
    <step time="42000.00" loaded="23556" inserted="23527" running="28" waiting="29" ended="23499" arrived="23499" collisions="0" teleports="0" halting="10" stopped="0" meanWaitingTime="40.68" meanTravelTime="117.16" meanSpeed="4.53" meanSpeedRelative="0.33" duration="1"/>
    <step time="42300.00" loaded="23662" inserted="23637" running="38" waiting="25" ended="23599" arrived="23599" collisions="0" teleports="0" halting="10" stopped="0" meanWaitingTime="40.92" meanTravelTime="117.07" meanSpeed="5.50" meanSpeedRelative="0.40" duration="1"/>
    <step time="42600.00" loaded="23773" inserted="23737" running="50" waiting="36" ended="23687" arrived="23687" collisions="0" teleports="0" halting="8" stopped="0" meanWaitingTime="41.13" meanTravelTime="117.05" meanSpeed="6.26" meanSpeedRelative="0.45" duration="1"/>
    <step time="42900.00" loaded="23874" inserted="23852" running="57" waiting="22" ended="23795" arrived="23795" collisions="0" teleports="0" halting="26" stopped="0" meanWaitingTime="41.40" meanTravelTime="117.15" meanSpeed="4.35" meanSpeedRelative="0.31" duration="1"/>
    <step time="43200.00" loaded="23975" inserted="23939" running="25" waiting="36" ended="23914" arrived="23914" collisions="0" teleports="0" halting="10" stopped="0" meanWaitingTime="41.51" meanTravelTime="117.26" meanSpeed="4.69" meanSpeedRelative="0.34" duration="1"/>
    <step time="43500.00" loaded="24052" inserted="24027" running="34" waiting="25" ended="23993" arrived="23993" collisions="0" teleports="0" halting="8" stopped="0" meanWaitingTime="41.67" meanTravelTime="117.24" meanSpeed="7.66" meanSpeedRelative="0.55" duration="0"/>
    <step time="43800.00" loaded="24153" inserted="24117" running="45" waiting="36" ended="24072" arrived="24072" collisions="0" teleports="0" halting="26" stopped="0" meanWaitingTime="41.88" meanTravelTime="117.19" meanSpeed="2.95" meanSpeedRelative="0.23" duration="1"/>
    <step time="44100.00" loaded="24260" inserted="24226" running="50" waiting="34" ended="24176" arrived="24176" collisions="0" teleports="0" halting="25" stopped="0" meanWaitingTime="42.14" meanTravelTime="117.21" meanSpeed="3.55" meanSpeedRelative="0.26" duration="1"/>
    <step time="44400.00" loaded="24369" inserted="24323" running="73" waiting="46" ended="24250" arrived="24250" collisions="0" teleports="0" halting="59" stopped="0" meanWaitingTime="42.46" meanTravelTime="117.18" meanSpeed="0.89" meanSpeedRelative="0.06" duration="1"/>
    <step time="44700.00" loaded="24472" inserted="24413" running="48" waiting="59" ended="24365" arrived="24365" collisions="0" teleports="0" halting="8" stopped="0" meanWaitingTime="42.88" meanTravelTime="117.71" meanSpeed="4.40" meanSpeedRelative="0.32" duration="1"/>
    <step time="45000.00" loaded="24576" inserted="24493" running="29" waiting="83" ended="24464" arrived="24464" collisions="0" teleports="0" halting="6" stopped="0" meanWaitingTime="43.20" meanTravelTime="117.93" meanSpeed="3.93" meanSpeedRelative="0.28" duration="0"/>
    <step time="45300.00" loaded="24666" inserted="24598" running="51" waiting="68" ended="24547" arrived="24547" collisions="0" teleports="0" halting="15" stopped="0" meanWaitingTime="43.92" meanTravelTime="118.02" meanSpeed="4.64" meanSpeedRelative="0.33" duration="1"/>
    <step time="45600.00" loaded="24749" inserted="24666" running="22" waiting="83" ended="24644" arrived="24644" collisions="0" teleports="0" halting="9" stopped="0" meanWaitingTime="44.34" meanTravelTime="118.12" meanSpeed="6.20" meanSpeedRelative="0.45" duration="1"/>
    <step time="45900.00" loaded="24835" inserted="24738" running="40" waiting="97" ended="24698" arrived="24698" collisions="0" teleports="0" halting="24" stopped="0" meanWaitingTime="45.28" meanTravelTime="118.06" meanSpeed="3.02" meanSpeedRelative="0.22" duration="2"/>
    <step time="46200.00" loaded="24916" inserted="24816" running="61" waiting="100" ended="24755" arrived="24755" collisions="0" teleports="0" halting="55" stopped="0" meanWaitingTime="46.06" meanTravelTime="117.93" meanSpeed="0.69" meanSpeedRelative="0.05" duration="2"/>
    <step time="46500.00" loaded="24964" inserted="24888" running="82" waiting="76" ended="24806" arrived="24806" collisions="0" teleports="0" halting="77" stopped="0" meanWaitingTime="46.87" meanTravelTime="117.83" meanSpeed="0.40" meanSpeedRelative="0.03" duration="1"/>
    <step time="46800.00" loaded="24984" inserted="24934" running="100" waiting="50" ended="24834" arrived="24834" collisions="0" teleports="0" halting="99" stopped="0" meanWaitingTime="47.33" meanTravelTime="117.76" meanSpeed="0.11" meanSpeedRelative="0.01" duration="1"/>
    <step time="47100.00" loaded="25002" inserted="24952" running="96" waiting="50" ended="24856" arrived="24856" collisions="0" teleports="0" halting="93" stopped="0" meanWaitingTime="47.30" meanTravelTime="117.68" meanSpeed="0.19" meanSpeedRelative="0.01" duration="1"/>
    <step time="47400.00" loaded="25018" inserted="24968" running="96" waiting="50" ended="24872" arrived="24872" collisions="0" teleports="0" halting="96" stopped="0" meanWaitingTime="47.27" meanTravelTime="117.63" meanSpeed="0.00" meanSpeedRelative="0.00" duration="1"/>
    <step time="47700.00" loaded="25032" inserted="24982" running="99" waiting="50" ended="24883" arrived="24883" collisions="0" teleports="0" halting="99" stopped="0" meanWaitingTime="47.24" meanTravelTime="117.60" meanSpeed="0.00" meanSpeedRelative="0.00" duration="2"/>
    <step time="48000.00" loaded="25045" inserted="24995" running="100" waiting="50" ended="24895" arrived="24895" collisions="0" teleports="0" halting="99" stopped="0" meanWaitingTime="47.22" meanTravelTime="117.57" meanSpeed="0.07" meanSpeedRelative="0.00" duration="2"/>
    <step time="48300.00" loaded="25060" inserted="25010" running="100" waiting="50" ended="24910" arrived="24910" collisions="0" teleports="0" halting="99" stopped="0" meanWaitingTime="47.19" meanTravelTime="117.52" meanSpeed="0.03" meanSpeedRelative="0.00" duration="2"/>
    <step time="48600.00" loaded="25076" inserted="25026" running="101" waiting="50" ended="24925" arrived="24925" collisions="0" teleports="0" halting="99" stopped="0" meanWaitingTime="47.16" meanTravelTime="117.46" meanSpeed="0.14" meanSpeedRelative="0.01" duration="1"/>
    <step time="48900.00" loaded="25091" inserted="25041" running="105" waiting="50" ended="24936" arrived="24936" collisions="0" teleports="0" halting="104" stopped="0" meanWaitingTime="47.13" meanTravelTime="117.42" meanSpeed="0.03" meanSpeedRelative="0.00" duration="1"/>
    <step time="49200.00" loaded="25100" inserted="25050" running="99" waiting="50" ended="24951" arrived="24951" collisions="0" teleports="0" halting="99" stopped="0" meanWaitingTime="47.11" meanTravelTime="117.39" meanSpeed="0.00" meanSpeedRelative="0.00" duration="2"/>
</summary>
