<?xml version="1.0" encoding="UTF-8"?>

<!-- generated on 2025-02-28 16:31:00 by Eclipse SUMO GUI Version 1.19.0
<configuration xmlns:xsi="http://www.w3.org/2001/XMLSchema-instance" xsi:noNamespaceSchemaLocation="http://sumo.dlr.de/xsd/sumoConfiguration.xsd">

    <input>
        <net-file value="Network.net.xml"/>
        <route-files value="CarRoutes.rou.xml"/>
        <additional-files value="Sensors.add.xml"/>
    </input>

    <output>
        <emission-output value="logs/Emissions.xml"/>
        <summary-output value="logs/Log_summary.xml"/>
        <summary-output.period value="300"/>
        <tripinfo-output value="logs/TripInfos.xml"/>
    </output>

    <time>
        <begin value="0"/>
        <end value="86400"/>
        <step-length value="0.25"/>
    </time>

    <processing>
        <ignore-junction-blocker value="0.1"/>
        <time-to-teleport value="-1"/>
    </processing>

    <report>
        <verbose value="true"/>
        <no-step-log value="true"/>
    </report>

    <emissions>
        <device.emissions.period value="10"/>
    </emissions>

    <traci_server>
        <remote-port value="57313"/>
    </traci_server>

    <gui_only>
        <quit-on-end value="true"/>
        <start value="true"/>
    </gui_only>

</configuration>
-->

<summary xmlns:xsi="http://www.w3.org/2001/XMLSchema-instance" xsi:noNamespaceSchemaLocation="http://sumo.dlr.de/xsd/summary_file.xsd">
    <step time="0.00" loaded="1" inserted="1" running="1" waiting="0" ended="0" arrived="0" collisions="0" teleports="0" halting="1" stopped="0" meanWaitingTime="0.00" meanTravelTime="-1.00" meanSpeed="0.00" meanSpeedRelative="0.00" duration="1"/>
    <step time="300.00" loaded="210" inserted="195" running="91" waiting="15" ended="104" arrived="104" collisions="0" teleports="0" halting="40" stopped="0" meanWaitingTime="13.83" meanTravelTime="79.44" meanSpeed="4.43" meanSpeedRelative="0.32" duration="3"/>
    <step time="600.00" loaded="370" inserted="358" running="71" waiting="12" ended="287" arrived="287" collisions="0" teleports="0" halting="28" stopped="0" meanWaitingTime="17.19" meanTravelTime="113.82" meanSpeed="5.21" meanSpeedRelative="0.38" duration="3"/>
    <step time="900.00" loaded="530" inserted="520" running="48" waiting="10" ended="472" arrived="472" collisions="0" teleports="0" halting="22" stopped="0" meanWaitingTime="15.39" meanTravelTime="110.51" meanSpeed="5.02" meanSpeedRelative="0.36" duration="2"/>
    <step time="1200.00" loaded="705" inserted="690" running="59" waiting="15" ended="631" arrived="631" collisions="0" teleports="0" halting="9" stopped="0" meanWaitingTime="17.80" meanTravelTime="107.58" meanSpeed="7.45" meanSpeedRelative="0.54" duration="3"/>
    <step time="1500.00" loaded="870" inserted="850" running="60" waiting="20" ended="790" arrived="790" collisions="0" teleports="0" halting="21" stopped="0" meanWaitingTime="18.58" meanTravelTime="107.16" meanSpeed="4.31" meanSpeedRelative="0.31" duration="3"/>
    <step time="1800.00" loaded="1034" inserted="1015" running="62" waiting="19" ended="953" arrived="953" collisions="0" teleports="0" halting="22" stopped="0" meanWaitingTime="21.37" meanTravelTime="108.92" meanSpeed="4.77" meanSpeedRelative="0.34" duration="2"/>
    <step time="2100.00" loaded="1192" inserted="1177" running="72" waiting="15" ended="1105" arrived="1105" collisions="0" teleports="0" halting="52" stopped="0" meanWaitingTime="19.96" meanTravelTime="107.25" meanSpeed="2.63" meanSpeedRelative="0.19" duration="2"/>
    <step time="2400.00" loaded="1340" inserted="1324" running="43" waiting="16" ended="1281" arrived="1281" collisions="0" teleports="0" halting="21" stopped="0" meanWaitingTime="19.68" meanTravelTime="110.50" meanSpeed="3.80" meanSpeedRelative="0.27" duration="1"/>
    <step time="2700.00" loaded="1484" inserted="1483" running="49" waiting="1" ended="1434" arrived="1434" collisions="0" teleports="0" halting="13" stopped="0" meanWaitingTime="19.42" meanTravelTime="108.81" meanSpeed="4.71" meanSpeedRelative="0.34" duration="2"/>
    <step time="3000.00" loaded="1644" inserted="1637" running="45" waiting="7" ended="1592" arrived="1592" collisions="0" teleports="0" halting="19" stopped="0" meanWaitingTime="18.15" meanTravelTime="109.17" meanSpeed="4.65" meanSpeedRelative="0.33" duration="2"/>
    <step time="3300.00" loaded="1813" inserted="1792" running="58" waiting="21" ended="1734" arrived="1734" collisions="0" teleports="0" halting="20" stopped="0" meanWaitingTime="18.76" meanTravelTime="109.18" meanSpeed="5.57" meanSpeedRelative="0.40" duration="2"/>
    <step time="3600.00" loaded="1945" inserted="1930" running="45" waiting="15" ended="1885" arrived="1885" collisions="0" teleports="0" halting="15" stopped="0" meanWaitingTime="20.26" meanTravelTime="108.18" meanSpeed="5.41" meanSpeedRelative="0.39" duration="1"/>
    <step time="3900.00" loaded="2109" inserted="2109" running="81" waiting="0" ended="2028" arrived="2028" collisions="0" teleports="0" halting="43" stopped="0" meanWaitingTime="19.40" meanTravelTime="109.06" meanSpeed="2.88" meanSpeedRelative="0.21" duration="4"/>
    <step time="4200.00" loaded="2239" inserted="2234" running="35" waiting="5" ended="2199" arrived="2199" collisions="0" teleports="0" halting="11" stopped="0" meanWaitingTime="19.50" meanTravelTime="110.38" meanSpeed="6.08" meanSpeedRelative="0.44" duration="1"/>
    <step time="4500.00" loaded="2417" inserted="2416" running="67" waiting="1" ended="2349" arrived="2349" collisions="0" teleports="0" halting="28" stopped="0" meanWaitingTime="18.63" meanTravelTime="108.62" meanSpeed="4.61" meanSpeedRelative="0.33" duration="3"/>
    <step time="4800.00" loaded="2573" inserted="2567" running="41" waiting="6" ended="2526" arrived="2526" collisions="0" teleports="0" halting="16" stopped="0" meanWaitingTime="17.79" meanTravelTime="108.00" meanSpeed="4.53" meanSpeedRelative="0.33" duration="2"/>
    <step time="5100.00" loaded="2739" inserted="2729" running="62" waiting="10" ended="2667" arrived="2667" collisions="0" teleports="0" halting="14" stopped="0" meanWaitingTime="18.39" meanTravelTime="107.15" meanSpeed="5.61" meanSpeedRelative="0.40" duration="3"/>
    <step time="5400.00" loaded="2891" inserted="2889" running="59" waiting="2" ended="2830" arrived="2830" collisions="0" teleports="0" halting="13" stopped="0" meanWaitingTime="18.21" meanTravelTime="106.88" meanSpeed="5.81" meanSpeedRelative="0.42" duration="2"/>
    <step time="5700.00" loaded="3077" inserted="3062" running="68" waiting="15" ended="2994" arrived="2994" collisions="0" teleports="0" halting="27" stopped="0" meanWaitingTime="17.55" meanTravelTime="106.75" meanSpeed="5.08" meanSpeedRelative="0.37" duration="3"/>
    <step time="6000.00" loaded="3202" inserted="3199" running="37" waiting="3" ended="3162" arrived="3162" collisions="0" teleports="0" halting="13" stopped="0" meanWaitingTime="17.49" meanTravelTime="107.61" meanSpeed="5.53" meanSpeedRelative="0.40" duration="1"/>
    <step time="6300.00" loaded="3364" inserted="3347" running="56" waiting="17" ended="3291" arrived="3291" collisions="0" teleports="0" halting="21" stopped="0" meanWaitingTime="17.47" meanTravelTime="107.82" meanSpeed="4.78" meanSpeedRelative="0.34" duration="2"/>
    <step time="6600.00" loaded="3525" inserted="3517" running="50" waiting="8" ended="3467" arrived="3467" collisions="0" teleports="0" halting="17" stopped="0" meanWaitingTime="17.59" meanTravelTime="107.54" meanSpeed="4.41" meanSpeedRelative="0.32" duration="3"/>
    <step time="6900.00" loaded="3709" inserted="3692" running="70" waiting="17" ended="3622" arrived="3622" collisions="0" teleports="0" halting="25" stopped="0" meanWaitingTime="17.52" meanTravelTime="107.27" meanSpeed="4.02" meanSpeedRelative="0.29" duration="3"/>
    <step time="7200.00" loaded="3868" inserted="3847" running="58" waiting="21" ended="3789" arrived="3789" collisions="0" teleports="0" halting="15" stopped="0" meanWaitingTime="18.06" meanTravelTime="107.54" meanSpeed="5.82" meanSpeedRelative="0.42" duration="2"/>
    <step time="7500.00" loaded="4018" inserted="4006" running="45" waiting="12" ended="3961" arrived="3961" collisions="0" teleports="0" halting="17" stopped="0" meanWaitingTime="18.69" meanTravelTime="107.68" meanSpeed="5.39" meanSpeedRelative="0.39" duration="2"/>
    <step time="7800.00" loaded="4174" inserted="4151" running="51" waiting="23" ended="4100" arrived="4100" collisions="0" teleports="0" halting="15" stopped="0" meanWaitingTime="19.11" meanTravelTime="107.21" meanSpeed="4.34" meanSpeedRelative="0.31" duration="2"/>
    <step time="8100.00" loaded="4347" inserted="4334" running="53" waiting="13" ended="4281" arrived="4281" collisions="0" teleports="0" halting="23" stopped="0" meanWaitingTime="20.13" meanTravelTime="106.84" meanSpeed="4.45" meanSpeedRelative="0.35" duration="2"/>
    <step time="8400.00" loaded="4531" inserted="4527" running="75" waiting="4" ended="4452" arrived="4452" collisions="0" teleports="0" halting="29" stopped="0" meanWaitingTime="20.02" meanTravelTime="106.30" meanSpeed="4.05" meanSpeedRelative="0.29" duration="2"/>
    <step time="8700.00" loaded="4702" inserted="4697" running="75" waiting="5" ended="4622" arrived="4622" collisions="0" teleports="0" halting="21" stopped="0" meanWaitingTime="19.74" meanTravelTime="106.75" meanSpeed="4.89" meanSpeedRelative="0.35" duration="3"/>
    <step time="9000.00" loaded="4891" inserted="4874" running="62" waiting="17" ended="4812" arrived="4812" collisions="0" teleports="0" halting="17" stopped="0" meanWaitingTime="19.47" meanTravelTime="106.48" meanSpeed="4.58" meanSpeedRelative="0.33" duration="3"/>
    <step time="9300.00" loaded="5076" inserted="5057" running="56" waiting="19" ended="5001" arrived="5001" collisions="0" teleports="0" halting="23" stopped="0" meanWaitingTime="19.42" meanTravelTime="106.52" meanSpeed="5.00" meanSpeedRelative="0.36" duration="2"/>
    <step time="9600.00" loaded="5245" inserted="5234" running="65" waiting="11" ended="5169" arrived="5169" collisions="0" teleports="0" halting="11" stopped="0" meanWaitingTime="19.90" meanTravelTime="106.21" meanSpeed="6.95" meanSpeedRelative="0.50" duration="2"/>
    <step time="9900.00" loaded="5388" inserted="5372" running="43" waiting="16" ended="5329" arrived="5329" collisions="0" teleports="0" halting="9" stopped="0" meanWaitingTime="19.75" meanTravelTime="106.15" meanSpeed="4.89" meanSpeedRelative="0.35" duration="1"/>
    <step time="10200.00" loaded="5557" inserted="5544" running="54" waiting="13" ended="5490" arrived="5490" collisions="0" teleports="0" halting="7" stopped="0" meanWaitingTime="19.97" meanTravelTime="106.36" meanSpeed="5.56" meanSpeedRelative="0.40" duration="2"/>
    <step time="10500.00" loaded="5735" inserted="5723" running="52" waiting="12" ended="5671" arrived="5671" collisions="0" teleports="0" halting="18" stopped="0" meanWaitingTime="19.90" meanTravelTime="106.67" meanSpeed="4.74" meanSpeedRelative="0.34" duration="1"/>
    <step time="10800.00" loaded="5907" inserted="5900" running="78" waiting="7" ended="5822" arrived="5822" collisions="0" teleports="0" halting="12" stopped="0" meanWaitingTime="19.88" meanTravelTime="106.56" meanSpeed="4.87" meanSpeedRelative="0.36" duration="2"/>
    <step time="11100.00" loaded="6085" inserted="6067" running="60" waiting="18" ended="6007" arrived="6007" collisions="0" teleports="0" halting="25" stopped="0" meanWaitingTime="19.81" meanTravelTime="107.41" meanSpeed="3.69" meanSpeedRelative="0.27" duration="2"/>
    <step time="11400.00" loaded="6256" inserted="6222" running="64" waiting="34" ended="6158" arrived="6158" collisions="0" teleports="0" halting="22" stopped="0" meanWaitingTime="20.42" meanTravelTime="107.44" meanSpeed="4.48" meanSpeedRelative="0.32" duration="1"/>
    <step time="11700.00" loaded="6401" inserted="6380" running="54" waiting="21" ended="6326" arrived="6326" collisions="0" teleports="0" halting="9" stopped="0" meanWaitingTime="21.42" meanTravelTime="107.67" meanSpeed="5.55" meanSpeedRelative="0.41" duration="2"/>
    <step time="12000.00" loaded="6579" inserted="6572" running="59" waiting="7" ended="6513" arrived="6513" collisions="0" teleports="0" halting="14" stopped="0" meanWaitingTime="21.45" meanTravelTime="107.66" meanSpeed="4.44" meanSpeedRelative="0.32" duration="1"/>
    <step time="12300.00" loaded="6748" inserted="6747" running="71" waiting="1" ended="6676" arrived="6676" collisions="0" teleports="0" halting="26" stopped="0" meanWaitingTime="21.15" meanTravelTime="107.94" meanSpeed="4.34" meanSpeedRelative="0.32" duration="2"/>
    <step time="12600.00" loaded="6918" inserted="6898" running="44" waiting="20" ended="6854" arrived="6854" collisions="0" teleports="0" halting="14" stopped="0" meanWaitingTime="20.92" meanTravelTime="108.11" meanSpeed="6.07" meanSpeedRelative="0.44" duration="2"/>
    <step time="12900.00" loaded="7085" inserted="7071" running="58" waiting="14" ended="7013" arrived="7013" collisions="0" teleports="0" halting="26" stopped="0" meanWaitingTime="21.05" meanTravelTime="107.96" meanSpeed="4.51" meanSpeedRelative="0.32" duration="1"/>
    <step time="13200.00" loaded="7259" inserted="7239" running="82" waiting="20" ended="7157" arrived="7157" collisions="0" teleports="0" halting="19" stopped="0" meanWaitingTime="21.11" meanTravelTime="107.91" meanSpeed="4.90" meanSpeedRelative="0.36" duration="3"/>
    <step time="13500.00" loaded="7438" inserted="7430" running="88" waiting="8" ended="7342" arrived="7342" collisions="0" teleports="0" halting="34" stopped="0" meanWaitingTime="21.00" meanTravelTime="108.72" meanSpeed="3.30" meanSpeedRelative="0.25" duration="2"/>
    <step time="13800.00" loaded="7629" inserted="7613" running="70" waiting="16" ended="7543" arrived="7543" collisions="0" teleports="0" halting="24" stopped="0" meanWaitingTime="21.06" meanTravelTime="109.12" meanSpeed="5.22" meanSpeedRelative="0.38" duration="1"/>
    <step time="14100.00" loaded="7789" inserted="7785" running="70" waiting="4" ended="7715" arrived="7715" collisions="0" teleports="0" halting="18" stopped="0" meanWaitingTime="21.09" meanTravelTime="109.57" meanSpeed="5.58" meanSpeedRelative="0.40" duration="2"/>
    <step time="14400.00" loaded="7930" inserted="7919" running="54" waiting="11" ended="7865" arrived="7865" collisions="0" teleports="0" halting="14" stopped="0" meanWaitingTime="21.23" meanTravelTime="109.81" meanSpeed="5.69" meanSpeedRelative="0.41" duration="1"/>
    <step time="14700.00" loaded="8125" inserted="8106" running="64" waiting="19" ended="8042" arrived="8042" collisions="0" teleports="0" halting="18" stopped="0" meanWaitingTime="21.19" meanTravelTime="109.50" meanSpeed="5.99" meanSpeedRelative="0.43" duration="1"/>
    <step time="15000.00" loaded="8283" inserted="8278" running="97" waiting="5" ended="8181" arrived="8181" collisions="0" teleports="0" halting="14" stopped="0" meanWaitingTime="21.00" meanTravelTime="109.59" meanSpeed="5.54" meanSpeedRelative="0.40" duration="2"/>
    <step time="15300.00" loaded="8442" inserted="8407" running="59" waiting="35" ended="8348" arrived="8348" collisions="0" teleports="0" halting="17" stopped="0" meanWaitingTime="21.15" meanTravelTime="110.31" meanSpeed="5.25" meanSpeedRelative="0.40" duration="1"/>
    <step time="15600.00" loaded="8610" inserted="8600" running="64" waiting="10" ended="8536" arrived="8536" collisions="0" teleports="0" halting="19" stopped="0" meanWaitingTime="21.89" meanTravelTime="109.79" meanSpeed="5.12" meanSpeedRelative="0.37" duration="2"/>
    <step time="15900.00" loaded="8803" inserted="8791" running="101" waiting="12" ended="8690" arrived="8690" collisions="0" teleports="0" halting="49" stopped="0" meanWaitingTime="22.14" meanTravelTime="109.76" meanSpeed="3.73" meanSpeedRelative="0.27" duration="3"/>
    <step time="16200.00" loaded="8992" inserted="8959" running="66" waiting="33" ended="8893" arrived="8893" collisions="0" teleports="0" halting="22" stopped="0" meanWaitingTime="22.41" meanTravelTime="110.14" meanSpeed="5.20" meanSpeedRelative="0.37" duration="1"/>
    <step time="16500.00" loaded="9160" inserted="9145" running="74" waiting="15" ended="9071" arrived="9071" collisions="0" teleports="0" halting="23" stopped="0" meanWaitingTime="22.95" meanTravelTime="110.18" meanSpeed="5.41" meanSpeedRelative="0.39" duration="2"/>
    <step time="16800.00" loaded="9347" inserted="9311" running="66" waiting="36" ended="9245" arrived="9245" collisions="0" teleports="0" halting="14" stopped="0" meanWaitingTime="23.25" meanTravelTime="110.51" meanSpeed="5.25" meanSpeedRelative="0.38" duration="2"/>
    <step time="17100.00" loaded="9518" inserted="9488" running="74" waiting="30" ended="9414" arrived="9414" collisions="0" teleports="0" halting="23" stopped="0" meanWaitingTime="23.88" meanTravelTime="110.58" meanSpeed="4.54" meanSpeedRelative="0.33" duration="2"/>
    <step time="17400.00" loaded="9697" inserted="9672" running="81" waiting="25" ended="9591" arrived="9591" collisions="0" teleports="0" halting="41" stopped="0" meanWaitingTime="24.52" meanTravelTime="111.26" meanSpeed="3.88" meanSpeedRelative="0.28" duration="2"/>
    <step time="17700.00" loaded="9872" inserted="9843" running="85" waiting="29" ended="9758" arrived="9758" collisions="0" teleports="0" halting="27" stopped="0" meanWaitingTime="24.88" meanTravelTime="111.53" meanSpeed="3.91" meanSpeedRelative="0.28" duration="2"/>
    <step time="18000.00" loaded="10038" inserted="10016" running="80" waiting="22" ended="9936" arrived="9936" collisions="0" teleports="0" halting="42" stopped="0" meanWaitingTime="25.39" meanTravelTime="112.28" meanSpeed="3.59" meanSpeedRelative="0.26" duration="2"/>
    <step time="18300.00" loaded="10223" inserted="10190" running="50" waiting="33" ended="10140" arrived="10140" collisions="0" teleports="0" halting="27" stopped="0" meanWaitingTime="25.61" meanTravelTime="112.47" meanSpeed="4.05" meanSpeedRelative="0.29" duration="2"/>
    <step time="18600.00" loaded="10382" inserted="10353" running="59" waiting="29" ended="10294" arrived="10294" collisions="0" teleports="0" halting="22" stopped="0" meanWaitingTime="26.17" meanTravelTime="112.30" meanSpeed="5.62" meanSpeedRelative="0.40" duration="2"/>
    <step time="18900.00" loaded="10566" inserted="10531" running="72" waiting="35" ended="10459" arrived="10459" collisions="0" teleports="0" halting="9" stopped="0" meanWaitingTime="26.52" meanTravelTime="112.13" meanSpeed="6.76" meanSpeedRelative="0.49" duration="2"/>
    <step time="19200.00" loaded="10743" inserted="10716" running="56" waiting="27" ended="10660" arrived="10660" collisions="0" teleports="0" halting="20" stopped="0" meanWaitingTime="26.83" meanTravelTime="111.88" meanSpeed="5.14" meanSpeedRelative="0.37" duration="4"/>
    <step time="19500.00" loaded="10952" inserted="10926" running="90" waiting="26" ended="10836" arrived="10836" collisions="0" teleports="0" halting="30" stopped="0" meanWaitingTime="27.12" meanTravelTime="111.89" meanSpeed="3.90" meanSpeedRelative="0.28" duration="2"/>
    <step time="19800.00" loaded="11129" inserted="11098" running="69" waiting="31" ended="11029" arrived="11029" collisions="0" teleports="0" halting="36" stopped="0" meanWaitingTime="27.46" meanTravelTime="112.01" meanSpeed="4.15" meanSpeedRelative="0.30" duration="2"/>
    <step time="20100.00" loaded="11323" inserted="11295" running="80" waiting="28" ended="11215" arrived="11215" collisions="0" teleports="0" halting="22" stopped="0" meanWaitingTime="27.92" meanTravelTime="112.05" meanSpeed="5.31" meanSpeedRelative="0.38" duration="3"/>
    <step time="20400.00" loaded="11492" inserted="11459" running="85" waiting="33" ended="11374" arrived="11374" collisions="0" teleports="0" halting="29" stopped="0" meanWaitingTime="28.33" meanTravelTime="112.15" meanSpeed="4.19" meanSpeedRelative="0.30" duration="2"/>
    <step time="20700.00" loaded="11663" inserted="11640" running="75" waiting="23" ended="11565" arrived="11565" collisions="0" teleports="0" halting="35" stopped="0" meanWaitingTime="28.74" meanTravelTime="112.52" meanSpeed="4.28" meanSpeedRelative="0.31" duration="1"/>
    <step time="21000.00" loaded="11848" inserted="11837" running="71" waiting="11" ended="11766" arrived="11766" collisions="0" teleports="0" halting="46" stopped="0" meanWaitingTime="28.96" meanTravelTime="112.39" meanSpeed="2.94" meanSpeedRelative="0.21" duration="2"/>
    <step time="21300.00" loaded="12008" inserted="12008" running="63" waiting="0" ended="11945" arrived="11945" collisions="0" teleports="0" halting="12" stopped="0" meanWaitingTime="28.72" meanTravelTime="112.34" meanSpeed="4.90" meanSpeedRelative="0.35" duration="1"/>
    <step time="21600.00" loaded="12230" inserted="12222" running="94" waiting="8" ended="12128" arrived="12128" collisions="0" teleports="0" halting="15" stopped="0" meanWaitingTime="28.42" meanTravelTime="112.27" meanSpeed="5.35" meanSpeedRelative="0.38" duration="2"/>
    <step time="21900.00" loaded="12416" inserted="12408" running="74" waiting="8" ended="12334" arrived="12334" collisions="0" teleports="0" halting="27" stopped="0" meanWaitingTime="28.11" meanTravelTime="112.41" meanSpeed="5.55" meanSpeedRelative="0.40" duration="2"/>
    <step time="22200.00" loaded="12607" inserted="12596" running="57" waiting="11" ended="12539" arrived="12539" collisions="0" teleports="0" halting="7" stopped="0" meanWaitingTime="27.85" meanTravelTime="112.14" meanSpeed="5.87" meanSpeedRelative="0.42" duration="1"/>
    <step time="22500.00" loaded="12781" inserted="12747" running="45" waiting="34" ended="12702" arrived="12702" collisions="0" teleports="0" halting="8" stopped="0" meanWaitingTime="27.76" meanTravelTime="112.14" meanSpeed="5.75" meanSpeedRelative="0.41" duration="2"/>
    <step time="22800.00" loaded="12978" inserted="12976" running="98" waiting="2" ended="12878" arrived="12878" collisions="0" teleports="0" halting="47" stopped="0" meanWaitingTime="27.73" meanTravelTime="111.89" meanSpeed="2.99" meanSpeedRelative="0.22" duration="5"/>
    <step time="23100.00" loaded="13162" inserted="13148" running="93" waiting="14" ended="13055" arrived="13055" collisions="0" teleports="0" halting="49" stopped="0" meanWaitingTime="27.54" meanTravelTime="112.41" meanSpeed="3.40" meanSpeedRelative="0.24" duration="2"/>
    <step time="23400.00" loaded="13352" inserted="13342" running="66" waiting="10" ended="13276" arrived="13276" collisions="0" teleports="0" halting="21" stopped="0" meanWaitingTime="27.46" meanTravelTime="112.72" meanSpeed="5.36" meanSpeedRelative="0.39" duration="3"/>
    <step time="23700.00" loaded="13582" inserted="13562" running="79" waiting="20" ended="13483" arrived="13483" collisions="0" teleports="0" halting="36" stopped="0" meanWaitingTime="27.23" meanTravelTime="112.54" meanSpeed="3.72" meanSpeedRelative="0.27" duration="2"/>
    <step time="24000.00" loaded="13757" inserted="13737" running="64" waiting="20" ended="13673" arrived="13673" collisions="0" teleports="0" halting="22" stopped="0" meanWaitingTime="27.20" meanTravelTime="112.68" meanSpeed="4.68" meanSpeedRelative="0.34" duration="1"/>
    <step time="24300.00" loaded="13965" inserted="13940" running="109" waiting="25" ended="13831" arrived="13831" collisions="0" teleports="0" halting="37" stopped="0" meanWaitingTime="27.33" meanTravelTime="112.67" meanSpeed="3.09" meanSpeedRelative="0.22" duration="3"/>
    <step time="24600.00" loaded="14187" inserted="14148" running="98" waiting="39" ended="14050" arrived="14050" collisions="0" teleports="0" halting="54" stopped="0" meanWaitingTime="27.54" meanTravelTime="113.11" meanSpeed="2.79" meanSpeedRelative="0.20" duration="2"/>
    <step time="24900.00" loaded="14400" inserted="14365" running="90" waiting="35" ended="14275" arrived="14275" collisions="0" teleports="0" halting="36" stopped="0" meanWaitingTime="28.02" meanTravelTime="113.69" meanSpeed="3.78" meanSpeedRelative="0.27" duration="2"/>
    <step time="25200.00" loaded="14594" inserted="14551" running="63" waiting="43" ended="14488" arrived="14488" collisions="0" teleports="0" halting="25" stopped="0" meanWaitingTime="28.19" meanTravelTime="113.55" meanSpeed="4.96" meanSpeedRelative="0.36" duration="2"/>
    <step time="25500.00" loaded="14768" inserted="14745" running="83" waiting="23" ended="14662" arrived="14662" collisions="0" teleports="0" halting="23" stopped="0" meanWaitingTime="28.54" meanTravelTime="113.58" meanSpeed="4.87" meanSpeedRelative="0.35" duration="2"/>
    <step time="25800.00" loaded="14998" inserted="14967" running="91" waiting="31" ended="14876" arrived="14876" collisions="0" teleports="0" halting="28" stopped="0" meanWaitingTime="28.57" meanTravelTime="113.77" meanSpeed="4.44" meanSpeedRelative="0.32" duration="2"/>
    <step time="26100.00" loaded="15207" inserted="15176" running="86" waiting="31" ended="15090" arrived="15090" collisions="0" teleports="0" halting="29" stopped="0" meanWaitingTime="28.78" meanTravelTime="113.68" meanSpeed="3.49" meanSpeedRelative="0.25" duration="3"/>
    <step time="26400.00" loaded="15402" inserted="15362" running="69" waiting="40" ended="15293" arrived="15293" collisions="0" teleports="0" halting="29" stopped="0" meanWaitingTime="29.06" meanTravelTime="113.91" meanSpeed="3.18" meanSpeedRelative="0.23" duration="2"/>
    <step time="26700.00" loaded="15619" inserted="15593" running="89" waiting="26" ended="15504" arrived="15504" collisions="0" teleports="0" halting="27" stopped="0" meanWaitingTime="29.45" meanTravelTime="113.75" meanSpeed="5.05" meanSpeedRelative="0.36" duration="2"/>
    <step time="27000.00" loaded="15840" inserted="15811" running="94" waiting="29" ended="15717" arrived="15717" collisions="0" teleports="0" halting="26" stopped="0" meanWaitingTime="29.69" meanTravelTime="113.66" meanSpeed="5.26" meanSpeedRelative="0.38" duration="3"/>
    <step time="27300.00" loaded="16066" inserted="16029" running="106" waiting="37" ended="15923" arrived="15923" collisions="0" teleports="0" halting="40" stopped="0" meanWaitingTime="29.91" meanTravelTime="113.40" meanSpeed="4.25" meanSpeedRelative="0.31" duration="3"/>
    <step time="27600.00" loaded="16266" inserted="16228" running="76" waiting="38" ended="16152" arrived="16152" collisions="0" teleports="0" halting="41" stopped="0" meanWaitingTime="30.10" meanTravelTime="113.65" meanSpeed="3.86" meanSpeedRelative="0.28" duration="2"/>
    <step time="27900.00" loaded="16472" inserted="16437" running="53" waiting="35" ended="16384" arrived="16384" collisions="0" teleports="0" halting="13" stopped="0" meanWaitingTime="30.33" meanTravelTime="113.54" meanSpeed="5.89" meanSpeedRelative="0.42" duration="2"/>
    <step time="28200.00" loaded="16695" inserted="16672" running="77" waiting="23" ended="16595" arrived="16595" collisions="0" teleports="0" halting="22" stopped="0" meanWaitingTime="30.61" meanTravelTime="113.30" meanSpeed="5.08" meanSpeedRelative="0.37" duration="1"/>
    <step time="28500.00" loaded="16896" inserted="16867" running="74" waiting="29" ended="16793" arrived="16793" collisions="0" teleports="0" halting="22" stopped="0" meanWaitingTime="30.71" meanTravelTime="113.37" meanSpeed="5.84" meanSpeedRelative="0.42" duration="2"/>
    <step time="28800.00" loaded="17111" inserted="17079" running="81" waiting="32" ended="16998" arrived="16998" collisions="0" teleports="0" halting="37" stopped="0" meanWaitingTime="30.77" meanTravelTime="113.24" meanSpeed="3.28" meanSpeedRelative="0.24" duration="3"/>
    <step time="29100.00" loaded="17337" inserted="17304" running="105" waiting="33" ended="17199" arrived="17199" collisions="0" teleports="0" halting="37" stopped="0" meanWaitingTime="30.80" meanTravelTime="113.66" meanSpeed="3.50" meanSpeedRelative="0.25" duration="2"/>
    <step time="29400.00" loaded="17539" inserted="17487" running="80" waiting="52" ended="17407" arrived="17407" collisions="0" teleports="0" halting="29" stopped="0" meanWaitingTime="31.04" meanTravelTime="114.05" meanSpeed="5.61" meanSpeedRelative="0.40" duration="2"/>
    <step time="29700.00" loaded="17718" inserted="17665" running="61" waiting="53" ended="17604" arrived="17604" collisions="0" teleports="0" halting="22" stopped="0" meanWaitingTime="31.19" meanTravelTime="114.13" meanSpeed="4.68" meanSpeedRelative="0.34" duration="3"/>
    <step time="30000.00" loaded="17895" inserted="17849" running="62" waiting="46" ended="17787" arrived="17787" collisions="0" teleports="0" halting="32" stopped="0" meanWaitingTime="31.81" meanTravelTime="114.16" meanSpeed="3.97" meanSpeedRelative="0.29" duration="1"/>
    <step time="30300.00" loaded="18098" inserted="18044" running="82" waiting="54" ended="17962" arrived="17962" collisions="0" teleports="0" halting="36" stopped="0" meanWaitingTime="32.37" meanTravelTime="114.09" meanSpeed="2.97" meanSpeedRelative="0.21" duration="2"/>
    <step time="30600.00" loaded="18313" inserted="18267" running="98" waiting="46" ended="18169" arrived="18169" collisions="0" teleports="0" halting="44" stopped="0" meanWaitingTime="32.91" meanTravelTime="114.14" meanSpeed="4.64" meanSpeedRelative="0.33" duration="2"/>
    <step time="30900.00" loaded="18536" inserted="18495" running="102" waiting="41" ended="18393" arrived="18393" collisions="0" teleports="0" halting="29" stopped="0" meanWaitingTime="33.22" meanTravelTime="114.19" meanSpeed="4.02" meanSpeedRelative="0.30" duration="2"/>
    <step time="31200.00" loaded="18706" inserted="18666" running="67" waiting="40" ended="18599" arrived="18599" collisions="0" teleports="0" halting="14" stopped="0" meanWaitingTime="33.32" meanTravelTime="114.49" meanSpeed="4.57" meanSpeedRelative="0.33" duration="2"/>
    <step time="31500.00" loaded="18884" inserted="18841" running="70" waiting="43" ended="18771" arrived="18771" collisions="0" teleports="0" halting="26" stopped="0" meanWaitingTime="33.55" meanTravelTime="114.80" meanSpeed="4.34" meanSpeedRelative="0.32" duration="2"/>
    <step time="31800.00" loaded="19041" inserted="19010" running="78" waiting="31" ended="18932" arrived="18932" collisions="0" teleports="0" halting="21" stopped="0" meanWaitingTime="33.92" meanTravelTime="114.92" meanSpeed="5.08" meanSpeedRelative="0.37" duration="3"/>
    <step time="32100.00" loaded="19222" inserted="19181" running="59" waiting="41" ended="19122" arrived="19122" collisions="0" teleports="0" halting="23" stopped="0" meanWaitingTime="34.17" meanTravelTime="114.85" meanSpeed="6.03" meanSpeedRelative="0.43" duration="1"/>
    <step time="32400.00" loaded="19392" inserted="19346" running="60" waiting="46" ended="19286" arrived="19286" collisions="0" teleports="0" halting="23" stopped="0" meanWaitingTime="34.39" meanTravelTime="114.71" meanSpeed="3.88" meanSpeedRelative="0.28" duration="1"/>
    <step time="32700.00" loaded="19570" inserted="19529" running="74" waiting="41" ended="19455" arrived="19455" collisions="0" teleports="0" halting="11" stopped="0" meanWaitingTime="34.67" meanTravelTime="114.68" meanSpeed="5.34" meanSpeedRelative="0.38" duration="3"/>
    <step time="33000.00" loaded="19742" inserted="19712" running="75" waiting="30" ended="19637" arrived="19637" collisions="0" teleports="0" halting="10" stopped="0" meanWaitingTime="34.97" meanTravelTime="114.94" meanSpeed="5.00" meanSpeedRelative="0.36" duration="2"/>
    <step time="33300.00" loaded="19875" inserted="19862" running="74" waiting="13" ended="19788" arrived="19788" collisions="0" teleports="0" halting="17" stopped="0" meanWaitingTime="35.14" meanTravelTime="115.17" meanSpeed="5.19" meanSpeedRelative="0.37" duration="2"/>
    <step time="33600.00" loaded="20067" inserted="20049" running="61" waiting="18" ended="19988" arrived="19988" collisions="0" teleports="0" halting="24" stopped="0" meanWaitingTime="35.09" meanTravelTime="115.12" meanSpeed="5.33" meanSpeedRelative="0.38" duration="2"/>
    <step time="33900.00" loaded="20223" inserted="20205" running="51" waiting="18" ended="20154" arrived="20154" collisions="0" teleports="0" halting="17" stopped="0" meanWaitingTime="35.03" meanTravelTime="114.99" meanSpeed="6.21" meanSpeedRelative="0.45" duration="2"/>
    <step time="34200.00" loaded="20383" inserted="20363" running="61" waiting="20" ended="20302" arrived="20302" collisions="0" teleports="0" halting="18" stopped="0" meanWaitingTime="34.99" meanTravelTime="114.92" meanSpeed="5.64" meanSpeedRelative="0.41" duration="2"/>
    <step time="34500.00" loaded="20548" inserted="20523" running="76" waiting="25" ended="20447" arrived="20447" collisions="0" teleports="0" halting="19" stopped="0" meanWaitingTime="35.08" meanTravelTime="114.87" meanSpeed="5.57" meanSpeedRelative="0.40" duration="3"/>
    <step time="34800.00" loaded="20701" inserted="20672" running="55" waiting="29" ended="20617" arrived="20617" collisions="0" teleports="0" halting="16" stopped="0" meanWaitingTime="35.25" meanTravelTime="114.88" meanSpeed="4.44" meanSpeedRelative="0.32" duration="1"/>
    <step time="35100.00" loaded="20838" inserted="20828" running="60" waiting="10" ended="20768" arrived="20768" collisions="0" teleports="0" halting="14" stopped="0" meanWaitingTime="35.39" meanTravelTime="114.85" meanSpeed="6.70" meanSpeedRelative="0.48" duration="2"/>
    <step time="35400.00" loaded="20977" inserted="20970" running="38" waiting="7" ended="20932" arrived="20932" collisions="0" teleports="0" halting="6" stopped="0" meanWaitingTime="35.21" meanTravelTime="114.71" meanSpeed="6.01" meanSpeedRelative="0.43" duration="2"/>
    <step time="35700.00" loaded="21122" inserted="21115" running="46" waiting="7" ended="21069" arrived="21069" collisions="0" teleports="0" halting="13" stopped="0" meanWaitingTime="35.09" meanTravelTime="114.67" meanSpeed="5.11" meanSpeedRelative="0.37" duration="1"/>
    <step time="36000.00" loaded="21280" inserted="21273" running="41" waiting="7" ended="21232" arrived="21232" collisions="0" teleports="0" halting="18" stopped="0" meanWaitingTime="34.94" meanTravelTime="114.56" meanSpeed="4.16" meanSpeedRelative="0.30" duration="2"/>
    <step time="36300.00" loaded="21454" inserted="21436" running="55" waiting="18" ended="21381" arrived="21381" collisions="0" teleports="0" halting="30" stopped="0" meanWaitingTime="34.84" meanTravelTime="114.35" meanSpeed="3.32" meanSpeedRelative="0.24" duration="2"/>
    <step time="36600.00" loaded="21602" inserted="21592" running="58" waiting="10" ended="21534" arrived="21534" collisions="0" teleports="0" halting="9" stopped="0" meanWaitingTime="34.76" meanTravelTime="114.31" meanSpeed="5.77" meanSpeedRelative="0.42" duration="3"/>
    <step time="36900.00" loaded="21740" inserted="21720" running="43" waiting="20" ended="21677" arrived="21677" collisions="0" teleports="0" halting="13" stopped="0" meanWaitingTime="34.63" meanTravelTime="114.30" meanSpeed="6.11" meanSpeedRelative="0.44" duration="1"/>
    <step time="37200.00" loaded="21860" inserted="21837" running="34" waiting="23" ended="21803" arrived="21803" collisions="0" teleports="0" halting="16" stopped="0" meanWaitingTime="34.64" meanTravelTime="114.17" meanSpeed="3.77" meanSpeedRelative="0.27" duration="1"/>
    <step time="37500.00" loaded="22000" inserted="21963" running="53" waiting="37" ended="21910" arrived="21910" collisions="0" teleports="0" halting="11" stopped="0" meanWaitingTime="34.81" meanTravelTime="114.13" meanSpeed="5.84" meanSpeedRelative="0.42" duration="1"/>
    <step time="37800.00" loaded="22155" inserted="22113" running="48" waiting="42" ended="22065" arrived="22065" collisions="0" teleports="0" halting="14" stopped="0" meanWaitingTime="35.08" meanTravelTime="114.09" meanSpeed="5.85" meanSpeedRelative="0.42" duration="1"/>
    <step time="38100.00" loaded="22298" inserted="22254" running="60" waiting="44" ended="22194" arrived="22194" collisions="0" teleports="0" halting="29" stopped="0" meanWaitingTime="35.32" meanTravelTime="113.98" meanSpeed="3.76" meanSpeedRelative="0.27" duration="2"/>
    <step time="38400.00" loaded="22423" inserted="22392" running="56" waiting="31" ended="22336" arrived="22336" collisions="0" teleports="0" halting="26" stopped="0" meanWaitingTime="35.63" meanTravelTime="114.06" meanSpeed="4.15" meanSpeedRelative="0.30" duration="1"/>
    <step time="38700.00" loaded="22521" inserted="22512" running="51" waiting="9" ended="22461" arrived="22461" collisions="0" teleports="0" halting="31" stopped="0" meanWaitingTime="35.84" meanTravelTime="114.10" meanSpeed="3.30" meanSpeedRelative="0.24" duration="2"/>
    <step time="39000.00" loaded="22627" inserted="22594" running="51" waiting="33" ended="22543" arrived="22543" collisions="0" teleports="0" halting="7" stopped="0" meanWaitingTime="35.99" meanTravelTime="114.22" meanSpeed="6.56" meanSpeedRelative="0.47" duration="2"/>
    <step time="39300.00" loaded="22754" inserted="22712" running="32" waiting="42" ended="22680" arrived="22680" collisions="0" teleports="0" halting="10" stopped="0" meanWaitingTime="36.26" meanTravelTime="114.31" meanSpeed="6.30" meanSpeedRelative="0.45" duration="1"/>
    <step time="39600.00" loaded="22866" inserted="22827" running="29" waiting="39" ended="22798" arrived="22798" collisions="0" teleports="0" halting="14" stopped="0" meanWaitingTime="36.50" meanTravelTime="114.22" meanSpeed="5.26" meanSpeedRelative="0.38" duration="1"/>
    <step time="39900.00" loaded="22988" inserted="22961" running="73" waiting="27" ended="22888" arrived="22888" collisions="0" teleports="0" halting="60" stopped="0" meanWaitingTime="36.81" meanTravelTime="114.16" meanSpeed="1.69" meanSpeedRelative="0.12" duration="2"/>
    <step time="40200.00" loaded="23076" inserted="23056" running="49" waiting="20" ended="23007" arrived="23007" collisions="0" teleports="0" halting="17" stopped="0" meanWaitingTime="37.05" meanTravelTime="114.46" meanSpeed="3.53" meanSpeedRelative="0.25" duration="1"/>
    <step time="40500.00" loaded="23180" inserted="23156" running="37" waiting="24" ended="23119" arrived="23119" collisions="0" teleports="0" halting="9" stopped="0" meanWaitingTime="37.14" meanTravelTime="114.69" meanSpeed="6.91" meanSpeedRelative="0.50" duration="2"/>
    <step time="40800.00" loaded="23287" inserted="23256" running="36" waiting="31" ended="23220" arrived="23220" collisions="0" teleports="0" halting="18" stopped="0" meanWaitingTime="37.42" meanTravelTime="114.65" meanSpeed="4.44" meanSpeedRelative="0.32" duration="1"/>
    <step time="41100.00" loaded="23371" inserted="23347" running="38" waiting="24" ended="23309" arrived="23309" collisions="0" teleports="0" halting="9" stopped="0" meanWaitingTime="37.63" meanTravelTime="114.68" meanSpeed="6.51" meanSpeedRelative="0.47" duration="1"/>
    <step time="41400.00" loaded="23436" inserted="23425" running="13" waiting="11" ended="23412" arrived="23412" collisions="0" teleports="0" halting="6" stopped="0" meanWaitingTime="37.72" meanTravelTime="114.79" meanSpeed="4.43" meanSpeedRelative="0.32" duration="1"/>
    <step time="41700.00" loaded="23534" inserted="23510" running="43" waiting="24" ended="23467" arrived="23467" collisions="0" teleports="0" halting="17" stopped="0" meanWaitingTime="37.87" meanTravelTime="114.74" meanSpeed="5.03" meanSpeedRelative="0.36" duration="1"/>
    <step time="42000.00" loaded="23616" inserted="23587" running="19" waiting="29" ended="23568" arrived="23568" collisions="0" teleports="0" halting="9" stopped="0" meanWaitingTime="38.04" meanTravelTime="114.78" meanSpeed="4.61" meanSpeedRelative="0.33" duration="1"/>
    <step time="42300.00" loaded="23720" inserted="23695" running="51" waiting="25" ended="23644" arrived="23644" collisions="0" teleports="0" halting="8" stopped="0" meanWaitingTime="38.29" meanTravelTime="114.67" meanSpeed="6.70" meanSpeedRelative="0.48" duration="1"/>
    <step time="42600.00" loaded="23833" inserted="23797" running="44" waiting="36" ended="23753" arrived="23753" collisions="0" teleports="0" halting="8" stopped="0" meanWaitingTime="38.52" meanTravelTime="114.67" meanSpeed="6.23" meanSpeedRelative="0.46" duration="1"/>
    <step time="42900.00" loaded="23935" inserted="23911" running="48" waiting="24" ended="23863" arrived="23863" collisions="0" teleports="0" halting="15" stopped="0" meanWaitingTime="38.79" meanTravelTime="114.74" meanSpeed="5.33" meanSpeedRelative="0.38" duration="1"/>
    <step time="43200.00" loaded="24035" inserted="23999" running="25" waiting="36" ended="23974" arrived="23974" collisions="0" teleports="0" halting="9" stopped="0" meanWaitingTime="38.93" meanTravelTime="114.79" meanSpeed="6.31" meanSpeedRelative="0.45" duration="1"/>
    <step time="43500.00" loaded="24112" inserted="24096" running="47" waiting="16" ended="24049" arrived="24049" collisions="0" teleports="0" halting="9" stopped="0" meanWaitingTime="39.09" meanTravelTime="114.78" meanSpeed="6.26" meanSpeedRelative="0.45" duration="2"/>
    <step time="43800.00" loaded="24212" inserted="24188" running="41" waiting="24" ended="24147" arrived="24147" collisions="0" teleports="0" halting="18" stopped="0" meanWaitingTime="39.21" meanTravelTime="114.86" meanSpeed="4.24" meanSpeedRelative="0.31" duration="2"/>
    <step time="44100.00" loaded="24316" inserted="24304" running="61" waiting="12" ended="24243" arrived="24243" collisions="0" teleports="0" halting="42" stopped="0" meanWaitingTime="39.29" meanTravelTime="114.87" meanSpeed="2.67" meanSpeedRelative="0.19" duration="1"/>
    <step time="44400.00" loaded="24429" inserted="24409" running="80" waiting="20" ended="24329" arrived="24329" collisions="0" teleports="0" halting="65" stopped="0" meanWaitingTime="39.30" meanTravelTime="114.85" meanSpeed="0.82" meanSpeedRelative="0.06" duration="1"/>
    <step time="44700.00" loaded="24533" inserted="24489" running="48" waiting="44" ended="24441" arrived="24441" collisions="0" teleports="0" halting="12" stopped="0" meanWaitingTime="39.47" meanTravelTime="115.59" meanSpeed="4.86" meanSpeedRelative="0.35" duration="1"/>
    <step time="45000.00" loaded="24637" inserted="24597" running="47" waiting="40" ended="24550" arrived="24550" collisions="0" teleports="0" halting="5" stopped="0" meanWaitingTime="39.81" meanTravelTime="115.79" meanSpeed="6.27" meanSpeedRelative="0.45" duration="1"/>
    <step time="45300.00" loaded="24725" inserted="24701" running="58" waiting="24" ended="24643" arrived="24643" collisions="0" teleports="0" halting="7" stopped="0" meanWaitingTime="40.06" meanTravelTime="115.92" meanSpeed="5.29" meanSpeedRelative="0.38" duration="2"/>
    <step time="45600.00" loaded="24808" inserted="24781" running="37" waiting="27" ended="24744" arrived="24744" collisions="0" teleports="0" halting="24" stopped="0" meanWaitingTime="40.16" meanTravelTime="116.10" meanSpeed="3.77" meanSpeedRelative="0.27" duration="1"/>
    <step time="45900.00" loaded="24894" inserted="24848" running="40" waiting="46" ended="24808" arrived="24808" collisions="0" teleports="0" halting="37" stopped="0" meanWaitingTime="40.36" meanTravelTime="116.14" meanSpeed="0.72" meanSpeedRelative="0.05" duration="1"/>
    <step time="46200.00" loaded="24974" inserted="24927" running="43" waiting="47" ended="24884" arrived="24884" collisions="0" teleports="0" halting="37" stopped="0" meanWaitingTime="40.59" meanTravelTime="115.97" meanSpeed="0.98" meanSpeedRelative="0.07" duration="1"/>
    <step time="46500.00" loaded="25022" inserted="25022" running="70" waiting="0" ended="24952" arrived="24952" collisions="0" teleports="0" halting="58" stopped="0" meanWaitingTime="40.94" meanTravelTime="115.84" meanSpeed="1.25" meanSpeedRelative="0.09" duration="2"/>
    <step time="46800.00" loaded="25042" inserted="25042" running="62" waiting="0" ended="24980" arrived="24980" collisions="0" teleports="0" halting="61" stopped="0" meanWaitingTime="40.91" meanTravelTime="115.78" meanSpeed="0.19" meanSpeedRelative="0.01" duration="1"/>
    <step time="47100.00" loaded="25060" inserted="25060" running="59" waiting="0" ended="25001" arrived="25001" collisions="0" teleports="0" halting="56" stopped="0" meanWaitingTime="40.88" meanTravelTime="115.71" meanSpeed="0.29" meanSpeedRelative="0.02" duration="1"/>
    <step time="47400.00" loaded="25076" inserted="25076" running="58" waiting="0" ended="25018" arrived="25018" collisions="0" teleports="0" halting="58" stopped="0" meanWaitingTime="40.86" meanTravelTime="115.66" meanSpeed="0.00" meanSpeedRelative="0.00" duration="1"/>
    <step time="47700.00" loaded="25090" inserted="25090" running="59" waiting="0" ended="25031" arrived="25031" collisions="0" teleports="0" halting="59" stopped="0" meanWaitingTime="40.83" meanTravelTime="115.62" meanSpeed="0.00" meanSpeedRelative="0.00" duration="1"/>
    <step time="48000.00" loaded="25103" inserted="25103" running="57" waiting="0" ended="25046" arrived="25046" collisions="0" teleports="0" halting="56" stopped="0" meanWaitingTime="40.81" meanTravelTime="115.58" meanSpeed="0.11" meanSpeedRelative="0.01" duration="1"/>
    <step time="48300.00" loaded="25117" inserted="25117" running="57" waiting="0" ended="25060" arrived="25060" collisions="0" teleports="0" halting="56" stopped="0" meanWaitingTime="40.79" meanTravelTime="115.54" meanSpeed="0.06" meanSpeedRelative="0.00" duration="1"/>
    <step time="48600.00" loaded="25133" inserted="25133" running="59" waiting="0" ended="25074" arrived="25074" collisions="0" teleports="0" halting="56" stopped="0" meanWaitingTime="40.76" meanTravelTime="115.49" meanSpeed="0.29" meanSpeedRelative="0.02" duration="2"/>
    <step time="48900.00" loaded="25148" inserted="25148" running="62" waiting="0" ended="25086" arrived="25086" collisions="0" teleports="0" halting="61" stopped="0" meanWaitingTime="40.74" meanTravelTime="115.45" meanSpeed="0.05" meanSpeedRelative="0.00" duration="1"/>
    <step time="49200.00" loaded="25157" inserted="25157" running="56" waiting="0" ended="25101" arrived="25101" collisions="0" teleports="0" halting="56" stopped="0" meanWaitingTime="40.72" meanTravelTime="115.42" meanSpeed="0.00" meanSpeedRelative="0.00" duration="1"/>
</summary>
