<?xml version="1.0" encoding="UTF-8"?>

<!-- generated on 2025-02-25 15:39:37 by Eclipse SUMO GUI Version 1.19.0
<configuration xmlns:xsi="http://www.w3.org/2001/XMLSchema-instance" xsi:noNamespaceSchemaLocation="http://sumo.dlr.de/xsd/sumoConfiguration.xsd">

    <input>
        <net-file value="Network.net.xml"/>
        <route-files value="CarRoutes.rou.xml"/>
        <additional-files value="Sensors.add.xml"/>
    </input>

    <output>
        <emission-output value="logs/Emissions.xml"/>
        <summary-output value="logs/Log_summary.xml"/>
        <summary-output.period value="300"/>
        <tripinfo-output value="logs/TripInfos.xml"/>
    </output>

    <time>
        <begin value="0"/>
        <end value="86400"/>
        <step-length value="0.25"/>
    </time>

    <processing>
        <ignore-junction-blocker value="0.1"/>
        <time-to-teleport value="-1"/>
    </processing>

    <report>
        <verbose value="true"/>
        <no-step-log value="true"/>
    </report>

    <emissions>
        <device.emissions.period value="10"/>
    </emissions>

    <traci_server>
        <remote-port value="57774"/>
    </traci_server>

    <gui_only>
        <quit-on-end value="true"/>
        <start value="true"/>
    </gui_only>

</configuration>
-->

<instantE1 xmlns:xsi="http://www.w3.org/2001/XMLSchema-instance" xsi:noNamespaceSchemaLocation="http://sumo.dlr.de/xsd/instant_e1_file.xsd">
    <instantOut id="235_D025" time="2842.21" state="enter" vehID="Car_1849" speed="9.80" length="5.00" type="DEFAULT_CAR"/>
    <instantOut id="235_D025" time="2842.25" state="stay" vehID="Car_1849" speed="9.80" length="5.00" type="DEFAULT_CAR"/>
    <instantOut id="235_D025" time="2842.50" state="stay" vehID="Car_1849" speed="9.48" length="5.00" type="DEFAULT_CAR"/>
    <instantOut id="235_D025" time="2842.75" state="stay" vehID="Car_1849" speed="8.81" length="5.00" type="DEFAULT_CAR"/>
    <instantOut id="235_D025" time="2842.75" state="leave" vehID="Car_1849" speed="8.06" length="5.00" type="DEFAULT_CAR" occupancy="0.54"/>
    <instantOut id="235_D025" time="3766.63" state="enter" vehID="Car_1987" speed="7.87" length="5.00" type="DEFAULT_CAR" gap="923.87"/>
    <instantOut id="235_D025" time="3766.75" state="stay" vehID="Car_1987" speed="7.87" length="5.00" type="DEFAULT_CAR"/>
    <instantOut id="235_D025" time="3767.00" state="stay" vehID="Car_1987" speed="7.12" length="5.00" type="DEFAULT_CAR"/>
    <instantOut id="235_D025" time="3767.25" state="stay" vehID="Car_1987" speed="6.37" length="5.00" type="DEFAULT_CAR"/>
    <instantOut id="235_D025" time="3767.37" state="leave" vehID="Car_1987" speed="5.62" length="5.00" type="DEFAULT_CAR" occupancy="0.74"/>
    <instantOut id="235_D025" time="4388.55" state="enter" vehID="Car_2058" speed="7.06" length="5.00" type="DEFAULT_CAR" gap="621.18"/>
    <instantOut id="235_D025" time="4388.75" state="stay" vehID="Car_2058" speed="7.06" length="5.00" type="DEFAULT_CAR"/>
    <instantOut id="235_D025" time="4389.00" state="stay" vehID="Car_2058" speed="6.31" length="5.00" type="DEFAULT_CAR"/>
    <instantOut id="235_D025" time="4389.25" state="stay" vehID="Car_2058" speed="5.77" length="5.00" type="DEFAULT_CAR"/>
    <instantOut id="235_D025" time="4389.36" state="leave" vehID="Car_2058" speed="5.17" length="5.00" type="DEFAULT_CAR" occupancy="0.81"/>
    <instantOut id="235_D025" time="4515.67" state="enter" vehID="Car_2744" speed="11.00" length="5.00" type="DEFAULT_CAR" gap="126.31"/>
    <instantOut id="235_D025" time="4515.75" state="stay" vehID="Car_2744" speed="11.00" length="5.00" type="DEFAULT_CAR"/>
    <instantOut id="235_D025" time="4516.00" state="stay" vehID="Car_2744" speed="10.25" length="5.00" type="DEFAULT_CAR"/>
    <instantOut id="235_D025" time="4516.17" state="leave" vehID="Car_2744" speed="9.50" length="5.00" type="DEFAULT_CAR" occupancy="0.49"/>
    <instantOut id="235_D025" time="5571.21" state="enter" vehID="Car_2936" speed="9.91" length="5.00" type="DEFAULT_CAR" gap="1055.04"/>
    <instantOut id="235_D025" time="5571.25" state="stay" vehID="Car_2936" speed="9.91" length="5.00" type="DEFAULT_CAR"/>
    <instantOut id="235_D025" time="5571.50" state="stay" vehID="Car_2936" speed="10.40" length="5.00" type="DEFAULT_CAR"/>
    <instantOut id="235_D025" time="5571.70" state="leave" vehID="Car_2936" speed="9.79" length="5.00" type="DEFAULT_CAR" occupancy="0.49"/>
    <instantOut id="235_D025" time="6168.22" state="enter" vehID="Car_3706" speed="10.03" length="5.00" type="DEFAULT_CAR" gap="596.52"/>
    <instantOut id="235_D025" time="6168.25" state="stay" vehID="Car_3706" speed="10.03" length="5.00" type="DEFAULT_CAR"/>
    <instantOut id="235_D025" time="6168.50" state="stay" vehID="Car_3706" speed="10.39" length="5.00" type="DEFAULT_CAR"/>
    <instantOut id="235_D025" time="6168.72" state="leave" vehID="Car_3706" speed="9.67" length="5.00" type="DEFAULT_CAR" occupancy="0.50"/>
    <instantOut id="235_D025" time="9141.46" state="enter" vehID="Car_5287" speed="9.44" length="5.00" type="DEFAULT_CAR" gap="2972.75"/>
    <instantOut id="235_D025" time="9141.50" state="stay" vehID="Car_5287" speed="9.44" length="5.00" type="DEFAULT_CAR"/>
    <instantOut id="235_D025" time="9141.75" state="stay" vehID="Car_5287" speed="8.78" length="5.00" type="DEFAULT_CAR"/>
    <instantOut id="235_D025" time="9142.00" state="stay" vehID="Car_5287" speed="8.03" length="5.00" type="DEFAULT_CAR"/>
    <instantOut id="235_D025" time="9142.06" state="leave" vehID="Car_5287" speed="7.28" length="5.00" type="DEFAULT_CAR" occupancy="0.60"/>
    <instantOut id="235_D025" time="9734.48" state="enter" vehID="Car_5234" speed="9.65" length="5.00" type="DEFAULT_CAR" gap="592.42"/>
    <instantOut id="235_D025" time="9734.50" state="stay" vehID="Car_5234" speed="9.65" length="5.00" type="DEFAULT_CAR"/>
    <instantOut id="235_D025" time="9734.75" state="stay" vehID="Car_5234" speed="9.23" length="5.00" type="DEFAULT_CAR"/>
    <instantOut id="235_D025" time="9735.00" state="stay" vehID="Car_5234" speed="8.48" length="5.00" type="DEFAULT_CAR"/>
    <instantOut id="235_D025" time="9735.05" state="leave" vehID="Car_5234" speed="7.73" length="5.00" type="DEFAULT_CAR" occupancy="0.57"/>
    <instantOut id="235_D025" time="9873.48" state="enter" vehID="Car_5442" speed="9.90" length="5.00" type="DEFAULT_CAR" gap="138.43"/>
    <instantOut id="235_D025" time="9873.50" state="stay" vehID="Car_5442" speed="9.90" length="5.00" type="DEFAULT_CAR"/>
    <instantOut id="235_D025" time="9873.75" state="stay" vehID="Car_5442" speed="10.02" length="5.00" type="DEFAULT_CAR"/>
    <instantOut id="235_D025" time="9873.99" state="leave" vehID="Car_5442" speed="9.49" length="5.00" type="DEFAULT_CAR" occupancy="0.51"/>
    <instantOut id="235_D025" time="12891.46" state="enter" vehID="Car_6910" speed="9.91" length="5.00" type="DEFAULT_CAR" gap="3017.47"/>
    <instantOut id="235_D025" time="12891.50" state="stay" vehID="Car_6910" speed="9.91" length="5.00" type="DEFAULT_CAR"/>
    <instantOut id="235_D025" time="12891.75" state="stay" vehID="Car_6910" speed="9.61" length="5.00" type="DEFAULT_CAR"/>
    <instantOut id="235_D025" time="12891.99" state="leave" vehID="Car_6910" speed="9.12" length="5.00" type="DEFAULT_CAR" occupancy="0.53"/>
    <instantOut id="235_D025" time="13627.71" state="enter" vehID="Car_7748" speed="9.32" length="5.00" type="DEFAULT_CAR" gap="735.71"/>
    <instantOut id="235_D025" time="13627.75" state="stay" vehID="Car_7748" speed="9.32" length="5.00" type="DEFAULT_CAR"/>
    <instantOut id="235_D025" time="13628.00" state="stay" vehID="Car_7748" speed="8.57" length="5.00" type="DEFAULT_CAR"/>
    <instantOut id="235_D025" time="13628.25" state="stay" vehID="Car_7748" speed="7.82" length="5.00" type="DEFAULT_CAR"/>
    <instantOut id="235_D025" time="13628.32" state="leave" vehID="Car_7748" speed="7.07" length="5.00" type="DEFAULT_CAR" occupancy="0.61"/>
    <instantOut id="235_D025" time="14027.74" state="enter" vehID="Car_7715" speed="9.28" length="5.00" type="DEFAULT_CAR" gap="399.42"/>
    <instantOut id="235_D025" time="14027.75" state="stay" vehID="Car_7715" speed="9.28" length="5.00" type="DEFAULT_CAR"/>
    <instantOut id="235_D025" time="14028.00" state="stay" vehID="Car_7715" speed="8.70" length="5.00" type="DEFAULT_CAR"/>
    <instantOut id="235_D025" time="14028.25" state="stay" vehID="Car_7715" speed="7.95" length="5.00" type="DEFAULT_CAR"/>
    <instantOut id="235_D025" time="14028.35" state="leave" vehID="Car_7715" speed="7.34" length="5.00" type="DEFAULT_CAR" occupancy="0.61"/>
    <instantOut id="235_D025" time="14165.00" state="enter" vehID="Car_7610" speed="7.12" length="5.00" type="DEFAULT_CAR" gap="136.64"/>
    <instantOut id="235_D025" time="14165.00" state="stay" vehID="Car_7610" speed="7.12" length="5.00" type="DEFAULT_CAR"/>
    <instantOut id="235_D025" time="14165.25" state="stay" vehID="Car_7610" speed="7.43" length="5.00" type="DEFAULT_CAR"/>
    <instantOut id="235_D025" time="14165.50" state="stay" vehID="Car_7610" speed="6.68" length="5.00" type="DEFAULT_CAR"/>
    <instantOut id="235_D025" time="14165.75" state="leave" vehID="Car_7610" speed="5.93" length="5.00" type="DEFAULT_CAR" occupancy="0.75"/>
    <instantOut id="235_D025" time="15383.02" state="enter" vehID="Car_8677" speed="9.76" length="5.00" type="DEFAULT_CAR" gap="1217.27"/>
    <instantOut id="235_D025" time="15383.25" state="stay" vehID="Car_8677" speed="9.76" length="5.00" type="DEFAULT_CAR"/>
    <instantOut id="235_D025" time="15383.50" state="stay" vehID="Car_8677" speed="9.01" length="5.00" type="DEFAULT_CAR"/>
    <instantOut id="235_D025" time="15383.56" state="leave" vehID="Car_8677" speed="8.26" length="5.00" type="DEFAULT_CAR" occupancy="0.54"/>
    <instantOut id="235_D025" time="16656.85" state="enter" vehID="Car_9436" speed="8.19" length="5.00" type="DEFAULT_CAR" gap="1273.29"/>
    <instantOut id="235_D025" time="16657.00" state="stay" vehID="Car_9436" speed="8.19" length="5.00" type="DEFAULT_CAR"/>
    <instantOut id="235_D025" time="16657.25" state="stay" vehID="Car_9436" speed="7.44" length="5.00" type="DEFAULT_CAR"/>
    <instantOut id="235_D025" time="16657.50" state="stay" vehID="Car_9436" speed="6.69" length="5.00" type="DEFAULT_CAR"/>
    <instantOut id="235_D025" time="16657.54" state="leave" vehID="Car_9436" speed="5.94" length="5.00" type="DEFAULT_CAR" occupancy="0.69"/>
    <instantOut id="235_D025" time="18363.22" state="enter" vehID="Car_10225" speed="9.60" length="5.00" type="DEFAULT_CAR" gap="1705.68"/>
    <instantOut id="235_D025" time="18363.25" state="stay" vehID="Car_10225" speed="9.60" length="5.00" type="DEFAULT_CAR"/>
    <instantOut id="235_D025" time="18363.50" state="stay" vehID="Car_10225" speed="10.03" length="5.00" type="DEFAULT_CAR"/>
    <instantOut id="235_D025" time="18363.74" state="leave" vehID="Car_10225" speed="9.28" length="5.00" type="DEFAULT_CAR" occupancy="0.52"/>
    <instantOut id="235_D025" time="23074.76" state="enter" vehID="Car_13315" speed="8.47" length="5.00" type="DEFAULT_CAR" gap="4711.02"/>
    <instantOut id="235_D025" time="23075.00" state="stay" vehID="Car_13315" speed="8.47" length="5.00" type="DEFAULT_CAR"/>
    <instantOut id="235_D025" time="23075.25" state="stay" vehID="Car_13315" speed="7.72" length="5.00" type="DEFAULT_CAR"/>
    <instantOut id="235_D025" time="23075.39" state="leave" vehID="Car_13315" speed="7.08" length="5.00" type="DEFAULT_CAR" occupancy="0.64"/>
    <instantOut id="235_D025" time="24443.69" state="enter" vehID="Car_14504" speed="7.19" length="5.00" type="DEFAULT_CAR" gap="1368.29"/>
    <instantOut id="235_D025" time="24443.75" state="stay" vehID="Car_14504" speed="7.19" length="5.00" type="DEFAULT_CAR"/>
    <instantOut id="235_D025" time="24444.00" state="stay" vehID="Car_14504" speed="6.44" length="5.00" type="DEFAULT_CAR"/>
    <instantOut id="235_D025" time="24444.25" state="stay" vehID="Car_14504" speed="5.71" length="5.00" type="DEFAULT_CAR"/>
    <instantOut id="235_D025" time="24444.50" state="stay" vehID="Car_14504" speed="4.96" length="5.00" type="DEFAULT_CAR"/>
    <instantOut id="235_D025" time="24444.57" state="leave" vehID="Car_14504" speed="4.21" length="5.00" type="DEFAULT_CAR" occupancy="0.88"/>
    <instantOut id="235_D025" time="26297.30" state="enter" vehID="Car_15713" speed="7.09" length="5.00" type="DEFAULT_CAR" gap="1852.73"/>
    <instantOut id="235_D025" time="26297.50" state="stay" vehID="Car_15713" speed="7.09" length="5.00" type="DEFAULT_CAR"/>
    <instantOut id="235_D025" time="26297.75" state="stay" vehID="Car_15713" speed="6.38" length="5.00" type="DEFAULT_CAR"/>
    <instantOut id="235_D025" time="26298.00" state="stay" vehID="Car_15713" speed="5.73" length="5.00" type="DEFAULT_CAR"/>
    <instantOut id="235_D025" time="26298.10" state="leave" vehID="Car_15713" speed="5.33" length="5.00" type="DEFAULT_CAR" occupancy="0.80"/>
    <instantOut id="235_D025" time="29679.99" state="enter" vehID="Car_17935" speed="9.04" length="5.00" type="DEFAULT_CAR" gap="3381.88"/>
    <instantOut id="235_D025" time="29680.00" state="stay" vehID="Car_17935" speed="9.04" length="5.00" type="DEFAULT_CAR"/>
    <instantOut id="235_D025" time="29680.25" state="stay" vehID="Car_17935" speed="8.29" length="5.00" type="DEFAULT_CAR"/>
    <instantOut id="235_D025" time="29680.50" state="stay" vehID="Car_17935" speed="7.54" length="5.00" type="DEFAULT_CAR"/>
    <instantOut id="235_D025" time="29680.64" state="leave" vehID="Car_17935" speed="6.79" length="5.00" type="DEFAULT_CAR" occupancy="0.65"/>
    <instantOut id="235_D025" time="30030.36" state="enter" vehID="Car_18023" speed="9.95" length="5.00" type="DEFAULT_CAR" gap="349.73"/>
    <instantOut id="235_D025" time="30030.50" state="stay" vehID="Car_18023" speed="9.95" length="5.00" type="DEFAULT_CAR"/>
    <instantOut id="235_D025" time="30030.75" state="stay" vehID="Car_18023" speed="9.20" length="5.00" type="DEFAULT_CAR"/>
    <instantOut id="235_D025" time="30030.91" state="leave" vehID="Car_18023" speed="8.45" length="5.00" type="DEFAULT_CAR" occupancy="0.55"/>
    <instantOut id="235_D025" time="33679.48" state="enter" vehID="Car_20209" speed="11.02" length="5.00" type="DEFAULT_CAR" gap="3648.57"/>
    <instantOut id="235_D025" time="33679.50" state="stay" vehID="Car_20209" speed="11.02" length="5.00" type="DEFAULT_CAR"/>
    <instantOut id="235_D025" time="33679.75" state="stay" vehID="Car_20209" speed="10.60" length="5.00" type="DEFAULT_CAR"/>
    <instantOut id="235_D025" time="33679.96" state="leave" vehID="Car_20209" speed="9.85" length="5.00" type="DEFAULT_CAR" occupancy="0.49"/>
    <instantOut id="235_D025" time="39753.98" state="enter" vehID="Car_22858" speed="8.96" length="5.00" type="DEFAULT_CAR" gap="6074.02"/>
    <instantOut id="235_D025" time="39754.00" state="stay" vehID="Car_22858" speed="8.96" length="5.00" type="DEFAULT_CAR"/>
    <instantOut id="235_D025" time="39754.25" state="stay" vehID="Car_22858" speed="8.56" length="5.00" type="DEFAULT_CAR"/>
    <instantOut id="235_D025" time="39754.50" state="stay" vehID="Car_22858" speed="7.81" length="5.00" type="DEFAULT_CAR"/>
    <instantOut id="235_D025" time="39754.60" state="leave" vehID="Car_22858" speed="7.06" length="5.00" type="DEFAULT_CAR" occupancy="0.62"/>
    <instantOut id="235_D025" time="39943.99" state="enter" vehID="Car_22875" speed="9.55" length="5.00" type="DEFAULT_CAR" gap="189.38"/>
    <instantOut id="235_D025" time="39944.00" state="stay" vehID="Car_22875" speed="9.55" length="5.00" type="DEFAULT_CAR"/>
    <instantOut id="235_D025" time="39944.25" state="stay" vehID="Car_22875" speed="9.07" length="5.00" type="DEFAULT_CAR"/>
    <instantOut id="235_D025" time="39944.50" state="stay" vehID="Car_22875" speed="8.32" length="5.00" type="DEFAULT_CAR"/>
    <instantOut id="235_D025" time="39944.57" state="leave" vehID="Car_22875" speed="7.57" length="5.00" type="DEFAULT_CAR" occupancy="0.58"/>
    <instantOut id="235_D025" time="42458.95" state="enter" vehID="Car_23888" speed="7.23" length="5.00" type="DEFAULT_CAR" gap="2514.38"/>
    <instantOut id="235_D025" time="42459.00" state="stay" vehID="Car_23888" speed="7.23" length="5.00" type="DEFAULT_CAR"/>
    <instantOut id="235_D025" time="42459.25" state="stay" vehID="Car_23888" speed="6.48" length="5.00" type="DEFAULT_CAR"/>
    <instantOut id="235_D025" time="42459.50" state="stay" vehID="Car_23888" speed="5.73" length="5.00" type="DEFAULT_CAR"/>
    <instantOut id="235_D025" time="42459.75" state="stay" vehID="Car_23888" speed="4.98" length="5.00" type="DEFAULT_CAR"/>
    <instantOut id="235_D025" time="42459.83" state="leave" vehID="Car_23888" speed="4.27" length="5.00" type="DEFAULT_CAR" occupancy="0.88"/>
    <instantOut id="235_D025" time="44532.72" state="enter" vehID="Car_24380" speed="9.01" length="5.00" type="DEFAULT_CAR" gap="2072.89"/>
    <instantOut id="235_D025" time="44532.75" state="stay" vehID="Car_24380" speed="9.01" length="5.00" type="DEFAULT_CAR"/>
    <instantOut id="235_D025" time="44533.00" state="stay" vehID="Car_24380" speed="8.26" length="5.00" type="DEFAULT_CAR"/>
    <instantOut id="235_D025" time="44533.25" state="stay" vehID="Car_24380" speed="7.74" length="5.00" type="DEFAULT_CAR"/>
    <instantOut id="235_D025" time="44533.35" state="leave" vehID="Car_24380" speed="7.04" length="5.00" type="DEFAULT_CAR" occupancy="0.63"/>
</instantE1>
