<?xml version="1.0" encoding="UTF-8"?>

<!-- generated on 2025-02-25 15:39:37 by Eclipse SUMO GUI Version 1.19.0
<configuration xmlns:xsi="http://www.w3.org/2001/XMLSchema-instance" xsi:noNamespaceSchemaLocation="http://sumo.dlr.de/xsd/sumoConfiguration.xsd">

    <input>
        <net-file value="Network.net.xml"/>
        <route-files value="CarRoutes.rou.xml"/>
        <additional-files value="Sensors.add.xml"/>
    </input>

    <output>
        <emission-output value="logs/Emissions.xml"/>
        <summary-output value="logs/Log_summary.xml"/>
        <summary-output.period value="300"/>
        <tripinfo-output value="logs/TripInfos.xml"/>
    </output>

    <time>
        <begin value="0"/>
        <end value="86400"/>
        <step-length value="0.25"/>
    </time>

    <processing>
        <ignore-junction-blocker value="0.1"/>
        <time-to-teleport value="-1"/>
    </processing>

    <report>
        <verbose value="true"/>
        <no-step-log value="true"/>
    </report>

    <emissions>
        <device.emissions.period value="10"/>
    </emissions>

    <traci_server>
        <remote-port value="57774"/>
    </traci_server>

    <gui_only>
        <quit-on-end value="true"/>
        <start value="true"/>
    </gui_only>

</configuration>
-->

<instantE1 xmlns:xsi="http://www.w3.org/2001/XMLSchema-instance" xsi:noNamespaceSchemaLocation="http://sumo.dlr.de/xsd/instant_e1_file.xsd">
    <instantOut id="235_D11" time="524.86" state="enter" vehID="Car_75" speed="5.88" length="5.00" type="DEFAULT_CAR"/>
    <instantOut id="235_D11" time="525.00" state="stay" vehID="Car_75" speed="5.88" length="5.00" type="DEFAULT_CAR"/>
    <instantOut id="235_D11" time="525.25" state="stay" vehID="Car_75" speed="6.83" length="5.00" type="DEFAULT_CAR"/>
    <instantOut id="235_D11" time="525.50" state="stay" vehID="Car_75" speed="7.48" length="5.00" type="DEFAULT_CAR"/>
    <instantOut id="235_D11" time="525.57" state="leave" vehID="Car_75" speed="8.10" length="5.00" type="DEFAULT_CAR" occupancy="0.71"/>
    <instantOut id="235_D11" time="823.93" state="enter" vehID="Car_559" speed="6.28" length="5.00" type="DEFAULT_CAR" gap="298.35"/>
    <instantOut id="235_D11" time="824.00" state="stay" vehID="Car_559" speed="6.28" length="5.00" type="DEFAULT_CAR"/>
    <instantOut id="235_D11" time="824.25" state="stay" vehID="Car_559" speed="7.12" length="5.00" type="DEFAULT_CAR"/>
    <instantOut id="235_D11" time="824.50" state="stay" vehID="Car_559" speed="6.37" length="5.00" type="DEFAULT_CAR"/>
    <instantOut id="235_D11" time="824.69" state="leave" vehID="Car_559" speed="6.35" length="5.00" type="DEFAULT_CAR" occupancy="0.76"/>
    <instantOut id="235_D11" time="957.94" state="enter" vehID="Car_560" speed="4.33" length="5.00" type="DEFAULT_CAR" gap="133.26"/>
    <instantOut id="235_D11" time="958.00" state="stay" vehID="Car_560" speed="4.33" length="5.00" type="DEFAULT_CAR"/>
    <instantOut id="235_D11" time="958.25" state="stay" vehID="Car_560" speed="3.66" length="5.00" type="DEFAULT_CAR"/>
    <instantOut id="235_D11" time="958.50" state="stay" vehID="Car_560" speed="2.91" length="5.00" type="DEFAULT_CAR"/>
    <instantOut id="235_D11" time="958.75" state="stay" vehID="Car_560" speed="2.20" length="5.00" type="DEFAULT_CAR"/>
    <instantOut id="235_D11" time="959.00" state="stay" vehID="Car_560" speed="1.45" length="5.00" type="DEFAULT_CAR"/>
    <instantOut id="235_D11" time="959.25" state="stay" vehID="Car_560" speed="0.70" length="5.00" type="DEFAULT_CAR"/>
    <instantOut id="235_D11" time="959.50" state="stay" vehID="Car_560" speed="0.01" length="5.00" type="DEFAULT_CAR"/>
    <instantOut id="235_D11" time="959.75" state="stay" vehID="Car_560" speed="0.00" length="5.00" type="DEFAULT_CAR"/>
    <instantOut id="235_D11" time="960.00" state="stay" vehID="Car_560" speed="0.00" length="5.00" type="DEFAULT_CAR"/>
    <instantOut id="235_D11" time="960.25" state="stay" vehID="Car_560" speed="0.00" length="5.00" type="DEFAULT_CAR"/>
    <instantOut id="235_D11" time="960.50" state="stay" vehID="Car_560" speed="0.94" length="5.00" type="DEFAULT_CAR"/>
    <instantOut id="235_D11" time="960.75" state="stay" vehID="Car_560" speed="1.86" length="5.00" type="DEFAULT_CAR"/>
    <instantOut id="235_D11" time="961.00" state="stay" vehID="Car_560" speed="2.69" length="5.00" type="DEFAULT_CAR"/>
    <instantOut id="235_D11" time="961.18" state="leave" vehID="Car_560" speed="3.63" length="5.00" type="DEFAULT_CAR" occupancy="3.23"/>
    <instantOut id="235_D11" time="2627.93" state="enter" vehID="Car_1802" speed="4.34" length="5.00" type="DEFAULT_CAR" gap="1666.75"/>
    <instantOut id="235_D11" time="2628.00" state="stay" vehID="Car_1802" speed="4.34" length="5.00" type="DEFAULT_CAR"/>
    <instantOut id="235_D11" time="2628.25" state="stay" vehID="Car_1802" speed="3.61" length="5.00" type="DEFAULT_CAR"/>
    <instantOut id="235_D11" time="2628.50" state="stay" vehID="Car_1802" speed="2.86" length="5.00" type="DEFAULT_CAR"/>
    <instantOut id="235_D11" time="2628.75" state="stay" vehID="Car_1802" speed="2.11" length="5.00" type="DEFAULT_CAR"/>
    <instantOut id="235_D11" time="2629.00" state="stay" vehID="Car_1802" speed="1.36" length="5.00" type="DEFAULT_CAR"/>
    <instantOut id="235_D11" time="2629.25" state="stay" vehID="Car_1802" speed="0.68" length="5.00" type="DEFAULT_CAR"/>
    <instantOut id="235_D11" time="2629.50" state="stay" vehID="Car_1802" speed="0.00" length="5.00" type="DEFAULT_CAR"/>
    <instantOut id="235_D11" time="2629.75" state="stay" vehID="Car_1802" speed="0.00" length="5.00" type="DEFAULT_CAR"/>
    <instantOut id="235_D11" time="2630.00" state="stay" vehID="Car_1802" speed="0.00" length="5.00" type="DEFAULT_CAR"/>
    <instantOut id="235_D11" time="2630.25" state="stay" vehID="Car_1802" speed="0.00" length="5.00" type="DEFAULT_CAR"/>
    <instantOut id="235_D11" time="2630.50" state="stay" vehID="Car_1802" speed="0.00" length="5.00" type="DEFAULT_CAR"/>
    <instantOut id="235_D11" time="2630.75" state="stay" vehID="Car_1802" speed="0.93" length="5.00" type="DEFAULT_CAR"/>
    <instantOut id="235_D11" time="2631.00" state="stay" vehID="Car_1802" speed="1.71" length="5.00" type="DEFAULT_CAR"/>
    <instantOut id="235_D11" time="2631.25" state="stay" vehID="Car_1802" speed="2.38" length="5.00" type="DEFAULT_CAR"/>
    <instantOut id="235_D11" time="2631.49" state="leave" vehID="Car_1802" speed="3.25" length="5.00" type="DEFAULT_CAR" occupancy="3.56"/>
    <instantOut id="235_D11" time="9770.11" state="enter" vehID="Car_5761" speed="5.76" length="5.00" type="DEFAULT_CAR" gap="7138.62"/>
    <instantOut id="235_D11" time="9770.25" state="stay" vehID="Car_5761" speed="5.76" length="5.00" type="DEFAULT_CAR"/>
    <instantOut id="235_D11" time="9770.50" state="stay" vehID="Car_5761" speed="6.38" length="5.00" type="DEFAULT_CAR"/>
    <instantOut id="235_D11" time="9770.75" state="stay" vehID="Car_5761" speed="5.63" length="5.00" type="DEFAULT_CAR"/>
    <instantOut id="235_D11" time="9770.96" state="leave" vehID="Car_5761" speed="5.59" length="5.00" type="DEFAULT_CAR" occupancy="0.85"/>
    <instantOut id="235_D11" time="10248.05" state="enter" vehID="Car_5760" speed="3.91" length="5.00" type="DEFAULT_CAR" gap="477.09"/>
    <instantOut id="235_D11" time="10248.25" state="stay" vehID="Car_5760" speed="3.91" length="5.00" type="DEFAULT_CAR"/>
    <instantOut id="235_D11" time="10248.50" state="stay" vehID="Car_5760" speed="3.16" length="5.00" type="DEFAULT_CAR"/>
    <instantOut id="235_D11" time="10248.75" state="stay" vehID="Car_5760" speed="2.51" length="5.00" type="DEFAULT_CAR"/>
    <instantOut id="235_D11" time="10249.00" state="stay" vehID="Car_5760" speed="1.79" length="5.00" type="DEFAULT_CAR"/>
    <instantOut id="235_D11" time="10249.25" state="stay" vehID="Car_5760" speed="1.04" length="5.00" type="DEFAULT_CAR"/>
    <instantOut id="235_D11" time="10249.50" state="stay" vehID="Car_5760" speed="0.30" length="5.00" type="DEFAULT_CAR"/>
    <instantOut id="235_D11" time="10249.75" state="stay" vehID="Car_5760" speed="0.01" length="5.00" type="DEFAULT_CAR"/>
    <instantOut id="235_D11" time="10250.00" state="stay" vehID="Car_5760" speed="0.00" length="5.00" type="DEFAULT_CAR"/>
    <instantOut id="235_D11" time="10250.25" state="stay" vehID="Car_5760" speed="0.00" length="5.00" type="DEFAULT_CAR"/>
    <instantOut id="235_D11" time="10250.50" state="stay" vehID="Car_5760" speed="0.93" length="5.00" type="DEFAULT_CAR"/>
    <instantOut id="235_D11" time="10250.75" state="stay" vehID="Car_5760" speed="1.80" length="5.00" type="DEFAULT_CAR"/>
    <instantOut id="235_D11" time="10251.00" state="stay" vehID="Car_5760" speed="2.43" length="5.00" type="DEFAULT_CAR"/>
    <instantOut id="235_D11" time="10251.22" state="leave" vehID="Car_5760" speed="3.28" length="5.00" type="DEFAULT_CAR" occupancy="3.17"/>
    <instantOut id="235_D11" time="10359.09" state="enter" vehID="Car_5419" speed="3.62" length="5.00" type="DEFAULT_CAR" gap="107.86"/>
    <instantOut id="235_D11" time="10359.25" state="stay" vehID="Car_5419" speed="3.62" length="5.00" type="DEFAULT_CAR"/>
    <instantOut id="235_D11" time="10359.50" state="stay" vehID="Car_5419" speed="3.11" length="5.00" type="DEFAULT_CAR"/>
    <instantOut id="235_D11" time="10359.75" state="stay" vehID="Car_5419" speed="2.51" length="5.00" type="DEFAULT_CAR"/>
    <instantOut id="235_D11" time="10360.00" state="stay" vehID="Car_5419" speed="2.02" length="5.00" type="DEFAULT_CAR"/>
    <instantOut id="235_D11" time="10360.25" state="stay" vehID="Car_5419" speed="1.29" length="5.00" type="DEFAULT_CAR"/>
    <instantOut id="235_D11" time="10360.50" state="stay" vehID="Car_5419" speed="0.61" length="5.00" type="DEFAULT_CAR"/>
    <instantOut id="235_D11" time="10360.75" state="stay" vehID="Car_5419" speed="0.02" length="5.00" type="DEFAULT_CAR"/>
    <instantOut id="235_D11" time="10361.00" state="stay" vehID="Car_5419" speed="0.00" length="5.00" type="DEFAULT_CAR"/>
    <instantOut id="235_D11" time="10361.25" state="stay" vehID="Car_5419" speed="0.00" length="5.00" type="DEFAULT_CAR"/>
    <instantOut id="235_D11" time="10361.50" state="stay" vehID="Car_5419" speed="0.00" length="5.00" type="DEFAULT_CAR"/>
    <instantOut id="235_D11" time="10361.75" state="stay" vehID="Car_5419" speed="0.00" length="5.00" type="DEFAULT_CAR"/>
    <instantOut id="235_D11" time="10362.00" state="stay" vehID="Car_5419" speed="0.00" length="5.00" type="DEFAULT_CAR"/>
    <instantOut id="235_D11" time="10362.25" state="stay" vehID="Car_5419" speed="0.00" length="5.00" type="DEFAULT_CAR"/>
    <instantOut id="235_D11" time="10362.50" state="stay" vehID="Car_5419" speed="0.00" length="5.00" type="DEFAULT_CAR"/>
    <instantOut id="235_D11" time="10362.75" state="stay" vehID="Car_5419" speed="0.00" length="5.00" type="DEFAULT_CAR"/>
    <instantOut id="235_D11" time="10363.00" state="stay" vehID="Car_5419" speed="0.00" length="5.00" type="DEFAULT_CAR"/>
    <instantOut id="235_D11" time="10363.25" state="stay" vehID="Car_5419" speed="0.00" length="5.00" type="DEFAULT_CAR"/>
    <instantOut id="235_D11" time="10363.50" state="stay" vehID="Car_5419" speed="0.00" length="5.00" type="DEFAULT_CAR"/>
    <instantOut id="235_D11" time="10363.75" state="stay" vehID="Car_5419" speed="0.00" length="5.00" type="DEFAULT_CAR"/>
    <instantOut id="235_D11" time="10364.00" state="stay" vehID="Car_5419" speed="0.00" length="5.00" type="DEFAULT_CAR"/>
    <instantOut id="235_D11" time="10364.25" state="stay" vehID="Car_5419" speed="0.00" length="5.00" type="DEFAULT_CAR"/>
    <instantOut id="235_D11" time="10364.50" state="stay" vehID="Car_5419" speed="0.00" length="5.00" type="DEFAULT_CAR"/>
    <instantOut id="235_D11" time="10364.75" state="stay" vehID="Car_5419" speed="0.85" length="5.00" type="DEFAULT_CAR"/>
    <instantOut id="235_D11" time="10365.00" state="stay" vehID="Car_5419" speed="1.66" length="5.00" type="DEFAULT_CAR"/>
    <instantOut id="235_D11" time="10365.25" state="stay" vehID="Car_5419" speed="2.59" length="5.00" type="DEFAULT_CAR"/>
    <instantOut id="235_D11" time="10365.46" state="leave" vehID="Car_5419" speed="3.50" length="5.00" type="DEFAULT_CAR" occupancy="6.38"/>
    <instantOut id="235_D11" time="10523.89" state="enter" vehID="Car_5889" speed="6.03" length="5.00" type="DEFAULT_CAR" gap="158.43"/>
    <instantOut id="235_D11" time="10524.00" state="stay" vehID="Car_5889" speed="6.03" length="5.00" type="DEFAULT_CAR"/>
    <instantOut id="235_D11" time="10524.25" state="stay" vehID="Car_5889" speed="6.98" length="5.00" type="DEFAULT_CAR"/>
    <instantOut id="235_D11" time="10524.50" state="stay" vehID="Car_5889" speed="7.82" length="5.00" type="DEFAULT_CAR"/>
    <instantOut id="235_D11" time="10524.58" state="leave" vehID="Car_5889" speed="8.54" length="5.00" type="DEFAULT_CAR" occupancy="0.68"/>
    <instantOut id="235_D11" time="10663.00" state="enter" vehID="Car_6184" speed="3.68" length="5.00" type="DEFAULT_CAR" gap="138.43"/>
    <instantOut id="235_D11" time="10663.25" state="stay" vehID="Car_6184" speed="3.68" length="5.00" type="DEFAULT_CAR"/>
    <instantOut id="235_D11" time="10663.50" state="stay" vehID="Car_6184" speed="2.93" length="5.00" type="DEFAULT_CAR"/>
    <instantOut id="235_D11" time="10663.75" state="stay" vehID="Car_6184" speed="2.28" length="5.00" type="DEFAULT_CAR"/>
    <instantOut id="235_D11" time="10664.00" state="stay" vehID="Car_6184" speed="1.72" length="5.00" type="DEFAULT_CAR"/>
    <instantOut id="235_D11" time="10664.25" state="stay" vehID="Car_6184" speed="0.97" length="5.00" type="DEFAULT_CAR"/>
    <instantOut id="235_D11" time="10664.50" state="stay" vehID="Car_6184" speed="0.38" length="5.00" type="DEFAULT_CAR"/>
    <instantOut id="235_D11" time="10664.75" state="stay" vehID="Car_6184" speed="0.01" length="5.00" type="DEFAULT_CAR"/>
    <instantOut id="235_D11" time="10665.00" state="stay" vehID="Car_6184" speed="0.00" length="5.00" type="DEFAULT_CAR"/>
    <instantOut id="235_D11" time="10665.25" state="stay" vehID="Car_6184" speed="0.00" length="5.00" type="DEFAULT_CAR"/>
    <instantOut id="235_D11" time="10665.50" state="stay" vehID="Car_6184" speed="0.00" length="5.00" type="DEFAULT_CAR"/>
    <instantOut id="235_D11" time="10665.75" state="stay" vehID="Car_6184" speed="0.00" length="5.00" type="DEFAULT_CAR"/>
    <instantOut id="235_D11" time="10666.00" state="stay" vehID="Car_6184" speed="0.00" length="5.00" type="DEFAULT_CAR"/>
    <instantOut id="235_D11" time="10666.25" state="stay" vehID="Car_6184" speed="0.00" length="5.00" type="DEFAULT_CAR"/>
    <instantOut id="235_D11" time="10666.50" state="stay" vehID="Car_6184" speed="0.00" length="5.00" type="DEFAULT_CAR"/>
    <instantOut id="235_D11" time="10666.75" state="stay" vehID="Car_6184" speed="0.00" length="5.00" type="DEFAULT_CAR"/>
    <instantOut id="235_D11" time="10667.00" state="stay" vehID="Car_6184" speed="0.00" length="5.00" type="DEFAULT_CAR"/>
    <instantOut id="235_D11" time="10667.25" state="stay" vehID="Car_6184" speed="0.00" length="5.00" type="DEFAULT_CAR"/>
    <instantOut id="235_D11" time="10667.50" state="stay" vehID="Car_6184" speed="0.00" length="5.00" type="DEFAULT_CAR"/>
    <instantOut id="235_D11" time="10667.75" state="stay" vehID="Car_6184" speed="0.00" length="5.00" type="DEFAULT_CAR"/>
    <instantOut id="235_D11" time="10668.00" state="stay" vehID="Car_6184" speed="0.00" length="5.00" type="DEFAULT_CAR"/>
    <instantOut id="235_D11" time="10668.25" state="stay" vehID="Car_6184" speed="0.00" length="5.00" type="DEFAULT_CAR"/>
    <instantOut id="235_D11" time="10668.50" state="stay" vehID="Car_6184" speed="0.00" length="5.00" type="DEFAULT_CAR"/>
    <instantOut id="235_D11" time="10668.75" state="stay" vehID="Car_6184" speed="0.00" length="5.00" type="DEFAULT_CAR"/>
    <instantOut id="235_D11" time="10669.00" state="stay" vehID="Car_6184" speed="0.00" length="5.00" type="DEFAULT_CAR"/>
    <instantOut id="235_D11" time="10669.25" state="stay" vehID="Car_6184" speed="0.00" length="5.00" type="DEFAULT_CAR"/>
    <instantOut id="235_D11" time="10669.50" state="stay" vehID="Car_6184" speed="0.00" length="5.00" type="DEFAULT_CAR"/>
    <instantOut id="235_D11" time="10669.75" state="stay" vehID="Car_6184" speed="0.00" length="5.00" type="DEFAULT_CAR"/>
    <instantOut id="235_D11" time="10670.00" state="stay" vehID="Car_6184" speed="0.00" length="5.00" type="DEFAULT_CAR"/>
    <instantOut id="235_D11" time="10670.25" state="stay" vehID="Car_6184" speed="0.00" length="5.00" type="DEFAULT_CAR"/>
    <instantOut id="235_D11" time="10670.50" state="stay" vehID="Car_6184" speed="0.00" length="5.00" type="DEFAULT_CAR"/>
    <instantOut id="235_D11" time="10670.75" state="stay" vehID="Car_6184" speed="0.00" length="5.00" type="DEFAULT_CAR"/>
    <instantOut id="235_D11" time="10671.00" state="stay" vehID="Car_6184" speed="0.00" length="5.00" type="DEFAULT_CAR"/>
    <instantOut id="235_D11" time="10671.25" state="stay" vehID="Car_6184" speed="0.00" length="5.00" type="DEFAULT_CAR"/>
    <instantOut id="235_D11" time="10671.50" state="stay" vehID="Car_6184" speed="0.00" length="5.00" type="DEFAULT_CAR"/>
    <instantOut id="235_D11" time="10671.75" state="stay" vehID="Car_6184" speed="0.00" length="5.00" type="DEFAULT_CAR"/>
    <instantOut id="235_D11" time="10672.00" state="stay" vehID="Car_6184" speed="0.00" length="5.00" type="DEFAULT_CAR"/>
    <instantOut id="235_D11" time="10672.25" state="stay" vehID="Car_6184" speed="0.00" length="5.00" type="DEFAULT_CAR"/>
    <instantOut id="235_D11" time="10672.50" state="stay" vehID="Car_6184" speed="0.00" length="5.00" type="DEFAULT_CAR"/>
    <instantOut id="235_D11" time="10672.75" state="stay" vehID="Car_6184" speed="0.00" length="5.00" type="DEFAULT_CAR"/>
    <instantOut id="235_D11" time="10673.00" state="stay" vehID="Car_6184" speed="0.00" length="5.00" type="DEFAULT_CAR"/>
    <instantOut id="235_D11" time="10673.25" state="stay" vehID="Car_6184" speed="0.00" length="5.00" type="DEFAULT_CAR"/>
    <instantOut id="235_D11" time="10673.50" state="stay" vehID="Car_6184" speed="0.00" length="5.00" type="DEFAULT_CAR"/>
    <instantOut id="235_D11" time="10673.75" state="stay" vehID="Car_6184" speed="0.00" length="5.00" type="DEFAULT_CAR"/>
    <instantOut id="235_D11" time="10674.00" state="stay" vehID="Car_6184" speed="0.00" length="5.00" type="DEFAULT_CAR"/>
    <instantOut id="235_D11" time="10674.25" state="stay" vehID="Car_6184" speed="0.00" length="5.00" type="DEFAULT_CAR"/>
    <instantOut id="235_D11" time="10674.50" state="stay" vehID="Car_6184" speed="0.00" length="5.00" type="DEFAULT_CAR"/>
    <instantOut id="235_D11" time="10674.75" state="stay" vehID="Car_6184" speed="0.00" length="5.00" type="DEFAULT_CAR"/>
    <instantOut id="235_D11" time="10675.00" state="stay" vehID="Car_6184" speed="0.00" length="5.00" type="DEFAULT_CAR"/>
    <instantOut id="235_D11" time="10675.25" state="stay" vehID="Car_6184" speed="0.00" length="5.00" type="DEFAULT_CAR"/>
    <instantOut id="235_D11" time="10675.50" state="stay" vehID="Car_6184" speed="0.00" length="5.00" type="DEFAULT_CAR"/>
    <instantOut id="235_D11" time="10675.75" state="stay" vehID="Car_6184" speed="0.00" length="5.00" type="DEFAULT_CAR"/>
    <instantOut id="235_D11" time="10676.00" state="stay" vehID="Car_6184" speed="0.00" length="5.00" type="DEFAULT_CAR"/>
    <instantOut id="235_D11" time="10676.25" state="stay" vehID="Car_6184" speed="0.00" length="5.00" type="DEFAULT_CAR"/>
    <instantOut id="235_D11" time="10676.50" state="stay" vehID="Car_6184" speed="0.00" length="5.00" type="DEFAULT_CAR"/>
    <instantOut id="235_D11" time="10676.75" state="stay" vehID="Car_6184" speed="0.87" length="5.00" type="DEFAULT_CAR"/>
    <instantOut id="235_D11" time="10677.00" state="stay" vehID="Car_6184" speed="1.76" length="5.00" type="DEFAULT_CAR"/>
    <instantOut id="235_D11" time="10677.25" state="stay" vehID="Car_6184" speed="2.59" length="5.00" type="DEFAULT_CAR"/>
    <instantOut id="235_D11" time="10677.46" state="leave" vehID="Car_6184" speed="3.38" length="5.00" type="DEFAULT_CAR" occupancy="14.46"/>
    <instantOut id="235_D11" time="10699.08" state="enter" vehID="Car_6185" speed="4.04" length="5.00" type="DEFAULT_CAR" gap="21.62"/>
    <instantOut id="235_D11" time="10699.25" state="stay" vehID="Car_6185" speed="4.04" length="5.00" type="DEFAULT_CAR"/>
    <instantOut id="235_D11" time="10699.50" state="stay" vehID="Car_6185" speed="3.29" length="5.00" type="DEFAULT_CAR"/>
    <instantOut id="235_D11" time="10699.75" state="stay" vehID="Car_6185" speed="2.54" length="5.00" type="DEFAULT_CAR"/>
    <instantOut id="235_D11" time="10700.00" state="stay" vehID="Car_6185" speed="1.79" length="5.00" type="DEFAULT_CAR"/>
    <instantOut id="235_D11" time="10700.25" state="stay" vehID="Car_6185" speed="1.07" length="5.00" type="DEFAULT_CAR"/>
    <instantOut id="235_D11" time="10700.50" state="stay" vehID="Car_6185" speed="0.39" length="5.00" type="DEFAULT_CAR"/>
    <instantOut id="235_D11" time="10700.75" state="stay" vehID="Car_6185" speed="0.04" length="5.00" type="DEFAULT_CAR"/>
    <instantOut id="235_D11" time="10701.00" state="stay" vehID="Car_6185" speed="0.01" length="5.00" type="DEFAULT_CAR"/>
    <instantOut id="235_D11" time="10701.25" state="stay" vehID="Car_6185" speed="0.00" length="5.00" type="DEFAULT_CAR"/>
    <instantOut id="235_D11" time="10701.50" state="stay" vehID="Car_6185" speed="0.00" length="5.00" type="DEFAULT_CAR"/>
    <instantOut id="235_D11" time="10701.75" state="stay" vehID="Car_6185" speed="0.00" length="5.00" type="DEFAULT_CAR"/>
    <instantOut id="235_D11" time="10702.00" state="stay" vehID="Car_6185" speed="0.00" length="5.00" type="DEFAULT_CAR"/>
    <instantOut id="235_D11" time="10702.25" state="stay" vehID="Car_6185" speed="0.00" length="5.00" type="DEFAULT_CAR"/>
    <instantOut id="235_D11" time="10702.50" state="stay" vehID="Car_6185" speed="0.00" length="5.00" type="DEFAULT_CAR"/>
    <instantOut id="235_D11" time="10702.75" state="stay" vehID="Car_6185" speed="0.00" length="5.00" type="DEFAULT_CAR"/>
    <instantOut id="235_D11" time="10703.00" state="stay" vehID="Car_6185" speed="0.00" length="5.00" type="DEFAULT_CAR"/>
    <instantOut id="235_D11" time="10703.25" state="stay" vehID="Car_6185" speed="0.00" length="5.00" type="DEFAULT_CAR"/>
    <instantOut id="235_D11" time="10703.50" state="stay" vehID="Car_6185" speed="0.00" length="5.00" type="DEFAULT_CAR"/>
    <instantOut id="235_D11" time="10703.75" state="stay" vehID="Car_6185" speed="0.00" length="5.00" type="DEFAULT_CAR"/>
    <instantOut id="235_D11" time="10704.00" state="stay" vehID="Car_6185" speed="0.00" length="5.00" type="DEFAULT_CAR"/>
    <instantOut id="235_D11" time="10704.25" state="stay" vehID="Car_6185" speed="0.00" length="5.00" type="DEFAULT_CAR"/>
    <instantOut id="235_D11" time="10704.50" state="stay" vehID="Car_6185" speed="0.00" length="5.00" type="DEFAULT_CAR"/>
    <instantOut id="235_D11" time="10704.75" state="stay" vehID="Car_6185" speed="0.00" length="5.00" type="DEFAULT_CAR"/>
    <instantOut id="235_D11" time="10705.00" state="stay" vehID="Car_6185" speed="0.00" length="5.00" type="DEFAULT_CAR"/>
    <instantOut id="235_D11" time="10705.25" state="stay" vehID="Car_6185" speed="0.00" length="5.00" type="DEFAULT_CAR"/>
    <instantOut id="235_D11" time="10705.50" state="stay" vehID="Car_6185" speed="0.00" length="5.00" type="DEFAULT_CAR"/>
    <instantOut id="235_D11" time="10705.75" state="stay" vehID="Car_6185" speed="0.00" length="5.00" type="DEFAULT_CAR"/>
    <instantOut id="235_D11" time="10706.00" state="stay" vehID="Car_6185" speed="0.00" length="5.00" type="DEFAULT_CAR"/>
    <instantOut id="235_D11" time="10706.25" state="stay" vehID="Car_6185" speed="0.00" length="5.00" type="DEFAULT_CAR"/>
    <instantOut id="235_D11" time="10706.50" state="stay" vehID="Car_6185" speed="0.00" length="5.00" type="DEFAULT_CAR"/>
    <instantOut id="235_D11" time="10706.75" state="stay" vehID="Car_6185" speed="0.00" length="5.00" type="DEFAULT_CAR"/>
    <instantOut id="235_D11" time="10707.00" state="stay" vehID="Car_6185" speed="0.00" length="5.00" type="DEFAULT_CAR"/>
    <instantOut id="235_D11" time="10707.25" state="stay" vehID="Car_6185" speed="0.00" length="5.00" type="DEFAULT_CAR"/>
    <instantOut id="235_D11" time="10707.50" state="stay" vehID="Car_6185" speed="0.00" length="5.00" type="DEFAULT_CAR"/>
    <instantOut id="235_D11" time="10707.75" state="stay" vehID="Car_6185" speed="0.00" length="5.00" type="DEFAULT_CAR"/>
    <instantOut id="235_D11" time="10708.00" state="stay" vehID="Car_6185" speed="0.00" length="5.00" type="DEFAULT_CAR"/>
    <instantOut id="235_D11" time="10708.25" state="stay" vehID="Car_6185" speed="0.00" length="5.00" type="DEFAULT_CAR"/>
    <instantOut id="235_D11" time="10708.50" state="stay" vehID="Car_6185" speed="0.00" length="5.00" type="DEFAULT_CAR"/>
    <instantOut id="235_D11" time="10708.75" state="stay" vehID="Car_6185" speed="0.00" length="5.00" type="DEFAULT_CAR"/>
    <instantOut id="235_D11" time="10709.00" state="stay" vehID="Car_6185" speed="0.00" length="5.00" type="DEFAULT_CAR"/>
    <instantOut id="235_D11" time="10709.25" state="stay" vehID="Car_6185" speed="0.00" length="5.00" type="DEFAULT_CAR"/>
    <instantOut id="235_D11" time="10709.50" state="stay" vehID="Car_6185" speed="0.00" length="5.00" type="DEFAULT_CAR"/>
    <instantOut id="235_D11" time="10709.75" state="stay" vehID="Car_6185" speed="0.00" length="5.00" type="DEFAULT_CAR"/>
    <instantOut id="235_D11" time="10710.00" state="stay" vehID="Car_6185" speed="0.00" length="5.00" type="DEFAULT_CAR"/>
    <instantOut id="235_D11" time="10710.25" state="stay" vehID="Car_6185" speed="0.00" length="5.00" type="DEFAULT_CAR"/>
    <instantOut id="235_D11" time="10710.50" state="stay" vehID="Car_6185" speed="0.00" length="5.00" type="DEFAULT_CAR"/>
    <instantOut id="235_D11" time="10710.75" state="stay" vehID="Car_6185" speed="0.00" length="5.00" type="DEFAULT_CAR"/>
    <instantOut id="235_D11" time="10711.00" state="stay" vehID="Car_6185" speed="0.00" length="5.00" type="DEFAULT_CAR"/>
    <instantOut id="235_D11" time="10711.25" state="stay" vehID="Car_6185" speed="0.00" length="5.00" type="DEFAULT_CAR"/>
    <instantOut id="235_D11" time="10711.50" state="stay" vehID="Car_6185" speed="0.00" length="5.00" type="DEFAULT_CAR"/>
    <instantOut id="235_D11" time="10711.75" state="stay" vehID="Car_6185" speed="0.00" length="5.00" type="DEFAULT_CAR"/>
    <instantOut id="235_D11" time="10712.00" state="stay" vehID="Car_6185" speed="0.00" length="5.00" type="DEFAULT_CAR"/>
    <instantOut id="235_D11" time="10712.25" state="stay" vehID="Car_6185" speed="0.00" length="5.00" type="DEFAULT_CAR"/>
    <instantOut id="235_D11" time="10712.50" state="stay" vehID="Car_6185" speed="0.00" length="5.00" type="DEFAULT_CAR"/>
    <instantOut id="235_D11" time="10712.75" state="stay" vehID="Car_6185" speed="0.00" length="5.00" type="DEFAULT_CAR"/>
    <instantOut id="235_D11" time="10713.00" state="stay" vehID="Car_6185" speed="0.00" length="5.00" type="DEFAULT_CAR"/>
    <instantOut id="235_D11" time="10713.25" state="stay" vehID="Car_6185" speed="0.00" length="5.00" type="DEFAULT_CAR"/>
    <instantOut id="235_D11" time="10713.50" state="stay" vehID="Car_6185" speed="0.00" length="5.00" type="DEFAULT_CAR"/>
    <instantOut id="235_D11" time="10713.75" state="stay" vehID="Car_6185" speed="0.00" length="5.00" type="DEFAULT_CAR"/>
    <instantOut id="235_D11" time="10714.00" state="stay" vehID="Car_6185" speed="0.00" length="5.00" type="DEFAULT_CAR"/>
    <instantOut id="235_D11" time="10714.25" state="stay" vehID="Car_6185" speed="0.00" length="5.00" type="DEFAULT_CAR"/>
    <instantOut id="235_D11" time="10714.50" state="stay" vehID="Car_6185" speed="0.00" length="5.00" type="DEFAULT_CAR"/>
    <instantOut id="235_D11" time="10714.75" state="stay" vehID="Car_6185" speed="0.00" length="5.00" type="DEFAULT_CAR"/>
    <instantOut id="235_D11" time="10715.00" state="stay" vehID="Car_6185" speed="0.00" length="5.00" type="DEFAULT_CAR"/>
    <instantOut id="235_D11" time="10715.25" state="stay" vehID="Car_6185" speed="0.00" length="5.00" type="DEFAULT_CAR"/>
    <instantOut id="235_D11" time="10715.50" state="stay" vehID="Car_6185" speed="0.00" length="5.00" type="DEFAULT_CAR"/>
    <instantOut id="235_D11" time="10715.75" state="stay" vehID="Car_6185" speed="0.00" length="5.00" type="DEFAULT_CAR"/>
    <instantOut id="235_D11" time="10716.00" state="stay" vehID="Car_6185" speed="0.00" length="5.00" type="DEFAULT_CAR"/>
    <instantOut id="235_D11" time="10716.25" state="stay" vehID="Car_6185" speed="0.00" length="5.00" type="DEFAULT_CAR"/>
    <instantOut id="235_D11" time="10716.50" state="stay" vehID="Car_6185" speed="0.00" length="5.00" type="DEFAULT_CAR"/>
    <instantOut id="235_D11" time="10716.75" state="stay" vehID="Car_6185" speed="0.00" length="5.00" type="DEFAULT_CAR"/>
    <instantOut id="235_D11" time="10717.00" state="stay" vehID="Car_6185" speed="0.00" length="5.00" type="DEFAULT_CAR"/>
    <instantOut id="235_D11" time="10717.25" state="stay" vehID="Car_6185" speed="0.00" length="5.00" type="DEFAULT_CAR"/>
    <instantOut id="235_D11" time="10717.50" state="stay" vehID="Car_6185" speed="0.00" length="5.00" type="DEFAULT_CAR"/>
    <instantOut id="235_D11" time="10717.75" state="stay" vehID="Car_6185" speed="0.00" length="5.00" type="DEFAULT_CAR"/>
    <instantOut id="235_D11" time="10718.00" state="stay" vehID="Car_6185" speed="0.00" length="5.00" type="DEFAULT_CAR"/>
    <instantOut id="235_D11" time="10718.25" state="stay" vehID="Car_6185" speed="0.00" length="5.00" type="DEFAULT_CAR"/>
    <instantOut id="235_D11" time="10718.50" state="stay" vehID="Car_6185" speed="0.00" length="5.00" type="DEFAULT_CAR"/>
    <instantOut id="235_D11" time="10718.75" state="stay" vehID="Car_6185" speed="0.00" length="5.00" type="DEFAULT_CAR"/>
    <instantOut id="235_D11" time="10719.00" state="stay" vehID="Car_6185" speed="0.00" length="5.00" type="DEFAULT_CAR"/>
    <instantOut id="235_D11" time="10719.25" state="stay" vehID="Car_6185" speed="0.00" length="5.00" type="DEFAULT_CAR"/>
    <instantOut id="235_D11" time="10719.50" state="stay" vehID="Car_6185" speed="0.00" length="5.00" type="DEFAULT_CAR"/>
    <instantOut id="235_D11" time="10719.75" state="stay" vehID="Car_6185" speed="0.93" length="5.00" type="DEFAULT_CAR"/>
    <instantOut id="235_D11" time="10720.00" state="stay" vehID="Car_6185" speed="1.84" length="5.00" type="DEFAULT_CAR"/>
    <instantOut id="235_D11" time="10720.25" state="stay" vehID="Car_6185" speed="2.47" length="5.00" type="DEFAULT_CAR"/>
    <instantOut id="235_D11" time="10720.46" state="leave" vehID="Car_6185" speed="3.31" length="5.00" type="DEFAULT_CAR" occupancy="21.39"/>
    <instantOut id="235_D11" time="11642.07" state="enter" vehID="Car_6429" speed="3.84" length="5.00" type="DEFAULT_CAR" gap="921.60"/>
    <instantOut id="235_D11" time="11642.25" state="stay" vehID="Car_6429" speed="3.84" length="5.00" type="DEFAULT_CAR"/>
    <instantOut id="235_D11" time="11642.50" state="stay" vehID="Car_6429" speed="3.09" length="5.00" type="DEFAULT_CAR"/>
    <instantOut id="235_D11" time="11642.75" state="stay" vehID="Car_6429" speed="2.34" length="5.00" type="DEFAULT_CAR"/>
    <instantOut id="235_D11" time="11643.00" state="stay" vehID="Car_6429" speed="1.94" length="5.00" type="DEFAULT_CAR"/>
    <instantOut id="235_D11" time="11643.25" state="stay" vehID="Car_6429" speed="1.19" length="5.00" type="DEFAULT_CAR"/>
    <instantOut id="235_D11" time="11643.50" state="stay" vehID="Car_6429" speed="0.50" length="5.00" type="DEFAULT_CAR"/>
    <instantOut id="235_D11" time="11643.75" state="stay" vehID="Car_6429" speed="0.06" length="5.00" type="DEFAULT_CAR"/>
    <instantOut id="235_D11" time="11644.00" state="stay" vehID="Car_6429" speed="0.00" length="5.00" type="DEFAULT_CAR"/>
    <instantOut id="235_D11" time="11644.25" state="stay" vehID="Car_6429" speed="0.00" length="5.00" type="DEFAULT_CAR"/>
    <instantOut id="235_D11" time="11644.50" state="stay" vehID="Car_6429" speed="0.00" length="5.00" type="DEFAULT_CAR"/>
    <instantOut id="235_D11" time="11644.75" state="stay" vehID="Car_6429" speed="0.00" length="5.00" type="DEFAULT_CAR"/>
    <instantOut id="235_D11" time="11645.00" state="stay" vehID="Car_6429" speed="0.00" length="5.00" type="DEFAULT_CAR"/>
    <instantOut id="235_D11" time="11645.25" state="stay" vehID="Car_6429" speed="0.00" length="5.00" type="DEFAULT_CAR"/>
    <instantOut id="235_D11" time="11645.50" state="stay" vehID="Car_6429" speed="0.00" length="5.00" type="DEFAULT_CAR"/>
    <instantOut id="235_D11" time="11645.75" state="stay" vehID="Car_6429" speed="0.00" length="5.00" type="DEFAULT_CAR"/>
    <instantOut id="235_D11" time="11646.00" state="stay" vehID="Car_6429" speed="0.00" length="5.00" type="DEFAULT_CAR"/>
    <instantOut id="235_D11" time="11646.25" state="stay" vehID="Car_6429" speed="0.00" length="5.00" type="DEFAULT_CAR"/>
    <instantOut id="235_D11" time="11646.50" state="stay" vehID="Car_6429" speed="0.00" length="5.00" type="DEFAULT_CAR"/>
    <instantOut id="235_D11" time="11646.75" state="stay" vehID="Car_6429" speed="0.00" length="5.00" type="DEFAULT_CAR"/>
    <instantOut id="235_D11" time="11647.00" state="stay" vehID="Car_6429" speed="0.00" length="5.00" type="DEFAULT_CAR"/>
    <instantOut id="235_D11" time="11647.25" state="stay" vehID="Car_6429" speed="0.00" length="5.00" type="DEFAULT_CAR"/>
    <instantOut id="235_D11" time="11647.50" state="stay" vehID="Car_6429" speed="0.00" length="5.00" type="DEFAULT_CAR"/>
    <instantOut id="235_D11" time="11647.75" state="stay" vehID="Car_6429" speed="0.00" length="5.00" type="DEFAULT_CAR"/>
    <instantOut id="235_D11" time="11648.00" state="stay" vehID="Car_6429" speed="0.00" length="5.00" type="DEFAULT_CAR"/>
    <instantOut id="235_D11" time="11648.25" state="stay" vehID="Car_6429" speed="0.00" length="5.00" type="DEFAULT_CAR"/>
    <instantOut id="235_D11" time="11648.50" state="stay" vehID="Car_6429" speed="0.00" length="5.00" type="DEFAULT_CAR"/>
    <instantOut id="235_D11" time="11648.75" state="stay" vehID="Car_6429" speed="0.00" length="5.00" type="DEFAULT_CAR"/>
    <instantOut id="235_D11" time="11649.00" state="stay" vehID="Car_6429" speed="0.00" length="5.00" type="DEFAULT_CAR"/>
    <instantOut id="235_D11" time="11649.25" state="stay" vehID="Car_6429" speed="0.00" length="5.00" type="DEFAULT_CAR"/>
    <instantOut id="235_D11" time="11649.50" state="stay" vehID="Car_6429" speed="0.00" length="5.00" type="DEFAULT_CAR"/>
    <instantOut id="235_D11" time="11649.75" state="stay" vehID="Car_6429" speed="0.00" length="5.00" type="DEFAULT_CAR"/>
    <instantOut id="235_D11" time="11650.00" state="stay" vehID="Car_6429" speed="0.00" length="5.00" type="DEFAULT_CAR"/>
    <instantOut id="235_D11" time="11650.25" state="stay" vehID="Car_6429" speed="0.00" length="5.00" type="DEFAULT_CAR"/>
    <instantOut id="235_D11" time="11650.50" state="stay" vehID="Car_6429" speed="0.00" length="5.00" type="DEFAULT_CAR"/>
    <instantOut id="235_D11" time="11650.75" state="stay" vehID="Car_6429" speed="0.00" length="5.00" type="DEFAULT_CAR"/>
    <instantOut id="235_D11" time="11651.00" state="stay" vehID="Car_6429" speed="0.00" length="5.00" type="DEFAULT_CAR"/>
    <instantOut id="235_D11" time="11651.25" state="stay" vehID="Car_6429" speed="0.00" length="5.00" type="DEFAULT_CAR"/>
    <instantOut id="235_D11" time="11651.50" state="stay" vehID="Car_6429" speed="0.00" length="5.00" type="DEFAULT_CAR"/>
    <instantOut id="235_D11" time="11651.75" state="stay" vehID="Car_6429" speed="0.00" length="5.00" type="DEFAULT_CAR"/>
    <instantOut id="235_D11" time="11652.00" state="stay" vehID="Car_6429" speed="0.00" length="5.00" type="DEFAULT_CAR"/>
    <instantOut id="235_D11" time="11652.25" state="stay" vehID="Car_6429" speed="0.00" length="5.00" type="DEFAULT_CAR"/>
    <instantOut id="235_D11" time="11652.50" state="stay" vehID="Car_6429" speed="0.00" length="5.00" type="DEFAULT_CAR"/>
    <instantOut id="235_D11" time="11652.75" state="stay" vehID="Car_6429" speed="0.85" length="5.00" type="DEFAULT_CAR"/>
    <instantOut id="235_D11" time="11653.00" state="stay" vehID="Car_6429" speed="1.63" length="5.00" type="DEFAULT_CAR"/>
    <instantOut id="235_D11" time="11653.25" state="stay" vehID="Car_6429" speed="2.42" length="5.00" type="DEFAULT_CAR"/>
    <instantOut id="235_D11" time="11653.50" state="stay" vehID="Car_6429" speed="2.99" length="5.00" type="DEFAULT_CAR"/>
    <instantOut id="235_D11" time="11653.51" state="leave" vehID="Car_6429" speed="3.81" length="5.00" type="DEFAULT_CAR" occupancy="11.44"/>
    <instantOut id="235_D11" time="11921.95" state="enter" vehID="Car_6428" speed="6.21" length="5.00" type="DEFAULT_CAR" gap="268.43"/>
    <instantOut id="235_D11" time="11922.00" state="stay" vehID="Car_6428" speed="6.21" length="5.00" type="DEFAULT_CAR"/>
    <instantOut id="235_D11" time="11922.25" state="stay" vehID="Car_6428" speed="7.16" length="5.00" type="DEFAULT_CAR"/>
    <instantOut id="235_D11" time="11922.50" state="stay" vehID="Car_6428" speed="7.81" length="5.00" type="DEFAULT_CAR"/>
    <instantOut id="235_D11" time="11922.61" state="leave" vehID="Car_6428" speed="8.54" length="5.00" type="DEFAULT_CAR" occupancy="0.66"/>
    <instantOut id="235_D11" time="13601.93" state="enter" vehID="Car_7713" speed="6.00" length="5.00" type="DEFAULT_CAR" gap="1679.32"/>
    <instantOut id="235_D11" time="13602.00" state="stay" vehID="Car_7713" speed="6.00" length="5.00" type="DEFAULT_CAR"/>
    <instantOut id="235_D11" time="13602.25" state="stay" vehID="Car_7713" speed="6.95" length="5.00" type="DEFAULT_CAR"/>
    <instantOut id="235_D11" time="13602.50" state="stay" vehID="Car_7713" speed="7.46" length="5.00" type="DEFAULT_CAR"/>
    <instantOut id="235_D11" time="13602.62" state="leave" vehID="Car_7713" speed="7.96" length="5.00" type="DEFAULT_CAR" occupancy="0.69"/>
    <instantOut id="235_D11" time="13802.91" state="enter" vehID="Car_7703" speed="6.13" length="5.00" type="DEFAULT_CAR" gap="200.29"/>
    <instantOut id="235_D11" time="13803.00" state="stay" vehID="Car_7703" speed="6.13" length="5.00" type="DEFAULT_CAR"/>
    <instantOut id="235_D11" time="13803.25" state="stay" vehID="Car_7703" speed="7.08" length="5.00" type="DEFAULT_CAR"/>
    <instantOut id="235_D11" time="13803.50" state="stay" vehID="Car_7703" speed="6.60" length="5.00" type="DEFAULT_CAR"/>
    <instantOut id="235_D11" time="13803.66" state="leave" vehID="Car_7703" speed="6.40" length="5.00" type="DEFAULT_CAR" occupancy="0.75"/>
    <instantOut id="235_D11" time="14012.88" state="enter" vehID="Car_7702" speed="6.07" length="5.00" type="DEFAULT_CAR" gap="209.22"/>
    <instantOut id="235_D11" time="14013.00" state="stay" vehID="Car_7702" speed="6.07" length="5.00" type="DEFAULT_CAR"/>
    <instantOut id="235_D11" time="14013.25" state="stay" vehID="Car_7702" speed="7.02" length="5.00" type="DEFAULT_CAR"/>
    <instantOut id="235_D11" time="14013.50" state="stay" vehID="Car_7702" speed="7.70" length="5.00" type="DEFAULT_CAR"/>
    <instantOut id="235_D11" time="14013.57" state="leave" vehID="Car_7702" speed="8.36" length="5.00" type="DEFAULT_CAR" occupancy="0.69"/>
    <instantOut id="235_D11" time="15168.95" state="enter" vehID="Car_8777" speed="4.36" length="5.00" type="DEFAULT_CAR" gap="1155.38"/>
    <instantOut id="235_D11" time="15169.00" state="stay" vehID="Car_8777" speed="4.36" length="5.00" type="DEFAULT_CAR"/>
    <instantOut id="235_D11" time="15169.25" state="stay" vehID="Car_8777" speed="3.67" length="5.00" type="DEFAULT_CAR"/>
    <instantOut id="235_D11" time="15169.50" state="stay" vehID="Car_8777" speed="2.92" length="5.00" type="DEFAULT_CAR"/>
    <instantOut id="235_D11" time="15169.75" state="stay" vehID="Car_8777" speed="2.17" length="5.00" type="DEFAULT_CAR"/>
    <instantOut id="235_D11" time="15170.00" state="stay" vehID="Car_8777" speed="1.42" length="5.00" type="DEFAULT_CAR"/>
    <instantOut id="235_D11" time="15170.25" state="stay" vehID="Car_8777" speed="0.81" length="5.00" type="DEFAULT_CAR"/>
    <instantOut id="235_D11" time="15170.50" state="stay" vehID="Car_8777" speed="0.06" length="5.00" type="DEFAULT_CAR"/>
    <instantOut id="235_D11" time="15170.75" state="stay" vehID="Car_8777" speed="0.00" length="5.00" type="DEFAULT_CAR"/>
    <instantOut id="235_D11" time="15171.00" state="stay" vehID="Car_8777" speed="0.00" length="5.00" type="DEFAULT_CAR"/>
    <instantOut id="235_D11" time="15171.25" state="stay" vehID="Car_8777" speed="0.00" length="5.00" type="DEFAULT_CAR"/>
    <instantOut id="235_D11" time="15171.50" state="stay" vehID="Car_8777" speed="0.94" length="5.00" type="DEFAULT_CAR"/>
    <instantOut id="235_D11" time="15171.75" state="stay" vehID="Car_8777" speed="1.67" length="5.00" type="DEFAULT_CAR"/>
    <instantOut id="235_D11" time="15172.00" state="stay" vehID="Car_8777" speed="2.38" length="5.00" type="DEFAULT_CAR"/>
    <instantOut id="235_D11" time="15172.24" state="leave" vehID="Car_8777" speed="3.27" length="5.00" type="DEFAULT_CAR" occupancy="3.29"/>
    <instantOut id="235_D11" time="18067.95" state="enter" vehID="Car_10464" speed="4.42" length="5.00" type="DEFAULT_CAR" gap="2895.71"/>
    <instantOut id="235_D11" time="18068.00" state="stay" vehID="Car_10464" speed="4.42" length="5.00" type="DEFAULT_CAR"/>
    <instantOut id="235_D11" time="18068.25" state="stay" vehID="Car_10464" speed="3.67" length="5.00" type="DEFAULT_CAR"/>
    <instantOut id="235_D11" time="18068.50" state="stay" vehID="Car_10464" speed="2.96" length="5.00" type="DEFAULT_CAR"/>
    <instantOut id="235_D11" time="18068.75" state="stay" vehID="Car_10464" speed="2.21" length="5.00" type="DEFAULT_CAR"/>
    <instantOut id="235_D11" time="18069.00" state="stay" vehID="Car_10464" speed="1.46" length="5.00" type="DEFAULT_CAR"/>
    <instantOut id="235_D11" time="18069.25" state="stay" vehID="Car_10464" speed="0.71" length="5.00" type="DEFAULT_CAR"/>
    <instantOut id="235_D11" time="18069.50" state="stay" vehID="Car_10464" speed="0.02" length="5.00" type="DEFAULT_CAR"/>
    <instantOut id="235_D11" time="18069.75" state="stay" vehID="Car_10464" speed="0.00" length="5.00" type="DEFAULT_CAR"/>
    <instantOut id="235_D11" time="18070.00" state="stay" vehID="Car_10464" speed="0.00" length="5.00" type="DEFAULT_CAR"/>
    <instantOut id="235_D11" time="18070.25" state="stay" vehID="Car_10464" speed="0.00" length="5.00" type="DEFAULT_CAR"/>
    <instantOut id="235_D11" time="18070.50" state="stay" vehID="Car_10464" speed="0.00" length="5.00" type="DEFAULT_CAR"/>
    <instantOut id="235_D11" time="18070.75" state="stay" vehID="Car_10464" speed="0.00" length="5.00" type="DEFAULT_CAR"/>
    <instantOut id="235_D11" time="18071.00" state="stay" vehID="Car_10464" speed="0.00" length="5.00" type="DEFAULT_CAR"/>
    <instantOut id="235_D11" time="18071.25" state="stay" vehID="Car_10464" speed="0.00" length="5.00" type="DEFAULT_CAR"/>
    <instantOut id="235_D11" time="18071.50" state="stay" vehID="Car_10464" speed="0.00" length="5.00" type="DEFAULT_CAR"/>
    <instantOut id="235_D11" time="18071.75" state="stay" vehID="Car_10464" speed="0.00" length="5.00" type="DEFAULT_CAR"/>
    <instantOut id="235_D11" time="18072.00" state="stay" vehID="Car_10464" speed="0.00" length="5.00" type="DEFAULT_CAR"/>
    <instantOut id="235_D11" time="18072.25" state="stay" vehID="Car_10464" speed="0.00" length="5.00" type="DEFAULT_CAR"/>
    <instantOut id="235_D11" time="18072.50" state="stay" vehID="Car_10464" speed="0.00" length="5.00" type="DEFAULT_CAR"/>
    <instantOut id="235_D11" time="18072.75" state="stay" vehID="Car_10464" speed="0.00" length="5.00" type="DEFAULT_CAR"/>
    <instantOut id="235_D11" time="18073.00" state="stay" vehID="Car_10464" speed="0.00" length="5.00" type="DEFAULT_CAR"/>
    <instantOut id="235_D11" time="18073.25" state="stay" vehID="Car_10464" speed="0.00" length="5.00" type="DEFAULT_CAR"/>
    <instantOut id="235_D11" time="18073.50" state="stay" vehID="Car_10464" speed="0.00" length="5.00" type="DEFAULT_CAR"/>
    <instantOut id="235_D11" time="18073.75" state="stay" vehID="Car_10464" speed="0.00" length="5.00" type="DEFAULT_CAR"/>
    <instantOut id="235_D11" time="18074.00" state="stay" vehID="Car_10464" speed="0.00" length="5.00" type="DEFAULT_CAR"/>
    <instantOut id="235_D11" time="18074.25" state="stay" vehID="Car_10464" speed="0.00" length="5.00" type="DEFAULT_CAR"/>
    <instantOut id="235_D11" time="18074.50" state="stay" vehID="Car_10464" speed="0.93" length="5.00" type="DEFAULT_CAR"/>
    <instantOut id="235_D11" time="18074.75" state="stay" vehID="Car_10464" speed="1.72" length="5.00" type="DEFAULT_CAR"/>
    <instantOut id="235_D11" time="18075.00" state="stay" vehID="Car_10464" speed="2.59" length="5.00" type="DEFAULT_CAR"/>
    <instantOut id="235_D11" time="18075.21" state="leave" vehID="Car_10464" speed="3.45" length="5.00" type="DEFAULT_CAR" occupancy="7.26"/>
    <instantOut id="235_D11" time="18450.90" state="enter" vehID="Car_10465" speed="5.86" length="5.00" type="DEFAULT_CAR" gap="375.70"/>
    <instantOut id="235_D11" time="18451.00" state="stay" vehID="Car_10465" speed="5.86" length="5.00" type="DEFAULT_CAR"/>
    <instantOut id="235_D11" time="18451.25" state="stay" vehID="Car_10465" speed="6.81" length="5.00" type="DEFAULT_CAR"/>
    <instantOut id="235_D11" time="18451.50" state="stay" vehID="Car_10465" speed="7.35" length="5.00" type="DEFAULT_CAR"/>
    <instantOut id="235_D11" time="18451.61" state="leave" vehID="Car_10465" speed="8.03" length="5.00" type="DEFAULT_CAR" occupancy="0.71"/>
    <instantOut id="235_D11" time="18590.00" state="enter" vehID="Car_10466" speed="4.53" length="5.00" type="DEFAULT_CAR" gap="138.39"/>
    <instantOut id="235_D11" time="18590.00" state="stay" vehID="Car_10466" speed="4.53" length="5.00" type="DEFAULT_CAR"/>
    <instantOut id="235_D11" time="18590.25" state="stay" vehID="Car_10466" speed="3.82" length="5.00" type="DEFAULT_CAR"/>
    <instantOut id="235_D11" time="18590.50" state="stay" vehID="Car_10466" speed="3.08" length="5.00" type="DEFAULT_CAR"/>
    <instantOut id="235_D11" time="18590.75" state="stay" vehID="Car_10466" speed="2.33" length="5.00" type="DEFAULT_CAR"/>
    <instantOut id="235_D11" time="18591.00" state="stay" vehID="Car_10466" speed="1.64" length="5.00" type="DEFAULT_CAR"/>
    <instantOut id="235_D11" time="18591.25" state="stay" vehID="Car_10466" speed="0.89" length="5.00" type="DEFAULT_CAR"/>
    <instantOut id="235_D11" time="18591.50" state="stay" vehID="Car_10466" speed="0.15" length="5.00" type="DEFAULT_CAR"/>
    <instantOut id="235_D11" time="18591.75" state="stay" vehID="Car_10466" speed="0.01" length="5.00" type="DEFAULT_CAR"/>
    <instantOut id="235_D11" time="18592.00" state="stay" vehID="Car_10466" speed="0.00" length="5.00" type="DEFAULT_CAR"/>
    <instantOut id="235_D11" time="18592.25" state="stay" vehID="Car_10466" speed="0.00" length="5.00" type="DEFAULT_CAR"/>
    <instantOut id="235_D11" time="18592.50" state="stay" vehID="Car_10466" speed="0.00" length="5.00" type="DEFAULT_CAR"/>
    <instantOut id="235_D11" time="18592.75" state="stay" vehID="Car_10466" speed="0.00" length="5.00" type="DEFAULT_CAR"/>
    <instantOut id="235_D11" time="18593.00" state="stay" vehID="Car_10466" speed="0.00" length="5.00" type="DEFAULT_CAR"/>
    <instantOut id="235_D11" time="18593.25" state="stay" vehID="Car_10466" speed="0.00" length="5.00" type="DEFAULT_CAR"/>
    <instantOut id="235_D11" time="18593.50" state="stay" vehID="Car_10466" speed="0.00" length="5.00" type="DEFAULT_CAR"/>
    <instantOut id="235_D11" time="18593.75" state="stay" vehID="Car_10466" speed="0.00" length="5.00" type="DEFAULT_CAR"/>
    <instantOut id="235_D11" time="18594.00" state="stay" vehID="Car_10466" speed="0.00" length="5.00" type="DEFAULT_CAR"/>
    <instantOut id="235_D11" time="18594.25" state="stay" vehID="Car_10466" speed="0.00" length="5.00" type="DEFAULT_CAR"/>
    <instantOut id="235_D11" time="18594.50" state="stay" vehID="Car_10466" speed="0.00" length="5.00" type="DEFAULT_CAR"/>
    <instantOut id="235_D11" time="18594.75" state="stay" vehID="Car_10466" speed="0.00" length="5.00" type="DEFAULT_CAR"/>
    <instantOut id="235_D11" time="18595.00" state="stay" vehID="Car_10466" speed="0.00" length="5.00" type="DEFAULT_CAR"/>
    <instantOut id="235_D11" time="18595.25" state="stay" vehID="Car_10466" speed="0.00" length="5.00" type="DEFAULT_CAR"/>
    <instantOut id="235_D11" time="18595.50" state="stay" vehID="Car_10466" speed="0.00" length="5.00" type="DEFAULT_CAR"/>
    <instantOut id="235_D11" time="18595.75" state="stay" vehID="Car_10466" speed="0.00" length="5.00" type="DEFAULT_CAR"/>
    <instantOut id="235_D11" time="18596.00" state="stay" vehID="Car_10466" speed="0.00" length="5.00" type="DEFAULT_CAR"/>
    <instantOut id="235_D11" time="18596.25" state="stay" vehID="Car_10466" speed="0.00" length="5.00" type="DEFAULT_CAR"/>
    <instantOut id="235_D11" time="18596.50" state="stay" vehID="Car_10466" speed="0.00" length="5.00" type="DEFAULT_CAR"/>
    <instantOut id="235_D11" time="18596.75" state="stay" vehID="Car_10466" speed="0.00" length="5.00" type="DEFAULT_CAR"/>
    <instantOut id="235_D11" time="18597.00" state="stay" vehID="Car_10466" speed="0.00" length="5.00" type="DEFAULT_CAR"/>
    <instantOut id="235_D11" time="18597.25" state="stay" vehID="Car_10466" speed="0.00" length="5.00" type="DEFAULT_CAR"/>
    <instantOut id="235_D11" time="18597.50" state="stay" vehID="Car_10466" speed="0.00" length="5.00" type="DEFAULT_CAR"/>
    <instantOut id="235_D11" time="18597.75" state="stay" vehID="Car_10466" speed="0.00" length="5.00" type="DEFAULT_CAR"/>
    <instantOut id="235_D11" time="18598.00" state="stay" vehID="Car_10466" speed="0.00" length="5.00" type="DEFAULT_CAR"/>
    <instantOut id="235_D11" time="18598.25" state="stay" vehID="Car_10466" speed="0.00" length="5.00" type="DEFAULT_CAR"/>
    <instantOut id="235_D11" time="18598.50" state="stay" vehID="Car_10466" speed="0.00" length="5.00" type="DEFAULT_CAR"/>
    <instantOut id="235_D11" time="18598.75" state="stay" vehID="Car_10466" speed="0.00" length="5.00" type="DEFAULT_CAR"/>
    <instantOut id="235_D11" time="18599.00" state="stay" vehID="Car_10466" speed="0.00" length="5.00" type="DEFAULT_CAR"/>
    <instantOut id="235_D11" time="18599.25" state="stay" vehID="Car_10466" speed="0.00" length="5.00" type="DEFAULT_CAR"/>
    <instantOut id="235_D11" time="18599.50" state="stay" vehID="Car_10466" speed="0.00" length="5.00" type="DEFAULT_CAR"/>
    <instantOut id="235_D11" time="18599.75" state="stay" vehID="Car_10466" speed="0.00" length="5.00" type="DEFAULT_CAR"/>
    <instantOut id="235_D11" time="18600.00" state="stay" vehID="Car_10466" speed="0.00" length="5.00" type="DEFAULT_CAR"/>
    <instantOut id="235_D11" time="18600.25" state="stay" vehID="Car_10466" speed="0.00" length="5.00" type="DEFAULT_CAR"/>
    <instantOut id="235_D11" time="18600.50" state="stay" vehID="Car_10466" speed="0.00" length="5.00" type="DEFAULT_CAR"/>
    <instantOut id="235_D11" time="18600.75" state="stay" vehID="Car_10466" speed="0.00" length="5.00" type="DEFAULT_CAR"/>
    <instantOut id="235_D11" time="18601.00" state="stay" vehID="Car_10466" speed="0.00" length="5.00" type="DEFAULT_CAR"/>
    <instantOut id="235_D11" time="18601.25" state="stay" vehID="Car_10466" speed="0.00" length="5.00" type="DEFAULT_CAR"/>
    <instantOut id="235_D11" time="18601.50" state="stay" vehID="Car_10466" speed="0.00" length="5.00" type="DEFAULT_CAR"/>
    <instantOut id="235_D11" time="18601.75" state="stay" vehID="Car_10466" speed="0.00" length="5.00" type="DEFAULT_CAR"/>
    <instantOut id="235_D11" time="18602.00" state="stay" vehID="Car_10466" speed="0.00" length="5.00" type="DEFAULT_CAR"/>
    <instantOut id="235_D11" time="18602.25" state="stay" vehID="Car_10466" speed="0.00" length="5.00" type="DEFAULT_CAR"/>
    <instantOut id="235_D11" time="18602.50" state="stay" vehID="Car_10466" speed="0.00" length="5.00" type="DEFAULT_CAR"/>
    <instantOut id="235_D11" time="18602.75" state="stay" vehID="Car_10466" speed="0.00" length="5.00" type="DEFAULT_CAR"/>
    <instantOut id="235_D11" time="18603.00" state="stay" vehID="Car_10466" speed="0.00" length="5.00" type="DEFAULT_CAR"/>
    <instantOut id="235_D11" time="18603.25" state="stay" vehID="Car_10466" speed="0.00" length="5.00" type="DEFAULT_CAR"/>
    <instantOut id="235_D11" time="18603.50" state="stay" vehID="Car_10466" speed="0.00" length="5.00" type="DEFAULT_CAR"/>
    <instantOut id="235_D11" time="18603.75" state="stay" vehID="Car_10466" speed="0.00" length="5.00" type="DEFAULT_CAR"/>
    <instantOut id="235_D11" time="18604.00" state="stay" vehID="Car_10466" speed="0.00" length="5.00" type="DEFAULT_CAR"/>
    <instantOut id="235_D11" time="18604.25" state="stay" vehID="Car_10466" speed="0.00" length="5.00" type="DEFAULT_CAR"/>
    <instantOut id="235_D11" time="18604.50" state="stay" vehID="Car_10466" speed="0.88" length="5.00" type="DEFAULT_CAR"/>
    <instantOut id="235_D11" time="18604.75" state="stay" vehID="Car_10466" speed="1.76" length="5.00" type="DEFAULT_CAR"/>
    <instantOut id="235_D11" time="18605.00" state="stay" vehID="Car_10466" speed="2.61" length="5.00" type="DEFAULT_CAR"/>
    <instantOut id="235_D11" time="18605.22" state="leave" vehID="Car_10466" speed="3.17" length="5.00" type="DEFAULT_CAR" occupancy="15.22"/>
    <instantOut id="235_D11" time="18722.85" state="enter" vehID="Car_10547" speed="4.09" length="5.00" type="DEFAULT_CAR" gap="117.63"/>
    <instantOut id="235_D11" time="18723.00" state="stay" vehID="Car_10547" speed="4.09" length="5.00" type="DEFAULT_CAR"/>
    <instantOut id="235_D11" time="18723.25" state="stay" vehID="Car_10547" speed="3.34" length="5.00" type="DEFAULT_CAR"/>
    <instantOut id="235_D11" time="18723.50" state="stay" vehID="Car_10547" speed="2.59" length="5.00" type="DEFAULT_CAR"/>
    <instantOut id="235_D11" time="18723.75" state="stay" vehID="Car_10547" speed="1.85" length="5.00" type="DEFAULT_CAR"/>
    <instantOut id="235_D11" time="18724.00" state="stay" vehID="Car_10547" speed="1.20" length="5.00" type="DEFAULT_CAR"/>
    <instantOut id="235_D11" time="18724.25" state="stay" vehID="Car_10547" speed="0.49" length="5.00" type="DEFAULT_CAR"/>
    <instantOut id="235_D11" time="18724.50" state="stay" vehID="Car_10547" speed="0.04" length="5.00" type="DEFAULT_CAR"/>
    <instantOut id="235_D11" time="18724.75" state="stay" vehID="Car_10547" speed="0.00" length="5.00" type="DEFAULT_CAR"/>
    <instantOut id="235_D11" time="18725.00" state="stay" vehID="Car_10547" speed="0.00" length="5.00" type="DEFAULT_CAR"/>
    <instantOut id="235_D11" time="18725.25" state="stay" vehID="Car_10547" speed="0.00" length="5.00" type="DEFAULT_CAR"/>
    <instantOut id="235_D11" time="18725.50" state="stay" vehID="Car_10547" speed="0.00" length="5.00" type="DEFAULT_CAR"/>
    <instantOut id="235_D11" time="18725.75" state="stay" vehID="Car_10547" speed="0.66" length="5.00" type="DEFAULT_CAR"/>
    <instantOut id="235_D11" time="18726.00" state="stay" vehID="Car_10547" speed="1.37" length="5.00" type="DEFAULT_CAR"/>
    <instantOut id="235_D11" time="18726.25" state="stay" vehID="Car_10547" speed="2.03" length="5.00" type="DEFAULT_CAR"/>
    <instantOut id="235_D11" time="18726.50" state="stay" vehID="Car_10547" speed="2.81" length="5.00" type="DEFAULT_CAR"/>
    <instantOut id="235_D11" time="18726.60" state="leave" vehID="Car_10547" speed="3.05" length="5.00" type="DEFAULT_CAR" occupancy="3.75"/>
    <instantOut id="235_D11" time="18804.01" state="enter" vehID="Car_10546" speed="3.58" length="5.00" type="DEFAULT_CAR" gap="77.41"/>
    <instantOut id="235_D11" time="18804.25" state="stay" vehID="Car_10546" speed="3.58" length="5.00" type="DEFAULT_CAR"/>
    <instantOut id="235_D11" time="18804.50" state="stay" vehID="Car_10546" speed="2.91" length="5.00" type="DEFAULT_CAR"/>
    <instantOut id="235_D11" time="18804.75" state="stay" vehID="Car_10546" speed="2.37" length="5.00" type="DEFAULT_CAR"/>
    <instantOut id="235_D11" time="18805.00" state="stay" vehID="Car_10546" speed="1.67" length="5.00" type="DEFAULT_CAR"/>
    <instantOut id="235_D11" time="18805.25" state="stay" vehID="Car_10546" speed="1.02" length="5.00" type="DEFAULT_CAR"/>
    <instantOut id="235_D11" time="18805.50" state="stay" vehID="Car_10546" speed="0.40" length="5.00" type="DEFAULT_CAR"/>
    <instantOut id="235_D11" time="18805.75" state="stay" vehID="Car_10546" speed="0.05" length="5.00" type="DEFAULT_CAR"/>
    <instantOut id="235_D11" time="18806.00" state="stay" vehID="Car_10546" speed="0.00" length="5.00" type="DEFAULT_CAR"/>
    <instantOut id="235_D11" time="18806.25" state="stay" vehID="Car_10546" speed="0.00" length="5.00" type="DEFAULT_CAR"/>
    <instantOut id="235_D11" time="18806.50" state="stay" vehID="Car_10546" speed="0.00" length="5.00" type="DEFAULT_CAR"/>
    <instantOut id="235_D11" time="18806.75" state="stay" vehID="Car_10546" speed="0.94" length="5.00" type="DEFAULT_CAR"/>
    <instantOut id="235_D11" time="18807.00" state="stay" vehID="Car_10546" speed="1.76" length="5.00" type="DEFAULT_CAR"/>
    <instantOut id="235_D11" time="18807.25" state="stay" vehID="Car_10546" speed="2.58" length="5.00" type="DEFAULT_CAR"/>
    <instantOut id="235_D11" time="18807.47" state="leave" vehID="Car_10546" speed="3.22" length="5.00" type="DEFAULT_CAR" occupancy="3.46"/>
    <instantOut id="235_D11" time="18899.87" state="enter" vehID="Car_10545" speed="5.98" length="5.00" type="DEFAULT_CAR" gap="92.40"/>
    <instantOut id="235_D11" time="18900.00" state="stay" vehID="Car_10545" speed="5.98" length="5.00" type="DEFAULT_CAR"/>
    <instantOut id="235_D11" time="18900.25" state="stay" vehID="Car_10545" speed="6.93" length="5.00" type="DEFAULT_CAR"/>
    <instantOut id="235_D11" time="18900.50" state="stay" vehID="Car_10545" speed="7.70" length="5.00" type="DEFAULT_CAR"/>
    <instantOut id="235_D11" time="18900.57" state="leave" vehID="Car_10545" speed="8.34" length="5.00" type="DEFAULT_CAR" occupancy="0.70"/>
    <instantOut id="235_D11" time="18911.98" state="enter" vehID="Car_10544" speed="4.30" length="5.00" type="DEFAULT_CAR" gap="11.41"/>
    <instantOut id="235_D11" time="18912.00" state="stay" vehID="Car_10544" speed="4.30" length="5.00" type="DEFAULT_CAR"/>
    <instantOut id="235_D11" time="18912.25" state="stay" vehID="Car_10544" speed="3.55" length="5.00" type="DEFAULT_CAR"/>
    <instantOut id="235_D11" time="18912.50" state="stay" vehID="Car_10544" speed="2.94" length="5.00" type="DEFAULT_CAR"/>
    <instantOut id="235_D11" time="18912.75" state="stay" vehID="Car_10544" speed="2.35" length="5.00" type="DEFAULT_CAR"/>
    <instantOut id="235_D11" time="18913.00" state="stay" vehID="Car_10544" speed="1.60" length="5.00" type="DEFAULT_CAR"/>
    <instantOut id="235_D11" time="18913.25" state="stay" vehID="Car_10544" speed="0.87" length="5.00" type="DEFAULT_CAR"/>
    <instantOut id="235_D11" time="18913.50" state="stay" vehID="Car_10544" speed="0.21" length="5.00" type="DEFAULT_CAR"/>
    <instantOut id="235_D11" time="18913.75" state="stay" vehID="Car_10544" speed="0.01" length="5.00" type="DEFAULT_CAR"/>
    <instantOut id="235_D11" time="18914.00" state="stay" vehID="Car_10544" speed="0.00" length="5.00" type="DEFAULT_CAR"/>
    <instantOut id="235_D11" time="18914.25" state="stay" vehID="Car_10544" speed="0.00" length="5.00" type="DEFAULT_CAR"/>
    <instantOut id="235_D11" time="18914.50" state="stay" vehID="Car_10544" speed="0.00" length="5.00" type="DEFAULT_CAR"/>
    <instantOut id="235_D11" time="18914.75" state="stay" vehID="Car_10544" speed="0.00" length="5.00" type="DEFAULT_CAR"/>
    <instantOut id="235_D11" time="18915.00" state="stay" vehID="Car_10544" speed="0.00" length="5.00" type="DEFAULT_CAR"/>
    <instantOut id="235_D11" time="18915.25" state="stay" vehID="Car_10544" speed="0.94" length="5.00" type="DEFAULT_CAR"/>
    <instantOut id="235_D11" time="18915.50" state="stay" vehID="Car_10544" speed="1.69" length="5.00" type="DEFAULT_CAR"/>
    <instantOut id="235_D11" time="18915.75" state="stay" vehID="Car_10544" speed="2.50" length="5.00" type="DEFAULT_CAR"/>
    <instantOut id="235_D11" time="18915.98" state="leave" vehID="Car_10544" speed="3.20" length="5.00" type="DEFAULT_CAR" occupancy="4.00"/>
    <instantOut id="235_D11" time="19044.94" state="enter" vehID="Car_10543" speed="6.11" length="5.00" type="DEFAULT_CAR" gap="128.96"/>
    <instantOut id="235_D11" time="19045.00" state="stay" vehID="Car_10543" speed="6.11" length="5.00" type="DEFAULT_CAR"/>
    <instantOut id="235_D11" time="19045.25" state="stay" vehID="Car_10543" speed="7.06" length="5.00" type="DEFAULT_CAR"/>
    <instantOut id="235_D11" time="19045.50" state="stay" vehID="Car_10543" speed="7.96" length="5.00" type="DEFAULT_CAR"/>
    <instantOut id="235_D11" time="19045.60" state="leave" vehID="Car_10543" speed="8.60" length="5.00" type="DEFAULT_CAR" occupancy="0.66"/>
    <instantOut id="235_D11" time="21550.06" state="enter" vehID="Car_12235" speed="4.00" length="5.00" type="DEFAULT_CAR" gap="2504.46"/>
    <instantOut id="235_D11" time="21550.25" state="stay" vehID="Car_12235" speed="4.00" length="5.00" type="DEFAULT_CAR"/>
    <instantOut id="235_D11" time="21550.50" state="stay" vehID="Car_12235" speed="3.25" length="5.00" type="DEFAULT_CAR"/>
    <instantOut id="235_D11" time="21550.75" state="stay" vehID="Car_12235" speed="2.50" length="5.00" type="DEFAULT_CAR"/>
    <instantOut id="235_D11" time="21551.00" state="stay" vehID="Car_12235" speed="1.78" length="5.00" type="DEFAULT_CAR"/>
    <instantOut id="235_D11" time="21551.25" state="stay" vehID="Car_12235" speed="1.03" length="5.00" type="DEFAULT_CAR"/>
    <instantOut id="235_D11" time="21551.50" state="stay" vehID="Car_12235" speed="0.32" length="5.00" type="DEFAULT_CAR"/>
    <instantOut id="235_D11" time="21551.75" state="stay" vehID="Car_12235" speed="0.04" length="5.00" type="DEFAULT_CAR"/>
    <instantOut id="235_D11" time="21552.00" state="stay" vehID="Car_12235" speed="0.00" length="5.00" type="DEFAULT_CAR"/>
    <instantOut id="235_D11" time="21552.25" state="stay" vehID="Car_12235" speed="0.00" length="5.00" type="DEFAULT_CAR"/>
    <instantOut id="235_D11" time="21552.50" state="stay" vehID="Car_12235" speed="0.00" length="5.00" type="DEFAULT_CAR"/>
    <instantOut id="235_D11" time="21552.75" state="stay" vehID="Car_12235" speed="0.00" length="5.00" type="DEFAULT_CAR"/>
    <instantOut id="235_D11" time="21553.00" state="stay" vehID="Car_12235" speed="0.00" length="5.00" type="DEFAULT_CAR"/>
    <instantOut id="235_D11" time="21553.25" state="stay" vehID="Car_12235" speed="0.00" length="5.00" type="DEFAULT_CAR"/>
    <instantOut id="235_D11" time="21553.50" state="stay" vehID="Car_12235" speed="0.00" length="5.00" type="DEFAULT_CAR"/>
    <instantOut id="235_D11" time="21553.75" state="stay" vehID="Car_12235" speed="0.00" length="5.00" type="DEFAULT_CAR"/>
    <instantOut id="235_D11" time="21554.00" state="stay" vehID="Car_12235" speed="0.00" length="5.00" type="DEFAULT_CAR"/>
    <instantOut id="235_D11" time="21554.25" state="stay" vehID="Car_12235" speed="0.00" length="5.00" type="DEFAULT_CAR"/>
    <instantOut id="235_D11" time="21554.50" state="stay" vehID="Car_12235" speed="0.00" length="5.00" type="DEFAULT_CAR"/>
    <instantOut id="235_D11" time="21554.75" state="stay" vehID="Car_12235" speed="0.00" length="5.00" type="DEFAULT_CAR"/>
    <instantOut id="235_D11" time="21555.00" state="stay" vehID="Car_12235" speed="0.00" length="5.00" type="DEFAULT_CAR"/>
    <instantOut id="235_D11" time="21555.25" state="stay" vehID="Car_12235" speed="0.00" length="5.00" type="DEFAULT_CAR"/>
    <instantOut id="235_D11" time="21555.50" state="stay" vehID="Car_12235" speed="0.93" length="5.00" type="DEFAULT_CAR"/>
    <instantOut id="235_D11" time="21555.75" state="stay" vehID="Car_12235" speed="1.72" length="5.00" type="DEFAULT_CAR"/>
    <instantOut id="235_D11" time="21556.00" state="stay" vehID="Car_12235" speed="2.49" length="5.00" type="DEFAULT_CAR"/>
    <instantOut id="235_D11" time="21556.24" state="leave" vehID="Car_12235" speed="3.03" length="5.00" type="DEFAULT_CAR" occupancy="6.18"/>
    <instantOut id="235_D11" time="21814.96" state="enter" vehID="Car_12236" speed="6.05" length="5.00" type="DEFAULT_CAR" gap="258.72"/>
    <instantOut id="235_D11" time="21815.00" state="stay" vehID="Car_12236" speed="6.05" length="5.00" type="DEFAULT_CAR"/>
    <instantOut id="235_D11" time="21815.25" state="stay" vehID="Car_12236" speed="7.00" length="5.00" type="DEFAULT_CAR"/>
    <instantOut id="235_D11" time="21815.50" state="stay" vehID="Car_12236" speed="7.63" length="5.00" type="DEFAULT_CAR"/>
    <instantOut id="235_D11" time="21815.63" state="leave" vehID="Car_12236" speed="8.17" length="5.00" type="DEFAULT_CAR" occupancy="0.68"/>
    <instantOut id="235_D11" time="23127.99" state="enter" vehID="Car_13137" speed="4.53" length="5.00" type="DEFAULT_CAR" gap="1312.36"/>
    <instantOut id="235_D11" time="23128.00" state="stay" vehID="Car_13137" speed="4.53" length="5.00" type="DEFAULT_CAR"/>
    <instantOut id="235_D11" time="23128.25" state="stay" vehID="Car_13137" speed="3.78" length="5.00" type="DEFAULT_CAR"/>
    <instantOut id="235_D11" time="23128.50" state="stay" vehID="Car_13137" speed="3.03" length="5.00" type="DEFAULT_CAR"/>
    <instantOut id="235_D11" time="23128.75" state="stay" vehID="Car_13137" speed="2.28" length="5.00" type="DEFAULT_CAR"/>
    <instantOut id="235_D11" time="23129.00" state="stay" vehID="Car_13137" speed="1.55" length="5.00" type="DEFAULT_CAR"/>
    <instantOut id="235_D11" time="23129.25" state="stay" vehID="Car_13137" speed="0.83" length="5.00" type="DEFAULT_CAR"/>
    <instantOut id="235_D11" time="23129.50" state="stay" vehID="Car_13137" speed="0.27" length="5.00" type="DEFAULT_CAR"/>
    <instantOut id="235_D11" time="23129.75" state="stay" vehID="Car_13137" speed="0.01" length="5.00" type="DEFAULT_CAR"/>
    <instantOut id="235_D11" time="23130.00" state="stay" vehID="Car_13137" speed="0.00" length="5.00" type="DEFAULT_CAR"/>
    <instantOut id="235_D11" time="23130.25" state="stay" vehID="Car_13137" speed="0.00" length="5.00" type="DEFAULT_CAR"/>
    <instantOut id="235_D11" time="23130.50" state="stay" vehID="Car_13137" speed="0.00" length="5.00" type="DEFAULT_CAR"/>
    <instantOut id="235_D11" time="23130.75" state="stay" vehID="Car_13137" speed="0.30" length="5.00" type="DEFAULT_CAR"/>
    <instantOut id="235_D11" time="23131.00" state="stay" vehID="Car_13137" speed="0.54" length="5.00" type="DEFAULT_CAR"/>
    <instantOut id="235_D11" time="23131.25" state="stay" vehID="Car_13137" speed="0.71" length="5.00" type="DEFAULT_CAR"/>
    <instantOut id="235_D11" time="23131.50" state="stay" vehID="Car_13137" speed="0.74" length="5.00" type="DEFAULT_CAR"/>
    <instantOut id="235_D11" time="23131.75" state="stay" vehID="Car_13137" speed="0.88" length="5.00" type="DEFAULT_CAR"/>
    <instantOut id="235_D11" time="23132.00" state="stay" vehID="Car_13137" speed="1.13" length="5.00" type="DEFAULT_CAR"/>
    <instantOut id="235_D11" time="23132.25" state="stay" vehID="Car_13137" speed="1.40" length="5.00" type="DEFAULT_CAR"/>
    <instantOut id="235_D11" time="23132.50" state="stay" vehID="Car_13137" speed="1.68" length="5.00" type="DEFAULT_CAR"/>
    <instantOut id="235_D11" time="23132.60" state="leave" vehID="Car_13137" speed="1.83" length="5.00" type="DEFAULT_CAR" occupancy="4.61"/>
    <instantOut id="235_D11" time="23239.91" state="enter" vehID="Car_13423" speed="6.15" length="5.00" type="DEFAULT_CAR" gap="107.32"/>
    <instantOut id="235_D11" time="23240.00" state="stay" vehID="Car_13423" speed="6.15" length="5.00" type="DEFAULT_CAR"/>
    <instantOut id="235_D11" time="23240.25" state="stay" vehID="Car_13423" speed="7.10" length="5.00" type="DEFAULT_CAR"/>
    <instantOut id="235_D11" time="23240.50" state="stay" vehID="Car_13423" speed="8.03" length="5.00" type="DEFAULT_CAR"/>
    <instantOut id="235_D11" time="23240.58" state="leave" vehID="Car_13423" speed="8.93" length="5.00" type="DEFAULT_CAR" occupancy="0.66"/>
    <instantOut id="235_D11" time="24155.95" state="enter" vehID="Car_14165" speed="6.10" length="5.00" type="DEFAULT_CAR" gap="915.37"/>
    <instantOut id="235_D11" time="24156.00" state="stay" vehID="Car_14165" speed="6.10" length="5.00" type="DEFAULT_CAR"/>
    <instantOut id="235_D11" time="24156.25" state="stay" vehID="Car_14165" speed="7.05" length="5.00" type="DEFAULT_CAR"/>
    <instantOut id="235_D11" time="24156.50" state="stay" vehID="Car_14165" speed="7.60" length="5.00" type="DEFAULT_CAR"/>
    <instantOut id="235_D11" time="24156.62" state="leave" vehID="Car_14165" speed="8.37" length="5.00" type="DEFAULT_CAR" occupancy="0.67"/>
    <instantOut id="235_D11" time="25649.94" state="enter" vehID="Car_15104" speed="6.15" length="5.00" type="DEFAULT_CAR" gap="1493.31"/>
    <instantOut id="235_D11" time="25650.00" state="stay" vehID="Car_15104" speed="6.15" length="5.00" type="DEFAULT_CAR"/>
    <instantOut id="235_D11" time="25650.25" state="stay" vehID="Car_15104" speed="7.10" length="5.00" type="DEFAULT_CAR"/>
    <instantOut id="235_D11" time="25650.50" state="stay" vehID="Car_15104" speed="7.99" length="5.00" type="DEFAULT_CAR"/>
    <instantOut id="235_D11" time="25650.59" state="leave" vehID="Car_15104" speed="8.83" length="5.00" type="DEFAULT_CAR" occupancy="0.66"/>
    <instantOut id="235_D11" time="26996.00" state="enter" vehID="Car_16129" speed="3.74" length="5.00" type="DEFAULT_CAR" gap="1345.41"/>
    <instantOut id="235_D11" time="26996.25" state="stay" vehID="Car_16129" speed="3.74" length="5.00" type="DEFAULT_CAR"/>
    <instantOut id="235_D11" time="26996.50" state="stay" vehID="Car_16129" speed="4.69" length="5.00" type="DEFAULT_CAR"/>
    <instantOut id="235_D11" time="26996.75" state="stay" vehID="Car_16129" speed="5.41" length="5.00" type="DEFAULT_CAR"/>
    <instantOut id="235_D11" time="26997.00" state="leave" vehID="Car_16129" speed="6.27" length="5.00" type="DEFAULT_CAR" occupancy="1.00"/>
    <instantOut id="235_D11" time="27040.98" state="enter" vehID="Car_16128" speed="4.40" length="5.00" type="DEFAULT_CAR" gap="43.99"/>
    <instantOut id="235_D11" time="27041.00" state="stay" vehID="Car_16128" speed="4.40" length="5.00" type="DEFAULT_CAR"/>
    <instantOut id="235_D11" time="27041.25" state="stay" vehID="Car_16128" speed="3.66" length="5.00" type="DEFAULT_CAR"/>
    <instantOut id="235_D11" time="27041.50" state="stay" vehID="Car_16128" speed="3.09" length="5.00" type="DEFAULT_CAR"/>
    <instantOut id="235_D11" time="27041.75" state="stay" vehID="Car_16128" speed="2.34" length="5.00" type="DEFAULT_CAR"/>
    <instantOut id="235_D11" time="27042.00" state="stay" vehID="Car_16128" speed="1.59" length="5.00" type="DEFAULT_CAR"/>
    <instantOut id="235_D11" time="27042.25" state="stay" vehID="Car_16128" speed="0.84" length="5.00" type="DEFAULT_CAR"/>
    <instantOut id="235_D11" time="27042.50" state="stay" vehID="Car_16128" speed="0.12" length="5.00" type="DEFAULT_CAR"/>
    <instantOut id="235_D11" time="27042.75" state="stay" vehID="Car_16128" speed="0.94" length="5.00" type="DEFAULT_CAR"/>
    <instantOut id="235_D11" time="27043.00" state="stay" vehID="Car_16128" speed="1.88" length="5.00" type="DEFAULT_CAR"/>
    <instantOut id="235_D11" time="27043.25" state="stay" vehID="Car_16128" speed="2.49" length="5.00" type="DEFAULT_CAR"/>
    <instantOut id="235_D11" time="27043.47" state="leave" vehID="Car_16128" speed="3.20" length="5.00" type="DEFAULT_CAR" occupancy="2.48"/>
    <instantOut id="235_D11" time="29238.91" state="enter" vehID="Car_17071" speed="4.31" length="5.00" type="DEFAULT_CAR" gap="2195.45"/>
    <instantOut id="235_D11" time="29239.00" state="stay" vehID="Car_17071" speed="4.31" length="5.00" type="DEFAULT_CAR"/>
    <instantOut id="235_D11" time="29239.25" state="stay" vehID="Car_17071" speed="3.56" length="5.00" type="DEFAULT_CAR"/>
    <instantOut id="235_D11" time="29239.50" state="stay" vehID="Car_17071" speed="2.81" length="5.00" type="DEFAULT_CAR"/>
    <instantOut id="235_D11" time="29239.75" state="stay" vehID="Car_17071" speed="2.06" length="5.00" type="DEFAULT_CAR"/>
    <instantOut id="235_D11" time="29240.00" state="stay" vehID="Car_17071" speed="1.31" length="5.00" type="DEFAULT_CAR"/>
    <instantOut id="235_D11" time="29240.25" state="stay" vehID="Car_17071" speed="0.65" length="5.00" type="DEFAULT_CAR"/>
    <instantOut id="235_D11" time="29240.50" state="stay" vehID="Car_17071" speed="0.02" length="5.00" type="DEFAULT_CAR"/>
    <instantOut id="235_D11" time="29240.75" state="stay" vehID="Car_17071" speed="0.00" length="5.00" type="DEFAULT_CAR"/>
    <instantOut id="235_D11" time="29241.00" state="stay" vehID="Car_17071" speed="0.00" length="5.00" type="DEFAULT_CAR"/>
    <instantOut id="235_D11" time="29241.25" state="stay" vehID="Car_17071" speed="0.00" length="5.00" type="DEFAULT_CAR"/>
    <instantOut id="235_D11" time="29241.50" state="stay" vehID="Car_17071" speed="0.00" length="5.00" type="DEFAULT_CAR"/>
    <instantOut id="235_D11" time="29241.75" state="stay" vehID="Car_17071" speed="0.00" length="5.00" type="DEFAULT_CAR"/>
    <instantOut id="235_D11" time="29242.00" state="stay" vehID="Car_17071" speed="0.00" length="5.00" type="DEFAULT_CAR"/>
    <instantOut id="235_D11" time="29242.25" state="stay" vehID="Car_17071" speed="0.00" length="5.00" type="DEFAULT_CAR"/>
    <instantOut id="235_D11" time="29242.50" state="stay" vehID="Car_17071" speed="0.00" length="5.00" type="DEFAULT_CAR"/>
    <instantOut id="235_D11" time="29242.75" state="stay" vehID="Car_17071" speed="0.00" length="5.00" type="DEFAULT_CAR"/>
    <instantOut id="235_D11" time="29243.00" state="stay" vehID="Car_17071" speed="0.00" length="5.00" type="DEFAULT_CAR"/>
    <instantOut id="235_D11" time="29243.25" state="stay" vehID="Car_17071" speed="0.00" length="5.00" type="DEFAULT_CAR"/>
    <instantOut id="235_D11" time="29243.50" state="stay" vehID="Car_17071" speed="0.00" length="5.00" type="DEFAULT_CAR"/>
    <instantOut id="235_D11" time="29243.75" state="stay" vehID="Car_17071" speed="0.00" length="5.00" type="DEFAULT_CAR"/>
    <instantOut id="235_D11" time="29244.00" state="stay" vehID="Car_17071" speed="0.00" length="5.00" type="DEFAULT_CAR"/>
    <instantOut id="235_D11" time="29244.25" state="stay" vehID="Car_17071" speed="0.93" length="5.00" type="DEFAULT_CAR"/>
    <instantOut id="235_D11" time="29244.50" state="stay" vehID="Car_17071" speed="1.87" length="5.00" type="DEFAULT_CAR"/>
    <instantOut id="235_D11" time="29244.75" state="stay" vehID="Car_17071" speed="2.60" length="5.00" type="DEFAULT_CAR"/>
    <instantOut id="235_D11" time="29244.94" state="leave" vehID="Car_17071" speed="3.48" length="5.00" type="DEFAULT_CAR" occupancy="6.03"/>
    <instantOut id="235_D11" time="32253.99" state="enter" vehID="Car_19785" speed="4.36" length="5.00" type="DEFAULT_CAR" gap="3009.05"/>
    <instantOut id="235_D11" time="32254.00" state="stay" vehID="Car_19785" speed="4.36" length="5.00" type="DEFAULT_CAR"/>
    <instantOut id="235_D11" time="32254.25" state="stay" vehID="Car_19785" speed="3.61" length="5.00" type="DEFAULT_CAR"/>
    <instantOut id="235_D11" time="32254.50" state="stay" vehID="Car_19785" speed="3.03" length="5.00" type="DEFAULT_CAR"/>
    <instantOut id="235_D11" time="32254.75" state="stay" vehID="Car_19785" speed="2.28" length="5.00" type="DEFAULT_CAR"/>
    <instantOut id="235_D11" time="32255.00" state="stay" vehID="Car_19785" speed="1.64" length="5.00" type="DEFAULT_CAR"/>
    <instantOut id="235_D11" time="32255.25" state="stay" vehID="Car_19785" speed="0.92" length="5.00" type="DEFAULT_CAR"/>
    <instantOut id="235_D11" time="32255.50" state="stay" vehID="Car_19785" speed="1.85" length="5.00" type="DEFAULT_CAR"/>
    <instantOut id="235_D11" time="32255.75" state="stay" vehID="Car_19785" speed="2.48" length="5.00" type="DEFAULT_CAR"/>
    <instantOut id="235_D11" time="32256.00" state="stay" vehID="Car_19785" speed="3.29" length="5.00" type="DEFAULT_CAR"/>
    <instantOut id="235_D11" time="32256.05" state="leave" vehID="Car_19785" speed="4.07" length="5.00" type="DEFAULT_CAR" occupancy="2.05"/>
    <instantOut id="235_D11" time="32986.89" state="enter" vehID="Car_19786" speed="5.92" length="5.00" type="DEFAULT_CAR" gap="730.84"/>
    <instantOut id="235_D11" time="32987.00" state="stay" vehID="Car_19786" speed="5.92" length="5.00" type="DEFAULT_CAR"/>
    <instantOut id="235_D11" time="32987.25" state="stay" vehID="Car_19786" speed="6.87" length="5.00" type="DEFAULT_CAR"/>
    <instantOut id="235_D11" time="32987.50" state="stay" vehID="Car_19786" speed="7.69" length="5.00" type="DEFAULT_CAR"/>
    <instantOut id="235_D11" time="32987.58" state="leave" vehID="Car_19786" speed="8.31" length="5.00" type="DEFAULT_CAR" occupancy="0.70"/>
    <instantOut id="235_D11" time="33215.88" state="enter" vehID="Car_20321" speed="5.94" length="5.00" type="DEFAULT_CAR" gap="228.30"/>
    <instantOut id="235_D11" time="33216.00" state="stay" vehID="Car_20321" speed="5.94" length="5.00" type="DEFAULT_CAR"/>
    <instantOut id="235_D11" time="33216.25" state="stay" vehID="Car_20321" speed="6.89" length="5.00" type="DEFAULT_CAR"/>
    <instantOut id="235_D11" time="33216.50" state="stay" vehID="Car_20321" speed="7.41" length="5.00" type="DEFAULT_CAR"/>
    <instantOut id="235_D11" time="33216.59" state="leave" vehID="Car_20321" speed="7.93" length="5.00" type="DEFAULT_CAR" occupancy="0.71"/>
    <instantOut id="235_D11" time="33323.90" state="enter" vehID="Car_20286" speed="6.12" length="5.00" type="DEFAULT_CAR" gap="107.31"/>
    <instantOut id="235_D11" time="33324.00" state="stay" vehID="Car_20286" speed="6.12" length="5.00" type="DEFAULT_CAR"/>
    <instantOut id="235_D11" time="33324.25" state="stay" vehID="Car_20286" speed="7.07" length="5.00" type="DEFAULT_CAR"/>
    <instantOut id="235_D11" time="33324.50" state="stay" vehID="Car_20286" speed="6.59" length="5.00" type="DEFAULT_CAR"/>
    <instantOut id="235_D11" time="33324.65" state="leave" vehID="Car_20286" speed="6.48" length="5.00" type="DEFAULT_CAR" occupancy="0.75"/>
    <instantOut id="235_D11" time="34043.96" state="enter" vehID="Car_20448" speed="5.14" length="5.00" type="DEFAULT_CAR" gap="719.31"/>
    <instantOut id="235_D11" time="34044.00" state="stay" vehID="Car_20448" speed="5.14" length="5.00" type="DEFAULT_CAR"/>
    <instantOut id="235_D11" time="34044.25" state="stay" vehID="Car_20448" speed="5.14" length="5.00" type="DEFAULT_CAR"/>
    <instantOut id="235_D11" time="34044.50" state="stay" vehID="Car_20448" speed="5.14" length="5.00" type="DEFAULT_CAR"/>
    <instantOut id="235_D11" time="34044.75" state="stay" vehID="Car_20448" speed="4.44" length="5.00" type="DEFAULT_CAR"/>
    <instantOut id="235_D11" time="34045.00" state="stay" vehID="Car_20448" speed="3.69" length="5.00" type="DEFAULT_CAR"/>
    <instantOut id="235_D11" time="34045.06" state="leave" vehID="Car_20448" speed="2.97" length="5.00" type="DEFAULT_CAR" occupancy="1.10"/>
    <instantOut id="235_D11" time="34066.93" state="enter" vehID="Car_20447" speed="6.23" length="5.00" type="DEFAULT_CAR" gap="21.87"/>
    <instantOut id="235_D11" time="34067.00" state="stay" vehID="Car_20447" speed="6.23" length="5.00" type="DEFAULT_CAR"/>
    <instantOut id="235_D11" time="34067.25" state="stay" vehID="Car_20447" speed="7.18" length="5.00" type="DEFAULT_CAR"/>
    <instantOut id="235_D11" time="34067.50" state="stay" vehID="Car_20447" speed="7.69" length="5.00" type="DEFAULT_CAR"/>
    <instantOut id="235_D11" time="34067.60" state="leave" vehID="Car_20447" speed="8.25" length="5.00" type="DEFAULT_CAR" occupancy="0.67"/>
    <instantOut id="235_D11" time="34277.85" state="enter" vehID="Car_20446" speed="4.04" length="5.00" type="DEFAULT_CAR" gap="210.25"/>
    <instantOut id="235_D11" time="34278.00" state="stay" vehID="Car_20446" speed="4.04" length="5.00" type="DEFAULT_CAR"/>
    <instantOut id="235_D11" time="34278.25" state="stay" vehID="Car_20446" speed="3.29" length="5.00" type="DEFAULT_CAR"/>
    <instantOut id="235_D11" time="34278.50" state="stay" vehID="Car_20446" speed="2.54" length="5.00" type="DEFAULT_CAR"/>
    <instantOut id="235_D11" time="34278.75" state="stay" vehID="Car_20446" speed="1.85" length="5.00" type="DEFAULT_CAR"/>
    <instantOut id="235_D11" time="34279.00" state="stay" vehID="Car_20446" speed="1.19" length="5.00" type="DEFAULT_CAR"/>
    <instantOut id="235_D11" time="34279.25" state="stay" vehID="Car_20446" speed="0.59" length="5.00" type="DEFAULT_CAR"/>
    <instantOut id="235_D11" time="34279.50" state="stay" vehID="Car_20446" speed="0.06" length="5.00" type="DEFAULT_CAR"/>
    <instantOut id="235_D11" time="34279.75" state="stay" vehID="Car_20446" speed="0.01" length="5.00" type="DEFAULT_CAR"/>
    <instantOut id="235_D11" time="34280.00" state="stay" vehID="Car_20446" speed="0.00" length="5.00" type="DEFAULT_CAR"/>
    <instantOut id="235_D11" time="34280.25" state="stay" vehID="Car_20446" speed="0.00" length="5.00" type="DEFAULT_CAR"/>
    <instantOut id="235_D11" time="34280.50" state="stay" vehID="Car_20446" speed="0.00" length="5.00" type="DEFAULT_CAR"/>
    <instantOut id="235_D11" time="34280.75" state="stay" vehID="Car_20446" speed="0.00" length="5.00" type="DEFAULT_CAR"/>
    <instantOut id="235_D11" time="34281.00" state="stay" vehID="Car_20446" speed="0.00" length="5.00" type="DEFAULT_CAR"/>
    <instantOut id="235_D11" time="34281.25" state="stay" vehID="Car_20446" speed="0.00" length="5.00" type="DEFAULT_CAR"/>
    <instantOut id="235_D11" time="34281.50" state="stay" vehID="Car_20446" speed="0.00" length="5.00" type="DEFAULT_CAR"/>
    <instantOut id="235_D11" time="34281.75" state="stay" vehID="Car_20446" speed="0.00" length="5.00" type="DEFAULT_CAR"/>
    <instantOut id="235_D11" time="34282.00" state="stay" vehID="Car_20446" speed="0.00" length="5.00" type="DEFAULT_CAR"/>
    <instantOut id="235_D11" time="34282.25" state="stay" vehID="Car_20446" speed="0.00" length="5.00" type="DEFAULT_CAR"/>
    <instantOut id="235_D11" time="34282.50" state="stay" vehID="Car_20446" speed="0.00" length="5.00" type="DEFAULT_CAR"/>
    <instantOut id="235_D11" time="34282.75" state="stay" vehID="Car_20446" speed="0.00" length="5.00" type="DEFAULT_CAR"/>
    <instantOut id="235_D11" time="34283.00" state="stay" vehID="Car_20446" speed="0.00" length="5.00" type="DEFAULT_CAR"/>
    <instantOut id="235_D11" time="34283.25" state="stay" vehID="Car_20446" speed="0.00" length="5.00" type="DEFAULT_CAR"/>
    <instantOut id="235_D11" time="34283.50" state="stay" vehID="Car_20446" speed="0.00" length="5.00" type="DEFAULT_CAR"/>
    <instantOut id="235_D11" time="34283.75" state="stay" vehID="Car_20446" speed="0.00" length="5.00" type="DEFAULT_CAR"/>
    <instantOut id="235_D11" time="34284.00" state="stay" vehID="Car_20446" speed="0.00" length="5.00" type="DEFAULT_CAR"/>
    <instantOut id="235_D11" time="34284.25" state="stay" vehID="Car_20446" speed="0.00" length="5.00" type="DEFAULT_CAR"/>
    <instantOut id="235_D11" time="34284.50" state="stay" vehID="Car_20446" speed="0.00" length="5.00" type="DEFAULT_CAR"/>
    <instantOut id="235_D11" time="34284.75" state="stay" vehID="Car_20446" speed="0.00" length="5.00" type="DEFAULT_CAR"/>
    <instantOut id="235_D11" time="34285.00" state="stay" vehID="Car_20446" speed="0.00" length="5.00" type="DEFAULT_CAR"/>
    <instantOut id="235_D11" time="34285.25" state="stay" vehID="Car_20446" speed="0.00" length="5.00" type="DEFAULT_CAR"/>
    <instantOut id="235_D11" time="34285.50" state="stay" vehID="Car_20446" speed="0.00" length="5.00" type="DEFAULT_CAR"/>
    <instantOut id="235_D11" time="34285.75" state="stay" vehID="Car_20446" speed="0.00" length="5.00" type="DEFAULT_CAR"/>
    <instantOut id="235_D11" time="34286.00" state="stay" vehID="Car_20446" speed="0.00" length="5.00" type="DEFAULT_CAR"/>
    <instantOut id="235_D11" time="34286.25" state="stay" vehID="Car_20446" speed="0.00" length="5.00" type="DEFAULT_CAR"/>
    <instantOut id="235_D11" time="34286.50" state="stay" vehID="Car_20446" speed="0.00" length="5.00" type="DEFAULT_CAR"/>
    <instantOut id="235_D11" time="34286.75" state="stay" vehID="Car_20446" speed="0.00" length="5.00" type="DEFAULT_CAR"/>
    <instantOut id="235_D11" time="34287.00" state="stay" vehID="Car_20446" speed="0.00" length="5.00" type="DEFAULT_CAR"/>
    <instantOut id="235_D11" time="34287.25" state="stay" vehID="Car_20446" speed="0.00" length="5.00" type="DEFAULT_CAR"/>
    <instantOut id="235_D11" time="34287.50" state="stay" vehID="Car_20446" speed="0.00" length="5.00" type="DEFAULT_CAR"/>
    <instantOut id="235_D11" time="34287.75" state="stay" vehID="Car_20446" speed="0.00" length="5.00" type="DEFAULT_CAR"/>
    <instantOut id="235_D11" time="34288.00" state="stay" vehID="Car_20446" speed="0.00" length="5.00" type="DEFAULT_CAR"/>
    <instantOut id="235_D11" time="34288.25" state="stay" vehID="Car_20446" speed="0.00" length="5.00" type="DEFAULT_CAR"/>
    <instantOut id="235_D11" time="34288.50" state="stay" vehID="Car_20446" speed="0.00" length="5.00" type="DEFAULT_CAR"/>
    <instantOut id="235_D11" time="34288.75" state="stay" vehID="Car_20446" speed="0.00" length="5.00" type="DEFAULT_CAR"/>
    <instantOut id="235_D11" time="34289.00" state="stay" vehID="Car_20446" speed="0.00" length="5.00" type="DEFAULT_CAR"/>
    <instantOut id="235_D11" time="34289.25" state="stay" vehID="Car_20446" speed="0.00" length="5.00" type="DEFAULT_CAR"/>
    <instantOut id="235_D11" time="34289.50" state="stay" vehID="Car_20446" speed="0.00" length="5.00" type="DEFAULT_CAR"/>
    <instantOut id="235_D11" time="34289.75" state="stay" vehID="Car_20446" speed="0.00" length="5.00" type="DEFAULT_CAR"/>
    <instantOut id="235_D11" time="34290.00" state="stay" vehID="Car_20446" speed="0.00" length="5.00" type="DEFAULT_CAR"/>
    <instantOut id="235_D11" time="34290.25" state="stay" vehID="Car_20446" speed="0.00" length="5.00" type="DEFAULT_CAR"/>
    <instantOut id="235_D11" time="34290.50" state="stay" vehID="Car_20446" speed="0.00" length="5.00" type="DEFAULT_CAR"/>
    <instantOut id="235_D11" time="34290.75" state="stay" vehID="Car_20446" speed="0.00" length="5.00" type="DEFAULT_CAR"/>
    <instantOut id="235_D11" time="34291.00" state="stay" vehID="Car_20446" speed="0.00" length="5.00" type="DEFAULT_CAR"/>
    <instantOut id="235_D11" time="34291.25" state="stay" vehID="Car_20446" speed="0.00" length="5.00" type="DEFAULT_CAR"/>
    <instantOut id="235_D11" time="34291.50" state="stay" vehID="Car_20446" speed="0.00" length="5.00" type="DEFAULT_CAR"/>
    <instantOut id="235_D11" time="34291.75" state="stay" vehID="Car_20446" speed="0.00" length="5.00" type="DEFAULT_CAR"/>
    <instantOut id="235_D11" time="34292.00" state="stay" vehID="Car_20446" speed="0.00" length="5.00" type="DEFAULT_CAR"/>
    <instantOut id="235_D11" time="34292.25" state="stay" vehID="Car_20446" speed="0.00" length="5.00" type="DEFAULT_CAR"/>
    <instantOut id="235_D11" time="34292.50" state="stay" vehID="Car_20446" speed="0.00" length="5.00" type="DEFAULT_CAR"/>
    <instantOut id="235_D11" time="34292.75" state="stay" vehID="Car_20446" speed="0.00" length="5.00" type="DEFAULT_CAR"/>
    <instantOut id="235_D11" time="34293.00" state="stay" vehID="Car_20446" speed="0.00" length="5.00" type="DEFAULT_CAR"/>
    <instantOut id="235_D11" time="34293.25" state="stay" vehID="Car_20446" speed="0.00" length="5.00" type="DEFAULT_CAR"/>
    <instantOut id="235_D11" time="34293.50" state="stay" vehID="Car_20446" speed="0.00" length="5.00" type="DEFAULT_CAR"/>
    <instantOut id="235_D11" time="34293.75" state="stay" vehID="Car_20446" speed="0.00" length="5.00" type="DEFAULT_CAR"/>
    <instantOut id="235_D11" time="34294.00" state="stay" vehID="Car_20446" speed="0.00" length="5.00" type="DEFAULT_CAR"/>
    <instantOut id="235_D11" time="34294.25" state="stay" vehID="Car_20446" speed="0.00" length="5.00" type="DEFAULT_CAR"/>
    <instantOut id="235_D11" time="34294.50" state="stay" vehID="Car_20446" speed="0.00" length="5.00" type="DEFAULT_CAR"/>
    <instantOut id="235_D11" time="34294.75" state="stay" vehID="Car_20446" speed="0.00" length="5.00" type="DEFAULT_CAR"/>
    <instantOut id="235_D11" time="34295.00" state="stay" vehID="Car_20446" speed="0.00" length="5.00" type="DEFAULT_CAR"/>
    <instantOut id="235_D11" time="34295.25" state="stay" vehID="Car_20446" speed="0.00" length="5.00" type="DEFAULT_CAR"/>
    <instantOut id="235_D11" time="34295.50" state="stay" vehID="Car_20446" speed="0.00" length="5.00" type="DEFAULT_CAR"/>
    <instantOut id="235_D11" time="34295.75" state="stay" vehID="Car_20446" speed="0.00" length="5.00" type="DEFAULT_CAR"/>
    <instantOut id="235_D11" time="34296.00" state="stay" vehID="Car_20446" speed="0.00" length="5.00" type="DEFAULT_CAR"/>
    <instantOut id="235_D11" time="34296.25" state="stay" vehID="Car_20446" speed="0.00" length="5.00" type="DEFAULT_CAR"/>
    <instantOut id="235_D11" time="34296.50" state="stay" vehID="Car_20446" speed="0.00" length="5.00" type="DEFAULT_CAR"/>
    <instantOut id="235_D11" time="34296.75" state="stay" vehID="Car_20446" speed="0.00" length="5.00" type="DEFAULT_CAR"/>
    <instantOut id="235_D11" time="34297.00" state="stay" vehID="Car_20446" speed="0.00" length="5.00" type="DEFAULT_CAR"/>
    <instantOut id="235_D11" time="34297.25" state="stay" vehID="Car_20446" speed="0.00" length="5.00" type="DEFAULT_CAR"/>
    <instantOut id="235_D11" time="34297.50" state="stay" vehID="Car_20446" speed="0.00" length="5.00" type="DEFAULT_CAR"/>
    <instantOut id="235_D11" time="34297.75" state="stay" vehID="Car_20446" speed="0.00" length="5.00" type="DEFAULT_CAR"/>
    <instantOut id="235_D11" time="34298.00" state="stay" vehID="Car_20446" speed="0.00" length="5.00" type="DEFAULT_CAR"/>
    <instantOut id="235_D11" time="34298.25" state="stay" vehID="Car_20446" speed="0.00" length="5.00" type="DEFAULT_CAR"/>
    <instantOut id="235_D11" time="34298.50" state="stay" vehID="Car_20446" speed="0.00" length="5.00" type="DEFAULT_CAR"/>
    <instantOut id="235_D11" time="34298.75" state="stay" vehID="Car_20446" speed="0.00" length="5.00" type="DEFAULT_CAR"/>
    <instantOut id="235_D11" time="34299.00" state="stay" vehID="Car_20446" speed="0.00" length="5.00" type="DEFAULT_CAR"/>
    <instantOut id="235_D11" time="34299.25" state="stay" vehID="Car_20446" speed="0.00" length="5.00" type="DEFAULT_CAR"/>
    <instantOut id="235_D11" time="34299.50" state="stay" vehID="Car_20446" speed="0.88" length="5.00" type="DEFAULT_CAR"/>
    <instantOut id="235_D11" time="34299.75" state="stay" vehID="Car_20446" speed="1.71" length="5.00" type="DEFAULT_CAR"/>
    <instantOut id="235_D11" time="34300.00" state="stay" vehID="Car_20446" speed="2.46" length="5.00" type="DEFAULT_CAR"/>
    <instantOut id="235_D11" time="34300.23" state="leave" vehID="Car_20446" speed="3.32" length="5.00" type="DEFAULT_CAR" occupancy="22.38"/>
    <instantOut id="235_D11" time="34452.96" state="enter" vehID="Car_20445" speed="4.35" length="5.00" type="DEFAULT_CAR" gap="152.73"/>
    <instantOut id="235_D11" time="34453.00" state="stay" vehID="Car_20445" speed="4.35" length="5.00" type="DEFAULT_CAR"/>
    <instantOut id="235_D11" time="34453.25" state="stay" vehID="Car_20445" speed="3.60" length="5.00" type="DEFAULT_CAR"/>
    <instantOut id="235_D11" time="34453.50" state="stay" vehID="Car_20445" speed="2.85" length="5.00" type="DEFAULT_CAR"/>
    <instantOut id="235_D11" time="34453.75" state="stay" vehID="Car_20445" speed="2.12" length="5.00" type="DEFAULT_CAR"/>
    <instantOut id="235_D11" time="34454.00" state="stay" vehID="Car_20445" speed="1.61" length="5.00" type="DEFAULT_CAR"/>
    <instantOut id="235_D11" time="34454.25" state="stay" vehID="Car_20445" speed="0.86" length="5.00" type="DEFAULT_CAR"/>
    <instantOut id="235_D11" time="34454.50" state="stay" vehID="Car_20445" speed="0.11" length="5.00" type="DEFAULT_CAR"/>
    <instantOut id="235_D11" time="34454.75" state="stay" vehID="Car_20445" speed="0.00" length="5.00" type="DEFAULT_CAR"/>
    <instantOut id="235_D11" time="34455.00" state="stay" vehID="Car_20445" speed="0.00" length="5.00" type="DEFAULT_CAR"/>
    <instantOut id="235_D11" time="34455.25" state="stay" vehID="Car_20445" speed="0.95" length="5.00" type="DEFAULT_CAR"/>
    <instantOut id="235_D11" time="34455.50" state="stay" vehID="Car_20445" speed="1.74" length="5.00" type="DEFAULT_CAR"/>
    <instantOut id="235_D11" time="34455.75" state="stay" vehID="Car_20445" speed="2.53" length="5.00" type="DEFAULT_CAR"/>
    <instantOut id="235_D11" time="34455.96" state="leave" vehID="Car_20445" speed="3.47" length="5.00" type="DEFAULT_CAR" occupancy="3.00"/>
    <instantOut id="235_D11" time="35863.97" state="enter" vehID="Car_21497" speed="5.94" length="5.00" type="DEFAULT_CAR" gap="1408.02"/>
    <instantOut id="235_D11" time="35864.00" state="stay" vehID="Car_21497" speed="5.94" length="5.00" type="DEFAULT_CAR"/>
    <instantOut id="235_D11" time="35864.25" state="stay" vehID="Car_21497" speed="6.89" length="5.00" type="DEFAULT_CAR"/>
    <instantOut id="235_D11" time="35864.50" state="stay" vehID="Car_21497" speed="7.70" length="5.00" type="DEFAULT_CAR"/>
    <instantOut id="235_D11" time="35864.64" state="leave" vehID="Car_21497" speed="8.57" length="5.00" type="DEFAULT_CAR" occupancy="0.67"/>
    <instantOut id="235_D11" time="38060.06" state="enter" vehID="Car_22154" speed="5.72" length="5.00" type="DEFAULT_CAR" gap="2195.42"/>
    <instantOut id="235_D11" time="38060.25" state="stay" vehID="Car_22154" speed="5.72" length="5.00" type="DEFAULT_CAR"/>
    <instantOut id="235_D11" time="38060.50" state="stay" vehID="Car_22154" speed="6.67" length="5.00" type="DEFAULT_CAR"/>
    <instantOut id="235_D11" time="38060.75" state="stay" vehID="Car_22154" speed="7.22" length="5.00" type="DEFAULT_CAR"/>
    <instantOut id="235_D11" time="38060.81" state="leave" vehID="Car_22154" speed="7.93" length="5.00" type="DEFAULT_CAR" occupancy="0.74"/>
    <instantOut id="235_D11" time="39690.93" state="enter" vehID="Car_23026" speed="6.00" length="5.00" type="DEFAULT_CAR" gap="1630.12"/>
    <instantOut id="235_D11" time="39691.00" state="stay" vehID="Car_23026" speed="6.00" length="5.00" type="DEFAULT_CAR"/>
    <instantOut id="235_D11" time="39691.25" state="stay" vehID="Car_23026" speed="6.95" length="5.00" type="DEFAULT_CAR"/>
    <instantOut id="235_D11" time="39691.50" state="stay" vehID="Car_23026" speed="7.61" length="5.00" type="DEFAULT_CAR"/>
    <instantOut id="235_D11" time="39691.61" state="leave" vehID="Car_23026" speed="8.43" length="5.00" type="DEFAULT_CAR" occupancy="0.68"/>
    <instantOut id="235_D11" time="40698.91" state="enter" vehID="Car_23267" speed="6.23" length="5.00" type="DEFAULT_CAR" gap="1007.30"/>
    <instantOut id="235_D11" time="40699.00" state="stay" vehID="Car_23267" speed="6.23" length="5.00" type="DEFAULT_CAR"/>
    <instantOut id="235_D11" time="40699.25" state="stay" vehID="Car_23267" speed="7.18" length="5.00" type="DEFAULT_CAR"/>
    <instantOut id="235_D11" time="40699.50" state="stay" vehID="Car_23267" speed="7.68" length="5.00" type="DEFAULT_CAR"/>
    <instantOut id="235_D11" time="40699.59" state="leave" vehID="Car_23267" speed="8.59" length="5.00" type="DEFAULT_CAR" occupancy="0.67"/>
</instantE1>
