<?xml version="1.0" encoding="UTF-8"?>

<!-- generated on 2025-02-25 15:39:37 by Eclipse SUMO GUI Version 1.19.0
<configuration xmlns:xsi="http://www.w3.org/2001/XMLSchema-instance" xsi:noNamespaceSchemaLocation="http://sumo.dlr.de/xsd/sumoConfiguration.xsd">

    <input>
        <net-file value="Network.net.xml"/>
        <route-files value="CarRoutes.rou.xml"/>
        <additional-files value="Sensors.add.xml"/>
    </input>

    <output>
        <emission-output value="logs/Emissions.xml"/>
        <summary-output value="logs/Log_summary.xml"/>
        <summary-output.period value="300"/>
        <tripinfo-output value="logs/TripInfos.xml"/>
    </output>

    <time>
        <begin value="0"/>
        <end value="86400"/>
        <step-length value="0.25"/>
    </time>

    <processing>
        <ignore-junction-blocker value="0.1"/>
        <time-to-teleport value="-1"/>
    </processing>

    <report>
        <verbose value="true"/>
        <no-step-log value="true"/>
    </report>

    <emissions>
        <device.emissions.period value="10"/>
    </emissions>

    <traci_server>
        <remote-port value="57774"/>
    </traci_server>

    <gui_only>
        <quit-on-end value="true"/>
        <start value="true"/>
    </gui_only>

</configuration>
-->

<instantE1 xmlns:xsi="http://www.w3.org/2001/XMLSchema-instance" xsi:noNamespaceSchemaLocation="http://sumo.dlr.de/xsd/instant_e1_file.xsd">
    <instantOut id="235_D104" time="1724.62" state="enter" vehID="Car_1456" speed="6.49" length="5.00" type="DEFAULT_CAR"/>
    <instantOut id="235_D104" time="1724.75" state="stay" vehID="Car_1456" speed="6.49" length="5.00" type="DEFAULT_CAR"/>
    <instantOut id="235_D104" time="1725.00" state="stay" vehID="Car_1456" speed="5.74" length="5.00" type="DEFAULT_CAR"/>
    <instantOut id="235_D104" time="1725.25" state="stay" vehID="Car_1456" speed="4.99" length="5.00" type="DEFAULT_CAR"/>
    <instantOut id="235_D104" time="1725.50" state="leave" vehID="Car_1456" speed="5.94" length="5.00" type="DEFAULT_CAR" occupancy="0.88"/>
    <instantOut id="235_D104" time="23296.25" state="enter" vehID="Car_13800" speed="6.78" length="5.00" type="DEFAULT_CAR" gap="21570.75"/>
    <instantOut id="235_D104" time="23296.25" state="stay" vehID="Car_13800" speed="6.78" length="5.00" type="DEFAULT_CAR"/>
    <instantOut id="235_D104" time="23296.50" state="stay" vehID="Car_13800" speed="6.03" length="5.00" type="DEFAULT_CAR"/>
    <instantOut id="235_D104" time="23296.75" state="stay" vehID="Car_13800" speed="5.28" length="5.00" type="DEFAULT_CAR"/>
    <instantOut id="235_D104" time="23297.00" state="stay" vehID="Car_13800" speed="4.53" length="5.00" type="DEFAULT_CAR"/>
    <instantOut id="235_D104" time="23297.25" state="stay" vehID="Car_13800" speed="3.78" length="5.00" type="DEFAULT_CAR"/>
    <instantOut id="235_D104" time="23297.28" state="leave" vehID="Car_13800" speed="3.03" length="5.00" type="DEFAULT_CAR" occupancy="1.03"/>
</instantE1>
