<?xml version="1.0" encoding="UTF-8"?>

<!-- generated on 2025-02-28 17:27:54 by Eclipse SUMO GUI Version 1.19.0
<configuration xmlns:xsi="http://www.w3.org/2001/XMLSchema-instance" xsi:noNamespaceSchemaLocation="http://sumo.dlr.de/xsd/sumoConfiguration.xsd">

    <input>
        <net-file value="Network.net.xml"/>
        <route-files value="CarRoutes.rou.xml"/>
        <additional-files value="Sensors.add.xml"/>
    </input>

    <output>
        <emission-output value="logs/Emissions.xml"/>
        <summary-output value="logs/Log_summary.xml"/>
        <summary-output.period value="300"/>
        <tripinfo-output value="logs/TripInfos.xml"/>
    </output>

    <time>
        <begin value="0"/>
        <end value="86400"/>
        <step-length value="0.25"/>
    </time>

    <processing>
        <ignore-junction-blocker value="0.1"/>
        <time-to-teleport value="-1"/>
    </processing>

    <report>
        <verbose value="true"/>
        <no-step-log value="true"/>
    </report>

    <emissions>
        <device.emissions.period value="10"/>
    </emissions>

    <traci_server>
        <remote-port value="57811"/>
    </traci_server>

    <gui_only>
        <quit-on-end value="true"/>
        <start value="true"/>
    </gui_only>

</configuration>
-->

<summary xmlns:xsi="http://www.w3.org/2001/XMLSchema-instance" xsi:noNamespaceSchemaLocation="http://sumo.dlr.de/xsd/summary_file.xsd">
    <step time="0.00" loaded="0" inserted="0" running="0" waiting="0" ended="0" arrived="0" collisions="0" teleports="0" halting="0" stopped="0" meanWaitingTime="-1.00" meanTravelTime="-1.00" meanSpeed="-1.00" meanSpeedRelative="-1.00" duration="0"/>
    <step time="300.00" loaded="209" inserted="196" running="90" waiting="13" ended="106" arrived="106" collisions="0" teleports="0" halting="43" stopped="0" meanWaitingTime="12.58" meanTravelTime="77.75" meanSpeed="3.74" meanSpeedRelative="0.27" duration="3"/>
    <step time="600.00" loaded="373" inserted="361" running="76" waiting="12" ended="285" arrived="285" collisions="0" teleports="0" halting="38" stopped="0" meanWaitingTime="15.64" meanTravelTime="112.76" meanSpeed="4.47" meanSpeedRelative="0.32" duration="2"/>
    <step time="900.00" loaded="531" inserted="521" running="66" waiting="10" ended="455" arrived="455" collisions="0" teleports="0" halting="38" stopped="0" meanWaitingTime="14.12" meanTravelTime="114.02" meanSpeed="3.79" meanSpeedRelative="0.27" duration="1"/>
    <step time="1200.00" loaded="702" inserted="687" running="56" waiting="15" ended="631" arrived="631" collisions="0" teleports="0" halting="8" stopped="0" meanWaitingTime="17.03" meanTravelTime="116.53" meanSpeed="7.96" meanSpeedRelative="0.57" duration="2"/>
    <step time="1500.00" loaded="866" inserted="846" running="53" waiting="20" ended="793" arrived="793" collisions="0" teleports="0" halting="13" stopped="0" meanWaitingTime="17.98" meanTravelTime="112.67" meanSpeed="5.14" meanSpeedRelative="0.37" duration="2"/>
    <step time="1800.00" loaded="1027" inserted="1009" running="51" waiting="18" ended="958" arrived="958" collisions="0" teleports="0" halting="20" stopped="0" meanWaitingTime="20.58" meanTravelTime="112.79" meanSpeed="5.20" meanSpeedRelative="0.37" duration="1"/>
    <step time="2100.00" loaded="1186" inserted="1171" running="67" waiting="15" ended="1104" arrived="1104" collisions="0" teleports="0" halting="39" stopped="0" meanWaitingTime="19.38" meanTravelTime="110.59" meanSpeed="3.25" meanSpeedRelative="0.23" duration="2"/>
    <step time="2400.00" loaded="1330" inserted="1314" running="40" waiting="16" ended="1274" arrived="1274" collisions="0" teleports="0" halting="18" stopped="0" meanWaitingTime="19.32" meanTravelTime="111.60" meanSpeed="4.41" meanSpeedRelative="0.32" duration="2"/>
    <step time="2700.00" loaded="1474" inserted="1473" running="46" waiting="1" ended="1427" arrived="1427" collisions="0" teleports="0" halting="14" stopped="0" meanWaitingTime="19.12" meanTravelTime="110.00" meanSpeed="6.22" meanSpeedRelative="0.45" duration="2"/>
    <step time="3000.00" loaded="1634" inserted="1627" running="46" waiting="7" ended="1581" arrived="1581" collisions="0" teleports="0" halting="22" stopped="0" meanWaitingTime="17.85" meanTravelTime="107.51" meanSpeed="4.11" meanSpeedRelative="0.30" duration="1"/>
    <step time="3300.00" loaded="1805" inserted="1789" running="55" waiting="16" ended="1734" arrived="1734" collisions="0" teleports="0" halting="8" stopped="0" meanWaitingTime="18.09" meanTravelTime="107.22" meanSpeed="7.04" meanSpeedRelative="0.51" duration="2"/>
    <step time="3600.00" loaded="1936" inserted="1936" running="45" waiting="0" ended="1891" arrived="1891" collisions="0" teleports="0" halting="23" stopped="0" meanWaitingTime="17.90" meanTravelTime="106.05" meanSpeed="4.78" meanSpeedRelative="0.34" duration="1"/>
    <step time="3900.00" loaded="2099" inserted="2099" running="88" waiting="0" ended="2011" arrived="2011" collisions="0" teleports="0" halting="36" stopped="0" meanWaitingTime="16.63" meanTravelTime="104.95" meanSpeed="4.01" meanSpeedRelative="0.29" duration="3"/>
    <step time="4200.00" loaded="2228" inserted="2228" running="45" waiting="0" ended="2183" arrived="2183" collisions="0" teleports="0" halting="15" stopped="0" meanWaitingTime="16.73" meanTravelTime="107.78" meanSpeed="5.14" meanSpeedRelative="0.37" duration="2"/>
    <step time="4500.00" loaded="2407" inserted="2406" running="72" waiting="1" ended="2334" arrived="2334" collisions="0" teleports="0" halting="32" stopped="0" meanWaitingTime="15.94" meanTravelTime="107.10" meanSpeed="4.11" meanSpeedRelative="0.30" duration="3"/>
    <step time="4800.00" loaded="2567" inserted="2561" running="41" waiting="6" ended="2520" arrived="2520" collisions="0" teleports="0" halting="14" stopped="0" meanWaitingTime="15.24" meanTravelTime="106.38" meanSpeed="4.96" meanSpeedRelative="0.36" duration="1"/>
    <step time="5100.00" loaded="2731" inserted="2721" running="54" waiting="10" ended="2667" arrived="2667" collisions="0" teleports="0" halting="6" stopped="0" meanWaitingTime="15.92" meanTravelTime="105.32" meanSpeed="6.40" meanSpeedRelative="0.46" duration="2"/>
    <step time="5400.00" loaded="2887" inserted="2885" running="52" waiting="2" ended="2833" arrived="2833" collisions="0" teleports="0" halting="9" stopped="0" meanWaitingTime="15.79" meanTravelTime="105.91" meanSpeed="6.82" meanSpeedRelative="0.49" duration="2"/>
    <step time="5700.00" loaded="3074" inserted="3059" running="66" waiting="15" ended="2993" arrived="2993" collisions="0" teleports="0" halting="26" stopped="0" meanWaitingTime="15.24" meanTravelTime="105.57" meanSpeed="4.40" meanSpeedRelative="0.32" duration="2"/>
    <step time="6000.00" loaded="3198" inserted="3195" running="36" waiting="3" ended="3159" arrived="3159" collisions="0" teleports="0" halting="12" stopped="0" meanWaitingTime="15.27" meanTravelTime="106.37" meanSpeed="6.13" meanSpeedRelative="0.44" duration="2"/>
    <step time="6300.00" loaded="3360" inserted="3343" running="68" waiting="17" ended="3275" arrived="3275" collisions="0" teleports="0" halting="23" stopped="0" meanWaitingTime="15.34" meanTravelTime="106.45" meanSpeed="4.99" meanSpeedRelative="0.36" duration="4"/>
    <step time="6600.00" loaded="3518" inserted="3510" running="57" waiting="8" ended="3453" arrived="3453" collisions="0" teleports="0" halting="14" stopped="0" meanWaitingTime="15.50" meanTravelTime="106.59" meanSpeed="5.29" meanSpeedRelative="0.38" duration="2"/>
    <step time="6900.00" loaded="3701" inserted="3684" running="58" waiting="17" ended="3626" arrived="3626" collisions="0" teleports="0" halting="24" stopped="0" meanWaitingTime="15.53" meanTravelTime="106.18" meanSpeed="3.75" meanSpeedRelative="0.27" duration="1"/>
    <step time="7200.00" loaded="3858" inserted="3837" running="45" waiting="21" ended="3792" arrived="3792" collisions="0" teleports="0" halting="17" stopped="0" meanWaitingTime="16.11" meanTravelTime="106.18" meanSpeed="4.74" meanSpeedRelative="0.34" duration="1"/>
    <step time="7500.00" loaded="4009" inserted="3997" running="41" waiting="12" ended="3956" arrived="3956" collisions="0" teleports="0" halting="13" stopped="0" meanWaitingTime="16.81" meanTravelTime="105.90" meanSpeed="6.44" meanSpeedRelative="0.46" duration="1"/>
    <step time="7800.00" loaded="4163" inserted="4140" running="43" waiting="23" ended="4097" arrived="4097" collisions="0" teleports="0" halting="14" stopped="0" meanWaitingTime="17.31" meanTravelTime="105.54" meanSpeed="4.91" meanSpeedRelative="0.35" duration="3"/>
    <step time="8100.00" loaded="4336" inserted="4321" running="62" waiting="15" ended="4259" arrived="4259" collisions="0" teleports="0" halting="23" stopped="0" meanWaitingTime="18.35" meanTravelTime="105.08" meanSpeed="4.77" meanSpeedRelative="0.36" duration="3"/>
    <step time="8400.00" loaded="4522" inserted="4518" running="78" waiting="4" ended="4440" arrived="4440" collisions="0" teleports="0" halting="34" stopped="0" meanWaitingTime="18.29" meanTravelTime="105.02" meanSpeed="3.71" meanSpeedRelative="0.27" duration="2"/>
    <step time="8700.00" loaded="4691" inserted="4686" running="84" waiting="5" ended="4602" arrived="4602" collisions="0" teleports="0" halting="31" stopped="0" meanWaitingTime="18.10" meanTravelTime="106.24" meanSpeed="4.41" meanSpeedRelative="0.32" duration="4"/>
    <step time="9000.00" loaded="4878" inserted="4861" running="68" waiting="17" ended="4793" arrived="4793" collisions="0" teleports="0" halting="16" stopped="0" meanWaitingTime="17.94" meanTravelTime="106.54" meanSpeed="4.14" meanSpeedRelative="0.30" duration="2"/>
    <step time="9300.00" loaded="5059" inserted="5040" running="60" waiting="19" ended="4980" arrived="4980" collisions="0" teleports="0" halting="30" stopped="0" meanWaitingTime="17.97" meanTravelTime="106.67" meanSpeed="3.85" meanSpeedRelative="0.28" duration="2"/>
    <step time="9600.00" loaded="5233" inserted="5222" running="64" waiting="11" ended="5158" arrived="5158" collisions="0" teleports="0" halting="16" stopped="0" meanWaitingTime="18.40" meanTravelTime="106.37" meanSpeed="5.91" meanSpeedRelative="0.43" duration="3"/>
    <step time="9900.00" loaded="5379" inserted="5363" running="37" waiting="16" ended="5326" arrived="5326" collisions="0" teleports="0" halting="10" stopped="0" meanWaitingTime="18.27" meanTravelTime="106.43" meanSpeed="6.68" meanSpeedRelative="0.49" duration="2"/>
    <step time="10200.00" loaded="5547" inserted="5534" running="53" waiting="13" ended="5481" arrived="5481" collisions="0" teleports="0" halting="13" stopped="0" meanWaitingTime="18.52" meanTravelTime="106.14" meanSpeed="5.11" meanSpeedRelative="0.37" duration="3"/>
    <step time="10500.00" loaded="5725" inserted="5714" running="71" waiting="11" ended="5643" arrived="5643" collisions="0" teleports="0" halting="24" stopped="0" meanWaitingTime="18.49" meanTravelTime="106.06" meanSpeed="5.10" meanSpeedRelative="0.37" duration="2"/>
    <step time="10800.00" loaded="5895" inserted="5887" running="60" waiting="8" ended="5827" arrived="5827" collisions="0" teleports="0" halting="10" stopped="0" meanWaitingTime="18.53" meanTravelTime="106.34" meanSpeed="5.99" meanSpeedRelative="0.43" duration="1"/>
    <step time="11100.00" loaded="6071" inserted="6053" running="58" waiting="18" ended="5995" arrived="5995" collisions="0" teleports="0" halting="24" stopped="0" meanWaitingTime="18.54" meanTravelTime="106.41" meanSpeed="4.38" meanSpeedRelative="0.32" duration="3"/>
    <step time="11400.00" loaded="6244" inserted="6209" running="53" waiting="35" ended="6156" arrived="6156" collisions="0" teleports="0" halting="8" stopped="0" meanWaitingTime="19.18" meanTravelTime="106.13" meanSpeed="6.53" meanSpeedRelative="0.47" duration="2"/>
    <step time="11700.00" loaded="6389" inserted="6369" running="64" waiting="20" ended="6305" arrived="6305" collisions="0" teleports="0" halting="12" stopped="0" meanWaitingTime="20.28" meanTravelTime="105.85" meanSpeed="5.61" meanSpeedRelative="0.40" duration="3"/>
    <step time="12000.00" loaded="6566" inserted="6559" running="69" waiting="7" ended="6490" arrived="6490" collisions="0" teleports="0" halting="24" stopped="0" meanWaitingTime="20.29" meanTravelTime="106.36" meanSpeed="3.49" meanSpeedRelative="0.25" duration="2"/>
    <step time="12300.00" loaded="6735" inserted="6734" running="62" waiting="1" ended="6672" arrived="6672" collisions="0" teleports="0" halting="27" stopped="0" meanWaitingTime="20.02" meanTravelTime="106.93" meanSpeed="4.60" meanSpeedRelative="0.33" duration="3"/>
    <step time="12600.00" loaded="6903" inserted="6882" running="64" waiting="21" ended="6818" arrived="6818" collisions="0" teleports="0" halting="28" stopped="0" meanWaitingTime="19.82" meanTravelTime="106.87" meanSpeed="4.19" meanSpeedRelative="0.30" duration="2"/>
    <step time="12900.00" loaded="7069" inserted="7055" running="58" waiting="14" ended="6997" arrived="6997" collisions="0" teleports="0" halting="22" stopped="0" meanWaitingTime="20.03" meanTravelTime="107.04" meanSpeed="4.37" meanSpeedRelative="0.31" duration="2"/>
    <step time="13200.00" loaded="7242" inserted="7222" running="71" waiting="20" ended="7151" arrived="7151" collisions="0" teleports="0" halting="18" stopped="0" meanWaitingTime="20.12" meanTravelTime="107.11" meanSpeed="5.59" meanSpeedRelative="0.40" duration="3"/>
    <step time="13500.00" loaded="7417" inserted="7409" running="68" waiting="8" ended="7341" arrived="7341" collisions="0" teleports="0" halting="19" stopped="0" meanWaitingTime="20.03" meanTravelTime="107.20" meanSpeed="5.60" meanSpeedRelative="0.40" duration="3"/>
    <step time="13800.00" loaded="7612" inserted="7599" running="67" waiting="13" ended="7532" arrived="7532" collisions="0" teleports="0" halting="14" stopped="0" meanWaitingTime="20.13" meanTravelTime="107.04" meanSpeed="6.47" meanSpeedRelative="0.47" duration="3"/>
    <step time="14100.00" loaded="7772" inserted="7768" running="66" waiting="4" ended="7702" arrived="7702" collisions="0" teleports="0" halting="18" stopped="0" meanWaitingTime="20.08" meanTravelTime="107.16" meanSpeed="5.80" meanSpeedRelative="0.42" duration="3"/>
    <step time="14400.00" loaded="7909" inserted="7897" running="51" waiting="12" ended="7846" arrived="7846" collisions="0" teleports="0" halting="13" stopped="0" meanWaitingTime="20.25" meanTravelTime="107.17" meanSpeed="6.18" meanSpeedRelative="0.44" duration="2"/>
    <step time="14700.00" loaded="8102" inserted="8086" running="65" waiting="16" ended="8021" arrived="8021" collisions="0" teleports="0" halting="15" stopped="0" meanWaitingTime="20.22" meanTravelTime="106.91" meanSpeed="6.22" meanSpeedRelative="0.45" duration="3"/>
    <step time="15000.00" loaded="8259" inserted="8254" running="104" waiting="5" ended="8150" arrived="8150" collisions="0" teleports="0" halting="27" stopped="0" meanWaitingTime="20.02" meanTravelTime="107.18" meanSpeed="4.88" meanSpeedRelative="0.35" duration="3"/>
    <step time="15300.00" loaded="8417" inserted="8381" running="59" waiting="36" ended="8322" arrived="8322" collisions="0" teleports="0" halting="21" stopped="0" meanWaitingTime="20.17" meanTravelTime="108.09" meanSpeed="4.78" meanSpeedRelative="0.34" duration="2"/>
    <step time="15600.00" loaded="8583" inserted="8573" running="65" waiting="10" ended="8508" arrived="8508" collisions="0" teleports="0" halting="20" stopped="0" meanWaitingTime="20.96" meanTravelTime="107.87" meanSpeed="6.82" meanSpeedRelative="0.49" duration="2"/>
    <step time="15900.00" loaded="8775" inserted="8765" running="95" waiting="10" ended="8670" arrived="8670" collisions="0" teleports="0" halting="32" stopped="0" meanWaitingTime="21.26" meanTravelTime="107.66" meanSpeed="3.90" meanSpeedRelative="0.29" duration="3"/>
    <step time="16200.00" loaded="8965" inserted="8932" running="59" waiting="33" ended="8873" arrived="8873" collisions="0" teleports="0" halting="10" stopped="0" meanWaitingTime="21.42" meanTravelTime="108.00" meanSpeed="5.80" meanSpeedRelative="0.42" duration="2"/>
    <step time="16500.00" loaded="9134" inserted="9119" running="65" waiting="15" ended="9054" arrived="9054" collisions="0" teleports="0" halting="21" stopped="0" meanWaitingTime="21.96" meanTravelTime="107.87" meanSpeed="5.41" meanSpeedRelative="0.39" duration="2"/>
    <step time="16800.00" loaded="9317" inserted="9280" running="66" waiting="37" ended="9214" arrived="9214" collisions="0" teleports="0" halting="13" stopped="0" meanWaitingTime="22.24" meanTravelTime="107.98" meanSpeed="5.51" meanSpeedRelative="0.40" duration="2"/>
    <step time="17100.00" loaded="9487" inserted="9457" running="63" waiting="30" ended="9394" arrived="9394" collisions="0" teleports="0" halting="9" stopped="0" meanWaitingTime="22.97" meanTravelTime="108.01" meanSpeed="6.17" meanSpeedRelative="0.44" duration="3"/>
    <step time="17400.00" loaded="9670" inserted="9645" running="77" waiting="25" ended="9568" arrived="9568" collisions="0" teleports="0" halting="42" stopped="0" meanWaitingTime="23.63" meanTravelTime="108.12" meanSpeed="4.14" meanSpeedRelative="0.30" duration="2"/>
    <step time="17700.00" loaded="9842" inserted="9813" running="75" waiting="29" ended="9738" arrived="9738" collisions="0" teleports="0" halting="28" stopped="0" meanWaitingTime="24.04" meanTravelTime="108.35" meanSpeed="4.35" meanSpeedRelative="0.31" duration="3"/>
    <step time="18000.00" loaded="10007" inserted="9986" running="71" waiting="21" ended="9915" arrived="9915" collisions="0" teleports="0" halting="25" stopped="0" meanWaitingTime="24.58" meanTravelTime="108.68" meanSpeed="5.35" meanSpeedRelative="0.39" duration="2"/>
    <step time="18300.00" loaded="10192" inserted="10159" running="55" waiting="33" ended="10104" arrived="10104" collisions="0" teleports="0" halting="26" stopped="0" meanWaitingTime="24.79" meanTravelTime="108.80" meanSpeed="4.89" meanSpeedRelative="0.35" duration="3"/>
    <step time="18600.00" loaded="10349" inserted="10321" running="73" waiting="28" ended="10248" arrived="10248" collisions="0" teleports="0" halting="25" stopped="0" meanWaitingTime="25.37" meanTravelTime="108.81" meanSpeed="4.63" meanSpeedRelative="0.33" duration="3"/>
    <step time="18900.00" loaded="10533" inserted="10499" running="72" waiting="34" ended="10427" arrived="10427" collisions="0" teleports="0" halting="12" stopped="0" meanWaitingTime="25.70" meanTravelTime="109.15" meanSpeed="6.72" meanSpeedRelative="0.48" duration="3"/>
    <step time="19200.00" loaded="10708" inserted="10681" running="56" waiting="27" ended="10625" arrived="10625" collisions="0" teleports="0" halting="27" stopped="0" meanWaitingTime="26.01" meanTravelTime="109.03" meanSpeed="4.30" meanSpeedRelative="0.31" duration="3"/>
    <step time="19500.00" loaded="10915" inserted="10889" running="75" waiting="26" ended="10814" arrived="10814" collisions="0" teleports="0" halting="22" stopped="0" meanWaitingTime="26.32" meanTravelTime="108.91" meanSpeed="4.96" meanSpeedRelative="0.36" duration="2"/>
    <step time="19800.00" loaded="11093" inserted="11060" running="66" waiting="33" ended="10994" arrived="10994" collisions="0" teleports="0" halting="20" stopped="0" meanWaitingTime="26.68" meanTravelTime="108.74" meanSpeed="5.86" meanSpeedRelative="0.42" duration="2"/>
    <step time="20100.00" loaded="11292" inserted="11264" running="85" waiting="28" ended="11179" arrived="11179" collisions="0" teleports="0" halting="22" stopped="0" meanWaitingTime="27.15" meanTravelTime="108.90" meanSpeed="5.26" meanSpeedRelative="0.38" duration="3"/>
    <step time="20400.00" loaded="11459" inserted="11428" running="75" waiting="31" ended="11353" arrived="11353" collisions="0" teleports="0" halting="22" stopped="0" meanWaitingTime="27.62" meanTravelTime="108.94" meanSpeed="4.51" meanSpeedRelative="0.32" duration="3"/>
    <step time="20700.00" loaded="11632" inserted="11609" running="75" waiting="23" ended="11534" arrived="11534" collisions="0" teleports="0" halting="32" stopped="0" meanWaitingTime="28.04" meanTravelTime="109.13" meanSpeed="3.24" meanSpeedRelative="0.23" duration="2"/>
    <step time="21000.00" loaded="11816" inserted="11799" running="69" waiting="17" ended="11730" arrived="11730" collisions="0" teleports="0" halting="29" stopped="0" meanWaitingTime="28.26" meanTravelTime="109.17" meanSpeed="4.43" meanSpeedRelative="0.32" duration="3"/>
    <step time="21300.00" loaded="11981" inserted="11964" running="63" waiting="17" ended="11901" arrived="11901" collisions="0" teleports="0" halting="17" stopped="0" meanWaitingTime="28.36" meanTravelTime="109.27" meanSpeed="5.37" meanSpeedRelative="0.39" duration="3"/>
    <step time="21600.00" loaded="12200" inserted="12191" running="105" waiting="9" ended="12086" arrived="12086" collisions="0" teleports="0" halting="14" stopped="0" meanWaitingTime="28.34" meanTravelTime="109.21" meanSpeed="6.25" meanSpeedRelative="0.45" duration="3"/>
    <step time="21900.00" loaded="12386" inserted="12378" running="77" waiting="8" ended="12301" arrived="12301" collisions="0" teleports="0" halting="21" stopped="0" meanWaitingTime="28.02" meanTravelTime="109.46" meanSpeed="5.81" meanSpeedRelative="0.42" duration="3"/>
    <step time="22200.00" loaded="12575" inserted="12565" running="60" waiting="10" ended="12505" arrived="12505" collisions="0" teleports="0" halting="7" stopped="0" meanWaitingTime="27.77" meanTravelTime="109.35" meanSpeed="6.63" meanSpeedRelative="0.48" duration="3"/>
    <step time="22500.00" loaded="12751" inserted="12718" running="50" waiting="33" ended="12668" arrived="12668" collisions="0" teleports="0" halting="8" stopped="0" meanWaitingTime="27.68" meanTravelTime="109.36" meanSpeed="5.84" meanSpeedRelative="0.42" duration="3"/>
    <step time="22800.00" loaded="12947" inserted="12945" running="91" waiting="2" ended="12854" arrived="12854" collisions="0" teleports="0" halting="47" stopped="0" meanWaitingTime="27.64" meanTravelTime="109.33" meanSpeed="2.40" meanSpeedRelative="0.17" duration="1"/>
    <step time="23100.00" loaded="13134" inserted="13121" running="90" waiting="13" ended="13031" arrived="13031" collisions="0" teleports="0" halting="47" stopped="0" meanWaitingTime="27.44" meanTravelTime="109.74" meanSpeed="3.43" meanSpeedRelative="0.25" duration="3"/>
    <step time="23400.00" loaded="13328" inserted="13318" running="66" waiting="10" ended="13252" arrived="13252" collisions="0" teleports="0" halting="33" stopped="0" meanWaitingTime="27.33" meanTravelTime="109.87" meanSpeed="3.52" meanSpeedRelative="0.25" duration="2"/>
    <step time="23700.00" loaded="13556" inserted="13535" running="75" waiting="21" ended="13460" arrived="13460" collisions="0" teleports="0" halting="31" stopped="0" meanWaitingTime="27.12" meanTravelTime="109.72" meanSpeed="3.77" meanSpeedRelative="0.27" duration="2"/>
    <step time="24000.00" loaded="13733" inserted="13714" running="49" waiting="19" ended="13665" arrived="13665" collisions="0" teleports="0" halting="16" stopped="0" meanWaitingTime="27.09" meanTravelTime="109.71" meanSpeed="4.96" meanSpeedRelative="0.36" duration="2"/>
    <step time="24300.00" loaded="13942" inserted="13918" running="115" waiting="24" ended="13803" arrived="13803" collisions="0" teleports="0" halting="77" stopped="0" meanWaitingTime="27.21" meanTravelTime="109.53" meanSpeed="2.39" meanSpeedRelative="0.17" duration="4"/>
    <step time="24600.00" loaded="14166" inserted="14127" running="97" waiting="39" ended="14030" arrived="14030" collisions="0" teleports="0" halting="47" stopped="0" meanWaitingTime="27.41" meanTravelTime="110.15" meanSpeed="3.13" meanSpeedRelative="0.23" duration="2"/>
    <step time="24900.00" loaded="14380" inserted="14345" running="95" waiting="35" ended="14250" arrived="14250" collisions="0" teleports="0" halting="40" stopped="0" meanWaitingTime="27.90" meanTravelTime="110.67" meanSpeed="3.97" meanSpeedRelative="0.29" duration="2"/>
    <step time="25200.00" loaded="14573" inserted="14528" running="68" waiting="45" ended="14460" arrived="14460" collisions="0" teleports="0" halting="23" stopped="0" meanWaitingTime="28.12" meanTravelTime="110.80" meanSpeed="5.67" meanSpeedRelative="0.41" duration="3"/>
    <step time="25500.00" loaded="14751" inserted="14730" running="64" waiting="21" ended="14666" arrived="14666" collisions="0" teleports="0" halting="25" stopped="0" meanWaitingTime="28.48" meanTravelTime="110.95" meanSpeed="4.93" meanSpeedRelative="0.35" duration="3"/>
    <step time="25800.00" loaded="14985" inserted="14954" running="101" waiting="31" ended="14853" arrived="14853" collisions="0" teleports="0" halting="46" stopped="0" meanWaitingTime="28.48" meanTravelTime="110.90" meanSpeed="2.92" meanSpeedRelative="0.22" duration="2"/>
    <step time="26100.00" loaded="15195" inserted="15160" running="66" waiting="35" ended="15094" arrived="15094" collisions="0" teleports="0" halting="21" stopped="0" meanWaitingTime="28.73" meanTravelTime="111.25" meanSpeed="4.54" meanSpeedRelative="0.33" duration="3"/>
    <step time="26400.00" loaded="15387" inserted="15349" running="82" waiting="38" ended="15267" arrived="15267" collisions="0" teleports="0" halting="45" stopped="0" meanWaitingTime="29.01" meanTravelTime="111.17" meanSpeed="3.29" meanSpeedRelative="0.24" duration="2"/>
    <step time="26700.00" loaded="15602" inserted="15567" running="91" waiting="35" ended="15476" arrived="15476" collisions="0" teleports="0" halting="27" stopped="0" meanWaitingTime="29.34" meanTravelTime="111.12" meanSpeed="4.80" meanSpeedRelative="0.35" duration="2"/>
    <step time="27000.00" loaded="15820" inserted="15774" running="96" waiting="46" ended="15678" arrived="15678" collisions="0" teleports="0" halting="28" stopped="0" meanWaitingTime="29.69" meanTravelTime="111.24" meanSpeed="4.20" meanSpeedRelative="0.30" duration="4"/>
    <step time="27300.00" loaded="16041" inserted="15985" running="97" waiting="56" ended="15888" arrived="15888" collisions="0" teleports="0" halting="36" stopped="0" meanWaitingTime="30.19" meanTravelTime="111.33" meanSpeed="3.58" meanSpeedRelative="0.26" duration="5"/>
    <step time="27600.00" loaded="16239" inserted="16182" running="81" waiting="57" ended="16101" arrived="16101" collisions="0" teleports="0" halting="47" stopped="0" meanWaitingTime="30.83" meanTravelTime="111.46" meanSpeed="3.30" meanSpeedRelative="0.24" duration="2"/>
    <step time="27900.00" loaded="16444" inserted="16396" running="70" waiting="48" ended="16326" arrived="16326" collisions="0" teleports="0" halting="16" stopped="0" meanWaitingTime="31.47" meanTravelTime="111.56" meanSpeed="5.77" meanSpeedRelative="0.42" duration="4"/>
    <step time="28200.00" loaded="16669" inserted="16633" running="66" waiting="36" ended="16567" arrived="16567" collisions="0" teleports="0" halting="15" stopped="0" meanWaitingTime="31.98" meanTravelTime="111.40" meanSpeed="5.72" meanSpeedRelative="0.41" duration="1"/>
    <step time="28500.00" loaded="16868" inserted="16833" running="75" waiting="35" ended="16758" arrived="16758" collisions="0" teleports="0" halting="24" stopped="0" meanWaitingTime="32.29" meanTravelTime="111.21" meanSpeed="5.90" meanSpeedRelative="0.42" duration="3"/>
    <step time="28800.00" loaded="17081" inserted="17049" running="69" waiting="32" ended="16980" arrived="16980" collisions="0" teleports="0" halting="20" stopped="0" meanWaitingTime="32.38" meanTravelTime="111.13" meanSpeed="4.78" meanSpeedRelative="0.34" duration="2"/>
    <step time="29100.00" loaded="17307" inserted="17274" running="106" waiting="33" ended="17168" arrived="17168" collisions="0" teleports="0" halting="48" stopped="0" meanWaitingTime="32.39" meanTravelTime="111.38" meanSpeed="3.17" meanSpeedRelative="0.23" duration="2"/>
    <step time="29400.00" loaded="17510" inserted="17458" running="94" waiting="52" ended="17364" arrived="17364" collisions="0" teleports="0" halting="34" stopped="0" meanWaitingTime="32.64" meanTravelTime="111.85" meanSpeed="4.28" meanSpeedRelative="0.31" duration="3"/>
    <step time="29700.00" loaded="17691" inserted="17635" running="58" waiting="56" ended="17577" arrived="17577" collisions="0" teleports="0" halting="22" stopped="0" meanWaitingTime="32.74" meanTravelTime="112.16" meanSpeed="4.56" meanSpeedRelative="0.33" duration="3"/>
    <step time="30000.00" loaded="17866" inserted="17819" running="71" waiting="47" ended="17748" arrived="17748" collisions="0" teleports="0" halting="47" stopped="0" meanWaitingTime="33.44" meanTravelTime="112.18" meanSpeed="2.16" meanSpeedRelative="0.16" duration="2"/>
    <step time="30300.00" loaded="18067" inserted="18015" running="78" waiting="52" ended="17937" arrived="17937" collisions="0" teleports="0" halting="37" stopped="0" meanWaitingTime="34.01" meanTravelTime="112.49" meanSpeed="3.58" meanSpeedRelative="0.26" duration="3"/>
    <step time="30600.00" loaded="18281" inserted="18236" running="96" waiting="45" ended="18140" arrived="18140" collisions="0" teleports="0" halting="42" stopped="0" meanWaitingTime="34.52" meanTravelTime="112.52" meanSpeed="5.09" meanSpeedRelative="0.37" duration="3"/>
    <step time="30900.00" loaded="18499" inserted="18456" running="96" waiting="43" ended="18360" arrived="18360" collisions="0" teleports="0" halting="36" stopped="0" meanWaitingTime="34.82" meanTravelTime="112.57" meanSpeed="3.63" meanSpeedRelative="0.26" duration="4"/>
    <step time="31200.00" loaded="18669" inserted="18623" running="70" waiting="46" ended="18553" arrived="18553" collisions="0" teleports="0" halting="18" stopped="0" meanWaitingTime="34.94" meanTravelTime="112.80" meanSpeed="4.62" meanSpeedRelative="0.33" duration="3"/>
    <step time="31500.00" loaded="18848" inserted="18804" running="70" waiting="44" ended="18734" arrived="18734" collisions="0" teleports="0" halting="29" stopped="0" meanWaitingTime="35.23" meanTravelTime="112.99" meanSpeed="4.37" meanSpeedRelative="0.31" duration="4"/>
    <step time="31800.00" loaded="19006" inserted="18972" running="68" waiting="34" ended="18904" arrived="18904" collisions="0" teleports="0" halting="21" stopped="0" meanWaitingTime="35.60" meanTravelTime="113.14" meanSpeed="5.09" meanSpeedRelative="0.37" duration="2"/>
    <step time="32100.00" loaded="19189" inserted="19150" running="66" waiting="39" ended="19084" arrived="19084" collisions="0" teleports="0" halting="20" stopped="0" meanWaitingTime="35.95" meanTravelTime="113.04" meanSpeed="7.01" meanSpeedRelative="0.50" duration="2"/>
    <step time="32400.00" loaded="19357" inserted="19311" running="65" waiting="46" ended="19246" arrived="19246" collisions="0" teleports="0" halting="20" stopped="0" meanWaitingTime="36.16" meanTravelTime="112.86" meanSpeed="4.81" meanSpeedRelative="0.35" duration="3"/>
    <step time="32700.00" loaded="19535" inserted="19495" running="55" waiting="40" ended="19440" arrived="19440" collisions="0" teleports="0" halting="8" stopped="0" meanWaitingTime="36.40" meanTravelTime="112.97" meanSpeed="6.58" meanSpeedRelative="0.47" duration="2"/>
    <step time="33000.00" loaded="19704" inserted="19671" running="59" waiting="33" ended="19612" arrived="19612" collisions="0" teleports="0" halting="8" stopped="0" meanWaitingTime="36.66" meanTravelTime="112.88" meanSpeed="5.49" meanSpeedRelative="0.39" duration="1"/>
    <step time="33300.00" loaded="19836" inserted="19822" running="67" waiting="14" ended="19755" arrived="19755" collisions="0" teleports="0" halting="17" stopped="0" meanWaitingTime="36.84" meanTravelTime="112.92" meanSpeed="5.65" meanSpeedRelative="0.41" duration="3"/>
    <step time="33600.00" loaded="20028" inserted="20009" running="58" waiting="19" ended="19951" arrived="19951" collisions="0" teleports="0" halting="25" stopped="0" meanWaitingTime="36.78" meanTravelTime="112.81" meanSpeed="5.50" meanSpeedRelative="0.40" duration="2"/>
    <step time="33900.00" loaded="20185" inserted="20165" running="64" waiting="20" ended="20101" arrived="20101" collisions="0" teleports="0" halting="26" stopped="0" meanWaitingTime="36.73" meanTravelTime="112.73" meanSpeed="3.98" meanSpeedRelative="0.29" duration="4"/>
    <step time="34200.00" loaded="20344" inserted="20324" running="66" waiting="20" ended="20258" arrived="20258" collisions="0" teleports="0" halting="20" stopped="0" meanWaitingTime="36.69" meanTravelTime="112.76" meanSpeed="5.02" meanSpeedRelative="0.36" duration="3"/>
    <step time="34500.00" loaded="20508" inserted="20482" running="86" waiting="26" ended="20396" arrived="20396" collisions="0" teleports="0" halting="16" stopped="0" meanWaitingTime="36.78" meanTravelTime="112.81" meanSpeed="4.25" meanSpeedRelative="0.31" duration="4"/>
    <step time="34800.00" loaded="20662" inserted="20632" running="65" waiting="30" ended="20567" arrived="20567" collisions="0" teleports="0" halting="21" stopped="0" meanWaitingTime="36.95" meanTravelTime="113.17" meanSpeed="4.84" meanSpeedRelative="0.35" duration="4"/>
    <step time="35100.00" loaded="20801" inserted="20785" running="61" waiting="16" ended="20724" arrived="20724" collisions="0" teleports="0" halting="6" stopped="0" meanWaitingTime="37.08" meanTravelTime="113.18" meanSpeed="6.52" meanSpeedRelative="0.47" duration="2"/>
    <step time="35400.00" loaded="20942" inserted="20935" running="59" waiting="7" ended="20876" arrived="20876" collisions="0" teleports="0" halting="10" stopped="0" meanWaitingTime="36.91" meanTravelTime="113.14" meanSpeed="4.91" meanSpeedRelative="0.35" duration="2"/>
    <step time="35700.00" loaded="21085" inserted="21078" running="53" waiting="7" ended="21025" arrived="21025" collisions="0" teleports="0" halting="34" stopped="0" meanWaitingTime="36.78" meanTravelTime="113.34" meanSpeed="2.48" meanSpeedRelative="0.18" duration="3"/>
    <step time="36000.00" loaded="21243" inserted="21237" running="41" waiting="6" ended="21196" arrived="21196" collisions="0" teleports="0" halting="18" stopped="0" meanWaitingTime="36.61" meanTravelTime="113.35" meanSpeed="3.90" meanSpeedRelative="0.28" duration="2"/>
    <step time="36300.00" loaded="21419" inserted="21402" running="47" waiting="17" ended="21355" arrived="21355" collisions="0" teleports="0" halting="24" stopped="0" meanWaitingTime="36.48" meanTravelTime="113.14" meanSpeed="3.28" meanSpeedRelative="0.24" duration="3"/>
    <step time="36600.00" loaded="21567" inserted="21557" running="57" waiting="10" ended="21500" arrived="21500" collisions="0" teleports="0" halting="7" stopped="0" meanWaitingTime="36.41" meanTravelTime="113.11" meanSpeed="5.83" meanSpeedRelative="0.42" duration="2"/>
    <step time="36900.00" loaded="21707" inserted="21686" running="37" waiting="21" ended="21649" arrived="21649" collisions="0" teleports="0" halting="16" stopped="0" meanWaitingTime="36.28" meanTravelTime="113.13" meanSpeed="4.98" meanSpeedRelative="0.36" duration="2"/>
    <step time="37200.00" loaded="21829" inserted="21805" running="44" waiting="24" ended="21761" arrived="21761" collisions="0" teleports="0" halting="29" stopped="0" meanWaitingTime="36.26" meanTravelTime="113.00" meanSpeed="2.59" meanSpeedRelative="0.19" duration="1"/>
    <step time="37500.00" loaded="21969" inserted="21932" running="51" waiting="37" ended="21881" arrived="21881" collisions="0" teleports="0" halting="11" stopped="0" meanWaitingTime="36.44" meanTravelTime="113.07" meanSpeed="6.45" meanSpeedRelative="0.46" duration="2"/>
    <step time="37800.00" loaded="22124" inserted="22083" running="58" waiting="41" ended="22025" arrived="22025" collisions="0" teleports="0" halting="15" stopped="0" meanWaitingTime="36.71" meanTravelTime="113.08" meanSpeed="5.31" meanSpeedRelative="0.38" duration="1"/>
    <step time="38100.00" loaded="22267" inserted="22222" running="57" waiting="45" ended="22165" arrived="22165" collisions="0" teleports="0" halting="8" stopped="0" meanWaitingTime="36.96" meanTravelTime="113.03" meanSpeed="5.92" meanSpeedRelative="0.43" duration="2"/>
    <step time="38400.00" loaded="22394" inserted="22363" running="45" waiting="31" ended="22318" arrived="22318" collisions="0" teleports="0" halting="18" stopped="0" meanWaitingTime="37.27" meanTravelTime="113.06" meanSpeed="5.06" meanSpeedRelative="0.36" duration="2"/>
    <step time="38700.00" loaded="22491" inserted="22477" running="43" waiting="14" ended="22434" arrived="22434" collisions="0" teleports="0" halting="26" stopped="0" meanWaitingTime="37.44" meanTravelTime="112.96" meanSpeed="3.17" meanSpeedRelative="0.23" duration="2"/>
    <step time="39000.00" loaded="22597" inserted="22563" running="38" waiting="34" ended="22525" arrived="22525" collisions="0" teleports="0" halting="7" stopped="0" meanWaitingTime="37.62" meanTravelTime="112.99" meanSpeed="5.79" meanSpeedRelative="0.42" duration="1"/>
    <step time="39300.00" loaded="22723" inserted="22681" running="36" waiting="42" ended="22645" arrived="22645" collisions="0" teleports="0" halting="11" stopped="0" meanWaitingTime="37.89" meanTravelTime="112.99" meanSpeed="5.26" meanSpeedRelative="0.38" duration="2"/>
    <step time="39600.00" loaded="22837" inserted="22788" running="39" waiting="49" ended="22749" arrived="22749" collisions="0" teleports="0" halting="18" stopped="0" meanWaitingTime="38.17" meanTravelTime="112.92" meanSpeed="4.93" meanSpeedRelative="0.35" duration="2"/>
    <step time="39900.00" loaded="22958" inserted="22913" running="65" waiting="45" ended="22848" arrived="22848" collisions="0" teleports="0" halting="43" stopped="0" meanWaitingTime="38.64" meanTravelTime="112.85" meanSpeed="2.12" meanSpeedRelative="0.15" duration="3"/>
    <step time="40200.00" loaded="23048" inserted="23012" running="44" waiting="36" ended="22968" arrived="22968" collisions="0" teleports="0" halting="15" stopped="0" meanWaitingTime="39.09" meanTravelTime="113.11" meanSpeed="4.26" meanSpeedRelative="0.31" duration="1"/>
    <step time="40500.00" loaded="23150" inserted="23126" running="44" waiting="24" ended="23082" arrived="23082" collisions="0" teleports="0" halting="10" stopped="0" meanWaitingTime="39.37" meanTravelTime="113.26" meanSpeed="5.64" meanSpeedRelative="0.41" duration="2"/>
    <step time="40800.00" loaded="23259" inserted="23229" running="35" waiting="30" ended="23194" arrived="23194" collisions="0" teleports="0" halting="14" stopped="0" meanWaitingTime="39.63" meanTravelTime="113.26" meanSpeed="5.09" meanSpeedRelative="0.37" duration="2"/>
    <step time="41100.00" loaded="23342" inserted="23319" running="46" waiting="23" ended="23273" arrived="23273" collisions="0" teleports="0" halting="20" stopped="0" meanWaitingTime="39.80" meanTravelTime="113.31" meanSpeed="3.70" meanSpeedRelative="0.27" duration="1"/>
    <step time="41400.00" loaded="23407" inserted="23396" running="25" waiting="11" ended="23371" arrived="23371" collisions="0" teleports="0" halting="17" stopped="0" meanWaitingTime="39.88" meanTravelTime="113.55" meanSpeed="2.39" meanSpeedRelative="0.17" duration="2"/>
    <step time="41700.00" loaded="23505" inserted="23481" running="53" waiting="24" ended="23428" arrived="23428" collisions="0" teleports="0" halting="27" stopped="0" meanWaitingTime="40.02" meanTravelTime="113.61" meanSpeed="4.64" meanSpeedRelative="0.33" duration="2"/>
    <step time="42000.00" loaded="23585" inserted="23556" running="32" waiting="29" ended="23524" arrived="23524" collisions="0" teleports="0" halting="11" stopped="0" meanWaitingTime="40.20" meanTravelTime="113.82" meanSpeed="4.08" meanSpeedRelative="0.29" duration="2"/>
    <step time="42300.00" loaded="23689" inserted="23664" running="40" waiting="25" ended="23624" arrived="23624" collisions="0" teleports="0" halting="10" stopped="0" meanWaitingTime="40.45" meanTravelTime="113.77" meanSpeed="6.81" meanSpeedRelative="0.49" duration="1"/>
    <step time="42600.00" loaded="23805" inserted="23767" running="48" waiting="38" ended="23719" arrived="23719" collisions="0" teleports="0" halting="5" stopped="0" meanWaitingTime="40.64" meanTravelTime="113.73" meanSpeed="6.27" meanSpeedRelative="0.45" duration="1"/>
    <step time="42900.00" loaded="23904" inserted="23882" running="66" waiting="22" ended="23816" arrived="23816" collisions="0" teleports="0" halting="24" stopped="0" meanWaitingTime="40.93" meanTravelTime="113.85" meanSpeed="4.73" meanSpeedRelative="0.34" duration="2"/>
    <step time="43200.00" loaded="24005" inserted="23969" running="24" waiting="36" ended="23945" arrived="23945" collisions="0" teleports="0" halting="7" stopped="0" meanWaitingTime="41.03" meanTravelTime="114.16" meanSpeed="4.85" meanSpeedRelative="0.38" duration="1"/>
    <step time="43500.00" loaded="24082" inserted="24056" running="30" waiting="26" ended="24026" arrived="24026" collisions="0" teleports="0" halting="8" stopped="0" meanWaitingTime="41.20" meanTravelTime="114.13" meanSpeed="6.34" meanSpeedRelative="0.46" duration="1"/>
    <step time="43800.00" loaded="24184" inserted="24148" running="42" waiting="36" ended="24106" arrived="24106" collisions="0" teleports="0" halting="21" stopped="0" meanWaitingTime="41.41" meanTravelTime="114.11" meanSpeed="4.02" meanSpeedRelative="0.29" duration="1"/>
    <step time="44100.00" loaded="24291" inserted="24262" running="50" waiting="29" ended="24212" arrived="24212" collisions="0" teleports="0" halting="28" stopped="0" meanWaitingTime="41.63" meanTravelTime="114.09" meanSpeed="3.51" meanSpeedRelative="0.25" duration="4"/>
    <step time="44400.00" loaded="24402" inserted="24367" running="74" waiting="35" ended="24293" arrived="24293" collisions="0" teleports="0" halting="59" stopped="0" meanWaitingTime="41.87" meanTravelTime="114.05" meanSpeed="0.97" meanSpeedRelative="0.09" duration="3"/>
    <step time="44700.00" loaded="24506" inserted="24462" running="50" waiting="44" ended="24412" arrived="24412" collisions="0" teleports="0" halting="14" stopped="0" meanWaitingTime="42.19" meanTravelTime="114.62" meanSpeed="4.05" meanSpeedRelative="0.29" duration="2"/>
    <step time="45000.00" loaded="24611" inserted="24562" running="50" waiting="49" ended="24512" arrived="24512" collisions="0" teleports="0" halting="4" stopped="0" meanWaitingTime="42.52" meanTravelTime="114.79" meanSpeed="5.93" meanSpeedRelative="0.43" duration="2"/>
    <step time="45300.00" loaded="24699" inserted="24660" running="65" waiting="39" ended="24595" arrived="24595" collisions="0" teleports="0" halting="16" stopped="0" meanWaitingTime="42.82" meanTravelTime="115.07" meanSpeed="4.77" meanSpeedRelative="0.34" duration="3"/>
    <step time="45600.00" loaded="24782" inserted="24745" running="51" waiting="37" ended="24694" arrived="24694" collisions="0" teleports="0" halting="22" stopped="0" meanWaitingTime="43.11" meanTravelTime="115.39" meanSpeed="3.34" meanSpeedRelative="0.24" duration="2"/>
    <step time="45900.00" loaded="24868" inserted="24801" running="43" waiting="67" ended="24758" arrived="24758" collisions="0" teleports="0" halting="30" stopped="0" meanWaitingTime="43.46" meanTravelTime="115.50" meanSpeed="3.62" meanSpeedRelative="0.26" duration="2"/>
    <step time="46200.00" loaded="24948" inserted="24884" running="74" waiting="64" ended="24810" arrived="24810" collisions="0" teleports="0" halting="66" stopped="0" meanWaitingTime="44.06" meanTravelTime="115.38" meanSpeed="0.80" meanSpeedRelative="0.06" duration="2"/>
    <step time="46500.00" loaded="24996" inserted="24974" running="89" waiting="22" ended="24885" arrived="24885" collisions="0" teleports="0" halting="66" stopped="0" meanWaitingTime="44.70" meanTravelTime="115.23" meanSpeed="1.59" meanSpeedRelative="0.11" duration="2"/>
    <step time="46800.00" loaded="25016" inserted="25016" running="89" waiting="0" ended="24927" arrived="24927" collisions="0" teleports="0" halting="88" stopped="0" meanWaitingTime="44.93" meanTravelTime="115.13" meanSpeed="0.13" meanSpeedRelative="0.01" duration="2"/>
    <step time="47100.00" loaded="25034" inserted="25034" running="88" waiting="0" ended="24946" arrived="24946" collisions="0" teleports="0" halting="85" stopped="0" meanWaitingTime="44.90" meanTravelTime="115.07" meanSpeed="0.21" meanSpeedRelative="0.02" duration="3"/>
    <step time="47400.00" loaded="25050" inserted="25050" running="88" waiting="0" ended="24962" arrived="24962" collisions="0" teleports="0" halting="88" stopped="0" meanWaitingTime="44.87" meanTravelTime="115.02" meanSpeed="0.00" meanSpeedRelative="0.00" duration="2"/>
    <step time="47700.00" loaded="25064" inserted="25064" running="91" waiting="0" ended="24973" arrived="24973" collisions="0" teleports="0" halting="91" stopped="0" meanWaitingTime="44.84" meanTravelTime="114.99" meanSpeed="0.00" meanSpeedRelative="0.00" duration="2"/>
    <step time="48000.00" loaded="25077" inserted="25077" running="92" waiting="0" ended="24985" arrived="24985" collisions="0" teleports="0" halting="91" stopped="0" meanWaitingTime="44.82" meanTravelTime="114.96" meanSpeed="0.07" meanSpeedRelative="0.00" duration="2"/>
    <step time="48300.00" loaded="25091" inserted="25091" running="92" waiting="0" ended="24999" arrived="24999" collisions="0" teleports="0" halting="91" stopped="0" meanWaitingTime="44.79" meanTravelTime="114.91" meanSpeed="0.03" meanSpeedRelative="0.00" duration="1"/>
    <step time="48600.00" loaded="25107" inserted="25107" running="93" waiting="0" ended="25014" arrived="25014" collisions="0" teleports="0" halting="91" stopped="0" meanWaitingTime="44.76" meanTravelTime="114.86" meanSpeed="0.16" meanSpeedRelative="0.01" duration="1"/>
    <step time="48900.00" loaded="25122" inserted="25122" running="97" waiting="0" ended="25025" arrived="25025" collisions="0" teleports="0" halting="96" stopped="0" meanWaitingTime="44.74" meanTravelTime="114.82" meanSpeed="0.03" meanSpeedRelative="0.00" duration="3"/>
    <step time="49200.00" loaded="25131" inserted="25131" running="91" waiting="0" ended="25040" arrived="25040" collisions="0" teleports="0" halting="91" stopped="0" meanWaitingTime="44.72" meanTravelTime="114.79" meanSpeed="0.00" meanSpeedRelative="0.00" duration="2"/>
</summary>
