<?xml version="1.0" encoding="UTF-8"?>

<!-- generated on 2025-02-28 17:56:51 by Eclipse SUMO GUI Version 1.19.0
<configuration xmlns:xsi="http://www.w3.org/2001/XMLSchema-instance" xsi:noNamespaceSchemaLocation="http://sumo.dlr.de/xsd/sumoConfiguration.xsd">

    <input>
        <net-file value="Network.net.xml"/>
        <route-files value="CarRoutes.rou.xml"/>
        <additional-files value="Sensors.add.xml"/>
    </input>

    <output>
        <emission-output value="logs/Emissions.xml"/>
        <summary-output value="logs/Log_summary.xml"/>
        <summary-output.period value="300"/>
        <tripinfo-output value="logs/TripInfos.xml"/>
    </output>

    <time>
        <begin value="0"/>
        <end value="86400"/>
        <step-length value="0.25"/>
    </time>

    <processing>
        <ignore-junction-blocker value="0.1"/>
        <time-to-teleport value="-1"/>
    </processing>

    <report>
        <verbose value="true"/>
        <no-step-log value="true"/>
    </report>

    <emissions>
        <device.emissions.period value="10"/>
    </emissions>

    <traci_server>
        <remote-port value="58048"/>
    </traci_server>

    <gui_only>
        <quit-on-end value="true"/>
        <start value="true"/>
    </gui_only>

</configuration>
-->

<summary xmlns:xsi="http://www.w3.org/2001/XMLSchema-instance" xsi:noNamespaceSchemaLocation="http://sumo.dlr.de/xsd/summary_file.xsd">
    <step time="0.00" loaded="0" inserted="0" running="0" waiting="0" ended="0" arrived="0" collisions="0" teleports="0" halting="0" stopped="0" meanWaitingTime="-1.00" meanTravelTime="-1.00" meanSpeed="-1.00" meanSpeedRelative="-1.00" duration="0"/>
    <step time="300.00" loaded="209" inserted="196" running="95" waiting="13" ended="101" arrived="101" collisions="0" teleports="0" halting="48" stopped="0" meanWaitingTime="14.05" meanTravelTime="76.06" meanSpeed="3.44" meanSpeedRelative="0.25" duration="4"/>
    <step time="600.00" loaded="369" inserted="357" running="83" waiting="12" ended="274" arrived="274" collisions="0" teleports="0" halting="41" stopped="0" meanWaitingTime="17.18" meanTravelTime="112.55" meanSpeed="4.23" meanSpeedRelative="0.30" duration="2"/>
    <step time="900.00" loaded="528" inserted="517" running="51" waiting="11" ended="466" arrived="466" collisions="0" teleports="0" halting="25" stopped="0" meanWaitingTime="15.42" meanTravelTime="116.88" meanSpeed="4.90" meanSpeedRelative="0.35" duration="2"/>
    <step time="1200.00" loaded="703" inserted="687" running="59" waiting="16" ended="628" arrived="628" collisions="0" teleports="0" halting="7" stopped="0" meanWaitingTime="18.35" meanTravelTime="111.69" meanSpeed="8.48" meanSpeedRelative="0.61" duration="2"/>
    <step time="1500.00" loaded="867" inserted="847" running="56" waiting="20" ended="791" arrived="791" collisions="0" teleports="0" halting="12" stopped="0" meanWaitingTime="19.23" meanTravelTime="109.21" meanSpeed="5.57" meanSpeedRelative="0.40" duration="2"/>
    <step time="1800.00" loaded="1026" inserted="1006" running="52" waiting="20" ended="954" arrived="954" collisions="0" teleports="0" halting="23" stopped="0" meanWaitingTime="21.94" meanTravelTime="109.09" meanSpeed="4.16" meanSpeedRelative="0.30" duration="2"/>
    <step time="2100.00" loaded="1189" inserted="1174" running="65" waiting="15" ended="1109" arrived="1109" collisions="0" teleports="0" halting="44" stopped="0" meanWaitingTime="20.65" meanTravelTime="106.85" meanSpeed="3.20" meanSpeedRelative="0.23" duration="1"/>
    <step time="2400.00" loaded="1335" inserted="1319" running="40" waiting="16" ended="1279" arrived="1279" collisions="0" teleports="0" halting="10" stopped="0" meanWaitingTime="20.41" meanTravelTime="108.07" meanSpeed="5.68" meanSpeedRelative="0.41" duration="1"/>
    <step time="2700.00" loaded="1478" inserted="1477" running="58" waiting="1" ended="1419" arrived="1419" collisions="0" teleports="0" halting="16" stopped="0" meanWaitingTime="20.17" meanTravelTime="107.04" meanSpeed="4.69" meanSpeedRelative="0.34" duration="1"/>
    <step time="3000.00" loaded="1638" inserted="1631" running="55" waiting="7" ended="1576" arrived="1576" collisions="0" teleports="0" halting="23" stopped="0" meanWaitingTime="18.83" meanTravelTime="108.42" meanSpeed="4.39" meanSpeedRelative="0.32" duration="2"/>
    <step time="3300.00" loaded="1808" inserted="1792" running="65" waiting="16" ended="1727" arrived="1727" collisions="0" teleports="0" halting="10" stopped="0" meanWaitingTime="19.03" meanTravelTime="109.34" meanSpeed="6.57" meanSpeedRelative="0.47" duration="2"/>
    <step time="3600.00" loaded="1942" inserted="1942" running="47" waiting="0" ended="1895" arrived="1895" collisions="0" teleports="0" halting="11" stopped="0" meanWaitingTime="18.73" meanTravelTime="109.04" meanSpeed="5.93" meanSpeedRelative="0.43" duration="2"/>
    <step time="3900.00" loaded="2104" inserted="2104" running="64" waiting="0" ended="2040" arrived="2040" collisions="0" teleports="0" halting="34" stopped="0" meanWaitingTime="17.40" meanTravelTime="108.52" meanSpeed="3.95" meanSpeedRelative="0.28" duration="2"/>
    <step time="4200.00" loaded="2236" inserted="2231" running="38" waiting="5" ended="2193" arrived="2193" collisions="0" teleports="0" halting="11" stopped="0" meanWaitingTime="17.53" meanTravelTime="108.48" meanSpeed="5.84" meanSpeedRelative="0.42" duration="2"/>
    <step time="4500.00" loaded="2414" inserted="2413" running="66" waiting="1" ended="2347" arrived="2347" collisions="0" teleports="0" halting="29" stopped="0" meanWaitingTime="16.81" meanTravelTime="107.86" meanSpeed="4.26" meanSpeedRelative="0.31" duration="1"/>
    <step time="4800.00" loaded="2572" inserted="2566" running="42" waiting="6" ended="2524" arrived="2524" collisions="0" teleports="0" halting="14" stopped="0" meanWaitingTime="16.07" meanTravelTime="107.45" meanSpeed="5.24" meanSpeedRelative="0.38" duration="1"/>
    <step time="5100.00" loaded="2740" inserted="2730" running="62" waiting="10" ended="2668" arrived="2668" collisions="0" teleports="0" halting="15" stopped="0" meanWaitingTime="16.77" meanTravelTime="106.62" meanSpeed="5.45" meanSpeedRelative="0.39" duration="2"/>
    <step time="5400.00" loaded="2893" inserted="2891" running="58" waiting="2" ended="2833" arrived="2833" collisions="0" teleports="0" halting="14" stopped="0" meanWaitingTime="16.62" meanTravelTime="106.76" meanSpeed="6.28" meanSpeedRelative="0.45" duration="1"/>
    <step time="5700.00" loaded="3078" inserted="3063" running="68" waiting="15" ended="2995" arrived="2995" collisions="0" teleports="0" halting="38" stopped="0" meanWaitingTime="16.09" meanTravelTime="107.15" meanSpeed="3.69" meanSpeedRelative="0.27" duration="1"/>
    <step time="6000.00" loaded="3204" inserted="3201" running="36" waiting="3" ended="3165" arrived="3165" collisions="0" teleports="0" halting="16" stopped="0" meanWaitingTime="16.12" meanTravelTime="108.08" meanSpeed="4.52" meanSpeedRelative="0.33" duration="1"/>
    <step time="6300.00" loaded="3370" inserted="3353" running="75" waiting="17" ended="3278" arrived="3278" collisions="0" teleports="0" halting="32" stopped="0" meanWaitingTime="16.16" meanTravelTime="108.36" meanSpeed="4.52" meanSpeedRelative="0.33" duration="1"/>
    <step time="6600.00" loaded="3530" inserted="3522" running="61" waiting="8" ended="3461" arrived="3461" collisions="0" teleports="0" halting="21" stopped="0" meanWaitingTime="16.45" meanTravelTime="108.42" meanSpeed="5.19" meanSpeedRelative="0.37" duration="3"/>
    <step time="6900.00" loaded="3714" inserted="3697" running="65" waiting="17" ended="3632" arrived="3632" collisions="0" teleports="0" halting="19" stopped="0" meanWaitingTime="16.44" meanTravelTime="108.25" meanSpeed="4.44" meanSpeedRelative="0.32" duration="2"/>
    <step time="7200.00" loaded="3869" inserted="3848" running="60" waiting="21" ended="3788" arrived="3788" collisions="0" teleports="0" halting="17" stopped="0" meanWaitingTime="16.98" meanTravelTime="108.50" meanSpeed="6.09" meanSpeedRelative="0.44" duration="3"/>
    <step time="7500.00" loaded="4018" inserted="4006" running="47" waiting="12" ended="3959" arrived="3959" collisions="0" teleports="0" halting="17" stopped="0" meanWaitingTime="17.65" meanTravelTime="108.67" meanSpeed="6.36" meanSpeedRelative="0.46" duration="0"/>
    <step time="7800.00" loaded="4177" inserted="4154" running="59" waiting="23" ended="4095" arrived="4095" collisions="0" teleports="0" halting="12" stopped="0" meanWaitingTime="18.11" meanTravelTime="108.17" meanSpeed="4.95" meanSpeedRelative="0.36" duration="2"/>
    <step time="8100.00" loaded="4348" inserted="4333" running="45" waiting="15" ended="4288" arrived="4288" collisions="0" teleports="0" halting="12" stopped="0" meanWaitingTime="19.09" meanTravelTime="107.88" meanSpeed="5.11" meanSpeedRelative="0.37" duration="1"/>
    <step time="8400.00" loaded="4532" inserted="4528" running="71" waiting="4" ended="4457" arrived="4457" collisions="0" teleports="0" halting="21" stopped="0" meanWaitingTime="19.07" meanTravelTime="107.45" meanSpeed="4.94" meanSpeedRelative="0.36" duration="3"/>
    <step time="8700.00" loaded="4700" inserted="4695" running="69" waiting="5" ended="4626" arrived="4626" collisions="0" teleports="0" halting="23" stopped="0" meanWaitingTime="18.82" meanTravelTime="107.79" meanSpeed="4.99" meanSpeedRelative="0.36" duration="2"/>
    <step time="9000.00" loaded="4886" inserted="4869" running="62" waiting="17" ended="4807" arrived="4807" collisions="0" teleports="0" halting="13" stopped="0" meanWaitingTime="18.63" meanTravelTime="107.83" meanSpeed="5.88" meanSpeedRelative="0.42" duration="1"/>
    <step time="9300.00" loaded="5068" inserted="5049" running="53" waiting="19" ended="4996" arrived="4996" collisions="0" teleports="0" halting="20" stopped="0" meanWaitingTime="18.63" meanTravelTime="107.95" meanSpeed="4.94" meanSpeedRelative="0.36" duration="1"/>
    <step time="9600.00" loaded="5239" inserted="5227" running="64" waiting="12" ended="5163" arrived="5163" collisions="0" teleports="0" halting="11" stopped="0" meanWaitingTime="19.09" meanTravelTime="107.28" meanSpeed="6.97" meanSpeedRelative="0.50" duration="2"/>
    <step time="9900.00" loaded="5384" inserted="5379" running="41" waiting="5" ended="5338" arrived="5338" collisions="0" teleports="0" halting="17" stopped="0" meanWaitingTime="18.94" meanTravelTime="107.68" meanSpeed="5.10" meanSpeedRelative="0.37" duration="2"/>
    <step time="10200.00" loaded="5552" inserted="5544" running="68" waiting="8" ended="5476" arrived="5476" collisions="0" teleports="0" halting="15" stopped="0" meanWaitingTime="18.67" meanTravelTime="107.38" meanSpeed="5.58" meanSpeedRelative="0.41" duration="2"/>
    <step time="10500.00" loaded="5730" inserted="5719" running="55" waiting="11" ended="5664" arrived="5664" collisions="0" teleports="0" halting="12" stopped="0" meanWaitingTime="18.51" meanTravelTime="107.61" meanSpeed="6.15" meanSpeedRelative="0.44" duration="1"/>
    <step time="10800.00" loaded="5901" inserted="5894" running="66" waiting="7" ended="5828" arrived="5828" collisions="0" teleports="0" halting="7" stopped="0" meanWaitingTime="18.52" meanTravelTime="107.68" meanSpeed="6.94" meanSpeedRelative="0.50" duration="3"/>
    <step time="11100.00" loaded="6077" inserted="6059" running="59" waiting="18" ended="6000" arrived="6000" collisions="0" teleports="0" halting="23" stopped="0" meanWaitingTime="18.48" meanTravelTime="107.80" meanSpeed="3.18" meanSpeedRelative="0.23" duration="3"/>
    <step time="11400.00" loaded="6249" inserted="6215" running="54" waiting="34" ended="6161" arrived="6161" collisions="0" teleports="0" halting="12" stopped="0" meanWaitingTime="19.12" meanTravelTime="108.03" meanSpeed="5.69" meanSpeedRelative="0.41" duration="2"/>
    <step time="11700.00" loaded="6393" inserted="6373" running="57" waiting="20" ended="6316" arrived="6316" collisions="0" teleports="0" halting="12" stopped="0" meanWaitingTime="20.16" meanTravelTime="107.70" meanSpeed="5.41" meanSpeedRelative="0.39" duration="2"/>
    <step time="12000.00" loaded="6568" inserted="6561" running="65" waiting="7" ended="6496" arrived="6496" collisions="0" teleports="0" halting="14" stopped="0" meanWaitingTime="20.17" meanTravelTime="107.86" meanSpeed="4.93" meanSpeedRelative="0.35" duration="3"/>
    <step time="12300.00" loaded="6734" inserted="6733" running="71" waiting="1" ended="6662" arrived="6662" collisions="0" teleports="0" halting="21" stopped="0" meanWaitingTime="19.89" meanTravelTime="107.98" meanSpeed="5.23" meanSpeedRelative="0.38" duration="2"/>
    <step time="12600.00" loaded="6903" inserted="6883" running="48" waiting="20" ended="6835" arrived="6835" collisions="0" teleports="0" halting="17" stopped="0" meanWaitingTime="19.70" meanTravelTime="108.27" meanSpeed="4.95" meanSpeedRelative="0.36" duration="1"/>
    <step time="12900.00" loaded="7069" inserted="7054" running="57" waiting="15" ended="6997" arrived="6997" collisions="0" teleports="0" halting="22" stopped="0" meanWaitingTime="19.89" meanTravelTime="108.08" meanSpeed="4.16" meanSpeedRelative="0.30" duration="2"/>
    <step time="13200.00" loaded="7247" inserted="7226" running="74" waiting="21" ended="7152" arrived="7152" collisions="0" teleports="0" halting="25" stopped="0" meanWaitingTime="20.00" meanTravelTime="108.10" meanSpeed="4.87" meanSpeedRelative="0.35" duration="2"/>
    <step time="13500.00" loaded="7422" inserted="7414" running="75" waiting="8" ended="7339" arrived="7339" collisions="0" teleports="0" halting="22" stopped="0" meanWaitingTime="19.95" meanTravelTime="108.41" meanSpeed="4.47" meanSpeedRelative="0.32" duration="3"/>
    <step time="13800.00" loaded="7613" inserted="7597" running="75" waiting="16" ended="7522" arrived="7522" collisions="0" teleports="0" halting="20" stopped="0" meanWaitingTime="20.04" meanTravelTime="108.54" meanSpeed="5.16" meanSpeedRelative="0.37" duration="3"/>
    <step time="14100.00" loaded="7771" inserted="7767" running="76" waiting="4" ended="7691" arrived="7691" collisions="0" teleports="0" halting="17" stopped="0" meanWaitingTime="20.11" meanTravelTime="108.76" meanSpeed="5.96" meanSpeedRelative="0.43" duration="3"/>
    <step time="14400.00" loaded="7907" inserted="7896" running="48" waiting="11" ended="7848" arrived="7848" collisions="0" teleports="0" halting="14" stopped="0" meanWaitingTime="20.28" meanTravelTime="108.80" meanSpeed="6.68" meanSpeedRelative="0.48" duration="3"/>
    <step time="14700.00" loaded="8100" inserted="8082" running="55" waiting="18" ended="8027" arrived="8027" collisions="0" teleports="0" halting="16" stopped="0" meanWaitingTime="20.24" meanTravelTime="108.30" meanSpeed="5.60" meanSpeedRelative="0.40" duration="3"/>
    <step time="15000.00" loaded="8259" inserted="8254" running="92" waiting="5" ended="8162" arrived="8162" collisions="0" teleports="0" halting="16" stopped="0" meanWaitingTime="20.06" meanTravelTime="108.46" meanSpeed="5.45" meanSpeedRelative="0.39" duration="2"/>
    <step time="15300.00" loaded="8420" inserted="8386" running="59" waiting="34" ended="8327" arrived="8327" collisions="0" teleports="0" halting="22" stopped="0" meanWaitingTime="20.23" meanTravelTime="109.15" meanSpeed="4.89" meanSpeedRelative="0.35" duration="3"/>
    <step time="15600.00" loaded="8585" inserted="8575" running="63" waiting="10" ended="8512" arrived="8512" collisions="0" teleports="0" halting="22" stopped="0" meanWaitingTime="20.97" meanTravelTime="108.84" meanSpeed="4.56" meanSpeedRelative="0.33" duration="2"/>
    <step time="15900.00" loaded="8777" inserted="8767" running="102" waiting="10" ended="8665" arrived="8665" collisions="0" teleports="0" halting="27" stopped="0" meanWaitingTime="21.27" meanTravelTime="108.64" meanSpeed="4.72" meanSpeedRelative="0.35" duration="3"/>
    <step time="16200.00" loaded="8966" inserted="8933" running="69" waiting="33" ended="8864" arrived="8864" collisions="0" teleports="0" halting="9" stopped="0" meanWaitingTime="21.44" meanTravelTime="109.10" meanSpeed="6.01" meanSpeedRelative="0.43" duration="3"/>
    <step time="16500.00" loaded="9132" inserted="9118" running="63" waiting="14" ended="9055" arrived="9055" collisions="0" teleports="0" halting="23" stopped="0" meanWaitingTime="22.01" meanTravelTime="109.23" meanSpeed="5.94" meanSpeedRelative="0.43" duration="2"/>
    <step time="16800.00" loaded="9320" inserted="9283" running="67" waiting="37" ended="9216" arrived="9216" collisions="0" teleports="0" halting="15" stopped="0" meanWaitingTime="22.27" meanTravelTime="109.29" meanSpeed="5.41" meanSpeedRelative="0.39" duration="4"/>
    <step time="17100.00" loaded="9493" inserted="9463" running="63" waiting="30" ended="9400" arrived="9400" collisions="0" teleports="0" halting="10" stopped="0" meanWaitingTime="22.95" meanTravelTime="109.35" meanSpeed="5.98" meanSpeedRelative="0.43" duration="2"/>
    <step time="17400.00" loaded="9677" inserted="9652" running="73" waiting="25" ended="9579" arrived="9579" collisions="0" teleports="0" halting="34" stopped="0" meanWaitingTime="23.60" meanTravelTime="109.47" meanSpeed="3.71" meanSpeedRelative="0.27" duration="2"/>
    <step time="17700.00" loaded="9848" inserted="9820" running="91" waiting="28" ended="9729" arrived="9729" collisions="0" teleports="0" halting="32" stopped="0" meanWaitingTime="23.99" meanTravelTime="109.80" meanSpeed="4.15" meanSpeedRelative="0.30" duration="2"/>
    <step time="18000.00" loaded="10012" inserted="9990" running="95" waiting="22" ended="9895" arrived="9895" collisions="0" teleports="0" halting="51" stopped="0" meanWaitingTime="24.49" meanTravelTime="110.60" meanSpeed="3.51" meanSpeedRelative="0.25" duration="3"/>
    <step time="18300.00" loaded="10198" inserted="10165" running="65" waiting="33" ended="10100" arrived="10100" collisions="0" teleports="0" halting="34" stopped="0" meanWaitingTime="24.71" meanTravelTime="111.35" meanSpeed="3.65" meanSpeedRelative="0.26" duration="3"/>
    <step time="18600.00" loaded="10355" inserted="10327" running="67" waiting="28" ended="10260" arrived="10260" collisions="0" teleports="0" halting="26" stopped="0" meanWaitingTime="25.29" meanTravelTime="111.33" meanSpeed="4.96" meanSpeedRelative="0.36" duration="1"/>
    <step time="18900.00" loaded="10539" inserted="10504" running="70" waiting="35" ended="10434" arrived="10434" collisions="0" teleports="0" halting="9" stopped="0" meanWaitingTime="25.62" meanTravelTime="111.47" meanSpeed="7.03" meanSpeedRelative="0.51" duration="2"/>
    <step time="19200.00" loaded="10716" inserted="10690" running="62" waiting="26" ended="10628" arrived="10628" collisions="0" teleports="0" halting="39" stopped="0" meanWaitingTime="25.92" meanTravelTime="111.19" meanSpeed="3.42" meanSpeedRelative="0.25" duration="3"/>
    <step time="19500.00" loaded="10927" inserted="10902" running="102" waiting="25" ended="10800" arrived="10800" collisions="0" teleports="0" halting="33" stopped="0" meanWaitingTime="26.19" meanTravelTime="111.29" meanSpeed="3.35" meanSpeedRelative="0.24" duration="4"/>
    <step time="19800.00" loaded="11104" inserted="11071" running="69" waiting="33" ended="11002" arrived="11002" collisions="0" teleports="0" halting="16" stopped="0" meanWaitingTime="26.52" meanTravelTime="111.67" meanSpeed="5.71" meanSpeedRelative="0.41" duration="2"/>
    <step time="20100.00" loaded="11301" inserted="11266" running="81" waiting="35" ended="11185" arrived="11185" collisions="0" teleports="0" halting="25" stopped="0" meanWaitingTime="26.98" meanTravelTime="111.72" meanSpeed="5.39" meanSpeedRelative="0.39" duration="2"/>
    <step time="20400.00" loaded="11469" inserted="11424" running="76" waiting="45" ended="11348" arrived="11348" collisions="0" teleports="0" halting="17" stopped="0" meanWaitingTime="27.56" meanTravelTime="111.92" meanSpeed="4.97" meanSpeedRelative="0.36" duration="2"/>
    <step time="20700.00" loaded="11642" inserted="11608" running="72" waiting="34" ended="11536" arrived="11536" collisions="0" teleports="0" halting="29" stopped="0" meanWaitingTime="28.33" meanTravelTime="112.08" meanSpeed="4.57" meanSpeedRelative="0.33" duration="3"/>
    <step time="21000.00" loaded="11825" inserted="11799" running="67" waiting="26" ended="11732" arrived="11732" collisions="0" teleports="0" halting="31" stopped="0" meanWaitingTime="28.98" meanTravelTime="111.93" meanSpeed="3.80" meanSpeedRelative="0.27" duration="3"/>
    <step time="21300.00" loaded="11983" inserted="11962" running="62" waiting="21" ended="11900" arrived="11900" collisions="0" teleports="0" halting="13" stopped="0" meanWaitingTime="29.27" meanTravelTime="111.91" meanSpeed="5.42" meanSpeedRelative="0.39" duration="1"/>
    <step time="21600.00" loaded="12203" inserted="12170" running="97" waiting="33" ended="12073" arrived="12073" collisions="0" teleports="0" halting="12" stopped="0" meanWaitingTime="29.55" meanTravelTime="111.91" meanSpeed="6.07" meanSpeedRelative="0.44" duration="2"/>
    <step time="21900.00" loaded="12387" inserted="12360" running="64" waiting="27" ended="12296" arrived="12296" collisions="0" teleports="0" halting="23" stopped="0" meanWaitingTime="29.67" meanTravelTime="112.04" meanSpeed="4.75" meanSpeedRelative="0.34" duration="3"/>
    <step time="22200.00" loaded="12577" inserted="12545" running="85" waiting="32" ended="12460" arrived="12460" collisions="0" teleports="0" halting="25" stopped="0" meanWaitingTime="29.92" meanTravelTime="111.62" meanSpeed="5.30" meanSpeedRelative="0.38" duration="4"/>
    <step time="22500.00" loaded="12753" inserted="12703" running="40" waiting="50" ended="12663" arrived="12663" collisions="0" teleports="0" halting="5" stopped="0" meanWaitingTime="30.18" meanTravelTime="112.29" meanSpeed="5.89" meanSpeedRelative="0.42" duration="2"/>
    <step time="22800.00" loaded="12948" inserted="12934" running="89" waiting="14" ended="12845" arrived="12845" collisions="0" teleports="0" halting="46" stopped="0" meanWaitingTime="30.57" meanTravelTime="112.16" meanSpeed="2.95" meanSpeedRelative="0.21" duration="2"/>
    <step time="23100.00" loaded="13137" inserted="13120" running="101" waiting="17" ended="13019" arrived="13019" collisions="0" teleports="0" halting="52" stopped="0" meanWaitingTime="30.58" meanTravelTime="112.46" meanSpeed="3.37" meanSpeedRelative="0.24" duration="4"/>
    <step time="23400.00" loaded="13325" inserted="13298" running="70" waiting="27" ended="13228" arrived="13228" collisions="0" teleports="0" halting="24" stopped="0" meanWaitingTime="30.66" meanTravelTime="112.83" meanSpeed="4.41" meanSpeedRelative="0.32" duration="2"/>
    <step time="23700.00" loaded="13556" inserted="13514" running="76" waiting="42" ended="13438" arrived="13438" collisions="0" teleports="0" halting="34" stopped="0" meanWaitingTime="30.75" meanTravelTime="112.58" meanSpeed="4.10" meanSpeedRelative="0.30" duration="4"/>
    <step time="24000.00" loaded="13732" inserted="13695" running="75" waiting="37" ended="13620" arrived="13620" collisions="0" teleports="0" halting="20" stopped="0" meanWaitingTime="31.09" meanTravelTime="112.46" meanSpeed="3.89" meanSpeedRelative="0.28" duration="2"/>
    <step time="24300.00" loaded="13945" inserted="13908" running="113" waiting="37" ended="13795" arrived="13795" collisions="0" teleports="0" halting="51" stopped="0" meanWaitingTime="31.46" meanTravelTime="112.57" meanSpeed="3.36" meanSpeedRelative="0.24" duration="3"/>
    <step time="24600.00" loaded="14167" inserted="14131" running="82" waiting="36" ended="14049" arrived="14049" collisions="0" teleports="0" halting="40" stopped="0" meanWaitingTime="31.72" meanTravelTime="112.93" meanSpeed="3.41" meanSpeedRelative="0.25" duration="2"/>
    <step time="24900.00" loaded="14379" inserted="14344" running="78" waiting="35" ended="14266" arrived="14266" collisions="0" teleports="0" halting="29" stopped="0" meanWaitingTime="32.09" meanTravelTime="112.85" meanSpeed="4.61" meanSpeedRelative="0.33" duration="3"/>
    <step time="25200.00" loaded="14572" inserted="14529" running="75" waiting="43" ended="14454" arrived="14454" collisions="0" teleports="0" halting="24" stopped="0" meanWaitingTime="32.27" meanTravelTime="112.72" meanSpeed="5.05" meanSpeedRelative="0.36" duration="1"/>
    <step time="25500.00" loaded="14747" inserted="14724" running="62" waiting="23" ended="14662" arrived="14662" collisions="0" teleports="0" halting="21" stopped="0" meanWaitingTime="32.55" meanTravelTime="112.82" meanSpeed="4.82" meanSpeedRelative="0.35" duration="2"/>
    <step time="25800.00" loaded="14980" inserted="14944" running="83" waiting="36" ended="14861" arrived="14861" collisions="0" teleports="0" halting="26" stopped="0" meanWaitingTime="32.67" meanTravelTime="112.64" meanSpeed="4.03" meanSpeedRelative="0.29" duration="3"/>
    <step time="26100.00" loaded="15189" inserted="15155" running="73" waiting="34" ended="15082" arrived="15082" collisions="0" teleports="0" halting="30" stopped="0" meanWaitingTime="32.95" meanTravelTime="112.69" meanSpeed="2.78" meanSpeedRelative="0.20" duration="1"/>
    <step time="26400.00" loaded="15386" inserted="15344" running="79" waiting="42" ended="15265" arrived="15265" collisions="0" teleports="0" halting="33" stopped="0" meanWaitingTime="33.18" meanTravelTime="112.73" meanSpeed="3.12" meanSpeedRelative="0.22" duration="1"/>
    <step time="26700.00" loaded="15599" inserted="15568" running="107" waiting="31" ended="15461" arrived="15461" collisions="0" teleports="0" halting="30" stopped="0" meanWaitingTime="33.61" meanTravelTime="112.61" meanSpeed="4.42" meanSpeedRelative="0.32" duration="3"/>
    <step time="27000.00" loaded="15818" inserted="15800" running="109" waiting="18" ended="15691" arrived="15691" collisions="0" teleports="0" halting="25" stopped="0" meanWaitingTime="33.89" meanTravelTime="112.91" meanSpeed="5.00" meanSpeedRelative="0.36" duration="3"/>
    <step time="27300.00" loaded="16040" inserted="16012" running="94" waiting="28" ended="15918" arrived="15918" collisions="0" teleports="0" halting="36" stopped="0" meanWaitingTime="33.84" meanTravelTime="112.88" meanSpeed="4.40" meanSpeedRelative="0.32" duration="4"/>
    <step time="27600.00" loaded="16236" inserted="16211" running="70" waiting="25" ended="16141" arrived="16141" collisions="0" teleports="0" halting="37" stopped="0" meanWaitingTime="33.85" meanTravelTime="112.95" meanSpeed="3.51" meanSpeedRelative="0.25" duration="2"/>
    <step time="27900.00" loaded="16445" inserted="16411" running="62" waiting="34" ended="16349" arrived="16349" collisions="0" teleports="0" halting="16" stopped="0" meanWaitingTime="33.90" meanTravelTime="112.81" meanSpeed="5.62" meanSpeedRelative="0.40" duration="3"/>
    <step time="28200.00" loaded="16671" inserted="16648" running="74" waiting="23" ended="16574" arrived="16574" collisions="0" teleports="0" halting="20" stopped="0" meanWaitingTime="34.11" meanTravelTime="112.58" meanSpeed="4.74" meanSpeedRelative="0.34" duration="3"/>
    <step time="28500.00" loaded="16869" inserted="16840" running="71" waiting="29" ended="16769" arrived="16769" collisions="0" teleports="0" halting="23" stopped="0" meanWaitingTime="34.17" meanTravelTime="112.63" meanSpeed="5.33" meanSpeedRelative="0.38" duration="2"/>
    <step time="28800.00" loaded="17084" inserted="17052" running="70" waiting="32" ended="16982" arrived="16982" collisions="0" teleports="0" halting="24" stopped="0" meanWaitingTime="34.18" meanTravelTime="112.56" meanSpeed="4.86" meanSpeedRelative="0.35" duration="1"/>
    <step time="29100.00" loaded="17312" inserted="17270" running="80" waiting="42" ended="17190" arrived="17190" collisions="0" teleports="0" halting="27" stopped="0" meanWaitingTime="34.16" meanTravelTime="112.67" meanSpeed="4.54" meanSpeedRelative="0.33" duration="4"/>
    <step time="29400.00" loaded="17516" inserted="17474" running="90" waiting="42" ended="17384" arrived="17384" collisions="0" teleports="0" halting="33" stopped="0" meanWaitingTime="34.38" meanTravelTime="112.72" meanSpeed="5.07" meanSpeedRelative="0.36" duration="4"/>
    <step time="29700.00" loaded="17697" inserted="17662" running="52" waiting="35" ended="17610" arrived="17610" collisions="0" teleports="0" halting="12" stopped="0" meanWaitingTime="34.58" meanTravelTime="112.84" meanSpeed="5.38" meanSpeedRelative="0.39" duration="1"/>
    <step time="30000.00" loaded="17870" inserted="17839" running="62" waiting="31" ended="17777" arrived="17777" collisions="0" teleports="0" halting="32" stopped="0" meanWaitingTime="34.76" meanTravelTime="112.77" meanSpeed="3.49" meanSpeedRelative="0.25" duration="3"/>
    <step time="30300.00" loaded="18068" inserted="18027" running="64" waiting="41" ended="17963" arrived="17963" collisions="0" teleports="0" halting="31" stopped="0" meanWaitingTime="35.04" meanTravelTime="112.75" meanSpeed="3.48" meanSpeedRelative="0.25" duration="2"/>
    <step time="30600.00" loaded="18284" inserted="18240" running="77" waiting="44" ended="18163" arrived="18163" collisions="0" teleports="0" halting="22" stopped="0" meanWaitingTime="35.33" meanTravelTime="112.60" meanSpeed="5.84" meanSpeedRelative="0.42" duration="1"/>
    <step time="30900.00" loaded="18502" inserted="18460" running="85" waiting="42" ended="18375" arrived="18375" collisions="0" teleports="0" halting="24" stopped="0" meanWaitingTime="35.60" meanTravelTime="112.43" meanSpeed="4.62" meanSpeedRelative="0.33" duration="1"/>
    <step time="31200.00" loaded="18671" inserted="18627" running="47" waiting="44" ended="18580" arrived="18580" collisions="0" teleports="0" halting="15" stopped="0" meanWaitingTime="35.71" meanTravelTime="112.51" meanSpeed="4.80" meanSpeedRelative="0.35" duration="1"/>
    <step time="31500.00" loaded="18847" inserted="18803" running="64" waiting="44" ended="18739" arrived="18739" collisions="0" teleports="0" halting="27" stopped="0" meanWaitingTime="35.96" meanTravelTime="112.46" meanSpeed="4.16" meanSpeedRelative="0.30" duration="2"/>
    <step time="31800.00" loaded="19007" inserted="18971" running="76" waiting="36" ended="18895" arrived="18895" collisions="0" teleports="0" halting="20" stopped="0" meanWaitingTime="36.30" meanTravelTime="112.61" meanSpeed="4.95" meanSpeedRelative="0.36" duration="2"/>
    <step time="32100.00" loaded="19187" inserted="19146" running="63" waiting="41" ended="19083" arrived="19083" collisions="0" teleports="0" halting="22" stopped="0" meanWaitingTime="36.69" meanTravelTime="112.63" meanSpeed="6.08" meanSpeedRelative="0.44" duration="1"/>
    <step time="32400.00" loaded="19355" inserted="19309" running="66" waiting="46" ended="19243" arrived="19243" collisions="0" teleports="0" halting="23" stopped="0" meanWaitingTime="36.90" meanTravelTime="112.58" meanSpeed="5.61" meanSpeedRelative="0.40" duration="2"/>
    <step time="32700.00" loaded="19537" inserted="19496" running="61" waiting="41" ended="19435" arrived="19435" collisions="0" teleports="0" halting="10" stopped="0" meanWaitingTime="37.12" meanTravelTime="112.55" meanSpeed="5.89" meanSpeedRelative="0.42" duration="1"/>
    <step time="33000.00" loaded="19706" inserted="19675" running="66" waiting="31" ended="19609" arrived="19609" collisions="0" teleports="0" halting="8" stopped="0" meanWaitingTime="37.39" meanTravelTime="112.66" meanSpeed="5.62" meanSpeedRelative="0.40" duration="3"/>
    <step time="33300.00" loaded="19838" inserted="19813" running="68" waiting="25" ended="19745" arrived="19745" collisions="0" teleports="0" halting="19" stopped="0" meanWaitingTime="37.52" meanTravelTime="112.80" meanSpeed="5.61" meanSpeedRelative="0.40" duration="3"/>
    <step time="33600.00" loaded="20030" inserted="19995" running="67" waiting="35" ended="19928" arrived="19928" collisions="0" teleports="0" halting="32" stopped="0" meanWaitingTime="37.67" meanTravelTime="112.74" meanSpeed="4.64" meanSpeedRelative="0.33" duration="1"/>
    <step time="33900.00" loaded="20184" inserted="20148" running="71" waiting="36" ended="20077" arrived="20077" collisions="0" teleports="0" halting="19" stopped="0" meanWaitingTime="37.84" meanTravelTime="112.68" meanSpeed="4.50" meanSpeedRelative="0.32" duration="3"/>
    <step time="34200.00" loaded="20340" inserted="20302" running="59" waiting="38" ended="20243" arrived="20243" collisions="0" teleports="0" halting="22" stopped="0" meanWaitingTime="38.02" meanTravelTime="112.87" meanSpeed="4.78" meanSpeedRelative="0.34" duration="1"/>
    <step time="34500.00" loaded="20508" inserted="20482" running="84" waiting="26" ended="20398" arrived="20398" collisions="0" teleports="0" halting="31" stopped="0" meanWaitingTime="38.29" meanTravelTime="112.87" meanSpeed="4.37" meanSpeedRelative="0.32" duration="3"/>
    <step time="34800.00" loaded="20661" inserted="20631" running="60" waiting="30" ended="20571" arrived="20571" collisions="0" teleports="0" halting="24" stopped="0" meanWaitingTime="38.45" meanTravelTime="113.03" meanSpeed="4.28" meanSpeedRelative="0.32" duration="2"/>
    <step time="35100.00" loaded="20798" inserted="20774" running="54" waiting="24" ended="20720" arrived="20720" collisions="0" teleports="0" halting="11" stopped="0" meanWaitingTime="38.59" meanTravelTime="113.03" meanSpeed="7.42" meanSpeedRelative="0.53" duration="3"/>
    <step time="35400.00" loaded="20934" inserted="20911" running="46" waiting="23" ended="20865" arrived="20865" collisions="0" teleports="0" halting="6" stopped="0" meanWaitingTime="38.60" meanTravelTime="112.93" meanSpeed="6.36" meanSpeedRelative="0.46" duration="2"/>
    <step time="35700.00" loaded="21077" inserted="21055" running="54" waiting="22" ended="21001" arrived="21001" collisions="0" teleports="0" halting="28" stopped="0" meanWaitingTime="38.67" meanTravelTime="112.95" meanSpeed="3.84" meanSpeedRelative="0.28" duration="2"/>
    <step time="36000.00" loaded="21234" inserted="21218" running="43" waiting="16" ended="21175" arrived="21175" collisions="0" teleports="0" halting="4" stopped="0" meanWaitingTime="38.78" meanTravelTime="112.83" meanSpeed="6.55" meanSpeedRelative="0.47" duration="2"/>
    <step time="36300.00" loaded="21406" inserted="21369" running="61" waiting="37" ended="21308" arrived="21308" collisions="0" teleports="0" halting="26" stopped="0" meanWaitingTime="38.87" meanTravelTime="112.62" meanSpeed="4.17" meanSpeedRelative="0.30" duration="3"/>
    <step time="36600.00" loaded="21552" inserted="21516" running="66" waiting="36" ended="21450" arrived="21450" collisions="0" teleports="0" halting="7" stopped="0" meanWaitingTime="39.09" meanTravelTime="112.71" meanSpeed="6.06" meanSpeedRelative="0.44" duration="1"/>
    <step time="36900.00" loaded="21688" inserted="21651" running="54" waiting="37" ended="21597" arrived="21597" collisions="0" teleports="0" halting="22" stopped="0" meanWaitingTime="39.27" meanTravelTime="112.93" meanSpeed="3.81" meanSpeedRelative="0.27" duration="3"/>
    <step time="37200.00" loaded="21810" inserted="21785" running="48" waiting="25" ended="21737" arrived="21737" collisions="0" teleports="0" halting="22" stopped="0" meanWaitingTime="39.45" meanTravelTime="112.86" meanSpeed="3.93" meanSpeedRelative="0.28" duration="1"/>
    <step time="37500.00" loaded="21954" inserted="21917" running="61" waiting="37" ended="21856" arrived="21856" collisions="0" teleports="0" halting="17" stopped="0" meanWaitingTime="39.62" meanTravelTime="112.89" meanSpeed="5.26" meanSpeedRelative="0.38" duration="3"/>
    <step time="37800.00" loaded="22111" inserted="22070" running="55" waiting="41" ended="22015" arrived="22015" collisions="0" teleports="0" halting="25" stopped="0" meanWaitingTime="39.85" meanTravelTime="112.91" meanSpeed="4.69" meanSpeedRelative="0.34" duration="1"/>
    <step time="38100.00" loaded="22254" inserted="22210" running="50" waiting="44" ended="22160" arrived="22160" collisions="0" teleports="0" halting="10" stopped="0" meanWaitingTime="40.05" meanTravelTime="112.86" meanSpeed="5.71" meanSpeedRelative="0.41" duration="2"/>
    <step time="38400.00" loaded="22378" inserted="22347" running="42" waiting="31" ended="22305" arrived="22305" collisions="0" teleports="0" halting="19" stopped="0" meanWaitingTime="40.33" meanTravelTime="112.80" meanSpeed="4.38" meanSpeedRelative="0.32" duration="2"/>
    <step time="38700.00" loaded="22476" inserted="22462" running="44" waiting="14" ended="22418" arrived="22418" collisions="0" teleports="0" halting="28" stopped="0" meanWaitingTime="40.50" meanTravelTime="112.75" meanSpeed="2.79" meanSpeedRelative="0.20" duration="2"/>
    <step time="39000.00" loaded="22580" inserted="22548" running="35" waiting="32" ended="22513" arrived="22513" collisions="0" teleports="0" halting="7" stopped="0" meanWaitingTime="40.67" meanTravelTime="112.80" meanSpeed="7.20" meanSpeedRelative="0.52" duration="0"/>
    <step time="39300.00" loaded="22706" inserted="22668" running="36" waiting="38" ended="22632" arrived="22632" collisions="0" teleports="0" halting="9" stopped="0" meanWaitingTime="40.88" meanTravelTime="112.74" meanSpeed="5.95" meanSpeedRelative="0.43" duration="1"/>
    <step time="39600.00" loaded="22817" inserted="22778" running="32" waiting="39" ended="22746" arrived="22746" collisions="0" teleports="0" halting="15" stopped="0" meanWaitingTime="41.07" meanTravelTime="112.63" meanSpeed="4.35" meanSpeedRelative="0.31" duration="2"/>
    <step time="39900.00" loaded="22939" inserted="22913" running="68" waiting="26" ended="22845" arrived="22845" collisions="0" teleports="0" halting="49" stopped="0" meanWaitingTime="41.36" meanTravelTime="112.56" meanSpeed="1.98" meanSpeedRelative="0.14" duration="1"/>
    <step time="40200.00" loaded="23027" inserted="23006" running="42" waiting="21" ended="22964" arrived="22964" collisions="0" teleports="0" halting="19" stopped="0" meanWaitingTime="41.56" meanTravelTime="112.85" meanSpeed="2.80" meanSpeedRelative="0.20" duration="1"/>
    <step time="40500.00" loaded="23126" inserted="23103" running="37" waiting="23" ended="23066" arrived="23066" collisions="0" teleports="0" halting="10" stopped="0" meanWaitingTime="41.66" meanTravelTime="113.01" meanSpeed="6.15" meanSpeedRelative="0.44" duration="1"/>
    <step time="40800.00" loaded="23235" inserted="23205" running="36" waiting="30" ended="23169" arrived="23169" collisions="0" teleports="0" halting="15" stopped="0" meanWaitingTime="41.90" meanTravelTime="112.95" meanSpeed="4.95" meanSpeedRelative="0.36" duration="1"/>
    <step time="41100.00" loaded="23319" inserted="23296" running="40" waiting="23" ended="23256" arrived="23256" collisions="0" teleports="0" halting="19" stopped="0" meanWaitingTime="42.05" meanTravelTime="112.98" meanSpeed="3.37" meanSpeedRelative="0.24" duration="0"/>
    <step time="41400.00" loaded="23382" inserted="23371" running="15" waiting="11" ended="23356" arrived="23356" collisions="0" teleports="0" halting="12" stopped="0" meanWaitingTime="42.13" meanTravelTime="113.15" meanSpeed="2.65" meanSpeedRelative="0.19" duration="0"/>
    <step time="41700.00" loaded="23481" inserted="23455" running="44" waiting="26" ended="23411" arrived="23411" collisions="0" teleports="0" halting="19" stopped="0" meanWaitingTime="42.26" meanTravelTime="113.13" meanSpeed="5.03" meanSpeedRelative="0.36" duration="1"/>
    <step time="42000.00" loaded="23562" inserted="23533" running="19" waiting="29" ended="23514" arrived="23514" collisions="0" teleports="0" halting="10" stopped="0" meanWaitingTime="42.45" meanTravelTime="113.19" meanSpeed="5.17" meanSpeedRelative="0.37" duration="1"/>
    <step time="42300.00" loaded="23668" inserted="23643" running="45" waiting="25" ended="23598" arrived="23598" collisions="0" teleports="0" halting="10" stopped="0" meanWaitingTime="42.68" meanTravelTime="113.11" meanSpeed="6.06" meanSpeedRelative="0.44" duration="1"/>
    <step time="42600.00" loaded="23780" inserted="23743" running="47" waiting="37" ended="23696" arrived="23696" collisions="0" teleports="0" halting="5" stopped="0" meanWaitingTime="42.89" meanTravelTime="113.07" meanSpeed="6.22" meanSpeedRelative="0.45" duration="1"/>
    <step time="42900.00" loaded="23881" inserted="23857" running="49" waiting="24" ended="23808" arrived="23808" collisions="0" teleports="0" halting="23" stopped="0" meanWaitingTime="43.17" meanTravelTime="113.19" meanSpeed="4.47" meanSpeedRelative="0.32" duration="1"/>
    <step time="43200.00" loaded="23982" inserted="23946" running="19" waiting="36" ended="23927" arrived="23927" collisions="0" teleports="0" halting="7" stopped="0" meanWaitingTime="43.28" meanTravelTime="113.22" meanSpeed="6.21" meanSpeedRelative="0.45" duration="1"/>
    <step time="43500.00" loaded="24061" inserted="24035" running="37" waiting="26" ended="23998" arrived="23998" collisions="0" teleports="0" halting="10" stopped="0" meanWaitingTime="43.43" meanTravelTime="113.19" meanSpeed="6.30" meanSpeedRelative="0.48" duration="0"/>
    <step time="43800.00" loaded="24163" inserted="24127" running="36" waiting="36" ended="24091" arrived="24091" collisions="0" teleports="0" halting="16" stopped="0" meanWaitingTime="43.64" meanTravelTime="113.17" meanSpeed="5.44" meanSpeedRelative="0.39" duration="0"/>
    <step time="44100.00" loaded="24267" inserted="24238" running="58" waiting="29" ended="24180" arrived="24180" collisions="0" teleports="0" halting="39" stopped="0" meanWaitingTime="43.89" meanTravelTime="113.15" meanSpeed="2.40" meanSpeedRelative="0.17" duration="2"/>
    <step time="44400.00" loaded="24378" inserted="24344" running="76" waiting="34" ended="24268" arrived="24268" collisions="0" teleports="0" halting="61" stopped="0" meanWaitingTime="44.13" meanTravelTime="113.15" meanSpeed="0.87" meanSpeedRelative="0.08" duration="1"/>
    <step time="44700.00" loaded="24482" inserted="24438" running="47" waiting="44" ended="24391" arrived="24391" collisions="0" teleports="0" halting="14" stopped="0" meanWaitingTime="44.42" meanTravelTime="113.83" meanSpeed="3.79" meanSpeedRelative="0.27" duration="1"/>
    <step time="45000.00" loaded="24587" inserted="24538" running="36" waiting="49" ended="24502" arrived="24502" collisions="0" teleports="0" halting="4" stopped="0" meanWaitingTime="44.72" meanTravelTime="114.00" meanSpeed="6.07" meanSpeedRelative="0.44" duration="1"/>
    <step time="45300.00" loaded="24674" inserted="24641" running="53" waiting="33" ended="24588" arrived="24588" collisions="0" teleports="0" halting="15" stopped="0" meanWaitingTime="45.04" meanTravelTime="114.11" meanSpeed="4.66" meanSpeedRelative="0.34" duration="1"/>
    <step time="45600.00" loaded="24758" inserted="24730" running="38" waiting="28" ended="24692" arrived="24692" collisions="0" teleports="0" halting="18" stopped="0" meanWaitingTime="45.24" meanTravelTime="114.24" meanSpeed="4.43" meanSpeedRelative="0.34" duration="2"/>
    <step time="45900.00" loaded="24844" inserted="24798" running="40" waiting="46" ended="24758" arrived="24758" collisions="0" teleports="0" halting="38" stopped="0" meanWaitingTime="45.45" meanTravelTime="114.23" meanSpeed="0.57" meanSpeedRelative="0.04" duration="1"/>
    <step time="46200.00" loaded="24925" inserted="24877" running="48" waiting="48" ended="24829" arrived="24829" collisions="0" teleports="0" halting="41" stopped="0" meanWaitingTime="45.67" meanTravelTime="114.08" meanSpeed="1.12" meanSpeedRelative="0.08" duration="2"/>
    <step time="46500.00" loaded="24973" inserted="24973" running="75" waiting="0" ended="24898" arrived="24898" collisions="0" teleports="0" halting="63" stopped="0" meanWaitingTime="45.99" meanTravelTime="113.93" meanSpeed="1.25" meanSpeedRelative="0.09" duration="2"/>
    <step time="46800.00" loaded="24993" inserted="24993" running="70" waiting="0" ended="24923" arrived="24923" collisions="0" teleports="0" halting="69" stopped="0" meanWaitingTime="45.96" meanTravelTime="113.88" meanSpeed="0.14" meanSpeedRelative="0.01" duration="3"/>
    <step time="47100.00" loaded="25011" inserted="25011" running="66" waiting="0" ended="24945" arrived="24945" collisions="0" teleports="0" halting="63" stopped="0" meanWaitingTime="45.92" meanTravelTime="113.81" meanSpeed="0.28" meanSpeedRelative="0.02" duration="1"/>
    <step time="47400.00" loaded="25027" inserted="25027" running="65" waiting="0" ended="24962" arrived="24962" collisions="0" teleports="0" halting="65" stopped="0" meanWaitingTime="45.89" meanTravelTime="113.76" meanSpeed="0.00" meanSpeedRelative="0.00" duration="1"/>
    <step time="47700.00" loaded="25041" inserted="25041" running="66" waiting="0" ended="24975" arrived="24975" collisions="0" teleports="0" halting="66" stopped="0" meanWaitingTime="45.87" meanTravelTime="113.73" meanSpeed="0.00" meanSpeedRelative="0.00" duration="2"/>
    <step time="48000.00" loaded="25055" inserted="25055" running="65" waiting="0" ended="24990" arrived="24990" collisions="0" teleports="0" halting="63" stopped="0" meanWaitingTime="45.84" meanTravelTime="113.69" meanSpeed="0.33" meanSpeedRelative="0.02" duration="1"/>
    <step time="48300.00" loaded="25069" inserted="25069" running="64" waiting="0" ended="25005" arrived="25005" collisions="0" teleports="0" halting="63" stopped="0" meanWaitingTime="45.82" meanTravelTime="113.65" meanSpeed="0.05" meanSpeedRelative="0.00" duration="1"/>
    <step time="48600.00" loaded="25085" inserted="25085" running="65" waiting="0" ended="25020" arrived="25020" collisions="0" teleports="0" halting="63" stopped="0" meanWaitingTime="45.79" meanTravelTime="113.59" meanSpeed="0.23" meanSpeedRelative="0.02" duration="0"/>
    <step time="48900.00" loaded="25100" inserted="25100" running="69" waiting="0" ended="25031" arrived="25031" collisions="0" teleports="0" halting="68" stopped="0" meanWaitingTime="45.76" meanTravelTime="113.55" meanSpeed="0.05" meanSpeedRelative="0.00" duration="1"/>
    <step time="49200.00" loaded="25109" inserted="25109" running="63" waiting="0" ended="25046" arrived="25046" collisions="0" teleports="0" halting="63" stopped="0" meanWaitingTime="45.74" meanTravelTime="113.52" meanSpeed="0.00" meanSpeedRelative="0.00" duration="0"/>
</summary>
