<?xml version="1.0" encoding="UTF-8"?>

<!-- generated on 2025-02-28 16:57:53 by Eclipse SUMO GUI Version 1.19.0
<configuration xmlns:xsi="http://www.w3.org/2001/XMLSchema-instance" xsi:noNamespaceSchemaLocation="http://sumo.dlr.de/xsd/sumoConfiguration.xsd">

    <input>
        <net-file value="Network.net.xml"/>
        <route-files value="CarRoutes.rou.xml"/>
        <additional-files value="Sensors.add.xml"/>
    </input>

    <output>
        <emission-output value="logs/Emissions.xml"/>
        <summary-output value="logs/Log_summary.xml"/>
        <summary-output.period value="300"/>
        <tripinfo-output value="logs/TripInfos.xml"/>
    </output>

    <time>
        <begin value="0"/>
        <end value="86400"/>
        <step-length value="0.25"/>
    </time>

    <processing>
        <ignore-junction-blocker value="0.1"/>
        <time-to-teleport value="-1"/>
    </processing>

    <report>
        <verbose value="true"/>
        <no-step-log value="true"/>
    </report>

    <emissions>
        <device.emissions.period value="10"/>
    </emissions>

    <traci_server>
        <remote-port value="57555"/>
    </traci_server>

    <gui_only>
        <quit-on-end value="true"/>
        <start value="true"/>
    </gui_only>

</configuration>
-->

<instantE1 xmlns:xsi="http://www.w3.org/2001/XMLSchema-instance" xsi:noNamespaceSchemaLocation="http://sumo.dlr.de/xsd/instant_e1_file.xsd">
    <instantOut id="235_D025" time="471.91" state="enter" vehID="Car_503" speed="7.00" length="5.00" type="DEFAULT_CAR"/>
    <instantOut id="235_D025" time="472.00" state="stay" vehID="Car_503" speed="7.00" length="5.00" type="DEFAULT_CAR"/>
    <instantOut id="235_D025" time="472.25" state="stay" vehID="Car_503" speed="6.25" length="5.00" type="DEFAULT_CAR"/>
    <instantOut id="235_D025" time="472.50" state="stay" vehID="Car_503" speed="5.69" length="5.00" type="DEFAULT_CAR"/>
    <instantOut id="235_D025" time="472.75" state="stay" vehID="Car_503" speed="4.94" length="5.00" type="DEFAULT_CAR"/>
    <instantOut id="235_D025" time="472.79" state="leave" vehID="Car_503" speed="4.19" length="5.00" type="DEFAULT_CAR" occupancy="0.88"/>
    <instantOut id="235_D025" time="1848.71" state="enter" vehID="Car_1103" speed="9.79" length="5.00" type="DEFAULT_CAR" gap="1375.92"/>
    <instantOut id="235_D025" time="1848.75" state="stay" vehID="Car_1103" speed="9.79" length="5.00" type="DEFAULT_CAR"/>
    <instantOut id="235_D025" time="1849.00" state="stay" vehID="Car_1103" speed="10.39" length="5.00" type="DEFAULT_CAR"/>
    <instantOut id="235_D025" time="1849.19" state="leave" vehID="Car_1103" speed="10.59" length="5.00" type="DEFAULT_CAR" occupancy="0.48"/>
    <instantOut id="235_D025" time="2173.46" state="enter" vehID="Car_1153" speed="9.62" length="5.00" type="DEFAULT_CAR" gap="324.27"/>
    <instantOut id="235_D025" time="2173.50" state="stay" vehID="Car_1153" speed="9.62" length="5.00" type="DEFAULT_CAR"/>
    <instantOut id="235_D025" time="2173.75" state="stay" vehID="Car_1153" speed="10.41" length="5.00" type="DEFAULT_CAR"/>
    <instantOut id="235_D025" time="2173.95" state="leave" vehID="Car_1153" speed="10.15" length="5.00" type="DEFAULT_CAR" occupancy="0.49"/>
    <instantOut id="235_D025" time="4741.01" state="enter" vehID="Car_2404" speed="7.58" length="5.00" type="DEFAULT_CAR" gap="2567.06"/>
    <instantOut id="235_D025" time="4741.25" state="stay" vehID="Car_2404" speed="7.58" length="5.00" type="DEFAULT_CAR"/>
    <instantOut id="235_D025" time="4741.50" state="stay" vehID="Car_2404" speed="6.83" length="5.00" type="DEFAULT_CAR"/>
    <instantOut id="235_D025" time="4741.74" state="leave" vehID="Car_2404" speed="6.08" length="5.00" type="DEFAULT_CAR" occupancy="0.73"/>
    <instantOut id="235_D025" time="5088.98" state="enter" vehID="Car_2872" speed="9.71" length="5.00" type="DEFAULT_CAR" gap="347.24"/>
    <instantOut id="235_D025" time="5089.00" state="stay" vehID="Car_2872" speed="9.71" length="5.00" type="DEFAULT_CAR"/>
    <instantOut id="235_D025" time="5089.25" state="stay" vehID="Car_2872" speed="9.33" length="5.00" type="DEFAULT_CAR"/>
    <instantOut id="235_D025" time="5089.50" state="stay" vehID="Car_2872" speed="8.58" length="5.00" type="DEFAULT_CAR"/>
    <instantOut id="235_D025" time="5089.55" state="leave" vehID="Car_2872" speed="7.83" length="5.00" type="DEFAULT_CAR" occupancy="0.56"/>
    <instantOut id="235_D025" time="5456.99" state="enter" vehID="Car_2940" speed="9.07" length="5.00" type="DEFAULT_CAR" gap="367.44"/>
    <instantOut id="235_D025" time="5457.00" state="stay" vehID="Car_2940" speed="9.07" length="5.00" type="DEFAULT_CAR"/>
    <instantOut id="235_D025" time="5457.25" state="stay" vehID="Car_2940" speed="8.32" length="5.00" type="DEFAULT_CAR"/>
    <instantOut id="235_D025" time="5457.50" state="stay" vehID="Car_2940" speed="7.57" length="5.00" type="DEFAULT_CAR"/>
    <instantOut id="235_D025" time="5457.64" state="leave" vehID="Car_2940" speed="6.82" length="5.00" type="DEFAULT_CAR" occupancy="0.65"/>
    <instantOut id="235_D025" time="6500.54" state="enter" vehID="Car_3811" speed="6.99" length="5.00" type="DEFAULT_CAR" gap="1042.90"/>
    <instantOut id="235_D025" time="6500.75" state="stay" vehID="Car_3811" speed="6.99" length="5.00" type="DEFAULT_CAR"/>
    <instantOut id="235_D025" time="6501.00" state="stay" vehID="Car_3811" speed="6.55" length="5.00" type="DEFAULT_CAR"/>
    <instantOut id="235_D025" time="6501.25" state="stay" vehID="Car_3811" speed="5.80" length="5.00" type="DEFAULT_CAR"/>
    <instantOut id="235_D025" time="6501.34" state="leave" vehID="Car_3811" speed="5.05" length="5.00" type="DEFAULT_CAR" occupancy="0.80"/>
    <instantOut id="235_D025" time="6804.75" state="enter" vehID="Car_3812" speed="8.95" length="5.00" type="DEFAULT_CAR" gap="303.40"/>
    <instantOut id="235_D025" time="6804.75" state="stay" vehID="Car_3812" speed="8.95" length="5.00" type="DEFAULT_CAR"/>
    <instantOut id="235_D025" time="6805.00" state="stay" vehID="Car_3812" speed="8.43" length="5.00" type="DEFAULT_CAR"/>
    <instantOut id="235_D025" time="6805.25" state="stay" vehID="Car_3812" speed="7.68" length="5.00" type="DEFAULT_CAR"/>
    <instantOut id="235_D025" time="6805.39" state="leave" vehID="Car_3812" speed="6.93" length="5.00" type="DEFAULT_CAR" occupancy="0.64"/>
    <instantOut id="235_D025" time="7023.56" state="enter" vehID="Car_3715" speed="7.35" length="5.00" type="DEFAULT_CAR" gap="218.18"/>
    <instantOut id="235_D025" time="7023.75" state="stay" vehID="Car_3715" speed="7.35" length="5.00" type="DEFAULT_CAR"/>
    <instantOut id="235_D025" time="7024.00" state="stay" vehID="Car_3715" speed="6.60" length="5.00" type="DEFAULT_CAR"/>
    <instantOut id="235_D025" time="7024.25" state="stay" vehID="Car_3715" speed="5.85" length="5.00" type="DEFAULT_CAR"/>
    <instantOut id="235_D025" time="7024.35" state="leave" vehID="Car_3715" speed="5.10" length="5.00" type="DEFAULT_CAR" occupancy="0.79"/>
    <instantOut id="235_D025" time="7106.02" state="enter" vehID="Car_3713" speed="6.86" length="5.00" type="DEFAULT_CAR" gap="81.67"/>
    <instantOut id="235_D025" time="7106.25" state="stay" vehID="Car_3713" speed="6.86" length="5.00" type="DEFAULT_CAR"/>
    <instantOut id="235_D025" time="7106.50" state="stay" vehID="Car_3713" speed="6.11" length="5.00" type="DEFAULT_CAR"/>
    <instantOut id="235_D025" time="7106.75" state="stay" vehID="Car_3713" speed="5.37" length="5.00" type="DEFAULT_CAR"/>
    <instantOut id="235_D025" time="7106.86" state="leave" vehID="Car_3713" speed="4.98" length="5.00" type="DEFAULT_CAR" occupancy="0.84"/>
    <instantOut id="235_D025" time="8467.46" state="enter" vehID="Car_4548" speed="9.44" length="5.00" type="DEFAULT_CAR" gap="1360.60"/>
    <instantOut id="235_D025" time="8467.50" state="stay" vehID="Car_4548" speed="9.44" length="5.00" type="DEFAULT_CAR"/>
    <instantOut id="235_D025" time="8467.75" state="stay" vehID="Car_4548" speed="9.20" length="5.00" type="DEFAULT_CAR"/>
    <instantOut id="235_D025" time="8468.00" state="stay" vehID="Car_4548" speed="8.45" length="5.00" type="DEFAULT_CAR"/>
    <instantOut id="235_D025" time="8468.03" state="leave" vehID="Car_4548" speed="8.04" length="5.00" type="DEFAULT_CAR" occupancy="0.57"/>
    <instantOut id="235_D025" time="10898.99" state="enter" vehID="Car_5896" speed="9.11" length="5.00" type="DEFAULT_CAR" gap="2430.96"/>
    <instantOut id="235_D025" time="10899.00" state="stay" vehID="Car_5896" speed="9.11" length="5.00" type="DEFAULT_CAR"/>
    <instantOut id="235_D025" time="10899.25" state="stay" vehID="Car_5896" speed="8.43" length="5.00" type="DEFAULT_CAR"/>
    <instantOut id="235_D025" time="10899.50" state="stay" vehID="Car_5896" speed="7.68" length="5.00" type="DEFAULT_CAR"/>
    <instantOut id="235_D025" time="10899.62" state="leave" vehID="Car_5896" speed="6.98" length="5.00" type="DEFAULT_CAR" occupancy="0.64"/>
    <instantOut id="235_D025" time="11866.24" state="enter" vehID="Car_6625" speed="9.28" length="5.00" type="DEFAULT_CAR" gap="966.62"/>
    <instantOut id="235_D025" time="11866.25" state="stay" vehID="Car_6625" speed="9.28" length="5.00" type="DEFAULT_CAR"/>
    <instantOut id="235_D025" time="11866.50" state="stay" vehID="Car_6625" speed="8.53" length="5.00" type="DEFAULT_CAR"/>
    <instantOut id="235_D025" time="11866.75" state="stay" vehID="Car_6625" speed="7.78" length="5.00" type="DEFAULT_CAR"/>
    <instantOut id="235_D025" time="11866.87" state="leave" vehID="Car_6625" speed="7.03" length="5.00" type="DEFAULT_CAR" occupancy="0.63"/>
    <instantOut id="235_D025" time="13798.46" state="enter" vehID="Car_7661" speed="10.91" length="5.00" type="DEFAULT_CAR" gap="1931.58"/>
    <instantOut id="235_D025" time="13798.50" state="stay" vehID="Car_7661" speed="10.91" length="5.00" type="DEFAULT_CAR"/>
    <instantOut id="235_D025" time="13798.75" state="stay" vehID="Car_7661" speed="10.16" length="5.00" type="DEFAULT_CAR"/>
    <instantOut id="235_D025" time="13798.96" state="leave" vehID="Car_7661" speed="9.41" length="5.00" type="DEFAULT_CAR" occupancy="0.50"/>
    <instantOut id="235_D025" time="13810.73" state="enter" vehID="Car_7701" speed="9.06" length="5.00" type="DEFAULT_CAR" gap="11.77"/>
    <instantOut id="235_D025" time="13810.75" state="stay" vehID="Car_7701" speed="9.06" length="5.00" type="DEFAULT_CAR"/>
    <instantOut id="235_D025" time="13811.00" state="stay" vehID="Car_7701" speed="8.50" length="5.00" type="DEFAULT_CAR"/>
    <instantOut id="235_D025" time="13811.25" state="stay" vehID="Car_7701" speed="7.75" length="5.00" type="DEFAULT_CAR"/>
    <instantOut id="235_D025" time="13811.36" state="leave" vehID="Car_7701" speed="7.00" length="5.00" type="DEFAULT_CAR" occupancy="0.63"/>
    <instantOut id="235_D025" time="15242.44" state="enter" vehID="Car_8807" speed="9.95" length="5.00" type="DEFAULT_CAR" gap="1431.08"/>
    <instantOut id="235_D025" time="15242.50" state="stay" vehID="Car_8807" speed="9.95" length="5.00" type="DEFAULT_CAR"/>
    <instantOut id="235_D025" time="15242.75" state="stay" vehID="Car_8807" speed="9.20" length="5.00" type="DEFAULT_CAR"/>
    <instantOut id="235_D025" time="15243.00" state="leave" vehID="Car_8807" speed="8.45" length="5.00" type="DEFAULT_CAR" occupancy="0.56"/>
    <instantOut id="235_D025" time="16421.90" state="enter" vehID="Car_9482" speed="7.37" length="5.00" type="DEFAULT_CAR" gap="1178.90"/>
    <instantOut id="235_D025" time="16422.00" state="stay" vehID="Car_9482" speed="7.37" length="5.00" type="DEFAULT_CAR"/>
    <instantOut id="235_D025" time="16422.25" state="stay" vehID="Car_9482" speed="8.12" length="5.00" type="DEFAULT_CAR"/>
    <instantOut id="235_D025" time="16422.50" state="stay" vehID="Car_9482" speed="8.22" length="5.00" type="DEFAULT_CAR"/>
    <instantOut id="235_D025" time="16422.52" state="leave" vehID="Car_9482" speed="7.53" length="5.00" type="DEFAULT_CAR" occupancy="0.62"/>
    <instantOut id="235_D025" time="16920.42" state="enter" vehID="Car_9021" speed="10.74" length="5.00" type="DEFAULT_CAR" gap="497.90"/>
    <instantOut id="235_D025" time="16920.50" state="stay" vehID="Car_9021" speed="10.74" length="5.00" type="DEFAULT_CAR"/>
    <instantOut id="235_D025" time="16920.75" state="stay" vehID="Car_9021" speed="10.13" length="5.00" type="DEFAULT_CAR"/>
    <instantOut id="235_D025" time="16920.92" state="leave" vehID="Car_9021" speed="9.71" length="5.00" type="DEFAULT_CAR" occupancy="0.50"/>
    <instantOut id="235_D025" time="17343.99" state="enter" vehID="Car_9484" speed="8.62" length="5.00" type="DEFAULT_CAR" gap="423.07"/>
    <instantOut id="235_D025" time="17344.00" state="stay" vehID="Car_9484" speed="8.62" length="5.00" type="DEFAULT_CAR"/>
    <instantOut id="235_D025" time="17344.25" state="stay" vehID="Car_9484" speed="7.87" length="5.00" type="DEFAULT_CAR"/>
    <instantOut id="235_D025" time="17344.50" state="stay" vehID="Car_9484" speed="7.31" length="5.00" type="DEFAULT_CAR"/>
    <instantOut id="235_D025" time="17344.66" state="leave" vehID="Car_9484" speed="6.56" length="5.00" type="DEFAULT_CAR" occupancy="0.68"/>
    <instantOut id="235_D025" time="20375.12" state="enter" vehID="Car_11082" speed="6.30" length="5.00" type="DEFAULT_CAR" gap="3030.45"/>
    <instantOut id="235_D025" time="20375.25" state="stay" vehID="Car_11082" speed="6.30" length="5.00" type="DEFAULT_CAR"/>
    <instantOut id="235_D025" time="20375.50" state="stay" vehID="Car_11082" speed="5.70" length="5.00" type="DEFAULT_CAR"/>
    <instantOut id="235_D025" time="20375.75" state="stay" vehID="Car_11082" speed="5.35" length="5.00" type="DEFAULT_CAR"/>
    <instantOut id="235_D025" time="20376.00" state="stay" vehID="Car_11082" speed="4.74" length="5.00" type="DEFAULT_CAR"/>
    <instantOut id="235_D025" time="20376.06" state="leave" vehID="Car_11082" speed="4.00" length="5.00" type="DEFAULT_CAR" occupancy="0.94"/>
    <instantOut id="235_D025" time="20403.75" state="enter" vehID="Car_11452" speed="7.86" length="5.00" type="DEFAULT_CAR" gap="27.70"/>
    <instantOut id="235_D025" time="20404.00" state="stay" vehID="Car_11452" speed="7.86" length="5.00" type="DEFAULT_CAR"/>
    <instantOut id="235_D025" time="20404.25" state="stay" vehID="Car_11452" speed="7.36" length="5.00" type="DEFAULT_CAR"/>
    <instantOut id="235_D025" time="20404.43" state="leave" vehID="Car_11452" speed="6.61" length="5.00" type="DEFAULT_CAR" occupancy="0.68"/>
    <instantOut id="235_D025" time="20786.76" state="enter" vehID="Car_11881" speed="7.52" length="5.00" type="DEFAULT_CAR" gap="382.33"/>
    <instantOut id="235_D025" time="20787.00" state="stay" vehID="Car_11881" speed="7.52" length="5.00" type="DEFAULT_CAR"/>
    <instantOut id="235_D025" time="20787.25" state="stay" vehID="Car_11881" speed="6.81" length="5.00" type="DEFAULT_CAR"/>
    <instantOut id="235_D025" time="20787.50" state="leave" vehID="Car_11881" speed="6.06" length="5.00" type="DEFAULT_CAR" occupancy="0.74"/>
    <instantOut id="235_D025" time="21396.75" state="enter" vehID="Car_12114" speed="8.28" length="5.00" type="DEFAULT_CAR" gap="609.25"/>
    <instantOut id="235_D025" time="21397.00" state="stay" vehID="Car_12114" speed="8.28" length="5.00" type="DEFAULT_CAR"/>
    <instantOut id="235_D025" time="21397.25" state="stay" vehID="Car_12114" speed="7.57" length="5.00" type="DEFAULT_CAR"/>
    <instantOut id="235_D025" time="21397.40" state="leave" vehID="Car_12114" speed="7.24" length="5.00" type="DEFAULT_CAR" occupancy="0.64"/>
    <instantOut id="235_D025" time="23852.51" state="enter" vehID="Car_13317" speed="8.29" length="5.00" type="DEFAULT_CAR" gap="2455.11"/>
    <instantOut id="235_D025" time="23852.75" state="stay" vehID="Car_13317" speed="8.29" length="5.00" type="DEFAULT_CAR"/>
    <instantOut id="235_D025" time="23853.00" state="stay" vehID="Car_13317" speed="7.54" length="5.00" type="DEFAULT_CAR"/>
    <instantOut id="235_D025" time="23853.16" state="leave" vehID="Car_13317" speed="6.79" length="5.00" type="DEFAULT_CAR" occupancy="0.66"/>
    <instantOut id="235_D025" time="26586.21" state="enter" vehID="Car_15644" speed="7.11" length="5.00" type="DEFAULT_CAR" gap="2733.05"/>
    <instantOut id="235_D025" time="26586.25" state="stay" vehID="Car_15644" speed="7.11" length="5.00" type="DEFAULT_CAR"/>
    <instantOut id="235_D025" time="26586.50" state="stay" vehID="Car_15644" speed="6.36" length="5.00" type="DEFAULT_CAR"/>
    <instantOut id="235_D025" time="26586.75" state="stay" vehID="Car_15644" speed="5.80" length="5.00" type="DEFAULT_CAR"/>
    <instantOut id="235_D025" time="26587.00" state="stay" vehID="Car_15644" speed="5.05" length="5.00" type="DEFAULT_CAR"/>
    <instantOut id="235_D025" time="26587.09" state="leave" vehID="Car_15644" speed="4.30" length="5.00" type="DEFAULT_CAR" occupancy="0.89"/>
    <instantOut id="235_D025" time="27085.59" state="enter" vehID="Car_15776" speed="10.94" length="5.00" type="DEFAULT_CAR" gap="498.49"/>
    <instantOut id="235_D025" time="27085.75" state="stay" vehID="Car_15776" speed="10.94" length="5.00" type="DEFAULT_CAR"/>
    <instantOut id="235_D025" time="27086.00" state="stay" vehID="Car_15776" speed="10.19" length="5.00" type="DEFAULT_CAR"/>
    <instantOut id="235_D025" time="27086.07" state="leave" vehID="Car_15776" speed="9.44" length="5.00" type="DEFAULT_CAR" occupancy="0.48"/>
    <instantOut id="235_D025" time="28603.95" state="enter" vehID="Car_16490" speed="4.32" length="5.00" type="DEFAULT_CAR" gap="1517.88"/>
    <instantOut id="235_D025" time="28604.00" state="stay" vehID="Car_16490" speed="4.32" length="5.00" type="DEFAULT_CAR"/>
    <instantOut id="235_D025" time="28604.25" state="stay" vehID="Car_16490" speed="4.29" length="5.00" type="DEFAULT_CAR"/>
    <instantOut id="235_D025" time="28604.50" state="stay" vehID="Car_16490" speed="4.70" length="5.00" type="DEFAULT_CAR"/>
    <instantOut id="235_D025" time="28604.75" state="stay" vehID="Car_16490" speed="4.57" length="5.00" type="DEFAULT_CAR"/>
    <instantOut id="235_D025" time="28605.00" state="stay" vehID="Car_16490" speed="3.82" length="5.00" type="DEFAULT_CAR"/>
    <instantOut id="235_D025" time="28605.14" state="leave" vehID="Car_16490" speed="3.07" length="5.00" type="DEFAULT_CAR" occupancy="1.19"/>
    <instantOut id="235_D025" time="28854.70" state="enter" vehID="Car_17308" speed="9.90" length="5.00" type="DEFAULT_CAR" gap="249.56"/>
    <instantOut id="235_D025" time="28854.75" state="stay" vehID="Car_17308" speed="9.90" length="5.00" type="DEFAULT_CAR"/>
    <instantOut id="235_D025" time="28855.00" state="stay" vehID="Car_17308" speed="9.22" length="5.00" type="DEFAULT_CAR"/>
    <instantOut id="235_D025" time="28855.25" state="stay" vehID="Car_17308" speed="8.47" length="5.00" type="DEFAULT_CAR"/>
    <instantOut id="235_D025" time="28855.26" state="leave" vehID="Car_17308" speed="7.72" length="5.00" type="DEFAULT_CAR" occupancy="0.56"/>
    <instantOut id="235_D025" time="29561.97" state="enter" vehID="Car_17598" speed="8.36" length="5.00" type="DEFAULT_CAR" gap="706.71"/>
    <instantOut id="235_D025" time="29562.00" state="stay" vehID="Car_17598" speed="8.36" length="5.00" type="DEFAULT_CAR"/>
    <instantOut id="235_D025" time="29562.25" state="stay" vehID="Car_17598" speed="7.61" length="5.00" type="DEFAULT_CAR"/>
    <instantOut id="235_D025" time="29562.50" state="stay" vehID="Car_17598" speed="6.91" length="5.00" type="DEFAULT_CAR"/>
    <instantOut id="235_D025" time="29562.69" state="leave" vehID="Car_17598" speed="6.16" length="5.00" type="DEFAULT_CAR" occupancy="0.71"/>
    <instantOut id="235_D025" time="32866.72" state="enter" vehID="Car_19492" speed="9.61" length="5.00" type="DEFAULT_CAR" gap="3304.03"/>
    <instantOut id="235_D025" time="32866.75" state="stay" vehID="Car_19492" speed="9.61" length="5.00" type="DEFAULT_CAR"/>
    <instantOut id="235_D025" time="32867.00" state="stay" vehID="Car_19492" speed="8.86" length="5.00" type="DEFAULT_CAR"/>
    <instantOut id="235_D025" time="32867.25" state="stay" vehID="Car_19492" speed="8.11" length="5.00" type="DEFAULT_CAR"/>
    <instantOut id="235_D025" time="32867.31" state="leave" vehID="Car_19492" speed="7.36" length="5.00" type="DEFAULT_CAR" occupancy="0.59"/>
    <instantOut id="235_D025" time="32941.22" state="enter" vehID="Car_19378" speed="9.65" length="5.00" type="DEFAULT_CAR" gap="73.91"/>
    <instantOut id="235_D025" time="32941.25" state="stay" vehID="Car_19378" speed="9.65" length="5.00" type="DEFAULT_CAR"/>
    <instantOut id="235_D025" time="32941.50" state="stay" vehID="Car_19378" speed="10.45" length="5.00" type="DEFAULT_CAR"/>
    <instantOut id="235_D025" time="32941.69" state="leave" vehID="Car_19378" speed="11.13" length="5.00" type="DEFAULT_CAR" occupancy="0.47"/>
    <instantOut id="235_D025" time="33607.52" state="enter" vehID="Car_20145" speed="6.86" length="5.00" type="DEFAULT_CAR" gap="665.84"/>
    <instantOut id="235_D025" time="33607.75" state="stay" vehID="Car_20145" speed="6.86" length="5.00" type="DEFAULT_CAR"/>
    <instantOut id="235_D025" time="33608.00" state="stay" vehID="Car_20145" speed="6.33" length="5.00" type="DEFAULT_CAR"/>
    <instantOut id="235_D025" time="33608.25" state="stay" vehID="Car_20145" speed="5.60" length="5.00" type="DEFAULT_CAR"/>
    <instantOut id="235_D025" time="33608.35" state="leave" vehID="Car_20145" speed="4.85" length="5.00" type="DEFAULT_CAR" occupancy="0.82"/>
    <instantOut id="235_D025" time="33904.17" state="enter" vehID="Car_19967" speed="10.31" length="5.00" type="DEFAULT_CAR" gap="295.83"/>
    <instantOut id="235_D025" time="33904.25" state="stay" vehID="Car_19967" speed="10.31" length="5.00" type="DEFAULT_CAR"/>
    <instantOut id="235_D025" time="33904.50" state="stay" vehID="Car_19967" speed="9.64" length="5.00" type="DEFAULT_CAR"/>
    <instantOut id="235_D025" time="33904.70" state="leave" vehID="Car_19967" speed="8.89" length="5.00" type="DEFAULT_CAR" occupancy="0.53"/>
    <instantOut id="235_D025" time="34277.49" state="enter" vehID="Car_20347" speed="9.70" length="5.00" type="DEFAULT_CAR" gap="372.78"/>
    <instantOut id="235_D025" time="34277.50" state="stay" vehID="Car_20347" speed="9.70" length="5.00" type="DEFAULT_CAR"/>
    <instantOut id="235_D025" time="34277.75" state="stay" vehID="Car_20347" speed="9.74" length="5.00" type="DEFAULT_CAR"/>
    <instantOut id="235_D025" time="34278.00" state="stay" vehID="Car_20347" speed="9.40" length="5.00" type="DEFAULT_CAR"/>
    <instantOut id="235_D025" time="34278.01" state="leave" vehID="Car_20347" speed="8.65" length="5.00" type="DEFAULT_CAR" occupancy="0.52"/>
    <instantOut id="235_D025" time="37475.41" state="enter" vehID="Car_21791" speed="6.76" length="5.00" type="DEFAULT_CAR" gap="3197.40"/>
    <instantOut id="235_D025" time="37475.50" state="stay" vehID="Car_21791" speed="6.76" length="5.00" type="DEFAULT_CAR"/>
    <instantOut id="235_D025" time="37475.75" state="stay" vehID="Car_21791" speed="6.17" length="5.00" type="DEFAULT_CAR"/>
    <instantOut id="235_D025" time="37476.00" state="stay" vehID="Car_21791" speed="5.42" length="5.00" type="DEFAULT_CAR"/>
    <instantOut id="235_D025" time="37476.25" state="stay" vehID="Car_21791" speed="4.75" length="5.00" type="DEFAULT_CAR"/>
    <instantOut id="235_D025" time="37476.33" state="leave" vehID="Car_21791" speed="4.17" length="5.00" type="DEFAULT_CAR" occupancy="0.91"/>
    <instantOut id="235_D025" time="37776.81" state="enter" vehID="Car_22229" speed="7.29" length="5.00" type="DEFAULT_CAR" gap="300.49"/>
    <instantOut id="235_D025" time="37777.00" state="stay" vehID="Car_22229" speed="7.29" length="5.00" type="DEFAULT_CAR"/>
    <instantOut id="235_D025" time="37777.25" state="stay" vehID="Car_22229" speed="6.54" length="5.00" type="DEFAULT_CAR"/>
    <instantOut id="235_D025" time="37777.50" state="stay" vehID="Car_22229" speed="5.79" length="5.00" type="DEFAULT_CAR"/>
    <instantOut id="235_D025" time="37777.61" state="leave" vehID="Car_22229" speed="5.13" length="5.00" type="DEFAULT_CAR" occupancy="0.79"/>
    <instantOut id="235_D025" time="44130.03" state="enter" vehID="Car_24459" speed="7.84" length="5.00" type="DEFAULT_CAR" gap="6352.42"/>
    <instantOut id="235_D025" time="44130.25" state="stay" vehID="Car_24459" speed="7.84" length="5.00" type="DEFAULT_CAR"/>
    <instantOut id="235_D025" time="44130.50" state="stay" vehID="Car_24459" speed="7.39" length="5.00" type="DEFAULT_CAR"/>
    <instantOut id="235_D025" time="44130.71" state="leave" vehID="Car_24459" speed="6.65" length="5.00" type="DEFAULT_CAR" occupancy="0.68"/>
    <instantOut id="235_D025" time="44579.00" state="enter" vehID="Car_24349" speed="8.13" length="5.00" type="DEFAULT_CAR" gap="448.28"/>
    <instantOut id="235_D025" time="44579.00" state="stay" vehID="Car_24349" speed="8.13" length="5.00" type="DEFAULT_CAR"/>
    <instantOut id="235_D025" time="44579.25" state="stay" vehID="Car_24349" speed="7.46" length="5.00" type="DEFAULT_CAR"/>
    <instantOut id="235_D025" time="44579.50" state="stay" vehID="Car_24349" speed="6.71" length="5.00" type="DEFAULT_CAR"/>
    <instantOut id="235_D025" time="44579.74" state="leave" vehID="Car_24349" speed="5.96" length="5.00" type="DEFAULT_CAR" occupancy="0.74"/>
</instantE1>
