<?xml version="1.0" encoding="UTF-8"?>

<!-- generated on 2025-02-28 17:45:01 by Eclipse SUMO GUI Version 1.19.0
<configuration xmlns:xsi="http://www.w3.org/2001/XMLSchema-instance" xsi:noNamespaceSchemaLocation="http://sumo.dlr.de/xsd/sumoConfiguration.xsd">

    <input>
        <net-file value="Network.net.xml"/>
        <route-files value="CarRoutes.rou.xml"/>
        <additional-files value="Sensors.add.xml"/>
    </input>

    <output>
        <emission-output value="logs/Emissions.xml"/>
        <summary-output value="logs/Log_summary.xml"/>
        <summary-output.period value="300"/>
        <tripinfo-output value="logs/TripInfos.xml"/>
    </output>

    <time>
        <begin value="0"/>
        <end value="86400"/>
        <step-length value="0.25"/>
    </time>

    <processing>
        <ignore-junction-blocker value="0.1"/>
        <time-to-teleport value="-1"/>
    </processing>

    <report>
        <verbose value="true"/>
        <no-step-log value="true"/>
    </report>

    <emissions>
        <device.emissions.period value="10"/>
    </emissions>

    <traci_server>
        <remote-port value="57954"/>
    </traci_server>

    <gui_only>
        <quit-on-end value="true"/>
        <start value="true"/>
    </gui_only>

</configuration>
-->

<summary xmlns:xsi="http://www.w3.org/2001/XMLSchema-instance" xsi:noNamespaceSchemaLocation="http://sumo.dlr.de/xsd/summary_file.xsd">
    <step time="0.00" loaded="0" inserted="0" running="0" waiting="0" ended="0" arrived="0" collisions="0" teleports="0" halting="0" stopped="0" meanWaitingTime="-1.00" meanTravelTime="-1.00" meanSpeed="-1.00" meanSpeedRelative="-1.00" duration="0"/>
    <step time="300.00" loaded="211" inserted="199" running="91" waiting="12" ended="108" arrived="108" collisions="0" teleports="0" halting="42" stopped="0" meanWaitingTime="13.11" meanTravelTime="77.15" meanSpeed="3.47" meanSpeedRelative="0.25" duration="3"/>
    <step time="600.00" loaded="372" inserted="362" running="61" waiting="10" ended="301" arrived="301" collisions="0" teleports="0" halting="16" stopped="0" meanWaitingTime="12.62" meanTravelTime="110.64" meanSpeed="4.89" meanSpeedRelative="0.35" duration="2"/>
    <step time="900.00" loaded="528" inserted="518" running="55" waiting="10" ended="463" arrived="463" collisions="0" teleports="0" halting="25" stopped="0" meanWaitingTime="12.04" meanTravelTime="115.36" meanSpeed="3.90" meanSpeedRelative="0.28" duration="3"/>
    <step time="1200.00" loaded="702" inserted="687" running="66" waiting="15" ended="621" arrived="621" collisions="0" teleports="0" halting="6" stopped="0" meanWaitingTime="15.41" meanTravelTime="112.75" meanSpeed="6.59" meanSpeedRelative="0.47" duration="2"/>
    <step time="1500.00" loaded="865" inserted="845" running="70" waiting="20" ended="775" arrived="775" collisions="0" teleports="0" halting="14" stopped="0" meanWaitingTime="16.62" meanTravelTime="115.07" meanSpeed="5.11" meanSpeedRelative="0.37" duration="3"/>
    <step time="1800.00" loaded="1024" inserted="1006" running="57" waiting="18" ended="949" arrived="949" collisions="0" teleports="0" halting="19" stopped="0" meanWaitingTime="19.87" meanTravelTime="117.62" meanSpeed="5.35" meanSpeedRelative="0.39" duration="2"/>
    <step time="2100.00" loaded="1186" inserted="1171" running="65" waiting="15" ended="1106" arrived="1106" collisions="0" teleports="0" halting="40" stopped="0" meanWaitingTime="18.55" meanTravelTime="115.86" meanSpeed="3.32" meanSpeedRelative="0.25" duration="2"/>
    <step time="2400.00" loaded="1329" inserted="1313" running="42" waiting="16" ended="1271" arrived="1271" collisions="0" teleports="0" halting="18" stopped="0" meanWaitingTime="18.62" meanTravelTime="114.66" meanSpeed="4.39" meanSpeedRelative="0.32" duration="1"/>
    <step time="2700.00" loaded="1472" inserted="1471" running="49" waiting="1" ended="1422" arrived="1422" collisions="0" teleports="0" halting="11" stopped="0" meanWaitingTime="18.54" meanTravelTime="112.24" meanSpeed="6.87" meanSpeedRelative="0.49" duration="2"/>
    <step time="3000.00" loaded="1632" inserted="1625" running="45" waiting="7" ended="1580" arrived="1580" collisions="0" teleports="0" halting="27" stopped="0" meanWaitingTime="17.35" meanTravelTime="111.08" meanSpeed="3.50" meanSpeedRelative="0.25" duration="1"/>
    <step time="3300.00" loaded="1804" inserted="1782" running="55" waiting="22" ended="1727" arrived="1727" collisions="0" teleports="0" halting="16" stopped="0" meanWaitingTime="18.00" meanTravelTime="111.12" meanSpeed="5.94" meanSpeedRelative="0.43" duration="1"/>
    <step time="3600.00" loaded="1937" inserted="1922" running="44" waiting="15" ended="1878" arrived="1878" collisions="0" teleports="0" halting="19" stopped="0" meanWaitingTime="19.66" meanTravelTime="109.99" meanSpeed="4.58" meanSpeedRelative="0.35" duration="1"/>
    <step time="3900.00" loaded="2102" inserted="2102" running="66" waiting="0" ended="2036" arrived="2036" collisions="0" teleports="0" halting="29" stopped="0" meanWaitingTime="18.84" meanTravelTime="109.66" meanSpeed="4.52" meanSpeedRelative="0.33" duration="1"/>
    <step time="4200.00" loaded="2234" inserted="2234" running="41" waiting="0" ended="2193" arrived="2193" collisions="0" teleports="0" halting="8" stopped="0" meanWaitingTime="18.79" meanTravelTime="109.21" meanSpeed="6.01" meanSpeedRelative="0.43" duration="1"/>
    <step time="4500.00" loaded="2413" inserted="2400" running="67" waiting="13" ended="2333" arrived="2333" collisions="0" teleports="0" halting="33" stopped="0" meanWaitingTime="18.59" meanTravelTime="108.46" meanSpeed="4.51" meanSpeedRelative="0.32" duration="1"/>
    <step time="4800.00" loaded="2570" inserted="2548" running="47" waiting="22" ended="2501" arrived="2501" collisions="0" teleports="0" halting="18" stopped="0" meanWaitingTime="19.55" meanTravelTime="107.60" meanSpeed="4.47" meanSpeedRelative="0.32" duration="1"/>
    <step time="5100.00" loaded="2737" inserted="2726" running="59" waiting="11" ended="2667" arrived="2667" collisions="0" teleports="0" halting="9" stopped="0" meanWaitingTime="21.57" meanTravelTime="106.19" meanSpeed="6.41" meanSpeedRelative="0.46" duration="1"/>
    <step time="5400.00" loaded="2889" inserted="2887" running="57" waiting="2" ended="2830" arrived="2830" collisions="0" teleports="0" halting="14" stopped="0" meanWaitingTime="21.18" meanTravelTime="105.63" meanSpeed="5.46" meanSpeedRelative="0.39" duration="2"/>
    <step time="5700.00" loaded="3076" inserted="3061" running="71" waiting="15" ended="2990" arrived="2990" collisions="0" teleports="0" halting="26" stopped="0" meanWaitingTime="20.33" meanTravelTime="105.63" meanSpeed="5.29" meanSpeedRelative="0.38" duration="3"/>
    <step time="6000.00" loaded="3203" inserted="3200" running="40" waiting="3" ended="3160" arrived="3160" collisions="0" teleports="0" halting="15" stopped="0" meanWaitingTime="20.13" meanTravelTime="107.12" meanSpeed="5.07" meanSpeedRelative="0.37" duration="1"/>
    <step time="6300.00" loaded="3368" inserted="3351" running="60" waiting="17" ended="3291" arrived="3291" collisions="0" teleports="0" halting="28" stopped="0" meanWaitingTime="19.96" meanTravelTime="107.69" meanSpeed="4.04" meanSpeedRelative="0.29" duration="2"/>
    <step time="6600.00" loaded="3526" inserted="3518" running="73" waiting="8" ended="3445" arrived="3445" collisions="0" teleports="0" halting="19" stopped="0" meanWaitingTime="19.96" meanTravelTime="107.51" meanSpeed="5.12" meanSpeedRelative="0.37" duration="1"/>
    <step time="6900.00" loaded="3710" inserted="3693" running="61" waiting="17" ended="3632" arrived="3632" collisions="0" teleports="0" halting="22" stopped="0" meanWaitingTime="19.82" meanTravelTime="108.01" meanSpeed="5.16" meanSpeedRelative="0.37" duration="2"/>
    <step time="7200.00" loaded="3868" inserted="3846" running="53" waiting="22" ended="3793" arrived="3793" collisions="0" teleports="0" halting="17" stopped="0" meanWaitingTime="20.28" meanTravelTime="108.14" meanSpeed="5.61" meanSpeedRelative="0.40" duration="1"/>
    <step time="7500.00" loaded="4015" inserted="4010" running="55" waiting="5" ended="3955" arrived="3955" collisions="0" teleports="0" halting="25" stopped="0" meanWaitingTime="20.84" meanTravelTime="108.13" meanSpeed="4.15" meanSpeedRelative="0.30" duration="1"/>
    <step time="7800.00" loaded="4173" inserted="4165" running="47" waiting="8" ended="4118" arrived="4118" collisions="0" teleports="0" halting="9" stopped="0" meanWaitingTime="20.67" meanTravelTime="107.57" meanSpeed="6.20" meanSpeedRelative="0.45" duration="1"/>
    <step time="8100.00" loaded="4344" inserted="4331" running="50" waiting="13" ended="4281" arrived="4281" collisions="0" teleports="0" halting="11" stopped="0" meanWaitingTime="20.78" meanTravelTime="106.95" meanSpeed="5.48" meanSpeedRelative="0.41" duration="1"/>
    <step time="8400.00" loaded="4525" inserted="4521" running="60" waiting="4" ended="4461" arrived="4461" collisions="0" teleports="0" halting="17" stopped="0" meanWaitingTime="20.61" meanTravelTime="106.16" meanSpeed="4.83" meanSpeedRelative="0.35" duration="2"/>
    <step time="8700.00" loaded="4696" inserted="4691" running="77" waiting="5" ended="4614" arrived="4614" collisions="0" teleports="0" halting="18" stopped="0" meanWaitingTime="20.30" meanTravelTime="106.09" meanSpeed="6.32" meanSpeedRelative="0.46" duration="2"/>
    <step time="9000.00" loaded="4884" inserted="4867" running="61" waiting="17" ended="4806" arrived="4806" collisions="0" teleports="0" halting="20" stopped="0" meanWaitingTime="20.07" meanTravelTime="106.42" meanSpeed="3.99" meanSpeedRelative="0.30" duration="1"/>
    <step time="9300.00" loaded="5066" inserted="5047" running="59" waiting="19" ended="4988" arrived="4988" collisions="0" teleports="0" halting="26" stopped="0" meanWaitingTime="20.02" meanTravelTime="106.36" meanSpeed="4.28" meanSpeedRelative="0.31" duration="2"/>
    <step time="9600.00" loaded="5234" inserted="5222" running="67" waiting="12" ended="5155" arrived="5155" collisions="0" teleports="0" halting="38" stopped="0" meanWaitingTime="20.39" meanTravelTime="106.14" meanSpeed="4.12" meanSpeedRelative="0.30" duration="2"/>
    <step time="9900.00" loaded="5378" inserted="5362" running="44" waiting="16" ended="5318" arrived="5318" collisions="0" teleports="0" halting="12" stopped="0" meanWaitingTime="20.24" meanTravelTime="106.58" meanSpeed="5.60" meanSpeedRelative="0.40" duration="1"/>
    <step time="10200.00" loaded="5545" inserted="5536" running="49" waiting="9" ended="5487" arrived="5487" collisions="0" teleports="0" halting="11" stopped="0" meanWaitingTime="20.42" meanTravelTime="106.70" meanSpeed="5.14" meanSpeedRelative="0.37" duration="1"/>
    <step time="10500.00" loaded="5724" inserted="5713" running="83" waiting="11" ended="5630" arrived="5630" collisions="0" teleports="0" halting="33" stopped="0" meanWaitingTime="20.19" meanTravelTime="106.59" meanSpeed="4.88" meanSpeedRelative="0.35" duration="2"/>
    <step time="10800.00" loaded="5895" inserted="5888" running="71" waiting="7" ended="5817" arrived="5817" collisions="0" teleports="0" halting="8" stopped="0" meanWaitingTime="20.17" meanTravelTime="107.39" meanSpeed="6.29" meanSpeedRelative="0.45" duration="4"/>
    <step time="11100.00" loaded="6073" inserted="6055" running="55" waiting="18" ended="6000" arrived="6000" collisions="0" teleports="0" halting="23" stopped="0" meanWaitingTime="20.08" meanTravelTime="107.71" meanSpeed="3.79" meanSpeedRelative="0.27" duration="3"/>
    <step time="11400.00" loaded="6244" inserted="6211" running="54" waiting="33" ended="6157" arrived="6157" collisions="0" teleports="0" halting="8" stopped="0" meanWaitingTime="20.69" meanTravelTime="107.46" meanSpeed="6.61" meanSpeedRelative="0.48" duration="1"/>
    <step time="11700.00" loaded="6386" inserted="6364" running="52" waiting="22" ended="6312" arrived="6312" collisions="0" teleports="0" halting="12" stopped="0" meanWaitingTime="21.63" meanTravelTime="107.33" meanSpeed="4.99" meanSpeedRelative="0.36" duration="2"/>
    <step time="12000.00" loaded="6561" inserted="6554" running="60" waiting="7" ended="6494" arrived="6494" collisions="0" teleports="0" halting="16" stopped="0" meanWaitingTime="21.67" meanTravelTime="107.40" meanSpeed="4.28" meanSpeedRelative="0.31" duration="2"/>
    <step time="12300.00" loaded="6728" inserted="6727" running="73" waiting="1" ended="6654" arrived="6654" collisions="0" teleports="0" halting="34" stopped="0" meanWaitingTime="21.36" meanTravelTime="107.48" meanSpeed="4.04" meanSpeedRelative="0.29" duration="1"/>
    <step time="12600.00" loaded="6896" inserted="6876" running="57" waiting="20" ended="6819" arrived="6819" collisions="0" teleports="0" halting="23" stopped="0" meanWaitingTime="21.16" meanTravelTime="107.71" meanSpeed="4.53" meanSpeedRelative="0.34" duration="1"/>
    <step time="12900.00" loaded="7064" inserted="7053" running="64" waiting="11" ended="6989" arrived="6989" collisions="0" teleports="0" halting="22" stopped="0" meanWaitingTime="21.30" meanTravelTime="107.62" meanSpeed="5.37" meanSpeedRelative="0.39" duration="2"/>
    <step time="13200.00" loaded="7235" inserted="7214" running="70" waiting="21" ended="7144" arrived="7144" collisions="0" teleports="0" halting="24" stopped="0" meanWaitingTime="21.28" meanTravelTime="107.63" meanSpeed="5.21" meanSpeedRelative="0.38" duration="1"/>
    <step time="13500.00" loaded="7411" inserted="7403" running="77" waiting="8" ended="7326" arrived="7326" collisions="0" teleports="0" halting="23" stopped="0" meanWaitingTime="21.18" meanTravelTime="107.73" meanSpeed="4.35" meanSpeedRelative="0.31" duration="2"/>
    <step time="13800.00" loaded="7608" inserted="7592" running="85" waiting="16" ended="7507" arrived="7507" collisions="0" teleports="0" halting="28" stopped="0" meanWaitingTime="21.22" meanTravelTime="107.72" meanSpeed="5.36" meanSpeedRelative="0.39" duration="2"/>
    <step time="14100.00" loaded="7770" inserted="7766" running="71" waiting="4" ended="7695" arrived="7695" collisions="0" teleports="0" halting="17" stopped="0" meanWaitingTime="21.26" meanTravelTime="108.55" meanSpeed="5.69" meanSpeedRelative="0.41" duration="2"/>
    <step time="14400.00" loaded="7911" inserted="7900" running="48" waiting="11" ended="7852" arrived="7852" collisions="0" teleports="0" halting="13" stopped="0" meanWaitingTime="21.40" meanTravelTime="108.74" meanSpeed="6.63" meanSpeedRelative="0.48" duration="1"/>
    <step time="14700.00" loaded="8106" inserted="8090" running="64" waiting="16" ended="8026" arrived="8026" collisions="0" teleports="0" halting="16" stopped="0" meanWaitingTime="21.34" meanTravelTime="108.28" meanSpeed="6.17" meanSpeedRelative="0.44" duration="3"/>
    <step time="15000.00" loaded="8263" inserted="8258" running="89" waiting="5" ended="8169" arrived="8169" collisions="0" teleports="0" halting="13" stopped="0" meanWaitingTime="21.10" meanTravelTime="108.41" meanSpeed="5.44" meanSpeedRelative="0.39" duration="2"/>
    <step time="15300.00" loaded="8422" inserted="8388" running="53" waiting="34" ended="8335" arrived="8335" collisions="0" teleports="0" halting="18" stopped="0" meanWaitingTime="21.26" meanTravelTime="109.04" meanSpeed="5.04" meanSpeedRelative="0.36" duration="2"/>
    <step time="15600.00" loaded="8585" inserted="8575" running="69" waiting="10" ended="8506" arrived="8506" collisions="0" teleports="0" halting="18" stopped="0" meanWaitingTime="21.99" meanTravelTime="108.52" meanSpeed="4.97" meanSpeedRelative="0.36" duration="3"/>
    <step time="15900.00" loaded="8775" inserted="8763" running="84" waiting="12" ended="8679" arrived="8679" collisions="0" teleports="0" halting="29" stopped="0" meanWaitingTime="22.23" meanTravelTime="108.49" meanSpeed="4.08" meanSpeedRelative="0.30" duration="3"/>
    <step time="16200.00" loaded="8963" inserted="8929" running="68" waiting="34" ended="8861" arrived="8861" collisions="0" teleports="0" halting="18" stopped="0" meanWaitingTime="22.49" meanTravelTime="108.69" meanSpeed="5.29" meanSpeedRelative="0.38" duration="3"/>
    <step time="16500.00" loaded="9127" inserted="9113" running="61" waiting="14" ended="9052" arrived="9052" collisions="0" teleports="0" halting="22" stopped="0" meanWaitingTime="23.08" meanTravelTime="108.68" meanSpeed="5.38" meanSpeedRelative="0.39" duration="2"/>
    <step time="16800.00" loaded="9311" inserted="9270" running="67" waiting="41" ended="9203" arrived="9203" collisions="0" teleports="0" halting="12" stopped="0" meanWaitingTime="23.32" meanTravelTime="108.79" meanSpeed="5.51" meanSpeedRelative="0.40" duration="3"/>
    <step time="17100.00" loaded="9481" inserted="9451" running="65" waiting="30" ended="9386" arrived="9386" collisions="0" teleports="0" halting="10" stopped="0" meanWaitingTime="24.11" meanTravelTime="108.75" meanSpeed="6.19" meanSpeedRelative="0.45" duration="2"/>
    <step time="17400.00" loaded="9661" inserted="9636" running="74" waiting="25" ended="9562" arrived="9562" collisions="0" teleports="0" halting="35" stopped="0" meanWaitingTime="24.78" meanTravelTime="108.83" meanSpeed="3.10" meanSpeedRelative="0.22" duration="3"/>
    <step time="17700.00" loaded="9835" inserted="9806" running="87" waiting="29" ended="9719" arrived="9719" collisions="0" teleports="0" halting="32" stopped="0" meanWaitingTime="25.20" meanTravelTime="108.96" meanSpeed="4.35" meanSpeedRelative="0.31" duration="4"/>
    <step time="18000.00" loaded="9997" inserted="9975" running="73" waiting="22" ended="9902" arrived="9902" collisions="0" teleports="0" halting="39" stopped="0" meanWaitingTime="25.72" meanTravelTime="109.70" meanSpeed="3.77" meanSpeedRelative="0.27" duration="3"/>
    <step time="18300.00" loaded="10183" inserted="10150" running="46" waiting="33" ended="10104" arrived="10104" collisions="0" teleports="0" halting="24" stopped="0" meanWaitingTime="25.94" meanTravelTime="109.95" meanSpeed="4.46" meanSpeedRelative="0.32" duration="2"/>
    <step time="18600.00" loaded="10341" inserted="10310" running="62" waiting="31" ended="10248" arrived="10248" collisions="0" teleports="0" halting="18" stopped="0" meanWaitingTime="26.51" meanTravelTime="109.83" meanSpeed="5.27" meanSpeedRelative="0.38" duration="2"/>
    <step time="18900.00" loaded="10524" inserted="10490" running="63" waiting="34" ended="10427" arrived="10427" collisions="0" teleports="0" halting="13" stopped="0" meanWaitingTime="26.88" meanTravelTime="109.63" meanSpeed="6.60" meanSpeedRelative="0.48" duration="2"/>
    <step time="19200.00" loaded="10700" inserted="10673" running="61" waiting="27" ended="10612" arrived="10612" collisions="0" teleports="0" halting="28" stopped="0" meanWaitingTime="27.15" meanTravelTime="109.55" meanSpeed="5.02" meanSpeedRelative="0.37" duration="2"/>
    <step time="19500.00" loaded="10908" inserted="10884" running="92" waiting="24" ended="10792" arrived="10792" collisions="0" teleports="0" halting="32" stopped="0" meanWaitingTime="27.44" meanTravelTime="109.68" meanSpeed="3.51" meanSpeedRelative="0.25" duration="2"/>
    <step time="19800.00" loaded="11086" inserted="11055" running="77" waiting="31" ended="10978" arrived="10978" collisions="0" teleports="0" halting="38" stopped="0" meanWaitingTime="27.74" meanTravelTime="109.85" meanSpeed="3.95" meanSpeedRelative="0.28" duration="3"/>
    <step time="20100.00" loaded="11283" inserted="11252" running="80" waiting="31" ended="11172" arrived="11172" collisions="0" teleports="0" halting="19" stopped="0" meanWaitingTime="28.19" meanTravelTime="110.08" meanSpeed="5.89" meanSpeedRelative="0.42" duration="1"/>
    <step time="20400.00" loaded="11450" inserted="11409" running="65" waiting="41" ended="11344" arrived="11344" collisions="0" teleports="0" halting="25" stopped="0" meanWaitingTime="28.68" meanTravelTime="110.08" meanSpeed="4.80" meanSpeedRelative="0.35" duration="3"/>
    <step time="20700.00" loaded="11623" inserted="11588" running="66" waiting="35" ended="11522" arrived="11522" collisions="0" teleports="0" halting="21" stopped="0" meanWaitingTime="29.38" meanTravelTime="109.99" meanSpeed="4.64" meanSpeedRelative="0.33" duration="1"/>
    <step time="21000.00" loaded="11808" inserted="11780" running="60" waiting="28" ended="11720" arrived="11720" collisions="0" teleports="0" halting="40" stopped="0" meanWaitingTime="30.02" meanTravelTime="109.82" meanSpeed="2.46" meanSpeedRelative="0.18" duration="2"/>
    <step time="21300.00" loaded="11967" inserted="11946" running="68" waiting="21" ended="11878" arrived="11878" collisions="0" teleports="0" halting="23" stopped="0" meanWaitingTime="30.39" meanTravelTime="109.66" meanSpeed="5.26" meanSpeedRelative="0.38" duration="2"/>
    <step time="21600.00" loaded="12194" inserted="12160" running="96" waiting="34" ended="12064" arrived="12064" collisions="0" teleports="0" halting="16" stopped="0" meanWaitingTime="30.63" meanTravelTime="109.65" meanSpeed="6.00" meanSpeedRelative="0.43" duration="2"/>
    <step time="21900.00" loaded="12377" inserted="12350" running="80" waiting="27" ended="12270" arrived="12270" collisions="0" teleports="0" halting="26" stopped="0" meanWaitingTime="30.75" meanTravelTime="109.85" meanSpeed="5.15" meanSpeedRelative="0.37" duration="2"/>
    <step time="22200.00" loaded="12567" inserted="12536" running="59" waiting="31" ended="12477" arrived="12477" collisions="0" teleports="0" halting="13" stopped="0" meanWaitingTime="31.00" meanTravelTime="109.75" meanSpeed="5.74" meanSpeedRelative="0.41" duration="1"/>
    <step time="22500.00" loaded="12742" inserted="12693" running="48" waiting="49" ended="12645" arrived="12645" collisions="0" teleports="0" halting="10" stopped="0" meanWaitingTime="31.23" meanTravelTime="109.76" meanSpeed="4.67" meanSpeedRelative="0.34" duration="1"/>
    <step time="22800.00" loaded="12939" inserted="12927" running="109" waiting="12" ended="12818" arrived="12818" collisions="0" teleports="0" halting="66" stopped="0" meanWaitingTime="31.56" meanTravelTime="109.67" meanSpeed="2.23" meanSpeedRelative="0.16" duration="4"/>
    <step time="23100.00" loaded="13124" inserted="13105" running="119" waiting="19" ended="12986" arrived="12986" collisions="0" teleports="0" halting="58" stopped="0" meanWaitingTime="31.56" meanTravelTime="110.28" meanSpeed="3.26" meanSpeedRelative="0.23" duration="3"/>
    <step time="23400.00" loaded="13312" inserted="13285" running="75" waiting="27" ended="13210" arrived="13210" collisions="0" teleports="0" halting="20" stopped="0" meanWaitingTime="31.67" meanTravelTime="111.03" meanSpeed="5.07" meanSpeedRelative="0.37" duration="2"/>
    <step time="23700.00" loaded="13542" inserted="13499" running="78" waiting="43" ended="13421" arrived="13421" collisions="0" teleports="0" halting="34" stopped="0" meanWaitingTime="31.75" meanTravelTime="111.00" meanSpeed="4.61" meanSpeedRelative="0.33" duration="2"/>
    <step time="24000.00" loaded="13719" inserted="13682" running="69" waiting="37" ended="13613" arrived="13613" collisions="0" teleports="0" halting="18" stopped="0" meanWaitingTime="32.07" meanTravelTime="110.95" meanSpeed="5.05" meanSpeedRelative="0.36" duration="1"/>
    <step time="24300.00" loaded="13927" inserted="13892" running="125" waiting="35" ended="13767" arrived="13767" collisions="0" teleports="0" halting="75" stopped="0" meanWaitingTime="32.40" meanTravelTime="110.85" meanSpeed="2.08" meanSpeedRelative="0.15" duration="5"/>
    <step time="24600.00" loaded="14149" inserted="14109" running="102" waiting="40" ended="14007" arrived="14007" collisions="0" teleports="0" halting="53" stopped="0" meanWaitingTime="32.72" meanTravelTime="111.73" meanSpeed="3.22" meanSpeedRelative="0.23" duration="4"/>
    <step time="24900.00" loaded="14362" inserted="14325" running="81" waiting="37" ended="14244" arrived="14244" collisions="0" teleports="0" halting="32" stopped="0" meanWaitingTime="33.17" meanTravelTime="112.10" meanSpeed="3.76" meanSpeedRelative="0.27" duration="3"/>
    <step time="25200.00" loaded="14555" inserted="14511" running="81" waiting="44" ended="14430" arrived="14430" collisions="0" teleports="0" halting="28" stopped="0" meanWaitingTime="33.33" meanTravelTime="112.08" meanSpeed="4.74" meanSpeedRelative="0.34" duration="3"/>
    <step time="25500.00" loaded="14733" inserted="14712" running="66" waiting="21" ended="14646" arrived="14646" collisions="0" teleports="0" halting="31" stopped="0" meanWaitingTime="33.61" meanTravelTime="112.33" meanSpeed="4.17" meanSpeedRelative="0.30" duration="2"/>
    <step time="25800.00" loaded="14966" inserted="14935" running="87" waiting="31" ended="14848" arrived="14848" collisions="0" teleports="0" halting="28" stopped="0" meanWaitingTime="33.53" meanTravelTime="112.22" meanSpeed="4.77" meanSpeedRelative="0.34" duration="3"/>
    <step time="26100.00" loaded="15178" inserted="15147" running="83" waiting="31" ended="15064" arrived="15064" collisions="0" teleports="0" halting="23" stopped="0" meanWaitingTime="33.70" meanTravelTime="112.32" meanSpeed="4.47" meanSpeedRelative="0.32" duration="2"/>
    <step time="26400.00" loaded="15372" inserted="15332" running="78" waiting="40" ended="15254" arrived="15254" collisions="0" teleports="0" halting="35" stopped="0" meanWaitingTime="33.91" meanTravelTime="112.65" meanSpeed="3.72" meanSpeedRelative="0.27" duration="3"/>
    <step time="26700.00" loaded="15589" inserted="15556" running="105" waiting="33" ended="15451" arrived="15451" collisions="0" teleports="0" halting="25" stopped="0" meanWaitingTime="34.30" meanTravelTime="112.50" meanSpeed="4.89" meanSpeedRelative="0.35" duration="4"/>
    <step time="27000.00" loaded="15808" inserted="15772" running="104" waiting="36" ended="15668" arrived="15668" collisions="0" teleports="0" halting="22" stopped="0" meanWaitingTime="34.49" meanTravelTime="112.82" meanSpeed="5.34" meanSpeedRelative="0.38" duration="3"/>
    <step time="27300.00" loaded="16031" inserted="15994" running="108" waiting="37" ended="15886" arrived="15886" collisions="0" teleports="0" halting="42" stopped="0" meanWaitingTime="34.72" meanTravelTime="112.81" meanSpeed="3.99" meanSpeedRelative="0.29" duration="4"/>
    <step time="27600.00" loaded="16231" inserted="16190" running="83" waiting="41" ended="16107" arrived="16107" collisions="0" teleports="0" halting="50" stopped="0" meanWaitingTime="34.85" meanTravelTime="113.13" meanSpeed="2.89" meanSpeedRelative="0.21" duration="2"/>
    <step time="27900.00" loaded="16436" inserted="16401" running="61" waiting="35" ended="16340" arrived="16340" collisions="0" teleports="0" halting="13" stopped="0" meanWaitingTime="35.06" meanTravelTime="113.15" meanSpeed="6.20" meanSpeedRelative="0.45" duration="2"/>
    <step time="28200.00" loaded="16659" inserted="16634" running="64" waiting="25" ended="16570" arrived="16570" collisions="0" teleports="0" halting="13" stopped="0" meanWaitingTime="35.27" meanTravelTime="112.92" meanSpeed="5.97" meanSpeedRelative="0.43" duration="2"/>
    <step time="28500.00" loaded="16861" inserted="16831" running="69" waiting="30" ended="16762" arrived="16762" collisions="0" teleports="0" halting="21" stopped="0" meanWaitingTime="35.33" meanTravelTime="112.69" meanSpeed="4.72" meanSpeedRelative="0.34" duration="1"/>
    <step time="28800.00" loaded="17074" inserted="17041" running="84" waiting="33" ended="16957" arrived="16957" collisions="0" teleports="0" halting="34" stopped="0" meanWaitingTime="35.34" meanTravelTime="112.66" meanSpeed="4.04" meanSpeedRelative="0.29" duration="1"/>
    <step time="29100.00" loaded="17296" inserted="17258" running="90" waiting="38" ended="17168" arrived="17168" collisions="0" teleports="0" halting="35" stopped="0" meanWaitingTime="35.39" meanTravelTime="112.95" meanSpeed="3.29" meanSpeedRelative="0.24" duration="2"/>
    <step time="29400.00" loaded="17497" inserted="17442" running="105" waiting="55" ended="17337" arrived="17337" collisions="0" teleports="0" halting="41" stopped="0" meanWaitingTime="35.60" meanTravelTime="113.18" meanSpeed="3.35" meanSpeedRelative="0.24" duration="2"/>
    <step time="29700.00" loaded="17677" inserted="17618" running="75" waiting="59" ended="17543" arrived="17543" collisions="0" teleports="0" halting="23" stopped="0" meanWaitingTime="35.78" meanTravelTime="113.76" meanSpeed="4.19" meanSpeedRelative="0.30" duration="2"/>
    <step time="30000.00" loaded="17853" inserted="17806" running="82" waiting="47" ended="17724" arrived="17724" collisions="0" teleports="0" halting="27" stopped="0" meanWaitingTime="36.53" meanTravelTime="113.90" meanSpeed="3.85" meanSpeedRelative="0.28" duration="3"/>
    <step time="30300.00" loaded="18050" inserted="17999" running="72" waiting="51" ended="17927" arrived="17927" collisions="0" teleports="0" halting="35" stopped="0" meanWaitingTime="37.09" meanTravelTime="114.14" meanSpeed="2.92" meanSpeedRelative="0.21" duration="2"/>
    <step time="30600.00" loaded="18265" inserted="18221" running="93" waiting="44" ended="18128" arrived="18128" collisions="0" teleports="0" halting="41" stopped="0" meanWaitingTime="37.55" meanTravelTime="114.05" meanSpeed="4.33" meanSpeedRelative="0.31" duration="2"/>
    <step time="30900.00" loaded="18485" inserted="18442" running="102" waiting="43" ended="18340" arrived="18340" collisions="0" teleports="0" halting="49" stopped="0" meanWaitingTime="37.79" meanTravelTime="114.08" meanSpeed="3.01" meanSpeedRelative="0.22" duration="2"/>
    <step time="31200.00" loaded="18656" inserted="18616" running="76" waiting="40" ended="18540" arrived="18540" collisions="0" teleports="0" halting="20" stopped="0" meanWaitingTime="37.87" meanTravelTime="114.48" meanSpeed="4.57" meanSpeedRelative="0.33" duration="2"/>
    <step time="31500.00" loaded="18833" inserted="18792" running="64" waiting="41" ended="18728" arrived="18728" collisions="0" teleports="0" halting="30" stopped="0" meanWaitingTime="38.05" meanTravelTime="114.69" meanSpeed="4.04" meanSpeedRelative="0.29" duration="3"/>
    <step time="31800.00" loaded="18990" inserted="18957" running="64" waiting="33" ended="18893" arrived="18893" collisions="0" teleports="0" halting="19" stopped="0" meanWaitingTime="38.35" meanTravelTime="114.73" meanSpeed="5.17" meanSpeedRelative="0.37" duration="2"/>
    <step time="32100.00" loaded="19170" inserted="19129" running="60" waiting="41" ended="19069" arrived="19069" collisions="0" teleports="0" halting="26" stopped="0" meanWaitingTime="38.58" meanTravelTime="114.62" meanSpeed="5.47" meanSpeedRelative="0.39" duration="1"/>
    <step time="32400.00" loaded="19337" inserted="19291" running="60" waiting="46" ended="19231" arrived="19231" collisions="0" teleports="0" halting="16" stopped="0" meanWaitingTime="38.76" meanTravelTime="114.51" meanSpeed="4.39" meanSpeedRelative="0.32" duration="1"/>
    <step time="32700.00" loaded="19515" inserted="19473" running="76" waiting="42" ended="19397" arrived="19397" collisions="0" teleports="0" halting="11" stopped="0" meanWaitingTime="39.00" meanTravelTime="114.43" meanSpeed="4.69" meanSpeedRelative="0.34" duration="3"/>
    <step time="33000.00" loaded="19682" inserted="19652" running="80" waiting="30" ended="19572" arrived="19572" collisions="0" teleports="0" halting="13" stopped="0" meanWaitingTime="39.27" meanTravelTime="114.75" meanSpeed="5.30" meanSpeedRelative="0.38" duration="4"/>
    <step time="33300.00" loaded="19813" inserted="19799" running="64" waiting="14" ended="19735" arrived="19735" collisions="0" teleports="0" halting="15" stopped="0" meanWaitingTime="39.40" meanTravelTime="114.97" meanSpeed="5.67" meanSpeedRelative="0.41" duration="1"/>
    <step time="33600.00" loaded="20005" inserted="19988" running="72" waiting="17" ended="19916" arrived="19916" collisions="0" teleports="0" halting="33" stopped="0" meanWaitingTime="39.32" meanTravelTime="114.86" meanSpeed="4.21" meanSpeedRelative="0.30" duration="2"/>
    <step time="33900.00" loaded="20164" inserted="20144" running="57" waiting="20" ended="20087" arrived="20087" collisions="0" teleports="0" halting="18" stopped="0" meanWaitingTime="39.23" meanTravelTime="114.85" meanSpeed="5.61" meanSpeedRelative="0.40" duration="3"/>
    <step time="34200.00" loaded="20322" inserted="20302" running="66" waiting="20" ended="20236" arrived="20236" collisions="0" teleports="0" halting="25" stopped="0" meanWaitingTime="39.18" meanTravelTime="114.90" meanSpeed="4.45" meanSpeedRelative="0.35" duration="1"/>
    <step time="34500.00" loaded="20488" inserted="20463" running="94" waiting="25" ended="20369" arrived="20369" collisions="0" teleports="0" halting="41" stopped="0" meanWaitingTime="39.24" meanTravelTime="115.00" meanSpeed="4.35" meanSpeedRelative="0.31" duration="5"/>
    <step time="34800.00" loaded="20639" inserted="20609" running="50" waiting="30" ended="20559" arrived="20559" collisions="0" teleports="0" halting="21" stopped="0" meanWaitingTime="39.41" meanTravelTime="115.09" meanSpeed="3.87" meanSpeedRelative="0.28" duration="3"/>
    <step time="35100.00" loaded="20777" inserted="20765" running="64" waiting="12" ended="20701" arrived="20701" collisions="0" teleports="0" halting="16" stopped="0" meanWaitingTime="39.50" meanTravelTime="115.00" meanSpeed="6.25" meanSpeedRelative="0.45" duration="1"/>
    <step time="35400.00" loaded="20914" inserted="20907" running="42" waiting="7" ended="20865" arrived="20865" collisions="0" teleports="0" halting="6" stopped="0" meanWaitingTime="39.30" meanTravelTime="114.90" meanSpeed="6.55" meanSpeedRelative="0.47" duration="2"/>
    <step time="35700.00" loaded="21058" inserted="21049" running="42" waiting="9" ended="21007" arrived="21007" collisions="0" teleports="0" halting="17" stopped="0" meanWaitingTime="39.15" meanTravelTime="114.89" meanSpeed="4.57" meanSpeedRelative="0.33" duration="1"/>
    <step time="36000.00" loaded="21217" inserted="21210" running="40" waiting="7" ended="21170" arrived="21170" collisions="0" teleports="0" halting="15" stopped="0" meanWaitingTime="38.97" meanTravelTime="114.71" meanSpeed="5.16" meanSpeedRelative="0.37" duration="2"/>
    <step time="36300.00" loaded="21392" inserted="21375" running="53" waiting="17" ended="21322" arrived="21322" collisions="0" teleports="0" halting="29" stopped="0" meanWaitingTime="38.83" meanTravelTime="114.46" meanSpeed="3.29" meanSpeedRelative="0.24" duration="2"/>
    <step time="36600.00" loaded="21540" inserted="21530" running="59" waiting="10" ended="21471" arrived="21471" collisions="0" teleports="0" halting="5" stopped="0" meanWaitingTime="38.73" meanTravelTime="114.41" meanSpeed="5.72" meanSpeedRelative="0.41" duration="1"/>
    <step time="36900.00" loaded="21679" inserted="21659" running="36" waiting="20" ended="21623" arrived="21623" collisions="0" teleports="0" halting="11" stopped="0" meanWaitingTime="38.58" meanTravelTime="114.41" meanSpeed="5.45" meanSpeedRelative="0.39" duration="2"/>
    <step time="37200.00" loaded="21799" inserted="21776" running="38" waiting="23" ended="21738" arrived="21738" collisions="0" teleports="0" halting="24" stopped="0" meanWaitingTime="38.55" meanTravelTime="114.35" meanSpeed="1.98" meanSpeedRelative="0.14" duration="1"/>
    <step time="37500.00" loaded="21939" inserted="21902" running="48" waiting="37" ended="21854" arrived="21854" collisions="0" teleports="0" halting="15" stopped="0" meanWaitingTime="38.70" meanTravelTime="114.37" meanSpeed="6.01" meanSpeedRelative="0.43" duration="2"/>
    <step time="37800.00" loaded="22091" inserted="22050" running="49" waiting="41" ended="22001" arrived="22001" collisions="0" teleports="0" halting="18" stopped="0" meanWaitingTime="38.95" meanTravelTime="114.33" meanSpeed="5.30" meanSpeedRelative="0.38" duration="1"/>
    <step time="38100.00" loaded="22236" inserted="22192" running="52" waiting="44" ended="22140" arrived="22140" collisions="0" teleports="0" halting="16" stopped="0" meanWaitingTime="39.15" meanTravelTime="114.24" meanSpeed="5.12" meanSpeedRelative="0.37" duration="1"/>
    <step time="38400.00" loaded="22360" inserted="22331" running="47" waiting="29" ended="22284" arrived="22284" collisions="0" teleports="0" halting="15" stopped="0" meanWaitingTime="39.45" meanTravelTime="114.20" meanSpeed="5.28" meanSpeedRelative="0.38" duration="2"/>
    <step time="38700.00" loaded="22457" inserted="22443" running="37" waiting="14" ended="22406" arrived="22406" collisions="0" teleports="0" halting="19" stopped="0" meanWaitingTime="39.60" meanTravelTime="114.10" meanSpeed="3.45" meanSpeedRelative="0.25" duration="1"/>
    <step time="39000.00" loaded="22561" inserted="22526" running="35" waiting="35" ended="22491" arrived="22491" collisions="0" teleports="0" halting="7" stopped="0" meanWaitingTime="39.77" meanTravelTime="114.08" meanSpeed="6.82" meanSpeedRelative="0.49" duration="1"/>
    <step time="39300.00" loaded="22688" inserted="22645" running="31" waiting="43" ended="22614" arrived="22614" collisions="0" teleports="0" halting="10" stopped="0" meanWaitingTime="40.05" meanTravelTime="114.02" meanSpeed="6.57" meanSpeedRelative="0.47" duration="1"/>
    <step time="39600.00" loaded="22801" inserted="22752" running="36" waiting="49" ended="22716" arrived="22716" collisions="0" teleports="0" halting="15" stopped="0" meanWaitingTime="40.33" meanTravelTime="113.97" meanSpeed="5.51" meanSpeedRelative="0.40" duration="1"/>
    <step time="39900.00" loaded="22922" inserted="22878" running="58" waiting="44" ended="22820" arrived="22820" collisions="0" teleports="0" halting="43" stopped="0" meanWaitingTime="40.80" meanTravelTime="113.88" meanSpeed="2.50" meanSpeedRelative="0.18" duration="1"/>
    <step time="40200.00" loaded="23012" inserted="22989" running="39" waiting="23" ended="22950" arrived="22950" collisions="0" teleports="0" halting="23" stopped="0" meanWaitingTime="41.29" meanTravelTime="113.99" meanSpeed="2.58" meanSpeedRelative="0.19" duration="1"/>
    <step time="40500.00" loaded="23112" inserted="23089" running="34" waiting="23" ended="23055" arrived="23055" collisions="0" teleports="0" halting="9" stopped="0" meanWaitingTime="41.40" meanTravelTime="114.05" meanSpeed="5.77" meanSpeedRelative="0.42" duration="1"/>
    <step time="40800.00" loaded="23221" inserted="23191" running="40" waiting="30" ended="23151" arrived="23151" collisions="0" teleports="0" halting="14" stopped="0" meanWaitingTime="41.64" meanTravelTime="113.97" meanSpeed="5.96" meanSpeedRelative="0.43" duration="1"/>
    <step time="41100.00" loaded="23303" inserted="23280" running="48" waiting="23" ended="23232" arrived="23232" collisions="0" teleports="0" halting="29" stopped="0" meanWaitingTime="41.80" meanTravelTime="114.03" meanSpeed="2.99" meanSpeedRelative="0.22" duration="1"/>
    <step time="41400.00" loaded="23366" inserted="23356" running="27" waiting="10" ended="23329" arrived="23329" collisions="0" teleports="0" halting="22" stopped="0" meanWaitingTime="41.88" meanTravelTime="114.28" meanSpeed="2.11" meanSpeedRelative="0.15" duration="1"/>
    <step time="41700.00" loaded="23464" inserted="23439" running="55" waiting="25" ended="23384" arrived="23384" collisions="0" teleports="0" halting="28" stopped="0" meanWaitingTime="42.00" meanTravelTime="114.34" meanSpeed="3.47" meanSpeedRelative="0.25" duration="1"/>
    <step time="42000.00" loaded="23545" inserted="23516" running="26" waiting="29" ended="23490" arrived="23490" collisions="0" teleports="0" halting="9" stopped="0" meanWaitingTime="42.17" meanTravelTime="114.60" meanSpeed="4.93" meanSpeedRelative="0.35" duration="1"/>
    <step time="42300.00" loaded="23650" inserted="23625" running="47" waiting="25" ended="23578" arrived="23578" collisions="0" teleports="0" halting="10" stopped="0" meanWaitingTime="42.40" meanTravelTime="114.49" meanSpeed="6.22" meanSpeedRelative="0.45" duration="2"/>
    <step time="42600.00" loaded="23762" inserted="23725" running="47" waiting="37" ended="23678" arrived="23678" collisions="0" teleports="0" halting="8" stopped="0" meanWaitingTime="42.61" meanTravelTime="114.48" meanSpeed="6.94" meanSpeedRelative="0.50" duration="2"/>
    <step time="42900.00" loaded="23862" inserted="23838" running="59" waiting="24" ended="23779" arrived="23779" collisions="0" teleports="0" halting="23" stopped="0" meanWaitingTime="42.88" meanTravelTime="114.61" meanSpeed="4.66" meanSpeedRelative="0.34" duration="1"/>
    <step time="43200.00" loaded="23965" inserted="23930" running="26" waiting="35" ended="23904" arrived="23904" collisions="0" teleports="0" halting="5" stopped="0" meanWaitingTime="43.00" meanTravelTime="114.83" meanSpeed="7.11" meanSpeedRelative="0.51" duration="1"/>
    <step time="43500.00" loaded="24045" inserted="24026" running="44" waiting="19" ended="23982" arrived="23982" collisions="0" teleports="0" halting="9" stopped="0" meanWaitingTime="43.13" meanTravelTime="114.76" meanSpeed="5.38" meanSpeedRelative="0.39" duration="2"/>
    <step time="43800.00" loaded="24146" inserted="24110" running="37" waiting="36" ended="24073" arrived="24073" collisions="0" teleports="0" halting="19" stopped="0" meanWaitingTime="43.29" meanTravelTime="114.78" meanSpeed="4.03" meanSpeedRelative="0.31" duration="1"/>
    <step time="44100.00" loaded="24250" inserted="24221" running="42" waiting="29" ended="24179" arrived="24179" collisions="0" teleports="0" halting="20" stopped="0" meanWaitingTime="43.51" meanTravelTime="114.72" meanSpeed="4.32" meanSpeedRelative="0.31" duration="1"/>
    <step time="44400.00" loaded="24360" inserted="24321" running="71" waiting="39" ended="24250" arrived="24250" collisions="0" teleports="0" halting="52" stopped="0" meanWaitingTime="43.75" meanTravelTime="114.67" meanSpeed="1.34" meanSpeedRelative="0.10" duration="1"/>
    <step time="44700.00" loaded="24462" inserted="24416" running="52" waiting="46" ended="24364" arrived="24364" collisions="0" teleports="0" halting="12" stopped="0" meanWaitingTime="44.13" meanTravelTime="115.17" meanSpeed="4.46" meanSpeedRelative="0.32" duration="2"/>
    <step time="45000.00" loaded="24567" inserted="24517" running="56" waiting="50" ended="24461" arrived="24461" collisions="0" teleports="0" halting="5" stopped="0" meanWaitingTime="44.48" meanTravelTime="115.37" meanSpeed="6.41" meanSpeedRelative="0.46" duration="1"/>
    <step time="45300.00" loaded="24655" inserted="24628" running="67" waiting="27" ended="24561" arrived="24561" collisions="0" teleports="0" halting="17" stopped="0" meanWaitingTime="44.84" meanTravelTime="115.56" meanSpeed="4.15" meanSpeedRelative="0.30" duration="2"/>
    <step time="45600.00" loaded="24738" inserted="24710" running="44" waiting="28" ended="24666" arrived="24666" collisions="0" teleports="0" halting="20" stopped="0" meanWaitingTime="44.95" meanTravelTime="115.81" meanSpeed="3.38" meanSpeedRelative="0.24" duration="2"/>
    <step time="45900.00" loaded="24825" inserted="24779" running="42" waiting="46" ended="24737" arrived="24737" collisions="0" teleports="0" halting="38" stopped="0" meanWaitingTime="45.16" meanTravelTime="115.87" meanSpeed="1.02" meanSpeedRelative="0.07" duration="1"/>
    <step time="46200.00" loaded="24905" inserted="24858" running="51" waiting="47" ended="24807" arrived="24807" collisions="0" teleports="0" halting="43" stopped="0" meanWaitingTime="45.38" meanTravelTime="115.71" meanSpeed="1.11" meanSpeedRelative="0.08" duration="1"/>
    <step time="46500.00" loaded="24953" inserted="24953" running="71" waiting="0" ended="24882" arrived="24882" collisions="0" teleports="0" halting="66" stopped="0" meanWaitingTime="45.69" meanTravelTime="115.54" meanSpeed="0.62" meanSpeedRelative="0.04" duration="1"/>
    <step time="46800.00" loaded="24973" inserted="24973" running="70" waiting="0" ended="24903" arrived="24903" collisions="0" teleports="0" halting="69" stopped="0" meanWaitingTime="45.66" meanTravelTime="115.49" meanSpeed="0.21" meanSpeedRelative="0.02" duration="2"/>
    <step time="47100.00" loaded="24991" inserted="24991" running="68" waiting="0" ended="24923" arrived="24923" collisions="0" teleports="0" halting="65" stopped="0" meanWaitingTime="45.62" meanTravelTime="115.42" meanSpeed="0.26" meanSpeedRelative="0.02" duration="1"/>
    <step time="47400.00" loaded="25007" inserted="25007" running="67" waiting="0" ended="24940" arrived="24940" collisions="0" teleports="0" halting="67" stopped="0" meanWaitingTime="45.60" meanTravelTime="115.37" meanSpeed="0.00" meanSpeedRelative="0.00" duration="1"/>
    <step time="47700.00" loaded="25021" inserted="25021" running="68" waiting="0" ended="24953" arrived="24953" collisions="0" teleports="0" halting="68" stopped="0" meanWaitingTime="45.57" meanTravelTime="115.33" meanSpeed="0.00" meanSpeedRelative="0.00" duration="1"/>
    <step time="48000.00" loaded="25035" inserted="25035" running="67" waiting="0" ended="24968" arrived="24968" collisions="0" teleports="0" halting="65" stopped="0" meanWaitingTime="45.54" meanTravelTime="115.30" meanSpeed="0.30" meanSpeedRelative="0.02" duration="2"/>
    <step time="48300.00" loaded="25049" inserted="25049" running="66" waiting="0" ended="24983" arrived="24983" collisions="0" teleports="0" halting="65" stopped="0" meanWaitingTime="45.52" meanTravelTime="115.25" meanSpeed="0.05" meanSpeedRelative="0.00" duration="1"/>
    <step time="48600.00" loaded="25065" inserted="25065" running="67" waiting="0" ended="24998" arrived="24998" collisions="0" teleports="0" halting="65" stopped="0" meanWaitingTime="45.49" meanTravelTime="115.20" meanSpeed="0.20" meanSpeedRelative="0.01" duration="1"/>
    <step time="48900.00" loaded="25080" inserted="25080" running="71" waiting="0" ended="25009" arrived="25009" collisions="0" teleports="0" halting="70" stopped="0" meanWaitingTime="45.46" meanTravelTime="115.16" meanSpeed="0.04" meanSpeedRelative="0.00" duration="1"/>
    <step time="49200.00" loaded="25089" inserted="25089" running="65" waiting="0" ended="25024" arrived="25024" collisions="0" teleports="0" halting="65" stopped="0" meanWaitingTime="45.45" meanTravelTime="115.13" meanSpeed="0.00" meanSpeedRelative="0.00" duration="1"/>
</summary>
