<?xml version="1.0" encoding="UTF-8"?>

<!-- generated on 2025-02-28 20:16:25 by Eclipse SUMO GUI Version 1.19.0
<configuration xmlns:xsi="http://www.w3.org/2001/XMLSchema-instance" xsi:noNamespaceSchemaLocation="http://sumo.dlr.de/xsd/sumoConfiguration.xsd">

    <input>
        <net-file value="Network.net.xml"/>
        <route-files value="CarRoutes.rou.xml"/>
        <additional-files value="Sensors.add.xml"/>
    </input>

    <output>
        <emission-output value="logs/Emissions.xml"/>
        <summary-output value="logs/Log_summary.xml"/>
        <summary-output.period value="300"/>
        <tripinfo-output value="logs/TripInfos.xml"/>
    </output>

    <time>
        <begin value="0"/>
        <end value="86400"/>
        <step-length value="0.25"/>
    </time>

    <processing>
        <ignore-junction-blocker value="0.1"/>
        <time-to-teleport value="-1"/>
    </processing>

    <report>
        <verbose value="true"/>
        <no-step-log value="true"/>
    </report>

    <emissions>
        <device.emissions.period value="10"/>
    </emissions>

    <traci_server>
        <remote-port value="59775"/>
    </traci_server>

    <gui_only>
        <quit-on-end value="true"/>
        <start value="true"/>
    </gui_only>

</configuration>
-->

<summary xmlns:xsi="http://www.w3.org/2001/XMLSchema-instance" xsi:noNamespaceSchemaLocation="http://sumo.dlr.de/xsd/summary_file.xsd">
    <step time="0.00" loaded="0" inserted="0" running="0" waiting="0" ended="0" arrived="0" collisions="0" teleports="0" halting="0" stopped="0" meanWaitingTime="-1.00" meanTravelTime="-1.00" meanSpeed="-1.00" meanSpeedRelative="-1.00" duration="0"/>
    <step time="300.00" loaded="213" inserted="199" running="92" waiting="14" ended="107" arrived="107" collisions="0" teleports="0" halting="42" stopped="0" meanWaitingTime="14.25" meanTravelTime="78.61" meanSpeed="3.82" meanSpeedRelative="0.27" duration="2"/>
    <step time="600.00" loaded="377" inserted="367" running="66" waiting="10" ended="301" arrived="301" collisions="0" teleports="0" halting="27" stopped="0" meanWaitingTime="12.68" meanTravelTime="112.22" meanSpeed="5.38" meanSpeedRelative="0.39" duration="2"/>
    <step time="900.00" loaded="532" inserted="522" running="54" waiting="10" ended="468" arrived="468" collisions="0" teleports="0" halting="31" stopped="0" meanWaitingTime="11.83" meanTravelTime="110.63" meanSpeed="3.40" meanSpeedRelative="0.25" duration="2"/>
    <step time="1200.00" loaded="703" inserted="688" running="54" waiting="15" ended="634" arrived="634" collisions="0" teleports="0" halting="7" stopped="0" meanWaitingTime="15.12" meanTravelTime="109.49" meanSpeed="8.15" meanSpeedRelative="0.59" duration="2"/>
    <step time="1500.00" loaded="867" inserted="847" running="53" waiting="20" ended="794" arrived="794" collisions="0" teleports="0" halting="13" stopped="0" meanWaitingTime="16.51" meanTravelTime="107.22" meanSpeed="5.46" meanSpeedRelative="0.39" duration="1"/>
    <step time="1800.00" loaded="1028" inserted="1011" running="52" waiting="17" ended="959" arrived="959" collisions="0" teleports="0" halting="20" stopped="0" meanWaitingTime="19.50" meanTravelTime="106.85" meanSpeed="5.01" meanSpeedRelative="0.36" duration="1"/>
    <step time="2100.00" loaded="1187" inserted="1172" running="57" waiting="15" ended="1115" arrived="1115" collisions="0" teleports="0" halting="37" stopped="0" meanWaitingTime="18.20" meanTravelTime="105.05" meanSpeed="3.52" meanSpeedRelative="0.25" duration="2"/>
    <step time="2400.00" loaded="1332" inserted="1316" running="36" waiting="16" ended="1280" arrived="1280" collisions="0" teleports="0" halting="19" stopped="0" meanWaitingTime="18.22" meanTravelTime="105.73" meanSpeed="3.76" meanSpeedRelative="0.27" duration="1"/>
    <step time="2700.00" loaded="1475" inserted="1472" running="47" waiting="3" ended="1425" arrived="1425" collisions="0" teleports="0" halting="13" stopped="0" meanWaitingTime="18.27" meanTravelTime="103.88" meanSpeed="5.51" meanSpeedRelative="0.40" duration="1"/>
    <step time="3000.00" loaded="1633" inserted="1626" running="47" waiting="7" ended="1579" arrived="1579" collisions="0" teleports="0" halting="24" stopped="0" meanWaitingTime="17.16" meanTravelTime="104.49" meanSpeed="4.16" meanSpeedRelative="0.30" duration="2"/>
    <step time="3300.00" loaded="1805" inserted="1790" running="66" waiting="15" ended="1724" arrived="1724" collisions="0" teleports="0" halting="12" stopped="0" meanWaitingTime="17.53" meanTravelTime="105.13" meanSpeed="5.17" meanSpeedRelative="0.38" duration="1"/>
    <step time="3600.00" loaded="1938" inserted="1938" running="45" waiting="0" ended="1893" arrived="1893" collisions="0" teleports="0" halting="10" stopped="0" meanWaitingTime="17.29" meanTravelTime="105.41" meanSpeed="5.13" meanSpeedRelative="0.37" duration="1"/>
    <step time="3900.00" loaded="2100" inserted="2100" running="71" waiting="0" ended="2029" arrived="2029" collisions="0" teleports="0" halting="32" stopped="0" meanWaitingTime="16.08" meanTravelTime="105.00" meanSpeed="3.35" meanSpeedRelative="0.24" duration="2"/>
    <step time="4200.00" loaded="2231" inserted="2231" running="61" waiting="0" ended="2170" arrived="2170" collisions="0" teleports="0" halting="21" stopped="0" meanWaitingTime="16.23" meanTravelTime="106.93" meanSpeed="4.29" meanSpeedRelative="0.31" duration="1"/>
    <step time="4500.00" loaded="2406" inserted="2405" running="66" waiting="1" ended="2339" arrived="2339" collisions="0" teleports="0" halting="27" stopped="0" meanWaitingTime="15.50" meanTravelTime="107.72" meanSpeed="4.54" meanSpeedRelative="0.33" duration="2"/>
    <step time="4800.00" loaded="2563" inserted="2557" running="39" waiting="6" ended="2518" arrived="2518" collisions="0" teleports="0" halting="14" stopped="0" meanWaitingTime="14.84" meanTravelTime="107.00" meanSpeed="5.20" meanSpeedRelative="0.37" duration="1"/>
    <step time="5100.00" loaded="2729" inserted="2719" running="60" waiting="10" ended="2659" arrived="2659" collisions="0" teleports="0" halting="7" stopped="0" meanWaitingTime="15.55" meanTravelTime="106.18" meanSpeed="5.85" meanSpeedRelative="0.42" duration="1"/>
    <step time="5400.00" loaded="2882" inserted="2880" running="49" waiting="2" ended="2831" arrived="2831" collisions="0" teleports="0" halting="9" stopped="0" meanWaitingTime="15.09" meanTravelTime="106.59" meanSpeed="6.18" meanSpeedRelative="0.49" duration="1"/>
    <step time="5700.00" loaded="3070" inserted="3055" running="66" waiting="15" ended="2989" arrived="2989" collisions="0" teleports="0" halting="32" stopped="0" meanWaitingTime="14.58" meanTravelTime="106.38" meanSpeed="4.27" meanSpeedRelative="0.31" duration="2"/>
    <step time="6000.00" loaded="3196" inserted="3193" running="34" waiting="3" ended="3159" arrived="3159" collisions="0" teleports="0" halting="15" stopped="0" meanWaitingTime="14.65" meanTravelTime="106.84" meanSpeed="5.17" meanSpeedRelative="0.37" duration="1"/>
    <step time="6300.00" loaded="3358" inserted="3341" running="70" waiting="17" ended="3271" arrived="3271" collisions="0" teleports="0" halting="23" stopped="0" meanWaitingTime="14.76" meanTravelTime="106.86" meanSpeed="4.34" meanSpeedRelative="0.31" duration="1"/>
    <step time="6600.00" loaded="3518" inserted="3510" running="70" waiting="8" ended="3440" arrived="3440" collisions="0" teleports="0" halting="16" stopped="0" meanWaitingTime="15.00" meanTravelTime="107.13" meanSpeed="5.20" meanSpeedRelative="0.37" duration="4"/>
    <step time="6900.00" loaded="3702" inserted="3685" running="56" waiting="17" ended="3629" arrived="3629" collisions="0" teleports="0" halting="20" stopped="0" meanWaitingTime="15.05" meanTravelTime="107.56" meanSpeed="4.29" meanSpeedRelative="0.32" duration="2"/>
    <step time="7200.00" loaded="3857" inserted="3836" running="59" waiting="21" ended="3777" arrived="3777" collisions="0" teleports="0" halting="27" stopped="0" meanWaitingTime="15.72" meanTravelTime="107.62" meanSpeed="5.07" meanSpeedRelative="0.37" duration="3"/>
    <step time="7500.00" loaded="4008" inserted="3996" running="47" waiting="12" ended="3949" arrived="3949" collisions="0" teleports="0" halting="22" stopped="0" meanWaitingTime="16.45" meanTravelTime="107.91" meanSpeed="4.41" meanSpeedRelative="0.32" duration="1"/>
    <step time="7800.00" loaded="4164" inserted="4141" running="47" waiting="23" ended="4094" arrived="4094" collisions="0" teleports="0" halting="12" stopped="0" meanWaitingTime="16.96" meanTravelTime="107.61" meanSpeed="5.11" meanSpeedRelative="0.37" duration="1"/>
    <step time="8100.00" loaded="4337" inserted="4322" running="64" waiting="15" ended="4258" arrived="4258" collisions="0" teleports="0" halting="23" stopped="0" meanWaitingTime="18.08" meanTravelTime="107.39" meanSpeed="4.59" meanSpeedRelative="0.34" duration="2"/>
    <step time="8400.00" loaded="4520" inserted="4517" running="67" waiting="3" ended="4450" arrived="4450" collisions="0" teleports="0" halting="21" stopped="0" meanWaitingTime="18.07" meanTravelTime="107.13" meanSpeed="5.56" meanSpeedRelative="0.40" duration="2"/>
    <step time="8700.00" loaded="4690" inserted="4685" running="65" waiting="5" ended="4620" arrived="4620" collisions="0" teleports="0" halting="20" stopped="0" meanWaitingTime="17.86" meanTravelTime="107.11" meanSpeed="5.62" meanSpeedRelative="0.40" duration="2"/>
    <step time="9000.00" loaded="4877" inserted="4860" running="61" waiting="17" ended="4799" arrived="4799" collisions="0" teleports="0" halting="20" stopped="0" meanWaitingTime="17.69" meanTravelTime="106.73" meanSpeed="3.98" meanSpeedRelative="0.29" duration="2"/>
    <step time="9300.00" loaded="5065" inserted="5047" running="62" waiting="18" ended="4985" arrived="4985" collisions="0" teleports="0" halting="17" stopped="0" meanWaitingTime="17.69" meanTravelTime="106.88" meanSpeed="6.02" meanSpeedRelative="0.43" duration="3"/>
    <step time="9600.00" loaded="5235" inserted="5225" running="68" waiting="10" ended="5157" arrived="5157" collisions="0" teleports="0" halting="16" stopped="0" meanWaitingTime="18.14" meanTravelTime="106.62" meanSpeed="6.65" meanSpeedRelative="0.48" duration="3"/>
    <step time="9900.00" loaded="5381" inserted="5376" running="50" waiting="5" ended="5326" arrived="5326" collisions="0" teleports="0" halting="15" stopped="0" meanWaitingTime="17.96" meanTravelTime="106.83" meanSpeed="4.97" meanSpeedRelative="0.36" duration="2"/>
    <step time="10200.00" loaded="5549" inserted="5541" running="56" waiting="8" ended="5485" arrived="5485" collisions="0" teleports="0" halting="6" stopped="0" meanWaitingTime="17.72" meanTravelTime="107.39" meanSpeed="6.52" meanSpeedRelative="0.47" duration="2"/>
    <step time="10500.00" loaded="5729" inserted="5718" running="55" waiting="11" ended="5663" arrived="5663" collisions="0" teleports="0" halting="13" stopped="0" meanWaitingTime="17.58" meanTravelTime="107.35" meanSpeed="6.00" meanSpeedRelative="0.43" duration="1"/>
    <step time="10800.00" loaded="5901" inserted="5894" running="62" waiting="7" ended="5832" arrived="5832" collisions="0" teleports="0" halting="11" stopped="0" meanWaitingTime="17.63" meanTravelTime="107.26" meanSpeed="6.53" meanSpeedRelative="0.48" duration="2"/>
    <step time="11100.00" loaded="6078" inserted="6060" running="53" waiting="18" ended="6007" arrived="6007" collisions="0" teleports="0" halting="24" stopped="0" meanWaitingTime="17.59" meanTravelTime="107.13" meanSpeed="4.43" meanSpeedRelative="0.32" duration="2"/>
    <step time="11400.00" loaded="6249" inserted="6215" running="59" waiting="34" ended="6156" arrived="6156" collisions="0" teleports="0" halting="15" stopped="0" meanWaitingTime="18.26" meanTravelTime="106.69" meanSpeed="5.53" meanSpeedRelative="0.40" duration="2"/>
    <step time="11700.00" loaded="6393" inserted="6375" running="58" waiting="18" ended="6317" arrived="6317" collisions="0" teleports="0" halting="10" stopped="0" meanWaitingTime="19.35" meanTravelTime="106.60" meanSpeed="6.15" meanSpeedRelative="0.44" duration="3"/>
    <step time="12000.00" loaded="6569" inserted="6562" running="61" waiting="7" ended="6501" arrived="6501" collisions="0" teleports="0" halting="18" stopped="0" meanWaitingTime="19.36" meanTravelTime="106.75" meanSpeed="4.82" meanSpeedRelative="0.35" duration="3"/>
    <step time="12300.00" loaded="6737" inserted="6736" running="67" waiting="1" ended="6669" arrived="6669" collisions="0" teleports="0" halting="23" stopped="0" meanWaitingTime="19.09" meanTravelTime="106.72" meanSpeed="4.42" meanSpeedRelative="0.32" duration="3"/>
    <step time="12600.00" loaded="6907" inserted="6887" running="62" waiting="20" ended="6825" arrived="6825" collisions="0" teleports="0" halting="20" stopped="0" meanWaitingTime="18.92" meanTravelTime="106.75" meanSpeed="5.36" meanSpeedRelative="0.39" duration="2"/>
    <step time="12900.00" loaded="7074" inserted="7061" running="57" waiting="13" ended="7004" arrived="7004" collisions="0" teleports="0" halting="23" stopped="0" meanWaitingTime="19.11" meanTravelTime="106.88" meanSpeed="3.87" meanSpeedRelative="0.28" duration="3"/>
    <step time="13200.00" loaded="7250" inserted="7229" running="70" waiting="21" ended="7159" arrived="7159" collisions="0" teleports="0" halting="13" stopped="0" meanWaitingTime="19.17" meanTravelTime="106.82" meanSpeed="6.08" meanSpeedRelative="0.44" duration="3"/>
    <step time="13500.00" loaded="7430" inserted="7422" running="85" waiting="8" ended="7337" arrived="7337" collisions="0" teleports="0" halting="34" stopped="0" meanWaitingTime="19.12" meanTravelTime="107.14" meanSpeed="3.84" meanSpeedRelative="0.28" duration="3"/>
    <step time="13800.00" loaded="7625" inserted="7610" running="79" waiting="15" ended="7531" arrived="7531" collisions="0" teleports="0" halting="27" stopped="0" meanWaitingTime="19.21" meanTravelTime="107.58" meanSpeed="5.55" meanSpeedRelative="0.40" duration="2"/>
    <step time="14100.00" loaded="7783" inserted="7779" running="61" waiting="4" ended="7718" arrived="7718" collisions="0" teleports="0" halting="19" stopped="0" meanWaitingTime="19.27" meanTravelTime="107.80" meanSpeed="5.90" meanSpeedRelative="0.42" duration="3"/>
    <step time="14400.00" loaded="7922" inserted="7911" running="49" waiting="11" ended="7862" arrived="7862" collisions="0" teleports="0" halting="12" stopped="0" meanWaitingTime="19.45" meanTravelTime="107.69" meanSpeed="6.22" meanSpeedRelative="0.46" duration="2"/>
    <step time="14700.00" loaded="8115" inserted="8089" running="57" waiting="26" ended="8032" arrived="8032" collisions="0" teleports="0" halting="19" stopped="0" meanWaitingTime="19.43" meanTravelTime="107.42" meanSpeed="5.41" meanSpeedRelative="0.39" duration="2"/>
    <step time="15000.00" loaded="8275" inserted="8246" running="95" waiting="29" ended="8151" arrived="8151" collisions="0" teleports="0" halting="11" stopped="0" meanWaitingTime="19.60" meanTravelTime="107.59" meanSpeed="5.27" meanSpeedRelative="0.38" duration="3"/>
    <step time="15300.00" loaded="8435" inserted="8402" running="69" waiting="33" ended="8333" arrived="8333" collisions="0" teleports="0" halting="20" stopped="0" meanWaitingTime="20.18" meanTravelTime="108.63" meanSpeed="4.99" meanSpeedRelative="0.36" duration="1"/>
    <step time="15600.00" loaded="8602" inserted="8592" running="70" waiting="10" ended="8522" arrived="8522" collisions="0" teleports="0" halting="23" stopped="0" meanWaitingTime="20.89" meanTravelTime="108.50" meanSpeed="4.11" meanSpeedRelative="0.30" duration="2"/>
    <step time="15900.00" loaded="8793" inserted="8783" running="90" waiting="10" ended="8693" arrived="8693" collisions="0" teleports="0" halting="35" stopped="0" meanWaitingTime="21.21" meanTravelTime="108.62" meanSpeed="4.36" meanSpeedRelative="0.31" duration="2"/>
    <step time="16200.00" loaded="8983" inserted="8950" running="62" waiting="33" ended="8888" arrived="8888" collisions="0" teleports="0" halting="16" stopped="0" meanWaitingTime="21.35" meanTravelTime="108.66" meanSpeed="4.27" meanSpeedRelative="0.31" duration="2"/>
    <step time="16500.00" loaded="9149" inserted="9134" running="70" waiting="15" ended="9064" arrived="9064" collisions="0" teleports="0" halting="25" stopped="0" meanWaitingTime="21.93" meanTravelTime="108.84" meanSpeed="5.10" meanSpeedRelative="0.37" duration="2"/>
    <step time="16800.00" loaded="9336" inserted="9301" running="67" waiting="35" ended="9234" arrived="9234" collisions="0" teleports="0" halting="12" stopped="0" meanWaitingTime="22.24" meanTravelTime="109.04" meanSpeed="5.60" meanSpeedRelative="0.40" duration="2"/>
    <step time="17100.00" loaded="9505" inserted="9474" running="49" waiting="31" ended="9425" arrived="9425" collisions="0" teleports="0" halting="9" stopped="0" meanWaitingTime="22.90" meanTravelTime="109.20" meanSpeed="6.56" meanSpeedRelative="0.47" duration="2"/>
    <step time="17400.00" loaded="9686" inserted="9661" running="71" waiting="25" ended="9590" arrived="9590" collisions="0" teleports="0" halting="32" stopped="0" meanWaitingTime="23.59" meanTravelTime="109.21" meanSpeed="4.32" meanSpeedRelative="0.31" duration="1"/>
    <step time="17700.00" loaded="9862" inserted="9817" running="71" waiting="45" ended="9746" arrived="9746" collisions="0" teleports="0" halting="22" stopped="0" meanWaitingTime="23.92" meanTravelTime="109.27" meanSpeed="5.25" meanSpeedRelative="0.38" duration="2"/>
    <step time="18000.00" loaded="10025" inserted="9984" running="63" waiting="41" ended="9921" arrived="9921" collisions="0" teleports="0" halting="24" stopped="0" meanWaitingTime="24.90" meanTravelTime="109.41" meanSpeed="4.82" meanSpeedRelative="0.35" duration="2"/>
    <step time="18300.00" loaded="10211" inserted="10175" running="56" waiting="36" ended="10119" arrived="10119" collisions="0" teleports="0" halting="25" stopped="0" meanWaitingTime="25.78" meanTravelTime="109.32" meanSpeed="4.15" meanSpeedRelative="0.30" duration="3"/>
    <step time="18600.00" loaded="10368" inserted="10334" running="59" waiting="34" ended="10275" arrived="10275" collisions="0" teleports="0" halting="26" stopped="0" meanWaitingTime="26.42" meanTravelTime="109.23" meanSpeed="4.97" meanSpeedRelative="0.36" duration="3"/>
    <step time="18900.00" loaded="10554" inserted="10513" running="69" waiting="41" ended="10444" arrived="10444" collisions="0" teleports="0" halting="12" stopped="0" meanWaitingTime="26.86" meanTravelTime="109.39" meanSpeed="6.52" meanSpeedRelative="0.47" duration="3"/>
    <step time="19200.00" loaded="10730" inserted="10704" running="69" waiting="26" ended="10635" arrived="10635" collisions="0" teleports="0" halting="40" stopped="0" meanWaitingTime="27.29" meanTravelTime="109.19" meanSpeed="4.02" meanSpeedRelative="0.29" duration="1"/>
    <step time="19500.00" loaded="10939" inserted="10915" running="101" waiting="24" ended="10814" arrived="10814" collisions="0" teleports="0" halting="31" stopped="0" meanWaitingTime="27.55" meanTravelTime="109.45" meanSpeed="4.10" meanSpeedRelative="0.30" duration="5"/>
    <step time="19800.00" loaded="11116" inserted="11085" running="76" waiting="31" ended="11009" arrived="11009" collisions="0" teleports="0" halting="29" stopped="0" meanWaitingTime="27.84" meanTravelTime="109.92" meanSpeed="4.89" meanSpeedRelative="0.35" duration="4"/>
    <step time="20100.00" loaded="11317" inserted="11283" running="83" waiting="34" ended="11200" arrived="11200" collisions="0" teleports="0" halting="17" stopped="0" meanWaitingTime="28.23" meanTravelTime="110.07" meanSpeed="5.62" meanSpeedRelative="0.40" duration="3"/>
    <step time="20400.00" loaded="11484" inserted="11443" running="70" waiting="41" ended="11373" arrived="11373" collisions="0" teleports="0" halting="24" stopped="0" meanWaitingTime="28.80" meanTravelTime="110.21" meanSpeed="4.45" meanSpeedRelative="0.32" duration="4"/>
    <step time="20700.00" loaded="11657" inserted="11615" running="71" waiting="42" ended="11544" arrived="11544" collisions="0" teleports="0" halting="30" stopped="0" meanWaitingTime="29.37" meanTravelTime="110.08" meanSpeed="3.41" meanSpeedRelative="0.25" duration="2"/>
    <step time="21000.00" loaded="11841" inserted="11796" running="58" waiting="45" ended="11738" arrived="11738" collisions="0" teleports="0" halting="34" stopped="0" meanWaitingTime="30.13" meanTravelTime="110.16" meanSpeed="3.75" meanSpeedRelative="0.27" duration="1"/>
    <step time="21300.00" loaded="12001" inserted="11963" running="58" waiting="38" ended="11905" arrived="11905" collisions="0" teleports="0" halting="12" stopped="0" meanWaitingTime="30.93" meanTravelTime="110.00" meanSpeed="5.80" meanSpeedRelative="0.42" duration="2"/>
    <step time="21600.00" loaded="12223" inserted="12189" running="106" waiting="34" ended="12083" arrived="12083" collisions="0" teleports="0" halting="15" stopped="0" meanWaitingTime="31.51" meanTravelTime="110.00" meanSpeed="6.36" meanSpeedRelative="0.46" duration="4"/>
    <step time="21900.00" loaded="12408" inserted="12381" running="69" waiting="27" ended="12312" arrived="12312" collisions="0" teleports="0" halting="28" stopped="0" meanWaitingTime="31.62" meanTravelTime="110.30" meanSpeed="4.66" meanSpeedRelative="0.34" duration="1"/>
    <step time="22200.00" loaded="12599" inserted="12568" running="71" waiting="31" ended="12497" arrived="12497" collisions="0" teleports="0" halting="12" stopped="0" meanWaitingTime="31.85" meanTravelTime="110.05" meanSpeed="4.21" meanSpeedRelative="0.30" duration="2"/>
    <step time="22500.00" loaded="12777" inserted="12729" running="70" waiting="48" ended="12659" arrived="12659" collisions="0" teleports="0" halting="6" stopped="0" meanWaitingTime="32.06" meanTravelTime="110.59" meanSpeed="5.72" meanSpeedRelative="0.41" duration="2"/>
    <step time="22800.00" loaded="12975" inserted="12962" running="108" waiting="13" ended="12854" arrived="12854" collisions="0" teleports="0" halting="53" stopped="0" meanWaitingTime="32.33" meanTravelTime="110.84" meanSpeed="3.23" meanSpeedRelative="0.23" duration="4"/>
    <step time="23100.00" loaded="13161" inserted="13144" running="96" waiting="17" ended="13048" arrived="13048" collisions="0" teleports="0" halting="46" stopped="0" meanWaitingTime="32.32" meanTravelTime="111.65" meanSpeed="3.29" meanSpeedRelative="0.24" duration="4"/>
    <step time="23400.00" loaded="13349" inserted="13321" running="57" waiting="28" ended="13264" arrived="13264" collisions="0" teleports="0" halting="21" stopped="0" meanWaitingTime="32.37" meanTravelTime="111.96" meanSpeed="5.26" meanSpeedRelative="0.38" duration="2"/>
    <step time="23700.00" loaded="13577" inserted="13534" running="73" waiting="43" ended="13461" arrived="13461" collisions="0" teleports="0" halting="33" stopped="0" meanWaitingTime="32.46" meanTravelTime="111.67" meanSpeed="4.15" meanSpeedRelative="0.30" duration="2"/>
    <step time="24000.00" loaded="13751" inserted="13713" running="62" waiting="38" ended="13651" arrived="13651" collisions="0" teleports="0" halting="18" stopped="0" meanWaitingTime="32.77" meanTravelTime="111.54" meanSpeed="4.27" meanSpeedRelative="0.31" duration="2"/>
    <step time="24300.00" loaded="13958" inserted="13917" running="109" waiting="41" ended="13808" arrived="13808" collisions="0" teleports="0" halting="41" stopped="0" meanWaitingTime="33.15" meanTravelTime="111.51" meanSpeed="3.18" meanSpeedRelative="0.23" duration="2"/>
    <step time="24600.00" loaded="14180" inserted="14131" running="100" waiting="49" ended="14031" arrived="14031" collisions="0" teleports="0" halting="55" stopped="0" meanWaitingTime="33.51" meanTravelTime="112.00" meanSpeed="3.07" meanSpeedRelative="0.22" duration="2"/>
    <step time="24900.00" loaded="14397" inserted="14337" running="75" waiting="60" ended="14262" arrived="14262" collisions="0" teleports="0" halting="33" stopped="0" meanWaitingTime="34.03" meanTravelTime="112.32" meanSpeed="3.73" meanSpeedRelative="0.27" duration="2"/>
    <step time="25200.00" loaded="14591" inserted="14528" running="74" waiting="63" ended="14454" arrived="14454" collisions="0" teleports="0" halting="27" stopped="0" meanWaitingTime="34.57" meanTravelTime="112.30" meanSpeed="4.23" meanSpeedRelative="0.30" duration="2"/>
    <step time="25500.00" loaded="14766" inserted="14731" running="76" waiting="35" ended="14655" arrived="14655" collisions="0" teleports="0" halting="29" stopped="0" meanWaitingTime="35.44" meanTravelTime="112.57" meanSpeed="5.55" meanSpeedRelative="0.41" duration="3"/>
    <step time="25800.00" loaded="15000" inserted="14961" running="96" waiting="39" ended="14865" arrived="14865" collisions="0" teleports="0" halting="33" stopped="0" meanWaitingTime="35.80" meanTravelTime="112.36" meanSpeed="4.43" meanSpeedRelative="0.32" duration="2"/>
    <step time="26100.00" loaded="15212" inserted="15176" running="98" waiting="36" ended="15078" arrived="15078" collisions="0" teleports="0" halting="43" stopped="0" meanWaitingTime="36.13" meanTravelTime="112.18" meanSpeed="2.94" meanSpeedRelative="0.21" duration="3"/>
    <step time="26400.00" loaded="15405" inserted="15364" running="82" waiting="41" ended="15282" arrived="15282" collisions="0" teleports="0" halting="28" stopped="0" meanWaitingTime="36.40" meanTravelTime="112.57" meanSpeed="4.31" meanSpeedRelative="0.31" duration="4"/>
    <step time="26700.00" loaded="15619" inserted="15594" running="132" waiting="25" ended="15462" arrived="15462" collisions="0" teleports="0" halting="68" stopped="0" meanWaitingTime="36.74" meanTravelTime="112.63" meanSpeed="3.05" meanSpeedRelative="0.22" duration="5"/>
    <step time="27000.00" loaded="15836" inserted="15805" running="121" waiting="31" ended="15684" arrived="15684" collisions="0" teleports="0" halting="45" stopped="0" meanWaitingTime="36.88" meanTravelTime="113.43" meanSpeed="3.93" meanSpeedRelative="0.28" duration="3"/>
    <step time="27300.00" loaded="16058" inserted="16022" running="100" waiting="36" ended="15922" arrived="15922" collisions="0" teleports="0" halting="30" stopped="0" meanWaitingTime="37.00" meanTravelTime="113.58" meanSpeed="4.65" meanSpeedRelative="0.33" duration="4"/>
    <step time="27600.00" loaded="16257" inserted="16219" running="65" waiting="38" ended="16154" arrived="16154" collisions="0" teleports="0" halting="40" stopped="0" meanWaitingTime="37.10" meanTravelTime="113.65" meanSpeed="2.65" meanSpeedRelative="0.19" duration="3"/>
    <step time="27900.00" loaded="16464" inserted="16430" running="59" waiting="34" ended="16371" arrived="16371" collisions="0" teleports="0" halting="18" stopped="0" meanWaitingTime="37.24" meanTravelTime="113.41" meanSpeed="5.16" meanSpeedRelative="0.37" duration="2"/>
    <step time="28200.00" loaded="16687" inserted="16663" running="73" waiting="24" ended="16590" arrived="16590" collisions="0" teleports="0" halting="16" stopped="0" meanWaitingTime="37.41" meanTravelTime="113.25" meanSpeed="4.93" meanSpeedRelative="0.36" duration="2"/>
    <step time="28500.00" loaded="16886" inserted="16857" running="75" waiting="29" ended="16782" arrived="16782" collisions="0" teleports="0" halting="27" stopped="0" meanWaitingTime="37.45" meanTravelTime="113.18" meanSpeed="4.71" meanSpeedRelative="0.34" duration="2"/>
    <step time="28800.00" loaded="17099" inserted="17067" running="63" waiting="32" ended="17004" arrived="17004" collisions="0" teleports="0" halting="25" stopped="0" meanWaitingTime="37.42" meanTravelTime="113.17" meanSpeed="4.14" meanSpeedRelative="0.30" duration="2"/>
    <step time="29100.00" loaded="17321" inserted="17284" running="85" waiting="37" ended="17199" arrived="17199" collisions="0" teleports="0" halting="35" stopped="0" meanWaitingTime="37.38" meanTravelTime="113.23" meanSpeed="3.16" meanSpeedRelative="0.23" duration="2"/>
    <step time="29400.00" loaded="17520" inserted="17470" running="73" waiting="50" ended="17397" arrived="17397" collisions="0" teleports="0" halting="25" stopped="0" meanWaitingTime="37.56" meanTravelTime="113.35" meanSpeed="5.43" meanSpeedRelative="0.39" duration="2"/>
    <step time="29700.00" loaded="17699" inserted="17646" running="50" waiting="53" ended="17596" arrived="17596" collisions="0" teleports="0" halting="16" stopped="0" meanWaitingTime="37.62" meanTravelTime="113.37" meanSpeed="5.81" meanSpeedRelative="0.42" duration="3"/>
    <step time="30000.00" loaded="17875" inserted="17829" running="56" waiting="46" ended="17773" arrived="17773" collisions="0" teleports="0" halting="20" stopped="0" meanWaitingTime="38.18" meanTravelTime="113.29" meanSpeed="4.55" meanSpeedRelative="0.33" duration="2"/>
    <step time="30300.00" loaded="18072" inserted="18021" running="68" waiting="51" ended="17953" arrived="17953" collisions="0" teleports="0" halting="29" stopped="0" meanWaitingTime="38.71" meanTravelTime="113.24" meanSpeed="3.40" meanSpeedRelative="0.24" duration="3"/>
    <step time="30600.00" loaded="18285" inserted="18240" running="89" waiting="45" ended="18151" arrived="18151" collisions="0" teleports="0" halting="38" stopped="0" meanWaitingTime="39.15" meanTravelTime="113.17" meanSpeed="5.21" meanSpeedRelative="0.38" duration="4"/>
    <step time="30900.00" loaded="18506" inserted="18463" running="99" waiting="43" ended="18364" arrived="18364" collisions="0" teleports="0" halting="42" stopped="0" meanWaitingTime="39.40" meanTravelTime="113.18" meanSpeed="3.00" meanSpeedRelative="0.22" duration="4"/>
    <step time="31200.00" loaded="18679" inserted="18634" running="65" waiting="45" ended="18569" arrived="18569" collisions="0" teleports="0" halting="27" stopped="0" meanWaitingTime="39.45" meanTravelTime="113.59" meanSpeed="3.68" meanSpeedRelative="0.26" duration="2"/>
    <step time="31500.00" loaded="18862" inserted="18819" running="66" waiting="43" ended="18753" arrived="18753" collisions="0" teleports="0" halting="30" stopped="0" meanWaitingTime="39.70" meanTravelTime="113.68" meanSpeed="4.63" meanSpeedRelative="0.33" duration="3"/>
    <step time="31800.00" loaded="19018" inserted="18983" running="66" waiting="35" ended="18917" arrived="18917" collisions="0" teleports="0" halting="17" stopped="0" meanWaitingTime="40.04" meanTravelTime="113.73" meanSpeed="5.61" meanSpeedRelative="0.40" duration="3"/>
    <step time="32100.00" loaded="19199" inserted="19159" running="66" waiting="40" ended="19093" arrived="19093" collisions="0" teleports="0" halting="27" stopped="0" meanWaitingTime="40.38" meanTravelTime="113.58" meanSpeed="5.83" meanSpeedRelative="0.42" duration="1"/>
    <step time="32400.00" loaded="19364" inserted="19321" running="73" waiting="43" ended="19248" arrived="19248" collisions="0" teleports="0" halting="28" stopped="0" meanWaitingTime="40.57" meanTravelTime="113.48" meanSpeed="4.71" meanSpeedRelative="0.34" duration="3"/>
    <step time="32700.00" loaded="19542" inserted="19501" running="56" waiting="41" ended="19445" arrived="19445" collisions="0" teleports="0" halting="6" stopped="0" meanWaitingTime="40.72" meanTravelTime="113.59" meanSpeed="5.50" meanSpeedRelative="0.40" duration="2"/>
    <step time="33000.00" loaded="19710" inserted="19679" running="61" waiting="31" ended="19618" arrived="19618" collisions="0" teleports="0" halting="8" stopped="0" meanWaitingTime="40.96" meanTravelTime="113.66" meanSpeed="5.36" meanSpeedRelative="0.39" duration="2"/>
    <step time="33300.00" loaded="19843" inserted="19831" running="79" waiting="12" ended="19752" arrived="19752" collisions="0" teleports="0" halting="25" stopped="0" meanWaitingTime="41.09" meanTravelTime="113.79" meanSpeed="4.61" meanSpeedRelative="0.34" duration="3"/>
    <step time="33600.00" loaded="20033" inserted="20015" running="58" waiting="18" ended="19957" arrived="19957" collisions="0" teleports="0" halting="25" stopped="0" meanWaitingTime="40.98" meanTravelTime="113.77" meanSpeed="4.63" meanSpeedRelative="0.33" duration="2"/>
    <step time="33900.00" loaded="20186" inserted="20167" running="64" waiting="19" ended="20103" arrived="20103" collisions="0" teleports="0" halting="23" stopped="0" meanWaitingTime="40.89" meanTravelTime="113.66" meanSpeed="3.83" meanSpeedRelative="0.28" duration="2"/>
    <step time="34200.00" loaded="20343" inserted="20323" running="71" waiting="20" ended="20252" arrived="20252" collisions="0" teleports="0" halting="20" stopped="0" meanWaitingTime="40.81" meanTravelTime="113.88" meanSpeed="4.75" meanSpeedRelative="0.34" duration="2"/>
    <step time="34500.00" loaded="20507" inserted="20481" running="87" waiting="26" ended="20394" arrived="20394" collisions="0" teleports="0" halting="19" stopped="0" meanWaitingTime="40.87" meanTravelTime="113.93" meanSpeed="4.11" meanSpeedRelative="0.30" duration="2"/>
    <step time="34800.00" loaded="20662" inserted="20631" running="76" waiting="31" ended="20555" arrived="20555" collisions="0" teleports="0" halting="21" stopped="0" meanWaitingTime="41.02" meanTravelTime="114.37" meanSpeed="4.56" meanSpeedRelative="0.33" duration="3"/>
    <step time="35100.00" loaded="20801" inserted="20787" running="62" waiting="14" ended="20725" arrived="20725" collisions="0" teleports="0" halting="12" stopped="0" meanWaitingTime="41.12" meanTravelTime="114.47" meanSpeed="5.92" meanSpeedRelative="0.43" duration="3"/>
    <step time="35400.00" loaded="20938" inserted="20933" running="53" waiting="5" ended="20880" arrived="20880" collisions="0" teleports="0" halting="6" stopped="0" meanWaitingTime="40.91" meanTravelTime="114.41" meanSpeed="6.58" meanSpeedRelative="0.47" duration="3"/>
    <step time="35700.00" loaded="21080" inserted="21073" running="52" waiting="7" ended="21021" arrived="21021" collisions="0" teleports="0" halting="19" stopped="0" meanWaitingTime="40.77" meanTravelTime="114.45" meanSpeed="4.46" meanSpeedRelative="0.32" duration="2"/>
    <step time="36000.00" loaded="21236" inserted="21230" running="31" waiting="6" ended="21199" arrived="21199" collisions="0" teleports="0" halting="12" stopped="0" meanWaitingTime="40.58" meanTravelTime="114.32" meanSpeed="4.82" meanSpeedRelative="0.35" duration="2"/>
    <step time="36300.00" loaded="21411" inserted="21394" running="54" waiting="17" ended="21340" arrived="21340" collisions="0" teleports="0" halting="31" stopped="0" meanWaitingTime="40.43" meanTravelTime="114.08" meanSpeed="3.04" meanSpeedRelative="0.22" duration="3"/>
    <step time="36600.00" loaded="21558" inserted="21549" running="71" waiting="9" ended="21478" arrived="21478" collisions="0" teleports="0" halting="7" stopped="0" meanWaitingTime="40.33" meanTravelTime="114.11" meanSpeed="5.08" meanSpeedRelative="0.37" duration="3"/>
    <step time="36900.00" loaded="21697" inserted="21677" running="49" waiting="20" ended="21628" arrived="21628" collisions="0" teleports="0" halting="18" stopped="0" meanWaitingTime="40.16" meanTravelTime="114.32" meanSpeed="5.21" meanSpeedRelative="0.38" duration="2"/>
    <step time="37200.00" loaded="21818" inserted="21794" running="46" waiting="24" ended="21748" arrived="21748" collisions="0" teleports="0" halting="31" stopped="0" meanWaitingTime="40.14" meanTravelTime="114.25" meanSpeed="2.56" meanSpeedRelative="0.18" duration="2"/>
    <step time="37500.00" loaded="21961" inserted="21924" running="57" waiting="37" ended="21867" arrived="21867" collisions="0" teleports="0" halting="18" stopped="0" meanWaitingTime="40.30" meanTravelTime="114.38" meanSpeed="5.30" meanSpeedRelative="0.39" duration="3"/>
    <step time="37800.00" loaded="22116" inserted="22076" running="56" waiting="40" ended="22020" arrived="22020" collisions="0" teleports="0" halting="27" stopped="0" meanWaitingTime="40.53" meanTravelTime="114.39" meanSpeed="4.42" meanSpeedRelative="0.32" duration="3"/>
    <step time="38100.00" loaded="22260" inserted="22216" running="62" waiting="44" ended="22154" arrived="22154" collisions="0" teleports="0" halting="29" stopped="0" meanWaitingTime="40.73" meanTravelTime="114.28" meanSpeed="3.06" meanSpeedRelative="0.22" duration="2"/>
    <step time="38400.00" loaded="22386" inserted="22357" running="59" waiting="29" ended="22298" arrived="22298" collisions="0" teleports="0" halting="31" stopped="0" meanWaitingTime="41.01" meanTravelTime="114.43" meanSpeed="3.42" meanSpeedRelative="0.25" duration="3"/>
    <step time="38700.00" loaded="22486" inserted="22471" running="56" waiting="15" ended="22415" arrived="22415" collisions="0" teleports="0" halting="34" stopped="0" meanWaitingTime="41.13" meanTravelTime="114.55" meanSpeed="2.91" meanSpeedRelative="0.21" duration="1"/>
    <step time="39000.00" loaded="22593" inserted="22559" running="54" waiting="34" ended="22505" arrived="22505" collisions="0" teleports="0" halting="8" stopped="0" meanWaitingTime="41.31" meanTravelTime="114.71" meanSpeed="4.81" meanSpeedRelative="0.35" duration="2"/>
    <step time="39300.00" loaded="22719" inserted="22678" running="45" waiting="41" ended="22633" arrived="22633" collisions="0" teleports="0" halting="24" stopped="0" meanWaitingTime="41.55" meanTravelTime="114.91" meanSpeed="2.96" meanSpeedRelative="0.21" duration="2"/>
    <step time="39600.00" loaded="22830" inserted="22791" running="26" waiting="39" ended="22765" arrived="22765" collisions="0" teleports="0" halting="13" stopped="0" meanWaitingTime="41.77" meanTravelTime="114.85" meanSpeed="5.27" meanSpeedRelative="0.38" duration="1"/>
    <step time="39900.00" loaded="22951" inserted="22924" running="69" waiting="27" ended="22855" arrived="22855" collisions="0" teleports="0" halting="56" stopped="0" meanWaitingTime="42.05" meanTravelTime="114.76" meanSpeed="1.75" meanSpeedRelative="0.13" duration="2"/>
    <step time="40200.00" loaded="23040" inserted="23020" running="36" waiting="20" ended="22984" arrived="22984" collisions="0" teleports="0" halting="20" stopped="0" meanWaitingTime="42.27" meanTravelTime="114.95" meanSpeed="2.54" meanSpeedRelative="0.18" duration="1"/>
    <step time="40500.00" loaded="23139" inserted="23115" running="32" waiting="24" ended="23083" arrived="23083" collisions="0" teleports="0" halting="10" stopped="0" meanWaitingTime="42.35" meanTravelTime="115.01" meanSpeed="5.62" meanSpeedRelative="0.40" duration="1"/>
    <step time="40800.00" loaded="23248" inserted="23217" running="38" waiting="31" ended="23179" arrived="23179" collisions="0" teleports="0" halting="12" stopped="0" meanWaitingTime="42.60" meanTravelTime="114.95" meanSpeed="6.02" meanSpeedRelative="0.43" duration="1"/>
    <step time="41100.00" loaded="23331" inserted="23308" running="44" waiting="23" ended="23264" arrived="23264" collisions="0" teleports="0" halting="25" stopped="0" meanWaitingTime="42.76" meanTravelTime="115.02" meanSpeed="3.07" meanSpeedRelative="0.22" duration="1"/>
    <step time="41400.00" loaded="23393" inserted="23383" running="24" waiting="10" ended="23359" arrived="23359" collisions="0" teleports="0" halting="17" stopped="0" meanWaitingTime="42.84" meanTravelTime="115.22" meanSpeed="2.18" meanSpeedRelative="0.16" duration="1"/>
    <step time="41700.00" loaded="23491" inserted="23467" running="48" waiting="24" ended="23419" arrived="23419" collisions="0" teleports="0" halting="22" stopped="0" meanWaitingTime="42.96" meanTravelTime="115.25" meanSpeed="4.77" meanSpeedRelative="0.34" duration="2"/>
    <step time="42000.00" loaded="23573" inserted="23544" running="22" waiting="29" ended="23522" arrived="23522" collisions="0" teleports="0" halting="9" stopped="0" meanWaitingTime="43.12" meanTravelTime="115.34" meanSpeed="4.83" meanSpeedRelative="0.35" duration="1"/>
    <step time="42300.00" loaded="23676" inserted="23652" running="45" waiting="24" ended="23607" arrived="23607" collisions="0" teleports="0" halting="10" stopped="0" meanWaitingTime="43.36" meanTravelTime="115.26" meanSpeed="6.00" meanSpeedRelative="0.43" duration="2"/>
    <step time="42600.00" loaded="23788" inserted="23751" running="51" waiting="37" ended="23700" arrived="23700" collisions="0" teleports="0" halting="7" stopped="0" meanWaitingTime="43.55" meanTravelTime="115.24" meanSpeed="6.01" meanSpeedRelative="0.43" duration="3"/>
    <step time="42900.00" loaded="23888" inserted="23865" running="56" waiting="23" ended="23809" arrived="23809" collisions="0" teleports="0" halting="25" stopped="0" meanWaitingTime="43.81" meanTravelTime="115.41" meanSpeed="3.68" meanSpeedRelative="0.27" duration="3"/>
    <step time="43200.00" loaded="23989" inserted="23953" running="28" waiting="36" ended="23925" arrived="23925" collisions="0" teleports="0" halting="5" stopped="0" meanWaitingTime="43.92" meanTravelTime="115.64" meanSpeed="7.92" meanSpeedRelative="0.58" duration="1"/>
    <step time="43500.00" loaded="24069" inserted="24058" running="48" waiting="11" ended="24010" arrived="24010" collisions="0" teleports="0" halting="9" stopped="0" meanWaitingTime="44.03" meanTravelTime="115.63" meanSpeed="5.13" meanSpeedRelative="0.37" duration="2"/>
    <step time="43800.00" loaded="24173" inserted="24155" running="42" waiting="18" ended="24113" arrived="24113" collisions="0" teleports="0" halting="17" stopped="0" meanWaitingTime="44.07" meanTravelTime="115.62" meanSpeed="4.43" meanSpeedRelative="0.32" duration="2"/>
    <step time="44100.00" loaded="24278" inserted="24268" running="52" waiting="10" ended="24216" arrived="24216" collisions="0" teleports="0" halting="26" stopped="0" meanWaitingTime="44.09" meanTravelTime="115.60" meanSpeed="3.95" meanSpeedRelative="0.28" duration="3"/>
    <step time="44400.00" loaded="24387" inserted="24368" running="73" waiting="19" ended="24295" arrived="24295" collisions="0" teleports="0" halting="59" stopped="0" meanWaitingTime="44.07" meanTravelTime="115.61" meanSpeed="0.99" meanSpeedRelative="0.07" duration="3"/>
    <step time="44700.00" loaded="24489" inserted="24445" running="43" waiting="44" ended="24402" arrived="24402" collisions="0" teleports="0" halting="18" stopped="0" meanWaitingTime="44.22" meanTravelTime="116.22" meanSpeed="3.21" meanSpeedRelative="0.23" duration="2"/>
    <step time="45000.00" loaded="24596" inserted="24547" running="30" waiting="49" ended="24517" arrived="24517" collisions="0" teleports="0" halting="5" stopped="0" meanWaitingTime="44.54" meanTravelTime="116.34" meanSpeed="7.18" meanSpeedRelative="0.52" duration="1"/>
    <step time="45300.00" loaded="24686" inserted="24648" running="45" waiting="38" ended="24603" arrived="24603" collisions="0" teleports="0" halting="16" stopped="0" meanWaitingTime="44.84" meanTravelTime="116.29" meanSpeed="4.77" meanSpeedRelative="0.34" duration="2"/>
    <step time="45600.00" loaded="24768" inserted="24739" running="42" waiting="29" ended="24697" arrived="24697" collisions="0" teleports="0" halting="27" stopped="0" meanWaitingTime="45.11" meanTravelTime="116.37" meanSpeed="3.17" meanSpeedRelative="0.23" duration="2"/>
    <step time="45900.00" loaded="24854" inserted="24808" running="42" waiting="46" ended="24766" arrived="24766" collisions="0" teleports="0" halting="36" stopped="0" meanWaitingTime="45.34" meanTravelTime="116.42" meanSpeed="1.36" meanSpeedRelative="0.10" duration="1"/>
    <step time="46200.00" loaded="24935" inserted="24887" running="50" waiting="48" ended="24837" arrived="24837" collisions="0" teleports="0" halting="44" stopped="0" meanWaitingTime="45.56" meanTravelTime="116.25" meanSpeed="0.82" meanSpeedRelative="0.06" duration="2"/>
    <step time="46500.00" loaded="24983" inserted="24983" running="80" waiting="0" ended="24903" arrived="24903" collisions="0" teleports="0" halting="73" stopped="0" meanWaitingTime="45.88" meanTravelTime="116.10" meanSpeed="0.70" meanSpeedRelative="0.05" duration="3"/>
    <step time="46800.00" loaded="25003" inserted="25003" running="75" waiting="0" ended="24928" arrived="24928" collisions="0" teleports="0" halting="74" stopped="0" meanWaitingTime="45.84" meanTravelTime="116.04" meanSpeed="0.19" meanSpeedRelative="0.01" duration="1"/>
    <step time="47100.00" loaded="25021" inserted="25021" running="71" waiting="0" ended="24950" arrived="24950" collisions="0" teleports="0" halting="68" stopped="0" meanWaitingTime="45.81" meanTravelTime="115.97" meanSpeed="0.23" meanSpeedRelative="0.02" duration="2"/>
    <step time="47400.00" loaded="25037" inserted="25037" running="71" waiting="0" ended="24966" arrived="24966" collisions="0" teleports="0" halting="70" stopped="0" meanWaitingTime="45.78" meanTravelTime="115.93" meanSpeed="0.09" meanSpeedRelative="0.01" duration="1"/>
    <step time="47700.00" loaded="25051" inserted="25051" running="71" waiting="0" ended="24980" arrived="24980" collisions="0" teleports="0" halting="71" stopped="0" meanWaitingTime="45.76" meanTravelTime="115.89" meanSpeed="0.00" meanSpeedRelative="0.00" duration="2"/>
    <step time="48000.00" loaded="25064" inserted="25064" running="69" waiting="0" ended="24995" arrived="24995" collisions="0" teleports="0" halting="68" stopped="0" meanWaitingTime="45.73" meanTravelTime="115.85" meanSpeed="0.08" meanSpeedRelative="0.01" duration="1"/>
    <step time="48300.00" loaded="25078" inserted="25078" running="69" waiting="0" ended="25009" arrived="25009" collisions="0" teleports="0" halting="68" stopped="0" meanWaitingTime="45.71" meanTravelTime="115.80" meanSpeed="0.05" meanSpeedRelative="0.00" duration="1"/>
    <step time="48600.00" loaded="25094" inserted="25094" running="70" waiting="0" ended="25024" arrived="25024" collisions="0" teleports="0" halting="68" stopped="0" meanWaitingTime="45.68" meanTravelTime="115.75" meanSpeed="0.21" meanSpeedRelative="0.02" duration="2"/>
    <step time="48900.00" loaded="25109" inserted="25109" running="74" waiting="0" ended="25035" arrived="25035" collisions="0" teleports="0" halting="73" stopped="0" meanWaitingTime="45.65" meanTravelTime="115.71" meanSpeed="0.04" meanSpeedRelative="0.00" duration="3"/>
    <step time="49200.00" loaded="25118" inserted="25118" running="68" waiting="0" ended="25050" arrived="25050" collisions="0" teleports="0" halting="68" stopped="0" meanWaitingTime="45.63" meanTravelTime="115.68" meanSpeed="0.00" meanSpeedRelative="0.00" duration="2"/>
</summary>
