<?xml version="1.0" encoding="UTF-8"?>

<!-- generated on 2025-02-28 19:53:33 by Eclipse SUMO GUI Version 1.19.0
<configuration xmlns:xsi="http://www.w3.org/2001/XMLSchema-instance" xsi:noNamespaceSchemaLocation="http://sumo.dlr.de/xsd/sumoConfiguration.xsd">

    <input>
        <net-file value="Network.net.xml"/>
        <route-files value="CarRoutes.rou.xml"/>
        <additional-files value="Sensors.add.xml"/>
    </input>

    <output>
        <emission-output value="logs/Emissions.xml"/>
        <summary-output value="logs/Log_summary.xml"/>
        <summary-output.period value="300"/>
        <tripinfo-output value="logs/TripInfos.xml"/>
    </output>

    <time>
        <begin value="0"/>
        <end value="86400"/>
        <step-length value="0.25"/>
    </time>

    <processing>
        <ignore-junction-blocker value="0.1"/>
        <time-to-teleport value="-1"/>
    </processing>

    <report>
        <verbose value="true"/>
        <no-step-log value="true"/>
    </report>

    <emissions>
        <device.emissions.period value="10"/>
    </emissions>

    <traci_server>
        <remote-port value="59622"/>
    </traci_server>

    <gui_only>
        <quit-on-end value="true"/>
        <start value="true"/>
    </gui_only>

</configuration>
-->

<instantE1 xmlns:xsi="http://www.w3.org/2001/XMLSchema-instance" xsi:noNamespaceSchemaLocation="http://sumo.dlr.de/xsd/instant_e1_file.xsd">
    <instantOut id="235_D025" time="1453.50" state="enter" vehID="Car_704" speed="8.63" length="5.00" type="DEFAULT_CAR"/>
    <instantOut id="235_D025" time="1453.50" state="stay" vehID="Car_704" speed="8.63" length="5.00" type="DEFAULT_CAR"/>
    <instantOut id="235_D025" time="1453.75" state="stay" vehID="Car_704" speed="8.18" length="5.00" type="DEFAULT_CAR"/>
    <instantOut id="235_D025" time="1454.00" state="stay" vehID="Car_704" speed="7.71" length="5.00" type="DEFAULT_CAR"/>
    <instantOut id="235_D025" time="1454.15" state="leave" vehID="Car_704" speed="6.96" length="5.00" type="DEFAULT_CAR" occupancy="0.65"/>
    <instantOut id="235_D025" time="2557.44" state="enter" vehID="Car_1266" speed="9.65" length="5.00" type="DEFAULT_CAR" gap="1103.29"/>
    <instantOut id="235_D025" time="2557.50" state="stay" vehID="Car_1266" speed="9.65" length="5.00" type="DEFAULT_CAR"/>
    <instantOut id="235_D025" time="2557.75" state="stay" vehID="Car_1266" speed="10.27" length="5.00" type="DEFAULT_CAR"/>
    <instantOut id="235_D025" time="2557.94" state="leave" vehID="Car_1266" speed="9.52" length="5.00" type="DEFAULT_CAR" occupancy="0.50"/>
    <instantOut id="235_D025" time="7953.25" state="enter" vehID="Car_4136" speed="8.23" length="5.00" type="DEFAULT_CAR" gap="5395.31"/>
    <instantOut id="235_D025" time="7953.50" state="stay" vehID="Car_4136" speed="8.23" length="5.00" type="DEFAULT_CAR"/>
    <instantOut id="235_D025" time="7953.75" state="stay" vehID="Car_4136" speed="7.56" length="5.00" type="DEFAULT_CAR"/>
    <instantOut id="235_D025" time="7953.90" state="leave" vehID="Car_4136" speed="7.26" length="5.00" type="DEFAULT_CAR" occupancy="0.64"/>
    <instantOut id="235_D025" time="10784.77" state="enter" vehID="Car_5425" speed="8.71" length="5.00" type="DEFAULT_CAR" gap="2830.88"/>
    <instantOut id="235_D025" time="10785.00" state="stay" vehID="Car_5425" speed="8.71" length="5.00" type="DEFAULT_CAR"/>
    <instantOut id="235_D025" time="10785.25" state="stay" vehID="Car_5425" speed="7.96" length="5.00" type="DEFAULT_CAR"/>
    <instantOut id="235_D025" time="10785.39" state="leave" vehID="Car_5425" speed="7.21" length="5.00" type="DEFAULT_CAR" occupancy="0.62"/>
    <instantOut id="235_D025" time="11694.23" state="enter" vehID="Car_6649" speed="9.49" length="5.00" type="DEFAULT_CAR" gap="908.84"/>
    <instantOut id="235_D025" time="11694.25" state="stay" vehID="Car_6649" speed="9.49" length="5.00" type="DEFAULT_CAR"/>
    <instantOut id="235_D025" time="11694.50" state="stay" vehID="Car_6649" speed="9.66" length="5.00" type="DEFAULT_CAR"/>
    <instantOut id="235_D025" time="11694.75" state="stay" vehID="Car_6649" speed="9.03" length="5.00" type="DEFAULT_CAR"/>
    <instantOut id="235_D025" time="11694.77" state="leave" vehID="Car_6649" speed="8.28" length="5.00" type="DEFAULT_CAR" occupancy="0.54"/>
    <instantOut id="235_D025" time="15328.73" state="enter" vehID="Car_8802" speed="10.84" length="5.00" type="DEFAULT_CAR" gap="3633.96"/>
    <instantOut id="235_D025" time="15328.75" state="stay" vehID="Car_8802" speed="10.84" length="5.00" type="DEFAULT_CAR"/>
    <instantOut id="235_D025" time="15329.00" state="stay" vehID="Car_8802" speed="10.09" length="5.00" type="DEFAULT_CAR"/>
    <instantOut id="235_D025" time="15329.24" state="leave" vehID="Car_8802" speed="9.34" length="5.00" type="DEFAULT_CAR" occupancy="0.51"/>
    <instantOut id="235_D025" time="15766.79" state="enter" vehID="Car_8643" speed="7.12" length="5.00" type="DEFAULT_CAR" gap="437.55"/>
    <instantOut id="235_D025" time="15767.00" state="stay" vehID="Car_8643" speed="7.12" length="5.00" type="DEFAULT_CAR"/>
    <instantOut id="235_D025" time="15767.25" state="stay" vehID="Car_8643" speed="6.37" length="5.00" type="DEFAULT_CAR"/>
    <instantOut id="235_D025" time="15767.50" state="stay" vehID="Car_8643" speed="5.62" length="5.00" type="DEFAULT_CAR"/>
    <instantOut id="235_D025" time="15767.60" state="leave" vehID="Car_8643" speed="4.87" length="5.00" type="DEFAULT_CAR" occupancy="0.81"/>
    <instantOut id="235_D025" time="18303.72" state="enter" vehID="Car_10454" speed="11.73" length="5.00" type="DEFAULT_CAR" gap="2536.11"/>
    <instantOut id="235_D025" time="18303.75" state="stay" vehID="Car_10454" speed="11.73" length="5.00" type="DEFAULT_CAR"/>
    <instantOut id="235_D025" time="18304.00" state="stay" vehID="Car_10454" speed="10.98" length="5.00" type="DEFAULT_CAR"/>
    <instantOut id="235_D025" time="18304.18" state="leave" vehID="Car_10454" speed="10.40" length="5.00" type="DEFAULT_CAR" occupancy="0.46"/>
    <instantOut id="235_D025" time="18346.99" state="enter" vehID="Car_10165" speed="8.41" length="5.00" type="DEFAULT_CAR" gap="42.81"/>
    <instantOut id="235_D025" time="18347.00" state="stay" vehID="Car_10165" speed="8.41" length="5.00" type="DEFAULT_CAR"/>
    <instantOut id="235_D025" time="18347.25" state="stay" vehID="Car_10165" speed="7.66" length="5.00" type="DEFAULT_CAR"/>
    <instantOut id="235_D025" time="18347.50" state="stay" vehID="Car_10165" speed="6.91" length="5.00" type="DEFAULT_CAR"/>
    <instantOut id="235_D025" time="18347.70" state="leave" vehID="Car_10165" speed="6.16" length="5.00" type="DEFAULT_CAR" occupancy="0.72"/>
    <instantOut id="235_D025" time="18618.22" state="enter" vehID="Car_10231" speed="10.11" length="5.00" type="DEFAULT_CAR" gap="270.52"/>
    <instantOut id="235_D025" time="18618.25" state="stay" vehID="Car_10231" speed="10.11" length="5.00" type="DEFAULT_CAR"/>
    <instantOut id="235_D025" time="18618.50" state="stay" vehID="Car_10231" speed="9.86" length="5.00" type="DEFAULT_CAR"/>
    <instantOut id="235_D025" time="18618.74" state="leave" vehID="Car_10231" speed="9.11" length="5.00" type="DEFAULT_CAR" occupancy="0.52"/>
    <instantOut id="235_D025" time="19966.97" state="enter" vehID="Car_11111" speed="8.78" length="5.00" type="DEFAULT_CAR" gap="1348.23"/>
    <instantOut id="235_D025" time="19967.00" state="stay" vehID="Car_11111" speed="8.78" length="5.00" type="DEFAULT_CAR"/>
    <instantOut id="235_D025" time="19967.25" state="stay" vehID="Car_11111" speed="8.03" length="5.00" type="DEFAULT_CAR"/>
    <instantOut id="235_D025" time="19967.50" state="stay" vehID="Car_11111" speed="7.33" length="5.00" type="DEFAULT_CAR"/>
    <instantOut id="235_D025" time="19967.64" state="leave" vehID="Car_11111" speed="6.58" length="5.00" type="DEFAULT_CAR" occupancy="0.67"/>
    <instantOut id="235_D025" time="20108.05" state="enter" vehID="Car_11113" speed="7.09" length="5.00" type="DEFAULT_CAR" gap="140.41"/>
    <instantOut id="235_D025" time="20108.25" state="stay" vehID="Car_11113" speed="7.09" length="5.00" type="DEFAULT_CAR"/>
    <instantOut id="235_D025" time="20108.50" state="stay" vehID="Car_11113" speed="6.34" length="5.00" type="DEFAULT_CAR"/>
    <instantOut id="235_D025" time="20108.75" state="stay" vehID="Car_11113" speed="5.88" length="5.00" type="DEFAULT_CAR"/>
    <instantOut id="235_D025" time="20108.85" state="leave" vehID="Car_11113" speed="5.19" length="5.00" type="DEFAULT_CAR" occupancy="0.80"/>
    <instantOut id="235_D025" time="21214.73" state="enter" vehID="Car_12135" speed="10.04" length="5.00" type="DEFAULT_CAR" gap="1105.88"/>
    <instantOut id="235_D025" time="21214.75" state="stay" vehID="Car_12135" speed="10.04" length="5.00" type="DEFAULT_CAR"/>
    <instantOut id="235_D025" time="21215.00" state="stay" vehID="Car_12135" speed="9.91" length="5.00" type="DEFAULT_CAR"/>
    <instantOut id="235_D025" time="21215.25" state="leave" vehID="Car_12135" speed="9.34" length="5.00" type="DEFAULT_CAR" occupancy="0.52"/>
    <instantOut id="235_D025" time="21527.99" state="enter" vehID="Car_12041" speed="8.65" length="5.00" type="DEFAULT_CAR" gap="312.74"/>
    <instantOut id="235_D025" time="21528.00" state="stay" vehID="Car_12041" speed="8.65" length="5.00" type="DEFAULT_CAR"/>
    <instantOut id="235_D025" time="21528.25" state="stay" vehID="Car_12041" speed="8.04" length="5.00" type="DEFAULT_CAR"/>
    <instantOut id="235_D025" time="21528.50" state="stay" vehID="Car_12041" speed="7.62" length="5.00" type="DEFAULT_CAR"/>
    <instantOut id="235_D025" time="21528.64" state="leave" vehID="Car_12041" speed="6.87" length="5.00" type="DEFAULT_CAR" occupancy="0.66"/>
    <instantOut id="235_D025" time="21656.48" state="enter" vehID="Car_12411" speed="8.76" length="5.00" type="DEFAULT_CAR" gap="127.83"/>
    <instantOut id="235_D025" time="21656.50" state="stay" vehID="Car_12411" speed="8.76" length="5.00" type="DEFAULT_CAR"/>
    <instantOut id="235_D025" time="21656.75" state="stay" vehID="Car_12411" speed="8.01" length="5.00" type="DEFAULT_CAR"/>
    <instantOut id="235_D025" time="21657.00" state="stay" vehID="Car_12411" speed="7.26" length="5.00" type="DEFAULT_CAR"/>
    <instantOut id="235_D025" time="21657.14" state="leave" vehID="Car_12411" speed="6.88" length="5.00" type="DEFAULT_CAR" occupancy="0.67"/>
    <instantOut id="235_D025" time="23959.73" state="enter" vehID="Car_13377" speed="9.16" length="5.00" type="DEFAULT_CAR" gap="2302.59"/>
    <instantOut id="235_D025" time="23959.75" state="stay" vehID="Car_13377" speed="9.16" length="5.00" type="DEFAULT_CAR"/>
    <instantOut id="235_D025" time="23960.00" state="stay" vehID="Car_13377" speed="8.51" length="5.00" type="DEFAULT_CAR"/>
    <instantOut id="235_D025" time="23960.25" state="stay" vehID="Car_13377" speed="7.82" length="5.00" type="DEFAULT_CAR"/>
    <instantOut id="235_D025" time="23960.36" state="leave" vehID="Car_13377" speed="7.07" length="5.00" type="DEFAULT_CAR" occupancy="0.63"/>
    <instantOut id="235_D025" time="24369.51" state="enter" vehID="Car_14014" speed="8.38" length="5.00" type="DEFAULT_CAR" gap="409.16"/>
    <instantOut id="235_D025" time="24369.75" state="stay" vehID="Car_14014" speed="8.38" length="5.00" type="DEFAULT_CAR"/>
    <instantOut id="235_D025" time="24370.00" state="stay" vehID="Car_14014" speed="7.63" length="5.00" type="DEFAULT_CAR"/>
    <instantOut id="235_D025" time="24370.15" state="leave" vehID="Car_14014" speed="7.38" length="5.00" type="DEFAULT_CAR" occupancy="0.64"/>
    <instantOut id="235_D025" time="24404.99" state="enter" vehID="Car_14016" speed="8.72" length="5.00" type="DEFAULT_CAR" gap="34.84"/>
    <instantOut id="235_D025" time="24405.00" state="stay" vehID="Car_14016" speed="8.72" length="5.00" type="DEFAULT_CAR"/>
    <instantOut id="235_D025" time="24405.25" state="stay" vehID="Car_14016" speed="8.33" length="5.00" type="DEFAULT_CAR"/>
    <instantOut id="235_D025" time="24405.50" state="stay" vehID="Car_14016" speed="7.58" length="5.00" type="DEFAULT_CAR"/>
    <instantOut id="235_D025" time="24405.63" state="leave" vehID="Car_14016" speed="6.83" length="5.00" type="DEFAULT_CAR" occupancy="0.65"/>
    <instantOut id="235_D025" time="25317.74" state="enter" vehID="Car_14599" speed="8.71" length="5.00" type="DEFAULT_CAR" gap="912.10"/>
    <instantOut id="235_D025" time="25317.75" state="stay" vehID="Car_14599" speed="8.71" length="5.00" type="DEFAULT_CAR"/>
    <instantOut id="235_D025" time="25318.00" state="stay" vehID="Car_14599" speed="7.96" length="5.00" type="DEFAULT_CAR"/>
    <instantOut id="235_D025" time="25318.25" state="stay" vehID="Car_14599" speed="7.63" length="5.00" type="DEFAULT_CAR"/>
    <instantOut id="235_D025" time="25318.39" state="leave" vehID="Car_14599" speed="6.88" length="5.00" type="DEFAULT_CAR" occupancy="0.66"/>
    <instantOut id="235_D025" time="26300.96" state="enter" vehID="Car_15362" speed="10.17" length="5.00" type="DEFAULT_CAR" gap="982.57"/>
    <instantOut id="235_D025" time="26301.00" state="stay" vehID="Car_15362" speed="10.17" length="5.00" type="DEFAULT_CAR"/>
    <instantOut id="235_D025" time="26301.25" state="stay" vehID="Car_15362" speed="10.06" length="5.00" type="DEFAULT_CAR"/>
    <instantOut id="235_D025" time="26301.47" state="leave" vehID="Car_15362" speed="9.64" length="5.00" type="DEFAULT_CAR" occupancy="0.51"/>
    <instantOut id="235_D025" time="28037.01" state="enter" vehID="Car_16946" speed="8.21" length="5.00" type="DEFAULT_CAR" gap="1735.54"/>
    <instantOut id="235_D025" time="28037.25" state="stay" vehID="Car_16946" speed="8.21" length="5.00" type="DEFAULT_CAR"/>
    <instantOut id="235_D025" time="28037.50" state="stay" vehID="Car_16946" speed="7.55" length="5.00" type="DEFAULT_CAR"/>
    <instantOut id="235_D025" time="28037.66" state="leave" vehID="Car_16946" speed="6.80" length="5.00" type="DEFAULT_CAR" occupancy="0.66"/>
    <instantOut id="235_D025" time="29794.67" state="enter" vehID="Car_17943" speed="10.19" length="5.00" type="DEFAULT_CAR" gap="1757.01"/>
    <instantOut id="235_D025" time="29794.75" state="stay" vehID="Car_17943" speed="10.19" length="5.00" type="DEFAULT_CAR"/>
    <instantOut id="235_D025" time="29795.00" state="stay" vehID="Car_17943" speed="10.13" length="5.00" type="DEFAULT_CAR"/>
    <instantOut id="235_D025" time="29795.18" state="leave" vehID="Car_17943" speed="9.38" length="5.00" type="DEFAULT_CAR" occupancy="0.51"/>
    <instantOut id="235_D025" time="31074.97" state="enter" vehID="Car_18323" speed="9.41" length="5.00" type="DEFAULT_CAR" gap="1279.79"/>
    <instantOut id="235_D025" time="31075.00" state="stay" vehID="Car_18323" speed="9.41" length="5.00" type="DEFAULT_CAR"/>
    <instantOut id="235_D025" time="31075.25" state="stay" vehID="Car_18323" speed="8.66" length="5.00" type="DEFAULT_CAR"/>
    <instantOut id="235_D025" time="31075.50" state="stay" vehID="Car_18323" speed="7.91" length="5.00" type="DEFAULT_CAR"/>
    <instantOut id="235_D025" time="31075.58" state="leave" vehID="Car_18323" speed="7.16" length="5.00" type="DEFAULT_CAR" occupancy="0.61"/>
    <instantOut id="235_D025" time="31150.52" state="enter" vehID="Car_18424" speed="8.40" length="5.00" type="DEFAULT_CAR" gap="74.94"/>
    <instantOut id="235_D025" time="31150.75" state="stay" vehID="Car_18424" speed="8.40" length="5.00" type="DEFAULT_CAR"/>
    <instantOut id="235_D025" time="31151.00" state="stay" vehID="Car_18424" speed="8.09" length="5.00" type="DEFAULT_CAR"/>
    <instantOut id="235_D025" time="31151.14" state="leave" vehID="Car_18424" speed="7.35" length="5.00" type="DEFAULT_CAR" occupancy="0.62"/>
    <instantOut id="235_D025" time="32816.50" state="enter" vehID="Car_19375" speed="8.04" length="5.00" type="DEFAULT_CAR" gap="1665.36"/>
    <instantOut id="235_D025" time="32816.75" state="stay" vehID="Car_19375" speed="8.04" length="5.00" type="DEFAULT_CAR"/>
    <instantOut id="235_D025" time="32817.00" state="stay" vehID="Car_19375" speed="7.29" length="5.00" type="DEFAULT_CAR"/>
    <instantOut id="235_D025" time="32817.18" state="leave" vehID="Car_19375" speed="6.54" length="5.00" type="DEFAULT_CAR" occupancy="0.68"/>
    <instantOut id="235_D025" time="33627.73" state="enter" vehID="Car_20046" speed="8.88" length="5.00" type="DEFAULT_CAR" gap="810.55"/>
    <instantOut id="235_D025" time="33627.75" state="stay" vehID="Car_20046" speed="8.88" length="5.00" type="DEFAULT_CAR"/>
    <instantOut id="235_D025" time="33628.00" state="stay" vehID="Car_20046" speed="8.13" length="5.00" type="DEFAULT_CAR"/>
    <instantOut id="235_D025" time="33628.25" state="stay" vehID="Car_20046" speed="7.38" length="5.00" type="DEFAULT_CAR"/>
    <instantOut id="235_D025" time="33628.39" state="leave" vehID="Car_20046" speed="6.89" length="5.00" type="DEFAULT_CAR" occupancy="0.66"/>
    <instantOut id="235_D025" time="36988.00" state="enter" vehID="Car_22099" speed="9.12" length="5.00" type="DEFAULT_CAR" gap="3359.61"/>
    <instantOut id="235_D025" time="36988.00" state="stay" vehID="Car_22099" speed="9.12" length="5.00" type="DEFAULT_CAR"/>
    <instantOut id="235_D025" time="36988.25" state="stay" vehID="Car_22099" speed="8.37" length="5.00" type="DEFAULT_CAR"/>
    <instantOut id="235_D025" time="36988.50" state="stay" vehID="Car_22099" speed="7.64" length="5.00" type="DEFAULT_CAR"/>
    <instantOut id="235_D025" time="36988.64" state="leave" vehID="Car_22099" speed="6.89" length="5.00" type="DEFAULT_CAR" occupancy="0.64"/>
    <instantOut id="235_D025" time="42282.31" state="enter" vehID="Car_23842" speed="7.28" length="5.00" type="DEFAULT_CAR" gap="5293.67"/>
    <instantOut id="235_D025" time="42282.50" state="stay" vehID="Car_23842" speed="7.28" length="5.00" type="DEFAULT_CAR"/>
    <instantOut id="235_D025" time="42282.75" state="stay" vehID="Car_23842" speed="6.53" length="5.00" type="DEFAULT_CAR"/>
    <instantOut id="235_D025" time="42283.00" state="stay" vehID="Car_23842" speed="5.84" length="5.00" type="DEFAULT_CAR"/>
    <instantOut id="235_D025" time="42283.10" state="leave" vehID="Car_23842" speed="5.14" length="5.00" type="DEFAULT_CAR" occupancy="0.79"/>
    <instantOut id="235_D025" time="43111.48" state="enter" vehID="Car_23750" speed="9.40" length="5.00" type="DEFAULT_CAR" gap="828.38"/>
    <instantOut id="235_D025" time="43111.50" state="stay" vehID="Car_23750" speed="9.40" length="5.00" type="DEFAULT_CAR"/>
    <instantOut id="235_D025" time="43111.75" state="stay" vehID="Car_23750" speed="8.65" length="5.00" type="DEFAULT_CAR"/>
    <instantOut id="235_D025" time="43112.00" state="stay" vehID="Car_23750" speed="7.90" length="5.00" type="DEFAULT_CAR"/>
    <instantOut id="235_D025" time="43112.10" state="leave" vehID="Car_23750" speed="7.15" length="5.00" type="DEFAULT_CAR" occupancy="0.61"/>
    <instantOut id="235_D025" time="43172.74" state="enter" vehID="Car_24035" speed="6.87" length="5.00" type="DEFAULT_CAR" gap="60.64"/>
    <instantOut id="235_D025" time="43172.75" state="stay" vehID="Car_24035" speed="6.87" length="5.00" type="DEFAULT_CAR"/>
    <instantOut id="235_D025" time="43173.00" state="stay" vehID="Car_24035" speed="6.33" length="5.00" type="DEFAULT_CAR"/>
    <instantOut id="235_D025" time="43173.25" state="stay" vehID="Car_24035" speed="5.69" length="5.00" type="DEFAULT_CAR"/>
    <instantOut id="235_D025" time="43173.50" state="stay" vehID="Car_24035" speed="4.94" length="5.00" type="DEFAULT_CAR"/>
    <instantOut id="235_D025" time="43173.66" state="leave" vehID="Car_24035" speed="4.32" length="5.00" type="DEFAULT_CAR" occupancy="0.92"/>
    <instantOut id="235_D025" time="43225.71" state="enter" vehID="Car_24292" speed="7.34" length="5.00" type="DEFAULT_CAR" gap="52.05"/>
    <instantOut id="235_D025" time="43225.75" state="stay" vehID="Car_24292" speed="7.34" length="5.00" type="DEFAULT_CAR"/>
    <instantOut id="235_D025" time="43226.00" state="stay" vehID="Car_24292" speed="6.59" length="5.00" type="DEFAULT_CAR"/>
    <instantOut id="235_D025" time="43226.25" state="stay" vehID="Car_24292" speed="5.84" length="5.00" type="DEFAULT_CAR"/>
    <instantOut id="235_D025" time="43226.50" state="stay" vehID="Car_24292" speed="5.09" length="5.00" type="DEFAULT_CAR"/>
    <instantOut id="235_D025" time="43226.58" state="leave" vehID="Car_24292" speed="4.34" length="5.00" type="DEFAULT_CAR" occupancy="0.87"/>
</instantE1>
