<?xml version="1.0" encoding="UTF-8"?>

<!-- generated on 2025-02-28 17:45:01 by Eclipse SUMO GUI Version 1.19.0
<configuration xmlns:xsi="http://www.w3.org/2001/XMLSchema-instance" xsi:noNamespaceSchemaLocation="http://sumo.dlr.de/xsd/sumoConfiguration.xsd">

    <input>
        <net-file value="Network.net.xml"/>
        <route-files value="CarRoutes.rou.xml"/>
        <additional-files value="Sensors.add.xml"/>
    </input>

    <output>
        <emission-output value="logs/Emissions.xml"/>
        <summary-output value="logs/Log_summary.xml"/>
        <summary-output.period value="300"/>
        <tripinfo-output value="logs/TripInfos.xml"/>
    </output>

    <time>
        <begin value="0"/>
        <end value="86400"/>
        <step-length value="0.25"/>
    </time>

    <processing>
        <ignore-junction-blocker value="0.1"/>
        <time-to-teleport value="-1"/>
    </processing>

    <report>
        <verbose value="true"/>
        <no-step-log value="true"/>
    </report>

    <emissions>
        <device.emissions.period value="10"/>
    </emissions>

    <traci_server>
        <remote-port value="57954"/>
    </traci_server>

    <gui_only>
        <quit-on-end value="true"/>
        <start value="true"/>
    </gui_only>

</configuration>
-->

<instantE1 xmlns:xsi="http://www.w3.org/2001/XMLSchema-instance" xsi:noNamespaceSchemaLocation="http://sumo.dlr.de/xsd/instant_e1_file.xsd">
    <instantOut id="235_D025" time="1000.30" state="enter" vehID="Car_1005" speed="10.03" length="5.00" type="DEFAULT_CAR"/>
    <instantOut id="235_D025" time="1000.50" state="stay" vehID="Car_1005" speed="10.03" length="5.00" type="DEFAULT_CAR"/>
    <instantOut id="235_D025" time="1000.75" state="stay" vehID="Car_1005" speed="10.19" length="5.00" type="DEFAULT_CAR"/>
    <instantOut id="235_D025" time="1000.80" state="leave" vehID="Car_1005" speed="9.44" length="5.00" type="DEFAULT_CAR" occupancy="0.50"/>
    <instantOut id="235_D025" time="2081.02" state="enter" vehID="Car_1153" speed="8.21" length="5.00" type="DEFAULT_CAR" gap="1080.22"/>
    <instantOut id="235_D025" time="2081.25" state="stay" vehID="Car_1153" speed="8.21" length="5.00" type="DEFAULT_CAR"/>
    <instantOut id="235_D025" time="2081.50" state="stay" vehID="Car_1153" speed="7.60" length="5.00" type="DEFAULT_CAR"/>
    <instantOut id="235_D025" time="2081.67" state="leave" vehID="Car_1153" speed="6.95" length="5.00" type="DEFAULT_CAR" occupancy="0.65"/>
    <instantOut id="235_D025" time="7254.97" state="enter" vehID="Car_3878" speed="7.10" length="5.00" type="DEFAULT_CAR" gap="5173.29"/>
    <instantOut id="235_D025" time="7255.00" state="stay" vehID="Car_3878" speed="7.10" length="5.00" type="DEFAULT_CAR"/>
    <instantOut id="235_D025" time="7255.25" state="stay" vehID="Car_3878" speed="7.11" length="5.00" type="DEFAULT_CAR"/>
    <instantOut id="235_D025" time="7255.50" state="stay" vehID="Car_3878" speed="6.36" length="5.00" type="DEFAULT_CAR"/>
    <instantOut id="235_D025" time="7255.75" state="leave" vehID="Car_3878" speed="5.61" length="5.00" type="DEFAULT_CAR" occupancy="0.78"/>
    <instantOut id="235_D025" time="7681.74" state="enter" vehID="Car_3901" speed="9.78" length="5.00" type="DEFAULT_CAR" gap="425.99"/>
    <instantOut id="235_D025" time="7681.75" state="stay" vehID="Car_3901" speed="9.78" length="5.00" type="DEFAULT_CAR"/>
    <instantOut id="235_D025" time="7682.00" state="stay" vehID="Car_3901" speed="9.57" length="5.00" type="DEFAULT_CAR"/>
    <instantOut id="235_D025" time="7682.25" state="stay" vehID="Car_3901" speed="8.82" length="5.00" type="DEFAULT_CAR"/>
    <instantOut id="235_D025" time="7682.28" state="leave" vehID="Car_3901" speed="8.07" length="5.00" type="DEFAULT_CAR" occupancy="0.55"/>
    <instantOut id="235_D025" time="8037.72" state="enter" vehID="Car_4562" speed="9.81" length="5.00" type="DEFAULT_CAR" gap="355.44"/>
    <instantOut id="235_D025" time="8037.75" state="stay" vehID="Car_4562" speed="9.81" length="5.00" type="DEFAULT_CAR"/>
    <instantOut id="235_D025" time="8038.00" state="stay" vehID="Car_4562" speed="9.80" length="5.00" type="DEFAULT_CAR"/>
    <instantOut id="235_D025" time="8038.24" state="leave" vehID="Car_4562" speed="9.37" length="5.00" type="DEFAULT_CAR" occupancy="0.52"/>
    <instantOut id="235_D025" time="10285.98" state="enter" vehID="Car_5410" speed="8.68" length="5.00" type="DEFAULT_CAR" gap="2247.74"/>
    <instantOut id="235_D025" time="10286.00" state="stay" vehID="Car_5410" speed="8.68" length="5.00" type="DEFAULT_CAR"/>
    <instantOut id="235_D025" time="10286.25" state="stay" vehID="Car_5410" speed="8.16" length="5.00" type="DEFAULT_CAR"/>
    <instantOut id="235_D025" time="10286.50" state="stay" vehID="Car_5410" speed="7.41" length="5.00" type="DEFAULT_CAR"/>
    <instantOut id="235_D025" time="10286.64" state="leave" vehID="Car_5410" speed="6.85" length="5.00" type="DEFAULT_CAR" occupancy="0.66"/>
    <instantOut id="235_D025" time="12927.05" state="enter" vehID="Car_6896" speed="6.99" length="5.00" type="DEFAULT_CAR" gap="2640.42"/>
    <instantOut id="235_D025" time="12927.25" state="stay" vehID="Car_6896" speed="6.99" length="5.00" type="DEFAULT_CAR"/>
    <instantOut id="235_D025" time="12927.50" state="stay" vehID="Car_6896" speed="6.35" length="5.00" type="DEFAULT_CAR"/>
    <instantOut id="235_D025" time="12927.75" state="stay" vehID="Car_6896" speed="5.60" length="5.00" type="DEFAULT_CAR"/>
    <instantOut id="235_D025" time="12927.88" state="leave" vehID="Car_6896" speed="4.85" length="5.00" type="DEFAULT_CAR" occupancy="0.83"/>
    <instantOut id="235_D025" time="13525.99" state="enter" vehID="Car_7915" speed="7.43" length="5.00" type="DEFAULT_CAR" gap="598.11"/>
    <instantOut id="235_D025" time="13526.00" state="stay" vehID="Car_7915" speed="7.43" length="5.00" type="DEFAULT_CAR"/>
    <instantOut id="235_D025" time="13526.25" state="stay" vehID="Car_7915" speed="6.68" length="5.00" type="DEFAULT_CAR"/>
    <instantOut id="235_D025" time="13526.50" state="stay" vehID="Car_7915" speed="6.04" length="5.00" type="DEFAULT_CAR"/>
    <instantOut id="235_D025" time="13526.75" state="stay" vehID="Car_7915" speed="5.41" length="5.00" type="DEFAULT_CAR"/>
    <instantOut id="235_D025" time="13526.84" state="leave" vehID="Car_7915" speed="4.66" length="5.00" type="DEFAULT_CAR" occupancy="0.85"/>
    <instantOut id="235_D025" time="14000.67" state="enter" vehID="Car_7874" speed="7.33" length="5.00" type="DEFAULT_CAR" gap="473.83"/>
    <instantOut id="235_D025" time="14000.75" state="stay" vehID="Car_7874" speed="7.33" length="5.00" type="DEFAULT_CAR"/>
    <instantOut id="235_D025" time="14001.00" state="stay" vehID="Car_7874" speed="8.08" length="5.00" type="DEFAULT_CAR"/>
    <instantOut id="235_D025" time="14001.25" state="stay" vehID="Car_7874" speed="8.62" length="5.00" type="DEFAULT_CAR"/>
    <instantOut id="235_D025" time="14001.28" state="leave" vehID="Car_7874" speed="9.46" length="5.00" type="DEFAULT_CAR" occupancy="0.61"/>
    <instantOut id="235_D025" time="14028.27" state="enter" vehID="Car_7703" speed="8.58" length="5.00" type="DEFAULT_CAR" gap="26.99"/>
    <instantOut id="235_D025" time="14028.50" state="stay" vehID="Car_7703" speed="8.58" length="5.00" type="DEFAULT_CAR"/>
    <instantOut id="235_D025" time="14028.75" state="stay" vehID="Car_7703" speed="7.93" length="5.00" type="DEFAULT_CAR"/>
    <instantOut id="235_D025" time="14028.89" state="leave" vehID="Car_7703" speed="7.18" length="5.00" type="DEFAULT_CAR" occupancy="0.62"/>
    <instantOut id="235_D025" time="16172.24" state="enter" vehID="Car_8806" speed="8.86" length="5.00" type="DEFAULT_CAR" gap="2143.35"/>
    <instantOut id="235_D025" time="16172.25" state="stay" vehID="Car_8806" speed="8.86" length="5.00" type="DEFAULT_CAR"/>
    <instantOut id="235_D025" time="16172.50" state="stay" vehID="Car_8806" speed="8.25" length="5.00" type="DEFAULT_CAR"/>
    <instantOut id="235_D025" time="16172.75" state="stay" vehID="Car_8806" speed="7.65" length="5.00" type="DEFAULT_CAR"/>
    <instantOut id="235_D025" time="16172.89" state="leave" vehID="Car_8806" speed="6.93" length="5.00" type="DEFAULT_CAR" occupancy="0.65"/>
    <instantOut id="235_D025" time="16339.47" state="enter" vehID="Car_9270" speed="9.78" length="5.00" type="DEFAULT_CAR" gap="166.58"/>
    <instantOut id="235_D025" time="16339.50" state="stay" vehID="Car_9270" speed="9.78" length="5.00" type="DEFAULT_CAR"/>
    <instantOut id="235_D025" time="16339.75" state="stay" vehID="Car_9270" speed="9.03" length="5.00" type="DEFAULT_CAR"/>
    <instantOut id="235_D025" time="16340.00" state="stay" vehID="Car_9270" speed="8.28" length="5.00" type="DEFAULT_CAR"/>
    <instantOut id="235_D025" time="16340.05" state="leave" vehID="Car_9270" speed="7.53" length="5.00" type="DEFAULT_CAR" occupancy="0.58"/>
    <instantOut id="235_D025" time="19511.16" state="enter" vehID="Car_10856" speed="6.69" length="5.00" type="DEFAULT_CAR" gap="3171.12"/>
    <instantOut id="235_D025" time="19511.25" state="stay" vehID="Car_10856" speed="6.69" length="5.00" type="DEFAULT_CAR"/>
    <instantOut id="235_D025" time="19511.50" state="stay" vehID="Car_10856" speed="5.94" length="5.00" type="DEFAULT_CAR"/>
    <instantOut id="235_D025" time="19511.75" state="stay" vehID="Car_10856" speed="5.52" length="5.00" type="DEFAULT_CAR"/>
    <instantOut id="235_D025" time="19512.00" state="stay" vehID="Car_10856" speed="4.77" length="5.00" type="DEFAULT_CAR"/>
    <instantOut id="235_D025" time="19512.09" state="leave" vehID="Car_10856" speed="4.04" length="5.00" type="DEFAULT_CAR" occupancy="0.93"/>
    <instantOut id="235_D025" time="22487.06" state="enter" vehID="Car_12844" speed="7.13" length="5.00" type="DEFAULT_CAR" gap="2974.97"/>
    <instantOut id="235_D025" time="22487.25" state="stay" vehID="Car_12844" speed="7.13" length="5.00" type="DEFAULT_CAR"/>
    <instantOut id="235_D025" time="22487.50" state="stay" vehID="Car_12844" speed="7.84" length="5.00" type="DEFAULT_CAR"/>
    <instantOut id="235_D025" time="22487.70" state="leave" vehID="Car_12844" speed="8.33" length="5.00" type="DEFAULT_CAR" occupancy="0.64"/>
    <instantOut id="235_D025" time="23597.24" state="enter" vehID="Car_13304" speed="8.47" length="5.00" type="DEFAULT_CAR" gap="1109.54"/>
    <instantOut id="235_D025" time="23597.25" state="stay" vehID="Car_13304" speed="8.47" length="5.00" type="DEFAULT_CAR"/>
    <instantOut id="235_D025" time="23597.50" state="stay" vehID="Car_13304" speed="7.76" length="5.00" type="DEFAULT_CAR"/>
    <instantOut id="235_D025" time="23597.75" state="stay" vehID="Car_13304" speed="7.01" length="5.00" type="DEFAULT_CAR"/>
    <instantOut id="235_D025" time="23597.95" state="leave" vehID="Car_13304" speed="6.26" length="5.00" type="DEFAULT_CAR" occupancy="0.71"/>
    <instantOut id="235_D025" time="25556.45" state="enter" vehID="Car_14678" speed="9.66" length="5.00" type="DEFAULT_CAR" gap="1958.51"/>
    <instantOut id="235_D025" time="25556.50" state="stay" vehID="Car_14678" speed="9.66" length="5.00" type="DEFAULT_CAR"/>
    <instantOut id="235_D025" time="25556.75" state="stay" vehID="Car_14678" speed="10.44" length="5.00" type="DEFAULT_CAR"/>
    <instantOut id="235_D025" time="25556.95" state="leave" vehID="Car_14678" speed="9.89" length="5.00" type="DEFAULT_CAR" occupancy="0.49"/>
    <instantOut id="235_D025" time="25756.83" state="enter" vehID="Car_14644" speed="7.32" length="5.00" type="DEFAULT_CAR" gap="199.89"/>
    <instantOut id="235_D025" time="25757.00" state="stay" vehID="Car_14644" speed="7.32" length="5.00" type="DEFAULT_CAR"/>
    <instantOut id="235_D025" time="25757.25" state="stay" vehID="Car_14644" speed="6.57" length="5.00" type="DEFAULT_CAR"/>
    <instantOut id="235_D025" time="25757.50" state="stay" vehID="Car_14644" speed="5.82" length="5.00" type="DEFAULT_CAR"/>
    <instantOut id="235_D025" time="25757.64" state="leave" vehID="Car_14644" speed="5.07" length="5.00" type="DEFAULT_CAR" occupancy="0.80"/>
    <instantOut id="235_D025" time="30258.53" state="enter" vehID="Car_17890" speed="7.33" length="5.00" type="DEFAULT_CAR" gap="4500.89"/>
    <instantOut id="235_D025" time="30258.75" state="stay" vehID="Car_17890" speed="7.33" length="5.00" type="DEFAULT_CAR"/>
    <instantOut id="235_D025" time="30259.00" state="stay" vehID="Car_17890" speed="6.58" length="5.00" type="DEFAULT_CAR"/>
    <instantOut id="235_D025" time="30259.25" state="stay" vehID="Car_17890" speed="5.83" length="5.00" type="DEFAULT_CAR"/>
    <instantOut id="235_D025" time="30259.30" state="leave" vehID="Car_17890" speed="5.18" length="5.00" type="DEFAULT_CAR" occupancy="0.77"/>
    <instantOut id="235_D025" time="30413.47" state="enter" vehID="Car_17673" speed="9.93" length="5.00" type="DEFAULT_CAR" gap="154.17"/>
    <instantOut id="235_D025" time="30413.50" state="stay" vehID="Car_17673" speed="9.93" length="5.00" type="DEFAULT_CAR"/>
    <instantOut id="235_D025" time="30413.75" state="stay" vehID="Car_17673" speed="9.50" length="5.00" type="DEFAULT_CAR"/>
    <instantOut id="235_D025" time="30414.00" state="stay" vehID="Car_17673" speed="8.76" length="5.00" type="DEFAULT_CAR"/>
    <instantOut id="235_D025" time="30414.01" state="leave" vehID="Car_17673" speed="8.28" length="5.00" type="DEFAULT_CAR" occupancy="0.55"/>
    <instantOut id="235_D025" time="31471.46" state="enter" vehID="Car_18815" speed="9.93" length="5.00" type="DEFAULT_CAR" gap="1057.45"/>
    <instantOut id="235_D025" time="31471.50" state="stay" vehID="Car_18815" speed="9.93" length="5.00" type="DEFAULT_CAR"/>
    <instantOut id="235_D025" time="31471.75" state="stay" vehID="Car_18815" speed="10.51" length="5.00" type="DEFAULT_CAR"/>
    <instantOut id="235_D025" time="31471.94" state="leave" vehID="Car_18815" speed="10.54" length="5.00" type="DEFAULT_CAR" occupancy="0.48"/>
    <instantOut id="235_D025" time="35912.96" state="enter" vehID="Car_20920" speed="9.53" length="5.00" type="DEFAULT_CAR" gap="4441.02"/>
    <instantOut id="235_D025" time="35913.00" state="stay" vehID="Car_20920" speed="9.53" length="5.00" type="DEFAULT_CAR"/>
    <instantOut id="235_D025" time="35913.25" state="stay" vehID="Car_20920" speed="10.38" length="5.00" type="DEFAULT_CAR"/>
    <instantOut id="235_D025" time="35913.45" state="leave" vehID="Car_20920" speed="10.17" length="5.00" type="DEFAULT_CAR" occupancy="0.49"/>
    <instantOut id="235_D025" time="36289.22" state="enter" vehID="Car_21229" speed="8.87" length="5.00" type="DEFAULT_CAR" gap="375.77"/>
    <instantOut id="235_D025" time="36289.25" state="stay" vehID="Car_21229" speed="8.87" length="5.00" type="DEFAULT_CAR"/>
    <instantOut id="235_D025" time="36289.50" state="stay" vehID="Car_21229" speed="8.12" length="5.00" type="DEFAULT_CAR"/>
    <instantOut id="235_D025" time="36289.75" state="stay" vehID="Car_21229" speed="7.37" length="5.00" type="DEFAULT_CAR"/>
    <instantOut id="235_D025" time="36289.88" state="leave" vehID="Car_21229" speed="6.62" length="5.00" type="DEFAULT_CAR" occupancy="0.66"/>
    <instantOut id="235_D025" time="36544.76" state="enter" vehID="Car_21674" speed="7.34" length="5.00" type="DEFAULT_CAR" gap="254.88"/>
    <instantOut id="235_D025" time="36545.00" state="stay" vehID="Car_21674" speed="7.34" length="5.00" type="DEFAULT_CAR"/>
    <instantOut id="235_D025" time="36545.25" state="stay" vehID="Car_21674" speed="6.64" length="5.00" type="DEFAULT_CAR"/>
    <instantOut id="235_D025" time="36545.50" state="stay" vehID="Car_21674" speed="5.89" length="5.00" type="DEFAULT_CAR"/>
    <instantOut id="235_D025" time="36545.53" state="leave" vehID="Car_21674" speed="5.14" length="5.00" type="DEFAULT_CAR" occupancy="0.76"/>
    <instantOut id="235_D025" time="37436.24" state="enter" vehID="Car_22097" speed="9.54" length="5.00" type="DEFAULT_CAR" gap="890.72"/>
    <instantOut id="235_D025" time="37436.25" state="stay" vehID="Car_22097" speed="9.54" length="5.00" type="DEFAULT_CAR"/>
    <instantOut id="235_D025" time="37436.50" state="stay" vehID="Car_22097" speed="10.11" length="5.00" type="DEFAULT_CAR"/>
    <instantOut id="235_D025" time="37436.72" state="leave" vehID="Car_22097" speed="10.92" length="5.00" type="DEFAULT_CAR" occupancy="0.48"/>
    <instantOut id="235_D025" time="39242.08" state="enter" vehID="Car_22647" speed="7.37" length="5.00" type="DEFAULT_CAR" gap="1805.36"/>
    <instantOut id="235_D025" time="39242.25" state="stay" vehID="Car_22647" speed="7.37" length="5.00" type="DEFAULT_CAR"/>
    <instantOut id="235_D025" time="39242.50" state="stay" vehID="Car_22647" speed="6.62" length="5.00" type="DEFAULT_CAR"/>
    <instantOut id="235_D025" time="39242.75" state="stay" vehID="Car_22647" speed="5.87" length="5.00" type="DEFAULT_CAR"/>
    <instantOut id="235_D025" time="39242.87" state="leave" vehID="Car_22647" speed="5.12" length="5.00" type="DEFAULT_CAR" occupancy="0.79"/>
    <instantOut id="235_D025" time="39783.98" state="enter" vehID="Car_22831" speed="9.22" length="5.00" type="DEFAULT_CAR" gap="541.11"/>
    <instantOut id="235_D025" time="39784.00" state="stay" vehID="Car_22831" speed="9.22" length="5.00" type="DEFAULT_CAR"/>
    <instantOut id="235_D025" time="39784.25" state="stay" vehID="Car_22831" speed="9.71" length="5.00" type="DEFAULT_CAR"/>
    <instantOut id="235_D025" time="39784.47" state="leave" vehID="Car_22831" speed="10.54" length="5.00" type="DEFAULT_CAR" occupancy="0.50"/>
    <instantOut id="235_D025" time="42123.97" state="enter" vehID="Car_23477" speed="10.18" length="5.00" type="DEFAULT_CAR" gap="2339.49"/>
    <instantOut id="235_D025" time="42124.00" state="stay" vehID="Car_23477" speed="10.18" length="5.00" type="DEFAULT_CAR"/>
    <instantOut id="235_D025" time="42124.25" state="stay" vehID="Car_23477" speed="10.79" length="5.00" type="DEFAULT_CAR"/>
    <instantOut id="235_D025" time="42124.44" state="leave" vehID="Car_23477" speed="10.09" length="5.00" type="DEFAULT_CAR" occupancy="0.48"/>
    <instantOut id="235_D025" time="44644.74" state="enter" vehID="Car_24505" speed="8.57" length="5.00" type="DEFAULT_CAR" gap="2520.30"/>
    <instantOut id="235_D025" time="44644.75" state="stay" vehID="Car_24505" speed="8.57" length="5.00" type="DEFAULT_CAR"/>
    <instantOut id="235_D025" time="44645.00" state="stay" vehID="Car_24505" speed="8.02" length="5.00" type="DEFAULT_CAR"/>
    <instantOut id="235_D025" time="44645.25" state="stay" vehID="Car_24505" speed="7.49" length="5.00" type="DEFAULT_CAR"/>
    <instantOut id="235_D025" time="44645.40" state="leave" vehID="Car_24505" speed="7.13" length="5.00" type="DEFAULT_CAR" occupancy="0.66"/>
</instantE1>
