<?xml version="1.0" encoding="UTF-8"?>

<!-- generated on 2025-02-24 17:47:11 by Eclipse SUMO GUI Version 1.19.0
<configuration xmlns:xsi="http://www.w3.org/2001/XMLSchema-instance" xsi:noNamespaceSchemaLocation="http://sumo.dlr.de/xsd/sumoConfiguration.xsd">

    <input>
        <net-file value="Network.net.xml"/>
        <route-files value="CarRoutes.rou.xml,BusRoutes.rou.xml"/>
        <additional-files value="BusStops.add.xml,Sensors_dfrouter.add.xml"/>
    </input>

    <output>
        <emission-output value="logs/Emissions.xml"/>
        <tripinfo-output value="logs/TripInfos.xml"/>
    </output>

    <time>
        <begin value="0"/>
        <end value="86400"/>
        <step-length value="0.25"/>
    </time>

    <processing>
        <ignore-junction-blocker value="0.1"/>
        <time-to-teleport value="-1"/>
    </processing>

    <emissions>
        <device.emissions.period value="10"/>
    </emissions>

    <traci_server>
        <remote-port value="61971"/>
    </traci_server>

    <gui_only>
        <quit-on-end value="true"/>
        <start value="true"/>
    </gui_only>

</configuration>
-->

<detector xmlns:xsi="http://www.w3.org/2001/XMLSchema-instance" xsi:noNamespaceSchemaLocation="http://sumo.dlr.de/xsd/det_e1_file.xsd">
    <interval begin="0.00" end="900.00" id="211_D015" nVehContrib="78" flow="312.00" occupancy="9.39" speed="6.67" harmonicMeanSpeed="4.62" length="5.00" nVehEntered="78"/>
    <interval begin="900.00" end="1800.00" id="211_D015" nVehContrib="80" flow="320.00" occupancy="6.09" speed="7.32" harmonicMeanSpeed="7.30" length="5.00" nVehEntered="80"/>
    <interval begin="1800.00" end="2700.00" id="211_D015" nVehContrib="74" flow="296.00" occupancy="6.49" speed="7.09" harmonicMeanSpeed="6.33" length="5.00" nVehEntered="74"/>
    <interval begin="2700.00" end="3600.00" id="211_D015" nVehContrib="65" flow="260.00" occupancy="7.17" speed="6.89" harmonicMeanSpeed="5.04" length="5.00" nVehEntered="65"/>
    <interval begin="3600.00" end="4500.00" id="211_D015" nVehContrib="85" flow="340.00" occupancy="11.57" speed="6.07" harmonicMeanSpeed="4.08" length="5.00" nVehEntered="85"/>
    <interval begin="4500.00" end="5400.00" id="211_D015" nVehContrib="73" flow="292.00" occupancy="5.63" speed="7.25" harmonicMeanSpeed="7.21" length="5.00" nVehEntered="73"/>
    <interval begin="5400.00" end="6300.00" id="211_D015" nVehContrib="73" flow="292.00" occupancy="5.56" speed="7.33" harmonicMeanSpeed="7.30" length="5.00" nVehEntered="73"/>
    <interval begin="6300.00" end="7200.00" id="211_D015" nVehContrib="94" flow="376.00" occupancy="9.85" speed="6.68" harmonicMeanSpeed="5.30" length="5.00" nVehEntered="94"/>
    <interval begin="7200.00" end="8100.00" id="211_D015" nVehContrib="87" flow="348.00" occupancy="7.09" speed="7.28" harmonicMeanSpeed="6.81" length="5.00" nVehEntered="87"/>
    <interval begin="8100.00" end="9000.00" id="211_D015" nVehContrib="88" flow="352.00" occupancy="7.31" speed="7.20" harmonicMeanSpeed="7.15" length="5.00" nVehEntered="89"/>
    <interval begin="9000.00" end="9900.00" id="211_D015" nVehContrib="102" flow="408.00" occupancy="9.63" speed="7.18" harmonicMeanSpeed="5.63" length="5.00" nVehEntered="102"/>
    <interval begin="9900.00" end="10800.00" id="211_D015" nVehContrib="97" flow="388.00" occupancy="8.48" speed="6.63" harmonicMeanSpeed="6.32" length="5.00" nVehEntered="96"/>
    <interval begin="10800.00" end="11700.00" id="211_D015" nVehContrib="100" flow="400.00" occupancy="8.89" speed="7.13" harmonicMeanSpeed="6.25" length="5.00" nVehEntered="100"/>
    <interval begin="11700.00" end="12600.00" id="211_D015" nVehContrib="100" flow="400.00" occupancy="7.87" speed="7.29" harmonicMeanSpeed="7.12" length="5.00" nVehEntered="101"/>
    <interval begin="12600.00" end="13500.00" id="211_D015" nVehContrib="92" flow="368.00" occupancy="8.56" speed="7.07" harmonicMeanSpeed="5.93" length="5.00" nVehEntered="91"/>
    <interval begin="13500.00" end="14400.00" id="211_D015" nVehContrib="103" flow="412.00" occupancy="11.33" speed="6.82" harmonicMeanSpeed="5.05" length="5.00" nVehEntered="103"/>
    <interval begin="14400.00" end="15300.00" id="211_D015" nVehContrib="109" flow="436.00" occupancy="9.97" speed="7.01" harmonicMeanSpeed="6.08" length="5.00" nVehEntered="110"/>
    <interval begin="15300.00" end="16200.00" id="211_D015" nVehContrib="107" flow="428.00" occupancy="11.75" speed="6.61" harmonicMeanSpeed="5.05" length="5.00" nVehEntered="106"/>
    <interval begin="16200.00" end="17100.00" id="211_D015" nVehContrib="114" flow="456.00" occupancy="10.24" speed="6.62" harmonicMeanSpeed="6.19" length="5.00" nVehEntered="114"/>
    <interval begin="17100.00" end="18000.00" id="211_D015" nVehContrib="102" flow="408.00" occupancy="8.49" speed="7.19" harmonicMeanSpeed="6.67" length="5.00" nVehEntered="102"/>
    <interval begin="18000.00" end="18900.00" id="211_D015" nVehContrib="128" flow="512.00" occupancy="9.88" speed="7.24" harmonicMeanSpeed="7.20" length="5.00" nVehEntered="128"/>
    <interval begin="18900.00" end="19800.00" id="211_D015" nVehContrib="129" flow="516.00" occupancy="9.86" speed="7.30" harmonicMeanSpeed="7.27" length="5.00" nVehEntered="129"/>
    <interval begin="19800.00" end="20700.00" id="211_D015" nVehContrib="130" flow="520.00" occupancy="11.85" speed="7.06" harmonicMeanSpeed="6.09" length="5.00" nVehEntered="130"/>
    <interval begin="20700.00" end="21600.00" id="211_D015" nVehContrib="118" flow="472.00" occupancy="11.49" speed="6.59" harmonicMeanSpeed="5.71" length="5.00" nVehEntered="118"/>
    <interval begin="21600.00" end="22500.00" id="211_D015" nVehContrib="117" flow="468.00" occupancy="9.36" speed="7.29" harmonicMeanSpeed="6.95" length="5.00" nVehEntered="117"/>
    <interval begin="22500.00" end="23400.00" id="211_D015" nVehContrib="138" flow="552.00" occupancy="13.54" speed="6.75" harmonicMeanSpeed="5.66" length="5.00" nVehEntered="138"/>
    <interval begin="23400.00" end="24300.00" id="211_D015" nVehContrib="130" flow="520.00" occupancy="11.96" speed="7.12" harmonicMeanSpeed="6.04" length="5.00" nVehEntered="131"/>
    <interval begin="24300.00" end="25200.00" id="211_D015" nVehContrib="118" flow="472.00" occupancy="9.24" speed="7.27" harmonicMeanSpeed="7.20" length="5.00" nVehEntered="118"/>
    <interval begin="25200.00" end="26100.00" id="211_D015" nVehContrib="129" flow="516.00" occupancy="11.94" speed="6.80" harmonicMeanSpeed="5.94" length="5.00" nVehEntered="128"/>
    <interval begin="26100.00" end="27000.00" id="211_D015" nVehContrib="83" flow="332.00" occupancy="6.45" speed="7.19" harmonicMeanSpeed="7.15" length="5.00" nVehEntered="83"/>
    <interval begin="27000.00" end="27900.00" id="211_D015" nVehContrib="141" flow="564.00" occupancy="15.48" speed="6.54" harmonicMeanSpeed="5.10" length="5.00" nVehEntered="142"/>
    <interval begin="27900.00" end="28800.00" id="211_D015" nVehContrib="134" flow="536.00" occupancy="11.84" speed="6.85" harmonicMeanSpeed="6.23" length="5.00" nVehEntered="133"/>
    <interval begin="28800.00" end="29700.00" id="211_D015" nVehContrib="159" flow="636.00" occupancy="13.70" speed="7.02" harmonicMeanSpeed="6.45" length="5.00" nVehEntered="159"/>
    <interval begin="29700.00" end="30600.00" id="211_D015" nVehContrib="113" flow="452.00" occupancy="9.12" speed="7.19" harmonicMeanSpeed="6.89" length="5.00" nVehEntered="113"/>
    <interval begin="30600.00" end="31500.00" id="211_D015" nVehContrib="141" flow="564.00" occupancy="13.57" speed="7.30" harmonicMeanSpeed="5.77" length="5.00" nVehEntered="141"/>
    <interval begin="31500.00" end="32400.00" id="211_D015" nVehContrib="130" flow="520.00" occupancy="10.67" speed="7.24" harmonicMeanSpeed="6.77" length="5.00" nVehEntered="130"/>
    <interval begin="32400.00" end="33300.00" id="211_D015" nVehContrib="127" flow="508.00" occupancy="16.59" speed="6.49" harmonicMeanSpeed="4.25" length="5.00" nVehEntered="127"/>
    <interval begin="33300.00" end="34200.00" id="211_D015" nVehContrib="135" flow="540.00" occupancy="11.06" speed="7.09" harmonicMeanSpeed="6.78" length="5.00" nVehEntered="135"/>
    <interval begin="34200.00" end="35100.00" id="211_D015" nVehContrib="123" flow="492.00" occupancy="12.73" speed="6.26" harmonicMeanSpeed="5.37" length="5.00" nVehEntered="123"/>
    <interval begin="35100.00" end="36000.00" id="211_D015" nVehContrib="95" flow="380.00" occupancy="9.36" speed="6.50" harmonicMeanSpeed="5.64" length="5.00" nVehEntered="95"/>
    <interval begin="36000.00" end="36900.00" id="211_D015" nVehContrib="79" flow="316.00" occupancy="6.80" speed="7.04" harmonicMeanSpeed="6.45" length="5.00" nVehEntered="79"/>
    <interval begin="36900.00" end="37800.00" id="211_D015" nVehContrib="131" flow="524.00" occupancy="11.04" speed="6.88" harmonicMeanSpeed="6.59" length="5.00" nVehEntered="131"/>
    <interval begin="37800.00" end="38700.00" id="211_D015" nVehContrib="95" flow="380.00" occupancy="7.22" speed="7.32" harmonicMeanSpeed="7.31" length="5.00" nVehEntered="95"/>
    <interval begin="38700.00" end="39600.00" id="211_D015" nVehContrib="100" flow="400.00" occupancy="7.65" speed="7.30" harmonicMeanSpeed="7.26" length="5.00" nVehEntered="100"/>
    <interval begin="39600.00" end="40500.00" id="211_D015" nVehContrib="100" flow="400.00" occupancy="7.89" speed="7.10" harmonicMeanSpeed="7.04" length="5.00" nVehEntered="100"/>
    <interval begin="40500.00" end="41400.00" id="211_D015" nVehContrib="84" flow="336.00" occupancy="7.21" speed="7.06" harmonicMeanSpeed="6.47" length="5.00" nVehEntered="84"/>
    <interval begin="41400.00" end="42300.00" id="211_D015" nVehContrib="69" flow="276.00" occupancy="5.24" speed="7.34" harmonicMeanSpeed="7.31" length="5.00" nVehEntered="69"/>
    <interval begin="42300.00" end="43200.00" id="211_D015" nVehContrib="109" flow="436.00" occupancy="8.28" speed="7.34" harmonicMeanSpeed="7.32" length="5.00" nVehEntered="109"/>
    <interval begin="43200.00" end="44100.00" id="211_D015" nVehContrib="83" flow="332.00" occupancy="8.19" speed="6.41" harmonicMeanSpeed="5.65" length="5.00" nVehEntered="84"/>
    <interval begin="44100.00" end="45000.00" id="211_D015" nVehContrib="95" flow="380.00" occupancy="7.49" speed="7.13" harmonicMeanSpeed="7.01" length="5.00" nVehEntered="94"/>
    <interval begin="45000.00" end="45900.00" id="211_D015" nVehContrib="95" flow="380.00" occupancy="7.17" speed="7.38" harmonicMeanSpeed="7.36" length="5.00" nVehEntered="95"/>
    <interval begin="45900.00" end="46800.00" id="211_D015" nVehContrib="25" flow="100.00" occupancy="56.61" speed="7.43" harmonicMeanSpeed="7.42" length="5.00" nVehEntered="26"/>
    <interval begin="46800.00" end="47700.00" id="211_D015" nVehContrib="0" flow="0.00" occupancy="100.00" speed="-1.00" harmonicMeanSpeed="-1.00" length="-1.00" nVehEntered="0"/>
    <interval begin="47700.00" end="48600.00" id="211_D015" nVehContrib="0" flow="0.00" occupancy="100.00" speed="-1.00" harmonicMeanSpeed="-1.00" length="-1.00" nVehEntered="0"/>
    <interval begin="48600.00" end="49321.00" id="211_D015" nVehContrib="0" flow="0.00" occupancy="100.00" speed="-1.00" harmonicMeanSpeed="-1.00" length="-1.00" nVehEntered="0"/>
</detector>
