<?xml version="1.0" encoding="UTF-8"?>

<!-- generated on 2025-02-24 17:47:11 by Eclipse SUMO GUI Version 1.19.0
<configuration xmlns:xsi="http://www.w3.org/2001/XMLSchema-instance" xsi:noNamespaceSchemaLocation="http://sumo.dlr.de/xsd/sumoConfiguration.xsd">

    <input>
        <net-file value="Network.net.xml"/>
        <route-files value="CarRoutes.rou.xml,BusRoutes.rou.xml"/>
        <additional-files value="BusStops.add.xml,Sensors_dfrouter.add.xml"/>
    </input>

    <output>
        <emission-output value="logs/Emissions.xml"/>
        <tripinfo-output value="logs/TripInfos.xml"/>
    </output>

    <time>
        <begin value="0"/>
        <end value="86400"/>
        <step-length value="0.25"/>
    </time>

    <processing>
        <ignore-junction-blocker value="0.1"/>
        <time-to-teleport value="-1"/>
    </processing>

    <emissions>
        <device.emissions.period value="10"/>
    </emissions>

    <traci_server>
        <remote-port value="61971"/>
    </traci_server>

    <gui_only>
        <quit-on-end value="true"/>
        <start value="true"/>
    </gui_only>

</configuration>
-->

<detector xmlns:xsi="http://www.w3.org/2001/XMLSchema-instance" xsi:noNamespaceSchemaLocation="http://sumo.dlr.de/xsd/det_e1_file.xsd">
    <interval begin="0.00" end="900.00" id="213_D52" nVehContrib="164" flow="656.00" occupancy="14.74" speed="7.68" harmonicMeanSpeed="6.18" length="5.00" nVehEntered="164"/>
    <interval begin="900.00" end="1800.00" id="213_D52" nVehContrib="109" flow="436.00" occupancy="8.07" speed="8.08" harmonicMeanSpeed="7.50" length="5.00" nVehEntered="109"/>
    <interval begin="1800.00" end="2700.00" id="213_D52" nVehContrib="107" flow="428.00" occupancy="8.12" speed="7.68" harmonicMeanSpeed="7.32" length="5.00" nVehEntered="107"/>
    <interval begin="2700.00" end="3600.00" id="213_D52" nVehContrib="113" flow="452.00" occupancy="8.67" speed="8.03" harmonicMeanSpeed="7.24" length="5.00" nVehEntered="113"/>
    <interval begin="3600.00" end="4500.00" id="213_D52" nVehContrib="108" flow="432.00" occupancy="8.04" speed="8.01" harmonicMeanSpeed="7.46" length="5.00" nVehEntered="108"/>
    <interval begin="4500.00" end="5400.00" id="213_D52" nVehContrib="115" flow="460.00" occupancy="8.71" speed="7.76" harmonicMeanSpeed="7.34" length="5.00" nVehEntered="115"/>
    <interval begin="5400.00" end="6300.00" id="213_D52" nVehContrib="101" flow="404.00" occupancy="7.66" speed="7.95" harmonicMeanSpeed="7.32" length="5.00" nVehEntered="101"/>
    <interval begin="6300.00" end="7200.00" id="213_D52" nVehContrib="105" flow="420.00" occupancy="8.10" speed="7.75" harmonicMeanSpeed="7.20" length="5.00" nVehEntered="105"/>
    <interval begin="7200.00" end="8100.00" id="213_D52" nVehContrib="96" flow="384.00" occupancy="6.99" speed="8.06" harmonicMeanSpeed="7.63" length="5.00" nVehEntered="96"/>
    <interval begin="8100.00" end="9000.00" id="213_D52" nVehContrib="108" flow="432.00" occupancy="8.71" speed="7.98" harmonicMeanSpeed="6.89" length="5.00" nVehEntered="108"/>
    <interval begin="9000.00" end="9900.00" id="213_D52" nVehContrib="117" flow="468.00" occupancy="9.22" speed="7.84" harmonicMeanSpeed="7.05" length="5.00" nVehEntered="117"/>
    <interval begin="9900.00" end="10800.00" id="213_D52" nVehContrib="105" flow="420.00" occupancy="7.76" speed="8.09" harmonicMeanSpeed="7.51" length="5.00" nVehEntered="105"/>
    <interval begin="10800.00" end="11700.00" id="213_D52" nVehContrib="83" flow="332.00" occupancy="6.14" speed="8.04" harmonicMeanSpeed="7.58" length="5.00" nVehEntered="84"/>
    <interval begin="11700.00" end="12600.00" id="213_D52" nVehContrib="96" flow="384.00" occupancy="6.64" speed="8.25" harmonicMeanSpeed="7.97" length="5.00" nVehEntered="95"/>
    <interval begin="12600.00" end="13500.00" id="213_D52" nVehContrib="99" flow="396.00" occupancy="7.71" speed="7.89" harmonicMeanSpeed="7.13" length="5.00" nVehEntered="99"/>
    <interval begin="13500.00" end="14400.00" id="213_D52" nVehContrib="115" flow="460.00" occupancy="10.33" speed="7.48" harmonicMeanSpeed="6.18" length="5.00" nVehEntered="115"/>
    <interval begin="14400.00" end="15300.00" id="213_D52" nVehContrib="116" flow="464.00" occupancy="8.84" speed="8.05" harmonicMeanSpeed="7.31" length="5.00" nVehEntered="117"/>
    <interval begin="15300.00" end="16200.00" id="213_D52" nVehContrib="116" flow="464.00" occupancy="9.00" speed="7.84" harmonicMeanSpeed="7.14" length="5.00" nVehEntered="115"/>
    <interval begin="16200.00" end="17100.00" id="213_D52" nVehContrib="111" flow="444.00" occupancy="7.91" speed="8.23" harmonicMeanSpeed="7.79" length="5.00" nVehEntered="111"/>
    <interval begin="17100.00" end="18000.00" id="213_D52" nVehContrib="118" flow="472.00" occupancy="8.32" speed="8.22" harmonicMeanSpeed="7.88" length="5.00" nVehEntered="118"/>
    <interval begin="18000.00" end="18900.00" id="213_D52" nVehContrib="100" flow="400.00" occupancy="7.08" speed="8.13" harmonicMeanSpeed="7.84" length="5.00" nVehEntered="100"/>
    <interval begin="18900.00" end="19800.00" id="213_D52" nVehContrib="119" flow="476.00" occupancy="9.54" speed="7.71" harmonicMeanSpeed="6.93" length="5.00" nVehEntered="119"/>
    <interval begin="19800.00" end="20700.00" id="213_D52" nVehContrib="84" flow="336.00" occupancy="6.19" speed="8.58" harmonicMeanSpeed="7.54" length="5.00" nVehEntered="85"/>
    <interval begin="20700.00" end="21600.00" id="213_D52" nVehContrib="121" flow="484.00" occupancy="9.39" speed="7.90" harmonicMeanSpeed="7.18" length="5.00" nVehEntered="121"/>
    <interval begin="21600.00" end="22500.00" id="213_D52" nVehContrib="114" flow="456.00" occupancy="9.85" speed="7.63" harmonicMeanSpeed="6.41" length="5.00" nVehEntered="113"/>
    <interval begin="22500.00" end="23400.00" id="213_D52" nVehContrib="134" flow="536.00" occupancy="11.27" speed="7.63" harmonicMeanSpeed="6.60" length="5.00" nVehEntered="134"/>
    <interval begin="23400.00" end="24300.00" id="213_D52" nVehContrib="119" flow="476.00" occupancy="10.69" speed="7.53" harmonicMeanSpeed="6.18" length="5.00" nVehEntered="119"/>
    <interval begin="24300.00" end="25200.00" id="213_D52" nVehContrib="105" flow="420.00" occupancy="10.59" speed="7.43" harmonicMeanSpeed="5.52" length="5.00" nVehEntered="106"/>
    <interval begin="25200.00" end="26100.00" id="213_D52" nVehContrib="154" flow="616.00" occupancy="13.32" speed="7.09" harmonicMeanSpeed="6.41" length="5.00" nVehEntered="153"/>
    <interval begin="26100.00" end="27000.00" id="213_D52" nVehContrib="119" flow="476.00" occupancy="9.29" speed="7.72" harmonicMeanSpeed="7.12" length="5.00" nVehEntered="119"/>
    <interval begin="27000.00" end="27900.00" id="213_D52" nVehContrib="128" flow="512.00" occupancy="10.14" speed="7.81" harmonicMeanSpeed="7.01" length="5.00" nVehEntered="128"/>
    <interval begin="27900.00" end="28800.00" id="213_D52" nVehContrib="124" flow="496.00" occupancy="9.61" speed="7.89" harmonicMeanSpeed="7.17" length="5.00" nVehEntered="124"/>
    <interval begin="28800.00" end="29700.00" id="213_D52" nVehContrib="120" flow="480.00" occupancy="8.55" speed="8.21" harmonicMeanSpeed="7.84" length="5.00" nVehEntered="121"/>
    <interval begin="29700.00" end="30600.00" id="213_D52" nVehContrib="115" flow="460.00" occupancy="11.34" speed="7.33" harmonicMeanSpeed="5.61" length="5.00" nVehEntered="114"/>
    <interval begin="30600.00" end="31500.00" id="213_D52" nVehContrib="104" flow="416.00" occupancy="8.48" speed="7.55" harmonicMeanSpeed="6.81" length="5.00" nVehEntered="104"/>
    <interval begin="31500.00" end="32400.00" id="213_D52" nVehContrib="96" flow="384.00" occupancy="6.99" speed="8.13" harmonicMeanSpeed="7.63" length="5.00" nVehEntered="96"/>
    <interval begin="32400.00" end="33300.00" id="213_D52" nVehContrib="87" flow="348.00" occupancy="6.30" speed="8.06" harmonicMeanSpeed="7.67" length="5.00" nVehEntered="87"/>
    <interval begin="33300.00" end="34200.00" id="213_D52" nVehContrib="86" flow="344.00" occupancy="6.36" speed="7.96" harmonicMeanSpeed="7.51" length="5.00" nVehEntered="86"/>
    <interval begin="34200.00" end="35100.00" id="213_D52" nVehContrib="89" flow="356.00" occupancy="6.64" speed="7.89" harmonicMeanSpeed="7.45" length="5.00" nVehEntered="89"/>
    <interval begin="35100.00" end="36000.00" id="213_D52" nVehContrib="66" flow="264.00" occupancy="4.28" speed="8.87" harmonicMeanSpeed="8.57" length="5.00" nVehEntered="66"/>
    <interval begin="36000.00" end="36900.00" id="213_D52" nVehContrib="79" flow="316.00" occupancy="5.41" speed="8.40" harmonicMeanSpeed="8.11" length="5.00" nVehEntered="79"/>
    <interval begin="36900.00" end="37800.00" id="213_D52" nVehContrib="50" flow="200.00" occupancy="3.46" speed="8.52" harmonicMeanSpeed="8.03" length="5.00" nVehEntered="50"/>
    <interval begin="37800.00" end="38700.00" id="213_D52" nVehContrib="45" flow="180.00" occupancy="3.16" speed="8.19" harmonicMeanSpeed="7.92" length="5.00" nVehEntered="45"/>
    <interval begin="38700.00" end="39600.00" id="213_D52" nVehContrib="30" flow="120.00" occupancy="2.03" speed="8.35" harmonicMeanSpeed="8.20" length="5.00" nVehEntered="30"/>
    <interval begin="39600.00" end="40500.00" id="213_D52" nVehContrib="37" flow="148.00" occupancy="2.46" speed="8.68" harmonicMeanSpeed="8.37" length="5.00" nVehEntered="37"/>
    <interval begin="40500.00" end="41400.00" id="213_D52" nVehContrib="35" flow="140.00" occupancy="2.32" speed="8.55" harmonicMeanSpeed="8.39" length="5.00" nVehEntered="35"/>
    <interval begin="41400.00" end="42300.00" id="213_D52" nVehContrib="28" flow="112.00" occupancy="2.00" speed="8.24" harmonicMeanSpeed="7.78" length="5.00" nVehEntered="28"/>
    <interval begin="42300.00" end="43200.00" id="213_D52" nVehContrib="43" flow="172.00" occupancy="2.82" speed="8.61" harmonicMeanSpeed="8.47" length="5.00" nVehEntered="43"/>
    <interval begin="43200.00" end="44100.00" id="213_D52" nVehContrib="31" flow="124.00" occupancy="2.10" speed="8.47" harmonicMeanSpeed="8.18" length="5.00" nVehEntered="31"/>
    <interval begin="44100.00" end="45000.00" id="213_D52" nVehContrib="26" flow="104.00" occupancy="1.76" speed="8.39" harmonicMeanSpeed="8.21" length="5.00" nVehEntered="26"/>
    <interval begin="45000.00" end="45900.00" id="213_D52" nVehContrib="14" flow="56.00" occupancy="0.89" speed="8.72" harmonicMeanSpeed="8.71" length="5.00" nVehEntered="14"/>
    <interval begin="45900.00" end="46800.00" id="213_D52" nVehContrib="0" flow="0.00" occupancy="0.00" speed="-1.00" harmonicMeanSpeed="-1.00" length="-1.00" nVehEntered="0"/>
    <interval begin="46800.00" end="47700.00" id="213_D52" nVehContrib="0" flow="0.00" occupancy="0.00" speed="-1.00" harmonicMeanSpeed="-1.00" length="-1.00" nVehEntered="0"/>
    <interval begin="47700.00" end="48600.00" id="213_D52" nVehContrib="0" flow="0.00" occupancy="0.00" speed="-1.00" harmonicMeanSpeed="-1.00" length="-1.00" nVehEntered="0"/>
    <interval begin="48600.00" end="49321.00" id="213_D52" nVehContrib="0" flow="0.00" occupancy="0.00" speed="-1.00" harmonicMeanSpeed="-1.00" length="-1.00" nVehEntered="0"/>
</detector>
