<?xml version="1.0" encoding="UTF-8"?>

<!-- generated on 2025-02-24 17:47:11 by Eclipse SUMO GUI Version 1.19.0
<configuration xmlns:xsi="http://www.w3.org/2001/XMLSchema-instance" xsi:noNamespaceSchemaLocation="http://sumo.dlr.de/xsd/sumoConfiguration.xsd">

    <input>
        <net-file value="Network.net.xml"/>
        <route-files value="CarRoutes.rou.xml,BusRoutes.rou.xml"/>
        <additional-files value="BusStops.add.xml,Sensors_dfrouter.add.xml"/>
    </input>

    <output>
        <emission-output value="logs/Emissions.xml"/>
        <tripinfo-output value="logs/TripInfos.xml"/>
    </output>

    <time>
        <begin value="0"/>
        <end value="86400"/>
        <step-length value="0.25"/>
    </time>

    <processing>
        <ignore-junction-blocker value="0.1"/>
        <time-to-teleport value="-1"/>
    </processing>

    <emissions>
        <device.emissions.period value="10"/>
    </emissions>

    <traci_server>
        <remote-port value="61971"/>
    </traci_server>

    <gui_only>
        <quit-on-end value="true"/>
        <start value="true"/>
    </gui_only>

</configuration>
-->

<detector xmlns:xsi="http://www.w3.org/2001/XMLSchema-instance" xsi:noNamespaceSchemaLocation="http://sumo.dlr.de/xsd/det_e1_file.xsd">
    <interval begin="0.00" end="900.00" id="215_D71" nVehContrib="167" flow="668.00" occupancy="50.93" speed="5.94" harmonicMeanSpeed="1.82" length="5.00" nVehEntered="167"/>
    <interval begin="900.00" end="1800.00" id="215_D71" nVehContrib="113" flow="452.00" occupancy="49.83" speed="5.93" harmonicMeanSpeed="1.28" length="5.00" nVehEntered="114"/>
    <interval begin="1800.00" end="2700.00" id="215_D71" nVehContrib="107" flow="428.00" occupancy="46.47" speed="5.47" harmonicMeanSpeed="1.25" length="5.00" nVehEntered="106"/>
    <interval begin="2700.00" end="3600.00" id="215_D71" nVehContrib="123" flow="492.00" occupancy="43.09" speed="6.01" harmonicMeanSpeed="1.60" length="5.00" nVehEntered="124"/>
    <interval begin="3600.00" end="4500.00" id="215_D71" nVehContrib="112" flow="448.00" occupancy="36.61" speed="5.58" harmonicMeanSpeed="1.68" length="5.00" nVehEntered="112"/>
    <interval begin="4500.00" end="5400.00" id="215_D71" nVehContrib="104" flow="416.00" occupancy="38.36" speed="5.76" harmonicMeanSpeed="1.50" length="5.00" nVehEntered="103"/>
    <interval begin="5400.00" end="6300.00" id="215_D71" nVehContrib="118" flow="472.00" occupancy="34.39" speed="5.83" harmonicMeanSpeed="1.91" length="5.00" nVehEntered="118"/>
    <interval begin="6300.00" end="7200.00" id="215_D71" nVehContrib="114" flow="456.00" occupancy="43.73" speed="5.58" harmonicMeanSpeed="1.48" length="5.00" nVehEntered="115"/>
    <interval begin="7200.00" end="8100.00" id="215_D71" nVehContrib="108" flow="432.00" occupancy="44.75" speed="5.89" harmonicMeanSpeed="1.42" length="5.00" nVehEntered="108"/>
    <interval begin="8100.00" end="9000.00" id="215_D71" nVehContrib="123" flow="492.00" occupancy="48.10" speed="6.02" harmonicMeanSpeed="1.33" length="5.00" nVehEntered="122"/>
    <interval begin="9000.00" end="9900.00" id="215_D71" nVehContrib="131" flow="524.00" occupancy="47.21" speed="6.21" harmonicMeanSpeed="1.54" length="5.00" nVehEntered="131"/>
    <interval begin="9900.00" end="10800.00" id="215_D71" nVehContrib="115" flow="460.00" occupancy="40.54" speed="5.91" harmonicMeanSpeed="1.63" length="5.00" nVehEntered="116"/>
    <interval begin="10800.00" end="11700.00" id="215_D71" nVehContrib="94" flow="376.00" occupancy="42.13" speed="5.95" harmonicMeanSpeed="1.20" length="5.00" nVehEntered="94"/>
    <interval begin="11700.00" end="12600.00" id="215_D71" nVehContrib="109" flow="436.00" occupancy="41.80" speed="5.73" harmonicMeanSpeed="1.45" length="5.00" nVehEntered="108"/>
    <interval begin="12600.00" end="13500.00" id="215_D71" nVehContrib="113" flow="452.00" occupancy="57.27" speed="5.96" harmonicMeanSpeed="1.10" length="5.00" nVehEntered="113"/>
    <interval begin="13500.00" end="14400.00" id="215_D71" nVehContrib="119" flow="476.00" occupancy="41.64" speed="6.02" harmonicMeanSpeed="1.59" length="5.00" nVehEntered="119"/>
    <interval begin="14400.00" end="15300.00" id="215_D71" nVehContrib="112" flow="448.00" occupancy="47.80" speed="6.13" harmonicMeanSpeed="1.30" length="5.00" nVehEntered="112"/>
    <interval begin="15300.00" end="16200.00" id="215_D71" nVehContrib="125" flow="500.00" occupancy="43.69" speed="6.12" harmonicMeanSpeed="1.59" length="5.00" nVehEntered="126"/>
    <interval begin="16200.00" end="17100.00" id="215_D71" nVehContrib="121" flow="484.00" occupancy="45.79" speed="5.89" harmonicMeanSpeed="1.47" length="5.00" nVehEntered="120"/>
    <interval begin="17100.00" end="18000.00" id="215_D71" nVehContrib="122" flow="488.00" occupancy="44.38" speed="6.06" harmonicMeanSpeed="1.53" length="5.00" nVehEntered="122"/>
    <interval begin="18000.00" end="18900.00" id="215_D71" nVehContrib="103" flow="412.00" occupancy="42.80" speed="6.47" harmonicMeanSpeed="1.36" length="5.00" nVehEntered="104"/>
    <interval begin="18900.00" end="19800.00" id="215_D71" nVehContrib="129" flow="516.00" occupancy="40.09" speed="6.39" harmonicMeanSpeed="1.75" length="5.00" nVehEntered="128"/>
    <interval begin="19800.00" end="20700.00" id="215_D71" nVehContrib="93" flow="372.00" occupancy="37.75" speed="6.28" harmonicMeanSpeed="1.37" length="5.00" nVehEntered="93"/>
    <interval begin="20700.00" end="21600.00" id="215_D71" nVehContrib="117" flow="468.00" occupancy="46.47" speed="5.59" harmonicMeanSpeed="1.41" length="5.00" nVehEntered="118"/>
    <interval begin="21600.00" end="22500.00" id="215_D71" nVehContrib="140" flow="560.00" occupancy="61.31" speed="5.66" harmonicMeanSpeed="1.26" length="5.00" nVehEntered="139"/>
    <interval begin="22500.00" end="23400.00" id="215_D71" nVehContrib="140" flow="560.00" occupancy="47.72" speed="6.04" harmonicMeanSpeed="1.65" length="5.00" nVehEntered="141"/>
    <interval begin="23400.00" end="24300.00" id="215_D71" nVehContrib="123" flow="492.00" occupancy="49.87" speed="6.17" harmonicMeanSpeed="1.35" length="5.00" nVehEntered="122"/>
    <interval begin="24300.00" end="25200.00" id="215_D71" nVehContrib="124" flow="496.00" occupancy="52.40" speed="6.04" harmonicMeanSpeed="1.31" length="5.00" nVehEntered="124"/>
    <interval begin="25200.00" end="26100.00" id="215_D71" nVehContrib="144" flow="576.00" occupancy="58.06" speed="5.60" harmonicMeanSpeed="1.38" length="5.00" nVehEntered="145"/>
    <interval begin="26100.00" end="27000.00" id="215_D71" nVehContrib="135" flow="540.00" occupancy="61.76" speed="5.76" harmonicMeanSpeed="1.21" length="5.00" nVehEntered="134"/>
    <interval begin="27000.00" end="27900.00" id="215_D71" nVehContrib="134" flow="536.00" occupancy="53.78" speed="5.47" harmonicMeanSpeed="1.38" length="5.00" nVehEntered="134"/>
    <interval begin="27900.00" end="28800.00" id="215_D71" nVehContrib="120" flow="480.00" occupancy="66.42" speed="6.07" harmonicMeanSpeed="1.00" length="5.00" nVehEntered="121"/>
    <interval begin="28800.00" end="29700.00" id="215_D71" nVehContrib="139" flow="556.00" occupancy="60.18" speed="6.52" harmonicMeanSpeed="1.31" length="5.00" nVehEntered="139"/>
    <interval begin="29700.00" end="30600.00" id="215_D71" nVehContrib="117" flow="468.00" occupancy="47.73" speed="5.59" harmonicMeanSpeed="1.42" length="5.00" nVehEntered="117"/>
    <interval begin="30600.00" end="31500.00" id="215_D71" nVehContrib="108" flow="432.00" occupancy="41.48" speed="6.07" harmonicMeanSpeed="1.34" length="5.00" nVehEntered="107"/>
    <interval begin="31500.00" end="32400.00" id="215_D71" nVehContrib="113" flow="452.00" occupancy="54.89" speed="5.64" harmonicMeanSpeed="1.14" length="5.00" nVehEntered="113"/>
    <interval begin="32400.00" end="33300.00" id="215_D71" nVehContrib="97" flow="388.00" occupancy="48.51" speed="5.43" harmonicMeanSpeed="1.11" length="5.00" nVehEntered="97"/>
    <interval begin="33300.00" end="34200.00" id="215_D71" nVehContrib="92" flow="368.00" occupancy="34.78" speed="5.62" harmonicMeanSpeed="1.47" length="5.00" nVehEntered="92"/>
    <interval begin="34200.00" end="35100.00" id="215_D71" nVehContrib="103" flow="412.00" occupancy="36.64" speed="6.47" harmonicMeanSpeed="1.56" length="5.00" nVehEntered="103"/>
    <interval begin="35100.00" end="36000.00" id="215_D71" nVehContrib="73" flow="292.00" occupancy="34.78" speed="5.14" harmonicMeanSpeed="1.17" length="5.00" nVehEntered="73"/>
    <interval begin="36000.00" end="36900.00" id="215_D71" nVehContrib="86" flow="344.00" occupancy="30.27" speed="5.90" harmonicMeanSpeed="1.58" length="5.00" nVehEntered="86"/>
    <interval begin="36900.00" end="37800.00" id="215_D71" nVehContrib="59" flow="236.00" occupancy="29.12" speed="5.24" harmonicMeanSpeed="1.13" length="5.00" nVehEntered="59"/>
    <interval begin="37800.00" end="38700.00" id="215_D71" nVehContrib="47" flow="188.00" occupancy="26.97" speed="4.92" harmonicMeanSpeed="1.05" length="5.00" nVehEntered="48"/>
    <interval begin="38700.00" end="39600.00" id="215_D71" nVehContrib="35" flow="140.00" occupancy="21.94" speed="5.33" harmonicMeanSpeed="0.97" length="5.00" nVehEntered="35"/>
    <interval begin="39600.00" end="40500.00" id="215_D71" nVehContrib="41" flow="164.00" occupancy="23.88" speed="5.40" harmonicMeanSpeed="0.82" length="5.00" nVehEntered="40"/>
    <interval begin="40500.00" end="41400.00" id="215_D71" nVehContrib="45" flow="180.00" occupancy="23.46" speed="5.34" harmonicMeanSpeed="1.07" length="5.00" nVehEntered="45"/>
    <interval begin="41400.00" end="42300.00" id="215_D71" nVehContrib="31" flow="124.00" occupancy="17.20" speed="5.25" harmonicMeanSpeed="1.00" length="5.00" nVehEntered="31"/>
    <interval begin="42300.00" end="43200.00" id="215_D71" nVehContrib="52" flow="208.00" occupancy="18.37" speed="5.46" harmonicMeanSpeed="1.57" length="5.00" nVehEntered="52"/>
    <interval begin="43200.00" end="44100.00" id="215_D71" nVehContrib="38" flow="152.00" occupancy="14.84" speed="6.46" harmonicMeanSpeed="1.42" length="5.00" nVehEntered="38"/>
    <interval begin="44100.00" end="45000.00" id="215_D71" nVehContrib="32" flow="128.00" occupancy="16.31" speed="5.41" harmonicMeanSpeed="1.12" length="5.00" nVehEntered="33"/>
    <interval begin="45000.00" end="45900.00" id="215_D71" nVehContrib="17" flow="68.00" occupancy="11.17" speed="5.44" harmonicMeanSpeed="0.81" length="5.00" nVehEntered="16"/>
    <interval begin="45900.00" end="46800.00" id="215_D71" nVehContrib="4" flow="16.00" occupancy="3.17" speed="3.94" harmonicMeanSpeed="0.70" length="5.00" nVehEntered="4"/>
    <interval begin="46800.00" end="47700.00" id="215_D71" nVehContrib="5" flow="20.00" occupancy="6.58" speed="5.28" harmonicMeanSpeed="0.42" length="5.00" nVehEntered="5"/>
    <interval begin="47700.00" end="48600.00" id="215_D71" nVehContrib="6" flow="24.00" occupancy="2.65" speed="4.92" harmonicMeanSpeed="1.26" length="5.00" nVehEntered="6"/>
    <interval begin="48600.00" end="49321.00" id="215_D71" nVehContrib="2" flow="9.99" occupancy="6.07" speed="3.90" harmonicMeanSpeed="0.23" length="5.00" nVehEntered="2"/>
</detector>
