<?xml version="1.0" encoding="UTF-8"?>

<!-- generated on 2025-02-24 17:47:11 by Eclipse SUMO GUI Version 1.19.0
<configuration xmlns:xsi="http://www.w3.org/2001/XMLSchema-instance" xsi:noNamespaceSchemaLocation="http://sumo.dlr.de/xsd/sumoConfiguration.xsd">

    <input>
        <net-file value="Network.net.xml"/>
        <route-files value="CarRoutes.rou.xml,BusRoutes.rou.xml"/>
        <additional-files value="BusStops.add.xml,Sensors_dfrouter.add.xml"/>
    </input>

    <output>
        <emission-output value="logs/Emissions.xml"/>
        <tripinfo-output value="logs/TripInfos.xml"/>
    </output>

    <time>
        <begin value="0"/>
        <end value="86400"/>
        <step-length value="0.25"/>
    </time>

    <processing>
        <ignore-junction-blocker value="0.1"/>
        <time-to-teleport value="-1"/>
    </processing>

    <emissions>
        <device.emissions.period value="10"/>
    </emissions>

    <traci_server>
        <remote-port value="61971"/>
    </traci_server>

    <gui_only>
        <quit-on-end value="true"/>
        <start value="true"/>
    </gui_only>

</configuration>
-->

<detector xmlns:xsi="http://www.w3.org/2001/XMLSchema-instance" xsi:noNamespaceSchemaLocation="http://sumo.dlr.de/xsd/det_e1_file.xsd">
    <interval begin="0.00" end="900.00" id="215_D91" nVehContrib="61" flow="244.00" occupancy="8.72" speed="7.02" harmonicMeanSpeed="3.89" length="5.00" nVehEntered="61"/>
    <interval begin="900.00" end="1800.00" id="215_D91" nVehContrib="58" flow="232.00" occupancy="8.74" speed="7.43" harmonicMeanSpeed="3.69" length="5.00" nVehEntered="58"/>
    <interval begin="1800.00" end="2700.00" id="215_D91" nVehContrib="62" flow="248.00" occupancy="11.31" speed="7.10" harmonicMeanSpeed="3.04" length="5.00" nVehEntered="62"/>
    <interval begin="2700.00" end="3600.00" id="215_D91" nVehContrib="45" flow="180.00" occupancy="5.70" speed="7.35" harmonicMeanSpeed="4.38" length="5.00" nVehEntered="45"/>
    <interval begin="3600.00" end="4500.00" id="215_D91" nVehContrib="72" flow="288.00" occupancy="9.45" speed="6.65" harmonicMeanSpeed="4.23" length="5.00" nVehEntered="72"/>
    <interval begin="4500.00" end="5400.00" id="215_D91" nVehContrib="50" flow="200.00" occupancy="6.03" speed="7.29" harmonicMeanSpeed="4.61" length="5.00" nVehEntered="50"/>
    <interval begin="5400.00" end="6300.00" id="215_D91" nVehContrib="58" flow="232.00" occupancy="9.91" speed="7.08" harmonicMeanSpeed="3.25" length="5.00" nVehEntered="58"/>
    <interval begin="6300.00" end="7200.00" id="215_D91" nVehContrib="77" flow="308.00" occupancy="12.58" speed="7.18" harmonicMeanSpeed="3.40" length="5.00" nVehEntered="77"/>
    <interval begin="7200.00" end="8100.00" id="215_D91" nVehContrib="74" flow="296.00" occupancy="8.22" speed="7.68" harmonicMeanSpeed="5.00" length="5.00" nVehEntered="74"/>
    <interval begin="8100.00" end="9000.00" id="215_D91" nVehContrib="76" flow="304.00" occupancy="7.41" speed="7.42" harmonicMeanSpeed="5.69" length="5.00" nVehEntered="76"/>
    <interval begin="9000.00" end="9900.00" id="215_D91" nVehContrib="82" flow="328.00" occupancy="14.44" speed="7.20" harmonicMeanSpeed="3.16" length="5.00" nVehEntered="82"/>
    <interval begin="9900.00" end="10800.00" id="215_D91" nVehContrib="85" flow="340.00" occupancy="10.63" speed="6.86" harmonicMeanSpeed="4.44" length="5.00" nVehEntered="85"/>
    <interval begin="10800.00" end="11700.00" id="215_D91" nVehContrib="84" flow="336.00" occupancy="12.51" speed="7.52" harmonicMeanSpeed="3.73" length="5.00" nVehEntered="84"/>
    <interval begin="11700.00" end="12600.00" id="215_D91" nVehContrib="86" flow="344.00" occupancy="11.13" speed="7.40" harmonicMeanSpeed="4.29" length="5.00" nVehEntered="86"/>
    <interval begin="12600.00" end="13500.00" id="215_D91" nVehContrib="79" flow="316.00" occupancy="11.88" speed="7.32" harmonicMeanSpeed="3.70" length="5.00" nVehEntered="79"/>
    <interval begin="13500.00" end="14400.00" id="215_D91" nVehContrib="90" flow="360.00" occupancy="11.63" speed="7.46" harmonicMeanSpeed="4.31" length="5.00" nVehEntered="91"/>
    <interval begin="14400.00" end="15300.00" id="215_D91" nVehContrib="91" flow="364.00" occupancy="13.26" speed="7.45" harmonicMeanSpeed="3.80" length="5.00" nVehEntered="90"/>
    <interval begin="15300.00" end="16200.00" id="215_D91" nVehContrib="90" flow="360.00" occupancy="13.85" speed="6.85" harmonicMeanSpeed="3.61" length="5.00" nVehEntered="90"/>
    <interval begin="16200.00" end="17100.00" id="215_D91" nVehContrib="102" flow="408.00" occupancy="15.91" speed="6.82" harmonicMeanSpeed="3.56" length="5.00" nVehEntered="102"/>
    <interval begin="17100.00" end="18000.00" id="215_D91" nVehContrib="86" flow="344.00" occupancy="16.30" speed="7.04" harmonicMeanSpeed="2.93" length="5.00" nVehEntered="86"/>
    <interval begin="18000.00" end="18900.00" id="215_D91" nVehContrib="114" flow="456.00" occupancy="14.15" speed="7.55" harmonicMeanSpeed="4.48" length="5.00" nVehEntered="114"/>
    <interval begin="18900.00" end="19800.00" id="215_D91" nVehContrib="104" flow="416.00" occupancy="13.84" speed="7.25" harmonicMeanSpeed="4.17" length="5.00" nVehEntered="104"/>
    <interval begin="19800.00" end="20700.00" id="215_D91" nVehContrib="118" flow="472.00" occupancy="13.02" speed="7.48" harmonicMeanSpeed="5.09" length="5.00" nVehEntered="119"/>
    <interval begin="20700.00" end="21600.00" id="215_D91" nVehContrib="104" flow="416.00" occupancy="15.51" speed="6.94" harmonicMeanSpeed="3.69" length="5.00" nVehEntered="103"/>
    <interval begin="21600.00" end="22500.00" id="215_D91" nVehContrib="98" flow="392.00" occupancy="13.59" speed="7.06" harmonicMeanSpeed="4.01" length="5.00" nVehEntered="98"/>
    <interval begin="22500.00" end="23400.00" id="215_D91" nVehContrib="118" flow="472.00" occupancy="16.75" speed="7.50" harmonicMeanSpeed="4.09" length="5.00" nVehEntered="119"/>
    <interval begin="23400.00" end="24300.00" id="215_D91" nVehContrib="119" flow="476.00" occupancy="19.55" speed="7.32" harmonicMeanSpeed="3.30" length="5.00" nVehEntered="119"/>
    <interval begin="24300.00" end="25200.00" id="215_D91" nVehContrib="106" flow="424.00" occupancy="14.79" speed="7.41" harmonicMeanSpeed="3.92" length="5.00" nVehEntered="105"/>
    <interval begin="25200.00" end="26100.00" id="215_D91" nVehContrib="104" flow="416.00" occupancy="14.01" speed="7.35" harmonicMeanSpeed="4.12" length="5.00" nVehEntered="104"/>
    <interval begin="26100.00" end="27000.00" id="215_D91" nVehContrib="53" flow="212.00" occupancy="11.87" speed="7.05" harmonicMeanSpeed="2.48" length="5.00" nVehEntered="53"/>
    <interval begin="27000.00" end="27900.00" id="215_D91" nVehContrib="123" flow="492.00" occupancy="16.93" speed="7.09" harmonicMeanSpeed="4.05" length="5.00" nVehEntered="124"/>
    <interval begin="27900.00" end="28800.00" id="215_D91" nVehContrib="109" flow="436.00" occupancy="18.88" speed="6.84" harmonicMeanSpeed="3.30" length="5.00" nVehEntered="109"/>
    <interval begin="28800.00" end="29700.00" id="215_D91" nVehContrib="140" flow="560.00" occupancy="15.93" speed="7.44" harmonicMeanSpeed="4.72" length="5.00" nVehEntered="139"/>
    <interval begin="29700.00" end="30600.00" id="215_D91" nVehContrib="95" flow="380.00" occupancy="11.02" speed="7.56" harmonicMeanSpeed="4.81" length="5.00" nVehEntered="96"/>
    <interval begin="30600.00" end="31500.00" id="215_D91" nVehContrib="124" flow="496.00" occupancy="17.09" speed="7.25" harmonicMeanSpeed="4.02" length="5.00" nVehEntered="123"/>
    <interval begin="31500.00" end="32400.00" id="215_D91" nVehContrib="109" flow="436.00" occupancy="14.20" speed="7.26" harmonicMeanSpeed="4.26" length="5.00" nVehEntered="109"/>
    <interval begin="32400.00" end="33300.00" id="215_D91" nVehContrib="106" flow="424.00" occupancy="15.95" speed="7.05" harmonicMeanSpeed="3.69" length="5.00" nVehEntered="106"/>
    <interval begin="33300.00" end="34200.00" id="215_D91" nVehContrib="121" flow="484.00" occupancy="12.26" speed="7.34" harmonicMeanSpeed="5.48" length="5.00" nVehEntered="121"/>
    <interval begin="34200.00" end="35100.00" id="215_D91" nVehContrib="112" flow="448.00" occupancy="14.81" speed="6.75" harmonicMeanSpeed="4.20" length="5.00" nVehEntered="112"/>
    <interval begin="35100.00" end="36000.00" id="215_D91" nVehContrib="81" flow="324.00" occupancy="13.59" speed="7.24" harmonicMeanSpeed="3.31" length="5.00" nVehEntered="81"/>
    <interval begin="36000.00" end="36900.00" id="215_D91" nVehContrib="75" flow="300.00" occupancy="10.30" speed="6.88" harmonicMeanSpeed="4.04" length="5.00" nVehEntered="75"/>
    <interval begin="36900.00" end="37800.00" id="215_D91" nVehContrib="112" flow="448.00" occupancy="11.79" speed="7.30" harmonicMeanSpeed="5.28" length="5.00" nVehEntered="112"/>
    <interval begin="37800.00" end="38700.00" id="215_D91" nVehContrib="87" flow="348.00" occupancy="9.13" speed="7.34" harmonicMeanSpeed="5.32" length="5.00" nVehEntered="88"/>
    <interval begin="38700.00" end="39600.00" id="215_D91" nVehContrib="90" flow="360.00" occupancy="9.40" speed="7.64" harmonicMeanSpeed="5.29" length="5.00" nVehEntered="89"/>
    <interval begin="39600.00" end="40500.00" id="215_D91" nVehContrib="88" flow="352.00" occupancy="7.19" speed="7.57" harmonicMeanSpeed="6.80" length="5.00" nVehEntered="88"/>
    <interval begin="40500.00" end="41400.00" id="215_D91" nVehContrib="75" flow="300.00" occupancy="8.63" speed="7.40" harmonicMeanSpeed="4.83" length="5.00" nVehEntered="75"/>
    <interval begin="41400.00" end="42300.00" id="215_D91" nVehContrib="67" flow="268.00" occupancy="7.26" speed="7.80" harmonicMeanSpeed="5.13" length="5.00" nVehEntered="67"/>
    <interval begin="42300.00" end="43200.00" id="215_D91" nVehContrib="96" flow="384.00" occupancy="7.47" speed="7.62" harmonicMeanSpeed="7.14" length="5.00" nVehEntered="96"/>
    <interval begin="43200.00" end="44100.00" id="215_D91" nVehContrib="81" flow="324.00" occupancy="8.79" speed="7.49" harmonicMeanSpeed="5.12" length="5.00" nVehEntered="81"/>
    <interval begin="44100.00" end="45000.00" id="215_D91" nVehContrib="83" flow="332.00" occupancy="10.33" speed="7.39" harmonicMeanSpeed="4.47" length="5.00" nVehEntered="83"/>
    <interval begin="45000.00" end="45900.00" id="215_D91" nVehContrib="88" flow="352.00" occupancy="10.88" speed="7.51" harmonicMeanSpeed="4.49" length="5.00" nVehEntered="88"/>
    <interval begin="45900.00" end="46800.00" id="215_D91" nVehContrib="45" flow="180.00" occupancy="52.23" speed="7.42" harmonicMeanSpeed="4.84" length="5.00" nVehEntered="46"/>
    <interval begin="46800.00" end="47700.00" id="215_D91" nVehContrib="0" flow="0.00" occupancy="100.00" speed="-1.00" harmonicMeanSpeed="-1.00" length="-1.00" nVehEntered="0"/>
    <interval begin="47700.00" end="48600.00" id="215_D91" nVehContrib="0" flow="0.00" occupancy="100.00" speed="-1.00" harmonicMeanSpeed="-1.00" length="-1.00" nVehEntered="0"/>
    <interval begin="48600.00" end="49321.00" id="215_D91" nVehContrib="0" flow="0.00" occupancy="100.00" speed="-1.00" harmonicMeanSpeed="-1.00" length="-1.00" nVehEntered="0"/>
</detector>
