<?xml version="1.0" encoding="UTF-8"?>

<!-- generated on 2025-02-24 17:47:11 by Eclipse SUMO GUI Version 1.19.0
<configuration xmlns:xsi="http://www.w3.org/2001/XMLSchema-instance" xsi:noNamespaceSchemaLocation="http://sumo.dlr.de/xsd/sumoConfiguration.xsd">

    <input>
        <net-file value="Network.net.xml"/>
        <route-files value="CarRoutes.rou.xml,BusRoutes.rou.xml"/>
        <additional-files value="BusStops.add.xml,Sensors_dfrouter.add.xml"/>
    </input>

    <output>
        <emission-output value="logs/Emissions.xml"/>
        <tripinfo-output value="logs/TripInfos.xml"/>
    </output>

    <time>
        <begin value="0"/>
        <end value="86400"/>
        <step-length value="0.25"/>
    </time>

    <processing>
        <ignore-junction-blocker value="0.1"/>
        <time-to-teleport value="-1"/>
    </processing>

    <emissions>
        <device.emissions.period value="10"/>
    </emissions>

    <traci_server>
        <remote-port value="61971"/>
    </traci_server>

    <gui_only>
        <quit-on-end value="true"/>
        <start value="true"/>
    </gui_only>

</configuration>
-->

<detector xmlns:xsi="http://www.w3.org/2001/XMLSchema-instance" xsi:noNamespaceSchemaLocation="http://sumo.dlr.de/xsd/det_e1_file.xsd">
    <interval begin="0.00" end="900.00" id="215_D93" nVehContrib="61" flow="244.00" occupancy="3.94" speed="8.91" harmonicMeanSpeed="8.60" length="5.00" nVehEntered="61"/>
    <interval begin="900.00" end="1800.00" id="215_D93" nVehContrib="58" flow="232.00" occupancy="3.76" speed="9.09" harmonicMeanSpeed="8.58" length="5.00" nVehEntered="58"/>
    <interval begin="1800.00" end="2700.00" id="215_D93" nVehContrib="62" flow="248.00" occupancy="6.59" speed="8.45" harmonicMeanSpeed="5.22" length="5.00" nVehEntered="62"/>
    <interval begin="2700.00" end="3600.00" id="215_D93" nVehContrib="45" flow="180.00" occupancy="4.39" speed="8.69" harmonicMeanSpeed="5.70" length="5.00" nVehEntered="45"/>
    <interval begin="3600.00" end="4500.00" id="215_D93" nVehContrib="72" flow="288.00" occupancy="6.27" speed="8.18" harmonicMeanSpeed="6.38" length="5.00" nVehEntered="72"/>
    <interval begin="4500.00" end="5400.00" id="215_D93" nVehContrib="50" flow="200.00" occupancy="4.08" speed="8.41" harmonicMeanSpeed="6.82" length="5.00" nVehEntered="50"/>
    <interval begin="5400.00" end="6300.00" id="215_D93" nVehContrib="58" flow="232.00" occupancy="4.78" speed="8.32" harmonicMeanSpeed="6.74" length="5.00" nVehEntered="58"/>
    <interval begin="6300.00" end="7200.00" id="215_D93" nVehContrib="77" flow="308.00" occupancy="5.79" speed="8.41" harmonicMeanSpeed="7.39" length="5.00" nVehEntered="77"/>
    <interval begin="7200.00" end="8100.00" id="215_D93" nVehContrib="74" flow="296.00" occupancy="5.41" speed="9.19" harmonicMeanSpeed="7.59" length="5.00" nVehEntered="74"/>
    <interval begin="8100.00" end="9000.00" id="215_D93" nVehContrib="76" flow="304.00" occupancy="5.45" speed="8.51" harmonicMeanSpeed="7.75" length="5.00" nVehEntered="76"/>
    <interval begin="9000.00" end="9900.00" id="215_D93" nVehContrib="82" flow="328.00" occupancy="7.69" speed="8.73" harmonicMeanSpeed="5.92" length="5.00" nVehEntered="82"/>
    <interval begin="9900.00" end="10800.00" id="215_D93" nVehContrib="86" flow="344.00" occupancy="6.28" speed="8.22" harmonicMeanSpeed="7.67" length="5.00" nVehEntered="87"/>
    <interval begin="10800.00" end="11700.00" id="215_D93" nVehContrib="83" flow="332.00" occupancy="6.30" speed="8.48" harmonicMeanSpeed="7.25" length="5.00" nVehEntered="82"/>
    <interval begin="11700.00" end="12600.00" id="215_D93" nVehContrib="86" flow="344.00" occupancy="6.01" speed="8.81" harmonicMeanSpeed="7.95" length="5.00" nVehEntered="86"/>
    <interval begin="12600.00" end="13500.00" id="215_D93" nVehContrib="79" flow="316.00" occupancy="5.18" speed="8.79" harmonicMeanSpeed="8.47" length="5.00" nVehEntered="79"/>
    <interval begin="13500.00" end="14400.00" id="215_D93" nVehContrib="92" flow="368.00" occupancy="6.41" speed="8.47" harmonicMeanSpeed="7.97" length="5.00" nVehEntered="92"/>
    <interval begin="14400.00" end="15300.00" id="215_D93" nVehContrib="89" flow="356.00" occupancy="6.73" speed="8.08" harmonicMeanSpeed="7.35" length="5.00" nVehEntered="89"/>
    <interval begin="15300.00" end="16200.00" id="215_D93" nVehContrib="91" flow="364.00" occupancy="9.08" speed="7.89" harmonicMeanSpeed="5.57" length="5.00" nVehEntered="91"/>
    <interval begin="16200.00" end="17100.00" id="215_D93" nVehContrib="102" flow="408.00" occupancy="11.23" speed="7.77" harmonicMeanSpeed="5.05" length="5.00" nVehEntered="102"/>
    <interval begin="17100.00" end="18000.00" id="215_D93" nVehContrib="85" flow="340.00" occupancy="7.79" speed="8.16" harmonicMeanSpeed="6.06" length="5.00" nVehEntered="85"/>
    <interval begin="18000.00" end="18900.00" id="215_D93" nVehContrib="114" flow="456.00" occupancy="9.71" speed="8.36" harmonicMeanSpeed="6.52" length="5.00" nVehEntered="114"/>
    <interval begin="18900.00" end="19800.00" id="215_D93" nVehContrib="104" flow="416.00" occupancy="7.03" speed="8.67" harmonicMeanSpeed="8.21" length="5.00" nVehEntered="104"/>
    <interval begin="19800.00" end="20700.00" id="215_D93" nVehContrib="120" flow="480.00" occupancy="8.40" speed="8.66" harmonicMeanSpeed="7.93" length="5.00" nVehEntered="120"/>
    <interval begin="20700.00" end="21600.00" id="215_D93" nVehContrib="103" flow="412.00" occupancy="10.98" speed="7.73" harmonicMeanSpeed="5.21" length="5.00" nVehEntered="103"/>
    <interval begin="21600.00" end="22500.00" id="215_D93" nVehContrib="98" flow="392.00" occupancy="7.36" speed="8.58" harmonicMeanSpeed="7.40" length="5.00" nVehEntered="98"/>
    <interval begin="22500.00" end="23400.00" id="215_D93" nVehContrib="119" flow="476.00" occupancy="10.73" speed="8.48" harmonicMeanSpeed="6.58" length="5.00" nVehEntered="120"/>
    <interval begin="23400.00" end="24300.00" id="215_D93" nVehContrib="118" flow="472.00" occupancy="13.91" speed="8.02" harmonicMeanSpeed="4.49" length="5.00" nVehEntered="117"/>
    <interval begin="24300.00" end="25200.00" id="215_D93" nVehContrib="105" flow="420.00" occupancy="9.05" speed="8.04" harmonicMeanSpeed="6.44" length="5.00" nVehEntered="105"/>
    <interval begin="25200.00" end="26100.00" id="215_D93" nVehContrib="105" flow="420.00" occupancy="7.13" speed="8.58" harmonicMeanSpeed="8.18" length="5.00" nVehEntered="105"/>
    <interval begin="26100.00" end="27000.00" id="215_D93" nVehContrib="54" flow="216.00" occupancy="3.68" speed="8.48" harmonicMeanSpeed="8.16" length="5.00" nVehEntered="54"/>
    <interval begin="27000.00" end="27900.00" id="215_D93" nVehContrib="122" flow="488.00" occupancy="9.18" speed="8.33" harmonicMeanSpeed="7.38" length="5.00" nVehEntered="122"/>
    <interval begin="27900.00" end="28800.00" id="215_D93" nVehContrib="110" flow="440.00" occupancy="10.57" speed="8.03" harmonicMeanSpeed="5.79" length="5.00" nVehEntered="111"/>
    <interval begin="28800.00" end="29700.00" id="215_D93" nVehContrib="138" flow="552.00" occupancy="12.51" speed="7.97" harmonicMeanSpeed="6.12" length="5.00" nVehEntered="137"/>
    <interval begin="29700.00" end="30600.00" id="215_D93" nVehContrib="97" flow="388.00" occupancy="7.79" speed="8.75" harmonicMeanSpeed="6.92" length="5.00" nVehEntered="97"/>
    <interval begin="30600.00" end="31500.00" id="215_D93" nVehContrib="122" flow="488.00" occupancy="11.29" speed="8.32" harmonicMeanSpeed="6.00" length="5.00" nVehEntered="122"/>
    <interval begin="31500.00" end="32400.00" id="215_D93" nVehContrib="109" flow="436.00" occupancy="7.58" speed="8.40" harmonicMeanSpeed="7.99" length="5.00" nVehEntered="109"/>
    <interval begin="32400.00" end="33300.00" id="215_D93" nVehContrib="106" flow="424.00" occupancy="8.28" speed="8.11" harmonicMeanSpeed="7.11" length="5.00" nVehEntered="106"/>
    <interval begin="33300.00" end="34200.00" id="215_D93" nVehContrib="121" flow="484.00" occupancy="8.06" speed="8.73" harmonicMeanSpeed="8.34" length="5.00" nVehEntered="121"/>
    <interval begin="34200.00" end="35100.00" id="215_D93" nVehContrib="112" flow="448.00" occupancy="10.75" speed="7.61" harmonicMeanSpeed="5.79" length="5.00" nVehEntered="112"/>
    <interval begin="35100.00" end="36000.00" id="215_D93" nVehContrib="82" flow="328.00" occupancy="10.83" speed="8.26" harmonicMeanSpeed="4.21" length="5.00" nVehEntered="82"/>
    <interval begin="36000.00" end="36900.00" id="215_D93" nVehContrib="75" flow="300.00" occupancy="6.47" speed="8.10" harmonicMeanSpeed="6.44" length="5.00" nVehEntered="75"/>
    <interval begin="36900.00" end="37800.00" id="215_D93" nVehContrib="111" flow="444.00" occupancy="9.28" speed="8.07" harmonicMeanSpeed="6.64" length="5.00" nVehEntered="111"/>
    <interval begin="37800.00" end="38700.00" id="215_D93" nVehContrib="89" flow="356.00" occupancy="7.27" speed="8.33" harmonicMeanSpeed="6.80" length="5.00" nVehEntered="89"/>
    <interval begin="38700.00" end="39600.00" id="215_D93" nVehContrib="88" flow="352.00" occupancy="6.65" speed="8.41" harmonicMeanSpeed="7.35" length="5.00" nVehEntered="88"/>
    <interval begin="39600.00" end="40500.00" id="215_D93" nVehContrib="88" flow="352.00" occupancy="5.80" speed="8.78" harmonicMeanSpeed="8.43" length="5.00" nVehEntered="88"/>
    <interval begin="40500.00" end="41400.00" id="215_D93" nVehContrib="75" flow="300.00" occupancy="6.74" speed="7.86" harmonicMeanSpeed="6.18" length="5.00" nVehEntered="75"/>
    <interval begin="41400.00" end="42300.00" id="215_D93" nVehContrib="68" flow="272.00" occupancy="4.93" speed="9.31" harmonicMeanSpeed="7.66" length="5.00" nVehEntered="68"/>
    <interval begin="42300.00" end="43200.00" id="215_D93" nVehContrib="95" flow="380.00" occupancy="6.22" speed="8.75" harmonicMeanSpeed="8.49" length="5.00" nVehEntered="95"/>
    <interval begin="43200.00" end="44100.00" id="215_D93" nVehContrib="81" flow="324.00" occupancy="6.43" speed="8.44" harmonicMeanSpeed="7.00" length="5.00" nVehEntered="81"/>
    <interval begin="44100.00" end="45000.00" id="215_D93" nVehContrib="83" flow="332.00" occupancy="7.02" speed="8.05" harmonicMeanSpeed="6.56" length="5.00" nVehEntered="83"/>
    <interval begin="45000.00" end="45900.00" id="215_D93" nVehContrib="88" flow="352.00" occupancy="9.26" speed="8.04" harmonicMeanSpeed="5.28" length="5.00" nVehEntered="88"/>
    <interval begin="45900.00" end="46800.00" id="215_D93" nVehContrib="48" flow="192.00" occupancy="4.49" speed="8.56" harmonicMeanSpeed="5.94" length="5.00" nVehEntered="48"/>
    <interval begin="46800.00" end="47700.00" id="215_D93" nVehContrib="0" flow="0.00" occupancy="0.00" speed="-1.00" harmonicMeanSpeed="-1.00" length="-1.00" nVehEntered="0"/>
    <interval begin="47700.00" end="48600.00" id="215_D93" nVehContrib="0" flow="0.00" occupancy="0.00" speed="-1.00" harmonicMeanSpeed="-1.00" length="-1.00" nVehEntered="0"/>
    <interval begin="48600.00" end="49321.00" id="215_D93" nVehContrib="0" flow="0.00" occupancy="0.00" speed="-1.00" harmonicMeanSpeed="-1.00" length="-1.00" nVehEntered="0"/>
</detector>
