<?xml version="1.0" encoding="UTF-8"?>

<!-- generated on 2025-02-24 17:47:11 by Eclipse SUMO GUI Version 1.19.0
<configuration xmlns:xsi="http://www.w3.org/2001/XMLSchema-instance" xsi:noNamespaceSchemaLocation="http://sumo.dlr.de/xsd/sumoConfiguration.xsd">

    <input>
        <net-file value="Network.net.xml"/>
        <route-files value="CarRoutes.rou.xml,BusRoutes.rou.xml"/>
        <additional-files value="BusStops.add.xml,Sensors_dfrouter.add.xml"/>
    </input>

    <output>
        <emission-output value="logs/Emissions.xml"/>
        <tripinfo-output value="logs/TripInfos.xml"/>
    </output>

    <time>
        <begin value="0"/>
        <end value="86400"/>
        <step-length value="0.25"/>
    </time>

    <processing>
        <ignore-junction-blocker value="0.1"/>
        <time-to-teleport value="-1"/>
    </processing>

    <emissions>
        <device.emissions.period value="10"/>
    </emissions>

    <traci_server>
        <remote-port value="61971"/>
    </traci_server>

    <gui_only>
        <quit-on-end value="true"/>
        <start value="true"/>
    </gui_only>

</configuration>
-->

<detector xmlns:xsi="http://www.w3.org/2001/XMLSchema-instance" xsi:noNamespaceSchemaLocation="http://sumo.dlr.de/xsd/det_e1_file.xsd">
    <interval begin="0.00" end="900.00" id="215_D113" nVehContrib="79" flow="316.00" occupancy="35.31" speed="5.92" harmonicMeanSpeed="1.24" length="5.00" nVehEntered="79"/>
    <interval begin="900.00" end="1800.00" id="215_D113" nVehContrib="90" flow="360.00" occupancy="26.95" speed="5.93" harmonicMeanSpeed="1.87" length="5.00" nVehEntered="91"/>
    <interval begin="1800.00" end="2700.00" id="215_D113" nVehContrib="85" flow="340.00" occupancy="21.77" speed="6.69" harmonicMeanSpeed="2.15" length="5.00" nVehEntered="84"/>
    <interval begin="2700.00" end="3600.00" id="215_D113" nVehContrib="68" flow="272.00" occupancy="31.68" speed="6.53" harmonicMeanSpeed="1.19" length="5.00" nVehEntered="68"/>
    <interval begin="3600.00" end="4500.00" id="215_D113" nVehContrib="81" flow="324.00" occupancy="15.33" speed="7.23" harmonicMeanSpeed="2.93" length="5.00" nVehEntered="81"/>
    <interval begin="4500.00" end="5400.00" id="215_D113" nVehContrib="92" flow="368.00" occupancy="43.68" speed="5.34" harmonicMeanSpeed="1.17" length="5.00" nVehEntered="93"/>
    <interval begin="5400.00" end="6300.00" id="215_D113" nVehContrib="86" flow="344.00" occupancy="43.01" speed="6.00" harmonicMeanSpeed="1.13" length="5.00" nVehEntered="86"/>
    <interval begin="6300.00" end="7200.00" id="215_D113" nVehContrib="108" flow="432.00" occupancy="41.15" speed="5.64" harmonicMeanSpeed="1.42" length="5.00" nVehEntered="107"/>
    <interval begin="7200.00" end="8100.00" id="215_D113" nVehContrib="88" flow="352.00" occupancy="22.66" speed="6.79" harmonicMeanSpeed="2.16" length="5.00" nVehEntered="88"/>
    <interval begin="8100.00" end="9000.00" id="215_D113" nVehContrib="82" flow="328.00" occupancy="22.02" speed="6.71" harmonicMeanSpeed="2.08" length="5.00" nVehEntered="83"/>
    <interval begin="9000.00" end="9900.00" id="215_D113" nVehContrib="103" flow="412.00" occupancy="40.41" speed="5.91" harmonicMeanSpeed="1.41" length="5.00" nVehEntered="102"/>
    <interval begin="9900.00" end="10800.00" id="215_D113" nVehContrib="71" flow="284.00" occupancy="20.34" speed="6.87" harmonicMeanSpeed="1.94" length="5.00" nVehEntered="71"/>
    <interval begin="10800.00" end="11700.00" id="215_D113" nVehContrib="95" flow="380.00" occupancy="38.07" speed="6.16" harmonicMeanSpeed="1.39" length="5.00" nVehEntered="95"/>
    <interval begin="11700.00" end="12600.00" id="215_D113" nVehContrib="93" flow="372.00" occupancy="37.47" speed="6.06" harmonicMeanSpeed="1.53" length="5.00" nVehEntered="94"/>
    <interval begin="12600.00" end="13500.00" id="215_D113" nVehContrib="88" flow="352.00" occupancy="26.40" speed="6.86" harmonicMeanSpeed="1.62" length="5.00" nVehEntered="87"/>
    <interval begin="13500.00" end="14400.00" id="215_D113" nVehContrib="72" flow="288.00" occupancy="27.70" speed="6.77" harmonicMeanSpeed="1.47" length="5.00" nVehEntered="73"/>
    <interval begin="14400.00" end="15300.00" id="215_D113" nVehContrib="49" flow="196.00" occupancy="31.08" speed="6.81" harmonicMeanSpeed="0.86" length="5.00" nVehEntered="48"/>
    <interval begin="15300.00" end="16200.00" id="215_D113" nVehContrib="69" flow="276.00" occupancy="22.25" speed="6.79" harmonicMeanSpeed="1.72" length="5.00" nVehEntered="69"/>
    <interval begin="16200.00" end="17100.00" id="215_D113" nVehContrib="79" flow="316.00" occupancy="24.48" speed="6.75" harmonicMeanSpeed="1.79" length="5.00" nVehEntered="79"/>
    <interval begin="17100.00" end="18000.00" id="215_D113" nVehContrib="97" flow="388.00" occupancy="40.25" speed="6.06" harmonicMeanSpeed="1.37" length="5.00" nVehEntered="98"/>
    <interval begin="18000.00" end="18900.00" id="215_D113" nVehContrib="60" flow="240.00" occupancy="21.87" speed="6.77" harmonicMeanSpeed="1.46" length="5.00" nVehEntered="59"/>
    <interval begin="18900.00" end="19800.00" id="215_D113" nVehContrib="76" flow="304.00" occupancy="27.48" speed="6.85" harmonicMeanSpeed="1.54" length="5.00" nVehEntered="76"/>
    <interval begin="19800.00" end="20700.00" id="215_D113" nVehContrib="74" flow="296.00" occupancy="22.75" speed="6.30" harmonicMeanSpeed="1.85" length="5.00" nVehEntered="75"/>
    <interval begin="20700.00" end="21600.00" id="215_D113" nVehContrib="63" flow="252.00" occupancy="27.53" speed="6.08" harmonicMeanSpeed="1.30" length="5.00" nVehEntered="63"/>
    <interval begin="21600.00" end="22500.00" id="215_D113" nVehContrib="73" flow="292.00" occupancy="23.85" speed="6.48" harmonicMeanSpeed="1.65" length="5.00" nVehEntered="73"/>
    <interval begin="22500.00" end="23400.00" id="215_D113" nVehContrib="57" flow="228.00" occupancy="15.15" speed="7.01" harmonicMeanSpeed="2.05" length="5.00" nVehEntered="56"/>
    <interval begin="23400.00" end="24300.00" id="215_D113" nVehContrib="68" flow="272.00" occupancy="24.95" speed="7.01" harmonicMeanSpeed="1.58" length="5.00" nVehEntered="69"/>
    <interval begin="24300.00" end="25200.00" id="215_D113" nVehContrib="94" flow="376.00" occupancy="44.99" speed="5.91" harmonicMeanSpeed="1.14" length="5.00" nVehEntered="93"/>
    <interval begin="25200.00" end="26100.00" id="215_D113" nVehContrib="77" flow="308.00" occupancy="24.15" speed="6.02" harmonicMeanSpeed="1.77" length="5.00" nVehEntered="77"/>
    <interval begin="26100.00" end="27000.00" id="215_D113" nVehContrib="107" flow="428.00" occupancy="44.21" speed="5.81" harmonicMeanSpeed="1.34" length="5.00" nVehEntered="107"/>
    <interval begin="27000.00" end="27900.00" id="215_D113" nVehContrib="88" flow="352.00" occupancy="29.35" speed="6.75" harmonicMeanSpeed="1.67" length="5.00" nVehEntered="88"/>
    <interval begin="27900.00" end="28800.00" id="215_D113" nVehContrib="74" flow="296.00" occupancy="12.20" speed="7.14" harmonicMeanSpeed="3.37" length="5.00" nVehEntered="74"/>
    <interval begin="28800.00" end="29700.00" id="215_D113" nVehContrib="64" flow="256.00" occupancy="26.25" speed="7.00" harmonicMeanSpeed="1.35" length="5.00" nVehEntered="64"/>
    <interval begin="29700.00" end="30600.00" id="215_D113" nVehContrib="59" flow="236.00" occupancy="11.98" speed="6.87" harmonicMeanSpeed="2.74" length="5.00" nVehEntered="59"/>
    <interval begin="30600.00" end="31500.00" id="215_D113" nVehContrib="67" flow="268.00" occupancy="18.27" speed="7.14" harmonicMeanSpeed="2.04" length="5.00" nVehEntered="67"/>
    <interval begin="31500.00" end="32400.00" id="215_D113" nVehContrib="62" flow="248.00" occupancy="24.54" speed="6.41" harmonicMeanSpeed="1.40" length="5.00" nVehEntered="62"/>
    <interval begin="32400.00" end="33300.00" id="215_D113" nVehContrib="78" flow="312.00" occupancy="25.85" speed="6.08" harmonicMeanSpeed="1.68" length="5.00" nVehEntered="78"/>
    <interval begin="33300.00" end="34200.00" id="215_D113" nVehContrib="43" flow="172.00" occupancy="13.19" speed="7.24" harmonicMeanSpeed="1.81" length="5.00" nVehEntered="43"/>
    <interval begin="34200.00" end="35100.00" id="215_D113" nVehContrib="48" flow="192.00" occupancy="8.88" speed="7.60" harmonicMeanSpeed="3.00" length="5.00" nVehEntered="48"/>
    <interval begin="35100.00" end="36000.00" id="215_D113" nVehContrib="61" flow="244.00" occupancy="16.97" speed="7.05" harmonicMeanSpeed="2.00" length="5.00" nVehEntered="61"/>
    <interval begin="36000.00" end="36900.00" id="215_D113" nVehContrib="71" flow="284.00" occupancy="20.27" speed="6.19" harmonicMeanSpeed="1.95" length="5.00" nVehEntered="71"/>
    <interval begin="36900.00" end="37800.00" id="215_D113" nVehContrib="62" flow="248.00" occupancy="13.04" speed="6.97" harmonicMeanSpeed="2.64" length="5.00" nVehEntered="62"/>
    <interval begin="37800.00" end="38700.00" id="215_D113" nVehContrib="72" flow="288.00" occupancy="29.54" speed="5.97" harmonicMeanSpeed="1.36" length="5.00" nVehEntered="73"/>
    <interval begin="38700.00" end="39600.00" id="215_D113" nVehContrib="73" flow="292.00" occupancy="25.47" speed="6.26" harmonicMeanSpeed="1.59" length="5.00" nVehEntered="72"/>
    <interval begin="39600.00" end="40500.00" id="215_D113" nVehContrib="72" flow="288.00" occupancy="22.02" speed="6.81" harmonicMeanSpeed="1.82" length="5.00" nVehEntered="72"/>
    <interval begin="40500.00" end="41400.00" id="215_D113" nVehContrib="65" flow="260.00" occupancy="43.25" speed="5.46" harmonicMeanSpeed="0.84" length="5.00" nVehEntered="65"/>
    <interval begin="41400.00" end="42300.00" id="215_D113" nVehContrib="45" flow="180.00" occupancy="14.79" speed="6.70" harmonicMeanSpeed="1.69" length="5.00" nVehEntered="45"/>
    <interval begin="42300.00" end="43200.00" id="215_D113" nVehContrib="60" flow="240.00" occupancy="22.53" speed="6.30" harmonicMeanSpeed="1.48" length="5.00" nVehEntered="60"/>
    <interval begin="43200.00" end="44100.00" id="215_D113" nVehContrib="77" flow="308.00" occupancy="44.24" speed="5.53" harmonicMeanSpeed="0.98" length="5.00" nVehEntered="78"/>
    <interval begin="44100.00" end="45000.00" id="215_D113" nVehContrib="112" flow="448.00" occupancy="52.66" speed="5.13" harmonicMeanSpeed="1.17" length="5.00" nVehEntered="112"/>
    <interval begin="45000.00" end="45900.00" id="215_D113" nVehContrib="76" flow="304.00" occupancy="36.31" speed="5.79" harmonicMeanSpeed="1.16" length="5.00" nVehEntered="75"/>
    <interval begin="45900.00" end="46800.00" id="215_D113" nVehContrib="44" flow="176.00" occupancy="16.70" speed="6.19" harmonicMeanSpeed="1.46" length="5.00" nVehEntered="44"/>
    <interval begin="46800.00" end="47700.00" id="215_D113" nVehContrib="0" flow="0.00" occupancy="0.00" speed="-1.00" harmonicMeanSpeed="-1.00" length="-1.00" nVehEntered="0"/>
    <interval begin="47700.00" end="48600.00" id="215_D113" nVehContrib="0" flow="0.00" occupancy="0.00" speed="-1.00" harmonicMeanSpeed="-1.00" length="-1.00" nVehEntered="0"/>
    <interval begin="48600.00" end="49321.00" id="215_D113" nVehContrib="0" flow="0.00" occupancy="0.00" speed="-1.00" harmonicMeanSpeed="-1.00" length="-1.00" nVehEntered="0"/>
</detector>
