<?xml version="1.0" encoding="UTF-8"?>

<!-- generated on 2025-02-24 17:47:11 by Eclipse SUMO GUI Version 1.19.0
<configuration xmlns:xsi="http://www.w3.org/2001/XMLSchema-instance" xsi:noNamespaceSchemaLocation="http://sumo.dlr.de/xsd/sumoConfiguration.xsd">

    <input>
        <net-file value="Network.net.xml"/>
        <route-files value="CarRoutes.rou.xml,BusRoutes.rou.xml"/>
        <additional-files value="BusStops.add.xml,Sensors_dfrouter.add.xml"/>
    </input>

    <output>
        <emission-output value="logs/Emissions.xml"/>
        <tripinfo-output value="logs/TripInfos.xml"/>
    </output>

    <time>
        <begin value="0"/>
        <end value="86400"/>
        <step-length value="0.25"/>
    </time>

    <processing>
        <ignore-junction-blocker value="0.1"/>
        <time-to-teleport value="-1"/>
    </processing>

    <emissions>
        <device.emissions.period value="10"/>
    </emissions>

    <traci_server>
        <remote-port value="61971"/>
    </traci_server>

    <gui_only>
        <quit-on-end value="true"/>
        <start value="true"/>
    </gui_only>

</configuration>
-->

<detector xmlns:xsi="http://www.w3.org/2001/XMLSchema-instance" xsi:noNamespaceSchemaLocation="http://sumo.dlr.de/xsd/det_e1_file.xsd">
    <interval begin="0.00" end="900.00" id="215_D32" nVehContrib="34" flow="136.00" occupancy="21.83" speed="7.04" harmonicMeanSpeed="0.87" length="5.00" nVehEntered="34"/>
    <interval begin="900.00" end="1800.00" id="215_D32" nVehContrib="32" flow="128.00" occupancy="2.82" speed="8.05" harmonicMeanSpeed="6.31" length="5.00" nVehEntered="32"/>
    <interval begin="1800.00" end="2700.00" id="215_D32" nVehContrib="21" flow="84.00" occupancy="5.55" speed="7.71" harmonicMeanSpeed="2.89" length="5.00" nVehEntered="22"/>
    <interval begin="2700.00" end="3600.00" id="215_D32" nVehContrib="32" flow="128.00" occupancy="7.61" speed="7.86" harmonicMeanSpeed="1.95" length="5.00" nVehEntered="31"/>
    <interval begin="3600.00" end="4500.00" id="215_D32" nVehContrib="25" flow="100.00" occupancy="10.66" speed="7.99" harmonicMeanSpeed="1.30" length="5.00" nVehEntered="25"/>
    <interval begin="4500.00" end="5400.00" id="215_D32" nVehContrib="26" flow="104.00" occupancy="1.95" speed="8.37" harmonicMeanSpeed="7.39" length="5.00" nVehEntered="26"/>
    <interval begin="5400.00" end="6300.00" id="215_D32" nVehContrib="22" flow="88.00" occupancy="1.47" speed="8.47" harmonicMeanSpeed="8.33" length="5.00" nVehEntered="22"/>
    <interval begin="6300.00" end="7200.00" id="215_D32" nVehContrib="33" flow="132.00" occupancy="4.71" speed="7.89" harmonicMeanSpeed="3.89" length="5.00" nVehEntered="33"/>
    <interval begin="7200.00" end="8100.00" id="215_D32" nVehContrib="24" flow="96.00" occupancy="1.50" speed="8.93" harmonicMeanSpeed="8.92" length="5.00" nVehEntered="24"/>
    <interval begin="8100.00" end="9000.00" id="215_D32" nVehContrib="25" flow="100.00" occupancy="1.96" speed="8.27" harmonicMeanSpeed="7.13" length="5.00" nVehEntered="26"/>
    <interval begin="9000.00" end="9900.00" id="215_D32" nVehContrib="36" flow="144.00" occupancy="7.99" speed="8.11" harmonicMeanSpeed="2.50" length="5.00" nVehEntered="35"/>
    <interval begin="9900.00" end="10800.00" id="215_D32" nVehContrib="29" flow="116.00" occupancy="5.40" speed="7.44" harmonicMeanSpeed="2.98" length="5.00" nVehEntered="29"/>
    <interval begin="10800.00" end="11700.00" id="215_D32" nVehContrib="29" flow="116.00" occupancy="3.90" speed="8.22" harmonicMeanSpeed="4.14" length="5.00" nVehEntered="29"/>
    <interval begin="11700.00" end="12600.00" id="215_D32" nVehContrib="28" flow="112.00" occupancy="4.94" speed="8.18" harmonicMeanSpeed="3.15" length="5.00" nVehEntered="28"/>
    <interval begin="12600.00" end="13500.00" id="215_D32" nVehContrib="29" flow="116.00" occupancy="2.47" speed="8.14" harmonicMeanSpeed="6.53" length="5.00" nVehEntered="29"/>
    <interval begin="13500.00" end="14400.00" id="215_D32" nVehContrib="29" flow="116.00" occupancy="1.93" speed="8.52" harmonicMeanSpeed="8.38" length="5.00" nVehEntered="30"/>
    <interval begin="14400.00" end="15300.00" id="215_D32" nVehContrib="24" flow="96.00" occupancy="1.50" speed="8.90" harmonicMeanSpeed="8.84" length="5.00" nVehEntered="23"/>
    <interval begin="15300.00" end="16200.00" id="215_D32" nVehContrib="34" flow="136.00" occupancy="5.25" speed="7.24" harmonicMeanSpeed="3.60" length="5.00" nVehEntered="34"/>
    <interval begin="16200.00" end="17100.00" id="215_D32" nVehContrib="26" flow="104.00" occupancy="1.70" speed="8.63" harmonicMeanSpeed="8.47" length="5.00" nVehEntered="26"/>
    <interval begin="17100.00" end="18000.00" id="215_D32" nVehContrib="22" flow="88.00" occupancy="1.39" speed="8.86" harmonicMeanSpeed="8.78" length="5.00" nVehEntered="22"/>
    <interval begin="18000.00" end="18900.00" id="215_D32" nVehContrib="24" flow="96.00" occupancy="1.60" speed="8.48" harmonicMeanSpeed="8.36" length="5.00" nVehEntered="24"/>
    <interval begin="18900.00" end="19800.00" id="215_D32" nVehContrib="27" flow="108.00" occupancy="8.16" speed="7.94" harmonicMeanSpeed="1.84" length="5.00" nVehEntered="27"/>
    <interval begin="19800.00" end="20700.00" id="215_D32" nVehContrib="28" flow="112.00" occupancy="1.99" speed="8.53" harmonicMeanSpeed="7.81" length="5.00" nVehEntered="28"/>
    <interval begin="20700.00" end="21600.00" id="215_D32" nVehContrib="24" flow="96.00" occupancy="4.39" speed="7.81" harmonicMeanSpeed="3.04" length="5.00" nVehEntered="24"/>
    <interval begin="21600.00" end="22500.00" id="215_D32" nVehContrib="32" flow="128.00" occupancy="2.84" speed="8.31" harmonicMeanSpeed="6.25" length="5.00" nVehEntered="32"/>
    <interval begin="22500.00" end="23400.00" id="215_D32" nVehContrib="28" flow="112.00" occupancy="8.15" speed="7.95" harmonicMeanSpeed="1.91" length="5.00" nVehEntered="28"/>
    <interval begin="23400.00" end="24300.00" id="215_D32" nVehContrib="27" flow="108.00" occupancy="8.56" speed="7.65" harmonicMeanSpeed="1.75" length="5.00" nVehEntered="27"/>
    <interval begin="24300.00" end="25200.00" id="215_D32" nVehContrib="29" flow="116.00" occupancy="7.83" speed="7.50" harmonicMeanSpeed="2.06" length="5.00" nVehEntered="29"/>
    <interval begin="25200.00" end="26100.00" id="215_D32" nVehContrib="33" flow="132.00" occupancy="5.80" speed="7.84" harmonicMeanSpeed="3.16" length="5.00" nVehEntered="33"/>
    <interval begin="26100.00" end="27000.00" id="215_D32" nVehContrib="54" flow="216.00" occupancy="22.21" speed="6.31" harmonicMeanSpeed="1.35" length="5.00" nVehEntered="54"/>
    <interval begin="27000.00" end="27900.00" id="215_D32" nVehContrib="38" flow="152.00" occupancy="3.29" speed="8.16" harmonicMeanSpeed="6.41" length="5.00" nVehEntered="38"/>
    <interval begin="27900.00" end="28800.00" id="215_D32" nVehContrib="33" flow="132.00" occupancy="3.11" speed="8.12" harmonicMeanSpeed="5.90" length="5.00" nVehEntered="33"/>
    <interval begin="28800.00" end="29700.00" id="215_D32" nVehContrib="23" flow="92.00" occupancy="1.72" speed="8.25" harmonicMeanSpeed="7.44" length="5.00" nVehEntered="23"/>
    <interval begin="29700.00" end="30600.00" id="215_D32" nVehContrib="23" flow="92.00" occupancy="1.59" speed="8.25" harmonicMeanSpeed="8.03" length="5.00" nVehEntered="23"/>
    <interval begin="30600.00" end="31500.00" id="215_D32" nVehContrib="29" flow="116.00" occupancy="5.28" speed="8.06" harmonicMeanSpeed="7.39" length="5.00" nVehEntered="30"/>
    <interval begin="31500.00" end="32400.00" id="215_D32" nVehContrib="37" flow="148.00" occupancy="20.20" speed="6.87" harmonicMeanSpeed="0.88" length="5.00" nVehEntered="36"/>
    <interval begin="32400.00" end="33300.00" id="215_D32" nVehContrib="30" flow="120.00" occupancy="5.37" speed="7.99" harmonicMeanSpeed="3.11" length="5.00" nVehEntered="30"/>
    <interval begin="33300.00" end="34200.00" id="215_D32" nVehContrib="22" flow="88.00" occupancy="1.66" speed="8.27" harmonicMeanSpeed="7.36" length="5.00" nVehEntered="22"/>
    <interval begin="34200.00" end="35100.00" id="215_D32" nVehContrib="16" flow="64.00" occupancy="1.06" speed="8.52" harmonicMeanSpeed="8.36" length="5.00" nVehEntered="16"/>
    <interval begin="35100.00" end="36000.00" id="215_D32" nVehContrib="29" flow="116.00" occupancy="5.05" speed="8.28" harmonicMeanSpeed="3.19" length="5.00" nVehEntered="29"/>
    <interval begin="36000.00" end="36900.00" id="215_D32" nVehContrib="22" flow="88.00" occupancy="1.42" speed="8.72" harmonicMeanSpeed="8.63" length="5.00" nVehEntered="22"/>
    <interval begin="36900.00" end="37800.00" id="215_D32" nVehContrib="27" flow="108.00" occupancy="1.77" speed="8.61" harmonicMeanSpeed="8.47" length="5.00" nVehEntered="27"/>
    <interval begin="37800.00" end="38700.00" id="215_D32" nVehContrib="26" flow="104.00" occupancy="11.22" speed="7.45" harmonicMeanSpeed="1.29" length="5.00" nVehEntered="26"/>
    <interval begin="38700.00" end="39600.00" id="215_D32" nVehContrib="20" flow="80.00" occupancy="4.87" speed="8.01" harmonicMeanSpeed="2.28" length="5.00" nVehEntered="20"/>
    <interval begin="39600.00" end="40500.00" id="215_D32" nVehContrib="16" flow="64.00" occupancy="1.09" speed="8.36" harmonicMeanSpeed="8.18" length="5.00" nVehEntered="16"/>
    <interval begin="40500.00" end="41400.00" id="215_D32" nVehContrib="17" flow="68.00" occupancy="1.08" speed="8.82" harmonicMeanSpeed="8.78" length="5.00" nVehEntered="17"/>
    <interval begin="41400.00" end="42300.00" id="215_D32" nVehContrib="15" flow="60.00" occupancy="0.96" speed="8.71" harmonicMeanSpeed="8.66" length="5.00" nVehEntered="15"/>
    <interval begin="42300.00" end="43200.00" id="215_D32" nVehContrib="12" flow="48.00" occupancy="0.75" speed="8.85" harmonicMeanSpeed="8.85" length="5.00" nVehEntered="12"/>
    <interval begin="43200.00" end="44100.00" id="215_D32" nVehContrib="14" flow="56.00" occupancy="0.98" speed="8.52" harmonicMeanSpeed="7.94" length="5.00" nVehEntered="14"/>
    <interval begin="44100.00" end="45000.00" id="215_D32" nVehContrib="14" flow="56.00" occupancy="0.86" speed="9.06" harmonicMeanSpeed="9.05" length="5.00" nVehEntered="14"/>
    <interval begin="45000.00" end="45900.00" id="215_D32" nVehContrib="14" flow="56.00" occupancy="0.94" speed="8.52" harmonicMeanSpeed="8.29" length="5.00" nVehEntered="14"/>
    <interval begin="45900.00" end="46800.00" id="215_D32" nVehContrib="5" flow="20.00" occupancy="0.30" speed="9.16" harmonicMeanSpeed="9.15" length="5.00" nVehEntered="5"/>
    <interval begin="46800.00" end="47700.00" id="215_D32" nVehContrib="2" flow="8.00" occupancy="74.71" speed="6.94" harmonicMeanSpeed="6.58" length="5.00" nVehEntered="3"/>
    <interval begin="47700.00" end="48600.00" id="215_D32" nVehContrib="0" flow="0.00" occupancy="100.00" speed="-1.00" harmonicMeanSpeed="-1.00" length="-1.00" nVehEntered="0"/>
    <interval begin="48600.00" end="49321.00" id="215_D32" nVehContrib="0" flow="0.00" occupancy="100.00" speed="-1.00" harmonicMeanSpeed="-1.00" length="-1.00" nVehEntered="0"/>
</detector>
