<?xml version="1.0" encoding="UTF-8"?>

<!-- generated on 2025-02-24 17:47:11 by Eclipse SUMO GUI Version 1.19.0
<configuration xmlns:xsi="http://www.w3.org/2001/XMLSchema-instance" xsi:noNamespaceSchemaLocation="http://sumo.dlr.de/xsd/sumoConfiguration.xsd">

    <input>
        <net-file value="Network.net.xml"/>
        <route-files value="CarRoutes.rou.xml,BusRoutes.rou.xml"/>
        <additional-files value="BusStops.add.xml,Sensors_dfrouter.add.xml"/>
    </input>

    <output>
        <emission-output value="logs/Emissions.xml"/>
        <tripinfo-output value="logs/TripInfos.xml"/>
    </output>

    <time>
        <begin value="0"/>
        <end value="86400"/>
        <step-length value="0.25"/>
    </time>

    <processing>
        <ignore-junction-blocker value="0.1"/>
        <time-to-teleport value="-1"/>
    </processing>

    <emissions>
        <device.emissions.period value="10"/>
    </emissions>

    <traci_server>
        <remote-port value="61971"/>
    </traci_server>

    <gui_only>
        <quit-on-end value="true"/>
        <start value="true"/>
    </gui_only>

</configuration>
-->

<detector xmlns:xsi="http://www.w3.org/2001/XMLSchema-instance" xsi:noNamespaceSchemaLocation="http://sumo.dlr.de/xsd/det_e1_file.xsd">
    <interval begin="0.00" end="900.00" id="216_D11" nVehContrib="18" flow="72.00" occupancy="15.83" speed="4.23" harmonicMeanSpeed="0.63" length="5.00" nVehEntered="18"/>
    <interval begin="900.00" end="1800.00" id="216_D11" nVehContrib="22" flow="88.00" occupancy="17.72" speed="5.19" harmonicMeanSpeed="0.69" length="5.00" nVehEntered="22"/>
    <interval begin="1800.00" end="2700.00" id="216_D11" nVehContrib="21" flow="84.00" occupancy="21.62" speed="3.89" harmonicMeanSpeed="0.54" length="5.00" nVehEntered="21"/>
    <interval begin="2700.00" end="3600.00" id="216_D11" nVehContrib="20" flow="80.00" occupancy="17.04" speed="4.41" harmonicMeanSpeed="0.65" length="5.00" nVehEntered="20"/>
    <interval begin="3600.00" end="4500.00" id="216_D11" nVehContrib="20" flow="80.00" occupancy="19.52" speed="4.43" harmonicMeanSpeed="0.57" length="5.00" nVehEntered="20"/>
    <interval begin="4500.00" end="5400.00" id="216_D11" nVehContrib="18" flow="72.00" occupancy="22.73" speed="4.40" harmonicMeanSpeed="0.62" length="5.00" nVehEntered="19"/>
    <interval begin="5400.00" end="6300.00" id="216_D11" nVehContrib="20" flow="80.00" occupancy="30.46" speed="3.74" harmonicMeanSpeed="0.32" length="5.00" nVehEntered="20"/>
    <interval begin="6300.00" end="7200.00" id="216_D11" nVehContrib="39" flow="156.00" occupancy="31.45" speed="5.04" harmonicMeanSpeed="0.65" length="5.00" nVehEntered="38"/>
    <interval begin="7200.00" end="8100.00" id="216_D11" nVehContrib="19" flow="76.00" occupancy="25.61" speed="4.17" harmonicMeanSpeed="0.41" length="5.00" nVehEntered="19"/>
    <interval begin="8100.00" end="9000.00" id="216_D11" nVehContrib="21" flow="84.00" occupancy="28.87" speed="4.61" harmonicMeanSpeed="0.40" length="5.00" nVehEntered="21"/>
    <interval begin="9000.00" end="9900.00" id="216_D11" nVehContrib="31" flow="124.00" occupancy="28.88" speed="4.38" harmonicMeanSpeed="0.60" length="5.00" nVehEntered="31"/>
    <interval begin="9900.00" end="10800.00" id="216_D11" nVehContrib="22" flow="88.00" occupancy="20.57" speed="4.47" harmonicMeanSpeed="0.59" length="5.00" nVehEntered="22"/>
    <interval begin="10800.00" end="11700.00" id="216_D11" nVehContrib="13" flow="52.00" occupancy="27.56" speed="5.08" harmonicMeanSpeed="0.53" length="5.00" nVehEntered="14"/>
    <interval begin="11700.00" end="12600.00" id="216_D11" nVehContrib="34" flow="136.00" occupancy="41.64" speed="4.94" harmonicMeanSpeed="0.36" length="5.00" nVehEntered="34"/>
    <interval begin="12600.00" end="13500.00" id="216_D11" nVehContrib="25" flow="100.00" occupancy="27.68" speed="4.99" harmonicMeanSpeed="0.52" length="5.00" nVehEntered="25"/>
    <interval begin="13500.00" end="14400.00" id="216_D11" nVehContrib="20" flow="80.00" occupancy="28.36" speed="4.47" harmonicMeanSpeed="0.37" length="5.00" nVehEntered="20"/>
    <interval begin="14400.00" end="15300.00" id="216_D11" nVehContrib="14" flow="56.00" occupancy="18.81" speed="3.23" harmonicMeanSpeed="0.38" length="5.00" nVehEntered="13"/>
    <interval begin="15300.00" end="16200.00" id="216_D11" nVehContrib="19" flow="76.00" occupancy="18.58" speed="3.90" harmonicMeanSpeed="0.57" length="5.00" nVehEntered="19"/>
    <interval begin="16200.00" end="17100.00" id="216_D11" nVehContrib="21" flow="84.00" occupancy="21.12" speed="4.81" harmonicMeanSpeed="0.55" length="5.00" nVehEntered="21"/>
    <interval begin="17100.00" end="18000.00" id="216_D11" nVehContrib="23" flow="92.00" occupancy="21.11" speed="4.34" harmonicMeanSpeed="0.61" length="5.00" nVehEntered="23"/>
    <interval begin="18000.00" end="18900.00" id="216_D11" nVehContrib="18" flow="72.00" occupancy="23.42" speed="4.57" harmonicMeanSpeed="0.43" length="5.00" nVehEntered="18"/>
    <interval begin="18900.00" end="19800.00" id="216_D11" nVehContrib="34" flow="136.00" occupancy="30.44" speed="4.20" harmonicMeanSpeed="0.62" length="5.00" nVehEntered="35"/>
    <interval begin="19800.00" end="20700.00" id="216_D11" nVehContrib="28" flow="112.00" occupancy="39.08" speed="4.88" harmonicMeanSpeed="0.41" length="5.00" nVehEntered="28"/>
    <interval begin="20700.00" end="21600.00" id="216_D11" nVehContrib="17" flow="68.00" occupancy="40.47" speed="3.80" harmonicMeanSpeed="0.23" length="5.00" nVehEntered="16"/>
    <interval begin="21600.00" end="22500.00" id="216_D11" nVehContrib="24" flow="96.00" occupancy="39.25" speed="4.09" harmonicMeanSpeed="0.34" length="5.00" nVehEntered="24"/>
    <interval begin="22500.00" end="23400.00" id="216_D11" nVehContrib="37" flow="148.00" occupancy="57.16" speed="4.76" harmonicMeanSpeed="0.36" length="5.00" nVehEntered="37"/>
    <interval begin="23400.00" end="24300.00" id="216_D11" nVehContrib="39" flow="156.00" occupancy="47.25" speed="5.22" harmonicMeanSpeed="0.46" length="5.00" nVehEntered="39"/>
    <interval begin="24300.00" end="25200.00" id="216_D11" nVehContrib="37" flow="148.00" occupancy="44.51" speed="5.19" harmonicMeanSpeed="0.48" length="5.00" nVehEntered="38"/>
    <interval begin="25200.00" end="26100.00" id="216_D11" nVehContrib="33" flow="132.00" occupancy="43.83" speed="5.13" harmonicMeanSpeed="0.41" length="5.00" nVehEntered="32"/>
    <interval begin="26100.00" end="27000.00" id="216_D11" nVehContrib="31" flow="124.00" occupancy="33.10" speed="5.36" harmonicMeanSpeed="0.62" length="5.00" nVehEntered="32"/>
    <interval begin="27000.00" end="27900.00" id="216_D11" nVehContrib="38" flow="152.00" occupancy="32.56" speed="5.54" harmonicMeanSpeed="0.56" length="5.00" nVehEntered="37"/>
    <interval begin="27900.00" end="28800.00" id="216_D11" nVehContrib="36" flow="144.00" occupancy="40.97" speed="5.59" harmonicMeanSpeed="0.49" length="5.00" nVehEntered="36"/>
    <interval begin="28800.00" end="29700.00" id="216_D11" nVehContrib="29" flow="116.00" occupancy="48.55" speed="5.36" harmonicMeanSpeed="0.35" length="5.00" nVehEntered="30"/>
    <interval begin="29700.00" end="30600.00" id="216_D11" nVehContrib="29" flow="116.00" occupancy="35.22" speed="4.84" harmonicMeanSpeed="0.42" length="5.00" nVehEntered="28"/>
    <interval begin="30600.00" end="31500.00" id="216_D11" nVehContrib="32" flow="128.00" occupancy="40.31" speed="5.38" harmonicMeanSpeed="0.44" length="5.00" nVehEntered="32"/>
    <interval begin="31500.00" end="32400.00" id="216_D11" nVehContrib="16" flow="64.00" occupancy="28.81" speed="4.76" harmonicMeanSpeed="0.31" length="5.00" nVehEntered="16"/>
    <interval begin="32400.00" end="33300.00" id="216_D11" nVehContrib="23" flow="92.00" occupancy="40.51" speed="4.23" harmonicMeanSpeed="0.32" length="5.00" nVehEntered="23"/>
    <interval begin="33300.00" end="34200.00" id="216_D11" nVehContrib="19" flow="76.00" occupancy="39.14" speed="4.14" harmonicMeanSpeed="0.27" length="5.00" nVehEntered="19"/>
    <interval begin="34200.00" end="35100.00" id="216_D11" nVehContrib="10" flow="40.00" occupancy="9.35" speed="4.96" harmonicMeanSpeed="0.62" length="5.00" nVehEntered="11"/>
    <interval begin="35100.00" end="36000.00" id="216_D11" nVehContrib="17" flow="68.00" occupancy="20.35" speed="4.92" harmonicMeanSpeed="0.45" length="5.00" nVehEntered="16"/>
    <interval begin="36000.00" end="36900.00" id="216_D11" nVehContrib="17" flow="68.00" occupancy="19.94" speed="4.16" harmonicMeanSpeed="0.47" length="5.00" nVehEntered="17"/>
    <interval begin="36900.00" end="37800.00" id="216_D11" nVehContrib="23" flow="92.00" occupancy="31.78" speed="4.42" harmonicMeanSpeed="0.40" length="5.00" nVehEntered="23"/>
    <interval begin="37800.00" end="38700.00" id="216_D11" nVehContrib="12" flow="48.00" occupancy="8.43" speed="4.78" harmonicMeanSpeed="0.79" length="5.00" nVehEntered="12"/>
    <interval begin="38700.00" end="39600.00" id="216_D11" nVehContrib="5" flow="20.00" occupancy="4.32" speed="4.09" harmonicMeanSpeed="0.64" length="5.00" nVehEntered="5"/>
    <interval begin="39600.00" end="40500.00" id="216_D11" nVehContrib="14" flow="56.00" occupancy="12.15" speed="3.93" harmonicMeanSpeed="0.64" length="5.00" nVehEntered="14"/>
    <interval begin="40500.00" end="41400.00" id="216_D11" nVehContrib="4" flow="16.00" occupancy="14.22" speed="2.53" harmonicMeanSpeed="0.16" length="5.00" nVehEntered="4"/>
    <interval begin="41400.00" end="42300.00" id="216_D11" nVehContrib="5" flow="20.00" occupancy="7.39" speed="4.61" harmonicMeanSpeed="0.38" length="5.00" nVehEntered="5"/>
    <interval begin="42300.00" end="43200.00" id="216_D11" nVehContrib="7" flow="28.00" occupancy="2.76" speed="4.20" harmonicMeanSpeed="1.41" length="5.00" nVehEntered="7"/>
    <interval begin="43200.00" end="44100.00" id="216_D11" nVehContrib="7" flow="28.00" occupancy="5.13" speed="4.47" harmonicMeanSpeed="0.76" length="5.00" nVehEntered="7"/>
    <interval begin="44100.00" end="45000.00" id="216_D11" nVehContrib="4" flow="16.00" occupancy="16.26" speed="2.07" harmonicMeanSpeed="0.23" length="5.00" nVehEntered="5"/>
    <interval begin="45000.00" end="45900.00" id="216_D11" nVehContrib="5" flow="20.00" occupancy="19.99" speed="1.13" harmonicMeanSpeed="0.10" length="5.00" nVehEntered="4"/>
    <interval begin="45900.00" end="46800.00" id="216_D11" nVehContrib="2" flow="8.00" occupancy="35.99" speed="4.07" harmonicMeanSpeed="1.12" length="5.00" nVehEntered="3"/>
    <interval begin="46800.00" end="47700.00" id="216_D11" nVehContrib="0" flow="0.00" occupancy="100.00" speed="-1.00" harmonicMeanSpeed="-1.00" length="-1.00" nVehEntered="0"/>
    <interval begin="47700.00" end="48600.00" id="216_D11" nVehContrib="0" flow="0.00" occupancy="100.00" speed="-1.00" harmonicMeanSpeed="-1.00" length="-1.00" nVehEntered="0"/>
    <interval begin="48600.00" end="49321.00" id="216_D11" nVehContrib="0" flow="0.00" occupancy="100.00" speed="-1.00" harmonicMeanSpeed="-1.00" length="-1.00" nVehEntered="0"/>
</detector>
