<?xml version="1.0" encoding="UTF-8"?>

<!-- generated on 2025-02-24 17:47:11 by Eclipse SUMO GUI Version 1.19.0
<configuration xmlns:xsi="http://www.w3.org/2001/XMLSchema-instance" xsi:noNamespaceSchemaLocation="http://sumo.dlr.de/xsd/sumoConfiguration.xsd">

    <input>
        <net-file value="Network.net.xml"/>
        <route-files value="CarRoutes.rou.xml,BusRoutes.rou.xml"/>
        <additional-files value="BusStops.add.xml,Sensors_dfrouter.add.xml"/>
    </input>

    <output>
        <emission-output value="logs/Emissions.xml"/>
        <tripinfo-output value="logs/TripInfos.xml"/>
    </output>

    <time>
        <begin value="0"/>
        <end value="86400"/>
        <step-length value="0.25"/>
    </time>

    <processing>
        <ignore-junction-blocker value="0.1"/>
        <time-to-teleport value="-1"/>
    </processing>

    <emissions>
        <device.emissions.period value="10"/>
    </emissions>

    <traci_server>
        <remote-port value="61971"/>
    </traci_server>

    <gui_only>
        <quit-on-end value="true"/>
        <start value="true"/>
    </gui_only>

</configuration>
-->

<detector xmlns:xsi="http://www.w3.org/2001/XMLSchema-instance" xsi:noNamespaceSchemaLocation="http://sumo.dlr.de/xsd/det_e1_file.xsd">
    <interval begin="0.00" end="900.00" id="216_D102" nVehContrib="32" flow="128.00" occupancy="1.50" speed="12.22" harmonicMeanSpeed="11.83" length="5.00" nVehEntered="32"/>
    <interval begin="900.00" end="1800.00" id="216_D102" nVehContrib="36" flow="144.00" occupancy="2.13" speed="10.41" harmonicMeanSpeed="9.39" length="5.00" nVehEntered="36"/>
    <interval begin="1800.00" end="2700.00" id="216_D102" nVehContrib="10" flow="40.00" occupancy="0.45" speed="12.49" harmonicMeanSpeed="12.25" length="5.00" nVehEntered="10"/>
    <interval begin="2700.00" end="3600.00" id="216_D102" nVehContrib="24" flow="96.00" occupancy="1.23" speed="11.62" harmonicMeanSpeed="10.83" length="5.00" nVehEntered="24"/>
    <interval begin="3600.00" end="4500.00" id="216_D102" nVehContrib="38" flow="152.00" occupancy="2.21" speed="10.56" harmonicMeanSpeed="9.55" length="5.00" nVehEntered="38"/>
    <interval begin="4500.00" end="5400.00" id="216_D102" nVehContrib="20" flow="80.00" occupancy="1.03" speed="11.11" harmonicMeanSpeed="10.74" length="5.00" nVehEntered="20"/>
    <interval begin="5400.00" end="6300.00" id="216_D102" nVehContrib="17" flow="68.00" occupancy="0.91" speed="11.39" harmonicMeanSpeed="10.40" length="5.00" nVehEntered="17"/>
    <interval begin="6300.00" end="7200.00" id="216_D102" nVehContrib="32" flow="128.00" occupancy="2.01" speed="10.61" harmonicMeanSpeed="8.85" length="5.00" nVehEntered="32"/>
    <interval begin="7200.00" end="8100.00" id="216_D102" nVehContrib="30" flow="120.00" occupancy="2.09" speed="10.11" harmonicMeanSpeed="7.97" length="5.00" nVehEntered="30"/>
    <interval begin="8100.00" end="9000.00" id="216_D102" nVehContrib="35" flow="140.00" occupancy="2.37" speed="10.13" harmonicMeanSpeed="8.21" length="5.00" nVehEntered="35"/>
    <interval begin="9000.00" end="9900.00" id="216_D102" nVehContrib="31" flow="124.00" occupancy="1.76" speed="10.86" harmonicMeanSpeed="9.80" length="5.00" nVehEntered="31"/>
    <interval begin="9900.00" end="10800.00" id="216_D102" nVehContrib="15" flow="60.00" occupancy="0.80" speed="11.08" harmonicMeanSpeed="10.39" length="5.00" nVehEntered="15"/>
    <interval begin="10800.00" end="11700.00" id="216_D102" nVehContrib="24" flow="96.00" occupancy="1.22" speed="11.77" harmonicMeanSpeed="10.92" length="5.00" nVehEntered="24"/>
    <interval begin="11700.00" end="12600.00" id="216_D102" nVehContrib="36" flow="144.00" occupancy="2.47" speed="9.87" harmonicMeanSpeed="8.10" length="5.00" nVehEntered="36"/>
    <interval begin="12600.00" end="13500.00" id="216_D102" nVehContrib="40" flow="160.00" occupancy="4.42" speed="9.53" harmonicMeanSpeed="5.07" length="5.00" nVehEntered="41"/>
    <interval begin="13500.00" end="14400.00" id="216_D102" nVehContrib="32" flow="128.00" occupancy="2.50" speed="9.57" harmonicMeanSpeed="7.00" length="5.00" nVehEntered="31"/>
    <interval begin="14400.00" end="15300.00" id="216_D102" nVehContrib="22" flow="88.00" occupancy="1.62" speed="9.76" harmonicMeanSpeed="7.55" length="5.00" nVehEntered="22"/>
    <interval begin="15300.00" end="16200.00" id="216_D102" nVehContrib="43" flow="172.00" occupancy="3.35" speed="9.31" harmonicMeanSpeed="7.13" length="5.00" nVehEntered="43"/>
    <interval begin="16200.00" end="17100.00" id="216_D102" nVehContrib="33" flow="132.00" occupancy="2.22" speed="9.90" harmonicMeanSpeed="8.25" length="5.00" nVehEntered="33"/>
    <interval begin="17100.00" end="18000.00" id="216_D102" nVehContrib="38" flow="152.00" occupancy="2.81" speed="9.85" harmonicMeanSpeed="7.52" length="5.00" nVehEntered="38"/>
    <interval begin="18000.00" end="18900.00" id="216_D102" nVehContrib="44" flow="176.00" occupancy="5.19" speed="6.49" harmonicMeanSpeed="4.71" length="5.00" nVehEntered="44"/>
    <interval begin="18900.00" end="19800.00" id="216_D102" nVehContrib="44" flow="176.00" occupancy="3.24" speed="9.86" harmonicMeanSpeed="7.55" length="5.00" nVehEntered="44"/>
    <interval begin="19800.00" end="20700.00" id="216_D102" nVehContrib="35" flow="140.00" occupancy="2.41" speed="9.83" harmonicMeanSpeed="8.07" length="5.00" nVehEntered="35"/>
    <interval begin="20700.00" end="21600.00" id="216_D102" nVehContrib="35" flow="140.00" occupancy="2.74" speed="9.47" harmonicMeanSpeed="7.10" length="5.00" nVehEntered="35"/>
    <interval begin="21600.00" end="22500.00" id="216_D102" nVehContrib="21" flow="84.00" occupancy="1.16" speed="10.42" harmonicMeanSpeed="10.08" length="5.00" nVehEntered="21"/>
    <interval begin="22500.00" end="23400.00" id="216_D102" nVehContrib="30" flow="120.00" occupancy="2.13" speed="9.79" harmonicMeanSpeed="7.82" length="5.00" nVehEntered="30"/>
    <interval begin="23400.00" end="24300.00" id="216_D102" nVehContrib="41" flow="164.00" occupancy="4.02" speed="8.22" harmonicMeanSpeed="5.67" length="5.00" nVehEntered="41"/>
    <interval begin="24300.00" end="25200.00" id="216_D102" nVehContrib="40" flow="160.00" occupancy="2.89" speed="9.81" harmonicMeanSpeed="7.70" length="5.00" nVehEntered="40"/>
    <interval begin="25200.00" end="26100.00" id="216_D102" nVehContrib="53" flow="212.00" occupancy="4.55" speed="8.42" harmonicMeanSpeed="6.47" length="5.00" nVehEntered="53"/>
    <interval begin="26100.00" end="27000.00" id="216_D102" nVehContrib="31" flow="124.00" occupancy="2.17" speed="9.87" harmonicMeanSpeed="7.94" length="5.00" nVehEntered="31"/>
    <interval begin="27000.00" end="27900.00" id="216_D102" nVehContrib="41" flow="164.00" occupancy="3.02" speed="9.41" harmonicMeanSpeed="7.53" length="5.00" nVehEntered="41"/>
    <interval begin="27900.00" end="28800.00" id="216_D102" nVehContrib="45" flow="180.00" occupancy="3.36" speed="9.65" harmonicMeanSpeed="7.43" length="5.00" nVehEntered="45"/>
    <interval begin="28800.00" end="29700.00" id="216_D102" nVehContrib="42" flow="168.00" occupancy="11.55" speed="8.61" harmonicMeanSpeed="2.02" length="5.00" nVehEntered="42"/>
    <interval begin="29700.00" end="30600.00" id="216_D102" nVehContrib="36" flow="144.00" occupancy="2.74" speed="9.79" harmonicMeanSpeed="7.30" length="5.00" nVehEntered="36"/>
    <interval begin="30600.00" end="31500.00" id="216_D102" nVehContrib="25" flow="100.00" occupancy="1.63" speed="10.05" harmonicMeanSpeed="8.51" length="5.00" nVehEntered="25"/>
    <interval begin="31500.00" end="32400.00" id="216_D102" nVehContrib="28" flow="112.00" occupancy="1.72" speed="9.94" harmonicMeanSpeed="9.02" length="5.00" nVehEntered="28"/>
    <interval begin="32400.00" end="33300.00" id="216_D102" nVehContrib="23" flow="92.00" occupancy="1.13" speed="11.72" harmonicMeanSpeed="11.29" length="5.00" nVehEntered="23"/>
    <interval begin="33300.00" end="34200.00" id="216_D102" nVehContrib="29" flow="116.00" occupancy="1.66" speed="10.83" harmonicMeanSpeed="9.69" length="5.00" nVehEntered="29"/>
    <interval begin="34200.00" end="35100.00" id="216_D102" nVehContrib="19" flow="76.00" occupancy="1.00" speed="11.55" harmonicMeanSpeed="10.58" length="5.00" nVehEntered="19"/>
    <interval begin="35100.00" end="36000.00" id="216_D102" nVehContrib="16" flow="64.00" occupancy="0.83" speed="12.08" harmonicMeanSpeed="10.74" length="5.00" nVehEntered="16"/>
    <interval begin="36000.00" end="36900.00" id="216_D102" nVehContrib="15" flow="60.00" occupancy="0.72" speed="12.14" harmonicMeanSpeed="11.65" length="5.00" nVehEntered="15"/>
    <interval begin="36900.00" end="37800.00" id="216_D102" nVehContrib="13" flow="52.00" occupancy="0.61" speed="12.22" harmonicMeanSpeed="11.86" length="5.00" nVehEntered="13"/>
    <interval begin="37800.00" end="38700.00" id="216_D102" nVehContrib="24" flow="96.00" occupancy="1.19" speed="11.72" harmonicMeanSpeed="11.22" length="5.00" nVehEntered="24"/>
    <interval begin="38700.00" end="39600.00" id="216_D102" nVehContrib="11" flow="44.00" occupancy="0.50" speed="12.41" harmonicMeanSpeed="12.14" length="5.00" nVehEntered="11"/>
    <interval begin="39600.00" end="40500.00" id="216_D102" nVehContrib="9" flow="36.00" occupancy="0.45" speed="11.57" harmonicMeanSpeed="11.15" length="5.00" nVehEntered="9"/>
    <interval begin="40500.00" end="41400.00" id="216_D102" nVehContrib="16" flow="64.00" occupancy="0.96" speed="10.10" harmonicMeanSpeed="9.25" length="5.00" nVehEntered="16"/>
    <interval begin="41400.00" end="42300.00" id="216_D102" nVehContrib="8" flow="32.00" occupancy="0.54" speed="10.52" harmonicMeanSpeed="8.25" length="5.00" nVehEntered="8"/>
    <interval begin="42300.00" end="43200.00" id="216_D102" nVehContrib="11" flow="44.00" occupancy="0.53" speed="11.97" harmonicMeanSpeed="11.55" length="5.00" nVehEntered="11"/>
    <interval begin="43200.00" end="44100.00" id="216_D102" nVehContrib="5" flow="20.00" occupancy="0.31" speed="10.54" harmonicMeanSpeed="8.90" length="5.00" nVehEntered="5"/>
    <interval begin="44100.00" end="45000.00" id="216_D102" nVehContrib="5" flow="20.00" occupancy="0.23" speed="12.34" harmonicMeanSpeed="12.09" length="5.00" nVehEntered="5"/>
    <interval begin="45000.00" end="45900.00" id="216_D102" nVehContrib="2" flow="8.00" occupancy="0.11" speed="10.42" harmonicMeanSpeed="10.21" length="5.00" nVehEntered="2"/>
    <interval begin="45900.00" end="46800.00" id="216_D102" nVehContrib="12" flow="48.00" occupancy="0.54" speed="12.55" harmonicMeanSpeed="12.30" length="5.00" nVehEntered="12"/>
    <interval begin="46800.00" end="47700.00" id="216_D102" nVehContrib="4" flow="16.00" occupancy="0.17" speed="12.89" harmonicMeanSpeed="12.80" length="5.00" nVehEntered="4"/>
    <interval begin="47700.00" end="48600.00" id="216_D102" nVehContrib="0" flow="0.00" occupancy="0.00" speed="-1.00" harmonicMeanSpeed="-1.00" length="-1.00" nVehEntered="0"/>
    <interval begin="48600.00" end="49321.00" id="216_D102" nVehContrib="0" flow="0.00" occupancy="0.00" speed="-1.00" harmonicMeanSpeed="-1.00" length="-1.00" nVehEntered="0"/>
</detector>
