<?xml version="1.0" encoding="UTF-8"?>

<!-- generated on 2025-02-24 17:47:11 by Eclipse SUMO GUI Version 1.19.0
<configuration xmlns:xsi="http://www.w3.org/2001/XMLSchema-instance" xsi:noNamespaceSchemaLocation="http://sumo.dlr.de/xsd/sumoConfiguration.xsd">

    <input>
        <net-file value="Network.net.xml"/>
        <route-files value="CarRoutes.rou.xml,BusRoutes.rou.xml"/>
        <additional-files value="BusStops.add.xml,Sensors_dfrouter.add.xml"/>
    </input>

    <output>
        <emission-output value="logs/Emissions.xml"/>
        <tripinfo-output value="logs/TripInfos.xml"/>
    </output>

    <time>
        <begin value="0"/>
        <end value="86400"/>
        <step-length value="0.25"/>
    </time>

    <processing>
        <ignore-junction-blocker value="0.1"/>
        <time-to-teleport value="-1"/>
    </processing>

    <emissions>
        <device.emissions.period value="10"/>
    </emissions>

    <traci_server>
        <remote-port value="61971"/>
    </traci_server>

    <gui_only>
        <quit-on-end value="true"/>
        <start value="true"/>
    </gui_only>

</configuration>
-->

<detector xmlns:xsi="http://www.w3.org/2001/XMLSchema-instance" xsi:noNamespaceSchemaLocation="http://sumo.dlr.de/xsd/det_e1_file.xsd">
    <interval begin="0.00" end="900.00" id="217_D21" nVehContrib="85" flow="340.00" occupancy="25.16" speed="4.40" harmonicMeanSpeed="2.02" length="5.00" nVehEntered="87"/>
    <interval begin="900.00" end="1800.00" id="217_D21" nVehContrib="102" flow="408.00" occupancy="28.74" speed="4.49" harmonicMeanSpeed="2.02" length="5.00" nVehEntered="102"/>
    <interval begin="1800.00" end="2700.00" id="217_D21" nVehContrib="75" flow="300.00" occupancy="28.35" speed="4.29" harmonicMeanSpeed="1.36" length="5.00" nVehEntered="74"/>
    <interval begin="2700.00" end="3600.00" id="217_D21" nVehContrib="85" flow="340.00" occupancy="31.59" speed="4.25" harmonicMeanSpeed="1.50" length="5.00" nVehEntered="87"/>
    <interval begin="3600.00" end="4500.00" id="217_D21" nVehContrib="84" flow="336.00" occupancy="12.16" speed="4.79" harmonicMeanSpeed="3.84" length="5.00" nVehEntered="84"/>
    <interval begin="4500.00" end="5400.00" id="217_D21" nVehContrib="88" flow="352.00" occupancy="13.75" speed="4.72" harmonicMeanSpeed="3.55" length="5.00" nVehEntered="88"/>
    <interval begin="5400.00" end="6300.00" id="217_D21" nVehContrib="81" flow="324.00" occupancy="22.33" speed="4.49" harmonicMeanSpeed="2.05" length="5.00" nVehEntered="83"/>
    <interval begin="6300.00" end="7200.00" id="217_D21" nVehContrib="108" flow="432.00" occupancy="48.14" speed="3.90" harmonicMeanSpeed="1.24" length="5.00" nVehEntered="108"/>
    <interval begin="7200.00" end="8100.00" id="217_D21" nVehContrib="98" flow="392.00" occupancy="20.71" speed="4.53" harmonicMeanSpeed="2.61" length="5.00" nVehEntered="97"/>
    <interval begin="8100.00" end="9000.00" id="217_D21" nVehContrib="101" flow="404.00" occupancy="53.06" speed="3.72" harmonicMeanSpeed="1.06" length="5.00" nVehEntered="102"/>
    <interval begin="9000.00" end="9900.00" id="217_D21" nVehContrib="106" flow="424.00" occupancy="38.14" speed="4.12" harmonicMeanSpeed="1.54" length="5.00" nVehEntered="105"/>
    <interval begin="9900.00" end="10800.00" id="217_D21" nVehContrib="121" flow="484.00" occupancy="48.35" speed="4.10" harmonicMeanSpeed="1.40" length="5.00" nVehEntered="123"/>
    <interval begin="10800.00" end="11700.00" id="217_D21" nVehContrib="124" flow="496.00" occupancy="74.35" speed="3.77" harmonicMeanSpeed="0.92" length="5.00" nVehEntered="123"/>
    <interval begin="11700.00" end="12600.00" id="217_D21" nVehContrib="110" flow="440.00" occupancy="71.71" speed="3.55" harmonicMeanSpeed="0.85" length="5.00" nVehEntered="110"/>
    <interval begin="12600.00" end="13500.00" id="217_D21" nVehContrib="107" flow="428.00" occupancy="49.14" speed="3.95" harmonicMeanSpeed="1.27" length="5.00" nVehEntered="108"/>
    <interval begin="13500.00" end="14400.00" id="217_D21" nVehContrib="97" flow="388.00" occupancy="43.45" speed="3.79" harmonicMeanSpeed="1.22" length="5.00" nVehEntered="97"/>
    <interval begin="14400.00" end="15300.00" id="217_D21" nVehContrib="102" flow="408.00" occupancy="35.49" speed="3.88" harmonicMeanSpeed="1.53" length="5.00" nVehEntered="102"/>
    <interval begin="15300.00" end="16200.00" id="217_D21" nVehContrib="101" flow="404.00" occupancy="51.20" speed="3.76" harmonicMeanSpeed="1.17" length="5.00" nVehEntered="101"/>
    <interval begin="16200.00" end="17100.00" id="217_D21" nVehContrib="114" flow="456.00" occupancy="53.75" speed="3.88" harmonicMeanSpeed="1.14" length="5.00" nVehEntered="114"/>
    <interval begin="17100.00" end="18000.00" id="217_D21" nVehContrib="118" flow="472.00" occupancy="57.46" speed="4.08" harmonicMeanSpeed="1.11" length="5.00" nVehEntered="118"/>
    <interval begin="18000.00" end="18900.00" id="217_D21" nVehContrib="100" flow="400.00" occupancy="64.87" speed="3.94" harmonicMeanSpeed="0.90" length="5.00" nVehEntered="100"/>
    <interval begin="18900.00" end="19800.00" id="217_D21" nVehContrib="115" flow="460.00" occupancy="59.56" speed="3.92" harmonicMeanSpeed="1.02" length="5.00" nVehEntered="114"/>
    <interval begin="19800.00" end="20700.00" id="217_D21" nVehContrib="133" flow="532.00" occupancy="69.12" speed="3.77" harmonicMeanSpeed="1.07" length="5.00" nVehEntered="133"/>
    <interval begin="20700.00" end="21600.00" id="217_D21" nVehContrib="107" flow="428.00" occupancy="47.78" speed="3.96" harmonicMeanSpeed="1.24" length="5.00" nVehEntered="108"/>
    <interval begin="21600.00" end="22500.00" id="217_D21" nVehContrib="91" flow="364.00" occupancy="58.58" speed="3.92" harmonicMeanSpeed="0.90" length="5.00" nVehEntered="91"/>
    <interval begin="22500.00" end="23400.00" id="217_D21" nVehContrib="92" flow="368.00" occupancy="40.77" speed="3.93" harmonicMeanSpeed="1.19" length="5.00" nVehEntered="91"/>
    <interval begin="23400.00" end="24300.00" id="217_D21" nVehContrib="91" flow="364.00" occupancy="55.43" speed="3.91" harmonicMeanSpeed="0.91" length="5.00" nVehEntered="91"/>
    <interval begin="24300.00" end="25200.00" id="217_D21" nVehContrib="97" flow="388.00" occupancy="54.52" speed="3.78" harmonicMeanSpeed="0.99" length="5.00" nVehEntered="97"/>
    <interval begin="25200.00" end="26100.00" id="217_D21" nVehContrib="105" flow="420.00" occupancy="47.23" speed="3.82" harmonicMeanSpeed="1.24" length="5.00" nVehEntered="106"/>
    <interval begin="26100.00" end="27000.00" id="217_D21" nVehContrib="103" flow="412.00" occupancy="47.57" speed="3.74" harmonicMeanSpeed="1.20" length="5.00" nVehEntered="102"/>
    <interval begin="27000.00" end="27900.00" id="217_D21" nVehContrib="99" flow="396.00" occupancy="57.32" speed="3.96" harmonicMeanSpeed="0.96" length="5.00" nVehEntered="100"/>
    <interval begin="27900.00" end="28800.00" id="217_D21" nVehContrib="112" flow="448.00" occupancy="65.58" speed="3.77" harmonicMeanSpeed="0.95" length="5.00" nVehEntered="113"/>
    <interval begin="28800.00" end="29700.00" id="217_D21" nVehContrib="123" flow="492.00" occupancy="59.58" speed="3.83" harmonicMeanSpeed="1.14" length="5.00" nVehEntered="122"/>
    <interval begin="29700.00" end="30600.00" id="217_D21" nVehContrib="109" flow="436.00" occupancy="55.07" speed="3.85" harmonicMeanSpeed="1.17" length="5.00" nVehEntered="110"/>
    <interval begin="30600.00" end="31500.00" id="217_D21" nVehContrib="116" flow="464.00" occupancy="50.78" speed="3.82" harmonicMeanSpeed="1.22" length="5.00" nVehEntered="116"/>
    <interval begin="31500.00" end="32400.00" id="217_D21" nVehContrib="106" flow="424.00" occupancy="51.45" speed="3.90" harmonicMeanSpeed="1.14" length="5.00" nVehEntered="106"/>
    <interval begin="32400.00" end="33300.00" id="217_D21" nVehContrib="122" flow="488.00" occupancy="66.59" speed="3.85" harmonicMeanSpeed="1.03" length="5.00" nVehEntered="122"/>
    <interval begin="33300.00" end="34200.00" id="217_D21" nVehContrib="117" flow="468.00" occupancy="58.61" speed="3.98" harmonicMeanSpeed="1.07" length="5.00" nVehEntered="117"/>
    <interval begin="34200.00" end="35100.00" id="217_D21" nVehContrib="117" flow="468.00" occupancy="51.11" speed="3.78" harmonicMeanSpeed="1.27" length="5.00" nVehEntered="118"/>
    <interval begin="35100.00" end="36000.00" id="217_D21" nVehContrib="101" flow="404.00" occupancy="48.54" speed="3.85" harmonicMeanSpeed="1.16" length="5.00" nVehEntered="101"/>
    <interval begin="36000.00" end="36900.00" id="217_D21" nVehContrib="113" flow="452.00" occupancy="49.31" speed="3.87" harmonicMeanSpeed="1.27" length="5.00" nVehEntered="113"/>
    <interval begin="36900.00" end="37800.00" id="217_D21" nVehContrib="132" flow="528.00" occupancy="65.95" speed="3.83" harmonicMeanSpeed="1.11" length="5.00" nVehEntered="134"/>
    <interval begin="37800.00" end="38700.00" id="217_D21" nVehContrib="128" flow="512.00" occupancy="51.58" speed="4.11" harmonicMeanSpeed="1.38" length="5.00" nVehEntered="128"/>
    <interval begin="38700.00" end="39600.00" id="217_D21" nVehContrib="134" flow="536.00" occupancy="58.99" speed="3.85" harmonicMeanSpeed="1.36" length="5.00" nVehEntered="134"/>
    <interval begin="39600.00" end="40500.00" id="217_D21" nVehContrib="130" flow="520.00" occupancy="55.92" speed="3.87" harmonicMeanSpeed="1.20" length="5.00" nVehEntered="129"/>
    <interval begin="40500.00" end="41400.00" id="217_D21" nVehContrib="115" flow="460.00" occupancy="42.37" speed="3.93" harmonicMeanSpeed="1.51" length="5.00" nVehEntered="115"/>
    <interval begin="41400.00" end="42300.00" id="217_D21" nVehContrib="111" flow="444.00" occupancy="39.90" speed="4.02" harmonicMeanSpeed="1.55" length="5.00" nVehEntered="111"/>
    <interval begin="42300.00" end="43200.00" id="217_D21" nVehContrib="129" flow="516.00" occupancy="63.18" speed="3.98" harmonicMeanSpeed="1.13" length="5.00" nVehEntered="129"/>
    <interval begin="43200.00" end="44100.00" id="217_D21" nVehContrib="136" flow="544.00" occupancy="57.29" speed="3.87" harmonicMeanSpeed="1.32" length="5.00" nVehEntered="137"/>
    <interval begin="44100.00" end="45000.00" id="217_D21" nVehContrib="181" flow="724.00" occupancy="67.48" speed="3.84" harmonicMeanSpeed="1.49" length="5.00" nVehEntered="180"/>
    <interval begin="45000.00" end="45900.00" id="217_D21" nVehContrib="148" flow="592.00" occupancy="53.50" speed="4.05" harmonicMeanSpeed="1.55" length="5.00" nVehEntered="149"/>
    <interval begin="45900.00" end="46800.00" id="217_D21" nVehContrib="106" flow="424.00" occupancy="68.90" speed="3.91" harmonicMeanSpeed="1.81" length="5.00" nVehEntered="106"/>
    <interval begin="46800.00" end="47700.00" id="217_D21" nVehContrib="0" flow="0.00" occupancy="100.00" speed="-1.00" harmonicMeanSpeed="-1.00" length="-1.00" nVehEntered="0"/>
    <interval begin="47700.00" end="48600.00" id="217_D21" nVehContrib="0" flow="0.00" occupancy="100.00" speed="-1.00" harmonicMeanSpeed="-1.00" length="-1.00" nVehEntered="0"/>
    <interval begin="48600.00" end="49321.00" id="217_D21" nVehContrib="0" flow="0.00" occupancy="100.00" speed="-1.00" harmonicMeanSpeed="-1.00" length="-1.00" nVehEntered="0"/>
</detector>
