<?xml version="1.0" encoding="UTF-8"?>

<!-- generated on 2025-02-24 17:47:11 by Eclipse SUMO GUI Version 1.19.0
<configuration xmlns:xsi="http://www.w3.org/2001/XMLSchema-instance" xsi:noNamespaceSchemaLocation="http://sumo.dlr.de/xsd/sumoConfiguration.xsd">

    <input>
        <net-file value="Network.net.xml"/>
        <route-files value="CarRoutes.rou.xml,BusRoutes.rou.xml"/>
        <additional-files value="BusStops.add.xml,Sensors_dfrouter.add.xml"/>
    </input>

    <output>
        <emission-output value="logs/Emissions.xml"/>
        <tripinfo-output value="logs/TripInfos.xml"/>
    </output>

    <time>
        <begin value="0"/>
        <end value="86400"/>
        <step-length value="0.25"/>
    </time>

    <processing>
        <ignore-junction-blocker value="0.1"/>
        <time-to-teleport value="-1"/>
    </processing>

    <emissions>
        <device.emissions.period value="10"/>
    </emissions>

    <traci_server>
        <remote-port value="61971"/>
    </traci_server>

    <gui_only>
        <quit-on-end value="true"/>
        <start value="true"/>
    </gui_only>

</configuration>
-->

<detector xmlns:xsi="http://www.w3.org/2001/XMLSchema-instance" xsi:noNamespaceSchemaLocation="http://sumo.dlr.de/xsd/det_e1_file.xsd">
    <interval begin="0.00" end="900.00" id="217_D11" nVehContrib="34" flow="136.00" occupancy="2.81" speed="6.72" harmonicMeanSpeed="6.71" length="5.00" nVehEntered="34"/>
    <interval begin="900.00" end="1800.00" id="217_D11" nVehContrib="35" flow="140.00" occupancy="2.95" speed="6.63" harmonicMeanSpeed="6.58" length="5.00" nVehEntered="35"/>
    <interval begin="1800.00" end="2700.00" id="217_D11" nVehContrib="49" flow="196.00" occupancy="4.06" speed="6.72" harmonicMeanSpeed="6.71" length="5.00" nVehEntered="49"/>
    <interval begin="2700.00" end="3600.00" id="217_D11" nVehContrib="37" flow="148.00" occupancy="3.08" speed="6.68" harmonicMeanSpeed="6.68" length="5.00" nVehEntered="38"/>
    <interval begin="3600.00" end="4500.00" id="217_D11" nVehContrib="44" flow="176.00" occupancy="3.60" speed="6.79" harmonicMeanSpeed="6.79" length="5.00" nVehEntered="43"/>
    <interval begin="4500.00" end="5400.00" id="217_D11" nVehContrib="47" flow="188.00" occupancy="3.90" speed="6.72" harmonicMeanSpeed="6.69" length="5.00" nVehEntered="47"/>
    <interval begin="5400.00" end="6300.00" id="217_D11" nVehContrib="32" flow="128.00" occupancy="2.65" speed="6.72" harmonicMeanSpeed="6.71" length="5.00" nVehEntered="32"/>
    <interval begin="6300.00" end="7200.00" id="217_D11" nVehContrib="39" flow="156.00" occupancy="3.23" speed="6.71" harmonicMeanSpeed="6.70" length="5.00" nVehEntered="39"/>
    <interval begin="7200.00" end="8100.00" id="217_D11" nVehContrib="51" flow="204.00" occupancy="4.29" speed="6.63" harmonicMeanSpeed="6.61" length="5.00" nVehEntered="51"/>
    <interval begin="8100.00" end="9000.00" id="217_D11" nVehContrib="60" flow="240.00" occupancy="4.95" speed="6.74" harmonicMeanSpeed="6.73" length="5.00" nVehEntered="60"/>
    <interval begin="9000.00" end="9900.00" id="217_D11" nVehContrib="50" flow="200.00" occupancy="4.13" speed="6.73" harmonicMeanSpeed="6.72" length="5.00" nVehEntered="50"/>
    <interval begin="9900.00" end="10800.00" id="217_D11" nVehContrib="56" flow="224.00" occupancy="4.65" speed="6.72" harmonicMeanSpeed="6.70" length="5.00" nVehEntered="56"/>
    <interval begin="10800.00" end="11700.00" id="217_D11" nVehContrib="51" flow="204.00" occupancy="4.28" speed="6.66" harmonicMeanSpeed="6.62" length="5.00" nVehEntered="52"/>
    <interval begin="11700.00" end="12600.00" id="217_D11" nVehContrib="49" flow="196.00" occupancy="4.05" speed="6.72" harmonicMeanSpeed="6.71" length="5.00" nVehEntered="48"/>
    <interval begin="12600.00" end="13500.00" id="217_D11" nVehContrib="64" flow="256.00" occupancy="5.26" speed="6.76" harmonicMeanSpeed="6.75" length="5.00" nVehEntered="64"/>
    <interval begin="13500.00" end="14400.00" id="217_D11" nVehContrib="46" flow="184.00" occupancy="3.82" speed="6.70" harmonicMeanSpeed="6.68" length="5.00" nVehEntered="46"/>
    <interval begin="14400.00" end="15300.00" id="217_D11" nVehContrib="40" flow="160.00" occupancy="3.28" speed="6.78" harmonicMeanSpeed="6.77" length="5.00" nVehEntered="40"/>
    <interval begin="15300.00" end="16200.00" id="217_D11" nVehContrib="70" flow="280.00" occupancy="5.75" speed="6.78" harmonicMeanSpeed="6.77" length="5.00" nVehEntered="70"/>
    <interval begin="16200.00" end="17100.00" id="217_D11" nVehContrib="49" flow="196.00" occupancy="4.08" speed="6.70" harmonicMeanSpeed="6.68" length="5.00" nVehEntered="49"/>
    <interval begin="17100.00" end="18000.00" id="217_D11" nVehContrib="54" flow="216.00" occupancy="4.53" speed="6.64" harmonicMeanSpeed="6.62" length="5.00" nVehEntered="54"/>
    <interval begin="18000.00" end="18900.00" id="217_D11" nVehContrib="46" flow="184.00" occupancy="3.86" speed="6.62" harmonicMeanSpeed="6.62" length="5.00" nVehEntered="46"/>
    <interval begin="18900.00" end="19800.00" id="217_D11" nVehContrib="66" flow="264.00" occupancy="5.45" speed="6.74" harmonicMeanSpeed="6.73" length="5.00" nVehEntered="66"/>
    <interval begin="19800.00" end="20700.00" id="217_D11" nVehContrib="70" flow="280.00" occupancy="5.76" speed="6.76" harmonicMeanSpeed="6.75" length="5.00" nVehEntered="70"/>
    <interval begin="20700.00" end="21600.00" id="217_D11" nVehContrib="79" flow="316.00" occupancy="6.58" speed="6.70" harmonicMeanSpeed="6.67" length="5.00" nVehEntered="79"/>
    <interval begin="21600.00" end="22500.00" id="217_D11" nVehContrib="75" flow="300.00" occupancy="6.29" speed="6.69" harmonicMeanSpeed="6.62" length="5.00" nVehEntered="75"/>
    <interval begin="22500.00" end="23400.00" id="217_D11" nVehContrib="80" flow="320.00" occupancy="6.95" speed="6.57" harmonicMeanSpeed="6.39" length="5.00" nVehEntered="80"/>
    <interval begin="23400.00" end="24300.00" id="217_D11" nVehContrib="79" flow="316.00" occupancy="6.49" speed="6.77" harmonicMeanSpeed="6.76" length="5.00" nVehEntered="79"/>
    <interval begin="24300.00" end="25200.00" id="217_D11" nVehContrib="105" flow="420.00" occupancy="9.50" speed="6.43" harmonicMeanSpeed="6.14" length="5.00" nVehEntered="105"/>
    <interval begin="25200.00" end="26100.00" id="217_D11" nVehContrib="75" flow="300.00" occupancy="6.22" speed="6.72" harmonicMeanSpeed="6.70" length="5.00" nVehEntered="75"/>
    <interval begin="26100.00" end="27000.00" id="217_D11" nVehContrib="74" flow="296.00" occupancy="6.25" speed="6.67" harmonicMeanSpeed="6.58" length="5.00" nVehEntered="74"/>
    <interval begin="27000.00" end="27900.00" id="217_D11" nVehContrib="91" flow="364.00" occupancy="7.62" speed="6.66" harmonicMeanSpeed="6.63" length="5.00" nVehEntered="91"/>
    <interval begin="27900.00" end="28800.00" id="217_D11" nVehContrib="95" flow="380.00" occupancy="8.02" speed="6.63" harmonicMeanSpeed="6.58" length="5.00" nVehEntered="95"/>
    <interval begin="28800.00" end="29700.00" id="217_D11" nVehContrib="73" flow="292.00" occupancy="6.07" speed="6.70" harmonicMeanSpeed="6.69" length="5.00" nVehEntered="73"/>
    <interval begin="29700.00" end="30600.00" id="217_D11" nVehContrib="68" flow="272.00" occupancy="5.62" speed="6.73" harmonicMeanSpeed="6.73" length="5.00" nVehEntered="68"/>
    <interval begin="30600.00" end="31500.00" id="217_D11" nVehContrib="83" flow="332.00" occupancy="6.90" speed="6.70" harmonicMeanSpeed="6.68" length="5.00" nVehEntered="83"/>
    <interval begin="31500.00" end="32400.00" id="217_D11" nVehContrib="59" flow="236.00" occupancy="4.93" speed="6.67" harmonicMeanSpeed="6.65" length="5.00" nVehEntered="59"/>
    <interval begin="32400.00" end="33300.00" id="217_D11" nVehContrib="73" flow="292.00" occupancy="6.10" speed="6.68" harmonicMeanSpeed="6.65" length="5.00" nVehEntered="73"/>
    <interval begin="33300.00" end="34200.00" id="217_D11" nVehContrib="54" flow="216.00" occupancy="4.46" speed="6.74" harmonicMeanSpeed="6.72" length="5.00" nVehEntered="54"/>
    <interval begin="34200.00" end="35100.00" id="217_D11" nVehContrib="47" flow="188.00" occupancy="3.87" speed="6.76" harmonicMeanSpeed="6.75" length="5.00" nVehEntered="47"/>
    <interval begin="35100.00" end="36000.00" id="217_D11" nVehContrib="64" flow="256.00" occupancy="5.25" speed="6.78" harmonicMeanSpeed="6.78" length="5.00" nVehEntered="64"/>
    <interval begin="36000.00" end="36900.00" id="217_D11" nVehContrib="56" flow="224.00" occupancy="4.63" speed="6.73" harmonicMeanSpeed="6.73" length="5.00" nVehEntered="56"/>
    <interval begin="36900.00" end="37800.00" id="217_D11" nVehContrib="38" flow="152.00" occupancy="3.13" speed="6.75" harmonicMeanSpeed="6.75" length="5.00" nVehEntered="38"/>
    <interval begin="37800.00" end="38700.00" id="217_D11" nVehContrib="47" flow="188.00" occupancy="3.93" speed="6.67" harmonicMeanSpeed="6.64" length="5.00" nVehEntered="47"/>
    <interval begin="38700.00" end="39600.00" id="217_D11" nVehContrib="36" flow="144.00" occupancy="2.98" speed="6.73" harmonicMeanSpeed="6.72" length="5.00" nVehEntered="36"/>
    <interval begin="39600.00" end="40500.00" id="217_D11" nVehContrib="29" flow="116.00" occupancy="2.36" speed="6.83" harmonicMeanSpeed="6.83" length="5.00" nVehEntered="29"/>
    <interval begin="40500.00" end="41400.00" id="217_D11" nVehContrib="27" flow="108.00" occupancy="2.23" speed="6.72" harmonicMeanSpeed="6.72" length="5.00" nVehEntered="27"/>
    <interval begin="41400.00" end="42300.00" id="217_D11" nVehContrib="27" flow="108.00" occupancy="2.25" speed="6.68" harmonicMeanSpeed="6.67" length="5.00" nVehEntered="27"/>
    <interval begin="42300.00" end="43200.00" id="217_D11" nVehContrib="25" flow="100.00" occupancy="2.06" speed="6.74" harmonicMeanSpeed="6.74" length="5.00" nVehEntered="25"/>
    <interval begin="43200.00" end="44100.00" id="217_D11" nVehContrib="31" flow="124.00" occupancy="2.56" speed="6.73" harmonicMeanSpeed="6.72" length="5.00" nVehEntered="31"/>
    <interval begin="44100.00" end="45000.00" id="217_D11" nVehContrib="21" flow="84.00" occupancy="1.75" speed="6.69" harmonicMeanSpeed="6.68" length="5.00" nVehEntered="21"/>
    <interval begin="45000.00" end="45900.00" id="217_D11" nVehContrib="24" flow="96.00" occupancy="1.96" speed="6.79" harmonicMeanSpeed="6.79" length="5.00" nVehEntered="24"/>
    <interval begin="45900.00" end="46800.00" id="217_D11" nVehContrib="25" flow="100.00" occupancy="2.05" speed="6.78" harmonicMeanSpeed="6.77" length="5.00" nVehEntered="25"/>
    <interval begin="46800.00" end="47700.00" id="217_D11" nVehContrib="27" flow="108.00" occupancy="2.23" speed="6.75" harmonicMeanSpeed="6.74" length="5.00" nVehEntered="27"/>
    <interval begin="47700.00" end="48600.00" id="217_D11" nVehContrib="21" flow="84.00" occupancy="1.72" speed="6.78" harmonicMeanSpeed="6.77" length="5.00" nVehEntered="21"/>
    <interval begin="48600.00" end="49321.00" id="217_D11" nVehContrib="22" flow="109.85" occupancy="2.34" speed="6.64" harmonicMeanSpeed="6.51" length="5.00" nVehEntered="22"/>
</detector>
