<?xml version="1.0" encoding="UTF-8"?>

<!-- generated on 2025-02-24 17:47:11 by Eclipse SUMO GUI Version 1.19.0
<configuration xmlns:xsi="http://www.w3.org/2001/XMLSchema-instance" xsi:noNamespaceSchemaLocation="http://sumo.dlr.de/xsd/sumoConfiguration.xsd">

    <input>
        <net-file value="Network.net.xml"/>
        <route-files value="CarRoutes.rou.xml,BusRoutes.rou.xml"/>
        <additional-files value="BusStops.add.xml,Sensors_dfrouter.add.xml"/>
    </input>

    <output>
        <emission-output value="logs/Emissions.xml"/>
        <tripinfo-output value="logs/TripInfos.xml"/>
    </output>

    <time>
        <begin value="0"/>
        <end value="86400"/>
        <step-length value="0.25"/>
    </time>

    <processing>
        <ignore-junction-blocker value="0.1"/>
        <time-to-teleport value="-1"/>
    </processing>

    <emissions>
        <device.emissions.period value="10"/>
    </emissions>

    <traci_server>
        <remote-port value="61971"/>
    </traci_server>

    <gui_only>
        <quit-on-end value="true"/>
        <start value="true"/>
    </gui_only>

</configuration>
-->

<detector xmlns:xsi="http://www.w3.org/2001/XMLSchema-instance" xsi:noNamespaceSchemaLocation="http://sumo.dlr.de/xsd/det_e1_file.xsd">
    <interval begin="0.00" end="900.00" id="217_D103" nVehContrib="107" flow="428.00" occupancy="48.01" speed="5.87" harmonicMeanSpeed="1.24" length="5.00" nVehEntered="107"/>
    <interval begin="900.00" end="1800.00" id="217_D103" nVehContrib="82" flow="328.00" occupancy="30.43" speed="7.13" harmonicMeanSpeed="1.50" length="5.00" nVehEntered="82"/>
    <interval begin="1800.00" end="2700.00" id="217_D103" nVehContrib="88" flow="352.00" occupancy="29.35" speed="5.97" harmonicMeanSpeed="1.67" length="5.00" nVehEntered="88"/>
    <interval begin="2700.00" end="3600.00" id="217_D103" nVehContrib="103" flow="412.00" occupancy="39.83" speed="6.21" harmonicMeanSpeed="1.44" length="5.00" nVehEntered="103"/>
    <interval begin="3600.00" end="4500.00" id="217_D103" nVehContrib="74" flow="296.00" occupancy="24.33" speed="7.44" harmonicMeanSpeed="1.69" length="5.00" nVehEntered="74"/>
    <interval begin="4500.00" end="5400.00" id="217_D103" nVehContrib="88" flow="352.00" occupancy="32.16" speed="6.73" harmonicMeanSpeed="1.52" length="5.00" nVehEntered="88"/>
    <interval begin="5400.00" end="6300.00" id="217_D103" nVehContrib="102" flow="408.00" occupancy="53.47" speed="5.77" harmonicMeanSpeed="1.06" length="5.00" nVehEntered="102"/>
    <interval begin="6300.00" end="7200.00" id="217_D103" nVehContrib="81" flow="324.00" occupancy="27.94" speed="7.11" harmonicMeanSpeed="1.61" length="5.00" nVehEntered="81"/>
    <interval begin="7200.00" end="8100.00" id="217_D103" nVehContrib="85" flow="340.00" occupancy="22.40" speed="6.70" harmonicMeanSpeed="2.11" length="5.00" nVehEntered="85"/>
    <interval begin="8100.00" end="9000.00" id="217_D103" nVehContrib="94" flow="376.00" occupancy="25.74" speed="6.64" harmonicMeanSpeed="2.04" length="5.00" nVehEntered="95"/>
    <interval begin="9000.00" end="9900.00" id="217_D103" nVehContrib="97" flow="388.00" occupancy="38.63" speed="5.79" harmonicMeanSpeed="1.39" length="5.00" nVehEntered="96"/>
    <interval begin="9900.00" end="10800.00" id="217_D103" nVehContrib="94" flow="376.00" occupancy="37.73" speed="6.63" harmonicMeanSpeed="1.38" length="5.00" nVehEntered="95"/>
    <interval begin="10800.00" end="11700.00" id="217_D103" nVehContrib="86" flow="344.00" occupancy="31.04" speed="6.38" harmonicMeanSpeed="1.54" length="5.00" nVehEntered="85"/>
    <interval begin="11700.00" end="12600.00" id="217_D103" nVehContrib="77" flow="308.00" occupancy="26.12" speed="7.04" harmonicMeanSpeed="1.64" length="5.00" nVehEntered="77"/>
    <interval begin="12600.00" end="13500.00" id="217_D103" nVehContrib="74" flow="296.00" occupancy="22.42" speed="7.28" harmonicMeanSpeed="1.93" length="5.00" nVehEntered="75"/>
    <interval begin="13500.00" end="14400.00" id="217_D103" nVehContrib="94" flow="376.00" occupancy="46.58" speed="5.87" harmonicMeanSpeed="1.10" length="5.00" nVehEntered="94"/>
    <interval begin="14400.00" end="15300.00" id="217_D103" nVehContrib="99" flow="396.00" occupancy="24.55" speed="7.71" harmonicMeanSpeed="2.20" length="5.00" nVehEntered="98"/>
    <interval begin="15300.00" end="16200.00" id="217_D103" nVehContrib="85" flow="340.00" occupancy="28.32" speed="5.91" harmonicMeanSpeed="1.68" length="5.00" nVehEntered="86"/>
    <interval begin="16200.00" end="17100.00" id="217_D103" nVehContrib="98" flow="392.00" occupancy="38.72" speed="6.07" harmonicMeanSpeed="1.40" length="5.00" nVehEntered="97"/>
    <interval begin="17100.00" end="18000.00" id="217_D103" nVehContrib="80" flow="320.00" occupancy="16.22" speed="8.18" harmonicMeanSpeed="2.83" length="5.00" nVehEntered="81"/>
    <interval begin="18000.00" end="18900.00" id="217_D103" nVehContrib="91" flow="364.00" occupancy="38.80" speed="6.93" harmonicMeanSpeed="1.29" length="5.00" nVehEntered="90"/>
    <interval begin="18900.00" end="19800.00" id="217_D103" nVehContrib="91" flow="364.00" occupancy="38.80" speed="5.84" harmonicMeanSpeed="1.41" length="5.00" nVehEntered="92"/>
    <interval begin="19800.00" end="20700.00" id="217_D103" nVehContrib="89" flow="356.00" occupancy="36.38" speed="6.32" harmonicMeanSpeed="1.25" length="5.00" nVehEntered="88"/>
    <interval begin="20700.00" end="21600.00" id="217_D103" nVehContrib="79" flow="316.00" occupancy="24.18" speed="6.77" harmonicMeanSpeed="1.81" length="5.00" nVehEntered="79"/>
    <interval begin="21600.00" end="22500.00" id="217_D103" nVehContrib="96" flow="384.00" occupancy="64.15" speed="4.66" harmonicMeanSpeed="0.89" length="5.00" nVehEntered="97"/>
    <interval begin="22500.00" end="23400.00" id="217_D103" nVehContrib="108" flow="432.00" occupancy="46.37" speed="5.90" harmonicMeanSpeed="1.30" length="5.00" nVehEntered="108"/>
    <interval begin="23400.00" end="24300.00" id="217_D103" nVehContrib="109" flow="436.00" occupancy="71.52" speed="4.48" harmonicMeanSpeed="0.80" length="5.00" nVehEntered="108"/>
    <interval begin="24300.00" end="25200.00" id="217_D103" nVehContrib="103" flow="412.00" occupancy="62.99" speed="4.67" harmonicMeanSpeed="0.91" length="5.00" nVehEntered="103"/>
    <interval begin="25200.00" end="26100.00" id="217_D103" nVehContrib="120" flow="480.00" occupancy="64.27" speed="4.33" harmonicMeanSpeed="1.04" length="5.00" nVehEntered="121"/>
    <interval begin="26100.00" end="27000.00" id="217_D103" nVehContrib="121" flow="484.00" occupancy="62.15" speed="5.61" harmonicMeanSpeed="1.08" length="5.00" nVehEntered="120"/>
    <interval begin="27000.00" end="27900.00" id="217_D103" nVehContrib="95" flow="380.00" occupancy="48.42" speed="5.65" harmonicMeanSpeed="1.12" length="5.00" nVehEntered="96"/>
    <interval begin="27900.00" end="28800.00" id="217_D103" nVehContrib="95" flow="380.00" occupancy="35.01" speed="7.00" harmonicMeanSpeed="1.45" length="5.00" nVehEntered="94"/>
    <interval begin="28800.00" end="29700.00" id="217_D103" nVehContrib="118" flow="472.00" occupancy="35.02" speed="5.93" harmonicMeanSpeed="1.87" length="5.00" nVehEntered="118"/>
    <interval begin="29700.00" end="30600.00" id="217_D103" nVehContrib="87" flow="348.00" occupancy="37.31" speed="4.71" harmonicMeanSpeed="1.30" length="5.00" nVehEntered="87"/>
    <interval begin="30600.00" end="31500.00" id="217_D103" nVehContrib="88" flow="352.00" occupancy="21.28" speed="6.78" harmonicMeanSpeed="2.30" length="5.00" nVehEntered="88"/>
    <interval begin="31500.00" end="32400.00" id="217_D103" nVehContrib="89" flow="356.00" occupancy="23.72" speed="6.53" harmonicMeanSpeed="2.22" length="5.00" nVehEntered="90"/>
    <interval begin="32400.00" end="33300.00" id="217_D103" nVehContrib="96" flow="384.00" occupancy="26.55" speed="6.38" harmonicMeanSpeed="1.91" length="5.00" nVehEntered="95"/>
    <interval begin="33300.00" end="34200.00" id="217_D103" nVehContrib="65" flow="260.00" occupancy="22.77" speed="6.77" harmonicMeanSpeed="1.59" length="5.00" nVehEntered="65"/>
    <interval begin="34200.00" end="35100.00" id="217_D103" nVehContrib="79" flow="316.00" occupancy="18.97" speed="7.41" harmonicMeanSpeed="2.31" length="5.00" nVehEntered="79"/>
    <interval begin="35100.00" end="36000.00" id="217_D103" nVehContrib="70" flow="280.00" occupancy="22.60" speed="7.85" harmonicMeanSpeed="1.72" length="5.00" nVehEntered="70"/>
    <interval begin="36000.00" end="36900.00" id="217_D103" nVehContrib="82" flow="328.00" occupancy="23.90" speed="7.27" harmonicMeanSpeed="1.91" length="5.00" nVehEntered="82"/>
    <interval begin="36900.00" end="37800.00" id="217_D103" nVehContrib="58" flow="232.00" occupancy="11.13" speed="8.14" harmonicMeanSpeed="2.89" length="5.00" nVehEntered="58"/>
    <interval begin="37800.00" end="38700.00" id="217_D103" nVehContrib="47" flow="188.00" occupancy="10.50" speed="9.59" harmonicMeanSpeed="2.49" length="5.00" nVehEntered="47"/>
    <interval begin="38700.00" end="39600.00" id="217_D103" nVehContrib="38" flow="152.00" occupancy="3.08" speed="10.18" harmonicMeanSpeed="8.67" length="5.00" nVehEntered="39"/>
    <interval begin="39600.00" end="40500.00" id="217_D103" nVehContrib="47" flow="188.00" occupancy="9.01" speed="9.52" harmonicMeanSpeed="2.70" length="5.00" nVehEntered="46"/>
    <interval begin="40500.00" end="41400.00" id="217_D103" nVehContrib="37" flow="148.00" occupancy="4.49" speed="10.27" harmonicMeanSpeed="4.57" length="5.00" nVehEntered="37"/>
    <interval begin="41400.00" end="42300.00" id="217_D103" nVehContrib="25" flow="100.00" occupancy="1.41" speed="10.53" harmonicMeanSpeed="9.86" length="5.00" nVehEntered="25"/>
    <interval begin="42300.00" end="43200.00" id="217_D103" nVehContrib="46" flow="184.00" occupancy="2.58" speed="10.55" harmonicMeanSpeed="9.89" length="5.00" nVehEntered="46"/>
    <interval begin="43200.00" end="44100.00" id="217_D103" nVehContrib="29" flow="116.00" occupancy="2.44" speed="10.47" harmonicMeanSpeed="6.62" length="5.00" nVehEntered="29"/>
    <interval begin="44100.00" end="45000.00" id="217_D103" nVehContrib="27" flow="108.00" occupancy="1.39" speed="11.18" harmonicMeanSpeed="10.81" length="5.00" nVehEntered="27"/>
    <interval begin="45000.00" end="45900.00" id="217_D103" nVehContrib="27" flow="108.00" occupancy="1.38" speed="11.42" harmonicMeanSpeed="10.87" length="5.00" nVehEntered="27"/>
    <interval begin="45900.00" end="46800.00" id="217_D103" nVehContrib="11" flow="44.00" occupancy="0.61" speed="10.43" harmonicMeanSpeed="9.95" length="5.00" nVehEntered="11"/>
    <interval begin="46800.00" end="47700.00" id="217_D103" nVehContrib="10" flow="40.00" occupancy="0.48" speed="11.78" harmonicMeanSpeed="11.60" length="5.00" nVehEntered="10"/>
    <interval begin="47700.00" end="48600.00" id="217_D103" nVehContrib="7" flow="28.00" occupancy="0.31" speed="12.45" harmonicMeanSpeed="12.38" length="5.00" nVehEntered="7"/>
    <interval begin="48600.00" end="49321.00" id="217_D103" nVehContrib="4" flow="19.97" occupancy="0.23" speed="12.01" harmonicMeanSpeed="11.92" length="5.00" nVehEntered="4"/>
</detector>
