<?xml version="1.0" encoding="UTF-8"?>

<!-- generated on 2025-02-24 17:47:11 by Eclipse SUMO GUI Version 1.19.0
<configuration xmlns:xsi="http://www.w3.org/2001/XMLSchema-instance" xsi:noNamespaceSchemaLocation="http://sumo.dlr.de/xsd/sumoConfiguration.xsd">

    <input>
        <net-file value="Network.net.xml"/>
        <route-files value="CarRoutes.rou.xml,BusRoutes.rou.xml"/>
        <additional-files value="BusStops.add.xml,Sensors_dfrouter.add.xml"/>
    </input>

    <output>
        <emission-output value="logs/Emissions.xml"/>
        <tripinfo-output value="logs/TripInfos.xml"/>
    </output>

    <time>
        <begin value="0"/>
        <end value="86400"/>
        <step-length value="0.25"/>
    </time>

    <processing>
        <ignore-junction-blocker value="0.1"/>
        <time-to-teleport value="-1"/>
    </processing>

    <emissions>
        <device.emissions.period value="10"/>
    </emissions>

    <traci_server>
        <remote-port value="61971"/>
    </traci_server>

    <gui_only>
        <quit-on-end value="true"/>
        <start value="true"/>
    </gui_only>

</configuration>
-->

<detector xmlns:xsi="http://www.w3.org/2001/XMLSchema-instance" xsi:noNamespaceSchemaLocation="http://sumo.dlr.de/xsd/det_e1_file.xsd">
    <interval begin="0.00" end="900.00" id="217_D41" nVehContrib="37" flow="148.00" occupancy="45.90" speed="4.30" harmonicMeanSpeed="0.45" length="5.00" nVehEntered="37"/>
    <interval begin="900.00" end="1800.00" id="217_D41" nVehContrib="38" flow="152.00" occupancy="9.71" speed="5.02" harmonicMeanSpeed="2.17" length="5.00" nVehEntered="38"/>
    <interval begin="1800.00" end="2700.00" id="217_D41" nVehContrib="28" flow="112.00" occupancy="37.64" speed="4.36" harmonicMeanSpeed="0.49" length="5.00" nVehEntered="29"/>
    <interval begin="2700.00" end="3600.00" id="217_D41" nVehContrib="40" flow="160.00" occupancy="45.03" speed="3.86" harmonicMeanSpeed="0.44" length="5.00" nVehEntered="39"/>
    <interval begin="3600.00" end="4500.00" id="217_D41" nVehContrib="31" flow="124.00" occupancy="6.56" speed="5.06" harmonicMeanSpeed="2.63" length="5.00" nVehEntered="31"/>
    <interval begin="4500.00" end="5400.00" id="217_D41" nVehContrib="39" flow="156.00" occupancy="10.47" speed="5.17" harmonicMeanSpeed="2.07" length="5.00" nVehEntered="39"/>
    <interval begin="5400.00" end="6300.00" id="217_D41" nVehContrib="35" flow="140.00" occupancy="25.42" speed="4.82" harmonicMeanSpeed="0.81" length="5.00" nVehEntered="36"/>
    <interval begin="6300.00" end="7200.00" id="217_D41" nVehContrib="30" flow="120.00" occupancy="48.21" speed="3.36" harmonicMeanSpeed="0.34" length="5.00" nVehEntered="29"/>
    <interval begin="7200.00" end="8100.00" id="217_D41" nVehContrib="37" flow="148.00" occupancy="21.32" speed="4.74" harmonicMeanSpeed="0.96" length="5.00" nVehEntered="37"/>
    <interval begin="8100.00" end="9000.00" id="217_D41" nVehContrib="29" flow="116.00" occupancy="42.88" speed="3.70" harmonicMeanSpeed="0.38" length="5.00" nVehEntered="29"/>
    <interval begin="9000.00" end="9900.00" id="217_D41" nVehContrib="34" flow="136.00" occupancy="52.16" speed="3.63" harmonicMeanSpeed="0.46" length="5.00" nVehEntered="35"/>
    <interval begin="9900.00" end="10800.00" id="217_D41" nVehContrib="36" flow="144.00" occupancy="44.50" speed="3.62" harmonicMeanSpeed="0.36" length="5.00" nVehEntered="35"/>
    <interval begin="10800.00" end="11700.00" id="217_D41" nVehContrib="19" flow="76.00" occupancy="22.41" speed="3.54" harmonicMeanSpeed="0.47" length="5.00" nVehEntered="19"/>
    <interval begin="11700.00" end="12600.00" id="217_D41" nVehContrib="20" flow="80.00" occupancy="22.13" speed="3.84" harmonicMeanSpeed="0.50" length="5.00" nVehEntered="20"/>
    <interval begin="12600.00" end="13500.00" id="217_D41" nVehContrib="36" flow="144.00" occupancy="46.34" speed="3.61" harmonicMeanSpeed="0.43" length="5.00" nVehEntered="36"/>
    <interval begin="13500.00" end="14400.00" id="217_D41" nVehContrib="29" flow="116.00" occupancy="43.81" speed="3.41" harmonicMeanSpeed="0.37" length="5.00" nVehEntered="29"/>
    <interval begin="14400.00" end="15300.00" id="217_D41" nVehContrib="36" flow="144.00" occupancy="53.23" speed="3.63" harmonicMeanSpeed="0.38" length="5.00" nVehEntered="36"/>
    <interval begin="15300.00" end="16200.00" id="217_D41" nVehContrib="25" flow="100.00" occupancy="45.69" speed="3.64" harmonicMeanSpeed="0.35" length="5.00" nVehEntered="26"/>
    <interval begin="16200.00" end="17100.00" id="217_D41" nVehContrib="30" flow="120.00" occupancy="38.94" speed="3.78" harmonicMeanSpeed="0.37" length="5.00" nVehEntered="29"/>
    <interval begin="17100.00" end="18000.00" id="217_D41" nVehContrib="30" flow="120.00" occupancy="36.72" speed="3.63" harmonicMeanSpeed="0.45" length="5.00" nVehEntered="30"/>
    <interval begin="18000.00" end="18900.00" id="217_D41" nVehContrib="24" flow="96.00" occupancy="36.40" speed="3.50" harmonicMeanSpeed="0.37" length="5.00" nVehEntered="24"/>
    <interval begin="18900.00" end="19800.00" id="217_D41" nVehContrib="31" flow="124.00" occupancy="31.95" speed="3.83" harmonicMeanSpeed="0.54" length="5.00" nVehEntered="31"/>
    <interval begin="19800.00" end="20700.00" id="217_D41" nVehContrib="28" flow="112.00" occupancy="22.86" speed="3.96" harmonicMeanSpeed="0.72" length="5.00" nVehEntered="29"/>
    <interval begin="20700.00" end="21600.00" id="217_D41" nVehContrib="42" flow="168.00" occupancy="37.38" speed="4.02" harmonicMeanSpeed="0.61" length="5.00" nVehEntered="41"/>
    <interval begin="21600.00" end="22500.00" id="217_D41" nVehContrib="34" flow="136.00" occupancy="37.19" speed="4.14" harmonicMeanSpeed="0.51" length="5.00" nVehEntered="34"/>
    <interval begin="22500.00" end="23400.00" id="217_D41" nVehContrib="28" flow="112.00" occupancy="51.30" speed="3.62" harmonicMeanSpeed="0.37" length="5.00" nVehEntered="29"/>
    <interval begin="23400.00" end="24300.00" id="217_D41" nVehContrib="28" flow="112.00" occupancy="32.75" speed="3.65" harmonicMeanSpeed="0.37" length="5.00" nVehEntered="27"/>
    <interval begin="24300.00" end="25200.00" id="217_D41" nVehContrib="34" flow="136.00" occupancy="37.83" speed="3.97" harmonicMeanSpeed="0.50" length="5.00" nVehEntered="34"/>
    <interval begin="25200.00" end="26100.00" id="217_D41" nVehContrib="24" flow="96.00" occupancy="39.96" speed="3.82" harmonicMeanSpeed="0.33" length="5.00" nVehEntered="24"/>
    <interval begin="26100.00" end="27000.00" id="217_D41" nVehContrib="32" flow="128.00" occupancy="36.18" speed="3.95" harmonicMeanSpeed="0.53" length="5.00" nVehEntered="33"/>
    <interval begin="27000.00" end="27900.00" id="217_D41" nVehContrib="41" flow="164.00" occupancy="33.93" speed="3.60" harmonicMeanSpeed="0.62" length="5.00" nVehEntered="40"/>
    <interval begin="27900.00" end="28800.00" id="217_D41" nVehContrib="38" flow="152.00" occupancy="24.35" speed="3.60" harmonicMeanSpeed="0.87" length="5.00" nVehEntered="38"/>
    <interval begin="28800.00" end="29700.00" id="217_D41" nVehContrib="33" flow="132.00" occupancy="25.77" speed="4.22" harmonicMeanSpeed="1.14" length="5.00" nVehEntered="34"/>
    <interval begin="29700.00" end="30600.00" id="217_D41" nVehContrib="32" flow="128.00" occupancy="32.51" speed="4.21" harmonicMeanSpeed="0.46" length="5.00" nVehEntered="32"/>
    <interval begin="30600.00" end="31500.00" id="217_D41" nVehContrib="39" flow="156.00" occupancy="40.07" speed="3.76" harmonicMeanSpeed="0.50" length="5.00" nVehEntered="38"/>
    <interval begin="31500.00" end="32400.00" id="217_D41" nVehContrib="32" flow="128.00" occupancy="54.95" speed="3.57" harmonicMeanSpeed="0.33" length="5.00" nVehEntered="33"/>
    <interval begin="32400.00" end="33300.00" id="217_D41" nVehContrib="24" flow="96.00" occupancy="39.01" speed="3.15" harmonicMeanSpeed="0.33" length="5.00" nVehEntered="23"/>
    <interval begin="33300.00" end="34200.00" id="217_D41" nVehContrib="27" flow="108.00" occupancy="24.29" speed="4.02" harmonicMeanSpeed="0.62" length="5.00" nVehEntered="27"/>
    <interval begin="34200.00" end="35100.00" id="217_D41" nVehContrib="31" flow="124.00" occupancy="43.08" speed="3.76" harmonicMeanSpeed="0.40" length="5.00" nVehEntered="31"/>
    <interval begin="35100.00" end="36000.00" id="217_D41" nVehContrib="23" flow="92.00" occupancy="50.90" speed="3.42" harmonicMeanSpeed="0.25" length="5.00" nVehEntered="23"/>
    <interval begin="36000.00" end="36900.00" id="217_D41" nVehContrib="22" flow="88.00" occupancy="36.16" speed="3.80" harmonicMeanSpeed="0.37" length="5.00" nVehEntered="23"/>
    <interval begin="36900.00" end="37800.00" id="217_D41" nVehContrib="26" flow="104.00" occupancy="21.95" speed="3.44" harmonicMeanSpeed="0.59" length="5.00" nVehEntered="26"/>
    <interval begin="37800.00" end="38700.00" id="217_D41" nVehContrib="27" flow="108.00" occupancy="44.87" speed="3.16" harmonicMeanSpeed="0.33" length="5.00" nVehEntered="26"/>
    <interval begin="38700.00" end="39600.00" id="217_D41" nVehContrib="21" flow="84.00" occupancy="34.93" speed="3.82" harmonicMeanSpeed="0.33" length="5.00" nVehEntered="21"/>
    <interval begin="39600.00" end="40500.00" id="217_D41" nVehContrib="17" flow="68.00" occupancy="41.80" speed="3.66" harmonicMeanSpeed="0.23" length="5.00" nVehEntered="17"/>
    <interval begin="40500.00" end="41400.00" id="217_D41" nVehContrib="22" flow="88.00" occupancy="54.71" speed="3.42" harmonicMeanSpeed="0.28" length="5.00" nVehEntered="23"/>
    <interval begin="41400.00" end="42300.00" id="217_D41" nVehContrib="31" flow="124.00" occupancy="56.34" speed="3.27" harmonicMeanSpeed="0.25" length="5.00" nVehEntered="30"/>
    <interval begin="42300.00" end="43200.00" id="217_D41" nVehContrib="18" flow="72.00" occupancy="29.93" speed="3.56" harmonicMeanSpeed="0.35" length="5.00" nVehEntered="19"/>
    <interval begin="43200.00" end="44100.00" id="217_D41" nVehContrib="22" flow="88.00" occupancy="34.66" speed="3.23" harmonicMeanSpeed="0.34" length="5.00" nVehEntered="21"/>
    <interval begin="44100.00" end="45000.00" id="217_D41" nVehContrib="16" flow="64.00" occupancy="20.20" speed="3.81" harmonicMeanSpeed="0.78" length="5.00" nVehEntered="17"/>
    <interval begin="45000.00" end="45900.00" id="217_D41" nVehContrib="20" flow="80.00" occupancy="37.31" speed="3.35" harmonicMeanSpeed="0.24" length="5.00" nVehEntered="19"/>
    <interval begin="45900.00" end="46800.00" id="217_D41" nVehContrib="18" flow="72.00" occupancy="19.41" speed="3.57" harmonicMeanSpeed="0.52" length="5.00" nVehEntered="18"/>
    <interval begin="46800.00" end="47700.00" id="217_D41" nVehContrib="0" flow="0.00" occupancy="0.00" speed="-1.00" harmonicMeanSpeed="-1.00" length="-1.00" nVehEntered="0"/>
    <interval begin="47700.00" end="48600.00" id="217_D41" nVehContrib="0" flow="0.00" occupancy="0.00" speed="-1.00" harmonicMeanSpeed="-1.00" length="-1.00" nVehEntered="0"/>
    <interval begin="48600.00" end="49321.00" id="217_D41" nVehContrib="0" flow="0.00" occupancy="0.00" speed="-1.00" harmonicMeanSpeed="-1.00" length="-1.00" nVehEntered="0"/>
</detector>
