<?xml version="1.0" encoding="UTF-8"?>

<!-- generated on 2025-02-24 17:47:11 by Eclipse SUMO GUI Version 1.19.0
<configuration xmlns:xsi="http://www.w3.org/2001/XMLSchema-instance" xsi:noNamespaceSchemaLocation="http://sumo.dlr.de/xsd/sumoConfiguration.xsd">

    <input>
        <net-file value="Network.net.xml"/>
        <route-files value="CarRoutes.rou.xml,BusRoutes.rou.xml"/>
        <additional-files value="BusStops.add.xml,Sensors_dfrouter.add.xml"/>
    </input>

    <output>
        <emission-output value="logs/Emissions.xml"/>
        <tripinfo-output value="logs/TripInfos.xml"/>
    </output>

    <time>
        <begin value="0"/>
        <end value="86400"/>
        <step-length value="0.25"/>
    </time>

    <processing>
        <ignore-junction-blocker value="0.1"/>
        <time-to-teleport value="-1"/>
    </processing>

    <emissions>
        <device.emissions.period value="10"/>
    </emissions>

    <traci_server>
        <remote-port value="61971"/>
    </traci_server>

    <gui_only>
        <quit-on-end value="true"/>
        <start value="true"/>
    </gui_only>

</configuration>
-->

<detector xmlns:xsi="http://www.w3.org/2001/XMLSchema-instance" xsi:noNamespaceSchemaLocation="http://sumo.dlr.de/xsd/det_e1_file.xsd">
    <interval begin="0.00" end="900.00" id="217_D81" nVehContrib="23" flow="92.00" occupancy="42.41" speed="4.25" harmonicMeanSpeed="0.31" length="5.00" nVehEntered="24"/>
    <interval begin="900.00" end="1800.00" id="217_D81" nVehContrib="20" flow="80.00" occupancy="41.67" speed="4.29" harmonicMeanSpeed="0.26" length="5.00" nVehEntered="20"/>
    <interval begin="1800.00" end="2700.00" id="217_D81" nVehContrib="21" flow="84.00" occupancy="52.71" speed="4.72" harmonicMeanSpeed="0.22" length="5.00" nVehEntered="20"/>
    <interval begin="2700.00" end="3600.00" id="217_D81" nVehContrib="14" flow="56.00" occupancy="50.32" speed="3.05" harmonicMeanSpeed="0.17" length="5.00" nVehEntered="15"/>
    <interval begin="3600.00" end="4500.00" id="217_D81" nVehContrib="17" flow="68.00" occupancy="29.87" speed="5.20" harmonicMeanSpeed="0.27" length="5.00" nVehEntered="17"/>
    <interval begin="4500.00" end="5400.00" id="217_D81" nVehContrib="25" flow="100.00" occupancy="57.59" speed="5.34" harmonicMeanSpeed="0.24" length="5.00" nVehEntered="24"/>
    <interval begin="5400.00" end="6300.00" id="217_D81" nVehContrib="27" flow="108.00" occupancy="54.22" speed="3.84" harmonicMeanSpeed="0.28" length="5.00" nVehEntered="28"/>
    <interval begin="6300.00" end="7200.00" id="217_D81" nVehContrib="28" flow="112.00" occupancy="42.22" speed="5.09" harmonicMeanSpeed="0.38" length="5.00" nVehEntered="28"/>
    <interval begin="7200.00" end="8100.00" id="217_D81" nVehContrib="26" flow="104.00" occupancy="45.00" speed="5.75" harmonicMeanSpeed="0.31" length="5.00" nVehEntered="25"/>
    <interval begin="8100.00" end="9000.00" id="217_D81" nVehContrib="22" flow="88.00" occupancy="39.14" speed="4.51" harmonicMeanSpeed="0.34" length="5.00" nVehEntered="23"/>
    <interval begin="9000.00" end="9900.00" id="217_D81" nVehContrib="35" flow="140.00" occupancy="48.62" speed="4.96" harmonicMeanSpeed="0.42" length="5.00" nVehEntered="35"/>
    <interval begin="9900.00" end="10800.00" id="217_D81" nVehContrib="25" flow="100.00" occupancy="33.41" speed="4.80" harmonicMeanSpeed="0.36" length="5.00" nVehEntered="24"/>
    <interval begin="10800.00" end="11700.00" id="217_D81" nVehContrib="24" flow="96.00" occupancy="36.24" speed="6.09" harmonicMeanSpeed="0.37" length="5.00" nVehEntered="24"/>
    <interval begin="11700.00" end="12600.00" id="217_D81" nVehContrib="23" flow="92.00" occupancy="44.02" speed="4.09" harmonicMeanSpeed="0.29" length="5.00" nVehEntered="23"/>
    <interval begin="12600.00" end="13500.00" id="217_D81" nVehContrib="18" flow="72.00" occupancy="41.45" speed="4.91" harmonicMeanSpeed="0.27" length="5.00" nVehEntered="19"/>
    <interval begin="13500.00" end="14400.00" id="217_D81" nVehContrib="36" flow="144.00" occupancy="54.07" speed="5.01" harmonicMeanSpeed="0.34" length="5.00" nVehEntered="35"/>
    <interval begin="14400.00" end="15300.00" id="217_D81" nVehContrib="23" flow="92.00" occupancy="53.87" speed="4.22" harmonicMeanSpeed="0.24" length="5.00" nVehEntered="23"/>
    <interval begin="15300.00" end="16200.00" id="217_D81" nVehContrib="27" flow="108.00" occupancy="47.62" speed="4.94" harmonicMeanSpeed="0.31" length="5.00" nVehEntered="27"/>
    <interval begin="16200.00" end="17100.00" id="217_D81" nVehContrib="27" flow="108.00" occupancy="45.75" speed="5.31" harmonicMeanSpeed="0.33" length="5.00" nVehEntered="27"/>
    <interval begin="17100.00" end="18000.00" id="217_D81" nVehContrib="23" flow="92.00" occupancy="56.39" speed="4.95" harmonicMeanSpeed="0.25" length="5.00" nVehEntered="24"/>
    <interval begin="18000.00" end="18900.00" id="217_D81" nVehContrib="40" flow="160.00" occupancy="49.67" speed="4.94" harmonicMeanSpeed="0.41" length="5.00" nVehEntered="39"/>
    <interval begin="18900.00" end="19800.00" id="217_D81" nVehContrib="21" flow="84.00" occupancy="48.99" speed="5.79" harmonicMeanSpeed="0.29" length="5.00" nVehEntered="22"/>
    <interval begin="19800.00" end="20700.00" id="217_D81" nVehContrib="34" flow="136.00" occupancy="68.22" speed="5.13" harmonicMeanSpeed="0.26" length="5.00" nVehEntered="34"/>
    <interval begin="20700.00" end="21600.00" id="217_D81" nVehContrib="28" flow="112.00" occupancy="62.57" speed="4.95" harmonicMeanSpeed="0.27" length="5.00" nVehEntered="28"/>
    <interval begin="21600.00" end="22500.00" id="217_D81" nVehContrib="33" flow="132.00" occupancy="66.06" speed="4.20" harmonicMeanSpeed="0.25" length="5.00" nVehEntered="32"/>
    <interval begin="22500.00" end="23400.00" id="217_D81" nVehContrib="32" flow="128.00" occupancy="46.33" speed="5.51" harmonicMeanSpeed="0.41" length="5.00" nVehEntered="33"/>
    <interval begin="23400.00" end="24300.00" id="217_D81" nVehContrib="40" flow="160.00" occupancy="65.91" speed="4.23" harmonicMeanSpeed="0.35" length="5.00" nVehEntered="40"/>
    <interval begin="24300.00" end="25200.00" id="217_D81" nVehContrib="50" flow="200.00" occupancy="67.87" speed="4.48" harmonicMeanSpeed="0.40" length="5.00" nVehEntered="50"/>
    <interval begin="25200.00" end="26100.00" id="217_D81" nVehContrib="47" flow="188.00" occupancy="73.84" speed="4.85" harmonicMeanSpeed="0.34" length="5.00" nVehEntered="47"/>
    <interval begin="26100.00" end="27000.00" id="217_D81" nVehContrib="31" flow="124.00" occupancy="86.53" speed="4.08" harmonicMeanSpeed="0.21" length="5.00" nVehEntered="31"/>
    <interval begin="27000.00" end="27900.00" id="217_D81" nVehContrib="39" flow="156.00" occupancy="90.27" speed="4.33" harmonicMeanSpeed="0.23" length="5.00" nVehEntered="38"/>
    <interval begin="27900.00" end="28800.00" id="217_D81" nVehContrib="26" flow="104.00" occupancy="85.65" speed="4.12" harmonicMeanSpeed="0.18" length="5.00" nVehEntered="27"/>
    <interval begin="28800.00" end="29700.00" id="217_D81" nVehContrib="40" flow="160.00" occupancy="71.98" speed="4.20" harmonicMeanSpeed="0.29" length="5.00" nVehEntered="39"/>
    <interval begin="29700.00" end="30600.00" id="217_D81" nVehContrib="17" flow="68.00" occupancy="29.05" speed="4.23" harmonicMeanSpeed="0.33" length="5.00" nVehEntered="17"/>
    <interval begin="30600.00" end="31500.00" id="217_D81" nVehContrib="23" flow="92.00" occupancy="71.13" speed="3.92" harmonicMeanSpeed="0.20" length="5.00" nVehEntered="24"/>
    <interval begin="31500.00" end="32400.00" id="217_D81" nVehContrib="44" flow="176.00" occupancy="69.39" speed="4.53" harmonicMeanSpeed="0.32" length="5.00" nVehEntered="44"/>
    <interval begin="32400.00" end="33300.00" id="217_D81" nVehContrib="35" flow="140.00" occupancy="71.88" speed="4.29" harmonicMeanSpeed="0.27" length="5.00" nVehEntered="34"/>
    <interval begin="33300.00" end="34200.00" id="217_D81" nVehContrib="24" flow="96.00" occupancy="41.26" speed="4.89" harmonicMeanSpeed="0.33" length="5.00" nVehEntered="25"/>
    <interval begin="34200.00" end="35100.00" id="217_D81" nVehContrib="12" flow="48.00" occupancy="48.00" speed="3.69" harmonicMeanSpeed="0.20" length="5.00" nVehEntered="12"/>
    <interval begin="35100.00" end="36000.00" id="217_D81" nVehContrib="23" flow="92.00" occupancy="46.19" speed="4.30" harmonicMeanSpeed="0.21" length="5.00" nVehEntered="22"/>
    <interval begin="36000.00" end="36900.00" id="217_D81" nVehContrib="15" flow="60.00" occupancy="29.77" speed="3.89" harmonicMeanSpeed="0.28" length="5.00" nVehEntered="15"/>
    <interval begin="36900.00" end="37800.00" id="217_D81" nVehContrib="13" flow="52.00" occupancy="41.45" speed="2.40" harmonicMeanSpeed="0.17" length="5.00" nVehEntered="13"/>
    <interval begin="37800.00" end="38700.00" id="217_D81" nVehContrib="13" flow="52.00" occupancy="20.24" speed="5.42" harmonicMeanSpeed="0.36" length="5.00" nVehEntered="13"/>
    <interval begin="38700.00" end="39600.00" id="217_D81" nVehContrib="20" flow="80.00" occupancy="35.33" speed="3.41" harmonicMeanSpeed="0.31" length="5.00" nVehEntered="20"/>
    <interval begin="39600.00" end="40500.00" id="217_D81" nVehContrib="16" flow="64.00" occupancy="16.17" speed="3.83" harmonicMeanSpeed="0.55" length="5.00" nVehEntered="16"/>
    <interval begin="40500.00" end="41400.00" id="217_D81" nVehContrib="12" flow="48.00" occupancy="33.24" speed="2.21" harmonicMeanSpeed="0.20" length="5.00" nVehEntered="12"/>
    <interval begin="41400.00" end="42300.00" id="217_D81" nVehContrib="4" flow="16.00" occupancy="2.14" speed="1.42" harmonicMeanSpeed="1.04" length="5.00" nVehEntered="4"/>
    <interval begin="42300.00" end="43200.00" id="217_D81" nVehContrib="14" flow="56.00" occupancy="24.69" speed="4.40" harmonicMeanSpeed="0.32" length="5.00" nVehEntered="14"/>
    <interval begin="43200.00" end="44100.00" id="217_D81" nVehContrib="10" flow="40.00" occupancy="10.72" speed="5.38" harmonicMeanSpeed="0.52" length="5.00" nVehEntered="10"/>
    <interval begin="44100.00" end="45000.00" id="217_D81" nVehContrib="8" flow="32.00" occupancy="14.10" speed="2.61" harmonicMeanSpeed="0.32" length="5.00" nVehEntered="8"/>
    <interval begin="45000.00" end="45900.00" id="217_D81" nVehContrib="8" flow="32.00" occupancy="9.09" speed="3.68" harmonicMeanSpeed="0.49" length="5.00" nVehEntered="8"/>
    <interval begin="45900.00" end="46800.00" id="217_D81" nVehContrib="2" flow="8.00" occupancy="12.56" speed="0.29" harmonicMeanSpeed="0.27" length="5.00" nVehEntered="3"/>
    <interval begin="46800.00" end="47700.00" id="217_D81" nVehContrib="0" flow="0.00" occupancy="100.00" speed="-1.00" harmonicMeanSpeed="-1.00" length="-1.00" nVehEntered="0"/>
    <interval begin="47700.00" end="48600.00" id="217_D81" nVehContrib="0" flow="0.00" occupancy="100.00" speed="-1.00" harmonicMeanSpeed="-1.00" length="-1.00" nVehEntered="0"/>
    <interval begin="48600.00" end="49321.00" id="217_D81" nVehContrib="0" flow="0.00" occupancy="100.00" speed="-1.00" harmonicMeanSpeed="-1.00" length="-1.00" nVehEntered="0"/>
</detector>
