<?xml version="1.0" encoding="UTF-8"?>

<!-- generated on 2025-02-24 17:47:11 by Eclipse SUMO GUI Version 1.19.0
<configuration xmlns:xsi="http://www.w3.org/2001/XMLSchema-instance" xsi:noNamespaceSchemaLocation="http://sumo.dlr.de/xsd/sumoConfiguration.xsd">

    <input>
        <net-file value="Network.net.xml"/>
        <route-files value="CarRoutes.rou.xml,BusRoutes.rou.xml"/>
        <additional-files value="BusStops.add.xml,Sensors_dfrouter.add.xml"/>
    </input>

    <output>
        <emission-output value="logs/Emissions.xml"/>
        <tripinfo-output value="logs/TripInfos.xml"/>
    </output>

    <time>
        <begin value="0"/>
        <end value="86400"/>
        <step-length value="0.25"/>
    </time>

    <processing>
        <ignore-junction-blocker value="0.1"/>
        <time-to-teleport value="-1"/>
    </processing>

    <emissions>
        <device.emissions.period value="10"/>
    </emissions>

    <traci_server>
        <remote-port value="61971"/>
    </traci_server>

    <gui_only>
        <quit-on-end value="true"/>
        <start value="true"/>
    </gui_only>

</configuration>
-->

<detector xmlns:xsi="http://www.w3.org/2001/XMLSchema-instance" xsi:noNamespaceSchemaLocation="http://sumo.dlr.de/xsd/det_e1_file.xsd">
    <interval begin="0.00" end="900.00" id="235_D42" nVehContrib="65" flow="260.00" occupancy="6.74" speed="6.10" harmonicMeanSpeed="5.36" length="5.00" nVehEntered="65"/>
    <interval begin="900.00" end="1800.00" id="235_D42" nVehContrib="84" flow="336.00" occupancy="8.88" speed="6.32" harmonicMeanSpeed="5.25" length="5.00" nVehEntered="84"/>
    <interval begin="1800.00" end="2700.00" id="235_D42" nVehContrib="77" flow="308.00" occupancy="8.91" speed="6.63" harmonicMeanSpeed="4.80" length="5.00" nVehEntered="78"/>
    <interval begin="2700.00" end="3600.00" id="235_D42" nVehContrib="64" flow="256.00" occupancy="6.61" speed="6.09" harmonicMeanSpeed="5.37" length="5.00" nVehEntered="63"/>
    <interval begin="3600.00" end="4500.00" id="235_D42" nVehContrib="80" flow="320.00" occupancy="9.64" speed="5.88" harmonicMeanSpeed="4.61" length="5.00" nVehEntered="80"/>
    <interval begin="4500.00" end="5400.00" id="235_D42" nVehContrib="74" flow="296.00" occupancy="7.23" speed="6.27" harmonicMeanSpeed="5.69" length="5.00" nVehEntered="74"/>
    <interval begin="5400.00" end="6300.00" id="235_D42" nVehContrib="71" flow="284.00" occupancy="12.30" speed="6.25" harmonicMeanSpeed="3.21" length="5.00" nVehEntered="71"/>
    <interval begin="6300.00" end="7200.00" id="235_D42" nVehContrib="85" flow="340.00" occupancy="8.67" speed="6.17" harmonicMeanSpeed="5.44" length="5.00" nVehEntered="85"/>
    <interval begin="7200.00" end="8100.00" id="235_D42" nVehContrib="88" flow="352.00" occupancy="9.78" speed="6.25" harmonicMeanSpeed="5.00" length="5.00" nVehEntered="88"/>
    <interval begin="8100.00" end="9000.00" id="235_D42" nVehContrib="94" flow="376.00" occupancy="10.57" speed="6.22" harmonicMeanSpeed="4.94" length="5.00" nVehEntered="94"/>
    <interval begin="9000.00" end="9900.00" id="235_D42" nVehContrib="100" flow="400.00" occupancy="9.46" speed="6.79" harmonicMeanSpeed="5.87" length="5.00" nVehEntered="100"/>
    <interval begin="9900.00" end="10800.00" id="235_D42" nVehContrib="88" flow="352.00" occupancy="8.61" speed="6.65" harmonicMeanSpeed="5.68" length="5.00" nVehEntered="88"/>
    <interval begin="10800.00" end="11700.00" id="235_D42" nVehContrib="111" flow="444.00" occupancy="10.60" speed="6.49" harmonicMeanSpeed="5.82" length="5.00" nVehEntered="111"/>
    <interval begin="11700.00" end="12600.00" id="235_D42" nVehContrib="95" flow="380.00" occupancy="8.99" speed="6.45" harmonicMeanSpeed="5.87" length="5.00" nVehEntered="95"/>
    <interval begin="12600.00" end="13500.00" id="235_D42" nVehContrib="96" flow="384.00" occupancy="8.82" speed="6.62" harmonicMeanSpeed="6.05" length="5.00" nVehEntered="96"/>
    <interval begin="13500.00" end="14400.00" id="235_D42" nVehContrib="91" flow="364.00" occupancy="9.72" speed="6.45" harmonicMeanSpeed="5.25" length="5.00" nVehEntered="92"/>
    <interval begin="14400.00" end="15300.00" id="235_D42" nVehContrib="107" flow="428.00" occupancy="12.24" speed="6.12" harmonicMeanSpeed="4.83" length="5.00" nVehEntered="106"/>
    <interval begin="15300.00" end="16200.00" id="235_D42" nVehContrib="112" flow="448.00" occupancy="12.03" speed="6.01" harmonicMeanSpeed="5.17" length="5.00" nVehEntered="112"/>
    <interval begin="16200.00" end="17100.00" id="235_D42" nVehContrib="94" flow="376.00" occupancy="9.07" speed="6.43" harmonicMeanSpeed="5.76" length="5.00" nVehEntered="94"/>
    <interval begin="17100.00" end="18000.00" id="235_D42" nVehContrib="117" flow="468.00" occupancy="13.25" speed="6.41" harmonicMeanSpeed="4.91" length="5.00" nVehEntered="117"/>
    <interval begin="18000.00" end="18900.00" id="235_D42" nVehContrib="125" flow="500.00" occupancy="14.59" speed="6.17" harmonicMeanSpeed="4.77" length="5.00" nVehEntered="126"/>
    <interval begin="18900.00" end="19800.00" id="235_D42" nVehContrib="128" flow="512.00" occupancy="16.22" speed="5.60" harmonicMeanSpeed="4.37" length="5.00" nVehEntered="127"/>
    <interval begin="19800.00" end="20700.00" id="235_D42" nVehContrib="127" flow="508.00" occupancy="13.57" speed="6.47" harmonicMeanSpeed="5.20" length="5.00" nVehEntered="127"/>
    <interval begin="20700.00" end="21600.00" id="235_D42" nVehContrib="113" flow="452.00" occupancy="12.77" speed="5.84" harmonicMeanSpeed="4.92" length="5.00" nVehEntered="113"/>
    <interval begin="21600.00" end="22500.00" id="235_D42" nVehContrib="134" flow="536.00" occupancy="14.40" speed="6.31" harmonicMeanSpeed="5.18" length="5.00" nVehEntered="135"/>
    <interval begin="22500.00" end="23400.00" id="235_D42" nVehContrib="121" flow="484.00" occupancy="14.92" speed="6.06" harmonicMeanSpeed="4.50" length="5.00" nVehEntered="120"/>
    <interval begin="23400.00" end="24300.00" id="235_D42" nVehContrib="129" flow="516.00" occupancy="14.49" speed="6.40" harmonicMeanSpeed="4.95" length="5.00" nVehEntered="129"/>
    <interval begin="24300.00" end="25200.00" id="235_D42" nVehContrib="118" flow="472.00" occupancy="11.35" speed="6.59" harmonicMeanSpeed="5.79" length="5.00" nVehEntered="119"/>
    <interval begin="25200.00" end="26100.00" id="235_D42" nVehContrib="133" flow="532.00" occupancy="17.66" speed="5.94" harmonicMeanSpeed="4.18" length="5.00" nVehEntered="132"/>
    <interval begin="26100.00" end="27000.00" id="235_D42" nVehContrib="71" flow="284.00" occupancy="5.98" speed="7.17" harmonicMeanSpeed="6.60" length="5.00" nVehEntered="71"/>
    <interval begin="27000.00" end="27900.00" id="235_D42" nVehContrib="145" flow="580.00" occupancy="17.20" speed="5.92" harmonicMeanSpeed="4.68" length="5.00" nVehEntered="145"/>
    <interval begin="27900.00" end="28800.00" id="235_D42" nVehContrib="116" flow="464.00" occupancy="10.89" speed="6.70" harmonicMeanSpeed="5.92" length="5.00" nVehEntered="116"/>
    <interval begin="28800.00" end="29700.00" id="235_D42" nVehContrib="164" flow="656.00" occupancy="17.06" speed="6.06" harmonicMeanSpeed="5.37" length="5.00" nVehEntered="165"/>
    <interval begin="29700.00" end="30600.00" id="235_D42" nVehContrib="120" flow="480.00" occupancy="16.52" speed="5.84" harmonicMeanSpeed="4.01" length="5.00" nVehEntered="119"/>
    <interval begin="30600.00" end="31500.00" id="235_D42" nVehContrib="147" flow="588.00" occupancy="14.09" speed="6.66" harmonicMeanSpeed="5.80" length="5.00" nVehEntered="147"/>
    <interval begin="31500.00" end="32400.00" id="235_D42" nVehContrib="126" flow="504.00" occupancy="11.98" speed="6.53" harmonicMeanSpeed="5.91" length="5.00" nVehEntered="127"/>
    <interval begin="32400.00" end="33300.00" id="235_D42" nVehContrib="121" flow="484.00" occupancy="12.44" speed="6.41" harmonicMeanSpeed="5.34" length="5.00" nVehEntered="120"/>
    <interval begin="33300.00" end="34200.00" id="235_D42" nVehContrib="136" flow="544.00" occupancy="13.34" speed="6.55" harmonicMeanSpeed="5.66" length="5.00" nVehEntered="136"/>
    <interval begin="34200.00" end="35100.00" id="235_D42" nVehContrib="102" flow="408.00" occupancy="10.02" speed="6.40" harmonicMeanSpeed="5.65" length="5.00" nVehEntered="102"/>
    <interval begin="35100.00" end="36000.00" id="235_D42" nVehContrib="109" flow="436.00" occupancy="10.05" speed="6.72" harmonicMeanSpeed="6.02" length="5.00" nVehEntered="109"/>
    <interval begin="36000.00" end="36900.00" id="235_D42" nVehContrib="85" flow="340.00" occupancy="9.16" speed="6.66" harmonicMeanSpeed="5.15" length="5.00" nVehEntered="85"/>
    <interval begin="36900.00" end="37800.00" id="235_D42" nVehContrib="121" flow="484.00" occupancy="12.44" speed="5.98" harmonicMeanSpeed="5.40" length="5.00" nVehEntered="121"/>
    <interval begin="37800.00" end="38700.00" id="235_D42" nVehContrib="99" flow="396.00" occupancy="9.53" speed="6.43" harmonicMeanSpeed="5.77" length="5.00" nVehEntered="99"/>
    <interval begin="38700.00" end="39600.00" id="235_D42" nVehContrib="104" flow="416.00" occupancy="10.73" speed="6.09" harmonicMeanSpeed="5.39" length="5.00" nVehEntered="104"/>
    <interval begin="39600.00" end="40500.00" id="235_D42" nVehContrib="96" flow="384.00" occupancy="10.74" speed="5.88" harmonicMeanSpeed="4.97" length="5.00" nVehEntered="96"/>
    <interval begin="40500.00" end="41400.00" id="235_D42" nVehContrib="84" flow="336.00" occupancy="7.90" speed="6.46" harmonicMeanSpeed="5.91" length="5.00" nVehEntered="84"/>
    <interval begin="41400.00" end="42300.00" id="235_D42" nVehContrib="65" flow="260.00" occupancy="6.11" speed="6.42" harmonicMeanSpeed="5.91" length="5.00" nVehEntered="65"/>
    <interval begin="42300.00" end="43200.00" id="235_D42" nVehContrib="103" flow="412.00" occupancy="9.94" speed="6.21" harmonicMeanSpeed="5.76" length="5.00" nVehEntered="103"/>
    <interval begin="43200.00" end="44100.00" id="235_D42" nVehContrib="56" flow="224.00" occupancy="6.91" speed="5.65" harmonicMeanSpeed="4.50" length="5.00" nVehEntered="56"/>
    <interval begin="44100.00" end="45000.00" id="235_D42" nVehContrib="111" flow="444.00" occupancy="10.99" speed="6.29" harmonicMeanSpeed="5.61" length="5.00" nVehEntered="111"/>
    <interval begin="45000.00" end="45900.00" id="235_D42" nVehContrib="80" flow="320.00" occupancy="7.32" speed="6.51" harmonicMeanSpeed="6.08" length="5.00" nVehEntered="80"/>
    <interval begin="45900.00" end="46800.00" id="235_D42" nVehContrib="0" flow="0.00" occupancy="0.00" speed="-1.00" harmonicMeanSpeed="-1.00" length="-1.00" nVehEntered="0"/>
    <interval begin="46800.00" end="47700.00" id="235_D42" nVehContrib="0" flow="0.00" occupancy="0.00" speed="-1.00" harmonicMeanSpeed="-1.00" length="-1.00" nVehEntered="0"/>
    <interval begin="47700.00" end="48600.00" id="235_D42" nVehContrib="0" flow="0.00" occupancy="0.00" speed="-1.00" harmonicMeanSpeed="-1.00" length="-1.00" nVehEntered="0"/>
    <interval begin="48600.00" end="49321.00" id="235_D42" nVehContrib="0" flow="0.00" occupancy="0.00" speed="-1.00" harmonicMeanSpeed="-1.00" length="-1.00" nVehEntered="0"/>
</detector>
