<?xml version="1.0" encoding="UTF-8"?>

<!-- generated on 2025-02-24 17:47:11 by Eclipse SUMO GUI Version 1.19.0
<configuration xmlns:xsi="http://www.w3.org/2001/XMLSchema-instance" xsi:noNamespaceSchemaLocation="http://sumo.dlr.de/xsd/sumoConfiguration.xsd">

    <input>
        <net-file value="Network.net.xml"/>
        <route-files value="CarRoutes.rou.xml,BusRoutes.rou.xml"/>
        <additional-files value="BusStops.add.xml,Sensors_dfrouter.add.xml"/>
    </input>

    <output>
        <emission-output value="logs/Emissions.xml"/>
        <tripinfo-output value="logs/TripInfos.xml"/>
    </output>

    <time>
        <begin value="0"/>
        <end value="86400"/>
        <step-length value="0.25"/>
    </time>

    <processing>
        <ignore-junction-blocker value="0.1"/>
        <time-to-teleport value="-1"/>
    </processing>

    <emissions>
        <device.emissions.period value="10"/>
    </emissions>

    <traci_server>
        <remote-port value="61971"/>
    </traci_server>

    <gui_only>
        <quit-on-end value="true"/>
        <start value="true"/>
    </gui_only>

</configuration>
-->

<detector xmlns:xsi="http://www.w3.org/2001/XMLSchema-instance" xsi:noNamespaceSchemaLocation="http://sumo.dlr.de/xsd/det_e1_file.xsd">
    <interval begin="0.00" end="900.00" id="235_D101" nVehContrib="103" flow="412.00" occupancy="12.88" speed="4.62" harmonicMeanSpeed="4.44" length="5.00" nVehEntered="103"/>
    <interval begin="900.00" end="1800.00" id="235_D101" nVehContrib="64" flow="256.00" occupancy="6.71" speed="5.57" harmonicMeanSpeed="5.30" length="5.00" nVehEntered="64"/>
    <interval begin="1800.00" end="2700.00" id="235_D101" nVehContrib="55" flow="220.00" occupancy="5.79" speed="5.68" harmonicMeanSpeed="5.28" length="5.00" nVehEntered="55"/>
    <interval begin="2700.00" end="3600.00" id="235_D101" nVehContrib="67" flow="268.00" occupancy="7.16" speed="5.52" harmonicMeanSpeed="5.20" length="5.00" nVehEntered="67"/>
    <interval begin="3600.00" end="4500.00" id="235_D101" nVehContrib="55" flow="220.00" occupancy="5.72" speed="5.81" harmonicMeanSpeed="5.34" length="5.00" nVehEntered="55"/>
    <interval begin="4500.00" end="5400.00" id="235_D101" nVehContrib="65" flow="260.00" occupancy="7.00" speed="5.54" harmonicMeanSpeed="5.16" length="5.00" nVehEntered="65"/>
    <interval begin="5400.00" end="6300.00" id="235_D101" nVehContrib="56" flow="224.00" occupancy="6.10" speed="5.41" harmonicMeanSpeed="5.10" length="5.00" nVehEntered="56"/>
    <interval begin="6300.00" end="7200.00" id="235_D101" nVehContrib="56" flow="224.00" occupancy="5.92" speed="5.43" harmonicMeanSpeed="5.26" length="5.00" nVehEntered="56"/>
    <interval begin="7200.00" end="8100.00" id="235_D101" nVehContrib="44" flow="176.00" occupancy="4.36" speed="6.18" harmonicMeanSpeed="5.61" length="5.00" nVehEntered="44"/>
    <interval begin="8100.00" end="9000.00" id="235_D101" nVehContrib="56" flow="224.00" occupancy="5.58" speed="6.51" harmonicMeanSpeed="5.61" length="5.00" nVehEntered="57"/>
    <interval begin="9000.00" end="9900.00" id="235_D101" nVehContrib="78" flow="312.00" occupancy="8.06" speed="5.68" harmonicMeanSpeed="5.35" length="5.00" nVehEntered="77"/>
    <interval begin="9900.00" end="10800.00" id="235_D101" nVehContrib="53" flow="212.00" occupancy="5.30" speed="6.22" harmonicMeanSpeed="5.56" length="5.00" nVehEntered="53"/>
    <interval begin="10800.00" end="11700.00" id="235_D101" nVehContrib="48" flow="192.00" occupancy="4.99" speed="5.66" harmonicMeanSpeed="5.35" length="5.00" nVehEntered="48"/>
    <interval begin="11700.00" end="12600.00" id="235_D101" nVehContrib="54" flow="216.00" occupancy="5.61" speed="5.92" harmonicMeanSpeed="5.34" length="5.00" nVehEntered="54"/>
    <interval begin="12600.00" end="13500.00" id="235_D101" nVehContrib="57" flow="228.00" occupancy="6.49" speed="5.29" harmonicMeanSpeed="4.88" length="5.00" nVehEntered="57"/>
    <interval begin="13500.00" end="14400.00" id="235_D101" nVehContrib="63" flow="252.00" occupancy="6.53" speed="5.66" harmonicMeanSpeed="5.36" length="5.00" nVehEntered="63"/>
    <interval begin="14400.00" end="15300.00" id="235_D101" nVehContrib="64" flow="256.00" occupancy="7.16" speed="5.20" harmonicMeanSpeed="4.97" length="5.00" nVehEntered="64"/>
    <interval begin="15300.00" end="16200.00" id="235_D101" nVehContrib="56" flow="224.00" occupancy="5.71" speed="5.80" harmonicMeanSpeed="5.45" length="5.00" nVehEntered="56"/>
    <interval begin="16200.00" end="17100.00" id="235_D101" nVehContrib="56" flow="224.00" occupancy="5.84" speed="5.57" harmonicMeanSpeed="5.33" length="5.00" nVehEntered="56"/>
    <interval begin="17100.00" end="18000.00" id="235_D101" nVehContrib="71" flow="284.00" occupancy="7.82" speed="5.38" harmonicMeanSpeed="5.04" length="5.00" nVehEntered="71"/>
    <interval begin="18000.00" end="18900.00" id="235_D101" nVehContrib="59" flow="236.00" occupancy="6.23" speed="5.59" harmonicMeanSpeed="5.26" length="5.00" nVehEntered="59"/>
    <interval begin="18900.00" end="19800.00" id="235_D101" nVehContrib="59" flow="236.00" occupancy="6.37" speed="5.83" harmonicMeanSpeed="5.15" length="5.00" nVehEntered="59"/>
    <interval begin="19800.00" end="20700.00" id="235_D101" nVehContrib="52" flow="208.00" occupancy="5.45" speed="5.59" harmonicMeanSpeed="5.30" length="5.00" nVehEntered="52"/>
    <interval begin="20700.00" end="21600.00" id="235_D101" nVehContrib="63" flow="252.00" occupancy="7.03" speed="5.18" harmonicMeanSpeed="4.98" length="5.00" nVehEntered="63"/>
    <interval begin="21600.00" end="22500.00" id="235_D101" nVehContrib="69" flow="276.00" occupancy="7.68" speed="5.42" harmonicMeanSpeed="4.99" length="5.00" nVehEntered="69"/>
    <interval begin="22500.00" end="23400.00" id="235_D101" nVehContrib="67" flow="268.00" occupancy="7.29" speed="5.21" harmonicMeanSpeed="5.11" length="5.00" nVehEntered="67"/>
    <interval begin="23400.00" end="24300.00" id="235_D101" nVehContrib="63" flow="252.00" occupancy="6.75" speed="5.38" harmonicMeanSpeed="5.19" length="5.00" nVehEntered="63"/>
    <interval begin="24300.00" end="25200.00" id="235_D101" nVehContrib="60" flow="240.00" occupancy="6.92" speed="5.56" harmonicMeanSpeed="4.81" length="5.00" nVehEntered="60"/>
    <interval begin="25200.00" end="26100.00" id="235_D101" nVehContrib="89" flow="356.00" occupancy="10.58" speed="4.90" harmonicMeanSpeed="4.67" length="5.00" nVehEntered="89"/>
    <interval begin="26100.00" end="27000.00" id="235_D101" nVehContrib="74" flow="296.00" occupancy="8.60" speed="5.09" harmonicMeanSpeed="4.78" length="5.00" nVehEntered="74"/>
    <interval begin="27000.00" end="27900.00" id="235_D101" nVehContrib="74" flow="296.00" occupancy="8.19" speed="5.38" harmonicMeanSpeed="5.02" length="5.00" nVehEntered="74"/>
    <interval begin="27900.00" end="28800.00" id="235_D101" nVehContrib="66" flow="264.00" occupancy="7.43" speed="5.34" harmonicMeanSpeed="5.00" length="5.00" nVehEntered="67"/>
    <interval begin="28800.00" end="29700.00" id="235_D101" nVehContrib="63" flow="252.00" occupancy="6.44" speed="5.55" harmonicMeanSpeed="5.35" length="5.00" nVehEntered="62"/>
    <interval begin="29700.00" end="30600.00" id="235_D101" nVehContrib="62" flow="248.00" occupancy="6.71" speed="5.67" harmonicMeanSpeed="5.13" length="5.00" nVehEntered="62"/>
    <interval begin="30600.00" end="31500.00" id="235_D101" nVehContrib="57" flow="228.00" occupancy="6.28" speed="5.55" harmonicMeanSpeed="5.05" length="5.00" nVehEntered="57"/>
    <interval begin="31500.00" end="32400.00" id="235_D101" nVehContrib="52" flow="208.00" occupancy="5.43" speed="5.58" harmonicMeanSpeed="5.32" length="5.00" nVehEntered="52"/>
    <interval begin="32400.00" end="33300.00" id="235_D101" nVehContrib="50" flow="200.00" occupancy="5.18" speed="5.89" harmonicMeanSpeed="5.37" length="5.00" nVehEntered="50"/>
    <interval begin="33300.00" end="34200.00" id="235_D101" nVehContrib="49" flow="196.00" occupancy="5.00" speed="6.06" harmonicMeanSpeed="5.44" length="5.00" nVehEntered="49"/>
    <interval begin="34200.00" end="35100.00" id="235_D101" nVehContrib="37" flow="148.00" occupancy="3.89" speed="5.55" harmonicMeanSpeed="5.29" length="5.00" nVehEntered="37"/>
    <interval begin="35100.00" end="36000.00" id="235_D101" nVehContrib="35" flow="140.00" occupancy="3.76" speed="5.36" harmonicMeanSpeed="5.18" length="5.00" nVehEntered="35"/>
    <interval begin="36000.00" end="36900.00" id="235_D101" nVehContrib="42" flow="168.00" occupancy="4.67" speed="5.33" harmonicMeanSpeed="5.00" length="5.00" nVehEntered="42"/>
    <interval begin="36900.00" end="37800.00" id="235_D101" nVehContrib="24" flow="96.00" occupancy="2.14" speed="7.69" harmonicMeanSpeed="6.23" length="5.00" nVehEntered="24"/>
    <interval begin="37800.00" end="38700.00" id="235_D101" nVehContrib="22" flow="88.00" occupancy="2.12" speed="6.47" harmonicMeanSpeed="5.76" length="5.00" nVehEntered="22"/>
    <interval begin="38700.00" end="39600.00" id="235_D101" nVehContrib="12" flow="48.00" occupancy="1.24" speed="5.82" harmonicMeanSpeed="5.39" length="5.00" nVehEntered="12"/>
    <interval begin="39600.00" end="40500.00" id="235_D101" nVehContrib="22" flow="88.00" occupancy="2.19" speed="6.60" harmonicMeanSpeed="5.57" length="5.00" nVehEntered="22"/>
    <interval begin="40500.00" end="41400.00" id="235_D101" nVehContrib="10" flow="40.00" occupancy="0.95" speed="6.29" harmonicMeanSpeed="5.83" length="5.00" nVehEntered="10"/>
    <interval begin="41400.00" end="42300.00" id="235_D101" nVehContrib="13" flow="52.00" occupancy="1.28" speed="6.03" harmonicMeanSpeed="5.65" length="5.00" nVehEntered="13"/>
    <interval begin="42300.00" end="43200.00" id="235_D101" nVehContrib="18" flow="72.00" occupancy="1.64" speed="7.02" harmonicMeanSpeed="6.09" length="5.00" nVehEntered="18"/>
    <interval begin="43200.00" end="44100.00" id="235_D101" nVehContrib="14" flow="56.00" occupancy="1.41" speed="5.81" harmonicMeanSpeed="5.52" length="5.00" nVehEntered="14"/>
    <interval begin="44100.00" end="45000.00" id="235_D101" nVehContrib="13" flow="52.00" occupancy="1.18" speed="7.36" harmonicMeanSpeed="6.11" length="5.00" nVehEntered="13"/>
    <interval begin="45000.00" end="45900.00" id="235_D101" nVehContrib="10" flow="40.00" occupancy="1.03" speed="6.19" harmonicMeanSpeed="5.41" length="5.00" nVehEntered="10"/>
    <interval begin="45900.00" end="46800.00" id="235_D101" nVehContrib="0" flow="0.00" occupancy="0.00" speed="-1.00" harmonicMeanSpeed="-1.00" length="-1.00" nVehEntered="0"/>
    <interval begin="46800.00" end="47700.00" id="235_D101" nVehContrib="0" flow="0.00" occupancy="0.00" speed="-1.00" harmonicMeanSpeed="-1.00" length="-1.00" nVehEntered="0"/>
    <interval begin="47700.00" end="48600.00" id="235_D101" nVehContrib="0" flow="0.00" occupancy="0.00" speed="-1.00" harmonicMeanSpeed="-1.00" length="-1.00" nVehEntered="0"/>
    <interval begin="48600.00" end="49321.00" id="235_D101" nVehContrib="0" flow="0.00" occupancy="0.00" speed="-1.00" harmonicMeanSpeed="-1.00" length="-1.00" nVehEntered="0"/>
</detector>
