<?xml version="1.0" encoding="UTF-8"?>

<!-- generated on 2025-02-24 17:47:11 by Eclipse SUMO GUI Version 1.19.0
<configuration xmlns:xsi="http://www.w3.org/2001/XMLSchema-instance" xsi:noNamespaceSchemaLocation="http://sumo.dlr.de/xsd/sumoConfiguration.xsd">

    <input>
        <net-file value="Network.net.xml"/>
        <route-files value="CarRoutes.rou.xml,BusRoutes.rou.xml"/>
        <additional-files value="BusStops.add.xml,Sensors_dfrouter.add.xml"/>
    </input>

    <output>
        <emission-output value="logs/Emissions.xml"/>
        <tripinfo-output value="logs/TripInfos.xml"/>
    </output>

    <time>
        <begin value="0"/>
        <end value="86400"/>
        <step-length value="0.25"/>
    </time>

    <processing>
        <ignore-junction-blocker value="0.1"/>
        <time-to-teleport value="-1"/>
    </processing>

    <emissions>
        <device.emissions.period value="10"/>
    </emissions>

    <traci_server>
        <remote-port value="61971"/>
    </traci_server>

    <gui_only>
        <quit-on-end value="true"/>
        <start value="true"/>
    </gui_only>

</configuration>
-->

<detector xmlns:xsi="http://www.w3.org/2001/XMLSchema-instance" xsi:noNamespaceSchemaLocation="http://sumo.dlr.de/xsd/det_e1_file.xsd">
    <interval begin="0.00" end="900.00" id="235_D025" nVehContrib="1" flow="4.00" occupancy="0.12" speed="4.80" harmonicMeanSpeed="4.80" length="5.00" nVehEntered="1"/>
    <interval begin="900.00" end="1800.00" id="235_D025" nVehContrib="0" flow="0.00" occupancy="0.00" speed="-1.00" harmonicMeanSpeed="-1.00" length="-1.00" nVehEntered="0"/>
    <interval begin="1800.00" end="2700.00" id="235_D025" nVehContrib="0" flow="0.00" occupancy="0.00" speed="-1.00" harmonicMeanSpeed="-1.00" length="-1.00" nVehEntered="0"/>
    <interval begin="2700.00" end="3600.00" id="235_D025" nVehContrib="0" flow="0.00" occupancy="0.00" speed="-1.00" harmonicMeanSpeed="-1.00" length="-1.00" nVehEntered="0"/>
    <interval begin="3600.00" end="4500.00" id="235_D025" nVehContrib="2" flow="8.00" occupancy="0.16" speed="7.15" harmonicMeanSpeed="7.08" length="5.00" nVehEntered="2"/>
    <interval begin="4500.00" end="5400.00" id="235_D025" nVehContrib="0" flow="0.00" occupancy="0.00" speed="-1.00" harmonicMeanSpeed="-1.00" length="-1.00" nVehEntered="0"/>
    <interval begin="5400.00" end="6300.00" id="235_D025" nVehContrib="2" flow="8.00" occupancy="0.14" speed="8.11" harmonicMeanSpeed="7.91" length="5.00" nVehEntered="2"/>
    <interval begin="6300.00" end="7200.00" id="235_D025" nVehContrib="2" flow="8.00" occupancy="0.16" speed="6.89" harmonicMeanSpeed="6.81" length="5.00" nVehEntered="2"/>
    <interval begin="7200.00" end="8100.00" id="235_D025" nVehContrib="1" flow="4.00" occupancy="0.08" speed="6.58" harmonicMeanSpeed="6.58" length="5.00" nVehEntered="1"/>
    <interval begin="8100.00" end="9000.00" id="235_D025" nVehContrib="1" flow="4.00" occupancy="0.07" speed="7.43" harmonicMeanSpeed="7.43" length="5.00" nVehEntered="1"/>
    <interval begin="9000.00" end="9900.00" id="235_D025" nVehContrib="0" flow="0.00" occupancy="0.00" speed="-1.00" harmonicMeanSpeed="-1.00" length="-1.00" nVehEntered="0"/>
    <interval begin="9900.00" end="10800.00" id="235_D025" nVehContrib="0" flow="0.00" occupancy="0.00" speed="-1.00" harmonicMeanSpeed="-1.00" length="-1.00" nVehEntered="0"/>
    <interval begin="10800.00" end="11700.00" id="235_D025" nVehContrib="0" flow="0.00" occupancy="0.00" speed="-1.00" harmonicMeanSpeed="-1.00" length="-1.00" nVehEntered="0"/>
    <interval begin="11700.00" end="12600.00" id="235_D025" nVehContrib="0" flow="0.00" occupancy="0.00" speed="-1.00" harmonicMeanSpeed="-1.00" length="-1.00" nVehEntered="0"/>
    <interval begin="12600.00" end="13500.00" id="235_D025" nVehContrib="1" flow="4.00" occupancy="0.08" speed="7.08" harmonicMeanSpeed="7.08" length="5.00" nVehEntered="1"/>
    <interval begin="13500.00" end="14400.00" id="235_D025" nVehContrib="0" flow="0.00" occupancy="0.00" speed="-1.00" harmonicMeanSpeed="-1.00" length="-1.00" nVehEntered="0"/>
    <interval begin="14400.00" end="15300.00" id="235_D025" nVehContrib="1" flow="4.00" occupancy="0.09" speed="6.18" harmonicMeanSpeed="6.18" length="5.00" nVehEntered="1"/>
    <interval begin="15300.00" end="16200.00" id="235_D025" nVehContrib="0" flow="0.00" occupancy="0.00" speed="-1.00" harmonicMeanSpeed="-1.00" length="-1.00" nVehEntered="0"/>
    <interval begin="16200.00" end="17100.00" id="235_D025" nVehContrib="0" flow="0.00" occupancy="0.00" speed="-1.00" harmonicMeanSpeed="-1.00" length="-1.00" nVehEntered="0"/>
    <interval begin="17100.00" end="18000.00" id="235_D025" nVehContrib="2" flow="8.00" occupancy="0.12" speed="9.28" harmonicMeanSpeed="9.20" length="5.00" nVehEntered="2"/>
    <interval begin="18000.00" end="18900.00" id="235_D025" nVehContrib="2" flow="8.00" occupancy="0.13" speed="8.58" harmonicMeanSpeed="8.32" length="5.00" nVehEntered="2"/>
    <interval begin="18900.00" end="19800.00" id="235_D025" nVehContrib="0" flow="0.00" occupancy="0.00" speed="-1.00" harmonicMeanSpeed="-1.00" length="-1.00" nVehEntered="0"/>
    <interval begin="19800.00" end="20700.00" id="235_D025" nVehContrib="1" flow="4.00" occupancy="0.06" speed="9.39" harmonicMeanSpeed="9.39" length="5.00" nVehEntered="1"/>
    <interval begin="20700.00" end="21600.00" id="235_D025" nVehContrib="0" flow="0.00" occupancy="0.00" speed="-1.00" harmonicMeanSpeed="-1.00" length="-1.00" nVehEntered="0"/>
    <interval begin="21600.00" end="22500.00" id="235_D025" nVehContrib="0" flow="0.00" occupancy="0.00" speed="-1.00" harmonicMeanSpeed="-1.00" length="-1.00" nVehEntered="0"/>
    <interval begin="22500.00" end="23400.00" id="235_D025" nVehContrib="1" flow="4.00" occupancy="0.06" speed="9.90" harmonicMeanSpeed="9.90" length="5.00" nVehEntered="1"/>
    <interval begin="23400.00" end="24300.00" id="235_D025" nVehContrib="2" flow="8.00" occupancy="0.13" speed="8.75" harmonicMeanSpeed="8.61" length="5.00" nVehEntered="2"/>
    <interval begin="24300.00" end="25200.00" id="235_D025" nVehContrib="0" flow="0.00" occupancy="0.00" speed="-1.00" harmonicMeanSpeed="-1.00" length="-1.00" nVehEntered="0"/>
    <interval begin="25200.00" end="26100.00" id="235_D025" nVehContrib="3" flow="12.00" occupancy="0.18" speed="9.18" harmonicMeanSpeed="9.18" length="5.00" nVehEntered="3"/>
    <interval begin="26100.00" end="27000.00" id="235_D025" nVehContrib="2" flow="8.00" occupancy="0.15" speed="7.36" harmonicMeanSpeed="7.35" length="5.00" nVehEntered="2"/>
    <interval begin="27000.00" end="27900.00" id="235_D025" nVehContrib="2" flow="8.00" occupancy="0.14" speed="7.93" harmonicMeanSpeed="7.86" length="5.00" nVehEntered="2"/>
    <interval begin="27900.00" end="28800.00" id="235_D025" nVehContrib="1" flow="4.00" occupancy="0.07" speed="7.70" harmonicMeanSpeed="7.70" length="5.00" nVehEntered="1"/>
    <interval begin="28800.00" end="29700.00" id="235_D025" nVehContrib="1" flow="4.00" occupancy="0.06" speed="9.58" harmonicMeanSpeed="9.58" length="5.00" nVehEntered="1"/>
    <interval begin="29700.00" end="30600.00" id="235_D025" nVehContrib="2" flow="8.00" occupancy="0.16" speed="7.22" harmonicMeanSpeed="7.07" length="5.00" nVehEntered="2"/>
    <interval begin="30600.00" end="31500.00" id="235_D025" nVehContrib="0" flow="0.00" occupancy="0.00" speed="-1.00" harmonicMeanSpeed="-1.00" length="-1.00" nVehEntered="0"/>
    <interval begin="31500.00" end="32400.00" id="235_D025" nVehContrib="3" flow="12.00" occupancy="0.21" speed="8.09" harmonicMeanSpeed="8.00" length="5.00" nVehEntered="3"/>
    <interval begin="32400.00" end="33300.00" id="235_D025" nVehContrib="3" flow="12.00" occupancy="0.19" speed="8.79" harmonicMeanSpeed="8.71" length="5.00" nVehEntered="3"/>
    <interval begin="33300.00" end="34200.00" id="235_D025" nVehContrib="0" flow="0.00" occupancy="0.00" speed="-1.00" harmonicMeanSpeed="-1.00" length="-1.00" nVehEntered="0"/>
    <interval begin="34200.00" end="35100.00" id="235_D025" nVehContrib="2" flow="8.00" occupancy="0.16" speed="6.97" harmonicMeanSpeed="6.91" length="5.00" nVehEntered="2"/>
    <interval begin="35100.00" end="36000.00" id="235_D025" nVehContrib="1" flow="4.00" occupancy="0.06" speed="9.98" harmonicMeanSpeed="9.98" length="5.00" nVehEntered="1"/>
    <interval begin="36000.00" end="36900.00" id="235_D025" nVehContrib="1" flow="4.00" occupancy="0.06" speed="10.10" harmonicMeanSpeed="10.10" length="5.00" nVehEntered="1"/>
    <interval begin="36900.00" end="37800.00" id="235_D025" nVehContrib="0" flow="0.00" occupancy="0.00" speed="-1.00" harmonicMeanSpeed="-1.00" length="-1.00" nVehEntered="0"/>
    <interval begin="37800.00" end="38700.00" id="235_D025" nVehContrib="0" flow="0.00" occupancy="0.00" speed="-1.00" harmonicMeanSpeed="-1.00" length="-1.00" nVehEntered="0"/>
    <interval begin="38700.00" end="39600.00" id="235_D025" nVehContrib="0" flow="0.00" occupancy="0.00" speed="-1.00" harmonicMeanSpeed="-1.00" length="-1.00" nVehEntered="0"/>
    <interval begin="39600.00" end="40500.00" id="235_D025" nVehContrib="1" flow="4.00" occupancy="0.07" speed="8.28" harmonicMeanSpeed="8.28" length="5.00" nVehEntered="1"/>
    <interval begin="40500.00" end="41400.00" id="235_D025" nVehContrib="1" flow="4.00" occupancy="0.07" speed="7.78" harmonicMeanSpeed="7.78" length="5.00" nVehEntered="1"/>
    <interval begin="41400.00" end="42300.00" id="235_D025" nVehContrib="0" flow="0.00" occupancy="0.00" speed="-1.00" harmonicMeanSpeed="-1.00" length="-1.00" nVehEntered="0"/>
    <interval begin="42300.00" end="43200.00" id="235_D025" nVehContrib="0" flow="0.00" occupancy="0.00" speed="-1.00" harmonicMeanSpeed="-1.00" length="-1.00" nVehEntered="0"/>
    <interval begin="43200.00" end="44100.00" id="235_D025" nVehContrib="0" flow="0.00" occupancy="0.00" speed="-1.00" harmonicMeanSpeed="-1.00" length="-1.00" nVehEntered="0"/>
    <interval begin="44100.00" end="45000.00" id="235_D025" nVehContrib="0" flow="0.00" occupancy="0.00" speed="-1.00" harmonicMeanSpeed="-1.00" length="-1.00" nVehEntered="0"/>
    <interval begin="45000.00" end="45900.00" id="235_D025" nVehContrib="0" flow="0.00" occupancy="0.00" speed="-1.00" harmonicMeanSpeed="-1.00" length="-1.00" nVehEntered="0"/>
    <interval begin="45900.00" end="46800.00" id="235_D025" nVehContrib="0" flow="0.00" occupancy="0.00" speed="-1.00" harmonicMeanSpeed="-1.00" length="-1.00" nVehEntered="0"/>
    <interval begin="46800.00" end="47700.00" id="235_D025" nVehContrib="0" flow="0.00" occupancy="0.00" speed="-1.00" harmonicMeanSpeed="-1.00" length="-1.00" nVehEntered="0"/>
    <interval begin="47700.00" end="48600.00" id="235_D025" nVehContrib="0" flow="0.00" occupancy="0.00" speed="-1.00" harmonicMeanSpeed="-1.00" length="-1.00" nVehEntered="0"/>
    <interval begin="48600.00" end="49321.00" id="235_D025" nVehContrib="0" flow="0.00" occupancy="0.00" speed="-1.00" harmonicMeanSpeed="-1.00" length="-1.00" nVehEntered="0"/>
</detector>
