<?xml version="1.0" encoding="UTF-8"?>

<!-- generated on 2025-02-28 18:38:09 by Eclipse SUMO GUI Version 1.19.0
<configuration xmlns:xsi="http://www.w3.org/2001/XMLSchema-instance" xsi:noNamespaceSchemaLocation="http://sumo.dlr.de/xsd/sumoConfiguration.xsd">

    <input>
        <net-file value="Network.net.xml"/>
        <route-files value="CarRoutes.rou.xml"/>
        <additional-files value="Sensors.add.xml"/>
    </input>

    <output>
        <emission-output value="logs/Emissions.xml"/>
        <summary-output value="logs/Log_summary.xml"/>
        <summary-output.period value="300"/>
        <tripinfo-output value="logs/TripInfos.xml"/>
    </output>

    <time>
        <begin value="0"/>
        <end value="86400"/>
        <step-length value="0.25"/>
    </time>

    <processing>
        <ignore-junction-blocker value="0.1"/>
        <time-to-teleport value="-1"/>
    </processing>

    <report>
        <verbose value="true"/>
        <no-step-log value="true"/>
    </report>

    <emissions>
        <device.emissions.period value="10"/>
    </emissions>

    <traci_server>
        <remote-port value="58894"/>
    </traci_server>

    <gui_only>
        <quit-on-end value="true"/>
        <start value="true"/>
    </gui_only>

</configuration>
-->

<instantE1 xmlns:xsi="http://www.w3.org/2001/XMLSchema-instance" xsi:noNamespaceSchemaLocation="http://sumo.dlr.de/xsd/instant_e1_file.xsd">
    <instantOut id="235_D11" time="524.99" state="enter" vehID="Car_1342" speed="4.37" length="5.00" type="DEFAULT_CAR"/>
    <instantOut id="235_D11" time="525.00" state="stay" vehID="Car_1342" speed="4.37" length="5.00" type="DEFAULT_CAR"/>
    <instantOut id="235_D11" time="525.25" state="stay" vehID="Car_1342" speed="3.81" length="5.00" type="DEFAULT_CAR"/>
    <instantOut id="235_D11" time="525.50" state="stay" vehID="Car_1342" speed="3.06" length="5.00" type="DEFAULT_CAR"/>
    <instantOut id="235_D11" time="525.75" state="stay" vehID="Car_1342" speed="2.31" length="5.00" type="DEFAULT_CAR"/>
    <instantOut id="235_D11" time="526.00" state="stay" vehID="Car_1342" speed="1.61" length="5.00" type="DEFAULT_CAR"/>
    <instantOut id="235_D11" time="526.25" state="stay" vehID="Car_1342" speed="0.86" length="5.00" type="DEFAULT_CAR"/>
    <instantOut id="235_D11" time="526.50" state="stay" vehID="Car_1342" speed="0.12" length="5.00" type="DEFAULT_CAR"/>
    <instantOut id="235_D11" time="526.75" state="stay" vehID="Car_1342" speed="0.00" length="5.00" type="DEFAULT_CAR"/>
    <instantOut id="235_D11" time="527.00" state="stay" vehID="Car_1342" speed="0.00" length="5.00" type="DEFAULT_CAR"/>
    <instantOut id="235_D11" time="527.25" state="stay" vehID="Car_1342" speed="0.00" length="5.00" type="DEFAULT_CAR"/>
    <instantOut id="235_D11" time="527.50" state="stay" vehID="Car_1342" speed="0.00" length="5.00" type="DEFAULT_CAR"/>
    <instantOut id="235_D11" time="527.75" state="stay" vehID="Car_1342" speed="0.00" length="5.00" type="DEFAULT_CAR"/>
    <instantOut id="235_D11" time="528.00" state="stay" vehID="Car_1342" speed="0.00" length="5.00" type="DEFAULT_CAR"/>
    <instantOut id="235_D11" time="528.25" state="stay" vehID="Car_1342" speed="0.91" length="5.00" type="DEFAULT_CAR"/>
    <instantOut id="235_D11" time="528.50" state="stay" vehID="Car_1342" speed="1.71" length="5.00" type="DEFAULT_CAR"/>
    <instantOut id="235_D11" time="528.75" state="stay" vehID="Car_1342" speed="2.47" length="5.00" type="DEFAULT_CAR"/>
    <instantOut id="235_D11" time="528.99" state="leave" vehID="Car_1342" speed="3.10" length="5.00" type="DEFAULT_CAR" occupancy="4.00"/>
    <instantOut id="235_D11" time="823.98" state="enter" vehID="Car_1349" speed="4.34" length="5.00" type="DEFAULT_CAR" gap="294.99"/>
    <instantOut id="235_D11" time="824.00" state="stay" vehID="Car_1349" speed="4.34" length="5.00" type="DEFAULT_CAR"/>
    <instantOut id="235_D11" time="824.25" state="stay" vehID="Car_1349" speed="3.79" length="5.00" type="DEFAULT_CAR"/>
    <instantOut id="235_D11" time="824.50" state="stay" vehID="Car_1349" speed="3.04" length="5.00" type="DEFAULT_CAR"/>
    <instantOut id="235_D11" time="824.75" state="stay" vehID="Car_1349" speed="2.29" length="5.00" type="DEFAULT_CAR"/>
    <instantOut id="235_D11" time="825.00" state="stay" vehID="Car_1349" speed="1.54" length="5.00" type="DEFAULT_CAR"/>
    <instantOut id="235_D11" time="825.25" state="stay" vehID="Car_1349" speed="0.81" length="5.00" type="DEFAULT_CAR"/>
    <instantOut id="235_D11" time="825.50" state="stay" vehID="Car_1349" speed="0.11" length="5.00" type="DEFAULT_CAR"/>
    <instantOut id="235_D11" time="825.75" state="stay" vehID="Car_1349" speed="0.01" length="5.00" type="DEFAULT_CAR"/>
    <instantOut id="235_D11" time="826.00" state="stay" vehID="Car_1349" speed="0.00" length="5.00" type="DEFAULT_CAR"/>
    <instantOut id="235_D11" time="826.25" state="stay" vehID="Car_1349" speed="0.00" length="5.00" type="DEFAULT_CAR"/>
    <instantOut id="235_D11" time="826.50" state="stay" vehID="Car_1349" speed="0.00" length="5.00" type="DEFAULT_CAR"/>
    <instantOut id="235_D11" time="826.75" state="stay" vehID="Car_1349" speed="0.00" length="5.00" type="DEFAULT_CAR"/>
    <instantOut id="235_D11" time="827.00" state="stay" vehID="Car_1349" speed="0.89" length="5.00" type="DEFAULT_CAR"/>
    <instantOut id="235_D11" time="827.25" state="stay" vehID="Car_1349" speed="1.65" length="5.00" type="DEFAULT_CAR"/>
    <instantOut id="235_D11" time="827.50" state="stay" vehID="Car_1349" speed="2.50" length="5.00" type="DEFAULT_CAR"/>
    <instantOut id="235_D11" time="827.73" state="leave" vehID="Car_1349" speed="3.38" length="5.00" type="DEFAULT_CAR" occupancy="3.74"/>
    <instantOut id="235_D11" time="957.98" state="enter" vehID="Car_1341" speed="4.52" length="5.00" type="DEFAULT_CAR" gap="130.26"/>
    <instantOut id="235_D11" time="958.00" state="stay" vehID="Car_1341" speed="4.52" length="5.00" type="DEFAULT_CAR"/>
    <instantOut id="235_D11" time="958.25" state="stay" vehID="Car_1341" speed="3.77" length="5.00" type="DEFAULT_CAR"/>
    <instantOut id="235_D11" time="958.50" state="stay" vehID="Car_1341" speed="3.03" length="5.00" type="DEFAULT_CAR"/>
    <instantOut id="235_D11" time="958.75" state="stay" vehID="Car_1341" speed="2.28" length="5.00" type="DEFAULT_CAR"/>
    <instantOut id="235_D11" time="959.00" state="stay" vehID="Car_1341" speed="1.53" length="5.00" type="DEFAULT_CAR"/>
    <instantOut id="235_D11" time="959.25" state="stay" vehID="Car_1341" speed="0.78" length="5.00" type="DEFAULT_CAR"/>
    <instantOut id="235_D11" time="959.50" state="stay" vehID="Car_1341" speed="0.16" length="5.00" type="DEFAULT_CAR"/>
    <instantOut id="235_D11" time="959.75" state="stay" vehID="Car_1341" speed="0.01" length="5.00" type="DEFAULT_CAR"/>
    <instantOut id="235_D11" time="960.00" state="stay" vehID="Car_1341" speed="0.00" length="5.00" type="DEFAULT_CAR"/>
    <instantOut id="235_D11" time="960.25" state="stay" vehID="Car_1341" speed="0.00" length="5.00" type="DEFAULT_CAR"/>
    <instantOut id="235_D11" time="960.50" state="stay" vehID="Car_1341" speed="0.90" length="5.00" type="DEFAULT_CAR"/>
    <instantOut id="235_D11" time="960.75" state="stay" vehID="Car_1341" speed="1.81" length="5.00" type="DEFAULT_CAR"/>
    <instantOut id="235_D11" time="961.00" state="stay" vehID="Car_1341" speed="2.56" length="5.00" type="DEFAULT_CAR"/>
    <instantOut id="235_D11" time="961.22" state="leave" vehID="Car_1341" speed="3.15" length="5.00" type="DEFAULT_CAR" occupancy="3.24"/>
    <instantOut id="235_D11" time="2627.99" state="enter" vehID="Car_2301" speed="4.48" length="5.00" type="DEFAULT_CAR" gap="1666.77"/>
    <instantOut id="235_D11" time="2628.00" state="stay" vehID="Car_2301" speed="4.48" length="5.00" type="DEFAULT_CAR"/>
    <instantOut id="235_D11" time="2628.25" state="stay" vehID="Car_2301" speed="3.76" length="5.00" type="DEFAULT_CAR"/>
    <instantOut id="235_D11" time="2628.50" state="stay" vehID="Car_2301" speed="3.01" length="5.00" type="DEFAULT_CAR"/>
    <instantOut id="235_D11" time="2628.75" state="stay" vehID="Car_2301" speed="2.35" length="5.00" type="DEFAULT_CAR"/>
    <instantOut id="235_D11" time="2629.00" state="stay" vehID="Car_2301" speed="1.60" length="5.00" type="DEFAULT_CAR"/>
    <instantOut id="235_D11" time="2629.25" state="stay" vehID="Car_2301" speed="0.86" length="5.00" type="DEFAULT_CAR"/>
    <instantOut id="235_D11" time="2629.50" state="stay" vehID="Car_2301" speed="0.23" length="5.00" type="DEFAULT_CAR"/>
    <instantOut id="235_D11" time="2629.75" state="stay" vehID="Car_2301" speed="0.02" length="5.00" type="DEFAULT_CAR"/>
    <instantOut id="235_D11" time="2630.00" state="stay" vehID="Car_2301" speed="0.00" length="5.00" type="DEFAULT_CAR"/>
    <instantOut id="235_D11" time="2630.25" state="stay" vehID="Car_2301" speed="0.88" length="5.00" type="DEFAULT_CAR"/>
    <instantOut id="235_D11" time="2630.50" state="stay" vehID="Car_2301" speed="1.78" length="5.00" type="DEFAULT_CAR"/>
    <instantOut id="235_D11" time="2630.75" state="stay" vehID="Car_2301" speed="2.51" length="5.00" type="DEFAULT_CAR"/>
    <instantOut id="235_D11" time="2630.99" state="leave" vehID="Car_2301" speed="3.09" length="5.00" type="DEFAULT_CAR" occupancy="2.99"/>
    <instantOut id="235_D11" time="9769.93" state="enter" vehID="Car_7364" speed="6.11" length="5.00" type="DEFAULT_CAR" gap="7138.95"/>
    <instantOut id="235_D11" time="9770.00" state="stay" vehID="Car_7364" speed="6.11" length="5.00" type="DEFAULT_CAR"/>
    <instantOut id="235_D11" time="9770.25" state="stay" vehID="Car_7364" speed="7.06" length="5.00" type="DEFAULT_CAR"/>
    <instantOut id="235_D11" time="9770.50" state="stay" vehID="Car_7364" speed="7.57" length="5.00" type="DEFAULT_CAR"/>
    <instantOut id="235_D11" time="9770.61" state="leave" vehID="Car_7364" speed="8.43" length="5.00" type="DEFAULT_CAR" occupancy="0.68"/>
    <instantOut id="235_D11" time="10247.94" state="enter" vehID="Car_7363" speed="4.37" length="5.00" type="DEFAULT_CAR" gap="477.33"/>
    <instantOut id="235_D11" time="10248.00" state="stay" vehID="Car_7363" speed="4.37" length="5.00" type="DEFAULT_CAR"/>
    <instantOut id="235_D11" time="10248.25" state="stay" vehID="Car_7363" speed="3.62" length="5.00" type="DEFAULT_CAR"/>
    <instantOut id="235_D11" time="10248.50" state="stay" vehID="Car_7363" speed="2.87" length="5.00" type="DEFAULT_CAR"/>
    <instantOut id="235_D11" time="10248.75" state="stay" vehID="Car_7363" speed="2.12" length="5.00" type="DEFAULT_CAR"/>
    <instantOut id="235_D11" time="10249.00" state="stay" vehID="Car_7363" speed="1.40" length="5.00" type="DEFAULT_CAR"/>
    <instantOut id="235_D11" time="10249.25" state="stay" vehID="Car_7363" speed="0.77" length="5.00" type="DEFAULT_CAR"/>
    <instantOut id="235_D11" time="10249.50" state="stay" vehID="Car_7363" speed="0.03" length="5.00" type="DEFAULT_CAR"/>
    <instantOut id="235_D11" time="10249.75" state="stay" vehID="Car_7363" speed="0.00" length="5.00" type="DEFAULT_CAR"/>
    <instantOut id="235_D11" time="10250.00" state="stay" vehID="Car_7363" speed="0.00" length="5.00" type="DEFAULT_CAR"/>
    <instantOut id="235_D11" time="10250.25" state="stay" vehID="Car_7363" speed="0.00" length="5.00" type="DEFAULT_CAR"/>
    <instantOut id="235_D11" time="10250.50" state="stay" vehID="Car_7363" speed="0.00" length="5.00" type="DEFAULT_CAR"/>
    <instantOut id="235_D11" time="10250.75" state="stay" vehID="Car_7363" speed="0.00" length="5.00" type="DEFAULT_CAR"/>
    <instantOut id="235_D11" time="10251.00" state="stay" vehID="Car_7363" speed="0.00" length="5.00" type="DEFAULT_CAR"/>
    <instantOut id="235_D11" time="10251.25" state="stay" vehID="Car_7363" speed="0.00" length="5.00" type="DEFAULT_CAR"/>
    <instantOut id="235_D11" time="10251.50" state="stay" vehID="Car_7363" speed="0.00" length="5.00" type="DEFAULT_CAR"/>
    <instantOut id="235_D11" time="10251.75" state="stay" vehID="Car_7363" speed="0.00" length="5.00" type="DEFAULT_CAR"/>
    <instantOut id="235_D11" time="10252.00" state="stay" vehID="Car_7363" speed="0.00" length="5.00" type="DEFAULT_CAR"/>
    <instantOut id="235_D11" time="10252.25" state="stay" vehID="Car_7363" speed="0.00" length="5.00" type="DEFAULT_CAR"/>
    <instantOut id="235_D11" time="10252.50" state="stay" vehID="Car_7363" speed="0.00" length="5.00" type="DEFAULT_CAR"/>
    <instantOut id="235_D11" time="10252.75" state="stay" vehID="Car_7363" speed="0.00" length="5.00" type="DEFAULT_CAR"/>
    <instantOut id="235_D11" time="10253.00" state="stay" vehID="Car_7363" speed="0.00" length="5.00" type="DEFAULT_CAR"/>
    <instantOut id="235_D11" time="10253.25" state="stay" vehID="Car_7363" speed="0.00" length="5.00" type="DEFAULT_CAR"/>
    <instantOut id="235_D11" time="10253.50" state="stay" vehID="Car_7363" speed="0.00" length="5.00" type="DEFAULT_CAR"/>
    <instantOut id="235_D11" time="10253.75" state="stay" vehID="Car_7363" speed="0.00" length="5.00" type="DEFAULT_CAR"/>
    <instantOut id="235_D11" time="10254.00" state="stay" vehID="Car_7363" speed="0.00" length="5.00" type="DEFAULT_CAR"/>
    <instantOut id="235_D11" time="10254.25" state="stay" vehID="Car_7363" speed="0.00" length="5.00" type="DEFAULT_CAR"/>
    <instantOut id="235_D11" time="10254.50" state="stay" vehID="Car_7363" speed="0.00" length="5.00" type="DEFAULT_CAR"/>
    <instantOut id="235_D11" time="10254.75" state="stay" vehID="Car_7363" speed="0.00" length="5.00" type="DEFAULT_CAR"/>
    <instantOut id="235_D11" time="10255.00" state="stay" vehID="Car_7363" speed="0.89" length="5.00" type="DEFAULT_CAR"/>
    <instantOut id="235_D11" time="10255.25" state="stay" vehID="Car_7363" speed="1.79" length="5.00" type="DEFAULT_CAR"/>
    <instantOut id="235_D11" time="10255.50" state="stay" vehID="Car_7363" speed="2.50" length="5.00" type="DEFAULT_CAR"/>
    <instantOut id="235_D11" time="10255.72" state="leave" vehID="Car_7363" speed="3.31" length="5.00" type="DEFAULT_CAR" occupancy="7.78"/>
    <instantOut id="235_D11" time="10359.03" state="enter" vehID="Car_7362" speed="3.83" length="5.00" type="DEFAULT_CAR" gap="103.31"/>
    <instantOut id="235_D11" time="10359.25" state="stay" vehID="Car_7362" speed="3.83" length="5.00" type="DEFAULT_CAR"/>
    <instantOut id="235_D11" time="10359.50" state="stay" vehID="Car_7362" speed="3.08" length="5.00" type="DEFAULT_CAR"/>
    <instantOut id="235_D11" time="10359.75" state="stay" vehID="Car_7362" speed="2.33" length="5.00" type="DEFAULT_CAR"/>
    <instantOut id="235_D11" time="10360.00" state="stay" vehID="Car_7362" speed="1.62" length="5.00" type="DEFAULT_CAR"/>
    <instantOut id="235_D11" time="10360.25" state="stay" vehID="Car_7362" speed="0.98" length="5.00" type="DEFAULT_CAR"/>
    <instantOut id="235_D11" time="10360.50" state="stay" vehID="Car_7362" speed="0.44" length="5.00" type="DEFAULT_CAR"/>
    <instantOut id="235_D11" time="10360.75" state="stay" vehID="Car_7362" speed="0.04" length="5.00" type="DEFAULT_CAR"/>
    <instantOut id="235_D11" time="10361.00" state="stay" vehID="Car_7362" speed="0.00" length="5.00" type="DEFAULT_CAR"/>
    <instantOut id="235_D11" time="10361.25" state="stay" vehID="Car_7362" speed="0.00" length="5.00" type="DEFAULT_CAR"/>
    <instantOut id="235_D11" time="10361.50" state="stay" vehID="Car_7362" speed="0.00" length="5.00" type="DEFAULT_CAR"/>
    <instantOut id="235_D11" time="10361.75" state="stay" vehID="Car_7362" speed="0.00" length="5.00" type="DEFAULT_CAR"/>
    <instantOut id="235_D11" time="10362.00" state="stay" vehID="Car_7362" speed="0.00" length="5.00" type="DEFAULT_CAR"/>
    <instantOut id="235_D11" time="10362.25" state="stay" vehID="Car_7362" speed="0.00" length="5.00" type="DEFAULT_CAR"/>
    <instantOut id="235_D11" time="10362.50" state="stay" vehID="Car_7362" speed="0.00" length="5.00" type="DEFAULT_CAR"/>
    <instantOut id="235_D11" time="10362.75" state="stay" vehID="Car_7362" speed="0.00" length="5.00" type="DEFAULT_CAR"/>
    <instantOut id="235_D11" time="10363.00" state="stay" vehID="Car_7362" speed="0.00" length="5.00" type="DEFAULT_CAR"/>
    <instantOut id="235_D11" time="10363.25" state="stay" vehID="Car_7362" speed="0.00" length="5.00" type="DEFAULT_CAR"/>
    <instantOut id="235_D11" time="10363.50" state="stay" vehID="Car_7362" speed="0.00" length="5.00" type="DEFAULT_CAR"/>
    <instantOut id="235_D11" time="10363.75" state="stay" vehID="Car_7362" speed="0.00" length="5.00" type="DEFAULT_CAR"/>
    <instantOut id="235_D11" time="10364.00" state="stay" vehID="Car_7362" speed="0.00" length="5.00" type="DEFAULT_CAR"/>
    <instantOut id="235_D11" time="10364.25" state="stay" vehID="Car_7362" speed="0.00" length="5.00" type="DEFAULT_CAR"/>
    <instantOut id="235_D11" time="10364.50" state="stay" vehID="Car_7362" speed="0.00" length="5.00" type="DEFAULT_CAR"/>
    <instantOut id="235_D11" time="10364.75" state="stay" vehID="Car_7362" speed="0.00" length="5.00" type="DEFAULT_CAR"/>
    <instantOut id="235_D11" time="10365.00" state="stay" vehID="Car_7362" speed="0.00" length="5.00" type="DEFAULT_CAR"/>
    <instantOut id="235_D11" time="10365.25" state="stay" vehID="Car_7362" speed="0.00" length="5.00" type="DEFAULT_CAR"/>
    <instantOut id="235_D11" time="10365.50" state="stay" vehID="Car_7362" speed="0.00" length="5.00" type="DEFAULT_CAR"/>
    <instantOut id="235_D11" time="10365.75" state="stay" vehID="Car_7362" speed="0.00" length="5.00" type="DEFAULT_CAR"/>
    <instantOut id="235_D11" time="10366.00" state="stay" vehID="Car_7362" speed="0.00" length="5.00" type="DEFAULT_CAR"/>
    <instantOut id="235_D11" time="10366.25" state="stay" vehID="Car_7362" speed="0.00" length="5.00" type="DEFAULT_CAR"/>
    <instantOut id="235_D11" time="10366.50" state="stay" vehID="Car_7362" speed="0.00" length="5.00" type="DEFAULT_CAR"/>
    <instantOut id="235_D11" time="10366.75" state="stay" vehID="Car_7362" speed="0.00" length="5.00" type="DEFAULT_CAR"/>
    <instantOut id="235_D11" time="10367.00" state="stay" vehID="Car_7362" speed="0.86" length="5.00" type="DEFAULT_CAR"/>
    <instantOut id="235_D11" time="10367.25" state="stay" vehID="Car_7362" speed="1.75" length="5.00" type="DEFAULT_CAR"/>
    <instantOut id="235_D11" time="10367.50" state="stay" vehID="Car_7362" speed="2.37" length="5.00" type="DEFAULT_CAR"/>
    <instantOut id="235_D11" time="10367.75" state="stay" vehID="Car_7362" speed="3.08" length="5.00" type="DEFAULT_CAR"/>
    <instantOut id="235_D11" time="10367.75" state="leave" vehID="Car_7362" speed="3.63" length="5.00" type="DEFAULT_CAR" occupancy="8.72"/>
    <instantOut id="235_D11" time="10523.90" state="enter" vehID="Car_7361" speed="6.10" length="5.00" type="DEFAULT_CAR" gap="156.15"/>
    <instantOut id="235_D11" time="10524.00" state="stay" vehID="Car_7361" speed="6.10" length="5.00" type="DEFAULT_CAR"/>
    <instantOut id="235_D11" time="10524.25" state="stay" vehID="Car_7361" speed="7.05" length="5.00" type="DEFAULT_CAR"/>
    <instantOut id="235_D11" time="10524.50" state="stay" vehID="Car_7361" speed="7.69" length="5.00" type="DEFAULT_CAR"/>
    <instantOut id="235_D11" time="10524.58" state="leave" vehID="Car_7361" speed="8.38" length="5.00" type="DEFAULT_CAR" occupancy="0.68"/>
    <instantOut id="235_D11" time="10662.91" state="enter" vehID="Car_7370" speed="4.11" length="5.00" type="DEFAULT_CAR" gap="138.33"/>
    <instantOut id="235_D11" time="10663.00" state="stay" vehID="Car_7370" speed="4.11" length="5.00" type="DEFAULT_CAR"/>
    <instantOut id="235_D11" time="10663.25" state="stay" vehID="Car_7370" speed="3.36" length="5.00" type="DEFAULT_CAR"/>
    <instantOut id="235_D11" time="10663.50" state="stay" vehID="Car_7370" speed="2.61" length="5.00" type="DEFAULT_CAR"/>
    <instantOut id="235_D11" time="10663.75" state="stay" vehID="Car_7370" speed="2.08" length="5.00" type="DEFAULT_CAR"/>
    <instantOut id="235_D11" time="10664.00" state="stay" vehID="Car_7370" speed="1.42" length="5.00" type="DEFAULT_CAR"/>
    <instantOut id="235_D11" time="10664.25" state="stay" vehID="Car_7370" speed="0.88" length="5.00" type="DEFAULT_CAR"/>
    <instantOut id="235_D11" time="10664.50" state="stay" vehID="Car_7370" speed="0.13" length="5.00" type="DEFAULT_CAR"/>
    <instantOut id="235_D11" time="10664.75" state="stay" vehID="Car_7370" speed="0.01" length="5.00" type="DEFAULT_CAR"/>
    <instantOut id="235_D11" time="10665.00" state="stay" vehID="Car_7370" speed="0.00" length="5.00" type="DEFAULT_CAR"/>
    <instantOut id="235_D11" time="10665.25" state="stay" vehID="Car_7370" speed="0.00" length="5.00" type="DEFAULT_CAR"/>
    <instantOut id="235_D11" time="10665.50" state="stay" vehID="Car_7370" speed="0.00" length="5.00" type="DEFAULT_CAR"/>
    <instantOut id="235_D11" time="10665.75" state="stay" vehID="Car_7370" speed="0.00" length="5.00" type="DEFAULT_CAR"/>
    <instantOut id="235_D11" time="10666.00" state="stay" vehID="Car_7370" speed="0.00" length="5.00" type="DEFAULT_CAR"/>
    <instantOut id="235_D11" time="10666.25" state="stay" vehID="Car_7370" speed="0.00" length="5.00" type="DEFAULT_CAR"/>
    <instantOut id="235_D11" time="10666.50" state="stay" vehID="Car_7370" speed="0.00" length="5.00" type="DEFAULT_CAR"/>
    <instantOut id="235_D11" time="10666.75" state="stay" vehID="Car_7370" speed="0.00" length="5.00" type="DEFAULT_CAR"/>
    <instantOut id="235_D11" time="10667.00" state="stay" vehID="Car_7370" speed="0.00" length="5.00" type="DEFAULT_CAR"/>
    <instantOut id="235_D11" time="10667.25" state="stay" vehID="Car_7370" speed="0.00" length="5.00" type="DEFAULT_CAR"/>
    <instantOut id="235_D11" time="10667.50" state="stay" vehID="Car_7370" speed="0.00" length="5.00" type="DEFAULT_CAR"/>
    <instantOut id="235_D11" time="10667.75" state="stay" vehID="Car_7370" speed="0.00" length="5.00" type="DEFAULT_CAR"/>
    <instantOut id="235_D11" time="10668.00" state="stay" vehID="Car_7370" speed="0.00" length="5.00" type="DEFAULT_CAR"/>
    <instantOut id="235_D11" time="10668.25" state="stay" vehID="Car_7370" speed="0.00" length="5.00" type="DEFAULT_CAR"/>
    <instantOut id="235_D11" time="10668.50" state="stay" vehID="Car_7370" speed="0.00" length="5.00" type="DEFAULT_CAR"/>
    <instantOut id="235_D11" time="10668.75" state="stay" vehID="Car_7370" speed="0.00" length="5.00" type="DEFAULT_CAR"/>
    <instantOut id="235_D11" time="10669.00" state="stay" vehID="Car_7370" speed="0.00" length="5.00" type="DEFAULT_CAR"/>
    <instantOut id="235_D11" time="10669.25" state="stay" vehID="Car_7370" speed="0.00" length="5.00" type="DEFAULT_CAR"/>
    <instantOut id="235_D11" time="10669.50" state="stay" vehID="Car_7370" speed="0.00" length="5.00" type="DEFAULT_CAR"/>
    <instantOut id="235_D11" time="10669.75" state="stay" vehID="Car_7370" speed="0.00" length="5.00" type="DEFAULT_CAR"/>
    <instantOut id="235_D11" time="10670.00" state="stay" vehID="Car_7370" speed="0.00" length="5.00" type="DEFAULT_CAR"/>
    <instantOut id="235_D11" time="10670.25" state="stay" vehID="Car_7370" speed="0.00" length="5.00" type="DEFAULT_CAR"/>
    <instantOut id="235_D11" time="10670.50" state="stay" vehID="Car_7370" speed="0.00" length="5.00" type="DEFAULT_CAR"/>
    <instantOut id="235_D11" time="10670.75" state="stay" vehID="Car_7370" speed="0.00" length="5.00" type="DEFAULT_CAR"/>
    <instantOut id="235_D11" time="10671.00" state="stay" vehID="Car_7370" speed="0.00" length="5.00" type="DEFAULT_CAR"/>
    <instantOut id="235_D11" time="10671.25" state="stay" vehID="Car_7370" speed="0.00" length="5.00" type="DEFAULT_CAR"/>
    <instantOut id="235_D11" time="10671.50" state="stay" vehID="Car_7370" speed="0.00" length="5.00" type="DEFAULT_CAR"/>
    <instantOut id="235_D11" time="10671.75" state="stay" vehID="Car_7370" speed="0.00" length="5.00" type="DEFAULT_CAR"/>
    <instantOut id="235_D11" time="10672.00" state="stay" vehID="Car_7370" speed="0.00" length="5.00" type="DEFAULT_CAR"/>
    <instantOut id="235_D11" time="10672.25" state="stay" vehID="Car_7370" speed="0.00" length="5.00" type="DEFAULT_CAR"/>
    <instantOut id="235_D11" time="10672.50" state="stay" vehID="Car_7370" speed="0.00" length="5.00" type="DEFAULT_CAR"/>
    <instantOut id="235_D11" time="10672.75" state="stay" vehID="Car_7370" speed="0.00" length="5.00" type="DEFAULT_CAR"/>
    <instantOut id="235_D11" time="10673.00" state="stay" vehID="Car_7370" speed="0.00" length="5.00" type="DEFAULT_CAR"/>
    <instantOut id="235_D11" time="10673.25" state="stay" vehID="Car_7370" speed="0.00" length="5.00" type="DEFAULT_CAR"/>
    <instantOut id="235_D11" time="10673.50" state="stay" vehID="Car_7370" speed="0.00" length="5.00" type="DEFAULT_CAR"/>
    <instantOut id="235_D11" time="10673.75" state="stay" vehID="Car_7370" speed="0.00" length="5.00" type="DEFAULT_CAR"/>
    <instantOut id="235_D11" time="10674.00" state="stay" vehID="Car_7370" speed="0.00" length="5.00" type="DEFAULT_CAR"/>
    <instantOut id="235_D11" time="10674.25" state="stay" vehID="Car_7370" speed="0.00" length="5.00" type="DEFAULT_CAR"/>
    <instantOut id="235_D11" time="10674.50" state="stay" vehID="Car_7370" speed="0.00" length="5.00" type="DEFAULT_CAR"/>
    <instantOut id="235_D11" time="10674.75" state="stay" vehID="Car_7370" speed="0.00" length="5.00" type="DEFAULT_CAR"/>
    <instantOut id="235_D11" time="10675.00" state="stay" vehID="Car_7370" speed="0.00" length="5.00" type="DEFAULT_CAR"/>
    <instantOut id="235_D11" time="10675.25" state="stay" vehID="Car_7370" speed="0.00" length="5.00" type="DEFAULT_CAR"/>
    <instantOut id="235_D11" time="10675.50" state="stay" vehID="Car_7370" speed="0.00" length="5.00" type="DEFAULT_CAR"/>
    <instantOut id="235_D11" time="10675.75" state="stay" vehID="Car_7370" speed="0.00" length="5.00" type="DEFAULT_CAR"/>
    <instantOut id="235_D11" time="10676.00" state="stay" vehID="Car_7370" speed="0.00" length="5.00" type="DEFAULT_CAR"/>
    <instantOut id="235_D11" time="10676.25" state="stay" vehID="Car_7370" speed="0.00" length="5.00" type="DEFAULT_CAR"/>
    <instantOut id="235_D11" time="10676.50" state="stay" vehID="Car_7370" speed="0.00" length="5.00" type="DEFAULT_CAR"/>
    <instantOut id="235_D11" time="10676.75" state="stay" vehID="Car_7370" speed="0.00" length="5.00" type="DEFAULT_CAR"/>
    <instantOut id="235_D11" time="10677.00" state="stay" vehID="Car_7370" speed="0.00" length="5.00" type="DEFAULT_CAR"/>
    <instantOut id="235_D11" time="10677.25" state="stay" vehID="Car_7370" speed="0.87" length="5.00" type="DEFAULT_CAR"/>
    <instantOut id="235_D11" time="10677.50" state="stay" vehID="Car_7370" speed="1.80" length="5.00" type="DEFAULT_CAR"/>
    <instantOut id="235_D11" time="10677.75" state="stay" vehID="Car_7370" speed="2.57" length="5.00" type="DEFAULT_CAR"/>
    <instantOut id="235_D11" time="10677.95" state="leave" vehID="Car_7370" speed="3.52" length="5.00" type="DEFAULT_CAR" occupancy="15.04"/>
    <instantOut id="235_D11" time="10698.92" state="enter" vehID="Car_7372" speed="5.18" length="5.00" type="DEFAULT_CAR" gap="20.96"/>
    <instantOut id="235_D11" time="10699.00" state="stay" vehID="Car_7372" speed="5.18" length="5.00" type="DEFAULT_CAR"/>
    <instantOut id="235_D11" time="10699.25" state="stay" vehID="Car_7372" speed="5.18" length="5.00" type="DEFAULT_CAR"/>
    <instantOut id="235_D11" time="10699.50" state="stay" vehID="Car_7372" speed="5.12" length="5.00" type="DEFAULT_CAR"/>
    <instantOut id="235_D11" time="10699.75" state="stay" vehID="Car_7372" speed="4.37" length="5.00" type="DEFAULT_CAR"/>
    <instantOut id="235_D11" time="10700.00" state="leave" vehID="Car_7372" speed="3.62" length="5.00" type="DEFAULT_CAR" occupancy="1.08"/>
    <instantOut id="235_D11" time="11641.93" state="enter" vehID="Car_7378" speed="4.31" length="5.00" type="DEFAULT_CAR" gap="941.93"/>
    <instantOut id="235_D11" time="11642.00" state="stay" vehID="Car_7378" speed="4.31" length="5.00" type="DEFAULT_CAR"/>
    <instantOut id="235_D11" time="11642.25" state="stay" vehID="Car_7378" speed="3.56" length="5.00" type="DEFAULT_CAR"/>
    <instantOut id="235_D11" time="11642.50" state="stay" vehID="Car_7378" speed="2.81" length="5.00" type="DEFAULT_CAR"/>
    <instantOut id="235_D11" time="11642.75" state="stay" vehID="Car_7378" speed="2.08" length="5.00" type="DEFAULT_CAR"/>
    <instantOut id="235_D11" time="11643.00" state="stay" vehID="Car_7378" speed="1.34" length="5.00" type="DEFAULT_CAR"/>
    <instantOut id="235_D11" time="11643.25" state="stay" vehID="Car_7378" speed="0.76" length="5.00" type="DEFAULT_CAR"/>
    <instantOut id="235_D11" time="11643.50" state="stay" vehID="Car_7378" speed="0.09" length="5.00" type="DEFAULT_CAR"/>
    <instantOut id="235_D11" time="11643.75" state="stay" vehID="Car_7378" speed="0.01" length="5.00" type="DEFAULT_CAR"/>
    <instantOut id="235_D11" time="11644.00" state="stay" vehID="Car_7378" speed="0.00" length="5.00" type="DEFAULT_CAR"/>
    <instantOut id="235_D11" time="11644.25" state="stay" vehID="Car_7378" speed="0.00" length="5.00" type="DEFAULT_CAR"/>
    <instantOut id="235_D11" time="11644.50" state="stay" vehID="Car_7378" speed="0.00" length="5.00" type="DEFAULT_CAR"/>
    <instantOut id="235_D11" time="11644.75" state="stay" vehID="Car_7378" speed="0.00" length="5.00" type="DEFAULT_CAR"/>
    <instantOut id="235_D11" time="11645.00" state="stay" vehID="Car_7378" speed="0.00" length="5.00" type="DEFAULT_CAR"/>
    <instantOut id="235_D11" time="11645.25" state="stay" vehID="Car_7378" speed="0.00" length="5.00" type="DEFAULT_CAR"/>
    <instantOut id="235_D11" time="11645.50" state="stay" vehID="Car_7378" speed="0.00" length="5.00" type="DEFAULT_CAR"/>
    <instantOut id="235_D11" time="11645.75" state="stay" vehID="Car_7378" speed="0.00" length="5.00" type="DEFAULT_CAR"/>
    <instantOut id="235_D11" time="11646.00" state="stay" vehID="Car_7378" speed="0.00" length="5.00" type="DEFAULT_CAR"/>
    <instantOut id="235_D11" time="11646.25" state="stay" vehID="Car_7378" speed="0.00" length="5.00" type="DEFAULT_CAR"/>
    <instantOut id="235_D11" time="11646.50" state="stay" vehID="Car_7378" speed="0.00" length="5.00" type="DEFAULT_CAR"/>
    <instantOut id="235_D11" time="11646.75" state="stay" vehID="Car_7378" speed="0.00" length="5.00" type="DEFAULT_CAR"/>
    <instantOut id="235_D11" time="11647.00" state="stay" vehID="Car_7378" speed="0.00" length="5.00" type="DEFAULT_CAR"/>
    <instantOut id="235_D11" time="11647.25" state="stay" vehID="Car_7378" speed="0.00" length="5.00" type="DEFAULT_CAR"/>
    <instantOut id="235_D11" time="11647.50" state="stay" vehID="Car_7378" speed="0.00" length="5.00" type="DEFAULT_CAR"/>
    <instantOut id="235_D11" time="11647.75" state="stay" vehID="Car_7378" speed="0.00" length="5.00" type="DEFAULT_CAR"/>
    <instantOut id="235_D11" time="11648.00" state="stay" vehID="Car_7378" speed="0.00" length="5.00" type="DEFAULT_CAR"/>
    <instantOut id="235_D11" time="11648.25" state="stay" vehID="Car_7378" speed="0.00" length="5.00" type="DEFAULT_CAR"/>
    <instantOut id="235_D11" time="11648.50" state="stay" vehID="Car_7378" speed="0.00" length="5.00" type="DEFAULT_CAR"/>
    <instantOut id="235_D11" time="11648.75" state="stay" vehID="Car_7378" speed="0.00" length="5.00" type="DEFAULT_CAR"/>
    <instantOut id="235_D11" time="11649.00" state="stay" vehID="Car_7378" speed="0.00" length="5.00" type="DEFAULT_CAR"/>
    <instantOut id="235_D11" time="11649.25" state="stay" vehID="Car_7378" speed="0.00" length="5.00" type="DEFAULT_CAR"/>
    <instantOut id="235_D11" time="11649.50" state="stay" vehID="Car_7378" speed="0.00" length="5.00" type="DEFAULT_CAR"/>
    <instantOut id="235_D11" time="11649.75" state="stay" vehID="Car_7378" speed="0.00" length="5.00" type="DEFAULT_CAR"/>
    <instantOut id="235_D11" time="11650.00" state="stay" vehID="Car_7378" speed="0.00" length="5.00" type="DEFAULT_CAR"/>
    <instantOut id="235_D11" time="11650.25" state="stay" vehID="Car_7378" speed="0.00" length="5.00" type="DEFAULT_CAR"/>
    <instantOut id="235_D11" time="11650.50" state="stay" vehID="Car_7378" speed="0.00" length="5.00" type="DEFAULT_CAR"/>
    <instantOut id="235_D11" time="11650.75" state="stay" vehID="Car_7378" speed="0.00" length="5.00" type="DEFAULT_CAR"/>
    <instantOut id="235_D11" time="11651.00" state="stay" vehID="Car_7378" speed="0.00" length="5.00" type="DEFAULT_CAR"/>
    <instantOut id="235_D11" time="11651.25" state="stay" vehID="Car_7378" speed="0.00" length="5.00" type="DEFAULT_CAR"/>
    <instantOut id="235_D11" time="11651.50" state="stay" vehID="Car_7378" speed="0.00" length="5.00" type="DEFAULT_CAR"/>
    <instantOut id="235_D11" time="11651.75" state="stay" vehID="Car_7378" speed="0.00" length="5.00" type="DEFAULT_CAR"/>
    <instantOut id="235_D11" time="11652.00" state="stay" vehID="Car_7378" speed="0.00" length="5.00" type="DEFAULT_CAR"/>
    <instantOut id="235_D11" time="11652.25" state="stay" vehID="Car_7378" speed="0.00" length="5.00" type="DEFAULT_CAR"/>
    <instantOut id="235_D11" time="11652.50" state="stay" vehID="Car_7378" speed="0.00" length="5.00" type="DEFAULT_CAR"/>
    <instantOut id="235_D11" time="11652.75" state="stay" vehID="Car_7378" speed="0.00" length="5.00" type="DEFAULT_CAR"/>
    <instantOut id="235_D11" time="11653.00" state="stay" vehID="Car_7378" speed="0.00" length="5.00" type="DEFAULT_CAR"/>
    <instantOut id="235_D11" time="11653.25" state="stay" vehID="Car_7378" speed="0.00" length="5.00" type="DEFAULT_CAR"/>
    <instantOut id="235_D11" time="11653.50" state="stay" vehID="Car_7378" speed="0.00" length="5.00" type="DEFAULT_CAR"/>
    <instantOut id="235_D11" time="11653.75" state="stay" vehID="Car_7378" speed="0.00" length="5.00" type="DEFAULT_CAR"/>
    <instantOut id="235_D11" time="11654.00" state="stay" vehID="Car_7378" speed="0.91" length="5.00" type="DEFAULT_CAR"/>
    <instantOut id="235_D11" time="11654.25" state="stay" vehID="Car_7378" speed="1.71" length="5.00" type="DEFAULT_CAR"/>
    <instantOut id="235_D11" time="11654.50" state="stay" vehID="Car_7378" speed="2.45" length="5.00" type="DEFAULT_CAR"/>
    <instantOut id="235_D11" time="11654.74" state="leave" vehID="Car_7378" speed="3.13" length="5.00" type="DEFAULT_CAR" occupancy="12.81"/>
    <instantOut id="235_D11" time="11921.90" state="enter" vehID="Car_7377" speed="6.15" length="5.00" type="DEFAULT_CAR" gap="267.16"/>
    <instantOut id="235_D11" time="11922.00" state="stay" vehID="Car_7377" speed="6.15" length="5.00" type="DEFAULT_CAR"/>
    <instantOut id="235_D11" time="11922.25" state="stay" vehID="Car_7377" speed="7.10" length="5.00" type="DEFAULT_CAR"/>
    <instantOut id="235_D11" time="11922.50" state="stay" vehID="Car_7377" speed="7.83" length="5.00" type="DEFAULT_CAR"/>
    <instantOut id="235_D11" time="11922.58" state="leave" vehID="Car_7377" speed="7.79" length="5.00" type="DEFAULT_CAR" occupancy="0.68"/>
    <instantOut id="235_D11" time="13601.87" state="enter" vehID="Car_9017" speed="6.01" length="5.00" type="DEFAULT_CAR" gap="1679.29"/>
    <instantOut id="235_D11" time="13602.00" state="stay" vehID="Car_9017" speed="6.01" length="5.00" type="DEFAULT_CAR"/>
    <instantOut id="235_D11" time="13602.25" state="stay" vehID="Car_9017" speed="6.96" length="5.00" type="DEFAULT_CAR"/>
    <instantOut id="235_D11" time="13602.50" state="stay" vehID="Car_9017" speed="6.92" length="5.00" type="DEFAULT_CAR"/>
    <instantOut id="235_D11" time="13602.61" state="leave" vehID="Car_9017" speed="6.88" length="5.00" type="DEFAULT_CAR" occupancy="0.74"/>
    <instantOut id="235_D11" time="13802.93" state="enter" vehID="Car_9016" speed="6.13" length="5.00" type="DEFAULT_CAR" gap="200.31"/>
    <instantOut id="235_D11" time="13803.00" state="stay" vehID="Car_9016" speed="6.13" length="5.00" type="DEFAULT_CAR"/>
    <instantOut id="235_D11" time="13803.25" state="stay" vehID="Car_9016" speed="5.78" length="5.00" type="DEFAULT_CAR"/>
    <instantOut id="235_D11" time="13803.50" state="stay" vehID="Car_9016" speed="5.03" length="5.00" type="DEFAULT_CAR"/>
    <instantOut id="235_D11" time="13803.75" state="stay" vehID="Car_9016" speed="5.02" length="5.00" type="DEFAULT_CAR"/>
    <instantOut id="235_D11" time="13803.87" state="leave" vehID="Car_9016" speed="4.77" length="5.00" type="DEFAULT_CAR" occupancy="0.95"/>
    <instantOut id="235_D11" time="14012.89" state="enter" vehID="Car_9015" speed="5.91" length="5.00" type="DEFAULT_CAR" gap="209.02"/>
    <instantOut id="235_D11" time="14013.00" state="stay" vehID="Car_9015" speed="5.91" length="5.00" type="DEFAULT_CAR"/>
    <instantOut id="235_D11" time="14013.25" state="stay" vehID="Car_9015" speed="6.86" length="5.00" type="DEFAULT_CAR"/>
    <instantOut id="235_D11" time="14013.50" state="stay" vehID="Car_9015" speed="7.67" length="5.00" type="DEFAULT_CAR"/>
    <instantOut id="235_D11" time="14013.59" state="leave" vehID="Car_9015" speed="8.32" length="5.00" type="DEFAULT_CAR" occupancy="0.70"/>
    <instantOut id="235_D11" time="15168.98" state="enter" vehID="Car_9014" speed="4.48" length="5.00" type="DEFAULT_CAR" gap="1155.39"/>
    <instantOut id="235_D11" time="15169.00" state="stay" vehID="Car_9014" speed="4.48" length="5.00" type="DEFAULT_CAR"/>
    <instantOut id="235_D11" time="15169.25" state="stay" vehID="Car_9014" speed="3.73" length="5.00" type="DEFAULT_CAR"/>
    <instantOut id="235_D11" time="15169.50" state="stay" vehID="Car_9014" speed="2.98" length="5.00" type="DEFAULT_CAR"/>
    <instantOut id="235_D11" time="15169.75" state="stay" vehID="Car_9014" speed="2.23" length="5.00" type="DEFAULT_CAR"/>
    <instantOut id="235_D11" time="15170.00" state="stay" vehID="Car_9014" speed="1.59" length="5.00" type="DEFAULT_CAR"/>
    <instantOut id="235_D11" time="15170.25" state="stay" vehID="Car_9014" speed="0.84" length="5.00" type="DEFAULT_CAR"/>
    <instantOut id="235_D11" time="15170.50" state="stay" vehID="Car_9014" speed="0.15" length="5.00" type="DEFAULT_CAR"/>
    <instantOut id="235_D11" time="15170.75" state="stay" vehID="Car_9014" speed="0.01" length="5.00" type="DEFAULT_CAR"/>
    <instantOut id="235_D11" time="15171.00" state="stay" vehID="Car_9014" speed="0.00" length="5.00" type="DEFAULT_CAR"/>
    <instantOut id="235_D11" time="15171.25" state="stay" vehID="Car_9014" speed="0.00" length="5.00" type="DEFAULT_CAR"/>
    <instantOut id="235_D11" time="15171.50" state="stay" vehID="Car_9014" speed="0.00" length="5.00" type="DEFAULT_CAR"/>
    <instantOut id="235_D11" time="15171.75" state="stay" vehID="Car_9014" speed="0.58" length="5.00" type="DEFAULT_CAR"/>
    <instantOut id="235_D11" time="15172.00" state="stay" vehID="Car_9014" speed="1.05" length="5.00" type="DEFAULT_CAR"/>
    <instantOut id="235_D11" time="15172.25" state="stay" vehID="Car_9014" speed="1.77" length="5.00" type="DEFAULT_CAR"/>
    <instantOut id="235_D11" time="15172.50" state="stay" vehID="Car_9014" speed="2.70" length="5.00" type="DEFAULT_CAR"/>
    <instantOut id="235_D11" time="15172.64" state="leave" vehID="Car_9014" speed="3.64" length="5.00" type="DEFAULT_CAR" occupancy="3.66"/>
    <instantOut id="235_D11" time="18067.90" state="enter" vehID="Car_9811" speed="4.29" length="5.00" type="DEFAULT_CAR" gap="2895.27"/>
    <instantOut id="235_D11" time="18068.00" state="stay" vehID="Car_9811" speed="4.29" length="5.00" type="DEFAULT_CAR"/>
    <instantOut id="235_D11" time="18068.25" state="stay" vehID="Car_9811" speed="3.54" length="5.00" type="DEFAULT_CAR"/>
    <instantOut id="235_D11" time="18068.50" state="stay" vehID="Car_9811" speed="2.79" length="5.00" type="DEFAULT_CAR"/>
    <instantOut id="235_D11" time="18068.75" state="stay" vehID="Car_9811" speed="2.04" length="5.00" type="DEFAULT_CAR"/>
    <instantOut id="235_D11" time="18069.00" state="stay" vehID="Car_9811" speed="1.30" length="5.00" type="DEFAULT_CAR"/>
    <instantOut id="235_D11" time="18069.25" state="stay" vehID="Car_9811" speed="0.55" length="5.00" type="DEFAULT_CAR"/>
    <instantOut id="235_D11" time="18069.50" state="stay" vehID="Car_9811" speed="0.02" length="5.00" type="DEFAULT_CAR"/>
    <instantOut id="235_D11" time="18069.75" state="stay" vehID="Car_9811" speed="0.00" length="5.00" type="DEFAULT_CAR"/>
    <instantOut id="235_D11" time="18070.00" state="stay" vehID="Car_9811" speed="0.00" length="5.00" type="DEFAULT_CAR"/>
    <instantOut id="235_D11" time="18070.25" state="stay" vehID="Car_9811" speed="0.00" length="5.00" type="DEFAULT_CAR"/>
    <instantOut id="235_D11" time="18070.50" state="stay" vehID="Car_9811" speed="0.00" length="5.00" type="DEFAULT_CAR"/>
    <instantOut id="235_D11" time="18070.75" state="stay" vehID="Car_9811" speed="0.00" length="5.00" type="DEFAULT_CAR"/>
    <instantOut id="235_D11" time="18071.00" state="stay" vehID="Car_9811" speed="0.00" length="5.00" type="DEFAULT_CAR"/>
    <instantOut id="235_D11" time="18071.25" state="stay" vehID="Car_9811" speed="0.00" length="5.00" type="DEFAULT_CAR"/>
    <instantOut id="235_D11" time="18071.50" state="stay" vehID="Car_9811" speed="0.00" length="5.00" type="DEFAULT_CAR"/>
    <instantOut id="235_D11" time="18071.75" state="stay" vehID="Car_9811" speed="0.92" length="5.00" type="DEFAULT_CAR"/>
    <instantOut id="235_D11" time="18072.00" state="stay" vehID="Car_9811" speed="1.64" length="5.00" type="DEFAULT_CAR"/>
    <instantOut id="235_D11" time="18072.25" state="stay" vehID="Car_9811" speed="2.51" length="5.00" type="DEFAULT_CAR"/>
    <instantOut id="235_D11" time="18072.49" state="leave" vehID="Car_9811" speed="3.14" length="5.00" type="DEFAULT_CAR" occupancy="4.59"/>
    <instantOut id="235_D11" time="18451.06" state="enter" vehID="Car_9812" speed="4.02" length="5.00" type="DEFAULT_CAR" gap="378.57"/>
    <instantOut id="235_D11" time="18451.25" state="stay" vehID="Car_9812" speed="4.02" length="5.00" type="DEFAULT_CAR"/>
    <instantOut id="235_D11" time="18451.50" state="stay" vehID="Car_9812" speed="3.27" length="5.00" type="DEFAULT_CAR"/>
    <instantOut id="235_D11" time="18451.75" state="stay" vehID="Car_9812" speed="2.52" length="5.00" type="DEFAULT_CAR"/>
    <instantOut id="235_D11" time="18452.00" state="stay" vehID="Car_9812" speed="1.77" length="5.00" type="DEFAULT_CAR"/>
    <instantOut id="235_D11" time="18452.25" state="stay" vehID="Car_9812" speed="1.02" length="5.00" type="DEFAULT_CAR"/>
    <instantOut id="235_D11" time="18452.50" state="stay" vehID="Car_9812" speed="0.27" length="5.00" type="DEFAULT_CAR"/>
    <instantOut id="235_D11" time="18452.75" state="stay" vehID="Car_9812" speed="0.00" length="5.00" type="DEFAULT_CAR"/>
    <instantOut id="235_D11" time="18453.00" state="stay" vehID="Car_9812" speed="0.00" length="5.00" type="DEFAULT_CAR"/>
    <instantOut id="235_D11" time="18453.25" state="stay" vehID="Car_9812" speed="0.00" length="5.00" type="DEFAULT_CAR"/>
    <instantOut id="235_D11" time="18453.50" state="stay" vehID="Car_9812" speed="0.00" length="5.00" type="DEFAULT_CAR"/>
    <instantOut id="235_D11" time="18453.75" state="stay" vehID="Car_9812" speed="0.00" length="5.00" type="DEFAULT_CAR"/>
    <instantOut id="235_D11" time="18454.00" state="stay" vehID="Car_9812" speed="0.00" length="5.00" type="DEFAULT_CAR"/>
    <instantOut id="235_D11" time="18454.25" state="stay" vehID="Car_9812" speed="0.00" length="5.00" type="DEFAULT_CAR"/>
    <instantOut id="235_D11" time="18454.50" state="stay" vehID="Car_9812" speed="0.00" length="5.00" type="DEFAULT_CAR"/>
    <instantOut id="235_D11" time="18454.75" state="stay" vehID="Car_9812" speed="0.00" length="5.00" type="DEFAULT_CAR"/>
    <instantOut id="235_D11" time="18455.00" state="stay" vehID="Car_9812" speed="0.00" length="5.00" type="DEFAULT_CAR"/>
    <instantOut id="235_D11" time="18455.25" state="stay" vehID="Car_9812" speed="0.00" length="5.00" type="DEFAULT_CAR"/>
    <instantOut id="235_D11" time="18455.50" state="stay" vehID="Car_9812" speed="0.86" length="5.00" type="DEFAULT_CAR"/>
    <instantOut id="235_D11" time="18455.75" state="stay" vehID="Car_9812" speed="1.75" length="5.00" type="DEFAULT_CAR"/>
    <instantOut id="235_D11" time="18456.00" state="stay" vehID="Car_9812" speed="2.38" length="5.00" type="DEFAULT_CAR"/>
    <instantOut id="235_D11" time="18456.24" state="leave" vehID="Car_9812" speed="3.21" length="5.00" type="DEFAULT_CAR" occupancy="5.18"/>
    <instantOut id="235_D11" time="18590.06" state="enter" vehID="Car_9813" speed="3.88" length="5.00" type="DEFAULT_CAR" gap="133.82"/>
    <instantOut id="235_D11" time="18590.25" state="stay" vehID="Car_9813" speed="3.88" length="5.00" type="DEFAULT_CAR"/>
    <instantOut id="235_D11" time="18590.50" state="stay" vehID="Car_9813" speed="3.13" length="5.00" type="DEFAULT_CAR"/>
    <instantOut id="235_D11" time="18590.75" state="stay" vehID="Car_9813" speed="2.38" length="5.00" type="DEFAULT_CAR"/>
    <instantOut id="235_D11" time="18591.00" state="stay" vehID="Car_9813" speed="1.89" length="5.00" type="DEFAULT_CAR"/>
    <instantOut id="235_D11" time="18591.25" state="stay" vehID="Car_9813" speed="1.14" length="5.00" type="DEFAULT_CAR"/>
    <instantOut id="235_D11" time="18591.50" state="stay" vehID="Car_9813" speed="0.41" length="5.00" type="DEFAULT_CAR"/>
    <instantOut id="235_D11" time="18591.75" state="stay" vehID="Car_9813" speed="0.05" length="5.00" type="DEFAULT_CAR"/>
    <instantOut id="235_D11" time="18592.00" state="stay" vehID="Car_9813" speed="0.01" length="5.00" type="DEFAULT_CAR"/>
    <instantOut id="235_D11" time="18592.25" state="stay" vehID="Car_9813" speed="0.00" length="5.00" type="DEFAULT_CAR"/>
    <instantOut id="235_D11" time="18592.50" state="stay" vehID="Car_9813" speed="0.00" length="5.00" type="DEFAULT_CAR"/>
    <instantOut id="235_D11" time="18592.75" state="stay" vehID="Car_9813" speed="0.00" length="5.00" type="DEFAULT_CAR"/>
    <instantOut id="235_D11" time="18593.00" state="stay" vehID="Car_9813" speed="0.00" length="5.00" type="DEFAULT_CAR"/>
    <instantOut id="235_D11" time="18593.25" state="stay" vehID="Car_9813" speed="0.00" length="5.00" type="DEFAULT_CAR"/>
    <instantOut id="235_D11" time="18593.50" state="stay" vehID="Car_9813" speed="0.00" length="5.00" type="DEFAULT_CAR"/>
    <instantOut id="235_D11" time="18593.75" state="stay" vehID="Car_9813" speed="0.00" length="5.00" type="DEFAULT_CAR"/>
    <instantOut id="235_D11" time="18594.00" state="stay" vehID="Car_9813" speed="0.00" length="5.00" type="DEFAULT_CAR"/>
    <instantOut id="235_D11" time="18594.25" state="stay" vehID="Car_9813" speed="0.00" length="5.00" type="DEFAULT_CAR"/>
    <instantOut id="235_D11" time="18594.50" state="stay" vehID="Car_9813" speed="0.00" length="5.00" type="DEFAULT_CAR"/>
    <instantOut id="235_D11" time="18594.75" state="stay" vehID="Car_9813" speed="0.00" length="5.00" type="DEFAULT_CAR"/>
    <instantOut id="235_D11" time="18595.00" state="stay" vehID="Car_9813" speed="0.00" length="5.00" type="DEFAULT_CAR"/>
    <instantOut id="235_D11" time="18595.25" state="stay" vehID="Car_9813" speed="0.00" length="5.00" type="DEFAULT_CAR"/>
    <instantOut id="235_D11" time="18595.50" state="stay" vehID="Car_9813" speed="0.00" length="5.00" type="DEFAULT_CAR"/>
    <instantOut id="235_D11" time="18595.75" state="stay" vehID="Car_9813" speed="0.00" length="5.00" type="DEFAULT_CAR"/>
    <instantOut id="235_D11" time="18596.00" state="stay" vehID="Car_9813" speed="0.00" length="5.00" type="DEFAULT_CAR"/>
    <instantOut id="235_D11" time="18596.25" state="stay" vehID="Car_9813" speed="0.00" length="5.00" type="DEFAULT_CAR"/>
    <instantOut id="235_D11" time="18596.50" state="stay" vehID="Car_9813" speed="0.00" length="5.00" type="DEFAULT_CAR"/>
    <instantOut id="235_D11" time="18596.75" state="stay" vehID="Car_9813" speed="0.00" length="5.00" type="DEFAULT_CAR"/>
    <instantOut id="235_D11" time="18597.00" state="stay" vehID="Car_9813" speed="0.00" length="5.00" type="DEFAULT_CAR"/>
    <instantOut id="235_D11" time="18597.25" state="stay" vehID="Car_9813" speed="0.00" length="5.00" type="DEFAULT_CAR"/>
    <instantOut id="235_D11" time="18597.50" state="stay" vehID="Car_9813" speed="0.00" length="5.00" type="DEFAULT_CAR"/>
    <instantOut id="235_D11" time="18597.75" state="stay" vehID="Car_9813" speed="0.00" length="5.00" type="DEFAULT_CAR"/>
    <instantOut id="235_D11" time="18598.00" state="stay" vehID="Car_9813" speed="0.00" length="5.00" type="DEFAULT_CAR"/>
    <instantOut id="235_D11" time="18598.25" state="stay" vehID="Car_9813" speed="0.00" length="5.00" type="DEFAULT_CAR"/>
    <instantOut id="235_D11" time="18598.50" state="stay" vehID="Car_9813" speed="0.00" length="5.00" type="DEFAULT_CAR"/>
    <instantOut id="235_D11" time="18598.75" state="stay" vehID="Car_9813" speed="0.00" length="5.00" type="DEFAULT_CAR"/>
    <instantOut id="235_D11" time="18599.00" state="stay" vehID="Car_9813" speed="0.00" length="5.00" type="DEFAULT_CAR"/>
    <instantOut id="235_D11" time="18599.25" state="stay" vehID="Car_9813" speed="0.00" length="5.00" type="DEFAULT_CAR"/>
    <instantOut id="235_D11" time="18599.50" state="stay" vehID="Car_9813" speed="0.00" length="5.00" type="DEFAULT_CAR"/>
    <instantOut id="235_D11" time="18599.75" state="stay" vehID="Car_9813" speed="0.00" length="5.00" type="DEFAULT_CAR"/>
    <instantOut id="235_D11" time="18600.00" state="stay" vehID="Car_9813" speed="0.00" length="5.00" type="DEFAULT_CAR"/>
    <instantOut id="235_D11" time="18600.25" state="stay" vehID="Car_9813" speed="0.00" length="5.00" type="DEFAULT_CAR"/>
    <instantOut id="235_D11" time="18600.50" state="stay" vehID="Car_9813" speed="0.00" length="5.00" type="DEFAULT_CAR"/>
    <instantOut id="235_D11" time="18600.75" state="stay" vehID="Car_9813" speed="0.00" length="5.00" type="DEFAULT_CAR"/>
    <instantOut id="235_D11" time="18601.00" state="stay" vehID="Car_9813" speed="0.00" length="5.00" type="DEFAULT_CAR"/>
    <instantOut id="235_D11" time="18601.25" state="stay" vehID="Car_9813" speed="0.00" length="5.00" type="DEFAULT_CAR"/>
    <instantOut id="235_D11" time="18601.50" state="stay" vehID="Car_9813" speed="0.00" length="5.00" type="DEFAULT_CAR"/>
    <instantOut id="235_D11" time="18601.75" state="stay" vehID="Car_9813" speed="0.00" length="5.00" type="DEFAULT_CAR"/>
    <instantOut id="235_D11" time="18602.00" state="stay" vehID="Car_9813" speed="0.00" length="5.00" type="DEFAULT_CAR"/>
    <instantOut id="235_D11" time="18602.25" state="stay" vehID="Car_9813" speed="0.00" length="5.00" type="DEFAULT_CAR"/>
    <instantOut id="235_D11" time="18602.50" state="stay" vehID="Car_9813" speed="0.00" length="5.00" type="DEFAULT_CAR"/>
    <instantOut id="235_D11" time="18602.75" state="stay" vehID="Car_9813" speed="0.00" length="5.00" type="DEFAULT_CAR"/>
    <instantOut id="235_D11" time="18603.00" state="stay" vehID="Car_9813" speed="0.00" length="5.00" type="DEFAULT_CAR"/>
    <instantOut id="235_D11" time="18603.25" state="stay" vehID="Car_9813" speed="0.00" length="5.00" type="DEFAULT_CAR"/>
    <instantOut id="235_D11" time="18603.50" state="stay" vehID="Car_9813" speed="0.00" length="5.00" type="DEFAULT_CAR"/>
    <instantOut id="235_D11" time="18603.75" state="stay" vehID="Car_9813" speed="0.00" length="5.00" type="DEFAULT_CAR"/>
    <instantOut id="235_D11" time="18604.00" state="stay" vehID="Car_9813" speed="0.00" length="5.00" type="DEFAULT_CAR"/>
    <instantOut id="235_D11" time="18604.25" state="stay" vehID="Car_9813" speed="0.00" length="5.00" type="DEFAULT_CAR"/>
    <instantOut id="235_D11" time="18604.50" state="stay" vehID="Car_9813" speed="0.92" length="5.00" type="DEFAULT_CAR"/>
    <instantOut id="235_D11" time="18604.75" state="stay" vehID="Car_9813" speed="1.66" length="5.00" type="DEFAULT_CAR"/>
    <instantOut id="235_D11" time="18605.00" state="stay" vehID="Car_9813" speed="2.40" length="5.00" type="DEFAULT_CAR"/>
    <instantOut id="235_D11" time="18605.24" state="leave" vehID="Car_9813" speed="3.22" length="5.00" type="DEFAULT_CAR" occupancy="15.18"/>
    <instantOut id="235_D11" time="18723.02" state="enter" vehID="Car_9814" speed="3.83" length="5.00" type="DEFAULT_CAR" gap="117.78"/>
    <instantOut id="235_D11" time="18723.25" state="stay" vehID="Car_9814" speed="3.83" length="5.00" type="DEFAULT_CAR"/>
    <instantOut id="235_D11" time="18723.50" state="stay" vehID="Car_9814" speed="3.08" length="5.00" type="DEFAULT_CAR"/>
    <instantOut id="235_D11" time="18723.75" state="stay" vehID="Car_9814" speed="2.33" length="5.00" type="DEFAULT_CAR"/>
    <instantOut id="235_D11" time="18724.00" state="stay" vehID="Car_9814" speed="1.66" length="5.00" type="DEFAULT_CAR"/>
    <instantOut id="235_D11" time="18724.25" state="stay" vehID="Car_9814" speed="0.99" length="5.00" type="DEFAULT_CAR"/>
    <instantOut id="235_D11" time="18724.50" state="stay" vehID="Car_9814" speed="0.29" length="5.00" type="DEFAULT_CAR"/>
    <instantOut id="235_D11" time="18724.75" state="stay" vehID="Car_9814" speed="0.02" length="5.00" type="DEFAULT_CAR"/>
    <instantOut id="235_D11" time="18725.00" state="stay" vehID="Car_9814" speed="0.00" length="5.00" type="DEFAULT_CAR"/>
    <instantOut id="235_D11" time="18725.25" state="stay" vehID="Car_9814" speed="0.00" length="5.00" type="DEFAULT_CAR"/>
    <instantOut id="235_D11" time="18725.50" state="stay" vehID="Car_9814" speed="0.00" length="5.00" type="DEFAULT_CAR"/>
    <instantOut id="235_D11" time="18725.75" state="stay" vehID="Car_9814" speed="0.00" length="5.00" type="DEFAULT_CAR"/>
    <instantOut id="235_D11" time="18726.00" state="stay" vehID="Car_9814" speed="0.00" length="5.00" type="DEFAULT_CAR"/>
    <instantOut id="235_D11" time="18726.25" state="stay" vehID="Car_9814" speed="0.00" length="5.00" type="DEFAULT_CAR"/>
    <instantOut id="235_D11" time="18726.50" state="stay" vehID="Car_9814" speed="0.00" length="5.00" type="DEFAULT_CAR"/>
    <instantOut id="235_D11" time="18726.75" state="stay" vehID="Car_9814" speed="0.00" length="5.00" type="DEFAULT_CAR"/>
    <instantOut id="235_D11" time="18727.00" state="stay" vehID="Car_9814" speed="0.94" length="5.00" type="DEFAULT_CAR"/>
    <instantOut id="235_D11" time="18727.25" state="stay" vehID="Car_9814" speed="1.80" length="5.00" type="DEFAULT_CAR"/>
    <instantOut id="235_D11" time="18727.50" state="stay" vehID="Car_9814" speed="2.63" length="5.00" type="DEFAULT_CAR"/>
    <instantOut id="235_D11" time="18727.70" state="leave" vehID="Car_9814" speed="3.36" length="5.00" type="DEFAULT_CAR" occupancy="4.68"/>
    <instantOut id="235_D11" time="18803.96" state="enter" vehID="Car_9815" speed="4.35" length="5.00" type="DEFAULT_CAR" gap="76.26"/>
    <instantOut id="235_D11" time="18804.00" state="stay" vehID="Car_9815" speed="4.35" length="5.00" type="DEFAULT_CAR"/>
    <instantOut id="235_D11" time="18804.25" state="stay" vehID="Car_9815" speed="4.71" length="5.00" type="DEFAULT_CAR"/>
    <instantOut id="235_D11" time="18804.50" state="stay" vehID="Car_9815" speed="5.28" length="5.00" type="DEFAULT_CAR"/>
    <instantOut id="235_D11" time="18804.75" state="stay" vehID="Car_9815" speed="4.53" length="5.00" type="DEFAULT_CAR"/>
    <instantOut id="235_D11" time="18805.00" state="stay" vehID="Car_9815" speed="4.33" length="5.00" type="DEFAULT_CAR"/>
    <instantOut id="235_D11" time="18805.03" state="leave" vehID="Car_9815" speed="4.15" length="5.00" type="DEFAULT_CAR" occupancy="1.07"/>
    <instantOut id="235_D11" time="18899.91" state="enter" vehID="Car_9816" speed="6.01" length="5.00" type="DEFAULT_CAR" gap="94.89"/>
    <instantOut id="235_D11" time="18900.00" state="stay" vehID="Car_9816" speed="6.01" length="5.00" type="DEFAULT_CAR"/>
    <instantOut id="235_D11" time="18900.25" state="stay" vehID="Car_9816" speed="6.96" length="5.00" type="DEFAULT_CAR"/>
    <instantOut id="235_D11" time="18900.50" state="stay" vehID="Car_9816" speed="7.59" length="5.00" type="DEFAULT_CAR"/>
    <instantOut id="235_D11" time="18900.60" state="leave" vehID="Car_9816" speed="7.98" length="5.00" type="DEFAULT_CAR" occupancy="0.69"/>
    <instantOut id="235_D11" time="18912.05" state="enter" vehID="Car_9809" speed="5.65" length="5.00" type="DEFAULT_CAR" gap="11.44"/>
    <instantOut id="235_D11" time="18912.25" state="stay" vehID="Car_9809" speed="5.65" length="5.00" type="DEFAULT_CAR"/>
    <instantOut id="235_D11" time="18912.50" state="stay" vehID="Car_9809" speed="6.39" length="5.00" type="DEFAULT_CAR"/>
    <instantOut id="235_D11" time="18912.75" state="stay" vehID="Car_9809" speed="7.09" length="5.00" type="DEFAULT_CAR"/>
    <instantOut id="235_D11" time="18912.81" state="leave" vehID="Car_9809" speed="7.70" length="5.00" type="DEFAULT_CAR" occupancy="0.77"/>
    <instantOut id="235_D11" time="19044.94" state="enter" vehID="Car_9810" speed="6.30" length="5.00" type="DEFAULT_CAR" gap="132.13"/>
    <instantOut id="235_D11" time="19045.00" state="stay" vehID="Car_9810" speed="6.30" length="5.00" type="DEFAULT_CAR"/>
    <instantOut id="235_D11" time="19045.25" state="stay" vehID="Car_9810" speed="6.55" length="5.00" type="DEFAULT_CAR"/>
    <instantOut id="235_D11" time="19045.50" state="stay" vehID="Car_9810" speed="5.80" length="5.00" type="DEFAULT_CAR"/>
    <instantOut id="235_D11" time="19045.75" state="stay" vehID="Car_9810" speed="5.55" length="5.00" type="DEFAULT_CAR"/>
    <instantOut id="235_D11" time="19045.78" state="leave" vehID="Car_9810" speed="5.45" length="5.00" type="DEFAULT_CAR" occupancy="0.84"/>
    <instantOut id="235_D11" time="21549.91" state="enter" vehID="Car_13528" speed="4.24" length="5.00" type="DEFAULT_CAR" gap="2504.13"/>
    <instantOut id="235_D11" time="21550.00" state="stay" vehID="Car_13528" speed="4.24" length="5.00" type="DEFAULT_CAR"/>
    <instantOut id="235_D11" time="21550.25" state="stay" vehID="Car_13528" speed="3.49" length="5.00" type="DEFAULT_CAR"/>
    <instantOut id="235_D11" time="21550.50" state="stay" vehID="Car_13528" speed="2.74" length="5.00" type="DEFAULT_CAR"/>
    <instantOut id="235_D11" time="21550.75" state="stay" vehID="Car_13528" speed="2.11" length="5.00" type="DEFAULT_CAR"/>
    <instantOut id="235_D11" time="21551.00" state="stay" vehID="Car_13528" speed="1.36" length="5.00" type="DEFAULT_CAR"/>
    <instantOut id="235_D11" time="21551.25" state="stay" vehID="Car_13528" speed="0.61" length="5.00" type="DEFAULT_CAR"/>
    <instantOut id="235_D11" time="21551.50" state="stay" vehID="Car_13528" speed="0.00" length="5.00" type="DEFAULT_CAR"/>
    <instantOut id="235_D11" time="21551.75" state="stay" vehID="Car_13528" speed="0.00" length="5.00" type="DEFAULT_CAR"/>
    <instantOut id="235_D11" time="21552.00" state="stay" vehID="Car_13528" speed="0.00" length="5.00" type="DEFAULT_CAR"/>
    <instantOut id="235_D11" time="21552.25" state="stay" vehID="Car_13528" speed="0.00" length="5.00" type="DEFAULT_CAR"/>
    <instantOut id="235_D11" time="21552.50" state="stay" vehID="Car_13528" speed="0.00" length="5.00" type="DEFAULT_CAR"/>
    <instantOut id="235_D11" time="21552.75" state="stay" vehID="Car_13528" speed="0.00" length="5.00" type="DEFAULT_CAR"/>
    <instantOut id="235_D11" time="21553.00" state="stay" vehID="Car_13528" speed="0.00" length="5.00" type="DEFAULT_CAR"/>
    <instantOut id="235_D11" time="21553.25" state="stay" vehID="Car_13528" speed="0.00" length="5.00" type="DEFAULT_CAR"/>
    <instantOut id="235_D11" time="21553.50" state="stay" vehID="Car_13528" speed="0.00" length="5.00" type="DEFAULT_CAR"/>
    <instantOut id="235_D11" time="21553.75" state="stay" vehID="Car_13528" speed="0.00" length="5.00" type="DEFAULT_CAR"/>
    <instantOut id="235_D11" time="21554.00" state="stay" vehID="Car_13528" speed="0.00" length="5.00" type="DEFAULT_CAR"/>
    <instantOut id="235_D11" time="21554.25" state="stay" vehID="Car_13528" speed="0.00" length="5.00" type="DEFAULT_CAR"/>
    <instantOut id="235_D11" time="21554.50" state="stay" vehID="Car_13528" speed="0.00" length="5.00" type="DEFAULT_CAR"/>
    <instantOut id="235_D11" time="21554.75" state="stay" vehID="Car_13528" speed="0.00" length="5.00" type="DEFAULT_CAR"/>
    <instantOut id="235_D11" time="21555.00" state="stay" vehID="Car_13528" speed="0.00" length="5.00" type="DEFAULT_CAR"/>
    <instantOut id="235_D11" time="21555.25" state="stay" vehID="Car_13528" speed="0.00" length="5.00" type="DEFAULT_CAR"/>
    <instantOut id="235_D11" time="21555.50" state="stay" vehID="Car_13528" speed="0.00" length="5.00" type="DEFAULT_CAR"/>
    <instantOut id="235_D11" time="21555.75" state="stay" vehID="Car_13528" speed="0.00" length="5.00" type="DEFAULT_CAR"/>
    <instantOut id="235_D11" time="21556.00" state="stay" vehID="Car_13528" speed="0.00" length="5.00" type="DEFAULT_CAR"/>
    <instantOut id="235_D11" time="21556.25" state="stay" vehID="Car_13528" speed="0.00" length="5.00" type="DEFAULT_CAR"/>
    <instantOut id="235_D11" time="21556.50" state="stay" vehID="Car_13528" speed="0.00" length="5.00" type="DEFAULT_CAR"/>
    <instantOut id="235_D11" time="21556.75" state="stay" vehID="Car_13528" speed="0.69" length="5.00" type="DEFAULT_CAR"/>
    <instantOut id="235_D11" time="21557.00" state="stay" vehID="Car_13528" speed="1.63" length="5.00" type="DEFAULT_CAR"/>
    <instantOut id="235_D11" time="21557.25" state="stay" vehID="Car_13528" speed="2.33" length="5.00" type="DEFAULT_CAR"/>
    <instantOut id="235_D11" time="21557.50" state="stay" vehID="Car_13528" speed="3.26" length="5.00" type="DEFAULT_CAR"/>
    <instantOut id="235_D11" time="21557.51" state="leave" vehID="Car_13528" speed="3.74" length="5.00" type="DEFAULT_CAR" occupancy="7.61"/>
    <instantOut id="235_D11" time="21814.93" state="enter" vehID="Car_13529" speed="4.18" length="5.00" type="DEFAULT_CAR" gap="257.42"/>
    <instantOut id="235_D11" time="21815.00" state="stay" vehID="Car_13529" speed="4.18" length="5.00" type="DEFAULT_CAR"/>
    <instantOut id="235_D11" time="21815.25" state="stay" vehID="Car_13529" speed="3.54" length="5.00" type="DEFAULT_CAR"/>
    <instantOut id="235_D11" time="21815.50" state="stay" vehID="Car_13529" speed="2.79" length="5.00" type="DEFAULT_CAR"/>
    <instantOut id="235_D11" time="21815.75" state="stay" vehID="Car_13529" speed="3.74" length="5.00" type="DEFAULT_CAR"/>
    <instantOut id="235_D11" time="21816.00" state="stay" vehID="Car_13529" speed="4.32" length="5.00" type="DEFAULT_CAR"/>
    <instantOut id="235_D11" time="21816.22" state="leave" vehID="Car_13529" speed="5.04" length="5.00" type="DEFAULT_CAR" occupancy="1.29"/>
    <instantOut id="235_D11" time="23127.99" state="enter" vehID="Car_13530" speed="4.51" length="5.00" type="DEFAULT_CAR" gap="1311.77"/>
    <instantOut id="235_D11" time="23128.00" state="stay" vehID="Car_13530" speed="4.51" length="5.00" type="DEFAULT_CAR"/>
    <instantOut id="235_D11" time="23128.25" state="stay" vehID="Car_13530" speed="3.76" length="5.00" type="DEFAULT_CAR"/>
    <instantOut id="235_D11" time="23128.50" state="stay" vehID="Car_13530" speed="3.08" length="5.00" type="DEFAULT_CAR"/>
    <instantOut id="235_D11" time="23128.75" state="stay" vehID="Car_13530" speed="2.33" length="5.00" type="DEFAULT_CAR"/>
    <instantOut id="235_D11" time="23129.00" state="stay" vehID="Car_13530" speed="1.58" length="5.00" type="DEFAULT_CAR"/>
    <instantOut id="235_D11" time="23129.25" state="stay" vehID="Car_13530" speed="0.83" length="5.00" type="DEFAULT_CAR"/>
    <instantOut id="235_D11" time="23129.50" state="stay" vehID="Car_13530" speed="0.10" length="5.00" type="DEFAULT_CAR"/>
    <instantOut id="235_D11" time="23129.75" state="stay" vehID="Car_13530" speed="0.01" length="5.00" type="DEFAULT_CAR"/>
    <instantOut id="235_D11" time="23130.00" state="stay" vehID="Car_13530" speed="0.00" length="5.00" type="DEFAULT_CAR"/>
    <instantOut id="235_D11" time="23130.25" state="stay" vehID="Car_13530" speed="0.00" length="5.00" type="DEFAULT_CAR"/>
    <instantOut id="235_D11" time="23130.50" state="stay" vehID="Car_13530" speed="0.37" length="5.00" type="DEFAULT_CAR"/>
    <instantOut id="235_D11" time="23130.75" state="stay" vehID="Car_13530" speed="0.00" length="5.00" type="DEFAULT_CAR"/>
    <instantOut id="235_D11" time="23131.00" state="stay" vehID="Car_13530" speed="0.41" length="5.00" type="DEFAULT_CAR"/>
    <instantOut id="235_D11" time="23131.25" state="stay" vehID="Car_13530" speed="0.76" length="5.00" type="DEFAULT_CAR"/>
    <instantOut id="235_D11" time="23131.50" state="stay" vehID="Car_13530" speed="1.25" length="5.00" type="DEFAULT_CAR"/>
    <instantOut id="235_D11" time="23131.75" state="stay" vehID="Car_13530" speed="1.77" length="5.00" type="DEFAULT_CAR"/>
    <instantOut id="235_D11" time="23132.00" state="stay" vehID="Car_13530" speed="2.33" length="5.00" type="DEFAULT_CAR"/>
    <instantOut id="235_D11" time="23132.10" state="leave" vehID="Car_13530" speed="3.07" length="5.00" type="DEFAULT_CAR" occupancy="4.11"/>
    <instantOut id="235_D11" time="23239.94" state="enter" vehID="Car_13532" speed="6.19" length="5.00" type="DEFAULT_CAR" gap="107.84"/>
    <instantOut id="235_D11" time="23240.00" state="stay" vehID="Car_13532" speed="6.19" length="5.00" type="DEFAULT_CAR"/>
    <instantOut id="235_D11" time="23240.25" state="stay" vehID="Car_13532" speed="7.14" length="5.00" type="DEFAULT_CAR"/>
    <instantOut id="235_D11" time="23240.50" state="stay" vehID="Car_13532" speed="7.99" length="5.00" type="DEFAULT_CAR"/>
    <instantOut id="235_D11" time="23240.60" state="leave" vehID="Car_13532" speed="8.47" length="5.00" type="DEFAULT_CAR" occupancy="0.66"/>
    <instantOut id="235_D11" time="24155.90" state="enter" vehID="Car_15014" speed="6.08" length="5.00" type="DEFAULT_CAR" gap="915.30"/>
    <instantOut id="235_D11" time="24156.00" state="stay" vehID="Car_15014" speed="6.08" length="5.00" type="DEFAULT_CAR"/>
    <instantOut id="235_D11" time="24156.25" state="stay" vehID="Car_15014" speed="7.03" length="5.00" type="DEFAULT_CAR"/>
    <instantOut id="235_D11" time="24156.50" state="stay" vehID="Car_15014" speed="7.26" length="5.00" type="DEFAULT_CAR"/>
    <instantOut id="235_D11" time="24156.61" state="leave" vehID="Car_15014" speed="7.15" length="5.00" type="DEFAULT_CAR" occupancy="0.71"/>
    <instantOut id="235_D11" time="25649.91" state="enter" vehID="Car_15015" speed="6.16" length="5.00" type="DEFAULT_CAR" gap="1493.29"/>
    <instantOut id="235_D11" time="25650.00" state="stay" vehID="Car_15015" speed="6.16" length="5.00" type="DEFAULT_CAR"/>
    <instantOut id="235_D11" time="25650.25" state="stay" vehID="Car_15015" speed="7.11" length="5.00" type="DEFAULT_CAR"/>
    <instantOut id="235_D11" time="25650.50" state="stay" vehID="Car_15015" speed="6.93" length="5.00" type="DEFAULT_CAR"/>
    <instantOut id="235_D11" time="25650.64" state="leave" vehID="Car_15015" speed="6.77" length="5.00" type="DEFAULT_CAR" occupancy="0.73"/>
    <instantOut id="235_D11" time="26995.98" state="enter" vehID="Car_15016" speed="4.36" length="5.00" type="DEFAULT_CAR" gap="1345.34"/>
    <instantOut id="235_D11" time="26996.00" state="stay" vehID="Car_15016" speed="4.36" length="5.00" type="DEFAULT_CAR"/>
    <instantOut id="235_D11" time="26996.25" state="stay" vehID="Car_15016" speed="5.31" length="5.00" type="DEFAULT_CAR"/>
    <instantOut id="235_D11" time="26996.50" state="stay" vehID="Car_15016" speed="6.26" length="5.00" type="DEFAULT_CAR"/>
    <instantOut id="235_D11" time="26996.75" state="stay" vehID="Car_15016" speed="7.11" length="5.00" type="DEFAULT_CAR"/>
    <instantOut id="235_D11" time="26996.78" state="leave" vehID="Car_15016" speed="7.71" length="5.00" type="DEFAULT_CAR" occupancy="0.80"/>
    <instantOut id="235_D11" time="27040.87" state="enter" vehID="Car_15017" speed="6.01" length="5.00" type="DEFAULT_CAR" gap="44.10"/>
    <instantOut id="235_D11" time="27041.00" state="stay" vehID="Car_15017" speed="6.01" length="5.00" type="DEFAULT_CAR"/>
    <instantOut id="235_D11" time="27041.25" state="stay" vehID="Car_15017" speed="5.75" length="5.00" type="DEFAULT_CAR"/>
    <instantOut id="235_D11" time="27041.50" state="stay" vehID="Car_15017" speed="5.00" length="5.00" type="DEFAULT_CAR"/>
    <instantOut id="235_D11" time="27041.75" state="stay" vehID="Car_15017" speed="4.61" length="5.00" type="DEFAULT_CAR"/>
    <instantOut id="235_D11" time="27041.83" state="leave" vehID="Car_15017" speed="4.97" length="5.00" type="DEFAULT_CAR" occupancy="0.96"/>
    <instantOut id="235_D11" time="29238.93" state="enter" vehID="Car_16582" speed="5.85" length="5.00" type="DEFAULT_CAR" gap="2197.10"/>
    <instantOut id="235_D11" time="29239.00" state="stay" vehID="Car_16582" speed="5.85" length="5.00" type="DEFAULT_CAR"/>
    <instantOut id="235_D11" time="29239.25" state="stay" vehID="Car_16582" speed="6.80" length="5.00" type="DEFAULT_CAR"/>
    <instantOut id="235_D11" time="29239.50" state="stay" vehID="Car_16582" speed="7.66" length="5.00" type="DEFAULT_CAR"/>
    <instantOut id="235_D11" time="29239.62" state="leave" vehID="Car_16582" speed="8.32" length="5.00" type="DEFAULT_CAR" occupancy="0.69"/>
    <instantOut id="235_D11" time="32253.91" state="enter" vehID="Car_19150" speed="6.13" length="5.00" type="DEFAULT_CAR" gap="3014.29"/>
    <instantOut id="235_D11" time="32254.00" state="stay" vehID="Car_19150" speed="6.13" length="5.00" type="DEFAULT_CAR"/>
    <instantOut id="235_D11" time="32254.25" state="stay" vehID="Car_19150" speed="7.08" length="5.00" type="DEFAULT_CAR"/>
    <instantOut id="235_D11" time="32254.50" state="stay" vehID="Car_19150" speed="7.90" length="5.00" type="DEFAULT_CAR"/>
    <instantOut id="235_D11" time="32254.59" state="leave" vehID="Car_19150" speed="8.00" length="5.00" type="DEFAULT_CAR" occupancy="0.68"/>
    <instantOut id="235_D11" time="32986.96" state="enter" vehID="Car_19149" speed="6.19" length="5.00" type="DEFAULT_CAR" gap="732.37"/>
    <instantOut id="235_D11" time="32987.00" state="stay" vehID="Car_19149" speed="6.19" length="5.00" type="DEFAULT_CAR"/>
    <instantOut id="235_D11" time="32987.25" state="stay" vehID="Car_19149" speed="7.14" length="5.00" type="DEFAULT_CAR"/>
    <instantOut id="235_D11" time="32987.50" state="stay" vehID="Car_19149" speed="7.63" length="5.00" type="DEFAULT_CAR"/>
    <instantOut id="235_D11" time="32987.63" state="leave" vehID="Car_19149" speed="7.93" length="5.00" type="DEFAULT_CAR" occupancy="0.67"/>
    <instantOut id="235_D11" time="33215.89" state="enter" vehID="Car_19148" speed="6.01" length="5.00" type="DEFAULT_CAR" gap="228.26"/>
    <instantOut id="235_D11" time="33216.00" state="stay" vehID="Car_19148" speed="6.01" length="5.00" type="DEFAULT_CAR"/>
    <instantOut id="235_D11" time="33216.25" state="stay" vehID="Car_19148" speed="6.96" length="5.00" type="DEFAULT_CAR"/>
    <instantOut id="235_D11" time="33216.50" state="stay" vehID="Car_19148" speed="7.66" length="5.00" type="DEFAULT_CAR"/>
    <instantOut id="235_D11" time="33216.59" state="leave" vehID="Car_19148" speed="7.93" length="5.00" type="DEFAULT_CAR" occupancy="0.70"/>
    <instantOut id="235_D11" time="33324.17" state="enter" vehID="Car_19147" speed="4.26" length="5.00" type="DEFAULT_CAR" gap="107.58"/>
    <instantOut id="235_D11" time="33324.25" state="stay" vehID="Car_19147" speed="4.26" length="5.00" type="DEFAULT_CAR"/>
    <instantOut id="235_D11" time="33324.50" state="stay" vehID="Car_19147" speed="3.51" length="5.00" type="DEFAULT_CAR"/>
    <instantOut id="235_D11" time="33324.75" state="stay" vehID="Car_19147" speed="2.76" length="5.00" type="DEFAULT_CAR"/>
    <instantOut id="235_D11" time="33325.00" state="stay" vehID="Car_19147" speed="3.71" length="5.00" type="DEFAULT_CAR"/>
    <instantOut id="235_D11" time="33325.25" state="stay" vehID="Car_19147" speed="4.29" length="5.00" type="DEFAULT_CAR"/>
    <instantOut id="235_D11" time="33325.46" state="leave" vehID="Car_19147" speed="5.19" length="5.00" type="DEFAULT_CAR" occupancy="1.29"/>
    <instantOut id="235_D11" time="34043.99" state="enter" vehID="Car_19146" speed="4.45" length="5.00" type="DEFAULT_CAR" gap="718.53"/>
    <instantOut id="235_D11" time="34044.00" state="stay" vehID="Car_19146" speed="4.45" length="5.00" type="DEFAULT_CAR"/>
    <instantOut id="235_D11" time="34044.25" state="stay" vehID="Car_19146" speed="3.82" length="5.00" type="DEFAULT_CAR"/>
    <instantOut id="235_D11" time="34044.50" state="stay" vehID="Car_19146" speed="3.07" length="5.00" type="DEFAULT_CAR"/>
    <instantOut id="235_D11" time="34044.75" state="stay" vehID="Car_19146" speed="2.32" length="5.00" type="DEFAULT_CAR"/>
    <instantOut id="235_D11" time="34045.00" state="stay" vehID="Car_19146" speed="1.57" length="5.00" type="DEFAULT_CAR"/>
    <instantOut id="235_D11" time="34045.25" state="stay" vehID="Car_19146" speed="0.82" length="5.00" type="DEFAULT_CAR"/>
    <instantOut id="235_D11" time="34045.50" state="stay" vehID="Car_19146" speed="0.10" length="5.00" type="DEFAULT_CAR"/>
    <instantOut id="235_D11" time="34045.75" state="stay" vehID="Car_19146" speed="0.00" length="5.00" type="DEFAULT_CAR"/>
    <instantOut id="235_D11" time="34046.00" state="stay" vehID="Car_19146" speed="0.00" length="5.00" type="DEFAULT_CAR"/>
    <instantOut id="235_D11" time="34046.25" state="stay" vehID="Car_19146" speed="0.00" length="5.00" type="DEFAULT_CAR"/>
    <instantOut id="235_D11" time="34046.50" state="stay" vehID="Car_19146" speed="0.00" length="5.00" type="DEFAULT_CAR"/>
    <instantOut id="235_D11" time="34046.75" state="stay" vehID="Car_19146" speed="0.89" length="5.00" type="DEFAULT_CAR"/>
    <instantOut id="235_D11" time="34047.00" state="stay" vehID="Car_19146" speed="1.65" length="5.00" type="DEFAULT_CAR"/>
    <instantOut id="235_D11" time="34047.25" state="stay" vehID="Car_19146" speed="2.44" length="5.00" type="DEFAULT_CAR"/>
    <instantOut id="235_D11" time="34047.48" state="leave" vehID="Car_19146" speed="3.39" length="5.00" type="DEFAULT_CAR" occupancy="3.49"/>
    <instantOut id="235_D11" time="34066.91" state="enter" vehID="Car_19145" speed="6.23" length="5.00" type="DEFAULT_CAR" gap="19.44"/>
    <instantOut id="235_D11" time="34067.00" state="stay" vehID="Car_19145" speed="6.23" length="5.00" type="DEFAULT_CAR"/>
    <instantOut id="235_D11" time="34067.25" state="stay" vehID="Car_19145" speed="7.18" length="5.00" type="DEFAULT_CAR"/>
    <instantOut id="235_D11" time="34067.50" state="stay" vehID="Car_19145" speed="7.68" length="5.00" type="DEFAULT_CAR"/>
    <instantOut id="235_D11" time="34067.59" state="leave" vehID="Car_19145" speed="8.40" length="5.00" type="DEFAULT_CAR" occupancy="0.68"/>
    <instantOut id="235_D11" time="34278.00" state="enter" vehID="Car_19144" speed="4.57" length="5.00" type="DEFAULT_CAR" gap="210.41"/>
    <instantOut id="235_D11" time="34278.00" state="stay" vehID="Car_19144" speed="4.57" length="5.00" type="DEFAULT_CAR"/>
    <instantOut id="235_D11" time="34278.25" state="stay" vehID="Car_19144" speed="3.82" length="5.00" type="DEFAULT_CAR"/>
    <instantOut id="235_D11" time="34278.50" state="stay" vehID="Car_19144" speed="3.07" length="5.00" type="DEFAULT_CAR"/>
    <instantOut id="235_D11" time="34278.75" state="stay" vehID="Car_19144" speed="2.32" length="5.00" type="DEFAULT_CAR"/>
    <instantOut id="235_D11" time="34279.00" state="stay" vehID="Car_19144" speed="1.58" length="5.00" type="DEFAULT_CAR"/>
    <instantOut id="235_D11" time="34279.25" state="stay" vehID="Car_19144" speed="0.83" length="5.00" type="DEFAULT_CAR"/>
    <instantOut id="235_D11" time="34279.50" state="stay" vehID="Car_19144" speed="0.22" length="5.00" type="DEFAULT_CAR"/>
    <instantOut id="235_D11" time="34279.75" state="stay" vehID="Car_19144" speed="0.00" length="5.00" type="DEFAULT_CAR"/>
    <instantOut id="235_D11" time="34280.00" state="stay" vehID="Car_19144" speed="0.00" length="5.00" type="DEFAULT_CAR"/>
    <instantOut id="235_D11" time="34280.25" state="stay" vehID="Car_19144" speed="0.00" length="5.00" type="DEFAULT_CAR"/>
    <instantOut id="235_D11" time="34280.50" state="stay" vehID="Car_19144" speed="0.00" length="5.00" type="DEFAULT_CAR"/>
    <instantOut id="235_D11" time="34280.75" state="stay" vehID="Car_19144" speed="0.00" length="5.00" type="DEFAULT_CAR"/>
    <instantOut id="235_D11" time="34281.00" state="stay" vehID="Car_19144" speed="0.00" length="5.00" type="DEFAULT_CAR"/>
    <instantOut id="235_D11" time="34281.25" state="stay" vehID="Car_19144" speed="0.00" length="5.00" type="DEFAULT_CAR"/>
    <instantOut id="235_D11" time="34281.50" state="stay" vehID="Car_19144" speed="0.00" length="5.00" type="DEFAULT_CAR"/>
    <instantOut id="235_D11" time="34281.75" state="stay" vehID="Car_19144" speed="0.00" length="5.00" type="DEFAULT_CAR"/>
    <instantOut id="235_D11" time="34282.00" state="stay" vehID="Car_19144" speed="0.00" length="5.00" type="DEFAULT_CAR"/>
    <instantOut id="235_D11" time="34282.25" state="stay" vehID="Car_19144" speed="0.00" length="5.00" type="DEFAULT_CAR"/>
    <instantOut id="235_D11" time="34282.50" state="stay" vehID="Car_19144" speed="0.00" length="5.00" type="DEFAULT_CAR"/>
    <instantOut id="235_D11" time="34282.75" state="stay" vehID="Car_19144" speed="0.00" length="5.00" type="DEFAULT_CAR"/>
    <instantOut id="235_D11" time="34283.00" state="stay" vehID="Car_19144" speed="0.00" length="5.00" type="DEFAULT_CAR"/>
    <instantOut id="235_D11" time="34283.25" state="stay" vehID="Car_19144" speed="0.00" length="5.00" type="DEFAULT_CAR"/>
    <instantOut id="235_D11" time="34283.50" state="stay" vehID="Car_19144" speed="0.00" length="5.00" type="DEFAULT_CAR"/>
    <instantOut id="235_D11" time="34283.75" state="stay" vehID="Car_19144" speed="0.00" length="5.00" type="DEFAULT_CAR"/>
    <instantOut id="235_D11" time="34284.00" state="stay" vehID="Car_19144" speed="0.00" length="5.00" type="DEFAULT_CAR"/>
    <instantOut id="235_D11" time="34284.25" state="stay" vehID="Car_19144" speed="0.00" length="5.00" type="DEFAULT_CAR"/>
    <instantOut id="235_D11" time="34284.50" state="stay" vehID="Car_19144" speed="0.00" length="5.00" type="DEFAULT_CAR"/>
    <instantOut id="235_D11" time="34284.75" state="stay" vehID="Car_19144" speed="0.00" length="5.00" type="DEFAULT_CAR"/>
    <instantOut id="235_D11" time="34285.00" state="stay" vehID="Car_19144" speed="0.00" length="5.00" type="DEFAULT_CAR"/>
    <instantOut id="235_D11" time="34285.25" state="stay" vehID="Car_19144" speed="0.00" length="5.00" type="DEFAULT_CAR"/>
    <instantOut id="235_D11" time="34285.50" state="stay" vehID="Car_19144" speed="0.00" length="5.00" type="DEFAULT_CAR"/>
    <instantOut id="235_D11" time="34285.75" state="stay" vehID="Car_19144" speed="0.00" length="5.00" type="DEFAULT_CAR"/>
    <instantOut id="235_D11" time="34286.00" state="stay" vehID="Car_19144" speed="0.00" length="5.00" type="DEFAULT_CAR"/>
    <instantOut id="235_D11" time="34286.25" state="stay" vehID="Car_19144" speed="0.00" length="5.00" type="DEFAULT_CAR"/>
    <instantOut id="235_D11" time="34286.50" state="stay" vehID="Car_19144" speed="0.00" length="5.00" type="DEFAULT_CAR"/>
    <instantOut id="235_D11" time="34286.75" state="stay" vehID="Car_19144" speed="0.00" length="5.00" type="DEFAULT_CAR"/>
    <instantOut id="235_D11" time="34287.00" state="stay" vehID="Car_19144" speed="0.00" length="5.00" type="DEFAULT_CAR"/>
    <instantOut id="235_D11" time="34287.25" state="stay" vehID="Car_19144" speed="0.00" length="5.00" type="DEFAULT_CAR"/>
    <instantOut id="235_D11" time="34287.50" state="stay" vehID="Car_19144" speed="0.00" length="5.00" type="DEFAULT_CAR"/>
    <instantOut id="235_D11" time="34287.75" state="stay" vehID="Car_19144" speed="0.00" length="5.00" type="DEFAULT_CAR"/>
    <instantOut id="235_D11" time="34288.00" state="stay" vehID="Car_19144" speed="0.00" length="5.00" type="DEFAULT_CAR"/>
    <instantOut id="235_D11" time="34288.25" state="stay" vehID="Car_19144" speed="0.00" length="5.00" type="DEFAULT_CAR"/>
    <instantOut id="235_D11" time="34288.50" state="stay" vehID="Car_19144" speed="0.00" length="5.00" type="DEFAULT_CAR"/>
    <instantOut id="235_D11" time="34288.75" state="stay" vehID="Car_19144" speed="0.00" length="5.00" type="DEFAULT_CAR"/>
    <instantOut id="235_D11" time="34289.00" state="stay" vehID="Car_19144" speed="0.00" length="5.00" type="DEFAULT_CAR"/>
    <instantOut id="235_D11" time="34289.25" state="stay" vehID="Car_19144" speed="0.00" length="5.00" type="DEFAULT_CAR"/>
    <instantOut id="235_D11" time="34289.50" state="stay" vehID="Car_19144" speed="0.00" length="5.00" type="DEFAULT_CAR"/>
    <instantOut id="235_D11" time="34289.75" state="stay" vehID="Car_19144" speed="0.00" length="5.00" type="DEFAULT_CAR"/>
    <instantOut id="235_D11" time="34290.00" state="stay" vehID="Car_19144" speed="0.00" length="5.00" type="DEFAULT_CAR"/>
    <instantOut id="235_D11" time="34290.25" state="stay" vehID="Car_19144" speed="0.00" length="5.00" type="DEFAULT_CAR"/>
    <instantOut id="235_D11" time="34290.50" state="stay" vehID="Car_19144" speed="0.00" length="5.00" type="DEFAULT_CAR"/>
    <instantOut id="235_D11" time="34290.75" state="stay" vehID="Car_19144" speed="0.00" length="5.00" type="DEFAULT_CAR"/>
    <instantOut id="235_D11" time="34291.00" state="stay" vehID="Car_19144" speed="0.00" length="5.00" type="DEFAULT_CAR"/>
    <instantOut id="235_D11" time="34291.25" state="stay" vehID="Car_19144" speed="0.00" length="5.00" type="DEFAULT_CAR"/>
    <instantOut id="235_D11" time="34291.50" state="stay" vehID="Car_19144" speed="0.00" length="5.00" type="DEFAULT_CAR"/>
    <instantOut id="235_D11" time="34291.75" state="stay" vehID="Car_19144" speed="0.00" length="5.00" type="DEFAULT_CAR"/>
    <instantOut id="235_D11" time="34292.00" state="stay" vehID="Car_19144" speed="0.00" length="5.00" type="DEFAULT_CAR"/>
    <instantOut id="235_D11" time="34292.25" state="stay" vehID="Car_19144" speed="0.00" length="5.00" type="DEFAULT_CAR"/>
    <instantOut id="235_D11" time="34292.50" state="stay" vehID="Car_19144" speed="0.00" length="5.00" type="DEFAULT_CAR"/>
    <instantOut id="235_D11" time="34292.75" state="stay" vehID="Car_19144" speed="0.00" length="5.00" type="DEFAULT_CAR"/>
    <instantOut id="235_D11" time="34293.00" state="stay" vehID="Car_19144" speed="0.00" length="5.00" type="DEFAULT_CAR"/>
    <instantOut id="235_D11" time="34293.25" state="stay" vehID="Car_19144" speed="0.00" length="5.00" type="DEFAULT_CAR"/>
    <instantOut id="235_D11" time="34293.50" state="stay" vehID="Car_19144" speed="0.00" length="5.00" type="DEFAULT_CAR"/>
    <instantOut id="235_D11" time="34293.75" state="stay" vehID="Car_19144" speed="0.00" length="5.00" type="DEFAULT_CAR"/>
    <instantOut id="235_D11" time="34294.00" state="stay" vehID="Car_19144" speed="0.00" length="5.00" type="DEFAULT_CAR"/>
    <instantOut id="235_D11" time="34294.25" state="stay" vehID="Car_19144" speed="0.00" length="5.00" type="DEFAULT_CAR"/>
    <instantOut id="235_D11" time="34294.50" state="stay" vehID="Car_19144" speed="0.00" length="5.00" type="DEFAULT_CAR"/>
    <instantOut id="235_D11" time="34294.75" state="stay" vehID="Car_19144" speed="0.00" length="5.00" type="DEFAULT_CAR"/>
    <instantOut id="235_D11" time="34295.00" state="stay" vehID="Car_19144" speed="0.00" length="5.00" type="DEFAULT_CAR"/>
    <instantOut id="235_D11" time="34295.25" state="stay" vehID="Car_19144" speed="0.00" length="5.00" type="DEFAULT_CAR"/>
    <instantOut id="235_D11" time="34295.50" state="stay" vehID="Car_19144" speed="0.00" length="5.00" type="DEFAULT_CAR"/>
    <instantOut id="235_D11" time="34295.75" state="stay" vehID="Car_19144" speed="0.00" length="5.00" type="DEFAULT_CAR"/>
    <instantOut id="235_D11" time="34296.00" state="stay" vehID="Car_19144" speed="0.00" length="5.00" type="DEFAULT_CAR"/>
    <instantOut id="235_D11" time="34296.25" state="stay" vehID="Car_19144" speed="0.00" length="5.00" type="DEFAULT_CAR"/>
    <instantOut id="235_D11" time="34296.50" state="stay" vehID="Car_19144" speed="0.00" length="5.00" type="DEFAULT_CAR"/>
    <instantOut id="235_D11" time="34296.75" state="stay" vehID="Car_19144" speed="0.00" length="5.00" type="DEFAULT_CAR"/>
    <instantOut id="235_D11" time="34297.00" state="stay" vehID="Car_19144" speed="0.00" length="5.00" type="DEFAULT_CAR"/>
    <instantOut id="235_D11" time="34297.25" state="stay" vehID="Car_19144" speed="0.00" length="5.00" type="DEFAULT_CAR"/>
    <instantOut id="235_D11" time="34297.50" state="stay" vehID="Car_19144" speed="0.00" length="5.00" type="DEFAULT_CAR"/>
    <instantOut id="235_D11" time="34297.75" state="stay" vehID="Car_19144" speed="0.00" length="5.00" type="DEFAULT_CAR"/>
    <instantOut id="235_D11" time="34298.00" state="stay" vehID="Car_19144" speed="0.00" length="5.00" type="DEFAULT_CAR"/>
    <instantOut id="235_D11" time="34298.25" state="stay" vehID="Car_19144" speed="0.00" length="5.00" type="DEFAULT_CAR"/>
    <instantOut id="235_D11" time="34298.50" state="stay" vehID="Car_19144" speed="0.00" length="5.00" type="DEFAULT_CAR"/>
    <instantOut id="235_D11" time="34298.75" state="stay" vehID="Car_19144" speed="0.00" length="5.00" type="DEFAULT_CAR"/>
    <instantOut id="235_D11" time="34299.00" state="stay" vehID="Car_19144" speed="0.00" length="5.00" type="DEFAULT_CAR"/>
    <instantOut id="235_D11" time="34299.25" state="stay" vehID="Car_19144" speed="0.00" length="5.00" type="DEFAULT_CAR"/>
    <instantOut id="235_D11" time="34299.50" state="stay" vehID="Car_19144" speed="0.00" length="5.00" type="DEFAULT_CAR"/>
    <instantOut id="235_D11" time="34299.75" state="stay" vehID="Car_19144" speed="0.00" length="5.00" type="DEFAULT_CAR"/>
    <instantOut id="235_D11" time="34300.00" state="stay" vehID="Car_19144" speed="0.00" length="5.00" type="DEFAULT_CAR"/>
    <instantOut id="235_D11" time="34300.25" state="stay" vehID="Car_19144" speed="0.00" length="5.00" type="DEFAULT_CAR"/>
    <instantOut id="235_D11" time="34300.50" state="stay" vehID="Car_19144" speed="0.00" length="5.00" type="DEFAULT_CAR"/>
    <instantOut id="235_D11" time="34300.75" state="stay" vehID="Car_19144" speed="0.00" length="5.00" type="DEFAULT_CAR"/>
    <instantOut id="235_D11" time="34301.00" state="stay" vehID="Car_19144" speed="0.00" length="5.00" type="DEFAULT_CAR"/>
    <instantOut id="235_D11" time="34301.25" state="stay" vehID="Car_19144" speed="0.00" length="5.00" type="DEFAULT_CAR"/>
    <instantOut id="235_D11" time="34301.50" state="stay" vehID="Car_19144" speed="0.00" length="5.00" type="DEFAULT_CAR"/>
    <instantOut id="235_D11" time="34301.75" state="stay" vehID="Car_19144" speed="0.00" length="5.00" type="DEFAULT_CAR"/>
    <instantOut id="235_D11" time="34302.00" state="stay" vehID="Car_19144" speed="0.00" length="5.00" type="DEFAULT_CAR"/>
    <instantOut id="235_D11" time="34302.25" state="stay" vehID="Car_19144" speed="0.00" length="5.00" type="DEFAULT_CAR"/>
    <instantOut id="235_D11" time="34302.50" state="stay" vehID="Car_19144" speed="0.00" length="5.00" type="DEFAULT_CAR"/>
    <instantOut id="235_D11" time="34302.75" state="stay" vehID="Car_19144" speed="0.00" length="5.00" type="DEFAULT_CAR"/>
    <instantOut id="235_D11" time="34303.00" state="stay" vehID="Car_19144" speed="0.00" length="5.00" type="DEFAULT_CAR"/>
    <instantOut id="235_D11" time="34303.25" state="stay" vehID="Car_19144" speed="0.00" length="5.00" type="DEFAULT_CAR"/>
    <instantOut id="235_D11" time="34303.50" state="stay" vehID="Car_19144" speed="0.00" length="5.00" type="DEFAULT_CAR"/>
    <instantOut id="235_D11" time="34303.75" state="stay" vehID="Car_19144" speed="0.93" length="5.00" type="DEFAULT_CAR"/>
    <instantOut id="235_D11" time="34304.00" state="stay" vehID="Car_19144" speed="1.85" length="5.00" type="DEFAULT_CAR"/>
    <instantOut id="235_D11" time="34304.25" state="stay" vehID="Car_19144" speed="2.65" length="5.00" type="DEFAULT_CAR"/>
    <instantOut id="235_D11" time="34304.44" state="leave" vehID="Car_19144" speed="3.42" length="5.00" type="DEFAULT_CAR" occupancy="26.45"/>
    <instantOut id="235_D11" time="34452.96" state="enter" vehID="Car_19143" speed="4.08" length="5.00" type="DEFAULT_CAR" gap="148.52"/>
    <instantOut id="235_D11" time="34453.00" state="stay" vehID="Car_19143" speed="4.08" length="5.00" type="DEFAULT_CAR"/>
    <instantOut id="235_D11" time="34453.25" state="stay" vehID="Car_19143" speed="3.33" length="5.00" type="DEFAULT_CAR"/>
    <instantOut id="235_D11" time="34453.50" state="stay" vehID="Car_19143" speed="2.98" length="5.00" type="DEFAULT_CAR"/>
    <instantOut id="235_D11" time="34453.75" state="stay" vehID="Car_19143" speed="2.36" length="5.00" type="DEFAULT_CAR"/>
    <instantOut id="235_D11" time="34454.00" state="stay" vehID="Car_19143" speed="1.61" length="5.00" type="DEFAULT_CAR"/>
    <instantOut id="235_D11" time="34454.25" state="stay" vehID="Car_19143" speed="0.86" length="5.00" type="DEFAULT_CAR"/>
    <instantOut id="235_D11" time="34454.50" state="stay" vehID="Car_19143" speed="0.12" length="5.00" type="DEFAULT_CAR"/>
    <instantOut id="235_D11" time="34454.75" state="stay" vehID="Car_19143" speed="0.00" length="5.00" type="DEFAULT_CAR"/>
    <instantOut id="235_D11" time="34455.00" state="stay" vehID="Car_19143" speed="0.00" length="5.00" type="DEFAULT_CAR"/>
    <instantOut id="235_D11" time="34455.25" state="stay" vehID="Car_19143" speed="0.00" length="5.00" type="DEFAULT_CAR"/>
    <instantOut id="235_D11" time="34455.50" state="stay" vehID="Car_19143" speed="0.00" length="5.00" type="DEFAULT_CAR"/>
    <instantOut id="235_D11" time="34455.75" state="stay" vehID="Car_19143" speed="0.00" length="5.00" type="DEFAULT_CAR"/>
    <instantOut id="235_D11" time="34456.00" state="stay" vehID="Car_19143" speed="0.00" length="5.00" type="DEFAULT_CAR"/>
    <instantOut id="235_D11" time="34456.25" state="stay" vehID="Car_19143" speed="0.00" length="5.00" type="DEFAULT_CAR"/>
    <instantOut id="235_D11" time="34456.50" state="stay" vehID="Car_19143" speed="0.00" length="5.00" type="DEFAULT_CAR"/>
    <instantOut id="235_D11" time="34456.75" state="stay" vehID="Car_19143" speed="0.00" length="5.00" type="DEFAULT_CAR"/>
    <instantOut id="235_D11" time="34457.00" state="stay" vehID="Car_19143" speed="0.00" length="5.00" type="DEFAULT_CAR"/>
    <instantOut id="235_D11" time="34457.25" state="stay" vehID="Car_19143" speed="0.00" length="5.00" type="DEFAULT_CAR"/>
    <instantOut id="235_D11" time="34457.50" state="stay" vehID="Car_19143" speed="0.00" length="5.00" type="DEFAULT_CAR"/>
    <instantOut id="235_D11" time="34457.75" state="stay" vehID="Car_19143" speed="0.00" length="5.00" type="DEFAULT_CAR"/>
    <instantOut id="235_D11" time="34458.00" state="stay" vehID="Car_19143" speed="0.00" length="5.00" type="DEFAULT_CAR"/>
    <instantOut id="235_D11" time="34458.25" state="stay" vehID="Car_19143" speed="0.00" length="5.00" type="DEFAULT_CAR"/>
    <instantOut id="235_D11" time="34458.50" state="stay" vehID="Car_19143" speed="0.00" length="5.00" type="DEFAULT_CAR"/>
    <instantOut id="235_D11" time="34458.75" state="stay" vehID="Car_19143" speed="0.00" length="5.00" type="DEFAULT_CAR"/>
    <instantOut id="235_D11" time="34459.00" state="stay" vehID="Car_19143" speed="0.00" length="5.00" type="DEFAULT_CAR"/>
    <instantOut id="235_D11" time="34459.25" state="stay" vehID="Car_19143" speed="0.00" length="5.00" type="DEFAULT_CAR"/>
    <instantOut id="235_D11" time="34459.50" state="stay" vehID="Car_19143" speed="0.00" length="5.00" type="DEFAULT_CAR"/>
    <instantOut id="235_D11" time="34459.75" state="stay" vehID="Car_19143" speed="0.00" length="5.00" type="DEFAULT_CAR"/>
    <instantOut id="235_D11" time="34460.00" state="stay" vehID="Car_19143" speed="0.75" length="5.00" type="DEFAULT_CAR"/>
    <instantOut id="235_D11" time="34460.25" state="stay" vehID="Car_19143" speed="1.35" length="5.00" type="DEFAULT_CAR"/>
    <instantOut id="235_D11" time="34460.50" state="stay" vehID="Car_19143" speed="2.25" length="5.00" type="DEFAULT_CAR"/>
    <instantOut id="235_D11" time="34460.75" state="stay" vehID="Car_19143" speed="3.12" length="5.00" type="DEFAULT_CAR"/>
    <instantOut id="235_D11" time="34460.79" state="leave" vehID="Car_19143" speed="3.61" length="5.00" type="DEFAULT_CAR" occupancy="7.83"/>
    <instantOut id="235_D11" time="35863.96" state="enter" vehID="Car_21307" speed="6.20" length="5.00" type="DEFAULT_CAR" gap="1403.17"/>
    <instantOut id="235_D11" time="35864.00" state="stay" vehID="Car_21307" speed="6.20" length="5.00" type="DEFAULT_CAR"/>
    <instantOut id="235_D11" time="35864.25" state="stay" vehID="Car_21307" speed="7.15" length="5.00" type="DEFAULT_CAR"/>
    <instantOut id="235_D11" time="35864.50" state="stay" vehID="Car_21307" speed="8.09" length="5.00" type="DEFAULT_CAR"/>
    <instantOut id="235_D11" time="35864.61" state="leave" vehID="Car_21307" speed="8.76" length="5.00" type="DEFAULT_CAR" occupancy="0.65"/>
    <instantOut id="235_D11" time="38059.91" state="enter" vehID="Car_21306" speed="5.85" length="5.00" type="DEFAULT_CAR" gap="2195.30"/>
    <instantOut id="235_D11" time="38060.00" state="stay" vehID="Car_21306" speed="5.85" length="5.00" type="DEFAULT_CAR"/>
    <instantOut id="235_D11" time="38060.25" state="stay" vehID="Car_21306" speed="6.80" length="5.00" type="DEFAULT_CAR"/>
    <instantOut id="235_D11" time="38060.50" state="stay" vehID="Car_21306" speed="7.42" length="5.00" type="DEFAULT_CAR"/>
    <instantOut id="235_D11" time="38060.61" state="leave" vehID="Car_21306" speed="7.96" length="5.00" type="DEFAULT_CAR" occupancy="0.71"/>
    <instantOut id="235_D11" time="39690.90" state="enter" vehID="Car_23025" speed="6.00" length="5.00" type="DEFAULT_CAR" gap="1630.29"/>
    <instantOut id="235_D11" time="39691.00" state="stay" vehID="Car_23025" speed="6.00" length="5.00" type="DEFAULT_CAR"/>
    <instantOut id="235_D11" time="39691.25" state="stay" vehID="Car_23025" speed="6.95" length="5.00" type="DEFAULT_CAR"/>
    <instantOut id="235_D11" time="39691.50" state="stay" vehID="Car_23025" speed="7.58" length="5.00" type="DEFAULT_CAR"/>
    <instantOut id="235_D11" time="39691.59" state="leave" vehID="Car_23025" speed="8.28" length="5.00" type="DEFAULT_CAR" occupancy="0.69"/>
    <instantOut id="235_D11" time="40698.93" state="enter" vehID="Car_23026" speed="5.96" length="5.00" type="DEFAULT_CAR" gap="1007.33"/>
    <instantOut id="235_D11" time="40699.00" state="stay" vehID="Car_23026" speed="5.96" length="5.00" type="DEFAULT_CAR"/>
    <instantOut id="235_D11" time="40699.25" state="stay" vehID="Car_23026" speed="6.91" length="5.00" type="DEFAULT_CAR"/>
    <instantOut id="235_D11" time="40699.50" state="stay" vehID="Car_23026" speed="7.41" length="5.00" type="DEFAULT_CAR"/>
    <instantOut id="235_D11" time="40699.62" state="leave" vehID="Car_23026" speed="8.07" length="5.00" type="DEFAULT_CAR" occupancy="0.70"/>
</instantE1>
