<?xml version="1.0" encoding="UTF-8"?>

<!-- generated on 2025-02-28 18:38:09 by Eclipse SUMO GUI Version 1.19.0
<configuration xmlns:xsi="http://www.w3.org/2001/XMLSchema-instance" xsi:noNamespaceSchemaLocation="http://sumo.dlr.de/xsd/sumoConfiguration.xsd">

    <input>
        <net-file value="Network.net.xml"/>
        <route-files value="CarRoutes.rou.xml"/>
        <additional-files value="Sensors.add.xml"/>
    </input>

    <output>
        <emission-output value="logs/Emissions.xml"/>
        <summary-output value="logs/Log_summary.xml"/>
        <summary-output.period value="300"/>
        <tripinfo-output value="logs/TripInfos.xml"/>
    </output>

    <time>
        <begin value="0"/>
        <end value="86400"/>
        <step-length value="0.25"/>
    </time>

    <processing>
        <ignore-junction-blocker value="0.1"/>
        <time-to-teleport value="-1"/>
    </processing>

    <report>
        <verbose value="true"/>
        <no-step-log value="true"/>
    </report>

    <emissions>
        <device.emissions.period value="10"/>
    </emissions>

    <traci_server>
        <remote-port value="58894"/>
    </traci_server>

    <gui_only>
        <quit-on-end value="true"/>
        <start value="true"/>
    </gui_only>

</configuration>
-->

<instantE1 xmlns:xsi="http://www.w3.org/2001/XMLSchema-instance" xsi:noNamespaceSchemaLocation="http://sumo.dlr.de/xsd/instant_e1_file.xsd">
    <instantOut id="235_D025" time="66.21" state="enter" vehID="Car_401" speed="9.49" length="5.00" type="DEFAULT_CAR"/>
    <instantOut id="235_D025" time="66.25" state="stay" vehID="Car_401" speed="9.49" length="5.00" type="DEFAULT_CAR"/>
    <instantOut id="235_D025" time="66.50" state="stay" vehID="Car_401" speed="8.74" length="5.00" type="DEFAULT_CAR"/>
    <instantOut id="235_D025" time="66.75" state="stay" vehID="Car_401" speed="7.99" length="5.00" type="DEFAULT_CAR"/>
    <instantOut id="235_D025" time="66.81" state="leave" vehID="Car_401" speed="7.24" length="5.00" type="DEFAULT_CAR" occupancy="0.60"/>
    <instantOut id="235_D025" time="206.67" state="enter" vehID="Car_701" speed="8.80" length="5.00" type="DEFAULT_CAR" gap="139.85"/>
    <instantOut id="235_D025" time="206.75" state="stay" vehID="Car_701" speed="8.80" length="5.00" type="DEFAULT_CAR"/>
    <instantOut id="235_D025" time="207.00" state="stay" vehID="Car_701" speed="8.05" length="5.00" type="DEFAULT_CAR"/>
    <instantOut id="235_D025" time="207.25" state="stay" vehID="Car_701" speed="7.30" length="5.00" type="DEFAULT_CAR"/>
    <instantOut id="235_D025" time="207.32" state="leave" vehID="Car_701" speed="6.55" length="5.00" type="DEFAULT_CAR" occupancy="0.65"/>
    <instantOut id="235_D025" time="2624.49" state="enter" vehID="Car_1809" speed="9.11" length="5.00" type="DEFAULT_CAR" gap="2417.17"/>
    <instantOut id="235_D025" time="2624.50" state="stay" vehID="Car_1809" speed="9.11" length="5.00" type="DEFAULT_CAR"/>
    <instantOut id="235_D025" time="2624.75" state="stay" vehID="Car_1809" speed="8.37" length="5.00" type="DEFAULT_CAR"/>
    <instantOut id="235_D025" time="2625.00" state="stay" vehID="Car_1809" speed="7.66" length="5.00" type="DEFAULT_CAR"/>
    <instantOut id="235_D025" time="2625.12" state="leave" vehID="Car_1809" speed="7.18" length="5.00" type="DEFAULT_CAR" occupancy="0.63"/>
    <instantOut id="235_D025" time="6858.96" state="enter" vehID="Car_3965" speed="8.95" length="5.00" type="DEFAULT_CAR" gap="4233.84"/>
    <instantOut id="235_D025" time="6859.00" state="stay" vehID="Car_3965" speed="8.95" length="5.00" type="DEFAULT_CAR"/>
    <instantOut id="235_D025" time="6859.25" state="stay" vehID="Car_3965" speed="8.20" length="5.00" type="DEFAULT_CAR"/>
    <instantOut id="235_D025" time="6859.50" state="stay" vehID="Car_3965" speed="7.45" length="5.00" type="DEFAULT_CAR"/>
    <instantOut id="235_D025" time="6859.61" state="leave" vehID="Car_3965" speed="6.70" length="5.00" type="DEFAULT_CAR" occupancy="0.65"/>
    <instantOut id="235_D025" time="11616.94" state="enter" vehID="Car_5613" speed="9.82" length="5.00" type="DEFAULT_CAR" gap="4757.33"/>
    <instantOut id="235_D025" time="11617.00" state="stay" vehID="Car_5613" speed="9.82" length="5.00" type="DEFAULT_CAR"/>
    <instantOut id="235_D025" time="11617.25" state="stay" vehID="Car_5613" speed="9.33" length="5.00" type="DEFAULT_CAR"/>
    <instantOut id="235_D025" time="11617.50" state="leave" vehID="Car_5613" speed="8.58" length="5.00" type="DEFAULT_CAR" occupancy="0.55"/>
    <instantOut id="235_D025" time="12002.47" state="enter" vehID="Car_6553" speed="9.13" length="5.00" type="DEFAULT_CAR" gap="384.98"/>
    <instantOut id="235_D025" time="12002.50" state="stay" vehID="Car_6553" speed="9.13" length="5.00" type="DEFAULT_CAR"/>
    <instantOut id="235_D025" time="12002.75" state="stay" vehID="Car_6553" speed="8.57" length="5.00" type="DEFAULT_CAR"/>
    <instantOut id="235_D025" time="12003.00" state="stay" vehID="Car_6553" speed="7.82" length="5.00" type="DEFAULT_CAR"/>
    <instantOut id="235_D025" time="12003.09" state="leave" vehID="Car_6553" speed="7.07" length="5.00" type="DEFAULT_CAR" occupancy="0.62"/>
    <instantOut id="235_D025" time="14975.45" state="enter" vehID="Car_7925" speed="9.67" length="5.00" type="DEFAULT_CAR" gap="2972.36"/>
    <instantOut id="235_D025" time="14975.50" state="stay" vehID="Car_7925" speed="9.67" length="5.00" type="DEFAULT_CAR"/>
    <instantOut id="235_D025" time="14975.75" state="stay" vehID="Car_7925" speed="9.83" length="5.00" type="DEFAULT_CAR"/>
    <instantOut id="235_D025" time="14975.98" state="leave" vehID="Car_7925" speed="9.08" length="5.00" type="DEFAULT_CAR" occupancy="0.53"/>
    <instantOut id="235_D025" time="15552.55" state="enter" vehID="Car_9171" speed="7.26" length="5.00" type="DEFAULT_CAR" gap="576.58"/>
    <instantOut id="235_D025" time="15552.75" state="stay" vehID="Car_9171" speed="7.26" length="5.00" type="DEFAULT_CAR"/>
    <instantOut id="235_D025" time="15553.00" state="stay" vehID="Car_9171" speed="6.51" length="5.00" type="DEFAULT_CAR"/>
    <instantOut id="235_D025" time="15553.25" state="stay" vehID="Car_9171" speed="5.76" length="5.00" type="DEFAULT_CAR"/>
    <instantOut id="235_D025" time="15553.35" state="leave" vehID="Car_9171" speed="5.01" length="5.00" type="DEFAULT_CAR" occupancy="0.80"/>
    <instantOut id="235_D025" time="15705.52" state="enter" vehID="Car_9165" speed="8.05" length="5.00" type="DEFAULT_CAR" gap="152.17"/>
    <instantOut id="235_D025" time="15705.75" state="stay" vehID="Car_9165" speed="8.05" length="5.00" type="DEFAULT_CAR"/>
    <instantOut id="235_D025" time="15706.00" state="stay" vehID="Car_9165" speed="7.34" length="5.00" type="DEFAULT_CAR"/>
    <instantOut id="235_D025" time="15706.21" state="leave" vehID="Car_9165" speed="6.59" length="5.00" type="DEFAULT_CAR" occupancy="0.68"/>
    <instantOut id="235_D025" time="18040.00" state="enter" vehID="Car_11631" speed="8.64" length="5.00" type="DEFAULT_CAR" gap="2333.79"/>
    <instantOut id="235_D025" time="18040.00" state="stay" vehID="Car_11631" speed="8.64" length="5.00" type="DEFAULT_CAR"/>
    <instantOut id="235_D025" time="18040.25" state="stay" vehID="Car_11631" speed="8.13" length="5.00" type="DEFAULT_CAR"/>
    <instantOut id="235_D025" time="18040.50" state="stay" vehID="Car_11631" speed="7.73" length="5.00" type="DEFAULT_CAR"/>
    <instantOut id="235_D025" time="18040.64" state="leave" vehID="Car_11631" speed="6.98" length="5.00" type="DEFAULT_CAR" occupancy="0.65"/>
    <instantOut id="235_D025" time="18103.72" state="enter" vehID="Car_9611" speed="9.31" length="5.00" type="DEFAULT_CAR" gap="63.08"/>
    <instantOut id="235_D025" time="18103.75" state="stay" vehID="Car_9611" speed="9.31" length="5.00" type="DEFAULT_CAR"/>
    <instantOut id="235_D025" time="18104.00" state="stay" vehID="Car_9611" speed="8.56" length="5.00" type="DEFAULT_CAR"/>
    <instantOut id="235_D025" time="18104.25" state="stay" vehID="Car_9611" speed="7.97" length="5.00" type="DEFAULT_CAR"/>
    <instantOut id="235_D025" time="18104.33" state="leave" vehID="Car_9611" speed="7.22" length="5.00" type="DEFAULT_CAR" occupancy="0.61"/>
    <instantOut id="235_D025" time="19630.41" state="enter" vehID="Car_9817" speed="6.48" length="5.00" type="DEFAULT_CAR" gap="1526.07"/>
    <instantOut id="235_D025" time="19630.50" state="stay" vehID="Car_9817" speed="6.48" length="5.00" type="DEFAULT_CAR"/>
    <instantOut id="235_D025" time="19630.75" state="stay" vehID="Car_9817" speed="6.13" length="5.00" type="DEFAULT_CAR"/>
    <instantOut id="235_D025" time="19631.00" state="stay" vehID="Car_9817" speed="5.38" length="5.00" type="DEFAULT_CAR"/>
    <instantOut id="235_D025" time="19631.25" state="stay" vehID="Car_9817" speed="4.88" length="5.00" type="DEFAULT_CAR"/>
    <instantOut id="235_D025" time="19631.32" state="leave" vehID="Car_9817" speed="4.13" length="5.00" type="DEFAULT_CAR" occupancy="0.92"/>
    <instantOut id="235_D025" time="19917.30" state="enter" vehID="Car_9840" speed="7.16" length="5.00" type="DEFAULT_CAR" gap="285.98"/>
    <instantOut id="235_D025" time="19917.50" state="stay" vehID="Car_9840" speed="7.16" length="5.00" type="DEFAULT_CAR"/>
    <instantOut id="235_D025" time="19917.75" state="stay" vehID="Car_9840" speed="6.49" length="5.00" type="DEFAULT_CAR"/>
    <instantOut id="235_D025" time="19918.00" state="stay" vehID="Car_9840" speed="5.74" length="5.00" type="DEFAULT_CAR"/>
    <instantOut id="235_D025" time="19918.10" state="leave" vehID="Car_9840" speed="4.99" length="5.00" type="DEFAULT_CAR" occupancy="0.80"/>
    <instantOut id="235_D025" time="21113.01" state="enter" vehID="Car_12473" speed="6.62" length="5.00" type="DEFAULT_CAR" gap="1194.91"/>
    <instantOut id="235_D025" time="21113.25" state="stay" vehID="Car_12473" speed="6.62" length="5.00" type="DEFAULT_CAR"/>
    <instantOut id="235_D025" time="21113.50" state="stay" vehID="Car_12473" speed="6.18" length="5.00" type="DEFAULT_CAR"/>
    <instantOut id="235_D025" time="21113.75" state="stay" vehID="Car_12473" speed="5.43" length="5.00" type="DEFAULT_CAR"/>
    <instantOut id="235_D025" time="21113.85" state="leave" vehID="Car_12473" speed="4.73" length="5.00" type="DEFAULT_CAR" occupancy="0.85"/>
    <instantOut id="235_D025" time="22995.51" state="enter" vehID="Car_12596" speed="8.30" length="5.00" type="DEFAULT_CAR" gap="1881.66"/>
    <instantOut id="235_D025" time="22995.75" state="stay" vehID="Car_12596" speed="8.30" length="5.00" type="DEFAULT_CAR"/>
    <instantOut id="235_D025" time="22996.00" state="stay" vehID="Car_12596" speed="7.55" length="5.00" type="DEFAULT_CAR"/>
    <instantOut id="235_D025" time="22996.17" state="leave" vehID="Car_12596" speed="6.81" length="5.00" type="DEFAULT_CAR" occupancy="0.66"/>
    <instantOut id="235_D025" time="24346.00" state="enter" vehID="Car_15484" speed="8.61" length="5.00" type="DEFAULT_CAR" gap="1349.83"/>
    <instantOut id="235_D025" time="24346.00" state="stay" vehID="Car_15484" speed="8.61" length="5.00" type="DEFAULT_CAR"/>
    <instantOut id="235_D025" time="24346.25" state="stay" vehID="Car_15484" speed="7.93" length="5.00" type="DEFAULT_CAR"/>
    <instantOut id="235_D025" time="24346.50" state="stay" vehID="Car_15484" speed="7.50" length="5.00" type="DEFAULT_CAR"/>
    <instantOut id="235_D025" time="24346.67" state="leave" vehID="Car_15484" speed="6.75" length="5.00" type="DEFAULT_CAR" occupancy="0.67"/>
    <instantOut id="235_D025" time="27561.94" state="enter" vehID="Car_16129" speed="10.48" length="5.00" type="DEFAULT_CAR" gap="3215.28"/>
    <instantOut id="235_D025" time="27562.00" state="stay" vehID="Car_16129" speed="10.48" length="5.00" type="DEFAULT_CAR"/>
    <instantOut id="235_D025" time="27562.25" state="stay" vehID="Car_16129" speed="10.66" length="5.00" type="DEFAULT_CAR"/>
    <instantOut id="235_D025" time="27562.43" state="leave" vehID="Car_16129" speed="9.91" length="5.00" type="DEFAULT_CAR" occupancy="0.48"/>
    <instantOut id="235_D025" time="27751.66" state="enter" vehID="Car_15943" speed="8.16" length="5.00" type="DEFAULT_CAR" gap="189.24"/>
    <instantOut id="235_D025" time="27751.75" state="stay" vehID="Car_15943" speed="8.16" length="5.00" type="DEFAULT_CAR"/>
    <instantOut id="235_D025" time="27752.00" state="stay" vehID="Car_15943" speed="7.41" length="5.00" type="DEFAULT_CAR"/>
    <instantOut id="235_D025" time="27752.25" state="stay" vehID="Car_15943" speed="6.66" length="5.00" type="DEFAULT_CAR"/>
    <instantOut id="235_D025" time="27752.38" state="leave" vehID="Car_15943" speed="6.03" length="5.00" type="DEFAULT_CAR" occupancy="0.71"/>
    <instantOut id="235_D025" time="29174.75" state="enter" vehID="Car_17285" speed="9.43" length="5.00" type="DEFAULT_CAR" gap="1422.37"/>
    <instantOut id="235_D025" time="29174.75" state="stay" vehID="Car_17285" speed="9.43" length="5.00" type="DEFAULT_CAR"/>
    <instantOut id="235_D025" time="29175.00" state="stay" vehID="Car_17285" speed="9.09" length="5.00" type="DEFAULT_CAR"/>
    <instantOut id="235_D025" time="29175.25" state="stay" vehID="Car_17285" speed="8.34" length="5.00" type="DEFAULT_CAR"/>
    <instantOut id="235_D025" time="29175.33" state="leave" vehID="Car_17285" speed="7.59" length="5.00" type="DEFAULT_CAR" occupancy="0.58"/>
    <instantOut id="235_D025" time="30306.05" state="enter" vehID="Car_16954" speed="8.63" length="5.00" type="DEFAULT_CAR" gap="1130.72"/>
    <instantOut id="235_D025" time="30306.25" state="stay" vehID="Car_16954" speed="8.63" length="5.00" type="DEFAULT_CAR"/>
    <instantOut id="235_D025" time="30306.50" state="stay" vehID="Car_16954" speed="7.88" length="5.00" type="DEFAULT_CAR"/>
    <instantOut id="235_D025" time="30306.68" state="leave" vehID="Car_16954" speed="7.13" length="5.00" type="DEFAULT_CAR" occupancy="0.63"/>
    <instantOut id="235_D025" time="31726.54" state="enter" vehID="Car_19774" speed="7.73" length="5.00" type="DEFAULT_CAR" gap="1419.85"/>
    <instantOut id="235_D025" time="31726.75" state="stay" vehID="Car_19774" speed="7.73" length="5.00" type="DEFAULT_CAR"/>
    <instantOut id="235_D025" time="31727.00" state="stay" vehID="Car_19774" speed="8.58" length="5.00" type="DEFAULT_CAR"/>
    <instantOut id="235_D025" time="31727.13" state="leave" vehID="Car_19774" speed="9.09" length="5.00" type="DEFAULT_CAR" occupancy="0.60"/>
    <instantOut id="235_D025" time="32431.00" state="enter" vehID="Car_19834" speed="8.79" length="5.00" type="DEFAULT_CAR" gap="703.87"/>
    <instantOut id="235_D025" time="32431.25" state="stay" vehID="Car_19834" speed="8.79" length="5.00" type="DEFAULT_CAR"/>
    <instantOut id="235_D025" time="32431.50" state="stay" vehID="Car_19834" speed="8.20" length="5.00" type="DEFAULT_CAR"/>
    <instantOut id="235_D025" time="32431.61" state="leave" vehID="Car_19834" speed="7.45" length="5.00" type="DEFAULT_CAR" occupancy="0.60"/>
    <instantOut id="235_D025" time="32712.97" state="enter" vehID="Car_19835" speed="9.64" length="5.00" type="DEFAULT_CAR" gap="281.36"/>
    <instantOut id="235_D025" time="32713.00" state="stay" vehID="Car_19835" speed="9.64" length="5.00" type="DEFAULT_CAR"/>
    <instantOut id="235_D025" time="32713.25" state="stay" vehID="Car_19835" speed="8.89" length="5.00" type="DEFAULT_CAR"/>
    <instantOut id="235_D025" time="32713.50" state="stay" vehID="Car_19835" speed="8.14" length="5.00" type="DEFAULT_CAR"/>
    <instantOut id="235_D025" time="32713.56" state="leave" vehID="Car_19835" speed="7.39" length="5.00" type="DEFAULT_CAR" occupancy="0.59"/>
    <instantOut id="235_D025" time="35232.75" state="enter" vehID="Car_21423" speed="8.55" length="5.00" type="DEFAULT_CAR" gap="2519.19"/>
    <instantOut id="235_D025" time="35232.75" state="stay" vehID="Car_21423" speed="8.55" length="5.00" type="DEFAULT_CAR"/>
    <instantOut id="235_D025" time="35233.00" state="stay" vehID="Car_21423" speed="7.80" length="5.00" type="DEFAULT_CAR"/>
    <instantOut id="235_D025" time="35233.25" state="stay" vehID="Car_21423" speed="7.05" length="5.00" type="DEFAULT_CAR"/>
    <instantOut id="235_D025" time="35233.45" state="leave" vehID="Car_21423" speed="6.30" length="5.00" type="DEFAULT_CAR" occupancy="0.70"/>
    <instantOut id="235_D025" time="36586.06" state="enter" vehID="Car_21553" speed="7.09" length="5.00" type="DEFAULT_CAR" gap="1352.61"/>
    <instantOut id="235_D025" time="36586.25" state="stay" vehID="Car_21553" speed="7.09" length="5.00" type="DEFAULT_CAR"/>
    <instantOut id="235_D025" time="36586.50" state="stay" vehID="Car_21553" speed="6.93" length="5.00" type="DEFAULT_CAR"/>
    <instantOut id="235_D025" time="36586.75" state="stay" vehID="Car_21553" speed="6.27" length="5.00" type="DEFAULT_CAR"/>
    <instantOut id="235_D025" time="36586.82" state="leave" vehID="Car_21553" speed="5.52" length="5.00" type="DEFAULT_CAR" occupancy="0.75"/>
    <instantOut id="235_D025" time="38039.74" state="enter" vehID="Car_20811" speed="9.11" length="5.00" type="DEFAULT_CAR" gap="1452.93"/>
    <instantOut id="235_D025" time="38039.75" state="stay" vehID="Car_20811" speed="9.11" length="5.00" type="DEFAULT_CAR"/>
    <instantOut id="235_D025" time="38040.00" state="stay" vehID="Car_20811" speed="8.36" length="5.00" type="DEFAULT_CAR"/>
    <instantOut id="235_D025" time="38040.25" state="stay" vehID="Car_20811" speed="7.61" length="5.00" type="DEFAULT_CAR"/>
    <instantOut id="235_D025" time="38040.39" state="leave" vehID="Car_20811" speed="6.88" length="5.00" type="DEFAULT_CAR" occupancy="0.64"/>
    <instantOut id="235_D025" time="42871.72" state="enter" vehID="Car_24509" speed="8.83" length="5.00" type="DEFAULT_CAR" gap="4831.34"/>
    <instantOut id="235_D025" time="42871.75" state="stay" vehID="Car_24509" speed="8.83" length="5.00" type="DEFAULT_CAR"/>
    <instantOut id="235_D025" time="42872.00" state="stay" vehID="Car_24509" speed="8.31" length="5.00" type="DEFAULT_CAR"/>
    <instantOut id="235_D025" time="42872.25" state="stay" vehID="Car_24509" speed="7.56" length="5.00" type="DEFAULT_CAR"/>
    <instantOut id="235_D025" time="42872.37" state="leave" vehID="Car_24509" speed="6.81" length="5.00" type="DEFAULT_CAR" occupancy="0.64"/>
    <instantOut id="235_D025" time="44701.17" state="enter" vehID="Car_24879" speed="8.96" length="5.00" type="DEFAULT_CAR" gap="1828.81"/>
    <instantOut id="235_D025" time="44701.25" state="stay" vehID="Car_24879" speed="8.96" length="5.00" type="DEFAULT_CAR"/>
    <instantOut id="235_D025" time="44701.50" state="stay" vehID="Car_24879" speed="8.24" length="5.00" type="DEFAULT_CAR"/>
    <instantOut id="235_D025" time="44701.75" state="stay" vehID="Car_24879" speed="7.49" length="5.00" type="DEFAULT_CAR"/>
    <instantOut id="235_D025" time="44701.80" state="leave" vehID="Car_24879" speed="6.74" length="5.00" type="DEFAULT_CAR" occupancy="0.63"/>
    <instantOut id="235_D025" time="45756.64" state="enter" vehID="Car_24771" speed="7.97" length="5.00" type="DEFAULT_CAR" gap="1054.83"/>
    <instantOut id="235_D025" time="45756.75" state="stay" vehID="Car_24771" speed="7.97" length="5.00" type="DEFAULT_CAR"/>
    <instantOut id="235_D025" time="45757.00" state="stay" vehID="Car_24771" speed="7.22" length="5.00" type="DEFAULT_CAR"/>
    <instantOut id="235_D025" time="45757.25" state="stay" vehID="Car_24771" speed="6.47" length="5.00" type="DEFAULT_CAR"/>
    <instantOut id="235_D025" time="45757.37" state="leave" vehID="Car_24771" speed="5.74" length="5.00" type="DEFAULT_CAR" occupancy="0.73"/>
</instantE1>
