<?xml version="1.0" encoding="UTF-8"?>

<!-- generated on 2025-02-25 15:50:15 by Eclipse SUMO GUI Version 1.19.0
<configuration xmlns:xsi="http://www.w3.org/2001/XMLSchema-instance" xsi:noNamespaceSchemaLocation="http://sumo.dlr.de/xsd/sumoConfiguration.xsd">

    <input>
        <net-file value="Network.net.xml"/>
        <route-files value="CarRoutes.rou.xml"/>
        <additional-files value="Sensors.add.xml"/>
    </input>

    <output>
        <emission-output value="logs/Emissions.xml"/>
        <summary-output value="logs/Log_summary.xml"/>
        <summary-output.period value="300"/>
        <tripinfo-output value="logs/TripInfos.xml"/>
    </output>

    <time>
        <begin value="0"/>
        <end value="86400"/>
        <step-length value="0.25"/>
    </time>

    <processing>
        <ignore-junction-blocker value="0.1"/>
        <time-to-teleport value="-1"/>
    </processing>

    <report>
        <verbose value="true"/>
        <no-step-log value="true"/>
    </report>

    <emissions>
        <device.emissions.period value="10"/>
    </emissions>

    <traci_server>
        <remote-port value="57938"/>
    </traci_server>

    <gui_only>
        <quit-on-end value="true"/>
        <start value="true"/>
    </gui_only>

</configuration>
-->

<instantE1 xmlns:xsi="http://www.w3.org/2001/XMLSchema-instance" xsi:noNamespaceSchemaLocation="http://sumo.dlr.de/xsd/instant_e1_file.xsd">
    <instantOut id="235_D025" time="1987.72" state="enter" vehID="Car_1118" speed="9.45" length="5.00" type="DEFAULT_CAR"/>
    <instantOut id="235_D025" time="1987.75" state="stay" vehID="Car_1118" speed="9.45" length="5.00" type="DEFAULT_CAR"/>
    <instantOut id="235_D025" time="1988.00" state="stay" vehID="Car_1118" speed="9.82" length="5.00" type="DEFAULT_CAR"/>
    <instantOut id="235_D025" time="1988.25" state="stay" vehID="Car_1118" speed="9.07" length="5.00" type="DEFAULT_CAR"/>
    <instantOut id="235_D025" time="1988.25" state="leave" vehID="Car_1118" speed="8.34" length="5.00" type="DEFAULT_CAR" occupancy="0.53"/>
    <instantOut id="235_D025" time="2516.46" state="enter" vehID="Car_1156" speed="9.51" length="5.00" type="DEFAULT_CAR" gap="528.20"/>
    <instantOut id="235_D025" time="2516.50" state="stay" vehID="Car_1156" speed="9.51" length="5.00" type="DEFAULT_CAR"/>
    <instantOut id="235_D025" time="2516.75" state="stay" vehID="Car_1156" speed="8.76" length="5.00" type="DEFAULT_CAR"/>
    <instantOut id="235_D025" time="2517.00" state="stay" vehID="Car_1156" speed="8.11" length="5.00" type="DEFAULT_CAR"/>
    <instantOut id="235_D025" time="2517.05" state="leave" vehID="Car_1156" speed="7.36" length="5.00" type="DEFAULT_CAR" occupancy="0.59"/>
    <instantOut id="235_D025" time="3577.74" state="enter" vehID="Car_2215" speed="8.53" length="5.00" type="DEFAULT_CAR" gap="1060.69"/>
    <instantOut id="235_D025" time="3577.75" state="stay" vehID="Car_2215" speed="8.53" length="5.00" type="DEFAULT_CAR"/>
    <instantOut id="235_D025" time="3578.00" state="stay" vehID="Car_2215" speed="8.05" length="5.00" type="DEFAULT_CAR"/>
    <instantOut id="235_D025" time="3578.25" state="stay" vehID="Car_2215" speed="7.30" length="5.00" type="DEFAULT_CAR"/>
    <instantOut id="235_D025" time="3578.42" state="leave" vehID="Car_2215" speed="6.55" length="5.00" type="DEFAULT_CAR" occupancy="0.67"/>
    <instantOut id="235_D025" time="7932.72" state="enter" vehID="Car_4048" speed="9.00" length="5.00" type="DEFAULT_CAR" gap="4354.31"/>
    <instantOut id="235_D025" time="7932.75" state="stay" vehID="Car_4048" speed="9.00" length="5.00" type="DEFAULT_CAR"/>
    <instantOut id="235_D025" time="7933.00" state="stay" vehID="Car_4048" speed="8.25" length="5.00" type="DEFAULT_CAR"/>
    <instantOut id="235_D025" time="7933.25" state="stay" vehID="Car_4048" speed="7.50" length="5.00" type="DEFAULT_CAR"/>
    <instantOut id="235_D025" time="7933.37" state="leave" vehID="Car_4048" speed="6.75" length="5.00" type="DEFAULT_CAR" occupancy="0.65"/>
    <instantOut id="235_D025" time="11120.74" state="enter" vehID="Car_5957" speed="9.02" length="5.00" type="DEFAULT_CAR" gap="3187.36"/>
    <instantOut id="235_D025" time="11120.75" state="stay" vehID="Car_5957" speed="9.02" length="5.00" type="DEFAULT_CAR"/>
    <instantOut id="235_D025" time="11121.00" state="stay" vehID="Car_5957" speed="8.27" length="5.00" type="DEFAULT_CAR"/>
    <instantOut id="235_D025" time="11121.25" state="stay" vehID="Car_5957" speed="7.52" length="5.00" type="DEFAULT_CAR"/>
    <instantOut id="235_D025" time="11121.39" state="leave" vehID="Car_5957" speed="6.77" length="5.00" type="DEFAULT_CAR" occupancy="0.65"/>
    <instantOut id="235_D025" time="11954.71" state="enter" vehID="Car_6484" speed="10.13" length="5.00" type="DEFAULT_CAR" gap="833.33"/>
    <instantOut id="235_D025" time="11954.75" state="stay" vehID="Car_6484" speed="10.13" length="5.00" type="DEFAULT_CAR"/>
    <instantOut id="235_D025" time="11955.00" state="stay" vehID="Car_6484" speed="10.74" length="5.00" type="DEFAULT_CAR"/>
    <instantOut id="235_D025" time="11955.19" state="leave" vehID="Car_6484" speed="9.99" length="5.00" type="DEFAULT_CAR" occupancy="0.48"/>
    <instantOut id="235_D025" time="12874.18" state="enter" vehID="Car_6931" speed="8.35" length="5.00" type="DEFAULT_CAR" gap="918.99"/>
    <instantOut id="235_D025" time="12874.25" state="stay" vehID="Car_6931" speed="8.35" length="5.00" type="DEFAULT_CAR"/>
    <instantOut id="235_D025" time="12874.50" state="stay" vehID="Car_6931" speed="7.60" length="5.00" type="DEFAULT_CAR"/>
    <instantOut id="235_D025" time="12874.75" state="stay" vehID="Car_6931" speed="6.98" length="5.00" type="DEFAULT_CAR"/>
    <instantOut id="235_D025" time="12874.88" state="leave" vehID="Car_6931" speed="6.24" length="5.00" type="DEFAULT_CAR" occupancy="0.69"/>
    <instantOut id="235_D025" time="14242.97" state="enter" vehID="Car_7715" speed="8.42" length="5.00" type="DEFAULT_CAR" gap="1368.10"/>
    <instantOut id="235_D025" time="14243.00" state="stay" vehID="Car_7715" speed="8.42" length="5.00" type="DEFAULT_CAR"/>
    <instantOut id="235_D025" time="14243.25" state="stay" vehID="Car_7715" speed="7.69" length="5.00" type="DEFAULT_CAR"/>
    <instantOut id="235_D025" time="14243.50" state="stay" vehID="Car_7715" speed="6.94" length="5.00" type="DEFAULT_CAR"/>
    <instantOut id="235_D025" time="14243.68" state="leave" vehID="Car_7715" speed="6.19" length="5.00" type="DEFAULT_CAR" occupancy="0.71"/>
    <instantOut id="235_D025" time="14970.56" state="enter" vehID="Car_7987" speed="9.44" length="5.00" type="DEFAULT_CAR" gap="726.88"/>
    <instantOut id="235_D025" time="14970.75" state="stay" vehID="Car_7987" speed="9.44" length="5.00" type="DEFAULT_CAR"/>
    <instantOut id="235_D025" time="14971.00" state="stay" vehID="Car_7987" speed="8.69" length="5.00" type="DEFAULT_CAR"/>
    <instantOut id="235_D025" time="14971.13" state="leave" vehID="Car_7987" speed="7.94" length="5.00" type="DEFAULT_CAR" occupancy="0.57"/>
    <instantOut id="235_D025" time="16974.23" state="enter" vehID="Car_9603" speed="8.49" length="5.00" type="DEFAULT_CAR" gap="2003.10"/>
    <instantOut id="235_D025" time="16974.25" state="stay" vehID="Car_9603" speed="8.49" length="5.00" type="DEFAULT_CAR"/>
    <instantOut id="235_D025" time="16974.50" state="stay" vehID="Car_9603" speed="7.96" length="5.00" type="DEFAULT_CAR"/>
    <instantOut id="235_D025" time="16974.75" state="stay" vehID="Car_9603" speed="7.25" length="5.00" type="DEFAULT_CAR"/>
    <instantOut id="235_D025" time="16974.91" state="leave" vehID="Car_9603" speed="6.50" length="5.00" type="DEFAULT_CAR" occupancy="0.68"/>
    <instantOut id="235_D025" time="18197.55" state="enter" vehID="Car_10231" speed="7.25" length="5.00" type="DEFAULT_CAR" gap="1222.64"/>
    <instantOut id="235_D025" time="18197.75" state="stay" vehID="Car_10231" speed="7.25" length="5.00" type="DEFAULT_CAR"/>
    <instantOut id="235_D025" time="18198.00" state="stay" vehID="Car_10231" speed="6.50" length="5.00" type="DEFAULT_CAR"/>
    <instantOut id="235_D025" time="18198.25" state="stay" vehID="Car_10231" speed="5.75" length="5.00" type="DEFAULT_CAR"/>
    <instantOut id="235_D025" time="18198.34" state="leave" vehID="Car_10231" speed="5.00" length="5.00" type="DEFAULT_CAR" occupancy="0.80"/>
    <instantOut id="235_D025" time="18641.23" state="enter" vehID="Car_10226" speed="7.71" length="5.00" type="DEFAULT_CAR" gap="442.88"/>
    <instantOut id="235_D025" time="18641.25" state="stay" vehID="Car_10226" speed="7.71" length="5.00" type="DEFAULT_CAR"/>
    <instantOut id="235_D025" time="18641.50" state="stay" vehID="Car_10226" speed="6.96" length="5.00" type="DEFAULT_CAR"/>
    <instantOut id="235_D025" time="18641.75" state="stay" vehID="Car_10226" speed="6.35" length="5.00" type="DEFAULT_CAR"/>
    <instantOut id="235_D025" time="18642.00" state="stay" vehID="Car_10226" speed="5.60" length="5.00" type="DEFAULT_CAR"/>
    <instantOut id="235_D025" time="18642.02" state="leave" vehID="Car_10226" speed="4.85" length="5.00" type="DEFAULT_CAR" occupancy="0.79"/>
    <instantOut id="235_D025" time="18735.75" state="enter" vehID="Car_10225" speed="8.49" length="5.00" type="DEFAULT_CAR" gap="93.73"/>
    <instantOut id="235_D025" time="18736.00" state="stay" vehID="Car_10225" speed="8.49" length="5.00" type="DEFAULT_CAR"/>
    <instantOut id="235_D025" time="18736.25" state="stay" vehID="Car_10225" speed="7.74" length="5.00" type="DEFAULT_CAR"/>
    <instantOut id="235_D025" time="18736.39" state="leave" vehID="Car_10225" speed="6.99" length="5.00" type="DEFAULT_CAR" occupancy="0.64"/>
    <instantOut id="235_D025" time="19507.45" state="enter" vehID="Car_10792" speed="11.32" length="5.00" type="DEFAULT_CAR" gap="771.07"/>
    <instantOut id="235_D025" time="19507.50" state="stay" vehID="Car_10792" speed="11.32" length="5.00" type="DEFAULT_CAR"/>
    <instantOut id="235_D025" time="19507.75" state="stay" vehID="Car_10792" speed="10.82" length="5.00" type="DEFAULT_CAR"/>
    <instantOut id="235_D025" time="19507.92" state="leave" vehID="Car_10792" speed="10.10" length="5.00" type="DEFAULT_CAR" occupancy="0.47"/>
    <instantOut id="235_D025" time="20495.55" state="enter" vehID="Car_11423" speed="6.49" length="5.00" type="DEFAULT_CAR" gap="987.63"/>
    <instantOut id="235_D025" time="20495.75" state="stay" vehID="Car_11423" speed="6.49" length="5.00" type="DEFAULT_CAR"/>
    <instantOut id="235_D025" time="20496.00" state="stay" vehID="Car_11423" speed="5.74" length="5.00" type="DEFAULT_CAR"/>
    <instantOut id="235_D025" time="20496.25" state="stay" vehID="Car_11423" speed="4.99" length="5.00" type="DEFAULT_CAR"/>
    <instantOut id="235_D025" time="20496.50" state="leave" vehID="Car_11423" speed="4.24" length="5.00" type="DEFAULT_CAR" occupancy="0.94"/>
    <instantOut id="235_D025" time="23516.47" state="enter" vehID="Car_13625" speed="8.48" length="5.00" type="DEFAULT_CAR" gap="3019.97"/>
    <instantOut id="235_D025" time="23516.50" state="stay" vehID="Car_13625" speed="8.48" length="5.00" type="DEFAULT_CAR"/>
    <instantOut id="235_D025" time="23516.75" state="stay" vehID="Car_13625" speed="7.73" length="5.00" type="DEFAULT_CAR"/>
    <instantOut id="235_D025" time="23517.00" state="stay" vehID="Car_13625" speed="7.57" length="5.00" type="DEFAULT_CAR"/>
    <instantOut id="235_D025" time="23517.13" state="leave" vehID="Car_13625" speed="6.82" length="5.00" type="DEFAULT_CAR" occupancy="0.66"/>
    <instantOut id="235_D025" time="25372.00" state="enter" vehID="Car_14650" speed="10.28" length="5.00" type="DEFAULT_CAR" gap="1854.87"/>
    <instantOut id="235_D025" time="25372.25" state="stay" vehID="Car_14650" speed="10.28" length="5.00" type="DEFAULT_CAR"/>
    <instantOut id="235_D025" time="25372.48" state="leave" vehID="Car_14650" speed="10.45" length="5.00" type="DEFAULT_CAR" occupancy="0.48"/>
    <instantOut id="235_D025" time="26423.06" state="enter" vehID="Car_15511" speed="7.51" length="5.00" type="DEFAULT_CAR" gap="1050.58"/>
    <instantOut id="235_D025" time="26423.25" state="stay" vehID="Car_15511" speed="7.51" length="5.00" type="DEFAULT_CAR"/>
    <instantOut id="235_D025" time="26423.50" state="stay" vehID="Car_15511" speed="6.76" length="5.00" type="DEFAULT_CAR"/>
    <instantOut id="235_D025" time="26423.75" state="stay" vehID="Car_15511" speed="6.01" length="5.00" type="DEFAULT_CAR"/>
    <instantOut id="235_D025" time="26423.83" state="leave" vehID="Car_15511" speed="5.26" length="5.00" type="DEFAULT_CAR" occupancy="0.76"/>
    <instantOut id="235_D025" time="27372.95" state="enter" vehID="Car_16425" speed="9.56" length="5.00" type="DEFAULT_CAR" gap="949.12"/>
    <instantOut id="235_D025" time="27373.00" state="stay" vehID="Car_16425" speed="9.56" length="5.00" type="DEFAULT_CAR"/>
    <instantOut id="235_D025" time="27373.25" state="stay" vehID="Car_16425" speed="9.74" length="5.00" type="DEFAULT_CAR"/>
    <instantOut id="235_D025" time="27373.48" state="leave" vehID="Car_16425" speed="9.14" length="5.00" type="DEFAULT_CAR" occupancy="0.53"/>
    <instantOut id="235_D025" time="27639.00" state="enter" vehID="Car_16309" speed="7.51" length="5.00" type="DEFAULT_CAR" gap="265.52"/>
    <instantOut id="235_D025" time="27639.25" state="stay" vehID="Car_16309" speed="7.51" length="5.00" type="DEFAULT_CAR"/>
    <instantOut id="235_D025" time="27639.50" state="stay" vehID="Car_16309" speed="7.31" length="5.00" type="DEFAULT_CAR"/>
    <instantOut id="235_D025" time="27639.70" state="leave" vehID="Car_16309" speed="6.56" length="5.00" type="DEFAULT_CAR" occupancy="0.70"/>
    <instantOut id="235_D025" time="28717.74" state="enter" vehID="Car_17333" speed="8.45" length="5.00" type="DEFAULT_CAR" gap="1078.04"/>
    <instantOut id="235_D025" time="28717.75" state="stay" vehID="Car_17333" speed="8.45" length="5.00" type="DEFAULT_CAR"/>
    <instantOut id="235_D025" time="28718.00" state="stay" vehID="Car_17333" speed="7.84" length="5.00" type="DEFAULT_CAR"/>
    <instantOut id="235_D025" time="28718.25" state="stay" vehID="Car_17333" speed="7.11" length="5.00" type="DEFAULT_CAR"/>
    <instantOut id="235_D025" time="28718.44" state="leave" vehID="Car_17333" speed="6.36" length="5.00" type="DEFAULT_CAR" occupancy="0.70"/>
    <instantOut id="235_D025" time="32401.47" state="enter" vehID="Car_19381" speed="9.93" length="5.00" type="DEFAULT_CAR" gap="3683.04"/>
    <instantOut id="235_D025" time="32401.50" state="stay" vehID="Car_19381" speed="9.93" length="5.00" type="DEFAULT_CAR"/>
    <instantOut id="235_D025" time="32401.75" state="stay" vehID="Car_19381" speed="9.31" length="5.00" type="DEFAULT_CAR"/>
    <instantOut id="235_D025" time="32402.00" state="stay" vehID="Car_19381" speed="8.56" length="5.00" type="DEFAULT_CAR"/>
    <instantOut id="235_D025" time="32402.04" state="leave" vehID="Car_19381" speed="7.81" length="5.00" type="DEFAULT_CAR" occupancy="0.56"/>
    <instantOut id="235_D025" time="35145.21" state="enter" vehID="Car_21271" speed="9.97" length="5.00" type="DEFAULT_CAR" gap="2743.18"/>
    <instantOut id="235_D025" time="35145.25" state="stay" vehID="Car_21271" speed="9.97" length="5.00" type="DEFAULT_CAR"/>
    <instantOut id="235_D025" time="35145.50" state="stay" vehID="Car_21271" speed="9.70" length="5.00" type="DEFAULT_CAR"/>
    <instantOut id="235_D025" time="35145.74" state="leave" vehID="Car_21271" speed="9.22" length="5.00" type="DEFAULT_CAR" occupancy="0.53"/>
    <instantOut id="235_D025" time="38294.94" state="enter" vehID="Car_22167" speed="10.12" length="5.00" type="DEFAULT_CAR" gap="3149.20"/>
    <instantOut id="235_D025" time="38295.00" state="stay" vehID="Car_22167" speed="10.12" length="5.00" type="DEFAULT_CAR"/>
    <instantOut id="235_D025" time="38295.25" state="stay" vehID="Car_22167" speed="10.66" length="5.00" type="DEFAULT_CAR"/>
    <instantOut id="235_D025" time="38295.42" state="leave" vehID="Car_22167" speed="9.91" length="5.00" type="DEFAULT_CAR" occupancy="0.48"/>
    <instantOut id="235_D025" time="44700.32" state="enter" vehID="Car_24472" speed="9.04" length="5.00" type="DEFAULT_CAR" gap="6404.89"/>
    <instantOut id="235_D025" time="44700.50" state="stay" vehID="Car_24472" speed="9.04" length="5.00" type="DEFAULT_CAR"/>
    <instantOut id="235_D025" time="44700.75" state="stay" vehID="Car_24472" speed="8.47" length="5.00" type="DEFAULT_CAR"/>
    <instantOut id="235_D025" time="44700.91" state="leave" vehID="Car_24472" speed="7.72" length="5.00" type="DEFAULT_CAR" occupancy="0.59"/>
</instantE1>
