<?xml version="1.0" encoding="UTF-8"?>

<!-- generated on 2025-02-28 16:30:50 by Eclipse SUMO GUI Version 1.19.0
<configuration xmlns:xsi="http://www.w3.org/2001/XMLSchema-instance" xsi:noNamespaceSchemaLocation="http://sumo.dlr.de/xsd/sumoConfiguration.xsd">

    <input>
        <net-file value="Network.net.xml"/>
        <route-files value="CarRoutes.rou.xml"/>
        <additional-files value="Sensors.add.xml"/>
    </input>

    <output>
        <emission-output value="logs/Emissions.xml"/>
        <summary-output value="logs/Log_summary.xml"/>
        <summary-output.period value="300"/>
        <tripinfo-output value="logs/TripInfos.xml"/>
    </output>

    <time>
        <begin value="0"/>
        <end value="86400"/>
        <step-length value="0.25"/>
    </time>

    <processing>
        <ignore-junction-blocker value="0.1"/>
        <time-to-teleport value="-1"/>
    </processing>

    <report>
        <verbose value="true"/>
        <no-step-log value="true"/>
    </report>

    <emissions>
        <device.emissions.period value="10"/>
    </emissions>

    <traci_server>
        <remote-port value="57306"/>
    </traci_server>

    <gui_only>
        <quit-on-end value="true"/>
        <start value="true"/>
    </gui_only>

</configuration>
-->

<summary xmlns:xsi="http://www.w3.org/2001/XMLSchema-instance" xsi:noNamespaceSchemaLocation="http://sumo.dlr.de/xsd/summary_file.xsd">
    <step time="0.00" loaded="0" inserted="0" running="0" waiting="0" ended="0" arrived="0" collisions="0" teleports="0" halting="0" stopped="0" meanWaitingTime="-1.00" meanTravelTime="-1.00" meanSpeed="-1.00" meanSpeedRelative="-1.00" duration="0"/>
    <step time="300.00" loaded="209" inserted="197" running="97" waiting="12" ended="100" arrived="100" collisions="0" teleports="0" halting="45" stopped="0" meanWaitingTime="14.38" meanTravelTime="70.91" meanSpeed="3.79" meanSpeedRelative="0.27" duration="2"/>
    <step time="600.00" loaded="373" inserted="363" running="67" waiting="10" ended="296" arrived="296" collisions="0" teleports="0" halting="23" stopped="0" meanWaitingTime="13.24" meanTravelTime="113.88" meanSpeed="4.37" meanSpeedRelative="0.31" duration="2"/>
    <step time="900.00" loaded="533" inserted="523" running="64" waiting="10" ended="459" arrived="459" collisions="0" teleports="0" halting="40" stopped="0" meanWaitingTime="12.28" meanTravelTime="116.35" meanSpeed="2.87" meanSpeedRelative="0.21" duration="2"/>
    <step time="1200.00" loaded="707" inserted="692" running="52" waiting="15" ended="640" arrived="640" collisions="0" teleports="0" halting="7" stopped="0" meanWaitingTime="15.39" meanTravelTime="115.35" meanSpeed="8.10" meanSpeedRelative="0.58" duration="2"/>
    <step time="1500.00" loaded="873" inserted="853" running="56" waiting="20" ended="797" arrived="797" collisions="0" teleports="0" halting="21" stopped="0" meanWaitingTime="16.61" meanTravelTime="112.70" meanSpeed="4.44" meanSpeedRelative="0.32" duration="2"/>
    <step time="1800.00" loaded="1036" inserted="1019" running="61" waiting="17" ended="958" arrived="958" collisions="0" teleports="0" halting="22" stopped="0" meanWaitingTime="19.50" meanTravelTime="111.92" meanSpeed="3.96" meanSpeedRelative="0.28" duration="3"/>
    <step time="2100.00" loaded="1195" inserted="1180" running="60" waiting="15" ended="1120" arrived="1120" collisions="0" teleports="0" halting="37" stopped="0" meanWaitingTime="18.22" meanTravelTime="111.11" meanSpeed="3.38" meanSpeedRelative="0.24" duration="2"/>
    <step time="2400.00" loaded="1340" inserted="1324" running="41" waiting="16" ended="1283" arrived="1283" collisions="0" teleports="0" halting="20" stopped="0" meanWaitingTime="18.24" meanTravelTime="110.88" meanSpeed="2.82" meanSpeedRelative="0.20" duration="1"/>
    <step time="2700.00" loaded="1484" inserted="1483" running="50" waiting="1" ended="1433" arrived="1433" collisions="0" teleports="0" halting="10" stopped="0" meanWaitingTime="18.22" meanTravelTime="109.31" meanSpeed="6.01" meanSpeedRelative="0.43" duration="2"/>
    <step time="3000.00" loaded="1642" inserted="1635" running="46" waiting="7" ended="1589" arrived="1589" collisions="0" teleports="0" halting="24" stopped="0" meanWaitingTime="17.09" meanTravelTime="109.30" meanSpeed="3.87" meanSpeedRelative="0.28" duration="1"/>
    <step time="3300.00" loaded="1814" inserted="1798" running="71" waiting="16" ended="1727" arrived="1727" collisions="0" teleports="0" halting="12" stopped="0" meanWaitingTime="17.41" meanTravelTime="108.63" meanSpeed="6.39" meanSpeedRelative="0.46" duration="2"/>
    <step time="3600.00" loaded="1946" inserted="1946" running="48" waiting="0" ended="1898" arrived="1898" collisions="0" teleports="0" halting="17" stopped="0" meanWaitingTime="17.25" meanTravelTime="109.48" meanSpeed="5.17" meanSpeedRelative="0.37" duration="2"/>
    <step time="3900.00" loaded="2110" inserted="2110" running="84" waiting="0" ended="2026" arrived="2026" collisions="0" teleports="0" halting="38" stopped="0" meanWaitingTime="16.03" meanTravelTime="109.05" meanSpeed="2.76" meanSpeedRelative="0.20" duration="2"/>
    <step time="4200.00" loaded="2240" inserted="2240" running="43" waiting="0" ended="2197" arrived="2197" collisions="0" teleports="0" halting="7" stopped="0" meanWaitingTime="16.18" meanTravelTime="111.73" meanSpeed="6.00" meanSpeedRelative="0.43" duration="2"/>
    <step time="4500.00" loaded="2416" inserted="2415" running="58" waiting="1" ended="2357" arrived="2357" collisions="0" teleports="0" halting="23" stopped="0" meanWaitingTime="15.46" meanTravelTime="110.42" meanSpeed="4.69" meanSpeedRelative="0.34" duration="3"/>
    <step time="4800.00" loaded="2574" inserted="2568" running="40" waiting="6" ended="2528" arrived="2528" collisions="0" teleports="0" halting="16" stopped="0" meanWaitingTime="14.78" meanTravelTime="109.75" meanSpeed="5.43" meanSpeedRelative="0.39" duration="2"/>
    <step time="5100.00" loaded="2739" inserted="2729" running="61" waiting="10" ended="2668" arrived="2668" collisions="0" teleports="0" halting="13" stopped="0" meanWaitingTime="15.58" meanTravelTime="108.66" meanSpeed="5.02" meanSpeedRelative="0.36" duration="2"/>
    <step time="5400.00" loaded="2890" inserted="2888" running="39" waiting="2" ended="2849" arrived="2849" collisions="0" teleports="0" halting="8" stopped="0" meanWaitingTime="15.12" meanTravelTime="108.37" meanSpeed="6.75" meanSpeedRelative="0.49" duration="1"/>
    <step time="5700.00" loaded="3076" inserted="3061" running="82" waiting="15" ended="2979" arrived="2979" collisions="0" teleports="0" halting="39" stopped="0" meanWaitingTime="14.64" meanTravelTime="107.54" meanSpeed="4.54" meanSpeedRelative="0.33" duration="3"/>
    <step time="6000.00" loaded="3199" inserted="3196" running="41" waiting="3" ended="3155" arrived="3155" collisions="0" teleports="0" halting="10" stopped="0" meanWaitingTime="14.75" meanTravelTime="110.01" meanSpeed="5.35" meanSpeedRelative="0.39" duration="2"/>
    <step time="6300.00" loaded="3364" inserted="3347" running="57" waiting="17" ended="3290" arrived="3290" collisions="0" teleports="0" halting="23" stopped="0" meanWaitingTime="14.82" meanTravelTime="110.26" meanSpeed="4.70" meanSpeedRelative="0.34" duration="2"/>
    <step time="6600.00" loaded="3528" inserted="3520" running="54" waiting="8" ended="3466" arrived="3466" collisions="0" teleports="0" halting="19" stopped="0" meanWaitingTime="14.98" meanTravelTime="109.25" meanSpeed="4.91" meanSpeedRelative="0.35" duration="2"/>
    <step time="6900.00" loaded="3713" inserted="3696" running="58" waiting="17" ended="3638" arrived="3638" collisions="0" teleports="0" halting="20" stopped="0" meanWaitingTime="15.03" meanTravelTime="108.64" meanSpeed="4.24" meanSpeedRelative="0.31" duration="2"/>
    <step time="7200.00" loaded="3873" inserted="3855" running="44" waiting="18" ended="3811" arrived="3811" collisions="0" teleports="0" halting="18" stopped="0" meanWaitingTime="15.61" meanTravelTime="108.22" meanSpeed="5.20" meanSpeedRelative="0.39" duration="1"/>
    <step time="7500.00" loaded="4021" inserted="4009" running="41" waiting="12" ended="3968" arrived="3968" collisions="0" teleports="0" halting="14" stopped="0" meanWaitingTime="16.26" meanTravelTime="107.64" meanSpeed="6.00" meanSpeedRelative="0.43" duration="2"/>
    <step time="7800.00" loaded="4176" inserted="4153" running="39" waiting="23" ended="4114" arrived="4114" collisions="0" teleports="0" halting="7" stopped="0" meanWaitingTime="16.77" meanTravelTime="106.98" meanSpeed="5.84" meanSpeedRelative="0.42" duration="1"/>
    <step time="8100.00" loaded="4346" inserted="4333" running="44" waiting="13" ended="4289" arrived="4289" collisions="0" teleports="0" halting="16" stopped="0" meanWaitingTime="17.86" meanTravelTime="105.94" meanSpeed="4.87" meanSpeedRelative="0.35" duration="1"/>
    <step time="8400.00" loaded="4531" inserted="4527" running="60" waiting="4" ended="4467" arrived="4467" collisions="0" teleports="0" halting="18" stopped="0" meanWaitingTime="17.80" meanTravelTime="105.09" meanSpeed="4.42" meanSpeedRelative="0.32" duration="2"/>
    <step time="8700.00" loaded="4700" inserted="4695" running="61" waiting="5" ended="4634" arrived="4634" collisions="0" teleports="0" halting="20" stopped="0" meanWaitingTime="17.60" meanTravelTime="104.76" meanSpeed="5.55" meanSpeedRelative="0.40" duration="2"/>
    <step time="9000.00" loaded="4888" inserted="4871" running="52" waiting="17" ended="4819" arrived="4819" collisions="0" teleports="0" halting="16" stopped="0" meanWaitingTime="17.44" meanTravelTime="104.19" meanSpeed="4.83" meanSpeedRelative="0.35" duration="2"/>
    <step time="9300.00" loaded="5072" inserted="5054" running="52" waiting="18" ended="5002" arrived="5002" collisions="0" teleports="0" halting="25" stopped="0" meanWaitingTime="17.46" meanTravelTime="103.93" meanSpeed="4.52" meanSpeedRelative="0.33" duration="2"/>
    <step time="9600.00" loaded="5240" inserted="5230" running="59" waiting="10" ended="5171" arrived="5171" collisions="0" teleports="0" halting="24" stopped="0" meanWaitingTime="17.93" meanTravelTime="103.36" meanSpeed="5.41" meanSpeedRelative="0.39" duration="1"/>
    <step time="9900.00" loaded="5384" inserted="5378" running="30" waiting="6" ended="5348" arrived="5348" collisions="0" teleports="0" halting="15" stopped="0" meanWaitingTime="17.76" meanTravelTime="103.14" meanSpeed="4.22" meanSpeedRelative="0.30" duration="1"/>
    <step time="10200.00" loaded="5551" inserted="5542" running="65" waiting="9" ended="5477" arrived="5477" collisions="0" teleports="0" halting="17" stopped="0" meanWaitingTime="17.77" meanTravelTime="103.14" meanSpeed="5.60" meanSpeedRelative="0.40" duration="2"/>
    <step time="10500.00" loaded="5732" inserted="5721" running="64" waiting="11" ended="5657" arrived="5657" collisions="0" teleports="0" halting="13" stopped="0" meanWaitingTime="17.65" meanTravelTime="103.28" meanSpeed="5.58" meanSpeedRelative="0.40" duration="2"/>
    <step time="10800.00" loaded="5904" inserted="5896" running="80" waiting="8" ended="5816" arrived="5816" collisions="0" teleports="0" halting="19" stopped="0" meanWaitingTime="17.70" meanTravelTime="103.70" meanSpeed="3.74" meanSpeedRelative="0.27" duration="3"/>
    <step time="11100.00" loaded="6081" inserted="6063" running="69" waiting="18" ended="5994" arrived="5994" collisions="0" teleports="0" halting="34" stopped="0" meanWaitingTime="17.74" meanTravelTime="104.95" meanSpeed="3.43" meanSpeedRelative="0.25" duration="2"/>
    <step time="11400.00" loaded="6256" inserted="6222" running="62" waiting="34" ended="6160" arrived="6160" collisions="0" teleports="0" halting="21" stopped="0" meanWaitingTime="18.39" meanTravelTime="105.30" meanSpeed="4.48" meanSpeedRelative="0.32" duration="2"/>
    <step time="11700.00" loaded="6399" inserted="6379" running="62" waiting="20" ended="6317" arrived="6317" collisions="0" teleports="0" halting="11" stopped="0" meanWaitingTime="19.46" meanTravelTime="105.52" meanSpeed="5.04" meanSpeedRelative="0.36" duration="3"/>
    <step time="12000.00" loaded="6575" inserted="6568" running="74" waiting="7" ended="6494" arrived="6494" collisions="0" teleports="0" halting="22" stopped="0" meanWaitingTime="19.50" meanTravelTime="106.12" meanSpeed="4.18" meanSpeedRelative="0.30" duration="1"/>
    <step time="12300.00" loaded="6741" inserted="6740" running="68" waiting="1" ended="6672" arrived="6672" collisions="0" teleports="0" halting="35" stopped="0" meanWaitingTime="19.25" meanTravelTime="106.86" meanSpeed="3.61" meanSpeedRelative="0.26" duration="1"/>
    <step time="12600.00" loaded="6909" inserted="6889" running="50" waiting="20" ended="6839" arrived="6839" collisions="0" teleports="0" halting="22" stopped="0" meanWaitingTime="19.08" meanTravelTime="106.90" meanSpeed="5.18" meanSpeedRelative="0.37" duration="1"/>
    <step time="12900.00" loaded="7078" inserted="7063" running="62" waiting="15" ended="7001" arrived="7001" collisions="0" teleports="0" halting="19" stopped="0" meanWaitingTime="19.29" meanTravelTime="106.76" meanSpeed="4.64" meanSpeedRelative="0.33" duration="1"/>
    <step time="13200.00" loaded="7252" inserted="7231" running="79" waiting="21" ended="7152" arrived="7152" collisions="0" teleports="0" halting="24" stopped="0" meanWaitingTime="19.42" meanTravelTime="106.72" meanSpeed="4.81" meanSpeedRelative="0.35" duration="3"/>
    <step time="13500.00" loaded="7428" inserted="7420" running="79" waiting="8" ended="7341" arrived="7341" collisions="0" teleports="0" halting="22" stopped="0" meanWaitingTime="19.38" meanTravelTime="107.14" meanSpeed="3.96" meanSpeedRelative="0.28" duration="2"/>
    <step time="13800.00" loaded="7621" inserted="7605" running="72" waiting="16" ended="7533" arrived="7533" collisions="0" teleports="0" halting="17" stopped="0" meanWaitingTime="19.49" meanTravelTime="107.35" meanSpeed="6.10" meanSpeedRelative="0.44" duration="1"/>
    <step time="14100.00" loaded="7782" inserted="7778" running="74" waiting="4" ended="7704" arrived="7704" collisions="0" teleports="0" halting="19" stopped="0" meanWaitingTime="19.56" meanTravelTime="107.52" meanSpeed="5.56" meanSpeedRelative="0.40" duration="2"/>
    <step time="14400.00" loaded="7919" inserted="7908" running="52" waiting="11" ended="7856" arrived="7856" collisions="0" teleports="0" halting="15" stopped="0" meanWaitingTime="19.73" meanTravelTime="107.78" meanSpeed="6.98" meanSpeedRelative="0.50" duration="1"/>
    <step time="14700.00" loaded="8112" inserted="8094" running="58" waiting="18" ended="8036" arrived="8036" collisions="0" teleports="0" halting="7" stopped="0" meanWaitingTime="19.70" meanTravelTime="107.47" meanSpeed="6.20" meanSpeedRelative="0.45" duration="2"/>
    <step time="15000.00" loaded="8270" inserted="8265" running="101" waiting="5" ended="8164" arrived="8164" collisions="0" teleports="0" halting="16" stopped="0" meanWaitingTime="19.53" meanTravelTime="107.84" meanSpeed="5.14" meanSpeedRelative="0.37" duration="3"/>
    <step time="15300.00" loaded="8430" inserted="8396" running="57" waiting="34" ended="8339" arrived="8339" collisions="0" teleports="0" halting="18" stopped="0" meanWaitingTime="19.71" meanTravelTime="108.70" meanSpeed="5.67" meanSpeedRelative="0.41" duration="2"/>
    <step time="15600.00" loaded="8594" inserted="8584" running="62" waiting="10" ended="8522" arrived="8522" collisions="0" teleports="0" halting="25" stopped="0" meanWaitingTime="20.46" meanTravelTime="108.27" meanSpeed="4.98" meanSpeedRelative="0.36" duration="3"/>
    <step time="15900.00" loaded="8787" inserted="8777" running="90" waiting="10" ended="8687" arrived="8687" collisions="0" teleports="0" halting="35" stopped="0" meanWaitingTime="20.79" meanTravelTime="107.89" meanSpeed="4.59" meanSpeedRelative="0.33" duration="4"/>
    <step time="16200.00" loaded="8975" inserted="8942" running="51" waiting="33" ended="8891" arrived="8891" collisions="0" teleports="0" halting="9" stopped="0" meanWaitingTime="20.95" meanTravelTime="108.00" meanSpeed="6.65" meanSpeedRelative="0.48" duration="3"/>
    <step time="16500.00" loaded="9141" inserted="9127" running="62" waiting="14" ended="9065" arrived="9065" collisions="0" teleports="0" halting="19" stopped="0" meanWaitingTime="21.51" meanTravelTime="107.64" meanSpeed="5.50" meanSpeedRelative="0.40" duration="1"/>
    <step time="16800.00" loaded="9326" inserted="9290" running="64" waiting="36" ended="9226" arrived="9226" collisions="0" teleports="0" halting="14" stopped="0" meanWaitingTime="21.78" meanTravelTime="107.89" meanSpeed="6.16" meanSpeedRelative="0.44" duration="2"/>
    <step time="17100.00" loaded="9494" inserted="9464" running="70" waiting="30" ended="9394" arrived="9394" collisions="0" teleports="0" halting="8" stopped="0" meanWaitingTime="22.45" meanTravelTime="107.84" meanSpeed="5.64" meanSpeedRelative="0.41" duration="3"/>
    <step time="17400.00" loaded="9674" inserted="9649" running="76" waiting="25" ended="9573" arrived="9573" collisions="0" teleports="0" halting="32" stopped="0" meanWaitingTime="23.13" meanTravelTime="108.18" meanSpeed="4.35" meanSpeedRelative="0.31" duration="3"/>
    <step time="17700.00" loaded="9845" inserted="9816" running="74" waiting="29" ended="9742" arrived="9742" collisions="0" teleports="0" halting="23" stopped="0" meanWaitingTime="23.53" meanTravelTime="108.40" meanSpeed="4.31" meanSpeedRelative="0.31" duration="3"/>
    <step time="18000.00" loaded="10009" inserted="9988" running="59" waiting="21" ended="9929" arrived="9929" collisions="0" teleports="0" halting="30" stopped="0" meanWaitingTime="24.08" meanTravelTime="108.78" meanSpeed="3.70" meanSpeedRelative="0.27" duration="1"/>
    <step time="18300.00" loaded="10194" inserted="10161" running="44" waiting="33" ended="10117" arrived="10117" collisions="0" teleports="0" halting="22" stopped="0" meanWaitingTime="24.32" meanTravelTime="108.79" meanSpeed="5.05" meanSpeedRelative="0.36" duration="2"/>
    <step time="18600.00" loaded="10355" inserted="10322" running="69" waiting="33" ended="10253" arrived="10253" collisions="0" teleports="0" halting="33" stopped="0" meanWaitingTime="24.90" meanTravelTime="108.64" meanSpeed="4.50" meanSpeedRelative="0.32" duration="3"/>
    <step time="18900.00" loaded="10539" inserted="10504" running="71" waiting="35" ended="10433" arrived="10433" collisions="0" teleports="0" halting="11" stopped="0" meanWaitingTime="25.32" meanTravelTime="108.95" meanSpeed="7.13" meanSpeedRelative="0.51" duration="2"/>
    <step time="19200.00" loaded="10718" inserted="10691" running="71" waiting="27" ended="10620" arrived="10620" collisions="0" teleports="0" halting="49" stopped="0" meanWaitingTime="25.63" meanTravelTime="108.86" meanSpeed="2.97" meanSpeedRelative="0.21" duration="2"/>
    <step time="19500.00" loaded="10929" inserted="10903" running="113" waiting="26" ended="10790" arrived="10790" collisions="0" teleports="0" halting="34" stopped="0" meanWaitingTime="25.93" meanTravelTime="109.19" meanSpeed="3.02" meanSpeedRelative="0.22" duration="2"/>
    <step time="19800.00" loaded="11107" inserted="11075" running="84" waiting="32" ended="10991" arrived="10991" collisions="0" teleports="0" halting="41" stopped="0" meanWaitingTime="26.29" meanTravelTime="109.75" meanSpeed="3.66" meanSpeedRelative="0.26" duration="3"/>
    <step time="20100.00" loaded="11302" inserted="11274" running="94" waiting="28" ended="11180" arrived="11180" collisions="0" teleports="0" halting="22" stopped="0" meanWaitingTime="26.78" meanTravelTime="110.28" meanSpeed="4.94" meanSpeedRelative="0.36" duration="2"/>
    <step time="20400.00" loaded="11469" inserted="11431" running="64" waiting="38" ended="11367" arrived="11367" collisions="0" teleports="0" halting="17" stopped="0" meanWaitingTime="27.25" meanTravelTime="110.60" meanSpeed="4.62" meanSpeedRelative="0.33" duration="1"/>
    <step time="20700.00" loaded="11641" inserted="11618" running="72" waiting="23" ended="11546" arrived="11546" collisions="0" teleports="0" halting="30" stopped="0" meanWaitingTime="27.85" meanTravelTime="110.64" meanSpeed="4.25" meanSpeedRelative="0.31" duration="2"/>
    <step time="21000.00" loaded="11825" inserted="11802" running="79" waiting="23" ended="11723" arrived="11723" collisions="0" teleports="0" halting="37" stopped="0" meanWaitingTime="28.18" meanTravelTime="110.66" meanSpeed="3.01" meanSpeedRelative="0.22" duration="4"/>
    <step time="21300.00" loaded="11987" inserted="11966" running="79" waiting="21" ended="11887" arrived="11887" collisions="0" teleports="0" halting="14" stopped="0" meanWaitingTime="28.43" meanTravelTime="110.98" meanSpeed="5.76" meanSpeedRelative="0.41" duration="2"/>
    <step time="21600.00" loaded="12208" inserted="12176" running="90" waiting="32" ended="12086" arrived="12086" collisions="0" teleports="0" halting="16" stopped="0" meanWaitingTime="28.73" meanTravelTime="111.27" meanSpeed="5.61" meanSpeedRelative="0.40" duration="3"/>
    <step time="21900.00" loaded="12390" inserted="12363" running="70" waiting="27" ended="12293" arrived="12293" collisions="0" teleports="0" halting="20" stopped="0" meanWaitingTime="28.84" meanTravelTime="111.41" meanSpeed="6.11" meanSpeedRelative="0.44" duration="3"/>
    <step time="22200.00" loaded="12583" inserted="12549" running="61" waiting="34" ended="12488" arrived="12488" collisions="0" teleports="0" halting="8" stopped="0" meanWaitingTime="29.09" meanTravelTime="111.29" meanSpeed="5.78" meanSpeedRelative="0.42" duration="2"/>
    <step time="22500.00" loaded="12756" inserted="12706" running="52" waiting="50" ended="12654" arrived="12654" collisions="0" teleports="0" halting="11" stopped="0" meanWaitingTime="29.41" meanTravelTime="111.43" meanSpeed="4.52" meanSpeedRelative="0.33" duration="3"/>
    <step time="22800.00" loaded="12953" inserted="12940" running="101" waiting="13" ended="12839" arrived="12839" collisions="0" teleports="0" halting="51" stopped="0" meanWaitingTime="29.82" meanTravelTime="111.42" meanSpeed="3.01" meanSpeedRelative="0.22" duration="4"/>
    <step time="23100.00" loaded="13139" inserted="13124" running="111" waiting="15" ended="13013" arrived="13013" collisions="0" teleports="0" halting="45" stopped="0" meanWaitingTime="29.84" meanTravelTime="111.98" meanSpeed="3.26" meanSpeedRelative="0.23" duration="2"/>
    <step time="23400.00" loaded="13326" inserted="13317" running="97" waiting="9" ended="13220" arrived="13220" collisions="0" teleports="0" halting="36" stopped="0" meanWaitingTime="29.74" meanTravelTime="112.62" meanSpeed="3.79" meanSpeedRelative="0.27" duration="4"/>
    <step time="23700.00" loaded="13558" inserted="13538" running="97" waiting="20" ended="13441" arrived="13441" collisions="0" teleports="0" halting="49" stopped="0" meanWaitingTime="29.48" meanTravelTime="113.00" meanSpeed="3.52" meanSpeedRelative="0.25" duration="3"/>
    <step time="24000.00" loaded="13735" inserted="13719" running="68" waiting="16" ended="13651" arrived="13651" collisions="0" teleports="0" halting="21" stopped="0" meanWaitingTime="29.39" meanTravelTime="113.27" meanSpeed="4.10" meanSpeedRelative="0.30" duration="2"/>
    <step time="24300.00" loaded="13945" inserted="13921" running="103" waiting="24" ended="13818" arrived="13818" collisions="0" teleports="0" halting="66" stopped="0" meanWaitingTime="29.43" meanTravelTime="113.24" meanSpeed="2.83" meanSpeedRelative="0.20" duration="2"/>
    <step time="24600.00" loaded="14170" inserted="14131" running="83" waiting="39" ended="14048" arrived="14048" collisions="0" teleports="0" halting="43" stopped="0" meanWaitingTime="29.61" meanTravelTime="113.46" meanSpeed="3.54" meanSpeedRelative="0.25" duration="2"/>
    <step time="24900.00" loaded="14387" inserted="14352" running="86" waiting="35" ended="14266" arrived="14266" collisions="0" teleports="0" halting="35" stopped="0" meanWaitingTime="30.05" meanTravelTime="113.34" meanSpeed="4.45" meanSpeedRelative="0.32" duration="3"/>
    <step time="25200.00" loaded="14581" inserted="14537" running="74" waiting="44" ended="14463" arrived="14463" collisions="0" teleports="0" halting="24" stopped="0" meanWaitingTime="30.24" meanTravelTime="113.34" meanSpeed="5.29" meanSpeedRelative="0.38" duration="3"/>
    <step time="25500.00" loaded="14755" inserted="14734" running="63" waiting="21" ended="14671" arrived="14671" collisions="0" teleports="0" halting="27" stopped="0" meanWaitingTime="30.58" meanTravelTime="113.50" meanSpeed="4.18" meanSpeedRelative="0.30" duration="3"/>
    <step time="25800.00" loaded="14988" inserted="14957" running="82" waiting="31" ended="14875" arrived="14875" collisions="0" teleports="0" halting="24" stopped="0" meanWaitingTime="30.56" meanTravelTime="113.34" meanSpeed="3.80" meanSpeedRelative="0.27" duration="1"/>
    <step time="26100.00" loaded="15200" inserted="15163" running="83" waiting="37" ended="15080" arrived="15080" collisions="0" teleports="0" halting="20" stopped="0" meanWaitingTime="30.80" meanTravelTime="113.42" meanSpeed="4.05" meanSpeedRelative="0.29" duration="2"/>
    <step time="26400.00" loaded="15397" inserted="15355" running="91" waiting="42" ended="15264" arrived="15264" collisions="0" teleports="0" halting="37" stopped="0" meanWaitingTime="31.04" meanTravelTime="113.64" meanSpeed="3.30" meanSpeedRelative="0.24" duration="4"/>
    <step time="26700.00" loaded="15613" inserted="15575" running="121" waiting="38" ended="15454" arrived="15454" collisions="0" teleports="0" halting="39" stopped="0" meanWaitingTime="31.45" meanTravelTime="113.78" meanSpeed="3.77" meanSpeedRelative="0.27" duration="3"/>
    <step time="27000.00" loaded="15836" inserted="15783" running="102" waiting="53" ended="15681" arrived="15681" collisions="0" teleports="0" halting="26" stopped="0" meanWaitingTime="31.75" meanTravelTime="114.43" meanSpeed="4.98" meanSpeedRelative="0.36" duration="2"/>
    <step time="27300.00" loaded="16060" inserted="16002" running="88" waiting="58" ended="15914" arrived="15914" collisions="0" teleports="0" halting="36" stopped="0" meanWaitingTime="32.32" meanTravelTime="114.36" meanSpeed="3.41" meanSpeedRelative="0.25" duration="3"/>
    <step time="27600.00" loaded="16259" inserted="16204" running="86" waiting="55" ended="16118" arrived="16118" collisions="0" teleports="0" halting="63" stopped="0" meanWaitingTime="32.97" meanTravelTime="114.45" meanSpeed="2.00" meanSpeedRelative="0.14" duration="4"/>
    <step time="27900.00" loaded="16466" inserted="16418" running="61" waiting="48" ended="16357" arrived="16357" collisions="0" teleports="0" halting="15" stopped="0" meanWaitingTime="33.55" meanTravelTime="114.41" meanSpeed="6.03" meanSpeedRelative="0.43" duration="2"/>
    <step time="28200.00" loaded="16690" inserted="16654" running="66" waiting="36" ended="16588" arrived="16588" collisions="0" teleports="0" halting="20" stopped="0" meanWaitingTime="34.03" meanTravelTime="114.19" meanSpeed="5.33" meanSpeedRelative="0.38" duration="2"/>
    <step time="28500.00" loaded="16891" inserted="16856" running="76" waiting="35" ended="16780" arrived="16780" collisions="0" teleports="0" halting="21" stopped="0" meanWaitingTime="34.31" meanTravelTime="114.12" meanSpeed="5.03" meanSpeedRelative="0.36" duration="3"/>
    <step time="28800.00" loaded="17104" inserted="17070" running="73" waiting="34" ended="16997" arrived="16997" collisions="0" teleports="0" halting="24" stopped="0" meanWaitingTime="34.37" meanTravelTime="114.18" meanSpeed="3.78" meanSpeedRelative="0.27" duration="3"/>
    <step time="29100.00" loaded="17330" inserted="17289" running="117" waiting="41" ended="17172" arrived="17172" collisions="0" teleports="0" halting="50" stopped="0" meanWaitingTime="34.43" meanTravelTime="114.40" meanSpeed="2.84" meanSpeedRelative="0.20" duration="3"/>
    <step time="29400.00" loaded="17532" inserted="17476" running="76" waiting="56" ended="17400" arrived="17400" collisions="0" teleports="0" halting="24" stopped="0" meanWaitingTime="34.67" meanTravelTime="114.89" meanSpeed="4.14" meanSpeedRelative="0.30" duration="3"/>
    <step time="29700.00" loaded="17711" inserted="17651" running="67" waiting="60" ended="17584" arrived="17584" collisions="0" teleports="0" halting="19" stopped="0" meanWaitingTime="34.85" meanTravelTime="115.12" meanSpeed="4.94" meanSpeedRelative="0.36" duration="2"/>
    <step time="30000.00" loaded="17888" inserted="17842" running="64" waiting="46" ended="17778" arrived="17778" collisions="0" teleports="0" halting="26" stopped="0" meanWaitingTime="35.60" meanTravelTime="115.07" meanSpeed="4.62" meanSpeedRelative="0.35" duration="3"/>
    <step time="30300.00" loaded="18089" inserted="18037" running="72" waiting="52" ended="17965" arrived="17965" collisions="0" teleports="0" halting="25" stopped="0" meanWaitingTime="36.15" meanTravelTime="114.99" meanSpeed="4.93" meanSpeedRelative="0.36" duration="3"/>
    <step time="30600.00" loaded="18307" inserted="18264" running="92" waiting="43" ended="18172" arrived="18172" collisions="0" teleports="0" halting="42" stopped="0" meanWaitingTime="36.63" meanTravelTime="114.84" meanSpeed="4.60" meanSpeedRelative="0.33" duration="2"/>
    <step time="30900.00" loaded="18528" inserted="18487" running="106" waiting="41" ended="18381" arrived="18381" collisions="0" teleports="0" halting="51" stopped="0" meanWaitingTime="36.89" meanTravelTime="114.86" meanSpeed="3.16" meanSpeedRelative="0.23" duration="2"/>
    <step time="31200.00" loaded="18700" inserted="18656" running="71" waiting="44" ended="18585" arrived="18585" collisions="0" teleports="0" halting="15" stopped="0" meanWaitingTime="36.96" meanTravelTime="115.33" meanSpeed="4.17" meanSpeedRelative="0.30" duration="3"/>
    <step time="31500.00" loaded="18880" inserted="18837" running="73" waiting="43" ended="18764" arrived="18764" collisions="0" teleports="0" halting="29" stopped="0" meanWaitingTime="37.23" meanTravelTime="115.63" meanSpeed="3.96" meanSpeedRelative="0.28" duration="1"/>
    <step time="31800.00" loaded="19038" inserted="19007" running="72" waiting="31" ended="18935" arrived="18935" collisions="0" teleports="0" halting="17" stopped="0" meanWaitingTime="37.56" meanTravelTime="115.71" meanSpeed="5.08" meanSpeedRelative="0.37" duration="3"/>
    <step time="32100.00" loaded="19219" inserted="19180" running="57" waiting="39" ended="19123" arrived="19123" collisions="0" teleports="0" halting="22" stopped="0" meanWaitingTime="37.77" meanTravelTime="115.55" meanSpeed="4.81" meanSpeedRelative="0.35" duration="2"/>
    <step time="32400.00" loaded="19386" inserted="19342" running="56" waiting="44" ended="19286" arrived="19286" collisions="0" teleports="0" halting="16" stopped="0" meanWaitingTime="37.98" meanTravelTime="115.43" meanSpeed="4.16" meanSpeedRelative="0.30" duration="2"/>
    <step time="32700.00" loaded="19564" inserted="19524" running="78" waiting="40" ended="19446" arrived="19446" collisions="0" teleports="0" halting="14" stopped="0" meanWaitingTime="38.21" meanTravelTime="115.26" meanSpeed="4.63" meanSpeedRelative="0.33" duration="3"/>
    <step time="33000.00" loaded="19732" inserted="19701" running="80" waiting="31" ended="19621" arrived="19621" collisions="0" teleports="0" halting="21" stopped="0" meanWaitingTime="38.47" meanTravelTime="115.58" meanSpeed="4.62" meanSpeedRelative="0.34" duration="2"/>
    <step time="33300.00" loaded="19864" inserted="19852" running="85" waiting="12" ended="19767" arrived="19767" collisions="0" teleports="0" halting="20" stopped="0" meanWaitingTime="38.62" meanTravelTime="115.84" meanSpeed="5.67" meanSpeedRelative="0.41" duration="3"/>
    <step time="33600.00" loaded="20057" inserted="20038" running="63" waiting="19" ended="19975" arrived="19975" collisions="0" teleports="0" halting="30" stopped="0" meanWaitingTime="38.53" meanTravelTime="115.84" meanSpeed="4.84" meanSpeedRelative="0.35" duration="3"/>
    <step time="33900.00" loaded="20211" inserted="20189" running="63" waiting="22" ended="20126" arrived="20126" collisions="0" teleports="0" halting="22" stopped="0" meanWaitingTime="38.47" meanTravelTime="115.78" meanSpeed="4.30" meanSpeedRelative="0.31" duration="3"/>
    <step time="34200.00" loaded="20368" inserted="20348" running="78" waiting="20" ended="20270" arrived="20270" collisions="0" teleports="0" halting="20" stopped="0" meanWaitingTime="38.45" meanTravelTime="115.81" meanSpeed="4.76" meanSpeedRelative="0.34" duration="4"/>
    <step time="34500.00" loaded="20533" inserted="20508" running="60" waiting="25" ended="20448" arrived="20448" collisions="0" teleports="0" halting="20" stopped="0" meanWaitingTime="38.50" meanTravelTime="116.01" meanSpeed="5.67" meanSpeedRelative="0.42" duration="2"/>
    <step time="34800.00" loaded="20688" inserted="20658" running="58" waiting="30" ended="20600" arrived="20600" collisions="0" teleports="0" halting="19" stopped="0" meanWaitingTime="38.65" meanTravelTime="115.91" meanSpeed="4.94" meanSpeedRelative="0.37" duration="1"/>
    <step time="35100.00" loaded="20828" inserted="20817" running="65" waiting="11" ended="20752" arrived="20752" collisions="0" teleports="0" halting="7" stopped="0" meanWaitingTime="38.76" meanTravelTime="115.82" meanSpeed="6.26" meanSpeedRelative="0.45" duration="3"/>
    <step time="35400.00" loaded="20969" inserted="20962" running="67" waiting="7" ended="20895" arrived="20895" collisions="0" teleports="0" halting="6" stopped="0" meanWaitingTime="38.55" meanTravelTime="115.79" meanSpeed="6.53" meanSpeedRelative="0.47" duration="3"/>
    <step time="35700.00" loaded="21113" inserted="21106" running="47" waiting="7" ended="21059" arrived="21059" collisions="0" teleports="0" halting="15" stopped="0" meanWaitingTime="38.41" meanTravelTime="115.99" meanSpeed="5.29" meanSpeedRelative="0.38" duration="2"/>
    <step time="36000.00" loaded="21269" inserted="21262" running="45" waiting="7" ended="21217" arrived="21217" collisions="0" teleports="0" halting="18" stopped="0" meanWaitingTime="38.28" meanTravelTime="115.88" meanSpeed="4.12" meanSpeedRelative="0.30" duration="3"/>
    <step time="36300.00" loaded="21442" inserted="21425" running="55" waiting="17" ended="21370" arrived="21370" collisions="0" teleports="0" halting="38" stopped="0" meanWaitingTime="38.16" meanTravelTime="115.70" meanSpeed="2.30" meanSpeedRelative="0.17" duration="3"/>
    <step time="36600.00" loaded="21589" inserted="21580" running="64" waiting="9" ended="21516" arrived="21516" collisions="0" teleports="0" halting="7" stopped="0" meanWaitingTime="38.07" meanTravelTime="115.73" meanSpeed="4.78" meanSpeedRelative="0.34" duration="2"/>
    <step time="36900.00" loaded="21726" inserted="21705" running="36" waiting="21" ended="21669" arrived="21669" collisions="0" teleports="0" halting="12" stopped="0" meanWaitingTime="37.91" meanTravelTime="115.85" meanSpeed="3.90" meanSpeedRelative="0.28" duration="2"/>
    <step time="37200.00" loaded="21848" inserted="21824" running="54" waiting="24" ended="21770" arrived="21770" collisions="0" teleports="0" halting="39" stopped="0" meanWaitingTime="37.90" meanTravelTime="115.78" meanSpeed="2.06" meanSpeedRelative="0.15" duration="2"/>
    <step time="37500.00" loaded="21987" inserted="21950" running="66" waiting="37" ended="21884" arrived="21884" collisions="0" teleports="0" halting="15" stopped="0" meanWaitingTime="38.08" meanTravelTime="116.03" meanSpeed="5.54" meanSpeedRelative="0.40" duration="2"/>
    <step time="37800.00" loaded="22143" inserted="22103" running="67" waiting="40" ended="22036" arrived="22036" collisions="0" teleports="0" halting="34" stopped="0" meanWaitingTime="38.34" meanTravelTime="116.18" meanSpeed="4.21" meanSpeedRelative="0.30" duration="3"/>
    <step time="38100.00" loaded="22288" inserted="22244" running="56" waiting="44" ended="22188" arrived="22188" collisions="0" teleports="0" halting="23" stopped="0" meanWaitingTime="38.54" meanTravelTime="116.23" meanSpeed="4.28" meanSpeedRelative="0.31" duration="1"/>
    <step time="38400.00" loaded="22418" inserted="22387" running="59" waiting="31" ended="22328" arrived="22328" collisions="0" teleports="0" halting="25" stopped="0" meanWaitingTime="38.81" meanTravelTime="116.26" meanSpeed="3.72" meanSpeedRelative="0.27" duration="2"/>
    <step time="38700.00" loaded="22518" inserted="22504" running="63" waiting="14" ended="22441" arrived="22441" collisions="0" teleports="0" halting="42" stopped="0" meanWaitingTime="38.99" meanTravelTime="116.29" meanSpeed="2.57" meanSpeedRelative="0.18" duration="2"/>
    <step time="39000.00" loaded="22622" inserted="22589" running="59" waiting="33" ended="22530" arrived="22530" collisions="0" teleports="0" halting="6" stopped="0" meanWaitingTime="39.16" meanTravelTime="116.47" meanSpeed="6.06" meanSpeedRelative="0.44" duration="3"/>
    <step time="39300.00" loaded="22748" inserted="22709" running="51" waiting="39" ended="22658" arrived="22658" collisions="0" teleports="0" halting="23" stopped="0" meanWaitingTime="39.40" meanTravelTime="116.78" meanSpeed="3.60" meanSpeedRelative="0.26" duration="2"/>
    <step time="39600.00" loaded="22859" inserted="22818" running="45" waiting="41" ended="22773" arrived="22773" collisions="0" teleports="0" halting="24" stopped="0" meanWaitingTime="39.61" meanTravelTime="116.92" meanSpeed="3.32" meanSpeedRelative="0.24" duration="3"/>
    <step time="39900.00" loaded="22982" inserted="22953" running="80" waiting="29" ended="22873" arrived="22873" collisions="0" teleports="0" halting="64" stopped="0" meanWaitingTime="39.92" meanTravelTime="116.99" meanSpeed="1.53" meanSpeedRelative="0.11" duration="3"/>
    <step time="40200.00" loaded="23073" inserted="23052" running="53" waiting="21" ended="22999" arrived="22999" collisions="0" teleports="0" halting="22" stopped="0" meanWaitingTime="40.18" meanTravelTime="117.37" meanSpeed="2.73" meanSpeedRelative="0.20" duration="2"/>
    <step time="40500.00" loaded="23175" inserted="23151" running="47" waiting="24" ended="23104" arrived="23104" collisions="0" teleports="0" halting="11" stopped="0" meanWaitingTime="40.28" meanTravelTime="117.62" meanSpeed="5.74" meanSpeedRelative="0.44" duration="2"/>
    <step time="40800.00" loaded="23284" inserted="23252" running="39" waiting="32" ended="23213" arrived="23213" collisions="0" teleports="0" halting="11" stopped="0" meanWaitingTime="40.53" meanTravelTime="117.61" meanSpeed="5.73" meanSpeedRelative="0.41" duration="2"/>
    <step time="41100.00" loaded="23368" inserted="23344" running="51" waiting="24" ended="23293" arrived="23293" collisions="0" teleports="0" halting="23" stopped="0" meanWaitingTime="40.75" meanTravelTime="117.68" meanSpeed="4.27" meanSpeedRelative="0.31" duration="2"/>
    <step time="41400.00" loaded="23431" inserted="23421" running="23" waiting="10" ended="23398" arrived="23398" collisions="0" teleports="0" halting="17" stopped="0" meanWaitingTime="40.83" meanTravelTime="117.89" meanSpeed="2.53" meanSpeedRelative="0.18" duration="2"/>
    <step time="41700.00" loaded="23531" inserted="23507" running="50" waiting="24" ended="23457" arrived="23457" collisions="0" teleports="0" halting="22" stopped="0" meanWaitingTime="40.96" meanTravelTime="117.90" meanSpeed="4.63" meanSpeedRelative="0.33" duration="3"/>
    <step time="42000.00" loaded="23613" inserted="23584" running="26" waiting="29" ended="23558" arrived="23558" collisions="0" teleports="0" halting="9" stopped="0" meanWaitingTime="41.14" meanTravelTime="118.01" meanSpeed="4.30" meanSpeedRelative="0.31" duration="1"/>
    <step time="42300.00" loaded="23717" inserted="23693" running="46" waiting="24" ended="23647" arrived="23647" collisions="0" teleports="0" halting="8" stopped="0" meanWaitingTime="41.38" meanTravelTime="117.93" meanSpeed="6.50" meanSpeedRelative="0.47" duration="2"/>
    <step time="42600.00" loaded="23834" inserted="23798" running="45" waiting="36" ended="23753" arrived="23753" collisions="0" teleports="0" halting="9" stopped="0" meanWaitingTime="41.57" meanTravelTime="117.91" meanSpeed="7.30" meanSpeedRelative="0.53" duration="2"/>
    <step time="42900.00" loaded="23933" inserted="23908" running="49" waiting="25" ended="23859" arrived="23859" collisions="0" teleports="0" halting="11" stopped="0" meanWaitingTime="41.84" meanTravelTime="117.99" meanSpeed="5.10" meanSpeedRelative="0.37" duration="1"/>
    <step time="43200.00" loaded="24033" inserted="23998" running="25" waiting="35" ended="23973" arrived="23973" collisions="0" teleports="0" halting="8" stopped="0" meanWaitingTime="41.97" meanTravelTime="118.09" meanSpeed="6.67" meanSpeedRelative="0.48" duration="1"/>
    <step time="43500.00" loaded="24111" inserted="24101" running="43" waiting="10" ended="24058" arrived="24058" collisions="0" teleports="0" halting="9" stopped="0" meanWaitingTime="42.10" meanTravelTime="118.01" meanSpeed="6.34" meanSpeedRelative="0.46" duration="3"/>
    <step time="43800.00" loaded="24213" inserted="24196" running="40" waiting="17" ended="24156" arrived="24156" collisions="0" teleports="0" halting="17" stopped="0" meanWaitingTime="42.14" meanTravelTime="117.99" meanSpeed="5.74" meanSpeedRelative="0.41" duration="2"/>
    <step time="44100.00" loaded="24319" inserted="24308" running="62" waiting="11" ended="24246" arrived="24246" collisions="0" teleports="0" halting="29" stopped="0" meanWaitingTime="42.17" meanTravelTime="117.97" meanSpeed="4.09" meanSpeedRelative="0.29" duration="3"/>
    <step time="44400.00" loaded="24428" inserted="24407" running="76" waiting="21" ended="24331" arrived="24331" collisions="0" teleports="0" halting="62" stopped="0" meanWaitingTime="42.17" meanTravelTime="117.94" meanSpeed="0.80" meanSpeedRelative="0.06" duration="1"/>
    <step time="44700.00" loaded="24534" inserted="24491" running="49" waiting="43" ended="24442" arrived="24442" collisions="0" teleports="0" halting="16" stopped="0" meanWaitingTime="42.34" meanTravelTime="118.64" meanSpeed="3.76" meanSpeedRelative="0.27" duration="2"/>
    <step time="45000.00" loaded="24638" inserted="24589" running="39" waiting="49" ended="24550" arrived="24550" collisions="0" teleports="0" halting="4" stopped="0" meanWaitingTime="42.65" meanTravelTime="118.78" meanSpeed="5.98" meanSpeedRelative="0.43" duration="1"/>
    <step time="45300.00" loaded="24725" inserted="24701" running="68" waiting="24" ended="24633" arrived="24633" collisions="0" teleports="0" halting="16" stopped="0" meanWaitingTime="43.01" meanTravelTime="118.88" meanSpeed="3.69" meanSpeedRelative="0.27" duration="2"/>
    <step time="45600.00" loaded="24807" inserted="24780" running="41" waiting="27" ended="24739" arrived="24739" collisions="0" teleports="0" halting="29" stopped="0" meanWaitingTime="43.10" meanTravelTime="119.09" meanSpeed="2.96" meanSpeedRelative="0.21" duration="1"/>
    <step time="45900.00" loaded="24893" inserted="24847" running="37" waiting="46" ended="24810" arrived="24810" collisions="0" teleports="0" halting="35" stopped="0" meanWaitingTime="43.31" meanTravelTime="119.12" meanSpeed="0.57" meanSpeedRelative="0.04" duration="2"/>
    <step time="46200.00" loaded="24973" inserted="24926" running="54" waiting="47" ended="24872" arrived="24872" collisions="0" teleports="0" halting="49" stopped="0" meanWaitingTime="43.54" meanTravelTime="118.96" meanSpeed="0.62" meanSpeedRelative="0.04" duration="1"/>
    <step time="46500.00" loaded="25021" inserted="25021" running="83" waiting="0" ended="24938" arrived="24938" collisions="0" teleports="0" halting="83" stopped="0" meanWaitingTime="43.87" meanTravelTime="118.80" meanSpeed="0.00" meanSpeedRelative="0.00" duration="1"/>
    <step time="46800.00" loaded="25041" inserted="25041" running="86" waiting="0" ended="24955" arrived="24955" collisions="0" teleports="0" halting="84" stopped="0" meanWaitingTime="43.83" meanTravelTime="118.76" meanSpeed="0.21" meanSpeedRelative="0.02" duration="2"/>
    <step time="47100.00" loaded="25059" inserted="25059" running="81" waiting="0" ended="24978" arrived="24978" collisions="0" teleports="0" halting="78" stopped="0" meanWaitingTime="43.80" meanTravelTime="118.68" meanSpeed="0.21" meanSpeedRelative="0.02" duration="2"/>
    <step time="47400.00" loaded="25075" inserted="25075" running="80" waiting="0" ended="24995" arrived="24995" collisions="0" teleports="0" halting="80" stopped="0" meanWaitingTime="43.77" meanTravelTime="118.63" meanSpeed="0.00" meanSpeedRelative="0.00" duration="2"/>
    <step time="47700.00" loaded="25089" inserted="25089" running="81" waiting="0" ended="25008" arrived="25008" collisions="0" teleports="0" halting="81" stopped="0" meanWaitingTime="43.75" meanTravelTime="118.59" meanSpeed="0.00" meanSpeedRelative="0.00" duration="2"/>
    <step time="48000.00" loaded="25102" inserted="25102" running="83" waiting="0" ended="25019" arrived="25019" collisions="0" teleports="0" halting="81" stopped="0" meanWaitingTime="43.73" meanTravelTime="118.55" meanSpeed="0.18" meanSpeedRelative="0.01" duration="2"/>
    <step time="48300.00" loaded="25116" inserted="25116" running="82" waiting="0" ended="25034" arrived="25034" collisions="0" teleports="0" halting="81" stopped="0" meanWaitingTime="43.70" meanTravelTime="118.50" meanSpeed="0.04" meanSpeedRelative="0.00" duration="2"/>
    <step time="48600.00" loaded="25132" inserted="25132" running="83" waiting="0" ended="25049" arrived="25049" collisions="0" teleports="0" halting="81" stopped="0" meanWaitingTime="43.67" meanTravelTime="118.45" meanSpeed="0.19" meanSpeedRelative="0.01" duration="2"/>
    <step time="48900.00" loaded="25147" inserted="25147" running="87" waiting="0" ended="25060" arrived="25060" collisions="0" teleports="0" halting="85" stopped="0" meanWaitingTime="43.65" meanTravelTime="118.41" meanSpeed="0.08" meanSpeedRelative="0.01" duration="1"/>
    <step time="49200.00" loaded="25156" inserted="25156" running="81" waiting="0" ended="25075" arrived="25075" collisions="0" teleports="0" halting="81" stopped="0" meanWaitingTime="43.63" meanTravelTime="118.38" meanSpeed="0.00" meanSpeedRelative="0.00" duration="1"/>
</summary>
