<?xml version="1.0" encoding="UTF-8"?>

<!-- generated on 2025-02-28 18:26:45 by Eclipse SUMO GUI Version 1.19.0
<configuration xmlns:xsi="http://www.w3.org/2001/XMLSchema-instance" xsi:noNamespaceSchemaLocation="http://sumo.dlr.de/xsd/sumoConfiguration.xsd">

    <input>
        <net-file value="Network.net.xml"/>
        <route-files value="CarRoutes.rou.xml"/>
        <additional-files value="Sensors.add.xml"/>
    </input>

    <output>
        <emission-output value="logs/Emissions.xml"/>
        <summary-output value="logs/Log_summary.xml"/>
        <summary-output.period value="300"/>
        <tripinfo-output value="logs/TripInfos.xml"/>
    </output>

    <time>
        <begin value="0"/>
        <end value="86400"/>
        <step-length value="0.25"/>
    </time>

    <processing>
        <ignore-junction-blocker value="0.1"/>
        <time-to-teleport value="-1"/>
    </processing>

    <report>
        <verbose value="true"/>
        <no-step-log value="true"/>
    </report>

    <emissions>
        <device.emissions.period value="10"/>
    </emissions>

    <traci_server>
        <remote-port value="58705"/>
    </traci_server>

    <gui_only>
        <quit-on-end value="true"/>
        <start value="true"/>
    </gui_only>

</configuration>
-->

<instantE1 xmlns:xsi="http://www.w3.org/2001/XMLSchema-instance" xsi:noNamespaceSchemaLocation="http://sumo.dlr.de/xsd/instant_e1_file.xsd">
    <instantOut id="235_D025" time="129.82" state="enter" vehID="Car_434" speed="7.37" length="5.00" type="DEFAULT_CAR"/>
    <instantOut id="235_D025" time="130.00" state="stay" vehID="Car_434" speed="7.37" length="5.00" type="DEFAULT_CAR"/>
    <instantOut id="235_D025" time="130.25" state="stay" vehID="Car_434" speed="6.62" length="5.00" type="DEFAULT_CAR"/>
    <instantOut id="235_D025" time="130.50" state="stay" vehID="Car_434" speed="5.87" length="5.00" type="DEFAULT_CAR"/>
    <instantOut id="235_D025" time="130.60" state="leave" vehID="Car_434" speed="5.27" length="5.00" type="DEFAULT_CAR" occupancy="0.78"/>
    <instantOut id="235_D025" time="1209.75" state="enter" vehID="Car_1234" speed="9.13" length="5.00" type="DEFAULT_CAR" gap="1079.15"/>
    <instantOut id="235_D025" time="1209.75" state="stay" vehID="Car_1234" speed="9.13" length="5.00" type="DEFAULT_CAR"/>
    <instantOut id="235_D025" time="1210.00" state="stay" vehID="Car_1234" speed="8.38" length="5.00" type="DEFAULT_CAR"/>
    <instantOut id="235_D025" time="1210.25" state="stay" vehID="Car_1234" speed="7.63" length="5.00" type="DEFAULT_CAR"/>
    <instantOut id="235_D025" time="1210.39" state="leave" vehID="Car_1234" speed="6.88" length="5.00" type="DEFAULT_CAR" occupancy="0.64"/>
    <instantOut id="235_D025" time="1437.25" state="enter" vehID="Car_1219" speed="8.24" length="5.00" type="DEFAULT_CAR" gap="226.86"/>
    <instantOut id="235_D025" time="1437.50" state="stay" vehID="Car_1219" speed="8.24" length="5.00" type="DEFAULT_CAR"/>
    <instantOut id="235_D025" time="1437.75" state="stay" vehID="Car_1219" speed="7.51" length="5.00" type="DEFAULT_CAR"/>
    <instantOut id="235_D025" time="1437.89" state="leave" vehID="Car_1219" speed="7.48" length="5.00" type="DEFAULT_CAR" occupancy="0.64"/>
    <instantOut id="235_D025" time="9681.44" state="enter" vehID="Car_4351" speed="9.86" length="5.00" type="DEFAULT_CAR" gap="8243.55"/>
    <instantOut id="235_D025" time="9681.50" state="stay" vehID="Car_4351" speed="9.86" length="5.00" type="DEFAULT_CAR"/>
    <instantOut id="235_D025" time="9681.75" state="stay" vehID="Car_4351" speed="10.35" length="5.00" type="DEFAULT_CAR"/>
    <instantOut id="235_D025" time="9681.93" state="leave" vehID="Car_4351" speed="10.26" length="5.00" type="DEFAULT_CAR" occupancy="0.49"/>
    <instantOut id="235_D025" time="10457.00" state="enter" vehID="Car_5456" speed="7.17" length="5.00" type="DEFAULT_CAR" gap="775.07"/>
    <instantOut id="235_D025" time="10457.25" state="stay" vehID="Car_5456" speed="7.17" length="5.00" type="DEFAULT_CAR"/>
    <instantOut id="235_D025" time="10457.50" state="stay" vehID="Car_5456" speed="7.69" length="5.00" type="DEFAULT_CAR"/>
    <instantOut id="235_D025" time="10457.66" state="leave" vehID="Car_5456" speed="8.31" length="5.00" type="DEFAULT_CAR" occupancy="0.65"/>
    <instantOut id="235_D025" time="12721.01" state="enter" vehID="Car_7262" speed="8.32" length="5.00" type="DEFAULT_CAR" gap="2263.35"/>
    <instantOut id="235_D025" time="12721.25" state="stay" vehID="Car_7262" speed="8.32" length="5.00" type="DEFAULT_CAR"/>
    <instantOut id="235_D025" time="12721.50" state="stay" vehID="Car_7262" speed="7.57" length="5.00" type="DEFAULT_CAR"/>
    <instantOut id="235_D025" time="12721.66" state="leave" vehID="Car_7262" speed="6.82" length="5.00" type="DEFAULT_CAR" occupancy="0.65"/>
    <instantOut id="235_D025" time="13125.94" state="enter" vehID="Car_7257" speed="8.55" length="5.00" type="DEFAULT_CAR" gap="404.28"/>
    <instantOut id="235_D025" time="13126.00" state="stay" vehID="Car_7257" speed="8.55" length="5.00" type="DEFAULT_CAR"/>
    <instantOut id="235_D025" time="13126.25" state="stay" vehID="Car_7257" speed="7.80" length="5.00" type="DEFAULT_CAR"/>
    <instantOut id="235_D025" time="13126.50" state="stay" vehID="Car_7257" speed="7.05" length="5.00" type="DEFAULT_CAR"/>
    <instantOut id="235_D025" time="13126.63" state="leave" vehID="Car_7257" speed="6.30" length="5.00" type="DEFAULT_CAR" occupancy="0.68"/>
    <instantOut id="235_D025" time="14642.46" state="enter" vehID="Car_8420" speed="9.62" length="5.00" type="DEFAULT_CAR" gap="1515.83"/>
    <instantOut id="235_D025" time="14642.50" state="stay" vehID="Car_8420" speed="9.62" length="5.00" type="DEFAULT_CAR"/>
    <instantOut id="235_D025" time="14642.75" state="stay" vehID="Car_8420" speed="9.03" length="5.00" type="DEFAULT_CAR"/>
    <instantOut id="235_D025" time="14643.00" state="stay" vehID="Car_8420" speed="8.30" length="5.00" type="DEFAULT_CAR"/>
    <instantOut id="235_D025" time="14643.03" state="leave" vehID="Car_8420" speed="7.55" length="5.00" type="DEFAULT_CAR" occupancy="0.58"/>
    <instantOut id="235_D025" time="16421.99" state="enter" vehID="Car_8595" speed="6.64" length="5.00" type="DEFAULT_CAR" gap="1778.95"/>
    <instantOut id="235_D025" time="16422.00" state="stay" vehID="Car_8595" speed="6.64" length="5.00" type="DEFAULT_CAR"/>
    <instantOut id="235_D025" time="16422.25" state="stay" vehID="Car_8595" speed="7.33" length="5.00" type="DEFAULT_CAR"/>
    <instantOut id="235_D025" time="16422.50" state="stay" vehID="Car_8595" speed="6.98" length="5.00" type="DEFAULT_CAR"/>
    <instantOut id="235_D025" time="16422.71" state="leave" vehID="Car_8595" speed="6.47" length="5.00" type="DEFAULT_CAR" occupancy="0.72"/>
    <instantOut id="235_D025" time="16634.24" state="enter" vehID="Car_9164" speed="8.70" length="5.00" type="DEFAULT_CAR" gap="211.53"/>
    <instantOut id="235_D025" time="16634.25" state="stay" vehID="Car_9164" speed="8.70" length="5.00" type="DEFAULT_CAR"/>
    <instantOut id="235_D025" time="16634.50" state="stay" vehID="Car_9164" speed="7.95" length="5.00" type="DEFAULT_CAR"/>
    <instantOut id="235_D025" time="16634.75" state="stay" vehID="Car_9164" speed="7.20" length="5.00" type="DEFAULT_CAR"/>
    <instantOut id="235_D025" time="16634.92" state="leave" vehID="Car_9164" speed="6.45" length="5.00" type="DEFAULT_CAR" occupancy="0.68"/>
    <instantOut id="235_D025" time="18075.51" state="enter" vehID="Car_10515" speed="8.54" length="5.00" type="DEFAULT_CAR" gap="1440.59"/>
    <instantOut id="235_D025" time="18075.75" state="stay" vehID="Car_10515" speed="8.54" length="5.00" type="DEFAULT_CAR"/>
    <instantOut id="235_D025" time="18076.00" state="stay" vehID="Car_10515" speed="7.79" length="5.00" type="DEFAULT_CAR"/>
    <instantOut id="235_D025" time="18076.14" state="leave" vehID="Car_10515" speed="7.04" length="5.00" type="DEFAULT_CAR" occupancy="0.63"/>
    <instantOut id="235_D025" time="18138.48" state="enter" vehID="Car_10439" speed="9.74" length="5.00" type="DEFAULT_CAR" gap="62.34"/>
    <instantOut id="235_D025" time="18138.50" state="stay" vehID="Car_10439" speed="9.74" length="5.00" type="DEFAULT_CAR"/>
    <instantOut id="235_D025" time="18138.75" state="stay" vehID="Car_10439" speed="8.99" length="5.00" type="DEFAULT_CAR"/>
    <instantOut id="235_D025" time="18139.00" state="stay" vehID="Car_10439" speed="8.24" length="5.00" type="DEFAULT_CAR"/>
    <instantOut id="235_D025" time="18139.07" state="leave" vehID="Car_10439" speed="7.49" length="5.00" type="DEFAULT_CAR" occupancy="0.59"/>
    <instantOut id="235_D025" time="19096.56" state="enter" vehID="Car_10630" speed="6.31" length="5.00" type="DEFAULT_CAR" gap="957.49"/>
    <instantOut id="235_D025" time="19096.75" state="stay" vehID="Car_10630" speed="6.31" length="5.00" type="DEFAULT_CAR"/>
    <instantOut id="235_D025" time="19097.00" state="stay" vehID="Car_10630" speed="5.68" length="5.00" type="DEFAULT_CAR"/>
    <instantOut id="235_D025" time="19097.25" state="stay" vehID="Car_10630" speed="4.93" length="5.00" type="DEFAULT_CAR"/>
    <instantOut id="235_D025" time="19097.50" state="stay" vehID="Car_10630" speed="4.18" length="5.00" type="DEFAULT_CAR"/>
    <instantOut id="235_D025" time="19097.53" state="leave" vehID="Car_10630" speed="3.43" length="5.00" type="DEFAULT_CAR" occupancy="0.97"/>
    <instantOut id="235_D025" time="19766.98" state="enter" vehID="Car_11071" speed="9.76" length="5.00" type="DEFAULT_CAR" gap="669.46"/>
    <instantOut id="235_D025" time="19767.00" state="stay" vehID="Car_11071" speed="9.76" length="5.00" type="DEFAULT_CAR"/>
    <instantOut id="235_D025" time="19767.25" state="stay" vehID="Car_11071" speed="9.42" length="5.00" type="DEFAULT_CAR"/>
    <instantOut id="235_D025" time="19767.50" state="stay" vehID="Car_11071" speed="8.76" length="5.00" type="DEFAULT_CAR"/>
    <instantOut id="235_D025" time="19767.54" state="leave" vehID="Car_11071" speed="8.01" length="5.00" type="DEFAULT_CAR" occupancy="0.55"/>
    <instantOut id="235_D025" time="21526.69" state="enter" vehID="Car_11645" speed="9.90" length="5.00" type="DEFAULT_CAR" gap="1759.15"/>
    <instantOut id="235_D025" time="21526.75" state="stay" vehID="Car_11645" speed="9.90" length="5.00" type="DEFAULT_CAR"/>
    <instantOut id="235_D025" time="21527.00" state="stay" vehID="Car_11645" speed="10.01" length="5.00" type="DEFAULT_CAR"/>
    <instantOut id="235_D025" time="21527.20" state="leave" vehID="Car_11645" speed="9.31" length="5.00" type="DEFAULT_CAR" occupancy="0.51"/>
    <instantOut id="235_D025" time="22259.24" state="enter" vehID="Car_11979" speed="8.92" length="5.00" type="DEFAULT_CAR" gap="732.04"/>
    <instantOut id="235_D025" time="22259.25" state="stay" vehID="Car_11979" speed="8.92" length="5.00" type="DEFAULT_CAR"/>
    <instantOut id="235_D025" time="22259.50" state="stay" vehID="Car_11979" speed="8.24" length="5.00" type="DEFAULT_CAR"/>
    <instantOut id="235_D025" time="22259.75" state="stay" vehID="Car_11979" speed="7.49" length="5.00" type="DEFAULT_CAR"/>
    <instantOut id="235_D025" time="22259.89" state="leave" vehID="Car_11979" speed="6.91" length="5.00" type="DEFAULT_CAR" occupancy="0.65"/>
    <instantOut id="235_D025" time="25573.45" state="enter" vehID="Car_14350" speed="8.64" length="5.00" type="DEFAULT_CAR" gap="3313.56"/>
    <instantOut id="235_D025" time="25573.50" state="stay" vehID="Car_14350" speed="8.64" length="5.00" type="DEFAULT_CAR"/>
    <instantOut id="235_D025" time="25573.75" state="stay" vehID="Car_14350" speed="7.89" length="5.00" type="DEFAULT_CAR"/>
    <instantOut id="235_D025" time="25574.00" state="stay" vehID="Car_14350" speed="7.14" length="5.00" type="DEFAULT_CAR"/>
    <instantOut id="235_D025" time="25574.13" state="leave" vehID="Car_14350" speed="6.39" length="5.00" type="DEFAULT_CAR" occupancy="0.68"/>
    <instantOut id="235_D025" time="26020.70" state="enter" vehID="Car_15195" speed="10.15" length="5.00" type="DEFAULT_CAR" gap="446.57"/>
    <instantOut id="235_D025" time="26020.75" state="stay" vehID="Car_15195" speed="10.15" length="5.00" type="DEFAULT_CAR"/>
    <instantOut id="235_D025" time="26021.00" state="stay" vehID="Car_15195" speed="9.92" length="5.00" type="DEFAULT_CAR"/>
    <instantOut id="235_D025" time="26021.22" state="leave" vehID="Car_15195" speed="9.42" length="5.00" type="DEFAULT_CAR" occupancy="0.51"/>
    <instantOut id="235_D025" time="26073.49" state="enter" vehID="Car_15193" speed="8.51" length="5.00" type="DEFAULT_CAR" gap="52.27"/>
    <instantOut id="235_D025" time="26073.50" state="stay" vehID="Car_15193" speed="8.51" length="5.00" type="DEFAULT_CAR"/>
    <instantOut id="235_D025" time="26073.75" state="stay" vehID="Car_15193" speed="7.93" length="5.00" type="DEFAULT_CAR"/>
    <instantOut id="235_D025" time="26074.00" state="stay" vehID="Car_15193" speed="7.18" length="5.00" type="DEFAULT_CAR"/>
    <instantOut id="235_D025" time="26074.18" state="leave" vehID="Car_15193" speed="6.43" length="5.00" type="DEFAULT_CAR" occupancy="0.69"/>
    <instantOut id="235_D025" time="26363.73" state="enter" vehID="Car_15650" speed="9.34" length="5.00" type="DEFAULT_CAR" gap="289.55"/>
    <instantOut id="235_D025" time="26363.75" state="stay" vehID="Car_15650" speed="9.34" length="5.00" type="DEFAULT_CAR"/>
    <instantOut id="235_D025" time="26364.00" state="stay" vehID="Car_15650" speed="8.91" length="5.00" type="DEFAULT_CAR"/>
    <instantOut id="235_D025" time="26364.25" state="stay" vehID="Car_15650" speed="8.16" length=25" time="20447.05" state="enter" vehID="Car_11466" speed="6.55" length="5.00" type="DEFAULT_CAR" gap="1573.36"/>
    <instantOut id="235_D025" time="20447.25" state="stay" vehID="Car_11466" speed="6.55" length="5.00" type="DEFAULT_CAR"/>
    <instantOut id="235_D025" time="20447.50" state="stay" vehID="Car_11466" speed="5.80" length="5.00" type="DEFAULT_CAR"/>
    <instantOut id="235_D025" time="20447.75" state="stay" vehID="Car_11466" speed="5.05" length="5.00" type="DEFAULT_CAR"/>
    <instantOut id="235_D025" time="20447.98" state="leave" vehID="Car_11466" speed="4.30" length="5.00" type="DEFAULT_CAR" occupancy="0.93"/>
    <instantOut id="235_D025" time="20473.18" state="enter" vehID="Car_11099" speed="10.73" length="5.00" type="DEFAULT_CAR" gap="25.19"/>
    <instantOut id="235_D025" time="20473.25" state="stay" vehID="Car_11099" speed="10.73" length="5.00" type="DEFAULT_CAR"/>
    <instantOut id="235_D025" time="20473.50" state="stay" vehID="Car_11099" speed="10.26" length="5.00" type="DEFAULT_CAR"/>
    <instantOut id="235_D025" time="20473.67" state="leave" vehID="Car_11099" speed="9.51" length="5.00" type="DEFAULT_CAR" occupancy="0.50"/>
    <instantOut id="235_D025" time="20769.73" state="enter" vehID="Car_11710" speed="9.16" length="5.00" type="DEFAULT_CAR" gap="296.06"/>
    <instantOut id="235_D025" time="20769.75" state="stay" vehID="Car_11710" speed="9.16" length="5.00" type="DEFAULT_CAR"/>
    <instantOut id="235_D025" time="20770.00" state="stay" vehID="Car_11710" speed="10.09" length="5.00" type="DEFAULT_CAR"/>
    <instantOut id="235_D025" time="20770.24" state="leave" vehID="Car_11710" speed="9.68" length="5.00" type="DEFAULT_CAR" occupancy="0.51"/>
    <instantOut id="235_D025" time="24866.47" state="enter" vehID="Car_13982" speed="9.45" length="5.00" type="DEFAULT_CAR" gap="4096.23"/>
    <instantOut id="235_D025" time="24866.50" state="stay" vehID="Car_13982" speed="9.45" length="5.00" type="DEFAULT_CAR"/>
    <instantOut id="235_D025" time="24866.75" state="stay" vehID="Car_13982" speed="10.08" length="5.00" type="DEFAULT_CAR"/>
    <instantOut id="235_D025" time="24866.97" state="leave" vehID="Car_13982" speed="10.18" length="5.00" type="DEFAULT_CAR" occupancy="0.50"/>
    <instantOut id="235_D025" time="25232.69" state="enter" vehID="Car_14651" speed="9.80" length="5.00" type="DEFAULT_CAR" gap="365.72"/>
    <instantOut id="235_D025" time="25232.75" state="stay" vehID="Car_14651" speed="9.80" length="5.00" type="DEFAULT_CAR"/>
    <instantOut id="235_D025" time="25233.00" state="stay" vehID="Car_14651" speed="9.05" length="5.00" type="DEFAULT_CAR"/>
    <instantOut id="235_D025" time="25233.25" state="stay" vehID="Car_14651" speed="8.30" length="5.00" type="DEFAULT_CAR"/>
    <instantOut id="235_D025" time="25233.26" state="leave" vehID="Car_14651" speed="7.55" length="5.00" type="DEFAULT_CAR" occupancy="0.57"/>
    <instantOut id="235_D025" time="25940.42" state="enter" vehID="Car_14565" speed="8.15" length="5.00" type="DEFAULT_CAR" gap="707.16"/>
    <instantOut id="235_D025" time="25940.50" state="stay" vehID="Car_14565" speed="8.15" length="5.00" type="DEFAULT_CAR"/>
    <instantOut id="235_D025" time="25940.75" state="stay" vehID="Car_14565" speed="7.40" length="5.00" type="DEFAULT_CAR"/>
    <instantOut id="235_D025" time="25941.00" state="stay" vehID="Car_14565" speed="6.73" length="5.00" type="DEFAULT_CAR"/>
    <instantOut id="235_D025" time="25941.13" state="leave" vehID="Car_14565" speed="6.15" length="5.00" type="DEFAULT_CAR" occupancy="0.71"/>
    <instantOut id="235_D025" time="26900.76" state="enter" vehID="Car_15368" speed="8.23" length="5.00" type="DEFAULT_CAR" gap="959.64"/>
    <instantOut id="235_D025" time="26901.00" state="stay" vehID="Car_15368" speed="8.23" length="5.00" type="DEFAULT_CAR"/>
    <instantOut id="235_D025" time="26901.25" state="stay" vehID="Car_15368" speed="7.48" length="5.00" type="DEFAULT_CAR"/>
    <instantOut id="235_D025" time="26901.42" state="leave" vehID="Car_15368" speed="6.83" length="5.00" type="DEFAULT_CAR" occupancy="0.66"/>
    <instantOut"id="235_D025" time="28674.46" state="enter" vehID="Car_16814" speed="9.85" length="5.00" type="DEFAULT_CAR" gap="1773.04"/>
    <instantOut id="235_D025" time="28674.50" state="stay" vehID="Car_16814" speed="9.85" length="5.00" type="DEFAULT_CAR"/>
    <instantOut id="235_D025" time="28674.75" state="stay" vehID="Car_16814" speed="9.57" length="5.00" type="DEFAULT_CAR"/>
    <instantOut id="235_D025" time="28675.00" state="stay" vehID="Car_16814" speed="8.82" length="5.00" type="DEFAULT_CAR"/>
    <instantOut id="235_D025" time="28675.00" state="leave" vehID="Car_16814" speed="8.07" length="5.00" type="DEFAULT_CAR" occupancy="0.54"/>
    <instantOut id="235_D025" time="28958.78" state="enter" vehID="Car_17085" speed="6.55" length="5.00" type="DEFAULT_CAR" gap="283.78"/>
    <instantOut id="235_D025" time="28959.00" state="stay" vehID="Car_17085" speed="6.55" length="5.00" type="DEFAULT_CAR"/>
    <instantOut id="235_D025" time="28959.25" state="stay" vehID="Car_17085" speed="5.80" length="5.00" type="DEFAULT_CAR"/>
    <instantOut id="235_D025" time="28959.50" state="stay" vehID="Car_17085" speed="5.05" length="5.00" type="DEFAULT_CAR"/>
    <instantOut id="235_D025" time="28959.70" state="leave" vehID="Car_17085" speed="4.30" length="5.00" type="DEFAULT_CAR" occupancy="0.92"/>
    <instantOut id="235_D025" time="30665.74" state="enter" vehID="Car_18272" speed="8.87" length="5.00" type="DEFAULT_CAR" gap="1706.05"/>
    <instantOut id="235_D025" time="30665.75" state="stay" vehID="Car_18272" speed="8.87" length="5.00" type="DEFAULT_CAR"/>
    <instantOut id="235_D025" time="30666.00" state="stay" vehID="Car_18272" speed="8.12" length="5.00" type="DEFAULT_CAR"/>
    <instantOut id="235_D025" time="30666.25" state="stay" vehID="Car_18272" speed="7.37" length="5.00" type="DEFAULT_CAR"/>
    <instantOut id="235_D025" time="30666.41" state="leave" vehID="Car_18272" speed="6.70" length="5.00" type="DEFAULT_CAR" occupancy="0.67"/>
    <instantOut id="235_D025" time="32328.42" state="enter" vehID="Car_19373" speed="10.46" length="5.00" type="DEFAULT_CAR" gap="1662.01"/>
    <instantOut id="235_D025" time="32328.50" state="stay" vehID="Car_19373" speed="10.46" length="5.00" type="DEFAULT_CAR"/>
    <instantOut id="235_D025" time="32328.75" state="stay" vehID="Car_19373" speed="11.31" length="5.00" type="DEFAULT_CAR"/>
    <instantOut id="235_D025" time="32328.88" state="leave" vehID="Car_19373" speed="10.56" length="5.00" type="DEFAULT_CAR" occupancy="0.46"/>
    <instantOut id="235_D025" time="33758.71" state="enter" vehID="Car_20227" speed="9.51" length="5.00" type="DEFAULT_CAR" gap="1429.83"/>
    <instantOut id="235_D025" time="33758.75" state="stay" vehID="Car_20227" speed="9.51" length="5.00" type="DEFAULT_CAR"/>
    <instantOut id="235_D025" time="33759.00" state="stay" vehID="Car_20227" speed="10.32" length="5.00" type="DEFAULT_CAR"/>
    <instantOut id="235_D025" time="33759.21" state="leave" vehID="Car_20227" speed="9.57" length="5.00" type="DEFAULT_CAR" occupancy="0.50"/>
    <instantOut id="235_D025" time="35030.50" state="enter" vehID="Car_20686" speed="8.71" length="5.00" type="DEFAULT_CAR" gap="1271.29"/>
    <instantOut id="235_D025" time="35030.50" state="stay" vehID="Car_20686" speed="8.71" length="5.00" type="DEFAULT_CAR"/>
    <instantOut id="235_D025" time="35030.75" state="stay" vehID="Car_20686" speed="8.02" length="5.00" type="DEFAULT_CAR"/>
    <instantOut id="235_D025" time="35031.00" state="stay" vehID="Car_20686" speed="7.74" length="5.00" type="DEFAULT_CAR"/>
    <instantOut id="235_D025" time="35031.15" state="leave" vehID="Car_20686" speed="7.13" length="5.00" type="DEFAULT_CAR" occupancy="0.65"/>
    <instantOut id="235_D025" time="35034.27" state="enter" vehID="Car_21205" speed="8.49" length="5.00" type="DEFAULT_CAR" gap="3.13"/>
    <instantOut id="235_D025" time="35034.50" state="stay" vehID="Car_21205" speed="8.49" length="5.00" type="DEFAULT_CAR"/>
    <instantOut id="235_D025" time="35034.75" state="stay" vehID="Car_21205" speed="7.99" length="5.00" type="DEFAULT_CAR"/>
    <instantOut id="233_D025" time="35034.90" state="leave" vehID="Car_21205" speed="7.38" length="5.00" type="DEFAULT_CAR" occupancy="0.62"/>
    <instantOut id="235_D025" time="36499.20" state="enter" vehID="Car_21700" speed="9.82" length="5.00" type="DEFAULT_CAR" gap="1464.31"/>
    <instantOut id="235_D025" time="36499.25" state="stay" vehID="Car_21700" speed="9.82" length="5.00" type="DEFAULT_CAR"/>
    <instantOut id="235_D025" time="36499.50" state="stay" vehID="Car_21700" speed="10.62" length="5.00" type="DEFAULT_CAR"/>
    <instantOut id="235_D025" time="36499.68" state="leave" vehID="Car_21700" speed="10.72" length="5.00" type="DEFAULT_CAR" occupancy="0.47"/>
    <instantOut id="235_D025" time="36966.07" state="enter" vehID="Car_21904" speed="6.76" length="5.00" type="DEFAULT_CAR" gap="466.40"/>
    <instantOut id="235_D025" time="36966.25" state="stay" vehID="Car_21904" speed="6.76" length="5.00" type="DEFAULT_CAR"/>
    <instantOut id="235_D025" time="36966.50" state="stay" vehID="Car_21904" speed="7.52" length="5.00" type="DEFAULT_CAR"/>
    <instantOut id="235_D025" time="36966.73" state="leave" vehID="Car_21904" speed="8.21" length="5.00" type="DEFAULT_CAR" occupancy="0.66"/>
    <instantOut id="235_D025" time="37111.79" state="enter" vehID="Car_22089" speed="6.96" length="5.00" type="DEFAULT_CAR" gap="145.06"/>
    <instantOut id="235_D025" time="37112.00" state="stay" vehID="Car_22089" speed="6.96" length="5.00" type="DEFAULT_CAR"/>
    <instantOut id="235_D025" time="37112.25" state="stay" vehID="Car_22089" speed="6.21" length="5.00" type="DEFAULT_CAR"/>
    <instantOut id="235_D025" time="37112.50" state="stay" vehID="Car_22089" speed="5.88" length="5.00" type="DEFAULT_CAR"/>
    <instantOut id="235_D025" time="37112.60" state="leave" vehID="Car_22089" speed="5.13" length="5.00" type="DEFAULT_CAR" occupancy="0.81"/>
    <instantOut id="235_D025" time="40216.70" state="enter" vehID="Car_23198" speed="9.63" length="5.00" type="DEFAULT_CAR" gap="3104.10"/>
    <instantOut id="235_D025" time="40216.75" state="stay" vehID="Car_23198" speed="9.63" length="5.00" type="DEFAULT_CAR"/>
    <instantOut id="235_D025" time="40217.00" state="stay" vehID="Car_23198" speed="10.51" length="5.00" type="DEFAULT_CAR"/>
    <instantOut id="235_D025" time="40217.17" state="leave" vehID="Car_23198" speed="11.15" length="5.00" type="DEFAULT_CAR" occupancy="0.47"/>
    <instantOut id="235_D025" time="43682.50" state="enter" vehID="Car_24278" speed="9.44" length="5.00" type="DEFAULT_CAR" gap="3465.33"/>
    <instantOut id="235_D025" time="43682.50" state="stay" vehID="Car_24278" speed="9.44" length="5.00" type="DEFAULT_CAR"/>
    <instantOut id="235_D025" time="43682.75" state="stay" vehID="Car_24278" speed="9.01" length="5.00" type="DEFAULT_CAR"/>
    <instantOut id="235_D025" time="43683.00" state="stay" vehID="Car_24278" speed="8.26" length="5.00" type="DEFAULT_CAR"/>
    <instantOut id="235_D025" time="43683.09" state="leave" vehID="Car_24278" speed="7.51" length="5.00" type="DEFAULT_CAR" occupancy="0.59"/>
    <instantOut id="235_D025" time="43770.44" state="enter" vehID="Car_24281" speed="10.95" length="5.00" type="DEFAULT_CAR" gap="87.35"/>
    <instantOut id="235_D025" time="43770.50" state="stay" vehID="Car_24281" speed="10.95" length="5.00" type="DEFAULT_CAR"/>
    <instantOut id="235_D025" time="43770.75" state="stay" vehID="Car_24281" speed="10.35" length="5.00" type="DEFAULT_CAR"/>
    <instantOut id="235_D025" time="43770.93" state="leave" vehID="Car_24281" speed="9.73" length="5.00" type="DEFAULT_CAR" occupancy="0.49"/>
</instantE1>
00" type="DEFAULT_CAR"/>
    <instantOut id="235_D025" time="42582.00" state="stay" vehID="Car_24220" speed="10.55" length="5.00" type="DEFAULT_CAR"/>
    <instantOut id="235_D025" time="42582.18" state="leave" vehID="Car_24220" speed="9.80" length="5.00" type="DEFAULT_CAR" occupancy="0.48"/>
</instantE1>
