<?xml version="1.0" encoding="UTF-8"?>

<!-- generated on 2025-02-28 18:11:23 by Eclipse SUMO GUI Version 1.19.0
<configuration xmlns:xsi="http://www.w3.org/2001/XMLSchema-instance" xsi:noNamespaceSchemaLocation="http://sumo.dlr.de/xsd/sumoConfiguration.xsd">

    <input>
        <net-file value="Network.net.xml"/>
        <route-files value="CarRoutes.rou.xml"/>
        <additional-files value="Sensors.add.xml"/>
    </input>

    <output>
        <emission-output value="logs/Emissions.xml"/>
        <summary-output value="logs/Log_summary.xml"/>
        <summary-output.period value="300"/>
        <tripinfo-output value="logs/TripInfos.xml"/>
    </output>

    <time>
        <begin value="0"/>
        <end value="86400"/>
        <step-length value="0.25"/>
    </time>

    <processing>
        <ignore-junction-blocker value="0.1"/>
        <time-to-teleport value="-1"/>
    </processing>

    <report>
        <verbose value="true"/>
        <no-step-log value="true"/>
    </report>

    <emissions>
        <device.emissions.period value="10"/>
    </emissions>

    <traci_server>
        <remote-port value="58244"/>
    </traci_server>

    <gui_only>
        <quit-on-end value="true"/>
        <start value="true"/>
    </gui_only>

</configuration>
-->

<summary xmlns:xsi="http://www.w3.org/2001/XMLSchema-instance" xsi:noNamespaceSchemaLocation="http://sumo.dlr.de/xsd/summary_file.xsd">
    <step time="0.00" loaded="0" inserted="0" running="0" waiting="0" ended="0" arrived="0" collisions="0" teleports="0" halting="0" stopped="0" meanWaitingTime="-1.00" meanTravelTime="-1.00" meanSpeed="-1.00" meanSpeedRelative="-1.00" duration="0"/>
    <step time="300.00" loaded="213" inserted="197" running="91" waiting="16" ended="106" arrived="106" collisions="0" teleports="0" halting="43" stopped="0" meanWaitingTime="14.08" meanTravelTime="79.10" meanSpeed="3.93" meanSpeedRelative="0.28" duration="1"/>
    <step time="600.00" loaded="377" inserted="368" running="68" waiting="9" ended="300" arrived="300" collisions="0" teleports="0" halting="22" stopped="0" meanWaitingTime="13.63" meanTravelTime="112.03" meanSpeed="5.43" meanSpeedRelative="0.39" duration="3"/>
    <step time="900.00" loaded="532" inserted="524" running="56" waiting="8" ended="468" arrived="468" collisions="0" teleports="0" halting="32" stopped="0" meanWaitingTime="12.41" meanTravelTime="110.13" meanSpeed="3.56" meanSpeedRelative="0.26" duration="1"/>
    <step time="1200.00" loaded="703" inserted="689" running="51" waiting="14" ended="638" arrived="638" collisions="0" teleports="0" halting="6" stopped="0" meanWaitingTime="14.73" meanTravelTime="109.37" meanSpeed="8.63" meanSpeedRelative="0.62" duration="1"/>
    <step time="1500.00" loaded="867" inserted="847" running="53" waiting="20" ended="794" arrived="794" collisions="0" teleports="0" halting="13" stopped="0" meanWaitingTime="15.94" meanTravelTime="107.39" meanSpeed="5.32" meanSpeedRelative="0.38" duration="1"/>
    <step time="1800.00" loaded="1028" inserted="1010" running="51" waiting="18" ended="959" arrived="959" collisions="0" teleports="0" halting="20" stopped="0" meanWaitingTime="18.94" meanTravelTime="107.12" meanSpeed="4.85" meanSpeedRelative="0.35" duration="1"/>
    <step time="2100.00" loaded="1187" inserted="1172" running="59" waiting="15" ended="1113" arrived="1113" collisions="0" teleports="0" halting="37" stopped="0" meanWaitingTime="17.81" meanTravelTime="105.41" meanSpeed="4.05" meanSpeedRelative="0.29" duration="1"/>
    <step time="2400.00" loaded="1332" inserted="1316" running="36" waiting="16" ended="1280" arrived="1280" collisions="0" teleports="0" halting="19" stopped="0" meanWaitingTime="17.90" meanTravelTime="105.88" meanSpeed="3.77" meanSpeedRelative="0.27" duration="1"/>
    <step time="2700.00" loaded="1475" inserted="1472" running="46" waiting="3" ended="1426" arrived="1426" collisions="0" teleports="0" halting="12" stopped="0" meanWaitingTime="17.99" meanTravelTime="103.99" meanSpeed="5.52" meanSpeedRelative="0.40" duration="0"/>
    <step time="3000.00" loaded="1633" inserted="1626" running="48" waiting="7" ended="1578" arrived="1578" collisions="0" teleports="0" halting="27" stopped="0" meanWaitingTime="16.91" meanTravelTime="104.64" meanSpeed="3.52" meanSpeedRelative="0.25" duration="1"/>
    <step time="3300.00" loaded="1805" inserted="1783" running="59" waiting="22" ended="1724" arrived="1724" collisions="0" teleports="0" halting="10" stopped="0" meanWaitingTime="17.57" meanTravelTime="105.45" meanSpeed="6.60" meanSpeedRelative="0.48" duration="0"/>
    <step time="3600.00" loaded="1938" inserted="1924" running="39" waiting="14" ended="1885" arrived="1885" collisions="0" teleports="0" halting="11" stopped="0" meanWaitingTime="19.25" meanTravelTime="104.99" meanSpeed="5.42" meanSpeedRelative="0.39" duration="1"/>
    <step time="3900.00" loaded="2100" inserted="2100" running="73" waiting="0" ended="2027" arrived="2027" collisions="0" teleports="0" halting="29" stopped="0" meanWaitingTime="18.52" meanTravelTime="104.91" meanSpeed="3.66" meanSpeedRelative="0.26" duration="1"/>
    <step time="4200.00" loaded="2231" inserted="2226" running="57" waiting="5" ended="2169" arrived="2169" collisions="0" teleports="0" halting="24" stopped="0" meanWaitingTime="18.57" meanTravelTime="106.89" meanSpeed="3.78" meanSpeedRelative="0.27" duration="1"/>
    <step time="4500.00" loaded="2406" inserted="2405" running="69" waiting="1" ended="2336" arrived="2336" collisions="0" teleports="0" halting="30" stopped="0" meanWaitingTime="17.80" meanTravelTime="108.61" meanSpeed="4.44" meanSpeedRelative="0.32" duration="2"/>
    <step time="4800.00" loaded="2563" inserted="2557" running="43" waiting="6" ended="2514" arrived="2514" collisions="0" teleports="0" halting="15" stopped="0" meanWaitingTime="17.00" meanTravelTime="108.23" meanSpeed="4.92" meanSpeedRelative="0.35" duration="2"/>
    <step time="5100.00" loaded="2729" inserted="2719" running="61" waiting="10" ended="2658" arrived="2658" collisions="0" teleports="0" halting="7" stopped="0" meanWaitingTime="17.58" meanTravelTime="107.81" meanSpeed="5.78" meanSpeedRelative="0.42" duration="1"/>
    <step time="5400.00" loaded="2882" inserted="2880" running="54" waiting="2" ended="2826" arrived="2826" collisions="0" teleports="0" halting="11" stopped="0" meanWaitingTime="17.01" meanTravelTime="108.41" meanSpeed="5.86" meanSpeedRelative="0.45" duration="1"/>
    <step time="5700.00" loaded="3070" inserted="3055" running="71" waiting="15" ended="2984" arrived="2984" collisions="0" teleports="0" halting="34" stopped="0" meanWaitingTime="16.41" meanTravelTime="108.40" meanSpeed="4.42" meanSpeedRelative="0.32" duration="2"/>
    <step time="6000.00" loaded="3196" inserted="3193" running="36" waiting="3" ended="3157" arrived="3157" collisions="0" teleports="0" halting="15" stopped="0" meanWaitingTime="16.43" meanTravelTime="109.11" meanSpeed="5.06" meanSpeedRelative="0.36" duration="1"/>
    <step time="6300.00" loaded="3358" inserted="3341" running="72" waiting="17" ended="3269" arrived="3269" collisions="0" teleports="0" halting="23" stopped="0" meanWaitingTime="16.46" meanTravelTime="109.08" meanSpeed="4.47" meanSpeedRelative="0.32" duration="1"/>
    <step time="6600.00" loaded="3518" inserted="3510" running="67" waiting="8" ended="3443" arrived="3443" collisions="0" teleports="0" halting="16" stopped="0" meanWaitingTime="16.63" meanTravelTime="109.33" meanSpeed="5.00" meanSpeedRelative="0.36" duration="1"/>
    <step time="6900.00" loaded="3702" inserted="3685" running="56" waiting="17" ended="3629" arrived="3629" collisions="0" teleports="0" halting="20" stopped="0" meanWaitingTime="16.61" meanTravelTime="109.56" meanSpeed="4.63" meanSpeedRelative="0.33" duration="1"/>
    <step time="7200.00" loaded="3857" inserted="3837" running="59" waiting="20" ended="3778" arrived="3778" collisions="0" teleports="0" halting="29" stopped="0" meanWaitingTime="17.14" meanTravelTime="109.46" meanSpeed="4.31" meanSpeedRelative="0.31" duration="1"/>
    <step time="7500.00" loaded="4008" inserted="3994" running="45" waiting="14" ended="3949" arrived="3949" collisions="0" teleports="0" halting="21" stopped="0" meanWaitingTime="17.76" meanTravelTime="109.80" meanSpeed="4.43" meanSpeedRelative="0.32" duration="1"/>
    <step time="7800.00" loaded="4164" inserted="4141" running="49" waiting="23" ended="4092" arrived="4092" collisions="0" teleports="0" halting="12" stopped="0" meanWaitingTime="18.35" meanTravelTime="109.41" meanSpeed="5.13" meanSpeedRelative="0.38" duration="1"/>
    <step time="8100.00" loaded="4337" inserted="4322" running="63" waiting="15" ended="4259" arrived="4259" collisions="0" teleports="0" halting="21" stopped="0" meanWaitingTime="19.41" meanTravelTime="109.10" meanSpeed="4.57" meanSpeedRelative="0.34" duration="1"/>
    <step time="8400.00" loaded="4520" inserted="4516" running="65" waiting="4" ended="4451" arrived="4451" collisions="0" teleports="0" halting="18" stopped="0" meanWaitingTime="19.34" meanTravelTime="108.70" meanSpeed="5.87" meanSpeedRelative="0.42" duration="2"/>
    <step time="8700.00" loaded="4690" inserted="4685" running="63" waiting="5" ended="4622" arrived="4622" collisions="0" teleports="0" halting="21" stopped="0" meanWaitingTime="19.09" meanTravelTime="108.68" meanSpeed="5.44" meanSpeedRelative="0.39" duration="2"/>
    <step time="9000.00" loaded="4877" inserted="4860" running="63" waiting="17" ended="4797" arrived="4797" collisions="0" teleports="0" halting="19" stopped="0" meanWaitingTime="18.89" meanTravelTime="108.15" meanSpeed="4.29" meanSpeedRelative="0.31" duration="3"/>
    <step time="9300.00" loaded="5065" inserted="5046" running="58" waiting="19" ended="4988" arrived="4988" collisions="0" teleports="0" halting="19" stopped="0" meanWaitingTime="18.84" meanTravelTime="108.24" meanSpeed="5.35" meanSpeedRelative="0.39" duration="1"/>
    <step time="9600.00" loaded="5235" inserted="5224" running="74" waiting="11" ended="5150" arrived="5150" collisions="0" teleports="0" halting="13" stopped="0" meanWaitingTime="19.26" meanTravelTime="107.81" meanSpeed="6.13" meanSpeedRelative="0.44" duration="2"/>
    <step time="9900.00" loaded="5381" inserted="5376" running="50" waiting="5" ended="5326" arrived="5326" collisions="0" teleports="0" halting="15" stopped="0" meanWaitingTime="19.07" meanTravelTime="108.27" meanSpeed="4.65" meanSpeedRelative="0.34" duration="2"/>
    <step time="10200.00" loaded="5549" inserted="5541" running="55" waiting="8" ended="5486" arrived="5486" collisions="0" teleports="0" halting="6" stopped="0" meanWaitingTime="18.80" meanTravelTime="108.82" meanSpeed="6.86" meanSpeedRelative="0.49" duration="0"/>
    <step time="10500.00" loaded="5729" inserted="5718" running="56" waiting="11" ended="5662" arrived="5662" collisions="0" teleports="0" halting="13" stopped="0" meanWaitingTime="18.63" meanTravelTime="108.70" meanSpeed="6.06" meanSpeedRelative="0.44" duration="0"/>
    <step time="10800.00" loaded="5901" inserted="5894" running="61" waiting="7" ended="5833" arrived="5833" collisions="0" teleports="0" halting="10" stopped="0" meanWaitingTime="18.64" meanTravelTime="108.58" meanSpeed="6.60" meanSpeedRelative="0.49" duration="1"/>
    <step time="11100.00" loaded="6078" inserted="6060" running="53" waiting="18" ended="6007" arrived="6007" collisions="0" teleports="0" halting="24" stopped="0" meanWaitingTime="18.63" meanTravelTime="108.44" meanSpeed="4.49" meanSpeedRelative="0.32" duration="1"/>
    <step time="11400.00" loaded="6249" inserted="6215" running="58" waiting="34" ended="6157" arrived="6157" collisions="0" teleports="0" halting="14" stopped="0" meanWaitingTime="19.27" meanTravelTime="107.97" meanSpeed="5.60" meanSpeedRelative="0.40" duration="1"/>
    <step time="11700.00" loaded="6393" inserted="6374" running="58" waiting="19" ended="6316" arrived="6316" collisions="0" teleports="0" halting="8" stopped="0" meanWaitingTime="20.33" meanTravelTime="107.83" meanSpeed="6.29" meanSpeedRelative="0.45" duration="1"/>
    <step time="12000.00" loaded="6569" inserted="6562" running="61" waiting="7" ended="6501" arrived="6501" collisions="0" teleports="0" halting="18" stopped="0" meanWaitingTime="20.32" meanTravelTime="107.98" meanSpeed="5.01" meanSpeedRelative="0.36" duration="1"/>
    <step time="12300.00" loaded="6737" inserted="6737" running="68" waiting="0" ended="6669" arrived="6669" collisions="0" teleports="0" halting="22" stopped="0" meanWaitingTime="20.03" meanTravelTime="107.87" meanSpeed="4.66" meanSpeedRelative="0.34" duration="3"/>
    <step time="12600.00" loaded="6907" inserted="6887" running="62" waiting="20" ended="6825" arrived="6825" collisions="0" teleports="0" halting="20" stopped="0" meanWaitingTime="19.83" meanTravelTime="107.92" meanSpeed="5.39" meanSpeedRelative="0.39" duration="1"/>
    <step time="12900.00" loaded="7074" inserted="7061" running="58" waiting="13" ended="7003" arrived="7003" collisions="0" teleports="0" halting="23" stopped="0" meanWaitingTime="20.01" meanTravelTime="108.04" meanSpeed="4.52" meanSpeedRelative="0.33" duration="1"/>
    <step time="13200.00" loaded="7250" inserted="7229" running="71" waiting="21" ended="7158" arrived="7158" collisions="0" teleports="0" halting="15" stopped="0" meanWaitingTime="20.05" meanTravelTime="107.94" meanSpeed="5.86" meanSpeedRelative="0.42" duration="1"/>
    <step time="13500.00" loaded="7430" inserted="7422" running="80" waiting="8" ended="7342" arrived="7342" collisions="0" teleports="0" halting="29" stopped="0" meanWaitingTime="19.98" meanTravelTime="108.24" meanSpeed="4.20" meanSpeedRelative="0.30" duration="2"/>
    <step time="13800.00" loaded="7625" inserted="7610" running="79" waiting="15" ended="7531" arrived="7531" collisions="0" teleports="0" halting="25" stopped="0" meanWaitingTime="20.06" meanTravelTime="108.58" meanSpeed="5.61" meanSpeedRelative="0.40" duration="3"/>
    <step time="14100.00" loaded="7783" inserted="7779" running="60" waiting="4" ended="7719" arrived="7719" collisions="0" teleports="0" halting="19" stopped="0" meanWaitingTime="20.10" meanTravelTime="108.78" meanSpeed="5.50" meanSpeedRelative="0.40" duration="1"/>
    <step time="14400.00" loaded="7922" inserted="7910" running="49" waiting="12" ended="7861" arrived="7861" collisions="0" teleports="0" halting="12" stopped="0" meanWaitingTime="20.26" meanTravelTime="108.65" meanSpeed="6.28" meanSpeedRelative="0.47" duration="2"/>
    <step time="14700.00" loaded="8115" inserted="8089" running="57" waiting="26" ended="8032" arrived="8032" collisions="0" teleports="0" halting="19" stopped="0" meanWaitingTime="20.23" meanTravelTime="108.36" meanSpeed="5.41" meanSpeedRelative="0.39" duration="3"/>
    <step time="15000.00" loaded="8275" inserted="8246" running="93" waiting="29" ended="8153" arrived="8153" collisions="0" teleports="0" halting="11" stopped="0" meanWaitingTime="20.38" meanTravelTime="108.52" meanSpeed="5.02" meanSpeedRelative="0.36" duration="4"/>
    <step time="15300.00" loaded="8435" inserted="8402" running="65" waiting="33" ended="8337" arrived="8337" collisions="0" teleports="0" halting="18" stopped="0" meanWaitingTime="20.95" meanTravelTime="109.46" meanSpeed="5.05" meanSpeedRelative="0.37" duration="3"/>
    <step time="15600.00" loaded="8602" inserted="8592" running="70" waiting="10" ended="8522" arrived="8522" collisions="0" teleports="0" halting="27" stopped="0" meanWaitingTime="21.65" meanTravelTime="109.17" meanSpeed="4.03" meanSpeedRelative="0.29" duration="2"/>
    <step time="15900.00" loaded="8793" inserted="8783" running="88" waiting="10" ended="8695" arrived="8695" collisions="0" teleports="0" halting="33" stopped="0" meanWaitingTime="21.94" meanTravelTime="109.25" meanSpeed="4.48" meanSpeedRelative="0.32" duration="1"/>
    <step time="16200.00" loaded="8983" inserted="8950" running="61" waiting="33" ended="8889" arrived="8889" collisions="0" teleports="0" halting="16" stopped="0" meanWaitingTime="22.07" meanTravelTime="109.25" meanSpeed="4.17" meanSpeedRelative="0.30" duration="2"/>
    <step time="16500.00" loaded="9149" inserted="9134" running="70" waiting="15" ended="9064" arrived="9064" collisions="0" teleports="0" halting="25" stopped="0" meanWaitingTime="22.63" meanTravelTime="109.43" meanSpeed="5.16" meanSpeedRelative="0.37" duration="2"/>
    <step time="16800.00" loaded="9336" inserted="9301" running="68" waiting="35" ended="9233" arrived="9233" collisions="0" teleports="0" halting="12" stopped="0" meanWaitingTime="22.93" meanTravelTime="109.61" meanSpeed="5.87" meanSpeedRelative="0.42" duration="1"/>
    <step time="17100.00" loaded="9505" inserted="9475" running="50" waiting="30" ended="9425" arrived="9425" collisions="0" teleports="0" halting="9" stopped="0" meanWaitingTime="23.58" meanTravelTime="109.72" meanSpeed="7.17" meanSpeedRelative="0.52" duration="1"/>
    <step time="17400.00" loaded="9686" inserted="9661" running="69" waiting="25" ended="9592" arrived="9592" collisions="0" teleports="0" halting="34" stopped="0" meanWaitingTime="24.23" meanTravelTime="109.72" meanSpeed="3.77" meanSpeedRelative="0.27" duration="2"/>
    <step time="17700.00" loaded="9862" inserted="9835" running="88" waiting="27" ended="9747" arrived="9747" collisions="0" teleports="0" halting="26" stopped="0" meanWaitingTime="24.58" meanTravelTime="109.79" meanSpeed="4.92" meanSpeedRelative="0.35" duration="2"/>
    <step time="18000.00" loaded="10025" inserted="10003" running="67" waiting="22" ended="9936" arrived="9936" collisions="0" teleports="0" halting="24" stopped="0" meanWaitingTime="25.06" meanTravelTime="110.25" meanSpeed="5.20" meanSpeedRelative="0.37" duration="1"/>
    <step time="18300.00" loaded="10211" inserted="10179" running="50" waiting="32" ended="10129" arrived="10129" collisions="0" teleports="0" halting="24" stopped="0" meanWaitingTime="25.28" meanTravelTime="110.33" meanSpeed="4.81" meanSpeedRelative="0.35" duration="1"/>
    <step time="18600.00" loaded="10368" inserted="10339" running="62" waiting="29" ended="10277" arrived="10277" collisions="0" teleports="0" halting="27" stopped="0" meanWaitingTime="25.88" meanTravelTime="110.10" meanSpeed="4.95" meanSpeedRelative="0.36" duration="2"/>
    <step time="18900.00" loaded="10554" inserted="10513" running="68" waiting="41" ended="10445" arrived="10445" collisions="0" teleports="0" halting="12" stopped="0" meanWaitingTime="26.17" meanTravelTime="110.32" meanSpeed="6.51" meanSpeedRelative="0.47" duration="2"/>
    <step time="19200.00" loaded="10730" inserted="10704" running="71" waiting="26" ended="10633" arrived="10633" collisions="0" teleports="0" halting="40" stopped="0" meanWaitingTime="26.62" meanTravelTime="110.12" meanSpeed="3.81" meanSpeedRelative="0.27" duration="1"/>
    <step time="19500.00" loaded="10939" inserted="10915" running="98" waiting="24" ended="10817" arrived="10817" collisions="0" teleports="0" halting="33" stopped="0" meanWaitingTime="26.89" meanTravelTime="110.41" meanSpeed="3.77" meanSpeedRelative="0.27" duration="4"/>
    <step time="19800.00" loaded="11116" inserted="11087" running="77" waiting="29" ended="11010" arrived="11010" collisions="0" teleports="0" halting="30" stopped="0" meanWaitingTime="27.21" meanTravelTime="110.80" meanSpeed="4.88" meanSpeedRelative="0.35" duration="3"/>
    <step time="20100.00" loaded="11317" inserted="11283" running="83" waiting="34" ended="11200" arrived="11200" collisions="0" teleports="0" halting="17" stopped="0" meanWaitingTime="27.58" meanTravelTime="110.91" meanSpeed="5.92" meanSpeedRelative="0.43" duration="1"/>
    <step time="20400.00" loaded="11484" inserted="11443" running="70" waiting="41" ended="11373" arrived="11373" collisions="0" teleports="0" halting="24" stopped="0" meanWaitingTime="28.16" meanTravelTime="111.02" meanSpeed="4.42" meanSpeedRelative="0.32" duration="2"/>
    <step time="20700.00" loaded="11657" inserted="11624" running="78" waiting="33" ended="11546" arrived="11546" collisions="0" teleports="0" halting="20" stopped="0" meanWaitingTime="28.88" meanTravelTime="110.90" meanSpeed="4.56" meanSpeedRelative="0.33" duration="2"/>
    <step time="21000.00" loaded="11841" inserted="11813" running="60" waiting="28" ended="11753" arrived="11753" collisions="0" teleports="0" halting="37" stopped="0" meanWaitingTime="29.47" meanTravelTime="111.02" meanSpeed="3.22" meanSpeedRelative="0.23" duration="2"/>
    <step time="21300.00" loaded="12001" inserted="11980" running="63" waiting="21" ended="11917" arrived="11917" collisions="0" teleports="0" halting="13" stopped="0" meanWaitingTime="29.85" meanTravelTime="110.81" meanSpeed="5.69" meanSpeedRelative="0.41" duration="1"/>
    <step time="21600.00" loaded="12223" inserted="12189" running="98" waiting="34" ended="12091" arrived="12091" collisions="0" teleports="0" halting="15" stopped="0" meanWaitingTime="30.12" meanTravelTime="110.89" meanSpeed="6.02" meanSpeedRelative="0.43" duration="2"/>
    <step time="21900.00" loaded="12408" inserted="12381" running="69" waiting="27" ended="12312" arrived="12312" collisions="0" teleports="0" halting="33" stopped="0" meanWaitingTime="30.25" meanTravelTime="111.05" meanSpeed="4.20" meanSpeedRelative="0.30" duration="2"/>
    <step time="22200.00" loaded="12599" inserted="12568" running="71" waiting="31" ended="12497" arrived="12497" collisions="0" teleports="0" halting="21" stopped="0" meanWaitingTime="30.50" meanTravelTime="110.82" meanSpeed="3.87" meanSpeedRelative="0.29" duration="1"/>
    <step time="22500.00" loaded="12777" inserted="12729" running="69" waiting="48" ended="12660" arrived="12660" collisions="0" teleports="0" halting="6" stopped="0" meanWaitingTime="30.73" meanTravelTime="111.35" meanSpeed="5.47" meanSpeedRelative="0.39" duration="1"/>
    <step time="22800.00" loaded="12975" inserted="12962" running="106" waiting="13" ended="12856" arrived="12856" collisions="0" teleports="0" halting="48" stopped="0" meanWaitingTime="31.03" meanTravelTime="111.56" meanSpeed="3.47" meanSpeedRelative="0.25" duration="2"/>
    <step time="23100.00" loaded="13161" inserted="13144" running="95" waiting="17" ended="13049" arrived="13049" collisions="0" teleports="0" halting="46" stopped="0" meanWaitingTime="31.03" meanTravelTime="112.34" meanSpeed="3.18" meanSpeedRelative="0.23" duration="1"/>
    <step time="23400.00" loaded="13349" inserted="13322" running="57" waiting="27" ended="13265" arrived="13265" collisions="0" teleports="0" halting="21" stopped="0" meanWaitingTime="31.09" meanTravelTime="112.63" meanSpeed="5.11" meanSpeedRelative="0.37" duration="1"/>
    <step time="23700.00" loaded="13577" inserted="13534" running="73" waiting="43" ended="13461" arrived="13461" collisions="0" teleports="0" halting="33" stopped="0" meanWaitingTime="31.19" meanTravelTime="112.35" meanSpeed="4.07" meanSpeedRelative="0.29" duration="3"/>
    <step time="24000.00" loaded="13751" inserted="13714" running="65" waiting="37" ended="13649" arrived="13649" collisions="0" teleports="0" halting="18" stopped="0" meanWaitingTime="31.52" meanTravelTime="112.21" meanSpeed="4.55" meanSpeedRelative="0.33" duration="2"/>
    <step time="24300.00" loaded="13958" inserted="13919" running="110" waiting="39" ended="13809" arrived="13809" collisions="0" teleports="0" halting="44" stopped="0" meanWaitingTime="31.89" meanTravelTime="112.16" meanSpeed="3.04" meanSpeedRelative="0.22" duration="2"/>
    <step time="24600.00" loaded="14180" inserted="14137" running="101" waiting="43" ended="14036" arrived="14036" collisions="0" teleports="0" halting="51" stopped="0" meanWaitingTime="32.30" meanTravelTime="112.62" meanSpeed="3.24" meanSpeedRelative="0.23" duration="2"/>
    <step time="24900.00" loaded="14397" inserted="14362" running="88" waiting="35" ended="14274" arrived="14274" collisions="0" teleports="0" halting="36" stopped="0" meanWaitingTime="32.75" meanTravelTime="112.92" meanSpeed="4.38" meanSpeedRelative="0.32" duration="3"/>
    <step time="25200.00" loaded="14591" inserted="14548" running="75" waiting="43" ended="14473" arrived="14473" collisions="0" teleports="0" halting="29" stopped="0" meanWaitingTime="32.87" meanTravelTime="112.95" meanSpeed="4.33" meanSpeedRelative="0.31" duration="1"/>
    <step time="25500.00" loaded="14766" inserted="14744" running="65" waiting="22" ended="14679" arrived="14679" collisions="0" teleports="0" halting="30" stopped="0" meanWaitingTime="33.13" meanTravelTime="113.21" meanSpeed="4.86" meanSpeedRelative="0.36" duration="3"/>
    <step time="25800.00" loaded="15000" inserted="14969" running="85" waiting="31" ended="14884" arrived="14884" collisions="0" teleports="0" halting="26" stopped="0" meanWaitingTime="33.07" meanTravelTime="112.95" meanSpeed="4.81" meanSpeedRelative="0.35" duration="1"/>
    <step time="26100.00" loaded="15212" inserted="15183" running="88" waiting="29" ended="15095" arrived="15095" collisions="0" teleports="0" halting="22" stopped="0" meanWaitingTime="33.26" meanTravelTime="112.82" meanSpeed="4.74" meanSpeedRelative="0.34" duration="2"/>
    <step time="26400.00" loaded="15405" inserted="15365" running="78" waiting="40" ended="15287" arrived="15287" collisions="0" teleports="0" halting="32" stopped="0" meanWaitingTime="33.45" meanTravelTime="113.19" meanSpeed="3.75" meanSpeedRelative="0.27" duration="1"/>
    <step time="26700.00" loaded="15619" inserted="15596" running="135" waiting="23" ended="15461" arrived="15461" collisions="0" teleports="0" halting="65" stopped="0" meanWaitingTime="33.83" meanTravelTime="113.20" meanSpeed="3.06" meanSpeedRelative="0.22" duration="4"/>
    <step time="27000.00" loaded="15836" inserted="15806" running="121" waiting="30" ended="15685" arrived="15685" collisions="0" teleports="0" halting="42" stopped="0" meanWaitingTime="33.99" meanTravelTime="113.97" meanSpeed="3.83" meanSpeedRelative="0.28" duration="4"/>
    <step time="27300.00" loaded="16058" inserted="16022" running="104" waiting="36" ended="15918" arrived="15918" collisions="0" teleports="0" halting="31" stopped="0" meanWaitingTime="34.15" meanTravelTime="114.18" meanSpeed="4.26" meanSpeedRelative="0.31" duration="2"/>
    <step time="27600.00" loaded="16257" inserted="16219" running="65" waiting="38" ended="16154" arrived="16154" collisions="0" teleports="0" halting="36" stopped="0" meanWaitingTime="34.28" meanTravelTime="114.30" meanSpeed="2.81" meanSpeedRelative="0.20" duration="2"/>
    <step time="27900.00" loaded="16464" inserted="16430" running="60" waiting="34" ended="16370" arrived="16370" collisions="0" teleports="0" halting="17" stopped="0" meanWaitingTime="34.45" meanTravelTime="114.04" meanSpeed="5.02" meanSpeedRelative="0.36" duration="3"/>
    <step time="28200.00" loaded="16687" inserted="16663" running="72" waiting="24" ended="16591" arrived="16591" collisions="0" teleports="0" halting="14" stopped="0" meanWaitingTime="34.67" meanTravelTime="113.90" meanSpeed="4.79" meanSpeedRelative="0.35" duration="1"/>
    <step time="28500.00" loaded="16886" inserted="16857" running="74" waiting="29" ended="16783" arrived="16783" collisions="0" teleports="0" halting="26" stopped="0" meanWaitingTime="34.73" meanTravelTime="113.81" meanSpeed="4.92" meanSpeedRelative="0.35" duration="3"/>
    <step time="28800.00" loaded="17099" inserted="17067" running="65" waiting="32" ended="17002" arrived="17002" collisions="0" teleports="0" halting="27" stopped="0" meanWaitingTime="34.74" meanTravelTime="113.81" meanSpeed="3.96" meanSpeedRelative="0.29" duration="2"/>
    <step time="29100.00" loaded="17321" inserted="17279" running="80" waiting="42" ended="17199" arrived="17199" collisions="0" teleports="0" halting="35" stopped="0" meanWaitingTime="34.72" meanTravelTime="113.88" meanSpeed="3.30" meanSpeedRelative="0.24" duration="2"/>
    <step time="29400.00" loaded="17520" inserted="17474" running="74" waiting="46" ended="17400" arrived="17400" collisions="0" teleports="0" halting="25" stopped="0" meanWaitingTime="34.98" meanTravelTime="113.96" meanSpeed="4.76" meanSpeedRelative="0.34" duration="2"/>
    <step time="29700.00" loaded="17699" inserted="17666" running="62" waiting="33" ended="17604" arrived="17604" collisions="0" teleports="0" halting="17" stopped="0" meanWaitingTime="35.15" meanTravelTime="114.01" meanSpeed="5.94" meanSpeedRelative="0.43" duration="3"/>
    <step time="30000.00" loaded="17875" inserted="17843" running="54" waiting="32" ended="17789" arrived="17789" collisions="0" teleports="0" halting="22" stopped="0" meanWaitingTime="35.30" meanTravelTime="113.96" meanSpeed="4.27" meanSpeedRelative="0.31" duration="2"/>
    <step time="30300.00" loaded="18072" inserted="18033" running="75" waiting="39" ended="17958" arrived="17958" collisions="0" teleports="0" halting="27" stopped="0" meanWaitingTime="35.62" meanTravelTime="113.90" meanSpeed="4.00" meanSpeedRelative="0.29" duration="1"/>
    <step time="30600.00" loaded="18285" inserted="18241" running="85" waiting="44" ended="18156" arrived="18156" collisions="0" teleports="0" halting="37" stopped="0" meanWaitingTime="35.88" meanTravelTime="113.89" meanSpeed="5.10" meanSpeedRelative="0.37" duration="2"/>
    <step time="30900.00" loaded="18506" inserted="18463" running="90" waiting="43" ended="18373" arrived="18373" collisions="0" teleports="0" halting="32" stopped="0" meanWaitingTime="36.15" meanTravelTime="113.89" meanSpeed="3.34" meanSpeedRelative="0.24" duration="1"/>
    <step time="31200.00" loaded="18679" inserted="18634" running="50" waiting="45" ended="18584" arrived="18584" collisions="0" teleports="0" halting="13" stopped="0" meanWaitingTime="36.25" meanTravelTime="114.08" meanSpeed="5.52" meanSpeedRelative="0.40" duration="1"/>
    <step time="31500.00" loaded="18862" inserted="18821" running="62" waiting="41" ended="18759" arrived="18759" collisions="0" teleports="0" halting="30" stopped="0" meanWaitingTime="36.51" meanTravelTime="113.97" meanSpeed="4.45" meanSpeedRelative="0.32" duration="3"/>
    <step time="31800.00" loaded="19018" inserted="18983" running="71" waiting="35" ended="18912" arrived="18912" collisions="0" teleports="0" halting="22" stopped="0" meanWaitingTime="36.83" meanTravelTime="114.02" meanSpeed="4.63" meanSpeedRelative="0.33" duration="3"/>
    <step time="32100.00" loaded="19199" inserted="19158" running="67" waiting="41" ended="19091" arrived="19091" collisions="0" teleports="0" halting="25" stopped="0" meanWaitingTime="37.20" meanTravelTime="113.92" meanSpeed="6.23" meanSpeedRelative="0.45" duration="2"/>
    <step time="32400.00" loaded="19364" inserted="19321" running="73" waiting="43" ended="19248" arrived="19248" collisions="0" teleports="0" halting="28" stopped="0" meanWaitingTime="37.43" meanTravelTime="113.85" meanSpeed="4.75" meanSpeedRelative="0.34" duration="2"/>
    <step time="32700.00" loaded="19542" inserted="19501" running="56" waiting="41" ended="19445" arrived="19445" collisions="0" teleports="0" halting="6" stopped="0" meanWaitingTime="37.60" meanTravelTime="113.96" meanSpeed="5.70" meanSpeedRelative="0.41" duration="3"/>
    <step time="33000.00" loaded="19710" inserted="19679" running="60" waiting="31" ended="19619" arrived="19619" collisions="0" teleports="0" halting="8" stopped="0" meanWaitingTime="37.87" meanTravelTime="114.02" meanSpeed="5.49" meanSpeedRelative="0.40" duration="2"/>
    <step time="33300.00" loaded="19843" inserted="19830" running="79" waiting="13" ended="19751" arrived="19751" collisions="0" teleports="0" halting="22" stopped="0" meanWaitingTime="38.01" meanTravelTime="114.15" meanSpeed="4.74" meanSpeedRelative="0.34" duration="2"/>
    <step time="33600.00" loaded="20033" inserted="20015" running="57" waiting="18" ended="19958" arrived="19958" collisions="0" teleports="0" halting="25" stopped="0" meanWaitingTime="37.95" meanTravelTime="114.13" meanSpeed="4.50" meanSpeedRelative="0.32" duration="1"/>
    <step time="33900.00" loaded="20186" inserted="20167" running="64" waiting="19" ended="20103" arrived="20103" collisions="0" teleports="0" halting="22" stopped="0" meanWaitingTime="37.88" meanTravelTime="114.03" meanSpeed="3.84" meanSpeedRelative="0.28" duration="1"/>
    <step time="34200.00" loaded="20343" inserted="20323" running="69" waiting="20" ended="20254" arrived="20254" collisions="0" teleports="0" halting="19" stopped="0" meanWaitingTime="37.82" meanTravelTime="114.24" meanSpeed="4.85" meanSpeedRelative="0.35" duration="1"/>
    <step time="34500.00" loaded="20507" inserted="20481" running="90" waiting="26" ended="20391" arrived="20391" collisions="0" teleports="0" halting="20" stopped="0" meanWaitingTime="37.90" meanTravelTime="114.27" meanSpeed="4.38" meanSpeedRelative="0.32" duration="2"/>
    <step time="34800.00" loaded="20662" inserted="20631" running="80" waiting="31" ended="20551" arrived="20551" collisions="0" teleports="0" halting="20" stopped="0" meanWaitingTime="38.07" meanTravelTime="114.69" meanSpeed="4.59" meanSpeedRelative="0.33" duration="2"/>
    <step time="35100.00" loaded="20801" inserted="20787" running="62" waiting="14" ended="20725" arrived="20725" collisions="0" teleports="0" halting="12" stopped="0" meanWaitingTime="38.20" meanTravelTime="114.85" meanSpeed="5.92" meanSpeedRelative="0.43" duration="1"/>
    <step time="35400.00" loaded="20938" inserted="20931" running="54" waiting="7" ended="20877" arrived="20877" collisions="0" teleports="0" halting="6" stopped="0" meanWaitingTime="38.01" meanTravelTime="114.80" meanSpeed="6.62" meanSpeedRelative="0.48" duration="2"/>
    <step time="35700.00" loaded="21080" inserted="21073" running="52" waiting="7" ended="21021" arrived="21021" collisions="0" teleports="0" halting="22" stopped="0" meanWaitingTime="37.88" meanTravelTime="114.84" meanSpeed="3.99" meanSpeedRelative="0.29" duration="3"/>
    <step time="36000.00" loaded="21236" inserted="21230" running="31" waiting="6" ended="21199" arrived="21199" collisions="0" teleports="0" halting="10" stopped="0" meanWaitingTime="37.71" meanTravelTime="114.70" meanSpeed="5.14" meanSpeedRelative="0.37" duration="2"/>
    <step time="36300.00" loaded="21411" inserted="21394" running="54" waiting="17" ended="21340" arrived="21340" collisions="0" teleports="0" halting="31" stopped="0" meanWaitingTime="37.58" meanTravelTime="114.46" meanSpeed="3.11" meanSpeedRelative="0.22" duration="2"/>
    <step time="36600.00" loaded="21558" inserted="21549" running="70" waiting="9" ended="21479" arrived="21479" collisions="0" teleports="0" halting="7" stopped="0" meanWaitingTime="37.49" meanTravelTime="114.48" meanSpeed="5.17" meanSpeedRelative="0.37" duration="2"/>
    <step time="36900.00" loaded="21697" inserted="21677" running="49" waiting="20" ended="21628" arrived="21628" collisions="0" teleports="0" halting="19" stopped="0" meanWaitingTime="37.34" meanTravelTime="114.69" meanSpeed="5.16" meanSpeedRelative="0.37" duration="1"/>
    <step time="37200.00" loaded="21818" inserted="21794" running="46" waiting="24" ended="21748" arrived="21748" collisions="0" teleports="0" halting="31" stopped="0" meanWaitingTime="37.33" meanTravelTime="114.63" meanSpeed="2.62" meanSpeedRelative="0.19" duration="1"/>
    <step time="37500.00" loaded="21961" inserted="21924" running="55" waiting="37" ended="21869" arrived="21869" collisions="0" teleports="0" halting="16" stopped="0" meanWaitingTime="37.50" meanTravelTime="114.76" meanSpeed="5.01" meanSpeedRelative="0.36" duration="1"/>
    <step time="37800.00" loaded="22116" inserted="22076" running="53" waiting="40" ended="22023" arrived="22023" collisions="0" teleports="0" halting="25" stopped="0" meanWaitingTime="37.76" meanTravelTime="114.72" meanSpeed="4.65" meanSpeedRelative="0.33" duration="1"/>
    <step time="38100.00" loaded="22260" inserted="22217" running="61" waiting="43" ended="22156" arrived="22156" collisions="0" teleports="0" halting="29" stopped="0" meanWaitingTime="37.97" meanTravelTime="114.56" meanSpeed="3.10" meanSpeedRelative="0.22" duration="2"/>
    <step time="38400.00" loaded="22386" inserted="22357" running="60" waiting="29" ended="22297" arrived="22297" collisions="0" teleports="0" halting="33" stopped="0" meanWaitingTime="38.26" meanTravelTime="114.71" meanSpeed="3.28" meanSpeedRelative="0.24" duration="2"/>
    <step time="38700.00" loaded="22486" inserted="22471" running="53" waiting="15" ended="22418" arrived="22418" collisions="0" teleports="0" halting="33" stopped="0" meanWaitingTime="38.40" meanTravelTime="114.84" meanSpeed="2.86" meanSpeedRelative="0.21" duration="2"/>
    <step time="39000.00" loaded="22593" inserted="22559" running="51" waiting="34" ended="22508" arrived="22508" collisions="0" teleports="0" halting="7" stopped="0" meanWaitingTime="38.59" meanTravelTime="114.97" meanSpeed="4.99" meanSpeedRelative="0.36" duration="1"/>
    <step time="39300.00" loaded="22719" inserted="22677" running="46" waiting="42" ended="22631" arrived="22631" collisions="0" teleports="0" halting="26" stopped="0" meanWaitingTime="38.84" meanTravelTime="115.13" meanSpeed="2.87" meanSpeedRelative="0.21" duration="2"/>
    <step time="39600.00" loaded="22830" inserted="22791" running="29" waiting="39" ended="22762" arrived="22762" collisions="0" teleports="0" halting="14" stopped="0" meanWaitingTime="39.08" meanTravelTime="115.11" meanSpeed="4.82" meanSpeedRelative="0.35" duration="2"/>
    <step time="39900.00" loaded="22951" inserted="22924" running="69" waiting="27" ended="22855" arrived="22855" collisions="0" teleports="0" halting="56" stopped="0" meanWaitingTime="39.38" meanTravelTime="115.03" meanSpeed="1.72" meanSpeedRelative="0.12" duration="2"/>
    <step time="40200.00" loaded="23040" inserted="23020" running="39" waiting="20" ended="22981" arrived="22981" collisions="0" teleports="0" halting="18" stopped="0" meanWaitingTime="39.61" meanTravelTime="115.24" meanSpeed="3.33" meanSpeedRelative="0.24" duration="1"/>
    <step time="40500.00" loaded="23139" inserted="23115" running="32" waiting="24" ended="23083" arrived="23083" collisions="0" teleports="0" halting="10" stopped="0" meanWaitingTime="39.70" meanTravelTime="115.33" meanSpeed="5.70" meanSpeedRelative="0.41" duration="1"/>
    <step time="40800.00" loaded="23248" inserted="23217" running="38" waiting="31" ended="23179" arrived="23179" collisions="0" teleports="0" halting="12" stopped="0" meanWaitingTime="39.96" meanTravelTime="115.26" meanSpeed="6.13" meanSpeedRelative="0.44" duration="1"/>
    <step time="41100.00" loaded="23331" inserted="23308" running="46" waiting="23" ended="23262" arrived="23262" collisions="0" teleports="0" halting="21" stopped="0" meanWaitingTime="40.14" meanTravelTime="115.33" meanSpeed="3.17" meanSpeedRelative="0.23" duration="1"/>
    <step time="41400.00" loaded="23393" inserted="23383" running="24" waiting="10" ended="23359" arrived="23359" collisions="0" teleports="0" halting="17" stopped="0" meanWaitingTime="40.23" meanTravelTime="115.54" meanSpeed="2.14" meanSpeedRelative="0.15" duration="1"/>
    <step time="41700.00" loaded="23491" inserted="23467" running="48" waiting="24" ended="23419" arrived="23419" collisions="0" teleports="0" halting="22" stopped="0" meanWaitingTime="40.36" meanTravelTime="115.57" meanSpeed="4.75" meanSpeedRelative="0.34" duration="2"/>
    <step time="42000.00" loaded="23573" inserted="23544" running="22" waiting="29" ended="23522" arrived="23522" collisions="0" teleports="0" halting="9" stopped="0" meanWaitingTime="40.53" meanTravelTime="115.65" meanSpeed="4.71" meanSpeedRelative="0.34" duration="0"/>
    <step time="42300.00" loaded="23676" inserted="23651" running="43" waiting="25" ended="23608" arrived="23608" collisions="0" teleports="0" halting="10" stopped="0" meanWaitingTime="40.77" meanTravelTime="115.58" meanSpeed="5.78" meanSpeedRelative="0.42" duration="1"/>
    <step time="42600.00" loaded="23788" inserted="23752" running="49" waiting="36" ended="23703" arrived="23703" collisions="0" teleports="0" halting="8" stopped="0" meanWaitingTime="40.98" meanTravelTime="115.56" meanSpeed="5.98" meanSpeedRelative="0.43" duration="1"/>
    <step time="42900.00" loaded="23888" inserted="23865" running="54" waiting="23" ended="23811" arrived="23811" collisions="0" teleports="0" halting="24" stopped="0" meanWaitingTime="41.24" meanTravelTime="115.70" meanSpeed="3.83" meanSpeedRelative="0.28" duration="1"/>
    <step time="43200.00" loaded="23989" inserted="23953" running="26" waiting="36" ended="23927" arrived="23927" collisions="0" teleports="0" halting="5" stopped="0" meanWaitingTime="41.36" meanTravelTime="115.89" meanSpeed="7.35" meanSpeedRelative="0.54" duration="1"/>
    <step time="43500.00" loaded="24069" inserted="24043" running="34" waiting="26" ended="24009" arrived="24009" collisions="0" teleports="0" halting="8" stopped="0" meanWaitingTime="41.53" meanTravelTime="115.87" meanSpeed="5.71" meanSpeedRelative="0.41" duration="0"/>
    <step time="43800.00" loaded="24173" inserted="24137" running="40" waiting="36" ended="24097" arrived="24097" collisions="0" teleports="0" halting="17" stopped="0" meanWaitingTime="41.74" meanTravelTime="115.82" meanSpeed="4.63" meanSpeedRelative="0.33" duration="0"/>
    <step time="44100.00" loaded="24278" inserted="24249" running="53" waiting="29" ended="24196" arrived="24196" collisions="0" teleports="0" halting="27" stopped="0" meanWaitingTime="42.01" meanTravelTime="115.79" meanSpeed="4.10" meanSpeedRelative="0.30" duration="1"/>
    <step time="44400.00" loaded="24387" inserted="24351" running="78" waiting="36" ended="24273" arrived="24273" collisions="0" teleports="0" halting="64" stopped="0" meanWaitingTime="42.26" meanTravelTime="115.78" meanSpeed="0.87" meanSpeedRelative="0.06" duration="1"/>
    <step time="44700.00" loaded="24489" inserted="24445" running="61" waiting="44" ended="24384" arrived="24384" collisions="0" teleports="0" halting="13" stopped="0" meanWaitingTime="42.60" meanTravelTime="116.41" meanSpeed="4.42" meanSpeedRelative="0.32" duration="2"/>
    <step time="45000.00" loaded="24596" inserted="24547" running="53" waiting="49" ended="24494" arrived="24494" collisions="0" teleports="0" halting="5" stopped="0" meanWaitingTime="42.92" meanTravelTime="116.70" meanSpeed="5.45" meanSpeedRelative="0.39" duration="1"/>
    <step time="45300.00" loaded="24686" inserted="24642" running="53" waiting="44" ended="24589" arrived="24589" collisions="0" teleports="0" halting="7" stopped="0" meanWaitingTime="43.21" meanTravelTime="116.94" meanSpeed="5.95" meanSpeedRelative="0.43" duration="2"/>
    <step time="45600.00" loaded="24768" inserted="24707" running="21" waiting="61" ended="24686" arrived="24686" collisions="0" teleports="0" halting="8" stopped="0" meanWaitingTime="43.43" meanTravelTime="117.11" meanSpeed="7.20" meanSpeedRelative="0.52" duration="1"/>
    <step time="45900.00" loaded="24854" inserted="24786" running="38" waiting="68" ended="24748" arrived="24748" collisions="0" teleports="0" halting="29" stopped="0" meanWaitingTime="44.11" meanTravelTime="117.02" meanSpeed="2.15" meanSpeedRelative="0.15" duration="1"/>
    <step time="46200.00" loaded="24935" inserted="24871" running="68" waiting="64" ended="24803" arrived="24803" collisions="0" teleports="0" halting="61" stopped="0" meanWaitingTime="44.72" meanTravelTime="116.90" meanSpeed="0.70" meanSpeedRelative="0.05" duration="2"/>
    <step time="46500.00" loaded="24983" inserted="24961" running="88" waiting="22" ended="24873" arrived="24873" collisions="0" teleports="0" halting="67" stopped="0" meanWaitingTime="45.36" meanTravelTime="116.75" meanSpeed="1.42" meanSpeedRelative="0.10" duration="1"/>
    <step time="46800.00" loaded="25003" inserted="25003" running="88" waiting="0" ended="24915" arrived="24915" collisions="0" teleports="0" halting="87" stopped="0" meanWaitingTime="45.58" meanTravelTime="116.65" meanSpeed="0.16" meanSpeedRelative="0.01" duration="2"/>
    <step time="47100.00" loaded="25021" inserted="25021" running="84" waiting="0" ended="24937" arrived="24937" collisions="0" teleports="0" halting="81" stopped="0" meanWaitingTime="45.55" meanTravelTime="116.58" meanSpeed="0.21" meanSpeedRelative="0.01" duration="2"/>
    <step time="47400.00" loaded="25037" inserted="25037" running="84" waiting="0" ended="24953" arrived="24953" collisions="0" teleports="0" halting="83" stopped="0" meanWaitingTime="45.52" meanTravelTime="116.53" meanSpeed="0.08" meanSpeedRelative="0.01" duration="1"/>
    <step time="47700.00" loaded="25051" inserted="25051" running="84" waiting="0" ended="24967" arrived="24967" collisions="0" teleports="0" halting="84" stopped="0" meanWaitingTime="45.50" meanTravelTime="116.49" meanSpeed="0.00" meanSpeedRelative="0.00" duration="2"/>
    <step time="48000.00" loaded="25064" inserted="25064" running="82" waiting="0" ended="24982" arrived="24982" collisions="0" teleports="0" halting="81" stopped="0" meanWaitingTime="45.47" meanTravelTime="116.45" meanSpeed="0.07" meanSpeedRelative="0.00" duration="1"/>
    <step time="48300.00" loaded="25078" inserted="25078" running="82" waiting="0" ended="24996" arrived="24996" collisions="0" teleports="0" halting="81" stopped="0" meanWaitingTime="45.45" meanTravelTime="116.41" meanSpeed="0.04" meanSpeedRelative="0.00" duration="2"/>
    <step time="48600.00" loaded="25094" inserted="25094" running="83" waiting="0" ended="25011" arrived="25011" collisions="0" teleports="0" halting="81" stopped="0" meanWaitingTime="45.42" meanTravelTime="116.35" meanSpeed="0.19" meanSpeedRelative="0.01" duration="3"/>
    <step time="48900.00" loaded="25109" inserted="25109" running="87" waiting="0" ended="25022" arrived="25022" collisions="0" teleports="0" halting="86" stopped="0" meanWaitingTime="45.39" meanTravelTime="116.31" meanSpeed="0.04" meanSpeedRelative="0.00" duration="1"/>
    <step time="49200.00" loaded="25118" inserted="25118" running="81" waiting="0" ended="25037" arrived="25037" collisions="0" teleports="0" halting="81" stopped="0" meanWaitingTime="45.38" meanTravelTime="116.28" meanSpeed="0.00" meanSpeedRelative="0.00" duration="1"/>
</summary>
