<?xml version="1.0" encoding="UTF-8"?>

<!-- generated on 2025-02-28 18:40:35 by Eclipse SUMO GUI Version 1.19.0
<configuration xmlns:xsi="http://www.w3.org/2001/XMLSchema-instance" xsi:noNamespaceSchemaLocation="http://sumo.dlr.de/xsd/sumoConfiguration.xsd">

    <input>
        <net-file value="Network.net.xml"/>
        <route-files value="CarRoutes.rou.xml"/>
        <additional-files value="Sensors.add.xml"/>
    </input>

    <output>
        <emission-output value="logs/Emissions.xml"/>
        <summary-output value="logs/Log_summary.xml"/>
        <summary-output.period value="300"/>
        <tripinfo-output value="logs/TripInfos.xml"/>
    </output>

    <time>
        <begin value="0"/>
        <end value="86400"/>
        <step-length value="0.25"/>
    </time>

    <processing>
        <ignore-junction-blocker value="0.1"/>
        <time-to-teleport value="-1"/>
    </processing>

    <report>
        <verbose value="true"/>
        <no-step-log value="true"/>
    </report>

    <emissions>
        <device.emissions.period value="10"/>
    </emissions>

    <traci_server>
        <remote-port value="58938"/>
    </traci_server>

    <gui_only>
        <quit-on-end value="true"/>
        <start value="true"/>
    </gui_only>

</configuration>
-->

<instantE1 xmlns:xsi="http://www.w3.org/2001/XMLSchema-instance" xsi:noNamespaceSchemaLocation="http://sumo.dlr.de/xsd/instant_e1_file.xsd">
    <instantOut id="235_D11" time="524.87" state="enter" vehID="Car_75" speed="4.14" length="5.00" type="DEFAULT_CAR"/>
    <instantOut id="235_D11" time="525.00" state="stay" vehID="Car_75" speed="4.14" length="5.00" type="DEFAULT_CAR"/>
    <instantOut id="235_D11" time="525.25" state="stay" vehID="Car_75" speed="3.39" length="5.00" type="DEFAULT_CAR"/>
    <instantOut id="235_D11" time="525.50" state="stay" vehID="Car_75" speed="2.68" length="5.00" type="DEFAULT_CAR"/>
    <instantOut id="235_D11" time="525.75" state="stay" vehID="Car_75" speed="1.93" length="5.00" type="DEFAULT_CAR"/>
    <instantOut id="235_D11" time="526.00" state="stay" vehID="Car_75" speed="1.25" length="5.00" type="DEFAULT_CAR"/>
    <instantOut id="235_D11" time="526.25" state="stay" vehID="Car_75" speed="0.57" length="5.00" type="DEFAULT_CAR"/>
    <instantOut id="235_D11" time="526.50" state="stay" vehID="Car_75" speed="0.01" length="5.00" type="DEFAULT_CAR"/>
    <instantOut id="235_D11" time="526.75" state="stay" vehID="Car_75" speed="0.00" length="5.00" type="DEFAULT_CAR"/>
    <instantOut id="235_D11" time="527.00" state="stay" vehID="Car_75" speed="0.00" length="5.00" type="DEFAULT_CAR"/>
    <instantOut id="235_D11" time="527.25" state="stay" vehID="Car_75" speed="0.00" length="5.00" type="DEFAULT_CAR"/>
    <instantOut id="235_D11" time="527.50" state="stay" vehID="Car_75" speed="0.00" length="5.00" type="DEFAULT_CAR"/>
    <instantOut id="235_D11" time="527.75" state="stay" vehID="Car_75" speed="0.00" length="5.00" type="DEFAULT_CAR"/>
    <instantOut id="235_D11" time="528.00" state="stay" vehID="Car_75" speed="0.88" length="5.00" type="DEFAULT_CAR"/>
    <instantOut id="235_D11" time="528.25" state="stay" vehID="Car_75" speed="1.61" length="5.00" type="DEFAULT_CAR"/>
    <instantOut id="235_D11" time="528.50" state="stay" vehID="Car_75" speed="2.37" length="5.00" type="DEFAULT_CAR"/>
    <instantOut id="235_D11" time="528.75" state="stay" vehID="Car_75" speed="3.15" length="5.00" type="DEFAULT_CAR"/>
    <instantOut id="235_D11" time="528.75" state="leave" vehID="Car_75" speed="4.08" length="5.00" type="DEFAULT_CAR" occupancy="3.88"/>
    <instantOut id="235_D11" time="823.94" state="enter" vehID="Car_570" speed="4.29" length="5.00" type="DEFAULT_CAR" gap="295.19"/>
    <instantOut id="235_D11" time="824.00" state="stay" vehID="Car_570" speed="4.29" length="5.00" type="DEFAULT_CAR"/>
    <instantOut id="235_D11" time="824.25" state="stay" vehID="Car_570" speed="3.54" length="5.00" type="DEFAULT_CAR"/>
    <instantOut id="235_D11" time="824.50" state="stay" vehID="Car_570" speed="2.79" length="5.00" type="DEFAULT_CAR"/>
    <instantOut id="235_D11" time="824.75" state="stay" vehID="Car_570" speed="2.05" length="5.00" type="DEFAULT_CAR"/>
    <instantOut id="235_D11" time="825.00" state="stay" vehID="Car_570" speed="1.50" length="5.00" type="DEFAULT_CAR"/>
    <instantOut id="235_D11" time="825.25" state="stay" vehID="Car_570" speed="0.89" length="5.00" type="DEFAULT_CAR"/>
    <instantOut id="235_D11" time="825.50" state="stay" vehID="Car_570" speed="0.14" length="5.00" type="DEFAULT_CAR"/>
    <instantOut id="235_D11" time="825.75" state="stay" vehID="Car_570" speed="0.00" length="5.00" type="DEFAULT_CAR"/>
    <instantOut id="235_D11" time="826.00" state="stay" vehID="Car_570" speed="0.86" length="5.00" type="DEFAULT_CAR"/>
    <instantOut id="235_D11" time="826.25" state="stay" vehID="Car_570" speed="1.59" length="5.00" type="DEFAULT_CAR"/>
    <instantOut id="235_D11" time="826.50" state="stay" vehID="Car_570" speed="2.44" length="5.00" type="DEFAULT_CAR"/>
    <instantOut id="235_D11" time="826.75" state="stay" vehID="Car_570" speed="3.00" length="5.00" type="DEFAULT_CAR"/>
    <instantOut id="235_D11" time="826.76" state="leave" vehID="Car_570" speed="3.57" length="5.00" type="DEFAULT_CAR" occupancy="2.82"/>
    <instantOut id="235_D11" time="957.86" state="enter" vehID="Car_571" speed="5.96" length="5.00" type="DEFAULT_CAR" gap="131.10"/>
    <instantOut id="235_D11" time="958.00" state="stay" vehID="Car_571" speed="5.96" length="5.00" type="DEFAULT_CAR"/>
    <instantOut id="235_D11" time="958.25" state="stay" vehID="Car_571" speed="6.91" length="5.00" type="DEFAULT_CAR"/>
    <instantOut id="235_D11" time="958.50" state="stay" vehID="Car_571" speed="7.78" length="5.00" type="DEFAULT_CAR"/>
    <instantOut id="235_D11" time="958.56" state="leave" vehID="Car_571" speed="8.56" length="5.00" type="DEFAULT_CAR" occupancy="0.70"/>
    <instantOut id="235_D11" time="2627.96" state="enter" vehID="Car_1824" speed="4.37" length="5.00" type="DEFAULT_CAR" gap="1669.40"/>
    <instantOut id="235_D11" time="2628.00" state="stay" vehID="Car_1824" speed="4.37" length="5.00" type="DEFAULT_CAR"/>
    <instantOut id="235_D11" time="2628.25" state="stay" vehID="Car_1824" speed="3.62" length="5.00" type="DEFAULT_CAR"/>
    <instantOut id="235_D11" time="2628.50" state="stay" vehID="Car_1824" speed="2.89" length="5.00" type="DEFAULT_CAR"/>
    <instantOut id="235_D11" time="2628.75" state="stay" vehID="Car_1824" speed="2.14" length="5.00" type="DEFAULT_CAR"/>
    <instantOut id="235_D11" time="2629.00" state="stay" vehID="Car_1824" speed="1.55" length="5.00" type="DEFAULT_CAR"/>
    <instantOut id="235_D11" time="2629.25" state="stay" vehID="Car_1824" speed="0.84" length="5.00" type="DEFAULT_CAR"/>
    <instantOut id="235_D11" time="2629.50" state="stay" vehID="Car_1824" speed="0.09" length="5.00" type="DEFAULT_CAR"/>
    <instantOut id="235_D11" time="2629.75" state="stay" vehID="Car_1824" speed="0.00" length="5.00" type="DEFAULT_CAR"/>
    <instantOut id="235_D11" time="2630.00" state="stay" vehID="Car_1824" speed="0.00" length="5.00" type="DEFAULT_CAR"/>
    <instantOut id="235_D11" time="2630.25" state="stay" vehID="Car_1824" speed="0.94" length="5.00" type="DEFAULT_CAR"/>
    <instantOut id="235_D11" time="2630.50" state="stay" vehID="Car_1824" speed="1.70" length="5.00" type="DEFAULT_CAR"/>
    <instantOut id="235_D11" time="2630.75" state="stay" vehID="Car_1824" speed="2.40" length="5.00" type="DEFAULT_CAR"/>
    <instantOut id="235_D11" time="2631.00" state="leave" vehID="Car_1824" speed="3.08" length="5.00" type="DEFAULT_CAR" occupancy="3.04"/>
    <instantOut id="235_D11" time="9769.90" state="enter" vehID="Car_5794" speed="6.13" length="5.00" type="DEFAULT_CAR" gap="7138.90"/>
    <instantOut id="235_D11" time="9770.00" state="stay" vehID="Car_5794" speed="6.13" length="5.00" type="DEFAULT_CAR"/>
    <instantOut id="235_D11" time="9770.25" state="stay" vehID="Car_5794" speed="7.08" length="5.00" type="DEFAULT_CAR"/>
    <instantOut id="235_D11" time="9770.50" state="stay" vehID="Car_5794" speed="7.89" length="5.00" type="DEFAULT_CAR"/>
    <instantOut id="235_D11" time="9770.57" state="leave" vehID="Car_5794" speed="8.77" length="5.00" type="DEFAULT_CAR" occupancy="0.67"/>
    <instantOut id="235_D11" time="10247.92" state="enter" vehID="Car_5793" speed="6.16" length="5.00" type="DEFAULT_CAR" gap="477.35"/>
    <instantOut id="235_D11" time="10248.00" state="stay" vehID="Car_5793" speed="6.16" length="5.00" type="DEFAULT_CAR"/>
    <instantOut id="235_D11" time="10248.25" state="stay" vehID="Car_5793" speed="7.11" length="5.00" type="DEFAULT_CAR"/>
    <instantOut id="235_D11" time="10248.50" state="stay" vehID="Car_5793" speed="7.91" length="5.00" type="DEFAULT_CAR"/>
    <instantOut id="235_D11" time="10248.59" state="leave" vehID="Car_5793" speed="8.86" length="5.00" type="DEFAULT_CAR" occupancy="0.66"/>
    <instantOut id="235_D11" time="10359.00" state="enter" vehID="Car_5449" speed="3.79" length="5.00" type="DEFAULT_CAR" gap="110.42"/>
    <instantOut id="235_D11" time="10359.25" state="stay" vehID="Car_5449" speed="3.79" length="5.00" type="DEFAULT_CAR"/>
    <instantOut id="235_D11" time="10359.50" state="stay" vehID="Car_5449" speed="3.08" length="5.00" type="DEFAULT_CAR"/>
    <instantOut id="235_D11" time="10359.75" state="stay" vehID="Car_5449" speed="2.38" length="5.00" type="DEFAULT_CAR"/>
    <instantOut id="235_D11" time="10360.00" state="stay" vehID="Car_5449" speed="1.63" length="5.00" type="DEFAULT_CAR"/>
    <instantOut id="235_D11" time="10360.25" state="stay" vehID="Car_5449" speed="0.88" length="5.00" type="DEFAULT_CAR"/>
    <instantOut id="235_D11" time="10360.50" state="stay" vehID="Car_5449" speed="0.18" length="5.00" type="DEFAULT_CAR"/>
    <instantOut id="235_D11" time="10360.75" state="stay" vehID="Car_5449" speed="0.01" length="5.00" type="DEFAULT_CAR"/>
    <instantOut id="235_D11" time="10361.00" state="stay" vehID="Car_5449" speed="0.00" length="5.00" type="DEFAULT_CAR"/>
    <instantOut id="235_D11" time="10361.25" state="stay" vehID="Car_5449" speed="0.00" length="5.00" type="DEFAULT_CAR"/>
    <instantOut id="235_D11" time="10361.50" state="stay" vehID="Car_5449" speed="0.00" length="5.00" type="DEFAULT_CAR"/>
    <instantOut id="235_D11" time="10361.75" state="stay" vehID="Car_5449" speed="0.00" length="5.00" type="DEFAULT_CAR"/>
    <instantOut id="235_D11" time="10362.00" state="stay" vehID="Car_5449" speed="0.00" length="5.00" type="DEFAULT_CAR"/>
    <instantOut id="235_D11" time="10362.25" state="stay" vehID="Car_5449" speed="0.00" length="5.00" type="DEFAULT_CAR"/>
    <instantOut id="235_D11" time="10362.50" state="stay" vehID="Car_5449" speed="0.00" length="5.00" type="DEFAULT_CAR"/>
    <instantOut id="235_D11" time="10362.75" state="stay" vehID="Car_5449" speed="0.00" length="5.00" type="DEFAULT_CAR"/>
    <instantOut id="235_D11" time="10363.00" state="stay" vehID="Car_5449" speed="0.00" length="5.00" type="DEFAULT_CAR"/>
    <instantOut id="235_D11" time="10363.25" state="stay" vehID="Car_5449" speed="0.00" length="5.00" type="DEFAULT_CAR"/>
    <instantOut id="235_D11" time="10363.50" state="stay" vehID="Car_5449" speed="0.00" length="5.00" type="DEFAULT_CAR"/>
    <instantOut id="235_D11" time="10363.75" state="stay" vehID="Car_5449" speed="0.00" length="5.00" type="DEFAULT_CAR"/>
    <instantOut id="235_D11" time="10364.00" state="stay" vehID="Car_5449" speed="0.00" length="5.00" type="DEFAULT_CAR"/>
    <instantOut id="235_D11" time="10364.25" state="stay" vehID="Car_5449" speed="0.00" length="5.00" type="DEFAULT_CAR"/>
    <instantOut id="235_D11" time="10364.50" state="stay" vehID="Car_5449" speed="0.00" length="5.00" type="DEFAULT_CAR"/>
    <instantOut id="235_D11" time="10364.75" state="stay" vehID="Car_5449" speed="0.00" length="5.00" type="DEFAULT_CAR"/>
    <instantOut id="235_D11" time="10365.00" state="stay" vehID="Car_5449" speed="0.00" length="5.00" type="DEFAULT_CAR"/>
    <instantOut id="235_D11" time="10365.25" state="stay" vehID="Car_5449" speed="0.00" length="5.00" type="DEFAULT_CAR"/>
    <instantOut id="235_D11" time="10365.50" state="stay" vehID="Car_5449" speed="0.00" length="5.00" type="DEFAULT_CAR"/>
    <instantOut id="235_D11" time="10365.75" state="stay" vehID="Car_5449" speed="0.00" length="5.00" type="DEFAULT_CAR"/>
    <instantOut id="235_D11" time="10366.00" state="stay" vehID="Car_5449" speed="0.00" length="5.00" type="DEFAULT_CAR"/>
    <instantOut id="235_D11" time="10366.25" state="stay" vehID="Car_5449" speed="0.00" length="5.00" type="DEFAULT_CAR"/>
    <instantOut id="235_D11" time="10366.50" state="stay" vehID="Car_5449" speed="0.00" length="5.00" type="DEFAULT_CAR"/>
    <instantOut id="235_D11" time="10366.75" state="stay" vehID="Car_5449" speed="0.00" length="5.00" type="DEFAULT_CAR"/>
    <instantOut id="235_D11" time="10367.00" state="stay" vehID="Car_5449" speed="0.00" length="5.00" type="DEFAULT_CAR"/>
    <instantOut id="235_D11" time="10367.25" state="stay" vehID="Car_5449" speed="0.87" length="5.00" type="DEFAULT_CAR"/>
    <instantOut id="235_D11" time="10367.50" state="stay" vehID="Car_5449" speed="1.77" length="5.00" type="DEFAULT_CAR"/>
    <instantOut id="235_D11" time="10367.75" state="stay" vehID="Car_5449" speed="2.72" length="5.00" type="DEFAULT_CAR"/>
    <instantOut id="235_D11" time="10367.94" state="leave" vehID="Car_5449" speed="3.66" length="5.00" type="DEFAULT_CAR" occupancy="8.93"/>
    <instantOut id="235_D11" time="10523.91" state="enter" vehID="Car_5923" speed="5.89" length="5.00" type="DEFAULT_CAR" gap="155.97"/>
    <instantOut id="235_D11" time="10524.00" state="stay" vehID="Car_5923" speed="5.89" length="5.00" type="DEFAULT_CAR"/>
    <instantOut id="235_D11" time="10524.25" state="stay" vehID="Car_5923" speed="6.84" length="5.00" type="DEFAULT_CAR"/>
    <instantOut id="235_D11" time="10524.50" state="stay" vehID="Car_5923" speed="7.70" length="5.00" type="DEFAULT_CAR"/>
    <instantOut id="235_D11" time="10524.59" state="leave" vehID="Car_5923" speed="8.54" length="5.00" type="DEFAULT_CAR" occupancy="0.69"/>
    <instantOut id="235_D11" time="10663.03" state="enter" vehID="Car_6214" speed="3.76" length="5.00" type="DEFAULT_CAR" gap="138.43"/>
    <instantOut id="235_D11" time="10663.25" state="stay" vehID="Car_6214" speed="3.76" length="5.00" type="DEFAULT_CAR"/>
    <instantOut id="235_D11" time="10663.50" state="stay" vehID="Car_6214" speed="3.01" length="5.00" type="DEFAULT_CAR"/>
    <instantOut id="235_D11" time="10663.75" state="stay" vehID="Car_6214" speed="2.46" length="5.00" type="DEFAULT_CAR"/>
    <instantOut id="235_D11" time="10664.00" state="stay" vehID="Car_6214" speed="1.72" length="5.00" type="DEFAULT_CAR"/>
    <instantOut id="235_D11" time="10664.25" state="stay" vehID="Car_6214" speed="0.97" length="5.00" type="DEFAULT_CAR"/>
    <instantOut id="235_D11" time="10664.50" state="stay" vehID="Car_6214" speed="0.37" length="5.00" type="DEFAULT_CAR"/>
    <instantOut id="235_D11" time="10664.75" state="stay" vehID="Car_6214" speed="0.04" length="5.00" type="DEFAULT_CAR"/>
    <instantOut id="235_D11" time="10665.00" state="stay" vehID="Car_6214" speed="0.00" length="5.00" type="DEFAULT_CAR"/>
    <instantOut id="235_D11" time="10665.25" state="stay" vehID="Car_6214" speed="0.00" length="5.00" type="DEFAULT_CAR"/>
    <instantOut id="235_D11" time="10665.50" state="stay" vehID="Car_6214" speed="0.00" length="5.00" type="DEFAULT_CAR"/>
    <instantOut id="235_D11" time="10665.75" state="stay" vehID="Car_6214" speed="0.00" length="5.00" type="DEFAULT_CAR"/>
    <instantOut id="235_D11" time="10666.00" state="stay" vehID="Car_6214" speed="0.00" length="5.00" type="DEFAULT_CAR"/>
    <instantOut id="235_D11" time="10666.25" state="stay" vehID="Car_6214" speed="0.00" length="5.00" type="DEFAULT_CAR"/>
    <instantOut id="235_D11" time="10666.50" state="stay" vehID="Car_6214" speed="0.00" length="5.00" type="DEFAULT_CAR"/>
    <instantOut id="235_D11" time="10666.75" state="stay" vehID="Car_6214" speed="0.00" length="5.00" type="DEFAULT_CAR"/>
    <instantOut id="235_D11" time="10667.00" state="stay" vehID="Car_6214" speed="0.00" length="5.00" type="DEFAULT_CAR"/>
    <instantOut id="235_D11" time="10667.25" state="stay" vehID="Car_6214" speed="0.00" length="5.00" type="DEFAULT_CAR"/>
    <instantOut id="235_D11" time="10667.50" state="stay" vehID="Car_6214" speed="0.00" length="5.00" type="DEFAULT_CAR"/>
    <instantOut id="235_D11" time="10667.75" state="stay" vehID="Car_6214" speed="0.00" length="5.00" type="DEFAULT_CAR"/>
    <instantOut id="235_D11" time="10668.00" state="stay" vehID="Car_6214" speed="0.00" length="5.00" type="DEFAULT_CAR"/>
    <instantOut id="235_D11" time="10668.25" state="stay" vehID="Car_6214" speed="0.00" length="5.00" type="DEFAULT_CAR"/>
    <instantOut id="235_D11" time="10668.50" state="stay" vehID="Car_6214" speed="0.00" length="5.00" type="DEFAULT_CAR"/>
    <instantOut id="235_D11" time="10668.75" state="stay" vehID="Car_6214" speed="0.00" length="5.00" type="DEFAULT_CAR"/>
    <instantOut id="235_D11" time="10669.00" state="stay" vehID="Car_6214" speed="0.00" length="5.00" type="DEFAULT_CAR"/>
    <instantOut id="235_D11" time="10669.25" state="stay" vehID="Car_6214" speed="0.00" length="5.00" type="DEFAULT_CAR"/>
    <instantOut id="235_D11" time="10669.50" state="stay" vehID="Car_6214" speed="0.00" length="5.00" type="DEFAULT_CAR"/>
    <instantOut id="235_D11" time="10669.75" state="stay" vehID="Car_6214" speed="0.00" length="5.00" type="DEFAULT_CAR"/>
    <instantOut id="235_D11" time="10670.00" state="stay" vehID="Car_6214" speed="0.00" length="5.00" type="DEFAULT_CAR"/>
    <instantOut id="235_D11" time="10670.25" state="stay" vehID="Car_6214" speed="0.00" length="5.00" type="DEFAULT_CAR"/>
    <instantOut id="235_D11" time="10670.50" state="stay" vehID="Car_6214" speed="0.00" length="5.00" type="DEFAULT_CAR"/>
    <instantOut id="235_D11" time="10670.75" state="stay" vehID="Car_6214" speed="0.00" length="5.00" type="DEFAULT_CAR"/>
    <instantOut id="235_D11" time="10671.00" state="stay" vehID="Car_6214" speed="0.00" length="5.00" type="DEFAULT_CAR"/>
    <instantOut id="235_D11" time="10671.25" state="stay" vehID="Car_6214" speed="0.00" length="5.00" type="DEFAULT_CAR"/>
    <instantOut id="235_D11" time="10671.50" state="stay" vehID="Car_6214" speed="0.00" length="5.00" type="DEFAULT_CAR"/>
    <instantOut id="235_D11" time="10671.75" state="stay" vehID="Car_6214" speed="0.00" length="5.00" type="DEFAULT_CAR"/>
    <instantOut id="235_D11" time="10672.00" state="stay" vehID="Car_6214" speed="0.00" length="5.00" type="DEFAULT_CAR"/>
    <instantOut id="235_D11" time="10672.25" state="stay" vehID="Car_6214" speed="0.00" length="5.00" type="DEFAULT_CAR"/>
    <instantOut id="235_D11" time="10672.50" state="stay" vehID="Car_6214" speed="0.00" length="5.00" type="DEFAULT_CAR"/>
    <instantOut id="235_D11" time="10672.75" state="stay" vehID="Car_6214" speed="0.00" length="5.00" type="DEFAULT_CAR"/>
    <instantOut id="235_D11" time="10673.00" state="stay" vehID="Car_6214" speed="0.00" length="5.00" type="DEFAULT_CAR"/>
    <instantOut id="235_D11" time="10673.25" state="stay" vehID="Car_6214" speed="0.00" length="5.00" type="DEFAULT_CAR"/>
    <instantOut id="235_D11" time="10673.50" state="stay" vehID="Car_6214" speed="0.00" length="5.00" type="DEFAULT_CAR"/>
    <instantOut id="235_D11" time="10673.75" state="stay" vehID="Car_6214" speed="0.00" length="5.00" type="DEFAULT_CAR"/>
    <instantOut id="235_D11" time="10674.00" state="stay" vehID="Car_6214" speed="0.00" length="5.00" type="DEFAULT_CAR"/>
    <instantOut id="235_D11" time="10674.25" state="stay" vehID="Car_6214" speed="0.00" length="5.00" type="DEFAULT_CAR"/>
    <instantOut id="235_D11" time="10674.50" state="stay" vehID="Car_6214" speed="0.00" length="5.00" type="DEFAULT_CAR"/>
    <instantOut id="235_D11" time="10674.75" state="stay" vehID="Car_6214" speed="0.00" length="5.00" type="DEFAULT_CAR"/>
    <instantOut id="235_D11" time="10675.00" state="stay" vehID="Car_6214" speed="0.00" length="5.00" type="DEFAULT_CAR"/>
    <instantOut id="235_D11" time="10675.25" state="stay" vehID="Car_6214" speed="0.00" length="5.00" type="DEFAULT_CAR"/>
    <instantOut id="235_D11" time="10675.50" state="stay" vehID="Car_6214" speed="0.00" length="5.00" type="DEFAULT_CAR"/>
    <instantOut id="235_D11" time="10675.75" state="stay" vehID="Car_6214" speed="0.00" length="5.00" type="DEFAULT_CAR"/>
    <instantOut id="235_D11" time="10676.00" state="stay" vehID="Car_6214" speed="0.00" length="5.00" type="DEFAULT_CAR"/>
    <instantOut id="235_D11" time="10676.25" state="stay" vehID="Car_6214" speed="0.00" length="5.00" type="DEFAULT_CAR"/>
    <instantOut id="235_D11" time="10676.50" state="stay" vehID="Car_6214" speed="0.00" length="5.00" type="DEFAULT_CAR"/>
    <instantOut id="235_D11" time="10676.75" state="stay" vehID="Car_6214" speed="0.00" length="5.00" type="DEFAULT_CAR"/>
    <instantOut id="235_D11" time="10677.00" state="stay" vehID="Car_6214" speed="0.85" length="5.00" type="DEFAULT_CAR"/>
    <instantOut id="235_D11" time="10677.25" state="stay" vehID="Car_6214" speed="1.61" length="5.00" type="DEFAULT_CAR"/>
    <instantOut id="235_D11" time="10677.50" state="stay" vehID="Car_6214" speed="2.42" length="5.00" type="DEFAULT_CAR"/>
    <instantOut id="235_D11" time="10677.75" state="stay" vehID="Car_6214" speed="3.15" length="5.00" type="DEFAULT_CAR"/>
    <instantOut id="235_D11" time="10677.75" state="leave" vehID="Car_6214" speed="3.77" length="5.00" type="DEFAULT_CAR" occupancy="14.73"/>
    <instantOut id="235_D11" time="10698.92" state="enter" vehID="Car_6215" speed="4.07" length="5.00" type="DEFAULT_CAR" gap="21.17"/>
    <instantOut id="235_D11" time="10699.00" state="stay" vehID="Car_6215" speed="4.07" length="5.00" type="DEFAULT_CAR"/>
    <instantOut id="235_D11" time="10699.25" state="stay" vehID="Car_6215" speed="4.07" length="5.00" type="DEFAULT_CAR"/>
    <instantOut id="235_D11" time="10699.50" state="stay" vehID="Car_6215" speed="4.07" length="5.00" type="DEFAULT_CAR"/>
    <instantOut id="235_D11" time="10699.75" state="stay" vehID="Car_6215" speed="3.59" length="5.00" type="DEFAULT_CAR"/>
    <instantOut id="235_D11" time="10700.00" state="stay" vehID="Car_6215" speed="3.41" length="5.00" type="DEFAULT_CAR"/>
    <instantOut id="235_D11" time="10700.25" state="stay" vehID="Car_6215" speed="3.26" length="5.00" type="DEFAULT_CAR"/>
    <instantOut id="235_D11" time="10700.27" state="leave" vehID="Car_6215" speed="3.87" length="5.00" type="DEFAULT_CAR" occupancy="1.35"/>
    <instantOut id="235_D11" time="11641.97" state="enter" vehID="Car_6458" speed="4.52" length="5.00" type="DEFAULT_CAR" gap="941.70"/>
    <instantOut id="235_D11" time="11642.00" state="stay" vehID="Car_6458" speed="4.52" length="5.00" type="DEFAULT_CAR"/>
    <instantOut id="235_D11" time="11642.25" state="stay" vehID="Car_6458" speed="3.77" length="5.00" type="DEFAULT_CAR"/>
    <instantOut id="235_D11" time="11642.50" state="stay" vehID="Car_6458" speed="4.72" length="5.00" type="DEFAULT_CAR"/>
    <instantOut id="235_D11" time="11642.75" state="stay" vehID="Car_6458" speed="5.32" length="5.00" type="DEFAULT_CAR"/>
    <instantOut id="235_D11" time="11642.98" state="leave" vehID="Car_6458" speed="6.02" length="5.00" type="DEFAULT_CAR" occupancy="1.01"/>
    <instantOut id="235_D11" time="11921.90" state="enter" vehID="Car_6457" speed="6.13" length="5.00" type="DEFAULT_CAR" gap="278.92"/>
    <instantOut id="235_D11" time="11922.00" state="stay" vehID="Car_6457" speed="6.13" length="5.00" type="DEFAULT_CAR"/>
    <instantOut id="235_D11" time="11922.25" state="stay" vehID="Car_6457" speed="7.08" length="5.00" type="DEFAULT_CAR"/>
    <instantOut id="235_D11" time="11922.50" state="stay" vehID="Car_6457" speed="7.72" length="5.00" type="DEFAULT_CAR"/>
    <instantOut id="235_D11" time="11922.59" state="leave" vehID="Car_6457" speed="8.34" length="5.00" type="DEFAULT_CAR" occupancy="0.68"/>
    <instantOut id="235_D11" time="13601.91" state="enter" vehID="Car_7743" speed="6.14" length="5.00" type="DEFAULT_CAR" gap="1679.33"/>
    <instantOut id="235_D11" time="13602.00" state="stay" vehID="Car_7743" speed="6.14" length="5.00" type="DEFAULT_CAR"/>
    <instantOut id="235_D11" time="13602.25" state="stay" vehID="Car_7743" speed="7.09" length="5.00" type="DEFAULT_CAR"/>
    <instantOut id="235_D11" time="13602.50" state="stay" vehID="Car_7743" speed="7.79" length="5.00" type="DEFAULT_CAR"/>
    <instantOut id="235_D11" time="13602.58" state="leave" vehID="Car_7743" speed="8.67" length="5.00" type="DEFAULT_CAR" occupancy="0.67"/>
    <instantOut id="235_D11" time="13802.99" state="enter" vehID="Car_7733" speed="5.52" length="5.00" type="DEFAULT_CAR" gap="200.40"/>
    <instantOut id="235_D11" time="13803.00" state="stay" vehID="Car_7733" speed="5.52" length="5.00" type="DEFAULT_CAR"/>
    <instantOut id="235_D11" time="13803.25" state="stay" vehID="Car_7733" speed="4.77" length="5.00" type="DEFAULT_CAR"/>
    <instantOut id="235_D11" time="13803.50" state="stay" vehID="Car_7733" speed="4.02" length="5.00" type="DEFAULT_CAR"/>
    <instantOut id="235_D11" time="13803.75" state="stay" vehID="Car_7733" speed="3.27" length="5.00" type="DEFAULT_CAR"/>
    <instantOut id="235_D11" time="13804.00" state="stay" vehID="Car_7733" speed="2.60" length="5.00" type="DEFAULT_CAR"/>
    <instantOut id="235_D11" time="13804.25" state="stay" vehID="Car_7733" speed="2.79" length="5.00" type="DEFAULT_CAR"/>
    <instantOut id="235_D11" time="13804.46" state="leave" vehID="Car_7733" speed="2.70" length="5.00" type="DEFAULT_CAR" occupancy="1.47"/>
    <instantOut id="235_D11" time="14012.97" state="enter" vehID="Car_7732" speed="6.14" length="5.00" type="DEFAULT_CAR" gap="208.50"/>
    <instantOut id="235_D11" time="14013.00" state="stay" vehID="Car_7732" speed="6.14" length="5.00" type="DEFAULT_CAR"/>
    <instantOut id="235_D11" time="14013.25" state="stay" vehID="Car_7732" speed="6.96" length="5.00" type="DEFAULT_CAR"/>
    <instantOut id="235_D11" time="14013.50" state="stay" vehID="Car_7732" speed="6.21" length="5.00" type="DEFAULT_CAR"/>
    <instantOut id="235_D11" time="14013.75" state="stay" vehID="Car_7732" speed="5.87" length="5.00" type="DEFAULT_CAR"/>
    <instantOut id="235_D11" time="14013.76" state="leave" vehID="Car_7732" speed="5.81" length="5.00" type="DEFAULT_CAR" occupancy="0.79"/>
    <instantOut id="235_D11" time="15168.97" state="enter" vehID="Car_8807" speed="4.23" length="5.00" type="DEFAULT_CAR" gap="1155.21"/>
    <instantOut id="235_D11" time="15169.00" state="stay" vehID="Car_8807" speed="4.23" length="5.00" type="DEFAULT_CAR"/>
    <instantOut id="235_D11" time="15169.25" state="stay" vehID="Car_8807" speed="3.58" length="5.00" type="DEFAULT_CAR"/>
    <instantOut id="235_D11" time="15169.50" state="stay" vehID="Car_8807" speed="2.95" length="5.00" type="DEFAULT_CAR"/>
    <instantOut id="235_D11" time="15169.75" state="stay" vehID="Car_8807" speed="2.20" length="5.00" type="DEFAULT_CAR"/>
    <instantOut id="235_D11" time="15170.00" state="stay" vehID="Car_8807" speed="1.62" length="5.00" type="DEFAULT_CAR"/>
    <instantOut id="235_D11" time="15170.25" state="stay" vehID="Car_8807" speed="0.87" length="5.00" type="DEFAULT_CAR"/>
    <instantOut id="235_D11" time="15170.50" state="stay" vehID="Car_8807" speed="0.15" length="5.00" type="DEFAULT_CAR"/>
    <instantOut id="235_D11" time="15170.75" state="stay" vehID="Car_8807" speed="0.01" length="5.00" type="DEFAULT_CAR"/>
    <instantOut id="235_D11" time="15171.00" state="stay" vehID="Car_8807" speed="0.00" length="5.00" type="DEFAULT_CAR"/>
    <instantOut id="235_D11" time="15171.25" state="stay" vehID="Car_8807" speed="0.00" length="5.00" type="DEFAULT_CAR"/>
    <instantOut id="235_D11" time="15171.50" state="stay" vehID="Car_8807" speed="0.00" length="5.00" type="DEFAULT_CAR"/>
    <instantOut id="235_D11" time="15171.75" state="stay" vehID="Car_8807" speed="0.00" length="5.00" type="DEFAULT_CAR"/>
    <instantOut id="235_D11" time="15172.00" state="stay" vehID="Car_8807" speed="0.91" length="5.00" type="DEFAULT_CAR"/>
    <instantOut id="235_D11" time="15172.25" state="stay" vehID="Car_8807" speed="1.81" length="5.00" type="DEFAULT_CAR"/>
    <instantOut id="235_D11" time="15172.50" state="stay" vehID="Car_8807" speed="2.62" length="5.00" type="DEFAULT_CAR"/>
    <instantOut id="235_D11" time="15172.72" state="leave" vehID="Car_8807" speed="3.13" length="5.00" type="DEFAULT_CAR" occupancy="3.75"/>
    <instantOut id="235_D11" time="18068.07" state="enter" vehID="Car_10486" speed="3.91" length="5.00" type="DEFAULT_CAR" gap="2895.35"/>
    <instantOut id="235_D11" time="18068.25" state="stay" vehID="Car_10486" speed="3.91" length="5.00" type="DEFAULT_CAR"/>
    <instantOut id="235_D11" time="18068.50" state="stay" vehID="Car_10486" speed="3.22" length="5.00" type="DEFAULT_CAR"/>
    <instantOut id="235_D11" time="18068.75" state="stay" vehID="Car_10486" speed="2.47" length="5.00" type="DEFAULT_CAR"/>
    <instantOut id="235_D11" time="18069.00" state="stay" vehID="Car_10486" speed="1.72" length="5.00" type="DEFAULT_CAR"/>
    <instantOut id="235_D11" time="18069.25" state="stay" vehID="Car_10486" speed="1.13" length="5.00" type="DEFAULT_CAR"/>
    <instantOut id="235_D11" time="18069.50" state="stay" vehID="Car_10486" speed="1.97" length="5.00" type="DEFAULT_CAR"/>
    <instantOut id="235_D11" time="18069.75" state="stay" vehID="Car_10486" speed="2.79" length="5.00" type="DEFAULT_CAR"/>
    <instantOut id="235_D11" time="18070.00" state="stay" vehID="Car_10486" speed="3.53" length="5.00" type="DEFAULT_CAR"/>
    <instantOut id="235_D11" time="18070.02" state="leave" vehID="Car_10486" speed="4.12" length="5.00" type="DEFAULT_CAR" occupancy="1.95"/>
    <instantOut id="235_D11" time="18450.97" state="enter" vehID="Car_10487" speed="4.31" length="5.00" type="DEFAULT_CAR" gap="380.95"/>
    <instantOut id="235_D11" time="18451.00" state="stay" vehID="Car_10487" speed="4.31" length="5.00" type="DEFAULT_CAR"/>
    <instantOut id="235_D11" time="18451.25" state="stay" vehID="Car_10487" speed="3.56" length="5.00" type="DEFAULT_CAR"/>
    <instantOut id="235_D11" time="18451.50" state="stay" vehID="Car_10487" speed="2.98" length="5.00" type="DEFAULT_CAR"/>
    <instantOut id="235_D11" time="18451.75" state="stay" vehID="Car_10487" speed="2.25" length="5.00" type="DEFAULT_CAR"/>
    <instantOut id="235_D11" time="18452.00" state="stay" vehID="Car_10487" speed="1.52" length="5.00" type="DEFAULT_CAR"/>
    <instantOut id="235_D11" time="18452.25" state="stay" vehID="Car_10487" speed="0.82" length="5.00" type="DEFAULT_CAR"/>
    <instantOut id="235_D11" time="18452.50" state="stay" vehID="Car_10487" speed="0.25" length="5.00" type="DEFAULT_CAR"/>
    <instantOut id="235_D11" time="18452.75" state="stay" vehID="Car_10487" speed="0.01" length="5.00" type="DEFAULT_CAR"/>
    <instantOut id="235_D11" time="18453.00" state="stay" vehID="Car_10487" speed="0.00" length="5.00" type="DEFAULT_CAR"/>
    <instantOut id="235_D11" time="18453.25" state="stay" vehID="Car_10487" speed="0.00" length="5.00" type="DEFAULT_CAR"/>
    <instantOut id="235_D11" time="18453.50" state="stay" vehID="Car_10487" speed="0.00" length="5.00" type="DEFAULT_CAR"/>
    <instantOut id="235_D11" time="18453.75" state="stay" vehID="Car_10487" speed="0.00" length="5.00" type="DEFAULT_CAR"/>
    <instantOut id="235_D11" time="18454.00" state="stay" vehID="Car_10487" speed="0.00" length="5.00" type="DEFAULT_CAR"/>
    <instantOut id="235_D11" time="18454.25" state="stay" vehID="Car_10487" speed="0.00" length="5.00" type="DEFAULT_CAR"/>
    <instantOut id="235_D11" time="18454.50" state="stay" vehID="Car_10487" speed="0.00" length="5.00" type="DEFAULT_CAR"/>
    <instantOut id="235_D11" time="18454.75" state="stay" vehID="Car_10487" speed="0.00" length="5.00" type="DEFAULT_CAR"/>
    <instantOut id="235_D11" time="18455.00" state="stay" vehID="Car_10487" speed="0.00" length="5.00" type="DEFAULT_CAR"/>
    <instantOut id="235_D11" time="18455.25" state="stay" vehID="Car_10487" speed="0.00" length="5.00" type="DEFAULT_CAR"/>
    <instantOut id="235_D11" time="18455.50" state="stay" vehID="Car_10487" speed="0.00" length="5.00" type="DEFAULT_CAR"/>
    <instantOut id="235_D11" time="18455.75" state="stay" vehID="Car_10487" speed="0.00" length="5.00" type="DEFAULT_CAR"/>
    <instantOut id="235_D11" time="18456.00" state="stay" vehID="Car_10487" speed="0.00" length="5.00" type="DEFAULT_CAR"/>
    <instantOut id="235_D11" time="18456.25" state="stay" vehID="Car_10487" speed="0.00" length="5.00" type="DEFAULT_CAR"/>
    <instantOut id="235_D11" time="18456.50" state="stay" vehID="Car_10487" speed="0.00" length="5.00" type="DEFAULT_CAR"/>
    <instantOut id="235_D11" time="18456.75" state="stay" vehID="Car_10487" speed="0.00" length="5.00" type="DEFAULT_CAR"/>
    <instantOut id="235_D11" time="18457.00" state="stay" vehID="Car_10487" speed="0.87" length="5.00" type="DEFAULT_CAR"/>
    <instantOut id="235_D11" time="18457.25" state="stay" vehID="Car_10487" speed="1.82" length="5.00" type="DEFAULT_CAR"/>
    <instantOut id="235_D11" time="18457.50" state="stay" vehID="Car_10487" speed="2.65" length="5.00" type="DEFAULT_CAR"/>
    <instantOut id="235_D11" time="18457.70" state="leave" vehID="Car_10487" speed="3.48" length="5.00" type="DEFAULT_CAR" occupancy="6.73"/>
    <instantOut id="235_D11" time="18590.04" state="enter" vehID="Car_10488" speed="3.92" length="5.00" type="DEFAULT_CAR" gap="132.34"/>
    <instantOut id="235_D11" time="18590.25" state="stay" vehID="Car_10488" speed="3.92" length="5.00" type="DEFAULT_CAR"/>
    <instantOut id="235_D11" time="18590.50" state="stay" vehID="Car_10488" speed="3.17" length="5.00" type="DEFAULT_CAR"/>
    <instantOut id="235_D11" time="18590.75" state="stay" vehID="Car_10488" speed="2.42" length="5.00" type="DEFAULT_CAR"/>
    <instantOut id="235_D11" time="18591.00" state="stay" vehID="Car_10488" speed="1.67" length="5.00" type="DEFAULT_CAR"/>
    <instantOut id="235_D11" time="18591.25" state="stay" vehID="Car_10488" speed="0.98" length="5.00" type="DEFAULT_CAR"/>
    <instantOut id="235_D11" time="18591.50" state="stay" vehID="Car_10488" speed="0.34" length="5.00" type="DEFAULT_CAR"/>
    <instantOut id="235_D11" time="18591.75" state="stay" vehID="Car_10488" speed="0.04" length="5.00" type="DEFAULT_CAR"/>
    <instantOut id="235_D11" time="18592.00" state="stay" vehID="Car_10488" speed="0.00" length="5.00" type="DEFAULT_CAR"/>
    <instantOut id="235_D11" time="18592.25" state="stay" vehID="Car_10488" speed="0.00" length="5.00" type="DEFAULT_CAR"/>
    <instantOut id="235_D11" time="18592.50" state="stay" vehID="Car_10488" speed="0.00" length="5.00" type="DEFAULT_CAR"/>
    <instantOut id="235_D11" time="18592.75" state="stay" vehID="Car_10488" speed="0.00" length="5.00" type="DEFAULT_CAR"/>
    <instantOut id="235_D11" time="18593.00" state="stay" vehID="Car_10488" speed="0.00" length="5.00" type="DEFAULT_CAR"/>
    <instantOut id="235_D11" time="18593.25" state="stay" vehID="Car_10488" speed="0.00" length="5.00" type="DEFAULT_CAR"/>
    <instantOut id="235_D11" time="18593.50" state="stay" vehID="Car_10488" speed="0.00" length="5.00" type="DEFAULT_CAR"/>
    <instantOut id="235_D11" time="18593.75" state="stay" vehID="Car_10488" speed="0.00" length="5.00" type="DEFAULT_CAR"/>
    <instantOut id="235_D11" time="18594.00" state="stay" vehID="Car_10488" speed="0.00" length="5.00" type="DEFAULT_CAR"/>
    <instantOut id="235_D11" time="18594.25" state="stay" vehID="Car_10488" speed="0.00" length="5.00" type="DEFAULT_CAR"/>
    <instantOut id="235_D11" time="18594.50" state="stay" vehID="Car_10488" speed="0.00" length="5.00" type="DEFAULT_CAR"/>
    <instantOut id="235_D11" time="18594.75" state="stay" vehID="Car_10488" speed="0.00" length="5.00" type="DEFAULT_CAR"/>
    <instantOut id="235_D11" time="18595.00" state="stay" vehID="Car_10488" speed="0.00" length="5.00" type="DEFAULT_CAR"/>
    <instantOut id="235_D11" time="18595.25" state="stay" vehID="Car_10488" speed="0.00" length="5.00" type="DEFAULT_CAR"/>
    <instantOut id="235_D11" time="18595.50" state="stay" vehID="Car_10488" speed="0.00" length="5.00" type="DEFAULT_CAR"/>
    <instantOut id="235_D11" time="18595.75" state="stay" vehID="Car_10488" speed="0.00" length="5.00" type="DEFAULT_CAR"/>
    <instantOut id="235_D11" time="18596.00" state="stay" vehID="Car_10488" speed="0.00" length="5.00" type="DEFAULT_CAR"/>
    <instantOut id="235_D11" time="18596.25" state="stay" vehID="Car_10488" speed="0.00" length="5.00" type="DEFAULT_CAR"/>
    <instantOut id="235_D11" time="18596.50" state="stay" vehID="Car_10488" speed="0.00" length="5.00" type="DEFAULT_CAR"/>
    <instantOut id="235_D11" time="18596.75" state="stay" vehID="Car_10488" speed="0.00" length="5.00" type="DEFAULT_CAR"/>
    <instantOut id="235_D11" time="18597.00" state="stay" vehID="Car_10488" speed="0.00" length="5.00" type="DEFAULT_CAR"/>
    <instantOut id="235_D11" time="18597.25" state="stay" vehID="Car_10488" speed="0.00" length="5.00" type="DEFAULT_CAR"/>
    <instantOut id="235_D11" time="18597.50" state="stay" vehID="Car_10488" speed="0.00" length="5.00" type="DEFAULT_CAR"/>
    <instantOut id="235_D11" time="18597.75" state="stay" vehID="Car_10488" speed="0.00" length="5.00" type="DEFAULT_CAR"/>
    <instantOut id="235_D11" time="18598.00" state="stay" vehID="Car_10488" speed="0.00" length="5.00" type="DEFAULT_CAR"/>
    <instantOut id="235_D11" time="18598.25" state="stay" vehID="Car_10488" speed="0.00" length="5.00" type="DEFAULT_CAR"/>
    <instantOut id="235_D11" time="18598.50" state="stay" vehID="Car_10488" speed="0.00" length="5.00" type="DEFAULT_CAR"/>
    <instantOut id="235_D11" time="18598.75" state="stay" vehID="Car_10488" speed="0.00" length="5.00" type="DEFAULT_CAR"/>
    <instantOut id="235_D11" time="18599.00" state="stay" vehID="Car_10488" speed="0.00" length="5.00" type="DEFAULT_CAR"/>
    <instantOut id="235_D11" time="18599.25" state="stay" vehID="Car_10488" speed="0.00" length="5.00" type="DEFAULT_CAR"/>
    <instantOut id="235_D11" time="18599.50" state="stay" vehID="Car_10488" speed="0.00" length="5.00" type="DEFAULT_CAR"/>
    <instantOut id="235_D11" time="18599.75" state="stay" vehID="Car_10488" speed="0.00" length="5.00" type="DEFAULT_CAR"/>
    <instantOut id="235_D11" time="18600.00" state="stay" vehID="Car_10488" speed="0.00" length="5.00" type="DEFAULT_CAR"/>
    <instantOut id="235_D11" time="18600.25" state="stay" vehID="Car_10488" speed="0.00" length="5.00" type="DEFAULT_CAR"/>
    <instantOut id="235_D11" time="18600.50" state="stay" vehID="Car_10488" speed="0.00" length="5.00" type="DEFAULT_CAR"/>
    <instantOut id="235_D11" time="18600.75" state="stay" vehID="Car_10488" speed="0.00" length="5.00" type="DEFAULT_CAR"/>
    <instantOut id="235_D11" time="18601.00" state="stay" vehID="Car_10488" speed="0.00" length="5.00" type="DEFAULT_CAR"/>
    <instantOut id="235_D11" time="18601.25" state="stay" vehID="Car_10488" speed="0.00" length="5.00" type="DEFAULT_CAR"/>
    <instantOut id="235_D11" time="18601.50" state="stay" vehID="Car_10488" speed="0.00" length="5.00" type="DEFAULT_CAR"/>
    <instantOut id="235_D11" time="18601.75" state="stay" vehID="Car_10488" speed="0.00" length="5.00" type="DEFAULT_CAR"/>
    <instantOut id="235_D11" time="18602.00" state="stay" vehID="Car_10488" speed="0.00" length="5.00" type="DEFAULT_CAR"/>
    <instantOut id="235_D11" time="18602.25" state="stay" vehID="Car_10488" speed="0.00" length="5.00" type="DEFAULT_CAR"/>
    <instantOut id="235_D11" time="18602.50" state="stay" vehID="Car_10488" speed="0.00" length="5.00" type="DEFAULT_CAR"/>
    <instantOut id="235_D11" time="18602.75" state="stay" vehID="Car_10488" speed="0.00" length="5.00" type="DEFAULT_CAR"/>
    <instantOut id="235_D11" time="18603.00" state="stay" vehID="Car_10488" speed="0.00" length="5.00" type="DEFAULT_CAR"/>
    <instantOut id="235_D11" time="18603.25" state="stay" vehID="Car_10488" speed="0.00" length="5.00" type="DEFAULT_CAR"/>
    <instantOut id="235_D11" time="18603.50" state="stay" vehID="Car_10488" speed="0.00" length="5.00" type="DEFAULT_CAR"/>
    <instantOut id="235_D11" time="18603.75" state="stay" vehID="Car_10488" speed="0.00" length="5.00" type="DEFAULT_CAR"/>
    <instantOut id="235_D11" time="18604.00" state="stay" vehID="Car_10488" speed="0.00" length="5.00" type="DEFAULT_CAR"/>
    <instantOut id="235_D11" time="18604.25" state="stay" vehID="Car_10488" speed="0.00" length="5.00" type="DEFAULT_CAR"/>
    <instantOut id="235_D11" time="18604.50" state="stay" vehID="Car_10488" speed="0.00" length="5.00" type="DEFAULT_CAR"/>
    <instantOut id="235_D11" time="18604.75" state="stay" vehID="Car_10488" speed="0.00" length="5.00" type="DEFAULT_CAR"/>
    <instantOut id="235_D11" time="18605.00" state="stay" vehID="Car_10488" speed="0.00" length="5.00" type="DEFAULT_CAR"/>
    <instantOut id="235_D11" time="18605.25" state="stay" vehID="Car_10488" speed="0.90" length="5.00" type="DEFAULT_CAR"/>
    <instantOut id="235_D11" time="18605.50" state="stay" vehID="Car_10488" speed="1.80" length="5.00" type="DEFAULT_CAR"/>
    <instantOut id="235_D11" time="18605.75" state="stay" vehID="Car_10488" speed="2.43" length="5.00" type="DEFAULT_CAR"/>
    <instantOut id="235_D11" time="18605.99" state="leave" vehID="Car_10488" speed="3.01" length="5.00" type="DEFAULT_CAR" occupancy="15.95"/>
    <instantOut id="235_D11" time="18722.95" state="enter" vehID="Car_10570" speed="5.21" length="5.00" type="DEFAULT_CAR" gap="116.96"/>
    <instantOut id="235_D11" time="18723.00" state="stay" vehID="Car_10570" speed="5.21" length="5.00" type="DEFAULT_CAR"/>
    <instantOut id="235_D11" time="18723.25" state="stay" vehID="Car_10570" speed="5.21" length="5.00" type="DEFAULT_CAR"/>
    <instantOut id="235_D11" time="18723.50" state="stay" vehID="Car_10570" speed="5.21" length="5.00" type="DEFAULT_CAR"/>
    <instantOut id="235_D11" time="18723.75" state="stay" vehID="Car_10570" speed="4.46" length="5.00" type="DEFAULT_CAR"/>
    <instantOut id="235_D11" time="18724.00" state="stay" vehID="Car_10570" speed="3.71" length="5.00" type="DEFAULT_CAR"/>
    <instantOut id="235_D11" time="18724.02" state="leave" vehID="Car_10570" speed="4.44" length="5.00" type="DEFAULT_CAR" occupancy="1.07"/>
    <instantOut id="235_D11" time="18803.92" state="enter" vehID="Car_10569" speed="4.35" length="5.00" type="DEFAULT_CAR" gap="79.90"/>
    <instantOut id="235_D11" time="18804.00" state="stay" vehID="Car_10569" speed="4.35" length="5.00" type="DEFAULT_CAR"/>
    <instantOut id="235_D11" time="18804.25" state="stay" vehID="Car_10569" speed="3.60" length="5.00" type="DEFAULT_CAR"/>
    <instantOut id="235_D11" time="18804.50" state="stay" vehID="Car_10569" speed="2.85" length="5.00" type="DEFAULT_CAR"/>
    <instantOut id="235_D11" time="18804.75" state="stay" vehID="Car_10569" speed="2.10" length="5.00" type="DEFAULT_CAR"/>
    <instantOut id="235_D11" time="18805.00" state="stay" vehID="Car_10569" speed="1.35" length="5.00" type="DEFAULT_CAR"/>
    <instantOut id="235_D11" time="18805.25" state="stay" vehID="Car_10569" speed="0.68" length="5.00" type="DEFAULT_CAR"/>
    <instantOut id="235_D11" time="18805.50" state="stay" vehID="Car_10569" speed="0.01" length="5.00" type="DEFAULT_CAR"/>
    <instantOut id="235_D11" time="18805.75" state="stay" vehID="Car_10569" speed="0.00" length="5.00" type="DEFAULT_CAR"/>
    <instantOut id="235_D11" time="18806.00" state="stay" vehID="Car_10569" speed="0.00" length="5.00" type="DEFAULT_CAR"/>
    <instantOut id="235_D11" time="18806.25" state="stay" vehID="Car_10569" speed="0.00" length="5.00" type="DEFAULT_CAR"/>
    <instantOut id="235_D11" time="18806.50" state="stay" vehID="Car_10569" speed="0.00" length="5.00" type="DEFAULT_CAR"/>
    <instantOut id="235_D11" time="18806.75" state="stay" vehID="Car_10569" speed="0.00" length="5.00" type="DEFAULT_CAR"/>
    <instantOut id="235_D11" time="18807.00" state="stay" vehID="Car_10569" speed="0.00" length="5.00" type="DEFAULT_CAR"/>
    <instantOut id="235_D11" time="18807.25" state="stay" vehID="Car_10569" speed="0.00" length="5.00" type="DEFAULT_CAR"/>
    <instantOut id="235_D11" time="18807.50" state="stay" vehID="Car_10569" speed="0.00" length="5.00" type="DEFAULT_CAR"/>
    <instantOut id="235_D11" time="18807.75" state="stay" vehID="Car_10569" speed="0.00" length="5.00" type="DEFAULT_CAR"/>
    <instantOut id="235_D11" time="18808.00" state="stay" vehID="Car_10569" speed="0.00" length="5.00" type="DEFAULT_CAR"/>
    <instantOut id="235_D11" time="18808.25" state="stay" vehID="Car_10569" speed="0.00" length="5.00" type="DEFAULT_CAR"/>
    <instantOut id="235_D11" time="18808.50" state="stay" vehID="Car_10569" speed="0.00" length="5.00" type="DEFAULT_CAR"/>
    <instantOut id="235_D11" time="18808.75" state="stay" vehID="Car_10569" speed="0.00" length="5.00" type="DEFAULT_CAR"/>
    <instantOut id="235_D11" time="18809.00" state="stay" vehID="Car_10569" speed="0.00" length="5.00" type="DEFAULT_CAR"/>
    <instantOut id="235_D11" time="18809.25" state="stay" vehID="Car_10569" speed="0.00" length="5.00" type="DEFAULT_CAR"/>
    <instantOut id="235_D11" time="18809.50" state="stay" vehID="Car_10569" speed="0.00" length="5.00" type="DEFAULT_CAR"/>
    <instantOut id="235_D11" time="18809.75" state="stay" vehID="Car_10569" speed="0.00" length="5.00" type="DEFAULT_CAR"/>
    <instantOut id="235_D11" time="18810.00" state="stay" vehID="Car_10569" speed="0.00" length="5.00" type="DEFAULT_CAR"/>
    <instantOut id="235_D11" time="18810.25" state="stay" vehID="Car_10569" speed="0.00" length="5.00" type="DEFAULT_CAR"/>
    <instantOut id="235_D11" time="18810.50" state="stay" vehID="Car_10569" speed="0.00" length="5.00" type="DEFAULT_CAR"/>
    <instantOut id="235_D11" time="18810.75" state="stay" vehID="Car_10569" speed="0.00" length="5.00" type="DEFAULT_CAR"/>
    <instantOut id="235_D11" time="18811.00" state="stay" vehID="Car_10569" speed="0.87" length="5.00" type="DEFAULT_CAR"/>
    <instantOut id="235_D11" time="18811.25" state="stay" vehID="Car_10569" speed="1.62" length="5.00" type="DEFAULT_CAR"/>
    <instantOut id="235_D11" time="18811.50" state="stay" vehID="Car_10569" speed="2.35" length="5.00" type="DEFAULT_CAR"/>
    <instantOut id="235_D11" time="18811.75" state="stay" vehID="Car_10569" speed="3.00" length="5.00" type="DEFAULT_CAR"/>
    <instantOut id="235_D11" time="18811.77" state="leave" vehID="Car_10569" speed="3.85" length="5.00" type="DEFAULT_CAR" occupancy="7.84"/>
    <instantOut id="235_D11" time="18899.93" state="enter" vehID="Car_10568" speed="4.34" length="5.00" type="DEFAULT_CAR" gap="88.16"/>
    <instantOut id="235_D11" time="18900.00" state="stay" vehID="Car_10568" speed="4.34" length="5.00" type="DEFAULT_CAR"/>
    <instantOut id="235_D11" time="18900.25" state="stay" vehID="Car_10568" speed="3.59" length="5.00" type="DEFAULT_CAR"/>
    <instantOut id="235_D11" time="18900.50" state="stay" vehID="Car_10568" speed="2.84" length="5.00" type="DEFAULT_CAR"/>
    <instantOut id="235_D11" time="18900.75" state="stay" vehID="Car_10568" speed="2.09" length="5.00" type="DEFAULT_CAR"/>
    <instantOut id="235_D11" time="18901.00" state="stay" vehID="Car_10568" speed="1.34" length="5.00" type="DEFAULT_CAR"/>
    <instantOut id="235_D11" time="18901.25" state="stay" vehID="Car_10568" speed="0.77" length="5.00" type="DEFAULT_CAR"/>
    <instantOut id="235_D11" time="18901.50" state="stay" vehID="Car_10568" speed="0.04" length="5.00" type="DEFAULT_CAR"/>
    <instantOut id="235_D11" time="18901.75" state="stay" vehID="Car_10568" speed="0.01" length="5.00" type="DEFAULT_CAR"/>
    <instantOut id="235_D11" time="18902.00" state="stay" vehID="Car_10568" speed="0.00" length="5.00" type="DEFAULT_CAR"/>
    <instantOut id="235_D11" time="18902.25" state="stay" vehID="Car_10568" speed="0.00" length="5.00" type="DEFAULT_CAR"/>
    <instantOut id="235_D11" time="18902.50" state="stay" vehID="Car_10568" speed="0.00" length="5.00" type="DEFAULT_CAR"/>
    <instantOut id="235_D11" time="18902.75" state="stay" vehID="Car_10568" speed="0.00" length="5.00" type="DEFAULT_CAR"/>
    <instantOut id="235_D11" time="18903.00" state="stay" vehID="Car_10568" speed="0.00" length="5.00" type="DEFAULT_CAR"/>
    <instantOut id="235_D11" time="18903.25" state="stay" vehID="Car_10568" speed="0.00" length="5.00" type="DEFAULT_CAR"/>
    <instantOut id="235_D11" time="18903.50" state="stay" vehID="Car_10568" speed="0.00" length="5.00" type="DEFAULT_CAR"/>
    <instantOut id="235_D11" time="18903.75" state="stay" vehID="Car_10568" speed="0.00" length="5.00" type="DEFAULT_CAR"/>
    <instantOut id="235_D11" time="18904.00" state="stay" vehID="Car_10568" speed="0.00" length="5.00" type="DEFAULT_CAR"/>
    <instantOut id="235_D11" time="18904.25" state="stay" vehID="Car_10568" speed="0.00" length="5.00" type="DEFAULT_CAR"/>
    <instantOut id="235_D11" time="18904.50" state="stay" vehID="Car_10568" speed="0.00" length="5.00" type="DEFAULT_CAR"/>
    <instantOut id="235_D11" time="18904.75" state="stay" vehID="Car_10568" speed="0.00" length="5.00" type="DEFAULT_CAR"/>
    <instantOut id="235_D11" time="18905.00" state="stay" vehID="Car_10568" speed="0.00" length="5.00" type="DEFAULT_CAR"/>
    <instantOut id="235_D11" time="18905.25" state="stay" vehID="Car_10568" speed="0.83" length="5.00" type="DEFAULT_CAR"/>
    <instantOut id="235_D11" time="18905.50" state="stay" vehID="Car_10568" speed="1.33" length="5.00" type="DEFAULT_CAR"/>
    <instantOut id="235_D11" time="18905.75" state="stay" vehID="Car_10568" speed="1.69" length="5.00" type="DEFAULT_CAR"/>
    <instantOut id="235_D11" time="18906.00" state="stay" vehID="Car_10568" speed="2.11" length="5.00" type="DEFAULT_CAR"/>
    <instantOut id="235_D11" time="18906.25" state="leave" vehID="Car_10568" speed="2.16" length="5.00" type="DEFAULT_CAR" occupancy="6.32"/>
    <instantOut id="235_D11" time="18911.93" state="enter" vehID="Car_10567" speed="4.23" length="5.00" type="DEFAULT_CAR" gap="5.69"/>
    <instantOut id="235_D11" time="18912.00" state="stay" vehID="Car_10567" speed="4.23" length="5.00" type="DEFAULT_CAR"/>
    <instantOut id="235_D11" time="18912.25" state="stay" vehID="Car_10567" speed="3.48" length="5.00" type="DEFAULT_CAR"/>
    <instantOut id="235_D11" time="18912.50" state="stay" vehID="Car_10567" speed="2.73" length="5.00" type="DEFAULT_CAR"/>
    <instantOut id="235_D11" time="18912.75" state="stay" vehID="Car_10567" speed="2.09" length="5.00" type="DEFAULT_CAR"/>
    <instantOut id="235_D11" time="18913.00" state="stay" vehID="Car_10567" speed="1.57" length="5.00" type="DEFAULT_CAR"/>
    <instantOut id="235_D11" time="18913.25" state="stay" vehID="Car_10567" speed="0.82" length="5.00" type="DEFAULT_CAR"/>
    <instantOut id="235_D11" time="18913.50" state="stay" vehID="Car_10567" speed="0.08" length="5.00" type="DEFAULT_CAR"/>
    <instantOut id="235_D11" time="18913.75" state="stay" vehID="Car_10567" speed="0.00" length="5.00" type="DEFAULT_CAR"/>
    <instantOut id="235_D11" time="18914.00" state="stay" vehID="Car_10567" speed="0.00" length="5.00" type="DEFAULT_CAR"/>
    <instantOut id="235_D11" time="18914.25" state="stay" vehID="Car_10567" speed="0.00" length="5.00" type="DEFAULT_CAR"/>
    <instantOut id="235_D11" time="18914.50" state="stay" vehID="Car_10567" speed="0.00" length="5.00" type="DEFAULT_CAR"/>
    <instantOut id="235_D11" time="18914.75" state="stay" vehID="Car_10567" speed="0.00" length="5.00" type="DEFAULT_CAR"/>
    <instantOut id="235_D11" time="18915.00" state="stay" vehID="Car_10567" speed="0.00" length="5.00" type="DEFAULT_CAR"/>
    <instantOut id="235_D11" time="18915.25" state="stay" vehID="Car_10567" speed="0.00" length="5.00" type="DEFAULT_CAR"/>
    <instantOut id="235_D11" time="18915.50" state="stay" vehID="Car_10567" speed="0.85" length="5.00" type="DEFAULT_CAR"/>
    <instantOut id="235_D11" time="18915.75" state="stay" vehID="Car_10567" speed="1.71" length="5.00" type="DEFAULT_CAR"/>
    <instantOut id="235_D11" time="18916.00" state="stay" vehID="Car_10567" speed="2.40" length="5.00" type="DEFAULT_CAR"/>
    <instantOut id="235_D11" time="18916.25" state="stay" vehID="Car_10567" speed="3.02" length="5.00" type="DEFAULT_CAR"/>
    <instantOut id="235_D11" time="18916.26" state="leave" vehID="Car_10567" speed="3.81" length="5.00" type="DEFAULT_CAR" occupancy="4.33"/>
    <instantOut id="235_D11" time="19044.89" state="enter" vehID="Car_10566" speed="5.77" length="5.00" type="DEFAULT_CAR" gap="128.63"/>
    <instantOut id="235_D11" time="19045.00" state="stay" vehID="Car_10566" speed="5.77" length="5.00" type="DEFAULT_CAR"/>
    <instantOut id="235_D11" time="19045.25" state="stay" vehID="Car_10566" speed="6.53" length="5.00" type="DEFAULT_CAR"/>
    <instantOut id="235_D11" time="19045.50" state="stay" vehID="Car_10566" speed="5.78" length="5.00" type="DEFAULT_CAR"/>
    <instantOut id="235_D11" time="19045.73" state="leave" vehID="Car_10566" speed="5.49" length="5.00" type="DEFAULT_CAR" occupancy="0.84"/>
    <instantOut id="235_D11" time="21549.98" state="enter" vehID="Car_12269" speed="4.37" length="5.00" type="DEFAULT_CAR" gap="2504.25"/>
    <instantOut id="235_D11" time="21550.00" state="stay" vehID="Car_12269" speed="4.37" length="5.00" type="DEFAULT_CAR"/>
    <instantOut id="235_D11" time="21550.25" state="stay" vehID="Car_12269" speed="3.62" length="5.00" type="DEFAULT_CAR"/>
    <instantOut id="235_D11" time="21550.50" state="stay" vehID="Car_12269" speed="2.87" length="5.00" type="DEFAULT_CAR"/>
    <instantOut id="235_D11" time="21550.75" state="stay" vehID="Car_12269" speed="2.27" length="5.00" type="DEFAULT_CAR"/>
    <instantOut id="235_D11" time="21551.00" state="stay" vehID="Car_12269" speed="1.59" length="5.00" type="DEFAULT_CAR"/>
    <instantOut id="235_D11" time="21551.25" state="stay" vehID="Car_12269" speed="0.99" length="5.00" type="DEFAULT_CAR"/>
    <instantOut id="235_D11" time="21551.50" state="stay" vehID="Car_12269" speed="0.24" length="5.00" type="DEFAULT_CAR"/>
    <instantOut id="235_D11" time="21551.75" state="stay" vehID="Car_12269" speed="0.00" length="5.00" type="DEFAULT_CAR"/>
    <instantOut id="235_D11" time="21552.00" state="stay" vehID="Car_12269" speed="0.00" length="5.00" type="DEFAULT_CAR"/>
    <instantOut id="235_D11" time="21552.25" state="stay" vehID="Car_12269" speed="0.00" length="5.00" type="DEFAULT_CAR"/>
    <instantOut id="235_D11" time="21552.50" state="stay" vehID="Car_12269" speed="0.00" length="5.00" type="DEFAULT_CAR"/>
    <instantOut id="235_D11" time="21552.75" state="stay" vehID="Car_12269" speed="0.00" length="5.00" type="DEFAULT_CAR"/>
    <instantOut id="235_D11" time="21553.00" state="stay" vehID="Car_12269" speed="0.00" length="5.00" type="DEFAULT_CAR"/>
    <instantOut id="235_D11" time="21553.25" state="stay" vehID="Car_12269" speed="0.00" length="5.00" type="DEFAULT_CAR"/>
    <instantOut id="235_D11" time="21553.50" state="stay" vehID="Car_12269" speed="0.00" length="5.00" type="DEFAULT_CAR"/>
    <instantOut id="235_D11" time="21553.75" state="stay" vehID="Car_12269" speed="0.85" length="5.00" type="DEFAULT_CAR"/>
    <instantOut id="235_D11" time="21554.00" state="stay" vehID="Car_12269" speed="1.61" length="5.00" type="DEFAULT_CAR"/>
    <instantOut id="235_D11" time="21554.25" state="stay" vehID="Car_12269" speed="2.25" length="5.00" type="DEFAULT_CAR"/>
    <instantOut id="235_D11" time="21554.50" state="stay" vehID="Car_12269" speed="3.16" length="5.00" type="DEFAULT_CAR"/>
    <instantOut id="235_D11" time="21554.52" state="leave" vehID="Car_12269" speed="3.57" length="5.00" type="DEFAULT_CAR" occupancy="4.53"/>
    <instantOut id="235_D11" time="21815.02" state="enter" vehID="Car_12270" speed="5.54" length="5.00" type="DEFAULT_CAR" gap="260.50"/>
    <instantOut id="235_D11" time="21815.25" state="stay" vehID="Car_12270" speed="5.54" length="5.00" type="DEFAULT_CAR"/>
    <instantOut id="235_D11" time="21815.50" state="stay" vehID="Car_12270" speed="5.97" length="5.00" type="DEFAULT_CAR"/>
    <instantOut id="235_D11" time="21815.75" state="stay" vehID="Car_12270" speed="6.33" length="5.00" type="DEFAULT_CAR"/>
    <instantOut id="235_D11" time="21815.85" state="leave" vehID="Car_12270" speed="6.07" length="5.00" type="DEFAULT_CAR" occupancy="0.84"/>
    <instantOut id="235_D11" time="23127.99" state="enter" vehID="Car_13166" speed="4.46" length="5.00" type="DEFAULT_CAR" gap="1312.13"/>
    <instantOut id="235_D11" time="23128.00" state="stay" vehID="Car_13166" speed="4.46" length="5.00" type="DEFAULT_CAR"/>
    <instantOut id="235_D11" time="23128.25" state="stay" vehID="Car_13166" speed="3.71" length="5.00" type="DEFAULT_CAR"/>
    <instantOut id="235_D11" time="23128.50" state="stay" vehID="Car_13166" speed="2.96" length="5.00" type="DEFAULT_CAR"/>
    <instantOut id="235_D11" time="23128.75" state="stay" vehID="Car_13166" speed="2.35" length="5.00" type="DEFAULT_CAR"/>
    <instantOut id="235_D11" time="23129.00" state="stay" vehID="Car_13166" speed="1.60" length="5.00" type="DEFAULT_CAR"/>
    <instantOut id="235_D11" time="23129.25" state="stay" vehID="Car_13166" speed="0.85" length="5.00" type="DEFAULT_CAR"/>
    <instantOut id="235_D11" time="23129.50" state="stay" vehID="Car_13166" speed="0.16" length="5.00" type="DEFAULT_CAR"/>
    <instantOut id="235_D11" time="23129.75" state="stay" vehID="Car_13166" speed="0.02" length="5.00" type="DEFAULT_CAR"/>
    <instantOut id="235_D11" time="23130.00" state="stay" vehID="Car_13166" speed="0.00" length="5.00" type="DEFAULT_CAR"/>
    <instantOut id="235_D11" time="23130.25" state="stay" vehID="Car_13166" speed="0.00" length="5.00" type="DEFAULT_CAR"/>
    <instantOut id="235_D11" time="23130.50" state="stay" vehID="Car_13166" speed="0.00" length="5.00" type="DEFAULT_CAR"/>
    <instantOut id="235_D11" time="23130.75" state="stay" vehID="Car_13166" speed="0.00" length="5.00" type="DEFAULT_CAR"/>
    <instantOut id="235_D11" time="23131.00" state="stay" vehID="Car_13166" speed="0.00" length="5.00" type="DEFAULT_CAR"/>
    <instantOut id="235_D11" time="23131.25" state="stay" vehID="Car_13166" speed="0.00" length="5.00" type="DEFAULT_CAR"/>
    <instantOut id="235_D11" time="23131.50" state="stay" vehID="Car_13166" speed="0.00" length="5.00" type="DEFAULT_CAR"/>
    <instantOut id="235_D11" time="23131.75" state="stay" vehID="Car_13166" speed="0.00" length="5.00" type="DEFAULT_CAR"/>
    <instantOut id="235_D11" time="23132.00" state="stay" vehID="Car_13166" speed="0.00" length="5.00" type="DEFAULT_CAR"/>
    <instantOut id="235_D11" time="23132.25" state="stay" vehID="Car_13166" speed="0.00" length="5.00" type="DEFAULT_CAR"/>
    <instantOut id="235_D11" time="23132.50" state="stay" vehID="Car_13166" speed="0.00" length="5.00" type="DEFAULT_CAR"/>
    <instantOut id="235_D11" time="23132.75" state="stay" vehID="Car_13166" speed="0.00" length="5.00" type="DEFAULT_CAR"/>
    <instantOut id="235_D11" time="23133.00" state="stay" vehID="Car_13166" speed="0.00" length="5.00" type="DEFAULT_CAR"/>
    <instantOut id="235_D11" time="23133.25" state="stay" vehID="Car_13166" speed="0.93" length="5.00" type="DEFAULT_CAR"/>
    <instantOut id="235_D11" time="23133.50" state="stay" vehID="Car_13166" speed="1.77" length="5.00" type="DEFAULT_CAR"/>
    <instantOut id="235_D11" time="23133.75" state="stay" vehID="Car_13166" speed="2.46" length="5.00" type="DEFAULT_CAR"/>
    <instantOut id="235_D11" time="23133.97" state="leave" vehID="Car_13166" speed="3.30" length="5.00" type="DEFAULT_CAR" occupancy="5.99"/>
    <instantOut id="235_D11" time="23239.93" state="enter" vehID="Car_13452" speed="6.00" length="5.00" type="DEFAULT_CAR" gap="105.96"/>
    <instantOut id="235_D11" time="23240.00" state="stay" vehID="Car_13452" speed="6.00" length="5.00" type="DEFAULT_CAR"/>
    <instantOut id="235_D11" time="23240.25" state="stay" vehID="Car_13452" speed="6.25" length="5.00" type="DEFAULT_CAR"/>
    <instantOut id="235_D11" time="23240.50" state="stay" vehID="Car_13452" speed="5.50" length="5.00" type="DEFAULT_CAR"/>
    <instantOut id="235_D11" time="23240.75" state="stay" vehID="Car_13452" speed="5.41" length="5.00" type="DEFAULT_CAR"/>
    <instantOut id="235_D11" time="23240.80" state="leave" vehID="Car_13452" speed="5.41" length="5.00" type="DEFAULT_CAR" occupancy="0.87"/>
    <instantOut id="235_D11" time="24155.89" state="enter" vehID="Car_14188" speed="6.00" length="5.00" type="DEFAULT_CAR" gap="915.09"/>
    <instantOut id="235_D11" time="24156.00" state="stay" vehID="Car_14188" speed="6.00" length="5.00" type="DEFAULT_CAR"/>
    <instantOut id="235_D11" time="24156.25" state="stay" vehID="Car_14188" speed="6.95" length="5.00" type="DEFAULT_CAR"/>
    <instantOut id="235_D11" time="24156.50" state="stay" vehID="Car_14188" speed="7.37" length="5.00" type="DEFAULT_CAR"/>
    <instantOut id="235_D11" time="24156.60" state="leave" vehID="Car_14188" speed="7.58" length="5.00" type="DEFAULT_CAR" occupancy="0.71"/>
    <instantOut id="235_D11" time="25649.93" state="enter" vehID="Car_15129" speed="4.24" length="5.00" type="DEFAULT_CAR" gap="1493.33"/>
    <instantOut id="235_D11" time="25650.00" state="stay" vehID="Car_15129" speed="4.24" length="5.00" type="DEFAULT_CAR"/>
    <instantOut id="235_D11" time="25650.25" state="stay" vehID="Car_15129" speed="3.49" length="5.00" type="DEFAULT_CAR"/>
    <instantOut id="235_D11" time="25650.50" state="stay" vehID="Car_15129" speed="2.74" length="5.00" type="DEFAULT_CAR"/>
    <instantOut id="235_D11" time="25650.75" state="stay" vehID="Car_15129" speed="2.20" length="5.00" type="DEFAULT_CAR"/>
    <instantOut id="235_D11" time="25651.00" state="stay" vehID="Car_15129" speed="1.49" length="5.00" type="DEFAULT_CAR"/>
    <instantOut id="235_D11" time="25651.25" state="stay" vehID="Car_15129" speed="2.23" length="5.00" type="DEFAULT_CAR"/>
    <instantOut id="235_D11" time="25651.50" state="stay" vehID="Car_15129" speed="2.87" length="5.00" type="DEFAULT_CAR"/>
    <instantOut id="235_D11" time="25651.75" state="stay" vehID="Car_15129" speed="3.48" length="5.00" type="DEFAULT_CAR"/>
    <instantOut id="235_D11" time="25651.77" state="leave" vehID="Car_15129" speed="4.37" length="5.00" type="DEFAULT_CAR" occupancy="1.84"/>
    <instantOut id="235_D11" time="26995.99" state="enter" vehID="Car_16154" speed="4.38" length="5.00" type="DEFAULT_CAR" gap="1344.22"/>
    <instantOut id="235_D11" time="26996.00" state="stay" vehID="Car_16154" speed="4.38" length="5.00" type="DEFAULT_CAR"/>
    <instantOut id="235_D11" time="26996.25" state="stay" vehID="Car_16154" speed="3.63" length="5.00" type="DEFAULT_CAR"/>
    <instantOut id="235_D11" time="26996.50" state="stay" vehID="Car_16154" speed="2.88" length="5.00" type="DEFAULT_CAR"/>
    <instantOut id="235_D11" time="26996.75" state="stay" vehID="Car_16154" speed="2.30" length="5.00" type="DEFAULT_CAR"/>
    <instantOut id="235_D11" time="26997.00" state="stay" vehID="Car_16154" speed="1.55" length="5.00" type="DEFAULT_CAR"/>
    <instantOut id="235_D11" time="26997.25" state="stay" vehID="Car_16154" speed="0.99" length="5.00" type="DEFAULT_CAR"/>
    <instantOut id="235_D11" time="26997.50" state="stay" vehID="Car_16154" speed="1.91" length="5.00" type="DEFAULT_CAR"/>
    <instantOut id="235_D11" time="26997.75" state="stay" vehID="Car_16154" speed="2.59" length="5.00" type="DEFAULT_CAR"/>
    <instantOut id="235_D11" time="26998.00" state="stay" vehID="Car_16154" speed="3.12" length="5.00" type="DEFAULT_CAR"/>
    <instantOut id="235_D11" time="26998.05" state="leave" vehID="Car_16154" speed="3.71" length="5.00" type="DEFAULT_CAR" occupancy="2.07"/>
    <instantOut id="235_D11" time="27040.99" state="enter" vehID="Car_16153" speed="4.57" length="5.00" type="DEFAULT_CAR" gap="42.94"/>
    <instantOut id="235_D11" time="27041.00" state="stay" vehID="Car_16153" speed="4.57" length="5.00" type="DEFAULT_CAR"/>
    <instantOut id="235_D11" time="27041.25" state="stay" vehID="Car_16153" speed="3.82" length="5.00" type="DEFAULT_CAR"/>
    <instantOut id="235_D11" time="27041.50" state="stay" vehID="Car_16153" speed="3.07" length="5.00" type="DEFAULT_CAR"/>
    <instantOut id="235_D11" time="27041.75" state="stay" vehID="Car_16153" speed="2.35" length="5.00" type="DEFAULT_CAR"/>
    <instantOut id="235_D11" time="27042.00" state="stay" vehID="Car_16153" speed="1.60" length="5.00" type="DEFAULT_CAR"/>
    <instantOut id="235_D11" time="27042.25" state="stay" vehID="Car_16153" speed="1.63" length="5.00" type="DEFAULT_CAR"/>
    <instantOut id="235_D11" time="27042.50" state="stay" vehID="Car_16153" speed="1.43" length="5.00" type="DEFAULT_CAR"/>
    <instantOut id="235_D11" time="27042.75" state="stay" vehID="Car_16153" speed="1.43" length="5.00" type="DEFAULT_CAR"/>
    <instantOut id="235_D11" time="27043.00" state="stay" vehID="Car_16153" speed="1.32" length="5.00" type="DEFAULT_CAR"/>
    <instantOut id="235_D11" time="27043.25" state="stay" vehID="Car_16153" speed="1.21" length="5.00" type="DEFAULT_CAR"/>
    <instantOut id="235_D11" time="27043.50" state="stay" vehID="Car_16153" speed="1.28" length="5.00" type="DEFAULT_CAR"/>
    <instantOut id="235_D11" time="27043.61" state="leave" vehID="Car_16153" speed="1.67" length="5.00" type="DEFAULT_CAR" occupancy="2.62"/>
    <instantOut id="235_D11" time="29238.88" state="enter" vehID="Car_17095" speed="5.83" length="5.00" type="DEFAULT_CAR" gap="2195.27"/>
    <instantOut id="235_D11" time="29239.00" state="stay" vehID="Car_17095" speed="5.83" length="5.00" type="DEFAULT_CAR"/>
    <instantOut id="235_D11" time="29239.25" state="stay" vehID="Car_17095" speed="6.78" length="5.00" type="DEFAULT_CAR"/>
    <instantOut id="235_D11" time="29239.50" state="stay" vehID="Car_17095" speed="7.03" length="5.00" type="DEFAULT_CAR"/>
    <instantOut id="235_D11" time="29239.61" state="leave" vehID="Car_17095" speed="7.72" length="5.00" type="DEFAULT_CAR" occupancy="0.73"/>
    <instantOut id="235_D11" time="32253.92" state="enter" vehID="Car_19816" speed="4.36" length="5.00" type="DEFAULT_CAR" gap="3014.31"/>
    <instantOut id="235_D11" time="32254.00" state="stay" vehID="Car_19816" speed="4.36" length="5.00" type="DEFAULT_CAR"/>
    <instantOut id="235_D11" time="32254.25" state="stay" vehID="Car_19816" speed="3.61" length="5.00" type="DEFAULT_CAR"/>
    <instantOut id="235_D11" time="32254.50" state="stay" vehID="Car_19816" speed="2.86" length="5.00" type="DEFAULT_CAR"/>
    <instantOut id="235_D11" time="32254.75" state="stay" vehID="Car_19816" speed="2.11" length="5.00" type="DEFAULT_CAR"/>
    <instantOut id="235_D11" time="32255.00" state="stay" vehID="Car_19816" speed="1.36" length="5.00" type="DEFAULT_CAR"/>
    <instantOut id="235_D11" time="32255.25" state="stay" vehID="Car_19816" speed="0.61" length="5.00" type="DEFAULT_CAR"/>
    <instantOut id="235_D11" time="32255.50" state="stay" vehID="Car_19816" speed="1.48" length="5.00" type="DEFAULT_CAR"/>
    <instantOut id="235_D11" time="32255.75" state="stay" vehID="Car_19816" speed="2.32" length="5.00" type="DEFAULT_CAR"/>
    <instantOut id="235_D11" time="32256.00" state="stay" vehID="Car_19816" speed="3.19" length="5.00" type="DEFAULT_CAR"/>
    <instantOut id="235_D11" time="32256.07" state="leave" vehID="Car_19816" speed="3.88" length="5.00" type="DEFAULT_CAR" occupancy="2.15"/>
    <instantOut id="235_D11" time="32987.07" state="enter" vehID="Car_19817" speed="5.63" length="5.00" type="DEFAULT_CAR" gap="731.00"/>
    <instantOut id="235_D11" time="32987.25" state="stay" vehID="Car_19817" speed="5.63" length="5.00" type="DEFAULT_CAR"/>
    <instantOut id="235_D11" time="32987.50" state="stay" vehID="Car_19817" speed="6.58" length="5.00" type="DEFAULT_CAR"/>
    <instantOut id="235_D11" time="32987.75" state="stay" vehID="Car_19817" speed="7.05" length="5.00" type="DEFAULT_CAR"/>
    <instantOut id="235_D11" time="32987.83" state="leave" vehID="Car_19817" speed="7.78" length="5.00" type="DEFAULT_CAR" occupancy="0.75"/>
    <instantOut id="235_D11" time="33215.89" state="enter" vehID="Car_20359" speed="6.00" length="5.00" type="DEFAULT_CAR" gap="228.07"/>
    <instantOut id="235_D11" time="33216.00" state="stay" vehID="Car_20359" speed="6.00" length="5.00" type="DEFAULT_CAR"/>
    <instantOut id="235_D11" time="33216.25" state="stay" vehID="Car_20359" speed="6.95" length="5.00" type="DEFAULT_CAR"/>
    <instantOut id="235_D11" time="33216.50" state="stay" vehID="Car_20359" speed="6.20" length="5.00" type="DEFAULT_CAR"/>
    <instantOut id="235_D11" time="33216.68" state="leave" vehID="Car_20359" speed="6.09" length="5.00" type="DEFAULT_CAR" occupancy="0.78"/>
    <instantOut id="235_D11" time="33324.01" state="enter" vehID="Car_20324" speed="3.74" length="5.00" type="DEFAULT_CAR" gap="107.33"/>
    <instantOut id="235_D11" time="33324.25" state="stay" vehID="Car_20324" speed="3.74" length="5.00" type="DEFAULT_CAR"/>
    <instantOut id="235_D11" time="33324.50" state="stay" vehID="Car_20324" speed="2.99" length="5.00" type="DEFAULT_CAR"/>
    <instantOut id="235_D11" time="33324.75" state="stay" vehID="Car_20324" speed="2.24" length="5.00" type="DEFAULT_CAR"/>
    <instantOut id="235_D11" time="33325.00" state="stay" vehID="Car_20324" speed="1.55" length="5.00" type="DEFAULT_CAR"/>
    <instantOut id="235_D11" time="33325.25" state="stay" vehID="Car_20324" speed="1.11" length="5.00" type="DEFAULT_CAR"/>
    <instantOut id="235_D11" time="33325.50" state="stay" vehID="Car_20324" speed="0.36" length="5.00" type="DEFAULT_CAR"/>
    <instantOut id="235_D11" time="33325.75" state="stay" vehID="Car_20324" speed="0.02" length="5.00" type="DEFAULT_CAR"/>
    <instantOut id="235_D11" time="33326.00" state="stay" vehID="Car_20324" speed="0.00" length="5.00" type="DEFAULT_CAR"/>
    <instantOut id="235_D11" time="33326.25" state="stay" vehID="Car_20324" speed="0.00" length="5.00" type="DEFAULT_CAR"/>
    <instantOut id="235_D11" time="33326.50" state="stay" vehID="Car_20324" speed="0.00" length="5.00" type="DEFAULT_CAR"/>
    <instantOut id="235_D11" time="33326.75" state="stay" vehID="Car_20324" speed="0.00" length="5.00" type="DEFAULT_CAR"/>
    <instantOut id="235_D11" time="33327.00" state="stay" vehID="Car_20324" speed="0.00" length="5.00" type="DEFAULT_CAR"/>
    <instantOut id="235_D11" time="33327.25" state="stay" vehID="Car_20324" speed="0.00" length="5.00" type="DEFAULT_CAR"/>
    <instantOut id="235_D11" time="33327.50" state="stay" vehID="Car_20324" speed="0.00" length="5.00" type="DEFAULT_CAR"/>
    <instantOut id="235_D11" time="33327.75" state="stay" vehID="Car_20324" speed="0.00" length="5.00" type="DEFAULT_CAR"/>
    <instantOut id="235_D11" time="33328.00" state="stay" vehID="Car_20324" speed="0.00" length="5.00" type="DEFAULT_CAR"/>
    <instantOut id="235_D11" time="33328.25" state="stay" vehID="Car_20324" speed="0.00" length="5.00" type="DEFAULT_CAR"/>
    <instantOut id="235_D11" time="33328.50" state="stay" vehID="Car_20324" speed="0.00" length="5.00" type="DEFAULT_CAR"/>
    <instantOut id="235_D11" time="33328.75" state="stay" vehID="Car_20324" speed="0.00" length="5.00" type="DEFAULT_CAR"/>
    <instantOut id="235_D11" time="33329.00" state="stay" vehID="Car_20324" speed="0.00" length="5.00" type="DEFAULT_CAR"/>
    <instantOut id="235_D11" time="33329.25" state="stay" vehID="Car_20324" speed="0.00" length="5.00" type="DEFAULT_CAR"/>
    <instantOut id="235_D11" time="33329.50" state="stay" vehID="Car_20324" speed="0.00" length="5.00" type="DEFAULT_CAR"/>
    <instantOut id="235_D11" time="33329.75" state="stay" vehID="Car_20324" speed="0.00" length="5.00" type="DEFAULT_CAR"/>
    <instantOut id="235_D11" time="33330.00" state="stay" vehID="Car_20324" speed="0.00" length="5.00" type="DEFAULT_CAR"/>
    <instantOut id="235_D11" time="33330.25" state="stay" vehID="Car_20324" speed="0.00" length="5.00" type="DEFAULT_CAR"/>
    <instantOut id="235_D11" time="33330.50" state="stay" vehID="Car_20324" speed="0.00" length="5.00" type="DEFAULT_CAR"/>
    <instantOut id="235_D11" time="33330.75" state="stay" vehID="Car_20324" speed="0.00" length="5.00" type="DEFAULT_CAR"/>
    <instantOut id="235_D11" time="33331.00" state="stay" vehID="Car_20324" speed="0.00" length="5.00" type="DEFAULT_CAR"/>
    <instantOut id="235_D11" time="33331.25" state="stay" vehID="Car_20324" speed="0.00" length="5.00" type="DEFAULT_CAR"/>
    <instantOut id="235_D11" time="33331.50" state="stay" vehID="Car_20324" speed="0.00" length="5.00" type="DEFAULT_CAR"/>
    <instantOut id="235_D11" time="33331.75" state="stay" vehID="Car_20324" speed="0.00" length="5.00" type="DEFAULT_CAR"/>
    <instantOut id="235_D11" time="33332.00" state="stay" vehID="Car_20324" speed="0.00" length="5.00" type="DEFAULT_CAR"/>
    <instantOut id="235_D11" time="33332.25" state="stay" vehID="Car_20324" speed="0.00" length="5.00" type="DEFAULT_CAR"/>
    <instantOut id="235_D11" time="33332.50" state="stay" vehID="Car_20324" speed="0.00" length="5.00" type="DEFAULT_CAR"/>
    <instantOut id="235_D11" time="33332.75" state="stay" vehID="Car_20324" speed="0.00" length="5.00" type="DEFAULT_CAR"/>
    <instantOut id="235_D11" time="33333.00" state="stay" vehID="Car_20324" speed="0.00" length="5.00" type="DEFAULT_CAR"/>
    <instantOut id="235_D11" time="33333.25" state="stay" vehID="Car_20324" speed="0.00" length="5.00" type="DEFAULT_CAR"/>
    <instantOut id="235_D11" time="33333.50" state="stay" vehID="Car_20324" speed="0.00" length="5.00" type="DEFAULT_CAR"/>
    <instantOut id="235_D11" time="33333.75" state="stay" vehID="Car_20324" speed="0.00" length="5.00" type="DEFAULT_CAR"/>
    <instantOut id="235_D11" time="33334.00" state="stay" vehID="Car_20324" speed="0.00" length="5.00" type="DEFAULT_CAR"/>
    <instantOut id="235_D11" time="33334.25" state="stay" vehID="Car_20324" speed="0.00" length="5.00" type="DEFAULT_CAR"/>
    <instantOut id="235_D11" time="33334.50" state="stay" vehID="Car_20324" speed="0.00" length="5.00" type="DEFAULT_CAR"/>
    <instantOut id="235_D11" time="33334.75" state="stay" vehID="Car_20324" speed="0.00" length="5.00" type="DEFAULT_CAR"/>
    <instantOut id="235_D11" time="33335.00" state="stay" vehID="Car_20324" speed="0.00" length="5.00" type="DEFAULT_CAR"/>
    <instantOut id="235_D11" time="33335.25" state="stay" vehID="Car_20324" speed="0.00" length="5.00" type="DEFAULT_CAR"/>
    <instantOut id="235_D11" time="33335.50" state="stay" vehID="Car_20324" speed="0.00" length="5.00" type="DEFAULT_CAR"/>
    <instantOut id="235_D11" time="33335.75" state="stay" vehID="Car_20324" speed="0.00" length="5.00" type="DEFAULT_CAR"/>
    <instantOut id="235_D11" time="33336.00" state="stay" vehID="Car_20324" speed="0.00" length="5.00" type="DEFAULT_CAR"/>
    <instantOut id="235_D11" time="33336.25" state="stay" vehID="Car_20324" speed="0.00" length="5.00" type="DEFAULT_CAR"/>
    <instantOut id="235_D11" time="33336.50" state="stay" vehID="Car_20324" speed="0.00" length="5.00" type="DEFAULT_CAR"/>
    <instantOut id="235_D11" time="33336.75" state="stay" vehID="Car_20324" speed="0.00" length="5.00" type="DEFAULT_CAR"/>
    <instantOut id="235_D11" time="33337.00" state="stay" vehID="Car_20324" speed="0.00" length="5.00" type="DEFAULT_CAR"/>
    <instantOut id="235_D11" time="33337.25" state="stay" vehID="Car_20324" speed="0.00" length="5.00" type="DEFAULT_CAR"/>
    <instantOut id="235_D11" time="33337.50" state="stay" vehID="Car_20324" speed="0.00" length="5.00" type="DEFAULT_CAR"/>
    <instantOut id="235_D11" time="33337.75" state="stay" vehID="Car_20324" speed="0.00" length="5.00" type="DEFAULT_CAR"/>
    <instantOut id="235_D11" time="33338.00" state="stay" vehID="Car_20324" speed="0.00" length="5.00" type="DEFAULT_CAR"/>
    <instantOut id="235_D11" time="33338.25" state="stay" vehID="Car_20324" speed="0.00" length="5.00" type="DEFAULT_CAR"/>
    <instantOut id="235_D11" time="33338.50" state="stay" vehID="Car_20324" speed="0.00" length="5.00" type="DEFAULT_CAR"/>
    <instantOut id="235_D11" time="33338.75" state="stay" vehID="Car_20324" speed="0.00" length="5.00" type="DEFAULT_CAR"/>
    <instantOut id="235_D11" time="33339.00" state="stay" vehID="Car_20324" speed="0.00" length="5.00" type="DEFAULT_CAR"/>
    <instantOut id="235_D11" time="33339.25" state="stay" vehID="Car_20324" speed="0.00" length="5.00" type="DEFAULT_CAR"/>
    <instantOut id="235_D11" time="33339.50" state="stay" vehID="Car_20324" speed="0.00" length="5.00" type="DEFAULT_CAR"/>
    <instantOut id="235_D11" time="33339.75" state="stay" vehID="Car_20324" speed="0.00" length="5.00" type="DEFAULT_CAR"/>
    <instantOut id="235_D11" time="33340.00" state="stay" vehID="Car_20324" speed="0.00" length="5.00" type="DEFAULT_CAR"/>
    <instantOut id="235_D11" time="33340.25" state="stay" vehID="Car_20324" speed="0.00" length="5.00" type="DEFAULT_CAR"/>
    <instantOut id="235_D11" time="33340.50" state="stay" vehID="Car_20324" speed="0.00" length="5.00" type="DEFAULT_CAR"/>
    <instantOut id="235_D11" time="33340.75" state="stay" vehID="Car_20324" speed="0.00" length="5.00" type="DEFAULT_CAR"/>
    <instantOut id="235_D11" time="33341.00" state="stay" vehID="Car_20324" speed="0.00" length="5.00" type="DEFAULT_CAR"/>
    <instantOut id="235_D11" time="33341.25" state="stay" vehID="Car_20324" speed="0.93" length="5.00" type="DEFAULT_CAR"/>
    <instantOut id="235_D11" time="33341.50" state="stay" vehID="Car_20324" speed="1.71" length="5.00" type="DEFAULT_CAR"/>
    <instantOut id="235_D11" time="33341.75" state="stay" vehID="Car_20324" speed="2.49" length="5.00" type="DEFAULT_CAR"/>
    <instantOut id="235_D11" time="33341.97" state="leave" vehID="Car_20324" speed="3.42" length="5.00" type="DEFAULT_CAR" occupancy="17.96"/>
    <instantOut id="235_D11" time="34043.95" state="enter" vehID="Car_20486" speed="4.39" length="5.00" type="DEFAULT_CAR" gap="701.98"/>
    <instantOut id="235_D11" time="34044.00" state="stay" vehID="Car_20486" speed="4.39" length="5.00" type="DEFAULT_CAR"/>
    <instantOut id="235_D11" time="34044.25" state="stay" vehID="Car_20486" speed="3.64" length="5.00" type="DEFAULT_CAR"/>
    <instantOut id="235_D11" time="34044.50" state="stay" vehID="Car_20486" speed="2.89" length="5.00" type="DEFAULT_CAR"/>
    <instantOut id="235_D11" time="34044.75" state="stay" vehID="Car_20486" speed="2.14" length="5.00" type="DEFAULT_CAR"/>
    <instantOut id="235_D11" time="34045.00" state="stay" vehID="Car_20486" speed="1.39" length="5.00" type="DEFAULT_CAR"/>
    <instantOut id="235_D11" time="34045.25" state="stay" vehID="Car_20486" speed="2.10" length="5.00" type="DEFAULT_CAR"/>
    <instantOut id="235_D11" time="34045.50" state="stay" vehID="Car_20486" speed="2.89" length="5.00" type="DEFAULT_CAR"/>
    <instantOut id="235_D11" time="34045.75" state="stay" vehID="Car_20486" speed="3.55" length="5.00" type="DEFAULT_CAR"/>
    <instantOut id="235_D11" time="34045.78" state="leave" vehID="Car_20486" speed="4.04" length="5.00" type="DEFAULT_CAR" occupancy="1.83"/>
    <instantOut id="235_D11" time="34066.94" state="enter" vehID="Car_20485" speed="5.89" length="5.00" type="DEFAULT_CAR" gap="21.16"/>
    <instantOut id="235_D11" time="34067.00" state="stay" vehID="Car_20485" speed="5.89" length="5.00" type="DEFAULT_CAR"/>
    <instantOut id="235_D11" time="34067.25" state="stay" vehID="Car_20485" speed="6.84" length="5.00" type="DEFAULT_CAR"/>
    <instantOut id="235_D11" time="34067.50" state="stay" vehID="Car_20485" speed="7.58" length="5.00" type="DEFAULT_CAR"/>
    <instantOut id="235_D11" time="34067.63" state="leave" vehID="Car_20485" speed="8.34" length="5.00" type="DEFAULT_CAR" occupancy="0.68"/>
    <instantOut id="235_D11" time="34277.97" state="enter" vehID="Car_20484" speed="4.47" length="5.00" type="DEFAULT_CAR" gap="210.34"/>
    <instantOut id="235_D11" time="34278.00" state="stay" vehID="Car_20484" speed="4.47" length="5.00" type="DEFAULT_CAR"/>
    <instantOut id="235_D11" time="34278.25" state="stay" vehID="Car_20484" speed="3.72" length="5.00" type="DEFAULT_CAR"/>
    <instantOut id="235_D11" time="34278.50" state="stay" vehID="Car_20484" speed="2.97" length="5.00" type="DEFAULT_CAR"/>
    <instantOut id="235_D11" time="34278.75" state="stay" vehID="Car_20484" speed="2.25" length="5.00" type="DEFAULT_CAR"/>
    <instantOut id="235_D11" time="34279.00" state="stay" vehID="Car_20484" speed="1.54" length="5.00" type="DEFAULT_CAR"/>
    <instantOut id="235_D11" time="34279.25" state="stay" vehID="Car_20484" speed="0.79" length="5.00" type="DEFAULT_CAR"/>
    <instantOut id="235_D11" time="34279.50" state="stay" vehID="Car_20484" speed="0.10" length="5.00" type="DEFAULT_CAR"/>
    <instantOut id="235_D11" time="34279.75" state="stay" vehID="Car_20484" speed="0.00" length="5.00" type="DEFAULT_CAR"/>
    <instantOut id="235_D11" time="34280.00" state="stay" vehID="Car_20484" speed="0.00" length="5.00" type="DEFAULT_CAR"/>
    <instantOut id="235_D11" time="34280.25" state="stay" vehID="Car_20484" speed="0.00" length="5.00" type="DEFAULT_CAR"/>
    <instantOut id="235_D11" time="34280.50" state="stay" vehID="Car_20484" speed="0.00" length="5.00" type="DEFAULT_CAR"/>
    <instantOut id="235_D11" time="34280.75" state="stay" vehID="Car_20484" speed="0.00" length="5.00" type="DEFAULT_CAR"/>
    <instantOut id="235_D11" time="34281.00" state="stay" vehID="Car_20484" speed="0.00" length="5.00" type="DEFAULT_CAR"/>
    <instantOut id="235_D11" time="34281.25" state="stay" vehID="Car_20484" speed="0.00" length="5.00" type="DEFAULT_CAR"/>
    <instantOut id="235_D11" time="34281.50" state="stay" vehID="Car_20484" speed="0.00" length="5.00" type="DEFAULT_CAR"/>
    <instantOut id="235_D11" time="34281.75" state="stay" vehID="Car_20484" speed="0.00" length="5.00" type="DEFAULT_CAR"/>
    <instantOut id="235_D11" time="34282.00" state="stay" vehID="Car_20484" speed="0.00" length="5.00" type="DEFAULT_CAR"/>
    <instantOut id="235_D11" time="34282.25" state="stay" vehID="Car_20484" speed="0.00" length="5.00" type="DEFAULT_CAR"/>
    <instantOut id="235_D11" time="34282.50" state="stay" vehID="Car_20484" speed="0.00" length="5.00" type="DEFAULT_CAR"/>
    <instantOut id="235_D11" time="34282.75" state="stay" vehID="Car_20484" speed="0.00" length="5.00" type="DEFAULT_CAR"/>
    <instantOut id="235_D11" time="34283.00" state="stay" vehID="Car_20484" speed="0.00" length="5.00" type="DEFAULT_CAR"/>
    <instantOut id="235_D11" time="34283.25" state="stay" vehID="Car_20484" speed="0.00" length="5.00" type="DEFAULT_CAR"/>
    <instantOut id="235_D11" time="34283.50" state="stay" vehID="Car_20484" speed="0.00" length="5.00" type="DEFAULT_CAR"/>
    <instantOut id="235_D11" time="34283.75" state="stay" vehID="Car_20484" speed="0.00" length="5.00" type="DEFAULT_CAR"/>
    <instantOut id="235_D11" time="34284.00" state="stay" vehID="Car_20484" speed="0.00" length="5.00" type="DEFAULT_CAR"/>
    <instantOut id="235_D11" time="34284.25" state="stay" vehID="Car_20484" speed="0.00" length="5.00" type="DEFAULT_CAR"/>
    <instantOut id="235_D11" time="34284.50" state="stay" vehID="Car_20484" speed="0.00" length="5.00" type="DEFAULT_CAR"/>
    <instantOut id="235_D11" time="34284.75" state="stay" vehID="Car_20484" speed="0.00" length="5.00" type="DEFAULT_CAR"/>
    <instantOut id="235_D11" time="34285.00" state="stay" vehID="Car_20484" speed="0.00" length="5.00" type="DEFAULT_CAR"/>
    <instantOut id="235_D11" time="34285.25" state="stay" vehID="Car_20484" speed="0.00" length="5.00" type="DEFAULT_CAR"/>
    <instantOut id="235_D11" time="34285.50" state="stay" vehID="Car_20484" speed="0.00" length="5.00" type="DEFAULT_CAR"/>
    <instantOut id="235_D11" time="34285.75" state="stay" vehID="Car_20484" speed="0.00" length="5.00" type="DEFAULT_CAR"/>
    <instantOut id="235_D11" time="34286.00" state="stay" vehID="Car_20484" speed="0.00" length="5.00" type="DEFAULT_CAR"/>
    <instantOut id="235_D11" time="34286.25" state="stay" vehID="Car_20484" speed="0.00" length="5.00" type="DEFAULT_CAR"/>
    <instantOut id="235_D11" time="34286.50" state="stay" vehID="Car_20484" speed="0.00" length="5.00" type="DEFAULT_CAR"/>
    <instantOut id="235_D11" time="34286.75" state="stay" vehID="Car_20484" speed="0.00" length="5.00" type="DEFAULT_CAR"/>
    <instantOut id="235_D11" time="34287.00" state="stay" vehID="Car_20484" speed="0.00" length="5.00" type="DEFAULT_CAR"/>
    <instantOut id="235_D11" time="34287.25" state="stay" vehID="Car_20484" speed="0.00" length="5.00" type="DEFAULT_CAR"/>
    <instantOut id="235_D11" time="34287.50" state="stay" vehID="Car_20484" speed="0.00" length="5.00" type="DEFAULT_CAR"/>
    <instantOut id="235_D11" time="34287.75" state="stay" vehID="Car_20484" speed="0.00" length="5.00" type="DEFAULT_CAR"/>
    <instantOut id="235_D11" time="34288.00" state="stay" vehID="Car_20484" speed="0.00" length="5.00" type="DEFAULT_CAR"/>
    <instantOut id="235_D11" time="34288.25" state="stay" vehID="Car_20484" speed="0.00" length="5.00" type="DEFAULT_CAR"/>
    <instantOut id="235_D11" time="34288.50" state="stay" vehID="Car_20484" speed="0.00" length="5.00" type="DEFAULT_CAR"/>
    <instantOut id="235_D11" time="34288.75" state="stay" vehID="Car_20484" speed="0.00" length="5.00" type="DEFAULT_CAR"/>
    <instantOut id="235_D11" time="34289.00" state="stay" vehID="Car_20484" speed="0.00" length="5.00" type="DEFAULT_CAR"/>
    <instantOut id="235_D11" time="34289.25" state="stay" vehID="Car_20484" speed="0.00" length="5.00" type="DEFAULT_CAR"/>
    <instantOut id="235_D11" time="34289.50" state="stay" vehID="Car_20484" speed="0.00" length="5.00" type="DEFAULT_CAR"/>
    <instantOut id="235_D11" time="34289.75" state="stay" vehID="Car_20484" speed="0.00" length="5.00" type="DEFAULT_CAR"/>
    <instantOut id="235_D11" time="34290.00" state="stay" vehID="Car_20484" speed="0.00" length="5.00" type="DEFAULT_CAR"/>
    <instantOut id="235_D11" time="34290.25" state="stay" vehID="Car_20484" speed="0.00" length="5.00" type="DEFAULT_CAR"/>
    <instantOut id="235_D11" time="34290.50" state="stay" vehID="Car_20484" speed="0.00" length="5.00" type="DEFAULT_CAR"/>
    <instantOut id="235_D11" time="34290.75" state="stay" vehID="Car_20484" speed="0.00" length="5.00" type="DEFAULT_CAR"/>
    <instantOut id="235_D11" time="34291.00" state="stay" vehID="Car_20484" speed="0.00" length="5.00" type="DEFAULT_CAR"/>
    <instantOut id="235_D11" time="34291.25" state="stay" vehID="Car_20484" speed="0.00" length="5.00" type="DEFAULT_CAR"/>
    <instantOut id="235_D11" time="34291.50" state="stay" vehID="Car_20484" speed="0.00" length="5.00" type="DEFAULT_CAR"/>
    <instantOut id="235_D11" time="34291.75" state="stay" vehID="Car_20484" speed="0.00" length="5.00" type="DEFAULT_CAR"/>
    <instantOut id="235_D11" time="34292.00" state="stay" vehID="Car_20484" speed="0.00" length="5.00" type="DEFAULT_CAR"/>
    <instantOut id="235_D11" time="34292.25" state="stay" vehID="Car_20484" speed="0.00" length="5.00" type="DEFAULT_CAR"/>
    <instantOut id="235_D11" time="34292.50" state="stay" vehID="Car_20484" speed="0.94" length="5.00" type="DEFAULT_CAR"/>
    <instantOut id="235_D11" time="34292.75" state="stay" vehID="Car_20484" speed="1.72" length="5.00" type="DEFAULT_CAR"/>
    <instantOut id="235_D11" time="34293.00" state="stay" vehID="Car_20484" speed="2.66" length="5.00" type="DEFAULT_CAR"/>
    <instantOut id="235_D11" time="34293.21" state="leave" vehID="Car_20484" speed="3.36" length="5.00" type="DEFAULT_CAR" occupancy="15.24"/>
    <instantOut id="235_D11" time="34452.92" state="enter" vehID="Car_20483" speed="4.20" length="5.00" type="DEFAULT_CAR" gap="159.71"/>
    <instantOut id="235_D11" time="34453.00" state="stay" vehID="Car_20483" speed="4.20" length="5.00" type="DEFAULT_CAR"/>
    <instantOut id="235_D11" time="34453.25" state="stay" vehID="Car_20483" speed="3.53" length="5.00" type="DEFAULT_CAR"/>
    <instantOut id="235_D11" time="34453.50" state="stay" vehID="Car_20483" speed="2.78" length="5.00" type="DEFAULT_CAR"/>
    <instantOut id="235_D11" time="34453.75" state="stay" vehID="Car_20483" speed="2.03" length="5.00" type="DEFAULT_CAR"/>
    <instantOut id="235_D11" time="34454.00" state="stay" vehID="Car_20483" speed="1.37" length="5.00" type="DEFAULT_CAR"/>
    <instantOut id="235_D11" time="34454.25" state="stay" vehID="Car_20483" speed="0.73" length="5.00" type="DEFAULT_CAR"/>
    <instantOut id="235_D11" time="34454.50" state="stay" vehID="Car_20483" speed="0.08" length="5.00" type="DEFAULT_CAR"/>
    <instantOut id="235_D11" time="34454.75" state="stay" vehID="Car_20483" speed="0.01" length="5.00" type="DEFAULT_CAR"/>
    <instantOut id="235_D11" time="34455.00" state="stay" vehID="Car_20483" speed="0.00" length="5.00" type="DEFAULT_CAR"/>
    <instantOut id="235_D11" time="34455.25" state="stay" vehID="Car_20483" speed="0.00" length="5.00" type="DEFAULT_CAR"/>
    <instantOut id="235_D11" time="34455.50" state="stay" vehID="Car_20483" speed="0.00" length="5.00" type="DEFAULT_CAR"/>
    <instantOut id="235_D11" time="34455.75" state="stay" vehID="Car_20483" speed="0.00" length="5.00" type="DEFAULT_CAR"/>
    <instantOut id="235_D11" time="34456.00" state="stay" vehID="Car_20483" speed="0.00" length="5.00" type="DEFAULT_CAR"/>
    <instantOut id="235_D11" time="34456.25" state="stay" vehID="Car_20483" speed="0.00" length="5.00" type="DEFAULT_CAR"/>
    <instantOut id="235_D11" time="34456.50" state="stay" vehID="Car_20483" speed="0.00" length="5.00" type="DEFAULT_CAR"/>
    <instantOut id="235_D11" time="34456.75" state="stay" vehID="Car_20483" speed="0.00" length="5.00" type="DEFAULT_CAR"/>
    <instantOut id="235_D11" time="34457.00" state="stay" vehID="Car_20483" speed="0.00" length="5.00" type="DEFAULT_CAR"/>
    <instantOut id="235_D11" time="34457.25" state="stay" vehID="Car_20483" speed="0.00" length="5.00" type="DEFAULT_CAR"/>
    <instantOut id="235_D11" time="34457.50" state="stay" vehID="Car_20483" speed="0.00" length="5.00" type="DEFAULT_CAR"/>
    <instantOut id="235_D11" time="34457.75" state="stay" vehID="Car_20483" speed="0.00" length="5.00" type="DEFAULT_CAR"/>
    <instantOut id="235_D11" time="34458.00" state="stay" vehID="Car_20483" speed="0.00" length="5.00" type="DEFAULT_CAR"/>
    <instantOut id="235_D11" time="34458.25" state="stay" vehID="Car_20483" speed="0.00" length="5.00" type="DEFAULT_CAR"/>
    <instantOut id="235_D11" time="34458.50" state="stay" vehID="Car_20483" speed="0.00" length="5.00" type="DEFAULT_CAR"/>
    <instantOut id="235_D11" time="34458.75" state="stay" vehID="Car_20483" speed="0.00" length="5.00" type="DEFAULT_CAR"/>
    <instantOut id="235_D11" time="34459.00" state="stay" vehID="Car_20483" speed="0.00" length="5.00" type="DEFAULT_CAR"/>
    <instantOut id="235_D11" time="34459.25" state="stay" vehID="Car_20483" speed="0.00" length="5.00" type="DEFAULT_CAR"/>
    <instantOut id="235_D11" time="34459.50" state="stay" vehID="Car_20483" speed="0.00" length="5.00" type="DEFAULT_CAR"/>
    <instantOut id="235_D11" time="34459.75" state="stay" vehID="Car_20483" speed="0.00" length="5.00" type="DEFAULT_CAR"/>
    <instantOut id="235_D11" time="34460.00" state="stay" vehID="Car_20483" speed="0.00" length="5.00" type="DEFAULT_CAR"/>
    <instantOut id="235_D11" time="34460.25" state="stay" vehID="Car_20483" speed="0.00" length="5.00" type="DEFAULT_CAR"/>
    <instantOut id="235_D11" time="34460.50" state="stay" vehID="Car_20483" speed="0.00" length="5.00" type="DEFAULT_CAR"/>
    <instantOut id="235_D11" time="34460.75" state="stay" vehID="Car_20483" speed="0.00" length="5.00" type="DEFAULT_CAR"/>
    <instantOut id="235_D11" time="34461.00" state="stay" vehID="Car_20483" speed="0.89" length="5.00" type="DEFAULT_CAR"/>
    <instantOut id="235_D11" time="34461.25" state="stay" vehID="Car_20483" speed="1.79" length="5.00" type="DEFAULT_CAR"/>
    <instantOut id="235_D11" time="34461.50" state="stay" vehID="Car_20483" speed="2.59" length="5.00" type="DEFAULT_CAR"/>
    <instantOut id="235_D11" time="34461.72" state="leave" vehID="Car_20483" speed="3.21" length="5.00" type="DEFAULT_CAR" occupancy="8.80"/>
    <instantOut id="235_D11" time="35863.87" state="enter" vehID="Car_21541" speed="5.78" length="5.00" type="DEFAULT_CAR" gap="1402.15"/>
    <instantOut id="235_D11" time="35864.00" state="stay" vehID="Car_21541" speed="5.78" length="5.00" type="DEFAULT_CAR"/>
    <instantOut id="235_D11" time="35864.25" state="stay" vehID="Car_21541" speed="6.73" length="5.00" type="DEFAULT_CAR"/>
    <instantOut id="235_D11" time="35864.50" state="stay" vehID="Car_21541" speed="7.43" length="5.00" type="DEFAULT_CAR"/>
    <instantOut id="235_D11" time="35864.59" state="leave" vehID="Car_21541" speed="7.89" length="5.00" type="DEFAULT_CAR" occupancy="0.72"/>
    <instantOut id="235_D11" time="38059.94" state="enter" vehID="Car_22200" speed="4.39" length="5.00" type="DEFAULT_CAR" gap="2195.35"/>
    <instantOut id="235_D11" time="38060.00" state="stay" vehID="Car_22200" speed="4.39" length="5.00" type="DEFAULT_CAR"/>
    <instantOut id="235_D11" time="38060.25" state="stay" vehID="Car_22200" speed="3.64" length="5.00" type="DEFAULT_CAR"/>
    <instantOut id="235_D11" time="38060.50" state="stay" vehID="Car_22200" speed="2.89" length="5.00" type="DEFAULT_CAR"/>
    <instantOut id="235_D11" time="38060.75" state="stay" vehID="Car_22200" speed="2.14" length="5.00" type="DEFAULT_CAR"/>
    <instantOut id="235_D11" time="38061.00" state="stay" vehID="Car_22200" speed="1.44" length="5.00" type="DEFAULT_CAR"/>
    <instantOut id="235_D11" time="38061.25" state="stay" vehID="Car_22200" speed="0.69" length="5.00" type="DEFAULT_CAR"/>
    <instantOut id="235_D11" time="38061.50" state="stay" vehID="Car_22200" speed="0.00" length="5.00" type="DEFAULT_CAR"/>
    <instantOut id="235_D11" time="38061.75" state="stay" vehID="Car_22200" speed="0.92" length="5.00" type="DEFAULT_CAR"/>
    <instantOut id="235_D11" time="38062.00" state="stay" vehID="Car_22200" speed="1.74" length="5.00" type="DEFAULT_CAR"/>
    <instantOut id="235_D11" time="38062.25" state="stay" vehID="Car_22200" speed="2.54" length="5.00" type="DEFAULT_CAR"/>
    <instantOut id="235_D11" time="38062.47" state="leave" vehID="Car_22200" speed="3.23" length="5.00" type="DEFAULT_CAR" occupancy="2.54"/>
    <instantOut id="235_D11" time="39690.91" state="enter" vehID="Car_23073" speed="6.16" length="5.00" type="DEFAULT_CAR" gap="1628.44"/>
    <instantOut id="235_D11" time="39691.00" state="stay" vehID="Car_23073" speed="6.16" length="5.00" type="DEFAULT_CAR"/>
    <instantOut id="235_D11" time="39691.25" state="stay" vehID="Car_23073" speed="7.11" length="5.00" type="DEFAULT_CAR"/>
    <instantOut id="235_D11" time="39691.50" state="stay" vehID="Car_23073" speed="7.83" length="5.00" type="DEFAULT_CAR"/>
    <instantOut id="235_D11" time="39691.59" state="leave" vehID="Car_23073" speed="8.41" length="5.00" type="DEFAULT_CAR" occupancy="0.67"/>
    <instantOut id="235_D11" time="40698.94" state="enter" vehID="Car_23317" speed="6.09" length="5.00" type="DEFAULT_CAR" gap="1007.35"/>
    <instantOut id="235_D11" time="40699.00" state="stay" vehID="Car_23317" speed="6.09" length="5.00" type="DEFAULT_CAR"/>
    <instantOut id="235_D11" time="40699.25" state="stay" vehID="Car_23317" speed="7.04" length="5.00" type="DEFAULT_CAR"/>
    <instantOut id="235_D11" time="40699.50" state="stay" vehID="Car_23317" speed="7.58" length="5.00" type="DEFAULT_CAR"/>
    <instantOut id="235_D11" time="40699.62" state="leave" vehID="Car_23317" speed="8.21" length="5.00" type="DEFAULT_CAR" occupancy="0.68"/>
</instantE1>
