<?xml version="1.0" encoding="UTF-8"?>

<!-- generated on 2025-02-28 18:40:35 by Eclipse SUMO GUI Version 1.19.0
<configuration xmlns:xsi="http://www.w3.org/2001/XMLSchema-instance" xsi:noNamespaceSchemaLocation="http://sumo.dlr.de/xsd/sumoConfiguration.xsd">

    <input>
        <net-file value="Network.net.xml"/>
        <route-files value="CarRoutes.rou.xml"/>
        <additional-files value="Sensors.add.xml"/>
    </input>

    <output>
        <emission-output value="logs/Emissions.xml"/>
        <summary-output value="logs/Log_summary.xml"/>
        <summary-output.period value="300"/>
        <tripinfo-output value="logs/TripInfos.xml"/>
    </output>

    <time>
        <begin value="0"/>
        <end value="86400"/>
        <step-length value="0.25"/>
    </time>

    <processing>
        <ignore-junction-blocker value="0.1"/>
        <time-to-teleport value="-1"/>
    </processing>

    <report>
        <verbose value="true"/>
        <no-step-log value="true"/>
    </report>

    <emissions>
        <device.emissions.period value="10"/>
    </emissions>

    <traci_server>
        <remote-port value="58938"/>
    </traci_server>

    <gui_only>
        <quit-on-end value="true"/>
        <start value="true"/>
    </gui_only>

</configuration>
-->

<instantE1 xmlns:xsi="http://www.w3.org/2001/XMLSchema-instance" xsi:noNamespaceSchemaLocation="http://sumo.dlr.de/xsd/instant_e1_file.xsd">
    <instantOut id="235_D025" time="1014.53" state="enter" vehID="Car_682" speed="8.42" length="5.00" type="DEFAULT_CAR"/>
    <instantOut id="235_D025" time="1014.75" state="stay" vehID="Car_682" speed="8.42" length="5.00" type="DEFAULT_CAR"/>
    <instantOut id="235_D025" time="1015.00" state="stay" vehID="Car_682" speed="8.08" length="5.00" type="DEFAULT_CAR"/>
    <instantOut id="235_D025" time="1015.15" state="leave" vehID="Car_682" speed="7.58" length="5.00" type="DEFAULT_CAR" occupancy="0.62"/>
    <instantOut id="235_D025" time="2787.22" state="enter" vehID="Car_1873" speed="8.72" length="5.00" type="DEFAULT_CAR" gap="1772.07"/>
    <instantOut id="235_D025" time="2787.25" state="stay" vehID="Car_1873" speed="8.72" length="5.00" type="DEFAULT_CAR"/>
    <instantOut id="235_D025" time="2787.50" state="stay" vehID="Car_1873" speed="7.97" length="5.00" type="DEFAULT_CAR"/>
    <instantOut id="235_D025" time="2787.75" state="stay" vehID="Car_1873" speed="7.36" length="5.00" type="DEFAULT_CAR"/>
    <instantOut id="235_D025" time="2787.89" state="leave" vehID="Car_1873" speed="6.69" length="5.00" type="DEFAULT_CAR" occupancy="0.67"/>
    <instantOut id="235_D025" time="3165.72" state="enter" vehID="Car_1539" speed="9.97" length="5.00" type="DEFAULT_CAR" gap="377.83"/>
    <instantOut id="235_D025" time="3165.75" state="stay" vehID="Car_1539" speed="9.97" length="5.00" type="DEFAULT_CAR"/>
    <instantOut id="235_D025" time="3166.00" state="stay" vehID="Car_1539" speed="10.77" length="5.00" type="DEFAULT_CAR"/>
    <instantOut id="235_D025" time="3166.20" state="leave" vehID="Car_1539" speed="10.27" length="5.00" type="DEFAULT_CAR" occupancy="0.48"/>
    <instantOut id="235_D025" time="6484.98" state="enter" vehID="Car_3520" speed="9.88" length="5.00" type="DEFAULT_CAR" gap="3318.78"/>
    <instantOut id="235_D025" time="6485.00" state="stay" vehID="Car_3520" speed="9.88" length="5.00" type="DEFAULT_CAR"/>
    <instantOut id="235_D025" time="6485.25" state="stay" vehID="Car_3520" speed="9.46" length="5.00" type="DEFAULT_CAR"/>
    <instantOut id="235_D025" time="6485.50" state="stay" vehID="Car_3520" speed="8.71" length="5.00" type="DEFAULT_CAR"/>
    <instantOut id="235_D025" time="6485.53" state="leave" vehID="Car_3520" speed="8.01" length="5.00" type="DEFAULT_CAR" occupancy="0.55"/>
    <instantOut id="235_D025" time="6969.21" state="enter" vehID="Car_3841" speed="10.09" length="5.00" type="DEFAULT_CAR" gap="483.67"/>
    <instantOut id="235_D025" time="6969.25" state="stay" vehID="Car_3841" speed="10.09" length="5.00" type="DEFAULT_CAR"/>
    <instantOut id="235_D025" time="6969.50" state="stay" vehID="Car_3841" speed="9.36" length="5.00" type="DEFAULT_CAR"/>
    <instantOut id="235_D025" time="6969.75" state="stay" vehID="Car_3841" speed="8.78" length="5.00" type="DEFAULT_CAR"/>
    <instantOut id="235_D025" time="6969.76" state="leave" vehID="Car_3841" speed="8.03" length="5.00" type="DEFAULT_CAR" occupancy="0.55"/>
    <instantOut id="235_D025" time="7100.47" state="enter" vehID="Car_4218" speed="9.94" length="5.00" type="DEFAULT_CAR" gap="130.72"/>
    <instantOut id="235_D025" time="7100.50" state="stay" vehID="Car_4218" speed="9.94" length="5.00" type="DEFAULT_CAR"/>
    <instantOut id="235_D025" time="7100.75" state="stay" vehID="Car_4218" speed="9.25" length="5.00" type="DEFAULT_CAR"/>
    <instantOut id="235_D025" time="7101.00" state="stay" vehID="Car_4218" speed="8.50" length="5.00" type="DEFAULT_CAR"/>
    <instantOut id="235_D025" time="7101.04" state="leave" vehID="Car_4218" speed="7.92" length="5.00" type="DEFAULT_CAR" occupancy="0.56"/>
    <instantOut id="235_D025" time="7898.42" state="enter" vehID="Car_4153" speed="10.30" length="5.00" type="DEFAULT_CAR" gap="797.38"/>
    <instantOut id="235_D025" time="7898.50" state="stay" vehID="Car_4153" speed="10.30" length="5.00" type="DEFAULT_CAR"/>
    <instantOut id="235_D025" time="7898.75" state="stay" vehID="Car_4153" speed="10.63" length="5.00" type="DEFAULT_CAR"/>
    <instantOut id="235_D025" time="7898.90" state="leave" vehID="Car_4153" speed="10.04" length="5.00" type="DEFAULT_CAR" occupancy="0.48"/>
    <instantOut id="235_D025" time="8049.23" state="enter" vehID="Car_4812" speed="10.03" length="5.00" type="DEFAULT_CAR" gap="150.33"/>
    <instantOut id="235_D025" time="8049.25" state="stay" vehID="Car_4812" speed="10.03" length="5.00" type="DEFAULT_CAR"/>
    <instantOut id="235_D025" time="8049.50" state="stay" vehID="Car_4812" speed="9.28" length="5.00" type="DEFAULT_CAR"/>
    <instantOut id="235_D025" time="8049.75" state="stay" vehID="Car_4812" speed="8.53" length="5.00" type="DEFAULT_CAR"/>
    <instantOut id="235_D025" time="8049.79" state="leave" vehID="Car_4812" speed="7.92" length="5.00" type="DEFAULT_CAR" occupancy="0.56"/>
    <instantOut id="235_D025" time="11485.54" state="enter" vehID="Car_5949" speed="9.90" length="5.00" type="DEFAULT_CAR" gap="3435.75"/>
    <instantOut id="235_D025" time="11485.75" state="stay" vehID="Car_5949" speed="9.90" length="5.00" type="DEFAULT_CAR"/>
    <instantOut id="235_D025" time="11486.00" state="stay" vehID="Car_5949" speed="9.15" length="5.00" type="DEFAULT_CAR"/>
    <instantOut id="235_D025" time="11486.08" state="leave" vehID="Car_5949" speed="8.40" length="5.00" type="DEFAULT_CAR" occupancy="0.54"/>
    <instantOut id="235_D025" time="11725.75" state="enter" vehID="Car_6653" speed="9.23" length="5.00" type="DEFAULT_CAR" gap="239.67"/>
    <instantOut id="235_D025" time="11726.00" state="stay" vehID="Car_6653" speed="9.23" length="5.00" type="DEFAULT_CAR"/>
    <instantOut id="235_D025" time="11726.25" state="stay" vehID="Car_6653" speed="8.48" length="5.00" type="DEFAULT_CAR"/>
    <instantOut id="235_D025" time="11726.32" state="leave" vehID="Car_6653" speed="7.73" length="5.00" type="DEFAULT_CAR" occupancy="0.57"/>
    <instantOut id="235_D025" time="12433.53" state="enter" vehID="Car_6632" speed="8.76" length="5.00" type="DEFAULT_CAR" gap="707.20"/>
    <instantOut id="235_D025" time="12433.75" state="stay" vehID="Car_6632" speed="8.76" length="5.00" type="DEFAULT_CAR"/>
    <instantOut id="235_D025" time="12434.00" state="stay" vehID="Car_6632" speed="8.01" length="5.00" type="DEFAULT_CAR"/>
    <instantOut id="235_D025" time="12434.14" state="leave" vehID="Car_6632" speed="7.34" length="5.00" type="DEFAULT_CAR" occupancy="0.62"/>
    <instantOut id="235_D025" time="13306.36" state="enter" vehID="Car_6953" speed="10.14" length="5.00" type="DEFAULT_CAR" gap="872.22"/>
    <instantOut id="235_D025" time="13306.50" state="stay" vehID="Car_6953" speed="10.14" length="5.00" type="DEFAULT_CAR"/>
    <instantOut id="235_D025" time="13306.75" state="stay" vehID="Car_6953" speed="10.90" length="5.00" type="DEFAULT_CAR"/>
    <instantOut id="235_D025" time="13306.83" state="leave" vehID="Car_6953" speed="10.42" length="5.00" type="DEFAULT_CAR" occupancy="0.47"/>
    <instantOut id="235_D025" time="14845.75" state="enter" vehID="Car_8362" speed="8.32" length="5.00" type="DEFAULT_CAR" gap="1538.92"/>
    <instantOut id="235_D025" time="14846.00" state="stay" vehID="Car_8362" speed="8.32" length="5.00" type="DEFAULT_CAR"/>
    <instantOut id="235_D025" time="14846.25" state="stay" vehID="Car_8362" speed="7.57" length="5.00" type="DEFAULT_CAR"/>
    <instantOut id="235_D025" time="14846.40" state="leave" vehID="Car_8362" speed="7.01" length="5.00" type="DEFAULT_CAR" occupancy="0.65"/>
    <instantOut id="235_D025" time="16920.66" state="enter" vehID="Car_9497" speed="10.63" length="5.00" type="DEFAULT_CAR" gap="2074.26"/>
    <instantOut id="235_D025" time="16920.75" state="stay" vehID="Car_9497" speed="10.63" length="5.00" type="DEFAULT_CAR"/>
    <instantOut id="235_D025" time="16921.00" state="stay" vehID="Car_9497" speed="9.97" length="5.00" type="DEFAULT_CAR"/>
    <instantOut id="235_D025" time="16921.16" state="leave" vehID="Car_9497" speed="9.22" length="5.00" type="DEFAULT_CAR" occupancy="0.51"/>
    <instantOut id="235_D025" time="17367.03" state="enter" vehID="Car_9519" speed="7.04" length="5.00" type="DEFAULT_CAR" gap="445.87"/>
    <instantOut id="235_D025" time="17367.25" state="stay" vehID="Car_9519" speed="7.04" length="5.00" type="DEFAULT_CAR"/>
    <instantOut id="235_D025" time="17367.50" state="stay" vehID="Car_9519" speed="6.29" length="5.00" type="DEFAULT_CAR"/>
    <instantOut id="235_D025" time="17367.75" state="stay" vehID="Car_9519" speed="5.54" length="5.00" type="DEFAULT_CAR"/>
    <instantOut id="235_D025" time="17367.85" state="leave" vehID="Car_9519" speed="4.84" length="5.00" type="DEFAULT_CAR" occupancy="0.82"/>
    <instantOut id="235_D025" time="23231.36" state="enter" vehID="Car_13216" speed="8.02" length="5.00" type="DEFAULT_CAR" gap="5863.51"/>
    <instantOut id="235_D025" time="23231.50" state="stay" vehID="Car_13216" speed="8.02" length="5.00" type="DEFAULT_CAR"/>
    <instantOut id="235_D025" time="23231.75" state="stay" vehID="Car_13216" speed="7.33" length="5.00" type="DEFAULT_CAR"/>
    <instantOut id="235_D025" time="23232.00" state="stay" vehID="Car_13216" speed="6.58" length="5.00" type="DEFAULT_CAR"/>
    <instantOut id="235_D025" time="23232.07" state="leave" vehID="Car_13216" speed="5.83" length="5.00" type="DEFAULT_CAR" occupancy="0.71"/>
    <instantOut id="235_D025" time="23984.99" state="enter" vehID="Car_13397" speed="6.79" length="5.00" type="DEFAULT_CAR" gap="752.92"/>
    <instantOut id="235_D025" time="23985.00" state="stay" vehID="Car_13397" speed="6.79" length="5.00" type="DEFAULT_CAR"/>
    <instantOut id="235_D025" time="23985.25" state="stay" vehID="Car_13397" speed="7.45" length="5.00" type="DEFAULT_CAR"/>
    <instantOut id="235_D025" time="23985.50" state="stay" vehID="Car_13397" speed="7.82" length="5.00" type="DEFAULT_CAR"/>
    <instantOut id="235_D025" time="23985.66" state="leave" vehID="Car_13397" speed="7.07" length="5.00" type="DEFAULT_CAR" occupancy="0.67"/>
    <instantOut id="235_D025" time="25394.23" state="enter" vehID="Car_14670" speed="9.39" length="5.00" type="DEFAULT_CAR" gap="1408.57"/>
    <instantOut id="235_D025" time="25394.25" state="stay" vehID="Car_14670" speed="9.39" length="5.00" type="DEFAULT_CAR"/>
    <instantOut id="235_D025" time="25394.50" state="stay" vehID="Car_14670" speed="9.97" length="5.00" type="DEFAULT_CAR"/>
    <instantOut id="235_D025" time="25394.75" state="leave" vehID="Car_14670" speed="9.22" length="5.00" type="DEFAULT_CAR" occupancy="0.52"/>
    <instantOut id="235_D025" time="26771.44" state="enter" vehID="Car_15681" speed="9.76" length="5.00" type="DEFAULT_CAR" gap="1376.69"/>
    <instantOut id="235_D025" time="26771.50" state="stay" vehID="Car_15681" speed="9.76" length="5.00" type="DEFAULT_CAR"/>
    <instantOut id="235_D025" time="26771.75" state="stay" vehID="Car_15681" speed="9.27" length="5.00" type="DEFAULT_CAR"/>
    <instantOut id="235_D025" time="26772.00" state="leave" vehID="Car_15681" speed="8.55" length="5.00" type="DEFAULT_CAR" occupancy="0.56"/>
    <instantOut id="235_D025" time="26797.68" state="enter" vehID="Car_15708" speed="7.19" length="5.00" type="DEFAULT_CAR" gap="25.68"/>
    <instantOut id="235_D025" time="26797.75" state="stay" vehID="Car_15708" speed="7.19" length="5.00" type="DEFAULT_CAR"/>
    <instantOut id="235_D025" time="26798.00" state="stay" vehID="Car_15708" speed="6.44" length="5.00" type="DEFAULT_CAR"/>
    <instantOut id="235_D025" time="26798.25" state="stay" vehID="Car_15708" speed="5.69" length="5.00" type="DEFAULT_CAR"/>
    <instantOut id="235_D025" time="26798.50" state="stay" vehID="Car_15708" speed="4.94" length="5.00" type="DEFAULT_CAR"/>
    <instantOut id="235_D025" time="26798.56" state="leave" vehID="Car_15708" speed="4.19" length="5.00" type="DEFAULT_CAR" occupancy="0.88"/>
    <instantOut id="235_D025" time="27290.73" state="enter" vehID="Car_16062" speed="9.40" length="5.00" type="DEFAULT_CAR" gap="492.17"/>
    <instantOut id="235_D025" time="27290.75" state="stay" vehID="Car_16062" speed="9.40" length="5.00" type="DEFAULT_CAR"/>
    <instantOut id="235_D025" time="27291.00" state="stay" vehID="Car_16062" speed="10.31" length="5.00" type="DEFAULT_CAR"/>
    <instantOut id="235_D025" time="27291.24" state="leave" vehID="Car_16062" speed="9.56" length="5.00" type="DEFAULT_CAR" occupancy="0.50"/>
    <instantOut id="235_D025" time="28619.04" state="enter" vehID="Car_16522" speed="7.61" length="5.00" type="DEFAULT_CAR" gap="1327.80"/>
    <instantOut id="235_D025" time="28619.25" state="stay" vehID="Car_16522" speed="7.61" length="5.00" type="DEFAULT_CAR"/>
    <instantOut id="235_D025" time="28619.50" state="stay" vehID="Car_16522" speed="6.95" length="5.00" type="DEFAULT_CAR"/>
    <instantOut id="235_D025" time="28619.75" state="stay" vehID="Car_16522" speed="6.20" length="5.00" type="DEFAULT_CAR"/>
    <instantOut id="235_D025" time="28619.77" state="leave" vehID="Car_16522" speed="5.45" length="5.00" type="DEFAULT_CAR" occupancy="0.73"/>
    <instantOut id="235_D025" time="29262.18" state="enter" vehID="Car_17136" speed="10.14" length="5.00" type="DEFAULT_CAR" gap="642.41"/>
    <instantOut id="235_D025" time="29262.25" state="stay" vehID="Car_17136" speed="10.14" length="5.00" type="DEFAULT_CAR"/>
    <instantOut id="235_D025" time="29262.50" state="stay" vehID="Car_17136" speed="9.56" length="5.00" type="DEFAULT_CAR"/>
    <instantOut id="235_D025" time="29262.72" state="leave" vehID="Car_17136" speed="8.81" length="5.00" type="DEFAULT_CAR" occupancy="0.54"/>
    <instantOut id="235_D025" time="29674.80" state="enter" vehID="Car_17962" speed="7.17" length="5.00" type="DEFAULT_CAR" gap="412.08"/>
    <instantOut id="235_D025" time="29675.00" state="stay" vehID="Car_17962" speed="7.17" length="5.00" type="DEFAULT_CAR"/>
    <instantOut id="235_D025" time="29675.25" state="stay" vehID="Car_17962" speed="6.42" length="5.00" type="DEFAULT_CAR"/>
    <instantOut id="235_D025" time="29675.50" state="stay" vehID="Car_17962" speed="5.67" length="5.00" type="DEFAULT_CAR"/>
    <instantOut id="235_D025" time="29675.60" state="leave" vehID="Car_17962" speed="5.25" length="5.00" type="DEFAULT_CAR" occupancy="0.80"/>
    <instantOut id="235_D025" time="30969.73" state="enter" vehID="Car_18699" speed="9.23" length="5.00" type="DEFAULT_CAR" gap="1294.13"/>
    <instantOut id="235_D025" time="30969.75" state="stay" vehID="Car_18699" speed="9.23" length="5.00" type="DEFAULT_CAR"/>
    <instantOut id="235_D025" time="30970.00" state="stay" vehID="Car_18699" speed="8.51" length="5.00" type="DEFAULT_CAR"/>
    <instantOut id="235_D025" time="30970.25" state="stay" vehID="Car_18699" speed="7.77" length="5.00" type="DEFAULT_CAR"/>
    <instantOut id="235_D025" time="30970.36" state="leave" vehID="Car_18699" speed="7.02" length="5.00" type="DEFAULT_CAR" occupancy="0.63"/>
    <instantOut id="235_D025" time="31089.53" state="enter" vehID="Car_18574" speed="7.25" length="5.00" type="DEFAULT_CAR" gap="119.18"/>
    <instantOut id="235_D025" time="31089.75" state="stay" vehID="Car_18574" speed="7.25" length="5.00" type="DEFAULT_CAR"/>
    <instantOut id="235_D025" time="31090.00" state="stay" vehID="Car_18574" speed="6.50" length="5.00" type="DEFAULT_CAR"/>
    <instantOut id="235_D025" time="31090.25" state="stay" vehID="Car_18574" speed="5.75" length="5.00" type="DEFAULT_CAR"/>
    <instantOut id="235_D025" time="31090.32" state="leave" vehID="Car_18574" speed="5.00" length="5.00" type="DEFAULT_CAR" occupancy="0.79"/>
    <instantOut id="235_D025" time="34174.94" state="enter" vehID="Car_20192" speed="10.51" length="5.00" type="DEFAULT_CAR" gap="3084.62"/>
    <instantOut id="235_D025" time="34175.00" state="stay" vehID="Car_20192" speed="10.51" length="5.00" type="DEFAULT_CAR"/>
    <instantOut id="235_D025" time="34175.25" state="stay" vehID="Car_20192" speed="10.80" length="5.00" type="DEFAULT_CAR"/>
    <instantOut id="235_D025" time="34175.42" state="leave" vehID="Car_20192" speed="10.05" length="5.00" type="DEFAULT_CAR" occupancy="0.48"/>
    <instantOut id="235_D025" time="34438.02" state="enter" vehID="Car_20423" speed="7.70" length="5.00" type="DEFAULT_CAR" gap="262.60"/>
    <instantOut id="235_D025" time="34438.25" state="stay" vehID="Car_20423" speed="7.70" length="5.00" type="DEFAULT_CAR"/>
    <instantOut id="235_D025" time="34438.50" state="stay" vehID="Car_20423" speed="6.95" length="5.00" type="DEFAULT_CAR"/>
    <instantOut id="235_D025" time="34438.74" state="leave" vehID="Car_20423" speed="6.20" length="5.00" type="DEFAULT_CAR" occupancy="0.72"/>
    <instantOut id="235_D025" time="35963.74" state="enter" vehID="Car_21486" speed="9.71" length="5.00" type="DEFAULT_CAR" gap="1525.00"/>
    <instantOut id="235_D025" time="35963.75" state="stay" vehID="Car_21486" speed="9.71" length="5.00" type="DEFAULT_CAR"/>
    <instantOut id="235_D025" time="35964.00" state="stay" vehID="Car_21486" speed="9.23" length="5.00" type="DEFAULT_CAR"/>
    <instantOut id="235_D025" time="35964.25" state="stay" vehID="Car_21486" speed="8.48" length="5.00" type="DEFAULT_CAR"/>
    <instantOut id="235_D025" time="35964.31" state="leave" vehID="Car_21486" speed="7.75" length="5.00" type="DEFAULT_CAR" occupancy="0.57"/>
    <instantOut id="235_D025" time="36296.97" state="enter" vehID="Car_21461" speed="9.65" length="5.00" type="DEFAULT_CAR" gap="332.66"/>
    <instantOut id="235_D025" time="36297.00" state="stay" vehID="Car_21461" speed="9.65" length="5.00" type="DEFAULT_CAR"/>
    <instantOut id="235_D025" time="36297.25" state="stay" vehID="Car_21461" speed="8.90" length="5.00" type="DEFAULT_CAR"/>
    <instantOut id="235_D025" time="36297.50" state="stay" vehID="Car_21461" speed="8.42" length="5.00" type="DEFAULT_CAR"/>
    <instantOut id="235_D025" time="36297.55" state="leave" vehID="Car_21461" speed="7.67" length="5.00" type="DEFAULT_CAR" occupancy="0.58"/>
    <instantOut id="235_D025" time="38321.99" state="enter" vehID="Car_22443" speed="8.54" length="5.00" type="DEFAULT_CAR" gap="2024.44"/>
    <instantOut id="235_D025" time="38322.00" state="stay" vehID="Car_22443" speed="8.54" length="5.00" type="DEFAULT_CAR"/>
    <instantOut id="235_D025" time="38322.25" state="stay" vehID="Car_22443" speed="7.90" length="5.00" type="DEFAULT_CAR"/>
    <instantOut id="235_D025" time="38322.50" state="stay" vehID="Car_22443" speed="7.15" length="5.00" type="DEFAULT_CAR"/>
    <instantOut id="235_D025" time="38322.68" state="leave" vehID="Car_22443" speed="6.56" length="5.00" type="DEFAULT_CAR" occupancy="0.69"/>
    <instantOut id="235_D025" time="39585.70" state="enter" vehID="Car_23235" speed="10.29" length="5.00" type="DEFAULT_CAR" gap="1263.01"/>
    <instantOut id="235_D025" time="39585.75" state="stay" vehID="Car_23235" speed="10.29" length="5.00" type="DEFAULT_CAR"/>
    <instantOut id="235_D025" time="39586.00" state="stay" vehID="Car_23235" speed="10.15" length="5.00" type="DEFAULT_CAR"/>
    <instantOut id="235_D025" time="39586.20" state="leave" vehID="Car_23235" speed="9.43" length="5.00" type="DEFAULT_CAR" occupancy="0.51"/>
    <instantOut id="235_D025" time="39943.98" state="enter" vehID="Car_22921" speed="8.57" length="5.00" type="DEFAULT_CAR" gap="357.78"/>
    <instantOut id="235_D025" time="39944.00" state="stay" vehID="Car_22921" speed="8.57" length="5.00" type="DEFAULT_CAR"/>
    <instantOut id="235_D025" time="39944.25" state="stay" vehID="Car_22921" speed="7.82" length="5.00" type="DEFAULT_CAR"/>
    <instantOut id="235_D025" time="39944.50" state="stay" vehID="Car_22921" speed="7.59" length="5.00" type="DEFAULT_CAR"/>
    <instantOut id="235_D025" time="39944.64" state="leave" vehID="Car_22921" speed="6.91" length="5.00" type="DEFAULT_CAR" occupancy="0.66"/>
    <instantOut id="235_D025" time="41291.95" state="enter" vehID="Car_23505" speed="10.36" length="5.00" type="DEFAULT_CAR" gap="1347.30"/>
    <instantOut id="235_D025" time="41292.00" state="stay" vehID="Car_23505" speed="10.36" length="5.00" type="DEFAULT_CAR"/>
    <instantOut id="235_D025" time="41292.25" state="stay" vehID="Car_23505" speed="11.13" length="5.00" type="DEFAULT_CAR"/>
    <instantOut id="235_D025" time="41292.40" state="leave" vehID="Car_23505" speed="11.31" length="5.00" type="DEFAULT_CAR" occupancy="0.45"/>
    <instantOut id="235_D025" time="43713.74" state="enter" vehID="Car_24314" speed="8.78" length="5.00" type="DEFAULT_CAR" gap="2421.34"/>
    <instantOut id="235_D025" time="43713.75" state="stay" vehID="Car_24314" speed="8.78" length="5.00" type="DEFAULT_CAR"/>
    <instantOut id="235_D025" time="43714.00" state="stay" vehID="Car_24314" speed="8.30" length="5.00" type="DEFAULT_CAR"/>
    <instantOut id="235_D025" time="43714.25" state="stay" vehID="Car_24314" speed="7.57" length="5.00" type="DEFAULT_CAR"/>
    <instantOut id="235_D025" time="43714.39" state="leave" vehID="Car_24314" speed="6.82" length="5.00" type="DEFAULT_CAR" occupancy="0.65"/>
    <instantOut id="235_D025" time="44593.73" state="enter" vehID="Car_24498" speed="9.46" length="5.00" type="DEFAULT_CAR" gap="879.34"/>
    <instantOut id="235_D025" time="44593.75" state="stay" vehID="Car_24498" speed="9.46" length="5.00" type="DEFAULT_CAR"/>
    <instantOut id="235_D025" time="44594.00" state="stay" vehID="Car_24498" speed="8.71" length="5.00" type="DEFAULT_CAR"/>
    <instantOut id="235_D025" time="44594.25" state="stay" vehID="Car_24498" speed="7.96" length="5.00" type="DEFAULT_CAR"/>
    <instantOut id="235_D025" time="44594.33" state="leave" vehID="Car_24498" speed="7.21" length="5.00" type="DEFAULT_CAR" occupancy="0.61"/>
    <instantOut id="235_D025" time="45648.22" state="enter" vehID="Car_24696" speed="8.77" length="5.00" type="DEFAULT_CAR" gap="1053.89"/>
    <instantOut id="235_D025" time="45648.25" state="stay" vehID="Car_24696" speed="8.77" length="5.00" type="DEFAULT_CAR"/>
    <instantOut id="235_D025" time="45648.50" state="stay" vehID="Car_24696" speed="8.16" length="5.00" type="DEFAULT_CAR"/>
    <instantOut id="235_D025" time="45648.75" state="stay" vehID="Car_24696" speed="7.41" length="5.00" type="DEFAULT_CAR"/>
    <instantOut id="235_D025" time="45648.88" state="leave" vehID="Car_24696" speed="6.66" length="5.00" type="DEFAULT_CAR" occupancy="0.66"/>
    <instantOut id="235_D025" time="45711.08" state="enter" vehID="Car_24807" speed="7.34" length="5.00" type="DEFAULT_CAR" gap="62.20"/>
    <instantOut id="235_D025" time="45711.25" state="stay" vehID="Car_24807" speed="7.34" length="5.00" type="DEFAULT_CAR"/>
    <instantOut id="235_D025" time="45711.50" state="stay" vehID="Car_24807" speed="8.07" length="5.00" type="DEFAULT_CAR"/>
    <instantOut id="235_D025" time="45711.73" state="leave" vehID="Car_24807" speed="7.52" length="5.00" type="DEFAULT_CAR" occupancy="0.65"/>
</instantE1>
