<?xml version="1.0" encoding="UTF-8"?>

<!-- generated on 2025-02-28 18:06:15 by Eclipse SUMO GUI Version 1.19.0
<configuration xmlns:xsi="http://www.w3.org/2001/XMLSchema-instance" xsi:noNamespaceSchemaLocation="http://sumo.dlr.de/xsd/sumoConfiguration.xsd">

    <input>
        <net-file value="Network.net.xml"/>
        <route-files value="CarRoutes_dfrouter.rou.xml"/>
        <additional-files value="Sensors.add.xml"/>
    </input>

    <output>
        <emission-output value="logs/Emissions.xml"/>
        <summary-output value="logs/Log_summary.xml"/>
        <summary-output.period value="300"/>
        <tripinfo-output value="logs/TripInfos.xml"/>
    </output>

    <time>
        <begin value="0"/>
        <end value="86400"/>
        <step-length value="0.25"/>
    </time>

    <processing>
        <ignore-junction-blocker value="0.1"/>
        <time-to-teleport value="-1"/>
    </processing>

    <report>
        <verbose value="true"/>
        <no-step-log value="true"/>
    </report>

    <emissions>
        <device.emissions.period value="10"/>
    </emissions>

    <traci_server>
        <remote-port value="58399"/>
    </traci_server>

    <gui_only>
        <quit-on-end value="true"/>
        <start value="true"/>
    </gui_only>

</configuration>
-->

<instantE1 xmlns:xsi="http://www.w3.org/2001/XMLSchema-instance" xsi:noNamespaceSchemaLocation="http://sumo.dlr.de/xsd/instant_e1_file.xsd">
    <instantOut id="215_D31" time="1346.33" state="enter" vehID="Car_12749" speed="10.21" length="5.00" type="DEFAULT_CAR"/>
    <instantOut id="215_D31" time="1346.50" state="stay" vehID="Car_12749" speed="10.21" length="5.00" type="DEFAULT_CAR"/>
    <instantOut id="215_D31" time="1346.75" state="stay" vehID="Car_12749" speed="9.91" length="5.00" type="DEFAULT_CAR"/>
    <instantOut id="215_D31" time="1346.75" state="leave" vehID="Car_12749" speed="9.91" length="5.00" type="DEFAULT_CAR"/>
    <instantOut id="215_D31" time="1633.73" state="enter" vehID="Car_12767" speed="14.17" length="5.00" type="DEFAULT_CAR"/>
    <instantOut id="215_D31" time="1633.75" state="stay" vehID="Car_12767" speed="14.17" length="5.00" type="DEFAULT_CAR"/>
    <instantOut id="215_D31" time="1634.00" state="stay" vehID="Car_12767" speed="14.34" length="5.00" type="DEFAULT_CAR"/>
    <instantOut id="215_D31" time="1634.00" state="leave" vehID="Car_12767" speed="14.34" length="5.00" type="DEFAULT_CAR"/>
    <instantOut id="215_D31" time="1659.15" state="enter" vehID="Car_12768" speed="12.50" length="5.00" type="DEFAULT_CAR"/>
    <instantOut id="215_D31" time="1659.25" state="stay" vehID="Car_12768" speed="12.50" length="5.00" type="DEFAULT_CAR"/>
    <instantOut id="215_D31" time="1659.50" state="stay" vehID="Car_12768" speed="12.29" length="5.00" type="DEFAULT_CAR"/>
    <instantOut id="215_D31" time="1659.50" state="leave" vehID="Car_12768" speed="12.29" length="5.00" type="DEFAULT_CAR"/>
    <instantOut id="215_D31" time="2335.69" state="enter" vehID="Car_12808" speed="14.55" length="5.00" type="DEFAULT_CAR"/>
    <instantOut id="215_D31" time="2335.75" state="stay" vehID="Car_12808" speed="14.55" length="5.00" type="DEFAULT_CAR"/>
    <instantOut id="215_D31" time="2336.00" state="stay" vehID="Car_12808" speed="14.65" length="5.00" type="DEFAULT_CAR"/>
    <instantOut id="215_D31" time="2336.00" state="leave" vehID="Car_12808" speed="14.65" length="5.00" type="DEFAULT_CAR"/>
    <instantOut id="215_D31" time="2575.78" state="enter" vehID="Car_12821" speed="18.88" length="5.00" type="DEFAULT_CAR"/>
    <instantOut id="215_D31" time="2576.00" state="stay" vehID="Car_12821" speed="18.88" length="5.00" type="DEFAULT_CAR"/>
    <instantOut id="215_D31" time="2576.00" state="leave" vehID="Car_12821" speed="18.88" length="5.00" type="DEFAULT_CAR"/>
    <instantOut id="215_D31" time="2654.39" state="enter" vehID="Car_12826" speed="13.63" length="5.00" type="DEFAULT_CAR"/>
    <instantOut id="215_D31" time="2654.50" state="stay" vehID="Car_12826" speed="13.63" length="5.00" type="DEFAULT_CAR"/>
    <instantOut id="215_D31" time="2654.75" state="stay" vehID="Car_12826" speed="13.36" length="5.00" type="DEFAULT_CAR"/>
    <instantOut id="215_D31" time="2654.75" state="leave" vehID="Car_12826" speed="13.36" length="5.00" type="DEFAULT_CAR"/>
    <instantOut id="215_D31" time="2853.06" state="enter" vehID="Car_12832" speed="6.99" length="5.00" type="DEFAULT_CAR"/>
    <instantOut id="215_D31" time="2853.25" state="stay" vehID="Car_12832" speed="6.99" length="5.00" type="DEFAULT_CAR"/>
    <instantOut id="215_D31" time="2853.50" state="stay" vehID="Car_12832" speed="6.89" length="5.00" type="DEFAULT_CAR"/>
    <instantOut id="215_D31" time="2853.50" state="leave" vehID="Car_12832" speed="6.89" length="5.00" type="DEFAULT_CAR"/>
    <instantOut id="215_D31" time="2899.35" state="enter" vehID="Car_12834" speed="15.32" length="5.00" type="DEFAULT_CAR"/>
    <instantOut id="215_D31" time="2899.50" state="stay" vehID="Car_12834" speed="15.32" length="5.00" type="DEFAULT_CAR"/>
    <instantOut id="215_D31" time="2899.68" state="leave" vehID="Car_12834" speed="15.59" length="5.00" type="DEFAULT_CAR" occupancy="0.32"/>
    <instantOut id="215_D31" time="3698.29" state="enter" vehID="Car_12880" speed="12.90" length="5.00" type="DEFAULT_CAR" gap="798.61"/>
    <instantOut id="215_D31" time="3698.50" state="stay" vehID="Car_12880" speed="12.90" length="5.00" type="DEFAULT_CAR"/>
    <instantOut id="215_D31" time="3698.68" state="leave" vehID="Car_12880" speed="12.69" length="5.00" type="DEFAULT_CAR" occupancy="0.39"/>
    <instantOut id="215_D31" time="3768.74" state="enter" vehID="Car_12882" speed="10.75" length="5.00" type="DEFAULT_CAR" gap="70.06"/>
    <instantOut id="215_D31" time="3768.75" state="stay" vehID="Car_12882" speed="10.75" length="5.00" type="DEFAULT_CAR"/>
    <instantOut id="215_D31" time="3769.00" state="stay" vehID="Car_12882" speed="10.71" length="5.00" type="DEFAULT_CAR"/>
    <instantOut id="215_D31" time="3769.20" state="leave" vehID="Car_12882" speed="10.91" length="5.00" type="DEFAULT_CAR" occupancy="0.46"/>
    <instantOut id="215_D31" time="4135.46" state="enter" vehID="Car_12903" speed="10.60" length="5.00" type="DEFAULT_CAR" gap="366.26"/>
    <instantOut id="215_D31" time="4135.50" state="stay" vehID="Car_12903" speed="10.60" length="5.00" type="DEFAULT_CAR"/>
    <instantOut id="215_D31" time="4135.75" state="stay" vehID="Car_12903" speed="10.28" length="5.00" type="DEFAULT_CAR"/>
    <instantOut id="215_D31" time="4135.75" state="leave" vehID="Car_12903" speed="10.28" length="5.00" type="DEFAULT_CAR"/>
    <instantOut id="215_D31" time="4380.53" state="enter" vehID="Car_12919" speed="14.09" length="5.00" type="DEFAULT_CAR" gap="611.33"/>
    <instantOut id="215_D31" time="4380.75" state="stay" vehID="Car_12919" speed="14.09" length="5.00" type="DEFAULT_CAR"/>
    <instantOut id="215_D31" time="4380.75" state="leave" vehID="Car_12919" speed="14.09" length="5.00" type="DEFAULT_CAR"/>
    <instantOut id="215_D31" time="4784.79" state="enter" vehID="Car_12945" speed="15.67" length="5.00" type="DEFAULT_CAR" gap="1015.59"/>
    <instantOut id="215_D31" time="4785.00" state="stay" vehID="Car_12945" speed="15.67" length="5.00" type="DEFAULT_CAR"/>
    <instantOut id="215_D31" time="4785.00" state="leave" vehID="Car_12945" speed="15.67" length="5.00" type="DEFAULT_CAR"/>
    <instantOut id="215_D31" time="5189.26" state="enter" vehID="Car_12966" speed="11.49" length="5.00" type="DEFAULT_CAR" gap="1420.06"/>
    <instantOut id="215_D31" time="5189.50" state="stay" vehID="Car_12966" speed="11.49" length="5.00" type="DEFAULT_CAR"/>
    <instantOut id="215_D31" time="5189.70" state="leave" vehID="Car_12966" speed="11.36" length="5.00" type="DEFAULT_CAR" occupancy="0.44"/>
    <instantOut id="215_D31" time="5809.83" state="enter" vehID="Car_13000" speed="12.92" length="5.00" type="DEFAULT_CAR" gap="620.13"/>
    <instantOut id="215_D31" time="5810.00" state="stay" vehID="Car_13000" speed="12.92" length="5.00" type="DEFAULT_CAR"/>
    <instantOut id="215_D31" time="5810.22" state="leave" vehID="Car_13000" speed="12.81" length="5.00" type="DEFAULT_CAR" occupancy="0.39"/>
    <instantOut id="215_D31" time="5827.53" state="enter" vehID="Car_13002" speed="12.18" length="5.00" type="DEFAULT_CAR" gap="17.31"/>
    <instantOut id="215_D31" time="5827.75" state="stay" vehID="Car_13002" speed="12.18" length="5.00" type="DEFAULT_CAR"/>
    <instantOut id="215_D31" time="5827.94" state="leave" vehID="Car_13002" speed="12.19" length="5.00" type="DEFAULT_CAR" occupancy="0.41"/>
    <instantOut id="215_D31" time="6304.01" state="enter" vehID="Car_13024" speed="8.94" length="5.00" type="DEFAULT_CAR" gap="476.07"/>
    <instantOut id="215_D31" time="6304.25" state="stay" vehID="Car_13024" speed="8.94" length="5.00" type="DEFAULT_CAR"/>
    <instantOut id="215_D31" time="6304.50" state="stay" vehID="Car_13024" speed="9.18" length="5.00" type="DEFAULT_CAR"/>
    <instantOut id="215_D31" time="6304.50" state="leave" vehID="Car_13024" speed="9.18" length="5.00" type="DEFAULT_CAR"/>
    <instantOut id="215_D31" time="6323.86" state="enter" vehID="Car_13028" speed="14.07" length="5.00" type="DEFAULT_CAR" gap="495.92"/>
    <instantOut id="215_D31" time="6324.00" state="stay" vehID="Car_13028" speed="14.07" length="5.00" type="DEFAULT_CAR"/>
    <instantOut id="215_D31" time="6324.22" state="leave" vehID="Car_13028" speed="13.78" length="5.00" type="DEFAULT_CAR" occupancy="0.36"/>
    <instantOut id="215_D31" time="7090.95" state="enter" vehID="Car_13067" speed="19.61" length="5.00" type="DEFAULT_CAR" gap="766.73"/>
    <instantOut id="215_D31" time="7091.00" state="stay" vehID="Car_13067" speed="19.61" length="5.00" type="DEFAULT_CAR"/>
    <instantOut id="215_D31" time="7091.21" state="leave" vehID="Car_13067" speed="19.44" length="5.00" type="DEFAULT_CAR" occupancy="0.26"/>
    <instantOut id="215_D31" time="7367.25" state="enter" vehID="Car_13083" speed="18.11" length="5.00" type="DEFAULT_CAR" gap="276.04"/>
    <instantOut id="215_D31" time="7367.50" state="stay" vehID="Car_13083" speed="18.11" length="5.00" type="DEFAULT_CAR"/>
    <instantOut id="215_D31" time="7367.50" state="leave" vehID="Car_13083" speed="18.11" length="5.00" type="DEFAULT_CAR"/>
    <instantOut id="215_D31" time="8796.57" state="enter" vehID="Car_13161" speed="8.35" length="5.00" type="DEFAULT_CAR" gap="1705.36"/>
    <instantOut id="215_D31" time="8796.75" state="stay" vehID="Car_13161" speed="8.35" length="5.00" type="DEFAULT_CAR"/>
    <instantOut id="215_D31" time="8797.00" state="stay" vehID="Car_13161" speed="8.53" length="5.00" type="DEFAULT_CAR"/>
    <instantOut id="215_D31" time="8797.00" state="leave" vehID="Car_13161" speed="8.53" length="5.00" type="DEFAULT_CAR"/>
    <instantOut id="215_D31" time="8865.75" state="enter" vehID="Car_13165" speed="10.18" length="5.00" type="DEFAULT_CAR" gap="1774.54"/>
    <instantOut id="215_D31" time="8865.75" state="stay" vehID="Car_13165" speed="10.18" length="5.00" type="DEFAULT_CAR"/>
    <instantOut id="215_D31" time="8866.00" state="stay" vehID="Car_13165" speed="10.22" length="5.00" type="DEFAULT_CAR"/>
    <instantOut id="215_D31" time="8866.24" state="leave" vehID="Car_13165" speed="10.19" length="5.00" type="DEFAULT_CAR" occupancy="0.49"/>
    <instantOut id="215_D31" time="9082.22" state="enter" vehID="Car_13173" speed="20.12" length="5.00" type="DEFAULT_CAR" gap="215.99"/>
    <instantOut id="215_D31" time="9082.25" state="stay" vehID="Car_13173" speed="20.12" length="5.00" type="DEFAULT_CAR"/>
    <instantOut id="215_D31" time="9082.47" state="leave" vehID="Car_13173" speed="20.19" length="5.00" type="DEFAULT_CAR" occupancy="0.25"/>
    <instantOut id="215_D31" time="9441.28" state="enter" vehID="Car_13188" speed="11.17" length="5.00" type="DEFAULT_CAR" gap="358.81"/>
    <instantOut id="215_D31" time="9441.50" state="stay" vehID="Car_13188" speed="11.17" length="5.00" type="DEFAULT_CAR"/>
    <instantOut id="215_D31" time="9441.72" state="leave" vehID="Car_13188" speed="11.19" length="5.00" type="DEFAULT_CAR" occupancy="0.45"/>
    <instantOut id="215_D31" time="9533.26" state="enter" vehID="Car_13195" speed="15.38" length="5.00" type="DEFAULT_CAR" gap="91.54"/>
    <instantOut id="215_D31" time="9533.50" state="stay" vehID="Car_13195" speed="15.38" length="5.00" type="DEFAULT_CAR"/>
    <instantOut id="215_D31" time="9533.50" state="leave" vehID="Car_13195" speed="15.38" length="5.00" type="DEFAULT_CAR"/>
    <instantOut id="215_D31" time="10261.41" state="enter" vehID="Car_13233" speed="20.40" length="5.00" type="DEFAULT_CAR" gap="819.69"/>
    <instantOut id="215_D31" time="10261.50" state="stay" vehID="Car_13233" speed="20.40" length="5.00" type="DEFAULT_CAR"/>
    <instantOut id="215_D31" time="10261.66" state="leave" vehID="Car_13233" speed="20.32" length="5.00" type="DEFAULT_CAR" occupancy="0.25"/>
    <instantOut id="215_D31" time="10569.34" state="enter" vehID="Car_13246" speed="13.94" length="5.00" type="DEFAULT_CAR" gap="307.68"/>
    <instantOut id="215_D31" time="10569.50" state="stay" vehID="Car_13246" speed="13.94" length="5.00" type="DEFAULT_CAR"/>
    <instantOut id="215_D31" time="10569.70" state="leave" vehID="Car_13246" speed="14.14" length="5.00" type="DEFAULT_CAR" occupancy="0.36"/>
    <instantOut id="215_D31" time="11177.24" state="enter" vehID="Car_13276" speed="19.84" length="5.00" type="DEFAULT_CAR" gap="607.54"/>
    <instantOut id="215_D31" time="11177.25" state="stay" vehID="Car_13276" speed="19.84" length="5.00" type="DEFAULT_CAR"/>
    <instantOut id="215_D31" time="11177.50" state="leave" vehID="Car_13276" speed="19.86" length="5.00" type="DEFAULT_CAR" occupancy="0.25"/>
    <instantOut id="215_D31" time="12023.05" state="enter" vehID="Car_13308" speed="13.49" length="5.00" type="DEFAULT_CAR" gap="845.56"/>
    <instantOut id="215_D31" time="12023.25" state="stay" vehID="Car_13308" speed="13.49" length="5.00" type="DEFAULT_CAR"/>
    <instantOut id="215_D31" time="12023.42" state="leave" vehID="Car_13308" speed="13.78" length="5.00" type="DEFAULT_CAR" occupancy="0.37"/>
    <instantOut id="215_D31" time="12652.66" state="enter" vehID="Car_13336" speed="12.44" length="5.00" type="DEFAULT_CAR" gap="629.24"/>
    <instantOut id="215_D31" time="12652.75" state="stay" vehID="Car_13336" speed="12.44" length="5.00" type="DEFAULT_CAR"/>
    <instantOut id="215_D31" time="12653.00" state="stay" vehID="Car_13336" speed="12.57" length="5.00" type="DEFAULT_CAR"/>
    <instantOut id="215_D31" time="12653.00" state="leave" vehID="Car_13336" speed="12.57" length="5.00" type="DEFAULT_CAR"/>
    <instantOut id="215_D31" time="12952.44" state="enter" vehID="Car_13349" speed="12.60" length="5.00" type="DEFAULT_CAR" gap="929.03"/>
    <instantOut id="215_D31" time="12952.50" state="stay" vehID="Car_13349" speed="12.60" length="5.00" type="DEFAULT_CAR"/>
    <instantOut id="215_D31" time="12952.75" state="stay" vehID="Car_13349" speed="12.95" length="5.00" type="DEFAULT_CAR"/>
    <instantOut id="215_D31" time="12952.75" state="leave" vehID="Car_13349" speed="12.95" length="5.00" type="DEFAULT_CAR"/>
    <instantOut id="215_D31" time="13725.69" state="enter" vehID="Car_13395" speed="17.39" length="5.00" type="DEFAULT_CAR" gap="1702.28"/>
    <instantOut id="215_D31" time="13725.75" state="stay" vehID="Car_13395" speed="17.39" length="5.00" type="DEFAULT_CAR"/>
    <instantOut id="215_D31" time="13725.98" state="leave" vehID="Car_13395" speed="17.42" length="5.00" type="DEFAULT_CAR" occupancy="0.29"/>
    <instantOut id="215_D31" time="14647.12" state="enter" vehID="Car_13443" speed="13.88" length="5.00" type="DEFAULT_CAR" gap="921.14"/>
    <instantOut id="215_D31" time="14647.25" state="stay" vehID="Car_13443" speed="13.88" length="5.00" type="DEFAULT_CAR"/>
    <instantOut id="215_D31" time="14647.48" state="leave" vehID="Car_13443" speed="13.96" length="5.00" type="DEFAULT_CAR" occupancy="0.36"/>
    <instantOut id="215_D31" time="15143.64" state="enter" vehID="Car_13475" speed="14.68" length="5.00" type="DEFAULT_CAR" gap="496.16"/>
    <instantOut id="215_D31" time="15143.75" state="stay" vehID="Car_13475" speed="14.68" length="5.00" type="DEFAULT_CAR"/>
    <instantOut id="215_D31" time="15143.98" state="leave" vehID="Car_13475" speed="14.59" length="5.00" type="DEFAULT_CAR" occupancy="0.34"/>
    <instantOut id="215_D31" time="15514.16" state="enter" vehID="Car_13502" speed="13.72" length="5.00" type="DEFAULT_CAR" gap="370.18"/>
    <instantOut id="215_D31" time="15514.25" state="stay" vehID="Car_13502" speed="13.72" length="5.00" type="DEFAULT_CAR"/>
    <instantOut id="215_D31" time="15514.50" state="stay" vehID="Car_13502" speed="13.74" length="5.00" type="DEFAULT_CAR"/>
    <instantOut id="215_D31" time="15514.50" state="leave" vehID="Car_13502" speed="13.74" length="5.00" type="DEFAULT_CAR"/>
    <instantOut id="215_D31" time="16366.63" state="enter" vehID="Car_13562" speed="9.49" length="5.00" type="DEFAULT_CAR" gap="1222.65"/>
    <instantOut id="215_D31" time="16366.75" state="stay" vehID="Car_13562" speed="9.49" length="5.00" type="DEFAULT_CAR"/>
    <instantOut id="215_D31" time="16367.00" state="stay" vehID="Car_13562" speed="9.20" length="5.00" type="DEFAULT_CAR"/>
    <instantOut id="215_D31" time="16367.00" state="leave" vehID="Car_13562" speed="9.20" length="5.00" type="DEFAULT_CAR"/>
    <instantOut id="215_D31" time="16408.96" state="enter" vehID="Car_13564" speed="9.34" length="5.00" type="DEFAULT_CAR" gap="1264.98"/>
    <instantOut id="215_D31" time="16409.00" state="stay" vehID="Car_13564" speed="9.34" length="5.00" type="DEFAULT_CAR"/>
    <instantOut id="215_D31" time="16409.25" state="stay" vehID="Car_13564" speed="9.37" length="5.00" type="DEFAULT_CAR"/>
    <instantOut id="215_D31" time="16409.50" state="leave" vehID="Car_13564" speed="9.38" length="5.00" type="DEFAULT_CAR" occupancy="0.53"/>
    <instantOut id="215_D31" time="16468.21" state="enter" vehID="Car_13566" speed="6.30" length="5.00" type="DEFAULT_CAR" gap="58.72"/>
    <instantOut id="215_D31" time="16468.25" state="stay" vehID="Car_13566" speed="6.30" length="5.00" type="DEFAULT_CAR"/>
    <instantOut id="215_D31" time="16468.50" state="stay" vehID="Car_13566" speed="6.39" length="5.00" type="DEFAULT_CAR"/>
    <instantOut id="215_D31" time="16468.75" state="stay" vehID="Car_13566" speed="6.12" length="5.00" type="DEFAULT_CAR"/>
    <instantOut id="215_D31" time="16468.75" state="leave" vehID="Car_13566" speed="6.12" length="5.00" type="DEFAULT_CAR"/>
    <instantOut id="215_D31" time="16754.43" state="enter" vehID="Car_13580" speed="10.37" length="5.00" type="DEFAULT_CAR" gap="344.94"/>
    <instantOut id="215_D31" time="16754.50" state="stay" vehID="Car_13580" speed="10.37" length="5.00" type="DEFAULT_CAR"/>
    <instantOut id="215_D31" time="16754.75" state="stay" vehID="Car_13580" speed="10.60" length="5.00" type="DEFAULT_CAR"/>
    <instantOut id="215_D31" time="16754.75" state="leave" vehID="Car_13580" speed="10.60" length="5.00" type="DEFAULT_CAR"/>
    <instantOut id="215_D31" time="16952.76" state="enter" vehID="Car_13598" speed="17.78" length="5.00" type="DEFAULT_CAR" gap="543.26"/>
    <instantOut id="215_D31" time="16953.00" state="stay" vehID="Car_13598" speed="17.78" length="5.00" type="DEFAULT_CAR"/>
    <instantOut id="215_D31" time="16953.00" state="leave" vehID="Car_13598" speed="17.78" length="5.00" type="DEFAULT_CAR"/>
    <instantOut id="215_D31" time="17407.03" state="enter" vehID="Car_13627" speed="10.99" length="5.00" type="DEFAULT_CAR" gap="997.53"/>
    <instantOut id="215_D31" time="17407.25" state="stay" vehID="Car_13627" speed="10.99" length="5.00" type="DEFAULT_CAR"/>
    <instantOut id="215_D31" time="17407.48" state="leave" vehID="Car_13627" speed="11.00" length="5.00" type="DEFAULT_CAR" occupancy="0.45"/>
    <instantOut id="215_D31" time="17940.42" state="enter" vehID="Car_13656" speed="9.23" length="5.00" type="DEFAULT_CAR" gap="532.94"/>
    <instantOut id="215_D31" time="17940.50" state="stay" vehID="Car_13656" speed="9.23" length="5.00" type="DEFAULT_CAR"/>
    <instantOut id="215_D31" time="17940.75" state="stay" vehID="Car_13656" speed="9.19" length="5.00" type="DEFAULT_CAR"/>
    <instantOut id="215_D31" time="17940.75" state="leave" vehID="Car_13656" speed="9.19" length="5.00" type="DEFAULT_CAR"/>
    <instantOut id="215_D31" time="18347.99" state="enter" vehID="Car_13673" speed="13.12" length="5.00" type="DEFAULT_CAR" gap="940.50"/>
    <instantOut id="215_D31" time="18348.00" state="stay" vehID="Car_13673" speed="13.12" length="5.00" type="DEFAULT_CAR"/>
    <instantOut id="215_D31" time="18348.25" state="stay" vehID="Car_13673" speed="13.39" length="5.00" type="DEFAULT_CAR"/>
    <instantOut id="215_D31" time="18348.25" state="leave" vehID="Car_13673" speed="13.39" length="5.00" type="DEFAULT_CAR"/>
    <instantOut id="215_D31" time="18806.79" state="enter" vehID="Car_13689" speed="9.26" length="5.00" type="DEFAULT_CAR" gap="1399.31"/>
    <instantOut id="215_D31" time="18807.00" state="stay" vehID="Car_13689" speed="9.26" length="5.00" type="DEFAULT_CAR"/>
    <instantOut id="215_D31" time="18807.25" state="stay" vehID="Car_13689" speed="9.35" length="5.00" type="DEFAULT_CAR"/>
    <instantOut id="215_D31" time="18807.25" state="leave" vehID="Car_13689" speed="9.35" length="5.00" type="DEFAULT_CAR"/>
    <instantOut id="215_D31" time="18826.16" state="enter" vehID="Car_13693" speed="10.31" length="5.00" type="DEFAULT_CAR" gap="1418.68"/>
    <instantOut id="215_D31" time="18826.25" state="stay" vehID="Car_13693" speed="10.31" length="5.00" type="DEFAULT_CAR"/>
    <instantOut id="215_D31" time="18826.50" state="stay" vehID="Car_13693" speed="9.99" length="5.00" type="DEFAULT_CAR"/>
    <instantOut id="215_D31" time="18826.50" state="leave" vehID="Car_13693" speed="9.99" length="5.00" type="DEFAULT_CAR"/>
    <instantOut id="215_D31" time="19106.13" state="enter" vehID="Car_13708" speed="15.78" length="5.00" type="DEFAULT_CAR" gap="1698.64"/>
    <instantOut id="215_D31" time="19106.25" state="stay" vehID="Car_13708" speed="15.78" length="5.00" type="DEFAULT_CAR"/>
    <instantOut id="215_D31" time="19106.44" state="leave" vehID="Car_13708" speed="15.92" length="5.00" type="DEFAULT_CAR" occupancy="0.32"/>
    <instantOut id="215_D31" time="19122.21" state="enter" vehID="Car_13709" speed="14.65" length="5.00" type="DEFAULT_CAR" gap="15.77"/>
    <instantOut id="215_D31" time="19122.25" state="stay" vehID="Car_13709" speed="14.65" length="5.00" type="DEFAULT_CAR"/>
    <instantOut id="215_D31" time="19122.50" state="stay" vehID="Car_13709" speed="14.97" length="5.00" type="DEFAULT_CAR"/>
    <instantOut id="215_D31" time="19122.50" state="leave" vehID="Car_13709" speed="14.97" length="5.00" type="DEFAULT_CAR"/>
    <instantOut id="215_D31" time="19564.26" state="enter" vehID="Car_13740" speed="11.93" length="5.00" type="DEFAULT_CAR" gap="457.82"/>
    <instantOut id="215_D31" time="19564.50" state="stay" vehID="Car_13740" speed="11.93" length="5.00" type="DEFAULT_CAR"/>
    <instantOut id="215_D31" time="19564.68" state="leave" vehID="Car_13740" speed="12.05" length="5.00" type="DEFAULT_CAR" occupancy="0.42"/>
    <instantOut id="215_D31" time="19658.61" state="enter" vehID="Car_13742" speed="10.21" length="5.00" type="DEFAULT_CAR" gap="93.93"/>
    <instantOut id="215_D31" time="19658.75" state="stay" vehID="Car_13742" speed="10.21" length="5.00" type="DEFAULT_CAR"/>
    <instantOut id="215_D31" time="19659.00" state="stay" vehID="Car_13742" speed="10.38" length="5.00" type="DEFAULT_CAR"/>
    <instantOut id="215_D31" time="19659.00" state="leave" vehID="Car_13742" speed="10.38" length="5.00" type="DEFAULT_CAR"/>
    <instantOut id="215_D31" time="20063.76" state="enter" vehID="Car_13759" speed="15.24" length="5.00" type="DEFAULT_CAR" gap="499.07"/>
    <instantOut id="215_D31" time="20064.00" state="stay" vehID="Car_13759" speed="15.24" length="5.00" type="DEFAULT_CAR"/>
    <instantOut id="215_D31" time="20064.00" state="leave" vehID="Car_13759" speed="15.24" length="5.00" type="DEFAULT_CAR"/>
    <instantOut id="215_D31" time="20389.33" state="enter" vehID="Car_13773" speed="13.43" length="5.00" type="DEFAULT_CAR" gap="824.65"/>
    <instantOut id="215_D31" time="20389.50" state="stay" vehID="Car_13773" speed="13.43" length="5.00" type="DEFAULT_CAR"/>
    <instantOut id="215_D31" time="20389.71" state="leave" vehID="Car_13773" speed="13.18" length="5.00" type="DEFAULT_CAR" occupancy="0.38"/>
    <instantOut id="215_D31" time="20595.10" state="enter" vehID="Car_13782" speed="16.65" length="5.00" type="DEFAULT_CAR" gap="205.39"/>
    <instantOut id="215_D31" time="20595.25" state="stay" vehID="Car_13782" speed="16.65" length="5.00" type="DEFAULT_CAR"/>
    <instantOut id="215_D31" time="20595.40" state="leave" vehID="Car_13782" speed="16.70" length="5.00" type="DEFAULT_CAR" occupancy="0.30"/>
    <instantOut id="215_D31" time="20731.00" state="enter" vehID="Car_13792" speed="17.08" length="5.00" type="DEFAULT_CAR" gap="135.61"/>
    <instantOut id="215_D31" time="20731.25" state="stay" vehID="Car_13792" speed="17.08" length="5.00" type="DEFAULT_CAR"/>
    <instantOut id="215_D31" time="20731.25" state="leave" vehID="Car_13792" speed="17.08" length="5.00" type="DEFAULT_CAR"/>
    <instantOut id="215_D31" time="21133.07" state="enter" vehID="Car_13808" speed="7.87" length="5.00" type="DEFAULT_CAR" gap="537.67"/>
    <instantOut id="215_D31" time="21133.25" state="stay" vehID="Car_13808" speed="7.87" length="5.00" type="DEFAULT_CAR"/>
    <instantOut id="215_D31" time="21133.50" state="stay" vehID="Car_13808" speed="8.14" length="5.00" type="DEFAULT_CAR"/>
    <instantOut id="215_D31" time="21133.50" state="leave" vehID="Car_13808" speed="8.14" length="5.00" type="DEFAULT_CAR"/>
    <instantOut id="215_D31" time="21526.21" state="enter" vehID="Car_13840" speed="9.65" length="5.00" type="DEFAULT_CAR" gap="930.81"/>
    <instantOut id="215_D31" time="21526.25" state="stay" vehID="Car_13840" speed="9.65" length="5.00" type="DEFAULT_CAR"/>
    <instantOut id="215_D31" time="21526.50" state="stay" vehID="Car_13840" speed="9.85" length="5.00" type="DEFAULT_CAR"/>
    <instantOut id="215_D31" time="21526.50" state="leave" vehID="Car_13840" speed="9.85" length="5.00" type="DEFAULT_CAR"/>
    <instantOut id="215_D31" time="22021.45" state="enter" vehID="Car_13862" speed="19.77" length="5.00" type="DEFAULT_CAR" gap="1426.05"/>
    <instantOut id="215_D31" time="22021.50" state="stay" vehID="Car_13862" speed="19.77" length="5.00" type="DEFAULT_CAR"/>
    <instantOut id="215_D31" time="22021.70" state="leave" vehID="Car_13862" speed="19.69" length="5.00" type="DEFAULT_CAR" occupancy="0.25"/>
    <instantOut id="215_D31" time="22429.85" state="enter" vehID="Car_13884" speed="8.94" length="5.00" type="DEFAULT_CAR" gap="408.15"/>
    <instantOut id="215_D31" time="22430.00" state="stay" vehID="Car_13884" speed="8.94" length="5.00" type="DEFAULT_CAR"/>
    <instantOut id="215_D31" time="22430.25" state="stay" vehID="Car_13884" speed="9.19" length="5.00" type="DEFAULT_CAR"/>
    <instantOut id="215_D31" time="22430.25" state="leave" vehID="Car_13884" speed="9.19" length="5.00" type="DEFAULT_CAR"/>
    <instantOut id="215_D31" time="22787.44" state="enter" vehID="Car_13914" speed="16.23" length="5.00" type="DEFAULT_CAR" gap="765.74"/>
    <instantOut id="215_D31" time="22787.50" state="stay" vehID="Car_13914" speed="16.23" length="5.00" type="DEFAULT_CAR"/>
    <instantOut id="215_D31" time="22787.75" state="stay" vehID="Car_13914" speed="15.86" length="5.00" type="DEFAULT_CAR"/>
    <instantOut id="215_D31" time="22787.75" state="leave" vehID="Car_13914" speed="15.86" length="5.00" type="DEFAULT_CAR"/>
    <instantOut id="215_D31" time="22863.23" state="enter" vehID="Car_13920" speed="9.09" length="5.00" type="DEFAULT_CAR" gap="841.53"/>
    <instantOut id="215_D31" time="22863.25" state="stay" vehID="Car_13920" speed="9.09" length="5.00" type="DEFAULT_CAR"/>
    <instantOut id="215_D31" time="22863.50" state="stay" vehID="Car_13920" speed="9.14" length="5.00" type="DEFAULT_CAR"/>
    <instantOut id="215_D31" time="22863.75" state="stay" vehID="Car_13920" speed="9.16" length="5.00" type="DEFAULT_CAR"/>
    <instantOut id="215_D31" time="22863.75" state="leave" vehID="Car_13920" speed="9.16" length="5.00" type="DEFAULT_CAR"/>
    <instantOut id="215_D31" time="23305.62" state="enter" vehID="Car_13957" speed="13.00" length="5.00" type="DEFAULT_CAR" gap="1283.92"/>
    <instantOut id="215_D31" time="23305.75" state="stay" vehID="Car_13957" speed="13.00" length="5.00" type="DEFAULT_CAR"/>
    <instantOut id="215_D31" time="23306.00" state="stay" vehID="Car_13957" speed="13.11" length="5.00" type="DEFAULT_CAR"/>
    <instantOut id="215_D31" time="23306.00" state="leave" vehID="Car_13957" speed="13.11" length="5.00" type="DEFAULT_CAR"/>
    <instantOut id="215_D31" time="24217.46" state="enter" vehID="Car_14015" speed="14.08" length="5.00" type="DEFAULT_CAR" gap="2195.75"/>
    <instantOut id="215_D31" time="24217.50" state="stay" vehID="Car_14015" speed="14.08" length="5.00" type="DEFAULT_CAR"/>
    <instantOut id="215_D31" time="24217.75" state="stay" vehID="Car_14015" speed="14.35" length="5.00" type="DEFAULT_CAR"/>
    <instantOut id="215_D31" time="24217.75" state="leave" vehID="Car_14015" speed="14.35" length="5.00" type="DEFAULT_CAR"/>
    <instantOut id="215_D31" time="24789.01" state="enter" vehID="Car_14041" speed="12.60" length="5.00" type="DEFAULT_CAR" gap="2767.31"/>
    <instantOut id="215_D31" time="24789.25" state="stay" vehID="Car_14041" speed="12.60" length="5.00" type="DEFAULT_CAR"/>
    <instantOut id="215_D31" time="24789.25" state="leave" vehID="Car_14041" speed="12.60" length="5.00" type="DEFAULT_CAR"/>
    <instantOut id="215_D31" time="25219.41" state="enter" vehID="Car_14067" speed="13.17" length="5.00" type="DEFAULT_CAR" gap="3197.70"/>
    <instantOut id="215_D31" time="25219.50" state="stay" vehID="Car_14067" speed="13.17" length="5.00" type="DEFAULT_CAR"/>
    <instantOut id="215_D31" time="25219.75" state="stay" vehID="Car_14067" speed="12.92" length="5.00" type="DEFAULT_CAR"/>
    <instantOut id="215_D31" time="25219.75" state="leave" vehID="Car_14067" speed="12.92" length="5.00" type="DEFAULT_CAR"/>
    <instantOut id="215_D31" time="25352.32" state="enter" vehID="Car_14073" speed="11.97" length="5.00" type="DEFAULT_CAR" gap="3330.61"/>
    <instantOut id="215_D31" time="25352.50" state="stay" vehID="Car_14073" speed="11.97" length="5.00" type="DEFAULT_CAR"/>
    <instantOut id="215_D31" time="25352.73" state="leave" vehID="Car_14073" speed="12.16" length="5.00" type="DEFAULT_CAR" occupancy="0.41"/>
    <instantOut id="215_D31" time="25355.39" state="enter" vehID="Car_14075" speed="14.21" length="5.00" type="DEFAULT_CAR" gap="2.66"/>
    <instantOut id="215_D31" time="25355.50" state="stay" vehID="Car_14075" speed="14.21" length="5.00" type="DEFAULT_CAR"/>
    <instantOut id="215_D31" time="25355.74" state="leave" vehID="Car_14075" speed="14.32" length="5.00" type="DEFAULT_CAR" occupancy="0.35"/>
    <instantOut id="215_D31" time="25377.99" state="enter" vehID="Car_14080" speed="16.93" length="5.00" type="DEFAULT_CAR" gap="22.25"/>
    <instantOut id="215_D31" time="25378.00" state="stay" vehID="Car_14080" speed="16.93" length="5.00" type="DEFAULT_CAR"/>
    <instantOut id="215_D31" time="25378.25" state="stay" vehID="Car_14080" speed="16.91" length="5.00" type="DEFAULT_CAR"/>
    <instantOut id="215_D31" time="25378.25" state="leave" vehID="Car_14080" speed="16.91" length="5.00" type="DEFAULT_CAR"/>
    <instantOut id="215_D31" time="25593.53" state="enter" vehID="Car_14094" speed="13.54" length="5.00" type="DEFAULT_CAR" gap="237.79"/>
    <instantOut id="215_D31" time="25593.75" state="stay" vehID="Car_14094" speed="13.54" length="5.00" type="DEFAULT_CAR"/>
    <instantOut id="215_D31" time="25593.75" state="leave" vehID="Car_14094" speed="13.54" length="5.00" type="DEFAULT_CAR"/>
    <instantOut id="215_D31" time="25601.19" state="enter" vehID="Car_14096" speed="14.08" length="5.00" type="DEFAULT_CAR" gap="245.45"/>
    <instantOut id="215_D31" time="25601.25" state="stay" vehID="Car_14096" speed="14.08" length="5.00" type="DEFAULT_CAR"/>
    <instantOut id="215_D31" time="25601.50" state="stay" vehID="Car_14096" speed="14.08" length="5.00" type="DEFAULT_CAR"/>
    <instantOut id="215_D31" time="25601.50" state="leave" vehID="Car_14096" speed="14.08" length="5.00" type="DEFAULT_CAR"/>
    <instantOut id="215_D31" time="25824.18" state="enter" vehID="Car_14110" speed="11.34" length="5.00" type="DEFAULT_CAR" gap="468.44"/>
    <instantOut id="215_D31" time="25824.25" state="stay" vehID="Car_14110" speed="11.34" length="5.00" type="DEFAULT_CAR"/>
    <instantOut id="215_D31" time="25824.50" state="stay" vehID="Car_14110" speed="10.94" length="5.00" type="DEFAULT_CAR"/>
    <instantOut id="215_D31" time="25824.50" state="leave" vehID="Car_14110" speed="10.94" length="5.00" type="DEFAULT_CAR"/>
    <instantOut id="215_D31" time="26642.59" state="enter" vehID="Car_14150" speed="13.86" length="5.00" type="DEFAULT_CAR" gap="1286.85"/>
    <instantOut id="215_D31" time="26642.75" state="stay" vehID="Car_14150" speed="13.86" length="5.00" type="DEFAULT_CAR"/>
    <instantOut id="215_D31" time="26642.94" state="leave" vehID="Car_14150" speed="14.17" length="5.00" type="DEFAULT_CAR" occupancy="0.36"/>
    <instantOut id="215_D31" time="26891.55" state="enter" vehID="Car_14165" speed="16.89" length="5.00" type="DEFAULT_CAR" gap="248.61"/>
    <instantOut id="215_D31" time="26891.75" state="stay" vehID="Car_14165" speed="16.89" length="5.00" type="DEFAULT_CAR"/>
    <instantOut id="215_D31" time="26891.75" state="leave" vehID="Car_14165" speed="16.89" length="5.00" type="DEFAULT_CAR"/>
    <instantOut id="215_D31" time="28064.52" state="enter" vehID="Car_14234" speed="14.73" length="5.00" type="DEFAULT_CAR" gap="1421.58"/>
    <instantOut id="215_D31" time="28064.75" state="stay" vehID="Car_14234" speed="14.73" length="5.00" type="DEFAULT_CAR"/>
    <instantOut id="215_D31" time="28064.75" state="leave" vehID="Car_14234" speed="14.73" length="5.00" type="DEFAULT_CAR"/>
    <instantOut id="215_D31" time="28139.64" state="enter" vehID="Car_14243" speed="11.84" length="5.00" type="DEFAULT_CAR" gap="1496.70"/>
    <instantOut id="215_D31" time="28139.75" state="stay" vehID="Car_14243" speed="11.84" length="5.00" type="DEFAULT_CAR"/>
    <instantOut id="215_D31" time="28140.00" state="stay" vehID="Car_14243" speed="11.91" length="5.00" type="DEFAULT_CAR"/>
    <instantOut id="215_D31" time="28140.00" state="leave" vehID="Car_14243" speed="11.91" length="5.00" type="DEFAULT_CAR"/>
    <instantOut id="215_D31" time="28257.25" state="enter" vehID="Car_14250" speed="18.13" length="5.00" type="DEFAULT_CAR" gap="1614.31"/>
    <instantOut id="215_D31" time="28257.50" state="stay" vehID="Car_14250" speed="18.13" length="5.00" type="DEFAULT_CAR"/>
    <instantOut id="215_D31" time="28257.50" state="leave" vehID="Car_14250" speed="18.13" length="5.00" type="DEFAULT_CAR"/>
    <instantOut id="215_D31" time="28717.27" state="enter" vehID="Car_14286" speed="15.68" length="5.00" type="DEFAULT_CAR" gap="2074.33"/>
    <instantOut id="215_D31" time="28717.50" state="stay" vehID="Car_14286" speed="15.68" length="5.00" type="DEFAULT_CAR"/>
    <instantOut id="215_D31" time="28717.50" state="leave" vehID="Car_14286" speed="15.68" length="5.00" type="DEFAULT_CAR"/>
    <instantOut id="215_D31" time="28926.48" state="enter" vehID="Car_14303" speed="12.14" length="5.00" type="DEFAULT_CAR" gap="2283.53"/>
    <instantOut id="215_D31" time="28926.50" state="stay" vehID="Car_14303" speed="12.14" length="5.00" type="DEFAULT_CAR"/>
    <instantOut id="215_D31" time="28926.75" state="stay" vehID="Car_14303" speed="12.12" length="5.00" type="DEFAULT_CAR"/>
    <instantOut id="215_D31" time="28926.75" state="leave" vehID="Car_14303" speed="12.12" length="5.00" type="DEFAULT_CAR"/>
    <instantOut id="215_D31" time="29051.15" state="enter" vehID="Car_14314" speed="13.87" length="5.00" type="DEFAULT_CAR" gap="2408.21"/>
    <instantOut id="215_D31" time="29051.25" state="stay" vehID="Car_14314" speed="13.87" length="5.00" type="DEFAULT_CAR"/>
    <instantOut id="215_D31" time="29051.50" state="stay" vehID="Car_14314" speed="13.98" length="5.00" type="DEFAULT_CAR"/>
    <instantOut id="215_D31" time="29051.50" state="leave" vehID="Car_14314" speed="13.98" length="5.00" type="DEFAULT_CAR"/>
    <instantOut id="215_D31" time="29069.29" state="enter" vehID="Car_14315" speed="12.48" length="5.00" type="DEFAULT_CAR" gap="2426.35"/>
    <instantOut id="215_D31" time="29069.50" state="stay" vehID="Car_14315" speed="12.48" length="5.00" type="DEFAULT_CAR"/>
    <instantOut id="215_D31" time="29069.69" state="leave" vehID="Car_14315" speed="12.57" length="5.00" type="DEFAULT_CAR" occupancy="0.40"/>
    <instantOut id="215_D31" time="29263.25" state="enter" vehID="Car_14333" speed="14.01" length="5.00" type="DEFAULT_CAR" gap="193.56"/>
    <instantOut id="215_D31" time="29263.50" state="stay" vehID="Car_14333" speed="14.01" length="5.00" type="DEFAULT_CAR"/>
    <instantOut id="215_D31" time="29263.50" state="leave" vehID="Car_14333" speed="14.01" length="5.00" type="DEFAULT_CAR"/>
    <instantOut id="215_D31" time="29786.42" state="enter" vehID="Car_14370" speed="14.99" length="5.00" type="DEFAULT_CAR" gap="716.73"/>
    <instantOut id="215_D31" time="29786.50" state="stay" vehID="Car_14370" speed="14.99" length="5.00" type="DEFAULT_CAR"/>
    <instantOut id="215_D31" time="29786.75" state="stay" vehID="Car_14370" speed="15.00" length="5.00" type="DEFAULT_CAR"/>
    <instantOut id="215_D31" time="29786.75" state="leave" vehID="Car_14370" speed="15.00" length="5.00" type="DEFAULT_CAR"/>
    <instantOut id="215_D31" time="30594.49" state="enter" vehID="Car_14417" speed="14.67" length="5.00" type="DEFAULT_CAR" gap="1524.80"/>
    <instantOut id="215_D31" time="30594.50" state="stay" vehID="Car_14417" speed="14.67" length="5.00" type="DEFAULT_CAR"/>
    <instantOut id="215_D31" time="30594.75" state="stay" vehID="Car_14417" speed="14.97" length="5.00" type="DEFAULT_CAR"/>
    <instantOut id="215_D31" time="30594.75" state="leave" vehID="Car_14417" speed="14.97" length="5.00" type="DEFAULT_CAR"/>
    <instantOut id="215_D31" time="30637.40" state="enter" vehID="Car_14420" speed="11.76" length="5.00" type="DEFAULT_CAR" gap="1567.71"/>
    <instantOut id="215_D31" time="30637.50" state="stay" vehID="Car_14420" speed="11.76" length="5.00" type="DEFAULT_CAR"/>
    <instantOut id="215_D31" time="30637.75" state="stay" vehID="Car_14420" speed="11.69" length="5.00" type="DEFAULT_CAR"/>
    <instantOut id="215_D31" time="30637.75" state="leave" vehID="Car_14420" speed="11.69" length="5.00" type="DEFAULT_CAR"/>
    <instantOut id="215_D31" time="31080.25" state="enter" vehID="Car_14445" speed="9.38" length="5.00" type="DEFAULT_CAR" gap="2010.56"/>
    <instantOut id="215_D31" time="31080.50" state="stay" vehID="Car_14445" speed="9.38" length="5.00" type="DEFAULT_CAR"/>
    <instantOut id="215_D31" time="31080.75" state="stay" vehID="Car_14445" speed="9.50" length="5.00" type="DEFAULT_CAR"/>
    <instantOut id="215_D31" time="31080.75" state="leave" vehID="Car_14445" speed="9.50" length="5.00" type="DEFAULT_CAR"/>
    <instantOut id="215_D31" time="32151.48" state="enter" vehID="Car_14499" speed="16.69" length="5.00" type="DEFAULT_CAR" gap="3081.80"/>
    <instantOut id="215_D31" time="32151.50" state="stay" vehID="Car_14499" speed="16.69" length="5.00" type="DEFAULT_CAR"/>
    <instantOut id="215_D31" time="32151.75" state="stay" vehID="Car_14499" speed="16.62" length="5.00" type="DEFAULT_CAR"/>
    <instantOut id="215_D31" time="32151.75" state="leave" vehID="Car_14499" speed="16.62" length="5.00" type="DEFAULT_CAR"/>
    <instantOut id="215_D31" time="33108.85" state="enter" vehID="Car_14547" speed="15.45" length="5.00" type="DEFAULT_CAR" gap="4039.16"/>
    <instantOut id="215_D31" time="33109.00" state="stay" vehID="Car_14547" speed="15.45" length="5.00" type="DEFAULT_CAR"/>
    <instantOut id="215_D31" time="33109.18" state="leave" vehID="Car_14547" speed="15.57" length="5.00" type="DEFAULT_CAR" occupancy="0.32"/>
    <instantOut id="215_D31" time="33475.86" state="enter" vehID="Car_14563" speed="22.70" length="5.00" type="DEFAULT_CAR" gap="366.68"/>
    <instantOut id="215_D31" time="33476.00" state="stay" vehID="Car_14563" speed="22.70" length="5.00" type="DEFAULT_CAR"/>
    <instantOut id="215_D31" time="33476.00" state="leave" vehID="Car_14563" speed="22.70" length="5.00" type="DEFAULT_CAR"/>
    <instantOut id="215_D31" time="33548.12" state="enter" vehID="Car_14568" speed="15.21" length="5.00" type="DEFAULT_CAR" gap="438.94"/>
    <instantOut id="215_D31" time="33548.25" state="stay" vehID="Car_14568" speed="15.21" length="5.00" type="DEFAULT_CAR"/>
    <instantOut id="215_D31" time="33548.45" state="leave" vehID="Car_14568" speed="15.35" length="5.00" type="DEFAULT_CAR" occupancy="0.33"/>
    <instantOut id="215_D31" time="34225.96" state="enter" vehID="Car_14592" speed="8.85" length="5.00" type="DEFAULT_CAR" gap="677.51"/>
    <instantOut id="215_D31" time="34226.00" state="stay" vehID="Car_14592" speed="8.85" length="5.00" type="DEFAULT_CAR"/>
    <instantOut id="215_D31" time="34226.25" state="stay" vehID="Car_14592" speed="9.10" length="5.00" type="DEFAULT_CAR"/>
    <instantOut id="215_D31" time="34226.50" state="stay" vehID="Car_14592" speed="9.13" length="5.00" type="DEFAULT_CAR"/>
    <instantOut id="215_D31" time="34226.50" state="leave" vehID="Car_14592" speed="9.13" length="5.00" type="DEFAULT_CAR"/>
    <instantOut id="215_D31" time="34338.45" state="enter" vehID="Car_14602" speed="14.46" length="5.00" type="DEFAULT_CAR" gap="790.00"/>
    <instantOut id="215_D31" time="34338.50" state="stay" vehID="Car_14602" speed="14.46" length="5.00" type="DEFAULT_CAR"/>
    <instantOut id="215_D31" time="34338.75" state="stay" vehID="Car_14602" speed="14.26" length="5.00" type="DEFAULT_CAR"/>
    <instantOut id="215_D31" time="34338.75" state="leave" vehID="Car_14602" speed="14.26" length="5.00" type="DEFAULT_CAR"/>
    <instantOut id="215_D31" time="34393.23" state="enter" vehID="Car_14606" speed="18.21" length="5.00" type="DEFAULT_CAR" gap="844.78"/>
    <instantOut id="215_D31" time="34393.25" state="stay" vehID="Car_14606" speed="18.21" length="5.00" type="DEFAULT_CAR"/>
    <instantOut id="215_D31" time="34393.50" state="stay" vehID="Car_14606" speed="18.22" length="5.00" type="DEFAULT_CAR"/>
    <instantOut id="215_D31" time="34393.50" state="leave" vehID="Car_14606" speed="18.22" length="5.00" type="DEFAULT_CAR"/>
    <instantOut id="215_D31" time="35254.04" state="enter" vehID="Car_14644" speed="19.56" length="5.00" type="DEFAULT_CAR" gap="1705.60"/>
    <instantOut id="215_D31" time="35254.25" state="stay" vehID="Car_14644" speed="19.56" length="5.00" type="DEFAULT_CAR"/>
    <instantOut id="215_D31" time="35254.25" state="leave" vehID="Car_14644" speed="19.56" length="5.00" type="DEFAULT_CAR"/>
    <instantOut id="215_D31" time="35431.02" state="enter" vehID="Car_14651" speed="14.01" length="5.00" type="DEFAULT_CAR" gap="1882.58"/>
    <instantOut id="215_D31" time="35431.25" state="stay" vehID="Car_14651" speed="14.01" length="5.00" type="DEFAULT_CAR"/>
    <instantOut id="215_D31" time="35431.25" state="leave" vehID="Car_14651" speed="14.01" length="5.00" type="DEFAULT_CAR"/>
    <instantOut id="215_D31" time="35513.28" state="enter" vehID="Car_14653" speed="9.97" length="5.00" type="DEFAULT_CAR" gap="1964.83"/>
    <instantOut id="215_D31" time="35513.50" state="stay" vehID="Car_14653" speed="9.97" length="5.00" type="DEFAULT_CAR"/>
    <instantOut id="215_D31" time="35513.75" state="stay" vehID="Car_14653" speed="10.08" length="5.00" type="DEFAULT_CAR"/>
    <instantOut id="215_D31" time="35513.75" state="leave" vehID="Car_14653" speed="10.08" length="5.00" type="DEFAULT_CAR"/>
    <instantOut id="215_D31" time="35865.13" state="enter" vehID="Car_14663" speed="16.30" length="5.00" type="DEFAULT_CAR" gap="2316.68"/>
    <instantOut id="215_D31" time="35865.25" state="stay" vehID="Car_14663" speed="16.30" length="5.00" type="DEFAULT_CAR"/>
    <instantOut id="215_D31" time="35865.44" state="leave" vehID="Car_14663" speed="16.48" length="5.00" type="DEFAULT_CAR" occupancy="0.30"/>
    <instantOut id="215_D31" time="36305.02" state="enter" vehID="Car_14684" speed="18.37" length="5.00" type="DEFAULT_CAR" gap="439.58"/>
    <instantOut id="215_D31" time="36305.25" state="stay" vehID="Car_14684" speed="18.37" length="5.00" type="DEFAULT_CAR"/>
    <instantOut id="215_D31" time="36305.25" state="leave" vehID="Car_14684" speed="18.37" length="5.00" type="DEFAULT_CAR"/>
    <instantOut id="215_D31" time="36635.90" state="enter" vehID="Car_14695" speed="12.70" length="5.00" type="DEFAULT_CAR" gap="770.46"/>
    <instantOut id="215_D31" time="36636.00" state="stay" vehID="Car_14695" speed="12.70" length="5.00" type="DEFAULT_CAR"/>
    <instantOut id="215_D31" time="36636.25" state="stay" vehID="Car_14695" speed="12.80" length="5.00" type="DEFAULT_CAR"/>
    <instantOut id="215_D31" time="36636.25" state="leave" vehID="Car_14695" speed="12.80" length="5.00" type="DEFAULT_CAR"/>
    <instantOut id="215_D31" time="36719.75" state="enter" vehID="Car_14697" speed="19.11" length="5.00" type="DEFAULT_CAR" gap="854.32"/>
    <instantOut id="215_D31" time="36720.00" state="stay" vehID="Car_14697" speed="19.11" length="5.00" type="DEFAULT_CAR"/>
    <instantOut id="215_D31" time="36720.00" state="leave" vehID="Car_14697" speed="19.11" length="5.00" type="DEFAULT_CAR"/>
    <instantOut id="215_D31" time="36745.16" state="enter" vehID="Car_14700" speed="15.95" length="5.00" type="DEFAULT_CAR" gap="879.73"/>
    <instantOut id="215_D31" time="36745.25" state="stay" vehID="Car_14700" speed="15.95" length="5.00" type="DEFAULT_CAR"/>
    <instantOut id="215_D31" time="36745.47" state="leave" vehID="Car_14700" speed="16.18" length="5.00" type="DEFAULT_CAR" occupancy="0.31"/>
    <instantOut id="215_D31" time="36791.49" state="enter" vehID="Car_14701" speed="8.71" length="5.00" type="DEFAULT_CAR" gap="46.01"/>
    <instantOut id="215_D31" time="36791.50" state="stay" vehID="Car_14701" speed="8.71" length="5.00" type="DEFAULT_CAR"/>
    <instantOut id="215_D31" time="36791.75" state="stay" vehID="Car_14701" speed="8.39" length="5.00" type="DEFAULT_CAR"/>
    <instantOut id="215_D31" time="36792.00" state="stay" vehID="Car_14701" speed="8.84" length="5.00" type="DEFAULT_CAR"/>
    <instantOut id="215_D31" time="36792.00" state="leave" vehID="Car_14701" speed="8.84" length="5.00" type="DEFAULT_CAR"/>
    <instantOut id="215_D31" time="38142.06" state="enter" vehID="Car_14744" speed="11.93" length="5.00" type="DEFAULT_CAR" gap="1396.58"/>
    <instantOut id="215_D31" time="38142.25" state="stay" vehID="Car_14744" speed="11.93" length="5.00" type="DEFAULT_CAR"/>
    <instantOut id="215_D31" time="38142.48" state="leave" vehID="Car_14744" speed="11.82" length="5.00" type="DEFAULT_CAR" occupancy="0.42"/>
    <instantOut id="215_D31" time="41273.50" state="enter" vehID="Car_14804" speed="16.32" length="5.00" type="DEFAULT_CAR" gap="3131.02"/>
    <instantOut id="215_D31" time="41273.50" state="stay" vehID="Car_14804" speed="16.32" length="5.00" type="DEFAULT_CAR"/>
    <instantOut id="215_D31" time="41273.75" state="stay" vehID="Car_14804" speed="16.62" length="5.00" type="DEFAULT_CAR"/>
    <instantOut id="215_D31" time="41273.75" state="leave" vehID="Car_14804" speed="16.62" length="5.00" type="DEFAULT_CAR"/>
    <instantOut id="215_D31" time="41319.17" state="enter" vehID="Car_14805" speed="12.49" length="5.00" type="DEFAULT_CAR" gap="3176.69"/>
    <instantOut id="215_D31" time="41319.25" state="stay" vehID="Car_14805" speed="12.49" length="5.00" type="DEFAULT_CAR"/>
    <instantOut id="215_D31" time="41319.50" state="stay" vehID="Car_14805" speed="12.14" length="5.00" type="DEFAULT_CAR"/>
    <instantOut id="215_D31" time="41319.50" state="leave" vehID="Car_14805" speed="12.14" length="5.00" type="DEFAULT_CAR"/>
    <instantOut id="215_D31" time="41707.38" state="enter" vehID="Car_14813" speed="17.00" length="5.00" type="DEFAULT_CAR" gap="3564.91"/>
    <instantOut id="215_D31" time="41707.50" state="stay" vehID="Car_14813" speed="17.00" length="5.00" type="DEFAULT_CAR"/>
    <instantOut id="215_D31" time="41707.68" state="leave" vehID="Car_14813" speed="16.86" length="5.00" type="DEFAULT_CAR" occupancy="0.30"/>
    <instantOut id="215_D31" time="42533.02" state="enter" vehID="Car_14830" speed="9.13" length="5.00" type="DEFAULT_CAR" gap="825.34"/>
    <instantOut id="215_D31" time="42533.25" state="stay" vehID="Car_14830" speed="9.13" length="5.00" type="DEFAULT_CAR"/>
    <instantOut id="215_D31" time="42533.50" state="stay" vehID="Car_14830" speed="9.20" length="5.00" type="DEFAULT_CAR"/>
    <instantOut id="215_D31" time="42533.50" state="leave" vehID="Car_14830" speed="9.20" length="5.00" type="DEFAULT_CAR"/>
    <instantOut id="215_D31" time="42621.95" state="enter" vehID="Car_14832" speed="5.42" length="5.00" type="DEFAULT_CAR" gap="914.27"/>
    <instantOut id="215_D31" time="42622.00" state="stay" vehID="Car_14832" speed="5.42" length="5.00" type="DEFAULT_CAR"/>
    <instantOut id="215_D31" time="42622.25" state="stay" vehID="Car_14832" speed="5.49" length="5.00" type="DEFAULT_CAR"/>
    <instantOut id="215_D31" time="42622.50" state="stay" vehID="Car_14832" speed="5.39" length="5.00" type="DEFAULT_CAR"/>
    <instantOut id="215_D31" time="42622.50" state="leave" vehID="Car_14832" speed="5.39" length="5.00" type="DEFAULT_CAR"/>
    <instantOut id="215_D31" time="42858.68" state="enter" vehID="Car_14841" speed="13.44" length="5.00" type="DEFAULT_CAR" gap="1151.00"/>
    <instantOut id="215_D31" time="42858.75" state="stay" vehID="Car_14841" speed="13.44" length="5.00" type="DEFAULT_CAR"/>
    <instantOut id="215_D31" time="42859.00" state="stay" vehID="Car_14841" speed="13.27" length="5.00" type="DEFAULT_CAR"/>
    <instantOut id="215_D31" time="42859.00" state="leave" vehID="Car_14841" speed="13.27" length="5.00" type="DEFAULT_CAR"/>
    <instantOut id="215_D31" time="43531.17" state="enter" vehID="Car_14856" speed="14.85" length="5.00" type="DEFAULT_CAR" gap="1823.49"/>
    <instantOut id="215_D31" time="43531.25" state="stay" vehID="Car_14856" speed="14.85" length="5.00" type="DEFAULT_CAR"/>
    <instantOut id="215_D31" time="43531.50" state="stay" vehID="Car_14856" speed="14.65" length="5.00" type="DEFAULT_CAR"/>
    <instantOut id="215_D31" time="43531.50" state="leave" vehID="Car_14856" speed="14.65" length="5.00" type="DEFAULT_CAR"/>
</instantE1>
