<?xml version="1.0" encoding="UTF-8"?>

<!-- generated on 2025-02-28 15:00:31 by Eclipse SUMO GUI Version 1.19.0
<configuration xmlns:xsi="http://www.w3.org/2001/XMLSchema-instance" xsi:noNamespaceSchemaLocation="http://sumo.dlr.de/xsd/sumoConfiguration.xsd">

    <input>
        <net-file value="Network.net.xml"/>
        <route-files value="CarRoutes.rou.xml"/>
        <additional-files value="Sensors.add.xml"/>
    </input>

    <output>
        <emission-output value="logs/Emissions.xml"/>
        <summary-output value="logs/Log_summary.xml"/>
        <summary-output.period value="300"/>
        <tripinfo-output value="logs/TripInfos.xml"/>
    </output>

    <time>
        <begin value="0"/>
        <end value="86400"/>
        <step-length value="0.25"/>
    </time>

    <processing>
        <ignore-junction-blocker value="0.1"/>
        <time-to-teleport value="-1"/>
    </processing>

    <report>
        <verbose value="true"/>
        <no-step-log value="true"/>
    </report>

    <emissions>
        <device.emissions.period value="10"/>
    </emissions>

    <traci_server>
        <remote-port value="56090"/>
    </traci_server>

    <gui_only>
        <quit-on-end value="true"/>
        <start value="true"/>
    </gui_only>

</configuration>
-->

<instantE1 xmlns:xsi="http://www.w3.org/2001/XMLSchema-instance" xsi:noNamespaceSchemaLocation="http://sumo.dlr.de/xsd/instant_e1_file.xsd">
    <instantOut id="235_D11" time="524.94" state="enter" vehID="Car_77" speed="6.06" length="5.00" type="DEFAULT_CAR"/>
    <instantOut id="235_D11" time="525.00" state="stay" vehID="Car_77" speed="6.06" length="5.00" type="DEFAULT_CAR"/>
    <instantOut id="235_D11" time="525.25" state="stay" vehID="Car_77" speed="6.42" length="5.00" type="DEFAULT_CAR"/>
    <instantOut id="235_D11" time="525.50" state="stay" vehID="Car_77" speed="5.67" length="5.00" type="DEFAULT_CAR"/>
    <instantOut id="235_D11" time="525.75" state="stay" vehID="Car_77" speed="5.59" length="5.00" type="DEFAULT_CAR"/>
    <instantOut id="235_D11" time="525.79" state="leave" vehID="Car_77" speed="5.43" length="5.00" type="DEFAULT_CAR" occupancy="0.85"/>
    <instantOut id="235_D11" time="824.00" state="enter" vehID="Car_566" speed="4.32" length="5.00" type="DEFAULT_CAR" gap="298.21"/>
    <instantOut id="235_D11" time="824.00" state="stay" vehID="Car_566" speed="4.32" length="5.00" type="DEFAULT_CAR"/>
    <instantOut id="235_D11" time="824.25" state="stay" vehID="Car_566" speed="3.64" length="5.00" type="DEFAULT_CAR"/>
    <instantOut id="235_D11" time="824.50" state="stay" vehID="Car_566" speed="3.04" length="5.00" type="DEFAULT_CAR"/>
    <instantOut id="235_D11" time="824.75" state="stay" vehID="Car_566" speed="2.32" length="5.00" type="DEFAULT_CAR"/>
    <instantOut id="235_D11" time="825.00" state="stay" vehID="Car_566" speed="1.57" length="5.00" type="DEFAULT_CAR"/>
    <instantOut id="235_D11" time="825.25" state="stay" vehID="Car_566" speed="1.00" length="5.00" type="DEFAULT_CAR"/>
    <instantOut id="235_D11" time="825.50" state="stay" vehID="Car_566" speed="0.29" length="5.00" type="DEFAULT_CAR"/>
    <instantOut id="235_D11" time="825.75" state="stay" vehID="Car_566" speed="0.02" length="5.00" type="DEFAULT_CAR"/>
    <instantOut id="235_D11" time="826.00" state="stay" vehID="Car_566" speed="0.87" length="5.00" type="DEFAULT_CAR"/>
    <instantOut id="235_D11" time="826.25" state="stay" vehID="Car_566" speed="1.73" length="5.00" type="DEFAULT_CAR"/>
    <instantOut id="235_D11" time="826.50" state="stay" vehID="Car_566" speed="2.51" length="5.00" type="DEFAULT_CAR"/>
    <instantOut id="235_D11" time="826.73" state="leave" vehID="Car_566" speed="3.24" length="5.00" type="DEFAULT_CAR" occupancy="2.73"/>
    <instantOut id="235_D11" time="957.97" state="enter" vehID="Car_567" speed="4.49" length="5.00" type="DEFAULT_CAR" gap="131.24"/>
    <instantOut id="235_D11" time="958.00" state="stay" vehID="Car_567" speed="4.49" length="5.00" type="DEFAULT_CAR"/>
    <instantOut id="235_D11" time="958.25" state="stay" vehID="Car_567" speed="3.74" length="5.00" type="DEFAULT_CAR"/>
    <instantOut id="235_D11" time="958.50" state="stay" vehID="Car_567" speed="2.99" length="5.00" type="DEFAULT_CAR"/>
    <instantOut id="235_D11" time="958.75" state="stay" vehID="Car_567" speed="2.24" length="5.00" type="DEFAULT_CAR"/>
    <instantOut id="235_D11" time="959.00" state="stay" vehID="Car_567" speed="1.49" length="5.00" type="DEFAULT_CAR"/>
    <instantOut id="235_D11" time="959.25" state="stay" vehID="Car_567" speed="0.78" length="5.00" type="DEFAULT_CAR"/>
    <instantOut id="235_D11" time="959.50" state="stay" vehID="Car_567" speed="0.14" length="5.00" type="DEFAULT_CAR"/>
    <instantOut id="235_D11" time="959.75" state="stay" vehID="Car_567" speed="0.00" length="5.00" type="DEFAULT_CAR"/>
    <instantOut id="235_D11" time="960.00" state="stay" vehID="Car_567" speed="0.00" length="5.00" type="DEFAULT_CAR"/>
    <instantOut id="235_D11" time="960.25" state="stay" vehID="Car_567" speed="0.00" length="5.00" type="DEFAULT_CAR"/>
    <instantOut id="235_D11" time="960.50" state="stay" vehID="Car_567" speed="0.00" length="5.00" type="DEFAULT_CAR"/>
    <instantOut id="235_D11" time="960.75" state="stay" vehID="Car_567" speed="0.00" length="5.00" type="DEFAULT_CAR"/>
    <instantOut id="235_D11" time="961.00" state="stay" vehID="Car_567" speed="0.00" length="5.00" type="DEFAULT_CAR"/>
    <instantOut id="235_D11" time="961.25" state="stay" vehID="Car_567" speed="0.00" length="5.00" type="DEFAULT_CAR"/>
    <instantOut id="235_D11" time="961.50" state="stay" vehID="Car_567" speed="0.00" length="5.00" type="DEFAULT_CAR"/>
    <instantOut id="235_D11" time="961.75" state="stay" vehID="Car_567" speed="0.00" length="5.00" type="DEFAULT_CAR"/>
    <instantOut id="235_D11" time="962.00" state="stay" vehID="Car_567" speed="0.00" length="5.00" type="DEFAULT_CAR"/>
    <instantOut id="235_D11" time="962.25" state="stay" vehID="Car_567" speed="0.00" length="5.00" type="DEFAULT_CAR"/>
    <instantOut id="235_D11" time="962.50" state="stay" vehID="Car_567" speed="0.00" length="5.00" type="DEFAULT_CAR"/>
    <instantOut id="235_D11" time="962.75" state="stay" vehID="Car_567" speed="0.00" length="5.00" type="DEFAULT_CAR"/>
    <instantOut id="235_D11" time="963.00" state="stay" vehID="Car_567" speed="0.00" length="5.00" type="DEFAULT_CAR"/>
    <instantOut id="235_D11" time="963.25" state="stay" vehID="Car_567" speed="0.00" length="5.00" type="DEFAULT_CAR"/>
    <instantOut id="235_D11" time="963.50" state="stay" vehID="Car_567" speed="0.00" length="5.00" type="DEFAULT_CAR"/>
    <instantOut id="235_D11" time="963.75" state="stay" vehID="Car_567" speed="0.00" length="5.00" type="DEFAULT_CAR"/>
    <instantOut id="235_D11" time="964.00" state="stay" vehID="Car_567" speed="0.00" length="5.00" type="DEFAULT_CAR"/>
    <instantOut id="235_D11" time="964.25" state="stay" vehID="Car_567" speed="0.00" length="5.00" type="DEFAULT_CAR"/>
    <instantOut id="235_D11" time="964.50" state="stay" vehID="Car_567" speed="0.84" length="5.00" type="DEFAULT_CAR"/>
    <instantOut id="235_D11" time="964.75" state="stay" vehID="Car_567" speed="1.77" length="5.00" type="DEFAULT_CAR"/>
    <instantOut id="235_D11" time="965.00" state="stay" vehID="Car_567" speed="2.47" length="5.00" type="DEFAULT_CAR"/>
    <instantOut id="235_D11" time="965.24" state="leave" vehID="Car_567" speed="3.15" length="5.00" type="DEFAULT_CAR" occupancy="7.27"/>
    <instantOut id="235_D11" time="2627.93" state="enter" vehID="Car_1817" speed="4.05" length="5.00" type="DEFAULT_CAR" gap="1662.69"/>
    <instantOut id="235_D11" time="2628.00" state="stay" vehID="Car_1817" speed="4.05" length="5.00" type="DEFAULT_CAR"/>
    <instantOut id="235_D11" time="2628.25" state="stay" vehID="Car_1817" speed="3.59" length="5.00" type="DEFAULT_CAR"/>
    <instantOut id="235_D11" time="2628.50" state="stay" vehID="Car_1817" speed="2.84" length="5.00" type="DEFAULT_CAR"/>
    <instantOut id="235_D11" time="2628.75" state="stay" vehID="Car_1817" speed="2.15" length="5.00" type="DEFAULT_CAR"/>
    <instantOut id="235_D11" time="2629.00" state="stay" vehID="Car_1817" speed="1.43" length="5.00" type="DEFAULT_CAR"/>
    <instantOut id="235_D11" time="2629.25" state="stay" vehID="Car_1817" speed="0.68" length="5.00" type="DEFAULT_CAR"/>
    <instantOut id="235_D11" time="2629.50" state="stay" vehID="Car_1817" speed="0.03" length="5.00" type="DEFAULT_CAR"/>
    <instantOut id="235_D11" time="2629.75" state="stay" vehID="Car_1817" speed="0.00" length="5.00" type="DEFAULT_CAR"/>
    <instantOut id="235_D11" time="2630.00" state="stay" vehID="Car_1817" speed="0.00" length="5.00" type="DEFAULT_CAR"/>
    <instantOut id="235_D11" time="2630.25" state="stay" vehID="Car_1817" speed="0.85" length="5.00" type="DEFAULT_CAR"/>
    <instantOut id="235_D11" time="2630.50" state="stay" vehID="Car_1817" speed="1.58" length="5.00" type="DEFAULT_CAR"/>
    <instantOut id="235_D11" time="2630.75" state="stay" vehID="Car_1817" speed="2.25" length="5.00" type="DEFAULT_CAR"/>
    <instantOut id="235_D11" time="2631.00" state="stay" vehID="Car_1817" speed="2.88" length="5.00" type="DEFAULT_CAR"/>
    <instantOut id="235_D11" time="2631.03" state="leave" vehID="Car_1817" speed="3.76" length="5.00" type="DEFAULT_CAR" occupancy="3.11"/>
    <instantOut id="235_D11" time="9769.92" state="enter" vehID="Car_5763" speed="5.86" length="5.00" type="DEFAULT_CAR" gap="7138.88"/>
    <instantOut id="235_D11" time="9770.00" state="stay" vehID="Car_5763" speed="5.86" length="5.00" type="DEFAULT_CAR"/>
    <instantOut id="235_D11" time="9770.25" state="stay" vehID="Car_5763" speed="6.81" length="5.00" type="DEFAULT_CAR"/>
    <instantOut id="235_D11" time="9770.50" state="stay" vehID="Car_5763" speed="7.61" length="5.00" type="DEFAULT_CAR"/>
    <instantOut id="235_D11" time="9770.61" state="leave" vehID="Car_5763" speed="8.15" length="5.00" type="DEFAULT_CAR" occupancy="0.69"/>
    <instantOut id="235_D11" time="10247.98" state="enter" vehID="Car_5762" speed="4.47" length="5.00" type="DEFAULT_CAR" gap="477.37"/>
    <instantOut id="235_D11" time="10248.00" state="stay" vehID="Car_5762" speed="4.47" length="5.00" type="DEFAULT_CAR"/>
    <instantOut id="235_D11" time="10248.25" state="stay" vehID="Car_5762" speed="3.79" length="5.00" type="DEFAULT_CAR"/>
    <instantOut id="235_D11" time="10248.50" state="stay" vehID="Car_5762" speed="3.04" length="5.00" type="DEFAULT_CAR"/>
    <instantOut id="235_D11" time="10248.75" state="stay" vehID="Car_5762" speed="2.29" length="5.00" type="DEFAULT_CAR"/>
    <instantOut id="235_D11" time="10249.00" state="stay" vehID="Car_5762" speed="1.54" length="5.00" type="DEFAULT_CAR"/>
    <instantOut id="235_D11" time="10249.25" state="stay" vehID="Car_5762" speed="0.86" length="5.00" type="DEFAULT_CAR"/>
    <instantOut id="235_D11" time="10249.50" state="stay" vehID="Car_5762" speed="0.11" length="5.00" type="DEFAULT_CAR"/>
    <instantOut id="235_D11" time="10249.75" state="stay" vehID="Car_5762" speed="0.00" length="5.00" type="DEFAULT_CAR"/>
    <instantOut id="235_D11" time="10250.00" state="stay" vehID="Car_5762" speed="0.00" length="5.00" type="DEFAULT_CAR"/>
    <instantOut id="235_D11" time="10250.25" state="stay" vehID="Car_5762" speed="0.00" length="5.00" type="DEFAULT_CAR"/>
    <instantOut id="235_D11" time="10250.50" state="stay" vehID="Car_5762" speed="0.90" length="5.00" type="DEFAULT_CAR"/>
    <instantOut id="235_D11" time="10250.75" state="stay" vehID="Car_5762" speed="1.81" length="5.00" type="DEFAULT_CAR"/>
    <instantOut id="235_D11" time="10251.00" state="stay" vehID="Car_5762" speed="2.42" length="5.00" type="DEFAULT_CAR"/>
    <instantOut id="235_D11" time="10251.23" state="leave" vehID="Car_5762" speed="3.18" length="5.00" type="DEFAULT_CAR" occupancy="3.25"/>
    <instantOut id="235_D11" time="10358.95" state="enter" vehID="Car_5418" speed="4.44" length="5.00" type="DEFAULT_CAR" gap="107.72"/>
    <instantOut id="235_D11" time="10359.00" state="stay" vehID="Car_5418" speed="4.44" length="5.00" type="DEFAULT_CAR"/>
    <instantOut id="235_D11" time="10359.25" state="stay" vehID="Car_5418" speed="3.69" length="5.00" type="DEFAULT_CAR"/>
    <instantOut id="235_D11" time="10359.50" state="stay" vehID="Car_5418" speed="2.94" length="5.00" type="DEFAULT_CAR"/>
    <instantOut id="235_D11" time="10359.75" state="stay" vehID="Car_5418" speed="2.19" length="5.00" type="DEFAULT_CAR"/>
    <instantOut id="235_D11" time="10360.00" state="stay" vehID="Car_5418" speed="1.44" length="5.00" type="DEFAULT_CAR"/>
    <instantOut id="235_D11" time="10360.25" state="stay" vehID="Car_5418" speed="0.71" length="5.00" type="DEFAULT_CAR"/>
    <instantOut id="235_D11" time="10360.50" state="stay" vehID="Car_5418" speed="1.11" length="5.00" type="DEFAULT_CAR"/>
    <instantOut id="235_D11" time="10360.75" state="stay" vehID="Car_5418" speed="1.50" length="5.00" type="DEFAULT_CAR"/>
    <instantOut id="235_D11" time="10361.00" state="stay" vehID="Car_5418" speed="1.98" length="5.00" type="DEFAULT_CAR"/>
    <instantOut id="235_D11" time="10361.25" state="stay" vehID="Car_5418" speed="2.34" length="5.00" type="DEFAULT_CAR"/>
    <instantOut id="235_D11" time="10361.36" state="leave" vehID="Car_5418" speed="2.77" length="5.00" type="DEFAULT_CAR" occupancy="2.41"/>
    <instantOut id="235_D11" time="10523.92" state="enter" vehID="Car_5895" speed="6.19" length="5.00" type="DEFAULT_CAR" gap="162.57"/>
    <instantOut id="235_D11" time="10524.00" state="stay" vehID="Car_5895" speed="6.19" length="5.00" type="DEFAULT_CAR"/>
    <instantOut id="235_D11" time="10524.25" state="stay" vehID="Car_5895" speed="7.14" length="5.00" type="DEFAULT_CAR"/>
    <instantOut id="235_D11" time="10524.50" state="stay" vehID="Car_5895" speed="7.81" length="5.00" type="DEFAULT_CAR"/>
    <instantOut id="235_D11" time="10524.60" state="leave" vehID="Car_5895" speed="7.74" length="5.00" type="DEFAULT_CAR" occupancy="0.68"/>
    <instantOut id="235_D11" time="10662.91" state="enter" vehID="Car_6187" speed="4.07" length="5.00" type="DEFAULT_CAR" gap="138.31"/>
    <instantOut id="235_D11" time="10663.00" state="stay" vehID="Car_6187" speed="4.07" length="5.00" type="DEFAULT_CAR"/>
    <instantOut id="235_D11" time="10663.25" state="stay" vehID="Car_6187" speed="3.50" length="5.00" type="DEFAULT_CAR"/>
    <instantOut id="235_D11" time="10663.50" state="stay" vehID="Car_6187" speed="2.75" length="5.00" type="DEFAULT_CAR"/>
    <instantOut id="235_D11" time="10663.75" state="stay" vehID="Car_6187" speed="2.00" length="5.00" type="DEFAULT_CAR"/>
    <instantOut id="235_D11" time="10664.00" state="stay" vehID="Car_6187" speed="1.34" length="5.00" type="DEFAULT_CAR"/>
    <instantOut id="235_D11" time="10664.25" state="stay" vehID="Car_6187" speed="0.75" length="5.00" type="DEFAULT_CAR"/>
    <instantOut id="235_D11" time="10664.50" state="stay" vehID="Car_6187" speed="0.10" length="5.00" type="DEFAULT_CAR"/>
    <instantOut id="235_D11" time="10664.75" state="stay" vehID="Car_6187" speed="0.01" length="5.00" type="DEFAULT_CAR"/>
    <instantOut id="235_D11" time="10665.00" state="stay" vehID="Car_6187" speed="0.00" length="5.00" type="DEFAULT_CAR"/>
    <instantOut id="235_D11" time="10665.25" state="stay" vehID="Car_6187" speed="0.00" length="5.00" type="DEFAULT_CAR"/>
    <instantOut id="235_D11" time="10665.50" state="stay" vehID="Car_6187" speed="0.00" length="5.00" type="DEFAULT_CAR"/>
    <instantOut id="235_D11" time="10665.75" state="stay" vehID="Car_6187" speed="0.00" length="5.00" type="DEFAULT_CAR"/>
    <instantOut id="235_D11" time="10666.00" state="stay" vehID="Car_6187" speed="0.00" length="5.00" type="DEFAULT_CAR"/>
    <instantOut id="235_D11" time="10666.25" state="stay" vehID="Car_6187" speed="0.00" length="5.00" type="DEFAULT_CAR"/>
    <instantOut id="235_D11" time="10666.50" state="stay" vehID="Car_6187" speed="0.00" length="5.00" type="DEFAULT_CAR"/>
    <instantOut id="235_D11" time="10666.75" state="stay" vehID="Car_6187" speed="0.00" length="5.00" type="DEFAULT_CAR"/>
    <instantOut id="235_D11" time="10667.00" state="stay" vehID="Car_6187" speed="0.00" length="5.00" type="DEFAULT_CAR"/>
    <instantOut id="235_D11" time="10667.25" state="stay" vehID="Car_6187" speed="0.00" length="5.00" type="DEFAULT_CAR"/>
    <instantOut id="235_D11" time="10667.50" state="stay" vehID="Car_6187" speed="0.00" length="5.00" type="DEFAULT_CAR"/>
    <instantOut id="235_D11" time="10667.75" state="stay" vehID="Car_6187" speed="0.00" length="5.00" type="DEFAULT_CAR"/>
    <instantOut id="235_D11" time="10668.00" state="stay" vehID="Car_6187" speed="0.00" length="5.00" type="DEFAULT_CAR"/>
    <instantOut id="235_D11" time="10668.25" state="stay" vehID="Car_6187" speed="0.00" length="5.00" type="DEFAULT_CAR"/>
    <instantOut id="235_D11" time="10668.50" state="stay" vehID="Car_6187" speed="0.00" length="5.00" type="DEFAULT_CAR"/>
    <instantOut id="235_D11" time="10668.75" state="stay" vehID="Car_6187" speed="0.00" length="5.00" type="DEFAULT_CAR"/>
    <instantOut id="235_D11" time="10669.00" state="stay" vehID="Car_6187" speed="0.00" length="5.00" type="DEFAULT_CAR"/>
    <instantOut id="235_D11" time="10669.25" state="stay" vehID="Car_6187" speed="0.00" length="5.00" type="DEFAULT_CAR"/>
    <instantOut id="235_D11" time="10669.50" state="stay" vehID="Car_6187" speed="0.00" length="5.00" type="DEFAULT_CAR"/>
    <instantOut id="235_D11" time="10669.75" state="stay" vehID="Car_6187" speed="0.00" length="5.00" type="DEFAULT_CAR"/>
    <instantOut id="235_D11" time="10670.00" state="stay" vehID="Car_6187" speed="0.00" length="5.00" type="DEFAULT_CAR"/>
    <instantOut id="235_D11" time="10670.25" state="stay" vehID="Car_6187" speed="0.00" length="5.00" type="DEFAULT_CAR"/>
    <instantOut id="235_D11" time="10670.50" state="stay" vehID="Car_6187" speed="0.00" length="5.00" type="DEFAULT_CAR"/>
    <instantOut id="235_D11" time="10670.75" state="stay" vehID="Car_6187" speed="0.00" length="5.00" type="DEFAULT_CAR"/>
    <instantOut id="235_D11" time="10671.00" state="stay" vehID="Car_6187" speed="0.00" length="5.00" type="DEFAULT_CAR"/>
    <instantOut id="235_D11" time="10671.25" state="stay" vehID="Car_6187" speed="0.00" length="5.00" type="DEFAULT_CAR"/>
    <instantOut id="235_D11" time="10671.50" state="stay" vehID="Car_6187" speed="0.00" length="5.00" type="DEFAULT_CAR"/>
    <instantOut id="235_D11" time="10671.75" state="stay" vehID="Car_6187" speed="0.00" length="5.00" type="DEFAULT_CAR"/>
    <instantOut id="235_D11" time="10672.00" state="stay" vehID="Car_6187" speed="0.00" length="5.00" type="DEFAULT_CAR"/>
    <instantOut id="235_D11" time="10672.25" state="stay" vehID="Car_6187" speed="0.00" length="5.00" type="DEFAULT_CAR"/>
    <instantOut id="235_D11" time="10672.50" state="stay" vehID="Car_6187" speed="0.00" length="5.00" type="DEFAULT_CAR"/>
    <instantOut id="235_D11" time="10672.75" state="stay" vehID="Car_6187" speed="0.00" length="5.00" type="DEFAULT_CAR"/>
    <instantOut id="235_D11" time="10673.00" state="stay" vehID="Car_6187" speed="0.00" length="5.00" type="DEFAULT_CAR"/>
    <instantOut id="235_D11" time="10673.25" state="stay" vehID="Car_6187" speed="0.00" length="5.00" type="DEFAULT_CAR"/>
    <instantOut id="235_D11" time="10673.50" state="stay" vehID="Car_6187" speed="0.00" length="5.00" type="DEFAULT_CAR"/>
    <instantOut id="235_D11" time="10673.75" state="stay" vehID="Car_6187" speed="0.00" length="5.00" type="DEFAULT_CAR"/>
    <instantOut id="235_D11" time="10674.00" state="stay" vehID="Car_6187" speed="0.00" length="5.00" type="DEFAULT_CAR"/>
    <instantOut id="235_D11" time="10674.25" state="stay" vehID="Car_6187" speed="0.00" length="5.00" type="DEFAULT_CAR"/>
    <instantOut id="235_D11" time="10674.50" state="stay" vehID="Car_6187" speed="0.00" length="5.00" type="DEFAULT_CAR"/>
    <instantOut id="235_D11" time="10674.75" state="stay" vehID="Car_6187" speed="0.00" length="5.00" type="DEFAULT_CAR"/>
    <instantOut id="235_D11" time="10675.00" state="stay" vehID="Car_6187" speed="0.00" length="5.00" type="DEFAULT_CAR"/>
    <instantOut id="235_D11" time="10675.25" state="stay" vehID="Car_6187" speed="0.00" length="5.00" type="DEFAULT_CAR"/>
    <instantOut id="235_D11" time="10675.50" state="stay" vehID="Car_6187" speed="0.00" length="5.00" type="DEFAULT_CAR"/>
    <instantOut id="235_D11" time="10675.75" state="stay" vehID="Car_6187" speed="0.00" length="5.00" type="DEFAULT_CAR"/>
    <instantOut id="235_D11" time="10676.00" state="stay" vehID="Car_6187" speed="0.00" length="5.00" type="DEFAULT_CAR"/>
    <instantOut id="235_D11" time="10676.25" state="stay" vehID="Car_6187" speed="0.00" length="5.00" type="DEFAULT_CAR"/>
    <instantOut id="235_D11" time="10676.50" state="stay" vehID="Car_6187" speed="0.00" length="5.00" type="DEFAULT_CAR"/>
    <instantOut id="235_D11" time="10676.75" state="stay" vehID="Car_6187" speed="0.00" length="5.00" type="DEFAULT_CAR"/>
    <instantOut id="235_D11" time="10677.00" state="stay" vehID="Car_6187" speed="0.00" length="5.00" type="DEFAULT_CAR"/>
    <instantOut id="235_D11" time="10677.25" state="stay" vehID="Car_6187" speed="0.00" length="5.00" type="DEFAULT_CAR"/>
    <instantOut id="235_D11" time="10677.50" state="stay" vehID="Car_6187" speed="0.00" length="5.00" type="DEFAULT_CAR"/>
    <instantOut id="235_D11" time="10677.75" state="stay" vehID="Car_6187" speed="0.00" length="5.00" type="DEFAULT_CAR"/>
    <instantOut id="235_D11" time="10678.00" state="stay" vehID="Car_6187" speed="0.91" length="5.00" type="DEFAULT_CAR"/>
    <instantOut id="235_D11" time="10678.25" state="stay" vehID="Car_6187" speed="1.82" length="5.00" type="DEFAULT_CAR"/>
    <instantOut id="235_D11" time="10678.50" state="stay" vehID="Car_6187" speed="2.66" length="5.00" type="DEFAULT_CAR"/>
    <instantOut id="235_D11" time="10678.70" state="leave" vehID="Car_6187" speed="3.33" length="5.00" type="DEFAULT_CAR" occupancy="15.79"/>
    <instantOut id="235_D11" time="10699.06" state="enter" vehID="Car_6188" speed="5.36" length="5.00" type="DEFAULT_CAR" gap="20.36"/>
    <instantOut id="235_D11" time="10699.25" state="stay" vehID="Car_6188" speed="5.36" length="5.00" type="DEFAULT_CAR"/>
    <instantOut id="235_D11" time="10699.50" state="stay" vehID="Car_6188" speed="5.70" length="5.00" type="DEFAULT_CAR"/>
    <instantOut id="235_D11" time="10699.75" state="stay" vehID="Car_6188" speed="4.95" length="5.00" type="DEFAULT_CAR"/>
    <instantOut id="235_D11" time="10700.00" state="stay" vehID="Car_6188" speed="4.53" length="5.00" type="DEFAULT_CAR"/>
    <instantOut id="235_D11" time="10700.04" state="leave" vehID="Car_6188" speed="4.59" length="5.00" type="DEFAULT_CAR" occupancy="0.98"/>
    <instantOut id="235_D11" time="11641.99" state="enter" vehID="Car_6433" speed="4.51" length="5.00" type="DEFAULT_CAR" gap="941.95"/>
    <instantOut id="235_D11" time="11642.00" state="stay" vehID="Car_6433" speed="4.51" length="5.00" type="DEFAULT_CAR"/>
    <instantOut id="235_D11" time="11642.25" state="stay" vehID="Car_6433" speed="3.76" length="5.00" type="DEFAULT_CAR"/>
    <instantOut id="235_D11" time="11642.50" state="stay" vehID="Car_6433" speed="3.01" length="5.00" type="DEFAULT_CAR"/>
    <instantOut id="235_D11" time="11642.75" state="stay" vehID="Car_6433" speed="2.28" length="5.00" type="DEFAULT_CAR"/>
    <instantOut id="235_D11" time="11643.00" state="stay" vehID="Car_6433" speed="1.58" length="5.00" type="DEFAULT_CAR"/>
    <instantOut id="235_D11" time="11643.25" state="stay" vehID="Car_6433" speed="0.88" length="5.00" type="DEFAULT_CAR"/>
    <instantOut id="235_D11" time="11643.50" state="stay" vehID="Car_6433" speed="0.17" length="5.00" type="DEFAULT_CAR"/>
    <instantOut id="235_D11" time="11643.75" state="stay" vehID="Car_6433" speed="0.01" length="5.00" type="DEFAULT_CAR"/>
    <instantOut id="235_D11" time="11644.00" state="stay" vehID="Car_6433" speed="0.00" length="5.00" type="DEFAULT_CAR"/>
    <instantOut id="235_D11" time="11644.25" state="stay" vehID="Car_6433" speed="0.00" length="5.00" type="DEFAULT_CAR"/>
    <instantOut id="235_D11" time="11644.50" state="stay" vehID="Car_6433" speed="0.00" length="5.00" type="DEFAULT_CAR"/>
    <instantOut id="235_D11" time="11644.75" state="stay" vehID="Car_6433" speed="0.00" length="5.00" type="DEFAULT_CAR"/>
    <instantOut id="235_D11" time="11645.00" state="stay" vehID="Car_6433" speed="0.00" length="5.00" type="DEFAULT_CAR"/>
    <instantOut id="235_D11" time="11645.25" state="stay" vehID="Car_6433" speed="0.00" length="5.00" type="DEFAULT_CAR"/>
    <instantOut id="235_D11" time="11645.50" state="stay" vehID="Car_6433" speed="0.00" length="5.00" type="DEFAULT_CAR"/>
    <instantOut id="235_D11" time="11645.75" state="stay" vehID="Car_6433" speed="0.00" length="5.00" type="DEFAULT_CAR"/>
    <instantOut id="235_D11" time="11646.00" state="stay" vehID="Car_6433" speed="0.00" length="5.00" type="DEFAULT_CAR"/>
    <instantOut id="235_D11" time="11646.25" state="stay" vehID="Car_6433" speed="0.00" length="5.00" type="DEFAULT_CAR"/>
    <instantOut id="235_D11" time="11646.50" state="stay" vehID="Car_6433" speed="0.00" length="5.00" type="DEFAULT_CAR"/>
    <instantOut id="235_D11" time="11646.75" state="stay" vehID="Car_6433" speed="0.00" length="5.00" type="DEFAULT_CAR"/>
    <instantOut id="235_D11" time="11647.00" state="stay" vehID="Car_6433" speed="0.00" length="5.00" type="DEFAULT_CAR"/>
    <instantOut id="235_D11" time="11647.25" state="stay" vehID="Car_6433" speed="0.00" length="5.00" type="DEFAULT_CAR"/>
    <instantOut id="235_D11" time="11647.50" state="stay" vehID="Car_6433" speed="0.00" length="5.00" type="DEFAULT_CAR"/>
    <instantOut id="235_D11" time="11647.75" state="stay" vehID="Car_6433" speed="0.00" length="5.00" type="DEFAULT_CAR"/>
    <instantOut id="235_D11" time="11648.00" state="stay" vehID="Car_6433" speed="0.00" length="5.00" type="DEFAULT_CAR"/>
    <instantOut id="235_D11" time="11648.25" state="stay" vehID="Car_6433" speed="0.00" length="5.00" type="DEFAULT_CAR"/>
    <instantOut id="235_D11" time="11648.50" state="stay" vehID="Car_6433" speed="0.00" length="5.00" type="DEFAULT_CAR"/>
    <instantOut id="235_D11" time="11648.75" state="stay" vehID="Car_6433" speed="0.00" length="5.00" type="DEFAULT_CAR"/>
    <instantOut id="235_D11" time="11649.00" state="stay" vehID="Car_6433" speed="0.00" length="5.00" type="DEFAULT_CAR"/>
    <instantOut id="235_D11" time="11649.25" state="stay" vehID="Car_6433" speed="0.00" length="5.00" type="DEFAULT_CAR"/>
    <instantOut id="235_D11" time="11649.50" state="stay" vehID="Car_6433" speed="0.00" length="5.00" type="DEFAULT_CAR"/>
    <instantOut id="235_D11" time="11649.75" state="stay" vehID="Car_6433" speed="0.00" length="5.00" type="DEFAULT_CAR"/>
    <instantOut id="235_D11" time="11650.00" state="stay" vehID="Car_6433" speed="0.00" length="5.00" type="DEFAULT_CAR"/>
    <instantOut id="235_D11" time="11650.25" state="stay" vehID="Car_6433" speed="0.00" length="5.00" type="DEFAULT_CAR"/>
    <instantOut id="235_D11" time="11650.50" state="stay" vehID="Car_6433" speed="0.84" length="5.00" type="DEFAULT_CAR"/>
    <instantOut id="235_D11" time="11650.75" state="stay" vehID="Car_6433" speed="1.75" length="5.00" type="DEFAULT_CAR"/>
    <instantOut id="235_D11" time="11651.00" state="stay" vehID="Car_6433" speed="2.41" length="5.00" type="DEFAULT_CAR"/>
    <instantOut id="235_D11" time="11651.25" state="stay" vehID="Car_6433" speed="3.06" length="5.00" type="DEFAULT_CAR"/>
    <instantOut id="235_D11" time="11651.25" state="leave" vehID="Car_6433" speed="3.86" length="5.00" type="DEFAULT_CAR" occupancy="9.26"/>
    <instantOut id="235_D11" time="11921.89" state="enter" vehID="Car_6432" speed="6.15" length="5.00" type="DEFAULT_CAR" gap="270.64"/>
    <instantOut id="235_D11" time="11922.00" state="stay" vehID="Car_6432" speed="6.15" length="5.00" type="DEFAULT_CAR"/>
    <instantOut id="235_D11" time="11922.25" state="stay" vehID="Car_6432" speed="7.10" length="5.00" type="DEFAULT_CAR"/>
    <instantOut id="235_D11" time="11922.50" state="stay" vehID="Car_6432" speed="7.86" length="5.00" type="DEFAULT_CAR"/>
    <instantOut id="235_D11" time="11922.57" state="leave" vehID="Car_6432" speed="8.49" length="5.00" type="DEFAULT_CAR" occupancy="0.68"/>
    <instantOut id="235_D11" time="13601.88" state="enter" vehID="Car_7712" speed="5.92" length="5.00" type="DEFAULT_CAR" gap="1679.31"/>
    <instantOut id="235_D11" time="13602.00" state="stay" vehID="Car_7712" speed="5.92" length="5.00" type="DEFAULT_CAR"/>
    <instantOut id="235_D11" time="13602.25" state="stay" vehID="Car_7712" speed="6.87" length="5.00" type="DEFAULT_CAR"/>
    <instantOut id="235_D11" time="13602.50" state="stay" vehID="Car_7712" speed="7.37" length="5.00" type="DEFAULT_CAR"/>
    <instantOut id="235_D11" time="13602.60" state="leave" vehID="Car_7712" speed="7.92" length="5.00" type="DEFAULT_CAR" occupancy="0.71"/>
    <instantOut id="235_D11" time="13802.91" state="enter" vehID="Car_7702" speed="5.97" length="5.00" type="DEFAULT_CAR" gap="200.31"/>
    <instantOut id="235_D11" time="13803.00" state="stay" vehID="Car_7702" speed="5.97" length="5.00" type="DEFAULT_CAR"/>
    <instantOut id="235_D11" time="13803.25" state="stay" vehID="Car_7702" speed="6.92" length="5.00" type="DEFAULT_CAR"/>
    <instantOut id="235_D11" time="13803.50" state="stay" vehID="Car_7702" speed="7.31" length="5.00" type="DEFAULT_CAR"/>
    <instantOut id="235_D11" time="13803.63" state="leave" vehID="Car_7702" speed="6.99" length="5.00" type="DEFAULT_CAR" occupancy="0.72"/>
    <instantOut id="235_D11" time="14012.94" state="enter" vehID="Car_7701" speed="6.04" length="5.00" type="DEFAULT_CAR" gap="209.31"/>
    <instantOut id="235_D11" time="14013.00" state="stay" vehID="Car_7701" speed="6.04" length="5.00" type="DEFAULT_CAR"/>
    <instantOut id="235_D11" time="14013.25" state="stay" vehID="Car_7701" speed="6.99" length="5.00" type="DEFAULT_CAR"/>
    <instantOut id="235_D11" time="14013.50" state="stay" vehID="Car_7701" speed="6.77" length="5.00" type="DEFAULT_CAR"/>
    <instantOut id="235_D11" time="14013.67" state="leave" vehID="Car_7701" speed="6.85" length="5.00" type="DEFAULT_CAR" occupancy="0.73"/>
    <instantOut id="235_D11" time="15168.87" state="enter" vehID="Car_8779" speed="5.99" length="5.00" type="DEFAULT_CAR" gap="1155.20"/>
    <instantOut id="235_D11" time="15169.00" state="stay" vehID="Car_8779" speed="5.99" length="5.00" type="DEFAULT_CAR"/>
    <instantOut id="235_D11" time="15169.25" state="stay" vehID="Car_8779" speed="6.94" length="5.00" type="DEFAULT_CAR"/>
    <instantOut id="235_D11" time="15169.50" state="stay" vehID="Car_8779" speed="7.69" length="5.00" type="DEFAULT_CAR"/>
    <instantOut id="235_D11" time="15169.58" state="leave" vehID="Car_8779" speed="7.53" length="5.00" type="DEFAULT_CAR" occupancy="0.70"/>
    <instantOut id="235_D11" time="18068.00" state="enter" vehID="Car_10459" speed="4.56" length="5.00" type="DEFAULT_CAR" gap="2898.42"/>
    <instantOut id="235_D11" time="18068.00" state="stay" vehID="Car_10459" speed="4.56" length="5.00" type="DEFAULT_CAR"/>
    <instantOut id="235_D11" time="18068.25" state="stay" vehID="Car_10459" speed="3.82" length="5.00" type="DEFAULT_CAR"/>
    <instantOut id="235_D11" time="18068.50" state="stay" vehID="Car_10459" speed="3.07" length="5.00" type="DEFAULT_CAR"/>
    <instantOut id="235_D11" time="18068.75" state="stay" vehID="Car_10459" speed="2.32" length="5.00" type="DEFAULT_CAR"/>
    <instantOut id="235_D11" time="18069.00" state="stay" vehID="Car_10459" speed="1.57" length="5.00" type="DEFAULT_CAR"/>
    <instantOut id="235_D11" time="18069.25" state="stay" vehID="Car_10459" speed="0.95" length="5.00" type="DEFAULT_CAR"/>
    <instantOut id="235_D11" time="18069.50" state="stay" vehID="Car_10459" speed="0.20" length="5.00" type="DEFAULT_CAR"/>
    <instantOut id="235_D11" time="18069.75" state="stay" vehID="Car_10459" speed="1.14" length="5.00" type="DEFAULT_CAR"/>
    <instantOut id="235_D11" time="18070.00" state="stay" vehID="Car_10459" speed="2.08" length="5.00" type="DEFAULT_CAR"/>
    <instantOut id="235_D11" time="18070.25" state="stay" vehID="Car_10459" speed="2.72" length="5.00" type="DEFAULT_CAR"/>
    <instantOut id="235_D11" time="18070.41" state="leave" vehID="Car_10459" speed="3.43" length="5.00" type="DEFAULT_CAR" occupancy="2.41"/>
    <instantOut id="235_D11" time="18450.98" state="enter" vehID="Car_10460" speed="4.46" length="5.00" type="DEFAULT_CAR" gap="380.57"/>
    <instantOut id="235_D11" time="18451.00" state="stay" vehID="Car_10460" speed="4.46" length="5.00" type="DEFAULT_CAR"/>
    <instantOut id="235_D11" time="18451.25" state="stay" vehID="Car_10460" speed="3.71" length="5.00" type="DEFAULT_CAR"/>
    <instantOut id="235_D11" time="18451.50" state="stay" vehID="Car_10460" speed="2.96" length="5.00" type="DEFAULT_CAR"/>
    <instantOut id="235_D11" time="18451.75" state="stay" vehID="Car_10460" speed="2.31" length="5.00" type="DEFAULT_CAR"/>
    <instantOut id="235_D11" time="18452.00" state="stay" vehID="Car_10460" speed="1.56" length="5.00" type="DEFAULT_CAR"/>
    <instantOut id="235_D11" time="18452.25" state="stay" vehID="Car_10460" speed="0.83" length="5.00" type="DEFAULT_CAR"/>
    <instantOut id="235_D11" time="18452.50" state="stay" vehID="Car_10460" speed="0.09" length="5.00" type="DEFAULT_CAR"/>
    <instantOut id="235_D11" time="18452.75" state="stay" vehID="Car_10460" speed="0.01" length="5.00" type="DEFAULT_CAR"/>
    <instantOut id="235_D11" time="18453.00" state="stay" vehID="Car_10460" speed="0.00" length="5.00" type="DEFAULT_CAR"/>
    <instantOut id="235_D11" time="18453.25" state="stay" vehID="Car_10460" speed="0.00" length="5.00" type="DEFAULT_CAR"/>
    <instantOut id="235_D11" time="18453.50" state="stay" vehID="Car_10460" speed="0.00" length="5.00" type="DEFAULT_CAR"/>
    <instantOut id="235_D11" time="18453.75" state="stay" vehID="Car_10460" speed="0.00" length="5.00" type="DEFAULT_CAR"/>
    <instantOut id="235_D11" time="18454.00" state="stay" vehID="Car_10460" speed="0.00" length="5.00" type="DEFAULT_CAR"/>
    <instantOut id="235_D11" time="18454.25" state="stay" vehID="Car_10460" speed="0.00" length="5.00" type="DEFAULT_CAR"/>
    <instantOut id="235_D11" time="18454.50" state="stay" vehID="Car_10460" speed="0.00" length="5.00" type="DEFAULT_CAR"/>
    <instantOut id="235_D11" time="18454.75" state="stay" vehID="Car_10460" speed="0.00" length="5.00" type="DEFAULT_CAR"/>
    <instantOut id="235_D11" time="18455.00" state="stay" vehID="Car_10460" speed="0.00" length="5.00" type="DEFAULT_CAR"/>
    <instantOut id="235_D11" time="18455.25" state="stay" vehID="Car_10460" speed="0.00" length="5.00" type="DEFAULT_CAR"/>
    <instantOut id="235_D11" time="18455.50" state="stay" vehID="Car_10460" speed="0.00" length="5.00" type="DEFAULT_CAR"/>
    <instantOut id="235_D11" time="18455.75" state="stay" vehID="Car_10460" speed="0.00" length="5.00" type="DEFAULT_CAR"/>
    <instantOut id="235_D11" time="18456.00" state="stay" vehID="Car_10460" speed="0.00" length="5.00" type="DEFAULT_CAR"/>
    <instantOut id="235_D11" time="18456.25" state="stay" vehID="Car_10460" speed="0.00" length="5.00" type="DEFAULT_CAR"/>
    <instantOut id="235_D11" time="18456.50" state="stay" vehID="Car_10460" speed="0.00" length="5.00" type="DEFAULT_CAR"/>
    <instantOut id="235_D11" time="18456.75" state="stay" vehID="Car_10460" speed="0.80" length="5.00" type="DEFAULT_CAR"/>
    <instantOut id="235_D11" time="18457.00" state="stay" vehID="Car_10460" speed="1.55" length="5.00" type="DEFAULT_CAR"/>
    <instantOut id="235_D11" time="18457.25" state="stay" vehID="Car_10460" speed="2.31" length="5.00" type="DEFAULT_CAR"/>
    <instantOut id="235_D11" time="18457.50" state="stay" vehID="Car_10460" speed="3.11" length="5.00" type="DEFAULT_CAR"/>
    <instantOut id="235_D11" time="18457.52" state="leave" vehID="Car_10460" speed="3.93" length="5.00" type="DEFAULT_CAR" occupancy="6.54"/>
    <instantOut id="235_D11" time="18589.88" state="enter" vehID="Car_10461" speed="5.96" length="5.00" type="DEFAULT_CAR" gap="132.36"/>
    <instantOut id="235_D11" time="18590.00" state="stay" vehID="Car_10461" speed="5.96" length="5.00" type="DEFAULT_CAR"/>
    <instantOut id="235_D11" time="18590.25" state="stay" vehID="Car_10461" speed="6.91" length="5.00" type="DEFAULT_CAR"/>
    <instantOut id="235_D11" time="18590.50" state="stay" vehID="Car_10461" speed="7.70" length="5.00" type="DEFAULT_CAR"/>
    <instantOut id="235_D11" time="18590.58" state="leave" vehID="Car_10461" speed="8.31" length="5.00" type="DEFAULT_CAR" occupancy="0.70"/>
    <instantOut id="235_D11" time="18722.94" state="enter" vehID="Car_10543" speed="4.25" length="5.00" type="DEFAULT_CAR" gap="132.37"/>
    <instantOut id="235_D11" time="18723.00" state="stay" vehID="Car_10543" speed="4.25" length="5.00" type="DEFAULT_CAR"/>
    <instantOut id="235_D11" time="18723.25" state="stay" vehID="Car_10543" speed="3.50" length="5.00" type="DEFAULT_CAR"/>
    <instantOut id="235_D11" time="18723.50" state="stay" vehID="Car_10543" speed="2.98" length="5.00" type="DEFAULT_CAR"/>
    <instantOut id="235_D11" time="18723.75" state="stay" vehID="Car_10543" speed="2.23" length="5.00" type="DEFAULT_CAR"/>
    <instantOut id="235_D11" time="18724.00" state="stay" vehID="Car_10543" speed="1.51" length="5.00" type="DEFAULT_CAR"/>
    <instantOut id="235_D11" time="18724.25" state="stay" vehID="Car_10543" speed="0.76" length="5.00" type="DEFAULT_CAR"/>
    <instantOut id="235_D11" time="18724.50" state="stay" vehID="Car_10543" speed="0.01" length="5.00" type="DEFAULT_CAR"/>
    <instantOut id="235_D11" time="18724.75" state="stay" vehID="Car_10543" speed="0.00" length="5.00" type="DEFAULT_CAR"/>
    <instantOut id="235_D11" time="18725.00" state="stay" vehID="Car_10543" speed="0.00" length="5.00" type="DEFAULT_CAR"/>
    <instantOut id="235_D11" time="18725.25" state="stay" vehID="Car_10543" speed="0.00" length="5.00" type="DEFAULT_CAR"/>
    <instantOut id="235_D11" time="18725.50" state="stay" vehID="Car_10543" speed="0.00" length="5.00" type="DEFAULT_CAR"/>
    <instantOut id="235_D11" time="18725.75" state="stay" vehID="Car_10543" speed="0.00" length="5.00" type="DEFAULT_CAR"/>
    <instantOut id="235_D11" time="18726.00" state="stay" vehID="Car_10543" speed="0.00" length="5.00" type="DEFAULT_CAR"/>
    <instantOut id="235_D11" time="18726.25" state="stay" vehID="Car_10543" speed="0.00" length="5.00" type="DEFAULT_CAR"/>
    <instantOut id="235_D11" time="18726.50" state="stay" vehID="Car_10543" speed="0.00" length="5.00" type="DEFAULT_CAR"/>
    <instantOut id="235_D11" time="18726.75" state="stay" vehID="Car_10543" speed="0.00" length="5.00" type="DEFAULT_CAR"/>
    <instantOut id="235_D11" time="18727.00" state="stay" vehID="Car_10543" speed="0.00" length="5.00" type="DEFAULT_CAR"/>
    <instantOut id="235_D11" time="18727.25" state="stay" vehID="Car_10543" speed="0.00" length="5.00" type="DEFAULT_CAR"/>
    <instantOut id="235_D11" time="18727.50" state="stay" vehID="Car_10543" speed="0.00" length="5.00" type="DEFAULT_CAR"/>
    <instantOut id="235_D11" time="18727.75" state="stay" vehID="Car_10543" speed="0.91" length="5.00" type="DEFAULT_CAR"/>
    <instantOut id="235_D11" time="18728.00" state="stay" vehID="Car_10543" speed="1.70" length="5.00" type="DEFAULT_CAR"/>
    <instantOut id="235_D11" time="18728.25" state="stay" vehID="Car_10543" speed="2.48" length="5.00" type="DEFAULT_CAR"/>
    <instantOut id="235_D11" time="18728.49" state="leave" vehID="Car_10543" speed="3.13" length="5.00" type="DEFAULT_CAR" occupancy="5.54"/>
    <instantOut id="235_D11" time="18803.92" state="enter" vehID="Car_10542" speed="4.26" length="5.00" type="DEFAULT_CAR" gap="75.43"/>
    <instantOut id="235_D11" time="18804.00" state="stay" vehID="Car_10542" speed="4.26" length="5.00" type="DEFAULT_CAR"/>
    <instantOut id="235_D11" time="18804.25" state="stay" vehID="Car_10542" speed="3.51" length="5.00" type="DEFAULT_CAR"/>
    <instantOut id="235_D11" time="18804.50" state="stay" vehID="Car_10542" speed="2.76" length="5.00" type="DEFAULT_CAR"/>
    <instantOut id="235_D11" time="18804.75" state="stay" vehID="Car_10542" speed="2.06" length="5.00" type="DEFAULT_CAR"/>
    <instantOut id="235_D11" time="18805.00" state="stay" vehID="Car_10542" speed="1.38" length="5.00" type="DEFAULT_CAR"/>
    <instantOut id="235_D11" time="18805.25" state="stay" vehID="Car_10542" speed="0.74" length="5.00" type="DEFAULT_CAR"/>
    <instantOut id="235_D11" time="18805.50" state="stay" vehID="Car_10542" speed="0.06" length="5.00" type="DEFAULT_CAR"/>
    <instantOut id="235_D11" time="18805.75" state="stay" vehID="Car_10542" speed="0.01" length="5.00" type="DEFAULT_CAR"/>
    <instantOut id="235_D11" time="18806.00" state="stay" vehID="Car_10542" speed="0.00" length="5.00" type="DEFAULT_CAR"/>
    <instantOut id="235_D11" time="18806.25" state="stay" vehID="Car_10542" speed="0.00" length="5.00" type="DEFAULT_CAR"/>
    <instantOut id="235_D11" time="18806.50" state="stay" vehID="Car_10542" speed="0.00" length="5.00" type="DEFAULT_CAR"/>
    <instantOut id="235_D11" time="18806.75" state="stay" vehID="Car_10542" speed="0.00" length="5.00" type="DEFAULT_CAR"/>
    <instantOut id="235_D11" time="18807.00" state="stay" vehID="Car_10542" speed="0.00" length="5.00" type="DEFAULT_CAR"/>
    <instantOut id="235_D11" time="18807.25" state="stay" vehID="Car_10542" speed="0.00" length="5.00" type="DEFAULT_CAR"/>
    <instantOut id="235_D11" time="18807.50" state="stay" vehID="Car_10542" speed="0.00" length="5.00" type="DEFAULT_CAR"/>
    <instantOut id="235_D11" time="18807.75" state="stay" vehID="Car_10542" speed="0.00" length="5.00" type="DEFAULT_CAR"/>
    <instantOut id="235_D11" time="18808.00" state="stay" vehID="Car_10542" speed="0.00" length="5.00" type="DEFAULT_CAR"/>
    <instantOut id="235_D11" time="18808.25" state="stay" vehID="Car_10542" speed="0.00" length="5.00" type="DEFAULT_CAR"/>
    <instantOut id="235_D11" time="18808.50" state="stay" vehID="Car_10542" speed="0.00" length="5.00" type="DEFAULT_CAR"/>
    <instantOut id="235_D11" time="18808.75" state="stay" vehID="Car_10542" speed="0.00" length="5.00" type="DEFAULT_CAR"/>
    <instantOut id="235_D11" time="18809.00" state="stay" vehID="Car_10542" speed="0.00" length="5.00" type="DEFAULT_CAR"/>
    <instantOut id="235_D11" time="18809.25" state="stay" vehID="Car_10542" speed="0.00" length="5.00" type="DEFAULT_CAR"/>
    <instantOut id="235_D11" time="18809.50" state="stay" vehID="Car_10542" speed="0.00" length="5.00" type="DEFAULT_CAR"/>
    <instantOut id="235_D11" time="18809.75" state="stay" vehID="Car_10542" speed="0.00" length="5.00" type="DEFAULT_CAR"/>
    <instantOut id="235_D11" time="18810.00" state="stay" vehID="Car_10542" speed="0.00" length="5.00" type="DEFAULT_CAR"/>
    <instantOut id="235_D11" time="18810.25" state="stay" vehID="Car_10542" speed="0.00" length="5.00" type="DEFAULT_CAR"/>
    <instantOut id="235_D11" time="18810.50" state="stay" vehID="Car_10542" speed="0.00" length="5.00" type="DEFAULT_CAR"/>
    <instantOut id="235_D11" time="18810.75" state="stay" vehID="Car_10542" speed="0.00" length="5.00" type="DEFAULT_CAR"/>
    <instantOut id="235_D11" time="18811.00" state="stay" vehID="Car_10542" speed="0.00" length="5.00" type="DEFAULT_CAR"/>
    <instantOut id="235_D11" time="18811.25" state="stay" vehID="Car_10542" speed="0.00" length="5.00" type="DEFAULT_CAR"/>
    <instantOut id="235_D11" time="18811.50" state="stay" vehID="Car_10542" speed="0.00" length="5.00" type="DEFAULT_CAR"/>
    <instantOut id="235_D11" time="18811.75" state="stay" vehID="Car_10542" speed="0.00" length="5.00" type="DEFAULT_CAR"/>
    <instantOut id="235_D11" time="18812.00" state="stay" vehID="Car_10542" speed="0.00" length="5.00" type="DEFAULT_CAR"/>
    <instantOut id="235_D11" time="18812.25" state="stay" vehID="Car_10542" speed="0.00" length="5.00" type="DEFAULT_CAR"/>
    <instantOut id="235_D11" time="18812.50" state="stay" vehID="Car_10542" speed="0.00" length="5.00" type="DEFAULT_CAR"/>
    <instantOut id="235_D11" time="18812.75" state="stay" vehID="Car_10542" speed="0.00" length="5.00" type="DEFAULT_CAR"/>
    <instantOut id="235_D11" time="18813.00" state="stay" vehID="Car_10542" speed="0.00" length="5.00" type="DEFAULT_CAR"/>
    <instantOut id="235_D11" time="18813.25" state="stay" vehID="Car_10542" speed="0.00" length="5.00" type="DEFAULT_CAR"/>
    <instantOut id="235_D11" time="18813.50" state="stay" vehID="Car_10542" speed="0.00" length="5.00" type="DEFAULT_CAR"/>
    <instantOut id="235_D11" time="18813.75" state="stay" vehID="Car_10542" speed="0.00" length="5.00" type="DEFAULT_CAR"/>
    <instantOut id="235_D11" time="18814.00" state="stay" vehID="Car_10542" speed="0.37" length="5.00" type="DEFAULT_CAR"/>
    <instantOut id="235_D11" time="18814.25" state="stay" vehID="Car_10542" speed="0.82" length="5.00" type="DEFAULT_CAR"/>
    <instantOut id="235_D11" time="18814.50" state="stay" vehID="Car_10542" speed="1.47" length="5.00" type="DEFAULT_CAR"/>
    <instantOut id="235_D11" time="18814.75" state="stay" vehID="Car_10542" speed="2.11" length="5.00" type="DEFAULT_CAR"/>
    <instantOut id="235_D11" time="18815.00" state="stay" vehID="Car_10542" speed="3.06" length="5.00" type="DEFAULT_CAR"/>
    <instantOut id="235_D11" time="18815.02" state="leave" vehID="Car_10542" speed="2.77" length="5.00" type="DEFAULT_CAR" occupancy="11.10"/>
    <instantOut id="235_D11" time="18899.96" state="enter" vehID="Car_10541" speed="4.38" length="5.00" type="DEFAULT_CAR" gap="84.93"/>
    <instantOut id="235_D11" time="18900.00" state="stay" vehID="Car_10541" speed="4.38" length="5.00" type="DEFAULT_CAR"/>
    <instantOut id="235_D11" time="18900.25" state="stay" vehID="Car_10541" speed="3.63" length="5.00" type="DEFAULT_CAR"/>
    <instantOut id="235_D11" time="18900.50" state="stay" vehID="Car_10541" speed="2.88" length="5.00" type="DEFAULT_CAR"/>
    <instantOut id="235_D11" time="18900.75" state="stay" vehID="Car_10541" speed="2.18" length="5.00" type="DEFAULT_CAR"/>
    <instantOut id="235_D11" time="18901.00" state="stay" vehID="Car_10541" speed="1.45" length="5.00" type="DEFAULT_CAR"/>
    <instantOut id="235_D11" time="18901.25" state="stay" vehID="Car_10541" speed="0.85" length="5.00" type="DEFAULT_CAR"/>
    <instantOut id="235_D11" time="18901.50" state="stay" vehID="Car_10541" speed="0.15" length="5.00" type="DEFAULT_CAR"/>
    <instantOut id="235_D11" time="18901.75" state="stay" vehID="Car_10541" speed="0.01" length="5.00" type="DEFAULT_CAR"/>
    <instantOut id="235_D11" time="18902.00" state="stay" vehID="Car_10541" speed="0.00" length="5.00" type="DEFAULT_CAR"/>
    <instantOut id="235_D11" time="18902.25" state="stay" vehID="Car_10541" speed="0.00" length="5.00" type="DEFAULT_CAR"/>
    <instantOut id="235_D11" time="18902.50" state="stay" vehID="Car_10541" speed="0.00" length="5.00" type="DEFAULT_CAR"/>
    <instantOut id="235_D11" time="18902.75" state="stay" vehID="Car_10541" speed="0.00" length="5.00" type="DEFAULT_CAR"/>
    <instantOut id="235_D11" time="18903.00" state="stay" vehID="Car_10541" speed="0.00" length="5.00" type="DEFAULT_CAR"/>
    <instantOut id="235_D11" time="18903.25" state="stay" vehID="Car_10541" speed="0.00" length="5.00" type="DEFAULT_CAR"/>
    <instantOut id="235_D11" time="18903.50" state="stay" vehID="Car_10541" speed="0.00" length="5.00" type="DEFAULT_CAR"/>
    <instantOut id="235_D11" time="18903.75" state="stay" vehID="Car_10541" speed="0.00" length="5.00" type="DEFAULT_CAR"/>
    <instantOut id="235_D11" time="18904.00" state="stay" vehID="Car_10541" speed="0.00" length="5.00" type="DEFAULT_CAR"/>
    <instantOut id="235_D11" time="18904.25" state="stay" vehID="Car_10541" speed="0.00" length="5.00" type="DEFAULT_CAR"/>
    <instantOut id="235_D11" time="18904.50" state="stay" vehID="Car_10541" speed="0.00" length="5.00" type="DEFAULT_CAR"/>
    <instantOut id="235_D11" time="18904.75" state="stay" vehID="Car_10541" speed="0.00" length="5.00" type="DEFAULT_CAR"/>
    <instantOut id="235_D11" time="18905.00" state="stay" vehID="Car_10541" speed="0.00" length="5.00" type="DEFAULT_CAR"/>
    <instantOut id="235_D11" time="18905.25" state="stay" vehID="Car_10541" speed="0.00" length="5.00" type="DEFAULT_CAR"/>
    <instantOut id="235_D11" time="18905.50" state="stay" vehID="Car_10541" speed="0.00" length="5.00" type="DEFAULT_CAR"/>
    <instantOut id="235_D11" time="18905.75" state="stay" vehID="Car_10541" speed="0.00" length="5.00" type="DEFAULT_CAR"/>
    <instantOut id="235_D11" time="18906.00" state="stay" vehID="Car_10541" speed="0.00" length="5.00" type="DEFAULT_CAR"/>
    <instantOut id="235_D11" time="18906.25" state="stay" vehID="Car_10541" speed="0.00" length="5.00" type="DEFAULT_CAR"/>
    <instantOut id="235_D11" time="18906.50" state="stay" vehID="Car_10541" speed="0.00" length="5.00" type="DEFAULT_CAR"/>
    <instantOut id="235_D11" time="18906.75" state="stay" vehID="Car_10541" speed="0.00" length="5.00" type="DEFAULT_CAR"/>
    <instantOut id="235_D11" time="18907.00" state="stay" vehID="Car_10541" speed="0.00" length="5.00" type="DEFAULT_CAR"/>
    <instantOut id="235_D11" time="18907.25" state="stay" vehID="Car_10541" speed="0.00" length="5.00" type="DEFAULT_CAR"/>
    <instantOut id="235_D11" time="18907.50" state="stay" vehID="Car_10541" speed="0.00" length="5.00" type="DEFAULT_CAR"/>
    <instantOut id="235_D11" time="18907.75" state="stay" vehID="Car_10541" speed="0.00" length="5.00" type="DEFAULT_CAR"/>
    <instantOut id="235_D11" time="18908.00" state="stay" vehID="Car_10541" speed="0.00" length="5.00" type="DEFAULT_CAR"/>
    <instantOut id="235_D11" time="18908.25" state="stay" vehID="Car_10541" speed="0.00" length="5.00" type="DEFAULT_CAR"/>
    <instantOut id="235_D11" time="18908.50" state="stay" vehID="Car_10541" speed="0.00" length="5.00" type="DEFAULT_CAR"/>
    <instantOut id="235_D11" time="18908.75" state="stay" vehID="Car_10541" speed="0.00" length="5.00" type="DEFAULT_CAR"/>
    <instantOut id="235_D11" time="18909.00" state="stay" vehID="Car_10541" speed="0.00" length="5.00" type="DEFAULT_CAR"/>
    <instantOut id="235_D11" time="18909.25" state="stay" vehID="Car_10541" speed="0.00" length="5.00" type="DEFAULT_CAR"/>
    <instantOut id="235_D11" time="18909.50" state="stay" vehID="Car_10541" speed="0.00" length="5.00" type="DEFAULT_CAR"/>
    <instantOut id="235_D11" time="18909.75" state="stay" vehID="Car_10541" speed="0.00" length="5.00" type="DEFAULT_CAR"/>
    <instantOut id="235_D11" time="18910.00" state="stay" vehID="Car_10541" speed="0.00" length="5.00" type="DEFAULT_CAR"/>
    <instantOut id="235_D11" time="18910.25" state="stay" vehID="Car_10541" speed="0.00" length="5.00" type="DEFAULT_CAR"/>
    <instantOut id="235_D11" time="18910.50" state="stay" vehID="Car_10541" speed="0.00" length="5.00" type="DEFAULT_CAR"/>
    <instantOut id="235_D11" time="18910.75" state="stay" vehID="Car_10541" speed="0.00" length="5.00" type="DEFAULT_CAR"/>
    <instantOut id="235_D11" time="18911.00" state="stay" vehID="Car_10541" speed="0.00" length="5.00" type="DEFAULT_CAR"/>
    <instantOut id="235_D11" time="18911.25" state="stay" vehID="Car_10541" speed="0.00" length="5.00" type="DEFAULT_CAR"/>
    <instantOut id="235_D11" time="18911.50" state="stay" vehID="Car_10541" speed="0.00" length="5.00" type="DEFAULT_CAR"/>
    <instantOut id="235_D11" time="18911.75" state="stay" vehID="Car_10541" speed="0.00" length="5.00" type="DEFAULT_CAR"/>
    <instantOut id="235_D11" time="18912.00" state="stay" vehID="Car_10541" speed="0.00" length="5.00" type="DEFAULT_CAR"/>
    <instantOut id="235_D11" time="18912.25" state="stay" vehID="Car_10541" speed="0.00" length="5.00" type="DEFAULT_CAR"/>
    <instantOut id="235_D11" time="18912.50" state="stay" vehID="Car_10541" speed="0.00" length="5.00" type="DEFAULT_CAR"/>
    <instantOut id="235_D11" time="18912.75" state="stay" vehID="Car_10541" speed="0.00" length="5.00" type="DEFAULT_CAR"/>
    <instantOut id="235_D11" time="18913.00" state="stay" vehID="Car_10541" speed="0.00" length="5.00" type="DEFAULT_CAR"/>
    <instantOut id="235_D11" time="18913.25" state="stay" vehID="Car_10541" speed="0.00" length="5.00" type="DEFAULT_CAR"/>
    <instantOut id="235_D11" time="18913.50" state="stay" vehID="Car_10541" speed="0.00" length="5.00" type="DEFAULT_CAR"/>
    <instantOut id="235_D11" time="18913.75" state="stay" vehID="Car_10541" speed="0.00" length="5.00" type="DEFAULT_CAR"/>
    <instantOut id="235_D11" time="18914.00" state="stay" vehID="Car_10541" speed="0.00" length="5.00" type="DEFAULT_CAR"/>
    <instantOut id="235_D11" time="18914.25" state="stay" vehID="Car_10541" speed="0.00" length="5.00" type="DEFAULT_CAR"/>
    <instantOut id="235_D11" time="18914.50" state="stay" vehID="Car_10541" speed="0.00" length="5.00" type="DEFAULT_CAR"/>
    <instantOut id="235_D11" time="18914.75" state="stay" vehID="Car_10541" speed="0.93" length="5.00" type="DEFAULT_CAR"/>
    <instantOut id="235_D11" time="18915.00" state="stay" vehID="Car_10541" speed="1.72" length="5.00" type="DEFAULT_CAR"/>
    <instantOut id="235_D11" time="18915.25" state="stay" vehID="Car_10541" speed="2.43" length="5.00" type="DEFAULT_CAR"/>
    <instantOut id="235_D11" time="18915.50" state="leave" vehID="Car_10541" speed="3.01" length="5.00" type="DEFAULT_CAR" occupancy="15.54"/>
    <instantOut id="235_D11" time="18916.57" state="enter" vehID="Car_10540" speed="3.57" length="5.00" type="DEFAULT_CAR" gap="1.07"/>
    <instantOut id="235_D11" time="18916.75" state="stay" vehID="Car_10540" speed="3.57" length="5.00" type="DEFAULT_CAR"/>
    <instantOut id="235_D11" time="18917.00" state="stay" vehID="Car_10540" speed="3.02" length="5.00" type="DEFAULT_CAR"/>
    <instantOut id="235_D11" time="18917.25" state="stay" vehID="Car_10540" speed="2.40" length="5.00" type="DEFAULT_CAR"/>
    <instantOut id="235_D11" time="18917.50" state="stay" vehID="Car_10540" speed="3.35" length="5.00" type="DEFAULT_CAR"/>
    <instantOut id="235_D11" time="18917.75" state="stay" vehID="Car_10540" speed="4.03" length="5.00" type="DEFAULT_CAR"/>
    <instantOut id="235_D11" time="18917.98" state="leave" vehID="Car_10540" speed="4.97" length="5.00" type="DEFAULT_CAR" occupancy="1.41"/>
    <instantOut id="235_D11" time="19044.92" state="enter" vehID="Car_10539" speed="5.99" length="5.00" type="DEFAULT_CAR" gap="126.94"/>
    <instantOut id="235_D11" time="19045.00" state="stay" vehID="Car_10539" speed="5.99" length="5.00" type="DEFAULT_CAR"/>
    <instantOut id="235_D11" time="19045.25" state="stay" vehID="Car_10539" speed="6.94" length="5.00" type="DEFAULT_CAR"/>
    <instantOut id="235_D11" time="19045.50" state="stay" vehID="Car_10539" speed="7.66" length="5.00" type="DEFAULT_CAR"/>
    <instantOut id="235_D11" time="19045.60" state="leave" vehID="Car_10539" speed="8.42" length="5.00" type="DEFAULT_CAR" occupancy="0.68"/>
    <instantOut id="235_D11" time="21550.02" state="enter" vehID="Car_12241" speed="3.79" length="5.00" type="DEFAULT_CAR" gap="2504.42"/>
    <instantOut id="235_D11" time="21550.25" state="stay" vehID="Car_12241" speed="3.79" length="5.00" type="DEFAULT_CAR"/>
    <instantOut id="235_D11" time="21550.50" state="stay" vehID="Car_12241" speed="3.04" length="5.00" type="DEFAULT_CAR"/>
    <instantOut id="235_D11" time="21550.75" state="stay" vehID="Car_12241" speed="2.29" length="5.00" type="DEFAULT_CAR"/>
    <instantOut id="235_D11" time="21551.00" state="stay" vehID="Car_12241" speed="1.65" length="5.00" type="DEFAULT_CAR"/>
    <instantOut id="235_D11" time="21551.25" state="stay" vehID="Car_12241" speed="1.04" length="5.00" type="DEFAULT_CAR"/>
    <instantOut id="235_D11" time="21551.50" state="stay" vehID="Car_12241" speed="0.41" length="5.00" type="DEFAULT_CAR"/>
    <instantOut id="235_D11" time="21551.75" state="stay" vehID="Car_12241" speed="0.03" length="5.00" type="DEFAULT_CAR"/>
    <instantOut id="235_D11" time="21552.00" state="stay" vehID="Car_12241" speed="0.00" length="5.00" type="DEFAULT_CAR"/>
    <instantOut id="235_D11" time="21552.25" state="stay" vehID="Car_12241" speed="0.00" length="5.00" type="DEFAULT_CAR"/>
    <instantOut id="235_D11" time="21552.50" state="stay" vehID="Car_12241" speed="0.00" length="5.00" type="DEFAULT_CAR"/>
    <instantOut id="235_D11" time="21552.75" state="stay" vehID="Car_12241" speed="0.00" length="5.00" type="DEFAULT_CAR"/>
    <instantOut id="235_D11" time="21553.00" state="stay" vehID="Car_12241" speed="0.00" length="5.00" type="DEFAULT_CAR"/>
    <instantOut id="235_D11" time="21553.25" state="stay" vehID="Car_12241" speed="0.00" length="5.00" type="DEFAULT_CAR"/>
    <instantOut id="235_D11" time="21553.50" state="stay" vehID="Car_12241" speed="0.00" length="5.00" type="DEFAULT_CAR"/>
    <instantOut id="235_D11" time="21553.75" state="stay" vehID="Car_12241" speed="0.00" length="5.00" type="DEFAULT_CAR"/>
    <instantOut id="235_D11" time="21554.00" state="stay" vehID="Car_12241" speed="0.51" length="5.00" type="DEFAULT_CAR"/>
    <instantOut id="235_D11" time="21554.25" state="stay" vehID="Car_12241" speed="0.90" length="5.00" type="DEFAULT_CAR"/>
    <instantOut id="235_D11" time="21554.50" state="stay" vehID="Car_12241" speed="1.25" length="5.00" type="DEFAULT_CAR"/>
    <instantOut id="235_D11" time="21554.75" state="stay" vehID="Car_12241" speed="1.69" length="5.00" type="DEFAULT_CAR"/>
    <instantOut id="235_D11" time="21555.00" state="stay" vehID="Car_12241" speed="2.25" length="5.00" type="DEFAULT_CAR"/>
    <instantOut id="235_D11" time="21555.15" state="leave" vehID="Car_12241" speed="2.50" length="5.00" type="DEFAULT_CAR" occupancy="5.13"/>
    <instantOut id="235_D11" time="21814.90" state="enter" vehID="Car_12242" speed="6.08" length="5.00" type="DEFAULT_CAR" gap="259.76"/>
    <instantOut id="235_D11" time="21815.00" state="stay" vehID="Car_12242" speed="6.08" length="5.00" type="DEFAULT_CAR"/>
    <instantOut id="235_D11" time="21815.25" state="stay" vehID="Car_12242" speed="7.03" length="5.00" type="DEFAULT_CAR"/>
    <instantOut id="235_D11" time="21815.50" state="stay" vehID="Car_12242" speed="7.86" length="5.00" type="DEFAULT_CAR"/>
    <instantOut id="235_D11" time="21815.58" state="leave" vehID="Car_12242" speed="8.70" length="5.00" type="DEFAULT_CAR" occupancy="0.68"/>
    <instantOut id="235_D11" time="23127.99" state="enter" vehID="Car_13137" speed="4.45" length="5.00" type="DEFAULT_CAR" gap="1312.41"/>
    <instantOut id="235_D11" time="23128.00" state="stay" vehID="Car_13137" speed="4.45" length="5.00" type="DEFAULT_CAR"/>
    <instantOut id="235_D11" time="23128.25" state="stay" vehID="Car_13137" speed="3.70" length="5.00" type="DEFAULT_CAR"/>
    <instantOut id="235_D11" time="23128.50" state="stay" vehID="Car_13137" speed="3.70" length="5.00" type="DEFAULT_CAR"/>
    <instantOut id="235_D11" time="23128.75" state="stay" vehID="Car_13137" speed="3.70" length="5.00" type="DEFAULT_CAR"/>
    <instantOut id="235_D11" time="23129.00" state="stay" vehID="Car_13137" speed="3.51" length="5.00" type="DEFAULT_CAR"/>
    <instantOut id="235_D11" time="23129.25" state="stay" vehID="Car_13137" speed="3.20" length="5.00" type="DEFAULT_CAR"/>
    <instantOut id="235_D11" time="23129.41" state="leave" vehID="Car_13137" speed="3.06" length="5.00" type="DEFAULT_CAR" occupancy="1.42"/>
    <instantOut id="235_D11" time="23239.92" state="enter" vehID="Car_13426" speed="6.03" length="5.00" type="DEFAULT_CAR" gap="110.52"/>
    <instantOut id="235_D11" time="23240.00" state="stay" vehID="Car_13426" speed="6.03" length="5.00" type="DEFAULT_CAR"/>
    <instantOut id="235_D11" time="23240.25" state="stay" vehID="Car_13426" speed="6.98" length="5.00" type="DEFAULT_CAR"/>
    <instantOut id="235_D11" time="23240.50" state="stay" vehID="Car_13426" speed="6.30" length="5.00" type="DEFAULT_CAR"/>
    <instantOut id="235_D11" time="23240.69" state="leave" vehID="Car_13426" speed="6.38" length="5.00" type="DEFAULT_CAR" occupancy="0.77"/>
    <instantOut id="235_D11" time="24155.95" state="enter" vehID="Car_14169" speed="6.30" length="5.00" type="DEFAULT_CAR" gap="915.26"/>
    <instantOut id="235_D11" time="24156.00" state="stay" vehID="Car_14169" speed="6.30" length="5.00" type="DEFAULT_CAR"/>
    <instantOut id="235_D11" time="24156.25" state="stay" vehID="Car_14169" speed="7.25" length="5.00" type="DEFAULT_CAR"/>
    <instantOut id="235_D11" time="24156.50" state="stay" vehID="Car_14169" speed="6.60" length="5.00" type="DEFAULT_CAR"/>
    <instantOut id="235_D11" time="24156.68" state="leave" vehID="Car_14169" speed="6.71" length="5.00" type="DEFAULT_CAR" occupancy="0.73"/>
    <instantOut id="235_D11" time="25649.94" state="enter" vehID="Car_15111" speed="6.28" length="5.00" type="DEFAULT_CAR" gap="1493.26"/>
    <instantOut id="235_D11" time="25650.00" state="stay" vehID="Car_15111" speed="6.28" length="5.00" type="DEFAULT_CAR"/>
    <instantOut id="235_D11" time="25650.25" state="stay" vehID="Car_15111" speed="7.23" length="5.00" type="DEFAULT_CAR"/>
    <instantOut id="235_D11" time="25650.50" state="stay" vehID="Car_15111" speed="8.02" length="5.00" type="DEFAULT_CAR"/>
    <instantOut id="235_D11" time="25650.60" state="leave" vehID="Car_15111" speed="7.80" length="5.00" type="DEFAULT_CAR" occupancy="0.66"/>
    <instantOut id="235_D11" time="26995.88" state="enter" vehID="Car_16136" speed="4.21" length="5.00" type="DEFAULT_CAR" gap="1345.28"/>
    <instantOut id="235_D11" time="26996.00" state="stay" vehID="Car_16136" speed="4.21" length="5.00" type="DEFAULT_CAR"/>
    <instantOut id="235_D11" time="26996.25" state="stay" vehID="Car_16136" speed="3.46" length="5.00" type="DEFAULT_CAR"/>
    <instantOut id="235_D11" time="26996.50" state="stay" vehID="Car_16136" speed="2.71" length="5.00" type="DEFAULT_CAR"/>
    <instantOut id="235_D11" time="26996.75" state="stay" vehID="Car_16136" speed="1.96" length="5.00" type="DEFAULT_CAR"/>
    <instantOut id="235_D11" time="26997.00" state="stay" vehID="Car_16136" speed="1.22" length="5.00" type="DEFAULT_CAR"/>
    <instantOut id="235_D11" time="26997.25" state="stay" vehID="Car_16136" speed="0.52" length="5.00" type="DEFAULT_CAR"/>
    <instantOut id="235_D11" time="26997.50" state="stay" vehID="Car_16136" speed="0.03" length="5.00" type="DEFAULT_CAR"/>
    <instantOut id="235_D11" time="26997.75" state="stay" vehID="Car_16136" speed="0.00" length="5.00" type="DEFAULT_CAR"/>
    <instantOut id="235_D11" time="26998.00" state="stay" vehID="Car_16136" speed="0.00" length="5.00" type="DEFAULT_CAR"/>
    <instantOut id="235_D11" time="26998.25" state="stay" vehID="Car_16136" speed="0.00" length="5.00" type="DEFAULT_CAR"/>
    <instantOut id="235_D11" time="26998.50" state="stay" vehID="Car_16136" speed="0.00" length="5.00" type="DEFAULT_CAR"/>
    <instantOut id="235_D11" time="26998.75" state="stay" vehID="Car_16136" speed="0.00" length="5.00" type="DEFAULT_CAR"/>
    <instantOut id="235_D11" time="26999.00" state="stay" vehID="Car_16136" speed="0.00" length="5.00" type="DEFAULT_CAR"/>
    <instantOut id="235_D11" time="26999.25" state="stay" vehID="Car_16136" speed="0.00" length="5.00" type="DEFAULT_CAR"/>
    <instantOut id="235_D11" time="26999.50" state="stay" vehID="Car_16136" speed="0.00" length="5.00" type="DEFAULT_CAR"/>
    <instantOut id="235_D11" time="26999.75" state="stay" vehID="Car_16136" speed="0.00" length="5.00" type="DEFAULT_CAR"/>
    <instantOut id="235_D11" time="27000.00" state="stay" vehID="Car_16136" speed="0.80" length="5.00" type="DEFAULT_CAR"/>
    <instantOut id="235_D11" time="27000.25" state="stay" vehID="Car_16136" speed="1.28" length="5.00" type="DEFAULT_CAR"/>
    <instantOut id="235_D11" time="27000.50" state="stay" vehID="Car_16136" speed="1.85" length="5.00" type="DEFAULT_CAR"/>
    <instantOut id="235_D11" time="27000.75" state="stay" vehID="Car_16136" speed="2.60" length="5.00" type="DEFAULT_CAR"/>
    <instantOut id="235_D11" time="27000.89" state="leave" vehID="Car_16136" speed="2.84" length="5.00" type="DEFAULT_CAR" occupancy="5.01"/>
    <instantOut id="235_D11" time="27040.90" state="enter" vehID="Car_16135" speed="5.86" length="5.00" type="DEFAULT_CAR" gap="40.01"/>
    <instantOut id="235_D11" time="27041.00" state="stay" vehID="Car_16135" speed="5.86" length="5.00" type="DEFAULT_CAR"/>
    <instantOut id="235_D11" time="27041.25" state="stay" vehID="Car_16135" speed="6.81" length="5.00" type="DEFAULT_CAR"/>
    <instantOut id="235_D11" time="27041.50" state="stay" vehID="Car_16135" speed="7.52" length="5.00" type="DEFAULT_CAR"/>
    <instantOut id="235_D11" time="27041.60" state="leave" vehID="Car_16135" speed="8.06" length="5.00" type="DEFAULT_CAR" occupancy="0.70"/>
    <instantOut id="235_D11" time="29238.91" state="enter" vehID="Car_17075" speed="6.18" length="5.00" type="DEFAULT_CAR" gap="2197.31"/>
    <instantOut id="235_D11" time="29239.00" state="stay" vehID="Car_17075" speed="6.18" length="5.00" type="DEFAULT_CAR"/>
    <instantOut id="235_D11" time="29239.25" state="stay" vehID="Car_17075" speed="7.13" length="5.00" type="DEFAULT_CAR"/>
    <instantOut id="235_D11" time="29239.50" state="stay" vehID="Car_17075" speed="7.72" length="5.00" type="DEFAULT_CAR"/>
    <instantOut id="235_D11" time="29239.59" state="leave" vehID="Car_17075" speed="8.36" length="5.00" type="DEFAULT_CAR" occupancy="0.68"/>
    <instantOut id="235_D11" time="32253.94" state="enter" vehID="Car_19794" speed="6.25" length="5.00" type="DEFAULT_CAR" gap="3014.35"/>
    <instantOut id="235_D11" time="32254.00" state="stay" vehID="Car_19794" speed="6.25" length="5.00" type="DEFAULT_CAR"/>
    <instantOut id="235_D11" time="32254.25" state="stay" vehID="Car_19794" speed="7.20" length="5.00" type="DEFAULT_CAR"/>
    <instantOut id="235_D11" time="32254.50" state="stay" vehID="Car_19794" speed="7.73" length="5.00" type="DEFAULT_CAR"/>
    <instantOut id="235_D11" time="32254.61" state="leave" vehID="Car_19794" speed="8.24" length="5.00" type="DEFAULT_CAR" occupancy="0.67"/>
    <instantOut id="235_D11" time="32986.92" state="enter" vehID="Car_19795" speed="5.82" length="5.00" type="DEFAULT_CAR" gap="732.31"/>
    <instantOut id="235_D11" time="32987.00" state="stay" vehID="Car_19795" speed="5.82" length="5.00" type="DEFAULT_CAR"/>
    <instantOut id="235_D11" time="32987.25" state="stay" vehID="Car_19795" speed="6.77" length="5.00" type="DEFAULT_CAR"/>
    <instantOut id="235_D11" time="32987.50" state="stay" vehID="Car_19795" speed="6.49" length="5.00" type="DEFAULT_CAR"/>
    <instantOut id="235_D11" time="32987.69" state="leave" vehID="Car_19795" speed="6.34" length="5.00" type="DEFAULT_CAR" occupancy="0.77"/>
    <instantOut id="235_D11" time="33215.88" state="enter" vehID="Car_20335" speed="5.76" length="5.00" type="DEFAULT_CAR" gap="228.19"/>
    <instantOut id="235_D11" time="33216.00" state="stay" vehID="Car_20335" speed="5.76" length="5.00" type="DEFAULT_CAR"/>
    <instantOut id="235_D11" time="33216.25" state="stay" vehID="Car_20335" speed="6.71" length="5.00" type="DEFAULT_CAR"/>
    <instantOut id="235_D11" time="33216.50" state="stay" vehID="Car_20335" speed="6.74" length="5.00" type="DEFAULT_CAR"/>
    <instantOut id="235_D11" time="33216.64" state="leave" vehID="Car_20335" speed="6.92" length="5.00" type="DEFAULT_CAR" occupancy="0.76"/>
    <instantOut id="235_D11" time="33323.97" state="enter" vehID="Car_20300" speed="6.36" length="5.00" type="DEFAULT_CAR" gap="107.33"/>
    <instantOut id="235_D11" time="33324.00" state="stay" vehID="Car_20300" speed="6.36" length="5.00" type="DEFAULT_CAR"/>
    <instantOut id="235_D11" time="33324.25" state="stay" vehID="Car_20300" speed="7.31" length="5.00" type="DEFAULT_CAR"/>
    <instantOut id="235_D11" time="33324.50" state="stay" vehID="Car_20300" speed="7.93" length="5.00" type="DEFAULT_CAR"/>
    <instantOut id="235_D11" time="33324.61" state="leave" vehID="Car_20300" speed="8.68" length="5.00" type="DEFAULT_CAR" occupancy="0.65"/>
    <instantOut id="235_D11" time="34043.95" state="enter" vehID="Car_20460" speed="4.42" length="5.00" type="DEFAULT_CAR" gap="719.33"/>
    <instantOut id="235_D11" time="34044.00" state="stay" vehID="Car_20460" speed="4.42" length="5.00" type="DEFAULT_CAR"/>
    <instantOut id="235_D11" time="34044.25" state="stay" vehID="Car_20460" speed="3.67" length="5.00" type="DEFAULT_CAR"/>
    <instantOut id="235_D11" time="34044.50" state="stay" vehID="Car_20460" speed="2.92" length="5.00" type="DEFAULT_CAR"/>
    <instantOut id="235_D11" time="34044.75" state="stay" vehID="Car_20460" speed="2.17" length="5.00" type="DEFAULT_CAR"/>
    <instantOut id="235_D11" time="34045.00" state="stay" vehID="Car_20460" speed="1.42" length="5.00" type="DEFAULT_CAR"/>
    <instantOut id="235_D11" time="34045.25" state="stay" vehID="Car_20460" speed="0.76" length="5.00" type="DEFAULT_CAR"/>
    <instantOut id="235_D11" time="34045.50" state="stay" vehID="Car_20460" speed="0.03" length="5.00" type="DEFAULT_CAR"/>
    <instantOut id="235_D11" time="34045.75" state="stay" vehID="Car_20460" speed="0.00" length="5.00" type="DEFAULT_CAR"/>
    <instantOut id="235_D11" time="34046.00" state="stay" vehID="Car_20460" speed="0.80" length="5.00" type="DEFAULT_CAR"/>
    <instantOut id="235_D11" time="34046.25" state="stay" vehID="Car_20460" speed="1.48" length="5.00" type="DEFAULT_CAR"/>
    <instantOut id="235_D11" time="34046.50" state="stay" vehID="Car_20460" speed="2.00" length="5.00" type="DEFAULT_CAR"/>
    <instantOut id="235_D11" time="34046.75" state="stay" vehID="Car_20460" speed="2.33" length="5.00" type="DEFAULT_CAR"/>
    <instantOut id="235_D11" time="34046.89" state="leave" vehID="Car_20460" speed="2.56" length="5.00" type="DEFAULT_CAR" occupancy="2.95"/>
    <instantOut id="235_D11" time="34066.89" state="enter" vehID="Car_20459" speed="5.79" length="5.00" type="DEFAULT_CAR" gap="19.99"/>
    <instantOut id="235_D11" time="34067.00" state="stay" vehID="Car_20459" speed="5.79" length="5.00" type="DEFAULT_CAR"/>
    <instantOut id="235_D11" time="34067.25" state="stay" vehID="Car_20459" speed="6.74" length="5.00" type="DEFAULT_CAR"/>
    <instantOut id="235_D11" time="34067.50" state="stay" vehID="Car_20459" speed="7.38" length="5.00" type="DEFAULT_CAR"/>
    <instantOut id="235_D11" time="34067.60" state="leave" vehID="Car_20459" speed="8.15" length="5.00" type="DEFAULT_CAR" occupancy="0.71"/>
    <instantOut id="235_D11" time="34278.00" state="enter" vehID="Car_20458" speed="4.53" length="5.00" type="DEFAULT_CAR" gap="210.40"/>
    <instantOut id="235_D11" time="34278.00" state="stay" vehID="Car_20458" speed="4.53" length="5.00" type="DEFAULT_CAR"/>
    <instantOut id="235_D11" time="34278.25" state="stay" vehID="Car_20458" speed="3.78" length="5.00" type="DEFAULT_CAR"/>
    <instantOut id="235_D11" time="34278.50" state="stay" vehID="Car_20458" speed="3.03" length="5.00" type="DEFAULT_CAR"/>
    <instantOut id="235_D11" time="34278.75" state="stay" vehID="Car_20458" speed="2.28" length="5.00" type="DEFAULT_CAR"/>
    <instantOut id="235_D11" time="34279.00" state="stay" vehID="Car_20458" speed="1.67" length="5.00" type="DEFAULT_CAR"/>
    <instantOut id="235_D11" time="34279.25" state="stay" vehID="Car_20458" speed="0.92" length="5.00" type="DEFAULT_CAR"/>
    <instantOut id="235_D11" time="34279.50" state="stay" vehID="Car_20458" speed="0.20" length="5.00" type="DEFAULT_CAR"/>
    <instantOut id="235_D11" time="34279.75" state="stay" vehID="Car_20458" speed="0.00" length="5.00" type="DEFAULT_CAR"/>
    <instantOut id="235_D11" time="34280.00" state="stay" vehID="Car_20458" speed="0.00" length="5.00" type="DEFAULT_CAR"/>
    <instantOut id="235_D11" time="34280.25" state="stay" vehID="Car_20458" speed="0.00" length="5.00" type="DEFAULT_CAR"/>
    <instantOut id="235_D11" time="34280.50" state="stay" vehID="Car_20458" speed="0.00" length="5.00" type="DEFAULT_CAR"/>
    <instantOut id="235_D11" time="34280.75" state="stay" vehID="Car_20458" speed="0.00" length="5.00" type="DEFAULT_CAR"/>
    <instantOut id="235_D11" time="34281.00" state="stay" vehID="Car_20458" speed="0.00" length="5.00" type="DEFAULT_CAR"/>
    <instantOut id="235_D11" time="34281.25" state="stay" vehID="Car_20458" speed="0.00" length="5.00" type="DEFAULT_CAR"/>
    <instantOut id="235_D11" time="34281.50" state="stay" vehID="Car_20458" speed="0.00" length="5.00" type="DEFAULT_CAR"/>
    <instantOut id="235_D11" time="34281.75" state="stay" vehID="Car_20458" speed="0.00" length="5.00" type="DEFAULT_CAR"/>
    <instantOut id="235_D11" time="34282.00" state="stay" vehID="Car_20458" speed="0.00" length="5.00" type="DEFAULT_CAR"/>
    <instantOut id="235_D11" time="34282.25" state="stay" vehID="Car_20458" speed="0.00" length="5.00" type="DEFAULT_CAR"/>
    <instantOut id="235_D11" time="34282.50" state="stay" vehID="Car_20458" speed="0.00" length="5.00" type="DEFAULT_CAR"/>
    <instantOut id="235_D11" time="34282.75" state="stay" vehID="Car_20458" speed="0.00" length="5.00" type="DEFAULT_CAR"/>
    <instantOut id="235_D11" time="34283.00" state="stay" vehID="Car_20458" speed="0.00" length="5.00" type="DEFAULT_CAR"/>
    <instantOut id="235_D11" time="34283.25" state="stay" vehID="Car_20458" speed="0.00" length="5.00" type="DEFAULT_CAR"/>
    <instantOut id="235_D11" time="34283.50" state="stay" vehID="Car_20458" speed="0.00" length="5.00" type="DEFAULT_CAR"/>
    <instantOut id="235_D11" time="34283.75" state="stay" vehID="Car_20458" speed="0.00" length="5.00" type="DEFAULT_CAR"/>
    <instantOut id="235_D11" time="34284.00" state="stay" vehID="Car_20458" speed="0.00" length="5.00" type="DEFAULT_CAR"/>
    <instantOut id="235_D11" time="34284.25" state="stay" vehID="Car_20458" speed="0.00" length="5.00" type="DEFAULT_CAR"/>
    <instantOut id="235_D11" time="34284.50" state="stay" vehID="Car_20458" speed="0.00" length="5.00" type="DEFAULT_CAR"/>
    <instantOut id="235_D11" time="34284.75" state="stay" vehID="Car_20458" speed="0.00" length="5.00" type="DEFAULT_CAR"/>
    <instantOut id="235_D11" time="34285.00" state="stay" vehID="Car_20458" speed="0.00" length="5.00" type="DEFAULT_CAR"/>
    <instantOut id="235_D11" time="34285.25" state="stay" vehID="Car_20458" speed="0.00" length="5.00" type="DEFAULT_CAR"/>
    <instantOut id="235_D11" time="34285.50" state="stay" vehID="Car_20458" speed="0.00" length="5.00" type="DEFAULT_CAR"/>
    <instantOut id="235_D11" time="34285.75" state="stay" vehID="Car_20458" speed="0.00" length="5.00" type="DEFAULT_CAR"/>
    <instantOut id="235_D11" time="34286.00" state="stay" vehID="Car_20458" speed="0.00" length="5.00" type="DEFAULT_CAR"/>
    <instantOut id="235_D11" time="34286.25" state="stay" vehID="Car_20458" speed="0.00" length="5.00" type="DEFAULT_CAR"/>
    <instantOut id="235_D11" time="34286.50" state="stay" vehID="Car_20458" speed="0.00" length="5.00" type="DEFAULT_CAR"/>
    <instantOut id="235_D11" time="34286.75" state="stay" vehID="Car_20458" speed="0.00" length="5.00" type="DEFAULT_CAR"/>
    <instantOut id="235_D11" time="34287.00" state="stay" vehID="Car_20458" speed="0.00" length="5.00" type="DEFAULT_CAR"/>
    <instantOut id="235_D11" time="34287.25" state="stay" vehID="Car_20458" speed="0.00" length="5.00" type="DEFAULT_CAR"/>
    <instantOut id="235_D11" time="34287.50" state="stay" vehID="Car_20458" speed="0.00" length="5.00" type="DEFAULT_CAR"/>
    <instantOut id="235_D11" time="34287.75" state="stay" vehID="Car_20458" speed="0.00" length="5.00" type="DEFAULT_CAR"/>
    <instantOut id="235_D11" time="34288.00" state="stay" vehID="Car_20458" speed="0.00" length="5.00" type="DEFAULT_CAR"/>
    <instantOut id="235_D11" time="34288.25" state="stay" vehID="Car_20458" speed="0.00" length="5.00" type="DEFAULT_CAR"/>
    <instantOut id="235_D11" time="34288.50" state="stay" vehID="Car_20458" speed="0.00" length="5.00" type="DEFAULT_CAR"/>
    <instantOut id="235_D11" time="34288.75" state="stay" vehID="Car_20458" speed="0.00" length="5.00" type="DEFAULT_CAR"/>
    <instantOut id="235_D11" time="34289.00" state="stay" vehID="Car_20458" speed="0.00" length="5.00" type="DEFAULT_CAR"/>
    <instantOut id="235_D11" time="34289.25" state="stay" vehID="Car_20458" speed="0.00" length="5.00" type="DEFAULT_CAR"/>
    <instantOut id="235_D11" time="34289.50" state="stay" vehID="Car_20458" speed="0.00" length="5.00" type="DEFAULT_CAR"/>
    <instantOut id="235_D11" time="34289.75" state="stay" vehID="Car_20458" speed="0.00" length="5.00" type="DEFAULT_CAR"/>
    <instantOut id="235_D11" time="34290.00" state="stay" vehID="Car_20458" speed="0.00" length="5.00" type="DEFAULT_CAR"/>
    <instantOut id="235_D11" time="34290.25" state="stay" vehID="Car_20458" speed="0.00" length="5.00" type="DEFAULT_CAR"/>
    <instantOut id="235_D11" time="34290.50" state="stay" vehID="Car_20458" speed="0.00" length="5.00" type="DEFAULT_CAR"/>
    <instantOut id="235_D11" time="34290.75" state="stay" vehID="Car_20458" speed="0.00" length="5.00" type="DEFAULT_CAR"/>
    <instantOut id="235_D11" time="34291.00" state="stay" vehID="Car_20458" speed="0.00" length="5.00" type="DEFAULT_CAR"/>
    <instantOut id="235_D11" time="34291.25" state="stay" vehID="Car_20458" speed="0.00" length="5.00" type="DEFAULT_CAR"/>
    <instantOut id="235_D11" time="34291.50" state="stay" vehID="Car_20458" speed="0.00" length="5.00" type="DEFAULT_CAR"/>
    <instantOut id="235_D11" time="34291.75" state="stay" vehID="Car_20458" speed="0.00" length="5.00" type="DEFAULT_CAR"/>
    <instantOut id="235_D11" time="34292.00" state="stay" vehID="Car_20458" speed="0.00" length="5.00" type="DEFAULT_CAR"/>
    <instantOut id="235_D11" time="34292.25" state="stay" vehID="Car_20458" speed="0.00" length="5.00" type="DEFAULT_CAR"/>
    <instantOut id="235_D11" time="34292.50" state="stay" vehID="Car_20458" speed="0.00" length="5.00" type="DEFAULT_CAR"/>
    <instantOut id="235_D11" time="34292.75" state="stay" vehID="Car_20458" speed="0.00" length="5.00" type="DEFAULT_CAR"/>
    <instantOut id="235_D11" time="34293.00" state="stay" vehID="Car_20458" speed="0.00" length="5.00" type="DEFAULT_CAR"/>
    <instantOut id="235_D11" time="34293.25" state="stay" vehID="Car_20458" speed="0.00" length="5.00" type="DEFAULT_CAR"/>
    <instantOut id="235_D11" time="34293.50" state="stay" vehID="Car_20458" speed="0.85" length="5.00" type="DEFAULT_CAR"/>
    <instantOut id="235_D11" time="34293.75" state="stay" vehID="Car_20458" speed="1.60" length="5.00" type="DEFAULT_CAR"/>
    <instantOut id="235_D11" time="34294.00" state="stay" vehID="Car_20458" speed="2.39" length="5.00" type="DEFAULT_CAR"/>
    <instantOut id="235_D11" time="34294.25" state="stay" vehID="Car_20458" speed="3.08" length="5.00" type="DEFAULT_CAR"/>
    <instantOut id="235_D11" time="34294.26" state="leave" vehID="Car_20458" speed="3.85" length="5.00" type="DEFAULT_CAR" occupancy="16.26"/>
    <instantOut id="235_D11" time="34453.00" state="enter" vehID="Car_20457" speed="4.39" length="5.00" type="DEFAULT_CAR" gap="158.73"/>
    <instantOut id="235_D11" time="34453.00" state="stay" vehID="Car_20457" speed="4.39" length="5.00" type="DEFAULT_CAR"/>
    <instantOut id="235_D11" time="34453.25" state="stay" vehID="Car_20457" speed="3.64" length="5.00" type="DEFAULT_CAR"/>
    <instantOut id="235_D11" time="34453.50" state="stay" vehID="Car_20457" speed="2.89" length="5.00" type="DEFAULT_CAR"/>
    <instantOut id="235_D11" time="34453.75" state="stay" vehID="Car_20457" speed="2.40" length="5.00" type="DEFAULT_CAR"/>
    <instantOut id="235_D11" time="34454.00" state="stay" vehID="Car_20457" speed="1.67" length="5.00" type="DEFAULT_CAR"/>
    <instantOut id="235_D11" time="34454.25" state="stay" vehID="Car_20457" speed="0.97" length="5.00" type="DEFAULT_CAR"/>
    <instantOut id="235_D11" time="34454.50" state="stay" vehID="Car_20457" speed="0.24" length="5.00" type="DEFAULT_CAR"/>
    <instantOut id="235_D11" time="34454.75" state="stay" vehID="Car_20457" speed="0.03" length="5.00" type="DEFAULT_CAR"/>
    <instantOut id="235_D11" time="34455.00" state="stay" vehID="Car_20457" speed="0.00" length="5.00" type="DEFAULT_CAR"/>
    <instantOut id="235_D11" time="34455.25" state="stay" vehID="Car_20457" speed="0.00" length="5.00" type="DEFAULT_CAR"/>
    <instantOut id="235_D11" time="34455.50" state="stay" vehID="Car_20457" speed="0.00" length="5.00" type="DEFAULT_CAR"/>
    <instantOut id="235_D11" time="34455.75" state="stay" vehID="Car_20457" speed="0.00" length="5.00" type="DEFAULT_CAR"/>
    <instantOut id="235_D11" time="34456.00" state="stay" vehID="Car_20457" speed="0.00" length="5.00" type="DEFAULT_CAR"/>
    <instantOut id="235_D11" time="34456.25" state="stay" vehID="Car_20457" speed="0.00" length="5.00" type="DEFAULT_CAR"/>
    <instantOut id="235_D11" time="34456.50" state="stay" vehID="Car_20457" speed="0.00" length="5.00" type="DEFAULT_CAR"/>
    <instantOut id="235_D11" time="34456.75" state="stay" vehID="Car_20457" speed="0.00" length="5.00" type="DEFAULT_CAR"/>
    <instantOut id="235_D11" time="34457.00" state="stay" vehID="Car_20457" speed="0.00" length="5.00" type="DEFAULT_CAR"/>
    <instantOut id="235_D11" time="34457.25" state="stay" vehID="Car_20457" speed="0.00" length="5.00" type="DEFAULT_CAR"/>
    <instantOut id="235_D11" time="34457.50" state="stay" vehID="Car_20457" speed="0.00" length="5.00" type="DEFAULT_CAR"/>
    <instantOut id="235_D11" time="34457.75" state="stay" vehID="Car_20457" speed="0.00" length="5.00" type="DEFAULT_CAR"/>
    <instantOut id="235_D11" time="34458.00" state="stay" vehID="Car_20457" speed="0.00" length="5.00" type="DEFAULT_CAR"/>
    <instantOut id="235_D11" time="34458.25" state="stay" vehID="Car_20457" speed="0.00" length="5.00" type="DEFAULT_CAR"/>
    <instantOut id="235_D11" time="34458.50" state="stay" vehID="Car_20457" speed="0.00" length="5.00" type="DEFAULT_CAR"/>
    <instantOut id="235_D11" time="34458.75" state="stay" vehID="Car_20457" speed="0.00" length="5.00" type="DEFAULT_CAR"/>
    <instantOut id="235_D11" time="34459.00" state="stay" vehID="Car_20457" speed="0.00" length="5.00" type="DEFAULT_CAR"/>
    <instantOut id="235_D11" time="34459.25" state="stay" vehID="Car_20457" speed="0.00" length="5.00" type="DEFAULT_CAR"/>
    <instantOut id="235_D11" time="34459.50" state="stay" vehID="Car_20457" speed="0.00" length="5.00" type="DEFAULT_CAR"/>
    <instantOut id="235_D11" time="34459.75" state="stay" vehID="Car_20457" speed="0.00" length="5.00" type="DEFAULT_CAR"/>
    <instantOut id="235_D11" time="34460.00" state="stay" vehID="Car_20457" speed="0.00" length="5.00" type="DEFAULT_CAR"/>
    <instantOut id="235_D11" time="34460.25" state="stay" vehID="Car_20457" speed="0.00" length="5.00" type="DEFAULT_CAR"/>
    <instantOut id="235_D11" time="34460.50" state="stay" vehID="Car_20457" speed="0.95" length="5.00" type="DEFAULT_CAR"/>
    <instantOut id="235_D11" time="34460.75" state="stay" vehID="Car_20457" speed="1.75" length="5.00" type="DEFAULT_CAR"/>
    <instantOut id="235_D11" time="34461.00" state="stay" vehID="Car_20457" speed="2.67" length="5.00" type="DEFAULT_CAR"/>
    <instantOut id="235_D11" time="34461.19" state="leave" vehID="Car_20457" speed="3.60" length="5.00" type="DEFAULT_CAR" occupancy="8.19"/>
    <instantOut id="235_D11" time="35863.90" state="enter" vehID="Car_21511" speed="6.15" length="5.00" type="DEFAULT_CAR" gap="1402.72"/>
    <instantOut id="235_D11" time="35864.00" state="stay" vehID="Car_21511" speed="6.15" length="5.00" type="DEFAULT_CAR"/>
    <instantOut id="235_D11" time="35864.25" state="stay" vehID="Car_21511" speed="7.10" length="5.00" type="DEFAULT_CAR"/>
    <instantOut id="235_D11" time="35864.50" state="stay" vehID="Car_21511" speed="7.87" length="5.00" type="DEFAULT_CAR"/>
    <instantOut id="235_D11" time="35864.58" state="leave" vehID="Car_21511" speed="7.94" length="5.00" type="DEFAULT_CAR" occupancy="0.68"/>
    <instantOut id="235_D11" time="38059.90" state="enter" vehID="Car_22166" speed="4.27" length="5.00" type="DEFAULT_CAR" gap="2195.32"/>
    <instantOut id="235_D11" time="38060.00" state="stay" vehID="Car_22166" speed="4.27" length="5.00" type="DEFAULT_CAR"/>
    <instantOut id="235_D11" time="38060.25" state="stay" vehID="Car_22166" speed="3.52" length="5.00" type="DEFAULT_CAR"/>
    <instantOut id="235_D11" time="38060.50" state="stay" vehID="Car_22166" speed="2.77" length="5.00" type="DEFAULT_CAR"/>
    <instantOut id="235_D11" time="38060.75" state="stay" vehID="Car_22166" speed="2.02" length="5.00" type="DEFAULT_CAR"/>
    <instantOut id="235_D11" time="38061.00" state="stay" vehID="Car_22166" speed="1.27" length="5.00" type="DEFAULT_CAR"/>
    <instantOut id="235_D11" time="38061.25" state="stay" vehID="Car_22166" speed="0.57" length="5.00" type="DEFAULT_CAR"/>
    <instantOut id="235_D11" time="38061.50" state="stay" vehID="Car_22166" speed="0.04" length="5.00" type="DEFAULT_CAR"/>
    <instantOut id="235_D11" time="38061.75" state="stay" vehID="Car_22166" speed="0.00" length="5.00" type="DEFAULT_CAR"/>
    <instantOut id="235_D11" time="38062.00" state="stay" vehID="Car_22166" speed="0.00" length="5.00" type="DEFAULT_CAR"/>
    <instantOut id="235_D11" time="38062.25" state="stay" vehID="Car_22166" speed="0.00" length="5.00" type="DEFAULT_CAR"/>
    <instantOut id="235_D11" time="38062.50" state="stay" vehID="Car_22166" speed="0.00" length="5.00" type="DEFAULT_CAR"/>
    <instantOut id="235_D11" time="38062.75" state="stay" vehID="Car_22166" speed="0.00" length="5.00" type="DEFAULT_CAR"/>
    <instantOut id="235_D11" time="38063.00" state="stay" vehID="Car_22166" speed="0.00" length="5.00" type="DEFAULT_CAR"/>
    <instantOut id="235_D11" time="38063.25" state="stay" vehID="Car_22166" speed="0.00" length="5.00" type="DEFAULT_CAR"/>
    <instantOut id="235_D11" time="38063.50" state="stay" vehID="Car_22166" speed="0.00" length="5.00" type="DEFAULT_CAR"/>
    <instantOut id="235_D11" time="38063.75" state="stay" vehID="Car_22166" speed="0.00" length="5.00" type="DEFAULT_CAR"/>
    <instantOut id="235_D11" time="38064.00" state="stay" vehID="Car_22166" speed="0.00" length="5.00" type="DEFAULT_CAR"/>
    <instantOut id="235_D11" time="38064.25" state="stay" vehID="Car_22166" speed="0.00" length="5.00" type="DEFAULT_CAR"/>
    <instantOut id="235_D11" time="38064.50" state="stay" vehID="Car_22166" speed="0.00" length="5.00" type="DEFAULT_CAR"/>
    <instantOut id="235_D11" time="38064.75" state="stay" vehID="Car_22166" speed="0.00" length="5.00" type="DEFAULT_CAR"/>
    <instantOut id="235_D11" time="38065.00" state="stay" vehID="Car_22166" speed="0.00" length="5.00" type="DEFAULT_CAR"/>
    <instantOut id="235_D11" time="38065.25" state="stay" vehID="Car_22166" speed="0.00" length="5.00" type="DEFAULT_CAR"/>
    <instantOut id="235_D11" time="38065.50" state="stay" vehID="Car_22166" speed="0.00" length="5.00" type="DEFAULT_CAR"/>
    <instantOut id="235_D11" time="38065.75" state="stay" vehID="Car_22166" speed="0.00" length="5.00" type="DEFAULT_CAR"/>
    <instantOut id="235_D11" time="38066.00" state="stay" vehID="Car_22166" speed="0.00" length="5.00" type="DEFAULT_CAR"/>
    <instantOut id="235_D11" time="38066.25" state="stay" vehID="Car_22166" speed="0.00" length="5.00" type="DEFAULT_CAR"/>
    <instantOut id="235_D11" time="38066.50" state="stay" vehID="Car_22166" speed="0.00" length="5.00" type="DEFAULT_CAR"/>
    <instantOut id="235_D11" time="38066.75" state="stay" vehID="Car_22166" speed="0.89" length="5.00" type="DEFAULT_CAR"/>
    <instantOut id="235_D11" time="38067.00" state="stay" vehID="Car_22166" speed="1.65" length="5.00" type="DEFAULT_CAR"/>
    <instantOut id="235_D11" time="38067.25" state="stay" vehID="Car_22166" speed="2.56" length="5.00" type="DEFAULT_CAR"/>
    <instantOut id="235_D11" time="38067.47" state="leave" vehID="Car_22166" speed="3.44" length="5.00" type="DEFAULT_CAR" occupancy="7.57"/>
    <instantOut id="235_D11" time="39690.94" state="enter" vehID="Car_23037" speed="6.18" length="5.00" type="DEFAULT_CAR" gap="1623.47"/>
    <instantOut id="235_D11" time="39691.00" state="stay" vehID="Car_23037" speed="6.18" length="5.00" type="DEFAULT_CAR"/>
    <instantOut id="235_D11" time="39691.25" state="stay" vehID="Car_23037" speed="7.13" length="5.00" type="DEFAULT_CAR"/>
    <instantOut id="235_D11" time="39691.50" state="stay" vehID="Car_23037" speed="7.94" length="5.00" type="DEFAULT_CAR"/>
    <instantOut id="235_D11" time="39691.60" state="leave" vehID="Car_23037" speed="8.74" length="5.00" type="DEFAULT_CAR" occupancy="0.66"/>
    <instantOut id="235_D11" time="40698.91" state="enter" vehID="Car_23281" speed="6.07" length="5.00" type="DEFAULT_CAR" gap="1007.31"/>
    <instantOut id="235_D11" time="40699.00" state="stay" vehID="Car_23281" speed="6.07" length="5.00" type="DEFAULT_CAR"/>
    <instantOut id="235_D11" time="40699.25" state="stay" vehID="Car_23281" speed="7.02" length="5.00" type="DEFAULT_CAR"/>
    <instantOut id="235_D11" time="40699.50" state="stay" vehID="Car_23281" speed="7.86" length="5.00" type="DEFAULT_CAR"/>
    <instantOut id="235_D11" time="40699.58" state="leave" vehID="Car_23281" speed="8.69" length="5.00" type="DEFAULT_CAR" occupancy="0.67"/>
</instantE1>
