<?xml version="1.0" encoding="UTF-8"?>

<!-- generated on 2025-02-28 15:00:31 by Eclipse SUMO GUI Version 1.19.0
<configuration xmlns:xsi="http://www.w3.org/2001/XMLSchema-instance" xsi:noNamespaceSchemaLocation="http://sumo.dlr.de/xsd/sumoConfiguration.xsd">

    <input>
        <net-file value="Network.net.xml"/>
        <route-files value="CarRoutes.rou.xml"/>
        <additional-files value="Sensors.add.xml"/>
    </input>

    <output>
        <emission-output value="logs/Emissions.xml"/>
        <summary-output value="logs/Log_summary.xml"/>
        <summary-output.period value="300"/>
        <tripinfo-output value="logs/TripInfos.xml"/>
    </output>

    <time>
        <begin value="0"/>
        <end value="86400"/>
        <step-length value="0.25"/>
    </time>

    <processing>
        <ignore-junction-blocker value="0.1"/>
        <time-to-teleport value="-1"/>
    </processing>

    <report>
        <verbose value="true"/>
        <no-step-log value="true"/>
    </report>

    <emissions>
        <device.emissions.period value="10"/>
    </emissions>

    <traci_server>
        <remote-port value="56090"/>
    </traci_server>

    <gui_only>
        <quit-on-end value="true"/>
        <start value="true"/>
    </gui_only>

</configuration>
-->

<instantE1 xmlns:xsi="http://www.w3.org/2001/XMLSchema-instance" xsi:noNamespaceSchemaLocation="http://sumo.dlr.de/xsd/instant_e1_file.xsd">
    <instantOut id="235_D025" time="2173.69" state="enter" vehID="Car_1046" speed="9.74" length="5.00" type="DEFAULT_CAR"/>
    <instantOut id="235_D025" time="2173.75" state="stay" vehID="Car_1046" speed="9.74" length="5.00" type="DEFAULT_CAR"/>
    <instantOut id="235_D025" time="2174.00" state="stay" vehID="Car_1046" speed="10.65" length="5.00" type="DEFAULT_CAR"/>
    <instantOut id="235_D025" time="2174.18" state="leave" vehID="Car_1046" speed="9.90" length="5.00" type="DEFAULT_CAR" occupancy="0.49"/>
    <instantOut id="235_D025" time="2208.13" state="enter" vehID="Car_1195" speed="9.98" length="5.00" type="DEFAULT_CAR" gap="33.95"/>
    <instantOut id="235_D025" time="2208.25" state="stay" vehID="Car_1195" speed="9.98" length="5.00" type="DEFAULT_CAR"/>
    <instantOut id="235_D025" time="2208.50" state="stay" vehID="Car_1195" speed="9.23" length="5.00" type="DEFAULT_CAR"/>
    <instantOut id="235_D025" time="2208.68" state="leave" vehID="Car_1195" speed="8.54" length="5.00" type="DEFAULT_CAR" occupancy="0.55"/>
    <instantOut id="235_D025" time="6605.22" state="enter" vehID="Car_3806" speed="9.68" length="5.00" type="DEFAULT_CAR" gap="4396.55"/>
    <instantOut id="235_D025" time="6605.25" state="stay" vehID="Car_3806" speed="9.68" length="5.00" type="DEFAULT_CAR"/>
    <instantOut id="235_D025" time="6605.50" state="stay" vehID="Car_3806" speed="8.95" length="5.00" type="DEFAULT_CAR"/>
    <instantOut id="235_D025" time="6605.75" state="stay" vehID="Car_3806" speed="8.30" length="5.00" type="DEFAULT_CAR"/>
    <instantOut id="235_D025" time="6605.81" state="leave" vehID="Car_3806" speed="7.55" length="5.00" type="DEFAULT_CAR" occupancy="0.58"/>
    <instantOut id="235_D025" time="8554.54" state="enter" vehID="Car_4560" speed="7.39" length="5.00" type="DEFAULT_CAR" gap="1948.73"/>
    <instantOut id="235_D025" time="8554.75" state="stay" vehID="Car_4560" speed="7.39" length="5.00" type="DEFAULT_CAR"/>
    <instantOut id="235_D025" time="8555.00" state="stay" vehID="Car_4560" speed="6.75" length="5.00" type="DEFAULT_CAR"/>
    <instantOut id="235_D025" time="8555.25" state="stay" vehID="Car_4560" speed="6.00" length="5.00" type="DEFAULT_CAR"/>
    <instantOut id="235_D025" time="8555.30" state="leave" vehID="Car_4560" speed="5.25" length="5.00" type="DEFAULT_CAR" occupancy="0.76"/>
    <instantOut id="235_D025" time="8752.49" state="enter" vehID="Car_4520" speed="9.55" length="5.00" type="DEFAULT_CAR" gap="197.19"/>
    <instantOut id="235_D025" time="8752.50" state="stay" vehID="Car_4520" speed="9.55" length="5.00" type="DEFAULT_CAR"/>
    <instantOut id="235_D025" time="8752.75" state="stay" vehID="Car_4520" speed="8.80" length="5.00" type="DEFAULT_CAR"/>
    <instantOut id="235_D025" time="8753.00" state="stay" vehID="Car_4520" speed="8.05" length="5.00" type="DEFAULT_CAR"/>
    <instantOut id="235_D025" time="8753.10" state="leave" vehID="Car_4520" speed="7.30" length="5.00" type="DEFAULT_CAR" occupancy="0.61"/>
    <instantOut id="235_D025" time="9909.01" state="enter" vehID="Car_5446" speed="8.44" length="5.00" type="DEFAULT_CAR" gap="1155.92"/>
    <instantOut id="235_D025" time="9909.25" state="stay" vehID="Car_5446" speed="8.44" length="5.00" type="DEFAULT_CAR"/>
    <instantOut id="235_D025" time="9909.50" state="stay" vehID="Car_5446" speed="7.84" length="5.00" type="DEFAULT_CAR"/>
    <instantOut id="235_D025" time="9909.65" state="leave" vehID="Car_5446" speed="7.09" length="5.00" type="DEFAULT_CAR" occupancy="0.63"/>
    <instantOut id="235_D025" time="9970.13" state="enter" vehID="Car_5893" speed="6.22" length="5.00" type="DEFAULT_CAR" gap="60.48"/>
    <instantOut id="235_D025" time="9970.25" state="stay" vehID="Car_5893" speed="6.22" length="5.00" type="DEFAULT_CAR"/>
    <instantOut id="235_D025" time="9970.50" state="stay" vehID="Car_5893" speed="5.75" length="5.00" type="DEFAULT_CAR"/>
    <instantOut id="235_D025" time="9970.75" state="stay" vehID="Car_5893" speed="5.24" length="5.00" type="DEFAULT_CAR"/>
    <instantOut id="235_D025" time="9971.00" state="stay" vehID="Car_5893" speed="4.68" length="5.00" type="DEFAULT_CAR"/>
    <instantOut id="235_D025" time="9971.09" state="leave" vehID="Car_5893" speed="3.93" length="5.00" type="DEFAULT_CAR" occupancy="0.96"/>
    <instantOut id="235_D025" time="9972.91" state="enter" vehID="Car_5740" speed="3.94" length="5.00" type="DEFAULT_CAR" gap="1.83"/>
    <instantOut id="235_D025" time="9973.00" state="stay" vehID="Car_5740" speed="3.94" length="5.00" type="DEFAULT_CAR"/>
    <instantOut id="235_D025" time="9973.25" state="stay" vehID="Car_5740" speed="4.17" length="5.00" type="DEFAULT_CAR"/>
    <instantOut id="235_D025" time="9973.50" state="stay" vehID="Car_5740" speed="4.11" length="5.00" type="DEFAULT_CAR"/>
    <instantOut id="235_D025" time="9973.75" state="stay" vehID="Car_5740" speed="3.60" length="5.00" type="DEFAULT_CAR"/>
    <instantOut id="235_D025" time="9974.00" state="stay" vehID="Car_5740" speed="3.87" length="5.00" type="DEFAULT_CAR"/>
    <instantOut id="235_D025" time="9974.19" state="leave" vehID="Car_5740" speed="3.86" length="5.00" type="DEFAULT_CAR" occupancy="1.27"/>
    <instantOut id="235_D025" time="10281.96" state="enter" vehID="Car_5722" speed="9.29" length="5.00" type="DEFAULT_CAR" gap="307.77"/>
    <instantOut id="235_D025" time="10282.00" state="stay" vehID="Car_5722" speed="9.29" length="5.00" type="DEFAULT_CAR"/>
    <instantOut id="235_D025" time="10282.25" state="stay" vehID="Car_5722" speed="8.54" length="5.00" type="DEFAULT_CAR"/>
    <instantOut id="235_D025" time="10282.50" state="stay" vehID="Car_5722" speed="7.79" length="5.00" type="DEFAULT_CAR"/>
    <instantOut id="235_D025" time="10282.57" state="leave" vehID="Car_5722" speed="7.04" length="5.00" type="DEFAULT_CAR" occupancy="0.62"/>
    <instantOut id="235_D025" time="10669.48" state="enter" vehID="Car_5779" speed="8.62" length="5.00" type="DEFAULT_CAR" gap="386.90"/>
    <instantOut id="235_D025" time="10669.50" state="stay" vehID="Car_5779" speed="8.62" length="5.00" type="DEFAULT_CAR"/>
    <instantOut id="235_D025" time="10669.75" state="stay" vehID="Car_5779" speed="8.06" length="5.00" type="DEFAULT_CAR"/>
    <instantOut id="235_D025" time="10670.00" state="stay" vehID="Car_5779" speed="7.31" length="5.00" type="DEFAULT_CAR"/>
    <instantOut id="235_D025" time="10670.14" state="leave" vehID="Car_5779" speed="6.97" length="5.00" type="DEFAULT_CAR" occupancy="0.66"/>
    <instantOut id="235_D025" time="14264.63" state="enter" vehID="Car_7651" speed="6.92" length="5.00" type="DEFAULT_CAR" gap="3594.49"/>
    <instantOut id="235_D025" time="14264.75" state="stay" vehID="Car_7651" speed="6.92" length="5.00" type="DEFAULT_CAR"/>
    <instantOut id="235_D025" time="14265.00" state="stay" vehID="Car_7651" speed="6.17" length="5.00" type="DEFAULT_CAR"/>
    <instantOut id="235_D025" time="14265.25" state="stay" vehID="Car_7651" speed="5.42" length="5.00" type="DEFAULT_CAR"/>
    <instantOut id="235_D025" time="14265.50" state="stay" vehID="Car_7651" speed="4.67" length="5.00" type="DEFAULT_CAR"/>
    <instantOut id="235_D025" time="14265.52" state="leave" vehID="Car_7651" speed="3.92" length="5.00" type="DEFAULT_CAR" occupancy="0.89"/>
    <instantOut id="235_D025" time="15100.00" state="enter" vehID="Car_8263" speed="8.69" length="5.00" type="DEFAULT_CAR" gap="834.48"/>
    <instantOut id="235_D025" time="15100.00" state="stay" vehID="Car_8263" speed="8.69" length="5.00" type="DEFAULT_CAR"/>
    <instantOut id="235_D025" time="15100.25" state="stay" vehID="Car_8263" speed="7.94" length="5.00" type="DEFAULT_CAR"/>
    <instantOut id="235_D025" time="15100.50" state="stay" vehID="Car_8263" speed="7.19" length="5.00" type="DEFAULT_CAR"/>
    <instantOut id="235_D025" time="15100.68" state="leave" vehID="Car_8263" speed="6.52" length="5.00" type="DEFAULT_CAR" occupancy="0.69"/>
    <instantOut id="235_D025" time="15413.02" state="enter" vehID="Car_8667" speed="7.93" length="5.00" type="DEFAULT_CAR" gap="312.34"/>
    <instantOut id="235_D025" time="15413.25" state="stay" vehID="Car_8667" speed="7.93" length="5.00" type="DEFAULT_CAR"/>
    <instantOut id="235_D025" time="15413.50" state="stay" vehID="Car_8667" speed="7.23" length="5.00" type="DEFAULT_CAR"/>
    <instantOut id="235_D025" time="15413.71" state="leave" vehID="Car_8667" speed="6.56" length="5.00" type="DEFAULT_CAR" occupancy="0.69"/>
    <instantOut id="235_D025" time="16465.98" state="enter" vehID="Car_9494" speed="9.46" length="5.00" type="DEFAULT_CAR" gap="1052.27"/>
    <instantOut id="235_D025" time="16466.00" state="stay" vehID="Car_9494" speed="9.46" length="5.00" type="DEFAULT_CAR"/>
    <instantOut id="235_D025" time="16466.25" state="stay" vehID="Car_9494" speed="9.63" length="5.00" type="DEFAULT_CAR"/>
    <instantOut id="235_D025" time="16466.50" state="stay" vehID="Car_9494" speed="8.88" length="5.00" type="DEFAULT_CAR"/>
    <instantOut id="235_D025" time="16466.53" state="leave" vehID="Car_9494" speed="8.15" length="5.00" type="DEFAULT_CAR" occupancy="0.54"/>
    <instantOut id="235_D025" time="18792.04" state="enter" vehID="Car_10535" speed="7.28" length="5.00" type="DEFAULT_CAR" gap="2325.51"/>
    <instantOut id="235_D025" time="18792.25" state="stay" vehID="Car_10535" speed="7.28" length="5.00" type="DEFAULT_CAR"/>
    <instantOut id="235_D025" time="18792.50" state="stay" vehID="Car_10535" speed="7.86" length="5.00" type="DEFAULT_CAR"/>
    <instantOut id="235_D025" time="18792.69" state="leave" vehID="Car_10535" speed="7.80" length="5.00" type="DEFAULT_CAR" occupancy="0.65"/>
    <instantOut id="235_D025" time="18868.82" state="enter" vehID="Car_10983" speed="7.07" length="5.00" type="DEFAULT_CAR" gap="76.13"/>
    <instantOut id="235_D025" time="18869.00" state="stay" vehID="Car_10983" speed="7.07" length="5.00" type="DEFAULT_CAR"/>
    <instantOut id="235_D025" time="18869.25" state="stay" vehID="Car_10983" speed="6.33" length="5.00" type="DEFAULT_CAR"/>
    <instantOut id="235_D025" time="18869.50" state="stay" vehID="Car_10983" speed="5.79" length="5.00" type="DEFAULT_CAR"/>
    <instantOut id="235_D025" time="18869.64" state="leave" vehID="Car_10983" speed="5.04" length="5.00" type="DEFAULT_CAR" occupancy="0.82"/>
    <instantOut id="235_D025" time="19611.33" state="enter" vehID="Car_10871" speed="8.05" length="5.00" type="DEFAULT_CAR" gap="741.69"/>
    <instantOut id="235_D025" time="19611.50" state="stay" vehID="Car_10871" speed="8.05" length="5.00" type="DEFAULT_CAR"/>
    <instantOut id="235_D025" time="19611.75" state="stay" vehID="Car_10871" speed="7.30" length="5.00" type="DEFAULT_CAR"/>
    <instantOut id="235_D025" time="19612.00" state="stay" vehID="Car_10871" speed="6.55" length="5.00" type="DEFAULT_CAR"/>
    <instantOut id="235_D025" time="19612.03" state="leave" vehID="Car_10871" speed="5.86" length="5.00" type="DEFAULT_CAR" occupancy="0.70"/>
    <instantOut id="235_D025" time="21270.48" state="enter" vehID="Car_12126" speed="8.66" length="5.00" type="DEFAULT_CAR" gap="1658.45"/>
    <instantOut id="235_D025" time="21270.50" state="stay" vehID="Car_12126" speed="8.66" length="5.00" type="DEFAULT_CAR"/>
    <instantOut id="235_D025" time="21270.75" state="stay" vehID="Car_12126" speed="7.91" length="5.00" type="DEFAULT_CAR"/>
    <instantOut id="235_D025" time="21271.00" state="stay" vehID="Car_12126" speed="7.16" length="5.00" type="DEFAULT_CAR"/>
    <instantOut id="235_D025" time="21271.17" state="leave" vehID="Car_12126" speed="6.41" length="5.00" type="DEFAULT_CAR" occupancy="0.69"/>
    <instantOut id="235_D025" time="23726.80" state="enter" vehID="Car_13319" speed="8.23" length="5.00" type="DEFAULT_CAR" gap="2455.63"/>
    <instantOut id="235_D025" time="23727.00" state="stay" vehID="Car_13319" speed="8.23" length="5.00" type="DEFAULT_CAR"/>
    <instantOut id="235_D025" time="23727.25" state="stay" vehID="Car_13319" speed="7.48" length="5.00" type="DEFAULT_CAR"/>
    <instantOut id="235_D025" time="23727.46" state="leave" vehID="Car_13319" speed="6.73" length="5.00" type="DEFAULT_CAR" occupancy="0.67"/>
    <instantOut id="235_D025" time="26573.48" state="enter" vehID="Car_15650" speed="8.91" length="5.00" type="DEFAULT_CAR" gap="2846.02"/>
    <instantOut id="235_D025" time="26573.50" state="stay" vehID="Car_15650" speed="8.91" length="5.00" type="DEFAULT_CAR"/>
    <instantOut id="235_D025" time="26573.75" state="stay" vehID="Car_15650" speed="8.16" length="5.00" type="DEFAULT_CAR"/>
    <instantOut id="235_D025" time="26574.00" state="stay" vehID="Car_15650" speed="7.41" length="5.00" type="DEFAULT_CAR"/>
    <instantOut id="235_D025" time="26574.14" state="leave" vehID="Car_15650" speed="6.99" length="5.00" type="DEFAULT_CAR" occupancy="0.65"/>
    <instantOut id="235_D025" time="27691.74" state="enter" vehID="Car_16312" speed="9.01" length="5.00" type="DEFAULT_CAR" gap="1117.60"/>
    <instantOut id="235_D025" time="27691.75" state="stay" vehID="Car_16312" speed="9.01" length="5.00" type="DEFAULT_CAR"/>
    <instantOut id="235_D025" time="27692.00" state="stay" vehID="Car_16312" speed="8.32" length="5.00" type="DEFAULT_CAR"/>
    <instantOut id="235_D025" time="27692.25" state="stay" vehID="Car_16312" speed="7.57" length="5.00" type="DEFAULT_CAR"/>
    <instantOut id="235_D025" time="27692.39" state="leave" vehID="Car_16312" speed="6.86" length="5.00" type="DEFAULT_CAR" occupancy="0.65"/>
    <instantOut id="235_D025" time="28669.97" state="enter" vehID="Car_16814" speed="9.89" length="5.00" type="DEFAULT_CAR" gap="977.58"/>
    <instantOut id="235_D025" time="28670.00" state="stay" vehID="Car_16814" speed="9.89" length="5.00" type="DEFAULT_CAR"/>
    <instantOut id="235_D025" time="28670.25" state="stay" vehID="Car_16814" speed="9.52" length="5.00" type="DEFAULT_CAR"/>
    <instantOut id="235_D025" time="28670.50" state="stay" vehID="Car_16814" speed="8.86" length="5.00" type="DEFAULT_CAR"/>
    <instantOut id="235_D025" time="28670.51" state="leave" vehID="Car_16814" speed="8.11" length="5.00" type="DEFAULT_CAR" occupancy="0.54"/>
    <instantOut id="235_D025" time="28957.76" state="enter" vehID="Car_17085" speed="6.49" length="5.00" type="DEFAULT_CAR" gap="287.25"/>
    <instantOut id="235_D025" time="28958.00" state="stay" vehID="Car_17085" speed="6.49" length="5.00" type="DEFAULT_CAR"/>
    <instantOut id="235_D025" time="28958.25" state="stay" vehID="Car_17085" speed="5.74" length="5.00" type="DEFAULT_CAR"/>
    <instantOut id="235_D025" time="28958.50" state="stay" vehID="Car_17085" speed="4.99" length="5.00" type="DEFAULT_CAR"/>
    <instantOut id="235_D025" time="28958.67" state="leave" vehID="Car_17085" speed="4.27" length="5.00" type="DEFAULT_CAR" occupancy="0.92"/>
    <instantOut id="235_D025" time="30710.00" state="enter" vehID="Car_18272" speed="6.81" length="5.00" type="DEFAULT_CAR" gap="1751.33"/>
    <instantOut id="235_D025" time="30710.00" state="stay" vehID="Car_18272" speed="6.81" length="5.00" type="DEFAULT_CAR"/>
    <instantOut id="235_D025" time="30710.25" state="stay" vehID="Car_18272" speed="7.64" length="5.00" type="DEFAULT_CAR"/>
    <instantOut id="235_D025" time="30710.50" state="stay" vehID="Car_18272" speed="7.51" length="5.00" type="DEFAULT_CAR"/>
    <instantOut id="235_D025" time="30710.68" state="leave" vehID="Car_18272" speed="6.76" length="5.00" type="DEFAULT_CAR" occupancy="0.68"/>
    <instantOut id="235_D025" time="33756.21" state="enter" vehID="Car_20227" speed="9.83" length="5.00" type="DEFAULT_CAR" gap="3045.53"/>
    <instantOut id="235_D025" time="33756.25" state="stay" vehID="Car_20227" speed="9.83" length="5.00" type="DEFAULT_CAR"/>
    <instantOut id="235_D025" time="33756.50" state="stay" vehID="Car_20227" speed="10.44" length="5.00" type="DEFAULT_CAR"/>
    <instantOut id="235_D025" time="33756.70" state="leave" vehID="Car_20227" speed="9.69" length="5.00" type="DEFAULT_CAR" occupancy="0.50"/>
    <instantOut id="235_D025" time="34984.79" state="enter" vehID="Car_21205" speed="8.77" length="5.00" type="DEFAULT_CAR" gap="1228.08"/>
    <instantOut id="235_D025" time="34985.00" state="stay" vehID="Car_21205" speed="8.77" length="5.00" type="DEFAULT_CAR"/>
    <instantOut id="235_D025" time="34985.25" state="stay" vehID="Car_21205" speed="8.02" length="5.00" type="DEFAULT_CAR"/>
    <instantOut id="235_D025" time="34985.41" state="leave" vehID="Car_21205" speed="7.27" length="5.00" type="DEFAULT_CAR" occupancy="0.62"/>
    <instantOut id="235_D025" time="35054.51" state="enter" vehID="Car_21050" speed="9.27" length="5.00" type="DEFAULT_CAR" gap="69.11"/>
    <instantOut id="235_D025" time="35054.75" state="stay" vehID="Car_21050" speed="9.27" length="5.00" type="DEFAULT_CAR"/>
    <instantOut id="235_D025" time="35055.00" state="stay" vehID="Car_21050" speed="8.52" length="5.00" type="DEFAULT_CAR"/>
    <instantOut id="235_D025" time="35055.08" state="leave" vehID="Car_21050" speed="8.09" length="5.00" type="DEFAULT_CAR" occupancy="0.57"/>
    <instantOut id="235_D025" time="39937.22" state="enter" vehID="Car_22884" speed="10.00" length="5.00" type="DEFAULT_CAR" gap="4882.13"/>
    <instantOut id="235_D025" time="39937.25" state="stay" vehID="Car_22884" speed="10.00" length="5.00" type="DEFAULT_CAR"/>
    <instantOut id="235_D025" time="39937.50" state="stay" vehID="Car_22884" speed="9.77" length="5.00" type="DEFAULT_CAR"/>
    <instantOut id="235_D025" time="39937.74" state="leave" vehID="Car_22884" speed="9.30" length="5.00" type="DEFAULT_CAR" occupancy="0.52"/>
    <instantOut id="235_D025" time="43683.49" state="enter" vehID="Car_24278" speed="9.84" length="5.00" type="DEFAULT_CAR" gap="3745.76"/>
    <instantOut id="235_D025" time="43683.50" state="stay" vehID="Car_24278" speed="9.84" length="5.00" type="DEFAULT_CAR"/>
    <instantOut id="235_D025" time="43683.75" state="stay" vehID="Car_24278" speed="9.09" length="5.00" type="DEFAULT_CAR"/>
    <instantOut id="235_D025" time="43684.00" state="stay" vehID="Car_24278" speed="8.34" length="5.00" type="DEFAULT_CAR"/>
    <instantOut id="235_D025" time="43684.08" state="leave" vehID="Car_24278" speed="7.59" length="5.00" type="DEFAULT_CAR" occupancy="0.58"/>
    <instantOut id="235_D025" time="45401.73" state="enter" vehID="Car_24664" speed="9.94" length="5.00" type="DEFAULT_CAR" gap="1717.65"/>
    <instantOut id="235_D025" time="45401.75" state="stay" vehID="Car_24664" speed="9.94" length="5.00" type="DEFAULT_CAR"/>
    <instantOut id="235_D025" time="45402.00" state="stay" vehID="Car_24664" speed="10.48" length="5.00" type="DEFAULT_CAR"/>
    <instantOut id="235_D025" time="45402.21" state="leave" vehID="Car_24664" speed="10.35" length="5.00" type="DEFAULT_CAR" occupancy="0.48"/>
</instantE1>
