<?xml version="1.0" encoding="UTF-8"?>

<!-- generated on 2025-02-24 17:47:11 by Eclipse SUMO GUI Version 1.19.0
<configuration xmlns:xsi="http://www.w3.org/2001/XMLSchema-instance" xsi:noNamespaceSchemaLocation="http://sumo.dlr.de/xsd/sumoConfiguration.xsd">

    <input>
        <net-file value="Network.net.xml"/>
        <route-files value="CarRoutes.rou.xml,BusRoutes.rou.xml"/>
        <additional-files value="BusStops.add.xml,Sensors_dfrouter.add.xml"/>
    </input>

    <output>
        <emission-output value="logs/Emissions.xml"/>
        <tripinfo-output value="logs/TripInfos.xml"/>
    </output>

    <time>
        <begin value="0"/>
        <end value="86400"/>
        <step-length value="0.25"/>
    </time>

    <processing>
        <ignore-junction-blocker value="0.1"/>
        <time-to-teleport value="-1"/>
    </processing>

    <emissions>
        <device.emissions.period value="10"/>
    </emissions>

    <traci_server>
        <remote-port value="61971"/>
    </traci_server>

    <gui_only>
        <quit-on-end value="true"/>
        <start value="true"/>
    </gui_only>

</configuration>
-->

<detector xmlns:xsi="http://www.w3.org/2001/XMLSchema-instance" xsi:noNamespaceSchemaLocation="http://sumo.dlr.de/xsd/det_e1_file.xsd">
    <interval begin="0.00" end="900.00" id="215_D11" nVehContrib="21" flow="84.00" occupancy="16.45" speed="4.55" harmonicMeanSpeed="0.71" length="5.00" nVehEntered="21"/>
    <interval begin="900.00" end="1800.00" id="215_D11" nVehContrib="32" flow="128.00" occupancy="15.21" speed="4.63" harmonicMeanSpeed="1.17" length="5.00" nVehEntered="32"/>
    <interval begin="1800.00" end="2700.00" id="215_D11" nVehContrib="26" flow="104.00" occupancy="11.37" speed="4.72" harmonicMeanSpeed="1.27" length="5.00" nVehEntered="26"/>
    <interval begin="2700.00" end="3600.00" id="215_D11" nVehContrib="20" flow="80.00" occupancy="25.45" speed="4.04" harmonicMeanSpeed="0.44" length="5.00" nVehEntered="20"/>
    <interval begin="3600.00" end="4500.00" id="215_D11" nVehContrib="19" flow="76.00" occupancy="6.30" speed="5.57" harmonicMeanSpeed="1.68" length="5.00" nVehEntered="19"/>
    <interval begin="4500.00" end="5400.00" id="215_D11" nVehContrib="24" flow="96.00" occupancy="12.82" speed="4.06" harmonicMeanSpeed="1.04" length="5.00" nVehEntered="24"/>
    <interval begin="5400.00" end="6300.00" id="215_D11" nVehContrib="17" flow="68.00" occupancy="6.47" speed="4.89" harmonicMeanSpeed="1.46" length="5.00" nVehEntered="17"/>
    <interval begin="6300.00" end="7200.00" id="215_D11" nVehContrib="27" flow="108.00" occupancy="14.90" speed="4.33" harmonicMeanSpeed="1.01" length="5.00" nVehEntered="27"/>
    <interval begin="7200.00" end="8100.00" id="215_D11" nVehContrib="22" flow="88.00" occupancy="11.63" speed="4.43" harmonicMeanSpeed="1.05" length="5.00" nVehEntered="22"/>
    <interval begin="8100.00" end="9000.00" id="215_D11" nVehContrib="23" flow="92.00" occupancy="6.75" speed="5.62" harmonicMeanSpeed="1.89" length="5.00" nVehEntered="23"/>
    <interval begin="9000.00" end="9900.00" id="215_D11" nVehContrib="25" flow="100.00" occupancy="20.09" speed="4.10" harmonicMeanSpeed="0.69" length="5.00" nVehEntered="25"/>
    <interval begin="9900.00" end="10800.00" id="215_D11" nVehContrib="25" flow="100.00" occupancy="8.76" speed="5.40" harmonicMeanSpeed="1.58" length="5.00" nVehEntered="25"/>
    <interval begin="10800.00" end="11700.00" id="215_D11" nVehContrib="33" flow="132.00" occupancy="13.93" speed="4.88" harmonicMeanSpeed="1.45" length="5.00" nVehEntered="34"/>
    <interval begin="11700.00" end="12600.00" id="215_D11" nVehContrib="34" flow="136.00" occupancy="5.07" speed="5.97" harmonicMeanSpeed="3.73" length="5.00" nVehEntered="34"/>
    <interval begin="12600.00" end="13500.00" id="215_D11" nVehContrib="18" flow="72.00" occupancy="10.63" speed="4.26" harmonicMeanSpeed="0.94" length="5.00" nVehEntered="18"/>
    <interval begin="13500.00" end="14400.00" id="215_D11" nVehContrib="21" flow="84.00" occupancy="16.18" speed="3.39" harmonicMeanSpeed="0.72" length="5.00" nVehEntered="21"/>
    <interval begin="14400.00" end="15300.00" id="215_D11" nVehContrib="15" flow="60.00" occupancy="8.62" speed="5.17" harmonicMeanSpeed="1.07" length="5.00" nVehEntered="16"/>
    <interval begin="15300.00" end="16200.00" id="215_D11" nVehContrib="25" flow="100.00" occupancy="18.88" speed="4.85" harmonicMeanSpeed="0.80" length="5.00" nVehEntered="25"/>
    <interval begin="16200.00" end="17100.00" id="215_D11" nVehContrib="38" flow="152.00" occupancy="21.21" speed="3.88" harmonicMeanSpeed="0.90" length="5.00" nVehEntered="37"/>
    <interval begin="17100.00" end="18000.00" id="215_D11" nVehContrib="28" flow="112.00" occupancy="24.27" speed="4.36" harmonicMeanSpeed="0.64" length="5.00" nVehEntered="28"/>
    <interval begin="18000.00" end="18900.00" id="215_D11" nVehContrib="33" flow="132.00" occupancy="16.92" speed="4.51" harmonicMeanSpeed="1.08" length="5.00" nVehEntered="33"/>
    <interval begin="18900.00" end="19800.00" id="215_D11" nVehContrib="30" flow="120.00" occupancy="24.17" speed="4.44" harmonicMeanSpeed="0.82" length="5.00" nVehEntered="31"/>
    <interval begin="19800.00" end="20700.00" id="215_D11" nVehContrib="26" flow="104.00" occupancy="17.00" speed="4.83" harmonicMeanSpeed="0.85" length="5.00" nVehEntered="26"/>
    <interval begin="20700.00" end="21600.00" id="215_D11" nVehContrib="33" flow="132.00" occupancy="19.25" speed="4.03" harmonicMeanSpeed="0.95" length="5.00" nVehEntered="33"/>
    <interval begin="21600.00" end="22500.00" id="215_D11" nVehContrib="36" flow="144.00" occupancy="17.67" speed="4.48" harmonicMeanSpeed="1.13" length="5.00" nVehEntered="36"/>
    <interval begin="22500.00" end="23400.00" id="215_D11" nVehContrib="36" flow="144.00" occupancy="19.91" speed="4.17" harmonicMeanSpeed="1.03" length="5.00" nVehEntered="37"/>
    <interval begin="23400.00" end="24300.00" id="215_D11" nVehContrib="23" flow="92.00" occupancy="19.00" speed="3.67" harmonicMeanSpeed="0.66" length="5.00" nVehEntered="23"/>
    <interval begin="24300.00" end="25200.00" id="215_D11" nVehContrib="39" flow="156.00" occupancy="31.06" speed="3.75" harmonicMeanSpeed="0.69" length="5.00" nVehEntered="38"/>
    <interval begin="25200.00" end="26100.00" id="215_D11" nVehContrib="45" flow="180.00" occupancy="14.14" speed="4.87" harmonicMeanSpeed="1.77" length="5.00" nVehEntered="45"/>
    <interval begin="26100.00" end="27000.00" id="215_D11" nVehContrib="40" flow="160.00" occupancy="20.98" speed="4.05" harmonicMeanSpeed="1.06" length="5.00" nVehEntered="40"/>
    <interval begin="27000.00" end="27900.00" id="215_D11" nVehContrib="45" flow="180.00" occupancy="19.17" speed="5.00" harmonicMeanSpeed="1.33" length="5.00" nVehEntered="46"/>
    <interval begin="27900.00" end="28800.00" id="215_D11" nVehContrib="48" flow="192.00" occupancy="18.39" speed="4.85" harmonicMeanSpeed="1.51" length="5.00" nVehEntered="48"/>
    <interval begin="28800.00" end="29700.00" id="215_D11" nVehContrib="36" flow="144.00" occupancy="27.01" speed="4.66" harmonicMeanSpeed="0.71" length="5.00" nVehEntered="35"/>
    <interval begin="29700.00" end="30600.00" id="215_D11" nVehContrib="27" flow="108.00" occupancy="10.63" speed="5.04" harmonicMeanSpeed="1.41" length="5.00" nVehEntered="27"/>
    <interval begin="30600.00" end="31500.00" id="215_D11" nVehContrib="35" flow="140.00" occupancy="11.72" speed="5.59" harmonicMeanSpeed="1.66" length="5.00" nVehEntered="35"/>
    <interval begin="31500.00" end="32400.00" id="215_D11" nVehContrib="26" flow="104.00" occupancy="24.20" speed="4.38" harmonicMeanSpeed="0.66" length="5.00" nVehEntered="29"/>
    <interval begin="32400.00" end="33300.00" id="215_D11" nVehContrib="19" flow="76.00" occupancy="16.36" speed="3.50" harmonicMeanSpeed="0.65" length="5.00" nVehEntered="19"/>
    <interval begin="33300.00" end="34200.00" id="215_D11" nVehContrib="11" flow="44.00" occupancy="3.06" speed="4.87" harmonicMeanSpeed="2.00" length="5.00" nVehEntered="11"/>
    <interval begin="34200.00" end="35100.00" id="215_D11" nVehContrib="24" flow="96.00" occupancy="14.55" speed="4.41" harmonicMeanSpeed="0.92" length="5.00" nVehEntered="24"/>
    <interval begin="35100.00" end="36000.00" id="215_D11" nVehContrib="28" flow="112.00" occupancy="12.89" speed="4.83" harmonicMeanSpeed="1.21" length="5.00" nVehEntered="28"/>
    <interval begin="36000.00" end="36900.00" id="215_D11" nVehContrib="20" flow="80.00" occupancy="10.84" speed="4.51" harmonicMeanSpeed="1.02" length="5.00" nVehEntered="20"/>
    <interval begin="36900.00" end="37800.00" id="215_D11" nVehContrib="19" flow="76.00" occupancy="9.12" speed="4.49" harmonicMeanSpeed="1.16" length="5.00" nVehEntered="19"/>
    <interval begin="37800.00" end="38700.00" id="215_D11" nVehContrib="15" flow="60.00" occupancy="4.18" speed="5.59" harmonicMeanSpeed="3.08" length="5.00" nVehEntered="16"/>
    <interval begin="38700.00" end="39600.00" id="215_D11" nVehContrib="16" flow="64.00" occupancy="12.31" speed="4.29" harmonicMeanSpeed="0.72" length="5.00" nVehEntered="16"/>
    <interval begin="39600.00" end="40500.00" id="215_D11" nVehContrib="13" flow="52.00" occupancy="1.27" speed="5.98" harmonicMeanSpeed="5.68" length="5.00" nVehEntered="13"/>
    <interval begin="40500.00" end="41400.00" id="215_D11" nVehContrib="11" flow="44.00" occupancy="2.93" speed="4.78" harmonicMeanSpeed="2.09" length="5.00" nVehEntered="11"/>
    <interval begin="41400.00" end="42300.00" id="215_D11" nVehContrib="7" flow="28.00" occupancy="3.39" speed="3.78" harmonicMeanSpeed="1.15" length="5.00" nVehEntered="7"/>
    <interval begin="42300.00" end="43200.00" id="215_D11" nVehContrib="5" flow="20.00" occupancy="2.21" speed="3.19" harmonicMeanSpeed="1.26" length="5.00" nVehEntered="5"/>
    <interval begin="43200.00" end="44100.00" id="215_D11" nVehContrib="4" flow="16.00" occupancy="0.41" speed="5.69" harmonicMeanSpeed="5.38" length="5.00" nVehEntered="4"/>
    <interval begin="44100.00" end="45000.00" id="215_D11" nVehContrib="9" flow="36.00" occupancy="3.27" speed="4.53" harmonicMeanSpeed="1.53" length="5.00" nVehEntered="9"/>
    <interval begin="45000.00" end="45900.00" id="215_D11" nVehContrib="11" flow="44.00" occupancy="4.76" speed="5.29" harmonicMeanSpeed="1.28" length="5.00" nVehEntered="11"/>
    <interval begin="45900.00" end="46800.00" id="215_D11" nVehContrib="11" flow="44.00" occupancy="9.45" speed="3.84" harmonicMeanSpeed="0.65" length="5.00" nVehEntered="11"/>
    <interval begin="46800.00" end="47700.00" id="215_D11" nVehContrib="8" flow="32.00" occupancy="1.49" speed="5.22" harmonicMeanSpeed="2.98" length="5.00" nVehEntered="8"/>
    <interval begin="47700.00" end="48600.00" id="215_D11" nVehContrib="0" flow="0.00" occupancy="0.00" speed="-1.00" harmonicMeanSpeed="-1.00" length="-1.00" nVehEntered="0"/>
    <interval begin="48600.00" end="49321.00" id="215_D11" nVehContrib="0" flow="0.00" occupancy="0.00" speed="-1.00" harmonicMeanSpeed="-1.00" length="-1.00" nVehEntered="0"/>
</detector>
