<?xml version="1.0" encoding="UTF-8"?>

<!-- generated on 2025-02-24 17:47:11 by Eclipse SUMO GUI Version 1.19.0
<configuration xmlns:xsi="http://www.w3.org/2001/XMLSchema-instance" xsi:noNamespaceSchemaLocation="http://sumo.dlr.de/xsd/sumoConfiguration.xsd">

    <input>
        <net-file value="Network.net.xml"/>
        <route-files value="CarRoutes.rou.xml,BusRoutes.rou.xml"/>
        <additional-files value="BusStops.add.xml,Sensors_dfrouter.add.xml"/>
    </input>

    <output>
        <emission-output value="logs/Emissions.xml"/>
        <tripinfo-output value="logs/TripInfos.xml"/>
    </output>

    <time>
        <begin value="0"/>
        <end value="86400"/>
        <step-length value="0.25"/>
    </time>

    <processing>
        <ignore-junction-blocker value="0.1"/>
        <time-to-teleport value="-1"/>
    </processing>

    <emissions>
        <device.emissions.period value="10"/>
    </emissions>

    <traci_server>
        <remote-port value="61971"/>
    </traci_server>

    <gui_only>
        <quit-on-end value="true"/>
        <start value="true"/>
    </gui_only>

</configuration>
-->

<detector xmlns:xsi="http://www.w3.org/2001/XMLSchema-instance" xsi:noNamespaceSchemaLocation="http://sumo.dlr.de/xsd/det_e1_file.xsd">
    <interval begin="0.00" end="900.00" id="215_D31" nVehContrib="30" flow="120.00" occupancy="67.52" speed="4.75" harmonicMeanSpeed="0.29" length="5.00" nVehEntered="31"/>
    <interval begin="900.00" end="1800.00" id="215_D31" nVehContrib="34" flow="136.00" occupancy="62.02" speed="4.32" harmonicMeanSpeed="0.26" length="5.00" nVehEntered="34"/>
    <interval begin="1800.00" end="2700.00" id="215_D31" nVehContrib="19" flow="76.00" occupancy="48.05" speed="3.98" harmonicMeanSpeed="0.24" length="5.00" nVehEntered="19"/>
    <interval begin="2700.00" end="3600.00" id="215_D31" nVehContrib="34" flow="136.00" occupancy="60.49" speed="4.61" harmonicMeanSpeed="0.31" length="5.00" nVehEntered="34"/>
    <interval begin="3600.00" end="4500.00" id="215_D31" nVehContrib="25" flow="100.00" occupancy="69.78" speed="4.12" harmonicMeanSpeed="0.21" length="5.00" nVehEntered="25"/>
    <interval begin="4500.00" end="5400.00" id="215_D31" nVehContrib="28" flow="112.00" occupancy="63.73" speed="3.87" harmonicMeanSpeed="0.22" length="5.00" nVehEntered="27"/>
    <interval begin="5400.00" end="6300.00" id="215_D31" nVehContrib="20" flow="80.00" occupancy="72.28" speed="3.36" harmonicMeanSpeed="0.17" length="5.00" nVehEntered="21"/>
    <interval begin="6300.00" end="7200.00" id="215_D31" nVehContrib="34" flow="136.00" occupancy="61.81" speed="4.27" harmonicMeanSpeed="0.28" length="5.00" nVehEntered="34"/>
    <interval begin="7200.00" end="8100.00" id="215_D31" nVehContrib="24" flow="96.00" occupancy="53.99" speed="3.42" harmonicMeanSpeed="0.24" length="5.00" nVehEntered="24"/>
    <interval begin="8100.00" end="9000.00" id="215_D31" nVehContrib="26" flow="104.00" occupancy="61.94" speed="4.24" harmonicMeanSpeed="0.23" length="5.00" nVehEntered="25"/>
    <interval begin="9000.00" end="9900.00" id="215_D31" nVehContrib="36" flow="144.00" occupancy="55.48" speed="4.25" harmonicMeanSpeed="0.36" length="5.00" nVehEntered="36"/>
    <interval begin="9900.00" end="10800.00" id="215_D31" nVehContrib="27" flow="108.00" occupancy="51.88" speed="4.31" harmonicMeanSpeed="0.31" length="5.00" nVehEntered="28"/>
    <interval begin="10800.00" end="11700.00" id="215_D31" nVehContrib="32" flow="128.00" occupancy="55.92" speed="4.67" harmonicMeanSpeed="0.30" length="5.00" nVehEntered="31"/>
    <interval begin="11700.00" end="12600.00" id="215_D31" nVehContrib="27" flow="108.00" occupancy="60.76" speed="3.83" harmonicMeanSpeed="0.25" length="5.00" nVehEntered="27"/>
    <interval begin="12600.00" end="13500.00" id="215_D31" nVehContrib="28" flow="112.00" occupancy="65.87" speed="4.45" harmonicMeanSpeed="0.25" length="5.00" nVehEntered="29"/>
    <interval begin="13500.00" end="14400.00" id="215_D31" nVehContrib="31" flow="124.00" occupancy="44.66" speed="4.23" harmonicMeanSpeed="0.35" length="5.00" nVehEntered="30"/>
    <interval begin="14400.00" end="15300.00" id="215_D31" nVehContrib="22" flow="88.00" occupancy="56.67" speed="2.73" harmonicMeanSpeed="0.24" length="5.00" nVehEntered="23"/>
    <interval begin="15300.00" end="16200.00" id="215_D31" nVehContrib="36" flow="144.00" occupancy="72.73" speed="5.03" harmonicMeanSpeed="0.26" length="5.00" nVehEntered="35"/>
    <interval begin="16200.00" end="17100.00" id="215_D31" nVehContrib="26" flow="104.00" occupancy="59.17" speed="3.73" harmonicMeanSpeed="0.24" length="5.00" nVehEntered="26"/>
    <interval begin="17100.00" end="18000.00" id="215_D31" nVehContrib="20" flow="80.00" occupancy="45.76" speed="4.08" harmonicMeanSpeed="0.29" length="5.00" nVehEntered="21"/>
    <interval begin="18000.00" end="18900.00" id="215_D31" nVehContrib="24" flow="96.00" occupancy="59.12" speed="3.49" harmonicMeanSpeed="0.22" length="5.00" nVehEntered="24"/>
    <interval begin="18900.00" end="19800.00" id="215_D31" nVehContrib="29" flow="116.00" occupancy="54.53" speed="3.68" harmonicMeanSpeed="0.28" length="5.00" nVehEntered="29"/>
    <interval begin="19800.00" end="20700.00" id="215_D31" nVehContrib="29" flow="116.00" occupancy="62.56" speed="4.17" harmonicMeanSpeed="0.24" length="5.00" nVehEntered="28"/>
    <interval begin="20700.00" end="21600.00" id="215_D31" nVehContrib="24" flow="96.00" occupancy="56.34" speed="4.25" harmonicMeanSpeed="0.24" length="5.00" nVehEntered="24"/>
    <interval begin="21600.00" end="22500.00" id="215_D31" nVehContrib="31" flow="124.00" occupancy="65.70" speed="4.57" harmonicMeanSpeed="0.27" length="5.00" nVehEntered="32"/>
    <interval begin="22500.00" end="23400.00" id="215_D31" nVehContrib="29" flow="116.00" occupancy="59.56" speed="4.73" harmonicMeanSpeed="0.26" length="5.00" nVehEntered="28"/>
    <interval begin="23400.00" end="24300.00" id="215_D31" nVehContrib="27" flow="108.00" occupancy="57.52" speed="4.64" harmonicMeanSpeed="0.26" length="5.00" nVehEntered="27"/>
    <interval begin="24300.00" end="25200.00" id="215_D31" nVehContrib="27" flow="108.00" occupancy="46.19" speed="4.39" harmonicMeanSpeed="0.38" length="5.00" nVehEntered="28"/>
    <interval begin="25200.00" end="26100.00" id="215_D31" nVehContrib="32" flow="128.00" occupancy="73.32" speed="3.69" harmonicMeanSpeed="0.25" length="5.00" nVehEntered="32"/>
    <interval begin="26100.00" end="27000.00" id="215_D31" nVehContrib="57" flow="228.00" occupancy="64.31" speed="5.65" harmonicMeanSpeed="0.44" length="5.00" nVehEntered="56"/>
    <interval begin="27000.00" end="27900.00" id="215_D31" nVehContrib="35" flow="140.00" occupancy="73.10" speed="4.05" harmonicMeanSpeed="0.27" length="5.00" nVehEntered="36"/>
    <interval begin="27900.00" end="28800.00" id="215_D31" nVehContrib="36" flow="144.00" occupancy="62.22" speed="4.65" harmonicMeanSpeed="0.32" length="5.00" nVehEntered="35"/>
    <interval begin="28800.00" end="29700.00" id="215_D31" nVehContrib="20" flow="80.00" occupancy="60.87" speed="4.59" harmonicMeanSpeed="0.20" length="5.00" nVehEntered="21"/>
    <interval begin="29700.00" end="30600.00" id="215_D31" nVehContrib="26" flow="104.00" occupancy="52.34" speed="4.08" harmonicMeanSpeed="0.25" length="5.00" nVehEntered="25"/>
    <interval begin="30600.00" end="31500.00" id="215_D31" nVehContrib="25" flow="100.00" occupancy="76.47" speed="4.33" harmonicMeanSpeed="0.21" length="5.00" nVehEntered="26"/>
    <interval begin="31500.00" end="32400.00" id="215_D31" nVehContrib="42" flow="168.00" occupancy="63.45" speed="5.05" harmonicMeanSpeed="0.33" length="5.00" nVehEntered="42"/>
    <interval begin="32400.00" end="33300.00" id="215_D31" nVehContrib="31" flow="124.00" occupancy="62.51" speed="5.13" harmonicMeanSpeed="0.27" length="5.00" nVehEntered="31"/>
    <interval begin="33300.00" end="34200.00" id="215_D31" nVehContrib="22" flow="88.00" occupancy="59.09" speed="3.13" harmonicMeanSpeed="0.21" length="5.00" nVehEntered="22"/>
    <interval begin="34200.00" end="35100.00" id="215_D31" nVehContrib="17" flow="68.00" occupancy="50.83" speed="3.03" harmonicMeanSpeed="0.18" length="5.00" nVehEntered="16"/>
    <interval begin="35100.00" end="36000.00" id="215_D31" nVehContrib="28" flow="112.00" occupancy="54.60" speed="4.23" harmonicMeanSpeed="0.28" length="5.00" nVehEntered="28"/>
    <interval begin="36000.00" end="36900.00" id="215_D31" nVehContrib="23" flow="92.00" occupancy="46.26" speed="4.27" harmonicMeanSpeed="0.28" length="5.00" nVehEntered="23"/>
    <interval begin="36900.00" end="37800.00" id="215_D31" nVehContrib="25" flow="100.00" occupancy="58.67" speed="2.81" harmonicMeanSpeed="0.24" length="5.00" nVehEntered="26"/>
    <interval begin="37800.00" end="38700.00" id="215_D31" nVehContrib="30" flow="120.00" occupancy="51.35" speed="4.10" harmonicMeanSpeed="0.32" length="5.00" nVehEntered="29"/>
    <interval begin="38700.00" end="39600.00" id="215_D31" nVehContrib="17" flow="68.00" occupancy="31.42" speed="3.92" harmonicMeanSpeed="0.34" length="5.00" nVehEntered="18"/>
    <interval begin="39600.00" end="40500.00" id="215_D31" nVehContrib="19" flow="76.00" occupancy="42.23" speed="3.01" harmonicMeanSpeed="0.23" length="5.00" nVehEntered="18"/>
    <interval begin="40500.00" end="41400.00" id="215_D31" nVehContrib="16" flow="64.00" occupancy="52.01" speed="2.93" harmonicMeanSpeed="0.17" length="5.00" nVehEntered="16"/>
    <interval begin="41400.00" end="42300.00" id="215_D31" nVehContrib="13" flow="52.00" occupancy="51.00" speed="2.61" harmonicMeanSpeed="0.16" length="5.00" nVehEntered="14"/>
    <interval begin="42300.00" end="43200.00" id="215_D31" nVehContrib="15" flow="60.00" occupancy="42.35" speed="2.19" harmonicMeanSpeed="0.17" length="5.00" nVehEntered="14"/>
    <interval begin="43200.00" end="44100.00" id="215_D31" nVehContrib="14" flow="56.00" occupancy="38.25" speed="3.70" harmonicMeanSpeed="0.20" length="5.00" nVehEntered="14"/>
    <interval begin="44100.00" end="45000.00" id="215_D31" nVehContrib="14" flow="56.00" occupancy="43.34" speed="3.69" harmonicMeanSpeed="0.18" length="5.00" nVehEntered="14"/>
    <interval begin="45000.00" end="45900.00" id="215_D31" nVehContrib="14" flow="56.00" occupancy="31.47" speed="3.47" harmonicMeanSpeed="0.25" length="5.00" nVehEntered="14"/>
    <interval begin="45900.00" end="46800.00" id="215_D31" nVehContrib="3" flow="12.00" occupancy="24.19" speed="6.66" harmonicMeanSpeed="6.38" length="5.00" nVehEntered="4"/>
    <interval begin="46800.00" end="47700.00" id="215_D31" nVehContrib="0" flow="0.00" occupancy="100.00" speed="-1.00" harmonicMeanSpeed="-1.00" length="-1.00" nVehEntered="0"/>
    <interval begin="47700.00" end="48600.00" id="215_D31" nVehContrib="0" flow="0.00" occupancy="100.00" speed="-1.00" harmonicMeanSpeed="-1.00" length="-1.00" nVehEntered="0"/>
    <interval begin="48600.00" end="49321.00" id="215_D31" nVehContrib="0" flow="0.00" occupancy="100.00" speed="-1.00" harmonicMeanSpeed="-1.00" length="-1.00" nVehEntered="0"/>
</detector>
