<?xml version="1.0" encoding="UTF-8"?>

<!-- generated on 2025-02-24 17:47:11 by Eclipse SUMO GUI Version 1.19.0
<configuration xmlns:xsi="http://www.w3.org/2001/XMLSchema-instance" xsi:noNamespaceSchemaLocation="http://sumo.dlr.de/xsd/sumoConfiguration.xsd">

    <input>
        <net-file value="Network.net.xml"/>
        <route-files value="CarRoutes.rou.xml,BusRoutes.rou.xml"/>
        <additional-files value="BusStops.add.xml,Sensors_dfrouter.add.xml"/>
    </input>

    <output>
        <emission-output value="logs/Emissions.xml"/>
        <tripinfo-output value="logs/TripInfos.xml"/>
    </output>

    <time>
        <begin value="0"/>
        <end value="86400"/>
        <step-length value="0.25"/>
    </time>

    <processing>
        <ignore-junction-blocker value="0.1"/>
        <time-to-teleport value="-1"/>
    </processing>

    <emissions>
        <device.emissions.period value="10"/>
    </emissions>

    <traci_server>
        <remote-port value="61971"/>
    </traci_server>

    <gui_only>
        <quit-on-end value="true"/>
        <start value="true"/>
    </gui_only>

</configuration>
-->

<detector xmlns:xsi="http://www.w3.org/2001/XMLSchema-instance" xsi:noNamespaceSchemaLocation="http://sumo.dlr.de/xsd/det_e1_file.xsd">
    <interval begin="0.00" end="900.00" id="216_D61" nVehContrib="11" flow="44.00" occupancy="39.23" speed="1.97" harmonicMeanSpeed="0.16" length="5.00" nVehEntered="11"/>
    <interval begin="900.00" end="1800.00" id="216_D61" nVehContrib="9" flow="36.00" occupancy="17.41" speed="2.68" harmonicMeanSpeed="0.29" length="5.00" nVehEntered="9"/>
    <interval begin="1800.00" end="2700.00" id="216_D61" nVehContrib="9" flow="36.00" occupancy="14.91" speed="3.40" harmonicMeanSpeed="0.34" length="5.00" nVehEntered="9"/>
    <interval begin="2700.00" end="3600.00" id="216_D61" nVehContrib="7" flow="28.00" occupancy="15.66" speed="4.01" harmonicMeanSpeed="0.30" length="5.00" nVehEntered="8"/>
    <interval begin="3600.00" end="4500.00" id="216_D61" nVehContrib="8" flow="32.00" occupancy="7.72" speed="2.64" harmonicMeanSpeed="0.42" length="5.00" nVehEntered="7"/>
    <interval begin="4500.00" end="5400.00" id="216_D61" nVehContrib="15" flow="60.00" occupancy="32.73" speed="3.56" harmonicMeanSpeed="0.25" length="5.00" nVehEntered="15"/>
    <interval begin="5400.00" end="6300.00" id="216_D61" nVehContrib="14" flow="56.00" occupancy="28.07" speed="3.21" harmonicMeanSpeed="0.28" length="5.00" nVehEntered="14"/>
    <interval begin="6300.00" end="7200.00" id="216_D61" nVehContrib="11" flow="44.00" occupancy="23.45" speed="3.81" harmonicMeanSpeed="0.26" length="5.00" nVehEntered="11"/>
    <interval begin="7200.00" end="8100.00" id="216_D61" nVehContrib="7" flow="28.00" occupancy="17.89" speed="4.69" harmonicMeanSpeed="0.23" length="5.00" nVehEntered="8"/>
    <interval begin="8100.00" end="9000.00" id="216_D61" nVehContrib="18" flow="72.00" occupancy="39.18" speed="3.79" harmonicMeanSpeed="0.26" length="5.00" nVehEntered="18"/>
    <interval begin="9000.00" end="9900.00" id="216_D61" nVehContrib="7" flow="28.00" occupancy="13.93" speed="2.97" harmonicMeanSpeed="0.25" length="5.00" nVehEntered="6"/>
    <interval begin="9900.00" end="10800.00" id="216_D61" nVehContrib="6" flow="24.00" occupancy="15.01" speed="1.72" harmonicMeanSpeed="0.22" length="5.00" nVehEntered="6"/>
    <interval begin="10800.00" end="11700.00" id="216_D61" nVehContrib="25" flow="100.00" occupancy="30.17" speed="5.06" harmonicMeanSpeed="0.46" length="5.00" nVehEntered="25"/>
    <interval begin="11700.00" end="12600.00" id="216_D61" nVehContrib="16" flow="64.00" occupancy="40.99" speed="3.31" harmonicMeanSpeed="0.23" length="5.00" nVehEntered="17"/>
    <interval begin="12600.00" end="13500.00" id="216_D61" nVehContrib="21" flow="84.00" occupancy="35.63" speed="4.18" harmonicMeanSpeed="0.30" length="5.00" nVehEntered="20"/>
    <interval begin="13500.00" end="14400.00" id="216_D61" nVehContrib="19" flow="76.00" occupancy="26.90" speed="4.35" harmonicMeanSpeed="0.45" length="5.00" nVehEntered="20"/>
    <interval begin="14400.00" end="15300.00" id="216_D61" nVehContrib="23" flow="92.00" occupancy="42.46" speed="5.01" harmonicMeanSpeed="0.28" length="5.00" nVehEntered="22"/>
    <interval begin="15300.00" end="16200.00" id="216_D61" nVehContrib="18" flow="72.00" occupancy="32.45" speed="3.77" harmonicMeanSpeed="0.31" length="5.00" nVehEntered="18"/>
    <interval begin="16200.00" end="17100.00" id="216_D61" nVehContrib="21" flow="84.00" occupancy="36.60" speed="3.83" harmonicMeanSpeed="0.34" length="5.00" nVehEntered="22"/>
    <interval begin="17100.00" end="18000.00" id="216_D61" nVehContrib="16" flow="64.00" occupancy="31.06" speed="3.66" harmonicMeanSpeed="0.27" length="5.00" nVehEntered="15"/>
    <interval begin="18000.00" end="18900.00" id="216_D61" nVehContrib="26" flow="104.00" occupancy="60.16" speed="2.64" harmonicMeanSpeed="0.24" length="5.00" nVehEntered="26"/>
    <interval begin="18900.00" end="19800.00" id="216_D61" nVehContrib="23" flow="92.00" occupancy="37.48" speed="3.33" harmonicMeanSpeed="0.34" length="5.00" nVehEntered="23"/>
    <interval begin="19800.00" end="20700.00" id="216_D61" nVehContrib="15" flow="60.00" occupancy="34.80" speed="3.33" harmonicMeanSpeed="0.24" length="5.00" nVehEntered="15"/>
    <interval begin="20700.00" end="21600.00" id="216_D61" nVehContrib="9" flow="36.00" occupancy="20.75" speed="3.01" harmonicMeanSpeed="0.24" length="5.00" nVehEntered="9"/>
    <interval begin="21600.00" end="22500.00" id="216_D61" nVehContrib="9" flow="36.00" occupancy="34.05" speed="1.89" harmonicMeanSpeed="0.15" length="5.00" nVehEntered="9"/>
    <interval begin="22500.00" end="23400.00" id="216_D61" nVehContrib="11" flow="44.00" occupancy="32.02" speed="3.46" harmonicMeanSpeed="0.19" length="5.00" nVehEntered="11"/>
    <interval begin="23400.00" end="24300.00" id="216_D61" nVehContrib="14" flow="56.00" occupancy="42.48" speed="2.01" harmonicMeanSpeed="0.18" length="5.00" nVehEntered="14"/>
    <interval begin="24300.00" end="25200.00" id="216_D61" nVehContrib="14" flow="56.00" occupancy="42.79" speed="3.78" harmonicMeanSpeed="0.18" length="5.00" nVehEntered="14"/>
    <interval begin="25200.00" end="26100.00" id="216_D61" nVehContrib="19" flow="76.00" occupancy="62.84" speed="2.94" harmonicMeanSpeed="0.17" length="5.00" nVehEntered="19"/>
    <interval begin="26100.00" end="27000.00" id="216_D61" nVehContrib="8" flow="32.00" occupancy="17.59" speed="3.48" harmonicMeanSpeed="0.25" length="5.00" nVehEntered="8"/>
    <interval begin="27000.00" end="27900.00" id="216_D61" nVehContrib="10" flow="40.00" occupancy="24.80" speed="2.41" harmonicMeanSpeed="0.32" length="5.00" nVehEntered="11"/>
    <interval begin="27900.00" end="28800.00" id="216_D61" nVehContrib="13" flow="52.00" occupancy="25.50" speed="4.17" harmonicMeanSpeed="0.22" length="5.00" nVehEntered="12"/>
    <interval begin="28800.00" end="29700.00" id="216_D61" nVehContrib="11" flow="44.00" occupancy="30.69" speed="2.86" harmonicMeanSpeed="0.20" length="5.00" nVehEntered="11"/>
    <interval begin="29700.00" end="30600.00" id="216_D61" nVehContrib="16" flow="64.00" occupancy="38.08" speed="3.72" harmonicMeanSpeed="0.23" length="5.00" nVehEntered="16"/>
    <interval begin="30600.00" end="31500.00" id="216_D61" nVehContrib="9" flow="36.00" occupancy="28.46" speed="2.36" harmonicMeanSpeed="0.18" length="5.00" nVehEntered="9"/>
    <interval begin="31500.00" end="32400.00" id="216_D61" nVehContrib="3" flow="12.00" occupancy="10.12" speed="0.32" harmonicMeanSpeed="0.16" length="5.00" nVehEntered="3"/>
    <interval begin="32400.00" end="33300.00" id="216_D61" nVehContrib="8" flow="32.00" occupancy="27.95" speed="2.99" harmonicMeanSpeed="0.16" length="5.00" nVehEntered="8"/>
    <interval begin="33300.00" end="34200.00" id="216_D61" nVehContrib="19" flow="76.00" occupancy="33.14" speed="3.76" harmonicMeanSpeed="0.35" length="5.00" nVehEntered="20"/>
    <interval begin="34200.00" end="35100.00" id="216_D61" nVehContrib="10" flow="40.00" occupancy="20.99" speed="1.90" harmonicMeanSpeed="0.23" length="5.00" nVehEntered="9"/>
    <interval begin="35100.00" end="36000.00" id="216_D61" nVehContrib="6" flow="24.00" occupancy="17.35" speed="1.80" harmonicMeanSpeed="0.19" length="5.00" nVehEntered="6"/>
    <interval begin="36000.00" end="36900.00" id="216_D61" nVehContrib="16" flow="64.00" occupancy="38.03" speed="3.14" harmonicMeanSpeed="0.23" length="5.00" nVehEntered="16"/>
    <interval begin="36900.00" end="37800.00" id="216_D61" nVehContrib="4" flow="16.00" occupancy="18.18" speed="0.84" harmonicMeanSpeed="0.12" length="5.00" nVehEntered="4"/>
    <interval begin="37800.00" end="38700.00" id="216_D61" nVehContrib="15" flow="60.00" occupancy="12.19" speed="3.24" harmonicMeanSpeed="0.68" length="5.00" nVehEntered="15"/>
    <interval begin="38700.00" end="39600.00" id="216_D61" nVehContrib="6" flow="24.00" occupancy="11.39" speed="2.90" harmonicMeanSpeed="0.29" length="5.00" nVehEntered="6"/>
    <interval begin="39600.00" end="40500.00" id="216_D61" nVehContrib="8" flow="32.00" occupancy="10.47" speed="2.07" harmonicMeanSpeed="0.42" length="5.00" nVehEntered="8"/>
    <interval begin="40500.00" end="41400.00" id="216_D61" nVehContrib="1" flow="4.00" occupancy="1.71" speed="0.32" harmonicMeanSpeed="0.32" length="5.00" nVehEntered="1"/>
    <interval begin="41400.00" end="42300.00" id="216_D61" nVehContrib="4" flow="16.00" occupancy="0.87" speed="4.47" harmonicMeanSpeed="2.56" length="5.00" nVehEntered="4"/>
    <interval begin="42300.00" end="43200.00" id="216_D61" nVehContrib="5" flow="20.00" occupancy="6.41" speed="2.78" harmonicMeanSpeed="0.43" length="5.00" nVehEntered="5"/>
    <interval begin="43200.00" end="44100.00" id="216_D61" nVehContrib="0" flow="0.00" occupancy="0.00" speed="-1.00" harmonicMeanSpeed="-1.00" length="-1.00" nVehEntered="0"/>
    <interval begin="44100.00" end="45000.00" id="216_D61" nVehContrib="1" flow="4.00" occupancy="8.11" speed="0.07" harmonicMeanSpeed="0.07" length="5.00" nVehEntered="1"/>
    <interval begin="45000.00" end="45900.00" id="216_D61" nVehContrib="4" flow="16.00" occupancy="4.67" speed="2.56" harmonicMeanSpeed="0.48" length="5.00" nVehEntered="4"/>
    <interval begin="45900.00" end="46800.00" id="216_D61" nVehContrib="14" flow="56.00" occupancy="31.25" speed="3.76" harmonicMeanSpeed="0.25" length="5.00" nVehEntered="14"/>
    <interval begin="46800.00" end="47700.00" id="216_D61" nVehContrib="4" flow="16.00" occupancy="7.57" speed="1.72" harmonicMeanSpeed="0.29" length="5.00" nVehEntered="4"/>
    <interval begin="47700.00" end="48600.00" id="216_D61" nVehContrib="1" flow="4.00" occupancy="2.81" speed="0.20" harmonicMeanSpeed="0.20" length="5.00" nVehEntered="1"/>
    <interval begin="48600.00" end="49321.00" id="216_D61" nVehContrib="2" flow="9.99" occupancy="0.54" speed="2.64" harmonicMeanSpeed="2.57" length="5.00" nVehEntered="2"/>
</detector>
