<?xml version="1.0" encoding="UTF-8"?>

<!-- generated on 2025-02-24 17:47:11 by Eclipse SUMO GUI Version 1.19.0
<configuration xmlns:xsi="http://www.w3.org/2001/XMLSchema-instance" xsi:noNamespaceSchemaLocation="http://sumo.dlr.de/xsd/sumoConfiguration.xsd">

    <input>
        <net-file value="Network.net.xml"/>
        <route-files value="CarRoutes.rou.xml,BusRoutes.rou.xml"/>
        <additional-files value="BusStops.add.xml,Sensors_dfrouter.add.xml"/>
    </input>

    <output>
        <emission-output value="logs/Emissions.xml"/>
        <tripinfo-output value="logs/TripInfos.xml"/>
    </output>

    <time>
        <begin value="0"/>
        <end value="86400"/>
        <step-length value="0.25"/>
    </time>

    <processing>
        <ignore-junction-blocker value="0.1"/>
        <time-to-teleport value="-1"/>
    </processing>

    <emissions>
        <device.emissions.period value="10"/>
    </emissions>

    <traci_server>
        <remote-port value="61971"/>
    </traci_server>

    <gui_only>
        <quit-on-end value="true"/>
        <start value="true"/>
    </gui_only>

</configuration>
-->

<detector xmlns:xsi="http://www.w3.org/2001/XMLSchema-instance" xsi:noNamespaceSchemaLocation="http://sumo.dlr.de/xsd/det_e1_file.xsd">
    <interval begin="0.00" end="900.00" id="216_D41" nVehContrib="124" flow="496.00" occupancy="31.02" speed="6.50" harmonicMeanSpeed="2.22" length="5.00" nVehEntered="124"/>
    <interval begin="900.00" end="1800.00" id="216_D41" nVehContrib="128" flow="512.00" occupancy="32.89" speed="6.10" harmonicMeanSpeed="2.16" length="5.00" nVehEntered="128"/>
    <interval begin="1800.00" end="2700.00" id="216_D41" nVehContrib="122" flow="488.00" occupancy="34.48" speed="5.91" harmonicMeanSpeed="1.97" length="5.00" nVehEntered="122"/>
    <interval begin="2700.00" end="3600.00" id="216_D41" nVehContrib="101" flow="404.00" occupancy="36.25" speed="6.36" harmonicMeanSpeed="1.55" length="5.00" nVehEntered="101"/>
    <interval begin="3600.00" end="4500.00" id="216_D41" nVehContrib="128" flow="512.00" occupancy="38.63" speed="6.28" harmonicMeanSpeed="1.84" length="5.00" nVehEntered="129"/>
    <interval begin="4500.00" end="5400.00" id="216_D41" nVehContrib="132" flow="528.00" occupancy="37.03" speed="5.83" harmonicMeanSpeed="1.98" length="5.00" nVehEntered="132"/>
    <interval begin="5400.00" end="6300.00" id="216_D41" nVehContrib="120" flow="480.00" occupancy="38.36" speed="6.24" harmonicMeanSpeed="1.74" length="5.00" nVehEntered="119"/>
    <interval begin="6300.00" end="7200.00" id="216_D41" nVehContrib="145" flow="580.00" occupancy="43.29" speed="6.54" harmonicMeanSpeed="1.86" length="5.00" nVehEntered="146"/>
    <interval begin="7200.00" end="8100.00" id="216_D41" nVehContrib="138" flow="552.00" occupancy="40.96" speed="6.59" harmonicMeanSpeed="1.98" length="5.00" nVehEntered="138"/>
    <interval begin="8100.00" end="9000.00" id="216_D41" nVehContrib="140" flow="560.00" occupancy="29.13" speed="6.47" harmonicMeanSpeed="2.48" length="5.00" nVehEntered="139"/>
    <interval begin="9000.00" end="9900.00" id="216_D41" nVehContrib="154" flow="616.00" occupancy="40.97" speed="6.66" harmonicMeanSpeed="2.09" length="5.00" nVehEntered="154"/>
    <interval begin="9900.00" end="10800.00" id="216_D41" nVehContrib="139" flow="556.00" occupancy="27.19" speed="6.34" harmonicMeanSpeed="2.90" length="5.00" nVehEntered="140"/>
    <interval begin="10800.00" end="11700.00" id="216_D41" nVehContrib="157" flow="628.00" occupancy="36.02" speed="6.47" harmonicMeanSpeed="2.45" length="5.00" nVehEntered="157"/>
    <interval begin="11700.00" end="12600.00" id="216_D41" nVehContrib="150" flow="600.00" occupancy="45.47" speed="6.31" harmonicMeanSpeed="1.79" length="5.00" nVehEntered="149"/>
    <interval begin="12600.00" end="13500.00" id="216_D41" nVehContrib="137" flow="548.00" occupancy="36.46" speed="6.60" harmonicMeanSpeed="2.09" length="5.00" nVehEntered="137"/>
    <interval begin="13500.00" end="14400.00" id="216_D41" nVehContrib="148" flow="592.00" occupancy="42.10" speed="6.32" harmonicMeanSpeed="1.95" length="5.00" nVehEntered="148"/>
    <interval begin="14400.00" end="15300.00" id="216_D41" nVehContrib="123" flow="492.00" occupancy="41.30" speed="6.21" harmonicMeanSpeed="1.65" length="5.00" nVehEntered="123"/>
    <interval begin="15300.00" end="16200.00" id="216_D41" nVehContrib="139" flow="556.00" occupancy="31.76" speed="6.55" harmonicMeanSpeed="2.67" length="5.00" nVehEntered="140"/>
    <interval begin="16200.00" end="17100.00" id="216_D41" nVehContrib="165" flow="660.00" occupancy="31.47" speed="6.53" harmonicMeanSpeed="2.67" length="5.00" nVehEntered="164"/>
    <interval begin="17100.00" end="18000.00" id="216_D41" nVehContrib="157" flow="628.00" occupancy="38.66" speed="6.89" harmonicMeanSpeed="2.26" length="5.00" nVehEntered="157"/>
    <interval begin="18000.00" end="18900.00" id="216_D41" nVehContrib="154" flow="616.00" occupancy="31.14" speed="6.49" harmonicMeanSpeed="2.78" length="5.00" nVehEntered="155"/>
    <interval begin="18900.00" end="19800.00" id="216_D41" nVehContrib="146" flow="584.00" occupancy="34.70" speed="6.50" harmonicMeanSpeed="2.32" length="5.00" nVehEntered="145"/>
    <interval begin="19800.00" end="20700.00" id="216_D41" nVehContrib="169" flow="676.00" occupancy="37.22" speed="6.44" harmonicMeanSpeed="2.52" length="5.00" nVehEntered="169"/>
    <interval begin="20700.00" end="21600.00" id="216_D41" nVehContrib="147" flow="588.00" occupancy="38.30" speed="6.28" harmonicMeanSpeed="2.13" length="5.00" nVehEntered="147"/>
    <interval begin="21600.00" end="22500.00" id="216_D41" nVehContrib="148" flow="592.00" occupancy="42.69" speed="6.56" harmonicMeanSpeed="1.93" length="5.00" nVehEntered="148"/>
    <interval begin="22500.00" end="23400.00" id="216_D41" nVehContrib="142" flow="568.00" occupancy="33.44" speed="6.70" harmonicMeanSpeed="2.36" length="5.00" nVehEntered="142"/>
    <interval begin="23400.00" end="24300.00" id="216_D41" nVehContrib="148" flow="592.00" occupancy="34.77" speed="6.92" harmonicMeanSpeed="2.36" length="5.00" nVehEntered="148"/>
    <interval begin="24300.00" end="25200.00" id="216_D41" nVehContrib="154" flow="616.00" occupancy="39.19" speed="6.49" harmonicMeanSpeed="2.18" length="5.00" nVehEntered="154"/>
    <interval begin="25200.00" end="26100.00" id="216_D41" nVehContrib="152" flow="608.00" occupancy="29.67" speed="6.71" harmonicMeanSpeed="2.87" length="5.00" nVehEntered="153"/>
    <interval begin="26100.00" end="27000.00" id="216_D41" nVehContrib="136" flow="544.00" occupancy="31.97" speed="6.66" harmonicMeanSpeed="2.34" length="5.00" nVehEntered="136"/>
    <interval begin="27000.00" end="27900.00" id="216_D41" nVehContrib="165" flow="660.00" occupancy="42.61" speed="6.80" harmonicMeanSpeed="2.15" length="5.00" nVehEntered="164"/>
    <interval begin="27900.00" end="28800.00" id="216_D41" nVehContrib="149" flow="596.00" occupancy="44.34" speed="6.69" harmonicMeanSpeed="1.87" length="5.00" nVehEntered="149"/>
    <interval begin="28800.00" end="29700.00" id="216_D41" nVehContrib="170" flow="680.00" occupancy="35.37" speed="6.39" harmonicMeanSpeed="2.67" length="5.00" nVehEntered="170"/>
    <interval begin="29700.00" end="30600.00" id="216_D41" nVehContrib="129" flow="516.00" occupancy="38.83" speed="6.57" harmonicMeanSpeed="1.85" length="5.00" nVehEntered="129"/>
    <interval begin="30600.00" end="31500.00" id="216_D41" nVehContrib="155" flow="620.00" occupancy="34.10" speed="6.70" harmonicMeanSpeed="2.63" length="5.00" nVehEntered="156"/>
    <interval begin="31500.00" end="32400.00" id="216_D41" nVehContrib="159" flow="636.00" occupancy="27.08" speed="7.03" harmonicMeanSpeed="3.11" length="5.00" nVehEntered="158"/>
    <interval begin="32400.00" end="33300.00" id="216_D41" nVehContrib="158" flow="632.00" occupancy="38.15" speed="6.69" harmonicMeanSpeed="2.30" length="5.00" nVehEntered="158"/>
    <interval begin="33300.00" end="34200.00" id="216_D41" nVehContrib="147" flow="588.00" occupancy="34.92" speed="6.43" harmonicMeanSpeed="2.34" length="5.00" nVehEntered="147"/>
    <interval begin="34200.00" end="35100.00" id="216_D41" nVehContrib="147" flow="588.00" occupancy="29.57" speed="6.20" harmonicMeanSpeed="2.76" length="5.00" nVehEntered="147"/>
    <interval begin="35100.00" end="36000.00" id="216_D41" nVehContrib="129" flow="516.00" occupancy="34.07" speed="5.96" harmonicMeanSpeed="2.10" length="5.00" nVehEntered="129"/>
    <interval begin="36000.00" end="36900.00" id="216_D41" nVehContrib="132" flow="528.00" occupancy="28.43" speed="6.53" harmonicMeanSpeed="2.58" length="5.00" nVehEntered="132"/>
    <interval begin="36900.00" end="37800.00" id="216_D41" nVehContrib="147" flow="588.00" occupancy="39.05" speed="6.60" harmonicMeanSpeed="2.09" length="5.00" nVehEntered="148"/>
    <interval begin="37800.00" end="38700.00" id="216_D41" nVehContrib="147" flow="588.00" occupancy="36.39" speed="6.44" harmonicMeanSpeed="2.24" length="5.00" nVehEntered="146"/>
    <interval begin="38700.00" end="39600.00" id="216_D41" nVehContrib="155" flow="620.00" occupancy="27.39" speed="6.88" harmonicMeanSpeed="3.14" length="5.00" nVehEntered="155"/>
    <interval begin="39600.00" end="40500.00" id="216_D41" nVehContrib="147" flow="588.00" occupancy="31.75" speed="7.07" harmonicMeanSpeed="2.57" length="5.00" nVehEntered="147"/>
    <interval begin="40500.00" end="41400.00" id="216_D41" nVehContrib="136" flow="544.00" occupancy="30.58" speed="6.35" harmonicMeanSpeed="2.47" length="5.00" nVehEntered="136"/>
    <interval begin="41400.00" end="42300.00" id="216_D41" nVehContrib="110" flow="440.00" occupancy="14.51" speed="6.85" harmonicMeanSpeed="4.21" length="5.00" nVehEntered="110"/>
    <interval begin="42300.00" end="43200.00" id="216_D41" nVehContrib="145" flow="580.00" occupancy="26.14" speed="6.95" harmonicMeanSpeed="3.09" length="5.00" nVehEntered="146"/>
    <interval begin="43200.00" end="44100.00" id="216_D41" nVehContrib="153" flow="612.00" occupancy="33.84" speed="6.15" harmonicMeanSpeed="2.51" length="5.00" nVehEntered="152"/>
    <interval begin="44100.00" end="45000.00" id="216_D41" nVehContrib="195" flow="780.00" occupancy="35.98" speed="6.58" harmonicMeanSpeed="3.01" length="5.00" nVehEntered="195"/>
    <interval begin="45000.00" end="45900.00" id="216_D41" nVehContrib="153" flow="612.00" occupancy="35.39" speed="6.75" harmonicMeanSpeed="2.40" length="5.00" nVehEntered="153"/>
    <interval begin="45900.00" end="46800.00" id="216_D41" nVehContrib="101" flow="404.00" occupancy="56.54" speed="6.66" harmonicMeanSpeed="3.37" length="5.00" nVehEntered="102"/>
    <interval begin="46800.00" end="47700.00" id="216_D41" nVehContrib="0" flow="0.00" occupancy="100.00" speed="-1.00" harmonicMeanSpeed="-1.00" length="-1.00" nVehEntered="0"/>
    <interval begin="47700.00" end="48600.00" id="216_D41" nVehContrib="0" flow="0.00" occupancy="100.00" speed="-1.00" harmonicMeanSpeed="-1.00" length="-1.00" nVehEntered="0"/>
    <interval begin="48600.00" end="49321.00" id="216_D41" nVehContrib="0" flow="0.00" occupancy="100.00" speed="-1.00" harmonicMeanSpeed="-1.00" length="-1.00" nVehEntered="0"/>
</detector>
