<?xml version="1.0" encoding="UTF-8"?>

<!-- generated on 2025-02-24 17:47:11 by Eclipse SUMO GUI Version 1.19.0
<configuration xmlns:xsi="http://www.w3.org/2001/XMLSchema-instance" xsi:noNamespaceSchemaLocation="http://sumo.dlr.de/xsd/sumoConfiguration.xsd">

    <input>
        <net-file value="Network.net.xml"/>
        <route-files value="CarRoutes.rou.xml,BusRoutes.rou.xml"/>
        <additional-files value="BusStops.add.xml,Sensors_dfrouter.add.xml"/>
    </input>

    <output>
        <emission-output value="logs/Emissions.xml"/>
        <tripinfo-output value="logs/TripInfos.xml"/>
    </output>

    <time>
        <begin value="0"/>
        <end value="86400"/>
        <step-length value="0.25"/>
    </time>

    <processing>
        <ignore-junction-blocker value="0.1"/>
        <time-to-teleport value="-1"/>
    </processing>

    <emissions>
        <device.emissions.period value="10"/>
    </emissions>

    <traci_server>
        <remote-port value="61971"/>
    </traci_server>

    <gui_only>
        <quit-on-end value="true"/>
        <start value="true"/>
    </gui_only>

</configuration>
-->

<detector xmlns:xsi="http://www.w3.org/2001/XMLSchema-instance" xsi:noNamespaceSchemaLocation="http://sumo.dlr.de/xsd/det_e1_file.xsd">
    <interval begin="0.00" end="900.00" id="217_D102" nVehContrib="41" flow="164.00" occupancy="12.14" speed="8.87" harmonicMeanSpeed="5.00" length="5.00" nVehEntered="48"/>
    <interval begin="900.00" end="1800.00" id="217_D102" nVehContrib="20" flow="80.00" occupancy="2.91" speed="8.63" harmonicMeanSpeed="4.22" length="5.00" nVehEntered="23"/>
    <interval begin="1800.00" end="2700.00" id="217_D102" nVehContrib="24" flow="96.00" occupancy="3.87" speed="9.42" harmonicMeanSpeed="6.68" length="5.00" nVehEntered="28"/>
    <interval begin="2700.00" end="3600.00" id="217_D102" nVehContrib="22" flow="88.00" occupancy="3.52" speed="8.49" harmonicMeanSpeed="3.96" length="5.00" nVehEntered="25"/>
    <interval begin="3600.00" end="4500.00" id="217_D102" nVehContrib="27" flow="108.00" occupancy="14.16" speed="8.56" harmonicMeanSpeed="2.00" length="5.00" nVehEntered="29"/>
    <interval begin="4500.00" end="5400.00" id="217_D102" nVehContrib="28" flow="112.00" occupancy="1.99" speed="9.82" harmonicMeanSpeed="7.83" length="5.00" nVehEntered="29"/>
    <interval begin="5400.00" end="6300.00" id="217_D102" nVehContrib="27" flow="108.00" occupancy="3.35" speed="8.53" harmonicMeanSpeed="5.21" length="5.00" nVehEntered="31"/>
    <interval begin="6300.00" end="7200.00" id="217_D102" nVehContrib="21" flow="84.00" occupancy="3.09" speed="8.84" harmonicMeanSpeed="3.83" length="5.00" nVehEntered="22"/>
    <interval begin="7200.00" end="8100.00" id="217_D102" nVehContrib="23" flow="92.00" occupancy="3.52" speed="8.91" harmonicMeanSpeed="3.65" length="5.00" nVehEntered="25"/>
    <interval begin="8100.00" end="9000.00" id="217_D102" nVehContrib="20" flow="80.00" occupancy="1.64" speed="10.23" harmonicMeanSpeed="8.44" length="5.00" nVehEntered="23"/>
    <interval begin="9000.00" end="9900.00" id="217_D102" nVehContrib="31" flow="124.00" occupancy="5.27" speed="8.40" harmonicMeanSpeed="3.29" length="5.00" nVehEntered="32"/>
    <interval begin="9900.00" end="10800.00" id="217_D102" nVehContrib="29" flow="116.00" occupancy="8.77" speed="8.50" harmonicMeanSpeed="2.46" length="5.00" nVehEntered="32"/>
    <interval begin="10800.00" end="11700.00" id="217_D102" nVehContrib="17" flow="68.00" occupancy="8.53" speed="8.66" harmonicMeanSpeed="3.02" length="5.00" nVehEntered="20"/>
    <interval begin="11700.00" end="12600.00" id="217_D102" nVehContrib="23" flow="92.00" occupancy="2.87" speed="9.24" harmonicMeanSpeed="4.46" length="5.00" nVehEntered="23"/>
    <interval begin="12600.00" end="13500.00" id="217_D102" nVehContrib="17" flow="68.00" occupancy="3.19" speed="9.28" harmonicMeanSpeed="7.54" length="5.00" nVehEntered="20"/>
    <interval begin="13500.00" end="14400.00" id="217_D102" nVehContrib="30" flow="120.00" occupancy="11.58" speed="8.15" harmonicMeanSpeed="3.08" length="5.00" nVehEntered="35"/>
    <interval begin="14400.00" end="15300.00" id="217_D102" nVehContrib="15" flow="60.00" occupancy="4.57" speed="8.32" harmonicMeanSpeed="1.98" length="5.00" nVehEntered="17"/>
    <interval begin="15300.00" end="16200.00" id="217_D102" nVehContrib="27" flow="108.00" occupancy="3.37" speed="10.66" harmonicMeanSpeed="10.31" length="5.00" nVehEntered="33"/>
    <interval begin="16200.00" end="17100.00" id="217_D102" nVehContrib="39" flow="156.00" occupancy="10.95" speed="8.39" harmonicMeanSpeed="2.21" length="5.00" nVehEntered="43"/>
    <interval begin="17100.00" end="18000.00" id="217_D102" nVehContrib="31" flow="124.00" occupancy="8.63" speed="10.08" harmonicMeanSpeed="2.61" length="5.00" nVehEntered="33"/>
    <interval begin="18000.00" end="18900.00" id="217_D102" nVehContrib="27" flow="108.00" occupancy="5.01" speed="9.05" harmonicMeanSpeed="2.14" length="5.00" nVehEntered="26"/>
    <interval begin="18900.00" end="19800.00" id="217_D102" nVehContrib="28" flow="112.00" occupancy="8.29" speed="7.92" harmonicMeanSpeed="3.65" length="5.00" nVehEntered="33"/>
    <interval begin="19800.00" end="20700.00" id="217_D102" nVehContrib="17" flow="68.00" occupancy="2.88" speed="7.06" harmonicMeanSpeed="5.38" length="5.00" nVehEntered="21"/>
    <interval begin="20700.00" end="21600.00" id="217_D102" nVehContrib="33" flow="132.00" occupancy="4.76" speed="9.40" harmonicMeanSpeed="4.33" length="5.00" nVehEntered="35"/>
    <interval begin="21600.00" end="22500.00" id="217_D102" nVehContrib="44" flow="176.00" occupancy="17.02" speed="7.31" harmonicMeanSpeed="1.54" length="5.00" nVehEntered="47"/>
    <interval begin="22500.00" end="23400.00" id="217_D102" nVehContrib="42" flow="168.00" occupancy="14.58" speed="8.47" harmonicMeanSpeed="2.76" length="5.00" nVehEntered="44"/>
    <interval begin="23400.00" end="24300.00" id="217_D102" nVehContrib="26" flow="104.00" occupancy="8.08" speed="7.58" harmonicMeanSpeed="1.31" length="5.00" nVehEntered="28"/>
    <interval begin="24300.00" end="25200.00" id="217_D102" nVehContrib="30" flow="120.00" occupancy="7.33" speed="7.40" harmonicMeanSpeed="2.52" length="5.00" nVehEntered="33"/>
    <interval begin="25200.00" end="26100.00" id="217_D102" nVehContrib="28" flow="112.00" occupancy="10.56" speed="8.89" harmonicMeanSpeed="7.45" length="5.00" nVehEntered="34"/>
    <interval begin="26100.00" end="27000.00" id="217_D102" nVehContrib="22" flow="88.00" occupancy="2.37" speed="7.27" harmonicMeanSpeed="6.29" length="5.00" nVehEntered="25"/>
    <interval begin="27000.00" end="27900.00" id="217_D102" nVehContrib="47" flow="188.00" occupancy="21.14" speed="7.41" harmonicMeanSpeed="1.26" length="5.00" nVehEntered="50"/>
    <interval begin="27900.00" end="28800.00" id="217_D102" nVehContrib="33" flow="132.00" occupancy="13.83" speed="9.80" harmonicMeanSpeed="2.81" length="5.00" nVehEntered="37"/>
    <interval begin="28800.00" end="29700.00" id="217_D102" nVehContrib="21" flow="84.00" occupancy="2.05" speed="8.36" harmonicMeanSpeed="5.73" length="5.00" nVehEntered="22"/>
    <interval begin="29700.00" end="30600.00" id="217_D102" nVehContrib="31" flow="124.00" occupancy="2.82" speed="8.19" harmonicMeanSpeed="6.79" length="5.00" nVehEntered="33"/>
    <interval begin="30600.00" end="31500.00" id="217_D102" nVehContrib="27" flow="108.00" occupancy="7.95" speed="8.40" harmonicMeanSpeed="2.54" length="5.00" nVehEntered="31"/>
    <interval begin="31500.00" end="32400.00" id="217_D102" nVehContrib="14" flow="56.00" occupancy="6.05" speed="9.15" harmonicMeanSpeed="6.45" length="5.00" nVehEntered="19"/>
    <interval begin="32400.00" end="33300.00" id="217_D102" nVehContrib="6" flow="24.00" occupancy="3.10" speed="7.62" harmonicMeanSpeed="3.28" length="5.00" nVehEntered="9"/>
    <interval begin="33300.00" end="34200.00" id="217_D102" nVehContrib="14" flow="56.00" occupancy="1.79" speed="8.96" harmonicMeanSpeed="4.62" length="5.00" nVehEntered="15"/>
    <interval begin="34200.00" end="35100.00" id="217_D102" nVehContrib="38" flow="152.00" occupancy="6.62" speed="8.11" harmonicMeanSpeed="3.26" length="5.00" nVehEntered="40"/>
    <interval begin="35100.00" end="36000.00" id="217_D102" nVehContrib="18" flow="72.00" occupancy="2.09" speed="8.30" harmonicMeanSpeed="5.10" length="5.00" nVehEntered="19"/>
    <interval begin="36000.00" end="36900.00" id="217_D102" nVehContrib="19" flow="76.00" occupancy="1.94" speed="9.30" harmonicMeanSpeed="5.61" length="5.00" nVehEntered="19"/>
    <interval begin="36900.00" end="37800.00" id="217_D102" nVehContrib="12" flow="48.00" occupancy="1.22" speed="8.64" harmonicMeanSpeed="6.48" length="5.00" nVehEntered="14"/>
    <interval begin="37800.00" end="38700.00" id="217_D102" nVehContrib="6" flow="24.00" occupancy="3.64" speed="7.46" harmonicMeanSpeed="0.92" length="5.00" nVehEntered="6"/>
    <interval begin="38700.00" end="39600.00" id="217_D102" nVehContrib="3" flow="12.00" occupancy="0.18" speed="10.63" harmonicMeanSpeed="9.23" length="5.00" nVehEntered="3"/>
    <interval begin="39600.00" end="40500.00" id="217_D102" nVehContrib="7" flow="28.00" occupancy="0.37" speed="11.24" harmonicMeanSpeed="10.71" length="5.00" nVehEntered="8"/>
    <interval begin="40500.00" end="41400.00" id="217_D102" nVehContrib="4" flow="16.00" occupancy="0.20" speed="11.31" harmonicMeanSpeed="11.14" length="5.00" nVehEntered="4"/>
    <interval begin="41400.00" end="42300.00" id="217_D102" nVehContrib="1" flow="4.00" occupancy="0.04" speed="12.94" harmonicMeanSpeed="12.94" length="5.00" nVehEntered="1"/>
    <interval begin="42300.00" end="43200.00" id="217_D102" nVehContrib="6" flow="24.00" occupancy="0.33" speed="10.88" harmonicMeanSpeed="10.11" length="5.00" nVehEntered="6"/>
    <interval begin="43200.00" end="44100.00" id="217_D102" nVehContrib="6" flow="24.00" occupancy="0.37" speed="9.78" harmonicMeanSpeed="8.92" length="5.00" nVehEntered="6"/>
    <interval begin="44100.00" end="45000.00" id="217_D102" nVehContrib="11" flow="44.00" occupancy="0.54" speed="11.58" harmonicMeanSpeed="11.23" length="5.00" nVehEntered="11"/>
    <interval begin="45000.00" end="45900.00" id="217_D102" nVehContrib="1" flow="4.00" occupancy="0.05" speed="12.27" harmonicMeanSpeed="12.27" length="5.00" nVehEntered="1"/>
    <interval begin="45900.00" end="46800.00" id="217_D102" nVehContrib="0" flow="0.00" occupancy="0.00" speed="-1.00" harmonicMeanSpeed="-1.00" length="-1.00" nVehEntered="0"/>
    <interval begin="46800.00" end="47700.00" id="217_D102" nVehContrib="0" flow="0.00" occupancy="0.00" speed="-1.00" harmonicMeanSpeed="-1.00" length="-1.00" nVehEntered="0"/>
    <interval begin="47700.00" end="48600.00" id="217_D102" nVehContrib="0" flow="0.00" occupancy="0.00" speed="-1.00" harmonicMeanSpeed="-1.00" length="-1.00" nVehEntered="0"/>
    <interval begin="48600.00" end="49321.00" id="217_D102" nVehContrib="0" flow="0.00" occupancy="0.00" speed="-1.00" harmonicMeanSpeed="-1.00" length="-1.00" nVehEntered="0"/>
</detector>
