<?xml version="1.0" encoding="UTF-8"?>

<!-- generated on 2025-02-24 17:47:11 by Eclipse SUMO GUI Version 1.19.0
<configuration xmlns:xsi="http://www.w3.org/2001/XMLSchema-instance" xsi:noNamespaceSchemaLocation="http://sumo.dlr.de/xsd/sumoConfiguration.xsd">

    <input>
        <net-file value="Network.net.xml"/>
        <route-files value="CarRoutes.rou.xml,BusRoutes.rou.xml"/>
        <additional-files value="BusStops.add.xml,Sensors_dfrouter.add.xml"/>
    </input>

    <output>
        <emission-output value="logs/Emissions.xml"/>
        <tripinfo-output value="logs/TripInfos.xml"/>
    </output>

    <time>
        <begin value="0"/>
        <end value="86400"/>
        <step-length value="0.25"/>
    </time>

    <processing>
        <ignore-junction-blocker value="0.1"/>
        <time-to-teleport value="-1"/>
    </processing>

    <emissions>
        <device.emissions.period value="10"/>
    </emissions>

    <traci_server>
        <remote-port value="61971"/>
    </traci_server>

    <gui_only>
        <quit-on-end value="true"/>
        <start value="true"/>
    </gui_only>

</configuration>
-->

<detector xmlns:xsi="http://www.w3.org/2001/XMLSchema-instance" xsi:noNamespaceSchemaLocation="http://sumo.dlr.de/xsd/det_e1_file.xsd">
    <interval begin="0.00" end="900.00" id="217_D61" nVehContrib="28" flow="112.00" occupancy="62.56" speed="5.23" harmonicMeanSpeed="0.25" length="5.00" nVehEntered="28"/>
    <interval begin="900.00" end="1800.00" id="217_D61" nVehContrib="17" flow="68.00" occupancy="36.15" speed="3.87" harmonicMeanSpeed="0.27" length="5.00" nVehEntered="18"/>
    <interval begin="1800.00" end="2700.00" id="217_D61" nVehContrib="18" flow="72.00" occupancy="45.70" speed="2.78" harmonicMeanSpeed="0.22" length="5.00" nVehEntered="17"/>
    <interval begin="2700.00" end="3600.00" id="217_D61" nVehContrib="26" flow="104.00" occupancy="32.07" speed="4.89" harmonicMeanSpeed="0.48" length="5.00" nVehEntered="27"/>
    <interval begin="3600.00" end="4500.00" id="217_D61" nVehContrib="14" flow="56.00" occupancy="50.81" speed="0.85" harmonicMeanSpeed="0.15" length="5.00" nVehEntered="14"/>
    <interval begin="4500.00" end="5400.00" id="217_D61" nVehContrib="25" flow="100.00" occupancy="46.51" speed="4.42" harmonicMeanSpeed="0.29" length="5.00" nVehEntered="24"/>
    <interval begin="5400.00" end="6300.00" id="217_D61" nVehContrib="15" flow="60.00" occupancy="37.71" speed="3.56" harmonicMeanSpeed="0.25" length="5.00" nVehEntered="16"/>
    <interval begin="6300.00" end="7200.00" id="217_D61" nVehContrib="16" flow="64.00" occupancy="37.83" speed="3.36" harmonicMeanSpeed="0.21" length="5.00" nVehEntered="15"/>
    <interval begin="7200.00" end="8100.00" id="217_D61" nVehContrib="17" flow="68.00" occupancy="48.75" speed="3.44" harmonicMeanSpeed="0.20" length="5.00" nVehEntered="18"/>
    <interval begin="8100.00" end="9000.00" id="217_D61" nVehContrib="40" flow="160.00" occupancy="61.24" speed="5.58" harmonicMeanSpeed="0.36" length="5.00" nVehEntered="39"/>
    <interval begin="9000.00" end="9900.00" id="217_D61" nVehContrib="16" flow="64.00" occupancy="33.80" speed="2.89" harmonicMeanSpeed="0.26" length="5.00" nVehEntered="16"/>
    <interval begin="9900.00" end="10800.00" id="217_D61" nVehContrib="21" flow="84.00" occupancy="53.98" speed="4.60" harmonicMeanSpeed="0.24" length="5.00" nVehEntered="22"/>
    <interval begin="10800.00" end="11700.00" id="217_D61" nVehContrib="19" flow="76.00" occupancy="46.32" speed="2.32" harmonicMeanSpeed="0.22" length="5.00" nVehEntered="19"/>
    <interval begin="11700.00" end="12600.00" id="217_D61" nVehContrib="16" flow="64.00" occupancy="51.80" speed="1.79" harmonicMeanSpeed="0.16" length="5.00" nVehEntered="16"/>
    <interval begin="12600.00" end="13500.00" id="217_D61" nVehContrib="15" flow="60.00" occupancy="55.78" speed="2.05" harmonicMeanSpeed="0.16" length="5.00" nVehEntered="15"/>
    <interval begin="13500.00" end="14400.00" id="217_D61" nVehContrib="32" flow="128.00" occupancy="56.75" speed="4.84" harmonicMeanSpeed="0.30" length="5.00" nVehEntered="31"/>
    <interval begin="14400.00" end="15300.00" id="217_D61" nVehContrib="11" flow="44.00" occupancy="38.33" speed="2.22" harmonicMeanSpeed="0.18" length="5.00" nVehEntered="12"/>
    <interval begin="15300.00" end="16200.00" id="217_D61" nVehContrib="16" flow="64.00" occupancy="39.40" speed="2.59" harmonicMeanSpeed="0.21" length="5.00" nVehEntered="16"/>
    <interval begin="16200.00" end="17100.00" id="217_D61" nVehContrib="12" flow="48.00" occupancy="33.12" speed="2.45" harmonicMeanSpeed="0.19" length="5.00" nVehEntered="11"/>
    <interval begin="17100.00" end="18000.00" id="217_D61" nVehContrib="12" flow="48.00" occupancy="35.94" speed="2.74" harmonicMeanSpeed="0.19" length="5.00" nVehEntered="12"/>
    <interval begin="18000.00" end="18900.00" id="217_D61" nVehContrib="20" flow="80.00" occupancy="50.18" speed="1.86" harmonicMeanSpeed="0.22" length="5.00" nVehEntered="20"/>
    <interval begin="18900.00" end="19800.00" id="217_D61" nVehContrib="20" flow="80.00" occupancy="43.43" speed="2.89" harmonicMeanSpeed="0.26" length="5.00" nVehEntered="20"/>
    <interval begin="19800.00" end="20700.00" id="217_D61" nVehContrib="14" flow="56.00" occupancy="39.63" speed="2.13" harmonicMeanSpeed="0.20" length="5.00" nVehEntered="15"/>
    <interval begin="20700.00" end="21600.00" id="217_D61" nVehContrib="10" flow="40.00" occupancy="52.62" speed="1.75" harmonicMeanSpeed="0.11" length="5.00" nVehEntered="10"/>
    <interval begin="21600.00" end="22500.00" id="217_D61" nVehContrib="22" flow="88.00" occupancy="52.23" speed="4.32" harmonicMeanSpeed="0.23" length="5.00" nVehEntered="22"/>
    <interval begin="22500.00" end="23400.00" id="217_D61" nVehContrib="16" flow="64.00" occupancy="57.21" speed="3.90" harmonicMeanSpeed="0.15" length="5.00" nVehEntered="16"/>
    <interval begin="23400.00" end="24300.00" id="217_D61" nVehContrib="37" flow="148.00" occupancy="67.15" speed="5.35" harmonicMeanSpeed="0.29" length="5.00" nVehEntered="36"/>
    <interval begin="24300.00" end="25200.00" id="217_D61" nVehContrib="21" flow="84.00" occupancy="43.70" speed="4.28" harmonicMeanSpeed="0.27" length="5.00" nVehEntered="21"/>
    <interval begin="25200.00" end="26100.00" id="217_D61" nVehContrib="18" flow="72.00" occupancy="46.43" speed="4.83" harmonicMeanSpeed="0.24" length="5.00" nVehEntered="19"/>
    <interval begin="26100.00" end="27000.00" id="217_D61" nVehContrib="28" flow="112.00" occupancy="37.45" speed="5.55" harmonicMeanSpeed="0.42" length="5.00" nVehEntered="28"/>
    <interval begin="27000.00" end="27900.00" id="217_D61" nVehContrib="18" flow="72.00" occupancy="34.00" speed="4.86" harmonicMeanSpeed="0.26" length="5.00" nVehEntered="17"/>
    <interval begin="27900.00" end="28800.00" id="217_D61" nVehContrib="11" flow="44.00" occupancy="46.11" speed="1.04" harmonicMeanSpeed="0.13" length="5.00" nVehEntered="11"/>
    <interval begin="28800.00" end="29700.00" id="217_D61" nVehContrib="18" flow="72.00" occupancy="33.90" speed="4.85" harmonicMeanSpeed="0.29" length="5.00" nVehEntered="18"/>
    <interval begin="29700.00" end="30600.00" id="217_D61" nVehContrib="52" flow="208.00" occupancy="61.83" speed="5.83" harmonicMeanSpeed="0.48" length="5.00" nVehEntered="53"/>
    <interval begin="30600.00" end="31500.00" id="217_D61" nVehContrib="28" flow="112.00" occupancy="47.44" speed="5.61" harmonicMeanSpeed="0.32" length="5.00" nVehEntered="27"/>
    <interval begin="31500.00" end="32400.00" id="217_D61" nVehContrib="24" flow="96.00" occupancy="45.03" speed="5.05" harmonicMeanSpeed="0.30" length="5.00" nVehEntered="24"/>
    <interval begin="32400.00" end="33300.00" id="217_D61" nVehContrib="12" flow="48.00" occupancy="56.47" speed="2.54" harmonicMeanSpeed="0.12" length="5.00" nVehEntered="12"/>
    <interval begin="33300.00" end="34200.00" id="217_D61" nVehContrib="9" flow="36.00" occupancy="45.12" speed="0.98" harmonicMeanSpeed="0.11" length="5.00" nVehEntered="9"/>
    <interval begin="34200.00" end="35100.00" id="217_D61" nVehContrib="39" flow="156.00" occupancy="63.67" speed="5.30" harmonicMeanSpeed="0.45" length="5.00" nVehEntered="40"/>
    <interval begin="35100.00" end="36000.00" id="217_D61" nVehContrib="20" flow="80.00" occupancy="47.96" speed="2.70" harmonicMeanSpeed="0.18" length="5.00" nVehEntered="19"/>
    <interval begin="36000.00" end="36900.00" id="217_D61" nVehContrib="45" flow="180.00" occupancy="49.24" speed="5.29" harmonicMeanSpeed="0.51" length="5.00" nVehEntered="45"/>
    <interval begin="36900.00" end="37800.00" id="217_D61" nVehContrib="17" flow="68.00" occupancy="30.08" speed="3.68" harmonicMeanSpeed="0.34" length="5.00" nVehEntered="18"/>
    <interval begin="37800.00" end="38700.00" id="217_D61" nVehContrib="39" flow="156.00" occupancy="24.95" speed="5.41" harmonicMeanSpeed="0.80" length="5.00" nVehEntered="38"/>
    <interval begin="38700.00" end="39600.00" id="217_D61" nVehContrib="11" flow="44.00" occupancy="16.93" speed="2.63" harmonicMeanSpeed="0.36" length="5.00" nVehEntered="11"/>
    <interval begin="39600.00" end="40500.00" id="217_D61" nVehContrib="11" flow="44.00" occupancy="18.18" speed="3.29" harmonicMeanSpeed="0.34" length="5.00" nVehEntered="11"/>
    <interval begin="40500.00" end="41400.00" id="217_D61" nVehContrib="8" flow="32.00" occupancy="9.14" speed="1.54" harmonicMeanSpeed="0.49" length="5.00" nVehEntered="8"/>
    <interval begin="41400.00" end="42300.00" id="217_D61" nVehContrib="5" flow="20.00" occupancy="5.72" speed="4.48" harmonicMeanSpeed="0.49" length="5.00" nVehEntered="5"/>
    <interval begin="42300.00" end="43200.00" id="217_D61" nVehContrib="8" flow="32.00" occupancy="22.24" speed="2.60" harmonicMeanSpeed="0.20" length="5.00" nVehEntered="8"/>
    <interval begin="43200.00" end="44100.00" id="217_D61" nVehContrib="9" flow="36.00" occupancy="12.79" speed="2.87" harmonicMeanSpeed="0.39" length="5.00" nVehEntered="9"/>
    <interval begin="44100.00" end="45000.00" id="217_D61" nVehContrib="5" flow="20.00" occupancy="3.92" speed="3.81" harmonicMeanSpeed="0.71" length="5.00" nVehEntered="5"/>
    <interval begin="45000.00" end="45900.00" id="217_D61" nVehContrib="4" flow="16.00" occupancy="4.14" speed="2.31" harmonicMeanSpeed="0.54" length="5.00" nVehEntered="4"/>
    <interval begin="45900.00" end="46800.00" id="217_D61" nVehContrib="4" flow="16.00" occupancy="3.47" speed="2.97" harmonicMeanSpeed="0.64" length="5.00" nVehEntered="4"/>
    <interval begin="46800.00" end="47700.00" id="217_D61" nVehContrib="3" flow="12.00" occupancy="6.69" speed="2.83" harmonicMeanSpeed="0.25" length="5.00" nVehEntered="3"/>
    <interval begin="47700.00" end="48600.00" id="217_D61" nVehContrib="0" flow="0.00" occupancy="0.00" speed="-1.00" harmonicMeanSpeed="-1.00" length="-1.00" nVehEntered="0"/>
    <interval begin="48600.00" end="49321.00" id="217_D61" nVehContrib="0" flow="0.00" occupancy="0.00" speed="-1.00" harmonicMeanSpeed="-1.00" length="-1.00" nVehEntered="0"/>
</detector>
