<?xml version="1.0" encoding="UTF-8"?>

<!-- generated on 2025-02-24 17:47:11 by Eclipse SUMO GUI Version 1.19.0
<configuration xmlns:xsi="http://www.w3.org/2001/XMLSchema-instance" xsi:noNamespaceSchemaLocation="http://sumo.dlr.de/xsd/sumoConfiguration.xsd">

    <input>
        <net-file value="Network.net.xml"/>
        <route-files value="CarRoutes.rou.xml,BusRoutes.rou.xml"/>
        <additional-files value="BusStops.add.xml,Sensors_dfrouter.add.xml"/>
    </input>

    <output>
        <emission-output value="logs/Emissions.xml"/>
        <tripinfo-output value="logs/TripInfos.xml"/>
    </output>

    <time>
        <begin value="0"/>
        <end value="86400"/>
        <step-length value="0.25"/>
    </time>

    <processing>
        <ignore-junction-blocker value="0.1"/>
        <time-to-teleport value="-1"/>
    </processing>

    <emissions>
        <device.emissions.period value="10"/>
    </emissions>

    <traci_server>
        <remote-port value="61971"/>
    </traci_server>

    <gui_only>
        <quit-on-end value="true"/>
        <start value="true"/>
    </gui_only>

</configuration>
-->

<detector xmlns:xsi="http://www.w3.org/2001/XMLSchema-instance" xsi:noNamespaceSchemaLocation="http://sumo.dlr.de/xsd/det_e1_file.xsd">
    <interval begin="0.00" end="900.00" id="217_D151" nVehContrib="37" flow="148.00" occupancy="3.56" speed="7.39" harmonicMeanSpeed="5.78" length="5.00" nVehEntered="37"/>
    <interval begin="900.00" end="1800.00" id="217_D151" nVehContrib="42" flow="168.00" occupancy="5.07" speed="6.91" harmonicMeanSpeed="4.60" length="5.00" nVehEntered="42"/>
    <interval begin="1800.00" end="2700.00" id="217_D151" nVehContrib="41" flow="164.00" occupancy="4.33" speed="7.33" harmonicMeanSpeed="5.26" length="5.00" nVehEntered="41"/>
    <interval begin="2700.00" end="3600.00" id="217_D151" nVehContrib="34" flow="136.00" occupancy="3.32" speed="7.00" harmonicMeanSpeed="5.68" length="5.00" nVehEntered="34"/>
    <interval begin="3600.00" end="4500.00" id="217_D151" nVehContrib="31" flow="124.00" occupancy="3.00" speed="6.93" harmonicMeanSpeed="5.73" length="5.00" nVehEntered="31"/>
    <interval begin="4500.00" end="5400.00" id="217_D151" nVehContrib="29" flow="116.00" occupancy="2.92" speed="7.15" harmonicMeanSpeed="5.52" length="5.00" nVehEntered="29"/>
    <interval begin="5400.00" end="6300.00" id="217_D151" nVehContrib="37" flow="148.00" occupancy="3.85" speed="7.45" harmonicMeanSpeed="5.34" length="5.00" nVehEntered="37"/>
    <interval begin="6300.00" end="7200.00" id="217_D151" nVehContrib="33" flow="132.00" occupancy="3.33" speed="6.97" harmonicMeanSpeed="5.50" length="5.00" nVehEntered="33"/>
    <interval begin="7200.00" end="8100.00" id="217_D151" nVehContrib="29" flow="116.00" occupancy="2.90" speed="6.76" harmonicMeanSpeed="5.55" length="5.00" nVehEntered="29"/>
    <interval begin="8100.00" end="9000.00" id="217_D151" nVehContrib="31" flow="124.00" occupancy="3.65" speed="6.84" harmonicMeanSpeed="4.72" length="5.00" nVehEntered="31"/>
    <interval begin="9000.00" end="9900.00" id="217_D151" nVehContrib="34" flow="136.00" occupancy="3.42" speed="7.48" harmonicMeanSpeed="5.59" length="5.00" nVehEntered="35"/>
    <interval begin="9900.00" end="10800.00" id="217_D151" nVehContrib="36" flow="144.00" occupancy="4.03" speed="7.44" harmonicMeanSpeed="4.91" length="5.00" nVehEntered="35"/>
    <interval begin="10800.00" end="11700.00" id="217_D151" nVehContrib="32" flow="128.00" occupancy="4.31" speed="6.38" harmonicMeanSpeed="4.12" length="5.00" nVehEntered="32"/>
    <interval begin="11700.00" end="12600.00" id="217_D151" nVehContrib="31" flow="124.00" occupancy="3.75" speed="6.29" harmonicMeanSpeed="4.59" length="5.00" nVehEntered="31"/>
    <interval begin="12600.00" end="13500.00" id="217_D151" nVehContrib="32" flow="128.00" occupancy="3.82" speed="7.17" harmonicMeanSpeed="4.66" length="5.00" nVehEntered="32"/>
    <interval begin="13500.00" end="14400.00" id="217_D151" nVehContrib="33" flow="132.00" occupancy="4.52" speed="6.68" harmonicMeanSpeed="4.06" length="5.00" nVehEntered="33"/>
    <interval begin="14400.00" end="15300.00" id="217_D151" nVehContrib="35" flow="140.00" occupancy="4.03" speed="6.70" harmonicMeanSpeed="4.82" length="5.00" nVehEntered="35"/>
    <interval begin="15300.00" end="16200.00" id="217_D151" nVehContrib="35" flow="140.00" occupancy="4.44" speed="6.42" harmonicMeanSpeed="4.38" length="5.00" nVehEntered="35"/>
    <interval begin="16200.00" end="17100.00" id="217_D151" nVehContrib="26" flow="104.00" occupancy="2.92" speed="6.95" harmonicMeanSpeed="4.94" length="5.00" nVehEntered="26"/>
    <interval begin="17100.00" end="18000.00" id="217_D151" nVehContrib="31" flow="124.00" occupancy="3.75" speed="6.62" harmonicMeanSpeed="4.59" length="5.00" nVehEntered="31"/>
    <interval begin="18000.00" end="18900.00" id="217_D151" nVehContrib="36" flow="144.00" occupancy="18.73" speed="6.80" harmonicMeanSpeed="1.53" length="5.00" nVehEntered="37"/>
    <interval begin="18900.00" end="19800.00" id="217_D151" nVehContrib="40" flow="160.00" occupancy="6.21" speed="6.92" harmonicMeanSpeed="1.87" length="5.00" nVehEntered="39"/>
    <interval begin="19800.00" end="20700.00" id="217_D151" nVehContrib="38" flow="152.00" occupancy="11.37" speed="6.38" harmonicMeanSpeed="1.86" length="5.00" nVehEntered="38"/>
    <interval begin="20700.00" end="21600.00" id="217_D151" nVehContrib="28" flow="112.00" occupancy="3.17" speed="6.83" harmonicMeanSpeed="4.91" length="5.00" nVehEntered="28"/>
    <interval begin="21600.00" end="22500.00" id="217_D151" nVehContrib="39" flow="156.00" occupancy="4.02" speed="7.05" harmonicMeanSpeed="5.38" length="5.00" nVehEntered="39"/>
    <interval begin="22500.00" end="23400.00" id="217_D151" nVehContrib="31" flow="124.00" occupancy="3.07" speed="7.12" harmonicMeanSpeed="5.61" length="5.00" nVehEntered="31"/>
    <interval begin="23400.00" end="24300.00" id="217_D151" nVehContrib="44" flow="176.00" occupancy="3.89" speed="7.23" harmonicMeanSpeed="6.28" length="5.00" nVehEntered="44"/>
    <interval begin="24300.00" end="25200.00" id="217_D151" nVehContrib="34" flow="136.00" occupancy="3.25" speed="7.07" harmonicMeanSpeed="5.81" length="5.00" nVehEntered="34"/>
    <interval begin="25200.00" end="26100.00" id="217_D151" nVehContrib="40" flow="160.00" occupancy="4.34" speed="6.90" harmonicMeanSpeed="5.13" length="5.00" nVehEntered="40"/>
    <interval begin="26100.00" end="27000.00" id="217_D151" nVehContrib="35" flow="140.00" occupancy="4.28" speed="6.97" harmonicMeanSpeed="4.54" length="5.00" nVehEntered="35"/>
    <interval begin="27000.00" end="27900.00" id="217_D151" nVehContrib="41" flow="164.00" occupancy="4.27" speed="6.97" harmonicMeanSpeed="5.34" length="5.00" nVehEntered="41"/>
    <interval begin="27900.00" end="28800.00" id="217_D151" nVehContrib="40" flow="160.00" occupancy="4.33" speed="6.64" harmonicMeanSpeed="5.13" length="5.00" nVehEntered="40"/>
    <interval begin="28800.00" end="29700.00" id="217_D151" nVehContrib="39" flow="156.00" occupancy="9.85" speed="6.94" harmonicMeanSpeed="5.67" length="5.00" nVehEntered="40"/>
    <interval begin="29700.00" end="30600.00" id="217_D151" nVehContrib="45" flow="180.00" occupancy="8.19" speed="6.48" harmonicMeanSpeed="1.76" length="5.00" nVehEntered="44"/>
    <interval begin="30600.00" end="31500.00" id="217_D151" nVehContrib="39" flow="156.00" occupancy="5.15" speed="6.00" harmonicMeanSpeed="4.21" length="5.00" nVehEntered="39"/>
    <interval begin="31500.00" end="32400.00" id="217_D151" nVehContrib="33" flow="132.00" occupancy="3.61" speed="6.64" harmonicMeanSpeed="5.08" length="5.00" nVehEntered="33"/>
    <interval begin="32400.00" end="33300.00" id="217_D151" nVehContrib="27" flow="108.00" occupancy="3.36" speed="7.17" harmonicMeanSpeed="4.46" length="5.00" nVehEntered="27"/>
    <interval begin="33300.00" end="34200.00" id="217_D151" nVehContrib="27" flow="108.00" occupancy="3.24" speed="6.75" harmonicMeanSpeed="4.63" length="5.00" nVehEntered="27"/>
    <interval begin="34200.00" end="35100.00" id="217_D151" nVehContrib="37" flow="148.00" occupancy="4.99" speed="6.44" harmonicMeanSpeed="4.12" length="5.00" nVehEntered="37"/>
    <interval begin="35100.00" end="36000.00" id="217_D151" nVehContrib="34" flow="136.00" occupancy="3.87" speed="6.90" harmonicMeanSpeed="4.88" length="5.00" nVehEntered="34"/>
    <interval begin="36000.00" end="36900.00" id="217_D151" nVehContrib="25" flow="100.00" occupancy="2.65" speed="7.21" harmonicMeanSpeed="5.25" length="5.00" nVehEntered="25"/>
    <interval begin="36900.00" end="37800.00" id="217_D151" nVehContrib="15" flow="60.00" occupancy="2.01" speed="6.25" harmonicMeanSpeed="4.15" length="5.00" nVehEntered="15"/>
    <interval begin="37800.00" end="38700.00" id="217_D151" nVehContrib="13" flow="52.00" occupancy="2.23" speed="5.19" harmonicMeanSpeed="3.23" length="5.00" nVehEntered="13"/>
    <interval begin="38700.00" end="39600.00" id="217_D151" nVehContrib="14" flow="56.00" occupancy="2.18" speed="5.74" harmonicMeanSpeed="3.57" length="5.00" nVehEntered="14"/>
    <interval begin="39600.00" end="40500.00" id="217_D151" nVehContrib="12" flow="48.00" occupancy="1.71" speed="5.20" harmonicMeanSpeed="3.90" length="5.00" nVehEntered="12"/>
    <interval begin="40500.00" end="41400.00" id="217_D151" nVehContrib="7" flow="28.00" occupancy="0.96" speed="7.50" harmonicMeanSpeed="4.04" length="5.00" nVehEntered="7"/>
    <interval begin="41400.00" end="42300.00" id="217_D151" nVehContrib="12" flow="48.00" occupancy="1.37" speed="5.99" harmonicMeanSpeed="4.86" length="5.00" nVehEntered="12"/>
    <interval begin="42300.00" end="43200.00" id="217_D151" nVehContrib="21" flow="84.00" occupancy="2.94" speed="6.63" harmonicMeanSpeed="3.97" length="5.00" nVehEntered="21"/>
    <interval begin="43200.00" end="44100.00" id="217_D151" nVehContrib="8" flow="32.00" occupancy="1.83" speed="4.50" harmonicMeanSpeed="2.43" length="5.00" nVehEntered="8"/>
    <interval begin="44100.00" end="45000.00" id="217_D151" nVehContrib="7" flow="28.00" occupancy="1.02" speed="6.15" harmonicMeanSpeed="3.80" length="5.00" nVehEntered="7"/>
    <interval begin="45000.00" end="45900.00" id="217_D151" nVehContrib="5" flow="20.00" occupancy="1.67" speed="3.53" harmonicMeanSpeed="1.66" length="5.00" nVehEntered="5"/>
    <interval begin="45900.00" end="46800.00" id="217_D151" nVehContrib="8" flow="32.00" occupancy="1.42" speed="4.46" harmonicMeanSpeed="3.13" length="5.00" nVehEntered="8"/>
    <interval begin="46800.00" end="47700.00" id="217_D151" nVehContrib="4" flow="16.00" occupancy="0.21" speed="10.35" harmonicMeanSpeed="10.35" length="5.00" nVehEntered="4"/>
    <interval begin="47700.00" end="48600.00" id="217_D151" nVehContrib="9" flow="36.00" occupancy="1.12" speed="5.11" harmonicMeanSpeed="4.45" length="5.00" nVehEntered="9"/>
    <interval begin="48600.00" end="49321.00" id="217_D151" nVehContrib="6" flow="29.96" occupancy="0.92" speed="5.22" harmonicMeanSpeed="4.52" length="5.00" nVehEntered="6"/>
</detector>
