<?xml version="1.0" encoding="UTF-8"?>

<!-- generated on 2025-02-24 17:47:11 by Eclipse SUMO GUI Version 1.19.0
<configuration xmlns:xsi="http://www.w3.org/2001/XMLSchema-instance" xsi:noNamespaceSchemaLocation="http://sumo.dlr.de/xsd/sumoConfiguration.xsd">

    <input>
        <net-file value="Network.net.xml"/>
        <route-files value="CarRoutes.rou.xml,BusRoutes.rou.xml"/>
        <additional-files value="BusStops.add.xml,Sensors_dfrouter.add.xml"/>
    </input>

    <output>
        <emission-output value="logs/Emissions.xml"/>
        <tripinfo-output value="logs/TripInfos.xml"/>
    </output>

    <time>
        <begin value="0"/>
        <end value="86400"/>
        <step-length value="0.25"/>
    </time>

    <processing>
        <ignore-junction-blocker value="0.1"/>
        <time-to-teleport value="-1"/>
    </processing>

    <emissions>
        <device.emissions.period value="10"/>
    </emissions>

    <traci_server>
        <remote-port value="61971"/>
    </traci_server>

    <gui_only>
        <quit-on-end value="true"/>
        <start value="true"/>
    </gui_only>

</configuration>
-->

<detector xmlns:xsi="http://www.w3.org/2001/XMLSchema-instance" xsi:noNamespaceSchemaLocation="http://sumo.dlr.de/xsd/det_e1_file.xsd">
    <interval begin="0.00" end="900.00" id="235_D81" nVehContrib="2" flow="8.00" occupancy="0.19" speed="5.76" harmonicMeanSpeed="5.73" length="5.00" nVehEntered="2"/>
    <interval begin="900.00" end="1800.00" id="235_D81" nVehContrib="2" flow="8.00" occupancy="0.17" speed="6.66" harmonicMeanSpeed="6.66" length="5.00" nVehEntered="2"/>
    <interval begin="1800.00" end="2700.00" id="235_D81" nVehContrib="0" flow="0.00" occupancy="0.00" speed="-1.00" harmonicMeanSpeed="-1.00" length="-1.00" nVehEntered="0"/>
    <interval begin="2700.00" end="3600.00" id="235_D81" nVehContrib="1" flow="4.00" occupancy="0.08" speed="6.77" harmonicMeanSpeed="6.77" length="5.00" nVehEntered="1"/>
    <interval begin="3600.00" end="4500.00" id="235_D81" nVehContrib="3" flow="12.00" occupancy="0.50" speed="4.64" harmonicMeanSpeed="3.36" length="5.00" nVehEntered="3"/>
    <interval begin="4500.00" end="5400.00" id="235_D81" nVehContrib="1" flow="4.00" occupancy="0.14" speed="3.99" harmonicMeanSpeed="3.99" length="5.00" nVehEntered="1"/>
    <interval begin="5400.00" end="6300.00" id="235_D81" nVehContrib="2" flow="8.00" occupancy="0.18" speed="6.05" harmonicMeanSpeed="6.04" length="5.00" nVehEntered="2"/>
    <interval begin="6300.00" end="7200.00" id="235_D81" nVehContrib="0" flow="0.00" occupancy="0.00" speed="-1.00" harmonicMeanSpeed="-1.00" length="-1.00" nVehEntered="0"/>
    <interval begin="7200.00" end="8100.00" id="235_D81" nVehContrib="1" flow="4.00" occupancy="0.09" speed="6.30" harmonicMeanSpeed="6.30" length="5.00" nVehEntered="1"/>
    <interval begin="8100.00" end="9000.00" id="235_D81" nVehContrib="3" flow="12.00" occupancy="0.26" speed="6.42" harmonicMeanSpeed="6.41" length="5.00" nVehEntered="3"/>
    <interval begin="9000.00" end="9900.00" id="235_D81" nVehContrib="1" flow="4.00" occupancy="0.09" speed="6.24" harmonicMeanSpeed="6.24" length="5.00" nVehEntered="1"/>
    <interval begin="9900.00" end="10800.00" id="235_D81" nVehContrib="2" flow="8.00" occupancy="0.73" speed="3.60" harmonicMeanSpeed="1.53" length="5.00" nVehEntered="2"/>
    <interval begin="10800.00" end="11700.00" id="235_D81" nVehContrib="3" flow="12.00" occupancy="0.58" speed="4.82" harmonicMeanSpeed="2.86" length="5.00" nVehEntered="3"/>
    <interval begin="11700.00" end="12600.00" id="235_D81" nVehContrib="3" flow="12.00" occupancy="0.55" speed="3.21" harmonicMeanSpeed="3.02" length="5.00" nVehEntered="3"/>
    <interval begin="12600.00" end="13500.00" id="235_D81" nVehContrib="3" flow="12.00" occupancy="0.39" speed="4.50" harmonicMeanSpeed="4.25" length="5.00" nVehEntered="3"/>
    <interval begin="13500.00" end="14400.00" id="235_D81" nVehContrib="2" flow="8.00" occupancy="0.17" speed="6.53" harmonicMeanSpeed="6.53" length="5.00" nVehEntered="2"/>
    <interval begin="14400.00" end="15300.00" id="235_D81" nVehContrib="4" flow="16.00" occupancy="0.40" speed="5.78" harmonicMeanSpeed="5.61" length="5.00" nVehEntered="4"/>
    <interval begin="15300.00" end="16200.00" id="235_D81" nVehContrib="4" flow="16.00" occupancy="0.35" speed="6.42" harmonicMeanSpeed="6.41" length="5.00" nVehEntered="4"/>
    <interval begin="16200.00" end="17100.00" id="235_D81" nVehContrib="1" flow="4.00" occupancy="0.09" speed="6.00" harmonicMeanSpeed="6.00" length="5.00" nVehEntered="1"/>
    <interval begin="17100.00" end="18000.00" id="235_D81" nVehContrib="1" flow="4.00" occupancy="0.12" speed="4.66" harmonicMeanSpeed="4.66" length="5.00" nVehEntered="1"/>
    <interval begin="18000.00" end="18900.00" id="235_D81" nVehContrib="0" flow="0.00" occupancy="0.00" speed="-1.00" harmonicMeanSpeed="-1.00" length="-1.00" nVehEntered="0"/>
    <interval begin="18900.00" end="19800.00" id="235_D81" nVehContrib="4" flow="16.00" occupancy="0.47" speed="5.36" harmonicMeanSpeed="4.68" length="5.00" nVehEntered="4"/>
    <interval begin="19800.00" end="20700.00" id="235_D81" nVehContrib="2" flow="8.00" occupancy="0.17" speed="6.46" harmonicMeanSpeed="6.46" length="5.00" nVehEntered="2"/>
    <interval begin="20700.00" end="21600.00" id="235_D81" nVehContrib="2" flow="8.00" occupancy="0.18" speed="6.21" harmonicMeanSpeed="6.21" length="5.00" nVehEntered="2"/>
    <interval begin="21600.00" end="22500.00" id="235_D81" nVehContrib="3" flow="12.00" occupancy="0.26" speed="6.33" harmonicMeanSpeed="6.33" length="5.00" nVehEntered="3"/>
    <interval begin="22500.00" end="23400.00" id="235_D81" nVehContrib="3" flow="12.00" occupancy="1.13" speed="2.74" harmonicMeanSpeed="1.48" length="5.00" nVehEntered="3"/>
    <interval begin="23400.00" end="24300.00" id="235_D81" nVehContrib="1" flow="4.00" occupancy="0.60" speed="0.93" harmonicMeanSpeed="0.93" length="5.00" nVehEntered="1"/>
    <interval begin="24300.00" end="25200.00" id="235_D81" nVehContrib="12" flow="48.00" occupancy="2.70" speed="4.47" harmonicMeanSpeed="2.47" length="5.00" nVehEntered="12"/>
    <interval begin="25200.00" end="26100.00" id="235_D81" nVehContrib="4" flow="16.00" occupancy="0.52" speed="4.82" harmonicMeanSpeed="4.30" length="5.00" nVehEntered="4"/>
    <interval begin="26100.00" end="27000.00" id="235_D81" nVehContrib="3" flow="12.00" occupancy="0.29" speed="5.86" harmonicMeanSpeed="5.76" length="5.00" nVehEntered="3"/>
    <interval begin="27000.00" end="27900.00" id="235_D81" nVehContrib="1" flow="4.00" occupancy="0.17" speed="3.29" harmonicMeanSpeed="3.29" length="5.00" nVehEntered="1"/>
    <interval begin="27900.00" end="28800.00" id="235_D81" nVehContrib="6" flow="24.00" occupancy="1.24" speed="4.31" harmonicMeanSpeed="2.69" length="5.00" nVehEntered="6"/>
    <interval begin="28800.00" end="29700.00" id="235_D81" nVehContrib="6" flow="24.00" occupancy="1.20" speed="4.86" harmonicMeanSpeed="2.79" length="5.00" nVehEntered="6"/>
    <interval begin="29700.00" end="30600.00" id="235_D81" nVehContrib="2" flow="8.00" occupancy="0.17" speed="6.42" harmonicMeanSpeed="6.41" length="5.00" nVehEntered="2"/>
    <interval begin="30600.00" end="31500.00" id="235_D81" nVehContrib="2" flow="8.00" occupancy="0.49" speed="3.57" harmonicMeanSpeed="2.28" length="5.00" nVehEntered="2"/>
    <interval begin="31500.00" end="32400.00" id="235_D81" nVehContrib="4" flow="16.00" occupancy="0.97" speed="4.78" harmonicMeanSpeed="2.29" length="5.00" nVehEntered="4"/>
    <interval begin="32400.00" end="33300.00" id="235_D81" nVehContrib="3" flow="12.00" occupancy="0.27" speed="6.21" harmonicMeanSpeed="6.19" length="5.00" nVehEntered="3"/>
    <interval begin="33300.00" end="34200.00" id="235_D81" nVehContrib="4" flow="16.00" occupancy="0.44" speed="5.57" harmonicMeanSpeed="5.10" length="5.00" nVehEntered="4"/>
    <interval begin="34200.00" end="35100.00" id="235_D81" nVehContrib="2" flow="8.00" occupancy="0.54" speed="3.12" harmonicMeanSpeed="2.04" length="5.00" nVehEntered="2"/>
    <interval begin="35100.00" end="36000.00" id="235_D81" nVehContrib="2" flow="8.00" occupancy="0.34" speed="4.27" harmonicMeanSpeed="3.28" length="5.00" nVehEntered="2"/>
    <interval begin="36000.00" end="36900.00" id="235_D81" nVehContrib="2" flow="8.00" occupancy="0.51" speed="3.74" harmonicMeanSpeed="2.16" length="5.00" nVehEntered="2"/>
    <interval begin="36900.00" end="37800.00" id="235_D81" nVehContrib="3" flow="12.00" occupancy="0.29" speed="5.78" harmonicMeanSpeed="5.71" length="5.00" nVehEntered="3"/>
    <interval begin="37800.00" end="38700.00" id="235_D81" nVehContrib="2" flow="8.00" occupancy="0.27" speed="4.77" harmonicMeanSpeed="4.18" length="5.00" nVehEntered="2"/>
    <interval begin="38700.00" end="39600.00" id="235_D81" nVehContrib="0" flow="0.00" occupancy="0.00" speed="-1.00" harmonicMeanSpeed="-1.00" length="-1.00" nVehEntered="0"/>
    <interval begin="39600.00" end="40500.00" id="235_D81" nVehContrib="2" flow="8.00" occupancy="0.57" speed="2.37" harmonicMeanSpeed="1.95" length="5.00" nVehEntered="2"/>
    <interval begin="40500.00" end="41400.00" id="235_D81" nVehContrib="0" flow="0.00" occupancy="0.00" speed="-1.00" harmonicMeanSpeed="-1.00" length="-1.00" nVehEntered="0"/>
    <interval begin="41400.00" end="42300.00" id="235_D81" nVehContrib="1" flow="4.00" occupancy="0.08" speed="6.85" harmonicMeanSpeed="6.85" length="5.00" nVehEntered="1"/>
    <interval begin="42300.00" end="43200.00" id="235_D81" nVehContrib="1" flow="4.00" occupancy="0.11" speed="5.23" harmonicMeanSpeed="5.23" length="5.00" nVehEntered="1"/>
    <interval begin="43200.00" end="44100.00" id="235_D81" nVehContrib="2" flow="8.00" occupancy="0.20" speed="5.58" harmonicMeanSpeed="5.58" length="5.00" nVehEntered="2"/>
    <interval begin="44100.00" end="45000.00" id="235_D81" nVehContrib="1" flow="4.00" occupancy="0.14" speed="3.96" harmonicMeanSpeed="3.96" length="5.00" nVehEntered="1"/>
    <interval begin="45000.00" end="45900.00" id="235_D81" nVehContrib="0" flow="0.00" occupancy="0.00" speed="-1.00" harmonicMeanSpeed="-1.00" length="-1.00" nVehEntered="0"/>
    <interval begin="45900.00" end="46800.00" id="235_D81" nVehContrib="0" flow="0.00" occupancy="0.00" speed="-1.00" harmonicMeanSpeed="-1.00" length="-1.00" nVehEntered="0"/>
    <interval begin="46800.00" end="47700.00" id="235_D81" nVehContrib="0" flow="0.00" occupancy="0.00" speed="-1.00" harmonicMeanSpeed="-1.00" length="-1.00" nVehEntered="0"/>
    <interval begin="47700.00" end="48600.00" id="235_D81" nVehContrib="0" flow="0.00" occupancy="0.00" speed="-1.00" harmonicMeanSpeed="-1.00" length="-1.00" nVehEntered="0"/>
    <interval begin="48600.00" end="49321.00" id="235_D81" nVehContrib="0" flow="0.00" occupancy="0.00" speed="-1.00" harmonicMeanSpeed="-1.00" length="-1.00" nVehEntered="0"/>
</detector>
