<?xml version="1.0" encoding="UTF-8"?>

<!-- generated on 2025-02-28 15:00:31 by Eclipse SUMO GUI Version 1.19.0
<configuration xmlns:xsi="http://www.w3.org/2001/XMLSchema-instance" xsi:noNamespaceSchemaLocation="http://sumo.dlr.de/xsd/sumoConfiguration.xsd">

    <input>
        <net-file value="Network.net.xml"/>
        <route-files value="CarRoutes.rou.xml"/>
        <additional-files value="Sensors.add.xml"/>
    </input>

    <output>
        <emission-output value="logs/Emissions.xml"/>
        <summary-output value="logs/Log_summary.xml"/>
        <summary-output.period value="300"/>
        <tripinfo-output value="logs/TripInfos.xml"/>
    </output>

    <time>
        <begin value="0"/>
        <end value="86400"/>
        <step-length value="0.25"/>
    </time>

    <processing>
        <ignore-junction-blocker value="0.1"/>
        <time-to-teleport value="-1"/>
    </processing>

    <report>
        <verbose value="true"/>
        <no-step-log value="true"/>
    </report>

    <emissions>
        <device.emissions.period value="10"/>
    </emissions>

    <traci_server>
        <remote-port value="56090"/>
    </traci_server>

    <gui_only>
        <quit-on-end value="true"/>
        <start value="true"/>
    </gui_only>

</configuration>
-->

<summary xmlns:xsi="http://www.w3.org/2001/XMLSchema-instance" xsi:noNamespaceSchemaLocation="http://sumo.dlr.de/xsd/summary_file.xsd">
    <step time="0.00" loaded="0" inserted="0" running="0" waiting="0" ended="0" arrived="0" collisions="0" teleports="0" halting="0" stopped="0" meanWaitingTime="-1.00" meanTravelTime="-1.00" meanSpeed="-1.00" meanSpeedRelative="-1.00" duration="0"/>
    <step time="300.00" loaded="213" inserted="200" running="98" waiting="13" ended="102" arrived="102" collisions="0" teleports="0" halting="47" stopped="0" meanWaitingTime="13.13" meanTravelTime="74.33" meanSpeed="3.41" meanSpeedRelative="0.25" duration="1"/>
    <step time="600.00" loaded="377" inserted="365" running="63" waiting="12" ended="302" arrived="302" collisions="0" teleports="0" halting="29" stopped="0" meanWaitingTime="16.62" meanTravelTime="115.65" meanSpeed="4.61" meanSpeedRelative="0.33" duration="2"/>
    <step time="900.00" loaded="535" inserted="525" running="72" waiting="10" ended="453" arrived="453" collisions="0" teleports="0" halting="49" stopped="0" meanWaitingTime="14.92" meanTravelTime="111.37" meanSpeed="2.96" meanSpeedRelative="0.21" duration="3"/>
    <step time="1200.00" loaded="708" inserted="692" running="65" waiting="16" ended="627" arrived="627" collisions="0" teleports="0" halting="9" stopped="0" meanWaitingTime="17.30" meanTravelTime="120.62" meanSpeed="7.65" meanSpeedRelative="0.55" duration="3"/>
    <step time="1500.00" loaded="871" inserted="851" running="51" waiting="20" ended="800" arrived="800" collisions="0" teleports="0" halting="13" stopped="0" meanWaitingTime="18.39" meanTravelTime="119.06" meanSpeed="5.18" meanSpeedRelative="0.37" duration="2"/>
    <step time="1800.00" loaded="1032" inserted="1015" running="66" waiting="17" ended="949" arrived="949" collisions="0" teleports="0" halting="22" stopped="0" meanWaitingTime="21.29" meanTravelTime="116.67" meanSpeed="4.38" meanSpeedRelative="0.32" duration="3"/>
    <step time="2100.00" loaded="1193" inserted="1178" running="71" waiting="15" ended="1107" arrived="1107" collisions="0" teleports="0" halting="49" stopped="0" meanWaitingTime="19.84" meanTravelTime="114.14" meanSpeed="2.59" meanSpeedRelative="0.19" duration="1"/>
    <step time="2400.00" loaded="1338" inserted="1322" running="45" waiting="16" ended="1277" arrived="1277" collisions="0" teleports="0" halting="22" stopped="0" meanWaitingTime="19.67" meanTravelTime="116.00" meanSpeed="4.36" meanSpeedRelative="0.31" duration="1"/>
    <step time="2700.00" loaded="1482" inserted="1481" running="47" waiting="1" ended="1434" arrived="1434" collisions="0" teleports="0" halting="13" stopped="0" meanWaitingTime="19.37" meanTravelTime="113.38" meanSpeed="6.98" meanSpeedRelative="0.50" duration="2"/>
    <step time="3000.00" loaded="1642" inserted="1635" running="45" waiting="7" ended="1590" arrived="1590" collisions="0" teleports="0" halting="24" stopped="0" meanWaitingTime="18.11" meanTravelTime="111.30" meanSpeed="3.84" meanSpeedRelative="0.28" duration="1"/>
    <step time="3300.00" loaded="1813" inserted="1798" running="60" waiting="15" ended="1738" arrived="1738" collisions="0" teleports="0" halting="11" stopped="0" meanWaitingTime="18.35" meanTravelTime="110.73" meanSpeed="7.01" meanSpeedRelative="0.50" duration="2"/>
    <step time="3600.00" loaded="1944" inserted="1944" running="48" waiting="0" ended="1896" arrived="1896" collisions="0" teleports="0" halting="15" stopped="0" meanWaitingTime="18.04" meanTravelTime="110.14" meanSpeed="5.77" meanSpeedRelative="0.42" duration="1"/>
    <step time="3900.00" loaded="2109" inserted="2109" running="77" waiting="0" ended="2032" arrived="2032" collisions="0" teleports="0" halting="27" stopped="0" meanWaitingTime="16.75" meanTravelTime="109.48" meanSpeed="2.79" meanSpeedRelative="0.20" duration="3"/>
    <step time="4200.00" loaded="2242" inserted="2237" running="47" waiting="5" ended="2190" arrived="2190" collisions="0" teleports="0" halting="10" stopped="0" meanWaitingTime="16.92" meanTravelTime="111.91" meanSpeed="6.12" meanSpeedRelative="0.47" duration="1"/>
    <step time="4500.00" loaded="2417" inserted="2416" running="62" waiting="1" ended="2354" arrived="2354" collisions="0" teleports="0" halting="24" stopped="0" meanWaitingTime="16.26" meanTravelTime="110.55" meanSpeed="5.04" meanSpeedRelative="0.36" duration="2"/>
    <step time="4800.00" loaded="2573" inserted="2567" running="47" waiting="6" ended="2520" arrived="2520" collisions="0" teleports="0" halting="15" stopped="0" meanWaitingTime="15.58" meanTravelTime="109.50" meanSpeed="5.20" meanSpeedRelative="0.37" duration="2"/>
    <step time="5100.00" loaded="2738" inserted="2728" running="60" waiting="10" ended="2668" arrived="2668" collisions="0" teleports="0" halting="8" stopped="0" meanWaitingTime="16.31" meanTravelTime="108.69" meanSpeed="4.86" meanSpeedRelative="0.35" duration="2"/>
    <step time="5400.00" loaded="2889" inserted="2887" running="46" waiting="2" ended="2841" arrived="2841" collisions="0" teleports="0" halting="9" stopped="0" meanWaitingTime="16.25" meanTravelTime="108.42" meanSpeed="5.89" meanSpeedRelative="0.42" duration="2"/>
    <step time="5700.00" loaded="3074" inserted="3059" running="67" waiting="15" ended="2992" arrived="2992" collisions="0" teleports="0" halting="21" stopped="0" meanWaitingTime="15.71" meanTravelTime="107.80" meanSpeed="5.39" meanSpeedRelative="0.39" duration="3"/>
    <step time="6000.00" loaded="3198" inserted="3195" running="36" waiting="3" ended="3159" arrived="3159" collisions="0" teleports="0" halting="12" stopped="0" meanWaitingTime="15.74" meanTravelTime="108.67" meanSpeed="6.19" meanSpeedRelative="0.45" duration="1"/>
    <step time="6300.00" loaded="3360" inserted="3343" running="73" waiting="17" ended="3270" arrived="3270" collisions="0" teleports="0" halting="32" stopped="0" meanWaitingTime="15.79" meanTravelTime="108.38" meanSpeed="3.65" meanSpeedRelative="0.26" duration="4"/>
    <step time="6600.00" loaded="3522" inserted="3514" running="54" waiting="8" ended="3460" arrived="3460" collisions="0" teleports="0" halting="19" stopped="0" meanWaitingTime="15.97" meanTravelTime="108.68" meanSpeed="4.36" meanSpeedRelative="0.31" duration="1"/>
    <step time="6900.00" loaded="3710" inserted="3693" running="64" waiting="17" ended="3629" arrived="3629" collisions="0" teleports="0" halting="23" stopped="0" meanWaitingTime="15.95" meanTravelTime="108.23" meanSpeed="4.51" meanSpeedRelative="0.32" duration="3"/>
    <step time="7200.00" loaded="3867" inserted="3843" running="55" waiting="24" ended="3788" arrived="3788" collisions="0" teleports="0" halting="20" stopped="0" meanWaitingTime="16.55" meanTravelTime="108.35" meanSpeed="5.14" meanSpeedRelative="0.37" duration="2"/>
    <step time="7500.00" loaded="4018" inserted="4006" running="37" waiting="12" ended="3969" arrived="3969" collisions="0" teleports="0" halting="18" stopped="0" meanWaitingTime="17.31" meanTravelTime="108.10" meanSpeed="3.98" meanSpeedRelative="0.31" duration="2"/>
    <step time="7800.00" loaded="4173" inserted="4150" running="45" waiting="23" ended="4105" arrived="4105" collisions="0" teleports="0" halting="12" stopped="0" meanWaitingTime="17.78" meanTravelTime="107.46" meanSpeed="6.19" meanSpeedRelative="0.45" duration="2"/>
    <step time="8100.00" loaded="4343" inserted="4328" running="43" waiting="15" ended="4285" arrived="4285" collisions="0" teleports="0" halting="14" stopped="0" meanWaitingTime="18.87" meanTravelTime="106.67" meanSpeed="5.30" meanSpeedRelative="0.38" duration="2"/>
    <step time="8400.00" loaded="4527" inserted="4523" running="76" waiting="4" ended="4447" arrived="4447" collisions="0" teleports="0" halting="35" stopped="0" meanWaitingTime="18.82" meanTravelTime="106.13" meanSpeed="4.34" meanSpeedRelative="0.31" duration="2"/>
    <step time="8700.00" loaded="4697" inserted="4692" running="74" waiting="5" ended="4618" arrived="4618" collisions="0" teleports="0" halting="28" stopped="0" meanWaitingTime="18.60" meanTravelTime="106.85" meanSpeed="4.43" meanSpeedRelative="0.32" duration="4"/>
    <step time="9000.00" loaded="4885" inserted="4868" running="61" waiting="17" ended="4807" arrived="4807" collisions="0" teleports="0" halting="13" stopped="0" meanWaitingTime="18.42" meanTravelTime="106.79" meanSpeed="3.59" meanSpeedRelative="0.26" duration="3"/>
    <step time="9300.00" loaded="5069" inserted="5050" running="53" waiting="19" ended="4997" arrived="4997" collisions="0" teleports="0" halting="22" stopped="0" meanWaitingTime="18.42" meanTravelTime="106.68" meanSpeed="5.02" meanSpeedRelative="0.36" duration="3"/>
    <step time="9600.00" loaded="5237" inserted="5226" running="59" waiting="11" ended="5167" arrived="5167" collisions="0" teleports="0" halting="11" stopped="0" meanWaitingTime="18.87" meanTravelTime="106.16" meanSpeed="6.83" meanSpeedRelative="0.49" duration="1"/>
    <step time="9900.00" loaded="5384" inserted="5378" running="43" waiting="6" ended="5335" arrived="5335" collisions="0" teleports="0" halting="14" stopped="0" meanWaitingTime="18.67" meanTravelTime="106.28" meanSpeed="5.83" meanSpeedRelative="0.42" duration="1"/>
    <step time="10200.00" loaded="5553" inserted="5540" running="58" waiting="13" ended="5482" arrived="5482" collisions="0" teleports="0" halting="10" stopped="0" meanWaitingTime="18.65" meanTravelTime="105.97" meanSpeed="6.06" meanSpeedRelative="0.44" duration="3"/>
    <step time="10500.00" loaded="5731" inserted="5720" running="73" waiting="11" ended="5647" arrived="5647" collisions="0" teleports="0" halting="23" stopped="0" meanWaitingTime="18.61" meanTravelTime="106.24" meanSpeed="4.35" meanSpeedRelative="0.31" duration="3"/>
    <step time="10800.00" loaded="5905" inserted="5898" running="92" waiting="7" ended="5806" arrived="5806" collisions="0" teleports="0" halting="21" stopped="0" meanWaitingTime="18.63" meanTravelTime="106.72" meanSpeed="4.76" meanSpeedRelative="0.34" duration="4"/>
    <step time="11100.00" loaded="6080" inserted="6062" running="73" waiting="18" ended="5989" arrived="5989" collisions="0" teleports="0" halting="38" stopped="0" meanWaitingTime="18.64" meanTravelTime="108.17" meanSpeed="2.92" meanSpeedRelative="0.21" duration="2"/>
    <step time="11400.00" loaded="6253" inserted="6219" running="66" waiting="34" ended="6153" arrived="6153" collisions="0" teleports="0" halting="21" stopped="0" meanWaitingTime="19.27" meanTravelTime="108.65" meanSpeed="4.71" meanSpeedRelative="0.34" duration="1"/>
    <step time="11700.00" loaded="6398" inserted="6379" running="60" waiting="19" ended="6319" arrived="6319" collisions="0" teleports="0" halting="13" stopped="0" meanWaitingTime="20.32" meanTravelTime="108.73" meanSpeed="4.49" meanSpeedRelative="0.32" duration="1"/>
    <step time="12000.00" loaded="6572" inserted="6565" running="73" waiting="7" ended="6492" arrived="6492" collisions="0" teleports="0" halting="24" stopped="0" meanWaitingTime="20.32" meanTravelTime="109.32" meanSpeed="4.03" meanSpeedRelative="0.29" duration="2"/>
    <step time="12300.00" loaded="6739" inserted="6739" running="70" waiting="0" ended="6669" arrived="6669" collisions="0" teleports="0" halting="33" stopped="0" meanWaitingTime="20.04" meanTravelTime="109.85" meanSpeed="2.79" meanSpeedRelative="0.20" duration="1"/>
    <step time="12600.00" loaded="6910" inserted="6890" running="56" waiting="20" ended="6834" arrived="6834" collisions="0" teleports="0" halting="17" stopped="0" meanWaitingTime="19.85" meanTravelTime="109.87" meanSpeed="4.58" meanSpeedRelative="0.33" duration="1"/>
    <step time="12900.00" loaded="7076" inserted="7062" running="60" waiting="14" ended="7002" arrived="7002" collisions="0" teleports="0" halting="19" stopped="0" meanWaitingTime="20.06" meanTravelTime="109.80" meanSpeed="5.05" meanSpeedRelative="0.36" duration="2"/>
    <step time="13200.00" loaded="7252" inserted="7232" running="83" waiting="20" ended="7149" arrived="7149" collisions="0" teleports="0" halting="22" stopped="0" meanWaitingTime="20.15" meanTravelTime="109.62" meanSpeed="5.37" meanSpeedRelative="0.39" duration="3"/>
    <step time="13500.00" loaded="7428" inserted="7420" running="74" waiting="8" ended="7346" arrived="7346" collisions="0" teleports="0" halting="27" stopped="0" meanWaitingTime="20.06" meanTravelTime="110.16" meanSpeed="4.35" meanSpeedRelative="0.31" duration="2"/>
    <step time="13800.00" loaded="7621" inserted="7604" running="74" waiting="17" ended="7530" arrived="7530" collisions="0" teleports="0" halting="16" stopped="0" meanWaitingTime="20.13" meanTravelTime="110.38" meanSpeed="5.28" meanSpeedRelative="0.38" duration="2"/>
    <step time="14100.00" loaded="7780" inserted="7776" running="63" waiting="4" ended="7713" arrived="7713" collisions="0" teleports="0" halting="18" stopped="0" meanWaitingTime="20.16" meanTravelTime="110.55" meanSpeed="5.92" meanSpeedRelative="0.43" duration="3"/>
    <step time="14400.00" loaded="7918" inserted="7908" running="55" waiting="10" ended="7853" arrived="7853" collisions="0" teleports="0" halting="12" stopped="0" meanWaitingTime="20.34" meanTravelTime="110.43" meanSpeed="5.99" meanSpeedRelative="0.47" duration="2"/>
    <step time="14700.00" loaded="8111" inserted="8092" running="57" waiting="19" ended="8035" arrived="8035" collisions="0" teleports="0" halting="11" stopped="0" meanWaitingTime="20.29" meanTravelTime="109.95" meanSpeed="5.97" meanSpeedRelative="0.43" duration="1"/>
    <step time="15000.00" loaded="8271" inserted="8266" running="86" waiting="5" ended="8180" arrived="8180" collisions="0" teleports="0" halting="18" stopped="0" meanWaitingTime="20.11" meanTravelTime="110.14" meanSpeed="6.02" meanSpeedRelative="0.43" duration="3"/>
    <step time="15300.00" loaded="8432" inserted="8399" running="57" waiting="33" ended="8342" arrived="8342" collisions="0" teleports="0" halting="17" stopped="0" meanWaitingTime="20.29" meanTravelTime="110.34" meanSpeed="5.65" meanSpeedRelative="0.41" duration="3"/>
    <step time="15600.00" loaded="8596" inserted="8586" running="59" waiting="10" ended="8527" arrived="8527" collisions="0" teleports="0" halting="19" stopped="0" meanWaitingTime="21.01" meanTravelTime="109.92" meanSpeed="6.01" meanSpeedRelative="0.43" duration="2"/>
    <step time="15900.00" loaded="8785" inserted="8774" running="98" waiting="11" ended="8676" arrived="8676" collisions="0" teleports="0" halting="49" stopped="0" meanWaitingTime="21.29" meanTravelTime="109.64" meanSpeed="3.37" meanSpeedRelative="0.24" duration="4"/>
    <step time="16200.00" loaded="8973" inserted="8939" running="50" waiting="34" ended="8889" arrived="8889" collisions="0" teleports="0" halting="15" stopped="0" meanWaitingTime="21.51" meanTravelTime="109.98" meanSpeed="5.41" meanSpeedRelative="0.39" duration="3"/>
    <step time="16500.00" loaded="9139" inserted="9125" running="73" waiting="14" ended="9052" arrived="9052" collisions="0" teleports="0" halting="24" stopped="0" meanWaitingTime="22.11" meanTravelTime="109.94" meanSpeed="4.25" meanSpeedRelative="0.31" duration="3"/>
    <step time="16800.00" loaded="9328" inserted="9287" running="63" waiting="41" ended="9224" arrived="9224" collisions="0" teleports="0" halting="23" stopped="0" meanWaitingTime="22.35" meanTravelTime="110.02" meanSpeed="4.69" meanSpeedRelative="0.34" duration="3"/>
    <step time="17100.00" loaded="9498" inserted="9468" running="70" waiting="30" ended="9398" arrived="9398" collisions="0" teleports="0" halting="18" stopped="0" meanWaitingTime="23.18" meanTravelTime="110.07" meanSpeed="5.48" meanSpeedRelative="0.39" duration="3"/>
    <step time="17400.00" loaded="9677" inserted="9652" running="71" waiting="25" ended="9581" arrived="9581" collisions="0" teleports="0" halting="30" stopped="0" meanWaitingTime="23.84" meanTravelTime="110.17" meanSpeed="4.33" meanSpeedRelative="0.31" duration="2"/>
    <step time="17700.00" loaded="9850" inserted="9822" running="74" waiting="28" ended="9748" arrived="9748" collisions="0" teleports="0" halting="20" stopped="0" meanWaitingTime="24.24" meanTravelTime="110.40" meanSpeed="5.71" meanSpeedRelative="0.41" duration="3"/>
    <step time="18000.00" loaded="10014" inserted="9993" running="71" waiting="21" ended="9922" arrived="9922" collisions="0" teleports="0" halting="23" stopped="0" meanWaitingTime="24.73" meanTravelTime="110.48" meanSpeed="4.53" meanSpeedRelative="0.33" duration="3"/>
    <step time="18300.00" loaded="10201" inserted="10167" running="44" waiting="34" ended="10123" arrived="10123" collisions="0" teleports="0" halting="13" stopped="0" meanWaitingTime="24.92" meanTravelTime="110.54" meanSpeed="5.44" meanSpeedRelative="0.39" duration="2"/>
    <step time="18600.00" loaded="10359" inserted="10326" running="67" waiting="33" ended="10259" arrived="10259" collisions="0" teleports="0" halting="24" stopped="0" meanWaitingTime="25.43" meanTravelTime="110.38" meanSpeed="4.52" meanSpeedRelative="0.33" duration="3"/>
    <step time="18900.00" loaded="10547" inserted="10506" running="63" waiting="41" ended="10443" arrived="10443" collisions="0" teleports="0" halting="13" stopped="0" meanWaitingTime="25.83" meanTravelTime="110.58" meanSpeed="7.07" meanSpeedRelative="0.51" duration="2"/>
    <step time="19200.00" loaded="10723" inserted="10697" running="76" waiting="26" ended="10621" arrived="10621" collisions="0" teleports="0" halting="50" stopped="0" meanWaitingTime="26.27" meanTravelTime="110.53" meanSpeed="3.43" meanSpeedRelative="0.25" duration="3"/>
    <step time="19500.00" loaded="10931" inserted="10907" running="102" waiting="24" ended="10805" arrived="10805" collisions="0" teleports="0" halting="37" stopped="0" meanWaitingTime="26.55" meanTravelTime="110.86" meanSpeed="3.36" meanSpeedRelative="0.24" duration="1"/>
    <step time="19800.00" loaded="11108" inserted="11076" running="81" waiting="32" ended="10995" arrived="10995" collisions="0" teleports="0" halting="42" stopped="0" meanWaitingTime="26.87" meanTravelTime="111.22" meanSpeed="4.19" meanSpeedRelative="0.30" duration="3"/>
    <step time="20100.00" loaded="11303" inserted="11275" running="85" waiting="28" ended="11190" arrived="11190" collisions="0" teleports="0" halting="23" stopped="0" meanWaitingTime="27.33" meanTravelTime="111.58" meanSpeed="5.77" meanSpeedRelative="0.42" duration="2"/>
    <step time="20400.00" loaded="11473" inserted="11439" running="72" waiting="34" ended="11367" arrived="11367" collisions="0" teleports="0" halting="17" stopped="0" meanWaitingTime="27.73" meanTravelTime="111.68" meanSpeed="5.17" meanSpeedRelative="0.37" duration="3"/>
    <step time="20700.00" loaded="11649" inserted="11625" running="71" waiting="24" ended="11554" arrived="11554" collisions="0" teleports="0" halting="29" stopped="0" meanWaitingTime="28.13" meanTravelTime="111.59" meanSpeed="4.32" meanSpeedRelative="0.33" duration="3"/>
    <step time="21000.00" loaded="11832" inserted="11823" running="63" waiting="9" ended="11760" arrived="11760" collisions="0" teleports="0" halting="37" stopped="0" meanWaitingTime="28.37" meanTravelTime="111.45" meanSpeed="3.71" meanSpeedRelative="0.27" duration="1"/>
    <step time="21300.00" loaded="11992" inserted="11992" running="70" waiting="0" ended="11922" arrived="11922" collisions="0" teleports="0" halting="17" stopped="0" meanWaitingTime="28.14" meanTravelTime="111.40" meanSpeed="5.75" meanSpeedRelative="0.43" duration="1"/>
    <step time="21600.00" loaded="12211" inserted="12202" running="83" waiting="9" ended="12119" arrived="12119" collisions="0" teleports="0" halting="11" stopped="0" meanWaitingTime="27.85" meanTravelTime="111.43" meanSpeed="6.40" meanSpeedRelative="0.46" duration="3"/>
    <step time="21900.00" loaded="12397" inserted="12389" running="80" waiting="8" ended="12309" arrived="12309" collisions="0" teleports="0" halting="33" stopped="0" meanWaitingTime="27.54" meanTravelTime="111.34" meanSpeed="4.78" meanSpeedRelative="0.34" duration="2"/>
    <step time="22200.00" loaded="12586" inserted="12574" running="92" waiting="12" ended="12482" arrived="12482" collisions="0" teleports="0" halting="35" stopped="0" meanWaitingTime="27.32" meanTravelTime="111.06" meanSpeed="3.84" meanSpeedRelative="0.28" duration="2"/>
    <step time="22500.00" loaded="12760" inserted="12727" running="72" waiting="33" ended="12655" arrived="12655" collisions="0" teleports="0" halting="11" stopped="0" meanWaitingTime="27.24" meanTravelTime="111.88" meanSpeed="4.41" meanSpeedRelative="0.32" duration="3"/>
    <step time="22800.00" loaded="12955" inserted="12953" running="97" waiting="2" ended="12856" arrived="12856" collisions="0" teleports="0" halting="53" stopped="0" meanWaitingTime="27.22" meanTravelTime="112.18" meanSpeed="2.40" meanSpeedRelative="0.17" duration="3"/>
    <step time="23100.00" loaded="13138" inserted="13127" running="82" waiting="11" ended="13045" arrived="13045" collisions="0" teleports="0" halting="42" stopped="0" meanWaitingTime="27.01" meanTravelTime="112.73" meanSpeed="3.66" meanSpeedRelative="0.26" duration="4"/>
    <step time="23400.00" loaded="13327" inserted="13317" running="59" waiting="10" ended="13258" arrived="13258" collisions="0" teleports="0" halting="16" stopped="0" meanWaitingTime="26.91" meanTravelTime="112.86" meanSpeed="5.53" meanSpeedRelative="0.40" duration="2"/>
    <step time="23700.00" loaded="13557" inserted="13536" running="86" waiting="21" ended="13450" arrived="13450" collisions="0" teleports="0" halting="32" stopped="0" meanWaitingTime="26.70" meanTravelTime="112.51" meanSpeed="4.29" meanSpeedRelative="0.31" duration="2"/>
    <step time="24000.00" loaded="13733" inserted="13714" running="61" waiting="19" ended="13653" arrived="13653" collisions="0" teleports="0" halting="22" stopped="0" meanWaitingTime="26.68" meanTravelTime="112.54" meanSpeed="3.73" meanSpeedRelative="0.27" duration="3"/>
    <step time="24300.00" loaded="13947" inserted="13926" running="110" waiting="21" ended="13816" arrived="13816" collisions="0" teleports="0" halting="62" stopped="0" meanWaitingTime="26.80" meanTravelTime="112.57" meanSpeed="3.04" meanSpeedRelative="0.23" duration="4"/>
    <step time="24600.00" loaded="14174" inserted="14131" running="69" waiting="43" ended="14062" arrived="14062" collisions="0" teleports="0" halting="19" stopped="0" meanWaitingTime="26.93" meanTravelTime="113.01" meanSpeed="4.70" meanSpeedRelative="0.34" duration="0"/>
    <step time="24900.00" loaded="14389" inserted="14349" running="91" waiting="40" ended="14258" arrived="14258" collisions="0" teleports="0" halting="41" stopped="0" meanWaitingTime="27.50" meanTravelTime="113.21" meanSpeed="3.96" meanSpeedRelative="0.29" duration="4"/>
    <step time="25200.00" loaded="14584" inserted="14540" running="72" waiting="44" ended="14468" arrived="14468" collisions="0" teleports="0" halting="31" stopped="0" meanWaitingTime="27.71" meanTravelTime="113.34" meanSpeed="3.92" meanSpeedRelative="0.28" duration="3"/>
    <step time="25500.00" loaded="14760" inserted="14739" running="66" waiting="21" ended="14673" arrived="14673" collisions="0" teleports="0" halting="30" stopped="0" meanWaitingTime="28.07" meanTravelTime="113.48" meanSpeed="5.23" meanSpeedRelative="0.39" duration="3"/>
    <step time="25800.00" loaded="14991" inserted="14960" running="72" waiting="31" ended="14888" arrived="14888" collisions="0" teleports="0" halting="19" stopped="0" meanWaitingTime="28.08" meanTravelTime="113.28" meanSpeed="5.16" meanSpeedRelative="0.37" duration="3"/>
    <step time="26100.00" loaded="15204" inserted="15173" running="85" waiting="31" ended="15088" arrived="15088" collisions="0" teleports="0" halting="34" stopped="0" meanWaitingTime="28.32" meanTravelTime="113.40" meanSpeed="3.23" meanSpeedRelative="0.23" duration="3"/>
    <step time="26400.00" loaded="15399" inserted="15358" running="84" waiting="41" ended="15274" arrived="15274" collisions="0" teleports="0" halting="36" stopped="0" meanWaitingTime="28.58" meanTravelTime="113.39" meanSpeed="2.91" meanSpeedRelative="0.21" duration="3"/>
    <step time="26700.00" loaded="15615" inserted="15587" running="116" waiting="28" ended="15471" arrived="15471" collisions="0" teleports="0" halting="36" stopped="0" meanWaitingTime="28.99" meanTravelTime="113.31" meanSpeed="4.57" meanSpeedRelative="0.33" duration="2"/>
    <step time="27000.00" loaded="15833" inserted="15799" running="95" waiting="34" ended="15704" arrived="15704" collisions="0" teleports="0" halting="29" stopped="0" meanWaitingTime="29.25" meanTravelTime="113.70" meanSpeed="5.46" meanSpeedRelative="0.39" duration="4"/>
    <step time="27300.00" loaded="16056" inserted="16013" running="102" waiting="43" ended="15911" arrived="15911" collisions="0" teleports="0" halting="35" stopped="0" meanWaitingTime="29.58" meanTravelTime="113.52" meanSpeed="3.84" meanSpeedRelative="0.28" duration="4"/>
    <step time="27600.00" loaded="16253" inserted="16205" running="77" waiting="48" ended="16128" arrived="16128" collisions="0" teleports="0" halting="45" stopped="0" meanWaitingTime="29.90" meanTravelTime="113.69" meanSpeed="3.02" meanSpeedRelative="0.22" duration="3"/>
    <step time="27900.00" loaded="16459" inserted="16417" running="68" waiting="42" ended="16349" arrived="16349" collisions="0" teleports="0" halting="14" stopped="0" meanWaitingTime="30.33" meanTravelTime="113.71" meanSpeed="5.68" meanSpeedRelative="0.41" duration="3"/>
    <step time="28200.00" loaded="16684" inserted="16655" running="73" waiting="29" ended="16582" arrived="16582" collisions="0" teleports="0" halting="17" stopped="0" meanWaitingTime="30.75" meanTravelTime="113.52" meanSpeed="5.25" meanSpeedRelative="0.38" duration="3"/>
    <step time="28500.00" loaded="16885" inserted="16856" running="77" waiting="29" ended="16779" arrived="16779" collisions="0" teleports="0" halting="22" stopped="0" meanWaitingTime="30.94" meanTravelTime="113.50" meanSpeed="5.67" meanSpeedRelative="0.43" duration="1"/>
    <step time="28800.00" loaded="17098" inserted="17066" running="66" waiting="32" ended="17000" arrived="17000" collisions="0" teleports="0" halting="26" stopped="0" meanWaitingTime="31.00" meanTravelTime="113.38" meanSpeed="4.18" meanSpeedRelative="0.30" duration="3"/>
    <step time="29100.00" loaded="17324" inserted="17285" running="104" waiting="39" ended="17181" arrived="17181" collisions="0" teleports="0" halting="43" stopped="0" meanWaitingTime="31.04" meanTravelTime="113.52" meanSpeed="2.75" meanSpeedRelative="0.20" duration="3"/>
    <step time="29400.00" loaded="17526" inserted="17470" running="88" waiting="56" ended="17382" arrived="17382" collisions="0" teleports="0" halting="22" stopped="0" meanWaitingTime="31.28" meanTravelTime="114.02" meanSpeed="4.33" meanSpeedRelative="0.31" duration="3"/>
    <step time="29700.00" loaded="17709" inserted="17650" running="70" waiting="59" ended="17580" arrived="17580" collisions="0" teleports="0" halting="17" stopped="0" meanWaitingTime="31.52" meanTravelTime="114.25" meanSpeed="4.79" meanSpeedRelative="0.34" duration="1"/>
    <step time="30000.00" loaded="17884" inserted="17838" running="68" waiting="46" ended="17770" arrived="17770" collisions="0" teleports="0" halting="34" stopped="0" meanWaitingTime="32.29" meanTravelTime="114.36" meanSpeed="3.22" meanSpeedRelative="0.23" duration="2"/>
    <step time="30300.00" loaded="18083" inserted="18032" running="74" waiting="51" ended="17958" arrived="17958" collisions="0" teleports="0" halting="38" stopped="0" meanWaitingTime="32.89" meanTravelTime="114.40" meanSpeed="3.63" meanSpeedRelative="0.26" duration="1"/>
    <step time="30600.00" loaded="18301" inserted="18257" running="88" waiting="44" ended="18169" arrived="18169" collisions="0" teleports="0" halting="38" stopped="0" meanWaitingTime="33.38" meanTravelTime="114.32" meanSpeed="4.73" meanSpeedRelative="0.34" duration="3"/>
    <step time="30900.00" loaded="18519" inserted="18476" running="95" waiting="43" ended="18381" arrived="18381" collisions="0" teleports="0" halting="27" stopped="0" meanWaitingTime="33.69" meanTravelTime="114.30" meanSpeed="3.22" meanSpeedRelative="0.23" duration="2"/>
    <step time="31200.00" loaded="18693" inserted="18645" running="66" waiting="48" ended="18579" arrived="18579" collisions="0" teleports="0" halting="19" stopped="0" meanWaitingTime="33.83" meanTravelTime="114.57" meanSpeed="4.51" meanSpeedRelative="0.32" duration="3"/>
    <step time="31500.00" loaded="18870" inserted="18818" running="61" waiting="52" ended="18757" arrived="18757" collisions="0" teleports="0" halting="30" stopped="0" meanWaitingTime="34.24" meanTravelTime="114.66" meanSpeed="4.55" meanSpeedRelative="0.33" duration="3"/>
    <step time="31800.00" loaded="19028" inserted="18972" running="58" waiting="56" ended="18914" arrived="18914" collisions="0" teleports="0" halting="18" stopped="0" meanWaitingTime="34.62" meanTravelTime="114.60" meanSpeed="4.87" meanSpeedRelative="0.35" duration="2"/>
    <step time="32100.00" loaded="19209" inserted="19166" running="87" waiting="43" ended="19079" arrived="19079" collisions="0" teleports="0" halting="24" stopped="0" meanWaitingTime="35.34" meanTravelTime="114.47" meanSpeed="4.57" meanSpeedRelative="0.33" duration="1"/>
    <step time="32400.00" loaded="19376" inserted="19311" running="58" waiting="65" ended="19253" arrived="19253" collisions="0" teleports="0" halting="18" stopped="0" meanWaitingTime="35.58" meanTravelTime="114.70" meanSpeed="4.81" meanSpeedRelative="0.35" duration="3"/>
    <step time="32700.00" loaded="19554" inserted="19496" running="59" waiting="58" ended="19437" arrived="19437" collisions="0" teleports="0" halting="9" stopped="0" meanWaitingTime="36.17" meanTravelTime="114.68" meanSpeed="6.82" meanSpeedRelative="0.49" duration="3"/>
    <step time="33000.00" loaded="19720" inserted="19666" running="60" waiting="54" ended="19606" arrived="19606" collisions="0" teleports="0" halting="10" stopped="0" meanWaitingTime="36.67" meanTravelTime="114.55" meanSpeed="4.71" meanSpeedRelative="0.34" duration="3"/>
    <step time="33300.00" loaded="19852" inserted="19785" running="43" waiting="67" ended="19742" arrived="19742" collisions="0" teleports="0" halting="15" stopped="0" meanWaitingTime="36.90" meanTravelTime="114.62" meanSpeed="4.65" meanSpeedRelative="0.33" duration="1"/>
    <step time="33600.00" loaded="20045" inserted="19969" running="61" waiting="76" ended="19908" arrived="19908" collisions="0" teleports="0" halting="24" stopped="0" meanWaitingTime="37.76" meanTravelTime="114.46" meanSpeed="4.45" meanSpeedRelative="0.33" duration="2"/>
    <step time="33900.00" loaded="20201" inserted="20126" running="59" waiting="75" ended="20067" arrived="20067" collisions="0" teleports="0" halting="21" stopped="0" meanWaitingTime="38.46" meanTravelTime="114.42" meanSpeed="4.80" meanSpeedRelative="0.35" duration="3"/>
    <step time="34200.00" loaded="20363" inserted="20299" running="92" waiting="64" ended="20207" arrived="20207" collisions="0" teleports="0" halting="23" stopped="0" meanWaitingTime="39.33" meanTravelTime="114.42" meanSpeed="4.57" meanSpeedRelative="0.34" duration="4"/>
    <step time="34500.00" loaded="20530" inserted="20448" running="54" waiting="82" ended="20394" arrived="20394" collisions="0" teleports="0" halting="21" stopped="0" meanWaitingTime="39.80" meanTravelTime="114.75" meanSpeed="4.64" meanSpeedRelative="0.37" duration="3"/>
    <step time="34800.00" loaded="20682" inserted="20606" running="76" waiting="76" ended="20530" arrived="20530" collisions="0" teleports="0" halting="24" stopped="0" meanWaitingTime="40.68" meanTravelTime="114.61" meanSpeed="3.55" meanSpeedRelative="0.26" duration="4"/>
    <step time="35100.00" loaded="20819" inserted="20747" running="50" waiting="72" ended="20697" arrived="20697" collisions="0" teleports="0" halting="8" stopped="0" meanWaitingTime="41.67" meanTravelTime="114.74" meanSpeed="7.98" meanSpeedRelative="0.57" duration="2"/>
    <step time="35400.00" loaded="20955" inserted="20883" running="39" waiting="72" ended="20844" arrived="20844" collisions="0" teleports="0" halting="7" stopped="0" meanWaitingTime="42.20" meanTravelTime="114.61" meanSpeed="6.43" meanSpeedRelative="0.46" duration="2"/>
    <step time="35700.00" loaded="21097" inserted="21031" running="46" waiting="66" ended="20985" arrived="20985" collisions="0" teleports="0" halting="25" stopped="0" meanWaitingTime="43.01" meanTravelTime="114.58" meanSpeed="4.36" meanSpeedRelative="0.31" duration="3"/>
    <step time="36000.00" loaded="21252" inserted="21209" running="50" waiting="43" ended="21159" arrived="21159" collisions="0" teleports="0" halting="13" stopped="0" meanWaitingTime="43.95" meanTravelTime="114.46" meanSpeed="5.36" meanSpeedRelative="0.39" duration="2"/>
    <step time="36300.00" loaded="21427" inserted="21364" running="68" waiting="63" ended="21296" arrived="21296" collisions="0" teleports="0" halting="27" stopped="0" meanWaitingTime="44.37" meanTravelTime="114.25" meanSpeed="4.34" meanSpeedRelative="0.31" duration="3"/>
    <step time="36600.00" loaded="21574" inserted="21512" running="62" waiting="62" ended="21450" arrived="21450" collisions="0" teleports="0" halting="8" stopped="0" meanWaitingTime="44.89" meanTravelTime="114.38" meanSpeed="4.94" meanSpeedRelative="0.36" duration="2"/>
    <step time="36900.00" loaded="21712" inserted="21655" running="46" waiting="57" ended="21609" arrived="21609" collisions="0" teleports="0" halting="14" stopped="0" meanWaitingTime="45.47" meanTravelTime="114.39" meanSpeed="5.24" meanSpeedRelative="0.39" duration="1"/>
    <step time="37200.00" loaded="21834" inserted="21775" running="32" waiting="59" ended="21743" arrived="21743" collisions="0" teleports="0" halting="14" stopped="0" meanWaitingTime="45.74" meanTravelTime="114.31" meanSpeed="4.68" meanSpeedRelative="0.34" duration="2"/>
    <step time="37500.00" loaded="21974" inserted="21899" running="50" waiting="75" ended="21849" arrived="21849" collisions="0" teleports="0" halting="11" stopped="0" meanWaitingTime="46.33" meanTravelTime="114.28" meanSpeed="5.03" meanSpeedRelative="0.36" duration="2"/>
    <step time="37800.00" loaded="22131" inserted="22055" running="56" waiting="76" ended="21999" arrived="21999" collisions="0" teleports="0" halting="22" stopped="0" meanWaitingTime="47.15" meanTravelTime="114.27" meanSpeed="5.09" meanSpeedRelative="0.37" duration="2"/>
    <step time="38100.00" loaded="22275" inserted="22188" running="44" waiting="87" ended="22144" arrived="22144" collisions="0" teleports="0" halting="9" stopped="0" meanWaitingTime="47.55" meanTravelTime="114.19" meanSpeed="5.62" meanSpeedRelative="0.40" duration="2"/>
    <step time="38400.00" loaded="22400" inserted="22328" running="51" waiting="72" ended="22277" arrived="22277" collisions="0" teleports="0" halting="23" stopped="0" meanWaitingTime="48.53" meanTravelTime="114.15" meanSpeed="3.97" meanSpeedRelative="0.29" duration="2"/>
    <step time="38700.00" loaded="22497" inserted="22443" running="46" waiting="54" ended="22397" arrived="22397" collisions="0" teleports="0" halting="18" stopped="0" meanWaitingTime="49.15" meanTravelTime="114.09" meanSpeed="4.46" meanSpeedRelative="0.32" duration="2"/>
    <step time="39000.00" loaded="22603" inserted="22527" running="30" waiting="76" ended="22497" arrived="22497" collisions="0" teleports="0" halting="6" stopped="0" meanWaitingTime="49.77" meanTravelTime="114.08" meanSpeed="5.04" meanSpeedRelative="0.36" duration="2"/>
    <step time="39300.00" loaded="22728" inserted="22644" running="36" waiting="84" ended="22608" arrived="22608" collisions="0" teleports="0" halting="7" stopped="0" meanWaitingTime="50.55" meanTravelTime="114.04" meanSpeed="6.47" meanSpeedRelative="0.47" duration="1"/>
    <step time="39600.00" loaded="22840" inserted="22759" running="50" waiting="81" ended="22709" arrived="22709" collisions="0" teleports="0" halting="26" stopped="0" meanWaitingTime="51.28" meanTravelTime="114.04" meanSpeed="4.39" meanSpeedRelative="0.32" duration="2"/>
    <step time="39900.00" loaded="22964" inserted="22866" running="61" waiting="98" ended="22805" arrived="22805" collisions="0" teleports="0" halting="49" stopped="0" meanWaitingTime="51.82" meanTravelTime="114.07" meanSpeed="1.95" meanSpeedRelative="0.14" duration="2"/>
    <step time="40200.00" loaded="23055" inserted="22962" running="39" waiting="93" ended="22923" arrived="22923" collisions="0" teleports="0" halting="14" stopped="0" meanWaitingTime="52.80" meanTravelTime="114.34" meanSpeed="4.41" meanSpeedRelative="0.34" duration="2"/>
    <step time="40500.00" loaded="23155" inserted="23073" running="46" waiting="82" ended="23027" arrived="23027" collisions="0" teleports="0" halting="11" stopped="0" meanWaitingTime="53.84" meanTravelTime="114.39" meanSpeed="4.05" meanSpeedRelative="0.29" duration="2"/>
    <step time="40800.00" loaded="23263" inserted="23161" running="35" waiting="102" ended="23126" arrived="23126" collisions="0" teleports="0" halting="30" stopped="0" meanWaitingTime="54.90" meanTravelTime="114.48" meanSpeed="0.81" meanSpeedRelative="0.06" duration="1"/>
    <step time="41100.00" loaded="23348" inserted="23244" running="31" waiting="104" ended="23213" arrived="23213" collisions="0" teleports="0" halting="12" stopped="0" meanWaitingTime="55.61" meanTravelTime="114.53" meanSpeed="5.45" meanSpeedRelative="0.39" duration="1"/>
    <step time="41400.00" loaded="23410" inserted="23349" running="30" waiting="61" ended="23319" arrived="23319" collisions="0" teleports="0" halting="12" stopped="0" meanWaitingTime="56.94" meanTravelTime="114.52" meanSpeed="5.42" meanSpeedRelative="0.41" duration="1"/>
    <step time="41700.00" loaded="23508" inserted="23439" running="56" waiting="69" ended="23383" arrived="23383" collisions="0" teleports="0" halting="27" stopped="0" meanWaitingTime="57.96" meanTravelTime="114.47" meanSpeed="3.99" meanSpeedRelative="0.29" duration="2"/>
    <step time="42000.00" loaded="23588" inserted="23515" running="33" waiting="73" ended="23482" arrived="23482" collisions="0" teleports="0" halting="12" stopped="0" meanWaitingTime="58.72" meanTravelTime="114.72" meanSpeed="6.31" meanSpeedRelative="0.45" duration="2"/>
    <step time="42300.00" loaded="23691" inserted="23619" running="29" waiting="72" ended="23590" arrived="23590" collisions="0" teleports="0" halting="10" stopped="0" meanWaitingTime="59.42" meanTravelTime="114.61" meanSpeed="4.68" meanSpeedRelative="0.34" duration="2"/>
    <step time="42600.00" loaded="23802" inserted="23688" running="25" waiting="114" ended="23663" arrived="23663" collisions="0" teleports="0" halting="7" stopped="0" meanWaitingTime="59.70" meanTravelTime="114.59" meanSpeed="5.38" meanSpeedRelative="0.39" duration="1"/>
    <step time="42900.00" loaded="23904" inserted="23791" running="46" waiting="113" ended="23745" arrived="23745" collisions="0" teleports="0" halting="17" stopped="0" meanWaitingTime="60.79" meanTravelTime="114.65" meanSpeed="5.49" meanSpeedRelative="0.40" duration="1"/>
    <step time="43200.00" loaded="24006" inserted="23877" running="31" waiting="129" ended="23846" arrived="23846" collisions="0" teleports="0" halting="3" stopped="0" meanWaitingTime="61.47" meanTravelTime="114.68" meanSpeed="7.94" meanSpeedRelative="0.57" duration="1"/>
    <step time="43500.00" loaded="24084" inserted="23954" running="29" waiting="130" ended="23925" arrived="23925" collisions="0" teleports="0" halting="9" stopped="0" meanWaitingTime="62.30" meanTravelTime="114.72" meanSpeed="5.79" meanSpeedRelative="0.42" duration="1"/>
    <step time="43800.00" loaded="24186" inserted="24051" running="39" waiting="135" ended="24012" arrived="24012" collisions="0" teleports="0" halting="17" stopped="0" meanWaitingTime="64.21" meanTravelTime="114.69" meanSpeed="5.45" meanSpeedRelative="0.39" duration="1"/>
    <step time="44100.00" loaded="24290" inserted="24158" running="51" waiting="132" ended="24107" arrived="24107" collisions="0" teleports="0" halting="29" stopped="0" meanWaitingTime="65.81" meanTravelTime="114.67" meanSpeed="3.59" meanSpeedRelative="0.26" duration="1"/>
    <step time="44400.00" loaded="24399" inserted="24248" running="60" waiting="151" ended="24188" arrived="24188" collisions="0" teleports="0" halting="39" stopped="0" meanWaitingTime="67.00" meanTravelTime="114.65" meanSpeed="2.00" meanSpeedRelative="0.14" duration="2"/>
    <step time="44700.00" loaded="24501" inserted="24336" running="33" waiting="165" ended="24303" arrived="24303" collisions="0" teleports="0" halting="13" stopped="0" meanWaitingTime="68.66" meanTravelTime="115.05" meanSpeed="4.40" meanSpeedRelative="0.32" duration="1"/>
    <step time="45000.00" loaded="24606" inserted="24439" running="42" waiting="167" ended="24397" arrived="24397" collisions="0" teleports="0" halting="7" stopped="0" meanWaitingTime="70.41" meanTravelTime="115.09" meanSpeed="5.66" meanSpeedRelative="0.41" duration="2"/>
    <step time="45300.00" loaded="24695" inserted="24547" running="51" waiting="148" ended="24496" arrived="24496" collisions="0" teleports="0" halting="15" stopped="0" meanWaitingTime="72.07" meanTravelTime="115.13" meanSpeed="3.64" meanSpeedRelative="0.26" duration="2"/>
    <step time="45600.00" loaded="24778" inserted="24631" running="46" waiting="147" ended="24585" arrived="24585" collisions="0" teleports="0" halting="31" stopped="0" meanWaitingTime="73.26" meanTravelTime="115.23" meanSpeed="2.65" meanSpeedRelative="0.19" duration="1"/>
    <step time="45900.00" loaded="24864" inserted="24706" running="54" waiting="158" ended="24652" arrived="24652" collisions="0" teleports="0" halting="45" stopped="0" meanWaitingTime="74.86" meanTravelTime="115.27" meanSpeed="1.35" meanSpeedRelative="0.10" duration="1"/>
    <step time="46200.00" loaded="24944" inserted="24792" running="86" waiting="152" ended="24706" arrived="24706" collisions="0" teleports="0" halting="79" stopped="0" meanWaitingTime="76.65" meanTravelTime="115.15" meanSpeed="0.52" meanSpeedRelative="0.04" duration="1"/>
    <step time="46500.00" loaded="24992" inserted="24833" running="99" waiting="159" ended="24734" arrived="24734" collisions="0" teleports="0" halting="99" stopped="0" meanWaitingTime="77.02" meanTravelTime="115.08" meanSpeed="0.00" meanSpeedRelative="0.00" duration="2"/>
    <step time="46800.00" loaded="25012" inserted="24853" running="107" waiting="159" ended="24746" arrived="24746" collisions="0" teleports="0" halting="106" stopped="0" meanWaitingTime="76.96" meanTravelTime="115.05" meanSpeed="0.11" meanSpeedRelative="0.01" duration="2"/>
    <step time="47100.00" loaded="25030" inserted="24871" running="110" waiting="159" ended="24761" arrived="24761" collisions="0" teleports="0" halting="107" stopped="0" meanWaitingTime="76.91" meanTravelTime="114.99" meanSpeed="0.16" meanSpeedRelative="0.01" duration="3"/>
    <step time="47400.00" loaded="25046" inserted="24887" running="113" waiting="159" ended="24774" arrived="24774" collisions="0" teleports="0" halting="113" stopped="0" meanWaitingTime="76.86" meanTravelTime="114.95" meanSpeed="0.00" meanSpeedRelative="0.00" duration="3"/>
    <step time="47700.00" loaded="25060" inserted="24898" running="117" waiting="162" ended="24781" arrived="24781" collisions="0" teleports="0" halting="117" stopped="0" meanWaitingTime="76.82" meanTravelTime="114.93" meanSpeed="0.00" meanSpeedRelative="0.00" duration="3"/>
    <step time="48000.00" loaded="25073" inserted="24905" running="116" waiting="168" ended="24789" arrived="24789" collisions="0" teleports="0" halting="115" stopped="0" meanWaitingTime="76.80" meanTravelTime="114.90" meanSpeed="0.05" meanSpeedRelative="0.00" duration="3"/>
    <step time="48300.00" loaded="25087" inserted="24913" running="116" waiting="174" ended="24797" arrived="24797" collisions="0" teleports="0" halting="115" stopped="0" meanWaitingTime="76.78" meanTravelTime="114.87" meanSpeed="0.02" meanSpeedRelative="0.00" duration="4"/>
    <step time="48600.00" loaded="25103" inserted="24924" running="115" waiting="179" ended="24809" arrived="24809" collisions="0" teleports="0" halting="115" stopped="0" meanWaitingTime="76.74" meanTravelTime="114.82" meanSpeed="0.00" meanSpeedRelative="0.00" duration="4"/>
    <step time="48900.00" loaded="25118" inserted="24933" running="116" waiting="185" ended="24817" arrived="24817" collisions="0" teleports="0" halting="115" stopped="0" meanWaitingTime="76.72" meanTravelTime="114.79" meanSpeed="0.03" meanSpeedRelative="0.00" duration="1"/>
    <step time="49200.00" loaded="25127" inserted="24940" running="115" waiting="187" ended="24825" arrived="24825" collisions="0" teleports="0" halting="115" stopped="0" meanWaitingTime="76.69" meanTravelTime="114.76" meanSpeed="0.00" meanSpeedRelative="0.00" duration="3"/>
</summary>
