<?xml version="1.0" encoding="UTF-8"?>

<!-- generated on 2025-02-28 17:10:07 by Eclipse SUMO GUI Version 1.19.0
<configuration xmlns:xsi="http://www.w3.org/2001/XMLSchema-instance" xsi:noNamespaceSchemaLocation="http://sumo.dlr.de/xsd/sumoConfiguration.xsd">

    <input>
        <net-file value="Network.net.xml"/>
        <route-files value="CarRoutes.rou.xml"/>
        <additional-files value="Sensors.add.xml"/>
    </input>

    <output>
        <emission-output value="logs/Emissions.xml"/>
        <summary-output value="logs/Log_summary.xml"/>
        <summary-output.period value="300"/>
        <tripinfo-output value="logs/TripInfos.xml"/>
    </output>

    <time>
        <begin value="0"/>
        <end value="86400"/>
        <step-length value="0.25"/>
    </time>

    <processing>
        <ignore-junction-blocker value="0.1"/>
        <time-to-teleport value="-1"/>
    </processing>

    <report>
        <verbose value="true"/>
        <no-step-log value="true"/>
    </report>

    <emissions>
        <device.emissions.period value="10"/>
    </emissions>

    <traci_server>
        <remote-port value="57640"/>
    </traci_server>

    <gui_only>
        <quit-on-end value="true"/>
        <start value="true"/>
    </gui_only>

</configuration>
-->

<instantE1 xmlns:xsi="http://www.w3.org/2001/XMLSchema-instance" xsi:noNamespaceSchemaLocation="http://sumo.dlr.de/xsd/instant_e1_file.xsd">
    <instantOut id="235_D025" time="3193.24" state="enter" vehID="Car_2968" speed="7.94" length="5.00" type="DEFAULT_CAR"/>
    <instantOut id="235_D025" time="3193.25" state="stay" vehID="Car_2968" speed="7.94" length="5.00" type="DEFAULT_CAR"/>
    <instantOut id="235_D025" time="3193.50" state="stay" vehID="Car_2968" speed="7.19" length="5.00" type="DEFAULT_CAR"/>
    <instantOut id="235_D025" time="3193.75" state="stay" vehID="Car_2968" speed="6.44" length="5.00" type="DEFAULT_CAR"/>
    <instantOut id="235_D025" time="3194.00" state="stay" vehID="Car_2968" speed="5.69" length="5.00" type="DEFAULT_CAR"/>
    <instantOut id="235_D025" time="3194.02" state="leave" vehID="Car_2968" speed="4.94" length="5.00" type="DEFAULT_CAR" occupancy="0.78"/>
    <instantOut id="235_D025" time="7158.42" state="enter" vehID="Car_4441" speed="8.04" length="5.00" type="DEFAULT_CAR" gap="3964.40"/>
    <instantOut id="235_D025" time="7158.50" state="stay" vehID="Car_4441" speed="8.04" length="5.00" type="DEFAULT_CAR"/>
    <instantOut id="235_D025" time="7158.75" state="stay" vehID="Car_4441" speed="7.58" length="5.00" type="DEFAULT_CAR"/>
    <instantOut id="235_D025" time="7159.00" state="stay" vehID="Car_4441" speed="6.83" length="5.00" type="DEFAULT_CAR"/>
    <instantOut id="235_D025" time="7159.13" state="leave" vehID="Car_4441" speed="6.08" length="5.00" type="DEFAULT_CAR" occupancy="0.70"/>
    <instantOut id="235_D025" time="9158.74" state="enter" vehID="Car_3959" speed="9.35" length="5.00" type="DEFAULT_CAR" gap="1999.61"/>
    <instantOut id="235_D025" time="9158.75" state="stay" vehID="Car_3959" speed="9.35" length="5.00" type="DEFAULT_CAR"/>
    <instantOut id="235_D025" time="9159.00" state="stay" vehID="Car_3959" speed="8.69" length="5.00" type="DEFAULT_CAR"/>
    <instantOut id="235_D025" time="9159.25" state="stay" vehID="Car_3959" speed="8.31" length="5.00" type="DEFAULT_CAR"/>
    <instantOut id="235_D025" time="9159.34" state="leave" vehID="Car_3959" speed="7.56" length="5.00" type="DEFAULT_CAR" occupancy="0.60"/>
    <instantOut id="235_D025" time="10539.96" state="enter" vehID="Car_6064" speed="8.75" length="5.00" type="DEFAULT_CAR" gap="1380.62"/>
    <instantOut id="235_D025" time="10540.00" state="stay" vehID="Car_6064" speed="8.75" length="5.00" type="DEFAULT_CAR"/>
    <instantOut id="235_D025" time="10540.25" state="stay" vehID="Car_6064" speed="8.00" length="5.00" type="DEFAULT_CAR"/>
    <instantOut id="235_D025" time="10540.50" state="stay" vehID="Car_6064" speed="7.25" length="5.00" type="DEFAULT_CAR"/>
    <instantOut id="235_D025" time="10540.63" state="leave" vehID="Car_6064" speed="6.50" length="5.00" type="DEFAULT_CAR" occupancy="0.67"/>
    <instantOut id="235_D025" time="10784.99" state="enter" vehID="Car_5386" speed="6.80" length="5.00" type="DEFAULT_CAR" gap="244.36"/>
    <instantOut id="235_D025" time="10785.00" state="stay" vehID="Car_5386" speed="6.80" length="5.00" type="DEFAULT_CAR"/>
    <instantOut id="235_D025" time="10785.25" state="stay" vehID="Car_5386" speed="7.47" length="5.00" type="DEFAULT_CAR"/>
    <instantOut id="235_D025" time="10785.50" state="stay" vehID="Car_5386" speed="8.30" length="5.00" type="DEFAULT_CAR"/>
    <instantOut id="235_D025" time="10785.62" state="leave" vehID="Car_5386" speed="8.36" length="5.00" type="DEFAULT_CAR" occupancy="0.63"/>
    <instantOut id="235_D025" time="13045.42" state="enter" vehID="Car_6518" speed="10.67" length="5.00" type="DEFAULT_CAR" gap="2259.80"/>
    <instantOut id="235_D025" time="13045.50" state="stay" vehID="Car_6518" speed="10.67" length="5.00" type="DEFAULT_CAR"/>
    <instantOut id="235_D025" time="13045.75" state="stay" vehID="Car_6518" speed="9.93" length="5.00" type="DEFAULT_CAR"/>
    <instantOut id="235_D025" time="13045.93" state="leave" vehID="Car_6518" speed="9.19" length="5.00" type="DEFAULT_CAR" occupancy="0.51"/>
    <instantOut id="235_D025" time="13169.23" state="enter" vehID="Car_5948" speed="8.75" length="5.00" type="DEFAULT_CAR" gap="123.29"/>
    <instantOut id="235_D025" time="13169.25" state="stay" vehID="Car_5948" speed="8.75" length="5.00" type="DEFAULT_CAR"/>
    <instantOut id="235_D025" time="13169.50" state="stay" vehID="Car_5948" speed="8.20" length="5.00" type="DEFAULT_CAR"/>
    <instantOut id="235_D025" time="13169.75" state="stay" vehID="Car_5948" speed="7.45" length="5.00" type="DEFAULT_CAR"/>
    <instantOut id="235_D025" time="13169.88" state="leave" vehID="Car_5948" speed="6.70" length="5.00" type="DEFAULT_CAR" occupancy="0.66"/>
    <instantOut id="235_D025" time="14826.24" state="enter" vehID="Car_9499" speed="9.37" length="5.00" type="DEFAULT_CAR" gap="1656.36"/>
    <instantOut id="235_D025" time="14826.25" state="stay" vehID="Car_9499" speed="9.37" length="5.00" type="DEFAULT_CAR"/>
    <instantOut id="235_D025" time="14826.50" state="stay" vehID="Car_9499" speed="9.29" length="5.00" type="DEFAULT_CAR"/>
    <instantOut id="235_D025" time="14826.75" state="stay" vehID="Car_9499" speed="8.54" length="5.00" type="DEFAULT_CAR"/>
    <instantOut id="235_D025" time="14826.81" state="leave" vehID="Car_9499" speed="7.79" length="5.00" type="DEFAULT_CAR" occupancy="0.57"/>
    <instantOut id="235_D025" time="15343.04" state="enter" vehID="Car_8659" speed="6.75" length="5.00" type="DEFAULT_CAR" gap="516.24"/>
    <instantOut id="235_D025" time="15343.25" state="stay" vehID="Car_8659" speed="6.75" length="5.00" type="DEFAULT_CAR"/>
    <instantOut id="235_D025" time="15343.50" state="stay" vehID="Car_8659" speed="6.23" length="5.00" type="DEFAULT_CAR"/>
    <instantOut id="235_D025" time="15343.75" state="stay" vehID="Car_8659" speed="5.93" length="5.00" type="DEFAULT_CAR"/>
    <instantOut id="235_D025" time="15343.86" state="leave" vehID="Car_8659" speed="5.24" length="5.00" type="DEFAULT_CAR" occupancy="0.81"/>
    <instantOut id="235_D025" time="16421.94" state="enter" vehID="Car_8735" speed="7.23" length="5.00" type="DEFAULT_CAR" gap="1078.08"/>
    <instantOut id="235_D025" time="16422.00" state="stay" vehID="Car_8735" speed="7.23" length="5.00" type="DEFAULT_CAR"/>
    <instantOut id="235_D025" time="16422.25" state="stay" vehID="Car_8735" speed="7.82" length="5.00" type="DEFAULT_CAR"/>
    <instantOut id="235_D025" time="16422.50" state="stay" vehID="Car_8735" speed="8.67" length="5.00" type="DEFAULT_CAR"/>
    <instantOut id="235_D025" time="16422.55" state="leave" vehID="Car_8735" speed="8.23" length="5.00" type="DEFAULT_CAR" occupancy="0.61"/>
    <instantOut id="235_D025" time="16482.33" state="enter" vehID="Car_9189" speed="7.31" length="5.00" type="DEFAULT_CAR" gap="59.78"/>
    <instantOut id="235_D025" time="16482.50" state="stay" vehID="Car_9189" speed="7.31" length="5.00" type="DEFAULT_CAR"/>
    <instantOut id="235_D025" time="16482.75" state="stay" vehID="Car_9189" speed="6.56" length="5.00" type="DEFAULT_CAR"/>
    <instantOut id="235_D025" time="16483.00" state="stay" vehID="Car_9189" speed="5.81" length="5.00" type="DEFAULT_CAR"/>
    <instantOut id="235_D025" time="16483.13" state="leave" vehID="Car_9189" speed="5.06" length="5.00" type="DEFAULT_CAR" occupancy="0.80"/>
    <instantOut id="235_D025" time="16920.72" state="enter" vehID="Car_9186" speed="11.22" length="5.00" type="DEFAULT_CAR" gap="437.59"/>
    <instantOut id="235_D025" time="16920.75" state="stay" vehID="Car_9186" speed="11.22" length="5.00" type="DEFAULT_CAR"/>
    <instantOut id="235_D025" time="16921.00" state="stay" vehID="Car_9186" speed="10.47" length="5.00" type="DEFAULT_CAR"/>
    <instantOut id="235_D025" time="16921.21" state="leave" vehID="Car_9186" speed="9.72" length="5.00" type="DEFAULT_CAR" occupancy="0.49"/>
    <instantOut id="235_D025" time="17597.01" state="enter" vehID="Car_9627" speed="7.45" length="5.00" type="DEFAULT_CAR" gap="675.80"/>
    <instantOut id="235_D025" time="17597.25" state="stay" vehID="Car_9627" speed="7.45" length="5.00" type="DEFAULT_CAR"/>
    <instantOut id="235_D025" time="17597.50" state="stay" vehID="Car_9627" speed="8.13" length="5.00" type="DEFAULT_CAR"/>
    <instantOut id="235_D025" time="17597.66" state="leave" vehID="Car_9627" speed="7.38" length="5.00" type="DEFAULT_CAR" occupancy="0.65"/>
    <instantOut id="235_D025" time="17802.80" state="enter" vehID="Car_9849" speed="12.08" length="5.00" type="DEFAULT_CAR" gap="205.14"/>
    <instantOut id="235_D025" time="17803.00" state="stay" vehID="Car_9849" speed="12.08" length="5.00" type="DEFAULT_CAR"/>
    <instantOut id="235_D025" time="17803.22" state="leave" vehID="Car_9849" speed="11.33" length="5.00" type="DEFAULT_CAR" occupancy="0.43"/>
    <instantOut id="235_D025" time="19350.99" state="enter" vehID="Car_9911" speed="8.70" length="5.00" type="DEFAULT_CAR" gap="1547.77"/>
    <instantOut id="235_D025" time="19351.00" state="stay" vehID="Car_9911" speed="8.70" length="5.00" type="DEFAULT_CAR"/>
    <instantOut id="235_D025" time="19351.25" state="stay" vehID="Car_9911" speed="7.95" length="5.00" type="DEFAULT_CAR"/>
    <instantOut id="235_D025" time="19351.50" state="stay" vehID="Car_9911" speed="7.22" length="5.00" type="DEFAULT_CAR"/>
    <instantOut id="235_D025" time="19351.68" state="leave" vehID="Car_9911" speed="6.47" length="5.00" type="DEFAULT_CAR" occupancy="0.68"/>
    <instantOut id="235_D025" time="19369.63" state="enter" vehID="Car_9856" speed="7.91" length="5.00" type="DEFAULT_CAR" gap="17.95"/>
    <instantOut id="235_D025" time="19369.75" state="stay" vehID="Car_9856" speed="7.91" length="5.00" type="DEFAULT_CAR"/>
    <instantOut id="235_D025" time="19370.00" state="stay" vehID="Car_9856" speed="7.16" length="5.00" type="DEFAULT_CAR"/>
    <instantOut id="235_D025" time="19370.25" state="stay" vehID="Car_9856" speed="6.41" length="5.00" type="DEFAULT_CAR"/>
    <instantOut id="235_D025" time="19370.36" state="leave" vehID="Car_9856" speed="5.66" length="5.00" type="DEFAULT_CAR" occupancy="0.74"/>
    <instantOut id="235_D025" time="19563.44" state="enter" vehID="Car_9839" speed="9.95" length="5.00" type="DEFAULT_CAR" gap="193.08"/>
    <instantOut id="235_D025" time="19563.50" state="stay" vehID="Car_9839" speed="9.95" length="5.00" type="DEFAULT_CAR"/>
    <instantOut id="235_D025" time="19563.75" state="stay" vehID="Car_9839" speed="9.67" length="5.00" type="DEFAULT_CAR"/>
    <instantOut id="235_D025" time="19563.97" state="leave" vehID="Car_9839" speed="8.92" length="5.00" type="DEFAULT_CAR" occupancy="0.53"/>
    <instantOut id="235_D025" time="21173.24" state="enter" vehID="Car_12614" speed="8.66" length="5.00" type="DEFAULT_CAR" gap="1609.27"/>
    <instantOut id="235_D025" time="21173.25" state="stay" vehID="Car_12614" speed="8.66" length="5.00" type="DEFAULT_CAR"/>
    <instantOut id="235_D025" time="21173.50" state="stay" vehID="Car_12614" speed="8.12" length="5.00" type="DEFAULT_CAR"/>
    <instantOut id="235_D025" time="21173.75" state="stay" vehID="Car_12614" speed="7.37" length="5.00" type="DEFAULT_CAR"/>
    <instantOut id="235_D025" time="21173.89" state="leave" vehID="Car_12614" speed="7.22" length="5.00" type="DEFAULT_CAR" occupancy="0.65"/>
    <instantOut id="235_D025" time="21485.98" state="enter" vehID="Car_12624" speed="8.99" length="5.00" type="DEFAULT_CAR" gap="312.09"/>
    <instantOut id="235_D025" time="21486.00" state="stay" vehID="Car_12624" speed="8.99" length="5.00" type="DEFAULT_CAR"/>
    <instantOut id="235_D025" time="21486.25" state="stay" vehID="Car_12624" speed="8.44" length="5.00" type="DEFAULT_CAR"/>
    <instantOut id="235_D025" time="21486.50" state="stay" vehID="Car_12624" speed="7.69" length="5.00" type="DEFAULT_CAR"/>
    <instantOut id="235_D025" time="21486.61" state="leave" vehID="Car_12624" speed="6.94" length="5.00" type="DEFAULT_CAR" occupancy="0.63"/>
    <instantOut id="235_D025" time="22293.94" state="enter" vehID="Car_11651" speed="7.36" length="5.00" type="DEFAULT_CAR" gap="807.33"/>
    <instantOut id="235_D025" time="22294.00" state="stay" vehID="Car_11651" speed="7.36" length="5.00" type="DEFAULT_CAR"/>
    <instantOut id="235_D025" time="22294.25" state="stay" vehID="Car_11651" speed="7.65" length="5.00" type="DEFAULT_CAR"/>
    <instantOut id="235_D025" time="22294.50" state="stay" vehID="Car_11651" speed="7.00" length="5.00" type="DEFAULT_CAR"/>
    <instantOut id="235_D025" time="22294.64" state="leave" vehID="Car_11651" speed="6.25" length="5.00" type="DEFAULT_CAR" occupancy="0.70"/>
    <instantOut id="235_D025" time="22582.97" state="enter" vehID="Car_11842" speed="8.62" length="5.00" type="DEFAULT_CAR" gap="288.32"/>
    <instantOut id="235_D025" time="22583.00" state="stay" vehID="Car_11842" speed="8.62" length="5.00" type="DEFAULT_CAR"/>
    <instantOut id="235_D025" time="22583.25" state="stay" vehID="Car_11842" speed="7.87" length="5.00" type="DEFAULT_CAR"/>
    <instantOut id="235_D025" time="22583.50" state="stay" vehID="Car_11842" speed="7.35" length="5.00" type="DEFAULT_CAR"/>
    <instantOut id="235_D025" time="22583.64" state="leave" vehID="Car_11842" speed="6.60" length="5.00" type="DEFAULT_CAR" occupancy="0.67"/>
    <instantOut id="235_D025" time="22938.20" state="enter" vehID="Car_11844" speed="10.12" length="5.00" type="DEFAULT_CAR" gap="354.56"/>
    <instantOut id="235_D025" time="22938.25" state="stay" vehID="Car_11844" speed="10.12" length="5.00" type="DEFAULT_CAR"/>
    <instantOut id="235_D025" time="22938.50" state="stay" vehID="Car_11844" speed="10.04" length="5.00" type="DEFAULT_CAR"/>
    <instantOut id="235_D025" time="22938.71" state="leave" vehID="Car_11844" speed="9.35" length="5.00" type="DEFAULT_CAR" occupancy="0.51"/>
    <instantOut id="235_D025" time="22946.53" state="enter" vehID="Car_11852" speed="7.43" length="5.00" type="DEFAULT_CAR" gap="7.82"/>
    <instantOut id="235_D025" time="22946.75" state="stay" vehID="Car_11852" speed="7.43" length="5.00" type="DEFAULT_CAR"/>
    <instantOut id="235_D025" time="22947.00" state="stay" vehID="Car_11852" speed="6.68" length="5.00" type="DEFAULT_CAR"/>
    <instantOut id="235_D025" time="22947.25" state="stay" vehID="Car_11852" speed="5.93" length="5.00" type="DEFAULT_CAR"/>
    <instantOut id="235_D025" time="22947.29" state="leave" vehID="Car_11852" speed="5.18" length="5.00" type="DEFAULT_CAR" occupancy="0.76"/>
    <instantOut id="235_D025" time="24120.73" state="enter" vehID="Car_13794" speed="9.15" length="5.00" type="DEFAULT_CAR" gap="1173.44"/>
    <instantOut id="235_D025" time="24120.75" state="stay" vehID="Car_13794" speed="9.15" length="5.00" type="DEFAULT_CAR"/>
    <instantOut id="235_D025" time="24121.00" state="stay" vehID="Car_13794" speed="8.61" length="5.00" type="DEFAULT_CAR"/>
    <instantOut id="235_D025" time="24121.25" state="stay" vehID="Car_13794" speed="7.86" length="5.00" type="DEFAULT_CAR"/>
    <instantOut id="235_D025" time="24121.35" state="leave" vehID="Car_13794" speed="7.11" length="5.00" type="DEFAULT_CAR" occupancy="0.62"/>
    <instantOut id="235_D025" time="24825.51" state="enter" vehID="Car_13928" speed="8.41" length="5.00" type="DEFAULT_CAR" gap="704.16"/>
    <instantOut id="235_D025" time="24825.75" state="stay" vehID="Car_13928" speed="8.41" length="5.00" type="DEFAULT_CAR"/>
    <instantOut id="235_D025" time="24826.00" state="stay" vehID="Car_13928" speed="7.66" length="5.00" type="DEFAULT_CAR"/>
    <instantOut id="235_D025" time="24826.15" state="leave" vehID="Car_13928" speed="6.91" length="5.00" type="DEFAULT_CAR" occupancy="0.64"/>
    <instantOut id="235_D025" time="25507.72" state="enter" vehID="Car_14698" speed="10.05" length="5.00" type="DEFAULT_CAR" gap="681.57"/>
    <instantOut id="235_D025" time="25507.75" state="stay" vehID="Car_14698" speed="10.05" length="5.00" type="DEFAULT_CAR"/>
    <instantOut id="235_D025" time="25508.00" state="stay" vehID="Car_14698" speed="9.30" length="5.00" type="DEFAULT_CAR"/>
    <instantOut id="235_D025" time="25508.25" state="stay" vehID="Car_14698" speed="8.55" length="5.00" type="DEFAULT_CAR"/>
    <instantOut id="235_D025" time="25508.28" state="leave" vehID="Car_14698" speed="7.80" length="5.00" type="DEFAULT_CAR" occupancy="0.56"/>
    <instantOut id="235_D025" time="25788.19" state="enter" vehID="Car_16428" speed="6.16" length="5.00" type="DEFAULT_CAR" gap="279.91"/>
    <instantOut id="235_D025" time="25788.25" state="stay" vehID="Car_16428" speed="6.16" length="5.00" type="DEFAULT_CAR"/>
    <instantOut id="235_D025" time="25788.50" state="stay" vehID="Car_16428" speed="6.26" length="5.00" type="DEFAULT_CAR"/>
    <instantOut id="235_D025" time="25788.75" state="stay" vehID="Car_16428" speed="5.51" length="5.00" type="DEFAULT_CAR"/>
    <instantOut id="235_D025" time="25789.00" state="stay" vehID="Car_16428" speed="4.85" length="5.00" type="DEFAULT_CAR"/>
    <instantOut id="235_D025" time="25789.12" state="leave" vehID="Car_16428" speed="4.10" length="5.00" type="DEFAULT_CAR" occupancy="0.93"/>
    <instantOut id="235_D025" time="26037.50" state="enter" vehID="Car_16149" speed="10.06" length="5.00" type="DEFAULT_CAR" gap="248.39"/>
    <instantOut id="235_D025" time="26037.75" state="stay" vehID="Car_16149" speed="10.06" length="5.00" type="DEFAULT_CAR"/>
    <instantOut id="235_D025" time="26038.00" state="stay" vehID="Car_16149" speed="9.41" length="5.00" type="DEFAULT_CAR"/>
    <instantOut id="235_D025" time="26038.02" state="leave" vehID="Car_16149" speed="8.80" length="5.00" type="DEFAULT_CAR" occupancy="0.52"/>
    <instantOut id="235_D025" time="27568.33" state="enter" vehID="Car_16147" speed="6.88" length="5.00" type="DEFAULT_CAR" gap="1530.31"/>
    <instantOut id="235_D025" time="27568.50" state="stay" vehID="Car_16147" speed="6.88" length="5.00" type="DEFAULT_CAR"/>
    <instantOut id="235_D025" time="27568.75" state="stay" vehID="Car_16147" speed="6.13" length="5.00" type="DEFAULT_CAR"/>
    <instantOut id="235_D025" time="27569.00" state="stay" vehID="Car_16147" speed="5.38" length="5.00" type="DEFAULT_CAR"/>
    <instantOut id="235_D025" time="27569.20" state="leave" vehID="Car_16147" speed="4.63" length="5.00" type="DEFAULT_CAR" occupancy="0.87"/>
    <instantOut id="235_D025" time="30723.74" state="enter" vehID="Car_18822" speed="8.92" length="5.00" type="DEFAULT_CAR" gap="3154.54"/>
    <instantOut id="235_D025" time="30723.75" state="stay" vehID="Car_18822" speed="8.92" length="5.00" type="DEFAULT_CAR"/>
    <instantOut id="235_D025" time="30724.00" state="stay" vehID="Car_18822" speed="8.28" length="5.00" type="DEFAULT_CAR"/>
    <instantOut id="235_D025" time="30724.25" state="stay" vehID="Car_18822" speed="7.71" length="5.00" type="DEFAULT_CAR"/>
    <instantOut id="235_D025" time="30724.38" state="leave" vehID="Car_18822" speed="6.96" length="5.00" type="DEFAULT_CAR" occupancy="0.64"/>
    <instantOut id="235_D025" time="31051.49" state="enter" vehID="Car_18362" speed="9.17" length="5.00" type="DEFAULT_CAR" gap="327.11"/>
    <instantOut id="235_D025" time="31051.50" state="stay" vehID="Car_18362" speed="9.17" length="5.00" type="DEFAULT_CAR"/>
    <instantOut id="235_D025" time="31051.75" state="stay" vehID="Car_18362" speed="8.42" length="5.00" type="DEFAULT_CAR"/>
    <instantOut id="235_D025" time="31052.00" state="stay" vehID="Car_18362" speed="7.77" length="5.00" type="DEFAULT_CAR"/>
    <instantOut id="235_D025" time="31052.12" state="leave" vehID="Car_18362" speed="7.02" length="5.00" type="DEFAULT_CAR" occupancy="0.63"/>
    <instantOut id="235_D025" time="31476.79" state="enter" vehID="Car_20461" speed="7.54" length="5.00" type="DEFAULT_CAR" gap="424.67"/>
    <instantOut id="235_D025" time="31477.00" state="stay" vehID="Car_20461" speed="7.54" length="5.00" type="DEFAULT_CAR"/>
    <instantOut id="235_D025" time="31477.25" state="stay" vehID="Car_20461" speed="6.79" length="5.00" type="DEFAULT_CAR"/>
    <instantOut id="235_D025" time="31477.50" state="stay" vehID="Car_20461" speed="6.05" length="5.00" type="DEFAULT_CAR"/>
    <instantOut id="235_D025" time="31477.53" state="leave" vehID="Car_20461" speed="5.30" length="5.00" type="DEFAULT_CAR" occupancy="0.75"/>
    <instantOut id="235_D025" time="37178.45" state="enter" vehID="Car_21515" speed="9.92" length="5.00" type="DEFAULT_CAR" gap="5700.91"/>
    <instantOut id="235_D025" time="37178.50" state="stay" vehID="Car_21515" speed="9.92" length="5.00" type="DEFAULT_CAR"/>
    <instantOut id="235_D025" time="37178.75" state="stay" vehID="Car_21515" speed="9.17" length="5.00" type="DEFAULT_CAR"/>
    <instantOut id="235_D025" time="37179.00" state="stay" vehID="Car_21515" speed="8.42" length="5.00" type="DEFAULT_CAR"/>
    <instantOut id="235_D025" time="37179.01" state="leave" vehID="Car_21515" speed="7.78" length="5.00" type="DEFAULT_CAR" occupancy="0.56"/>
    <instantOut id="235_D025" time="38937.20" state="enter" vehID="Car_22932" speed="9.69" length="5.00" type="DEFAULT_CAR" gap="1758.19"/>
    <instantOut id="235_D025" time="38937.25" state="stay" vehID="Car_22932" speed="9.69" length="5.00" type="DEFAULT_CAR"/>
    <instantOut id="235_D025" time="38937.50" state="stay" vehID="Car_22932" speed="9.02" length="5.00" type="DEFAULT_CAR"/>
    <instantOut id="235_D025" time="38937.75" state="stay" vehID="Car_22932" speed="8.44" length="5.00" type="DEFAULT_CAR"/>
    <instantOut id="235_D025" time="38937.77" state="leave" vehID="Car_22932" speed="7.69" length="5.00" type="DEFAULT_CAR" occupancy="0.57"/>
    <instantOut id="235_D025" time="39378.23" state="enter" vehID="Car_23406" speed="8.82" length="5.00" type="DEFAULT_CAR" gap="440.46"/>
    <instantOut id="235_D025" time="39378.25" state="stay" vehID="Car_23406" speed="8.82" length="5.00" type="DEFAULT_CAR"/>
    <instantOut id="235_D025" time="39378.50" state="stay" vehID="Car_23406" speed="8.23" length="5.00" type="DEFAULT_CAR"/>
    <instantOut id="235_D025" time="39378.75" state="stay" vehID="Car_23406" speed="7.48" length="5.00" type="DEFAULT_CAR"/>
    <instantOut id="235_D025" time="39378.88" state="leave" vehID="Car_23406" speed="6.73" length="5.00" type="DEFAULT_CAR" occupancy="0.65"/>
    <instantOut id="235_D025" time="39968.95" state="enter" vehID="Car_23057" speed="10.10" length="5.00" type="DEFAULT_CAR" gap="590.07"/>
    <instantOut id="235_D025" time="39969.00" state="stay" vehID="Car_23057" speed="10.10" length="5.00" type="DEFAULT_CAR"/>
    <instantOut id="235_D025" time="39969.25" state="stay" vehID="Car_23057" speed="10.69" length="5.00" type="DEFAULT_CAR"/>
    <instantOut id="235_D025" time="39969.44" state="leave" vehID="Car_23057" speed="9.94" length="5.00" type="DEFAULT_CAR" occupancy="0.48"/>
    <instantOut id="235_D025" time="42965.49" state="enter" vehID="Car_24809" speed="8.94" length="5.00" type="DEFAULT_CAR" gap="2996.05"/>
    <instantOut id="235_D025" time="42965.50" state="stay" vehID="Car_24809" speed="8.94" length="5.00" type="DEFAULT_CAR"/>
    <instantOut id="235_D025" time="42965.75" state="stay" vehID="Car_24809" speed="8.19" length="5.00" type="DEFAULT_CAR"/>
    <instantOut id="235_D025" time="42966.00" state="stay" vehID="Car_24809" speed="7.47" length="5.00" type="DEFAULT_CAR"/>
    <instantOut id="235_D025" time="42966.14" state="leave" vehID="Car_24809" speed="6.72" length="5.00" type="DEFAULT_CAR" occupancy="0.66"/>
    <instantOut id="235_D025" time="43107.55" state="enter" vehID="Car_24779" speed="10.25" length="5.00" type="DEFAULT_CAR" gap="141.41"/>
    <instantOut id="235_D025" time="43107.75" state="stay" vehID="Car_24779" speed="10.25" length="5.00" type="DEFAULT_CAR"/>
    <instantOut id="235_D025" time="43108.00" state="stay" vehID="Car_24779" speed="9.50" length="5.00" type="DEFAULT_CAR"/>
    <instantOut id="235_D025" time="43108.07" state="leave" vehID="Car_24779" speed="8.75" length="5.00" type="DEFAULT_CAR" occupancy="0.52"/>
    <instantOut id="235_D025" time="43931.00" state="enter" vehID="Car_24915" speed="8.74" length="5.00" type="DEFAULT_CAR" gap="822.93"/>
    <instantOut id="235_D025" time="43931.00" state="stay" vehID="Car_24915" speed="8.74" length="5.00" type="DEFAULT_CAR"/>
    <instantOut id="235_D025" time="43931.25" state="stay" vehID="Car_24915" speed="8.30" length="5.00" type="DEFAULT_CAR"/>
    <instantOut id="235_D025" time="43931.50" state="stay" vehID="Car_24915" speed="7.65" length="5.00" type="DEFAULT_CAR"/>
    <instantOut id="235_D025" time="43931.64" state="leave" vehID="Car_24915" speed="6.97" length="5.00" type="DEFAULT_CAR" occupancy="0.64"/>
</instantE1>
