<?xml version="1.0" encoding="UTF-8"?>

<!-- generated on 2025-02-28 17:10:07 by Eclipse SUMO GUI Version 1.19.0
<configuration xmlns:xsi="http://www.w3.org/2001/XMLSchema-instance" xsi:noNamespaceSchemaLocation="http://sumo.dlr.de/xsd/sumoConfiguration.xsd">

    <input>
        <net-file value="Network.net.xml"/>
        <route-files value="CarRoutes.rou.xml"/>
        <additional-files value="Sensors.add.xml"/>
    </input>

    <output>
        <emission-output value="logs/Emissions.xml"/>
        <summary-output value="logs/Log_summary.xml"/>
        <summary-output.period value="300"/>
        <tripinfo-output value="logs/TripInfos.xml"/>
    </output>

    <time>
        <begin value="0"/>
        <end value="86400"/>
        <step-length value="0.25"/>
    </time>

    <processing>
        <ignore-junction-blocker value="0.1"/>
        <time-to-teleport value="-1"/>
    </processing>

    <report>
        <verbose value="true"/>
        <no-step-log value="true"/>
    </report>

    <emissions>
        <device.emissions.period value="10"/>
    </emissions>

    <traci_server>
        <remote-port value="57640"/>
    </traci_server>

    <gui_only>
        <quit-on-end value="true"/>
        <start value="true"/>
    </gui_only>

</configuration>
-->

<instantE1 xmlns:xsi="http://www.w3.org/2001/XMLSchema-instance" xsi:noNamespaceSchemaLocation="http://sumo.dlr.de/xsd/instant_e1_file.xsd">
    <instantOut id="235_D11" time="525.04" state="enter" vehID="Car_1336" speed="3.72" length="5.00" type="DEFAULT_CAR"/>
    <instantOut id="235_D11" time="525.25" state="stay" vehID="Car_1336" speed="3.72" length="5.00" type="DEFAULT_CAR"/>
    <instantOut id="235_D11" time="525.50" state="stay" vehID="Car_1336" speed="3.03" length="5.00" type="DEFAULT_CAR"/>
    <instantOut id="235_D11" time="525.75" state="stay" vehID="Car_1336" speed="2.53" length="5.00" type="DEFAULT_CAR"/>
    <instantOut id="235_D11" time="526.00" state="stay" vehID="Car_1336" speed="1.78" length="5.00" type="DEFAULT_CAR"/>
    <instantOut id="235_D11" time="526.25" state="stay" vehID="Car_1336" speed="1.08" length="5.00" type="DEFAULT_CAR"/>
    <instantOut id="235_D11" time="526.50" state="stay" vehID="Car_1336" speed="0.35" length="5.00" type="DEFAULT_CAR"/>
    <instantOut id="235_D11" time="526.75" state="stay" vehID="Car_1336" speed="0.00" length="5.00" type="DEFAULT_CAR"/>
    <instantOut id="235_D11" time="527.00" state="stay" vehID="Car_1336" speed="0.00" length="5.00" type="DEFAULT_CAR"/>
    <instantOut id="235_D11" time="527.25" state="stay" vehID="Car_1336" speed="0.00" length="5.00" type="DEFAULT_CAR"/>
    <instantOut id="235_D11" time="527.50" state="stay" vehID="Car_1336" speed="0.00" length="5.00" type="DEFAULT_CAR"/>
    <instantOut id="235_D11" time="527.75" state="stay" vehID="Car_1336" speed="0.00" length="5.00" type="DEFAULT_CAR"/>
    <instantOut id="235_D11" time="528.00" state="stay" vehID="Car_1336" speed="0.00" length="5.00" type="DEFAULT_CAR"/>
    <instantOut id="235_D11" time="528.25" state="stay" vehID="Car_1336" speed="0.00" length="5.00" type="DEFAULT_CAR"/>
    <instantOut id="235_D11" time="528.50" state="stay" vehID="Car_1336" speed="0.91" length="5.00" type="DEFAULT_CAR"/>
    <instantOut id="235_D11" time="528.75" state="stay" vehID="Car_1336" speed="1.79" length="5.00" type="DEFAULT_CAR"/>
    <instantOut id="235_D11" time="529.00" state="stay" vehID="Car_1336" speed="2.45" length="5.00" type="DEFAULT_CAR"/>
    <instantOut id="235_D11" time="529.22" state="leave" vehID="Car_1336" speed="3.32" length="5.00" type="DEFAULT_CAR" occupancy="4.18"/>
    <instantOut id="235_D11" time="823.90" state="enter" vehID="Car_1343" speed="4.10" length="5.00" type="DEFAULT_CAR" gap="294.68"/>
    <instantOut id="235_D11" time="824.00" state="stay" vehID="Car_1343" speed="4.10" length="5.00" type="DEFAULT_CAR"/>
    <instantOut id="235_D11" time="824.25" state="stay" vehID="Car_1343" speed="3.35" length="5.00" type="DEFAULT_CAR"/>
    <instantOut id="235_D11" time="824.50" state="stay" vehID="Car_1343" speed="2.60" length="5.00" type="DEFAULT_CAR"/>
    <instantOut id="235_D11" time="824.75" state="stay" vehID="Car_1343" speed="2.16" length="5.00" type="DEFAULT_CAR"/>
    <instantOut id="235_D11" time="825.00" state="stay" vehID="Car_1343" speed="1.44" length="5.00" type="DEFAULT_CAR"/>
    <instantOut id="235_D11" time="825.25" state="stay" vehID="Car_1343" speed="0.69" length="5.00" type="DEFAULT_CAR"/>
    <instantOut id="235_D11" time="825.50" state="stay" vehID="Car_1343" speed="0.01" length="5.00" type="DEFAULT_CAR"/>
    <instantOut id="235_D11" time="825.75" state="stay" vehID="Car_1343" speed="0.00" length="5.00" type="DEFAULT_CAR"/>
    <instantOut id="235_D11" time="826.00" state="stay" vehID="Car_1343" speed="0.00" length="5.00" type="DEFAULT_CAR"/>
    <instantOut id="235_D11" time="826.25" state="stay" vehID="Car_1343" speed="0.00" length="5.00" type="DEFAULT_CAR"/>
    <instantOut id="235_D11" time="826.50" state="stay" vehID="Car_1343" speed="0.00" length="5.00" type="DEFAULT_CAR"/>
    <instantOut id="235_D11" time="826.75" state="stay" vehID="Car_1343" speed="0.00" length="5.00" type="DEFAULT_CAR"/>
    <instantOut id="235_D11" time="827.00" state="stay" vehID="Car_1343" speed="0.00" length="5.00" type="DEFAULT_CAR"/>
    <instantOut id="235_D11" time="827.25" state="stay" vehID="Car_1343" speed="0.85" length="5.00" type="DEFAULT_CAR"/>
    <instantOut id="235_D11" time="827.50" state="stay" vehID="Car_1343" speed="1.68" length="5.00" type="DEFAULT_CAR"/>
    <instantOut id="235_D11" time="827.75" state="stay" vehID="Car_1343" speed="2.31" length="5.00" type="DEFAULT_CAR"/>
    <instantOut id="235_D11" time="828.00" state="stay" vehID="Car_1343" speed="2.86" length="5.00" type="DEFAULT_CAR"/>
    <instantOut id="235_D11" time="828.03" state="leave" vehID="Car_1343" speed="3.46" length="5.00" type="DEFAULT_CAR" occupancy="4.13"/>
    <instantOut id="235_D11" time="957.91" state="enter" vehID="Car_1335" speed="4.29" length="5.00" type="DEFAULT_CAR" gap="129.88"/>
    <instantOut id="235_D11" time="958.00" state="stay" vehID="Car_1335" speed="4.29" length="5.00" type="DEFAULT_CAR"/>
    <instantOut id="235_D11" time="958.25" state="stay" vehID="Car_1335" speed="3.54" length="5.00" type="DEFAULT_CAR"/>
    <instantOut id="235_D11" time="958.50" state="stay" vehID="Car_1335" speed="2.79" length="5.00" type="DEFAULT_CAR"/>
    <instantOut id="235_D11" time="958.75" state="stay" vehID="Car_1335" speed="2.05" length="5.00" type="DEFAULT_CAR"/>
    <instantOut id="235_D11" time="959.00" state="stay" vehID="Car_1335" speed="1.36" length="5.00" type="DEFAULT_CAR"/>
    <instantOut id="235_D11" time="959.25" state="stay" vehID="Car_1335" speed="0.61" length="5.00" type="DEFAULT_CAR"/>
    <instantOut id="235_D11" time="959.50" state="stay" vehID="Car_1335" speed="0.02" length="5.00" type="DEFAULT_CAR"/>
    <instantOut id="235_D11" time="959.75" state="stay" vehID="Car_1335" speed="0.00" length="5.00" type="DEFAULT_CAR"/>
    <instantOut id="235_D11" time="960.00" state="stay" vehID="Car_1335" speed="0.89" length="5.00" type="DEFAULT_CAR"/>
    <instantOut id="235_D11" time="960.25" state="stay" vehID="Car_1335" speed="1.78" length="5.00" type="DEFAULT_CAR"/>
    <instantOut id="235_D11" time="960.50" state="stay" vehID="Car_1335" speed="2.65" length="5.00" type="DEFAULT_CAR"/>
    <instantOut id="235_D11" time="960.70" state="leave" vehID="Car_1335" speed="3.38" length="5.00" type="DEFAULT_CAR" occupancy="2.79"/>
    <instantOut id="235_D11" time="2627.98" state="enter" vehID="Car_2289" speed="4.48" length="5.00" type="DEFAULT_CAR" gap="1667.28"/>
    <instantOut id="235_D11" time="2628.00" state="stay" vehID="Car_2289" speed="4.48" length="5.00" type="DEFAULT_CAR"/>
    <instantOut id="235_D11" time="2628.25" state="stay" vehID="Car_2289" speed="3.73" length="5.00" type="DEFAULT_CAR"/>
    <instantOut id="235_D11" time="2628.50" state="stay" vehID="Car_2289" speed="2.98" length="5.00" type="DEFAULT_CAR"/>
    <instantOut id="235_D11" time="2628.75" state="stay" vehID="Car_2289" speed="2.25" length="5.00" type="DEFAULT_CAR"/>
    <instantOut id="235_D11" time="2629.00" state="stay" vehID="Car_2289" speed="1.50" length="5.00" type="DEFAULT_CAR"/>
    <instantOut id="235_D11" time="2629.25" state="stay" vehID="Car_2289" speed="0.92" length="5.00" type="DEFAULT_CAR"/>
    <instantOut id="235_D11" time="2629.50" state="stay" vehID="Car_2289" speed="0.17" length="5.00" type="DEFAULT_CAR"/>
    <instantOut id="235_D11" time="2629.75" state="stay" vehID="Car_2289" speed="0.00" length="5.00" type="DEFAULT_CAR"/>
    <instantOut id="235_D11" time="2630.00" state="stay" vehID="Car_2289" speed="0.00" length="5.00" type="DEFAULT_CAR"/>
    <instantOut id="235_D11" time="2630.25" state="stay" vehID="Car_2289" speed="0.00" length="5.00" type="DEFAULT_CAR"/>
    <instantOut id="235_D11" time="2630.50" state="stay" vehID="Car_2289" speed="0.00" length="5.00" type="DEFAULT_CAR"/>
    <instantOut id="235_D11" time="2630.75" state="stay" vehID="Car_2289" speed="0.00" length="5.00" type="DEFAULT_CAR"/>
    <instantOut id="235_D11" time="2631.00" state="stay" vehID="Car_2289" speed="0.00" length="5.00" type="DEFAULT_CAR"/>
    <instantOut id="235_D11" time="2631.25" state="stay" vehID="Car_2289" speed="0.00" length="5.00" type="DEFAULT_CAR"/>
    <instantOut id="235_D11" time="2631.50" state="stay" vehID="Car_2289" speed="0.00" length="5.00" type="DEFAULT_CAR"/>
    <instantOut id="235_D11" time="2631.75" state="stay" vehID="Car_2289" speed="0.00" length="5.00" type="DEFAULT_CAR"/>
    <instantOut id="235_D11" time="2632.00" state="stay" vehID="Car_2289" speed="0.00" length="5.00" type="DEFAULT_CAR"/>
    <instantOut id="235_D11" time="2632.25" state="stay" vehID="Car_2289" speed="0.00" length="5.00" type="DEFAULT_CAR"/>
    <instantOut id="235_D11" time="2632.50" state="stay" vehID="Car_2289" speed="0.00" length="5.00" type="DEFAULT_CAR"/>
    <instantOut id="235_D11" time="2632.75" state="stay" vehID="Car_2289" speed="0.00" length="5.00" type="DEFAULT_CAR"/>
    <instantOut id="235_D11" time="2633.00" state="stay" vehID="Car_2289" speed="0.00" length="5.00" type="DEFAULT_CAR"/>
    <instantOut id="235_D11" time="2633.25" state="stay" vehID="Car_2289" speed="0.00" length="5.00" type="DEFAULT_CAR"/>
    <instantOut id="235_D11" time="2633.50" state="stay" vehID="Car_2289" speed="0.00" length="5.00" type="DEFAULT_CAR"/>
    <instantOut id="235_D11" time="2633.75" state="stay" vehID="Car_2289" speed="0.00" length="5.00" type="DEFAULT_CAR"/>
    <instantOut id="235_D11" time="2634.00" state="stay" vehID="Car_2289" speed="0.00" length="5.00" type="DEFAULT_CAR"/>
    <instantOut id="235_D11" time="2634.25" state="stay" vehID="Car_2289" speed="0.00" length="5.00" type="DEFAULT_CAR"/>
    <instantOut id="235_D11" time="2634.50" state="stay" vehID="Car_2289" speed="0.00" length="5.00" type="DEFAULT_CAR"/>
    <instantOut id="235_D11" time="2634.75" state="stay" vehID="Car_2289" speed="0.00" length="5.00" type="DEFAULT_CAR"/>
    <instantOut id="235_D11" time="2635.00" state="stay" vehID="Car_2289" speed="0.00" length="5.00" type="DEFAULT_CAR"/>
    <instantOut id="235_D11" time="2635.25" state="stay" vehID="Car_2289" speed="0.00" length="5.00" type="DEFAULT_CAR"/>
    <instantOut id="235_D11" time="2635.50" state="stay" vehID="Car_2289" speed="0.00" length="5.00" type="DEFAULT_CAR"/>
    <instantOut id="235_D11" time="2635.75" state="stay" vehID="Car_2289" speed="0.00" length="5.00" type="DEFAULT_CAR"/>
    <instantOut id="235_D11" time="2636.00" state="stay" vehID="Car_2289" speed="0.00" length="5.00" type="DEFAULT_CAR"/>
    <instantOut id="235_D11" time="2636.25" state="stay" vehID="Car_2289" speed="0.00" length="5.00" type="DEFAULT_CAR"/>
    <instantOut id="235_D11" time="2636.50" state="stay" vehID="Car_2289" speed="0.00" length="5.00" type="DEFAULT_CAR"/>
    <instantOut id="235_D11" time="2636.75" state="stay" vehID="Car_2289" speed="0.00" length="5.00" type="DEFAULT_CAR"/>
    <instantOut id="235_D11" time="2637.00" state="stay" vehID="Car_2289" speed="0.00" length="5.00" type="DEFAULT_CAR"/>
    <instantOut id="235_D11" time="2637.25" state="stay" vehID="Car_2289" speed="0.00" length="5.00" type="DEFAULT_CAR"/>
    <instantOut id="235_D11" time="2637.50" state="stay" vehID="Car_2289" speed="0.00" length="5.00" type="DEFAULT_CAR"/>
    <instantOut id="235_D11" time="2637.75" state="stay" vehID="Car_2289" speed="0.00" length="5.00" type="DEFAULT_CAR"/>
    <instantOut id="235_D11" time="2638.00" state="stay" vehID="Car_2289" speed="0.00" length="5.00" type="DEFAULT_CAR"/>
    <instantOut id="235_D11" time="2638.25" state="stay" vehID="Car_2289" speed="0.00" length="5.00" type="DEFAULT_CAR"/>
    <instantOut id="235_D11" time="2638.50" state="stay" vehID="Car_2289" speed="0.00" length="5.00" type="DEFAULT_CAR"/>
    <instantOut id="235_D11" time="2638.75" state="stay" vehID="Car_2289" speed="0.00" length="5.00" type="DEFAULT_CAR"/>
    <instantOut id="235_D11" time="2639.00" state="stay" vehID="Car_2289" speed="0.00" length="5.00" type="DEFAULT_CAR"/>
    <instantOut id="235_D11" time="2639.25" state="stay" vehID="Car_2289" speed="0.00" length="5.00" type="DEFAULT_CAR"/>
    <instantOut id="235_D11" time="2639.50" state="stay" vehID="Car_2289" speed="0.00" length="5.00" type="DEFAULT_CAR"/>
    <instantOut id="235_D11" time="2639.75" state="stay" vehID="Car_2289" speed="0.91" length="5.00" type="DEFAULT_CAR"/>
    <instantOut id="235_D11" time="2640.00" state="stay" vehID="Car_2289" speed="1.74" length="5.00" type="DEFAULT_CAR"/>
    <instantOut id="235_D11" time="2640.25" state="stay" vehID="Car_2289" speed="2.69" length="5.00" type="DEFAULT_CAR"/>
    <instantOut id="235_D11" time="2640.46" state="leave" vehID="Car_2289" speed="3.23" length="5.00" type="DEFAULT_CAR" occupancy="12.48"/>
    <instantOut id="235_D11" time="9769.92" state="enter" vehID="Car_7369" speed="6.25" length="5.00" type="DEFAULT_CAR" gap="7129.46"/>
    <instantOut id="235_D11" time="9770.00" state="stay" vehID="Car_7369" speed="6.25" length="5.00" type="DEFAULT_CAR"/>
    <instantOut id="235_D11" time="9770.25" state="stay" vehID="Car_7369" speed="7.20" length="5.00" type="DEFAULT_CAR"/>
    <instantOut id="235_D11" time="9770.50" state="stay" vehID="Car_7369" speed="7.94" length="5.00" type="DEFAULT_CAR"/>
    <instantOut id="235_D11" time="9770.58" state="leave" vehID="Car_7369" speed="8.85" length="5.00" type="DEFAULT_CAR" occupancy="0.66"/>
    <instantOut id="235_D11" time="10248.03" state="enter" vehID="Car_7368" speed="3.81" length="5.00" type="DEFAULT_CAR" gap="477.44"/>
    <instantOut id="235_D11" time="10248.25" state="stay" vehID="Car_7368" speed="3.81" length="5.00" type="DEFAULT_CAR"/>
    <instantOut id="235_D11" time="10248.50" state="stay" vehID="Car_7368" speed="3.17" length="5.00" type="DEFAULT_CAR"/>
    <instantOut id="235_D11" time="10248.75" state="stay" vehID="Car_7368" speed="4.12" length="5.00" type="DEFAULT_CAR"/>
    <instantOut id="235_D11" time="10249.00" state="stay" vehID="Car_7368" speed="4.63" length="5.00" type="DEFAULT_CAR"/>
    <instantOut id="235_D11" time="10249.21" state="leave" vehID="Car_7368" speed="5.57" length="5.00" type="DEFAULT_CAR" occupancy="1.18"/>
    <instantOut id="235_D11" time="10358.97" state="enter" vehID="Car_7367" speed="6.08" length="5.00" type="DEFAULT_CAR" gap="109.76"/>
    <instantOut id="235_D11" time="10359.00" state="stay" vehID="Car_7367" speed="6.08" length="5.00" type="DEFAULT_CAR"/>
    <instantOut id="235_D11" time="10359.25" state="stay" vehID="Car_7367" speed="7.03" length="5.00" type="DEFAULT_CAR"/>
    <instantOut id="235_D11" time="10359.50" state="stay" vehID="Car_7367" speed="7.53" length="5.00" type="DEFAULT_CAR"/>
    <instantOut id="235_D11" time="10359.64" state="leave" vehID="Car_7367" speed="8.36" length="5.00" type="DEFAULT_CAR" occupancy="0.67"/>
    <instantOut id="235_D11" time="10523.90" state="enter" vehID="Car_7366" speed="6.00" length="5.00" type="DEFAULT_CAR" gap="164.26"/>
    <instantOut id="235_D11" time="10524.00" state="stay" vehID="Car_7366" speed="6.00" length="5.00" type="DEFAULT_CAR"/>
    <instantOut id="235_D11" time="10524.25" state="stay" vehID="Car_7366" speed="6.95" length="5.00" type="DEFAULT_CAR"/>
    <instantOut id="235_D11" time="10524.50" state="stay" vehID="Car_7366" speed="7.44" length="5.00" type="DEFAULT_CAR"/>
    <instantOut id="235_D11" time="10524.59" state="leave" vehID="Car_7366" speed="8.19" length="5.00" type="DEFAULT_CAR" occupancy="0.70"/>
    <instantOut id="235_D11" time="10662.88" state="enter" vehID="Car_7375" speed="6.05" length="5.00" type="DEFAULT_CAR" gap="138.29"/>
    <instantOut id="235_D11" time="10663.00" state="stay" vehID="Car_7375" speed="6.05" length="5.00" type="DEFAULT_CAR"/>
    <instantOut id="235_D11" time="10663.25" state="stay" vehID="Car_7375" speed="5.75" length="5.00" type="DEFAULT_CAR"/>
    <instantOut id="235_D11" time="10663.50" state="stay" vehID="Car_7375" speed="5.00" length="5.00" type="DEFAULT_CAR"/>
    <instantOut id="235_D11" time="10663.75" state="stay" vehID="Car_7375" speed="4.99" length="5.00" type="DEFAULT_CAR"/>
    <instantOut id="235_D11" time="10663.82" state="leave" vehID="Car_7375" speed="4.70" length="5.00" type="DEFAULT_CAR" occupancy="0.94"/>
    <instantOut id="235_D11" time="10698.93" state="enter" vehID="Car_7377" speed="6.11" length="5.00" type="DEFAULT_CAR" gap="35.10"/>
    <instantOut id="235_D11" time="10699.00" state="stay" vehID="Car_7377" speed="6.11" length="5.00" type="DEFAULT_CAR"/>
    <instantOut id="235_D11" time="10699.25" state="stay" vehID="Car_7377" speed="6.21" length="5.00" type="DEFAULT_CAR"/>
    <instantOut id="235_D11" time="10699.50" state="stay" vehID="Car_7377" speed="5.46" length="5.00" type="DEFAULT_CAR"/>
    <instantOut id="235_D11" time="10699.75" state="stay" vehID="Car_7377" speed="5.30" length="5.00" type="DEFAULT_CAR"/>
    <instantOut id="235_D11" time="10699.81" state="leave" vehID="Car_7377" speed="5.08" length="5.00" type="DEFAULT_CAR" occupancy="0.88"/>
    <instantOut id="235_D11" time="11641.97" state="enter" vehID="Car_7383" speed="4.43" length="5.00" type="DEFAULT_CAR" gap="942.16"/>
    <instantOut id="235_D11" time="11642.00" state="stay" vehID="Car_7383" speed="4.43" length="5.00" type="DEFAULT_CAR"/>
    <instantOut id="235_D11" time="11642.25" state="stay" vehID="Car_7383" speed="3.68" length="5.00" type="DEFAULT_CAR"/>
    <instantOut id="235_D11" time="11642.50" state="stay" vehID="Car_7383" speed="2.93" length="5.00" type="DEFAULT_CAR"/>
    <instantOut id="235_D11" time="11642.75" state="stay" vehID="Car_7383" speed="2.18" length="5.00" type="DEFAULT_CAR"/>
    <instantOut id="235_D11" time="11643.00" state="stay" vehID="Car_7383" speed="1.50" length="5.00" type="DEFAULT_CAR"/>
    <instantOut id="235_D11" time="11643.25" state="stay" vehID="Car_7383" speed="0.88" length="5.00" type="DEFAULT_CAR"/>
    <instantOut id="235_D11" time="11643.50" state="stay" vehID="Car_7383" speed="0.19" length="5.00" type="DEFAULT_CAR"/>
    <instantOut id="235_D11" time="11643.75" state="stay" vehID="Car_7383" speed="0.01" length="5.00" type="DEFAULT_CAR"/>
    <instantOut id="235_D11" time="11644.00" state="stay" vehID="Car_7383" speed="0.00" length="5.00" type="DEFAULT_CAR"/>
    <instantOut id="235_D11" time="11644.25" state="stay" vehID="Car_7383" speed="0.00" length="5.00" type="DEFAULT_CAR"/>
    <instantOut id="235_D11" time="11644.50" state="stay" vehID="Car_7383" speed="0.00" length="5.00" type="DEFAULT_CAR"/>
    <instantOut id="235_D11" time="11644.75" state="stay" vehID="Car_7383" speed="0.00" length="5.00" type="DEFAULT_CAR"/>
    <instantOut id="235_D11" time="11645.00" state="stay" vehID="Car_7383" speed="0.00" length="5.00" type="DEFAULT_CAR"/>
    <instantOut id="235_D11" time="11645.25" state="stay" vehID="Car_7383" speed="0.00" length="5.00" type="DEFAULT_CAR"/>
    <instantOut id="235_D11" time="11645.50" state="stay" vehID="Car_7383" speed="0.00" length="5.00" type="DEFAULT_CAR"/>
    <instantOut id="235_D11" time="11645.75" state="stay" vehID="Car_7383" speed="0.00" length="5.00" type="DEFAULT_CAR"/>
    <instantOut id="235_D11" time="11646.00" state="stay" vehID="Car_7383" speed="0.00" length="5.00" type="DEFAULT_CAR"/>
    <instantOut id="235_D11" time="11646.25" state="stay" vehID="Car_7383" speed="0.00" length="5.00" type="DEFAULT_CAR"/>
    <instantOut id="235_D11" time="11646.50" state="stay" vehID="Car_7383" speed="0.00" length="5.00" type="DEFAULT_CAR"/>
    <instantOut id="235_D11" time="11646.75" state="stay" vehID="Car_7383" speed="0.00" length="5.00" type="DEFAULT_CAR"/>
    <instantOut id="235_D11" time="11647.00" state="stay" vehID="Car_7383" speed="0.00" length="5.00" type="DEFAULT_CAR"/>
    <instantOut id="235_D11" time="11647.25" state="stay" vehID="Car_7383" speed="0.00" length="5.00" type="DEFAULT_CAR"/>
    <instantOut id="235_D11" time="11647.50" state="stay" vehID="Car_7383" speed="0.00" length="5.00" type="DEFAULT_CAR"/>
    <instantOut id="235_D11" time="11647.75" state="stay" vehID="Car_7383" speed="0.00" length="5.00" type="DEFAULT_CAR"/>
    <instantOut id="235_D11" time="11648.00" state="stay" vehID="Car_7383" speed="0.00" length="5.00" type="DEFAULT_CAR"/>
    <instantOut id="235_D11" time="11648.25" state="stay" vehID="Car_7383" speed="0.00" length="5.00" type="DEFAULT_CAR"/>
    <instantOut id="235_D11" time="11648.50" state="stay" vehID="Car_7383" speed="0.00" length="5.00" type="DEFAULT_CAR"/>
    <instantOut id="235_D11" time="11648.75" state="stay" vehID="Car_7383" speed="0.00" length="5.00" type="DEFAULT_CAR"/>
    <instantOut id="235_D11" time="11649.00" state="stay" vehID="Car_7383" speed="0.00" length="5.00" type="DEFAULT_CAR"/>
    <instantOut id="235_D11" time="11649.25" state="stay" vehID="Car_7383" speed="0.00" length="5.00" type="DEFAULT_CAR"/>
    <instantOut id="235_D11" time="11649.50" state="stay" vehID="Car_7383" speed="0.00" length="5.00" type="DEFAULT_CAR"/>
    <instantOut id="235_D11" time="11649.75" state="stay" vehID="Car_7383" speed="0.00" length="5.00" type="DEFAULT_CAR"/>
    <instantOut id="235_D11" time="11650.00" state="stay" vehID="Car_7383" speed="0.00" length="5.00" type="DEFAULT_CAR"/>
    <instantOut id="235_D11" time="11650.25" state="stay" vehID="Car_7383" speed="0.00" length="5.00" type="DEFAULT_CAR"/>
    <instantOut id="235_D11" time="11650.50" state="stay" vehID="Car_7383" speed="0.00" length="5.00" type="DEFAULT_CAR"/>
    <instantOut id="235_D11" time="11650.75" state="stay" vehID="Car_7383" speed="0.00" length="5.00" type="DEFAULT_CAR"/>
    <instantOut id="235_D11" time="11651.00" state="stay" vehID="Car_7383" speed="0.00" length="5.00" type="DEFAULT_CAR"/>
    <instantOut id="235_D11" time="11651.25" state="stay" vehID="Car_7383" speed="0.00" length="5.00" type="DEFAULT_CAR"/>
    <instantOut id="235_D11" time="11651.50" state="stay" vehID="Car_7383" speed="0.00" length="5.00" type="DEFAULT_CAR"/>
    <instantOut id="235_D11" time="11651.75" state="stay" vehID="Car_7383" speed="0.00" length="5.00" type="DEFAULT_CAR"/>
    <instantOut id="235_D11" time="11652.00" state="stay" vehID="Car_7383" speed="0.00" length="5.00" type="DEFAULT_CAR"/>
    <instantOut id="235_D11" time="11652.25" state="stay" vehID="Car_7383" speed="0.00" length="5.00" type="DEFAULT_CAR"/>
    <instantOut id="235_D11" time="11652.50" state="stay" vehID="Car_7383" speed="0.00" length="5.00" type="DEFAULT_CAR"/>
    <instantOut id="235_D11" time="11652.75" state="stay" vehID="Car_7383" speed="0.87" length="5.00" type="DEFAULT_CAR"/>
    <instantOut id="235_D11" time="11653.00" state="stay" vehID="Car_7383" speed="1.82" length="5.00" type="DEFAULT_CAR"/>
    <instantOut id="235_D11" time="11653.25" state="stay" vehID="Car_7383" speed="2.75" length="5.00" type="DEFAULT_CAR"/>
    <instantOut id="235_D11" time="11653.44" state="leave" vehID="Car_7383" speed="3.48" length="5.00" type="DEFAULT_CAR" occupancy="11.47"/>
    <instantOut id="235_D11" time="11921.90" state="enter" vehID="Car_7382" speed="6.05" length="5.00" type="DEFAULT_CAR" gap="268.46"/>
    <instantOut id="235_D11" time="11922.00" state="stay" vehID="Car_7382" speed="6.05" length="5.00" type="DEFAULT_CAR"/>
    <instantOut id="235_D11" time="11922.25" state="stay" vehID="Car_7382" speed="7.00" length="5.00" type="DEFAULT_CAR"/>
    <instantOut id="235_D11" time="11922.50" state="stay" vehID="Car_7382" speed="7.49" length="5.00" type="DEFAULT_CAR"/>
    <instantOut id="235_D11" time="11922.59" state="leave" vehID="Car_7382" speed="8.13" length="5.00" type="DEFAULT_CAR" occupancy="0.70"/>
    <instantOut id="235_D11" time="13602.05" state="enter" vehID="Car_9027" speed="5.65" length="5.00" type="DEFAULT_CAR" gap="1679.46"/>
    <instantOut id="235_D11" time="13602.25" state="stay" vehID="Car_9027" speed="5.65" length="5.00" type="DEFAULT_CAR"/>
    <instantOut id="235_D11" time="13602.50" state="stay" vehID="Car_9027" speed="6.60" length="5.00" type="DEFAULT_CAR"/>
    <instantOut id="235_D11" time="13602.75" state="stay" vehID="Car_9027" speed="6.13" length="5.00" type="DEFAULT_CAR"/>
    <instantOut id="235_D11" time="13602.86" state="leave" vehID="Car_9027" speed="6.06" length="5.00" type="DEFAULT_CAR" occupancy="0.81"/>
    <instantOut id="235_D11" time="13802.87" state="enter" vehID="Car_9026" speed="5.95" length="5.00" type="DEFAULT_CAR" gap="200.01"/>
    <instantOut id="235_D11" time="13803.00" state="stay" vehID="Car_9026" speed="5.95" length="5.00" type="DEFAULT_CAR"/>
    <instantOut id="235_D11" time="13803.25" state="stay" vehID="Car_9026" speed="6.90" length="5.00" type="DEFAULT_CAR"/>
    <instantOut id="235_D11" time="13803.50" state="stay" vehID="Car_9026" speed="6.59" length="5.00" type="DEFAULT_CAR"/>
    <instantOut id="235_D11" time="13803.62" state="leave" vehID="Car_9026" speed="6.84" length="5.00" type="DEFAULT_CAR" occupancy="0.76"/>
    <instantOut id="235_D11" time="14012.91" state="enter" vehID="Car_9025" speed="6.04" length="5.00" type="DEFAULT_CAR" gap="209.29"/>
    <instantOut id="235_D11" time="14013.00" state="stay" vehID="Car_9025" speed="6.04" length="5.00" type="DEFAULT_CAR"/>
    <instantOut id="235_D11" time="14013.25" state="stay" vehID="Car_9025" speed="6.99" length="5.00" type="DEFAULT_CAR"/>
    <instantOut id="235_D11" time="14013.50" state="stay" vehID="Car_9025" speed="6.24" length="5.00" type="DEFAULT_CAR"/>
    <instantOut id="235_D11" time="14013.69" state="leave" vehID="Car_9025" speed="6.04" length="5.00" type="DEFAULT_CAR" occupancy="0.78"/>
    <instantOut id="235_D11" time="15169.24" state="enter" vehID="Car_9024" speed="4.24" length="5.00" type="DEFAULT_CAR" gap="1155.55"/>
    <instantOut id="235_D11" time="15169.25" state="stay" vehID="Car_9024" speed="4.24" length="5.00" type="DEFAULT_CAR"/>
    <instantOut id="235_D11" time="15169.50" state="stay" vehID="Car_9024" speed="3.75" length="5.00" type="DEFAULT_CAR"/>
    <instantOut id="235_D11" time="15169.75" state="stay" vehID="Car_9024" speed="3.00" length="5.00" type="DEFAULT_CAR"/>
    <instantOut id="235_D11" time="15170.00" state="stay" vehID="Car_9024" speed="2.28" length="5.00" type="DEFAULT_CAR"/>
    <instantOut id="235_D11" time="15170.25" state="stay" vehID="Car_9024" speed="1.54" length="5.00" type="DEFAULT_CAR"/>
    <instantOut id="235_D11" time="15170.50" state="stay" vehID="Car_9024" speed="1.57" length="5.00" type="DEFAULT_CAR"/>
    <instantOut id="235_D11" time="15170.75" state="stay" vehID="Car_9024" speed="1.53" length="5.00" type="DEFAULT_CAR"/>
    <instantOut id="235_D11" time="15171.00" state="stay" vehID="Car_9024" speed="1.43" length="5.00" type="DEFAULT_CAR"/>
    <instantOut id="235_D11" time="15171.25" state="stay" vehID="Car_9024" speed="1.51" length="5.00" type="DEFAULT_CAR"/>
    <instantOut id="235_D11" time="15171.50" state="stay" vehID="Car_9024" speed="1.63" length="5.00" type="DEFAULT_CAR"/>
    <instantOut id="235_D11" time="15171.73" state="leave" vehID="Car_9024" speed="1.75" length="5.00" type="DEFAULT_CAR" occupancy="2.49"/>
    <instantOut id="235_D11" time="18067.94" state="enter" vehID="Car_9832" speed="5.21" length="5.00" type="DEFAULT_CAR" gap="2896.22"/>
    <instantOut id="235_D11" time="18068.00" state="stay" vehID="Car_9832" speed="5.21" length="5.00" type="DEFAULT_CAR"/>
    <instantOut id="235_D11" time="18068.25" state="stay" vehID="Car_9832" speed="5.21" length="5.00" type="DEFAULT_CAR"/>
    <instantOut id="235_D11" time="18068.50" state="stay" vehID="Car_9832" speed="5.19" length="5.00" type="DEFAULT_CAR"/>
    <instantOut id="235_D11" time="18068.75" state="stay" vehID="Car_9832" speed="4.44" length="5.00" type="DEFAULT_CAR"/>
    <instantOut id="235_D11" time="18068.95" state="leave" vehID="Car_9832" speed="5.02" length="5.00" type="DEFAULT_CAR" occupancy="1.00"/>
    <instantOut id="235_D11" time="18450.89" state="enter" vehID="Car_9833" speed="6.00" length="5.00" type="DEFAULT_CAR" gap="381.94"/>
    <instantOut id="235_D11" time="18451.00" state="stay" vehID="Car_9833" speed="6.00" length="5.00" type="DEFAULT_CAR"/>
    <instantOut id="235_D11" time="18451.25" state="stay" vehID="Car_9833" speed="6.95" length="5.00" type="DEFAULT_CAR"/>
    <instantOut id="235_D11" time="18451.50" state="stay" vehID="Car_9833" speed="7.74" length="5.00" type="DEFAULT_CAR"/>
    <instantOut id="235_D11" time="18451.58" state="leave" vehID="Car_9833" speed="8.03" length="5.00" type="DEFAULT_CAR" occupancy="0.69"/>
    <instantOut id="235_D11" time="18589.93" state="enter" vehID="Car_9834" speed="4.33" length="5.00" type="DEFAULT_CAR" gap="138.34"/>
    <instantOut id="235_D11" time="18590.00" state="stay" vehID="Car_9834" speed="4.33" length="5.00" type="DEFAULT_CAR"/>
    <instantOut id="235_D11" time="18590.25" state="stay" vehID="Car_9834" speed="3.58" length="5.00" type="DEFAULT_CAR"/>
    <instantOut id="235_D11" time="18590.50" state="stay" vehID="Car_9834" speed="2.83" length="5.00" type="DEFAULT_CAR"/>
    <instantOut id="235_D11" time="18590.75" state="stay" vehID="Car_9834" speed="2.08" length="5.00" type="DEFAULT_CAR"/>
    <instantOut id="235_D11" time="18591.00" state="stay" vehID="Car_9834" speed="1.33" length="5.00" type="DEFAULT_CAR"/>
    <instantOut id="235_D11" time="18591.25" state="stay" vehID="Car_9834" speed="0.71" length="5.00" type="DEFAULT_CAR"/>
    <instantOut id="235_D11" time="18591.50" state="stay" vehID="Car_9834" speed="0.12" length="5.00" type="DEFAULT_CAR"/>
    <instantOut id="235_D11" time="18591.75" state="stay" vehID="Car_9834" speed="0.01" length="5.00" type="DEFAULT_CAR"/>
    <instantOut id="235_D11" time="18592.00" state="stay" vehID="Car_9834" speed="0.00" length="5.00" type="DEFAULT_CAR"/>
    <instantOut id="235_D11" time="18592.25" state="stay" vehID="Car_9834" speed="0.00" length="5.00" type="DEFAULT_CAR"/>
    <instantOut id="235_D11" time="18592.50" state="stay" vehID="Car_9834" speed="0.00" length="5.00" type="DEFAULT_CAR"/>
    <instantOut id="235_D11" time="18592.75" state="stay" vehID="Car_9834" speed="0.00" length="5.00" type="DEFAULT_CAR"/>
    <instantOut id="235_D11" time="18593.00" state="stay" vehID="Car_9834" speed="0.00" length="5.00" type="DEFAULT_CAR"/>
    <instantOut id="235_D11" time="18593.25" state="stay" vehID="Car_9834" speed="0.00" length="5.00" type="DEFAULT_CAR"/>
    <instantOut id="235_D11" time="18593.50" state="stay" vehID="Car_9834" speed="0.00" length="5.00" type="DEFAULT_CAR"/>
    <instantOut id="235_D11" time="18593.75" state="stay" vehID="Car_9834" speed="0.00" length="5.00" type="DEFAULT_CAR"/>
    <instantOut id="235_D11" time="18594.00" state="stay" vehID="Car_9834" speed="0.00" length="5.00" type="DEFAULT_CAR"/>
    <instantOut id="235_D11" time="18594.25" state="stay" vehID="Car_9834" speed="0.00" length="5.00" type="DEFAULT_CAR"/>
    <instantOut id="235_D11" time="18594.50" state="stay" vehID="Car_9834" speed="0.00" length="5.00" type="DEFAULT_CAR"/>
    <instantOut id="235_D11" time="18594.75" state="stay" vehID="Car_9834" speed="0.00" length="5.00" type="DEFAULT_CAR"/>
    <instantOut id="235_D11" time="18595.00" state="stay" vehID="Car_9834" speed="0.00" length="5.00" type="DEFAULT_CAR"/>
    <instantOut id="235_D11" time="18595.25" state="stay" vehID="Car_9834" speed="0.00" length="5.00" type="DEFAULT_CAR"/>
    <instantOut id="235_D11" time="18595.50" state="stay" vehID="Car_9834" speed="0.00" length="5.00" type="DEFAULT_CAR"/>
    <instantOut id="235_D11" time="18595.75" state="stay" vehID="Car_9834" speed="0.00" length="5.00" type="DEFAULT_CAR"/>
    <instantOut id="235_D11" time="18596.00" state="stay" vehID="Car_9834" speed="0.00" length="5.00" type="DEFAULT_CAR"/>
    <instantOut id="235_D11" time="18596.25" state="stay" vehID="Car_9834" speed="0.00" length="5.00" type="DEFAULT_CAR"/>
    <instantOut id="235_D11" time="18596.50" state="stay" vehID="Car_9834" speed="0.00" length="5.00" type="DEFAULT_CAR"/>
    <instantOut id="235_D11" time="18596.75" state="stay" vehID="Car_9834" speed="0.00" length="5.00" type="DEFAULT_CAR"/>
    <instantOut id="235_D11" time="18597.00" state="stay" vehID="Car_9834" speed="0.00" length="5.00" type="DEFAULT_CAR"/>
    <instantOut id="235_D11" time="18597.25" state="stay" vehID="Car_9834" speed="0.00" length="5.00" type="DEFAULT_CAR"/>
    <instantOut id="235_D11" time="18597.50" state="stay" vehID="Car_9834" speed="0.00" length="5.00" type="DEFAULT_CAR"/>
    <instantOut id="235_D11" time="18597.75" state="stay" vehID="Car_9834" speed="0.00" length="5.00" type="DEFAULT_CAR"/>
    <instantOut id="235_D11" time="18598.00" state="stay" vehID="Car_9834" speed="0.00" length="5.00" type="DEFAULT_CAR"/>
    <instantOut id="235_D11" time="18598.25" state="stay" vehID="Car_9834" speed="0.00" length="5.00" type="DEFAULT_CAR"/>
    <instantOut id="235_D11" time="18598.50" state="stay" vehID="Car_9834" speed="0.00" length="5.00" type="DEFAULT_CAR"/>
    <instantOut id="235_D11" time="18598.75" state="stay" vehID="Car_9834" speed="0.00" length="5.00" type="DEFAULT_CAR"/>
    <instantOut id="235_D11" time="18599.00" state="stay" vehID="Car_9834" speed="0.00" length="5.00" type="DEFAULT_CAR"/>
    <instantOut id="235_D11" time="18599.25" state="stay" vehID="Car_9834" speed="0.00" length="5.00" type="DEFAULT_CAR"/>
    <instantOut id="235_D11" time="18599.50" state="stay" vehID="Car_9834" speed="0.00" length="5.00" type="DEFAULT_CAR"/>
    <instantOut id="235_D11" time="18599.75" state="stay" vehID="Car_9834" speed="0.00" length="5.00" type="DEFAULT_CAR"/>
    <instantOut id="235_D11" time="18600.00" state="stay" vehID="Car_9834" speed="0.00" length="5.00" type="DEFAULT_CAR"/>
    <instantOut id="235_D11" time="18600.25" state="stay" vehID="Car_9834" speed="0.00" length="5.00" type="DEFAULT_CAR"/>
    <instantOut id="235_D11" time="18600.50" state="stay" vehID="Car_9834" speed="0.00" length="5.00" type="DEFAULT_CAR"/>
    <instantOut id="235_D11" time="18600.75" state="stay" vehID="Car_9834" speed="0.00" length="5.00" type="DEFAULT_CAR"/>
    <instantOut id="235_D11" time="18601.00" state="stay" vehID="Car_9834" speed="0.00" length="5.00" type="DEFAULT_CAR"/>
    <instantOut id="235_D11" time="18601.25" state="stay" vehID="Car_9834" speed="0.00" length="5.00" type="DEFAULT_CAR"/>
    <instantOut id="235_D11" time="18601.50" state="stay" vehID="Car_9834" speed="0.00" length="5.00" type="DEFAULT_CAR"/>
    <instantOut id="235_D11" time="18601.75" state="stay" vehID="Car_9834" speed="0.00" length="5.00" type="DEFAULT_CAR"/>
    <instantOut id="235_D11" time="18602.00" state="stay" vehID="Car_9834" speed="0.00" length="5.00" type="DEFAULT_CAR"/>
    <instantOut id="235_D11" time="18602.25" state="stay" vehID="Car_9834" speed="0.00" length="5.00" type="DEFAULT_CAR"/>
    <instantOut id="235_D11" time="18602.50" state="stay" vehID="Car_9834" speed="0.00" length="5.00" type="DEFAULT_CAR"/>
    <instantOut id="235_D11" time="18602.75" state="stay" vehID="Car_9834" speed="0.00" length="5.00" type="DEFAULT_CAR"/>
    <instantOut id="235_D11" time="18603.00" state="stay" vehID="Car_9834" speed="0.00" length="5.00" type="DEFAULT_CAR"/>
    <instantOut id="235_D11" time="18603.25" state="stay" vehID="Car_9834" speed="0.00" length="5.00" type="DEFAULT_CAR"/>
    <instantOut id="235_D11" time="18603.50" state="stay" vehID="Car_9834" speed="0.00" length="5.00" type="DEFAULT_CAR"/>
    <instantOut id="235_D11" time="18603.75" state="stay" vehID="Car_9834" speed="0.00" length="5.00" type="DEFAULT_CAR"/>
    <instantOut id="235_D11" time="18604.00" state="stay" vehID="Car_9834" speed="0.00" length="5.00" type="DEFAULT_CAR"/>
    <instantOut id="235_D11" time="18604.25" state="stay" vehID="Car_9834" speed="0.00" length="5.00" type="DEFAULT_CAR"/>
    <instantOut id="235_D11" time="18604.50" state="stay" vehID="Car_9834" speed="0.00" length="5.00" type="DEFAULT_CAR"/>
    <instantOut id="235_D11" time="18604.75" state="stay" vehID="Car_9834" speed="0.94" length="5.00" type="DEFAULT_CAR"/>
    <instantOut id="235_D11" time="18605.00" state="stay" vehID="Car_9834" speed="1.75" length="5.00" type="DEFAULT_CAR"/>
    <instantOut id="235_D11" time="18605.25" state="stay" vehID="Car_9834" speed="2.68" length="5.00" type="DEFAULT_CAR"/>
    <instantOut id="235_D11" time="18605.44" state="leave" vehID="Car_9834" speed="3.47" length="5.00" type="DEFAULT_CAR" occupancy="15.52"/>
    <instantOut id="235_D11" time="18722.90" state="enter" vehID="Car_9835" speed="4.95" length="5.00" type="DEFAULT_CAR" gap="117.46"/>
    <instantOut id="235_D11" time="18723.00" state="stay" vehID="Car_9835" speed="4.95" length="5.00" type="DEFAULT_CAR"/>
    <instantOut id="235_D11" time="18723.25" state="stay" vehID="Car_9835" speed="4.95" length="5.00" type="DEFAULT_CAR"/>
    <instantOut id="235_D11" time="18723.50" state="stay" vehID="Car_9835" speed="4.95" length="5.00" type="DEFAULT_CAR"/>
    <instantOut id="235_D11" time="18723.75" state="stay" vehID="Car_9835" speed="4.30" length="5.00" type="DEFAULT_CAR"/>
    <instantOut id="235_D11" time="18724.00" state="stay" vehID="Car_9835" speed="3.57" length="5.00" type="DEFAULT_CAR"/>
    <instantOut id="235_D11" time="18724.02" state="leave" vehID="Car_9835" speed="4.21" length="5.00" type="DEFAULT_CAR" occupancy="1.12"/>
    <instantOut id="235_D11" time="18803.90" state="enter" vehID="Car_9836" speed="4.24" length="5.00" type="DEFAULT_CAR" gap="79.88"/>
    <instantOut id="235_D11" time="18804.00" state="stay" vehID="Car_9836" speed="4.24" length="5.00" type="DEFAULT_CAR"/>
    <instantOut id="235_D11" time="18804.25" state="stay" vehID="Car_9836" speed="3.49" length="5.00" type="DEFAULT_CAR"/>
    <instantOut id="235_D11" time="18804.50" state="stay" vehID="Car_9836" speed="2.75" length="5.00" type="DEFAULT_CAR"/>
    <instantOut id="235_D11" time="18804.75" state="stay" vehID="Car_9836" speed="2.00" length="5.00" type="DEFAULT_CAR"/>
    <instantOut id="235_D11" time="18805.00" state="stay" vehID="Car_9836" speed="1.28" length="5.00" type="DEFAULT_CAR"/>
    <instantOut id="235_D11" time="18805.25" state="stay" vehID="Car_9836" speed="0.64" length="5.00" type="DEFAULT_CAR"/>
    <instantOut id="235_D11" time="18805.50" state="stay" vehID="Car_9836" speed="0.06" length="5.00" type="DEFAULT_CAR"/>
    <instantOut id="235_D11" time="18805.75" state="stay" vehID="Car_9836" speed="0.00" length="5.00" type="DEFAULT_CAR"/>
    <instantOut id="235_D11" time="18806.00" state="stay" vehID="Car_9836" speed="0.00" length="5.00" type="DEFAULT_CAR"/>
    <instantOut id="235_D11" time="18806.25" state="stay" vehID="Car_9836" speed="0.00" length="5.00" type="DEFAULT_CAR"/>
    <instantOut id="235_D11" time="18806.50" state="stay" vehID="Car_9836" speed="0.00" length="5.00" type="DEFAULT_CAR"/>
    <instantOut id="235_D11" time="18806.75" state="stay" vehID="Car_9836" speed="0.00" length="5.00" type="DEFAULT_CAR"/>
    <instantOut id="235_D11" time="18807.00" state="stay" vehID="Car_9836" speed="0.00" length="5.00" type="DEFAULT_CAR"/>
    <instantOut id="235_D11" time="18807.25" state="stay" vehID="Car_9836" speed="0.00" length="5.00" type="DEFAULT_CAR"/>
    <instantOut id="235_D11" time="18807.50" state="stay" vehID="Car_9836" speed="0.00" length="5.00" type="DEFAULT_CAR"/>
    <instantOut id="235_D11" time="18807.75" state="stay" vehID="Car_9836" speed="0.00" length="5.00" type="DEFAULT_CAR"/>
    <instantOut id="235_D11" time="18808.00" state="stay" vehID="Car_9836" speed="0.00" length="5.00" type="DEFAULT_CAR"/>
    <instantOut id="235_D11" time="18808.25" state="stay" vehID="Car_9836" speed="0.00" length="5.00" type="DEFAULT_CAR"/>
    <instantOut id="235_D11" time="18808.50" state="stay" vehID="Car_9836" speed="0.00" length="5.00" type="DEFAULT_CAR"/>
    <instantOut id="235_D11" time="18808.75" state="stay" vehID="Car_9836" speed="0.00" length="5.00" type="DEFAULT_CAR"/>
    <instantOut id="235_D11" time="18809.00" state="stay" vehID="Car_9836" speed="0.00" length="5.00" type="DEFAULT_CAR"/>
    <instantOut id="235_D11" time="18809.25" state="stay" vehID="Car_9836" speed="0.00" length="5.00" type="DEFAULT_CAR"/>
    <instantOut id="235_D11" time="18809.50" state="stay" vehID="Car_9836" speed="0.00" length="5.00" type="DEFAULT_CAR"/>
    <instantOut id="235_D11" time="18809.75" state="stay" vehID="Car_9836" speed="0.95" length="5.00" type="DEFAULT_CAR"/>
    <instantOut id="235_D11" time="18810.00" state="stay" vehID="Car_9836" speed="1.75" length="5.00" type="DEFAULT_CAR"/>
    <instantOut id="235_D11" time="18810.25" state="stay" vehID="Car_9836" speed="2.56" length="5.00" type="DEFAULT_CAR"/>
    <instantOut id="235_D11" time="18810.46" state="leave" vehID="Car_9836" speed="3.33" length="5.00" type="DEFAULT_CAR" occupancy="6.56"/>
    <instantOut id="235_D11" time="18900.01" state="enter" vehID="Car_9837" speed="3.78" length="5.00" type="DEFAULT_CAR" gap="89.55"/>
    <instantOut id="235_D11" time="18900.25" state="stay" vehID="Car_9837" speed="3.78" length="5.00" type="DEFAULT_CAR"/>
    <instantOut id="235_D11" time="18900.50" state="stay" vehID="Car_9837" speed="3.10" length="5.00" type="DEFAULT_CAR"/>
    <instantOut id="235_D11" time="18900.75" state="stay" vehID="Car_9837" speed="2.42" length="5.00" type="DEFAULT_CAR"/>
    <instantOut id="235_D11" time="18901.00" state="stay" vehID="Car_9837" speed="1.67" length="5.00" type="DEFAULT_CAR"/>
    <instantOut id="235_D11" time="18901.25" state="stay" vehID="Car_9837" speed="0.93" length="5.00" type="DEFAULT_CAR"/>
    <instantOut id="235_D11" time="18901.50" state="stay" vehID="Car_9837" speed="0.18" length="5.00" type="DEFAULT_CAR"/>
    <instantOut id="235_D11" time="18901.75" state="stay" vehID="Car_9837" speed="0.01" length="5.00" type="DEFAULT_CAR"/>
    <instantOut id="235_D11" time="18902.00" state="stay" vehID="Car_9837" speed="0.00" length="5.00" type="DEFAULT_CAR"/>
    <instantOut id="235_D11" time="18902.25" state="stay" vehID="Car_9837" speed="0.86" length="5.00" type="DEFAULT_CAR"/>
    <instantOut id="235_D11" time="18902.50" state="stay" vehID="Car_9837" speed="1.73" length="5.00" type="DEFAULT_CAR"/>
    <instantOut id="235_D11" time="18902.75" state="stay" vehID="Car_9837" speed="2.49" length="5.00" type="DEFAULT_CAR"/>
    <instantOut id="235_D11" time="18902.97" state="leave" vehID="Car_9837" speed="3.36" length="5.00" type="DEFAULT_CAR" occupancy="2.96"/>
    <instantOut id="235_D11" time="18911.99" state="enter" vehID="Car_9830" speed="4.34" length="5.00" type="DEFAULT_CAR" gap="9.02"/>
    <instantOut id="235_D11" time="18912.00" state="stay" vehID="Car_9830" speed="4.34" length="5.00" type="DEFAULT_CAR"/>
    <instantOut id="235_D11" time="18912.25" state="stay" vehID="Car_9830" speed="5.29" length="5.00" type="DEFAULT_CAR"/>
    <instantOut id="235_D11" time="18912.50" state="stay" vehID="Car_9830" speed="5.32" length="5.00" type="DEFAULT_CAR"/>
    <instantOut id="235_D11" time="18912.75" state="stay" vehID="Car_9830" speed="4.57" length="5.00" type="DEFAULT_CAR"/>
    <instantOut id="235_D11" time="18913.00" state="stay" vehID="Car_9830" speed="4.43" length="5.00" type="DEFAULT_CAR"/>
    <instantOut id="235_D11" time="18913.01" state="leave" vehID="Car_9830" speed="4.47" length="5.00" type="DEFAULT_CAR" occupancy="1.02"/>
    <instantOut id="235_D11" time="19044.93" state="enter" vehID="Car_9831" speed="6.12" length="5.00" type="DEFAULT_CAR" gap="131.91"/>
    <instantOut id="235_D11" time="19045.00" state="stay" vehID="Car_9831" speed="6.12" length="5.00" type="DEFAULT_CAR"/>
    <instantOut id="235_D11" time="19045.25" state="stay" vehID="Car_9831" speed="7.07" length="5.00" type="DEFAULT_CAR"/>
    <instantOut id="235_D11" time="19045.50" state="stay" vehID="Car_9831" speed="7.66" length="5.00" type="DEFAULT_CAR"/>
    <instantOut id="235_D11" time="19045.60" state="leave" vehID="Car_9831" speed="8.60" length="5.00" type="DEFAULT_CAR" occupancy="0.67"/>
    <instantOut id="235_D11" time="21550.02" state="enter" vehID="Car_13542" speed="3.57" length="5.00" type="DEFAULT_CAR" gap="2504.42"/>
    <instantOut id="235_D11" time="21550.25" state="stay" vehID="Car_13542" speed="3.57" length="5.00" type="DEFAULT_CAR"/>
    <instantOut id="235_D11" time="21550.50" state="stay" vehID="Car_13542" speed="2.90" length="5.00" type="DEFAULT_CAR"/>
    <instantOut id="235_D11" time="21550.75" state="stay" vehID="Car_13542" speed="2.37" length="5.00" type="DEFAULT_CAR"/>
    <instantOut id="235_D11" time="21551.00" state="stay" vehID="Car_13542" speed="1.76" length="5.00" type="DEFAULT_CAR"/>
    <instantOut id="235_D11" time="21551.25" state="stay" vehID="Car_13542" speed="1.05" length="5.00" type="DEFAULT_CAR"/>
    <instantOut id="235_D11" time="21551.50" state="stay" vehID="Car_13542" speed="0.57" length="5.00" type="DEFAULT_CAR"/>
    <instantOut id="235_D11" time="21551.75" state="stay" vehID="Car_13542" speed="0.01" length="5.00" type="DEFAULT_CAR"/>
    <instantOut id="235_D11" time="21552.00" state="stay" vehID="Car_13542" speed="0.00" length="5.00" type="DEFAULT_CAR"/>
    <instantOut id="235_D11" time="21552.25" state="stay" vehID="Car_13542" speed="0.00" length="5.00" type="DEFAULT_CAR"/>
    <instantOut id="235_D11" time="21552.50" state="stay" vehID="Car_13542" speed="0.00" length="5.00" type="DEFAULT_CAR"/>
    <instantOut id="235_D11" time="21552.75" state="stay" vehID="Car_13542" speed="0.00" length="5.00" type="DEFAULT_CAR"/>
    <instantOut id="235_D11" time="21553.00" state="stay" vehID="Car_13542" speed="0.00" length="5.00" type="DEFAULT_CAR"/>
    <instantOut id="235_D11" time="21553.25" state="stay" vehID="Car_13542" speed="0.00" length="5.00" type="DEFAULT_CAR"/>
    <instantOut id="235_D11" time="21553.50" state="stay" vehID="Car_13542" speed="0.00" length="5.00" type="DEFAULT_CAR"/>
    <instantOut id="235_D11" time="21553.75" state="stay" vehID="Car_13542" speed="0.00" length="5.00" type="DEFAULT_CAR"/>
    <instantOut id="235_D11" time="21554.00" state="stay" vehID="Car_13542" speed="0.00" length="5.00" type="DEFAULT_CAR"/>
    <instantOut id="235_D11" time="21554.25" state="stay" vehID="Car_13542" speed="0.00" length="5.00" type="DEFAULT_CAR"/>
    <instantOut id="235_D11" time="21554.50" state="stay" vehID="Car_13542" speed="0.00" length="5.00" type="DEFAULT_CAR"/>
    <instantOut id="235_D11" time="21554.75" state="stay" vehID="Car_13542" speed="0.00" length="5.00" type="DEFAULT_CAR"/>
    <instantOut id="235_D11" time="21555.00" state="stay" vehID="Car_13542" speed="0.00" length="5.00" type="DEFAULT_CAR"/>
    <instantOut id="235_D11" time="21555.25" state="stay" vehID="Car_13542" speed="0.00" length="5.00" type="DEFAULT_CAR"/>
    <instantOut id="235_D11" time="21555.50" state="stay" vehID="Car_13542" speed="0.00" length="5.00" type="DEFAULT_CAR"/>
    <instantOut id="235_D11" time="21555.75" state="stay" vehID="Car_13542" speed="0.00" length="5.00" type="DEFAULT_CAR"/>
    <instantOut id="235_D11" time="21556.00" state="stay" vehID="Car_13542" speed="0.00" length="5.00" type="DEFAULT_CAR"/>
    <instantOut id="235_D11" time="21556.25" state="stay" vehID="Car_13542" speed="0.00" length="5.00" type="DEFAULT_CAR"/>
    <instantOut id="235_D11" time="21556.50" state="stay" vehID="Car_13542" speed="0.00" length="5.00" type="DEFAULT_CAR"/>
    <instantOut id="235_D11" time="21556.75" state="stay" vehID="Car_13542" speed="0.00" length="5.00" type="DEFAULT_CAR"/>
    <instantOut id="235_D11" time="21557.00" state="stay" vehID="Car_13542" speed="0.00" length="5.00" type="DEFAULT_CAR"/>
    <instantOut id="235_D11" time="21557.25" state="stay" vehID="Car_13542" speed="0.00" length="5.00" type="DEFAULT_CAR"/>
    <instantOut id="235_D11" time="21557.50" state="stay" vehID="Car_13542" speed="0.00" length="5.00" type="DEFAULT_CAR"/>
    <instantOut id="235_D11" time="21557.75" state="stay" vehID="Car_13542" speed="0.00" length="5.00" type="DEFAULT_CAR"/>
    <instantOut id="235_D11" time="21558.00" state="stay" vehID="Car_13542" speed="0.00" length="5.00" type="DEFAULT_CAR"/>
    <instantOut id="235_D11" time="21558.25" state="stay" vehID="Car_13542" speed="0.00" length="5.00" type="DEFAULT_CAR"/>
    <instantOut id="235_D11" time="21558.50" state="stay" vehID="Car_13542" speed="0.00" length="5.00" type="DEFAULT_CAR"/>
    <instantOut id="235_D11" time="21558.75" state="stay" vehID="Car_13542" speed="0.00" length="5.00" type="DEFAULT_CAR"/>
    <instantOut id="235_D11" time="21559.00" state="stay" vehID="Car_13542" speed="0.00" length="5.00" type="DEFAULT_CAR"/>
    <instantOut id="235_D11" time="21559.25" state="stay" vehID="Car_13542" speed="0.00" length="5.00" type="DEFAULT_CAR"/>
    <instantOut id="235_D11" time="21559.50" state="stay" vehID="Car_13542" speed="0.00" length="5.00" type="DEFAULT_CAR"/>
    <instantOut id="235_D11" time="21559.75" state="stay" vehID="Car_13542" speed="0.00" length="5.00" type="DEFAULT_CAR"/>
    <instantOut id="235_D11" time="21560.00" state="stay" vehID="Car_13542" speed="0.00" length="5.00" type="DEFAULT_CAR"/>
    <instantOut id="235_D11" time="21560.25" state="stay" vehID="Car_13542" speed="0.00" length="5.00" type="DEFAULT_CAR"/>
    <instantOut id="235_D11" time="21560.50" state="stay" vehID="Car_13542" speed="0.00" length="5.00" type="DEFAULT_CAR"/>
    <instantOut id="235_D11" time="21560.75" state="stay" vehID="Car_13542" speed="0.00" length="5.00" type="DEFAULT_CAR"/>
    <instantOut id="235_D11" time="21561.00" state="stay" vehID="Car_13542" speed="0.00" length="5.00" type="DEFAULT_CAR"/>
    <instantOut id="235_D11" time="21561.25" state="stay" vehID="Car_13542" speed="0.00" length="5.00" type="DEFAULT_CAR"/>
    <instantOut id="235_D11" time="21561.50" state="stay" vehID="Car_13542" speed="0.00" length="5.00" type="DEFAULT_CAR"/>
    <instantOut id="235_D11" time="21561.75" state="stay" vehID="Car_13542" speed="0.00" length="5.00" type="DEFAULT_CAR"/>
    <instantOut id="235_D11" time="21562.00" state="stay" vehID="Car_13542" speed="0.00" length="5.00" type="DEFAULT_CAR"/>
    <instantOut id="235_D11" time="21562.25" state="stay" vehID="Car_13542" speed="0.00" length="5.00" type="DEFAULT_CAR"/>
    <instantOut id="235_D11" time="21562.50" state="stay" vehID="Car_13542" speed="0.00" length="5.00" type="DEFAULT_CAR"/>
    <instantOut id="235_D11" time="21562.75" state="stay" vehID="Car_13542" speed="0.00" length="5.00" type="DEFAULT_CAR"/>
    <instantOut id="235_D11" time="21563.00" state="stay" vehID="Car_13542" speed="0.00" length="5.00" type="DEFAULT_CAR"/>
    <instantOut id="235_D11" time="21563.25" state="stay" vehID="Car_13542" speed="0.00" length="5.00" type="DEFAULT_CAR"/>
    <instantOut id="235_D11" time="21563.50" state="stay" vehID="Car_13542" speed="0.60" length="5.00" type="DEFAULT_CAR"/>
    <instantOut id="235_D11" time="21563.75" state="stay" vehID="Car_13542" speed="1.00" length="5.00" type="DEFAULT_CAR"/>
    <instantOut id="235_D11" time="21564.00" state="stay" vehID="Car_13542" speed="1.73" length="5.00" type="DEFAULT_CAR"/>
    <instantOut id="235_D11" time="21564.25" state="stay" vehID="Car_13542" speed="2.46" length="5.00" type="DEFAULT_CAR"/>
    <instantOut id="235_D11" time="21564.43" state="leave" vehID="Car_13542" speed="3.17" length="5.00" type="DEFAULT_CAR" occupancy="14.41"/>
    <instantOut id="235_D11" time="21814.94" state="enter" vehID="Car_13543" speed="6.11" length="5.00" type="DEFAULT_CAR" gap="250.51"/>
    <instantOut id="235_D11" time="21815.00" state="stay" vehID="Car_13543" speed="6.11" length="5.00" type="DEFAULT_CAR"/>
    <instantOut id="235_D11" time="21815.25" state="stay" vehID="Car_13543" speed="7.06" length="5.00" type="DEFAULT_CAR"/>
    <instantOut id="235_D11" time="21815.50" state="stay" vehID="Car_13543" speed="7.71" length="5.00" type="DEFAULT_CAR"/>
    <instantOut id="235_D11" time="21815.61" state="leave" vehID="Car_13543" speed="8.48" length="5.00" type="DEFAULT_CAR" occupancy="0.67"/>
    <instantOut id="235_D11" time="23128.00" state="enter" vehID="Car_13544" speed="3.79" length="5.00" type="DEFAULT_CAR" gap="1312.39"/>
    <instantOut id="235_D11" time="23128.25" state="stay" vehID="Car_13544" speed="3.79" length="5.00" type="DEFAULT_CAR"/>
    <instantOut id="235_D11" time="23128.50" state="stay" vehID="Car_13544" speed="3.07" length="5.00" type="DEFAULT_CAR"/>
    <instantOut id="235_D11" time="23128.75" state="stay" vehID="Car_13544" speed="2.32" length="5.00" type="DEFAULT_CAR"/>
    <instantOut id="235_D11" time="23129.00" state="stay" vehID="Car_13544" speed="1.57" length="5.00" type="DEFAULT_CAR"/>
    <instantOut id="235_D11" time="23129.25" state="stay" vehID="Car_13544" speed="0.95" length="5.00" type="DEFAULT_CAR"/>
    <instantOut id="235_D11" time="23129.50" state="stay" vehID="Car_13544" speed="0.24" length="5.00" type="DEFAULT_CAR"/>
    <instantOut id="235_D11" time="23129.75" state="stay" vehID="Car_13544" speed="0.01" length="5.00" type="DEFAULT_CAR"/>
    <instantOut id="235_D11" time="23130.00" state="stay" vehID="Car_13544" speed="0.00" length="5.00" type="DEFAULT_CAR"/>
    <instantOut id="235_D11" time="23130.25" state="stay" vehID="Car_13544" speed="0.00" length="5.00" type="DEFAULT_CAR"/>
    <instantOut id="235_D11" time="23130.50" state="stay" vehID="Car_13544" speed="0.00" length="5.00" type="DEFAULT_CAR"/>
    <instantOut id="235_D11" time="23130.75" state="stay" vehID="Car_13544" speed="0.00" length="5.00" type="DEFAULT_CAR"/>
    <instantOut id="235_D11" time="23131.00" state="stay" vehID="Car_13544" speed="0.00" length="5.00" type="DEFAULT_CAR"/>
    <instantOut id="235_D11" time="23131.25" state="stay" vehID="Car_13544" speed="0.00" length="5.00" type="DEFAULT_CAR"/>
    <instantOut id="235_D11" time="23131.50" state="stay" vehID="Car_13544" speed="0.41" length="5.00" type="DEFAULT_CAR"/>
    <instantOut id="235_D11" time="23131.75" state="stay" vehID="Car_13544" speed="1.24" length="5.00" type="DEFAULT_CAR"/>
    <instantOut id="235_D11" time="23132.00" state="stay" vehID="Car_13544" speed="1.94" length="5.00" type="DEFAULT_CAR"/>
    <instantOut id="235_D11" time="23132.25" state="stay" vehID="Car_13544" speed="2.82" length="5.00" type="DEFAULT_CAR"/>
    <instantOut id="235_D11" time="23132.40" state="leave" vehID="Car_13544" speed="2.81" length="5.00" type="DEFAULT_CAR" occupancy="4.40"/>
    <instantOut id="235_D11" time="23239.87" state="enter" vehID="Car_13546" speed="5.99" length="5.00" type="DEFAULT_CAR" gap="107.47"/>
    <instantOut id="235_D11" time="23240.00" state="stay" vehID="Car_13546" speed="5.99" length="5.00" type="DEFAULT_CAR"/>
    <instantOut id="235_D11" time="23240.25" state="stay" vehID="Car_13546" speed="6.94" length="5.00" type="DEFAULT_CAR"/>
    <instantOut id="235_D11" time="23240.50" state="stay" vehID="Car_13546" speed="7.55" length="5.00" type="DEFAULT_CAR"/>
    <instantOut id="235_D11" time="23240.57" state="leave" vehID="Car_13546" speed="8.29" length="5.00" type="DEFAULT_CAR" occupancy="0.70"/>
    <instantOut id="235_D11" time="24155.92" state="enter" vehID="Car_15035" speed="6.02" length="5.00" type="DEFAULT_CAR" gap="915.35"/>
    <instantOut id="235_D11" time="24156.00" state="stay" vehID="Car_15035" speed="6.02" length="5.00" type="DEFAULT_CAR"/>
    <instantOut id="235_D11" time="24156.25" state="stay" vehID="Car_15035" speed="6.97" length="5.00" type="DEFAULT_CAR"/>
    <instantOut id="235_D11" time="24156.50" state="stay" vehID="Car_15035" speed="7.58" length="5.00" type="DEFAULT_CAR"/>
    <instantOut id="235_D11" time="24156.62" state="leave" vehID="Car_15035" speed="7.67" length="5.00" type="DEFAULT_CAR" occupancy="0.69"/>
    <instantOut id="235_D11" time="25649.91" state="enter" vehID="Car_15036" speed="6.20" length="5.00" type="DEFAULT_CAR" gap="1493.29"/>
    <instantOut id="235_D11" time="25650.00" state="stay" vehID="Car_15036" speed="6.20" length="5.00" type="DEFAULT_CAR"/>
    <instantOut id="235_D11" time="25650.25" state="stay" vehID="Car_15036" speed="7.15" length="5.00" type="DEFAULT_CAR"/>
    <instantOut id="235_D11" time="25650.50" state="stay" vehID="Car_15036" speed="7.68" length="5.00" type="DEFAULT_CAR"/>
    <instantOut id="235_D11" time="25650.59" state="leave" vehID="Car_15036" speed="8.59" length="5.00" type="DEFAULT_CAR" occupancy="0.68"/>
    <instantOut id="235_D11" time="26995.98" state="enter" vehID="Car_15037" speed="4.41" length="5.00" type="DEFAULT_CAR" gap="1345.39"/>
    <instantOut id="235_D11" time="26996.00" state="stay" vehID="Car_15037" speed="4.41" length="5.00" type="DEFAULT_CAR"/>
    <instantOut id="235_D11" time="26996.25" state="stay" vehID="Car_15037" speed="3.66" length="5.00" type="DEFAULT_CAR"/>
    <instantOut id="235_D11" time="26996.50" state="stay" vehID="Car_15037" speed="2.94" length="5.00" type="DEFAULT_CAR"/>
    <instantOut id="235_D11" time="26996.75" state="stay" vehID="Car_15037" speed="2.19" length="5.00" type="DEFAULT_CAR"/>
    <instantOut id="235_D11" time="26997.00" state="stay" vehID="Car_15037" speed="1.59" length="5.00" type="DEFAULT_CAR"/>
    <instantOut id="235_D11" time="26997.25" state="stay" vehID="Car_15037" speed="0.90" length="5.00" type="DEFAULT_CAR"/>
    <instantOut id="235_D11" time="26997.50" state="stay" vehID="Car_15037" speed="0.28" length="5.00" type="DEFAULT_CAR"/>
    <instantOut id="235_D11" time="26997.75" state="stay" vehID="Car_15037" speed="0.00" length="5.00" type="DEFAULT_CAR"/>
    <instantOut id="235_D11" time="26998.00" state="stay" vehID="Car_15037" speed="0.00" length="5.00" type="DEFAULT_CAR"/>
    <instantOut id="235_D11" time="26998.25" state="stay" vehID="Car_15037" speed="0.00" length="5.00" type="DEFAULT_CAR"/>
    <instantOut id="235_D11" time="26998.50" state="stay" vehID="Car_15037" speed="0.00" length="5.00" type="DEFAULT_CAR"/>
    <instantOut id="235_D11" time="26998.75" state="stay" vehID="Car_15037" speed="0.00" length="5.00" type="DEFAULT_CAR"/>
    <instantOut id="235_D11" time="26999.00" state="stay" vehID="Car_15037" speed="0.00" length="5.00" type="DEFAULT_CAR"/>
    <instantOut id="235_D11" time="26999.25" state="stay" vehID="Car_15037" speed="0.00" length="5.00" type="DEFAULT_CAR"/>
    <instantOut id="235_D11" time="26999.50" state="stay" vehID="Car_15037" speed="0.00" length="5.00" type="DEFAULT_CAR"/>
    <instantOut id="235_D11" time="26999.75" state="stay" vehID="Car_15037" speed="0.00" length="5.00" type="DEFAULT_CAR"/>
    <instantOut id="235_D11" time="27000.00" state="stay" vehID="Car_15037" speed="0.00" length="5.00" type="DEFAULT_CAR"/>
    <instantOut id="235_D11" time="27000.25" state="stay" vehID="Car_15037" speed="0.00" length="5.00" type="DEFAULT_CAR"/>
    <instantOut id="235_D11" time="27000.50" state="stay" vehID="Car_15037" speed="0.00" length="5.00" type="DEFAULT_CAR"/>
    <instantOut id="235_D11" time="27000.75" state="stay" vehID="Car_15037" speed="0.00" length="5.00" type="DEFAULT_CAR"/>
    <instantOut id="235_D11" time="27001.00" state="stay" vehID="Car_15037" speed="0.00" length="5.00" type="DEFAULT_CAR"/>
    <instantOut id="235_D11" time="27001.25" state="stay" vehID="Car_15037" speed="0.89" length="5.00" type="DEFAULT_CAR"/>
    <instantOut id="235_D11" time="27001.50" state="stay" vehID="Car_15037" speed="1.75" length="5.00" type="DEFAULT_CAR"/>
    <instantOut id="235_D11" time="27001.75" state="stay" vehID="Car_15037" speed="2.56" length="5.00" type="DEFAULT_CAR"/>
    <instantOut id="235_D11" time="27001.98" state="leave" vehID="Car_15037" speed="3.10" length="5.00" type="DEFAULT_CAR" occupancy="6.00"/>
    <instantOut id="235_D11" time="27041.03" state="enter" vehID="Car_15038" speed="3.76" length="5.00" type="DEFAULT_CAR" gap="39.04"/>
    <instantOut id="235_D11" time="27041.25" state="stay" vehID="Car_15038" speed="3.76" length="5.00" type="DEFAULT_CAR"/>
    <instantOut id="235_D11" time="27041.50" state="stay" vehID="Car_15038" speed="3.01" length="5.00" type="DEFAULT_CAR"/>
    <instantOut id="235_D11" time="27041.75" state="stay" vehID="Car_15038" speed="3.44" length="5.00" type="DEFAULT_CAR"/>
    <instantOut id="235_D11" time="27042.00" state="stay" vehID="Car_15038" speed="4.28" length="5.00" type="DEFAULT_CAR"/>
    <instantOut id="235_D11" time="27042.25" state="stay" vehID="Car_15038" speed="5.03" length="5.00" type="DEFAULT_CAR"/>
    <instantOut id="235_D11" time="27042.29" state="leave" vehID="Car_15038" speed="5.74" length="5.00" type="DEFAULT_CAR" occupancy="1.26"/>
    <instantOut id="235_D11" time="29238.97" state="enter" vehID="Car_16606" speed="4.51" length="5.00" type="DEFAULT_CAR" gap="2196.68"/>
    <instantOut id="235_D11" time="29239.00" state="stay" vehID="Car_16606" speed="4.51" length="5.00" type="DEFAULT_CAR"/>
    <instantOut id="235_D11" time="29239.25" state="stay" vehID="Car_16606" speed="5.46" length="5.00" type="DEFAULT_CAR"/>
    <instantOut id="235_D11" time="29239.50" state="stay" vehID="Car_16606" speed="3.21" length="5.00" type="DEFAULT_CAR"/>
    <instantOut id="235_D11" time="29239.75" state="stay" vehID="Car_16606" speed="1.63" length="5.00" type="DEFAULT_CAR"/>
    <instantOut id="235_D11" time="29240.00" state="stay" vehID="Car_16606" speed="0.88" length="5.00" type="DEFAULT_CAR"/>
    <instantOut id="235_D11" time="29240.25" state="stay" vehID="Car_16606" speed="0.13" length="5.00" type="DEFAULT_CAR"/>
    <instantOut id="235_D11" time="29240.50" state="stay" vehID="Car_16606" speed="0.00" length="5.00" type="DEFAULT_CAR"/>
    <instantOut id="235_D11" time="29240.75" state="stay" vehID="Car_16606" speed="0.00" length="5.00" type="DEFAULT_CAR"/>
    <instantOut id="235_D11" time="29241.00" state="stay" vehID="Car_16606" speed="0.95" length="5.00" type="DEFAULT_CAR"/>
    <instantOut id="235_D11" time="29241.25" state="stay" vehID="Car_16606" speed="1.80" length="5.00" type="DEFAULT_CAR"/>
    <instantOut id="235_D11" time="29241.50" state="stay" vehID="Car_16606" speed="2.63" length="5.00" type="DEFAULT_CAR"/>
    <instantOut id="235_D11" time="29241.71" state="leave" vehID="Car_16606" speed="3.19" length="5.00" type="DEFAULT_CAR" occupancy="2.75"/>
    <instantOut id="235_D11" time="32253.97" state="enter" vehID="Car_19171" speed="4.16" length="5.00" type="DEFAULT_CAR" gap="3012.25"/>
    <instantOut id="235_D11" time="32254.00" state="stay" vehID="Car_19171" speed="4.16" length="5.00" type="DEFAULT_CAR"/>
    <instantOut id="235_D11" time="32254.25" state="stay" vehID="Car_19171" speed="3.75" length="5.00" type="DEFAULT_CAR"/>
    <instantOut id="235_D11" time="32254.50" state="stay" vehID="Car_19171" speed="3.00" length="5.00" type="DEFAULT_CAR"/>
    <instantOut id="235_D11" time="32254.75" state="stay" vehID="Car_19171" speed="2.25" length="5.00" type="DEFAULT_CAR"/>
    <instantOut id="235_D11" time="32255.00" state="stay" vehID="Car_19171" speed="1.50" length="5.00" type="DEFAULT_CAR"/>
    <instantOut id="235_D11" time="32255.25" state="stay" vehID="Car_19171" speed="0.79" length="5.00" type="DEFAULT_CAR"/>
    <instantOut id="235_D11" time="32255.50" state="stay" vehID="Car_19171" speed="0.06" length="5.00" type="DEFAULT_CAR"/>
    <instantOut id="235_D11" time="32255.75" state="stay" vehID="Car_19171" speed="0.00" length="5.00" type="DEFAULT_CAR"/>
    <instantOut id="235_D11" time="32256.00" state="stay" vehID="Car_19171" speed="0.83" length="5.00" type="DEFAULT_CAR"/>
    <instantOut id="235_D11" time="32256.25" state="stay" vehID="Car_19171" speed="1.64" length="5.00" type="DEFAULT_CAR"/>
    <instantOut id="235_D11" time="32256.50" state="stay" vehID="Car_19171" speed="2.54" length="5.00" type="DEFAULT_CAR"/>
    <instantOut id="235_D11" time="32256.73" state="leave" vehID="Car_19171" speed="3.35" length="5.00" type="DEFAULT_CAR" occupancy="2.76"/>
    <instantOut id="235_D11" time="32986.89" state="enter" vehID="Car_19170" speed="6.00" length="5.00" type="DEFAULT_CAR" gap="730.16"/>
    <instantOut id="235_D11" time="32987.00" state="stay" vehID="Car_19170" speed="6.00" length="5.00" type="DEFAULT_CAR"/>
    <instantOut id="235_D11" time="32987.25" state="stay" vehID="Car_19170" speed="6.95" length="5.00" type="DEFAULT_CAR"/>
    <instantOut id="235_D11" time="32987.50" state="stay" vehID="Car_19170" speed="6.55" length="5.00" type="DEFAULT_CAR"/>
    <instantOut id="235_D11" time="32987.65" state="leave" vehID="Car_19170" speed="6.67" length="5.00" type="DEFAULT_CAR" occupancy="0.75"/>
    <instantOut id="235_D11" time="33215.95" state="enter" vehID="Car_19169" speed="6.24" length="5.00" type="DEFAULT_CAR" gap="228.31"/>
    <instantOut id="235_D11" time="33216.00" state="stay" vehID="Car_19169" speed="6.24" length="5.00" type="DEFAULT_CAR"/>
    <instantOut id="235_D11" time="33216.25" state="stay" vehID="Car_19169" speed="7.19" length="5.00" type="DEFAULT_CAR"/>
    <instantOut id="235_D11" time="33216.50" state="stay" vehID="Car_19169" speed="7.78" length="5.00" type="DEFAULT_CAR"/>
    <instantOut id="235_D11" time="33216.63" state="leave" vehID="Car_19169" speed="7.76" length="5.00" type="DEFAULT_CAR" occupancy="0.67"/>
    <instantOut id="235_D11" time="33323.95" state="enter" vehID="Car_19168" speed="4.41" length="5.00" type="DEFAULT_CAR" gap="107.32"/>
    <instantOut id="235_D11" time="33324.00" state="stay" vehID="Car_19168" speed="4.41" length="5.00" type="DEFAULT_CAR"/>
    <instantOut id="235_D11" time="33324.25" state="stay" vehID="Car_19168" speed="3.66" length="5.00" type="DEFAULT_CAR"/>
    <instantOut id="235_D11" time="33324.50" state="stay" vehID="Car_19168" speed="2.91" length="5.00" type="DEFAULT_CAR"/>
    <instantOut id="235_D11" time="33324.75" state="stay" vehID="Car_19168" speed="2.16" length="5.00" type="DEFAULT_CAR"/>
    <instantOut id="235_D11" time="33325.00" state="stay" vehID="Car_19168" speed="1.41" length="5.00" type="DEFAULT_CAR"/>
    <instantOut id="235_D11" time="33325.25" state="stay" vehID="Car_19168" speed="0.78" length="5.00" type="DEFAULT_CAR"/>
    <instantOut id="235_D11" time="33325.50" state="stay" vehID="Car_19168" speed="0.07" length="5.00" type="DEFAULT_CAR"/>
    <instantOut id="235_D11" time="33325.75" state="stay" vehID="Car_19168" speed="0.01" length="5.00" type="DEFAULT_CAR"/>
    <instantOut id="235_D11" time="33326.00" state="stay" vehID="Car_19168" speed="0.00" length="5.00" type="DEFAULT_CAR"/>
    <instantOut id="235_D11" time="33326.25" state="stay" vehID="Car_19168" speed="0.00" length="5.00" type="DEFAULT_CAR"/>
    <instantOut id="235_D11" time="33326.50" state="stay" vehID="Car_19168" speed="0.00" length="5.00" type="DEFAULT_CAR"/>
    <instantOut id="235_D11" time="33326.75" state="stay" vehID="Car_19168" speed="0.00" length="5.00" type="DEFAULT_CAR"/>
    <instantOut id="235_D11" time="33327.00" state="stay" vehID="Car_19168" speed="0.00" length="5.00" type="DEFAULT_CAR"/>
    <instantOut id="235_D11" time="33327.25" state="stay" vehID="Car_19168" speed="0.00" length="5.00" type="DEFAULT_CAR"/>
    <instantOut id="235_D11" time="33327.50" state="stay" vehID="Car_19168" speed="0.00" length="5.00" type="DEFAULT_CAR"/>
    <instantOut id="235_D11" time="33327.75" state="stay" vehID="Car_19168" speed="0.00" length="5.00" type="DEFAULT_CAR"/>
    <instantOut id="235_D11" time="33328.00" state="stay" vehID="Car_19168" speed="0.00" length="5.00" type="DEFAULT_CAR"/>
    <instantOut id="235_D11" time="33328.25" state="stay" vehID="Car_19168" speed="0.00" length="5.00" type="DEFAULT_CAR"/>
    <instantOut id="235_D11" time="33328.50" state="stay" vehID="Car_19168" speed="0.00" length="5.00" type="DEFAULT_CAR"/>
    <instantOut id="235_D11" time="33328.75" state="stay" vehID="Car_19168" speed="0.00" length="5.00" type="DEFAULT_CAR"/>
    <instantOut id="235_D11" time="33329.00" state="stay" vehID="Car_19168" speed="0.00" length="5.00" type="DEFAULT_CAR"/>
    <instantOut id="235_D11" time="33329.25" state="stay" vehID="Car_19168" speed="0.00" length="5.00" type="DEFAULT_CAR"/>
    <instantOut id="235_D11" time="33329.50" state="stay" vehID="Car_19168" speed="0.00" length="5.00" type="DEFAULT_CAR"/>
    <instantOut id="235_D11" time="33329.75" state="stay" vehID="Car_19168" speed="0.00" length="5.00" type="DEFAULT_CAR"/>
    <instantOut id="235_D11" time="33330.00" state="stay" vehID="Car_19168" speed="0.00" length="5.00" type="DEFAULT_CAR"/>
    <instantOut id="235_D11" time="33330.25" state="stay" vehID="Car_19168" speed="0.00" length="5.00" type="DEFAULT_CAR"/>
    <instantOut id="235_D11" time="33330.50" state="stay" vehID="Car_19168" speed="0.00" length="5.00" type="DEFAULT_CAR"/>
    <instantOut id="235_D11" time="33330.75" state="stay" vehID="Car_19168" speed="0.00" length="5.00" type="DEFAULT_CAR"/>
    <instantOut id="235_D11" time="33331.00" state="stay" vehID="Car_19168" speed="0.00" length="5.00" type="DEFAULT_CAR"/>
    <instantOut id="235_D11" time="33331.25" state="stay" vehID="Car_19168" speed="0.00" length="5.00" type="DEFAULT_CAR"/>
    <instantOut id="235_D11" time="33331.50" state="stay" vehID="Car_19168" speed="0.00" length="5.00" type="DEFAULT_CAR"/>
    <instantOut id="235_D11" time="33331.75" state="stay" vehID="Car_19168" speed="0.00" length="5.00" type="DEFAULT_CAR"/>
    <instantOut id="235_D11" time="33332.00" state="stay" vehID="Car_19168" speed="0.00" length="5.00" type="DEFAULT_CAR"/>
    <instantOut id="235_D11" time="33332.25" state="stay" vehID="Car_19168" speed="0.00" length="5.00" type="DEFAULT_CAR"/>
    <instantOut id="235_D11" time="33332.50" state="stay" vehID="Car_19168" speed="0.00" length="5.00" type="DEFAULT_CAR"/>
    <instantOut id="235_D11" time="33332.75" state="stay" vehID="Car_19168" speed="0.00" length="5.00" type="DEFAULT_CAR"/>
    <instantOut id="235_D11" time="33333.00" state="stay" vehID="Car_19168" speed="0.00" length="5.00" type="DEFAULT_CAR"/>
    <instantOut id="235_D11" time="33333.25" state="stay" vehID="Car_19168" speed="0.00" length="5.00" type="DEFAULT_CAR"/>
    <instantOut id="235_D11" time="33333.50" state="stay" vehID="Car_19168" speed="0.94" length="5.00" type="DEFAULT_CAR"/>
    <instantOut id="235_D11" time="33333.75" state="stay" vehID="Car_19168" speed="1.69" length="5.00" type="DEFAULT_CAR"/>
    <instantOut id="235_D11" time="33334.00" state="stay" vehID="Car_19168" speed="2.38" length="5.00" type="DEFAULT_CAR"/>
    <instantOut id="235_D11" time="33334.23" state="leave" vehID="Car_19168" speed="3.31" length="5.00" type="DEFAULT_CAR" occupancy="10.28"/>
    <instantOut id="235_D11" time="34043.94" state="enter" vehID="Car_19167" speed="4.25" length="5.00" type="DEFAULT_CAR" gap="709.71"/>
    <instantOut id="235_D11" time="34044.00" state="stay" vehID="Car_19167" speed="4.25" length="5.00" type="DEFAULT_CAR"/>
    <instantOut id="235_D11" time="34044.25" state="stay" vehID="Car_19167" speed="3.50" length="5.00" type="DEFAULT_CAR"/>
    <instantOut id="235_D11" time="34044.50" state="stay" vehID="Car_19167" speed="2.78" length="5.00" type="DEFAULT_CAR"/>
    <instantOut id="235_D11" time="34044.75" state="stay" vehID="Car_19167" speed="2.26" length="5.00" type="DEFAULT_CAR"/>
    <instantOut id="235_D11" time="34045.00" state="stay" vehID="Car_19167" speed="1.51" length="5.00" type="DEFAULT_CAR"/>
    <instantOut id="235_D11" time="34045.25" state="stay" vehID="Car_19167" speed="0.80" length="5.00" type="DEFAULT_CAR"/>
    <instantOut id="235_D11" time="34045.50" state="stay" vehID="Car_19167" speed="0.09" length="5.00" type="DEFAULT_CAR"/>
    <instantOut id="235_D11" time="34045.75" state="stay" vehID="Car_19167" speed="0.01" length="5.00" type="DEFAULT_CAR"/>
    <instantOut id="235_D11" time="34046.00" state="stay" vehID="Car_19167" speed="0.00" length="5.00" type="DEFAULT_CAR"/>
    <instantOut id="235_D11" time="34046.25" state="stay" vehID="Car_19167" speed="0.00" length="5.00" type="DEFAULT_CAR"/>
    <instantOut id="235_D11" time="34046.50" state="stay" vehID="Car_19167" speed="0.87" length="5.00" type="DEFAULT_CAR"/>
    <instantOut id="235_D11" time="34046.75" state="stay" vehID="Car_19167" speed="1.68" length="5.00" type="DEFAULT_CAR"/>
    <instantOut id="235_D11" time="34047.00" state="stay" vehID="Car_19167" speed="2.44" length="5.00" type="DEFAULT_CAR"/>
    <instantOut id="235_D11" time="34047.23" state="leave" vehID="Car_19167" speed="3.34" length="5.00" type="DEFAULT_CAR" occupancy="3.29"/>
    <instantOut id="235_D11" time="34067.06" state="enter" vehID="Car_19166" speed="5.50" length="5.00" type="DEFAULT_CAR" gap="19.83"/>
    <instantOut id="235_D11" time="34067.25" state="stay" vehID="Car_19166" speed="5.50" length="5.00" type="DEFAULT_CAR"/>
    <instantOut id="235_D11" time="34067.50" state="stay" vehID="Car_19166" speed="6.45" length="5.00" type="DEFAULT_CAR"/>
    <instantOut id="235_D11" time="34067.75" state="stay" vehID="Car_19166" speed="7.19" length="5.00" type="DEFAULT_CAR"/>
    <instantOut id="235_D11" time="34067.82" state="leave" vehID="Car_19166" speed="7.82" length="5.00" type="DEFAULT_CAR" occupancy="0.76"/>
    <instantOut id="235_D11" time="34278.05" state="enter" vehID="Car_19165" speed="3.92" length="5.00" type="DEFAULT_CAR" gap="210.23"/>
    <instantOut id="235_D11" time="34278.25" state="stay" vehID="Car_19165" speed="3.92" length="5.00" type="DEFAULT_CAR"/>
    <instantOut id="235_D11" time="34278.50" state="stay" vehID="Car_19165" speed="3.17" length="5.00" type="DEFAULT_CAR"/>
    <instantOut id="235_D11" time="34278.75" state="stay" vehID="Car_19165" speed="2.51" length="5.00" type="DEFAULT_CAR"/>
    <instantOut id="235_D11" time="34279.00" state="stay" vehID="Car_19165" speed="1.76" length="5.00" type="DEFAULT_CAR"/>
    <instantOut id="235_D11" time="34279.25" state="stay" vehID="Car_19165" speed="1.01" length="5.00" type="DEFAULT_CAR"/>
    <instantOut id="235_D11" time="34279.50" state="stay" vehID="Car_19165" speed="0.26" length="5.00" type="DEFAULT_CAR"/>
    <instantOut id="235_D11" time="34279.75" state="stay" vehID="Car_19165" speed="0.02" length="5.00" type="DEFAULT_CAR"/>
    <instantOut id="235_D11" time="34280.00" state="stay" vehID="Car_19165" speed="0.00" length="5.00" type="DEFAULT_CAR"/>
    <instantOut id="235_D11" time="34280.25" state="stay" vehID="Car_19165" speed="0.00" length="5.00" type="DEFAULT_CAR"/>
    <instantOut id="235_D11" time="34280.50" state="stay" vehID="Car_19165" speed="0.00" length="5.00" type="DEFAULT_CAR"/>
    <instantOut id="235_D11" time="34280.75" state="stay" vehID="Car_19165" speed="0.00" length="5.00" type="DEFAULT_CAR"/>
    <instantOut id="235_D11" time="34281.00" state="stay" vehID="Car_19165" speed="0.00" length="5.00" type="DEFAULT_CAR"/>
    <instantOut id="235_D11" time="34281.25" state="stay" vehID="Car_19165" speed="0.00" length="5.00" type="DEFAULT_CAR"/>
    <instantOut id="235_D11" time="34281.50" state="stay" vehID="Car_19165" speed="0.00" length="5.00" type="DEFAULT_CAR"/>
    <instantOut id="235_D11" time="34281.75" state="stay" vehID="Car_19165" speed="0.00" length="5.00" type="DEFAULT_CAR"/>
    <instantOut id="235_D11" time="34282.00" state="stay" vehID="Car_19165" speed="0.00" length="5.00" type="DEFAULT_CAR"/>
    <instantOut id="235_D11" time="34282.25" state="stay" vehID="Car_19165" speed="0.00" length="5.00" type="DEFAULT_CAR"/>
    <instantOut id="235_D11" time="34282.50" state="stay" vehID="Car_19165" speed="0.00" length="5.00" type="DEFAULT_CAR"/>
    <instantOut id="235_D11" time="34282.75" state="stay" vehID="Car_19165" speed="0.00" length="5.00" type="DEFAULT_CAR"/>
    <instantOut id="235_D11" time="34283.00" state="stay" vehID="Car_19165" speed="0.00" length="5.00" type="DEFAULT_CAR"/>
    <instantOut id="235_D11" time="34283.25" state="stay" vehID="Car_19165" speed="0.00" length="5.00" type="DEFAULT_CAR"/>
    <instantOut id="235_D11" time="34283.50" state="stay" vehID="Car_19165" speed="0.00" length="5.00" type="DEFAULT_CAR"/>
    <instantOut id="235_D11" time="34283.75" state="stay" vehID="Car_19165" speed="0.00" length="5.00" type="DEFAULT_CAR"/>
    <instantOut id="235_D11" time="34284.00" state="stay" vehID="Car_19165" speed="0.00" length="5.00" type="DEFAULT_CAR"/>
    <instantOut id="235_D11" time="34284.25" state="stay" vehID="Car_19165" speed="0.00" length="5.00" type="DEFAULT_CAR"/>
    <instantOut id="235_D11" time="34284.50" state="stay" vehID="Car_19165" speed="0.00" length="5.00" type="DEFAULT_CAR"/>
    <instantOut id="235_D11" time="34284.75" state="stay" vehID="Car_19165" speed="0.00" length="5.00" type="DEFAULT_CAR"/>
    <instantOut id="235_D11" time="34285.00" state="stay" vehID="Car_19165" speed="0.00" length="5.00" type="DEFAULT_CAR"/>
    <instantOut id="235_D11" time="34285.25" state="stay" vehID="Car_19165" speed="0.00" length="5.00" type="DEFAULT_CAR"/>
    <instantOut id="235_D11" time="34285.50" state="stay" vehID="Car_19165" speed="0.00" length="5.00" type="DEFAULT_CAR"/>
    <instantOut id="235_D11" time="34285.75" state="stay" vehID="Car_19165" speed="0.00" length="5.00" type="DEFAULT_CAR"/>
    <instantOut id="235_D11" time="34286.00" state="stay" vehID="Car_19165" speed="0.00" length="5.00" type="DEFAULT_CAR"/>
    <instantOut id="235_D11" time="34286.25" state="stay" vehID="Car_19165" speed="0.00" length="5.00" type="DEFAULT_CAR"/>
    <instantOut id="235_D11" time="34286.50" state="stay" vehID="Car_19165" speed="0.00" length="5.00" type="DEFAULT_CAR"/>
    <instantOut id="235_D11" time="34286.75" state="stay" vehID="Car_19165" speed="0.00" length="5.00" type="DEFAULT_CAR"/>
    <instantOut id="235_D11" time="34287.00" state="stay" vehID="Car_19165" speed="0.00" length="5.00" type="DEFAULT_CAR"/>
    <instantOut id="235_D11" time="34287.25" state="stay" vehID="Car_19165" speed="0.00" length="5.00" type="DEFAULT_CAR"/>
    <instantOut id="235_D11" time="34287.50" state="stay" vehID="Car_19165" speed="0.00" length="5.00" type="DEFAULT_CAR"/>
    <instantOut id="235_D11" time="34287.75" state="stay" vehID="Car_19165" speed="0.00" length="5.00" type="DEFAULT_CAR"/>
    <instantOut id="235_D11" time="34288.00" state="stay" vehID="Car_19165" speed="0.00" length="5.00" type="DEFAULT_CAR"/>
    <instantOut id="235_D11" time="34288.25" state="stay" vehID="Car_19165" speed="0.00" length="5.00" type="DEFAULT_CAR"/>
    <instantOut id="235_D11" time="34288.50" state="stay" vehID="Car_19165" speed="0.00" length="5.00" type="DEFAULT_CAR"/>
    <instantOut id="235_D11" time="34288.75" state="stay" vehID="Car_19165" speed="0.00" length="5.00" type="DEFAULT_CAR"/>
    <instantOut id="235_D11" time="34289.00" state="stay" vehID="Car_19165" speed="0.00" length="5.00" type="DEFAULT_CAR"/>
    <instantOut id="235_D11" time="34289.25" state="stay" vehID="Car_19165" speed="0.00" length="5.00" type="DEFAULT_CAR"/>
    <instantOut id="235_D11" time="34289.50" state="stay" vehID="Car_19165" speed="0.00" length="5.00" type="DEFAULT_CAR"/>
    <instantOut id="235_D11" time="34289.75" state="stay" vehID="Car_19165" speed="0.00" length="5.00" type="DEFAULT_CAR"/>
    <instantOut id="235_D11" time="34290.00" state="stay" vehID="Car_19165" speed="0.00" length="5.00" type="DEFAULT_CAR"/>
    <instantOut id="235_D11" time="34290.25" state="stay" vehID="Car_19165" speed="0.00" length="5.00" type="DEFAULT_CAR"/>
    <instantOut id="235_D11" time="34290.50" state="stay" vehID="Car_19165" speed="0.00" length="5.00" type="DEFAULT_CAR"/>
    <instantOut id="235_D11" time="34290.75" state="stay" vehID="Car_19165" speed="0.89" length="5.00" type="DEFAULT_CAR"/>
    <instantOut id="235_D11" time="34291.00" state="stay" vehID="Car_19165" speed="1.71" length="5.00" type="DEFAULT_CAR"/>
    <instantOut id="235_D11" time="34291.25" state="stay" vehID="Car_19165" speed="2.49" length="5.00" type="DEFAULT_CAR"/>
    <instantOut id="235_D11" time="34291.48" state="leave" vehID="Car_19165" speed="3.26" length="5.00" type="DEFAULT_CAR" occupancy="13.43"/>
    <instantOut id="235_D11" time="34452.99" state="enter" vehID="Car_19164" speed="4.45" length="5.00" type="DEFAULT_CAR" gap="161.51"/>
    <instantOut id="235_D11" time="34453.00" state="stay" vehID="Car_19164" speed="4.45" length="5.00" type="DEFAULT_CAR"/>
    <instantOut id="235_D11" time="34453.25" state="stay" vehID="Car_19164" speed="3.70" length="5.00" type="DEFAULT_CAR"/>
    <instantOut id="235_D11" time="34453.50" state="stay" vehID="Car_19164" speed="3.08" length="5.00" type="DEFAULT_CAR"/>
    <instantOut id="235_D11" time="34453.75" state="stay" vehID="Car_19164" speed="2.33" length="5.00" type="DEFAULT_CAR"/>
    <instantOut id="235_D11" time="34454.00" state="stay" vehID="Car_19164" speed="1.58" length="5.00" type="DEFAULT_CAR"/>
    <instantOut id="235_D11" time="34454.25" state="stay" vehID="Car_19164" speed="0.86" length="5.00" type="DEFAULT_CAR"/>
    <instantOut id="235_D11" time="34454.50" state="stay" vehID="Car_19164" speed="0.16" length="5.00" type="DEFAULT_CAR"/>
    <instantOut id="235_D11" time="34454.75" state="stay" vehID="Car_19164" speed="0.00" length="5.00" type="DEFAULT_CAR"/>
    <instantOut id="235_D11" time="34455.00" state="stay" vehID="Car_19164" speed="0.00" length="5.00" type="DEFAULT_CAR"/>
    <instantOut id="235_D11" time="34455.25" state="stay" vehID="Car_19164" speed="0.00" length="5.00" type="DEFAULT_CAR"/>
    <instantOut id="235_D11" time="34455.50" state="stay" vehID="Car_19164" speed="0.00" length="5.00" type="DEFAULT_CAR"/>
    <instantOut id="235_D11" time="34455.75" state="stay" vehID="Car_19164" speed="0.00" length="5.00" type="DEFAULT_CAR"/>
    <instantOut id="235_D11" time="34456.00" state="stay" vehID="Car_19164" speed="0.00" length="5.00" type="DEFAULT_CAR"/>
    <instantOut id="235_D11" time="34456.25" state="stay" vehID="Car_19164" speed="0.88" length="5.00" type="DEFAULT_CAR"/>
    <instantOut id="235_D11" time="34456.50" state="stay" vehID="Car_19164" speed="1.75" length="5.00" type="DEFAULT_CAR"/>
    <instantOut id="235_D11" time="34456.75" state="stay" vehID="Car_19164" speed="2.56" length="5.00" type="DEFAULT_CAR"/>
    <instantOut id="235_D11" time="34456.96" state="leave" vehID="Car_19164" speed="3.47" length="5.00" type="DEFAULT_CAR" occupancy="3.97"/>
    <instantOut id="235_D11" time="35863.87" state="enter" vehID="Car_21326" speed="6.00" length="5.00" type="DEFAULT_CAR" gap="1406.92"/>
    <instantOut id="235_D11" time="35864.00" state="stay" vehID="Car_21326" speed="6.00" length="5.00" type="DEFAULT_CAR"/>
    <instantOut id="235_D11" time="35864.25" state="stay" vehID="Car_21326" speed="6.95" length="5.00" type="DEFAULT_CAR"/>
    <instantOut id="235_D11" time="35864.50" state="stay" vehID="Car_21326" speed="7.12" length="5.00" type="DEFAULT_CAR"/>
    <instantOut id="235_D11" time="35864.60" state="leave" vehID="Car_21326" speed="7.24" length="5.00" type="DEFAULT_CAR" occupancy="0.73"/>
    <instantOut id="235_D11" time="38059.93" state="enter" vehID="Car_21325" speed="4.27" length="5.00" type="DEFAULT_CAR" gap="2195.33"/>
    <instantOut id="235_D11" time="38060.00" state="stay" vehID="Car_21325" speed="4.27" length="5.00" type="DEFAULT_CAR"/>
    <instantOut id="235_D11" time="38060.25" state="stay" vehID="Car_21325" speed="3.52" length="5.00" type="DEFAULT_CAR"/>
    <instantOut id="235_D11" time="38060.50" state="stay" vehID="Car_21325" speed="2.77" length="5.00" type="DEFAULT_CAR"/>
    <instantOut id="235_D11" time="38060.75" state="stay" vehID="Car_21325" speed="2.16" length="5.00" type="DEFAULT_CAR"/>
    <instantOut id="235_D11" time="38061.00" state="stay" vehID="Car_21325" speed="1.43" length="5.00" type="DEFAULT_CAR"/>
    <instantOut id="235_D11" time="38061.25" state="stay" vehID="Car_21325" speed="0.73" length="5.00" type="DEFAULT_CAR"/>
    <instantOut id="235_D11" time="38061.50" state="stay" vehID="Car_21325" speed="0.06" length="5.00" type="DEFAULT_CAR"/>
    <instantOut id="235_D11" time="38061.75" state="stay" vehID="Car_21325" speed="0.00" length="5.00" type="DEFAULT_CAR"/>
    <instantOut id="235_D11" time="38062.00" state="stay" vehID="Car_21325" speed="0.00" length="5.00" type="DEFAULT_CAR"/>
    <instantOut id="235_D11" time="38062.25" state="stay" vehID="Car_21325" speed="0.00" length="5.00" type="DEFAULT_CAR"/>
    <instantOut id="235_D11" time="38062.50" state="stay" vehID="Car_21325" speed="0.00" length="5.00" type="DEFAULT_CAR"/>
    <instantOut id="235_D11" time="38062.75" state="stay" vehID="Car_21325" speed="0.00" length="5.00" type="DEFAULT_CAR"/>
    <instantOut id="235_D11" time="38063.00" state="stay" vehID="Car_21325" speed="0.00" length="5.00" type="DEFAULT_CAR"/>
    <instantOut id="235_D11" time="38063.25" state="stay" vehID="Car_21325" speed="0.00" length="5.00" type="DEFAULT_CAR"/>
    <instantOut id="235_D11" time="38063.50" state="stay" vehID="Car_21325" speed="0.00" length="5.00" type="DEFAULT_CAR"/>
    <instantOut id="235_D11" time="38063.75" state="stay" vehID="Car_21325" speed="0.00" length="5.00" type="DEFAULT_CAR"/>
    <instantOut id="235_D11" time="38064.00" state="stay" vehID="Car_21325" speed="0.00" length="5.00" type="DEFAULT_CAR"/>
    <instantOut id="235_D11" time="38064.25" state="stay" vehID="Car_21325" speed="0.00" length="5.00" type="DEFAULT_CAR"/>
    <instantOut id="235_D11" time="38064.50" state="stay" vehID="Car_21325" speed="0.00" length="5.00" type="DEFAULT_CAR"/>
    <instantOut id="235_D11" time="38064.75" state="stay" vehID="Car_21325" speed="0.00" length="5.00" type="DEFAULT_CAR"/>
    <instantOut id="235_D11" time="38065.00" state="stay" vehID="Car_21325" speed="0.80" length="5.00" type="DEFAULT_CAR"/>
    <instantOut id="235_D11" time="38065.25" state="stay" vehID="Car_21325" speed="1.43" length="5.00" type="DEFAULT_CAR"/>
    <instantOut id="235_D11" time="38065.50" state="stay" vehID="Car_21325" speed="2.04" length="5.00" type="DEFAULT_CAR"/>
    <instantOut id="235_D11" time="38065.75" state="stay" vehID="Car_21325" speed="2.32" length="5.00" type="DEFAULT_CAR"/>
    <instantOut id="235_D11" time="38065.92" state="leave" vehID="Car_21325" speed="2.25" length="5.00" type="DEFAULT_CAR" occupancy="5.99"/>
    <instantOut id="235_D11" time="39690.98" state="enter" vehID="Car_23054" speed="4.41" length="5.00" type="DEFAULT_CAR" gap="1625.06"/>
    <instantOut id="235_D11" time="39691.00" state="stay" vehID="Car_23054" speed="4.41" length="5.00" type="DEFAULT_CAR"/>
    <instantOut id="235_D11" time="39691.25" state="stay" vehID="Car_23054" speed="3.66" length="5.00" type="DEFAULT_CAR"/>
    <instantOut id="235_D11" time="39691.50" state="stay" vehID="Car_23054" speed="2.92" length="5.00" type="DEFAULT_CAR"/>
    <instantOut id="235_D11" time="39691.75" state="stay" vehID="Car_23054" speed="2.34" length="5.00" type="DEFAULT_CAR"/>
    <instantOut id="235_D11" time="39692.00" state="stay" vehID="Car_23054" speed="1.59" length="5.00" type="DEFAULT_CAR"/>
    <instantOut id="235_D11" time="39692.25" state="stay" vehID="Car_23054" speed="0.87" length="5.00" type="DEFAULT_CAR"/>
    <instantOut id="235_D11" time="39692.50" state="stay" vehID="Car_23054" speed="0.15" length="5.00" type="DEFAULT_CAR"/>
    <instantOut id="235_D11" time="39692.75" state="stay" vehID="Car_23054" speed="0.00" length="5.00" type="DEFAULT_CAR"/>
    <instantOut id="235_D11" time="39693.00" state="stay" vehID="Car_23054" speed="0.00" length="5.00" type="DEFAULT_CAR"/>
    <instantOut id="235_D11" time="39693.25" state="stay" vehID="Car_23054" speed="0.00" length="5.00" type="DEFAULT_CAR"/>
    <instantOut id="235_D11" time="39693.50" state="stay" vehID="Car_23054" speed="0.00" length="5.00" type="DEFAULT_CAR"/>
    <instantOut id="235_D11" time="39693.75" state="stay" vehID="Car_23054" speed="0.00" length="5.00" type="DEFAULT_CAR"/>
    <instantOut id="235_D11" time="39694.00" state="stay" vehID="Car_23054" speed="0.00" length="5.00" type="DEFAULT_CAR"/>
    <instantOut id="235_D11" time="39694.25" state="stay" vehID="Car_23054" speed="0.00" length="5.00" type="DEFAULT_CAR"/>
    <instantOut id="235_D11" time="39694.50" state="stay" vehID="Car_23054" speed="0.00" length="5.00" type="DEFAULT_CAR"/>
    <instantOut id="235_D11" time="39694.75" state="stay" vehID="Car_23054" speed="0.00" length="5.00" type="DEFAULT_CAR"/>
    <instantOut id="235_D11" time="39695.00" state="stay" vehID="Car_23054" speed="0.91" length="5.00" type="DEFAULT_CAR"/>
    <instantOut id="235_D11" time="39695.25" state="stay" vehID="Car_23054" speed="1.82" length="5.00" type="DEFAULT_CAR"/>
    <instantOut id="235_D11" time="39695.50" state="stay" vehID="Car_23054" speed="2.66" length="5.00" type="DEFAULT_CAR"/>
    <instantOut id="235_D11" time="39695.71" state="leave" vehID="Car_23054" speed="3.23" length="5.00" type="DEFAULT_CAR" occupancy="4.73"/>
    <instantOut id="235_D11" time="40698.88" state="enter" vehID="Car_23055" speed="5.82" length="5.00" type="DEFAULT_CAR" gap="1003.17"/>
    <instantOut id="235_D11" time="40699.00" state="stay" vehID="Car_23055" speed="5.82" length="5.00" type="DEFAULT_CAR"/>
    <instantOut id="235_D11" time="40699.25" state="stay" vehID="Car_23055" speed="6.77" length="5.00" type="DEFAULT_CAR"/>
    <instantOut id="235_D11" time="40699.50" state="stay" vehID="Car_23055" speed="6.38" length="5.00" type="DEFAULT_CAR"/>
    <instantOut id="235_D11" time="40699.66" state="leave" vehID="Car_23055" speed="6.51" length="5.00" type="DEFAULT_CAR" occupancy="0.78"/>
</instantE1>
