<?xml version="1.0" encoding="UTF-8"?>

<!-- generated on 2025-02-28 16:34:46 by Eclipse SUMO GUI Version 1.19.0
<configuration xmlns:xsi="http://www.w3.org/2001/XMLSchema-instance" xsi:noNamespaceSchemaLocation="http://sumo.dlr.de/xsd/sumoConfiguration.xsd">

    <input>
        <net-file value="Network.net.xml"/>
        <route-files value="CarRoutes.rou.xml"/>
        <additional-files value="Sensors.add.xml"/>
    </input>

    <output>
        <emission-output value="logs/Emissions.xml"/>
        <summary-output value="logs/Log_summary.xml"/>
        <summary-output.period value="300"/>
        <tripinfo-output value="logs/TripInfos.xml"/>
    </output>

    <time>
        <begin value="0"/>
        <end value="86400"/>
        <step-length value="0.25"/>
    </time>

    <processing>
        <ignore-junction-blocker value="0.1"/>
        <time-to-teleport value="-1"/>
    </processing>

    <report>
        <verbose value="true"/>
        <no-step-log value="true"/>
    </report>

    <emissions>
        <device.emissions.period value="10"/>
    </emissions>

    <traci_server>
        <remote-port value="57338"/>
    </traci_server>

    <gui_only>
        <quit-on-end value="true"/>
        <start value="true"/>
    </gui_only>

</configuration>
-->

<instantE1 xmlns:xsi="http://www.w3.org/2001/XMLSchema-instance" xsi:noNamespaceSchemaLocation="http://sumo.dlr.de/xsd/instant_e1_file.xsd">
    <instantOut id="235_D025" time="959.24" state="enter" vehID="Car_1026" speed="9.89" length="5.00" type="DEFAULT_CAR"/>
    <instantOut id="235_D025" time="959.25" state="stay" vehID="Car_1026" speed="9.89" length="5.00" type="DEFAULT_CAR"/>
    <instantOut id="235_D025" time="959.50" state="stay" vehID="Car_1026" speed="9.14" length="5.00" type="DEFAULT_CAR"/>
    <instantOut id="235_D025" time="959.75" state="stay" vehID="Car_1026" speed="8.39" length="5.00" type="DEFAULT_CAR"/>
    <instantOut id="235_D025" time="959.82" state="leave" vehID="Car_1026" speed="7.64" length="5.00" type="DEFAULT_CAR" occupancy="0.58"/>
    <instantOut id="235_D025" time="3738.93" state="enter" vehID="Car_2385" speed="10.26" length="5.00" type="DEFAULT_CAR" gap="2779.11"/>
    <instantOut id="235_D025" time="3739.00" state="stay" vehID="Car_2385" speed="10.26" length="5.00" type="DEFAULT_CAR"/>
    <instantOut id="235_D025" time="3739.25" state="stay" vehID="Car_2385" speed="10.18" length="5.00" type="DEFAULT_CAR"/>
    <instantOut id="235_D025" time="3739.43" state="leave" vehID="Car_2385" speed="9.43" length="5.00" type="DEFAULT_CAR" occupancy="0.50"/>
    <instantOut id="235_D025" time="3792.07" state="enter" vehID="Car_1915" speed="7.44" length="5.00" type="DEFAULT_CAR" gap="52.64"/>
    <instantOut id="235_D025" time="3792.25" state="stay" vehID="Car_1915" speed="7.44" length="5.00" type="DEFAULT_CAR"/>
    <instantOut id="235_D025" time="3792.50" state="stay" vehID="Car_1915" speed="6.69" length="5.00" type="DEFAULT_CAR"/>
    <instantOut id="235_D025" time="3792.75" state="stay" vehID="Car_1915" speed="5.94" length="5.00" type="DEFAULT_CAR"/>
    <instantOut id="235_D025" time="3792.85" state="leave" vehID="Car_1915" speed="5.26" length="5.00" type="DEFAULT_CAR" occupancy="0.78"/>
    <instantOut id="235_D025" time="4782.03" state="enter" vehID="Car_2576" speed="7.27" length="5.00" type="DEFAULT_CAR" gap="989.18"/>
    <instantOut id="235_D025" time="4782.25" state="stay" vehID="Car_2576" speed="7.27" length="5.00" type="DEFAULT_CAR"/>
    <instantOut id="235_D025" time="4782.50" state="stay" vehID="Car_2576" speed="7.89" length="5.00" type="DEFAULT_CAR"/>
    <instantOut id="235_D025" time="4782.66" state="leave" vehID="Car_2576" speed="8.57" length="5.00" type="DEFAULT_CAR" occupancy="0.64"/>
    <instantOut id="235_D025" time="6400.69" state="enter" vehID="Car_3773" speed="10.28" length="5.00" type="DEFAULT_CAR" gap="1618.03"/>
    <instantOut id="235_D025" time="6400.75" state="stay" vehID="Car_3773" speed="10.28" length="5.00" type="DEFAULT_CAR"/>
    <instantOut id="235_D025" time="6401.00" state="stay" vehID="Car_3773" speed="9.59" length="5.00" type="DEFAULT_CAR"/>
    <instantOut id="235_D025" time="6401.22" state="leave" vehID="Car_3773" speed="9.02" length="5.00" type="DEFAULT_CAR" occupancy="0.53"/>
    <instantOut id="235_D025" time="6894.88" state="enter" vehID="Car_3918" speed="10.03" length="5.00" type="DEFAULT_CAR" gap="493.66"/>
    <instantOut id="235_D025" time="6895.00" state="stay" vehID="Car_3918" speed="10.03" length="5.00" type="DEFAULT_CAR"/>
    <instantOut id="235_D025" time="6895.25" state="stay" vehID="Car_3918" speed="9.28" length="5.00" type="DEFAULT_CAR"/>
    <instantOut id="235_D025" time="6895.42" state="leave" vehID="Car_3918" speed="8.80" length="5.00" type="DEFAULT_CAR" occupancy="0.54"/>
    <instantOut id="235_D025" time="7466.51" state="enter" vehID="Car_3455" speed="8.29" length="5.00" type="DEFAULT_CAR" gap="571.09"/>
    <instantOut id="235_D025" time="7466.75" state="stay" vehID="Car_3455" speed="8.29" length="5.00" type="DEFAULT_CAR"/>
    <instantOut id="235_D025" time="7467.00" state="stay" vehID="Car_3455" speed="7.55" length="5.00" type="DEFAULT_CAR"/>
    <instantOut id="235_D025" time="7467.17" state="leave" vehID="Car_3455" speed="6.80" length="5.00" type="DEFAULT_CAR" occupancy="0.66"/>
    <instantOut id="235_D025" time="7791.46" state="enter" vehID="Car_4338" speed="8.87" length="5.00" type="DEFAULT_CAR" gap="324.28"/>
    <instantOut id="235_D025" time="7791.50" state="stay" vehID="Car_4338" speed="8.87" length="5.00" type="DEFAULT_CAR"/>
    <instantOut id="235_D025" time="7791.75" state="stay" vehID="Car_4338" speed="8.12" length="5.00" type="DEFAULT_CAR"/>
    <instantOut id="235_D025" time="7792.00" state="stay" vehID="Car_4338" speed="7.37" length="5.00" type="DEFAULT_CAR"/>
    <instantOut id="235_D025" time="7792.11" state="leave" vehID="Car_4338" speed="6.62" length="5.00" type="DEFAULT_CAR" occupancy="0.65"/>
    <instantOut id="235_D025" time="8146.32" state="enter" vehID="Car_5282" speed="8.25" length="5.00" type="DEFAULT_CAR" gap="354.21"/>
    <instantOut id="235_D025" time="8146.50" state="stay" vehID="Car_5282" speed="8.25" length="5.00" type="DEFAULT_CAR"/>
    <instantOut id="235_D025" time="8146.75" state="stay" vehID="Car_5282" speed="7.50" length="5.00" type="DEFAULT_CAR"/>
    <instantOut id="235_D025" time="8147.00" state="leave" vehID="Car_5282" speed="6.75" length="5.00" type="DEFAULT_CAR" occupancy="0.67"/>
    <instantOut id="235_D025" time="8402.05" state="enter" vehID="Car_4683" speed="7.25" length="5.00" type="DEFAULT_CAR" gap="255.06"/>
    <instantOut id="235_D025" time="8402.25" state="stay" vehID="Car_4683" speed="7.25" length="5.00" type="DEFAULT_CAR"/>
    <instantOut id="235_D025" time="8402.50" state="stay" vehID="Car_4683" speed="6.50" length="5.00" type="DEFAULT_CAR"/>
    <instantOut id="235_D025" time="8402.75" state="stay" vehID="Car_4683" speed="5.75" length="5.00" type="DEFAULT_CAR"/>
    <instantOut id="235_D025" time="8402.85" state="leave" vehID="Car_4683" speed="5.07" length="5.00" type="DEFAULT_CAR" occupancy="0.80"/>
    <instantOut id="235_D025" time="9298.48" state="enter" vehID="Car_5082" speed="8.90" length="5.00" type="DEFAULT_CAR" gap="895.63"/>
    <instantOut id="235_D025" time="9298.50" state="stay" vehID="Car_5082" speed="8.90" length="5.00" type="DEFAULT_CAR"/>
    <instantOut id="235_D025" time="9298.75" state="stay" vehID="Car_5082" speed="8.15" length="5.00" type="DEFAULT_CAR"/>
    <instantOut id="235_D025" time="9299.00" state="stay" vehID="Car_5082" speed="7.40" length="5.00" type="DEFAULT_CAR"/>
    <instantOut id="235_D025" time="9299.14" state="leave" vehID="Car_5082" speed="6.91" length="5.00" type="DEFAULT_CAR" occupancy="0.66"/>
    <instantOut id="235_D025" time="12148.39" state="enter" vehID="Car_6520" speed="9.01" length="5.00" type="DEFAULT_CAR" gap="2849.25"/>
    <instantOut id="235_D025" time="12148.50" state="stay" vehID="Car_6520" speed="9.01" length="5.00" type="DEFAULT_CAR"/>
    <instantOut id="235_D025" time="12148.75" state="stay" vehID="Car_6520" speed="8.90" length="5.00" type="DEFAULT_CAR"/>
    <instantOut id="235_D025" time="12148.97" state="leave" vehID="Car_6520" speed="8.23" length="5.00" type="DEFAULT_CAR" occupancy="0.58"/>
    <instantOut id="235_D025" time="12567.34" state="enter" vehID="Car_6925" speed="9.05" length="5.00" type="DEFAULT_CAR" gap="418.37"/>
    <instantOut id="235_D025" time="12567.50" state="stay" vehID="Car_6925" speed="9.05" length="5.00" type="DEFAULT_CAR"/>
    <instantOut id="235_D025" time="12567.75" state="stay" vehID="Car_6925" speed="9.51" length="5.00" type="DEFAULT_CAR"/>
    <instantOut id="235_D025" time="12567.88" state="leave" vehID="Car_6925" speed="8.76" length="5.00" type="DEFAULT_CAR" occupancy="0.54"/>
    <instantOut id="235_D025" time="12997.47" state="enter" vehID="Car_6674" speed="9.44" length="5.00" type="DEFAULT_CAR" gap="429.58"/>
    <instantOut id="235_D025" time="12997.50" state="stay" vehID="Car_6674" speed="9.44" length="5.00" type="DEFAULT_CAR"/>
    <instantOut id="235_D025" time="12997.75" state="stay" vehID="Car_6674" speed="8.88" length="5.00" type="DEFAULT_CAR"/>
    <instantOut id="235_D025" time="12998.00" state="stay" vehID="Car_6674" speed="8.13" length="5.00" type="DEFAULT_CAR"/>
    <instantOut id="235_D025" time="12998.06" state="leave" vehID="Car_6674" speed="7.38" length="5.00" type="DEFAULT_CAR" occupancy="0.59"/>
    <instantOut id="235_D025" time="16356.00" state="enter" vehID="Car_8419" speed="8.50" length="5.00" type="DEFAULT_CAR" gap="3357.94"/>
    <instantOut id="235_D025" time="16356.00" state="stay" vehID="Car_8419" speed="8.50" length="5.00" type="DEFAULT_CAR"/>
    <instantOut id="235_D025" time="16356.25" state="stay" vehID="Car_8419" speed="7.97" length="5.00" type="DEFAULT_CAR"/>
    <instantOut id="235_D025" time="16356.50" state="stay" vehID="Car_8419" speed="7.22" length="5.00" type="DEFAULT_CAR"/>
    <instantOut id="235_D025" time="16356.68" state="leave" vehID="Car_8419" speed="6.47" length="5.00" type="DEFAULT_CAR" occupancy="0.69"/>
    <instantOut id="235_D025" time="17243.51" state="enter" vehID="Car_9770" speed="7.76" length="5.00" type="DEFAULT_CAR" gap="886.82"/>
    <instantOut id="235_D025" time="17243.75" state="stay" vehID="Car_9770" speed="7.76" length="5.00" type="DEFAULT_CAR"/>
    <instantOut id="235_D025" time="17244.00" state="stay" vehID="Car_9770" speed="7.01" length="5.00" type="DEFAULT_CAR"/>
    <instantOut id="235_D025" time="17244.22" state="leave" vehID="Car_9770" speed="6.26" length="5.00" type="DEFAULT_CAR" occupancy="0.71"/>
    <instantOut id="235_D025" time="18252.49" state="enter" vehID="Car_10204" speed="8.97" length="5.00" type="DEFAULT_CAR" gap="1008.27"/>
    <instantOut id="235_D025" time="18252.50" state="stay" vehID="Car_10204" speed="8.97" length="5.00" type="DEFAULT_CAR"/>
    <instantOut id="235_D025" time="18252.75" state="stay" vehID="Car_10204" speed="8.27" length="5.00" type="DEFAULT_CAR"/>
    <instantOut id="235_D025" time="18253.00" state="stay" vehID="Car_10204" speed="7.54" length="5.00" type="DEFAULT_CAR"/>
    <instantOut id="235_D025" time="18253.14" state="leave" vehID="Car_10204" speed="6.79" length="5.00" type="DEFAULT_CAR" occupancy="0.65"/>
    <instantOut id="235_D025" time="18325.97" state="enter" vehID="Car_10415" speed="6.91" length="5.00" type="DEFAULT_CAR" gap="72.83"/>
    <instantOut id="235_D025" time="18326.00" state="stay" vehID="Car_10415" speed="6.91" length="5.00" type="DEFAULT_CAR"/>
    <instantOut id="235_D025" time="18326.25" state="stay" vehID="Car_10415" speed="7.59" length="5.00" type="DEFAULT_CAR"/>
    <instantOut id="235_D025" time="18326.50" state="stay" vehID="Car_10415" speed="7.73" length="5.00" type="DEFAULT_CAR"/>
    <instantOut id="235_D025" time="18326.64" state="leave" vehID="Car_10415" speed="6.98" length="5.00" type="DEFAULT_CAR" occupancy="0.67"/>
    <instantOut id="235_D025" time="21685.96" state="enter" vehID="Car_11986" speed="9.55" length="5.00" type="DEFAULT_CAR" gap="3359.33"/>
    <instantOut id="235_D025" time="21686.00" state="stay" vehID="Car_11986" speed="9.55" length="5.00" type="DEFAULT_CAR"/>
    <instantOut id="235_D025" time="21686.25" state="stay" vehID="Car_11986" speed="9.05" length="5.00" type="DEFAULT_CAR"/>
    <instantOut id="235_D025" time="21686.50" state="stay" vehID="Car_11986" speed="8.30" length="5.00" type="DEFAULT_CAR"/>
    <instantOut id="235_D025" time="21686.54" state="leave" vehID="Car_11986" speed="7.55" length="5.00" type="DEFAULT_CAR" occupancy="0.58"/>
    <instantOut id="235_D025" time="22131.99" state="enter" vehID="Car_12077" speed="6.51" length="5.00" type="DEFAULT_CAR" gap="445.45"/>
    <instantOut id="235_D025" time="22132.00" state="stay" vehID="Car_12077" speed="6.51" length="5.00" type="DEFAULT_CAR"/>
    <instantOut id="235_D025" time="22132.25" state="stay" vehID="Car_12077" speed="6.10" length="5.00" type="DEFAULT_CAR"/>
    <instantOut id="235_D025" time="22132.50" state="stay" vehID="Car_12077" speed="5.69" length="5.00" type="DEFAULT_CAR"/>
    <instantOut id="235_D025" time="22132.75" state="stay" vehID="Car_12077" speed="4.94" length="5.00" type="DEFAULT_CAR"/>
    <instantOut id="235_D025" time="22132.93" state="leave" vehID="Car_12077" speed="4.19" length="5.00" type="DEFAULT_CAR" occupancy="0.94"/>
    <instantOut id="235_D025" time="23810.73" state="enter" vehID="Car_13102" speed="8.86" length="5.00" type="DEFAULT_CAR" gap="1677.80"/>
    <instantOut id="235_D025" time="23810.75" state="stay" vehID="Car_13102" speed="8.86" length="5.00" type="DEFAULT_CAR"/>
    <instantOut id="235_D025" time="23811.00" state="stay" vehID="Car_13102" speed="8.11" length="5.00" type="DEFAULT_CAR"/>
    <instantOut id="235_D025" time="23811.25" state="stay" vehID="Car_13102" speed="7.36" length="5.00" type="DEFAULT_CAR"/>
    <instantOut id="235_D025" time="23811.39" state="leave" vehID="Car_13102" speed="6.61" length="5.00" type="DEFAULT_CAR" occupancy="0.66"/>
    <instantOut id="235_D025" time="25355.76" state="enter" vehID="Car_14809" speed="7.73" length="5.00" type="DEFAULT_CAR" gap="1544.37"/>
    <instantOut id="235_D025" time="25356.00" state="stay" vehID="Car_14809" speed="7.73" length="5.00" type="DEFAULT_CAR"/>
    <instantOut id="235_D025" time="25356.25" state="stay" vehID="Car_14809" speed="6.98" length="5.00" type="DEFAULT_CAR"/>
    <instantOut id="235_D025" time="25356.47" state="leave" vehID="Car_14809" speed="6.23" length="5.00" type="DEFAULT_CAR" occupancy="0.71"/>
    <instantOut id="235_D025" time="26753.25" state="enter" vehID="Car_15934" speed="9.06" length="5.00" type="DEFAULT_CAR" gap="1396.77"/>
    <instantOut id="235_D025" time="26753.25" state="stay" vehID="Car_15934" speed="9.06" length="5.00" type="DEFAULT_CAR"/>
    <instantOut id="235_D025" time="26753.50" state="stay" vehID="Car_15934" speed="8.31" length="5.00" type="DEFAULT_CAR"/>
    <instantOut id="235_D025" time="26753.75" state="stay" vehID="Car_15934" speed="7.56" length="5.00" type="DEFAULT_CAR"/>
    <instantOut id="235_D025" time="26753.89" state="leave" vehID="Car_15934" speed="7.18" length="5.00" type="DEFAULT_CAR" occupancy="0.64"/>
    <instantOut id="235_D025" time="27653.95" state="enter" vehID="Car_15185" speed="9.72" length="5.00" type="DEFAULT_CAR" gap="900.06"/>
    <instantOut id="235_D025" time="27654.00" state="stay" vehID="Car_15185" speed="9.72" length="5.00" type="DEFAULT_CAR"/>
    <instantOut id="235_D025" time="27654.25" state="stay" vehID="Car_15185" speed="9.20" length="5.00" type="DEFAULT_CAR"/>
    <instantOut id="235_D025" time="27654.50" state="stay" vehID="Car_15185" speed="8.45" length="5.00" type="DEFAULT_CAR"/>
    <instantOut id="235_D025" time="27654.51" state="leave" vehID="Car_15185" speed="7.70" length="5.00" type="DEFAULT_CAR" occupancy="0.56"/>
    <instantOut id="235_D025" time="28416.98" state="enter" vehID="Car_17460" speed="9.61" length="5.00" type="DEFAULT_CAR" gap="762.47"/>
    <instantOut id="235_D025" time="28417.00" state="stay" vehID="Car_17460" speed="9.61" length="5.00" type="DEFAULT_CAR"/>
    <instantOut id="235_D025" time="28417.25" state="stay" vehID="Car_17460" speed="10.36" length="5.00" type="DEFAULT_CAR"/>
    <instantOut id="235_D025" time="28417.48" state="leave" vehID="Car_17460" speed="9.70" length="5.00" type="DEFAULT_CAR" occupancy="0.50"/>
    <instantOut id="235_D025" time="28732.98" state="enter" vehID="Car_17463" speed="9.22" length="5.00" type="DEFAULT_CAR" gap="315.50"/>
    <instantOut id="235_D025" time="28733.00" state="stay" vehID="Car_17463" speed="9.22" length="5.00" type="DEFAULT_CAR"/>
    <instantOut id="235_D025" time="28733.25" state="stay" vehID="Car_17463" speed="8.56" length="5.00" type="DEFAULT_CAR"/>
    <instantOut id="235_D025" time="28733.50" state="stay" vehID="Car_17463" speed="7.81" length="5.00" type="DEFAULT_CAR"/>
    <instantOut id="235_D025" time="28733.60" state="leave" vehID="Car_17463" speed="7.34" length="5.00" type="DEFAULT_CAR" occupancy="0.62"/>
    <instantOut id="235_D025" time="28767.94" state="enter" vehID="Car_17461" speed="6.98" length="5.00" type="DEFAULT_CAR" gap="34.34"/>
    <instantOut id="235_D025" time="28768.00" state="stay" vehID="Car_17461" speed="6.98" length="5.00" type="DEFAULT_CAR"/>
    <instantOut id="235_D025" time="28768.25" state="stay" vehID="Car_17461" speed="6.45" length="5.00" type="DEFAULT_CAR"/>
    <instantOut id="235_D025" time="28768.50" state="stay" vehID="Car_17461" speed="5.70" length="5.00" type="DEFAULT_CAR"/>
    <instantOut id="235_D025" time="28768.75" state="stay" vehID="Car_17461" speed="4.98" length="5.00" type="DEFAULT_CAR"/>
    <instantOut id="235_D025" time="28768.81" state="leave" vehID="Car_17461" speed="4.23" length="5.00" type="DEFAULT_CAR" occupancy="0.88"/>
    <instantOut id="235_D025" time="30085.00" state="enter" vehID="Car_18754" speed="6.79" length="5.00" type="DEFAULT_CAR" gap="1316.19"/>
    <instantOut id="235_D025" time="30085.25" state="stay" vehID="Car_18754" speed="6.79" length="5.00" type="DEFAULT_CAR"/>
    <instantOut id="235_D025" time="30085.50" state="stay" vehID="Car_18754" speed="6.14" length="5.00" type="DEFAULT_CAR"/>
    <instantOut id="235_D025" time="30085.75" state="stay" vehID="Car_18754" speed="5.40" length="5.00" type="DEFAULT_CAR"/>
    <instantOut id="235_D025" time="30085.84" state="leave" vehID="Car_18754" speed="4.65" length="5.00" type="DEFAULT_CAR" occupancy="0.84"/>
    <instantOut id="235_D025" time="30313.80" state="enter" vehID="Car_18278" speed="7.24" length="5.00" type="DEFAULT_CAR" gap="227.96"/>
    <instantOut id="235_D025" time="30314.00" state="stay" vehID="Car_18278" speed="7.24" length="5.00" type="DEFAULT_CAR"/>
    <instantOut id="235_D025" time="30314.25" state="stay" vehID="Car_18278" speed="6.49" length="5.00" type="DEFAULT_CAR"/>
    <instantOut id="235_D025" time="30314.50" state="stay" vehID="Car_18278" speed="5.74" length="5.00" type="DEFAULT_CAR"/>
    <instantOut id="235_D025" time="30314.60" state="leave" vehID="Car_18278" speed="4.99" length="5.00" type="DEFAULT_CAR" occupancy="0.80"/>
    <instantOut id="235_D025" time="30768.26" state="enter" vehID="Car_18426" speed="10.29" length="5.00" type="DEFAULT_CAR" gap="453.66"/>
    <instantOut id="235_D025" time="30768.50" state="stay" vehID="Car_18426" speed="10.29" length="5.00" type="DEFAULT_CAR"/>
    <instantOut id="235_D025" time="30768.74" state="leave" vehID="Car_18426" speed="10.75" length="5.00" type="DEFAULT_CAR" occupancy="0.48"/>
    <instantOut id="235_D025" time="31993.19" state="enter" vehID="Car_18824" speed="10.36" length="5.00" type="DEFAULT_CAR" gap="1224.45"/>
    <instantOut id="235_D025" time="31993.25" state="stay" vehID="Car_18824" speed="10.36" length="5.00" type="DEFAULT_CAR"/>
    <instantOut id="235_D025" time="31993.50" state="stay" vehID="Car_18824" speed="10.04" length="5.00" type="DEFAULT_CAR"/>
    <instantOut id="235_D025" time="31993.70" state="leave" vehID="Car_18824" speed="9.29" length="5.00" type="DEFAULT_CAR" occupancy="0.51"/>
    <instantOut id="235_D025" time="34346.42" state="enter" vehID="Car_20379" speed="6.78" length="5.00" type="DEFAULT_CAR" gap="2352.72"/>
    <instantOut id="235_D025" time="34346.50" state="stay" vehID="Car_20379" speed="6.78" length="5.00" type="DEFAULT_CAR"/>
    <instantOut id="235_D025" time="34346.75" state="stay" vehID="Car_20379" speed="6.29" length="5.00" type="DEFAULT_CAR"/>
    <instantOut id="235_D025" time="34347.00" state="stay" vehID="Car_20379" speed="5.54" length="5.00" type="DEFAULT_CAR"/>
    <instantOut id="235_D025" time="34347.25" state="stay" vehID="Car_20379" speed="4.79" length="5.00" type="DEFAULT_CAR"/>
    <instantOut id="235_D025" time="34347.32" state="leave" vehID="Car_20379" speed="4.04" length="5.00" type="DEFAULT_CAR" occupancy="0.90"/>
    <instantOut id="235_D025" time="36718.81" state="enter" vehID="Car_21064" speed="8.51" length="5.00" type="DEFAULT_CAR" gap="2371.49"/>
    <instantOut id="235_D025" time="36719.00" state="stay" vehID="Car_21064" speed="8.51" length="5.00" type="DEFAULT_CAR"/>
    <instantOut id="235_D025" time="36719.25" state="stay" vehID="Car_21064" speed="7.76" length="5.00" type="DEFAULT_CAR"/>
    <instantOut id="235_D025" time="36719.46" state="leave" vehID="Car_21064" speed="7.01" length="5.00" type="DEFAULT_CAR" occupancy="0.65"/>
    <instantOut id="235_D025" time="40467.49" state="enter" vehID="Car_23184" speed="8.54" length="5.00" type="DEFAULT_CAR" gap="3748.04"/>
    <instantOut id="235_D025" time="40467.50" state="stay" vehID="Car_23184" speed="8.54" length="5.00" type="DEFAULT_CAR"/>
    <instantOut id="235_D025" time="40467.75" state="stay" vehID="Car_23184" speed="8.32" length="5.00" type="DEFAULT_CAR"/>
    <instantOut id="235_D025" time="40468.00" state="stay" vehID="Car_23184" speed="7.57" length="5.00" type="DEFAULT_CAR"/>
    <instantOut id="235_D025" time="40468.14" state="leave" vehID="Car_23184" speed="6.82" length="5.00" type="DEFAULT_CAR" occupancy="0.65"/>
    <instantOut id="235_D025" time="45379.95" state="enter" vehID="Car_24339" speed="10.26" length="5.00" type="DEFAULT_CAR" gap="4911.81"/>
    <instantOut id="235_D025" time="45380.00" state="stay" vehID="Car_24339" speed="10.26" length="5.00" type="DEFAULT_CAR"/>
    <instantOut id="235_D025" time="45380.25" state="stay" vehID="Car_24339" speed="10.97" length="5.00" type="DEFAULT_CAR"/>
    <instantOut id="235_D025" time="45380.42" state="leave" vehID="Car_24339" speed="10.22" length="5.00" type="DEFAULT_CAR" occupancy="0.47"/>
</instantE1>
