<?xml version="1.0" encoding="UTF-8"?>

<!-- generated on 2025-02-28 16:53:22 by Eclipse SUMO GUI Version 1.19.0
<configuration xmlns:xsi="http://www.w3.org/2001/XMLSchema-instance" xsi:noNamespaceSchemaLocation="http://sumo.dlr.de/xsd/sumoConfiguration.xsd">

    <input>
        <net-file value="Network.net.xml"/>
        <route-files value="CarRoutes.rou.xml"/>
        <additional-files value="Sensors.add.xml"/>
    </input>

    <output>
        <emission-output value="logs/Emissions.xml"/>
        <summary-output value="logs/Log_summary.xml"/>
        <summary-output.period value="300"/>
        <tripinfo-output value="logs/TripInfos.xml"/>
    </output>

    <time>
        <begin value="0"/>
        <end value="86400"/>
        <step-length value="0.25"/>
    </time>

    <processing>
        <ignore-junction-blocker value="0.1"/>
        <time-to-teleport value="-1"/>
    </processing>

    <report>
        <verbose value="true"/>
        <no-step-log value="true"/>
    </report>

    <emissions>
        <device.emissions.period value="10"/>
    </emissions>

    <traci_server>
        <remote-port value="57501"/>
    </traci_server>

    <gui_only>
        <quit-on-end value="true"/>
        <start value="true"/>
    </gui_only>

</configuration>
-->

<summary xmlns:xsi="http://www.w3.org/2001/XMLSchema-instance" xsi:noNamespaceSchemaLocation="http://sumo.dlr.de/xsd/summary_file.xsd">
    <step time="0.00" loaded="0" inserted="0" running="0" waiting="0" ended="0" arrived="0" collisions="0" teleports="0" halting="0" stopped="0" meanWaitingTime="-1.00" meanTravelTime="-1.00" meanSpeed="-1.00" meanSpeedRelative="-1.00" duration="0"/>
    <step time="300.00" loaded="213" inserted="200" running="92" waiting="13" ended="108" arrived="108" collisions="0" teleports="0" halting="47" stopped="0" meanWaitingTime="12.63" meanTravelTime="73.83" meanSpeed="3.58" meanSpeedRelative="0.26" duration="3"/>
    <step time="600.00" loaded="374" inserted="362" running="73" waiting="12" ended="289" arrived="289" collisions="0" teleports="0" halting="22" stopped="0" meanWaitingTime="15.99" meanTravelTime="105.93" meanSpeed="4.44" meanSpeedRelative="0.32" duration="1"/>
    <step time="900.00" loaded="529" inserted="519" running="57" waiting="10" ended="462" arrived="462" collisions="0" teleports="0" halting="29" stopped="0" meanWaitingTime="14.43" meanTravelTime="114.90" meanSpeed="3.86" meanSpeedRelative="0.28" duration="1"/>
    <step time="1200.00" loaded="702" inserted="687" running="52" waiting="15" ended="635" arrived="635" collisions="0" teleports="0" halting="7" stopped="0" meanWaitingTime="17.04" meanTravelTime="111.23" meanSpeed="7.93" meanSpeedRelative="0.57" duration="2"/>
    <step time="1500.00" loaded="865" inserted="845" running="51" waiting="20" ended="794" arrived="794" collisions="0" teleports="0" halting="17" stopped="0" meanWaitingTime="18.00" meanTravelTime="108.35" meanSpeed="5.02" meanSpeedRelative="0.36" duration="3"/>
    <step time="1800.00" loaded="1025" inserted="1007" running="66" waiting="18" ended="941" arrived="941" collisions="0" teleports="0" halting="20" stopped="0" meanWaitingTime="20.98" meanTravelTime="106.49" meanSpeed="4.71" meanSpeedRelative="0.34" duration="2"/>
    <step time="2100.00" loaded="1183" inserted="1167" running="66" waiting="16" ended="1101" arrived="1101" collisions="0" teleports="0" halting="31" stopped="0" meanWaitingTime="19.61" meanTravelTime="106.80" meanSpeed="3.40" meanSpeedRelative="0.24" duration="1"/>
    <step time="2400.00" loaded="1328" inserted="1312" running="39" waiting="16" ended="1273" arrived="1273" collisions="0" teleports="0" halting="18" stopped="0" meanWaitingTime="19.55" meanTravelTime="107.61" meanSpeed="4.30" meanSpeedRelative="0.31" duration="2"/>
    <step time="2700.00" loaded="1476" inserted="1475" running="44" waiting="1" ended="1431" arrived="1431" collisions="0" teleports="0" halting="11" stopped="0" meanWaitingTime="19.23" meanTravelTime="105.73" meanSpeed="6.85" meanSpeedRelative="0.49" duration="2"/>
    <step time="3000.00" loaded="1634" inserted="1627" running="47" waiting="7" ended="1580" arrived="1580" collisions="0" teleports="0" halting="21" stopped="0" meanWaitingTime="17.97" meanTravelTime="104.23" meanSpeed="4.27" meanSpeedRelative="0.31" duration="2"/>
    <step time="3300.00" loaded="1805" inserted="1784" running="56" waiting="21" ended="1728" arrived="1728" collisions="0" teleports="0" halting="8" stopped="0" meanWaitingTime="18.57" meanTravelTime="104.44" meanSpeed="6.95" meanSpeedRelative="0.50" duration="2"/>
    <step time="3600.00" loaded="1939" inserted="1924" running="36" waiting="15" ended="1888" arrived="1888" collisions="0" teleports="0" halting="11" stopped="0" meanWaitingTime="20.01" meanTravelTime="103.39" meanSpeed="5.95" meanSpeedRelative="0.43" duration="1"/>
    <step time="3900.00" loaded="2104" inserted="2104" running="72" waiting="0" ended="2032" arrived="2032" collisions="0" teleports="0" halting="37" stopped="0" meanWaitingTime="19.44" meanTravelTime="103.35" meanSpeed="3.54" meanSpeedRelative="0.25" duration="2"/>
    <step time="4200.00" loaded="2235" inserted="2235" running="48" waiting="0" ended="2187" arrived="2187" collisions="0" teleports="0" halting="10" stopped="0" meanWaitingTime="19.37" meanTravelTime="104.65" meanSpeed="5.28" meanSpeedRelative="0.40" duration="1"/>
    <step time="4500.00" loaded="2412" inserted="2411" running="63" waiting="1" ended="2348" arrived="2348" collisions="0" teleports="0" halting="26" stopped="0" meanWaitingTime="18.41" meanTravelTime="104.34" meanSpeed="4.66" meanSpeedRelative="0.34" duration="1"/>
    <step time="4800.00" loaded="2568" inserted="2562" running="38" waiting="6" ended="2524" arrived="2524" collisions="0" teleports="0" halting="14" stopped="0" meanWaitingTime="17.58" meanTravelTime="103.55" meanSpeed="4.75" meanSpeedRelative="0.34" duration="1"/>
    <step time="5100.00" loaded="2735" inserted="2725" running="58" waiting="10" ended="2667" arrived="2667" collisions="0" teleports="0" halting="6" stopped="0" meanWaitingTime="18.12" meanTravelTime="102.72" meanSpeed="7.08" meanSpeedRelative="0.51" duration="2"/>
    <step time="5400.00" loaded="2885" inserted="2883" running="52" waiting="2" ended="2831" arrived="2831" collisions="0" teleports="0" halting="6" stopped="0" meanWaitingTime="17.91" meanTravelTime="102.48" meanSpeed="5.99" meanSpeedRelative="0.43" duration="3"/>
    <step time="5700.00" loaded="3072" inserted="3057" running="60" waiting="15" ended="2997" arrived="2997" collisions="0" teleports="0" halting="26" stopped="0" meanWaitingTime="17.24" meanTravelTime="102.47" meanSpeed="4.91" meanSpeedRelative="0.35" duration="2"/>
    <step time="6000.00" loaded="3196" inserted="3193" running="38" waiting="3" ended="3155" arrived="3155" collisions="0" teleports="0" halting="15" stopped="0" meanWaitingTime="17.18" meanTravelTime="103.26" meanSpeed="5.24" meanSpeedRelative="0.38" duration="1"/>
    <step time="6300.00" loaded="3360" inserted="3343" running="70" waiting="17" ended="3273" arrived="3273" collisions="0" teleports="0" halting="26" stopped="0" meanWaitingTime="17.17" meanTravelTime="103.60" meanSpeed="5.03" meanSpeedRelative="0.36" duration="1"/>
    <step time="6600.00" loaded="3520" inserted="3512" running="54" waiting="8" ended="3458" arrived="3458" collisions="0" teleports="0" halting="16" stopped="0" meanWaitingTime="17.31" meanTravelTime="103.64" meanSpeed="5.39" meanSpeedRelative="0.39" duration="2"/>
    <step time="6900.00" loaded="3708" inserted="3691" running="60" waiting="17" ended="3631" arrived="3631" collisions="0" teleports="0" halting="28" stopped="0" meanWaitingTime="17.23" meanTravelTime="102.88" meanSpeed="3.47" meanSpeedRelative="0.25" duration="2"/>
    <step time="7200.00" loaded="3868" inserted="3843" running="55" waiting="25" ended="3788" arrived="3788" collisions="0" teleports="0" halting="14" stopped="0" meanWaitingTime="17.75" meanTravelTime="103.05" meanSpeed="5.32" meanSpeedRelative="0.39" duration="2"/>
    <step time="7500.00" loaded="4017" inserted="4005" running="43" waiting="12" ended="3962" arrived="3962" collisions="0" teleports="0" halting="17" stopped="0" meanWaitingTime="18.52" meanTravelTime="103.13" meanSpeed="4.94" meanSpeedRelative="0.37" duration="2"/>
    <step time="7800.00" loaded="4171" inserted="4148" running="35" waiting="23" ended="4113" arrived="4113" collisions="0" teleports="0" halting="11" stopped="0" meanWaitingTime="18.95" meanTravelTime="102.74" meanSpeed="5.02" meanSpeedRelative="0.36" duration="2"/>
    <step time="8100.00" loaded="4343" inserted="4328" running="45" waiting="15" ended="4283" arrived="4283" collisions="0" teleports="0" halting="16" stopped="0" meanWaitingTime="19.98" meanTravelTime="101.91" meanSpeed="4.98" meanSpeedRelative="0.36" duration="2"/>
    <step time="8400.00" loaded="4525" inserted="4521" running="75" waiting="4" ended="4446" arrived="4446" collisions="0" teleports="0" halting="34" stopped="0" meanWaitingTime="19.97" meanTravelTime="101.66" meanSpeed="3.30" meanSpeedRelative="0.24" duration="2"/>
    <step time="8700.00" loaded="4698" inserted="4693" running="78" waiting="5" ended="4615" arrived="4615" collisions="0" teleports="0" halting="25" stopped="0" meanWaitingTime="19.68" meanTravelTime="102.73" meanSpeed="4.91" meanSpeedRelative="0.35" duration="1"/>
    <step time="9000.00" loaded="4886" inserted="4869" running="61" waiting="17" ended="4808" arrived="4808" collisions="0" teleports="0" halting="18" stopped="0" meanWaitingTime="19.43" meanTravelTime="102.74" meanSpeed="4.91" meanSpeedRelative="0.35" duration="1"/>
    <step time="9300.00" loaded="5070" inserted="5052" running="65" waiting="18" ended="4987" arrived="4987" collisions="0" teleports="0" halting="26" stopped="0" meanWaitingTime="19.40" meanTravelTime="102.97" meanSpeed="3.67" meanSpeedRelative="0.26" duration="1"/>
    <step time="9600.00" loaded="5239" inserted="5226" running="71" waiting="13" ended="5155" arrived="5155" collisions="0" teleports="0" halting="37" stopped="0" meanWaitingTime="19.78" meanTravelTime="102.89" meanSpeed="3.84" meanSpeedRelative="0.28" duration="1"/>
    <step time="9900.00" loaded="5385" inserted="5369" running="35" waiting="16" ended="5334" arrived="5334" collisions="0" teleports="0" halting="14" stopped="0" meanWaitingTime="19.65" meanTravelTime="103.83" meanSpeed="5.68" meanSpeedRelative="0.41" duration="1"/>
    <step time="10200.00" loaded="5554" inserted="5545" running="58" waiting="9" ended="5487" arrived="5487" collisions="0" teleports="0" halting="6" stopped="0" meanWaitingTime="19.84" meanTravelTime="103.66" meanSpeed="4.72" meanSpeedRelative="0.34" duration="1"/>
    <step time="10500.00" loaded="5734" inserted="5723" running="76" waiting="11" ended="5647" arrived="5647" collisions="0" teleports="0" halting="25" stopped="0" meanWaitingTime="19.64" meanTravelTime="104.31" meanSpeed="3.92" meanSpeedRelative="0.28" duration="1"/>
    <step time="10800.00" loaded="5903" inserted="5896" running="79" waiting="7" ended="5817" arrived="5817" collisions="0" teleports="0" halting="15" stopped="0" meanWaitingTime="19.63" meanTravelTime="104.80" meanSpeed="5.40" meanSpeedRelative="0.40" duration="2"/>
    <step time="11100.00" loaded="6079" inserted="6061" running="60" waiting="18" ended="6001" arrived="6001" collisions="0" teleports="0" halting="28" stopped="0" meanWaitingTime="19.57" meanTravelTime="105.79" meanSpeed="3.55" meanSpeedRelative="0.26" duration="1"/>
    <step time="11400.00" loaded="6251" inserted="6217" running="63" waiting="34" ended="6154" arrived="6154" collisions="0" teleports="0" halting="19" stopped="0" meanWaitingTime="20.19" meanTravelTime="105.89" meanSpeed="5.36" meanSpeedRelative="0.39" duration="2"/>
    <step time="11700.00" loaded="6394" inserted="6375" running="60" waiting="19" ended="6315" arrived="6315" collisions="0" teleports="0" halting="12" stopped="0" meanWaitingTime="21.22" meanTravelTime="105.96" meanSpeed="4.18" meanSpeedRelative="0.30" duration="1"/>
    <step time="12000.00" loaded="6568" inserted="6561" running="62" waiting="7" ended="6499" arrived="6499" collisions="0" teleports="0" halting="14" stopped="0" meanWaitingTime="21.19" meanTravelTime="106.43" meanSpeed="4.70" meanSpeedRelative="0.34" duration="2"/>
    <step time="12300.00" loaded="6736" inserted="6734" running="57" waiting="2" ended="6677" arrived="6677" collisions="0" teleports="0" halting="20" stopped="0" meanWaitingTime="20.89" meanTravelTime="106.63" meanSpeed="4.69" meanSpeedRelative="0.34" duration="2"/>
    <step time="12600.00" loaded="6907" inserted="6886" running="63" waiting="21" ended="6823" arrived="6823" collisions="0" teleports="0" halting="21" stopped="0" meanWaitingTime="20.69" meanTravelTime="106.48" meanSpeed="5.19" meanSpeedRelative="0.37" duration="1"/>
    <step time="12900.00" loaded="7075" inserted="7062" running="60" waiting="13" ended="7002" arrived="7002" collisions="0" teleports="0" halting="25" stopped="0" meanWaitingTime="20.84" meanTravelTime="106.88" meanSpeed="4.59" meanSpeedRelative="0.33" duration="1"/>
    <step time="13200.00" loaded="7247" inserted="7226" running="80" waiting="21" ended="7146" arrived="7146" collisions="0" teleports="0" halting="25" stopped="0" meanWaitingTime="20.88" meanTravelTime="106.87" meanSpeed="4.57" meanSpeedRelative="0.33" duration="2"/>
    <step time="13500.00" loaded="7423" inserted="7415" running="66" waiting="8" ended="7349" arrived="7349" collisions="0" teleports="0" halting="21" stopped="0" meanWaitingTime="20.79" meanTravelTime="107.34" meanSpeed="3.38" meanSpeedRelative="0.24" duration="3"/>
    <step time="13800.00" loaded="7618" inserted="7602" running="66" waiting="16" ended="7536" arrived="7536" collisions="0" teleports="0" halting="19" stopped="0" meanWaitingTime="20.86" meanTravelTime="107.43" meanSpeed="5.73" meanSpeedRelative="0.41" duration="1"/>
    <step time="14100.00" loaded="7778" inserted="7774" running="79" waiting="4" ended="7695" arrived="7695" collisions="0" teleports="0" halting="17" stopped="0" meanWaitingTime="20.90" meanTravelTime="107.55" meanSpeed="5.30" meanSpeedRelative="0.39" duration="2"/>
    <step time="14400.00" loaded="7919" inserted="7908" running="48" waiting="11" ended="7860" arrived="7860" collisions="0" teleports="0" halting="12" stopped="0" meanWaitingTime="21.05" meanTravelTime="108.00" meanSpeed="6.66" meanSpeedRelative="0.48" duration="2"/>
    <step time="14700.00" loaded="8114" inserted="8088" running="52" waiting="26" ended="8036" arrived="8036" collisions="0" teleports="0" halting="9" stopped="0" meanWaitingTime="21.00" meanTravelTime="107.65" meanSpeed="6.29" meanSpeedRelative="0.45" duration="1"/>
    <step time="15000.00" loaded="8271" inserted="8244" running="84" waiting="27" ended="8160" arrived="8160" collisions="0" teleports="0" halting="11" stopped="0" meanWaitingTime="21.11" meanTravelTime="107.95" meanSpeed="6.02" meanSpeedRelative="0.43" duration="1"/>
    <step time="15300.00" loaded="8432" inserted="8397" running="72" waiting="35" ended="8325" arrived="8325" collisions="0" teleports="0" halting="40" stopped="0" meanWaitingTime="21.60" meanTravelTime="108.50" meanSpeed="3.21" meanSpeedRelative="0.23" duration="1"/>
    <step time="15600.00" loaded="8598" inserted="8588" running="62" waiting="10" ended="8526" arrived="8526" collisions="0" teleports="0" halting="19" stopped="0" meanWaitingTime="22.34" meanTravelTime="108.62" meanSpeed="5.62" meanSpeedRelative="0.40" duration="1"/>
    <step time="15900.00" loaded="8789" inserted="8780" running="78" waiting="9" ended="8702" arrived="8702" collisions="0" teleports="0" halting="32" stopped="0" meanWaitingTime="22.60" meanTravelTime="108.36" meanSpeed="5.30" meanSpeedRelative="0.38" duration="1"/>
    <step time="16200.00" loaded="8977" inserted="8965" running="63" waiting="12" ended="8902" arrived="8902" collisions="0" teleports="0" halting="18" stopped="0" meanWaitingTime="22.59" meanTravelTime="108.17" meanSpeed="5.33" meanSpeedRelative="0.38" duration="3"/>
    <step time="16500.00" loaded="9143" inserted="9140" running="48" waiting="3" ended="9092" arrived="9092" collisions="0" teleports="0" halting="17" stopped="0" meanWaitingTime="22.38" meanTravelTime="107.82" meanSpeed="5.58" meanSpeedRelative="0.40" duration="3"/>
    <step time="16800.00" loaded="9328" inserted="9310" running="66" waiting="18" ended="9244" arrived="9244" collisions="0" teleports="0" halting="7" stopped="0" meanWaitingTime="22.28" meanTravelTime="107.81" meanSpeed="6.10" meanSpeedRelative="0.44" duration="2"/>
    <step time="17100.00" loaded="9503" inserted="9483" running="53" waiting="20" ended="9430" arrived="9430" collisions="0" teleports="0" halting="10" stopped="0" meanWaitingTime="22.42" meanTravelTime="107.87" meanSpeed="5.74" meanSpeedRelative="0.41" duration="3"/>
    <step time="17400.00" loaded="9683" inserted="9662" running="71" waiting="21" ended="9591" arrived="9591" collisions="0" teleports="0" halting="19" stopped="0" meanWaitingTime="22.59" meanTravelTime="107.77" meanSpeed="5.40" meanSpeedRelative="0.39" duration="1"/>
    <step time="17700.00" loaded="9859" inserted="9834" running="68" waiting="25" ended="9766" arrived="9766" collisions="0" teleports="0" halting="23" stopped="0" meanWaitingTime="22.90" meanTravelTime="108.02" meanSpeed="5.26" meanSpeedRelative="0.38" duration="3"/>
    <step time="18000.00" loaded="10023" inserted="10001" running="64" waiting="22" ended="9937" arrived="9937" collisions="0" teleports="0" halting="30" stopped="0" meanWaitingTime="23.27" meanTravelTime="108.16" meanSpeed="4.31" meanSpeedRelative="0.31" duration="3"/>
    <step time="18300.00" loaded="10209" inserted="10176" running="44" waiting="33" ended="10132" arrived="10132" collisions="0" teleports="0" halting="20" stopped="0" meanWaitingTime="23.52" meanTravelTime="108.12" meanSpeed="4.68" meanSpeedRelative="0.34" duration="2"/>
    <step time="18600.00" loaded="10368" inserted="10338" running="65" waiting="30" ended="10273" arrived="10273" collisions="0" teleports="0" halting="19" stopped="0" meanWaitingTime="24.14" meanTravelTime="108.04" meanSpeed="5.51" meanSpeedRelative="0.40" duration="1"/>
    <step time="18900.00" loaded="10561" inserted="10525" running="73" waiting="36" ended="10452" arrived="10452" collisions="0" teleports="0" halting="12" stopped="0" meanWaitingTime="24.49" meanTravelTime="108.00" meanSpeed="7.09" meanSpeedRelative="0.51" duration="2"/>
    <step time="19200.00" loaded="10737" inserted="10710" running="70" waiting="27" ended="10640" arrived="10640" collisions="0" teleports="0" halting="44" stopped="0" meanWaitingTime="24.85" meanTravelTime="107.98" meanSpeed="3.21" meanSpeedRelative="0.23" duration="3"/>
    <step time="19500.00" loaded="10946" inserted="10922" running="103" waiting="24" ended="10819" arrived="10819" collisions="0" teleports="0" halting="30" stopped="0" meanWaitingTime="25.19" meanTravelTime="108.29" meanSpeed="4.24" meanSpeedRelative="0.31" duration="3"/>
    <step time="19800.00" loaded="11124" inserted="11093" running="83" waiting="31" ended="11010" arrived="11010" collisions="0" teleports="0" halting="48" stopped="0" meanWaitingTime="25.53" meanTravelTime="108.73" meanSpeed="3.46" meanSpeedRelative="0.25" duration="3"/>
    <step time="20100.00" loaded="11320" inserted="11292" running="109" waiting="28" ended="11183" arrived="11183" collisions="0" teleports="0" halting="26" stopped="0" meanWaitingTime="26.01" meanTravelTime="109.29" meanSpeed="4.12" meanSpeedRelative="0.30" duration="2"/>
    <step time="20400.00" loaded="11486" inserted="11453" running="78" waiting="33" ended="11375" arrived="11375" collisions="0" teleports="0" halting="21" stopped="0" meanWaitingTime="26.44" meanTravelTime="109.85" meanSpeed="4.65" meanSpeedRelative="0.34" duration="3"/>
    <step time="20700.00" loaded="11657" inserted="11633" running="84" waiting="24" ended="11549" arrived="11549" collisions="0" teleports="0" halting="46" stopped="0" meanWaitingTime="26.88" meanTravelTime="110.12" meanSpeed="3.50" meanSpeedRelative="0.26" duration="3"/>
    <step time="21000.00" loaded="11839" inserted="11822" running="60" waiting="17" ended="11762" arrived="11762" collisions="0" teleports="0" halting="40" stopped="0" meanWaitingTime="27.14" meanTravelTime="110.35" meanSpeed="2.86" meanSpeedRelative="0.21" duration="1"/>
    <step time="21300.00" loaded="11999" inserted="11978" running="66" waiting="21" ended="11912" arrived="11912" collisions="0" teleports="0" halting="15" stopped="0" meanWaitingTime="27.32" meanTravelTime="110.28" meanSpeed="5.87" meanSpeedRelative="0.42" duration="3"/>
    <step time="21600.00" loaded="12220" inserted="12187" running="97" waiting="33" ended="12090" arrived="12090" collisions="0" teleports="0" halting="12" stopped="0" meanWaitingTime="27.63" meanTravelTime="110.38" meanSpeed="6.32" meanSpeedRelative="0.46" duration="3"/>
    <step time="21900.00" loaded="12405" inserted="12378" running="86" waiting="27" ended="12292" arrived="12292" collisions="0" teleports="0" halting="35" stopped="0" meanWaitingTime="27.78" meanTravelTime="110.63" meanSpeed="4.48" meanSpeedRelative="0.32" duration="2"/>
    <step time="22200.00" loaded="12593" inserted="12557" running="59" waiting="36" ended="12498" arrived="12498" collisions="0" teleports="0" halting="9" stopped="0" meanWaitingTime="28.04" meanTravelTime="110.75" meanSpeed="6.65" meanSpeedRelative="0.48" duration="3"/>
    <step time="22500.00" loaded="12771" inserted="12721" running="52" waiting="50" ended="12669" arrived="12669" collisions="0" teleports="0" halting="8" stopped="0" meanWaitingTime="28.49" meanTravelTime="110.95" meanSpeed="6.23" meanSpeedRelative="0.45" duration="2"/>
    <step time="22800.00" loaded="12967" inserted="12954" running="99" waiting="13" ended="12855" arrived="12855" collisions="0" teleports="0" halting="52" stopped="0" meanWaitingTime="28.89" meanTravelTime="110.80" meanSpeed="2.69" meanSpeedRelative="0.19" duration="2"/>
    <step time="23100.00" loaded="13151" inserted="13135" running="111" waiting="16" ended="13024" arrived="13024" collisions="0" teleports="0" halting="42" stopped="0" meanWaitingTime="28.94" meanTravelTime="111.46" meanSpeed="3.08" meanSpeedRelative="0.22" duration="2"/>
    <step time="23400.00" loaded="13337" inserted="13327" running="94" waiting="10" ended="13233" arrived="13233" collisions="0" teleports="0" halting="34" stopped="0" meanWaitingTime="28.87" meanTravelTime="112.14" meanSpeed="3.57" meanSpeedRelative="0.26" duration="5"/>
    <step time="23700.00" loaded="13565" inserted="13544" running="78" waiting="21" ended="13466" arrived="13466" collisions="0" teleports="0" halting="34" stopped="0" meanWaitingTime="28.63" meanTravelTime="112.31" meanSpeed="3.97" meanSpeedRelative="0.29" duration="4"/>
    <step time="24000.00" loaded="13741" inserted="13720" running="57" waiting="21" ended="13663" arrived="13663" collisions="0" teleports="0" halting="18" stopped="0" meanWaitingTime="28.60" meanTravelTime="112.30" meanSpeed="5.35" meanSpeedRelative="0.38" duration="3"/>
    <step time="24300.00" loaded="13949" inserted="13923" running="118" waiting="26" ended="13805" arrived="13805" collisions="0" teleports="0" halting="73" stopped="0" meanWaitingTime="28.72" meanTravelTime="112.19" meanSpeed="2.52" meanSpeedRelative="0.18" duration="2"/>
    <step time="24600.00" loaded="14172" inserted="14133" running="81" waiting="39" ended="14052" arrived="14052" collisions="0" teleports="0" halting="31" stopped="0" meanWaitingTime="28.93" meanTravelTime="112.75" meanSpeed="3.78" meanSpeedRelative="0.27" duration="3"/>
    <step time="24900.00" loaded="14384" inserted="14349" running="90" waiting="35" ended="14259" arrived="14259" collisions="0" teleports="0" halting="53" stopped="0" meanWaitingTime="29.38" meanTravelTime="112.72" meanSpeed="3.31" meanSpeedRelative="0.24" duration="1"/>
    <step time="25200.00" loaded="14577" inserted="14535" running="67" waiting="42" ended="14468" arrived="14468" collisions="0" teleports="0" halting="23" stopped="0" meanWaitingTime="29.60" meanTravelTime="112.93" meanSpeed="4.88" meanSpeedRelative="0.35" duration="2"/>
    <step time="25500.00" loaded="14753" inserted="14732" running="63" waiting="21" ended="14669" arrived="14669" collisions="0" teleports="0" halting="30" stopped="0" meanWaitingTime="29.90" meanTravelTime="113.01" meanSpeed="4.65" meanSpeedRelative="0.33" duration="3"/>
    <step time="25800.00" loaded="14989" inserted="14958" running="85" waiting="31" ended="14873" arrived="14873" collisions="0" teleports="0" halting="33" stopped="0" meanWaitingTime="29.88" meanTravelTime="112.88" meanSpeed="3.10" meanSpeedRelative="0.22" duration="2"/>
    <step time="26100.00" loaded="15200" inserted="15170" running="101" waiting="30" ended="15069" arrived="15069" collisions="0" teleports="0" halting="28" stopped="0" meanWaitingTime="30.14" meanTravelTime="113.06" meanSpeed="4.56" meanSpeedRelative="0.33" duration="3"/>
    <step time="26400.00" loaded="15395" inserted="15353" running="85" waiting="42" ended="15268" arrived="15268" collisions="0" teleports="0" halting="31" stopped="0" meanWaitingTime="30.37" meanTravelTime="113.57" meanSpeed="3.89" meanSpeedRelative="0.28" duration="2"/>
    <step time="26700.00" loaded="15610" inserted="15575" running="105" waiting="35" ended="15470" arrived="15470" collisions="0" teleports="0" halting="29" stopped="0" meanWaitingTime="30.79" meanTravelTime="113.52" meanSpeed="4.54" meanSpeedRelative="0.33" duration="2"/>
    <step time="27000.00" loaded="15830" inserted="15779" running="93" waiting="51" ended="15686" arrived="15686" collisions="0" teleports="0" halting="27" stopped="0" meanWaitingTime="31.04" meanTravelTime="113.94" meanSpeed="4.87" meanSpeedRelative="0.35" duration="1"/>
    <step time="27300.00" loaded="16057" inserted="16005" running="99" waiting="52" ended="15906" arrived="15906" collisions="0" teleports="0" halting="37" stopped="0" meanWaitingTime="31.60" meanTravelTime="113.72" meanSpeed="3.80" meanSpeedRelative="0.27" duration="3"/>
    <step time="27600.00" loaded="16255" inserted="16203" running="81" waiting="52" ended="16122" arrived="16122" collisions="0" teleports="0" halting="48" stopped="0" meanWaitingTime="32.08" meanTravelTime="114.01" meanSpeed="2.85" meanSpeedRelative="0.20" duration="2"/>
    <step time="27900.00" loaded="16461" inserted="16418" running="81" waiting="43" ended="16337" arrived="16337" collisions="0" teleports="0" halting="13" stopped="0" meanWaitingTime="32.60" meanTravelTime="114.13" meanSpeed="5.89" meanSpeedRelative="0.42" duration="2"/>
    <step time="28200.00" loaded="16688" inserted="16659" running="69" waiting="29" ended="16590" arrived="16590" collisions="0" teleports="0" halting="17" stopped="0" meanWaitingTime="33.01" meanTravelTime="113.96" meanSpeed="5.64" meanSpeedRelative="0.41" duration="2"/>
    <step time="28500.00" loaded="16888" inserted="16858" running="84" waiting="30" ended="16774" arrived="16774" collisions="0" teleports="0" halting="22" stopped="0" meanWaitingTime="33.17" meanTravelTime="113.95" meanSpeed="4.84" meanSpeedRelative="0.35" duration="3"/>
    <step time="28800.00" loaded="17100" inserted="17066" running="72" waiting="34" ended="16994" arrived="16994" collisions="0" teleports="0" halting="21" stopped="0" meanWaitingTime="33.22" meanTravelTime="114.01" meanSpeed="4.50" meanSpeedRelative="0.32" duration="3"/>
    <step time="29100.00" loaded="17326" inserted="17281" running="96" waiting="45" ended="17185" arrived="17185" collisions="0" teleports="0" halting="40" stopped="0" meanWaitingTime="33.31" meanTravelTime="114.19" meanSpeed="3.71" meanSpeedRelative="0.27" duration="2"/>
    <step time="29400.00" loaded="17527" inserted="17469" running="89" waiting="58" ended="17380" arrived="17380" collisions="0" teleports="0" halting="33" stopped="0" meanWaitingTime="33.56" meanTravelTime="114.59" meanSpeed="3.97" meanSpeedRelative="0.29" duration="2"/>
    <step time="29700.00" loaded="17707" inserted="17648" running="66" waiting="59" ended="17582" arrived="17582" collisions="0" teleports="0" halting="26" stopped="0" meanWaitingTime="33.80" meanTravelTime="114.82" meanSpeed="4.18" meanSpeedRelative="0.30" duration="2"/>
    <step time="30000.00" loaded="17883" inserted="17836" running="77" waiting="47" ended="17759" arrived="17759" collisions="0" teleports="0" halting="46" stopped="0" meanWaitingTime="34.59" meanTravelTime="114.78" meanSpeed="2.59" meanSpeedRelative="0.19" duration="2"/>
    <step time="30300.00" loaded="18081" inserted="18029" running="72" waiting="52" ended="17957" arrived="17957" collisions="0" teleports="0" halting="27" stopped="0" meanWaitingTime="35.15" meanTravelTime="114.95" meanSpeed="4.06" meanSpeedRelative="0.29" duration="3"/>
    <step time="30600.00" loaded="18293" inserted="18249" running="103" waiting="44" ended="18146" arrived="18146" collisions="0" teleports="0" halting="55" stopped="0" meanWaitingTime="35.66" meanTravelTime="114.76" meanSpeed="4.06" meanSpeedRelative="0.29" duration="3"/>
    <step time="30900.00" loaded="18514" inserted="18473" running="111" waiting="41" ended="18362" arrived="18362" collisions="0" teleports="0" halting="51" stopped="0" meanWaitingTime="35.92" meanTravelTime="114.88" meanSpeed="3.07" meanSpeedRelative="0.22" duration="2"/>
    <step time="31200.00" loaded="18683" inserted="18639" running="67" waiting="44" ended="18572" arrived="18572" collisions="0" teleports="0" halting="13" stopped="0" meanWaitingTime="36.00" meanTravelTime="115.45" meanSpeed="4.45" meanSpeedRelative="0.32" duration="4"/>
    <step time="31500.00" loaded="18860" inserted="18820" running="85" waiting="40" ended="18735" arrived="18735" collisions="0" teleports="0" halting="32" stopped="0" meanWaitingTime="36.27" meanTravelTime="115.72" meanSpeed="3.68" meanSpeedRelative="0.27" duration="2"/>
    <step time="31800.00" loaded="19020" inserted="18989" running="85" waiting="31" ended="18904" arrived="18904" collisions="0" teleports="0" halting="19" stopped="0" meanWaitingTime="36.58" meanTravelTime="116.06" meanSpeed="5.27" meanSpeedRelative="0.38" duration="2"/>
    <step time="32100.00" loaded="19202" inserted="19161" running="57" waiting="41" ended="19104" arrived="19104" collisions="0" teleports="0" halting="26" stopped="0" meanWaitingTime="36.75" meanTravelTime="116.15" meanSpeed="4.06" meanSpeedRelative="0.31" duration="1"/>
    <step time="32400.00" loaded="19368" inserted="19324" running="70" waiting="44" ended="19254" arrived="19254" collisions="0" teleports="0" halting="24" stopped="0" meanWaitingTime="36.97" meanTravelTime="116.02" meanSpeed="4.16" meanSpeedRelative="0.30" duration="1"/>
    <step time="32700.00" loaded="19544" inserted="19504" running="52" waiting="40" ended="19452" arrived="19452" collisions="0" teleports="0" halting="6" stopped="0" meanWaitingTime="37.17" meanTravelTime="116.02" meanSpeed="6.53" meanSpeedRelative="0.47" duration="1"/>
    <step time="33000.00" loaded="19710" inserted="19678" running="61" waiting="32" ended="19617" arrived="19617" collisions="0" teleports="0" halting="8" stopped="0" meanWaitingTime="37.43" meanTravelTime="115.94" meanSpeed="5.64" meanSpeedRelative="0.41" duration="1"/>
    <step time="33300.00" loaded="19844" inserted="19831" running="74" waiting="13" ended="19757" arrived="19757" collisions="0" teleports="0" halting="19" stopped="0" meanWaitingTime="37.60" meanTravelTime="116.05" meanSpeed="5.09" meanSpeedRelative="0.37" duration="2"/>
    <step time="33600.00" loaded="20038" inserted="20021" running="69" waiting="17" ended="19952" arrived="19952" collisions="0" teleports="0" halting="28" stopped="0" meanWaitingTime="37.52" meanTravelTime="115.93" meanSpeed="4.97" meanSpeedRelative="0.36" duration="2"/>
    <step time="33900.00" loaded="20194" inserted="20175" running="59" waiting="19" ended="20116" arrived="20116" collisions="0" teleports="0" halting="20" stopped="0" meanWaitingTime="37.44" meanTravelTime="115.83" meanSpeed="4.23" meanSpeedRelative="0.30" duration="2"/>
    <step time="34200.00" loaded="20353" inserted="20333" running="66" waiting="20" ended="20267" arrived="20267" collisions="0" teleports="0" halting="28" stopped="0" meanWaitingTime="37.39" meanTravelTime="115.88" meanSpeed="4.22" meanSpeedRelative="0.30" duration="2"/>
    <step time="34500.00" loaded="20518" inserted="20493" running="63" waiting="25" ended="20430" arrived="20430" collisions="0" teleports="0" halting="18" stopped="0" meanWaitingTime="37.46" meanTravelTime="115.95" meanSpeed="5.90" meanSpeedRelative="0.42" duration="2"/>
    <step time="34800.00" loaded="20669" inserted="20638" running="49" waiting="31" ended="20589" arrived="20589" collisions="0" teleports="0" halting="21" stopped="0" meanWaitingTime="37.64" meanTravelTime="115.89" meanSpeed="4.90" meanSpeedRelative="0.35" duration="2"/>
    <step time="35100.00" loaded="20807" inserted="20794" running="59" waiting="13" ended="20735" arrived="20735" collisions="0" teleports="0" halting="8" stopped="0" meanWaitingTime="37.76" meanTravelTime="115.79" meanSpeed="7.47" meanSpeedRelative="0.54" duration="2"/>
    <step time="35400.00" loaded="20948" inserted="20941" running="37" waiting="7" ended="20904" arrived="20904" collisions="0" teleports="0" halting="6" stopped="0" meanWaitingTime="37.56" meanTravelTime="115.64" meanSpeed="6.60" meanSpeedRelative="0.48" duration="4"/>
    <step time="35700.00" loaded="21090" inserted="21083" running="42" waiting="7" ended="21041" arrived="21041" collisions="0" teleports="0" halting="16" stopped="0" meanWaitingTime="37.43" meanTravelTime="115.57" meanSpeed="5.16" meanSpeedRelative="0.37" duration="1"/>
    <step time="36000.00" loaded="21246" inserted="21238" running="47" waiting="8" ended="21191" arrived="21191" collisions="0" teleports="0" halting="19" stopped="0" meanWaitingTime="37.27" meanTravelTime="115.43" meanSpeed="4.17" meanSpeedRelative="0.31" duration="2"/>
    <step time="36300.00" loaded="21418" inserted="21401" running="53" waiting="17" ended="21348" arrived="21348" collisions="0" teleports="0" halting="29" stopped="0" meanWaitingTime="37.16" meanTravelTime="115.27" meanSpeed="3.30" meanSpeedRelative="0.24" duration="4"/>
    <step time="36600.00" loaded="21569" inserted="21559" running="59" waiting="10" ended="21500" arrived="21500" collisions="0" teleports="0" halting="15" stopped="0" meanWaitingTime="37.07" meanTravelTime="115.30" meanSpeed="4.48" meanSpeedRelative="0.35" duration="2"/>
    <step time="36900.00" loaded="21707" inserted="21687" running="37" waiting="20" ended="21650" arrived="21650" collisions="0" teleports="0" halting="13" stopped="0" meanWaitingTime="36.93" meanTravelTime="115.34" meanSpeed="4.30" meanSpeedRelative="0.31" duration="0"/>
    <step time="37200.00" loaded="21831" inserted="21807" running="36" waiting="24" ended="21771" arrived="21771" collisions="0" teleports="0" halting="20" stopped="0" meanWaitingTime="36.91" meanTravelTime="115.24" meanSpeed="3.65" meanSpeedRelative="0.26" duration="1"/>
    <step time="37500.00" loaded="21974" inserted="21937" running="52" waiting="37" ended="21885" arrived="21885" collisions="0" teleports="0" halting="11" stopped="0" meanWaitingTime="37.09" meanTravelTime="115.18" meanSpeed="6.26" meanSpeedRelative="0.45" duration="2"/>
    <step time="37800.00" loaded="22129" inserted="22088" running="57" waiting="41" ended="22031" arrived="22031" collisions="0" teleports="0" halting="23" stopped="0" meanWaitingTime="37.35" meanTravelTime="115.22" meanSpeed="4.64" meanSpeedRelative="0.33" duration="1"/>
    <step time="38100.00" loaded="22274" inserted="22229" running="50" waiting="45" ended="22179" arrived="22179" collisions="0" teleports="0" halting="14" stopped="0" meanWaitingTime="37.57" meanTravelTime="115.17" meanSpeed="6.02" meanSpeedRelative="0.43" duration="2"/>
    <step time="38400.00" loaded="22399" inserted="22368" running="47" waiting="31" ended="22321" arrived="22321" collisions="0" teleports="0" halting="19" stopped="0" meanWaitingTime="37.86" meanTravelTime="115.10" meanSpeed="4.43" meanSpeedRelative="0.32" duration="1"/>
    <step time="38700.00" loaded="22496" inserted="22482" running="62" waiting="14" ended="22420" arrived="22420" collisions="0" teleports="0" halting="42" stopped="0" meanWaitingTime="38.03" meanTravelTime="115.03" meanSpeed="2.59" meanSpeedRelative="0.19" duration="1"/>
    <step time="39000.00" loaded="22602" inserted="22568" running="65" waiting="34" ended="22503" arrived="22503" collisions="0" teleports="0" halting="7" stopped="0" meanWaitingTime="38.21" meanTravelTime="115.22" meanSpeed="5.85" meanSpeedRelative="0.42" duration="3"/>
    <step time="39300.00" loaded="22728" inserted="22685" running="53" waiting="43" ended="22632" arrived="22632" collisions="0" teleports="0" halting="25" stopped="0" meanWaitingTime="38.48" meanTravelTime="115.63" meanSpeed="3.70" meanSpeedRelative="0.27" duration="2"/>
    <step time="39600.00" loaded="22839" inserted="22790" running="39" waiting="49" ended="22751" arrived="22751" collisions="0" teleports="0" halting="17" stopped="0" meanWaitingTime="38.77" meanTravelTime="115.76" meanSpeed="5.42" meanSpeedRelative="0.39" duration="2"/>
    <step time="39900.00" loaded="22962" inserted="22916" running="65" waiting="46" ended="22851" arrived="22851" collisions="0" teleports="0" halting="46" stopped="0" meanWaitingTime="39.22" meanTravelTime="115.72" meanSpeed="2.16" meanSpeedRelative="0.16" duration="1"/>
    <step time="40200.00" loaded="23052" inserted="23029" running="43" waiting="23" ended="22986" arrived="22986" collisions="0" teleports="0" halting="21" stopped="0" meanWaitingTime="39.75" meanTravelTime="115.87" meanSpeed="3.41" meanSpeedRelative="0.25" duration="1"/>
    <step time="40500.00" loaded="23152" inserted="23128" running="38" waiting="24" ended="23090" arrived="23090" collisions="0" teleports="0" halting="9" stopped="0" meanWaitingTime="39.88" meanTravelTime="115.97" meanSpeed="6.35" meanSpeedRelative="0.46" duration="2"/>
    <step time="40800.00" loaded="23261" inserted="23230" running="40" waiting="31" ended="23190" arrived="23190" collisions="0" teleports="0" halting="13" stopped="0" meanWaitingTime="40.13" meanTravelTime="115.92" meanSpeed="4.96" meanSpeedRelative="0.36" duration="1"/>
    <step time="41100.00" loaded="23346" inserted="23323" running="48" waiting="23" ended="23275" arrived="23275" collisions="0" teleports="0" halting="24" stopped="0" meanWaitingTime="40.30" meanTravelTime="115.95" meanSpeed="3.57" meanSpeedRelative="0.26" duration="1"/>
    <step time="41400.00" loaded="23409" inserted="23399" running="21" waiting="10" ended="23378" arrived="23378" collisions="0" teleports="0" halting="16" stopped="0" meanWaitingTime="40.39" meanTravelTime="116.17" meanSpeed="2.66" meanSpeedRelative="0.19" duration="1"/>
    <step time="41700.00" loaded="23507" inserted="23483" running="45" waiting="24" ended="23438" arrived="23438" collisions="0" teleports="0" halting="19" stopped="0" meanWaitingTime="40.52" meanTravelTime="116.18" meanSpeed="4.51" meanSpeedRelative="0.32" duration="1"/>
    <step time="42000.00" loaded="23588" inserted="23559" running="17" waiting="29" ended="23542" arrived="23542" collisions="0" teleports="0" halting="9" stopped="0" meanWaitingTime="40.69" meanTravelTime="116.23" meanSpeed="4.72" meanSpeedRelative="0.34" duration="1"/>
    <step time="42300.00" loaded="23691" inserted="23667" running="49" waiting="24" ended="23618" arrived="23618" collisions="0" teleports="0" halting="10" stopped="0" meanWaitingTime="40.93" meanTravelTime="116.09" meanSpeed="6.42" meanSpeedRelative="0.46" duration="1"/>
    <step time="42600.00" loaded="23802" inserted="23765" running="49" waiting="37" ended="23716" arrived="23716" collisions="0" teleports="0" halting="10" stopped="0" meanWaitingTime="41.14" meanTravelTime="116.09" meanSpeed="6.09" meanSpeedRelative="0.44" duration="2"/>
    <step time="42900.00" loaded="23901" inserted="23877" running="58" waiting="24" ended="23819" arrived="23819" collisions="0" teleports="0" halting="24" stopped="0" meanWaitingTime="41.41" meanTravelTime="116.21" meanSpeed="3.76" meanSpeedRelative="0.27" duration="2"/>
    <step time="43200.00" loaded="24000" inserted="23965" running="22" waiting="35" ended="23943" arrived="23943" collisions="0" teleports="0" halting="6" stopped="0" meanWaitingTime="41.54" meanTravelTime="116.43" meanSpeed="6.66" meanSpeedRelative="0.48" duration="1"/>
    <step time="43500.00" loaded="24077" inserted="24058" running="43" waiting="19" ended="24015" arrived="24015" collisions="0" teleports="0" halting="8" stopped="0" meanWaitingTime="41.68" meanTravelTime="116.38" meanSpeed="6.29" meanSpeedRelative="0.45" duration="1"/>
    <step time="43800.00" loaded="24178" inserted="24139" running="34" waiting="39" ended="24105" arrived="24105" collisions="0" teleports="0" halting="16" stopped="0" meanWaitingTime="41.84" meanTravelTime="116.41" meanSpeed="4.18" meanSpeedRelative="0.30" duration="2"/>
    <step time="44100.00" loaded="24283" inserted="24253" running="41" waiting="30" ended="24212" arrived="24212" collisions="0" teleports="0" halting="16" stopped="0" meanWaitingTime="42.12" meanTravelTime="116.31" meanSpeed="5.07" meanSpeedRelative="0.36" duration="2"/>
    <step time="44400.00" loaded="24394" inserted="24356" running="62" waiting="38" ended="24294" arrived="24294" collisions="0" teleports="0" halting="44" stopped="0" meanWaitingTime="42.37" meanTravelTime="116.21" meanSpeed="1.47" meanSpeedRelative="0.11" duration="2"/>
    <step time="44700.00" loaded="24496" inserted="24451" running="47" waiting="45" ended="24404" arrived="24404" collisions="0" teleports="0" halting="14" stopped="0" meanWaitingTime="42.74" meanTravelTime="116.61" meanSpeed="5.06" meanSpeedRelative="0.36" duration="1"/>
    <step time="45000.00" loaded="24600" inserted="24557" running="48" waiting="43" ended="24509" arrived="24509" collisions="0" teleports="0" halting="6" stopped="0" meanWaitingTime="43.07" meanTravelTime="116.72" meanSpeed="5.74" meanSpeedRelative="0.41" duration="1"/>
    <step time="45300.00" loaded="24688" inserted="24659" running="59" waiting="29" ended="24600" arrived="24600" collisions="0" teleports="0" halting="15" stopped="0" meanWaitingTime="43.34" meanTravelTime="116.87" meanSpeed="4.28" meanSpeedRelative="0.31" duration="2"/>
    <step time="45600.00" loaded="24770" inserted="24741" running="31" waiting="29" ended="24710" arrived="24710" collisions="0" teleports="0" halting="10" stopped="0" meanWaitingTime="43.51" meanTravelTime="117.04" meanSpeed="5.29" meanSpeedRelative="0.38" duration="0"/>
    <step time="45900.00" loaded="24857" inserted="24811" running="35" waiting="46" ended="24776" arrived="24776" collisions="0" teleports="0" halting="32" stopped="0" meanWaitingTime="43.73" meanTravelTime="116.99" meanSpeed="0.92" meanSpeedRelative="0.07" duration="1"/>
    <step time="46200.00" loaded="24937" inserted="24889" running="44" waiting="48" ended="24845" arrived="24845" collisions="0" teleports="0" halting="38" stopped="0" meanWaitingTime="43.96" meanTravelTime="116.84" meanSpeed="1.04" meanSpeedRelative="0.07" duration="1"/>
    <step time="46500.00" loaded="24985" inserted="24985" running="69" waiting="0" ended="24916" arrived="24916" collisions="0" teleports="0" halting="53" stopped="0" meanWaitingTime="44.30" meanTravelTime="116.71" meanSpeed="1.58" meanSpeedRelative="0.11" duration="2"/>
    <step time="46800.00" loaded="25005" inserted="25005" running="57" waiting="0" ended="24948" arrived="24948" collisions="0" teleports="0" halting="56" stopped="0" meanWaitingTime="44.27" meanTravelTime="116.66" meanSpeed="0.30" meanSpeedRelative="0.02" duration="2"/>
    <step time="47100.00" loaded="25023" inserted="25023" running="53" waiting="0" ended="24970" arrived="24970" collisions="0" teleports="0" halting="50" stopped="0" meanWaitingTime="44.23" meanTravelTime="116.59" meanSpeed="0.33" meanSpeedRelative="0.02" duration="1"/>
    <step time="47400.00" loaded="25039" inserted="25039" running="52" waiting="0" ended="24987" arrived="24987" collisions="0" teleports="0" halting="52" stopped="0" meanWaitingTime="44.21" meanTravelTime="116.54" meanSpeed="0.00" meanSpeedRelative="0.00" duration="2"/>
    <step time="47700.00" loaded="25053" inserted="25053" running="54" waiting="0" ended="24999" arrived="24999" collisions="0" teleports="0" halting="54" stopped="0" meanWaitingTime="44.18" meanTravelTime="116.50" meanSpeed="0.00" meanSpeedRelative="0.00" duration="1"/>
    <step time="48000.00" loaded="25066" inserted="25066" running="53" waiting="0" ended="25013" arrived="25013" collisions="0" teleports="0" halting="51" stopped="0" meanWaitingTime="44.16" meanTravelTime="116.47" meanSpeed="0.25" meanSpeedRelative="0.02" duration="1"/>
    <step time="48300.00" loaded="25080" inserted="25080" running="52" waiting="0" ended="25028" arrived="25028" collisions="0" teleports="0" halting="51" stopped="0" meanWaitingTime="44.13" meanTravelTime="116.42" meanSpeed="0.06" meanSpeedRelative="0.00" duration="1"/>
    <step time="48600.00" loaded="25096" inserted="25096" running="53" waiting="0" ended="25043" arrived="25043" collisions="0" teleports="0" halting="51" stopped="0" meanWaitingTime="44.10" meanTravelTime="116.36" meanSpeed="0.27" meanSpeedRelative="0.02" duration="1"/>
    <step time="48900.00" loaded="25111" inserted="25111" running="57" waiting="0" ended="25054" arrived="25054" collisions="0" teleports="0" halting="56" stopped="0" meanWaitingTime="44.08" meanTravelTime="116.32" meanSpeed="0.06" meanSpeedRelative="0.00" duration="2"/>
    <step time="49200.00" loaded="25120" inserted="25120" running="51" waiting="0" ended="25069" arrived="25069" collisions="0" teleports="0" halting="51" stopped="0" meanWaitingTime="44.06" meanTravelTime="116.29" meanSpeed="0.00" meanSpeedRelative="0.00" duration="1"/>
</summary>
