<?xml version="1.0" encoding="UTF-8"?>

<!-- generated on 2025-03-02 18:04:06 by Eclipse SUMO sumo Version 1.19.0
<configuration xmlns:xsi="http://www.w3.org/2001/XMLSchema-instance" xsi:noNamespaceSchemaLocation="http://sumo.dlr.de/xsd/sumoConfiguration.xsd">

    <input>
        <net-file value="Network.net.xml"/>
        <route-files value="CarRoutes.rou.xml"/>
        <additional-files value="Sensors.add.xml"/>
    </input>

    <output>
        <emission-output value="logs/Emissions.xml"/>
        <summary-output value="logs/Log_summary.xml"/>
        <summary-output.period value="300"/>
        <tripinfo-output value="logs/TripInfos.xml"/>
    </output>

    <time>
        <begin value="0"/>
        <end value="86400"/>
        <step-length value="0.25"/>
    </time>

    <processing>
        <ignore-junction-blocker value="0.1"/>
        <time-to-teleport value="-1"/>
    </processing>

    <report>
        <verbose value="true"/>
        <no-step-log value="true"/>
    </report>

    <emissions>
        <device.emissions.period value="10"/>
    </emissions>

    <traci_server>
        <remote-port value="54531"/>
    </traci_server>

    <gui_only>
        <quit-on-end value="true"/>
        <start value="true"/>
    </gui_only>

</configuration>
-->

<instantE1 xmlns:xsi="http://www.w3.org/2001/XMLSchema-instance" xsi:noNamespaceSchemaLocation="http://sumo.dlr.de/xsd/instant_e1_file.xsd">
    <instantOut id="235_D025" time="156.23" state="enter" vehID="Car_11065" speed="9.80" length="5.00" type="DEFAULT_CAR"/>
    <instantOut id="235_D025" time="156.25" state="stay" vehID="Car_11065" speed="9.80" length="5.00" type="DEFAULT_CAR"/>
    <instantOut id="235_D025" time="156.50" state="stay" vehID="Car_11065" speed="9.05" length="5.00" type="DEFAULT_CAR"/>
    <instantOut id="235_D025" time="156.75" state="stay" vehID="Car_11065" speed="8.30" length="5.00" type="DEFAULT_CAR"/>
    <instantOut id="235_D025" time="156.81" state="leave" vehID="Car_11065" speed="7.55" length="5.00" type="DEFAULT_CAR" occupancy="0.58"/>
    <instantOut id="235_D025" time="171.02" state="enter" vehID="Car_11067" speed="8.53" length="5.00" type="DEFAULT_CAR" gap="14.20"/>
    <instantOut id="235_D025" time="171.25" state="stay" vehID="Car_11067" speed="8.53" length="5.00" type="DEFAULT_CAR"/>
    <instantOut id="235_D025" time="171.50" state="stay" vehID="Car_11067" speed="8.00" length="5.00" type="DEFAULT_CAR"/>
    <instantOut id="235_D025" time="171.64" state="leave" vehID="Car_11067" speed="7.25" length="5.00" type="DEFAULT_CAR" occupancy="0.62"/>
    <instantOut id="235_D025" time="372.26" state="enter" vehID="Car_11068" speed="7.87" length="5.00" type="DEFAULT_CAR" gap="200.62"/>
    <instantOut id="235_D025" time="372.50" state="stay" vehID="Car_11068" speed="7.87" length="5.00" type="DEFAULT_CAR"/>
    <instantOut id="235_D025" time="372.75" state="stay" vehID="Car_11068" speed="7.12" length="5.00" type="DEFAULT_CAR"/>
    <instantOut id="235_D025" time="372.95" state="leave" vehID="Car_11068" speed="6.43" length="5.00" type="DEFAULT_CAR" occupancy="0.70"/>
    <instantOut id="235_D025" time="374.45" state="enter" vehID="Car_11069" speed="6.88" length="5.00" type="DEFAULT_CAR" gap="1.50"/>
    <instantOut id="235_D025" time="374.50" state="stay" vehID="Car_11069" speed="6.88" length="5.00" type="DEFAULT_CAR"/>
    <instantOut id="235_D025" time="374.75" state="stay" vehID="Car_11069" speed="6.42" length="5.00" type="DEFAULT_CAR"/>
    <instantOut id="235_D025" time="375.00" state="stay" vehID="Car_11069" speed="6.38" length="5.00" type="DEFAULT_CAR"/>
    <instantOut id="235_D025" time="375.22" state="leave" vehID="Car_11069" speed="6.58" length="5.00" type="DEFAULT_CAR" occupancy="0.77"/>
    <instantOut id="235_D025" time="376.32" state="enter" vehID="Car_11070" speed="9.04" length="5.00" type="DEFAULT_CAR" gap="1.09"/>
    <instantOut id="235_D025" time="376.50" state="stay" vehID="Car_11070" speed="9.04" length="5.00" type="DEFAULT_CAR"/>
    <instantOut id="235_D025" time="376.75" state="stay" vehID="Car_11070" speed="8.86" length="5.00" type="DEFAULT_CAR"/>
    <instantOut id="235_D025" time="376.89" state="leave" vehID="Car_11070" speed="8.41" length="5.00" type="DEFAULT_CAR" occupancy="0.57"/>
    <instantOut id="235_D025" time="381.50" state="enter" vehID="Car_11071" speed="8.35" length="5.00" type="DEFAULT_CAR" gap="4.61"/>
    <instantOut id="235_D025" time="381.50" state="stay" vehID="Car_11071" speed="8.35" length="5.00" type="DEFAULT_CAR"/>
    <instantOut id="235_D025" time="381.75" state="stay" vehID="Car_11071" speed="7.60" length="5.00" type="DEFAULT_CAR"/>
    <instantOut id="235_D025" time="382.00" state="stay" vehID="Car_11071" speed="6.85" length="5.00" type="DEFAULT_CAR"/>
    <instantOut id="235_D025" time="382.22" state="leave" vehID="Car_11071" speed="6.10" length="5.00" type="DEFAULT_CAR" occupancy="0.73"/>
    <instantOut id="235_D025" time="383.75" state="enter" vehID="Car_11072" speed="6.37" length="5.00" type="DEFAULT_CAR" gap="1.52"/>
    <instantOut id="235_D025" time="383.75" state="stay" vehID="Car_11072" speed="6.37" length="5.00" type="DEFAULT_CAR"/>
    <instantOut id="235_D025" time="384.00" state="stay" vehID="Car_11072" speed="6.19" length="5.00" type="DEFAULT_CAR"/>
    <instantOut id="235_D025" time="384.25" state="stay" vehID="Car_11072" speed="6.15" length="5.00" type="DEFAULT_CAR"/>
    <instantOut id="235_D025" time="384.50" state="stay" vehID="Car_11072" speed="5.65" length="5.00" type="DEFAULT_CAR"/>
    <instantOut id="235_D025" time="384.58" state="leave" vehID="Car_11072" speed="6.36" length="5.00" type="DEFAULT_CAR" occupancy="0.83"/>
    <instantOut id="235_D025" time="503.72" state="enter" vehID="Car_11073" speed="9.50" length="5.00" type="DEFAULT_CAR" gap="119.15"/>
    <instantOut id="235_D025" time="503.75" state="stay" vehID="Car_11073" speed="9.50" length="5.00" type="DEFAULT_CAR"/>
    <instantOut id="235_D025" time="504.00" state="stay" vehID="Car_11073" speed="10.13" length="5.00" type="DEFAULT_CAR"/>
    <instantOut id="235_D025" time="504.22" state="leave" vehID="Car_11073" speed="10.29" length="5.00" type="DEFAULT_CAR" occupancy="0.49"/>
    <instantOut id="235_D025" time="527.31" state="enter" vehID="Car_11074" speed="6.99" length="5.00" type="DEFAULT_CAR" gap="23.09"/>
    <instantOut id="235_D025" time="527.50" state="stay" vehID="Car_11074" speed="6.99" length="5.00" type="DEFAULT_CAR"/>
    <instantOut id="235_D025" time="527.75" state="stay" vehID="Car_11074" speed="6.28" length="5.00" type="DEFAULT_CAR"/>
    <instantOut id="235_D025" time="528.00" state="stay" vehID="Car_11074" speed="5.53" length="5.00" type="DEFAULT_CAR"/>
    <instantOut id="235_D025" time="528.15" state="leave" vehID="Car_11074" speed="4.80" length="5.00" type="DEFAULT_CAR" occupancy="0.84"/>
    <instantOut id="235_D025" time="529.65" state="enter" vehID="Car_11075" speed="4.44" length="5.00" type="DEFAULT_CAR" gap="1.50"/>
    <instantOut id="235_D025" time="529.75" state="stay" vehID="Car_11075" speed="4.44" length="5.00" type="DEFAULT_CAR"/>
    <instantOut id="235_D025" time="530.00" state="stay" vehID="Car_11075" speed="4.53" length="5.00" type="DEFAULT_CAR"/>
    <instantOut id="235_D025" time="530.25" state="stay" vehID="Car_11075" speed="4.38" length="5.00" type="DEFAULT_CAR"/>
    <instantOut id="235_D025" time="530.50" state="stay" vehID="Car_11075" speed="4.20" length="5.00" type="DEFAULT_CAR"/>
    <instantOut id="235_D025" time="530.75" state="stay" vehID="Car_11075" speed="4.53" length="5.00" type="DEFAULT_CAR"/>
    <instantOut id="235_D025" time="530.79" state="leave" vehID="Car_11075" speed="3.84" length="5.00" type="DEFAULT_CAR" occupancy="1.14"/>
    <instantOut id="235_D025" time="616.00" state="enter" vehID="Car_11076" speed="6.98" length="5.00" type="DEFAULT_CAR" gap="85.21"/>
    <instantOut id="235_D025" time="616.00" state="stay" vehID="Car_11076" speed="6.98" length="5.00" type="DEFAULT_CAR"/>
    <instantOut id="235_D025" time="616.25" state="stay" vehID="Car_11076" speed="7.82" length="5.00" type="DEFAULT_CAR"/>
    <instantOut id="235_D025" time="616.50" state="stay" vehID="Car_11076" speed="8.67" length="5.00" type="DEFAULT_CAR"/>
    <instantOut id="235_D025" time="616.61" state="leave" vehID="Car_11076" speed="7.92" length="5.00" type="DEFAULT_CAR" occupancy="0.61"/>
    <instantOut id="235_D025" time="1136.96" state="enter" vehID="Car_14891" speed="8.65" length="5.00" type="DEFAULT_CAR" gap="520.35"/>
    <instantOut id="235_D025" time="1137.00" state="stay" vehID="Car_14891" speed="8.65" length="5.00" type="DEFAULT_CAR"/>
    <instantOut id="235_D025" time="1137.25" state="stay" vehID="Car_14891" speed="7.91" length="5.00" type="DEFAULT_CAR"/>
    <instantOut id="235_D025" time="1137.50" state="stay" vehID="Car_14891" speed="7.16" length="5.00" type="DEFAULT_CAR"/>
    <instantOut id="235_D025" time="1137.64" state="leave" vehID="Car_14891" speed="6.43" length="5.00" type="DEFAULT_CAR" occupancy="0.68"/>
    <instantOut id="235_D025" time="1812.52" state="enter" vehID="Car_13019" speed="7.95" length="5.00" type="DEFAULT_CAR" gap="674.88"/>
    <instantOut id="235_D025" time="1812.75" state="stay" vehID="Car_13019" speed="7.95" length="5.00" type="DEFAULT_CAR"/>
    <instantOut id="235_D025" time="1813.00" state="stay" vehID="Car_13019" speed="7.20" length="5.00" type="DEFAULT_CAR"/>
    <instantOut id="235_D025" time="1813.22" state="leave" vehID="Car_13019" speed="6.45" length="5.00" type="DEFAULT_CAR" occupancy="0.69"/>
    <instantOut id="235_D025" time="2495.05" state="enter" vehID="Car_13731" speed="7.20" length="5.00" type="DEFAULT_CAR" gap="681.84"/>
    <instantOut id="235_D025" time="2495.25" state="stay" vehID="Car_13731" speed="7.20" length="5.00" type="DEFAULT_CAR"/>
    <instantOut id="235_D025" time="2495.50" state="stay" vehID="Car_13731" speed="6.45" length="5.00" type="DEFAULT_CAR"/>
    <instantOut id="235_D025" time="2495.75" state="stay" vehID="Car_13731" speed="5.70" length="5.00" type="DEFAULT_CAR"/>
    <instantOut id="235_D025" time="2495.85" state="leave" vehID="Car_13731" speed="5.38" length="5.00" type="DEFAULT_CAR" occupancy="0.80"/>
    <instantOut id="235_D025" time="2929.02" state="enter" vehID="Car_15066" speed="7.72" length="5.00" type="DEFAULT_CAR" gap="433.16"/>
    <instantOut id="235_D025" time="2929.25" state="stay" vehID="Car_15066" speed="7.72" length="5.00" type="DEFAULT_CAR"/>
    <instantOut id="235_D025" time="2929.50" state="stay" vehID="Car_15066" speed="6.97" length="5.00" type="DEFAULT_CAR"/>
    <instantOut id="235_D025" time="2929.73" state="leave" vehID="Car_15066" speed="6.22" length="5.00" type="DEFAULT_CAR" occupancy="0.72"/>
    <instantOut id="235_D025" time="3165.24" state="enter" vehID="Car_8302" speed="10.02" length="5.00" type="DEFAULT_CAR" gap="235.51"/>
    <instantOut id="235_D025" time="3165.25" state="stay" vehID="Car_8302" speed="10.02" length="5.00" type="DEFAULT_CAR"/>
    <instantOut id="235_D025" time="3165.50" state="stay" vehID="Car_8302" speed="9.65" length="5.00" type="DEFAULT_CAR"/>
    <instantOut id="235_D025" time="3165.75" state="stay" vehID="Car_8302" speed="9.07" length="5.00" type="DEFAULT_CAR"/>
    <instantOut id="235_D025" time="3165.78" state="leave" vehID="Car_8302" speed="8.32" length="5.00" type="DEFAULT_CAR" occupancy="0.54"/>
    <instantOut id="235_D025" time="3197.27" state="enter" vehID="Car_9682" speed="6.29" length="5.00" type="DEFAULT_CAR" gap="31.50"/>
    <instantOut id="235_D025" time="3197.50" state="stay" vehID="Car_9682" speed="6.29" length="5.00" type="DEFAULT_CAR"/>
    <instantOut id="235_D025" time="3197.75" state="stay" vehID="Car_9682" speed="5.75" length="5.00" type="DEFAULT_CAR"/>
    <instantOut id="235_D025" time="3198.00" state="stay" vehID="Car_9682" speed="5.00" length="5.00" type="DEFAULT_CAR"/>
    <instantOut id="235_D025" time="3198.21" state="leave" vehID="Car_9682" speed="4.25" length="5.00" type="DEFAULT_CAR" occupancy="0.93"/>
    <instantOut id="235_D025" time="3891.47" state="enter" vehID="Car_15148" speed="8.91" length="5.00" type="DEFAULT_CAR" gap="693.26"/>
    <instantOut id="235_D025" time="3891.50" state="stay" vehID="Car_15148" speed="8.91" length="5.00" type="DEFAULT_CAR"/>
    <instantOut id="235_D025" time="3891.75" state="stay" vehID="Car_15148" speed="8.16" length="5.00" type="DEFAULT_CAR"/>
    <instantOut id="235_D025" time="3892.00" state="stay" vehID="Car_15148" speed="7.41" length="5.00" type="DEFAULT_CAR"/>
    <instantOut id="235_D025" time="3892.13" state="leave" vehID="Car_15148" speed="6.66" length="5.00" type="DEFAULT_CAR" occupancy="0.66"/>
    <instantOut id="235_D025" time="3938.07" state="enter" vehID="Car_13767" speed="7.06" length="5.00" type="DEFAULT_CAR" gap="45.94"/>
    <instantOut id="235_D025" time="3938.25" state="stay" vehID="Car_13767" speed="7.06" length="5.00" type="DEFAULT_CAR"/>
    <instantOut id="235_D025" time="3938.50" state="stay" vehID="Car_13767" speed="8.01" length="5.00" type="DEFAULT_CAR"/>
    <instantOut id="235_D025" time="3938.74" state="leave" vehID="Car_13767" speed="7.26" length="5.00" type="DEFAULT_CAR" occupancy="0.67"/>
    <instantOut id="235_D025" time="5089.12" state="enter" vehID="Car_8303" speed="6.99" length="5.00" type="DEFAULT_CAR" gap="1150.38"/>
    <instantOut id="235_D025" time="5089.25" state="stay" vehID="Car_8303" speed="6.99" length="5.00" type="DEFAULT_CAR"/>
    <instantOut id="235_D025" time="5089.50" state="stay" vehID="Car_8303" speed="6.24" length="5.00" type="DEFAULT_CAR"/>
    <instantOut id="235_D025" time="5089.75" state="stay" vehID="Car_8303" speed="5.50" length="5.00" type="DEFAULT_CAR"/>
    <instantOut id="235_D025" time="5089.99" state="leave" vehID="Car_8303" speed="4.75" length="5.00" type="DEFAULT_CAR" occupancy="0.87"/>
    <instantOut id="235_D025" time="5091.48" state="enter" vehID="Car_9683" speed="4.67" length="5.00" type="DEFAULT_CAR" gap="1.48"/>
    <instantOut id="235_D025" time="5091.50" state="stay" vehID="Car_9683" speed="4.67" length="5.00" type="DEFAULT_CAR"/>
    <instantOut id="235_D025" time="5091.75" state="stay" vehID="Car_9683" speed="4.17" length="5.00" type="DEFAULT_CAR"/>
    <instantOut id="235_D025" time="5092.00" state="stay" vehID="Car_9683" speed="4.53" length="5.00" type="DEFAULT_CAR"/>
    <instantOut id="235_D025" time="5092.25" state="stay" vehID="Car_9683" speed="4.22" length="5.00" type="DEFAULT_CAR"/>
    <instantOut id="235_D025" time="5092.50" state="stay" vehID="Car_9683" speed="4.20" length="5.00" type="DEFAULT_CAR"/>
    <instantOut id="235_D025" time="5092.65" state="leave" vehID="Car_9683" speed="4.00" length="5.00" type="DEFAULT_CAR" occupancy="1.18"/>
    <instantOut id="235_D025" time="6113.31" state="enter" vehID="Car_15368" speed="7.07" length="5.00" type="DEFAULT_CAR" gap="1020.66"/>
    <instantOut id="235_D025" time="6113.50" state="stay" vehID="Car_15368" speed="7.07" length="5.00" type="DEFAULT_CAR"/>
    <instantOut id="235_D025" time="6113.75" state="stay" vehID="Car_15368" speed="6.39" length="5.00" type="DEFAULT_CAR"/>
    <instantOut id="235_D025" time="6114.00" state="stay" vehID="Car_15368" speed="5.65" length="5.00" type="DEFAULT_CAR"/>
    <instantOut id="235_D025" time="6114.12" state="leave" vehID="Car_15368" speed="5.67" length="5.00" type="DEFAULT_CAR" occupancy="0.80"/>
    <instantOut id="235_D025" time="6277.24" state="enter" vehID="Car_8304" speed="4.09" length="5.00" type="DEFAULT_CAR" gap="163.12"/>
    <instantOut id="235_D025" time="6277.25" state="stay" vehID="Car_8304" speed="4.09" length="5.00" type="DEFAULT_CAR"/>
    <instantOut id="235_D025" time="6277.50" state="stay" vehID="Car_8304" speed="4.26" length="5.00" type="DEFAULT_CAR"/>
    <instantOut id="235_D025" time="6277.75" state="stay" vehID="Car_8304" speed="4.44" length="5.00" type="DEFAULT_CAR"/>
    <instantOut id="235_D025" time="6278.00" state="stay" vehID="Car_8304" speed="4.38" length="5.00" type="DEFAULT_CAR"/>
    <instantOut id="235_D025" time="6278.25" state="stay" vehID="Car_8304" speed="3.91" length="5.00" type="DEFAULT_CAR"/>
    <instantOut id="235_D025" time="6278.47" state="leave" vehID="Car_8304" speed="3.23" length="5.00" type="DEFAULT_CAR" occupancy="1.23"/>
    <instantOut id="235_D025" time="6280.18" state="enter" vehID="Car_9684" speed="2.33" length="5.00" type="DEFAULT_CAR" gap="1.71"/>
    <instantOut id="235_D025" time="6280.25" state="stay" vehID="Car_9684" speed="2.33" length="5.00" type="DEFAULT_CAR"/>
    <instantOut id="235_D025" time="6280.50" state="stay" vehID="Car_9684" speed="2.38" length="5.00" type="DEFAULT_CAR"/>
    <instantOut id="235_D025" time="6280.75" state="stay" vehID="Car_9684" speed="2.14" length="5.00" type="DEFAULT_CAR"/>
    <instantOut id="235_D025" time="6281.00" state="stay" vehID="Car_9684" speed="2.19" length="5.00" type="DEFAULT_CAR"/>
    <instantOut id="235_D025" time="6281.25" state="stay" vehID="Car_9684" speed="2.40" length="5.00" type="DEFAULT_CAR"/>
    <instantOut id="235_D025" time="6281.50" state="stay" vehID="Car_9684" speed="2.40" length="5.00" type="DEFAULT_CAR"/>
    <instantOut id="235_D025" time="6281.75" state="stay" vehID="Car_9684" speed="2.20" length="5.00" type="DEFAULT_CAR"/>
    <instantOut id="235_D025" time="6282.00" state="stay" vehID="Car_9684" speed="2.17" length="5.00" type="DEFAULT_CAR"/>
    <instantOut id="235_D025" time="6282.25" state="stay" vehID="Car_9684" speed="2.23" length="5.00" type="DEFAULT_CAR"/>
    <instantOut id="235_D025" time="6282.39" state="leave" vehID="Car_9684" speed="2.13" length="5.00" type="DEFAULT_CAR" occupancy="2.22"/>
    <instantOut id="235_D025" time="6377.61" state="enter" vehID="Car_13845" speed="9.85" length="5.00" type="DEFAULT_CAR" gap="95.22"/>
    <instantOut id="235_D025" time="6377.75" state="stay" vehID="Car_13845" speed="9.85" length="5.00" type="DEFAULT_CAR"/>
    <instantOut id="235_D025" time="6378.00" state="stay" vehID="Car_13845" speed="9.10" length="5.00" type="DEFAULT_CAR"/>
    <instantOut id="235_D025" time="6378.16" state="leave" vehID="Car_13845" speed="8.35" length="5.00" type="DEFAULT_CAR" occupancy="0.55"/>
    <instantOut id="235_D025" time="6388.77" state="enter" vehID="Car_15396" speed="7.73" length="5.00" type="DEFAULT_CAR" gap="10.62"/>
    <instantOut id="235_D025" time="6389.00" state="stay" vehID="Car_15396" speed="7.73" length="5.00" type="DEFAULT_CAR"/>
    <instantOut id="235_D025" time="6389.25" state="stay" vehID="Car_15396" speed="6.98" length="5.00" type="DEFAULT_CAR"/>
    <instantOut id="235_D025" time="6389.49" state="leave" vehID="Car_15396" speed="6.23" length="5.00" type="DEFAULT_CAR" occupancy="0.72"/>
    <instantOut id="235_D025" time="7092.98" state="enter" vehID="Car_20684" speed="8.84" length="5.00" type="DEFAULT_CAR" gap="703.48"/>
    <instantOut id="235_D025" time="7093.00" state="stay" vehID="Car_20684" speed="8.84" length="5.00" type="DEFAULT_CAR"/>
    <instantOut id="235_D025" time="7093.25" state="stay" vehID="Car_20684" speed="8.09" length="5.00" type="DEFAULT_CAR"/>
    <instantOut id="235_D025" time="7093.50" state="stay" vehID="Car_20684" speed="7.34" length="5.00" type="DEFAULT_CAR"/>
    <instantOut id="235_D025" time="7093.64" state="leave" vehID="Car_20684" speed="6.59" length="5.00" type="DEFAULT_CAR" occupancy="0.66"/>
    <instantOut id="235_D025" time="8016.26" state="enter" vehID="Car_8305" speed="7.40" length="5.00" type="DEFAULT_CAR" gap="922.62"/>
    <instantOut id="235_D025" time="8016.50" state="stay" vehID="Car_8305" speed="7.40" length="5.00" type="DEFAULT_CAR"/>
    <instantOut id="235_D025" time="8016.75" state="stay" vehID="Car_8305" speed="6.65" length="5.00" type="DEFAULT_CAR"/>
    <instantOut id="235_D025" time="8017.00" state="stay" vehID="Car_8305" speed="5.90" length="5.00" type="DEFAULT_CAR"/>
    <instantOut id="235_D025" time="8017.01" state="leave" vehID="Car_8305" speed="5.15" length="5.00" type="DEFAULT_CAR" occupancy="0.75"/>
    <instantOut id="235_D025" time="8018.60" state="enter" vehID="Car_9685" speed="6.19" length="5.00" type="DEFAULT_CAR" gap="1.59"/>
    <instantOut id="235_D025" time="8018.75" state="stay" vehID="Car_9685" speed="6.19" length="5.00" type="DEFAULT_CAR"/>
    <instantOut id="235_D025" time="8019.00" state="stay" vehID="Car_9685" speed="5.78" length="5.00" type="DEFAULT_CAR"/>
    <instantOut id="235_D025" time="8019.25" state="stay" vehID="Car_9685" speed="6.10" length="5.00" type="DEFAULT_CAR"/>
    <instantOut id="235_D025" time="8019.44" state="leave" vehID="Car_9685" speed="5.77" length="5.00" type="DEFAULT_CAR" occupancy="0.84"/>
    <instantOut id="235_D025" time="8346.26" state="enter" vehID="Car_15624" speed="8.31" length="5.00" type="DEFAULT_CAR" gap="326.82"/>
    <instantOut id="235_D025" time="8346.50" state="stay" vehID="Car_15624" speed="8.31" length="5.00" type="DEFAULT_CAR"/>
    <instantOut id="235_D025" time="8346.75" state="stay" vehID="Car_15624" speed="7.85" length="5.00" type="DEFAULT_CAR"/>
    <instantOut id="235_D025" time="8346.89" state="leave" vehID="Car_15624" speed="7.22" length="5.00" type="DEFAULT_CAR" occupancy="0.63"/>
    <instantOut id="235_D025" time="8382.18" state="enter" vehID="Car_13095" speed="9.50" length="5.00" type="DEFAULT_CAR" gap="35.29"/>
    <instantOut id="235_D025" time="8382.25" state="stay" vehID="Car_13095" speed="9.50" length="5.00" type="DEFAULT_CAR"/>
    <instantOut id="235_D025" time="8382.50" state="stay" vehID="Car_13095" speed="8.75" length="5.00" type="DEFAULT_CAR"/>
    <instantOut id="235_D025" time="8382.75" state="stay" vehID="Car_13095" speed="8.00" length="5.00" type="DEFAULT_CAR"/>
    <instantOut id="235_D025" time="8382.77" state="leave" vehID="Car_13095" speed="7.31" length="5.00" type="DEFAULT_CAR" occupancy="0.59"/>
    <instantOut id="235_D025" time="9606.99" state="enter" vehID="Car_15763" speed="9.26" length="5.00" type="DEFAULT_CAR" gap="1224.22"/>
    <instantOut id="235_D025" time="9607.00" state="stay" vehID="Car_15763" speed="9.26" length="5.00" type="DEFAULT_CAR"/>
    <instantOut id="235_D025" time="9607.25" state="stay" vehID="Car_15763" speed="8.61" length="5.00" type="DEFAULT_CAR"/>
    <instantOut id="235_D025" time="9607.50" state="stay" vehID="Car_15763" speed="7.86" length="5.00" type="DEFAULT_CAR"/>
    <instantOut id="235_D025" time="9607.62" state="leave" vehID="Car_15763" speed="7.11" length="5.00" type="DEFAULT_CAR" occupancy="0.62"/>
    <instantOut id="235_D025" time="9617.75" state="enter" vehID="Car_12143" speed="9.05" length="5.00" type="DEFAULT_CAR" gap="10.13"/>
    <instantOut id="235_D025" time="9617.75" state="stay" vehID="Car_12143" speed="9.05" length="5.00" type="DEFAULT_CAR"/>
    <instantOut id="235_D025" time="9618.00" state="stay" vehID="Car_12143" speed="8.62" length="5.00" type="DEFAULT_CAR"/>
    <instantOut id="235_D025" time="9618.25" state="stay" vehID="Car_12143" speed="7.87" length="5.00" type="DEFAULT_CAR"/>
    <instantOut id="235_D025" time="9618.37" state="leave" vehID="Car_12143" speed="7.12" length="5.00" type="DEFAULT_CAR" occupancy="0.62"/>
    <instantOut id="235_D025" time="10167.74" state="enter" vehID="Car_12154" speed="8.63" length="5.00" type="DEFAULT_CAR" gap="549.37"/>
    <instantOut id="235_D025" time="10167.75" state="stay" vehID="Car_12154" speed="8.63" length="5.00" type="DEFAULT_CAR"/>
    <instantOut id="235_D025" time="10168.00" state="stay" vehID="Car_12154" speed="7.94" length="5.00" type="DEFAULT_CAR"/>
    <instantOut id="235_D025" time="10168.25" state="stay" vehID="Car_12154" speed="7.73" length="5.00" type="DEFAULT_CAR"/>
    <instantOut id="235_D025" time="10168.39" state="leave" vehID="Car_12154" speed="7.06" length="5.00" type="DEFAULT_CAR" occupancy="0.65"/>
    <instantOut id="235_D025" time="10470.23" state="enter" vehID="Car_13134" speed="9.76" length="5.00" type="DEFAULT_CAR" gap="301.84"/>
    <instantOut id="235_D025" time="10470.25" state="stay" vehID="Car_13134" speed="9.76" length="5.00" type="DEFAULT_CAR"/>
    <instantOut id="235_D025" time="10470.50" state="stay" vehID="Car_13134" speed="9.04" length="5.00" type="DEFAULT_CAR"/>
    <instantOut id="235_D025" time="10470.75" state="stay" vehID="Car_13134" speed="8.29" length="5.00" type="DEFAULT_CAR"/>
    <instantOut id="235_D025" time="10470.81" state="leave" vehID="Car_13134" speed="7.54" length="5.00" type="DEFAULT_CAR" occupancy="0.58"/>
    <instantOut id="235_D025" time="10904.76" state="enter" vehID="Car_15925" speed="8.51" length="5.00" type="DEFAULT_CAR" gap="433.95"/>
    <instantOut id="235_D025" time="10905.00" state="stay" vehID="Car_15925" speed="8.51" length="5.00" type="DEFAULT_CAR"/>
    <instantOut id="235_D025" time="10905.25" state="stay" vehID="Car_15925" speed="7.76" length="5.00" type="DEFAULT_CAR"/>
    <instantOut id="235_D025" time="10905.40" state="leave" vehID="Car_15925" speed="7.01" length="5.00" type="DEFAULT_CAR" occupancy="0.64"/>
    <instantOut id="235_D025" time="10934.38" state="enter" vehID="Car_13140" speed="9.66" length="5.00" type="DEFAULT_CAR" gap="28.98"/>
    <instantOut id="235_D025" time="10934.50" state="stay" vehID="Car_13140" speed="9.66" length="5.00" type="DEFAULT_CAR"/>
    <instantOut id="235_D025" time="10934.75" state="stay" vehID="Car_13140" speed="9.17" length="5.00" type="DEFAULT_CAR"/>
    <instantOut id="235_D025" time="10934.93" state="leave" vehID="Car_13140" speed="8.42" length="5.00" type="DEFAULT_CAR" occupancy="0.55"/>
    <instantOut id="235_D025" time="11757.86" state="enter" vehID="Car_16051" speed="6.80" length="5.00" type="DEFAULT_CAR" gap="822.93"/>
    <instantOut id="235_D025" time="11758.00" state="stay" vehID="Car_16051" speed="6.80" length="5.00" type="DEFAULT_CAR"/>
    <instantOut id="235_D025" time="11758.25" state="stay" vehID="Car_16051" speed="6.05" length="5.00" type="DEFAULT_CAR"/>
    <instantOut id="235_D025" time="11758.50" state="stay" vehID="Car_16051" speed="5.30" length="5.00" type="DEFAULT_CAR"/>
    <instantOut id="235_D025" time="11758.75" state="stay" vehID="Car_16051" speed="4.55" length="5.00" type="DEFAULT_CAR"/>
    <instantOut id="235_D025" time="11758.76" state="leave" vehID="Car_16051" speed="3.83" length="5.00" type="DEFAULT_CAR" occupancy="0.91"/>
    <instantOut id="235_D025" time="12061.72" state="enter" vehID="Car_12206" speed="8.76" length="5.00" type="DEFAULT_CAR" gap="302.96"/>
    <instantOut id="235_D025" time="12061.75" state="stay" vehID="Car_12206" speed="8.76" length="5.00" type="DEFAULT_CAR"/>
    <instantOut id="235_D025" time="12062.00" state="stay" vehID="Car_12206" speed="8.09" length="5.00" type="DEFAULT_CAR"/>
    <instantOut id="235_D025" time="12062.25" state="stay" vehID="Car_12206" speed="7.35" length="5.00" type="DEFAULT_CAR"/>
    <instantOut id="235_D025" time="12062.38" state="leave" vehID="Car_12206" speed="6.76" length="5.00" type="DEFAULT_CAR" occupancy="0.66"/>
    <instantOut id="235_D025" time="12657.86" state="enter" vehID="Car_20844" speed="9.73" length="5.00" type="DEFAULT_CAR" gap="595.48"/>
    <instantOut id="235_D025" time="12658.00" state="stay" vehID="Car_20844" speed="9.73" length="5.00" type="DEFAULT_CAR"/>
    <instantOut id="235_D025" time="12658.25" state="stay" vehID="Car_20844" speed="8.98" length="5.00" type="DEFAULT_CAR"/>
    <instantOut id="235_D025" time="12658.42" state="leave" vehID="Car_20844" speed="8.23" length="5.00" type="DEFAULT_CAR" occupancy="0.56"/>
    <instantOut id="235_D025" time="13520.21" state="enter" vehID="Car_8306" speed="9.66" length="5.00" type="DEFAULT_CAR" gap="861.79"/>
    <instantOut id="235_D025" time="13520.25" state="stay" vehID="Car_8306" speed="9.66" length="5.00" type="DEFAULT_CAR"/>
    <instantOut id="235_D025" time="13520.50" state="stay" vehID="Car_8306" speed="8.91" length="5.00" type="DEFAULT_CAR"/>
    <instantOut id="235_D025" time="13520.75" state="stay" vehID="Car_8306" speed="8.22" length="5.00" type="DEFAULT_CAR"/>
    <instantOut id="235_D025" time="13520.80" state="leave" vehID="Car_8306" speed="7.49" length="5.00" type="DEFAULT_CAR" occupancy="0.59"/>
    <instantOut id="235_D025" time="13522.39" state="enter" vehID="Car_9686" speed="8.74" length="5.00" type="DEFAULT_CAR" gap="1.59"/>
    <instantOut id="235_D025" time="13522.50" state="stay" vehID="Car_9686" speed="8.74" length="5.00" type="DEFAULT_CAR"/>
    <instantOut id="235_D025" time="13522.75" state="stay" vehID="Car_9686" speed="7.99" length="5.00" type="DEFAULT_CAR"/>
    <instantOut id="235_D025" time="13523.00" state="stay" vehID="Car_9686" speed="7.24" length="5.00" type="DEFAULT_CAR"/>
    <instantOut id="235_D025" time="13523.03" state="leave" vehID="Car_9686" speed="6.52" length="5.00" type="DEFAULT_CAR" occupancy="0.65"/>
    <instantOut id="235_D025" time="14028.44" state="enter" vehID="Car_16318" speed="9.96" length="5.00" type="DEFAULT_CAR" gap="505.40"/>
    <instantOut id="235_D025" time="14028.50" state="stay" vehID="Car_16318" speed="9.96" length="5.00" type="DEFAULT_CAR"/>
    <instantOut id="235_D025" time="14028.75" state="stay" vehID="Car_16318" speed="9.25" length="5.00" type="DEFAULT_CAR"/>
    <instantOut id="235_D025" time="14028.98" state="leave" vehID="Car_16318" speed="8.69" length="5.00" type="DEFAULT_CAR" occupancy="0.55"/>
    <instantOut id="235_D025" time="14822.74" state="enter" vehID="Car_14070" speed="8.92" length="5.00" type="DEFAULT_CAR" gap="793.76"/>
    <instantOut id="235_D025" time="14822.75" state="stay" vehID="Car_14070" speed="8.92" length="5.00" type="DEFAULT_CAR"/>
    <instantOut id="235_D025" time="14823.00" state="stay" vehID="Car_14070" speed="8.37" length="5.00" type="DEFAULT_CAR"/>
    <instantOut id="235_D025" time="14823.25" state="stay" vehID="Car_14070" speed="7.62" length="5.00" type="DEFAULT_CAR"/>
    <instantOut id="235_D025" time="14823.39" state="leave" vehID="Car_14070" speed="6.87" length="5.00" type="DEFAULT_CAR" occupancy="0.64"/>
    <instantOut id="235_D025" time="15848.25" state="enter" vehID="Car_8307" speed="8.76" length="5.00" type="DEFAULT_CAR" gap="1024.86"/>
    <instantOut id="235_D025" time="15848.25" state="stay" vehID="Car_8307" speed="8.76" length="5.00" type="DEFAULT_CAR"/>
    <instantOut id="235_D025" time="15848.50" state="stay" vehID="Car_8307" speed="8.05" length="5.00" type="DEFAULT_CAR"/>
    <instantOut id="235_D025" time="15848.75" state="stay" vehID="Car_8307" speed="7.92" length="5.00" type="DEFAULT_CAR"/>
    <instantOut id="235_D025" time="15848.89" state="leave" vehID="Car_8307" speed="7.17" length="5.00" type="DEFAULT_CAR" occupancy="0.64"/>
    <instantOut id="235_D025" time="15850.75" state="enter" vehID="Car_9690" speed="7.86" length="5.00" type="DEFAULT_CAR" gap="1.86"/>
    <instantOut id="235_D025" time="15851.00" state="stay" vehID="Car_9690" speed="7.86" length="5.00" type="DEFAULT_CAR"/>
    <instantOut id="235_D025" time="15851.25" state="stay" vehID="Car_9690" speed="7.11" length="5.00" type="DEFAULT_CAR"/>
    <instantOut id="235_D025" time="15851.45" state="leave" vehID="Car_9690" speed="6.36" length="5.00" type="DEFAULT_CAR" occupancy="0.70"/>
    <instantOut id="235_D025" time="16122.73" state="enter" vehID="Car_16553" speed="9.02" length="5.00" type="DEFAULT_CAR" gap="271.28"/>
    <instantOut id="235_D025" time="16122.75" state="stay" vehID="Car_16553" speed="9.02" length="5.00" type="DEFAULT_CAR"/>
    <instantOut id="235_D025" time="16123.00" state="stay" vehID="Car_16553" speed="8.32" length="5.00" type="DEFAULT_CAR"/>
    <instantOut id="235_D025" time="16123.25" state="stay" vehID="Car_16553" speed="7.57" length="5.00" type="DEFAULT_CAR"/>
    <instantOut id="235_D025" time="16123.38" state="leave" vehID="Car_16553" speed="6.82" length="5.00" type="DEFAULT_CAR" occupancy="0.65"/>
    <instantOut id="235_D025" time="16149.41" state="enter" vehID="Car_8308" speed="9.14" length="5.00" type="DEFAULT_CAR" gap="26.03"/>
    <instantOut id="235_D025" time="16149.50" state="stay" vehID="Car_8308" speed="9.14" length="5.00" type="DEFAULT_CAR"/>
    <instantOut id="235_D025" time="16149.75" state="stay" vehID="Car_8308" speed="9.02" length="5.00" type="DEFAULT_CAR"/>
    <instantOut id="235_D025" time="16149.98" state="leave" vehID="Car_8308" speed="8.27" length="5.00" type="DEFAULT_CAR" occupancy="0.57"/>
    <instantOut id="235_D025" time="16152.33" state="enter" vehID="Car_9689" speed="8.89" length="5.00" type="DEFAULT_CAR" gap="2.35"/>
    <instantOut id="235_D025" time="16152.50" state="stay" vehID="Car_9689" speed="8.89" length="5.00" type="DEFAULT_CAR"/>
    <instantOut id="235_D025" time="16152.75" state="stay" vehID="Car_9689" speed="9.51" length="5.00" type="DEFAULT_CAR"/>
    <instantOut id="235_D025" time="16152.86" state="leave" vehID="Car_9689" speed="10.29" length="5.00" type="DEFAULT_CAR" occupancy="0.53"/>
    <instantOut id="235_D025" time="16345.50" state="enter" vehID="Car_13214" speed="8.92" length="5.00" type="DEFAULT_CAR" gap="192.64"/>
    <instantOut id="235_D025" time="16345.50" state="stay" vehID="Car_13214" speed="8.92" length="5.00" type="DEFAULT_CAR"/>
    <instantOut id="235_D025" time="16345.75" state="stay" vehID="Car_13214" speed="8.17" length="5.00" type="DEFAULT_CAR"/>
    <instantOut id="235_D025" time="16346.00" state="stay" vehID="Car_13214" speed="7.68" length="5.00" type="DEFAULT_CAR"/>
    <instantOut id="235_D025" time="16346.14" state="leave" vehID="Car_13214" speed="6.93" length="5.00" type="DEFAULT_CAR" occupancy="0.65"/>
    <instantOut id="235_D025" time="16426.98" state="enter" vehID="Car_14111" speed="9.55" length="5.00" type="DEFAULT_CAR" gap="80.83"/>
    <instantOut id="235_D025" time="16427.00" state="stay" vehID="Car_14111" speed="9.55" length="5.00" type="DEFAULT_CAR"/>
    <instantOut id="235_D025" time="16427.25" state="stay" vehID="Car_14111" speed="10.06" length="5.00" type="DEFAULT_CAR"/>
    <instantOut id="235_D025" time="16427.49" state="leave" vehID="Car_14111" speed="9.56" length="5.00" type="DEFAULT_CAR" occupancy="0.51"/>
    <instantOut id="235_D025" time="16912.72" state="enter" vehID="Car_16647" speed="9.68" length="5.00" type="DEFAULT_CAR" gap="485.24"/>
    <instantOut id="235_D025" time="16912.75" state="stay" vehID="Car_16647" speed="9.68" length="5.00" type="DEFAULT_CAR"/>
    <instantOut id="235_D025" time="16913.00" state="stay" vehID="Car_16647" speed="8.93" length="5.00" type="DEFAULT_CAR"/>
    <instantOut id="235_D025" time="16913.25" state="stay" vehID="Car_16647" speed="8.20" length="5.00" type="DEFAULT_CAR"/>
    <instantOut id="235_D025" time="16913.31" state="leave" vehID="Car_16647" speed="7.45" length="5.00" type="DEFAULT_CAR" occupancy="0.59"/>
    <instantOut id="235_D025" time="16950.45" state="enter" vehID="Car_8309" speed="9.77" length="5.00" type="DEFAULT_CAR" gap="37.14"/>
    <instantOut id="235_D025" time="16950.50" state="stay" vehID="Car_8309" speed="9.77" length="5.00" type="DEFAULT_CAR"/>
    <instantOut id="235_D025" time="16950.75" state="stay" vehID="Car_8309" speed="9.29" length="5.00" type="DEFAULT_CAR"/>
    <instantOut id="235_D025" time="16951.00" state="stay" vehID="Car_8309" speed="8.54" length="5.00" type="DEFAULT_CAR"/>
    <instantOut id="235_D025" time="16951.01" state="leave" vehID="Car_8309" speed="7.79" length="5.00" type="DEFAULT_CAR" occupancy="0.56"/>
    <instantOut id="235_D025" time="16953.52" state="enter" vehID="Car_9687" speed="8.51" length="5.00" type="DEFAULT_CAR" gap="2.51"/>
    <instantOut id="235_D025" time="16953.75" state="stay" vehID="Car_9687" speed="8.51" length="5.00" type="DEFAULT_CAR"/>
    <instantOut id="235_D025" time="16954.00" state="stay" vehID="Car_9687" speed="7.86" length="5.00" type="DEFAULT_CAR"/>
    <instantOut id="235_D025" time="16954.15" state="leave" vehID="Car_9687" speed="7.13" length="5.00" type="DEFAULT_CAR" occupancy="0.63"/>
    <instantOut id="235_D025" time="17685.14" state="enter" vehID="Car_8310" speed="9.63" length="5.00" type="DEFAULT_CAR" gap="730.99"/>
    <instantOut id="235_D025" time="17685.25" state="stay" vehID="Car_8310" speed="9.63" length="5.00" type="DEFAULT_CAR"/>
    <instantOut id="235_D025" time="17685.50" state="stay" vehID="Car_8310" speed="8.88" length="5.00" type="DEFAULT_CAR"/>
    <instantOut id="235_D025" time="17685.71" state="leave" vehID="Car_8310" speed="8.16" length="5.00" type="DEFAULT_CAR" occupancy="0.57"/>
    <instantOut id="235_D025" time="17688.74" state="enter" vehID="Car_9688" speed="9.06" length="5.00" type="DEFAULT_CAR" gap="3.03"/>
    <instantOut id="235_D025" time="17688.75" state="stay" vehID="Car_9688" speed="9.06" length="5.00" type="DEFAULT_CAR"/>
    <instantOut id="235_D025" time="17689.00" state="stay" vehID="Car_9688" speed="8.31" length="5.00" type="DEFAULT_CAR"/>
    <instantOut id="235_D025" time="17689.25" state="stay" vehID="Car_9688" speed="7.56" length="5.00" type="DEFAULT_CAR"/>
    <instantOut id="235_D025" time="17689.39" state="leave" vehID="Car_9688" speed="6.81" length="5.00" type="DEFAULT_CAR" occupancy="0.65"/>
    <instantOut id="235_D025" time="18830.18" state="enter" vehID="Car_16875" speed="10.51" length="5.00" type="DEFAULT_CAR" gap="1140.80"/>
    <instantOut id="235_D025" time="18830.25" state="stay" vehID="Car_16875" speed="10.51" length="5.00" type="DEFAULT_CAR"/>
    <instantOut id="235_D025" time="18830.50" state="stay" vehID="Car_16875" speed="9.76" length="5.00" type="DEFAULT_CAR"/>
    <instantOut id="235_D025" time="18830.70" state="leave" vehID="Car_16875" speed="9.01" length="5.00" type="DEFAULT_CAR" occupancy="0.52"/>
    <instantOut id="235_D025" time="19503.77" state="enter" vehID="Car_16952" speed="7.66" length="5.00" type="DEFAULT_CAR" gap="673.06"/>
    <instantOut id="235_D025" time="19504.00" state="stay" vehID="Car_16952" speed="7.66" length="5.00" type="DEFAULT_CAR"/>
    <instantOut id="235_D025" time="19504.25" state="stay" vehID="Car_16952" speed="6.91" length="5.00" type="DEFAULT_CAR"/>
    <instantOut id="235_D025" time="19504.49" state="leave" vehID="Car_16952" speed="6.19" length="5.00" type="DEFAULT_CAR" occupancy="0.72"/>
    <instantOut id="235_D025" time="19788.21" state="enter" vehID="Car_12399" speed="9.44" length="5.00" type="DEFAULT_CAR" gap="283.72"/>
    <instantOut id="235_D025" time="19788.25" state="stay" vehID="Car_12399" speed="9.44" length="5.00" type="DEFAULT_CAR"/>
    <instantOut id="235_D025" time="19788.50" state="stay" vehID="Car_12399" speed="8.69" length="5.00" type="DEFAULT_CAR"/>
    <instantOut id="235_D025" time="19788.75" state="stay" vehID="Car_12399" speed="7.94" length="5.00" type="DEFAULT_CAR"/>
    <instantOut id="235_D025" time="19788.81" state="leave" vehID="Car_12399" speed="7.19" length="5.00" type="DEFAULT_CAR" occupancy="0.60"/>
    <instantOut id="235_D025" time="20540.70" state="enter" vehID="Car_8311" speed="9.98" length="5.00" type="DEFAULT_CAR" gap="751.89"/>
    <instantOut id="235_D025" time="20540.75" state="stay" vehID="Car_8311" speed="9.98" length="5.00" type="DEFAULT_CAR"/>
    <instantOut id="235_D025" time="20541.00" state="stay" vehID="Car_8311" speed="9.37" length="5.00" type="DEFAULT_CAR"/>
    <instantOut id="235_D025" time="20541.25" state="stay" vehID="Car_8311" speed="8.62" length="5.00" type="DEFAULT_CAR"/>
    <instantOut id="235_D025" time="20541.26" state="leave" vehID="Car_8311" speed="8.02" length="5.00" type="DEFAULT_CAR" occupancy="0.55"/>
    <instantOut id="235_D025" time="20543.01" state="enter" vehID="Car_9692" speed="8.54" length="5.00" type="DEFAULT_CAR" gap="1.75"/>
    <instantOut id="235_D025" time="20543.25" state="stay" vehID="Car_9692" speed="8.54" length="5.00" type="DEFAULT_CAR"/>
    <instantOut id="235_D025" time="20543.50" state="stay" vehID="Car_9692" speed="7.79" length="5.00" type="DEFAULT_CAR"/>
    <instantOut id="235_D025" time="20543.64" state="leave" vehID="Car_9692" speed="7.04" length="5.00" type="DEFAULT_CAR" occupancy="0.63"/>
    <instantOut id="235_D025" time="20849.72" state="enter" vehID="Car_14230" speed="8.78" length="5.00" type="DEFAULT_CAR" gap="306.09"/>
    <instantOut id="235_D025" time="20849.75" state="stay" vehID="Car_14230" speed="8.78" length="5.00" type="DEFAULT_CAR"/>
    <instantOut id="235_D025" time="20850.00" state="stay" vehID="Car_14230" speed="8.07" length="5.00" type="DEFAULT_CAR"/>
    <instantOut id="235_D025" time="20850.25" state="stay" vehID="Car_14230" speed="7.46" length="5.00" type="DEFAULT_CAR"/>
    <instantOut id="235_D025" time="20850.38" state="leave" vehID="Car_14230" speed="6.71" length="5.00" type="DEFAULT_CAR" occupancy="0.66"/>
    <instantOut id="235_D025" time="21258.25" state="enter" vehID="Car_8312" speed="8.18" length="5.00" type="DEFAULT_CAR" gap="407.87"/>
    <instantOut id="235_D025" time="21258.25" state="stay" vehID="Car_8312" speed="8.18" length="5.00" type="DEFAULT_CAR"/>
    <instantOut id="235_D025" time="21258.50" state="stay" vehID="Car_8312" speed="7.60" length="5.00" type="DEFAULT_CAR"/>
    <instantOut id="235_D025" time="21258.75" state="stay" vehID="Car_8312" speed="6.91" length="5.00" type="DEFAULT_CAR"/>
    <instantOut id="235_D025" time="21258.97" state="leave" vehID="Car_8312" speed="6.16" length="5.00" type="DEFAULT_CAR" occupancy="0.72"/>
    <instantOut id="235_D025" time="21260.36" state="enter" vehID="Car_9691" speed="5.88" length="5.00" type="DEFAULT_CAR" gap="1.39"/>
    <instantOut id="235_D025" time="21260.50" state="stay" vehID="Car_9691" speed="5.88" length="5.00" type="DEFAULT_CAR"/>
    <instantOut id="235_D025" time="21260.75" state="stay" vehID="Car_9691" speed="6.29" length="5.00" type="DEFAULT_CAR"/>
    <instantOut id="235_D025" time="21261.00" state="stay" vehID="Car_9691" speed="6.16" length="5.00" type="DEFAULT_CAR"/>
    <instantOut id="235_D025" time="21261.18" state="leave" vehID="Car_9691" speed="5.88" length="5.00" type="DEFAULT_CAR" occupancy="0.82"/>
    <instantOut id="235_D025" time="21636.71" state="enter" vehID="Car_21120" speed="7.43" length="5.00" type="DEFAULT_CAR" gap="375.54"/>
    <instantOut id="235_D025" time="21636.75" state="stay" vehID="Car_21120" speed="7.43" length="5.00" type="DEFAULT_CAR"/>
    <instantOut id="235_D025" time="21637.00" state="stay" vehID="Car_21120" speed="6.68" length="5.00" type="DEFAULT_CAR"/>
    <instantOut id="235_D025" time="21637.25" state="stay" vehID="Car_21120" speed="5.93" length="5.00" type="DEFAULT_CAR"/>
    <instantOut id="235_D025" time="21637.50" state="stay" vehID="Car_21120" speed="5.23" length="5.00" type="DEFAULT_CAR"/>
    <instantOut id="235_D025" time="21637.56" state="leave" vehID="Car_21120" speed="4.48" length="5.00" type="DEFAULT_CAR" occupancy="0.85"/>
    <instantOut id="235_D025" time="22048.54" state="enter" vehID="Car_17289" speed="11.03" length="5.00" type="DEFAULT_CAR" gap="410.98"/>
    <instantOut id="235_D025" time="22048.75" state="stay" vehID="Car_17289" speed="11.03" length="5.00" type="DEFAULT_CAR"/>
    <instantOut id="235_D025" time="22049.00" state="stay" vehID="Car_17289" speed="10.28" length="5.00" type="DEFAULT_CAR"/>
    <instantOut id="235_D025" time="22049.01" state="leave" vehID="Car_17289" speed="9.53" length="5.00" type="DEFAULT_CAR" occupancy="0.47"/>
    <instantOut id="235_D025" time="22294.10" state="enter" vehID="Car_21143" speed="6.82" length="5.00" type="DEFAULT_CAR" gap="245.09"/>
    <instantOut id="235_D025" time="22294.25" state="stay" vehID="Car_21143" speed="6.82" length="5.00" type="DEFAULT_CAR"/>
    <instantOut id="235_D025" time="22294.50" state="stay" vehID="Car_21143" speed="7.41" length="5.00" type="DEFAULT_CAR"/>
    <instantOut id="235_D025" time="22294.75" state="stay" vehID="Car_21143" speed="8.04" length="5.00" type="DEFAULT_CAR"/>
    <instantOut id="235_D025" time="22294.76" state="leave" vehID="Car_21143" speed="7.57" length="5.00" type="DEFAULT_CAR" occupancy="0.67"/>
    <instantOut id="235_D025" time="22849.70" state="enter" vehID="Car_17389" speed="9.64" length="5.00" type="DEFAULT_CAR" gap="554.94"/>
    <instantOut id="235_D025" time="22849.75" state="stay" vehID="Car_17389" speed="9.64" length="5.00" type="DEFAULT_CAR"/>
    <instantOut id="235_D025" time="22850.00" state="stay" vehID="Car_17389" speed="10.49" length="5.00" type="DEFAULT_CAR"/>
    <instantOut id="235_D025" time="22850.19" state="leave" vehID="Car_17389" speed="10.27" length="5.00" type="DEFAULT_CAR" occupancy="0.48"/>
    <instantOut id="235_D025" time="23465.12" state="enter" vehID="Car_21183" speed="12.09" length="5.00" type="DEFAULT_CAR" gap="614.93"/>
    <instantOut id="235_D025" time="23465.25" state="stay" vehID="Car_21183" speed="12.09" length="5.00" type="DEFAULT_CAR"/>
    <instantOut id="235_D025" time="23465.50" state="stay" vehID="Car_21183" speed="11.34" length="5.00" type="DEFAULT_CAR"/>
    <instantOut id="235_D025" time="23465.55" state="leave" vehID="Car_21183" speed="10.59" length="5.00" type="DEFAULT_CAR" occupancy="0.44"/>
    <instantOut id="235_D025" time="23581.48" state="enter" vehID="Car_13356" speed="9.78" length="5.00" type="DEFAULT_CAR" gap="115.92"/>
    <instantOut id="235_D025" time="23581.50" state="stay" vehID="Car_13356" speed="9.78" length="5.00" type="DEFAULT_CAR"/>
    <instantOut id="235_D025" time="23581.75" state="stay" vehID="Car_13356" speed="10.24" length="5.00" type="DEFAULT_CAR"/>
    <instantOut id="235_D025" time="23581.98" state="leave" vehID="Car_13356" speed="9.49" length="5.00" type="DEFAULT_CAR" occupancy="0.51"/>
    <instantOut id="235_D025" time="24912.69" state="enter" vehID="Car_17584" speed="10.47" length="5.00" type="DEFAULT_CAR" gap="1330.70"/>
    <instantOut id="235_D025" time="24912.75" state="stay" vehID="Car_17584" speed="10.47" length="5.00" type="DEFAULT_CAR"/>
    <instantOut id="235_D025" time="24913.00" state="stay" vehID="Car_17584" speed="10.26" length="5.00" type="DEFAULT_CAR"/>
    <instantOut id="235_D025" time="24913.18" state="leave" vehID="Car_17584" speed="9.51" length="5.00" type="DEFAULT_CAR" occupancy="0.50"/>
    <instantOut id="235_D025" time="25445.71" state="enter" vehID="Car_8313" speed="9.27" length="5.00" type="DEFAULT_CAR" gap="532.53"/>
    <instantOut id="235_D025" time="25445.75" state="stay" vehID="Car_8313" speed="9.27" length="5.00" type="DEFAULT_CAR"/>
    <instantOut id="235_D025" time="25446.00" state="stay" vehID="Car_8313" speed="8.52" length="5.00" type="DEFAULT_CAR"/>
    <instantOut id="235_D025" time="25446.25" state="stay" vehID="Car_8313" speed="7.78" length="5.00" type="DEFAULT_CAR"/>
    <instantOut id="235_D025" time="25446.33" state="leave" vehID="Car_8313" speed="7.14" length="5.00" type="DEFAULT_CAR" occupancy="0.62"/>
    <instantOut id="235_D025" time="25450.04" state="enter" vehID="Car_9693" speed="7.06" length="5.00" type="DEFAULT_CAR" gap="3.71"/>
    <instantOut id="235_D025" time="25450.25" state="stay" vehID="Car_9693" speed="7.06" length="5.00" type="DEFAULT_CAR"/>
    <instantOut id="235_D025" time="25450.50" state="stay" vehID="Car_9693" speed="6.31" length="5.00" type="DEFAULT_CAR"/>
    <instantOut id="235_D025" time="25450.75" state="stay" vehID="Car_9693" speed="5.56" length="5.00" type="DEFAULT_CAR"/>
    <instantOut id="235_D025" time="25450.86" state="leave" vehID="Car_9693" speed="5.18" length="5.00" type="DEFAULT_CAR" occupancy="0.82"/>
    <instantOut id="235_D025" time="26009.79" state="enter" vehID="Car_8314" speed="7.53" length="5.00" type="DEFAULT_CAR" gap="558.93"/>
    <instantOut id="235_D025" time="26010.00" state="stay" vehID="Car_8314" speed="7.53" length="5.00" type="DEFAULT_CAR"/>
    <instantOut id="235_D025" time="26010.25" state="stay" vehID="Car_8314" speed="6.78" length="5.00" type="DEFAULT_CAR"/>
    <instantOut id="235_D025" time="26010.50" state="stay" vehID="Car_8314" speed="6.03" length="5.00" type="DEFAULT_CAR"/>
    <instantOut id="235_D025" time="26010.54" state="leave" vehID="Car_8314" speed="5.28" length="5.00" type="DEFAULT_CAR" occupancy="0.75"/>
    <instantOut id="235_D025" time="26015.86" state="enter" vehID="Car_9696" speed="6.67" length="5.00" type="DEFAULT_CAR" gap="5.32"/>
    <instantOut id="235_D025" time="26016.00" state="stay" vehID="Car_9696" speed="6.67" length="5.00" type="DEFAULT_CAR"/>
    <instantOut id="235_D025" time="26016.25" state="stay" vehID="Car_9696" speed="6.12" length="5.00" type="DEFAULT_CAR"/>
    <instantOut id="235_D025" time="26016.50" state="stay" vehID="Car_9696" speed="5.37" length="5.00" type="DEFAULT_CAR"/>
    <instantOut id="235_D025" time="26016.75" state="stay" vehID="Car_9696" speed="4.64" length="5.00" type="DEFAULT_CAR"/>
    <instantOut id="235_D025" time="26016.75" state="leave" vehID="Car_9696" speed="3.89" length="5.00" type="DEFAULT_CAR" occupancy="0.90"/>
    <instantOut id="235_D025" time="26018.72" state="enter" vehID="Car_8315" speed="4.87" length="5.00" type="DEFAULT_CAR" gap="1.97"/>
    <instantOut id="235_D025" time="26018.75" state="stay" vehID="Car_8315" speed="4.87" length="5.00" type="DEFAULT_CAR"/>
    <instantOut id="235_D025" time="26019.00" state="stay" vehID="Car_8315" speed="4.73" length="5.00" type="DEFAULT_CAR"/>
    <instantOut id="235_D025" time="26019.25" state="stay" vehID="Car_8315" speed="4.57" length="5.00" type="DEFAULT_CAR"/>
    <instantOut id="235_D025" time="26019.50" state="stay" vehID="Car_8315" speed="4.78" length="5.00" type="DEFAULT_CAR"/>
    <instantOut id="235_D025" time="26019.75" state="stay" vehID="Car_8315" speed="4.16" length="5.00" type="DEFAULT_CAR"/>
    <instantOut id="235_D025" time="26019.81" state="leave" vehID="Car_8315" speed="4.56" length="5.00" type="DEFAULT_CAR" occupancy="1.09"/>
    <instantOut id="235_D025" time="26020.95" state="enter" vehID="Car_9695" speed="5.95" length="5.00" type="DEFAULT_CAR" gap="1.14"/>
    <instantOut id="235_D025" time="26021.00" state="stay" vehID="Car_9695" speed="5.95" length="5.00" type="DEFAULT_CAR"/>
    <instantOut id="235_D025" time="26021.25" state="stay" vehID="Car_9695" speed="5.63" length="5.00" type="DEFAULT_CAR"/>
    <instantOut id="235_D025" time="26021.50" state="stay" vehID="Car_9695" speed="5.68" length="5.00" type="DEFAULT_CAR"/>
    <instantOut id="235_D025" time="26021.75" state="stay" vehID="Car_9695" speed="5.58" length="5.00" type="DEFAULT_CAR"/>
    <instantOut id="235_D025" time="26021.83" state="leave" vehID="Car_9695" speed="5.89" length="5.00" type="DEFAULT_CAR" occupancy="0.88"/>
    <instantOut id="235_D025" time="26027.82" state="enter" vehID="Car_8316" speed="7.15" length="5.00" type="DEFAULT_CAR" gap="5.99"/>
    <instantOut id="235_D025" time="26028.00" state="stay" vehID="Car_8316" speed="7.15" length="5.00" type="DEFAULT_CAR"/>
    <instantOut id="235_D025" time="26028.25" state="stay" vehID="Car_8316" speed="6.66" length="5.00" type="DEFAULT_CAR"/>
    <instantOut id="235_D025" time="26028.50" state="stay" vehID="Car_8316" speed="5.93" length="5.00" type="DEFAULT_CAR"/>
    <instantOut id="235_D025" time="26028.61" state="leave" vehID="Car_8316" speed="5.21" length="5.00" type="DEFAULT_CAR" occupancy="0.79"/>
    <instantOut id="235_D025" time="26030.15" state="enter" vehID="Car_9694" speed="4.90" length="5.00" type="DEFAULT_CAR" gap="1.54"/>
    <instantOut id="235_D025" time="26030.25" state="stay" vehID="Car_9694" speed="4.90" length="5.00" type="DEFAULT_CAR"/>
    <instantOut id="235_D025" time="26030.50" state="stay" vehID="Car_9694" speed="5.16" length="5.00" type="DEFAULT_CAR"/>
    <instantOut id="235_D025" time="26030.75" state="stay" vehID="Car_9694" speed="4.82" length="5.00" type="DEFAULT_CAR"/>
    <instantOut id="235_D025" time="26031.00" state="stay" vehID="Car_9694" speed="5.27" length="5.00" type="DEFAULT_CAR"/>
    <instantOut id="235_D025" time="26031.14" state="leave" vehID="Car_9694" speed="5.01" length="5.00" type="DEFAULT_CAR" occupancy="0.99"/>
    <instantOut id="235_D025" time="26150.48" state="enter" vehID="Car_17711" speed="8.95" length="5.00" type="DEFAULT_CAR" gap="119.34"/>
    <instantOut id="235_D025" time="26150.50" state="stay" vehID="Car_17711" speed="8.95" length="5.00" type="DEFAULT_CAR"/>
    <instantOut id="235_D025" time="26150.75" state="stay" vehID="Car_17711" speed="8.20" length="5.00" type="DEFAULT_CAR"/>
    <instantOut id="235_D025" time="26151.00" state="stay" vehID="Car_17711" speed="7.45" length="5.00" type="DEFAULT_CAR"/>
    <instantOut id="235_D025" time="26151.13" state="leave" vehID="Car_17711" speed="6.72" length="5.00" type="DEFAULT_CAR" occupancy="0.65"/>
    <instantOut id="235_D025" time="26804.36" state="enter" vehID="Car_12600" speed="9.98" length="5.00" type="DEFAULT_CAR" gap="653.23"/>
    <instantOut id="235_D025" time="26804.50" state="stay" vehID="Car_12600" speed="9.98" length="5.00" type="DEFAULT_CAR"/>
    <instantOut id="235_D025" time="26804.75" state="stay" vehID="Car_12600" speed="9.23" length="5.00" type="DEFAULT_CAR"/>
    <instantOut id="235_D025" time="26804.91" state="leave" vehID="Car_12600" speed="8.48" length="5.00" type="DEFAULT_CAR" occupancy="0.54"/>
    <instantOut id="235_D025" time="27298.53" state="enter" vehID="Car_17842" speed="7.42" length="5.00" type="DEFAULT_CAR" gap="493.62"/>
    <instantOut id="235_D025" time="27298.75" state="stay" vehID="Car_17842" speed="7.42" length="5.00" type="DEFAULT_CAR"/>
    <instantOut id="235_D025" time="27299.00" state="stay" vehID="Car_17842" speed="6.67" length="5.00" type="DEFAULT_CAR"/>
    <instantOut id="235_D025" time="27299.25" state="stay" vehID="Car_17842" speed="5.92" length="5.00" type="DEFAULT_CAR"/>
    <instantOut id="235_D025" time="27299.29" state="leave" vehID="Car_17842" speed="5.17" length="5.00" type="DEFAULT_CAR" occupancy="0.76"/>
    <instantOut id="235_D025" time="27524.99" state="enter" vehID="Car_12636" speed="10.92" length="5.00" type="DEFAULT_CAR" gap="225.70"/>
    <instantOut id="235_D025" time="27525.00" state="stay" vehID="Car_12636" speed="10.92" length="5.00" type="DEFAULT_CAR"/>
    <instantOut id="235_D025" time="27525.25" state="stay" vehID="Car_12636" speed="10.17" length="5.00" type="DEFAULT_CAR"/>
    <instantOut id="235_D025" time="27525.50" state="leave" vehID="Car_12636" speed="9.42" length="5.00" type="DEFAULT_CAR" occupancy="0.51"/>
    <instantOut id="235_D025" time="27536.45" state="enter" vehID="Car_8317" speed="9.93" length="5.00" type="DEFAULT_CAR" gap="10.95"/>
    <instantOut id="235_D025" time="27536.50" state="stay" vehID="Car_8317" speed="9.93" length="5.00" type="DEFAULT_CAR"/>
    <instantOut id="235_D025" time="27536.75" state="stay" vehID="Car_8317" speed="10.85" length="5.00" type="DEFAULT_CAR"/>
    <instantOut id="235_D025" time="27536.92" state="leave" vehID="Car_8317" speed="10.21" length="5.00" type="DEFAULT_CAR" occupancy="0.48"/>
    <instantOut id="235_D025" time="27538.46" state="enter" vehID="Car_9698" speed="9.62" length="5.00" type="DEFAULT_CAR" gap="1.53"/>
    <instantOut id="235_D025" time="27538.50" state="stay" vehID="Car_9698" speed="9.62" length="5.00" type="DEFAULT_CAR"/>
    <instantOut id="235_D025" time="27538.75" state="stay" vehID="Car_9698" speed="10.44" length="5.00" type="DEFAULT_CAR"/>
    <instantOut id="235_D025" time="27538.95" state="leave" vehID="Car_9698" speed="9.69" length="5.00" type="DEFAULT_CAR" occupancy="0.50"/>
    <instantOut id="235_D025" time="27646.76" state="enter" vehID="Car_8318" speed="8.46" length="5.00" type="DEFAULT_CAR" gap="107.80"/>
    <instantOut id="235_D025" time="27647.00" state="stay" vehID="Car_8318" speed="8.46" length="5.00" type="DEFAULT_CAR"/>
    <instantOut id="235_D025" time="27647.25" state="stay" vehID="Car_8318" speed="7.71" length="5.00" type="DEFAULT_CAR"/>
    <instantOut id="235_D025" time="27647.39" state="leave" vehID="Car_8318" speed="7.02" length="5.00" type="DEFAULT_CAR" occupancy="0.64"/>
    <instantOut id="235_D025" time="27652.74" state="enter" vehID="Car_9697" speed="8.49" length="5.00" type="DEFAULT_CAR" gap="5.35"/>
    <instantOut id="235_D025" time="27652.75" state="stay" vehID="Car_9697" speed="8.49" length="5.00" type="DEFAULT_CAR"/>
    <instantOut id="235_D025" time="27653.00" state="stay" vehID="Car_9697" speed="7.74" length="5.00" type="DEFAULT_CAR"/>
    <instantOut id="235_D025" time="27653.25" state="stay" vehID="Car_9697" speed="6.99" length="5.00" type="DEFAULT_CAR"/>
    <instantOut id="235_D025" time="27653.45" state="leave" vehID="Car_9697" speed="6.24" length="5.00" type="DEFAULT_CAR" occupancy="0.71"/>
    <instantOut id="235_D025" time="27814.98" state="enter" vehID="Car_21380" speed="9.25" length="5.00" type="DEFAULT_CAR" gap="161.53"/>
    <instantOut id="235_D025" time="27815.00" state="stay" vehID="Car_21380" speed="9.25" length="5.00" type="DEFAULT_CAR"/>
    <instantOut id="235_D025" time="27815.25" state="stay" vehID="Car_21380" speed="8.50" length="5.00" type="DEFAULT_CAR"/>
    <instantOut id="235_D025" time="27815.50" state="stay" vehID="Car_21380" speed="7.75" length="5.00" type="DEFAULT_CAR"/>
    <instantOut id="235_D025" time="27815.61" state="leave" vehID="Car_21380" speed="7.00" length="5.00" type="DEFAULT_CAR" occupancy="0.63"/>
    <instantOut id="235_D025" time="28670.24" state="enter" vehID="Car_13460" speed="8.75" length="5.00" type="DEFAULT_CAR" gap="854.63"/>
    <instantOut id="235_D025" time="28670.25" state="stay" vehID="Car_13460" speed="8.75" length="5.00" type="DEFAULT_CAR"/>
    <instantOut id="235_D025" time="28670.50" state="stay" vehID="Car_13460" speed="8.25" length="5.00" type="DEFAULT_CAR"/>
    <instantOut id="235_D025" time="28670.75" state="stay" vehID="Car_13460" speed="7.50" length="5.00" type="DEFAULT_CAR"/>
    <instantOut id="235_D025" time="28670.89" state="leave" vehID="Car_13460" speed="6.75" length="5.00" type="DEFAULT_CAR" occupancy="0.65"/>
    <instantOut id="235_D025" time="28916.46" state="enter" vehID="Car_14475" speed="10.07" length="5.00" type="DEFAULT_CAR" gap="245.57"/>
    <instantOut id="235_D025" time="28916.50" state="stay" vehID="Car_14475" speed="10.07" length="5.00" type="DEFAULT_CAR"/>
    <instantOut id="235_D025" time="28916.75" state="stay" vehID="Car_14475" speed="9.32" length="5.00" type="DEFAULT_CAR"/>
    <instantOut id="235_D025" time="28917.00" state="stay" vehID="Car_14475" speed="8.57" length="5.00" type="DEFAULT_CAR"/>
    <instantOut id="235_D025" time="28917.02" state="leave" vehID="Car_14475" speed="7.82" length="5.00" type="DEFAULT_CAR" occupancy="0.56"/>
    <instantOut id="235_D025" time="29010.03" state="enter" vehID="Car_12689" speed="7.63" length="5.00" type="DEFAULT_CAR" gap="93.01"/>
    <instantOut id="235_D025" time="29010.25" state="stay" vehID="Car_12689" speed="7.63" length="5.00" type="DEFAULT_CAR"/>
    <instantOut id="235_D025" time="29010.50" state="stay" vehID="Car_12689" speed="8.51" length="5.00" type="DEFAULT_CAR"/>
    <instantOut id="235_D025" time="29010.66" state="leave" vehID="Car_12689" speed="7.76" length="5.00" type="DEFAULT_CAR" occupancy="0.62"/>
    <instantOut id="235_D025" time="29250.49" state="enter" vehID="Car_8319" speed="9.41" length="5.00" type="DEFAULT_CAR" gap="239.83"/>
    <instantOut id="235_D025" time="29250.50" state="stay" vehID="Car_8319" speed="9.41" length="5.00" type="DEFAULT_CAR"/>
    <instantOut id="235_D025" time="29250.75" state="stay" vehID="Car_8319" speed="10.17" length="5.00" type="DEFAULT_CAR"/>
    <instantOut id="235_D025" time="29250.97" state="leave" vehID="Car_8319" speed="10.65" length="5.00" type="DEFAULT_CAR" occupancy="0.48"/>
    <instantOut id="235_D025" time="29253.24" state="enter" vehID="Car_9699" speed="10.04" length="5.00" type="DEFAULT_CAR" gap="2.27"/>
    <instantOut id="235_D025" time="29253.25" state="stay" vehID="Car_9699" speed="10.04" length="5.00" type="DEFAULT_CAR"/>
    <instantOut id="235_D025" time="29253.50" state="stay" vehID="Car_9699" speed="9.62" length="5.00" type="DEFAULT_CAR"/>
    <instantOut id="235_D025" time="29253.75" state="stay" vehID="Car_9699" speed="8.87" length="5.00" type="DEFAULT_CAR"/>
    <instantOut id="235_D025" time="29253.79" state="leave" vehID="Car_9699" speed="8.28" length="5.00" type="DEFAULT_CAR" occupancy="0.54"/>
    <instantOut id="235_D025" time="29586.24" state="enter" vehID="Car_18123" speed="9.22" length="5.00" type="DEFAULT_CAR" gap="332.45"/>
    <instantOut id="235_D025" time="29586.25" state="stay" vehID="Car_18123" speed="9.22" length="5.00" type="DEFAULT_CAR"/>
    <instantOut id="235_D025" time="29586.50" state="stay" vehID="Car_18123" speed="9.79" length="5.00" type="DEFAULT_CAR"/>
    <instantOut id="235_D025" time="29586.75" state="stay" vehID="Car_18123" speed="9.34" length="5.00" type="DEFAULT_CAR"/>
    <instantOut id="235_D025" time="29586.76" state="leave" vehID="Car_18123" speed="8.60" length="5.00" type="DEFAULT_CAR" occupancy="0.52"/>
    <instantOut id="235_D025" time="29987.01" state="enter" vehID="Car_8320" speed="10.11" length="5.00" type="DEFAULT_CAR" gap="400.25"/>
    <instantOut id="235_D025" time="29987.25" state="stay" vehID="Car_8320" speed="10.11" length="5.00" type="DEFAULT_CAR"/>
    <instantOut id="235_D025" time="29987.50" state="stay" vehID="Car_8320" speed="9.36" length="5.00" type="DEFAULT_CAR"/>
    <instantOut id="235_D025" time="29987.53" state="leave" vehID="Car_8320" speed="8.61" length="5.00" type="DEFAULT_CAR" occupancy="0.52"/>
    <instantOut id="235_D025" time="29989.29" state="enter" vehID="Car_9700" speed="11.88" length="5.00" type="DEFAULT_CAR" gap="1.77"/>
    <instantOut id="235_D025" time="29989.50" state="stay" vehID="Car_9700" speed="11.88" length="5.00" type="DEFAULT_CAR"/>
    <instantOut id="235_D025" time="29989.71" state="leave" vehID="Car_9700" speed="12.27" length="5.00" type="DEFAULT_CAR" occupancy="0.41"/>
    <instantOut id="235_D025" time="30664.18" state="enter" vehID="Car_13499" speed="10.64" length="5.00" type="DEFAULT_CAR" gap="674.48"/>
    <instantOut id="235_D025" time="30664.25" state="stay" vehID="Car_13499" speed="10.64" length="5.00" type="DEFAULT_CAR"/>
    <instantOut id="235_D025" time="30664.50" state="stay" vehID="Car_13499" speed="10.38" length="5.00" type="DEFAULT_CAR"/>
    <instantOut id="235_D025" time="30664.68" state="leave" vehID="Car_13499" speed="9.65" length="5.00" type="DEFAULT_CAR" occupancy="0.49"/>
    <instantOut id="235_D025" time="30931.24" state="enter" vehID="Car_13504" speed="8.84" length="5.00" type="DEFAULT_CAR" gap="266.56"/>
    <instantOut id="235_D025" time="30931.25" state="stay" vehID="Car_13504" speed="8.84" length="5.00" type="DEFAULT_CAR"/>
    <instantOut id="235_D025" time="30931.50" state="stay" vehID="Car_13504" speed="8.33" length="5.00" type="DEFAULT_CAR"/>
    <instantOut id="235_D025" time="30931.75" state="stay" vehID="Car_13504" speed="7.58" length="5.00" type="DEFAULT_CAR"/>
    <instantOut id="235_D025" time="30931.88" state="leave" vehID="Car_13504" speed="6.83" length="5.00" type="DEFAULT_CAR" occupancy="0.65"/>
    <instantOut id="235_D025" time="31052.44" state="enter" vehID="Car_14534" speed="9.74" length="5.00" type="DEFAULT_CAR" gap="120.56"/>
    <instantOut id="235_D025" time="31052.50" state="stay" vehID="Car_14534" speed="9.74" length="5.00" type="DEFAULT_CAR"/>
    <instantOut id="235_D025" time="31052.75" state="stay" vehID="Car_14534" speed="10.43" length="5.00" type="DEFAULT_CAR"/>
    <instantOut id="235_D025" time="31052.93" state="leave" vehID="Car_14534" speed="10.36" length="5.00" type="DEFAULT_CAR" occupancy="0.48"/>
    <instantOut id="235_D025" time="31477.95" state="enter" vehID="Car_8321" speed="9.07" length="5.00" type="DEFAULT_CAR" gap="425.02"/>
    <instantOut id="235_D025" time="31478.00" state="stay" vehID="Car_8321" speed="9.07" length="5.00" type="DEFAULT_CAR"/>
    <instantOut id="235_D025" time="31478.25" state="stay" vehID="Car_8321" speed="8.36" length="5.00" type="DEFAULT_CAR"/>
    <instantOut id="235_D025" time="31478.50" state="stay" vehID="Car_8321" speed="7.61" length="5.00" type="DEFAULT_CAR"/>
    <instantOut id="235_D025" time="31478.58" state="leave" vehID="Car_8321" speed="6.86" length="5.00" type="DEFAULT_CAR" occupancy="0.63"/>
    <instantOut id="235_D025" time="31481.08" state="enter" vehID="Car_9701" speed="7.25" length="5.00" type="DEFAULT_CAR" gap="2.50"/>
    <instantOut id="235_D025" time="31481.25" state="stay" vehID="Car_9701" speed="7.25" length="5.00" type="DEFAULT_CAR"/>
    <instantOut id="235_D025" time="31481.50" state="stay" vehID="Car_9701" speed="6.81" length="5.00" type="DEFAULT_CAR"/>
    <instantOut id="235_D025" time="31481.75" state="stay" vehID="Car_9701" speed="6.06" length="5.00" type="DEFAULT_CAR"/>
    <instantOut id="235_D025" time="31481.85" state="leave" vehID="Car_9701" speed="5.31" length="5.00" type="DEFAULT_CAR" occupancy="0.77"/>
    <instantOut id="235_D025" time="31766.29" state="enter" vehID="Car_21512" speed="11.01" length="5.00" type="DEFAULT_CAR" gap="284.44"/>
    <instantOut id="235_D025" time="31766.50" state="stay" vehID="Car_21512" speed="11.01" length="5.00" type="DEFAULT_CAR"/>
    <instantOut id="235_D025" time="31766.75" state="stay" vehID="Car_21512" speed="10.29" length="5.00" type="DEFAULT_CAR"/>
    <instantOut id="235_D025" time="31766.76" state="leave" vehID="Car_21512" speed="9.54" length="5.00" type="DEFAULT_CAR" occupancy="0.47"/>
    <instantOut id="235_D025" time="32642.25" state="enter" vehID="Car_12788" speed="8.70" length="5.00" type="DEFAULT_CAR" gap="875.49"/>
    <instantOut id="235_D025" time="32642.25" state="stay" vehID="Car_12788" speed="8.70" length="5.00" type="DEFAULT_CAR"/>
    <instantOut id="235_D025" time="32642.50" state="stay" vehID="Car_12788" speed="8.16" length="5.00" type="DEFAULT_CAR"/>
    <instantOut id="235_D025" time="32642.75" state="stay" vehID="Car_12788" speed="7.54" length="5.00" type="DEFAULT_CAR"/>
    <instantOut id="235_D025" time="32642.90" state="leave" vehID="Car_12788" speed="7.14" length="5.00" type="DEFAULT_CAR" occupancy="0.65"/>
    <instantOut id="235_D025" time="32751.44" state="enter" vehID="Car_13536" speed="9.28" length="5.00" type="DEFAULT_CAR" gap="108.54"/>
    <instantOut id="235_D025" time="32751.50" state="stay" vehID="Car_13536" speed="9.28" length="5.00" type="DEFAULT_CAR"/>
    <instantOut id="235_D025" time="32751.75" state="stay" vehID="Car_13536" speed="8.53" length="5.00" type="DEFAULT_CAR"/>
    <instantOut id="235_D025" time="32752.00" state="stay" vehID="Car_13536" speed="7.78" length="5.00" type="DEFAULT_CAR"/>
    <instantOut id="235_D025" time="32752.05" state="leave" vehID="Car_13536" speed="7.03" length="5.00" type="DEFAULT_CAR" occupancy="0.61"/>
    <instantOut id="235_D025" time="32917.94" state="enter" vehID="Car_14577" speed="11.07" length="5.00" type="DEFAULT_CAR" gap="165.88"/>
    <instantOut id="235_D025" time="32918.00" state="stay" vehID="Car_14577" speed="11.07" length="5.00" type="DEFAULT_CAR"/>
    <instantOut id="235_D025" time="32918.25" state="stay" vehID="Car_14577" speed="10.32" length="5.00" type="DEFAULT_CAR"/>
    <instantOut id="235_D025" time="32918.43" state="leave" vehID="Car_14577" speed="9.57" length="5.00" type="DEFAULT_CAR" occupancy="0.49"/>
    <instantOut id="235_D025" time="33132.99" state="enter" vehID="Car_21574" speed="9.79" length="5.00" type="DEFAULT_CAR" gap="214.56"/>
    <instantOut id="235_D025" time="33133.00" state="stay" vehID="Car_21574" speed="9.79" length="5.00" type="DEFAULT_CAR"/>
    <instantOut id="235_D025" time="33133.25" state="stay" vehID="Car_21574" speed="10.34" length="5.00" type="DEFAULT_CAR"/>
    <instantOut id="235_D025" time="33133.46" state="leave" vehID="Car_21574" speed="11.00" length="5.00" type="DEFAULT_CAR" occupancy="0.47"/>
    <instantOut id="235_D025" time="34376.23" state="enter" vehID="Car_8322" speed="8.50" length="5.00" type="DEFAULT_CAR" gap="1242.76"/>
    <instantOut id="235_D025" time="34376.25" state="stay" vehID="Car_8322" speed="8.50" length="5.00" type="DEFAULT_CAR"/>
    <instantOut id="235_D025" time="34376.50" state="stay" vehID="Car_8322" speed="7.75" length="5.00" type="DEFAULT_CAR"/>
    <instantOut id="235_D025" time="34376.75" state="stay" vehID="Car_8322" speed="7.36" length="5.00" type="DEFAULT_CAR"/>
    <instantOut id="235_D025" time="34376.90" state="leave" vehID="Car_8322" speed="6.61" length="5.00" type="DEFAULT_CAR" occupancy="0.68"/>
    <instantOut id="235_D025" time="34378.43" state="enter" vehID="Car_9702" speed="6.61" length="5.00" type="DEFAULT_CAR" gap="1.52"/>
    <instantOut id="235_D025" time="34378.50" state="stay" vehID="Car_9702" speed="6.61" length="5.00" type="DEFAULT_CAR"/>
    <instantOut id="235_D025" time="34378.75" state="stay" vehID="Car_9702" speed="6.83" length="5.00" type="DEFAULT_CAR"/>
    <instantOut id="235_D025" time="34379.00" state="stay" vehID="Car_9702" speed="6.50" length="5.00" type="DEFAULT_CAR"/>
    <instantOut id="235_D025" time="34379.16" state="leave" vehID="Car_9702" speed="7.40" length="5.00" type="DEFAULT_CAR" occupancy="0.73"/>
    <instantOut id="235_D025" time="35443.00" state="enter" vehID="Car_13569" speed="8.57" length="5.00" type="DEFAULT_CAR" gap="1063.84"/>
    <instantOut id="235_D025" time="35443.00" state="stay" vehID="Car_13569" speed="8.57" length="5.00" type="DEFAULT_CAR"/>
    <instantOut id="235_D025" time="35443.25" state="stay" vehID="Car_13569" speed="7.88" length="5.00" type="DEFAULT_CAR"/>
    <instantOut id="235_D025" time="35443.50" state="stay" vehID="Car_13569" speed="7.18" length="5.00" type="DEFAULT_CAR"/>
    <instantOut id="235_D025" time="35443.69" state="leave" vehID="Car_13569" speed="6.43" length="5.00" type="DEFAULT_CAR" occupancy="0.69"/>
    <instantOut id="235_D025" time="36782.04" state="enter" vehID="Car_19009" speed="7.19" length="5.00" type="DEFAULT_CAR" gap="1338.35"/>
    <instantOut id="235_D025" time="36782.25" state="stay" vehID="Car_19009" speed="7.19" length="5.00" type="DEFAULT_CAR"/>
    <instantOut id="235_D025" time="36782.50" state="stay" vehID="Car_19009" speed="6.44" length="5.00" type="DEFAULT_CAR"/>
    <instantOut id="235_D025" time="36782.75" state="stay" vehID="Car_19009" speed="5.69" length="5.00" type="DEFAULT_CAR"/>
    <instantOut id="235_D025" time="36782.84" state="leave" vehID="Car_19009" speed="4.94" length="5.00" type="DEFAULT_CAR" occupancy="0.80"/>
    <instantOut id="235_D025" time="36880.94" state="enter" vehID="Car_8323" speed="10.00" length="5.00" type="DEFAULT_CAR" gap="98.10"/>
    <instantOut id="235_D025" time="36881.00" state="stay" vehID="Car_8323" speed="10.00" length="5.00" type="DEFAULT_CAR"/>
    <instantOut id="235_D025" time="36881.25" state="stay" vehID="Car_8323" speed="10.05" length="5.00" type="DEFAULT_CAR"/>
    <instantOut id="235_D025" time="36881.45" state="leave" vehID="Car_8323" speed="9.37" length="5.00" type="DEFAULT_CAR" occupancy="0.51"/>
    <instantOut id="235_D025" time="36965.62" state="enter" vehID="Car_8324" speed="7.33" length="5.00" type="DEFAULT_CAR" gap="84.17"/>
    <instantOut id="235_D025" time="36965.75" state="stay" vehID="Car_8324" speed="7.33" length="5.00" type="DEFAULT_CAR"/>
    <instantOut id="235_D025" time="36966.00" state="stay" vehID="Car_8324" speed="7.50" length="5.00" type="DEFAULT_CAR"/>
    <instantOut id="235_D025" time="36966.25" state="stay" vehID="Car_8324" speed="6.75" length="5.00" type="DEFAULT_CAR"/>
    <instantOut id="235_D025" time="36966.33" state="leave" vehID="Car_8324" speed="6.13" length="5.00" type="DEFAULT_CAR" occupancy="0.71"/>
    <instantOut id="235_D025" time="37437.48" state="enter" vehID="Car_19085" speed="8.93" length="5.00" type="DEFAULT_CAR" gap="471.14"/>
    <instantOut id="235_D025" time="37437.50" state="stay" vehID="Car_19085" speed="8.93" length="5.00" type="DEFAULT_CAR"/>
    <instantOut id="235_D025" time="37437.75" state="stay" vehID="Car_19085" speed="8.26" length="5.00" type="DEFAULT_CAR"/>
    <instantOut id="235_D025" time="37438.00" state="stay" vehID="Car_19085" speed="7.51" length="5.00" type="DEFAULT_CAR"/>
    <instantOut id="235_D025" time="37438.12" state="leave" vehID="Car_19085" speed="6.76" length="5.00" type="DEFAULT_CAR" occupancy="0.65"/>
    <instantOut id="235_D025" time="37682.46" state="enter" vehID="Car_21662" speed="5.21" length="5.00" type="DEFAULT_CAR" gap="244.33"/>
    <instantOut id="235_D025" time="37682.50" state="stay" vehID="Car_21662" speed="5.21" length="5.00" type="DEFAULT_CAR"/>
    <instantOut id="235_D025" time="37682.75" state="stay" vehID="Car_21662" speed="5.18" length="5.00" type="DEFAULT_CAR"/>
    <instantOut id="235_D025" time="37683.00" state="stay" vehID="Car_21662" speed="5.02" length="5.00" type="DEFAULT_CAR"/>
    <instantOut id="235_D025" time="37683.25" state="stay" vehID="Car_21662" speed="4.46" length="5.00" type="DEFAULT_CAR"/>
    <instantOut id="235_D025" time="37683.50" state="stay" vehID="Car_21662" speed="3.76" length="5.00" type="DEFAULT_CAR"/>
    <instantOut id="235_D025" time="37683.55" state="leave" vehID="Car_21662" speed="3.53" length="5.00" type="DEFAULT_CAR" occupancy="1.09"/>
    <instantOut id="235_D025" time="38549.30" state="enter" vehID="Car_12914" speed="7.83" length="5.00" type="DEFAULT_CAR" gap="865.75"/>
    <instantOut id="235_D025" time="38549.50" state="stay" vehID="Car_12914" speed="7.83" length="5.00" type="DEFAULT_CAR"/>
    <instantOut id="235_D025" time="38549.75" state="stay" vehID="Car_12914" speed="7.08" length="5.00" type="DEFAULT_CAR"/>
    <instantOut id="235_D025" time="38550.00" state="stay" vehID="Car_12914" speed="6.33" length="5.00" type="DEFAULT_CAR"/>
    <instantOut id="235_D025" time="38550.02" state="leave" vehID="Car_12914" speed="5.58" length="5.00" type="DEFAULT_CAR" occupancy="0.72"/>
    <instantOut id="235_D025" time="40051.25" state="enter" vehID="Car_9703" speed="8.12" length="5.00" type="DEFAULT_CAR" gap="1501.23"/>
    <instantOut id="235_D025" time="40051.50" state="stay" vehID="Car_9703" speed="8.12" length="5.00" type="DEFAULT_CAR"/>
    <instantOut id="235_D025" time="40051.75" state="stay" vehID="Car_9703" speed="7.45" length="5.00" type="DEFAULT_CAR"/>
    <instantOut id="235_D025" time="40051.92" state="leave" vehID="Car_9703" speed="6.70" length="5.00" type="DEFAULT_CAR" occupancy="0.67"/>
    <instantOut id="235_D025" time="40406.23" state="enter" vehID="Car_9704" speed="9.45" length="5.00" type="DEFAULT_CAR" gap="354.31"/>
    <instantOut id="235_D025" time="40406.25" state="stay" vehID="Car_9704" speed="9.45" length="5.00" type="DEFAULT_CAR"/>
    <instantOut id="235_D025" time="40406.50" state="stay" vehID="Car_9704" speed="9.83" length="5.00" type="DEFAULT_CAR"/>
    <instantOut id="235_D025" time="40406.75" state="leave" vehID="Car_9704" speed="9.38" length="5.00" type="DEFAULT_CAR" occupancy="0.52"/>
    <instantOut id="235_D025" time="41464.47" state="enter" vehID="Car_13619" speed="9.38" length="5.00" type="DEFAULT_CAR" gap="1057.72"/>
    <instantOut id="235_D025" time="41464.50" state="stay" vehID="Car_13619" speed="9.38" length="5.00" type="DEFAULT_CAR"/>
    <instantOut id="235_D025" time="41464.75" state="stay" vehID="Car_13619" speed="9.15" length="5.00" type="DEFAULT_CAR"/>
    <instantOut id="235_D025" time="41465.00" state="stay" vehID="Car_13619" speed="8.40" length="5.00" type="DEFAULT_CAR"/>
    <instantOut id="235_D025" time="41465.05" state="leave" vehID="Car_13619" speed="7.65" length="5.00" type="DEFAULT_CAR" occupancy="0.57"/>
    <instantOut id="235_D025" time="42795.46" state="enter" vehID="Car_19793" speed="9.66" length="5.00" type="DEFAULT_CAR" gap="1330.42"/>
    <instantOut id="235_D025" time="42795.50" state="stay" vehID="Car_19793" speed="9.66" length="5.00" type="DEFAULT_CAR"/>
    <instantOut id="235_D025" time="42795.75" state="stay" vehID="Car_19793" speed="10.43" length="5.00" type="DEFAULT_CAR"/>
    <instantOut id="235_D025" time="42795.96" state="leave" vehID="Car_19793" speed="9.93" length="5.00" type="DEFAULT_CAR" occupancy="0.49"/>
    <instantOut id="235_D025" time="43157.20" state="enter" vehID="Car_12969" speed="9.83" length="5.00" type="DEFAULT_CAR" gap="361.24"/>
    <instantOut id="235_D025" time="43157.25" state="stay" vehID="Car_12969" speed="9.83" length="5.00" type="DEFAULT_CAR"/>
    <instantOut id="235_D025" time="43157.50" state="stay" vehID="Car_12969" speed="9.25" length="5.00" type="DEFAULT_CAR"/>
    <instantOut id="235_D025" time="43157.75" state="stay" vehID="Car_12969" speed="8.50" length="5.00" type="DEFAULT_CAR"/>
    <instantOut id="235_D025" time="43157.75" state="leave" vehID="Car_12969" speed="7.75" length="5.00" type="DEFAULT_CAR" occupancy="0.56"/>
    <instantOut id="235_D025" time="43359.74" state="enter" vehID="Car_19870" speed="8.28" length="5.00" type="DEFAULT_CAR" gap="201.99"/>
    <instantOut id="235_D025" time="43359.75" state="stay" vehID="Car_19870" speed="8.28" length="5.00" type="DEFAULT_CAR"/>
    <instantOut id="235_D025" time="43360.00" state="stay" vehID="Car_19870" speed="7.53" length="5.00" type="DEFAULT_CAR"/>
    <instantOut id="235_D025" time="43360.25" state="stay" vehID="Car_19870" speed="6.78" length="5.00" type="DEFAULT_CAR"/>
    <instantOut id="235_D025" time="43360.47" state="leave" vehID="Car_19870" speed="6.03" length="5.00" type="DEFAULT_CAR" occupancy="0.73"/>
    <instantOut id="235_D025" time="44052.94" state="enter" vehID="Car_14749" speed="9.50" length="5.00" type="DEFAULT_CAR" gap="692.47"/>
    <instantOut id="235_D025" time="44053.00" state="stay" vehID="Car_14749" speed="9.50" length="5.00" type="DEFAULT_CAR"/>
    <instantOut id="235_D025" time="44053.25" state="stay" vehID="Car_14749" speed="10.38" length="5.00" type="DEFAULT_CAR"/>
    <instantOut id="235_D025" time="44053.43" state="leave" vehID="Car_14749" speed="10.39" length="5.00" type="DEFAULT_CAR" occupancy="0.49"/>
    <instantOut id="235_D025" time="44466.99" state="enter" vehID="Car_12068" speed="6.81" length="5.00" type="DEFAULT_CAR" gap="413.56"/>
    <instantOut id="235_D025" time="44467.00" state="stay" vehID="Car_12068" speed="6.81" length="5.00" type="DEFAULT_CAR"/>
    <instantOut id="235_D025" time="44467.25" state="stay" vehID="Car_12068" speed="7.65" length="5.00" type="DEFAULT_CAR"/>
    <instantOut id="235_D025" time="44467.50" state="stay" vehID="Car_12068" speed="8.36" length="5.00" type="DEFAULT_CAR"/>
    <instantOut id="235_D025" time="44467.60" state="leave" vehID="Car_12068" speed="9.09" length="5.00" type="DEFAULT_CAR" occupancy="0.61"/>
    <instantOut id="235_D025" time="44494.75" state="enter" vehID="Car_13635" speed="9.82" length="5.00" type="DEFAULT_CAR" gap="27.14"/>
    <instantOut id="235_D025" time="44494.75" state="stay" vehID="Car_13635" speed="9.82" length="5.00" type="DEFAULT_CAR"/>
    <instantOut id="235_D025" time="44495.00" state="stay" vehID="Car_13635" speed="9.27" length="5.00" type="DEFAULT_CAR"/>
    <instantOut id="235_D025" time="44495.25" state="stay" vehID="Car_13635" speed="8.52" length="5.00" type="DEFAULT_CAR"/>
    <instantOut id="235_D025" time="44495.32" state="leave" vehID="Car_13635" speed="7.77" length="5.00" type="DEFAULT_CAR" occupancy="0.57"/>
    <instantOut id="235_D025" time="44980.47" state="enter" vehID="Car_12987" speed="9.49" length="5.00" type="DEFAULT_CAR" gap="485.15"/>
    <instantOut id="235_D025" time="44980.50" state="stay" vehID="Car_12987" speed="9.49" length="5.00" type="DEFAULT_CAR"/>
    <instantOut id="235_D025" time="44980.75" state="stay" vehID="Car_12987" speed="8.95" length="5.00" type="DEFAULT_CAR"/>
    <instantOut id="235_D025" time="44981.00" state="stay" vehID="Car_12987" speed="8.20" length="5.00" type="DEFAULT_CAR"/>
    <instantOut id="235_D025" time="44981.05" state="leave" vehID="Car_12987" speed="7.45" length="5.00" type="DEFAULT_CAR" occupancy="0.59"/>
    <instantOut id="235_D025" time="45711.03" state="enter" vehID="Car_12069" speed="6.69" length="5.00" type="DEFAULT_CAR" gap="729.97"/>
    <instantOut id="235_D025" time="45711.25" state="stay" vehID="Car_12069" speed="6.69" length="5.00" type="DEFAULT_CAR"/>
    <instantOut id="235_D025" time="45711.50" state="stay" vehID="Car_12069" speed="6.20" length="5.00" type="DEFAULT_CAR"/>
    <instantOut id="235_D025" time="45711.75" state="stay" vehID="Car_12069" speed="5.59" length="5.00" type="DEFAULT_CAR"/>
    <instantOut id="235_D025" time="45711.86" state="leave" vehID="Car_12069" speed="5.18" length="5.00" type="DEFAULT_CAR" occupancy="0.83"/>
</instantE1>
