<?xml version="1.0" encoding="UTF-8"?>

<!-- generated on 2025-02-28 17:06:19 by Eclipse SUMO GUI Version 1.19.0
<configuration xmlns:xsi="http://www.w3.org/2001/XMLSchema-instance" xsi:noNamespaceSchemaLocation="http://sumo.dlr.de/xsd/sumoConfiguration.xsd">

    <input>
        <net-file value="Network.net.xml"/>
        <route-files value="CarRoutes.rou.xml"/>
        <additional-files value="Sensors.add.xml"/>
    </input>

    <output>
        <emission-output value="logs/Emissions.xml"/>
        <summary-output value="logs/Log_summary.xml"/>
        <summary-output.period value="300"/>
        <tripinfo-output value="logs/TripInfos.xml"/>
    </output>

    <time>
        <begin value="0"/>
        <end value="86400"/>
        <step-length value="0.25"/>
    </time>

    <processing>
        <ignore-junction-blocker value="0.1"/>
        <time-to-teleport value="-1"/>
    </processing>

    <report>
        <verbose value="true"/>
        <no-step-log value="true"/>
    </report>

    <emissions>
        <device.emissions.period value="10"/>
    </emissions>

    <traci_server>
        <remote-port value="57612"/>
    </traci_server>

    <gui_only>
        <quit-on-end value="true"/>
        <start value="true"/>
    </gui_only>

</configuration>
-->

<instantE1 xmlns:xsi="http://www.w3.org/2001/XMLSchema-instance" xsi:noNamespaceSchemaLocation="http://sumo.dlr.de/xsd/instant_e1_file.xsd">
    <instantOut id="235_D025" time="636.65" state="enter" vehID="Car_503" speed="5.12" length="5.00" type="DEFAULT_CAR"/>
    <instantOut id="235_D025" time="636.75" state="stay" vehID="Car_503" speed="5.12" length="5.00" type="DEFAULT_CAR"/>
    <instantOut id="235_D025" time="637.00" state="stay" vehID="Car_503" speed="5.21" length="5.00" type="DEFAULT_CAR"/>
    <instantOut id="235_D025" time="637.25" state="stay" vehID="Car_503" speed="4.89" length="5.00" type="DEFAULT_CAR"/>
    <instantOut id="235_D025" time="637.50" state="stay" vehID="Car_503" speed="4.41" length="5.00" type="DEFAULT_CAR"/>
    <instantOut id="235_D025" time="637.73" state="leave" vehID="Car_503" speed="3.66" length="5.00" type="DEFAULT_CAR" occupancy="1.08"/>
    <instantOut id="235_D025" time="9803.45" state="enter" vehID="Car_5463" speed="9.79" length="5.00" type="DEFAULT_CAR" gap="9165.72"/>
    <instantOut id="235_D025" time="9803.50" state="stay" vehID="Car_5463" speed="9.79" length="5.00" type="DEFAULT_CAR"/>
    <instantOut id="235_D025" time="9803.75" state="stay" vehID="Car_5463" speed="9.04" length="5.00" type="DEFAULT_CAR"/>
    <instantOut id="235_D025" time="9804.00" state="stay" vehID="Car_5463" speed="8.29" length="5.00" type="DEFAULT_CAR"/>
    <instantOut id="235_D025" time="9804.03" state="leave" vehID="Car_5463" speed="7.59" length="5.00" type="DEFAULT_CAR" occupancy="0.57"/>
    <instantOut id="235_D025" time="9969.99" state="enter" vehID="Car_5429" speed="6.90" length="5.00" type="DEFAULT_CAR" gap="165.97"/>
    <instantOut id="235_D025" time="9970.00" state="stay" vehID="Car_5429" speed="6.90" length="5.00" type="DEFAULT_CAR"/>
    <instantOut id="235_D025" time="9970.25" state="stay" vehID="Car_5429" speed="7.57" length="5.00" type="DEFAULT_CAR"/>
    <instantOut id="235_D025" time="9970.50" state="stay" vehID="Car_5429" speed="8.14" length="5.00" type="DEFAULT_CAR"/>
    <instantOut id="235_D025" time="9970.64" state="leave" vehID="Car_5429" speed="7.55" length="5.00" type="DEFAULT_CAR" occupancy="0.64"/>
    <instantOut id="235_D025" time="13319.95" state="enter" vehID="Car_7270" speed="7.06" length="5.00" type="DEFAULT_CAR" gap="3349.31"/>
    <instantOut id="235_D025" time="13320.00" state="stay" vehID="Car_7270" speed="7.06" length="5.00" type="DEFAULT_CAR"/>
    <instantOut id="235_D025" time="13320.25" state="stay" vehID="Car_7270" speed="7.66" length="5.00" type="DEFAULT_CAR"/>
    <instantOut id="235_D025" time="13320.50" state="stay" vehID="Car_7270" speed="7.30" length="5.00" type="DEFAULT_CAR"/>
    <instantOut id="235_D025" time="13320.64" state="leave" vehID="Car_7270" speed="6.55" length="5.00" type="DEFAULT_CAR" occupancy="0.69"/>
    <instantOut id="235_D025" time="14785.69" state="enter" vehID="Car_8295" speed="9.09" length="5.00" type="DEFAULT_CAR" gap="1465.05"/>
    <instantOut id="235_D025" time="14785.75" state="stay" vehID="Car_8295" speed="9.09" length="5.00" type="DEFAULT_CAR"/>
    <instantOut id="235_D025" time="14786.00" state="stay" vehID="Car_8295" speed="8.60" length="5.00" type="DEFAULT_CAR"/>
    <instantOut id="235_D025" time="14786.25" state="stay" vehID="Car_8295" speed="7.85" length="5.00" type="DEFAULT_CAR"/>
    <instantOut id="235_D025" time="14786.30" state="leave" vehID="Car_8295" speed="7.10" length="5.00" type="DEFAULT_CAR" occupancy="0.61"/>
    <instantOut id="235_D025" time="14824.48" state="enter" vehID="Car_8038" speed="8.74" length="5.00" type="DEFAULT_CAR" gap="38.18"/>
    <instantOut id="235_D025" time="14824.50" state="stay" vehID="Car_8038" speed="8.74" length="5.00" type="DEFAULT_CAR"/>
    <instantOut id="235_D025" time="14824.75" state="stay" vehID="Car_8038" speed="8.10" length="5.00" type="DEFAULT_CAR"/>
    <instantOut id="235_D025" time="14825.00" state="stay" vehID="Car_8038" speed="7.47" length="5.00" type="DEFAULT_CAR"/>
    <instantOut id="235_D025" time="14825.13" state="leave" vehID="Car_8038" speed="6.72" length="5.00" type="DEFAULT_CAR" occupancy="0.66"/>
    <instantOut id="235_D025" time="15833.74" state="enter" vehID="Car_8726" speed="9.43" length="5.00" type="DEFAULT_CAR" gap="1008.60"/>
    <instantOut id="235_D025" time="15833.75" state="stay" vehID="Car_8726" speed="9.43" length="5.00" type="DEFAULT_CAR"/>
    <instantOut id="235_D025" time="15834.00" state="stay" vehID="Car_8726" speed="8.68" length="5.00" type="DEFAULT_CAR"/>
    <instantOut id="235_D025" time="15834.25" state="stay" vehID="Car_8726" speed="8.06" length="5.00" type="DEFAULT_CAR"/>
    <instantOut id="235_D025" time="15834.34" state="leave" vehID="Car_8726" speed="7.31" length="5.00" type="DEFAULT_CAR" occupancy="0.61"/>
    <instantOut id="235_D025" time="15843.21" state="enter" vehID="Car_8683" speed="8.92" length="5.00" type="DEFAULT_CAR" gap="8.87"/>
    <instantOut id="235_D025" time="15843.25" state="stay" vehID="Car_8683" speed="8.92" length="5.00" type="DEFAULT_CAR"/>
    <instantOut id="235_D025" time="15843.50" state="stay" vehID="Car_8683" speed="8.17" length="5.00" type="DEFAULT_CAR"/>
    <instantOut id="235_D025" time="15843.75" state="stay" vehID="Car_8683" speed="7.42" length="5.00" type="DEFAULT_CAR"/>
    <instantOut id="235_D025" time="15843.86" state="leave" vehID="Car_8683" speed="6.67" length="5.00" type="DEFAULT_CAR" occupancy="0.65"/>
    <instantOut id="235_D025" time="16976.74" state="enter" vehID="Car_9546" speed="8.78" length="5.00" type="DEFAULT_CAR" gap="1132.88"/>
    <instantOut id="235_D025" time="16976.75" state="stay" vehID="Car_9546" speed="8.78" length="5.00" type="DEFAULT_CAR"/>
    <instantOut id="235_D025" time="16977.00" state="stay" vehID="Car_9546" speed="8.12" length="5.00" type="DEFAULT_CAR"/>
    <instantOut id="235_D025" time="16977.25" state="stay" vehID="Car_9546" speed="7.44" length="5.00" type="DEFAULT_CAR"/>
    <instantOut id="235_D025" time="16977.40" state="leave" vehID="Car_9546" speed="7.02" length="5.00" type="DEFAULT_CAR" occupancy="0.66"/>
    <instantOut id="235_D025" time="20284.21" state="enter" vehID="Car_11098" speed="8.64" length="5.00" type="DEFAULT_CAR" gap="3306.81"/>
    <instantOut id="235_D025" time="20284.25" state="stay" vehID="Car_11098" speed="8.64" length="5.00" type="DEFAULT_CAR"/>
    <instantOut id="235_D025" time="20284.50" state="stay" vehID="Car_11098" speed="7.89" length="5.00" type="DEFAULT_CAR"/>
    <instantOut id="235_D025" time="20284.75" state="stay" vehID="Car_11098" speed="7.14" length="5.00" type="DEFAULT_CAR"/>
    <instantOut id="235_D025" time="20284.89" state="leave" vehID="Car_11098" speed="6.39" length="5.00" type="DEFAULT_CAR" occupancy="0.68"/>
    <instantOut id="235_D025" time="20761.23" state="enter" vehID="Car_12187" speed="9.66" length="5.00" type="DEFAULT_CAR" gap="476.34"/>
    <instantOut id="235_D025" time="20761.25" state="stay" vehID="Car_12187" speed="9.66" length="5.00" type="DEFAULT_CAR"/>
    <instantOut id="235_D025" time="20761.50" state="stay" vehID="Car_12187" speed="8.91" length="5.00" type="DEFAULT_CAR"/>
    <instantOut id="235_D025" time="20761.75" state="stay" vehID="Car_12187" speed="8.16" length="5.00" type="DEFAULT_CAR"/>
    <instantOut id="235_D025" time="20761.82" state="leave" vehID="Car_12187" speed="7.54" length="5.00" type="DEFAULT_CAR" occupancy="0.59"/>
    <instantOut id="235_D025" time="21157.83" state="enter" vehID="Car_12128" speed="9.39" length="5.00" type="DEFAULT_CAR" gap="396.01"/>
    <instantOut id="235_D025" time="21158.00" state="stay" vehID="Car_12128" speed="9.39" length="5.00" type="DEFAULT_CAR"/>
    <instantOut id="235_D025" time="21158.25" state="stay" vehID="Car_12128" speed="8.64" length="5.00" type="DEFAULT_CAR"/>
    <instantOut id="235_D025" time="21158.41" state="leave" vehID="Car_12128" speed="7.89" length="5.00" type="DEFAULT_CAR" occupancy="0.58"/>
    <instantOut id="235_D025" time="21848.51" state="enter" vehID="Car_12318" speed="7.51" length="5.00" type="DEFAULT_CAR" gap="690.11"/>
    <instantOut id="235_D025" time="21848.75" state="stay" vehID="Car_12318" speed="7.51" length="5.00" type="DEFAULT_CAR"/>
    <instantOut id="235_D025" time="21849.00" state="stay" vehID="Car_12318" speed="6.76" length="5.00" type="DEFAULT_CAR"/>
    <instantOut id="235_D025" time="21849.25" state="stay" vehID="Car_12318" speed="6.01" length="5.00" type="DEFAULT_CAR"/>
    <instantOut id="235_D025" time="21849.25" state="leave" vehID="Car_12318" speed="5.26" length="5.00" type="DEFAULT_CAR" occupancy="0.74"/>
    <instantOut id="235_D025" time="21865.96" state="enter" vehID="Car_12748" speed="9.59" length="5.00" type="DEFAULT_CAR" gap="16.71"/>
    <instantOut id="235_D025" time="21866.00" state="stay" vehID="Car_12748" speed="9.59" length="5.00" type="DEFAULT_CAR"/>
    <instantOut id="235_D025" time="21866.25" state="stay" vehID="Car_12748" speed="10.36" length="5.00" type="DEFAULT_CAR"/>
    <instantOut id="235_D025" time="21866.45" state="leave" vehID="Car_12748" speed="10.17" length="5.00" type="DEFAULT_CAR" occupancy="0.49"/>
    <instantOut id="235_D025" time="21908.77" state="enter" vehID="Car_12749" speed="8.40" length="5.00" type="DEFAULT_CAR" gap="42.32"/>
    <instantOut id="235_D025" time="21909.00" state="stay" vehID="Car_12749" speed="8.40" length="5.00" type="DEFAULT_CAR"/>
    <instantOut id="235_D025" time="21909.25" state="stay" vehID="Car_12749" speed="7.65" length="5.00" type="DEFAULT_CAR"/>
    <instantOut id="235_D025" time="21909.42" state="leave" vehID="Car_12749" speed="6.90" length="5.00" type="DEFAULT_CAR" occupancy="0.65"/>
    <instantOut id="235_D025" time="22473.45" state="enter" vehID="Car_13292" speed="7.57" length="5.00" type="DEFAULT_CAR" gap="564.03"/>
    <instantOut id="235_D025" time="22473.50" state="stay" vehID="Car_13292" speed="7.57" length="5.00" type="DEFAULT_CAR"/>
    <instantOut id="235_D025" time="22473.75" state="stay" vehID="Car_13292" speed="6.86" length="5.00" type="DEFAULT_CAR"/>
    <instantOut id="235_D025" time="22474.00" state="stay" vehID="Car_13292" speed="6.11" length="5.00" type="DEFAULT_CAR"/>
    <instantOut id="235_D025" time="22474.25" state="stay" vehID="Car_13292" speed="5.36" length="5.00" type="DEFAULT_CAR"/>
    <instantOut id="235_D025" time="22474.26" state="leave" vehID="Car_13292" speed="4.63" length="5.00" type="DEFAULT_CAR" occupancy="0.81"/>
    <instantOut id="235_D025" time="22938.72" state="enter" vehID="Car_12984" speed="9.40" length="5.00" type="DEFAULT_CAR" gap="464.46"/>
    <instantOut id="235_D025" time="22938.75" state="stay" vehID="Car_12984" speed="9.40" length="5.00" type="DEFAULT_CAR"/>
    <instantOut id="235_D025" time="22939.00" state="stay" vehID="Car_12984" speed="8.94" length="5.00" type="DEFAULT_CAR"/>
    <instantOut id="235_D025" time="22939.25" state="stay" vehID="Car_12984" speed="8.19" length="5.00" type="DEFAULT_CAR"/>
    <instantOut id="235_D025" time="22939.31" state="leave" vehID="Car_12984" speed="7.49" length="5.00" type="DEFAULT_CAR" occupancy="0.59"/>
    <instantOut id="235_D025" time="23228.17" state="enter" vehID="Car_13191" speed="9.93" length="5.00" type="DEFAULT_CAR" gap="288.86"/>
    <instantOut id="235_D025" time="23228.25" state="stay" vehID="Car_13191" speed="9.93" length="5.00" type="DEFAULT_CAR"/>
    <instantOut id="235_D025" time="23228.50" state="stay" vehID="Car_13191" speed="9.80" length="5.00" type="DEFAULT_CAR"/>
    <instantOut id="235_D025" time="23228.70" state="leave" vehID="Car_13191" speed="9.13" length="5.00" type="DEFAULT_CAR" occupancy="0.52"/>
    <instantOut id="235_D025" time="24508.03" state="enter" vehID="Car_14544" speed="7.93" length="5.00" type="DEFAULT_CAR" gap="1279.33"/>
    <instantOut id="235_D025" time="24508.25" state="stay" vehID="Car_14544" speed="7.93" length="5.00" type="DEFAULT_CAR"/>
    <instantOut id="235_D025" time="24508.50" state="stay" vehID="Car_14544" speed="7.18" length="5.00" type="DEFAULT_CAR"/>
    <instantOut id="235_D025" time="24508.73" state="leave" vehID="Car_14544" speed="6.43" length="5.00" type="DEFAULT_CAR" occupancy="0.70"/>
    <instantOut id="235_D025" time="24730.23" state="enter" vehID="Car_14514" speed="9.86" length="5.00" type="DEFAULT_CAR" gap="221.50"/>
    <instantOut id="235_D025" time="24730.25" state="stay" vehID="Car_14514" speed="9.86" length="5.00" type="DEFAULT_CAR"/>
    <instantOut id="235_D025" time="24730.50" state="stay" vehID="Car_14514" speed="10.55" length="5.00" type="DEFAULT_CAR"/>
    <instantOut id="235_D025" time="24730.69" state="leave" vehID="Car_14514" speed="11.35" length="5.00" type="DEFAULT_CAR" occupancy="0.46"/>
    <instantOut id="235_D025" time="26009.30" state="enter" vehID="Car_15611" speed="7.61" length="5.00" type="DEFAULT_CAR" gap="1278.61"/>
    <instantOut id="235_D025" time="26009.50" state="stay" vehID="Car_15611" speed="7.61" length="5.00" type="DEFAULT_CAR"/>
    <instantOut id="235_D025" time="26009.75" state="stay" vehID="Car_15611" speed="6.86" length="5.00" type="DEFAULT_CAR"/>
    <instantOut id="235_D025" time="26010.00" state="stay" vehID="Car_15611" speed="6.21" length="5.00" type="DEFAULT_CAR"/>
    <instantOut id="235_D025" time="26010.04" state="leave" vehID="Car_15611" speed="5.46" length="5.00" type="DEFAULT_CAR" occupancy="0.74"/>
    <instantOut id="235_D025" time="26377.71" state="enter" vehID="Car_15796" speed="9.81" length="5.00" type="DEFAULT_CAR" gap="367.67"/>
    <instantOut id="235_D025" time="26377.75" state="stay" vehID="Car_15796" speed="9.81" length="5.00" type="DEFAULT_CAR"/>
    <instantOut id="235_D025" time="26378.00" state="stay" vehID="Car_15796" speed="10.63" length="5.00" type="DEFAULT_CAR"/>
    <instantOut id="235_D025" time="26378.19" state="leave" vehID="Car_15796" speed="10.01" length="5.00" type="DEFAULT_CAR" occupancy="0.48"/>
    <instantOut id="235_D025" time="26640.96" state="enter" vehID="Car_15778" speed="6.83" length="5.00" type="DEFAULT_CAR" gap="262.77"/>
    <instantOut id="235_D025" time="26641.00" state="stay" vehID="Car_15778" speed="6.83" length="5.00" type="DEFAULT_CAR"/>
    <instantOut id="235_D025" time="26641.25" state="stay" vehID="Car_15778" speed="7.44" length="5.00" type="DEFAULT_CAR"/>
    <instantOut id="235_D025" time="26641.50" state="stay" vehID="Car_15778" speed="8.29" length="5.00" type="DEFAULT_CAR"/>
    <instantOut id="235_D025" time="26641.59" state="leave" vehID="Car_15778" speed="9.05" length="5.00" type="DEFAULT_CAR" occupancy="0.63"/>
    <instantOut id="235_D025" time="27886.17" state="enter" vehID="Car_16510" speed="10.86" length="5.00" type="DEFAULT_CAR" gap="1244.58"/>
    <instantOut id="235_D025" time="27886.25" state="stay" vehID="Car_16510" speed="10.86" length="5.00" type="DEFAULT_CAR"/>
    <instantOut id="235_D025" time="27886.50" state="stay" vehID="Car_16510" speed="10.11" length="5.00" type="DEFAULT_CAR"/>
    <instantOut id="235_D025" time="27886.68" state="leave" vehID="Car_16510" speed="9.36" length="5.00" type="DEFAULT_CAR" occupancy="0.50"/>
    <instantOut id="235_D025" time="28917.51" state="enter" vehID="Car_17165" speed="7.28" length="5.00" type="DEFAULT_CAR" gap="1030.84"/>
    <instantOut id="235_D025" time="28917.75" state="stay" vehID="Car_17165" speed="7.28" length="5.00" type="DEFAULT_CAR"/>
    <instantOut id="235_D025" time="28918.00" state="stay" vehID="Car_17165" speed="6.53" length="5.00" type="DEFAULT_CAR"/>
    <instantOut id="235_D025" time="28918.25" state="stay" vehID="Car_17165" speed="5.78" length="5.00" type="DEFAULT_CAR"/>
    <instantOut id="235_D025" time="28918.29" state="leave" vehID="Car_17165" speed="5.03" length="5.00" type="DEFAULT_CAR" occupancy="0.78"/>
    <instantOut id="235_D025" time="30099.35" state="enter" vehID="Car_18031" speed="8.40" length="5.00" type="DEFAULT_CAR" gap="1181.05"/>
    <instantOut id="235_D025" time="30099.50" state="stay" vehID="Car_18031" speed="8.40" length="5.00" type="DEFAULT_CAR"/>
    <instantOut id="235_D025" time="30099.75" state="stay" vehID="Car_18031" speed="7.65" length="5.00" type="DEFAULT_CAR"/>
    <instantOut id="235_D025" time="30100.00" state="stay" vehID="Car_18031" speed="6.90" length="5.00" type="DEFAULT_CAR"/>
    <instantOut id="235_D025" time="30100.01" state="leave" vehID="Car_18031" speed="6.16" length="5.00" type="DEFAULT_CAR" occupancy="0.67"/>
    <instantOut id="235_D025" time="30835.22" state="enter" vehID="Car_18687" speed="8.79" length="5.00" type="DEFAULT_CAR" gap="735.21"/>
    <instantOut id="235_D025" time="30835.25" state="stay" vehID="Car_18687" speed="8.79" length="5.00" type="DEFAULT_CAR"/>
    <instantOut id="235_D025" time="30835.50" state="stay" vehID="Car_18687" speed="8.04" length="5.00" type="DEFAULT_CAR"/>
    <instantOut id="235_D025" time="30835.75" state="stay" vehID="Car_18687" speed="7.30" length="5.00" type="DEFAULT_CAR"/>
    <instantOut id="235_D025" time="30835.88" state="leave" vehID="Car_18687" speed="6.72" length="5.00" type="DEFAULT_CAR" occupancy="0.66"/>
    <instantOut id="235_D025" time="32583.07" state="enter" vehID="Car_19433" speed="7.22" length="5.00" type="DEFAULT_CAR" gap="1747.19"/>
    <instantOut id="235_D025" time="32583.25" state="stay" vehID="Car_19433" speed="7.22" length="5.00" type="DEFAULT_CAR"/>
    <instantOut id="235_D025" time="32583.50" state="stay" vehID="Car_19433" speed="6.47" length="5.00" type="DEFAULT_CAR"/>
    <instantOut id="235_D025" time="32583.75" state="stay" vehID="Car_19433" speed="6.01" length="5.00" type="DEFAULT_CAR"/>
    <instantOut id="235_D025" time="32583.86" state="leave" vehID="Car_19433" speed="5.26" length="5.00" type="DEFAULT_CAR" occupancy="0.79"/>
    <instantOut id="235_D025" time="36287.01" state="enter" vehID="Car_21668" speed="10.33" length="5.00" type="DEFAULT_CAR" gap="3703.15"/>
    <instantOut id="235_D025" time="36287.25" state="stay" vehID="Car_21668" speed="10.33" length="5.00" type="DEFAULT_CAR"/>
    <instantOut id="235_D025" time="36287.50" state="stay" vehID="Car_21668" speed="10.14" length="5.00" type="DEFAULT_CAR"/>
    <instantOut id="235_D025" time="36287.50" state="leave" vehID="Car_21668" speed="9.52" length="5.00" type="DEFAULT_CAR" occupancy="0.49"/>
    <instantOut id="235_D025" time="36872.00" state="enter" vehID="Car_22101" speed="7.62" length="5.00" type="DEFAULT_CAR" gap="584.50"/>
    <instantOut id="235_D025" time="36872.25" state="stay" vehID="Car_22101" speed="7.62" length="5.00" type="DEFAULT_CAR"/>
    <instantOut id="235_D025" time="36872.50" state="stay" vehID="Car_22101" speed="6.89" length="5.00" type="DEFAULT_CAR"/>
    <instantOut id="235_D025" time="36872.72" state="leave" vehID="Car_22101" speed="6.18" length="5.00" type="DEFAULT_CAR" occupancy="0.72"/>
    <instantOut id="235_D025" time="38168.24" state="enter" vehID="Car_22186" speed="8.67" length="5.00" type="DEFAULT_CAR" gap="1295.52"/>
    <instantOut id="235_D025" time="38168.25" state="stay" vehID="Car_22186" speed="8.67" length="5.00" type="DEFAULT_CAR"/>
    <instantOut id="235_D025" time="38168.50" state="stay" vehID="Car_22186" speed="8.26" length="5.00" type="DEFAULT_CAR"/>
    <instantOut id="235_D025" time="38168.75" state="stay" vehID="Car_22186" speed="7.61" length="5.00" type="DEFAULT_CAR"/>
    <instantOut id="235_D025" time="38168.89" state="leave" vehID="Car_22186" speed="6.86" length="5.00" type="DEFAULT_CAR" occupancy="0.65"/>
    <instantOut id="235_D025" time="43338.19" state="enter" vehID="Car_24177" speed="9.61" length="5.00" type="DEFAULT_CAR" gap="5169.30"/>
    <instantOut id="235_D025" time="43338.25" state="stay" vehID="Car_24177" speed="9.61" length="5.00" type="DEFAULT_CAR"/>
    <instantOut id="235_D025" time="43338.50" state="stay" vehID="Car_24177" speed="8.89" length="5.00" type="DEFAULT_CAR"/>
    <instantOut id="235_D025" time="43338.75" state="stay" vehID="Car_24177" speed="8.48" length="5.00" type="DEFAULT_CAR"/>
    <instantOut id="235_D025" time="43338.77" state="leave" vehID="Car_24177" speed="7.73" length="5.00" type="DEFAULT_CAR" occupancy="0.57"/>
    <instantOut id="235_D025" time="45146.00" state="enter" vehID="Car_24662" speed="9.06" length="5.00" type="DEFAULT_CAR" gap="1807.23"/>
    <instantOut id="235_D025" time="45146.00" state="stay" vehID="Car_24662" speed="9.06" length="5.00" type="DEFAULT_CAR"/>
    <instantOut id="235_D025" time="45146.25" state="stay" vehID="Car_24662" speed="8.31" length="5.00" type="DEFAULT_CAR"/>
    <instantOut id="235_D025" time="45146.50" state="stay" vehID="Car_24662" speed="7.56" length="5.00" type="DEFAULT_CAR"/>
    <instantOut id="235_D025" time="45146.65" state="leave" vehID="Car_24662" speed="6.87" length="5.00" type="DEFAULT_CAR" occupancy="0.65"/>
</instantE1>
