<?xml version="1.0" encoding="UTF-8"?>

<!-- generated on 2025-02-24 17:47:11 by Eclipse SUMO GUI Version 1.19.0
<configuration xmlns:xsi="http://www.w3.org/2001/XMLSchema-instance" xsi:noNamespaceSchemaLocation="http://sumo.dlr.de/xsd/sumoConfiguration.xsd">

    <input>
        <net-file value="Network.net.xml"/>
        <route-files value="CarRoutes.rou.xml,BusRoutes.rou.xml"/>
        <additional-files value="BusStops.add.xml,Sensors_dfrouter.add.xml"/>
    </input>

    <output>
        <emission-output value="logs/Emissions.xml"/>
        <tripinfo-output value="logs/TripInfos.xml"/>
    </output>

    <time>
        <begin value="0"/>
        <end value="86400"/>
        <step-length value="0.25"/>
    </time>

    <processing>
        <ignore-junction-blocker value="0.1"/>
        <time-to-teleport value="-1"/>
    </processing>

    <emissions>
        <device.emissions.period value="10"/>
    </emissions>

    <traci_server>
        <remote-port value="61971"/>
    </traci_server>

    <gui_only>
        <quit-on-end value="true"/>
        <start value="true"/>
    </gui_only>

</configuration>
-->

<detector xmlns:xsi="http://www.w3.org/2001/XMLSchema-instance" xsi:noNamespaceSchemaLocation="http://sumo.dlr.de/xsd/det_e1_file.xsd">
    <interval begin="0.00" end="900.00" id="213_D42" nVehContrib="72" flow="288.00" occupancy="5.65" speed="8.45" harmonicMeanSpeed="7.08" length="5.00" nVehEntered="72"/>
    <interval begin="900.00" end="1800.00" id="213_D42" nVehContrib="81" flow="324.00" occupancy="10.75" speed="7.60" harmonicMeanSpeed="4.19" length="5.00" nVehEntered="81"/>
    <interval begin="1800.00" end="2700.00" id="213_D42" nVehContrib="77" flow="308.00" occupancy="5.74" speed="9.32" harmonicMeanSpeed="7.45" length="5.00" nVehEntered="77"/>
    <interval begin="2700.00" end="3600.00" id="213_D42" nVehContrib="67" flow="268.00" occupancy="7.35" speed="7.83" harmonicMeanSpeed="5.06" length="5.00" nVehEntered="67"/>
    <interval begin="3600.00" end="4500.00" id="213_D42" nVehContrib="82" flow="328.00" occupancy="16.13" speed="6.36" harmonicMeanSpeed="2.82" length="5.00" nVehEntered="82"/>
    <interval begin="4500.00" end="5400.00" id="213_D42" nVehContrib="78" flow="312.00" occupancy="4.77" speed="9.78" harmonicMeanSpeed="9.08" length="5.00" nVehEntered="78"/>
    <interval begin="5400.00" end="6300.00" id="213_D42" nVehContrib="76" flow="304.00" occupancy="5.17" speed="9.28" harmonicMeanSpeed="8.16" length="5.00" nVehEntered="76"/>
    <interval begin="6300.00" end="7200.00" id="213_D42" nVehContrib="96" flow="384.00" occupancy="9.22" speed="7.78" harmonicMeanSpeed="5.78" length="5.00" nVehEntered="96"/>
    <interval begin="7200.00" end="8100.00" id="213_D42" nVehContrib="84" flow="336.00" occupancy="4.93" speed="10.02" harmonicMeanSpeed="9.46" length="5.00" nVehEntered="84"/>
    <interval begin="8100.00" end="9000.00" id="213_D42" nVehContrib="96" flow="384.00" occupancy="6.46" speed="9.06" harmonicMeanSpeed="8.25" length="5.00" nVehEntered="96"/>
    <interval begin="9000.00" end="9900.00" id="213_D42" nVehContrib="102" flow="408.00" occupancy="7.35" speed="9.05" harmonicMeanSpeed="7.71" length="5.00" nVehEntered="102"/>
    <interval begin="9900.00" end="10800.00" id="213_D42" nVehContrib="92" flow="368.00" occupancy="11.61" speed="7.57" harmonicMeanSpeed="4.43" length="5.00" nVehEntered="93"/>
    <interval begin="10800.00" end="11700.00" id="213_D42" nVehContrib="106" flow="424.00" occupancy="12.71" speed="7.83" harmonicMeanSpeed="4.60" length="5.00" nVehEntered="105"/>
    <interval begin="11700.00" end="12600.00" id="213_D42" nVehContrib="97" flow="388.00" occupancy="7.60" speed="8.48" harmonicMeanSpeed="7.09" length="5.00" nVehEntered="97"/>
    <interval begin="12600.00" end="13500.00" id="213_D42" nVehContrib="95" flow="380.00" occupancy="7.50" speed="8.82" harmonicMeanSpeed="7.04" length="5.00" nVehEntered="95"/>
    <interval begin="13500.00" end="14400.00" id="213_D42" nVehContrib="105" flow="420.00" occupancy="21.67" speed="6.93" harmonicMeanSpeed="2.70" length="5.00" nVehEntered="106"/>
    <interval begin="14400.00" end="15300.00" id="213_D42" nVehContrib="105" flow="420.00" occupancy="15.96" speed="7.41" harmonicMeanSpeed="3.65" length="5.00" nVehEntered="104"/>
    <interval begin="15300.00" end="16200.00" id="213_D42" nVehContrib="114" flow="456.00" occupancy="11.71" speed="7.28" harmonicMeanSpeed="5.41" length="5.00" nVehEntered="114"/>
    <interval begin="16200.00" end="17100.00" id="213_D42" nVehContrib="112" flow="448.00" occupancy="15.51" speed="7.01" harmonicMeanSpeed="5.18" length="5.00" nVehEntered="113"/>
    <interval begin="17100.00" end="18000.00" id="213_D42" nVehContrib="107" flow="428.00" occupancy="12.24" speed="8.34" harmonicMeanSpeed="3.78" length="5.00" nVehEntered="106"/>
    <interval begin="18000.00" end="18900.00" id="213_D42" nVehContrib="134" flow="536.00" occupancy="10.69" speed="8.65" harmonicMeanSpeed="6.96" length="5.00" nVehEntered="134"/>
    <interval begin="18900.00" end="19800.00" id="213_D42" nVehContrib="128" flow="512.00" occupancy="18.06" speed="7.61" harmonicMeanSpeed="3.94" length="5.00" nVehEntered="128"/>
    <interval begin="19800.00" end="20700.00" id="213_D42" nVehContrib="136" flow="544.00" occupancy="17.56" speed="7.33" harmonicMeanSpeed="4.30" length="5.00" nVehEntered="136"/>
    <interval begin="20700.00" end="21600.00" id="213_D42" nVehContrib="114" flow="456.00" occupancy="14.13" speed="6.62" harmonicMeanSpeed="4.48" length="5.00" nVehEntered="114"/>
    <interval begin="21600.00" end="22500.00" id="213_D42" nVehContrib="127" flow="508.00" occupancy="10.58" speed="8.75" harmonicMeanSpeed="6.67" length="5.00" nVehEntered="127"/>
    <interval begin="22500.00" end="23400.00" id="213_D42" nVehContrib="134" flow="536.00" occupancy="19.70" speed="6.58" harmonicMeanSpeed="3.78" length="5.00" nVehEntered="134"/>
    <interval begin="23400.00" end="24300.00" id="213_D42" nVehContrib="131" flow="524.00" occupancy="15.94" speed="7.81" harmonicMeanSpeed="4.57" length="5.00" nVehEntered="131"/>
    <interval begin="24300.00" end="25200.00" id="213_D42" nVehContrib="117" flow="468.00" occupancy="14.45" speed="7.82" harmonicMeanSpeed="5.49" length="5.00" nVehEntered="118"/>
    <interval begin="25200.00" end="26100.00" id="213_D42" nVehContrib="131" flow="524.00" occupancy="13.67" speed="7.03" harmonicMeanSpeed="4.47" length="5.00" nVehEntered="130"/>
    <interval begin="26100.00" end="27000.00" id="213_D42" nVehContrib="87" flow="348.00" occupancy="6.99" speed="8.56" harmonicMeanSpeed="6.91" length="5.00" nVehEntered="87"/>
    <interval begin="27000.00" end="27900.00" id="213_D42" nVehContrib="146" flow="584.00" occupancy="34.18" speed="6.40" harmonicMeanSpeed="2.37" length="5.00" nVehEntered="146"/>
    <interval begin="27900.00" end="28800.00" id="213_D42" nVehContrib="124" flow="496.00" occupancy="13.67" speed="7.91" harmonicMeanSpeed="5.21" length="5.00" nVehEntered="125"/>
    <interval begin="28800.00" end="29700.00" id="213_D42" nVehContrib="171" flow="684.00" occupancy="33.99" speed="6.75" harmonicMeanSpeed="2.76" length="5.00" nVehEntered="170"/>
    <interval begin="29700.00" end="30600.00" id="213_D42" nVehContrib="116" flow="464.00" occupancy="12.45" speed="8.18" harmonicMeanSpeed="5.18" length="5.00" nVehEntered="116"/>
    <interval begin="30600.00" end="31500.00" id="213_D42" nVehContrib="144" flow="576.00" occupancy="10.14" speed="9.05" harmonicMeanSpeed="7.93" length="5.00" nVehEntered="145"/>
    <interval begin="31500.00" end="32400.00" id="213_D42" nVehContrib="132" flow="528.00" occupancy="12.54" speed="8.69" harmonicMeanSpeed="5.82" length="5.00" nVehEntered="131"/>
    <interval begin="32400.00" end="33300.00" id="213_D42" nVehContrib="124" flow="496.00" occupancy="10.26" speed="8.36" harmonicMeanSpeed="6.72" length="5.00" nVehEntered="125"/>
    <interval begin="33300.00" end="34200.00" id="213_D42" nVehContrib="137" flow="548.00" occupancy="12.59" speed="7.57" harmonicMeanSpeed="6.06" length="5.00" nVehEntered="137"/>
    <interval begin="34200.00" end="35100.00" id="213_D42" nVehContrib="112" flow="448.00" occupancy="16.90" speed="6.54" harmonicMeanSpeed="3.67" length="5.00" nVehEntered="111"/>
    <interval begin="35100.00" end="36000.00" id="213_D42" nVehContrib="109" flow="436.00" occupancy="38.26" speed="6.28" harmonicMeanSpeed="1.58" length="5.00" nVehEntered="109"/>
    <interval begin="36000.00" end="36900.00" id="213_D42" nVehContrib="85" flow="340.00" occupancy="7.44" speed="8.98" harmonicMeanSpeed="6.35" length="5.00" nVehEntered="85"/>
    <interval begin="36900.00" end="37800.00" id="213_D42" nVehContrib="126" flow="504.00" occupancy="39.25" speed="5.58" harmonicMeanSpeed="1.78" length="5.00" nVehEntered="126"/>
    <interval begin="37800.00" end="38700.00" id="213_D42" nVehContrib="107" flow="428.00" occupancy="8.36" speed="8.64" harmonicMeanSpeed="7.11" length="5.00" nVehEntered="107"/>
    <interval begin="38700.00" end="39600.00" id="213_D42" nVehContrib="100" flow="400.00" occupancy="6.90" speed="8.81" harmonicMeanSpeed="8.06" length="5.00" nVehEntered="100"/>
    <interval begin="39600.00" end="40500.00" id="213_D42" nVehContrib="97" flow="388.00" occupancy="17.61" speed="6.98" harmonicMeanSpeed="3.06" length="5.00" nVehEntered="97"/>
    <interval begin="40500.00" end="41400.00" id="213_D42" nVehContrib="89" flow="356.00" occupancy="17.24" speed="7.88" harmonicMeanSpeed="2.87" length="5.00" nVehEntered="89"/>
    <interval begin="41400.00" end="42300.00" id="213_D42" nVehContrib="66" flow="264.00" occupancy="4.11" speed="9.67" harmonicMeanSpeed="9.04" length="5.00" nVehEntered="67"/>
    <interval begin="42300.00" end="43200.00" id="213_D42" nVehContrib="112" flow="448.00" occupancy="22.46" speed="7.38" harmonicMeanSpeed="2.76" length="5.00" nVehEntered="111"/>
    <interval begin="43200.00" end="44100.00" id="213_D42" nVehContrib="72" flow="288.00" occupancy="27.80" speed="4.78" harmonicMeanSpeed="1.72" length="5.00" nVehEntered="73"/>
    <interval begin="44100.00" end="45000.00" id="213_D42" nVehContrib="104" flow="416.00" occupancy="52.78" speed="5.96" harmonicMeanSpeed="1.01" length="5.00" nVehEntered="104"/>
    <interval begin="45000.00" end="45900.00" id="213_D42" nVehContrib="94" flow="376.00" occupancy="10.72" speed="8.71" harmonicMeanSpeed="5.26" length="5.00" nVehEntered="94"/>
    <interval begin="45900.00" end="46800.00" id="213_D42" nVehContrib="0" flow="0.00" occupancy="100.00" speed="-1.00" harmonicMeanSpeed="-1.00" length="-1.00" nVehEntered="0"/>
    <interval begin="46800.00" end="47700.00" id="213_D42" nVehContrib="0" flow="0.00" occupancy="100.00" speed="-1.00" harmonicMeanSpeed="-1.00" length="-1.00" nVehEntered="0"/>
    <interval begin="47700.00" end="48600.00" id="213_D42" nVehContrib="0" flow="0.00" occupancy="100.00" speed="-1.00" harmonicMeanSpeed="-1.00" length="-1.00" nVehEntered="0"/>
    <interval begin="48600.00" end="49321.00" id="213_D42" nVehContrib="0" flow="0.00" occupancy="100.00" speed="-1.00" harmonicMeanSpeed="-1.00" length="-1.00" nVehEntered="0"/>
</detector>
