<?xml version="1.0" encoding="UTF-8"?>

<!-- generated on 2025-02-24 17:47:11 by Eclipse SUMO GUI Version 1.19.0
<configuration xmlns:xsi="http://www.w3.org/2001/XMLSchema-instance" xsi:noNamespaceSchemaLocation="http://sumo.dlr.de/xsd/sumoConfiguration.xsd">

    <input>
        <net-file value="Network.net.xml"/>
        <route-files value="CarRoutes.rou.xml,BusRoutes.rou.xml"/>
        <additional-files value="BusStops.add.xml,Sensors_dfrouter.add.xml"/>
    </input>

    <output>
        <emission-output value="logs/Emissions.xml"/>
        <tripinfo-output value="logs/TripInfos.xml"/>
    </output>

    <time>
        <begin value="0"/>
        <end value="86400"/>
        <step-length value="0.25"/>
    </time>

    <processing>
        <ignore-junction-blocker value="0.1"/>
        <time-to-teleport value="-1"/>
    </processing>

    <emissions>
        <device.emissions.period value="10"/>
    </emissions>

    <traci_server>
        <remote-port value="61971"/>
    </traci_server>

    <gui_only>
        <quit-on-end value="true"/>
        <start value="true"/>
    </gui_only>

</configuration>
-->

<detector xmlns:xsi="http://www.w3.org/2001/XMLSchema-instance" xsi:noNamespaceSchemaLocation="http://sumo.dlr.de/xsd/det_e1_file.xsd">
    <interval begin="0.00" end="900.00" id="215_D72" nVehContrib="168" flow="672.00" occupancy="33.72" speed="6.49" harmonicMeanSpeed="2.77" length="5.00" nVehEntered="168"/>
    <interval begin="900.00" end="1800.00" id="215_D72" nVehContrib="113" flow="452.00" occupancy="16.27" speed="8.27" harmonicMeanSpeed="3.86" length="5.00" nVehEntered="113"/>
    <interval begin="1800.00" end="2700.00" id="215_D72" nVehContrib="108" flow="432.00" occupancy="18.56" speed="6.73" harmonicMeanSpeed="3.24" length="5.00" nVehEntered="109"/>
    <interval begin="2700.00" end="3600.00" id="215_D72" nVehContrib="123" flow="492.00" occupancy="15.30" speed="7.77" harmonicMeanSpeed="4.45" length="5.00" nVehEntered="122"/>
    <interval begin="3600.00" end="4500.00" id="215_D72" nVehContrib="111" flow="444.00" occupancy="11.36" speed="7.76" harmonicMeanSpeed="5.43" length="5.00" nVehEntered="111"/>
    <interval begin="4500.00" end="5400.00" id="215_D72" nVehContrib="103" flow="412.00" occupancy="13.52" speed="8.55" harmonicMeanSpeed="4.23" length="5.00" nVehEntered="103"/>
    <interval begin="5400.00" end="6300.00" id="215_D72" nVehContrib="118" flow="472.00" occupancy="17.32" speed="7.59" harmonicMeanSpeed="3.78" length="5.00" nVehEntered="118"/>
    <interval begin="6300.00" end="7200.00" id="215_D72" nVehContrib="115" flow="460.00" occupancy="25.16" speed="7.22" harmonicMeanSpeed="2.54" length="5.00" nVehEntered="115"/>
    <interval begin="7200.00" end="8100.00" id="215_D72" nVehContrib="112" flow="448.00" occupancy="11.77" speed="7.67" harmonicMeanSpeed="5.29" length="5.00" nVehEntered="112"/>
    <interval begin="8100.00" end="9000.00" id="215_D72" nVehContrib="119" flow="476.00" occupancy="24.51" speed="7.16" harmonicMeanSpeed="2.70" length="5.00" nVehEntered="119"/>
    <interval begin="9000.00" end="9900.00" id="215_D72" nVehContrib="133" flow="532.00" occupancy="31.72" speed="6.55" harmonicMeanSpeed="2.33" length="5.00" nVehEntered="133"/>
    <interval begin="9900.00" end="10800.00" id="215_D72" nVehContrib="117" flow="468.00" occupancy="15.14" speed="7.76" harmonicMeanSpeed="4.47" length="5.00" nVehEntered="118"/>
    <interval begin="10800.00" end="11700.00" id="215_D72" nVehContrib="93" flow="372.00" occupancy="13.30" speed="8.17" harmonicMeanSpeed="3.74" length="5.00" nVehEntered="93"/>
    <interval begin="11700.00" end="12600.00" id="215_D72" nVehContrib="107" flow="428.00" occupancy="7.75" speed="8.49" harmonicMeanSpeed="7.62" length="5.00" nVehEntered="107"/>
    <interval begin="12600.00" end="13500.00" id="215_D72" nVehContrib="111" flow="444.00" occupancy="24.76" speed="7.81" harmonicMeanSpeed="2.49" length="5.00" nVehEntered="110"/>
    <interval begin="13500.00" end="14400.00" id="215_D72" nVehContrib="119" flow="476.00" occupancy="13.35" speed="7.80" harmonicMeanSpeed="4.95" length="5.00" nVehEntered="119"/>
    <interval begin="14400.00" end="15300.00" id="215_D72" nVehContrib="113" flow="452.00" occupancy="16.17" speed="8.88" harmonicMeanSpeed="3.88" length="5.00" nVehEntered="113"/>
    <interval begin="15300.00" end="16200.00" id="215_D72" nVehContrib="125" flow="500.00" occupancy="15.69" speed="7.17" harmonicMeanSpeed="4.44" length="5.00" nVehEntered="126"/>
    <interval begin="16200.00" end="17100.00" id="215_D72" nVehContrib="123" flow="492.00" occupancy="14.93" speed="7.91" harmonicMeanSpeed="4.57" length="5.00" nVehEntered="122"/>
    <interval begin="17100.00" end="18000.00" id="215_D72" nVehContrib="119" flow="476.00" occupancy="11.24" speed="8.20" harmonicMeanSpeed="5.88" length="5.00" nVehEntered="119"/>
    <interval begin="18000.00" end="18900.00" id="215_D72" nVehContrib="104" flow="416.00" occupancy="15.00" speed="8.77" harmonicMeanSpeed="3.85" length="5.00" nVehEntered="104"/>
    <interval begin="18900.00" end="19800.00" id="215_D72" nVehContrib="128" flow="512.00" occupancy="13.04" speed="7.44" harmonicMeanSpeed="5.45" length="5.00" nVehEntered="128"/>
    <interval begin="19800.00" end="20700.00" id="215_D72" nVehContrib="95" flow="380.00" occupancy="8.70" speed="9.45" harmonicMeanSpeed="6.06" length="5.00" nVehEntered="95"/>
    <interval begin="20700.00" end="21600.00" id="215_D72" nVehContrib="120" flow="480.00" occupancy="24.73" speed="6.72" harmonicMeanSpeed="2.70" length="5.00" nVehEntered="120"/>
    <interval begin="21600.00" end="22500.00" id="215_D72" nVehContrib="135" flow="540.00" occupancy="48.02" speed="5.56" harmonicMeanSpeed="1.56" length="5.00" nVehEntered="135"/>
    <interval begin="22500.00" end="23400.00" id="215_D72" nVehContrib="142" flow="568.00" occupancy="24.08" speed="7.00" harmonicMeanSpeed="3.28" length="5.00" nVehEntered="142"/>
    <interval begin="23400.00" end="24300.00" id="215_D72" nVehContrib="121" flow="484.00" occupancy="19.53" speed="7.51" harmonicMeanSpeed="3.44" length="5.00" nVehEntered="121"/>
    <interval begin="24300.00" end="25200.00" id="215_D72" nVehContrib="124" flow="496.00" occupancy="16.55" speed="6.76" harmonicMeanSpeed="4.16" length="5.00" nVehEntered="124"/>
    <interval begin="25200.00" end="26100.00" id="215_D72" nVehContrib="148" flow="592.00" occupancy="42.52" speed="5.79" harmonicMeanSpeed="1.93" length="5.00" nVehEntered="149"/>
    <interval begin="26100.00" end="27000.00" id="215_D72" nVehContrib="131" flow="524.00" occupancy="27.53" speed="6.90" harmonicMeanSpeed="2.64" length="5.00" nVehEntered="130"/>
    <interval begin="27000.00" end="27900.00" id="215_D72" nVehContrib="137" flow="548.00" occupancy="22.73" speed="6.57" harmonicMeanSpeed="3.35" length="5.00" nVehEntered="137"/>
    <interval begin="27900.00" end="28800.00" id="215_D72" nVehContrib="121" flow="484.00" occupancy="36.16" speed="7.15" harmonicMeanSpeed="1.86" length="5.00" nVehEntered="121"/>
    <interval begin="28800.00" end="29700.00" id="215_D72" nVehContrib="140" flow="560.00" occupancy="25.75" speed="7.14" harmonicMeanSpeed="3.07" length="5.00" nVehEntered="141"/>
    <interval begin="29700.00" end="30600.00" id="215_D72" nVehContrib="117" flow="468.00" occupancy="27.72" speed="6.23" harmonicMeanSpeed="2.31" length="5.00" nVehEntered="116"/>
    <interval begin="30600.00" end="31500.00" id="215_D72" nVehContrib="105" flow="420.00" occupancy="15.38" speed="7.79" harmonicMeanSpeed="3.79" length="5.00" nVehEntered="105"/>
    <interval begin="31500.00" end="32400.00" id="215_D72" nVehContrib="111" flow="444.00" occupancy="18.98" speed="7.50" harmonicMeanSpeed="3.25" length="5.00" nVehEntered="111"/>
    <interval begin="32400.00" end="33300.00" id="215_D72" nVehContrib="97" flow="388.00" occupancy="10.79" speed="8.71" harmonicMeanSpeed="5.00" length="5.00" nVehEntered="97"/>
    <interval begin="33300.00" end="34200.00" id="215_D72" nVehContrib="92" flow="368.00" occupancy="15.66" speed="7.35" harmonicMeanSpeed="3.26" length="5.00" nVehEntered="92"/>
    <interval begin="34200.00" end="35100.00" id="215_D72" nVehContrib="103" flow="412.00" occupancy="10.50" speed="8.63" harmonicMeanSpeed="5.45" length="5.00" nVehEntered="103"/>
    <interval begin="35100.00" end="36000.00" id="215_D72" nVehContrib="73" flow="292.00" occupancy="5.43" speed="9.44" harmonicMeanSpeed="7.47" length="5.00" nVehEntered="73"/>
    <interval begin="36000.00" end="36900.00" id="215_D72" nVehContrib="86" flow="344.00" occupancy="8.07" speed="8.92" harmonicMeanSpeed="5.92" length="5.00" nVehEntered="86"/>
    <interval begin="36900.00" end="37800.00" id="215_D72" nVehContrib="59" flow="236.00" occupancy="3.59" speed="10.12" harmonicMeanSpeed="9.12" length="5.00" nVehEntered="59"/>
    <interval begin="37800.00" end="38700.00" id="215_D72" nVehContrib="49" flow="196.00" occupancy="3.95" speed="10.11" harmonicMeanSpeed="6.89" length="5.00" nVehEntered="49"/>
    <interval begin="38700.00" end="39600.00" id="215_D72" nVehContrib="36" flow="144.00" occupancy="2.36" speed="10.43" harmonicMeanSpeed="8.48" length="5.00" nVehEntered="36"/>
    <interval begin="39600.00" end="40500.00" id="215_D72" nVehContrib="38" flow="152.00" occupancy="2.24" speed="10.52" harmonicMeanSpeed="9.44" length="5.00" nVehEntered="38"/>
    <interval begin="40500.00" end="41400.00" id="215_D72" nVehContrib="45" flow="180.00" occupancy="2.42" speed="11.05" harmonicMeanSpeed="10.51" length="5.00" nVehEntered="46"/>
    <interval begin="41400.00" end="42300.00" id="215_D72" nVehContrib="31" flow="124.00" occupancy="2.13" speed="9.78" harmonicMeanSpeed="7.93" length="5.00" nVehEntered="30"/>
    <interval begin="42300.00" end="43200.00" id="215_D72" nVehContrib="52" flow="208.00" occupancy="2.86" speed="10.62" harmonicMeanSpeed="10.09" length="5.00" nVehEntered="52"/>
    <interval begin="43200.00" end="44100.00" id="215_D72" nVehContrib="38" flow="152.00" occupancy="2.16" speed="10.98" harmonicMeanSpeed="9.75" length="5.00" nVehEntered="38"/>
    <interval begin="44100.00" end="45000.00" id="215_D72" nVehContrib="33" flow="132.00" occupancy="1.80" speed="11.33" harmonicMeanSpeed="10.20" length="5.00" nVehEntered="33"/>
    <interval begin="45000.00" end="45900.00" id="215_D72" nVehContrib="16" flow="64.00" occupancy="0.73" speed="12.64" harmonicMeanSpeed="12.25" length="5.00" nVehEntered="16"/>
    <interval begin="45900.00" end="46800.00" id="215_D72" nVehContrib="4" flow="16.00" occupancy="0.19" speed="12.60" harmonicMeanSpeed="11.77" length="5.00" nVehEntered="4"/>
    <interval begin="46800.00" end="47700.00" id="215_D72" nVehContrib="5" flow="20.00" occupancy="0.23" speed="12.48" harmonicMeanSpeed="11.85" length="5.00" nVehEntered="5"/>
    <interval begin="47700.00" end="48600.00" id="215_D72" nVehContrib="6" flow="24.00" occupancy="0.27" speed="12.55" harmonicMeanSpeed="12.42" length="5.00" nVehEntered="6"/>
    <interval begin="48600.00" end="49321.00" id="215_D72" nVehContrib="2" flow="9.99" occupancy="0.11" speed="12.76" harmonicMeanSpeed="12.54" length="5.00" nVehEntered="2"/>
</detector>
