<?xml version="1.0" encoding="UTF-8"?>

<!-- generated on 2025-02-24 17:47:11 by Eclipse SUMO GUI Version 1.19.0
<configuration xmlns:xsi="http://www.w3.org/2001/XMLSchema-instance" xsi:noNamespaceSchemaLocation="http://sumo.dlr.de/xsd/sumoConfiguration.xsd">

    <input>
        <net-file value="Network.net.xml"/>
        <route-files value="CarRoutes.rou.xml,BusRoutes.rou.xml"/>
        <additional-files value="BusStops.add.xml,Sensors_dfrouter.add.xml"/>
    </input>

    <output>
        <emission-output value="logs/Emissions.xml"/>
        <tripinfo-output value="logs/TripInfos.xml"/>
    </output>

    <time>
        <begin value="0"/>
        <end value="86400"/>
        <step-length value="0.25"/>
    </time>

    <processing>
        <ignore-junction-blocker value="0.1"/>
        <time-to-teleport value="-1"/>
    </processing>

    <emissions>
        <device.emissions.period value="10"/>
    </emissions>

    <traci_server>
        <remote-port value="61971"/>
    </traci_server>

    <gui_only>
        <quit-on-end value="true"/>
        <start value="true"/>
    </gui_only>

</configuration>
-->

<detector xmlns:xsi="http://www.w3.org/2001/XMLSchema-instance" xsi:noNamespaceSchemaLocation="http://sumo.dlr.de/xsd/det_e1_file.xsd">
    <interval begin="0.00" end="900.00" id="215_D51" nVehContrib="9" flow="36.00" occupancy="3.41" speed="3.98" harmonicMeanSpeed="1.47" length="5.00" nVehEntered="9"/>
    <interval begin="900.00" end="1800.00" id="215_D51" nVehContrib="2" flow="8.00" occupancy="0.20" speed="5.48" harmonicMeanSpeed="5.47" length="5.00" nVehEntered="2"/>
    <interval begin="1800.00" end="2700.00" id="215_D51" nVehContrib="8" flow="32.00" occupancy="3.25" speed="4.71" harmonicMeanSpeed="1.37" length="5.00" nVehEntered="8"/>
    <interval begin="2700.00" end="3600.00" id="215_D51" nVehContrib="0" flow="0.00" occupancy="0.00" speed="-1.00" harmonicMeanSpeed="-1.00" length="-1.00" nVehEntered="0"/>
    <interval begin="3600.00" end="4500.00" id="215_D51" nVehContrib="2" flow="8.00" occupancy="0.19" speed="5.88" harmonicMeanSpeed="5.87" length="5.00" nVehEntered="2"/>
    <interval begin="4500.00" end="5400.00" id="215_D51" nVehContrib="7" flow="28.00" occupancy="1.91" speed="4.80" harmonicMeanSpeed="2.03" length="5.00" nVehEntered="7"/>
    <interval begin="5400.00" end="6300.00" id="215_D51" nVehContrib="2" flow="8.00" occupancy="0.19" speed="5.81" harmonicMeanSpeed="5.81" length="5.00" nVehEntered="2"/>
    <interval begin="6300.00" end="7200.00" id="215_D51" nVehContrib="1" flow="4.00" occupancy="0.10" speed="5.60" harmonicMeanSpeed="5.60" length="5.00" nVehEntered="1"/>
    <interval begin="7200.00" end="8100.00" id="215_D51" nVehContrib="0" flow="0.00" occupancy="0.00" speed="-1.00" harmonicMeanSpeed="-1.00" length="-1.00" nVehEntered="0"/>
    <interval begin="8100.00" end="9000.00" id="215_D51" nVehContrib="1" flow="4.00" occupancy="2.70" speed="0.21" harmonicMeanSpeed="0.21" length="5.00" nVehEntered="1"/>
    <interval begin="9000.00" end="9900.00" id="215_D51" nVehContrib="1" flow="4.00" occupancy="0.10" speed="5.84" harmonicMeanSpeed="5.84" length="5.00" nVehEntered="1"/>
    <interval begin="9900.00" end="10800.00" id="215_D51" nVehContrib="0" flow="0.00" occupancy="0.00" speed="-1.00" harmonicMeanSpeed="-1.00" length="-1.00" nVehEntered="0"/>
    <interval begin="10800.00" end="11700.00" id="215_D51" nVehContrib="0" flow="0.00" occupancy="0.80" speed="-1.00" harmonicMeanSpeed="-1.00" length="-1.00" nVehEntered="1"/>
    <interval begin="11700.00" end="12600.00" id="215_D51" nVehContrib="2" flow="8.00" occupancy="0.69" speed="0.76" harmonicMeanSpeed="0.74" length="5.00" nVehEntered="1"/>
    <interval begin="12600.00" end="13500.00" id="215_D51" nVehContrib="1" flow="4.00" occupancy="0.09" speed="5.91" harmonicMeanSpeed="5.91" length="5.00" nVehEntered="1"/>
    <interval begin="13500.00" end="14400.00" id="215_D51" nVehContrib="1" flow="4.00" occupancy="0.32" speed="1.74" harmonicMeanSpeed="1.74" length="5.00" nVehEntered="1"/>
    <interval begin="14400.00" end="15300.00" id="215_D51" nVehContrib="11" flow="44.00" occupancy="7.73" speed="4.42" harmonicMeanSpeed="0.79" length="5.00" nVehEntered="11"/>
    <interval begin="15300.00" end="16200.00" id="215_D51" nVehContrib="2" flow="8.00" occupancy="0.75" speed="2.47" harmonicMeanSpeed="1.49" length="5.00" nVehEntered="2"/>
    <interval begin="16200.00" end="17100.00" id="215_D51" nVehContrib="4" flow="16.00" occupancy="0.63" speed="4.75" harmonicMeanSpeed="3.54" length="5.00" nVehEntered="4"/>
    <interval begin="17100.00" end="18000.00" id="215_D51" nVehContrib="12" flow="48.00" occupancy="9.26" speed="3.90" harmonicMeanSpeed="0.72" length="5.00" nVehEntered="12"/>
    <interval begin="18000.00" end="18900.00" id="215_D51" nVehContrib="1" flow="4.00" occupancy="0.10" speed="5.85" harmonicMeanSpeed="5.85" length="5.00" nVehEntered="1"/>
    <interval begin="18900.00" end="19800.00" id="215_D51" nVehContrib="8" flow="32.00" occupancy="6.58" speed="3.36" harmonicMeanSpeed="0.68" length="5.00" nVehEntered="8"/>
    <interval begin="19800.00" end="20700.00" id="215_D51" nVehContrib="1" flow="4.00" occupancy="0.12" speed="4.77" harmonicMeanSpeed="4.77" length="5.00" nVehEntered="1"/>
    <interval begin="20700.00" end="21600.00" id="215_D51" nVehContrib="12" flow="48.00" occupancy="7.88" speed="4.12" harmonicMeanSpeed="0.85" length="5.00" nVehEntered="12"/>
    <interval begin="21600.00" end="22500.00" id="215_D51" nVehContrib="12" flow="48.00" occupancy="4.21" speed="4.35" harmonicMeanSpeed="1.58" length="5.00" nVehEntered="12"/>
    <interval begin="22500.00" end="23400.00" id="215_D51" nVehContrib="1" flow="4.00" occupancy="3.37" speed="0.16" harmonicMeanSpeed="0.16" length="5.00" nVehEntered="1"/>
    <interval begin="23400.00" end="24300.00" id="215_D51" nVehContrib="0" flow="0.00" occupancy="0.00" speed="-1.00" harmonicMeanSpeed="-1.00" length="-1.00" nVehEntered="0"/>
    <interval begin="24300.00" end="25200.00" id="215_D51" nVehContrib="7" flow="28.00" occupancy="7.94" speed="3.66" harmonicMeanSpeed="0.49" length="5.00" nVehEntered="7"/>
    <interval begin="25200.00" end="26100.00" id="215_D51" nVehContrib="21" flow="84.00" occupancy="11.18" speed="3.70" harmonicMeanSpeed="1.04" length="5.00" nVehEntered="21"/>
    <interval begin="26100.00" end="27000.00" id="215_D51" nVehContrib="12" flow="48.00" occupancy="4.39" speed="4.43" harmonicMeanSpeed="1.52" length="5.00" nVehEntered="12"/>
    <interval begin="27000.00" end="27900.00" id="215_D51" nVehContrib="3" flow="12.00" occupancy="4.16" speed="2.89" harmonicMeanSpeed="0.40" length="5.00" nVehEntered="3"/>
    <interval begin="27900.00" end="28800.00" id="215_D51" nVehContrib="22" flow="88.00" occupancy="7.79" speed="4.32" harmonicMeanSpeed="1.57" length="5.00" nVehEntered="22"/>
    <interval begin="28800.00" end="29700.00" id="215_D51" nVehContrib="1" flow="4.00" occupancy="0.99" speed="0.56" harmonicMeanSpeed="0.56" length="5.00" nVehEntered="1"/>
    <interval begin="29700.00" end="30600.00" id="215_D51" nVehContrib="3" flow="12.00" occupancy="3.07" speed="3.52" harmonicMeanSpeed="0.57" length="5.00" nVehEntered="4"/>
    <interval begin="30600.00" end="31500.00" id="215_D51" nVehContrib="23" flow="92.00" occupancy="22.67" speed="3.31" harmonicMeanSpeed="0.56" length="5.00" nVehEntered="22"/>
    <interval begin="31500.00" end="32400.00" id="215_D51" nVehContrib="2" flow="8.00" occupancy="0.19" speed="5.72" harmonicMeanSpeed="5.72" length="5.00" nVehEntered="2"/>
    <interval begin="32400.00" end="33300.00" id="215_D51" nVehContrib="4" flow="16.00" occupancy="1.66" speed="4.26" harmonicMeanSpeed="1.34" length="5.00" nVehEntered="4"/>
    <interval begin="33300.00" end="34200.00" id="215_D51" nVehContrib="3" flow="12.00" occupancy="0.29" speed="5.75" harmonicMeanSpeed="5.75" length="5.00" nVehEntered="3"/>
    <interval begin="34200.00" end="35100.00" id="215_D51" nVehContrib="5" flow="20.00" occupancy="2.33" speed="4.69" harmonicMeanSpeed="1.19" length="5.00" nVehEntered="5"/>
    <interval begin="35100.00" end="36000.00" id="215_D51" nVehContrib="2" flow="8.00" occupancy="0.72" speed="1.99" harmonicMeanSpeed="1.54" length="5.00" nVehEntered="2"/>
    <interval begin="36000.00" end="36900.00" id="215_D51" nVehContrib="1" flow="4.00" occupancy="0.46" speed="1.22" harmonicMeanSpeed="1.22" length="5.00" nVehEntered="1"/>
    <interval begin="36900.00" end="37800.00" id="215_D51" nVehContrib="2" flow="8.00" occupancy="0.19" speed="5.91" harmonicMeanSpeed="5.91" length="5.00" nVehEntered="2"/>
    <interval begin="37800.00" end="38700.00" id="215_D51" nVehContrib="0" flow="0.00" occupancy="0.00" speed="-1.00" harmonicMeanSpeed="-1.00" length="-1.00" nVehEntered="0"/>
    <interval begin="38700.00" end="39600.00" id="215_D51" nVehContrib="1" flow="4.00" occupancy="0.10" speed="5.73" harmonicMeanSpeed="5.73" length="5.00" nVehEntered="1"/>
    <interval begin="39600.00" end="40500.00" id="215_D51" nVehContrib="1" flow="4.00" occupancy="0.12" speed="4.80" harmonicMeanSpeed="4.80" length="5.00" nVehEntered="1"/>
    <interval begin="40500.00" end="41400.00" id="215_D51" nVehContrib="0" flow="0.00" occupancy="0.00" speed="-1.00" harmonicMeanSpeed="-1.00" length="-1.00" nVehEntered="0"/>
    <interval begin="41400.00" end="42300.00" id="215_D51" nVehContrib="0" flow="0.00" occupancy="0.00" speed="-1.00" harmonicMeanSpeed="-1.00" length="-1.00" nVehEntered="0"/>
    <interval begin="42300.00" end="43200.00" id="215_D51" nVehContrib="0" flow="0.00" occupancy="0.00" speed="-1.00" harmonicMeanSpeed="-1.00" length="-1.00" nVehEntered="0"/>
    <interval begin="43200.00" end="44100.00" id="215_D51" nVehContrib="0" flow="0.00" occupancy="0.00" speed="-1.00" harmonicMeanSpeed="-1.00" length="-1.00" nVehEntered="0"/>
    <interval begin="44100.00" end="45000.00" id="215_D51" nVehContrib="1" flow="4.00" occupancy="0.10" speed="5.29" harmonicMeanSpeed="5.29" length="5.00" nVehEntered="1"/>
    <interval begin="45000.00" end="45900.00" id="215_D51" nVehContrib="1" flow="4.00" occupancy="0.10" speed="5.59" harmonicMeanSpeed="5.59" length="5.00" nVehEntered="1"/>
    <interval begin="45900.00" end="46800.00" id="215_D51" nVehContrib="0" flow="0.00" occupancy="0.00" speed="-1.00" harmonicMeanSpeed="-1.00" length="-1.00" nVehEntered="0"/>
    <interval begin="46800.00" end="47700.00" id="215_D51" nVehContrib="0" flow="0.00" occupancy="0.00" speed="-1.00" harmonicMeanSpeed="-1.00" length="-1.00" nVehEntered="0"/>
    <interval begin="47700.00" end="48600.00" id="215_D51" nVehContrib="0" flow="0.00" occupancy="0.00" speed="-1.00" harmonicMeanSpeed="-1.00" length="-1.00" nVehEntered="0"/>
    <interval begin="48600.00" end="49321.00" id="215_D51" nVehContrib="0" flow="0.00" occupancy="0.00" speed="-1.00" harmonicMeanSpeed="-1.00" length="-1.00" nVehEntered="0"/>
</detector>
