<?xml version="1.0" encoding="UTF-8"?>

<!-- generated on 2025-02-24 17:47:11 by Eclipse SUMO GUI Version 1.19.0
<configuration xmlns:xsi="http://www.w3.org/2001/XMLSchema-instance" xsi:noNamespaceSchemaLocation="http://sumo.dlr.de/xsd/sumoConfiguration.xsd">

    <input>
        <net-file value="Network.net.xml"/>
        <route-files value="CarRoutes.rou.xml,BusRoutes.rou.xml"/>
        <additional-files value="BusStops.add.xml,Sensors_dfrouter.add.xml"/>
    </input>

    <output>
        <emission-output value="logs/Emissions.xml"/>
        <tripinfo-output value="logs/TripInfos.xml"/>
    </output>

    <time>
        <begin value="0"/>
        <end value="86400"/>
        <step-length value="0.25"/>
    </time>

    <processing>
        <ignore-junction-blocker value="0.1"/>
        <time-to-teleport value="-1"/>
    </processing>

    <emissions>
        <device.emissions.period value="10"/>
    </emissions>

    <traci_server>
        <remote-port value="61971"/>
    </traci_server>

    <gui_only>
        <quit-on-end value="true"/>
        <start value="true"/>
    </gui_only>

</configuration>
-->

<detector xmlns:xsi="http://www.w3.org/2001/XMLSchema-instance" xsi:noNamespaceSchemaLocation="http://sumo.dlr.de/xsd/det_e1_file.xsd">
    <interval begin="0.00" end="900.00" id="216_D82" nVehContrib="155" flow="620.00" occupancy="22.50" speed="7.79" harmonicMeanSpeed="3.83" length="5.00" nVehEntered="155"/>
    <interval begin="900.00" end="1800.00" id="216_D82" nVehContrib="110" flow="440.00" occupancy="7.50" speed="9.33" harmonicMeanSpeed="8.15" length="5.00" nVehEntered="110"/>
    <interval begin="1800.00" end="2700.00" id="216_D82" nVehContrib="118" flow="472.00" occupancy="9.54" speed="8.25" harmonicMeanSpeed="6.87" length="5.00" nVehEntered="118"/>
    <interval begin="2700.00" end="3600.00" id="216_D82" nVehContrib="119" flow="476.00" occupancy="12.06" speed="9.12" harmonicMeanSpeed="5.48" length="5.00" nVehEntered="119"/>
    <interval begin="3600.00" end="4500.00" id="216_D82" nVehContrib="95" flow="380.00" occupancy="6.72" speed="9.18" harmonicMeanSpeed="7.85" length="5.00" nVehEntered="95"/>
    <interval begin="4500.00" end="5400.00" id="216_D82" nVehContrib="111" flow="444.00" occupancy="6.88" speed="9.98" harmonicMeanSpeed="8.97" length="5.00" nVehEntered="111"/>
    <interval begin="5400.00" end="6300.00" id="216_D82" nVehContrib="118" flow="472.00" occupancy="9.49" speed="8.22" harmonicMeanSpeed="6.91" length="5.00" nVehEntered="118"/>
    <interval begin="6300.00" end="7200.00" id="216_D82" nVehContrib="107" flow="428.00" occupancy="7.76" speed="8.95" harmonicMeanSpeed="7.66" length="5.00" nVehEntered="107"/>
    <interval begin="7200.00" end="8100.00" id="216_D82" nVehContrib="101" flow="404.00" occupancy="6.84" speed="9.22" harmonicMeanSpeed="8.20" length="5.00" nVehEntered="101"/>
    <interval begin="8100.00" end="9000.00" id="216_D82" nVehContrib="112" flow="448.00" occupancy="7.80" speed="9.10" harmonicMeanSpeed="7.98" length="5.00" nVehEntered="112"/>
    <interval begin="9000.00" end="9900.00" id="216_D82" nVehContrib="122" flow="488.00" occupancy="9.58" speed="8.66" harmonicMeanSpeed="7.08" length="5.00" nVehEntered="122"/>
    <interval begin="9900.00" end="10800.00" id="216_D82" nVehContrib="128" flow="512.00" occupancy="8.69" speed="9.30" harmonicMeanSpeed="8.18" length="5.00" nVehEntered="128"/>
    <interval begin="10800.00" end="11700.00" id="216_D82" nVehContrib="102" flow="408.00" occupancy="6.96" speed="9.44" harmonicMeanSpeed="8.14" length="5.00" nVehEntered="102"/>
    <interval begin="11700.00" end="12600.00" id="216_D82" nVehContrib="107" flow="428.00" occupancy="7.93" speed="8.79" harmonicMeanSpeed="7.49" length="5.00" nVehEntered="107"/>
    <interval begin="12600.00" end="13500.00" id="216_D82" nVehContrib="88" flow="352.00" occupancy="6.64" speed="8.86" harmonicMeanSpeed="7.36" length="5.00" nVehEntered="88"/>
    <interval begin="13500.00" end="14400.00" id="216_D82" nVehContrib="111" flow="444.00" occupancy="8.38" speed="9.00" harmonicMeanSpeed="7.36" length="5.00" nVehEntered="111"/>
    <interval begin="14400.00" end="15300.00" id="216_D82" nVehContrib="105" flow="420.00" occupancy="6.45" speed="9.92" harmonicMeanSpeed="9.05" length="5.00" nVehEntered="105"/>
    <interval begin="15300.00" end="16200.00" id="216_D82" nVehContrib="106" flow="424.00" occupancy="8.00" speed="8.70" harmonicMeanSpeed="7.39" length="5.00" nVehEntered="107"/>
    <interval begin="16200.00" end="17100.00" id="216_D82" nVehContrib="126" flow="504.00" occupancy="8.57" speed="9.21" harmonicMeanSpeed="8.13" length="5.00" nVehEntered="125"/>
    <interval begin="17100.00" end="18000.00" id="216_D82" nVehContrib="114" flow="456.00" occupancy="7.38" speed="9.86" harmonicMeanSpeed="8.59" length="5.00" nVehEntered="114"/>
    <interval begin="18000.00" end="18900.00" id="216_D82" nVehContrib="92" flow="368.00" occupancy="5.46" speed="10.12" harmonicMeanSpeed="9.37" length="5.00" nVehEntered="92"/>
    <interval begin="18900.00" end="19800.00" id="216_D82" nVehContrib="114" flow="456.00" occupancy="8.10" speed="8.97" harmonicMeanSpeed="7.82" length="5.00" nVehEntered="114"/>
    <interval begin="19800.00" end="20700.00" id="216_D82" nVehContrib="82" flow="328.00" occupancy="4.68" speed="10.54" harmonicMeanSpeed="9.73" length="5.00" nVehEntered="82"/>
    <interval begin="20700.00" end="21600.00" id="216_D82" nVehContrib="112" flow="448.00" occupancy="10.40" speed="7.91" harmonicMeanSpeed="6.04" length="5.00" nVehEntered="113"/>
    <interval begin="21600.00" end="22500.00" id="216_D82" nVehContrib="154" flow="616.00" occupancy="25.01" speed="7.30" harmonicMeanSpeed="3.54" length="5.00" nVehEntered="154"/>
    <interval begin="22500.00" end="23400.00" id="216_D82" nVehContrib="152" flow="608.00" occupancy="13.31" speed="8.28" harmonicMeanSpeed="5.92" length="5.00" nVehEntered="151"/>
    <interval begin="23400.00" end="24300.00" id="216_D82" nVehContrib="106" flow="424.00" occupancy="16.00" speed="8.01" harmonicMeanSpeed="3.68" length="5.00" nVehEntered="106"/>
    <interval begin="24300.00" end="25200.00" id="216_D82" nVehContrib="123" flow="492.00" occupancy="22.07" speed="7.23" harmonicMeanSpeed="3.10" length="5.00" nVehEntered="123"/>
    <interval begin="25200.00" end="26100.00" id="216_D82" nVehContrib="136" flow="544.00" occupancy="22.04" speed="6.71" harmonicMeanSpeed="3.43" length="5.00" nVehEntered="136"/>
    <interval begin="26100.00" end="27000.00" id="216_D82" nVehContrib="140" flow="560.00" occupancy="9.70" speed="8.69" harmonicMeanSpeed="8.02" length="5.00" nVehEntered="140"/>
    <interval begin="27000.00" end="27900.00" id="216_D82" nVehContrib="137" flow="548.00" occupancy="14.46" speed="7.97" harmonicMeanSpeed="5.26" length="5.00" nVehEntered="137"/>
    <interval begin="27900.00" end="28800.00" id="216_D82" nVehContrib="127" flow="508.00" occupancy="7.86" speed="9.79" harmonicMeanSpeed="8.97" length="5.00" nVehEntered="127"/>
    <interval begin="28800.00" end="29700.00" id="216_D82" nVehContrib="133" flow="532.00" occupancy="8.76" speed="9.36" harmonicMeanSpeed="8.44" length="5.00" nVehEntered="133"/>
    <interval begin="29700.00" end="30600.00" id="216_D82" nVehContrib="108" flow="432.00" occupancy="13.47" speed="7.16" harmonicMeanSpeed="4.45" length="5.00" nVehEntered="108"/>
    <interval begin="30600.00" end="31500.00" id="216_D82" nVehContrib="119" flow="476.00" occupancy="7.07" speed="10.16" harmonicMeanSpeed="9.35" length="5.00" nVehEntered="119"/>
    <interval begin="31500.00" end="32400.00" id="216_D82" nVehContrib="108" flow="432.00" occupancy="8.44" speed="8.30" harmonicMeanSpeed="7.11" length="5.00" nVehEntered="108"/>
    <interval begin="32400.00" end="33300.00" id="216_D82" nVehContrib="96" flow="384.00" occupancy="6.30" speed="9.76" harmonicMeanSpeed="8.47" length="5.00" nVehEntered="96"/>
    <interval begin="33300.00" end="34200.00" id="216_D82" nVehContrib="74" flow="296.00" occupancy="5.68" speed="8.87" harmonicMeanSpeed="7.23" length="5.00" nVehEntered="74"/>
    <interval begin="34200.00" end="35100.00" id="216_D82" nVehContrib="108" flow="432.00" occupancy="7.86" speed="9.04" harmonicMeanSpeed="7.63" length="5.00" nVehEntered="108"/>
    <interval begin="35100.00" end="36000.00" id="216_D82" nVehContrib="83" flow="332.00" occupancy="5.37" speed="9.92" harmonicMeanSpeed="8.59" length="5.00" nVehEntered="83"/>
    <interval begin="36000.00" end="36900.00" id="216_D82" nVehContrib="93" flow="372.00" occupancy="5.73" speed="9.95" harmonicMeanSpeed="9.02" length="5.00" nVehEntered="93"/>
    <interval begin="36900.00" end="37800.00" id="216_D82" nVehContrib="65" flow="260.00" occupancy="3.91" speed="10.24" harmonicMeanSpeed="9.23" length="5.00" nVehEntered="65"/>
    <interval begin="37800.00" end="38700.00" id="216_D82" nVehContrib="38" flow="152.00" occupancy="2.20" speed="10.73" harmonicMeanSpeed="9.60" length="5.00" nVehEntered="38"/>
    <interval begin="38700.00" end="39600.00" id="216_D82" nVehContrib="40" flow="160.00" occupancy="2.15" speed="11.31" harmonicMeanSpeed="10.34" length="5.00" nVehEntered="40"/>
    <interval begin="39600.00" end="40500.00" id="216_D82" nVehContrib="45" flow="180.00" occupancy="2.52" speed="11.06" harmonicMeanSpeed="9.90" length="5.00" nVehEntered="45"/>
    <interval begin="40500.00" end="41400.00" id="216_D82" nVehContrib="40" flow="160.00" occupancy="1.89" speed="12.08" harmonicMeanSpeed="11.78" length="5.00" nVehEntered="40"/>
    <interval begin="41400.00" end="42300.00" id="216_D82" nVehContrib="26" flow="104.00" occupancy="1.38" speed="11.26" harmonicMeanSpeed="10.45" length="5.00" nVehEntered="26"/>
    <interval begin="42300.00" end="43200.00" id="216_D82" nVehContrib="50" flow="200.00" occupancy="2.73" speed="10.83" harmonicMeanSpeed="10.17" length="5.00" nVehEntered="50"/>
    <interval begin="43200.00" end="44100.00" id="216_D82" nVehContrib="35" flow="140.00" occupancy="2.22" speed="10.66" harmonicMeanSpeed="8.78" length="5.00" nVehEntered="35"/>
    <interval begin="44100.00" end="45000.00" id="216_D82" nVehContrib="38" flow="152.00" occupancy="1.89" speed="11.78" harmonicMeanSpeed="11.17" length="5.00" nVehEntered="38"/>
    <interval begin="45000.00" end="45900.00" id="216_D82" nVehContrib="25" flow="100.00" occupancy="1.18" speed="12.17" harmonicMeanSpeed="11.80" length="5.00" nVehEntered="25"/>
    <interval begin="45900.00" end="46800.00" id="216_D82" nVehContrib="4" flow="16.00" occupancy="0.24" speed="9.76" harmonicMeanSpeed="9.18" length="5.00" nVehEntered="4"/>
    <interval begin="46800.00" end="47700.00" id="216_D82" nVehContrib="9" flow="36.00" occupancy="0.40" speed="12.75" harmonicMeanSpeed="12.40" length="5.00" nVehEntered="9"/>
    <interval begin="47700.00" end="48600.00" id="216_D82" nVehContrib="6" flow="24.00" occupancy="0.26" speed="13.00" harmonicMeanSpeed="12.83" length="5.00" nVehEntered="6"/>
    <interval begin="48600.00" end="49321.00" id="216_D82" nVehContrib="2" flow="9.99" occupancy="0.11" speed="12.84" harmonicMeanSpeed="12.63" length="5.00" nVehEntered="2"/>
</detector>
