<?xml version="1.0" encoding="UTF-8"?>

<!-- generated on 2025-02-24 17:47:11 by Eclipse SUMO GUI Version 1.19.0
<configuration xmlns:xsi="http://www.w3.org/2001/XMLSchema-instance" xsi:noNamespaceSchemaLocation="http://sumo.dlr.de/xsd/sumoConfiguration.xsd">

    <input>
        <net-file value="Network.net.xml"/>
        <route-files value="CarRoutes.rou.xml,BusRoutes.rou.xml"/>
        <additional-files value="BusStops.add.xml,Sensors_dfrouter.add.xml"/>
    </input>

    <output>
        <emission-output value="logs/Emissions.xml"/>
        <tripinfo-output value="logs/TripInfos.xml"/>
    </output>

    <time>
        <begin value="0"/>
        <end value="86400"/>
        <step-length value="0.25"/>
    </time>

    <processing>
        <ignore-junction-blocker value="0.1"/>
        <time-to-teleport value="-1"/>
    </processing>

    <emissions>
        <device.emissions.period value="10"/>
    </emissions>

    <traci_server>
        <remote-port value="61971"/>
    </traci_server>

    <gui_only>
        <quit-on-end value="true"/>
        <start value="true"/>
    </gui_only>

</configuration>
-->

<detector xmlns:xsi="http://www.w3.org/2001/XMLSchema-instance" xsi:noNamespaceSchemaLocation="http://sumo.dlr.de/xsd/det_e1_file.xsd">
    <interval begin="0.00" end="900.00" id="216_D101" nVehContrib="29" flow="116.00" occupancy="38.68" speed="3.58" harmonicMeanSpeed="0.46" length="5.00" nVehEntered="30"/>
    <interval begin="900.00" end="1800.00" id="216_D101" nVehContrib="38" flow="152.00" occupancy="42.12" speed="3.33" harmonicMeanSpeed="0.46" length="5.00" nVehEntered="37"/>
    <interval begin="1800.00" end="2700.00" id="216_D101" nVehContrib="10" flow="40.00" occupancy="16.59" speed="2.84" harmonicMeanSpeed="0.40" length="5.00" nVehEntered="11"/>
    <interval begin="2700.00" end="3600.00" id="216_D101" nVehContrib="23" flow="92.00" occupancy="26.41" speed="3.60" harmonicMeanSpeed="0.45" length="5.00" nVehEntered="23"/>
    <interval begin="3600.00" end="4500.00" id="216_D101" nVehContrib="35" flow="140.00" occupancy="34.65" speed="3.48" harmonicMeanSpeed="0.60" length="5.00" nVehEntered="35"/>
    <interval begin="4500.00" end="5400.00" id="216_D101" nVehContrib="25" flow="100.00" occupancy="31.07" speed="3.24" harmonicMeanSpeed="0.41" length="5.00" nVehEntered="24"/>
    <interval begin="5400.00" end="6300.00" id="216_D101" nVehContrib="16" flow="64.00" occupancy="24.52" speed="4.03" harmonicMeanSpeed="0.42" length="5.00" nVehEntered="17"/>
    <interval begin="6300.00" end="7200.00" id="216_D101" nVehContrib="32" flow="128.00" occupancy="46.23" speed="3.13" harmonicMeanSpeed="0.36" length="5.00" nVehEntered="31"/>
    <interval begin="7200.00" end="8100.00" id="216_D101" nVehContrib="30" flow="120.00" occupancy="47.05" speed="3.10" harmonicMeanSpeed="0.35" length="5.00" nVehEntered="30"/>
    <interval begin="8100.00" end="9000.00" id="216_D101" nVehContrib="35" flow="140.00" occupancy="55.62" speed="3.73" harmonicMeanSpeed="0.35" length="5.00" nVehEntered="35"/>
    <interval begin="9000.00" end="9900.00" id="216_D101" nVehContrib="31" flow="124.00" occupancy="33.14" speed="3.46" harmonicMeanSpeed="0.52" length="5.00" nVehEntered="31"/>
    <interval begin="9900.00" end="10800.00" id="216_D101" nVehContrib="16" flow="64.00" occupancy="38.31" speed="2.83" harmonicMeanSpeed="0.23" length="5.00" nVehEntered="16"/>
    <interval begin="10800.00" end="11700.00" id="216_D101" nVehContrib="21" flow="84.00" occupancy="43.02" speed="2.44" harmonicMeanSpeed="0.34" length="5.00" nVehEntered="22"/>
    <interval begin="11700.00" end="12600.00" id="216_D101" nVehContrib="36" flow="144.00" occupancy="55.16" speed="3.55" harmonicMeanSpeed="0.34" length="5.00" nVehEntered="36"/>
    <interval begin="12600.00" end="13500.00" id="216_D101" nVehContrib="39" flow="156.00" occupancy="51.10" speed="3.53" harmonicMeanSpeed="0.39" length="5.00" nVehEntered="38"/>
    <interval begin="13500.00" end="14400.00" id="216_D101" nVehContrib="34" flow="136.00" occupancy="45.61" speed="3.98" harmonicMeanSpeed="0.42" length="5.00" nVehEntered="35"/>
    <interval begin="14400.00" end="15300.00" id="216_D101" nVehContrib="23" flow="92.00" occupancy="29.18" speed="2.98" harmonicMeanSpeed="0.42" length="5.00" nVehEntered="22"/>
    <interval begin="15300.00" end="16200.00" id="216_D101" nVehContrib="42" flow="168.00" occupancy="65.86" speed="3.57" harmonicMeanSpeed="0.36" length="5.00" nVehEntered="43"/>
    <interval begin="16200.00" end="17100.00" id="216_D101" nVehContrib="35" flow="140.00" occupancy="51.01" speed="3.80" harmonicMeanSpeed="0.37" length="5.00" nVehEntered="34"/>
    <interval begin="17100.00" end="18000.00" id="216_D101" nVehContrib="38" flow="152.00" occupancy="40.84" speed="3.49" harmonicMeanSpeed="0.52" length="5.00" nVehEntered="38"/>
    <interval begin="18000.00" end="18900.00" id="216_D101" nVehContrib="44" flow="176.00" occupancy="72.22" speed="4.30" harmonicMeanSpeed="0.34" length="5.00" nVehEntered="44"/>
    <interval begin="18900.00" end="19800.00" id="216_D101" nVehContrib="44" flow="176.00" occupancy="39.56" speed="3.86" harmonicMeanSpeed="0.62" length="5.00" nVehEntered="44"/>
    <interval begin="19800.00" end="20700.00" id="216_D101" nVehContrib="33" flow="132.00" occupancy="62.21" speed="3.66" harmonicMeanSpeed="0.32" length="5.00" nVehEntered="34"/>
    <interval begin="20700.00" end="21600.00" id="216_D101" nVehContrib="35" flow="140.00" occupancy="39.75" speed="3.76" harmonicMeanSpeed="0.43" length="5.00" nVehEntered="34"/>
    <interval begin="21600.00" end="22500.00" id="216_D101" nVehContrib="19" flow="76.00" occupancy="33.18" speed="2.51" harmonicMeanSpeed="0.37" length="5.00" nVehEntered="20"/>
    <interval begin="22500.00" end="23400.00" id="216_D101" nVehContrib="31" flow="124.00" occupancy="44.03" speed="3.24" harmonicMeanSpeed="0.37" length="5.00" nVehEntered="31"/>
    <interval begin="23400.00" end="24300.00" id="216_D101" nVehContrib="44" flow="176.00" occupancy="55.78" speed="4.14" harmonicMeanSpeed="0.42" length="5.00" nVehEntered="43"/>
    <interval begin="24300.00" end="25200.00" id="216_D101" nVehContrib="40" flow="160.00" occupancy="58.86" speed="3.59" harmonicMeanSpeed="0.38" length="5.00" nVehEntered="40"/>
    <interval begin="25200.00" end="26100.00" id="216_D101" nVehContrib="48" flow="192.00" occupancy="55.10" speed="4.18" harmonicMeanSpeed="0.57" length="5.00" nVehEntered="49"/>
    <interval begin="26100.00" end="27000.00" id="216_D101" nVehContrib="33" flow="132.00" occupancy="53.60" speed="3.34" harmonicMeanSpeed="0.31" length="5.00" nVehEntered="33"/>
    <interval begin="27000.00" end="27900.00" id="216_D101" nVehContrib="43" flow="172.00" occupancy="69.28" speed="3.94" harmonicMeanSpeed="0.35" length="5.00" nVehEntered="43"/>
    <interval begin="27900.00" end="28800.00" id="216_D101" nVehContrib="46" flow="184.00" occupancy="62.53" speed="3.97" harmonicMeanSpeed="0.39" length="5.00" nVehEntered="45"/>
    <interval begin="28800.00" end="29700.00" id="216_D101" nVehContrib="37" flow="148.00" occupancy="61.24" speed="3.62" harmonicMeanSpeed="0.37" length="5.00" nVehEntered="38"/>
    <interval begin="29700.00" end="30600.00" id="216_D101" nVehContrib="38" flow="152.00" occupancy="61.23" speed="3.63" harmonicMeanSpeed="0.37" length="5.00" nVehEntered="38"/>
    <interval begin="30600.00" end="31500.00" id="216_D101" nVehContrib="28" flow="112.00" occupancy="48.14" speed="3.16" harmonicMeanSpeed="0.27" length="5.00" nVehEntered="27"/>
    <interval begin="31500.00" end="32400.00" id="216_D101" nVehContrib="25" flow="100.00" occupancy="40.90" speed="3.38" harmonicMeanSpeed="0.38" length="5.00" nVehEntered="26"/>
    <interval begin="32400.00" end="33300.00" id="216_D101" nVehContrib="25" flow="100.00" occupancy="44.77" speed="2.42" harmonicMeanSpeed="0.30" length="5.00" nVehEntered="25"/>
    <interval begin="33300.00" end="34200.00" id="216_D101" nVehContrib="27" flow="108.00" occupancy="53.92" speed="3.70" harmonicMeanSpeed="0.30" length="5.00" nVehEntered="27"/>
    <interval begin="34200.00" end="35100.00" id="216_D101" nVehContrib="22" flow="88.00" occupancy="55.95" speed="3.68" harmonicMeanSpeed="0.20" length="5.00" nVehEntered="21"/>
    <interval begin="35100.00" end="36000.00" id="216_D101" nVehContrib="16" flow="64.00" occupancy="22.13" speed="3.81" harmonicMeanSpeed="0.40" length="5.00" nVehEntered="16"/>
    <interval begin="36000.00" end="36900.00" id="216_D101" nVehContrib="15" flow="60.00" occupancy="32.40" speed="1.52" harmonicMeanSpeed="0.26" length="5.00" nVehEntered="15"/>
    <interval begin="36900.00" end="37800.00" id="216_D101" nVehContrib="13" flow="52.00" occupancy="22.19" speed="2.81" harmonicMeanSpeed="0.33" length="5.00" nVehEntered="13"/>
    <interval begin="37800.00" end="38700.00" id="216_D101" nVehContrib="24" flow="96.00" occupancy="38.97" speed="2.88" harmonicMeanSpeed="0.34" length="5.00" nVehEntered="24"/>
    <interval begin="38700.00" end="39600.00" id="216_D101" nVehContrib="11" flow="44.00" occupancy="24.43" speed="2.53" harmonicMeanSpeed="0.25" length="5.00" nVehEntered="11"/>
    <interval begin="39600.00" end="40500.00" id="216_D101" nVehContrib="8" flow="32.00" occupancy="29.13" speed="2.21" harmonicMeanSpeed="0.15" length="5.00" nVehEntered="8"/>
    <interval begin="40500.00" end="41400.00" id="216_D101" nVehContrib="17" flow="68.00" occupancy="33.05" speed="3.20" harmonicMeanSpeed="0.29" length="5.00" nVehEntered="17"/>
    <interval begin="41400.00" end="42300.00" id="216_D101" nVehContrib="8" flow="32.00" occupancy="28.27" speed="1.49" harmonicMeanSpeed="0.16" length="5.00" nVehEntered="8"/>
    <interval begin="42300.00" end="43200.00" id="216_D101" nVehContrib="11" flow="44.00" occupancy="24.75" speed="2.41" harmonicMeanSpeed="0.25" length="5.00" nVehEntered="11"/>
    <interval begin="43200.00" end="44100.00" id="216_D101" nVehContrib="5" flow="20.00" occupancy="21.33" speed="0.84" harmonicMeanSpeed="0.13" length="5.00" nVehEntered="5"/>
    <interval begin="44100.00" end="45000.00" id="216_D101" nVehContrib="5" flow="20.00" occupancy="12.47" speed="0.78" harmonicMeanSpeed="0.22" length="5.00" nVehEntered="5"/>
    <interval begin="45000.00" end="45900.00" id="216_D101" nVehContrib="2" flow="8.00" occupancy="0.20" speed="5.47" harmonicMeanSpeed="5.47" length="5.00" nVehEntered="2"/>
    <interval begin="45900.00" end="46800.00" id="216_D101" nVehContrib="12" flow="48.00" occupancy="28.85" speed="3.29" harmonicMeanSpeed="0.23" length="5.00" nVehEntered="12"/>
    <interval begin="46800.00" end="47700.00" id="216_D101" nVehContrib="4" flow="16.00" occupancy="2.25" speed="1.81" harmonicMeanSpeed="0.99" length="5.00" nVehEntered="4"/>
    <interval begin="47700.00" end="48600.00" id="216_D101" nVehContrib="0" flow="0.00" occupancy="0.00" speed="-1.00" harmonicMeanSpeed="-1.00" length="-1.00" nVehEntered="0"/>
    <interval begin="48600.00" end="49321.00" id="216_D101" nVehContrib="0" flow="0.00" occupancy="0.00" speed="-1.00" harmonicMeanSpeed="-1.00" length="-1.00" nVehEntered="0"/>
</detector>
