<?xml version="1.0" encoding="UTF-8"?>

<!-- generated on 2025-02-24 17:47:11 by Eclipse SUMO GUI Version 1.19.0
<configuration xmlns:xsi="http://www.w3.org/2001/XMLSchema-instance" xsi:noNamespaceSchemaLocation="http://sumo.dlr.de/xsd/sumoConfiguration.xsd">

    <input>
        <net-file value="Network.net.xml"/>
        <route-files value="CarRoutes.rou.xml,BusRoutes.rou.xml"/>
        <additional-files value="BusStops.add.xml,Sensors_dfrouter.add.xml"/>
    </input>

    <output>
        <emission-output value="logs/Emissions.xml"/>
        <tripinfo-output value="logs/TripInfos.xml"/>
    </output>

    <time>
        <begin value="0"/>
        <end value="86400"/>
        <step-length value="0.25"/>
    </time>

    <processing>
        <ignore-junction-blocker value="0.1"/>
        <time-to-teleport value="-1"/>
    </processing>

    <emissions>
        <device.emissions.period value="10"/>
    </emissions>

    <traci_server>
        <remote-port value="61971"/>
    </traci_server>

    <gui_only>
        <quit-on-end value="true"/>
        <start value="true"/>
    </gui_only>

</configuration>
-->

<detector xmlns:xsi="http://www.w3.org/2001/XMLSchema-instance" xsi:noNamespaceSchemaLocation="http://sumo.dlr.de/xsd/det_e1_file.xsd">
    <interval begin="0.00" end="900.00" id="216_D21" nVehContrib="7" flow="28.00" occupancy="35.65" speed="1.09" harmonicMeanSpeed="0.11" length="5.00" nVehEntered="7"/>
    <interval begin="900.00" end="1800.00" id="216_D21" nVehContrib="7" flow="28.00" occupancy="28.29" speed="0.18" harmonicMeanSpeed="0.15" length="5.00" nVehEntered="8"/>
    <interval begin="1800.00" end="2700.00" id="216_D21" nVehContrib="13" flow="52.00" occupancy="19.34" speed="1.97" harmonicMeanSpeed="0.35" length="5.00" nVehEntered="13"/>
    <interval begin="2700.00" end="3600.00" id="216_D21" nVehContrib="5" flow="20.00" occupancy="8.85" speed="3.20" harmonicMeanSpeed="0.48" length="5.00" nVehEntered="5"/>
    <interval begin="3600.00" end="4500.00" id="216_D21" nVehContrib="13" flow="52.00" occupancy="26.14" speed="2.24" harmonicMeanSpeed="0.24" length="5.00" nVehEntered="12"/>
    <interval begin="4500.00" end="5400.00" id="216_D21" nVehContrib="15" flow="60.00" occupancy="25.99" speed="4.13" harmonicMeanSpeed="0.34" length="5.00" nVehEntered="16"/>
    <interval begin="5400.00" end="6300.00" id="216_D21" nVehContrib="11" flow="44.00" occupancy="21.65" speed="1.87" harmonicMeanSpeed="0.26" length="5.00" nVehEntered="10"/>
    <interval begin="6300.00" end="7200.00" id="216_D21" nVehContrib="11" flow="44.00" occupancy="19.48" speed="2.76" harmonicMeanSpeed="0.31" length="5.00" nVehEntered="11"/>
    <interval begin="7200.00" end="8100.00" id="216_D21" nVehContrib="10" flow="40.00" occupancy="24.22" speed="1.16" harmonicMeanSpeed="0.23" length="5.00" nVehEntered="10"/>
    <interval begin="8100.00" end="9000.00" id="216_D21" nVehContrib="10" flow="40.00" occupancy="28.58" speed="2.41" harmonicMeanSpeed="0.21" length="5.00" nVehEntered="11"/>
    <interval begin="9000.00" end="9900.00" id="216_D21" nVehContrib="8" flow="32.00" occupancy="16.40" speed="3.43" harmonicMeanSpeed="0.24" length="5.00" nVehEntered="7"/>
    <interval begin="9900.00" end="10800.00" id="216_D21" nVehContrib="6" flow="24.00" occupancy="14.94" speed="2.01" harmonicMeanSpeed="0.22" length="5.00" nVehEntered="6"/>
    <interval begin="10800.00" end="11700.00" id="216_D21" nVehContrib="6" flow="24.00" occupancy="30.13" speed="1.79" harmonicMeanSpeed="0.11" length="5.00" nVehEntered="6"/>
    <interval begin="11700.00" end="12600.00" id="216_D21" nVehContrib="8" flow="32.00" occupancy="15.37" speed="3.77" harmonicMeanSpeed="0.29" length="5.00" nVehEntered="8"/>
    <interval begin="12600.00" end="13500.00" id="216_D21" nVehContrib="5" flow="20.00" occupancy="8.39" speed="1.71" harmonicMeanSpeed="0.33" length="5.00" nVehEntered="5"/>
    <interval begin="13500.00" end="14400.00" id="216_D21" nVehContrib="7" flow="28.00" occupancy="20.33" speed="3.38" harmonicMeanSpeed="0.19" length="5.00" nVehEntered="7"/>
    <interval begin="14400.00" end="15300.00" id="216_D21" nVehContrib="11" flow="44.00" occupancy="35.53" speed="2.91" harmonicMeanSpeed="0.17" length="5.00" nVehEntered="11"/>
    <interval begin="15300.00" end="16200.00" id="216_D21" nVehContrib="11" flow="44.00" occupancy="16.61" speed="4.48" harmonicMeanSpeed="0.37" length="5.00" nVehEntered="11"/>
    <interval begin="16200.00" end="17100.00" id="216_D21" nVehContrib="11" flow="44.00" occupancy="21.26" speed="1.65" harmonicMeanSpeed="0.29" length="5.00" nVehEntered="11"/>
    <interval begin="17100.00" end="18000.00" id="216_D21" nVehContrib="7" flow="28.00" occupancy="22.92" speed="0.35" harmonicMeanSpeed="0.17" length="5.00" nVehEntered="7"/>
    <interval begin="18000.00" end="18900.00" id="216_D21" nVehContrib="12" flow="48.00" occupancy="38.31" speed="2.28" harmonicMeanSpeed="0.17" length="5.00" nVehEntered="12"/>
    <interval begin="18900.00" end="19800.00" id="216_D21" nVehContrib="13" flow="52.00" occupancy="31.07" speed="2.22" harmonicMeanSpeed="0.23" length="5.00" nVehEntered="13"/>
    <interval begin="19800.00" end="20700.00" id="216_D21" nVehContrib="9" flow="36.00" occupancy="28.50" speed="2.59" harmonicMeanSpeed="0.18" length="5.00" nVehEntered="9"/>
    <interval begin="20700.00" end="21600.00" id="216_D21" nVehContrib="9" flow="36.00" occupancy="23.64" speed="3.85" harmonicMeanSpeed="0.25" length="5.00" nVehEntered="10"/>
    <interval begin="21600.00" end="22500.00" id="216_D21" nVehContrib="8" flow="32.00" occupancy="30.57" speed="1.41" harmonicMeanSpeed="0.13" length="5.00" nVehEntered="7"/>
    <interval begin="22500.00" end="23400.00" id="216_D21" nVehContrib="10" flow="40.00" occupancy="38.89" speed="2.19" harmonicMeanSpeed="0.19" length="5.00" nVehEntered="11"/>
    <interval begin="23400.00" end="24300.00" id="216_D21" nVehContrib="15" flow="60.00" occupancy="32.06" speed="3.20" harmonicMeanSpeed="0.20" length="5.00" nVehEntered="14"/>
    <interval begin="24300.00" end="25200.00" id="216_D21" nVehContrib="11" flow="44.00" occupancy="55.58" speed="1.49" harmonicMeanSpeed="0.11" length="5.00" nVehEntered="11"/>
    <interval begin="25200.00" end="26100.00" id="216_D21" nVehContrib="10" flow="40.00" occupancy="47.57" speed="0.87" harmonicMeanSpeed="0.12" length="5.00" nVehEntered="10"/>
    <interval begin="26100.00" end="27000.00" id="216_D21" nVehContrib="4" flow="16.00" occupancy="25.07" speed="0.18" harmonicMeanSpeed="0.10" length="5.00" nVehEntered="5"/>
    <interval begin="27000.00" end="27900.00" id="216_D21" nVehContrib="7" flow="28.00" occupancy="44.36" speed="1.43" harmonicMeanSpeed="0.09" length="5.00" nVehEntered="7"/>
    <interval begin="27900.00" end="28800.00" id="216_D21" nVehContrib="12" flow="48.00" occupancy="42.68" speed="2.85" harmonicMeanSpeed="0.15" length="5.00" nVehEntered="12"/>
    <interval begin="28800.00" end="29700.00" id="216_D21" nVehContrib="9" flow="36.00" occupancy="38.05" speed="0.92" harmonicMeanSpeed="0.13" length="5.00" nVehEntered="8"/>
    <interval begin="29700.00" end="30600.00" id="216_D21" nVehContrib="9" flow="36.00" occupancy="43.10" speed="2.30" harmonicMeanSpeed="0.12" length="5.00" nVehEntered="10"/>
    <interval begin="30600.00" end="31500.00" id="216_D21" nVehContrib="11" flow="44.00" occupancy="42.40" speed="3.14" harmonicMeanSpeed="0.13" length="5.00" nVehEntered="10"/>
    <interval begin="31500.00" end="32400.00" id="216_D21" nVehContrib="5" flow="20.00" occupancy="13.11" speed="3.44" harmonicMeanSpeed="0.23" length="5.00" nVehEntered="6"/>
    <interval begin="32400.00" end="33300.00" id="216_D21" nVehContrib="9" flow="36.00" occupancy="26.01" speed="2.62" harmonicMeanSpeed="0.19" length="5.00" nVehEntered="8"/>
    <interval begin="33300.00" end="34200.00" id="216_D21" nVehContrib="27" flow="108.00" occupancy="46.08" speed="5.04" harmonicMeanSpeed="0.35" length="5.00" nVehEntered="28"/>
    <interval begin="34200.00" end="35100.00" id="216_D21" nVehContrib="8" flow="32.00" occupancy="20.53" speed="1.92" harmonicMeanSpeed="0.19" length="5.00" nVehEntered="7"/>
    <interval begin="35100.00" end="36000.00" id="216_D21" nVehContrib="3" flow="12.00" occupancy="6.60" speed="0.26" harmonicMeanSpeed="0.25" length="5.00" nVehEntered="3"/>
    <interval begin="36000.00" end="36900.00" id="216_D21" nVehContrib="6" flow="24.00" occupancy="19.98" speed="0.29" harmonicMeanSpeed="0.17" length="5.00" nVehEntered="6"/>
    <interval begin="36900.00" end="37800.00" id="216_D21" nVehContrib="7" flow="28.00" occupancy="11.75" speed="3.82" harmonicMeanSpeed="0.33" length="5.00" nVehEntered="7"/>
    <interval begin="37800.00" end="38700.00" id="216_D21" nVehContrib="5" flow="20.00" occupancy="13.24" speed="0.23" harmonicMeanSpeed="0.21" length="5.00" nVehEntered="5"/>
    <interval begin="38700.00" end="39600.00" id="216_D21" nVehContrib="4" flow="16.00" occupancy="7.37" speed="1.96" harmonicMeanSpeed="0.30" length="5.00" nVehEntered="4"/>
    <interval begin="39600.00" end="40500.00" id="216_D21" nVehContrib="4" flow="16.00" occupancy="7.03" speed="1.87" harmonicMeanSpeed="0.32" length="5.00" nVehEntered="4"/>
    <interval begin="40500.00" end="41400.00" id="216_D21" nVehContrib="7" flow="28.00" occupancy="8.47" speed="3.99" harmonicMeanSpeed="0.46" length="5.00" nVehEntered="7"/>
    <interval begin="41400.00" end="42300.00" id="216_D21" nVehContrib="5" flow="20.00" occupancy="12.56" speed="0.49" harmonicMeanSpeed="0.29" length="5.00" nVehEntered="6"/>
    <interval begin="42300.00" end="43200.00" id="216_D21" nVehContrib="5" flow="20.00" occupancy="9.61" speed="2.31" harmonicMeanSpeed="0.22" length="5.00" nVehEntered="4"/>
    <interval begin="43200.00" end="44100.00" id="216_D21" nVehContrib="2" flow="8.00" occupancy="4.45" speed="3.03" harmonicMeanSpeed="0.36" length="5.00" nVehEntered="3"/>
    <interval begin="44100.00" end="45000.00" id="216_D21" nVehContrib="4" flow="16.00" occupancy="3.39" speed="2.32" harmonicMeanSpeed="0.47" length="5.00" nVehEntered="3"/>
    <interval begin="45000.00" end="45900.00" id="216_D21" nVehContrib="0" flow="0.00" occupancy="0.00" speed="-1.00" harmonicMeanSpeed="-1.00" length="-1.00" nVehEntered="0"/>
    <interval begin="45900.00" end="46800.00" id="216_D21" nVehContrib="2" flow="8.00" occupancy="2.83" speed="0.71" harmonicMeanSpeed="0.39" length="5.00" nVehEntered="2"/>
    <interval begin="46800.00" end="47700.00" id="216_D21" nVehContrib="0" flow="0.00" occupancy="0.00" speed="-1.00" harmonicMeanSpeed="-1.00" length="-1.00" nVehEntered="0"/>
    <interval begin="47700.00" end="48600.00" id="216_D21" nVehContrib="0" flow="0.00" occupancy="0.00" speed="-1.00" harmonicMeanSpeed="-1.00" length="-1.00" nVehEntered="0"/>
    <interval begin="48600.00" end="49321.00" id="216_D21" nVehContrib="0" flow="0.00" occupancy="0.00" speed="-1.00" harmonicMeanSpeed="-1.00" length="-1.00" nVehEntered="0"/>
</detector>
