<?xml version="1.0" encoding="UTF-8"?>

<!-- generated on 2025-02-24 17:47:11 by Eclipse SUMO GUI Version 1.19.0
<configuration xmlns:xsi="http://www.w3.org/2001/XMLSchema-instance" xsi:noNamespaceSchemaLocation="http://sumo.dlr.de/xsd/sumoConfiguration.xsd">

    <input>
        <net-file value="Network.net.xml"/>
        <route-files value="CarRoutes.rou.xml,BusRoutes.rou.xml"/>
        <additional-files value="BusStops.add.xml,Sensors_dfrouter.add.xml"/>
    </input>

    <output>
        <emission-output value="logs/Emissions.xml"/>
        <tripinfo-output value="logs/TripInfos.xml"/>
    </output>

    <time>
        <begin value="0"/>
        <end value="86400"/>
        <step-length value="0.25"/>
    </time>

    <processing>
        <ignore-junction-blocker value="0.1"/>
        <time-to-teleport value="-1"/>
    </processing>

    <emissions>
        <device.emissions.period value="10"/>
    </emissions>

    <traci_server>
        <remote-port value="61971"/>
    </traci_server>

    <gui_only>
        <quit-on-end value="true"/>
        <start value="true"/>
    </gui_only>

</configuration>
-->

<detector xmlns:xsi="http://www.w3.org/2001/XMLSchema-instance" xsi:noNamespaceSchemaLocation="http://sumo.dlr.de/xsd/det_e1_file.xsd">
    <interval begin="0.00" end="900.00" id="217_D101" nVehContrib="31" flow="124.00" occupancy="17.78" speed="4.68" harmonicMeanSpeed="0.97" length="5.00" nVehEntered="31"/>
    <interval begin="900.00" end="1800.00" id="217_D101" nVehContrib="15" flow="60.00" occupancy="13.27" speed="4.07" harmonicMeanSpeed="0.63" length="5.00" nVehEntered="15"/>
    <interval begin="1800.00" end="2700.00" id="217_D101" nVehContrib="16" flow="64.00" occupancy="9.79" speed="4.23" harmonicMeanSpeed="0.95" length="5.00" nVehEntered="18"/>
    <interval begin="2700.00" end="3600.00" id="217_D101" nVehContrib="12" flow="48.00" occupancy="6.32" speed="4.88" harmonicMeanSpeed="1.09" length="5.00" nVehEntered="13"/>
    <interval begin="3600.00" end="4500.00" id="217_D101" nVehContrib="26" flow="104.00" occupancy="22.91" speed="3.89" harmonicMeanSpeed="0.63" length="5.00" nVehEntered="25"/>
    <interval begin="4500.00" end="5400.00" id="217_D101" nVehContrib="19" flow="76.00" occupancy="18.41" speed="3.45" harmonicMeanSpeed="0.57" length="5.00" nVehEntered="19"/>
    <interval begin="5400.00" end="6300.00" id="217_D101" nVehContrib="16" flow="64.00" occupancy="12.02" speed="4.11" harmonicMeanSpeed="0.76" length="5.00" nVehEntered="19"/>
    <interval begin="6300.00" end="7200.00" id="217_D101" nVehContrib="17" flow="68.00" occupancy="13.53" speed="4.13" harmonicMeanSpeed="0.72" length="5.00" nVehEntered="18"/>
    <interval begin="7200.00" end="8100.00" id="217_D101" nVehContrib="13" flow="52.00" occupancy="15.66" speed="2.81" harmonicMeanSpeed="0.61" length="5.00" nVehEntered="14"/>
    <interval begin="8100.00" end="9000.00" id="217_D101" nVehContrib="12" flow="48.00" occupancy="5.61" speed="4.82" harmonicMeanSpeed="0.83" length="5.00" nVehEntered="14"/>
    <interval begin="9000.00" end="9900.00" id="217_D101" nVehContrib="20" flow="80.00" occupancy="15.59" speed="4.62" harmonicMeanSpeed="0.96" length="5.00" nVehEntered="22"/>
    <interval begin="9900.00" end="10800.00" id="217_D101" nVehContrib="19" flow="76.00" occupancy="22.41" speed="4.50" harmonicMeanSpeed="0.65" length="5.00" nVehEntered="23"/>
    <interval begin="10800.00" end="11700.00" id="217_D101" nVehContrib="11" flow="44.00" occupancy="12.59" speed="4.42" harmonicMeanSpeed="0.59" length="5.00" nVehEntered="12"/>
    <interval begin="11700.00" end="12600.00" id="217_D101" nVehContrib="19" flow="76.00" occupancy="11.92" speed="3.55" harmonicMeanSpeed="0.89" length="5.00" nVehEntered="19"/>
    <interval begin="12600.00" end="13500.00" id="217_D101" nVehContrib="11" flow="44.00" occupancy="5.83" speed="5.90" harmonicMeanSpeed="1.35" length="5.00" nVehEntered="12"/>
    <interval begin="13500.00" end="14400.00" id="217_D101" nVehContrib="19" flow="76.00" occupancy="27.02" speed="3.83" harmonicMeanSpeed="0.51" length="5.00" nVehEntered="21"/>
    <interval begin="14400.00" end="15300.00" id="217_D101" nVehContrib="6" flow="24.00" occupancy="6.20" speed="3.88" harmonicMeanSpeed="0.97" length="5.00" nVehEntered="8"/>
    <interval begin="15300.00" end="16200.00" id="217_D101" nVehContrib="22" flow="88.00" occupancy="16.14" speed="3.99" harmonicMeanSpeed="0.88" length="5.00" nVehEntered="24"/>
    <interval begin="16200.00" end="17100.00" id="217_D101" nVehContrib="34" flow="136.00" occupancy="20.57" speed="4.44" harmonicMeanSpeed="0.84" length="5.00" nVehEntered="35"/>
    <interval begin="17100.00" end="18000.00" id="217_D101" nVehContrib="28" flow="112.00" occupancy="27.88" speed="3.65" harmonicMeanSpeed="0.60" length="5.00" nVehEntered="28"/>
    <interval begin="18000.00" end="18900.00" id="217_D101" nVehContrib="21" flow="84.00" occupancy="11.72" speed="4.42" harmonicMeanSpeed="0.84" length="5.00" nVehEntered="22"/>
    <interval begin="18900.00" end="19800.00" id="217_D101" nVehContrib="15" flow="60.00" occupancy="13.85" speed="3.33" harmonicMeanSpeed="0.60" length="5.00" nVehEntered="15"/>
    <interval begin="19800.00" end="20700.00" id="217_D101" nVehContrib="5" flow="20.00" occupancy="2.27" speed="6.23" harmonicMeanSpeed="6.20" length="5.00" nVehEntered="7"/>
    <interval begin="20700.00" end="21600.00" id="217_D101" nVehContrib="31" flow="124.00" occupancy="22.90" speed="3.97" harmonicMeanSpeed="0.75" length="5.00" nVehEntered="31"/>
    <interval begin="21600.00" end="22500.00" id="217_D101" nVehContrib="24" flow="96.00" occupancy="22.64" speed="4.13" harmonicMeanSpeed="0.79" length="5.00" nVehEntered="27"/>
    <interval begin="22500.00" end="23400.00" id="217_D101" nVehContrib="33" flow="132.00" occupancy="17.27" speed="4.81" harmonicMeanSpeed="1.11" length="5.00" nVehEntered="34"/>
    <interval begin="23400.00" end="24300.00" id="217_D101" nVehContrib="14" flow="56.00" occupancy="20.80" speed="4.14" harmonicMeanSpeed="0.43" length="5.00" nVehEntered="17"/>
    <interval begin="24300.00" end="25200.00" id="217_D101" nVehContrib="11" flow="44.00" occupancy="11.16" speed="3.62" harmonicMeanSpeed="0.55" length="5.00" nVehEntered="12"/>
    <interval begin="25200.00" end="26100.00" id="217_D101" nVehContrib="16" flow="64.00" occupancy="15.85" speed="4.68" harmonicMeanSpeed="0.56" length="5.00" nVehEntered="17"/>
    <interval begin="26100.00" end="27000.00" id="217_D101" nVehContrib="9" flow="36.00" occupancy="13.26" speed="3.42" harmonicMeanSpeed="0.39" length="5.00" nVehEntered="12"/>
    <interval begin="27000.00" end="27900.00" id="217_D101" nVehContrib="33" flow="132.00" occupancy="33.53" speed="3.51" harmonicMeanSpeed="0.55" length="5.00" nVehEntered="36"/>
    <interval begin="27900.00" end="28800.00" id="217_D101" nVehContrib="30" flow="120.00" occupancy="22.78" speed="4.40" harmonicMeanSpeed="0.73" length="5.00" nVehEntered="30"/>
    <interval begin="28800.00" end="29700.00" id="217_D101" nVehContrib="10" flow="40.00" occupancy="3.66" speed="3.62" harmonicMeanSpeed="1.53" length="5.00" nVehEntered="12"/>
    <interval begin="29700.00" end="30600.00" id="217_D101" nVehContrib="9" flow="36.00" occupancy="21.76" speed="3.70" harmonicMeanSpeed="0.35" length="5.00" nVehEntered="15"/>
    <interval begin="30600.00" end="31500.00" id="217_D101" nVehContrib="21" flow="84.00" occupancy="20.98" speed="4.35" harmonicMeanSpeed="0.56" length="5.00" nVehEntered="22"/>
    <interval begin="31500.00" end="32400.00" id="217_D101" nVehContrib="9" flow="36.00" occupancy="8.66" speed="4.50" harmonicMeanSpeed="0.69" length="5.00" nVehEntered="10"/>
    <interval begin="32400.00" end="33300.00" id="217_D101" nVehContrib="4" flow="16.00" occupancy="3.88" speed="2.15" harmonicMeanSpeed="0.42" length="5.00" nVehEntered="3"/>
    <interval begin="33300.00" end="34200.00" id="217_D101" nVehContrib="11" flow="44.00" occupancy="13.78" speed="2.59" harmonicMeanSpeed="0.44" length="5.00" nVehEntered="11"/>
    <interval begin="34200.00" end="35100.00" id="217_D101" nVehContrib="33" flow="132.00" occupancy="15.33" speed="4.79" harmonicMeanSpeed="1.28" length="5.00" nVehEntered="35"/>
    <interval begin="35100.00" end="36000.00" id="217_D101" nVehContrib="12" flow="48.00" occupancy="13.04" speed="3.09" harmonicMeanSpeed="0.51" length="5.00" nVehEntered="12"/>
    <interval begin="36000.00" end="36900.00" id="217_D101" nVehContrib="12" flow="48.00" occupancy="20.47" speed="4.44" harmonicMeanSpeed="0.37" length="5.00" nVehEntered="14"/>
    <interval begin="36900.00" end="37800.00" id="217_D101" nVehContrib="11" flow="44.00" occupancy="12.30" speed="2.81" harmonicMeanSpeed="0.49" length="5.00" nVehEntered="10"/>
    <interval begin="37800.00" end="38700.00" id="217_D101" nVehContrib="5" flow="20.00" occupancy="3.88" speed="2.80" harmonicMeanSpeed="0.72" length="5.00" nVehEntered="5"/>
    <interval begin="38700.00" end="39600.00" id="217_D101" nVehContrib="2" flow="8.00" occupancy="0.61" speed="3.87" harmonicMeanSpeed="1.83" length="5.00" nVehEntered="2"/>
    <interval begin="39600.00" end="40500.00" id="217_D101" nVehContrib="6" flow="24.00" occupancy="0.55" speed="6.17" harmonicMeanSpeed="6.06" length="5.00" nVehEntered="6"/>
    <interval begin="40500.00" end="41400.00" id="217_D101" nVehContrib="4" flow="16.00" occupancy="3.03" speed="4.53" harmonicMeanSpeed="0.73" length="5.00" nVehEntered="4"/>
    <interval begin="41400.00" end="42300.00" id="217_D101" nVehContrib="1" flow="4.00" occupancy="0.09" speed="6.47" harmonicMeanSpeed="6.47" length="5.00" nVehEntered="1"/>
    <interval begin="42300.00" end="43200.00" id="217_D101" nVehContrib="6" flow="24.00" occupancy="5.64" speed="2.96" harmonicMeanSpeed="0.59" length="5.00" nVehEntered="6"/>
    <interval begin="43200.00" end="44100.00" id="217_D101" nVehContrib="6" flow="24.00" occupancy="8.05" speed="3.21" harmonicMeanSpeed="0.41" length="5.00" nVehEntered="6"/>
    <interval begin="44100.00" end="45000.00" id="217_D101" nVehContrib="11" flow="44.00" occupancy="2.77" speed="4.85" harmonicMeanSpeed="2.21" length="5.00" nVehEntered="11"/>
    <interval begin="45000.00" end="45900.00" id="217_D101" nVehContrib="1" flow="4.00" occupancy="0.08" speed="6.56" harmonicMeanSpeed="6.56" length="5.00" nVehEntered="1"/>
    <interval begin="45900.00" end="46800.00" id="217_D101" nVehContrib="0" flow="0.00" occupancy="0.00" speed="-1.00" harmonicMeanSpeed="-1.00" length="-1.00" nVehEntered="0"/>
    <interval begin="46800.00" end="47700.00" id="217_D101" nVehContrib="0" flow="0.00" occupancy="0.00" speed="-1.00" harmonicMeanSpeed="-1.00" length="-1.00" nVehEntered="0"/>
    <interval begin="47700.00" end="48600.00" id="217_D101" nVehContrib="0" flow="0.00" occupancy="0.00" speed="-1.00" harmonicMeanSpeed="-1.00" length="-1.00" nVehEntered="0"/>
    <interval begin="48600.00" end="49321.00" id="217_D101" nVehContrib="0" flow="0.00" occupancy="0.00" speed="-1.00" harmonicMeanSpeed="-1.00" length="-1.00" nVehEntered="0"/>
</detector>
