<?xml version="1.0" encoding="UTF-8"?>

<!-- generated on 2025-02-24 17:47:11 by Eclipse SUMO GUI Version 1.19.0
<configuration xmlns:xsi="http://www.w3.org/2001/XMLSchema-instance" xsi:noNamespaceSchemaLocation="http://sumo.dlr.de/xsd/sumoConfiguration.xsd">

    <input>
        <net-file value="Network.net.xml"/>
        <route-files value="CarRoutes.rou.xml,BusRoutes.rou.xml"/>
        <additional-files value="BusStops.add.xml,Sensors_dfrouter.add.xml"/>
    </input>

    <output>
        <emission-output value="logs/Emissions.xml"/>
        <tripinfo-output value="logs/TripInfos.xml"/>
    </output>

    <time>
        <begin value="0"/>
        <end value="86400"/>
        <step-length value="0.25"/>
    </time>

    <processing>
        <ignore-junction-blocker value="0.1"/>
        <time-to-teleport value="-1"/>
    </processing>

    <emissions>
        <device.emissions.period value="10"/>
    </emissions>

    <traci_server>
        <remote-port value="61971"/>
    </traci_server>

    <gui_only>
        <quit-on-end value="true"/>
        <start value="true"/>
    </gui_only>

</configuration>
-->

<detector xmlns:xsi="http://www.w3.org/2001/XMLSchema-instance" xsi:noNamespaceSchemaLocation="http://sumo.dlr.de/xsd/det_e1_file.xsd">
    <interval begin="0.00" end="900.00" id="217_D131" nVehContrib="20" flow="80.00" occupancy="3.31" speed="4.12" harmonicMeanSpeed="3.35" length="5.00" nVehEntered="20"/>
    <interval begin="900.00" end="1800.00" id="217_D131" nVehContrib="24" flow="96.00" occupancy="7.47" speed="6.18" harmonicMeanSpeed="1.78" length="5.00" nVehEntered="24"/>
    <interval begin="1800.00" end="2700.00" id="217_D131" nVehContrib="33" flow="132.00" occupancy="4.25" speed="5.06" harmonicMeanSpeed="4.31" length="5.00" nVehEntered="33"/>
    <interval begin="2700.00" end="3600.00" id="217_D131" nVehContrib="20" flow="80.00" occupancy="3.63" speed="5.96" harmonicMeanSpeed="3.06" length="5.00" nVehEntered="20"/>
    <interval begin="3600.00" end="4500.00" id="217_D131" nVehContrib="29" flow="116.00" occupancy="16.36" speed="4.23" harmonicMeanSpeed="0.98" length="5.00" nVehEntered="29"/>
    <interval begin="4500.00" end="5400.00" id="217_D131" nVehContrib="24" flow="96.00" occupancy="23.10" speed="3.84" harmonicMeanSpeed="0.58" length="5.00" nVehEntered="24"/>
    <interval begin="5400.00" end="6300.00" id="217_D131" nVehContrib="32" flow="128.00" occupancy="3.67" speed="6.07" harmonicMeanSpeed="4.84" length="5.00" nVehEntered="32"/>
    <interval begin="6300.00" end="7200.00" id="217_D131" nVehContrib="25" flow="100.00" occupancy="2.96" speed="5.79" harmonicMeanSpeed="4.70" length="5.00" nVehEntered="25"/>
    <interval begin="7200.00" end="8100.00" id="217_D131" nVehContrib="22" flow="88.00" occupancy="4.15" speed="4.61" harmonicMeanSpeed="2.94" length="5.00" nVehEntered="22"/>
    <interval begin="8100.00" end="9000.00" id="217_D131" nVehContrib="21" flow="84.00" occupancy="2.50" speed="5.20" harmonicMeanSpeed="4.67" length="5.00" nVehEntered="21"/>
    <interval begin="9000.00" end="9900.00" id="217_D131" nVehContrib="21" flow="84.00" occupancy="2.55" speed="5.72" harmonicMeanSpeed="4.58" length="5.00" nVehEntered="21"/>
    <interval begin="9900.00" end="10800.00" id="217_D131" nVehContrib="23" flow="92.00" occupancy="2.62" speed="6.04" harmonicMeanSpeed="4.88" length="5.00" nVehEntered="23"/>
    <interval begin="10800.00" end="11700.00" id="217_D131" nVehContrib="23" flow="92.00" occupancy="2.60" speed="5.75" harmonicMeanSpeed="4.91" length="5.00" nVehEntered="23"/>
    <interval begin="11700.00" end="12600.00" id="217_D131" nVehContrib="24" flow="96.00" occupancy="3.47" speed="4.95" harmonicMeanSpeed="3.85" length="5.00" nVehEntered="24"/>
    <interval begin="12600.00" end="13500.00" id="217_D131" nVehContrib="31" flow="124.00" occupancy="9.13" speed="5.78" harmonicMeanSpeed="1.89" length="5.00" nVehEntered="31"/>
    <interval begin="13500.00" end="14400.00" id="217_D131" nVehContrib="30" flow="120.00" occupancy="3.86" speed="5.95" harmonicMeanSpeed="4.32" length="5.00" nVehEntered="30"/>
    <interval begin="14400.00" end="15300.00" id="217_D131" nVehContrib="16" flow="64.00" occupancy="30.94" speed="5.83" harmonicMeanSpeed="0.62" length="5.00" nVehEntered="17"/>
    <interval begin="15300.00" end="16200.00" id="217_D131" nVehContrib="29" flow="116.00" occupancy="15.52" speed="4.84" harmonicMeanSpeed="0.50" length="5.00" nVehEntered="28"/>
    <interval begin="16200.00" end="17100.00" id="217_D131" nVehContrib="24" flow="96.00" occupancy="7.19" speed="5.01" harmonicMeanSpeed="1.86" length="5.00" nVehEntered="24"/>
    <interval begin="17100.00" end="18000.00" id="217_D131" nVehContrib="27" flow="108.00" occupancy="20.00" speed="5.42" harmonicMeanSpeed="0.75" length="5.00" nVehEntered="27"/>
    <interval begin="18000.00" end="18900.00" id="217_D131" nVehContrib="21" flow="84.00" occupancy="2.72" speed="5.15" harmonicMeanSpeed="4.30" length="5.00" nVehEntered="21"/>
    <interval begin="18900.00" end="19800.00" id="217_D131" nVehContrib="21" flow="84.00" occupancy="2.38" speed="6.12" harmonicMeanSpeed="4.90" length="5.00" nVehEntered="21"/>
    <interval begin="19800.00" end="20700.00" id="217_D131" nVehContrib="26" flow="104.00" occupancy="3.18" speed="6.39" harmonicMeanSpeed="4.54" length="5.00" nVehEntered="26"/>
    <interval begin="20700.00" end="21600.00" id="217_D131" nVehContrib="25" flow="100.00" occupancy="25.94" speed="4.98" harmonicMeanSpeed="0.54" length="5.00" nVehEntered="25"/>
    <interval begin="21600.00" end="22500.00" id="217_D131" nVehContrib="29" flow="116.00" occupancy="3.16" speed="5.76" harmonicMeanSpeed="5.10" length="5.00" nVehEntered="29"/>
    <interval begin="22500.00" end="23400.00" id="217_D131" nVehContrib="22" flow="88.00" occupancy="3.11" speed="4.85" harmonicMeanSpeed="3.92" length="5.00" nVehEntered="22"/>
    <interval begin="23400.00" end="24300.00" id="217_D131" nVehContrib="34" flow="136.00" occupancy="3.68" speed="5.71" harmonicMeanSpeed="5.14" length="5.00" nVehEntered="34"/>
    <interval begin="24300.00" end="25200.00" id="217_D131" nVehContrib="26" flow="104.00" occupancy="3.41" speed="5.95" harmonicMeanSpeed="4.24" length="5.00" nVehEntered="26"/>
    <interval begin="25200.00" end="26100.00" id="217_D131" nVehContrib="20" flow="80.00" occupancy="9.96" speed="5.92" harmonicMeanSpeed="4.68" length="5.00" nVehEntered="21"/>
    <interval begin="26100.00" end="27000.00" id="217_D131" nVehContrib="29" flow="116.00" occupancy="3.12" speed="6.81" harmonicMeanSpeed="1.50" length="5.00" nVehEntered="28"/>
    <interval begin="27000.00" end="27900.00" id="217_D131" nVehContrib="39" flow="156.00" occupancy="5.51" speed="5.57" harmonicMeanSpeed="3.93" length="5.00" nVehEntered="39"/>
    <interval begin="27900.00" end="28800.00" id="217_D131" nVehContrib="23" flow="92.00" occupancy="25.88" speed="4.92" harmonicMeanSpeed="0.62" length="5.00" nVehEntered="24"/>
    <interval begin="28800.00" end="29700.00" id="217_D131" nVehContrib="37" flow="148.00" occupancy="11.39" speed="6.82" harmonicMeanSpeed="1.24" length="5.00" nVehEntered="36"/>
    <interval begin="29700.00" end="30600.00" id="217_D131" nVehContrib="18" flow="72.00" occupancy="13.50" speed="5.35" harmonicMeanSpeed="0.74" length="5.00" nVehEntered="18"/>
    <interval begin="30600.00" end="31500.00" id="217_D131" nVehContrib="22" flow="88.00" occupancy="6.01" speed="4.32" harmonicMeanSpeed="2.03" length="5.00" nVehEntered="22"/>
    <interval begin="31500.00" end="32400.00" id="217_D131" nVehContrib="20" flow="80.00" occupancy="2.34" speed="5.50" harmonicMeanSpeed="4.74" length="5.00" nVehEntered="20"/>
    <interval begin="32400.00" end="33300.00" id="217_D131" nVehContrib="11" flow="44.00" occupancy="1.45" speed="4.97" harmonicMeanSpeed="4.22" length="5.00" nVehEntered="11"/>
    <interval begin="33300.00" end="34200.00" id="217_D131" nVehContrib="26" flow="104.00" occupancy="3.48" speed="5.85" harmonicMeanSpeed="4.15" length="5.00" nVehEntered="26"/>
    <interval begin="34200.00" end="35100.00" id="217_D131" nVehContrib="34" flow="136.00" occupancy="14.19" speed="4.94" harmonicMeanSpeed="1.33" length="5.00" nVehEntered="34"/>
    <interval begin="35100.00" end="36000.00" id="217_D131" nVehContrib="15" flow="60.00" occupancy="1.90" speed="6.25" harmonicMeanSpeed="4.39" length="5.00" nVehEntered="15"/>
    <interval begin="36000.00" end="36900.00" id="217_D131" nVehContrib="15" flow="60.00" occupancy="2.11" speed="5.93" harmonicMeanSpeed="3.94" length="5.00" nVehEntered="15"/>
    <interval begin="36900.00" end="37800.00" id="217_D131" nVehContrib="25" flow="100.00" occupancy="4.76" speed="5.06" harmonicMeanSpeed="2.92" length="5.00" nVehEntered="25"/>
    <interval begin="37800.00" end="38700.00" id="217_D131" nVehContrib="12" flow="48.00" occupancy="2.27" speed="4.48" harmonicMeanSpeed="2.94" length="5.00" nVehEntered="12"/>
    <interval begin="38700.00" end="39600.00" id="217_D131" nVehContrib="6" flow="24.00" occupancy="0.82" speed="4.79" harmonicMeanSpeed="4.04" length="5.00" nVehEntered="6"/>
    <interval begin="39600.00" end="40500.00" id="217_D131" nVehContrib="10" flow="40.00" occupancy="20.62" speed="4.52" harmonicMeanSpeed="0.27" length="5.00" nVehEntered="10"/>
    <interval begin="40500.00" end="41400.00" id="217_D131" nVehContrib="4" flow="16.00" occupancy="0.67" speed="3.37" harmonicMeanSpeed="3.33" length="5.00" nVehEntered="4"/>
    <interval begin="41400.00" end="42300.00" id="217_D131" nVehContrib="4" flow="16.00" occupancy="0.53" speed="4.63" harmonicMeanSpeed="4.19" length="5.00" nVehEntered="4"/>
    <interval begin="42300.00" end="43200.00" id="217_D131" nVehContrib="12" flow="48.00" occupancy="1.81" speed="5.47" harmonicMeanSpeed="3.69" length="5.00" nVehEntered="12"/>
    <interval begin="43200.00" end="44100.00" id="217_D131" nVehContrib="6" flow="24.00" occupancy="0.80" speed="4.27" harmonicMeanSpeed="4.15" length="5.00" nVehEntered="6"/>
    <interval begin="44100.00" end="45000.00" id="217_D131" nVehContrib="10" flow="40.00" occupancy="1.85" speed="4.96" harmonicMeanSpeed="3.01" length="5.00" nVehEntered="10"/>
    <interval begin="45000.00" end="45900.00" id="217_D131" nVehContrib="3" flow="12.00" occupancy="0.38" speed="5.23" harmonicMeanSpeed="4.34" length="5.00" nVehEntered="3"/>
    <interval begin="45900.00" end="46800.00" id="217_D131" nVehContrib="2" flow="8.00" occupancy="0.21" speed="5.93" harmonicMeanSpeed="5.40" length="5.00" nVehEntered="2"/>
    <interval begin="46800.00" end="47700.00" id="217_D131" nVehContrib="5" flow="20.00" occupancy="0.50" speed="6.77" harmonicMeanSpeed="5.52" length="5.00" nVehEntered="5"/>
    <interval begin="47700.00" end="48600.00" id="217_D131" nVehContrib="7" flow="28.00" occupancy="0.76" speed="6.09" harmonicMeanSpeed="5.09" length="5.00" nVehEntered="7"/>
    <interval begin="48600.00" end="49321.00" id="217_D131" nVehContrib="5" flow="24.97" occupancy="0.59" speed="7.39" harmonicMeanSpeed="5.92" length="5.00" nVehEntered="5"/>
</detector>
