<?xml version="1.0" encoding="UTF-8"?>

<!-- generated on 2025-02-24 17:47:11 by Eclipse SUMO GUI Version 1.19.0
<configuration xmlns:xsi="http://www.w3.org/2001/XMLSchema-instance" xsi:noNamespaceSchemaLocation="http://sumo.dlr.de/xsd/sumoConfiguration.xsd">

    <input>
        <net-file value="Network.net.xml"/>
        <route-files value="CarRoutes.rou.xml,BusRoutes.rou.xml"/>
        <additional-files value="BusStops.add.xml,Sensors_dfrouter.add.xml"/>
    </input>

    <output>
        <emission-output value="logs/Emissions.xml"/>
        <tripinfo-output value="logs/TripInfos.xml"/>
    </output>

    <time>
        <begin value="0"/>
        <end value="86400"/>
        <step-length value="0.25"/>
    </time>

    <processing>
        <ignore-junction-blocker value="0.1"/>
        <time-to-teleport value="-1"/>
    </processing>

    <emissions>
        <device.emissions.period value="10"/>
    </emissions>

    <traci_server>
        <remote-port value="61971"/>
    </traci_server>

    <gui_only>
        <quit-on-end value="true"/>
        <start value="true"/>
    </gui_only>

</configuration>
-->

<detector xmlns:xsi="http://www.w3.org/2001/XMLSchema-instance" xsi:noNamespaceSchemaLocation="http://sumo.dlr.de/xsd/det_e1_file.xsd">
    <interval begin="0.00" end="900.00" id="217_D103_B" nVehContrib="15" flow="60.00" occupancy="30.75" speed="2.65" harmonicMeanSpeed="0.27" length="5.00" nVehEntered="16"/>
    <interval begin="900.00" end="1800.00" id="217_D103_B" nVehContrib="12" flow="48.00" occupancy="28.38" speed="0.94" harmonicMeanSpeed="0.23" length="5.00" nVehEntered="11"/>
    <interval begin="1800.00" end="2700.00" id="217_D103_B" nVehContrib="13" flow="52.00" occupancy="24.08" speed="2.50" harmonicMeanSpeed="0.30" length="5.00" nVehEntered="13"/>
    <interval begin="2700.00" end="3600.00" id="217_D103_B" nVehContrib="22" flow="88.00" occupancy="31.03" speed="2.76" harmonicMeanSpeed="0.39" length="5.00" nVehEntered="22"/>
    <interval begin="3600.00" end="4500.00" id="217_D103_B" nVehContrib="9" flow="36.00" occupancy="24.18" speed="1.15" harmonicMeanSpeed="0.21" length="5.00" nVehEntered="9"/>
    <interval begin="4500.00" end="5400.00" id="217_D103_B" nVehContrib="16" flow="64.00" occupancy="32.20" speed="1.93" harmonicMeanSpeed="0.28" length="5.00" nVehEntered="16"/>
    <interval begin="5400.00" end="6300.00" id="217_D103_B" nVehContrib="17" flow="68.00" occupancy="43.69" speed="2.54" harmonicMeanSpeed="0.22" length="5.00" nVehEntered="17"/>
    <interval begin="6300.00" end="7200.00" id="217_D103_B" nVehContrib="14" flow="56.00" occupancy="31.15" speed="2.14" harmonicMeanSpeed="0.25" length="5.00" nVehEntered="14"/>
    <interval begin="7200.00" end="8100.00" id="217_D103_B" nVehContrib="14" flow="56.00" occupancy="22.23" speed="2.82" harmonicMeanSpeed="0.35" length="5.00" nVehEntered="14"/>
    <interval begin="8100.00" end="9000.00" id="217_D103_B" nVehContrib="15" flow="60.00" occupancy="26.13" speed="1.84" harmonicMeanSpeed="0.32" length="5.00" nVehEntered="15"/>
    <interval begin="9000.00" end="9900.00" id="217_D103_B" nVehContrib="15" flow="60.00" occupancy="32.03" speed="2.47" harmonicMeanSpeed="0.26" length="5.00" nVehEntered="15"/>
    <interval begin="9900.00" end="10800.00" id="217_D103_B" nVehContrib="19" flow="76.00" occupancy="36.01" speed="3.18" harmonicMeanSpeed="0.29" length="5.00" nVehEntered="19"/>
    <interval begin="10800.00" end="11700.00" id="217_D103_B" nVehContrib="17" flow="68.00" occupancy="34.65" speed="2.31" harmonicMeanSpeed="0.27" length="5.00" nVehEntered="17"/>
    <interval begin="11700.00" end="12600.00" id="217_D103_B" nVehContrib="14" flow="56.00" occupancy="29.37" speed="1.67" harmonicMeanSpeed="0.26" length="5.00" nVehEntered="14"/>
    <interval begin="12600.00" end="13500.00" id="217_D103_B" nVehContrib="9" flow="36.00" occupancy="23.44" speed="1.84" harmonicMeanSpeed="0.28" length="5.00" nVehEntered="10"/>
    <interval begin="13500.00" end="14400.00" id="217_D103_B" nVehContrib="21" flow="84.00" occupancy="43.89" speed="2.53" harmonicMeanSpeed="0.26" length="5.00" nVehEntered="21"/>
    <interval begin="14400.00" end="15300.00" id="217_D103_B" nVehContrib="23" flow="92.00" occupancy="34.29" speed="3.16" harmonicMeanSpeed="0.33" length="5.00" nVehEntered="22"/>
    <interval begin="15300.00" end="16200.00" id="217_D103_B" nVehContrib="16" flow="64.00" occupancy="29.01" speed="2.17" harmonicMeanSpeed="0.34" length="5.00" nVehEntered="17"/>
    <interval begin="16200.00" end="17100.00" id="217_D103_B" nVehContrib="16" flow="64.00" occupancy="34.38" speed="1.51" harmonicMeanSpeed="0.24" length="5.00" nVehEntered="15"/>
    <interval begin="17100.00" end="18000.00" id="217_D103_B" nVehContrib="12" flow="48.00" occupancy="25.32" speed="0.92" harmonicMeanSpeed="0.29" length="5.00" nVehEntered="13"/>
    <interval begin="18000.00" end="18900.00" id="217_D103_B" nVehContrib="18" flow="72.00" occupancy="34.25" speed="2.42" harmonicMeanSpeed="0.28" length="5.00" nVehEntered="17"/>
    <interval begin="18900.00" end="19800.00" id="217_D103_B" nVehContrib="17" flow="68.00" occupancy="31.48" speed="2.00" harmonicMeanSpeed="0.30" length="5.00" nVehEntered="17"/>
    <interval begin="19800.00" end="20700.00" id="217_D103_B" nVehContrib="19" flow="76.00" occupancy="41.35" speed="2.75" harmonicMeanSpeed="0.26" length="5.00" nVehEntered="19"/>
    <interval begin="20700.00" end="21600.00" id="217_D103_B" nVehContrib="17" flow="68.00" occupancy="31.63" speed="2.77" harmonicMeanSpeed="0.30" length="5.00" nVehEntered="17"/>
    <interval begin="21600.00" end="22500.00" id="217_D103_B" nVehContrib="18" flow="72.00" occupancy="47.69" speed="2.75" harmonicMeanSpeed="0.23" length="5.00" nVehEntered="19"/>
    <interval begin="22500.00" end="23400.00" id="217_D103_B" nVehContrib="18" flow="72.00" occupancy="34.04" speed="3.49" harmonicMeanSpeed="0.30" length="5.00" nVehEntered="18"/>
    <interval begin="23400.00" end="24300.00" id="217_D103_B" nVehContrib="19" flow="76.00" occupancy="55.80" speed="2.54" harmonicMeanSpeed="0.17" length="5.00" nVehEntered="18"/>
    <interval begin="24300.00" end="25200.00" id="217_D103_B" nVehContrib="19" flow="76.00" occupancy="41.50" speed="3.25" harmonicMeanSpeed="0.25" length="5.00" nVehEntered="19"/>
    <interval begin="25200.00" end="26100.00" id="217_D103_B" nVehContrib="16" flow="64.00" occupancy="47.44" speed="2.42" harmonicMeanSpeed="0.19" length="5.00" nVehEntered="16"/>
    <interval begin="26100.00" end="27000.00" id="217_D103_B" nVehContrib="21" flow="84.00" occupancy="44.87" speed="3.58" harmonicMeanSpeed="0.26" length="5.00" nVehEntered="21"/>
    <interval begin="27000.00" end="27900.00" id="217_D103_B" nVehContrib="18" flow="72.00" occupancy="44.71" speed="1.97" harmonicMeanSpeed="0.24" length="5.00" nVehEntered="19"/>
    <interval begin="27900.00" end="28800.00" id="217_D103_B" nVehContrib="14" flow="56.00" occupancy="28.58" speed="1.09" harmonicMeanSpeed="0.24" length="5.00" nVehEntered="13"/>
    <interval begin="28800.00" end="29700.00" id="217_D103_B" nVehContrib="13" flow="52.00" occupancy="35.51" speed="1.52" harmonicMeanSpeed="0.20" length="5.00" nVehEntered="13"/>
    <interval begin="29700.00" end="30600.00" id="217_D103_B" nVehContrib="23" flow="92.00" occupancy="24.52" speed="4.15" harmonicMeanSpeed="0.52" length="5.00" nVehEntered="24"/>
    <interval begin="30600.00" end="31500.00" id="217_D103_B" nVehContrib="15" flow="60.00" occupancy="25.18" speed="1.74" harmonicMeanSpeed="0.33" length="5.00" nVehEntered="14"/>
    <interval begin="31500.00" end="32400.00" id="217_D103_B" nVehContrib="9" flow="36.00" occupancy="20.76" speed="1.37" harmonicMeanSpeed="0.26" length="5.00" nVehEntered="10"/>
    <interval begin="32400.00" end="33300.00" id="217_D103_B" nVehContrib="14" flow="56.00" occupancy="23.30" speed="2.10" harmonicMeanSpeed="0.32" length="5.00" nVehEntered="14"/>
    <interval begin="33300.00" end="34200.00" id="217_D103_B" nVehContrib="16" flow="64.00" occupancy="18.14" speed="3.24" harmonicMeanSpeed="0.47" length="5.00" nVehEntered="15"/>
    <interval begin="34200.00" end="35100.00" id="217_D103_B" nVehContrib="13" flow="52.00" occupancy="24.54" speed="1.55" harmonicMeanSpeed="0.29" length="5.00" nVehEntered="13"/>
    <interval begin="35100.00" end="36000.00" id="217_D103_B" nVehContrib="15" flow="60.00" occupancy="24.27" speed="1.39" harmonicMeanSpeed="0.34" length="5.00" nVehEntered="15"/>
    <interval begin="36000.00" end="36900.00" id="217_D103_B" nVehContrib="16" flow="64.00" occupancy="20.68" speed="3.22" harmonicMeanSpeed="0.43" length="5.00" nVehEntered="16"/>
    <interval begin="36900.00" end="37800.00" id="217_D103_B" nVehContrib="13" flow="52.00" occupancy="15.19" speed="2.05" harmonicMeanSpeed="0.48" length="5.00" nVehEntered="13"/>
    <interval begin="37800.00" end="38700.00" id="217_D103_B" nVehContrib="7" flow="28.00" occupancy="12.36" speed="2.31" harmonicMeanSpeed="0.31" length="5.00" nVehEntered="7"/>
    <interval begin="38700.00" end="39600.00" id="217_D103_B" nVehContrib="5" flow="20.00" occupancy="14.45" speed="3.01" harmonicMeanSpeed="0.29" length="5.00" nVehEntered="6"/>
    <interval begin="39600.00" end="40500.00" id="217_D103_B" nVehContrib="6" flow="24.00" occupancy="13.88" speed="1.05" harmonicMeanSpeed="0.18" length="5.00" nVehEntered="5"/>
    <interval begin="40500.00" end="41400.00" id="217_D103_B" nVehContrib="4" flow="16.00" occupancy="6.72" speed="0.72" harmonicMeanSpeed="0.33" length="5.00" nVehEntered="4"/>
    <interval begin="41400.00" end="42300.00" id="217_D103_B" nVehContrib="2" flow="8.00" occupancy="3.44" speed="0.36" harmonicMeanSpeed="0.32" length="5.00" nVehEntered="2"/>
    <interval begin="42300.00" end="43200.00" id="217_D103_B" nVehContrib="7" flow="28.00" occupancy="4.27" speed="2.69" harmonicMeanSpeed="0.91" length="5.00" nVehEntered="7"/>
    <interval begin="43200.00" end="44100.00" id="217_D103_B" nVehContrib="2" flow="8.00" occupancy="4.86" speed="0.23" harmonicMeanSpeed="0.23" length="5.00" nVehEntered="2"/>
    <interval begin="44100.00" end="45000.00" id="217_D103_B" nVehContrib="1" flow="4.00" occupancy="1.32" speed="0.42" harmonicMeanSpeed="0.42" length="5.00" nVehEntered="1"/>
    <interval begin="45000.00" end="45900.00" id="217_D103_B" nVehContrib="5" flow="20.00" occupancy="5.57" speed="2.24" harmonicMeanSpeed="0.50" length="5.00" nVehEntered="5"/>
    <interval begin="45900.00" end="46800.00" id="217_D103_B" nVehContrib="0" flow="0.00" occupancy="0.00" speed="-1.00" harmonicMeanSpeed="-1.00" length="-1.00" nVehEntered="0"/>
    <interval begin="46800.00" end="47700.00" id="217_D103_B" nVehContrib="2" flow="8.00" occupancy="2.84" speed="0.57" harmonicMeanSpeed="0.39" length="5.00" nVehEntered="2"/>
    <interval begin="47700.00" end="48600.00" id="217_D103_B" nVehContrib="0" flow="0.00" occupancy="0.00" speed="-1.00" harmonicMeanSpeed="-1.00" length="-1.00" nVehEntered="0"/>
    <interval begin="48600.00" end="49321.00" id="217_D103_B" nVehContrib="1" flow="4.99" occupancy="1.85" speed="0.38" harmonicMeanSpeed="0.38" length="5.00" nVehEntered="1"/>
</detector>
