<?xml version="1.0" encoding="UTF-8"?>

<!-- generated on 2025-02-28 18:13:57 by Eclipse SUMO GUI Version 1.19.0
<configuration xmlns:xsi="http://www.w3.org/2001/XMLSchema-instance" xsi:noNamespaceSchemaLocation="http://sumo.dlr.de/xsd/sumoConfiguration.xsd">

    <input>
        <net-file value="Network.net.xml"/>
        <route-files value="CarRoutes.rou.xml"/>
        <additional-files value="Sensors.add.xml"/>
    </input>

    <output>
        <emission-output value="logs/Emissions.xml"/>
        <summary-output value="logs/Log_summary.xml"/>
        <summary-output.period value="300"/>
        <tripinfo-output value="logs/TripInfos.xml"/>
    </output>

    <time>
        <begin value="0"/>
        <end value="86400"/>
        <step-length value="0.25"/>
    </time>

    <processing>
        <ignore-junction-blocker value="0.1"/>
        <time-to-teleport value="-1"/>
    </processing>

    <report>
        <verbose value="true"/>
        <no-step-log value="true"/>
    </report>

    <emissions>
        <device.emissions.period value="10"/>
    </emissions>

    <traci_server>
        <remote-port value="58269"/>
    </traci_server>

    <gui_only>
        <quit-on-end value="true"/>
        <start value="true"/>
    </gui_only>

</configuration>
-->

<summary xmlns:xsi="http://www.w3.org/2001/XMLSchema-instance" xsi:noNamespaceSchemaLocation="http://sumo.dlr.de/xsd/summary_file.xsd">
    <step time="0.00" loaded="0" inserted="0" running="0" waiting="0" ended="0" arrived="0" collisions="0" teleports="0" halting="0" stopped="0" meanWaitingTime="-1.00" meanTravelTime="-1.00" meanSpeed="-1.00" meanSpeedRelative="-1.00" duration="0"/>
    <step time="300.00" loaded="211" inserted="197" running="91" waiting="14" ended="106" arrived="106" collisions="0" teleports="0" halting="43" stopped="0" meanWaitingTime="14.05" meanTravelTime="81.46" meanSpeed="3.85" meanSpeedRelative="0.28" duration="2"/>
    <step time="600.00" loaded="373" inserted="363" running="72" waiting="10" ended="291" arrived="291" collisions="0" teleports="0" halting="22" stopped="0" meanWaitingTime="13.31" meanTravelTime="116.90" meanSpeed="4.54" meanSpeedRelative="0.33" duration="3"/>
    <step time="900.00" loaded="529" inserted="518" running="60" waiting="11" ended="458" arrived="458" collisions="0" teleports="0" halting="33" stopped="0" meanWaitingTime="12.37" meanTravelTime="121.86" meanSpeed="3.74" meanSpeedRelative="0.27" duration="2"/>
    <step time="1200.00" loaded="701" inserted="686" running="54" waiting="15" ended="632" arrived="632" collisions="0" teleports="0" halting="7" stopped="0" meanWaitingTime="15.87" meanTravelTime="118.30" meanSpeed="7.88" meanSpeedRelative="0.57" duration="3"/>
    <step time="1500.00" loaded="866" inserted="846" running="59" waiting="20" ended="787" arrived="787" collisions="0" teleports="0" halting="20" stopped="0" meanWaitingTime="16.95" meanTravelTime="115.02" meanSpeed="4.39" meanSpeedRelative="0.32" duration="2"/>
    <step time="1800.00" loaded="1030" inserted="1013" running="68" waiting="17" ended="945" arrived="945" collisions="0" teleports="0" halting="19" stopped="0" meanWaitingTime="19.74" meanTravelTime="113.31" meanSpeed="4.44" meanSpeedRelative="0.32" duration="2"/>
    <step time="2100.00" loaded="1192" inserted="1177" running="60" waiting="15" ended="1117" arrived="1117" collisions="0" teleports="0" halting="35" stopped="0" meanWaitingTime="18.34" meanTravelTime="113.12" meanSpeed="3.35" meanSpeedRelative="0.24" duration="1"/>
    <step time="2400.00" loaded="1337" inserted="1321" running="41" waiting="16" ended="1280" arrived="1280" collisions="0" teleports="0" halting="21" stopped="0" meanWaitingTime="18.35" meanTravelTime="112.85" meanSpeed="3.16" meanSpeedRelative="0.23" duration="2"/>
    <step time="2700.00" loaded="1479" inserted="1478" running="48" waiting="1" ended="1430" arrived="1430" collisions="0" teleports="0" halting="13" stopped="0" meanWaitingTime="18.33" meanTravelTime="110.54" meanSpeed="4.77" meanSpeedRelative="0.34" duration="2"/>
    <step time="3000.00" loaded="1639" inserted="1632" running="45" waiting="7" ended="1587" arrived="1587" collisions="0" teleports="0" halting="26" stopped="0" meanWaitingTime="17.17" meanTravelTime="111.15" meanSpeed="3.96" meanSpeedRelative="0.29" duration="2"/>
    <step time="3300.00" loaded="1810" inserted="1795" running="76" waiting="15" ended="1719" arrived="1719" collisions="0" teleports="0" halting="16" stopped="0" meanWaitingTime="17.45" meanTravelTime="111.19" meanSpeed="5.41" meanSpeedRelative="0.39" duration="2"/>
    <step time="3600.00" loaded="1942" inserted="1942" running="47" waiting="0" ended="1895" arrived="1895" collisions="0" teleports="0" halting="15" stopped="0" meanWaitingTime="17.23" meanTravelTime="112.01" meanSpeed="4.79" meanSpeedRelative="0.34" duration="2"/>
    <step time="3900.00" loaded="2108" inserted="2108" running="71" waiting="0" ended="2037" arrived="2037" collisions="0" teleports="0" halting="33" stopped="0" meanWaitingTime="16.02" meanTravelTime="111.78" meanSpeed="3.39" meanSpeedRelative="0.26" duration="2"/>
    <step time="4200.00" loaded="2240" inserted="2240" running="45" waiting="0" ended="2195" arrived="2195" collisions="0" teleports="0" halting="13" stopped="0" meanWaitingTime="16.16" meanTravelTime="112.42" meanSpeed="5.58" meanSpeedRelative="0.40" duration="2"/>
    <step time="4500.00" loaded="2416" inserted="2415" running="66" waiting="1" ended="2349" arrived="2349" collisions="0" teleports="0" halting="31" stopped="0" meanWaitingTime="15.45" meanTravelTime="110.97" meanSpeed="3.64" meanSpeedRelative="0.26" duration="3"/>
    <step time="4800.00" loaded="2573" inserted="2567" running="40" waiting="6" ended="2527" arrived="2527" collisions="0" teleports="0" halting="14" stopped="0" meanWaitingTime="14.79" meanTravelTime="111.05" meanSpeed="5.31" meanSpeedRelative="0.38" duration="2"/>
    <step time="5100.00" loaded="2739" inserted="2729" running="57" waiting="10" ended="2672" arrived="2672" collisions="0" teleports="0" halting="9" stopped="0" meanWaitingTime="15.58" meanTravelTime="110.22" meanSpeed="5.89" meanSpeedRelative="0.42" duration="2"/>
    <step time="5400.00" loaded="2890" inserted="2888" running="57" waiting="2" ended="2831" arrived="2831" collisions="0" teleports="0" halting="15" stopped="0" meanWaitingTime="15.56" meanTravelTime="110.00" meanSpeed="5.73" meanSpeedRelative="0.41" duration="1"/>
    <step time="5700.00" loaded="3075" inserted="3060" running="76" waiting="15" ended="2984" arrived="2984" collisions="0" teleports="0" halting="36" stopped="0" meanWaitingTime="15.06" meanTravelTime="109.58" meanSpeed="4.75" meanSpeedRelative="0.34" duration="3"/>
    <step time="6000.00" loaded="3198" inserted="3195" running="43" waiting="3" ended="3152" arrived="3152" collisions="0" teleports="0" halting="12" stopped="0" meanWaitingTime="15.15" meanTravelTime="111.56" meanSpeed="5.92" meanSpeedRelative="0.43" duration="2"/>
    <step time="6300.00" loaded="3360" inserted="3343" running="67" waiting="17" ended="3276" arrived="3276" collisions="0" teleports="0" halting="23" stopped="0" meanWaitingTime="15.24" meanTravelTime="111.43" meanSpeed="4.97" meanSpeedRelative="0.36" duration="2"/>
    <step time="6600.00" loaded="3520" inserted="3512" running="46" waiting="8" ended="3466" arrived="3466" collisions="0" teleports="0" halting="18" stopped="0" meanWaitingTime="15.47" meanTravelTime="110.90" meanSpeed="4.50" meanSpeedRelative="0.32" duration="2"/>
    <step time="6900.00" loaded="3706" inserted="3689" running="52" waiting="17" ended="3637" arrived="3637" collisions="0" teleports="0" halting="24" stopped="0" meanWaitingTime="15.51" meanTravelTime="109.93" meanSpeed="3.41" meanSpeedRelative="0.25" duration="1"/>
    <step time="7200.00" loaded="3864" inserted="3844" running="43" waiting="20" ended="3801" arrived="3801" collisions="0" teleports="0" halting="15" stopped="0" meanWaitingTime="16.14" meanTravelTime="109.51" meanSpeed="5.54" meanSpeedRelative="0.40" duration="2"/>
    <step time="7500.00" loaded="4012" inserted="3997" running="39" waiting="15" ended="3958" arrived="3958" collisions="0" teleports="0" halting="20" stopped="0" meanWaitingTime="16.82" meanTravelTime="108.98" meanSpeed="4.29" meanSpeedRelative="0.31" duration="1"/>
    <step time="7800.00" loaded="4171" inserted="4148" running="43" waiting="23" ended="4105" arrived="4105" collisions="0" teleports="0" halting="10" stopped="0" meanWaitingTime="17.43" meanTravelTime="108.19" meanSpeed="5.52" meanSpeedRelative="0.41" duration="2"/>
    <step time="8100.00" loaded="4342" inserted="4329" running="52" waiting="13" ended="4277" arrived="4277" collisions="0" teleports="0" halting="20" stopped="0" meanWaitingTime="18.52" meanTravelTime="107.20" meanSpeed="5.19" meanSpeedRelative="0.37" duration="1"/>
    <step time="8400.00" loaded="4525" inserted="4521" running="56" waiting="4" ended="4465" arrived="4465" collisions="0" teleports="0" halting="10" stopped="0" meanWaitingTime="18.43" meanTravelTime="106.36" meanSpeed="5.66" meanSpeedRelative="0.41" duration="2"/>
    <step time="8700.00" loaded="4693" inserted="4688" running="66" waiting="5" ended="4622" arrived="4622" collisions="0" teleports="0" halting="19" stopped="0" meanWaitingTime="18.22" meanTravelTime="105.83" meanSpeed="5.77" meanSpeedRelative="0.42" duration="3"/>
    <step time="9000.00" loaded="4880" inserted="4863" running="57" waiting="17" ended="4806" arrived="4806" collisions="0" teleports="0" halting="12" stopped="0" meanWaitingTime="18.02" meanTravelTime="105.59" meanSpeed="5.13" meanSpeedRelative="0.37" duration="2"/>
    <step time="9300.00" loaded="5063" inserted="5044" running="52" waiting="19" ended="4992" arrived="4992" collisions="0" teleports="0" halting="25" stopped="0" meanWaitingTime="18.04" meanTravelTime="105.24" meanSpeed="5.15" meanSpeedRelative="0.37" duration="1"/>
    <step time="9600.00" loaded="5234" inserted="5220" running="55" waiting="14" ended="5165" arrived="5165" collisions="0" teleports="0" halting="15" stopped="0" meanWaitingTime="18.50" meanTravelTime="104.67" meanSpeed="6.58" meanSpeedRelative="0.47" duration="2"/>
    <step time="9900.00" loaded="5376" inserted="5349" running="45" waiting="27" ended="5304" arrived="5304" collisions="0" teleports="0" halting="13" stopped="0" meanWaitingTime="18.51" meanTravelTime="104.61" meanSpeed="4.32" meanSpeedRelative="0.31" duration="1"/>
    <step time="10200.00" loaded="5542" inserted="5517" running="55" waiting="25" ended="5462" arrived="5462" collisions="0" teleports="0" halting="14" stopped="0" meanWaitingTime="19.26" meanTravelTime="105.29" meanSpeed="5.39" meanSpeedRelative="0.39" duration="2"/>
    <step time="10500.00" loaded="5721" inserted="5695" running="73" waiting="26" ended="5622" arrived="5622" collisions="0" teleports="0" halting="21" stopped="0" meanWaitingTime="19.95" meanTravelTime="105.79" meanSpeed="4.87" meanSpeedRelative="0.35" duration="3"/>
    <step time="10800.00" loaded="5892" inserted="5865" running="77" waiting="27" ended="5788" arrived="5788" collisions="0" teleports="0" halting="23" stopped="0" meanWaitingTime="20.87" meanTravelTime="106.45" meanSpeed="3.99" meanSpeedRelative="0.29" duration="3"/>
    <step time="11100.00" loaded="6072" inserted="6048" running="82" waiting="24" ended="5966" arrived="5966" collisions="0" teleports="0" halting="42" stopped="0" meanWaitingTime="21.67" meanTravelTime="107.23" meanSpeed="2.79" meanSpeedRelative="0.20" duration="3"/>
    <step time="11400.00" loaded="6248" inserted="6196" running="54" waiting="52" ended="6142" arrived="6142" collisions="0" teleports="0" halting="13" stopped="0" meanWaitingTime="22.65" meanTravelTime="108.09" meanSpeed="5.35" meanSpeedRelative="0.39" duration="2"/>
    <step time="11700.00" loaded="6391" inserted="6347" running="47" waiting="44" ended="6300" arrived="6300" collisions="0" teleports="0" halting="11" stopped="0" meanWaitingTime="24.34" meanTravelTime="107.82" meanSpeed="4.95" meanSpeedRelative="0.36" duration="1"/>
    <step time="12000.00" loaded="6566" inserted="6534" running="70" waiting="32" ended="6464" arrived="6464" collisions="0" teleports="0" halting="16" stopped="0" meanWaitingTime="25.66" meanTravelTime="108.05" meanSpeed="4.78" meanSpeedRelative="0.34" duration="3"/>
    <step time="12300.00" loaded="6734" inserted="6710" running="78" waiting="24" ended="6632" arrived="6632" collisions="0" teleports="0" halting="40" stopped="0" meanWaitingTime="26.40" meanTravelTime="108.29" meanSpeed="2.87" meanSpeedRelative="0.21" duration="3"/>
    <step time="12600.00" loaded="6901" inserted="6856" running="54" waiting="45" ended="6802" arrived="6802" collisions="0" teleports="0" halting="23" stopped="0" meanWaitingTime="26.86" meanTravelTime="108.66" meanSpeed="4.22" meanSpeedRelative="0.30" duration="2"/>
    <step time="12900.00" loaded="7070" inserted="7032" running="57" waiting="38" ended="6975" arrived="6975" collisions="0" teleports="0" halting="20" stopped="0" meanWaitingTime="27.81" meanTravelTime="108.72" meanSpeed="4.74" meanSpeedRelative="0.34" duration="1"/>
    <step time="13200.00" loaded="7247" inserted="7195" running="72" waiting="52" ended="7123" arrived="7123" collisions="0" teleports="0" halting="16" stopped="0" meanWaitingTime="28.52" meanTravelTime="108.63" meanSpeed="5.84" meanSpeedRelative="0.42" duration="2"/>
    <step time="13500.00" loaded="7424" inserted="7389" running="78" waiting="35" ended="7311" arrived="7311" collisions="0" teleports="0" halting="27" stopped="0" meanWaitingTime="30.05" meanTravelTime="108.84" meanSpeed="3.31" meanSpeedRelative="0.24" duration="2"/>
    <step time="13800.00" loaded="7617" inserted="7583" running="86" waiting="34" ended="7497" arrived="7497" collisions="0" teleports="0" halting="19" stopped="0" meanWaitingTime="30.87" meanTravelTime="109.08" meanSpeed="6.22" meanSpeedRelative="0.45" duration="3"/>
    <step time="14100.00" loaded="7777" inserted="7758" running="75" waiting="19" ended="7683" arrived="7683" collisions="0" teleports="0" halting="20" stopped="0" meanWaitingTime="31.42" meanTravelTime="109.37" meanSpeed="5.36" meanSpeedRelative="0.39" duration="3"/>
    <step time="14400.00" loaded="7917" inserted="7895" running="57" waiting="22" ended="7838" arrived="7838" collisions="0" teleports="0" halting="14" stopped="0" meanWaitingTime="31.85" meanTravelTime="109.72" meanSpeed="6.12" meanSpeedRelative="0.44" duration="2"/>
    <step time="14700.00" loaded="8111" inserted="8096" running="66" waiting="15" ended="8030" arrived="8030" collisions="0" teleports="0" halting="11" stopped="0" meanWaitingTime="31.73" meanTravelTime="109.33" meanSpeed="5.80" meanSpeedRelative="0.42" duration="2"/>
    <step time="15000.00" loaded="8270" inserted="8265" running="92" waiting="5" ended="8173" arrived="8173" collisions="0" teleports="0" halting="16" stopped="0" meanWaitingTime="31.26" meanTravelTime="109.71" meanSpeed="6.28" meanSpeedRelative="0.45" duration="3"/>
    <step time="15300.00" loaded="8431" inserted="8395" running="52" waiting="36" ended="8343" arrived="8343" collisions="0" teleports="0" halting="19" stopped="0" meanWaitingTime="31.23" meanTravelTime="110.01" meanSpeed="4.97" meanSpeedRelative="0.36" duration="1"/>
    <step time="15600.00" loaded="8596" inserted="8585" running="60" waiting="11" ended="8525" arrived="8525" collisions="0" teleports="0" halting="22" stopped="0" meanWaitingTime="31.76" meanTravelTime="109.48" meanSpeed="5.10" meanSpeedRelative="0.37" duration="1"/>
    <step time="15900.00" loaded="8786" inserted="8770" running="87" waiting="16" ended="8683" arrived="8683" collisions="0" teleports="0" halting="37" stopped="0" meanWaitingTime="31.80" meanTravelTime="109.51" meanSpeed="3.73" meanSpeedRelative="0.27" duration="3"/>
    <step time="16200.00" loaded="8976" inserted="8943" running="60" waiting="33" ended="8883" arrived="8883" collisions="0" teleports="0" halting="14" stopped="0" meanWaitingTime="31.99" meanTravelTime="109.41" meanSpeed="6.11" meanSpeedRelative="0.44" duration="3"/>
    <step time="16500.00" loaded="9145" inserted="9131" running="57" waiting="14" ended="9074" arrived="9074" collisions="0" teleports="0" halting="20" stopped="0" meanWaitingTime="32.31" meanTravelTime="109.22" meanSpeed="5.53" meanSpeedRelative="0.41" duration="3"/>
    <step time="16800.00" loaded="9330" inserted="9293" running="58" waiting="37" ended="9235" arrived="9235" collisions="0" teleports="0" halting="16" stopped="0" meanWaitingTime="32.40" meanTravelTime="109.34" meanSpeed="5.43" meanSpeedRelative="0.39" duration="2"/>
    <step time="17100.00" loaded="9504" inserted="9474" running="55" waiting="30" ended="9419" arrived="9419" collisions="0" teleports="0" halting="12" stopped="0" meanWaitingTime="32.90" meanTravelTime="109.13" meanSpeed="5.57" meanSpeedRelative="0.40" duration="2"/>
    <step time="17400.00" loaded="9686" inserted="9661" running="75" waiting="25" ended="9586" arrived="9586" collisions="0" teleports="0" halting="31" stopped="0" meanWaitingTime="33.36" meanTravelTime="109.22" meanSpeed="5.19" meanSpeedRelative="0.37" duration="3"/>
    <step time="17700.00" loaded="9860" inserted="9832" running="75" waiting="28" ended="9757" arrived="9757" collisions="0" teleports="0" halting="20" stopped="0" meanWaitingTime="33.57" meanTravelTime="109.40" meanSpeed="4.98" meanSpeedRelative="0.36" duration="2"/>
    <step time="18000.00" loaded="10027" inserted="10006" running="69" waiting="21" ended="9937" arrived="9937" collisions="0" teleports="0" halting="27" stopped="0" meanWaitingTime="33.89" meanTravelTime="109.77" meanSpeed="4.54" meanSpeedRelative="0.33" duration="2"/>
    <step time="18300.00" loaded="10211" inserted="10178" running="47" waiting="33" ended="10131" arrived="10131" collisions="0" teleports="0" halting="23" stopped="0" meanWaitingTime="33.93" meanTravelTime="109.89" meanSpeed="4.06" meanSpeedRelative="0.29" duration="1"/>
    <step time="18600.00" loaded="10371" inserted="10339" running="64" waiting="32" ended="10275" arrived="10275" collisions="0" teleports="0" halting="25" stopped="0" meanWaitingTime="34.37" meanTravelTime="109.73" meanSpeed="5.03" meanSpeedRelative="0.36" duration="3"/>
    <step time="18900.00" loaded="10558" inserted="10524" running="72" waiting="34" ended="10452" arrived="10452" collisions="0" teleports="0" halting="11" stopped="0" meanWaitingTime="34.58" meanTravelTime="109.88" meanSpeed="5.87" meanSpeedRelative="0.42" duration="2"/>
    <step time="19200.00" loaded="10734" inserted="10707" running="44" waiting="27" ended="10663" arrived="10663" collisions="0" teleports="0" halting="15" stopped="0" meanWaitingTime="34.74" meanTravelTime="109.69" meanSpeed="6.23" meanSpeedRelative="0.45" duration="2"/>
    <step time="19500.00" loaded="10941" inserted="10917" running="83" waiting="24" ended="10834" arrived="10834" collisions="0" teleports="0" halting="38" stopped="0" meanWaitingTime="34.88" meanTravelTime="109.49" meanSpeed="3.24" meanSpeedRelative="0.23" duration="3"/>
    <step time="19800.00" loaded="11119" inserted="11088" running="61" waiting="31" ended="11027" arrived="11027" collisions="0" teleports="0" halting="15" stopped="0" meanWaitingTime="35.05" meanTravelTime="109.45" meanSpeed="6.25" meanSpeedRelative="0.45" duration="2"/>
    <step time="20100.00" loaded="11314" inserted="11288" running="87" waiting="26" ended="11201" arrived="11201" collisions="0" teleports="0" halting="19" stopped="0" meanWaitingTime="35.35" meanTravelTime="109.41" meanSpeed="4.66" meanSpeedRelative="0.34" duration="4"/>
    <step time="20400.00" loaded="11481" inserted="11454" running="74" waiting="27" ended="11380" arrived="11380" collisions="0" teleports="0" halting="24" stopped="0" meanWaitingTime="35.64" meanTravelTime="109.55" meanSpeed="4.76" meanSpeedRelative="0.34" duration="3"/>
    <step time="20700.00" loaded="11652" inserted="11629" running="65" waiting="23" ended="11564" arrived="11564" collisions="0" teleports="0" halting="25" stopped="0" meanWaitingTime="35.80" meanTravelTime="109.55" meanSpeed="4.58" meanSpeedRelative="0.33" duration="3"/>
    <step time="21000.00" loaded="11837" inserted="11824" running="56" waiting="13" ended="11768" arrived="11768" collisions="0" teleports="0" halting="31" stopped="0" meanWaitingTime="35.88" meanTravelTime="109.37" meanSpeed="2.98" meanSpeedRelative="0.21" duration="2"/>
    <step time="21300.00" loaded="11995" inserted="11995" running="61" waiting="0" ended="11934" arrived="11934" collisions="0" teleports="0" halting="13" stopped="0" meanWaitingTime="35.56" meanTravelTime="109.25" meanSpeed="5.61" meanSpeedRelative="0.40" duration="3"/>
    <step time="21600.00" loaded="12214" inserted="12206" running="92" waiting="8" ended="12114" arrived="12114" collisions="0" teleports="0" halting="13" stopped="0" meanWaitingTime="35.14" meanTravelTime="109.28" meanSpeed="5.96" meanSpeedRelative="0.43" duration="3"/>
    <step time="21900.00" loaded="12402" inserted="12394" running="75" waiting="8" ended="12319" arrived="12319" collisions="0" teleports="0" halting="23" stopped="0" meanWaitingTime="34.72" meanTravelTime="109.37" meanSpeed="6.05" meanSpeedRelative="0.44" duration="2"/>
    <step time="22200.00" loaded="12591" inserted="12581" running="78" waiting="10" ended="12503" arrived="12503" collisions="0" teleports="0" halting="18" stopped="0" meanWaitingTime="34.37" meanTravelTime="109.15" meanSpeed="5.04" meanSpeedRelative="0.36" duration="4"/>
    <step time="22500.00" loaded="12766" inserted="12732" running="52" waiting="34" ended="12680" arrived="12680" collisions="0" teleports="0" halting="9" stopped="0" meanWaitingTime="34.19" meanTravelTime="109.53" meanSpeed="6.63" meanSpeedRelative="0.48" duration="3"/>
    <step time="22800.00" loaded="12961" inserted="12959" running="90" waiting="2" ended="12869" arrived="12869" collisions="0" teleports="0" halting="60" stopped="0" meanWaitingTime="34.04" meanTravelTime="109.38" meanSpeed="2.39" meanSpeedRelative="0.17" duration="3"/>
    <step time="23100.00" loaded="13146" inserted="13131" running="108" waiting="15" ended="13023" arrived="13023" collisions="0" teleports="0" halting="53" stopped="0" meanWaitingTime="33.77" meanTravelTime="110.05" meanSpeed="3.73" meanSpeedRelative="0.27" duration="2"/>
    <step time="23400.00" loaded="13333" inserted="13324" running="75" waiting="9" ended="13249" arrived="13249" collisions="0" teleports="0" halting="18" stopped="0" meanWaitingTime="33.61" meanTravelTime="110.73" meanSpeed="4.33" meanSpeedRelative="0.31" duration="2"/>
    <step time="23700.00" loaded="13562" inserted="13541" running="82" waiting="21" ended="13459" arrived="13459" collisions="0" teleports="0" halting="27" stopped="0" meanWaitingTime="33.28" meanTravelTime="110.69" meanSpeed="4.80" meanSpeedRelative="0.35" duration="4"/>
    <step time="24000.00" loaded="13738" inserted="13718" running="65" waiting="20" ended="13653" arrived="13653" collisions="0" teleports="0" halting="17" stopped="0" meanWaitingTime="33.20" meanTravelTime="110.89" meanSpeed="4.89" meanSpeedRelative="0.35" duration="3"/>
    <step time="24300.00" loaded="13951" inserted="13925" running="114" waiting="26" ended="13811" arrived="13811" collisions="0" teleports="0" halting="77" stopped="0" meanWaitingTime="33.22" meanTravelTime="110.80" meanSpeed="2.52" meanSpeedRelative="0.19" duration="2"/>
    <step time="24600.00" loaded="14172" inserted="14133" running="91" waiting="39" ended="14042" arrived="14042" collisions="0" teleports="0" halting="30" stopped="0" meanWaitingTime="33.36" meanTravelTime="111.34" meanSpeed="4.05" meanSpeedRelative="0.29" duration="4"/>
    <step time="24900.00" loaded="14385" inserted="14350" running="91" waiting="35" ended="14259" arrived="14259" collisions="0" teleports="0" halting="26" stopped="0" meanWaitingTime="33.75" meanTravelTime="111.66" meanSpeed="4.76" meanSpeedRelative="0.34" duration="3"/>
    <step time="25200.00" loaded="14579" inserted="14534" running="77" waiting="45" ended="14457" arrived="14457" collisions="0" teleports="0" halting="26" stopped="0" meanWaitingTime="33.89" meanTravelTime="111.91" meanSpeed="4.54" meanSpeedRelative="0.33" duration="3"/>
    <step time="25500.00" loaded="14753" inserted="14729" running="66" waiting="24" ended="14663" arrived="14663" collisions="0" teleports="0" halting="29" stopped="0" meanWaitingTime="34.21" meanTravelTime="112.10" meanSpeed="4.66" meanSpeedRelative="0.34" duration="4"/>
    <step time="25800.00" loaded="14983" inserted="14947" running="88" waiting="36" ended="14859" arrived="14859" collisions="0" teleports="0" halting="28" stopped="0" meanWaitingTime="34.34" meanTravelTime="112.00" meanSpeed="4.48" meanSpeedRelative="0.32" duration="4"/>
    <step time="26100.00" loaded="15193" inserted="15160" running="74" waiting="33" ended="15086" arrived="15086" collisions="0" teleports="0" halting="23" stopped="0" meanWaitingTime="34.62" meanTravelTime="111.88" meanSpeed="4.49" meanSpeedRelative="0.32" duration="3"/>
    <step time="26400.00" loaded="15386" inserted="15344" running="80" waiting="42" ended="15264" arrived="15264" collisions="0" teleports="0" halting="43" stopped="0" meanWaitingTime="34.81" meanTravelTime="111.99" meanSpeed="2.79" meanSpeedRelative="0.20" duration="2"/>
    <step time="26700.00" loaded="15600" inserted="15567" running="103" waiting="33" ended="15464" arrived="15464" collisions="0" teleports="0" halting="31" stopped="0" meanWaitingTime="35.19" meanTravelTime="111.95" meanSpeed="4.55" meanSpeedRelative="0.33" duration="3"/>
    <step time="27000.00" loaded="15817" inserted="15764" running="103" waiting="53" ended="15661" arrived="15661" collisions="0" teleports="0" halting="33" stopped="0" meanWaitingTime="35.40" meanTravelTime="112.04" meanSpeed="4.47" meanSpeedRelative="0.32" duration="3"/>
    <step time="27300.00" loaded="16041" inserted="15985" running="105" waiting="56" ended="15880" arrived="15880" collisions="0" teleports="0" halting="42" stopped="0" meanWaitingTime="35.90" meanTravelTime="112.08" meanSpeed="3.49" meanSpeedRelative="0.26" duration="3"/>
    <step time="27600.00" loaded="16239" inserted="16184" running="73" waiting="55" ended="16111" arrived="16111" collisions="0" teleports="0" halting="48" stopped="0" meanWaitingTime="36.49" meanTravelTime="112.56" meanSpeed="1.98" meanSpeedRelative="0.14" duration="2"/>
    <step time="27900.00" loaded="16444" inserted="16396" running="72" waiting="48" ended="16324" arrived="16324" collisions="0" teleports="0" halting="18" stopped="0" meanWaitingTime="37.03" meanTravelTime="112.46" meanSpeed="5.45" meanSpeedRelative="0.39" duration="4"/>
    <step time="28200.00" loaded="16669" inserted="16633" running="68" waiting="36" ended="16565" arrived="16565" collisions="0" teleports="0" halting="20" stopped="0" meanWaitingTime="37.49" meanTravelTime="112.32" meanSpeed="5.14" meanSpeedRelative="0.37" duration="3"/>
    <step time="28500.00" loaded="16871" inserted="16836" running="79" waiting="35" ended="16757" arrived="16757" collisions="0" teleports="0" halting="18" stopped="0" meanWaitingTime="37.72" meanTravelTime="112.31" meanSpeed="5.96" meanSpeedRelative="0.43" duration="3"/>
    <step time="28800.00" loaded="17085" inserted="17051" running="97" waiting="34" ended="16954" arrived="16954" collisions="0" teleports="0" halting="38" stopped="0" meanWaitingTime="37.74" meanTravelTime="112.24" meanSpeed="3.17" meanSpeedRelative="0.23" duration="4"/>
    <step time="29100.00" loaded="17311" inserted="17278" running="121" waiting="33" ended="17157" arrived="17157" collisions="0" teleports="0" halting="43" stopped="0" meanWaitingTime="37.76" meanTravelTime="112.83" meanSpeed="3.38" meanSpeedRelative="0.24" duration="4"/>
    <step time="29400.00" loaded="17512" inserted="17466" running="94" waiting="46" ended="17372" arrived="17372" collisions="0" teleports="0" halting="25" stopped="0" meanWaitingTime="37.93" meanTravelTime="113.41" meanSpeed="4.54" meanSpeedRelative="0.33" duration="2"/>
    <step time="29700.00" loaded="17693" inserted="17660" running="59" waiting="33" ended="17601" arrived="17601" collisions="0" teleports="0" halting="15" stopped="0" meanWaitingTime="38.05" meanTravelTime="113.74" meanSpeed="4.97" meanSpeedRelative="0.36" duration="3"/>
    <step time="30000.00" loaded="17868" inserted="17836" running="57" waiting="32" ended="17779" arrived="17779" collisions="0" teleports="0" halting="15" stopped="0" meanWaitingTime="38.17" meanTravelTime="113.68" meanSpeed="4.67" meanSpeedRelative="0.34" duration="3"/>
    <step time="30300.00" loaded="18065" inserted="18026" running="58" waiting="39" ended="17968" arrived="17968" collisions="0" teleports="0" halting="23" stopped="0" meanWaitingTime="38.44" meanTravelTime="113.66" meanSpeed="4.96" meanSpeedRelative="0.36" duration="4"/>
    <step time="30600.00" loaded="18278" inserted="18234" running="86" waiting="44" ended="18148" arrived="18148" collisions="0" teleports="0" halting="34" stopped="0" meanWaitingTime="38.67" meanTravelTime="113.48" meanSpeed="5.21" meanSpeedRelative="0.38" duration="3"/>
    <step time="30900.00" loaded="18497" inserted="18453" running="100" waiting="44" ended="18353" arrived="18353" collisions="0" teleports="0" halting="44" stopped="0" meanWaitingTime="38.91" meanTravelTime="113.50" meanSpeed="3.07" meanSpeedRelative="0.22" duration="2"/>
    <step time="31200.00" loaded="18667" inserted="18620" running="53" waiting="47" ended="18567" arrived="18567" collisions="0" teleports="0" halting="12" stopped="0" meanWaitingTime="39.02" meanTravelTime="113.69" meanSpeed="5.46" meanSpeedRelative="0.39" duration="2"/>
    <step time="31500.00" loaded="18846" inserted="18801" running="67" waiting="45" ended="18734" arrived="18734" collisions="0" teleports="0" halting="32" stopped="0" meanWaitingTime="39.30" meanTravelTime="113.78" meanSpeed="3.14" meanSpeedRelative="0.23" duration="2"/>
    <step time="31800.00" loaded="19005" inserted="18971" running="69" waiting="34" ended="18902" arrived="18902" collisions="0" teleports="0" halting="18" stopped="0" meanWaitingTime="39.64" meanTravelTime="113.90" meanSpeed="5.56" meanSpeedRelative="0.40" duration="2"/>
    <step time="32100.00" loaded="19185" inserted="19145" running="55" waiting="40" ended="19090" arrived="19090" collisions="0" teleports="0" halting="21" stopped="0" meanWaitingTime="39.96" meanTravelTime="113.75" meanSpeed="5.59" meanSpeedRelative="0.40" duration="1"/>
    <step time="32400.00" loaded="19351" inserted="19307" running="56" waiting="44" ended="19251" arrived="19251" collisions="0" teleports="0" halting="23" stopped="0" meanWaitingTime="40.16" meanTravelTime="113.59" meanSpeed="5.20" meanSpeedRelative="0.37" duration="3"/>
    <step time="32700.00" loaded="19529" inserted="19489" running="56" waiting="40" ended="19433" arrived="19433" collisions="0" teleports="0" halting="10" stopped="0" meanWaitingTime="40.33" meanTravelTime="113.55" meanSpeed="6.26" meanSpeedRelative="0.45" duration="2"/>
    <step time="33000.00" loaded="19698" inserted="19665" running="63" waiting="33" ended="19602" arrived="19602" collisions="0" teleports="0" halting="9" stopped="0" meanWaitingTime="40.56" meanTravelTime="113.49" meanSpeed="5.14" meanSpeedRelative="0.38" duration="2"/>
    <step time="33300.00" loaded="19830" inserted="19816" running="78" waiting="14" ended="19738" arrived="19738" collisions="0" teleports="0" halting="20" stopped="0" meanWaitingTime="40.70" meanTravelTime="113.60" meanSpeed="5.21" meanSpeedRelative="0.38" duration="2"/>
    <step time="33600.00" loaded="20022" inserted="20001" running="60" waiting="21" ended="19941" arrived="19941" collisions="0" teleports="0" halting="26" stopped="0" meanWaitingTime="40.59" meanTravelTime="113.58" meanSpeed="5.69" meanSpeedRelative="0.41" duration="3"/>
    <step time="33900.00" loaded="20176" inserted="20153" running="54" waiting="23" ended="20099" arrived="20099" collisions="0" teleports="0" halting="20" stopped="0" meanWaitingTime="40.54" meanTravelTime="113.51" meanSpeed="4.59" meanSpeedRelative="0.33" duration="2"/>
    <step time="34200.00" loaded="20333" inserted="20313" running="72" waiting="20" ended="20241" arrived="20241" collisions="0" teleports="0" halting="20" stopped="0" meanWaitingTime="40.50" meanTravelTime="113.59" meanSpeed="4.34" meanSpeedRelative="0.32" duration="2"/>
    <step time="34500.00" loaded="20502" inserted="20477" running="82" waiting="25" ended="20395" arrived="20395" collisions="0" teleports="0" halting="15" stopped="0" meanWaitingTime="40.54" meanTravelTime="113.69" meanSpeed="4.70" meanSpeedRelative="0.34" duration="2"/>
    <step time="34800.00" loaded="20655" inserted="20625" running="65" waiting="30" ended="20560" arrived="20560" collisions="0" teleports="0" halting="23" stopped="0" meanWaitingTime="40.68" meanTravelTime="113.94" meanSpeed="4.32" meanSpeedRelative="0.31" duration="2"/>
    <step time="35100.00" loaded="20793" inserted="20781" running="74" waiting="12" ended="20707" arrived="20707" collisions="0" teleports="0" halting="19" stopped="0" meanWaitingTime="40.77" meanTravelTime="114.00" meanSpeed="5.22" meanSpeedRelative="0.38" duration="1"/>
    <step time="35400.00" loaded="20931" inserted="20924" running="51" waiting="7" ended="20873" arrived="20873" collisions="0" teleports="0" halting="7" stopped="0" meanWaitingTime="40.56" meanTravelTime="114.00" meanSpeed="6.51" meanSpeedRelative="0.47" duration="2"/>
    <step time="35700.00" loaded="21074" inserted="21067" running="44" waiting="7" ended="21023" arrived="21023" collisions="0" teleports="0" halting="17" stopped="0" meanWaitingTime="40.40" meanTravelTime="113.98" meanSpeed="3.72" meanSpeedRelative="0.27" duration="1"/>
    <step time="36000.00" loaded="21228" inserted="21222" running="40" waiting="6" ended="21182" arrived="21182" collisions="0" teleports="0" halting="20" stopped="0" meanWaitingTime="40.22" meanTravelTime="113.83" meanSpeed="4.15" meanSpeedRelative="0.30" duration="2"/>
    <step time="36300.00" loaded="21400" inserted="21383" running="49" waiting="17" ended="21334" arrived="21334" collisions="0" teleports="0" halting="30" stopped="0" meanWaitingTime="40.07" meanTravelTime="113.66" meanSpeed="3.50" meanSpeedRelative="0.25" duration="2"/>
    <step time="36600.00" loaded="21548" inserted="21539" running="53" waiting="9" ended="21486" arrived="21486" collisions="0" teleports="0" halting="5" stopped="0" meanWaitingTime="39.97" meanTravelTime="113.62" meanSpeed="5.03" meanSpeedRelative="0.36" duration="2"/>
    <step time="36900.00" loaded="21687" inserted="21667" running="42" waiting="20" ended="21625" arrived="21625" collisions="0" teleports="0" halting="12" stopped="0" meanWaitingTime="39.81" meanTravelTime="113.57" meanSpeed="5.93" meanSpeedRelative="0.43" duration="1"/>
    <step time="37200.00" loaded="21812" inserted="21789" running="32" waiting="23" ended="21757" arrived="21757" collisions="0" teleports="0" halting="15" stopped="0" meanWaitingTime="39.78" meanTravelTime="113.47" meanSpeed="4.18" meanSpeedRelative="0.30" duration="1"/>
    <step time="37500.00" loaded="21951" inserted="21914" running="51" waiting="37" ended="21863" arrived="21863" collisions="0" teleports="0" halting="11" stopped="0" meanWaitingTime="39.92" meanTravelTime="113.44" meanSpeed="7.05" meanSpeedRelative="0.51" duration="3"/>
    <step time="37800.00" loaded="22107" inserted="22066" running="44" waiting="41" ended="22022" arrived="22022" collisions="0" teleports="0" halting="16" stopped="0" meanWaitingTime="40.15" meanTravelTime="113.36" meanSpeed="6.06" meanSpeedRelative="0.44" duration="2"/>
    <step time="38100.00" loaded="22253" inserted="22210" running="51" waiting="43" ended="22159" arrived="22159" collisions="0" teleports="0" halting="10" stopped="0" meanWaitingTime="40.34" meanTravelTime="113.20" meanSpeed="6.49" meanSpeedRelative="0.47" duration="1"/>
    <step time="38400.00" loaded="22379" inserted="22350" running="50" waiting="29" ended="22300" arrived="22300" collisions="0" teleports="0" halting="21" stopped="0" meanWaitingTime="40.62" meanTravelTime="113.15" meanSpeed="4.65" meanSpeedRelative="0.33" duration="1"/>
    <step time="38700.00" loaded="22476" inserted="22461" running="56" waiting="15" ended="22405" arrived="22405" collisions="0" teleports="0" halting="34" stopped="0" meanWaitingTime="40.76" meanTravelTime="113.13" meanSpeed="2.94" meanSpeedRelative="0.21" duration="1"/>
    <step time="39000.00" loaded="22582" inserted="22548" running="57" waiting="34" ended="22491" arrived="22491" collisions="0" teleports="0" halting="7" stopped="0" meanWaitingTime="40.94" meanTravelTime="113.26" meanSpeed="5.17" meanSpeedRelative="0.37" duration="1"/>
    <step time="39300.00" loaded="22707" inserted="22666" running="48" waiting="41" ended="22618" arrived="22618" collisions="0" teleports="0" halting="18" stopped="0" meanWaitingTime="41.19" meanTravelTime="113.59" meanSpeed="3.92" meanSpeedRelative="0.28" duration="2"/>
    <step time="39600.00" loaded="22820" inserted="22782" running="37" waiting="38" ended="22745" arrived="22745" collisions="0" teleports="0" halting="14" stopped="0" meanWaitingTime="41.40" meanTravelTime="113.70" meanSpeed="5.80" meanSpeedRelative="0.42" duration="1"/>
    <step time="39900.00" loaded="22943" inserted="22918" running="72" waiting="25" ended="22846" arrived="22846" collisions="0" teleports="0" halting="54" stopped="0" meanWaitingTime="41.66" meanTravelTime="113.71" meanSpeed="1.60" meanSpeedRelative="0.13" duration="2"/>
    <step time="40200.00" loaded="23033" inserted="23015" running="43" waiting="18" ended="22972" arrived="22972" collisions="0" teleports="0" halting="18" stopped="0" meanWaitingTime="41.86" meanTravelTime="113.99" meanSpeed="2.98" meanSpeedRelative="0.21" duration="2"/>
    <step time="40500.00" loaded="23133" inserted="23109" running="32" waiting="24" ended="23077" arrived="23077" collisions="0" teleports="0" halting="9" stopped="0" meanWaitingTime="41.93" meanTravelTime="114.10" meanSpeed="6.13" meanSpeedRelative="0.44" duration="1"/>
    <step time="40800.00" loaded="23243" inserted="23213" running="38" waiting="30" ended="23175" arrived="23175" collisions="0" teleports="0" halting="13" stopped="0" meanWaitingTime="42.18" meanTravelTime="113.99" meanSpeed="5.60" meanSpeedRelative="0.40" duration="2"/>
    <step time="41100.00" loaded="23325" inserted="23302" running="43" waiting="23" ended="23259" arrived="23259" collisions="0" teleports="0" halting="22" stopped="0" meanWaitingTime="42.34" meanTravelTime="114.03" meanSpeed="3.98" meanSpeedRelative="0.29" duration="2"/>
    <step time="41400.00" loaded="23388" inserted="23378" running="21" waiting="10" ended="23357" arrived="23357" collisions="0" teleports="0" halting="17" stopped="0" meanWaitingTime="42.41" meanTravelTime="114.22" meanSpeed="2.39" meanSpeedRelative="0.17" duration="1"/>
    <step time="41700.00" loaded="23487" inserted="23462" running="52" waiting="25" ended="23410" arrived="23410" collisions="0" teleports="0" halting="25" stopped="0" meanWaitingTime="42.54" meanTravelTime="114.26" meanSpeed="4.57" meanSpeedRelative="0.33" duration="2"/>
    <step time="42000.00" loaded="23567" inserted="23538" running="29" waiting="29" ended="23509" arrived="23509" collisions="0" teleports="0" halting="10" stopped="0" meanWaitingTime="42.71" meanTravelTime="114.41" meanSpeed="4.01" meanSpeedRelative="0.29" duration="1"/>
    <step time="42300.00" loaded="23672" inserted="23647" running="51" waiting="25" ended="23596" arrived="23596" collisions="0" teleports="0" halting="12" stopped="0" meanWaitingTime="42.93" meanTravelTime="114.35" meanSpeed="4.49" meanSpeedRelative="0.34" duration="2"/>
    <step time="42600.00" loaded="23784" inserted="23748" running="52" waiting="36" ended="23696" arrived="23696" collisions="0" teleports="0" halting="7" stopped="0" meanWaitingTime="43.14" meanTravelTime="114.35" meanSpeed="6.21" meanSpeedRelative="0.45" duration="1"/>
    <step time="42900.00" loaded="23885" inserted="23862" running="49" waiting="23" ended="23813" arrived="23813" collisions="0" teleports="0" halting="10" stopped="0" meanWaitingTime="43.40" meanTravelTime="114.47" meanSpeed="6.63" meanSpeedRelative="0.48" duration="2"/>
    <step time="43200.00" loaded="23984" inserted="23948" running="21" waiting="36" ended="23927" arrived="23927" collisions="0" teleports="0" halting="6" stopped="0" meanWaitingTime="43.50" meanTravelTime="114.52" meanSpeed="6.80" meanSpeedRelative="0.49" duration="1"/>
    <step time="43500.00" loaded="24062" inserted="24052" running="47" waiting="10" ended="24005" arrived="24005" collisions="0" teleports="0" halting="8" stopped="0" meanWaitingTime="43.62" meanTravelTime="114.45" meanSpeed="6.18" meanSpeedRelative="0.45" duration="2"/>
    <step time="43800.00" loaded="24162" inserted="24144" running="39" waiting="18" ended="24105" arrived="24105" collisions="0" teleports="0" halting="26" stopped="0" meanWaitingTime="43.67" meanTravelTime="114.46" meanSpeed="2.52" meanSpeedRelative="0.18" duration="2"/>
    <step time="44100.00" loaded="24268" inserted="24258" running="49" waiting="10" ended="24209" arrived="24209" collisions="0" teleports="0" halting="22" stopped="0" meanWaitingTime="43.69" meanTravelTime="114.39" meanSpeed="5.01" meanSpeedRelative="0.36" duration="2"/>
    <step time="44400.00" loaded="24378" inserted="24360" running="61" waiting="18" ended="24299" arrived="24299" collisions="0" teleports="0" halting="45" stopped="0" meanWaitingTime="43.66" meanTravelTime="114.33" meanSpeed="1.46" meanSpeedRelative="0.10" duration="1"/>
    <step time="44700.00" loaded="24482" inserted="24439" running="26" waiting="43" ended="24413" arrived="24413" collisions="0" teleports="0" halting="5" stopped="0" meanWaitingTime="43.80" meanTravelTime="114.75" meanSpeed="6.86" meanSpeedRelative="0.49" duration="0"/>
    <step time="45000.00" loaded="24587" inserted="24546" running="43" waiting="41" ended="24503" arrived="24503" collisions="0" teleports="0" halting="6" stopped="0" meanWaitingTime="44.11" meanTravelTime="114.70" meanSpeed="6.11" meanSpeedRelative="0.44" duration="1"/>
    <step time="45300.00" loaded="24675" inserted="24650" running="59" waiting="25" ended="24591" arrived="24591" collisions="0" teleports="0" halting="14" stopped="0" meanWaitingTime="44.35" meanTravelTime="114.77" meanSpeed="4.18" meanSpeedRelative="0.30" duration="4"/>
    <step time="45600.00" loaded="24757" inserted="24730" running="39" waiting="27" ended="24691" arrived="24691" collisions="0" teleports="0" halting="27" stopped="0" meanWaitingTime="44.46" meanTravelTime="114.97" meanSpeed="3.03" meanSpeedRelative="0.22" duration="2"/>
    <step time="45900.00" loaded="24843" inserted="24797" running="40" waiting="46" ended="24757" arrived="24757" collisions="0" teleports="0" halting="38" stopped="0" meanWaitingTime="44.65" meanTravelTime="115.00" meanSpeed="0.63" meanSpeedRelative="0.05" duration="0"/>
    <step time="46200.00" loaded="24923" inserted="24875" running="65" waiting="48" ended="24810" arrived="24810" collisions="0" teleports="0" halting="59" stopped="0" meanWaitingTime="44.87" meanTravelTime="114.87" meanSpeed="0.64" meanSpeedRelative="0.05" duration="1"/>
    <step time="46500.00" loaded="24971" inserted="24950" running="89" waiting="21" ended="24861" arrived="24861" collisions="0" teleports="0" halting="76" stopped="0" meanWaitingTime="45.19" meanTravelTime="114.78" meanSpeed="0.73" meanSpeedRelative="0.05" duration="1"/>
    <step time="46800.00" loaded="24991" inserted="24979" running="98" waiting="12" ended="24881" arrived="24881" collisions="0" teleports="0" halting="97" stopped="0" meanWaitingTime="45.25" meanTravelTime="114.73" meanSpeed="0.14" meanSpeedRelative="0.01" duration="1"/>
    <step time="47100.00" loaded="25009" inserted="24997" running="94" waiting="12" ended="24903" arrived="24903" collisions="0" teleports="0" halting="91" stopped="0" meanWaitingTime="45.22" meanTravelTime="114.66" meanSpeed="0.18" meanSpeedRelative="0.01" duration="1"/>
    <step time="47400.00" loaded="25025" inserted="25013" running="93" waiting="12" ended="24920" arrived="24920" collisions="0" teleports="0" halting="93" stopped="0" meanWaitingTime="45.19" meanTravelTime="114.61" meanSpeed="0.00" meanSpeedRelative="0.00" duration="2"/>
    <step time="47700.00" loaded="25039" inserted="25027" running="94" waiting="12" ended="24933" arrived="24933" collisions="0" teleports="0" halting="94" stopped="0" meanWaitingTime="45.16" meanTravelTime="114.57" meanSpeed="0.00" meanSpeedRelative="0.00" duration="2"/>
    <step time="48000.00" loaded="25052" inserted="25040" running="92" waiting="12" ended="24948" arrived="24948" collisions="0" teleports="0" halting="91" stopped="0" meanWaitingTime="45.14" meanTravelTime="114.54" meanSpeed="0.07" meanSpeedRelative="0.00" duration="2"/>
    <step time="48300.00" loaded="25066" inserted="25054" running="92" waiting="12" ended="24962" arrived="24962" collisions="0" teleports="0" halting="91" stopped="0" meanWaitingTime="45.11" meanTravelTime="114.49" meanSpeed="0.04" meanSpeedRelative="0.00" duration="2"/>
    <step time="48600.00" loaded="25082" inserted="25070" running="93" waiting="12" ended="24977" arrived="24977" collisions="0" teleports="0" halting="91" stopped="0" meanWaitingTime="45.09" meanTravelTime="114.44" meanSpeed="0.16" meanSpeedRelative="0.01" duration="1"/>
    <step time="48900.00" loaded="25097" inserted="25085" running="97" waiting="12" ended="24988" arrived="24988" collisions="0" teleports="0" halting="96" stopped="0" meanWaitingTime="45.06" meanTravelTime="114.40" meanSpeed="0.03" meanSpeedRelative="0.00" duration="1"/>
    <step time="49200.00" loaded="25106" inserted="25094" running="91" waiting="12" ended="25003" arrived="25003" collisions="0" teleports="0" halting="91" stopped="0" meanWaitingTime="45.04" meanTravelTime="114.37" meanSpeed="0.00" meanSpeedRelative="0.00" duration="2"/>
</summary>
