<?xml version="1.0" encoding="UTF-8"?>

<!-- generated on 2025-02-28 20:49:20 by Eclipse SUMO GUI Version 1.19.0
<configuration xmlns:xsi="http://www.w3.org/2001/XMLSchema-instance" xsi:noNamespaceSchemaLocation="http://sumo.dlr.de/xsd/sumoConfiguration.xsd">

    <input>
        <net-file value="Network.net.xml"/>
        <route-files value="CarRoutes.rou.xml"/>
        <additional-files value="Sensors.add.xml"/>
    </input>

    <output>
        <emission-output value="logs/Emissions.xml"/>
        <summary-output value="logs/Log_summary.xml"/>
        <summary-output.period value="300"/>
        <tripinfo-output value="logs/TripInfos.xml"/>
    </output>

    <time>
        <begin value="0"/>
        <end value="86400"/>
        <step-length value="0.25"/>
    </time>

    <processing>
        <ignore-junction-blocker value="0.1"/>
        <time-to-teleport value="-1"/>
    </processing>

    <report>
        <verbose value="true"/>
        <no-step-log value="true"/>
    </report>

    <emissions>
        <device.emissions.period value="10"/>
    </emissions>

    <traci_server>
        <remote-port value="60050"/>
    </traci_server>

    <gui_only>
        <quit-on-end value="true"/>
        <start value="true"/>
    </gui_only>

</configuration>
-->

<instantE1 xmlns:xsi="http://www.w3.org/2001/XMLSchema-instance" xsi:noNamespaceSchemaLocation="http://sumo.dlr.de/xsd/instant_e1_file.xsd">
    <instantOut id="235_D025" time="1030.78" state="enter" vehID="Car_711" speed="8.81" length="5.00" type="DEFAULT_CAR"/>
    <instantOut id="235_D025" time="1031.00" state="stay" vehID="Car_711" speed="8.81" length="5.00" type="DEFAULT_CAR"/>
    <instantOut id="235_D025" time="1031.25" state="stay" vehID="Car_711" speed="8.06" length="5.00" type="DEFAULT_CAR"/>
    <instantOut id="235_D025" time="1031.39" state="leave" vehID="Car_711" speed="7.33" length="5.00" type="DEFAULT_CAR" occupancy="0.61"/>
    <instantOut id="235_D025" time="2457.50" state="enter" vehID="Car_708" speed="8.85" length="5.00" type="DEFAULT_CAR" gap="1426.11"/>
    <instantOut id="235_D025" time="2457.50" state="stay" vehID="Car_708" speed="8.85" length="5.00" type="DEFAULT_CAR"/>
    <instantOut id="235_D025" time="2457.75" state="stay" vehID="Car_708" speed="8.20" length="5.00" type="DEFAULT_CAR"/>
    <instantOut id="235_D025" time="2458.00" state="stay" vehID="Car_708" speed="7.47" length="5.00" type="DEFAULT_CAR"/>
    <instantOut id="235_D025" time="2458.15" state="leave" vehID="Car_708" speed="7.03" length="5.00" type="DEFAULT_CAR" occupancy="0.65"/>
    <instantOut id="235_D025" time="5084.98" state="enter" vehID="Car_2053" speed="8.87" length="5.00" type="DEFAULT_CAR" gap="2626.83"/>
    <instantOut id="235_D025" time="5085.00" state="stay" vehID="Car_2053" speed="8.87" length="5.00" type="DEFAULT_CAR"/>
    <instantOut id="235_D025" time="5085.25" state="stay" vehID="Car_2053" speed="8.12" length="5.00" type="DEFAULT_CAR"/>
    <instantOut id="235_D025" time="5085.50" state="stay" vehID="Car_2053" speed="7.37" length="5.00" type="DEFAULT_CAR"/>
    <instantOut id="235_D025" time="5085.64" state="leave" vehID="Car_2053" speed="6.62" length="5.00" type="DEFAULT_CAR" occupancy="0.66"/>
    <instantOut id="235_D025" time="5652.50" state="enter" vehID="Car_2443" speed="9.36" length="5.00" type="DEFAULT_CAR" gap="566.86"/>
    <instantOut id="235_D025" time="5652.75" state="stay" vehID="Car_2443" speed="9.36" length="5.00" type="DEFAULT_CAR"/>
    <instantOut id="235_D025" time="5653.00" state="stay" vehID="Car_2443" speed="8.61" length="5.00" type="DEFAULT_CAR"/>
    <instantOut id="235_D025" time="5653.07" state="leave" vehID="Car_2443" speed="7.86" length="5.00" type="DEFAULT_CAR" occupancy="0.57"/>
    <instantOut id="235_D025" time="5679.74" state="enter" vehID="Car_2444" speed="9.04" length="5.00" type="DEFAULT_CAR" gap="26.67"/>
    <instantOut id="235_D025" time="5679.75" state="stay" vehID="Car_2444" speed="9.04" length="5.00" type="DEFAULT_CAR"/>
    <instantOut id="235_D025" time="5680.00" state="stay" vehID="Car_2444" speed="8.29" length="5.00" type="DEFAULT_CAR"/>
    <instantOut id="235_D025" time="5680.25" state="stay" vehID="Car_2444" speed="7.54" length="5.00" type="DEFAULT_CAR"/>
    <instantOut id="235_D025" time="5680.39" state="leave" vehID="Car_2444" speed="6.79" length="5.00" type="DEFAULT_CAR" occupancy="0.65"/>
    <instantOut id="235_D025" time="9478.97" state="enter" vehID="Car_5322" speed="9.68" length="5.00" type="DEFAULT_CAR" gap="3798.59"/>
    <instantOut id="235_D025" time="9479.00" state="stay" vehID="Car_5322" speed="9.68" length="5.00" type="DEFAULT_CAR"/>
    <instantOut id="235_D025" time="9479.25" state="stay" vehID="Car_5322" speed="8.93" length="5.00" type="DEFAULT_CAR"/>
    <instantOut id="235_D025" time="9479.50" state="stay" vehID="Car_5322" speed="8.18" length="5.00" type="DEFAULT_CAR"/>
    <instantOut id="235_D025" time="9479.56" state="leave" vehID="Car_5322" speed="7.43" length="5.00" type="DEFAULT_CAR" occupancy="0.59"/>
    <instantOut id="235_D025" time="9493.62" state="enter" vehID="Car_4200" speed="10.72" length="5.00" type="DEFAULT_CAR" gap="14.06"/>
    <instantOut id="235_D025" time="9493.75" state="stay" vehID="Car_4200" speed="10.72" length="5.00" type="DEFAULT_CAR"/>
    <instantOut id="235_D025" time="9494.00" state="stay" vehID="Car_4200" speed="10.46" length="5.00" type="DEFAULT_CAR"/>
    <instantOut id="235_D025" time="9494.10" state="leave" vehID="Car_4200" speed="9.88" length="5.00" type="DEFAULT_CAR" occupancy="0.48"/>
    <instantOut id="235_D025" time="11075.46" state="enter" vehID="Car_5415" speed="10.36" length="5.00" type="DEFAULT_CAR" gap="1581.35"/>
    <instantOut id="235_D025" time="11075.50" state="stay" vehID="Car_5415" speed="10.36" length="5.00" type="DEFAULT_CAR"/>
    <instantOut id="235_D025" time="11075.75" state="stay" vehID="Car_5415" speed="10.78" length="5.00" type="DEFAULT_CAR"/>
    <instantOut id="235_D025" time="11075.93" state="leave" vehID="Car_5415" speed="10.14" length="5.00" type="DEFAULT_CAR" occupancy="0.48"/>
    <instantOut id="235_D025" time="13179.99" state="enter" vehID="Car_5982" speed="8.84" length="5.00" type="DEFAULT_CAR" gap="2104.05"/>
    <instantOut id="235_D025" time="13180.00" state="stay" vehID="Car_5982" speed="8.84" length="5.00" type="DEFAULT_CAR"/>
    <instantOut id="235_D025" time="13180.25" state="stay" vehID="Car_5982" speed="8.09" length="5.00" type="DEFAULT_CAR"/>
    <instantOut id="235_D025" time="13180.50" state="stay" vehID="Car_5982" speed="7.39" length="5.00" type="DEFAULT_CAR"/>
    <instantOut id="235_D025" time="13180.65" state="leave" vehID="Car_5982" speed="6.67" length="5.00" type="DEFAULT_CAR" occupancy="0.67"/>
    <instantOut id="235_D025" time="13518.73" state="enter" vehID="Car_7940" speed="8.60" length="5.00" type="DEFAULT_CAR" gap="338.08"/>
    <instantOut id="235_D025" time="13518.75" state="stay" vehID="Car_7940" speed="8.60" length="5.00" type="DEFAULT_CAR"/>
    <instantOut id="235_D025" time="13519.00" state="stay" vehID="Car_7940" speed="7.92" length="5.00" type="DEFAULT_CAR"/>
    <instantOut id="235_D025" time="13519.25" state="stay" vehID="Car_7940" speed="7.42" length="5.00" type="DEFAULT_CAR"/>
    <instantOut id="235_D025" time="13519.40" state="leave" vehID="Car_7940" speed="6.85" length="5.00" type="DEFAULT_CAR" occupancy="0.67"/>
    <instantOut id="235_D025" time="13608.03" state="enter" vehID="Car_7792" speed="6.99" length="5.00" type="DEFAULT_CAR" gap="88.64"/>
    <instantOut id="235_D025" time="13608.25" state="stay" vehID="Car_7792" speed="6.99" length="5.00" type="DEFAULT_CAR"/>
    <instantOut id="235_D025" time="13608.50" state="stay" vehID="Car_7792" speed="7.46" length="5.00" type="DEFAULT_CAR"/>
    <instantOut id="235_D025" time="13608.74" state="leave" vehID="Car_7792" speed="6.75" length="5.00" type="DEFAULT_CAR" occupancy="0.71"/>
    <instantOut id="235_D025" time="15083.70" state="enter" vehID="Car_9519" speed="10.04" length="5.00" type="DEFAULT_CAR" gap="1474.96"/>
    <instantOut id="235_D025" time="15083.75" state="stay" vehID="Car_9519" speed="10.04" length="5.00" type="DEFAULT_CAR"/>
    <instantOut id="235_D025" time="15084.00" state="stay" vehID="Car_9519" speed="9.75" length="5.00" type="DEFAULT_CAR"/>
    <instantOut id="235_D025" time="15084.22" state="leave" vehID="Car_9519" speed="9.00" length="5.00" type="DEFAULT_CAR" occupancy="0.53"/>
    <instantOut id="235_D025" time="16762.46" state="enter" vehID="Car_8114" speed="8.78" length="5.00" type="DEFAULT_CAR" gap="1678.24"/>
    <instantOut id="235_D025" time="16762.50" state="stay" vehID="Car_8114" speed="8.78" length="5.00" type="DEFAULT_CAR"/>
    <instantOut id="235_D025" time="16762.75" state="stay" vehID="Car_8114" speed="8.28" length="5.00" type="DEFAULT_CAR"/>
    <instantOut id="235_D025" time="16763.00" state="stay" vehID="Car_8114" speed="7.53" length="5.00" type="DEFAULT_CAR"/>
    <instantOut id="235_D025" time="16763.10" state="leave" vehID="Car_8114" speed="6.78" length="5.00" type="DEFAULT_CAR" occupancy="0.64"/>
    <instantOut id="235_D025" time="16856.03" state="enter" vehID="Car_8757" speed="7.15" length="5.00" type="DEFAULT_CAR" gap="92.93"/>
    <instantOut id="235_D025" time="16856.25" state="stay" vehID="Car_8757" speed="7.15" length="5.00" type="DEFAULT_CAR"/>
    <instantOut id="235_D025" time="16856.50" state="stay" vehID="Car_8757" speed="8.02" length="5.00" type="DEFAULT_CAR"/>
    <instantOut id="235_D025" time="16856.67" state="leave" vehID="Car_8757" speed="8.60" length="5.00" type="DEFAULT_CAR" occupancy="0.64"/>
    <instantOut id="235_D025" time="17039.98" state="enter" vehID="Car_9854" speed="8.89" length="5.00" type="DEFAULT_CAR" gap="183.31"/>
    <instantOut id="235_D025" time="17040.00" state="stay" vehID="Car_9854" speed="8.89" length="5.00" type="DEFAULT_CAR"/>
    <instantOut id="235_D025" time="17040.25" state="stay" vehID="Car_9854" speed="8.18" length="5.00" type="DEFAULT_CAR"/>
    <instantOut id="235_D025" time="17040.50" state="stay" vehID="Car_9854" speed="7.43" length="5.00" type="DEFAULT_CAR"/>
    <instantOut id="235_D025" time="17040.63" state="leave" vehID="Car_9854" speed="6.70" length="5.00" type="DEFAULT_CAR" occupancy="0.66"/>
    <instantOut id="235_D025" time="17836.96" state="enter" vehID="Car_9874" speed="10.16" length="5.00" type="DEFAULT_CAR" gap="796.32"/>
    <instantOut id="235_D025" time="17837.00" state="stay" vehID="Car_9874" speed="10.16" length="5.00" type="DEFAULT_CAR"/>
    <instantOut id="235_D025" time="17837.25" state="stay" vehID="Car_9874" speed="11.09" length="5.00" type="DEFAULT_CAR"/>
    <instantOut id="235_D025" time="17837.42" state="leave" vehID="Car_9874" speed="10.34" length="5.00" type="DEFAULT_CAR" occupancy="0.47"/>
    <instantOut id="235_D025" time="18807.24" state="enter" vehID="Car_9877" speed="6.56" length="5.00" type="DEFAULT_CAR" gap="969.81"/>
    <instantOut id="235_D025" time="18807.25" state="stay" vehID="Car_9877" speed="6.56" length="5.00" type="DEFAULT_CAR"/>
    <instantOut id="235_D025" time="18807.50" state="stay" vehID="Car_9877" speed="6.15" length="5.00" type="DEFAULT_CAR"/>
    <instantOut id="235_D025" time="18807.75" state="stay" vehID="Car_9877" speed="5.73" length="5.00" type="DEFAULT_CAR"/>
    <instantOut id="235_D025" time="18808.00" state="stay" vehID="Car_9877" speed="4.98" length="5.00" type="DEFAULT_CAR"/>
    <instantOut id="235_D025" time="18808.16" state="leave" vehID="Car_9877" speed="4.23" length="5.00" type="DEFAULT_CAR" occupancy="0.93"/>
    <instantOut id="235_D025" time="21808.52" state="enter" vehID="Car_12304" speed="8.59" length="5.00" type="DEFAULT_CAR" gap="3000.35"/>
    <instantOut id="235_D025" time="21808.75" state="stay" vehID="Car_12304" speed="8.59" length="5.00" type="DEFAULT_CAR"/>
    <instantOut id="235_D025" time="21809.00" state="stay" vehID="Car_12304" speed="7.88" length="5.00" type="DEFAULT_CAR"/>
    <instantOut id="235_D025" time="21809.14" state="leave" vehID="Car_12304" speed="7.21" length="5.00" type="DEFAULT_CAR" occupancy="0.63"/>
    <instantOut id="235_D025" time="23060.07" state="enter" vehID="Car_12643" speed="7.15" length="5.00" type="DEFAULT_CAR" gap="1250.93"/>
    <instantOut id="235_D025" time="23060.25" state="stay" vehID="Car_12643" speed="7.15" length="5.00" type="DEFAULT_CAR"/>
    <instantOut id="235_D025" time="23060.50" state="stay" vehID="Car_12643" speed="6.53" length="5.00" type="DEFAULT_CAR"/>
    <instantOut id="235_D025" time="23060.75" state="stay" vehID="Car_12643" speed="5.98" length="5.00" type="DEFAULT_CAR"/>
    <instantOut id="235_D025" time="23060.86" state="leave" vehID="Car_12643" speed="5.27" length="5.00" type="DEFAULT_CAR" occupancy="0.79"/>
    <instantOut id="235_D025" time="23635.47" state="enter" vehID="Car_11870" speed="9.49" length="5.00" type="DEFAULT_CAR" gap="574.60"/>
    <instantOut id="235_D025" time="23635.50" state="stay" vehID="Car_11870" speed="9.49" length="5.00" type="DEFAULT_CAR"/>
    <instantOut id="235_D025" time="23635.75" state="stay" vehID="Car_11870" speed="8.93" length="5.00" type="DEFAULT_CAR"/>
    <instantOut id="235_D025" time="23636.00" state="stay" vehID="Car_11870" speed="8.28" length="5.00" type="DEFAULT_CAR"/>
    <instantOut id="235_D025" time="23636.05" state="leave" vehID="Car_11870" speed="7.73" length="5.00" type="DEFAULT_CAR" occupancy="0.58"/>
    <instantOut id="235_D025" time="24398.50" state="enter" vehID="Car_15824" speed="8.93" length="5.00" type="DEFAULT_CAR" gap="762.45"/>
    <instantOut id="235_D025" time="24398.75" state="stay" vehID="Car_15824" speed="8.93" length="5.00" type="DEFAULT_CAR"/>
    <instantOut id="235_D025" time="24399.00" state="stay" vehID="Car_15824" speed="8.46" length="5.00" type="DEFAULT_CAR"/>
    <instantOut id="235_D025" time="24399.09" state="leave" vehID="Car_15824" speed="7.71" length="5.00" type="DEFAULT_CAR" occupancy="0.58"/>
    <instantOut id="235_D025" time="24803.77" state="enter" vehID="Car_15531" speed="7.48" length="5.00" type="DEFAULT_CAR" gap="404.68"/>
    <instantOut id="235_D025" time="24804.00" state="stay" vehID="Car_15531" speed="7.48" length="5.00" type="DEFAULT_CAR"/>
    <instantOut id="235_D025" time="24804.25" state="stay" vehID="Car_15531" speed="7.92" length="5.00" type="DEFAULT_CAR"/>
    <instantOut id="235_D025" time="24804.43" state="leave" vehID="Car_15531" speed="7.17" length="5.00" type="DEFAULT_CAR" occupancy="0.66"/>
    <instantOut id="235_D025" time="25097.12" state="enter" vehID="Car_15999" speed="8.40" length="5.00" type="DEFAULT_CAR" gap="292.69"/>
    <instantOut id="235_D025" time="25097.25" state="stay" vehID="Car_15999" speed="8.40" length="5.00" type="DEFAULT_CAR"/>
    <instantOut id="235_D025" time="25097.50" state="stay" vehID="Car_15999" speed="7.65" length="5.00" type="DEFAULT_CAR"/>
    <instantOut id="235_D025" time="25097.75" state="stay" vehID="Car_15999" speed="6.90" length="5.00" type="DEFAULT_CAR"/>
    <instantOut id="235_D025" time="25097.79" state="leave" vehID="Car_15999" speed="6.15" length="5.00" type="DEFAULT_CAR" occupancy="0.67"/>
    <instantOut id="235_D025" time="27840.05" state="enter" vehID="Car_16665" speed="7.03" length="5.00" type="DEFAULT_CAR" gap="2742.26"/>
    <instantOut id="235_D025" time="27840.25" state="stay" vehID="Car_16665" speed="7.03" length="5.00" type="DEFAULT_CAR"/>
    <instantOut id="235_D025" time="27840.50" state="stay" vehID="Car_16665" speed="6.43" length="5.00" type="DEFAULT_CAR"/>
    <instantOut id="235_D025" time="27840.75" state="stay" vehID="Car_16665" speed="5.77" length="5.00" type="DEFAULT_CAR"/>
    <instantOut id="235_D025" time="27840.86" state="leave" vehID="Car_16665" speed="5.02" length="5.00" type="DEFAULT_CAR" occupancy="0.81"/>
    <instantOut id="235_D025" time="28347.72" state="enter" vehID="Car_17974" speed="9.51" length="5.00" type="DEFAULT_CAR" gap="506.86"/>
    <instantOut id="235_D025" time="28347.75" state="stay" vehID="Car_17974" speed="9.51" length="5.00" type="DEFAULT_CAR"/>
    <instantOut id="235_D025" time="28348.00" state="stay" vehID="Car_17974" speed="10.03" length="5.00" type="DEFAULT_CAR"/>
    <instantOut id="235_D025" time="28348.24" state="leave" vehID="Car_17974" speed="9.29" length="5.00" type="DEFAULT_CAR" occupancy="0.52"/>
    <instantOut id="235_D025" time="28672.46" state="enter" vehID="Car_18391" speed="9.88" length="5.00" type="DEFAULT_CAR" gap="324.22"/>
    <instantOut id="235_D025" time="28672.50" state="stay" vehID="Car_18391" speed="9.88" length="5.00" type="DEFAULT_CAR"/>
    <instantOut id="235_D025" time="28672.75" state="stay" vehID="Car_18391" speed="9.82" length="5.00" type="DEFAULT_CAR"/>
    <instantOut id="235_D025" time="28672.98" state="leave" vehID="Car_18391" speed="9.30" length="5.00" type="DEFAULT_CAR" occupancy="0.52"/>
    <instantOut id="235_D025" time="29888.22" state="enter" vehID="Car_18401" speed="8.77" length="5.00" type="DEFAULT_CAR" gap="1215.24"/>
    <instantOut id="235_D025" time="29888.25" state="stay" vehID="Car_18401" speed="8.77" length="5.00" type="DEFAULT_CAR"/>
    <instantOut id="235_D025" time="29888.50" state="stay" vehID="Car_18401" speed="8.11" length="5.00" type="DEFAULT_CAR"/>
    <instantOut id="235_D025" time="29888.75" state="stay" vehID="Car_18401" speed="7.43" length="5.00" type="DEFAULT_CAR"/>
    <instantOut id="235_D025" time="29888.87" state="leave" vehID="Car_18401" speed="6.76" length="5.00" type="DEFAULT_CAR" occupancy="0.66"/>
    <instantOut id="235_D025" time="31384.25" state="enter" vehID="Car_17354" speed="8.74" length="5.00" type="DEFAULT_CAR" gap="1495.38"/>
    <instantOut id="235_D025" time="31384.25" state="stay" vehID="Car_17354" speed="8.74" length="5.00" type="DEFAULT_CAR"/>
    <instantOut id="235_D025" time="31384.50" state="stay" vehID="Car_17354" speed="8.10" length="5.00" type="DEFAULT_CAR"/>
    <instantOut id="235_D025" time="31384.75" state="stay" vehID="Car_17354" speed="7.60" length="5.00" type="DEFAULT_CAR"/>
    <instantOut id="235_D025" time="31384.91" state="leave" vehID="Car_17354" speed="6.86" length="5.00" type="DEFAULT_CAR" occupancy="0.66"/>
    <instantOut id="235_D025" time="32132.23" state="enter" vehID="Car_20749" speed="9.02" length="5.00" type="DEFAULT_CAR" gap="747.33"/>
    <instantOut id="235_D025" time="32132.25" state="stay" vehID="Car_20749" speed="9.02" length="5.00" type="DEFAULT_CAR"/>
    <instantOut id="235_D025" time="32132.50" state="stay" vehID="Car_20749" speed="8.27" length="5.00" type="DEFAULT_CAR"/>
    <instantOut id="235_D025" time="32132.75" state="stay" vehID="Car_20749" speed="7.52" length="5.00" type="DEFAULT_CAR"/>
    <instantOut id="235_D025" time="32132.88" state="leave" vehID="Car_20749" speed="6.77" length="5.00" type="DEFAULT_CAR" occupancy="0.65"/>
    <instantOut id="235_D025" time="33453.47" state="enter" vehID="Car_20615" speed="9.44" length="5.00" type="DEFAULT_CAR" gap="1320.59"/>
    <instantOut id="235_D025" time="33453.50" state="stay" vehID="Car_20615" speed="9.44" length="5.00" type="DEFAULT_CAR"/>
    <instantOut id="235_D025" time="33453.75" state="stay" vehID="Car_20615" speed="8.69" length="5.00" type="DEFAULT_CAR"/>
    <instantOut id="235_D025" time="33454.00" state="stay" vehID="Car_20615" speed="7.94" length="5.00" type="DEFAULT_CAR"/>
    <instantOut id="235_D025" time="33454.08" state="leave" vehID="Car_20615" speed="7.19" length="5.00" type="DEFAULT_CAR" occupancy="0.61"/>
    <instantOut id="235_D025" time="33660.73" state="enter" vehID="Car_19817" speed="9.83" length="5.00" type="DEFAULT_CAR" gap="206.64"/>
    <instantOut id="235_D025" time="33660.75" state="stay" vehID="Car_19817" speed="9.83" length="5.00" type="DEFAULT_CAR"/>
    <instantOut id="235_D025" time="33661.00" state="stay" vehID="Car_19817" speed="10.39" length="5.00" type="DEFAULT_CAR"/>
    <instantOut id="235_D025" time="33661.21" state="leave" vehID="Car_19817" speed="10.34" length="5.00" type="DEFAULT_CAR" occupancy="0.48"/>
    <instantOut id="235_D025" time="34032.69" state="enter" vehID="Car_19815" speed="9.47" length="5.00" type="DEFAULT_CAR" gap="371.48"/>
    <instantOut id="235_D025" time="34032.75" state="stay" vehID="Car_19815" speed="9.47" length="5.00" type="DEFAULT_CAR"/>
    <instantOut id="235_D025" time="34033.00" state="stay" vehID="Car_19815" speed="8.72" length="5.00" type="DEFAULT_CAR"/>
    <instantOut id="235_D025" time="34033.25" state="stay" vehID="Car_19815" speed="7.98" length="5.00" type="DEFAULT_CAR"/>
    <instantOut id="235_D025" time="34033.29" state="leave" vehID="Car_19815" speed="7.23" length="5.00" type="DEFAULT_CAR" occupancy="0.60"/>
    <instantOut id="235_D025" time="34261.07" state="enter" vehID="Car_19823" speed="7.22" length="5.00" type="DEFAULT_CAR" gap="227.78"/>
    <instantOut id="235_D025" time="34261.25" state="stay" vehID="Car_19823" speed="7.22" length="5.00" type="DEFAULT_CAR"/>
    <instantOut id="235_D025" time="34261.50" state="stay" vehID="Car_19823" speed="7.86" length="5.00" type="DEFAULT_CAR"/>
    <instantOut id="235_D025" time="34261.70" state="leave" vehID="Car_19823" speed="8.50" length="5.00" type="DEFAULT_CAR" occupancy="0.63"/>
    <instantOut id="235_D025" time="37287.29" state="enter" vehID="Car_21427" speed="10.17" length="5.00" type="DEFAULT_CAR" gap="3025.58"/>
    <instantOut id="235_D025" time="37287.50" state="stay" vehID="Car_21427" speed="10.17" length="5.00" type="DEFAULT_CAR"/>
    <instantOut id="235_D025" time="37287.75" state="stay" vehID="Car_21427" speed="9.42" length="5.00" type="DEFAULT_CAR"/>
    <instantOut id="235_D025" time="37287.80" state="leave" vehID="Car_21427" speed="8.76" length="5.00" type="DEFAULT_CAR" occupancy="0.52"/>
    <instantOut id="235_D025" time="39150.49" state="enter" vehID="Car_23429" speed="9.25" length="5.00" type="DEFAULT_CAR" gap="1862.69"/>
    <instantOut id="235_D025" time="39150.50" state="stay" vehID="Car_23429" speed="9.25" length="5.00" type="DEFAULT_CAR"/>
    <instantOut id="235_D025" time="39150.75" state="stay" vehID="Car_23429" speed="8.50" length="5.00" type="DEFAULT_CAR"/>
    <instantOut id="235_D025" time="39151.00" state="stay" vehID="Car_23429" speed="7.75" length="5.00" type="DEFAULT_CAR"/>
    <instantOut id="235_D025" time="39151.13" state="leave" vehID="Car_23429" speed="7.00" length="5.00" type="DEFAULT_CAR" occupancy="0.63"/>
    <instantOut id="235_D025" time="43667.70" state="enter" vehID="Car_24930" speed="9.83" length="5.00" type="DEFAULT_CAR" gap="4516.58"/>
    <instantOut id="235_D025" time="43667.75" state="stay" vehID="Car_24930" speed="9.83" length="5.00" type="DEFAULT_CAR"/>
    <instantOut id="235_D025" time="43668.00" state="stay" vehID="Car_24930" speed="9.08" length="5.00" type="DEFAULT_CAR"/>
    <instantOut id="235_D025" time="43668.25" state="stay" vehID="Car_24930" speed="8.33" length="5.00" type="DEFAULT_CAR"/>
    <instantOut id="235_D025" time="43668.27" state="leave" vehID="Car_24930" speed="7.58" length="5.00" type="DEFAULT_CAR" occupancy="0.57"/>
    <instantOut id="235_D025" time="43698.97" state="enter" vehID="Car_24929" speed="9.51" length="5.00" type="DEFAULT_CAR" gap="30.70"/>
    <instantOut id="235_D025" time="43699.00" state="stay" vehID="Car_24929" speed="9.51" length="5.00" type="DEFAULT_CAR"/>
    <instantOut id="235_D025" time="43699.25" state="stay" vehID="Car_24929" speed="9.89" length="5.00" type="DEFAULT_CAR"/>
    <instantOut id="235_D025" time="43699.49" state="leave" vehID="Car_24929" speed="9.47" length="5.00" type="DEFAULT_CAR" occupancy="0.52"/>
</instantE1>
