<?xml version="1.0" encoding="UTF-8"?>

<!-- generated on 2025-02-28 15:51:37 by Eclipse SUMO GUI Version 1.19.0
<configuration xmlns:xsi="http://www.w3.org/2001/XMLSchema-instance" xsi:noNamespaceSchemaLocation="http://sumo.dlr.de/xsd/sumoConfiguration.xsd">

    <input>
        <net-file value="Network.net.xml"/>
        <route-files value="CarRoutes.rou.xml"/>
        <additional-files value="Sensors.add.xml"/>
    </input>

    <output>
        <emission-output value="logs/Emissions.xml"/>
        <summary-output value="logs/Log_summary.xml"/>
        <summary-output.period value="300"/>
        <tripinfo-output value="logs/TripInfos.xml"/>
    </output>

    <time>
        <begin value="0"/>
        <end value="86400"/>
        <step-length value="0.25"/>
    </time>

    <processing>
        <ignore-junction-blocker value="0.1"/>
        <time-to-teleport value="-1"/>
    </processing>

    <report>
        <verbose value="true"/>
        <no-step-log value="true"/>
    </report>

    <emissions>
        <device.emissions.period value="10"/>
    </emissions>

    <traci_server>
        <remote-port value="56596"/>
    </traci_server>

    <gui_only>
        <quit-on-end value="true"/>
        <start value="true"/>
    </gui_only>

</configuration>
-->

<summary xmlns:xsi="http://www.w3.org/2001/XMLSchema-instance" xsi:noNamespaceSchemaLocation="http://sumo.dlr.de/xsd/summary_file.xsd">
    <step time="0.00" loaded="0" inserted="0" running="0" waiting="0" ended="0" arrived="0" collisions="0" teleports="0" halting="0" stopped="0" meanWaitingTime="-1.00" meanTravelTime="-1.00" meanSpeed="-1.00" meanSpeedRelative="-1.00" duration="0"/>
    <step time="300.00" loaded="211" inserted="198" running="94" waiting="13" ended="104" arrived="104" collisions="0" teleports="0" halting="44" stopped="0" meanWaitingTime="13.87" meanTravelTime="77.63" meanSpeed="3.93" meanSpeedRelative="0.29" duration="2"/>
    <step time="600.00" loaded="371" inserted="361" running="67" waiting="10" ended="294" arrived="294" collisions="0" teleports="0" halting="21" stopped="0" meanWaitingTime="12.23" meanTravelTime="115.00" meanSpeed="4.94" meanSpeedRelative="0.36" duration="3"/>
    <step time="900.00" loaded="526" inserted="516" running="61" waiting="10" ended="455" arrived="455" collisions="0" teleports="0" halting="31" stopped="0" meanWaitingTime="11.78" meanTravelTime="118.99" meanSpeed="4.34" meanSpeedRelative="0.31" duration="3"/>
    <step time="1200.00" loaded="701" inserted="686" running="54" waiting="15" ended="632" arrived="632" collisions="0" teleports="0" halting="8" stopped="0" meanWaitingTime="15.15" meanTravelTime="116.36" meanSpeed="8.25" meanSpeedRelative="0.59" duration="3"/>
    <step time="1500.00" loaded="863" inserted="843" running="57" waiting="20" ended="786" arrived="786" collisions="0" teleports="0" halting="17" stopped="0" meanWaitingTime="16.49" meanTravelTime="114.13" meanSpeed="4.62" meanSpeedRelative="0.33" duration="2"/>
    <step time="1800.00" loaded="1024" inserted="1006" running="65" waiting="18" ended="941" arrived="941" collisions="0" teleports="0" halting="24" stopped="0" meanWaitingTime="19.69" meanTravelTime="113.84" meanSpeed="4.12" meanSpeedRelative="0.30" duration="3"/>
    <step time="2100.00" loaded="1182" inserted="1167" running="67" waiting="15" ended="1100" arrived="1100" collisions="0" teleports="0" halting="40" stopped="0" meanWaitingTime="18.48" meanTravelTime="112.18" meanSpeed="3.58" meanSpeedRelative="0.26" duration="3"/>
    <step time="2400.00" loaded="1328" inserted="1312" running="37" waiting="16" ended="1275" arrived="1275" collisions="0" teleports="0" halting="17" stopped="0" meanWaitingTime="18.48" meanTravelTime="112.34" meanSpeed="4.93" meanSpeedRelative="0.36" duration="2"/>
    <step time="2700.00" loaded="1471" inserted="1470" running="43" waiting="1" ended="1427" arrived="1427" collisions="0" teleports="0" halting="9" stopped="0" meanWaitingTime="18.37" meanTravelTime="109.65" meanSpeed="5.29" meanSpeedRelative="0.38" duration="2"/>
    <step time="3000.00" loaded="1630" inserted="1623" running="48" waiting="7" ended="1575" arrived="1575" collisions="0" teleports="0" halting="23" stopped="0" meanWaitingTime="17.17" meanTravelTime="110.89" meanSpeed="3.86" meanSpeedRelative="0.28" duration="3"/>
    <step time="3300.00" loaded="1800" inserted="1778" running="63" waiting="22" ended="1715" arrived="1715" collisions="0" teleports="0" halting="9" stopped="0" meanWaitingTime="17.80" meanTravelTime="110.26" meanSpeed="6.44" meanSpeedRelative="0.46" duration="3"/>
    <step time="3600.00" loaded="1931" inserted="1915" running="43" waiting="16" ended="1872" arrived="1872" collisions="0" teleports="0" halting="16" stopped="0" meanWaitingTime="19.43" meanTravelTime="110.16" meanSpeed="5.20" meanSpeedRelative="0.37" duration="0"/>
    <step time="3900.00" loaded="2096" inserted="2096" running="79" waiting="0" ended="2017" arrived="2017" collisions="0" teleports="0" halting="37" stopped="0" meanWaitingTime="18.73" meanTravelTime="110.26" meanSpeed="3.90" meanSpeedRelative="0.29" duration="3"/>
    <step time="4200.00" loaded="2228" inserted="2228" running="39" waiting="0" ended="2189" arrived="2189" collisions="0" teleports="0" halting="11" stopped="0" meanWaitingTime="18.70" meanTravelTime="110.32" meanSpeed="5.44" meanSpeedRelative="0.39" duration="2"/>
    <step time="4500.00" loaded="2403" inserted="2402" running="76" waiting="1" ended="2326" arrived="2326" collisions="0" teleports="0" halting="33" stopped="0" meanWaitingTime="17.79" meanTravelTime="109.32" meanSpeed="3.87" meanSpeedRelative="0.28" duration="2"/>
    <step time="4800.00" loaded="2559" inserted="2553" running="46" waiting="6" ended="2507" arrived="2507" collisions="0" teleports="0" halting="22" stopped="0" meanWaitingTime="16.99" meanTravelTime="109.43" meanSpeed="4.15" meanSpeedRelative="0.30" duration="3"/>
    <step time="5100.00" loaded="2726" inserted="2716" running="60" waiting="10" ended="2656" arrived="2656" collisions="0" teleports="0" halting="14" stopped="0" meanWaitingTime="17.59" meanTravelTime="108.76" meanSpeed="5.08" meanSpeedRelative="0.37" duration="2"/>
    <step time="5400.00" loaded="2879" inserted="2877" running="44" waiting="2" ended="2833" arrived="2833" collisions="0" teleports="0" halting="10" stopped="0" meanWaitingTime="17.01" meanTravelTime="108.43" meanSpeed="6.79" meanSpeedRelative="0.49" duration="2"/>
    <step time="5700.00" loaded="3063" inserted="3048" running="79" waiting="15" ended="2969" arrived="2969" collisions="0" teleports="0" halting="36" stopped="0" meanWaitingTime="16.47" meanTravelTime="108.31" meanSpeed="4.32" meanSpeedRelative="0.31" duration="4"/>
    <step time="6000.00" loaded="3187" inserted="3184" running="38" waiting="3" ended="3146" arrived="3146" collisions="0" teleports="0" halting="11" stopped="0" meanWaitingTime="16.49" meanTravelTime="110.12" meanSpeed="6.34" meanSpeedRelative="0.46" duration="2"/>
    <step time="6300.00" loaded="3352" inserted="3335" running="59" waiting="17" ended="3276" arrived="3276" collisions="0" teleports="0" halting="24" stopped="0" meanWaitingTime="16.51" meanTravelTime="110.22" meanSpeed="4.75" meanSpeedRelative="0.34" duration="3"/>
    <step time="6600.00" loaded="3514" inserted="3506" running="45" waiting="8" ended="3461" arrived="3461" collisions="0" teleports="0" halting="19" stopped="0" meanWaitingTime="16.60" meanTravelTime="109.56" meanSpeed="4.25" meanSpeedRelative="0.31" duration="2"/>
    <step time="6900.00" loaded="3697" inserted="3680" running="51" waiting="17" ended="3629" arrived="3629" collisions="0" teleports="0" halting="24" stopped="0" meanWaitingTime="16.56" meanTravelTime="108.11" meanSpeed="4.00" meanSpeedRelative="0.29" duration="2"/>
    <step time="7200.00" loaded="3856" inserted="3838" running="47" waiting="18" ended="3791" arrived="3791" collisions="0" teleports="0" halting="14" stopped="0" meanWaitingTime="17.11" meanTravelTime="107.64" meanSpeed="5.02" meanSpeedRelative="0.36" duration="3"/>
    <step time="7500.00" loaded="4004" inserted="3992" running="37" waiting="12" ended="3955" arrived="3955" collisions="0" teleports="0" halting="17" stopped="0" meanWaitingTime="17.71" meanTravelTime="107.11" meanSpeed="4.31" meanSpeedRelative="0.31" duration="1"/>
    <step time="7800.00" loaded="4160" inserted="4137" running="42" waiting="23" ended="4095" arrived="4095" collisions="0" teleports="0" halting="13" stopped="0" meanWaitingTime="18.17" meanTravelTime="106.49" meanSpeed="5.53" meanSpeedRelative="0.40" duration="1"/>
    <step time="8100.00" loaded="4331" inserted="4316" running="49" waiting="15" ended="4267" arrived="4267" collisions="0" teleports="0" halting="16" stopped="0" meanWaitingTime="19.24" meanTravelTime="105.58" meanSpeed="4.68" meanSpeedRelative="0.34" duration="1"/>
    <step time="8400.00" loaded="4517" inserted="4513" running="63" waiting="4" ended="4450" arrived="4450" collisions="0" teleports="0" halting="13" stopped="0" meanWaitingTime="19.15" meanTravelTime="104.73" meanSpeed="4.83" meanSpeedRelative="0.35" duration="3"/>
    <step time="8700.00" loaded="4690" inserted="4685" running="65" waiting="5" ended="4620" arrived="4620" collisions="0" teleports="0" halting="24" stopped="0" meanWaitingTime="18.90" meanTravelTime="104.59" meanSpeed="5.28" meanSpeedRelative="0.38" duration="1"/>
    <step time="9000.00" loaded="4879" inserted="4862" running="57" waiting="17" ended="4805" arrived="4805" collisions="0" teleports="0" halting="15" stopped="0" meanWaitingTime="18.70" meanTravelTime="104.16" meanSpeed="4.51" meanSpeedRelative="0.34" duration="1"/>
    <step time="9300.00" loaded="5060" inserted="5041" running="53" waiting="19" ended="4988" arrived="4988" collisions="0" teleports="0" halting="21" stopped="0" meanWaitingTime="18.71" meanTravelTime="104.22" meanSpeed="5.06" meanSpeedRelative="0.36" duration="3"/>
    <step time="9600.00" loaded="5229" inserted="5216" running="55" waiting="13" ended="5161" arrived="5161" collisions="0" teleports="0" halting="14" stopped="0" meanWaitingTime="19.19" meanTravelTime="103.81" meanSpeed="7.10" meanSpeedRelative="0.51" duration="3"/>
    <step time="9900.00" loaded="5375" inserted="5359" running="49" waiting="16" ended="5310" arrived="5310" collisions="0" teleports="0" halting="14" stopped="0" meanWaitingTime="19.05" meanTravelTime="103.48" meanSpeed="4.25" meanSpeedRelative="0.31" duration="1"/>
    <step time="10200.00" loaded="5546" inserted="5534" running="67" waiting="12" ended="5467" arrived="5467" collisions="0" teleports="0" halting="11" stopped="0" meanWaitingTime="19.28" meanTravelTime="103.83" meanSpeed="4.32" meanSpeedRelative="0.31" duration="3"/>
    <step time="10500.00" loaded="5725" inserted="5712" running="70" waiting="13" ended="5642" arrived="5642" collisions="0" teleports="0" halting="27" stopped="0" meanWaitingTime="19.26" meanTravelTime="104.53" meanSpeed="4.94" meanSpeedRelative="0.36" duration="2"/>
    <step time="10800.00" loaded="5896" inserted="5889" running="61" waiting="7" ended="5828" arrived="5828" collisions="0" teleports="0" halting="11" stopped="0" meanWaitingTime="19.27" meanTravelTime="104.72" meanSpeed="6.80" meanSpeedRelative="0.49" duration="2"/>
    <step time="11100.00" loaded="6072" inserted="6054" running="56" waiting="18" ended="5998" arrived="5998" collisions="0" teleports="0" halting="23" stopped="0" meanWaitingTime="19.21" meanTravelTime="104.80" meanSpeed="3.90" meanSpeedRelative="0.28" duration="2"/>
    <step time="11400.00" loaded="6245" inserted="6210" running="48" waiting="35" ended="6162" arrived="6162" collisions="0" teleports="0" halting="11" stopped="0" meanWaitingTime="19.83" meanTravelTime="104.92" meanSpeed="5.85" meanSpeedRelative="0.42" duration="2"/>
    <step time="11700.00" loaded="6390" inserted="6366" running="51" waiting="24" ended="6315" arrived="6315" collisions="0" teleports="0" halting="9" stopped="0" meanWaitingTime="20.88" meanTravelTime="104.49" meanSpeed="5.83" meanSpeedRelative="0.42" duration="2"/>
    <step time="12000.00" loaded="6570" inserted="6563" running="75" waiting="7" ended="6488" arrived="6488" collisions="0" teleports="0" halting="25" stopped="0" meanWaitingTime="20.97" meanTravelTime="104.73" meanSpeed="3.73" meanSpeedRelative="0.27" duration="3"/>
    <step time="12300.00" loaded="6740" inserted="6739" running="78" waiting="1" ended="6661" arrived="6661" collisions="0" teleports="0" halting="31" stopped="0" meanWaitingTime="20.69" meanTravelTime="105.39" meanSpeed="3.18" meanSpeedRelative="0.23" duration="4"/>
    <step time="12600.00" loaded="6908" inserted="6886" running="57" waiting="22" ended="6829" arrived="6829" collisions="0" teleports="0" halting="27" stopped="0" meanWaitingTime="20.53" meanTravelTime="105.99" meanSpeed="4.22" meanSpeedRelative="0.30" duration="2"/>
    <step time="12900.00" loaded="7077" inserted="7063" running="56" waiting="14" ended="7007" arrived="7007" collisions="0" teleports="0" halting="22" stopped="0" meanWaitingTime="20.73" meanTravelTime="106.14" meanSpeed="4.63" meanSpeedRelative="0.33" duration="3"/>
    <step time="13200.00" loaded="7251" inserted="7230" running="84" waiting="21" ended="7146" arrived="7146" collisions="0" teleports="0" halting="24" stopped="0" meanWaitingTime="20.81" meanTravelTime="105.99" meanSpeed="4.30" meanSpeedRelative="0.31" duration="4"/>
    <step time="13500.00" loaded="7427" inserted="7419" running="76" waiting="8" ended="7343" arrived="7343" collisions="0" teleports="0" halting="27" stopped="0" meanWaitingTime="20.72" meanTravelTime="106.64" meanSpeed="4.07" meanSpeedRelative="0.29" duration="3"/>
    <step time="13800.00" loaded="7623" inserted="7608" running="79" waiting="15" ended="7529" arrived="7529" collisions="0" teleports="0" halting="18" stopped="0" meanWaitingTime="20.77" meanTravelTime="106.96" meanSpeed="5.46" meanSpeedRelative="0.39" duration="4"/>
    <step time="14100.00" loaded="7783" inserted="7779" running="68" waiting="4" ended="7711" arrived="7711" collisions="0" teleports="0" halting="15" stopped="0" meanWaitingTime="20.79" meanTravelTime="107.47" meanSpeed="5.83" meanSpeedRelative="0.42" duration="2"/>
    <step time="14400.00" loaded="7920" inserted="7910" running="47" waiting="10" ended="7863" arrived="7863" collisions="0" teleports="0" halting="13" stopped="0" meanWaitingTime="20.96" meanTravelTime="107.61" meanSpeed="6.43" meanSpeedRelative="0.46" duration="2"/>
    <step time="14700.00" loaded="8115" inserted="8089" running="53" waiting="26" ended="8036" arrived="8036" collisions="0" teleports="0" halting="17" stopped="0" meanWaitingTime="20.89" meanTravelTime="107.23" meanSpeed="5.45" meanSpeedRelative="0.39" duration="2"/>
    <step time="15000.00" loaded="8274" inserted="8246" running="87" waiting="28" ended="8159" arrived="8159" collisions="0" teleports="0" halting="15" stopped="0" meanWaitingTime="21.00" meanTravelTime="107.32" meanSpeed="5.20" meanSpeedRelative="0.37" duration="4"/>
    <step time="15300.00" loaded="8434" inserted="8399" running="56" waiting="35" ended="8343" arrived="8343" collisions="0" teleports="0" halting="21" stopped="0" meanWaitingTime="21.50" meanTravelTime="108.05" meanSpeed="4.67" meanSpeedRelative="0.34" duration="3"/>
    <step time="15600.00" loaded="8599" inserted="8588" running="58" waiting="11" ended="8530" arrived="8530" collisions="0" teleports="0" halting="18" stopped="0" meanWaitingTime="22.22" meanTravelTime="107.64" meanSpeed="5.07" meanSpeedRelative="0.37" duration="2"/>
    <step time="15900.00" loaded="8789" inserted="8776" running="89" waiting="13" ended="8687" arrived="8687" collisions="0" teleports="0" halting="28" stopped="0" meanWaitingTime="22.51" meanTravelTime="107.39" meanSpeed="4.39" meanSpeedRelative="0.32" duration="3"/>
    <step time="16200.00" loaded="8982" inserted="8948" running="69" waiting="34" ended="8879" arrived="8879" collisions="0" teleports="0" halting="23" stopped="0" meanWaitingTime="22.73" meanTravelTime="107.79" meanSpeed="5.19" meanSpeedRelative="0.38" duration="3"/>
    <step time="16500.00" loaded="9150" inserted="9135" running="67" waiting="15" ended="9068" arrived="9068" collisions="0" teleports="0" halting="24" stopped="0" meanWaitingTime="23.30" meanTravelTime="107.96" meanSpeed="5.29" meanSpeedRelative="0.39" duration="3"/>
    <step time="16800.00" loaded="9335" inserted="9297" running="65" waiting="38" ended="9232" arrived="9232" collisions="0" teleports="0" halting="15" stopped="0" meanWaitingTime="23.56" meanTravelTime="108.13" meanSpeed="4.93" meanSpeedRelative="0.35" duration="3"/>
    <step time="17100.00" loaded="9506" inserted="9475" running="53" waiting="31" ended="9422" arrived="9422" collisions="0" teleports="0" halting="12" stopped="0" meanWaitingTime="24.24" meanTravelTime="108.06" meanSpeed="6.20" meanSpeedRelative="0.45" duration="2"/>
    <step time="17400.00" loaded="9686" inserted="9661" running="71" waiting="25" ended="9590" arrived="9590" collisions="0" teleports="0" halting="25" stopped="0" meanWaitingTime="24.91" meanTravelTime="108.02" meanSpeed="4.32" meanSpeedRelative="0.31" duration="2"/>
    <step time="17700.00" loaded="9861" inserted="9833" running="89" waiting="28" ended="9744" arrived="9744" collisions="0" teleports="0" halting="28" stopped="0" meanWaitingTime="25.27" meanTravelTime="108.24" meanSpeed="4.56" meanSpeedRelative="0.33" duration="3"/>
    <step time="18000.00" loaded="10029" inserted="10008" running="89" waiting="21" ended="9919" arrived="9919" collisions="0" teleports="0" halting="45" stopped="0" meanWaitingTime="25.73" meanTravelTime="109.01" meanSpeed="3.78" meanSpeedRelative="0.29" duration="3"/>
    <step time="18300.00" loaded="10214" inserted="10181" running="58" waiting="33" ended="10123" arrived="10123" collisions="0" teleports="0" halting="31" stopped="0" meanWaitingTime="25.94" meanTravelTime="109.60" meanSpeed="3.96" meanSpeedRelative="0.29" duration="2"/>
    <step time="18600.00" loaded="10372" inserted="10343" running="55" waiting="29" ended="10288" arrived="10288" collisions="0" teleports="0" halting="19" stopped="0" meanWaitingTime="26.53" meanTravelTime="109.47" meanSpeed="5.83" meanSpeedRelative="0.42" duration="3"/>
    <step time="18900.00" loaded="10556" inserted="10522" running="71" waiting="34" ended="10451" arrived="10451" collisions="0" teleports="0" halting="12" stopped="0" meanWaitingTime="26.84" meanTravelTime="109.31" meanSpeed="7.07" meanSpeedRelative="0.52" duration="3"/>
    <step time="19200.00" loaded="10731" inserted="10705" running="59" waiting="26" ended="10646" arrived="10646" collisions="0" teleports="0" halting="37" stopped="0" meanWaitingTime="27.15" meanTravelTime="109.13" meanSpeed="3.18" meanSpeedRelative="0.23" duration="2"/>
    <step time="19500.00" loaded="10937" inserted="10913" running="93" waiting="24" ended="10820" arrived="10820" collisions="0" teleports="0" halting="38" stopped="0" meanWaitingTime="27.41" meanTravelTime="109.21" meanSpeed="2.95" meanSpeedRelative="0.21" duration="3"/>
    <step time="19800.00" loaded="11117" inserted="11086" running="66" waiting="31" ended="11020" arrived="11020" collisions="0" teleports="0" halting="29" stopped="0" meanWaitingTime="27.71" meanTravelTime="109.62" meanSpeed="4.14" meanSpeedRelative="0.30" duration="2"/>
    <step time="20100.00" loaded="11314" inserted="11288" running="82" waiting="26" ended="11206" arrived="11206" collisions="0" teleports="0" halting="19" stopped="0" meanWaitingTime="28.13" meanTravelTime="109.52" meanSpeed="6.16" meanSpeedRelative="0.44" duration="3"/>
    <step time="20400.00" loaded="11483" inserted="11456" running="73" waiting="27" ended="11383" arrived="11383" collisions="0" teleports="0" halting="22" stopped="0" meanWaitingTime="28.46" meanTravelTime="109.54" meanSpeed="4.50" meanSpeedRelative="0.32" duration="4"/>
    <step time="20700.00" loaded="11653" inserted="11629" running="64" waiting="24" ended="11565" arrived="11565" collisions="0" teleports="0" halting="27" stopped="0" meanWaitingTime="28.74" meanTravelTime="109.60" meanSpeed="4.05" meanSpeedRelative="0.29" duration="2"/>
    <step time="21000.00" loaded="11837" inserted="11813" running="62" waiting="24" ended="11751" arrived="11751" collisions="0" teleports="0" halting="31" stopped="0" meanWaitingTime="29.06" meanTravelTime="109.58" meanSpeed="3.23" meanSpeedRelative="0.23" duration="3"/>
    <step time="21300.00" loaded="11998" inserted="11977" running="56" waiting="21" ended="11921" arrived="11921" collisions="0" teleports="0" halting="13" stopped="0" meanWaitingTime="29.30" meanTravelTime="109.46" meanSpeed="6.37" meanSpeedRelative="0.46" duration="3"/>
    <step time="21600.00" loaded="12220" inserted="12186" running="85" waiting="34" ended="12101" arrived="12101" collisions="0" teleports="0" halting="10" stopped="0" meanWaitingTime="29.56" meanTravelTime="109.23" meanSpeed="6.67" meanSpeedRelative="0.48" duration="4"/>
    <step time="21900.00" loaded="12404" inserted="12377" running="72" waiting="27" ended="12305" arrived="12305" collisions="0" teleports="0" halting="36" stopped="0" meanWaitingTime="29.69" meanTravelTime="109.24" meanSpeed="4.30" meanSpeedRelative="0.31" duration="3"/>
    <step time="22200.00" loaded="12596" inserted="12562" running="61" waiting="34" ended="12501" arrived="12501" collisions="0" teleports="0" halting="8" stopped="0" meanWaitingTime="29.94" meanTravelTime="109.16" meanSpeed="7.02" meanSpeedRelative="0.51" duration="3"/>
    <step time="22500.00" loaded="12771" inserted="12721" running="62" waiting="50" ended="12659" arrived="12659" collisions="0" teleports="0" halting="12" stopped="0" meanWaitingTime="30.25" meanTravelTime="109.20" meanSpeed="5.53" meanSpeedRelative="0.40" duration="2"/>
    <step time="22800.00" loaded="12966" inserted="12953" running="98" waiting="13" ended="12855" arrived="12855" collisions="0" teleports="0" halting="54" stopped="0" meanWaitingTime="30.63" meanTravelTime="109.18" meanSpeed="2.38" meanSpeedRelative="0.17" duration="3"/>
    <step time="23100.00" loaded="13152" inserted="13134" running="116" waiting="18" ended="13018" arrived="13018" collisions="0" teleports="0" halting="44" stopped="0" meanWaitingTime="30.64" meanTravelTime="110.07" meanSpeed="3.84" meanSpeedRelative="0.28" duration="5"/>
    <step time="23400.00" loaded="13340" inserted="13312" running="66" waiting="28" ended="13246" arrived="13246" collisions="0" teleports="0" halting="22" stopped="0" meanWaitingTime="30.72" meanTravelTime="110.57" meanSpeed="5.02" meanSpeedRelative="0.36" duration="1"/>
    <step time="23700.00" loaded="13569" inserted="13525" running="88" waiting="44" ended="13437" arrived="13437" collisions="0" teleports="0" halting="34" stopped="0" meanWaitingTime="30.82" meanTravelTime="110.49" meanSpeed="4.14" meanSpeedRelative="0.30" duration="4"/>
    <step time="24000.00" loaded="13743" inserted="13705" running="77" waiting="38" ended="13628" arrived="13628" collisions="0" teleports="0" halting="15" stopped="0" meanWaitingTime="31.20" meanTravelTime="110.63" meanSpeed="3.75" meanSpeedRelative="0.27" duration="3"/>
    <step time="24300.00" loaded="13950" inserted="13908" running="111" waiting="42" ended="13797" arrived="13797" collisions="0" teleports="0" halting="57" stopped="0" meanWaitingTime="31.57" meanTravelTime="111.02" meanSpeed="3.21" meanSpeedRelative="0.23" duration="4"/>
    <step time="24600.00" loaded="14173" inserted="14133" running="91" waiting="40" ended="14042" arrived="14042" collisions="0" teleports="0" halting="37" stopped="0" meanWaitingTime="31.96" meanTravelTime="111.37" meanSpeed="3.63" meanSpeedRelative="0.26" duration="3"/>
    <step time="24900.00" loaded="14386" inserted="14351" running="107" waiting="35" ended="14244" arrived="14244" collisions="0" teleports="0" halting="43" stopped="0" meanWaitingTime="32.40" meanTravelTime="111.82" meanSpeed="3.74" meanSpeedRelative="0.27" duration="5"/>
    <step time="25200.00" loaded="14582" inserted="14538" running="73" waiting="44" ended="14465" arrived="14465" collisions="0" teleports="0" halting="29" stopped="0" meanWaitingTime="32.51" meanTravelTime="112.09" meanSpeed="4.64" meanSpeedRelative="0.35" duration="2"/>
    <step time="25500.00" loaded="14758" inserted="14734" running="68" waiting="24" ended="14666" arrived="14666" collisions="0" teleports="0" halting="30" stopped="0" meanWaitingTime="32.84" meanTravelTime="112.22" meanSpeed="4.54" meanSpeedRelative="0.33" duration="4"/>
    <step time="25800.00" loaded="14992" inserted="14956" running="89" waiting="36" ended="14867" arrived="14867" collisions="0" teleports="0" halting="23" stopped="0" meanWaitingTime="32.97" meanTravelTime="112.16" meanSpeed="5.23" meanSpeedRelative="0.38" duration="3"/>
    <step time="26100.00" loaded="15206" inserted="15175" running="92" waiting="31" ended="15083" arrived="15083" collisions="0" teleports="0" halting="24" stopped="0" meanWaitingTime="33.24" meanTravelTime="112.15" meanSpeed="4.63" meanSpeedRelative="0.33" duration="2"/>
    <step time="26400.00" loaded="15402" inserted="15361" running="86" waiting="41" ended="15275" arrived="15275" collisions="0" teleports="0" halting="34" stopped="0" meanWaitingTime="33.44" meanTravelTime="112.63" meanSpeed="3.81" meanSpeedRelative="0.27" duration="3"/>
    <step time="26700.00" loaded="15619" inserted="15592" running="101" waiting="27" ended="15491" arrived="15491" collisions="0" teleports="0" halting="29" stopped="0" meanWaitingTime="33.83" meanTravelTime="112.62" meanSpeed="5.16" meanSpeedRelative="0.37" duration="4"/>
    <step time="27000.00" loaded="15836" inserted="15808" running="99" waiting="28" ended="15709" arrived="15709" collisions="0" teleports="0" halting="26" stopped="0" meanWaitingTime="34.03" meanTravelTime="112.68" meanSpeed="5.24" meanSpeedRelative="0.38" duration="4"/>
    <step time="27300.00" loaded="16058" inserted="16022" running="107" waiting="36" ended="15915" arrived="15915" collisions="0" teleports="0" halting="46" stopped="0" meanWaitingTime="34.18" meanTravelTime="112.52" meanSpeed="2.52" meanSpeedRelative="0.18" duration="4"/>
    <step time="27600.00" loaded="16256" inserted="16218" running="85" waiting="38" ended="16133" arrived="16133" collisions="0" teleports="0" halting="63" stopped="0" meanWaitingTime="34.30" meanTravelTime="112.88" meanSpeed="1.51" meanSpeedRelative="0.11" duration="4"/>
    <step time="27900.00" loaded="16463" inserted="16429" running="62" waiting="34" ended="16367" arrived="16367" collisions="0" teleports="0" halting="10" stopped="0" meanWaitingTime="34.49" meanTravelTime="112.96" meanSpeed="6.35" meanSpeedRelative="0.46" duration="3"/>
    <step time="28200.00" loaded="16686" inserted="16661" running="62" waiting="25" ended="16599" arrived="16599" collisions="0" teleports="0" halting="14" stopped="0" meanWaitingTime="34.70" meanTravelTime="112.82" meanSpeed="5.29" meanSpeedRelative="0.38" duration="3"/>
    <step time="28500.00" loaded="16885" inserted="16856" running="72" waiting="29" ended="16784" arrived="16784" collisions="0" teleports="0" halting="19" stopped="0" meanWaitingTime="34.77" meanTravelTime="112.70" meanSpeed="6.16" meanSpeedRelative="0.45" duration="3"/>
    <step time="28800.00" loaded="17098" inserted="17066" running="68" waiting="32" ended="16998" arrived="16998" collisions="0" teleports="0" halting="21" stopped="0" meanWaitingTime="34.78" meanTravelTime="112.70" meanSpeed="4.57" meanSpeedRelative="0.33" duration="4"/>
    <step time="29100.00" loaded="17323" inserted="17288" running="91" waiting="35" ended="17197" arrived="17197" collisions="0" teleports="0" halting="37" stopped="0" meanWaitingTime="34.76" meanTravelTime="112.76" meanSpeed="2.69" meanSpeedRelative="0.19" duration="4"/>
    <step time="29400.00" loaded="17527" inserted="17477" running="78" waiting="50" ended="17399" arrived="17399" collisions="0" teleports="0" halting="28" stopped="0" meanWaitingTime="34.98" meanTravelTime="112.88" meanSpeed="3.37" meanSpeedRelative="0.24" duration="4"/>
    <step time="29700.00" loaded="17712" inserted="17679" running="61" waiting="33" ended="17618" arrived="17618" collisions="0" teleports="0" halting="17" stopped="0" meanWaitingTime="35.16" meanTravelTime="113.06" meanSpeed="4.63" meanSpeedRelative="0.35" duration="2"/>
    <step time="30000.00" loaded="17887" inserted="17855" running="53" waiting="32" ended="17802" arrived="17802" collisions="0" teleports="0" halting="24" stopped="0" meanWaitingTime="35.30" meanTravelTime="113.02" meanSpeed="4.31" meanSpeedRelative="0.31" duration="2"/>
    <step time="30300.00" loaded="18085" inserted="18046" running="68" waiting="39" ended="17978" arrived="17978" collisions="0" teleports="0" halting="33" stopped="0" meanWaitingTime="35.62" meanTravelTime="112.94" meanSpeed="3.13" meanSpeedRelative="0.23" duration="2"/>
    <step time="30600.00" loaded="18300" inserted="18257" running="73" waiting="43" ended="18184" arrived="18184" collisions="0" teleports="0" halting="22" stopped="0" meanWaitingTime="35.87" meanTravelTime="112.76" meanSpeed="5.73" meanSpeedRelative="0.41" duration="4"/>
    <step time="30900.00" loaded="18520" inserted="18477" running="82" waiting="43" ended="18395" arrived="18395" collisions="0" teleports="0" halting="23" stopped="0" meanWaitingTime="36.13" meanTravelTime="112.58" meanSpeed="4.49" meanSpeedRelative="0.32" duration="4"/>
    <step time="31200.00" loaded="18690" inserted="18643" running="80" waiting="47" ended="18563" arrived="18563" collisions="0" teleports="0" halting="18" stopped="0" meanWaitingTime="36.28" meanTravelTime="112.58" meanSpeed="3.59" meanSpeedRelative="0.26" duration="3"/>
    <step time="31500.00" loaded="18867" inserted="18824" running="92" waiting="43" ended="18732" arrived="18732" collisions="0" teleports="0" halting="38" stopped="0" meanWaitingTime="36.58" meanTravelTime="113.06" meanSpeed="3.56" meanSpeedRelative="0.26" duration="4"/>
    <step time="31800.00" loaded="19025" inserted="18992" running="97" waiting="33" ended="18895" arrived="18895" collisions="0" teleports="0" halting="32" stopped="0" meanWaitingTime="36.92" meanTravelTime="113.56" meanSpeed="4.20" meanSpeedRelative="0.30" duration="4"/>
    <step time="32100.00" loaded="19206" inserted="19165" running="68" waiting="41" ended="19097" arrived="19097" collisions="0" teleports="0" halting="28" stopped="0" meanWaitingTime="37.26" meanTravelTime="113.84" meanSpeed="4.89" meanSpeedRelative="0.35" duration="3"/>
    <step time="32400.00" loaded="19372" inserted="19326" running="70" waiting="46" ended="19256" arrived="19256" collisions="0" teleports="0" halting="32" stopped="0" meanWaitingTime="37.47" meanTravelTime="113.72" meanSpeed="4.22" meanSpeedRelative="0.30" duration="3"/>
    <step time="32700.00" loaded="19550" inserted="19510" running="64" waiting="40" ended="19446" arrived="19446" collisions="0" teleports="0" halting="18" stopped="0" meanWaitingTime="37.70" meanTravelTime="113.85" meanSpeed="4.87" meanSpeedRelative="0.36" duration="2"/>
    <step time="33000.00" loaded="19718" inserted="19687" running="57" waiting="31" ended="19630" arrived="19630" collisions="0" teleports="0" halting="11" stopped="0" meanWaitingTime="37.95" meanTravelTime="113.93" meanSpeed="5.74" meanSpeedRelative="0.41" duration="1"/>
    <step time="33300.00" loaded="19849" inserted="19824" running="59" waiting="25" ended="19765" arrived="19765" collisions="0" teleports="0" halting="16" stopped="0" meanWaitingTime="38.08" meanTravelTime="113.93" meanSpeed="5.57" meanSpeedRelative="0.42" duration="3"/>
    <step time="33600.00" loaded="20042" inserted="20006" running="60" waiting="36" ended="19946" arrived="19946" collisions="0" teleports="0" halting="25" stopped="0" meanWaitingTime="38.21" meanTravelTime="113.86" meanSpeed="5.19" meanSpeedRelative="0.39" duration="3"/>
    <step time="33900.00" loaded="20201" inserted="20165" running="62" waiting="36" ended="20103" arrived="20103" collisions="0" teleports="0" halting="20" stopped="0" meanWaitingTime="38.37" meanTravelTime="113.80" meanSpeed="5.16" meanSpeedRelative="0.38" duration="2"/>
    <step time="34200.00" loaded="20358" inserted="20321" running="82" waiting="37" ended="20239" arrived="20239" collisions="0" teleports="0" halting="29" stopped="0" meanWaitingTime="38.55" meanTravelTime="113.79" meanSpeed="4.25" meanSpeedRelative="0.31" duration="3"/>
    <step time="34500.00" loaded="20529" inserted="20505" running="75" waiting="24" ended="20430" arrived="20430" collisions="0" teleports="0" halting="25" stopped="0" meanWaitingTime="38.79" meanTravelTime="113.97" meanSpeed="4.82" meanSpeedRelative="0.35" duration="3"/>
    <step time="34800.00" loaded="20681" inserted="20650" running="55" waiting="31" ended="20595" arrived="20595" collisions="0" teleports="0" halting="18" stopped="0" meanWaitingTime="38.94" meanTravelTime="114.03" meanSpeed="3.94" meanSpeedRelative="0.30" duration="3"/>
    <step time="35100.00" loaded="20818" inserted="20804" running="79" waiting="14" ended="20725" arrived="20725" collisions="0" teleports="0" halting="17" stopped="0" meanWaitingTime="39.05" meanTravelTime="114.08" meanSpeed="5.05" meanSpeedRelative="0.36" duration="4"/>
    <step time="35400.00" loaded="20955" inserted="20948" running="61" waiting="7" ended="20887" arrived="20887" collisions="0" teleports="0" halting="5" stopped="0" meanWaitingTime="38.86" meanTravelTime="114.17" meanSpeed="6.52" meanSpeedRelative="0.47" duration="3"/>
    <step time="35700.00" loaded="21099" inserted="21092" running="54" waiting="7" ended="21038" arrived="21038" collisions="0" teleports="0" halting="24" stopped="0" meanWaitingTime="38.72" meanTravelTime="114.39" meanSpeed="3.77" meanSpeedRelative="0.27" duration="3"/>
    <step time="36000.00" loaded="21255" inserted="21249" running="49" waiting="6" ended="21200" arrived="21200" collisions="0" teleports="0" halting="23" stopped="0" meanWaitingTime="38.57" meanTravelTime="114.31" meanSpeed="3.28" meanSpeedRelative="0.24" duration="3"/>
    <step time="36300.00" loaded="21427" inserted="21410" running="51" waiting="17" ended="21359" arrived="21359" collisions="0" teleports="0" halting="29" stopped="0" meanWaitingTime="38.43" meanTravelTime="114.17" meanSpeed="3.50" meanSpeedRelative="0.25" duration="2"/>
    <step time="36600.00" loaded="21574" inserted="21565" running="57" waiting="9" ended="21508" arrived="21508" collisions="0" teleports="0" halting="4" stopped="0" meanWaitingTime="38.34" meanTravelTime="114.16" meanSpeed="5.96" meanSpeedRelative="0.43" duration="2"/>
    <step time="36900.00" loaded="21712" inserted="21692" running="43" waiting="20" ended="21649" arrived="21649" collisions="0" teleports="0" halting="13" stopped="0" meanWaitingTime="38.19" meanTravelTime="114.22" meanSpeed="5.55" meanSpeedRelative="0.40" duration="3"/>
    <step time="37200.00" loaded="21832" inserted="21809" running="37" waiting="23" ended="21772" arrived="21772" collisions="0" teleports="0" halting="17" stopped="0" meanWaitingTime="38.17" meanTravelTime="114.14" meanSpeed="3.71" meanSpeedRelative="0.27" duration="3"/>
    <step time="37500.00" loaded="21973" inserted="21936" running="50" waiting="37" ended="21886" arrived="21886" collisions="0" teleports="0" halting="13" stopped="0" meanWaitingTime="38.33" meanTravelTime="114.12" meanSpeed="6.05" meanSpeedRelative="0.44" duration="2"/>
    <step time="37800.00" loaded="22129" inserted="22089" running="54" waiting="40" ended="22035" arrived="22035" collisions="0" teleports="0" halting="21" stopped="0" meanWaitingTime="38.57" meanTravelTime="114.10" meanSpeed="4.94" meanSpeedRelative="0.36" duration="3"/>
    <step time="38100.00" loaded="22273" inserted="22229" running="48" waiting="44" ended="22181" arrived="22181" collisions="0" teleports="0" halting="18" stopped="0" meanWaitingTime="38.77" meanTravelTime="113.96" meanSpeed="4.85" meanSpeedRelative="0.37" duration="2"/>
    <step time="38400.00" loaded="22398" inserted="22373" running="50" waiting="25" ended="22323" arrived="22323" collisions="0" teleports="0" halting="21" stopped="0" meanWaitingTime="39.06" meanTravelTime="113.92" meanSpeed="5.10" meanSpeedRelative="0.37" duration="3"/>
    <step time="38700.00" loaded="22498" inserted="22483" running="45" waiting="15" ended="22438" arrived="22438" collisions="0" teleports="0" halting="27" stopped="0" meanWaitingTime="39.16" meanTravelTime="113.92" meanSpeed="3.24" meanSpeedRelative="0.23" duration="2"/>
    <step time="39000.00" loaded="22605" inserted="22573" running="36" waiting="32" ended="22537" arrived="22537" collisions="0" teleports="0" halting="6" stopped="0" meanWaitingTime="39.34" meanTravelTime="113.93" meanSpeed="6.62" meanSpeedRelative="0.48" duration="2"/>
    <step time="39300.00" loaded="22731" inserted="22689" running="36" waiting="42" ended="22653" arrived="22653" collisions="0" teleports="0" halting="10" stopped="0" meanWaitingTime="39.59" meanTravelTime="113.90" meanSpeed="6.69" meanSpeedRelative="0.50" duration="1"/>
    <step time="39600.00" loaded="22842" inserted="22793" running="36" waiting="49" ended="22757" arrived="22757" collisions="0" teleports="0" halting="18" stopped="0" meanWaitingTime="39.86" meanTravelTime="113.83" meanSpeed="4.63" meanSpeedRelative="0.33" duration="1"/>
    <step time="39900.00" loaded="22964" inserted="22918" running="64" waiting="46" ended="22854" arrived="22854" collisions="0" teleports="0" halting="51" stopped="0" meanWaitingTime="40.30" meanTravelTime="113.76" meanSpeed="1.72" meanSpeedRelative="0.12" duration="2"/>
    <step time="40200.00" loaded="23053" inserted="23016" running="35" waiting="37" ended="22981" arrived="22981" collisions="0" teleports="0" halting="14" stopped="0" meanWaitingTime="40.76" meanTravelTime="113.94" meanSpeed="3.96" meanSpeedRelative="0.29" duration="1"/>
    <step time="40500.00" loaded="23153" inserted="23129" running="33" waiting="24" ended="23096" arrived="23096" collisions="0" teleports="0" halting="10" stopped="0" meanWaitingTime="41.05" meanTravelTime="114.02" meanSpeed="6.19" meanSpeedRelative="0.45" duration="1"/>
    <step time="40800.00" loaded="23262" inserted="23232" running="39" waiting="30" ended="23193" arrived="23193" collisions="0" teleports="0" halting="14" stopped="0" meanWaitingTime="41.30" meanTravelTime="113.96" meanSpeed="4.44" meanSpeedRelative="0.32" duration="1"/>
    <step time="41100.00" loaded="23345" inserted="23322" running="49" waiting="23" ended="23273" arrived="23273" collisions="0" teleports="0" halting="22" stopped="0" meanWaitingTime="41.46" meanTravelTime="114.02" meanSpeed="3.46" meanSpeedRelative="0.25" duration="2"/>
    <step time="41400.00" loaded="23407" inserted="23397" running="38" waiting="10" ended="23359" arrived="23359" collisions="0" teleports="0" halting="29" stopped="0" meanWaitingTime="41.54" meanTravelTime="114.29" meanSpeed="2.43" meanSpeedRelative="0.18" duration="1"/>
    <step time="41700.00" loaded="23505" inserted="23481" running="60" waiting="24" ended="23421" arrived="23421" collisions="0" teleports="0" halting="34" stopped="0" meanWaitingTime="41.67" meanTravelTime="114.38" meanSpeed="3.06" meanSpeedRelative="0.22" duration="1"/>
    <step time="42000.00" loaded="23587" inserted="23558" running="36" waiting="29" ended="23522" arrived="23522" collisions="0" teleports="0" halting="9" stopped="0" meanWaitingTime="41.84" meanTravelTime="114.74" meanSpeed="5.15" meanSpeedRelative="0.37" duration="1"/>
    <step time="42300.00" loaded="23690" inserted="23665" running="48" waiting="25" ended="23617" arrived="23617" collisions="0" teleports="0" halting="8" stopped="0" meanWaitingTime="42.08" meanTravelTime="114.74" meanSpeed="7.14" meanSpeedRelative="0.51" duration="3"/>
    <step time="42600.00" loaded="23803" inserted="23766" running="46" waiting="37" ended="23720" arrived="23720" collisions="0" teleports="0" halting="9" stopped="0" meanWaitingTime="42.28" meanTravelTime="114.74" meanSpeed="6.34" meanSpeedRelative="0.46" duration="2"/>
    <step time="42900.00" loaded="23904" inserted="23880" running="55" waiting="24" ended="23825" arrived="23825" collisions="0" teleports="0" halting="24" stopped="0" meanWaitingTime="42.55" meanTravelTime="114.81" meanSpeed="3.83" meanSpeedRelative="0.29" duration="4"/>
    <step time="43200.00" loaded="24005" inserted="23969" running="25" waiting="36" ended="23944" arrived="23944" collisions="0" teleports="0" halting="7" stopped="0" meanWaitingTime="42.67" meanTravelTime="114.87" meanSpeed="6.23" meanSpeedRelative="0.45" duration="1"/>
    <step time="43500.00" loaded="24084" inserted="24074" running="47" waiting="10" ended="24027" arrived="24027" collisions="0" teleports="0" halting="9" stopped="0" meanWaitingTime="42.79" meanTravelTime="114.81" meanSpeed="5.55" meanSpeedRelative="0.40" duration="1"/>
    <step time="43800.00" loaded="24184" inserted="24166" running="41" waiting="18" ended="24125" arrived="24125" collisions="0" teleports="0" halting="13" stopped="0" meanWaitingTime="42.83" meanTravelTime="114.88" meanSpeed="5.22" meanSpeedRelative="0.38" duration="2"/>
    <step time="44100.00" loaded="24288" inserted="24278" running="52" waiting="10" ended="24226" arrived="24226" collisions="0" teleports="0" halting="29" stopped="0" meanWaitingTime="42.86" meanTravelTime="114.86" meanSpeed="3.37" meanSpeedRelative="0.24" duration="1"/>
    <step time="44400.00" loaded="24399" inserted="24380" running="74" waiting="19" ended="24306" arrived="24306" collisions="0" teleports="0" halting="61" stopped="0" meanWaitingTime="42.87" meanTravelTime="114.84" meanSpeed="0.83" meanSpeedRelative="0.06" duration="1"/>
    <step time="44700.00" loaded="24502" inserted="24459" running="40" waiting="43" ended="24419" arrived="24419" collisions="0" teleports="0" halting="14" stopped="0" meanWaitingTime="43.02" meanTravelTime="115.39" meanSpeed="3.90" meanSpeedRelative="0.28" duration="2"/>
    <step time="45000.00" loaded="24607" inserted="24566" running="42" waiting="41" ended="24524" arrived="24524" collisions="0" teleports="0" halting="5" stopped="0" meanWaitingTime="43.34" meanTravelTime="115.56" meanSpeed="6.97" meanSpeedRelative="0.50" duration="2"/>
    <step time="45300.00" loaded="24695" inserted="24671" running="58" waiting="24" ended="24613" arrived="24613" collisions="0" teleports="0" halting="10" stopped="0" meanWaitingTime="43.58" meanTravelTime="115.63" meanSpeed="4.52" meanSpeedRelative="0.33" duration="2"/>
    <step time="45600.00" loaded="24777" inserted="24750" running="39" waiting="27" ended="24711" arrived="24711" collisions="0" teleports="0" halting="26" stopped="0" meanWaitingTime="43.67" meanTravelTime="115.83" meanSpeed="3.57" meanSpeedRelative="0.26" duration="3"/>
    <step time="45900.00" loaded="24863" inserted="24817" running="43" waiting="46" ended="24774" arrived="24774" collisions="0" teleports="0" halting="41" stopped="0" meanWaitingTime="43.87" meanTravelTime="115.87" meanSpeed="0.57" meanSpeedRelative="0.04" duration="1"/>
    <step time="46200.00" loaded="24943" inserted="24895" running="54" waiting="48" ended="24841" arrived="24841" collisions="0" teleports="0" halting="48" stopped="0" meanWaitingTime="44.10" meanTravelTime="115.72" meanSpeed="0.88" meanSpeedRelative="0.06" duration="1"/>
    <step time="46500.00" loaded="24991" inserted="24991" running="85" waiting="0" ended="24906" arrived="24906" collisions="0" teleports="0" halting="72" stopped="0" meanWaitingTime="44.44" meanTravelTime="115.59" meanSpeed="1.01" meanSpeedRelative="0.07" duration="2"/>
    <step time="46800.00" loaded="25012" inserted="25012" running="76" waiting="0" ended="24936" arrived="24936" collisions="0" teleports="0" halting="74" stopped="0" meanWaitingTime="44.40" meanTravelTime="115.53" meanSpeed="0.33" meanSpeedRelative="0.02" duration="2"/>
    <step time="47100.00" loaded="25030" inserted="25030" running="71" waiting="0" ended="24959" arrived="24959" collisions="0" teleports="0" halting="68" stopped="0" meanWaitingTime="44.37" meanTravelTime="115.46" meanSpeed="0.25" meanSpeedRelative="0.02" duration="1"/>
    <step time="47400.00" loaded="25046" inserted="25046" running="71" waiting="0" ended="24975" arrived="24975" collisions="0" teleports="0" halting="71" stopped="0" meanWaitingTime="44.34" meanTravelTime="115.41" meanSpeed="0.00" meanSpeedRelative="0.00" duration="2"/>
    <step time="47700.00" loaded="25060" inserted="25060" running="72" waiting="0" ended="24988" arrived="24988" collisions="0" teleports="0" halting="72" stopped="0" meanWaitingTime="44.32" meanTravelTime="115.37" meanSpeed="0.00" meanSpeedRelative="0.00" duration="1"/>
    <step time="48000.00" loaded="25074" inserted="25074" running="71" waiting="0" ended="25003" arrived="25003" collisions="0" teleports="0" halting="69" stopped="0" meanWaitingTime="44.29" meanTravelTime="115.34" meanSpeed="0.30" meanSpeedRelative="0.02" duration="2"/>
    <step time="48300.00" loaded="25088" inserted="25088" running="70" waiting="0" ended="25018" arrived="25018" collisions="0" teleports="0" halting="69" stopped="0" meanWaitingTime="44.27" meanTravelTime="115.29" meanSpeed="0.05" meanSpeedRelative="0.00" duration="2"/>
    <step time="48600.00" loaded="25104" inserted="25104" running="71" waiting="0" ended="25033" arrived="25033" collisions="0" teleports="0" halting="69" stopped="0" meanWaitingTime="44.24" meanTravelTime="115.24" meanSpeed="0.20" meanSpeedRelative="0.01" duration="1"/>
    <step time="48900.00" loaded="25119" inserted="25119" running="75" waiting="0" ended="25044" arrived="25044" collisions="0" teleports="0" halting="74" stopped="0" meanWaitingTime="44.21" meanTravelTime="115.20" meanSpeed="0.04" meanSpeedRelative="0.00" duration="1"/>
    <step time="49200.00" loaded="25128" inserted="25128" running="69" waiting="0" ended="25059" arrived="25059" collisions="0" teleports="0" halting="69" stopped="0" meanWaitingTime="44.20" meanTravelTime="115.17" meanSpeed="0.00" meanSpeedRelative="0.00" duration="1"/>
</summary>
