<?xml version="1.0" encoding="UTF-8"?>

<!-- generated on 2025-02-28 19:08:24 by Eclipse SUMO GUI Version 1.19.0
<configuration xmlns:xsi="http://www.w3.org/2001/XMLSchema-instance" xsi:noNamespaceSchemaLocation="http://sumo.dlr.de/xsd/sumoConfiguration.xsd">

    <input>
        <net-file value="Network.net.xml"/>
        <route-files value="CarRoutes.rou.xml"/>
        <additional-files value="Sensors.add.xml"/>
    </input>

    <output>
        <emission-output value="logs/Emissions.xml"/>
        <summary-output value="logs/Log_summary.xml"/>
        <summary-output.period value="300"/>
        <tripinfo-output value="logs/TripInfos.xml"/>
    </output>

    <time>
        <begin value="0"/>
        <end value="86400"/>
        <step-length value="0.25"/>
    </time>

    <processing>
        <ignore-junction-blocker value="0.1"/>
        <time-to-teleport value="-1"/>
    </processing>

    <report>
        <verbose value="true"/>
        <no-step-log value="true"/>
    </report>

    <emissions>
        <device.emissions.period value="10"/>
    </emissions>

    <traci_server>
        <remote-port value="59182"/>
    </traci_server>

    <gui_only>
        <quit-on-end value="true"/>
        <start value="true"/>
    </gui_only>

</configuration>
-->

<instantE1 xmlns:xsi="http://www.w3.org/2001/XMLSchema-instance" xsi:noNamespaceSchemaLocation="http://sumo.dlr.de/xsd/instant_e1_file.xsd">
    <instantOut id="235_D025" time="1206.28" state="enter" vehID="Car_690" speed="8.72" length="5.00" type="DEFAULT_CAR"/>
    <instantOut id="235_D025" time="1206.50" state="stay" vehID="Car_690" speed="8.72" length="5.00" type="DEFAULT_CAR"/>
    <instantOut id="235_D025" time="1206.75" state="stay" vehID="Car_690" speed="7.97" length="5.00" type="DEFAULT_CAR"/>
    <instantOut id="235_D025" time="1206.90" state="leave" vehID="Car_690" speed="7.22" length="5.00" type="DEFAULT_CAR" occupancy="0.62"/>
    <instantOut id="235_D025" time="7158.36" state="enter" vehID="Car_4441" speed="8.06" length="5.00" type="DEFAULT_CAR" gap="5951.46"/>
    <instantOut id="235_D025" time="7158.50" state="stay" vehID="Car_4441" speed="8.06" length="5.00" type="DEFAULT_CAR"/>
    <instantOut id="235_D025" time="7158.75" state="stay" vehID="Car_4441" speed="7.36" length="5.00" type="DEFAULT_CAR"/>
    <instantOut id="235_D025" time="7159.00" state="stay" vehID="Car_4441" speed="6.75" length="5.00" type="DEFAULT_CAR"/>
    <instantOut id="235_D025" time="7159.06" state="leave" vehID="Car_4441" speed="6.24" length="5.00" type="DEFAULT_CAR" occupancy="0.70"/>
    <instantOut id="235_D025" time="8064.53" state="enter" vehID="Car_5295" speed="6.97" length="5.00" type="DEFAULT_CAR" gap="905.47"/>
    <instantOut id="235_D025" time="8064.75" state="stay" vehID="Car_5295" speed="6.97" length="5.00" type="DEFAULT_CAR"/>
    <instantOut id="235_D025" time="8065.00" state="stay" vehID="Car_5295" speed="6.28" length="5.00" type="DEFAULT_CAR"/>
    <instantOut id="235_D025" time="8065.25" state="stay" vehID="Car_5295" speed="5.53" length="5.00" type="DEFAULT_CAR"/>
    <instantOut id="235_D025" time="8065.35" state="leave" vehID="Car_5295" speed="4.86" length="5.00" type="DEFAULT_CAR" occupancy="0.83"/>
    <instantOut id="235_D025" time="8613.01" state="enter" vehID="Car_5293" speed="7.51" length="5.00" type="DEFAULT_CAR" gap="547.65"/>
    <instantOut id="235_D025" time="8613.25" state="stay" vehID="Car_5293" speed="7.51" length="5.00" type="DEFAULT_CAR"/>
    <instantOut id="235_D025" time="8613.50" state="stay" vehID="Car_5293" speed="6.76" length="5.00" type="DEFAULT_CAR"/>
    <instantOut id="235_D025" time="8613.75" state="leave" vehID="Car_5293" speed="6.01" length="5.00" type="DEFAULT_CAR" occupancy="0.74"/>
    <instantOut id="235_D025" time="10785.03" state="enter" vehID="Car_5386" speed="7.29" length="5.00" type="DEFAULT_CAR" gap="2171.28"/>
    <instantOut id="235_D025" time="10785.25" state="stay" vehID="Car_5386" speed="7.29" length="5.00" type="DEFAULT_CAR"/>
    <instantOut id="235_D025" time="10785.50" state="stay" vehID="Car_5386" speed="7.99" length="5.00" type="DEFAULT_CAR"/>
    <instantOut id="235_D025" time="10785.66" state="leave" vehID="Car_5386" speed="8.55" length="5.00" type="DEFAULT_CAR" occupancy="0.63"/>
    <instantOut id="235_D025" time="10822.95" state="enter" vehID="Car_7385" speed="7.10" length="5.00" type="DEFAULT_CAR" gap="37.29"/>
    <instantOut id="235_D025" time="10823.00" state="stay" vehID="Car_7385" speed="7.10" length="5.00" type="DEFAULT_CAR"/>
    <instantOut id="235_D025" time="10823.25" state="stay" vehID="Car_7385" speed="7.14" length="5.00" type="DEFAULT_CAR"/>
    <instantOut id="235_D025" time="10823.50" state="stay" vehID="Car_7385" speed="6.39" length="5.00" type="DEFAULT_CAR"/>
    <instantOut id="235_D025" time="10823.73" state="leave" vehID="Car_7385" speed="5.64" length="5.00" type="DEFAULT_CAR" occupancy="0.77"/>
    <instantOut id="235_D025" time="11907.96" state="enter" vehID="Car_5978" speed="9.72" length="5.00" type="DEFAULT_CAR" gap="1084.23"/>
    <instantOut id="235_D025" time="11908.00" state="stay" vehID="Car_5978" speed="9.72" length="5.00" type="DEFAULT_CAR"/>
    <instantOut id="235_D025" time="11908.25" state="stay" vehID="Car_5978" speed="9.23" length="5.00" type="DEFAULT_CAR"/>
    <instantOut id="235_D025" time="11908.50" state="stay" vehID="Car_5978" speed="8.48" length="5.00" type="DEFAULT_CAR"/>
    <instantOut id="235_D025" time="11908.53" state="leave" vehID="Car_5978" speed="7.73" length="5.00" type="DEFAULT_CAR" occupancy="0.56"/>
    <instantOut id="235_D025" time="13044.93" state="enter" vehID="Car_6518" speed="10.19" length="5.00" type="DEFAULT_CAR" gap="1136.41"/>
    <instantOut id="235_D025" time="13045.00" state="stay" vehID="Car_6518" speed="10.19" length="5.00" type="DEFAULT_CAR"/>
    <instantOut id="235_D025" time="13045.25" state="stay" vehID="Car_6518" speed="9.92" length="5.00" type="DEFAULT_CAR"/>
    <instantOut id="235_D025" time="13045.45" state="leave" vehID="Car_6518" speed="9.26" length="5.00" type="DEFAULT_CAR" occupancy="0.52"/>
    <instantOut id="235_D025" time="14186.73" state="enter" vehID="Car_8966" speed="9.69" length="5.00" type="DEFAULT_CAR" gap="1141.28"/>
    <instantOut id="235_D025" time="14186.75" state="stay" vehID="Car_8966" speed="9.69" length="5.00" type="DEFAULT_CAR"/>
    <instantOut id="235_D025" time="14187.00" state="stay" vehID="Car_8966" speed="9.14" length="5.00" type="DEFAULT_CAR"/>
    <instantOut id="235_D025" time="14187.25" state="stay" vehID="Car_8966" speed="8.56" length="5.00" type="DEFAULT_CAR"/>
    <instantOut id="235_D025" time="14187.30" state="leave" vehID="Car_8966" speed="7.81" length="5.00" type="DEFAULT_CAR" occupancy="0.57"/>
    <instantOut id="235_D025" time="14826.20" state="enter" vehID="Car_9499" speed="10.01" length="5.00" type="DEFAULT_CAR" gap="638.90"/>
    <instantOut id="235_D025" time="14826.25" state="stay" vehID="Car_9499" speed="10.01" length="5.00" type="DEFAULT_CAR"/>
    <instantOut id="235_D025" time="14826.50" state="stay" vehID="Car_9499" speed="9.26" length="5.00" type="DEFAULT_CAR"/>
    <instantOut id="235_D025" time="14826.75" state="stay" vehID="Car_9499" speed="8.51" length="5.00" type="DEFAULT_CAR"/>
    <instantOut id="235_D025" time="14826.76" state="leave" vehID="Car_9499" speed="7.76" length="5.00" type="DEFAULT_CAR" occupancy="0.56"/>
    <instantOut id="235_D025" time="16372.47" state="enter" vehID="Car_8735" speed="9.53" length="5.00" type="DEFAULT_CAR" gap="1545.71"/>
    <instantOut id="235_D025" time="16372.50" state="stay" vehID="Car_8735" speed="9.53" length="5.00" type="DEFAULT_CAR"/>
    <instantOut id="235_D025" time="16372.75" state="stay" vehID="Car_8735" speed="9.74" length="5.00" type="DEFAULT_CAR"/>
    <instantOut id="235_D025" time="16373.00" state="stay" vehID="Car_8735" speed="9.00" length="5.00" type="DEFAULT_CAR"/>
    <instantOut id="235_D025" time="16373.01" state="leave" vehID="Car_8735" speed="8.45" length="5.00" type="DEFAULT_CAR" occupancy="0.53"/>
    <instantOut id="235_D025" time="16465.62" state="enter" vehID="Car_9189" speed="7.28" length="5.00" type="DEFAULT_CAR" gap="92.61"/>
    <instantOut id="235_D025" time="16465.75" state="stay" vehID="Car_9189" speed="7.28" length="5.00" type="DEFAULT_CAR"/>
    <instantOut id="235_D025" time="16466.00" state="stay" vehID="Car_9189" speed="6.53" length="5.00" type="DEFAULT_CAR"/>
    <instantOut id="235_D025" time="16466.25" state="stay" vehID="Car_9189" speed="5.78" length="5.00" type="DEFAULT_CAR"/>
    <instantOut id="235_D025" time="16466.44" state="leave" vehID="Car_9189" speed="5.03" length="5.00" type="DEFAULT_CAR" occupancy="0.82"/>
    <instantOut id="235_D025" time="16483.78" state="enter" vehID="Car_8734" speed="9.52" length="5.00" type="DEFAULT_CAR" gap="17.34"/>
    <instantOut id="235_D025" time="16484.00" state="stay" vehID="Car_8734" speed="9.52" length="5.00" type="DEFAULT_CAR"/>
    <instantOut id="235_D025" time="16484.25" state="stay" vehID="Car_8734" speed="8.77" length="5.00" type="DEFAULT_CAR"/>
    <instantOut id="235_D025" time="16484.34" state="leave" vehID="Car_8734" speed="8.02" length="5.00" type="DEFAULT_CAR" occupancy="0.56"/>
    <instantOut id="235_D025" time="16747.45" state="enter" vehID="Car_8302" speed="9.12" length="5.00" type="DEFAULT_CAR" gap="263.11"/>
    <instantOut id="235_D025" time="16747.50" state="stay" vehID="Car_8302" speed="9.12" length="5.00" type="DEFAULT_CAR"/>
    <instantOut id="235_D025" time="16747.75" state="stay" vehID="Car_8302" speed="8.37" length="5.00" type="DEFAULT_CAR"/>
    <instantOut id="235_D025" time="16748.00" state="stay" vehID="Car_8302" speed="7.62" length="5.00" type="DEFAULT_CAR"/>
    <instantOut id="235_D025" time="16748.09" state="leave" vehID="Car_8302" speed="6.87" length="5.00" type="DEFAULT_CAR" occupancy="0.63"/>
    <instantOut id="235_D025" time="16919.33" state="enter" vehID="Car_9186" speed="10.32" length="5.00" type="DEFAULT_CAR" gap="171.25"/>
    <instantOut id="235_D025" time="16919.50" state="stay" vehID="Car_9186" speed="10.32" length="5.00" type="DEFAULT_CAR"/>
    <instantOut id="235_D025" time="16919.75" state="stay" vehID="Car_9186" speed="9.57" length="5.00" type="DEFAULT_CAR"/>
    <instantOut id="235_D025" time="16919.85" state="leave" vehID="Car_9186" speed="8.82" length="5.00" type="DEFAULT_CAR" occupancy="0.52"/>
    <instantOut id="235_D025" time="17774.74" state="enter" vehID="Car_9849" speed="9.91" length="5.00" type="DEFAULT_CAR" gap="854.89"/>
    <instantOut id="235_D025" time="17774.75" state="stay" vehID="Car_9849" speed="9.91" length="5.00" type="DEFAULT_CAR"/>
    <instantOut id="235_D025" time="17775.00" state="stay" vehID="Car_9849" speed="10.54" length="5.00" type="DEFAULT_CAR"/>
    <instantOut id="235_D025" time="17775.21" state="leave" vehID="Car_9849" speed="11.01" length="5.00" type="DEFAULT_CAR" occupancy="0.47"/>
    <instantOut id="235_D025" time="19446.53" state="enter" vehID="Car_9856" speed="7.42" length="5.00" type="DEFAULT_CAR" gap="1671.33"/>
    <instantOut id="235_D025" time="19446.75" state="stay" vehID="Car_9856" speed="7.42" length="5.00" type="DEFAULT_CAR"/>
    <instantOut id="235_D025" time="19447.00" state="stay" vehID="Car_9856" speed="6.67" length="5.00" type="DEFAULT_CAR"/>
    <instantOut id="235_D025" time="19447.25" state="stay" vehID="Car_9856" speed="5.92" length="5.00" type="DEFAULT_CAR"/>
    <instantOut id="235_D025" time="19447.30" state="leave" vehID="Car_9856" speed="5.17" length="5.00" type="DEFAULT_CAR" occupancy="0.76"/>
    <instantOut id="235_D025" time="19566.72" state="enter" vehID="Car_9839" speed="9.51" length="5.00" type="DEFAULT_CAR" gap="119.42"/>
    <instantOut id="235_D025" time="19566.75" state="stay" vehID="Car_9839" speed="9.51" length="5.00" type="DEFAULT_CAR"/>
    <instantOut id="235_D025" time="19567.00" state="stay" vehID="Car_9839" speed="9.88" length="5.00" type="DEFAULT_CAR"/>
    <instantOut id="235_D025" time="19567.24" state="leave" vehID="Car_9839" speed="9.14" length="5.00" type="DEFAULT_CAR" occupancy="0.53"/>
    <instantOut id="235_D025" time="21142.74" state="enter" vehID="Car_12493" speed="8.23" length="5.00" type="DEFAULT_CAR" gap="1575.49"/>
    <instantOut id="235_D025" time="21142.75" state="stay" vehID="Car_12493" speed="8.23" length="5.00" type="DEFAULT_CAR"/>
    <instantOut id="235_D025" time="21143.00" state="stay" vehID="Car_12493" speed="7.89" length="5.00" type="DEFAULT_CAR"/>
    <instantOut id="235_D025" time="21143.25" state="stay" vehID="Car_12493" speed="7.18" length="5.00" type="DEFAULT_CAR"/>
    <instantOut id="235_D025" time="21143.42" state="leave" vehID="Car_12493" speed="6.43" length="5.00" type="DEFAULT_CAR" occupancy="0.69"/>
    <instantOut id="235_D025" time="22279.01" state="enter" vehID="Car_11651" speed="7.84" length="5.00" type="DEFAULT_CAR" gap="1135.58"/>
    <instantOut id="235_D025" time="22279.25" state="stay" vehID="Car_11651" speed="7.84" length="5.00" type="DEFAULT_CAR"/>
    <instantOut id="235_D025" time="22279.50" state="stay" vehID="Car_11651" speed="7.09" length="5.00" type="DEFAULT_CAR"/>
    <instantOut id="235_D025" time="22279.71" state="leave" vehID="Car_11651" speed="6.34" length="5.00" type="DEFAULT_CAR" occupancy="0.70"/>
    <instantOut id="235_D025" time="22580.79" state="enter" vehID="Car_12622" speed="7.54" length="5.00" type="DEFAULT_CAR" gap="301.08"/>
    <instantOut id="235_D025" time="22581.00" state="stay" vehID="Car_12622" speed="7.54" length="5.00" type="DEFAULT_CAR"/>
    <instantOut id="235_D025" time="22581.25" state="stay" vehID="Car_12622" speed="6.79" length="5.00" type="DEFAULT_CAR"/>
    <instantOut id="235_D025" time="22581.50" state="stay" vehID="Car_12622" speed="6.04" length="5.00" type="DEFAULT_CAR"/>
    <instantOut id="235_D025" time="22581.54" state="leave" vehID="Car_12622" speed="5.29" length="5.00" type="DEFAULT_CAR" occupancy="0.75"/>
    <instantOut id="235_D025" time="22938.20" state="enter" vehID="Car_11844" speed="9.88" length="5.00" type="DEFAULT_CAR" gap="356.67"/>
    <instantOut id="235_D025" time="22938.25" state="stay" vehID="Car_11844" speed="9.88" length="5.00" type="DEFAULT_CAR"/>
    <instantOut id="235_D025" time="22938.50" state="stay" vehID="Car_11844" speed="10.27" length="5.00" type="DEFAULT_CAR"/>
    <instantOut id="235_D025" time="22938.71" state="leave" vehID="Car_11844" speed="9.52" length="5.00" type="DEFAULT_CAR" occupancy="0.50"/>
    <instantOut id="235_D025" time="22946.29" state="enter" vehID="Car_11852" speed="7.49" length="5.00" type="DEFAULT_CAR" gap="7.58"/>
    <instantOut id="235_D025" time="22946.50" state="stay" vehID="Car_11852" speed="7.49" length="5.00" type="DEFAULT_CAR"/>
    <instantOut id="235_D025" time="22946.75" state="stay" vehID="Car_11852" speed="6.74" length="5.00" type="DEFAULT_CAR"/>
    <instantOut id="235_D025" time="22947.00" state="stay" vehID="Car_11852" speed="5.99" length="5.00" type="DEFAULT_CAR"/>
    <instantOut id="235_D025" time="22947.04" state="leave" vehID="Car_11852" speed="5.31" length="5.00" type="DEFAULT_CAR" occupancy="0.75"/>
    <instantOut id="235_D025" time="23143.95" state="enter" vehID="Car_12619" speed="7.32" length="5.00" type="DEFAULT_CAR" gap="196.91"/>
    <instantOut id="235_D025" time="23144.00" state="stay" vehID="Car_12619" speed="7.32" length="5.00" type="DEFAULT_CAR"/>
    <instantOut id="235_D025" time="23144.25" state="stay" vehID="Car_12619" speed="7.86" length="5.00" type="DEFAULT_CAR"/>
    <instantOut id="235_D025" time="23144.50" state="stay" vehID="Car_12619" speed="8.74" length="5.00" type="DEFAULT_CAR"/>
    <instantOut id="235_D025" time="23144.55" state="leave" vehID="Car_12619" speed="9.65" length="5.00" type="DEFAULT_CAR" occupancy="0.60"/>
    <instantOut id="235_D025" time="23554.73" state="enter" vehID="Car_11848" speed="9.59" length="5.00" type="DEFAULT_CAR" gap="410.18"/>
    <instantOut id="235_D025" time="23554.75" state="stay" vehID="Car_11848" speed="9.59" length="5.00" type="DEFAULT_CAR"/>
    <instantOut id="235_D025" time="23555.00" state="stay" vehID="Car_11848" speed="10.36" length="5.00" type="DEFAULT_CAR"/>
    <instantOut id="235_D025" time="23555.22" state="leave" vehID="Car_11848" speed="9.97" length="5.00" type="DEFAULT_CAR" occupancy="0.49"/>
    <instantOut id="235_D025" time="23871.72" state="enter" vehID="Car_12617" speed="9.18" length="5.00" type="DEFAULT_CAR" gap="316.50"/>
    <instantOut id="235_D025" time="23871.75" state="stay" vehID="Car_12617" speed="9.18" length="5.00" type="DEFAULT_CAR"/>
    <instantOut id="235_D025" time="23872.00" state="stay" vehID="Car_12617" speed="8.50" length="5.00" type="DEFAULT_CAR"/>
    <instantOut id="235_D025" time="23872.25" state="stay" vehID="Car_12617" speed="7.82" length="5.00" type="DEFAULT_CAR"/>
    <instantOut id="235_D025" time="23872.34" state="leave" vehID="Car_12617" speed="7.07" length="5.00" type="DEFAULT_CAR" occupancy="0.62"/>
    <instantOut id="235_D025" time="25551.05" state="enter" vehID="Car_15502" speed="7.99" length="5.00" type="DEFAULT_CAR" gap="1678.71"/>
    <instantOut id="235_D025" time="25551.25" state="stay" vehID="Car_15502" speed="7.99" length="5.00" type="DEFAULT_CAR"/>
    <instantOut id="235_D025" time="25551.50" state="stay" vehID="Car_15502" speed="7.24" length="5.00" type="DEFAULT_CAR"/>
    <instantOut id="235_D025" time="25551.75" state="stay" vehID="Car_15502" speed="6.49" length="5.00" type="DEFAULT_CAR"/>
    <instantOut id="235_D025" time="25551.75" state="leave" vehID="Car_15502" speed="5.74" length="5.00" type="DEFAULT_CAR" occupancy="0.70"/>
    <instantOut id="235_D025" time="25920.96" state="enter" vehID="Car_15963" speed="9.66" length="5.00" type="DEFAULT_CAR" gap="369.21"/>
    <instantOut id="235_D025" time="25921.00" state="stay" vehID="Car_15963" speed="9.66" length="5.00" type="DEFAULT_CAR"/>
    <instantOut id="235_D025" time="25921.25" state="stay" vehID="Car_15963" speed="8.91" length="5.00" type="DEFAULT_CAR"/>
    <instantOut id="235_D025" time="25921.50" state="stay" vehID="Car_15963" speed="8.16" length="5.00" type="DEFAULT_CAR"/>
    <instantOut id="235_D025" time="25921.54" state="leave" vehID="Car_15963" speed="7.41" length="5.00" type="DEFAULT_CAR" occupancy="0.59"/>
    <instantOut id="235_D025" time="27565.84" state="enter" vehID="Car_16147" speed="6.87" length="5.00" type="DEFAULT_CAR" gap="1644.30"/>
    <instantOut id="235_D025" time="27566.00" state="stay" vehID="Car_16147" speed="6.87" length="5.00" type="DEFAULT_CAR"/>
    <instantOut id="235_D025" time="27566.25" state="stay" vehID="Car_16147" speed="6.12" length="5.00" type="DEFAULT_CAR"/>
    <instantOut id="235_D025" time="27566.50" state="stay" vehID="Car_16147" speed="5.37" length="5.00" type="DEFAULT_CAR"/>
    <instantOut id="235_D025" time="27566.72" state="leave" vehID="Car_16147" speed="4.66" length="5.00" type="DEFAULT_CAR" occupancy="0.88"/>
    <instantOut id="235_D025" time="28425.75" state="enter" vehID="Car_17942" speed="8.22" length="5.00" type="DEFAULT_CAR" gap="859.02"/>
    <instantOut id="235_D025" time="28425.75" state="stay" vehID="Car_17942" speed="8.22" length="5.00" type="DEFAULT_CAR"/>
    <instantOut id="235_D025" time="28426.00" state="stay" vehID="Car_17942" speed="7.50" length="5.00" type="DEFAULT_CAR"/>
    <instantOut id="235_D025" time="28426.25" state="stay" vehID="Car_17942" speed="6.75" length="5.00" type="DEFAULT_CAR"/>
    <instantOut id="235_D025" time="28426.48" state="leave" vehID="Car_17942" speed="6.06" length="5.00" type="DEFAULT_CAR" occupancy="0.74"/>
    <instantOut id="235_D025" time="31477.02" state="enter" vehID="Car_20461" speed="7.64" length="5.00" type="DEFAULT_CAR" gap="3050.53"/>
    <instantOut id="235_D025" time="31477.25" state="stay" vehID="Car_20461" speed="7.64" length="5.00" type="DEFAULT_CAR"/>
    <instantOut id="235_D025" time="31477.50" state="stay" vehID="Car_20461" speed="6.89" length="5.00" type="DEFAULT_CAR"/>
    <instantOut id="235_D025" time="31477.74" state="leave" vehID="Car_20461" speed="6.14" length="5.00" type="DEFAULT_CAR" occupancy="0.73"/>
    <instantOut id="235_D025" time="33688.46" state="enter" vehID="Car_19792" speed="8.72" length="5.00" type="DEFAULT_CAR" gap="2210.72"/>
    <instantOut id="235_D025" time="33688.50" state="stay" vehID="Car_19792" speed="8.72" length="5.00" type="DEFAULT_CAR"/>
    <instantOut id="235_D025" time="33688.75" state="stay" vehID="Car_19792" speed="8.12" length="5.00" type="DEFAULT_CAR"/>
    <instantOut id="235_D025" time="33689.00" state="stay" vehID="Car_19792" speed="7.37" length="5.00" type="DEFAULT_CAR"/>
    <instantOut id="235_D025" time="33689.12" state="leave" vehID="Car_19792" speed="6.62" length="5.00" type="DEFAULT_CAR" occupancy="0.66"/>
    <instantOut id="235_D025" time="35945.47" state="enter" vehID="Car_21511" speed="9.98" length="5.00" type="DEFAULT_CAR" gap="2256.35"/>
    <instantOut id="235_D025" time="35945.50" state="stay" vehID="Car_21511" speed="9.98" length="5.00" type="DEFAULT_CAR"/>
    <instantOut id="235_D025" time="35945.75" state="stay" vehID="Car_21511" speed="9.53" length="5.00" type="DEFAULT_CAR"/>
    <instantOut id="235_D025" time="35946.00" state="stay" vehID="Car_21511" speed="8.78" length="5.00" type="DEFAULT_CAR"/>
    <instantOut id="235_D025" time="35946.01" state="leave" vehID="Car_21511" speed="8.03" length="5.00" type="DEFAULT_CAR" occupancy="0.54"/>
    <instantOut id="235_D025" time="37178.20" state="enter" vehID="Car_21515" speed="9.92" length="5.00" type="DEFAULT_CAR" gap="1232.19"/>
    <instantOut id="235_D025" time="37178.25" state="stay" vehID="Car_21515" speed="9.92" length="5.00" type="DEFAULT_CAR"/>
    <instantOut id="235_D025" time="37178.50" state="stay" vehID="Car_21515" speed="9.30" length="5.00" type="DEFAULT_CAR"/>
    <instantOut id="235_D025" time="37178.75" state="stay" vehID="Car_21515" speed="8.55" length="5.00" type="DEFAULT_CAR"/>
    <instantOut id="235_D025" time="37178.76" state="leave" vehID="Car_21515" speed="7.80" length="5.00" type="DEFAULT_CAR" occupancy="0.56"/>
    <instantOut id="235_D025" time="39377.75" state="enter" vehID="Car_23406" speed="8.66" length="5.00" type="DEFAULT_CAR" gap="2198.99"/>
    <instantOut id="235_D025" time="39377.75" state="stay" vehID="Car_23406" speed="8.66" length="5.00" type="DEFAULT_CAR"/>
    <instantOut id="235_D025" time="39378.00" state="stay" vehID="Car_23406" speed="7.99" length="5.00" type="DEFAULT_CAR"/>
    <instantOut id="235_D025" time="39378.25" state="stay" vehID="Car_23406" speed="7.46" length="5.00" type="DEFAULT_CAR"/>
    <instantOut id="235_D025" time="39378.41" state="leave" vehID="Car_23406" speed="6.80" length="5.00" type="DEFAULT_CAR" occupancy="0.67"/>
    <instantOut id="235_D025" time="40589.98" state="enter" vehID="Car_23409" speed="9.61" length="5.00" type="DEFAULT_CAR" gap="1211.57"/>
    <instantOut id="235_D025" time="40590.00" state="stay" vehID="Car_23409" speed="9.61" length="5.00" type="DEFAULT_CAR"/>
    <instantOut id="235_D025" time="40590.25" state="stay" vehID="Car_23409" speed="9.06" length="5.00" type="DEFAULT_CAR"/>
    <instantOut id="235_D025" time="40590.50" state="stay" vehID="Car_23409" speed="8.63" length="5.00" type="DEFAULT_CAR"/>
    <instantOut id="235_D025" time="40590.55" state="leave" vehID="Car_23409" speed="7.88" length="5.00" type="DEFAULT_CAR" occupancy="0.57"/>
    <instantOut id="235_D025" time="41371.49" state="enter" vehID="Car_23322" speed="8.65" length="5.00" type="DEFAULT_CAR" gap="780.94"/>
    <instantOut id="235_D025" time="41371.50" state="stay" vehID="Car_23322" speed="8.65" length="5.00" type="DEFAULT_CAR"/>
    <instantOut id="235_D025" time="41371.75" state="stay" vehID="Car_23322" speed="8.24" length="5.00" type="DEFAULT_CAR"/>
    <instantOut id="235_D025" time="41372.00" state="stay" vehID="Car_23322" speed="7.49" length="5.00" type="DEFAULT_CAR"/>
    <instantOut id="235_D025" time="41372.15" state="leave" vehID="Car_23322" speed="6.74" length="5.00" type="DEFAULT_CAR" occupancy="0.66"/>
</instantE1>
