<?xml version="1.0" encoding="UTF-8"?>

<!-- generated on 2025-02-28 20:44:22 by Eclipse SUMO GUI Version 1.19.0
<configuration xmlns:xsi="http://www.w3.org/2001/XMLSchema-instance" xsi:noNamespaceSchemaLocation="http://sumo.dlr.de/xsd/sumoConfiguration.xsd">

    <input>
        <net-file value="Network.net.xml"/>
        <route-files value="CarRoutes.rou.xml"/>
        <additional-files value="Sensors.add.xml"/>
    </input>

    <output>
        <emission-output value="logs/Emissions.xml"/>
        <summary-output value="logs/Log_summary.xml"/>
        <summary-output.period value="300"/>
        <tripinfo-output value="logs/TripInfos.xml"/>
    </output>

    <time>
        <begin value="0"/>
        <end value="86400"/>
        <step-length value="0.25"/>
    </time>

    <processing>
        <ignore-junction-blocker value="0.1"/>
        <time-to-teleport value="-1"/>
    </processing>

    <report>
        <verbose value="true"/>
        <no-step-log value="true"/>
    </report>

    <emissions>
        <device.emissions.period value="10"/>
    </emissions>

    <traci_server>
        <remote-port value="59993"/>
    </traci_server>

    <gui_only>
        <quit-on-end value="true"/>
        <start value="true"/>
    </gui_only>

</configuration>
-->

<instantE1 xmlns:xsi="http://www.w3.org/2001/XMLSchema-instance" xsi:noNamespaceSchemaLocation="http://sumo.dlr.de/xsd/instant_e1_file.xsd">
    <instantOut id="235_D025" time="2343.48" state="enter" vehID="Car_1255" speed="9.68" length="5.00" type="DEFAULT_CAR"/>
    <instantOut id="235_D025" time="2343.50" state="stay" vehID="Car_1255" speed="9.68" length="5.00" type="DEFAULT_CAR"/>
    <instantOut id="235_D025" time="2343.75" state="stay" vehID="Car_1255" speed="9.18" length="5.00" type="DEFAULT_CAR"/>
    <instantOut id="235_D025" time="2344.00" state="stay" vehID="Car_1255" speed="8.51" length="5.00" type="DEFAULT_CAR"/>
    <instantOut id="235_D025" time="2344.05" state="leave" vehID="Car_1255" speed="7.81" length="5.00" type="DEFAULT_CAR" occupancy="0.57"/>
    <instantOut id="235_D025" time="2651.00" state="enter" vehID="Car_1761" speed="8.16" length="5.00" type="DEFAULT_CAR" gap="306.96"/>
    <instantOut id="235_D025" time="2651.25" state="stay" vehID="Car_1761" speed="8.16" length="5.00" type="DEFAULT_CAR"/>
    <instantOut id="235_D025" time="2651.50" state="stay" vehID="Car_1761" speed="7.59" length="5.00" type="DEFAULT_CAR"/>
    <instantOut id="235_D025" time="2651.65" state="leave" vehID="Car_1761" speed="7.12" length="5.00" type="DEFAULT_CAR" occupancy="0.65"/>
    <instantOut id="235_D025" time="3674.97" state="enter" vehID="Car_2011" speed="8.83" length="5.00" type="DEFAULT_CAR" gap="1023.32"/>
    <instantOut id="235_D025" time="3675.00" state="stay" vehID="Car_2011" speed="8.83" length="5.00" type="DEFAULT_CAR"/>
    <instantOut id="235_D025" time="3675.25" state="stay" vehID="Car_2011" speed="8.12" length="5.00" type="DEFAULT_CAR"/>
    <instantOut id="235_D025" time="3675.50" state="stay" vehID="Car_2011" speed="7.37" length="5.00" type="DEFAULT_CAR"/>
    <instantOut id="235_D025" time="3675.64" state="leave" vehID="Car_2011" speed="6.62" length="5.00" type="DEFAULT_CAR" occupancy="0.66"/>
    <instantOut id="235_D025" time="6485.25" state="enter" vehID="Car_3520" speed="9.34" length="5.00" type="DEFAULT_CAR" gap="2809.62"/>
    <instantOut id="235_D025" time="6485.50" state="stay" vehID="Car_3520" speed="9.34" length="5.00" type="DEFAULT_CAR"/>
    <instantOut id="235_D025" time="6485.75" state="stay" vehID="Car_3520" speed="8.67" length="5.00" type="DEFAULT_CAR"/>
    <instantOut id="235_D025" time="6485.82" state="leave" vehID="Car_3520" speed="7.92" length="5.00" type="DEFAULT_CAR" occupancy="0.56"/>
    <instantOut id="235_D025" time="6968.94" state="enter" vehID="Car_3841" speed="10.36" length="5.00" type="DEFAULT_CAR" gap="483.12"/>
    <instantOut id="235_D025" time="6969.00" state="stay" vehID="Car_3841" speed="10.36" length="5.00" type="DEFAULT_CAR"/>
    <instantOut id="235_D025" time="6969.25" state="stay" vehID="Car_3841" speed="9.67" length="5.00" type="DEFAULT_CAR"/>
    <instantOut id="235_D025" time="6969.47" state="leave" vehID="Car_3841" speed="8.92" length="5.00" type="DEFAULT_CAR" occupancy="0.53"/>
    <instantOut id="235_D025" time="7100.48" state="enter" vehID="Car_4218" speed="10.03" length="5.00" type="DEFAULT_CAR" gap="131.01"/>
    <instantOut id="235_D025" time="7100.50" state="stay" vehID="Car_4218" speed="10.03" length="5.00" type="DEFAULT_CAR"/>
    <instantOut id="235_D025" time="7100.75" state="stay" vehID="Car_4218" speed="9.33" length="5.00" type="DEFAULT_CAR"/>
    <instantOut id="235_D025" time="7101.00" state="stay" vehID="Car_4218" speed="8.64" length="5.00" type="DEFAULT_CAR"/>
    <instantOut id="235_D025" time="7101.04" state="leave" vehID="Car_4218" speed="7.89" length="5.00" type="DEFAULT_CAR" occupancy="0.56"/>
    <instantOut id="235_D025" time="7901.26" state="enter" vehID="Car_4153" speed="9.99" length="5.00" type="DEFAULT_CAR" gap="800.22"/>
    <instantOut id="235_D025" time="7901.50" state="stay" vehID="Car_4153" speed="9.99" length="5.00" type="DEFAULT_CAR"/>
    <instantOut id="235_D025" time="7901.74" state="leave" vehID="Car_4153" speed="10.69" length="5.00" type="DEFAULT_CAR" occupancy="0.48"/>
    <instantOut id="235_D025" time="8040.98" state="enter" vehID="Car_4812" speed="10.07" length="5.00" type="DEFAULT_CAR" gap="139.23"/>
    <instantOut id="235_D025" time="8041.00" state="stay" vehID="Car_4812" speed="10.07" length="5.00" type="DEFAULT_CAR"/>
    <instantOut id="235_D025" time="8041.25" state="stay" vehID="Car_4812" speed="9.32" length="5.00" type="DEFAULT_CAR"/>
    <instantOut id="235_D025" time="8041.50" state="stay" vehID="Car_4812" speed="8.69" length="5.00" type="DEFAULT_CAR"/>
    <instantOut id="235_D025" time="8041.53" state="leave" vehID="Car_4812" speed="7.94" length="5.00" type="DEFAULT_CAR" occupancy="0.56"/>
    <instantOut id="235_D025" time="8117.41" state="enter" vehID="Car_4811" speed="6.17" length="5.00" type="DEFAULT_CAR" gap="75.87"/>
    <instantOut id="235_D025" time="8117.50" state="stay" vehID="Car_4811" speed="6.17" length="5.00" type="DEFAULT_CAR"/>
    <instantOut id="235_D025" time="8117.75" state="stay" vehID="Car_4811" speed="6.06" length="5.00" type="DEFAULT_CAR"/>
    <instantOut id="235_D025" time="8118.00" state="stay" vehID="Car_4811" speed="5.31" length="5.00" type="DEFAULT_CAR"/>
    <instantOut id="235_D025" time="8118.25" state="stay" vehID="Car_4811" speed="4.56" length="5.00" type="DEFAULT_CAR"/>
    <instantOut id="235_D025" time="8118.37" state="leave" vehID="Car_4811" speed="3.81" length="5.00" type="DEFAULT_CAR" occupancy="0.96"/>
    <instantOut id="235_D025" time="8127.22" state="enter" vehID="Car_4827" speed="9.46" length="5.00" type="DEFAULT_CAR" gap="8.86"/>
    <instantOut id="235_D025" time="8127.25" state="stay" vehID="Car_4827" speed="9.46" length="5.00" type="DEFAULT_CAR"/>
    <instantOut id="235_D025" time="8127.50" state="stay" vehID="Car_4827" speed="8.71" length="5.00" type="DEFAULT_CAR"/>
    <instantOut id="235_D025" time="8127.75" state="stay" vehID="Car_4827" speed="7.96" length="5.00" type="DEFAULT_CAR"/>
    <instantOut id="235_D025" time="8127.83" state="leave" vehID="Car_4827" speed="7.21" length="5.00" type="DEFAULT_CAR" occupancy="0.61"/>
    <instantOut id="235_D025" time="12670.97" state="enter" vehID="Car_7287" speed="7.12" length="5.00" type="DEFAULT_CAR" gap="4543.14"/>
    <instantOut id="235_D025" time="12671.00" state="stay" vehID="Car_7287" speed="7.12" length="5.00" type="DEFAULT_CAR"/>
    <instantOut id="235_D025" time="12671.25" state="stay" vehID="Car_7287" speed="7.62" length="5.00" type="DEFAULT_CAR"/>
    <instantOut id="235_D025" time="12671.50" state="stay" vehID="Car_7287" speed="6.95" length="5.00" type="DEFAULT_CAR"/>
    <instantOut id="235_D025" time="12671.69" state="leave" vehID="Car_7287" speed="6.20" length="5.00" type="DEFAULT_CAR" occupancy="0.71"/>
    <instantOut id="235_D025" time="14845.70" state="enter" vehID="Car_8362" speed="8.82" length="5.00" type="DEFAULT_CAR" gap="2174.01"/>
    <instantOut id="235_D025" time="14845.75" state="stay" vehID="Car_8362" speed="8.82" length="5.00" type="DEFAULT_CAR"/>
    <instantOut id="235_D025" time="14846.00" state="stay" vehID="Car_8362" speed="8.07" length="5.00" type="DEFAULT_CAR"/>
    <instantOut id="235_D025" time="14846.25" state="stay" vehID="Car_8362" speed="7.32" length="5.00" type="DEFAULT_CAR"/>
    <instantOut id="235_D025" time="14846.35" state="leave" vehID="Car_8362" speed="6.57" length="5.00" type="DEFAULT_CAR" occupancy="0.66"/>
    <instantOut id="235_D025" time="15869.23" state="enter" vehID="Car_8847" speed="9.28" length="5.00" type="DEFAULT_CAR" gap="1022.88"/>
    <instantOut id="235_D025" time="15869.25" state="stay" vehID="Car_8847" speed="9.28" length="5.00" type="DEFAULT_CAR"/>
    <instantOut id="235_D025" time="15869.50" state="stay" vehID="Car_8847" speed="10.19" length="5.00" type="DEFAULT_CAR"/>
    <instantOut id="235_D025" time="15869.73" state="leave" vehID="Car_8847" speed="10.04" length="5.00" type="DEFAULT_CAR" occupancy="0.50"/>
    <instantOut id="235_D025" time="16187.79" state="enter" vehID="Car_9399" speed="7.00" length="5.00" type="DEFAULT_CAR" gap="318.06"/>
    <instantOut id="235_D025" time="16188.00" state="stay" vehID="Car_9399" speed="7.00" length="5.00" type="DEFAULT_CAR"/>
    <instantOut id="235_D025" time="16188.25" state="stay" vehID="Car_9399" speed="6.48" length="5.00" type="DEFAULT_CAR"/>
    <instantOut id="235_D025" time="16188.50" state="stay" vehID="Car_9399" speed="5.73" length="5.00" type="DEFAULT_CAR"/>
    <instantOut id="235_D025" time="16188.59" state="leave" vehID="Car_9399" speed="4.98" length="5.00" type="DEFAULT_CAR" occupancy="0.80"/>
    <instantOut id="235_D025" time="17367.04" state="enter" vehID="Car_9519" speed="6.85" length="5.00" type="DEFAULT_CAR" gap="1178.45"/>
    <instantOut id="235_D025" time="17367.25" state="stay" vehID="Car_9519" speed="6.85" length="5.00" type="DEFAULT_CAR"/>
    <instantOut id="235_D025" time="17367.50" state="stay" vehID="Car_9519" speed="6.11" length="5.00" type="DEFAULT_CAR"/>
    <instantOut id="235_D025" time="17367.75" state="stay" vehID="Car_9519" speed="5.79" length="5.00" type="DEFAULT_CAR"/>
    <instantOut id="235_D025" time="17367.86" state="leave" vehID="Car_9519" speed="5.10" length="5.00" type="DEFAULT_CAR" occupancy="0.82"/>
    <instantOut id="235_D025" time="17993.23" state="enter" vehID="Car_10373" speed="9.78" length="5.00" type="DEFAULT_CAR" gap="625.37"/>
    <instantOut id="235_D025" time="17993.25" state="stay" vehID="Car_10373" speed="9.78" length="5.00" type="DEFAULT_CAR"/>
    <instantOut id="235_D025" time="17993.50" state="stay" vehID="Car_10373" speed="9.50" length="5.00" type="DEFAULT_CAR"/>
    <instantOut id="235_D025" time="17993.75" state="stay" vehID="Car_10373" speed="8.75" length="5.00" type="DEFAULT_CAR"/>
    <instantOut id="235_D025" time="17993.79" state="leave" vehID="Car_10373" speed="8.00" length="5.00" type="DEFAULT_CAR" occupancy="0.55"/>
    <instantOut id="235_D025" time="18029.61" state="enter" vehID="Car_10248" speed="7.25" length="5.00" type="DEFAULT_CAR" gap="35.82"/>
    <instantOut id="235_D025" time="18029.75" state="stay" vehID="Car_10248" speed="7.25" length="5.00" type="DEFAULT_CAR"/>
    <instantOut id="235_D025" time="18030.00" state="stay" vehID="Car_10248" speed="6.50" length="5.00" type="DEFAULT_CAR"/>
    <instantOut id="235_D025" time="18030.25" state="stay" vehID="Car_10248" speed="5.75" length="5.00" type="DEFAULT_CAR"/>
    <instantOut id="235_D025" time="18030.43" state="leave" vehID="Car_10248" speed="5.00" length="5.00" type="DEFAULT_CAR" occupancy="0.82"/>
    <instantOut id="235_D025" time="18366.49" state="enter" vehID="Car_10247" speed="8.51" length="5.00" type="DEFAULT_CAR" gap="336.06"/>
    <instantOut id="235_D025" time="18366.50" state="stay" vehID="Car_10247" speed="8.51" length="5.00" type="DEFAULT_CAR"/>
    <instantOut id="235_D025" time="18366.75" state="stay" vehID="Car_10247" speed="7.81" length="5.00" type="DEFAULT_CAR"/>
    <instantOut id="235_D025" time="18367.00" state="stay" vehID="Car_10247" speed="7.06" length="5.00" type="DEFAULT_CAR"/>
    <instantOut id="235_D025" time="18367.20" state="leave" vehID="Car_10247" speed="6.31" length="5.00" type="DEFAULT_CAR" occupancy="0.70"/>
    <instantOut id="235_D025" time="19078.49" state="enter" vehID="Car_10985" speed="8.50" length="5.00" type="DEFAULT_CAR" gap="711.30"/>
    <instantOut id="235_D025" time="19078.50" state="stay" vehID="Car_10985" speed="8.50" length="5.00" type="DEFAULT_CAR"/>
    <instantOut id="235_D025" time="19078.75" state="stay" vehID="Car_10985" speed="7.75" length="5.00" type="DEFAULT_CAR"/>
    <instantOut id="235_D025" time="19079.00" state="stay" vehID="Car_10985" speed="7.04" length="5.00" type="DEFAULT_CAR"/>
    <instantOut id="235_D025" time="19079.20" state="leave" vehID="Car_10985" speed="6.29" length="5.00" type="DEFAULT_CAR" occupancy="0.70"/>
    <instantOut id="235_D025" time="20513.07" state="enter" vehID="Car_11362" speed="5.91" length="5.00" type="DEFAULT_CAR" gap="1433.88"/>
    <instantOut id="235_D025" time="20513.25" state="stay" vehID="Car_11362" speed="5.91" length="5.00" type="DEFAULT_CAR"/>
    <instantOut id="235_D025" time="20513.50" state="stay" vehID="Car_11362" speed="5.84" length="5.00" type="DEFAULT_CAR"/>
    <instantOut id="235_D025" time="20513.75" state="stay" vehID="Car_11362" speed="5.13" length="5.00" type="DEFAULT_CAR"/>
    <instantOut id="235_D025" time="20514.00" state="stay" vehID="Car_11362" speed="4.38" length="5.00" type="DEFAULT_CAR"/>
    <instantOut id="235_D025" time="20514.03" state="leave" vehID="Car_11362" speed="3.63" length="5.00" type="DEFAULT_CAR" occupancy="0.96"/>
    <instantOut id="235_D025" time="21313.51" state="enter" vehID="Car_11888" speed="7.53" length="5.00" type="DEFAULT_CAR" gap="799.48"/>
    <instantOut id="235_D025" time="21313.75" state="stay" vehID="Car_11888" speed="7.53" length="5.00" type="DEFAULT_CAR"/>
    <instantOut id="235_D025" time="21314.00" state="stay" vehID="Car_11888" speed="6.78" length="5.00" type="DEFAULT_CAR"/>
    <instantOut id="235_D025" time="21314.25" state="leave" vehID="Car_11888" speed="6.11" length="5.00" type="DEFAULT_CAR" occupancy="0.74"/>
    <instantOut id="235_D025" time="23230.49" state="enter" vehID="Car_13216" speed="9.07" length="5.00" type="DEFAULT_CAR" gap="1916.24"/>
    <instantOut id="235_D025" time="23230.50" state="stay" vehID="Car_13216" speed="9.07" length="5.00" type="DEFAULT_CAR"/>
    <instantOut id="235_D025" time="23230.75" state="stay" vehID="Car_13216" speed="8.32" length="5.00" type="DEFAULT_CAR"/>
    <instantOut id="235_D025" time="23231.00" state="stay" vehID="Car_13216" speed="7.57" length="5.00" type="DEFAULT_CAR"/>
    <instantOut id="235_D025" time="23231.13" state="leave" vehID="Car_13216" speed="6.82" length="5.00" type="DEFAULT_CAR" occupancy="0.65"/>
    <instantOut id="235_D025" time="25228.72" state="enter" vehID="Car_14612" speed="9.39" length="5.00" type="DEFAULT_CAR" gap="1997.59"/>
    <instantOut id="235_D025" time="25228.75" state="stay" vehID="Car_14612" speed="9.39" length="5.00" type="DEFAULT_CAR"/>
    <instantOut id="235_D025" time="25229.00" state="stay" vehID="Car_14612" speed="8.64" length="5.00" type="DEFAULT_CAR"/>
    <instantOut id="235_D025" time="25229.25" state="stay" vehID="Car_14612" speed="7.89" length="5.00" type="DEFAULT_CAR"/>
    <instantOut id="235_D025" time="25229.33" state="leave" vehID="Car_14612" speed="7.14" length="5.00" type="DEFAULT_CAR" occupancy="0.61"/>
    <instantOut id="235_D025" time="25374.26" state="enter" vehID="Car_14670" speed="9.87" length="5.00" type="DEFAULT_CAR" gap="144.92"/>
    <instantOut id="235_D025" time="25374.50" state="stay" vehID="Car_14670" speed="9.87" length="5.00" type="DEFAULT_CAR"/>
    <instantOut id="235_D025" time="25374.75" state="stay" vehID="Car_14670" speed="9.12" length="5.00" type="DEFAULT_CAR"/>
    <instantOut id="235_D025" time="25374.79" state="leave" vehID="Car_14670" speed="8.37" length="5.00" type="DEFAULT_CAR" occupancy="0.53"/>
    <instantOut id="235_D025" time="27290.98" state="enter" vehID="Car_16062" speed="10.01" length="5.00" type="DEFAULT_CAR" gap="1916.19"/>
    <instantOut id="235_D025" time="27291.00" state="stay" vehID="Car_16062" speed="10.01" length="5.00" type="DEFAULT_CAR"/>
    <instantOut id="235_D025" time="27291.25" state="stay" vehID="Car_16062" speed="10.34" length="5.00" type="DEFAULT_CAR"/>
    <instantOut id="235_D025" time="27291.48" state="leave" vehID="Car_16062" speed="9.59" length="5.00" type="DEFAULT_CAR" occupancy="0.50"/>
    <instantOut id="235_D025" time="27523.10" state="enter" vehID="Car_16097" speed="6.42" length="5.00" type="DEFAULT_CAR" gap="231.62"/>
    <instantOut id="235_D025" time="27523.25" state="stay" vehID="Car_16097" speed="6.42" length="5.00" type="DEFAULT_CAR"/>
    <instantOut id="235_D025" time="27523.50" state="stay" vehID="Car_16097" speed="6.84" length="5.00" type="DEFAULT_CAR"/>
    <instantOut id="235_D025" time="27523.75" state="stay" vehID="Car_16097" speed="6.47" length="5.00" type="DEFAULT_CAR"/>
    <instantOut id="235_D025" time="27523.87" state="leave" vehID="Car_16097" speed="5.81" length="5.00" type="DEFAULT_CAR" occupancy="0.77"/>
    <instantOut id="235_D025" time="30107.04" state="enter" vehID="Car_18141" speed="7.30" length="5.00" type="DEFAULT_CAR" gap="2583.16"/>
    <instantOut id="235_D025" time="30107.25" state="stay" vehID="Car_18141" speed="7.30" length="5.00" type="DEFAULT_CAR"/>
    <instantOut id="235_D025" time="30107.50" state="stay" vehID="Car_18141" speed="7.70" length="5.00" type="DEFAULT_CAR"/>
    <instantOut id="235_D025" time="30107.72" state="leave" vehID="Car_18141" speed="6.95" length="5.00" type="DEFAULT_CAR" occupancy="0.68"/>
    <instantOut id="235_D025" time="33103.96" state="enter" vehID="Car_19392" speed="9.64" length="5.00" type="DEFAULT_CAR" gap="2996.24"/>
    <instantOut id="235_D025" time="33104.00" state="stay" vehID="Car_19392" speed="9.64" length="5.00" type="DEFAULT_CAR"/>
    <instantOut id="235_D025" time="33104.25" state="stay" vehID="Car_19392" speed="10.48" length="5.00" type="DEFAULT_CAR"/>
    <instantOut id="235_D025" time="33104.46" state="leave" vehID="Car_19392" speed="9.76" length="5.00" type="DEFAULT_CAR" occupancy="0.49"/>
    <instantOut id="235_D025" time="34177.23" state="enter" vehID="Car_20192" speed="9.31" length="5.00" type="DEFAULT_CAR" gap="1072.78"/>
    <instantOut id="235_D025" time="34177.25" state="stay" vehID="Car_20192" speed="9.31" length="5.00" type="DEFAULT_CAR"/>
    <instantOut id="235_D025" time="34177.50" state="stay" vehID="Car_20192" speed="10.11" length="5.00" type="DEFAULT_CAR"/>
    <instantOut id="235_D025" time="34177.73" state="leave" vehID="Car_20192" speed="10.02" length="5.00" type="DEFAULT_CAR" occupancy="0.50"/>
    <instantOut id="235_D025" time="34759.30" state="enter" vehID="Car_20495" speed="6.91" length="5.00" type="DEFAULT_CAR" gap="581.57"/>
    <instantOut id="235_D025" time="34759.50" state="stay" vehID="Car_20495" speed="6.91" length="5.00" type="DEFAULT_CAR"/>
    <instantOut id="235_D025" time="34759.75" state="stay" vehID="Car_20495" speed="6.46" length="5.00" type="DEFAULT_CAR"/>
    <instantOut id="235_D025" time="34760.00" state="stay" vehID="Car_20495" speed="5.90" length="5.00" type="DEFAULT_CAR"/>
    <instantOut id="235_D025" time="34760.10" state="leave" vehID="Car_20495" speed="5.15" length="5.00" type="DEFAULT_CAR" occupancy="0.80"/>
    <instantOut id="235_D025" time="35438.49" state="enter" vehID="Car_21268" speed="10.00" length="5.00" type="DEFAULT_CAR" gap="678.39"/>
    <instantOut id="235_D025" time="35438.50" state="stay" vehID="Car_21268" speed="10.00" length="5.00" type="DEFAULT_CAR"/>
    <instantOut id="235_D025" time="35438.75" state="stay" vehID="Car_21268" speed="10.56" length="5.00" type="DEFAULT_CAR"/>
    <instantOut id="235_D025" time="35438.95" state="leave" vehID="Car_21268" speed="11.26" length="5.00" type="DEFAULT_CAR" occupancy="0.46"/>
    <instantOut id="235_D025" time="35929.47" state="enter" vehID="Car_21687" speed="9.95" length="5.00" type="DEFAULT_CAR" gap="490.52"/>
    <instantOut id="235_D025" time="35929.50" state="stay" vehID="Car_21687" speed="9.95" length="5.00" type="DEFAULT_CAR"/>
    <instantOut id="235_D025" time="35929.75" state="stay" vehID="Car_21687" speed="10.56" length="5.00" type="DEFAULT_CAR"/>
    <instantOut id="235_D025" time="35929.94" state="leave" vehID="Car_21687" speed="10.89" length="5.00" type="DEFAULT_CAR" occupancy="0.47"/>
    <instantOut id="235_D025" time="35963.98" state="enter" vehID="Car_21486" speed="9.68" length="5.00" type="DEFAULT_CAR" gap="34.04"/>
    <instantOut id="235_D025" time="35964.00" state="stay" vehID="Car_21486" speed="9.68" length="5.00" type="DEFAULT_CAR"/>
    <instantOut id="235_D025" time="35964.25" state="stay" vehID="Car_21486" speed="8.97" length="5.00" type="DEFAULT_CAR"/>
    <instantOut id="235_D025" time="35964.50" state="stay" vehID="Car_21486" speed="8.57" length="5.00" type="DEFAULT_CAR"/>
    <instantOut id="235_D025" time="35964.56" state="leave" vehID="Car_21486" speed="7.82" length="5.00" type="DEFAULT_CAR" occupancy="0.57"/>
    <instantOut id="235_D025" time="36296.74" state="enter" vehID="Car_21461" speed="9.57" length="5.00" type="DEFAULT_CAR" gap="332.18"/>
    <instantOut id="235_D025" time="36296.75" state="stay" vehID="Car_21461" speed="9.57" length="5.00" type="DEFAULT_CAR"/>
    <instantOut id="235_D025" time="36297.00" state="stay" vehID="Car_21461" speed="9.03" length="5.00" type="DEFAULT_CAR"/>
    <instantOut id="235_D025" time="36297.25" state="stay" vehID="Car_21461" speed="8.41" length="5.00" type="DEFAULT_CAR"/>
    <instantOut id="235_D025" time="36297.32" state="leave" vehID="Car_21461" speed="7.72" length="5.00" type="DEFAULT_CAR" occupancy="0.58"/>
    <instantOut id="235_D025" time="37897.72" state="enter" vehID="Car_22444" speed="9.05" length="5.00" type="DEFAULT_CAR" gap="1600.40"/>
    <instantOut id="235_D025" time="37897.75" state="stay" vehID="Car_22444" speed="9.05" length="5.00" type="DEFAULT_CAR"/>
    <instantOut id="235_D025" time="37898.00" state="stay" vehID="Car_22444" speed="8.30" length="5.00" type="DEFAULT_CAR"/>
    <instantOut id="235_D025" time="37898.25" state="stay" vehID="Car_22444" speed="7.55" length="5.00" type="DEFAULT_CAR"/>
    <instantOut id="235_D025" time="37898.37" state="leave" vehID="Car_22444" speed="6.80" length="5.00" type="DEFAULT_CAR" occupancy="0.64"/>
    <instantOut id="235_D025" time="38218.23" state="enter" vehID="Car_22487" speed="10.00" length="5.00" type="DEFAULT_CAR" gap="319.86"/>
    <instantOut id="235_D025" time="38218.25" state="stay" vehID="Car_22487" speed="10.00" length="5.00" type="DEFAULT_CAR"/>
    <instantOut id="235_D025" time="38218.50" state="stay" vehID="Car_22487" speed="9.39" length="5.00" type="DEFAULT_CAR"/>
    <instantOut id="235_D025" time="38218.75" state="stay" vehID="Car_22487" speed="8.64" length="5.00" type="DEFAULT_CAR"/>
    <instantOut id="235_D025" time="38218.78" state="leave" vehID="Car_22487" speed="7.89" length="5.00" type="DEFAULT_CAR" occupancy="0.56"/>
    <instantOut id="235_D025" time="38319.49" state="enter" vehID="Car_22443" speed="8.65" length="5.00" type="DEFAULT_CAR" gap="100.71"/>
    <instantOut id="235_D025" time="38319.50" state="stay" vehID="Car_22443" speed="8.65" length="5.00" type="DEFAULT_CAR"/>
    <instantOut id="235_D025" time="38319.75" state="stay" vehID="Car_22443" speed="8.00" length="5.00" type="DEFAULT_CAR"/>
    <instantOut id="235_D025" time="38320.00" state="stay" vehID="Car_22443" speed="7.25" length="5.00" type="DEFAULT_CAR"/>
    <instantOut id="235_D025" time="38320.17" state="leave" vehID="Car_22443" speed="6.50" length="5.00" type="DEFAULT_CAR" occupancy="0.68"/>
    <instantOut id="235_D025" time="38904.93" state="enter" vehID="Car_22904" speed="10.32" length="5.00" type="DEFAULT_CAR" gap="584.75"/>
    <instantOut id="235_D025" time="38905.00" state="stay" vehID="Car_22904" speed="10.32" length="5.00" type="DEFAULT_CAR"/>
    <instantOut id="235_D025" time="38905.25" state="stay" vehID="Car_22904" speed="10.00" length="5.00" type="DEFAULT_CAR"/>
    <instantOut id="235_D025" time="38905.43" state="leave" vehID="Car_22904" speed="9.86" length="5.00" type="DEFAULT_CAR" occupancy="0.50"/>
    <instantOut id="235_D025" time="41381.72" state="enter" vehID="Car_23766" speed="9.88" length="5.00" type="DEFAULT_CAR" gap="2476.29"/>
    <instantOut id="235_D025" time="41381.75" state="stay" vehID="Car_23766" speed="9.88" length="5.00" type="DEFAULT_CAR"/>
    <instantOut id="235_D025" time="41382.00" state="stay" vehID="Car_23766" speed="9.13" length="5.00" type="DEFAULT_CAR"/>
    <instantOut id="235_D025" time="41382.25" state="stay" vehID="Car_23766" speed="8.38" length="5.00" type="DEFAULT_CAR"/>
    <instantOut id="235_D025" time="41382.29" state="leave" vehID="Car_23766" speed="7.63" length="5.00" type="DEFAULT_CAR" occupancy="0.57"/>
    <instantOut id="235_D025" time="43883.97" state="enter" vehID="Car_24080" speed="8.77" length="5.00" type="DEFAULT_CAR" gap="2501.67"/>
    <instantOut id="235_D025" time="43884.00" state="stay" vehID="Car_24080" speed="8.77" length="5.00" type="DEFAULT_CAR"/>
    <instantOut id="235_D025" time="43884.25" state="stay" vehID="Car_24080" speed="8.02" length="5.00" type="DEFAULT_CAR"/>
    <instantOut id="235_D025" time="43884.50" state="stay" vehID="Car_24080" speed="7.27" length="5.00" type="DEFAULT_CAR"/>
    <instantOut id="235_D025" time="43884.63" state="leave" vehID="Car_24080" speed="6.52" length="5.00" type="DEFAULT_CAR" occupancy="0.67"/>
    <instantOut id="235_D025" time="45646.97" state="enter" vehID="Car_24696" speed="8.49" length="5.00" type="DEFAULT_CAR" gap="1762.34"/>
    <instantOut id="235_D025" time="45647.00" state="stay" vehID="Car_24696" speed="8.49" length="5.00" type="DEFAULT_CAR"/>
    <instantOut id="235_D025" time="45647.25" state="stay" vehID="Car_24696" speed="8.14" length="5.00" type="DEFAULT_CAR"/>
    <instantOut id="235_D025" time="45647.50" state="stay" vehID="Car_24696" speed="7.39" length="5.00" type="DEFAULT_CAR"/>
    <instantOut id="235_D025" time="45647.63" state="leave" vehID="Car_24696" speed="6.69" length="5.00" type="DEFAULT_CAR" occupancy="0.66"/>
</instantE1>
