<?xml version="1.0" encoding="UTF-8"?>

<!-- generated on 2025-02-28 20:44:22 by Eclipse SUMO GUI Version 1.19.0
<configuration xmlns:xsi="http://www.w3.org/2001/XMLSchema-instance" xsi:noNamespaceSchemaLocation="http://sumo.dlr.de/xsd/sumoConfiguration.xsd">

    <input>
        <net-file value="Network.net.xml"/>
        <route-files value="CarRoutes.rou.xml"/>
        <additional-files value="Sensors.add.xml"/>
    </input>

    <output>
        <emission-output value="logs/Emissions.xml"/>
        <summary-output value="logs/Log_summary.xml"/>
        <summary-output.period value="300"/>
        <tripinfo-output value="logs/TripInfos.xml"/>
    </output>

    <time>
        <begin value="0"/>
        <end value="86400"/>
        <step-length value="0.25"/>
    </time>

    <processing>
        <ignore-junction-blocker value="0.1"/>
        <time-to-teleport value="-1"/>
    </processing>

    <report>
        <verbose value="true"/>
        <no-step-log value="true"/>
    </report>

    <emissions>
        <device.emissions.period value="10"/>
    </emissions>

    <traci_server>
        <remote-port value="59993"/>
    </traci_server>

    <gui_only>
        <quit-on-end value="true"/>
        <start value="true"/>
    </gui_only>

</configuration>
-->

<instantE1 xmlns:xsi="http://www.w3.org/2001/XMLSchema-instance" xsi:noNamespaceSchemaLocation="http://sumo.dlr.de/xsd/instant_e1_file.xsd">
    <instantOut id="235_D104" time="33123.69" state="enter" vehID="Car_19821" speed="6.73" length="5.00" type="DEFAULT_CAR"/>
    <instantOut id="235_D104" time="33123.75" state="stay" vehID="Car_19821" speed="6.73" length="5.00" type="DEFAULT_CAR"/>
    <instantOut id="235_D104" time="33124.00" state="stay" vehID="Car_19821" speed="5.98" length="5.00" type="DEFAULT_CAR"/>
    <instantOut id="235_D104" time="33124.25" state="stay" vehID="Car_19821" speed="5.23" length="5.00" type="DEFAULT_CAR"/>
    <instantOut id="235_D104" time="33124.50" state="stay" vehID="Car_19821" speed="6.18" length="5.00" type="DEFAULT_CAR"/>
    <instantOut id="235_D104" time="33124.54" state="leave" vehID="Car_19821" speed="7.13" length="5.00" type="DEFAULT_CAR" occupancy="0.84"/>
</instantE1>
