<?xml version="1.0" encoding="UTF-8"?>

<!-- generated on 2025-02-28 17:21:08 by Eclipse SUMO GUI Version 1.19.0
<configuration xmlns:xsi="http://www.w3.org/2001/XMLSchema-instance" xsi:noNamespaceSchemaLocation="http://sumo.dlr.de/xsd/sumoConfiguration.xsd">

    <input>
        <net-file value="Network.net.xml"/>
        <route-files value="CarRoutes.rou.xml"/>
        <additional-files value="Sensors.add.xml"/>
    </input>

    <output>
        <emission-output value="logs/Emissions.xml"/>
        <summary-output value="logs/Log_summary.xml"/>
        <summary-output.period value="300"/>
        <tripinfo-output value="logs/TripInfos.xml"/>
    </output>

    <time>
        <begin value="0"/>
        <end value="86400"/>
        <step-length value="0.25"/>
    </time>

    <processing>
        <ignore-junction-blocker value="0.1"/>
        <time-to-teleport value="-1"/>
    </processing>

    <report>
        <verbose value="true"/>
        <no-step-log value="true"/>
    </report>

    <emissions>
        <device.emissions.period value="10"/>
    </emissions>

    <traci_server>
        <remote-port value="57760"/>
    </traci_server>

    <gui_only>
        <quit-on-end value="true"/>
        <start value="true"/>
    </gui_only>

</configuration>
-->

<instantE1 xmlns:xsi="http://www.w3.org/2001/XMLSchema-instance" xsi:noNamespaceSchemaLocation="http://sumo.dlr.de/xsd/instant_e1_file.xsd">
    <instantOut id="235_D025" time="1758.74" state="enter" vehID="Car_690" speed="9.29" length="5.00" type="DEFAULT_CAR"/>
    <instantOut id="235_D025" time="1758.75" state="stay" vehID="Car_690" speed="9.29" length="5.00" type="DEFAULT_CAR"/>
    <instantOut id="235_D025" time="1759.00" state="stay" vehID="Car_690" speed="9.97" length="5.00" type="DEFAULT_CAR"/>
    <instantOut id="235_D025" time="1759.25" state="stay" vehID="Car_690" speed="9.31" length="5.00" type="DEFAULT_CAR"/>
    <instantOut id="235_D025" time="1759.26" state="leave" vehID="Car_690" speed="8.56" length="5.00" type="DEFAULT_CAR" occupancy="0.52"/>
    <instantOut id="235_D025" time="7205.46" state="enter" vehID="Car_4258" speed="9.54" length="5.00" type="DEFAULT_CAR" gap="5446.20"/>
    <instantOut id="235_D025" time="7205.50" state="stay" vehID="Car_4258" speed="9.54" length="5.00" type="DEFAULT_CAR"/>
    <instantOut id="235_D025" time="7205.75" state="stay" vehID="Car_4258" speed="9.03" length="5.00" type="DEFAULT_CAR"/>
    <instantOut id="235_D025" time="7206.00" state="stay" vehID="Car_4258" speed="8.28" length="5.00" type="DEFAULT_CAR"/>
    <instantOut id="235_D025" time="7206.04" state="leave" vehID="Car_4258" speed="7.53" length="5.00" type="DEFAULT_CAR" occupancy="0.58"/>
    <instantOut id="235_D025" time="8339.60" state="enter" vehID="Car_4260" speed="6.85" length="5.00" type="DEFAULT_CAR" gap="1133.55"/>
    <instantOut id="235_D025" time="8339.75" state="stay" vehID="Car_4260" speed="6.85" length="5.00" type="DEFAULT_CAR"/>
    <instantOut id="235_D025" time="8340.00" state="stay" vehID="Car_4260" speed="6.10" length="5.00" type="DEFAULT_CAR"/>
    <instantOut id="235_D025" time="8340.25" state="stay" vehID="Car_4260" speed="5.35" length="5.00" type="DEFAULT_CAR"/>
    <instantOut id="235_D025" time="8340.48" state="leave" vehID="Car_4260" speed="4.67" length="5.00" type="DEFAULT_CAR" occupancy="0.88"/>
    <instantOut id="235_D025" time="9405.23" state="enter" vehID="Car_4179" speed="10.04" length="5.00" type="DEFAULT_CAR" gap="1064.75"/>
    <instantOut id="235_D025" time="9405.25" state="stay" vehID="Car_4179" speed="10.04" length="5.00" type="DEFAULT_CAR"/>
    <instantOut id="235_D025" time="9405.50" state="stay" vehID="Car_4179" speed="9.29" length="5.00" type="DEFAULT_CAR"/>
    <instantOut id="235_D025" time="9405.75" state="stay" vehID="Car_4179" speed="8.54" length="5.00" type="DEFAULT_CAR"/>
    <instantOut id="235_D025" time="9405.80" state="leave" vehID="Car_4179" speed="7.79" length="5.00" type="DEFAULT_CAR" occupancy="0.56"/>
    <instantOut id="235_D025" time="13516.99" state="enter" vehID="Car_7897" speed="9.43" length="5.00" type="DEFAULT_CAR" gap="4111.19"/>
    <instantOut id="235_D025" time="13517.00" state="stay" vehID="Car_7897" speed="9.43" length="5.00" type="DEFAULT_CAR"/>
    <instantOut id="235_D025" time="13517.25" state="stay" vehID="Car_7897" speed="10.15" length="5.00" type="DEFAULT_CAR"/>
    <instantOut id="235_D025" time="13517.47" state="leave" vehID="Car_7897" speed="10.68" length="5.00" type="DEFAULT_CAR" occupancy="0.48"/>
    <instantOut id="235_D025" time="16151.06" state="enter" vehID="Car_8033" speed="9.16" length="5.00" type="DEFAULT_CAR" gap="2633.59"/>
    <instantOut id="235_D025" time="16151.25" state="stay" vehID="Car_8033" speed="9.16" length="5.00" type="DEFAULT_CAR"/>
    <instantOut id="235_D025" time="16151.50" state="stay" vehID="Car_8033" speed="8.41" length="5.00" type="DEFAULT_CAR"/>
    <instantOut id="235_D025" time="16151.65" state="leave" vehID="Car_8033" speed="7.66" length="5.00" type="DEFAULT_CAR" occupancy="0.59"/>
    <instantOut id="235_D025" time="16234.03" state="enter" vehID="Car_8117" speed="7.04" length="5.00" type="DEFAULT_CAR" gap="82.39"/>
    <instantOut id="235_D025" time="16234.25" state="stay" vehID="Car_8117" speed="7.04" length="5.00" type="DEFAULT_CAR"/>
    <instantOut id="235_D025" time="16234.50" state="stay" vehID="Car_8117" speed="6.29" length="5.00" type="DEFAULT_CAR"/>
    <instantOut id="235_D025" time="16234.75" state="stay" vehID="Car_8117" speed="5.54" length="5.00" type="DEFAULT_CAR"/>
    <instantOut id="235_D025" time="16234.85" state="leave" vehID="Car_8117" speed="4.99" length="5.00" type="DEFAULT_CAR" occupancy="0.82"/>
    <instantOut id="235_D025" time="17185.54" state="enter" vehID="Car_9827" speed="9.63" length="5.00" type="DEFAULT_CAR" gap="950.69"/>
    <instantOut id="235_D025" time="17185.75" state="stay" vehID="Car_9827" speed="9.63" length="5.00" type="DEFAULT_CAR"/>
    <instantOut id="235_D025" time="17186.00" state="stay" vehID="Car_9827" speed="8.88" length="5.00" type="DEFAULT_CAR"/>
    <instantOut id="235_D025" time="17186.09" state="leave" vehID="Car_9827" speed="8.13" length="5.00" type="DEFAULT_CAR" occupancy="0.55"/>
    <instantOut id="235_D025" time="17367.21" state="enter" vehID="Car_9780" speed="9.56" length="5.00" type="DEFAULT_CAR" gap="181.12"/>
    <instantOut id="235_D025" time="17367.25" state="stay" vehID="Car_9780" speed="9.56" length="5.00" type="DEFAULT_CAR"/>
    <instantOut id="235_D025" time="17367.50" state="stay" vehID="Car_9780" speed="10.08" length="5.00" type="DEFAULT_CAR"/>
    <instantOut id="235_D025" time="17367.73" state="leave" vehID="Car_9780" speed="9.33" length="5.00" type="DEFAULT_CAR" occupancy="0.52"/>
    <instantOut id="235_D025" time="19679.23" state="enter" vehID="Car_9930" speed="8.92" length="5.00" type="DEFAULT_CAR" gap="2311.50"/>
    <instantOut id="235_D025" time="19679.25" state="stay" vehID="Car_9930" speed="8.92" length="5.00" type="DEFAULT_CAR"/>
    <instantOut id="235_D025" time="19679.50" state="stay" vehID="Car_9930" speed="8.17" length="5.00" type="DEFAULT_CAR"/>
    <instantOut id="235_D025" time="19679.75" state="stay" vehID="Car_9930" speed="7.42" length="5.00" type="DEFAULT_CAR"/>
    <instantOut id="235_D025" time="19679.89" state="leave" vehID="Car_9930" speed="6.67" length="5.00" type="DEFAULT_CAR" occupancy="0.66"/>
    <instantOut id="235_D025" time="20810.03" state="enter" vehID="Car_11946" speed="7.82" length="5.00" type="DEFAULT_CAR" gap="1130.15"/>
    <instantOut id="235_D025" time="20810.25" state="stay" vehID="Car_11946" speed="7.82" length="5.00" type="DEFAULT_CAR"/>
    <instantOut id="235_D025" time="20810.50" state="stay" vehID="Car_11946" speed="7.07" length="5.00" type="DEFAULT_CAR"/>
    <instantOut id="235_D025" time="20810.74" state="leave" vehID="Car_11946" speed="6.32" length="5.00" type="DEFAULT_CAR" occupancy="0.71"/>
    <instantOut id="235_D025" time="21524.24" state="enter" vehID="Car_12236" speed="8.78" length="5.00" type="DEFAULT_CAR" gap="713.50"/>
    <instantOut id="235_D025" time="21524.25" state="stay" vehID="Car_12236" speed="8.78" length="5.00" type="DEFAULT_CAR"/>
    <instantOut id="235_D025" time="21524.50" state="stay" vehID="Car_12236" speed="8.03" length="5.00" type="DEFAULT_CAR"/>
    <instantOut id="235_D025" time="21524.75" state="stay" vehID="Car_12236" speed="7.29" length="5.00" type="DEFAULT_CAR"/>
    <instantOut id="235_D025" time="21524.92" state="leave" vehID="Car_12236" speed="6.54" length="5.00" type="DEFAULT_CAR" occupancy="0.68"/>
    <instantOut id="235_D025" time="22247.99" state="enter" vehID="Car_11617" speed="8.92" length="5.00" type="DEFAULT_CAR" gap="723.07"/>
    <instantOut id="235_D025" time="22248.00" state="stay" vehID="Car_11617" speed="8.92" length="5.00" type="DEFAULT_CAR"/>
    <instantOut id="235_D025" time="22248.25" state="stay" vehID="Car_11617" speed="8.21" length="5.00" type="DEFAULT_CAR"/>
    <instantOut id="235_D025" time="22248.50" state="stay" vehID="Car_11617" speed="7.46" length="5.00" type="DEFAULT_CAR"/>
    <instantOut id="235_D025" time="22248.65" state="leave" vehID="Car_11617" speed="6.71" length="5.00" type="DEFAULT_CAR" occupancy="0.66"/>
    <instantOut id="235_D025" time="25624.74" state="enter" vehID="Car_15287" speed="9.26" length="5.00" type="DEFAULT_CAR" gap="3376.09"/>
    <instantOut id="235_D025" time="25624.75" state="stay" vehID="Car_15287" speed="9.26" length="5.00" type="DEFAULT_CAR"/>
    <instantOut id="235_D025" time="25625.00" state="stay" vehID="Car_15287" speed="8.51" length="5.00" type="DEFAULT_CAR"/>
    <instantOut id="235_D025" time="25625.25" state="stay" vehID="Car_15287" speed="7.98" length="5.00" type="DEFAULT_CAR"/>
    <instantOut id="235_D025" time="25625.36" state="leave" vehID="Car_15287" speed="7.23" length="5.00" type="DEFAULT_CAR" occupancy="0.62"/>
    <instantOut id="235_D025" time="27129.99" state="enter" vehID="Car_15394" speed="9.43" length="5.00" type="DEFAULT_CAR" gap="1504.63"/>
    <instantOut id="235_D025" time="27130.00" state="stay" vehID="Car_15394" speed="9.43" length="5.00" type="DEFAULT_CAR"/>
    <instantOut id="235_D025" time="27130.25" state="stay" vehID="Car_15394" speed="10.28" length="5.00" type="DEFAULT_CAR"/>
    <instantOut id="235_D025" time="27130.46" state="leave" vehID="Car_15394" speed="10.84" length="5.00" type="DEFAULT_CAR" occupancy="0.48"/>
    <instantOut id="235_D025" time="27625.95" state="enter" vehID="Car_14671" speed="10.56" length="5.00" type="DEFAULT_CAR" gap="495.49"/>
    <instantOut id="235_D025" time="27626.00" state="stay" vehID="Car_14671" speed="10.56" length="5.00" type="DEFAULT_CAR"/>
    <instantOut id="235_D025" time="27626.25" state="stay" vehID="Car_14671" speed="9.81" length="5.00" type="DEFAULT_CAR"/>
    <instantOut id="235_D025" time="27626.48" state="leave" vehID="Car_14671" speed="9.06" length="5.00" type="DEFAULT_CAR" occupancy="0.52"/>
    <instantOut id="235_D025" time="28390.74" state="enter" vehID="Car_17914" speed="8.10" length="5.00" type="DEFAULT_CAR" gap="764.26"/>
    <instantOut id="235_D025" time="28390.75" state="stay" vehID="Car_17914" speed="8.10" length="5.00" type="DEFAULT_CAR"/>
    <instantOut id="235_D025" time="28391.00" state="stay" vehID="Car_17914" speed="7.35" length="5.00" type="DEFAULT_CAR"/>
    <instantOut id="235_D025" time="28391.25" state="stay" vehID="Car_17914" speed="6.85" length="5.00" type="DEFAULT_CAR"/>
    <instantOut id="235_D025" time="28391.47" state="leave" vehID="Car_17914" speed="6.10" length="5.00" type="DEFAULT_CAR" occupancy="0.73"/>
    <instantOut id="235_D025" time="29876.77" state="enter" vehID="Car_18367" speed="7.81" length="5.00" type="DEFAULT_CAR" gap="1485.29"/>
    <instantOut id="235_D025" time="29877.00" state="stay" vehID="Car_18367" speed="7.81" length="5.00" type="DEFAULT_CAR"/>
    <instantOut id="235_D025" time="29877.25" state="stay" vehID="Car_18367" speed="7.06" length="5.00" type="DEFAULT_CAR"/>
    <instantOut id="235_D025" time="29877.47" state="leave" vehID="Car_18367" speed="6.31" length="5.00" type="DEFAULT_CAR" occupancy="0.71"/>
    <instantOut id="235_D025" time="30127.45" state="enter" vehID="Car_18321" speed="9.68" length="5.00" type="DEFAULT_CAR" gap="249.98"/>
    <instantOut id="235_D025" time="30127.50" state="stay" vehID="Car_18321" speed="9.68" length="5.00" type="DEFAULT_CAR"/>
    <instantOut id="235_D025" time="30127.75" state="stay" vehID="Car_18321" speed="9.09" length="5.00" type="DEFAULT_CAR"/>
    <instantOut id="235_D025" time="30128.00" state="stay" vehID="Car_18321" speed="8.41" length="5.00" type="DEFAULT_CAR"/>
    <instantOut id="235_D025" time="30128.02" state="leave" vehID="Car_18321" speed="7.66" length="5.00" type="DEFAULT_CAR" occupancy="0.57"/>
    <instantOut id="235_D025" time="31304.48" state="enter" vehID="Car_17279" speed="8.59" length="5.00" type="DEFAULT_CAR" gap="1176.45"/>
    <instantOut id="235_D025" time="31304.50" state="stay" vehID="Car_17279" speed="8.59" length="5.00" type="DEFAULT_CAR"/>
    <instantOut id="235_D025" time="31304.75" state="stay" vehID="Car_17279" speed="8.21" length="5.00" type="DEFAULT_CAR"/>
    <instantOut id="235_D025" time="31305.00" state="stay" vehID="Car_17279" speed="7.46" length="5.00" type="DEFAULT_CAR"/>
    <instantOut id="235_D025" time="31305.13" state="leave" vehID="Car_17279" speed="6.71" length="5.00" type="DEFAULT_CAR" occupancy="0.65"/>
    <instantOut id="235_D025" time="31989.99" state="enter" vehID="Car_18815" speed="9.12" length="5.00" type="DEFAULT_CAR" gap="684.86"/>
    <instantOut id="235_D025" time="31990.00" state="stay" vehID="Car_18815" speed="9.12" length="5.00" type="DEFAULT_CAR"/>
    <instantOut id="235_D025" time="31990.25" state="stay" vehID="Car_18815" speed="9.63" length="5.00" type="DEFAULT_CAR"/>
    <instantOut id="235_D025" time="31990.50" state="stay" vehID="Car_18815" speed="8.88" length="5.00" type="DEFAULT_CAR"/>
    <instantOut id="235_D025" time="31990.54" state="leave" vehID="Car_18815" speed="8.20" length="5.00" type="DEFAULT_CAR" occupancy="0.54"/>
    <instantOut id="235_D025" time="32889.24" state="enter" vehID="Car_18814" speed="9.28" length="5.00" type="DEFAULT_CAR" gap="898.70"/>
    <instantOut id="235_D025" time="32889.25" state="stay" vehID="Car_18814" speed="9.28" length="5.00" type="DEFAULT_CAR"/>
    <instantOut id="235_D025" time="32889.50" state="stay" vehID="Car_18814" speed="9.79" length="5.00" type="DEFAULT_CAR"/>
    <instantOut id="235_D025" time="32889.73" state="leave" vehID="Car_18814" speed="10.68" length="5.00" type="DEFAULT_CAR" occupancy="0.49"/>
    <instantOut id="235_D025" time="33340.05" state="enter" vehID="Car_19758" speed="5.40" length="5.00" type="DEFAULT_CAR" gap="450.32"/>
    <instantOut id="235_D025" time="33340.25" state="stay" vehID="Car_19758" speed="5.40" length="5.00" type="DEFAULT_CAR"/>
    <instantOut id="235_D025" time="33340.50" state="stay" vehID="Car_19758" speed="5.67" length="5.00" type="DEFAULT_CAR"/>
    <instantOut id="235_D025" time="33340.75" state="stay" vehID="Car_19758" speed="4.92" length="5.00" type="DEFAULT_CAR"/>
    <instantOut id="235_D025" time="33341.00" state="stay" vehID="Car_19758" speed="4.17" length="5.00" type="DEFAULT_CAR"/>
    <instantOut id="235_D025" time="33341.07" state="leave" vehID="Car_19758" speed="3.56" length="5.00" type="DEFAULT_CAR" occupancy="1.02"/>
    <instantOut id="235_D025" time="34408.49" state="enter" vehID="Car_20429" speed="7.59" length="5.00" type="DEFAULT_CAR" gap="1067.42"/>
    <instantOut id="235_D025" time="34408.50" state="stay" vehID="Car_20429" speed="7.59" length="5.00" type="DEFAULT_CAR"/>
    <instantOut id="235_D025" time="34408.75" state="stay" vehID="Car_20429" speed="6.84" length="5.00" type="DEFAULT_CAR"/>
    <instantOut id="235_D025" time="34409.00" state="stay" vehID="Car_20429" speed="6.09" length="5.00" type="DEFAULT_CAR"/>
    <instantOut id="235_D025" time="34409.25" state="stay" vehID="Car_20429" speed="5.34" length="5.00" type="DEFAULT_CAR"/>
    <instantOut id="235_D025" time="34409.33" state="leave" vehID="Car_20429" speed="4.59" length="5.00" type="DEFAULT_CAR" occupancy="0.84"/>
    <instantOut id="235_D025" time="36657.02" state="enter" vehID="Car_21475" speed="7.64" length="5.00" type="DEFAULT_CAR" gap="2247.68"/>
    <instantOut id="235_D025" time="36657.25" state="stay" vehID="Car_21475" speed="7.64" length="5.00" type="DEFAULT_CAR"/>
    <instantOut id="235_D025" time="36657.50" state="stay" vehID="Car_21475" speed="7.76" length="5.00" type="DEFAULT_CAR"/>
    <instantOut id="235_D025" time="36657.68" state="leave" vehID="Car_21475" speed="7.01" length="5.00" type="DEFAULT_CAR" occupancy="0.67"/>
    <instantOut id="235_D025" time="37920.03" state="enter" vehID="Car_21481" speed="7.54" length="5.00" type="DEFAULT_CAR" gap="1262.34"/>
    <instantOut id="235_D025" time="37920.25" state="stay" vehID="Car_21481" speed="7.54" length="5.00" type="DEFAULT_CAR"/>
    <instantOut id="235_D025" time="37920.50" state="stay" vehID="Car_21481" speed="6.79" length="5.00" type="DEFAULT_CAR"/>
    <instantOut id="235_D025" time="37920.75" state="stay" vehID="Car_21481" speed="6.04" length="5.00" type="DEFAULT_CAR"/>
    <instantOut id="235_D025" time="37920.77" state="leave" vehID="Car_21481" speed="5.32" length="5.00" type="DEFAULT_CAR" occupancy="0.74"/>
    <instantOut id="235_D025" time="39591.96" state="enter" vehID="Car_23362" speed="9.80" length="5.00" type="DEFAULT_CAR" gap="1671.19"/>
    <instantOut id="235_D025" time="39592.00" state="stay" vehID="Car_23362" speed="9.80" length="5.00" type="DEFAULT_CAR"/>
    <instantOut id="235_D025" time="39592.25" state="stay" vehID="Car_23362" speed="9.24" length="5.00" type="DEFAULT_CAR"/>
    <instantOut id="235_D025" time="39592.50" state="stay" vehID="Car_23362" speed="8.82" length="5.00" type="DEFAULT_CAR"/>
    <instantOut id="235_D025" time="39592.52" state="leave" vehID="Car_23362" speed="8.07" length="5.00" type="DEFAULT_CAR" occupancy="0.55"/>
    <instantOut id="235_D025" time="39751.47" state="enter" vehID="Car_23361" speed="9.38" length="5.00" type="DEFAULT_CAR" gap="158.96"/>
    <instantOut id="235_D025" time="39751.50" state="stay" vehID="Car_23361" speed="9.38" length="5.00" type="DEFAULT_CAR"/>
    <instantOut id="235_D025" time="39751.75" state="stay" vehID="Car_23361" speed="8.69" length="5.00" type="DEFAULT_CAR"/>
    <instantOut id="235_D025" time="39752.00" state="stay" vehID="Car_23361" speed="7.96" length="5.00" type="DEFAULT_CAR"/>
    <instantOut id="235_D025" time="39752.08" state="leave" vehID="Car_23361" speed="7.25" length="5.00" type="DEFAULT_CAR" occupancy="0.61"/>
    <instantOut id="235_D025" time="40379.94" state="enter" vehID="Car_23301" speed="7.09" length="5.00" type="DEFAULT_CAR" gap="627.86"/>
    <instantOut id="235_D025" time="40380.00" state="stay" vehID="Car_23301" speed="7.09" length="5.00" type="DEFAULT_CAR"/>
    <instantOut id="235_D025" time="40380.25" state="stay" vehID="Car_23301" speed="7.59" length="5.00" type="DEFAULT_CAR"/>
    <instantOut id="235_D025" time="40380.50" state="stay" vehID="Car_23301" speed="6.96" length="5.00" type="DEFAULT_CAR"/>
    <instantOut id="235_D025" time="40380.65" state="leave" vehID="Car_23301" speed="6.30" length="5.00" type="DEFAULT_CAR" occupancy="0.71"/>
    <instantOut id="235_D025" time="41273.92" state="enter" vehID="Car_23359" speed="7.43" length="5.00" type="DEFAULT_CAR" gap="893.27"/>
    <instantOut id="235_D025" time="41274.00" state="stay" vehID="Car_23359" speed="7.43" length="5.00" type="DEFAULT_CAR"/>
    <instantOut id="235_D025" time="41274.25" state="stay" vehID="Car_23359" speed="7.58" length="5.00" type="DEFAULT_CAR"/>
    <instantOut id="235_D025" time="41274.50" state="stay" vehID="Car_23359" speed="6.86" length="5.00" type="DEFAULT_CAR"/>
    <instantOut id="235_D025" time="41274.62" state="leave" vehID="Car_23359" speed="6.23" length="5.00" type="DEFAULT_CAR" occupancy="0.71"/>
    <instantOut id="235_D025" time="42617.76" state="enter" vehID="Car_24728" speed="8.53" length="5.00" type="DEFAULT_CAR" gap="1343.13"/>
    <instantOut id="235_D025" time="42618.00" state="stay" vehID="Car_24728" speed="8.53" length="5.00" type="DEFAULT_CAR"/>
    <instantOut id="235_D025" time="42618.25" state="stay" vehID="Car_24728" speed="7.79" length="5.00" type="DEFAULT_CAR"/>
    <instantOut id="235_D025" time="42618.39" state="leave" vehID="Car_24728" speed="7.04" length="5.00" type="DEFAULT_CAR" occupancy="0.63"/>
    <instantOut id="235_D025" time="44867.88" state="enter" vehID="Car_24870" speed="5.89" length="5.00" type="DEFAULT_CAR" gap="2249.49"/>
    <instantOut id="235_D025" time="44868.00" state="stay" vehID="Car_24870" speed="5.89" length="5.00" type="DEFAULT_CAR"/>
    <instantOut id="235_D025" time="44868.25" state="stay" vehID="Car_24870" speed="5.85" length="5.00" type="DEFAULT_CAR"/>
    <instantOut id="235_D025" time="44868.50" state="stay" vehID="Car_24870" speed="5.19" length="5.00" type="DEFAULT_CAR"/>
    <instantOut id="235_D025" time="44868.75" state="stay" vehID="Car_24870" speed="4.54" length="5.00" type="DEFAULT_CAR"/>
    <instantOut id="235_D025" time="44868.85" state="leave" vehID="Car_24870" speed="3.84" length="5.00" type="DEFAULT_CAR" occupancy="0.97"/>
</instantE1>
