<?xml version="1.0" encoding="UTF-8"?>

<!-- generated on 2025-02-28 18:37:21 by Eclipse SUMO GUI Version 1.19.0
<configuration xmlns:xsi="http://www.w3.org/2001/XMLSchema-instance" xsi:noNamespaceSchemaLocation="http://sumo.dlr.de/xsd/sumoConfiguration.xsd">

    <input>
        <net-file value="Network.net.xml"/>
        <route-files value="CarRoutes.rou.xml"/>
        <additional-files value="Sensors.add.xml"/>
    </input>

    <output>
        <emission-output value="logs/Emissions.xml"/>
        <summary-output value="logs/Log_summary.xml"/>
        <summary-output.period value="300"/>
        <tripinfo-output value="logs/TripInfos.xml"/>
    </output>

    <time>
        <begin value="0"/>
        <end value="86400"/>
        <step-length value="0.25"/>
    </time>

    <processing>
        <ignore-junction-blocker value="0.1"/>
        <time-to-teleport value="-1"/>
    </processing>

    <report>
        <verbose value="true"/>
        <no-step-log value="true"/>
    </report>

    <emissions>
        <device.emissions.period value="10"/>
    </emissions>

    <traci_server>
        <remote-port value="58887"/>
    </traci_server>

    <gui_only>
        <quit-on-end value="true"/>
        <start value="true"/>
    </gui_only>

</configuration>
-->

<instantE1 xmlns:xsi="http://www.w3.org/2001/XMLSchema-instance" xsi:noNamespaceSchemaLocation="http://sumo.dlr.de/xsd/instant_e1_file.xsd">
    <instantOut id="235_D025" time="523.18" state="enter" vehID="Car_807" speed="10.77" length="5.00" type="DEFAULT_CAR"/>
    <instantOut id="235_D025" time="523.25" state="stay" vehID="Car_807" speed="10.77" length="5.00" type="DEFAULT_CAR"/>
    <instantOut id="235_D025" time="523.50" state="stay" vehID="Car_807" speed="10.02" length="5.00" type="DEFAULT_CAR"/>
    <instantOut id="235_D025" time="523.69" state="leave" vehID="Car_807" speed="9.27" length="5.00" type="DEFAULT_CAR" occupancy="0.51"/>
    <instantOut id="235_D025" time="793.72" state="enter" vehID="Car_808" speed="9.81" length="5.00" type="DEFAULT_CAR" gap="270.03"/>
    <instantOut id="235_D025" time="793.75" state="stay" vehID="Car_808" speed="9.81" length="5.00" type="DEFAULT_CAR"/>
    <instantOut id="235_D025" time="794.00" state="stay" vehID="Car_808" speed="9.06" length="5.00" type="DEFAULT_CAR"/>
    <instantOut id="235_D025" time="794.25" state="stay" vehID="Car_808" speed="8.41" length="5.00" type="DEFAULT_CAR"/>
    <instantOut id="235_D025" time="794.29" state="leave" vehID="Car_808" speed="7.77" length="5.00" type="DEFAULT_CAR" occupancy="0.57"/>
    <instantOut id="235_D025" time="1025.47" state="enter" vehID="Car_711" speed="7.80" length="5.00" type="DEFAULT_CAR" gap="231.18"/>
    <instantOut id="235_D025" time="1025.50" state="stay" vehID="Car_711" speed="7.80" length="5.00" type="DEFAULT_CAR"/>
    <instantOut id="235_D025" time="1025.75" state="stay" vehID="Car_711" speed="7.93" length="5.00" type="DEFAULT_CAR"/>
    <instantOut id="235_D025" time="1026.00" state="stay" vehID="Car_711" speed="7.55" length="5.00" type="DEFAULT_CAR"/>
    <instantOut id="235_D025" time="1026.13" state="leave" vehID="Car_711" speed="6.80" length="5.00" type="DEFAULT_CAR" occupancy="0.66"/>
    <instantOut id="235_D025" time="5084.75" state="enter" vehID="Car_2053" speed="8.75" length="5.00" type="DEFAULT_CAR" gap="4058.62"/>
    <instantOut id="235_D025" time="5084.75" state="stay" vehID="Car_2053" speed="8.75" length="5.00" type="DEFAULT_CAR"/>
    <instantOut id="235_D025" time="5085.00" state="stay" vehID="Car_2053" speed="8.12" length="5.00" type="DEFAULT_CAR"/>
    <instantOut id="235_D025" time="5085.25" state="stay" vehID="Car_2053" speed="7.41" length="5.00" type="DEFAULT_CAR"/>
    <instantOut id="235_D025" time="5085.41" state="leave" vehID="Car_2053" speed="6.89" length="5.00" type="DEFAULT_CAR" occupancy="0.66"/>
    <instantOut id="235_D025" time="7908.75" state="enter" vehID="Car_4368" speed="9.16" length="5.00" type="DEFAULT_CAR" gap="2823.34"/>
    <instantOut id="235_D025" time="7908.75" state="stay" vehID="Car_4368" speed="9.16" length="5.00" type="DEFAULT_CAR"/>
    <instantOut id="235_D025" time="7909.00" state="stay" vehID="Car_4368" speed="8.41" length="5.00" type="DEFAULT_CAR"/>
    <instantOut id="235_D025" time="7909.25" state="stay" vehID="Car_4368" speed="7.66" length="5.00" type="DEFAULT_CAR"/>
    <instantOut id="235_D025" time="7909.39" state="leave" vehID="Car_4368" speed="6.98" length="5.00" type="DEFAULT_CAR" occupancy="0.64"/>
    <instantOut id="235_D025" time="9478.98" state="enter" vehID="Car_5322" speed="9.72" length="5.00" type="DEFAULT_CAR" gap="1569.59"/>
    <instantOut id="235_D025" time="9479.00" state="stay" vehID="Car_5322" speed="9.72" length="5.00" type="DEFAULT_CAR"/>
    <instantOut id="235_D025" time="9479.25" state="stay" vehID="Car_5322" speed="8.97" length="5.00" type="DEFAULT_CAR"/>
    <instantOut id="235_D025" time="9479.50" state="stay" vehID="Car_5322" speed="8.22" length="5.00" type="DEFAULT_CAR"/>
    <instantOut id="235_D025" time="9479.57" state="leave" vehID="Car_5322" speed="7.47" length="5.00" type="DEFAULT_CAR" occupancy="0.59"/>
    <instantOut id="235_D025" time="10200.49" state="enter" vehID="Car_7194" speed="7.65" length="5.00" type="DEFAULT_CAR" gap="720.93"/>
    <instantOut id="235_D025" time="10200.50" state="stay" vehID="Car_7194" speed="7.65" length="5.00" type="DEFAULT_CAR"/>
    <instantOut id="235_D025" time="10200.75" state="stay" vehID="Car_7194" speed="8.11" length="5.00" type="DEFAULT_CAR"/>
    <instantOut id="235_D025" time="10201.00" state="stay" vehID="Car_7194" speed="7.40" length="5.00" type="DEFAULT_CAR"/>
    <instantOut id="235_D025" time="10201.14" state="leave" vehID="Car_7194" speed="7.49" length="5.00" type="DEFAULT_CAR" occupancy="0.65"/>
    <instantOut id="235_D025" time="11075.96" state="enter" vehID="Car_5415" speed="9.44" length="5.00" type="DEFAULT_CAR" gap="874.82"/>
    <instantOut id="235_D025" time="11076.00" state="stay" vehID="Car_5415" speed="9.44" length="5.00" type="DEFAULT_CAR"/>
    <instantOut id="235_D025" time="11076.25" state="stay" vehID="Car_5415" speed="10.26" length="5.00" type="DEFAULT_CAR"/>
    <instantOut id="235_D025" time="11076.46" state="leave" vehID="Car_5415" speed="9.90" length="5.00" type="DEFAULT_CAR" occupancy="0.50"/>
    <instantOut id="235_D025" time="12202.00" state="enter" vehID="Car_6546" speed="8.66" length="5.00" type="DEFAULT_CAR" gap="1125.54"/>
    <instantOut id="235_D025" time="12202.00" state="stay" vehID="Car_6546" speed="8.66" length="5.00" type="DEFAULT_CAR"/>
    <instantOut id="235_D025" time="12202.25" state="stay" vehID="Car_6546" speed="7.91" length="5.00" type="DEFAULT_CAR"/>
    <instantOut id="235_D025" time="12202.50" state="stay" vehID="Car_6546" speed="7.18" length="5.00" type="DEFAULT_CAR"/>
    <instantOut id="235_D025" time="12202.69" state="leave" vehID="Car_6546" speed="6.43" length="5.00" type="DEFAULT_CAR" occupancy="0.69"/>
    <instantOut id="235_D025" time="13179.99" state="enter" vehID="Car_5982" speed="8.68" length="5.00" type="DEFAULT_CAR" gap="977.30"/>
    <instantOut id="235_D025" time="13180.00" state="stay" vehID="Car_5982" speed="8.68" length="5.00" type="DEFAULT_CAR"/>
    <instantOut id="235_D025" time="13180.25" state="stay" vehID="Car_5982" speed="8.06" length="5.00" type="DEFAULT_CAR"/>
    <instantOut id="235_D025" time="13180.50" state="stay" vehID="Car_5982" speed="7.43" length="5.00" type="DEFAULT_CAR"/>
    <instantOut id="235_D025" time="13180.65" state="leave" vehID="Car_5982" speed="6.88" length="5.00" type="DEFAULT_CAR" occupancy="0.66"/>
    <instantOut id="235_D025" time="13624.73" state="enter" vehID="Car_9521" speed="9.61" length="5.00" type="DEFAULT_CAR" gap="444.08"/>
    <instantOut id="235_D025" time="13624.75" state="stay" vehID="Car_9521" speed="9.61" length="5.00" type="DEFAULT_CAR"/>
    <instantOut id="235_D025" time="13625.00" state="stay" vehID="Car_9521" speed="9.87" length="5.00" type="DEFAULT_CAR"/>
    <instantOut id="235_D025" time="13625.25" state="leave" vehID="Car_9521" speed="9.23" length="5.00" type="DEFAULT_CAR" occupancy="0.52"/>
    <instantOut id="235_D025" time="16157.24" state="enter" vehID="Car_7919" speed="9.63" length="5.00" type="DEFAULT_CAR" gap="2531.99"/>
    <instantOut id="235_D025" time="16157.25" state="stay" vehID="Car_7919" speed="9.63" length="5.00" type="DEFAULT_CAR"/>
    <instantOut id="235_D025" time="16157.50" state="stay" vehID="Car_7919" speed="8.88" length="5.00" type="DEFAULT_CAR"/>
    <instantOut id="235_D025" time="16157.75" state="stay" vehID="Car_7919" speed="8.37" length="5.00" type="DEFAULT_CAR"/>
    <instantOut id="235_D025" time="16157.82" state="leave" vehID="Car_7919" speed="7.62" length="5.00" type="DEFAULT_CAR" occupancy="0.59"/>
    <instantOut id="235_D025" time="16865.19" state="enter" vehID="Car_8757" speed="10.11" length="5.00" type="DEFAULT_CAR" gap="707.36"/>
    <instantOut id="235_D025" time="16865.25" state="stay" vehID="Car_8757" speed="10.11" length="5.00" type="DEFAULT_CAR"/>
    <instantOut id="235_D025" time="16865.50" state="stay" vehID="Car_8757" speed="10.17" length="5.00" type="DEFAULT_CAR"/>
    <instantOut id="235_D025" time="16865.69" state="leave" vehID="Car_8757" speed="9.52" length="5.00" type="DEFAULT_CAR" occupancy="0.50"/>
    <instantOut id="235_D025" time="18214.76" state="enter" vehID="Car_11676" speed="8.23" length="5.00" type="DEFAULT_CAR" gap="1349.07"/>
    <instantOut id="235_D025" time="18215.00" state="stay" vehID="Car_11676" speed="8.23" length="5.00" type="DEFAULT_CAR"/>
    <instantOut id="235_D025" time="18215.25" state="stay" vehID="Car_11676" speed="7.63" length="5.00" type="DEFAULT_CAR"/>
    <instantOut id="235_D025" time="18215.41" state="leave" vehID="Car_11676" speed="6.90" length="5.00" type="DEFAULT_CAR" occupancy="0.65"/>
    <instantOut id="235_D025" time="21812.51" state="enter" vehID="Car_12304" speed="8.52" length="5.00" type="DEFAULT_CAR" gap="3597.10"/>
    <instantOut id="235_D025" time="21812.75" state="stay" vehID="Car_12304" speed="8.52" length="5.00" type="DEFAULT_CAR"/>
    <instantOut id="235_D025" time="21813.00" state="stay" vehID="Car_12304" speed="7.77" length="5.00" type="DEFAULT_CAR"/>
    <instantOut id="235_D025" time="21813.14" state="leave" vehID="Car_12304" speed="7.30" length="5.00" type="DEFAULT_CAR" occupancy="0.63"/>
    <instantOut id="235_D025" time="21979.35" state="enter" vehID="Car_12638" speed="6.40" length="5.00" type="DEFAULT_CAR" gap="166.21"/>
    <instantOut id="235_D025" time="21979.50" state="stay" vehID="Car_12638" speed="6.40" length="5.00" type="DEFAULT_CAR"/>
    <instantOut id="235_D025" time="21979.75" state="stay" vehID="Car_12638" speed="5.80" length="5.00" type="DEFAULT_CAR"/>
    <instantOut id="235_D025" time="21980.00" state="stay" vehID="Car_12638" speed="5.11" length="5.00" type="DEFAULT_CAR"/>
    <instantOut id="235_D025" time="21980.25" state="stay" vehID="Car_12638" speed="4.44" length="5.00" type="DEFAULT_CAR"/>
    <instantOut id="235_D025" time="21980.30" state="leave" vehID="Car_12638" speed="3.74" length="5.00" type="DEFAULT_CAR" occupancy="0.95"/>
    <instantOut id="235_D025" time="23093.55" state="enter" vehID="Car_12643" speed="7.08" length="5.00" type="DEFAULT_CAR" gap="1113.25"/>
    <instantOut id="235_D025" time="23093.75" state="stay" vehID="Car_12643" speed="7.08" length="5.00" type="DEFAULT_CAR"/>
    <instantOut id="235_D025" time="23094.00" state="stay" vehID="Car_12643" speed="6.33" length="5.00" type="DEFAULT_CAR"/>
    <instantOut id="235_D025" time="23094.25" state="stay" vehID="Car_12643" speed="5.67" length="5.00" type="DEFAULT_CAR"/>
    <instantOut id="235_D025" time="23094.36" state="leave" vehID="Car_12643" speed="5.36" length="5.00" type="DEFAULT_CAR" occupancy="0.81"/>
    <instantOut id="235_D025" time="23635.47" state="enter" vehID="Car_11870" speed="10.07" length="5.00" type="DEFAULT_CAR" gap="541.10"/>
    <instantOut id="235_D025" time="23635.50" state="stay" vehID="Car_11870" speed="10.07" length="5.00" type="DEFAULT_CAR"/>
    <instantOut id="235_D025" time="23635.75" state="stay" vehID="Car_11870" speed="9.32" length="5.00" type="DEFAULT_CAR"/>
    <instantOut id="235_D025" time="23636.00" state="stay" vehID="Car_11870" speed="8.57" length="5.00" type="DEFAULT_CAR"/>
    <instantOut id="235_D025" time="23636.02" state="leave" vehID="Car_11870" speed="7.82" length="5.00" type="DEFAULT_CAR" occupancy="0.56"/>
    <instantOut id="235_D025" time="24780.97" state="enter" vehID="Car_14723" speed="9.90" length="5.00" type="DEFAULT_CAR" gap="1144.95"/>
    <instantOut id="235_D025" time="24781.00" state="stay" vehID="Car_14723" speed="9.90" length="5.00" type="DEFAULT_CAR"/>
    <instantOut id="235_D025" time="24781.25" state="stay" vehID="Car_14723" speed="10.48" length="5.00" type="DEFAULT_CAR"/>
    <instantOut id="235_D025" time="24781.46" state="leave" vehID="Car_14723" speed="10.24" length="5.00" type="DEFAULT_CAR" occupancy="0.48"/>
    <instantOut id="235_D025" time="25126.72" state="enter" vehID="Car_16000" speed="8.93" length="5.00" type="DEFAULT_CAR" gap="345.26"/>
    <instantOut id="235_D025" time="25126.75" state="stay" vehID="Car_16000" speed="8.93" length="5.00" type="DEFAULT_CAR"/>
    <instantOut id="235_D025" time="25127.00" state="stay" vehID="Car_16000" speed="8.44" length="5.00" type="DEFAULT_CAR"/>
    <instantOut id="235_D025" time="25127.25" state="stay" vehID="Car_16000" speed="7.69" length="5.00" type="DEFAULT_CAR"/>
    <instantOut id="235_D025" time="25127.34" state="leave" vehID="Car_16000" speed="7.02" length="5.00" type="DEFAULT_CAR" occupancy="0.63"/>
    <instantOut id="235_D025" time="25533.99" state="enter" vehID="Car_15309" speed="9.02" length="5.00" type="DEFAULT_CAR" gap="406.65"/>
    <instantOut id="235_D025" time="25534.00" state="stay" vehID="Car_15309" speed="9.02" length="5.00" type="DEFAULT_CAR"/>
    <instantOut id="235_D025" time="25534.25" state="stay" vehID="Car_15309" speed="8.46" length="5.00" type="DEFAULT_CAR"/>
    <instantOut id="235_D025" time="25534.50" state="stay" vehID="Car_15309" speed="7.71" length="5.00" type="DEFAULT_CAR"/>
    <instantOut id="235_D025" time="25534.63" state="leave" vehID="Car_15309" speed="6.96" length="5.00" type="DEFAULT_CAR" occupancy="0.64"/>
    <instantOut id="235_D025" time="25785.24" state="enter" vehID="Car_15998" speed="8.84" length="5.00" type="DEFAULT_CAR" gap="250.61"/>
    <instantOut id="235_D025" time="25785.25" state="stay" vehID="Car_15998" speed="8.84" length="5.00" type="DEFAULT_CAR"/>
    <instantOut id="235_D025" time="25785.50" state="stay" vehID="Car_15998" speed="8.09" length="5.00" type="DEFAULT_CAR"/>
    <instantOut id="235_D025" time="25785.75" state="stay" vehID="Car_15998" speed="7.71" length="5.00" type="DEFAULT_CAR"/>
    <instantOut id="235_D025" time="25785.89" state="leave" vehID="Car_15998" speed="6.96" length="5.00" type="DEFAULT_CAR" occupancy="0.65"/>
    <instantOut id="235_D025" time="26822.72" state="enter" vehID="Car_16465" speed="9.42" length="5.00" type="DEFAULT_CAR" gap="1036.83"/>
    <instantOut id="235_D025" time="26822.75" state="stay" vehID="Car_16465" speed="9.42" length="5.00" type="DEFAULT_CAR"/>
    <instantOut id="235_D025" time="26823.00" state="stay" vehID="Car_16465" speed="8.67" length="5.00" type="DEFAULT_CAR"/>
    <instantOut id="235_D025" time="26823.25" state="stay" vehID="Car_16465" speed="7.97" length="5.00" type="DEFAULT_CAR"/>
    <instantOut id="235_D025" time="26823.33" state="leave" vehID="Car_16465" speed="7.22" length="5.00" type="DEFAULT_CAR" occupancy="0.61"/>
    <instantOut id="235_D025" time="27387.73" state="enter" vehID="Car_15992" speed="8.73" length="5.00" type="DEFAULT_CAR" gap="564.39"/>
    <instantOut id="235_D025" time="27387.75" state="stay" vehID="Car_15992" speed="8.73" length="5.00" type="DEFAULT_CAR"/>
    <instantOut id="235_D025" time="27388.00" state="stay" vehID="Car_15992" speed="8.31" length="5.00" type="DEFAULT_CAR"/>
    <instantOut id="235_D025" time="27388.25" state="stay" vehID="Car_15992" speed="7.58" length="5.00" type="DEFAULT_CAR"/>
    <instantOut id="235_D025" time="27388.37" state="leave" vehID="Car_15992" speed="6.83" length="5.00" type="DEFAULT_CAR" occupancy="0.64"/>
    <instantOut id="235_D025" time="27484.74" state="enter" vehID="Car_16462" speed="9.51" length="5.00" type="DEFAULT_CAR" gap="96.36"/>
    <instantOut id="235_D025" time="27484.75" state="stay" vehID="Car_16462" speed="9.51" length="5.00" type="DEFAULT_CAR"/>
    <instantOut id="235_D025" time="27485.00" state="stay" vehID="Car_16462" speed="10.13" length="5.00" type="DEFAULT_CAR"/>
    <instantOut id="235_D025" time="27485.24" state="leave" vehID="Car_16462" speed="9.86" length="5.00" type="DEFAULT_CAR" occupancy="0.50"/>
    <instantOut id="235_D025" time="32131.99" state="enter" vehID="Car_20749" speed="8.59" length="5.00" type="DEFAULT_CAR" gap="4646.75"/>
    <instantOut id="235_D025" time="32132.00" state="stay" vehID="Car_20749" speed="8.59" length="5.00" type="DEFAULT_CAR"/>
    <instantOut id="235_D025" time="32132.25" state="stay" vehID="Car_20749" speed="8.20" length="5.00" type="DEFAULT_CAR"/>
    <instantOut id="235_D025" time="32132.50" state="stay" vehID="Car_20749" speed="7.45" length="5.00" type="DEFAULT_CAR"/>
    <instantOut id="235_D025" time="32132.65" state="leave" vehID="Car_20749" speed="6.73" length="5.00" type="DEFAULT_CAR" occupancy="0.66"/>
    <instantOut id="235_D025" time="33660.95" state="enter" vehID="Car_19817" speed="10.31" length="5.00" type="DEFAULT_CAR" gap="1528.30"/>
    <instantOut id="235_D025" time="33661.00" state="stay" vehID="Car_19817" speed="10.31" length="5.00" type="DEFAULT_CAR"/>
    <instantOut id="235_D025" time="33661.25" state="stay" vehID="Car_19817" speed="10.58" length="5.00" type="DEFAULT_CAR"/>
    <instantOut id="235_D025" time="33661.43" state="leave" vehID="Car_19817" speed="10.45" length="5.00" type="DEFAULT_CAR" occupancy="0.48"/>
    <instantOut id="235_D025" time="34032.93" state="enter" vehID="Car_19815" speed="7.26" length="5.00" type="DEFAULT_CAR" gap="371.50"/>
    <instantOut id="235_D025" time="34033.00" state="stay" vehID="Car_19815" speed="7.26" length="5.00" type="DEFAULT_CAR"/>
    <instantOut id="235_D025" time="34033.25" state="stay" vehID="Car_19815" speed="7.74" length="5.00" type="DEFAULT_CAR"/>
    <instantOut id="235_D025" time="34033.50" state="stay" vehID="Car_19815" speed="8.02" length="5.00" type="DEFAULT_CAR"/>
    <instantOut id="235_D025" time="34033.57" state="leave" vehID="Car_19815" speed="7.27" length="5.00" type="DEFAULT_CAR" occupancy="0.65"/>
    <instantOut id="235_D025" time="34808.01" state="enter" vehID="Car_19203" speed="7.56" length="5.00" type="DEFAULT_CAR" gap="774.43"/>
    <instantOut id="235_D025" time="34808.25" state="stay" vehID="Car_19203" speed="7.56" length="5.00" type="DEFAULT_CAR"/>
    <instantOut id="235_D025" time="34808.50" state="stay" vehID="Car_19203" speed="7.78" length="5.00" type="DEFAULT_CAR"/>
    <instantOut id="235_D025" time="34808.66" state="leave" vehID="Car_19203" speed="7.36" length="5.00" type="DEFAULT_CAR" occupancy="0.66"/>
    <instantOut id="235_D025" time="34983.35" state="enter" vehID="Car_19222" speed="9.48" length="5.00" type="DEFAULT_CAR" gap="174.68"/>
    <instantOut id="235_D025" time="34983.50" state="stay" vehID="Car_19222" speed="9.48" length="5.00" type="DEFAULT_CAR"/>
    <instantOut id="235_D025" time="34983.75" state="stay" vehID="Car_19222" speed="8.79" length="5.00" type="DEFAULT_CAR"/>
    <instantOut id="235_D025" time="34983.92" state="leave" vehID="Car_19222" speed="8.04" length="5.00" type="DEFAULT_CAR" occupancy="0.57"/>
    <instantOut id="235_D025" time="39147.98" state="enter" vehID="Car_23429" speed="9.48" length="5.00" type="DEFAULT_CAR" gap="4164.06"/>
    <instantOut id="235_D025" time="39148.00" state="stay" vehID="Car_23429" speed="9.48" length="5.00" type="DEFAULT_CAR"/>
    <instantOut id="235_D025" time="39148.25" state="stay" vehID="Car_23429" speed="8.85" length="5.00" type="DEFAULT_CAR"/>
    <instantOut id="235_D025" time="39148.50" state="stay" vehID="Car_23429" speed="8.10" length="5.00" type="DEFAULT_CAR"/>
    <instantOut id="235_D025" time="39148.58" state="leave" vehID="Car_23429" speed="7.35" length="5.00" type="DEFAULT_CAR" occupancy="0.60"/>
    <instantOut id="235_D025" time="43700.46" state="enter" vehID="Car_24929" speed="9.62" length="5.00" type="DEFAULT_CAR" gap="4551.88"/>
    <instantOut id="235_D025" time="43700.50" state="stay" vehID="Car_24929" speed="9.62" length="5.00" type="DEFAULT_CAR"/>
    <instantOut id="235_D025" time="43700.75" state="stay" vehID="Car_24929" speed="10.20" length="5.00" type="DEFAULT_CAR"/>
    <instantOut id="235_D025" time="43700.97" state="leave" vehID="Car_24929" speed="9.52" length="5.00" type="DEFAULT_CAR" occupancy="0.51"/>
</instantE1>
