<?xml version="1.0" encoding="UTF-8"?>

<!-- generated on 2025-02-28 15:00:49 by Eclipse SUMO GUI Version 1.19.0
<configuration xmlns:xsi="http://www.w3.org/2001/XMLSchema-instance" xsi:noNamespaceSchemaLocation="http://sumo.dlr.de/xsd/sumoConfiguration.xsd">

    <input>
        <net-file value="Network.net.xml"/>
        <route-files value="CarRoutes.rou.xml"/>
        <additional-files value="Sensors.add.xml"/>
    </input>

    <output>
        <emission-output value="logs/Emissions.xml"/>
        <summary-output value="logs/Log_summary.xml"/>
        <summary-output.period value="300"/>
        <tripinfo-output value="logs/TripInfos.xml"/>
    </output>

    <time>
        <begin value="0"/>
        <end value="86400"/>
        <step-length value="0.25"/>
    </time>

    <processing>
        <ignore-junction-blocker value="0.1"/>
        <time-to-teleport value="-1"/>
    </processing>

    <report>
        <verbose value="true"/>
        <no-step-log value="true"/>
    </report>

    <emissions>
        <device.emissions.period value="10"/>
    </emissions>

    <traci_server>
        <remote-port value="56202"/>
    </traci_server>

    <gui_only>
        <quit-on-end value="true"/>
        <start value="true"/>
    </gui_only>

</configuration>
-->

<instantE1 xmlns:xsi="http://www.w3.org/2001/XMLSchema-instance" xsi:noNamespaceSchemaLocation="http://sumo.dlr.de/xsd/instant_e1_file.xsd">
    <instantOut id="235_D025" time="1429.03" state="enter" vehID="Car_935" speed="7.02" length="5.00" type="DEFAULT_CAR"/>
    <instantOut id="235_D025" time="1429.25" state="stay" vehID="Car_935" speed="7.02" length="5.00" type="DEFAULT_CAR"/>
    <instantOut id="235_D025" time="1429.50" state="stay" vehID="Car_935" speed="7.68" length="5.00" type="DEFAULT_CAR"/>
    <instantOut id="235_D025" time="1429.68" state="leave" vehID="Car_935" speed="8.50" length="5.00" type="DEFAULT_CAR" occupancy="0.65"/>
    <instantOut id="235_D025" time="2739.02" state="enter" vehID="Car_1501" speed="7.79" length="5.00" type="DEFAULT_CAR" gap="1309.34"/>
    <instantOut id="235_D025" time="2739.25" state="stay" vehID="Car_1501" speed="7.79" length="5.00" type="DEFAULT_CAR"/>
    <instantOut id="235_D025" time="2739.50" state="stay" vehID="Car_1501" speed="7.04" length="5.00" type="DEFAULT_CAR"/>
    <instantOut id="235_D025" time="2739.73" state="leave" vehID="Car_1501" speed="6.39" length="5.00" type="DEFAULT_CAR" occupancy="0.71"/>
    <instantOut id="235_D025" time="7773.00" state="enter" vehID="Car_3928" speed="8.23" length="5.00" type="DEFAULT_CAR" gap="5033.27"/>
    <instantOut id="235_D025" time="7773.00" state="stay" vehID="Car_3928" speed="8.23" length="5.00" type="DEFAULT_CAR"/>
    <instantOut id="235_D025" time="7773.25" state="stay" vehID="Car_3928" speed="7.49" length="5.00" type="DEFAULT_CAR"/>
    <instantOut id="235_D025" time="7773.50" state="stay" vehID="Car_3928" speed="6.74" length="5.00" type="DEFAULT_CAR"/>
    <instantOut id="235_D025" time="7773.74" state="leave" vehID="Car_3928" speed="6.04" length="5.00" type="DEFAULT_CAR" occupancy="0.74"/>
    <instantOut id="235_D025" time="9685.31" state="enter" vehID="Car_4351" speed="10.98" length="5.00" type="DEFAULT_CAR" gap="1911.57"/>
    <instantOut id="235_D025" time="9685.50" state="stay" vehID="Car_4351" speed="10.98" length="5.00" type="DEFAULT_CAR"/>
    <instantOut id="235_D025" time="9685.75" state="stay" vehID="Car_4351" speed="10.30" length="5.00" type="DEFAULT_CAR"/>
    <instantOut id="235_D025" time="9685.78" state="leave" vehID="Car_4351" speed="9.55" length="5.00" type="DEFAULT_CAR" occupancy="0.48"/>
    <instantOut id="235_D025" time="10314.99" state="enter" vehID="Car_5412" speed="9.55" length="5.00" type="DEFAULT_CAR" gap="629.21"/>
    <instantOut id="235_D025" time="10315.00" state="stay" vehID="Car_5412" speed="9.55" length="5.00" type="DEFAULT_CAR"/>
    <instantOut id="235_D025" time="10315.25" state="stay" vehID="Car_5412" speed="9.01" length="5.00" type="DEFAULT_CAR"/>
    <instantOut id="235_D025" time="10315.50" state="stay" vehID="Car_5412" speed="8.26" length="5.00" type="DEFAULT_CAR"/>
    <instantOut id="235_D025" time="10315.58" state="leave" vehID="Car_5412" speed="7.53" length="5.00" type="DEFAULT_CAR" occupancy="0.59"/>
    <instantOut id="235_D025" time="11130.97" state="enter" vehID="Car_5395" speed="9.38" length="5.00" type="DEFAULT_CAR" gap="815.38"/>
    <instantOut id="235_D025" time="11131.00" state="stay" vehID="Car_5395" speed="9.38" length="5.00" type="DEFAULT_CAR"/>
    <instantOut id="235_D025" time="11131.25" state="stay" vehID="Car_5395" speed="9.03" length="5.00" type="DEFAULT_CAR"/>
    <instantOut id="235_D025" time="11131.50" state="stay" vehID="Car_5395" speed="8.28" length="5.00" type="DEFAULT_CAR"/>
    <instantOut id="235_D025" time="11131.55" state="leave" vehID="Car_5395" speed="7.53" length="5.00" type="DEFAULT_CAR" occupancy="0.58"/>
    <instantOut id="235_D025" time="12643.10" state="enter" vehID="Car_6942" speed="7.00" length="5.00" type="DEFAULT_CAR" gap="1511.55"/>
    <instantOut id="235_D025" time="12643.25" state="stay" vehID="Car_6942" speed="7.00" length="5.00" type="DEFAULT_CAR"/>
    <instantOut id="235_D025" time="12643.50" state="stay" vehID="Car_6942" speed="6.25" length="5.00" type="DEFAULT_CAR"/>
    <instantOut id="235_D025" time="12643.75" state="stay" vehID="Car_6942" speed="5.86" length="5.00" type="DEFAULT_CAR"/>
    <instantOut id="235_D025" time="12643.93" state="leave" vehID="Car_6942" speed="5.11" length="5.00" type="DEFAULT_CAR" occupancy="0.83"/>
    <instantOut id="235_D025" time="12671.06" state="enter" vehID="Car_6940" speed="7.28" length="5.00" type="DEFAULT_CAR" gap="27.13"/>
    <instantOut id="235_D025" time="12671.25" state="stay" vehID="Car_6940" speed="7.28" length="5.00" type="DEFAULT_CAR"/>
    <instantOut id="235_D025" time="12671.50" state="stay" vehID="Car_6940" speed="6.53" length="5.00" type="DEFAULT_CAR"/>
    <instantOut id="235_D025" time="12671.75" state="stay" vehID="Car_6940" speed="5.78" length="5.00" type="DEFAULT_CAR"/>
    <instantOut id="235_D025" time="12671.86" state="leave" vehID="Car_6940" speed="5.35" length="5.00" type="DEFAULT_CAR" occupancy="0.79"/>
    <instantOut id="235_D025" time="12721.25" state="enter" vehID="Car_7262" speed="8.74" length="5.00" type="DEFAULT_CAR" gap="49.39"/>
    <instantOut id="235_D025" time="12721.25" state="stay" vehID="Car_7262" speed="8.74" length="5.00" type="DEFAULT_CAR"/>
    <instantOut id="235_D025" time="12721.50" state="stay" vehID="Car_7262" speed="8.21" length="5.00" type="DEFAULT_CAR"/>
    <instantOut id="235_D025" time="12721.75" state="stay" vehID="Car_7262" speed="7.46" length="5.00" type="DEFAULT_CAR"/>
    <instantOut id="235_D025" time="12721.91" state="leave" vehID="Car_7262" speed="6.71" length="5.00" type="DEFAULT_CAR" occupancy="0.66"/>
    <instantOut id="235_D025" time="13262.93" state="enter" vehID="Car_6841" speed="10.08" length="5.00" type="DEFAULT_CAR" gap="541.03"/>
    <instantOut id="235_D025" time="13263.00" state="stay" vehID="Car_6841" speed="10.08" length="5.00" type="DEFAULT_CAR"/>
    <instantOut id="235_D025" time="13263.25" state="stay" vehID="Car_6841" speed="10.43" length="5.00" type="DEFAULT_CAR"/>
    <instantOut id="235_D025" time="13263.43" state="leave" vehID="Car_6841" speed="9.69" length="5.00" type="DEFAULT_CAR" occupancy="0.49"/>
    <instantOut id="235_D025" time="13516.94" state="enter" vehID="Car_7934" speed="9.94" length="5.00" type="DEFAULT_CAR" gap="253.51"/>
    <instantOut id="235_D025" time="13517.00" state="stay" vehID="Car_7934" speed="9.94" length="5.00" type="DEFAULT_CAR"/>
    <instantOut id="235_D025" time="13517.25" state="stay" vehID="Car_7934" speed="10.65" length="5.00" type="DEFAULT_CAR"/>
    <instantOut id="235_D025" time="13517.43" state="leave" vehID="Car_7934" speed="9.90" length="5.00" type="DEFAULT_CAR" occupancy="0.49"/>
    <instantOut id="235_D025" time="13718.65" state="enter" vehID="Car_7861" speed="7.53" length="5.00" type="DEFAULT_CAR" gap="201.22"/>
    <instantOut id="235_D025" time="13718.75" state="stay" vehID="Car_7861" speed="7.53" length="5.00" type="DEFAULT_CAR"/>
    <instantOut id="235_D025" time="13719.00" state="stay" vehID="Car_7861" speed="8.18" length="5.00" type="DEFAULT_CAR"/>
    <instantOut id="235_D025" time="13719.25" state="stay" vehID="Car_7861" speed="7.43" length="5.00" type="DEFAULT_CAR"/>
    <instantOut id="235_D025" time="13719.30" state="leave" vehID="Car_7861" speed="6.78" length="5.00" type="DEFAULT_CAR" occupancy="0.65"/>
    <instantOut id="235_D025" time="14654.20" state="enter" vehID="Car_8420" speed="9.87" length="5.00" type="DEFAULT_CAR" gap="934.90"/>
    <instantOut id="235_D025" time="14654.25" state="stay" vehID="Car_8420" speed="9.87" length="5.00" type="DEFAULT_CAR"/>
    <instantOut id="235_D025" time="14654.50" state="stay" vehID="Car_8420" speed="9.12" length="5.00" type="DEFAULT_CAR"/>
    <instantOut id="235_D025" time="14654.75" state="stay" vehID="Car_8420" speed="8.37" length="5.00" type="DEFAULT_CAR"/>
    <instantOut id="235_D025" time="14654.76" state="leave" vehID="Car_8420" speed="7.67" length="5.00" type="DEFAULT_CAR" occupancy="0.57"/>
    <instantOut id="235_D025" time="18374.70" state="enter" vehID="Car_10400" speed="10.10" length="5.00" type="DEFAULT_CAR" gap="3719.93"/>
    <instantOut id="235_D025" time="18374.75" state="stay" vehID="Car_10400" speed="10.10" length="5.00" type="DEFAULT_CAR"/>
    <instantOut id="235_D025" time="18375.00" state="stay" vehID="Car_10400" speed="10.18" length="5.00" type="DEFAULT_CAR"/>
    <instantOut id="235_D025" time="18375.20" state="leave" vehID="Car_10400" speed="9.43" length="5.00" type="DEFAULT_CAR" occupancy="0.51"/>
    <instantOut id="235_D025" time="19111.91" state="enter" vehID="Car_10630" speed="6.47" length="5.00" type="DEFAULT_CAR" gap="736.71"/>
    <instantOut id="235_D025" time="19112.00" state="stay" vehID="Car_10630" speed="6.47" length="5.00" type="DEFAULT_CAR"/>
    <instantOut id="235_D025" time="19112.25" state="stay" vehID="Car_10630" speed="6.23" length="5.00" type="DEFAULT_CAR"/>
    <instantOut id="235_D025" time="19112.50" state="stay" vehID="Car_10630" speed="5.65" length="5.00" type="DEFAULT_CAR"/>
    <instantOut id="235_D025" time="19112.75" state="stay" vehID="Car_10630" speed="4.90" length="5.00" type="DEFAULT_CAR"/>
    <instantOut id="235_D025" time="19112.81" state="leave" vehID="Car_10630" speed="4.15" length="5.00" type="DEFAULT_CAR" occupancy="0.90"/>
    <instantOut id="235_D025" time="19628.02" state="enter" vehID="Car_10530" speed="7.53" length="5.00" type="DEFAULT_CAR" gap="515.21"/>
    <instantOut id="235_D025" time="19628.25" state="stay" vehID="Car_10530" speed="7.53" length="5.00" type="DEFAULT_CAR"/>
    <instantOut id="235_D025" time="19628.50" state="stay" vehID="Car_10530" speed="6.78" length="5.00" type="DEFAULT_CAR"/>
    <instantOut id="235_D025" time="19628.75" state="stay" vehID="Car_10530" speed="6.03" length="5.00" type="DEFAULT_CAR"/>
    <instantOut id="235_D025" time="19628.76" state="leave" vehID="Car_10530" speed="5.28" length="5.00" type="DEFAULT_CAR" occupancy="0.74"/>
    <instantOut id="235_D025" time="19924.08" state="enter" vehID="Car_10516" speed="7.34" length="5.00" type="DEFAULT_CAR" gap="295.31"/>
    <instantOut id="235_D025" time="19924.25" state="stay" vehID="Car_10516" speed="7.34" length="5.00" type="DEFAULT_CAR"/>
    <instantOut id="235_D025" time="19924.50" state="stay" vehID="Car_10516" speed="6.59" length="5.00" type="DEFAULT_CAR"/>
    <instantOut id="235_D025" time="19924.75" state="stay" vehID="Car_10516" speed="5.85" length="5.00" type="DEFAULT_CAR"/>
    <instantOut id="235_D025" time="19924.87" state="leave" vehID="Car_10516" speed="5.10" length="5.00" type="DEFAULT_CAR" occupancy="0.79"/>
    <instantOut id="235_D025" time="21445.77" state="enter" vehID="Car_11641" speed="9.19" length="5.00" type="DEFAULT_CAR" gap="1520.90"/>
    <instantOut id="235_D025" time="21446.00" state="stay" vehID="Car_11641" speed="9.19" length="5.00" type="DEFAULT_CAR"/>
    <instantOut id="235_D025" time="21446.25" state="stay" vehID="Car_11641" speed="8.44" length="5.00" type="DEFAULT_CAR"/>
    <instantOut id="235_D025" time="21446.35" state="leave" vehID="Car_11641" speed="7.69" length="5.00" type="DEFAULT_CAR" occupancy="0.58"/>
    <instantOut id="235_D025" time="21497.49" state="enter" vehID="Car_11645" speed="10.06" length="5.00" type="DEFAULT_CAR" gap="51.14"/>
    <instantOut id="235_D025" time="21497.50" state="stay" vehID="Car_11645" speed="10.06" length="5.00" type="DEFAULT_CAR"/>
    <instantOut id="235_D025" time="21497.75" state="stay" vehID="Car_11645" speed="9.79" length="5.00" type="DEFAULT_CAR"/>
    <instantOut id="235_D025" time="21498.00" state="stay" vehID="Car_11645" speed="9.15" length="5.00" type="DEFAULT_CAR"/>
    <instantOut id="235_D025" time="21498.02" state="leave" vehID="Car_11645" speed="8.59" length="5.00" type="DEFAULT_CAR" occupancy="0.53"/>
    <instantOut id="235_D025" time="22066.00" state="enter" vehID="Car_11640" speed="6.29" length="5.00" type="DEFAULT_CAR" gap="567.99"/>
    <instantOut id="235_D025" time="22066.25" state="stay" vehID="Car_11640" speed="6.29" length="5.00" type="DEFAULT_CAR"/>
    <instantOut id="235_D025" time="22066.50" state="stay" vehID="Car_11640" speed="5.54" length="5.00" type="DEFAULT_CAR"/>
    <instantOut id="235_D025" time="22066.75" state="stay" vehID="Car_11640" speed="4.79" length="5.00" type="DEFAULT_CAR"/>
    <instantOut id="235_D025" time="22066.96" state="leave" vehID="Car_11640" speed="4.04" length="5.00" type="DEFAULT_CAR" occupancy="0.96"/>
    <instantOut id="235_D025" time="22940.99" state="enter" vehID="Car_13281" speed="9.23" length="5.00" type="DEFAULT_CAR" gap="874.02"/>
    <instantOut id="235_D025" time="22941.00" state="stay" vehID="Car_13281" speed="9.23" length="5.00" type="DEFAULT_CAR"/>
    <instantOut id="235_D025" time="22941.25" state="stay" vehID="Car_13281" speed="9.67" length="5.00" type="DEFAULT_CAR"/>
    <instantOut id="235_D025" time="22941.50" state="stay" vehID="Car_13281" speed="8.92" length="5.00" type="DEFAULT_CAR"/>
    <instantOut id="235_D025" time="22941.53" state="leave" vehID="Car_13281" speed="8.17" length="5.00" type="DEFAULT_CAR" occupancy="0.54"/>
    <instantOut id="235_D025" time="23221.48" state="enter" vehID="Car_13302" speed="9.79" length="5.00" type="DEFAULT_CAR" gap="279.96"/>
    <instantOut id="235_D025" time="23221.50" state="stay" vehID="Car_13302" speed="9.79" length="5.00" type="DEFAULT_CAR"/>
    <instantOut id="235_D025" time="23221.75" state="stay" vehID="Car_13302" speed="9.31" length="5.00" type="DEFAULT_CAR"/>
    <instantOut id="235_D025" time="23222.00" state="stay" vehID="Car_13302" speed="8.60" length="5.00" type="DEFAULT_CAR"/>
    <instantOut id="235_D025" time="23222.04" state="leave" vehID="Car_13302" speed="7.85" length="5.00" type="DEFAULT_CAR" occupancy="0.56"/>
    <instantOut id="235_D025" time="23840.86" state="enter" vehID="Car_13111" speed="6.99" length="5.00" type="DEFAULT_CAR" gap="618.82"/>
    <instantOut id="235_D025" time="23841.00" state="stay" vehID="Car_13111" speed="6.99" length="5.00" type="DEFAULT_CAR"/>
    <instantOut id="235_D025" time="23841.25" state="stay" vehID="Car_13111" speed="6.28" length="5.00" type="DEFAULT_CAR"/>
    <instantOut id="235_D025" time="23841.50" state="stay" vehID="Car_13111" speed="5.64" length="5.00" type="DEFAULT_CAR"/>
    <instantOut id="235_D025" time="23841.72" state="leave" vehID="Car_13111" speed="4.89" length="5.00" type="DEFAULT_CAR" occupancy="0.85"/>
    <instantOut id="235_D025" time="24083.69" state="enter" vehID="Car_13559" speed="9.44" length="5.00" type="DEFAULT_CAR" gap="241.97"/>
    <instantOut id="235_D025" time="24083.75" state="stay" vehID="Car_13559" speed="9.44" length="5.00" type="DEFAULT_CAR"/>
    <instantOut id="235_D025" time="24084.00" state="stay" vehID="Car_13559" speed="8.69" length="5.00" type="DEFAULT_CAR"/>
    <instantOut id="235_D025" time="24084.25" state="stay" vehID="Car_13559" speed="7.94" length="5.00" type="DEFAULT_CAR"/>
    <instantOut id="235_D025" time="24084.28" state="leave" vehID="Car_13559" speed="7.19" length="5.00" type="DEFAULT_CAR" occupancy="0.60"/>
    <instantOut id="235_D025" time="24343.72" state="enter" vehID="Car_14357" speed="9.38" length="5.00" type="DEFAULT_CAR" gap="259.44"/>
    <instantOut id="235_D025" time="24343.75" state="stay" vehID="Car_14357" speed="9.38" length="5.00" type="DEFAULT_CAR"/>
    <instantOut id="235_D025" time="24344.00" state="stay" vehID="Car_14357" speed="9.19" length="5.00" type="DEFAULT_CAR"/>
    <instantOut id="235_D025" time="24344.25" state="stay" vehID="Car_14357" speed="8.44" length="5.00" type="DEFAULT_CAR"/>
    <instantOut id="235_D025" time="24344.30" state="leave" vehID="Car_14357" speed="7.69" length="5.00" type="DEFAULT_CAR" occupancy="0.57"/>
    <instantOut id="235_D025" time="24788.85" state="enter" vehID="Car_14170" speed="7.94" length="5.00" type="DEFAULT_CAR" gap="444.55"/>
    <instantOut id="235_D025" time="24789.00" state="stay" vehID="Car_14170" speed="7.94" length="5.00" type="DEFAULT_CAR"/>
    <instantOut id="235_D025" time="24789.25" state="stay" vehID="Car_14170" speed="7.19" length="5.00" type="DEFAULT_CAR"/>
    <instantOut id="235_D025" time="24789.50" state="stay" vehID="Car_14170" speed="6.44" length="5.00" type="DEFAULT_CAR"/>
    <instantOut id="235_D025" time="24789.57" state="leave" vehID="Car_14170" speed="5.69" length="5.00" type="DEFAULT_CAR" occupancy="0.72"/>
    <instantOut id="235_D025" time="25426.36" state="enter" vehID="Car_14322" speed="8.41" length="5.00" type="DEFAULT_CAR" gap="636.79"/>
    <instantOut id="235_D025" time="25426.50" state="stay" vehID="Car_14322" speed="8.41" length="5.00" type="DEFAULT_CAR"/>
    <instantOut id="235_D025" time="25426.75" state="stay" vehID="Car_14322" speed="7.66" length="5.00" type="DEFAULT_CAR"/>
    <instantOut id="235_D025" time="25427.00" state="stay" vehID="Car_14322" speed="6.91" length="5.00" type="DEFAULT_CAR"/>
    <instantOut id="235_D025" time="25427.02" state="leave" vehID="Car_14322" speed="6.16" length="5.00" type="DEFAULT_CAR" occupancy="0.67"/>
    <instantOut id="235_D025" time="25873.43" state="enter" vehID="Car_14828" speed="3.82" length="5.00" type="DEFAULT_CAR" gap="446.41"/>
    <instantOut id="235_D025" time="25873.50" state="stay" vehID="Car_14828" speed="3.82" length="5.00" type="DEFAULT_CAR"/>
    <instantOut id="235_D025" time="25873.75" state="stay" vehID="Car_14828" speed="3.85" length="5.00" type="DEFAULT_CAR"/>
    <instantOut id="235_D025" time="25874.00" state="stay" vehID="Car_14828" speed="4.12" length="5.00" type="DEFAULT_CAR"/>
    <instantOut id="235_D025" time="25874.25" state="stay" vehID="Car_14828" speed="3.89" length="5.00" type="DEFAULT_CAR"/>
    <instantOut id="235_D025" time="25874.50" state="stay" vehID="Car_14828" speed="3.71" length="5.00" type="DEFAULT_CAR"/>
    <instantOut id="235_D025" time="25874.74" state="leave" vehID="Car_14828" speed="3.52" length="5.00" type="DEFAULT_CAR" occupancy="1.31"/>
    <instantOut id="235_D025" time="25940.98" state="enter" vehID="Car_14793" speed="7.20" length="5.00" type="DEFAULT_CAR" gap="66.24"/>
    <instantOut id="235_D025" time="25941.00" state="stay" vehID="Car_14793" speed="7.20" length="5.00" type="DEFAULT_CAR"/>
    <instantOut id="235_D025" time="25941.25" state="stay" vehID="Car_14793" speed="6.67" length="5.00" type="DEFAULT_CAR"/>
    <instantOut id="235_D025" time="25941.50" state="stay" vehID="Car_14793" speed="5.92" length="5.00" type="DEFAULT_CAR"/>
    <instantOut id="235_D025" time="25941.75" state="stay" vehID="Car_14793" speed="5.28" length="5.00" type="DEFAULT_CAR"/>
    <instantOut id="235_D025" time="25941.84" state="leave" vehID="Car_14793" speed="4.57" length="5.00" type="DEFAULT_CAR" occupancy="0.86"/>
    <instantOut id="235_D025" time="26016.47" state="enter" vehID="Car_15195" speed="10.69" length="5.00" type="DEFAULT_CAR" gap="74.63"/>
    <instantOut id="235_D025" time="26016.50" state="stay" vehID="Car_15195" speed="10.69" length="5.00" type="DEFAULT_CAR"/>
    <instantOut id="235_D025" time="26016.75" state="stay" vehID="Car_15195" speed="9.94" length="5.00" type="DEFAULT_CAR"/>
    <instantOut id="235_D025" time="26016.99" state="leave" vehID="Car_15195" speed="9.22" length="5.00" type="DEFAULT_CAR" occupancy="0.52"/>
    <instantOut id="235_D025" time="26024.22" state="enter" vehID="Car_15193" speed="8.39" length="5.00" type="DEFAULT_CAR" gap="7.23"/>
    <instantOut id="235_D025" time="26024.25" state="stay" vehID="Car_15193" speed="8.39" length="5.00" type="DEFAULT_CAR"/>
    <instantOut id="235_D025" time="26024.50" state="stay" vehID="Car_15193" speed="7.72" length="5.00" type="DEFAULT_CAR"/>
    <instantOut id="235_D025" time="26024.75" state="stay" vehID="Car_15193" speed="6.97" length="5.00" type="DEFAULT_CAR"/>
    <instantOut id="235_D025" time="26024.92" state="leave" vehID="Car_15193" speed="6.42" length="5.00" type="DEFAULT_CAR" occupancy="0.70"/>
    <instantOut id="235_D025" time="26362.46" state="enter" vehID="Car_15650" speed="9.35" length="5.00" type="DEFAULT_CAR" gap="337.54"/>
    <instantOut id="235_D025" time="26362.50" state="stay" vehID="Car_15650" speed="9.35" length="5.00" type="DEFAULT_CAR"/>
    <instantOut id="235_D025" time="26362.75" state="stay" vehID="Car_15650" speed="8.63" length="5.00" type="DEFAULT_CAR"/>
    <instantOut id="235_D025" time="26363.00" state="stay" vehID="Car_15650" speed="8.13" length="5.00" type="DEFAULT_CAR"/>
    <instantOut id="235_D025" time="26363.06" state="leave" vehID="Car_15650" speed="7.38" length="5.00" type="DEFAULT_CAR" occupancy="0.60"/>
    <instantOut id="235_D025" time="26455.04" state="enter" vehID="Car_16176" speed="7.15" length="5.00" type="DEFAULT_CAR" gap="91.99"/>
    <instantOut id="235_D025" time="26455.25" state="stay" vehID="Car_16176" speed="7.15" length="5.00" type="DEFAULT_CAR"/>
    <instantOut id="235_D025" time="26455.50" state="stay" vehID="Car_16176" speed="7.64" length="5.00" type="DEFAULT_CAR"/>
    <instantOut id="235_D025" time="26455.70" state="leave" vehID="Car_16176" speed="8.11" length="5.00" type="DEFAULT_CAR" occupancy="0.66"/>
    <instantOut id="235_D025" time="26927.02" state="enter" vehID="Car_15648" speed="7.58" length="5.00" type="DEFAULT_CAR" gap="471.32"/>
    <instantOut id="235_D025" time="26927.25" state="stay" vehID="Car_15648" speed="7.58" length="5.00" type="DEFAULT_CAR"/>
    <instantOut id="235_D025" time="26927.50" state="stay" vehID="Car_15648" speed="6.83" length="5.00" type="DEFAULT_CAR"/>
    <instantOut id="235_D025" time="26927.75" state="stay" vehID="Car_15648" speed="6.08" length="5.00" type="DEFAULT_CAR"/>
    <instantOut id="235_D025" time="26927.75" state="leave" vehID="Car_15648" speed="5.48" length="5.00" type="DEFAULT_CAR" occupancy="0.74"/>
    <instantOut id="235_D025" time="27131.24" state="enter" vehID="Car_15953" speed="9.43" length="5.00" type="DEFAULT_CAR" gap="203.49"/>
    <instantOut id="235_D025" time="27131.25" state="stay" vehID="Car_15953" speed="9.43" length="5.00" type="DEFAULT_CAR"/>
    <instantOut id="235_D025" time="27131.50" state="stay" vehID="Car_15953" speed="10.08" length="5.00" type="DEFAULT_CAR"/>
    <instantOut id="235_D025" time="27131.72" state="leave" vehID="Car_15953" speed="10.81" length="5.00" type="DEFAULT_CAR" occupancy="0.48"/>
    <instantOut id="235_D025" time="27576.05" state="enter" vehID="Car_15192" speed="7.04" length="5.00" type="DEFAULT_CAR" gap="444.33"/>
    <instantOut id="235_D025" time="27576.25" state="stay" vehID="Car_15192" speed="7.04" length="5.00" type="DEFAULT_CAR"/>
    <instantOut id="235_D025" time="27576.50" state="stay" vehID="Car_15192" speed="6.35" length="5.00" type="DEFAULT_CAR"/>
    <instantOut id="235_D025" time="27576.75" state="stay" vehID="Car_15192" speed="5.73" length="5.00" type="DEFAULT_CAR"/>
    <instantOut id="235_D025" time="27576.86" state="leave" vehID="Car_15192" speed="5.16" length="5.00" type="DEFAULT_CAR" occupancy="0.81"/>
    <instantOut id="235_D025" time="30152.81" state="enter" vehID="Car_18470" speed="7.38" length="5.00" type="DEFAULT_CAR" gap="2575.95"/>
    <instantOut id="235_D025" time="30153.00" state="stay" vehID="Car_18470" speed="7.38" length="5.00" type="DEFAULT_CAR"/>
    <instantOut id="235_D025" time="30153.25" state="stay" vehID="Car_18470" speed="6.63" length="5.00" type="DEFAULT_CAR"/>
    <instantOut id="235_D025" time="30153.50" state="stay" vehID="Car_18470" speed="5.88" length="5.00" type="DEFAULT_CAR"/>
    <instantOut id="235_D025" time="30153.59" state="leave" vehID="Car_18470" speed="5.13" length="5.00" type="DEFAULT_CAR" occupancy="0.78"/>
    <instantOut id="235_D025" time="30515.93" state="enter" vehID="Car_18858" speed="10.09" length="5.00" type="DEFAULT_CAR" gap="362.34"/>
    <instantOut id="235_D025" time="30516.00" state="stay" vehID="Car_18858" speed="10.09" length="5.00" type="DEFAULT_CAR"/>
    <instantOut id="235_D025" time="30516.25" state="stay" vehID="Car_18858" speed="10.70" length="5.00" type="DEFAULT_CAR"/>
    <instantOut id="235_D025" time="30516.41" state="leave" vehID="Car_18858" speed="9.99" length="5.00" type="DEFAULT_CAR" occupancy="0.48"/>
    <instantOut id="235_D025" time="31258.94" state="enter" vehID="Car_18466" speed="7.10" length="5.00" type="DEFAULT_CAR" gap="742.53"/>
    <instantOut id="235_D025" time="31259.00" state="stay" vehID="Car_18466" speed="7.10" length="5.00" type="DEFAULT_CAR"/>
    <instantOut id="235_D025" time="31259.25" state="stay" vehID="Car_18466" speed="7.96" length="5.00" type="DEFAULT_CAR"/>
    <instantOut id="235_D025" time="31259.50" state="stay" vehID="Car_18466" speed="7.90" length="5.00" type="DEFAULT_CAR"/>
    <instantOut id="235_D025" time="31259.58" state="leave" vehID="Car_18466" speed="7.15" length="5.00" type="DEFAULT_CAR" occupancy="0.65"/>
    <instantOut id="235_D025" time="31352.98" state="enter" vehID="Car_17890" speed="8.97" length="5.00" type="DEFAULT_CAR" gap="93.39"/>
    <instantOut id="235_D025" time="31353.00" state="stay" vehID="Car_17890" speed="8.97" length="5.00" type="DEFAULT_CAR"/>
    <instantOut id="235_D025" time="31353.25" state="stay" vehID="Car_17890" speed="8.25" length="5.00" type="DEFAULT_CAR"/>
    <instantOut id="235_D025" time="31353.50" state="stay" vehID="Car_17890" speed="7.61" length="5.00" type="DEFAULT_CAR"/>
    <instantOut id="235_D025" time="31353.62" state="leave" vehID="Car_17890" speed="7.05" length="5.00" type="DEFAULT_CAR" occupancy="0.64"/>
    <instantOut id="235_D025" time="33380.98" state="enter" vehID="Car_20415" speed="8.99" length="5.00" type="DEFAULT_CAR" gap="2027.36"/>
    <instantOut id="235_D025" time="33381.00" state="stay" vehID="Car_20415" speed="8.99" length="5.00" type="DEFAULT_CAR"/>
    <instantOut id="235_D025" time="33381.25" state="stay" vehID="Car_20415" speed="8.24" length="5.00" type="DEFAULT_CAR"/>
    <instantOut id="235_D025" time="33381.50" state="stay" vehID="Car_20415" speed="7.78" length="5.00" type="DEFAULT_CAR"/>
    <instantOut id="235_D025" time="33381.62" state="leave" vehID="Car_20415" speed="7.03" length="5.00" type="DEFAULT_CAR" occupancy="0.64"/>
    <instantOut id="235_D025" time="35446.27" state="enter" vehID="Car_21690" speed="7.61" length="5.00" type="DEFAULT_CAR" gap="2064.65"/>
    <instantOut id="235_D025" time="35446.50" state="stay" vehID="Car_21690" speed="7.61" length="5.00" type="DEFAULT_CAR"/>
    <instantOut id="235_D025" time="35446.75" state="stay" vehID="Car_21690" speed="6.91" length="5.00" type="DEFAULT_CAR"/>
    <instantOut id="235_D025" time="35447.00" state="stay" vehID="Car_21690" speed="6.16" length="5.00" type="DEFAULT_CAR"/>
    <instantOut id="235_D025" time="35447.00" state="leave" vehID="Car_21690" speed="5.41" length="5.00" type="DEFAULT_CAR" occupancy="0.73"/>
    <instantOut id="235_D025" time="35761.29" state="enter" vehID="Car_21535" speed="7.50" length="5.00" type="DEFAULT_CAR" gap="314.29"/>
    <instantOut id="235_D025" time="35761.50" state="stay" vehID="Car_21535" speed="7.50" length="5.00" type="DEFAULT_CAR"/>
    <instantOut id="235_D025" time="35761.75" state="stay" vehID="Car_21535" speed="6.75" length="5.00" type="DEFAULT_CAR"/>
    <instantOut id="235_D025" time="35762.00" state="stay" vehID="Car_21535" speed="6.00" length="5.00" type="DEFAULT_CAR"/>
    <instantOut id="235_D025" time="35762.05" state="leave" vehID="Car_21535" speed="5.25" length="5.00" type="DEFAULT_CAR" occupancy="0.76"/>
    <instantOut id="235_D025" time="36852.97" state="enter" vehID="Car_22244" speed="10.07" length="5.00" type="DEFAULT_CAR" gap="1090.92"/>
    <instantOut id="235_D025" time="36853.00" state="stay" vehID="Car_22244" speed="10.07" length="5.00" type="DEFAULT_CAR"/>
    <instantOut id="235_D025" time="36853.25" state="stay" vehID="Car_22244" speed="9.85" length="5.00" type="DEFAULT_CAR"/>
    <instantOut id="235_D025" time="36853.49" state="leave" vehID="Car_22244" speed="9.37" length="5.00" type="DEFAULT_CAR" occupancy="0.52"/>
    <instantOut id="235_D025" time="38179.47" state="enter" vehID="Car_21982" speed="9.62" length="5.00" type="DEFAULT_CAR" gap="1325.98"/>
    <instantOut id="235_D025" time="38179.50" state="stay" vehID="Car_21982" speed="9.62" length="5.00" type="DEFAULT_CAR"/>
    <instantOut id="235_D025" time="38179.75" state="stay" vehID="Car_21982" speed="8.87" length="5.00" type="DEFAULT_CAR"/>
    <instantOut id="235_D025" time="38180.00" state="stay" vehID="Car_21982" speed="8.12" length="5.00" type="DEFAULT_CAR"/>
    <instantOut id="235_D025" time="38180.06" state="leave" vehID="Car_21982" speed="7.37" length="5.00" type="DEFAULT_CAR" occupancy="0.59"/>
    <instantOut id="235_D025" time="38402.74" state="enter" vehID="Car_21844" speed="9.39" length="5.00" type="DEFAULT_CAR" gap="222.67"/>
    <instantOut id="235_D025" time="38402.75" state="stay" vehID="Car_21844" speed="9.39" length="5.00" type="DEFAULT_CAR"/>
    <instantOut id="235_D025" time="38403.00" state="stay" vehID="Car_21844" speed="10.10" length="5.00" type="DEFAULT_CAR"/>
    <instantOut id="235_D025" time="38403.25" state="stay" vehID="Car_21844" speed="9.35" length="5.00" type="DEFAULT_CAR"/>
    <instantOut id="235_D025" time="38403.25" state="leave" vehID="Car_21844" speed="8.60" length="5.00" type="DEFAULT_CAR" occupancy="0.51"/>
    <instantOut id="235_D025" time="39695.60" state="enter" vehID="Car_23215" speed="11.02" length="5.00" type="DEFAULT_CAR" gap="1292.35"/>
    <instantOut id="235_D025" time="39695.75" state="stay" vehID="Car_23215" speed="11.02" length="5.00" type="DEFAULT_CAR"/>
    <instantOut id="235_D025" time="39696.00" state="stay" vehID="Car_23215" speed="10.35" length="5.00" type="DEFAULT_CAR"/>
    <instantOut id="235_D025" time="39696.08" state="leave" vehID="Car_23215" speed="9.60" length="5.00" type="DEFAULT_CAR" occupancy="0.48"/>
    <instantOut id="235_D025" time="40209.94" state="enter" vehID="Car_23075" speed="7.37" length="5.00" type="DEFAULT_CAR" gap="513.86"/>
    <instantOut id="235_D025" time="40210.00" state="stay" vehID="Car_23075" speed="7.37" length="5.00" type="DEFAULT_CAR"/>
    <instantOut id="235_D025" time="40210.25" state="stay" vehID="Car_23075" speed="8.32" length="5.00" type="DEFAULT_CAR"/>
    <instantOut id="235_D025" time="40210.50" state="stay" vehID="Car_23075" speed="7.57" length="5.00" type="DEFAULT_CAR"/>
    <instantOut id="235_D025" time="40210.58" state="leave" vehID="Car_23075" speed="6.90" length="5.00" type="DEFAULT_CAR" occupancy="0.64"/>
    <instantOut id="235_D025" time="42248.49" state="enter" vehID="Car_24280" speed="9.01" length="5.00" type="DEFAULT_CAR" gap="2037.91"/>
    <instantOut id="235_D025" time="42248.50" state="stay" vehID="Car_24280" speed="9.01" length="5.00" type="DEFAULT_CAR"/>
    <instantOut id="235_D025" time="42248.75" state="stay" vehID="Car_24280" speed="8.26" length="5.00" type="DEFAULT_CAR"/>
    <instantOut id="235_D025" time="42249.00" state="stay" vehID="Car_24280" speed="7.51" length="5.00" type="DEFAULT_CAR"/>
    <instantOut id="235_D025" time="42249.14" state="leave" vehID="Car_24280" speed="6.76" length="5.00" type="DEFAULT_CAR" occupancy="0.65"/>
    <instantOut id="235_D025" time="44771.94" state="enter" vehID="Car_24448" speed="10.23" length="5.00" type="DEFAULT_CAR" gap="2522.79"/>
    <instantOut id="235_D025" time="44772.00" state="stay" vehID="Car_24448" speed="10.23" length="5.00" type="DEFAULT_CAR"/>
    <instantOut id="235_D025" time="44772.25" state="stay" vehID="Car_24448" speed="10.19" length="5.00" type="DEFAULT_CAR"/>
    <instantOut id="235_D025" time="44772.43" state="leave" vehID="Car_24448" speed="9.76" length="5.00" type="DEFAULT_CAR" occupancy="0.50"/>
</instantE1>
