<?xml version="1.0" encoding="UTF-8"?>

<!-- generated on 2025-02-28 19:41:39 by Eclipse SUMO sumo Version 1.19.0
<configuration xmlns:xsi="http://www.w3.org/2001/XMLSchema-instance" xsi:noNamespaceSchemaLocation="http://sumo.dlr.de/xsd/sumoConfiguration.xsd">

    <input>
        <net-file value="Network.net.xml"/>
        <route-files value="CarRoutes.rou.xml"/>
        <additional-files value="Sensors.add.xml"/>
    </input>

    <output>
        <emission-output value="logs/Emissions.xml"/>
        <summary-output value="logs/Log_summary.xml"/>
        <summary-output.period value="300"/>
        <tripinfo-output value="logs/TripInfos.xml"/>
    </output>

    <time>
        <begin value="0"/>
        <end value="86400"/>
        <step-length value="0.25"/>
    </time>

    <processing>
        <ignore-junction-blocker value="0.1"/>
        <time-to-teleport value="-1"/>
    </processing>

    <report>
        <verbose value="true"/>
        <no-step-log value="true"/>
    </report>

    <emissions>
        <device.emissions.period value="10"/>
    </emissions>

    <traci_server>
        <remote-port value="59549"/>
    </traci_server>

    <gui_only>
        <quit-on-end value="true"/>
        <start value="true"/>
    </gui_only>

</configuration>
-->

<instantE1 xmlns:xsi="http://www.w3.org/2001/XMLSchema-instance" xsi:noNamespaceSchemaLocation="http://sumo.dlr.de/xsd/instant_e1_file.xsd">
    <instantOut id="235_D025" time="3165.96" state="enter" vehID="Car_2143" speed="9.57" length="5.00" type="DEFAULT_CAR"/>
    <instantOut id="235_D025" time="3166.00" state="stay" vehID="Car_2143" speed="9.57" length="5.00" type="DEFAULT_CAR"/>
    <instantOut id="235_D025" time="3166.25" state="stay" vehID="Car_2143" speed="10.25" length="5.00" type="DEFAULT_CAR"/>
    <instantOut id="235_D025" time="3166.44" state="leave" vehID="Car_2143" speed="10.59" length="5.00" type="DEFAULT_CAR" occupancy="0.48"/>
    <instantOut id="235_D025" time="3863.33" state="enter" vehID="Car_2372" speed="2.62" length="5.00" type="DEFAULT_CAR" gap="696.89"/>
    <instantOut id="235_D025" time="3863.50" state="stay" vehID="Car_2372" speed="2.62" length="5.00" type="DEFAULT_CAR"/>
    <instantOut id="235_D025" time="3863.75" state="stay" vehID="Car_2372" speed="2.56" length="5.00" type="DEFAULT_CAR"/>
    <instantOut id="235_D025" time="3864.00" state="stay" vehID="Car_2372" speed="2.85" length="5.00" type="DEFAULT_CAR"/>
    <instantOut id="235_D025" time="3864.25" state="stay" vehID="Car_2372" speed="2.63" length="5.00" type="DEFAULT_CAR"/>
    <instantOut id="235_D025" time="3864.50" state="stay" vehID="Car_2372" speed="2.67" length="5.00" type="DEFAULT_CAR"/>
    <instantOut id="235_D025" time="3864.75" state="stay" vehID="Car_2372" speed="2.76" length="5.00" type="DEFAULT_CAR"/>
    <instantOut id="235_D025" time="3865.00" state="stay" vehID="Car_2372" speed="2.63" length="5.00" type="DEFAULT_CAR"/>
    <instantOut id="235_D025" time="3865.20" state="leave" vehID="Car_2372" speed="2.71" length="5.00" type="DEFAULT_CAR" occupancy="1.87"/>
    <instantOut id="235_D025" time="3918.71" state="enter" vehID="Car_1488" speed="10.07" length="5.00" type="DEFAULT_CAR" gap="53.51"/>
    <instantOut id="235_D025" time="3918.75" state="stay" vehID="Car_1488" speed="10.07" length="5.00" type="DEFAULT_CAR"/>
    <instantOut id="235_D025" time="3919.00" state="stay" vehID="Car_1488" speed="10.52" length="5.00" type="DEFAULT_CAR"/>
    <instantOut id="235_D025" time="3919.20" state="leave" vehID="Car_1488" speed="10.04" length="5.00" type="DEFAULT_CAR" occupancy="0.49"/>
    <instantOut id="235_D025" time="4791.32" state="enter" vehID="Car_2457" speed="7.34" length="5.00" type="DEFAULT_CAR" gap="872.12"/>
    <instantOut id="235_D025" time="4791.50" state="stay" vehID="Car_2457" speed="7.34" length="5.00" type="DEFAULT_CAR"/>
    <instantOut id="235_D025" time="4791.75" state="stay" vehID="Car_2457" speed="6.59" length="5.00" type="DEFAULT_CAR"/>
    <instantOut id="235_D025" time="4792.00" state="stay" vehID="Car_2457" speed="5.84" length="5.00" type="DEFAULT_CAR"/>
    <instantOut id="235_D025" time="4792.11" state="leave" vehID="Car_2457" speed="5.09" length="5.00" type="DEFAULT_CAR" occupancy="0.79"/>
    <instantOut id="235_D025" time="7028.99" state="enter" vehID="Car_3913" speed="8.87" length="5.00" type="DEFAULT_CAR" gap="2236.88"/>
    <instantOut id="235_D025" time="7029.00" state="stay" vehID="Car_3913" speed="8.87" length="5.00" type="DEFAULT_CAR"/>
    <instantOut id="235_D025" time="7029.25" state="stay" vehID="Car_3913" speed="8.14" length="5.00" type="DEFAULT_CAR"/>
    <instantOut id="235_D025" time="7029.50" state="stay" vehID="Car_3913" speed="7.47" length="5.00" type="DEFAULT_CAR"/>
    <instantOut id="235_D025" time="7029.65" state="leave" vehID="Car_3913" speed="6.72" length="5.00" type="DEFAULT_CAR" occupancy="0.66"/>
    <instantOut id="235_D025" time="7102.00" state="enter" vehID="Car_3812" speed="8.98" length="5.00" type="DEFAULT_CAR" gap="72.35"/>
    <instantOut id="235_D025" time="7102.00" state="stay" vehID="Car_3812" speed="8.98" length="5.00" type="DEFAULT_CAR"/>
    <instantOut id="235_D025" time="7102.25" state="stay" vehID="Car_3812" speed="8.45" length="5.00" type="DEFAULT_CAR"/>
    <instantOut id="235_D025" time="7102.50" state="stay" vehID="Car_3812" speed="7.70" length="5.00" type="DEFAULT_CAR"/>
    <instantOut id="235_D025" time="7102.64" state="leave" vehID="Car_3812" speed="6.95" length="5.00" type="DEFAULT_CAR" occupancy="0.64"/>
    <instantOut id="235_D025" time="9501.00" state="enter" vehID="Car_4380" speed="8.30" length="5.00" type="DEFAULT_CAR" gap="2398.37"/>
    <instantOut id="235_D025" time="9501.25" state="stay" vehID="Car_4380" speed="8.30" length="5.00" type="DEFAULT_CAR"/>
    <instantOut id="235_D025" time="9501.50" state="stay" vehID="Car_4380" speed="7.72" length="5.00" type="DEFAULT_CAR"/>
    <instantOut id="235_D025" time="9501.64" state="leave" vehID="Car_4380" speed="6.97" length="5.00" type="DEFAULT_CAR" occupancy="0.64"/>
    <instantOut id="235_D025" time="13686.49" state="enter" vehID="Car_8093" speed="8.46" length="5.00" type="DEFAULT_CAR" gap="4184.84"/>
    <instantOut id="235_D025" time="13686.50" state="stay" vehID="Car_8093" speed="8.46" length="5.00" type="DEFAULT_CAR"/>
    <instantOut id="235_D025" time="13686.75" state="stay" vehID="Car_8093" speed="7.87" length="5.00" type="DEFAULT_CAR"/>
    <instantOut id="235_D025" time="13687.00" state="stay" vehID="Car_8093" speed="7.12" length="5.00" type="DEFAULT_CAR"/>
    <instantOut id="235_D025" time="13687.18" state="leave" vehID="Car_8093" speed="6.37" length="5.00" type="DEFAULT_CAR" occupancy="0.69"/>
    <instantOut id="235_D025" time="14382.21" state="enter" vehID="Car_7856" speed="9.25" length="5.00" type="DEFAULT_CAR" gap="695.03"/>
    <instantOut id="235_D025" time="14382.25" state="stay" vehID="Car_7856" speed="9.25" length="5.00" type="DEFAULT_CAR"/>
    <instantOut id="235_D025" time="14382.50" state="stay" vehID="Car_7856" speed="8.50" length="5.00" type="DEFAULT_CAR"/>
    <instantOut id="235_D025" time="14382.75" state="stay" vehID="Car_7856" speed="7.75" length="5.00" type="DEFAULT_CAR"/>
    <instantOut id="235_D025" time="14382.83" state="leave" vehID="Car_7856" speed="7.00" length="5.00" type="DEFAULT_CAR" occupancy="0.62"/>
    <instantOut id="235_D025" time="16546.51" state="enter" vehID="Car_9136" speed="10.26" length="5.00" type="DEFAULT_CAR" gap="2163.68"/>
    <instantOut id="235_D025" time="16546.75" state="stay" vehID="Car_9136" speed="10.26" length="5.00" type="DEFAULT_CAR"/>
    <instantOut id="235_D025" time="16547.00" state="stay" vehID="Car_9136" speed="9.51" length="5.00" type="DEFAULT_CAR"/>
    <instantOut id="235_D025" time="16547.02" state="leave" vehID="Car_9136" speed="8.92" length="5.00" type="DEFAULT_CAR" occupancy="0.51"/>
    <instantOut id="235_D025" time="21591.99" state="enter" vehID="Car_12077" speed="8.50" length="5.00" type="DEFAULT_CAR" gap="5044.97"/>
    <instantOut id="235_D025" time="21592.00" state="stay" vehID="Car_12077" speed="8.50" length="5.00" type="DEFAULT_CAR"/>
    <instantOut id="235_D025" time="21592.25" state="stay" vehID="Car_12077" speed="7.94" length="5.00" type="DEFAULT_CAR"/>
    <instantOut id="235_D025" time="21592.50" state="stay" vehID="Car_12077" speed="7.19" length="5.00" type="DEFAULT_CAR"/>
    <instantOut id="235_D025" time="21592.67" state="leave" vehID="Car_12077" speed="6.47" length="5.00" type="DEFAULT_CAR" occupancy="0.68"/>
    <instantOut id="235_D025" time="23032.49" state="enter" vehID="Car_13557" speed="9.45" length="5.00" type="DEFAULT_CAR" gap="1439.81"/>
    <instantOut id="235_D025" time="23032.50" state="stay" vehID="Car_13557" speed="9.45" length="5.00" type="DEFAULT_CAR"/>
    <instantOut id="235_D025" time="23032.75" state="stay" vehID="Car_13557" speed="10.16" length="5.00" type="DEFAULT_CAR"/>
    <instantOut id="235_D025" time="23033.00" state="leave" vehID="Car_13557" speed="9.41" length="5.00" type="DEFAULT_CAR" occupancy="0.51"/>
    <instantOut id="235_D025" time="23588.94" state="enter" vehID="Car_13082" speed="9.90" length="5.00" type="DEFAULT_CAR" gap="555.94"/>
    <instantOut id="235_D025" time="23589.00" state="stay" vehID="Car_13082" speed="9.90" length="5.00" type="DEFAULT_CAR"/>
    <instantOut id="235_D025" time="23589.25" state="stay" vehID="Car_13082" speed="9.15" length="5.00" type="DEFAULT_CAR"/>
    <instantOut id="235_D025" time="23589.50" state="stay" vehID="Car_13082" speed="8.40" length="5.00" type="DEFAULT_CAR"/>
    <instantOut id="235_D025" time="23589.50" state="leave" vehID="Car_13082" speed="7.65" length="5.00" type="DEFAULT_CAR" occupancy="0.56"/>
    <instantOut id="235_D025" time="30016.35" state="enter" vehID="Car_18748" speed="10.98" length="5.00" type="DEFAULT_CAR" gap="6426.85"/>
    <instantOut id="235_D025" time="30016.50" state="stay" vehID="Car_18748" speed="10.98" length="5.00" type="DEFAULT_CAR"/>
    <instantOut id="235_D025" time="30016.75" state="stay" vehID="Car_18748" speed="10.23" length="5.00" type="DEFAULT_CAR"/>
    <instantOut id="235_D025" time="30016.83" state="leave" vehID="Car_18748" speed="9.48" length="5.00" type="DEFAULT_CAR" occupancy="0.48"/>
    <instantOut id="235_D025" time="33165.76" state="enter" vehID="Car_20595" speed="8.54" length="5.00" type="DEFAULT_CAR" gap="3148.93"/>
    <instantOut id="235_D025" time="33166.00" state="stay" vehID="Car_20595" speed="8.54" length="5.00" type="DEFAULT_CAR"/>
    <instantOut id="235_D025" time="33166.25" state="stay" vehID="Car_20595" speed="7.79" length="5.00" type="DEFAULT_CAR"/>
    <instantOut id="235_D025" time="33166.39" state="leave" vehID="Car_20595" speed="7.04" length="5.00" type="DEFAULT_CAR" occupancy="0.63"/>
    <instantOut id="235_D025" time="34181.47" state="enter" vehID="Car_20799" speed="9.47" length="5.00" type="DEFAULT_CAR" gap="1015.08"/>
    <instantOut id="235_D025" time="34181.50" state="stay" vehID="Car_20799" speed="9.47" length="5.00" type="DEFAULT_CAR"/>
    <instantOut id="235_D025" time="34181.75" state="stay" vehID="Car_20799" speed="9.68" length="5.00" type="DEFAULT_CAR"/>
    <instantOut id="235_D025" time="34182.00" state="stay" vehID="Car_20799" speed="8.93" length="5.00" type="DEFAULT_CAR"/>
    <instantOut id="235_D025" time="34182.01" state="leave" vehID="Car_20799" speed="8.43" length="5.00" type="DEFAULT_CAR" occupancy="0.54"/>
    <instantOut id="235_D025" time="36306.98" state="enter" vehID="Car_21493" speed="9.44" length="5.00" type="DEFAULT_CAR" gap="2124.97"/>
    <instantOut id="235_D025" time="36307.00" state="stay" vehID="Car_21493" speed="9.44" length="5.00" type="DEFAULT_CAR"/>
    <instantOut id="235_D025" time="36307.25" state="stay" vehID="Car_21493" speed="10.16" length="5.00" type="DEFAULT_CAR"/>
    <instantOut id="235_D025" time="36307.48" state="leave" vehID="Car_21493" speed="9.94" length="5.00" type="DEFAULT_CAR" occupancy="0.50"/>
    <instantOut id="235_D025" time="38223.20" state="enter" vehID="Car_21827" speed="9.80" length="5.00" type="DEFAULT_CAR" gap="1915.72"/>
    <instantOut id="235_D025" time="38223.25" state="stay" vehID="Car_21827" speed="9.80" length="5.00" type="DEFAULT_CAR"/>
    <instantOut id="235_D025" time="38223.50" state="stay" vehID="Car_21827" speed="10.43" length="5.00" type="DEFAULT_CAR"/>
    <instantOut id="235_D025" time="38223.69" state="leave" vehID="Car_21827" speed="9.76" length="5.00" type="DEFAULT_CAR" occupancy="0.49"/>
    <instantOut id="235_D025" time="45144.24" state="enter" vehID="Car_24301" speed="8.73" length="5.00" type="DEFAULT_CAR" gap="6920.54"/>
    <instantOut id="235_D025" time="45144.25" state="stay" vehID="Car_24301" speed="8.73" length="5.00" type="DEFAULT_CAR"/>
    <instantOut id="235_D025" time="45144.50" state="stay" vehID="Car_24301" speed="8.01" length="5.00" type="DEFAULT_CAR"/>
    <instantOut id="235_D025" time="45144.75" state="stay" vehID="Car_24301" speed="7.38" length="5.00" type="DEFAULT_CAR"/>
    <instantOut id="235_D025" time="45144.90" state="leave" vehID="Car_24301" speed="7.04" length="5.00" type="DEFAULT_CAR" occupancy="0.66"/>
</instantE1>
