<?xml version="1.0" encoding="UTF-8"?>

<!-- generated on 2025-02-28 20:27:02 by Eclipse SUMO GUI Version 1.19.0
<configuration xmlns:xsi="http://www.w3.org/2001/XMLSchema-instance" xsi:noNamespaceSchemaLocation="http://sumo.dlr.de/xsd/sumoConfiguration.xsd">

    <input>
        <net-file value="Network.net.xml"/>
        <route-files value="CarRoutes.rou.xml"/>
        <additional-files value="Sensors.add.xml"/>
    </input>

    <output>
        <emission-output value="logs/Emissions.xml"/>
        <summary-output value="logs/Log_summary.xml"/>
        <summary-output.period value="300"/>
        <tripinfo-output value="logs/TripInfos.xml"/>
    </output>

    <time>
        <begin value="0"/>
        <end value="86400"/>
        <step-length value="0.25"/>
    </time>

    <processing>
        <ignore-junction-blocker value="0.1"/>
        <time-to-teleport value="-1"/>
    </processing>

    <report>
        <verbose value="true"/>
        <no-step-log value="true"/>
    </report>

    <emissions>
        <device.emissions.period value="10"/>
    </emissions>

    <traci_server>
        <remote-port value="59855"/>
    </traci_server>

    <gui_only>
        <quit-on-end value="true"/>
        <start value="true"/>
    </gui_only>

</configuration>
-->

<instantE1 xmlns:xsi="http://www.w3.org/2001/XMLSchema-instance" xsi:noNamespaceSchemaLocation="http://sumo.dlr.de/xsd/instant_e1_file.xsd">
    <instantOut id="235_D025" time="358.32" state="enter" vehID="Car_248" speed="7.19" length="5.00" type="DEFAULT_CAR"/>
    <instantOut id="235_D025" time="358.50" state="stay" vehID="Car_248" speed="7.19" length="5.00" type="DEFAULT_CAR"/>
    <instantOut id="235_D025" time="358.75" state="stay" vehID="Car_248" speed="6.58" length="5.00" type="DEFAULT_CAR"/>
    <instantOut id="235_D025" time="359.00" state="stay" vehID="Car_248" speed="5.86" length="5.00" type="DEFAULT_CAR"/>
    <instantOut id="235_D025" time="359.11" state="leave" vehID="Car_248" speed="5.22" length="5.00" type="DEFAULT_CAR" occupancy="0.79"/>
    <instantOut id="235_D025" time="1807.23" state="enter" vehID="Car_1045" speed="9.64" length="5.00" type="DEFAULT_CAR" gap="1448.12"/>
    <instantOut id="235_D025" time="1807.25" state="stay" vehID="Car_1045" speed="9.64" length="5.00" type="DEFAULT_CAR"/>
    <instantOut id="235_D025" time="1807.50" state="stay" vehID="Car_1045" speed="9.15" length="5.00" type="DEFAULT_CAR"/>
    <instantOut id="235_D025" time="1807.75" state="stay" vehID="Car_1045" speed="8.40" length="5.00" type="DEFAULT_CAR"/>
    <instantOut id="235_D025" time="1807.80" state="leave" vehID="Car_1045" speed="7.89" length="5.00" type="DEFAULT_CAR" occupancy="0.57"/>
    <instantOut id="235_D025" time="2912.24" state="enter" vehID="Car_1590" speed="8.71" length="5.00" type="DEFAULT_CAR" gap="1104.44"/>
    <instantOut id="235_D025" time="2912.25" state="stay" vehID="Car_1590" speed="8.71" length="5.00" type="DEFAULT_CAR"/>
    <instantOut id="235_D025" time="2912.50" state="stay" vehID="Car_1590" speed="7.96" length="5.00" type="DEFAULT_CAR"/>
    <instantOut id="235_D025" time="2912.75" state="stay" vehID="Car_1590" speed="7.21" length="5.00" type="DEFAULT_CAR"/>
    <instantOut id="235_D025" time="2912.92" state="leave" vehID="Car_1590" speed="6.46" length="5.00" type="DEFAULT_CAR" occupancy="0.68"/>
    <instantOut id="235_D025" time="3199.96" state="enter" vehID="Car_1589" speed="7.42" length="5.00" type="DEFAULT_CAR" gap="287.04"/>
    <instantOut id="235_D025" time="3200.00" state="stay" vehID="Car_1589" speed="7.42" length="5.00" type="DEFAULT_CAR"/>
    <instantOut id="235_D025" time="3200.25" state="stay" vehID="Car_1589" speed="6.67" length="5.00" type="DEFAULT_CAR"/>
    <instantOut id="235_D025" time="3200.50" state="stay" vehID="Car_1589" speed="5.98" length="5.00" type="DEFAULT_CAR"/>
    <instantOut id="235_D025" time="3200.75" state="stay" vehID="Car_1589" speed="5.23" length="5.00" type="DEFAULT_CAR"/>
    <instantOut id="235_D025" time="3200.81" state="leave" vehID="Car_1589" speed="4.48" length="5.00" type="DEFAULT_CAR" occupancy="0.84"/>
    <instantOut id="235_D025" time="3538.01" state="enter" vehID="Car_1961" speed="7.79" length="5.00" type="DEFAULT_CAR" gap="337.21"/>
    <instantOut id="235_D025" time="3538.25" state="stay" vehID="Car_1961" speed="7.79" length="5.00" type="DEFAULT_CAR"/>
    <instantOut id="235_D025" time="3538.50" state="stay" vehID="Car_1961" speed="7.04" length="5.00" type="DEFAULT_CAR"/>
    <instantOut id="235_D025" time="3538.72" state="leave" vehID="Car_1961" speed="6.29" length="5.00" type="DEFAULT_CAR" occupancy="0.71"/>
    <instantOut id="235_D025" time="4459.48" state="enter" vehID="Car_2759" speed="8.82" length="5.00" type="DEFAULT_CAR" gap="920.76"/>
    <instantOut id="235_D025" time="4459.50" state="stay" vehID="Car_2759" speed="8.82" length="5.00" type="DEFAULT_CAR"/>
    <instantOut id="235_D025" time="4459.75" state="stay" vehID="Car_2759" speed="8.07" length="5.00" type="DEFAULT_CAR"/>
    <instantOut id="235_D025" time="4460.00" state="stay" vehID="Car_2759" speed="7.32" length="5.00" type="DEFAULT_CAR"/>
    <instantOut id="235_D025" time="4460.15" state="leave" vehID="Car_2759" speed="6.83" length="5.00" type="DEFAULT_CAR" occupancy="0.66"/>
    <instantOut id="235_D025" time="7095.45" state="enter" vehID="Car_4110" speed="8.67" length="5.00" type="DEFAULT_CAR" gap="2635.31"/>
    <instantOut id="235_D025" time="7095.50" state="stay" vehID="Car_4110" speed="8.67" length="5.00" type="DEFAULT_CAR"/>
    <instantOut id="235_D025" time="7095.75" state="stay" vehID="Car_4110" speed="7.92" length="5.00" type="DEFAULT_CAR"/>
    <instantOut id="235_D025" time="7096.00" state="stay" vehID="Car_4110" speed="7.17" length="5.00" type="DEFAULT_CAR"/>
    <instantOut id="235_D025" time="7096.13" state="leave" vehID="Car_4110" speed="6.42" length="5.00" type="DEFAULT_CAR" occupancy="0.67"/>
    <instantOut id="235_D025" time="8723.79" state="enter" vehID="Car_4812" speed="6.03" length="5.00" type="DEFAULT_CAR" gap="1627.66"/>
    <instantOut id="235_D025" time="8724.00" state="stay" vehID="Car_4812" speed="6.03" length="5.00" type="DEFAULT_CAR"/>
    <instantOut id="235_D025" time="8724.25" state="stay" vehID="Car_4812" speed="5.54" length="5.00" type="DEFAULT_CAR"/>
    <instantOut id="235_D025" time="8724.50" state="stay" vehID="Car_4812" speed="4.79" length="5.00" type="DEFAULT_CAR"/>
    <instantOut id="235_D025" time="8724.75" state="stay" vehID="Car_4812" speed="4.20" length="5.00" type="DEFAULT_CAR"/>
    <instantOut id="235_D025" time="8724.78" state="leave" vehID="Car_4812" speed="3.45" length="5.00" type="DEFAULT_CAR" occupancy="0.99"/>
    <instantOut id="235_D025" time="9804.70" state="enter" vehID="Car_5463" speed="9.85" length="5.00" type="DEFAULT_CAR" gap="1079.91"/>
    <instantOut id="235_D025" time="9804.75" state="stay" vehID="Car_5463" speed="9.85" length="5.00" type="DEFAULT_CAR"/>
    <instantOut id="235_D025" time="9805.00" state="stay" vehID="Car_5463" speed="9.15" length="5.00" type="DEFAULT_CAR"/>
    <instantOut id="235_D025" time="9805.25" state="stay" vehID="Car_5463" speed="8.40" length="5.00" type="DEFAULT_CAR"/>
    <instantOut id="235_D025" time="9805.26" state="leave" vehID="Car_5463" speed="7.65" length="5.00" type="DEFAULT_CAR" occupancy="0.57"/>
    <instantOut id="235_D025" time="10784.86" state="enter" vehID="Car_5908" speed="9.97" length="5.00" type="DEFAULT_CAR" gap="979.60"/>
    <instantOut id="235_D025" time="10785.00" state="stay" vehID="Car_5908" speed="9.97" length="5.00" type="DEFAULT_CAR"/>
    <instantOut id="235_D025" time="10785.25" state="stay" vehID="Car_5908" speed="9.22" length="5.00" type="DEFAULT_CAR"/>
    <instantOut id="235_D025" time="10785.41" state="leave" vehID="Car_5908" speed="8.47" length="5.00" type="DEFAULT_CAR" occupancy="0.54"/>
    <instantOut id="235_D025" time="17801.13" state="enter" vehID="Car_9586" speed="6.48" length="5.00" type="DEFAULT_CAR" gap="7015.73"/>
    <instantOut id="235_D025" time="17801.25" state="stay" vehID="Car_9586" speed="6.48" length="5.00" type="DEFAULT_CAR"/>
    <instantOut id="235_D025" time="17801.50" state="stay" vehID="Car_9586" speed="7.14" length="5.00" type="DEFAULT_CAR"/>
    <instantOut id="235_D025" time="17801.75" state="stay" vehID="Car_9586" speed="7.49" length="5.00" type="DEFAULT_CAR"/>
    <instantOut id="235_D025" time="17801.83" state="leave" vehID="Car_9586" speed="7.11" length="5.00" type="DEFAULT_CAR" occupancy="0.70"/>
    <instantOut id="235_D025" time="19907.95" state="enter" vehID="Car_11095" speed="10.20" length="5.00" type="DEFAULT_CAR" gap="2106.12"/>
    <instantOut id="235_D025" time="19908.00" state="stay" vehID="Car_11095" speed="10.20" length="5.00" type="DEFAULT_CAR"/>
    <instantOut id="235_D025" time="19908.25" state="stay" vehID="Car_11095" speed="10.30" length="5.00" type="DEFAULT_CAR"/>
    <instantOut id="235_D025" time="19908.45" state="leave" vehID="Car_11095" speed="9.55" length="5.00" type="DEFAULT_CAR" occupancy="0.50"/>
    <instantOut id="235_D025" time="20667.43" state="enter" vehID="Car_11829" speed="9.99" length="5.00" type="DEFAULT_CAR" gap="758.98"/>
    <instantOut id="235_D025" time="20667.50" state="stay" vehID="Car_11829" speed="9.99" length="5.00" type="DEFAULT_CAR"/>
    <instantOut id="235_D025" time="20667.75" state="stay" vehID="Car_11829" speed="10.32" length="5.00" type="DEFAULT_CAR"/>
    <instantOut id="235_D025" time="20667.92" state="leave" vehID="Car_11829" speed="9.84" length="5.00" type="DEFAULT_CAR" occupancy="0.49"/>
    <instantOut id="235_D025" time="21908.49" state="enter" vehID="Car_12749" speed="8.63" length="5.00" type="DEFAULT_CAR" gap="1240.57"/>
    <instantOut id="235_D025" time="21908.50" state="stay" vehID="Car_12749" speed="8.63" length="5.00" type="DEFAULT_CAR"/>
    <instantOut id="235_D025" time="21908.75" state="stay" vehID="Car_12749" speed="7.90" length="5.00" type="DEFAULT_CAR"/>
    <instantOut id="235_D025" time="21909.00" state="stay" vehID="Car_12749" speed="7.50" length="5.00" type="DEFAULT_CAR"/>
    <instantOut id="235_D025" time="21909.16" state="leave" vehID="Car_12749" speed="6.83" length="5.00" type="DEFAULT_CAR" occupancy="0.67"/>
    <instantOut id="235_D025" time="22293.55" state="enter" vehID="Car_12301" speed="7.63" length="5.00" type="DEFAULT_CAR" gap="384.40"/>
    <instantOut id="235_D025" time="22293.75" state="stay" vehID="Car_12301" speed="7.63" length="5.00" type="DEFAULT_CAR"/>
    <instantOut id="235_D025" time="22294.00" state="stay" vehID="Car_12301" speed="6.94" length="5.00" type="DEFAULT_CAR"/>
    <instantOut id="235_D025" time="22294.25" state="stay" vehID="Car_12301" speed="6.19" length="5.00" type="DEFAULT_CAR"/>
    <instantOut id="235_D025" time="22294.29" state="leave" vehID="Car_12301" speed="5.44" length="5.00" type="DEFAULT_CAR" occupancy="0.74"/>
    <instantOut id="235_D025" time="23153.95" state="enter" vehID="Car_13191" speed="9.63" length="5.00" type="DEFAULT_CAR" gap="859.66"/>
    <instantOut id="235_D025" time="23154.00" state="stay" vehID="Car_13191" speed="9.63" length="5.00" type="DEFAULT_CAR"/>
    <instantOut id="235_D025" time="23154.25" state="stay" vehID="Car_13191" speed="9.76" length="5.00" type="DEFAULT_CAR"/>
    <instantOut id="235_D025" time="23154.48" state="leave" vehID="Car_13191" speed="9.05" length="5.00" type="DEFAULT_CAR" occupancy="0.53"/>
    <instantOut id="235_D025" time="24732.72" state="enter" vehID="Car_14514" speed="9.37" length="5.00" type="DEFAULT_CAR" gap="1578.24"/>
    <instantOut id="235_D025" time="24732.75" state="stay" vehID="Car_14514" speed="9.37" length="5.00" type="DEFAULT_CAR"/>
    <instantOut id="235_D025" time="24733.00" state="stay" vehID="Car_14514" speed="10.12" length="5.00" type="DEFAULT_CAR"/>
    <instantOut id="235_D025" time="24733.20" state="leave" vehID="Car_14514" speed="10.92" length="5.00" type="DEFAULT_CAR" occupancy="0.48"/>
    <instantOut id="235_D025" time="26640.94" state="enter" vehID="Car_15778" speed="6.91" length="5.00" type="DEFAULT_CAR" gap="1907.73"/>
    <instantOut id="235_D025" time="26641.00" state="stay" vehID="Car_15778" speed="6.91" length="5.00" type="DEFAULT_CAR"/>
    <instantOut id="235_D025" time="26641.25" state="stay" vehID="Car_15778" speed="7.61" length="5.00" type="DEFAULT_CAR"/>
    <instantOut id="235_D025" time="26641.50" state="stay" vehID="Car_15778" speed="8.10" length="5.00" type="DEFAULT_CAR"/>
    <instantOut id="235_D025" time="26641.57" state="leave" vehID="Car_15778" speed="8.68" length="5.00" type="DEFAULT_CAR" occupancy="0.64"/>
    <instantOut id="235_D025" time="27886.17" state="enter" vehID="Car_16510" speed="10.79" length="5.00" type="DEFAULT_CAR" gap="1244.60"/>
    <instantOut id="235_D025" time="27886.25" state="stay" vehID="Car_16510" speed="10.79" length="5.00" type="DEFAULT_CAR"/>
    <instantOut id="235_D025" time="27886.50" state="stay" vehID="Car_16510" speed="10.04" length="5.00" type="DEFAULT_CAR"/>
    <instantOut id="235_D025" time="27886.68" state="leave" vehID="Car_16510" speed="9.29" length="5.00" type="DEFAULT_CAR" occupancy="0.51"/>
    <instantOut id="235_D025" time="28565.25" state="enter" vehID="Car_16697" speed="8.65" length="5.00" type="DEFAULT_CAR" gap="678.57"/>
    <instantOut id="235_D025" time="28565.25" state="stay" vehID="Car_16697" speed="8.65" length="5.00" type="DEFAULT_CAR"/>
    <instantOut id="235_D025" time="28565.50" state="stay" vehID="Car_16697" speed="7.90" length="5.00" type="DEFAULT_CAR"/>
    <instantOut id="235_D025" time="28565.75" state="stay" vehID="Car_16697" speed="7.15" length="5.00" type="DEFAULT_CAR"/>
    <instantOut id="235_D025" time="28565.94" state="leave" vehID="Car_16697" speed="6.40" length="5.00" type="DEFAULT_CAR" occupancy="0.69"/>
    <instantOut id="235_D025" time="28917.55" state="enter" vehID="Car_17165" speed="7.29" length="5.00" type="DEFAULT_CAR" gap="351.61"/>
    <instantOut id="235_D025" time="28917.75" state="stay" vehID="Car_17165" speed="7.29" length="5.00" type="DEFAULT_CAR"/>
    <instantOut id="235_D025" time="28918.00" state="stay" vehID="Car_17165" speed="6.54" length="5.00" type="DEFAULT_CAR"/>
    <instantOut id="235_D025" time="28918.25" state="stay" vehID="Car_17165" speed="5.79" length="5.00" type="DEFAULT_CAR"/>
    <instantOut id="235_D025" time="28918.35" state="leave" vehID="Car_17165" speed="5.04" length="5.00" type="DEFAULT_CAR" occupancy="0.79"/>
    <instantOut id="235_D025" time="34346.97" state="enter" vehID="Car_20465" speed="8.69" length="5.00" type="DEFAULT_CAR" gap="5428.63"/>
    <instantOut id="235_D025" time="34347.00" state="stay" vehID="Car_20465" speed="8.69" length="5.00" type="DEFAULT_CAR"/>
    <instantOut id="235_D025" time="34347.25" state="stay" vehID="Car_20465" speed="8.14" length="5.00" type="DEFAULT_CAR"/>
    <instantOut id="235_D025" time="34347.50" state="stay" vehID="Car_20465" speed="7.39" length="5.00" type="DEFAULT_CAR"/>
    <instantOut id="235_D025" time="34347.63" state="leave" vehID="Car_20465" speed="6.64" length="5.00" type="DEFAULT_CAR" occupancy="0.66"/>
    <instantOut id="235_D025" time="34833.77" state="enter" vehID="Car_20380" speed="8.38" length="5.00" type="DEFAULT_CAR" gap="486.14"/>
    <instantOut id="235_D025" time="34834.00" state="stay" vehID="Car_20380" speed="8.38" length="5.00" type="DEFAULT_CAR"/>
    <instantOut id="235_D025" time="34834.25" state="stay" vehID="Car_20380" speed="7.73" length="5.00" type="DEFAULT_CAR"/>
    <instantOut id="235_D025" time="34834.40" state="leave" vehID="Car_20380" speed="7.78" length="5.00" type="DEFAULT_CAR" occupancy="0.63"/>
    <instantOut id="235_D025" time="36503.31" state="enter" vehID="Car_21584" speed="7.26" length="5.00" type="DEFAULT_CAR" gap="1668.91"/>
    <instantOut id="235_D025" time="36503.50" state="stay" vehID="Car_21584" speed="7.26" length="5.00" type="DEFAULT_CAR"/>
    <instantOut id="235_D025" time="36503.75" state="stay" vehID="Car_21584" speed="6.51" length="5.00" type="DEFAULT_CAR"/>
    <instantOut id="235_D025" time="36504.00" state="stay" vehID="Car_21584" speed="5.76" length="5.00" type="DEFAULT_CAR"/>
    <instantOut id="235_D025" time="36504.10" state="leave" vehID="Car_21584" speed="5.04" length="5.00" type="DEFAULT_CAR" occupancy="0.80"/>
    <instantOut id="235_D025" time="38165.99" state="enter" vehID="Car_22186" speed="8.84" length="5.00" type="DEFAULT_CAR" gap="1661.89"/>
    <instantOut id="235_D025" time="38166.00" state="stay" vehID="Car_22186" speed="8.84" length="5.00" type="DEFAULT_CAR"/>
    <instantOut id="235_D025" time="38166.25" state="stay" vehID="Car_22186" speed="8.12" length="5.00" type="DEFAULT_CAR"/>
    <instantOut id="235_D025" time="38166.50" state="stay" vehID="Car_22186" speed="7.41" length="5.00" type="DEFAULT_CAR"/>
    <instantOut id="235_D025" time="38166.65" state="leave" vehID="Car_22186" speed="6.70" length="5.00" type="DEFAULT_CAR" occupancy="0.66"/>
    <instantOut id="235_D025" time="38836.52" state="enter" vehID="Car_22701" speed="8.36" length="5.00" type="DEFAULT_CAR" gap="669.87"/>
    <instantOut id="235_D025" time="38836.75" state="stay" vehID="Car_22701" speed="8.36" length="5.00" type="DEFAULT_CAR"/>
    <instantOut id="235_D025" time="38837.00" state="stay" vehID="Car_22701" speed="7.73" length="5.00" type="DEFAULT_CAR"/>
    <instantOut id="235_D025" time="38837.16" state="leave" vehID="Car_22701" speed="7.00" length="5.00" type="DEFAULT_CAR" occupancy="0.64"/>
    <instantOut id="235_D025" time="40209.79" state="enter" vehID="Car_23107" speed="7.49" length="5.00" type="DEFAULT_CAR" gap="1372.63"/>
    <instantOut id="235_D025" time="40210.00" state="stay" vehID="Car_23107" speed="7.49" length="5.00" type="DEFAULT_CAR"/>
    <instantOut id="235_D025" time="40210.25" state="stay" vehID="Car_23107" speed="7.55" length="5.00" type="DEFAULT_CAR"/>
    <instantOut id="235_D025" time="40210.47" state="leave" vehID="Car_23107" speed="6.96" length="5.00" type="DEFAULT_CAR" occupancy="0.68"/>
    <instantOut id="235_D025" time="41352.24" state="enter" vehID="Car_23292" speed="8.05" length="5.00" type="DEFAULT_CAR" gap="1141.77"/>
    <instantOut id="235_D025" time="41352.25" state="stay" vehID="Car_23292" speed="8.05" length="5.00" type="DEFAULT_CAR"/>
    <instantOut id="235_D025" time="41352.50" state="stay" vehID="Car_23292" speed="7.30" length="5.00" type="DEFAULT_CAR"/>
    <instantOut id="235_D025" time="41352.75" state="stay" vehID="Car_23292" speed="6.55" length="5.00" type="DEFAULT_CAR"/>
    <instantOut id="235_D025" time="41353.00" state="stay" vehID="Car_23292" speed="5.80" length="5.00" type="DEFAULT_CAR"/>
    <instantOut id="235_D025" time="41353.01" state="leave" vehID="Car_23292" speed="5.05" length="5.00" type="DEFAULT_CAR" occupancy="0.76"/>
</instantE1>
