<?xml version="1.0" encoding="UTF-8"?>

<!-- generated on 2025-02-28 20:27:02 by Eclipse SUMO GUI Version 1.19.0
<configuration xmlns:xsi="http://www.w3.org/2001/XMLSchema-instance" xsi:noNamespaceSchemaLocation="http://sumo.dlr.de/xsd/sumoConfiguration.xsd">

    <input>
        <net-file value="Network.net.xml"/>
        <route-files value="CarRoutes.rou.xml"/>
        <additional-files value="Sensors.add.xml"/>
    </input>

    <output>
        <emission-output value="logs/Emissions.xml"/>
        <summary-output value="logs/Log_summary.xml"/>
        <summary-output.period value="300"/>
        <tripinfo-output value="logs/TripInfos.xml"/>
    </output>

    <time>
        <begin value="0"/>
        <end value="86400"/>
        <step-length value="0.25"/>
    </time>

    <processing>
        <ignore-junction-blocker value="0.1"/>
        <time-to-teleport value="-1"/>
    </processing>

    <report>
        <verbose value="true"/>
        <no-step-log value="true"/>
    </report>

    <emissions>
        <device.emissions.period value="10"/>
    </emissions>

    <traci_server>
        <remote-port value="59855"/>
    </traci_server>

    <gui_only>
        <quit-on-end value="true"/>
        <start value="true"/>
    </gui_only>

</configuration>
-->

<instantE1 xmlns:xsi="http://www.w3.org/2001/XMLSchema-instance" xsi:noNamespaceSchemaLocation="http://sumo.dlr.de/xsd/instant_e1_file.xsd">
    <instantOut id="235_D104" time="7824.79" state="enter" vehID="Car_3982" speed="6.24" length="5.00" type="DEFAULT_CAR"/>
    <instantOut id="235_D104" time="7825.00" state="stay" vehID="Car_3982" speed="6.24" length="5.00" type="DEFAULT_CAR"/>
    <instantOut id="235_D104" time="7825.25" state="stay" vehID="Car_3982" speed="5.49" length="5.00" type="DEFAULT_CAR"/>
    <instantOut id="235_D104" time="7825.50" state="stay" vehID="Car_3982" speed="6.44" length="5.00" type="DEFAULT_CAR"/>
    <instantOut id="235_D104" time="7825.59" state="leave" vehID="Car_3982" speed="7.39" length="5.00" type="DEFAULT_CAR" occupancy="0.81"/>
    <instantOut id="235_D104" time="26532.19" state="enter" vehID="Car_15365" speed="6.50" length="5.00" type="DEFAULT_CAR" gap="18706.59"/>
    <instantOut id="235_D104" time="26532.25" state="stay" vehID="Car_15365" speed="6.50" length="5.00" type="DEFAULT_CAR"/>
    <instantOut id="235_D104" time="26532.50" state="stay" vehID="Car_15365" speed="5.86" length="5.00" type="DEFAULT_CAR"/>
    <instantOut id="235_D104" time="26532.75" state="stay" vehID="Car_15365" speed="5.11" length="5.00" type="DEFAULT_CAR"/>
    <instantOut id="235_D104" time="26533.00" state="stay" vehID="Car_15365" speed="6.06" length="5.00" type="DEFAULT_CAR"/>
    <instantOut id="235_D104" time="26533.05" state="leave" vehID="Car_15365" speed="6.48" length="5.00" type="DEFAULT_CAR" occupancy="0.86"/>
</instantE1>
