<?xml version="1.0" encoding="UTF-8"?>

<!-- generated on 2025-02-28 20:27:02 by Eclipse SUMO GUI Version 1.19.0
<configuration xmlns:xsi="http://www.w3.org/2001/XMLSchema-instance" xsi:noNamespaceSchemaLocation="http://sumo.dlr.de/xsd/sumoConfiguration.xsd">

    <input>
        <net-file value="Network.net.xml"/>
        <route-files value="CarRoutes.rou.xml"/>
        <additional-files value="Sensors.add.xml"/>
    </input>

    <output>
        <emission-output value="logs/Emissions.xml"/>
        <summary-output value="logs/Log_summary.xml"/>
        <summary-output.period value="300"/>
        <tripinfo-output value="logs/TripInfos.xml"/>
    </output>

    <time>
        <begin value="0"/>
        <end value="86400"/>
        <step-length value="0.25"/>
    </time>

    <processing>
        <ignore-junction-blocker value="0.1"/>
        <time-to-teleport value="-1"/>
    </processing>

    <report>
        <verbose value="true"/>
        <no-step-log value="true"/>
    </report>

    <emissions>
        <device.emissions.period value="10"/>
    </emissions>

    <traci_server>
        <remote-port value="59855"/>
    </traci_server>

    <gui_only>
        <quit-on-end value="true"/>
        <start value="true"/>
    </gui_only>

</configuration>
-->

<instantE1 xmlns:xsi="http://www.w3.org/2001/XMLSchema-instance" xsi:noNamespaceSchemaLocation="http://sumo.dlr.de/xsd/instant_e1_file.xsd">
    <instantOut id="235_D11" time="525.03" state="enter" vehID="Car_75" speed="3.93" length="5.00" type="DEFAULT_CAR"/>
    <instantOut id="235_D11" time="525.25" state="stay" vehID="Car_75" speed="3.93" length="5.00" type="DEFAULT_CAR"/>
    <instantOut id="235_D11" time="525.50" state="stay" vehID="Car_75" speed="3.18" length="5.00" type="DEFAULT_CAR"/>
    <instantOut id="235_D11" time="525.75" state="stay" vehID="Car_75" speed="2.43" length="5.00" type="DEFAULT_CAR"/>
    <instantOut id="235_D11" time="526.00" state="stay" vehID="Car_75" speed="1.68" length="5.00" type="DEFAULT_CAR"/>
    <instantOut id="235_D11" time="526.25" state="stay" vehID="Car_75" speed="0.93" length="5.00" type="DEFAULT_CAR"/>
    <instantOut id="235_D11" time="526.50" state="stay" vehID="Car_75" speed="0.24" length="5.00" type="DEFAULT_CAR"/>
    <instantOut id="235_D11" time="526.75" state="stay" vehID="Car_75" speed="0.02" length="5.00" type="DEFAULT_CAR"/>
    <instantOut id="235_D11" time="527.00" state="stay" vehID="Car_75" speed="0.00" length="5.00" type="DEFAULT_CAR"/>
    <instantOut id="235_D11" time="527.25" state="stay" vehID="Car_75" speed="0.00" length="5.00" type="DEFAULT_CAR"/>
    <instantOut id="235_D11" time="527.50" state="stay" vehID="Car_75" speed="0.00" length="5.00" type="DEFAULT_CAR"/>
    <instantOut id="235_D11" time="527.75" state="stay" vehID="Car_75" speed="0.89" length="5.00" type="DEFAULT_CAR"/>
    <instantOut id="235_D11" time="528.00" state="stay" vehID="Car_75" speed="1.64" length="5.00" type="DEFAULT_CAR"/>
    <instantOut id="235_D11" time="528.25" state="stay" vehID="Car_75" speed="2.31" length="5.00" type="DEFAULT_CAR"/>
    <instantOut id="235_D11" time="528.50" state="stay" vehID="Car_75" speed="3.11" length="5.00" type="DEFAULT_CAR"/>
    <instantOut id="235_D11" time="528.51" state="leave" vehID="Car_75" speed="3.82" length="5.00" type="DEFAULT_CAR" occupancy="3.48"/>
    <instantOut id="235_D11" time="824.05" state="enter" vehID="Car_561" speed="3.76" length="5.00" type="DEFAULT_CAR" gap="295.54"/>
    <instantOut id="235_D11" time="824.25" state="stay" vehID="Car_561" speed="3.76" length="5.00" type="DEFAULT_CAR"/>
    <instantOut id="235_D11" time="824.50" state="stay" vehID="Car_561" speed="3.01" length="5.00" type="DEFAULT_CAR"/>
    <instantOut id="235_D11" time="824.75" state="stay" vehID="Car_561" speed="2.46" length="5.00" type="DEFAULT_CAR"/>
    <instantOut id="235_D11" time="825.00" state="stay" vehID="Car_561" speed="1.71" length="5.00" type="DEFAULT_CAR"/>
    <instantOut id="235_D11" time="825.25" state="stay" vehID="Car_561" speed="1.21" length="5.00" type="DEFAULT_CAR"/>
    <instantOut id="235_D11" time="825.50" state="stay" vehID="Car_561" speed="0.47" length="5.00" type="DEFAULT_CAR"/>
    <instantOut id="235_D11" time="825.75" state="stay" vehID="Car_561" speed="0.03" length="5.00" type="DEFAULT_CAR"/>
    <instantOut id="235_D11" time="826.00" state="stay" vehID="Car_561" speed="0.00" length="5.00" type="DEFAULT_CAR"/>
    <instantOut id="235_D11" time="826.25" state="stay" vehID="Car_561" speed="0.00" length="5.00" type="DEFAULT_CAR"/>
    <instantOut id="235_D11" time="826.50" state="stay" vehID="Car_561" speed="0.93" length="5.00" type="DEFAULT_CAR"/>
    <instantOut id="235_D11" time="826.75" state="stay" vehID="Car_561" speed="1.69" length="5.00" type="DEFAULT_CAR"/>
    <instantOut id="235_D11" time="827.00" state="stay" vehID="Car_561" speed="2.49" length="5.00" type="DEFAULT_CAR"/>
    <instantOut id="235_D11" time="827.24" state="leave" vehID="Car_561" speed="3.15" length="5.00" type="DEFAULT_CAR" occupancy="3.19"/>
    <instantOut id="235_D11" time="957.97" state="enter" vehID="Car_562" speed="4.21" length="5.00" type="DEFAULT_CAR" gap="130.73"/>
    <instantOut id="235_D11" time="958.00" state="stay" vehID="Car_562" speed="4.21" length="5.00" type="DEFAULT_CAR"/>
    <instantOut id="235_D11" time="958.25" state="stay" vehID="Car_562" speed="3.50" length="5.00" type="DEFAULT_CAR"/>
    <instantOut id="235_D11" time="958.50" state="stay" vehID="Car_562" speed="2.78" length="5.00" type="DEFAULT_CAR"/>
    <instantOut id="235_D11" time="958.75" state="stay" vehID="Car_562" speed="2.38" length="5.00" type="DEFAULT_CAR"/>
    <instantOut id="235_D11" time="959.00" state="stay" vehID="Car_562" speed="1.64" length="5.00" type="DEFAULT_CAR"/>
    <instantOut id="235_D11" time="959.25" state="stay" vehID="Car_562" speed="0.89" length="5.00" type="DEFAULT_CAR"/>
    <instantOut id="235_D11" time="959.50" state="stay" vehID="Car_562" speed="0.19" length="5.00" type="DEFAULT_CAR"/>
    <instantOut id="235_D11" time="959.75" state="stay" vehID="Car_562" speed="0.00" length="5.00" type="DEFAULT_CAR"/>
    <instantOut id="235_D11" time="960.00" state="stay" vehID="Car_562" speed="0.00" length="5.00" type="DEFAULT_CAR"/>
    <instantOut id="235_D11" time="960.25" state="stay" vehID="Car_562" speed="0.00" length="5.00" type="DEFAULT_CAR"/>
    <instantOut id="235_D11" time="960.50" state="stay" vehID="Car_562" speed="0.00" length="5.00" type="DEFAULT_CAR"/>
    <instantOut id="235_D11" time="960.75" state="stay" vehID="Car_562" speed="0.00" length="5.00" type="DEFAULT_CAR"/>
    <instantOut id="235_D11" time="961.00" state="stay" vehID="Car_562" speed="0.00" length="5.00" type="DEFAULT_CAR"/>
    <instantOut id="235_D11" time="961.25" state="stay" vehID="Car_562" speed="0.00" length="5.00" type="DEFAULT_CAR"/>
    <instantOut id="235_D11" time="961.50" state="stay" vehID="Car_562" speed="0.53" length="5.00" type="DEFAULT_CAR"/>
    <instantOut id="235_D11" time="961.75" state="stay" vehID="Car_562" speed="1.02" length="5.00" type="DEFAULT_CAR"/>
    <instantOut id="235_D11" time="962.00" state="stay" vehID="Car_562" speed="1.34" length="5.00" type="DEFAULT_CAR"/>
    <instantOut id="235_D11" time="962.25" state="stay" vehID="Car_562" speed="1.67" length="5.00" type="DEFAULT_CAR"/>
    <instantOut id="235_D11" time="962.50" state="stay" vehID="Car_562" speed="1.92" length="5.00" type="DEFAULT_CAR"/>
    <instantOut id="235_D11" time="962.67" state="leave" vehID="Car_562" speed="2.40" length="5.00" type="DEFAULT_CAR" occupancy="4.70"/>
    <instantOut id="235_D11" time="2628.05" state="enter" vehID="Car_1812" speed="3.94" length="5.00" type="DEFAULT_CAR" gap="1665.38"/>
    <instantOut id="235_D11" time="2628.25" state="stay" vehID="Car_1812" speed="3.94" length="5.00" type="DEFAULT_CAR"/>
    <instantOut id="235_D11" time="2628.50" state="stay" vehID="Car_1812" speed="3.19" length="5.00" type="DEFAULT_CAR"/>
    <instantOut id="235_D11" time="2628.75" state="stay" vehID="Car_1812" speed="2.44" length="5.00" type="DEFAULT_CAR"/>
    <instantOut id="235_D11" time="2629.00" state="stay" vehID="Car_1812" speed="1.72" length="5.00" type="DEFAULT_CAR"/>
    <instantOut id="235_D11" time="2629.25" state="stay" vehID="Car_1812" speed="0.97" length="5.00" type="DEFAULT_CAR"/>
    <instantOut id="235_D11" time="2629.50" state="stay" vehID="Car_1812" speed="0.40" length="5.00" type="DEFAULT_CAR"/>
    <instantOut id="235_D11" time="2629.75" state="stay" vehID="Car_1812" speed="0.02" length="5.00" type="DEFAULT_CAR"/>
    <instantOut id="235_D11" time="2630.00" state="stay" vehID="Car_1812" speed="0.00" length="5.00" type="DEFAULT_CAR"/>
    <instantOut id="235_D11" time="2630.25" state="stay" vehID="Car_1812" speed="0.84" length="5.00" type="DEFAULT_CAR"/>
    <instantOut id="235_D11" time="2630.50" state="stay" vehID="Car_1812" speed="1.57" length="5.00" type="DEFAULT_CAR"/>
    <instantOut id="235_D11" time="2630.75" state="stay" vehID="Car_1812" speed="2.29" length="5.00" type="DEFAULT_CAR"/>
    <instantOut id="235_D11" time="2631.00" state="stay" vehID="Car_1812" speed="3.23" length="5.00" type="DEFAULT_CAR"/>
    <instantOut id="235_D11" time="2631.01" state="leave" vehID="Car_1812" speed="4.11" length="5.00" type="DEFAULT_CAR" occupancy="2.96"/>
    <instantOut id="235_D11" time="9769.93" state="enter" vehID="Car_5761" speed="6.16" length="5.00" type="DEFAULT_CAR" gap="7138.92"/>
    <instantOut id="235_D11" time="9770.00" state="stay" vehID="Car_5761" speed="6.16" length="5.00" type="DEFAULT_CAR"/>
    <instantOut id="235_D11" time="9770.25" state="stay" vehID="Car_5761" speed="7.11" length="5.00" type="DEFAULT_CAR"/>
    <instantOut id="235_D11" time="9770.50" state="stay" vehID="Car_5761" speed="7.92" length="5.00" type="DEFAULT_CAR"/>
    <instantOut id="235_D11" time="9770.59" state="leave" vehID="Car_5761" speed="8.48" length="5.00" type="DEFAULT_CAR" occupancy="0.67"/>
    <instantOut id="235_D11" time="10247.90" state="enter" vehID="Car_5760" speed="4.21" length="5.00" type="DEFAULT_CAR" gap="477.31"/>
    <instantOut id="235_D11" time="10248.00" state="stay" vehID="Car_5760" speed="4.21" length="5.00" type="DEFAULT_CAR"/>
    <instantOut id="235_D11" time="10248.25" state="stay" vehID="Car_5760" speed="3.46" length="5.00" type="DEFAULT_CAR"/>
    <instantOut id="235_D11" time="10248.50" state="stay" vehID="Car_5760" speed="2.80" length="5.00" type="DEFAULT_CAR"/>
    <instantOut id="235_D11" time="10248.75" state="stay" vehID="Car_5760" speed="2.05" length="5.00" type="DEFAULT_CAR"/>
    <instantOut id="235_D11" time="10249.00" state="stay" vehID="Car_5760" speed="1.32" length="5.00" type="DEFAULT_CAR"/>
    <instantOut id="235_D11" time="10249.25" state="stay" vehID="Car_5760" speed="0.62" length="5.00" type="DEFAULT_CAR"/>
    <instantOut id="235_D11" time="10249.50" state="stay" vehID="Car_5760" speed="0.02" length="5.00" type="DEFAULT_CAR"/>
    <instantOut id="235_D11" time="10249.75" state="stay" vehID="Car_5760" speed="0.00" length="5.00" type="DEFAULT_CAR"/>
    <instantOut id="235_D11" time="10250.00" state="stay" vehID="Car_5760" speed="0.00" length="5.00" type="DEFAULT_CAR"/>
    <instantOut id="235_D11" time="10250.25" state="stay" vehID="Car_5760" speed="0.00" length="5.00" type="DEFAULT_CAR"/>
    <instantOut id="235_D11" time="10250.50" state="stay" vehID="Car_5760" speed="0.00" length="5.00" type="DEFAULT_CAR"/>
    <instantOut id="235_D11" time="10250.75" state="stay" vehID="Car_5760" speed="0.00" length="5.00" type="DEFAULT_CAR"/>
    <instantOut id="235_D11" time="10251.00" state="stay" vehID="Car_5760" speed="0.00" length="5.00" type="DEFAULT_CAR"/>
    <instantOut id="235_D11" time="10251.25" state="stay" vehID="Car_5760" speed="0.00" length="5.00" type="DEFAULT_CAR"/>
    <instantOut id="235_D11" time="10251.50" state="stay" vehID="Car_5760" speed="0.00" length="5.00" type="DEFAULT_CAR"/>
    <instantOut id="235_D11" time="10251.75" state="stay" vehID="Car_5760" speed="0.00" length="5.00" type="DEFAULT_CAR"/>
    <instantOut id="235_D11" time="10252.00" state="stay" vehID="Car_5760" speed="0.00" length="5.00" type="DEFAULT_CAR"/>
    <instantOut id="235_D11" time="10252.25" state="stay" vehID="Car_5760" speed="0.00" length="5.00" type="DEFAULT_CAR"/>
    <instantOut id="235_D11" time="10252.50" state="stay" vehID="Car_5760" speed="0.00" length="5.00" type="DEFAULT_CAR"/>
    <instantOut id="235_D11" time="10252.75" state="stay" vehID="Car_5760" speed="0.00" length="5.00" type="DEFAULT_CAR"/>
    <instantOut id="235_D11" time="10253.00" state="stay" vehID="Car_5760" speed="0.00" length="5.00" type="DEFAULT_CAR"/>
    <instantOut id="235_D11" time="10253.25" state="stay" vehID="Car_5760" speed="0.94" length="5.00" type="DEFAULT_CAR"/>
    <instantOut id="235_D11" time="10253.50" state="stay" vehID="Car_5760" speed="1.87" length="5.00" type="DEFAULT_CAR"/>
    <instantOut id="235_D11" time="10253.75" state="stay" vehID="Car_5760" speed="2.80" length="5.00" type="DEFAULT_CAR"/>
    <instantOut id="235_D11" time="10253.94" state="leave" vehID="Car_5760" speed="3.35" length="5.00" type="DEFAULT_CAR" occupancy="6.03"/>
    <instantOut id="235_D11" time="10358.99" state="enter" vehID="Car_5418" speed="5.95" length="5.00" type="DEFAULT_CAR" gap="105.05"/>
    <instantOut id="235_D11" time="10359.00" state="stay" vehID="Car_5418" speed="5.95" length="5.00" type="DEFAULT_CAR"/>
    <instantOut id="235_D11" time="10359.25" state="stay" vehID="Car_5418" speed="6.90" length="5.00" type="DEFAULT_CAR"/>
    <instantOut id="235_D11" time="10359.50" state="stay" vehID="Car_5418" speed="7.77" length="5.00" type="DEFAULT_CAR"/>
    <instantOut id="235_D11" time="10359.65" state="leave" vehID="Car_5418" speed="8.48" length="5.00" type="DEFAULT_CAR" occupancy="0.66"/>
    <instantOut id="235_D11" time="10523.92" state="enter" vehID="Car_5889" speed="6.21" length="5.00" type="DEFAULT_CAR" gap="164.27"/>
    <instantOut id="235_D11" time="10524.00" state="stay" vehID="Car_5889" speed="6.21" length="5.00" type="DEFAULT_CAR"/>
    <instantOut id="235_D11" time="10524.25" state="stay" vehID="Car_5889" speed="6.99" length="5.00" type="DEFAULT_CAR"/>
    <instantOut id="235_D11" time="10524.50" state="stay" vehID="Car_5889" speed="6.24" length="5.00" type="DEFAULT_CAR"/>
    <instantOut id="235_D11" time="10524.69" state="leave" vehID="Car_5889" speed="6.14" length="5.00" type="DEFAULT_CAR" occupancy="0.77"/>
    <instantOut id="235_D11" time="10662.92" state="enter" vehID="Car_6181" speed="6.19" length="5.00" type="DEFAULT_CAR" gap="138.22"/>
    <instantOut id="235_D11" time="10663.00" state="stay" vehID="Car_6181" speed="6.19" length="5.00" type="DEFAULT_CAR"/>
    <instantOut id="235_D11" time="10663.25" state="stay" vehID="Car_6181" speed="7.14" length="5.00" type="DEFAULT_CAR"/>
    <instantOut id="235_D11" time="10663.50" state="stay" vehID="Car_6181" speed="8.07" length="5.00" type="DEFAULT_CAR"/>
    <instantOut id="235_D11" time="10663.58" state="leave" vehID="Car_6181" speed="8.90" length="5.00" type="DEFAULT_CAR" occupancy="0.66"/>
    <instantOut id="235_D11" time="10698.88" state="enter" vehID="Car_6182" speed="5.98" length="5.00" type="DEFAULT_CAR" gap="35.30"/>
    <instantOut id="235_D11" time="10699.00" state="stay" vehID="Car_6182" speed="5.98" length="5.00" type="DEFAULT_CAR"/>
    <instantOut id="235_D11" time="10699.25" state="stay" vehID="Car_6182" speed="6.93" length="5.00" type="DEFAULT_CAR"/>
    <instantOut id="235_D11" time="10699.50" state="stay" vehID="Car_6182" speed="6.44" length="5.00" type="DEFAULT_CAR"/>
    <instantOut id="235_D11" time="10699.64" state="leave" vehID="Car_6182" speed="6.59" length="5.00" type="DEFAULT_CAR" occupancy="0.76"/>
    <instantOut id="235_D11" time="11642.00" state="enter" vehID="Car_6426" speed="4.41" length="5.00" type="DEFAULT_CAR" gap="942.36"/>
    <instantOut id="235_D11" time="11642.00" state="stay" vehID="Car_6426" speed="4.41" length="5.00" type="DEFAULT_CAR"/>
    <instantOut id="235_D11" time="11642.25" state="stay" vehID="Car_6426" speed="3.66" length="5.00" type="DEFAULT_CAR"/>
    <instantOut id="235_D11" time="11642.50" state="stay" vehID="Car_6426" speed="3.09" length="5.00" type="DEFAULT_CAR"/>
    <instantOut id="235_D11" time="11642.75" state="stay" vehID="Car_6426" speed="2.37" length="5.00" type="DEFAULT_CAR"/>
    <instantOut id="235_D11" time="11643.00" state="stay" vehID="Car_6426" speed="1.63" length="5.00" type="DEFAULT_CAR"/>
    <instantOut id="235_D11" time="11643.25" state="stay" vehID="Car_6426" speed="0.92" length="5.00" type="DEFAULT_CAR"/>
    <instantOut id="235_D11" time="11643.50" state="stay" vehID="Car_6426" speed="0.22" length="5.00" type="DEFAULT_CAR"/>
    <instantOut id="235_D11" time="11643.75" state="stay" vehID="Car_6426" speed="0.02" length="5.00" type="DEFAULT_CAR"/>
    <instantOut id="235_D11" time="11644.00" state="stay" vehID="Car_6426" speed="0.00" length="5.00" type="DEFAULT_CAR"/>
    <instantOut id="235_D11" time="11644.25" state="stay" vehID="Car_6426" speed="0.00" length="5.00" type="DEFAULT_CAR"/>
    <instantOut id="235_D11" time="11644.50" state="stay" vehID="Car_6426" speed="0.00" length="5.00" type="DEFAULT_CAR"/>
    <instantOut id="235_D11" time="11644.75" state="stay" vehID="Car_6426" speed="0.00" length="5.00" type="DEFAULT_CAR"/>
    <instantOut id="235_D11" time="11645.00" state="stay" vehID="Car_6426" speed="0.00" length="5.00" type="DEFAULT_CAR"/>
    <instantOut id="235_D11" time="11645.25" state="stay" vehID="Car_6426" speed="0.00" length="5.00" type="DEFAULT_CAR"/>
    <instantOut id="235_D11" time="11645.50" state="stay" vehID="Car_6426" speed="0.00" length="5.00" type="DEFAULT_CAR"/>
    <instantOut id="235_D11" time="11645.75" state="stay" vehID="Car_6426" speed="0.00" length="5.00" type="DEFAULT_CAR"/>
    <instantOut id="235_D11" time="11646.00" state="stay" vehID="Car_6426" speed="0.00" length="5.00" type="DEFAULT_CAR"/>
    <instantOut id="235_D11" time="11646.25" state="stay" vehID="Car_6426" speed="0.00" length="5.00" type="DEFAULT_CAR"/>
    <instantOut id="235_D11" time="11646.50" state="stay" vehID="Car_6426" speed="0.00" length="5.00" type="DEFAULT_CAR"/>
    <instantOut id="235_D11" time="11646.75" state="stay" vehID="Car_6426" speed="0.00" length="5.00" type="DEFAULT_CAR"/>
    <instantOut id="235_D11" time="11647.00" state="stay" vehID="Car_6426" speed="0.00" length="5.00" type="DEFAULT_CAR"/>
    <instantOut id="235_D11" time="11647.25" state="stay" vehID="Car_6426" speed="0.00" length="5.00" type="DEFAULT_CAR"/>
    <instantOut id="235_D11" time="11647.50" state="stay" vehID="Car_6426" speed="0.00" length="5.00" type="DEFAULT_CAR"/>
    <instantOut id="235_D11" time="11647.75" state="stay" vehID="Car_6426" speed="0.00" length="5.00" type="DEFAULT_CAR"/>
    <instantOut id="235_D11" time="11648.00" state="stay" vehID="Car_6426" speed="0.00" length="5.00" type="DEFAULT_CAR"/>
    <instantOut id="235_D11" time="11648.25" state="stay" vehID="Car_6426" speed="0.00" length="5.00" type="DEFAULT_CAR"/>
    <instantOut id="235_D11" time="11648.50" state="stay" vehID="Car_6426" speed="0.00" length="5.00" type="DEFAULT_CAR"/>
    <instantOut id="235_D11" time="11648.75" state="stay" vehID="Car_6426" speed="0.00" length="5.00" type="DEFAULT_CAR"/>
    <instantOut id="235_D11" time="11649.00" state="stay" vehID="Car_6426" speed="0.00" length="5.00" type="DEFAULT_CAR"/>
    <instantOut id="235_D11" time="11649.25" state="stay" vehID="Car_6426" speed="0.00" length="5.00" type="DEFAULT_CAR"/>
    <instantOut id="235_D11" time="11649.50" state="stay" vehID="Car_6426" speed="0.00" length="5.00" type="DEFAULT_CAR"/>
    <instantOut id="235_D11" time="11649.75" state="stay" vehID="Car_6426" speed="0.00" length="5.00" type="DEFAULT_CAR"/>
    <instantOut id="235_D11" time="11650.00" state="stay" vehID="Car_6426" speed="0.00" length="5.00" type="DEFAULT_CAR"/>
    <instantOut id="235_D11" time="11650.25" state="stay" vehID="Car_6426" speed="0.00" length="5.00" type="DEFAULT_CAR"/>
    <instantOut id="235_D11" time="11650.50" state="stay" vehID="Car_6426" speed="0.00" length="5.00" type="DEFAULT_CAR"/>
    <instantOut id="235_D11" time="11650.75" state="stay" vehID="Car_6426" speed="0.00" length="5.00" type="DEFAULT_CAR"/>
    <instantOut id="235_D11" time="11651.00" state="stay" vehID="Car_6426" speed="0.00" length="5.00" type="DEFAULT_CAR"/>
    <instantOut id="235_D11" time="11651.25" state="stay" vehID="Car_6426" speed="0.00" length="5.00" type="DEFAULT_CAR"/>
    <instantOut id="235_D11" time="11651.50" state="stay" vehID="Car_6426" speed="0.00" length="5.00" type="DEFAULT_CAR"/>
    <instantOut id="235_D11" time="11651.75" state="stay" vehID="Car_6426" speed="0.00" length="5.00" type="DEFAULT_CAR"/>
    <instantOut id="235_D11" time="11652.00" state="stay" vehID="Car_6426" speed="0.00" length="5.00" type="DEFAULT_CAR"/>
    <instantOut id="235_D11" time="11652.25" state="stay" vehID="Car_6426" speed="0.00" length="5.00" type="DEFAULT_CAR"/>
    <instantOut id="235_D11" time="11652.50" state="stay" vehID="Car_6426" speed="0.00" length="5.00" type="DEFAULT_CAR"/>
    <instantOut id="235_D11" time="11652.75" state="stay" vehID="Car_6426" speed="0.00" length="5.00" type="DEFAULT_CAR"/>
    <instantOut id="235_D11" time="11653.00" state="stay" vehID="Car_6426" speed="0.00" length="5.00" type="DEFAULT_CAR"/>
    <instantOut id="235_D11" time="11653.25" state="stay" vehID="Car_6426" speed="0.84" length="5.00" type="DEFAULT_CAR"/>
    <instantOut id="235_D11" time="11653.50" state="stay" vehID="Car_6426" speed="1.66" length="5.00" type="DEFAULT_CAR"/>
    <instantOut id="235_D11" time="11653.75" state="stay" vehID="Car_6426" speed="2.50" length="5.00" type="DEFAULT_CAR"/>
    <instantOut id="235_D11" time="11653.99" state="leave" vehID="Car_6426" speed="3.18" length="5.00" type="DEFAULT_CAR" occupancy="11.99"/>
    <instantOut id="235_D11" time="11921.92" state="enter" vehID="Car_6425" speed="6.14" length="5.00" type="DEFAULT_CAR" gap="267.93"/>
    <instantOut id="235_D11" time="11922.00" state="stay" vehID="Car_6425" speed="6.14" length="5.00" type="DEFAULT_CAR"/>
    <instantOut id="235_D11" time="11922.25" state="stay" vehID="Car_6425" speed="7.09" length="5.00" type="DEFAULT_CAR"/>
    <instantOut id="235_D11" time="11922.50" state="stay" vehID="Car_6425" speed="7.90" length="5.00" type="DEFAULT_CAR"/>
    <instantOut id="235_D11" time="11922.59" state="leave" vehID="Car_6425" speed="8.00" length="5.00" type="DEFAULT_CAR" occupancy="0.68"/>
    <instantOut id="235_D11" time="13601.94" state="enter" vehID="Car_7707" speed="6.23" length="5.00" type="DEFAULT_CAR" gap="1679.35"/>
    <instantOut id="235_D11" time="13602.00" state="stay" vehID="Car_7707" speed="6.23" length="5.00" type="DEFAULT_CAR"/>
    <instantOut id="235_D11" time="13602.25" state="stay" vehID="Car_7707" speed="7.18" length="5.00" type="DEFAULT_CAR"/>
    <instantOut id="235_D11" time="13602.50" state="stay" vehID="Car_7707" speed="7.86" length="5.00" type="DEFAULT_CAR"/>
    <instantOut id="235_D11" time="13602.61" state="leave" vehID="Car_7707" speed="7.73" length="5.00" type="DEFAULT_CAR" occupancy="0.67"/>
    <instantOut id="235_D11" time="13803.09" state="enter" vehID="Car_7697" speed="4.08" length="5.00" type="DEFAULT_CAR" gap="200.48"/>
    <instantOut id="235_D11" time="13803.25" state="stay" vehID="Car_7697" speed="4.08" length="5.00" type="DEFAULT_CAR"/>
    <instantOut id="235_D11" time="13803.50" state="stay" vehID="Car_7697" speed="3.33" length="5.00" type="DEFAULT_CAR"/>
    <instantOut id="235_D11" time="13803.75" state="stay" vehID="Car_7697" speed="2.58" length="5.00" type="DEFAULT_CAR"/>
    <instantOut id="235_D11" time="13804.00" state="stay" vehID="Car_7697" speed="1.83" length="5.00" type="DEFAULT_CAR"/>
    <instantOut id="235_D11" time="13804.25" state="stay" vehID="Car_7697" speed="1.08" length="5.00" type="DEFAULT_CAR"/>
    <instantOut id="235_D11" time="13804.50" state="stay" vehID="Car_7697" speed="0.41" length="5.00" type="DEFAULT_CAR"/>
    <instantOut id="235_D11" time="13804.75" state="stay" vehID="Car_7697" speed="1.21" length="5.00" type="DEFAULT_CAR"/>
    <instantOut id="235_D11" time="13805.00" state="stay" vehID="Car_7697" speed="1.98" length="5.00" type="DEFAULT_CAR"/>
    <instantOut id="235_D11" time="13805.25" state="stay" vehID="Car_7697" speed="2.81" length="5.00" type="DEFAULT_CAR"/>
    <instantOut id="235_D11" time="13805.41" state="leave" vehID="Car_7697" speed="3.32" length="5.00" type="DEFAULT_CAR" occupancy="2.32"/>
    <instantOut id="235_D11" time="14012.93" state="enter" vehID="Car_7696" speed="6.14" length="5.00" type="DEFAULT_CAR" gap="207.52"/>
    <instantOut id="235_D11" time="14013.00" state="stay" vehID="Car_7696" speed="6.14" length="5.00" type="DEFAULT_CAR"/>
    <instantOut id="235_D11" time="14013.25" state="stay" vehID="Car_7696" speed="7.07" length="5.00" type="DEFAULT_CAR"/>
    <instantOut id="235_D11" time="14013.50" state="stay" vehID="Car_7696" speed="6.32" length="5.00" type="DEFAULT_CAR"/>
    <instantOut id="235_D11" time="14013.71" state="leave" vehID="Car_7696" speed="5.85" length="5.00" type="DEFAULT_CAR" occupancy="0.78"/>
    <instantOut id="235_D11" time="15168.99" state="enter" vehID="Car_8785" speed="4.52" length="5.00" type="DEFAULT_CAR" gap="1155.28"/>
    <instantOut id="235_D11" time="15169.00" state="stay" vehID="Car_8785" speed="4.52" length="5.00" type="DEFAULT_CAR"/>
    <instantOut id="235_D11" time="15169.25" state="stay" vehID="Car_8785" speed="5.47" length="5.00" type="DEFAULT_CAR"/>
    <instantOut id="235_D11" time="15169.50" state="stay" vehID="Car_8785" speed="6.42" length="5.00" type="DEFAULT_CAR"/>
    <instantOut id="235_D11" time="15169.75" state="stay" vehID="Car_8785" speed="7.13" length="5.00" type="DEFAULT_CAR"/>
    <instantOut id="235_D11" time="15169.77" state="leave" vehID="Car_8785" speed="8.07" length="5.00" type="DEFAULT_CAR" occupancy="0.78"/>
    <instantOut id="235_D11" time="18067.92" state="enter" vehID="Car_10462" speed="4.01" length="5.00" type="DEFAULT_CAR" gap="2898.15"/>
    <instantOut id="235_D11" time="18068.00" state="stay" vehID="Car_10462" speed="4.01" length="5.00" type="DEFAULT_CAR"/>
    <instantOut id="235_D11" time="18068.25" state="stay" vehID="Car_10462" speed="3.30" length="5.00" type="DEFAULT_CAR"/>
    <instantOut id="235_D11" time="18068.50" state="stay" vehID="Car_10462" speed="2.62" length="5.00" type="DEFAULT_CAR"/>
    <instantOut id="235_D11" time="18068.75" state="stay" vehID="Car_10462" speed="2.29" length="5.00" type="DEFAULT_CAR"/>
    <instantOut id="235_D11" time="18069.00" state="stay" vehID="Car_10462" speed="1.54" length="5.00" type="DEFAULT_CAR"/>
    <instantOut id="235_D11" time="18069.25" state="stay" vehID="Car_10462" speed="0.79" length="5.00" type="DEFAULT_CAR"/>
    <instantOut id="235_D11" time="18069.50" state="stay" vehID="Car_10462" speed="0.08" length="5.00" type="DEFAULT_CAR"/>
    <instantOut id="235_D11" time="18069.75" state="stay" vehID="Car_10462" speed="0.00" length="5.00" type="DEFAULT_CAR"/>
    <instantOut id="235_D11" time="18070.00" state="stay" vehID="Car_10462" speed="0.00" length="5.00" type="DEFAULT_CAR"/>
    <instantOut id="235_D11" time="18070.25" state="stay" vehID="Car_10462" speed="0.00" length="5.00" type="DEFAULT_CAR"/>
    <instantOut id="235_D11" time="18070.50" state="stay" vehID="Car_10462" speed="0.00" length="5.00" type="DEFAULT_CAR"/>
    <instantOut id="235_D11" time="18070.75" state="stay" vehID="Car_10462" speed="0.00" length="5.00" type="DEFAULT_CAR"/>
    <instantOut id="235_D11" time="18071.00" state="stay" vehID="Car_10462" speed="0.00" length="5.00" type="DEFAULT_CAR"/>
    <instantOut id="235_D11" time="18071.25" state="stay" vehID="Car_10462" speed="0.00" length="5.00" type="DEFAULT_CAR"/>
    <instantOut id="235_D11" time="18071.50" state="stay" vehID="Car_10462" speed="0.00" length="5.00" type="DEFAULT_CAR"/>
    <instantOut id="235_D11" time="18071.75" state="stay" vehID="Car_10462" speed="0.85" length="5.00" type="DEFAULT_CAR"/>
    <instantOut id="235_D11" time="18072.00" state="stay" vehID="Car_10462" speed="1.60" length="5.00" type="DEFAULT_CAR"/>
    <instantOut id="235_D11" time="18072.25" state="stay" vehID="Car_10462" speed="2.41" length="5.00" type="DEFAULT_CAR"/>
    <instantOut id="235_D11" time="18072.50" state="stay" vehID="Car_10462" speed="3.16" length="5.00" type="DEFAULT_CAR"/>
    <instantOut id="235_D11" time="18072.50" state="leave" vehID="Car_10462" speed="3.70" length="5.00" type="DEFAULT_CAR" occupancy="4.58"/>
    <instantOut id="235_D11" time="18451.06" state="enter" vehID="Car_10463" speed="3.82" length="5.00" type="DEFAULT_CAR" gap="378.56"/>
    <instantOut id="235_D11" time="18451.25" state="stay" vehID="Car_10463" speed="3.82" length="5.00" type="DEFAULT_CAR"/>
    <instantOut id="235_D11" time="18451.50" state="stay" vehID="Car_10463" speed="3.07" length="5.00" type="DEFAULT_CAR"/>
    <instantOut id="235_D11" time="18451.75" state="stay" vehID="Car_10463" speed="4.02" length="5.00" type="DEFAULT_CAR"/>
    <instantOut id="235_D11" time="18452.00" state="stay" vehID="Car_10463" speed="4.38" length="5.00" type="DEFAULT_CAR"/>
    <instantOut id="235_D11" time="18452.25" state="stay" vehID="Car_10463" speed="3.98" length="5.00" type="DEFAULT_CAR"/>
    <instantOut id="235_D11" time="18452.35" state="leave" vehID="Car_10463" speed="4.11" length="5.00" type="DEFAULT_CAR" occupancy="1.29"/>
    <instantOut id="235_D11" time="18589.97" state="enter" vehID="Car_10464" speed="4.47" length="5.00" type="DEFAULT_CAR" gap="137.62"/>
    <instantOut id="235_D11" time="18590.00" state="stay" vehID="Car_10464" speed="4.47" length="5.00" type="DEFAULT_CAR"/>
    <instantOut id="235_D11" time="18590.25" state="stay" vehID="Car_10464" speed="3.72" length="5.00" type="DEFAULT_CAR"/>
    <instantOut id="235_D11" time="18590.50" state="stay" vehID="Car_10464" speed="2.97" length="5.00" type="DEFAULT_CAR"/>
    <instantOut id="235_D11" time="18590.75" state="stay" vehID="Car_10464" speed="2.22" length="5.00" type="DEFAULT_CAR"/>
    <instantOut id="235_D11" time="18591.00" state="stay" vehID="Car_10464" speed="1.54" length="5.00" type="DEFAULT_CAR"/>
    <instantOut id="235_D11" time="18591.25" state="stay" vehID="Car_10464" speed="0.80" length="5.00" type="DEFAULT_CAR"/>
    <instantOut id="235_D11" time="18591.50" state="stay" vehID="Car_10464" speed="0.18" length="5.00" type="DEFAULT_CAR"/>
    <instantOut id="235_D11" time="18591.75" state="stay" vehID="Car_10464" speed="0.01" length="5.00" type="DEFAULT_CAR"/>
    <instantOut id="235_D11" time="18592.00" state="stay" vehID="Car_10464" speed="0.00" length="5.00" type="DEFAULT_CAR"/>
    <instantOut id="235_D11" time="18592.25" state="stay" vehID="Car_10464" speed="0.00" length="5.00" type="DEFAULT_CAR"/>
    <instantOut id="235_D11" time="18592.50" state="stay" vehID="Car_10464" speed="0.00" length="5.00" type="DEFAULT_CAR"/>
    <instantOut id="235_D11" time="18592.75" state="stay" vehID="Car_10464" speed="0.00" length="5.00" type="DEFAULT_CAR"/>
    <instantOut id="235_D11" time="18593.00" state="stay" vehID="Car_10464" speed="0.00" length="5.00" type="DEFAULT_CAR"/>
    <instantOut id="235_D11" time="18593.25" state="stay" vehID="Car_10464" speed="0.00" length="5.00" type="DEFAULT_CAR"/>
    <instantOut id="235_D11" time="18593.50" state="stay" vehID="Car_10464" speed="0.00" length="5.00" type="DEFAULT_CAR"/>
    <instantOut id="235_D11" time="18593.75" state="stay" vehID="Car_10464" speed="0.00" length="5.00" type="DEFAULT_CAR"/>
    <instantOut id="235_D11" time="18594.00" state="stay" vehID="Car_10464" speed="0.00" length="5.00" type="DEFAULT_CAR"/>
    <instantOut id="235_D11" time="18594.25" state="stay" vehID="Car_10464" speed="0.00" length="5.00" type="DEFAULT_CAR"/>
    <instantOut id="235_D11" time="18594.50" state="stay" vehID="Car_10464" speed="0.00" length="5.00" type="DEFAULT_CAR"/>
    <instantOut id="235_D11" time="18594.75" state="stay" vehID="Car_10464" speed="0.00" length="5.00" type="DEFAULT_CAR"/>
    <instantOut id="235_D11" time="18595.00" state="stay" vehID="Car_10464" speed="0.00" length="5.00" type="DEFAULT_CAR"/>
    <instantOut id="235_D11" time="18595.25" state="stay" vehID="Car_10464" speed="0.00" length="5.00" type="DEFAULT_CAR"/>
    <instantOut id="235_D11" time="18595.50" state="stay" vehID="Car_10464" speed="0.00" length="5.00" type="DEFAULT_CAR"/>
    <instantOut id="235_D11" time="18595.75" state="stay" vehID="Car_10464" speed="0.00" length="5.00" type="DEFAULT_CAR"/>
    <instantOut id="235_D11" time="18596.00" state="stay" vehID="Car_10464" speed="0.00" length="5.00" type="DEFAULT_CAR"/>
    <instantOut id="235_D11" time="18596.25" state="stay" vehID="Car_10464" speed="0.00" length="5.00" type="DEFAULT_CAR"/>
    <instantOut id="235_D11" time="18596.50" state="stay" vehID="Car_10464" speed="0.00" length="5.00" type="DEFAULT_CAR"/>
    <instantOut id="235_D11" time="18596.75" state="stay" vehID="Car_10464" speed="0.00" length="5.00" type="DEFAULT_CAR"/>
    <instantOut id="235_D11" time="18597.00" state="stay" vehID="Car_10464" speed="0.00" length="5.00" type="DEFAULT_CAR"/>
    <instantOut id="235_D11" time="18597.25" state="stay" vehID="Car_10464" speed="0.00" length="5.00" type="DEFAULT_CAR"/>
    <instantOut id="235_D11" time="18597.50" state="stay" vehID="Car_10464" speed="0.00" length="5.00" type="DEFAULT_CAR"/>
    <instantOut id="235_D11" time="18597.75" state="stay" vehID="Car_10464" speed="0.00" length="5.00" type="DEFAULT_CAR"/>
    <instantOut id="235_D11" time="18598.00" state="stay" vehID="Car_10464" speed="0.00" length="5.00" type="DEFAULT_CAR"/>
    <instantOut id="235_D11" time="18598.25" state="stay" vehID="Car_10464" speed="0.00" length="5.00" type="DEFAULT_CAR"/>
    <instantOut id="235_D11" time="18598.50" state="stay" vehID="Car_10464" speed="0.00" length="5.00" type="DEFAULT_CAR"/>
    <instantOut id="235_D11" time="18598.75" state="stay" vehID="Car_10464" speed="0.00" length="5.00" type="DEFAULT_CAR"/>
    <instantOut id="235_D11" time="18599.00" state="stay" vehID="Car_10464" speed="0.00" length="5.00" type="DEFAULT_CAR"/>
    <instantOut id="235_D11" time="18599.25" state="stay" vehID="Car_10464" speed="0.00" length="5.00" type="DEFAULT_CAR"/>
    <instantOut id="235_D11" time="18599.50" state="stay" vehID="Car_10464" speed="0.00" length="5.00" type="DEFAULT_CAR"/>
    <instantOut id="235_D11" time="18599.75" state="stay" vehID="Car_10464" speed="0.00" length="5.00" type="DEFAULT_CAR"/>
    <instantOut id="235_D11" time="18600.00" state="stay" vehID="Car_10464" speed="0.00" length="5.00" type="DEFAULT_CAR"/>
    <instantOut id="235_D11" time="18600.25" state="stay" vehID="Car_10464" speed="0.00" length="5.00" type="DEFAULT_CAR"/>
    <instantOut id="235_D11" time="18600.50" state="stay" vehID="Car_10464" speed="0.00" length="5.00" type="DEFAULT_CAR"/>
    <instantOut id="235_D11" time="18600.75" state="stay" vehID="Car_10464" speed="0.00" length="5.00" type="DEFAULT_CAR"/>
    <instantOut id="235_D11" time="18601.00" state="stay" vehID="Car_10464" speed="0.00" length="5.00" type="DEFAULT_CAR"/>
    <instantOut id="235_D11" time="18601.25" state="stay" vehID="Car_10464" speed="0.00" length="5.00" type="DEFAULT_CAR"/>
    <instantOut id="235_D11" time="18601.50" state="stay" vehID="Car_10464" speed="0.00" length="5.00" type="DEFAULT_CAR"/>
    <instantOut id="235_D11" time="18601.75" state="stay" vehID="Car_10464" speed="0.00" length="5.00" type="DEFAULT_CAR"/>
    <instantOut id="235_D11" time="18602.00" state="stay" vehID="Car_10464" speed="0.00" length="5.00" type="DEFAULT_CAR"/>
    <instantOut id="235_D11" time="18602.25" state="stay" vehID="Car_10464" speed="0.00" length="5.00" type="DEFAULT_CAR"/>
    <instantOut id="235_D11" time="18602.50" state="stay" vehID="Car_10464" speed="0.00" length="5.00" type="DEFAULT_CAR"/>
    <instantOut id="235_D11" time="18602.75" state="stay" vehID="Car_10464" speed="0.00" length="5.00" type="DEFAULT_CAR"/>
    <instantOut id="235_D11" time="18603.00" state="stay" vehID="Car_10464" speed="0.00" length="5.00" type="DEFAULT_CAR"/>
    <instantOut id="235_D11" time="18603.25" state="stay" vehID="Car_10464" speed="0.00" length="5.00" type="DEFAULT_CAR"/>
    <instantOut id="235_D11" time="18603.50" state="stay" vehID="Car_10464" speed="0.00" length="5.00" type="DEFAULT_CAR"/>
    <instantOut id="235_D11" time="18603.75" state="stay" vehID="Car_10464" speed="0.00" length="5.00" type="DEFAULT_CAR"/>
    <instantOut id="235_D11" time="18604.00" state="stay" vehID="Car_10464" speed="0.20" length="5.00" type="DEFAULT_CAR"/>
    <instantOut id="235_D11" time="18604.25" state="stay" vehID="Car_10464" speed="0.50" length="5.00" type="DEFAULT_CAR"/>
    <instantOut id="235_D11" time="18604.50" state="stay" vehID="Car_10464" speed="0.78" length="5.00" type="DEFAULT_CAR"/>
    <instantOut id="235_D11" time="18604.75" state="stay" vehID="Car_10464" speed="1.17" length="5.00" type="DEFAULT_CAR"/>
    <instantOut id="235_D11" time="18605.00" state="stay" vehID="Car_10464" speed="1.74" length="5.00" type="DEFAULT_CAR"/>
    <instantOut id="235_D11" time="18605.25" state="stay" vehID="Car_10464" speed="2.40" length="5.00" type="DEFAULT_CAR"/>
    <instantOut id="235_D11" time="18605.36" state="leave" vehID="Car_10464" speed="3.00" length="5.00" type="DEFAULT_CAR" occupancy="15.38"/>
    <instantOut id="235_D11" time="18722.93" state="enter" vehID="Car_10545" speed="5.96" length="5.00" type="DEFAULT_CAR" gap="117.57"/>
    <instantOut id="235_D11" time="18723.00" state="stay" vehID="Car_10545" speed="5.96" length="5.00" type="DEFAULT_CAR"/>
    <instantOut id="235_D11" time="18723.25" state="stay" vehID="Car_10545" speed="6.91" length="5.00" type="DEFAULT_CAR"/>
    <instantOut id="235_D11" time="18723.50" state="stay" vehID="Car_10545" speed="7.71" length="5.00" type="DEFAULT_CAR"/>
    <instantOut id="235_D11" time="18723.61" state="leave" vehID="Car_10545" speed="8.61" length="5.00" type="DEFAULT_CAR" occupancy="0.68"/>
    <instantOut id="235_D11" time="18804.03" state="enter" vehID="Car_10544" speed="3.75" length="5.00" type="DEFAULT_CAR" gap="80.42"/>
    <instantOut id="235_D11" time="18804.25" state="stay" vehID="Car_10544" speed="3.75" length="5.00" type="DEFAULT_CAR"/>
    <instantOut id="235_D11" time="18804.50" state="stay" vehID="Car_10544" speed="3.20" length="5.00" type="DEFAULT_CAR"/>
    <instantOut id="235_D11" time="18804.75" state="stay" vehID="Car_10544" speed="2.45" length="5.00" type="DEFAULT_CAR"/>
    <instantOut id="235_D11" time="18805.00" state="stay" vehID="Car_10544" speed="1.70" length="5.00" type="DEFAULT_CAR"/>
    <instantOut id="235_D11" time="18805.25" state="stay" vehID="Car_10544" speed="0.95" length="5.00" type="DEFAULT_CAR"/>
    <instantOut id="235_D11" time="18805.50" state="stay" vehID="Car_10544" speed="0.27" length="5.00" type="DEFAULT_CAR"/>
    <instantOut id="235_D11" time="18805.75" state="stay" vehID="Car_10544" speed="0.00" length="5.00" type="DEFAULT_CAR"/>
    <instantOut id="235_D11" time="18806.00" state="stay" vehID="Car_10544" speed="0.00" length="5.00" type="DEFAULT_CAR"/>
    <instantOut id="235_D11" time="18806.25" state="stay" vehID="Car_10544" speed="0.00" length="5.00" type="DEFAULT_CAR"/>
    <instantOut id="235_D11" time="18806.50" state="stay" vehID="Car_10544" speed="0.00" length="5.00" type="DEFAULT_CAR"/>
    <instantOut id="235_D11" time="18806.75" state="stay" vehID="Car_10544" speed="0.00" length="5.00" type="DEFAULT_CAR"/>
    <instantOut id="235_D11" time="18807.00" state="stay" vehID="Car_10544" speed="0.00" length="5.00" type="DEFAULT_CAR"/>
    <instantOut id="235_D11" time="18807.25" state="stay" vehID="Car_10544" speed="0.00" length="5.00" type="DEFAULT_CAR"/>
    <instantOut id="235_D11" time="18807.50" state="stay" vehID="Car_10544" speed="0.00" length="5.00" type="DEFAULT_CAR"/>
    <instantOut id="235_D11" time="18807.75" state="stay" vehID="Car_10544" speed="0.45" length="5.00" type="DEFAULT_CAR"/>
    <instantOut id="235_D11" time="18808.00" state="stay" vehID="Car_10544" speed="0.97" length="5.00" type="DEFAULT_CAR"/>
    <instantOut id="235_D11" time="18808.25" state="stay" vehID="Car_10544" speed="1.61" length="5.00" type="DEFAULT_CAR"/>
    <instantOut id="235_D11" time="18808.50" state="stay" vehID="Car_10544" speed="2.33" length="5.00" type="DEFAULT_CAR"/>
    <instantOut id="235_D11" time="18808.72" state="leave" vehID="Car_10544" speed="3.15" length="5.00" type="DEFAULT_CAR" occupancy="4.69"/>
    <instantOut id="235_D11" time="18899.93" state="enter" vehID="Car_10543" speed="6.28" length="5.00" type="DEFAULT_CAR" gap="91.21"/>
    <instantOut id="235_D11" time="18900.00" state="stay" vehID="Car_10543" speed="6.28" length="5.00" type="DEFAULT_CAR"/>
    <instantOut id="235_D11" time="18900.25" state="stay" vehID="Car_10543" speed="7.23" length="5.00" type="DEFAULT_CAR"/>
    <instantOut id="235_D11" time="18900.50" state="stay" vehID="Car_10543" speed="7.83" length="5.00" type="DEFAULT_CAR"/>
    <instantOut id="235_D11" time="18900.59" state="leave" vehID="Car_10543" speed="8.61" length="5.00" type="DEFAULT_CAR" occupancy="0.66"/>
    <instantOut id="235_D11" time="18911.93" state="enter" vehID="Car_10542" speed="4.33" length="5.00" type="DEFAULT_CAR" gap="11.34"/>
    <instantOut id="235_D11" time="18912.00" state="stay" vehID="Car_10542" speed="4.33" length="5.00" type="DEFAULT_CAR"/>
    <instantOut id="235_D11" time="18912.25" state="stay" vehID="Car_10542" speed="3.58" length="5.00" type="DEFAULT_CAR"/>
    <instantOut id="235_D11" time="18912.50" state="stay" vehID="Car_10542" speed="2.83" length="5.00" type="DEFAULT_CAR"/>
    <instantOut id="235_D11" time="18912.75" state="stay" vehID="Car_10542" speed="2.08" length="5.00" type="DEFAULT_CAR"/>
    <instantOut id="235_D11" time="18913.00" state="stay" vehID="Car_10542" speed="1.33" length="5.00" type="DEFAULT_CAR"/>
    <instantOut id="235_D11" time="18913.25" state="stay" vehID="Car_10542" speed="0.75" length="5.00" type="DEFAULT_CAR"/>
    <instantOut id="235_D11" time="18913.50" state="stay" vehID="Car_10542" speed="0.11" length="5.00" type="DEFAULT_CAR"/>
    <instantOut id="235_D11" time="18913.75" state="stay" vehID="Car_10542" speed="0.01" length="5.00" type="DEFAULT_CAR"/>
    <instantOut id="235_D11" time="18914.00" state="stay" vehID="Car_10542" speed="0.00" length="5.00" type="DEFAULT_CAR"/>
    <instantOut id="235_D11" time="18914.25" state="stay" vehID="Car_10542" speed="0.00" length="5.00" type="DEFAULT_CAR"/>
    <instantOut id="235_D11" time="18914.50" state="stay" vehID="Car_10542" speed="0.00" length="5.00" type="DEFAULT_CAR"/>
    <instantOut id="235_D11" time="18914.75" state="stay" vehID="Car_10542" speed="0.00" length="5.00" type="DEFAULT_CAR"/>
    <instantOut id="235_D11" time="18915.00" state="stay" vehID="Car_10542" speed="0.00" length="5.00" type="DEFAULT_CAR"/>
    <instantOut id="235_D11" time="18915.25" state="stay" vehID="Car_10542" speed="0.00" length="5.00" type="DEFAULT_CAR"/>
    <instantOut id="235_D11" time="18915.50" state="stay" vehID="Car_10542" speed="0.89" length="5.00" type="DEFAULT_CAR"/>
    <instantOut id="235_D11" time="18915.75" state="stay" vehID="Car_10542" speed="1.82" length="5.00" type="DEFAULT_CAR"/>
    <instantOut id="235_D11" time="18916.00" state="stay" vehID="Car_10542" speed="2.73" length="5.00" type="DEFAULT_CAR"/>
    <instantOut id="235_D11" time="18916.20" state="leave" vehID="Car_10542" speed="3.23" length="5.00" type="DEFAULT_CAR" occupancy="4.28"/>
    <instantOut id="235_D11" time="19044.94" state="enter" vehID="Car_10541" speed="5.88" length="5.00" type="DEFAULT_CAR" gap="128.73"/>
    <instantOut id="235_D11" time="19045.00" state="stay" vehID="Car_10541" speed="5.88" length="5.00" type="DEFAULT_CAR"/>
    <instantOut id="235_D11" time="19045.25" state="stay" vehID="Car_10541" speed="6.83" length="5.00" type="DEFAULT_CAR"/>
    <instantOut id="235_D11" time="19045.50" state="stay" vehID="Car_10541" speed="7.49" length="5.00" type="DEFAULT_CAR"/>
    <instantOut id="235_D11" time="19045.63" state="leave" vehID="Car_10541" speed="8.22" length="5.00" type="DEFAULT_CAR" occupancy="0.69"/>
    <instantOut id="235_D11" time="21549.89" state="enter" vehID="Car_12240" speed="4.14" length="5.00" type="DEFAULT_CAR" gap="2504.26"/>
    <instantOut id="235_D11" time="21550.00" state="stay" vehID="Car_12240" speed="4.14" length="5.00" type="DEFAULT_CAR"/>
    <instantOut id="235_D11" time="21550.25" state="stay" vehID="Car_12240" speed="3.51" length="5.00" type="DEFAULT_CAR"/>
    <instantOut id="235_D11" time="21550.50" state="stay" vehID="Car_12240" speed="2.76" length="5.00" type="DEFAULT_CAR"/>
    <instantOut id="235_D11" time="21550.75" state="stay" vehID="Car_12240" speed="2.01" length="5.00" type="DEFAULT_CAR"/>
    <instantOut id="235_D11" time="21551.00" state="stay" vehID="Car_12240" speed="1.26" length="5.00" type="DEFAULT_CAR"/>
    <instantOut id="235_D11" time="21551.25" state="stay" vehID="Car_12240" speed="0.52" length="5.00" type="DEFAULT_CAR"/>
    <instantOut id="235_D11" time="21551.50" state="stay" vehID="Car_12240" speed="0.03" length="5.00" type="DEFAULT_CAR"/>
    <instantOut id="235_D11" time="21551.75" state="stay" vehID="Car_12240" speed="0.00" length="5.00" type="DEFAULT_CAR"/>
    <instantOut id="235_D11" time="21552.00" state="stay" vehID="Car_12240" speed="0.00" length="5.00" type="DEFAULT_CAR"/>
    <instantOut id="235_D11" time="21552.25" state="stay" vehID="Car_12240" speed="0.00" length="5.00" type="DEFAULT_CAR"/>
    <instantOut id="235_D11" time="21552.50" state="stay" vehID="Car_12240" speed="0.00" length="5.00" type="DEFAULT_CAR"/>
    <instantOut id="235_D11" time="21552.75" state="stay" vehID="Car_12240" speed="0.00" length="5.00" type="DEFAULT_CAR"/>
    <instantOut id="235_D11" time="21553.00" state="stay" vehID="Car_12240" speed="0.00" length="5.00" type="DEFAULT_CAR"/>
    <instantOut id="235_D11" time="21553.25" state="stay" vehID="Car_12240" speed="0.00" length="5.00" type="DEFAULT_CAR"/>
    <instantOut id="235_D11" time="21553.50" state="stay" vehID="Car_12240" speed="0.00" length="5.00" type="DEFAULT_CAR"/>
    <instantOut id="235_D11" time="21553.75" state="stay" vehID="Car_12240" speed="0.00" length="5.00" type="DEFAULT_CAR"/>
    <instantOut id="235_D11" time="21554.00" state="stay" vehID="Car_12240" speed="0.00" length="5.00" type="DEFAULT_CAR"/>
    <instantOut id="235_D11" time="21554.25" state="stay" vehID="Car_12240" speed="0.92" length="5.00" type="DEFAULT_CAR"/>
    <instantOut id="235_D11" time="21554.50" state="stay" vehID="Car_12240" speed="1.78" length="5.00" type="DEFAULT_CAR"/>
    <instantOut id="235_D11" time="21554.75" state="stay" vehID="Car_12240" speed="2.69" length="5.00" type="DEFAULT_CAR"/>
    <instantOut id="235_D11" time="21554.95" state="leave" vehID="Car_12240" speed="3.42" length="5.00" type="DEFAULT_CAR" occupancy="5.06"/>
    <instantOut id="235_D11" time="21814.98" state="enter" vehID="Car_12241" speed="4.33" length="5.00" type="DEFAULT_CAR" gap="260.03"/>
    <instantOut id="235_D11" time="21815.00" state="stay" vehID="Car_12241" speed="4.33" length="5.00" type="DEFAULT_CAR"/>
    <instantOut id="235_D11" time="21815.25" state="stay" vehID="Car_12241" speed="3.58" length="5.00" type="DEFAULT_CAR"/>
    <instantOut id="235_D11" time="21815.50" state="stay" vehID="Car_12241" speed="4.00" length="5.00" type="DEFAULT_CAR"/>
    <instantOut id="235_D11" time="21815.75" state="stay" vehID="Car_12241" speed="4.71" length="5.00" type="DEFAULT_CAR"/>
    <instantOut id="235_D11" time="21816.00" state="stay" vehID="Car_12241" speed="5.60" length="5.00" type="DEFAULT_CAR"/>
    <instantOut id="235_D11" time="21816.07" state="leave" vehID="Car_12241" speed="6.51" length="5.00" type="DEFAULT_CAR" occupancy="1.09"/>
    <instantOut id="235_D11" time="23127.95" state="enter" vehID="Car_13142" speed="4.30" length="5.00" type="DEFAULT_CAR" gap="1311.88"/>
    <instantOut id="235_D11" time="23128.00" state="stay" vehID="Car_13142" speed="4.30" length="5.00" type="DEFAULT_CAR"/>
    <instantOut id="235_D11" time="23128.25" state="stay" vehID="Car_13142" speed="4.30" length="5.00" type="DEFAULT_CAR"/>
    <instantOut id="235_D11" time="23128.50" state="stay" vehID="Car_13142" speed="4.30" length="5.00" type="DEFAULT_CAR"/>
    <instantOut id="235_D11" time="23128.75" state="stay" vehID="Car_13142" speed="3.86" length="5.00" type="DEFAULT_CAR"/>
    <instantOut id="235_D11" time="23129.00" state="stay" vehID="Car_13142" speed="3.81" length="5.00" type="DEFAULT_CAR"/>
    <instantOut id="235_D11" time="23129.22" state="leave" vehID="Car_13142" speed="3.24" length="5.00" type="DEFAULT_CAR" occupancy="1.27"/>
    <instantOut id="235_D11" time="23239.92" state="enter" vehID="Car_13435" speed="5.90" length="5.00" type="DEFAULT_CAR" gap="110.70"/>
    <instantOut id="235_D11" time="23240.00" state="stay" vehID="Car_13435" speed="5.90" length="5.00" type="DEFAULT_CAR"/>
    <instantOut id="235_D11" time="23240.25" state="stay" vehID="Car_13435" speed="6.82" length="5.00" type="DEFAULT_CAR"/>
    <instantOut id="235_D11" time="23240.50" state="stay" vehID="Car_13435" speed="6.07" length="5.00" type="DEFAULT_CAR"/>
    <instantOut id="235_D11" time="23240.72" state="leave" vehID="Car_13435" speed="5.93" length="5.00" type="DEFAULT_CAR" occupancy="0.80"/>
    <instantOut id="235_D11" time="24155.89" state="enter" vehID="Car_14176" speed="5.81" length="5.00" type="DEFAULT_CAR" gap="915.17"/>
    <instantOut id="235_D11" time="24156.00" state="stay" vehID="Car_14176" speed="5.81" length="5.00" type="DEFAULT_CAR"/>
    <instantOut id="235_D11" time="24156.25" state="stay" vehID="Car_14176" speed="6.76" length="5.00" type="DEFAULT_CAR"/>
    <instantOut id="235_D11" time="24156.50" state="stay" vehID="Car_14176" speed="7.29" length="5.00" type="DEFAULT_CAR"/>
    <instantOut id="235_D11" time="24156.61" state="leave" vehID="Car_14176" speed="7.99" length="5.00" type="DEFAULT_CAR" occupancy="0.72"/>
    <instantOut id="235_D11" time="25649.96" state="enter" vehID="Car_15114" speed="6.42" length="5.00" type="DEFAULT_CAR" gap="1493.35"/>
    <instantOut id="235_D11" time="25650.00" state="stay" vehID="Car_15114" speed="6.42" length="5.00" type="DEFAULT_CAR"/>
    <instantOut id="235_D11" time="25650.25" state="stay" vehID="Car_15114" speed="7.14" length="5.00" type="DEFAULT_CAR"/>
    <instantOut id="235_D11" time="25650.50" state="stay" vehID="Car_15114" speed="6.39" length="5.00" type="DEFAULT_CAR"/>
    <instantOut id="235_D11" time="25650.73" state="leave" vehID="Car_15114" speed="6.04" length="5.00" type="DEFAULT_CAR" occupancy="0.77"/>
    <instantOut id="235_D11" time="26995.92" state="enter" vehID="Car_16140" speed="6.18" length="5.00" type="DEFAULT_CAR" gap="1345.19"/>
    <instantOut id="235_D11" time="26996.00" state="stay" vehID="Car_16140" speed="6.18" length="5.00" type="DEFAULT_CAR"/>
    <instantOut id="235_D11" time="26996.25" state="stay" vehID="Car_16140" speed="7.13" length="5.00" type="DEFAULT_CAR"/>
    <instantOut id="235_D11" time="26996.50" state="stay" vehID="Car_16140" speed="6.86" length="5.00" type="DEFAULT_CAR"/>
    <instantOut id="235_D11" time="26996.65" state="leave" vehID="Car_16140" speed="6.62" length="5.00" type="DEFAULT_CAR" occupancy="0.73"/>
    <instantOut id="235_D11" time="27040.92" state="enter" vehID="Car_16139" speed="6.20" length="5.00" type="DEFAULT_CAR" gap="44.27"/>
    <instantOut id="235_D11" time="27041.00" state="stay" vehID="Car_16139" speed="6.20" length="5.00" type="DEFAULT_CAR"/>
    <instantOut id="235_D11" time="27041.25" state="stay" vehID="Car_16139" speed="5.92" length="5.00" type="DEFAULT_CAR"/>
    <instantOut id="235_D11" time="27041.50" state="stay" vehID="Car_16139" speed="5.17" length="5.00" type="DEFAULT_CAR"/>
    <instantOut id="235_D11" time="27041.75" state="stay" vehID="Car_16139" speed="4.76" length="5.00" type="DEFAULT_CAR"/>
    <instantOut id="235_D11" time="27041.86" state="leave" vehID="Car_16139" speed="4.87" length="5.00" type="DEFAULT_CAR" occupancy="0.94"/>
    <instantOut id="235_D11" time="29239.02" state="enter" vehID="Car_17084" speed="3.69" length="5.00" type="DEFAULT_CAR" gap="2197.16"/>
    <instantOut id="235_D11" time="29239.25" state="stay" vehID="Car_17084" speed="3.69" length="5.00" type="DEFAULT_CAR"/>
    <instantOut id="235_D11" time="29239.50" state="stay" vehID="Car_17084" speed="3.11" length="5.00" type="DEFAULT_CAR"/>
    <instantOut id="235_D11" time="29239.75" state="stay" vehID="Car_17084" speed="2.49" length="5.00" type="DEFAULT_CAR"/>
    <instantOut id="235_D11" time="29240.00" state="stay" vehID="Car_17084" speed="1.74" length="5.00" type="DEFAULT_CAR"/>
    <instantOut id="235_D11" time="29240.25" state="stay" vehID="Car_17084" speed="0.99" length="5.00" type="DEFAULT_CAR"/>
    <instantOut id="235_D11" time="29240.50" state="stay" vehID="Car_17084" speed="0.24" length="5.00" type="DEFAULT_CAR"/>
    <instantOut id="235_D11" time="29240.75" state="stay" vehID="Car_17084" speed="0.00" length="5.00" type="DEFAULT_CAR"/>
    <instantOut id="235_D11" time="29241.00" state="stay" vehID="Car_17084" speed="0.00" length="5.00" type="DEFAULT_CAR"/>
    <instantOut id="235_D11" time="29241.25" state="stay" vehID="Car_17084" speed="0.00" length="5.00" type="DEFAULT_CAR"/>
    <instantOut id="235_D11" time="29241.50" state="stay" vehID="Car_17084" speed="0.00" length="5.00" type="DEFAULT_CAR"/>
    <instantOut id="235_D11" time="29241.75" state="stay" vehID="Car_17084" speed="0.00" length="5.00" type="DEFAULT_CAR"/>
    <instantOut id="235_D11" time="29242.00" state="stay" vehID="Car_17084" speed="0.00" length="5.00" type="DEFAULT_CAR"/>
    <instantOut id="235_D11" time="29242.25" state="stay" vehID="Car_17084" speed="0.00" length="5.00" type="DEFAULT_CAR"/>
    <instantOut id="235_D11" time="29242.50" state="stay" vehID="Car_17084" speed="0.00" length="5.00" type="DEFAULT_CAR"/>
    <instantOut id="235_D11" time="29242.75" state="stay" vehID="Car_17084" speed="0.00" length="5.00" type="DEFAULT_CAR"/>
    <instantOut id="235_D11" time="29243.00" state="stay" vehID="Car_17084" speed="0.00" length="5.00" type="DEFAULT_CAR"/>
    <instantOut id="235_D11" time="29243.25" state="stay" vehID="Car_17084" speed="0.00" length="5.00" type="DEFAULT_CAR"/>
    <instantOut id="235_D11" time="29243.50" state="stay" vehID="Car_17084" speed="0.00" length="5.00" type="DEFAULT_CAR"/>
    <instantOut id="235_D11" time="29243.75" state="stay" vehID="Car_17084" speed="0.00" length="5.00" type="DEFAULT_CAR"/>
    <instantOut id="235_D11" time="29244.00" state="stay" vehID="Car_17084" speed="0.00" length="5.00" type="DEFAULT_CAR"/>
    <instantOut id="235_D11" time="29244.25" state="stay" vehID="Car_17084" speed="0.00" length="5.00" type="DEFAULT_CAR"/>
    <instantOut id="235_D11" time="29244.50" state="stay" vehID="Car_17084" speed="0.00" length="5.00" type="DEFAULT_CAR"/>
    <instantOut id="235_D11" time="29244.75" state="stay" vehID="Car_17084" speed="0.00" length="5.00" type="DEFAULT_CAR"/>
    <instantOut id="235_D11" time="29245.00" state="stay" vehID="Car_17084" speed="0.00" length="5.00" type="DEFAULT_CAR"/>
    <instantOut id="235_D11" time="29245.25" state="stay" vehID="Car_17084" speed="0.00" length="5.00" type="DEFAULT_CAR"/>
    <instantOut id="235_D11" time="29245.50" state="stay" vehID="Car_17084" speed="0.00" length="5.00" type="DEFAULT_CAR"/>
    <instantOut id="235_D11" time="29245.75" state="stay" vehID="Car_17084" speed="0.00" length="5.00" type="DEFAULT_CAR"/>
    <instantOut id="235_D11" time="29246.00" state="stay" vehID="Car_17084" speed="0.00" length="5.00" type="DEFAULT_CAR"/>
    <instantOut id="235_D11" time="29246.25" state="stay" vehID="Car_17084" speed="0.00" length="5.00" type="DEFAULT_CAR"/>
    <instantOut id="235_D11" time="29246.50" state="stay" vehID="Car_17084" speed="0.00" length="5.00" type="DEFAULT_CAR"/>
    <instantOut id="235_D11" time="29246.75" state="stay" vehID="Car_17084" speed="0.00" length="5.00" type="DEFAULT_CAR"/>
    <instantOut id="235_D11" time="29247.00" state="stay" vehID="Car_17084" speed="0.00" length="5.00" type="DEFAULT_CAR"/>
    <instantOut id="235_D11" time="29247.25" state="stay" vehID="Car_17084" speed="0.00" length="5.00" type="DEFAULT_CAR"/>
    <instantOut id="235_D11" time="29247.50" state="stay" vehID="Car_17084" speed="0.00" length="5.00" type="DEFAULT_CAR"/>
    <instantOut id="235_D11" time="29247.75" state="stay" vehID="Car_17084" speed="0.00" length="5.00" type="DEFAULT_CAR"/>
    <instantOut id="235_D11" time="29248.00" state="stay" vehID="Car_17084" speed="0.00" length="5.00" type="DEFAULT_CAR"/>
    <instantOut id="235_D11" time="29248.25" state="stay" vehID="Car_17084" speed="0.00" length="5.00" type="DEFAULT_CAR"/>
    <instantOut id="235_D11" time="29248.50" state="stay" vehID="Car_17084" speed="0.00" length="5.00" type="DEFAULT_CAR"/>
    <instantOut id="235_D11" time="29248.75" state="stay" vehID="Car_17084" speed="0.00" length="5.00" type="DEFAULT_CAR"/>
    <instantOut id="235_D11" time="29249.00" state="stay" vehID="Car_17084" speed="0.00" length="5.00" type="DEFAULT_CAR"/>
    <instantOut id="235_D11" time="29249.25" state="stay" vehID="Car_17084" speed="0.00" length="5.00" type="DEFAULT_CAR"/>
    <instantOut id="235_D11" time="29249.50" state="stay" vehID="Car_17084" speed="0.00" length="5.00" type="DEFAULT_CAR"/>
    <instantOut id="235_D11" time="29249.75" state="stay" vehID="Car_17084" speed="0.00" length="5.00" type="DEFAULT_CAR"/>
    <instantOut id="235_D11" time="29250.00" state="stay" vehID="Car_17084" speed="0.89" length="5.00" type="DEFAULT_CAR"/>
    <instantOut id="235_D11" time="29250.25" state="stay" vehID="Car_17084" speed="1.73" length="5.00" type="DEFAULT_CAR"/>
    <instantOut id="235_D11" time="29250.50" state="stay" vehID="Car_17084" speed="2.56" length="5.00" type="DEFAULT_CAR"/>
    <instantOut id="235_D11" time="29250.71" state="leave" vehID="Car_17084" speed="3.41" length="5.00" type="DEFAULT_CAR" occupancy="11.69"/>
    <instantOut id="235_D11" time="32253.97" state="enter" vehID="Car_19807" speed="4.51" length="5.00" type="DEFAULT_CAR" gap="3003.26"/>
    <instantOut id="235_D11" time="32254.00" state="stay" vehID="Car_19807" speed="4.51" length="5.00" type="DEFAULT_CAR"/>
    <instantOut id="235_D11" time="32254.25" state="stay" vehID="Car_19807" speed="3.76" length="5.00" type="DEFAULT_CAR"/>
    <instantOut id="235_D11" time="32254.50" state="stay" vehID="Car_19807" speed="3.01" length="5.00" type="DEFAULT_CAR"/>
    <instantOut id="235_D11" time="32254.75" state="stay" vehID="Car_19807" speed="2.26" length="5.00" type="DEFAULT_CAR"/>
    <instantOut id="235_D11" time="32255.00" state="stay" vehID="Car_19807" speed="1.51" length="5.00" type="DEFAULT_CAR"/>
    <instantOut id="235_D11" time="32255.25" state="stay" vehID="Car_19807" speed="0.80" length="5.00" type="DEFAULT_CAR"/>
    <instantOut id="235_D11" time="32255.50" state="stay" vehID="Car_19807" speed="1.57" length="5.00" type="DEFAULT_CAR"/>
    <instantOut id="235_D11" time="32255.75" state="stay" vehID="Car_19807" speed="2.31" length="5.00" type="DEFAULT_CAR"/>
    <instantOut id="235_D11" time="32256.00" state="stay" vehID="Car_19807" speed="3.24" length="5.00" type="DEFAULT_CAR"/>
    <instantOut id="235_D11" time="32256.07" state="leave" vehID="Car_19807" speed="3.72" length="5.00" type="DEFAULT_CAR" occupancy="2.10"/>
    <instantOut id="235_D11" time="32986.87" state="enter" vehID="Car_19808" speed="5.90" length="5.00" type="DEFAULT_CAR" gap="730.80"/>
    <instantOut id="235_D11" time="32987.00" state="stay" vehID="Car_19808" speed="5.90" length="5.00" type="DEFAULT_CAR"/>
    <instantOut id="235_D11" time="32987.25" state="stay" vehID="Car_19808" speed="6.85" length="5.00" type="DEFAULT_CAR"/>
    <instantOut id="235_D11" time="32987.50" state="stay" vehID="Car_19808" speed="7.71" length="5.00" type="DEFAULT_CAR"/>
    <instantOut id="235_D11" time="32987.57" state="leave" vehID="Car_19808" speed="8.20" length="5.00" type="DEFAULT_CAR" occupancy="0.70"/>
    <instantOut id="235_D11" time="33215.92" state="enter" vehID="Car_20344" speed="6.23" length="5.00" type="DEFAULT_CAR" gap="228.35"/>
    <instantOut id="235_D11" time="33216.00" state="stay" vehID="Car_20344" speed="6.23" length="5.00" type="DEFAULT_CAR"/>
    <instantOut id="235_D11" time="33216.25" state="stay" vehID="Car_20344" speed="7.18" length="5.00" type="DEFAULT_CAR"/>
    <instantOut id="235_D11" time="33216.50" state="stay" vehID="Car_20344" speed="7.86" length="5.00" type="DEFAULT_CAR"/>
    <instantOut id="235_D11" time="33216.59" state="leave" vehID="Car_20344" speed="8.60" length="5.00" type="DEFAULT_CAR" occupancy="0.67"/>
    <instantOut id="235_D11" time="33324.02" state="enter" vehID="Car_20309" speed="3.79" length="5.00" type="DEFAULT_CAR" gap="107.43"/>
    <instantOut id="235_D11" time="33324.25" state="stay" vehID="Car_20309" speed="3.79" length="5.00" type="DEFAULT_CAR"/>
    <instantOut id="235_D11" time="33324.50" state="stay" vehID="Car_20309" speed="3.18" length="5.00" type="DEFAULT_CAR"/>
    <instantOut id="235_D11" time="33324.75" state="stay" vehID="Car_20309" speed="2.43" length="5.00" type="DEFAULT_CAR"/>
    <instantOut id="235_D11" time="33325.00" state="stay" vehID="Car_20309" speed="1.68" length="5.00" type="DEFAULT_CAR"/>
    <instantOut id="235_D11" time="33325.25" state="stay" vehID="Car_20309" speed="0.93" length="5.00" type="DEFAULT_CAR"/>
    <instantOut id="235_D11" time="33325.50" state="stay" vehID="Car_20309" speed="0.18" length="5.00" type="DEFAULT_CAR"/>
    <instantOut id="235_D11" time="33325.75" state="stay" vehID="Car_20309" speed="0.00" length="5.00" type="DEFAULT_CAR"/>
    <instantOut id="235_D11" time="33326.00" state="stay" vehID="Car_20309" speed="0.00" length="5.00" type="DEFAULT_CAR"/>
    <instantOut id="235_D11" time="33326.25" state="stay" vehID="Car_20309" speed="0.00" length="5.00" type="DEFAULT_CAR"/>
    <instantOut id="235_D11" time="33326.50" state="stay" vehID="Car_20309" speed="0.00" length="5.00" type="DEFAULT_CAR"/>
    <instantOut id="235_D11" time="33326.75" state="stay" vehID="Car_20309" speed="0.00" length="5.00" type="DEFAULT_CAR"/>
    <instantOut id="235_D11" time="33327.00" state="stay" vehID="Car_20309" speed="0.00" length="5.00" type="DEFAULT_CAR"/>
    <instantOut id="235_D11" time="33327.25" state="stay" vehID="Car_20309" speed="0.00" length="5.00" type="DEFAULT_CAR"/>
    <instantOut id="235_D11" time="33327.50" state="stay" vehID="Car_20309" speed="0.00" length="5.00" type="DEFAULT_CAR"/>
    <instantOut id="235_D11" time="33327.75" state="stay" vehID="Car_20309" speed="0.00" length="5.00" type="DEFAULT_CAR"/>
    <instantOut id="235_D11" time="33328.00" state="stay" vehID="Car_20309" speed="0.00" length="5.00" type="DEFAULT_CAR"/>
    <instantOut id="235_D11" time="33328.25" state="stay" vehID="Car_20309" speed="0.00" length="5.00" type="DEFAULT_CAR"/>
    <instantOut id="235_D11" time="33328.50" state="stay" vehID="Car_20309" speed="0.00" length="5.00" type="DEFAULT_CAR"/>
    <instantOut id="235_D11" time="33328.75" state="stay" vehID="Car_20309" speed="0.00" length="5.00" type="DEFAULT_CAR"/>
    <instantOut id="235_D11" time="33329.00" state="stay" vehID="Car_20309" speed="0.00" length="5.00" type="DEFAULT_CAR"/>
    <instantOut id="235_D11" time="33329.25" state="stay" vehID="Car_20309" speed="0.00" length="5.00" type="DEFAULT_CAR"/>
    <instantOut id="235_D11" time="33329.50" state="stay" vehID="Car_20309" speed="0.00" length="5.00" type="DEFAULT_CAR"/>
    <instantOut id="235_D11" time="33329.75" state="stay" vehID="Car_20309" speed="0.00" length="5.00" type="DEFAULT_CAR"/>
    <instantOut id="235_D11" time="33330.00" state="stay" vehID="Car_20309" speed="0.00" length="5.00" type="DEFAULT_CAR"/>
    <instantOut id="235_D11" time="33330.25" state="stay" vehID="Car_20309" speed="0.00" length="5.00" type="DEFAULT_CAR"/>
    <instantOut id="235_D11" time="33330.50" state="stay" vehID="Car_20309" speed="0.00" length="5.00" type="DEFAULT_CAR"/>
    <instantOut id="235_D11" time="33330.75" state="stay" vehID="Car_20309" speed="0.00" length="5.00" type="DEFAULT_CAR"/>
    <instantOut id="235_D11" time="33331.00" state="stay" vehID="Car_20309" speed="0.90" length="5.00" type="DEFAULT_CAR"/>
    <instantOut id="235_D11" time="33331.25" state="stay" vehID="Car_20309" speed="1.72" length="5.00" type="DEFAULT_CAR"/>
    <instantOut id="235_D11" time="33331.50" state="stay" vehID="Car_20309" speed="2.63" length="5.00" type="DEFAULT_CAR"/>
    <instantOut id="235_D11" time="33331.73" state="leave" vehID="Car_20309" speed="3.14" length="5.00" type="DEFAULT_CAR" occupancy="7.71"/>
    <instantOut id="235_D11" time="34043.98" state="enter" vehID="Car_20474" speed="4.40" length="5.00" type="DEFAULT_CAR" gap="712.25"/>
    <instantOut id="235_D11" time="34044.00" state="stay" vehID="Car_20474" speed="4.40" length="5.00" type="DEFAULT_CAR"/>
    <instantOut id="235_D11" time="34044.25" state="stay" vehID="Car_20474" speed="3.65" length="5.00" type="DEFAULT_CAR"/>
    <instantOut id="235_D11" time="34044.50" state="stay" vehID="Car_20474" speed="2.90" length="5.00" type="DEFAULT_CAR"/>
    <instantOut id="235_D11" time="34044.75" state="stay" vehID="Car_20474" speed="3.07" length="5.00" type="DEFAULT_CAR"/>
    <instantOut id="235_D11" time="34045.00" state="stay" vehID="Car_20474" speed="2.97" length="5.00" type="DEFAULT_CAR"/>
    <instantOut id="235_D11" time="34045.25" state="stay" vehID="Car_20474" speed="2.82" length="5.00" type="DEFAULT_CAR"/>
    <instantOut id="235_D11" time="34045.50" state="stay" vehID="Car_20474" speed="2.78" length="5.00" type="DEFAULT_CAR"/>
    <instantOut id="235_D11" time="34045.64" state="leave" vehID="Car_20474" speed="2.54" length="5.00" type="DEFAULT_CAR" occupancy="1.66"/>
    <instantOut id="235_D11" time="34067.09" state="enter" vehID="Car_20473" speed="5.76" length="5.00" type="DEFAULT_CAR" gap="21.45"/>
    <instantOut id="235_D11" time="34067.25" state="stay" vehID="Car_20473" speed="5.76" length="5.00" type="DEFAULT_CAR"/>
    <instantOut id="235_D11" time="34067.50" state="stay" vehID="Car_20473" speed="6.71" length="5.00" type="DEFAULT_CAR"/>
    <instantOut id="235_D11" time="34067.75" state="stay" vehID="Car_20473" speed="7.28" length="5.00" type="DEFAULT_CAR"/>
    <instantOut id="235_D11" time="34067.82" state="leave" vehID="Car_20473" speed="7.83" length="5.00" type="DEFAULT_CAR" occupancy="0.73"/>
    <instantOut id="235_D11" time="34278.14" state="enter" vehID="Car_20472" speed="3.99" length="5.00" type="DEFAULT_CAR" gap="210.31"/>
    <instantOut id="235_D11" time="34278.25" state="stay" vehID="Car_20472" speed="3.99" length="5.00" type="DEFAULT_CAR"/>
    <instantOut id="235_D11" time="34278.50" state="stay" vehID="Car_20472" speed="3.48" length="5.00" type="DEFAULT_CAR"/>
    <instantOut id="235_D11" time="34278.75" state="stay" vehID="Car_20472" speed="2.75" length="5.00" type="DEFAULT_CAR"/>
    <instantOut id="235_D11" time="34279.00" state="stay" vehID="Car_20472" speed="2.00" length="5.00" type="DEFAULT_CAR"/>
    <instantOut id="235_D11" time="34279.25" state="stay" vehID="Car_20472" speed="1.28" length="5.00" type="DEFAULT_CAR"/>
    <instantOut id="235_D11" time="34279.50" state="stay" vehID="Car_20472" speed="0.54" length="5.00" type="DEFAULT_CAR"/>
    <instantOut id="235_D11" time="34279.75" state="stay" vehID="Car_20472" speed="0.06" length="5.00" type="DEFAULT_CAR"/>
    <instantOut id="235_D11" time="34280.00" state="stay" vehID="Car_20472" speed="0.00" length="5.00" type="DEFAULT_CAR"/>
    <instantOut id="235_D11" time="34280.25" state="stay" vehID="Car_20472" speed="0.00" length="5.00" type="DEFAULT_CAR"/>
    <instantOut id="235_D11" time="34280.50" state="stay" vehID="Car_20472" speed="0.00" length="5.00" type="DEFAULT_CAR"/>
    <instantOut id="235_D11" time="34280.75" state="stay" vehID="Car_20472" speed="0.00" length="5.00" type="DEFAULT_CAR"/>
    <instantOut id="235_D11" time="34281.00" state="stay" vehID="Car_20472" speed="0.00" length="5.00" type="DEFAULT_CAR"/>
    <instantOut id="235_D11" time="34281.25" state="stay" vehID="Car_20472" speed="0.00" length="5.00" type="DEFAULT_CAR"/>
    <instantOut id="235_D11" time="34281.50" state="stay" vehID="Car_20472" speed="0.00" length="5.00" type="DEFAULT_CAR"/>
    <instantOut id="235_D11" time="34281.75" state="stay" vehID="Car_20472" speed="0.00" length="5.00" type="DEFAULT_CAR"/>
    <instantOut id="235_D11" time="34282.00" state="stay" vehID="Car_20472" speed="0.00" length="5.00" type="DEFAULT_CAR"/>
    <instantOut id="235_D11" time="34282.25" state="stay" vehID="Car_20472" speed="0.00" length="5.00" type="DEFAULT_CAR"/>
    <instantOut id="235_D11" time="34282.50" state="stay" vehID="Car_20472" speed="0.00" length="5.00" type="DEFAULT_CAR"/>
    <instantOut id="235_D11" time="34282.75" state="stay" vehID="Car_20472" speed="0.00" length="5.00" type="DEFAULT_CAR"/>
    <instantOut id="235_D11" time="34283.00" state="stay" vehID="Car_20472" speed="0.00" length="5.00" type="DEFAULT_CAR"/>
    <instantOut id="235_D11" time="34283.25" state="stay" vehID="Car_20472" speed="0.00" length="5.00" type="DEFAULT_CAR"/>
    <instantOut id="235_D11" time="34283.50" state="stay" vehID="Car_20472" speed="0.00" length="5.00" type="DEFAULT_CAR"/>
    <instantOut id="235_D11" time="34283.75" state="stay" vehID="Car_20472" speed="0.00" length="5.00" type="DEFAULT_CAR"/>
    <instantOut id="235_D11" time="34284.00" state="stay" vehID="Car_20472" speed="0.00" length="5.00" type="DEFAULT_CAR"/>
    <instantOut id="235_D11" time="34284.25" state="stay" vehID="Car_20472" speed="0.00" length="5.00" type="DEFAULT_CAR"/>
    <instantOut id="235_D11" time="34284.50" state="stay" vehID="Car_20472" speed="0.00" length="5.00" type="DEFAULT_CAR"/>
    <instantOut id="235_D11" time="34284.75" state="stay" vehID="Car_20472" speed="0.00" length="5.00" type="DEFAULT_CAR"/>
    <instantOut id="235_D11" time="34285.00" state="stay" vehID="Car_20472" speed="0.00" length="5.00" type="DEFAULT_CAR"/>
    <instantOut id="235_D11" time="34285.25" state="stay" vehID="Car_20472" speed="0.00" length="5.00" type="DEFAULT_CAR"/>
    <instantOut id="235_D11" time="34285.50" state="stay" vehID="Car_20472" speed="0.00" length="5.00" type="DEFAULT_CAR"/>
    <instantOut id="235_D11" time="34285.75" state="stay" vehID="Car_20472" speed="0.00" length="5.00" type="DEFAULT_CAR"/>
    <instantOut id="235_D11" time="34286.00" state="stay" vehID="Car_20472" speed="0.00" length="5.00" type="DEFAULT_CAR"/>
    <instantOut id="235_D11" time="34286.25" state="stay" vehID="Car_20472" speed="0.00" length="5.00" type="DEFAULT_CAR"/>
    <instantOut id="235_D11" time="34286.50" state="stay" vehID="Car_20472" speed="0.00" length="5.00" type="DEFAULT_CAR"/>
    <instantOut id="235_D11" time="34286.75" state="stay" vehID="Car_20472" speed="0.00" length="5.00" type="DEFAULT_CAR"/>
    <instantOut id="235_D11" time="34287.00" state="stay" vehID="Car_20472" speed="0.00" length="5.00" type="DEFAULT_CAR"/>
    <instantOut id="235_D11" time="34287.25" state="stay" vehID="Car_20472" speed="0.00" length="5.00" type="DEFAULT_CAR"/>
    <instantOut id="235_D11" time="34287.50" state="stay" vehID="Car_20472" speed="0.00" length="5.00" type="DEFAULT_CAR"/>
    <instantOut id="235_D11" time="34287.75" state="stay" vehID="Car_20472" speed="0.00" length="5.00" type="DEFAULT_CAR"/>
    <instantOut id="235_D11" time="34288.00" state="stay" vehID="Car_20472" speed="0.00" length="5.00" type="DEFAULT_CAR"/>
    <instantOut id="235_D11" time="34288.25" state="stay" vehID="Car_20472" speed="0.00" length="5.00" type="DEFAULT_CAR"/>
    <instantOut id="235_D11" time="34288.50" state="stay" vehID="Car_20472" speed="0.00" length="5.00" type="DEFAULT_CAR"/>
    <instantOut id="235_D11" time="34288.75" state="stay" vehID="Car_20472" speed="0.00" length="5.00" type="DEFAULT_CAR"/>
    <instantOut id="235_D11" time="34289.00" state="stay" vehID="Car_20472" speed="0.00" length="5.00" type="DEFAULT_CAR"/>
    <instantOut id="235_D11" time="34289.25" state="stay" vehID="Car_20472" speed="0.00" length="5.00" type="DEFAULT_CAR"/>
    <instantOut id="235_D11" time="34289.50" state="stay" vehID="Car_20472" speed="0.00" length="5.00" type="DEFAULT_CAR"/>
    <instantOut id="235_D11" time="34289.75" state="stay" vehID="Car_20472" speed="0.00" length="5.00" type="DEFAULT_CAR"/>
    <instantOut id="235_D11" time="34290.00" state="stay" vehID="Car_20472" speed="0.00" length="5.00" type="DEFAULT_CAR"/>
    <instantOut id="235_D11" time="34290.25" state="stay" vehID="Car_20472" speed="0.00" length="5.00" type="DEFAULT_CAR"/>
    <instantOut id="235_D11" time="34290.50" state="stay" vehID="Car_20472" speed="0.93" length="5.00" type="DEFAULT_CAR"/>
    <instantOut id="235_D11" time="34290.75" state="stay" vehID="Car_20472" speed="1.83" length="5.00" type="DEFAULT_CAR"/>
    <instantOut id="235_D11" time="34291.00" state="stay" vehID="Car_20472" speed="2.63" length="5.00" type="DEFAULT_CAR"/>
    <instantOut id="235_D11" time="34291.19" state="leave" vehID="Car_20472" speed="3.48" length="5.00" type="DEFAULT_CAR" occupancy="13.06"/>
    <instantOut id="235_D11" time="34453.06" state="enter" vehID="Car_20471" speed="3.86" length="5.00" type="DEFAULT_CAR" gap="161.87"/>
    <instantOut id="235_D11" time="34453.25" state="stay" vehID="Car_20471" speed="3.86" length="5.00" type="DEFAULT_CAR"/>
    <instantOut id="235_D11" time="34453.50" state="stay" vehID="Car_20471" speed="3.11" length="5.00" type="DEFAULT_CAR"/>
    <instantOut id="235_D11" time="34453.75" state="stay" vehID="Car_20471" speed="2.36" length="5.00" type="DEFAULT_CAR"/>
    <instantOut id="235_D11" time="34454.00" state="stay" vehID="Car_20471" speed="1.86" length="5.00" type="DEFAULT_CAR"/>
    <instantOut id="235_D11" time="34454.25" state="stay" vehID="Car_20471" speed="1.19" length="5.00" type="DEFAULT_CAR"/>
    <instantOut id="235_D11" time="34454.50" state="stay" vehID="Car_20471" speed="0.44" length="5.00" type="DEFAULT_CAR"/>
    <instantOut id="235_D11" time="34454.75" state="stay" vehID="Car_20471" speed="0.01" length="5.00" type="DEFAULT_CAR"/>
    <instantOut id="235_D11" time="34455.00" state="stay" vehID="Car_20471" speed="0.00" length="5.00" type="DEFAULT_CAR"/>
    <instantOut id="235_D11" time="34455.25" state="stay" vehID="Car_20471" speed="0.00" length="5.00" type="DEFAULT_CAR"/>
    <instantOut id="235_D11" time="34455.50" state="stay" vehID="Car_20471" speed="0.00" length="5.00" type="DEFAULT_CAR"/>
    <instantOut id="235_D11" time="34455.75" state="stay" vehID="Car_20471" speed="0.00" length="5.00" type="DEFAULT_CAR"/>
    <instantOut id="235_D11" time="34456.00" state="stay" vehID="Car_20471" speed="0.00" length="5.00" type="DEFAULT_CAR"/>
    <instantOut id="235_D11" time="34456.25" state="stay" vehID="Car_20471" speed="0.00" length="5.00" type="DEFAULT_CAR"/>
    <instantOut id="235_D11" time="34456.50" state="stay" vehID="Car_20471" speed="0.00" length="5.00" type="DEFAULT_CAR"/>
    <instantOut id="235_D11" time="34456.75" state="stay" vehID="Car_20471" speed="0.00" length="5.00" type="DEFAULT_CAR"/>
    <instantOut id="235_D11" time="34457.00" state="stay" vehID="Car_20471" speed="0.00" length="5.00" type="DEFAULT_CAR"/>
    <instantOut id="235_D11" time="34457.25" state="stay" vehID="Car_20471" speed="0.00" length="5.00" type="DEFAULT_CAR"/>
    <instantOut id="235_D11" time="34457.50" state="stay" vehID="Car_20471" speed="0.00" length="5.00" type="DEFAULT_CAR"/>
    <instantOut id="235_D11" time="34457.75" state="stay" vehID="Car_20471" speed="0.00" length="5.00" type="DEFAULT_CAR"/>
    <instantOut id="235_D11" time="34458.00" state="stay" vehID="Car_20471" speed="0.00" length="5.00" type="DEFAULT_CAR"/>
    <instantOut id="235_D11" time="34458.25" state="stay" vehID="Car_20471" speed="0.00" length="5.00" type="DEFAULT_CAR"/>
    <instantOut id="235_D11" time="34458.50" state="stay" vehID="Car_20471" speed="0.00" length="5.00" type="DEFAULT_CAR"/>
    <instantOut id="235_D11" time="34458.75" state="stay" vehID="Car_20471" speed="0.94" length="5.00" type="DEFAULT_CAR"/>
    <instantOut id="235_D11" time="34459.00" state="stay" vehID="Car_20471" speed="1.68" length="5.00" type="DEFAULT_CAR"/>
    <instantOut id="235_D11" time="34459.25" state="stay" vehID="Car_20471" speed="2.59" length="5.00" type="DEFAULT_CAR"/>
    <instantOut id="235_D11" time="34459.47" state="leave" vehID="Car_20471" speed="3.27" length="5.00" type="DEFAULT_CAR" occupancy="6.41"/>
    <instantOut id="235_D11" time="35863.88" state="enter" vehID="Car_21525" speed="5.90" length="5.00" type="DEFAULT_CAR" gap="1404.41"/>
    <instantOut id="235_D11" time="35864.00" state="stay" vehID="Car_21525" speed="5.90" length="5.00" type="DEFAULT_CAR"/>
    <instantOut id="235_D11" time="35864.25" state="stay" vehID="Car_21525" speed="6.85" length="5.00" type="DEFAULT_CAR"/>
    <instantOut id="235_D11" time="35864.50" state="stay" vehID="Car_21525" speed="7.58" length="5.00" type="DEFAULT_CAR"/>
    <instantOut id="235_D11" time="35864.59" state="leave" vehID="Car_21525" speed="7.57" length="5.00" type="DEFAULT_CAR" occupancy="0.71"/>
    <instantOut id="235_D11" time="38059.99" state="enter" vehID="Car_22183" speed="4.40" length="5.00" type="DEFAULT_CAR" gap="2195.40"/>
    <instantOut id="235_D11" time="38060.00" state="stay" vehID="Car_22183" speed="4.40" length="5.00" type="DEFAULT_CAR"/>
    <instantOut id="235_D11" time="38060.25" state="stay" vehID="Car_22183" speed="3.65" length="5.00" type="DEFAULT_CAR"/>
    <instantOut id="235_D11" time="38060.50" state="stay" vehID="Car_22183" speed="2.90" length="5.00" type="DEFAULT_CAR"/>
    <instantOut id="235_D11" time="38060.75" state="stay" vehID="Car_22183" speed="3.85" length="5.00" type="DEFAULT_CAR"/>
    <instantOut id="235_D11" time="38061.00" state="stay" vehID="Car_22183" speed="3.68" length="5.00" type="DEFAULT_CAR"/>
    <instantOut id="235_D11" time="38061.25" state="stay" vehID="Car_22183" speed="4.00" length="5.00" type="DEFAULT_CAR"/>
    <instantOut id="235_D11" time="38061.35" state="leave" vehID="Car_22183" speed="4.45" length="5.00" type="DEFAULT_CAR" occupancy="1.36"/>
    <instantOut id="235_D11" time="39690.95" state="enter" vehID="Car_23051" speed="6.29" length="5.00" type="DEFAULT_CAR" gap="1629.60"/>
    <instantOut id="235_D11" time="39691.00" state="stay" vehID="Car_23051" speed="6.29" length="5.00" type="DEFAULT_CAR"/>
    <instantOut id="235_D11" time="39691.25" state="stay" vehID="Car_23051" speed="7.24" length="5.00" type="DEFAULT_CAR"/>
    <instantOut id="235_D11" time="39691.50" state="stay" vehID="Car_23051" speed="7.89" length="5.00" type="DEFAULT_CAR"/>
    <instantOut id="235_D11" time="39691.61" state="leave" vehID="Car_23051" speed="8.13" length="5.00" type="DEFAULT_CAR" occupancy="0.66"/>
    <instantOut id="235_D11" time="40698.95" state="enter" vehID="Car_23293" speed="6.04" length="5.00" type="DEFAULT_CAR" gap="1007.34"/>
    <instantOut id="235_D11" time="40699.00" state="stay" vehID="Car_23293" speed="6.04" length="5.00" type="DEFAULT_CAR"/>
    <instantOut id="235_D11" time="40699.25" state="stay" vehID="Car_23293" speed="6.99" length="5.00" type="DEFAULT_CAR"/>
    <instantOut id="235_D11" time="40699.50" state="stay" vehID="Car_23293" speed="6.88" length="5.00" type="DEFAULT_CAR"/>
    <instantOut id="235_D11" time="40699.68" state="leave" vehID="Car_23293" speed="6.88" length="5.00" type="DEFAULT_CAR" occupancy="0.73"/>
</instantE1>
