<?xml version="1.0" encoding="UTF-8"?>

<!-- generated on 2025-02-28 17:28:51 by Eclipse SUMO GUI Version 1.19.0
<configuration xmlns:xsi="http://www.w3.org/2001/XMLSchema-instance" xsi:noNamespaceSchemaLocation="http://sumo.dlr.de/xsd/sumoConfiguration.xsd">

    <input>
        <net-file value="Network.net.xml"/>
        <route-files value="CarRoutes.rou.xml"/>
        <additional-files value="Sensors.add.xml"/>
    </input>

    <output>
        <emission-output value="logs/Emissions.xml"/>
        <summary-output value="logs/Log_summary.xml"/>
        <summary-output.period value="300"/>
        <tripinfo-output value="logs/TripInfos.xml"/>
    </output>

    <time>
        <begin value="0"/>
        <end value="86400"/>
        <step-length value="0.25"/>
    </time>

    <processing>
        <ignore-junction-blocker value="0.1"/>
        <time-to-teleport value="-1"/>
    </processing>

    <report>
        <verbose value="true"/>
        <no-step-log value="true"/>
    </report>

    <emissions>
        <device.emissions.period value="10"/>
    </emissions>

    <traci_server>
        <remote-port value="57818"/>
    </traci_server>

    <gui_only>
        <quit-on-end value="true"/>
        <start value="true"/>
    </gui_only>

</configuration>
-->

<instantE1 xmlns:xsi="http://www.w3.org/2001/XMLSchema-instance" xsi:noNamespaceSchemaLocation="http://sumo.dlr.de/xsd/instant_e1_file.xsd">
    <instantOut id="235_D025" time="2494.72" state="enter" vehID="Car_1469" speed="8.70" length="5.00" type="DEFAULT_CAR"/>
    <instantOut id="235_D025" time="2494.75" state="stay" vehID="Car_1469" speed="8.70" length="5.00" type="DEFAULT_CAR"/>
    <instantOut id="235_D025" time="2495.00" state="stay" vehID="Car_1469" speed="7.95" length="5.00" type="DEFAULT_CAR"/>
    <instantOut id="235_D025" time="2495.25" state="stay" vehID="Car_1469" speed="7.48" length="5.00" type="DEFAULT_CAR"/>
    <instantOut id="235_D025" time="2495.38" state="leave" vehID="Car_1469" speed="6.73" length="5.00" type="DEFAULT_CAR" occupancy="0.66"/>
    <instantOut id="235_D025" time="3149.50" state="enter" vehID="Car_1903" speed="8.46" length="5.00" type="DEFAULT_CAR" gap="654.12"/>
    <instantOut id="235_D025" time="3149.75" state="stay" vehID="Car_1903" speed="8.46" length="5.00" type="DEFAULT_CAR"/>
    <instantOut id="235_D025" time="3150.00" state="stay" vehID="Car_1903" speed="7.71" length="5.00" type="DEFAULT_CAR"/>
    <instantOut id="235_D025" time="3150.14" state="leave" vehID="Car_1903" speed="6.96" length="5.00" type="DEFAULT_CAR" occupancy="0.64"/>
    <instantOut id="235_D025" time="3215.38" state="enter" vehID="Car_2068" speed="11.18" length="5.00" type="DEFAULT_CAR" gap="65.24"/>
    <instantOut id="235_D025" time="3215.50" state="stay" vehID="Car_2068" speed="11.18" length="5.00" type="DEFAULT_CAR"/>
    <instantOut id="235_D025" time="3215.75" state="stay" vehID="Car_2068" speed="10.90" length="5.00" type="DEFAULT_CAR"/>
    <instantOut id="235_D025" time="3215.84" state="leave" vehID="Car_2068" speed="10.15" length="5.00" type="DEFAULT_CAR" occupancy="0.46"/>
    <instantOut id="235_D025" time="3810.80" state="enter" vehID="Car_1905" speed="7.26" length="5.00" type="DEFAULT_CAR" gap="594.96"/>
    <instantOut id="235_D025" time="3811.00" state="stay" vehID="Car_1905" speed="7.26" length="5.00" type="DEFAULT_CAR"/>
    <instantOut id="235_D025" time="3811.25" state="stay" vehID="Car_1905" speed="6.51" length="5.00" type="DEFAULT_CAR"/>
    <instantOut id="235_D025" time="3811.50" state="stay" vehID="Car_1905" speed="5.76" length="5.00" type="DEFAULT_CAR"/>
    <instantOut id="235_D025" time="3811.60" state="leave" vehID="Car_1905" speed="5.01" length="5.00" type="DEFAULT_CAR" occupancy="0.80"/>
    <instantOut id="235_D025" time="4045.83" state="enter" vehID="Car_1904" speed="9.35" length="5.00" type="DEFAULT_CAR" gap="234.23"/>
    <instantOut id="235_D025" time="4046.00" state="stay" vehID="Car_1904" speed="9.35" length="5.00" type="DEFAULT_CAR"/>
    <instantOut id="235_D025" time="4046.25" state="stay" vehID="Car_1904" speed="8.60" length="5.00" type="DEFAULT_CAR"/>
    <instantOut id="235_D025" time="4046.41" state="leave" vehID="Car_1904" speed="7.85" length="5.00" type="DEFAULT_CAR" occupancy="0.58"/>
    <instantOut id="235_D025" time="5600.23" state="enter" vehID="Car_3071" speed="9.78" length="5.00" type="DEFAULT_CAR" gap="1553.82"/>
    <instantOut id="235_D025" time="5600.25" state="stay" vehID="Car_3071" speed="9.78" length="5.00" type="DEFAULT_CAR"/>
    <instantOut id="235_D025" time="5600.50" state="stay" vehID="Car_3071" speed="9.38" length="5.00" type="DEFAULT_CAR"/>
    <instantOut id="235_D025" time="5600.75" state="stay" vehID="Car_3071" speed="8.63" length="5.00" type="DEFAULT_CAR"/>
    <instantOut id="235_D025" time="5600.79" state="leave" vehID="Car_3071" speed="7.88" length="5.00" type="DEFAULT_CAR" occupancy="0.56"/>
    <instantOut id="235_D025" time="8730.95" state="enter" vehID="Car_5282" speed="10.01" length="5.00" type="DEFAULT_CAR" gap="3130.16"/>
    <instantOut id="235_D025" time="8731.00" state="stay" vehID="Car_5282" speed="10.01" length="5.00" type="DEFAULT_CAR"/>
    <instantOut id="235_D025" time="8731.25" state="stay" vehID="Car_5282" speed="10.35" length="5.00" type="DEFAULT_CAR"/>
    <instantOut id="235_D025" time="8731.45" state="leave" vehID="Car_5282" speed="9.60" length="5.00" type="DEFAULT_CAR" occupancy="0.50"/>
    <instantOut id="235_D025" time="12292.20" state="enter" vehID="Car_6707" speed="10.95" length="5.00" type="DEFAULT_CAR" gap="3560.75"/>
    <instantOut id="235_D025" time="12292.25" state="stay" vehID="Car_6707" speed="10.95" length="5.00" type="DEFAULT_CAR"/>
    <instantOut id="235_D025" time="12292.50" state="stay" vehID="Car_6707" speed="10.20" length="5.00" type="DEFAULT_CAR"/>
    <instantOut id="235_D025" time="12292.71" state="leave" vehID="Car_6707" speed="9.45" length="5.00" type="DEFAULT_CAR" occupancy="0.50"/>
    <instantOut id="235_D025" time="14846.03" state="enter" vehID="Car_8037" speed="7.56" length="5.00" type="DEFAULT_CAR" gap="2553.33"/>
    <instantOut id="235_D025" time="14846.25" state="stay" vehID="Car_8037" speed="7.56" length="5.00" type="DEFAULT_CAR"/>
    <instantOut id="235_D025" time="14846.50" state="stay" vehID="Car_8037" speed="8.00" length="5.00" type="DEFAULT_CAR"/>
    <instantOut id="235_D025" time="14846.69" state="leave" vehID="Car_8037" speed="7.25" length="5.00" type="DEFAULT_CAR" occupancy="0.65"/>
    <instantOut id="235_D025" time="15124.82" state="enter" vehID="Car_8106" speed="7.23" length="5.00" type="DEFAULT_CAR" gap="278.13"/>
    <instantOut id="235_D025" time="15125.00" state="stay" vehID="Car_8106" speed="7.23" length="5.00" type="DEFAULT_CAR"/>
    <instantOut id="235_D025" time="15125.25" state="stay" vehID="Car_8106" speed="6.64" length="5.00" type="DEFAULT_CAR"/>
    <instantOut id="235_D025" time="15125.50" state="stay" vehID="Car_8106" speed="5.94" length="5.00" type="DEFAULT_CAR"/>
    <instantOut id="235_D025" time="15125.60" state="leave" vehID="Car_8106" speed="5.19" length="5.00" type="DEFAULT_CAR" occupancy="0.78"/>
    <instantOut id="235_D025" time="16651.97" state="enter" vehID="Car_8450" speed="9.93" length="5.00" type="DEFAULT_CAR" gap="1526.37"/>
    <instantOut id="235_D025" time="16652.00" state="stay" vehID="Car_8450" speed="9.93" length="5.00" type="DEFAULT_CAR"/>
    <instantOut id="235_D025" time="16652.25" state="stay" vehID="Car_8450" speed="9.51" length="5.00" type="DEFAULT_CAR"/>
    <instantOut id="235_D025" time="16652.50" state="stay" vehID="Car_8450" speed="9.05" length="5.00" type="DEFAULT_CAR"/>
    <instantOut id="235_D025" time="16652.51" state="leave" vehID="Car_8450" speed="8.30" length="5.00" type="DEFAULT_CAR" occupancy="0.54"/>
    <instantOut id="235_D025" time="18792.09" state="enter" vehID="Car_10578" speed="6.51" length="5.00" type="DEFAULT_CAR" gap="2139.58"/>
    <instantOut id="235_D025" time="18792.25" state="stay" vehID="Car_10578" speed="6.51" length="5.00" type="DEFAULT_CAR"/>
    <instantOut id="235_D025" time="18792.50" state="stay" vehID="Car_10578" speed="7.07" length="5.00" type="DEFAULT_CAR"/>
    <instantOut id="235_D025" time="18792.75" state="stay" vehID="Car_10578" speed="7.79" length="5.00" type="DEFAULT_CAR"/>
    <instantOut id="235_D025" time="18792.78" state="leave" vehID="Car_10578" speed="8.16" length="5.00" type="DEFAULT_CAR" occupancy="0.69"/>
    <instantOut id="235_D025" time="19095.98" state="enter" vehID="Car_10573" speed="9.92" length="5.00" type="DEFAULT_CAR" gap="303.20"/>
    <instantOut id="235_D025" time="19096.00" state="stay" vehID="Car_10573" speed="9.92" length="5.00" type="DEFAULT_CAR"/>
    <instantOut id="235_D025" time="19096.25" state="stay" vehID="Car_10573" speed="9.70" length="5.00" type="DEFAULT_CAR"/>
    <instantOut id="235_D025" time="19096.50" state="stay" vehID="Car_10573" speed="8.95" length="5.00" type="DEFAULT_CAR"/>
    <instantOut id="235_D025" time="19096.52" state="leave" vehID="Car_10573" speed="8.20" length="5.00" type="DEFAULT_CAR" occupancy="0.54"/>
    <instantOut id="235_D025" time="19145.20" state="enter" vehID="Car_10998" speed="8.61" length="5.00" type="DEFAULT_CAR" gap="48.68"/>
    <instantOut id="235_D025" time="19145.25" state="stay" vehID="Car_10998" speed="8.61" length="5.00" type="DEFAULT_CAR"/>
    <instantOut id="235_D025" time="19145.50" state="stay" vehID="Car_10998" speed="8.07" length="5.00" type="DEFAULT_CAR"/>
    <instantOut id="235_D025" time="19145.75" state="stay" vehID="Car_10998" speed="7.38" length="5.00" type="DEFAULT_CAR"/>
    <instantOut id="235_D025" time="19145.85" state="leave" vehID="Car_10998" speed="6.63" length="5.00" type="DEFAULT_CAR" occupancy="0.66"/>
    <instantOut id="235_D025" time="19559.98" state="enter" vehID="Car_10711" speed="9.24" length="5.00" type="DEFAULT_CAR" gap="414.12"/>
    <instantOut id="235_D025" time="19560.00" state="stay" vehID="Car_10711" speed="9.24" length="5.00" type="DEFAULT_CAR"/>
    <instantOut id="235_D025" time="19560.25" state="stay" vehID="Car_10711" speed="8.49" length="5.00" type="DEFAULT_CAR"/>
    <instantOut id="235_D025" time="19560.50" state="stay" vehID="Car_10711" speed="7.81" length="5.00" type="DEFAULT_CAR"/>
    <instantOut id="235_D025" time="19560.60" state="leave" vehID="Car_10711" speed="7.06" length="5.00" type="DEFAULT_CAR" occupancy="0.62"/>
    <instantOut id="235_D025" time="20320.24" state="enter" vehID="Car_10737" speed="8.77" length="5.00" type="DEFAULT_CAR" gap="759.64"/>
    <instantOut id="235_D025" time="20320.25" state="stay" vehID="Car_10737" speed="8.77" length="5.00" type="DEFAULT_CAR"/>
    <instantOut id="235_D025" time="20320.50" state="stay" vehID="Car_10737" speed="8.02" length="5.00" type="DEFAULT_CAR"/>
    <instantOut id="235_D025" time="20320.75" state="stay" vehID="Car_10737" speed="7.27" length="5.00" type="DEFAULT_CAR"/>
    <instantOut id="235_D025" time="20320.91" state="leave" vehID="Car_10737" speed="6.68" length="5.00" type="DEFAULT_CAR" occupancy="0.67"/>
    <instantOut id="235_D025" time="21219.84" state="enter" vehID="Car_11981" speed="9.56" length="5.00" type="DEFAULT_CAR" gap="898.92"/>
    <instantOut id="235_D025" time="21220.00" state="stay" vehID="Car_11981" speed="9.56" length="5.00" type="DEFAULT_CAR"/>
    <instantOut id="235_D025" time="21220.25" state="stay" vehID="Car_11981" speed="8.82" length="5.00" type="DEFAULT_CAR"/>
    <instantOut id="235_D025" time="21220.40" state="leave" vehID="Car_11981" speed="8.07" length="5.00" type="DEFAULT_CAR" occupancy="0.57"/>
    <instantOut id="235_D025" time="22978.02" state="enter" vehID="Car_13252" speed="8.33" length="5.00" type="DEFAULT_CAR" gap="1757.62"/>
    <instantOut id="235_D025" time="22978.25" state="stay" vehID="Car_13252" speed="8.33" length="5.00" type="DEFAULT_CAR"/>
    <instantOut id="235_D025" time="22978.50" state="stay" vehID="Car_13252" speed="7.58" length="5.00" type="DEFAULT_CAR"/>
    <instantOut id="235_D025" time="22978.68" state="leave" vehID="Car_13252" speed="6.83" length="5.00" type="DEFAULT_CAR" occupancy="0.66"/>
    <instantOut id="235_D025" time="23106.48" state="enter" vehID="Car_13664" speed="9.92" length="5.00" type="DEFAULT_CAR" gap="127.80"/>
    <instantOut id="235_D025" time="23106.50" state="stay" vehID="Car_13664" speed="9.92" length="5.00" type="DEFAULT_CAR"/>
    <instantOut id="235_D025" time="23106.75" state="stay" vehID="Car_13664" speed="9.19" length="5.00" type="DEFAULT_CAR"/>
    <instantOut id="235_D025" time="23107.00" state="stay" vehID="Car_13664" speed="8.44" length="5.00" type="DEFAULT_CAR"/>
    <instantOut id="235_D025" time="23107.05" state="leave" vehID="Car_13664" speed="7.69" length="5.00" type="DEFAULT_CAR" occupancy="0.57"/>
    <instantOut id="235_D025" time="23355.24" state="enter" vehID="Car_13846" speed="8.55" length="5.00" type="DEFAULT_CAR" gap="248.19"/>
    <instantOut id="235_D025" time="23355.25" state="stay" vehID="Car_13846" speed="8.55" length="5.00" type="DEFAULT_CAR"/>
    <instantOut id="235_D025" time="23355.50" state="stay" vehID="Car_13846" speed="8.09" length="5.00" type="DEFAULT_CAR"/>
    <instantOut id="235_D025" time="23355.75" state="stay" vehID="Car_13846" speed="7.48" length="5.00" type="DEFAULT_CAR"/>
    <instantOut id="235_D025" time="23355.89" state="leave" vehID="Car_13846" speed="7.10" length="5.00" type="DEFAULT_CAR" occupancy="0.65"/>
    <instantOut id="235_D025" time="23876.74" state="enter" vehID="Car_13919" speed="9.21" length="5.00" type="DEFAULT_CAR" gap="520.85"/>
    <instantOut id="235_D025" time="23876.75" state="stay" vehID="Car_13919" speed="9.21" length="5.00" type="DEFAULT_CAR"/>
    <instantOut id="235_D025" time="23877.00" state="stay" vehID="Car_13919" speed="9.27" length="5.00" type="DEFAULT_CAR"/>
    <instantOut id="235_D025" time="23877.25" state="stay" vehID="Car_13919" speed="8.52" length="5.00" type="DEFAULT_CAR"/>
    <instantOut id="235_D025" time="23877.31" state="leave" vehID="Car_13919" speed="7.77" length="5.00" type="DEFAULT_CAR" occupancy="0.57"/>
    <instantOut id="235_D025" time="24130.72" state="enter" vehID="Car_13854" speed="9.69" length="5.00" type="DEFAULT_CAR" gap="253.41"/>
    <instantOut id="235_D025" time="24130.75" state="stay" vehID="Car_13854" speed="9.69" length="5.00" type="DEFAULT_CAR"/>
    <instantOut id="235_D025" time="24131.00" state="stay" vehID="Car_13854" speed="9.04" length="5.00" type="DEFAULT_CAR"/>
    <instantOut id="235_D025" time="24131.25" state="stay" vehID="Car_13854" speed="8.29" length="5.00" type="DEFAULT_CAR"/>
    <instantOut id="235_D025" time="24131.30" state="leave" vehID="Car_13854" speed="7.54" length="5.00" type="DEFAULT_CAR" occupancy="0.58"/>
    <instantOut id="235_D025" time="24261.20" state="enter" vehID="Car_13920" speed="9.75" length="5.00" type="DEFAULT_CAR" gap="129.90"/>
    <instantOut id="235_D025" time="24261.25" state="stay" vehID="Car_13920" speed="9.75" length="5.00" type="DEFAULT_CAR"/>
    <instantOut id="235_D025" time="24261.50" state="stay" vehID="Car_13920" speed="9.52" length="5.00" type="DEFAULT_CAR"/>
    <instantOut id="235_D025" time="24261.74" state="leave" vehID="Car_13920" speed="8.90" length="5.00" type="DEFAULT_CAR" occupancy="0.54"/>
    <instantOut id="235_D025" time="26006.97" state="enter" vehID="Car_15186" speed="8.69" length="5.00" type="DEFAULT_CAR" gap="1745.23"/>
    <instantOut id="235_D025" time="26007.00" state="stay" vehID="Car_15186" speed="8.69" length="5.00" type="DEFAULT_CAR"/>
    <instantOut id="235_D025" time="26007.25" state="stay" vehID="Car_15186" speed="8.07" length="5.00" type="DEFAULT_CAR"/>
    <instantOut id="235_D025" time="26007.50" state="stay" vehID="Car_15186" speed="7.32" length="5.00" type="DEFAULT_CAR"/>
    <instantOut id="235_D025" time="26007.64" state="leave" vehID="Car_15186" speed="6.57" length="5.00" type="DEFAULT_CAR" occupancy="0.67"/>
    <instantOut id="235_D025" time="29086.97" state="enter" vehID="Car_16459" speed="8.72" length="5.00" type="DEFAULT_CAR" gap="3079.33"/>
    <instantOut id="235_D025" time="29087.00" state="stay" vehID="Car_16459" speed="8.72" length="5.00" type="DEFAULT_CAR"/>
    <instantOut id="235_D025" time="29087.25" state="stay" vehID="Car_16459" speed="8.09" length="5.00" type="DEFAULT_CAR"/>
    <instantOut id="235_D025" time="29087.50" state="stay" vehID="Car_16459" speed="7.35" length="5.00" type="DEFAULT_CAR"/>
    <instantOut id="235_D025" time="29087.63" state="leave" vehID="Car_16459" speed="6.60" length="5.00" type="DEFAULT_CAR" occupancy="0.66"/>
    <instantOut id="235_D025" time="29430.00" state="enter" vehID="Car_17463" speed="7.19" length="5.00" type="DEFAULT_CAR" gap="342.37"/>
    <instantOut id="235_D025" time="29430.25" state="stay" vehID="Car_17463" speed="7.19" length="5.00" type="DEFAULT_CAR"/>
    <instantOut id="235_D025" time="29430.50" state="stay" vehID="Car_17463" speed="6.62" length="5.00" type="DEFAULT_CAR"/>
    <instantOut id="235_D025" time="29430.75" state="stay" vehID="Car_17463" speed="5.87" length="5.00" type="DEFAULT_CAR"/>
    <instantOut id="235_D025" time="29430.77" state="leave" vehID="Car_17463" speed="5.12" length="5.00" type="DEFAULT_CAR" occupancy="0.77"/>
    <instantOut id="235_D025" time="31084.28" state="enter" vehID="Car_18835" speed="7.23" length="5.00" type="DEFAULT_CAR" gap="1653.51"/>
    <instantOut id="235_D025" time="31084.50" state="stay" vehID="Car_18835" speed="7.23" length="5.00" type="DEFAULT_CAR"/>
    <instantOut id="235_D025" time="31084.75" state="stay" vehID="Car_18835" speed="6.51" length="5.00" type="DEFAULT_CAR"/>
    <instantOut id="235_D025" time="31085.00" state="stay" vehID="Car_18835" speed="5.76" length="5.00" type="DEFAULT_CAR"/>
    <instantOut id="235_D025" time="31085.07" state="leave" vehID="Car_18835" speed="5.01" length="5.00" type="DEFAULT_CAR" occupancy="0.79"/>
    <instantOut id="235_D025" time="37228.48" state="enter" vehID="Car_21829" speed="8.97" length="5.00" type="DEFAULT_CAR" gap="6143.41"/>
    <instantOut id="235_D025" time="37228.50" state="stay" vehID="Car_21829" speed="8.97" length="5.00" type="DEFAULT_CAR"/>
    <instantOut id="235_D025" time="37228.75" state="stay" vehID="Car_21829" speed="8.22" length="5.00" type="DEFAULT_CAR"/>
    <instantOut id="235_D025" time="37229.00" state="stay" vehID="Car_21829" speed="7.47" length="5.00" type="DEFAULT_CAR"/>
    <instantOut id="235_D025" time="37229.13" state="leave" vehID="Car_21829" speed="6.72" length="5.00" type="DEFAULT_CAR" occupancy="0.65"/>
    <instantOut id="235_D025" time="37922.21" state="enter" vehID="Car_21953" speed="9.93" length="5.00" type="DEFAULT_CAR" gap="693.08"/>
    <instantOut id="235_D025" time="37922.25" state="stay" vehID="Car_21953" speed="9.93" length="5.00" type="DEFAULT_CAR"/>
    <instantOut id="235_D025" time="37922.50" state="stay" vehID="Car_21953" speed="10.00" length="5.00" type="DEFAULT_CAR"/>
    <instantOut id="235_D025" time="37922.73" state="leave" vehID="Car_21953" speed="9.25" length="5.00" type="DEFAULT_CAR" occupancy="0.52"/>
    <instantOut id="235_D025" time="40070.21" state="enter" vehID="Car_22750" speed="8.72" length="5.00" type="DEFAULT_CAR" gap="2147.47"/>
    <instantOut id="235_D025" time="40070.25" state="stay" vehID="Car_22750" speed="8.72" length="5.00" type="DEFAULT_CAR"/>
    <instantOut id="235_D025" time="40070.50" state="stay" vehID="Car_22750" speed="7.97" length="5.00" type="DEFAULT_CAR"/>
    <instantOut id="235_D025" time="40070.75" state="stay" vehID="Car_22750" speed="7.22" length="5.00" type="DEFAULT_CAR"/>
    <instantOut id="235_D025" time="40070.88" state="leave" vehID="Car_22750" speed="6.47" length="5.00" type="DEFAULT_CAR" occupancy="0.67"/>
    <instantOut id="235_D025" time="41028.36" state="enter" vehID="Car_23187" speed="7.75" length="5.00" type="DEFAULT_CAR" gap="957.49"/>
    <instantOut id="235_D025" time="41028.50" state="stay" vehID="Car_23187" speed="7.75" length="5.00" type="DEFAULT_CAR"/>
    <instantOut id="235_D025" time="41028.75" state="stay" vehID="Car_23187" speed="7.00" length="5.00" type="DEFAULT_CAR"/>
    <instantOut id="235_D025" time="41029.00" state="stay" vehID="Car_23187" speed="6.25" length="5.00" type="DEFAULT_CAR"/>
    <instantOut id="235_D025" time="41029.12" state="leave" vehID="Car_23187" speed="5.50" length="5.00" type="DEFAULT_CAR" occupancy="0.75"/>
    <instantOut id="235_D025" time="45478.28" state="enter" vehID="Car_24388" speed="9.40" length="5.00" type="DEFAULT_CAR" gap="4449.16"/>
    <instantOut id="235_D025" time="45478.50" state="stay" vehID="Car_24388" speed="9.40" length="5.00" type="DEFAULT_CAR"/>
    <instantOut id="235_D025" time="45478.75" state="stay" vehID="Car_24388" speed="8.65" length="5.00" type="DEFAULT_CAR"/>
    <instantOut id="235_D025" time="45478.85" state="leave" vehID="Car_24388" speed="7.90" length="5.00" type="DEFAULT_CAR" occupancy="0.57"/>
</instantE1>
