<?xml version="1.0" encoding="UTF-8"?>

<!-- generated on 2025-02-28 17:28:51 by Eclipse SUMO GUI Version 1.19.0
<configuration xmlns:xsi="http://www.w3.org/2001/XMLSchema-instance" xsi:noNamespaceSchemaLocation="http://sumo.dlr.de/xsd/sumoConfiguration.xsd">

    <input>
        <net-file value="Network.net.xml"/>
        <route-files value="CarRoutes.rou.xml"/>
        <additional-files value="Sensors.add.xml"/>
    </input>

    <output>
        <emission-output value="logs/Emissions.xml"/>
        <summary-output value="logs/Log_summary.xml"/>
        <summary-output.period value="300"/>
        <tripinfo-output value="logs/TripInfos.xml"/>
    </output>

    <time>
        <begin value="0"/>
        <end value="86400"/>
        <step-length value="0.25"/>
    </time>

    <processing>
        <ignore-junction-blocker value="0.1"/>
        <time-to-teleport value="-1"/>
    </processing>

    <report>
        <verbose value="true"/>
        <no-step-log value="true"/>
    </report>

    <emissions>
        <device.emissions.period value="10"/>
    </emissions>

    <traci_server>
        <remote-port value="57818"/>
    </traci_server>

    <gui_only>
        <quit-on-end value="true"/>
        <start value="true"/>
    </gui_only>

</configuration>
-->

<instantE1 xmlns:xsi="http://www.w3.org/2001/XMLSchema-instance" xsi:noNamespaceSchemaLocation="http://sumo.dlr.de/xsd/instant_e1_file.xsd">
    <instantOut id="235_D11" time="525.07" state="enter" vehID="Car_67" speed="5.83" length="5.00" type="DEFAULT_CAR"/>
    <instantOut id="235_D11" time="525.25" state="stay" vehID="Car_67" speed="5.83" length="5.00" type="DEFAULT_CAR"/>
    <instantOut id="235_D11" time="525.50" state="stay" vehID="Car_67" speed="6.78" length="5.00" type="DEFAULT_CAR"/>
    <instantOut id="235_D11" time="525.75" state="stay" vehID="Car_67" speed="7.44" length="5.00" type="DEFAULT_CAR"/>
    <instantOut id="235_D11" time="525.80" state="leave" vehID="Car_67" speed="8.19" length="5.00" type="DEFAULT_CAR" occupancy="0.73"/>
    <instantOut id="235_D11" time="823.95" state="enter" vehID="Car_1321" speed="6.09" length="5.00" type="DEFAULT_CAR" gap="298.14"/>
    <instantOut id="235_D11" time="824.00" state="stay" vehID="Car_1321" speed="6.09" length="5.00" type="DEFAULT_CAR"/>
    <instantOut id="235_D11" time="824.25" state="stay" vehID="Car_1321" speed="7.04" length="5.00" type="DEFAULT_CAR"/>
    <instantOut id="235_D11" time="824.50" state="stay" vehID="Car_1321" speed="7.95" length="5.00" type="DEFAULT_CAR"/>
    <instantOut id="235_D11" time="824.61" state="leave" vehID="Car_1321" speed="8.48" length="5.00" type="DEFAULT_CAR" occupancy="0.66"/>
    <instantOut id="235_D11" time="957.96" state="enter" vehID="Car_1322" speed="4.45" length="5.00" type="DEFAULT_CAR" gap="133.35"/>
    <instantOut id="235_D11" time="958.00" state="stay" vehID="Car_1322" speed="4.45" length="5.00" type="DEFAULT_CAR"/>
    <instantOut id="235_D11" time="958.25" state="stay" vehID="Car_1322" speed="3.70" length="5.00" type="DEFAULT_CAR"/>
    <instantOut id="235_D11" time="958.50" state="stay" vehID="Car_1322" speed="2.95" length="5.00" type="DEFAULT_CAR"/>
    <instantOut id="235_D11" time="958.75" state="stay" vehID="Car_1322" speed="2.20" length="5.00" type="DEFAULT_CAR"/>
    <instantOut id="235_D11" time="959.00" state="stay" vehID="Car_1322" speed="1.45" length="5.00" type="DEFAULT_CAR"/>
    <instantOut id="235_D11" time="959.25" state="stay" vehID="Car_1322" speed="0.76" length="5.00" type="DEFAULT_CAR"/>
    <instantOut id="235_D11" time="959.50" state="stay" vehID="Car_1322" speed="0.08" length="5.00" type="DEFAULT_CAR"/>
    <instantOut id="235_D11" time="959.75" state="stay" vehID="Car_1322" speed="0.00" length="5.00" type="DEFAULT_CAR"/>
    <instantOut id="235_D11" time="960.00" state="stay" vehID="Car_1322" speed="0.00" length="5.00" type="DEFAULT_CAR"/>
    <instantOut id="235_D11" time="960.25" state="stay" vehID="Car_1322" speed="0.00" length="5.00" type="DEFAULT_CAR"/>
    <instantOut id="235_D11" time="960.50" state="stay" vehID="Car_1322" speed="0.86" length="5.00" type="DEFAULT_CAR"/>
    <instantOut id="235_D11" time="960.75" state="stay" vehID="Car_1322" speed="1.63" length="5.00" type="DEFAULT_CAR"/>
    <instantOut id="235_D11" time="961.00" state="stay" vehID="Car_1322" speed="2.40" length="5.00" type="DEFAULT_CAR"/>
    <instantOut id="235_D11" time="961.24" state="leave" vehID="Car_1322" speed="3.29" length="5.00" type="DEFAULT_CAR" occupancy="3.29"/>
    <instantOut id="235_D11" time="2627.99" state="enter" vehID="Car_2406" speed="4.28" length="5.00" type="DEFAULT_CAR" gap="1666.74"/>
    <instantOut id="235_D11" time="2628.00" state="stay" vehID="Car_2406" speed="4.28" length="5.00" type="DEFAULT_CAR"/>
    <instantOut id="235_D11" time="2628.25" state="stay" vehID="Car_2406" speed="3.80" length="5.00" type="DEFAULT_CAR"/>
    <instantOut id="235_D11" time="2628.50" state="stay" vehID="Car_2406" speed="3.05" length="5.00" type="DEFAULT_CAR"/>
    <instantOut id="235_D11" time="2628.75" state="stay" vehID="Car_2406" speed="2.30" length="5.00" type="DEFAULT_CAR"/>
    <instantOut id="235_D11" time="2629.00" state="stay" vehID="Car_2406" speed="1.57" length="5.00" type="DEFAULT_CAR"/>
    <instantOut id="235_D11" time="2629.25" state="stay" vehID="Car_2406" speed="0.82" length="5.00" type="DEFAULT_CAR"/>
    <instantOut id="235_D11" time="2629.50" state="stay" vehID="Car_2406" speed="0.11" length="5.00" type="DEFAULT_CAR"/>
    <instantOut id="235_D11" time="2629.75" state="stay" vehID="Car_2406" speed="0.01" length="5.00" type="DEFAULT_CAR"/>
    <instantOut id="235_D11" time="2630.00" state="stay" vehID="Car_2406" speed="0.00" length="5.00" type="DEFAULT_CAR"/>
    <instantOut id="235_D11" time="2630.25" state="stay" vehID="Car_2406" speed="0.00" length="5.00" type="DEFAULT_CAR"/>
    <instantOut id="235_D11" time="2630.50" state="stay" vehID="Car_2406" speed="0.00" length="5.00" type="DEFAULT_CAR"/>
    <instantOut id="235_D11" time="2630.75" state="stay" vehID="Car_2406" speed="0.00" length="5.00" type="DEFAULT_CAR"/>
    <instantOut id="235_D11" time="2631.00" state="stay" vehID="Car_2406" speed="0.00" length="5.00" type="DEFAULT_CAR"/>
    <instantOut id="235_D11" time="2631.25" state="stay" vehID="Car_2406" speed="0.00" length="5.00" type="DEFAULT_CAR"/>
    <instantOut id="235_D11" time="2631.50" state="stay" vehID="Car_2406" speed="0.00" length="5.00" type="DEFAULT_CAR"/>
    <instantOut id="235_D11" time="2631.75" state="stay" vehID="Car_2406" speed="0.00" length="5.00" type="DEFAULT_CAR"/>
    <instantOut id="235_D11" time="2632.00" state="stay" vehID="Car_2406" speed="0.00" length="5.00" type="DEFAULT_CAR"/>
    <instantOut id="235_D11" time="2632.25" state="stay" vehID="Car_2406" speed="0.00" length="5.00" type="DEFAULT_CAR"/>
    <instantOut id="235_D11" time="2632.50" state="stay" vehID="Car_2406" speed="0.00" length="5.00" type="DEFAULT_CAR"/>
    <instantOut id="235_D11" time="2632.75" state="stay" vehID="Car_2406" speed="0.00" length="5.00" type="DEFAULT_CAR"/>
    <instantOut id="235_D11" time="2633.00" state="stay" vehID="Car_2406" speed="0.00" length="5.00" type="DEFAULT_CAR"/>
    <instantOut id="235_D11" time="2633.25" state="stay" vehID="Car_2406" speed="0.00" length="5.00" type="DEFAULT_CAR"/>
    <instantOut id="235_D11" time="2633.50" state="stay" vehID="Car_2406" speed="0.00" length="5.00" type="DEFAULT_CAR"/>
    <instantOut id="235_D11" time="2633.75" state="stay" vehID="Car_2406" speed="0.00" length="5.00" type="DEFAULT_CAR"/>
    <instantOut id="235_D11" time="2634.00" state="stay" vehID="Car_2406" speed="0.00" length="5.00" type="DEFAULT_CAR"/>
    <instantOut id="235_D11" time="2634.25" state="stay" vehID="Car_2406" speed="0.00" length="5.00" type="DEFAULT_CAR"/>
    <instantOut id="235_D11" time="2634.50" state="stay" vehID="Car_2406" speed="0.00" length="5.00" type="DEFAULT_CAR"/>
    <instantOut id="235_D11" time="2634.75" state="stay" vehID="Car_2406" speed="0.00" length="5.00" type="DEFAULT_CAR"/>
    <instantOut id="235_D11" time="2635.00" state="stay" vehID="Car_2406" speed="0.00" length="5.00" type="DEFAULT_CAR"/>
    <instantOut id="235_D11" time="2635.25" state="stay" vehID="Car_2406" speed="0.00" length="5.00" type="DEFAULT_CAR"/>
    <instantOut id="235_D11" time="2635.50" state="stay" vehID="Car_2406" speed="0.00" length="5.00" type="DEFAULT_CAR"/>
    <instantOut id="235_D11" time="2635.75" state="stay" vehID="Car_2406" speed="0.00" length="5.00" type="DEFAULT_CAR"/>
    <instantOut id="235_D11" time="2636.00" state="stay" vehID="Car_2406" speed="0.00" length="5.00" type="DEFAULT_CAR"/>
    <instantOut id="235_D11" time="2636.25" state="stay" vehID="Car_2406" speed="0.00" length="5.00" type="DEFAULT_CAR"/>
    <instantOut id="235_D11" time="2636.50" state="stay" vehID="Car_2406" speed="0.00" length="5.00" type="DEFAULT_CAR"/>
    <instantOut id="235_D11" time="2636.75" state="stay" vehID="Car_2406" speed="0.00" length="5.00" type="DEFAULT_CAR"/>
    <instantOut id="235_D11" time="2637.00" state="stay" vehID="Car_2406" speed="0.00" length="5.00" type="DEFAULT_CAR"/>
    <instantOut id="235_D11" time="2637.25" state="stay" vehID="Car_2406" speed="0.00" length="5.00" type="DEFAULT_CAR"/>
    <instantOut id="235_D11" time="2637.50" state="stay" vehID="Car_2406" speed="0.00" length="5.00" type="DEFAULT_CAR"/>
    <instantOut id="235_D11" time="2637.75" state="stay" vehID="Car_2406" speed="0.00" length="5.00" type="DEFAULT_CAR"/>
    <instantOut id="235_D11" time="2638.00" state="stay" vehID="Car_2406" speed="0.00" length="5.00" type="DEFAULT_CAR"/>
    <instantOut id="235_D11" time="2638.25" state="stay" vehID="Car_2406" speed="0.00" length="5.00" type="DEFAULT_CAR"/>
    <instantOut id="235_D11" time="2638.50" state="stay" vehID="Car_2406" speed="0.00" length="5.00" type="DEFAULT_CAR"/>
    <instantOut id="235_D11" time="2638.75" state="stay" vehID="Car_2406" speed="0.00" length="5.00" type="DEFAULT_CAR"/>
    <instantOut id="235_D11" time="2639.00" state="stay" vehID="Car_2406" speed="0.00" length="5.00" type="DEFAULT_CAR"/>
    <instantOut id="235_D11" time="2639.25" state="stay" vehID="Car_2406" speed="0.00" length="5.00" type="DEFAULT_CAR"/>
    <instantOut id="235_D11" time="2639.50" state="stay" vehID="Car_2406" speed="0.00" length="5.00" type="DEFAULT_CAR"/>
    <instantOut id="235_D11" time="2639.75" state="stay" vehID="Car_2406" speed="0.00" length="5.00" type="DEFAULT_CAR"/>
    <instantOut id="235_D11" time="2640.00" state="stay" vehID="Car_2406" speed="0.00" length="5.00" type="DEFAULT_CAR"/>
    <instantOut id="235_D11" time="2640.25" state="stay" vehID="Car_2406" speed="0.35" length="5.00" type="DEFAULT_CAR"/>
    <instantOut id="235_D11" time="2640.50" state="stay" vehID="Car_2406" speed="0.76" length="5.00" type="DEFAULT_CAR"/>
    <instantOut id="235_D11" time="2640.75" state="stay" vehID="Car_2406" speed="1.28" length="5.00" type="DEFAULT_CAR"/>
    <instantOut id="235_D11" time="2641.00" state="stay" vehID="Car_2406" speed="1.95" length="5.00" type="DEFAULT_CAR"/>
    <instantOut id="235_D11" time="2641.25" state="stay" vehID="Car_2406" speed="2.84" length="5.00" type="DEFAULT_CAR"/>
    <instantOut id="235_D11" time="2641.32" state="leave" vehID="Car_2406" speed="3.03" length="5.00" type="DEFAULT_CAR" occupancy="13.34"/>
    <instantOut id="235_D11" time="9769.92" state="enter" vehID="Car_6118" speed="5.94" length="5.00" type="DEFAULT_CAR" gap="7128.60"/>
    <instantOut id="235_D11" time="9770.00" state="stay" vehID="Car_6118" speed="5.94" length="5.00" type="DEFAULT_CAR"/>
    <instantOut id="235_D11" time="9770.25" state="stay" vehID="Car_6118" speed="6.89" length="5.00" type="DEFAULT_CAR"/>
    <instantOut id="235_D11" time="9770.50" state="stay" vehID="Car_6118" speed="7.77" length="5.00" type="DEFAULT_CAR"/>
    <instantOut id="235_D11" time="9770.60" state="leave" vehID="Car_6118" speed="8.68" length="5.00" type="DEFAULT_CAR" occupancy="0.68"/>
    <instantOut id="235_D11" time="10247.95" state="enter" vehID="Car_6117" speed="4.43" length="5.00" type="DEFAULT_CAR" gap="477.35"/>
    <instantOut id="235_D11" time="10248.00" state="stay" vehID="Car_6117" speed="4.43" length="5.00" type="DEFAULT_CAR"/>
    <instantOut id="235_D11" time="10248.25" state="stay" vehID="Car_6117" speed="3.68" length="5.00" type="DEFAULT_CAR"/>
    <instantOut id="235_D11" time="10248.50" state="stay" vehID="Car_6117" speed="2.93" length="5.00" type="DEFAULT_CAR"/>
    <instantOut id="235_D11" time="10248.75" state="stay" vehID="Car_6117" speed="2.18" length="5.00" type="DEFAULT_CAR"/>
    <instantOut id="235_D11" time="10249.00" state="stay" vehID="Car_6117" speed="1.45" length="5.00" type="DEFAULT_CAR"/>
    <instantOut id="235_D11" time="10249.25" state="stay" vehID="Car_6117" speed="0.71" length="5.00" type="DEFAULT_CAR"/>
    <instantOut id="235_D11" time="10249.50" state="stay" vehID="Car_6117" speed="0.02" length="5.00" type="DEFAULT_CAR"/>
    <instantOut id="235_D11" time="10249.75" state="stay" vehID="Car_6117" speed="0.00" length="5.00" type="DEFAULT_CAR"/>
    <instantOut id="235_D11" time="10250.00" state="stay" vehID="Car_6117" speed="0.90" length="5.00" type="DEFAULT_CAR"/>
    <instantOut id="235_D11" time="10250.25" state="stay" vehID="Car_6117" speed="1.84" length="5.00" type="DEFAULT_CAR"/>
    <instantOut id="235_D11" time="10250.50" state="stay" vehID="Car_6117" speed="2.59" length="5.00" type="DEFAULT_CAR"/>
    <instantOut id="235_D11" time="10250.72" state="leave" vehID="Car_6117" speed="3.11" length="5.00" type="DEFAULT_CAR" occupancy="2.77"/>
    <instantOut id="235_D11" time="10358.93" state="enter" vehID="Car_6116" speed="6.26" length="5.00" type="DEFAULT_CAR" gap="108.21"/>
    <instantOut id="235_D11" time="10359.00" state="stay" vehID="Car_6116" speed="6.26" length="5.00" type="DEFAULT_CAR"/>
    <instantOut id="235_D11" time="10359.25" state="stay" vehID="Car_6116" speed="7.21" length="5.00" type="DEFAULT_CAR"/>
    <instantOut id="235_D11" time="10359.50" state="stay" vehID="Car_6116" speed="7.69" length="5.00" type="DEFAULT_CAR"/>
    <instantOut id="235_D11" time="10359.61" state="leave" vehID="Car_6116" speed="7.92" length="5.00" type="DEFAULT_CAR" occupancy="0.67"/>
    <instantOut id="235_D11" time="10523.87" state="enter" vehID="Car_6115" speed="5.99" length="5.00" type="DEFAULT_CAR" gap="164.26"/>
    <instantOut id="235_D11" time="10524.00" state="stay" vehID="Car_6115" speed="5.99" length="5.00" type="DEFAULT_CAR"/>
    <instantOut id="235_D11" time="10524.25" state="stay" vehID="Car_6115" speed="6.94" length="5.00" type="DEFAULT_CAR"/>
    <instantOut id="235_D11" time="10524.50" state="stay" vehID="Car_6115" speed="7.53" length="5.00" type="DEFAULT_CAR"/>
    <instantOut id="235_D11" time="10524.58" state="leave" vehID="Car_6115" speed="7.65" length="5.00" type="DEFAULT_CAR" occupancy="0.71"/>
    <instantOut id="235_D11" time="10663.01" state="enter" vehID="Car_6114" speed="3.67" length="5.00" type="DEFAULT_CAR" gap="138.43"/>
    <instantOut id="235_D11" time="10663.25" state="stay" vehID="Car_6114" speed="3.67" length="5.00" type="DEFAULT_CAR"/>
    <instantOut id="235_D11" time="10663.50" state="stay" vehID="Car_6114" speed="2.92" length="5.00" type="DEFAULT_CAR"/>
    <instantOut id="235_D11" time="10663.75" state="stay" vehID="Car_6114" speed="2.36" length="5.00" type="DEFAULT_CAR"/>
    <instantOut id="235_D11" time="10664.00" state="stay" vehID="Car_6114" speed="1.66" length="5.00" type="DEFAULT_CAR"/>
    <instantOut id="235_D11" time="10664.25" state="stay" vehID="Car_6114" speed="1.07" length="5.00" type="DEFAULT_CAR"/>
    <instantOut id="235_D11" time="10664.50" state="stay" vehID="Car_6114" speed="0.35" length="5.00" type="DEFAULT_CAR"/>
    <instantOut id="235_D11" time="10664.75" state="stay" vehID="Car_6114" speed="0.01" length="5.00" type="DEFAULT_CAR"/>
    <instantOut id="235_D11" time="10665.00" state="stay" vehID="Car_6114" speed="0.00" length="5.00" type="DEFAULT_CAR"/>
    <instantOut id="235_D11" time="10665.25" state="stay" vehID="Car_6114" speed="0.00" length="5.00" type="DEFAULT_CAR"/>
    <instantOut id="235_D11" time="10665.50" state="stay" vehID="Car_6114" speed="0.00" length="5.00" type="DEFAULT_CAR"/>
    <instantOut id="235_D11" time="10665.75" state="stay" vehID="Car_6114" speed="0.00" length="5.00" type="DEFAULT_CAR"/>
    <instantOut id="235_D11" time="10666.00" state="stay" vehID="Car_6114" speed="0.00" length="5.00" type="DEFAULT_CAR"/>
    <instantOut id="235_D11" time="10666.25" state="stay" vehID="Car_6114" speed="0.00" length="5.00" type="DEFAULT_CAR"/>
    <instantOut id="235_D11" time="10666.50" state="stay" vehID="Car_6114" speed="0.00" length="5.00" type="DEFAULT_CAR"/>
    <instantOut id="235_D11" time="10666.75" state="stay" vehID="Car_6114" speed="0.00" length="5.00" type="DEFAULT_CAR"/>
    <instantOut id="235_D11" time="10667.00" state="stay" vehID="Car_6114" speed="0.00" length="5.00" type="DEFAULT_CAR"/>
    <instantOut id="235_D11" time="10667.25" state="stay" vehID="Car_6114" speed="0.00" length="5.00" type="DEFAULT_CAR"/>
    <instantOut id="235_D11" time="10667.50" state="stay" vehID="Car_6114" speed="0.00" length="5.00" type="DEFAULT_CAR"/>
    <instantOut id="235_D11" time="10667.75" state="stay" vehID="Car_6114" speed="0.00" length="5.00" type="DEFAULT_CAR"/>
    <instantOut id="235_D11" time="10668.00" state="stay" vehID="Car_6114" speed="0.00" length="5.00" type="DEFAULT_CAR"/>
    <instantOut id="235_D11" time="10668.25" state="stay" vehID="Car_6114" speed="0.00" length="5.00" type="DEFAULT_CAR"/>
    <instantOut id="235_D11" time="10668.50" state="stay" vehID="Car_6114" speed="0.00" length="5.00" type="DEFAULT_CAR"/>
    <instantOut id="235_D11" time="10668.75" state="stay" vehID="Car_6114" speed="0.00" length="5.00" type="DEFAULT_CAR"/>
    <instantOut id="235_D11" time="10669.00" state="stay" vehID="Car_6114" speed="0.00" length="5.00" type="DEFAULT_CAR"/>
    <instantOut id="235_D11" time="10669.25" state="stay" vehID="Car_6114" speed="0.00" length="5.00" type="DEFAULT_CAR"/>
    <instantOut id="235_D11" time="10669.50" state="stay" vehID="Car_6114" speed="0.00" length="5.00" type="DEFAULT_CAR"/>
    <instantOut id="235_D11" time="10669.75" state="stay" vehID="Car_6114" speed="0.00" length="5.00" type="DEFAULT_CAR"/>
    <instantOut id="235_D11" time="10670.00" state="stay" vehID="Car_6114" speed="0.00" length="5.00" type="DEFAULT_CAR"/>
    <instantOut id="235_D11" time="10670.25" state="stay" vehID="Car_6114" speed="0.00" length="5.00" type="DEFAULT_CAR"/>
    <instantOut id="235_D11" time="10670.50" state="stay" vehID="Car_6114" speed="0.00" length="5.00" type="DEFAULT_CAR"/>
    <instantOut id="235_D11" time="10670.75" state="stay" vehID="Car_6114" speed="0.00" length="5.00" type="DEFAULT_CAR"/>
    <instantOut id="235_D11" time="10671.00" state="stay" vehID="Car_6114" speed="0.00" length="5.00" type="DEFAULT_CAR"/>
    <instantOut id="235_D11" time="10671.25" state="stay" vehID="Car_6114" speed="0.00" length="5.00" type="DEFAULT_CAR"/>
    <instantOut id="235_D11" time="10671.50" state="stay" vehID="Car_6114" speed="0.00" length="5.00" type="DEFAULT_CAR"/>
    <instantOut id="235_D11" time="10671.75" state="stay" vehID="Car_6114" speed="0.00" length="5.00" type="DEFAULT_CAR"/>
    <instantOut id="235_D11" time="10672.00" state="stay" vehID="Car_6114" speed="0.00" length="5.00" type="DEFAULT_CAR"/>
    <instantOut id="235_D11" time="10672.25" state="stay" vehID="Car_6114" speed="0.00" length="5.00" type="DEFAULT_CAR"/>
    <instantOut id="235_D11" time="10672.50" state="stay" vehID="Car_6114" speed="0.00" length="5.00" type="DEFAULT_CAR"/>
    <instantOut id="235_D11" time="10672.75" state="stay" vehID="Car_6114" speed="0.00" length="5.00" type="DEFAULT_CAR"/>
    <instantOut id="235_D11" time="10673.00" state="stay" vehID="Car_6114" speed="0.00" length="5.00" type="DEFAULT_CAR"/>
    <instantOut id="235_D11" time="10673.25" state="stay" vehID="Car_6114" speed="0.00" length="5.00" type="DEFAULT_CAR"/>
    <instantOut id="235_D11" time="10673.50" state="stay" vehID="Car_6114" speed="0.00" length="5.00" type="DEFAULT_CAR"/>
    <instantOut id="235_D11" time="10673.75" state="stay" vehID="Car_6114" speed="0.00" length="5.00" type="DEFAULT_CAR"/>
    <instantOut id="235_D11" time="10674.00" state="stay" vehID="Car_6114" speed="0.00" length="5.00" type="DEFAULT_CAR"/>
    <instantOut id="235_D11" time="10674.25" state="stay" vehID="Car_6114" speed="0.00" length="5.00" type="DEFAULT_CAR"/>
    <instantOut id="235_D11" time="10674.50" state="stay" vehID="Car_6114" speed="0.00" length="5.00" type="DEFAULT_CAR"/>
    <instantOut id="235_D11" time="10674.75" state="stay" vehID="Car_6114" speed="0.00" length="5.00" type="DEFAULT_CAR"/>
    <instantOut id="235_D11" time="10675.00" state="stay" vehID="Car_6114" speed="0.00" length="5.00" type="DEFAULT_CAR"/>
    <instantOut id="235_D11" time="10675.25" state="stay" vehID="Car_6114" speed="0.00" length="5.00" type="DEFAULT_CAR"/>
    <instantOut id="235_D11" time="10675.50" state="stay" vehID="Car_6114" speed="0.00" length="5.00" type="DEFAULT_CAR"/>
    <instantOut id="235_D11" time="10675.75" state="stay" vehID="Car_6114" speed="0.00" length="5.00" type="DEFAULT_CAR"/>
    <instantOut id="235_D11" time="10676.00" state="stay" vehID="Car_6114" speed="0.00" length="5.00" type="DEFAULT_CAR"/>
    <instantOut id="235_D11" time="10676.25" state="stay" vehID="Car_6114" speed="0.00" length="5.00" type="DEFAULT_CAR"/>
    <instantOut id="235_D11" time="10676.50" state="stay" vehID="Car_6114" speed="0.00" length="5.00" type="DEFAULT_CAR"/>
    <instantOut id="235_D11" time="10676.75" state="stay" vehID="Car_6114" speed="0.00" length="5.00" type="DEFAULT_CAR"/>
    <instantOut id="235_D11" time="10677.00" state="stay" vehID="Car_6114" speed="0.91" length="5.00" type="DEFAULT_CAR"/>
    <instantOut id="235_D11" time="10677.25" state="stay" vehID="Car_6114" speed="1.77" length="5.00" type="DEFAULT_CAR"/>
    <instantOut id="235_D11" time="10677.50" state="stay" vehID="Car_6114" speed="2.70" length="5.00" type="DEFAULT_CAR"/>
    <instantOut id="235_D11" time="10677.70" state="leave" vehID="Car_6114" speed="3.34" length="5.00" type="DEFAULT_CAR" occupancy="14.69"/>
    <instantOut id="235_D11" time="10698.97" state="enter" vehID="Car_6113" speed="4.45" length="5.00" type="DEFAULT_CAR" gap="21.26"/>
    <instantOut id="235_D11" time="10699.00" state="stay" vehID="Car_6113" speed="4.45" length="5.00" type="DEFAULT_CAR"/>
    <instantOut id="235_D11" time="10699.25" state="stay" vehID="Car_6113" speed="3.70" length="5.00" type="DEFAULT_CAR"/>
    <instantOut id="235_D11" time="10699.50" state="stay" vehID="Car_6113" speed="2.95" length="5.00" type="DEFAULT_CAR"/>
    <instantOut id="235_D11" time="10699.75" state="stay" vehID="Car_6113" speed="2.20" length="5.00" type="DEFAULT_CAR"/>
    <instantOut id="235_D11" time="10700.00" state="stay" vehID="Car_6113" speed="3.15" length="5.00" type="DEFAULT_CAR"/>
    <instantOut id="235_D11" time="10700.25" state="stay" vehID="Car_6113" speed="3.86" length="5.00" type="DEFAULT_CAR"/>
    <instantOut id="235_D11" time="10700.45" state="leave" vehID="Car_6113" speed="4.46" length="5.00" type="DEFAULT_CAR" occupancy="1.48"/>
    <instantOut id="235_D11" time="11642.06" state="enter" vehID="Car_6516" speed="3.93" length="5.00" type="DEFAULT_CAR" gap="941.61"/>
    <instantOut id="235_D11" time="11642.25" state="stay" vehID="Car_6516" speed="3.93" length="5.00" type="DEFAULT_CAR"/>
    <instantOut id="235_D11" time="11642.50" state="stay" vehID="Car_6516" speed="3.18" length="5.00" type="DEFAULT_CAR"/>
    <instantOut id="235_D11" time="11642.75" state="stay" vehID="Car_6516" speed="2.43" length="5.00" type="DEFAULT_CAR"/>
    <instantOut id="235_D11" time="11643.00" state="stay" vehID="Car_6516" speed="1.72" length="5.00" type="DEFAULT_CAR"/>
    <instantOut id="235_D11" time="11643.25" state="stay" vehID="Car_6516" speed="1.10" length="5.00" type="DEFAULT_CAR"/>
    <instantOut id="235_D11" time="11643.50" state="stay" vehID="Car_6516" speed="0.44" length="5.00" type="DEFAULT_CAR"/>
    <instantOut id="235_D11" time="11643.75" state="stay" vehID="Car_6516" speed="0.02" length="5.00" type="DEFAULT_CAR"/>
    <instantOut id="235_D11" time="11644.00" state="stay" vehID="Car_6516" speed="0.00" length="5.00" type="DEFAULT_CAR"/>
    <instantOut id="235_D11" time="11644.25" state="stay" vehID="Car_6516" speed="0.00" length="5.00" type="DEFAULT_CAR"/>
    <instantOut id="235_D11" time="11644.50" state="stay" vehID="Car_6516" speed="0.00" length="5.00" type="DEFAULT_CAR"/>
    <instantOut id="235_D11" time="11644.75" state="stay" vehID="Car_6516" speed="0.00" length="5.00" type="DEFAULT_CAR"/>
    <instantOut id="235_D11" time="11645.00" state="stay" vehID="Car_6516" speed="0.00" length="5.00" type="DEFAULT_CAR"/>
    <instantOut id="235_D11" time="11645.25" state="stay" vehID="Car_6516" speed="0.00" length="5.00" type="DEFAULT_CAR"/>
    <instantOut id="235_D11" time="11645.50" state="stay" vehID="Car_6516" speed="0.00" length="5.00" type="DEFAULT_CAR"/>
    <instantOut id="235_D11" time="11645.75" state="stay" vehID="Car_6516" speed="0.00" length="5.00" type="DEFAULT_CAR"/>
    <instantOut id="235_D11" time="11646.00" state="stay" vehID="Car_6516" speed="0.00" length="5.00" type="DEFAULT_CAR"/>
    <instantOut id="235_D11" time="11646.25" state="stay" vehID="Car_6516" speed="0.00" length="5.00" type="DEFAULT_CAR"/>
    <instantOut id="235_D11" time="11646.50" state="stay" vehID="Car_6516" speed="0.00" length="5.00" type="DEFAULT_CAR"/>
    <instantOut id="235_D11" time="11646.75" state="stay" vehID="Car_6516" speed="0.00" length="5.00" type="DEFAULT_CAR"/>
    <instantOut id="235_D11" time="11647.00" state="stay" vehID="Car_6516" speed="0.00" length="5.00" type="DEFAULT_CAR"/>
    <instantOut id="235_D11" time="11647.25" state="stay" vehID="Car_6516" speed="0.00" length="5.00" type="DEFAULT_CAR"/>
    <instantOut id="235_D11" time="11647.50" state="stay" vehID="Car_6516" speed="0.00" length="5.00" type="DEFAULT_CAR"/>
    <instantOut id="235_D11" time="11647.75" state="stay" vehID="Car_6516" speed="0.00" length="5.00" type="DEFAULT_CAR"/>
    <instantOut id="235_D11" time="11648.00" state="stay" vehID="Car_6516" speed="0.00" length="5.00" type="DEFAULT_CAR"/>
    <instantOut id="235_D11" time="11648.25" state="stay" vehID="Car_6516" speed="0.00" length="5.00" type="DEFAULT_CAR"/>
    <instantOut id="235_D11" time="11648.50" state="stay" vehID="Car_6516" speed="0.00" length="5.00" type="DEFAULT_CAR"/>
    <instantOut id="235_D11" time="11648.75" state="stay" vehID="Car_6516" speed="0.00" length="5.00" type="DEFAULT_CAR"/>
    <instantOut id="235_D11" time="11649.00" state="stay" vehID="Car_6516" speed="0.00" length="5.00" type="DEFAULT_CAR"/>
    <instantOut id="235_D11" time="11649.25" state="stay" vehID="Car_6516" speed="0.00" length="5.00" type="DEFAULT_CAR"/>
    <instantOut id="235_D11" time="11649.50" state="stay" vehID="Car_6516" speed="0.00" length="5.00" type="DEFAULT_CAR"/>
    <instantOut id="235_D11" time="11649.75" state="stay" vehID="Car_6516" speed="0.00" length="5.00" type="DEFAULT_CAR"/>
    <instantOut id="235_D11" time="11650.00" state="stay" vehID="Car_6516" speed="0.00" length="5.00" type="DEFAULT_CAR"/>
    <instantOut id="235_D11" time="11650.25" state="stay" vehID="Car_6516" speed="0.92" length="5.00" type="DEFAULT_CAR"/>
    <instantOut id="235_D11" time="11650.50" state="stay" vehID="Car_6516" speed="1.80" length="5.00" type="DEFAULT_CAR"/>
    <instantOut id="235_D11" time="11650.75" state="stay" vehID="Car_6516" speed="2.48" length="5.00" type="DEFAULT_CAR"/>
    <instantOut id="235_D11" time="11650.98" state="leave" vehID="Car_6516" speed="3.19" length="5.00" type="DEFAULT_CAR" occupancy="8.92"/>
    <instantOut id="235_D11" time="11921.90" state="enter" vehID="Car_6524" speed="6.08" length="5.00" type="DEFAULT_CAR" gap="270.92"/>
    <instantOut id="235_D11" time="11922.00" state="stay" vehID="Car_6524" speed="6.08" length="5.00" type="DEFAULT_CAR"/>
    <instantOut id="235_D11" time="11922.25" state="stay" vehID="Car_6524" speed="7.03" length="5.00" type="DEFAULT_CAR"/>
    <instantOut id="235_D11" time="11922.50" state="stay" vehID="Car_6524" speed="7.82" length="5.00" type="DEFAULT_CAR"/>
    <instantOut id="235_D11" time="11922.58" state="leave" vehID="Car_6524" speed="8.64" length="5.00" type="DEFAULT_CAR" occupancy="0.68"/>
    <instantOut id="235_D11" time="13601.93" state="enter" vehID="Car_7745" speed="6.29" length="5.00" type="DEFAULT_CAR" gap="1679.35"/>
    <instantOut id="235_D11" time="13602.00" state="stay" vehID="Car_7745" speed="6.29" length="5.00" type="DEFAULT_CAR"/>
    <instantOut id="235_D11" time="13602.25" state="stay" vehID="Car_7745" speed="7.24" length="5.00" type="DEFAULT_CAR"/>
    <instantOut id="235_D11" time="13602.50" state="stay" vehID="Car_7745" speed="8.00" length="5.00" type="DEFAULT_CAR"/>
    <instantOut id="235_D11" time="13602.59" state="leave" vehID="Car_7745" speed="8.79" length="5.00" type="DEFAULT_CAR" occupancy="0.66"/>
    <instantOut id="235_D11" time="13802.91" state="enter" vehID="Car_7746" speed="6.05" length="5.00" type="DEFAULT_CAR" gap="200.33"/>
    <instantOut id="235_D11" time="13803.00" state="stay" vehID="Car_7746" speed="6.05" length="5.00" type="DEFAULT_CAR"/>
    <instantOut id="235_D11" time="13803.25" state="stay" vehID="Car_7746" speed="7.00" length="5.00" type="DEFAULT_CAR"/>
    <instantOut id="235_D11" time="13803.50" state="stay" vehID="Car_7746" speed="7.89" length="5.00" type="DEFAULT_CAR"/>
    <instantOut id="235_D11" time="13803.59" state="leave" vehID="Car_7746" speed="8.76" length="5.00" type="DEFAULT_CAR" occupancy="0.67"/>
    <instantOut id="235_D11" time="14012.96" state="enter" vehID="Car_7747" speed="6.24" length="5.00" type="DEFAULT_CAR" gap="209.37"/>
    <instantOut id="235_D11" time="14013.00" state="stay" vehID="Car_7747" speed="6.24" length="5.00" type="DEFAULT_CAR"/>
    <instantOut id="235_D11" time="14013.25" state="stay" vehID="Car_7747" speed="7.19" length="5.00" type="DEFAULT_CAR"/>
    <instantOut id="235_D11" time="14013.50" state="stay" vehID="Car_7747" speed="7.97" length="5.00" type="DEFAULT_CAR"/>
    <instantOut id="235_D11" time="14013.61" state="leave" vehID="Car_7747" speed="8.59" length="5.00" type="DEFAULT_CAR" occupancy="0.65"/>
    <instantOut id="235_D11" time="15168.95" state="enter" vehID="Car_9019" speed="6.07" length="5.00" type="DEFAULT_CAR" gap="1155.34"/>
    <instantOut id="235_D11" time="15169.00" state="stay" vehID="Car_9019" speed="6.07" length="5.00" type="DEFAULT_CAR"/>
    <instantOut id="235_D11" time="15169.25" state="stay" vehID="Car_9019" speed="5.97" length="5.00" type="DEFAULT_CAR"/>
    <instantOut id="235_D11" time="15169.50" state="stay" vehID="Car_9019" speed="5.22" length="5.00" type="DEFAULT_CAR"/>
    <instantOut id="235_D11" time="15169.75" state="stay" vehID="Car_9019" speed="5.11" length="5.00" type="DEFAULT_CAR"/>
    <instantOut id="235_D11" time="15169.87" state="leave" vehID="Car_9019" speed="5.00" length="5.00" type="DEFAULT_CAR" occupancy="0.92"/>
    <instantOut id="235_D11" time="18068.10" state="enter" vehID="Car_9776" speed="4.08" length="5.00" type="DEFAULT_CAR" gap="2898.23"/>
    <instantOut id="235_D11" time="18068.25" state="stay" vehID="Car_9776" speed="4.08" length="5.00" type="DEFAULT_CAR"/>
    <instantOut id="235_D11" time="18068.50" state="stay" vehID="Car_9776" speed="3.33" length="5.00" type="DEFAULT_CAR"/>
    <instantOut id="235_D11" time="18068.75" state="stay" vehID="Car_9776" speed="2.62" length="5.00" type="DEFAULT_CAR"/>
    <instantOut id="235_D11" time="18069.00" state="stay" vehID="Car_9776" speed="1.87" length="5.00" type="DEFAULT_CAR"/>
    <instantOut id="235_D11" time="18069.25" state="stay" vehID="Car_9776" speed="1.16" length="5.00" type="DEFAULT_CAR"/>
    <instantOut id="235_D11" time="18069.50" state="stay" vehID="Car_9776" speed="0.50" length="5.00" type="DEFAULT_CAR"/>
    <instantOut id="235_D11" time="18069.75" state="stay" vehID="Car_9776" speed="0.01" length="5.00" type="DEFAULT_CAR"/>
    <instantOut id="235_D11" time="18070.00" state="stay" vehID="Car_9776" speed="0.00" length="5.00" type="DEFAULT_CAR"/>
    <instantOut id="235_D11" time="18070.25" state="stay" vehID="Car_9776" speed="0.00" length="5.00" type="DEFAULT_CAR"/>
    <instantOut id="235_D11" time="18070.50" state="stay" vehID="Car_9776" speed="0.00" length="5.00" type="DEFAULT_CAR"/>
    <instantOut id="235_D11" time="18070.75" state="stay" vehID="Car_9776" speed="0.00" length="5.00" type="DEFAULT_CAR"/>
    <instantOut id="235_D11" time="18071.00" state="stay" vehID="Car_9776" speed="0.00" length="5.00" type="DEFAULT_CAR"/>
    <instantOut id="235_D11" time="18071.25" state="stay" vehID="Car_9776" speed="0.00" length="5.00" type="DEFAULT_CAR"/>
    <instantOut id="235_D11" time="18071.50" state="stay" vehID="Car_9776" speed="0.89" length="5.00" type="DEFAULT_CAR"/>
    <instantOut id="235_D11" time="18071.75" state="stay" vehID="Car_9776" speed="1.67" length="5.00" type="DEFAULT_CAR"/>
    <instantOut id="235_D11" time="18072.00" state="stay" vehID="Car_9776" speed="2.52" length="5.00" type="DEFAULT_CAR"/>
    <instantOut id="235_D11" time="18072.22" state="leave" vehID="Car_9776" speed="3.40" length="5.00" type="DEFAULT_CAR" occupancy="4.12"/>
    <instantOut id="235_D11" time="18450.90" state="enter" vehID="Car_9886" speed="6.14" length="5.00" type="DEFAULT_CAR" gap="378.68"/>
    <instantOut id="235_D11" time="18451.00" state="stay" vehID="Car_9886" speed="6.14" length="5.00" type="DEFAULT_CAR"/>
    <instantOut id="235_D11" time="18451.25" state="stay" vehID="Car_9886" speed="7.09" length="5.00" type="DEFAULT_CAR"/>
    <instantOut id="235_D11" time="18451.50" state="stay" vehID="Car_9886" speed="6.89" length="5.00" type="DEFAULT_CAR"/>
    <instantOut id="235_D11" time="18451.64" state="leave" vehID="Car_9886" speed="6.50" length="5.00" type="DEFAULT_CAR" occupancy="0.74"/>
    <instantOut id="235_D11" time="18590.03" state="enter" vehID="Car_9885" speed="3.81" length="5.00" type="DEFAULT_CAR" gap="138.40"/>
    <instantOut id="235_D11" time="18590.25" state="stay" vehID="Car_9885" speed="3.81" length="5.00" type="DEFAULT_CAR"/>
    <instantOut id="235_D11" time="18590.50" state="stay" vehID="Car_9885" speed="3.06" length="5.00" type="DEFAULT_CAR"/>
    <instantOut id="235_D11" time="18590.75" state="stay" vehID="Car_9885" speed="2.47" length="5.00" type="DEFAULT_CAR"/>
    <instantOut id="235_D11" time="18591.00" state="stay" vehID="Car_9885" speed="1.72" length="5.00" type="DEFAULT_CAR"/>
    <instantOut id="235_D11" time="18591.25" state="stay" vehID="Car_9885" speed="1.01" length="5.00" type="DEFAULT_CAR"/>
    <instantOut id="235_D11" time="18591.50" state="stay" vehID="Car_9885" speed="0.33" length="5.00" type="DEFAULT_CAR"/>
    <instantOut id="235_D11" time="18591.75" state="stay" vehID="Car_9885" speed="0.04" length="5.00" type="DEFAULT_CAR"/>
    <instantOut id="235_D11" time="18592.00" state="stay" vehID="Car_9885" speed="0.00" length="5.00" type="DEFAULT_CAR"/>
    <instantOut id="235_D11" time="18592.25" state="stay" vehID="Car_9885" speed="0.00" length="5.00" type="DEFAULT_CAR"/>
    <instantOut id="235_D11" time="18592.50" state="stay" vehID="Car_9885" speed="0.00" length="5.00" type="DEFAULT_CAR"/>
    <instantOut id="235_D11" time="18592.75" state="stay" vehID="Car_9885" speed="0.00" length="5.00" type="DEFAULT_CAR"/>
    <instantOut id="235_D11" time="18593.00" state="stay" vehID="Car_9885" speed="0.00" length="5.00" type="DEFAULT_CAR"/>
    <instantOut id="235_D11" time="18593.25" state="stay" vehID="Car_9885" speed="0.00" length="5.00" type="DEFAULT_CAR"/>
    <instantOut id="235_D11" time="18593.50" state="stay" vehID="Car_9885" speed="0.00" length="5.00" type="DEFAULT_CAR"/>
    <instantOut id="235_D11" time="18593.75" state="stay" vehID="Car_9885" speed="0.00" length="5.00" type="DEFAULT_CAR"/>
    <instantOut id="235_D11" time="18594.00" state="stay" vehID="Car_9885" speed="0.00" length="5.00" type="DEFAULT_CAR"/>
    <instantOut id="235_D11" time="18594.25" state="stay" vehID="Car_9885" speed="0.00" length="5.00" type="DEFAULT_CAR"/>
    <instantOut id="235_D11" time="18594.50" state="stay" vehID="Car_9885" speed="0.00" length="5.00" type="DEFAULT_CAR"/>
    <instantOut id="235_D11" time="18594.75" state="stay" vehID="Car_9885" speed="0.00" length="5.00" type="DEFAULT_CAR"/>
    <instantOut id="235_D11" time="18595.00" state="stay" vehID="Car_9885" speed="0.00" length="5.00" type="DEFAULT_CAR"/>
    <instantOut id="235_D11" time="18595.25" state="stay" vehID="Car_9885" speed="0.00" length="5.00" type="DEFAULT_CAR"/>
    <instantOut id="235_D11" time="18595.50" state="stay" vehID="Car_9885" speed="0.00" length="5.00" type="DEFAULT_CAR"/>
    <instantOut id="235_D11" time="18595.75" state="stay" vehID="Car_9885" speed="0.00" length="5.00" type="DEFAULT_CAR"/>
    <instantOut id="235_D11" time="18596.00" state="stay" vehID="Car_9885" speed="0.00" length="5.00" type="DEFAULT_CAR"/>
    <instantOut id="235_D11" time="18596.25" state="stay" vehID="Car_9885" speed="0.00" length="5.00" type="DEFAULT_CAR"/>
    <instantOut id="235_D11" time="18596.50" state="stay" vehID="Car_9885" speed="0.00" length="5.00" type="DEFAULT_CAR"/>
    <instantOut id="235_D11" time="18596.75" state="stay" vehID="Car_9885" speed="0.00" length="5.00" type="DEFAULT_CAR"/>
    <instantOut id="235_D11" time="18597.00" state="stay" vehID="Car_9885" speed="0.00" length="5.00" type="DEFAULT_CAR"/>
    <instantOut id="235_D11" time="18597.25" state="stay" vehID="Car_9885" speed="0.00" length="5.00" type="DEFAULT_CAR"/>
    <instantOut id="235_D11" time="18597.50" state="stay" vehID="Car_9885" speed="0.00" length="5.00" type="DEFAULT_CAR"/>
    <instantOut id="235_D11" time="18597.75" state="stay" vehID="Car_9885" speed="0.00" length="5.00" type="DEFAULT_CAR"/>
    <instantOut id="235_D11" time="18598.00" state="stay" vehID="Car_9885" speed="0.00" length="5.00" type="DEFAULT_CAR"/>
    <instantOut id="235_D11" time="18598.25" state="stay" vehID="Car_9885" speed="0.00" length="5.00" type="DEFAULT_CAR"/>
    <instantOut id="235_D11" time="18598.50" state="stay" vehID="Car_9885" speed="0.00" length="5.00" type="DEFAULT_CAR"/>
    <instantOut id="235_D11" time="18598.75" state="stay" vehID="Car_9885" speed="0.00" length="5.00" type="DEFAULT_CAR"/>
    <instantOut id="235_D11" time="18599.00" state="stay" vehID="Car_9885" speed="0.00" length="5.00" type="DEFAULT_CAR"/>
    <instantOut id="235_D11" time="18599.25" state="stay" vehID="Car_9885" speed="0.00" length="5.00" type="DEFAULT_CAR"/>
    <instantOut id="235_D11" time="18599.50" state="stay" vehID="Car_9885" speed="0.00" length="5.00" type="DEFAULT_CAR"/>
    <instantOut id="235_D11" time="18599.75" state="stay" vehID="Car_9885" speed="0.00" length="5.00" type="DEFAULT_CAR"/>
    <instantOut id="235_D11" time="18600.00" state="stay" vehID="Car_9885" speed="0.00" length="5.00" type="DEFAULT_CAR"/>
    <instantOut id="235_D11" time="18600.25" state="stay" vehID="Car_9885" speed="0.00" length="5.00" type="DEFAULT_CAR"/>
    <instantOut id="235_D11" time="18600.50" state="stay" vehID="Car_9885" speed="0.85" length="5.00" type="DEFAULT_CAR"/>
    <instantOut id="235_D11" time="18600.75" state="stay" vehID="Car_9885" speed="1.71" length="5.00" type="DEFAULT_CAR"/>
    <instantOut id="235_D11" time="18601.00" state="stay" vehID="Car_9885" speed="2.61" length="5.00" type="DEFAULT_CAR"/>
    <instantOut id="235_D11" time="18601.20" state="leave" vehID="Car_9885" speed="3.55" length="5.00" type="DEFAULT_CAR" occupancy="11.17"/>
    <instantOut id="235_D11" time="18722.96" state="enter" vehID="Car_10605" speed="4.40" length="5.00" type="DEFAULT_CAR" gap="121.76"/>
    <instantOut id="235_D11" time="18723.00" state="stay" vehID="Car_10605" speed="4.40" length="5.00" type="DEFAULT_CAR"/>
    <instantOut id="235_D11" time="18723.25" state="stay" vehID="Car_10605" speed="3.65" length="5.00" type="DEFAULT_CAR"/>
    <instantOut id="235_D11" time="18723.50" state="stay" vehID="Car_10605" speed="2.90" length="5.00" type="DEFAULT_CAR"/>
    <instantOut id="235_D11" time="18723.75" state="stay" vehID="Car_10605" speed="2.26" length="5.00" type="DEFAULT_CAR"/>
    <instantOut id="235_D11" time="18724.00" state="stay" vehID="Car_10605" speed="1.51" length="5.00" type="DEFAULT_CAR"/>
    <instantOut id="235_D11" time="18724.25" state="stay" vehID="Car_10605" speed="0.83" length="5.00" type="DEFAULT_CAR"/>
    <instantOut id="235_D11" time="18724.50" state="stay" vehID="Car_10605" speed="0.08" length="5.00" type="DEFAULT_CAR"/>
    <instantOut id="235_D11" time="18724.75" state="stay" vehID="Car_10605" speed="0.01" length="5.00" type="DEFAULT_CAR"/>
    <instantOut id="235_D11" time="18725.00" state="stay" vehID="Car_10605" speed="0.00" length="5.00" type="DEFAULT_CAR"/>
    <instantOut id="235_D11" time="18725.25" state="stay" vehID="Car_10605" speed="0.00" length="5.00" type="DEFAULT_CAR"/>
    <instantOut id="235_D11" time="18725.50" state="stay" vehID="Car_10605" speed="0.00" length="5.00" type="DEFAULT_CAR"/>
    <instantOut id="235_D11" time="18725.75" state="stay" vehID="Car_10605" speed="0.00" length="5.00" type="DEFAULT_CAR"/>
    <instantOut id="235_D11" time="18726.00" state="stay" vehID="Car_10605" speed="0.00" length="5.00" type="DEFAULT_CAR"/>
    <instantOut id="235_D11" time="18726.25" state="stay" vehID="Car_10605" speed="0.00" length="5.00" type="DEFAULT_CAR"/>
    <instantOut id="235_D11" time="18726.50" state="stay" vehID="Car_10605" speed="0.00" length="5.00" type="DEFAULT_CAR"/>
    <instantOut id="235_D11" time="18726.75" state="stay" vehID="Car_10605" speed="0.00" length="5.00" type="DEFAULT_CAR"/>
    <instantOut id="235_D11" time="18727.00" state="stay" vehID="Car_10605" speed="0.00" length="5.00" type="DEFAULT_CAR"/>
    <instantOut id="235_D11" time="18727.25" state="stay" vehID="Car_10605" speed="0.00" length="5.00" type="DEFAULT_CAR"/>
    <instantOut id="235_D11" time="18727.50" state="stay" vehID="Car_10605" speed="0.00" length="5.00" type="DEFAULT_CAR"/>
    <instantOut id="235_D11" time="18727.75" state="stay" vehID="Car_10605" speed="0.00" length="5.00" type="DEFAULT_CAR"/>
    <instantOut id="235_D11" time="18728.00" state="stay" vehID="Car_10605" speed="0.00" length="5.00" type="DEFAULT_CAR"/>
    <instantOut id="235_D11" time="18728.25" state="stay" vehID="Car_10605" speed="0.00" length="5.00" type="DEFAULT_CAR"/>
    <instantOut id="235_D11" time="18728.50" state="stay" vehID="Car_10605" speed="0.00" length="5.00" type="DEFAULT_CAR"/>
    <instantOut id="235_D11" time="18728.75" state="stay" vehID="Car_10605" speed="0.00" length="5.00" type="DEFAULT_CAR"/>
    <instantOut id="235_D11" time="18729.00" state="stay" vehID="Car_10605" speed="0.00" length="5.00" type="DEFAULT_CAR"/>
    <instantOut id="235_D11" time="18729.25" state="stay" vehID="Car_10605" speed="0.00" length="5.00" type="DEFAULT_CAR"/>
    <instantOut id="235_D11" time="18729.50" state="stay" vehID="Car_10605" speed="0.00" length="5.00" type="DEFAULT_CAR"/>
    <instantOut id="235_D11" time="18729.75" state="stay" vehID="Car_10605" speed="0.00" length="5.00" type="DEFAULT_CAR"/>
    <instantOut id="235_D11" time="18730.00" state="stay" vehID="Car_10605" speed="0.00" length="5.00" type="DEFAULT_CAR"/>
    <instantOut id="235_D11" time="18730.25" state="stay" vehID="Car_10605" speed="0.00" length="5.00" type="DEFAULT_CAR"/>
    <instantOut id="235_D11" time="18730.50" state="stay" vehID="Car_10605" speed="0.00" length="5.00" type="DEFAULT_CAR"/>
    <instantOut id="235_D11" time="18730.75" state="stay" vehID="Car_10605" speed="0.00" length="5.00" type="DEFAULT_CAR"/>
    <instantOut id="235_D11" time="18731.00" state="stay" vehID="Car_10605" speed="0.00" length="5.00" type="DEFAULT_CAR"/>
    <instantOut id="235_D11" time="18731.25" state="stay" vehID="Car_10605" speed="0.00" length="5.00" type="DEFAULT_CAR"/>
    <instantOut id="235_D11" time="18731.50" state="stay" vehID="Car_10605" speed="0.00" length="5.00" type="DEFAULT_CAR"/>
    <instantOut id="235_D11" time="18731.75" state="stay" vehID="Car_10605" speed="0.88" length="5.00" type="DEFAULT_CAR"/>
    <instantOut id="235_D11" time="18732.00" state="stay" vehID="Car_10605" speed="1.64" length="5.00" type="DEFAULT_CAR"/>
    <instantOut id="235_D11" time="18732.25" state="stay" vehID="Car_10605" speed="2.30" length="5.00" type="DEFAULT_CAR"/>
    <instantOut id="235_D11" time="18732.50" state="stay" vehID="Car_10605" speed="2.97" length="5.00" type="DEFAULT_CAR"/>
    <instantOut id="235_D11" time="18732.52" state="leave" vehID="Car_10605" speed="3.45" length="5.00" type="DEFAULT_CAR" occupancy="9.56"/>
    <instantOut id="235_D11" time="18803.98" state="enter" vehID="Car_10581" speed="4.28" length="5.00" type="DEFAULT_CAR" gap="71.45"/>
    <instantOut id="235_D11" time="18804.00" state="stay" vehID="Car_10581" speed="4.28" length="5.00" type="DEFAULT_CAR"/>
    <instantOut id="235_D11" time="18804.25" state="stay" vehID="Car_10581" speed="3.76" length="5.00" type="DEFAULT_CAR"/>
    <instantOut id="235_D11" time="18804.50" state="stay" vehID="Car_10581" speed="3.01" length="5.00" type="DEFAULT_CAR"/>
    <instantOut id="235_D11" time="18804.75" state="stay" vehID="Car_10581" speed="2.26" length="5.00" type="DEFAULT_CAR"/>
    <instantOut id="235_D11" time="18805.00" state="stay" vehID="Car_10581" speed="1.51" length="5.00" type="DEFAULT_CAR"/>
    <instantOut id="235_D11" time="18805.25" state="stay" vehID="Car_10581" speed="0.79" length="5.00" type="DEFAULT_CAR"/>
    <instantOut id="235_D11" time="18805.50" state="stay" vehID="Car_10581" speed="0.15" length="5.00" type="DEFAULT_CAR"/>
    <instantOut id="235_D11" time="18805.75" state="stay" vehID="Car_10581" speed="0.01" length="5.00" type="DEFAULT_CAR"/>
    <instantOut id="235_D11" time="18806.00" state="stay" vehID="Car_10581" speed="0.00" length="5.00" type="DEFAULT_CAR"/>
    <instantOut id="235_D11" time="18806.25" state="stay" vehID="Car_10581" speed="0.30" length="5.00" type="DEFAULT_CAR"/>
    <instantOut id="235_D11" time="18806.50" state="stay" vehID="Car_10581" speed="0.00" length="5.00" type="DEFAULT_CAR"/>
    <instantOut id="235_D11" time="18806.75" state="stay" vehID="Car_10581" speed="0.00" length="5.00" type="DEFAULT_CAR"/>
    <instantOut id="235_D11" time="18807.00" state="stay" vehID="Car_10581" speed="0.88" length="5.00" type="DEFAULT_CAR"/>
    <instantOut id="235_D11" time="18807.25" state="stay" vehID="Car_10581" speed="1.71" length="5.00" type="DEFAULT_CAR"/>
    <instantOut id="235_D11" time="18807.50" state="stay" vehID="Car_10581" speed="2.60" length="5.00" type="DEFAULT_CAR"/>
    <instantOut id="235_D11" time="18807.70" state="leave" vehID="Car_10581" speed="3.23" length="5.00" type="DEFAULT_CAR" occupancy="3.73"/>
    <instantOut id="235_D11" time="18899.96" state="enter" vehID="Car_10626" speed="4.42" length="5.00" type="DEFAULT_CAR" gap="92.26"/>
    <instantOut id="235_D11" time="18900.00" state="stay" vehID="Car_10626" speed="4.42" length="5.00" type="DEFAULT_CAR"/>
    <instantOut id="235_D11" time="18900.25" state="stay" vehID="Car_10626" speed="3.67" length="5.00" type="DEFAULT_CAR"/>
    <instantOut id="235_D11" time="18900.50" state="stay" vehID="Car_10626" speed="3.67" length="5.00" type="DEFAULT_CAR"/>
    <instantOut id="235_D11" time="18900.75" state="stay" vehID="Car_10626" speed="3.67" length="5.00" type="DEFAULT_CAR"/>
    <instantOut id="235_D11" time="18901.00" state="stay" vehID="Car_10626" speed="3.30" length="5.00" type="DEFAULT_CAR"/>
    <instantOut id="235_D11" time="18901.25" state="stay" vehID="Car_10626" speed="2.91" length="5.00" type="DEFAULT_CAR"/>
    <instantOut id="235_D11" time="18901.45" state="leave" vehID="Car_10626" speed="2.67" length="5.00" type="DEFAULT_CAR" occupancy="1.48"/>
    <instantOut id="235_D11" time="18911.90" state="enter" vehID="Car_10580" speed="5.94" length="5.00" type="DEFAULT_CAR" gap="10.45"/>
    <instantOut id="235_D11" time="18912.00" state="stay" vehID="Car_10580" speed="5.94" length="5.00" type="DEFAULT_CAR"/>
    <instantOut id="235_D11" time="18912.25" state="stay" vehID="Car_10580" speed="6.89" length="5.00" type="DEFAULT_CAR"/>
    <instantOut id="235_D11" time="18912.50" state="stay" vehID="Car_10580" speed="7.41" length="5.00" type="DEFAULT_CAR"/>
    <instantOut id="235_D11" time="18912.60" state="leave" vehID="Car_10580" speed="8.32" length="5.00" type="DEFAULT_CAR" occupancy="0.70"/>
    <instantOut id="235_D11" time="19044.95" state="enter" vehID="Car_10579" speed="5.98" length="5.00" type="DEFAULT_CAR" gap="132.36"/>
    <instantOut id="235_D11" time="19045.00" state="stay" vehID="Car_10579" speed="5.98" length="5.00" type="DEFAULT_CAR"/>
    <instantOut id="235_D11" time="19045.25" state="stay" vehID="Car_10579" speed="6.93" length="5.00" type="DEFAULT_CAR"/>
    <instantOut id="235_D11" time="19045.50" state="stay" vehID="Car_10579" speed="6.18" length="5.00" type="DEFAULT_CAR"/>
    <instantOut id="235_D11" time="19045.73" state="leave" vehID="Car_10579" speed="6.41" length="5.00" type="DEFAULT_CAR" occupancy="0.77"/>
    <instantOut id="235_D11" time="21550.05" state="enter" vehID="Car_12323" speed="3.67" length="5.00" type="DEFAULT_CAR" gap="2504.32"/>
    <instantOut id="235_D11" time="21550.25" state="stay" vehID="Car_12323" speed="3.67" length="5.00" type="DEFAULT_CAR"/>
    <instantOut id="235_D11" time="21550.50" state="stay" vehID="Car_12323" speed="3.05" length="5.00" type="DEFAULT_CAR"/>
    <instantOut id="235_D11" time="21550.75" state="stay" vehID="Car_12323" speed="2.30" length="5.00" type="DEFAULT_CAR"/>
    <instantOut id="235_D11" time="21551.00" state="stay" vehID="Car_12323" speed="3.25" length="5.00" type="DEFAULT_CAR"/>
    <instantOut id="235_D11" time="21551.25" state="stay" vehID="Car_12323" speed="3.82" length="5.00" type="DEFAULT_CAR"/>
    <instantOut id="235_D11" time="21551.50" state="stay" vehID="Car_12323" speed="4.61" length="5.00" type="DEFAULT_CAR"/>
    <instantOut id="235_D11" time="21551.50" state="leave" vehID="Car_12323" speed="5.22" length="5.00" type="DEFAULT_CAR" occupancy="1.45"/>
    <instantOut id="235_D11" time="21814.94" state="enter" vehID="Car_12322" speed="6.14" length="5.00" type="DEFAULT_CAR" gap="263.44"/>
    <instantOut id="235_D11" time="21815.00" state="stay" vehID="Car_12322" speed="6.14" length="5.00" type="DEFAULT_CAR"/>
    <instantOut id="235_D11" time="21815.25" state="stay" vehID="Car_12322" speed="7.09" length="5.00" type="DEFAULT_CAR"/>
    <instantOut id="235_D11" time="21815.50" state="stay" vehID="Car_12322" speed="7.51" length="5.00" type="DEFAULT_CAR"/>
    <instantOut id="235_D11" time="21815.63" state="leave" vehID="Car_12322" speed="7.56" length="5.00" type="DEFAULT_CAR" occupancy="0.69"/>
    <instantOut id="235_D11" time="23127.99" state="enter" vehID="Car_13153" speed="4.35" length="5.00" type="DEFAULT_CAR" gap="1312.36"/>
    <instantOut id="235_D11" time="23128.00" state="stay" vehID="Car_13153" speed="4.35" length="5.00" type="DEFAULT_CAR"/>
    <instantOut id="235_D11" time="23128.25" state="stay" vehID="Car_13153" speed="3.60" length="5.00" type="DEFAULT_CAR"/>
    <instantOut id="235_D11" time="23128.50" state="stay" vehID="Car_13153" speed="2.85" length="5.00" type="DEFAULT_CAR"/>
    <instantOut id="235_D11" time="23128.75" state="stay" vehID="Car_13153" speed="2.28" length="5.00" type="DEFAULT_CAR"/>
    <instantOut id="235_D11" time="23129.00" state="stay" vehID="Car_13153" speed="1.69" length="5.00" type="DEFAULT_CAR"/>
    <instantOut id="235_D11" time="23129.25" state="stay" vehID="Car_13153" speed="0.94" length="5.00" type="DEFAULT_CAR"/>
    <instantOut id="235_D11" time="23129.50" state="stay" vehID="Car_13153" speed="0.36" length="5.00" type="DEFAULT_CAR"/>
    <instantOut id="235_D11" time="23129.75" state="stay" vehID="Car_13153" speed="0.02" length="5.00" type="DEFAULT_CAR"/>
    <instantOut id="235_D11" time="23130.00" state="stay" vehID="Car_13153" speed="0.00" length="5.00" type="DEFAULT_CAR"/>
    <instantOut id="235_D11" time="23130.25" state="stay" vehID="Car_13153" speed="0.00" length="5.00" type="DEFAULT_CAR"/>
    <instantOut id="235_D11" time="23130.50" state="stay" vehID="Car_13153" speed="0.00" length="5.00" type="DEFAULT_CAR"/>
    <instantOut id="235_D11" time="23130.75" state="stay" vehID="Car_13153" speed="0.00" length="5.00" type="DEFAULT_CAR"/>
    <instantOut id="235_D11" time="23131.00" state="stay" vehID="Car_13153" speed="0.00" length="5.00" type="DEFAULT_CAR"/>
    <instantOut id="235_D11" time="23131.25" state="stay" vehID="Car_13153" speed="0.00" length="5.00" type="DEFAULT_CAR"/>
    <instantOut id="235_D11" time="23131.50" state="stay" vehID="Car_13153" speed="0.00" length="5.00" type="DEFAULT_CAR"/>
    <instantOut id="235_D11" time="23131.75" state="stay" vehID="Car_13153" speed="0.00" length="5.00" type="DEFAULT_CAR"/>
    <instantOut id="235_D11" time="23132.00" state="stay" vehID="Car_13153" speed="0.00" length="5.00" type="DEFAULT_CAR"/>
    <instantOut id="235_D11" time="23132.25" state="stay" vehID="Car_13153" speed="0.00" length="5.00" type="DEFAULT_CAR"/>
    <instantOut id="235_D11" time="23132.50" state="stay" vehID="Car_13153" speed="0.00" length="5.00" type="DEFAULT_CAR"/>
    <instantOut id="235_D11" time="23132.75" state="stay" vehID="Car_13153" speed="0.00" length="5.00" type="DEFAULT_CAR"/>
    <instantOut id="235_D11" time="23133.00" state="stay" vehID="Car_13153" speed="0.00" length="5.00" type="DEFAULT_CAR"/>
    <instantOut id="235_D11" time="23133.25" state="stay" vehID="Car_13153" speed="0.00" length="5.00" type="DEFAULT_CAR"/>
    <instantOut id="235_D11" time="23133.50" state="stay" vehID="Car_13153" speed="0.00" length="5.00" type="DEFAULT_CAR"/>
    <instantOut id="235_D11" time="23133.75" state="stay" vehID="Car_13153" speed="0.35" length="5.00" type="DEFAULT_CAR"/>
    <instantOut id="235_D11" time="23134.00" state="stay" vehID="Car_13153" speed="0.54" length="5.00" type="DEFAULT_CAR"/>
    <instantOut id="235_D11" time="23134.25" state="stay" vehID="Car_13153" speed="0.74" length="5.00" type="DEFAULT_CAR"/>
    <instantOut id="235_D11" time="23134.50" state="stay" vehID="Car_13153" speed="0.92" length="5.00" type="DEFAULT_CAR"/>
    <instantOut id="235_D11" time="23134.75" state="stay" vehID="Car_13153" speed="1.08" length="5.00" type="DEFAULT_CAR"/>
    <instantOut id="235_D11" time="23135.00" state="stay" vehID="Car_13153" speed="1.24" length="5.00" type="DEFAULT_CAR"/>
    <instantOut id="235_D11" time="23135.25" state="stay" vehID="Car_13153" speed="1.64" length="5.00" type="DEFAULT_CAR"/>
    <instantOut id="235_D11" time="23135.45" state="leave" vehID="Car_13153" speed="1.96" length="5.00" type="DEFAULT_CAR" occupancy="7.46"/>
    <instantOut id="235_D11" time="23239.93" state="enter" vehID="Car_13162" speed="6.07" length="5.00" type="DEFAULT_CAR" gap="104.48"/>
    <instantOut id="235_D11" time="23240.00" state="stay" vehID="Car_13162" speed="6.07" length="5.00" type="DEFAULT_CAR"/>
    <instantOut id="235_D11" time="23240.25" state="stay" vehID="Car_13162" speed="7.02" length="5.00" type="DEFAULT_CAR"/>
    <instantOut id="235_D11" time="23240.50" state="stay" vehID="Car_13162" speed="6.27" length="5.00" type="DEFAULT_CAR"/>
    <instantOut id="235_D11" time="23240.69" state="leave" vehID="Car_13162" speed="6.58" length="5.00" type="DEFAULT_CAR" occupancy="0.76"/>
    <instantOut id="235_D11" time="24155.85" state="enter" vehID="Car_14124" speed="5.95" length="5.00" type="DEFAULT_CAR" gap="915.16"/>
    <instantOut id="235_D11" time="24156.00" state="stay" vehID="Car_14124" speed="5.95" length="5.00" type="DEFAULT_CAR"/>
    <instantOut id="235_D11" time="24156.25" state="stay" vehID="Car_14124" speed="6.90" length="5.00" type="DEFAULT_CAR"/>
    <instantOut id="235_D11" time="24156.50" state="stay" vehID="Car_14124" speed="7.42" length="5.00" type="DEFAULT_CAR"/>
    <instantOut id="235_D11" time="24156.57" state="leave" vehID="Car_14124" speed="7.96" length="5.00" type="DEFAULT_CAR" occupancy="0.72"/>
    <instantOut id="235_D11" time="25650.02" state="enter" vehID="Car_14123" speed="3.89" length="5.00" type="DEFAULT_CAR" gap="1493.45"/>
    <instantOut id="235_D11" time="25650.25" state="stay" vehID="Car_14123" speed="3.89" length="5.00" type="DEFAULT_CAR"/>
    <instantOut id="235_D11" time="25650.50" state="stay" vehID="Car_14123" speed="3.14" length="5.00" type="DEFAULT_CAR"/>
    <instantOut id="235_D11" time="25650.75" state="stay" vehID="Car_14123" speed="2.39" length="5.00" type="DEFAULT_CAR"/>
    <instantOut id="235_D11" time="25651.00" state="stay" vehID="Car_14123" speed="1.64" length="5.00" type="DEFAULT_CAR"/>
    <instantOut id="235_D11" time="25651.25" state="stay" vehID="Car_14123" speed="0.89" length="5.00" type="DEFAULT_CAR"/>
    <instantOut id="235_D11" time="25651.50" state="stay" vehID="Car_14123" speed="0.25" length="5.00" type="DEFAULT_CAR"/>
    <instantOut id="235_D11" time="25651.75" state="stay" vehID="Car_14123" speed="0.00" length="5.00" type="DEFAULT_CAR"/>
    <instantOut id="235_D11" time="25652.00" state="stay" vehID="Car_14123" speed="0.00" length="5.00" type="DEFAULT_CAR"/>
    <instantOut id="235_D11" time="25652.25" state="stay" vehID="Car_14123" speed="0.00" length="5.00" type="DEFAULT_CAR"/>
    <instantOut id="235_D11" time="25652.50" state="stay" vehID="Car_14123" speed="0.00" length="5.00" type="DEFAULT_CAR"/>
    <instantOut id="235_D11" time="25652.75" state="stay" vehID="Car_14123" speed="0.00" length="5.00" type="DEFAULT_CAR"/>
    <instantOut id="235_D11" time="25653.00" state="stay" vehID="Car_14123" speed="0.00" length="5.00" type="DEFAULT_CAR"/>
    <instantOut id="235_D11" time="25653.25" state="stay" vehID="Car_14123" speed="0.00" length="5.00" type="DEFAULT_CAR"/>
    <instantOut id="235_D11" time="25653.50" state="stay" vehID="Car_14123" speed="0.00" length="5.00" type="DEFAULT_CAR"/>
    <instantOut id="235_D11" time="25653.75" state="stay" vehID="Car_14123" speed="0.00" length="5.00" type="DEFAULT_CAR"/>
    <instantOut id="235_D11" time="25654.00" state="stay" vehID="Car_14123" speed="0.00" length="5.00" type="DEFAULT_CAR"/>
    <instantOut id="235_D11" time="25654.25" state="stay" vehID="Car_14123" speed="0.00" length="5.00" type="DEFAULT_CAR"/>
    <instantOut id="235_D11" time="25654.50" state="stay" vehID="Car_14123" speed="0.00" length="5.00" type="DEFAULT_CAR"/>
    <instantOut id="235_D11" time="25654.75" state="stay" vehID="Car_14123" speed="0.00" length="5.00" type="DEFAULT_CAR"/>
    <instantOut id="235_D11" time="25655.00" state="stay" vehID="Car_14123" speed="0.00" length="5.00" type="DEFAULT_CAR"/>
    <instantOut id="235_D11" time="25655.25" state="stay" vehID="Car_14123" speed="0.00" length="5.00" type="DEFAULT_CAR"/>
    <instantOut id="235_D11" time="25655.50" state="stay" vehID="Car_14123" speed="0.00" length="5.00" type="DEFAULT_CAR"/>
    <instantOut id="235_D11" time="25655.75" state="stay" vehID="Car_14123" speed="0.00" length="5.00" type="DEFAULT_CAR"/>
    <instantOut id="235_D11" time="25656.00" state="stay" vehID="Car_14123" speed="0.00" length="5.00" type="DEFAULT_CAR"/>
    <instantOut id="235_D11" time="25656.25" state="stay" vehID="Car_14123" speed="0.00" length="5.00" type="DEFAULT_CAR"/>
    <instantOut id="235_D11" time="25656.50" state="stay" vehID="Car_14123" speed="0.00" length="5.00" type="DEFAULT_CAR"/>
    <instantOut id="235_D11" time="25656.75" state="stay" vehID="Car_14123" speed="0.00" length="5.00" type="DEFAULT_CAR"/>
    <instantOut id="235_D11" time="25657.00" state="stay" vehID="Car_14123" speed="0.00" length="5.00" type="DEFAULT_CAR"/>
    <instantOut id="235_D11" time="25657.25" state="stay" vehID="Car_14123" speed="0.00" length="5.00" type="DEFAULT_CAR"/>
    <instantOut id="235_D11" time="25657.50" state="stay" vehID="Car_14123" speed="0.00" length="5.00" type="DEFAULT_CAR"/>
    <instantOut id="235_D11" time="25657.75" state="stay" vehID="Car_14123" speed="0.00" length="5.00" type="DEFAULT_CAR"/>
    <instantOut id="235_D11" time="25658.00" state="stay" vehID="Car_14123" speed="0.00" length="5.00" type="DEFAULT_CAR"/>
    <instantOut id="235_D11" time="25658.25" state="stay" vehID="Car_14123" speed="0.00" length="5.00" type="DEFAULT_CAR"/>
    <instantOut id="235_D11" time="25658.50" state="stay" vehID="Car_14123" speed="0.00" length="5.00" type="DEFAULT_CAR"/>
    <instantOut id="235_D11" time="25658.75" state="stay" vehID="Car_14123" speed="0.00" length="5.00" type="DEFAULT_CAR"/>
    <instantOut id="235_D11" time="25659.00" state="stay" vehID="Car_14123" speed="0.00" length="5.00" type="DEFAULT_CAR"/>
    <instantOut id="235_D11" time="25659.25" state="stay" vehID="Car_14123" speed="0.00" length="5.00" type="DEFAULT_CAR"/>
    <instantOut id="235_D11" time="25659.50" state="stay" vehID="Car_14123" speed="0.00" length="5.00" type="DEFAULT_CAR"/>
    <instantOut id="235_D11" time="25659.75" state="stay" vehID="Car_14123" speed="0.00" length="5.00" type="DEFAULT_CAR"/>
    <instantOut id="235_D11" time="25660.00" state="stay" vehID="Car_14123" speed="0.00" length="5.00" type="DEFAULT_CAR"/>
    <instantOut id="235_D11" time="25660.25" state="stay" vehID="Car_14123" speed="0.00" length="5.00" type="DEFAULT_CAR"/>
    <instantOut id="235_D11" time="25660.50" state="stay" vehID="Car_14123" speed="0.00" length="5.00" type="DEFAULT_CAR"/>
    <instantOut id="235_D11" time="25660.75" state="stay" vehID="Car_14123" speed="0.00" length="5.00" type="DEFAULT_CAR"/>
    <instantOut id="235_D11" time="25661.00" state="stay" vehID="Car_14123" speed="0.00" length="5.00" type="DEFAULT_CAR"/>
    <instantOut id="235_D11" time="25661.25" state="stay" vehID="Car_14123" speed="0.00" length="5.00" type="DEFAULT_CAR"/>
    <instantOut id="235_D11" time="25661.50" state="stay" vehID="Car_14123" speed="0.00" length="5.00" type="DEFAULT_CAR"/>
    <instantOut id="235_D11" time="25661.75" state="stay" vehID="Car_14123" speed="0.00" length="5.00" type="DEFAULT_CAR"/>
    <instantOut id="235_D11" time="25662.00" state="stay" vehID="Car_14123" speed="0.00" length="5.00" type="DEFAULT_CAR"/>
    <instantOut id="235_D11" time="25662.25" state="stay" vehID="Car_14123" speed="0.00" length="5.00" type="DEFAULT_CAR"/>
    <instantOut id="235_D11" time="25662.50" state="stay" vehID="Car_14123" speed="0.00" length="5.00" type="DEFAULT_CAR"/>
    <instantOut id="235_D11" time="25662.75" state="stay" vehID="Car_14123" speed="0.00" length="5.00" type="DEFAULT_CAR"/>
    <instantOut id="235_D11" time="25663.00" state="stay" vehID="Car_14123" speed="0.89" length="5.00" type="DEFAULT_CAR"/>
    <instantOut id="235_D11" time="25663.25" state="stay" vehID="Car_14123" speed="1.77" length="5.00" type="DEFAULT_CAR"/>
    <instantOut id="235_D11" time="25663.50" state="stay" vehID="Car_14123" speed="2.52" length="5.00" type="DEFAULT_CAR"/>
    <instantOut id="235_D11" time="25663.74" state="leave" vehID="Car_14123" speed="3.04" length="5.00" type="DEFAULT_CAR" occupancy="13.72"/>
    <instantOut id="235_D11" time="26996.90" state="enter" vehID="Car_16043" speed="3.74" length="5.00" type="DEFAULT_CAR" gap="1333.16"/>
    <instantOut id="235_D11" time="26997.00" state="stay" vehID="Car_16043" speed="3.74" length="5.00" type="DEFAULT_CAR"/>
    <instantOut id="235_D11" time="26997.25" state="stay" vehID="Car_16043" speed="3.74" length="5.00" type="DEFAULT_CAR"/>
    <instantOut id="235_D11" time="26997.50" state="stay" vehID="Car_16043" speed="3.74" length="5.00" type="DEFAULT_CAR"/>
    <instantOut id="235_D11" time="26997.75" state="stay" vehID="Car_16043" speed="3.20" length="5.00" type="DEFAULT_CAR"/>
    <instantOut id="235_D11" time="26998.00" state="stay" vehID="Car_16043" speed="2.45" length="5.00" type="DEFAULT_CAR"/>
    <instantOut id="235_D11" time="26998.25" state="stay" vehID="Car_16043" speed="2.43" length="5.00" type="DEFAULT_CAR"/>
    <instantOut id="235_D11" time="26998.50" state="stay" vehID="Car_16043" speed="2.38" length="5.00" type="DEFAULT_CAR"/>
    <instantOut id="235_D11" time="26998.56" state="leave" vehID="Car_16043" speed="2.27" length="5.00" type="DEFAULT_CAR" occupancy="1.66"/>
    <instantOut id="235_D11" time="27040.99" state="enter" vehID="Car_16044" speed="4.51" length="5.00" type="DEFAULT_CAR" gap="42.42"/>
    <instantOut id="235_D11" time="27041.00" state="stay" vehID="Car_16044" speed="4.51" length="5.00" type="DEFAULT_CAR"/>
    <instantOut id="235_D11" time="27041.25" state="stay" vehID="Car_16044" speed="3.76" length="5.00" type="DEFAULT_CAR"/>
    <instantOut id="235_D11" time="27041.50" state="stay" vehID="Car_16044" speed="3.02" length="5.00" type="DEFAULT_CAR"/>
    <instantOut id="235_D11" time="27041.75" state="stay" vehID="Car_16044" speed="2.27" length="5.00" type="DEFAULT_CAR"/>
    <instantOut id="235_D11" time="27042.00" state="stay" vehID="Car_16044" speed="1.56" length="5.00" type="DEFAULT_CAR"/>
    <instantOut id="235_D11" time="27042.25" state="stay" vehID="Car_16044" speed="0.86" length="5.00" type="DEFAULT_CAR"/>
    <instantOut id="235_D11" time="27042.50" state="stay" vehID="Car_16044" speed="0.24" length="5.00" type="DEFAULT_CAR"/>
    <instantOut id="235_D11" time="27042.75" state="stay" vehID="Car_16044" speed="0.00" length="5.00" type="DEFAULT_CAR"/>
    <instantOut id="235_D11" time="27043.00" state="stay" vehID="Car_16044" speed="0.00" length="5.00" type="DEFAULT_CAR"/>
    <instantOut id="235_D11" time="27043.25" state="stay" vehID="Car_16044" speed="0.00" length="5.00" type="DEFAULT_CAR"/>
    <instantOut id="235_D11" time="27043.50" state="stay" vehID="Car_16044" speed="0.00" length="5.00" type="DEFAULT_CAR"/>
    <instantOut id="235_D11" time="27043.75" state="stay" vehID="Car_16044" speed="0.00" length="5.00" type="DEFAULT_CAR"/>
    <instantOut id="235_D11" time="27044.00" state="stay" vehID="Car_16044" speed="0.00" length="5.00" type="DEFAULT_CAR"/>
    <instantOut id="235_D11" time="27044.25" state="stay" vehID="Car_16044" speed="0.00" length="5.00" type="DEFAULT_CAR"/>
    <instantOut id="235_D11" time="27044.50" state="stay" vehID="Car_16044" speed="0.00" length="5.00" type="DEFAULT_CAR"/>
    <instantOut id="235_D11" time="27044.75" state="stay" vehID="Car_16044" speed="0.00" length="5.00" type="DEFAULT_CAR"/>
    <instantOut id="235_D11" time="27045.00" state="stay" vehID="Car_16044" speed="0.00" length="5.00" type="DEFAULT_CAR"/>
    <instantOut id="235_D11" time="27045.25" state="stay" vehID="Car_16044" speed="0.00" length="5.00" type="DEFAULT_CAR"/>
    <instantOut id="235_D11" time="27045.50" state="stay" vehID="Car_16044" speed="0.00" length="5.00" type="DEFAULT_CAR"/>
    <instantOut id="235_D11" time="27045.75" state="stay" vehID="Car_16044" speed="0.00" length="5.00" type="DEFAULT_CAR"/>
    <instantOut id="235_D11" time="27046.00" state="stay" vehID="Car_16044" speed="0.00" length="5.00" type="DEFAULT_CAR"/>
    <instantOut id="235_D11" time="27046.25" state="stay" vehID="Car_16044" speed="0.00" length="5.00" type="DEFAULT_CAR"/>
    <instantOut id="235_D11" time="27046.50" state="stay" vehID="Car_16044" speed="0.00" length="5.00" type="DEFAULT_CAR"/>
    <instantOut id="235_D11" time="27046.75" state="stay" vehID="Car_16044" speed="0.00" length="5.00" type="DEFAULT_CAR"/>
    <instantOut id="235_D11" time="27047.00" state="stay" vehID="Car_16044" speed="0.84" length="5.00" type="DEFAULT_CAR"/>
    <instantOut id="235_D11" time="27047.25" state="stay" vehID="Car_16044" speed="1.74" length="5.00" type="DEFAULT_CAR"/>
    <instantOut id="235_D11" time="27047.50" state="stay" vehID="Car_16044" speed="2.66" length="5.00" type="DEFAULT_CAR"/>
    <instantOut id="235_D11" time="27047.70" state="leave" vehID="Car_16044" speed="3.57" length="5.00" type="DEFAULT_CAR" occupancy="6.71"/>
    <instantOut id="235_D11" time="29239.02" state="enter" vehID="Car_16658" speed="3.79" length="5.00" type="DEFAULT_CAR" gap="2191.32"/>
    <instantOut id="235_D11" time="29239.25" state="stay" vehID="Car_16658" speed="3.79" length="5.00" type="DEFAULT_CAR"/>
    <instantOut id="235_D11" time="29239.50" state="stay" vehID="Car_16658" speed="3.17" length="5.00" type="DEFAULT_CAR"/>
    <instantOut id="235_D11" time="29239.75" state="stay" vehID="Car_16658" speed="2.42" length="5.00" type="DEFAULT_CAR"/>
    <instantOut id="235_D11" time="29240.00" state="stay" vehID="Car_16658" speed="3.37" length="5.00" type="DEFAULT_CAR"/>
    <instantOut id="235_D11" time="29240.25" state="stay" vehID="Car_16658" speed="3.91" length="5.00" type="DEFAULT_CAR"/>
    <instantOut id="235_D11" time="29240.45" state="leave" vehID="Car_16658" speed="4.46" length="5.00" type="DEFAULT_CAR" occupancy="1.43"/>
    <instantOut id="235_D11" time="32253.93" state="enter" vehID="Car_19662" speed="6.14" length="5.00" type="DEFAULT_CAR" gap="3013.48"/>
    <instantOut id="235_D11" time="32254.00" state="stay" vehID="Car_19662" speed="6.14" length="5.00" type="DEFAULT_CAR"/>
    <instantOut id="235_D11" time="32254.25" state="stay" vehID="Car_19662" speed="7.09" length="5.00" type="DEFAULT_CAR"/>
    <instantOut id="235_D11" time="32254.50" state="stay" vehID="Car_19662" speed="6.34" length="5.00" type="DEFAULT_CAR"/>
    <instantOut id="235_D11" time="32254.70" state="leave" vehID="Car_19662" speed="6.06" length="5.00" type="DEFAULT_CAR" occupancy="0.77"/>
    <instantOut id="235_D11" time="32986.96" state="enter" vehID="Car_19670" speed="6.11" length="5.00" type="DEFAULT_CAR" gap="732.25"/>
    <instantOut id="235_D11" time="32987.00" state="stay" vehID="Car_19670" speed="6.11" length="5.00" type="DEFAULT_CAR"/>
    <instantOut id="235_D11" time="32987.25" state="stay" vehID="Car_19670" speed="5.71" length="5.00" type="DEFAULT_CAR"/>
    <instantOut id="235_D11" time="32987.50" state="stay" vehID="Car_19670" speed="4.96" length="5.00" type="DEFAULT_CAR"/>
    <instantOut id="235_D11" time="32987.75" state="stay" vehID="Car_19670" speed="4.21" length="5.00" type="DEFAULT_CAR"/>
    <instantOut id="235_D11" time="32988.00" state="leave" vehID="Car_19670" speed="4.08" length="5.00" type="DEFAULT_CAR" occupancy="1.04"/>
    <instantOut id="235_D11" time="33215.87" state="enter" vehID="Car_19856" speed="6.00" length="5.00" type="DEFAULT_CAR" gap="227.88"/>
    <instantOut id="235_D11" time="33216.00" state="stay" vehID="Car_19856" speed="6.00" length="5.00" type="DEFAULT_CAR"/>
    <instantOut id="235_D11" time="33216.25" state="stay" vehID="Car_19856" speed="6.95" length="5.00" type="DEFAULT_CAR"/>
    <instantOut id="235_D11" time="33216.50" state="stay" vehID="Car_19856" speed="7.65" length="5.00" type="DEFAULT_CAR"/>
    <instantOut id="235_D11" time="33216.57" state="leave" vehID="Car_19856" speed="8.30" length="5.00" type="DEFAULT_CAR" occupancy="0.70"/>
    <instantOut id="235_D11" time="33324.05" state="enter" vehID="Car_19857" speed="3.92" length="5.00" type="DEFAULT_CAR" gap="107.47"/>
    <instantOut id="235_D11" time="33324.25" state="stay" vehID="Car_19857" speed="3.92" length="5.00" type="DEFAULT_CAR"/>
    <instantOut id="235_D11" time="33324.50" state="stay" vehID="Car_19857" speed="3.17" length="5.00" type="DEFAULT_CAR"/>
    <instantOut id="235_D11" time="33324.75" state="stay" vehID="Car_19857" speed="2.42" length="5.00" type="DEFAULT_CAR"/>
    <instantOut id="235_D11" time="33325.00" state="stay" vehID="Car_19857" speed="1.68" length="5.00" type="DEFAULT_CAR"/>
    <instantOut id="235_D11" time="33325.25" state="stay" vehID="Car_19857" speed="1.06" length="5.00" type="DEFAULT_CAR"/>
    <instantOut id="235_D11" time="33325.50" state="stay" vehID="Car_19857" speed="0.38" length="5.00" type="DEFAULT_CAR"/>
    <instantOut id="235_D11" time="33325.75" state="stay" vehID="Car_19857" speed="0.02" length="5.00" type="DEFAULT_CAR"/>
    <instantOut id="235_D11" time="33326.00" state="stay" vehID="Car_19857" speed="0.00" length="5.00" type="DEFAULT_CAR"/>
    <instantOut id="235_D11" time="33326.25" state="stay" vehID="Car_19857" speed="0.00" length="5.00" type="DEFAULT_CAR"/>
    <instantOut id="235_D11" time="33326.50" state="stay" vehID="Car_19857" speed="0.00" length="5.00" type="DEFAULT_CAR"/>
    <instantOut id="235_D11" time="33326.75" state="stay" vehID="Car_19857" speed="0.00" length="5.00" type="DEFAULT_CAR"/>
    <instantOut id="235_D11" time="33327.00" state="stay" vehID="Car_19857" speed="0.00" length="5.00" type="DEFAULT_CAR"/>
    <instantOut id="235_D11" time="33327.25" state="stay" vehID="Car_19857" speed="0.00" length="5.00" type="DEFAULT_CAR"/>
    <instantOut id="235_D11" time="33327.50" state="stay" vehID="Car_19857" speed="0.00" length="5.00" type="DEFAULT_CAR"/>
    <instantOut id="235_D11" time="33327.75" state="stay" vehID="Car_19857" speed="0.00" length="5.00" type="DEFAULT_CAR"/>
    <instantOut id="235_D11" time="33328.00" state="stay" vehID="Car_19857" speed="0.00" length="5.00" type="DEFAULT_CAR"/>
    <instantOut id="235_D11" time="33328.25" state="stay" vehID="Car_19857" speed="0.00" length="5.00" type="DEFAULT_CAR"/>
    <instantOut id="235_D11" time="33328.50" state="stay" vehID="Car_19857" speed="0.00" length="5.00" type="DEFAULT_CAR"/>
    <instantOut id="235_D11" time="33328.75" state="stay" vehID="Car_19857" speed="0.00" length="5.00" type="DEFAULT_CAR"/>
    <instantOut id="235_D11" time="33329.00" state="stay" vehID="Car_19857" speed="0.00" length="5.00" type="DEFAULT_CAR"/>
    <instantOut id="235_D11" time="33329.25" state="stay" vehID="Car_19857" speed="0.00" length="5.00" type="DEFAULT_CAR"/>
    <instantOut id="235_D11" time="33329.50" state="stay" vehID="Car_19857" speed="0.00" length="5.00" type="DEFAULT_CAR"/>
    <instantOut id="235_D11" time="33329.75" state="stay" vehID="Car_19857" speed="0.00" length="5.00" type="DEFAULT_CAR"/>
    <instantOut id="235_D11" time="33330.00" state="stay" vehID="Car_19857" speed="0.00" length="5.00" type="DEFAULT_CAR"/>
    <instantOut id="235_D11" time="33330.25" state="stay" vehID="Car_19857" speed="0.00" length="5.00" type="DEFAULT_CAR"/>
    <instantOut id="235_D11" time="33330.50" state="stay" vehID="Car_19857" speed="0.00" length="5.00" type="DEFAULT_CAR"/>
    <instantOut id="235_D11" time="33330.75" state="stay" vehID="Car_19857" speed="0.00" length="5.00" type="DEFAULT_CAR"/>
    <instantOut id="235_D11" time="33331.00" state="stay" vehID="Car_19857" speed="0.00" length="5.00" type="DEFAULT_CAR"/>
    <instantOut id="235_D11" time="33331.25" state="stay" vehID="Car_19857" speed="0.00" length="5.00" type="DEFAULT_CAR"/>
    <instantOut id="235_D11" time="33331.50" state="stay" vehID="Car_19857" speed="0.00" length="5.00" type="DEFAULT_CAR"/>
    <instantOut id="235_D11" time="33331.75" state="stay" vehID="Car_19857" speed="0.00" length="5.00" type="DEFAULT_CAR"/>
    <instantOut id="235_D11" time="33332.00" state="stay" vehID="Car_19857" speed="0.00" length="5.00" type="DEFAULT_CAR"/>
    <instantOut id="235_D11" time="33332.25" state="stay" vehID="Car_19857" speed="0.00" length="5.00" type="DEFAULT_CAR"/>
    <instantOut id="235_D11" time="33332.50" state="stay" vehID="Car_19857" speed="0.00" length="5.00" type="DEFAULT_CAR"/>
    <instantOut id="235_D11" time="33332.75" state="stay" vehID="Car_19857" speed="0.00" length="5.00" type="DEFAULT_CAR"/>
    <instantOut id="235_D11" time="33333.00" state="stay" vehID="Car_19857" speed="0.00" length="5.00" type="DEFAULT_CAR"/>
    <instantOut id="235_D11" time="33333.25" state="stay" vehID="Car_19857" speed="0.00" length="5.00" type="DEFAULT_CAR"/>
    <instantOut id="235_D11" time="33333.50" state="stay" vehID="Car_19857" speed="0.00" length="5.00" type="DEFAULT_CAR"/>
    <instantOut id="235_D11" time="33333.75" state="stay" vehID="Car_19857" speed="0.00" length="5.00" type="DEFAULT_CAR"/>
    <instantOut id="235_D11" time="33334.00" state="stay" vehID="Car_19857" speed="0.00" length="5.00" type="DEFAULT_CAR"/>
    <instantOut id="235_D11" time="33334.25" state="stay" vehID="Car_19857" speed="0.00" length="5.00" type="DEFAULT_CAR"/>
    <instantOut id="235_D11" time="33334.50" state="stay" vehID="Car_19857" speed="0.00" length="5.00" type="DEFAULT_CAR"/>
    <instantOut id="235_D11" time="33334.75" state="stay" vehID="Car_19857" speed="0.00" length="5.00" type="DEFAULT_CAR"/>
    <instantOut id="235_D11" time="33335.00" state="stay" vehID="Car_19857" speed="0.00" length="5.00" type="DEFAULT_CAR"/>
    <instantOut id="235_D11" time="33335.25" state="stay" vehID="Car_19857" speed="0.00" length="5.00" type="DEFAULT_CAR"/>
    <instantOut id="235_D11" time="33335.50" state="stay" vehID="Car_19857" speed="0.00" length="5.00" type="DEFAULT_CAR"/>
    <instantOut id="235_D11" time="33335.75" state="stay" vehID="Car_19857" speed="0.00" length="5.00" type="DEFAULT_CAR"/>
    <instantOut id="235_D11" time="33336.00" state="stay" vehID="Car_19857" speed="0.00" length="5.00" type="DEFAULT_CAR"/>
    <instantOut id="235_D11" time="33336.25" state="stay" vehID="Car_19857" speed="0.00" length="5.00" type="DEFAULT_CAR"/>
    <instantOut id="235_D11" time="33336.50" state="stay" vehID="Car_19857" speed="0.00" length="5.00" type="DEFAULT_CAR"/>
    <instantOut id="235_D11" time="33336.75" state="stay" vehID="Car_19857" speed="0.00" length="5.00" type="DEFAULT_CAR"/>
    <instantOut id="235_D11" time="33337.00" state="stay" vehID="Car_19857" speed="0.00" length="5.00" type="DEFAULT_CAR"/>
    <instantOut id="235_D11" time="33337.25" state="stay" vehID="Car_19857" speed="0.00" length="5.00" type="DEFAULT_CAR"/>
    <instantOut id="235_D11" time="33337.50" state="stay" vehID="Car_19857" speed="0.00" length="5.00" type="DEFAULT_CAR"/>
    <instantOut id="235_D11" time="33337.75" state="stay" vehID="Car_19857" speed="0.00" length="5.00" type="DEFAULT_CAR"/>
    <instantOut id="235_D11" time="33338.00" state="stay" vehID="Car_19857" speed="0.00" length="5.00" type="DEFAULT_CAR"/>
    <instantOut id="235_D11" time="33338.25" state="stay" vehID="Car_19857" speed="0.80" length="5.00" type="DEFAULT_CAR"/>
    <instantOut id="235_D11" time="33338.50" state="stay" vehID="Car_19857" speed="1.49" length="5.00" type="DEFAULT_CAR"/>
    <instantOut id="235_D11" time="33338.75" state="stay" vehID="Car_19857" speed="1.89" length="5.00" type="DEFAULT_CAR"/>
    <instantOut id="235_D11" time="33339.00" state="stay" vehID="Car_19857" speed="2.15" length="5.00" type="DEFAULT_CAR"/>
    <instantOut id="235_D11" time="33339.19" state="leave" vehID="Car_19857" speed="2.25" length="5.00" type="DEFAULT_CAR" occupancy="15.15"/>
    <instantOut id="235_D11" time="34043.91" state="enter" vehID="Car_19858" speed="6.10" length="5.00" type="DEFAULT_CAR" gap="704.72"/>
    <instantOut id="235_D11" time="34044.00" state="stay" vehID="Car_19858" speed="6.10" length="5.00" type="DEFAULT_CAR"/>
    <instantOut id="235_D11" time="34044.25" state="stay" vehID="Car_19858" speed="7.05" length="5.00" type="DEFAULT_CAR"/>
    <instantOut id="235_D11" time="34044.50" state="stay" vehID="Car_19858" speed="7.57" length="5.00" type="DEFAULT_CAR"/>
    <instantOut id="235_D11" time="34044.60" state="leave" vehID="Car_19858" speed="8.06" length="5.00" type="DEFAULT_CAR" occupancy="0.69"/>
    <instantOut id="235_D11" time="34066.91" state="enter" vehID="Car_19859" speed="5.92" length="5.00" type="DEFAULT_CAR" gap="22.31"/>
    <instantOut id="235_D11" time="34067.00" state="stay" vehID="Car_19859" speed="5.92" length="5.00" type="DEFAULT_CAR"/>
    <instantOut id="235_D11" time="34067.25" state="stay" vehID="Car_19859" speed="6.87" length="5.00" type="DEFAULT_CAR"/>
    <instantOut id="235_D11" time="34067.50" state="stay" vehID="Car_19859" speed="7.38" length="5.00" type="DEFAULT_CAR"/>
    <instantOut id="235_D11" time="34067.61" state="leave" vehID="Car_19859" speed="8.22" length="5.00" type="DEFAULT_CAR" occupancy="0.70"/>
    <instantOut id="235_D11" time="34277.90" state="enter" vehID="Car_19860" speed="5.94" length="5.00" type="DEFAULT_CAR" gap="210.29"/>
    <instantOut id="235_D11" time="34278.00" state="stay" vehID="Car_19860" speed="5.94" length="5.00" type="DEFAULT_CAR"/>
    <instantOut id="235_D11" time="34278.25" state="stay" vehID="Car_19860" speed="6.89" length="5.00" type="DEFAULT_CAR"/>
    <instantOut id="235_D11" time="34278.50" state="stay" vehID="Car_19860" speed="7.55" length="5.00" type="DEFAULT_CAR"/>
    <instantOut id="235_D11" time="34278.60" state="leave" vehID="Car_19860" speed="8.13" length="5.00" type="DEFAULT_CAR" occupancy="0.70"/>
    <instantOut id="235_D11" time="34453.09" state="enter" vehID="Car_19861" speed="3.99" length="5.00" type="DEFAULT_CAR" gap="174.49"/>
    <instantOut id="235_D11" time="34453.25" state="stay" vehID="Car_19861" speed="3.99" length="5.00" type="DEFAULT_CAR"/>
    <instantOut id="235_D11" time="34453.50" state="stay" vehID="Car_19861" speed="3.24" length="5.00" type="DEFAULT_CAR"/>
    <instantOut id="235_D11" time="34453.75" state="stay" vehID="Car_19861" speed="2.49" length="5.00" type="DEFAULT_CAR"/>
    <instantOut id="235_D11" time="34454.00" state="stay" vehID="Car_19861" speed="1.94" length="5.00" type="DEFAULT_CAR"/>
    <instantOut id="235_D11" time="34454.25" state="stay" vehID="Car_19861" speed="1.22" length="5.00" type="DEFAULT_CAR"/>
    <instantOut id="235_D11" time="34454.50" state="stay" vehID="Car_19861" speed="0.47" length="5.00" type="DEFAULT_CAR"/>
    <instantOut id="235_D11" time="34454.75" state="stay" vehID="Car_19861" speed="0.01" length="5.00" type="DEFAULT_CAR"/>
    <instantOut id="235_D11" time="34455.00" state="stay" vehID="Car_19861" speed="0.00" length="5.00" type="DEFAULT_CAR"/>
    <instantOut id="235_D11" time="34455.25" state="stay" vehID="Car_19861" speed="0.00" length="5.00" type="DEFAULT_CAR"/>
    <instantOut id="235_D11" time="34455.50" state="stay" vehID="Car_19861" speed="0.00" length="5.00" type="DEFAULT_CAR"/>
    <instantOut id="235_D11" time="34455.75" state="stay" vehID="Car_19861" speed="0.00" length="5.00" type="DEFAULT_CAR"/>
    <instantOut id="235_D11" time="34456.00" state="stay" vehID="Car_19861" speed="0.00" length="5.00" type="DEFAULT_CAR"/>
    <instantOut id="235_D11" time="34456.25" state="stay" vehID="Car_19861" speed="0.00" length="5.00" type="DEFAULT_CAR"/>
    <instantOut id="235_D11" time="34456.50" state="stay" vehID="Car_19861" speed="0.00" length="5.00" type="DEFAULT_CAR"/>
    <instantOut id="235_D11" time="34456.75" state="stay" vehID="Car_19861" speed="0.00" length="5.00" type="DEFAULT_CAR"/>
    <instantOut id="235_D11" time="34457.00" state="stay" vehID="Car_19861" speed="0.00" length="5.00" type="DEFAULT_CAR"/>
    <instantOut id="235_D11" time="34457.25" state="stay" vehID="Car_19861" speed="0.00" length="5.00" type="DEFAULT_CAR"/>
    <instantOut id="235_D11" time="34457.50" state="stay" vehID="Car_19861" speed="0.00" length="5.00" type="DEFAULT_CAR"/>
    <instantOut id="235_D11" time="34457.75" state="stay" vehID="Car_19861" speed="0.00" length="5.00" type="DEFAULT_CAR"/>
    <instantOut id="235_D11" time="34458.00" state="stay" vehID="Car_19861" speed="0.00" length="5.00" type="DEFAULT_CAR"/>
    <instantOut id="235_D11" time="34458.25" state="stay" vehID="Car_19861" speed="0.00" length="5.00" type="DEFAULT_CAR"/>
    <instantOut id="235_D11" time="34458.50" state="stay" vehID="Car_19861" speed="0.00" length="5.00" type="DEFAULT_CAR"/>
    <instantOut id="235_D11" time="34458.75" state="stay" vehID="Car_19861" speed="0.00" length="5.00" type="DEFAULT_CAR"/>
    <instantOut id="235_D11" time="34459.00" state="stay" vehID="Car_19861" speed="0.00" length="5.00" type="DEFAULT_CAR"/>
    <instantOut id="235_D11" time="34459.25" state="stay" vehID="Car_19861" speed="0.00" length="5.00" type="DEFAULT_CAR"/>
    <instantOut id="235_D11" time="34459.50" state="stay" vehID="Car_19861" speed="0.00" length="5.00" type="DEFAULT_CAR"/>
    <instantOut id="235_D11" time="34459.75" state="stay" vehID="Car_19861" speed="0.00" length="5.00" type="DEFAULT_CAR"/>
    <instantOut id="235_D11" time="34460.00" state="stay" vehID="Car_19861" speed="0.00" length="5.00" type="DEFAULT_CAR"/>
    <instantOut id="235_D11" time="34460.25" state="stay" vehID="Car_19861" speed="0.00" length="5.00" type="DEFAULT_CAR"/>
    <instantOut id="235_D11" time="34460.50" state="stay" vehID="Car_19861" speed="0.00" length="5.00" type="DEFAULT_CAR"/>
    <instantOut id="235_D11" time="34460.75" state="stay" vehID="Car_19861" speed="0.00" length="5.00" type="DEFAULT_CAR"/>
    <instantOut id="235_D11" time="34461.00" state="stay" vehID="Car_19861" speed="0.00" length="5.00" type="DEFAULT_CAR"/>
    <instantOut id="235_D11" time="34461.25" state="stay" vehID="Car_19861" speed="0.92" length="5.00" type="DEFAULT_CAR"/>
    <instantOut id="235_D11" time="34461.50" state="stay" vehID="Car_19861" speed="1.82" length="5.00" type="DEFAULT_CAR"/>
    <instantOut id="235_D11" time="34461.75" state="stay" vehID="Car_19861" speed="2.56" length="5.00" type="DEFAULT_CAR"/>
    <instantOut id="235_D11" time="34461.97" state="leave" vehID="Car_19861" speed="3.17" length="5.00" type="DEFAULT_CAR" occupancy="8.88"/>
    <instantOut id="235_D11" time="35863.94" state="enter" vehID="Car_21619" speed="5.24" length="5.00" type="DEFAULT_CAR" gap="1401.97"/>
    <instantOut id="235_D11" time="35864.00" state="stay" vehID="Car_21619" speed="5.24" length="5.00" type="DEFAULT_CAR"/>
    <instantOut id="235_D11" time="35864.25" state="stay" vehID="Car_21619" speed="5.24" length="5.00" type="DEFAULT_CAR"/>
    <instantOut id="235_D11" time="35864.50" state="stay" vehID="Car_21619" speed="5.34" length="5.00" type="DEFAULT_CAR"/>
    <instantOut id="235_D11" time="35864.75" state="stay" vehID="Car_21619" speed="5.68" length="5.00" type="DEFAULT_CAR"/>
    <instantOut id="235_D11" time="35864.85" state="leave" vehID="Car_21619" speed="6.02" length="5.00" type="DEFAULT_CAR" occupancy="0.91"/>
    <instantOut id="235_D11" time="38060.05" state="enter" vehID="Car_22170" speed="3.88" length="5.00" type="DEFAULT_CAR" gap="2195.20"/>
    <instantOut id="235_D11" time="38060.25" state="stay" vehID="Car_22170" speed="3.88" length="5.00" type="DEFAULT_CAR"/>
    <instantOut id="235_D11" time="38060.50" state="stay" vehID="Car_22170" speed="3.13" length="5.00" type="DEFAULT_CAR"/>
    <instantOut id="235_D11" time="38060.75" state="stay" vehID="Car_22170" speed="2.38" length="5.00" type="DEFAULT_CAR"/>
    <instantOut id="235_D11" time="38061.00" state="stay" vehID="Car_22170" speed="1.64" length="5.00" type="DEFAULT_CAR"/>
    <instantOut id="235_D11" time="38061.25" state="stay" vehID="Car_22170" speed="1.17" length="5.00" type="DEFAULT_CAR"/>
    <instantOut id="235_D11" time="38061.50" state="stay" vehID="Car_22170" speed="0.51" length="5.00" type="DEFAULT_CAR"/>
    <instantOut id="235_D11" time="38061.75" state="stay" vehID="Car_22170" speed="0.01" length="5.00" type="DEFAULT_CAR"/>
    <instantOut id="235_D11" time="38062.00" state="stay" vehID="Car_22170" speed="0.00" length="5.00" type="DEFAULT_CAR"/>
    <instantOut id="235_D11" time="38062.25" state="stay" vehID="Car_22170" speed="0.00" length="5.00" type="DEFAULT_CAR"/>
    <instantOut id="235_D11" time="38062.50" state="stay" vehID="Car_22170" speed="0.00" length="5.00" type="DEFAULT_CAR"/>
    <instantOut id="235_D11" time="38062.75" state="stay" vehID="Car_22170" speed="0.00" length="5.00" type="DEFAULT_CAR"/>
    <instantOut id="235_D11" time="38063.00" state="stay" vehID="Car_22170" speed="0.00" length="5.00" type="DEFAULT_CAR"/>
    <instantOut id="235_D11" time="38063.25" state="stay" vehID="Car_22170" speed="0.00" length="5.00" type="DEFAULT_CAR"/>
    <instantOut id="235_D11" time="38063.50" state="stay" vehID="Car_22170" speed="0.00" length="5.00" type="DEFAULT_CAR"/>
    <instantOut id="235_D11" time="38063.75" state="stay" vehID="Car_22170" speed="0.00" length="5.00" type="DEFAULT_CAR"/>
    <instantOut id="235_D11" time="38064.00" state="stay" vehID="Car_22170" speed="0.00" length="5.00" type="DEFAULT_CAR"/>
    <instantOut id="235_D11" time="38064.25" state="stay" vehID="Car_22170" speed="0.00" length="5.00" type="DEFAULT_CAR"/>
    <instantOut id="235_D11" time="38064.50" state="stay" vehID="Car_22170" speed="0.00" length="5.00" type="DEFAULT_CAR"/>
    <instantOut id="235_D11" time="38064.75" state="stay" vehID="Car_22170" speed="0.00" length="5.00" type="DEFAULT_CAR"/>
    <instantOut id="235_D11" time="38065.00" state="stay" vehID="Car_22170" speed="0.00" length="5.00" type="DEFAULT_CAR"/>
    <instantOut id="235_D11" time="38065.25" state="stay" vehID="Car_22170" speed="0.00" length="5.00" type="DEFAULT_CAR"/>
    <instantOut id="235_D11" time="38065.50" state="stay" vehID="Car_22170" speed="0.00" length="5.00" type="DEFAULT_CAR"/>
    <instantOut id="235_D11" time="38065.75" state="stay" vehID="Car_22170" speed="0.00" length="5.00" type="DEFAULT_CAR"/>
    <instantOut id="235_D11" time="38066.00" state="stay" vehID="Car_22170" speed="0.00" length="5.00" type="DEFAULT_CAR"/>
    <instantOut id="235_D11" time="38066.25" state="stay" vehID="Car_22170" speed="0.00" length="5.00" type="DEFAULT_CAR"/>
    <instantOut id="235_D11" time="38066.50" state="stay" vehID="Car_22170" speed="0.00" length="5.00" type="DEFAULT_CAR"/>
    <instantOut id="235_D11" time="38066.75" state="stay" vehID="Car_22170" speed="0.00" length="5.00" type="DEFAULT_CAR"/>
    <instantOut id="235_D11" time="38067.00" state="stay" vehID="Car_22170" speed="0.00" length="5.00" type="DEFAULT_CAR"/>
    <instantOut id="235_D11" time="38067.25" state="stay" vehID="Car_22170" speed="0.00" length="5.00" type="DEFAULT_CAR"/>
    <instantOut id="235_D11" time="38067.50" state="stay" vehID="Car_22170" speed="0.00" length="5.00" type="DEFAULT_CAR"/>
    <instantOut id="235_D11" time="38067.75" state="stay" vehID="Car_22170" speed="0.00" length="5.00" type="DEFAULT_CAR"/>
    <instantOut id="235_D11" time="38068.00" state="stay" vehID="Car_22170" speed="0.00" length="5.00" type="DEFAULT_CAR"/>
    <instantOut id="235_D11" time="38068.25" state="stay" vehID="Car_22170" speed="0.91" length="5.00" type="DEFAULT_CAR"/>
    <instantOut id="235_D11" time="38068.50" state="stay" vehID="Car_22170" speed="1.69" length="5.00" type="DEFAULT_CAR"/>
    <instantOut id="235_D11" time="38068.75" state="stay" vehID="Car_22170" speed="2.41" length="5.00" type="DEFAULT_CAR"/>
    <instantOut id="235_D11" time="38068.99" state="leave" vehID="Car_22170" speed="3.18" length="5.00" type="DEFAULT_CAR" occupancy="8.94"/>
    <instantOut id="235_D11" time="39690.98" state="enter" vehID="Car_22927" speed="4.50" length="5.00" type="DEFAULT_CAR" gap="1621.98"/>
    <instantOut id="235_D11" time="39691.00" state="stay" vehID="Car_22927" speed="4.50" length="5.00" type="DEFAULT_CAR"/>
    <instantOut id="235_D11" time="39691.25" state="stay" vehID="Car_22927" speed="3.75" length="5.00" type="DEFAULT_CAR"/>
    <instantOut id="235_D11" time="39691.50" state="stay" vehID="Car_22927" speed="3.00" length="5.00" type="DEFAULT_CAR"/>
    <instantOut id="235_D11" time="39691.75" state="stay" vehID="Car_22927" speed="2.25" length="5.00" type="DEFAULT_CAR"/>
    <instantOut id="235_D11" time="39692.00" state="stay" vehID="Car_22927" speed="1.50" length="5.00" type="DEFAULT_CAR"/>
    <instantOut id="235_D11" time="39692.25" state="stay" vehID="Car_22927" speed="0.77" length="5.00" type="DEFAULT_CAR"/>
    <instantOut id="235_D11" time="39692.50" state="stay" vehID="Car_22927" speed="0.19" length="5.00" type="DEFAULT_CAR"/>
    <instantOut id="235_D11" time="39692.75" state="stay" vehID="Car_22927" speed="0.02" length="5.00" type="DEFAULT_CAR"/>
    <instantOut id="235_D11" time="39693.00" state="stay" vehID="Car_22927" speed="0.00" length="5.00" type="DEFAULT_CAR"/>
    <instantOut id="235_D11" time="39693.25" state="stay" vehID="Car_22927" speed="0.00" length="5.00" type="DEFAULT_CAR"/>
    <instantOut id="235_D11" time="39693.50" state="stay" vehID="Car_22927" speed="0.00" length="5.00" type="DEFAULT_CAR"/>
    <instantOut id="235_D11" time="39693.75" state="stay" vehID="Car_22927" speed="0.00" length="5.00" type="DEFAULT_CAR"/>
    <instantOut id="235_D11" time="39694.00" state="stay" vehID="Car_22927" speed="0.00" length="5.00" type="DEFAULT_CAR"/>
    <instantOut id="235_D11" time="39694.25" state="stay" vehID="Car_22927" speed="0.00" length="5.00" type="DEFAULT_CAR"/>
    <instantOut id="235_D11" time="39694.50" state="stay" vehID="Car_22927" speed="0.00" length="5.00" type="DEFAULT_CAR"/>
    <instantOut id="235_D11" time="39694.75" state="stay" vehID="Car_22927" speed="0.89" length="5.00" type="DEFAULT_CAR"/>
    <instantOut id="235_D11" time="39695.00" state="stay" vehID="Car_22927" speed="1.80" length="5.00" type="DEFAULT_CAR"/>
    <instantOut id="235_D11" time="39695.25" state="stay" vehID="Car_22927" speed="2.66" length="5.00" type="DEFAULT_CAR"/>
    <instantOut id="235_D11" time="39695.45" state="leave" vehID="Car_22927" speed="3.34" length="5.00" type="DEFAULT_CAR" occupancy="4.48"/>
    <instantOut id="235_D11" time="40698.95" state="enter" vehID="Car_23633" speed="6.26" length="5.00" type="DEFAULT_CAR" gap="1003.49"/>
    <instantOut id="235_D11" time="40699.00" state="stay" vehID="Car_23633" speed="6.26" length="5.00" type="DEFAULT_CAR"/>
    <instantOut id="235_D11" time="40699.25" state="stay" vehID="Car_23633" speed="7.21" length="5.00" type="DEFAULT_CAR"/>
    <instantOut id="235_D11" time="40699.50" state="stay" vehID="Car_23633" speed="8.00" length="5.00" type="DEFAULT_CAR"/>
    <instantOut id="235_D11" time="40699.60" state="leave" vehID="Car_23633" speed="8.61" length="5.00" type="DEFAULT_CAR" occupancy="0.65"/>
</instantE1>
