<?xml version="1.0" encoding="UTF-8"?>

<!-- generated on 2025-02-28 18:20:07 by Eclipse SUMO GUI Version 1.19.0
<configuration xmlns:xsi="http://www.w3.org/2001/XMLSchema-instance" xsi:noNamespaceSchemaLocation="http://sumo.dlr.de/xsd/sumoConfiguration.xsd">

    <input>
        <net-file value="Network.net.xml"/>
        <route-files value="CarRoutes.rou.xml"/>
        <additional-files value="Sensors.add.xml"/>
    </input>

    <output>
        <emission-output value="logs/Emissions.xml"/>
        <summary-output value="logs/Log_summary.xml"/>
        <summary-output.period value="300"/>
        <tripinfo-output value="logs/TripInfos.xml"/>
    </output>

    <time>
        <begin value="0"/>
        <end value="86400"/>
        <step-length value="0.25"/>
    </time>

    <processing>
        <ignore-junction-blocker value="0.1"/>
        <time-to-teleport value="-1"/>
    </processing>

    <report>
        <verbose value="true"/>
        <no-step-log value="true"/>
    </report>

    <emissions>
        <device.emissions.period value="10"/>
    </emissions>

    <traci_server>
        <remote-port value="58328"/>
    </traci_server>

    <gui_only>
        <quit-on-end value="true"/>
        <start value="true"/>
    </gui_only>

</configuration>
-->

<summary xmlns:xsi="http://www.w3.org/2001/XMLSchema-instance" xsi:noNamespaceSchemaLocation="http://sumo.dlr.de/xsd/summary_file.xsd">
    <step time="0.00" loaded="0" inserted="0" running="0" waiting="0" ended="0" arrived="0" collisions="0" teleports="0" halting="0" stopped="0" meanWaitingTime="-1.00" meanTravelTime="-1.00" meanSpeed="-1.00" meanSpeedRelative="-1.00" duration="0"/>
    <step time="300.00" loaded="211" inserted="196" running="91" waiting="15" ended="105" arrived="105" collisions="0" teleports="0" halting="43" stopped="0" meanWaitingTime="14.45" meanTravelTime="78.66" meanSpeed="4.00" meanSpeedRelative="0.29" duration="4"/>
    <step time="600.00" loaded="371" inserted="361" running="72" waiting="10" ended="289" arrived="289" collisions="0" teleports="0" halting="25" stopped="0" meanWaitingTime="12.94" meanTravelTime="117.90" meanSpeed="4.13" meanSpeedRelative="0.30" duration="3"/>
    <step time="900.00" loaded="529" inserted="521" running="52" waiting="8" ended="469" arrived="469" collisions="0" teleports="0" halting="25" stopped="0" meanWaitingTime="11.98" meanTravelTime="121.34" meanSpeed="4.75" meanSpeedRelative="0.34" duration="1"/>
    <step time="1200.00" loaded="702" inserted="688" running="59" waiting="14" ended="629" arrived="629" collisions="0" teleports="0" halting="6" stopped="0" meanWaitingTime="14.53" meanTravelTime="117.80" meanSpeed="9.04" meanSpeedRelative="0.65" duration="2"/>
    <step time="1500.00" loaded="867" inserted="847" running="55" waiting="20" ended="792" arrived="792" collisions="0" teleports="0" halting="12" stopped="0" meanWaitingTime="15.80" meanTravelTime="113.75" meanSpeed="5.19" meanSpeedRelative="0.37" duration="8"/>
    <step time="1800.00" loaded="1033" inserted="1015" running="59" waiting="18" ended="956" arrived="956" collisions="0" teleports="0" halting="20" stopped="0" meanWaitingTime="18.77" meanTravelTime="112.66" meanSpeed="4.61" meanSpeedRelative="0.33" duration="2"/>
    <step time="2100.00" loaded="1194" inserted="1179" running="63" waiting="15" ended="1116" arrived="1116" collisions="0" teleports="0" halting="41" stopped="0" meanWaitingTime="17.54" meanTravelTime="111.74" meanSpeed="2.75" meanSpeedRelative="0.20" duration="3"/>
    <step time="2400.00" loaded="1343" inserted="1327" running="41" waiting="16" ended="1286" arrived="1286" collisions="0" teleports="0" halting="22" stopped="0" meanWaitingTime="17.64" meanTravelTime="112.54" meanSpeed="3.85" meanSpeedRelative="0.28" duration="0"/>
    <step time="2700.00" loaded="1488" inserted="1487" running="61" waiting="1" ended="1426" arrived="1426" collisions="0" teleports="0" halting="12" stopped="0" meanWaitingTime="17.67" meanTravelTime="109.94" meanSpeed="5.06" meanSpeedRelative="0.36" duration="1"/>
    <step time="3000.00" loaded="1648" inserted="1641" running="52" waiting="7" ended="1589" arrived="1589" collisions="0" teleports="0" halting="25" stopped="0" meanWaitingTime="16.54" meanTravelTime="111.36" meanSpeed="4.40" meanSpeedRelative="0.32" duration="2"/>
    <step time="3300.00" loaded="1818" inserted="1803" running="62" waiting="15" ended="1741" arrived="1741" collisions="0" teleports="0" halting="15" stopped="0" meanWaitingTime="16.96" meanTravelTime="110.45" meanSpeed="6.97" meanSpeedRelative="0.50" duration="1"/>
    <step time="3600.00" loaded="1951" inserted="1951" running="45" waiting="0" ended="1906" arrived="1906" collisions="0" teleports="0" halting="14" stopped="0" meanWaitingTime="16.76" meanTravelTime="109.94" meanSpeed="4.92" meanSpeedRelative="0.35" duration="1"/>
    <step time="3900.00" loaded="2114" inserted="2114" running="64" waiting="0" ended="2050" arrived="2050" collisions="0" teleports="0" halting="36" stopped="0" meanWaitingTime="15.59" meanTravelTime="109.77" meanSpeed="3.70" meanSpeedRelative="0.27" duration="1"/>
    <step time="4200.00" loaded="2245" inserted="2240" running="40" waiting="5" ended="2200" arrived="2200" collisions="0" teleports="0" halting="11" stopped="0" meanWaitingTime="15.87" meanTravelTime="109.41" meanSpeed="6.48" meanSpeedRelative="0.47" duration="1"/>
    <step time="4500.00" loaded="2423" inserted="2422" running="71" waiting="1" ended="2351" arrived="2351" collisions="0" teleports="0" halting="31" stopped="0" meanWaitingTime="15.28" meanTravelTime="108.28" meanSpeed="3.61" meanSpeedRelative="0.26" duration="3"/>
    <step time="4800.00" loaded="2579" inserted="2573" running="45" waiting="6" ended="2528" arrived="2528" collisions="0" teleports="0" halting="15" stopped="0" meanWaitingTime="14.63" meanTravelTime="108.36" meanSpeed="5.15" meanSpeedRelative="0.37" duration="2"/>
    <step time="5100.00" loaded="2745" inserted="2735" running="58" waiting="10" ended="2677" arrived="2677" collisions="0" teleports="0" halting="6" stopped="0" meanWaitingTime="15.36" meanTravelTime="107.28" meanSpeed="6.67" meanSpeedRelative="0.48" duration="1"/>
    <step time="5400.00" loaded="2895" inserted="2893" running="42" waiting="2" ended="2851" arrived="2851" collisions="0" teleports="0" halting="10" stopped="0" meanWaitingTime="15.33" meanTravelTime="106.65" meanSpeed="5.94" meanSpeedRelative="0.43" duration="0"/>
    <step time="5700.00" loaded="3084" inserted="3069" running="80" waiting="15" ended="2989" arrived="2989" collisions="0" teleports="0" halting="39" stopped="0" meanWaitingTime="14.83" meanTravelTime="106.30" meanSpeed="4.25" meanSpeedRelative="0.31" duration="2"/>
    <step time="6000.00" loaded="3208" inserted="3205" running="42" waiting="3" ended="3163" arrived="3163" collisions="0" teleports="0" halting="16" stopped="0" meanWaitingTime="14.92" meanTravelTime="108.49" meanSpeed="5.03" meanSpeedRelative="0.36" duration="2"/>
    <step time="6300.00" loaded="3378" inserted="3361" running="81" waiting="17" ended="3280" arrived="3280" collisions="0" teleports="0" halting="27" stopped="0" meanWaitingTime="14.97" meanTravelTime="108.84" meanSpeed="3.87" meanSpeedRelative="0.28" duration="4"/>
    <step time="6600.00" loaded="3538" inserted="3530" running="54" waiting="8" ended="3476" arrived="3476" collisions="0" teleports="0" halting="25" stopped="0" meanWaitingTime="15.22" meanTravelTime="109.68" meanSpeed="4.22" meanSpeedRelative="0.30" duration="1"/>
    <step time="6900.00" loaded="3723" inserted="3706" running="75" waiting="17" ended="3631" arrived="3631" collisions="0" teleports="0" halting="29" stopped="0" meanWaitingTime="15.21" meanTravelTime="109.30" meanSpeed="3.82" meanSpeedRelative="0.30" duration="1"/>
    <step time="7200.00" loaded="3880" inserted="3855" running="46" waiting="25" ended="3809" arrived="3809" collisions="0" teleports="0" halting="15" stopped="0" meanWaitingTime="15.86" meanTravelTime="110.03" meanSpeed="5.48" meanSpeedRelative="0.39" duration="1"/>
    <step time="7500.00" loaded="4030" inserted="4018" running="46" waiting="12" ended="3972" arrived="3972" collisions="0" teleports="0" halting="24" stopped="0" meanWaitingTime="16.69" meanTravelTime="110.07" meanSpeed="4.46" meanSpeedRelative="0.32" duration="2"/>
    <step time="7800.00" loaded="4185" inserted="4162" running="58" waiting="23" ended="4104" arrived="4104" collisions="0" teleports="0" halting="13" stopped="0" meanWaitingTime="17.18" meanTravelTime="109.71" meanSpeed="5.14" meanSpeedRelative="0.37" duration="3"/>
    <step time="8100.00" loaded="4357" inserted="4342" running="50" waiting="15" ended="4292" arrived="4292" collisions="0" teleports="0" halting="7" stopped="0" meanWaitingTime="18.24" meanTravelTime="109.32" meanSpeed="6.05" meanSpeedRelative="0.45" duration="2"/>
    <step time="8400.00" loaded="4542" inserted="4539" running="68" waiting="3" ended="4471" arrived="4471" collisions="0" teleports="0" halting="22" stopped="0" meanWaitingTime="18.19" meanTravelTime="108.93" meanSpeed="4.98" meanSpeedRelative="0.36" duration="3"/>
    <step time="8700.00" loaded="4714" inserted="4709" running="74" waiting="5" ended="4635" arrived="4635" collisions="0" teleports="0" halting="23" stopped="0" meanWaitingTime="17.97" meanTravelTime="108.78" meanSpeed="4.92" meanSpeedRelative="0.35" duration="3"/>
    <step time="9000.00" loaded="4903" inserted="4886" running="60" waiting="17" ended="4826" arrived="4826" collisions="0" teleports="0" halting="12" stopped="0" meanWaitingTime="17.75" meanTravelTime="108.62" meanSpeed="5.78" meanSpeedRelative="0.43" duration="3"/>
    <step time="9300.00" loaded="5085" inserted="5066" running="47" waiting="19" ended="5019" arrived="5019" collisions="0" teleports="0" halting="20" stopped="0" meanWaitingTime="17.78" meanTravelTime="108.66" meanSpeed="5.35" meanSpeedRelative="0.39" duration="1"/>
    <step time="9600.00" loaded="5259" inserted="5247" running="61" waiting="12" ended="5186" arrived="5186" collisions="0" teleports="0" halting="14" stopped="0" meanWaitingTime="18.28" meanTravelTime="107.94" meanSpeed="7.08" meanSpeedRelative="0.51" duration="2"/>
    <step time="9900.00" loaded="5402" inserted="5386" running="35" waiting="16" ended="5351" arrived="5351" collisions="0" teleports="0" halting="14" stopped="0" meanWaitingTime="18.17" meanTravelTime="107.95" meanSpeed="4.15" meanSpeedRelative="0.30" duration="1"/>
    <step time="10200.00" loaded="5573" inserted="5564" running="67" waiting="9" ended="5497" arrived="5497" collisions="0" teleports="0" halting="7" stopped="0" meanWaitingTime="18.42" meanTravelTime="107.54" meanSpeed="4.97" meanSpeedRelative="0.36" duration="1"/>
    <step time="10500.00" loaded="5751" inserted="5739" running="56" waiting="12" ended="5683" arrived="5683" collisions="0" teleports="0" halting="12" stopped="0" meanWaitingTime="18.28" meanTravelTime="107.94" meanSpeed="5.21" meanSpeedRelative="0.38" duration="2"/>
    <step time="10800.00" loaded="5923" inserted="5916" running="76" waiting="7" ended="5840" arrived="5840" collisions="0" teleports="0" halting="16" stopped="0" meanWaitingTime="18.31" meanTravelTime="108.23" meanSpeed="5.11" meanSpeedRelative="0.37" duration="3"/>
    <step time="11100.00" loaded="6101" inserted="6083" running="57" waiting="18" ended="6026" arrived="6026" collisions="0" teleports="0" halting="23" stopped="0" meanWaitingTime="18.29" meanTravelTime="108.81" meanSpeed="4.73" meanSpeedRelative="0.35" duration="2"/>
    <step time="11400.00" loaded="6274" inserted="6240" running="56" waiting="34" ended="6184" arrived="6184" collisions="0" teleports="0" halting="14" stopped="0" meanWaitingTime="18.95" meanTravelTime="108.49" meanSpeed="6.08" meanSpeedRelative="0.44" duration="2"/>
    <step time="11700.00" loaded="6416" inserted="6396" running="49" waiting="20" ended="6347" arrived="6347" collisions="0" teleports="0" halting="11" stopped="0" meanWaitingTime="19.98" meanTravelTime="108.28" meanSpeed="4.93" meanSpeedRelative="0.36" duration="1"/>
    <step time="12000.00" loaded="6594" inserted="6586" running="61" waiting="8" ended="6525" arrived="6525" collisions="0" teleports="0" halting="12" stopped="0" meanWaitingTime="20.01" meanTravelTime="108.24" meanSpeed="5.19" meanSpeedRelative="0.37" duration="2"/>
    <step time="12300.00" loaded="6764" inserted="6763" running="66" waiting="1" ended="6697" arrived="6697" collisions="0" teleports="0" halting="26" stopped="0" meanWaitingTime="19.73" meanTravelTime="108.54" meanSpeed="4.18" meanSpeedRelative="0.30" duration="1"/>
    <step time="12600.00" loaded="6933" inserted="6912" running="55" waiting="21" ended="6857" arrived="6857" collisions="0" teleports="0" halting="22" stopped="0" meanWaitingTime="19.55" meanTravelTime="108.71" meanSpeed="4.06" meanSpeedRelative="0.29" duration="1"/>
    <step time="12900.00" loaded="7100" inserted="7087" running="69" waiting="13" ended="7018" arrived="7018" collisions="0" teleports="0" halting="19" stopped="0" meanWaitingTime="19.76" meanTravelTime="108.85" meanSpeed="5.02" meanSpeedRelative="0.36" duration="2"/>
    <step time="13200.00" loaded="7275" inserted="7255" running="74" waiting="20" ended="7181" arrived="7181" collisions="0" teleports="0" halting="19" stopped="0" meanWaitingTime="19.83" meanTravelTime="108.97" meanSpeed="4.82" meanSpeedRelative="0.35" duration="3"/>
    <step time="13500.00" loaded="7450" inserted="7442" running="81" waiting="8" ended="7361" arrived="7361" collisions="0" teleports="0" halting="24" stopped="0" meanWaitingTime="19.75" meanTravelTime="109.22" meanSpeed="4.71" meanSpeedRelative="0.34" duration="1"/>
    <step time="13800.00" loaded="7646" inserted="7632" running="92" waiting="14" ended="7540" arrived="7540" collisions="0" teleports="0" halting="21" stopped="0" meanWaitingTime="19.84" meanTravelTime="109.55" meanSpeed="5.66" meanSpeedRelative="0.41" duration="1"/>
    <step time="14100.00" loaded="7804" inserted="7800" running="61" waiting="4" ended="7739" arrived="7739" collisions="0" teleports="0" halting="16" stopped="0" meanWaitingTime="19.79" meanTravelTime="110.20" meanSpeed="4.88" meanSpeedRelative="0.35" duration="3"/>
    <step time="14400.00" loaded="7942" inserted="7932" running="51" waiting="10" ended="7881" arrived="7881" collisions="0" teleports="0" halting="16" stopped="0" meanWaitingTime="19.96" meanTravelTime="110.26" meanSpeed="6.29" meanSpeedRelative="0.45" duration="2"/>
    <step time="14700.00" loaded="8134" inserted="8115" running="60" waiting="19" ended="8055" arrived="8055" collisions="0" teleports="0" halting="9" stopped="0" meanWaitingTime="19.93" meanTravelTime="109.91" meanSpeed="5.95" meanSpeedRelative="0.43" duration="4"/>
    <step time="15000.00" loaded="8293" inserted="8288" running="98" waiting="5" ended="8190" arrived="8190" collisions="0" teleports="0" halting="28" stopped="0" meanWaitingTime="19.75" meanTravelTime="110.09" meanSpeed="5.06" meanSpeedRelative="0.37" duration="4"/>
    <step time="15300.00" loaded="8454" inserted="8419" running="56" waiting="35" ended="8363" arrived="8363" collisions="0" teleports="0" halting="19" stopped="0" meanWaitingTime="19.92" meanTravelTime="110.56" meanSpeed="5.39" meanSpeedRelative="0.39" duration="2"/>
    <step time="15600.00" loaded="8619" inserted="8608" running="65" waiting="11" ended="8543" arrived="8543" collisions="0" teleports="0" halting="19" stopped="0" meanWaitingTime="20.68" meanTravelTime="110.13" meanSpeed="4.59" meanSpeedRelative="0.33" duration="2"/>
    <step time="15900.00" loaded="8810" inserted="8794" running="104" waiting="16" ended="8690" arrived="8690" collisions="0" teleports="0" halting="39" stopped="0" meanWaitingTime="20.94" meanTravelTime="110.22" meanSpeed="4.38" meanSpeedRelative="0.32" duration="1"/>
    <step time="16200.00" loaded="9001" inserted="8967" running="55" waiting="34" ended="8912" arrived="8912" collisions="0" teleports="0" halting="15" stopped="0" meanWaitingTime="21.34" meanTravelTime="110.61" meanSpeed="5.07" meanSpeedRelative="0.37" duration="1"/>
    <step time="16500.00" loaded="9166" inserted="9152" running="62" waiting="14" ended="9090" arrived="9090" collisions="0" teleports="0" halting="20" stopped="0" meanWaitingTime="21.94" meanTravelTime="110.54" meanSpeed="5.99" meanSpeedRelative="0.43" duration="1"/>
    <step time="16800.00" loaded="9352" inserted="9311" running="72" waiting="41" ended="9239" arrived="9239" collisions="0" teleports="0" halting="13" stopped="0" meanWaitingTime="22.19" meanTravelTime="110.63" meanSpeed="5.11" meanSpeedRelative="0.37" duration="1"/>
    <step time="17100.00" loaded="9524" inserted="9493" running="57" waiting="31" ended="9436" arrived="9436" collisions="0" teleports="0" halting="7" stopped="0" meanWaitingTime="23.00" meanTravelTime="110.58" meanSpeed="5.55" meanSpeedRelative="0.40" duration="1"/>
    <step time="17400.00" loaded="9706" inserted="9681" running="80" waiting="25" ended="9601" arrived="9601" collisions="0" teleports="0" halting="34" stopped="0" meanWaitingTime="23.70" meanTravelTime="110.76" meanSpeed="3.49" meanSpeedRelative="0.25" duration="3"/>
    <step time="17700.00" loaded="9878" inserted="9851" running="83" waiting="27" ended="9768" arrived="9768" collisions="0" teleports="0" halting="29" stopped="0" meanWaitingTime="24.05" meanTravelTime="111.09" meanSpeed="3.86" meanSpeedRelative="0.28" duration="2"/>
    <step time="18000.00" loaded="10043" inserted="10022" running="79" waiting="21" ended="9943" arrived="9943" collisions="0" teleports="0" halting="34" stopped="0" meanWaitingTime="24.54" meanTravelTime="111.77" meanSpeed="4.28" meanSpeedRelative="0.31" duration="1"/>
    <step time="18300.00" loaded="10229" inserted="10197" running="58" waiting="32" ended="10139" arrived="10139" collisions="0" teleports="0" halting="36" stopped="0" meanWaitingTime="24.74" meanTravelTime="112.03" meanSpeed="3.08" meanSpeedRelative="0.24" duration="1"/>
    <step time="18600.00" loaded="10388" inserted="10355" running="53" waiting="33" ended="10302" arrived="10302" collisions="0" teleports="0" halting="21" stopped="0" meanWaitingTime="25.33" meanTravelTime="112.04" meanSpeed="5.34" meanSpeedRelative="0.38" duration="1"/>
    <step time="18900.00" loaded="10574" inserted="10532" running="61" waiting="42" ended="10471" arrived="10471" collisions="0" teleports="0" halting="10" stopped="0" meanWaitingTime="25.71" meanTravelTime="111.83" meanSpeed="7.01" meanSpeedRelative="0.50" duration="2"/>
    <step time="19200.00" loaded="10749" inserted="10723" running="63" waiting="26" ended="10660" arrived="10660" collisions="0" teleports="0" halting="36" stopped="0" meanWaitingTime="26.18" meanTravelTime="111.59" meanSpeed="4.09" meanSpeedRelative="0.29" duration="3"/>
    <step time="19500.00" loaded="10960" inserted="10935" running="97" waiting="25" ended="10838" arrived="10838" collisions="0" teleports="0" halting="34" stopped="0" meanWaitingTime="26.45" meanTravelTime="111.72" meanSpeed="3.90" meanSpeedRelative="0.28" duration="2"/>
    <step time="19800.00" loaded="11136" inserted="11105" running="72" waiting="31" ended="11033" arrived="11033" collisions="0" teleports="0" halting="33" stopped="0" meanWaitingTime="26.78" meanTravelTime="112.06" meanSpeed="4.30" meanSpeedRelative="0.31" duration="3"/>
    <step time="20100.00" loaded="11335" inserted="11300" running="77" waiting="35" ended="11223" arrived="11223" collisions="0" teleports="0" halting="21" stopped="0" meanWaitingTime="27.17" meanTravelTime="112.14" meanSpeed="5.61" meanSpeedRelative="0.40" duration="1"/>
    <step time="20400.00" loaded="11505" inserted="11464" running="73" waiting="41" ended="11391" arrived="11391" collisions="0" teleports="0" halting="25" stopped="0" meanWaitingTime="27.80" meanTravelTime="112.17" meanSpeed="4.77" meanSpeedRelative="0.34" duration="3"/>
    <step time="20700.00" loaded="11676" inserted="11631" running="71" waiting="45" ended="11560" arrived="11560" collisions="0" teleports="0" halting="38" stopped="0" meanWaitingTime="28.37" meanTravelTime="112.07" meanSpeed="3.30" meanSpeedRelative="0.24" duration="1"/>
    <step time="21000.00" loaded="11858" inserted="11814" running="76" waiting="44" ended="11738" arrived="11738" collisions="0" teleports="0" halting="30" stopped="0" meanWaitingTime="29.24" meanTravelTime="112.16" meanSpeed="3.95" meanSpeedRelative="0.28" duration="2"/>
    <step time="21300.00" loaded="12021" inserted="11983" running="80" waiting="38" ended="11903" arrived="11903" collisions="0" teleports="0" halting="17" stopped="0" meanWaitingTime="29.96" meanTravelTime="112.44" meanSpeed="5.23" meanSpeedRelative="0.38" duration="2"/>
    <step time="21600.00" loaded="12244" inserted="12210" running="111" waiting="34" ended="12099" arrived="12099" collisions="0" teleports="0" halting="15" stopped="0" meanWaitingTime="30.56" meanTravelTime="112.70" meanSpeed="5.11" meanSpeedRelative="0.37" duration="3"/>
    <step time="21900.00" loaded="12430" inserted="12403" running="78" waiting="27" ended="12325" arrived="12325" collisions="0" teleports="0" halting="40" stopped="0" meanWaitingTime="30.68" meanTravelTime="113.16" meanSpeed="3.97" meanSpeedRelative="0.29" duration="2"/>
    <step time="22200.00" loaded="12620" inserted="12589" running="56" waiting="31" ended="12533" arrived="12533" collisions="0" teleports="0" halting="8" stopped="0" meanWaitingTime="30.92" meanTravelTime="112.94" meanSpeed="5.96" meanSpeedRelative="0.43" duration="2"/>
    <step time="22500.00" loaded="12793" inserted="12744" running="39" waiting="49" ended="12705" arrived="12705" collisions="0" teleports="0" halting="10" stopped="0" meanWaitingTime="31.14" meanTravelTime="112.93" meanSpeed="4.96" meanSpeedRelative="0.36" duration="1"/>
    <step time="22800.00" loaded="12988" inserted="12975" running="100" waiting="13" ended="12875" arrived="12875" collisions="0" teleports="0" halting="48" stopped="0" meanWaitingTime="31.52" meanTravelTime="112.55" meanSpeed="3.23" meanSpeedRelative="0.23" duration="2"/>
    <step time="23100.00" loaded="13174" inserted="13158" running="98" waiting="16" ended="13060" arrived="13060" collisions="0" teleports="0" halting="46" stopped="0" meanWaitingTime="31.52" meanTravelTime="113.12" meanSpeed="2.99" meanSpeedRelative="0.22" duration="2"/>
    <step time="23400.00" loaded="13360" inserted="13351" running="73" waiting="9" ended="13278" arrived="13278" collisions="0" teleports="0" halting="24" stopped="0" meanWaitingTime="31.41" meanTravelTime="113.54" meanSpeed="4.26" meanSpeedRelative="0.31" duration="2"/>
    <step time="23700.00" loaded="13593" inserted="13572" running="82" waiting="21" ended="13490" arrived="13490" collisions="0" teleports="0" halting="30" stopped="0" meanWaitingTime="31.12" meanTravelTime="113.30" meanSpeed="4.02" meanSpeedRelative="0.29" duration="2"/>
    <step time="24000.00" loaded="13768" inserted="13745" running="58" waiting="23" ended="13687" arrived="13687" collisions="0" teleports="0" halting="24" stopped="0" meanWaitingTime="31.05" meanTravelTime="113.33" meanSpeed="3.85" meanSpeedRelative="0.28" duration="2"/>
    <step time="24300.00" loaded="13977" inserted="13953" running="126" waiting="24" ended="13827" arrived="13827" collisions="0" teleports="0" halting="76" stopped="0" meanWaitingTime="31.12" meanTravelTime="113.20" meanSpeed="2.78" meanSpeedRelative="0.20" duration="3"/>
    <step time="24600.00" loaded="14203" inserted="14166" running="83" waiting="37" ended="14083" arrived="14083" collisions="0" teleports="0" halting="26" stopped="0" meanWaitingTime="31.26" meanTravelTime="113.86" meanSpeed="4.60" meanSpeedRelative="0.33" duration="3"/>
    <step time="24900.00" loaded="14420" inserted="14385" running="82" waiting="35" ended="14303" arrived="14303" collisions="0" teleports="0" halting="30" stopped="0" meanWaitingTime="31.67" meanTravelTime="113.98" meanSpeed="4.02" meanSpeedRelative="0.29" duration="2"/>
    <step time="25200.00" loaded="14615" inserted="14573" running="69" waiting="42" ended="14504" arrived="14504" collisions="0" teleports="0" halting="29" stopped="0" meanWaitingTime="31.81" meanTravelTime="113.91" meanSpeed="3.79" meanSpeedRelative="0.27" duration="1"/>
    <step time="25500.00" loaded="14789" inserted="14767" running="81" waiting="22" ended="14686" arrived="14686" collisions="0" teleports="0" halting="31" stopped="0" meanWaitingTime="32.11" meanTravelTime="114.13" meanSpeed="4.31" meanSpeedRelative="0.31" duration="2"/>
    <step time="25800.00" loaded="15021" inserted="14990" running="76" waiting="31" ended="14914" arrived="14914" collisions="0" teleports="0" halting="27" stopped="0" meanWaitingTime="32.07" meanTravelTime="114.11" meanSpeed="5.06" meanSpeedRelative="0.36" duration="2"/>
    <step time="26100.00" loaded="15230" inserted="15202" running="72" waiting="28" ended="15130" arrived="15130" collisions="0" teleports="0" halting="32" stopped="0" meanWaitingTime="32.25" meanTravelTime="113.99" meanSpeed="2.84" meanSpeedRelative="0.20" duration="1"/>
    <step time="26400.00" loaded="15424" inserted="15386" running="82" waiting="38" ended="15304" arrived="15304" collisions="0" teleports="0" halting="38" stopped="0" meanWaitingTime="32.48" meanTravelTime="114.06" meanSpeed="3.05" meanSpeedRelative="0.22" duration="2"/>
    <step time="26700.00" loaded="15641" inserted="15617" running="121" waiting="24" ended="15496" arrived="15496" collisions="0" teleports="0" halting="50" stopped="0" meanWaitingTime="32.80" meanTravelTime="113.97" meanSpeed="4.03" meanSpeedRelative="0.29" duration="3"/>
    <step time="27000.00" loaded="15858" inserted="15825" running="105" waiting="33" ended="15720" arrived="15720" collisions="0" teleports="0" halting="31" stopped="0" meanWaitingTime="33.00" meanTravelTime="114.48" meanSpeed="4.41" meanSpeedRelative="0.32" duration="3"/>
    <step time="27300.00" loaded="16080" inserted="16043" running="86" waiting="37" ended="15957" arrived="15957" collisions="0" teleports="0" halting="37" stopped="0" meanWaitingTime="33.21" meanTravelTime="114.46" meanSpeed="4.63" meanSpeedRelative="0.33" duration="3"/>
    <step time="27600.00" loaded="16281" inserted="16239" running="71" waiting="42" ended="16168" arrived="16168" collisions="0" teleports="0" halting="38" stopped="0" meanWaitingTime="33.38" meanTravelTime="114.34" meanSpeed="3.47" meanSpeedRelative="0.26" duration="2"/>
    <step time="27900.00" loaded="16487" inserted="16453" running="62" waiting="34" ended="16391" arrived="16391" collisions="0" teleports="0" halting="16" stopped="0" meanWaitingTime="33.67" meanTravelTime="114.14" meanSpeed="5.55" meanSpeedRelative="0.40" duration="2"/>
    <step time="28200.00" loaded="16713" inserted="16690" running="73" waiting="23" ended="16617" arrived="16617" collisions="0" teleports="0" halting="17" stopped="0" meanWaitingTime="33.90" meanTravelTime="113.90" meanSpeed="5.49" meanSpeedRelative="0.40" duration="3"/>
    <step time="28500.00" loaded="16913" inserted="16884" running="73" waiting="29" ended="16811" arrived="16811" collisions="0" teleports="0" halting="20" stopped="0" meanWaitingTime="33.97" meanTravelTime="113.91" meanSpeed="4.91" meanSpeedRelative="0.35" duration="2"/>
    <step time="28800.00" loaded="17128" inserted="17096" running="75" waiting="32" ended="17021" arrived="17021" collisions="0" teleports="0" halting="37" stopped="0" meanWaitingTime="33.99" meanTravelTime="114.00" meanSpeed="3.22" meanSpeedRelative="0.23" duration="3"/>
    <step time="29100.00" loaded="17351" inserted="17318" running="103" waiting="33" ended="17215" arrived="17215" collisions="0" teleports="0" halting="44" stopped="0" meanWaitingTime="34.00" meanTravelTime="114.36" meanSpeed="3.16" meanSpeedRelative="0.23" duration="3"/>
    <step time="29400.00" loaded="17551" inserted="17499" running="85" waiting="52" ended="17414" arrived="17414" collisions="0" teleports="0" halting="27" stopped="0" meanWaitingTime="34.19" meanTravelTime="114.56" meanSpeed="3.81" meanSpeedRelative="0.27" duration="3"/>
    <step time="29700.00" loaded="17735" inserted="17698" running="89" waiting="37" ended="17609" arrived="17609" collisions="0" teleports="0" halting="26" stopped="0" meanWaitingTime="34.43" meanTravelTime="114.76" meanSpeed="3.57" meanSpeedRelative="0.26" duration="2"/>
    <step time="30000.00" loaded="17909" inserted="17877" running="71" waiting="32" ended="17806" arrived="17806" collisions="0" teleports="0" halting="38" stopped="0" meanWaitingTime="34.64" meanTravelTime="115.15" meanSpeed="3.11" meanSpeedRelative="0.22" duration="1"/>
    <step time="30300.00" loaded="18107" inserted="18067" running="85" waiting="40" ended="17982" arrived="17982" collisions="0" teleports="0" halting="29" stopped="0" meanWaitingTime="34.97" meanTravelTime="115.31" meanSpeed="3.82" meanSpeedRelative="0.28" duration="1"/>
    <step time="30600.00" loaded="18321" inserted="18277" running="91" waiting="44" ended="18186" arrived="18186" collisions="0" teleports="0" halting="38" stopped="0" meanWaitingTime="35.24" meanTravelTime="115.33" meanSpeed="5.18" meanSpeedRelative="0.37" duration="3"/>
    <step time="30900.00" loaded="18543" inserted="18499" running="104" waiting="44" ended="18395" arrived="18395" collisions="0" teleports="0" halting="34" stopped="0" meanWaitingTime="35.49" meanTravelTime="115.40" meanSpeed="3.85" meanSpeedRelative="0.28" duration="3"/>
    <step time="31200.00" loaded="18713" inserted="18667" running="58" waiting="46" ended="18609" arrived="18609" collisions="0" teleports="0" halting="16" stopped="0" meanWaitingTime="35.62" meanTravelTime="115.75" meanSpeed="4.59" meanSpeedRelative="0.33" duration="1"/>
    <step time="31500.00" loaded="18891" inserted="18848" running="75" waiting="43" ended="18773" arrived="18773" collisions="0" teleports="0" halting="28" stopped="0" meanWaitingTime="35.92" meanTravelTime="115.87" meanSpeed="4.25" meanSpeedRelative="0.31" duration="2"/>
    <step time="31800.00" loaded="19047" inserted="19016" running="84" waiting="31" ended="18932" arrived="18932" collisions="0" teleports="0" halting="23" stopped="0" meanWaitingTime="36.27" meanTravelTime="116.06" meanSpeed="4.54" meanSpeedRelative="0.33" duration="2"/>
    <step time="32100.00" loaded="19229" inserted="19188" running="63" waiting="41" ended="19125" arrived="19125" collisions="0" teleports="0" halting="19" stopped="0" meanWaitingTime="36.49" meanTravelTime="116.07" meanSpeed="6.11" meanSpeedRelative="0.44" duration="1"/>
    <step time="32400.00" loaded="19395" inserted="19350" running="72" waiting="45" ended="19278" arrived="19278" collisions="0" teleports="0" halting="23" stopped="0" meanWaitingTime="36.73" meanTravelTime="115.96" meanSpeed="3.71" meanSpeedRelative="0.27" duration="2"/>
    <step time="32700.00" loaded="19574" inserted="19534" running="82" waiting="40" ended="19452" arrived="19452" collisions="0" teleports="0" halting="13" stopped="0" meanWaitingTime="36.94" meanTravelTime="116.14" meanSpeed="4.30" meanSpeedRelative="0.31" duration="2"/>
    <step time="33000.00" loaded="19741" inserted="19712" running="84" waiting="29" ended="19628" arrived="19628" collisions="0" teleports="0" halting="19" stopped="0" meanWaitingTime="37.22" meanTravelTime="116.55" meanSpeed="3.96" meanSpeedRelative="0.29" duration="2"/>
    <step time="33300.00" loaded="19876" inserted="19851" running="62" waiting="25" ended="19789" arrived="19789" collisions="0" teleports="0" halting="16" stopped="0" meanWaitingTime="37.33" meanTravelTime="116.80" meanSpeed="5.06" meanSpeedRelative="0.38" duration="1"/>
    <step time="33600.00" loaded="20069" inserted="20033" running="59" waiting="36" ended="19974" arrived="19974" collisions="0" teleports="0" halting="23" stopped="0" meanWaitingTime="37.47" meanTravelTime="116.67" meanSpeed="5.58" meanSpeedRelative="0.40" duration="2"/>
    <step time="33900.00" loaded="20227" inserted="20186" running="52" waiting="41" ended="20134" arrived="20134" collisions="0" teleports="0" halting="17" stopped="0" meanWaitingTime="37.61" meanTravelTime="116.48" meanSpeed="4.56" meanSpeedRelative="0.34" duration="1"/>
    <step time="34200.00" loaded="20384" inserted="20347" running="83" waiting="37" ended="20264" arrived="20264" collisions="0" teleports="0" halting="19" stopped="0" meanWaitingTime="37.88" meanTravelTime="116.54" meanSpeed="5.54" meanSpeedRelative="0.40" duration="3"/>
    <step time="34500.00" loaded="20550" inserted="20526" running="107" waiting="24" ended="20419" arrived="20419" collisions="0" teleports="0" halting="27" stopped="0" meanWaitingTime="38.15" meanTravelTime="116.68" meanSpeed="3.54" meanSpeedRelative="0.25" duration="3"/>
    <step time="34800.00" loaded="20703" inserted="20674" running="82" waiting="29" ended="20592" arrived="20592" collisions="0" teleports="0" halting="12" stopped="0" meanWaitingTime="38.29" meanTravelTime="117.24" meanSpeed="5.03" meanSpeedRelative="0.36" duration="2"/>
    <step time="35100.00" loaded="20842" inserted="20831" running="72" waiting="11" ended="20759" arrived="20759" collisions="0" teleports="0" halting="16" stopped="0" meanWaitingTime="38.40" meanTravelTime="117.58" meanSpeed="5.81" meanSpeedRelative="0.42" duration="2"/>
    <step time="35400.00" loaded="20979" inserted="20972" running="47" waiting="7" ended="20925" arrived="20925" collisions="0" teleports="0" halting="7" stopped="0" meanWaitingTime="38.20" meanTravelTime="117.55" meanSpeed="7.23" meanSpeedRelative="0.52" duration="1"/>
    <step time="35700.00" loaded="21125" inserted="21118" running="45" waiting="7" ended="21073" arrived="21073" collisions="0" teleports="0" halting="18" stopped="0" meanWaitingTime="38.06" meanTravelTime="117.56" meanSpeed="4.73" meanSpeedRelative="0.34" duration="1"/>
    <step time="36000.00" loaded="21280" inserted="21274" running="40" waiting="6" ended="21234" arrived="21234" collisions="0" teleports="0" halting="17" stopped="0" meanWaitingTime="37.89" meanTravelTime="117.36" meanSpeed="3.99" meanSpeedRelative="0.29" duration="2"/>
    <step time="36300.00" loaded="21453" inserted="21436" running="61" waiting="17" ended="21375" arrived="21375" collisions="0" teleports="0" halting="35" stopped="0" meanWaitingTime="37.76" meanTravelTime="117.18" meanSpeed="2.51" meanSpeedRelative="0.18" duration="1"/>
    <step time="36600.00" loaded="21602" inserted="21593" running="57" waiting="9" ended="21536" arrived="21536" collisions="0" teleports="0" halting="5" stopped="0" meanWaitingTime="37.66" meanTravelTime="117.14" meanSpeed="6.12" meanSpeedRelative="0.44" duration="2"/>
    <step time="36900.00" loaded="21743" inserted="21722" running="41" waiting="21" ended="21681" arrived="21681" collisions="0" teleports="0" halting="12" stopped="0" meanWaitingTime="37.51" meanTravelTime="117.22" meanSpeed="5.44" meanSpeedRelative="0.39" duration="1"/>
    <step time="37200.00" loaded="21863" inserted="21840" running="40" waiting="23" ended="21800" arrived="21800" collisions="0" teleports="0" halting="17" stopped="0" meanWaitingTime="37.50" meanTravelTime="117.11" meanSpeed="3.97" meanSpeedRelative="0.29" duration="1"/>
    <step time="37500.00" loaded="22006" inserted="21969" running="53" waiting="37" ended="21916" arrived="21916" collisions="0" teleports="0" halting="11" stopped="0" meanWaitingTime="37.65" meanTravelTime="117.06" meanSpeed="5.83" meanSpeedRelative="0.42" duration="1"/>
    <step time="37800.00" loaded="22159" inserted="22118" running="53" waiting="41" ended="22065" arrived="22065" collisions="0" teleports="0" halting="8" stopped="0" meanWaitingTime="37.90" meanTravelTime="116.98" meanSpeed="6.62" meanSpeedRelative="0.48" duration="1"/>
    <step time="38100.00" loaded="22303" inserted="22258" running="54" waiting="45" ended="22204" arrived="22204" collisions="0" teleports="0" halting="17" stopped="0" meanWaitingTime="38.11" meanTravelTime="116.89" meanSpeed="5.12" meanSpeedRelative="0.37" duration="1"/>
    <step time="38400.00" loaded="22429" inserted="22400" running="52" waiting="29" ended="22348" arrived="22348" collisions="0" teleports="0" halting="19" stopped="0" meanWaitingTime="38.42" meanTravelTime="116.85" meanSpeed="4.52" meanSpeedRelative="0.33" duration="2"/>
    <step time="38700.00" loaded="22526" inserted="22512" running="49" waiting="14" ended="22463" arrived="22463" collisions="0" teleports="0" halting="32" stopped="0" meanWaitingTime="38.57" meanTravelTime="116.83" meanSpeed="3.19" meanSpeedRelative="0.23" duration="1"/>
    <step time="39000.00" loaded="22631" inserted="22597" running="45" waiting="34" ended="22552" arrived="22552" collisions="0" teleports="0" halting="7" stopped="0" meanWaitingTime="38.75" meanTravelTime="116.90" meanSpeed="6.14" meanSpeedRelative="0.44" duration="1"/>
    <step time="39300.00" loaded="22757" inserted="22714" running="29" waiting="43" ended="22685" arrived="22685" collisions="0" teleports="0" halting="11" stopped="0" meanWaitingTime="39.02" meanTravelTime="116.90" meanSpeed="6.22" meanSpeedRelative="0.45" duration="1"/>
    <step time="39600.00" loaded="22869" inserted="22820" running="37" waiting="49" ended="22783" arrived="22783" collisions="0" teleports="0" halting="14" stopped="0" meanWaitingTime="39.30" meanTravelTime="116.78" meanSpeed="5.17" meanSpeedRelative="0.37" duration="1"/>
    <step time="39900.00" loaded="22992" inserted="22950" running="64" waiting="42" ended="22886" arrived="22886" collisions="0" teleports="0" halting="46" stopped="0" meanWaitingTime="39.78" meanTravelTime="116.70" meanSpeed="2.20" meanSpeedRelative="0.16" duration="2"/>
    <step time="40200.00" loaded="23080" inserted="23059" running="51" waiting="21" ended="23008" arrived="23008" collisions="0" teleports="0" halting="16" stopped="0" meanWaitingTime="40.25" meanTravelTime="116.89" meanSpeed="3.62" meanSpeedRelative="0.26" duration="0"/>
    <step time="40500.00" loaded="23180" inserted="23157" running="41" waiting="23" ended="23116" arrived="23116" collisions="0" teleports="0" halting="9" stopped="0" meanWaitingTime="40.34" meanTravelTime="117.11" meanSpeed="5.69" meanSpeedRelative="0.41" duration="2"/>
    <step time="40800.00" loaded="23288" inserted="23256" running="36" waiting="32" ended="23220" arrived="23220" collisions="0" teleports="0" halting="14" stopped="0" meanWaitingTime="40.59" meanTravelTime="117.09" meanSpeed="6.45" meanSpeedRelative="0.46" duration="1"/>
    <step time="41100.00" loaded="23371" inserted="23348" running="42" waiting="23" ended="23306" arrived="23306" collisions="0" teleports="0" halting="21" stopped="0" meanWaitingTime="40.77" meanTravelTime="117.12" meanSpeed="2.99" meanSpeedRelative="0.22" duration="1"/>
    <step time="41400.00" loaded="23434" inserted="23423" running="19" waiting="11" ended="23404" arrived="23404" collisions="0" teleports="0" halting="14" stopped="0" meanWaitingTime="40.85" meanTravelTime="117.28" meanSpeed="2.82" meanSpeedRelative="0.20" duration="0"/>
    <step time="41700.00" loaded="23532" inserted="23507" running="46" waiting="25" ended="23461" arrived="23461" collisions="0" teleports="0" halting="20" stopped="0" meanWaitingTime="40.99" meanTravelTime="117.27" meanSpeed="4.65" meanSpeedRelative="0.34" duration="0"/>
    <step time="42000.00" loaded="23612" inserted="23583" running="21" waiting="29" ended="23562" arrived="23562" collisions="0" teleports="0" halting="10" stopped="0" meanWaitingTime="41.17" meanTravelTime="117.36" meanSpeed="3.81" meanSpeedRelative="0.27" duration="0"/>
    <step time="42300.00" loaded="23717" inserted="23694" running="48" waiting="23" ended="23646" arrived="23646" collisions="0" teleports="0" halting="10" stopped="0" meanWaitingTime="41.41" meanTravelTime="117.26" meanSpeed="6.17" meanSpeedRelative="0.44" duration="1"/>
    <step time="42600.00" loaded="23831" inserted="23795" running="42" waiting="36" ended="23753" arrived="23753" collisions="0" teleports="0" halting="7" stopped="0" meanWaitingTime="41.60" meanTravelTime="117.18" meanSpeed="5.82" meanSpeedRelative="0.42" duration="2"/>
    <step time="42900.00" loaded="23930" inserted="23906" running="51" waiting="24" ended="23855" arrived="23855" collisions="0" teleports="0" halting="25" stopped="0" meanWaitingTime="41.87" meanTravelTime="117.29" meanSpeed="4.27" meanSpeedRelative="0.31" duration="2"/>
    <step time="43200.00" loaded="24033" inserted="23997" running="20" waiting="36" ended="23977" arrived="23977" collisions="0" teleports="0" halting="6" stopped="0" meanWaitingTime="41.98" meanTravelTime="117.32" meanSpeed="7.02" meanSpeedRelative="0.51" duration="0"/>
    <step time="43500.00" loaded="24111" inserted="24086" running="41" waiting="25" ended="24045" arrived="24045" collisions="0" teleports="0" halting="10" stopped="0" meanWaitingTime="42.14" meanTravelTime="117.27" meanSpeed="5.44" meanSpeedRelative="0.39" duration="1"/>
    <step time="43800.00" loaded="24213" inserted="24175" running="34" waiting="38" ended="24141" arrived="24141" collisions="0" teleports="0" halting="15" stopped="0" meanWaitingTime="42.34" meanTravelTime="117.33" meanSpeed="4.80" meanSpeedRelative="0.35" duration="1"/>
    <step time="44100.00" loaded="24319" inserted="24289" running="44" waiting="30" ended="24245" arrived="24245" collisions="0" teleports="0" halting="22" stopped="0" meanWaitingTime="42.60" meanTravelTime="117.22" meanSpeed="4.05" meanSpeedRelative="0.29" duration="1"/>
    <step time="44400.00" loaded="24429" inserted="24390" running="62" waiting="39" ended="24328" arrived="24328" collisions="0" teleports="0" halting="46" stopped="0" meanWaitingTime="42.83" meanTravelTime="117.16" meanSpeed="1.25" meanSpeedRelative="0.09" duration="1"/>
    <step time="44700.00" loaded="24532" inserted="24486" running="47" waiting="46" ended="24439" arrived="24439" collisions="0" teleports="0" halting="17" stopped="0" meanWaitingTime="43.21" meanTravelTime="117.58" meanSpeed="3.33" meanSpeedRelative="0.24" duration="2"/>
    <step time="45000.00" loaded="24636" inserted="24588" running="44" waiting="48" ended="24544" arrived="24544" collisions="0" teleports="0" halting="4" stopped="0" meanWaitingTime="43.55" meanTravelTime="117.68" meanSpeed="5.71" meanSpeedRelative="0.41" duration="1"/>
    <step time="45300.00" loaded="24723" inserted="24699" running="67" waiting="24" ended="24632" arrived="24632" collisions="0" teleports="0" halting="15" stopped="0" meanWaitingTime="43.89" meanTravelTime="117.81" meanSpeed="4.41" meanSpeedRelative="0.32" duration="1"/>
    <step time="45600.00" loaded="24805" inserted="24777" running="46" waiting="28" ended="24731" arrived="24731" collisions="0" teleports="0" halting="34" stopped="0" meanWaitingTime="43.98" meanTravelTime="118.05" meanSpeed="2.20" meanSpeedRelative="0.16" duration="2"/>
    <step time="45900.00" loaded="24891" inserted="24845" running="54" waiting="46" ended="24791" arrived="24791" collisions="0" teleports="0" halting="50" stopped="0" meanWaitingTime="44.19" meanTravelTime="118.16" meanSpeed="0.66" meanSpeedRelative="0.05" duration="1"/>
    <step time="46200.00" loaded="24973" inserted="24925" running="62" waiting="48" ended="24863" arrived="24863" collisions="0" teleports="0" halting="56" stopped="0" meanWaitingTime="44.41" meanTravelTime="118.00" meanSpeed="0.67" meanSpeedRelative="0.05" duration="0"/>
    <step time="46500.00" loaded="25021" inserted="25020" running="95" waiting="1" ended="24925" arrived="24925" collisions="0" teleports="0" halting="95" stopped="0" meanWaitingTime="44.74" meanTravelTime="117.85" meanSpeed="0.00" meanSpeedRelative="0.00" duration="1"/>
    <step time="46800.00" loaded="25041" inserted="25040" running="99" waiting="1" ended="24941" arrived="24941" collisions="0" teleports="0" halting="97" stopped="0" meanWaitingTime="44.70" meanTravelTime="117.81" meanSpeed="0.18" meanSpeedRelative="0.01" duration="1"/>
    <step time="47100.00" loaded="25059" inserted="25058" running="94" waiting="1" ended="24964" arrived="24964" collisions="0" teleports="0" halting="91" stopped="0" meanWaitingTime="44.67" meanTravelTime="117.73" meanSpeed="0.19" meanSpeedRelative="0.01" duration="1"/>
    <step time="47400.00" loaded="25075" inserted="25074" running="93" waiting="1" ended="24981" arrived="24981" collisions="0" teleports="0" halting="93" stopped="0" meanWaitingTime="44.64" meanTravelTime="117.68" meanSpeed="0.00" meanSpeedRelative="0.00" duration="2"/>
    <step time="47700.00" loaded="25089" inserted="25088" running="94" waiting="1" ended="24994" arrived="24994" collisions="0" teleports="0" halting="94" stopped="0" meanWaitingTime="44.61" meanTravelTime="117.64" meanSpeed="0.00" meanSpeedRelative="0.00" duration="1"/>
    <step time="48000.00" loaded="25102" inserted="25101" running="93" waiting="1" ended="25008" arrived="25008" collisions="0" teleports="0" halting="91" stopped="0" meanWaitingTime="44.59" meanTravelTime="117.60" meanSpeed="0.16" meanSpeedRelative="0.01" duration="2"/>
    <step time="48300.00" loaded="25116" inserted="25115" running="92" waiting="1" ended="25023" arrived="25023" collisions="0" teleports="0" halting="91" stopped="0" meanWaitingTime="44.57" meanTravelTime="117.55" meanSpeed="0.03" meanSpeedRelative="0.00" duration="1"/>
    <step time="48600.00" loaded="25132" inserted="25131" running="93" waiting="1" ended="25038" arrived="25038" collisions="0" teleports="0" halting="91" stopped="0" meanWaitingTime="44.54" meanTravelTime="117.50" meanSpeed="0.16" meanSpeedRelative="0.01" duration="3"/>
    <step time="48900.00" loaded="25147" inserted="25146" running="97" waiting="1" ended="25049" arrived="25049" collisions="0" teleports="0" halting="95" stopped="0" meanWaitingTime="44.51" meanTravelTime="117.46" meanSpeed="0.07" meanSpeedRelative="0.01" duration="2"/>
    <step time="49200.00" loaded="25156" inserted="25155" running="91" waiting="1" ended="25064" arrived="25064" collisions="0" teleports="0" halting="91" stopped="0" meanWaitingTime="44.50" meanTravelTime="117.43" meanSpeed="0.00" meanSpeedRelative="0.00" duration="1"/>
</summary>
