<?xml version="1.0" encoding="UTF-8"?>

<!-- generated on 2025-02-28 17:27:54 by Eclipse SUMO GUI Version 1.19.0
<configuration xmlns:xsi="http://www.w3.org/2001/XMLSchema-instance" xsi:noNamespaceSchemaLocation="http://sumo.dlr.de/xsd/sumoConfiguration.xsd">

    <input>
        <net-file value="Network.net.xml"/>
        <route-files value="CarRoutes.rou.xml"/>
        <additional-files value="Sensors.add.xml"/>
    </input>

    <output>
        <emission-output value="logs/Emissions.xml"/>
        <summary-output value="logs/Log_summary.xml"/>
        <summary-output.period value="300"/>
        <tripinfo-output value="logs/TripInfos.xml"/>
    </output>

    <time>
        <begin value="0"/>
        <end value="86400"/>
        <step-length value="0.25"/>
    </time>

    <processing>
        <ignore-junction-blocker value="0.1"/>
        <time-to-teleport value="-1"/>
    </processing>

    <report>
        <verbose value="true"/>
        <no-step-log value="true"/>
    </report>

    <emissions>
        <device.emissions.period value="10"/>
    </emissions>

    <traci_server>
        <remote-port value="57811"/>
    </traci_server>

    <gui_only>
        <quit-on-end value="true"/>
        <start value="true"/>
    </gui_only>

</configuration>
-->

<instantE1 xmlns:xsi="http://www.w3.org/2001/XMLSchema-instance" xsi:noNamespaceSchemaLocation="http://sumo.dlr.de/xsd/instant_e1_file.xsd">
    <instantOut id="235_D025" time="2474.97" state="enter" vehID="Car_1156" speed="9.15" length="5.00" type="DEFAULT_CAR"/>
    <instantOut id="235_D025" time="2475.00" state="stay" vehID="Car_1156" speed="9.15" length="5.00" type="DEFAULT_CAR"/>
    <instantOut id="235_D025" time="2475.25" state="stay" vehID="Car_1156" speed="8.53" length="5.00" type="DEFAULT_CAR"/>
    <instantOut id="235_D025" time="2475.50" state="stay" vehID="Car_1156" speed="7.98" length="5.00" type="DEFAULT_CAR"/>
    <instantOut id="235_D025" time="2475.58" state="leave" vehID="Car_1156" speed="7.23" length="5.00" type="DEFAULT_CAR" occupancy="0.61"/>
    <instantOut id="235_D025" time="5292.97" state="enter" vehID="Car_2703" speed="9.20" length="5.00" type="DEFAULT_CAR" gap="2817.39"/>
    <instantOut id="235_D025" time="5293.00" state="stay" vehID="Car_2703" speed="9.20" length="5.00" type="DEFAULT_CAR"/>
    <instantOut id="235_D025" time="5293.25" state="stay" vehID="Car_2703" speed="9.69" length="5.00" type="DEFAULT_CAR"/>
    <instantOut id="235_D025" time="5293.50" state="stay" vehID="Car_2703" speed="9.24" length="5.00" type="DEFAULT_CAR"/>
    <instantOut id="235_D025" time="5293.50" state="leave" vehID="Car_2703" speed="8.55" length="5.00" type="DEFAULT_CAR" occupancy="0.53"/>
    <instantOut id="235_D025" time="7103.24" state="enter" vehID="Car_4104" speed="9.37" length="5.00" type="DEFAULT_CAR" gap="1809.74"/>
    <instantOut id="235_D025" time="7103.25" state="stay" vehID="Car_4104" speed="9.37" length="5.00" type="DEFAULT_CAR"/>
    <instantOut id="235_D025" time="7103.50" state="stay" vehID="Car_4104" speed="9.95" length="5.00" type="DEFAULT_CAR"/>
    <instantOut id="235_D025" time="7103.74" state="leave" vehID="Car_4104" speed="9.85" length="5.00" type="DEFAULT_CAR" occupancy="0.51"/>
    <instantOut id="235_D025" time="9473.65" state="enter" vehID="Car_5328" speed="9.97" length="5.00" type="DEFAULT_CAR" gap="2369.90"/>
    <instantOut id="235_D025" time="9473.75" state="stay" vehID="Car_5328" speed="9.97" length="5.00" type="DEFAULT_CAR"/>
    <instantOut id="235_D025" time="9474.00" state="stay" vehID="Car_5328" speed="9.71" length="5.00" type="DEFAULT_CAR"/>
    <instantOut id="235_D025" time="9474.17" state="leave" vehID="Car_5328" speed="8.96" length="5.00" type="DEFAULT_CAR" occupancy="0.53"/>
    <instantOut id="235_D025" time="9673.39" state="enter" vehID="Car_5237" speed="10.17" length="5.00" type="DEFAULT_CAR" gap="199.21"/>
    <instantOut id="235_D025" time="9673.50" state="stay" vehID="Car_5237" speed="10.17" length="5.00" type="DEFAULT_CAR"/>
    <instantOut id="235_D025" time="9673.75" state="stay" vehID="Car_5237" speed="9.42" length="5.00" type="DEFAULT_CAR"/>
    <instantOut id="235_D025" time="9673.91" state="leave" vehID="Car_5237" speed="8.96" length="5.00" type="DEFAULT_CAR" occupancy="0.53"/>
    <instantOut id="235_D025" time="12017.93" state="enter" vehID="Car_6880" speed="10.63" length="5.00" type="DEFAULT_CAR" gap="2344.01"/>
    <instantOut id="235_D025" time="12018.00" state="stay" vehID="Car_6880" speed="10.63" length="5.00" type="DEFAULT_CAR"/>
    <instantOut id="235_D025" time="12018.25" state="stay" vehID="Car_6880" speed="9.88" length="5.00" type="DEFAULT_CAR"/>
    <instantOut id="235_D025" time="12018.44" state="leave" vehID="Car_6880" speed="9.19" length="5.00" type="DEFAULT_CAR" occupancy="0.51"/>
    <instantOut id="235_D025" time="14709.81" state="enter" vehID="Car_8328" speed="7.22" length="5.00" type="DEFAULT_CAR" gap="2691.37"/>
    <instantOut id="235_D025" time="14710.00" state="stay" vehID="Car_8328" speed="7.22" length="5.00" type="DEFAULT_CAR"/>
    <instantOut id="235_D025" time="14710.25" state="stay" vehID="Car_8328" speed="6.47" length="5.00" type="DEFAULT_CAR"/>
    <instantOut id="235_D025" time="14710.50" state="stay" vehID="Car_8328" speed="5.74" length="5.00" type="DEFAULT_CAR"/>
    <instantOut id="235_D025" time="14710.62" state="leave" vehID="Car_8328" speed="4.99" length="5.00" type="DEFAULT_CAR" occupancy="0.81"/>
    <instantOut id="235_D025" time="16542.52" state="enter" vehID="Car_9430" speed="7.66" length="5.00" type="DEFAULT_CAR" gap="1831.90"/>
    <instantOut id="235_D025" time="16542.75" state="stay" vehID="Car_9430" speed="7.66" length="5.00" type="DEFAULT_CAR"/>
    <instantOut id="235_D025" time="16543.00" state="stay" vehID="Car_9430" speed="6.91" length="5.00" type="DEFAULT_CAR"/>
    <instantOut id="235_D025" time="16543.25" state="leave" vehID="Car_9430" speed="6.16" length="5.00" type="DEFAULT_CAR" occupancy="0.73"/>
    <instantOut id="235_D025" time="16954.95" state="enter" vehID="Car_9589" speed="9.53" length="5.00" type="DEFAULT_CAR" gap="411.70"/>
    <instantOut id="235_D025" time="16955.00" state="stay" vehID="Car_9589" speed="9.53" length="5.00" type="DEFAULT_CAR"/>
    <instantOut id="235_D025" time="16955.25" state="stay" vehID="Car_9589" speed="10.15" length="5.00" type="DEFAULT_CAR"/>
    <instantOut id="235_D025" time="16955.44" state="leave" vehID="Car_9589" speed="10.20" length="5.00" type="DEFAULT_CAR" occupancy="0.49"/>
    <instantOut id="235_D025" time="19447.78" state="enter" vehID="Car_10867" speed="7.19" length="5.00" type="DEFAULT_CAR" gap="2492.33"/>
    <instantOut id="235_D025" time="19448.00" state="stay" vehID="Car_10867" speed="7.19" length="5.00" type="DEFAULT_CAR"/>
    <instantOut id="235_D025" time="19448.25" state="stay" vehID="Car_10867" speed="6.52" length="5.00" type="DEFAULT_CAR"/>
    <instantOut id="235_D025" time="19448.50" state="stay" vehID="Car_10867" speed="5.77" length="5.00" type="DEFAULT_CAR"/>
    <instantOut id="235_D025" time="19448.56" state="leave" vehID="Car_10867" speed="5.02" length="5.00" type="DEFAULT_CAR" occupancy="0.79"/>
    <instantOut id="235_D025" time="21145.04" state="enter" vehID="Car_12120" speed="7.69" length="5.00" type="DEFAULT_CAR" gap="1696.48"/>
    <instantOut id="235_D025" time="21145.25" state="stay" vehID="Car_12120" speed="7.69" length="5.00" type="DEFAULT_CAR"/>
    <instantOut id="235_D025" time="21145.50" state="stay" vehID="Car_12120" speed="6.94" length="5.00" type="DEFAULT_CAR"/>
    <instantOut id="235_D025" time="21145.75" state="stay" vehID="Car_12120" speed="6.19" length="5.00" type="DEFAULT_CAR"/>
    <instantOut id="235_D025" time="21145.77" state="leave" vehID="Car_12120" speed="5.44" length="5.00" type="DEFAULT_CAR" occupancy="0.73"/>
    <instantOut id="235_D025" time="21154.19" state="enter" vehID="Car_12121" speed="7.82" length="5.00" type="DEFAULT_CAR" gap="8.42"/>
    <instantOut id="235_D025" time="21154.25" state="stay" vehID="Car_12121" speed="7.82" length="5.00" type="DEFAULT_CAR"/>
    <instantOut id="235_D025" time="21154.50" state="stay" vehID="Car_12121" speed="7.07" length="5.00" type="DEFAULT_CAR"/>
    <instantOut id="235_D025" time="21154.75" state="stay" vehID="Car_12121" speed="6.32" length="5.00" type="DEFAULT_CAR"/>
    <instantOut id="235_D025" time="21154.97" state="leave" vehID="Car_12121" speed="5.57" length="5.00" type="DEFAULT_CAR" occupancy="0.77"/>
    <instantOut id="235_D025" time="22141.44" state="enter" vehID="Car_12393" speed="10.43" length="5.00" type="DEFAULT_CAR" gap="986.47"/>
    <instantOut id="235_D025" time="22141.50" state="stay" vehID="Car_12393" speed="10.43" length="5.00" type="DEFAULT_CAR"/>
    <instantOut id="235_D025" time="22141.75" state="stay" vehID="Car_12393" speed="9.97" length="5.00" type="DEFAULT_CAR"/>
    <instantOut id="235_D025" time="22141.96" state="leave" vehID="Car_12393" speed="9.22" length="5.00" type="DEFAULT_CAR" occupancy="0.51"/>
    <instantOut id="235_D025" time="23243.58" state="enter" vehID="Car_13185" speed="8.26" length="5.00" type="DEFAULT_CAR" gap="1101.63"/>
    <instantOut id="235_D025" time="23243.75" state="stay" vehID="Car_13185" speed="8.26" length="5.00" type="DEFAULT_CAR"/>
    <instantOut id="235_D025" time="23244.00" state="stay" vehID="Car_13185" speed="7.51" length="5.00" type="DEFAULT_CAR"/>
    <instantOut id="235_D025" time="23244.25" state="stay" vehID="Car_13185" speed="6.76" length="5.00" type="DEFAULT_CAR"/>
    <instantOut id="235_D025" time="23244.26" state="leave" vehID="Car_13185" speed="6.01" length="5.00" type="DEFAULT_CAR" occupancy="0.67"/>
    <instantOut id="235_D025" time="23493.43" state="enter" vehID="Car_13750" speed="8.13" length="5.00" type="DEFAULT_CAR" gap="249.18"/>
    <instantOut id="235_D025" time="23493.50" state="stay" vehID="Car_13750" speed="8.13" length="5.00" type="DEFAULT_CAR"/>
    <instantOut id="235_D025" time="23493.75" state="stay" vehID="Car_13750" speed="8.85" length="5.00" type="DEFAULT_CAR"/>
    <instantOut id="235_D025" time="23494.00" state="stay" vehID="Car_13750" speed="8.10" length="5.00" type="DEFAULT_CAR"/>
    <instantOut id="235_D025" time="23494.03" state="leave" vehID="Car_13750" speed="7.35" length="5.00" type="DEFAULT_CAR" occupancy="0.60"/>
    <instantOut id="235_D025" time="24563.92" state="enter" vehID="Car_13920" speed="7.09" length="5.00" type="DEFAULT_CAR" gap="1069.89"/>
    <instantOut id="235_D025" time="24564.00" state="stay" vehID="Car_13920" speed="7.09" length="5.00" type="DEFAULT_CAR"/>
    <instantOut id="235_D025" time="24564.25" state="stay" vehID="Car_13920" speed="7.19" length="5.00" type="DEFAULT_CAR"/>
    <instantOut id="235_D025" time="24564.50" state="stay" vehID="Car_13920" speed="6.44" length="5.00" type="DEFAULT_CAR"/>
    <instantOut id="235_D025" time="24564.68" state="leave" vehID="Car_13920" speed="5.69" length="5.00" type="DEFAULT_CAR" occupancy="0.76"/>
    <instantOut id="235_D025" time="24928.48" state="enter" vehID="Car_14506" speed="9.18" length="5.00" type="DEFAULT_CAR" gap="363.80"/>
    <instantOut id="235_D025" time="24928.50" state="stay" vehID="Car_14506" speed="9.18" length="5.00" type="DEFAULT_CAR"/>
    <instantOut id="235_D025" time="24928.75" state="stay" vehID="Car_14506" speed="9.23" length="5.00" type="DEFAULT_CAR"/>
    <instantOut id="235_D025" time="24929.00" state="stay" vehID="Car_14506" speed="8.77" length="5.00" type="DEFAULT_CAR"/>
    <instantOut id="235_D025" time="24929.04" state="leave" vehID="Car_14506" speed="8.02" length="5.00" type="DEFAULT_CAR" occupancy="0.56"/>
    <instantOut id="235_D025" time="25225.09" state="enter" vehID="Car_14647" speed="7.12" length="5.00" type="DEFAULT_CAR" gap="296.05"/>
    <instantOut id="235_D025" time="25225.25" state="stay" vehID="Car_14647" speed="7.12" length="5.00" type="DEFAULT_CAR"/>
    <instantOut id="235_D025" time="25225.50" state="stay" vehID="Car_14647" speed="6.37" length="5.00" type="DEFAULT_CAR"/>
    <instantOut id="235_D025" time="25225.75" state="stay" vehID="Car_14647" speed="5.82" length="5.00" type="DEFAULT_CAR"/>
    <instantOut id="235_D025" time="25225.91" state="leave" vehID="Car_14647" speed="5.07" length="5.00" type="DEFAULT_CAR" occupancy="0.82"/>
    <instantOut id="235_D025" time="25426.93" state="enter" vehID="Car_14596" speed="7.33" length="5.00" type="DEFAULT_CAR" gap="201.02"/>
    <instantOut id="235_D025" time="25427.00" state="stay" vehID="Car_14596" speed="7.33" length="5.00" type="DEFAULT_CAR"/>
    <instantOut id="235_D025" time="25427.25" state="stay" vehID="Car_14596" speed="8.21" length="5.00" type="DEFAULT_CAR"/>
    <instantOut id="235_D025" time="25427.50" state="stay" vehID="Car_14596" speed="8.02" length="5.00" type="DEFAULT_CAR"/>
    <instantOut id="235_D025" time="25427.56" state="leave" vehID="Car_14596" speed="7.58" length="5.00" type="DEFAULT_CAR" occupancy="0.63"/>
    <instantOut id="235_D025" time="26028.44" state="enter" vehID="Car_15604" speed="10.06" length="5.00" type="DEFAULT_CAR" gap="600.88"/>
    <instantOut id="235_D025" time="26028.50" state="stay" vehID="Car_15604" speed="10.06" length="5.00" type="DEFAULT_CAR"/>
    <instantOut id="235_D025" time="26028.75" state="stay" vehID="Car_15604" speed="9.31" length="5.00" type="DEFAULT_CAR"/>
    <instantOut id="235_D025" time="26028.99" state="leave" vehID="Car_15604" speed="8.63" length="5.00" type="DEFAULT_CAR" occupancy="0.55"/>
    <instantOut id="235_D025" time="26030.49" state="enter" vehID="Car_15603" speed="9.11" length="5.00" type="DEFAULT_CAR" gap="1.50"/>
    <instantOut id="235_D025" time="26030.50" state="stay" vehID="Car_15603" speed="9.11" length="5.00" type="DEFAULT_CAR"/>
    <instantOut id="235_D025" time="26030.75" state="stay" vehID="Car_15603" speed="8.40" length="5.00" type="DEFAULT_CAR"/>
    <instantOut id="235_D025" time="26031.00" state="stay" vehID="Car_15603" speed="7.65" length="5.00" type="DEFAULT_CAR"/>
    <instantOut id="235_D025" time="26031.13" state="leave" vehID="Car_15603" speed="6.90" length="5.00" type="DEFAULT_CAR" occupancy="0.64"/>
    <instantOut id="235_D025" time="26986.42" state="enter" vehID="Car_16034" speed="10.21" length="5.00" type="DEFAULT_CAR" gap="955.29"/>
    <instantOut id="235_D025" time="26986.50" state="stay" vehID="Car_16034" speed="10.21" length="5.00" type="DEFAULT_CAR"/>
    <instantOut id="235_D025" time="26986.75" state="stay" vehID="Car_16034" speed="9.68" length="5.00" type="DEFAULT_CAR"/>
    <instantOut id="235_D025" time="26986.94" state="leave" vehID="Car_16034" speed="9.08" length="5.00" type="DEFAULT_CAR" occupancy="0.52"/>
    <instantOut id="235_D025" time="33547.03" state="enter" vehID="Car_19974" speed="7.26" length="5.00" type="DEFAULT_CAR" gap="6560.09"/>
    <instantOut id="235_D025" time="33547.25" state="stay" vehID="Car_19974" speed="7.26" length="5.00" type="DEFAULT_CAR"/>
    <instantOut id="235_D025" time="33547.50" state="stay" vehID="Car_19974" speed="6.87" length="5.00" type="DEFAULT_CAR"/>
    <instantOut id="235_D025" time="33547.75" state="stay" vehID="Car_19974" speed="6.17" length="5.00" type="DEFAULT_CAR"/>
    <instantOut id="235_D025" time="33547.78" state="leave" vehID="Car_19974" speed="5.55" length="5.00" type="DEFAULT_CAR" occupancy="0.75"/>
    <instantOut id="235_D025" time="34201.24" state="enter" vehID="Car_20766" speed="8.91" length="5.00" type="DEFAULT_CAR" gap="653.46"/>
    <instantOut id="235_D025" time="34201.25" state="stay" vehID="Car_20766" speed="8.91" length="5.00" type="DEFAULT_CAR"/>
    <instantOut id="235_D025" time="34201.50" state="stay" vehID="Car_20766" speed="8.16" length="5.00" type="DEFAULT_CAR"/>
    <instantOut id="235_D025" time="34201.75" state="stay" vehID="Car_20766" speed="7.41" length="5.00" type="DEFAULT_CAR"/>
    <instantOut id="235_D025" time="34201.90" state="leave" vehID="Car_20766" speed="6.66" length="5.00" type="DEFAULT_CAR" occupancy="0.66"/>
    <instantOut id="235_D025" time="34404.99" state="enter" vehID="Car_20385" speed="8.62" length="5.00" type="DEFAULT_CAR" gap="203.09"/>
    <instantOut id="235_D025" time="34405.00" state="stay" vehID="Car_20385" speed="8.62" length="5.00" type="DEFAULT_CAR"/>
    <instantOut id="235_D025" time="34405.25" state="stay" vehID="Car_20385" speed="8.12" length="5.00" type="DEFAULT_CAR"/>
    <instantOut id="235_D025" time="34405.50" state="stay" vehID="Car_20385" speed="7.41" length="5.00" type="DEFAULT_CAR"/>
    <instantOut id="235_D025" time="34405.65" state="leave" vehID="Car_20385" speed="6.92" length="5.00" type="DEFAULT_CAR" occupancy="0.66"/>
    <instantOut id="235_D025" time="35894.23" state="enter" vehID="Car_21170" speed="9.15" length="5.00" type="DEFAULT_CAR" gap="1488.58"/>
    <instantOut id="235_D025" time="35894.25" state="stay" vehID="Car_21170" speed="9.15" length="5.00" type="DEFAULT_CAR"/>
    <instantOut id="235_D025" time="35894.50" state="stay" vehID="Car_21170" speed="8.43" length="5.00" type="DEFAULT_CAR"/>
    <instantOut id="235_D025" time="35894.75" state="stay" vehID="Car_21170" speed="7.73" length="5.00" type="DEFAULT_CAR"/>
    <instantOut id="235_D025" time="35894.86" state="leave" vehID="Car_21170" speed="6.98" length="5.00" type="DEFAULT_CAR" occupancy="0.63"/>
    <instantOut id="235_D025" time="36096.90" state="enter" vehID="Car_21651" speed="7.66" length="5.00" type="DEFAULT_CAR" gap="202.04"/>
    <instantOut id="235_D025" time="36097.00" state="stay" vehID="Car_21651" speed="7.66" length="5.00" type="DEFAULT_CAR"/>
    <instantOut id="235_D025" time="36097.25" state="stay" vehID="Car_21651" speed="8.22" length="5.00" type="DEFAULT_CAR"/>
    <instantOut id="235_D025" time="36097.50" state="stay" vehID="Car_21651" speed="8.48" length="5.00" type="DEFAULT_CAR"/>
    <instantOut id="235_D025" time="36097.51" state="leave" vehID="Car_21651" speed="7.98" length="5.00" type="DEFAULT_CAR" occupancy="0.61"/>
    <instantOut id="235_D025" time="36905.80" state="enter" vehID="Car_21870" speed="7.06" length="5.00" type="DEFAULT_CAR" gap="808.29"/>
    <instantOut id="235_D025" time="36906.00" state="stay" vehID="Car_21870" speed="7.06" length="5.00" type="DEFAULT_CAR"/>
    <instantOut id="235_D025" time="36906.25" state="stay" vehID="Car_21870" speed="6.58" length="5.00" type="DEFAULT_CAR"/>
    <instantOut id="235_D025" time="36906.50" state="stay" vehID="Car_21870" speed="5.83" length="5.00" type="DEFAULT_CAR"/>
    <instantOut id="235_D025" time="36906.59" state="leave" vehID="Car_21870" speed="5.08" length="5.00" type="DEFAULT_CAR" occupancy="0.80"/>
    <instantOut id="235_D025" time="38943.97" state="enter" vehID="Car_22790" speed="9.34" length="5.00" type="DEFAULT_CAR" gap="2037.37"/>
    <instantOut id="235_D025" time="38944.00" state="stay" vehID="Car_22790" speed="9.34" length="5.00" type="DEFAULT_CAR"/>
    <instantOut id="235_D025" time="38944.25" state="stay" vehID="Car_22790" speed="10.14" length="5.00" type="DEFAULT_CAR"/>
    <instantOut id="235_D025" time="38944.48" state="leave" vehID="Car_22790" speed="9.39" length="5.00" type="DEFAULT_CAR" occupancy="0.51"/>
    <instantOut id="235_D025" time="41285.45" state="enter" vehID="Car_23224" speed="10.27" length="5.00" type="DEFAULT_CAR" gap="2340.97"/>
    <instantOut id="235_D025" time="41285.50" state="stay" vehID="Car_23224" speed="10.27" length="5.00" type="DEFAULT_CAR"/>
    <instantOut id="235_D025" time="41285.75" state="stay" vehID="Car_23224" speed="9.52" length="5.00" type="DEFAULT_CAR"/>
    <instantOut id="235_D025" time="41285.99" state="leave" vehID="Car_23224" speed="8.77" length="5.00" type="DEFAULT_CAR" occupancy="0.54"/>
    <instantOut id="235_D025" time="41297.99" state="enter" vehID="Car_23418" speed="9.07" length="5.00" type="DEFAULT_CAR" gap="12.00"/>
    <instantOut id="235_D025" time="41298.00" state="stay" vehID="Car_23418" speed="9.07" length="5.00" type="DEFAULT_CAR"/>
    <instantOut id="235_D025" time="41298.25" state="stay" vehID="Car_23418" speed="8.76" length="5.00" type="DEFAULT_CAR"/>
    <instantOut id="235_D025" time="41298.50" state="stay" vehID="Car_23418" speed="8.01" length="5.00" type="DEFAULT_CAR"/>
    <instantOut id="235_D025" time="41298.60" state="leave" vehID="Car_23418" speed="7.26" length="5.00" type="DEFAULT_CAR" occupancy="0.61"/>
    <instantOut id="235_D025" time="42526.89" state="enter" vehID="Car_23771" speed="4.55" length="5.00" type="DEFAULT_CAR" gap="1228.30"/>
    <instantOut id="235_D025" time="42527.00" state="stay" vehID="Car_23771" speed="4.55" length="5.00" type="DEFAULT_CAR"/>
    <instantOut id="235_D025" time="42527.25" state="stay" vehID="Car_23771" speed="4.81" length="5.00" type="DEFAULT_CAR"/>
    <instantOut id="235_D025" time="42527.50" state="stay" vehID="Car_23771" speed="4.57" length="5.00" type="DEFAULT_CAR"/>
    <instantOut id="235_D025" time="42527.75" state="stay" vehID="Car_23771" speed="4.68" length="5.00" type="DEFAULT_CAR"/>
    <instantOut id="235_D025" time="42528.00" state="stay" vehID="Car_23771" speed="3.93" length="5.00" type="DEFAULT_CAR"/>
    <instantOut id="235_D025" time="42528.01" state="leave" vehID="Car_23771" speed="3.18" length="5.00" type="DEFAULT_CAR" occupancy="1.11"/>
    <instantOut id="235_D025" time="42591.01" state="enter" vehID="Car_23756" speed="7.40" length="5.00" type="DEFAULT_CAR" gap="63.00"/>
    <instantOut id="235_D025" time="42591.25" state="stay" vehID="Car_23756" speed="7.40" length="5.00" type="DEFAULT_CAR"/>
    <instantOut id="235_D025" time="42591.50" state="stay" vehID="Car_23756" speed="7.08" length="5.00" type="DEFAULT_CAR"/>
    <instantOut id="235_D025" time="42591.72" state="leave" vehID="Car_23756" speed="6.68" length="5.00" type="DEFAULT_CAR" occupancy="0.71"/>
    <instantOut id="235_D025" time="42794.01" state="enter" vehID="Car_23893" speed="8.17" length="5.00" type="DEFAULT_CAR" gap="202.29"/>
    <instantOut id="235_D025" time="42794.25" state="stay" vehID="Car_23893" speed="8.17" length="5.00" type="DEFAULT_CAR"/>
    <instantOut id="235_D025" time="42794.50" state="stay" vehID="Car_23893" speed="7.42" length="5.00" type="DEFAULT_CAR"/>
    <instantOut id="235_D025" time="42794.68" state="leave" vehID="Car_23893" speed="6.67" length="5.00" type="DEFAULT_CAR" occupancy="0.67"/>
</instantE1>
