<?xml version="1.0" encoding="UTF-8"?>

<!-- generated on 2025-02-25 15:50:15 by Eclipse SUMO GUI Version 1.19.0
<configuration xmlns:xsi="http://www.w3.org/2001/XMLSchema-instance" xsi:noNamespaceSchemaLocation="http://sumo.dlr.de/xsd/sumoConfiguration.xsd">

    <input>
        <net-file value="Network.net.xml"/>
        <route-files value="CarRoutes.rou.xml"/>
        <additional-files value="Sensors.add.xml"/>
    </input>

    <output>
        <emission-output value="logs/Emissions.xml"/>
        <summary-output value="logs/Log_summary.xml"/>
        <summary-output.period value="300"/>
        <tripinfo-output value="logs/TripInfos.xml"/>
    </output>

    <time>
        <begin value="0"/>
        <end value="86400"/>
        <step-length value="0.25"/>
    </time>

    <processing>
        <ignore-junction-blocker value="0.1"/>
        <time-to-teleport value="-1"/>
    </processing>

    <report>
        <verbose value="true"/>
        <no-step-log value="true"/>
    </report>

    <emissions>
        <device.emissions.period value="10"/>
    </emissions>

    <traci_server>
        <remote-port value="57938"/>
    </traci_server>

    <gui_only>
        <quit-on-end value="true"/>
        <start value="true"/>
    </gui_only>

</configuration>
-->

<summary xmlns:xsi="http://www.w3.org/2001/XMLSchema-instance" xsi:noNamespaceSchemaLocation="http://sumo.dlr.de/xsd/summary_file.xsd">
    <step time="0.00" loaded="0" inserted="0" running="0" waiting="0" ended="0" arrived="0" collisions="0" teleports="0" halting="0" stopped="0" meanWaitingTime="-1.00" meanTravelTime="-1.00" meanSpeed="-1.00" meanSpeedRelative="-1.00" duration="0"/>
    <step time="300.00" loaded="210" inserted="195" running="92" waiting="15" ended="103" arrived="103" collisions="0" teleports="0" halting="49" stopped="0" meanWaitingTime="13.80" meanTravelTime="80.23" meanSpeed="3.77" meanSpeedRelative="0.27" duration="1"/>
    <step time="600.00" loaded="371" inserted="359" running="66" waiting="12" ended="293" arrived="293" collisions="0" teleports="0" halting="37" stopped="0" meanWaitingTime="16.39" meanTravelTime="115.70" meanSpeed="4.17" meanSpeedRelative="0.30" duration="1"/>
    <step time="900.00" loaded="528" inserted="518" running="54" waiting="10" ended="464" arrived="464" collisions="0" teleports="0" halting="29" stopped="0" meanWaitingTime="14.78" meanTravelTime="112.29" meanSpeed="3.84" meanSpeedRelative="0.28" duration="1"/>
    <step time="1200.00" loaded="701" inserted="686" running="56" waiting="15" ended="630" arrived="630" collisions="0" teleports="0" halting="9" stopped="0" meanWaitingTime="17.43" meanTravelTime="110.54" meanSpeed="7.87" meanSpeedRelative="0.57" duration="1"/>
    <step time="1500.00" loaded="867" inserted="847" running="63" waiting="20" ended="784" arrived="784" collisions="0" teleports="0" halting="14" stopped="0" meanWaitingTime="18.31" meanTravelTime="108.77" meanSpeed="5.13" meanSpeedRelative="0.37" duration="1"/>
    <step time="1800.00" loaded="1026" inserted="1007" running="46" waiting="19" ended="961" arrived="961" collisions="0" teleports="0" halting="20" stopped="0" meanWaitingTime="21.21" meanTravelTime="109.72" meanSpeed="4.56" meanSpeedRelative="0.33" duration="1"/>
    <step time="2100.00" loaded="1184" inserted="1169" running="64" waiting="15" ended="1105" arrived="1105" collisions="0" teleports="0" halting="42" stopped="0" meanWaitingTime="19.93" meanTravelTime="107.63" meanSpeed="2.96" meanSpeedRelative="0.21" duration="1"/>
    <step time="2400.00" loaded="1328" inserted="1312" running="48" waiting="16" ended="1264" arrived="1264" collisions="0" teleports="0" halting="21" stopped="0" meanWaitingTime="19.84" meanTravelTime="109.62" meanSpeed="4.67" meanSpeedRelative="0.34" duration="1"/>
    <step time="2700.00" loaded="1473" inserted="1470" running="50" waiting="3" ended="1420" arrived="1420" collisions="0" teleports="0" halting="11" stopped="0" meanWaitingTime="19.76" meanTravelTime="109.09" meanSpeed="6.88" meanSpeedRelative="0.50" duration="1"/>
    <step time="3000.00" loaded="1634" inserted="1627" running="44" waiting="7" ended="1583" arrived="1583" collisions="0" teleports="0" halting="20" stopped="0" meanWaitingTime="18.48" meanTravelTime="107.28" meanSpeed="4.07" meanSpeedRelative="0.29" duration="1"/>
    <step time="3300.00" loaded="1802" inserted="1787" running="51" waiting="15" ended="1736" arrived="1736" collisions="0" teleports="0" halting="10" stopped="0" meanWaitingTime="18.55" meanTravelTime="106.56" meanSpeed="7.37" meanSpeedRelative="0.53" duration="1"/>
    <step time="3600.00" loaded="1935" inserted="1935" running="45" waiting="0" ended="1890" arrived="1890" collisions="0" teleports="0" halting="15" stopped="0" meanWaitingTime="18.24" meanTravelTime="105.15" meanSpeed="6.01" meanSpeedRelative="0.43" duration="0"/>
    <step time="3900.00" loaded="2102" inserted="2102" running="66" waiting="0" ended="2036" arrived="2036" collisions="0" teleports="0" halting="39" stopped="0" meanWaitingTime="16.91" meanTravelTime="104.60" meanSpeed="3.00" meanSpeedRelative="0.22" duration="1"/>
    <step time="4200.00" loaded="2232" inserted="2232" running="46" waiting="0" ended="2186" arrived="2186" collisions="0" teleports="0" halting="10" stopped="0" meanWaitingTime="17.01" meanTravelTime="104.42" meanSpeed="6.35" meanSpeedRelative="0.46" duration="1"/>
    <step time="4500.00" loaded="2409" inserted="2408" running="62" waiting="1" ended="2346" arrived="2346" collisions="0" teleports="0" halting="28" stopped="0" meanWaitingTime="16.21" meanTravelTime="103.86" meanSpeed="4.28" meanSpeedRelative="0.32" duration="1"/>
    <step time="4800.00" loaded="2566" inserted="2560" running="40" waiting="6" ended="2520" arrived="2520" collisions="0" teleports="0" halting="16" stopped="0" meanWaitingTime="15.50" meanTravelTime="103.37" meanSpeed="4.43" meanSpeedRelative="0.32" duration="0"/>
    <step time="5100.00" loaded="2733" inserted="2723" running="55" waiting="10" ended="2668" arrived="2668" collisions="0" teleports="0" halting="6" stopped="0" meanWaitingTime="16.17" meanTravelTime="102.27" meanSpeed="6.95" meanSpeedRelative="0.50" duration="0"/>
    <step time="5400.00" loaded="2885" inserted="2883" running="55" waiting="2" ended="2828" arrived="2828" collisions="0" teleports="0" halting="16" stopped="0" meanWaitingTime="16.07" meanTravelTime="102.27" meanSpeed="5.00" meanSpeedRelative="0.36" duration="1"/>
    <step time="5700.00" loaded="3071" inserted="3056" running="73" waiting="15" ended="2983" arrived="2983" collisions="0" teleports="0" halting="34" stopped="0" meanWaitingTime="15.52" meanTravelTime="102.20" meanSpeed="3.56" meanSpeedRelative="0.26" duration="1"/>
    <step time="6000.00" loaded="3194" inserted="3191" running="42" waiting="3" ended="3149" arrived="3149" collisions="0" teleports="0" halting="15" stopped="0" meanWaitingTime="15.54" meanTravelTime="104.44" meanSpeed="4.96" meanSpeedRelative="0.36" duration="1"/>
    <step time="6300.00" loaded="3358" inserted="3341" running="72" waiting="17" ended="3269" arrived="3269" collisions="0" teleports="0" halting="33" stopped="0" meanWaitingTime="15.59" meanTravelTime="105.20" meanSpeed="4.10" meanSpeedRelative="0.30" duration="1"/>
    <step time="6600.00" loaded="3518" inserted="3510" running="65" waiting="8" ended="3445" arrived="3445" collisions="0" teleports="0" halting="17" stopped="0" meanWaitingTime="15.79" meanTravelTime="105.46" meanSpeed="4.55" meanSpeedRelative="0.33" duration="2"/>
    <step time="6900.00" loaded="3703" inserted="3686" running="67" waiting="17" ended="3619" arrived="3619" collisions="0" teleports="0" halting="24" stopped="0" meanWaitingTime="15.79" meanTravelTime="105.73" meanSpeed="4.29" meanSpeedRelative="0.31" duration="1"/>
    <step time="7200.00" loaded="3860" inserted="3839" running="48" waiting="21" ended="3791" arrived="3791" collisions="0" teleports="0" halting="14" stopped="0" meanWaitingTime="16.38" meanTravelTime="105.85" meanSpeed="5.71" meanSpeedRelative="0.41" duration="1"/>
    <step time="7500.00" loaded="4010" inserted="3998" running="39" waiting="12" ended="3959" arrived="3959" collisions="0" teleports="0" halting="19" stopped="0" meanWaitingTime="17.07" meanTravelTime="105.92" meanSpeed="4.77" meanSpeedRelative="0.34" duration="1"/>
    <step time="7800.00" loaded="4167" inserted="4144" running="43" waiting="23" ended="4101" arrived="4101" collisions="0" teleports="0" halting="8" stopped="0" meanWaitingTime="17.57" meanTravelTime="105.17" meanSpeed="6.32" meanSpeedRelative="0.47" duration="1"/>
    <step time="8100.00" loaded="4340" inserted="4327" running="53" waiting="13" ended="4274" arrived="4274" collisions="0" teleports="0" halting="18" stopped="0" meanWaitingTime="18.63" meanTravelTime="104.23" meanSpeed="4.87" meanSpeedRelative="0.35" duration="1"/>
    <step time="8400.00" loaded="4524" inserted="4520" running="74" waiting="4" ended="4446" arrived="4446" collisions="0" teleports="0" halting="30" stopped="0" meanWaitingTime="18.53" meanTravelTime="104.08" meanSpeed="3.69" meanSpeedRelative="0.27" duration="1"/>
    <step time="8700.00" loaded="4694" inserted="4689" running="90" waiting="5" ended="4599" arrived="4599" collisions="0" teleports="0" halting="29" stopped="0" meanWaitingTime="18.30" meanTravelTime="104.78" meanSpeed="4.33" meanSpeedRelative="0.31" duration="2"/>
    <step time="9000.00" loaded="4880" inserted="4863" running="69" waiting="17" ended="4794" arrived="4794" collisions="0" teleports="0" halting="20" stopped="0" meanWaitingTime="18.13" meanTravelTime="105.41" meanSpeed="4.11" meanSpeedRelative="0.30" duration="1"/>
    <step time="9300.00" loaded="5067" inserted="5048" running="55" waiting="19" ended="4993" arrived="4993" collisions="0" teleports="0" halting="25" stopped="0" meanWaitingTime="18.10" meanTravelTime="105.60" meanSpeed="4.56" meanSpeedRelative="0.34" duration="1"/>
    <step time="9600.00" loaded="5235" inserted="5222" running="61" waiting="13" ended="5161" arrived="5161" collisions="0" teleports="0" halting="13" stopped="0" meanWaitingTime="18.57" meanTravelTime="105.08" meanSpeed="6.52" meanSpeedRelative="0.47" duration="2"/>
    <step time="9900.00" loaded="5381" inserted="5365" running="35" waiting="16" ended="5330" arrived="5330" collisions="0" teleports="0" halting="10" stopped="0" meanWaitingTime="18.46" meanTravelTime="105.16" meanSpeed="6.48" meanSpeedRelative="0.49" duration="1"/>
    <step time="10200.00" loaded="5552" inserted="5543" running="71" waiting="9" ended="5472" arrived="5472" collisions="0" teleports="0" halting="16" stopped="0" meanWaitingTime="18.71" meanTravelTime="104.81" meanSpeed="4.16" meanSpeedRelative="0.30" duration="1"/>
    <step time="10500.00" loaded="5731" inserted="5720" running="72" waiting="11" ended="5648" arrived="5648" collisions="0" teleports="0" halting="15" stopped="0" meanWaitingTime="18.56" meanTravelTime="105.61" meanSpeed="4.56" meanSpeedRelative="0.33" duration="2"/>
    <step time="10800.00" loaded="5902" inserted="5895" running="80" waiting="7" ended="5815" arrived="5815" collisions="0" teleports="0" halting="22" stopped="0" meanWaitingTime="18.57" meanTravelTime="105.94" meanSpeed="4.85" meanSpeedRelative="0.35" duration="1"/>
    <step time="11100.00" loaded="6078" inserted="6060" running="63" waiting="18" ended="5997" arrived="5997" collisions="0" teleports="0" halting="33" stopped="0" meanWaitingTime="18.52" meanTravelTime="106.92" meanSpeed="3.20" meanSpeedRelative="0.23" duration="2"/>
    <step time="11400.00" loaded="6252" inserted="6218" running="51" waiting="34" ended="6167" arrived="6167" collisions="0" teleports="0" halting="10" stopped="0" meanWaitingTime="19.16" meanTravelTime="106.98" meanSpeed="6.82" meanSpeedRelative="0.49" duration="1"/>
    <step time="11700.00" loaded="6395" inserted="6376" running="62" waiting="19" ended="6314" arrived="6314" collisions="0" teleports="0" halting="12" stopped="0" meanWaitingTime="20.21" meanTravelTime="106.55" meanSpeed="4.22" meanSpeedRelative="0.30" duration="1"/>
    <step time="12000.00" loaded="6572" inserted="6565" running="65" waiting="7" ended="6500" arrived="6500" collisions="0" teleports="0" halting="14" stopped="0" meanWaitingTime="20.21" meanTravelTime="107.03" meanSpeed="4.51" meanSpeedRelative="0.32" duration="2"/>
    <step time="12300.00" loaded="6741" inserted="6741" running="59" waiting="0" ended="6682" arrived="6682" collisions="0" teleports="0" halting="22" stopped="0" meanWaitingTime="19.91" meanTravelTime="107.20" meanSpeed="5.40" meanSpeedRelative="0.39" duration="1"/>
    <step time="12600.00" loaded="6909" inserted="6889" running="53" waiting="20" ended="6836" arrived="6836" collisions="0" teleports="0" halting="19" stopped="0" meanWaitingTime="19.72" meanTravelTime="106.95" meanSpeed="5.61" meanSpeedRelative="0.40" duration="1"/>
    <step time="12900.00" loaded="7076" inserted="7060" running="58" waiting="16" ended="7002" arrived="7002" collisions="0" teleports="0" halting="23" stopped="0" meanWaitingTime="19.91" meanTravelTime="106.75" meanSpeed="4.59" meanSpeedRelative="0.33" duration="1"/>
    <step time="13200.00" loaded="7249" inserted="7228" running="75" waiting="21" ended="7153" arrived="7153" collisions="0" teleports="0" halting="16" stopped="0" meanWaitingTime="20.06" meanTravelTime="106.70" meanSpeed="5.25" meanSpeedRelative="0.38" duration="1"/>
    <step time="13500.00" loaded="7427" inserted="7418" running="76" waiting="9" ended="7342" arrived="7342" collisions="0" teleports="0" halting="25" stopped="0" meanWaitingTime="19.99" meanTravelTime="107.07" meanSpeed="4.34" meanSpeedRelative="0.31" duration="2"/>
    <step time="13800.00" loaded="7620" inserted="7605" running="82" waiting="15" ended="7523" arrived="7523" collisions="0" teleports="0" halting="18" stopped="0" meanWaitingTime="20.09" meanTravelTime="107.64" meanSpeed="5.82" meanSpeedRelative="0.42" duration="2"/>
    <step time="14100.00" loaded="7779" inserted="7775" running="65" waiting="4" ended="7710" arrived="7710" collisions="0" teleports="0" halting="16" stopped="0" meanWaitingTime="20.12" meanTravelTime="108.18" meanSpeed="5.59" meanSpeedRelative="0.40" duration="1"/>
    <step time="14400.00" loaded="7919" inserted="7908" running="51" waiting="11" ended="7857" arrived="7857" collisions="0" teleports="0" halting="13" stopped="0" meanWaitingTime="20.29" meanTravelTime="108.52" meanSpeed="5.85" meanSpeedRelative="0.42" duration="1"/>
    <step time="14700.00" loaded="8113" inserted="8093" running="60" waiting="20" ended="8033" arrived="8033" collisions="0" teleports="0" halting="17" stopped="0" meanWaitingTime="20.24" meanTravelTime="108.08" meanSpeed="5.97" meanSpeedRelative="0.43" duration="1"/>
    <step time="15000.00" loaded="8271" inserted="8266" running="114" waiting="5" ended="8152" arrived="8152" collisions="0" teleports="0" halting="22" stopped="0" meanWaitingTime="20.08" meanTravelTime="108.36" meanSpeed="4.41" meanSpeedRelative="0.32" duration="2"/>
    <step time="15300.00" loaded="8433" inserted="8398" running="74" waiting="35" ended="8324" arrived="8324" collisions="0" teleports="0" halting="42" stopped="0" meanWaitingTime="20.24" meanTravelTime="109.79" meanSpeed="3.56" meanSpeedRelative="0.26" duration="1"/>
    <step time="15600.00" loaded="8600" inserted="8589" running="73" waiting="11" ended="8516" arrived="8516" collisions="0" teleports="0" halting="24" stopped="0" meanWaitingTime="20.98" meanTravelTime="110.19" meanSpeed="4.22" meanSpeedRelative="0.30" duration="1"/>
    <step time="15900.00" loaded="8788" inserted="8779" running="90" waiting="9" ended="8689" arrived="8689" collisions="0" teleports="0" halting="39" stopped="0" meanWaitingTime="21.33" meanTravelTime="110.08" meanSpeed="3.87" meanSpeedRelative="0.28" duration="2"/>
    <step time="16200.00" loaded="8977" inserted="8966" running="67" waiting="11" ended="8899" arrived="8899" collisions="0" teleports="0" halting="24" stopped="0" meanWaitingTime="21.35" meanTravelTime="110.41" meanSpeed="4.96" meanSpeedRelative="0.36" duration="1"/>
    <step time="16500.00" loaded="9144" inserted="9141" running="57" waiting="3" ended="9084" arrived="9084" collisions="0" teleports="0" halting="20" stopped="0" meanWaitingTime="21.16" meanTravelTime="110.20" meanSpeed="5.21" meanSpeedRelative="0.38" duration="1"/>
    <step time="16800.00" loaded="9330" inserted="9314" running="64" waiting="16" ended="9250" arrived="9250" collisions="0" teleports="0" halting="11" stopped="0" meanWaitingTime="21.10" meanTravelTime="110.19" meanSpeed="5.33" meanSpeedRelative="0.38" duration="2"/>
    <step time="17100.00" loaded="9500" inserted="9479" running="56" waiting="21" ended="9423" arrived="9423" collisions="0" teleports="0" halting="10" stopped="0" meanWaitingTime="21.18" meanTravelTime="110.10" meanSpeed="6.05" meanSpeedRelative="0.44" duration="1"/>
    <step time="17400.00" loaded="9680" inserted="9659" running="65" waiting="21" ended="9594" arrived="9594" collisions="0" teleports="0" halting="29" stopped="0" meanWaitingTime="21.38" meanTravelTime="109.95" meanSpeed="3.75" meanSpeedRelative="0.27" duration="1"/>
    <step time="17700.00" loaded="9853" inserted="9828" running="80" waiting="25" ended="9748" arrived="9748" collisions="0" teleports="0" halting="24" stopped="0" meanWaitingTime="21.71" meanTravelTime="110.27" meanSpeed="4.28" meanSpeedRelative="0.31" duration="2"/>
    <step time="18000.00" loaded="10015" inserted="9993" running="63" waiting="22" ended="9930" arrived="9930" collisions="0" teleports="0" halting="24" stopped="0" meanWaitingTime="22.11" meanTravelTime="110.68" meanSpeed="4.54" meanSpeedRelative="0.33" duration="1"/>
    <step time="18300.00" loaded="10202" inserted="10169" running="45" waiting="33" ended="10124" arrived="10124" collisions="0" teleports="0" halting="20" stopped="0" meanWaitingTime="22.38" meanTravelTime="110.66" meanSpeed="5.09" meanSpeedRelative="0.37" duration="1"/>
    <step time="18600.00" loaded="10362" inserted="10330" running="54" waiting="32" ended="10276" arrived="10276" collisions="0" teleports="0" halting="16" stopped="0" meanWaitingTime="23.00" meanTravelTime="110.43" meanSpeed="5.89" meanSpeedRelative="0.42" duration="1"/>
    <step time="18900.00" loaded="10549" inserted="10515" running="73" waiting="34" ended="10442" arrived="10442" collisions="0" teleports="0" halting="12" stopped="0" meanWaitingTime="23.44" meanTravelTime="110.18" meanSpeed="7.50" meanSpeedRelative="0.55" duration="1"/>
    <step time="19200.00" loaded="10724" inserted="10698" running="63" waiting="26" ended="10635" arrived="10635" collisions="0" teleports="0" halting="36" stopped="0" meanWaitingTime="23.81" meanTravelTime="110.02" meanSpeed="3.56" meanSpeedRelative="0.26" duration="1"/>
    <step time="19500.00" loaded="10933" inserted="10907" running="102" waiting="26" ended="10805" arrived="10805" collisions="0" teleports="0" halting="47" stopped="0" meanWaitingTime="24.13" meanTravelTime="110.18" meanSpeed="3.13" meanSpeedRelative="0.23" duration="2"/>
    <step time="19800.00" loaded="11108" inserted="11077" running="82" waiting="31" ended="10995" arrived="10995" collisions="0" teleports="0" halting="44" stopped="0" meanWaitingTime="24.53" meanTravelTime="110.72" meanSpeed="3.69" meanSpeedRelative="0.27" duration="2"/>
    <step time="20100.00" loaded="11303" inserted="11277" running="100" waiting="26" ended="11177" arrived="11177" collisions="0" teleports="0" halting="26" stopped="0" meanWaitingTime="25.01" meanTravelTime="111.08" meanSpeed="5.28" meanSpeedRelative="0.38" duration="2"/>
    <step time="20400.00" loaded="11471" inserted="11443" running="87" waiting="28" ended="11356" arrived="11356" collisions="0" teleports="0" halting="22" stopped="0" meanWaitingTime="25.43" meanTravelTime="111.39" meanSpeed="4.58" meanSpeedRelative="0.33" duration="1"/>
    <step time="20700.00" loaded="11642" inserted="11619" running="84" waiting="23" ended="11535" arrived="11535" collisions="0" teleports="0" halting="49" stopped="0" meanWaitingTime="25.77" meanTravelTime="111.85" meanSpeed="2.93" meanSpeedRelative="0.21" duration="1"/>
    <step time="21000.00" loaded="11826" inserted="11802" running="60" waiting="24" ended="11742" arrived="11742" collisions="0" teleports="0" halting="32" stopped="0" meanWaitingTime="26.12" meanTravelTime="112.13" meanSpeed="4.07" meanSpeedRelative="0.29" duration="1"/>
    <step time="21300.00" loaded="11986" inserted="11965" running="59" waiting="21" ended="11906" arrived="11906" collisions="0" teleports="0" halting="15" stopped="0" meanWaitingTime="26.39" meanTravelTime="112.04" meanSpeed="5.37" meanSpeedRelative="0.39" duration="1"/>
    <step time="21600.00" loaded="12207" inserted="12173" running="83" waiting="34" ended="12090" arrived="12090" collisions="0" teleports="0" halting="11" stopped="0" meanWaitingTime="26.70" meanTravelTime="111.95" meanSpeed="6.37" meanSpeedRelative="0.46" duration="1"/>
    <step time="21900.00" loaded="12391" inserted="12364" running="76" waiting="27" ended="12288" arrived="12288" collisions="0" teleports="0" halting="26" stopped="0" meanWaitingTime="26.88" meanTravelTime="111.88" meanSpeed="5.17" meanSpeedRelative="0.37" duration="2"/>
    <step time="22200.00" loaded="12581" inserted="12545" running="61" waiting="36" ended="12484" arrived="12484" collisions="0" teleports="0" halting="7" stopped="0" meanWaitingTime="27.14" meanTravelTime="111.82" meanSpeed="5.12" meanSpeedRelative="0.37" duration="1"/>
    <step time="22500.00" loaded="12757" inserted="12707" running="69" waiting="50" ended="12638" arrived="12638" collisions="0" teleports="0" halting="10" stopped="0" meanWaitingTime="27.62" meanTravelTime="111.99" meanSpeed="5.57" meanSpeedRelative="0.40" duration="1"/>
    <step time="22800.00" loaded="12951" inserted="12938" running="99" waiting="13" ended="12839" arrived="12839" collisions="0" teleports="0" halting="55" stopped="0" meanWaitingTime="28.06" meanTravelTime="112.24" meanSpeed="2.93" meanSpeedRelative="0.21" duration="1"/>
    <step time="23100.00" loaded="13136" inserted="13119" running="103" waiting="17" ended="13016" arrived="13016" collisions="0" teleports="0" halting="49" stopped="0" meanWaitingTime="28.11" meanTravelTime="112.68" meanSpeed="3.26" meanSpeedRelative="0.23" duration="1"/>
    <step time="23400.00" loaded="13325" inserted="13298" running="60" waiting="27" ended="13238" arrived="13238" collisions="0" teleports="0" halting="16" stopped="0" meanWaitingTime="28.22" meanTravelTime="113.16" meanSpeed="6.19" meanSpeedRelative="0.45" duration="2"/>
    <step time="23700.00" loaded="13556" inserted="13512" running="83" waiting="44" ended="13429" arrived="13429" collisions="0" teleports="0" halting="32" stopped="0" meanWaitingTime="28.35" meanTravelTime="112.91" meanSpeed="3.73" meanSpeedRelative="0.27" duration="2"/>
    <step time="24000.00" loaded="13731" inserted="13694" running="60" waiting="37" ended="13634" arrived="13634" collisions="0" teleports="0" halting="16" stopped="0" meanWaitingTime="28.74" meanTravelTime="112.96" meanSpeed="4.01" meanSpeedRelative="0.29" duration="1"/>
    <step time="24300.00" loaded="13942" inserted="13900" running="117" waiting="42" ended="13783" arrived="13783" collisions="0" teleports="0" halting="68" stopped="0" meanWaitingTime="29.13" meanTravelTime="113.04" meanSpeed="2.39" meanSpeedRelative="0.17" duration="1"/>
    <step time="24600.00" loaded="14167" inserted="14120" running="104" waiting="47" ended="14016" arrived="14016" collisions="0" teleports="0" halting="41" stopped="0" meanWaitingTime="29.56" meanTravelTime="113.52" meanSpeed="3.97" meanSpeedRelative="0.30" duration="1"/>
    <step time="24900.00" loaded="14381" inserted="14318" running="72" waiting="63" ended="14246" arrived="14246" collisions="0" teleports="0" halting="31" stopped="0" meanWaitingTime="30.06" meanTravelTime="113.91" meanSpeed="4.26" meanSpeedRelative="0.31" duration="2"/>
    <step time="25200.00" loaded="14574" inserted="14506" running="82" waiting="68" ended="14424" arrived="14424" collisions="0" teleports="0" halting="34" stopped="0" meanWaitingTime="30.82" meanTravelTime="113.73" meanSpeed="4.21" meanSpeedRelative="0.30" duration="2"/>
    <step time="25500.00" loaded="14756" inserted="14721" running="72" waiting="35" ended="14649" arrived="14649" collisions="0" teleports="0" halting="28" stopped="0" meanWaitingTime="31.81" meanTravelTime="113.90" meanSpeed="5.11" meanSpeedRelative="0.37" duration="1"/>
    <step time="25800.00" loaded="14987" inserted="14933" running="82" waiting="54" ended="14851" arrived="14851" collisions="0" teleports="0" halting="32" stopped="0" meanWaitingTime="32.11" meanTravelTime="113.86" meanSpeed="3.78" meanSpeedRelative="0.27" duration="1"/>
    <step time="26100.00" loaded="15197" inserted="15148" running="97" waiting="49" ended="15051" arrived="15051" collisions="0" teleports="0" halting="29" stopped="0" meanWaitingTime="32.82" meanTravelTime="113.77" meanSpeed="3.92" meanSpeedRelative="0.28" duration="2"/>
    <step time="26400.00" loaded="15388" inserted="15347" running="95" waiting="41" ended="15252" arrived="15252" collisions="0" teleports="0" halting="35" stopped="0" meanWaitingTime="33.37" meanTravelTime="114.12" meanSpeed="3.51" meanSpeedRelative="0.25" duration="1"/>
    <step time="26700.00" loaded="15604" inserted="15575" running="91" waiting="29" ended="15484" arrived="15484" collisions="0" teleports="0" halting="23" stopped="0" meanWaitingTime="33.77" meanTravelTime="114.30" meanSpeed="4.63" meanSpeedRelative="0.33" duration="2"/>
    <step time="27000.00" loaded="15825" inserted="15780" running="93" waiting="45" ended="15687" arrived="15687" collisions="0" teleports="0" halting="25" stopped="0" meanWaitingTime="33.90" meanTravelTime="114.32" meanSpeed="5.03" meanSpeedRelative="0.36" duration="1"/>
    <step time="27300.00" loaded="16046" inserted="15999" running="85" waiting="47" ended="15914" arrived="15914" collisions="0" teleports="0" halting="31" stopped="0" meanWaitingTime="34.28" meanTravelTime="114.20" meanSpeed="4.06" meanSpeedRelative="0.29" duration="2"/>
    <step time="27600.00" loaded="16246" inserted="16201" running="101" waiting="45" ended="16100" arrived="16100" collisions="0" teleports="0" halting="69" stopped="0" meanWaitingTime="34.63" meanTravelTime="114.17" meanSpeed="2.16" meanSpeedRelative="0.16" duration="1"/>
    <step time="27900.00" loaded="16455" inserted="16420" running="88" waiting="35" ended="16332" arrived="16332" collisions="0" teleports="0" halting="17" stopped="0" meanWaitingTime="34.95" meanTravelTime="114.45" meanSpeed="5.07" meanSpeedRelative="0.37" duration="2"/>
    <step time="28200.00" loaded="16681" inserted="16658" running="75" waiting="23" ended="16583" arrived="16583" collisions="0" teleports="0" halting="15" stopped="0" meanWaitingTime="35.17" meanTravelTime="114.62" meanSpeed="5.22" meanSpeedRelative="0.38" duration="2"/>
    <step time="28500.00" loaded="16881" inserted="16852" running="67" waiting="29" ended="16785" arrived="16785" collisions="0" teleports="0" halting="20" stopped="0" meanWaitingTime="35.22" meanTravelTime="114.55" meanSpeed="5.48" meanSpeedRelative="0.39" duration="1"/>
    <step time="28800.00" loaded="17096" inserted="17064" running="68" waiting="32" ended="16996" arrived="16996" collisions="0" teleports="0" halting="22" stopped="0" meanWaitingTime="35.22" meanTravelTime="114.36" meanSpeed="4.88" meanSpeedRelative="0.35" duration="1"/>
    <step time="29100.00" loaded="17320" inserted="17284" running="101" waiting="36" ended="17183" arrived="17183" collisions="0" teleports="0" halting="49" stopped="0" meanWaitingTime="35.21" meanTravelTime="114.47" meanSpeed="3.20" meanSpeedRelative="0.23" duration="2"/>
    <step time="29400.00" loaded="17519" inserted="17461" running="99" waiting="58" ended="17362" arrived="17362" collisions="0" teleports="0" halting="37" stopped="0" meanWaitingTime="35.39" meanTravelTime="114.68" meanSpeed="3.34" meanSpeedRelative="0.24" duration="2"/>
    <step time="29700.00" loaded="17700" inserted="17641" running="63" waiting="59" ended="17578" arrived="17578" collisions="0" teleports="0" halting="27" stopped="0" meanWaitingTime="35.64" meanTravelTime="115.10" meanSpeed="3.99" meanSpeedRelative="0.29" duration="1"/>
    <step time="30000.00" loaded="17875" inserted="17828" running="78" waiting="47" ended="17750" arrived="17750" collisions="0" teleports="0" halting="37" stopped="0" meanWaitingTime="36.40" meanTravelTime="115.10" meanSpeed="3.23" meanSpeedRelative="0.23" duration="1"/>
    <step time="30300.00" loaded="18074" inserted="18022" running="75" waiting="52" ended="17947" arrived="17947" collisions="0" teleports="0" halting="31" stopped="0" meanWaitingTime="36.96" meanTravelTime="115.32" meanSpeed="3.69" meanSpeedRelative="0.27" duration="2"/>
    <step time="30600.00" loaded="18292" inserted="18245" running="82" waiting="47" ended="18163" arrived="18163" collisions="0" teleports="0" halting="16" stopped="0" meanWaitingTime="37.42" meanTravelTime="115.14" meanSpeed="5.23" meanSpeedRelative="0.38" duration="2"/>
    <step time="30900.00" loaded="18515" inserted="18474" running="107" waiting="41" ended="18367" arrived="18367" collisions="0" teleports="0" halting="41" stopped="0" meanWaitingTime="37.69" meanTravelTime="115.13" meanSpeed="3.90" meanSpeedRelative="0.28" duration="2"/>
    <step time="31200.00" loaded="18690" inserted="18641" running="53" waiting="49" ended="18588" arrived="18588" collisions="0" teleports="0" halting="20" stopped="0" meanWaitingTime="37.79" meanTravelTime="115.43" meanSpeed="4.29" meanSpeedRelative="0.31" duration="1"/>
    <step time="31500.00" loaded="18870" inserted="18815" running="63" waiting="55" ended="18752" arrived="18752" collisions="0" teleports="0" halting="29" stopped="0" meanWaitingTime="38.16" meanTravelTime="115.30" meanSpeed="5.42" meanSpeedRelative="0.39" duration="1"/>
    <step time="31800.00" loaded="19028" inserted="18969" running="58" waiting="59" ended="18911" arrived="18911" collisions="0" teleports="0" halting="18" stopped="0" meanWaitingTime="38.54" meanTravelTime="115.27" meanSpeed="4.91" meanSpeedRelative="0.35" duration="1"/>
    <step time="32100.00" loaded="19210" inserted="19143" running="60" waiting="67" ended="19083" arrived="19083" collisions="0" teleports="0" halting="25" stopped="0" meanWaitingTime="39.16" meanTravelTime="115.24" meanSpeed="4.81" meanSpeedRelative="0.35" duration="1"/>
    <step time="32400.00" loaded="19382" inserted="19305" running="71" waiting="77" ended="19234" arrived="19234" collisions="0" teleports="0" halting="27" stopped="0" meanWaitingTime="39.67" meanTravelTime="115.13" meanSpeed="3.86" meanSpeedRelative="0.28" duration="2"/>
    <step time="32700.00" loaded="19558" inserted="19470" running="57" waiting="88" ended="19413" arrived="19413" collisions="0" teleports="0" halting="12" stopped="0" meanWaitingTime="40.24" meanTravelTime="115.31" meanSpeed="5.50" meanSpeedRelative="0.40" duration="1"/>
    <step time="33000.00" loaded="19726" inserted="19647" running="57" waiting="79" ended="19590" arrived="19590" collisions="0" teleports="0" halting="9" stopped="0" meanWaitingTime="41.28" meanTravelTime="115.32" meanSpeed="6.15" meanSpeedRelative="0.44" duration="1"/>
    <step time="33300.00" loaded="19858" inserted="19791" running="62" waiting="67" ended="19729" arrived="19729" collisions="0" teleports="0" halting="16" stopped="0" meanWaitingTime="42.13" meanTravelTime="115.26" meanSpeed="5.23" meanSpeedRelative="0.39" duration="1"/>
    <step time="33600.00" loaded="20050" inserted="19976" running="70" waiting="74" ended="19906" arrived="19906" collisions="0" teleports="0" halting="33" stopped="0" meanWaitingTime="42.97" meanTravelTime="115.14" meanSpeed="4.31" meanSpeedRelative="0.31" duration="2"/>
    <step time="33900.00" loaded="20207" inserted="20131" running="60" waiting="76" ended="20071" arrived="20071" collisions="0" teleports="0" halting="16" stopped="0" meanWaitingTime="43.58" meanTravelTime="115.07" meanSpeed="4.67" meanSpeedRelative="0.34" duration="1"/>
    <step time="34200.00" loaded="20364" inserted="20300" running="84" waiting="64" ended="20216" arrived="20216" collisions="0" teleports="0" halting="22" stopped="0" meanWaitingTime="44.43" meanTravelTime="115.22" meanSpeed="4.60" meanSpeedRelative="0.33" duration="1"/>
    <step time="34500.00" loaded="20530" inserted="20448" running="55" waiting="82" ended="20393" arrived="20393" collisions="0" teleports="0" halting="21" stopped="0" meanWaitingTime="44.87" meanTravelTime="115.48" meanSpeed="4.34" meanSpeedRelative="0.31" duration="1"/>
    <step time="34800.00" loaded="20682" inserted="20604" running="58" waiting="78" ended="20546" arrived="20546" collisions="0" teleports="0" halting="17" stopped="0" meanWaitingTime="45.74" meanTravelTime="115.43" meanSpeed="4.45" meanSpeedRelative="0.32" duration="1"/>
    <step time="35100.00" loaded="20820" inserted="20748" running="66" waiting="72" ended="20682" arrived="20682" collisions="0" teleports="0" halting="21" stopped="0" meanWaitingTime="46.68" meanTravelTime="115.40" meanSpeed="5.56" meanSpeedRelative="0.40" duration="1"/>
    <step time="35400.00" loaded="20957" inserted="20885" running="53" waiting="72" ended="20832" arrived="20832" collisions="0" teleports="0" halting="6" stopped="0" meanWaitingTime="47.17" meanTravelTime="115.40" meanSpeed="6.78" meanSpeedRelative="0.49" duration="1"/>
    <step time="35700.00" loaded="21099" inserted="21033" running="57" waiting="66" ended="20976" arrived="20976" collisions="0" teleports="0" halting="31" stopped="0" meanWaitingTime="47.95" meanTravelTime="115.59" meanSpeed="3.43" meanSpeedRelative="0.25" duration="1"/>
    <step time="36000.00" loaded="21253" inserted="21202" running="50" waiting="51" ended="21152" arrived="21152" collisions="0" teleports="0" halting="22" stopped="0" meanWaitingTime="48.74" meanTravelTime="115.49" meanSpeed="3.84" meanSpeedRelative="0.28" duration="1"/>
    <step time="36300.00" loaded="21428" inserted="21357" running="55" waiting="71" ended="21302" arrived="21302" collisions="0" teleports="0" halting="23" stopped="0" meanWaitingTime="49.19" meanTravelTime="115.28" meanSpeed="4.94" meanSpeedRelative="0.36" duration="1"/>
    <step time="36600.00" loaded="21574" inserted="21499" running="58" waiting="75" ended="21441" arrived="21441" collisions="0" teleports="0" halting="8" stopped="0" meanWaitingTime="49.84" meanTravelTime="115.25" meanSpeed="4.85" meanSpeedRelative="0.35" duration="1"/>
    <step time="36900.00" loaded="21711" inserted="21628" running="43" waiting="83" ended="21585" arrived="21585" collisions="0" teleports="0" halting="11" stopped="0" meanWaitingTime="50.50" meanTravelTime="115.19" meanSpeed="6.17" meanSpeedRelative="0.44" duration="1"/>
    <step time="37200.00" loaded="21833" inserted="21765" running="38" waiting="68" ended="21727" arrived="21727" collisions="0" teleports="0" halting="20" stopped="0" meanWaitingTime="51.15" meanTravelTime="115.09" meanSpeed="3.45" meanSpeedRelative="0.25" duration="1"/>
    <step time="37500.00" loaded="21973" inserted="21878" running="54" waiting="95" ended="21824" arrived="21824" collisions="0" teleports="0" halting="11" stopped="0" meanWaitingTime="51.69" meanTravelTime="115.04" meanSpeed="4.90" meanSpeedRelative="0.35" duration="1"/>
    <step time="37800.00" loaded="22126" inserted="22011" running="64" waiting="115" ended="21947" arrived="21947" collisions="0" teleports="0" halting="22" stopped="0" meanWaitingTime="52.58" meanTravelTime="115.16" meanSpeed="5.10" meanSpeedRelative="0.37" duration="1"/>
    <step time="38100.00" loaded="22271" inserted="22134" running="45" waiting="137" ended="22089" arrived="22089" collisions="0" teleports="0" halting="11" stopped="0" meanWaitingTime="53.13" meanTravelTime="115.22" meanSpeed="5.76" meanSpeedRelative="0.41" duration="1"/>
    <step time="38400.00" loaded="22396" inserted="22264" running="45" waiting="132" ended="22219" arrived="22219" collisions="0" teleports="0" halting="22" stopped="0" meanWaitingTime="54.51" meanTravelTime="115.14" meanSpeed="4.38" meanSpeedRelative="0.32" duration="1"/>
    <step time="38700.00" loaded="22496" inserted="22372" running="61" waiting="124" ended="22311" arrived="22311" collisions="0" teleports="0" halting="36" stopped="0" meanWaitingTime="55.57" meanTravelTime="115.05" meanSpeed="3.01" meanSpeedRelative="0.22" duration="1"/>
    <step time="39000.00" loaded="22603" inserted="22446" running="45" waiting="157" ended="22401" arrived="22401" collisions="0" teleports="0" halting="6" stopped="0" meanWaitingTime="56.52" meanTravelTime="115.26" meanSpeed="5.03" meanSpeedRelative="0.36" duration="1"/>
    <step time="39300.00" loaded="22731" inserted="22550" running="20" waiting="181" ended="22530" arrived="22530" collisions="0" teleports="0" halting="9" stopped="0" meanWaitingTime="57.99" meanTravelTime="115.45" meanSpeed="4.02" meanSpeedRelative="0.29" duration="0"/>
    <step time="39600.00" loaded="22842" inserted="22658" running="42" waiting="184" ended="22616" arrived="22616" collisions="0" teleports="0" halting="21" stopped="0" meanWaitingTime="60.02" meanTravelTime="115.41" meanSpeed="4.89" meanSpeedRelative="0.35" duration="1"/>
    <step time="39900.00" loaded="22964" inserted="22781" running="62" waiting="183" ended="22719" arrived="22719" collisions="0" teleports="0" halting="50" stopped="0" meanWaitingTime="62.07" meanTravelTime="115.39" meanSpeed="1.66" meanSpeedRelative="0.12" duration="1"/>
    <step time="40200.00" loaded="23055" inserted="22888" running="31" waiting="167" ended="22857" arrived="22857" collisions="0" teleports="0" halting="10" stopped="0" meanWaitingTime="64.18" meanTravelTime="115.51" meanSpeed="6.12" meanSpeedRelative="0.44" duration="1"/>
    <step time="40500.00" loaded="23154" inserted="22979" running="25" waiting="175" ended="22954" arrived="22954" collisions="0" teleports="0" halting="11" stopped="0" meanWaitingTime="65.34" meanTravelTime="115.46" meanSpeed="6.12" meanSpeedRelative="0.44" duration="1"/>
    <step time="40800.00" loaded="23262" inserted="23068" running="39" waiting="194" ended="23029" arrived="23029" collisions="0" teleports="0" halting="22" stopped="0" meanWaitingTime="67.46" meanTravelTime="115.40" meanSpeed="3.19" meanSpeedRelative="0.23" duration="0"/>
    <step time="41100.00" loaded="23348" inserted="23157" running="43" waiting="191" ended="23114" arrived="23114" collisions="0" teleports="0" halting="10" stopped="0" meanWaitingTime="69.59" meanTravelTime="115.47" meanSpeed="5.63" meanSpeedRelative="0.41" duration="1"/>
    <step time="41400.00" loaded="23410" inserted="23249" running="24" waiting="161" ended="23225" arrived="23225" collisions="0" teleports="0" halting="12" stopped="0" meanWaitingTime="71.76" meanTravelTime="115.53" meanSpeed="4.03" meanSpeedRelative="0.29" duration="0"/>
    <step time="41700.00" loaded="23508" inserted="23334" running="44" waiting="174" ended="23290" arrived="23290" collisions="0" teleports="0" halting="22" stopped="0" meanWaitingTime="73.48" meanTravelTime="115.46" meanSpeed="3.67" meanSpeedRelative="0.26" duration="2"/>
    <step time="42000.00" loaded="23588" inserted="23425" running="41" waiting="163" ended="23384" arrived="23384" collisions="0" teleports="0" halting="8" stopped="0" meanWaitingTime="76.31" meanTravelTime="115.63" meanSpeed="5.66" meanSpeedRelative="0.41" duration="1"/>
    <step time="42300.00" loaded="23694" inserted="23523" running="34" waiting="171" ended="23489" arrived="23489" collisions="0" teleports="0" halting="11" stopped="0" meanWaitingTime="78.28" meanTravelTime="115.59" meanSpeed="4.53" meanSpeedRelative="0.33" duration="1"/>
    <step time="42600.00" loaded="23806" inserted="23613" running="35" waiting="193" ended="23578" arrived="23578" collisions="0" teleports="0" halting="6" stopped="0" meanWaitingTime="79.96" meanTravelTime="115.57" meanSpeed="7.62" meanSpeedRelative="0.55" duration="0"/>
    <step time="42900.00" loaded="23909" inserted="23722" running="42" waiting="187" ended="23680" arrived="23680" collisions="0" teleports="0" halting="12" stopped="0" meanWaitingTime="82.13" meanTravelTime="115.53" meanSpeed="6.65" meanSpeedRelative="0.48" duration="1"/>
    <step time="43200.00" loaded="24010" inserted="23808" running="23" waiting="202" ended="23785" arrived="23785" collisions="0" teleports="0" halting="5" stopped="0" meanWaitingTime="83.32" meanTravelTime="115.48" meanSpeed="6.40" meanSpeedRelative="0.46" duration="1"/>
    <step time="43500.00" loaded="24087" inserted="23902" running="34" waiting="185" ended="23868" arrived="23868" collisions="0" teleports="0" halting="8" stopped="0" meanWaitingTime="85.36" meanTravelTime="115.45" meanSpeed="5.58" meanSpeedRelative="0.40" duration="1"/>
    <step time="43800.00" loaded="24190" inserted="23991" running="37" waiting="199" ended="23954" arrived="23954" collisions="0" teleports="0" halting="15" stopped="0" meanWaitingTime="87.45" meanTravelTime="115.40" meanSpeed="3.86" meanSpeedRelative="0.28" duration="1"/>
    <step time="44100.00" loaded="24295" inserted="24089" running="50" waiting="206" ended="24039" arrived="24039" collisions="0" teleports="0" halting="16" stopped="0" meanWaitingTime="89.72" meanTravelTime="115.44" meanSpeed="4.32" meanSpeedRelative="0.31" duration="1"/>
    <step time="44400.00" loaded="24404" inserted="24188" running="71" waiting="216" ended="24117" arrived="24117" collisions="0" teleports="0" halting="52" stopped="0" meanWaitingTime="92.19" meanTravelTime="115.40" meanSpeed="1.52" meanSpeedRelative="0.11" duration="1"/>
    <step time="44700.00" loaded="24509" inserted="24266" running="46" waiting="243" ended="24220" arrived="24220" collisions="0" teleports="0" halting="10" stopped="0" meanWaitingTime="94.07" meanTravelTime="115.97" meanSpeed="4.89" meanSpeedRelative="0.37" duration="1"/>
    <step time="45000.00" loaded="24615" inserted="24341" running="19" waiting="274" ended="24322" arrived="24322" collisions="0" teleports="0" halting="3" stopped="0" meanWaitingTime="95.69" meanTravelTime="116.13" meanSpeed="7.51" meanSpeedRelative="0.54" duration="0"/>
    <step time="45300.00" loaded="24704" inserted="24453" running="53" waiting="251" ended="24400" arrived="24400" collisions="0" teleports="0" halting="15" stopped="0" meanWaitingTime="98.89" meanTravelTime="116.08" meanSpeed="5.31" meanSpeedRelative="0.38" duration="1"/>
    <step time="45600.00" loaded="24786" inserted="24539" running="44" waiting="247" ended="24495" arrived="24495" collisions="0" teleports="0" halting="19" stopped="0" meanWaitingTime="100.89" meanTravelTime="116.16" meanSpeed="3.14" meanSpeedRelative="0.23" duration="0"/>
    <step time="45900.00" loaded="24872" inserted="24596" running="33" waiting="276" ended="24563" arrived="24563" collisions="0" teleports="0" halting="26" stopped="0" meanWaitingTime="102.54" meanTravelTime="116.20" meanSpeed="2.01" meanSpeedRelative="0.14" duration="1"/>
    <step time="46200.00" loaded="24952" inserted="24691" running="74" waiting="261" ended="24617" arrived="24617" collisions="0" teleports="0" halting="65" stopped="0" meanWaitingTime="105.97" meanTravelTime="116.08" meanSpeed="0.71" meanSpeedRelative="0.05" duration="1"/>
    <step time="46500.00" loaded="25000" inserted="24763" running="97" waiting="237" ended="24666" arrived="24666" collisions="0" teleports="0" halting="97" stopped="0" meanWaitingTime="108.30" meanTravelTime="116.00" meanSpeed="0.00" meanSpeedRelative="0.00" duration="2"/>
    <step time="46800.00" loaded="25020" inserted="24783" running="101" waiting="237" ended="24682" arrived="24682" collisions="0" teleports="0" halting="100" stopped="0" meanWaitingTime="108.21" meanTravelTime="115.95" meanSpeed="0.10" meanSpeedRelative="0.01" duration="2"/>
    <step time="47100.00" loaded="25038" inserted="24801" running="102" waiting="237" ended="24699" arrived="24699" collisions="0" teleports="0" halting="99" stopped="0" meanWaitingTime="108.13" meanTravelTime="115.90" meanSpeed="0.19" meanSpeedRelative="0.01" duration="1"/>
    <step time="47400.00" loaded="25054" inserted="24817" running="105" waiting="237" ended="24712" arrived="24712" collisions="0" teleports="0" halting="105" stopped="0" meanWaitingTime="108.06" meanTravelTime="115.85" meanSpeed="0.00" meanSpeedRelative="0.00" duration="2"/>
    <step time="47700.00" loaded="25068" inserted="24831" running="111" waiting="237" ended="24720" arrived="24720" collisions="0" teleports="0" halting="111" stopped="0" meanWaitingTime="108.00" meanTravelTime="115.82" meanSpeed="0.00" meanSpeedRelative="0.00" duration="1"/>
    <step time="48000.00" loaded="25081" inserted="24844" running="113" waiting="237" ended="24731" arrived="24731" collisions="0" teleports="0" halting="112" stopped="0" meanWaitingTime="107.95" meanTravelTime="115.79" meanSpeed="0.06" meanSpeedRelative="0.00" duration="1"/>
    <step time="48300.00" loaded="25095" inserted="24858" running="115" waiting="237" ended="24743" arrived="24743" collisions="0" teleports="0" halting="114" stopped="0" meanWaitingTime="107.89" meanTravelTime="115.75" meanSpeed="0.03" meanSpeedRelative="0.00" duration="1"/>
    <step time="48600.00" loaded="25111" inserted="24870" running="115" waiting="241" ended="24755" arrived="24755" collisions="0" teleports="0" halting="115" stopped="0" meanWaitingTime="107.83" meanTravelTime="115.70" meanSpeed="0.00" meanSpeedRelative="0.00" duration="1"/>
    <step time="48900.00" loaded="25126" inserted="24879" running="116" waiting="247" ended="24763" arrived="24763" collisions="0" teleports="0" halting="115" stopped="0" meanWaitingTime="107.79" meanTravelTime="115.67" meanSpeed="0.03" meanSpeedRelative="0.00" duration="2"/>
    <step time="49200.00" loaded="25135" inserted="24886" running="115" waiting="249" ended="24771" arrived="24771" collisions="0" teleports="0" halting="115" stopped="0" meanWaitingTime="107.76" meanTravelTime="115.64" meanSpeed="0.00" meanSpeedRelative="0.00" duration="2"/>
</summary>
