<?xml version="1.0" encoding="UTF-8"?>

<!-- generated on 2025-02-28 19:40:22 by Eclipse SUMO GUI Version 1.19.0
<configuration xmlns:xsi="http://www.w3.org/2001/XMLSchema-instance" xsi:noNamespaceSchemaLocation="http://sumo.dlr.de/xsd/sumoConfiguration.xsd">

    <input>
        <net-file value="Network.net.xml"/>
        <route-files value="CarRoutes.rou.xml"/>
        <additional-files value="Sensors.add.xml"/>
    </input>

    <output>
        <emission-output value="logs/Emissions.xml"/>
        <summary-output value="logs/Log_summary.xml"/>
        <summary-output.period value="300"/>
        <tripinfo-output value="logs/TripInfos.xml"/>
    </output>

    <time>
        <begin value="0"/>
        <end value="86400"/>
        <step-length value="0.25"/>
    </time>

    <processing>
        <ignore-junction-blocker value="0.1"/>
        <time-to-teleport value="-1"/>
    </processing>

    <report>
        <verbose value="true"/>
        <no-step-log value="true"/>
    </report>

    <emissions>
        <device.emissions.period value="10"/>
    </emissions>

    <traci_server>
        <remote-port value="59540"/>
    </traci_server>

    <gui_only>
        <quit-on-end value="true"/>
        <start value="true"/>
    </gui_only>

</configuration>
-->

<summary xmlns:xsi="http://www.w3.org/2001/XMLSchema-instance" xsi:noNamespaceSchemaLocation="http://sumo.dlr.de/xsd/summary_file.xsd">
    <step time="0.00" loaded="0" inserted="0" running="0" waiting="0" ended="0" arrived="0" collisions="0" teleports="0" halting="0" stopped="0" meanWaitingTime="-1.00" meanTravelTime="-1.00" meanSpeed="-1.00" meanSpeedRelative="-1.00" duration="0"/>
    <step time="300.00" loaded="208" inserted="195" running="89" waiting="13" ended="106" arrived="106" collisions="0" teleports="0" halting="39" stopped="0" meanWaitingTime="14.17" meanTravelTime="77.67" meanSpeed="4.37" meanSpeedRelative="0.31" duration="1"/>
    <step time="600.00" loaded="369" inserted="359" running="78" waiting="10" ended="281" arrived="281" collisions="0" teleports="0" halting="25" stopped="0" meanWaitingTime="13.07" meanTravelTime="112.71" meanSpeed="4.26" meanSpeedRelative="0.31" duration="3"/>
    <step time="900.00" loaded="525" inserted="515" running="52" waiting="10" ended="463" arrived="463" collisions="0" teleports="0" halting="29" stopped="0" meanWaitingTime="12.24" meanTravelTime="119.20" meanSpeed="4.45" meanSpeedRelative="0.32" duration="2"/>
    <step time="1200.00" loaded="697" inserted="682" running="56" waiting="15" ended="626" arrived="626" collisions="0" teleports="0" halting="7" stopped="0" meanWaitingTime="15.64" meanTravelTime="115.79" meanSpeed="7.38" meanSpeedRelative="0.53" duration="3"/>
    <step time="1500.00" loaded="860" inserted="840" running="52" waiting="20" ended="788" arrived="788" collisions="0" teleports="0" halting="20" stopped="0" meanWaitingTime="16.84" meanTravelTime="113.47" meanSpeed="4.49" meanSpeedRelative="0.32" duration="2"/>
    <step time="1800.00" loaded="1020" inserted="1000" running="65" waiting="20" ended="935" arrived="935" collisions="0" teleports="0" halting="26" stopped="0" meanWaitingTime="20.16" meanTravelTime="112.54" meanSpeed="4.75" meanSpeedRelative="0.34" duration="2"/>
    <step time="2100.00" loaded="1180" inserted="1165" running="69" waiting="15" ended="1096" arrived="1096" collisions="0" teleports="0" halting="47" stopped="0" meanWaitingTime="19.08" meanTravelTime="111.37" meanSpeed="3.37" meanSpeedRelative="0.24" duration="2"/>
    <step time="2400.00" loaded="1324" inserted="1308" running="33" waiting="16" ended="1275" arrived="1275" collisions="0" teleports="0" halting="19" stopped="0" meanWaitingTime="19.02" meanTravelTime="112.11" meanSpeed="3.63" meanSpeedRelative="0.26" duration="2"/>
    <step time="2700.00" loaded="1470" inserted="1469" running="51" waiting="1" ended="1418" arrived="1418" collisions="0" teleports="0" halting="12" stopped="0" meanWaitingTime="18.75" meanTravelTime="109.65" meanSpeed="5.60" meanSpeedRelative="0.40" duration="2"/>
    <step time="3000.00" loaded="1628" inserted="1621" running="51" waiting="7" ended="1570" arrived="1570" collisions="0" teleports="0" halting="23" stopped="0" meanWaitingTime="17.52" meanTravelTime="109.61" meanSpeed="4.30" meanSpeedRelative="0.31" duration="2"/>
    <step time="3300.00" loaded="1797" inserted="1775" running="61" waiting="22" ended="1714" arrived="1714" collisions="0" teleports="0" halting="14" stopped="0" meanWaitingTime="18.17" meanTravelTime="109.91" meanSpeed="5.99" meanSpeedRelative="0.43" duration="2"/>
    <step time="3600.00" loaded="1930" inserted="1916" running="38" waiting="14" ended="1878" arrived="1878" collisions="0" teleports="0" halting="11" stopped="0" meanWaitingTime="19.82" meanTravelTime="109.03" meanSpeed="5.91" meanSpeedRelative="0.43" duration="1"/>
    <step time="3900.00" loaded="2095" inserted="2095" running="85" waiting="0" ended="2010" arrived="2010" collisions="0" teleports="0" halting="34" stopped="0" meanWaitingTime="18.88" meanTravelTime="107.26" meanSpeed="2.90" meanSpeedRelative="0.22" duration="4"/>
    <step time="4200.00" loaded="2226" inserted="2221" running="38" waiting="5" ended="2183" arrived="2183" collisions="0" teleports="0" halting="9" stopped="0" meanWaitingTime="18.94" meanTravelTime="110.32" meanSpeed="7.04" meanSpeedRelative="0.53" duration="2"/>
    <step time="4500.00" loaded="2405" inserted="2404" running="70" waiting="1" ended="2334" arrived="2334" collisions="0" teleports="0" halting="32" stopped="0" meanWaitingTime="18.10" meanTravelTime="109.27" meanSpeed="3.86" meanSpeedRelative="0.28" duration="3"/>
    <step time="4800.00" loaded="2562" inserted="2556" running="53" waiting="6" ended="2503" arrived="2503" collisions="0" teleports="0" halting="17" stopped="0" meanWaitingTime="17.30" meanTravelTime="109.46" meanSpeed="3.96" meanSpeedRelative="0.29" duration="1"/>
    <step time="5100.00" loaded="2729" inserted="2720" running="49" waiting="9" ended="2671" arrived="2671" collisions="0" teleports="0" halting="7" stopped="0" meanWaitingTime="17.88" meanTravelTime="109.00" meanSpeed="7.22" meanSpeedRelative="0.52" duration="2"/>
    <step time="5400.00" loaded="2881" inserted="2879" running="47" waiting="2" ended="2832" arrived="2832" collisions="0" teleports="0" halting="8" stopped="0" meanWaitingTime="17.26" meanTravelTime="108.24" meanSpeed="6.62" meanSpeedRelative="0.48" duration="2"/>
    <step time="5700.00" loaded="3068" inserted="3053" running="73" waiting="15" ended="2980" arrived="2980" collisions="0" teleports="0" halting="37" stopped="0" meanWaitingTime="16.65" meanTravelTime="107.75" meanSpeed="3.76" meanSpeedRelative="0.27" duration="4"/>
    <step time="6000.00" loaded="3193" inserted="3190" running="37" waiting="3" ended="3153" arrived="3153" collisions="0" teleports="0" halting="12" stopped="0" meanWaitingTime="16.62" meanTravelTime="109.45" meanSpeed="5.65" meanSpeedRelative="0.41" duration="1"/>
    <step time="6300.00" loaded="3359" inserted="3342" running="72" waiting="17" ended="3270" arrived="3270" collisions="0" teleports="0" halting="27" stopped="0" meanWaitingTime="16.61" meanTravelTime="109.65" meanSpeed="4.00" meanSpeedRelative="0.31" duration="1"/>
    <step time="6600.00" loaded="3520" inserted="3512" running="58" waiting="8" ended="3454" arrived="3454" collisions="0" teleports="0" halting="16" stopped="0" meanWaitingTime="16.69" meanTravelTime="109.65" meanSpeed="5.33" meanSpeedRelative="0.38" duration="3"/>
    <step time="6900.00" loaded="3705" inserted="3688" running="65" waiting="17" ended="3623" arrived="3623" collisions="0" teleports="0" halting="22" stopped="0" meanWaitingTime="16.66" meanTravelTime="109.35" meanSpeed="4.21" meanSpeedRelative="0.30" duration="2"/>
    <step time="7200.00" loaded="3864" inserted="3842" running="52" waiting="22" ended="3790" arrived="3790" collisions="0" teleports="0" halting="13" stopped="0" meanWaitingTime="17.17" meanTravelTime="109.39" meanSpeed="6.11" meanSpeedRelative="0.44" duration="1"/>
    <step time="7500.00" loaded="4011" inserted="3999" running="39" waiting="12" ended="3960" arrived="3960" collisions="0" teleports="0" halting="16" stopped="0" meanWaitingTime="17.86" meanTravelTime="109.22" meanSpeed="5.62" meanSpeedRelative="0.40" duration="2"/>
    <step time="7800.00" loaded="4166" inserted="4143" running="63" waiting="23" ended="4080" arrived="4080" collisions="0" teleports="0" halting="17" stopped="0" meanWaitingTime="18.37" meanTravelTime="108.57" meanSpeed="5.54" meanSpeedRelative="0.40" duration="3"/>
    <step time="8100.00" loaded="4337" inserted="4322" running="55" waiting="15" ended="4267" arrived="4267" collisions="0" teleports="0" halting="27" stopped="0" meanWaitingTime="19.39" meanTravelTime="108.48" meanSpeed="3.54" meanSpeedRelative="0.26" duration="3"/>
    <step time="8400.00" loaded="4521" inserted="4517" running="68" waiting="4" ended="4449" arrived="4449" collisions="0" teleports="0" halting="23" stopped="0" meanWaitingTime="19.30" meanTravelTime="108.20" meanSpeed="5.09" meanSpeedRelative="0.37" duration="1"/>
    <step time="8700.00" loaded="4692" inserted="4687" running="74" waiting="5" ended="4613" arrived="4613" collisions="0" teleports="0" halting="29" stopped="0" meanWaitingTime="19.05" meanTravelTime="108.15" meanSpeed="4.74" meanSpeedRelative="0.34" duration="4"/>
    <step time="9000.00" loaded="4877" inserted="4860" running="60" waiting="17" ended="4800" arrived="4800" collisions="0" teleports="0" halting="17" stopped="0" meanWaitingTime="18.83" meanTravelTime="108.25" meanSpeed="5.19" meanSpeedRelative="0.37" duration="3"/>
    <step time="9300.00" loaded="5060" inserted="5041" running="60" waiting="19" ended="4981" arrived="4981" collisions="0" teleports="0" halting="21" stopped="0" meanWaitingTime="18.83" meanTravelTime="108.43" meanSpeed="5.34" meanSpeedRelative="0.38" duration="3"/>
    <step time="9600.00" loaded="5230" inserted="5219" running="60" waiting="11" ended="5159" arrived="5159" collisions="0" teleports="0" halting="15" stopped="0" meanWaitingTime="19.25" meanTravelTime="107.96" meanSpeed="6.54" meanSpeedRelative="0.47" duration="3"/>
    <step time="9900.00" loaded="5372" inserted="5356" running="33" waiting="16" ended="5323" arrived="5323" collisions="0" teleports="0" halting="11" stopped="0" meanWaitingTime="19.11" meanTravelTime="107.89" meanSpeed="5.73" meanSpeedRelative="0.41" duration="2"/>
    <step time="10200.00" loaded="5541" inserted="5532" running="66" waiting="9" ended="5466" arrived="5466" collisions="0" teleports="0" halting="16" stopped="0" meanWaitingTime="19.32" meanTravelTime="107.50" meanSpeed="4.95" meanSpeedRelative="0.36" duration="2"/>
    <step time="10500.00" loaded="5718" inserted="5705" running="75" waiting="13" ended="5630" arrived="5630" collisions="0" teleports="0" halting="13" stopped="0" meanWaitingTime="19.24" meanTravelTime="107.74" meanSpeed="5.23" meanSpeedRelative="0.38" duration="3"/>
    <step time="10800.00" loaded="5888" inserted="5880" running="80" waiting="8" ended="5800" arrived="5800" collisions="0" teleports="0" halting="22" stopped="0" meanWaitingTime="19.28" meanTravelTime="108.61" meanSpeed="4.46" meanSpeedRelative="0.32" duration="2"/>
    <step time="11100.00" loaded="6066" inserted="6048" running="60" waiting="18" ended="5988" arrived="5988" collisions="0" teleports="0" halting="27" stopped="0" meanWaitingTime="19.27" meanTravelTime="109.68" meanSpeed="3.60" meanSpeedRelative="0.26" duration="2"/>
    <step time="11400.00" loaded="6238" inserted="6204" running="66" waiting="34" ended="6138" arrived="6138" collisions="0" teleports="0" halting="21" stopped="0" meanWaitingTime="19.87" meanTravelTime="109.48" meanSpeed="5.01" meanSpeedRelative="0.36" duration="3"/>
    <step time="11700.00" loaded="6381" inserted="6361" running="55" waiting="20" ended="6306" arrived="6306" collisions="0" teleports="0" halting="11" stopped="0" meanWaitingTime="20.93" meanTravelTime="109.48" meanSpeed="5.35" meanSpeedRelative="0.39" duration="3"/>
    <step time="12000.00" loaded="6557" inserted="6549" running="64" waiting="8" ended="6485" arrived="6485" collisions="0" teleports="0" halting="20" stopped="0" meanWaitingTime="20.94" meanTravelTime="109.61" meanSpeed="4.05" meanSpeedRelative="0.29" duration="3"/>
    <step time="12300.00" loaded="6724" inserted="6720" running="67" waiting="4" ended="6653" arrived="6653" collisions="0" teleports="0" halting="16" stopped="0" meanWaitingTime="20.77" meanTravelTime="109.87" meanSpeed="5.33" meanSpeedRelative="0.38" duration="2"/>
    <step time="12600.00" loaded="6893" inserted="6873" running="50" waiting="20" ended="6823" arrived="6823" collisions="0" teleports="0" halting="23" stopped="0" meanWaitingTime="20.59" meanTravelTime="110.04" meanSpeed="4.28" meanSpeedRelative="0.31" duration="1"/>
    <step time="12900.00" loaded="7059" inserted="7044" running="54" waiting="15" ended="6990" arrived="6990" collisions="0" teleports="0" halting="26" stopped="0" meanWaitingTime="20.76" meanTravelTime="110.07" meanSpeed="3.66" meanSpeedRelative="0.26" duration="3"/>
    <step time="13200.00" loaded="7232" inserted="7211" running="77" waiting="21" ended="7134" arrived="7134" collisions="0" teleports="0" halting="23" stopped="0" meanWaitingTime="20.86" meanTravelTime="109.91" meanSpeed="4.68" meanSpeedRelative="0.34" duration="1"/>
    <step time="13500.00" loaded="7406" inserted="7398" running="71" waiting="8" ended="7327" arrived="7327" collisions="0" teleports="0" halting="25" stopped="0" meanWaitingTime="20.78" meanTravelTime="110.28" meanSpeed="5.21" meanSpeedRelative="0.37" duration="4"/>
    <step time="13800.00" loaded="7600" inserted="7584" running="84" waiting="16" ended="7500" arrived="7500" collisions="0" teleports="0" halting="29" stopped="0" meanWaitingTime="20.86" meanTravelTime="110.44" meanSpeed="4.39" meanSpeedRelative="0.32" duration="4"/>
    <step time="14100.00" loaded="7760" inserted="7756" running="78" waiting="4" ended="7678" arrived="7678" collisions="0" teleports="0" halting="21" stopped="0" meanWaitingTime="20.86" meanTravelTime="110.83" meanSpeed="4.92" meanSpeedRelative="0.38" duration="2"/>
    <step time="14400.00" loaded="7899" inserted="7889" running="58" waiting="10" ended="7831" arrived="7831" collisions="0" teleports="0" halting="12" stopped="0" meanWaitingTime="21.00" meanTravelTime="110.86" meanSpeed="6.20" meanSpeedRelative="0.45" duration="2"/>
    <step time="14700.00" loaded="8092" inserted="8076" running="68" waiting="16" ended="8008" arrived="8008" collisions="0" teleports="0" halting="20" stopped="0" meanWaitingTime="20.94" meanTravelTime="110.74" meanSpeed="5.34" meanSpeedRelative="0.38" duration="2"/>
    <step time="15000.00" loaded="8252" inserted="8247" running="78" waiting="5" ended="8169" arrived="8169" collisions="0" teleports="0" halting="19" stopped="0" meanWaitingTime="20.69" meanTravelTime="110.95" meanSpeed="5.90" meanSpeedRelative="0.42" duration="4"/>
    <step time="15300.00" loaded="8411" inserted="8376" running="55" waiting="35" ended="8321" arrived="8321" collisions="0" teleports="0" halting="20" stopped="0" meanWaitingTime="20.85" meanTravelTime="110.95" meanSpeed="4.66" meanSpeedRelative="0.34" duration="2"/>
    <step time="15600.00" loaded="8577" inserted="8567" running="74" waiting="10" ended="8493" arrived="8493" collisions="0" teleports="0" halting="25" stopped="0" meanWaitingTime="21.61" meanTravelTime="110.45" meanSpeed="5.12" meanSpeedRelative="0.37" duration="3"/>
    <step time="15900.00" loaded="8768" inserted="8757" running="83" waiting="11" ended="8674" arrived="8674" collisions="0" teleports="0" halting="22" stopped="0" meanWaitingTime="21.89" meanTravelTime="110.39" meanSpeed="5.17" meanSpeedRelative="0.37" duration="3"/>
    <step time="16200.00" loaded="8957" inserted="8923" running="70" waiting="34" ended="8853" arrived="8853" collisions="0" teleports="0" halting="13" stopped="0" meanWaitingTime="22.10" meanTravelTime="110.80" meanSpeed="5.77" meanSpeedRelative="0.42" duration="3"/>
    <step time="16500.00" loaded="9122" inserted="9107" running="66" waiting="15" ended="9041" arrived="9041" collisions="0" teleports="0" halting="22" stopped="0" meanWaitingTime="22.68" meanTravelTime="110.96" meanSpeed="5.82" meanSpeedRelative="0.42" duration="3"/>
    <step time="16800.00" loaded="9306" inserted="9270" running="71" waiting="36" ended="9199" arrived="9199" collisions="0" teleports="0" halting="19" stopped="0" meanWaitingTime="22.99" meanTravelTime="111.08" meanSpeed="5.70" meanSpeedRelative="0.41" duration="2"/>
    <step time="17100.00" loaded="9475" inserted="9445" running="75" waiting="30" ended="9370" arrived="9370" collisions="0" teleports="0" halting="18" stopped="0" meanWaitingTime="23.66" meanTravelTime="111.06" meanSpeed="4.84" meanSpeedRelative="0.37" duration="2"/>
    <step time="17400.00" loaded="9655" inserted="9630" running="72" waiting="25" ended="9558" arrived="9558" collisions="0" teleports="0" halting="37" stopped="0" meanWaitingTime="24.31" meanTravelTime="111.63" meanSpeed="2.62" meanSpeedRelative="0.19" duration="3"/>
    <step time="17700.00" loaded="9828" inserted="9801" running="71" waiting="27" ended="9730" arrived="9730" collisions="0" teleports="0" halting="21" stopped="0" meanWaitingTime="24.67" meanTravelTime="111.78" meanSpeed="4.52" meanSpeedRelative="0.33" duration="1"/>
    <step time="18000.00" loaded="9994" inserted="9972" running="71" waiting="22" ended="9901" arrived="9901" collisions="0" teleports="0" halting="34" stopped="0" meanWaitingTime="25.13" meanTravelTime="112.20" meanSpeed="4.13" meanSpeedRelative="0.30" duration="4"/>
    <step time="18300.00" loaded="10179" inserted="10146" running="48" waiting="33" ended="10098" arrived="10098" collisions="0" teleports="0" halting="19" stopped="0" meanWaitingTime="25.33" meanTravelTime="112.17" meanSpeed="5.15" meanSpeedRelative="0.37" duration="3"/>
    <step time="18600.00" loaded="10338" inserted="10307" running="57" waiting="31" ended="10250" arrived="10250" collisions="0" teleports="0" halting="18" stopped="0" meanWaitingTime="25.92" meanTravelTime="111.89" meanSpeed="6.35" meanSpeedRelative="0.46" duration="3"/>
    <step time="18900.00" loaded="10524" inserted="10489" running="65" waiting="35" ended="10424" arrived="10424" collisions="0" teleports="0" halting="10" stopped="0" meanWaitingTime="26.30" meanTravelTime="111.71" meanSpeed="7.61" meanSpeedRelative="0.55" duration="4"/>
    <step time="19200.00" loaded="10698" inserted="10671" running="55" waiting="27" ended="10616" arrived="10616" collisions="0" teleports="0" halting="23" stopped="0" meanWaitingTime="26.64" meanTravelTime="111.47" meanSpeed="4.71" meanSpeedRelative="0.34" duration="3"/>
    <step time="19500.00" loaded="10904" inserted="10880" running="83" waiting="24" ended="10797" arrived="10797" collisions="0" teleports="0" halting="28" stopped="0" meanWaitingTime="26.94" meanTravelTime="111.44" meanSpeed="3.24" meanSpeedRelative="0.23" duration="4"/>
    <step time="19800.00" loaded="11083" inserted="11051" running="61" waiting="32" ended="10990" arrived="10990" collisions="0" teleports="0" halting="19" stopped="0" meanWaitingTime="27.24" meanTravelTime="111.44" meanSpeed="5.38" meanSpeedRelative="0.39" duration="2"/>
    <step time="20100.00" loaded="11277" inserted="11250" running="76" waiting="27" ended="11174" arrived="11174" collisions="0" teleports="0" halting="21" stopped="0" meanWaitingTime="27.70" meanTravelTime="111.28" meanSpeed="5.28" meanSpeedRelative="0.38" duration="4"/>
    <step time="20400.00" loaded="11444" inserted="11415" running="73" waiting="29" ended="11342" arrived="11342" collisions="0" teleports="0" halting="19" stopped="0" meanWaitingTime="28.11" meanTravelTime="111.26" meanSpeed="5.31" meanSpeedRelative="0.38" duration="3"/>
    <step time="20700.00" loaded="11616" inserted="11592" running="66" waiting="24" ended="11526" arrived="11526" collisions="0" teleports="0" halting="24" stopped="0" meanWaitingTime="28.45" meanTravelTime="111.45" meanSpeed="4.98" meanSpeedRelative="0.36" duration="2"/>
    <step time="21000.00" loaded="11801" inserted="11790" running="59" waiting="11" ended="11731" arrived="11731" collisions="0" teleports="0" halting="28" stopped="0" meanWaitingTime="28.66" meanTravelTime="111.23" meanSpeed="4.52" meanSpeedRelative="0.33" duration="3"/>
    <step time="21300.00" loaded="11960" inserted="11960" running="59" waiting="0" ended="11901" arrived="11901" collisions="0" teleports="0" halting="10" stopped="0" meanWaitingTime="28.44" meanTravelTime="111.11" meanSpeed="6.75" meanSpeedRelative="0.49" duration="3"/>
    <step time="21600.00" loaded="12184" inserted="12175" running="83" waiting="9" ended="12092" arrived="12092" collisions="0" teleports="0" halting="14" stopped="0" meanWaitingTime="28.14" meanTravelTime="111.00" meanSpeed="6.57" meanSpeedRelative="0.47" duration="4"/>
    <step time="21900.00" loaded="12369" inserted="12361" running="77" waiting="8" ended="12284" arrived="12284" collisions="0" teleports="0" halting="23" stopped="0" meanWaitingTime="27.82" meanTravelTime="111.01" meanSpeed="5.50" meanSpeedRelative="0.40" duration="4"/>
    <step time="22200.00" loaded="12559" inserted="12549" running="54" waiting="10" ended="12495" arrived="12495" collisions="0" teleports="0" halting="7" stopped="0" meanWaitingTime="27.57" meanTravelTime="110.77" meanSpeed="6.48" meanSpeedRelative="0.47" duration="3"/>
    <step time="22500.00" loaded="12738" inserted="12702" running="47" waiting="36" ended="12655" arrived="12655" collisions="0" teleports="0" halting="7" stopped="0" meanWaitingTime="27.46" meanTravelTime="110.71" meanSpeed="5.59" meanSpeedRelative="0.42" duration="1"/>
    <step time="22800.00" loaded="12931" inserted="12918" running="89" waiting="13" ended="12829" arrived="12829" collisions="0" teleports="0" halting="32" stopped="0" meanWaitingTime="27.57" meanTravelTime="110.57" meanSpeed="4.64" meanSpeedRelative="0.33" duration="5"/>
    <step time="23100.00" loaded="13116" inserted="13097" running="86" waiting="19" ended="13011" arrived="13011" collisions="0" teleports="0" halting="26" stopped="0" meanWaitingTime="27.61" meanTravelTime="110.87" meanSpeed="5.24" meanSpeedRelative="0.38" duration="4"/>
    <step time="23400.00" loaded="13303" inserted="13275" running="59" waiting="28" ended="13216" arrived="13216" collisions="0" teleports="0" halting="22" stopped="0" meanWaitingTime="27.74" meanTravelTime="110.92" meanSpeed="5.36" meanSpeedRelative="0.39" duration="2"/>
    <step time="23700.00" loaded="13533" inserted="13491" running="74" waiting="42" ended="13417" arrived="13417" collisions="0" teleports="0" halting="34" stopped="0" meanWaitingTime="27.90" meanTravelTime="110.51" meanSpeed="4.20" meanSpeedRelative="0.30" duration="2"/>
    <step time="24000.00" loaded="13708" inserted="13672" running="68" waiting="36" ended="13604" arrived="13604" collisions="0" teleports="0" halting="20" stopped="0" meanWaitingTime="28.26" meanTravelTime="110.47" meanSpeed="4.41" meanSpeedRelative="0.32" duration="3"/>
    <step time="24300.00" loaded="13914" inserted="13879" running="87" waiting="35" ended="13792" arrived="13792" collisions="0" teleports="0" halting="40" stopped="0" meanWaitingTime="28.64" meanTravelTime="110.56" meanSpeed="4.23" meanSpeedRelative="0.30" duration="3"/>
    <step time="24600.00" loaded="14138" inserted="14101" running="83" waiting="37" ended="14018" arrived="14018" collisions="0" teleports="0" halting="35" stopped="0" meanWaitingTime="28.92" meanTravelTime="110.56" meanSpeed="3.66" meanSpeedRelative="0.26" duration="3"/>
    <step time="24900.00" loaded="14355" inserted="14320" running="78" waiting="35" ended="14242" arrived="14242" collisions="0" teleports="0" halting="26" stopped="0" meanWaitingTime="29.35" meanTravelTime="110.56" meanSpeed="4.34" meanSpeedRelative="0.31" duration="3"/>
    <step time="25200.00" loaded="14550" inserted="14506" running="65" waiting="44" ended="14441" arrived="14441" collisions="0" teleports="0" halting="20" stopped="0" meanWaitingTime="29.55" meanTravelTime="110.41" meanSpeed="5.91" meanSpeedRelative="0.43" duration="4"/>
    <step time="25500.00" loaded="14724" inserted="14703" running="65" waiting="21" ended="14638" arrived="14638" collisions="0" teleports="0" halting="30" stopped="0" meanWaitingTime="29.90" meanTravelTime="110.51" meanSpeed="4.16" meanSpeedRelative="0.30" duration="3"/>
    <step time="25800.00" loaded="14957" inserted="14926" running="70" waiting="31" ended="14856" arrived="14856" collisions="0" teleports="0" halting="12" stopped="0" meanWaitingTime="29.90" meanTravelTime="110.27" meanSpeed="5.30" meanSpeedRelative="0.38" duration="2"/>
    <step time="26100.00" loaded="15168" inserted="15140" running="67" waiting="28" ended="15073" arrived="15073" collisions="0" teleports="0" halting="22" stopped="0" meanWaitingTime="30.10" meanTravelTime="110.31" meanSpeed="4.23" meanSpeedRelative="0.30" duration="2"/>
    <step time="26400.00" loaded="15365" inserted="15324" running="84" waiting="41" ended="15240" arrived="15240" collisions="0" teleports="0" halting="32" stopped="0" meanWaitingTime="30.33" meanTravelTime="110.36" meanSpeed="3.84" meanSpeedRelative="0.28" duration="3"/>
    <step time="26700.00" loaded="15580" inserted="15554" running="126" waiting="26" ended="15428" arrived="15428" collisions="0" teleports="0" halting="40" stopped="0" meanWaitingTime="30.73" meanTravelTime="110.19" meanSpeed="4.20" meanSpeedRelative="0.31" duration="4"/>
    <step time="27000.00" loaded="15796" inserted="15766" running="111" waiting="30" ended="15655" arrived="15655" collisions="0" teleports="0" halting="30" stopped="0" meanWaitingTime="30.97" meanTravelTime="111.05" meanSpeed="4.89" meanSpeedRelative="0.35" duration="4"/>
    <step time="27300.00" loaded="16020" inserted="15984" running="103" waiting="36" ended="15881" arrived="15881" collisions="0" teleports="0" halting="35" stopped="0" meanWaitingTime="31.18" meanTravelTime="111.14" meanSpeed="3.72" meanSpeedRelative="0.27" duration="4"/>
    <step time="27600.00" loaded="16222" inserted="16184" running="70" waiting="38" ended="16114" arrived="16114" collisions="0" teleports="0" halting="42" stopped="0" meanWaitingTime="31.34" meanTravelTime="111.35" meanSpeed="2.88" meanSpeedRelative="0.21" duration="2"/>
    <step time="27900.00" loaded="16428" inserted="16394" running="59" waiting="34" ended="16335" arrived="16335" collisions="0" teleports="0" halting="15" stopped="0" meanWaitingTime="31.54" meanTravelTime="111.21" meanSpeed="6.41" meanSpeedRelative="0.46" duration="3"/>
    <step time="28200.00" loaded="16650" inserted="16627" running="72" waiting="23" ended="16555" arrived="16555" collisions="0" teleports="0" halting="16" stopped="0" meanWaitingTime="31.80" meanTravelTime="111.00" meanSpeed="4.89" meanSpeedRelative="0.35" duration="4"/>
    <step time="28500.00" loaded="16849" inserted="16818" running="64" waiting="31" ended="16754" arrived="16754" collisions="0" teleports="0" halting="19" stopped="0" meanWaitingTime="31.89" meanTravelTime="110.98" meanSpeed="5.51" meanSpeedRelative="0.40" duration="3"/>
    <step time="28800.00" loaded="17061" inserted="17029" running="70" waiting="32" ended="16959" arrived="16959" collisions="0" teleports="0" halting="22" stopped="0" meanWaitingTime="31.94" meanTravelTime="110.94" meanSpeed="5.00" meanSpeedRelative="0.36" duration="2"/>
    <step time="29100.00" loaded="17283" inserted="17248" running="110" waiting="35" ended="17138" arrived="17138" collisions="0" teleports="0" halting="41" stopped="0" meanWaitingTime="31.98" meanTravelTime="111.15" meanSpeed="3.11" meanSpeedRelative="0.22" duration="5"/>
    <step time="29400.00" loaded="17484" inserted="17435" running="86" waiting="49" ended="17349" arrived="17349" collisions="0" teleports="0" halting="33" stopped="0" meanWaitingTime="32.21" meanTravelTime="111.55" meanSpeed="4.45" meanSpeedRelative="0.32" duration="4"/>
    <step time="29700.00" loaded="17668" inserted="17635" running="68" waiting="33" ended="17567" arrived="17567" collisions="0" teleports="0" halting="17" stopped="0" meanWaitingTime="32.42" meanTravelTime="111.78" meanSpeed="5.18" meanSpeedRelative="0.37" duration="2"/>
    <step time="30000.00" loaded="17843" inserted="17811" running="54" waiting="32" ended="17757" arrived="17757" collisions="0" teleports="0" halting="29" stopped="0" meanWaitingTime="32.60" meanTravelTime="111.84" meanSpeed="3.56" meanSpeedRelative="0.27" duration="2"/>
    <step time="30300.00" loaded="18042" inserted="18003" running="73" waiting="39" ended="17930" arrived="17930" collisions="0" teleports="0" halting="30" stopped="0" meanWaitingTime="32.94" meanTravelTime="111.73" meanSpeed="4.24" meanSpeedRelative="0.31" duration="2"/>
    <step time="30600.00" loaded="18256" inserted="18213" running="89" waiting="43" ended="18124" arrived="18124" collisions="0" teleports="0" halting="33" stopped="0" meanWaitingTime="33.23" meanTravelTime="111.73" meanSpeed="5.37" meanSpeedRelative="0.39" duration="5"/>
    <step time="30900.00" loaded="18476" inserted="18431" running="96" waiting="45" ended="18335" arrived="18335" collisions="0" teleports="0" halting="25" stopped="0" meanWaitingTime="33.49" meanTravelTime="111.75" meanSpeed="4.55" meanSpeedRelative="0.33" duration="3"/>
    <step time="31200.00" loaded="18649" inserted="18602" running="49" waiting="47" ended="18553" arrived="18553" collisions="0" teleports="0" halting="21" stopped="0" meanWaitingTime="33.67" meanTravelTime="111.99" meanSpeed="4.57" meanSpeedRelative="0.33" duration="3"/>
    <step time="31500.00" loaded="18826" inserted="18783" running="68" waiting="43" ended="18715" arrived="18715" collisions="0" teleports="0" halting="25" stopped="0" meanWaitingTime="33.99" meanTravelTime="111.99" meanSpeed="4.22" meanSpeedRelative="0.30" duration="1"/>
    <step time="31800.00" loaded="18981" inserted="18950" running="85" waiting="31" ended="18865" arrived="18865" collisions="0" teleports="0" halting="19" stopped="0" meanWaitingTime="34.36" meanTravelTime="112.11" meanSpeed="4.41" meanSpeedRelative="0.32" duration="2"/>
    <step time="32100.00" loaded="19162" inserted="19122" running="73" waiting="40" ended="19049" arrived="19049" collisions="0" teleports="0" halting="24" stopped="0" meanWaitingTime="34.61" meanTravelTime="112.28" meanSpeed="4.84" meanSpeedRelative="0.35" duration="2"/>
    <step time="32400.00" loaded="19330" inserted="19284" running="58" waiting="46" ended="19226" arrived="19226" collisions="0" teleports="0" halting="19" stopped="0" meanWaitingTime="34.84" meanTravelTime="112.34" meanSpeed="4.39" meanSpeedRelative="0.32" duration="3"/>
    <step time="32700.00" loaded="19508" inserted="19468" running="79" waiting="40" ended="19389" arrived="19389" collisions="0" teleports="0" halting="9" stopped="0" meanWaitingTime="35.11" meanTravelTime="112.30" meanSpeed="5.18" meanSpeedRelative="0.37" duration="3"/>
    <step time="33000.00" loaded="19677" inserted="19647" running="74" waiting="30" ended="19573" arrived="19573" collisions="0" teleports="0" halting="16" stopped="0" meanWaitingTime="35.39" meanTravelTime="112.70" meanSpeed="4.94" meanSpeedRelative="0.36" duration="3"/>
    <step time="33300.00" loaded="19809" inserted="19795" running="82" waiting="14" ended="19713" arrived="19713" collisions="0" teleports="0" halting="23" stopped="0" meanWaitingTime="35.55" meanTravelTime="112.96" meanSpeed="4.35" meanSpeedRelative="0.31" duration="3"/>
    <step time="33600.00" loaded="20004" inserted="19987" running="69" waiting="17" ended="19918" arrived="19918" collisions="0" teleports="0" halting="29" stopped="0" meanWaitingTime="35.50" meanTravelTime="113.06" meanSpeed="4.43" meanSpeedRelative="0.34" duration="3"/>
    <step time="33900.00" loaded="20158" inserted="20140" running="54" waiting="18" ended="20086" arrived="20086" collisions="0" teleports="0" halting="21" stopped="0" meanWaitingTime="35.43" meanTravelTime="112.96" meanSpeed="4.24" meanSpeedRelative="0.31" duration="4"/>
    <step time="34200.00" loaded="20316" inserted="20296" running="64" waiting="20" ended="20232" arrived="20232" collisions="0" teleports="0" halting="22" stopped="0" meanWaitingTime="35.39" meanTravelTime="112.96" meanSpeed="5.69" meanSpeedRelative="0.41" duration="2"/>
    <step time="34500.00" loaded="20482" inserted="20456" running="90" waiting="26" ended="20366" arrived="20366" collisions="0" teleports="0" halting="25" stopped="0" meanWaitingTime="35.47" meanTravelTime="112.99" meanSpeed="4.20" meanSpeedRelative="0.30" duration="3"/>
    <step time="34800.00" loaded="20635" inserted="20605" running="68" waiting="30" ended="20537" arrived="20537" collisions="0" teleports="0" halting="19" stopped="0" meanWaitingTime="35.65" meanTravelTime="113.46" meanSpeed="4.42" meanSpeedRelative="0.32" duration="4"/>
    <step time="35100.00" loaded="20772" inserted="20761" running="62" waiting="11" ended="20699" arrived="20699" collisions="0" teleports="0" halting="13" stopped="0" meanWaitingTime="35.78" meanTravelTime="113.54" meanSpeed="5.59" meanSpeedRelative="0.40" duration="2"/>
    <step time="35400.00" loaded="20913" inserted="20906" running="41" waiting="7" ended="20865" arrived="20865" collisions="0" teleports="0" halting="5" stopped="0" meanWaitingTime="35.59" meanTravelTime="113.44" meanSpeed="7.23" meanSpeedRelative="0.52" duration="3"/>
    <step time="35700.00" loaded="21058" inserted="21051" running="58" waiting="7" ended="20993" arrived="20993" collisions="0" teleports="0" halting="33" stopped="0" meanWaitingTime="35.48" meanTravelTime="113.40" meanSpeed="3.07" meanSpeedRelative="0.22" duration="3"/>
    <step time="36000.00" loaded="21213" inserted="21206" running="34" waiting="7" ended="21172" arrived="21172" collisions="0" teleports="0" halting="17" stopped="0" meanWaitingTime="35.33" meanTravelTime="113.42" meanSpeed="4.13" meanSpeedRelative="0.30" duration="2"/>
    <step time="36300.00" loaded="21387" inserted="21370" running="53" waiting="17" ended="21317" arrived="21317" collisions="0" teleports="0" halting="27" stopped="0" meanWaitingTime="35.23" meanTravelTime="113.18" meanSpeed="3.64" meanSpeedRelative="0.26" duration="3"/>
    <step time="36600.00" loaded="21534" inserted="21525" running="65" waiting="9" ended="21460" arrived="21460" collisions="0" teleports="0" halting="11" stopped="0" meanWaitingTime="35.13" meanTravelTime="113.19" meanSpeed="4.62" meanSpeedRelative="0.33" duration="4"/>
    <step time="36900.00" loaded="21672" inserted="21652" running="40" waiting="20" ended="21612" arrived="21612" collisions="0" teleports="0" halting="12" stopped="0" meanWaitingTime="35.00" meanTravelTime="113.37" meanSpeed="6.02" meanSpeedRelative="0.43" duration="1"/>
    <step time="37200.00" loaded="21794" inserted="21772" running="39" waiting="22" ended="21733" arrived="21733" collisions="0" teleports="0" halting="15" stopped="0" meanWaitingTime="34.99" meanTravelTime="113.27" meanSpeed="2.83" meanSpeedRelative="0.20" duration="2"/>
    <step time="37500.00" loaded="21935" inserted="21898" running="50" waiting="37" ended="21848" arrived="21848" collisions="0" teleports="0" halting="14" stopped="0" meanWaitingTime="35.16" meanTravelTime="113.28" meanSpeed="6.80" meanSpeedRelative="0.49" duration="3"/>
    <step time="37800.00" loaded="22090" inserted="22048" running="53" waiting="42" ended="21995" arrived="21995" collisions="0" teleports="0" halting="19" stopped="0" meanWaitingTime="35.43" meanTravelTime="113.19" meanSpeed="5.29" meanSpeedRelative="0.39" duration="2"/>
    <step time="38100.00" loaded="22235" inserted="22189" running="53" waiting="46" ended="22136" arrived="22136" collisions="0" teleports="0" halting="26" stopped="0" meanWaitingTime="35.68" meanTravelTime="113.11" meanSpeed="4.31" meanSpeedRelative="0.31" duration="2"/>
    <step time="38400.00" loaded="22360" inserted="22329" running="47" waiting="31" ended="22282" arrived="22282" collisions="0" teleports="0" halting="19" stopped="0" meanWaitingTime="36.01" meanTravelTime="113.10" meanSpeed="4.53" meanSpeedRelative="0.33" duration="2"/>
    <step time="38700.00" loaded="22457" inserted="22443" running="41" waiting="14" ended="22402" arrived="22402" collisions="0" teleports="0" halting="19" stopped="0" meanWaitingTime="36.21" meanTravelTime="113.07" meanSpeed="4.09" meanSpeedRelative="0.29" duration="3"/>
    <step time="39000.00" loaded="22562" inserted="22530" running="42" waiting="32" ended="22488" arrived="22488" collisions="0" teleports="0" halting="8" stopped="0" meanWaitingTime="36.40" meanTravelTime="113.07" meanSpeed="6.58" meanSpeedRelative="0.47" duration="2"/>
    <step time="39300.00" loaded="22688" inserted="22649" running="32" waiting="39" ended="22617" arrived="22617" collisions="0" teleports="0" halting="12" stopped="0" meanWaitingTime="36.64" meanTravelTime="113.09" meanSpeed="5.57" meanSpeedRelative="0.40" duration="2"/>
    <step time="39600.00" loaded="22801" inserted="22762" running="32" waiting="39" ended="22730" arrived="22730" collisions="0" teleports="0" halting="18" stopped="0" meanWaitingTime="36.85" meanTravelTime="113.01" meanSpeed="4.44" meanSpeedRelative="0.32" duration="2"/>
    <step time="39900.00" loaded="22922" inserted="22894" running="57" waiting="28" ended="22837" arrived="22837" collisions="0" teleports="0" halting="43" stopped="0" meanWaitingTime="37.15" meanTravelTime="112.96" meanSpeed="1.96" meanSpeedRelative="0.14" duration="3"/>
    <step time="40200.00" loaded="23010" inserted="22990" running="34" waiting="20" ended="22956" arrived="22956" collisions="0" teleports="0" halting="14" stopped="0" meanWaitingTime="37.40" meanTravelTime="113.09" meanSpeed="3.48" meanSpeedRelative="0.25" duration="2"/>
    <step time="40500.00" loaded="23109" inserted="23086" running="31" waiting="23" ended="23055" arrived="23055" collisions="0" teleports="0" halting="9" stopped="0" meanWaitingTime="37.51" meanTravelTime="113.10" meanSpeed="5.97" meanSpeedRelative="0.43" duration="3"/>
    <step time="40800.00" loaded="23217" inserted="23186" running="36" waiting="31" ended="23150" arrived="23150" collisions="0" teleports="0" halting="12" stopped="0" meanWaitingTime="37.77" meanTravelTime="113.02" meanSpeed="5.72" meanSpeedRelative="0.41" duration="2"/>
    <step time="41100.00" loaded="23301" inserted="23278" running="45" waiting="23" ended="23233" arrived="23233" collisions="0" teleports="0" halting="26" stopped="0" meanWaitingTime="37.96" meanTravelTime="113.07" meanSpeed="3.77" meanSpeedRelative="0.27" duration="2"/>
    <step time="41400.00" loaded="23366" inserted="23356" running="17" waiting="10" ended="23339" arrived="23339" collisions="0" teleports="0" halting="12" stopped="0" meanWaitingTime="38.05" meanTravelTime="113.25" meanSpeed="3.56" meanSpeedRelative="0.26" duration="0"/>
    <step time="41700.00" loaded="23464" inserted="23439" running="43" waiting="25" ended="23396" arrived="23396" collisions="0" teleports="0" halting="17" stopped="0" meanWaitingTime="38.19" meanTravelTime="113.21" meanSpeed="4.85" meanSpeedRelative="0.35" duration="3"/>
    <step time="42000.00" loaded="23545" inserted="23516" running="18" waiting="29" ended="23498" arrived="23498" collisions="0" teleports="0" halting="9" stopped="0" meanWaitingTime="38.37" meanTravelTime="113.22" meanSpeed="4.72" meanSpeedRelative="0.34" duration="0"/>
    <step time="42300.00" loaded="23648" inserted="23624" running="44" waiting="24" ended="23580" arrived="23580" collisions="0" teleports="0" halting="11" stopped="0" meanWaitingTime="38.63" meanTravelTime="113.11" meanSpeed="7.60" meanSpeedRelative="0.55" duration="3"/>
    <step time="42600.00" loaded="23760" inserted="23724" running="44" waiting="36" ended="23680" arrived="23680" collisions="0" teleports="0" halting="7" stopped="0" meanWaitingTime="38.85" meanTravelTime="113.07" meanSpeed="7.32" meanSpeedRelative="0.53" duration="2"/>
    <step time="42900.00" loaded="23862" inserted="23839" running="51" waiting="23" ended="23788" arrived="23788" collisions="0" teleports="0" halting="12" stopped="0" meanWaitingTime="39.13" meanTravelTime="113.19" meanSpeed="5.38" meanSpeedRelative="0.39" duration="2"/>
    <step time="43200.00" loaded="23962" inserted="23927" running="26" waiting="35" ended="23901" arrived="23901" collisions="0" teleports="0" halting="15" stopped="0" meanWaitingTime="39.26" meanTravelTime="113.24" meanSpeed="3.86" meanSpeedRelative="0.28" duration="1"/>
    <step time="43500.00" loaded="24041" inserted="24014" running="38" waiting="27" ended="23976" arrived="23976" collisions="0" teleports="0" halting="8" stopped="0" meanWaitingTime="39.42" meanTravelTime="113.23" meanSpeed="6.73" meanSpeedRelative="0.48" duration="2"/>
    <step time="43800.00" loaded="24141" inserted="24104" running="37" waiting="37" ended="24067" arrived="24067" collisions="0" teleports="0" halting="20" stopped="0" meanWaitingTime="39.65" meanTravelTime="113.25" meanSpeed="4.12" meanSpeedRelative="0.30" duration="2"/>
    <step time="44100.00" loaded="24248" inserted="24218" running="58" waiting="30" ended="24160" arrived="24160" collisions="0" teleports="0" halting="34" stopped="0" meanWaitingTime="39.93" meanTravelTime="113.20" meanSpeed="3.65" meanSpeedRelative="0.26" duration="3"/>
    <step time="44400.00" loaded="24359" inserted="24321" running="77" waiting="38" ended="24244" arrived="24244" collisions="0" teleports="0" halting="61" stopped="0" meanWaitingTime="40.19" meanTravelTime="113.17" meanSpeed="1.04" meanSpeedRelative="0.07" duration="3"/>
    <step time="44700.00" loaded="24464" inserted="24420" running="54" waiting="44" ended="24366" arrived="24366" collisions="0" teleports="0" halting="6" stopped="0" meanWaitingTime="40.57" meanTravelTime="113.85" meanSpeed="5.41" meanSpeedRelative="0.39" duration="3"/>
    <step time="45000.00" loaded="24572" inserted="24531" running="60" waiting="41" ended="24471" arrived="24471" collisions="0" teleports="0" halting="18" stopped="0" meanWaitingTime="40.89" meanTravelTime="114.02" meanSpeed="3.89" meanSpeedRelative="0.28" duration="3"/>
    <step time="45300.00" loaded="24660" inserted="24636" running="75" waiting="24" ended="24561" arrived="24561" collisions="0" teleports="0" halting="27" stopped="0" meanWaitingTime="41.15" meanTravelTime="114.27" meanSpeed="4.11" meanSpeedRelative="0.30" duration="4"/>
    <step time="45600.00" loaded="24742" inserted="24715" running="57" waiting="27" ended="24658" arrived="24658" collisions="0" teleports="0" halting="46" stopped="0" meanWaitingTime="41.25" meanTravelTime="114.68" meanSpeed="1.78" meanSpeedRelative="0.13" duration="2"/>
    <step time="45900.00" loaded="24829" inserted="24783" running="60" waiting="46" ended="24723" arrived="24723" collisions="0" teleports="0" halting="56" stopped="0" meanWaitingTime="41.45" meanTravelTime="114.85" meanSpeed="0.48" meanSpeedRelative="0.04" duration="2"/>
    <step time="46200.00" loaded="24909" inserted="24862" running="73" waiting="47" ended="24789" arrived="24789" collisions="0" teleports="0" halting="68" stopped="0" meanWaitingTime="41.69" meanTravelTime="114.70" meanSpeed="0.56" meanSpeedRelative="0.04" duration="2"/>
    <step time="46500.00" loaded="24957" inserted="24920" running="98" waiting="37" ended="24822" arrived="24822" collisions="0" teleports="0" halting="98" stopped="0" meanWaitingTime="41.83" meanTravelTime="114.62" meanSpeed="0.00" meanSpeedRelative="0.00" duration="2"/>
    <step time="46800.00" loaded="24977" inserted="24940" running="100" waiting="37" ended="24840" arrived="24840" collisions="0" teleports="0" halting="99" stopped="0" meanWaitingTime="41.79" meanTravelTime="114.57" meanSpeed="0.13" meanSpeedRelative="0.01" duration="3"/>
    <step time="47100.00" loaded="24995" inserted="24958" running="97" waiting="37" ended="24861" arrived="24861" collisions="0" teleports="0" halting="94" stopped="0" meanWaitingTime="41.76" meanTravelTime="114.50" meanSpeed="0.19" meanSpeedRelative="0.01" duration="2"/>
    <step time="47400.00" loaded="25011" inserted="24974" running="96" waiting="37" ended="24878" arrived="24878" collisions="0" teleports="0" halting="96" stopped="0" meanWaitingTime="41.74" meanTravelTime="114.45" meanSpeed="0.00" meanSpeedRelative="0.00" duration="2"/>
    <step time="47700.00" loaded="25025" inserted="24988" running="97" waiting="37" ended="24891" arrived="24891" collisions="0" teleports="0" halting="97" stopped="0" meanWaitingTime="41.71" meanTravelTime="114.42" meanSpeed="0.00" meanSpeedRelative="0.00" duration="2"/>
    <step time="48000.00" loaded="25038" inserted="25001" running="96" waiting="37" ended="24905" arrived="24905" collisions="0" teleports="0" halting="95" stopped="0" meanWaitingTime="41.69" meanTravelTime="114.38" meanSpeed="0.06" meanSpeedRelative="0.00" duration="2"/>
    <step time="48300.00" loaded="25052" inserted="25015" running="95" waiting="37" ended="24920" arrived="24920" collisions="0" teleports="0" halting="94" stopped="0" meanWaitingTime="41.67" meanTravelTime="114.34" meanSpeed="0.03" meanSpeedRelative="0.00" duration="1"/>
    <step time="48600.00" loaded="25068" inserted="25031" running="96" waiting="37" ended="24935" arrived="24935" collisions="0" teleports="0" halting="94" stopped="0" meanWaitingTime="41.64" meanTravelTime="114.28" meanSpeed="0.16" meanSpeedRelative="0.01" duration="3"/>
    <step time="48900.00" loaded="25083" inserted="25046" running="100" waiting="37" ended="24946" arrived="24946" collisions="0" teleports="0" halting="99" stopped="0" meanWaitingTime="41.62" meanTravelTime="114.24" meanSpeed="0.03" meanSpeedRelative="0.00" duration="3"/>
    <step time="49200.00" loaded="25092" inserted="25055" running="94" waiting="37" ended="24961" arrived="24961" collisions="0" teleports="0" halting="94" stopped="0" meanWaitingTime="41.60" meanTravelTime="114.21" meanSpeed="0.00" meanSpeedRelative="0.00" duration="3"/>
</summary>
