<?xml version="1.0" encoding="UTF-8"?>

<!-- generated on 2025-02-28 16:23:19 by Eclipse SUMO GUI Version 1.19.0
<configuration xmlns:xsi="http://www.w3.org/2001/XMLSchema-instance" xsi:noNamespaceSchemaLocation="http://sumo.dlr.de/xsd/sumoConfiguration.xsd">

    <input>
        <net-file value="Network.net.xml"/>
        <route-files value="CarRoutes.rou.xml"/>
        <additional-files value="Sensors.add.xml"/>
    </input>

    <output>
        <emission-output value="logs/Emissions.xml"/>
        <summary-output value="logs/Log_summary.xml"/>
        <summary-output.period value="300"/>
        <tripinfo-output value="logs/TripInfos.xml"/>
    </output>

    <time>
        <begin value="0"/>
        <end value="86400"/>
        <step-length value="0.25"/>
    </time>

    <processing>
        <ignore-junction-blocker value="0.1"/>
        <time-to-teleport value="-1"/>
    </processing>

    <report>
        <verbose value="true"/>
        <no-step-log value="true"/>
    </report>

    <emissions>
        <device.emissions.period value="10"/>
    </emissions>

    <traci_server>
        <remote-port value="56886"/>
    </traci_server>

    <gui_only>
        <quit-on-end value="true"/>
        <start value="true"/>
    </gui_only>

</configuration>
-->

<summary xmlns:xsi="http://www.w3.org/2001/XMLSchema-instance" xsi:noNamespaceSchemaLocation="http://sumo.dlr.de/xsd/summary_file.xsd">
    <step time="0.00" loaded="0" inserted="0" running="0" waiting="0" ended="0" arrived="0" collisions="0" teleports="0" halting="0" stopped="0" meanWaitingTime="-1.00" meanTravelTime="-1.00" meanSpeed="-1.00" meanSpeedRelative="-1.00" duration="0"/>
    <step time="300.00" loaded="214" inserted="199" running="92" waiting="15" ended="107" arrived="107" collisions="0" teleports="0" halting="41" stopped="0" meanWaitingTime="13.56" meanTravelTime="79.90" meanSpeed="3.79" meanSpeedRelative="0.27" duration="3"/>
    <step time="600.00" loaded="377" inserted="367" running="77" waiting="10" ended="290" arrived="290" collisions="0" teleports="0" halting="22" stopped="0" meanWaitingTime="13.45" meanTravelTime="112.06" meanSpeed="5.34" meanSpeedRelative="0.38" duration="2"/>
    <step time="900.00" loaded="532" inserted="522" running="58" waiting="10" ended="464" arrived="464" collisions="0" teleports="0" halting="26" stopped="0" meanWaitingTime="12.57" meanTravelTime="120.29" meanSpeed="4.44" meanSpeedRelative="0.32" duration="2"/>
    <step time="1200.00" loaded="703" inserted="688" running="56" waiting="15" ended="632" arrived="632" collisions="0" teleports="0" halting="6" stopped="0" meanWaitingTime="15.69" meanTravelTime="118.22" meanSpeed="7.63" meanSpeedRelative="0.55" duration="3"/>
    <step time="1500.00" loaded="867" inserted="847" running="53" waiting="20" ended="794" arrived="794" collisions="0" teleports="0" halting="12" stopped="0" meanWaitingTime="16.85" meanTravelTime="114.80" meanSpeed="5.28" meanSpeedRelative="0.38" duration="2"/>
    <step time="1800.00" loaded="1032" inserted="1014" running="57" waiting="18" ended="957" arrived="957" collisions="0" teleports="0" halting="20" stopped="0" meanWaitingTime="19.69" meanTravelTime="114.17" meanSpeed="4.22" meanSpeedRelative="0.30" duration="2"/>
    <step time="2100.00" loaded="1190" inserted="1175" running="58" waiting="15" ended="1117" arrived="1117" collisions="0" teleports="0" halting="35" stopped="0" meanWaitingTime="18.49" meanTravelTime="112.06" meanSpeed="3.38" meanSpeedRelative="0.24" duration="2"/>
    <step time="2400.00" loaded="1334" inserted="1318" running="40" waiting="16" ended="1278" arrived="1278" collisions="0" teleports="0" halting="11" stopped="0" meanWaitingTime="18.49" meanTravelTime="112.04" meanSpeed="6.27" meanSpeedRelative="0.45" duration="1"/>
    <step time="2700.00" loaded="1477" inserted="1476" running="55" waiting="1" ended="1421" arrived="1421" collisions="0" teleports="0" halting="17" stopped="0" meanWaitingTime="18.48" meanTravelTime="109.87" meanSpeed="4.02" meanSpeedRelative="0.29" duration="1"/>
    <step time="3000.00" loaded="1635" inserted="1628" running="52" waiting="7" ended="1576" arrived="1576" collisions="0" teleports="0" halting="22" stopped="0" meanWaitingTime="17.35" meanTravelTime="110.89" meanSpeed="4.42" meanSpeedRelative="0.32" duration="1"/>
    <step time="3300.00" loaded="1809" inserted="1788" running="62" waiting="21" ended="1726" arrived="1726" collisions="0" teleports="0" halting="14" stopped="0" meanWaitingTime="18.06" meanTravelTime="111.10" meanSpeed="5.77" meanSpeedRelative="0.42" duration="2"/>
    <step time="3600.00" loaded="1944" inserted="1929" running="43" waiting="15" ended="1886" arrived="1886" collisions="0" teleports="0" halting="12" stopped="0" meanWaitingTime="19.59" meanTravelTime="110.10" meanSpeed="5.58" meanSpeedRelative="0.40" duration="1"/>
    <step time="3900.00" loaded="2109" inserted="2109" running="82" waiting="0" ended="2027" arrived="2027" collisions="0" teleports="0" halting="37" stopped="0" meanWaitingTime="18.82" meanTravelTime="109.14" meanSpeed="3.01" meanSpeedRelative="0.22" duration="2"/>
    <step time="4200.00" loaded="2240" inserted="2235" running="40" waiting="5" ended="2195" arrived="2195" collisions="0" teleports="0" halting="12" stopped="0" meanWaitingTime="18.89" meanTravelTime="112.06" meanSpeed="6.20" meanSpeedRelative="0.45" duration="1"/>
    <step time="4500.00" loaded="2416" inserted="2415" running="63" waiting="1" ended="2352" arrived="2352" collisions="0" teleports="0" halting="26" stopped="0" meanWaitingTime="18.08" meanTravelTime="110.45" meanSpeed="4.29" meanSpeedRelative="0.31" duration="2"/>
    <step time="4800.00" loaded="2574" inserted="2568" running="54" waiting="6" ended="2514" arrived="2514" collisions="0" teleports="0" halting="16" stopped="0" meanWaitingTime="17.26" meanTravelTime="109.69" meanSpeed="4.31" meanSpeedRelative="0.31" duration="1"/>
    <step time="5100.00" loaded="2739" inserted="2729" running="58" waiting="10" ended="2671" arrived="2671" collisions="0" teleports="0" halting="8" stopped="0" meanWaitingTime="17.90" meanTravelTime="109.94" meanSpeed="6.64" meanSpeedRelative="0.48" duration="1"/>
    <step time="5400.00" loaded="2890" inserted="2888" running="49" waiting="2" ended="2839" arrived="2839" collisions="0" teleports="0" halting="13" stopped="0" meanWaitingTime="17.30" meanTravelTime="109.30" meanSpeed="6.41" meanSpeedRelative="0.46" duration="2"/>
    <step time="5700.00" loaded="3077" inserted="3062" running="71" waiting="15" ended="2991" arrived="2991" collisions="0" teleports="0" halting="37" stopped="0" meanWaitingTime="16.69" meanTravelTime="108.82" meanSpeed="4.06" meanSpeedRelative="0.29" duration="2"/>
    <step time="6000.00" loaded="3203" inserted="3200" running="32" waiting="3" ended="3168" arrived="3168" collisions="0" teleports="0" halting="17" stopped="0" meanWaitingTime="16.67" meanTravelTime="109.48" meanSpeed="3.97" meanSpeedRelative="0.29" duration="1"/>
    <step time="6300.00" loaded="3365" inserted="3347" running="73" waiting="18" ended="3274" arrived="3274" collisions="0" teleports="0" halting="27" stopped="0" meanWaitingTime="16.69" meanTravelTime="109.72" meanSpeed="5.25" meanSpeedRelative="0.38" duration="2"/>
    <step time="6600.00" loaded="3524" inserted="3516" running="52" waiting="8" ended="3464" arrived="3464" collisions="0" teleports="0" halting="23" stopped="0" meanWaitingTime="16.88" meanTravelTime="109.71" meanSpeed="3.56" meanSpeedRelative="0.26" duration="1"/>
    <step time="6900.00" loaded="3710" inserted="3693" running="67" waiting="17" ended="3626" arrived="3626" collisions="0" teleports="0" halting="26" stopped="0" meanWaitingTime="16.82" meanTravelTime="109.48" meanSpeed="3.74" meanSpeedRelative="0.27" duration="2"/>
    <step time="7200.00" loaded="3866" inserted="3844" running="60" waiting="22" ended="3784" arrived="3784" collisions="0" teleports="0" halting="17" stopped="0" meanWaitingTime="17.34" meanTravelTime="109.62" meanSpeed="5.44" meanSpeedRelative="0.39" duration="1"/>
    <step time="7500.00" loaded="4015" inserted="4003" running="44" waiting="12" ended="3959" arrived="3959" collisions="0" teleports="0" halting="16" stopped="0" meanWaitingTime="18.02" meanTravelTime="109.72" meanSpeed="5.60" meanSpeedRelative="0.40" duration="2"/>
    <step time="7800.00" loaded="4169" inserted="4146" running="50" waiting="23" ended="4096" arrived="4096" collisions="0" teleports="0" halting="12" stopped="0" meanWaitingTime="18.47" meanTravelTime="109.27" meanSpeed="5.18" meanSpeedRelative="0.37" duration="2"/>
    <step time="8100.00" loaded="4341" inserted="4326" running="52" waiting="15" ended="4274" arrived="4274" collisions="0" teleports="0" halting="20" stopped="0" meanWaitingTime="19.50" meanTravelTime="108.47" meanSpeed="4.45" meanSpeedRelative="0.32" duration="2"/>
    <step time="8400.00" loaded="4523" inserted="4519" running="58" waiting="4" ended="4461" arrived="4461" collisions="0" teleports="0" halting="15" stopped="0" meanWaitingTime="19.42" meanTravelTime="107.75" meanSpeed="4.79" meanSpeedRelative="0.34" duration="2"/>
    <step time="8700.00" loaded="4693" inserted="4688" running="79" waiting="5" ended="4609" arrived="4609" collisions="0" teleports="0" halting="25" stopped="0" meanWaitingTime="19.16" meanTravelTime="107.33" meanSpeed="5.28" meanSpeedRelative="0.38" duration="4"/>
    <step time="9000.00" loaded="4879" inserted="4862" running="58" waiting="17" ended="4804" arrived="4804" collisions="0" teleports="0" halting="14" stopped="0" meanWaitingTime="18.95" meanTravelTime="107.82" meanSpeed="5.78" meanSpeedRelative="0.42" duration="2"/>
    <step time="9300.00" loaded="5062" inserted="5043" running="57" waiting="19" ended="4986" arrived="4986" collisions="0" teleports="0" halting="21" stopped="0" meanWaitingTime="18.93" meanTravelTime="107.81" meanSpeed="4.66" meanSpeedRelative="0.34" duration="1"/>
    <step time="9600.00" loaded="5231" inserted="5220" running="58" waiting="11" ended="5162" arrived="5162" collisions="0" teleports="0" halting="20" stopped="0" meanWaitingTime="19.34" meanTravelTime="107.66" meanSpeed="6.00" meanSpeedRelative="0.44" duration="2"/>
    <step time="9900.00" loaded="5376" inserted="5360" running="31" waiting="16" ended="5329" arrived="5329" collisions="0" teleports="0" halting="11" stopped="0" meanWaitingTime="19.18" meanTravelTime="107.31" meanSpeed="5.62" meanSpeedRelative="0.40" duration="1"/>
    <step time="10200.00" loaded="5545" inserted="5536" running="72" waiting="9" ended="5464" arrived="5464" collisions="0" teleports="0" halting="21" stopped="0" meanWaitingTime="19.39" meanTravelTime="107.03" meanSpeed="5.15" meanSpeedRelative="0.37" duration="2"/>
    <step time="10500.00" loaded="5723" inserted="5712" running="64" waiting="11" ended="5648" arrived="5648" collisions="0" teleports="0" halting="12" stopped="0" meanWaitingTime="19.22" meanTravelTime="107.49" meanSpeed="6.47" meanSpeedRelative="0.48" duration="2"/>
    <step time="10800.00" loaded="5894" inserted="5887" running="57" waiting="7" ended="5830" arrived="5830" collisions="0" teleports="0" halting="9" stopped="0" meanWaitingTime="19.21" meanTravelTime="107.47" meanSpeed="6.86" meanSpeedRelative="0.49" duration="2"/>
    <step time="11100.00" loaded="6069" inserted="6051" running="52" waiting="18" ended="5999" arrived="5999" collisions="0" teleports="0" halting="22" stopped="0" meanWaitingTime="19.17" meanTravelTime="107.23" meanSpeed="5.07" meanSpeedRelative="0.37" duration="2"/>
    <step time="11400.00" loaded="6243" inserted="6209" running="59" waiting="34" ended="6150" arrived="6150" collisions="0" teleports="0" halting="17" stopped="0" meanWaitingTime="19.79" meanTravelTime="106.95" meanSpeed="5.41" meanSpeedRelative="0.39" duration="2"/>
    <step time="11700.00" loaded="6387" inserted="6366" running="55" waiting="21" ended="6311" arrived="6311" collisions="0" teleports="0" halting="10" stopped="0" meanWaitingTime="20.82" meanTravelTime="106.87" meanSpeed="5.25" meanSpeedRelative="0.38" duration="2"/>
    <step time="12000.00" loaded="6564" inserted="6556" running="72" waiting="8" ended="6484" arrived="6484" collisions="0" teleports="0" halting="19" stopped="0" meanWaitingTime="20.86" meanTravelTime="107.31" meanSpeed="4.02" meanSpeedRelative="0.29" duration="2"/>
    <step time="12300.00" loaded="6733" inserted="6733" running="70" waiting="0" ended="6663" arrived="6663" collisions="0" teleports="0" halting="23" stopped="0" meanWaitingTime="20.55" meanTravelTime="107.92" meanSpeed="4.69" meanSpeedRelative="0.34" duration="2"/>
    <step time="12600.00" loaded="6903" inserted="6883" running="61" waiting="20" ended="6822" arrived="6822" collisions="0" teleports="0" halting="17" stopped="0" meanWaitingTime="20.35" meanTravelTime="108.05" meanSpeed="4.91" meanSpeedRelative="0.35" duration="1"/>
    <step time="12900.00" loaded="7068" inserted="7055" running="55" waiting="13" ended="7000" arrived="7000" collisions="0" teleports="0" halting="23" stopped="0" meanWaitingTime="20.54" meanTravelTime="108.25" meanSpeed="4.97" meanSpeedRelative="0.36" duration="2"/>
    <step time="13200.00" loaded="7243" inserted="7223" running="84" waiting="20" ended="7139" arrived="7139" collisions="0" teleports="0" halting="20" stopped="0" meanWaitingTime="20.58" meanTravelTime="108.14" meanSpeed="4.76" meanSpeedRelative="0.35" duration="2"/>
    <step time="13500.00" loaded="7421" inserted="7413" running="78" waiting="8" ended="7335" arrived="7335" collisions="0" teleports="0" halting="26" stopped="0" meanWaitingTime="20.48" meanTravelTime="108.72" meanSpeed="3.95" meanSpeedRelative="0.28" duration="2"/>
    <step time="13800.00" loaded="7612" inserted="7596" running="81" waiting="16" ended="7515" arrived="7515" collisions="0" teleports="0" halting="22" stopped="0" meanWaitingTime="20.56" meanTravelTime="109.10" meanSpeed="5.51" meanSpeedRelative="0.40" duration="2"/>
    <step time="14100.00" loaded="7771" inserted="7767" running="61" waiting="4" ended="7706" arrived="7706" collisions="0" teleports="0" halting="20" stopped="0" meanWaitingTime="20.59" meanTravelTime="109.30" meanSpeed="5.15" meanSpeedRelative="0.37" duration="1"/>
    <step time="14400.00" loaded="7907" inserted="7896" running="48" waiting="11" ended="7848" arrived="7848" collisions="0" teleports="0" halting="17" stopped="0" meanWaitingTime="20.75" meanTravelTime="109.38" meanSpeed="6.14" meanSpeedRelative="0.44" duration="2"/>
    <step time="14700.00" loaded="8101" inserted="8086" running="60" waiting="15" ended="8026" arrived="8026" collisions="0" teleports="0" halting="16" stopped="0" meanWaitingTime="20.69" meanTravelTime="109.01" meanSpeed="6.60" meanSpeedRelative="0.48" duration="2"/>
    <step time="15000.00" loaded="8257" inserted="8250" running="96" waiting="7" ended="8154" arrived="8154" collisions="0" teleports="0" halting="17" stopped="0" meanWaitingTime="20.50" meanTravelTime="109.17" meanSpeed="5.73" meanSpeedRelative="0.41" duration="3"/>
    <step time="15300.00" loaded="8417" inserted="8381" running="57" waiting="36" ended="8324" arrived="8324" collisions="0" teleports="0" halting="25" stopped="0" meanWaitingTime="20.64" meanTravelTime="109.85" meanSpeed="4.41" meanSpeedRelative="0.32" duration="2"/>
    <step time="15600.00" loaded="8582" inserted="8572" running="60" waiting="10" ended="8512" arrived="8512" collisions="0" teleports="0" halting="20" stopped="0" meanWaitingTime="21.43" meanTravelTime="109.45" meanSpeed="5.08" meanSpeedRelative="0.38" duration="2"/>
    <step time="15900.00" loaded="8773" inserted="8759" running="95" waiting="14" ended="8664" arrived="8664" collisions="0" teleports="0" halting="38" stopped="0" meanWaitingTime="21.67" meanTravelTime="109.37" meanSpeed="3.12" meanSpeedRelative="0.22" duration="3"/>
    <step time="16200.00" loaded="8961" inserted="8928" running="89" waiting="33" ended="8839" arrived="8839" collisions="0" teleports="0" halting="47" stopped="0" meanWaitingTime="22.01" meanTravelTime="110.03" meanSpeed="4.19" meanSpeedRelative="0.30" duration="2"/>
    <step time="16500.00" loaded="9128" inserted="9113" running="66" waiting="15" ended="9047" arrived="9047" collisions="0" teleports="0" halting="21" stopped="0" meanWaitingTime="22.57" meanTravelTime="110.53" meanSpeed="5.00" meanSpeedRelative="0.36" duration="3"/>
    <step time="16800.00" loaded="9315" inserted="9278" running="66" waiting="37" ended="9212" arrived="9212" collisions="0" teleports="0" halting="17" stopped="0" meanWaitingTime="22.82" meanTravelTime="110.77" meanSpeed="5.17" meanSpeedRelative="0.37" duration="2"/>
    <step time="17100.00" loaded="9485" inserted="9455" running="64" waiting="30" ended="9391" arrived="9391" collisions="0" teleports="0" halting="10" stopped="0" meanWaitingTime="23.55" meanTravelTime="110.94" meanSpeed="5.21" meanSpeedRelative="0.37" duration="1"/>
    <step time="17400.00" loaded="9666" inserted="9641" running="78" waiting="25" ended="9563" arrived="9563" collisions="0" teleports="0" halting="30" stopped="0" meanWaitingTime="24.22" meanTravelTime="111.31" meanSpeed="3.76" meanSpeedRelative="0.27" duration="2"/>
    <step time="17700.00" loaded="9843" inserted="9814" running="78" waiting="29" ended="9736" arrived="9736" collisions="0" teleports="0" halting="22" stopped="0" meanWaitingTime="24.54" meanTravelTime="111.47" meanSpeed="4.39" meanSpeedRelative="0.32" duration="1"/>
    <step time="18000.00" loaded="10007" inserted="9985" running="77" waiting="22" ended="9908" arrived="9908" collisions="0" teleports="0" halting="36" stopped="0" meanWaitingTime="25.11" meanTravelTime="111.92" meanSpeed="4.37" meanSpeedRelative="0.31" duration="2"/>
    <step time="18300.00" loaded="10192" inserted="10159" running="51" waiting="33" ended="10108" arrived="10108" collisions="0" teleports="0" halting="24" stopped="0" meanWaitingTime="25.31" meanTravelTime="112.13" meanSpeed="4.84" meanSpeedRelative="0.35" duration="2"/>
    <step time="18600.00" loaded="10350" inserted="10320" running="56" waiting="30" ended="10264" arrived="10264" collisions="0" teleports="0" halting="20" stopped="0" meanWaitingTime="25.87" meanTravelTime="111.97" meanSpeed="5.07" meanSpeedRelative="0.37" duration="3"/>
    <step time="18900.00" loaded="10537" inserted="10501" running="63" waiting="36" ended="10438" arrived="10438" collisions="0" teleports="0" halting="9" stopped="0" meanWaitingTime="26.21" meanTravelTime="111.92" meanSpeed="7.13" meanSpeedRelative="0.51" duration="2"/>
    <step time="19200.00" loaded="10714" inserted="10687" running="57" waiting="27" ended="10630" arrived="10630" collisions="0" teleports="0" halting="28" stopped="0" meanWaitingTime="26.54" meanTravelTime="111.58" meanSpeed="3.52" meanSpeedRelative="0.25" duration="1"/>
    <step time="19500.00" loaded="10923" inserted="10899" running="88" waiting="24" ended="10811" arrived="10811" collisions="0" teleports="0" halting="27" stopped="0" meanWaitingTime="26.84" meanTravelTime="111.42" meanSpeed="3.70" meanSpeedRelative="0.27" duration="2"/>
    <step time="19800.00" loaded="11101" inserted="11069" running="62" waiting="32" ended="11007" arrived="11007" collisions="0" teleports="0" halting="16" stopped="0" meanWaitingTime="27.13" meanTravelTime="111.42" meanSpeed="6.10" meanSpeedRelative="0.44" duration="2"/>
    <step time="20100.00" loaded="11296" inserted="11269" running="84" waiting="27" ended="11185" arrived="11185" collisions="0" teleports="0" halting="21" stopped="0" meanWaitingTime="27.58" meanTravelTime="111.37" meanSpeed="5.40" meanSpeedRelative="0.39" duration="3"/>
    <step time="20400.00" loaded="11462" inserted="11431" running="78" waiting="31" ended="11353" arrived="11353" collisions="0" teleports="0" halting="18" stopped="0" meanWaitingTime="27.99" meanTravelTime="111.52" meanSpeed="5.04" meanSpeedRelative="0.36" duration="3"/>
    <step time="20700.00" loaded="11632" inserted="11608" running="64" waiting="24" ended="11544" arrived="11544" collisions="0" teleports="0" halting="25" stopped="0" meanWaitingTime="28.33" meanTravelTime="111.64" meanSpeed="4.18" meanSpeedRelative="0.30" duration="1"/>
    <step time="21000.00" loaded="11815" inserted="11804" running="64" waiting="11" ended="11740" arrived="11740" collisions="0" teleports="0" halting="27" stopped="0" meanWaitingTime="28.56" meanTravelTime="111.43" meanSpeed="4.22" meanSpeedRelative="0.30" duration="2"/>
    <step time="21300.00" loaded="11978" inserted="11978" running="71" waiting="0" ended="11907" arrived="11907" collisions="0" teleports="0" halting="16" stopped="0" meanWaitingTime="28.33" meanTravelTime="111.39" meanSpeed="5.25" meanSpeedRelative="0.38" duration="3"/>
    <step time="21600.00" loaded="12200" inserted="12191" running="103" waiting="9" ended="12088" arrived="12088" collisions="0" teleports="0" halting="11" stopped="0" meanWaitingTime="28.03" meanTravelTime="111.49" meanSpeed="6.02" meanSpeedRelative="0.43" duration="3"/>
    <step time="21900.00" loaded="12384" inserted="12376" running="80" waiting="8" ended="12296" arrived="12296" collisions="0" teleports="0" halting="26" stopped="0" meanWaitingTime="27.72" meanTravelTime="111.79" meanSpeed="5.06" meanSpeedRelative="0.36" duration="4"/>
    <step time="22200.00" loaded="12577" inserted="12566" running="71" waiting="11" ended="12495" arrived="12495" collisions="0" teleports="0" halting="16" stopped="0" meanWaitingTime="27.47" meanTravelTime="111.64" meanSpeed="5.55" meanSpeedRelative="0.40" duration="3"/>
    <step time="22500.00" loaded="12754" inserted="12720" running="45" waiting="34" ended="12675" arrived="12675" collisions="0" teleports="0" halting="11" stopped="0" meanWaitingTime="27.40" meanTravelTime="111.87" meanSpeed="5.00" meanSpeedRelative="0.36" duration="2"/>
    <step time="22800.00" loaded="12948" inserted="12946" running="76" waiting="2" ended="12870" arrived="12870" collisions="0" teleports="0" halting="31" stopped="0" meanWaitingTime="27.39" meanTravelTime="111.61" meanSpeed="4.74" meanSpeedRelative="0.34" duration="3"/>
    <step time="23100.00" loaded="13132" inserted="13118" running="93" waiting="14" ended="13025" arrived="13025" collisions="0" teleports="0" halting="54" stopped="0" meanWaitingTime="27.20" meanTravelTime="111.72" meanSpeed="2.96" meanSpeedRelative="0.21" duration="2"/>
    <step time="23400.00" loaded="13319" inserted="13310" running="57" waiting="9" ended="13253" arrived="13253" collisions="0" teleports="0" halting="25" stopped="0" meanWaitingTime="27.13" meanTravelTime="111.86" meanSpeed="3.80" meanSpeedRelative="0.27" duration="1"/>
    <step time="23700.00" loaded="13548" inserted="13527" running="79" waiting="21" ended="13448" arrived="13448" collisions="0" teleports="0" halting="32" stopped="0" meanWaitingTime="26.91" meanTravelTime="111.49" meanSpeed="3.86" meanSpeedRelative="0.28" duration="2"/>
    <step time="24000.00" loaded="13724" inserted="13704" running="51" waiting="20" ended="13653" arrived="13653" collisions="0" teleports="0" halting="13" stopped="0" meanWaitingTime="26.89" meanTravelTime="111.55" meanSpeed="4.94" meanSpeedRelative="0.36" duration="2"/>
    <step time="24300.00" loaded="13932" inserted="13912" running="100" waiting="20" ended="13812" arrived="13812" collisions="0" teleports="0" halting="39" stopped="0" meanWaitingTime="27.02" meanTravelTime="111.40" meanSpeed="3.13" meanSpeedRelative="0.23" duration="3"/>
    <step time="24600.00" loaded="14157" inserted="14120" running="93" waiting="37" ended="14027" arrived="14027" collisions="0" teleports="0" halting="52" stopped="0" meanWaitingTime="27.13" meanTravelTime="111.70" meanSpeed="3.15" meanSpeedRelative="0.23" duration="3"/>
    <step time="24900.00" loaded="14372" inserted="14337" running="81" waiting="35" ended="14256" arrived="14256" collisions="0" teleports="0" halting="33" stopped="0" meanWaitingTime="27.59" meanTravelTime="112.13" meanSpeed="4.31" meanSpeedRelative="0.31" duration="2"/>
    <step time="25200.00" loaded="14564" inserted="14520" running="65" waiting="44" ended="14455" arrived="14455" collisions="0" teleports="0" halting="26" stopped="0" meanWaitingTime="27.82" meanTravelTime="112.06" meanSpeed="5.42" meanSpeedRelative="0.39" duration="3"/>
    <step time="25500.00" loaded="14737" inserted="14713" running="63" waiting="24" ended="14650" arrived="14650" collisions="0" teleports="0" halting="27" stopped="0" meanWaitingTime="28.17" meanTravelTime="112.16" meanSpeed="4.66" meanSpeedRelative="0.34" duration="2"/>
    <step time="25800.00" loaded="14968" inserted="14932" running="86" waiting="36" ended="14846" arrived="14846" collisions="0" teleports="0" halting="31" stopped="0" meanWaitingTime="28.37" meanTravelTime="111.94" meanSpeed="3.82" meanSpeedRelative="0.28" duration="3"/>
    <step time="26100.00" loaded="15179" inserted="15146" running="78" waiting="33" ended="15068" arrived="15068" collisions="0" teleports="0" halting="23" stopped="0" meanWaitingTime="28.71" meanTravelTime="112.02" meanSpeed="5.00" meanSpeedRelative="0.36" duration="2"/>
    <step time="26400.00" loaded="15374" inserted="15331" running="69" waiting="43" ended="15262" arrived="15262" collisions="0" teleports="0" halting="32" stopped="0" meanWaitingTime="28.97" meanTravelTime="112.01" meanSpeed="3.72" meanSpeedRelative="0.27" duration="2"/>
    <step time="26700.00" loaded="15588" inserted="15565" running="125" waiting="23" ended="15440" arrived="15440" collisions="0" teleports="0" halting="29" stopped="0" meanWaitingTime="29.48" meanTravelTime="111.79" meanSpeed="4.36" meanSpeedRelative="0.31" duration="4"/>
    <step time="27000.00" loaded="15804" inserted="15769" running="118" waiting="35" ended="15651" arrived="15651" collisions="0" teleports="0" halting="28" stopped="0" meanWaitingTime="29.78" meanTravelTime="112.40" meanSpeed="4.71" meanSpeedRelative="0.35" duration="4"/>
    <step time="27300.00" loaded="16027" inserted="15991" running="99" waiting="36" ended="15892" arrived="15892" collisions="0" teleports="0" halting="37" stopped="0" meanWaitingTime="30.00" meanTravelTime="112.52" meanSpeed="3.73" meanSpeedRelative="0.27" duration="3"/>
    <step time="27600.00" loaded="16222" inserted="16181" running="73" waiting="41" ended="16108" arrived="16108" collisions="0" teleports="0" halting="39" stopped="0" meanWaitingTime="30.24" meanTravelTime="112.57" meanSpeed="3.06" meanSpeedRelative="0.22" duration="3"/>
    <step time="27900.00" loaded="16431" inserted="16397" running="65" waiting="34" ended="16332" arrived="16332" collisions="0" teleports="0" halting="15" stopped="0" meanWaitingTime="30.55" meanTravelTime="112.46" meanSpeed="6.23" meanSpeedRelative="0.45" duration="2"/>
    <step time="28200.00" loaded="16656" inserted="16633" running="70" waiting="23" ended="16563" arrived="16563" collisions="0" teleports="0" halting="17" stopped="0" meanWaitingTime="30.83" meanTravelTime="112.28" meanSpeed="5.84" meanSpeedRelative="0.42" duration="3"/>
    <step time="28500.00" loaded="16857" inserted="16827" running="71" waiting="30" ended="16756" arrived="16756" collisions="0" teleports="0" halting="20" stopped="0" meanWaitingTime="30.93" meanTravelTime="112.16" meanSpeed="5.97" meanSpeedRelative="0.44" duration="2"/>
    <step time="28800.00" loaded="17076" inserted="17043" running="86" waiting="33" ended="16957" arrived="16957" collisions="0" teleports="0" halting="28" stopped="0" meanWaitingTime="30.98" meanTravelTime="112.19" meanSpeed="4.24" meanSpeedRelative="0.32" duration="3"/>
    <step time="29100.00" loaded="17300" inserted="17260" running="93" waiting="40" ended="17167" arrived="17167" collisions="0" teleports="0" halting="37" stopped="0" meanWaitingTime="31.04" meanTravelTime="112.50" meanSpeed="3.30" meanSpeedRelative="0.24" duration="3"/>
    <step time="29400.00" loaded="17500" inserted="17451" running="99" waiting="49" ended="17352" arrived="17352" collisions="0" teleports="0" halting="31" stopped="0" meanWaitingTime="31.33" meanTravelTime="112.66" meanSpeed="4.38" meanSpeedRelative="0.32" duration="2"/>
    <step time="29700.00" loaded="17680" inserted="17647" running="78" waiting="33" ended="17569" arrived="17569" collisions="0" teleports="0" halting="16" stopped="0" meanWaitingTime="31.55" meanTravelTime="113.07" meanSpeed="5.13" meanSpeedRelative="0.37" duration="2"/>
    <step time="30000.00" loaded="17857" inserted="17825" running="63" waiting="32" ended="17762" arrived="17762" collisions="0" teleports="0" halting="37" stopped="0" meanWaitingTime="31.73" meanTravelTime="113.36" meanSpeed="3.69" meanSpeedRelative="0.27" duration="2"/>
    <step time="30300.00" loaded="18057" inserted="18018" running="79" waiting="39" ended="17939" arrived="17939" collisions="0" teleports="0" halting="29" stopped="0" meanWaitingTime="32.09" meanTravelTime="113.40" meanSpeed="4.09" meanSpeedRelative="0.29" duration="3"/>
    <step time="30600.00" loaded="18272" inserted="18228" running="98" waiting="44" ended="18130" arrived="18130" collisions="0" teleports="0" halting="45" stopped="0" meanWaitingTime="32.38" meanTravelTime="113.49" meanSpeed="4.44" meanSpeedRelative="0.32" duration="4"/>
    <step time="30900.00" loaded="18491" inserted="18450" running="101" waiting="41" ended="18349" arrived="18349" collisions="0" teleports="0" halting="35" stopped="0" meanWaitingTime="32.69" meanTravelTime="113.62" meanSpeed="3.14" meanSpeedRelative="0.24" duration="2"/>
    <step time="31200.00" loaded="18662" inserted="18616" running="103" waiting="46" ended="18513" arrived="18513" collisions="0" teleports="0" halting="23" stopped="0" meanWaitingTime="32.81" meanTravelTime="113.84" meanSpeed="4.22" meanSpeedRelative="0.30" duration="4"/>
    <step time="31500.00" loaded="18841" inserted="18797" running="84" waiting="44" ended="18713" arrived="18713" collisions="0" teleports="0" halting="31" stopped="0" meanWaitingTime="33.11" meanTravelTime="114.59" meanSpeed="3.92" meanSpeedRelative="0.28" duration="3"/>
    <step time="31800.00" loaded="18999" inserted="18963" running="90" waiting="36" ended="18873" arrived="18873" collisions="0" teleports="0" halting="23" stopped="0" meanWaitingTime="33.49" meanTravelTime="114.97" meanSpeed="4.36" meanSpeedRelative="0.31" duration="3"/>
    <step time="32100.00" loaded="19181" inserted="19141" running="67" waiting="40" ended="19074" arrived="19074" collisions="0" teleports="0" halting="25" stopped="0" meanWaitingTime="33.90" meanTravelTime="115.14" meanSpeed="5.07" meanSpeedRelative="0.36" duration="2"/>
    <step time="32400.00" loaded="19348" inserted="19302" running="62" waiting="46" ended="19240" arrived="19240" collisions="0" teleports="0" halting="20" stopped="0" meanWaitingTime="34.14" meanTravelTime="115.07" meanSpeed="4.56" meanSpeedRelative="0.33" duration="2"/>
    <step time="32700.00" loaded="19526" inserted="19485" running="85" waiting="41" ended="19400" arrived="19400" collisions="0" teleports="0" halting="16" stopped="0" meanWaitingTime="34.39" meanTravelTime="115.12" meanSpeed="5.16" meanSpeedRelative="0.37" duration="2"/>
    <step time="33000.00" loaded="19694" inserted="19664" running="80" waiting="30" ended="19584" arrived="19584" collisions="0" teleports="0" halting="17" stopped="0" meanWaitingTime="34.69" meanTravelTime="115.49" meanSpeed="3.83" meanSpeedRelative="0.28" duration="1"/>
    <step time="33300.00" loaded="19826" inserted="19801" running="79" waiting="25" ended="19722" arrived="19722" collisions="0" teleports="0" halting="24" stopped="0" meanWaitingTime="34.84" meanTravelTime="115.82" meanSpeed="3.91" meanSpeedRelative="0.28" duration="1"/>
    <step time="33600.00" loaded="20018" inserted="19982" running="64" waiting="36" ended="19918" arrived="19918" collisions="0" teleports="0" halting="22" stopped="0" meanWaitingTime="35.01" meanTravelTime="115.80" meanSpeed="6.05" meanSpeedRelative="0.44" duration="1"/>
    <step time="33900.00" loaded="20176" inserted="20140" running="80" waiting="36" ended="20060" arrived="20060" collisions="0" teleports="0" halting="22" stopped="0" meanWaitingTime="35.20" meanTravelTime="115.61" meanSpeed="4.17" meanSpeedRelative="0.33" duration="2"/>
    <step time="34200.00" loaded="20332" inserted="20295" running="62" waiting="37" ended="20233" arrived="20233" collisions="0" teleports="0" halting="16" stopped="0" meanWaitingTime="35.41" meanTravelTime="115.77" meanSpeed="4.56" meanSpeedRelative="0.33" duration="2"/>
    <step time="34500.00" loaded="20498" inserted="20473" running="94" waiting="25" ended="20379" arrived="20379" collisions="0" teleports="0" halting="20" stopped="0" meanWaitingTime="35.69" meanTravelTime="115.76" meanSpeed="4.08" meanSpeedRelative="0.29" duration="2"/>
    <step time="34800.00" loaded="20652" inserted="20623" running="53" waiting="29" ended="20570" arrived="20570" collisions="0" teleports="0" halting="15" stopped="0" meanWaitingTime="35.85" meanTravelTime="116.03" meanSpeed="4.30" meanSpeedRelative="0.31" duration="1"/>
    <step time="35100.00" loaded="20789" inserted="20768" running="63" waiting="21" ended="20705" arrived="20705" collisions="0" teleports="0" halting="14" stopped="0" meanWaitingTime="36.01" meanTravelTime="116.08" meanSpeed="6.17" meanSpeedRelative="0.44" duration="2"/>
    <step time="35400.00" loaded="20926" inserted="20903" running="57" waiting="23" ended="20846" arrived="20846" collisions="0" teleports="0" halting="4" stopped="0" meanWaitingTime="36.03" meanTravelTime="116.00" meanSpeed="6.06" meanSpeedRelative="0.44" duration="3"/>
    <step time="35700.00" loaded="21068" inserted="21046" running="61" waiting="22" ended="20985" arrived="20985" collisions="0" teleports="0" halting="11" stopped="0" meanWaitingTime="36.11" meanTravelTime="116.13" meanSpeed="4.69" meanSpeedRelative="0.34" duration="2"/>
    <step time="36000.00" loaded="21224" inserted="21206" running="47" waiting="18" ended="21159" arrived="21159" collisions="0" teleports="0" halting="9" stopped="0" meanWaitingTime="36.25" meanTravelTime="116.14" meanSpeed="5.92" meanSpeedRelative="0.43" duration="2"/>
    <step time="36300.00" loaded="21397" inserted="21362" running="56" waiting="35" ended="21306" arrived="21306" collisions="0" teleports="0" halting="19" stopped="0" meanWaitingTime="36.38" meanTravelTime="115.92" meanSpeed="4.15" meanSpeedRelative="0.30" duration="1"/>
    <step time="36600.00" loaded="21546" inserted="21509" running="69" waiting="37" ended="21440" arrived="21440" collisions="0" teleports="0" halting="22" stopped="0" meanWaitingTime="36.55" meanTravelTime="115.94" meanSpeed="3.99" meanSpeedRelative="0.29" duration="2"/>
    <step time="36900.00" loaded="21684" inserted="21647" running="51" waiting="37" ended="21596" arrived="21596" collisions="0" teleports="0" halting="18" stopped="0" meanWaitingTime="36.75" meanTravelTime="116.28" meanSpeed="4.89" meanSpeedRelative="0.35" duration="1"/>
    <step time="37200.00" loaded="21805" inserted="21782" running="56" waiting="23" ended="21726" arrived="21726" collisions="0" teleports="0" halting="27" stopped="0" meanWaitingTime="36.96" meanTravelTime="116.19" meanSpeed="3.07" meanSpeedRelative="0.22" duration="2"/>
    <step time="37500.00" loaded="21948" inserted="21911" running="63" waiting="37" ended="21848" arrived="21848" collisions="0" teleports="0" halting="20" stopped="0" meanWaitingTime="37.14" meanTravelTime="116.32" meanSpeed="4.53" meanSpeedRelative="0.33" duration="2"/>
    <step time="37800.00" loaded="22102" inserted="22061" running="60" waiting="41" ended="22001" arrived="22001" collisions="0" teleports="0" halting="20" stopped="0" meanWaitingTime="37.39" meanTravelTime="116.44" meanSpeed="5.58" meanSpeedRelative="0.40" duration="2"/>
    <step time="38100.00" loaded="22247" inserted="22203" running="56" waiting="44" ended="22147" arrived="22147" collisions="0" teleports="0" halting="17" stopped="0" meanWaitingTime="37.62" meanTravelTime="116.47" meanSpeed="4.82" meanSpeedRelative="0.35" duration="1"/>
    <step time="38400.00" loaded="22372" inserted="22343" running="56" waiting="29" ended="22287" arrived="22287" collisions="0" teleports="0" halting="31" stopped="0" meanWaitingTime="37.92" meanTravelTime="116.53" meanSpeed="3.80" meanSpeedRelative="0.27" duration="1"/>
    <step time="38700.00" loaded="22473" inserted="22458" running="58" waiting="15" ended="22400" arrived="22400" collisions="0" teleports="0" halting="37" stopped="0" meanWaitingTime="38.06" meanTravelTime="116.56" meanSpeed="2.58" meanSpeedRelative="0.19" duration="1"/>
    <step time="39000.00" loaded="22578" inserted="22543" running="42" waiting="35" ended="22501" arrived="22501" collisions="0" teleports="0" halting="6" stopped="0" meanWaitingTime="38.23" meanTravelTime="116.67" meanSpeed="6.41" meanSpeedRelative="0.46" duration="2"/>
    <step time="39300.00" loaded="22705" inserted="22662" running="30" waiting="43" ended="22632" arrived="22632" collisions="0" teleports="0" halting="12" stopped="0" meanWaitingTime="38.51" meanTravelTime="116.71" meanSpeed="4.77" meanSpeedRelative="0.34" duration="1"/>
    <step time="39600.00" loaded="22816" inserted="22775" running="35" waiting="41" ended="22740" arrived="22740" collisions="0" teleports="0" halting="19" stopped="0" meanWaitingTime="38.75" meanTravelTime="116.59" meanSpeed="3.49" meanSpeedRelative="0.25" duration="1"/>
    <step time="39900.00" loaded="22936" inserted="22906" running="71" waiting="30" ended="22835" arrived="22835" collisions="0" teleports="0" halting="57" stopped="0" meanWaitingTime="39.08" meanTravelTime="116.50" meanSpeed="1.65" meanSpeedRelative="0.12" duration="3"/>
    <step time="40200.00" loaded="23027" inserted="23007" running="44" waiting="20" ended="22963" arrived="22963" collisions="0" teleports="0" halting="19" stopped="0" meanWaitingTime="39.34" meanTravelTime="116.79" meanSpeed="3.63" meanSpeedRelative="0.26" duration="2"/>
    <step time="40500.00" loaded="23126" inserted="23103" running="33" waiting="23" ended="23070" arrived="23070" collisions="0" teleports="0" halting="10" stopped="0" meanWaitingTime="39.44" meanTravelTime="116.92" meanSpeed="6.76" meanSpeedRelative="0.49" duration="1"/>
    <step time="40800.00" loaded="23234" inserted="23201" running="38" waiting="33" ended="23163" arrived="23163" collisions="0" teleports="0" halting="16" stopped="0" meanWaitingTime="39.68" meanTravelTime="116.84" meanSpeed="4.62" meanSpeedRelative="0.33" duration="1"/>
    <step time="41100.00" loaded="23317" inserted="23294" running="49" waiting="23" ended="23245" arrived="23245" collisions="0" teleports="0" halting="24" stopped="0" meanWaitingTime="39.89" meanTravelTime="116.89" meanSpeed="4.04" meanSpeedRelative="0.29" duration="2"/>
    <step time="41400.00" loaded="23380" inserted="23370" running="27" waiting="10" ended="23343" arrived="23343" collisions="0" teleports="0" halting="23" stopped="0" meanWaitingTime="39.98" meanTravelTime="117.11" meanSpeed="1.45" meanSpeedRelative="0.10" duration="1"/>
    <step time="41700.00" loaded="23478" inserted="23454" running="53" waiting="24" ended="23401" arrived="23401" collisions="0" teleports="0" halting="25" stopped="0" meanWaitingTime="40.12" meanTravelTime="117.17" meanSpeed="4.18" meanSpeedRelative="0.30" duration="1"/>
    <step time="42000.00" loaded="23559" inserted="23530" running="19" waiting="29" ended="23511" arrived="23511" collisions="0" teleports="0" halting="9" stopped="0" meanWaitingTime="40.30" meanTravelTime="117.33" meanSpeed="4.88" meanSpeedRelative="0.35" duration="0"/>
    <step time="42300.00" loaded="23664" inserted="23639" running="46" waiting="25" ended="23593" arrived="23593" collisions="0" teleports="0" halting="11" stopped="0" meanWaitingTime="40.55" meanTravelTime="117.22" meanSpeed="6.07" meanSpeedRelative="0.44" duration="2"/>
    <step time="42600.00" loaded="23776" inserted="23740" running="45" waiting="36" ended="23695" arrived="23695" collisions="0" teleports="0" halting="6" stopped="0" meanWaitingTime="40.76" meanTravelTime="117.18" meanSpeed="6.18" meanSpeedRelative="0.44" duration="1"/>
    <step time="42900.00" loaded="23876" inserted="23853" running="44" waiting="23" ended="23809" arrived="23809" collisions="0" teleports="0" halting="15" stopped="0" meanWaitingTime="41.03" meanTravelTime="117.27" meanSpeed="5.57" meanSpeedRelative="0.40" duration="2"/>
    <step time="43200.00" loaded="23978" inserted="23942" running="25" waiting="36" ended="23917" arrived="23917" collisions="0" teleports="0" halting="8" stopped="0" meanWaitingTime="41.14" meanTravelTime="117.26" meanSpeed="7.43" meanSpeedRelative="0.53" duration="1"/>
    <step time="43500.00" loaded="24056" inserted="24045" running="49" waiting="11" ended="23996" arrived="23996" collisions="0" teleports="0" halting="9" stopped="0" meanWaitingTime="41.28" meanTravelTime="117.21" meanSpeed="5.48" meanSpeedRelative="0.39" duration="3"/>
    <step time="43800.00" loaded="24158" inserted="24138" running="41" waiting="20" ended="24097" arrived="24097" collisions="0" teleports="0" halting="22" stopped="0" meanWaitingTime="41.33" meanTravelTime="117.24" meanSpeed="3.80" meanSpeedRelative="0.27" duration="1"/>
    <step time="44100.00" loaded="24265" inserted="24235" running="37" waiting="30" ended="24198" arrived="24198" collisions="0" teleports="0" halting="22" stopped="0" meanWaitingTime="41.36" meanTravelTime="117.22" meanSpeed="3.04" meanSpeedRelative="0.22" duration="2"/>
    <step time="44400.00" loaded="24375" inserted="24339" running="64" waiting="36" ended="24275" arrived="24275" collisions="0" teleports="0" halting="42" stopped="0" meanWaitingTime="41.63" meanTravelTime="117.17" meanSpeed="1.87" meanSpeedRelative="0.13" duration="1"/>
    <step time="44700.00" loaded="24481" inserted="24437" running="40" waiting="44" ended="24397" arrived="24397" collisions="0" teleports="0" halting="11" stopped="0" meanWaitingTime="41.96" meanTravelTime="117.51" meanSpeed="5.22" meanSpeedRelative="0.38" duration="2"/>
    <step time="45000.00" loaded="24586" inserted="24538" running="36" waiting="48" ended="24502" arrived="24502" collisions="0" teleports="0" halting="3" stopped="0" meanWaitingTime="42.28" meanTravelTime="117.50" meanSpeed="6.97" meanSpeedRelative="0.50" duration="1"/>
    <step time="45300.00" loaded="24674" inserted="24650" running="61" waiting="24" ended="24589" arrived="24589" collisions="0" teleports="0" halting="12" stopped="0" meanWaitingTime="42.62" meanTravelTime="117.55" meanSpeed="4.66" meanSpeedRelative="0.34" duration="2"/>
    <step time="45600.00" loaded="24756" inserted="24729" running="41" waiting="27" ended="24688" arrived="24688" collisions="0" teleports="0" halting="28" stopped="0" meanWaitingTime="42.72" meanTravelTime="117.70" meanSpeed="2.93" meanSpeedRelative="0.21" duration="3"/>
    <step time="45900.00" loaded="24842" inserted="24796" running="45" waiting="46" ended="24751" arrived="24751" collisions="0" teleports="0" halting="43" stopped="0" meanWaitingTime="42.92" meanTravelTime="117.77" meanSpeed="0.54" meanSpeedRelative="0.04" duration="1"/>
    <step time="46200.00" loaded="24923" inserted="24875" running="60" waiting="48" ended="24815" arrived="24815" collisions="0" teleports="0" halting="53" stopped="0" meanWaitingTime="43.15" meanTravelTime="117.62" meanSpeed="0.70" meanSpeedRelative="0.05" duration="1"/>
    <step time="46500.00" loaded="24971" inserted="24971" running="95" waiting="0" ended="24876" arrived="24876" collisions="0" teleports="0" halting="95" stopped="0" meanWaitingTime="43.51" meanTravelTime="117.51" meanSpeed="0.00" meanSpeedRelative="0.00" duration="1"/>
    <step time="46800.00" loaded="24991" inserted="24991" running="95" waiting="0" ended="24896" arrived="24896" collisions="0" teleports="0" halting="94" stopped="0" meanWaitingTime="43.48" meanTravelTime="117.46" meanSpeed="0.15" meanSpeedRelative="0.01" duration="2"/>
    <step time="47100.00" loaded="25009" inserted="25009" running="91" waiting="0" ended="24918" arrived="24918" collisions="0" teleports="0" halting="88" stopped="0" meanWaitingTime="43.44" meanTravelTime="117.39" meanSpeed="0.20" meanSpeedRelative="0.01" duration="2"/>
    <step time="47400.00" loaded="25025" inserted="25025" running="90" waiting="0" ended="24935" arrived="24935" collisions="0" teleports="0" halting="90" stopped="0" meanWaitingTime="43.42" meanTravelTime="117.33" meanSpeed="0.00" meanSpeedRelative="0.00" duration="2"/>
    <step time="47700.00" loaded="25039" inserted="25039" running="91" waiting="0" ended="24948" arrived="24948" collisions="0" teleports="0" halting="91" stopped="0" meanWaitingTime="43.39" meanTravelTime="117.29" meanSpeed="0.00" meanSpeedRelative="0.00" duration="1"/>
    <step time="48000.00" loaded="25052" inserted="25052" running="89" waiting="0" ended="24963" arrived="24963" collisions="0" teleports="0" halting="88" stopped="0" meanWaitingTime="43.37" meanTravelTime="117.26" meanSpeed="0.07" meanSpeedRelative="0.01" duration="2"/>
    <step time="48300.00" loaded="25066" inserted="25066" running="89" waiting="0" ended="24977" arrived="24977" collisions="0" teleports="0" halting="88" stopped="0" meanWaitingTime="43.35" meanTravelTime="117.21" meanSpeed="0.04" meanSpeedRelative="0.00" duration="2"/>
    <step time="48600.00" loaded="25082" inserted="25082" running="90" waiting="0" ended="24992" arrived="24992" collisions="0" teleports="0" halting="88" stopped="0" meanWaitingTime="43.32" meanTravelTime="117.15" meanSpeed="0.16" meanSpeedRelative="0.01" duration="2"/>
    <step time="48900.00" loaded="25097" inserted="25097" running="94" waiting="0" ended="25003" arrived="25003" collisions="0" teleports="0" halting="93" stopped="0" meanWaitingTime="43.29" meanTravelTime="117.11" meanSpeed="0.03" meanSpeedRelative="0.00" duration="3"/>
    <step time="49200.00" loaded="25107" inserted="25107" running="88" waiting="0" ended="25019" arrived="25019" collisions="0" teleports="0" halting="88" stopped="0" meanWaitingTime="43.28" meanTravelTime="117.08" meanSpeed="0.00" meanSpeedRelative="0.00" duration="2"/>
</summary>
