<?xml version="1.0" encoding="UTF-8"?>

<!-- generated on 2025-02-28 17:36:57 by Eclipse SUMO GUI Version 1.19.0
<configuration xmlns:xsi="http://www.w3.org/2001/XMLSchema-instance" xsi:noNamespaceSchemaLocation="http://sumo.dlr.de/xsd/sumoConfiguration.xsd">

    <input>
        <net-file value="Network.net.xml"/>
        <route-files value="CarRoutes.rou.xml"/>
        <additional-files value="Sensors.add.xml"/>
    </input>

    <output>
        <emission-output value="logs/Emissions.xml"/>
        <summary-output value="logs/Log_summary.xml"/>
        <summary-output.period value="300"/>
        <tripinfo-output value="logs/TripInfos.xml"/>
    </output>

    <time>
        <begin value="0"/>
        <end value="86400"/>
        <step-length value="0.25"/>
    </time>

    <processing>
        <ignore-junction-blocker value="0.1"/>
        <time-to-teleport value="-1"/>
    </processing>

    <report>
        <verbose value="true"/>
        <no-step-log value="true"/>
    </report>

    <emissions>
        <device.emissions.period value="10"/>
    </emissions>

    <traci_server>
        <remote-port value="57876"/>
    </traci_server>

    <gui_only>
        <quit-on-end value="true"/>
        <start value="true"/>
    </gui_only>

</configuration>
-->

<instantE1 xmlns:xsi="http://www.w3.org/2001/XMLSchema-instance" xsi:noNamespaceSchemaLocation="http://sumo.dlr.de/xsd/instant_e1_file.xsd">
    <instantOut id="235_D025" time="2926.98" state="enter" vehID="Car_2961" speed="9.41" length="5.00" type="DEFAULT_CAR"/>
    <instantOut id="235_D025" time="2927.00" state="stay" vehID="Car_2961" speed="9.41" length="5.00" type="DEFAULT_CAR"/>
    <instantOut id="235_D025" time="2927.25" state="stay" vehID="Car_2961" speed="9.93" length="5.00" type="DEFAULT_CAR"/>
    <instantOut id="235_D025" time="2927.48" state="leave" vehID="Car_2961" speed="10.13" length="5.00" type="DEFAULT_CAR" occupancy="0.50"/>
    <instantOut id="235_D025" time="7601.95" state="enter" vehID="Car_4038" speed="10.09" length="5.00" type="DEFAULT_CAR" gap="4674.47"/>
    <instantOut id="235_D025" time="7602.00" state="stay" vehID="Car_4038" speed="10.09" length="5.00" type="DEFAULT_CAR"/>
    <instantOut id="235_D025" time="7602.25" state="stay" vehID="Car_4038" speed="10.41" length="5.00" type="DEFAULT_CAR"/>
    <instantOut id="235_D025" time="7602.44" state="leave" vehID="Car_4038" speed="9.75" length="5.00" type="DEFAULT_CAR" occupancy="0.49"/>
    <instantOut id="235_D025" time="7652.96" state="enter" vehID="Car_4450" speed="10.28" length="5.00" type="DEFAULT_CAR" gap="50.52"/>
    <instantOut id="235_D025" time="7653.00" state="stay" vehID="Car_4450" speed="10.28" length="5.00" type="DEFAULT_CAR"/>
    <instantOut id="235_D025" time="7653.25" state="stay" vehID="Car_4450" speed="10.84" length="5.00" type="DEFAULT_CAR"/>
    <instantOut id="235_D025" time="7653.43" state="leave" vehID="Car_4450" speed="10.57" length="5.00" type="DEFAULT_CAR" occupancy="0.47"/>
    <instantOut id="235_D025" time="9476.77" state="enter" vehID="Car_4188" speed="7.78" length="5.00" type="DEFAULT_CAR" gap="1823.34"/>
    <instantOut id="235_D025" time="9477.00" state="stay" vehID="Car_4188" speed="7.78" length="5.00" type="DEFAULT_CAR"/>
    <instantOut id="235_D025" time="9477.25" state="stay" vehID="Car_4188" speed="7.11" length="5.00" type="DEFAULT_CAR"/>
    <instantOut id="235_D025" time="9477.47" state="leave" vehID="Car_4188" speed="6.36" length="5.00" type="DEFAULT_CAR" occupancy="0.71"/>
    <instantOut id="235_D025" time="10298.78" state="enter" vehID="Car_7208" speed="6.29" length="5.00" type="DEFAULT_CAR" gap="821.31"/>
    <instantOut id="235_D025" time="10299.00" state="stay" vehID="Car_7208" speed="6.29" length="5.00" type="DEFAULT_CAR"/>
    <instantOut id="235_D025" time="10299.25" state="stay" vehID="Car_7208" speed="5.54" length="5.00" type="DEFAULT_CAR"/>
    <instantOut id="235_D025" time="10299.50" state="stay" vehID="Car_7208" speed="4.79" length="5.00" type="DEFAULT_CAR"/>
    <instantOut id="235_D025" time="10299.75" state="stay" vehID="Car_7208" speed="4.04" length="5.00" type="DEFAULT_CAR"/>
    <instantOut id="235_D025" time="10299.76" state="leave" vehID="Car_7208" speed="3.29" length="5.00" type="DEFAULT_CAR" occupancy="0.98"/>
    <instantOut id="235_D025" time="16668.77" state="enter" vehID="Car_8720" speed="10.22" length="5.00" type="DEFAULT_CAR" gap="6369.01"/>
    <instantOut id="235_D025" time="16669.00" state="stay" vehID="Car_8720" speed="10.22" length="5.00" type="DEFAULT_CAR"/>
    <instantOut id="235_D025" time="16669.25" state="stay" vehID="Car_8720" speed="9.47" length="5.00" type="DEFAULT_CAR"/>
    <instantOut id="235_D025" time="16669.29" state="leave" vehID="Car_8720" speed="8.72" length="5.00" type="DEFAULT_CAR" occupancy="0.51"/>
    <instantOut id="235_D025" time="17551.37" state="enter" vehID="Car_9797" speed="9.81" length="5.00" type="DEFAULT_CAR" gap="882.09"/>
    <instantOut id="235_D025" time="17551.50" state="stay" vehID="Car_9797" speed="9.81" length="5.00" type="DEFAULT_CAR"/>
    <instantOut id="235_D025" time="17551.75" state="stay" vehID="Car_9797" speed="9.06" length="5.00" type="DEFAULT_CAR"/>
    <instantOut id="235_D025" time="17551.92" state="leave" vehID="Car_9797" speed="8.65" length="5.00" type="DEFAULT_CAR" occupancy="0.55"/>
    <instantOut id="235_D025" time="19755.23" state="enter" vehID="Car_9826" speed="9.41" length="5.00" type="DEFAULT_CAR" gap="2203.30"/>
    <instantOut id="235_D025" time="19755.25" state="stay" vehID="Car_9826" speed="9.41" length="5.00" type="DEFAULT_CAR"/>
    <instantOut id="235_D025" time="19755.50" state="stay" vehID="Car_9826" speed="8.66" length="5.00" type="DEFAULT_CAR"/>
    <instantOut id="235_D025" time="19755.75" state="stay" vehID="Car_9826" speed="8.16" length="5.00" type="DEFAULT_CAR"/>
    <instantOut id="235_D025" time="19755.83" state="leave" vehID="Car_9826" speed="7.41" length="5.00" type="DEFAULT_CAR" occupancy="0.60"/>
    <instantOut id="235_D025" time="20031.27" state="enter" vehID="Car_9844" speed="8.12" length="5.00" type="DEFAULT_CAR" gap="275.45"/>
    <instantOut id="235_D025" time="20031.50" state="stay" vehID="Car_9844" speed="8.12" length="5.00" type="DEFAULT_CAR"/>
    <instantOut id="235_D025" time="20031.75" state="stay" vehID="Car_9844" speed="7.37" length="5.00" type="DEFAULT_CAR"/>
    <instantOut id="235_D025" time="20031.95" state="leave" vehID="Car_9844" speed="6.62" length="5.00" type="DEFAULT_CAR" occupancy="0.68"/>
    <instantOut id="235_D025" time="22978.04" state="enter" vehID="Car_12615" speed="7.15" length="5.00" type="DEFAULT_CAR" gap="2946.09"/>
    <instantOut id="235_D025" time="22978.25" state="stay" vehID="Car_12615" speed="7.15" length="5.00" type="DEFAULT_CAR"/>
    <instantOut id="235_D025" time="22978.50" state="stay" vehID="Car_12615" speed="6.56" length="5.00" type="DEFAULT_CAR"/>
    <instantOut id="235_D025" time="22978.75" state="stay" vehID="Car_12615" speed="6.26" length="5.00" type="DEFAULT_CAR"/>
    <instantOut id="235_D025" time="22978.80" state="leave" vehID="Car_12615" speed="5.51" length="5.00" type="DEFAULT_CAR" occupancy="0.76"/>
    <instantOut id="235_D025" time="23518.49" state="enter" vehID="Car_11834" speed="8.99" length="5.00" type="DEFAULT_CAR" gap="539.69"/>
    <instantOut id="235_D025" time="23518.50" state="stay" vehID="Car_11834" speed="8.99" length="5.00" type="DEFAULT_CAR"/>
    <instantOut id="235_D025" time="23518.75" state="stay" vehID="Car_11834" speed="8.24" length="5.00" type="DEFAULT_CAR"/>
    <instantOut id="235_D025" time="23519.00" state="stay" vehID="Car_11834" speed="7.49" length="5.00" type="DEFAULT_CAR"/>
    <instantOut id="235_D025" time="23519.14" state="leave" vehID="Car_11834" speed="6.90" length="5.00" type="DEFAULT_CAR" occupancy="0.65"/>
    <instantOut id="235_D025" time="24145.48" state="enter" vehID="Car_15490" speed="8.73" length="5.00" type="DEFAULT_CAR" gap="626.34"/>
    <instantOut id="235_D025" time="24145.50" state="stay" vehID="Car_15490" speed="8.73" length="5.00" type="DEFAULT_CAR"/>
    <instantOut id="235_D025" time="24145.75" state="stay" vehID="Car_15490" speed="7.98" length="5.00" type="DEFAULT_CAR"/>
    <instantOut id="235_D025" time="24146.00" state="stay" vehID="Car_15490" speed="7.23" length="5.00" type="DEFAULT_CAR"/>
    <instantOut id="235_D025" time="24146.15" state="leave" vehID="Car_15490" speed="6.64" length="5.00" type="DEFAULT_CAR" occupancy="0.67"/>
    <instantOut id="235_D025" time="25010.14" state="enter" vehID="Car_14687" speed="9.40" length="5.00" type="DEFAULT_CAR" gap="864.00"/>
    <instantOut id="235_D025" time="25010.25" state="stay" vehID="Car_14687" speed="9.40" length="5.00" type="DEFAULT_CAR"/>
    <instantOut id="235_D025" time="25010.50" state="stay" vehID="Car_14687" speed="8.65" length="5.00" type="DEFAULT_CAR"/>
    <instantOut id="235_D025" time="25010.73" state="leave" vehID="Car_14687" speed="7.90" length="5.00" type="DEFAULT_CAR" occupancy="0.59"/>
    <instantOut id="235_D025" time="27653.54" state="enter" vehID="Car_16138" speed="7.49" length="5.00" type="DEFAULT_CAR" gap="2642.81"/>
    <instantOut id="235_D025" time="27653.75" state="stay" vehID="Car_16138" speed="7.49" length="5.00" type="DEFAULT_CAR"/>
    <instantOut id="235_D025" time="27654.00" state="stay" vehID="Car_16138" speed="6.74" length="5.00" type="DEFAULT_CAR"/>
    <instantOut id="235_D025" time="27654.25" state="stay" vehID="Car_16138" speed="6.06" length="5.00" type="DEFAULT_CAR"/>
    <instantOut id="235_D025" time="27654.29" state="leave" vehID="Car_16138" speed="5.31" length="5.00" type="DEFAULT_CAR" occupancy="0.75"/>
    <instantOut id="235_D025" time="28096.81" state="enter" vehID="Car_17929" speed="11.77" length="5.00" type="DEFAULT_CAR" gap="442.51"/>
    <instantOut id="235_D025" time="28097.00" state="stay" vehID="Car_17929" speed="11.77" length="5.00" type="DEFAULT_CAR"/>
    <instantOut id="235_D025" time="28097.25" state="leave" vehID="Car_17929" speed="11.02" length="5.00" type="DEFAULT_CAR" occupancy="0.44"/>
    <instantOut id="235_D025" time="32052.68" state="enter" vehID="Car_18834" speed="11.16" length="5.00" type="DEFAULT_CAR" gap="3955.43"/>
    <instantOut id="235_D025" time="32052.75" state="stay" vehID="Car_18834" speed="11.16" length="5.00" type="DEFAULT_CAR"/>
    <instantOut id="235_D025" time="32053.00" state="stay" vehID="Car_18834" speed="10.41" length="5.00" type="DEFAULT_CAR"/>
    <instantOut id="235_D025" time="32053.17" state="leave" vehID="Car_18834" speed="9.66" length="5.00" type="DEFAULT_CAR" occupancy="0.49"/>
    <instantOut id="235_D025" time="32662.31" state="enter" vehID="Car_19839" speed="7.13" length="5.00" type="DEFAULT_CAR" gap="609.14"/>
    <instantOut id="235_D025" time="32662.50" state="stay" vehID="Car_19839" speed="7.13" length="5.00" type="DEFAULT_CAR"/>
    <instantOut id="235_D025" time="32662.75" state="stay" vehID="Car_19839" speed="6.38" length="5.00" type="DEFAULT_CAR"/>
    <instantOut id="235_D025" time="32663.00" state="stay" vehID="Car_19839" speed="6.00" length="5.00" type="DEFAULT_CAR"/>
    <instantOut id="235_D025" time="32663.10" state="leave" vehID="Car_19839" speed="5.25" length="5.00" type="DEFAULT_CAR" occupancy="0.79"/>
    <instantOut id="235_D025" time="33642.73" state="enter" vehID="Car_19779" speed="8.20" length="5.00" type="DEFAULT_CAR" gap="979.63"/>
    <instantOut id="235_D025" time="33642.75" state="stay" vehID="Car_19779" speed="8.20" length="5.00" type="DEFAULT_CAR"/>
    <instantOut id="235_D025" time="33643.00" state="stay" vehID="Car_19779" speed="7.45" length="5.00" type="DEFAULT_CAR"/>
    <instantOut id="235_D025" time="33643.25" state="stay" vehID="Car_19779" speed="6.70" length="5.00" type="DEFAULT_CAR"/>
    <instantOut id="235_D025" time="33643.47" state="leave" vehID="Car_19779" speed="5.95" length="5.00" type="DEFAULT_CAR" occupancy="0.74"/>
    <instantOut id="235_D025" time="34280.49" state="enter" vehID="Car_19192" speed="9.25" length="5.00" type="DEFAULT_CAR" gap="637.01"/>
    <instantOut id="235_D025" time="34280.50" state="stay" vehID="Car_19192" speed="9.25" length="5.00" type="DEFAULT_CAR"/>
    <instantOut id="235_D025" time="34280.75" state="stay" vehID="Car_19192" speed="8.85" length="5.00" type="DEFAULT_CAR"/>
    <instantOut id="235_D025" time="34281.00" state="stay" vehID="Car_19192" speed="8.10" length="5.00" type="DEFAULT_CAR"/>
    <instantOut id="235_D025" time="34281.09" state="leave" vehID="Car_19192" speed="7.35" length="5.00" type="DEFAULT_CAR" occupancy="0.60"/>
    <instantOut id="235_D025" time="34965.25" state="enter" vehID="Car_20291" speed="9.00" length="5.00" type="DEFAULT_CAR" gap="684.16"/>
    <instantOut id="235_D025" time="34965.25" state="stay" vehID="Car_20291" speed="9.00" length="5.00" type="DEFAULT_CAR"/>
    <instantOut id="235_D025" time="34965.50" state="stay" vehID="Car_20291" speed="8.32" length="5.00" type="DEFAULT_CAR"/>
    <instantOut id="235_D025" time="34965.75" state="stay" vehID="Car_20291" speed="7.57" length="5.00" type="DEFAULT_CAR"/>
    <instantOut id="235_D025" time="34965.90" state="leave" vehID="Car_20291" speed="6.99" length="5.00" type="DEFAULT_CAR" occupancy="0.65"/>
    <instantOut id="235_D025" time="37387.41" state="enter" vehID="Car_21432" speed="9.58" length="5.00" type="DEFAULT_CAR" gap="2421.51"/>
    <instantOut id="235_D025" time="37387.50" state="stay" vehID="Car_21432" speed="9.58" length="5.00" type="DEFAULT_CAR"/>
    <instantOut id="235_D025" time="37387.75" state="stay" vehID="Car_21432" speed="8.83" length="5.00" type="DEFAULT_CAR"/>
    <instantOut id="235_D025" time="37387.99" state="leave" vehID="Car_21432" speed="8.08" length="5.00" type="DEFAULT_CAR" occupancy="0.58"/>
    <instantOut id="235_D025" time="37834.21" state="enter" vehID="Car_21508" speed="9.37" length="5.00" type="DEFAULT_CAR" gap="446.22"/>
    <instantOut id="235_D025" time="37834.25" state="stay" vehID="Car_21508" speed="9.37" length="5.00" type="DEFAULT_CAR"/>
    <instantOut id="235_D025" time="37834.50" state="stay" vehID="Car_21508" speed="8.62" length="5.00" type="DEFAULT_CAR"/>
    <instantOut id="235_D025" time="37834.75" state="stay" vehID="Car_21508" speed="7.88" length="5.00" type="DEFAULT_CAR"/>
    <instantOut id="235_D025" time="37834.82" state="leave" vehID="Car_21508" speed="7.14" length="5.00" type="DEFAULT_CAR" occupancy="0.61"/>
    <instantOut id="235_D025" time="41240.19" state="enter" vehID="Car_23380" speed="9.82" length="5.00" type="DEFAULT_CAR" gap="3405.37"/>
    <instantOut id="235_D025" time="41240.25" state="stay" vehID="Car_23380" speed="9.82" length="5.00" type="DEFAULT_CAR"/>
    <instantOut id="235_D025" time="41240.50" state="stay" vehID="Car_23380" speed="10.56" length="5.00" type="DEFAULT_CAR"/>
    <instantOut id="235_D025" time="41240.67" state="leave" vehID="Car_23380" speed="10.35" length="5.00" type="DEFAULT_CAR" occupancy="0.48"/>
    <instantOut id="235_D025" time="42253.97" state="enter" vehID="Car_24747" speed="9.04" length="5.00" type="DEFAULT_CAR" gap="1013.30"/>
    <instantOut id="235_D025" time="42254.00" state="stay" vehID="Car_24747" speed="9.04" length="5.00" type="DEFAULT_CAR"/>
    <instantOut id="235_D025" time="42254.25" state="stay" vehID="Car_24747" speed="8.35" length="5.00" type="DEFAULT_CAR"/>
    <instantOut id="235_D025" time="42254.50" state="stay" vehID="Car_24747" speed="7.85" length="5.00" type="DEFAULT_CAR"/>
    <instantOut id="235_D025" time="42254.60" state="leave" vehID="Car_24747" speed="7.13" length="5.00" type="DEFAULT_CAR" occupancy="0.63"/>
    <instantOut id="235_D025" time="42842.36" state="enter" vehID="Car_24719" speed="4.16" length="5.00" type="DEFAULT_CAR" gap="587.76"/>
    <instantOut id="235_D025" time="42842.50" state="stay" vehID="Car_24719" speed="4.16" length="5.00" type="DEFAULT_CAR"/>
    <instantOut id="235_D025" time="42842.75" state="stay" vehID="Car_24719" speed="3.76" length="5.00" type="DEFAULT_CAR"/>
    <instantOut id="235_D025" time="42843.00" state="stay" vehID="Car_24719" speed="3.84" length="5.00" type="DEFAULT_CAR"/>
    <instantOut id="235_D025" time="42843.25" state="stay" vehID="Car_24719" speed="3.95" length="5.00" type="DEFAULT_CAR"/>
    <instantOut id="235_D025" time="42843.50" state="stay" vehID="Car_24719" speed="3.84" length="5.00" type="DEFAULT_CAR"/>
    <instantOut id="235_D025" time="42843.69" state="leave" vehID="Car_24719" speed="3.09" length="5.00" type="DEFAULT_CAR" occupancy="1.33"/>
    <instantOut id="235_D025" time="43704.04" state="enter" vehID="Car_24880" speed="7.68" length="5.00" type="DEFAULT_CAR" gap="860.35"/>
    <instantOut id="235_D025" time="43704.25" state="stay" vehID="Car_24880" speed="7.68" length="5.00" type="DEFAULT_CAR"/>
    <instantOut id="235_D025" time="43704.50" state="stay" vehID="Car_24880" speed="7.07" length="5.00" type="DEFAULT_CAR"/>
    <instantOut id="235_D025" time="43704.75" state="stay" vehID="Car_24880" speed="6.32" length="5.00" type="DEFAULT_CAR"/>
    <instantOut id="235_D025" time="43704.76" state="leave" vehID="Car_24880" speed="5.57" length="5.00" type="DEFAULT_CAR" occupancy="0.72"/>
</instantE1>
