<?xml version="1.0" encoding="UTF-8"?>

<!-- generated on 2025-02-28 15:17:43 by Eclipse SUMO GUI Version 1.19.0
<configuration xmlns:xsi="http://www.w3.org/2001/XMLSchema-instance" xsi:noNamespaceSchemaLocation="http://sumo.dlr.de/xsd/sumoConfiguration.xsd">

    <input>
        <net-file value="Network.net.xml"/>
        <route-files value="CarRoutes.rou.xml"/>
        <additional-files value="Sensors.add.xml"/>
    </input>

    <output>
        <emission-output value="logs/Emissions.xml"/>
        <summary-output value="logs/Log_summary.xml"/>
        <summary-output.period value="300"/>
        <tripinfo-output value="logs/TripInfos.xml"/>
    </output>

    <time>
        <begin value="0"/>
        <end value="86400"/>
        <step-length value="0.25"/>
    </time>

    <processing>
        <ignore-junction-blocker value="0.1"/>
        <time-to-teleport value="-1"/>
    </processing>

    <report>
        <verbose value="true"/>
        <no-step-log value="true"/>
    </report>

    <emissions>
        <device.emissions.period value="10"/>
    </emissions>

    <traci_server>
        <remote-port value="56334"/>
    </traci_server>

    <gui_only>
        <quit-on-end value="true"/>
        <start value="true"/>
    </gui_only>

</configuration>
-->

<instantE1 xmlns:xsi="http://www.w3.org/2001/XMLSchema-instance" xsi:noNamespaceSchemaLocation="http://sumo.dlr.de/xsd/instant_e1_file.xsd">
    <instantOut id="235_D025" time="1534.55" state="enter" vehID="Car_1213" speed="7.07" length="5.00" type="DEFAULT_CAR"/>
    <instantOut id="235_D025" time="1534.75" state="stay" vehID="Car_1213" speed="7.07" length="5.00" type="DEFAULT_CAR"/>
    <instantOut id="235_D025" time="1535.00" state="stay" vehID="Car_1213" speed="6.32" length="5.00" type="DEFAULT_CAR"/>
    <instantOut id="235_D025" time="1535.25" state="stay" vehID="Car_1213" speed="5.57" length="5.00" type="DEFAULT_CAR"/>
    <instantOut id="235_D025" time="1535.36" state="leave" vehID="Car_1213" speed="5.19" length="5.00" type="DEFAULT_CAR" occupancy="0.82"/>
    <instantOut id="235_D025" time="2866.24" state="enter" vehID="Car_1750" speed="8.98" length="5.00" type="DEFAULT_CAR" gap="1330.88"/>
    <instantOut id="235_D025" time="2866.25" state="stay" vehID="Car_1750" speed="8.98" length="5.00" type="DEFAULT_CAR"/>
    <instantOut id="235_D025" time="2866.50" state="stay" vehID="Car_1750" speed="8.23" length="5.00" type="DEFAULT_CAR"/>
    <instantOut id="235_D025" time="2866.75" state="stay" vehID="Car_1750" speed="7.61" length="5.00" type="DEFAULT_CAR"/>
    <instantOut id="235_D025" time="2866.89" state="leave" vehID="Car_1750" speed="6.86" length="5.00" type="DEFAULT_CAR" occupancy="0.65"/>
    <instantOut id="235_D025" time="4305.94" state="enter" vehID="Car_1711" speed="10.36" length="5.00" type="DEFAULT_CAR" gap="1439.05"/>
    <instantOut id="235_D025" time="4306.00" state="stay" vehID="Car_1711" speed="10.36" length="5.00" type="DEFAULT_CAR"/>
    <instantOut id="235_D025" time="4306.25" state="stay" vehID="Car_1711" speed="10.63" length="5.00" type="DEFAULT_CAR"/>
    <instantOut id="235_D025" time="4306.42" state="leave" vehID="Car_1711" speed="9.99" length="5.00" type="DEFAULT_CAR" occupancy="0.48"/>
    <instantOut id="235_D025" time="5484.77" state="enter" vehID="Car_2897" speed="8.26" length="5.00" type="DEFAULT_CAR" gap="1178.35"/>
    <instantOut id="235_D025" time="5485.00" state="stay" vehID="Car_2897" speed="8.26" length="5.00" type="DEFAULT_CAR"/>
    <instantOut id="235_D025" time="5485.25" state="stay" vehID="Car_2897" speed="7.71" length="5.00" type="DEFAULT_CAR"/>
    <instantOut id="235_D025" time="5485.42" state="leave" vehID="Car_2897" speed="7.02" length="5.00" type="DEFAULT_CAR" occupancy="0.65"/>
    <instantOut id="235_D025" time="6238.49" state="enter" vehID="Car_3845" speed="9.12" length="5.00" type="DEFAULT_CAR" gap="753.08"/>
    <instantOut id="235_D025" time="6238.50" state="stay" vehID="Car_3845" speed="9.12" length="5.00" type="DEFAULT_CAR"/>
    <instantOut id="235_D025" time="6238.75" state="stay" vehID="Car_3845" speed="8.37" length="5.00" type="DEFAULT_CAR"/>
    <instantOut id="235_D025" time="6239.00" state="stay" vehID="Car_3845" speed="7.62" length="5.00" type="DEFAULT_CAR"/>
    <instantOut id="235_D025" time="6239.14" state="leave" vehID="Car_3845" speed="6.87" length="5.00" type="DEFAULT_CAR" occupancy="0.64"/>
    <instantOut id="235_D025" time="6632.91" state="enter" vehID="Car_3676" speed="9.89" length="5.00" type="DEFAULT_CAR" gap="393.77"/>
    <instantOut id="235_D025" time="6633.00" state="stay" vehID="Car_3676" speed="9.89" length="5.00" type="DEFAULT_CAR"/>
    <instantOut id="235_D025" time="6633.25" state="stay" vehID="Car_3676" speed="9.14" length="5.00" type="DEFAULT_CAR"/>
    <instantOut id="235_D025" time="6633.46" state="leave" vehID="Car_3676" speed="8.39" length="5.00" type="DEFAULT_CAR" occupancy="0.56"/>
    <instantOut id="235_D025" time="7918.98" state="enter" vehID="Car_3922" speed="6.80" length="5.00" type="DEFAULT_CAR" gap="1285.51"/>
    <instantOut id="235_D025" time="7919.00" state="stay" vehID="Car_3922" speed="6.80" length="5.00" type="DEFAULT_CAR"/>
    <instantOut id="235_D025" time="7919.25" state="stay" vehID="Car_3922" speed="7.69" length="5.00" type="DEFAULT_CAR"/>
    <instantOut id="235_D025" time="7919.50" state="stay" vehID="Car_3922" speed="7.53" length="5.00" type="DEFAULT_CAR"/>
    <instantOut id="235_D025" time="7919.65" state="leave" vehID="Car_3922" speed="7.06" length="5.00" type="DEFAULT_CAR" occupancy="0.67"/>
    <instantOut id="235_D025" time="8914.48" state="enter" vehID="Car_5326" speed="8.84" length="5.00" type="DEFAULT_CAR" gap="994.83"/>
    <instantOut id="235_D025" time="8914.50" state="stay" vehID="Car_5326" speed="8.84" length="5.00" type="DEFAULT_CAR"/>
    <instantOut id="235_D025" time="8914.75" state="stay" vehID="Car_5326" speed="8.09" length="5.00" type="DEFAULT_CAR"/>
    <instantOut id="235_D025" time="8915.00" state="stay" vehID="Car_5326" speed="7.50" length="5.00" type="DEFAULT_CAR"/>
    <instantOut id="235_D025" time="8915.13" state="leave" vehID="Car_5326" speed="6.75" length="5.00" type="DEFAULT_CAR" occupancy="0.66"/>
    <instantOut id="235_D025" time="16232.96" state="enter" vehID="Car_8725" speed="9.49" length="5.00" type="DEFAULT_CAR" gap="7317.83"/>
    <instantOut id="235_D025" time="16233.00" state="stay" vehID="Car_8725" speed="9.49" length="5.00" type="DEFAULT_CAR"/>
    <instantOut id="235_D025" time="16233.25" state="stay" vehID="Car_8725" speed="8.74" length="5.00" type="DEFAULT_CAR"/>
    <instantOut id="235_D025" time="16233.50" state="stay" vehID="Car_8725" speed="8.21" length="5.00" type="DEFAULT_CAR"/>
    <instantOut id="235_D025" time="16233.55" state="leave" vehID="Car_8725" speed="7.46" length="5.00" type="DEFAULT_CAR" occupancy="0.59"/>
    <instantOut id="235_D025" time="16778.94" state="enter" vehID="Car_8419" speed="10.19" length="5.00" type="DEFAULT_CAR" gap="545.39"/>
    <instantOut id="235_D025" time="16779.00" state="stay" vehID="Car_8419" speed="10.19" length="5.00" type="DEFAULT_CAR"/>
    <instantOut id="235_D025" time="16779.25" state="stay" vehID="Car_8419" speed="10.01" length="5.00" type="DEFAULT_CAR"/>
    <instantOut id="235_D025" time="16779.45" state="leave" vehID="Car_8419" speed="9.26" length="5.00" type="DEFAULT_CAR" occupancy="0.51"/>
    <instantOut id="235_D025" time="18643.01" state="enter" vehID="Car_10409" speed="12.27" length="5.00" type="DEFAULT_CAR" gap="1863.56"/>
    <instantOut id="235_D025" time="18643.25" state="stay" vehID="Car_10409" speed="12.27" length="5.00" type="DEFAULT_CAR"/>
    <instantOut id="235_D025" time="18643.43" state="leave" vehID="Car_10409" speed="11.52" length="5.00" type="DEFAULT_CAR" occupancy="0.42"/>
    <instantOut id="235_D025" time="19765.53" state="enter" vehID="Car_10521" speed="7.00" length="5.00" type="DEFAULT_CAR" gap="1122.10"/>
    <instantOut id="235_D025" time="19765.75" state="stay" vehID="Car_10521" speed="7.00" length="5.00" type="DEFAULT_CAR"/>
    <instantOut id="235_D025" time="19766.00" state="stay" vehID="Car_10521" speed="6.25" length="5.00" type="DEFAULT_CAR"/>
    <instantOut id="235_D025" time="19766.25" state="stay" vehID="Car_10521" speed="5.63" length="5.00" type="DEFAULT_CAR"/>
    <instantOut id="235_D025" time="19766.35" state="leave" vehID="Car_10521" speed="5.23" length="5.00" type="DEFAULT_CAR" occupancy="0.82"/>
    <instantOut id="235_D025" time="20950.88" state="enter" vehID="Car_12066" speed="8.56" length="5.00" type="DEFAULT_CAR" gap="1184.53"/>
    <instantOut id="235_D025" time="20951.00" state="stay" vehID="Car_12066" speed="8.56" length="5.00" type="DEFAULT_CAR"/>
    <instantOut id="235_D025" time="20951.25" state="stay" vehID="Car_12066" speed="7.81" length="5.00" type="DEFAULT_CAR"/>
    <instantOut id="235_D025" time="20951.50" state="stay" vehID="Car_12066" speed="7.06" length="5.00" type="DEFAULT_CAR"/>
    <instantOut id="235_D025" time="20951.54" state="leave" vehID="Car_12066" speed="6.31" length="5.00" type="DEFAULT_CAR" occupancy="0.66"/>
    <instantOut id="235_D025" time="23875.50" state="enter" vehID="Car_13555" speed="8.66" length="5.00" type="DEFAULT_CAR" gap="2923.96"/>
    <instantOut id="235_D025" time="23875.50" state="stay" vehID="Car_13555" speed="8.66" length="5.00" type="DEFAULT_CAR"/>
    <instantOut id="235_D025" time="23875.75" state="stay" vehID="Car_13555" speed="8.28" length="5.00" type="DEFAULT_CAR"/>
    <instantOut id="235_D025" time="23876.00" state="stay" vehID="Car_13555" speed="7.70" length="5.00" type="DEFAULT_CAR"/>
    <instantOut id="235_D025" time="23876.14" state="leave" vehID="Car_13555" speed="7.10" length="5.00" type="DEFAULT_CAR" occupancy="0.64"/>
    <instantOut id="235_D025" time="25723.47" state="enter" vehID="Car_14343" speed="9.69" length="5.00" type="DEFAULT_CAR" gap="1847.33"/>
    <instantOut id="235_D025" time="25723.50" state="stay" vehID="Car_14343" speed="9.69" length="5.00" type="DEFAULT_CAR"/>
    <instantOut id="235_D025" time="25723.75" state="stay" vehID="Car_14343" speed="10.17" length="5.00" type="DEFAULT_CAR"/>
    <instantOut id="235_D025" time="25723.96" state="leave" vehID="Car_14343" speed="10.29" length="5.00" type="DEFAULT_CAR" occupancy="0.49"/>
    <instantOut id="235_D025" time="26016.52" state="enter" vehID="Car_15178" speed="12.20" length="5.00" type="DEFAULT_CAR" gap="292.56"/>
    <instantOut id="235_D025" time="26016.75" state="stay" vehID="Car_15178" speed="12.20" length="5.00" type="DEFAULT_CAR"/>
    <instantOut id="235_D025" time="26016.94" state="leave" vehID="Car_15178" speed="11.45" length="5.00" type="DEFAULT_CAR" occupancy="0.42"/>
    <instantOut id="235_D025" time="26181.96" state="enter" vehID="Car_15888" speed="9.16" length="5.00" type="DEFAULT_CAR" gap="165.02"/>
    <instantOut id="235_D025" time="26182.00" state="stay" vehID="Car_15888" speed="9.16" length="5.00" type="DEFAULT_CAR"/>
    <instantOut id="235_D025" time="26182.25" state="stay" vehID="Car_15888" speed="8.47" length="5.00" type="DEFAULT_CAR"/>
    <instantOut id="235_D025" time="26182.50" state="stay" vehID="Car_15888" speed="7.75" length="5.00" type="DEFAULT_CAR"/>
    <instantOut id="235_D025" time="26182.58" state="leave" vehID="Car_15888" speed="7.00" length="5.00" type="DEFAULT_CAR" occupancy="0.62"/>
    <instantOut id="235_D025" time="27062.56" state="enter" vehID="Car_15283" speed="7.77" length="5.00" type="DEFAULT_CAR" gap="879.97"/>
    <instantOut id="235_D025" time="27062.75" state="stay" vehID="Car_15283" speed="7.77" length="5.00" type="DEFAULT_CAR"/>
    <instantOut id="235_D025" time="27063.00" state="stay" vehID="Car_15283" speed="8.50" length="5.00" type="DEFAULT_CAR"/>
    <instantOut id="235_D025" time="27063.17" state="leave" vehID="Car_15283" speed="8.31" length="5.00" type="DEFAULT_CAR" occupancy="0.61"/>
    <instantOut id="235_D025" time="28110.04" state="enter" vehID="Car_16458" speed="7.34" length="5.00" type="DEFAULT_CAR" gap="1046.87"/>
    <instantOut id="235_D025" time="28110.25" state="stay" vehID="Car_16458" speed="7.34" length="5.00" type="DEFAULT_CAR"/>
    <instantOut id="235_D025" time="28110.50" state="stay" vehID="Car_16458" speed="8.02" length="5.00" type="DEFAULT_CAR"/>
    <instantOut id="235_D025" time="28110.68" state="leave" vehID="Car_16458" speed="7.92" length="5.00" type="DEFAULT_CAR" occupancy="0.64"/>
    <instantOut id="235_D025" time="28515.02" state="enter" vehID="Car_17472" speed="7.56" length="5.00" type="DEFAULT_CAR" gap="404.34"/>
    <instantOut id="235_D025" time="28515.25" state="stay" vehID="Car_17472" speed="7.56" length="5.00" type="DEFAULT_CAR"/>
    <instantOut id="235_D025" time="28515.50" state="stay" vehID="Car_17472" speed="8.14" length="5.00" type="DEFAULT_CAR"/>
    <instantOut id="235_D025" time="28515.66" state="leave" vehID="Car_17472" speed="7.72" length="5.00" type="DEFAULT_CAR" occupancy="0.64"/>
    <instantOut id="235_D025" time="32086.52" state="enter" vehID="Car_18835" speed="9.55" length="5.00" type="DEFAULT_CAR" gap="3570.86"/>
    <instantOut id="235_D025" time="32086.75" state="stay" vehID="Car_18835" speed="9.55" length="5.00" type="DEFAULT_CAR"/>
    <instantOut id="235_D025" time="32087.00" state="stay" vehID="Car_18835" speed="8.80" length="5.00" type="DEFAULT_CAR"/>
    <instantOut id="235_D025" time="32087.08" state="leave" vehID="Car_18835" speed="8.05" length="5.00" type="DEFAULT_CAR" occupancy="0.56"/>
    <instantOut id="235_D025" time="32113.39" state="enter" vehID="Car_18834" speed="12.13" length="5.00" type="DEFAULT_CAR" gap="26.31"/>
    <instantOut id="235_D025" time="32113.50" state="stay" vehID="Car_18834" speed="12.13" length="5.00" type="DEFAULT_CAR"/>
    <instantOut id="235_D025" time="32113.75" state="stay" vehID="Car_18834" speed="11.54" length="5.00" type="DEFAULT_CAR"/>
    <instantOut id="235_D025" time="32113.82" state="leave" vehID="Car_18834" speed="10.80" length="5.00" type="DEFAULT_CAR" occupancy="0.43"/>
    <instantOut id="235_D025" time="33591.44" state="enter" vehID="Car_20826" speed="10.08" length="5.00" type="DEFAULT_CAR" gap="1477.62"/>
    <instantOut id="235_D025" time="33591.50" state="stay" vehID="Car_20826" speed="10.08" length="5.00" type="DEFAULT_CAR"/>
    <instantOut id="235_D025" time="33591.75" state="stay" vehID="Car_20826" speed="9.51" length="5.00" type="DEFAULT_CAR"/>
    <instantOut id="235_D025" time="33591.98" state="leave" vehID="Car_20826" speed="8.76" length="5.00" type="DEFAULT_CAR" occupancy="0.54"/>
    <instantOut id="235_D025" time="34121.94" state="enter" vehID="Car_20400" speed="10.63" length="5.00" type="DEFAULT_CAR" gap="529.96"/>
    <instantOut id="235_D025" time="34122.00" state="stay" vehID="Car_20400" speed="10.63" length="5.00" type="DEFAULT_CAR"/>
    <instantOut id="235_D025" time="34122.25" state="stay" vehID="Car_20400" speed="11.42" length="5.00" type="DEFAULT_CAR"/>
    <instantOut id="235_D025" time="34122.39" state="leave" vehID="Car_20400" speed="11.25" length="5.00" type="DEFAULT_CAR" occupancy="0.44"/>
    <instantOut id="235_D025" time="34944.67" state="enter" vehID="Car_21430" speed="9.46" length="5.00" type="DEFAULT_CAR" gap="822.28"/>
    <instantOut id="235_D025" time="34944.75" state="stay" vehID="Car_21430" speed="9.46" length="5.00" type="DEFAULT_CAR"/>
    <instantOut id="235_D025" time="34945.00" state="stay" vehID="Car_21430" speed="8.71" length="5.00" type="DEFAULT_CAR"/>
    <instantOut id="235_D025" time="34945.25" state="stay" vehID="Car_21430" speed="7.96" length="5.00" type="DEFAULT_CAR"/>
    <instantOut id="235_D025" time="34945.26" state="leave" vehID="Car_21430" speed="7.21" length="5.00" type="DEFAULT_CAR" occupancy="0.59"/>
    <instantOut id="235_D025" time="36468.52" state="enter" vehID="Car_21488" speed="8.32" length="5.00" type="DEFAULT_CAR" gap="1523.26"/>
    <instantOut id="235_D025" time="36468.75" state="stay" vehID="Car_21488" speed="8.32" length="5.00" type="DEFAULT_CAR"/>
    <instantOut id="235_D025" time="36469.00" state="stay" vehID="Car_21488" speed="7.84" length="5.00" type="DEFAULT_CAR"/>
    <instantOut id="235_D025" time="36469.15" state="leave" vehID="Car_21488" speed="7.42" length="5.00" type="DEFAULT_CAR" occupancy="0.63"/>
    <instantOut id="235_D025" time="36835.74" state="enter" vehID="Car_21986" speed="8.82" length="5.00" type="DEFAULT_CAR" gap="366.59"/>
    <instantOut id="235_D025" time="36835.75" state="stay" vehID="Car_21986" speed="8.82" length="5.00" type="DEFAULT_CAR"/>
    <instantOut id="235_D025" time="36836.00" state="stay" vehID="Car_21986" speed="8.07" length="5.00" type="DEFAULT_CAR"/>
    <instantOut id="235_D025" time="36836.25" state="stay" vehID="Car_21986" speed="7.51" length="5.00" type="DEFAULT_CAR"/>
    <instantOut id="235_D025" time="36836.40" state="leave" vehID="Car_21986" speed="6.95" length="5.00" type="DEFAULT_CAR" occupancy="0.66"/>
    <instantOut id="235_D025" time="37484.00" state="enter" vehID="Car_21968" speed="9.48" length="5.00" type="DEFAULT_CAR" gap="647.59"/>
    <instantOut id="235_D025" time="37484.00" state="stay" vehID="Car_21968" speed="9.48" length="5.00" type="DEFAULT_CAR"/>
    <instantOut id="235_D025" time="37484.25" state="stay" vehID="Car_21968" speed="9.48" length="5.00" type="DEFAULT_CAR"/>
    <instantOut id="235_D025" time="37484.50" state="stay" vehID="Car_21968" speed="9.11" length="5.00" type="DEFAULT_CAR"/>
    <instantOut id="235_D025" time="37484.54" state="leave" vehID="Car_21968" speed="8.36" length="5.00" type="DEFAULT_CAR" occupancy="0.54"/>
    <instantOut id="235_D025" time="37642.52" state="enter" vehID="Car_22463" speed="7.49" length="5.00" type="DEFAULT_CAR" gap="157.98"/>
    <instantOut id="235_D025" time="37642.75" state="stay" vehID="Car_22463" speed="7.49" length="5.00" type="DEFAULT_CAR"/>
    <instantOut id="235_D025" time="37643.00" state="stay" vehID="Car_22463" speed="6.74" length="5.00" type="DEFAULT_CAR"/>
    <instantOut id="235_D025" time="37643.25" state="stay" vehID="Car_22463" speed="5.99" length="5.00" type="DEFAULT_CAR"/>
    <instantOut id="235_D025" time="37643.26" state="leave" vehID="Car_22463" speed="5.24" length="5.00" type="DEFAULT_CAR" occupancy="0.75"/>
    <instantOut id="235_D025" time="38583.69" state="enter" vehID="Car_22817" speed="10.19" length="5.00" type="DEFAULT_CAR" gap="940.43"/>
    <instantOut id="235_D025" time="38583.75" state="stay" vehID="Car_22817" speed="10.19" length="5.00" type="DEFAULT_CAR"/>
    <instantOut id="235_D025" time="38584.00" state="stay" vehID="Car_22817" speed="9.83" length="5.00" type="DEFAULT_CAR"/>
    <instantOut id="235_D025" time="38584.21" state="leave" vehID="Car_22817" speed="9.08" length="5.00" type="DEFAULT_CAR" occupancy="0.52"/>
    <instantOut id="235_D025" time="40401.46" state="enter" vehID="Car_23273" speed="9.90" length="5.00" type="DEFAULT_CAR" gap="1817.25"/>
    <instantOut id="235_D025" time="40401.50" state="stay" vehID="Car_23273" speed="9.90" length="5.00" type="DEFAULT_CAR"/>
    <instantOut id="235_D025" time="40401.75" state="stay" vehID="Car_23273" speed="9.27" length="5.00" type="DEFAULT_CAR"/>
    <instantOut id="235_D025" time="40402.00" state="stay" vehID="Car_23273" speed="8.52" length="5.00" type="DEFAULT_CAR"/>
    <instantOut id="235_D025" time="40402.02" state="leave" vehID="Car_23273" speed="7.77" length="5.00" type="DEFAULT_CAR" occupancy="0.56"/>
    <instantOut id="235_D025" time="43010.28" state="enter" vehID="Car_24046" speed="10.29" length="5.00" type="DEFAULT_CAR" gap="2608.26"/>
    <instantOut id="235_D025" time="43010.50" state="stay" vehID="Car_24046" speed="10.29" length="5.00" type="DEFAULT_CAR"/>
    <instantOut id="235_D025" time="43010.75" state="stay" vehID="Car_24046" speed="10.34" length="5.00" type="DEFAULT_CAR"/>
    <instantOut id="235_D025" time="43010.76" state="leave" vehID="Car_24046" speed="9.70" length="5.00" type="DEFAULT_CAR" occupancy="0.49"/>
    <instantOut id="235_D025" time="43540.19" state="enter" vehID="Car_23955" speed="10.27" length="5.00" type="DEFAULT_CAR" gap="529.42"/>
    <instantOut id="235_D025" time="43540.25" state="stay" vehID="Car_23955" speed="10.27" length="5.00" type="DEFAULT_CAR"/>
    <instantOut id="235_D025" time="43540.50" state="stay" vehID="Car_23955" speed="10.40" length="5.00" type="DEFAULT_CAR"/>
    <instantOut id="235_D025" time="43540.68" state="leave" vehID="Car_23955" speed="9.89" length="5.00" type="DEFAULT_CAR" occupancy="0.49"/>
</instantE1>
