<?xml version="1.0" encoding="UTF-8"?>

<!-- generated on 2025-02-28 17:17:45 by Eclipse SUMO GUI Version 1.19.0
<configuration xmlns:xsi="http://www.w3.org/2001/XMLSchema-instance" xsi:noNamespaceSchemaLocation="http://sumo.dlr.de/xsd/sumoConfiguration.xsd">

    <input>
        <net-file value="Network.net.xml"/>
        <route-files value="CarRoutes.rou.xml"/>
        <additional-files value="Sensors.add.xml"/>
    </input>

    <output>
        <emission-output value="logs/Emissions.xml"/>
        <summary-output value="logs/Log_summary.xml"/>
        <summary-output.period value="300"/>
        <tripinfo-output value="logs/TripInfos.xml"/>
    </output>

    <time>
        <begin value="0"/>
        <end value="86400"/>
        <step-length value="0.25"/>
    </time>

    <processing>
        <ignore-junction-blocker value="0.1"/>
        <time-to-teleport value="-1"/>
    </processing>

    <report>
        <verbose value="true"/>
        <no-step-log value="true"/>
    </report>

    <emissions>
        <device.emissions.period value="10"/>
    </emissions>

    <traci_server>
        <remote-port value="57717"/>
    </traci_server>

    <gui_only>
        <quit-on-end value="true"/>
        <start value="true"/>
    </gui_only>

</configuration>
-->

<instantE1 xmlns:xsi="http://www.w3.org/2001/XMLSchema-instance" xsi:noNamespaceSchemaLocation="http://sumo.dlr.de/xsd/instant_e1_file.xsd">
    <instantOut id="235_D025" time="121.73" state="enter" vehID="Car_440" speed="9.51" length="5.00" type="DEFAULT_CAR"/>
    <instantOut id="235_D025" time="121.75" state="stay" vehID="Car_440" speed="9.51" length="5.00" type="DEFAULT_CAR"/>
    <instantOut id="235_D025" time="122.00" state="stay" vehID="Car_440" speed="10.18" length="5.00" type="DEFAULT_CAR"/>
    <instantOut id="235_D025" time="122.21" state="leave" vehID="Car_440" speed="10.77" length="5.00" type="DEFAULT_CAR" occupancy="0.48"/>
    <instantOut id="235_D025" time="1969.26" state="enter" vehID="Car_986" speed="8.03" length="5.00" type="DEFAULT_CAR" gap="1847.05"/>
    <instantOut id="235_D025" time="1969.50" state="stay" vehID="Car_986" speed="8.03" length="5.00" type="DEFAULT_CAR"/>
    <instantOut id="235_D025" time="1969.75" state="stay" vehID="Car_986" speed="7.34" length="5.00" type="DEFAULT_CAR"/>
    <instantOut id="235_D025" time="1969.94" state="leave" vehID="Car_986" speed="6.79" length="5.00" type="DEFAULT_CAR" occupancy="0.67"/>
    <instantOut id="235_D025" time="2105.48" state="enter" vehID="Car_1294" speed="8.63" length="5.00" type="DEFAULT_CAR" gap="135.54"/>
    <instantOut id="235_D025" time="2105.50" state="stay" vehID="Car_1294" speed="8.63" length="5.00" type="DEFAULT_CAR"/>
    <instantOut id="235_D025" time="2105.75" state="stay" vehID="Car_1294" speed="8.10" length="5.00" type="DEFAULT_CAR"/>
    <instantOut id="235_D025" time="2106.00" state="stay" vehID="Car_1294" speed="7.35" length="5.00" type="DEFAULT_CAR"/>
    <instantOut id="235_D025" time="2106.14" state="leave" vehID="Car_1294" speed="6.71" length="5.00" type="DEFAULT_CAR" occupancy="0.66"/>
    <instantOut id="235_D025" time="2827.52" state="enter" vehID="Car_1499" speed="8.46" length="5.00" type="DEFAULT_CAR" gap="721.38"/>
    <instantOut id="235_D025" time="2827.75" state="stay" vehID="Car_1499" speed="8.46" length="5.00" type="DEFAULT_CAR"/>
    <instantOut id="235_D025" time="2828.00" state="stay" vehID="Car_1499" speed="7.94" length="5.00" type="DEFAULT_CAR"/>
    <instantOut id="235_D025" time="2828.15" state="leave" vehID="Car_1499" speed="7.21" length="5.00" type="DEFAULT_CAR" occupancy="0.63"/>
    <instantOut id="235_D025" time="3370.46" state="enter" vehID="Car_1635" speed="8.94" length="5.00" type="DEFAULT_CAR" gap="542.31"/>
    <instantOut id="235_D025" time="3370.50" state="stay" vehID="Car_1635" speed="8.94" length="5.00" type="DEFAULT_CAR"/>
    <instantOut id="235_D025" time="3370.75" state="stay" vehID="Car_1635" speed="8.19" length="5.00" type="DEFAULT_CAR"/>
    <instantOut id="235_D025" time="3371.00" state="stay" vehID="Car_1635" speed="7.44" length="5.00" type="DEFAULT_CAR"/>
    <instantOut id="235_D025" time="3371.11" state="leave" vehID="Car_1635" speed="6.72" length="5.00" type="DEFAULT_CAR" occupancy="0.65"/>
    <instantOut id="235_D025" time="4304.69" state="enter" vehID="Car_2398" speed="10.30" length="5.00" type="DEFAULT_CAR" gap="933.59"/>
    <instantOut id="235_D025" time="4304.75" state="stay" vehID="Car_2398" speed="10.30" length="5.00" type="DEFAULT_CAR"/>
    <instantOut id="235_D025" time="4305.00" state="stay" vehID="Car_2398" speed="9.55" length="5.00" type="DEFAULT_CAR"/>
    <instantOut id="235_D025" time="4305.23" state="leave" vehID="Car_2398" speed="8.80" length="5.00" type="DEFAULT_CAR" occupancy="0.54"/>
    <instantOut id="235_D025" time="4809.20" state="enter" vehID="Car_2791" speed="9.87" length="5.00" type="DEFAULT_CAR" gap="503.96"/>
    <instantOut id="235_D025" time="4809.25" state="stay" vehID="Car_2791" speed="9.87" length="5.00" type="DEFAULT_CAR"/>
    <instantOut id="235_D025" time="4809.50" state="stay" vehID="Car_2791" speed="10.44" length="5.00" type="DEFAULT_CAR"/>
    <instantOut id="235_D025" time="4809.68" state="leave" vehID="Car_2791" speed="10.38" length="5.00" type="DEFAULT_CAR" occupancy="0.48"/>
    <instantOut id="235_D025" time="5409.25" state="enter" vehID="Car_2792" speed="9.92" length="5.00" type="DEFAULT_CAR" gap="599.57"/>
    <instantOut id="235_D025" time="5409.50" state="stay" vehID="Car_2792" speed="9.92" length="5.00" type="DEFAULT_CAR"/>
    <instantOut id="235_D025" time="5409.75" state="stay" vehID="Car_2792" speed="9.61" length="5.00" type="DEFAULT_CAR"/>
    <instantOut id="235_D025" time="5409.76" state="leave" vehID="Car_2792" speed="8.86" length="5.00" type="DEFAULT_CAR" occupancy="0.51"/>
    <instantOut id="235_D025" time="6391.70" state="enter" vehID="Car_3757" speed="9.76" length="5.00" type="DEFAULT_CAR" gap="981.94"/>
    <instantOut id="235_D025" time="6391.75" state="stay" vehID="Car_3757" speed="9.76" length="5.00" type="DEFAULT_CAR"/>
    <instantOut id="235_D025" time="6392.00" state="stay" vehID="Car_3757" speed="10.28" length="5.00" type="DEFAULT_CAR"/>
    <instantOut id="235_D025" time="6392.20" state="leave" vehID="Car_3757" speed="9.53" length="5.00" type="DEFAULT_CAR" occupancy="0.50"/>
    <instantOut id="235_D025" time="6652.23" state="enter" vehID="Car_4365" speed="9.22" length="5.00" type="DEFAULT_CAR" gap="260.02"/>
    <instantOut id="235_D025" time="6652.25" state="stay" vehID="Car_4365" speed="9.22" length="5.00" type="DEFAULT_CAR"/>
    <instantOut id="235_D025" time="6652.50" state="stay" vehID="Car_4365" speed="10.10" length="5.00" type="DEFAULT_CAR"/>
    <instantOut id="235_D025" time="6652.73" state="leave" vehID="Car_4365" speed="9.75" length="5.00" type="DEFAULT_CAR" occupancy="0.51"/>
    <instantOut id="235_D025" time="6737.89" state="enter" vehID="Car_3695" speed="7.22" length="5.00" type="DEFAULT_CAR" gap="85.16"/>
    <instantOut id="235_D025" time="6738.00" state="stay" vehID="Car_3695" speed="7.22" length="5.00" type="DEFAULT_CAR"/>
    <instantOut id="235_D025" time="6738.25" state="stay" vehID="Car_3695" speed="7.97" length="5.00" type="DEFAULT_CAR"/>
    <instantOut id="235_D025" time="6738.50" state="stay" vehID="Car_3695" speed="8.01" length="5.00" type="DEFAULT_CAR"/>
    <instantOut id="235_D025" time="6738.53" state="leave" vehID="Car_3695" speed="7.26" length="5.00" type="DEFAULT_CAR" occupancy="0.64"/>
    <instantOut id="235_D025" time="6900.20" state="enter" vehID="Car_4366" speed="10.36" length="5.00" type="DEFAULT_CAR" gap="161.67"/>
    <instantOut id="235_D025" time="6900.25" state="stay" vehID="Car_4366" speed="10.36" length="5.00" type="DEFAULT_CAR"/>
    <instantOut id="235_D025" time="6900.50" state="stay" vehID="Car_4366" speed="10.87" length="5.00" type="DEFAULT_CAR"/>
    <instantOut id="235_D025" time="6900.67" state="leave" vehID="Car_4366" speed="10.12" length="5.00" type="DEFAULT_CAR" occupancy="0.47"/>
    <instantOut id="235_D025" time="8013.98" state="enter" vehID="Car_4383" speed="9.81" length="5.00" type="DEFAULT_CAR" gap="1113.30"/>
    <instantOut id="235_D025" time="8014.00" state="stay" vehID="Car_4383" speed="9.81" length="5.00" type="DEFAULT_CAR"/>
    <instantOut id="235_D025" time="8014.25" state="stay" vehID="Car_4383" speed="9.06" length="5.00" type="DEFAULT_CAR"/>
    <instantOut id="235_D025" time="8014.50" state="stay" vehID="Car_4383" speed="8.31" length="5.00" type="DEFAULT_CAR"/>
    <instantOut id="235_D025" time="8014.56" state="leave" vehID="Car_4383" speed="7.56" length="5.00" type="DEFAULT_CAR" occupancy="0.58"/>
    <instantOut id="235_D025" time="8608.39" state="enter" vehID="Car_4516" speed="7.97" length="5.00" type="DEFAULT_CAR" gap="593.83"/>
    <instantOut id="235_D025" time="8608.50" state="stay" vehID="Car_4516" speed="7.97" length="5.00" type="DEFAULT_CAR"/>
    <instantOut id="235_D025" time="8608.75" state="stay" vehID="Car_4516" speed="7.22" length="5.00" type="DEFAULT_CAR"/>
    <instantOut id="235_D025" time="8609.00" state="stay" vehID="Car_4516" speed="6.58" length="5.00" type="DEFAULT_CAR"/>
    <instantOut id="235_D025" time="8609.12" state="leave" vehID="Car_4516" speed="5.84" length="5.00" type="DEFAULT_CAR" occupancy="0.73"/>
    <instantOut id="235_D025" time="8727.53" state="enter" vehID="Car_5367" speed="7.45" length="5.00" type="DEFAULT_CAR" gap="118.41"/>
    <instantOut id="235_D025" time="8727.75" state="stay" vehID="Car_5367" speed="7.45" length="5.00" type="DEFAULT_CAR"/>
    <instantOut id="235_D025" time="8728.00" state="stay" vehID="Car_5367" speed="6.70" length="5.00" type="DEFAULT_CAR"/>
    <instantOut id="235_D025" time="8728.25" state="stay" vehID="Car_5367" speed="5.96" length="5.00" type="DEFAULT_CAR"/>
    <instantOut id="235_D025" time="8728.28" state="leave" vehID="Car_5367" speed="5.21" length="5.00" type="DEFAULT_CAR" occupancy="0.76"/>
    <instantOut id="235_D025" time="9903.77" state="enter" vehID="Car_5680" speed="7.16" length="5.00" type="DEFAULT_CAR" gap="1175.49"/>
    <instantOut id="235_D025" time="9904.00" state="stay" vehID="Car_5680" speed="7.16" length="5.00" type="DEFAULT_CAR"/>
    <instantOut id="235_D025" time="9904.25" state="stay" vehID="Car_5680" speed="6.51" length="5.00" type="DEFAULT_CAR"/>
    <instantOut id="235_D025" time="9904.50" state="stay" vehID="Car_5680" speed="5.76" length="5.00" type="DEFAULT_CAR"/>
    <instantOut id="235_D025" time="9904.56" state="leave" vehID="Car_5680" speed="5.01" length="5.00" type="DEFAULT_CAR" occupancy="0.79"/>
    <instantOut id="235_D025" time="10231.20" state="enter" vehID="Car_5441" speed="9.45" length="5.00" type="DEFAULT_CAR" gap="326.65"/>
    <instantOut id="235_D025" time="10231.25" state="stay" vehID="Car_5441" speed="9.45" length="5.00" type="DEFAULT_CAR"/>
    <instantOut id="235_D025" time="10231.50" state="stay" vehID="Car_5441" speed="9.82" length="5.00" type="DEFAULT_CAR"/>
    <instantOut id="235_D025" time="10231.73" state="leave" vehID="Car_5441" speed="9.24" length="5.00" type="DEFAULT_CAR" occupancy="0.52"/>
    <instantOut id="235_D025" time="10997.43" state="enter" vehID="Car_5425" speed="8.64" length="5.00" type="DEFAULT_CAR" gap="765.70"/>
    <instantOut id="235_D025" time="10997.50" state="stay" vehID="Car_5425" speed="8.64" length="5.00" type="DEFAULT_CAR"/>
    <instantOut id="235_D025" time="10997.75" state="stay" vehID="Car_5425" speed="7.89" length="5.00" type="DEFAULT_CAR"/>
    <instantOut id="235_D025" time="10998.00" state="stay" vehID="Car_5425" speed="7.32" length="5.00" type="DEFAULT_CAR"/>
    <instantOut id="235_D025" time="10998.09" state="leave" vehID="Car_5425" speed="6.57" length="5.00" type="DEFAULT_CAR" occupancy="0.66"/>
    <instantOut id="235_D025" time="12450.95" state="enter" vehID="Car_6830" speed="7.04" length="5.00" type="DEFAULT_CAR" gap="1452.86"/>
    <instantOut id="235_D025" time="12451.00" state="stay" vehID="Car_6830" speed="7.04" length="5.00" type="DEFAULT_CAR"/>
    <instantOut id="235_D025" time="12451.25" state="stay" vehID="Car_6830" speed="6.49" length="5.00" type="DEFAULT_CAR"/>
    <instantOut id="235_D025" time="12451.50" state="stay" vehID="Car_6830" speed="5.74" length="5.00" type="DEFAULT_CAR"/>
    <instantOut id="235_D025" time="12451.75" state="stay" vehID="Car_6830" speed="4.99" length="5.00" type="DEFAULT_CAR"/>
    <instantOut id="235_D025" time="12451.82" state="leave" vehID="Car_6830" speed="4.24" length="5.00" type="DEFAULT_CAR" occupancy="0.88"/>
    <instantOut id="235_D025" time="14129.01" state="enter" vehID="Car_8405" speed="8.18" length="5.00" type="DEFAULT_CAR" gap="1677.18"/>
    <instantOut id="235_D025" time="14129.25" state="stay" vehID="Car_8405" speed="8.18" length="5.00" type="DEFAULT_CAR"/>
    <instantOut id="235_D025" time="14129.50" state="stay" vehID="Car_8405" speed="7.56" length="5.00" type="DEFAULT_CAR"/>
    <instantOut id="235_D025" time="14129.66" state="leave" vehID="Car_8405" speed="7.18" length="5.00" type="DEFAULT_CAR" occupancy="0.65"/>
    <instantOut id="235_D025" time="16696.77" state="enter" vehID="Car_8634" speed="8.21" length="5.00" type="DEFAULT_CAR" gap="2567.11"/>
    <instantOut id="235_D025" time="16697.00" state="stay" vehID="Car_8634" speed="8.21" length="5.00" type="DEFAULT_CAR"/>
    <instantOut id="235_D025" time="16697.25" state="stay" vehID="Car_8634" speed="7.46" length="5.00" type="DEFAULT_CAR"/>
    <instantOut id="235_D025" time="16697.43" state="leave" vehID="Car_8634" speed="6.77" length="5.00" type="DEFAULT_CAR" occupancy="0.66"/>
    <instantOut id="235_D025" time="16979.48" state="enter" vehID="Car_9542" speed="9.26" length="5.00" type="DEFAULT_CAR" gap="282.05"/>
    <instantOut id="235_D025" time="16979.50" state="stay" vehID="Car_9542" speed="9.26" length="5.00" type="DEFAULT_CAR"/>
    <instantOut id="235_D025" time="16979.75" state="stay" vehID="Car_9542" speed="8.51" length="5.00" type="DEFAULT_CAR"/>
    <instantOut id="235_D025" time="16980.00" state="stay" vehID="Car_9542" speed="7.97" length="5.00" type="DEFAULT_CAR"/>
    <instantOut id="235_D025" time="16980.10" state="leave" vehID="Car_9542" speed="7.23" length="5.00" type="DEFAULT_CAR" occupancy="0.62"/>
    <instantOut id="235_D025" time="20500.46" state="enter" vehID="Car_10790" speed="10.18" length="5.00" type="DEFAULT_CAR" gap="3520.37"/>
    <instantOut id="235_D025" time="20500.50" state="stay" vehID="Car_10790" speed="10.18" length="5.00" type="DEFAULT_CAR"/>
    <instantOut id="235_D025" time="20500.75" state="stay" vehID="Car_10790" speed="9.44" length="5.00" type="DEFAULT_CAR"/>
    <instantOut id="235_D025" time="20501.00" state="stay" vehID="Car_10790" speed="8.69" length="5.00" type="DEFAULT_CAR"/>
    <instantOut id="235_D025" time="20501.01" state="leave" vehID="Car_10790" speed="7.94" length="5.00" type="DEFAULT_CAR" occupancy="0.55"/>
    <instantOut id="235_D025" time="21320.53" state="enter" vehID="Car_12121" speed="7.14" length="5.00" type="DEFAULT_CAR" gap="819.52"/>
    <instantOut id="235_D025" time="21320.75" state="stay" vehID="Car_12121" speed="7.14" length="5.00" type="DEFAULT_CAR"/>
    <instantOut id="235_D025" time="21321.00" state="stay" vehID="Car_12121" speed="6.39" length="5.00" type="DEFAULT_CAR"/>
    <instantOut id="235_D025" time="21321.25" state="stay" vehID="Car_12121" speed="5.64" length="5.00" type="DEFAULT_CAR"/>
    <instantOut id="235_D025" time="21321.34" state="leave" vehID="Car_12121" speed="4.89" length="5.00" type="DEFAULT_CAR" occupancy="0.81"/>
    <instantOut id="235_D025" time="22095.27" state="enter" vehID="Car_12130" speed="7.66" length="5.00" type="DEFAULT_CAR" gap="773.93"/>
    <instantOut id="235_D025" time="22095.50" state="stay" vehID="Car_12130" speed="7.66" length="5.00" type="DEFAULT_CAR"/>
    <instantOut id="235_D025" time="22095.75" state="stay" vehID="Car_12130" speed="6.91" length="5.00" type="DEFAULT_CAR"/>
    <instantOut id="235_D025" time="22095.99" state="leave" vehID="Car_12130" speed="6.19" length="5.00" type="DEFAULT_CAR" occupancy="0.72"/>
    <instantOut id="235_D025" time="22302.77" state="enter" vehID="Car_11933" speed="7.63" length="5.00" type="DEFAULT_CAR" gap="206.77"/>
    <instantOut id="235_D025" time="22303.00" state="stay" vehID="Car_11933" speed="7.63" length="5.00" type="DEFAULT_CAR"/>
    <instantOut id="235_D025" time="22303.25" state="stay" vehID="Car_11933" speed="6.88" length="5.00" type="DEFAULT_CAR"/>
    <instantOut id="235_D025" time="22303.49" state="leave" vehID="Car_11933" speed="6.13" length="5.00" type="DEFAULT_CAR" occupancy="0.73"/>
    <instantOut id="235_D025" time="22983.46" state="enter" vehID="Car_13294" speed="10.04" length="5.00" type="DEFAULT_CAR" gap="679.97"/>
    <instantOut id="235_D025" time="22983.50" state="stay" vehID="Car_13294" speed="10.04" length="5.00" type="DEFAULT_CAR"/>
    <instantOut id="235_D025" time="22983.75" state="stay" vehID="Car_13294" speed="9.39" length="5.00" type="DEFAULT_CAR"/>
    <instantOut id="235_D025" time="22984.00" state="stay" vehID="Car_13294" speed="8.64" length="5.00" type="DEFAULT_CAR"/>
    <instantOut id="235_D025" time="22984.01" state="leave" vehID="Car_13294" speed="7.99" length="5.00" type="DEFAULT_CAR" occupancy="0.55"/>
    <instantOut id="235_D025" time="23271.03" state="enter" vehID="Car_13347" speed="8.75" length="5.00" type="DEFAULT_CAR" gap="287.02"/>
    <instantOut id="235_D025" time="23271.25" state="stay" vehID="Car_13347" speed="8.75" length="5.00" type="DEFAULT_CAR"/>
    <instantOut id="235_D025" time="23271.50" state="stay" vehID="Car_13347" speed="8.09" length="5.00" type="DEFAULT_CAR"/>
    <instantOut id="235_D025" time="23271.64" state="leave" vehID="Car_13347" speed="7.34" length="5.00" type="DEFAULT_CAR" occupancy="0.61"/>
    <instantOut id="235_D025" time="24529.72" state="enter" vehID="Car_14024" speed="10.11" length="5.00" type="DEFAULT_CAR" gap="1258.07"/>
    <instantOut id="235_D025" time="24529.75" state="stay" vehID="Car_14024" speed="10.11" length="5.00" type="DEFAULT_CAR"/>
    <instantOut id="235_D025" time="24530.00" state="stay" vehID="Car_14024" speed="9.82" length="5.00" type="DEFAULT_CAR"/>
    <instantOut id="235_D025" time="24530.24" state="leave" vehID="Car_14024" speed="9.07" length="5.00" type="DEFAULT_CAR" occupancy="0.53"/>
    <instantOut id="235_D025" time="24788.96" state="enter" vehID="Car_14391" speed="8.42" length="5.00" type="DEFAULT_CAR" gap="258.71"/>
    <instantOut id="235_D025" time="24789.00" state="stay" vehID="Car_14391" speed="8.42" length="5.00" type="DEFAULT_CAR"/>
    <instantOut id="235_D025" time="24789.25" state="stay" vehID="Car_14391" speed="7.95" length="5.00" type="DEFAULT_CAR"/>
    <instantOut id="235_D025" time="24789.50" state="stay" vehID="Car_14391" speed="7.20" length="5.00" type="DEFAULT_CAR"/>
    <instantOut id="235_D025" time="24789.63" state="leave" vehID="Car_14391" speed="6.45" length="5.00" type="DEFAULT_CAR" occupancy="0.67"/>
    <instantOut id="235_D025" time="26036.01" state="enter" vehID="Car_15226" speed="8.27" length="5.00" type="DEFAULT_CAR" gap="1246.38"/>
    <instantOut id="235_D025" time="26036.25" state="stay" vehID="Car_15226" speed="8.27" length="5.00" type="DEFAULT_CAR"/>
    <instantOut id="235_D025" time="26036.50" state="stay" vehID="Car_15226" speed="7.61" length="5.00" type="DEFAULT_CAR"/>
    <instantOut id="235_D025" time="26036.65" state="leave" vehID="Car_15226" speed="7.02" length="5.00" type="DEFAULT_CAR" occupancy="0.65"/>
    <instantOut id="235_D025" time="26774.79" state="enter" vehID="Car_16089" speed="7.19" length="5.00" type="DEFAULT_CAR" gap="738.14"/>
    <instantOut id="235_D025" time="26775.00" state="stay" vehID="Car_16089" speed="7.19" length="5.00" type="DEFAULT_CAR"/>
    <instantOut id="235_D025" time="26775.25" state="stay" vehID="Car_16089" speed="6.44" length="5.00" type="DEFAULT_CAR"/>
    <instantOut id="235_D025" time="26775.50" state="stay" vehID="Car_16089" speed="5.69" length="5.00" type="DEFAULT_CAR"/>
    <instantOut id="235_D025" time="26775.60" state="leave" vehID="Car_16089" speed="4.94" length="5.00" type="DEFAULT_CAR" occupancy="0.80"/>
    <instantOut id="235_D025" time="26795.71" state="enter" vehID="Car_15985" speed="9.86" length="5.00" type="DEFAULT_CAR" gap="20.11"/>
    <instantOut id="235_D025" time="26795.75" state="stay" vehID="Car_15985" speed="9.86" length="5.00" type="DEFAULT_CAR"/>
    <instantOut id="235_D025" time="26796.00" state="stay" vehID="Car_15985" speed="9.11" length="5.00" type="DEFAULT_CAR"/>
    <instantOut id="235_D025" time="26796.25" state="stay" vehID="Car_15985" speed="8.36" length="5.00" type="DEFAULT_CAR"/>
    <instantOut id="235_D025" time="26796.28" state="leave" vehID="Car_15985" speed="7.61" length="5.00" type="DEFAULT_CAR" occupancy="0.57"/>
    <instantOut id="235_D025" time="27283.34" state="enter" vehID="Car_15680" speed="7.46" length="5.00" type="DEFAULT_CAR" gap="487.06"/>
    <instantOut id="235_D025" time="27283.50" state="stay" vehID="Car_15680" speed="7.46" length="5.00" type="DEFAULT_CAR"/>
    <instantOut id="235_D025" time="27283.75" state="stay" vehID="Car_15680" speed="6.71" length="5.00" type="DEFAULT_CAR"/>
    <instantOut id="235_D025" time="27284.00" state="stay" vehID="Car_15680" speed="5.96" length="5.00" type="DEFAULT_CAR"/>
    <instantOut id="235_D025" time="27284.11" state="leave" vehID="Car_15680" speed="5.58" length="5.00" type="DEFAULT_CAR" occupancy="0.77"/>
    <instantOut id="235_D025" time="27558.25" state="enter" vehID="Car_15223" speed="9.14" length="5.00" type="DEFAULT_CAR" gap="274.13"/>
    <instantOut id="235_D025" time="27558.25" state="stay" vehID="Car_15223" speed="9.14" length="5.00" type="DEFAULT_CAR"/>
    <instantOut id="235_D025" time="27558.50" state="stay" vehID="Car_15223" speed="8.39" length="5.00" type="DEFAULT_CAR"/>
    <instantOut id="235_D025" time="27558.75" state="stay" vehID="Car_15223" speed="7.64" length="5.00" type="DEFAULT_CAR"/>
    <instantOut id="235_D025" time="27558.89" state="leave" vehID="Car_15223" speed="6.89" length="5.00" type="DEFAULT_CAR" occupancy="0.64"/>
    <instantOut id="235_D025" time="27625.75" state="enter" vehID="Car_15677" speed="11.95" length="5.00" type="DEFAULT_CAR" gap="66.87"/>
    <instantOut id="235_D025" time="27626.00" state="stay" vehID="Car_15677" speed="11.95" length="5.00" type="DEFAULT_CAR"/>
    <instantOut id="235_D025" time="27626.18" state="leave" vehID="Car_15677" speed="11.29" length="5.00" type="DEFAULT_CAR" occupancy="0.43"/>
    <instantOut id="235_D025" time="29430.04" state="enter" vehID="Car_17509" speed="7.11" length="5.00" type="DEFAULT_CAR" gap="1803.86"/>
    <instantOut id="235_D025" time="29430.25" state="stay" vehID="Car_17509" speed="7.11" length="5.00" type="DEFAULT_CAR"/>
    <instantOut id="235_D025" time="29430.50" state="stay" vehID="Car_17509" speed="7.67" length="5.00" type="DEFAULT_CAR"/>
    <instantOut id="235_D025" time="29430.69" state="leave" vehID="Car_17509" speed="8.62" length="5.00" type="DEFAULT_CAR" occupancy="0.64"/>
    <instantOut id="235_D025" time="33635.46" state="enter" vehID="Car_20445" speed="9.51" length="5.00" type="DEFAULT_CAR" gap="4204.77"/>
    <instantOut id="235_D025" time="33635.50" state="stay" vehID="Car_20445" speed="9.51" length="5.00" type="DEFAULT_CAR"/>
    <instantOut id="235_D025" time="33635.75" state="stay" vehID="Car_20445" speed="9.20" length="5.00" type="DEFAULT_CAR"/>
    <instantOut id="235_D025" time="33636.00" state="stay" vehID="Car_20445" speed="8.66" length="5.00" type="DEFAULT_CAR"/>
    <instantOut id="235_D025" time="33636.01" state="leave" vehID="Car_20445" speed="7.91" length="5.00" type="DEFAULT_CAR" occupancy="0.56"/>
    <instantOut id="235_D025" time="37008.24" state="enter" vehID="Car_21905" speed="9.67" length="5.00" type="DEFAULT_CAR" gap="3372.22"/>
    <instantOut id="235_D025" time="37008.25" state="stay" vehID="Car_21905" speed="9.67" length="5.00" type="DEFAULT_CAR"/>
    <instantOut id="235_D025" time="37008.50" state="stay" vehID="Car_21905" speed="9.12" length="5.00" type="DEFAULT_CAR"/>
    <instantOut id="235_D025" time="37008.75" state="stay" vehID="Car_21905" speed="8.37" length="5.00" type="DEFAULT_CAR"/>
    <instantOut id="235_D025" time="37008.82" state="leave" vehID="Car_21905" speed="7.62" length="5.00" type="DEFAULT_CAR" occupancy="0.58"/>
    <instantOut id="235_D025" time="38441.94" state="enter" vehID="Car_22025" speed="9.75" length="5.00" type="DEFAULT_CAR" gap="1433.13"/>
    <instantOut id="235_D025" time="38442.00" state="stay" vehID="Car_22025" speed="9.75" length="5.00" type="DEFAULT_CAR"/>
    <instantOut id="235_D025" time="38442.25" state="stay" vehID="Car_22025" speed="9.43" length="5.00" type="DEFAULT_CAR"/>
    <instantOut id="235_D025" time="38442.49" state="leave" vehID="Car_22025" speed="8.76" length="5.00" type="DEFAULT_CAR" occupancy="0.55"/>
    <instantOut id="235_D025" time="45329.98" state="enter" vehID="Car_24680" speed="9.67" length="5.00" type="DEFAULT_CAR" gap="6887.49"/>
    <instantOut id="235_D025" time="45330.00" state="stay" vehID="Car_24680" speed="9.67" length="5.00" type="DEFAULT_CAR"/>
    <instantOut id="235_D025" time="45330.25" state="stay" vehID="Car_24680" speed="10.22" length="5.00" type="DEFAULT_CAR"/>
    <instantOut id="235_D025" time="45330.49" state="leave" vehID="Car_24680" speed="9.47" length="5.00" type="DEFAULT_CAR" occupancy="0.51"/>
</instantE1>
