<?xml version="1.0" encoding="UTF-8"?>

<!-- generated on 2025-03-02 18:13:29 by Eclipse SUMO sumo Version 1.19.0
<configuration xmlns:xsi="http://www.w3.org/2001/XMLSchema-instance" xsi:noNamespaceSchemaLocation="http://sumo.dlr.de/xsd/sumoConfiguration.xsd">

    <input>
        <net-file value="Network.net.xml"/>
        <route-files value="CarRoutes.rou.xml"/>
        <additional-files value="Sensors.add.xml"/>
    </input>

    <output>
        <emission-output value="logs/Emissions.xml"/>
        <summary-output value="logs/Log_summary.xml"/>
        <summary-output.period value="300"/>
        <tripinfo-output value="logs/TripInfos.xml"/>
    </output>

    <time>
        <begin value="0"/>
        <end value="86400"/>
        <step-length value="0.25"/>
    </time>

    <processing>
        <ignore-junction-blocker value="0.1"/>
        <time-to-teleport value="-1"/>
    </processing>

    <report>
        <verbose value="true"/>
        <no-step-log value="true"/>
    </report>

    <emissions>
        <device.emissions.period value="10"/>
    </emissions>

    <traci_server>
        <remote-port value="54644"/>
    </traci_server>

    <gui_only>
        <quit-on-end value="true"/>
        <start value="true"/>
    </gui_only>

</configuration>
-->

<summary xmlns:xsi="http://www.w3.org/2001/XMLSchema-instance" xsi:noNamespaceSchemaLocation="http://sumo.dlr.de/xsd/summary_file.xsd">
    <step time="0.00" loaded="1" inserted="1" running="1" waiting="0" ended="0" arrived="0" collisions="0" teleports="0" halting="1" stopped="0" meanWaitingTime="0.00" meanTravelTime="-1.00" meanSpeed="0.00" meanSpeedRelative="0.00" duration="0"/>
    <step time="300.00" loaded="220" inserted="203" running="95" waiting="17" ended="108" arrived="108" collisions="0" teleports="0" halting="51" stopped="0" meanWaitingTime="14.47" meanTravelTime="77.34" meanSpeed="3.11" meanSpeedRelative="0.22" duration="2"/>
    <step time="600.00" loaded="383" inserted="370" running="74" waiting="13" ended="296" arrived="296" collisions="0" teleports="0" halting="37" stopped="0" meanWaitingTime="17.79" meanTravelTime="114.17" meanSpeed="4.05" meanSpeedRelative="0.29" duration="2"/>
    <step time="900.00" loaded="548" inserted="536" running="63" waiting="12" ended="473" arrived="473" collisions="0" teleports="0" halting="35" stopped="0" meanWaitingTime="15.96" meanTravelTime="112.15" meanSpeed="4.09" meanSpeedRelative="0.29" duration="1"/>
    <step time="1200.00" loaded="724" inserted="708" running="58" waiting="16" ended="650" arrived="650" collisions="0" teleports="0" halting="10" stopped="0" meanWaitingTime="18.25" meanTravelTime="109.32" meanSpeed="7.09" meanSpeedRelative="0.51" duration="1"/>
    <step time="1500.00" loaded="893" inserted="870" running="56" waiting="23" ended="814" arrived="814" collisions="0" teleports="0" halting="21" stopped="0" meanWaitingTime="18.77" meanTravelTime="106.04" meanSpeed="4.37" meanSpeedRelative="0.31" duration="1"/>
    <step time="1800.00" loaded="1065" inserted="1044" running="60" waiting="21" ended="984" arrived="984" collisions="0" teleports="0" halting="21" stopped="0" meanWaitingTime="21.51" meanTravelTime="106.86" meanSpeed="3.73" meanSpeedRelative="0.27" duration="1"/>
    <step time="2100.00" loaded="1234" inserted="1217" running="66" waiting="17" ended="1151" arrived="1151" collisions="0" teleports="0" halting="30" stopped="0" meanWaitingTime="21.95" meanTravelTime="106.14" meanSpeed="4.43" meanSpeedRelative="0.32" duration="2"/>
    <step time="2400.00" loaded="1387" inserted="1370" running="39" waiting="17" ended="1331" arrived="1331" collisions="0" teleports="0" halting="10" stopped="0" meanWaitingTime="21.47" meanTravelTime="106.09" meanSpeed="5.32" meanSpeedRelative="0.38" duration="1"/>
    <step time="2700.00" loaded="1533" inserted="1533" running="62" waiting="0" ended="1471" arrived="1471" collisions="0" teleports="0" halting="16" stopped="0" meanWaitingTime="21.23" meanTravelTime="104.12" meanSpeed="5.62" meanSpeedRelative="0.40" duration="1"/>
    <step time="3000.00" loaded="1702" inserted="1701" running="59" waiting="1" ended="1642" arrived="1642" collisions="0" teleports="0" halting="35" stopped="0" meanWaitingTime="19.53" meanTravelTime="105.24" meanSpeed="2.47" meanSpeedRelative="0.18" duration="1"/>
    <step time="3300.00" loaded="1876" inserted="1862" running="55" waiting="14" ended="1807" arrived="1807" collisions="0" teleports="0" halting="10" stopped="0" meanWaitingTime="19.06" meanTravelTime="105.06" meanSpeed="6.56" meanSpeedRelative="0.48" duration="1"/>
    <step time="3600.00" loaded="2010" inserted="2010" running="45" waiting="0" ended="1965" arrived="1965" collisions="0" teleports="0" halting="12" stopped="0" meanWaitingTime="18.69" meanTravelTime="104.79" meanSpeed="4.32" meanSpeedRelative="0.31" duration="1"/>
    <step time="3900.00" loaded="2178" inserted="2178" running="75" waiting="0" ended="2103" arrived="2103" collisions="0" teleports="0" halting="36" stopped="0" meanWaitingTime="17.38" meanTravelTime="103.88" meanSpeed="3.84" meanSpeedRelative="0.28" duration="2"/>
    <step time="4200.00" loaded="2309" inserted="2309" running="46" waiting="0" ended="2263" arrived="2263" collisions="0" teleports="0" halting="12" stopped="0" meanWaitingTime="17.46" meanTravelTime="105.45" meanSpeed="5.24" meanSpeedRelative="0.38" duration="1"/>
    <step time="4500.00" loaded="2496" inserted="2495" running="71" waiting="1" ended="2424" arrived="2424" collisions="0" teleports="0" halting="30" stopped="0" meanWaitingTime="16.61" meanTravelTime="104.96" meanSpeed="4.25" meanSpeedRelative="0.31" duration="1"/>
    <step time="4800.00" loaded="2656" inserted="2652" running="38" waiting="4" ended="2614" arrived="2614" collisions="0" teleports="0" halting="16" stopped="0" meanWaitingTime="15.89" meanTravelTime="104.41" meanSpeed="4.50" meanSpeedRelative="0.32" duration="0"/>
    <step time="5100.00" loaded="2826" inserted="2816" running="63" waiting="10" ended="2753" arrived="2753" collisions="0" teleports="0" halting="8" stopped="0" meanWaitingTime="16.48" meanTravelTime="103.42" meanSpeed="6.80" meanSpeedRelative="0.49" duration="1"/>
    <step time="5400.00" loaded="2987" inserted="2985" running="58" waiting="2" ended="2927" arrived="2927" collisions="0" teleports="0" halting="12" stopped="0" meanWaitingTime="15.97" meanTravelTime="104.02" meanSpeed="5.76" meanSpeedRelative="0.41" duration="1"/>
    <step time="5700.00" loaded="3177" inserted="3164" running="56" waiting="13" ended="3108" arrived="3108" collisions="0" teleports="0" halting="12" stopped="0" meanWaitingTime="15.30" meanTravelTime="103.82" meanSpeed="5.95" meanSpeedRelative="0.43" duration="1"/>
    <step time="6000.00" loaded="3316" inserted="3311" running="61" waiting="5" ended="3250" arrived="3250" collisions="0" teleports="0" halting="20" stopped="0" meanWaitingTime="15.29" meanTravelTime="104.57" meanSpeed="4.86" meanSpeedRelative="0.35" duration="1"/>
    <step time="6300.00" loaded="3490" inserted="3472" running="70" waiting="18" ended="3402" arrived="3402" collisions="0" teleports="0" halting="29" stopped="0" meanWaitingTime="15.35" meanTravelTime="105.81" meanSpeed="4.23" meanSpeedRelative="0.30" duration="2"/>
    <step time="6600.00" loaded="3655" inserted="3646" running="55" waiting="9" ended="3591" arrived="3591" collisions="0" teleports="0" halting="26" stopped="0" meanWaitingTime="15.51" meanTravelTime="105.65" meanSpeed="4.45" meanSpeedRelative="0.32" duration="1"/>
    <step time="6900.00" loaded="3847" inserted="3830" running="55" waiting="17" ended="3775" arrived="3775" collisions="0" teleports="0" halting="17" stopped="0" meanWaitingTime="15.61" meanTravelTime="105.04" meanSpeed="4.78" meanSpeedRelative="0.34" duration="2"/>
    <step time="7200.00" loaded="4010" inserted="3989" running="51" waiting="21" ended="3938" arrived="3938" collisions="0" teleports="0" halting="15" stopped="0" meanWaitingTime="16.20" meanTravelTime="105.28" meanSpeed="6.34" meanSpeedRelative="0.46" duration="1"/>
    <step time="7500.00" loaded="4164" inserted="4159" running="49" waiting="5" ended="4110" arrived="4110" collisions="0" teleports="0" halting="19" stopped="0" meanWaitingTime="16.82" meanTravelTime="105.23" meanSpeed="5.09" meanSpeedRelative="0.37" duration="1"/>
    <step time="7800.00" loaded="4321" inserted="4310" running="52" waiting="11" ended="4258" arrived="4258" collisions="0" teleports="0" halting="11" stopped="0" meanWaitingTime="16.85" meanTravelTime="104.61" meanSpeed="5.68" meanSpeedRelative="0.41" duration="1"/>
    <step time="8100.00" loaded="4499" inserted="4485" running="47" waiting="14" ended="4438" arrived="4438" collisions="0" teleports="0" halting="18" stopped="0" meanWaitingTime="17.14" meanTravelTime="104.21" meanSpeed="4.59" meanSpeedRelative="0.33" duration="1"/>
    <step time="8400.00" loaded="4691" inserted="4684" running="81" waiting="7" ended="4603" arrived="4603" collisions="0" teleports="0" halting="23" stopped="0" meanWaitingTime="17.09" meanTravelTime="103.57" meanSpeed="5.16" meanSpeedRelative="0.37" duration="2"/>
    <step time="8700.00" loaded="4871" inserted="4865" running="73" waiting="6" ended="4792" arrived="4792" collisions="0" teleports="0" halting="27" stopped="0" meanWaitingTime="16.98" meanTravelTime="104.22" meanSpeed="4.78" meanSpeedRelative="0.34" duration="3"/>
    <step time="9000.00" loaded="5069" inserted="5052" running="67" waiting="17" ended="4985" arrived="4985" collisions="0" teleports="0" halting="22" stopped="0" meanWaitingTime="16.81" meanTravelTime="103.80" meanSpeed="3.43" meanSpeedRelative="0.25" duration="1"/>
    <step time="9300.00" loaded="5263" inserted="5243" running="70" waiting="20" ended="5173" arrived="5173" collisions="0" teleports="0" halting="26" stopped="0" meanWaitingTime="16.85" meanTravelTime="104.21" meanSpeed="5.04" meanSpeedRelative="0.36" duration="1"/>
    <step time="9600.00" loaded="5437" inserted="5427" running="60" waiting="10" ended="5367" arrived="5367" collisions="0" teleports="0" halting="17" stopped="0" meanWaitingTime="17.45" meanTravelTime="104.47" meanSpeed="4.90" meanSpeedRelative="0.35" duration="2"/>
    <step time="9900.00" loaded="5588" inserted="5582" running="44" waiting="6" ended="5538" arrived="5538" collisions="0" teleports="0" halting="16" stopped="0" meanWaitingTime="17.32" meanTravelTime="104.45" meanSpeed="5.50" meanSpeedRelative="0.40" duration="0"/>
    <step time="10200.00" loaded="5761" inserted="5751" running="43" waiting="10" ended="5708" arrived="5708" collisions="0" teleports="0" halting="8" stopped="0" meanWaitingTime="17.33" meanTravelTime="104.37" meanSpeed="4.94" meanSpeedRelative="0.36" duration="1"/>
    <step time="10500.00" loaded="5950" inserted="5936" running="67" waiting="14" ended="5869" arrived="5869" collisions="0" teleports="0" halting="14" stopped="0" meanWaitingTime="17.23" meanTravelTime="104.18" meanSpeed="5.80" meanSpeedRelative="0.42" duration="2"/>
    <step time="10800.00" loaded="6129" inserted="6122" running="68" waiting="7" ended="6054" arrived="6054" collisions="0" teleports="0" halting="9" stopped="0" meanWaitingTime="17.27" meanTravelTime="104.68" meanSpeed="6.20" meanSpeedRelative="0.45" duration="1"/>
    <step time="11100.00" loaded="6323" inserted="6296" running="46" waiting="27" ended="6250" arrived="6250" collisions="0" teleports="0" halting="20" stopped="0" meanWaitingTime="17.22" meanTravelTime="104.71" meanSpeed="3.99" meanSpeedRelative="0.29" duration="1"/>
    <step time="11400.00" loaded="6514" inserted="6476" running="59" waiting="38" ended="6417" arrived="6417" collisions="0" teleports="0" halting="17" stopped="0" meanWaitingTime="17.78" meanTravelTime="104.18" meanSpeed="5.37" meanSpeedRelative="0.39" duration="1"/>
    <step time="11700.00" loaded="6669" inserted="6652" running="54" waiting="17" ended="6598" arrived="6598" collisions="0" teleports="0" halting="15" stopped="0" meanWaitingTime="19.16" meanTravelTime="103.53" meanSpeed="4.48" meanSpeedRelative="0.32" duration="2"/>
    <step time="12000.00" loaded="6860" inserted="6853" running="67" waiting="7" ended="6786" arrived="6786" collisions="0" teleports="0" halting="14" stopped="0" meanWaitingTime="19.18" meanTravelTime="103.24" meanSpeed="5.16" meanSpeedRelative="0.37" duration="1"/>
    <step time="12300.00" loaded="7043" inserted="7041" running="67" waiting="2" ended="6974" arrived="6974" collisions="0" teleports="0" halting="28" stopped="0" meanWaitingTime="18.98" meanTravelTime="103.13" meanSpeed="4.46" meanSpeedRelative="0.32" duration="1"/>
    <step time="12600.00" loaded="7222" inserted="7200" running="51" waiting="22" ended="7149" arrived="7149" collisions="0" teleports="0" halting="23" stopped="0" meanWaitingTime="18.82" meanTravelTime="103.09" meanSpeed="3.99" meanSpeedRelative="0.29" duration="2"/>
    <step time="12900.00" loaded="7393" inserted="7376" running="56" waiting="17" ended="7320" arrived="7320" collisions="0" teleports="0" halting="20" stopped="0" meanWaitingTime="19.06" meanTravelTime="102.75" meanSpeed="4.33" meanSpeedRelative="0.31" duration="1"/>
    <step time="13200.00" loaded="7571" inserted="7551" running="74" waiting="20" ended="7477" arrived="7477" collisions="0" teleports="0" halting="31" stopped="0" meanWaitingTime="19.25" meanTravelTime="102.62" meanSpeed="4.39" meanSpeedRelative="0.32" duration="2"/>
    <step time="13500.00" loaded="7753" inserted="7749" running="66" waiting="4" ended="7683" arrived="7683" collisions="0" teleports="0" halting="18" stopped="0" meanWaitingTime="19.21" meanTravelTime="102.72" meanSpeed="4.78" meanSpeedRelative="0.34" duration="1"/>
    <step time="13800.00" loaded="7954" inserted="7944" running="86" waiting="10" ended="7858" arrived="7858" collisions="0" teleports="0" halting="24" stopped="0" meanWaitingTime="19.29" meanTravelTime="102.55" meanSpeed="4.99" meanSpeedRelative="0.36" duration="2"/>
    <step time="14100.00" loaded="8126" inserted="8123" running="83" waiting="3" ended="8040" arrived="8040" collisions="0" teleports="0" halting="26" stopped="0" meanWaitingTime="19.14" meanTravelTime="103.08" meanSpeed="3.70" meanSpeedRelative="0.27" duration="2"/>
    <step time="14400.00" loaded="8278" inserted="8255" running="63" waiting="23" ended="8192" arrived="8192" collisions="0" teleports="0" halting="13" stopped="0" meanWaitingTime="19.33" meanTravelTime="103.94" meanSpeed="4.74" meanSpeedRelative="0.34" duration="1"/>
    <step time="14700.00" loaded="8482" inserted="8457" running="71" waiting="25" ended="8386" arrived="8386" collisions="0" teleports="0" halting="20" stopped="0" meanWaitingTime="19.57" meanTravelTime="104.38" meanSpeed="5.07" meanSpeedRelative="0.37" duration="1"/>
    <step time="15000.00" loaded="8646" inserted="8642" running="85" waiting="4" ended="8557" arrived="8557" collisions="0" teleports="0" halting="27" stopped="0" meanWaitingTime="19.79" meanTravelTime="104.61" meanSpeed="5.88" meanSpeedRelative="0.42" duration="1"/>
    <step time="15300.00" loaded="8814" inserted="8796" running="50" waiting="18" ended="8746" arrived="8746" collisions="0" teleports="0" halting="12" stopped="0" meanWaitingTime="19.74" meanTravelTime="104.78" meanSpeed="5.88" meanSpeedRelative="0.42" duration="1"/>
    <step time="15600.00" loaded="8986" inserted="8986" running="77" waiting="0" ended="8909" arrived="8909" collisions="0" teleports="0" halting="27" stopped="0" meanWaitingTime="19.93" meanTravelTime="104.48" meanSpeed="5.31" meanSpeedRelative="0.38" duration="1"/>
    <step time="15900.00" loaded="9186" inserted="9186" running="72" waiting="0" ended="9114" arrived="9114" collisions="0" teleports="0" halting="30" stopped="0" meanWaitingTime="19.69" meanTravelTime="104.43" meanSpeed="4.50" meanSpeedRelative="0.32" duration="1"/>
    <step time="16200.00" loaded="9387" inserted="9375" running="49" waiting="12" ended="9326" arrived="9326" collisions="0" teleports="0" halting="15" stopped="0" meanWaitingTime="19.59" meanTravelTime="104.11" meanSpeed="5.22" meanSpeedRelative="0.38" duration="1"/>
    <step time="16500.00" loaded="9565" inserted="9563" running="69" waiting="2" ended="9494" arrived="9494" collisions="0" teleports="0" halting="19" stopped="0" meanWaitingTime="19.45" meanTravelTime="103.75" meanSpeed="5.60" meanSpeedRelative="0.40" duration="2"/>
    <step time="16800.00" loaded="9770" inserted="9752" running="93" waiting="18" ended="9659" arrived="9659" collisions="0" teleports="0" halting="33" stopped="0" meanWaitingTime="19.47" meanTravelTime="104.04" meanSpeed="3.44" meanSpeedRelative="0.25" duration="1"/>
    <step time="17100.00" loaded="9948" inserted="9926" running="52" waiting="22" ended="9874" arrived="9874" collisions="0" teleports="0" halting="17" stopped="0" meanWaitingTime="19.63" meanTravelTime="104.87" meanSpeed="4.75" meanSpeedRelative="0.34" duration="0"/>
    <step time="17400.00" loaded="10144" inserted="10119" running="66" waiting="25" ended="10053" arrived="10053" collisions="0" teleports="0" halting="23" stopped="0" meanWaitingTime="19.93" meanTravelTime="104.79" meanSpeed="5.29" meanSpeedRelative="0.38" duration="1"/>
    <step time="17700.00" loaded="10323" inserted="10298" running="52" waiting="25" ended="10246" arrived="10246" collisions="0" teleports="0" halting="19" stopped="0" meanWaitingTime="20.31" meanTravelTime="104.80" meanSpeed="4.94" meanSpeedRelative="0.36" duration="1"/>
    <step time="18000.00" loaded="10495" inserted="10471" running="65" waiting="24" ended="10406" arrived="10406" collisions="0" teleports="0" halting="22" stopped="0" meanWaitingTime="20.71" meanTravelTime="104.69" meanSpeed="5.30" meanSpeedRelative="0.38" duration="2"/>
    <step time="18300.00" loaded="10707" inserted="10668" running="71" waiting="39" ended="10597" arrived="10597" collisions="0" teleports="0" halting="42" stopped="0" meanWaitingTime="21.19" meanTravelTime="104.88" meanSpeed="3.36" meanSpeedRelative="0.24" duration="1"/>
    <step time="18600.00" loaded="10871" inserted="10829" running="69" waiting="42" ended="10760" arrived="10760" collisions="0" teleports="0" halting="19" stopped="0" meanWaitingTime="21.82" meanTravelTime="105.27" meanSpeed="5.06" meanSpeedRelative="0.36" duration="1"/>
    <step time="18900.00" loaded="11066" inserted="11013" running="82" waiting="53" ended="10931" arrived="10931" collisions="0" teleports="0" halting="21" stopped="0" meanWaitingTime="22.56" meanTravelTime="105.39" meanSpeed="5.53" meanSpeedRelative="0.40" duration="1"/>
    <step time="19200.00" loaded="11250" inserted="11216" running="69" waiting="34" ended="11147" arrived="11147" collisions="0" teleports="0" halting="14" stopped="0" meanWaitingTime="23.52" meanTravelTime="105.50" meanSpeed="6.07" meanSpeedRelative="0.44" duration="1"/>
    <step time="19500.00" loaded="11470" inserted="11438" running="89" waiting="32" ended="11349" arrived="11349" collisions="0" teleports="0" halting="35" stopped="0" meanWaitingTime="24.02" meanTravelTime="105.50" meanSpeed="3.19" meanSpeedRelative="0.23" duration="2"/>
    <step time="19800.00" loaded="11656" inserted="11619" running="73" waiting="37" ended="11546" arrived="11546" collisions="0" teleports="0" halting="28" stopped="0" meanWaitingTime="24.46" meanTravelTime="105.66" meanSpeed="3.81" meanSpeedRelative="0.27" duration="1"/>
    <step time="20100.00" loaded="11862" inserted="11833" running="92" waiting="29" ended="11741" arrived="11741" collisions="0" teleports="0" halting="35" stopped="0" meanWaitingTime="25.08" meanTravelTime="105.85" meanSpeed="5.35" meanSpeedRelative="0.39" duration="2"/>
    <step time="20400.00" loaded="12037" inserted="12016" running="68" waiting="21" ended="11948" arrived="11948" collisions="0" teleports="0" halting="26" stopped="0" meanWaitingTime="25.50" meanTravelTime="105.79" meanSpeed="5.04" meanSpeedRelative="0.36" duration="1"/>
    <step time="20700.00" loaded="12216" inserted="12207" running="61" waiting="9" ended="12146" arrived="12146" collisions="0" teleports="0" halting="20" stopped="0" meanWaitingTime="25.69" meanTravelTime="105.65" meanSpeed="5.11" meanSpeedRelative="0.37" duration="1"/>
    <step time="21000.00" loaded="12408" inserted="12396" running="54" waiting="12" ended="12342" arrived="12342" collisions="0" teleports="0" halting="34" stopped="0" meanWaitingTime="25.59" meanTravelTime="105.54" meanSpeed="3.10" meanSpeedRelative="0.22" duration="2"/>
    <step time="21300.00" loaded="12586" inserted="12585" running="79" waiting="1" ended="12506" arrived="12506" collisions="0" teleports="0" halting="21" stopped="0" meanWaitingTime="25.41" meanTravelTime="105.52" meanSpeed="5.10" meanSpeedRelative="0.37" duration="1"/>
    <step time="21600.00" loaded="12807" inserted="12799" running="85" waiting="8" ended="12714" arrived="12714" collisions="0" teleports="0" halting="11" stopped="0" meanWaitingTime="25.12" meanTravelTime="105.59" meanSpeed="5.68" meanSpeedRelative="0.41" duration="2"/>
    <step time="21900.00" loaded="13007" inserted="12996" running="78" waiting="11" ended="12918" arrived="12918" collisions="0" teleports="0" halting="26" stopped="0" meanWaitingTime="24.84" meanTravelTime="105.74" meanSpeed="4.93" meanSpeedRelative="0.36" duration="1"/>
    <step time="22200.00" loaded="13206" inserted="13195" running="63" waiting="11" ended="13132" arrived="13132" collisions="0" teleports="0" halting="12" stopped="0" meanWaitingTime="24.68" meanTravelTime="105.58" meanSpeed="6.59" meanSpeedRelative="0.47" duration="1"/>
    <step time="22500.00" loaded="13388" inserted="13351" running="50" waiting="37" ended="13301" arrived="13301" collisions="0" teleports="0" halting="12" stopped="0" meanWaitingTime="24.61" meanTravelTime="105.59" meanSpeed="4.69" meanSpeedRelative="0.34" duration="1"/>
    <step time="22800.00" loaded="13597" inserted="13583" running="82" waiting="14" ended="13501" arrived="13501" collisions="0" teleports="0" halting="43" stopped="0" meanWaitingTime="24.76" meanTravelTime="105.57" meanSpeed="2.71" meanSpeedRelative="0.19" duration="2"/>
    <step time="23100.00" loaded="13782" inserted="13761" running="86" waiting="21" ended="13675" arrived="13675" collisions="0" teleports="0" halting="31" stopped="0" meanWaitingTime="24.88" meanTravelTime="105.82" meanSpeed="4.63" meanSpeedRelative="0.33" duration="2"/>
    <step time="23400.00" loaded="13985" inserted="13955" running="64" waiting="30" ended="13891" arrived="13891" collisions="0" teleports="0" halting="25" stopped="0" meanWaitingTime="25.03" meanTravelTime="105.82" meanSpeed="3.51" meanSpeedRelative="0.25" duration="1"/>
    <step time="23700.00" loaded="14224" inserted="14179" running="84" waiting="45" ended="14095" arrived="14095" collisions="0" teleports="0" halting="33" stopped="0" meanWaitingTime="25.26" meanTravelTime="105.91" meanSpeed="3.63" meanSpeedRelative="0.26" duration="1"/>
    <step time="24000.00" loaded="14405" inserted="14368" running="64" waiting="37" ended="14304" arrived="14304" collisions="0" teleports="0" halting="17" stopped="0" meanWaitingTime="25.65" meanTravelTime="106.12" meanSpeed="5.57" meanSpeedRelative="0.40" duration="1"/>
    <step time="24300.00" loaded="14614" inserted="14574" running="78" waiting="40" ended="14496" arrived="14496" collisions="0" teleports="0" halting="49" stopped="0" meanWaitingTime="26.07" meanTravelTime="106.14" meanSpeed="2.82" meanSpeedRelative="0.20" duration="2"/>
    <step time="24600.00" loaded="14850" inserted="14801" running="105" waiting="49" ended="14696" arrived="14696" collisions="0" teleports="0" halting="59" stopped="0" meanWaitingTime="26.52" meanTravelTime="106.02" meanSpeed="2.87" meanSpeedRelative="0.21" duration="3"/>
    <step time="24900.00" loaded="15073" inserted="15011" running="74" waiting="62" ended="14937" arrived="14937" collisions="0" teleports="0" halting="37" stopped="0" meanWaitingTime="27.17" meanTravelTime="106.23" meanSpeed="3.26" meanSpeedRelative="0.23" duration="2"/>
    <step time="25200.00" loaded="15280" inserted="15214" running="87" waiting="66" ended="15127" arrived="15127" collisions="0" teleports="0" halting="28" stopped="0" meanWaitingTime="27.81" meanTravelTime="106.28" meanSpeed="4.62" meanSpeedRelative="0.33" duration="1"/>
    <step time="25500.00" loaded="15459" inserted="15421" running="75" waiting="38" ended="15346" arrived="15346" collisions="0" teleports="0" halting="28" stopped="0" meanWaitingTime="28.63" meanTravelTime="106.73" meanSpeed="4.47" meanSpeedRelative="0.32" duration="1"/>
    <step time="25800.00" loaded="15703" inserted="15665" running="77" waiting="38" ended="15588" arrived="15588" collisions="0" teleports="0" halting="31" stopped="0" meanWaitingTime="29.00" meanTravelTime="106.81" meanSpeed="4.13" meanSpeedRelative="0.30" duration="1"/>
    <step time="26100.00" loaded="15924" inserted="15896" running="81" waiting="28" ended="15815" arrived="15815" collisions="0" teleports="0" halting="28" stopped="0" meanWaitingTime="29.33" meanTravelTime="106.75" meanSpeed="4.02" meanSpeedRelative="0.29" duration="1"/>
    <step time="26400.00" loaded="16125" inserted="16084" running="77" waiting="41" ended="16007" arrived="16007" collisions="0" teleports="0" halting="55" stopped="0" meanWaitingTime="29.59" meanTravelTime="106.74" meanSpeed="1.75" meanSpeedRelative="0.13" duration="1"/>
    <step time="26700.00" loaded="16345" inserted="16318" running="92" waiting="27" ended="16226" arrived="16226" collisions="0" teleports="0" halting="37" stopped="0" meanWaitingTime="29.97" meanTravelTime="106.69" meanSpeed="3.88" meanSpeedRelative="0.28" duration="1"/>
    <step time="27000.00" loaded="16580" inserted="16511" running="100" waiting="69" ended="16411" arrived="16411" collisions="0" teleports="0" halting="31" stopped="0" meanWaitingTime="30.31" meanTravelTime="106.90" meanSpeed="6.06" meanSpeedRelative="0.44" duration="1"/>
    <step time="27300.00" loaded="16814" inserted="16753" running="105" waiting="61" ended="16648" arrived="16648" collisions="0" teleports="0" halting="52" stopped="0" meanWaitingTime="30.93" meanTravelTime="106.92" meanSpeed="3.68" meanSpeedRelative="0.26" duration="2"/>
    <step time="27600.00" loaded="17018" inserted="16970" running="97" waiting="48" ended="16873" arrived="16873" collisions="0" teleports="0" halting="61" stopped="0" meanWaitingTime="31.46" meanTravelTime="107.27" meanSpeed="2.59" meanSpeedRelative="0.19" duration="2"/>
    <step time="27900.00" loaded="17241" inserted="17204" running="66" waiting="37" ended="17138" arrived="17138" collisions="0" teleports="0" halting="10" stopped="0" meanWaitingTime="31.75" meanTravelTime="107.45" meanSpeed="5.56" meanSpeedRelative="0.40" duration="2"/>
    <step time="28200.00" loaded="17472" inserted="17433" running="69" waiting="39" ended="17364" arrived="17364" collisions="0" teleports="0" halting="17" stopped="0" meanWaitingTime="31.94" meanTravelTime="107.32" meanSpeed="5.07" meanSpeedRelative="0.37" duration="1"/>
    <step time="28500.00" loaded="17681" inserted="17641" running="74" waiting="40" ended="17567" arrived="17567" collisions="0" teleports="0" halting="32" stopped="0" meanWaitingTime="32.37" meanTravelTime="107.21" meanSpeed="4.38" meanSpeedRelative="0.32" duration="2"/>
    <step time="28800.00" loaded="17897" inserted="17857" running="79" waiting="40" ended="17778" arrived="17778" collisions="0" teleports="0" halting="37" stopped="0" meanWaitingTime="32.56" meanTravelTime="107.21" meanSpeed="3.14" meanSpeedRelative="0.23" duration="2"/>
    <step time="29100.00" loaded="18122" inserted="18080" running="90" waiting="42" ended="17990" arrived="17990" collisions="0" teleports="0" halting="39" stopped="0" meanWaitingTime="32.72" meanTravelTime="107.50" meanSpeed="3.12" meanSpeedRelative="0.22" duration="1"/>
    <step time="29400.00" loaded="18338" inserted="18285" running="101" waiting="53" ended="18184" arrived="18184" collisions="0" teleports="0" halting="36" stopped="0" meanWaitingTime="33.01" meanTravelTime="107.61" meanSpeed="3.91" meanSpeedRelative="0.28" duration="1"/>
    <step time="29700.00" loaded="18529" inserted="18490" running="67" waiting="39" ended="18423" arrived="18423" collisions="0" teleports="0" halting="18" stopped="0" meanWaitingTime="33.23" meanTravelTime="108.14" meanSpeed="4.68" meanSpeedRelative="0.34" duration="1"/>
    <step time="30000.00" loaded="18709" inserted="18673" running="45" waiting="36" ended="18628" arrived="18628" collisions="0" teleports="0" halting="21" stopped="0" meanWaitingTime="33.51" meanTravelTime="108.19" meanSpeed="4.73" meanSpeedRelative="0.34" duration="1"/>
    <step time="30300.00" loaded="18914" inserted="18875" running="74" waiting="39" ended="18801" arrived="18801" collisions="0" teleports="0" halting="36" stopped="0" meanWaitingTime="33.82" meanTravelTime="108.00" meanSpeed="3.46" meanSpeedRelative="0.25" duration="1"/>
    <step time="30600.00" loaded="19144" inserted="19099" running="80" waiting="45" ended="19019" arrived="19019" collisions="0" teleports="0" halting="27" stopped="0" meanWaitingTime="34.11" meanTravelTime="107.98" meanSpeed="5.58" meanSpeedRelative="0.40" duration="2"/>
    <step time="30900.00" loaded="19369" inserted="19319" running="80" waiting="50" ended="19239" arrived="19239" collisions="0" teleports="0" halting="19" stopped="0" meanWaitingTime="34.38" meanTravelTime="107.83" meanSpeed="4.45" meanSpeedRelative="0.32" duration="2"/>
    <step time="31200.00" loaded="19550" inserted="19497" running="56" waiting="53" ended="19441" arrived="19441" collisions="0" teleports="0" halting="22" stopped="0" meanWaitingTime="34.59" meanTravelTime="107.92" meanSpeed="4.87" meanSpeedRelative="0.35" duration="1"/>
    <step time="31500.00" loaded="19734" inserted="19683" running="77" waiting="51" ended="19606" arrived="19606" collisions="0" teleports="0" halting="39" stopped="0" meanWaitingTime="34.99" meanTravelTime="108.00" meanSpeed="3.55" meanSpeedRelative="0.26" duration="1"/>
    <step time="31800.00" loaded="19900" inserted="19844" running="64" waiting="56" ended="19780" arrived="19780" collisions="0" teleports="0" halting="20" stopped="0" meanWaitingTime="35.30" meanTravelTime="108.18" meanSpeed="5.33" meanSpeedRelative="0.38" duration="1"/>
    <step time="32100.00" loaded="20080" inserted="20028" running="67" waiting="52" ended="19961" arrived="19961" collisions="0" teleports="0" halting="31" stopped="0" meanWaitingTime="36.00" meanTravelTime="108.05" meanSpeed="3.99" meanSpeedRelative="0.29" duration="1"/>
    <step time="32400.00" loaded="20257" inserted="20187" running="40" waiting="70" ended="20147" arrived="20147" collisions="0" teleports="0" halting="22" stopped="0" meanWaitingTime="36.23" meanTravelTime="107.97" meanSpeed="3.66" meanSpeedRelative="0.26" duration="1"/>
    <step time="32700.00" loaded="20438" inserted="20381" running="75" waiting="57" ended="20306" arrived="20306" collisions="0" teleports="0" halting="10" stopped="0" meanWaitingTime="36.85" meanTravelTime="107.80" meanSpeed="6.38" meanSpeedRelative="0.46" duration="0"/>
    <step time="33000.00" loaded="20612" inserted="20556" running="57" waiting="56" ended="20499" arrived="20499" collisions="0" teleports="0" halting="14" stopped="0" meanWaitingTime="37.35" meanTravelTime="107.89" meanSpeed="6.05" meanSpeedRelative="0.44" duration="1"/>
    <step time="33300.00" loaded="20746" inserted="20678" running="45" waiting="68" ended="20633" arrived="20633" collisions="0" teleports="0" halting="13" stopped="0" meanWaitingTime="37.57" meanTravelTime="107.85" meanSpeed="5.33" meanSpeedRelative="0.38" duration="1"/>
    <step time="33600.00" loaded="20942" inserted="20875" running="72" waiting="67" ended="20803" arrived="20803" collisions="0" teleports="0" halting="32" stopped="0" meanWaitingTime="38.50" meanTravelTime="107.78" meanSpeed="4.39" meanSpeedRelative="0.32" duration="1"/>
    <step time="33900.00" loaded="21102" inserted="21028" running="50" waiting="74" ended="20978" arrived="20978" collisions="0" teleports="0" halting="20" stopped="0" meanWaitingTime="39.01" meanTravelTime="107.68" meanSpeed="4.36" meanSpeedRelative="0.31" duration="1"/>
    <step time="34200.00" loaded="21271" inserted="21201" running="64" waiting="70" ended="21137" arrived="21137" collisions="0" teleports="0" halting="25" stopped="0" meanWaitingTime="39.82" meanTravelTime="107.60" meanSpeed="5.13" meanSpeedRelative="0.37" duration="1"/>
    <step time="34500.00" loaded="21448" inserted="21357" running="52" waiting="91" ended="21305" arrived="21305" collisions="0" teleports="0" halting="14" stopped="0" meanWaitingTime="40.29" meanTravelTime="107.59" meanSpeed="5.54" meanSpeedRelative="0.40" duration="1"/>
    <step time="34800.00" loaded="21610" inserted="21530" running="54" waiting="80" ended="21476" arrived="21476" collisions="0" teleports="0" halting="20" stopped="0" meanWaitingTime="41.15" meanTravelTime="107.50" meanSpeed="4.72" meanSpeedRelative="0.34" duration="1"/>
    <step time="35100.00" loaded="21745" inserted="21677" running="43" waiting="68" ended="21634" arrived="21634" collisions="0" teleports="0" halting="5" stopped="0" meanWaitingTime="42.14" meanTravelTime="107.43" meanSpeed="7.97" meanSpeedRelative="0.57" duration="1"/>
    <step time="35400.00" loaded="21884" inserted="21811" running="47" waiting="73" ended="21764" arrived="21764" collisions="0" teleports="0" halting="4" stopped="0" meanWaitingTime="42.53" meanTravelTime="107.32" meanSpeed="7.36" meanSpeedRelative="0.53" duration="1"/>
    <step time="35700.00" loaded="22025" inserted="21957" running="47" waiting="68" ended="21910" arrived="21910" collisions="0" teleports="0" halting="18" stopped="0" meanWaitingTime="43.32" meanTravelTime="107.30" meanSpeed="5.40" meanSpeedRelative="0.39" duration="1"/>
    <step time="36000.00" loaded="22186" inserted="22135" running="42" waiting="51" ended="22093" arrived="22093" collisions="0" teleports="0" halting="9" stopped="0" meanWaitingTime="44.17" meanTravelTime="107.11" meanSpeed="4.41" meanSpeedRelative="0.32" duration="1"/>
    <step time="36300.00" loaded="22360" inserted="22293" running="61" waiting="67" ended="22232" arrived="22232" collisions="0" teleports="0" halting="24" stopped="0" meanWaitingTime="44.71" meanTravelTime="106.97" meanSpeed="4.83" meanSpeedRelative="0.35" duration="1"/>
    <step time="36600.00" loaded="22510" inserted="22446" running="43" waiting="64" ended="22403" arrived="22403" collisions="0" teleports="0" halting="7" stopped="0" meanWaitingTime="45.23" meanTravelTime="106.91" meanSpeed="6.02" meanSpeedRelative="0.43" duration="1"/>
    <step time="36900.00" loaded="22649" inserted="22591" running="44" waiting="58" ended="22547" arrived="22547" collisions="0" teleports="0" halting="16" stopped="0" meanWaitingTime="45.79" meanTravelTime="106.83" meanSpeed="5.75" meanSpeedRelative="0.41" duration="1"/>
    <step time="37200.00" loaded="22771" inserted="22713" running="36" waiting="58" ended="22677" arrived="22677" collisions="0" teleports="0" halting="15" stopped="0" meanWaitingTime="46.05" meanTravelTime="106.73" meanSpeed="4.32" meanSpeedRelative="0.31" duration="0"/>
    <step time="37500.00" loaded="22911" inserted="22840" running="47" waiting="71" ended="22793" arrived="22793" collisions="0" teleports="0" halting="10" stopped="0" meanWaitingTime="46.62" meanTravelTime="106.74" meanSpeed="6.71" meanSpeedRelative="0.48" duration="1"/>
    <step time="37800.00" loaded="23067" inserted="22991" running="43" waiting="76" ended="22948" arrived="22948" collisions="0" teleports="0" halting="16" stopped="0" meanWaitingTime="47.33" meanTravelTime="106.66" meanSpeed="6.45" meanSpeedRelative="0.46" duration="1"/>
    <step time="38100.00" loaded="23214" inserted="23126" running="30" waiting="88" ended="23096" arrived="23096" collisions="0" teleports="0" halting="11" stopped="0" meanWaitingTime="47.67" meanTravelTime="106.49" meanSpeed="6.12" meanSpeedRelative="0.44" duration="0"/>
    <step time="38400.00" loaded="23341" inserted="23272" running="47" waiting="69" ended="23225" arrived="23225" collisions="0" teleports="0" halting="18" stopped="0" meanWaitingTime="48.65" meanTravelTime="106.33" meanSpeed="5.33" meanSpeedRelative="0.38" duration="1"/>
    <step time="38700.00" loaded="23441" inserted="23386" running="41" waiting="55" ended="23345" arrived="23345" collisions="0" teleports="0" halting="17" stopped="0" meanWaitingTime="49.18" meanTravelTime="106.28" meanSpeed="4.30" meanSpeedRelative="0.31" duration="1"/>
    <step time="39000.00" loaded="23547" inserted="23470" running="25" waiting="77" ended="23445" arrived="23445" collisions="0" teleports="0" halting="9" stopped="0" meanWaitingTime="49.77" meanTravelTime="106.27" meanSpeed="5.95" meanSpeedRelative="0.43" duration="0"/>
    <step time="39300.00" loaded="23672" inserted="23585" running="32" waiting="87" ended="23553" arrived="23553" collisions="0" teleports="0" halting="9" stopped="0" meanWaitingTime="50.53" meanTravelTime="106.17" meanSpeed="4.95" meanSpeedRelative="0.36" duration="0"/>
    <step time="39600.00" loaded="23785" inserted="23708" running="39" waiting="77" ended="23669" arrived="23669" collisions="0" teleports="0" halting="19" stopped="0" meanWaitingTime="51.30" meanTravelTime="106.11" meanSpeed="3.99" meanSpeedRelative="0.29" duration="1"/>
    <step time="39900.00" loaded="23905" inserted="23807" running="35" waiting="98" ended="23772" arrived="23772" collisions="0" teleports="0" halting="25" stopped="0" meanWaitingTime="51.69" meanTravelTime="106.10" meanSpeed="2.83" meanSpeedRelative="0.20" duration="0"/>
    <step time="40200.00" loaded="23997" inserted="23902" running="40" waiting="95" ended="23862" arrived="23862" collisions="0" teleports="0" halting="18" stopped="0" meanWaitingTime="52.63" meanTravelTime="106.16" meanSpeed="3.87" meanSpeedRelative="0.28" duration="1"/>
    <step time="40500.00" loaded="24097" inserted="24013" running="41" waiting="84" ended="23972" arrived="23972" collisions="0" teleports="0" halting="9" stopped="0" meanWaitingTime="53.65" meanTravelTime="106.16" meanSpeed="5.83" meanSpeedRelative="0.42" duration="0"/>
    <step time="40800.00" loaded="24206" inserted="24102" running="39" waiting="104" ended="24063" arrived="24063" collisions="0" teleports="0" halting="27" stopped="0" meanWaitingTime="54.73" meanTravelTime="106.19" meanSpeed="1.97" meanSpeedRelative="0.14" duration="0"/>
    <step time="41100.00" loaded="24286" inserted="24180" running="24" waiting="106" ended="24156" arrived="24156" collisions="0" teleports="0" halting="6" stopped="0" meanWaitingTime="55.43" meanTravelTime="106.29" meanSpeed="6.85" meanSpeedRelative="0.49" duration="1"/>
    <step time="41400.00" loaded="24350" inserted="24288" running="29" waiting="62" ended="24259" arrived="24259" collisions="0" teleports="0" halting="12" stopped="0" meanWaitingTime="56.75" meanTravelTime="106.30" meanSpeed="3.62" meanSpeedRelative="0.26" duration="1"/>
    <step time="41700.00" loaded="24450" inserted="24379" running="50" waiting="71" ended="24329" arrived="24329" collisions="0" teleports="0" halting="24" stopped="0" meanWaitingTime="57.75" meanTravelTime="106.29" meanSpeed="4.05" meanSpeedRelative="0.29" duration="1"/>
    <step time="42000.00" loaded="24528" inserted="24454" running="29" waiting="74" ended="24425" arrived="24425" collisions="0" teleports="0" halting="7" stopped="0" meanWaitingTime="58.51" meanTravelTime="106.39" meanSpeed="6.61" meanSpeedRelative="0.48" duration="0"/>
    <step time="42300.00" loaded="24631" inserted="24558" running="25" waiting="73" ended="24533" arrived="24533" collisions="0" teleports="0" halting="9" stopped="0" meanWaitingTime="59.18" meanTravelTime="106.34" meanSpeed="4.46" meanSpeedRelative="0.32" duration="1"/>
    <step time="42600.00" loaded="24747" inserted="24631" running="22" waiting="116" ended="24609" arrived="24609" collisions="0" teleports="0" halting="7" stopped="0" meanWaitingTime="59.45" meanTravelTime="106.33" meanSpeed="6.88" meanSpeedRelative="0.50" duration="1"/>
    <step time="42900.00" loaded="24846" inserted="24736" running="42" waiting="110" ended="24694" arrived="24694" collisions="0" teleports="0" halting="9" stopped="0" meanWaitingTime="60.59" meanTravelTime="106.29" meanSpeed="6.72" meanSpeedRelative="0.48" duration="0"/>
    <step time="43200.00" loaded="24944" inserted="24815" running="27" waiting="129" ended="24788" arrived="24788" collisions="0" teleports="0" halting="12" stopped="0" meanWaitingTime="61.21" meanTravelTime="106.28" meanSpeed="5.25" meanSpeedRelative="0.38" duration="0"/>
    <step time="43500.00" loaded="25022" inserted="24890" running="31" waiting="132" ended="24859" arrived="24859" collisions="0" teleports="0" halting="7" stopped="0" meanWaitingTime="61.96" meanTravelTime="106.35" meanSpeed="6.84" meanSpeedRelative="0.49" duration="0"/>
    <step time="43800.00" loaded="25121" inserted="24984" running="48" waiting="137" ended="24936" arrived="24936" collisions="0" teleports="0" halting="30" stopped="0" meanWaitingTime="63.85" meanTravelTime="106.34" meanSpeed="3.60" meanSpeedRelative="0.26" duration="1"/>
    <step time="44100.00" loaded="25224" inserted="25088" running="56" waiting="136" ended="25032" arrived="25032" collisions="0" teleports="0" halting="31" stopped="0" meanWaitingTime="65.39" meanTravelTime="106.46" meanSpeed="3.03" meanSpeedRelative="0.22" duration="1"/>
    <step time="44400.00" loaded="25335" inserted="25171" running="55" waiting="164" ended="25116" arrived="25116" collisions="0" teleports="0" halting="35" stopped="0" meanWaitingTime="66.44" meanTravelTime="106.52" meanSpeed="2.43" meanSpeedRelative="0.18" duration="1"/>
    <step time="44700.00" loaded="25435" inserted="25249" running="20" waiting="186" ended="25229" arrived="25229" collisions="0" teleports="0" halting="1" stopped="0" meanWaitingTime="67.94" meanTravelTime="106.90" meanSpeed="6.91" meanSpeedRelative="0.50" duration="0"/>
    <step time="45000.00" loaded="25541" inserted="25344" running="42" waiting="197" ended="25302" arrived="25302" collisions="0" teleports="0" halting="10" stopped="0" meanWaitingTime="69.75" meanTravelTime="106.88" meanSpeed="4.16" meanSpeedRelative="0.30" duration="1"/>
    <step time="45300.00" loaded="25627" inserted="25439" running="43" waiting="188" ended="25396" arrived="25396" collisions="0" teleports="0" halting="11" stopped="0" meanWaitingTime="71.46" meanTravelTime="107.02" meanSpeed="5.52" meanSpeedRelative="0.40" duration="0"/>
    <step time="45600.00" loaded="25709" inserted="25521" running="27" waiting="188" ended="25494" arrived="25494" collisions="0" teleports="0" halting="12" stopped="0" meanWaitingTime="72.80" meanTravelTime="107.09" meanSpeed="4.62" meanSpeedRelative="0.33" duration="0"/>
    <step time="45900.00" loaded="25794" inserted="25597" running="30" waiting="197" ended="25567" arrived="25567" collisions="0" teleports="0" halting="17" stopped="0" meanWaitingTime="74.75" meanTravelTime="107.06" meanSpeed="4.51" meanSpeedRelative="0.32" duration="0"/>
    <step time="46200.00" loaded="25874" inserted="25670" running="47" waiting="204" ended="25623" arrived="25623" collisions="0" teleports="0" halting="41" stopped="0" meanWaitingTime="76.43" meanTravelTime="106.98" meanSpeed="0.91" meanSpeedRelative="0.07" duration="1"/>
    <step time="46500.00" loaded="25924" inserted="25762" running="95" waiting="162" ended="25667" arrived="25667" collisions="0" teleports="0" halting="91" stopped="0" meanWaitingTime="78.96" meanTravelTime="106.89" meanSpeed="0.02" meanSpeedRelative="0.00" duration="1"/>
    <step time="46800.00" loaded="25944" inserted="25782" running="98" waiting="162" ended="25684" arrived="25684" collisions="0" teleports="0" halting="96" stopped="0" meanWaitingTime="78.90" meanTravelTime="106.85" meanSpeed="0.27" meanSpeedRelative="0.02" duration="1"/>
    <step time="47100.00" loaded="25964" inserted="25802" running="96" waiting="162" ended="25706" arrived="25706" collisions="0" teleports="0" halting="94" stopped="0" meanWaitingTime="78.84" meanTravelTime="106.79" meanSpeed="0.18" meanSpeedRelative="0.01" duration="1"/>
    <step time="47400.00" loaded="25980" inserted="25818" running="95" waiting="162" ended="25723" arrived="25723" collisions="0" teleports="0" halting="94" stopped="0" meanWaitingTime="78.79" meanTravelTime="106.75" meanSpeed="0.03" meanSpeedRelative="0.00" duration="1"/>
    <step time="47700.00" loaded="25993" inserted="25831" running="96" waiting="162" ended="25735" arrived="25735" collisions="0" teleports="0" halting="95" stopped="0" meanWaitingTime="78.75" meanTravelTime="106.72" meanSpeed="0.06" meanSpeedRelative="0.00" duration="1"/>
    <step time="48000.00" loaded="26003" inserted="25841" running="95" waiting="162" ended="25746" arrived="25746" collisions="0" teleports="0" halting="93" stopped="0" meanWaitingTime="78.72" meanTravelTime="106.70" meanSpeed="0.15" meanSpeedRelative="0.01" duration="1"/>
    <step time="48300.00" loaded="26017" inserted="25855" running="94" waiting="162" ended="25761" arrived="25761" collisions="0" teleports="0" halting="93" stopped="0" meanWaitingTime="78.67" meanTravelTime="106.66" meanSpeed="0.06" meanSpeedRelative="0.00" duration="1"/>
    <step time="48600.00" loaded="26033" inserted="25871" running="95" waiting="162" ended="25776" arrived="25776" collisions="0" teleports="0" halting="93" stopped="0" meanWaitingTime="78.63" meanTravelTime="106.61" meanSpeed="0.15" meanSpeedRelative="0.01" duration="0"/>
    <step time="48900.00" loaded="26048" inserted="25886" running="99" waiting="162" ended="25787" arrived="25787" collisions="0" teleports="0" halting="98" stopped="0" meanWaitingTime="78.58" meanTravelTime="106.58" meanSpeed="0.09" meanSpeedRelative="0.01" duration="1"/>
    <step time="49200.00" loaded="26057" inserted="25895" running="93" waiting="162" ended="25802" arrived="25802" collisions="0" teleports="0" halting="93" stopped="0" meanWaitingTime="78.55" meanTravelTime="106.55" meanSpeed="0.00" meanSpeedRelative="0.00" duration="1"/>
</summary>
