<?xml version="1.0" encoding="UTF-8"?>

<!-- generated on 2025-02-28 17:28:51 by Eclipse SUMO GUI Version 1.19.0
<configuration xmlns:xsi="http://www.w3.org/2001/XMLSchema-instance" xsi:noNamespaceSchemaLocation="http://sumo.dlr.de/xsd/sumoConfiguration.xsd">

    <input>
        <net-file value="Network.net.xml"/>
        <route-files value="CarRoutes.rou.xml"/>
        <additional-files value="Sensors.add.xml"/>
    </input>

    <output>
        <emission-output value="logs/Emissions.xml"/>
        <summary-output value="logs/Log_summary.xml"/>
        <summary-output.period value="300"/>
        <tripinfo-output value="logs/TripInfos.xml"/>
    </output>

    <time>
        <begin value="0"/>
        <end value="86400"/>
        <step-length value="0.25"/>
    </time>

    <processing>
        <ignore-junction-blocker value="0.1"/>
        <time-to-teleport value="-1"/>
    </processing>

    <report>
        <verbose value="true"/>
        <no-step-log value="true"/>
    </report>

    <emissions>
        <device.emissions.period value="10"/>
    </emissions>

    <traci_server>
        <remote-port value="57818"/>
    </traci_server>

    <gui_only>
        <quit-on-end value="true"/>
        <start value="true"/>
    </gui_only>

</configuration>
-->

<summary xmlns:xsi="http://www.w3.org/2001/XMLSchema-instance" xsi:noNamespaceSchemaLocation="http://sumo.dlr.de/xsd/summary_file.xsd">
    <step time="0.00" loaded="0" inserted="0" running="0" waiting="0" ended="0" arrived="0" collisions="0" teleports="0" halting="0" stopped="0" meanWaitingTime="-1.00" meanTravelTime="-1.00" meanSpeed="-1.00" meanSpeedRelative="-1.00" duration="0"/>
    <step time="300.00" loaded="208" inserted="195" running="89" waiting="13" ended="106" arrived="106" collisions="0" teleports="0" halting="44" stopped="0" meanWaitingTime="12.74" meanTravelTime="79.03" meanSpeed="3.47" meanSpeedRelative="0.25" duration="2"/>
    <step time="600.00" loaded="372" inserted="360" running="73" waiting="12" ended="287" arrived="287" collisions="0" teleports="0" halting="33" stopped="0" meanWaitingTime="15.75" meanTravelTime="111.60" meanSpeed="4.61" meanSpeedRelative="0.33" duration="2"/>
    <step time="900.00" loaded="527" inserted="517" running="56" waiting="10" ended="461" arrived="461" collisions="0" teleports="0" halting="28" stopped="0" meanWaitingTime="14.47" meanTravelTime="110.20" meanSpeed="3.93" meanSpeedRelative="0.30" duration="2"/>
    <step time="1200.00" loaded="699" inserted="684" running="55" waiting="15" ended="629" arrived="629" collisions="0" teleports="0" halting="8" stopped="0" meanWaitingTime="17.13" meanTravelTime="109.74" meanSpeed="7.70" meanSpeedRelative="0.55" duration="3"/>
    <step time="1500.00" loaded="863" inserted="843" running="56" waiting="20" ended="787" arrived="787" collisions="0" teleports="0" halting="13" stopped="0" meanWaitingTime="17.94" meanTravelTime="108.60" meanSpeed="6.17" meanSpeedRelative="0.44" duration="2"/>
    <step time="1800.00" loaded="1023" inserted="1005" running="65" waiting="18" ended="940" arrived="940" collisions="0" teleports="0" halting="21" stopped="0" meanWaitingTime="20.75" meanTravelTime="107.74" meanSpeed="4.85" meanSpeedRelative="0.35" duration="3"/>
    <step time="2100.00" loaded="1183" inserted="1168" running="63" waiting="15" ended="1105" arrived="1105" collisions="0" teleports="0" halting="30" stopped="0" meanWaitingTime="19.52" meanTravelTime="106.89" meanSpeed="3.95" meanSpeedRelative="0.28" duration="1"/>
    <step time="2400.00" loaded="1328" inserted="1312" running="40" waiting="16" ended="1272" arrived="1272" collisions="0" teleports="0" halting="17" stopped="0" meanWaitingTime="19.41" meanTravelTime="107.68" meanSpeed="4.13" meanSpeedRelative="0.31" duration="1"/>
    <step time="2700.00" loaded="1472" inserted="1471" running="49" waiting="1" ended="1422" arrived="1422" collisions="0" teleports="0" halting="13" stopped="0" meanWaitingTime="19.25" meanTravelTime="106.61" meanSpeed="6.02" meanSpeedRelative="0.43" duration="2"/>
    <step time="3000.00" loaded="1630" inserted="1623" running="40" waiting="7" ended="1583" arrived="1583" collisions="0" teleports="0" halting="18" stopped="0" meanWaitingTime="18.01" meanTravelTime="105.98" meanSpeed="4.13" meanSpeedRelative="0.30" duration="1"/>
    <step time="3300.00" loaded="1801" inserted="1780" running="63" waiting="21" ended="1717" arrived="1717" collisions="0" teleports="0" halting="12" stopped="0" meanWaitingTime="18.61" meanTravelTime="105.75" meanSpeed="6.79" meanSpeedRelative="0.49" duration="3"/>
    <step time="3600.00" loaded="1932" inserted="1917" running="47" waiting="15" ended="1870" arrived="1870" collisions="0" teleports="0" halting="17" stopped="0" meanWaitingTime="20.14" meanTravelTime="105.84" meanSpeed="4.89" meanSpeedRelative="0.35" duration="2"/>
    <step time="3900.00" loaded="2098" inserted="2098" running="96" waiting="0" ended="2002" arrived="2002" collisions="0" teleports="0" halting="28" stopped="0" meanWaitingTime="19.36" meanTravelTime="105.56" meanSpeed="3.85" meanSpeedRelative="0.28" duration="4"/>
    <step time="4200.00" loaded="2229" inserted="2229" running="70" waiting="0" ended="2159" arrived="2159" collisions="0" teleports="0" halting="17" stopped="0" meanWaitingTime="19.32" meanTravelTime="109.29" meanSpeed="4.88" meanSpeedRelative="0.35" duration="2"/>
    <step time="4500.00" loaded="2409" inserted="2408" running="92" waiting="1" ended="2316" arrived="2316" collisions="0" teleports="0" halting="50" stopped="0" meanWaitingTime="18.34" meanTravelTime="111.38" meanSpeed="2.98" meanSpeedRelative="0.21" duration="4"/>
    <step time="4800.00" loaded="2566" inserted="2560" running="49" waiting="6" ended="2511" arrived="2511" collisions="0" teleports="0" halting="18" stopped="0" meanWaitingTime="17.50" meanTravelTime="113.49" meanSpeed="4.27" meanSpeedRelative="0.31" duration="2"/>
    <step time="5100.00" loaded="2736" inserted="2726" running="62" waiting="10" ended="2664" arrived="2664" collisions="0" teleports="0" halting="16" stopped="0" meanWaitingTime="18.06" meanTravelTime="113.23" meanSpeed="5.63" meanSpeedRelative="0.40" duration="2"/>
    <step time="5400.00" loaded="2887" inserted="2882" running="49" waiting="5" ended="2833" arrived="2833" collisions="0" teleports="0" halting="14" stopped="0" meanWaitingTime="17.92" meanTravelTime="112.89" meanSpeed="6.76" meanSpeedRelative="0.49" duration="2"/>
    <step time="5700.00" loaded="3073" inserted="3058" running="72" waiting="15" ended="2986" arrived="2986" collisions="0" teleports="0" halting="33" stopped="0" meanWaitingTime="17.73" meanTravelTime="112.20" meanSpeed="4.02" meanSpeedRelative="0.30" duration="3"/>
    <step time="6000.00" loaded="3197" inserted="3194" running="39" waiting="3" ended="3155" arrived="3155" collisions="0" teleports="0" halting="10" stopped="0" meanWaitingTime="17.66" meanTravelTime="113.30" meanSpeed="6.08" meanSpeedRelative="0.44" duration="2"/>
    <step time="6300.00" loaded="3360" inserted="3343" running="54" waiting="17" ended="3289" arrived="3289" collisions="0" teleports="0" halting="25" stopped="0" meanWaitingTime="17.63" meanTravelTime="113.13" meanSpeed="3.87" meanSpeedRelative="0.28" duration="2"/>
    <step time="6600.00" loaded="3518" inserted="3510" running="45" waiting="8" ended="3465" arrived="3465" collisions="0" teleports="0" halting="13" stopped="0" meanWaitingTime="17.77" meanTravelTime="112.04" meanSpeed="4.78" meanSpeedRelative="0.34" duration="2"/>
    <step time="6900.00" loaded="3703" inserted="3686" running="58" waiting="17" ended="3628" arrived="3628" collisions="0" teleports="0" halting="22" stopped="0" meanWaitingTime="17.70" meanTravelTime="111.29" meanSpeed="4.43" meanSpeedRelative="0.32" duration="2"/>
    <step time="7200.00" loaded="3859" inserted="3840" running="49" waiting="19" ended="3791" arrived="3791" collisions="0" teleports="0" halting="14" stopped="0" meanWaitingTime="18.23" meanTravelTime="110.86" meanSpeed="5.58" meanSpeedRelative="0.40" duration="3"/>
    <step time="7500.00" loaded="4008" inserted="3996" running="40" waiting="12" ended="3956" arrived="3956" collisions="0" teleports="0" halting="15" stopped="0" meanWaitingTime="18.79" meanTravelTime="110.33" meanSpeed="5.31" meanSpeedRelative="0.38" duration="0"/>
    <step time="7800.00" loaded="4161" inserted="4138" running="36" waiting="23" ended="4102" arrived="4102" collisions="0" teleports="0" halting="12" stopped="0" meanWaitingTime="19.22" meanTravelTime="109.34" meanSpeed="4.89" meanSpeedRelative="0.35" duration="2"/>
    <step time="8100.00" loaded="4335" inserted="4320" running="47" waiting="15" ended="4273" arrived="4273" collisions="0" teleports="0" halting="13" stopped="0" meanWaitingTime="20.16" meanTravelTime="108.26" meanSpeed="5.54" meanSpeedRelative="0.40" duration="2"/>
    <step time="8400.00" loaded="4516" inserted="4512" running="67" waiting="4" ended="4445" arrived="4445" collisions="0" teleports="0" halting="17" stopped="0" meanWaitingTime="20.05" meanTravelTime="107.22" meanSpeed="5.03" meanSpeedRelative="0.36" duration="2"/>
    <step time="8700.00" loaded="4688" inserted="4682" running="86" waiting="6" ended="4596" arrived="4596" collisions="0" teleports="0" halting="29" stopped="0" meanWaitingTime="19.76" meanTravelTime="107.08" meanSpeed="4.38" meanSpeedRelative="0.32" duration="2"/>
    <step time="9000.00" loaded="4879" inserted="4862" running="61" waiting="17" ended="4801" arrived="4801" collisions="0" teleports="0" halting="12" stopped="0" meanWaitingTime="19.52" meanTravelTime="107.67" meanSpeed="6.15" meanSpeedRelative="0.44" duration="2"/>
    <step time="9300.00" loaded="5064" inserted="5045" running="62" waiting="19" ended="4983" arrived="4983" collisions="0" teleports="0" halting="23" stopped="0" meanWaitingTime="19.47" meanTravelTime="107.70" meanSpeed="5.16" meanSpeedRelative="0.38" duration="2"/>
    <step time="9600.00" loaded="5238" inserted="5227" running="73" waiting="11" ended="5154" arrived="5154" collisions="0" teleports="0" halting="37" stopped="0" meanWaitingTime="19.85" meanTravelTime="107.44" meanSpeed="4.64" meanSpeedRelative="0.33" duration="1"/>
    <step time="9900.00" loaded="5383" inserted="5378" running="56" waiting="5" ended="5322" arrived="5322" collisions="0" teleports="0" halting="11" stopped="0" meanWaitingTime="19.64" meanTravelTime="107.59" meanSpeed="4.93" meanSpeedRelative="0.36" duration="3"/>
    <step time="10200.00" loaded="5552" inserted="5543" running="65" waiting="9" ended="5478" arrived="5478" collisions="0" teleports="0" halting="16" stopped="0" meanWaitingTime="19.36" meanTravelTime="108.22" meanSpeed="5.74" meanSpeedRelative="0.41" duration="5"/>
    <step time="10500.00" loaded="5732" inserted="5721" running="64" waiting="11" ended="5657" arrived="5657" collisions="0" teleports="0" halting="13" stopped="0" meanWaitingTime="19.18" meanTravelTime="108.66" meanSpeed="5.66" meanSpeedRelative="0.41" duration="2"/>
    <step time="10800.00" loaded="5902" inserted="5894" running="72" waiting="8" ended="5822" arrived="5822" collisions="0" teleports="0" halting="10" stopped="0" meanWaitingTime="19.20" meanTravelTime="108.84" meanSpeed="5.77" meanSpeedRelative="0.42" duration="1"/>
    <step time="11100.00" loaded="6081" inserted="6063" running="55" waiting="18" ended="6008" arrived="6008" collisions="0" teleports="0" halting="19" stopped="0" meanWaitingTime="19.14" meanTravelTime="109.23" meanSpeed="4.22" meanSpeedRelative="0.30" duration="2"/>
    <step time="11400.00" loaded="6252" inserted="6218" running="58" waiting="34" ended="6160" arrived="6160" collisions="0" teleports="0" halting="15" stopped="0" meanWaitingTime="19.77" meanTravelTime="109.03" meanSpeed="6.70" meanSpeedRelative="0.48" duration="2"/>
    <step time="11700.00" loaded="6394" inserted="6375" running="66" waiting="19" ended="6309" arrived="6309" collisions="0" teleports="0" halting="14" stopped="0" meanWaitingTime="20.82" meanTravelTime="108.97" meanSpeed="5.28" meanSpeedRelative="0.38" duration="2"/>
    <step time="12000.00" loaded="6572" inserted="6565" running="74" waiting="7" ended="6491" arrived="6491" collisions="0" teleports="0" halting="24" stopped="0" meanWaitingTime="20.81" meanTravelTime="109.49" meanSpeed="4.28" meanSpeedRelative="0.31" duration="3"/>
    <step time="12300.00" loaded="6742" inserted="6742" running="72" waiting="0" ended="6670" arrived="6670" collisions="0" teleports="0" halting="31" stopped="0" meanWaitingTime="20.50" meanTravelTime="109.94" meanSpeed="3.61" meanSpeedRelative="0.26" duration="2"/>
    <step time="12600.00" loaded="6909" inserted="6889" running="49" waiting="20" ended="6840" arrived="6840" collisions="0" teleports="0" halting="15" stopped="0" meanWaitingTime="20.29" meanTravelTime="110.11" meanSpeed="5.29" meanSpeedRelative="0.38" duration="2"/>
    <step time="12900.00" loaded="7075" inserted="7061" running="54" waiting="14" ended="7007" arrived="7007" collisions="0" teleports="0" halting="22" stopped="0" meanWaitingTime="20.47" meanTravelTime="109.95" meanSpeed="4.42" meanSpeedRelative="0.32" duration="2"/>
    <step time="13200.00" loaded="7246" inserted="7226" running="81" waiting="20" ended="7145" arrived="7145" collisions="0" teleports="0" halting="22" stopped="0" meanWaitingTime="20.56" meanTravelTime="109.80" meanSpeed="5.26" meanSpeedRelative="0.38" duration="2"/>
    <step time="13500.00" loaded="7420" inserted="7411" running="73" waiting="9" ended="7338" arrived="7338" collisions="0" teleports="0" halting="30" stopped="0" meanWaitingTime="20.47" meanTravelTime="110.08" meanSpeed="4.05" meanSpeedRelative="0.29" duration="1"/>
    <step time="13800.00" loaded="7615" inserted="7601" running="79" waiting="14" ended="7522" arrived="7522" collisions="0" teleports="0" halting="22" stopped="0" meanWaitingTime="20.54" meanTravelTime="110.22" meanSpeed="5.09" meanSpeedRelative="0.37" duration="2"/>
    <step time="14100.00" loaded="7775" inserted="7771" running="75" waiting="4" ended="7696" arrived="7696" collisions="0" teleports="0" halting="20" stopped="0" meanWaitingTime="20.49" meanTravelTime="110.56" meanSpeed="5.92" meanSpeedRelative="0.43" duration="2"/>
    <step time="14400.00" loaded="7912" inserted="7901" running="44" waiting="11" ended="7857" arrived="7857" collisions="0" teleports="0" halting="13" stopped="0" meanWaitingTime="20.63" meanTravelTime="110.68" meanSpeed="6.74" meanSpeedRelative="0.48" duration="1"/>
    <step time="14700.00" loaded="8108" inserted="8093" running="65" waiting="15" ended="8028" arrived="8028" collisions="0" teleports="0" halting="7" stopped="0" meanWaitingTime="20.58" meanTravelTime="110.04" meanSpeed="6.00" meanSpeedRelative="0.43" duration="2"/>
    <step time="15000.00" loaded="8266" inserted="8261" running="78" waiting="5" ended="8183" arrived="8183" collisions="0" teleports="0" halting="15" stopped="0" meanWaitingTime="20.34" meanTravelTime="110.36" meanSpeed="6.11" meanSpeedRelative="0.44" duration="2"/>
    <step time="15300.00" loaded="8425" inserted="8391" running="58" waiting="34" ended="8333" arrived="8333" collisions="0" teleports="0" halting="15" stopped="0" meanWaitingTime="20.50" meanTravelTime="110.49" meanSpeed="5.96" meanSpeedRelative="0.43" duration="2"/>
    <step time="15600.00" loaded="8590" inserted="8580" running="70" waiting="10" ended="8510" arrived="8510" collisions="0" teleports="0" halting="20" stopped="0" meanWaitingTime="21.24" meanTravelTime="110.19" meanSpeed="5.14" meanSpeedRelative="0.37" duration="3"/>
    <step time="15900.00" loaded="8779" inserted="8768" running="94" waiting="11" ended="8674" arrived="8674" collisions="0" teleports="0" halting="32" stopped="0" meanWaitingTime="21.54" meanTravelTime="110.26" meanSpeed="4.42" meanSpeedRelative="0.32" duration="3"/>
    <step time="16200.00" loaded="8968" inserted="8935" running="67" waiting="33" ended="8868" arrived="8868" collisions="0" teleports="0" halting="22" stopped="0" meanWaitingTime="21.70" meanTravelTime="110.80" meanSpeed="5.40" meanSpeedRelative="0.39" duration="3"/>
    <step time="16500.00" loaded="9133" inserted="9118" running="70" waiting="15" ended="9048" arrived="9048" collisions="0" teleports="0" halting="22" stopped="0" meanWaitingTime="22.25" meanTravelTime="110.98" meanSpeed="5.11" meanSpeedRelative="0.37" duration="1"/>
    <step time="16800.00" loaded="9322" inserted="9285" running="63" waiting="37" ended="9222" arrived="9222" collisions="0" teleports="0" halting="9" stopped="0" meanWaitingTime="22.52" meanTravelTime="111.01" meanSpeed="5.40" meanSpeedRelative="0.39" duration="3"/>
    <step time="17100.00" loaded="9494" inserted="9464" running="60" waiting="30" ended="9404" arrived="9404" collisions="0" teleports="0" halting="8" stopped="0" meanWaitingTime="23.21" meanTravelTime="110.97" meanSpeed="6.04" meanSpeedRelative="0.43" duration="2"/>
    <step time="17400.00" loaded="9673" inserted="9648" running="68" waiting="25" ended="9580" arrived="9580" collisions="0" teleports="0" halting="23" stopped="0" meanWaitingTime="23.88" meanTravelTime="110.98" meanSpeed="4.62" meanSpeedRelative="0.33" duration="2"/>
    <step time="17700.00" loaded="9848" inserted="9820" running="71" waiting="28" ended="9749" arrived="9749" collisions="0" teleports="0" halting="17" stopped="0" meanWaitingTime="24.25" meanTravelTime="111.03" meanSpeed="5.06" meanSpeedRelative="0.36" duration="2"/>
    <step time="18000.00" loaded="10011" inserted="9990" running="66" waiting="21" ended="9924" arrived="9924" collisions="0" teleports="0" halting="30" stopped="0" meanWaitingTime="24.75" meanTravelTime="111.28" meanSpeed="4.39" meanSpeedRelative="0.32" duration="2"/>
    <step time="18300.00" loaded="10196" inserted="10163" running="48" waiting="33" ended="10115" arrived="10115" collisions="0" teleports="0" halting="27" stopped="0" meanWaitingTime="24.95" meanTravelTime="111.28" meanSpeed="3.08" meanSpeedRelative="0.22" duration="2"/>
    <step time="18600.00" loaded="10353" inserted="10322" running="60" waiting="31" ended="10262" arrived="10262" collisions="0" teleports="0" halting="19" stopped="0" meanWaitingTime="25.53" meanTravelTime="111.09" meanSpeed="4.92" meanSpeedRelative="0.35" duration="2"/>
    <step time="18900.00" loaded="10537" inserted="10503" running="73" waiting="34" ended="10430" arrived="10430" collisions="0" teleports="0" halting="10" stopped="0" meanWaitingTime="25.91" meanTravelTime="111.07" meanSpeed="6.38" meanSpeedRelative="0.46" duration="2"/>
    <step time="19200.00" loaded="10715" inserted="10688" running="61" waiting="27" ended="10627" arrived="10627" collisions="0" teleports="0" halting="38" stopped="0" meanWaitingTime="26.21" meanTravelTime="110.94" meanSpeed="3.19" meanSpeedRelative="0.23" duration="3"/>
    <step time="19500.00" loaded="10923" inserted="10899" running="100" waiting="24" ended="10799" arrived="10799" collisions="0" teleports="0" halting="23" stopped="0" meanWaitingTime="26.52" meanTravelTime="111.05" meanSpeed="4.36" meanSpeedRelative="0.31" duration="3"/>
    <step time="19800.00" loaded="11099" inserted="11066" running="67" waiting="33" ended="10999" arrived="10999" collisions="0" teleports="0" halting="17" stopped="0" meanWaitingTime="26.82" meanTravelTime="111.32" meanSpeed="5.51" meanSpeedRelative="0.40" duration="3"/>
    <step time="20100.00" loaded="11294" inserted="11268" running="84" waiting="26" ended="11184" arrived="11184" collisions="0" teleports="0" halting="18" stopped="0" meanWaitingTime="27.29" meanTravelTime="111.35" meanSpeed="5.30" meanSpeedRelative="0.38" duration="1"/>
    <step time="20400.00" loaded="11463" inserted="11432" running="75" waiting="31" ended="11357" arrived="11357" collisions="0" teleports="0" halting="21" stopped="0" meanWaitingTime="27.71" meanTravelTime="111.46" meanSpeed="5.05" meanSpeedRelative="0.36" duration="3"/>
    <step time="20700.00" loaded="11635" inserted="11611" running="72" waiting="24" ended="11539" arrived="11539" collisions="0" teleports="0" halting="37" stopped="0" meanWaitingTime="28.10" meanTravelTime="111.61" meanSpeed="3.01" meanSpeedRelative="0.22" duration="3"/>
    <step time="21000.00" loaded="11818" inserted="11808" running="75" waiting="10" ended="11733" arrived="11733" collisions="0" teleports="0" halting="29" stopped="0" meanWaitingTime="28.35" meanTravelTime="111.60" meanSpeed="3.43" meanSpeedRelative="0.25" duration="2"/>
    <step time="21300.00" loaded="11981" inserted="11981" running="70" waiting="0" ended="11911" arrived="11911" collisions="0" teleports="0" halting="13" stopped="0" meanWaitingTime="28.11" meanTravelTime="111.74" meanSpeed="5.13" meanSpeedRelative="0.37" duration="2"/>
    <step time="21600.00" loaded="12202" inserted="12194" running="88" waiting="8" ended="12106" arrived="12106" collisions="0" teleports="0" halting="11" stopped="0" meanWaitingTime="27.81" meanTravelTime="111.76" meanSpeed="6.87" meanSpeedRelative="0.49" duration="3"/>
    <step time="21900.00" loaded="12388" inserted="12380" running="74" waiting="8" ended="12306" arrived="12306" collisions="0" teleports="0" halting="22" stopped="0" meanWaitingTime="27.51" meanTravelTime="111.62" meanSpeed="5.80" meanSpeedRelative="0.42" duration="3"/>
    <step time="22200.00" loaded="12578" inserted="12567" running="82" waiting="11" ended="12485" arrived="12485" collisions="0" teleports="0" halting="21" stopped="0" meanWaitingTime="27.27" meanTravelTime="111.45" meanSpeed="4.91" meanSpeedRelative="0.35" duration="2"/>
    <step time="22500.00" loaded="12756" inserted="12722" running="58" waiting="34" ended="12664" arrived="12664" collisions="0" teleports="0" halting="11" stopped="0" meanWaitingTime="27.18" meanTravelTime="112.02" meanSpeed="5.85" meanSpeedRelative="0.42" duration="2"/>
    <step time="22800.00" loaded="12950" inserted="12948" running="86" waiting="2" ended="12862" arrived="12862" collisions="0" teleports="0" halting="44" stopped="0" meanWaitingTime="27.16" meanTravelTime="111.94" meanSpeed="3.38" meanSpeedRelative="0.24" duration="2"/>
    <step time="23100.00" loaded="13139" inserted="13122" running="89" waiting="17" ended="13033" arrived="13033" collisions="0" teleports="0" halting="39" stopped="0" meanWaitingTime="26.97" meanTravelTime="112.29" meanSpeed="4.22" meanSpeedRelative="0.30" duration="4"/>
    <step time="23400.00" loaded="13327" inserted="13314" running="77" waiting="13" ended="13237" arrived="13237" collisions="0" teleports="0" halting="28" stopped="0" meanWaitingTime="27.04" meanTravelTime="112.51" meanSpeed="4.19" meanSpeedRelative="0.30" duration="4"/>
    <step time="23700.00" loaded="13557" inserted="13533" running="82" waiting="24" ended="13451" arrived="13451" collisions="0" teleports="0" halting="31" stopped="0" meanWaitingTime="26.88" meanTravelTime="112.36" meanSpeed="4.02" meanSpeedRelative="0.29" duration="4"/>
    <step time="24000.00" loaded="13733" inserted="13713" running="62" waiting="20" ended="13651" arrived="13651" collisions="0" teleports="0" halting="17" stopped="0" meanWaitingTime="26.92" meanTravelTime="112.37" meanSpeed="4.19" meanSpeedRelative="0.30" duration="1"/>
    <step time="24300.00" loaded="13942" inserted="13919" running="110" waiting="23" ended="13809" arrived="13809" collisions="0" teleports="0" halting="69" stopped="0" meanWaitingTime="27.03" meanTravelTime="112.23" meanSpeed="2.67" meanSpeedRelative="0.19" duration="4"/>
    <step time="24600.00" loaded="14167" inserted="14128" running="89" waiting="39" ended="14039" arrived="14039" collisions="0" teleports="0" halting="43" stopped="0" meanWaitingTime="27.21" meanTravelTime="112.81" meanSpeed="3.82" meanSpeedRelative="0.28" duration="2"/>
    <step time="24900.00" loaded="14382" inserted="14347" running="90" waiting="35" ended="14257" arrived="14257" collisions="0" teleports="0" halting="49" stopped="0" meanWaitingTime="27.71" meanTravelTime="112.85" meanSpeed="4.03" meanSpeedRelative="0.29" duration="3"/>
    <step time="25200.00" loaded="14576" inserted="14533" running="75" waiting="43" ended="14458" arrived="14458" collisions="0" teleports="0" halting="27" stopped="0" meanWaitingTime="27.88" meanTravelTime="113.00" meanSpeed="4.89" meanSpeedRelative="0.35" duration="2"/>
    <step time="25500.00" loaded="14748" inserted="14724" running="71" waiting="24" ended="14653" arrived="14653" collisions="0" teleports="0" halting="30" stopped="0" meanWaitingTime="28.25" meanTravelTime="113.18" meanSpeed="4.21" meanSpeedRelative="0.30" duration="3"/>
    <step time="25800.00" loaded="14980" inserted="14943" running="96" waiting="37" ended="14847" arrived="14847" collisions="0" teleports="0" halting="23" stopped="0" meanWaitingTime="28.44" meanTravelTime="113.21" meanSpeed="4.75" meanSpeedRelative="0.34" duration="3"/>
    <step time="26100.00" loaded="15190" inserted="15152" running="67" waiting="38" ended="15085" arrived="15085" collisions="0" teleports="0" halting="25" stopped="0" meanWaitingTime="28.81" meanTravelTime="113.25" meanSpeed="4.37" meanSpeedRelative="0.31" duration="2"/>
    <step time="26400.00" loaded="15384" inserted="15343" running="78" waiting="41" ended="15265" arrived="15265" collisions="0" teleports="0" halting="34" stopped="0" meanWaitingTime="29.12" meanTravelTime="113.28" meanSpeed="3.83" meanSpeedRelative="0.28" duration="3"/>
    <step time="26700.00" loaded="15599" inserted="15560" running="95" waiting="39" ended="15465" arrived="15465" collisions="0" teleports="0" halting="32" stopped="0" meanWaitingTime="29.60" meanTravelTime="113.23" meanSpeed="4.83" meanSpeedRelative="0.35" duration="7"/>
    <step time="27000.00" loaded="15815" inserted="15784" running="97" waiting="31" ended="15687" arrived="15687" collisions="0" teleports="0" halting="23" stopped="0" meanWaitingTime="30.02" meanTravelTime="113.35" meanSpeed="4.77" meanSpeedRelative="0.34" duration="3"/>
    <step time="27300.00" loaded="16038" inserted="15998" running="99" waiting="40" ended="15899" arrived="15899" collisions="0" teleports="0" halting="41" stopped="0" meanWaitingTime="30.25" meanTravelTime="113.18" meanSpeed="3.53" meanSpeedRelative="0.25" duration="2"/>
    <step time="27600.00" loaded="16234" inserted="16192" running="79" waiting="42" ended="16113" arrived="16113" collisions="0" teleports="0" halting="51" stopped="0" meanWaitingTime="30.53" meanTravelTime="113.41" meanSpeed="2.45" meanSpeedRelative="0.18" duration="3"/>
    <step time="27900.00" loaded="16441" inserted="16407" running="72" waiting="34" ended="16335" arrived="16335" collisions="0" teleports="0" halting="14" stopped="0" meanWaitingTime="30.87" meanTravelTime="113.39" meanSpeed="6.41" meanSpeedRelative="0.46" duration="4"/>
    <step time="28200.00" loaded="16669" inserted="16645" running="63" waiting="24" ended="16582" arrived="16582" collisions="0" teleports="0" halting="18" stopped="0" meanWaitingTime="31.14" meanTravelTime="113.22" meanSpeed="5.78" meanSpeedRelative="0.42" duration="3"/>
    <step time="28500.00" loaded="16870" inserted="16840" running="77" waiting="30" ended="16763" arrived="16763" collisions="0" teleports="0" halting="18" stopped="0" meanWaitingTime="31.25" meanTravelTime="113.04" meanSpeed="6.58" meanSpeedRelative="0.48" duration="3"/>
    <step time="28800.00" loaded="17084" inserted="17051" running="99" waiting="33" ended="16952" arrived="16952" collisions="0" teleports="0" halting="41" stopped="0" meanWaitingTime="31.29" meanTravelTime="112.99" meanSpeed="2.93" meanSpeedRelative="0.21" duration="3"/>
    <step time="29100.00" loaded="17308" inserted="17264" running="102" waiting="44" ended="17162" arrived="17162" collisions="0" teleports="0" halting="46" stopped="0" meanWaitingTime="31.35" meanTravelTime="113.65" meanSpeed="3.04" meanSpeedRelative="0.22" duration="3"/>
    <step time="29400.00" loaded="17510" inserted="17454" running="83" waiting="56" ended="17371" arrived="17371" collisions="0" teleports="0" halting="27" stopped="0" meanWaitingTime="31.68" meanTravelTime="114.00" meanSpeed="4.70" meanSpeedRelative="0.34" duration="2"/>
    <step time="29700.00" loaded="17691" inserted="17632" running="54" waiting="59" ended="17578" arrived="17578" collisions="0" teleports="0" halting="14" stopped="0" meanWaitingTime="31.90" meanTravelTime="114.22" meanSpeed="5.20" meanSpeedRelative="0.37" duration="2"/>
    <step time="30000.00" loaded="17868" inserted="17822" running="56" waiting="46" ended="17766" arrived="17766" collisions="0" teleports="0" halting="23" stopped="0" meanWaitingTime="32.67" meanTravelTime="114.04" meanSpeed="4.33" meanSpeedRelative="0.31" duration="1"/>
    <step time="30300.00" loaded="18067" inserted="18015" running="68" waiting="52" ended="17947" arrived="17947" collisions="0" teleports="0" halting="30" stopped="0" meanWaitingTime="33.26" meanTravelTime="113.92" meanSpeed="3.82" meanSpeedRelative="0.27" duration="2"/>
    <step time="30600.00" loaded="18282" inserted="18236" running="88" waiting="46" ended="18148" arrived="18148" collisions="0" teleports="0" halting="21" stopped="0" meanWaitingTime="33.76" meanTravelTime="113.77" meanSpeed="5.41" meanSpeedRelative="0.39" duration="2"/>
    <step time="30900.00" loaded="18505" inserted="18467" running="114" waiting="38" ended="18353" arrived="18353" collisions="0" teleports="0" halting="59" stopped="0" meanWaitingTime="34.08" meanTravelTime="113.68" meanSpeed="3.07" meanSpeedRelative="0.22" duration="4"/>
    <step time="31200.00" loaded="18679" inserted="18632" running="65" waiting="47" ended="18567" arrived="18567" collisions="0" teleports="0" halting="10" stopped="0" meanWaitingTime="34.16" meanTravelTime="114.23" meanSpeed="4.42" meanSpeedRelative="0.32" duration="3"/>
    <step time="31500.00" loaded="18855" inserted="18811" running="75" waiting="44" ended="18736" arrived="18736" collisions="0" teleports="0" halting="30" stopped="0" meanWaitingTime="34.46" meanTravelTime="114.58" meanSpeed="3.89" meanSpeedRelative="0.28" duration="2"/>
    <step time="31800.00" loaded="19011" inserted="18977" running="70" waiting="34" ended="18907" arrived="18907" collisions="0" teleports="0" halting="20" stopped="0" meanWaitingTime="34.84" meanTravelTime="114.79" meanSpeed="5.62" meanSpeedRelative="0.40" duration="2"/>
    <step time="32100.00" loaded="19193" inserted="19153" running="65" waiting="40" ended="19088" arrived="19088" collisions="0" teleports="0" halting="23" stopped="0" meanWaitingTime="35.20" meanTravelTime="114.66" meanSpeed="5.67" meanSpeedRelative="0.41" duration="3"/>
    <step time="32400.00" loaded="19359" inserted="19315" running="58" waiting="44" ended="19257" arrived="19257" collisions="0" teleports="0" halting="16" stopped="0" meanWaitingTime="35.43" meanTravelTime="114.56" meanSpeed="5.06" meanSpeedRelative="0.36" duration="2"/>
    <step time="32700.00" loaded="19536" inserted="19496" running="70" waiting="40" ended="19426" arrived="19426" collisions="0" teleports="0" halting="11" stopped="0" meanWaitingTime="35.65" meanTravelTime="114.54" meanSpeed="5.37" meanSpeedRelative="0.39" duration="2"/>
    <step time="33000.00" loaded="19705" inserted="19673" running="63" waiting="32" ended="19610" arrived="19610" collisions="0" teleports="0" halting="8" stopped="0" meanWaitingTime="35.93" meanTravelTime="114.73" meanSpeed="5.72" meanSpeedRelative="0.41" duration="3"/>
    <step time="33300.00" loaded="19838" inserted="19825" running="82" waiting="13" ended="19743" arrived="19743" collisions="0" teleports="0" halting="18" stopped="0" meanWaitingTime="36.11" meanTravelTime="114.84" meanSpeed="5.86" meanSpeedRelative="0.42" duration="2"/>
    <step time="33600.00" loaded="20030" inserted="20010" running="66" waiting="20" ended="19944" arrived="19944" collisions="0" teleports="0" halting="31" stopped="0" meanWaitingTime="36.05" meanTravelTime="114.79" meanSpeed="4.77" meanSpeedRelative="0.34" duration="2"/>
    <step time="33900.00" loaded="20185" inserted="20164" running="65" waiting="21" ended="20099" arrived="20099" collisions="0" teleports="0" halting="18" stopped="0" meanWaitingTime="36.02" meanTravelTime="114.70" meanSpeed="5.81" meanSpeedRelative="0.42" duration="3"/>
    <step time="34200.00" loaded="20345" inserted="20325" running="64" waiting="20" ended="20261" arrived="20261" collisions="0" teleports="0" halting="27" stopped="0" meanWaitingTime="36.00" meanTravelTime="114.66" meanSpeed="4.09" meanSpeedRelative="0.29" duration="2"/>
    <step time="34500.00" loaded="20510" inserted="20486" running="83" waiting="24" ended="20403" arrived="20403" collisions="0" teleports="0" halting="37" stopped="0" meanWaitingTime="36.08" meanTravelTime="114.66" meanSpeed="3.66" meanSpeedRelative="0.26" duration="3"/>
    <step time="34800.00" loaded="20664" inserted="20636" running="57" waiting="28" ended="20579" arrived="20579" collisions="0" teleports="0" halting="17" stopped="0" meanWaitingTime="36.24" meanTravelTime="114.84" meanSpeed="4.98" meanSpeedRelative="0.36" duration="3"/>
    <step time="35100.00" loaded="20801" inserted="20788" running="59" waiting="13" ended="20729" arrived="20729" collisions="0" teleports="0" halting="11" stopped="0" meanWaitingTime="36.37" meanTravelTime="114.87" meanSpeed="7.08" meanSpeedRelative="0.51" duration="2"/>
    <step time="35400.00" loaded="20939" inserted="20932" running="48" waiting="7" ended="20884" arrived="20884" collisions="0" teleports="0" halting="5" stopped="0" meanWaitingTime="36.19" meanTravelTime="114.76" meanSpeed="6.72" meanSpeedRelative="0.48" duration="1"/>
    <step time="35700.00" loaded="21081" inserted="21074" running="42" waiting="7" ended="21032" arrived="21032" collisions="0" teleports="0" halting="15" stopped="0" meanWaitingTime="36.07" meanTravelTime="114.73" meanSpeed="5.26" meanSpeedRelative="0.38" duration="1"/>
    <step time="36000.00" loaded="21236" inserted="21229" running="66" waiting="7" ended="21163" arrived="21163" collisions="0" teleports="0" halting="36" stopped="0" meanWaitingTime="35.92" meanTravelTime="114.57" meanSpeed="2.75" meanSpeedRelative="0.20" duration="2"/>
    <step time="36300.00" loaded="21411" inserted="21394" running="77" waiting="17" ended="21317" arrived="21317" collisions="0" teleports="0" halting="59" stopped="0" meanWaitingTime="35.80" meanTravelTime="114.72" meanSpeed="1.54" meanSpeedRelative="0.11" duration="3"/>
    <step time="36600.00" loaded="21560" inserted="21550" running="77" waiting="10" ended="21473" arrived="21473" collisions="0" teleports="0" halting="5" stopped="0" meanWaitingTime="35.74" meanTravelTime="114.93" meanSpeed="4.88" meanSpeedRelative="0.35" duration="2"/>
    <step time="36900.00" loaded="21698" inserted="21678" running="48" waiting="20" ended="21630" arrived="21630" collisions="0" teleports="0" halting="19" stopped="0" meanWaitingTime="35.60" meanTravelTime="115.25" meanSpeed="5.02" meanSpeedRelative="0.36" duration="2"/>
    <step time="37200.00" loaded="21820" inserted="21798" running="51" waiting="22" ended="21747" arrived="21747" collisions="0" teleports="0" halting="32" stopped="0" meanWaitingTime="35.62" meanTravelTime="115.14" meanSpeed="2.49" meanSpeedRelative="0.18" duration="2"/>
    <step time="37500.00" loaded="21960" inserted="21923" running="48" waiting="37" ended="21875" arrived="21875" collisions="0" teleports="0" halting="13" stopped="0" meanWaitingTime="35.77" meanTravelTime="115.32" meanSpeed="6.12" meanSpeedRelative="0.44" duration="2"/>
    <step time="37800.00" loaded="22113" inserted="22073" running="62" waiting="40" ended="22011" arrived="22011" collisions="0" teleports="0" halting="27" stopped="0" meanWaitingTime="36.05" meanTravelTime="115.25" meanSpeed="4.55" meanSpeedRelative="0.33" duration="3"/>
    <step time="38100.00" loaded="22258" inserted="22213" running="55" waiting="45" ended="22158" arrived="22158" collisions="0" teleports="0" halting="18" stopped="0" meanWaitingTime="36.27" meanTravelTime="115.24" meanSpeed="4.09" meanSpeedRelative="0.29" duration="1"/>
    <step time="38400.00" loaded="22382" inserted="22353" running="47" waiting="29" ended="22306" arrived="22306" collisions="0" teleports="0" halting="15" stopped="0" meanWaitingTime="36.59" meanTravelTime="115.21" meanSpeed="4.98" meanSpeedRelative="0.36" duration="1"/>
    <step time="38700.00" loaded="22483" inserted="22462" running="37" waiting="21" ended="22425" arrived="22425" collisions="0" teleports="0" halting="22" stopped="0" meanWaitingTime="36.72" meanTravelTime="115.15" meanSpeed="3.51" meanSpeedRelative="0.25" duration="2"/>
    <step time="39000.00" loaded="22588" inserted="22538" running="32" waiting="50" ended="22506" arrived="22506" collisions="0" teleports="0" halting="6" stopped="0" meanWaitingTime="36.90" meanTravelTime="115.13" meanSpeed="6.13" meanSpeedRelative="0.44" duration="2"/>
    <step time="39300.00" loaded="22714" inserted="22651" running="35" waiting="63" ended="22616" arrived="22616" collisions="0" teleports="0" halting="10" stopped="0" meanWaitingTime="37.37" meanTravelTime="115.14" meanSpeed="7.14" meanSpeedRelative="0.51" duration="2"/>
    <step time="39600.00" loaded="22825" inserted="22766" running="36" waiting="59" ended="22730" arrived="22730" collisions="0" teleports="0" halting="15" stopped="0" meanWaitingTime="37.89" meanTravelTime="115.04" meanSpeed="5.68" meanSpeedRelative="0.41" duration="2"/>
    <step time="39900.00" loaded="22945" inserted="22870" running="46" waiting="75" ended="22824" arrived="22824" collisions="0" teleports="0" halting="29" stopped="0" meanWaitingTime="38.37" meanTravelTime="115.00" meanSpeed="3.24" meanSpeedRelative="0.23" duration="1"/>
    <step time="40200.00" loaded="23035" inserted="22977" running="42" waiting="58" ended="22935" arrived="22935" collisions="0" teleports="0" halting="21" stopped="0" meanWaitingTime="39.30" meanTravelTime="115.05" meanSpeed="3.50" meanSpeedRelative="0.25" duration="2"/>
    <step time="40500.00" loaded="23134" inserted="23066" running="32" waiting="68" ended="23034" arrived="23034" collisions="0" teleports="0" halting="10" stopped="0" meanWaitingTime="39.71" meanTravelTime="115.10" meanSpeed="6.70" meanSpeedRelative="0.48" duration="2"/>
    <step time="40800.00" loaded="23244" inserted="23179" running="40" waiting="65" ended="23139" arrived="23139" collisions="0" teleports="0" halting="25" stopped="0" meanWaitingTime="40.81" meanTravelTime="114.98" meanSpeed="2.75" meanSpeedRelative="0.20" duration="1"/>
    <step time="41100.00" loaded="23329" inserted="23288" running="64" waiting="41" ended="23224" arrived="23224" collisions="0" teleports="0" halting="23" stopped="0" meanWaitingTime="41.47" meanTravelTime="115.06" meanSpeed="3.84" meanSpeedRelative="0.28" duration="2"/>
    <step time="41400.00" loaded="23393" inserted="23375" running="54" waiting="18" ended="23321" arrived="23321" collisions="0" teleports="0" halting="38" stopped="0" meanWaitingTime="41.91" meanTravelTime="115.32" meanSpeed="2.58" meanSpeedRelative="0.19" duration="2"/>
    <step time="41700.00" loaded="23491" inserted="23445" running="67" waiting="46" ended="23378" arrived="23378" collisions="0" teleports="0" halting="50" stopped="0" meanWaitingTime="42.11" meanTravelTime="115.45" meanSpeed="1.54" meanSpeedRelative="0.11" duration="1"/>
    <step time="42000.00" loaded="23571" inserted="23526" running="46" waiting="45" ended="23480" arrived="23480" collisions="0" teleports="0" halting="12" stopped="0" meanWaitingTime="42.58" meanTravelTime="116.13" meanSpeed="4.48" meanSpeedRelative="0.32" duration="2"/>
    <step time="42300.00" loaded="23676" inserted="23626" running="29" waiting="50" ended="23597" arrived="23597" collisions="0" teleports="0" halting="13" stopped="0" meanWaitingTime="42.92" meanTravelTime="116.22" meanSpeed="4.70" meanSpeedRelative="0.34" duration="2"/>
    <step time="42600.00" loaded="23789" inserted="23731" running="41" waiting="58" ended="23690" arrived="23690" collisions="0" teleports="0" halting="11" stopped="0" meanWaitingTime="43.43" meanTravelTime="116.14" meanSpeed="6.23" meanSpeedRelative="0.45" duration="2"/>
    <step time="42900.00" loaded="23891" inserted="23840" running="50" waiting="51" ended="23790" arrived="23790" collisions="0" teleports="0" halting="19" stopped="0" meanWaitingTime="44.00" meanTravelTime="116.22" meanSpeed="4.95" meanSpeedRelative="0.36" duration="1"/>
    <step time="43200.00" loaded="23992" inserted="23942" running="35" waiting="50" ended="23907" arrived="23907" collisions="0" teleports="0" halting="7" stopped="0" meanWaitingTime="44.46" meanTravelTime="116.22" meanSpeed="4.76" meanSpeedRelative="0.34" duration="1"/>
    <step time="43500.00" loaded="24070" inserted="24024" running="39" waiting="46" ended="23985" arrived="23985" collisions="0" teleports="0" halting="9" stopped="0" meanWaitingTime="44.73" meanTravelTime="116.35" meanSpeed="5.45" meanSpeedRelative="0.39" duration="2"/>
    <step time="43800.00" loaded="24172" inserted="24121" running="43" waiting="51" ended="24078" arrived="24078" collisions="0" teleports="0" halting="20" stopped="0" meanWaitingTime="45.25" meanTravelTime="116.34" meanSpeed="4.47" meanSpeedRelative="0.32" duration="2"/>
    <step time="44100.00" loaded="24277" inserted="24226" running="53" waiting="51" ended="24173" arrived="24173" collisions="0" teleports="0" halting="37" stopped="0" meanWaitingTime="45.60" meanTravelTime="116.35" meanSpeed="2.25" meanSpeedRelative="0.16" duration="1"/>
    <step time="44400.00" loaded="24386" inserted="24322" running="81" waiting="64" ended="24241" arrived="24241" collisions="0" teleports="0" halting="65" stopped="0" meanWaitingTime="46.12" meanTravelTime="116.36" meanSpeed="0.70" meanSpeedRelative="0.05" duration="2"/>
    <step time="44700.00" loaded="24490" inserted="24416" running="61" waiting="74" ended="24355" arrived="24355" collisions="0" teleports="0" halting="15" stopped="0" meanWaitingTime="46.75" meanTravelTime="117.10" meanSpeed="3.74" meanSpeedRelative="0.27" duration="2"/>
    <step time="45000.00" loaded="24595" inserted="24507" running="50" waiting="88" ended="24457" arrived="24457" collisions="0" teleports="0" halting="16" stopped="0" meanWaitingTime="47.27" meanTravelTime="117.39" meanSpeed="3.65" meanSpeedRelative="0.26" duration="1"/>
    <step time="45300.00" loaded="24683" inserted="24609" running="67" waiting="74" ended="24542" arrived="24542" collisions="0" teleports="0" halting="23" stopped="0" meanWaitingTime="48.02" meanTravelTime="117.73" meanSpeed="4.00" meanSpeedRelative="0.29" duration="1"/>
    <step time="45600.00" loaded="24765" inserted="24682" running="45" waiting="83" ended="24637" arrived="24637" collisions="0" teleports="0" halting="35" stopped="0" meanWaitingTime="48.54" meanTravelTime="118.05" meanSpeed="2.39" meanSpeedRelative="0.17" duration="1"/>
    <step time="45900.00" loaded="24851" inserted="24754" running="55" waiting="97" ended="24699" arrived="24699" collisions="0" teleports="0" halting="43" stopped="0" meanWaitingTime="49.47" meanTravelTime="118.15" meanSpeed="2.23" meanSpeedRelative="0.16" duration="2"/>
    <step time="46200.00" loaded="24931" inserted="24831" running="84" waiting="100" ended="24747" arrived="24747" collisions="0" teleports="0" halting="79" stopped="0" meanWaitingTime="50.25" meanTravelTime="118.04" meanSpeed="0.38" meanSpeedRelative="0.03" duration="2"/>
    <step time="46500.00" loaded="24979" inserted="24865" running="95" waiting="114" ended="24770" arrived="24770" collisions="0" teleports="0" halting="95" stopped="0" meanWaitingTime="50.36" meanTravelTime="117.98" meanSpeed="0.00" meanSpeedRelative="0.00" duration="2"/>
    <step time="46800.00" loaded="24999" inserted="24885" running="98" waiting="114" ended="24787" arrived="24787" collisions="0" teleports="0" halting="97" stopped="0" meanWaitingTime="50.32" meanTravelTime="117.93" meanSpeed="0.08" meanSpeedRelative="0.01" duration="1"/>
    <step time="47100.00" loaded="25017" inserted="24903" running="94" waiting="114" ended="24809" arrived="24809" collisions="0" teleports="0" halting="91" stopped="0" meanWaitingTime="50.28" meanTravelTime="117.86" meanSpeed="0.19" meanSpeedRelative="0.01" duration="2"/>
    <step time="47400.00" loaded="25033" inserted="24919" running="93" waiting="114" ended="24826" arrived="24826" collisions="0" teleports="0" halting="93" stopped="0" meanWaitingTime="50.25" meanTravelTime="117.81" meanSpeed="0.00" meanSpeedRelative="0.00" duration="2"/>
    <step time="47700.00" loaded="25047" inserted="24933" running="94" waiting="114" ended="24839" arrived="24839" collisions="0" teleports="0" halting="94" stopped="0" meanWaitingTime="50.22" meanTravelTime="117.77" meanSpeed="0.00" meanSpeedRelative="0.00" duration="2"/>
    <step time="48000.00" loaded="25060" inserted="24946" running="92" waiting="114" ended="24854" arrived="24854" collisions="0" teleports="0" halting="91" stopped="0" meanWaitingTime="50.19" meanTravelTime="117.73" meanSpeed="0.06" meanSpeedRelative="0.00" duration="3"/>
    <step time="48300.00" loaded="25074" inserted="24960" running="92" waiting="114" ended="24868" arrived="24868" collisions="0" teleports="0" halting="91" stopped="0" meanWaitingTime="50.17" meanTravelTime="117.68" meanSpeed="0.04" meanSpeedRelative="0.00" duration="2"/>
    <step time="48600.00" loaded="25090" inserted="24976" running="93" waiting="114" ended="24883" arrived="24883" collisions="0" teleports="0" halting="91" stopped="0" meanWaitingTime="50.13" meanTravelTime="117.63" meanSpeed="0.16" meanSpeedRelative="0.01" duration="3"/>
    <step time="48900.00" loaded="25105" inserted="24991" running="97" waiting="114" ended="24894" arrived="24894" collisions="0" teleports="0" halting="96" stopped="0" meanWaitingTime="50.10" meanTravelTime="117.59" meanSpeed="0.03" meanSpeedRelative="0.00" duration="3"/>
    <step time="49200.00" loaded="25114" inserted="25000" running="91" waiting="114" ended="24909" arrived="24909" collisions="0" teleports="0" halting="91" stopped="0" meanWaitingTime="50.09" meanTravelTime="117.55" meanSpeed="0.00" meanSpeedRelative="0.00" duration="2"/>
</summary>
