<?xml version="1.0" encoding="UTF-8"?>

<!-- generated on 2025-02-28 19:25:38 by Eclipse SUMO sumo Version 1.19.0
<configuration xmlns:xsi="http://www.w3.org/2001/XMLSchema-instance" xsi:noNamespaceSchemaLocation="http://sumo.dlr.de/xsd/sumoConfiguration.xsd">

    <input>
        <net-file value="Network.net.xml"/>
        <route-files value="CarRoutes.rou.xml"/>
        <additional-files value="Sensors.add.xml"/>
    </input>

    <output>
        <emission-output value="logs/Emissions.xml"/>
        <summary-output value="logs/Log_summary.xml"/>
        <summary-output.period value="300"/>
        <tripinfo-output value="logs/TripInfos.xml"/>
    </output>

    <time>
        <begin value="0"/>
        <end value="86400"/>
        <step-length value="0.25"/>
    </time>

    <processing>
        <ignore-junction-blocker value="0.1"/>
        <time-to-teleport value="-1"/>
    </processing>

    <report>
        <verbose value="true"/>
        <no-step-log value="true"/>
    </report>

    <emissions>
        <device.emissions.period value="10"/>
    </emissions>

    <traci_server>
        <remote-port value="59384"/>
    </traci_server>

    <gui_only>
        <quit-on-end value="true"/>
        <start value="true"/>
    </gui_only>

</configuration>
-->

<instantE1 xmlns:xsi="http://www.w3.org/2001/XMLSchema-instance" xsi:noNamespaceSchemaLocation="http://sumo.dlr.de/xsd/instant_e1_file.xsd">
    <instantOut id="235_D11" time="525.03" state="enter" vehID="Car_67" speed="3.93" length="5.00" type="DEFAULT_CAR"/>
    <instantOut id="235_D11" time="525.25" state="stay" vehID="Car_67" speed="3.93" length="5.00" type="DEFAULT_CAR"/>
    <instantOut id="235_D11" time="525.50" state="stay" vehID="Car_67" speed="3.18" length="5.00" type="DEFAULT_CAR"/>
    <instantOut id="235_D11" time="525.75" state="stay" vehID="Car_67" speed="2.43" length="5.00" type="DEFAULT_CAR"/>
    <instantOut id="235_D11" time="526.00" state="stay" vehID="Car_67" speed="1.68" length="5.00" type="DEFAULT_CAR"/>
    <instantOut id="235_D11" time="526.25" state="stay" vehID="Car_67" speed="0.93" length="5.00" type="DEFAULT_CAR"/>
    <instantOut id="235_D11" time="526.50" state="stay" vehID="Car_67" speed="0.24" length="5.00" type="DEFAULT_CAR"/>
    <instantOut id="235_D11" time="526.75" state="stay" vehID="Car_67" speed="0.02" length="5.00" type="DEFAULT_CAR"/>
    <instantOut id="235_D11" time="527.00" state="stay" vehID="Car_67" speed="0.00" length="5.00" type="DEFAULT_CAR"/>
    <instantOut id="235_D11" time="527.25" state="stay" vehID="Car_67" speed="0.00" length="5.00" type="DEFAULT_CAR"/>
    <instantOut id="235_D11" time="527.50" state="stay" vehID="Car_67" speed="0.00" length="5.00" type="DEFAULT_CAR"/>
    <instantOut id="235_D11" time="527.75" state="stay" vehID="Car_67" speed="0.00" length="5.00" type="DEFAULT_CAR"/>
    <instantOut id="235_D11" time="528.00" state="stay" vehID="Car_67" speed="0.00" length="5.00" type="DEFAULT_CAR"/>
    <instantOut id="235_D11" time="528.25" state="stay" vehID="Car_67" speed="0.00" length="5.00" type="DEFAULT_CAR"/>
    <instantOut id="235_D11" time="528.50" state="stay" vehID="Car_67" speed="0.94" length="5.00" type="DEFAULT_CAR"/>
    <instantOut id="235_D11" time="528.75" state="stay" vehID="Car_67" speed="1.71" length="5.00" type="DEFAULT_CAR"/>
    <instantOut id="235_D11" time="529.00" state="stay" vehID="Car_67" speed="2.60" length="5.00" type="DEFAULT_CAR"/>
    <instantOut id="235_D11" time="529.20" state="leave" vehID="Car_67" speed="3.53" length="5.00" type="DEFAULT_CAR" occupancy="4.17"/>
    <instantOut id="235_D11" time="824.13" state="enter" vehID="Car_1322" speed="4.12" length="5.00" type="DEFAULT_CAR" gap="294.93"/>
    <instantOut id="235_D11" time="824.25" state="stay" vehID="Car_1322" speed="4.12" length="5.00" type="DEFAULT_CAR"/>
    <instantOut id="235_D11" time="824.50" state="stay" vehID="Car_1322" speed="3.37" length="5.00" type="DEFAULT_CAR"/>
    <instantOut id="235_D11" time="824.75" state="stay" vehID="Car_1322" speed="2.62" length="5.00" type="DEFAULT_CAR"/>
    <instantOut id="235_D11" time="825.00" state="stay" vehID="Car_1322" speed="1.99" length="5.00" type="DEFAULT_CAR"/>
    <instantOut id="235_D11" time="825.25" state="stay" vehID="Car_1322" speed="1.34" length="5.00" type="DEFAULT_CAR"/>
    <instantOut id="235_D11" time="825.50" state="stay" vehID="Car_1322" speed="0.60" length="5.00" type="DEFAULT_CAR"/>
    <instantOut id="235_D11" time="825.75" state="stay" vehID="Car_1322" speed="0.07" length="5.00" type="DEFAULT_CAR"/>
    <instantOut id="235_D11" time="826.00" state="stay" vehID="Car_1322" speed="0.01" length="5.00" type="DEFAULT_CAR"/>
    <instantOut id="235_D11" time="826.25" state="stay" vehID="Car_1322" speed="0.00" length="5.00" type="DEFAULT_CAR"/>
    <instantOut id="235_D11" time="826.50" state="stay" vehID="Car_1322" speed="0.00" length="5.00" type="DEFAULT_CAR"/>
    <instantOut id="235_D11" time="826.75" state="stay" vehID="Car_1322" speed="0.00" length="5.00" type="DEFAULT_CAR"/>
    <instantOut id="235_D11" time="827.00" state="stay" vehID="Car_1322" speed="0.83" length="5.00" type="DEFAULT_CAR"/>
    <instantOut id="235_D11" time="827.25" state="stay" vehID="Car_1322" speed="1.69" length="5.00" type="DEFAULT_CAR"/>
    <instantOut id="235_D11" time="827.50" state="stay" vehID="Car_1322" speed="2.48" length="5.00" type="DEFAULT_CAR"/>
    <instantOut id="235_D11" time="827.75" state="leave" vehID="Car_1322" speed="3.12" length="5.00" type="DEFAULT_CAR" occupancy="3.61"/>
    <instantOut id="235_D11" time="957.94" state="enter" vehID="Car_1323" speed="4.39" length="5.00" type="DEFAULT_CAR" gap="130.19"/>
    <instantOut id="235_D11" time="958.00" state="stay" vehID="Car_1323" speed="4.39" length="5.00" type="DEFAULT_CAR"/>
    <instantOut id="235_D11" time="958.25" state="stay" vehID="Car_1323" speed="3.64" length="5.00" type="DEFAULT_CAR"/>
    <instantOut id="235_D11" time="958.50" state="stay" vehID="Car_1323" speed="2.89" length="5.00" type="DEFAULT_CAR"/>
    <instantOut id="235_D11" time="958.75" state="stay" vehID="Car_1323" speed="2.14" length="5.00" type="DEFAULT_CAR"/>
    <instantOut id="235_D11" time="959.00" state="stay" vehID="Car_1323" speed="1.39" length="5.00" type="DEFAULT_CAR"/>
    <instantOut id="235_D11" time="959.25" state="stay" vehID="Car_1323" speed="0.71" length="5.00" type="DEFAULT_CAR"/>
    <instantOut id="235_D11" time="959.50" state="stay" vehID="Car_1323" speed="0.04" length="5.00" type="DEFAULT_CAR"/>
    <instantOut id="235_D11" time="959.75" state="stay" vehID="Car_1323" speed="0.00" length="5.00" type="DEFAULT_CAR"/>
    <instantOut id="235_D11" time="960.00" state="stay" vehID="Car_1323" speed="0.00" length="5.00" type="DEFAULT_CAR"/>
    <instantOut id="235_D11" time="960.25" state="stay" vehID="Car_1323" speed="0.00" length="5.00" type="DEFAULT_CAR"/>
    <instantOut id="235_D11" time="960.50" state="stay" vehID="Car_1323" speed="0.00" length="5.00" type="DEFAULT_CAR"/>
    <instantOut id="235_D11" time="960.75" state="stay" vehID="Car_1323" speed="0.00" length="5.00" type="DEFAULT_CAR"/>
    <instantOut id="235_D11" time="961.00" state="stay" vehID="Car_1323" speed="0.00" length="5.00" type="DEFAULT_CAR"/>
    <instantOut id="235_D11" time="961.25" state="stay" vehID="Car_1323" speed="0.00" length="5.00" type="DEFAULT_CAR"/>
    <instantOut id="235_D11" time="961.50" state="stay" vehID="Car_1323" speed="0.00" length="5.00" type="DEFAULT_CAR"/>
    <instantOut id="235_D11" time="961.75" state="stay" vehID="Car_1323" speed="0.59" length="5.00" type="DEFAULT_CAR"/>
    <instantOut id="235_D11" time="962.00" state="stay" vehID="Car_1323" speed="1.24" length="5.00" type="DEFAULT_CAR"/>
    <instantOut id="235_D11" time="962.25" state="stay" vehID="Car_1323" speed="1.97" length="5.00" type="DEFAULT_CAR"/>
    <instantOut id="235_D11" time="962.50" state="stay" vehID="Car_1323" speed="2.80" length="5.00" type="DEFAULT_CAR"/>
    <instantOut id="235_D11" time="962.63" state="leave" vehID="Car_1323" speed="2.87" length="5.00" type="DEFAULT_CAR" occupancy="4.69"/>
    <instantOut id="235_D11" time="2628.10" state="enter" vehID="Car_2409" speed="4.02" length="5.00" type="DEFAULT_CAR" gap="1665.47"/>
    <instantOut id="235_D11" time="2628.25" state="stay" vehID="Car_2409" speed="4.02" length="5.00" type="DEFAULT_CAR"/>
    <instantOut id="235_D11" time="2628.50" state="stay" vehID="Car_2409" speed="3.38" length="5.00" type="DEFAULT_CAR"/>
    <instantOut id="235_D11" time="2628.75" state="stay" vehID="Car_2409" speed="2.63" length="5.00" type="DEFAULT_CAR"/>
    <instantOut id="235_D11" time="2629.00" state="stay" vehID="Car_2409" speed="1.88" length="5.00" type="DEFAULT_CAR"/>
    <instantOut id="235_D11" time="2629.25" state="stay" vehID="Car_2409" speed="1.18" length="5.00" type="DEFAULT_CAR"/>
    <instantOut id="235_D11" time="2629.50" state="stay" vehID="Car_2409" speed="0.44" length="5.00" type="DEFAULT_CAR"/>
    <instantOut id="235_D11" time="2629.75" state="stay" vehID="Car_2409" speed="0.05" length="5.00" type="DEFAULT_CAR"/>
    <instantOut id="235_D11" time="2630.00" state="stay" vehID="Car_2409" speed="0.00" length="5.00" type="DEFAULT_CAR"/>
    <instantOut id="235_D11" time="2630.25" state="stay" vehID="Car_2409" speed="0.00" length="5.00" type="DEFAULT_CAR"/>
    <instantOut id="235_D11" time="2630.50" state="stay" vehID="Car_2409" speed="0.00" length="5.00" type="DEFAULT_CAR"/>
    <instantOut id="235_D11" time="2630.75" state="stay" vehID="Car_2409" speed="0.00" length="5.00" type="DEFAULT_CAR"/>
    <instantOut id="235_D11" time="2631.00" state="stay" vehID="Car_2409" speed="0.00" length="5.00" type="DEFAULT_CAR"/>
    <instantOut id="235_D11" time="2631.25" state="stay" vehID="Car_2409" speed="0.00" length="5.00" type="DEFAULT_CAR"/>
    <instantOut id="235_D11" time="2631.50" state="stay" vehID="Car_2409" speed="0.00" length="5.00" type="DEFAULT_CAR"/>
    <instantOut id="235_D11" time="2631.75" state="stay" vehID="Car_2409" speed="0.00" length="5.00" type="DEFAULT_CAR"/>
    <instantOut id="235_D11" time="2632.00" state="stay" vehID="Car_2409" speed="0.00" length="5.00" type="DEFAULT_CAR"/>
    <instantOut id="235_D11" time="2632.25" state="stay" vehID="Car_2409" speed="0.00" length="5.00" type="DEFAULT_CAR"/>
    <instantOut id="235_D11" time="2632.50" state="stay" vehID="Car_2409" speed="0.00" length="5.00" type="DEFAULT_CAR"/>
    <instantOut id="235_D11" time="2632.75" state="stay" vehID="Car_2409" speed="0.00" length="5.00" type="DEFAULT_CAR"/>
    <instantOut id="235_D11" time="2633.00" state="stay" vehID="Car_2409" speed="0.00" length="5.00" type="DEFAULT_CAR"/>
    <instantOut id="235_D11" time="2633.25" state="stay" vehID="Car_2409" speed="0.00" length="5.00" type="DEFAULT_CAR"/>
    <instantOut id="235_D11" time="2633.50" state="stay" vehID="Car_2409" speed="0.00" length="5.00" type="DEFAULT_CAR"/>
    <instantOut id="235_D11" time="2633.75" state="stay" vehID="Car_2409" speed="0.00" length="5.00" type="DEFAULT_CAR"/>
    <instantOut id="235_D11" time="2634.00" state="stay" vehID="Car_2409" speed="0.00" length="5.00" type="DEFAULT_CAR"/>
    <instantOut id="235_D11" time="2634.25" state="stay" vehID="Car_2409" speed="0.00" length="5.00" type="DEFAULT_CAR"/>
    <instantOut id="235_D11" time="2634.50" state="stay" vehID="Car_2409" speed="0.00" length="5.00" type="DEFAULT_CAR"/>
    <instantOut id="235_D11" time="2634.75" state="stay" vehID="Car_2409" speed="0.00" length="5.00" type="DEFAULT_CAR"/>
    <instantOut id="235_D11" time="2635.00" state="stay" vehID="Car_2409" speed="0.00" length="5.00" type="DEFAULT_CAR"/>
    <instantOut id="235_D11" time="2635.25" state="stay" vehID="Car_2409" speed="0.00" length="5.00" type="DEFAULT_CAR"/>
    <instantOut id="235_D11" time="2635.50" state="stay" vehID="Car_2409" speed="0.00" length="5.00" type="DEFAULT_CAR"/>
    <instantOut id="235_D11" time="2635.75" state="stay" vehID="Car_2409" speed="0.00" length="5.00" type="DEFAULT_CAR"/>
    <instantOut id="235_D11" time="2636.00" state="stay" vehID="Car_2409" speed="0.92" length="5.00" type="DEFAULT_CAR"/>
    <instantOut id="235_D11" time="2636.25" state="stay" vehID="Car_2409" speed="1.75" length="5.00" type="DEFAULT_CAR"/>
    <instantOut id="235_D11" time="2636.50" state="stay" vehID="Car_2409" speed="2.67" length="5.00" type="DEFAULT_CAR"/>
    <instantOut id="235_D11" time="2636.70" state="leave" vehID="Car_2409" speed="3.40" length="5.00" type="DEFAULT_CAR" occupancy="8.60"/>
    <instantOut id="235_D11" time="9769.90" state="enter" vehID="Car_6109" speed="6.15" length="5.00" type="DEFAULT_CAR" gap="7133.20"/>
    <instantOut id="235_D11" time="9770.00" state="stay" vehID="Car_6109" speed="6.15" length="5.00" type="DEFAULT_CAR"/>
    <instantOut id="235_D11" time="9770.25" state="stay" vehID="Car_6109" speed="7.10" length="5.00" type="DEFAULT_CAR"/>
    <instantOut id="235_D11" time="9770.50" state="stay" vehID="Car_6109" speed="7.69" length="5.00" type="DEFAULT_CAR"/>
    <instantOut id="235_D11" time="9770.58" state="leave" vehID="Car_6109" speed="8.54" length="5.00" type="DEFAULT_CAR" occupancy="0.68"/>
    <instantOut id="235_D11" time="10247.95" state="enter" vehID="Car_6108" speed="4.45" length="5.00" type="DEFAULT_CAR" gap="477.37"/>
    <instantOut id="235_D11" time="10248.00" state="stay" vehID="Car_6108" speed="4.45" length="5.00" type="DEFAULT_CAR"/>
    <instantOut id="235_D11" time="10248.25" state="stay" vehID="Car_6108" speed="3.70" length="5.00" type="DEFAULT_CAR"/>
    <instantOut id="235_D11" time="10248.50" state="stay" vehID="Car_6108" speed="4.65" length="5.00" type="DEFAULT_CAR"/>
    <instantOut id="235_D11" time="10248.75" state="stay" vehID="Car_6108" speed="5.56" length="5.00" type="DEFAULT_CAR"/>
    <instantOut id="235_D11" time="10248.95" state="leave" vehID="Car_6108" speed="6.47" length="5.00" type="DEFAULT_CAR" occupancy="1.00"/>
    <instantOut id="235_D11" time="10358.95" state="enter" vehID="Car_6107" speed="6.00" length="5.00" type="DEFAULT_CAR" gap="110.00"/>
    <instantOut id="235_D11" time="10359.00" state="stay" vehID="Car_6107" speed="6.00" length="5.00" type="DEFAULT_CAR"/>
    <instantOut id="235_D11" time="10359.25" state="stay" vehID="Car_6107" speed="6.95" length="5.00" type="DEFAULT_CAR"/>
    <instantOut id="235_D11" time="10359.50" state="stay" vehID="Car_6107" speed="7.63" length="5.00" type="DEFAULT_CAR"/>
    <instantOut id="235_D11" time="10359.63" state="leave" vehID="Car_6107" speed="8.15" length="5.00" type="DEFAULT_CAR" occupancy="0.68"/>
    <instantOut id="235_D11" time="10523.89" state="enter" vehID="Car_6106" speed="5.97" length="5.00" type="DEFAULT_CAR" gap="164.26"/>
    <instantOut id="235_D11" time="10524.00" state="stay" vehID="Car_6106" speed="5.97" length="5.00" type="DEFAULT_CAR"/>
    <instantOut id="235_D11" time="10524.25" state="stay" vehID="Car_6106" speed="6.92" length="5.00" type="DEFAULT_CAR"/>
    <instantOut id="235_D11" time="10524.50" state="stay" vehID="Car_6106" speed="7.63" length="5.00" type="DEFAULT_CAR"/>
    <instantOut id="235_D11" time="10524.59" state="leave" vehID="Car_6106" speed="8.39" length="5.00" type="DEFAULT_CAR" occupancy="0.69"/>
    <instantOut id="235_D11" time="10662.91" state="enter" vehID="Car_6105" speed="6.14" length="5.00" type="DEFAULT_CAR" gap="138.32"/>
    <instantOut id="235_D11" time="10663.00" state="stay" vehID="Car_6105" speed="6.14" length="5.00" type="DEFAULT_CAR"/>
    <instantOut id="235_D11" time="10663.25" state="stay" vehID="Car_6105" speed="6.75" length="5.00" type="DEFAULT_CAR"/>
    <instantOut id="235_D11" time="10663.50" state="stay" vehID="Car_6105" speed="6.00" length="5.00" type="DEFAULT_CAR"/>
    <instantOut id="235_D11" time="10663.71" state="leave" vehID="Car_6105" speed="5.80" length="5.00" type="DEFAULT_CAR" occupancy="0.81"/>
    <instantOut id="235_D11" time="10699.02" state="enter" vehID="Car_6104" speed="3.85" length="5.00" type="DEFAULT_CAR" gap="35.31"/>
    <instantOut id="235_D11" time="10699.25" state="stay" vehID="Car_6104" speed="3.85" length="5.00" type="DEFAULT_CAR"/>
    <instantOut id="235_D11" time="10699.50" state="stay" vehID="Car_6104" speed="3.10" length="5.00" type="DEFAULT_CAR"/>
    <instantOut id="235_D11" time="10699.75" state="stay" vehID="Car_6104" speed="2.43" length="5.00" type="DEFAULT_CAR"/>
    <instantOut id="235_D11" time="10700.00" state="stay" vehID="Car_6104" speed="1.68" length="5.00" type="DEFAULT_CAR"/>
    <instantOut id="235_D11" time="10700.25" state="stay" vehID="Car_6104" speed="0.93" length="5.00" type="DEFAULT_CAR"/>
    <instantOut id="235_D11" time="10700.50" state="stay" vehID="Car_6104" speed="0.25" length="5.00" type="DEFAULT_CAR"/>
    <instantOut id="235_D11" time="10700.75" state="stay" vehID="Car_6104" speed="0.01" length="5.00" type="DEFAULT_CAR"/>
    <instantOut id="235_D11" time="10701.00" state="stay" vehID="Car_6104" speed="0.00" length="5.00" type="DEFAULT_CAR"/>
    <instantOut id="235_D11" time="10701.25" state="stay" vehID="Car_6104" speed="0.00" length="5.00" type="DEFAULT_CAR"/>
    <instantOut id="235_D11" time="10701.50" state="stay" vehID="Car_6104" speed="0.00" length="5.00" type="DEFAULT_CAR"/>
    <instantOut id="235_D11" time="10701.75" state="stay" vehID="Car_6104" speed="0.00" length="5.00" type="DEFAULT_CAR"/>
    <instantOut id="235_D11" time="10702.00" state="stay" vehID="Car_6104" speed="0.00" length="5.00" type="DEFAULT_CAR"/>
    <instantOut id="235_D11" time="10702.25" state="stay" vehID="Car_6104" speed="0.00" length="5.00" type="DEFAULT_CAR"/>
    <instantOut id="235_D11" time="10702.50" state="stay" vehID="Car_6104" speed="0.00" length="5.00" type="DEFAULT_CAR"/>
    <instantOut id="235_D11" time="10702.75" state="stay" vehID="Car_6104" speed="0.00" length="5.00" type="DEFAULT_CAR"/>
    <instantOut id="235_D11" time="10703.00" state="stay" vehID="Car_6104" speed="0.00" length="5.00" type="DEFAULT_CAR"/>
    <instantOut id="235_D11" time="10703.25" state="stay" vehID="Car_6104" speed="0.00" length="5.00" type="DEFAULT_CAR"/>
    <instantOut id="235_D11" time="10703.50" state="stay" vehID="Car_6104" speed="0.00" length="5.00" type="DEFAULT_CAR"/>
    <instantOut id="235_D11" time="10703.75" state="stay" vehID="Car_6104" speed="0.00" length="5.00" type="DEFAULT_CAR"/>
    <instantOut id="235_D11" time="10704.00" state="stay" vehID="Car_6104" speed="0.00" length="5.00" type="DEFAULT_CAR"/>
    <instantOut id="235_D11" time="10704.25" state="stay" vehID="Car_6104" speed="0.00" length="5.00" type="DEFAULT_CAR"/>
    <instantOut id="235_D11" time="10704.50" state="stay" vehID="Car_6104" speed="0.00" length="5.00" type="DEFAULT_CAR"/>
    <instantOut id="235_D11" time="10704.75" state="stay" vehID="Car_6104" speed="0.00" length="5.00" type="DEFAULT_CAR"/>
    <instantOut id="235_D11" time="10705.00" state="stay" vehID="Car_6104" speed="0.00" length="5.00" type="DEFAULT_CAR"/>
    <instantOut id="235_D11" time="10705.25" state="stay" vehID="Car_6104" speed="0.00" length="5.00" type="DEFAULT_CAR"/>
    <instantOut id="235_D11" time="10705.50" state="stay" vehID="Car_6104" speed="0.00" length="5.00" type="DEFAULT_CAR"/>
    <instantOut id="235_D11" time="10705.75" state="stay" vehID="Car_6104" speed="0.00" length="5.00" type="DEFAULT_CAR"/>
    <instantOut id="235_D11" time="10706.00" state="stay" vehID="Car_6104" speed="0.00" length="5.00" type="DEFAULT_CAR"/>
    <instantOut id="235_D11" time="10706.25" state="stay" vehID="Car_6104" speed="0.00" length="5.00" type="DEFAULT_CAR"/>
    <instantOut id="235_D11" time="10706.50" state="stay" vehID="Car_6104" speed="0.00" length="5.00" type="DEFAULT_CAR"/>
    <instantOut id="235_D11" time="10706.75" state="stay" vehID="Car_6104" speed="0.00" length="5.00" type="DEFAULT_CAR"/>
    <instantOut id="235_D11" time="10707.00" state="stay" vehID="Car_6104" speed="0.00" length="5.00" type="DEFAULT_CAR"/>
    <instantOut id="235_D11" time="10707.25" state="stay" vehID="Car_6104" speed="0.00" length="5.00" type="DEFAULT_CAR"/>
    <instantOut id="235_D11" time="10707.50" state="stay" vehID="Car_6104" speed="0.00" length="5.00" type="DEFAULT_CAR"/>
    <instantOut id="235_D11" time="10707.75" state="stay" vehID="Car_6104" speed="0.00" length="5.00" type="DEFAULT_CAR"/>
    <instantOut id="235_D11" time="10708.00" state="stay" vehID="Car_6104" speed="0.00" length="5.00" type="DEFAULT_CAR"/>
    <instantOut id="235_D11" time="10708.25" state="stay" vehID="Car_6104" speed="0.00" length="5.00" type="DEFAULT_CAR"/>
    <instantOut id="235_D11" time="10708.50" state="stay" vehID="Car_6104" speed="0.00" length="5.00" type="DEFAULT_CAR"/>
    <instantOut id="235_D11" time="10708.75" state="stay" vehID="Car_6104" speed="0.00" length="5.00" type="DEFAULT_CAR"/>
    <instantOut id="235_D11" time="10709.00" state="stay" vehID="Car_6104" speed="0.00" length="5.00" type="DEFAULT_CAR"/>
    <instantOut id="235_D11" time="10709.25" state="stay" vehID="Car_6104" speed="0.00" length="5.00" type="DEFAULT_CAR"/>
    <instantOut id="235_D11" time="10709.50" state="stay" vehID="Car_6104" speed="0.00" length="5.00" type="DEFAULT_CAR"/>
    <instantOut id="235_D11" time="10709.75" state="stay" vehID="Car_6104" speed="0.00" length="5.00" type="DEFAULT_CAR"/>
    <instantOut id="235_D11" time="10710.00" state="stay" vehID="Car_6104" speed="0.00" length="5.00" type="DEFAULT_CAR"/>
    <instantOut id="235_D11" time="10710.25" state="stay" vehID="Car_6104" speed="0.00" length="5.00" type="DEFAULT_CAR"/>
    <instantOut id="235_D11" time="10710.50" state="stay" vehID="Car_6104" speed="0.00" length="5.00" type="DEFAULT_CAR"/>
    <instantOut id="235_D11" time="10710.75" state="stay" vehID="Car_6104" speed="0.00" length="5.00" type="DEFAULT_CAR"/>
    <instantOut id="235_D11" time="10711.00" state="stay" vehID="Car_6104" speed="0.00" length="5.00" type="DEFAULT_CAR"/>
    <instantOut id="235_D11" time="10711.25" state="stay" vehID="Car_6104" speed="0.00" length="5.00" type="DEFAULT_CAR"/>
    <instantOut id="235_D11" time="10711.50" state="stay" vehID="Car_6104" speed="0.00" length="5.00" type="DEFAULT_CAR"/>
    <instantOut id="235_D11" time="10711.75" state="stay" vehID="Car_6104" speed="0.00" length="5.00" type="DEFAULT_CAR"/>
    <instantOut id="235_D11" time="10712.00" state="stay" vehID="Car_6104" speed="0.00" length="5.00" type="DEFAULT_CAR"/>
    <instantOut id="235_D11" time="10712.25" state="stay" vehID="Car_6104" speed="0.00" length="5.00" type="DEFAULT_CAR"/>
    <instantOut id="235_D11" time="10712.50" state="stay" vehID="Car_6104" speed="0.00" length="5.00" type="DEFAULT_CAR"/>
    <instantOut id="235_D11" time="10712.75" state="stay" vehID="Car_6104" speed="0.00" length="5.00" type="DEFAULT_CAR"/>
    <instantOut id="235_D11" time="10713.00" state="stay" vehID="Car_6104" speed="0.00" length="5.00" type="DEFAULT_CAR"/>
    <instantOut id="235_D11" time="10713.25" state="stay" vehID="Car_6104" speed="0.00" length="5.00" type="DEFAULT_CAR"/>
    <instantOut id="235_D11" time="10713.50" state="stay" vehID="Car_6104" speed="0.00" length="5.00" type="DEFAULT_CAR"/>
    <instantOut id="235_D11" time="10713.75" state="stay" vehID="Car_6104" speed="0.00" length="5.00" type="DEFAULT_CAR"/>
    <instantOut id="235_D11" time="10714.00" state="stay" vehID="Car_6104" speed="0.00" length="5.00" type="DEFAULT_CAR"/>
    <instantOut id="235_D11" time="10714.25" state="stay" vehID="Car_6104" speed="0.00" length="5.00" type="DEFAULT_CAR"/>
    <instantOut id="235_D11" time="10714.50" state="stay" vehID="Car_6104" speed="0.00" length="5.00" type="DEFAULT_CAR"/>
    <instantOut id="235_D11" time="10714.75" state="stay" vehID="Car_6104" speed="0.00" length="5.00" type="DEFAULT_CAR"/>
    <instantOut id="235_D11" time="10715.00" state="stay" vehID="Car_6104" speed="0.00" length="5.00" type="DEFAULT_CAR"/>
    <instantOut id="235_D11" time="10715.25" state="stay" vehID="Car_6104" speed="0.00" length="5.00" type="DEFAULT_CAR"/>
    <instantOut id="235_D11" time="10715.50" state="stay" vehID="Car_6104" speed="0.00" length="5.00" type="DEFAULT_CAR"/>
    <instantOut id="235_D11" time="10715.75" state="stay" vehID="Car_6104" speed="0.00" length="5.00" type="DEFAULT_CAR"/>
    <instantOut id="235_D11" time="10716.00" state="stay" vehID="Car_6104" speed="0.00" length="5.00" type="DEFAULT_CAR"/>
    <instantOut id="235_D11" time="10716.25" state="stay" vehID="Car_6104" speed="0.95" length="5.00" type="DEFAULT_CAR"/>
    <instantOut id="235_D11" time="10716.50" state="stay" vehID="Car_6104" speed="1.70" length="5.00" type="DEFAULT_CAR"/>
    <instantOut id="235_D11" time="10716.75" state="stay" vehID="Car_6104" speed="2.40" length="5.00" type="DEFAULT_CAR"/>
    <instantOut id="235_D11" time="10716.98" state="leave" vehID="Car_6104" speed="3.28" length="5.00" type="DEFAULT_CAR" occupancy="17.96"/>
    <instantOut id="235_D11" time="11642.12" state="enter" vehID="Car_6507" speed="3.88" length="5.00" type="DEFAULT_CAR" gap="925.14"/>
    <instantOut id="235_D11" time="11642.25" state="stay" vehID="Car_6507" speed="3.88" length="5.00" type="DEFAULT_CAR"/>
    <instantOut id="235_D11" time="11642.50" state="stay" vehID="Car_6507" speed="3.25" length="5.00" type="DEFAULT_CAR"/>
    <instantOut id="235_D11" time="11642.75" state="stay" vehID="Car_6507" speed="2.73" length="5.00" type="DEFAULT_CAR"/>
    <instantOut id="235_D11" time="11643.00" state="stay" vehID="Car_6507" speed="1.98" length="5.00" type="DEFAULT_CAR"/>
    <instantOut id="235_D11" time="11643.25" state="stay" vehID="Car_6507" speed="1.23" length="5.00" type="DEFAULT_CAR"/>
    <instantOut id="235_D11" time="11643.50" state="stay" vehID="Car_6507" speed="0.66" length="5.00" type="DEFAULT_CAR"/>
    <instantOut id="235_D11" time="11643.75" state="stay" vehID="Car_6507" speed="0.05" length="5.00" type="DEFAULT_CAR"/>
    <instantOut id="235_D11" time="11644.00" state="stay" vehID="Car_6507" speed="0.01" length="5.00" type="DEFAULT_CAR"/>
    <instantOut id="235_D11" time="11644.25" state="stay" vehID="Car_6507" speed="0.00" length="5.00" type="DEFAULT_CAR"/>
    <instantOut id="235_D11" time="11644.50" state="stay" vehID="Car_6507" speed="0.00" length="5.00" type="DEFAULT_CAR"/>
    <instantOut id="235_D11" time="11644.75" state="stay" vehID="Car_6507" speed="0.00" length="5.00" type="DEFAULT_CAR"/>
    <instantOut id="235_D11" time="11645.00" state="stay" vehID="Car_6507" speed="0.00" length="5.00" type="DEFAULT_CAR"/>
    <instantOut id="235_D11" time="11645.25" state="stay" vehID="Car_6507" speed="0.00" length="5.00" type="DEFAULT_CAR"/>
    <instantOut id="235_D11" time="11645.50" state="stay" vehID="Car_6507" speed="0.00" length="5.00" type="DEFAULT_CAR"/>
    <instantOut id="235_D11" time="11645.75" state="stay" vehID="Car_6507" speed="0.00" length="5.00" type="DEFAULT_CAR"/>
    <instantOut id="235_D11" time="11646.00" state="stay" vehID="Car_6507" speed="0.00" length="5.00" type="DEFAULT_CAR"/>
    <instantOut id="235_D11" time="11646.25" state="stay" vehID="Car_6507" speed="0.00" length="5.00" type="DEFAULT_CAR"/>
    <instantOut id="235_D11" time="11646.50" state="stay" vehID="Car_6507" speed="0.00" length="5.00" type="DEFAULT_CAR"/>
    <instantOut id="235_D11" time="11646.75" state="stay" vehID="Car_6507" speed="0.00" length="5.00" type="DEFAULT_CAR"/>
    <instantOut id="235_D11" time="11647.00" state="stay" vehID="Car_6507" speed="0.00" length="5.00" type="DEFAULT_CAR"/>
    <instantOut id="235_D11" time="11647.25" state="stay" vehID="Car_6507" speed="0.00" length="5.00" type="DEFAULT_CAR"/>
    <instantOut id="235_D11" time="11647.50" state="stay" vehID="Car_6507" speed="0.00" length="5.00" type="DEFAULT_CAR"/>
    <instantOut id="235_D11" time="11647.75" state="stay" vehID="Car_6507" speed="0.00" length="5.00" type="DEFAULT_CAR"/>
    <instantOut id="235_D11" time="11648.00" state="stay" vehID="Car_6507" speed="0.00" length="5.00" type="DEFAULT_CAR"/>
    <instantOut id="235_D11" time="11648.25" state="stay" vehID="Car_6507" speed="0.00" length="5.00" type="DEFAULT_CAR"/>
    <instantOut id="235_D11" time="11648.50" state="stay" vehID="Car_6507" speed="0.00" length="5.00" type="DEFAULT_CAR"/>
    <instantOut id="235_D11" time="11648.75" state="stay" vehID="Car_6507" speed="0.00" length="5.00" type="DEFAULT_CAR"/>
    <instantOut id="235_D11" time="11649.00" state="stay" vehID="Car_6507" speed="0.00" length="5.00" type="DEFAULT_CAR"/>
    <instantOut id="235_D11" time="11649.25" state="stay" vehID="Car_6507" speed="0.00" length="5.00" type="DEFAULT_CAR"/>
    <instantOut id="235_D11" time="11649.50" state="stay" vehID="Car_6507" speed="0.00" length="5.00" type="DEFAULT_CAR"/>
    <instantOut id="235_D11" time="11649.75" state="stay" vehID="Car_6507" speed="0.34" length="5.00" type="DEFAULT_CAR"/>
    <instantOut id="235_D11" time="11650.00" state="stay" vehID="Car_6507" speed="0.67" length="5.00" type="DEFAULT_CAR"/>
    <instantOut id="235_D11" time="11650.25" state="stay" vehID="Car_6507" speed="1.17" length="5.00" type="DEFAULT_CAR"/>
    <instantOut id="235_D11" time="11650.50" state="stay" vehID="Car_6507" speed="1.70" length="5.00" type="DEFAULT_CAR"/>
    <instantOut id="235_D11" time="11650.75" state="stay" vehID="Car_6507" speed="2.45" length="5.00" type="DEFAULT_CAR"/>
    <instantOut id="235_D11" time="11650.89" state="leave" vehID="Car_6507" speed="3.14" length="5.00" type="DEFAULT_CAR" occupancy="8.77"/>
    <instantOut id="235_D11" time="11921.90" state="enter" vehID="Car_6515" speed="6.08" length="5.00" type="DEFAULT_CAR" gap="271.01"/>
    <instantOut id="235_D11" time="11922.00" state="stay" vehID="Car_6515" speed="6.08" length="5.00" type="DEFAULT_CAR"/>
    <instantOut id="235_D11" time="11922.25" state="stay" vehID="Car_6515" speed="7.03" length="5.00" type="DEFAULT_CAR"/>
    <instantOut id="235_D11" time="11922.50" state="stay" vehID="Car_6515" speed="7.63" length="5.00" type="DEFAULT_CAR"/>
    <instantOut id="235_D11" time="11922.59" state="leave" vehID="Car_6515" speed="7.81" length="5.00" type="DEFAULT_CAR" occupancy="0.69"/>
    <instantOut id="235_D11" time="13601.93" state="enter" vehID="Car_7741" speed="6.02" length="5.00" type="DEFAULT_CAR" gap="1679.34"/>
    <instantOut id="235_D11" time="13602.00" state="stay" vehID="Car_7741" speed="6.02" length="5.00" type="DEFAULT_CAR"/>
    <instantOut id="235_D11" time="13602.25" state="stay" vehID="Car_7741" speed="6.97" length="5.00" type="DEFAULT_CAR"/>
    <instantOut id="235_D11" time="13602.50" state="stay" vehID="Car_7741" speed="7.02" length="5.00" type="DEFAULT_CAR"/>
    <instantOut id="235_D11" time="13602.66" state="leave" vehID="Car_7741" speed="6.77" length="5.00" type="DEFAULT_CAR" occupancy="0.73"/>
    <instantOut id="235_D11" time="13802.87" state="enter" vehID="Car_7742" speed="5.62" length="5.00" type="DEFAULT_CAR" gap="200.21"/>
    <instantOut id="235_D11" time="13803.00" state="stay" vehID="Car_7742" speed="5.62" length="5.00" type="DEFAULT_CAR"/>
    <instantOut id="235_D11" time="13803.25" state="stay" vehID="Car_7742" speed="6.57" length="5.00" type="DEFAULT_CAR"/>
    <instantOut id="235_D11" time="13803.50" state="stay" vehID="Car_7742" speed="7.26" length="5.00" type="DEFAULT_CAR"/>
    <instantOut id="235_D11" time="13803.60" state="leave" vehID="Car_7742" speed="8.05" length="5.00" type="DEFAULT_CAR" occupancy="0.73"/>
    <instantOut id="235_D11" time="14012.93" state="enter" vehID="Car_7743" speed="6.02" length="5.00" type="DEFAULT_CAR" gap="209.33"/>
    <instantOut id="235_D11" time="14013.00" state="stay" vehID="Car_7743" speed="6.02" length="5.00" type="DEFAULT_CAR"/>
    <instantOut id="235_D11" time="14013.25" state="stay" vehID="Car_7743" speed="6.97" length="5.00" type="DEFAULT_CAR"/>
    <instantOut id="235_D11" time="14013.50" state="stay" vehID="Car_7743" speed="6.22" length="5.00" type="DEFAULT_CAR"/>
    <instantOut id="235_D11" time="14013.70" state="leave" vehID="Car_7743" speed="6.39" length="5.00" type="DEFAULT_CAR" occupancy="0.77"/>
    <instantOut id="235_D11" time="15168.97" state="enter" vehID="Car_9009" speed="4.44" length="5.00" type="DEFAULT_CAR" gap="1155.27"/>
    <instantOut id="235_D11" time="15169.00" state="stay" vehID="Car_9009" speed="4.44" length="5.00" type="DEFAULT_CAR"/>
    <instantOut id="235_D11" time="15169.25" state="stay" vehID="Car_9009" speed="5.20" length="5.00" type="DEFAULT_CAR"/>
    <instantOut id="235_D11" time="15169.50" state="stay" vehID="Car_9009" speed="6.15" length="5.00" type="DEFAULT_CAR"/>
    <instantOut id="235_D11" time="15169.75" state="stay" vehID="Car_9009" speed="6.97" length="5.00" type="DEFAULT_CAR"/>
    <instantOut id="235_D11" time="15169.79" state="leave" vehID="Car_9009" speed="7.50" length="5.00" type="DEFAULT_CAR" occupancy="0.82"/>
    <instantOut id="235_D11" time="18067.90" state="enter" vehID="Car_9765" speed="6.04" length="5.00" type="DEFAULT_CAR" gap="2898.11"/>
    <instantOut id="235_D11" time="18068.00" state="stay" vehID="Car_9765" speed="6.04" length="5.00" type="DEFAULT_CAR"/>
    <instantOut id="235_D11" time="18068.25" state="stay" vehID="Car_9765" speed="5.31" length="5.00" type="DEFAULT_CAR"/>
    <instantOut id="235_D11" time="18068.50" state="stay" vehID="Car_9765" speed="4.56" length="5.00" type="DEFAULT_CAR"/>
    <instantOut id="235_D11" time="18068.75" state="stay" vehID="Car_9765" speed="3.99" length="5.00" type="DEFAULT_CAR"/>
    <instantOut id="235_D11" time="18068.99" state="leave" vehID="Car_9765" speed="3.86" length="5.00" type="DEFAULT_CAR" occupancy="1.09"/>
    <instantOut id="235_D11" time="18450.91" state="enter" vehID="Car_9875" speed="6.21" length="5.00" type="DEFAULT_CAR" gap="381.92"/>
    <instantOut id="235_D11" time="18451.00" state="stay" vehID="Car_9875" speed="6.21" length="5.00" type="DEFAULT_CAR"/>
    <instantOut id="235_D11" time="18451.25" state="stay" vehID="Car_9875" speed="7.16" length="5.00" type="DEFAULT_CAR"/>
    <instantOut id="235_D11" time="18451.50" state="stay" vehID="Car_9875" speed="6.54" length="5.00" type="DEFAULT_CAR"/>
    <instantOut id="235_D11" time="18451.66" state="leave" vehID="Car_9875" speed="6.41" length="5.00" type="DEFAULT_CAR" occupancy="0.75"/>
    <instantOut id="235_D11" time="18589.91" state="enter" vehID="Car_9874" speed="4.24" length="5.00" type="DEFAULT_CAR" gap="138.25"/>
    <instantOut id="235_D11" time="18590.00" state="stay" vehID="Car_9874" speed="4.24" length="5.00" type="DEFAULT_CAR"/>
    <instantOut id="235_D11" time="18590.25" state="stay" vehID="Car_9874" speed="3.49" length="5.00" type="DEFAULT_CAR"/>
    <instantOut id="235_D11" time="18590.50" state="stay" vehID="Car_9874" speed="2.76" length="5.00" type="DEFAULT_CAR"/>
    <instantOut id="235_D11" time="18590.75" state="stay" vehID="Car_9874" speed="2.01" length="5.00" type="DEFAULT_CAR"/>
    <instantOut id="235_D11" time="18591.00" state="stay" vehID="Car_9874" speed="1.35" length="5.00" type="DEFAULT_CAR"/>
    <instantOut id="235_D11" time="18591.25" state="stay" vehID="Car_9874" speed="0.72" length="5.00" type="DEFAULT_CAR"/>
    <instantOut id="235_D11" time="18591.50" state="stay" vehID="Car_9874" speed="0.09" length="5.00" type="DEFAULT_CAR"/>
    <instantOut id="235_D11" time="18591.75" state="stay" vehID="Car_9874" speed="0.00" length="5.00" type="DEFAULT_CAR"/>
    <instantOut id="235_D11" time="18592.00" state="stay" vehID="Car_9874" speed="0.00" length="5.00" type="DEFAULT_CAR"/>
    <instantOut id="235_D11" time="18592.25" state="stay" vehID="Car_9874" speed="0.00" length="5.00" type="DEFAULT_CAR"/>
    <instantOut id="235_D11" time="18592.50" state="stay" vehID="Car_9874" speed="0.00" length="5.00" type="DEFAULT_CAR"/>
    <instantOut id="235_D11" time="18592.75" state="stay" vehID="Car_9874" speed="0.00" length="5.00" type="DEFAULT_CAR"/>
    <instantOut id="235_D11" time="18593.00" state="stay" vehID="Car_9874" speed="0.00" length="5.00" type="DEFAULT_CAR"/>
    <instantOut id="235_D11" time="18593.25" state="stay" vehID="Car_9874" speed="0.00" length="5.00" type="DEFAULT_CAR"/>
    <instantOut id="235_D11" time="18593.50" state="stay" vehID="Car_9874" speed="0.00" length="5.00" type="DEFAULT_CAR"/>
    <instantOut id="235_D11" time="18593.75" state="stay" vehID="Car_9874" speed="0.00" length="5.00" type="DEFAULT_CAR"/>
    <instantOut id="235_D11" time="18594.00" state="stay" vehID="Car_9874" speed="0.00" length="5.00" type="DEFAULT_CAR"/>
    <instantOut id="235_D11" time="18594.25" state="stay" vehID="Car_9874" speed="0.00" length="5.00" type="DEFAULT_CAR"/>
    <instantOut id="235_D11" time="18594.50" state="stay" vehID="Car_9874" speed="0.00" length="5.00" type="DEFAULT_CAR"/>
    <instantOut id="235_D11" time="18594.75" state="stay" vehID="Car_9874" speed="0.00" length="5.00" type="DEFAULT_CAR"/>
    <instantOut id="235_D11" time="18595.00" state="stay" vehID="Car_9874" speed="0.00" length="5.00" type="DEFAULT_CAR"/>
    <instantOut id="235_D11" time="18595.25" state="stay" vehID="Car_9874" speed="0.00" length="5.00" type="DEFAULT_CAR"/>
    <instantOut id="235_D11" time="18595.50" state="stay" vehID="Car_9874" speed="0.00" length="5.00" type="DEFAULT_CAR"/>
    <instantOut id="235_D11" time="18595.75" state="stay" vehID="Car_9874" speed="0.00" length="5.00" type="DEFAULT_CAR"/>
    <instantOut id="235_D11" time="18596.00" state="stay" vehID="Car_9874" speed="0.00" length="5.00" type="DEFAULT_CAR"/>
    <instantOut id="235_D11" time="18596.25" state="stay" vehID="Car_9874" speed="0.00" length="5.00" type="DEFAULT_CAR"/>
    <instantOut id="235_D11" time="18596.50" state="stay" vehID="Car_9874" speed="0.00" length="5.00" type="DEFAULT_CAR"/>
    <instantOut id="235_D11" time="18596.75" state="stay" vehID="Car_9874" speed="0.00" length="5.00" type="DEFAULT_CAR"/>
    <instantOut id="235_D11" time="18597.00" state="stay" vehID="Car_9874" speed="0.00" length="5.00" type="DEFAULT_CAR"/>
    <instantOut id="235_D11" time="18597.25" state="stay" vehID="Car_9874" speed="0.00" length="5.00" type="DEFAULT_CAR"/>
    <instantOut id="235_D11" time="18597.50" state="stay" vehID="Car_9874" speed="0.00" length="5.00" type="DEFAULT_CAR"/>
    <instantOut id="235_D11" time="18597.75" state="stay" vehID="Car_9874" speed="0.00" length="5.00" type="DEFAULT_CAR"/>
    <instantOut id="235_D11" time="18598.00" state="stay" vehID="Car_9874" speed="0.00" length="5.00" type="DEFAULT_CAR"/>
    <instantOut id="235_D11" time="18598.25" state="stay" vehID="Car_9874" speed="0.00" length="5.00" type="DEFAULT_CAR"/>
    <instantOut id="235_D11" time="18598.50" state="stay" vehID="Car_9874" speed="0.00" length="5.00" type="DEFAULT_CAR"/>
    <instantOut id="235_D11" time="18598.75" state="stay" vehID="Car_9874" speed="0.00" length="5.00" type="DEFAULT_CAR"/>
    <instantOut id="235_D11" time="18599.00" state="stay" vehID="Car_9874" speed="0.00" length="5.00" type="DEFAULT_CAR"/>
    <instantOut id="235_D11" time="18599.25" state="stay" vehID="Car_9874" speed="0.00" length="5.00" type="DEFAULT_CAR"/>
    <instantOut id="235_D11" time="18599.50" state="stay" vehID="Car_9874" speed="0.00" length="5.00" type="DEFAULT_CAR"/>
    <instantOut id="235_D11" time="18599.75" state="stay" vehID="Car_9874" speed="0.00" length="5.00" type="DEFAULT_CAR"/>
    <instantOut id="235_D11" time="18600.00" state="stay" vehID="Car_9874" speed="0.00" length="5.00" type="DEFAULT_CAR"/>
    <instantOut id="235_D11" time="18600.25" state="stay" vehID="Car_9874" speed="0.00" length="5.00" type="DEFAULT_CAR"/>
    <instantOut id="235_D11" time="18600.50" state="stay" vehID="Car_9874" speed="0.86" length="5.00" type="DEFAULT_CAR"/>
    <instantOut id="235_D11" time="18600.75" state="stay" vehID="Car_9874" speed="1.71" length="5.00" type="DEFAULT_CAR"/>
    <instantOut id="235_D11" time="18601.00" state="stay" vehID="Car_9874" speed="2.48" length="5.00" type="DEFAULT_CAR"/>
    <instantOut id="235_D11" time="18601.25" state="leave" vehID="Car_9874" speed="3.04" length="5.00" type="DEFAULT_CAR" occupancy="11.34"/>
    <instantOut id="235_D11" time="18722.96" state="enter" vehID="Car_10600" speed="5.21" length="5.00" type="DEFAULT_CAR" gap="121.71"/>
    <instantOut id="235_D11" time="18723.00" state="stay" vehID="Car_10600" speed="5.21" length="5.00" type="DEFAULT_CAR"/>
    <instantOut id="235_D11" time="18723.25" state="stay" vehID="Car_10600" speed="5.29" length="5.00" type="DEFAULT_CAR"/>
    <instantOut id="235_D11" time="18723.50" state="stay" vehID="Car_10600" speed="5.22" length="5.00" type="DEFAULT_CAR"/>
    <instantOut id="235_D11" time="18723.75" state="stay" vehID="Car_10600" speed="4.47" length="5.00" type="DEFAULT_CAR"/>
    <instantOut id="235_D11" time="18723.95" state="leave" vehID="Car_10600" speed="5.14" length="5.00" type="DEFAULT_CAR" occupancy="0.99"/>
    <instantOut id="235_D11" time="18804.06" state="enter" vehID="Car_10576" speed="5.44" length="5.00" type="DEFAULT_CAR" gap="80.11"/>
    <instantOut id="235_D11" time="18804.25" state="stay" vehID="Car_10576" speed="5.44" length="5.00" type="DEFAULT_CAR"/>
    <instantOut id="235_D11" time="18804.50" state="stay" vehID="Car_10576" speed="6.39" length="5.00" type="DEFAULT_CAR"/>
    <instantOut id="235_D11" time="18804.75" state="stay" vehID="Car_10576" speed="7.08" length="5.00" type="DEFAULT_CAR"/>
    <instantOut id="235_D11" time="18804.82" state="leave" vehID="Car_10576" speed="7.74" length="5.00" type="DEFAULT_CAR" occupancy="0.77"/>
    <instantOut id="235_D11" time="18899.89" state="enter" vehID="Car_10621" speed="6.09" length="5.00" type="DEFAULT_CAR" gap="95.06"/>
    <instantOut id="235_D11" time="18900.00" state="stay" vehID="Car_10621" speed="6.09" length="5.00" type="DEFAULT_CAR"/>
    <instantOut id="235_D11" time="18900.25" state="stay" vehID="Car_10621" speed="7.04" length="5.00" type="DEFAULT_CAR"/>
    <instantOut id="235_D11" time="18900.50" state="stay" vehID="Car_10621" speed="7.71" length="5.00" type="DEFAULT_CAR"/>
    <instantOut id="235_D11" time="18900.58" state="leave" vehID="Car_10621" speed="7.51" length="5.00" type="DEFAULT_CAR" occupancy="0.70"/>
    <instantOut id="235_D11" time="18912.00" state="enter" vehID="Car_10575" speed="4.46" length="5.00" type="DEFAULT_CAR" gap="11.41"/>
    <instantOut id="235_D11" time="18912.00" state="stay" vehID="Car_10575" speed="4.46" length="5.00" type="DEFAULT_CAR"/>
    <instantOut id="235_D11" time="18912.25" state="stay" vehID="Car_10575" speed="3.73" length="5.00" type="DEFAULT_CAR"/>
    <instantOut id="235_D11" time="18912.50" state="stay" vehID="Car_10575" speed="2.98" length="5.00" type="DEFAULT_CAR"/>
    <instantOut id="235_D11" time="18912.75" state="stay" vehID="Car_10575" speed="2.38" length="5.00" type="DEFAULT_CAR"/>
    <instantOut id="235_D11" time="18913.00" state="stay" vehID="Car_10575" speed="1.66" length="5.00" type="DEFAULT_CAR"/>
    <instantOut id="235_D11" time="18913.25" state="stay" vehID="Car_10575" speed="0.91" length="5.00" type="DEFAULT_CAR"/>
    <instantOut id="235_D11" time="18913.50" state="stay" vehID="Car_10575" speed="0.19" length="5.00" type="DEFAULT_CAR"/>
    <instantOut id="235_D11" time="18913.75" state="stay" vehID="Car_10575" speed="0.00" length="5.00" type="DEFAULT_CAR"/>
    <instantOut id="235_D11" time="18914.00" state="stay" vehID="Car_10575" speed="0.00" length="5.00" type="DEFAULT_CAR"/>
    <instantOut id="235_D11" time="18914.25" state="stay" vehID="Car_10575" speed="0.00" length="5.00" type="DEFAULT_CAR"/>
    <instantOut id="235_D11" time="18914.50" state="stay" vehID="Car_10575" speed="0.88" length="5.00" type="DEFAULT_CAR"/>
    <instantOut id="235_D11" time="18914.75" state="stay" vehID="Car_10575" speed="1.81" length="5.00" type="DEFAULT_CAR"/>
    <instantOut id="235_D11" time="18915.00" state="stay" vehID="Car_10575" speed="2.45" length="5.00" type="DEFAULT_CAR"/>
    <instantOut id="235_D11" time="18915.24" state="leave" vehID="Car_10575" speed="3.03" length="5.00" type="DEFAULT_CAR" occupancy="3.25"/>
    <instantOut id="235_D11" time="19044.89" state="enter" vehID="Car_10574" speed="5.97" length="5.00" type="DEFAULT_CAR" gap="129.64"/>
    <instantOut id="235_D11" time="19045.00" state="stay" vehID="Car_10574" speed="5.97" length="5.00" type="DEFAULT_CAR"/>
    <instantOut id="235_D11" time="19045.25" state="stay" vehID="Car_10574" speed="6.92" length="5.00" type="DEFAULT_CAR"/>
    <instantOut id="235_D11" time="19045.50" state="stay" vehID="Car_10574" speed="7.50" length="5.00" type="DEFAULT_CAR"/>
    <instantOut id="235_D11" time="19045.59" state="leave" vehID="Car_10574" speed="8.32" length="5.00" type="DEFAULT_CAR" occupancy="0.70"/>
    <instantOut id="235_D11" time="21550.06" state="enter" vehID="Car_12314" speed="3.89" length="5.00" type="DEFAULT_CAR" gap="2504.47"/>
    <instantOut id="235_D11" time="21550.25" state="stay" vehID="Car_12314" speed="3.89" length="5.00" type="DEFAULT_CAR"/>
    <instantOut id="235_D11" time="21550.50" state="stay" vehID="Car_12314" speed="3.18" length="5.00" type="DEFAULT_CAR"/>
    <instantOut id="235_D11" time="21550.75" state="stay" vehID="Car_12314" speed="2.44" length="5.00" type="DEFAULT_CAR"/>
    <instantOut id="235_D11" time="21551.00" state="stay" vehID="Car_12314" speed="1.81" length="5.00" type="DEFAULT_CAR"/>
    <instantOut id="235_D11" time="21551.25" state="stay" vehID="Car_12314" speed="1.09" length="5.00" type="DEFAULT_CAR"/>
    <instantOut id="235_D11" time="21551.50" state="stay" vehID="Car_12314" speed="0.40" length="5.00" type="DEFAULT_CAR"/>
    <instantOut id="235_D11" time="21551.75" state="stay" vehID="Car_12314" speed="0.02" length="5.00" type="DEFAULT_CAR"/>
    <instantOut id="235_D11" time="21552.00" state="stay" vehID="Car_12314" speed="0.00" length="5.00" type="DEFAULT_CAR"/>
    <instantOut id="235_D11" time="21552.25" state="stay" vehID="Car_12314" speed="0.00" length="5.00" type="DEFAULT_CAR"/>
    <instantOut id="235_D11" time="21552.50" state="stay" vehID="Car_12314" speed="0.00" length="5.00" type="DEFAULT_CAR"/>
    <instantOut id="235_D11" time="21552.75" state="stay" vehID="Car_12314" speed="0.00" length="5.00" type="DEFAULT_CAR"/>
    <instantOut id="235_D11" time="21553.00" state="stay" vehID="Car_12314" speed="0.00" length="5.00" type="DEFAULT_CAR"/>
    <instantOut id="235_D11" time="21553.25" state="stay" vehID="Car_12314" speed="0.00" length="5.00" type="DEFAULT_CAR"/>
    <instantOut id="235_D11" time="21553.50" state="stay" vehID="Car_12314" speed="0.00" length="5.00" type="DEFAULT_CAR"/>
    <instantOut id="235_D11" time="21553.75" state="stay" vehID="Car_12314" speed="0.00" length="5.00" type="DEFAULT_CAR"/>
    <instantOut id="235_D11" time="21554.00" state="stay" vehID="Car_12314" speed="0.00" length="5.00" type="DEFAULT_CAR"/>
    <instantOut id="235_D11" time="21554.25" state="stay" vehID="Car_12314" speed="0.00" length="5.00" type="DEFAULT_CAR"/>
    <instantOut id="235_D11" time="21554.50" state="stay" vehID="Car_12314" speed="0.00" length="5.00" type="DEFAULT_CAR"/>
    <instantOut id="235_D11" time="21554.75" state="stay" vehID="Car_12314" speed="0.00" length="5.00" type="DEFAULT_CAR"/>
    <instantOut id="235_D11" time="21555.00" state="stay" vehID="Car_12314" speed="0.00" length="5.00" type="DEFAULT_CAR"/>
    <instantOut id="235_D11" time="21555.25" state="stay" vehID="Car_12314" speed="0.00" length="5.00" type="DEFAULT_CAR"/>
    <instantOut id="235_D11" time="21555.50" state="stay" vehID="Car_12314" speed="0.00" length="5.00" type="DEFAULT_CAR"/>
    <instantOut id="235_D11" time="21555.75" state="stay" vehID="Car_12314" speed="0.00" length="5.00" type="DEFAULT_CAR"/>
    <instantOut id="235_D11" time="21556.00" state="stay" vehID="Car_12314" speed="0.00" length="5.00" type="DEFAULT_CAR"/>
    <instantOut id="235_D11" time="21556.25" state="stay" vehID="Car_12314" speed="0.00" length="5.00" type="DEFAULT_CAR"/>
    <instantOut id="235_D11" time="21556.50" state="stay" vehID="Car_12314" speed="0.00" length="5.00" type="DEFAULT_CAR"/>
    <instantOut id="235_D11" time="21556.75" state="stay" vehID="Car_12314" speed="0.00" length="5.00" type="DEFAULT_CAR"/>
    <instantOut id="235_D11" time="21557.00" state="stay" vehID="Car_12314" speed="0.00" length="5.00" type="DEFAULT_CAR"/>
    <instantOut id="235_D11" time="21557.25" state="stay" vehID="Car_12314" speed="0.39" length="5.00" type="DEFAULT_CAR"/>
    <instantOut id="235_D11" time="21557.50" state="stay" vehID="Car_12314" speed="0.79" length="5.00" type="DEFAULT_CAR"/>
    <instantOut id="235_D11" time="21557.75" state="stay" vehID="Car_12314" speed="1.29" length="5.00" type="DEFAULT_CAR"/>
    <instantOut id="235_D11" time="21558.00" state="stay" vehID="Car_12314" speed="1.95" length="5.00" type="DEFAULT_CAR"/>
    <instantOut id="235_D11" time="21558.25" state="stay" vehID="Car_12314" speed="2.75" length="5.00" type="DEFAULT_CAR"/>
    <instantOut id="235_D11" time="21558.32" state="leave" vehID="Car_12314" speed="3.25" length="5.00" type="DEFAULT_CAR" occupancy="8.26"/>
    <instantOut id="235_D11" time="21814.92" state="enter" vehID="Car_12313" speed="6.11" length="5.00" type="DEFAULT_CAR" gap="256.60"/>
    <instantOut id="235_D11" time="21815.00" state="stay" vehID="Car_12313" speed="6.11" length="5.00" type="DEFAULT_CAR"/>
    <instantOut id="235_D11" time="21815.25" state="stay" vehID="Car_12313" speed="7.06" length="5.00" type="DEFAULT_CAR"/>
    <instantOut id="235_D11" time="21815.50" state="stay" vehID="Car_12313" speed="7.56" length="5.00" type="DEFAULT_CAR"/>
    <instantOut id="235_D11" time="21815.61" state="leave" vehID="Car_12313" speed="8.07" length="5.00" type="DEFAULT_CAR" occupancy="0.69"/>
    <instantOut id="235_D11" time="23127.96" state="enter" vehID="Car_13145" speed="5.47" length="5.00" type="DEFAULT_CAR" gap="1312.36"/>
    <instantOut id="235_D11" time="23128.00" state="stay" vehID="Car_13145" speed="5.47" length="5.00" type="DEFAULT_CAR"/>
    <instantOut id="235_D11" time="23128.25" state="stay" vehID="Car_13145" speed="5.55" length="5.00" type="DEFAULT_CAR"/>
    <instantOut id="235_D11" time="23128.50" state="stay" vehID="Car_13145" speed="5.98" length="5.00" type="DEFAULT_CAR"/>
    <instantOut id="235_D11" time="23128.75" state="stay" vehID="Car_13145" speed="5.23" length="5.00" type="DEFAULT_CAR"/>
    <instantOut id="235_D11" time="23128.88" state="leave" vehID="Car_13145" speed="4.82" length="5.00" type="DEFAULT_CAR" occupancy="0.91"/>
    <instantOut id="235_D11" time="23240.05" state="enter" vehID="Car_13154" speed="5.66" length="5.00" type="DEFAULT_CAR" gap="111.17"/>
    <instantOut id="235_D11" time="23240.25" state="stay" vehID="Car_13154" speed="5.66" length="5.00" type="DEFAULT_CAR"/>
    <instantOut id="235_D11" time="23240.50" state="stay" vehID="Car_13154" speed="6.61" length="5.00" type="DEFAULT_CAR"/>
    <instantOut id="235_D11" time="23240.75" state="stay" vehID="Car_13154" speed="7.36" length="5.00" type="DEFAULT_CAR"/>
    <instantOut id="235_D11" time="23240.80" state="leave" vehID="Car_13154" speed="8.26" length="5.00" type="DEFAULT_CAR" occupancy="0.75"/>
    <instantOut id="235_D11" time="24155.92" state="enter" vehID="Car_14121" speed="4.23" length="5.00" type="DEFAULT_CAR" gap="915.13"/>
    <instantOut id="235_D11" time="24156.00" state="stay" vehID="Car_14121" speed="4.23" length="5.00" type="DEFAULT_CAR"/>
    <instantOut id="235_D11" time="24156.25" state="stay" vehID="Car_14121" speed="4.79" length="5.00" type="DEFAULT_CAR"/>
    <instantOut id="235_D11" time="24156.50" state="stay" vehID="Car_14121" speed="5.68" length="5.00" type="DEFAULT_CAR"/>
    <instantOut id="235_D11" time="24156.75" state="stay" vehID="Car_14121" speed="5.93" length="5.00" type="DEFAULT_CAR"/>
    <instantOut id="235_D11" time="24156.83" state="leave" vehID="Car_14121" speed="6.83" length="5.00" type="DEFAULT_CAR" occupancy="0.91"/>
    <instantOut id="235_D11" time="25649.99" state="enter" vehID="Car_14120" speed="4.52" length="5.00" type="DEFAULT_CAR" gap="1493.16"/>
    <instantOut id="235_D11" time="25650.00" state="stay" vehID="Car_14120" speed="4.52" length="5.00" type="DEFAULT_CAR"/>
    <instantOut id="235_D11" time="25650.25" state="stay" vehID="Car_14120" speed="3.77" length="5.00" type="DEFAULT_CAR"/>
    <instantOut id="235_D11" time="25650.50" state="stay" vehID="Car_14120" speed="3.02" length="5.00" type="DEFAULT_CAR"/>
    <instantOut id="235_D11" time="25650.75" state="stay" vehID="Car_14120" speed="2.32" length="5.00" type="DEFAULT_CAR"/>
    <instantOut id="235_D11" time="25651.00" state="stay" vehID="Car_14120" speed="1.57" length="5.00" type="DEFAULT_CAR"/>
    <instantOut id="235_D11" time="25651.25" state="stay" vehID="Car_14120" speed="0.86" length="5.00" type="DEFAULT_CAR"/>
    <instantOut id="235_D11" time="25651.50" state="stay" vehID="Car_14120" speed="1.78" length="5.00" type="DEFAULT_CAR"/>
    <instantOut id="235_D11" time="25651.75" state="stay" vehID="Car_14120" speed="2.64" length="5.00" type="DEFAULT_CAR"/>
    <instantOut id="235_D11" time="25652.00" state="stay" vehID="Car_14120" speed="3.50" length="5.00" type="DEFAULT_CAR"/>
    <instantOut id="235_D11" time="25652.02" state="leave" vehID="Car_14120" speed="4.30" length="5.00" type="DEFAULT_CAR" occupancy="2.03"/>
    <instantOut id="235_D11" time="26995.97" state="enter" vehID="Car_16044" speed="4.49" length="5.00" type="DEFAULT_CAR" gap="1343.95"/>
    <instantOut id="235_D11" time="26996.00" state="stay" vehID="Car_16044" speed="4.49" length="5.00" type="DEFAULT_CAR"/>
    <instantOut id="235_D11" time="26996.25" state="stay" vehID="Car_16044" speed="3.74" length="5.00" type="DEFAULT_CAR"/>
    <instantOut id="235_D11" time="26996.50" state="stay" vehID="Car_16044" speed="2.99" length="5.00" type="DEFAULT_CAR"/>
    <instantOut id="235_D11" time="26996.75" state="stay" vehID="Car_16044" speed="2.24" length="5.00" type="DEFAULT_CAR"/>
    <instantOut id="235_D11" time="26997.00" state="stay" vehID="Car_16044" speed="3.13" length="5.00" type="DEFAULT_CAR"/>
    <instantOut id="235_D11" time="26997.25" state="stay" vehID="Car_16044" speed="3.92" length="5.00" type="DEFAULT_CAR"/>
    <instantOut id="235_D11" time="26997.43" state="leave" vehID="Car_16044" speed="4.76" length="5.00" type="DEFAULT_CAR" occupancy="1.46"/>
    <instantOut id="235_D11" time="27041.07" state="enter" vehID="Car_16045" speed="3.87" length="5.00" type="DEFAULT_CAR" gap="43.65"/>
    <instantOut id="235_D11" time="27041.25" state="stay" vehID="Car_16045" speed="3.87" length="5.00" type="DEFAULT_CAR"/>
    <instantOut id="235_D11" time="27041.50" state="stay" vehID="Car_16045" speed="3.17" length="5.00" type="DEFAULT_CAR"/>
    <instantOut id="235_D11" time="27041.75" state="stay" vehID="Car_16045" speed="2.57" length="5.00" type="DEFAULT_CAR"/>
    <instantOut id="235_D11" time="27042.00" state="stay" vehID="Car_16045" speed="1.82" length="5.00" type="DEFAULT_CAR"/>
    <instantOut id="235_D11" time="27042.25" state="stay" vehID="Car_16045" speed="1.15" length="5.00" type="DEFAULT_CAR"/>
    <instantOut id="235_D11" time="27042.50" state="stay" vehID="Car_16045" speed="0.45" length="5.00" type="DEFAULT_CAR"/>
    <instantOut id="235_D11" time="27042.75" state="stay" vehID="Car_16045" speed="0.01" length="5.00" type="DEFAULT_CAR"/>
    <instantOut id="235_D11" time="27043.00" state="stay" vehID="Car_16045" speed="0.00" length="5.00" type="DEFAULT_CAR"/>
    <instantOut id="235_D11" time="27043.25" state="stay" vehID="Car_16045" speed="0.00" length="5.00" type="DEFAULT_CAR"/>
    <instantOut id="235_D11" time="27043.50" state="stay" vehID="Car_16045" speed="0.00" length="5.00" type="DEFAULT_CAR"/>
    <instantOut id="235_D11" time="27043.75" state="stay" vehID="Car_16045" speed="0.00" length="5.00" type="DEFAULT_CAR"/>
    <instantOut id="235_D11" time="27044.00" state="stay" vehID="Car_16045" speed="0.00" length="5.00" type="DEFAULT_CAR"/>
    <instantOut id="235_D11" time="27044.25" state="stay" vehID="Car_16045" speed="0.00" length="5.00" type="DEFAULT_CAR"/>
    <instantOut id="235_D11" time="27044.50" state="stay" vehID="Car_16045" speed="0.00" length="5.00" type="DEFAULT_CAR"/>
    <instantOut id="235_D11" time="27044.75" state="stay" vehID="Car_16045" speed="0.00" length="5.00" type="DEFAULT_CAR"/>
    <instantOut id="235_D11" time="27045.00" state="stay" vehID="Car_16045" speed="0.85" length="5.00" type="DEFAULT_CAR"/>
    <instantOut id="235_D11" time="27045.25" state="stay" vehID="Car_16045" speed="1.61" length="5.00" type="DEFAULT_CAR"/>
    <instantOut id="235_D11" time="27045.50" state="stay" vehID="Car_16045" speed="2.27" length="5.00" type="DEFAULT_CAR"/>
    <instantOut id="235_D11" time="27045.75" state="stay" vehID="Car_16045" speed="2.90" length="5.00" type="DEFAULT_CAR"/>
    <instantOut id="235_D11" time="27045.78" state="leave" vehID="Car_16045" speed="3.74" length="5.00" type="DEFAULT_CAR" occupancy="4.71"/>
    <instantOut id="235_D11" time="29238.99" state="enter" vehID="Car_16661" speed="4.48" length="5.00" type="DEFAULT_CAR" gap="2193.21"/>
    <instantOut id="235_D11" time="29239.00" state="stay" vehID="Car_16661" speed="4.48" length="5.00" type="DEFAULT_CAR"/>
    <instantOut id="235_D11" time="29239.25" state="stay" vehID="Car_16661" speed="3.73" length="5.00" type="DEFAULT_CAR"/>
    <instantOut id="235_D11" time="29239.50" state="stay" vehID="Car_16661" speed="2.98" length="5.00" type="DEFAULT_CAR"/>
    <instantOut id="235_D11" time="29239.75" state="stay" vehID="Car_16661" speed="2.23" length="5.00" type="DEFAULT_CAR"/>
    <instantOut id="235_D11" time="29240.00" state="stay" vehID="Car_16661" speed="1.55" length="5.00" type="DEFAULT_CAR"/>
    <instantOut id="235_D11" time="29240.25" state="stay" vehID="Car_16661" speed="0.94" length="5.00" type="DEFAULT_CAR"/>
    <instantOut id="235_D11" time="29240.50" state="stay" vehID="Car_16661" speed="0.30" length="5.00" type="DEFAULT_CAR"/>
    <instantOut id="235_D11" time="29240.75" state="stay" vehID="Car_16661" speed="0.03" length="5.00" type="DEFAULT_CAR"/>
    <instantOut id="235_D11" time="29241.00" state="stay" vehID="Car_16661" speed="0.00" length="5.00" type="DEFAULT_CAR"/>
    <instantOut id="235_D11" time="29241.25" state="stay" vehID="Car_16661" speed="0.00" length="5.00" type="DEFAULT_CAR"/>
    <instantOut id="235_D11" time="29241.50" state="stay" vehID="Car_16661" speed="0.00" length="5.00" type="DEFAULT_CAR"/>
    <instantOut id="235_D11" time="29241.75" state="stay" vehID="Car_16661" speed="0.00" length="5.00" type="DEFAULT_CAR"/>
    <instantOut id="235_D11" time="29242.00" state="stay" vehID="Car_16661" speed="0.00" length="5.00" type="DEFAULT_CAR"/>
    <instantOut id="235_D11" time="29242.25" state="stay" vehID="Car_16661" speed="0.00" length="5.00" type="DEFAULT_CAR"/>
    <instantOut id="235_D11" time="29242.50" state="stay" vehID="Car_16661" speed="0.00" length="5.00" type="DEFAULT_CAR"/>
    <instantOut id="235_D11" time="29242.75" state="stay" vehID="Car_16661" speed="0.00" length="5.00" type="DEFAULT_CAR"/>
    <instantOut id="235_D11" time="29243.00" state="stay" vehID="Car_16661" speed="0.00" length="5.00" type="DEFAULT_CAR"/>
    <instantOut id="235_D11" time="29243.25" state="stay" vehID="Car_16661" speed="0.00" length="5.00" type="DEFAULT_CAR"/>
    <instantOut id="235_D11" time="29243.50" state="stay" vehID="Car_16661" speed="0.00" length="5.00" type="DEFAULT_CAR"/>
    <instantOut id="235_D11" time="29243.75" state="stay" vehID="Car_16661" speed="0.00" length="5.00" type="DEFAULT_CAR"/>
    <instantOut id="235_D11" time="29244.00" state="stay" vehID="Car_16661" speed="0.00" length="5.00" type="DEFAULT_CAR"/>
    <instantOut id="235_D11" time="29244.25" state="stay" vehID="Car_16661" speed="0.00" length="5.00" type="DEFAULT_CAR"/>
    <instantOut id="235_D11" time="29244.50" state="stay" vehID="Car_16661" speed="0.00" length="5.00" type="DEFAULT_CAR"/>
    <instantOut id="235_D11" time="29244.75" state="stay" vehID="Car_16661" speed="0.00" length="5.00" type="DEFAULT_CAR"/>
    <instantOut id="235_D11" time="29245.00" state="stay" vehID="Car_16661" speed="0.00" length="5.00" type="DEFAULT_CAR"/>
    <instantOut id="235_D11" time="29245.25" state="stay" vehID="Car_16661" speed="0.00" length="5.00" type="DEFAULT_CAR"/>
    <instantOut id="235_D11" time="29245.50" state="stay" vehID="Car_16661" speed="0.00" length="5.00" type="DEFAULT_CAR"/>
    <instantOut id="235_D11" time="29245.75" state="stay" vehID="Car_16661" speed="0.00" length="5.00" type="DEFAULT_CAR"/>
    <instantOut id="235_D11" time="29246.00" state="stay" vehID="Car_16661" speed="0.00" length="5.00" type="DEFAULT_CAR"/>
    <instantOut id="235_D11" time="29246.25" state="stay" vehID="Car_16661" speed="0.00" length="5.00" type="DEFAULT_CAR"/>
    <instantOut id="235_D11" time="29246.50" state="stay" vehID="Car_16661" speed="0.00" length="5.00" type="DEFAULT_CAR"/>
    <instantOut id="235_D11" time="29246.75" state="stay" vehID="Car_16661" speed="0.00" length="5.00" type="DEFAULT_CAR"/>
    <instantOut id="235_D11" time="29247.00" state="stay" vehID="Car_16661" speed="0.00" length="5.00" type="DEFAULT_CAR"/>
    <instantOut id="235_D11" time="29247.25" state="stay" vehID="Car_16661" speed="0.00" length="5.00" type="DEFAULT_CAR"/>
    <instantOut id="235_D11" time="29247.50" state="stay" vehID="Car_16661" speed="0.00" length="5.00" type="DEFAULT_CAR"/>
    <instantOut id="235_D11" time="29247.75" state="stay" vehID="Car_16661" speed="0.00" length="5.00" type="DEFAULT_CAR"/>
    <instantOut id="235_D11" time="29248.00" state="stay" vehID="Car_16661" speed="0.00" length="5.00" type="DEFAULT_CAR"/>
    <instantOut id="235_D11" time="29248.25" state="stay" vehID="Car_16661" speed="0.00" length="5.00" type="DEFAULT_CAR"/>
    <instantOut id="235_D11" time="29248.50" state="stay" vehID="Car_16661" speed="0.00" length="5.00" type="DEFAULT_CAR"/>
    <instantOut id="235_D11" time="29248.75" state="stay" vehID="Car_16661" speed="0.00" length="5.00" type="DEFAULT_CAR"/>
    <instantOut id="235_D11" time="29249.00" state="stay" vehID="Car_16661" speed="0.00" length="5.00" type="DEFAULT_CAR"/>
    <instantOut id="235_D11" time="29249.25" state="stay" vehID="Car_16661" speed="0.00" length="5.00" type="DEFAULT_CAR"/>
    <instantOut id="235_D11" time="29249.50" state="stay" vehID="Car_16661" speed="0.00" length="5.00" type="DEFAULT_CAR"/>
    <instantOut id="235_D11" time="29249.75" state="stay" vehID="Car_16661" speed="0.00" length="5.00" type="DEFAULT_CAR"/>
    <instantOut id="235_D11" time="29250.00" state="stay" vehID="Car_16661" speed="0.00" length="5.00" type="DEFAULT_CAR"/>
    <instantOut id="235_D11" time="29250.25" state="stay" vehID="Car_16661" speed="0.00" length="5.00" type="DEFAULT_CAR"/>
    <instantOut id="235_D11" time="29250.50" state="stay" vehID="Car_16661" speed="0.00" length="5.00" type="DEFAULT_CAR"/>
    <instantOut id="235_D11" time="29250.75" state="stay" vehID="Car_16661" speed="0.00" length="5.00" type="DEFAULT_CAR"/>
    <instantOut id="235_D11" time="29251.00" state="stay" vehID="Car_16661" speed="0.00" length="5.00" type="DEFAULT_CAR"/>
    <instantOut id="235_D11" time="29251.25" state="stay" vehID="Car_16661" speed="0.00" length="5.00" type="DEFAULT_CAR"/>
    <instantOut id="235_D11" time="29251.50" state="stay" vehID="Car_16661" speed="0.00" length="5.00" type="DEFAULT_CAR"/>
    <instantOut id="235_D11" time="29251.75" state="stay" vehID="Car_16661" speed="0.00" length="5.00" type="DEFAULT_CAR"/>
    <instantOut id="235_D11" time="29252.00" state="stay" vehID="Car_16661" speed="0.00" length="5.00" type="DEFAULT_CAR"/>
    <instantOut id="235_D11" time="29252.25" state="stay" vehID="Car_16661" speed="0.00" length="5.00" type="DEFAULT_CAR"/>
    <instantOut id="235_D11" time="29252.50" state="stay" vehID="Car_16661" speed="0.00" length="5.00" type="DEFAULT_CAR"/>
    <instantOut id="235_D11" time="29252.75" state="stay" vehID="Car_16661" speed="0.00" length="5.00" type="DEFAULT_CAR"/>
    <instantOut id="235_D11" time="29253.00" state="stay" vehID="Car_16661" speed="0.00" length="5.00" type="DEFAULT_CAR"/>
    <instantOut id="235_D11" time="29253.25" state="stay" vehID="Car_16661" speed="0.00" length="5.00" type="DEFAULT_CAR"/>
    <instantOut id="235_D11" time="29253.50" state="stay" vehID="Car_16661" speed="0.00" length="5.00" type="DEFAULT_CAR"/>
    <instantOut id="235_D11" time="29253.75" state="stay" vehID="Car_16661" speed="0.00" length="5.00" type="DEFAULT_CAR"/>
    <instantOut id="235_D11" time="29254.00" state="stay" vehID="Car_16661" speed="0.00" length="5.00" type="DEFAULT_CAR"/>
    <instantOut id="235_D11" time="29254.25" state="stay" vehID="Car_16661" speed="0.00" length="5.00" type="DEFAULT_CAR"/>
    <instantOut id="235_D11" time="29254.50" state="stay" vehID="Car_16661" speed="0.00" length="5.00" type="DEFAULT_CAR"/>
    <instantOut id="235_D11" time="29254.75" state="stay" vehID="Car_16661" speed="0.00" length="5.00" type="DEFAULT_CAR"/>
    <instantOut id="235_D11" time="29255.00" state="stay" vehID="Car_16661" speed="0.00" length="5.00" type="DEFAULT_CAR"/>
    <instantOut id="235_D11" time="29255.25" state="stay" vehID="Car_16661" speed="0.00" length="5.00" type="DEFAULT_CAR"/>
    <instantOut id="235_D11" time="29255.50" state="stay" vehID="Car_16661" speed="0.00" length="5.00" type="DEFAULT_CAR"/>
    <instantOut id="235_D11" time="29255.75" state="stay" vehID="Car_16661" speed="0.00" length="5.00" type="DEFAULT_CAR"/>
    <instantOut id="235_D11" time="29256.00" state="stay" vehID="Car_16661" speed="0.00" length="5.00" type="DEFAULT_CAR"/>
    <instantOut id="235_D11" time="29256.25" state="stay" vehID="Car_16661" speed="0.00" length="5.00" type="DEFAULT_CAR"/>
    <instantOut id="235_D11" time="29256.50" state="stay" vehID="Car_16661" speed="0.00" length="5.00" type="DEFAULT_CAR"/>
    <instantOut id="235_D11" time="29256.75" state="stay" vehID="Car_16661" speed="0.00" length="5.00" type="DEFAULT_CAR"/>
    <instantOut id="235_D11" time="29257.00" state="stay" vehID="Car_16661" speed="0.00" length="5.00" type="DEFAULT_CAR"/>
    <instantOut id="235_D11" time="29257.25" state="stay" vehID="Car_16661" speed="0.00" length="5.00" type="DEFAULT_CAR"/>
    <instantOut id="235_D11" time="29257.50" state="stay" vehID="Car_16661" speed="0.00" length="5.00" type="DEFAULT_CAR"/>
    <instantOut id="235_D11" time="29257.75" state="stay" vehID="Car_16661" speed="0.00" length="5.00" type="DEFAULT_CAR"/>
    <instantOut id="235_D11" time="29258.00" state="stay" vehID="Car_16661" speed="0.00" length="5.00" type="DEFAULT_CAR"/>
    <instantOut id="235_D11" time="29258.25" state="stay" vehID="Car_16661" speed="0.00" length="5.00" type="DEFAULT_CAR"/>
    <instantOut id="235_D11" time="29258.50" state="stay" vehID="Car_16661" speed="0.00" length="5.00" type="DEFAULT_CAR"/>
    <instantOut id="235_D11" time="29258.75" state="stay" vehID="Car_16661" speed="0.00" length="5.00" type="DEFAULT_CAR"/>
    <instantOut id="235_D11" time="29259.00" state="stay" vehID="Car_16661" speed="0.00" length="5.00" type="DEFAULT_CAR"/>
    <instantOut id="235_D11" time="29259.25" state="stay" vehID="Car_16661" speed="0.00" length="5.00" type="DEFAULT_CAR"/>
    <instantOut id="235_D11" time="29259.50" state="stay" vehID="Car_16661" speed="0.00" length="5.00" type="DEFAULT_CAR"/>
    <instantOut id="235_D11" time="29259.75" state="stay" vehID="Car_16661" speed="0.00" length="5.00" type="DEFAULT_CAR"/>
    <instantOut id="235_D11" time="29260.00" state="stay" vehID="Car_16661" speed="0.00" length="5.00" type="DEFAULT_CAR"/>
    <instantOut id="235_D11" time="29260.25" state="stay" vehID="Car_16661" speed="0.00" length="5.00" type="DEFAULT_CAR"/>
    <instantOut id="235_D11" time="29260.50" state="stay" vehID="Car_16661" speed="0.00" length="5.00" type="DEFAULT_CAR"/>
    <instantOut id="235_D11" time="29260.75" state="stay" vehID="Car_16661" speed="0.00" length="5.00" type="DEFAULT_CAR"/>
    <instantOut id="235_D11" time="29261.00" state="stay" vehID="Car_16661" speed="0.00" length="5.00" type="DEFAULT_CAR"/>
    <instantOut id="235_D11" time="29261.25" state="stay" vehID="Car_16661" speed="0.00" length="5.00" type="DEFAULT_CAR"/>
    <instantOut id="235_D11" time="29261.50" state="stay" vehID="Car_16661" speed="0.00" length="5.00" type="DEFAULT_CAR"/>
    <instantOut id="235_D11" time="29261.75" state="stay" vehID="Car_16661" speed="0.00" length="5.00" type="DEFAULT_CAR"/>
    <instantOut id="235_D11" time="29262.00" state="stay" vehID="Car_16661" speed="0.00" length="5.00" type="DEFAULT_CAR"/>
    <instantOut id="235_D11" time="29262.25" state="stay" vehID="Car_16661" speed="0.00" length="5.00" type="DEFAULT_CAR"/>
    <instantOut id="235_D11" time="29262.50" state="stay" vehID="Car_16661" speed="0.00" length="5.00" type="DEFAULT_CAR"/>
    <instantOut id="235_D11" time="29262.75" state="stay" vehID="Car_16661" speed="0.00" length="5.00" type="DEFAULT_CAR"/>
    <instantOut id="235_D11" time="29263.00" state="stay" vehID="Car_16661" speed="0.83" length="5.00" type="DEFAULT_CAR"/>
    <instantOut id="235_D11" time="29263.25" state="stay" vehID="Car_16661" speed="1.72" length="5.00" type="DEFAULT_CAR"/>
    <instantOut id="235_D11" time="29263.50" state="stay" vehID="Car_16661" speed="2.47" length="5.00" type="DEFAULT_CAR"/>
    <instantOut id="235_D11" time="29263.73" state="leave" vehID="Car_16661" speed="3.37" length="5.00" type="DEFAULT_CAR" occupancy="24.74"/>
    <instantOut id="235_D11" time="32254.13" state="enter" vehID="Car_19664" speed="3.87" length="5.00" type="DEFAULT_CAR" gap="2990.40"/>
    <instantOut id="235_D11" time="32254.25" state="stay" vehID="Car_19664" speed="3.87" length="5.00" type="DEFAULT_CAR"/>
    <instantOut id="235_D11" time="32254.50" state="stay" vehID="Car_19664" speed="3.13" length="5.00" type="DEFAULT_CAR"/>
    <instantOut id="235_D11" time="32254.75" state="stay" vehID="Car_19664" speed="2.83" length="5.00" type="DEFAULT_CAR"/>
    <instantOut id="235_D11" time="32255.00" state="stay" vehID="Car_19664" speed="2.08" length="5.00" type="DEFAULT_CAR"/>
    <instantOut id="235_D11" time="32255.25" state="stay" vehID="Car_19664" speed="1.33" length="5.00" type="DEFAULT_CAR"/>
    <instantOut id="235_D11" time="32255.50" state="stay" vehID="Car_19664" speed="0.62" length="5.00" type="DEFAULT_CAR"/>
    <instantOut id="235_D11" time="32255.75" state="stay" vehID="Car_19664" speed="0.03" length="5.00" type="DEFAULT_CAR"/>
    <instantOut id="235_D11" time="32256.00" state="stay" vehID="Car_19664" speed="0.00" length="5.00" type="DEFAULT_CAR"/>
    <instantOut id="235_D11" time="32256.25" state="stay" vehID="Car_19664" speed="0.00" length="5.00" type="DEFAULT_CAR"/>
    <instantOut id="235_D11" time="32256.50" state="stay" vehID="Car_19664" speed="0.00" length="5.00" type="DEFAULT_CAR"/>
    <instantOut id="235_D11" time="32256.75" state="stay" vehID="Car_19664" speed="0.93" length="5.00" type="DEFAULT_CAR"/>
    <instantOut id="235_D11" time="32257.00" state="stay" vehID="Car_19664" speed="1.66" length="5.00" type="DEFAULT_CAR"/>
    <instantOut id="235_D11" time="32257.25" state="stay" vehID="Car_19664" speed="2.38" length="5.00" type="DEFAULT_CAR"/>
    <instantOut id="235_D11" time="32257.50" state="stay" vehID="Car_19664" speed="3.08" length="5.00" type="DEFAULT_CAR"/>
    <instantOut id="235_D11" time="32257.50" state="leave" vehID="Car_19664" speed="3.99" length="5.00" type="DEFAULT_CAR" occupancy="3.37"/>
    <instantOut id="235_D11" time="32986.89" state="enter" vehID="Car_19672" speed="5.94" length="5.00" type="DEFAULT_CAR" gap="729.39"/>
    <instantOut id="235_D11" time="32987.00" state="stay" vehID="Car_19672" speed="5.94" length="5.00" type="DEFAULT_CAR"/>
    <instantOut id="235_D11" time="32987.25" state="stay" vehID="Car_19672" speed="6.89" length="5.00" type="DEFAULT_CAR"/>
    <instantOut id="235_D11" time="32987.50" state="stay" vehID="Car_19672" speed="7.80" length="5.00" type="DEFAULT_CAR"/>
    <instantOut id="235_D11" time="32987.58" state="leave" vehID="Car_19672" speed="8.51" length="5.00" type="DEFAULT_CAR" occupancy="0.69"/>
    <instantOut id="235_D11" time="33215.93" state="enter" vehID="Car_19859" speed="5.89" length="5.00" type="DEFAULT_CAR" gap="228.35"/>
    <instantOut id="235_D11" time="33216.00" state="stay" vehID="Car_19859" speed="5.89" length="5.00" type="DEFAULT_CAR"/>
    <instantOut id="235_D11" time="33216.25" state="stay" vehID="Car_19859" speed="6.84" length="5.00" type="DEFAULT_CAR"/>
    <instantOut id="235_D11" time="33216.50" state="stay" vehID="Car_19859" speed="6.62" length="5.00" type="DEFAULT_CAR"/>
    <instantOut id="235_D11" time="33216.69" state="leave" vehID="Car_19859" speed="6.40" length="5.00" type="DEFAULT_CAR" occupancy="0.76"/>
    <instantOut id="235_D11" time="33323.86" state="enter" vehID="Car_19860" speed="5.87" length="5.00" type="DEFAULT_CAR" gap="107.16"/>
    <instantOut id="235_D11" time="33324.00" state="stay" vehID="Car_19860" speed="5.87" length="5.00" type="DEFAULT_CAR"/>
    <instantOut id="235_D11" time="33324.25" state="stay" vehID="Car_19860" speed="6.82" length="5.00" type="DEFAULT_CAR"/>
    <instantOut id="235_D11" time="33324.50" state="stay" vehID="Car_19860" speed="7.55" length="5.00" type="DEFAULT_CAR"/>
    <instantOut id="235_D11" time="33324.57" state="leave" vehID="Car_19860" speed="7.63" length="5.00" type="DEFAULT_CAR" occupancy="0.72"/>
    <instantOut id="235_D11" time="34043.85" state="enter" vehID="Car_19861" speed="5.90" length="5.00" type="DEFAULT_CAR" gap="719.28"/>
    <instantOut id="235_D11" time="34044.00" state="stay" vehID="Car_19861" speed="5.90" length="5.00" type="DEFAULT_CAR"/>
    <instantOut id="235_D11" time="34044.25" state="stay" vehID="Car_19861" speed="6.85" length="5.00" type="DEFAULT_CAR"/>
    <instantOut id="235_D11" time="34044.50" state="stay" vehID="Car_19861" speed="7.65" length="5.00" type="DEFAULT_CAR"/>
    <instantOut id="235_D11" time="34044.56" state="leave" vehID="Car_19861" speed="8.31" length="5.00" type="DEFAULT_CAR" occupancy="0.71"/>
    <instantOut id="235_D11" time="34066.93" state="enter" vehID="Car_19862" speed="6.19" length="5.00" type="DEFAULT_CAR" gap="22.37"/>
    <instantOut id="235_D11" time="34067.00" state="stay" vehID="Car_19862" speed="6.19" length="5.00" type="DEFAULT_CAR"/>
    <instantOut id="235_D11" time="34067.25" state="stay" vehID="Car_19862" speed="5.71" length="5.00" type="DEFAULT_CAR"/>
    <instantOut id="235_D11" time="34067.50" state="stay" vehID="Car_19862" speed="4.96" length="5.00" type="DEFAULT_CAR"/>
    <instantOut id="235_D11" time="34067.75" state="stay" vehID="Car_19862" speed="4.76" length="5.00" type="DEFAULT_CAR"/>
    <instantOut id="235_D11" time="34067.90" state="leave" vehID="Car_19862" speed="4.78" length="5.00" type="DEFAULT_CAR" occupancy="0.97"/>
    <instantOut id="235_D11" time="34278.10" state="enter" vehID="Car_19863" speed="4.01" length="5.00" type="DEFAULT_CAR" gap="210.20"/>
    <instantOut id="235_D11" time="34278.25" state="stay" vehID="Car_19863" speed="4.01" length="5.00" type="DEFAULT_CAR"/>
    <instantOut id="235_D11" time="34278.50" state="stay" vehID="Car_19863" speed="3.30" length="5.00" type="DEFAULT_CAR"/>
    <instantOut id="235_D11" time="34278.75" state="stay" vehID="Car_19863" speed="2.64" length="5.00" type="DEFAULT_CAR"/>
    <instantOut id="235_D11" time="34279.00" state="stay" vehID="Car_19863" speed="1.89" length="5.00" type="DEFAULT_CAR"/>
    <instantOut id="235_D11" time="34279.25" state="stay" vehID="Car_19863" speed="1.14" length="5.00" type="DEFAULT_CAR"/>
    <instantOut id="235_D11" time="34279.50" state="stay" vehID="Car_19863" speed="0.50" length="5.00" type="DEFAULT_CAR"/>
    <instantOut id="235_D11" time="34279.75" state="stay" vehID="Car_19863" speed="0.06" length="5.00" type="DEFAULT_CAR"/>
    <instantOut id="235_D11" time="34280.00" state="stay" vehID="Car_19863" speed="0.00" length="5.00" type="DEFAULT_CAR"/>
    <instantOut id="235_D11" time="34280.25" state="stay" vehID="Car_19863" speed="0.00" length="5.00" type="DEFAULT_CAR"/>
    <instantOut id="235_D11" time="34280.50" state="stay" vehID="Car_19863" speed="0.00" length="5.00" type="DEFAULT_CAR"/>
    <instantOut id="235_D11" time="34280.75" state="stay" vehID="Car_19863" speed="0.00" length="5.00" type="DEFAULT_CAR"/>
    <instantOut id="235_D11" time="34281.00" state="stay" vehID="Car_19863" speed="0.00" length="5.00" type="DEFAULT_CAR"/>
    <instantOut id="235_D11" time="34281.25" state="stay" vehID="Car_19863" speed="0.00" length="5.00" type="DEFAULT_CAR"/>
    <instantOut id="235_D11" time="34281.50" state="stay" vehID="Car_19863" speed="0.00" length="5.00" type="DEFAULT_CAR"/>
    <instantOut id="235_D11" time="34281.75" state="stay" vehID="Car_19863" speed="0.00" length="5.00" type="DEFAULT_CAR"/>
    <instantOut id="235_D11" time="34282.00" state="stay" vehID="Car_19863" speed="0.00" length="5.00" type="DEFAULT_CAR"/>
    <instantOut id="235_D11" time="34282.25" state="stay" vehID="Car_19863" speed="0.00" length="5.00" type="DEFAULT_CAR"/>
    <instantOut id="235_D11" time="34282.50" state="stay" vehID="Car_19863" speed="0.00" length="5.00" type="DEFAULT_CAR"/>
    <instantOut id="235_D11" time="34282.75" state="stay" vehID="Car_19863" speed="0.00" length="5.00" type="DEFAULT_CAR"/>
    <instantOut id="235_D11" time="34283.00" state="stay" vehID="Car_19863" speed="0.00" length="5.00" type="DEFAULT_CAR"/>
    <instantOut id="235_D11" time="34283.25" state="stay" vehID="Car_19863" speed="0.00" length="5.00" type="DEFAULT_CAR"/>
    <instantOut id="235_D11" time="34283.50" state="stay" vehID="Car_19863" speed="0.00" length="5.00" type="DEFAULT_CAR"/>
    <instantOut id="235_D11" time="34283.75" state="stay" vehID="Car_19863" speed="0.00" length="5.00" type="DEFAULT_CAR"/>
    <instantOut id="235_D11" time="34284.00" state="stay" vehID="Car_19863" speed="0.00" length="5.00" type="DEFAULT_CAR"/>
    <instantOut id="235_D11" time="34284.25" state="stay" vehID="Car_19863" speed="0.00" length="5.00" type="DEFAULT_CAR"/>
    <instantOut id="235_D11" time="34284.50" state="stay" vehID="Car_19863" speed="0.00" length="5.00" type="DEFAULT_CAR"/>
    <instantOut id="235_D11" time="34284.75" state="stay" vehID="Car_19863" speed="0.00" length="5.00" type="DEFAULT_CAR"/>
    <instantOut id="235_D11" time="34285.00" state="stay" vehID="Car_19863" speed="0.00" length="5.00" type="DEFAULT_CAR"/>
    <instantOut id="235_D11" time="34285.25" state="stay" vehID="Car_19863" speed="0.00" length="5.00" type="DEFAULT_CAR"/>
    <instantOut id="235_D11" time="34285.50" state="stay" vehID="Car_19863" speed="0.00" length="5.00" type="DEFAULT_CAR"/>
    <instantOut id="235_D11" time="34285.75" state="stay" vehID="Car_19863" speed="0.00" length="5.00" type="DEFAULT_CAR"/>
    <instantOut id="235_D11" time="34286.00" state="stay" vehID="Car_19863" speed="0.00" length="5.00" type="DEFAULT_CAR"/>
    <instantOut id="235_D11" time="34286.25" state="stay" vehID="Car_19863" speed="0.00" length="5.00" type="DEFAULT_CAR"/>
    <instantOut id="235_D11" time="34286.50" state="stay" vehID="Car_19863" speed="0.00" length="5.00" type="DEFAULT_CAR"/>
    <instantOut id="235_D11" time="34286.75" state="stay" vehID="Car_19863" speed="0.00" length="5.00" type="DEFAULT_CAR"/>
    <instantOut id="235_D11" time="34287.00" state="stay" vehID="Car_19863" speed="0.00" length="5.00" type="DEFAULT_CAR"/>
    <instantOut id="235_D11" time="34287.25" state="stay" vehID="Car_19863" speed="0.00" length="5.00" type="DEFAULT_CAR"/>
    <instantOut id="235_D11" time="34287.50" state="stay" vehID="Car_19863" speed="0.00" length="5.00" type="DEFAULT_CAR"/>
    <instantOut id="235_D11" time="34287.75" state="stay" vehID="Car_19863" speed="0.00" length="5.00" type="DEFAULT_CAR"/>
    <instantOut id="235_D11" time="34288.00" state="stay" vehID="Car_19863" speed="0.83" length="5.00" type="DEFAULT_CAR"/>
    <instantOut id="235_D11" time="34288.25" state="stay" vehID="Car_19863" speed="1.74" length="5.00" type="DEFAULT_CAR"/>
    <instantOut id="235_D11" time="34288.50" state="stay" vehID="Car_19863" speed="2.59" length="5.00" type="DEFAULT_CAR"/>
    <instantOut id="235_D11" time="34288.72" state="leave" vehID="Car_19863" speed="3.32" length="5.00" type="DEFAULT_CAR" occupancy="10.62"/>
    <instantOut id="235_D11" time="34452.98" state="enter" vehID="Car_19864" speed="4.53" length="5.00" type="DEFAULT_CAR" gap="164.26"/>
    <instantOut id="235_D11" time="34453.00" state="stay" vehID="Car_19864" speed="4.53" length="5.00" type="DEFAULT_CAR"/>
    <instantOut id="235_D11" time="34453.25" state="stay" vehID="Car_19864" speed="3.78" length="5.00" type="DEFAULT_CAR"/>
    <instantOut id="235_D11" time="34453.50" state="stay" vehID="Car_19864" speed="3.03" length="5.00" type="DEFAULT_CAR"/>
    <instantOut id="235_D11" time="34453.75" state="stay" vehID="Car_19864" speed="2.28" length="5.00" type="DEFAULT_CAR"/>
    <instantOut id="235_D11" time="34454.00" state="stay" vehID="Car_19864" speed="1.53" length="5.00" type="DEFAULT_CAR"/>
    <instantOut id="235_D11" time="34454.25" state="stay" vehID="Car_19864" speed="0.78" length="5.00" type="DEFAULT_CAR"/>
    <instantOut id="235_D11" time="34454.50" state="stay" vehID="Car_19864" speed="0.09" length="5.00" type="DEFAULT_CAR"/>
    <instantOut id="235_D11" time="34454.75" state="stay" vehID="Car_19864" speed="1.02" length="5.00" type="DEFAULT_CAR"/>
    <instantOut id="235_D11" time="34455.00" state="stay" vehID="Car_19864" speed="1.90" length="5.00" type="DEFAULT_CAR"/>
    <instantOut id="235_D11" time="34455.25" state="stay" vehID="Car_19864" speed="2.52" length="5.00" type="DEFAULT_CAR"/>
    <instantOut id="235_D11" time="34455.46" state="leave" vehID="Car_19864" speed="3.08" length="5.00" type="DEFAULT_CAR" occupancy="2.49"/>
    <instantOut id="235_D11" time="35863.89" state="enter" vehID="Car_21633" speed="5.85" length="5.00" type="DEFAULT_CAR" gap="1408.43"/>
    <instantOut id="235_D11" time="35864.00" state="stay" vehID="Car_21633" speed="5.85" length="5.00" type="DEFAULT_CAR"/>
    <instantOut id="235_D11" time="35864.25" state="stay" vehID="Car_21633" speed="6.80" length="5.00" type="DEFAULT_CAR"/>
    <instantOut id="235_D11" time="35864.50" state="stay" vehID="Car_21633" speed="7.58" length="5.00" type="DEFAULT_CAR"/>
    <instantOut id="235_D11" time="35864.59" state="leave" vehID="Car_21633" speed="8.43" length="5.00" type="DEFAULT_CAR" occupancy="0.70"/>
    <instantOut id="235_D11" time="38059.94" state="enter" vehID="Car_22186" speed="4.19" length="5.00" type="DEFAULT_CAR" gap="2195.35"/>
    <instantOut id="235_D11" time="38060.00" state="stay" vehID="Car_22186" speed="4.19" length="5.00" type="DEFAULT_CAR"/>
    <instantOut id="235_D11" time="38060.25" state="stay" vehID="Car_22186" speed="3.44" length="5.00" type="DEFAULT_CAR"/>
    <instantOut id="235_D11" time="38060.50" state="stay" vehID="Car_22186" speed="2.85" length="5.00" type="DEFAULT_CAR"/>
    <instantOut id="235_D11" time="38060.75" state="stay" vehID="Car_22186" speed="2.21" length="5.00" type="DEFAULT_CAR"/>
    <instantOut id="235_D11" time="38061.00" state="stay" vehID="Car_22186" speed="1.52" length="5.00" type="DEFAULT_CAR"/>
    <instantOut id="235_D11" time="38061.25" state="stay" vehID="Car_22186" speed="0.77" length="5.00" type="DEFAULT_CAR"/>
    <instantOut id="235_D11" time="38061.50" state="stay" vehID="Car_22186" speed="0.10" length="5.00" type="DEFAULT_CAR"/>
    <instantOut id="235_D11" time="38061.75" state="stay" vehID="Car_22186" speed="0.00" length="5.00" type="DEFAULT_CAR"/>
    <instantOut id="235_D11" time="38062.00" state="stay" vehID="Car_22186" speed="0.00" length="5.00" type="DEFAULT_CAR"/>
    <instantOut id="235_D11" time="38062.25" state="stay" vehID="Car_22186" speed="0.00" length="5.00" type="DEFAULT_CAR"/>
    <instantOut id="235_D11" time="38062.50" state="stay" vehID="Car_22186" speed="0.00" length="5.00" type="DEFAULT_CAR"/>
    <instantOut id="235_D11" time="38062.75" state="stay" vehID="Car_22186" speed="0.00" length="5.00" type="DEFAULT_CAR"/>
    <instantOut id="235_D11" time="38063.00" state="stay" vehID="Car_22186" speed="0.00" length="5.00" type="DEFAULT_CAR"/>
    <instantOut id="235_D11" time="38063.25" state="stay" vehID="Car_22186" speed="0.00" length="5.00" type="DEFAULT_CAR"/>
    <instantOut id="235_D11" time="38063.50" state="stay" vehID="Car_22186" speed="0.00" length="5.00" type="DEFAULT_CAR"/>
    <instantOut id="235_D11" time="38063.75" state="stay" vehID="Car_22186" speed="0.00" length="5.00" type="DEFAULT_CAR"/>
    <instantOut id="235_D11" time="38064.00" state="stay" vehID="Car_22186" speed="0.00" length="5.00" type="DEFAULT_CAR"/>
    <instantOut id="235_D11" time="38064.25" state="stay" vehID="Car_22186" speed="0.00" length="5.00" type="DEFAULT_CAR"/>
    <instantOut id="235_D11" time="38064.50" state="stay" vehID="Car_22186" speed="0.00" length="5.00" type="DEFAULT_CAR"/>
    <instantOut id="235_D11" time="38064.75" state="stay" vehID="Car_22186" speed="0.00" length="5.00" type="DEFAULT_CAR"/>
    <instantOut id="235_D11" time="38065.00" state="stay" vehID="Car_22186" speed="0.00" length="5.00" type="DEFAULT_CAR"/>
    <instantOut id="235_D11" time="38065.25" state="stay" vehID="Car_22186" speed="0.00" length="5.00" type="DEFAULT_CAR"/>
    <instantOut id="235_D11" time="38065.50" state="stay" vehID="Car_22186" speed="0.00" length="5.00" type="DEFAULT_CAR"/>
    <instantOut id="235_D11" time="38065.75" state="stay" vehID="Car_22186" speed="0.00" length="5.00" type="DEFAULT_CAR"/>
    <instantOut id="235_D11" time="38066.00" state="stay" vehID="Car_22186" speed="0.00" length="5.00" type="DEFAULT_CAR"/>
    <instantOut id="235_D11" time="38066.25" state="stay" vehID="Car_22186" speed="0.00" length="5.00" type="DEFAULT_CAR"/>
    <instantOut id="235_D11" time="38066.50" state="stay" vehID="Car_22186" speed="0.00" length="5.00" type="DEFAULT_CAR"/>
    <instantOut id="235_D11" time="38066.75" state="stay" vehID="Car_22186" speed="0.00" length="5.00" type="DEFAULT_CAR"/>
    <instantOut id="235_D11" time="38067.00" state="stay" vehID="Car_22186" speed="0.00" length="5.00" type="DEFAULT_CAR"/>
    <instantOut id="235_D11" time="38067.25" state="stay" vehID="Car_22186" speed="0.00" length="5.00" type="DEFAULT_CAR"/>
    <instantOut id="235_D11" time="38067.50" state="stay" vehID="Car_22186" speed="0.00" length="5.00" type="DEFAULT_CAR"/>
    <instantOut id="235_D11" time="38067.75" state="stay" vehID="Car_22186" speed="0.93" length="5.00" type="DEFAULT_CAR"/>
    <instantOut id="235_D11" time="38068.00" state="stay" vehID="Car_22186" speed="1.75" length="5.00" type="DEFAULT_CAR"/>
    <instantOut id="235_D11" time="38068.25" state="stay" vehID="Car_22186" speed="2.48" length="5.00" type="DEFAULT_CAR"/>
    <instantOut id="235_D11" time="38068.47" state="leave" vehID="Car_22186" speed="3.32" length="5.00" type="DEFAULT_CAR" occupancy="8.53"/>
    <instantOut id="235_D11" time="39691.09" state="enter" vehID="Car_22945" speed="5.73" length="5.00" type="DEFAULT_CAR" gap="1622.61"/>
    <instantOut id="235_D11" time="39691.25" state="stay" vehID="Car_22945" speed="5.73" length="5.00" type="DEFAULT_CAR"/>
    <instantOut id="235_D11" time="39691.50" state="stay" vehID="Car_22945" speed="6.68" length="5.00" type="DEFAULT_CAR"/>
    <instantOut id="235_D11" time="39691.75" state="stay" vehID="Car_22945" speed="6.63" length="5.00" type="DEFAULT_CAR"/>
    <instantOut id="235_D11" time="39691.86" state="leave" vehID="Car_22945" speed="6.45" length="5.00" type="DEFAULT_CAR" occupancy="0.78"/>
    <instantOut id="235_D11" time="40698.86" state="enter" vehID="Car_23645" speed="5.97" length="5.00" type="DEFAULT_CAR" gap="1007.00"/>
    <instantOut id="235_D11" time="40699.00" state="stay" vehID="Car_23645" speed="5.97" length="5.00" type="DEFAULT_CAR"/>
    <instantOut id="235_D11" time="40699.25" state="stay" vehID="Car_23645" speed="6.92" length="5.00" type="DEFAULT_CAR"/>
    <instantOut id="235_D11" time="40699.50" state="stay" vehID="Car_23645" speed="6.70" length="5.00" type="DEFAULT_CAR"/>
    <instantOut id="235_D11" time="40699.62" state="leave" vehID="Car_23645" speed="6.78" length="5.00" type="DEFAULT_CAR" occupancy="0.75"/>
</instantE1>
