<?xml version="1.0" encoding="UTF-8"?>

<!-- generated on 2025-02-28 19:37:11 by Eclipse SUMO GUI Version 1.19.0
<configuration xmlns:xsi="http://www.w3.org/2001/XMLSchema-instance" xsi:noNamespaceSchemaLocation="http://sumo.dlr.de/xsd/sumoConfiguration.xsd">

    <input>
        <net-file value="Network.net.xml"/>
        <route-files value="CarRoutes.rou.xml"/>
        <additional-files value="Sensors.add.xml"/>
    </input>

    <output>
        <emission-output value="logs/Emissions.xml"/>
        <summary-output value="logs/Log_summary.xml"/>
        <summary-output.period value="300"/>
        <tripinfo-output value="logs/TripInfos.xml"/>
    </output>

    <time>
        <begin value="0"/>
        <end value="86400"/>
        <step-length value="0.25"/>
    </time>

    <processing>
        <ignore-junction-blocker value="0.1"/>
        <time-to-teleport value="-1"/>
    </processing>

    <report>
        <verbose value="true"/>
        <no-step-log value="true"/>
    </report>

    <emissions>
        <device.emissions.period value="10"/>
    </emissions>

    <traci_server>
        <remote-port value="59515"/>
    </traci_server>

    <gui_only>
        <quit-on-end value="true"/>
        <start value="true"/>
    </gui_only>

</configuration>
-->

<instantE1 xmlns:xsi="http://www.w3.org/2001/XMLSchema-instance" xsi:noNamespaceSchemaLocation="http://sumo.dlr.de/xsd/instant_e1_file.xsd">
    <instantOut id="235_D025" time="250.26" state="enter" vehID="Car_503" speed="8.59" length="5.00" type="DEFAULT_CAR"/>
    <instantOut id="235_D025" time="250.50" state="stay" vehID="Car_503" speed="8.59" length="5.00" type="DEFAULT_CAR"/>
    <instantOut id="235_D025" time="250.75" state="stay" vehID="Car_503" speed="7.84" length="5.00" type="DEFAULT_CAR"/>
    <instantOut id="235_D025" time="250.89" state="leave" vehID="Car_503" speed="7.09" length="5.00" type="DEFAULT_CAR" occupancy="0.63"/>
    <instantOut id="235_D025" time="1972.74" state="enter" vehID="Car_1044" speed="8.75" length="5.00" type="DEFAULT_CAR" gap="1721.85"/>
    <instantOut id="235_D025" time="1972.75" state="stay" vehID="Car_1044" speed="8.75" length="5.00" type="DEFAULT_CAR"/>
    <instantOut id="235_D025" time="1973.00" state="stay" vehID="Car_1044" speed="8.10" length="5.00" type="DEFAULT_CAR"/>
    <instantOut id="235_D025" time="1973.25" state="stay" vehID="Car_1044" speed="7.35" length="5.00" type="DEFAULT_CAR"/>
    <instantOut id="235_D025" time="1973.41" state="leave" vehID="Car_1044" speed="6.60" length="5.00" type="DEFAULT_CAR" occupancy="0.67"/>
    <instantOut id="235_D025" time="3536.71" state="enter" vehID="Car_1957" speed="9.07" length="5.00" type="DEFAULT_CAR" gap="1563.30"/>
    <instantOut id="235_D025" time="3536.75" state="stay" vehID="Car_1957" speed="9.07" length="5.00" type="DEFAULT_CAR"/>
    <instantOut id="235_D025" time="3537.00" state="stay" vehID="Car_1957" speed="8.32" length="5.00" type="DEFAULT_CAR"/>
    <instantOut id="235_D025" time="3537.25" state="stay" vehID="Car_1957" speed="7.57" length="5.00" type="DEFAULT_CAR"/>
    <instantOut id="235_D025" time="3537.35" state="leave" vehID="Car_1957" speed="6.82" length="5.00" type="DEFAULT_CAR" occupancy="0.64"/>
    <instantOut id="235_D025" time="4298.70" state="enter" vehID="Car_1959" speed="9.19" length="5.00" type="DEFAULT_CAR" gap="761.35"/>
    <instantOut id="235_D025" time="4298.75" state="stay" vehID="Car_1959" speed="9.19" length="5.00" type="DEFAULT_CAR"/>
    <instantOut id="235_D025" time="4299.00" state="stay" vehID="Car_1959" speed="8.82" length="5.00" type="DEFAULT_CAR"/>
    <instantOut id="235_D025" time="4299.25" state="stay" vehID="Car_1959" speed="8.07" length="5.00" type="DEFAULT_CAR"/>
    <instantOut id="235_D025" time="4299.30" state="leave" vehID="Car_1959" speed="7.32" length="5.00" type="DEFAULT_CAR" occupancy="0.59"/>
    <instantOut id="235_D025" time="5660.78" state="enter" vehID="Car_2950" speed="7.35" length="5.00" type="DEFAULT_CAR" gap="1361.48"/>
    <instantOut id="235_D025" time="5661.00" state="stay" vehID="Car_2950" speed="7.35" length="5.00" type="DEFAULT_CAR"/>
    <instantOut id="235_D025" time="5661.25" state="stay" vehID="Car_2950" speed="6.60" length="5.00" type="DEFAULT_CAR"/>
    <instantOut id="235_D025" time="5661.50" state="stay" vehID="Car_2950" speed="5.93" length="5.00" type="DEFAULT_CAR"/>
    <instantOut id="235_D025" time="5661.55" state="leave" vehID="Car_2950" speed="5.18" length="5.00" type="DEFAULT_CAR" occupancy="0.77"/>
    <instantOut id="235_D025" time="7158.39" state="enter" vehID="Car_4199" speed="8.66" length="5.00" type="DEFAULT_CAR" gap="1496.84"/>
    <instantOut id="235_D025" time="7158.50" state="stay" vehID="Car_4199" speed="8.66" length="5.00" type="DEFAULT_CAR"/>
    <instantOut id="235_D025" time="7158.75" state="stay" vehID="Car_4199" speed="7.91" length="5.00" type="DEFAULT_CAR"/>
    <instantOut id="235_D025" time="7159.00" state="stay" vehID="Car_4199" speed="7.16" length="5.00" type="DEFAULT_CAR"/>
    <instantOut id="235_D025" time="7159.05" state="leave" vehID="Car_4199" speed="6.41" length="5.00" type="DEFAULT_CAR" occupancy="0.65"/>
    <instantOut id="235_D025" time="7681.45" state="enter" vehID="Car_3901" speed="9.93" length="5.00" type="DEFAULT_CAR" gap="522.41"/>
    <instantOut id="235_D025" time="7681.50" state="stay" vehID="Car_3901" speed="9.93" length="5.00" type="DEFAULT_CAR"/>
    <instantOut id="235_D025" time="7681.75" state="stay" vehID="Car_3901" speed="9.56" length="5.00" type="DEFAULT_CAR"/>
    <instantOut id="235_D025" time="7681.99" state="leave" vehID="Car_3901" speed="8.81" length="5.00" type="DEFAULT_CAR" occupancy="0.54"/>
    <instantOut id="235_D025" time="8743.97" state="enter" vehID="Car_4599" speed="10.20" length="5.00" type="DEFAULT_CAR" gap="1061.98"/>
    <instantOut id="235_D025" time="8744.00" state="stay" vehID="Car_4599" speed="10.20" length="5.00" type="DEFAULT_CAR"/>
    <instantOut id="235_D025" time="8744.25" state="stay" vehID="Car_4599" speed="10.43" length="5.00" type="DEFAULT_CAR"/>
    <instantOut id="235_D025" time="8744.47" state="leave" vehID="Car_4599" speed="9.68" length="5.00" type="DEFAULT_CAR" occupancy="0.50"/>
    <instantOut id="235_D025" time="10283.97" state="enter" vehID="Car_5410" speed="8.48" length="5.00" type="DEFAULT_CAR" gap="1539.51"/>
    <instantOut id="235_D025" time="10284.00" state="stay" vehID="Car_5410" speed="8.48" length="5.00" type="DEFAULT_CAR"/>
    <instantOut id="235_D025" time="10284.25" state="stay" vehID="Car_5410" speed="8.09" length="5.00" type="DEFAULT_CAR"/>
    <instantOut id="235_D025" time="10284.50" state="stay" vehID="Car_5410" speed="7.47" length="5.00" type="DEFAULT_CAR"/>
    <instantOut id="235_D025" time="10284.63" state="leave" vehID="Car_5410" speed="6.74" length="5.00" type="DEFAULT_CAR" occupancy="0.66"/>
    <instantOut id="235_D025" time="10534.21" state="enter" vehID="Car_5414" speed="9.24" length="5.00" type="DEFAULT_CAR" gap="249.57"/>
    <instantOut id="235_D025" time="10534.25" state="stay" vehID="Car_5414" speed="9.24" length="5.00" type="DEFAULT_CAR"/>
    <instantOut id="235_D025" time="10534.50" state="stay" vehID="Car_5414" speed="8.87" length="5.00" type="DEFAULT_CAR"/>
    <instantOut id="235_D025" time="10534.75" state="stay" vehID="Car_5414" speed="8.18" length="5.00" type="DEFAULT_CAR"/>
    <instantOut id="235_D025" time="10534.79" state="leave" vehID="Car_5414" speed="7.43" length="5.00" type="DEFAULT_CAR" occupancy="0.59"/>
    <instantOut id="235_D025" time="13525.90" state="enter" vehID="Car_7915" speed="7.48" length="5.00" type="DEFAULT_CAR" gap="2991.10"/>
    <instantOut id="235_D025" time="13526.00" state="stay" vehID="Car_7915" speed="7.48" length="5.00" type="DEFAULT_CAR"/>
    <instantOut id="235_D025" time="13526.25" state="stay" vehID="Car_7915" speed="6.73" length="5.00" type="DEFAULT_CAR"/>
    <instantOut id="235_D025" time="13526.50" state="stay" vehID="Car_7915" speed="5.98" length="5.00" type="DEFAULT_CAR"/>
    <instantOut id="235_D025" time="13526.70" state="leave" vehID="Car_7915" speed="5.23" length="5.00" type="DEFAULT_CAR" occupancy="0.80"/>
    <instantOut id="235_D025" time="13920.99" state="enter" vehID="Car_7873" speed="6.73" length="5.00" type="DEFAULT_CAR" gap="394.30"/>
    <instantOut id="235_D025" time="13921.00" state="stay" vehID="Car_7873" speed="6.73" length="5.00" type="DEFAULT_CAR"/>
    <instantOut id="235_D025" time="13921.25" state="stay" vehID="Car_7873" speed="7.25" length="5.00" type="DEFAULT_CAR"/>
    <instantOut id="235_D025" time="13921.50" state="stay" vehID="Car_7873" speed="6.74" length="5.00" type="DEFAULT_CAR"/>
    <instantOut id="235_D025" time="13921.74" state="leave" vehID="Car_7873" speed="5.99" length="5.00" type="DEFAULT_CAR" occupancy="0.75"/>
    <instantOut id="235_D025" time="14214.20" state="enter" vehID="Car_7702" speed="9.64" length="5.00" type="DEFAULT_CAR" gap="292.46"/>
    <instantOut id="235_D025" time="14214.25" state="stay" vehID="Car_7702" speed="9.64" length="5.00" type="DEFAULT_CAR"/>
    <instantOut id="235_D025" time="14214.50" state="stay" vehID="Car_7702" speed="9.76" length="5.00" type="DEFAULT_CAR"/>
    <instantOut id="235_D025" time="14214.73" state="leave" vehID="Car_7702" speed="9.01" length="5.00" type="DEFAULT_CAR" occupancy="0.53"/>
    <instantOut id="235_D025" time="17833.25" state="enter" vehID="Car_9581" speed="9.17" length="5.00" type="DEFAULT_CAR" gap="3618.51"/>
    <instantOut id="235_D025" time="17833.25" state="stay" vehID="Car_9581" speed="9.17" length="5.00" type="DEFAULT_CAR"/>
    <instantOut id="235_D025" time="17833.50" state="stay" vehID="Car_9581" speed="8.57" length="5.00" type="DEFAULT_CAR"/>
    <instantOut id="235_D025" time="17833.75" state="stay" vehID="Car_9581" speed="7.82" length="5.00" type="DEFAULT_CAR"/>
    <instantOut id="235_D025" time="17833.87" state="leave" vehID="Car_9581" speed="7.32" length="5.00" type="DEFAULT_CAR" occupancy="0.62"/>
    <instantOut id="235_D025" time="19323.47" state="enter" vehID="Car_10899" speed="8.79" length="5.00" type="DEFAULT_CAR" gap="1489.60"/>
    <instantOut id="235_D025" time="19323.50" state="stay" vehID="Car_10899" speed="8.79" length="5.00" type="DEFAULT_CAR"/>
    <instantOut id="235_D025" time="19323.75" state="stay" vehID="Car_10899" speed="8.15" length="5.00" type="DEFAULT_CAR"/>
    <instantOut id="235_D025" time="19324.00" state="stay" vehID="Car_10899" speed="7.40" length="5.00" type="DEFAULT_CAR"/>
    <instantOut id="235_D025" time="19324.13" state="leave" vehID="Car_10899" speed="6.65" length="5.00" type="DEFAULT_CAR" occupancy="0.66"/>
    <instantOut id="235_D025" time="19633.96" state="enter" vehID="Car_10666" speed="8.53" length="5.00" type="DEFAULT_CAR" gap="309.83"/>
    <instantOut id="235_D025" time="19634.00" state="stay" vehID="Car_10666" speed="8.53" length="5.00" type="DEFAULT_CAR"/>
    <instantOut id="235_D025" time="19634.25" state="stay" vehID="Car_10666" speed="7.96" length="5.00" type="DEFAULT_CAR"/>
    <instantOut id="235_D025" time="19634.50" state="stay" vehID="Car_10666" speed="7.23" length="5.00" type="DEFAULT_CAR"/>
    <instantOut id="235_D025" time="19634.64" state="leave" vehID="Car_10666" speed="6.51" length="5.00" type="DEFAULT_CAR" occupancy="0.67"/>
    <instantOut id="235_D025" time="21376.04" state="enter" vehID="Car_11687" speed="7.76" length="5.00" type="DEFAULT_CAR" gap="1741.40"/>
    <instantOut id="235_D025" time="21376.25" state="stay" vehID="Car_11687" speed="7.76" length="5.00" type="DEFAULT_CAR"/>
    <instantOut id="235_D025" time="21376.50" state="stay" vehID="Car_11687" speed="7.01" length="5.00" type="DEFAULT_CAR"/>
    <instantOut id="235_D025" time="21376.75" state="stay" vehID="Car_11687" speed="6.26" length="5.00" type="DEFAULT_CAR"/>
    <instantOut id="235_D025" time="21376.75" state="leave" vehID="Car_11687" speed="5.51" length="5.00" type="DEFAULT_CAR" occupancy="0.72"/>
    <instantOut id="235_D025" time="22806.97" state="enter" vehID="Car_12941" speed="10.06" length="5.00" type="DEFAULT_CAR" gap="1430.21"/>
    <instantOut id="235_D025" time="22807.00" state="stay" vehID="Car_12941" speed="10.06" length="5.00" type="DEFAULT_CAR"/>
    <instantOut id="235_D025" time="22807.25" state="stay" vehID="Car_12941" speed="10.78" length="5.00" type="DEFAULT_CAR"/>
    <instantOut id="235_D025" time="22807.45" state="leave" vehID="Car_12941" speed="10.12" length="5.00" type="DEFAULT_CAR" occupancy="0.48"/>
    <instantOut id="235_D025" time="24714.08" state="enter" vehID="Car_14219" speed="7.10" length="5.00" type="DEFAULT_CAR" gap="1906.64"/>
    <instantOut id="235_D025" time="24714.25" state="stay" vehID="Car_14219" speed="7.10" length="5.00" type="DEFAULT_CAR"/>
    <instantOut id="235_D025" time="24714.50" state="stay" vehID="Car_14219" speed="6.35" length="5.00" type="DEFAULT_CAR"/>
    <instantOut id="235_D025" time="24714.75" state="stay" vehID="Car_14219" speed="5.60" length="5.00" type="DEFAULT_CAR"/>
    <instantOut id="235_D025" time="24714.92" state="leave" vehID="Car_14219" speed="4.86" length="5.00" type="DEFAULT_CAR" occupancy="0.84"/>
    <instantOut id="235_D025" time="25477.76" state="enter" vehID="Car_14854" speed="9.51" length="5.00" type="DEFAULT_CAR" gap="762.84"/>
    <instantOut id="235_D025" time="25478.00" state="stay" vehID="Car_14854" speed="9.51" length="5.00" type="DEFAULT_CAR"/>
    <instantOut id="235_D025" time="25478.25" state="stay" vehID="Car_14854" speed="8.88" length="5.00" type="DEFAULT_CAR"/>
    <instantOut id="235_D025" time="25478.31" state="leave" vehID="Car_14854" speed="8.13" length="5.00" type="DEFAULT_CAR" occupancy="0.55"/>
    <instantOut id="235_D025" time="25916.69" state="enter" vehID="Car_14630" speed="10.02" length="5.00" type="DEFAULT_CAR" gap="438.38"/>
    <instantOut id="235_D025" time="25916.75" state="stay" vehID="Car_14630" speed="10.02" length="5.00" type="DEFAULT_CAR"/>
    <instantOut id="235_D025" time="25917.00" state="stay" vehID="Car_14630" speed="9.27" length="5.00" type="DEFAULT_CAR"/>
    <instantOut id="235_D025" time="25917.24" state="leave" vehID="Car_14630" speed="8.52" length="5.00" type="DEFAULT_CAR" occupancy="0.55"/>
    <instantOut id="235_D025" time="26959.45" state="enter" vehID="Car_15393" speed="9.52" length="5.00" type="DEFAULT_CAR" gap="1042.21"/>
    <instantOut id="235_D025" time="26959.50" state="stay" vehID="Car_15393" speed="9.52" length="5.00" type="DEFAULT_CAR"/>
    <instantOut id="235_D025" time="26959.75" state="stay" vehID="Car_15393" speed="9.12" length="5.00" type="DEFAULT_CAR"/>
    <instantOut id="235_D025" time="26960.00" state="stay" vehID="Car_15393" speed="8.37" length="5.00" type="DEFAULT_CAR"/>
    <instantOut id="235_D025" time="26960.01" state="leave" vehID="Car_15393" speed="7.62" length="5.00" type="DEFAULT_CAR" occupancy="0.57"/>
    <instantOut id="235_D025" time="27557.32" state="enter" vehID="Car_16403" speed="7.34" length="5.00" type="DEFAULT_CAR" gap="597.31"/>
    <instantOut id="235_D025" time="27557.50" state="stay" vehID="Car_16403" speed="7.34" length="5.00" type="DEFAULT_CAR"/>
    <instantOut id="235_D025" time="27557.75" state="stay" vehID="Car_16403" speed="6.59" length="5.00" type="DEFAULT_CAR"/>
    <instantOut id="235_D025" time="27558.00" state="stay" vehID="Car_16403" speed="6.02" length="5.00" type="DEFAULT_CAR"/>
    <instantOut id="235_D025" time="27558.10" state="leave" vehID="Car_16403" speed="5.27" length="5.00" type="DEFAULT_CAR" occupancy="0.78"/>
    <instantOut id="235_D025" time="30258.50" state="enter" vehID="Car_17890" speed="7.47" length="5.00" type="DEFAULT_CAR" gap="2700.40"/>
    <instantOut id="235_D025" time="30258.75" state="stay" vehID="Car_17890" speed="7.47" length="5.00" type="DEFAULT_CAR"/>
    <instantOut id="235_D025" time="30259.00" state="stay" vehID="Car_17890" speed="6.72" length="5.00" type="DEFAULT_CAR"/>
    <instantOut id="235_D025" time="30259.24" state="leave" vehID="Car_17890" speed="5.97" length="5.00" type="DEFAULT_CAR" occupancy="0.74"/>
    <instantOut id="235_D025" time="32740.45" state="enter" vehID="Car_19479" speed="9.63" length="5.00" type="DEFAULT_CAR" gap="2481.21"/>
    <instantOut id="235_D025" time="32740.50" state="stay" vehID="Car_19479" speed="9.63" length="5.00" type="DEFAULT_CAR"/>
    <instantOut id="235_D025" time="32740.75" state="stay" vehID="Car_19479" speed="9.66" length="5.00" type="DEFAULT_CAR"/>
    <instantOut id="235_D025" time="32740.99" state="leave" vehID="Car_19479" speed="9.06" length="5.00" type="DEFAULT_CAR" occupancy="0.53"/>
    <instantOut id="235_D025" time="35133.70" state="enter" vehID="Car_21057" speed="6.25" length="5.00" type="DEFAULT_CAR" gap="2392.71"/>
    <instantOut id="235_D025" time="35133.75" state="stay" vehID="Car_21057" speed="6.25" length="5.00" type="DEFAULT_CAR"/>
    <instantOut id="235_D025" time="35134.00" state="stay" vehID="Car_21057" speed="5.94" length="5.00" type="DEFAULT_CAR"/>
    <instantOut id="235_D025" time="35134.25" state="stay" vehID="Car_21057" speed="5.27" length="5.00" type="DEFAULT_CAR"/>
    <instantOut id="235_D025" time="35134.50" state="stay" vehID="Car_21057" speed="4.57" length="5.00" type="DEFAULT_CAR"/>
    <instantOut id="235_D025" time="35134.69" state="leave" vehID="Car_21057" speed="3.94" length="5.00" type="DEFAULT_CAR" occupancy="0.99"/>
    <instantOut id="235_D025" time="44642.25" state="enter" vehID="Car_24505" speed="8.15" length="5.00" type="DEFAULT_CAR" gap="9507.56"/>
    <instantOut id="235_D025" time="44642.50" state="stay" vehID="Car_24505" speed="8.15" length="5.00" type="DEFAULT_CAR"/>
    <instantOut id="235_D025" time="44642.75" state="stay" vehID="Car_24505" speed="7.84" length="5.00" type="DEFAULT_CAR"/>
    <instantOut id="235_D025" time="44642.89" state="leave" vehID="Car_24505" speed="7.24" length="5.00" type="DEFAULT_CAR" occupancy="0.64"/>
</instantE1>
