<?xml version="1.0" encoding="UTF-8"?>

<!-- generated on 2025-02-28 20:12:16 by Eclipse SUMO GUI Version 1.19.0
<configuration xmlns:xsi="http://www.w3.org/2001/XMLSchema-instance" xsi:noNamespaceSchemaLocation="http://sumo.dlr.de/xsd/sumoConfiguration.xsd">

    <input>
        <net-file value="Network.net.xml"/>
        <route-files value="CarRoutes.rou.xml"/>
        <additional-files value="Sensors.add.xml"/>
    </input>

    <output>
        <emission-output value="logs/Emissions.xml"/>
        <summary-output value="logs/Log_summary.xml"/>
        <summary-output.period value="300"/>
        <tripinfo-output value="logs/TripInfos.xml"/>
    </output>

    <time>
        <begin value="0"/>
        <end value="86400"/>
        <step-length value="0.25"/>
    </time>

    <processing>
        <ignore-junction-blocker value="0.1"/>
        <time-to-teleport value="-1"/>
    </processing>

    <report>
        <verbose value="true"/>
        <no-step-log value="true"/>
    </report>

    <emissions>
        <device.emissions.period value="10"/>
    </emissions>

    <traci_server>
        <remote-port value="59746"/>
    </traci_server>

    <gui_only>
        <quit-on-end value="true"/>
        <start value="true"/>
    </gui_only>

</configuration>
-->

<summary xmlns:xsi="http://www.w3.org/2001/XMLSchema-instance" xsi:noNamespaceSchemaLocation="http://sumo.dlr.de/xsd/summary_file.xsd">
    <step time="0.00" loaded="0" inserted="0" running="0" waiting="0" ended="0" arrived="0" collisions="0" teleports="0" halting="0" stopped="0" meanWaitingTime="-1.00" meanTravelTime="-1.00" meanSpeed="-1.00" meanSpeedRelative="-1.00" duration="0"/>
    <step time="300.00" loaded="213" inserted="201" running="92" waiting="12" ended="109" arrived="109" collisions="0" teleports="0" halting="48" stopped="0" meanWaitingTime="12.88" meanTravelTime="72.60" meanSpeed="3.10" meanSpeedRelative="0.22" duration="3"/>
    <step time="600.00" loaded="374" inserted="362" running="71" waiting="12" ended="291" arrived="291" collisions="0" teleports="0" halting="20" stopped="0" meanWaitingTime="15.81" meanTravelTime="103.97" meanSpeed="4.86" meanSpeedRelative="0.35" duration="3"/>
    <step time="900.00" loaded="529" inserted="519" running="56" waiting="10" ended="463" arrived="463" collisions="0" teleports="0" halting="28" stopped="0" meanWaitingTime="14.30" meanTravelTime="114.37" meanSpeed="4.06" meanSpeedRelative="0.29" duration="2"/>
    <step time="1200.00" loaded="702" inserted="687" running="58" waiting="15" ended="629" arrived="629" collisions="0" teleports="0" halting="8" stopped="0" meanWaitingTime="17.05" meanTravelTime="111.43" meanSpeed="8.30" meanSpeedRelative="0.60" duration="1"/>
    <step time="1500.00" loaded="865" inserted="845" running="54" waiting="20" ended="791" arrived="791" collisions="0" teleports="0" halting="17" stopped="0" meanWaitingTime="18.19" meanTravelTime="108.64" meanSpeed="5.09" meanSpeedRelative="0.37" duration="2"/>
    <step time="1800.00" loaded="1025" inserted="1006" running="51" waiting="19" ended="955" arrived="955" collisions="0" teleports="0" halting="18" stopped="0" meanWaitingTime="21.11" meanTravelTime="107.20" meanSpeed="5.23" meanSpeedRelative="0.38" duration="2"/>
    <step time="2100.00" loaded="1183" inserted="1168" running="73" waiting="15" ended="1095" arrived="1095" collisions="0" teleports="0" halting="42" stopped="0" meanWaitingTime="19.86" meanTravelTime="105.94" meanSpeed="3.12" meanSpeedRelative="0.22" duration="2"/>
    <step time="2400.00" loaded="1328" inserted="1312" running="39" waiting="16" ended="1273" arrived="1273" collisions="0" teleports="0" halting="18" stopped="0" meanWaitingTime="19.70" meanTravelTime="108.22" meanSpeed="4.16" meanSpeedRelative="0.30" duration="1"/>
    <step time="2700.00" loaded="1476" inserted="1475" running="41" waiting="1" ended="1434" arrived="1434" collisions="0" teleports="0" halting="10" stopped="0" meanWaitingTime="19.38" meanTravelTime="106.28" meanSpeed="6.91" meanSpeedRelative="0.50" duration="2"/>
    <step time="3000.00" loaded="1634" inserted="1627" running="49" waiting="7" ended="1578" arrived="1578" collisions="0" teleports="0" halting="22" stopped="0" meanWaitingTime="18.11" meanTravelTime="104.50" meanSpeed="4.20" meanSpeedRelative="0.30" duration="2"/>
    <step time="3300.00" loaded="1805" inserted="1789" running="54" waiting="16" ended="1735" arrived="1735" collisions="0" teleports="0" halting="10" stopped="0" meanWaitingTime="18.34" meanTravelTime="104.50" meanSpeed="7.13" meanSpeedRelative="0.51" duration="2"/>
    <step time="3600.00" loaded="1939" inserted="1939" running="40" waiting="0" ended="1899" arrived="1899" collisions="0" teleports="0" halting="10" stopped="0" meanWaitingTime="18.08" meanTravelTime="103.19" meanSpeed="6.27" meanSpeedRelative="0.45" duration="2"/>
    <step time="3900.00" loaded="2104" inserted="2104" running="69" waiting="0" ended="2035" arrived="2035" collisions="0" teleports="0" halting="33" stopped="0" meanWaitingTime="16.78" meanTravelTime="103.02" meanSpeed="3.62" meanSpeedRelative="0.26" duration="3"/>
    <step time="4200.00" loaded="2235" inserted="2235" running="44" waiting="0" ended="2191" arrived="2191" collisions="0" teleports="0" halting="6" stopped="0" meanWaitingTime="16.89" meanTravelTime="104.03" meanSpeed="6.24" meanSpeedRelative="0.45" duration="2"/>
    <step time="4500.00" loaded="2412" inserted="2411" running="66" waiting="1" ended="2345" arrived="2345" collisions="0" teleports="0" halting="28" stopped="0" meanWaitingTime="16.10" meanTravelTime="103.67" meanSpeed="3.96" meanSpeedRelative="0.29" duration="2"/>
    <step time="4800.00" loaded="2568" inserted="2562" running="39" waiting="6" ended="2523" arrived="2523" collisions="0" teleports="0" halting="14" stopped="0" meanWaitingTime="15.43" meanTravelTime="103.78" meanSpeed="4.71" meanSpeedRelative="0.34" duration="2"/>
    <step time="5100.00" loaded="2735" inserted="2725" running="57" waiting="10" ended="2668" arrived="2668" collisions="0" teleports="0" halting="6" stopped="0" meanWaitingTime="16.10" meanTravelTime="103.08" meanSpeed="6.48" meanSpeedRelative="0.47" duration="2"/>
    <step time="5400.00" loaded="2885" inserted="2883" running="50" waiting="2" ended="2833" arrived="2833" collisions="0" teleports="0" halting="13" stopped="0" meanWaitingTime="15.62" meanTravelTime="102.76" meanSpeed="5.55" meanSpeedRelative="0.40" duration="2"/>
    <step time="5700.00" loaded="3072" inserted="3057" running="68" waiting="15" ended="2989" arrived="2989" collisions="0" teleports="0" halting="33" stopped="0" meanWaitingTime="15.09" meanTravelTime="102.60" meanSpeed="4.16" meanSpeedRelative="0.30" duration="3"/>
    <step time="6000.00" loaded="3196" inserted="3193" running="37" waiting="3" ended="3156" arrived="3156" collisions="0" teleports="0" halting="15" stopped="0" meanWaitingTime="15.18" meanTravelTime="103.64" meanSpeed="4.80" meanSpeedRelative="0.35" duration="1"/>
    <step time="6300.00" loaded="3360" inserted="3343" running="69" waiting="17" ended="3274" arrived="3274" collisions="0" teleports="0" halting="27" stopped="0" meanWaitingTime="15.25" meanTravelTime="104.02" meanSpeed="5.13" meanSpeedRelative="0.37" duration="4"/>
    <step time="6600.00" loaded="3520" inserted="3512" running="54" waiting="8" ended="3458" arrived="3458" collisions="0" teleports="0" halting="16" stopped="0" meanWaitingTime="15.48" meanTravelTime="104.00" meanSpeed="5.31" meanSpeedRelative="0.38" duration="2"/>
    <step time="6900.00" loaded="3708" inserted="3691" running="60" waiting="17" ended="3631" arrived="3631" collisions="0" teleports="0" halting="28" stopped="0" meanWaitingTime="15.49" meanTravelTime="103.20" meanSpeed="3.38" meanSpeedRelative="0.24" duration="3"/>
    <step time="7200.00" loaded="3868" inserted="3843" running="54" waiting="25" ended="3789" arrived="3789" collisions="0" teleports="0" halting="14" stopped="0" meanWaitingTime="16.08" meanTravelTime="103.37" meanSpeed="5.28" meanSpeedRelative="0.39" duration="3"/>
    <step time="7500.00" loaded="4017" inserted="4005" running="45" waiting="12" ended="3960" arrived="3960" collisions="0" teleports="0" halting="17" stopped="0" meanWaitingTime="16.90" meanTravelTime="103.55" meanSpeed="4.92" meanSpeedRelative="0.37" duration="2"/>
    <step time="7800.00" loaded="4171" inserted="4148" running="38" waiting="23" ended="4110" arrived="4110" collisions="0" teleports="0" halting="13" stopped="0" meanWaitingTime="17.38" meanTravelTime="103.25" meanSpeed="4.94" meanSpeedRelative="0.36" duration="2"/>
    <step time="8100.00" loaded="4343" inserted="4328" running="49" waiting="15" ended="4279" arrived="4279" collisions="0" teleports="0" halting="19" stopped="0" meanWaitingTime="18.48" meanTravelTime="102.37" meanSpeed="4.70" meanSpeedRelative="0.34" duration="3"/>
    <step time="8400.00" loaded="4525" inserted="4521" running="74" waiting="4" ended="4447" arrived="4447" collisions="0" teleports="0" halting="34" stopped="0" meanWaitingTime="18.53" meanTravelTime="102.29" meanSpeed="3.35" meanSpeedRelative="0.24" duration="3"/>
    <step time="8700.00" loaded="4698" inserted="4693" running="78" waiting="5" ended="4615" arrived="4615" collisions="0" teleports="0" halting="25" stopped="0" meanWaitingTime="18.29" meanTravelTime="103.33" meanSpeed="4.89" meanSpeedRelative="0.35" duration="4"/>
    <step time="9000.00" loaded="4886" inserted="4869" running="61" waiting="17" ended="4808" arrived="4808" collisions="0" teleports="0" halting="18" stopped="0" meanWaitingTime="18.10" meanTravelTime="103.35" meanSpeed="4.41" meanSpeedRelative="0.32" duration="2"/>
    <step time="9300.00" loaded="5070" inserted="5052" running="63" waiting="18" ended="4989" arrived="4989" collisions="0" teleports="0" halting="26" stopped="0" meanWaitingTime="18.12" meanTravelTime="103.57" meanSpeed="4.04" meanSpeedRelative="0.29" duration="2"/>
    <step time="9600.00" loaded="5239" inserted="5224" running="65" waiting="15" ended="5159" arrived="5159" collisions="0" teleports="0" halting="13" stopped="0" meanWaitingTime="18.67" meanTravelTime="103.55" meanSpeed="5.21" meanSpeedRelative="0.38" duration="1"/>
    <step time="9900.00" loaded="5385" inserted="5369" running="36" waiting="16" ended="5333" arrived="5333" collisions="0" teleports="0" halting="13" stopped="0" meanWaitingTime="18.65" meanTravelTime="104.16" meanSpeed="5.19" meanSpeedRelative="0.37" duration="1"/>
    <step time="10200.00" loaded="5554" inserted="5545" running="62" waiting="9" ended="5483" arrived="5483" collisions="0" teleports="0" halting="13" stopped="0" meanWaitingTime="18.88" meanTravelTime="103.93" meanSpeed="4.59" meanSpeedRelative="0.33" duration="2"/>
    <step time="10500.00" loaded="5734" inserted="5723" running="76" waiting="11" ended="5647" arrived="5647" collisions="0" teleports="0" halting="23" stopped="0" meanWaitingTime="18.72" meanTravelTime="104.62" meanSpeed="4.76" meanSpeedRelative="0.34" duration="2"/>
    <step time="10800.00" loaded="5903" inserted="5895" running="82" waiting="8" ended="5813" arrived="5813" collisions="0" teleports="0" halting="18" stopped="0" meanWaitingTime="18.76" meanTravelTime="105.08" meanSpeed="5.12" meanSpeedRelative="0.37" duration="2"/>
    <step time="11100.00" loaded="6079" inserted="6061" running="64" waiting="18" ended="5997" arrived="5997" collisions="0" teleports="0" halting="32" stopped="0" meanWaitingTime="18.75" meanTravelTime="106.19" meanSpeed="3.50" meanSpeedRelative="0.25" duration="2"/>
    <step time="11400.00" loaded="6251" inserted="6217" running="63" waiting="34" ended="6154" arrived="6154" collisions="0" teleports="0" halting="21" stopped="0" meanWaitingTime="19.39" meanTravelTime="106.36" meanSpeed="5.24" meanSpeedRelative="0.38" duration="3"/>
    <step time="11700.00" loaded="6394" inserted="6375" running="60" waiting="19" ended="6315" arrived="6315" collisions="0" teleports="0" halting="11" stopped="0" meanWaitingTime="20.45" meanTravelTime="106.47" meanSpeed="4.44" meanSpeedRelative="0.32" duration="2"/>
    <step time="12000.00" loaded="6568" inserted="6561" running="61" waiting="7" ended="6500" arrived="6500" collisions="0" teleports="0" halting="13" stopped="0" meanWaitingTime="20.44" meanTravelTime="106.92" meanSpeed="4.78" meanSpeedRelative="0.34" duration="2"/>
    <step time="12300.00" loaded="6736" inserted="6734" running="57" waiting="2" ended="6677" arrived="6677" collisions="0" teleports="0" halting="23" stopped="0" meanWaitingTime="20.15" meanTravelTime="107.16" meanSpeed="4.52" meanSpeedRelative="0.33" duration="2"/>
    <step time="12600.00" loaded="6907" inserted="6883" running="61" waiting="24" ended="6822" arrived="6822" collisions="0" teleports="0" halting="20" stopped="0" meanWaitingTime="20.00" meanTravelTime="107.03" meanSpeed="4.80" meanSpeedRelative="0.35" duration="2"/>
    <step time="12900.00" loaded="7075" inserted="7062" running="68" waiting="13" ended="6994" arrived="6994" collisions="0" teleports="0" halting="25" stopped="0" meanWaitingTime="20.22" meanTravelTime="107.48" meanSpeed="4.56" meanSpeedRelative="0.33" duration="2"/>
    <step time="13200.00" loaded="7247" inserted="7226" running="81" waiting="21" ended="7145" arrived="7145" collisions="0" teleports="0" halting="27" stopped="0" meanWaitingTime="20.27" meanTravelTime="107.58" meanSpeed="4.52" meanSpeedRelative="0.33" duration="2"/>
    <step time="13500.00" loaded="7423" inserted="7415" running="66" waiting="8" ended="7349" arrived="7349" collisions="0" teleports="0" halting="20" stopped="0" meanWaitingTime="20.19" meanTravelTime="108.06" meanSpeed="3.42" meanSpeedRelative="0.25" duration="1"/>
    <step time="13800.00" loaded="7618" inserted="7601" running="64" waiting="17" ended="7537" arrived="7537" collisions="0" teleports="0" halting="15" stopped="0" meanWaitingTime="20.27" meanTravelTime="108.20" meanSpeed="6.24" meanSpeedRelative="0.45" duration="1"/>
    <step time="14100.00" loaded="7778" inserted="7774" running="73" waiting="4" ended="7701" arrived="7701" collisions="0" teleports="0" halting="16" stopped="0" meanWaitingTime="20.32" meanTravelTime="108.32" meanSpeed="5.26" meanSpeedRelative="0.39" duration="2"/>
    <step time="14400.00" loaded="7919" inserted="7908" running="49" waiting="11" ended="7859" arrived="7859" collisions="0" teleports="0" halting="11" stopped="0" meanWaitingTime="20.49" meanTravelTime="108.58" meanSpeed="7.05" meanSpeedRelative="0.51" duration="1"/>
    <step time="14700.00" loaded="8114" inserted="8088" running="56" waiting="26" ended="8032" arrived="8032" collisions="0" teleports="0" halting="10" stopped="0" meanWaitingTime="20.45" meanTravelTime="108.23" meanSpeed="5.98" meanSpeedRelative="0.43" duration="1"/>
    <step time="15000.00" loaded="8271" inserted="8244" running="84" waiting="27" ended="8160" arrived="8160" collisions="0" teleports="0" halting="11" stopped="0" meanWaitingTime="20.57" meanTravelTime="108.58" meanSpeed="6.11" meanSpeedRelative="0.44" duration="2"/>
    <step time="15300.00" loaded="8432" inserted="8397" running="73" waiting="35" ended="8324" arrived="8324" collisions="0" teleports="0" halting="38" stopped="0" meanWaitingTime="21.07" meanTravelTime="109.20" meanSpeed="3.56" meanSpeedRelative="0.26" duration="2"/>
    <step time="15600.00" loaded="8598" inserted="8588" running="64" waiting="10" ended="8524" arrived="8524" collisions="0" teleports="0" halting="20" stopped="0" meanWaitingTime="21.81" meanTravelTime="109.33" meanSpeed="5.55" meanSpeedRelative="0.40" duration="1"/>
    <step time="15900.00" loaded="8789" inserted="8780" running="78" waiting="9" ended="8702" arrived="8702" collisions="0" teleports="0" halting="33" stopped="0" meanWaitingTime="22.08" meanTravelTime="109.08" meanSpeed="5.20" meanSpeedRelative="0.37" duration="2"/>
    <step time="16200.00" loaded="8977" inserted="8965" running="65" waiting="12" ended="8900" arrived="8900" collisions="0" teleports="0" halting="22" stopped="0" meanWaitingTime="22.08" meanTravelTime="108.85" meanSpeed="5.07" meanSpeedRelative="0.36" duration="2"/>
    <step time="16500.00" loaded="9143" inserted="9140" running="53" waiting="3" ended="9087" arrived="9087" collisions="0" teleports="0" halting="19" stopped="0" meanWaitingTime="21.89" meanTravelTime="108.51" meanSpeed="5.37" meanSpeedRelative="0.39" duration="1"/>
    <step time="16800.00" loaded="9328" inserted="9310" running="61" waiting="18" ended="9249" arrived="9249" collisions="0" teleports="0" halting="12" stopped="0" meanWaitingTime="21.79" meanTravelTime="108.56" meanSpeed="6.03" meanSpeedRelative="0.43" duration="2"/>
    <step time="17100.00" loaded="9503" inserted="9483" running="52" waiting="20" ended="9431" arrived="9431" collisions="0" teleports="0" halting="8" stopped="0" meanWaitingTime="21.95" meanTravelTime="108.41" meanSpeed="5.97" meanSpeedRelative="0.43" duration="2"/>
    <step time="17400.00" loaded="9683" inserted="9662" running="71" waiting="21" ended="9591" arrived="9591" collisions="0" teleports="0" halting="21" stopped="0" meanWaitingTime="22.12" meanTravelTime="108.28" meanSpeed="5.06" meanSpeedRelative="0.36" duration="2"/>
    <step time="17700.00" loaded="9859" inserted="9835" running="68" waiting="24" ended="9767" arrived="9767" collisions="0" teleports="0" halting="26" stopped="0" meanWaitingTime="22.43" meanTravelTime="108.49" meanSpeed="4.44" meanSpeedRelative="0.32" duration="2"/>
    <step time="18000.00" loaded="10023" inserted="10001" running="64" waiting="22" ended="9937" arrived="9937" collisions="0" teleports="0" halting="28" stopped="0" meanWaitingTime="22.80" meanTravelTime="108.67" meanSpeed="4.20" meanSpeedRelative="0.30" duration="4"/>
    <step time="18300.00" loaded="10209" inserted="10176" running="45" waiting="33" ended="10131" arrived="10131" collisions="0" teleports="0" halting="24" stopped="0" meanWaitingTime="23.06" meanTravelTime="108.65" meanSpeed="4.05" meanSpeedRelative="0.29" duration="2"/>
    <step time="18600.00" loaded="10368" inserted="10336" running="62" waiting="32" ended="10274" arrived="10274" collisions="0" teleports="0" halting="22" stopped="0" meanWaitingTime="23.66" meanTravelTime="108.53" meanSpeed="5.48" meanSpeedRelative="0.39" duration="2"/>
    <step time="18900.00" loaded="10561" inserted="10525" running="73" waiting="36" ended="10452" arrived="10452" collisions="0" teleports="0" halting="12" stopped="0" meanWaitingTime="24.06" meanTravelTime="108.48" meanSpeed="7.32" meanSpeedRelative="0.53" duration="2"/>
    <step time="19200.00" loaded="10737" inserted="10710" running="70" waiting="27" ended="10640" arrived="10640" collisions="0" teleports="0" halting="42" stopped="0" meanWaitingTime="24.42" meanTravelTime="108.39" meanSpeed="3.82" meanSpeedRelative="0.28" duration="1"/>
    <step time="19500.00" loaded="10946" inserted="10922" running="108" waiting="24" ended="10814" arrived="10814" collisions="0" teleports="0" halting="35" stopped="0" meanWaitingTime="24.77" meanTravelTime="108.74" meanSpeed="4.00" meanSpeedRelative="0.29" duration="3"/>
    <step time="19800.00" loaded="11124" inserted="11093" running="83" waiting="31" ended="11010" arrived="11010" collisions="0" teleports="0" halting="39" stopped="0" meanWaitingTime="25.10" meanTravelTime="109.26" meanSpeed="3.65" meanSpeedRelative="0.26" duration="2"/>
    <step time="20100.00" loaded="11320" inserted="11292" running="110" waiting="28" ended="11182" arrived="11182" collisions="0" teleports="0" halting="27" stopped="0" meanWaitingTime="25.59" meanTravelTime="109.87" meanSpeed="4.18" meanSpeedRelative="0.30" duration="3"/>
    <step time="20400.00" loaded="11486" inserted="11454" running="81" waiting="32" ended="11373" arrived="11373" collisions="0" teleports="0" halting="23" stopped="0" meanWaitingTime="26.04" meanTravelTime="110.47" meanSpeed="4.50" meanSpeedRelative="0.32" duration="3"/>
    <step time="20700.00" loaded="11657" inserted="11633" running="82" waiting="24" ended="11551" arrived="11551" collisions="0" teleports="0" halting="43" stopped="0" meanWaitingTime="26.44" meanTravelTime="110.76" meanSpeed="3.60" meanSpeedRelative="0.26" duration="3"/>
    <step time="21000.00" loaded="11839" inserted="11822" running="61" waiting="17" ended="11761" arrived="11761" collisions="0" teleports="0" halting="37" stopped="0" meanWaitingTime="26.72" meanTravelTime="111.01" meanSpeed="2.72" meanSpeedRelative="0.20" duration="2"/>
    <step time="21300.00" loaded="11999" inserted="11978" running="62" waiting="21" ended="11916" arrived="11916" collisions="0" teleports="0" halting="14" stopped="0" meanWaitingTime="26.89" meanTravelTime="110.96" meanSpeed="6.08" meanSpeedRelative="0.44" duration="2"/>
    <step time="21600.00" loaded="12220" inserted="12187" running="96" waiting="33" ended="12091" arrived="12091" collisions="0" teleports="0" halting="15" stopped="0" meanWaitingTime="27.21" meanTravelTime="110.92" meanSpeed="5.95" meanSpeedRelative="0.44" duration="2"/>
    <step time="21900.00" loaded="12405" inserted="12378" running="85" waiting="27" ended="12293" arrived="12293" collisions="0" teleports="0" halting="36" stopped="0" meanWaitingTime="27.37" meanTravelTime="111.08" meanSpeed="4.28" meanSpeedRelative="0.31" duration="2"/>
    <step time="22200.00" loaded="12593" inserted="12557" running="52" waiting="36" ended="12505" arrived="12505" collisions="0" teleports="0" halting="8" stopped="0" meanWaitingTime="27.63" meanTravelTime="111.15" meanSpeed="6.47" meanSpeedRelative="0.47" duration="2"/>
    <step time="22500.00" loaded="12771" inserted="12721" running="56" waiting="50" ended="12665" arrived="12665" collisions="0" teleports="0" halting="8" stopped="0" meanWaitingTime="28.08" meanTravelTime="111.22" meanSpeed="5.93" meanSpeedRelative="0.43" duration="3"/>
    <step time="22800.00" loaded="12967" inserted="12954" running="102" waiting="13" ended="12852" arrived="12852" collisions="0" teleports="0" halting="56" stopped="0" meanWaitingTime="28.49" meanTravelTime="111.12" meanSpeed="2.54" meanSpeedRelative="0.18" duration="2"/>
    <step time="23100.00" loaded="13151" inserted="13135" running="118" waiting="16" ended="13017" arrived="13017" collisions="0" teleports="0" halting="46" stopped="0" meanWaitingTime="28.55" meanTravelTime="111.83" meanSpeed="3.19" meanSpeedRelative="0.23" duration="3"/>
    <step time="23400.00" loaded="13337" inserted="13327" running="96" waiting="10" ended="13231" arrived="13231" collisions="0" teleports="0" halting="32" stopped="0" meanWaitingTime="28.48" meanTravelTime="112.61" meanSpeed="3.50" meanSpeedRelative="0.25" duration="3"/>
    <step time="23700.00" loaded="13565" inserted="13545" running="79" waiting="20" ended="13466" arrived="13466" collisions="0" teleports="0" halting="33" stopped="0" meanWaitingTime="28.27" meanTravelTime="112.78" meanSpeed="3.78" meanSpeedRelative="0.27" duration="4"/>
    <step time="24000.00" loaded="13741" inserted="13721" running="58" waiting="20" ended="13663" arrived="13663" collisions="0" teleports="0" halting="18" stopped="0" meanWaitingTime="28.22" meanTravelTime="112.80" meanSpeed="5.23" meanSpeedRelative="0.38" duration="2"/>
    <step time="24300.00" loaded="13949" inserted="13923" running="118" waiting="26" ended="13805" arrived="13805" collisions="0" teleports="0" halting="70" stopped="0" meanWaitingTime="28.32" meanTravelTime="112.68" meanSpeed="2.59" meanSpeedRelative="0.19" duration="4"/>
    <step time="24600.00" loaded="14172" inserted="14133" running="83" waiting="39" ended="14050" arrived="14050" collisions="0" teleports="0" halting="31" stopped="0" meanWaitingTime="28.53" meanTravelTime="113.27" meanSpeed="3.71" meanSpeedRelative="0.27" duration="3"/>
    <step time="24900.00" loaded="14384" inserted="14349" running="91" waiting="35" ended="14258" arrived="14258" collisions="0" teleports="0" halting="51" stopped="0" meanWaitingTime="28.99" meanTravelTime="113.24" meanSpeed="3.26" meanSpeedRelative="0.23" duration="4"/>
    <step time="25200.00" loaded="14577" inserted="14535" running="68" waiting="42" ended="14467" arrived="14467" collisions="0" teleports="0" halting="24" stopped="0" meanWaitingTime="29.21" meanTravelTime="113.43" meanSpeed="5.07" meanSpeedRelative="0.37" duration="2"/>
    <step time="25500.00" loaded="14753" inserted="14732" running="62" waiting="21" ended="14670" arrived="14670" collisions="0" teleports="0" halting="28" stopped="0" meanWaitingTime="29.50" meanTravelTime="113.50" meanSpeed="4.59" meanSpeedRelative="0.33" duration="2"/>
    <step time="25800.00" loaded="14989" inserted="14958" running="83" waiting="31" ended="14875" arrived="14875" collisions="0" teleports="0" halting="31" stopped="0" meanWaitingTime="29.49" meanTravelTime="113.36" meanSpeed="3.13" meanSpeedRelative="0.23" duration="3"/>
    <step time="26100.00" loaded="15200" inserted="15170" running="106" waiting="30" ended="15064" arrived="15064" collisions="0" teleports="0" halting="31" stopped="0" meanWaitingTime="29.77" meanTravelTime="113.53" meanSpeed="4.08" meanSpeedRelative="0.29" duration="3"/>
    <step time="26400.00" loaded="15395" inserted="15353" running="85" waiting="42" ended="15268" arrived="15268" collisions="0" teleports="0" halting="31" stopped="0" meanWaitingTime="30.00" meanTravelTime="114.07" meanSpeed="3.84" meanSpeedRelative="0.28" duration="4"/>
    <step time="26700.00" loaded="15610" inserted="15578" running="106" waiting="32" ended="15472" arrived="15472" collisions="0" teleports="0" halting="32" stopped="0" meanWaitingTime="30.45" meanTravelTime="114.06" meanSpeed="4.21" meanSpeedRelative="0.30" duration="3"/>
    <step time="27000.00" loaded="15830" inserted="15779" running="94" waiting="51" ended="15685" arrived="15685" collisions="0" teleports="0" halting="28" stopped="0" meanWaitingTime="30.67" meanTravelTime="114.48" meanSpeed="4.52" meanSpeedRelative="0.33" duration="2"/>
    <step time="27300.00" loaded="16057" inserted="16005" running="99" waiting="52" ended="15906" arrived="15906" collisions="0" teleports="0" halting="38" stopped="0" meanWaitingTime="31.25" meanTravelTime="114.28" meanSpeed="3.28" meanSpeedRelative="0.24" duration="2"/>
    <step time="27600.00" loaded="16255" inserted="16203" running="86" waiting="52" ended="16117" arrived="16117" collisions="0" teleports="0" halting="54" stopped="0" meanWaitingTime="31.74" meanTravelTime="114.49" meanSpeed="2.44" meanSpeedRelative="0.18" duration="3"/>
    <step time="27900.00" loaded="16461" inserted="16418" running="85" waiting="43" ended="16333" arrived="16333" collisions="0" teleports="0" halting="14" stopped="0" meanWaitingTime="32.26" meanTravelTime="114.74" meanSpeed="5.36" meanSpeedRelative="0.39" duration="2"/>
    <step time="28200.00" loaded="16688" inserted="16657" running="69" waiting="31" ended="16588" arrived="16588" collisions="0" teleports="0" halting="14" stopped="0" meanWaitingTime="32.67" meanTravelTime="114.65" meanSpeed="5.73" meanSpeedRelative="0.41" duration="2"/>
    <step time="28500.00" loaded="16888" inserted="16858" running="85" waiting="30" ended="16773" arrived="16773" collisions="0" teleports="0" halting="22" stopped="0" meanWaitingTime="32.85" meanTravelTime="114.64" meanSpeed="5.22" meanSpeedRelative="0.38" duration="3"/>
    <step time="28800.00" loaded="17100" inserted="17066" running="72" waiting="34" ended="16994" arrived="16994" collisions="0" teleports="0" halting="21" stopped="0" meanWaitingTime="32.90" meanTravelTime="114.71" meanSpeed="4.66" meanSpeedRelative="0.34" duration="2"/>
    <step time="29100.00" loaded="17326" inserted="17281" running="95" waiting="45" ended="17186" arrived="17186" collisions="0" teleports="0" halting="40" stopped="0" meanWaitingTime="32.99" meanTravelTime="114.87" meanSpeed="3.67" meanSpeedRelative="0.26" duration="3"/>
    <step time="29400.00" loaded="17527" inserted="17471" running="93" waiting="56" ended="17378" arrived="17378" collisions="0" teleports="0" halting="37" stopped="0" meanWaitingTime="33.26" meanTravelTime="115.25" meanSpeed="3.70" meanSpeedRelative="0.27" duration="4"/>
    <step time="29700.00" loaded="17707" inserted="17648" running="66" waiting="59" ended="17582" arrived="17582" collisions="0" teleports="0" halting="29" stopped="0" meanWaitingTime="33.51" meanTravelTime="115.48" meanSpeed="3.97" meanSpeedRelative="0.29" duration="3"/>
    <step time="30000.00" loaded="17883" inserted="17836" running="75" waiting="47" ended="17761" arrived="17761" collisions="0" teleports="0" halting="44" stopped="0" meanWaitingTime="34.30" meanTravelTime="115.46" meanSpeed="2.61" meanSpeedRelative="0.19" duration="2"/>
    <step time="30300.00" loaded="18081" inserted="18029" running="71" waiting="52" ended="17958" arrived="17958" collisions="0" teleports="0" halting="27" stopped="0" meanWaitingTime="34.85" meanTravelTime="115.61" meanSpeed="4.12" meanSpeedRelative="0.31" duration="2"/>
    <step time="30600.00" loaded="18293" inserted="18249" running="102" waiting="44" ended="18147" arrived="18147" collisions="0" teleports="0" halting="57" stopped="0" meanWaitingTime="35.36" meanTravelTime="115.42" meanSpeed="3.75" meanSpeedRelative="0.27" duration="4"/>
    <step time="30900.00" loaded="18514" inserted="18472" running="116" waiting="42" ended="18356" arrived="18356" collisions="0" teleports="0" halting="54" stopped="0" meanWaitingTime="35.64" meanTravelTime="115.51" meanSpeed="3.16" meanSpeedRelative="0.23" duration="5"/>
    <step time="31200.00" loaded="18683" inserted="18639" running="66" waiting="44" ended="18573" arrived="18573" collisions="0" teleports="0" halting="13" stopped="0" meanWaitingTime="35.74" meanTravelTime="116.19" meanSpeed="4.92" meanSpeedRelative="0.35" duration="4"/>
    <step time="31500.00" loaded="18860" inserted="18817" running="78" waiting="43" ended="18739" arrived="18739" collisions="0" teleports="0" halting="29" stopped="0" meanWaitingTime="36.01" meanTravelTime="116.34" meanSpeed="4.17" meanSpeedRelative="0.30" duration="2"/>
    <step time="31800.00" loaded="19020" inserted="18989" running="91" waiting="31" ended="18898" arrived="18898" collisions="0" teleports="0" halting="21" stopped="0" meanWaitingTime="36.36" meanTravelTime="116.64" meanSpeed="4.82" meanSpeedRelative="0.35" duration="3"/>
    <step time="32100.00" loaded="19202" inserted="19161" running="62" waiting="41" ended="19099" arrived="19099" collisions="0" teleports="0" halting="25" stopped="0" meanWaitingTime="36.58" meanTravelTime="116.78" meanSpeed="4.83" meanSpeedRelative="0.36" duration="2"/>
    <step time="32400.00" loaded="19368" inserted="19325" running="70" waiting="43" ended="19255" arrived="19255" collisions="0" teleports="0" halting="22" stopped="0" meanWaitingTime="36.81" meanTravelTime="116.62" meanSpeed="4.20" meanSpeedRelative="0.30" duration="2"/>
    <step time="32700.00" loaded="19544" inserted="19504" running="50" waiting="40" ended="19454" arrived="19454" collisions="0" teleports="0" halting="6" stopped="0" meanWaitingTime="36.99" meanTravelTime="116.60" meanSpeed="6.72" meanSpeedRelative="0.48" duration="2"/>
    <step time="33000.00" loaded="19710" inserted="19678" running="53" waiting="32" ended="19625" arrived="19625" collisions="0" teleports="0" halting="8" stopped="0" meanWaitingTime="37.26" meanTravelTime="116.49" meanSpeed="5.74" meanSpeedRelative="0.41" duration="1"/>
    <step time="33300.00" loaded="19844" inserted="19831" running="71" waiting="13" ended="19760" arrived="19760" collisions="0" teleports="0" halting="14" stopped="0" meanWaitingTime="37.41" meanTravelTime="116.55" meanSpeed="5.02" meanSpeedRelative="0.36" duration="2"/>
    <step time="33600.00" loaded="20038" inserted="20021" running="70" waiting="17" ended="19951" arrived="19951" collisions="0" teleports="0" halting="30" stopped="0" meanWaitingTime="37.33" meanTravelTime="116.42" meanSpeed="4.99" meanSpeedRelative="0.36" duration="2"/>
    <step time="33900.00" loaded="20194" inserted="20173" running="56" waiting="21" ended="20117" arrived="20117" collisions="0" teleports="0" halting="20" stopped="0" meanWaitingTime="37.26" meanTravelTime="116.31" meanSpeed="4.67" meanSpeedRelative="0.34" duration="2"/>
    <step time="34200.00" loaded="20353" inserted="20333" running="67" waiting="20" ended="20266" arrived="20266" collisions="0" teleports="0" halting="27" stopped="0" meanWaitingTime="37.23" meanTravelTime="116.32" meanSpeed="4.18" meanSpeedRelative="0.30" duration="2"/>
    <step time="34500.00" loaded="20518" inserted="20493" running="63" waiting="25" ended="20430" arrived="20430" collisions="0" teleports="0" halting="19" stopped="0" meanWaitingTime="37.30" meanTravelTime="116.40" meanSpeed="5.86" meanSpeedRelative="0.42" duration="1"/>
    <step time="34800.00" loaded="20669" inserted="20638" running="48" waiting="31" ended="20590" arrived="20590" collisions="0" teleports="0" halting="20" stopped="0" meanWaitingTime="37.47" meanTravelTime="116.33" meanSpeed="4.83" meanSpeedRelative="0.35" duration="2"/>
    <step time="35100.00" loaded="20807" inserted="20793" running="59" waiting="14" ended="20734" arrived="20734" collisions="0" teleports="0" halting="10" stopped="0" meanWaitingTime="37.60" meanTravelTime="116.23" meanSpeed="6.82" meanSpeedRelative="0.49" duration="2"/>
    <step time="35400.00" loaded="20948" inserted="20941" running="37" waiting="7" ended="20904" arrived="20904" collisions="0" teleports="0" halting="6" stopped="0" meanWaitingTime="37.41" meanTravelTime="116.07" meanSpeed="6.47" meanSpeedRelative="0.47" duration="1"/>
    <step time="35700.00" loaded="21090" inserted="21083" running="42" waiting="7" ended="21041" arrived="21041" collisions="0" teleports="0" halting="16" stopped="0" meanWaitingTime="37.29" meanTravelTime="116.00" meanSpeed="5.13" meanSpeedRelative="0.37" duration="1"/>
    <step time="36000.00" loaded="21246" inserted="21239" running="46" waiting="7" ended="21193" arrived="21193" collisions="0" teleports="0" halting="20" stopped="0" meanWaitingTime="37.13" meanTravelTime="115.85" meanSpeed="4.04" meanSpeedRelative="0.29" duration="3"/>
    <step time="36300.00" loaded="21418" inserted="21401" running="53" waiting="17" ended="21348" arrived="21348" collisions="0" teleports="0" halting="29" stopped="0" meanWaitingTime="37.01" meanTravelTime="115.69" meanSpeed="3.27" meanSpeedRelative="0.24" duration="2"/>
    <step time="36600.00" loaded="21569" inserted="21560" running="62" waiting="9" ended="21498" arrived="21498" collisions="0" teleports="0" halting="13" stopped="0" meanWaitingTime="36.93" meanTravelTime="115.72" meanSpeed="4.53" meanSpeedRelative="0.35" duration="2"/>
    <step time="36900.00" loaded="21707" inserted="21686" running="36" waiting="21" ended="21650" arrived="21650" collisions="0" teleports="0" halting="11" stopped="0" meanWaitingTime="36.78" meanTravelTime="115.75" meanSpeed="4.70" meanSpeedRelative="0.34" duration="1"/>
    <step time="37200.00" loaded="21831" inserted="21809" running="35" waiting="22" ended="21774" arrived="21774" collisions="0" teleports="0" halting="15" stopped="0" meanWaitingTime="36.78" meanTravelTime="115.63" meanSpeed="3.94" meanSpeedRelative="0.28" duration="1"/>
    <step time="37500.00" loaded="21974" inserted="21937" running="52" waiting="37" ended="21885" arrived="21885" collisions="0" teleports="0" halting="10" stopped="0" meanWaitingTime="36.92" meanTravelTime="115.58" meanSpeed="5.36" meanSpeedRelative="0.39" duration="2"/>
    <step time="37800.00" loaded="22129" inserted="22088" running="50" waiting="41" ended="22038" arrived="22038" collisions="0" teleports="0" halting="17" stopped="0" meanWaitingTime="37.16" meanTravelTime="115.57" meanSpeed="5.15" meanSpeedRelative="0.37" duration="2"/>
    <step time="38100.00" loaded="22274" inserted="22229" running="49" waiting="45" ended="22180" arrived="22180" collisions="0" teleports="0" halting="14" stopped="0" meanWaitingTime="37.38" meanTravelTime="115.49" meanSpeed="5.72" meanSpeedRelative="0.41" duration="1"/>
    <step time="38400.00" loaded="22399" inserted="22369" running="48" waiting="30" ended="22321" arrived="22321" collisions="0" teleports="0" halting="20" stopped="0" meanWaitingTime="37.69" meanTravelTime="115.43" meanSpeed="4.55" meanSpeedRelative="0.33" duration="2"/>
    <step time="38700.00" loaded="22496" inserted="22486" running="67" waiting="10" ended="22419" arrived="22419" collisions="0" teleports="0" halting="41" stopped="0" meanWaitingTime="37.85" meanTravelTime="115.36" meanSpeed="3.10" meanSpeedRelative="0.22" duration="1"/>
    <step time="39000.00" loaded="22602" inserted="22568" running="65" waiting="34" ended="22503" arrived="22503" collisions="0" teleports="0" halting="8" stopped="0" meanWaitingTime="38.01" meanTravelTime="115.59" meanSpeed="5.20" meanSpeedRelative="0.37" duration="3"/>
    <step time="39300.00" loaded="22728" inserted="22685" running="53" waiting="43" ended="22632" arrived="22632" collisions="0" teleports="0" halting="24" stopped="0" meanWaitingTime="38.28" meanTravelTime="116.00" meanSpeed="3.67" meanSpeedRelative="0.26" duration="2"/>
    <step time="39600.00" loaded="22839" inserted="22790" running="44" waiting="49" ended="22746" arrived="22746" collisions="0" teleports="0" halting="23" stopped="0" meanWaitingTime="38.57" meanTravelTime="116.18" meanSpeed="4.56" meanSpeedRelative="0.33" duration="2"/>
    <step time="39900.00" loaded="22962" inserted="22915" running="69" waiting="47" ended="22846" arrived="22846" collisions="0" teleports="0" halting="60" stopped="0" meanWaitingTime="39.02" meanTravelTime="116.20" meanSpeed="1.32" meanSpeedRelative="0.09" duration="2"/>
    <step time="40200.00" loaded="23052" inserted="23016" running="41" waiting="36" ended="22975" arrived="22975" collisions="0" teleports="0" halting="15" stopped="0" meanWaitingTime="39.51" meanTravelTime="116.44" meanSpeed="4.26" meanSpeedRelative="0.31" duration="1"/>
    <step time="40500.00" loaded="23152" inserted="23128" running="40" waiting="24" ended="23088" arrived="23088" collisions="0" teleports="0" halting="9" stopped="0" meanWaitingTime="39.78" meanTravelTime="116.54" meanSpeed="6.76" meanSpeedRelative="0.49" duration="1"/>
    <step time="40800.00" loaded="23261" inserted="23229" running="39" waiting="32" ended="23190" arrived="23190" collisions="0" teleports="0" halting="13" stopped="0" meanWaitingTime="40.04" meanTravelTime="116.50" meanSpeed="5.48" meanSpeedRelative="0.39" duration="2"/>
    <step time="41100.00" loaded="23346" inserted="23323" running="48" waiting="23" ended="23275" arrived="23275" collisions="0" teleports="0" halting="20" stopped="0" meanWaitingTime="40.22" meanTravelTime="116.53" meanSpeed="3.71" meanSpeedRelative="0.27" duration="1"/>
    <step time="41400.00" loaded="23409" inserted="23399" running="19" waiting="10" ended="23380" arrived="23380" collisions="0" teleports="0" halting="14" stopped="0" meanWaitingTime="40.30" meanTravelTime="116.74" meanSpeed="2.91" meanSpeedRelative="0.21" duration="1"/>
    <step time="41700.00" loaded="23507" inserted="23483" running="43" waiting="24" ended="23440" arrived="23440" collisions="0" teleports="0" halting="17" stopped="0" meanWaitingTime="40.43" meanTravelTime="116.71" meanSpeed="4.80" meanSpeedRelative="0.35" duration="2"/>
    <step time="42000.00" loaded="23588" inserted="23559" running="15" waiting="29" ended="23544" arrived="23544" collisions="0" teleports="0" halting="9" stopped="0" meanWaitingTime="40.61" meanTravelTime="116.71" meanSpeed="3.82" meanSpeedRelative="0.27" duration="0"/>
    <step time="42300.00" loaded="23691" inserted="23666" running="47" waiting="25" ended="23619" arrived="23619" collisions="0" teleports="0" halting="10" stopped="0" meanWaitingTime="40.85" meanTravelTime="116.57" meanSpeed="6.80" meanSpeedRelative="0.49" duration="2"/>
    <step time="42600.00" loaded="23802" inserted="23766" running="49" waiting="36" ended="23717" arrived="23717" collisions="0" teleports="0" halting="10" stopped="0" meanWaitingTime="41.07" meanTravelTime="116.57" meanSpeed="5.87" meanSpeedRelative="0.42" duration="2"/>
    <step time="42900.00" loaded="23901" inserted="23877" running="56" waiting="24" ended="23821" arrived="23821" collisions="0" teleports="0" halting="24" stopped="0" meanWaitingTime="41.33" meanTravelTime="116.67" meanSpeed="3.80" meanSpeedRelative="0.27" duration="2"/>
    <step time="43200.00" loaded="24000" inserted="23965" running="19" waiting="35" ended="23946" arrived="23946" collisions="0" teleports="0" halting="7" stopped="0" meanWaitingTime="41.46" meanTravelTime="116.85" meanSpeed="6.00" meanSpeedRelative="0.43" duration="1"/>
    <step time="43500.00" loaded="24077" inserted="24062" running="44" waiting="15" ended="24018" arrived="24018" collisions="0" teleports="0" halting="8" stopped="0" meanWaitingTime="41.61" meanTravelTime="116.79" meanSpeed="5.57" meanSpeedRelative="0.40" duration="2"/>
    <step time="43800.00" loaded="24178" inserted="24154" running="36" waiting="24" ended="24118" arrived="24118" collisions="0" teleports="0" halting="21" stopped="0" meanWaitingTime="41.70" meanTravelTime="116.79" meanSpeed="3.65" meanSpeedRelative="0.26" duration="1"/>
    <step time="44100.00" loaded="24283" inserted="24254" running="36" waiting="29" ended="24218" arrived="24218" collisions="0" teleports="0" halting="14" stopped="0" meanWaitingTime="41.81" meanTravelTime="116.73" meanSpeed="5.15" meanSpeedRelative="0.37" duration="2"/>
    <step time="44400.00" loaded="24394" inserted="24359" running="57" waiting="35" ended="24302" arrived="24302" collisions="0" teleports="0" halting="35" stopped="0" meanWaitingTime="42.05" meanTravelTime="116.62" meanSpeed="2.09" meanSpeedRelative="0.15" duration="1"/>
    <step time="44700.00" loaded="24496" inserted="24453" running="40" waiting="43" ended="24413" arrived="24413" collisions="0" teleports="0" halting="11" stopped="0" meanWaitingTime="42.38" meanTravelTime="116.91" meanSpeed="5.17" meanSpeedRelative="0.37" duration="1"/>
    <step time="45000.00" loaded="24600" inserted="24558" running="44" waiting="42" ended="24514" arrived="24514" collisions="0" teleports="0" halting="7" stopped="0" meanWaitingTime="42.69" meanTravelTime="116.97" meanSpeed="5.91" meanSpeedRelative="0.43" duration="2"/>
    <step time="45300.00" loaded="24688" inserted="24660" running="51" waiting="28" ended="24609" arrived="24609" collisions="0" teleports="0" halting="16" stopped="0" meanWaitingTime="42.94" meanTravelTime="117.06" meanSpeed="3.84" meanSpeedRelative="0.28" duration="1"/>
    <step time="45600.00" loaded="24770" inserted="24741" running="28" waiting="29" ended="24713" arrived="24713" collisions="0" teleports="0" halting="16" stopped="0" meanWaitingTime="43.07" meanTravelTime="117.14" meanSpeed="4.12" meanSpeedRelative="0.30" duration="1"/>
    <step time="45900.00" loaded="24857" inserted="24811" running="36" waiting="46" ended="24775" arrived="24775" collisions="0" teleports="0" halting="33" stopped="0" meanWaitingTime="43.30" meanTravelTime="117.11" meanSpeed="0.89" meanSpeedRelative="0.06" duration="2"/>
    <step time="46200.00" loaded="24937" inserted="24889" running="44" waiting="48" ended="24845" arrived="24845" collisions="0" teleports="0" halting="38" stopped="0" meanWaitingTime="43.52" meanTravelTime="116.96" meanSpeed="0.96" meanSpeedRelative="0.07" duration="1"/>
    <step time="46500.00" loaded="24985" inserted="24985" running="68" waiting="0" ended="24917" arrived="24917" collisions="0" teleports="0" halting="52" stopped="0" meanWaitingTime="43.87" meanTravelTime="116.83" meanSpeed="1.58" meanSpeedRelative="0.11" duration="2"/>
    <step time="46800.00" loaded="25005" inserted="25005" running="57" waiting="0" ended="24948" arrived="24948" collisions="0" teleports="0" halting="56" stopped="0" meanWaitingTime="43.83" meanTravelTime="116.78" meanSpeed="0.30" meanSpeedRelative="0.02" duration="1"/>
    <step time="47100.00" loaded="25023" inserted="25023" running="53" waiting="0" ended="24970" arrived="24970" collisions="0" teleports="0" halting="50" stopped="0" meanWaitingTime="43.80" meanTravelTime="116.71" meanSpeed="0.32" meanSpeedRelative="0.02" duration="2"/>
    <step time="47400.00" loaded="25039" inserted="25039" running="52" waiting="0" ended="24987" arrived="24987" collisions="0" teleports="0" halting="52" stopped="0" meanWaitingTime="43.77" meanTravelTime="116.65" meanSpeed="0.00" meanSpeedRelative="0.00" duration="1"/>
    <step time="47700.00" loaded="25053" inserted="25053" running="54" waiting="0" ended="24999" arrived="24999" collisions="0" teleports="0" halting="54" stopped="0" meanWaitingTime="43.75" meanTravelTime="116.62" meanSpeed="0.00" meanSpeedRelative="0.00" duration="2"/>
    <step time="48000.00" loaded="25066" inserted="25066" running="53" waiting="0" ended="25013" arrived="25013" collisions="0" teleports="0" halting="51" stopped="0" meanWaitingTime="43.72" meanTravelTime="116.58" meanSpeed="0.25" meanSpeedRelative="0.02" duration="1"/>
    <step time="48300.00" loaded="25080" inserted="25080" running="52" waiting="0" ended="25028" arrived="25028" collisions="0" teleports="0" halting="51" stopped="0" meanWaitingTime="43.70" meanTravelTime="116.53" meanSpeed="0.06" meanSpeedRelative="0.00" duration="1"/>
    <step time="48600.00" loaded="25096" inserted="25096" running="53" waiting="0" ended="25043" arrived="25043" collisions="0" teleports="0" halting="51" stopped="0" meanWaitingTime="43.67" meanTravelTime="116.48" meanSpeed="0.28" meanSpeedRelative="0.02" duration="1"/>
    <step time="48900.00" loaded="25111" inserted="25111" running="57" waiting="0" ended="25054" arrived="25054" collisions="0" teleports="0" halting="56" stopped="0" meanWaitingTime="43.65" meanTravelTime="116.44" meanSpeed="0.06" meanSpeedRelative="0.00" duration="2"/>
    <step time="49200.00" loaded="25120" inserted="25120" running="51" waiting="0" ended="25069" arrived="25069" collisions="0" teleports="0" halting="51" stopped="0" meanWaitingTime="43.63" meanTravelTime="116.41" meanSpeed="0.00" meanSpeedRelative="0.00" duration="1"/>
</summary>
