<?xml version="1.0" encoding="UTF-8"?>

<!-- generated on 2025-02-28 16:09:15 by Eclipse SUMO GUI Version 1.19.0
<configuration xmlns:xsi="http://www.w3.org/2001/XMLSchema-instance" xsi:noNamespaceSchemaLocation="http://sumo.dlr.de/xsd/sumoConfiguration.xsd">

    <input>
        <net-file value="Network.net.xml"/>
        <route-files value="CarRoutes.rou.xml"/>
        <additional-files value="Sensors.add.xml"/>
    </input>

    <output>
        <emission-output value="logs/Emissions.xml"/>
        <summary-output value="logs/Log_summary.xml"/>
        <summary-output.period value="300"/>
        <tripinfo-output value="logs/TripInfos.xml"/>
    </output>

    <time>
        <begin value="0"/>
        <end value="86400"/>
        <step-length value="0.25"/>
    </time>

    <processing>
        <ignore-junction-blocker value="0.1"/>
        <time-to-teleport value="-1"/>
    </processing>

    <report>
        <verbose value="true"/>
        <no-step-log value="true"/>
    </report>

    <emissions>
        <device.emissions.period value="10"/>
    </emissions>

    <traci_server>
        <remote-port value="56770"/>
    </traci_server>

    <gui_only>
        <quit-on-end value="true"/>
        <start value="true"/>
    </gui_only>

</configuration>
-->

<instantE1 xmlns:xsi="http://www.w3.org/2001/XMLSchema-instance" xsi:noNamespaceSchemaLocation="http://sumo.dlr.de/xsd/instant_e1_file.xsd">
    <instantOut id="235_D025" time="3215.32" state="enter" vehID="Car_2068" speed="10.96" length="5.00" type="DEFAULT_CAR"/>
    <instantOut id="235_D025" time="3215.50" state="stay" vehID="Car_2068" speed="10.96" length="5.00" type="DEFAULT_CAR"/>
    <instantOut id="235_D025" time="3215.75" state="stay" vehID="Car_2068" speed="10.69" length="5.00" type="DEFAULT_CAR"/>
    <instantOut id="235_D025" time="3215.78" state="leave" vehID="Car_2068" speed="9.94" length="5.00" type="DEFAULT_CAR" occupancy="0.47"/>
    <instantOut id="235_D025" time="4002.46" state="enter" vehID="Car_1904" speed="9.66" length="5.00" type="DEFAULT_CAR" gap="786.68"/>
    <instantOut id="235_D025" time="4002.50" state="stay" vehID="Car_1904" speed="9.66" length="5.00" type="DEFAULT_CAR"/>
    <instantOut id="235_D025" time="4002.75" state="stay" vehID="Car_1904" speed="9.13" length="5.00" type="DEFAULT_CAR"/>
    <instantOut id="235_D025" time="4003.00" state="stay" vehID="Car_1904" speed="8.38" length="5.00" type="DEFAULT_CAR"/>
    <instantOut id="235_D025" time="4003.03" state="leave" vehID="Car_1904" speed="7.78" length="5.00" type="DEFAULT_CAR" occupancy="0.57"/>
    <instantOut id="235_D025" time="4049.15" state="enter" vehID="Car_1491" speed="10.51" length="5.00" type="DEFAULT_CAR" gap="46.12"/>
    <instantOut id="235_D025" time="4049.25" state="stay" vehID="Car_1491" speed="10.51" length="5.00" type="DEFAULT_CAR"/>
    <instantOut id="235_D025" time="4049.50" state="stay" vehID="Car_1491" speed="9.76" length="5.00" type="DEFAULT_CAR"/>
    <instantOut id="235_D025" time="4049.67" state="leave" vehID="Car_1491" speed="9.01" length="5.00" type="DEFAULT_CAR" occupancy="0.52"/>
    <instantOut id="235_D025" time="7989.35" state="enter" vehID="Car_4464" speed="9.88" length="5.00" type="DEFAULT_CAR" gap="3939.68"/>
    <instantOut id="235_D025" time="7989.50" state="stay" vehID="Car_4464" speed="9.88" length="5.00" type="DEFAULT_CAR"/>
    <instantOut id="235_D025" time="7989.75" state="stay" vehID="Car_4464" speed="9.13" length="5.00" type="DEFAULT_CAR"/>
    <instantOut id="235_D025" time="7989.90" state="leave" vehID="Car_4464" speed="8.38" length="5.00" type="DEFAULT_CAR" occupancy="0.55"/>
    <instantOut id="235_D025" time="8716.77" state="enter" vehID="Car_4344" speed="8.23" length="5.00" type="DEFAULT_CAR" gap="726.87"/>
    <instantOut id="235_D025" time="8717.00" state="stay" vehID="Car_4344" speed="8.23" length="5.00" type="DEFAULT_CAR"/>
    <instantOut id="235_D025" time="8717.25" state="stay" vehID="Car_4344" speed="7.48" length="5.00" type="DEFAULT_CAR"/>
    <instantOut id="235_D025" time="8717.43" state="leave" vehID="Car_4344" speed="6.73" length="5.00" type="DEFAULT_CAR" occupancy="0.66"/>
    <instantOut id="235_D025" time="8730.50" state="enter" vehID="Car_5282" speed="9.37" length="5.00" type="DEFAULT_CAR" gap="13.06"/>
    <instantOut id="235_D025" time="8730.50" state="stay" vehID="Car_5282" speed="9.37" length="5.00" type="DEFAULT_CAR"/>
    <instantOut id="235_D025" time="8730.75" state="stay" vehID="Car_5282" speed="10.19" length="5.00" type="DEFAULT_CAR"/>
    <instantOut id="235_D025" time="8731.00" state="leave" vehID="Car_5282" speed="9.86" length="5.00" type="DEFAULT_CAR" occupancy="0.50"/>
    <instantOut id="235_D025" time="9254.76" state="enter" vehID="Car_5283" speed="8.63" length="5.00" type="DEFAULT_CAR" gap="523.77"/>
    <instantOut id="235_D025" time="9255.00" state="stay" vehID="Car_5283" speed="8.63" length="5.00" type="DEFAULT_CAR"/>
    <instantOut id="235_D025" time="9255.25" state="stay" vehID="Car_5283" speed="7.88" length="5.00" type="DEFAULT_CAR"/>
    <instantOut id="235_D025" time="9255.39" state="leave" vehID="Car_5283" speed="7.13" length="5.00" type="DEFAULT_CAR" occupancy="0.63"/>
    <instantOut id="235_D025" time="15818.49" state="enter" vehID="Car_8736" speed="8.20" length="5.00" type="DEFAULT_CAR" gap="6563.10"/>
    <instantOut id="235_D025" time="15818.50" state="stay" vehID="Car_8736" speed="8.20" length="5.00" type="DEFAULT_CAR"/>
    <instantOut id="235_D025" time="15818.75" state="stay" vehID="Car_8736" speed="8.80" length="5.00" type="DEFAULT_CAR"/>
    <instantOut id="235_D025" time="15819.00" state="stay" vehID="Car_8736" speed="9.69" length="5.00" type="DEFAULT_CAR"/>
    <instantOut id="235_D025" time="15819.03" state="leave" vehID="Car_8736" speed="10.47" length="5.00" type="DEFAULT_CAR" occupancy="0.54"/>
    <instantOut id="235_D025" time="16174.96" state="enter" vehID="Car_8735" speed="10.17" length="5.00" type="DEFAULT_CAR" gap="355.93"/>
    <instantOut id="235_D025" time="16175.00" state="stay" vehID="Car_8735" speed="10.17" length="5.00" type="DEFAULT_CAR"/>
    <instantOut id="235_D025" time="16175.25" state="stay" vehID="Car_8735" speed="10.97" length="5.00" type="DEFAULT_CAR"/>
    <instantOut id="235_D025" time="16175.43" state="leave" vehID="Car_8735" speed="10.30" length="5.00" type="DEFAULT_CAR" occupancy="0.47"/>
    <instantOut id="235_D025" time="17078.25" state="enter" vehID="Car_10258" speed="8.15" length="5.00" type="DEFAULT_CAR" gap="902.83"/>
    <instantOut id="235_D025" time="17078.50" state="stay" vehID="Car_10258" speed="8.15" length="5.00" type="DEFAULT_CAR"/>
    <instantOut id="235_D025" time="17078.75" state="stay" vehID="Car_10258" speed="7.58" length="5.00" type="DEFAULT_CAR"/>
    <instantOut id="235_D025" time="17078.91" state="leave" vehID="Car_10258" speed="6.83" length="5.00" type="DEFAULT_CAR" occupancy="0.66"/>
    <instantOut id="235_D025" time="18791.94" state="enter" vehID="Car_10578" speed="7.20" length="5.00" type="DEFAULT_CAR" gap="1713.03"/>
    <instantOut id="235_D025" time="18792.00" state="stay" vehID="Car_10578" speed="7.20" length="5.00" type="DEFAULT_CAR"/>
    <instantOut id="235_D025" time="18792.25" state="stay" vehID="Car_10578" speed="7.93" length="5.00" type="DEFAULT_CAR"/>
    <instantOut id="235_D025" time="18792.50" state="stay" vehID="Car_10578" speed="8.58" length="5.00" type="DEFAULT_CAR"/>
    <instantOut id="235_D025" time="18792.55" state="leave" vehID="Car_10578" speed="8.13" length="5.00" type="DEFAULT_CAR" occupancy="0.61"/>
    <instantOut id="235_D025" time="20315.51" state="enter" vehID="Car_10737" speed="8.12" length="5.00" type="DEFAULT_CAR" gap="1522.96"/>
    <instantOut id="235_D025" time="20315.75" state="stay" vehID="Car_10737" speed="8.12" length="5.00" type="DEFAULT_CAR"/>
    <instantOut id="235_D025" time="20316.00" state="stay" vehID="Car_10737" speed="7.37" length="5.00" type="DEFAULT_CAR"/>
    <instantOut id="235_D025" time="20316.18" state="leave" vehID="Car_10737" speed="6.62" length="5.00" type="DEFAULT_CAR" occupancy="0.67"/>
    <instantOut id="235_D025" time="21216.25" state="enter" vehID="Car_11981" speed="9.49" length="5.00" type="DEFAULT_CAR" gap="900.07"/>
    <instantOut id="235_D025" time="21216.25" state="stay" vehID="Car_11981" speed="9.49" length="5.00" type="DEFAULT_CAR"/>
    <instantOut id="235_D025" time="21216.50" state="stay" vehID="Car_11981" speed="8.74" length="5.00" type="DEFAULT_CAR"/>
    <instantOut id="235_D025" time="21216.75" state="stay" vehID="Car_11981" speed="8.22" length="5.00" type="DEFAULT_CAR"/>
    <instantOut id="235_D025" time="21216.85" state="leave" vehID="Car_11981" speed="7.47" length="5.00" type="DEFAULT_CAR" occupancy="0.60"/>
    <instantOut id="235_D025" time="21231.04" state="enter" vehID="Car_12248" speed="7.65" length="5.00" type="DEFAULT_CAR" gap="14.18"/>
    <instantOut id="235_D025" time="21231.25" state="stay" vehID="Car_12248" speed="7.65" length="5.00" type="DEFAULT_CAR"/>
    <instantOut id="235_D025" time="21231.50" state="stay" vehID="Car_12248" speed="8.31" length="5.00" type="DEFAULT_CAR"/>
    <instantOut id="235_D025" time="21231.66" state="leave" vehID="Car_12248" speed="7.94" length="5.00" type="DEFAULT_CAR" occupancy="0.63"/>
    <instantOut id="235_D025" time="22981.53" state="enter" vehID="Car_13252" speed="8.24" length="5.00" type="DEFAULT_CAR" gap="1749.87"/>
    <instantOut id="235_D025" time="22981.75" state="stay" vehID="Car_13252" speed="8.24" length="5.00" type="DEFAULT_CAR"/>
    <instantOut id="235_D025" time="22982.00" state="stay" vehID="Car_13252" speed="7.49" length="5.00" type="DEFAULT_CAR"/>
    <instantOut id="235_D025" time="22982.19" state="leave" vehID="Car_13252" speed="6.74" length="5.00" type="DEFAULT_CAR" occupancy="0.66"/>
    <instantOut id="235_D025" time="24130.69" state="enter" vehID="Car_13854" speed="9.91" length="5.00" type="DEFAULT_CAR" gap="1148.50"/>
    <instantOut id="235_D025" time="24130.75" state="stay" vehID="Car_13854" speed="9.91" length="5.00" type="DEFAULT_CAR"/>
    <instantOut id="235_D025" time="24131.00" state="stay" vehID="Car_13854" speed="9.16" length="5.00" type="DEFAULT_CAR"/>
    <instantOut id="235_D025" time="24131.25" state="leave" vehID="Car_13854" speed="8.41" length="5.00" type="DEFAULT_CAR" occupancy="0.56"/>
    <instantOut id="235_D025" time="24261.70" state="enter" vehID="Car_13920" speed="9.95" length="5.00" type="DEFAULT_CAR" gap="130.45"/>
    <instantOut id="235_D025" time="24261.75" state="stay" vehID="Car_13920" speed="9.95" length="5.00" type="DEFAULT_CAR"/>
    <instantOut id="235_D025" time="24262.00" state="stay" vehID="Car_13920" speed="9.56" length="5.00" type="DEFAULT_CAR"/>
    <instantOut id="235_D025" time="24262.24" state="leave" vehID="Car_13920" speed="8.81" length="5.00" type="DEFAULT_CAR" occupancy="0.54"/>
    <instantOut id="235_D025" time="25637.27" state="enter" vehID="Car_14089" speed="7.66" length="5.00" type="DEFAULT_CAR" gap="1375.03"/>
    <instantOut id="235_D025" time="25637.50" state="stay" vehID="Car_14089" speed="7.66" length="5.00" type="DEFAULT_CAR"/>
    <instantOut id="235_D025" time="25637.75" state="stay" vehID="Car_14089" speed="6.91" length="5.00" type="DEFAULT_CAR"/>
    <instantOut id="235_D025" time="25638.00" state="leave" vehID="Car_14089" speed="6.27" length="5.00" type="DEFAULT_CAR" occupancy="0.72"/>
    <instantOut id="235_D025" time="26021.24" state="enter" vehID="Car_15186" speed="8.81" length="5.00" type="DEFAULT_CAR" gap="383.24"/>
    <instantOut id="235_D025" time="26021.25" state="stay" vehID="Car_15186" speed="8.81" length="5.00" type="DEFAULT_CAR"/>
    <instantOut id="235_D025" time="26021.50" state="stay" vehID="Car_15186" speed="8.14" length="5.00" type="DEFAULT_CAR"/>
    <instantOut id="235_D025" time="26021.75" state="stay" vehID="Car_15186" speed="7.39" length="5.00" type="DEFAULT_CAR"/>
    <instantOut id="235_D025" time="26021.90" state="leave" vehID="Car_15186" speed="6.64" length="5.00" type="DEFAULT_CAR" occupancy="0.66"/>
    <instantOut id="235_D025" time="26406.09" state="enter" vehID="Car_16089" speed="7.29" length="5.00" type="DEFAULT_CAR" gap="384.20"/>
    <instantOut id="235_D025" time="26406.25" state="stay" vehID="Car_16089" speed="7.29" length="5.00" type="DEFAULT_CAR"/>
    <instantOut id="235_D025" time="26406.50" state="stay" vehID="Car_16089" speed="6.54" length="5.00" type="DEFAULT_CAR"/>
    <instantOut id="235_D025" time="26406.75" state="stay" vehID="Car_16089" speed="6.00" length="5.00" type="DEFAULT_CAR"/>
    <instantOut id="235_D025" time="26406.89" state="leave" vehID="Car_16089" speed="5.25" length="5.00" type="DEFAULT_CAR" occupancy="0.79"/>
    <instantOut id="235_D025" time="26414.96" state="enter" vehID="Car_15871" speed="7.10" length="5.00" type="DEFAULT_CAR" gap="8.08"/>
    <instantOut id="235_D025" time="26415.00" state="stay" vehID="Car_15871" speed="7.10" length="5.00" type="DEFAULT_CAR"/>
    <instantOut id="235_D025" time="26415.25" state="stay" vehID="Car_15871" speed="7.87" length="5.00" type="DEFAULT_CAR"/>
    <instantOut id="235_D025" time="26415.50" state="stay" vehID="Car_15871" speed="8.33" length="5.00" type="DEFAULT_CAR"/>
    <instantOut id="235_D025" time="26415.59" state="leave" vehID="Car_15871" speed="7.58" length="5.00" type="DEFAULT_CAR" occupancy="0.63"/>
    <instantOut id="235_D025" time="27200.75" state="enter" vehID="Car_15638" speed="9.32" length="5.00" type="DEFAULT_CAR" gap="785.16"/>
    <instantOut id="235_D025" time="27200.75" state="stay" vehID="Car_15638" speed="9.32" length="5.00" type="DEFAULT_CAR"/>
    <instantOut id="235_D025" time="27201.00" state="stay" vehID="Car_15638" speed="8.57" length="5.00" type="DEFAULT_CAR"/>
    <instantOut id="235_D025" time="27201.25" state="stay" vehID="Car_15638" speed="7.82" length="5.00" type="DEFAULT_CAR"/>
    <instantOut id="235_D025" time="27201.38" state="leave" vehID="Car_15638" speed="7.07" length="5.00" type="DEFAULT_CAR" occupancy="0.63"/>
    <instantOut id="235_D025" time="27524.18" state="enter" vehID="Car_15183" speed="10.83" length="5.00" type="DEFAULT_CAR" gap="322.80"/>
    <instantOut id="235_D025" time="27524.25" state="stay" vehID="Car_15183" speed="10.83" length="5.00" type="DEFAULT_CAR"/>
    <instantOut id="235_D025" time="27524.50" state="stay" vehID="Car_15183" speed="10.28" length="5.00" type="DEFAULT_CAR"/>
    <instantOut id="235_D025" time="27524.67" state="leave" vehID="Car_15183" speed="9.62" length="5.00" type="DEFAULT_CAR" occupancy="0.49"/>
    <instantOut id="235_D025" time="32954.72" state="enter" vehID="Car_19307" speed="9.60" length="5.00" type="DEFAULT_CAR" gap="5430.05"/>
    <instantOut id="235_D025" time="32954.75" state="stay" vehID="Car_19307" speed="9.60" length="5.00" type="DEFAULT_CAR"/>
    <instantOut id="235_D025" time="32955.00" state="stay" vehID="Car_19307" speed="9.51" length="5.00" type="DEFAULT_CAR"/>
    <instantOut id="235_D025" time="32955.25" state="stay" vehID="Car_19307" speed="8.76" length="5.00" type="DEFAULT_CAR"/>
    <instantOut id="235_D025" time="32955.26" state="leave" vehID="Car_19307" speed="8.24" length="5.00" type="DEFAULT_CAR" occupancy="0.55"/>
    <instantOut id="235_D025" time="34757.46" state="enter" vehID="Car_20171" speed="9.61" length="5.00" type="DEFAULT_CAR" gap="1802.20"/>
    <instantOut id="235_D025" time="34757.50" state="stay" vehID="Car_20171" speed="9.61" length="5.00" type="DEFAULT_CAR"/>
    <instantOut id="235_D025" time="34757.75" state="stay" vehID="Car_20171" speed="8.93" length="5.00" type="DEFAULT_CAR"/>
    <instantOut id="235_D025" time="34758.00" state="stay" vehID="Car_20171" speed="8.39" length="5.00" type="DEFAULT_CAR"/>
    <instantOut id="235_D025" time="34758.04" state="leave" vehID="Car_20171" speed="7.75" length="5.00" type="DEFAULT_CAR" occupancy="0.58"/>
    <instantOut id="235_D025" time="34981.53" state="enter" vehID="Car_21423" speed="7.71" length="5.00" type="DEFAULT_CAR" gap="223.49"/>
    <instantOut id="235_D025" time="34981.75" state="stay" vehID="Car_21423" speed="7.71" length="5.00" type="DEFAULT_CAR"/>
    <instantOut id="235_D025" time="34982.00" state="stay" vehID="Car_21423" speed="7.01" length="5.00" type="DEFAULT_CAR"/>
    <instantOut id="235_D025" time="34982.25" state="leave" vehID="Car_21423" speed="6.26" length="5.00" type="DEFAULT_CAR" occupancy="0.72"/>
    <instantOut id="235_D025" time="36277.09" state="enter" vehID="Car_21520" speed="6.45" length="5.00" type="DEFAULT_CAR" gap="1294.84"/>
    <instantOut id="235_D025" time="36277.25" state="stay" vehID="Car_21520" speed="6.45" length="5.00" type="DEFAULT_CAR"/>
    <instantOut id="235_D025" time="36277.50" state="stay" vehID="Car_21520" speed="6.00" length="5.00" type="DEFAULT_CAR"/>
    <instantOut id="235_D025" time="36277.75" state="stay" vehID="Car_21520" speed="5.28" length="5.00" type="DEFAULT_CAR"/>
    <instantOut id="235_D025" time="36278.00" state="stay" vehID="Car_21520" speed="4.53" length="5.00" type="DEFAULT_CAR"/>
    <instantOut id="235_D025" time="36278.00" state="leave" vehID="Car_21520" speed="3.78" length="5.00" type="DEFAULT_CAR" occupancy="0.91"/>
    <instantOut id="235_D025" time="36657.03" state="enter" vehID="Car_21344" speed="7.25" length="5.00" type="DEFAULT_CAR" gap="379.02"/>
    <instantOut id="235_D025" time="36657.25" state="stay" vehID="Car_21344" speed="7.25" length="5.00" type="DEFAULT_CAR"/>
    <instantOut id="235_D025" time="36657.50" state="stay" vehID="Car_21344" speed="6.99" length="5.00" type="DEFAULT_CAR"/>
    <instantOut id="235_D025" time="36657.75" state="stay" vehID="Car_21344" speed="6.24" length="5.00" type="DEFAULT_CAR"/>
    <instantOut id="235_D025" time="36657.76" state="leave" vehID="Car_21344" speed="5.49" length="5.00" type="DEFAULT_CAR" occupancy="0.74"/>
    <instantOut id="235_D025" time="37226.23" state="enter" vehID="Car_21829" speed="8.89" length="5.00" type="DEFAULT_CAR" gap="568.47"/>
    <instantOut id="235_D025" time="37226.25" state="stay" vehID="Car_21829" speed="8.89" length="5.00" type="DEFAULT_CAR"/>
    <instantOut id="235_D025" time="37226.50" state="stay" vehID="Car_21829" speed="8.14" length="5.00" type="DEFAULT_CAR"/>
    <instantOut id="235_D025" time="37226.75" state="stay" vehID="Car_21829" speed="7.39" length="5.00" type="DEFAULT_CAR"/>
    <instantOut id="235_D025" time="37226.90" state="leave" vehID="Car_21829" speed="6.64" length="5.00" type="DEFAULT_CAR" occupancy="0.66"/>
    <instantOut id="235_D025" time="40075.23" state="enter" vehID="Car_22750" speed="8.94" length="5.00" type="DEFAULT_CAR" gap="2848.33"/>
    <instantOut id="235_D025" time="40075.25" state="stay" vehID="Car_22750" speed="8.94" length="5.00" type="DEFAULT_CAR"/>
    <instantOut id="235_D025" time="40075.50" state="stay" vehID="Car_22750" speed="8.19" length="5.00" type="DEFAULT_CAR"/>
    <instantOut id="235_D025" time="40075.75" state="stay" vehID="Car_22750" speed="7.44" length="5.00" type="DEFAULT_CAR"/>
    <instantOut id="235_D025" time="40075.88" state="leave" vehID="Car_22750" speed="6.69" length="5.00" type="DEFAULT_CAR" occupancy="0.65"/>
    <instantOut id="235_D025" time="40959.82" state="enter" vehID="Car_23187" speed="7.14" length="5.00" type="DEFAULT_CAR" gap="883.94"/>
    <instantOut id="235_D025" time="40960.00" state="stay" vehID="Car_23187" speed="7.14" length="5.00" type="DEFAULT_CAR"/>
    <instantOut id="235_D025" time="40960.25" state="stay" vehID="Car_23187" speed="6.49" length="5.00" type="DEFAULT_CAR"/>
    <instantOut id="235_D025" time="40960.50" state="stay" vehID="Car_23187" speed="5.84" length="5.00" type="DEFAULT_CAR"/>
    <instantOut id="235_D025" time="40960.62" state="leave" vehID="Car_23187" speed="5.31" length="5.00" type="DEFAULT_CAR" occupancy="0.80"/>
    <instantOut id="235_D025" time="45475.70" state="enter" vehID="Car_24388" speed="9.83" length="5.00" type="DEFAULT_CAR" gap="4515.08"/>
    <instantOut id="235_D025" time="45475.75" state="stay" vehID="Car_24388" speed="9.83" length="5.00" type="DEFAULT_CAR"/>
    <instantOut id="235_D025" time="45476.00" state="stay" vehID="Car_24388" speed="9.19" length="5.00" type="DEFAULT_CAR"/>
    <instantOut id="235_D025" time="45476.25" state="stay" vehID="Car_24388" speed="8.74" length="5.00" type="DEFAULT_CAR"/>
    <instantOut id="235_D025" time="45476.26" state="leave" vehID="Car_24388" speed="8.00" length="5.00" type="DEFAULT_CAR" occupancy="0.55"/>
</instantE1>
