<?xml version="1.0" encoding="UTF-8"?>

<!-- generated on 2025-02-28 20:49:20 by Eclipse SUMO GUI Version 1.19.0
<configuration xmlns:xsi="http://www.w3.org/2001/XMLSchema-instance" xsi:noNamespaceSchemaLocation="http://sumo.dlr.de/xsd/sumoConfiguration.xsd">

    <input>
        <net-file value="Network.net.xml"/>
        <route-files value="CarRoutes.rou.xml"/>
        <additional-files value="Sensors.add.xml"/>
    </input>

    <output>
        <emission-output value="logs/Emissions.xml"/>
        <summary-output value="logs/Log_summary.xml"/>
        <summary-output.period value="300"/>
        <tripinfo-output value="logs/TripInfos.xml"/>
    </output>

    <time>
        <begin value="0"/>
        <end value="86400"/>
        <step-length value="0.25"/>
    </time>

    <processing>
        <ignore-junction-blocker value="0.1"/>
        <time-to-teleport value="-1"/>
    </processing>

    <report>
        <verbose value="true"/>
        <no-step-log value="true"/>
    </report>

    <emissions>
        <device.emissions.period value="10"/>
    </emissions>

    <traci_server>
        <remote-port value="60050"/>
    </traci_server>

    <gui_only>
        <quit-on-end value="true"/>
        <start value="true"/>
    </gui_only>

</configuration>
-->

<summary xmlns:xsi="http://www.w3.org/2001/XMLSchema-instance" xsi:noNamespaceSchemaLocation="http://sumo.dlr.de/xsd/summary_file.xsd">
    <step time="0.00" loaded="0" inserted="0" running="0" waiting="0" ended="0" arrived="0" collisions="0" teleports="0" halting="0" stopped="0" meanWaitingTime="-1.00" meanTravelTime="-1.00" meanSpeed="-1.00" meanSpeedRelative="-1.00" duration="0"/>
    <step time="300.00" loaded="211" inserted="196" running="91" waiting="15" ended="105" arrived="105" collisions="0" teleports="0" halting="43" stopped="0" meanWaitingTime="14.44" meanTravelTime="77.34" meanSpeed="4.03" meanSpeedRelative="0.29" duration="3"/>
    <step time="600.00" loaded="371" inserted="361" running="69" waiting="10" ended="292" arrived="292" collisions="0" teleports="0" halting="23" stopped="0" meanWaitingTime="13.58" meanTravelTime="114.08" meanSpeed="4.67" meanSpeedRelative="0.34" duration="2"/>
    <step time="900.00" loaded="529" inserted="521" running="54" waiting="8" ended="467" arrived="467" collisions="0" teleports="0" halting="28" stopped="0" meanWaitingTime="12.42" meanTravelTime="117.47" meanSpeed="4.41" meanSpeedRelative="0.32" duration="3"/>
    <step time="1200.00" loaded="702" inserted="688" running="57" waiting="14" ended="631" arrived="631" collisions="0" teleports="0" halting="6" stopped="0" meanWaitingTime="14.87" meanTravelTime="115.30" meanSpeed="9.25" meanSpeedRelative="0.67" duration="3"/>
    <step time="1500.00" loaded="867" inserted="847" running="55" waiting="20" ended="792" arrived="792" collisions="0" teleports="0" halting="13" stopped="0" meanWaitingTime="16.08" meanTravelTime="111.74" meanSpeed="5.42" meanSpeedRelative="0.39" duration="4"/>
    <step time="1800.00" loaded="1033" inserted="1013" running="56" waiting="20" ended="957" arrived="957" collisions="0" teleports="0" halting="20" stopped="0" meanWaitingTime="19.14" meanTravelTime="111.12" meanSpeed="4.34" meanSpeedRelative="0.31" duration="1"/>
    <step time="2100.00" loaded="1194" inserted="1179" running="65" waiting="15" ended="1114" arrived="1114" collisions="0" teleports="0" halting="43" stopped="0" meanWaitingTime="18.19" meanTravelTime="111.25" meanSpeed="2.64" meanSpeedRelative="0.19" duration="1"/>
    <step time="2400.00" loaded="1343" inserted="1327" running="40" waiting="16" ended="1287" arrived="1287" collisions="0" teleports="0" halting="22" stopped="0" meanWaitingTime="18.22" meanTravelTime="112.42" meanSpeed="3.82" meanSpeedRelative="0.27" duration="2"/>
    <step time="2700.00" loaded="1488" inserted="1487" running="62" waiting="1" ended="1425" arrived="1425" collisions="0" teleports="0" halting="11" stopped="0" meanWaitingTime="18.16" meanTravelTime="109.72" meanSpeed="5.12" meanSpeedRelative="0.37" duration="1"/>
    <step time="3000.00" loaded="1648" inserted="1641" running="44" waiting="7" ended="1597" arrived="1597" collisions="0" teleports="0" halting="19" stopped="0" meanWaitingTime="16.99" meanTravelTime="110.44" meanSpeed="5.35" meanSpeedRelative="0.39" duration="1"/>
    <step time="3300.00" loaded="1818" inserted="1803" running="58" waiting="15" ended="1745" arrived="1745" collisions="0" teleports="0" halting="14" stopped="0" meanWaitingTime="17.35" meanTravelTime="109.30" meanSpeed="7.06" meanSpeedRelative="0.51" duration="2"/>
    <step time="3600.00" loaded="1951" inserted="1951" running="43" waiting="0" ended="1908" arrived="1908" collisions="0" teleports="0" halting="10" stopped="0" meanWaitingTime="17.13" meanTravelTime="108.64" meanSpeed="4.26" meanSpeedRelative="0.31" duration="1"/>
    <step time="3900.00" loaded="2114" inserted="2114" running="59" waiting="0" ended="2055" arrived="2055" collisions="0" teleports="0" halting="31" stopped="0" meanWaitingTime="15.94" meanTravelTime="108.30" meanSpeed="3.71" meanSpeedRelative="0.27" duration="3"/>
    <step time="4200.00" loaded="2245" inserted="2245" running="44" waiting="0" ended="2201" arrived="2201" collisions="0" teleports="0" halting="10" stopped="0" meanWaitingTime="16.07" meanTravelTime="107.81" meanSpeed="6.25" meanSpeedRelative="0.45" duration="2"/>
    <step time="4500.00" loaded="2423" inserted="2422" running="66" waiting="1" ended="2356" arrived="2356" collisions="0" teleports="0" halting="25" stopped="0" meanWaitingTime="15.33" meanTravelTime="106.62" meanSpeed="4.38" meanSpeedRelative="0.32" duration="3"/>
    <step time="4800.00" loaded="2579" inserted="2573" running="44" waiting="6" ended="2529" arrived="2529" collisions="0" teleports="0" halting="16" stopped="0" meanWaitingTime="14.68" meanTravelTime="106.03" meanSpeed="4.97" meanSpeedRelative="0.36" duration="2"/>
    <step time="5100.00" loaded="2745" inserted="2736" running="58" waiting="9" ended="2678" arrived="2678" collisions="0" teleports="0" halting="6" stopped="0" meanWaitingTime="15.42" meanTravelTime="105.01" meanSpeed="6.63" meanSpeedRelative="0.48" duration="3"/>
    <step time="5400.00" loaded="2895" inserted="2893" running="38" waiting="2" ended="2855" arrived="2855" collisions="0" teleports="0" halting="10" stopped="0" meanWaitingTime="14.93" meanTravelTime="104.64" meanSpeed="6.16" meanSpeedRelative="0.44" duration="1"/>
    <step time="5700.00" loaded="3084" inserted="3069" running="77" waiting="15" ended="2992" arrived="2992" collisions="0" teleports="0" halting="32" stopped="0" meanWaitingTime="14.43" meanTravelTime="104.29" meanSpeed="4.73" meanSpeedRelative="0.34" duration="4"/>
    <step time="6000.00" loaded="3208" inserted="3205" running="43" waiting="3" ended="3162" arrived="3162" collisions="0" teleports="0" halting="16" stopped="0" meanWaitingTime="14.55" meanTravelTime="106.25" meanSpeed="4.57" meanSpeedRelative="0.33" duration="3"/>
    <step time="6300.00" loaded="3378" inserted="3361" running="73" waiting="17" ended="3288" arrived="3288" collisions="0" teleports="0" halting="24" stopped="0" meanWaitingTime="14.62" meanTravelTime="106.97" meanSpeed="4.06" meanSpeedRelative="0.29" duration="4"/>
    <step time="6600.00" loaded="3538" inserted="3530" running="53" waiting="8" ended="3477" arrived="3477" collisions="0" teleports="0" halting="25" stopped="0" meanWaitingTime="14.89" meanTravelTime="107.40" meanSpeed="4.18" meanSpeedRelative="0.30" duration="2"/>
    <step time="6900.00" loaded="3723" inserted="3706" running="75" waiting="17" ended="3631" arrived="3631" collisions="0" teleports="0" halting="23" stopped="0" meanWaitingTime="14.96" meanTravelTime="107.14" meanSpeed="4.05" meanSpeedRelative="0.32" duration="3"/>
    <step time="7200.00" loaded="3880" inserted="3855" running="46" waiting="25" ended="3809" arrived="3809" collisions="0" teleports="0" halting="15" stopped="0" meanWaitingTime="15.58" meanTravelTime="107.75" meanSpeed="5.42" meanSpeedRelative="0.39" duration="1"/>
    <step time="7500.00" loaded="4030" inserted="4018" running="46" waiting="12" ended="3972" arrived="3972" collisions="0" teleports="0" halting="21" stopped="0" meanWaitingTime="16.44" meanTravelTime="107.90" meanSpeed="5.35" meanSpeedRelative="0.38" duration="2"/>
    <step time="7800.00" loaded="4185" inserted="4162" running="58" waiting="23" ended="4104" arrived="4104" collisions="0" teleports="0" halting="13" stopped="0" meanWaitingTime="16.94" meanTravelTime="107.60" meanSpeed="5.06" meanSpeedRelative="0.36" duration="2"/>
    <step time="8100.00" loaded="4357" inserted="4344" running="50" waiting="13" ended="4294" arrived="4294" collisions="0" teleports="0" halting="17" stopped="0" meanWaitingTime="18.03" meanTravelTime="107.23" meanSpeed="4.68" meanSpeedRelative="0.34" duration="2"/>
    <step time="8400.00" loaded="4542" inserted="4538" running="66" waiting="4" ended="4472" arrived="4472" collisions="0" teleports="0" halting="21" stopped="0" meanWaitingTime="17.99" meanTravelTime="106.81" meanSpeed="4.77" meanSpeedRelative="0.34" duration="3"/>
    <step time="8700.00" loaded="4714" inserted="4709" running="73" waiting="5" ended="4636" arrived="4636" collisions="0" teleports="0" halting="21" stopped="0" meanWaitingTime="17.78" meanTravelTime="106.67" meanSpeed="5.05" meanSpeedRelative="0.36" duration="4"/>
    <step time="9000.00" loaded="4903" inserted="4886" running="61" waiting="17" ended="4825" arrived="4825" collisions="0" teleports="0" halting="12" stopped="0" meanWaitingTime="17.58" meanTravelTime="106.57" meanSpeed="4.42" meanSpeedRelative="0.33" duration="3"/>
    <step time="9300.00" loaded="5085" inserted="5066" running="48" waiting="19" ended="5018" arrived="5018" collisions="0" teleports="0" halting="21" stopped="0" meanWaitingTime="17.63" meanTravelTime="106.68" meanSpeed="5.56" meanSpeedRelative="0.40" duration="2"/>
    <step time="9600.00" loaded="5259" inserted="5247" running="61" waiting="12" ended="5186" arrived="5186" collisions="0" teleports="0" halting="12" stopped="0" meanWaitingTime="18.13" meanTravelTime="105.98" meanSpeed="7.23" meanSpeedRelative="0.52" duration="3"/>
    <step time="9900.00" loaded="5402" inserted="5386" running="35" waiting="16" ended="5351" arrived="5351" collisions="0" teleports="0" halting="14" stopped="0" meanWaitingTime="18.02" meanTravelTime="105.99" meanSpeed="4.16" meanSpeedRelative="0.30" duration="1"/>
    <step time="10200.00" loaded="5573" inserted="5564" running="66" waiting="9" ended="5498" arrived="5498" collisions="0" teleports="0" halting="7" stopped="0" meanWaitingTime="18.27" meanTravelTime="105.61" meanSpeed="5.29" meanSpeedRelative="0.38" duration="3"/>
    <step time="10500.00" loaded="5751" inserted="5739" running="56" waiting="12" ended="5683" arrived="5683" collisions="0" teleports="0" halting="11" stopped="0" meanWaitingTime="18.14" meanTravelTime="106.05" meanSpeed="5.05" meanSpeedRelative="0.36" duration="1"/>
    <step time="10800.00" loaded="5923" inserted="5917" running="76" waiting="6" ended="5841" arrived="5841" collisions="0" teleports="0" halting="10" stopped="0" meanWaitingTime="18.16" meanTravelTime="106.37" meanSpeed="5.38" meanSpeedRelative="0.39" duration="3"/>
    <step time="11100.00" loaded="6101" inserted="6083" running="57" waiting="18" ended="6026" arrived="6026" collisions="0" teleports="0" halting="24" stopped="0" meanWaitingTime="18.13" meanTravelTime="107.06" meanSpeed="4.39" meanSpeedRelative="0.33" duration="3"/>
    <step time="11400.00" loaded="6274" inserted="6240" running="55" waiting="34" ended="6185" arrived="6185" collisions="0" teleports="0" halting="13" stopped="0" meanWaitingTime="18.77" meanTravelTime="106.78" meanSpeed="5.94" meanSpeedRelative="0.43" duration="1"/>
    <step time="11700.00" loaded="6416" inserted="6396" running="49" waiting="20" ended="6347" arrived="6347" collisions="0" teleports="0" halting="11" stopped="0" meanWaitingTime="19.82" meanTravelTime="106.62" meanSpeed="4.93" meanSpeedRelative="0.36" duration="3"/>
    <step time="12000.00" loaded="6594" inserted="6587" running="63" waiting="7" ended="6524" arrived="6524" collisions="0" teleports="0" halting="13" stopped="0" meanWaitingTime="19.85" meanTravelTime="106.61" meanSpeed="5.07" meanSpeedRelative="0.36" duration="1"/>
    <step time="12300.00" loaded="6764" inserted="6763" running="65" waiting="1" ended="6698" arrived="6698" collisions="0" teleports="0" halting="25" stopped="0" meanWaitingTime="19.57" meanTravelTime="106.93" meanSpeed="4.34" meanSpeedRelative="0.31" duration="3"/>
    <step time="12600.00" loaded="6933" inserted="6912" running="51" waiting="21" ended="6861" arrived="6861" collisions="0" teleports="0" halting="22" stopped="0" meanWaitingTime="19.39" meanTravelTime="107.17" meanSpeed="4.72" meanSpeedRelative="0.34" duration="3"/>
    <step time="12900.00" loaded="7100" inserted="7087" running="67" waiting="13" ended="7020" arrived="7020" collisions="0" teleports="0" halting="19" stopped="0" meanWaitingTime="19.61" meanTravelTime="107.37" meanSpeed="5.24" meanSpeedRelative="0.38" duration="3"/>
    <step time="13200.00" loaded="7275" inserted="7255" running="73" waiting="20" ended="7182" arrived="7182" collisions="0" teleports="0" halting="21" stopped="0" meanWaitingTime="19.68" meanTravelTime="107.49" meanSpeed="4.71" meanSpeedRelative="0.34" duration="4"/>
    <step time="13500.00" loaded="7450" inserted="7442" running="74" waiting="8" ended="7368" arrived="7368" collisions="0" teleports="0" halting="20" stopped="0" meanWaitingTime="19.61" meanTravelTime="107.78" meanSpeed="5.16" meanSpeedRelative="0.38" duration="3"/>
    <step time="13800.00" loaded="7646" inserted="7629" running="87" waiting="17" ended="7542" arrived="7542" collisions="0" teleports="0" halting="22" stopped="0" meanWaitingTime="19.70" meanTravelTime="107.93" meanSpeed="5.33" meanSpeedRelative="0.38" duration="2"/>
    <step time="14100.00" loaded="7804" inserted="7800" running="58" waiting="4" ended="7742" arrived="7742" collisions="0" teleports="0" halting="15" stopped="0" meanWaitingTime="19.75" meanTravelTime="108.48" meanSpeed="5.08" meanSpeedRelative="0.37" duration="3"/>
    <step time="14400.00" loaded="7942" inserted="7931" running="51" waiting="11" ended="7880" arrived="7880" collisions="0" teleports="0" halting="16" stopped="0" meanWaitingTime="19.93" meanTravelTime="108.67" meanSpeed="6.17" meanSpeedRelative="0.44" duration="1"/>
    <step time="14700.00" loaded="8134" inserted="8116" running="60" waiting="18" ended="8056" arrived="8056" collisions="0" teleports="0" halting="10" stopped="0" meanWaitingTime="19.90" meanTravelTime="108.38" meanSpeed="5.68" meanSpeedRelative="0.41" duration="3"/>
    <step time="15000.00" loaded="8293" inserted="8288" running="98" waiting="5" ended="8190" arrived="8190" collisions="0" teleports="0" halting="29" stopped="0" meanWaitingTime="19.73" meanTravelTime="108.61" meanSpeed="5.47" meanSpeedRelative="0.39" duration="5"/>
    <step time="15300.00" loaded="8454" inserted="8419" running="56" waiting="35" ended="8363" arrived="8363" collisions="0" teleports="0" halting="20" stopped="0" meanWaitingTime="19.89" meanTravelTime="109.13" meanSpeed="5.17" meanSpeedRelative="0.37" duration="1"/>
    <step time="15600.00" loaded="8619" inserted="8608" running="71" waiting="11" ended="8537" arrived="8537" collisions="0" teleports="0" halting="22" stopped="0" meanWaitingTime="20.66" meanTravelTime="108.77" meanSpeed="4.28" meanSpeedRelative="0.31" duration="3"/>
    <step time="15900.00" loaded="8810" inserted="8794" running="105" waiting="16" ended="8689" arrived="8689" collisions="0" teleports="0" halting="38" stopped="0" meanWaitingTime="20.91" meanTravelTime="108.96" meanSpeed="4.36" meanSpeedRelative="0.31" duration="5"/>
    <step time="16200.00" loaded="9001" inserted="8967" running="55" waiting="34" ended="8912" arrived="8912" collisions="0" teleports="0" halting="15" stopped="0" meanWaitingTime="21.32" meanTravelTime="109.38" meanSpeed="5.04" meanSpeedRelative="0.36" duration="3"/>
    <step time="16500.00" loaded="9166" inserted="9152" running="63" waiting="14" ended="9089" arrived="9089" collisions="0" teleports="0" halting="20" stopped="0" meanWaitingTime="21.92" meanTravelTime="109.31" meanSpeed="5.90" meanSpeedRelative="0.42" duration="3"/>
    <step time="16800.00" loaded="9352" inserted="9313" running="72" waiting="39" ended="9241" arrived="9241" collisions="0" teleports="0" halting="11" stopped="0" meanWaitingTime="22.17" meanTravelTime="109.42" meanSpeed="5.22" meanSpeedRelative="0.38" duration="3"/>
    <step time="17100.00" loaded="9524" inserted="9493" running="57" waiting="31" ended="9436" arrived="9436" collisions="0" teleports="0" halting="8" stopped="0" meanWaitingTime="22.93" meanTravelTime="109.40" meanSpeed="5.56" meanSpeedRelative="0.40" duration="2"/>
    <step time="17400.00" loaded="9706" inserted="9681" running="80" waiting="25" ended="9601" arrived="9601" collisions="0" teleports="0" halting="34" stopped="0" meanWaitingTime="23.62" meanTravelTime="109.62" meanSpeed="3.75" meanSpeedRelative="0.27" duration="2"/>
    <step time="17700.00" loaded="9878" inserted="9851" running="85" waiting="27" ended="9766" arrived="9766" collisions="0" teleports="0" halting="33" stopped="0" meanWaitingTime="23.97" meanTravelTime="109.98" meanSpeed="3.67" meanSpeedRelative="0.26" duration="2"/>
    <step time="18000.00" loaded="10043" inserted="10022" running="81" waiting="21" ended="9941" arrived="9941" collisions="0" teleports="0" halting="41" stopped="0" meanWaitingTime="24.45" meanTravelTime="110.70" meanSpeed="3.74" meanSpeedRelative="0.27" duration="3"/>
    <step time="18300.00" loaded="10229" inserted="10196" running="58" waiting="33" ended="10138" arrived="10138" collisions="0" teleports="0" halting="35" stopped="0" meanWaitingTime="24.65" meanTravelTime="111.08" meanSpeed="3.22" meanSpeedRelative="0.25" duration="2"/>
    <step time="18600.00" loaded="10388" inserted="10357" running="55" waiting="31" ended="10302" arrived="10302" collisions="0" teleports="0" halting="22" stopped="0" meanWaitingTime="25.25" meanTravelTime="111.08" meanSpeed="5.10" meanSpeedRelative="0.37" duration="1"/>
    <step time="18900.00" loaded="10574" inserted="10539" running="65" waiting="35" ended="10474" arrived="10474" collisions="0" teleports="0" halting="10" stopped="0" meanWaitingTime="25.62" meanTravelTime="110.86" meanSpeed="6.94" meanSpeedRelative="0.50" duration="3"/>
    <step time="19200.00" loaded="10749" inserted="10723" running="63" waiting="26" ended="10660" arrived="10660" collisions="0" teleports="0" halting="36" stopped="0" meanWaitingTime="25.96" meanTravelTime="110.69" meanSpeed="3.89" meanSpeedRelative="0.28" duration="3"/>
    <step time="19500.00" loaded="10960" inserted="10935" running="95" waiting="25" ended="10840" arrived="10840" collisions="0" teleports="0" halting="36" stopped="0" meanWaitingTime="26.23" meanTravelTime="110.88" meanSpeed="4.17" meanSpeedRelative="0.30" duration="3"/>
    <step time="19800.00" loaded="11136" inserted="11105" running="70" waiting="31" ended="11035" arrived="11035" collisions="0" teleports="0" halting="31" stopped="0" meanWaitingTime="26.57" meanTravelTime="111.15" meanSpeed="4.62" meanSpeedRelative="0.33" duration="4"/>
    <step time="20100.00" loaded="11335" inserted="11300" running="78" waiting="35" ended="11222" arrived="11222" collisions="0" teleports="0" halting="23" stopped="0" meanWaitingTime="26.98" meanTravelTime="111.17" meanSpeed="5.33" meanSpeedRelative="0.38" duration="3"/>
    <step time="20400.00" loaded="11505" inserted="11464" running="75" waiting="41" ended="11389" arrived="11389" collisions="0" teleports="0" halting="19" stopped="0" meanWaitingTime="27.58" meanTravelTime="111.21" meanSpeed="5.08" meanSpeedRelative="0.38" duration="4"/>
    <step time="20700.00" loaded="11676" inserted="11631" running="71" waiting="45" ended="11560" arrived="11560" collisions="0" teleports="0" halting="37" stopped="0" meanWaitingTime="28.15" meanTravelTime="111.13" meanSpeed="3.43" meanSpeedRelative="0.25" duration="2"/>
    <step time="21000.00" loaded="11858" inserted="11814" running="75" waiting="44" ended="11739" arrived="11739" collisions="0" teleports="0" halting="29" stopped="0" meanWaitingTime="29.02" meanTravelTime="111.25" meanSpeed="4.23" meanSpeedRelative="0.30" duration="3"/>
    <step time="21300.00" loaded="12021" inserted="11983" running="75" waiting="38" ended="11908" arrived="11908" collisions="0" teleports="0" halting="13" stopped="0" meanWaitingTime="29.75" meanTravelTime="111.46" meanSpeed="4.97" meanSpeedRelative="0.36" duration="1"/>
    <step time="21600.00" loaded="12244" inserted="12210" running="110" waiting="34" ended="12100" arrived="12100" collisions="0" teleports="0" halting="18" stopped="0" meanWaitingTime="30.36" meanTravelTime="111.72" meanSpeed="5.43" meanSpeedRelative="0.39" duration="4"/>
    <step time="21900.00" loaded="12430" inserted="12403" running="81" waiting="27" ended="12322" arrived="12322" collisions="0" teleports="0" halting="43" stopped="0" meanWaitingTime="30.48" meanTravelTime="112.20" meanSpeed="3.81" meanSpeedRelative="0.27" duration="4"/>
    <step time="22200.00" loaded="12620" inserted="12589" running="54" waiting="31" ended="12535" arrived="12535" collisions="0" teleports="0" halting="9" stopped="0" meanWaitingTime="30.72" meanTravelTime="112.01" meanSpeed="5.92" meanSpeedRelative="0.43" duration="2"/>
    <step time="22500.00" loaded="12793" inserted="12743" running="40" waiting="50" ended="12703" arrived="12703" collisions="0" teleports="0" halting="10" stopped="0" meanWaitingTime="30.96" meanTravelTime="112.03" meanSpeed="5.09" meanSpeedRelative="0.37" duration="2"/>
    <step time="22800.00" loaded="12988" inserted="12975" running="100" waiting="13" ended="12875" arrived="12875" collisions="0" teleports="0" halting="51" stopped="0" meanWaitingTime="31.34" meanTravelTime="111.64" meanSpeed="3.19" meanSpeedRelative="0.23" duration="3"/>
    <step time="23100.00" loaded="13174" inserted="13158" running="99" waiting="16" ended="13059" arrived="13059" collisions="0" teleports="0" halting="45" stopped="0" meanWaitingTime="31.35" meanTravelTime="112.25" meanSpeed="3.07" meanSpeedRelative="0.22" duration="2"/>
    <step time="23400.00" loaded="13360" inserted="13351" running="75" waiting="9" ended="13276" arrived="13276" collisions="0" teleports="0" halting="21" stopped="0" meanWaitingTime="31.24" meanTravelTime="112.64" meanSpeed="4.01" meanSpeedRelative="0.29" duration="2"/>
    <step time="23700.00" loaded="13593" inserted="13572" running="83" waiting="21" ended="13489" arrived="13489" collisions="0" teleports="0" halting="29" stopped="0" meanWaitingTime="30.95" meanTravelTime="112.45" meanSpeed="4.37" meanSpeedRelative="0.31" duration="4"/>
    <step time="24000.00" loaded="13768" inserted="13746" running="61" waiting="22" ended="13685" arrived="13685" collisions="0" teleports="0" halting="25" stopped="0" meanWaitingTime="30.88" meanTravelTime="112.46" meanSpeed="3.75" meanSpeedRelative="0.27" duration="3"/>
    <step time="24300.00" loaded="13977" inserted="13953" running="123" waiting="24" ended="13830" arrived="13830" collisions="0" teleports="0" halting="75" stopped="0" meanWaitingTime="30.94" meanTravelTime="112.37" meanSpeed="2.77" meanSpeedRelative="0.20" duration="3"/>
    <step time="24600.00" loaded="14203" inserted="14166" running="80" waiting="37" ended="14086" arrived="14086" collisions="0" teleports="0" halting="23" stopped="0" meanWaitingTime="31.09" meanTravelTime="112.98" meanSpeed="4.67" meanSpeedRelative="0.34" duration="3"/>
    <step time="24900.00" loaded="14420" inserted="14385" running="83" waiting="35" ended="14302" arrived="14302" collisions="0" teleports="0" halting="31" stopped="0" meanWaitingTime="31.49" meanTravelTime="113.10" meanSpeed="3.74" meanSpeedRelative="0.27" duration="4"/>
    <step time="25200.00" loaded="14615" inserted="14573" running="67" waiting="42" ended="14506" arrived="14506" collisions="0" teleports="0" halting="29" stopped="0" meanWaitingTime="31.63" meanTravelTime="113.03" meanSpeed="3.97" meanSpeedRelative="0.29" duration="2"/>
    <step time="25500.00" loaded="14789" inserted="14767" running="78" waiting="22" ended="14689" arrived="14689" collisions="0" teleports="0" halting="31" stopped="0" meanWaitingTime="31.93" meanTravelTime="113.24" meanSpeed="4.17" meanSpeedRelative="0.30" duration="3"/>
    <step time="25800.00" loaded="15021" inserted="14990" running="76" waiting="31" ended="14914" arrived="14914" collisions="0" teleports="0" halting="27" stopped="0" meanWaitingTime="31.90" meanTravelTime="113.19" meanSpeed="5.07" meanSpeedRelative="0.36" duration="4"/>
    <step time="26100.00" loaded="15230" inserted="15202" running="71" waiting="28" ended="15131" arrived="15131" collisions="0" teleports="0" halting="30" stopped="0" meanWaitingTime="32.07" meanTravelTime="113.09" meanSpeed="2.74" meanSpeedRelative="0.20" duration="3"/>
    <step time="26400.00" loaded="15424" inserted="15386" running="78" waiting="38" ended="15308" arrived="15308" collisions="0" teleports="0" halting="37" stopped="0" meanWaitingTime="32.30" meanTravelTime="113.19" meanSpeed="3.53" meanSpeedRelative="0.25" duration="4"/>
    <step time="26700.00" loaded="15641" inserted="15617" running="121" waiting="24" ended="15496" arrived="15496" collisions="0" teleports="0" halting="51" stopped="0" meanWaitingTime="32.63" meanTravelTime="113.04" meanSpeed="4.04" meanSpeedRelative="0.29" duration="6"/>
    <step time="27000.00" loaded="15858" inserted="15827" running="105" waiting="31" ended="15722" arrived="15722" collisions="0" teleports="0" halting="29" stopped="0" meanWaitingTime="32.82" meanTravelTime="113.55" meanSpeed="4.38" meanSpeedRelative="0.32" duration="4"/>
    <step time="27300.00" loaded="16080" inserted="16043" running="85" waiting="37" ended="15958" arrived="15958" collisions="0" teleports="0" halting="37" stopped="0" meanWaitingTime="33.02" meanTravelTime="113.51" meanSpeed="4.24" meanSpeedRelative="0.31" duration="4"/>
    <step time="27600.00" loaded="16281" inserted="16240" running="71" waiting="41" ended="16169" arrived="16169" collisions="0" teleports="0" halting="34" stopped="0" meanWaitingTime="33.18" meanTravelTime="113.40" meanSpeed="3.51" meanSpeedRelative="0.25" duration="2"/>
    <step time="27900.00" loaded="16487" inserted="16453" running="58" waiting="34" ended="16395" arrived="16395" collisions="0" teleports="0" halting="15" stopped="0" meanWaitingTime="33.46" meanTravelTime="113.23" meanSpeed="5.89" meanSpeedRelative="0.42" duration="3"/>
    <step time="28200.00" loaded="16713" inserted="16690" running="71" waiting="23" ended="16619" arrived="16619" collisions="0" teleports="0" halting="16" stopped="0" meanWaitingTime="33.69" meanTravelTime="113.01" meanSpeed="5.59" meanSpeedRelative="0.40" duration="2"/>
    <step time="28500.00" loaded="16913" inserted="16883" running="69" waiting="30" ended="16814" arrived="16814" collisions="0" teleports="0" halting="18" stopped="0" meanWaitingTime="33.76" meanTravelTime="112.97" meanSpeed="4.92" meanSpeedRelative="0.35" duration="3"/>
    <step time="28800.00" loaded="17128" inserted="17096" running="74" waiting="32" ended="17022" arrived="17022" collisions="0" teleports="0" halting="37" stopped="0" meanWaitingTime="33.78" meanTravelTime="113.06" meanSpeed="3.24" meanSpeedRelative="0.23" duration="4"/>
    <step time="29100.00" loaded="17351" inserted="17316" running="97" waiting="35" ended="17219" arrived="17219" collisions="0" teleports="0" halting="44" stopped="0" meanWaitingTime="33.79" meanTravelTime="113.46" meanSpeed="2.96" meanSpeedRelative="0.21" duration="4"/>
    <step time="29400.00" loaded="17551" inserted="17499" running="87" waiting="52" ended="17412" arrived="17412" collisions="0" teleports="0" halting="28" stopped="0" meanWaitingTime="33.99" meanTravelTime="113.61" meanSpeed="3.98" meanSpeedRelative="0.29" duration="3"/>
    <step time="29700.00" loaded="17735" inserted="17700" running="85" waiting="35" ended="17615" arrived="17615" collisions="0" teleports="0" halting="23" stopped="0" meanWaitingTime="34.23" meanTravelTime="113.85" meanSpeed="4.19" meanSpeedRelative="0.30" duration="4"/>
    <step time="30000.00" loaded="17909" inserted="17877" running="62" waiting="32" ended="17815" arrived="17815" collisions="0" teleports="0" halting="27" stopped="0" meanWaitingTime="34.41" meanTravelTime="114.16" meanSpeed="3.63" meanSpeedRelative="0.26" duration="1"/>
    <step time="30300.00" loaded="18107" inserted="18067" running="88" waiting="40" ended="17979" arrived="17979" collisions="0" teleports="0" halting="30" stopped="0" meanWaitingTime="34.74" meanTravelTime="114.15" meanSpeed="3.70" meanSpeedRelative="0.27" duration="4"/>
    <step time="30600.00" loaded="18321" inserted="18277" running="99" waiting="44" ended="18178" arrived="18178" collisions="0" teleports="0" halting="43" stopped="0" meanWaitingTime="35.02" meanTravelTime="114.19" meanSpeed="4.94" meanSpeedRelative="0.36" duration="4"/>
    <step time="30900.00" loaded="18543" inserted="18499" running="115" waiting="44" ended="18384" arrived="18384" collisions="0" teleports="0" halting="47" stopped="0" meanWaitingTime="35.28" meanTravelTime="114.32" meanSpeed="3.25" meanSpeedRelative="0.23" duration="4"/>
    <step time="31200.00" loaded="18713" inserted="18668" running="59" waiting="45" ended="18609" arrived="18609" collisions="0" teleports="0" halting="14" stopped="0" meanWaitingTime="35.40" meanTravelTime="114.81" meanSpeed="4.79" meanSpeedRelative="0.35" duration="2"/>
    <step time="31500.00" loaded="18891" inserted="18848" running="73" waiting="43" ended="18775" arrived="18775" collisions="0" teleports="0" halting="28" stopped="0" meanWaitingTime="35.67" meanTravelTime="114.95" meanSpeed="3.43" meanSpeedRelative="0.25" duration="3"/>
    <step time="31800.00" loaded="19047" inserted="19016" running="84" waiting="31" ended="18932" arrived="18932" collisions="0" teleports="0" halting="23" stopped="0" meanWaitingTime="36.03" meanTravelTime="115.15" meanSpeed="4.55" meanSpeedRelative="0.33" duration="3"/>
    <step time="32100.00" loaded="19229" inserted="19188" running="64" waiting="41" ended="19124" arrived="19124" collisions="0" teleports="0" halting="19" stopped="0" meanWaitingTime="36.25" meanTravelTime="115.17" meanSpeed="6.14" meanSpeedRelative="0.44" duration="3"/>
    <step time="32400.00" loaded="19395" inserted="19350" running="72" waiting="45" ended="19278" arrived="19278" collisions="0" teleports="0" halting="25" stopped="0" meanWaitingTime="36.48" meanTravelTime="115.07" meanSpeed="3.78" meanSpeedRelative="0.27" duration="3"/>
    <step time="32700.00" loaded="19574" inserted="19534" running="82" waiting="40" ended="19452" arrived="19452" collisions="0" teleports="0" halting="15" stopped="0" meanWaitingTime="36.70" meanTravelTime="115.26" meanSpeed="4.13" meanSpeedRelative="0.30" duration="3"/>
    <step time="33000.00" loaded="19741" inserted="19712" running="84" waiting="29" ended="19628" arrived="19628" collisions="0" teleports="0" halting="20" stopped="0" meanWaitingTime="36.97" meanTravelTime="115.69" meanSpeed="3.96" meanSpeedRelative="0.28" duration="4"/>
    <step time="33300.00" loaded="19876" inserted="19862" running="76" waiting="14" ended="19786" arrived="19786" collisions="0" teleports="0" halting="15" stopped="0" meanWaitingTime="37.11" meanTravelTime="115.96" meanSpeed="6.12" meanSpeedRelative="0.44" duration="3"/>
    <step time="33600.00" loaded="20069" inserted="20051" running="70" waiting="18" ended="19981" arrived="19981" collisions="0" teleports="0" halting="27" stopped="0" meanWaitingTime="37.04" meanTravelTime="115.94" meanSpeed="5.06" meanSpeedRelative="0.36" duration="3"/>
    <step time="33900.00" loaded="20227" inserted="20209" running="76" waiting="18" ended="20133" arrived="20133" collisions="0" teleports="0" halting="28" stopped="0" meanWaitingTime="36.96" meanTravelTime="115.77" meanSpeed="3.26" meanSpeedRelative="0.24" duration="4"/>
    <step time="34200.00" loaded="20384" inserted="20364" running="64" waiting="20" ended="20300" arrived="20300" collisions="0" teleports="0" halting="16" stopped="0" meanWaitingTime="36.91" meanTravelTime="115.95" meanSpeed="5.35" meanSpeedRelative="0.38" duration="3"/>
    <step time="34500.00" loaded="20550" inserted="20526" running="104" waiting="24" ended="20422" arrived="20422" collisions="0" teleports="0" halting="69" stopped="0" meanWaitingTime="36.99" meanTravelTime="115.94" meanSpeed="2.39" meanSpeedRelative="0.17" duration="4"/>
    <step time="34800.00" loaded="20703" inserted="20674" running="66" waiting="29" ended="20608" arrived="20608" collisions="0" teleports="0" halting="12" stopped="0" meanWaitingTime="37.14" meanTravelTime="116.50" meanSpeed="5.15" meanSpeedRelative="0.37" duration="2"/>
    <step time="35100.00" loaded="20842" inserted="20832" running="65" waiting="10" ended="20767" arrived="20767" collisions="0" teleports="0" halting="14" stopped="0" meanWaitingTime="37.26" meanTravelTime="116.55" meanSpeed="6.55" meanSpeedRelative="0.47" duration="3"/>
    <step time="35400.00" loaded="20979" inserted="20972" running="41" waiting="7" ended="20931" arrived="20931" collisions="0" teleports="0" halting="7" stopped="0" meanWaitingTime="37.07" meanTravelTime="116.49" meanSpeed="7.49" meanSpeedRelative="0.54" duration="2"/>
    <step time="35700.00" loaded="21125" inserted="21118" running="45" waiting="7" ended="21073" arrived="21073" collisions="0" teleports="0" halting="18" stopped="0" meanWaitingTime="36.94" meanTravelTime="116.45" meanSpeed="5.17" meanSpeedRelative="0.37" duration="2"/>
    <step time="36000.00" loaded="21280" inserted="21274" running="44" waiting="6" ended="21230" arrived="21230" collisions="0" teleports="0" halting="18" stopped="0" meanWaitingTime="36.80" meanTravelTime="116.26" meanSpeed="4.13" meanSpeedRelative="0.30" duration="2"/>
    <step time="36300.00" loaded="21453" inserted="21436" running="63" waiting="17" ended="21373" arrived="21373" collisions="0" teleports="0" halting="37" stopped="0" meanWaitingTime="36.67" meanTravelTime="116.09" meanSpeed="2.21" meanSpeedRelative="0.16" duration="1"/>
    <step time="36600.00" loaded="21602" inserted="21593" running="61" waiting="9" ended="21532" arrived="21532" collisions="0" teleports="0" halting="6" stopped="0" meanWaitingTime="36.58" meanTravelTime="116.11" meanSpeed="5.74" meanSpeedRelative="0.41" duration="1"/>
    <step time="36900.00" loaded="21743" inserted="21722" running="42" waiting="21" ended="21680" arrived="21680" collisions="0" teleports="0" halting="11" stopped="0" meanWaitingTime="36.43" meanTravelTime="116.22" meanSpeed="5.97" meanSpeedRelative="0.43" duration="2"/>
    <step time="37200.00" loaded="21863" inserted="21840" running="41" waiting="23" ended="21799" arrived="21799" collisions="0" teleports="0" halting="18" stopped="0" meanWaitingTime="36.43" meanTravelTime="116.11" meanSpeed="3.69" meanSpeedRelative="0.27" duration="2"/>
    <step time="37500.00" loaded="22006" inserted="21969" running="53" waiting="37" ended="21916" arrived="21916" collisions="0" teleports="0" halting="11" stopped="0" meanWaitingTime="36.59" meanTravelTime="116.08" meanSpeed="5.66" meanSpeedRelative="0.41" duration="3"/>
    <step time="37800.00" loaded="22159" inserted="22118" running="53" waiting="41" ended="22065" arrived="22065" collisions="0" teleports="0" halting="8" stopped="0" meanWaitingTime="36.85" meanTravelTime="115.99" meanSpeed="6.76" meanSpeedRelative="0.49" duration="1"/>
    <step time="38100.00" loaded="22303" inserted="22258" running="55" waiting="45" ended="22203" arrived="22203" collisions="0" teleports="0" halting="20" stopped="0" meanWaitingTime="37.07" meanTravelTime="115.92" meanSpeed="5.26" meanSpeedRelative="0.38" duration="2"/>
    <step time="38400.00" loaded="22429" inserted="22400" running="49" waiting="29" ended="22351" arrived="22351" collisions="0" teleports="0" halting="16" stopped="0" meanWaitingTime="37.38" meanTravelTime="115.89" meanSpeed="4.23" meanSpeedRelative="0.30" duration="3"/>
    <step time="38700.00" loaded="22526" inserted="22511" running="48" waiting="15" ended="22463" arrived="22463" collisions="0" teleports="0" halting="33" stopped="0" meanWaitingTime="37.53" meanTravelTime="115.85" meanSpeed="3.03" meanSpeedRelative="0.22" duration="2"/>
    <step time="39000.00" loaded="22631" inserted="22598" running="47" waiting="33" ended="22551" arrived="22551" collisions="0" teleports="0" halting="7" stopped="0" meanWaitingTime="37.73" meanTravelTime="115.93" meanSpeed="6.04" meanSpeedRelative="0.43" duration="2"/>
    <step time="39300.00" loaded="22757" inserted="22714" running="28" waiting="43" ended="22686" arrived="22686" collisions="0" teleports="0" halting="10" stopped="0" meanWaitingTime="38.00" meanTravelTime="115.95" meanSpeed="6.41" meanSpeedRelative="0.46" duration="1"/>
    <step time="39600.00" loaded="22869" inserted="22820" running="37" waiting="49" ended="22783" arrived="22783" collisions="0" teleports="0" halting="14" stopped="0" meanWaitingTime="38.28" meanTravelTime="115.83" meanSpeed="5.28" meanSpeedRelative="0.38" duration="1"/>
    <step time="39900.00" loaded="22992" inserted="22948" running="63" waiting="44" ended="22885" arrived="22885" collisions="0" teleports="0" halting="46" stopped="0" meanWaitingTime="38.75" meanTravelTime="115.76" meanSpeed="2.21" meanSpeedRelative="0.16" duration="2"/>
    <step time="40200.00" loaded="23080" inserted="23059" running="49" waiting="21" ended="23010" arrived="23010" collisions="0" teleports="0" halting="17" stopped="0" meanWaitingTime="39.26" meanTravelTime="115.95" meanSpeed="2.83" meanSpeedRelative="0.20" duration="1"/>
    <step time="40500.00" loaded="23180" inserted="23157" running="43" waiting="23" ended="23114" arrived="23114" collisions="0" teleports="0" halting="10" stopped="0" meanWaitingTime="39.36" meanTravelTime="116.16" meanSpeed="5.33" meanSpeedRelative="0.38" duration="3"/>
    <step time="40800.00" loaded="23288" inserted="23257" running="37" waiting="31" ended="23220" arrived="23220" collisions="0" teleports="0" halting="14" stopped="0" meanWaitingTime="39.62" meanTravelTime="116.17" meanSpeed="6.12" meanSpeedRelative="0.44" duration="2"/>
    <step time="41100.00" loaded="23371" inserted="23348" running="42" waiting="23" ended="23306" arrived="23306" collisions="0" teleports="0" halting="22" stopped="0" meanWaitingTime="39.79" meanTravelTime="116.21" meanSpeed="2.98" meanSpeedRelative="0.21" duration="2"/>
    <step time="41400.00" loaded="23434" inserted="23423" running="19" waiting="11" ended="23404" arrived="23404" collisions="0" teleports="0" halting="14" stopped="0" meanWaitingTime="39.88" meanTravelTime="116.37" meanSpeed="2.85" meanSpeedRelative="0.21" duration="1"/>
    <step time="41700.00" loaded="23532" inserted="23506" running="46" waiting="26" ended="23460" arrived="23460" collisions="0" teleports="0" halting="20" stopped="0" meanWaitingTime="40.02" meanTravelTime="116.37" meanSpeed="4.67" meanSpeedRelative="0.34" duration="2"/>
    <step time="42000.00" loaded="23612" inserted="23583" running="21" waiting="29" ended="23562" arrived="23562" collisions="0" teleports="0" halting="10" stopped="0" meanWaitingTime="40.21" meanTravelTime="116.43" meanSpeed="3.68" meanSpeedRelative="0.26" duration="2"/>
    <step time="42300.00" loaded="23717" inserted="23691" running="46" waiting="26" ended="23645" arrived="23645" collisions="0" teleports="0" halting="9" stopped="0" meanWaitingTime="40.45" meanTravelTime="116.33" meanSpeed="6.35" meanSpeedRelative="0.46" duration="2"/>
    <step time="42600.00" loaded="23831" inserted="23795" running="46" waiting="36" ended="23749" arrived="23749" collisions="0" teleports="0" halting="7" stopped="0" meanWaitingTime="40.67" meanTravelTime="116.27" meanSpeed="5.07" meanSpeedRelative="0.37" duration="3"/>
    <step time="42900.00" loaded="23930" inserted="23906" running="59" waiting="24" ended="23847" arrived="23847" collisions="0" teleports="0" halting="26" stopped="0" meanWaitingTime="40.93" meanTravelTime="116.41" meanSpeed="4.34" meanSpeedRelative="0.31" duration="3"/>
    <step time="43200.00" loaded="24033" inserted="23997" running="21" waiting="36" ended="23976" arrived="23976" collisions="0" teleports="0" halting="6" stopped="0" meanWaitingTime="41.05" meanTravelTime="116.53" meanSpeed="7.06" meanSpeedRelative="0.51" duration="1"/>
    <step time="43500.00" loaded="24111" inserted="24086" running="41" waiting="25" ended="24045" arrived="24045" collisions="0" teleports="0" halting="10" stopped="0" meanWaitingTime="41.21" meanTravelTime="116.49" meanSpeed="5.64" meanSpeedRelative="0.41" duration="2"/>
    <step time="43800.00" loaded="24213" inserted="24175" running="36" waiting="38" ended="24139" arrived="24139" collisions="0" teleports="0" halting="16" stopped="0" meanWaitingTime="41.41" meanTravelTime="116.58" meanSpeed="4.43" meanSpeedRelative="0.32" duration="1"/>
    <step time="44100.00" loaded="24319" inserted="24289" running="47" waiting="30" ended="24242" arrived="24242" collisions="0" teleports="0" halting="23" stopped="0" meanWaitingTime="41.68" meanTravelTime="116.51" meanSpeed="4.32" meanSpeedRelative="0.31" duration="3"/>
    <step time="44400.00" loaded="24429" inserted="24390" running="63" waiting="39" ended="24327" arrived="24327" collisions="0" teleports="0" halting="48" stopped="0" meanWaitingTime="41.92" meanTravelTime="116.45" meanSpeed="1.30" meanSpeedRelative="0.09" duration="2"/>
    <step time="44700.00" loaded="24532" inserted="24487" running="44" waiting="45" ended="24443" arrived="24443" collisions="0" teleports="0" halting="16" stopped="0" meanWaitingTime="42.31" meanTravelTime="116.92" meanSpeed="3.75" meanSpeedRelative="0.27" duration="2"/>
    <step time="45000.00" loaded="24636" inserted="24588" running="41" waiting="48" ended="24547" arrived="24547" collisions="0" teleports="0" halting="3" stopped="0" meanWaitingTime="42.64" meanTravelTime="117.00" meanSpeed="6.14" meanSpeedRelative="0.44" duration="2"/>
    <step time="45300.00" loaded="24723" inserted="24699" running="63" waiting="24" ended="24636" arrived="24636" collisions="0" teleports="0" halting="11" stopped="0" meanWaitingTime="42.99" meanTravelTime="117.10" meanSpeed="4.84" meanSpeedRelative="0.35" duration="3"/>
    <step time="45600.00" loaded="24805" inserted="24778" running="44" waiting="27" ended="24734" arrived="24734" collisions="0" teleports="0" halting="31" stopped="0" meanWaitingTime="43.08" meanTravelTime="117.31" meanSpeed="2.71" meanSpeedRelative="0.20" duration="3"/>
    <step time="45900.00" loaded="24891" inserted="24845" running="48" waiting="46" ended="24797" arrived="24797" collisions="0" teleports="0" halting="46" stopped="0" meanWaitingTime="43.28" meanTravelTime="117.38" meanSpeed="0.41" meanSpeedRelative="0.03" duration="2"/>
    <step time="46200.00" loaded="24973" inserted="24925" running="57" waiting="48" ended="24868" arrived="24868" collisions="0" teleports="0" halting="51" stopped="0" meanWaitingTime="43.50" meanTravelTime="117.23" meanSpeed="0.72" meanSpeedRelative="0.05" duration="2"/>
    <step time="46500.00" loaded="25021" inserted="25021" running="87" waiting="0" ended="24934" arrived="24934" collisions="0" teleports="0" halting="87" stopped="0" meanWaitingTime="43.84" meanTravelTime="117.06" meanSpeed="0.00" meanSpeedRelative="0.00" duration="3"/>
    <step time="46800.00" loaded="25041" inserted="25041" running="90" waiting="0" ended="24951" arrived="24951" collisions="0" teleports="0" halting="88" stopped="0" meanWaitingTime="43.80" meanTravelTime="117.02" meanSpeed="0.20" meanSpeedRelative="0.01" duration="3"/>
    <step time="47100.00" loaded="25059" inserted="25059" running="85" waiting="0" ended="24974" arrived="24974" collisions="0" teleports="0" halting="82" stopped="0" meanWaitingTime="43.77" meanTravelTime="116.94" meanSpeed="0.22" meanSpeedRelative="0.02" duration="2"/>
    <step time="47400.00" loaded="25075" inserted="25075" running="84" waiting="0" ended="24991" arrived="24991" collisions="0" teleports="0" halting="84" stopped="0" meanWaitingTime="43.74" meanTravelTime="116.89" meanSpeed="0.00" meanSpeedRelative="0.00" duration="2"/>
    <step time="47700.00" loaded="25089" inserted="25089" running="85" waiting="0" ended="25004" arrived="25004" collisions="0" teleports="0" halting="85" stopped="0" meanWaitingTime="43.72" meanTravelTime="116.85" meanSpeed="0.00" meanSpeedRelative="0.00" duration="2"/>
    <step time="48000.00" loaded="25102" inserted="25102" running="84" waiting="0" ended="25018" arrived="25018" collisions="0" teleports="0" halting="82" stopped="0" meanWaitingTime="43.70" meanTravelTime="116.82" meanSpeed="0.17" meanSpeedRelative="0.01" duration="3"/>
    <step time="48300.00" loaded="25116" inserted="25116" running="83" waiting="0" ended="25033" arrived="25033" collisions="0" teleports="0" halting="82" stopped="0" meanWaitingTime="43.67" meanTravelTime="116.77" meanSpeed="0.04" meanSpeedRelative="0.00" duration="2"/>
    <step time="48600.00" loaded="25132" inserted="25132" running="84" waiting="0" ended="25048" arrived="25048" collisions="0" teleports="0" halting="82" stopped="0" meanWaitingTime="43.64" meanTravelTime="116.71" meanSpeed="0.18" meanSpeedRelative="0.01" duration="3"/>
    <step time="48900.00" loaded="25147" inserted="25147" running="88" waiting="0" ended="25059" arrived="25059" collisions="0" teleports="0" halting="86" stopped="0" meanWaitingTime="43.62" meanTravelTime="116.67" meanSpeed="0.07" meanSpeedRelative="0.01" duration="3"/>
    <step time="49200.00" loaded="25156" inserted="25156" running="82" waiting="0" ended="25074" arrived="25074" collisions="0" teleports="0" halting="82" stopped="0" meanWaitingTime="43.60" meanTravelTime="116.64" meanSpeed="0.00" meanSpeedRelative="0.00" duration="3"/>
</summary>
