<?xml version="1.0" encoding="UTF-8"?>

<!-- generated on 2025-02-28 19:24:07 by Eclipse SUMO GUI Version 1.19.0
<configuration xmlns:xsi="http://www.w3.org/2001/XMLSchema-instance" xsi:noNamespaceSchemaLocation="http://sumo.dlr.de/xsd/sumoConfiguration.xsd">

    <input>
        <net-file value="Network.net.xml"/>
        <route-files value="CarRoutes.rou.xml"/>
        <additional-files value="Sensors.add.xml"/>
    </input>

    <output>
        <emission-output value="logs/Emissions.xml"/>
        <summary-output value="logs/Log_summary.xml"/>
        <summary-output.period value="300"/>
        <tripinfo-output value="logs/TripInfos.xml"/>
    </output>

    <time>
        <begin value="0"/>
        <end value="86400"/>
        <step-length value="0.25"/>
    </time>

    <processing>
        <ignore-junction-blocker value="0.1"/>
        <time-to-teleport value="-1"/>
    </processing>

    <report>
        <verbose value="true"/>
        <no-step-log value="true"/>
    </report>

    <emissions>
        <device.emissions.period value="10"/>
    </emissions>

    <traci_server>
        <remote-port value="59374"/>
    </traci_server>

    <gui_only>
        <quit-on-end value="true"/>
        <start value="true"/>
    </gui_only>

</configuration>
-->

<summary xmlns:xsi="http://www.w3.org/2001/XMLSchema-instance" xsi:noNamespaceSchemaLocation="http://sumo.dlr.de/xsd/summary_file.xsd">
    <step time="0.00" loaded="0" inserted="0" running="0" waiting="0" ended="0" arrived="0" collisions="0" teleports="0" halting="0" stopped="0" meanWaitingTime="-1.00" meanTravelTime="-1.00" meanSpeed="-1.00" meanSpeedRelative="-1.00" duration="0"/>
    <step time="300.00" loaded="213" inserted="198" running="91" waiting="15" ended="107" arrived="107" collisions="0" teleports="0" halting="46" stopped="0" meanWaitingTime="14.38" meanTravelTime="75.86" meanSpeed="2.99" meanSpeedRelative="0.22" duration="2"/>
    <step time="600.00" loaded="373" inserted="362" running="67" waiting="11" ended="295" arrived="295" collisions="0" teleports="0" halting="32" stopped="0" meanWaitingTime="14.27" meanTravelTime="119.24" meanSpeed="4.20" meanSpeedRelative="0.30" duration="3"/>
    <step time="900.00" loaded="530" inserted="519" running="60" waiting="11" ended="459" arrived="459" collisions="0" teleports="0" halting="30" stopped="0" meanWaitingTime="13.16" meanTravelTime="114.35" meanSpeed="4.56" meanSpeedRelative="0.33" duration="3"/>
    <step time="1200.00" loaded="703" inserted="688" running="59" waiting="15" ended="629" arrived="629" collisions="0" teleports="0" halting="8" stopped="0" meanWaitingTime="16.35" meanTravelTime="112.24" meanSpeed="7.85" meanSpeedRelative="0.57" duration="2"/>
    <step time="1500.00" loaded="869" inserted="849" running="56" waiting="20" ended="793" arrived="793" collisions="0" teleports="0" halting="14" stopped="0" meanWaitingTime="17.43" meanTravelTime="111.18" meanSpeed="4.88" meanSpeedRelative="0.35" duration="2"/>
    <step time="1800.00" loaded="1030" inserted="1013" running="53" waiting="17" ended="960" arrived="960" collisions="0" teleports="0" halting="20" stopped="0" meanWaitingTime="20.27" meanTravelTime="109.58" meanSpeed="5.08" meanSpeedRelative="0.37" duration="1"/>
    <step time="2100.00" loaded="1189" inserted="1174" running="67" waiting="15" ended="1107" arrived="1107" collisions="0" teleports="0" halting="38" stopped="0" meanWaitingTime="18.84" meanTravelTime="107.81" meanSpeed="3.65" meanSpeedRelative="0.26" duration="2"/>
    <step time="2400.00" loaded="1333" inserted="1317" running="40" waiting="16" ended="1277" arrived="1277" collisions="0" teleports="0" halting="21" stopped="0" meanWaitingTime="18.81" meanTravelTime="108.11" meanSpeed="3.67" meanSpeedRelative="0.26" duration="3"/>
    <step time="2700.00" loaded="1477" inserted="1476" running="55" waiting="1" ended="1421" arrived="1421" collisions="0" teleports="0" halting="9" stopped="0" meanWaitingTime="18.62" meanTravelTime="106.81" meanSpeed="5.78" meanSpeedRelative="0.42" duration="3"/>
    <step time="3000.00" loaded="1634" inserted="1627" running="44" waiting="7" ended="1583" arrived="1583" collisions="0" teleports="0" halting="21" stopped="0" meanWaitingTime="17.46" meanTravelTime="107.64" meanSpeed="3.83" meanSpeedRelative="0.28" duration="1"/>
    <step time="3300.00" loaded="1802" inserted="1787" running="55" waiting="15" ended="1732" arrived="1732" collisions="0" teleports="0" halting="9" stopped="0" meanWaitingTime="17.78" meanTravelTime="107.17" meanSpeed="7.77" meanSpeedRelative="0.56" duration="1"/>
    <step time="3600.00" loaded="1938" inserted="1938" running="45" waiting="0" ended="1893" arrived="1893" collisions="0" teleports="0" halting="13" stopped="0" meanWaitingTime="17.47" meanTravelTime="105.74" meanSpeed="5.17" meanSpeedRelative="0.37" duration="1"/>
    <step time="3900.00" loaded="2102" inserted="2102" running="65" waiting="0" ended="2037" arrived="2037" collisions="0" teleports="0" halting="34" stopped="0" meanWaitingTime="16.22" meanTravelTime="105.82" meanSpeed="3.38" meanSpeedRelative="0.24" duration="2"/>
    <step time="4200.00" loaded="2231" inserted="2231" running="48" waiting="0" ended="2183" arrived="2183" collisions="0" teleports="0" halting="11" stopped="0" meanWaitingTime="16.35" meanTravelTime="105.83" meanSpeed="6.35" meanSpeedRelative="0.46" duration="1"/>
    <step time="4500.00" loaded="2407" inserted="2406" running="61" waiting="1" ended="2345" arrived="2345" collisions="0" teleports="0" halting="24" stopped="0" meanWaitingTime="15.60" meanTravelTime="105.70" meanSpeed="4.66" meanSpeedRelative="0.34" duration="2"/>
    <step time="4800.00" loaded="2562" inserted="2556" running="38" waiting="6" ended="2518" arrived="2518" collisions="0" teleports="0" halting="15" stopped="0" meanWaitingTime="14.95" meanTravelTime="105.18" meanSpeed="4.50" meanSpeedRelative="0.32" duration="2"/>
    <step time="5100.00" loaded="2729" inserted="2719" running="58" waiting="10" ended="2661" arrived="2661" collisions="0" teleports="0" halting="8" stopped="0" meanWaitingTime="15.65" meanTravelTime="104.28" meanSpeed="6.05" meanSpeedRelative="0.44" duration="2"/>
    <step time="5400.00" loaded="2881" inserted="2879" running="53" waiting="2" ended="2826" arrived="2826" collisions="0" teleports="0" halting="21" stopped="0" meanWaitingTime="15.19" meanTravelTime="104.95" meanSpeed="4.94" meanSpeedRelative="0.36" duration="1"/>
    <step time="5700.00" loaded="3066" inserted="3051" running="76" waiting="15" ended="2975" arrived="2975" collisions="0" teleports="0" halting="36" stopped="0" meanWaitingTime="14.72" meanTravelTime="104.86" meanSpeed="4.23" meanSpeedRelative="0.30" duration="2"/>
    <step time="6000.00" loaded="3190" inserted="3187" running="37" waiting="3" ended="3150" arrived="3150" collisions="0" teleports="0" halting="16" stopped="0" meanWaitingTime="14.77" meanTravelTime="106.82" meanSpeed="4.88" meanSpeedRelative="0.35" duration="1"/>
    <step time="6300.00" loaded="3355" inserted="3337" running="65" waiting="18" ended="3272" arrived="3272" collisions="0" teleports="0" halting="23" stopped="0" meanWaitingTime="14.85" meanTravelTime="107.05" meanSpeed="5.31" meanSpeedRelative="0.38" duration="1"/>
    <step time="6600.00" loaded="3515" inserted="3507" running="52" waiting="8" ended="3455" arrived="3455" collisions="0" teleports="0" halting="16" stopped="0" meanWaitingTime="15.14" meanTravelTime="106.66" meanSpeed="5.41" meanSpeedRelative="0.39" duration="1"/>
    <step time="6900.00" loaded="3705" inserted="3688" running="64" waiting="17" ended="3624" arrived="3624" collisions="0" teleports="0" halting="19" stopped="0" meanWaitingTime="15.16" meanTravelTime="105.87" meanSpeed="4.87" meanSpeedRelative="0.35" duration="3"/>
    <step time="7200.00" loaded="3862" inserted="3839" running="45" waiting="23" ended="3794" arrived="3794" collisions="0" teleports="0" halting="18" stopped="0" meanWaitingTime="15.78" meanTravelTime="105.95" meanSpeed="4.79" meanSpeedRelative="0.34" duration="2"/>
    <step time="7500.00" loaded="4011" inserted="3999" running="44" waiting="12" ended="3955" arrived="3955" collisions="0" teleports="0" halting="18" stopped="0" meanWaitingTime="16.55" meanTravelTime="106.15" meanSpeed="5.82" meanSpeedRelative="0.42" duration="2"/>
    <step time="7800.00" loaded="4166" inserted="4143" running="52" waiting="23" ended="4091" arrived="4091" collisions="0" teleports="0" halting="12" stopped="0" meanWaitingTime="17.05" meanTravelTime="105.82" meanSpeed="5.46" meanSpeedRelative="0.39" duration="1"/>
    <step time="8100.00" loaded="4337" inserted="4322" running="47" waiting="15" ended="4275" arrived="4275" collisions="0" teleports="0" halting="11" stopped="0" meanWaitingTime="18.17" meanTravelTime="105.58" meanSpeed="6.09" meanSpeedRelative="0.44" duration="1"/>
    <step time="8400.00" loaded="4519" inserted="4515" running="65" waiting="4" ended="4450" arrived="4450" collisions="0" teleports="0" halting="17" stopped="0" meanWaitingTime="18.17" meanTravelTime="105.06" meanSpeed="4.48" meanSpeedRelative="0.32" duration="1"/>
    <step time="8700.00" loaded="4691" inserted="4686" running="64" waiting="5" ended="4622" arrived="4622" collisions="0" teleports="0" halting="21" stopped="0" meanWaitingTime="17.97" meanTravelTime="105.17" meanSpeed="5.55" meanSpeedRelative="0.40" duration="2"/>
    <step time="9000.00" loaded="4880" inserted="4863" running="55" waiting="17" ended="4808" arrived="4808" collisions="0" teleports="0" halting="13" stopped="0" meanWaitingTime="17.79" meanTravelTime="104.93" meanSpeed="5.82" meanSpeedRelative="0.42" duration="2"/>
    <step time="9300.00" loaded="5063" inserted="5044" running="52" waiting="19" ended="4992" arrived="4992" collisions="0" teleports="0" halting="22" stopped="0" meanWaitingTime="17.82" meanTravelTime="104.89" meanSpeed="4.85" meanSpeedRelative="0.35" duration="2"/>
    <step time="9600.00" loaded="5234" inserted="5223" running="56" waiting="11" ended="5167" arrived="5167" collisions="0" teleports="0" halting="17" stopped="0" meanWaitingTime="18.26" meanTravelTime="104.44" meanSpeed="6.92" meanSpeedRelative="0.50" duration="1"/>
    <step time="9900.00" loaded="5377" inserted="5371" running="59" waiting="6" ended="5312" arrived="5312" collisions="0" teleports="0" halting="14" stopped="0" meanWaitingTime="18.11" meanTravelTime="104.21" meanSpeed="5.10" meanSpeedRelative="0.37" duration="3"/>
    <step time="10200.00" loaded="5544" inserted="5535" running="50" waiting="9" ended="5485" arrived="5485" collisions="0" teleports="0" halting="10" stopped="0" meanWaitingTime="18.09" meanTravelTime="104.89" meanSpeed="5.32" meanSpeedRelative="0.38" duration="2"/>
    <step time="10500.00" loaded="5722" inserted="5710" running="66" waiting="12" ended="5644" arrived="5644" collisions="0" teleports="0" halting="13" stopped="0" meanWaitingTime="17.99" meanTravelTime="104.67" meanSpeed="6.19" meanSpeedRelative="0.45" duration="3"/>
    <step time="10800.00" loaded="5892" inserted="5885" running="70" waiting="7" ended="5815" arrived="5815" collisions="0" teleports="0" halting="13" stopped="0" meanWaitingTime="18.03" meanTravelTime="105.09" meanSpeed="4.66" meanSpeedRelative="0.35" duration="2"/>
    <step time="11100.00" loaded="6068" inserted="6050" running="53" waiting="18" ended="5997" arrived="5997" collisions="0" teleports="0" halting="20" stopped="0" meanWaitingTime="18.00" meanTravelTime="105.62" meanSpeed="3.70" meanSpeedRelative="0.27" duration="2"/>
    <step time="11400.00" loaded="6241" inserted="6206" running="65" waiting="35" ended="6141" arrived="6141" collisions="0" teleports="0" halting="19" stopped="0" meanWaitingTime="18.67" meanTravelTime="105.71" meanSpeed="5.39" meanSpeedRelative="0.39" duration="2"/>
    <step time="11700.00" loaded="6383" inserted="6361" running="54" waiting="22" ended="6307" arrived="6307" collisions="0" teleports="0" halting="11" stopped="0" meanWaitingTime="19.78" meanTravelTime="106.14" meanSpeed="6.49" meanSpeedRelative="0.47" duration="3"/>
    <step time="12000.00" loaded="6558" inserted="6549" running="62" waiting="9" ended="6487" arrived="6487" collisions="0" teleports="0" halting="14" stopped="0" meanWaitingTime="19.85" meanTravelTime="106.21" meanSpeed="4.50" meanSpeedRelative="0.32" duration="3"/>
    <step time="12300.00" loaded="6728" inserted="6727" running="61" waiting="1" ended="6666" arrived="6666" collisions="0" teleports="0" halting="23" stopped="0" meanWaitingTime="19.63" meanTravelTime="106.41" meanSpeed="5.87" meanSpeedRelative="0.42" duration="2"/>
    <step time="12600.00" loaded="6899" inserted="6879" running="60" waiting="20" ended="6819" arrived="6819" collisions="0" teleports="0" halting="27" stopped="0" meanWaitingTime="19.44" meanTravelTime="106.60" meanSpeed="3.77" meanSpeedRelative="0.27" duration="1"/>
    <step time="12900.00" loaded="7064" inserted="7051" running="58" waiting="13" ended="6993" arrived="6993" collisions="0" teleports="0" halting="27" stopped="0" meanWaitingTime="19.66" meanTravelTime="106.71" meanSpeed="4.32" meanSpeedRelative="0.31" duration="2"/>
    <step time="13200.00" loaded="7237" inserted="7216" running="73" waiting="21" ended="7143" arrived="7143" collisions="0" teleports="0" halting="27" stopped="0" meanWaitingTime="19.72" meanTravelTime="106.72" meanSpeed="4.79" meanSpeedRelative="0.35" duration="1"/>
    <step time="13500.00" loaded="7417" inserted="7400" running="67" waiting="17" ended="7333" arrived="7333" collisions="0" teleports="0" halting="25" stopped="0" meanWaitingTime="19.75" meanTravelTime="106.85" meanSpeed="4.79" meanSpeedRelative="0.35" duration="1"/>
    <step time="13800.00" loaded="7609" inserted="7591" running="74" waiting="18" ended="7517" arrived="7517" collisions="0" teleports="0" halting="28" stopped="0" meanWaitingTime="20.01" meanTravelTime="106.95" meanSpeed="5.45" meanSpeedRelative="0.39" duration="3"/>
    <step time="14100.00" loaded="7768" inserted="7764" running="65" waiting="4" ended="7699" arrived="7699" collisions="0" teleports="0" halting="19" stopped="0" meanWaitingTime="20.06" meanTravelTime="107.40" meanSpeed="5.30" meanSpeedRelative="0.38" duration="4"/>
    <step time="14400.00" loaded="7907" inserted="7896" running="52" waiting="11" ended="7844" arrived="7844" collisions="0" teleports="0" halting="16" stopped="0" meanWaitingTime="20.22" meanTravelTime="107.35" meanSpeed="6.11" meanSpeedRelative="0.44" duration="2"/>
    <step time="14700.00" loaded="8102" inserted="8087" running="63" waiting="15" ended="8024" arrived="8024" collisions="0" teleports="0" halting="21" stopped="0" meanWaitingTime="20.18" meanTravelTime="107.06" meanSpeed="5.32" meanSpeedRelative="0.38" duration="3"/>
    <step time="15000.00" loaded="8261" inserted="8256" running="111" waiting="5" ended="8145" arrived="8145" collisions="0" teleports="0" halting="24" stopped="0" meanWaitingTime="19.97" meanTravelTime="107.28" meanSpeed="5.02" meanSpeedRelative="0.36" duration="6"/>
    <step time="15300.00" loaded="8421" inserted="8386" running="55" waiting="35" ended="8331" arrived="8331" collisions="0" teleports="0" halting="15" stopped="0" meanWaitingTime="20.14" meanTravelTime="108.44" meanSpeed="6.02" meanSpeedRelative="0.43" duration="3"/>
    <step time="15600.00" loaded="8589" inserted="8579" running="69" waiting="10" ended="8510" arrived="8510" collisions="0" teleports="0" halting="20" stopped="0" meanWaitingTime="20.89" meanTravelTime="107.95" meanSpeed="5.87" meanSpeedRelative="0.42" duration="2"/>
    <step time="15900.00" loaded="8781" inserted="8771" running="93" waiting="10" ended="8678" arrived="8678" collisions="0" teleports="0" halting="34" stopped="0" meanWaitingTime="21.16" meanTravelTime="107.79" meanSpeed="3.99" meanSpeedRelative="0.29" duration="3"/>
    <step time="16200.00" loaded="8968" inserted="8935" running="60" waiting="33" ended="8875" arrived="8875" collisions="0" teleports="0" halting="21" stopped="0" meanWaitingTime="21.33" meanTravelTime="108.41" meanSpeed="5.07" meanSpeedRelative="0.37" duration="3"/>
    <step time="16500.00" loaded="9132" inserted="9118" running="63" waiting="14" ended="9055" arrived="9055" collisions="0" teleports="0" halting="23" stopped="0" meanWaitingTime="21.91" meanTravelTime="108.40" meanSpeed="5.87" meanSpeedRelative="0.42" duration="3"/>
    <step time="16800.00" loaded="9317" inserted="9277" running="63" waiting="40" ended="9214" arrived="9214" collisions="0" teleports="0" halting="10" stopped="0" meanWaitingTime="22.20" meanTravelTime="108.51" meanSpeed="6.27" meanSpeedRelative="0.45" duration="2"/>
    <step time="17100.00" loaded="9487" inserted="9457" running="81" waiting="30" ended="9376" arrived="9376" collisions="0" teleports="0" halting="26" stopped="0" meanWaitingTime="22.98" meanTravelTime="108.52" meanSpeed="4.65" meanSpeedRelative="0.33" duration="4"/>
    <step time="17400.00" loaded="9667" inserted="9642" running="71" waiting="25" ended="9571" arrived="9571" collisions="0" teleports="0" halting="30" stopped="0" meanWaitingTime="23.63" meanTravelTime="109.05" meanSpeed="3.77" meanSpeedRelative="0.27" duration="1"/>
    <step time="17700.00" loaded="9842" inserted="9814" running="71" waiting="28" ended="9743" arrived="9743" collisions="0" teleports="0" halting="19" stopped="0" meanWaitingTime="24.01" meanTravelTime="109.22" meanSpeed="5.41" meanSpeedRelative="0.39" duration="3"/>
    <step time="18000.00" loaded="10004" inserted="9983" running="66" waiting="21" ended="9917" arrived="9917" collisions="0" teleports="0" halting="26" stopped="0" meanWaitingTime="24.49" meanTravelTime="109.53" meanSpeed="5.03" meanSpeedRelative="0.36" duration="3"/>
    <step time="18300.00" loaded="10188" inserted="10154" running="56" waiting="34" ended="10098" arrived="10098" collisions="0" teleports="0" halting="31" stopped="0" meanWaitingTime="24.70" meanTravelTime="109.75" meanSpeed="3.92" meanSpeedRelative="0.28" duration="2"/>
    <step time="18600.00" loaded="10347" inserted="10312" running="56" waiting="35" ended="10256" arrived="10256" collisions="0" teleports="0" halting="20" stopped="0" meanWaitingTime="25.34" meanTravelTime="109.89" meanSpeed="5.01" meanSpeedRelative="0.36" duration="2"/>
    <step time="18900.00" loaded="10532" inserted="10497" running="64" waiting="35" ended="10433" arrived="10433" collisions="0" teleports="0" halting="9" stopped="0" meanWaitingTime="25.81" meanTravelTime="109.71" meanSpeed="6.70" meanSpeedRelative="0.48" duration="2"/>
    <step time="19200.00" loaded="10706" inserted="10680" running="64" waiting="26" ended="10616" arrived="10616" collisions="0" teleports="0" halting="38" stopped="0" meanWaitingTime="26.15" meanTravelTime="109.44" meanSpeed="3.43" meanSpeedRelative="0.25" duration="2"/>
    <step time="19500.00" loaded="10916" inserted="10892" running="95" waiting="24" ended="10797" arrived="10797" collisions="0" teleports="0" halting="33" stopped="0" meanWaitingTime="26.44" meanTravelTime="109.60" meanSpeed="3.18" meanSpeedRelative="0.23" duration="3"/>
    <step time="19800.00" loaded="11092" inserted="11061" running="61" waiting="31" ended="11000" arrived="11000" collisions="0" teleports="0" halting="24" stopped="0" meanWaitingTime="26.74" meanTravelTime="109.75" meanSpeed="4.94" meanSpeedRelative="0.36" duration="2"/>
    <step time="20100.00" loaded="11288" inserted="11256" running="74" waiting="32" ended="11182" arrived="11182" collisions="0" teleports="0" halting="19" stopped="0" meanWaitingTime="27.18" meanTravelTime="109.70" meanSpeed="6.06" meanSpeedRelative="0.44" duration="4"/>
    <step time="20400.00" loaded="11454" inserted="11413" running="76" waiting="41" ended="11337" arrived="11337" collisions="0" teleports="0" halting="16" stopped="0" meanWaitingTime="27.77" meanTravelTime="109.67" meanSpeed="4.90" meanSpeedRelative="0.35" duration="3"/>
    <step time="20700.00" loaded="11628" inserted="11585" running="89" waiting="43" ended="11496" arrived="11496" collisions="0" teleports="0" halting="25" stopped="0" meanWaitingTime="28.35" meanTravelTime="109.85" meanSpeed="4.52" meanSpeedRelative="0.33" duration="2"/>
    <step time="21000.00" loaded="11811" inserted="11765" running="72" waiting="46" ended="11693" arrived="11693" collisions="0" teleports="0" halting="38" stopped="0" meanWaitingTime="29.16" meanTravelTime="110.26" meanSpeed="2.93" meanSpeedRelative="0.21" duration="4"/>
    <step time="21300.00" loaded="11968" inserted="11930" running="67" waiting="38" ended="11863" arrived="11863" collisions="0" teleports="0" halting="13" stopped="0" meanWaitingTime="29.96" meanTravelTime="110.38" meanSpeed="5.71" meanSpeedRelative="0.41" duration="2"/>
    <step time="21600.00" loaded="12195" inserted="12163" running="104" waiting="32" ended="12059" arrived="12059" collisions="0" teleports="0" halting="13" stopped="0" meanWaitingTime="30.57" meanTravelTime="110.38" meanSpeed="5.99" meanSpeedRelative="0.43" duration="5"/>
    <step time="21900.00" loaded="12381" inserted="12354" running="76" waiting="27" ended="12278" arrived="12278" collisions="0" teleports="0" halting="36" stopped="0" meanWaitingTime="30.64" meanTravelTime="110.67" meanSpeed="4.62" meanSpeedRelative="0.33" duration="2"/>
    <step time="22200.00" loaded="12573" inserted="12543" running="57" waiting="30" ended="12486" arrived="12486" collisions="0" teleports="0" halting="9" stopped="0" meanWaitingTime="30.89" meanTravelTime="110.49" meanSpeed="6.24" meanSpeedRelative="0.45" duration="3"/>
    <step time="22500.00" loaded="12751" inserted="12702" running="46" waiting="49" ended="12656" arrived="12656" collisions="0" teleports="0" halting="8" stopped="0" meanWaitingTime="31.09" meanTravelTime="110.38" meanSpeed="5.66" meanSpeedRelative="0.41" duration="2"/>
    <step time="22800.00" loaded="12946" inserted="12933" running="94" waiting="13" ended="12839" arrived="12839" collisions="0" teleports="0" halting="47" stopped="0" meanWaitingTime="31.41" meanTravelTime="110.26" meanSpeed="2.81" meanSpeedRelative="0.20" duration="2"/>
    <step time="23100.00" loaded="13133" inserted="13116" running="103" waiting="17" ended="13013" arrived="13013" collisions="0" teleports="0" halting="50" stopped="0" meanWaitingTime="31.41" meanTravelTime="110.63" meanSpeed="3.68" meanSpeedRelative="0.26" duration="5"/>
    <step time="23400.00" loaded="13321" inserted="13294" running="68" waiting="27" ended="13226" arrived="13226" collisions="0" teleports="0" halting="18" stopped="0" meanWaitingTime="31.48" meanTravelTime="111.08" meanSpeed="5.06" meanSpeedRelative="0.36" duration="2"/>
    <step time="23700.00" loaded="13549" inserted="13506" running="71" waiting="43" ended="13435" arrived="13435" collisions="0" teleports="0" halting="35" stopped="0" meanWaitingTime="31.56" meanTravelTime="110.81" meanSpeed="3.59" meanSpeedRelative="0.26" duration="2"/>
    <step time="24000.00" loaded="13725" inserted="13688" running="63" waiting="37" ended="13625" arrived="13625" collisions="0" teleports="0" halting="13" stopped="0" meanWaitingTime="31.89" meanTravelTime="110.61" meanSpeed="4.73" meanSpeedRelative="0.34" duration="2"/>
    <step time="24300.00" loaded="13935" inserted="13898" running="95" waiting="37" ended="13803" arrived="13803" collisions="0" teleports="0" halting="46" stopped="0" meanWaitingTime="32.22" meanTravelTime="110.75" meanSpeed="3.16" meanSpeedRelative="0.23" duration="2"/>
    <step time="24600.00" loaded="14159" inserted="14120" running="106" waiting="39" ended="14014" arrived="14014" collisions="0" teleports="0" halting="65" stopped="0" meanWaitingTime="32.46" meanTravelTime="110.92" meanSpeed="2.59" meanSpeedRelative="0.19" duration="2"/>
    <step time="24900.00" loaded="14373" inserted="14338" running="95" waiting="35" ended="14243" arrived="14243" collisions="0" teleports="0" halting="28" stopped="0" meanWaitingTime="32.86" meanTravelTime="111.52" meanSpeed="4.23" meanSpeedRelative="0.30" duration="2"/>
    <step time="25200.00" loaded="14568" inserted="14524" running="66" waiting="44" ended="14458" arrived="14458" collisions="0" teleports="0" halting="22" stopped="0" meanWaitingTime="32.97" meanTravelTime="111.68" meanSpeed="4.94" meanSpeedRelative="0.36" duration="2"/>
    <step time="25500.00" loaded="14745" inserted="14724" running="67" waiting="21" ended="14657" arrived="14657" collisions="0" teleports="0" halting="29" stopped="0" meanWaitingTime="33.25" meanTravelTime="111.81" meanSpeed="3.69" meanSpeedRelative="0.27" duration="2"/>
    <step time="25800.00" loaded="14977" inserted="14946" running="67" waiting="31" ended="14879" arrived="14879" collisions="0" teleports="0" halting="26" stopped="0" meanWaitingTime="33.18" meanTravelTime="111.73" meanSpeed="4.27" meanSpeedRelative="0.31" duration="2"/>
    <step time="26100.00" loaded="15187" inserted="15158" running="73" waiting="29" ended="15085" arrived="15085" collisions="0" teleports="0" halting="30" stopped="0" meanWaitingTime="33.36" meanTravelTime="111.69" meanSpeed="3.88" meanSpeedRelative="0.28" duration="2"/>
    <step time="26400.00" loaded="15378" inserted="15339" running="76" waiting="39" ended="15263" arrived="15263" collisions="0" teleports="0" halting="37" stopped="0" meanWaitingTime="33.57" meanTravelTime="111.58" meanSpeed="3.15" meanSpeedRelative="0.23" duration="2"/>
    <step time="26700.00" loaded="15592" inserted="15561" running="121" waiting="31" ended="15440" arrived="15440" collisions="0" teleports="0" halting="46" stopped="0" meanWaitingTime="33.93" meanTravelTime="111.62" meanSpeed="3.65" meanSpeedRelative="0.26" duration="4"/>
    <step time="27000.00" loaded="15810" inserted="15776" running="101" waiting="34" ended="15675" arrived="15675" collisions="0" teleports="0" halting="29" stopped="0" meanWaitingTime="34.20" meanTravelTime="112.07" meanSpeed="5.27" meanSpeedRelative="0.38" duration="5"/>
    <step time="27300.00" loaded="16032" inserted="15995" running="90" waiting="37" ended="15905" arrived="15905" collisions="0" teleports="0" halting="39" stopped="0" meanWaitingTime="34.42" meanTravelTime="112.02" meanSpeed="4.17" meanSpeedRelative="0.30" duration="2"/>
    <step time="27600.00" loaded="16228" inserted="16186" running="73" waiting="42" ended="16113" arrived="16113" collisions="0" teleports="0" halting="43" stopped="0" meanWaitingTime="34.63" meanTravelTime="112.01" meanSpeed="2.76" meanSpeedRelative="0.20" duration="2"/>
    <step time="27900.00" loaded="16435" inserted="16401" running="70" waiting="34" ended="16331" arrived="16331" collisions="0" teleports="0" halting="19" stopped="0" meanWaitingTime="34.91" meanTravelTime="111.87" meanSpeed="5.36" meanSpeedRelative="0.39" duration="4"/>
    <step time="28200.00" loaded="16658" inserted="16635" running="77" waiting="23" ended="16558" arrived="16558" collisions="0" teleports="0" halting="17" stopped="0" meanWaitingTime="35.13" meanTravelTime="111.74" meanSpeed="5.27" meanSpeedRelative="0.38" duration="2"/>
    <step time="28500.00" loaded="16861" inserted="16831" running="74" waiting="30" ended="16757" arrived="16757" collisions="0" teleports="0" halting="23" stopped="0" meanWaitingTime="35.18" meanTravelTime="111.85" meanSpeed="5.07" meanSpeedRelative="0.37" duration="1"/>
    <step time="28800.00" loaded="17075" inserted="17043" running="70" waiting="32" ended="16973" arrived="16973" collisions="0" teleports="0" halting="15" stopped="0" meanWaitingTime="35.18" meanTravelTime="111.92" meanSpeed="5.17" meanSpeedRelative="0.37" duration="2"/>
    <step time="29100.00" loaded="17300" inserted="17262" running="86" waiting="38" ended="17176" arrived="17176" collisions="0" teleports="0" halting="39" stopped="0" meanWaitingTime="35.18" meanTravelTime="112.06" meanSpeed="2.93" meanSpeedRelative="0.21" duration="2"/>
    <step time="29400.00" loaded="17504" inserted="17452" running="92" waiting="52" ended="17360" arrived="17360" collisions="0" teleports="0" halting="29" stopped="0" meanWaitingTime="35.40" meanTravelTime="112.26" meanSpeed="4.41" meanSpeedRelative="0.32" duration="4"/>
    <step time="29700.00" loaded="17685" inserted="17647" running="76" waiting="38" ended="17571" arrived="17571" collisions="0" teleports="0" halting="17" stopped="0" meanWaitingTime="35.62" meanTravelTime="112.64" meanSpeed="4.84" meanSpeedRelative="0.35" duration="2"/>
    <step time="30000.00" loaded="17858" inserted="17826" running="65" waiting="32" ended="17761" arrived="17761" collisions="0" teleports="0" halting="17" stopped="0" meanWaitingTime="35.87" meanTravelTime="112.82" meanSpeed="4.68" meanSpeedRelative="0.34" duration="2"/>
    <step time="30300.00" loaded="18057" inserted="18018" running="73" waiting="39" ended="17945" arrived="17945" collisions="0" teleports="0" halting="32" stopped="0" meanWaitingTime="36.16" meanTravelTime="112.82" meanSpeed="4.12" meanSpeedRelative="0.30" duration="3"/>
    <step time="30600.00" loaded="18272" inserted="18228" running="87" waiting="44" ended="18141" arrived="18141" collisions="0" teleports="0" halting="35" stopped="0" meanWaitingTime="36.41" meanTravelTime="112.83" meanSpeed="5.03" meanSpeedRelative="0.36" duration="4"/>
    <step time="30900.00" loaded="18491" inserted="18437" running="88" waiting="54" ended="18349" arrived="18349" collisions="0" teleports="0" halting="23" stopped="0" meanWaitingTime="36.67" meanTravelTime="112.87" meanSpeed="4.13" meanSpeedRelative="0.30" duration="5"/>
    <step time="31200.00" loaded="18662" inserted="18613" running="109" waiting="49" ended="18504" arrived="18504" collisions="0" teleports="0" halting="20" stopped="0" meanWaitingTime="36.88" meanTravelTime="112.90" meanSpeed="4.68" meanSpeedRelative="0.34" duration="2"/>
    <step time="31500.00" loaded="18840" inserted="18796" running="91" waiting="44" ended="18705" arrived="18705" collisions="0" teleports="0" halting="32" stopped="0" meanWaitingTime="37.18" meanTravelTime="113.71" meanSpeed="3.86" meanSpeedRelative="0.28" duration="3"/>
    <step time="31800.00" loaded="18995" inserted="18962" running="89" waiting="33" ended="18873" arrived="18873" collisions="0" teleports="0" halting="20" stopped="0" meanWaitingTime="37.54" meanTravelTime="114.18" meanSpeed="4.30" meanSpeedRelative="0.31" duration="4"/>
    <step time="32100.00" loaded="19174" inserted="19132" running="61" waiting="42" ended="19071" arrived="19071" collisions="0" teleports="0" halting="20" stopped="0" meanWaitingTime="37.87" meanTravelTime="114.33" meanSpeed="5.18" meanSpeedRelative="0.37" duration="1"/>
    <step time="32400.00" loaded="19340" inserted="19298" running="59" waiting="42" ended="19239" arrived="19239" collisions="0" teleports="0" halting="19" stopped="0" meanWaitingTime="38.09" meanTravelTime="114.30" meanSpeed="6.07" meanSpeedRelative="0.44" duration="3"/>
    <step time="32700.00" loaded="19517" inserted="19477" running="74" waiting="40" ended="19403" arrived="19403" collisions="0" teleports="0" halting="17" stopped="0" meanWaitingTime="38.27" meanTravelTime="114.13" meanSpeed="4.93" meanSpeedRelative="0.35" duration="1"/>
    <step time="33000.00" loaded="19684" inserted="19653" running="87" waiting="31" ended="19566" arrived="19566" collisions="0" teleports="0" halting="32" stopped="0" meanWaitingTime="38.52" meanTravelTime="114.46" meanSpeed="3.75" meanSpeedRelative="0.27" duration="2"/>
    <step time="33300.00" loaded="19816" inserted="19802" running="89" waiting="14" ended="19713" arrived="19713" collisions="0" teleports="0" halting="28" stopped="0" meanWaitingTime="38.67" meanTravelTime="114.92" meanSpeed="3.70" meanSpeedRelative="0.28" duration="2"/>
    <step time="33600.00" loaded="20011" inserted="19993" running="58" waiting="18" ended="19935" arrived="19935" collisions="0" teleports="0" halting="25" stopped="0" meanWaitingTime="38.59" meanTravelTime="115.04" meanSpeed="4.70" meanSpeedRelative="0.34" duration="1"/>
    <step time="33900.00" loaded="20165" inserted="20147" running="57" waiting="18" ended="20090" arrived="20090" collisions="0" teleports="0" halting="19" stopped="0" meanWaitingTime="38.51" meanTravelTime="114.97" meanSpeed="4.43" meanSpeedRelative="0.32" duration="3"/>
    <step time="34200.00" loaded="20321" inserted="20296" running="59" waiting="25" ended="20237" arrived="20237" collisions="0" teleports="0" halting="14" stopped="0" meanWaitingTime="38.47" meanTravelTime="115.07" meanSpeed="5.36" meanSpeedRelative="0.39" duration="2"/>
    <step time="34500.00" loaded="20494" inserted="20469" running="98" waiting="25" ended="20371" arrived="20371" collisions="0" teleports="0" halting="37" stopped="0" meanWaitingTime="38.57" meanTravelTime="115.11" meanSpeed="4.83" meanSpeedRelative="0.35" duration="4"/>
    <step time="34800.00" loaded="20648" inserted="20619" running="53" waiting="29" ended="20566" arrived="20566" collisions="0" teleports="0" halting="19" stopped="0" meanWaitingTime="38.73" meanTravelTime="115.30" meanSpeed="3.80" meanSpeedRelative="0.27" duration="2"/>
    <step time="35100.00" loaded="20785" inserted="20772" running="61" waiting="13" ended="20711" arrived="20711" collisions="0" teleports="0" halting="10" stopped="0" meanWaitingTime="38.84" meanTravelTime="115.18" meanSpeed="6.02" meanSpeedRelative="0.43" duration="2"/>
    <step time="35400.00" loaded="20926" inserted="20916" running="52" waiting="10" ended="20864" arrived="20864" collisions="0" teleports="0" halting="8" stopped="0" meanWaitingTime="38.65" meanTravelTime="115.10" meanSpeed="4.61" meanSpeedRelative="0.33" duration="3"/>
    <step time="35700.00" loaded="21068" inserted="21061" running="64" waiting="7" ended="20997" arrived="20997" collisions="0" teleports="0" halting="37" stopped="0" meanWaitingTime="38.55" meanTravelTime="115.20" meanSpeed="3.17" meanSpeedRelative="0.23" duration="3"/>
    <step time="36000.00" loaded="21224" inserted="21219" running="47" waiting="5" ended="21172" arrived="21172" collisions="0" teleports="0" halting="8" stopped="0" meanWaitingTime="38.41" meanTravelTime="115.16" meanSpeed="5.60" meanSpeedRelative="0.40" duration="1"/>
    <step time="36300.00" loaded="21401" inserted="21384" running="59" waiting="17" ended="21325" arrived="21325" collisions="0" teleports="0" halting="40" stopped="0" meanWaitingTime="38.26" meanTravelTime="114.99" meanSpeed="2.60" meanSpeedRelative="0.19" duration="2"/>
    <step time="36600.00" loaded="21549" inserted="21539" running="57" waiting="10" ended="21482" arrived="21482" collisions="0" teleports="0" halting="8" stopped="0" meanWaitingTime="38.16" meanTravelTime="115.03" meanSpeed="5.09" meanSpeedRelative="0.37" duration="1"/>
    <step time="36900.00" loaded="21687" inserted="21667" running="41" waiting="20" ended="21626" arrived="21626" collisions="0" teleports="0" halting="12" stopped="0" meanWaitingTime="38.01" meanTravelTime="115.02" meanSpeed="6.75" meanSpeedRelative="0.49" duration="1"/>
    <step time="37200.00" loaded="21810" inserted="21786" running="37" waiting="24" ended="21749" arrived="21749" collisions="0" teleports="0" halting="15" stopped="0" meanWaitingTime="37.99" meanTravelTime="114.95" meanSpeed="4.60" meanSpeedRelative="0.33" duration="1"/>
    <step time="37500.00" loaded="21950" inserted="21913" running="50" waiting="37" ended="21863" arrived="21863" collisions="0" teleports="0" halting="10" stopped="0" meanWaitingTime="38.15" meanTravelTime="114.95" meanSpeed="6.38" meanSpeedRelative="0.46" duration="3"/>
    <step time="37800.00" loaded="22103" inserted="22063" running="52" waiting="40" ended="22011" arrived="22011" collisions="0" teleports="0" halting="21" stopped="0" meanWaitingTime="38.41" meanTravelTime="114.91" meanSpeed="4.45" meanSpeedRelative="0.32" duration="2"/>
    <step time="38100.00" loaded="22247" inserted="22204" running="58" waiting="43" ended="22146" arrived="22146" collisions="0" teleports="0" halting="16" stopped="0" meanWaitingTime="38.61" meanTravelTime="114.86" meanSpeed="4.62" meanSpeedRelative="0.33" duration="2"/>
    <step time="38400.00" loaded="22373" inserted="22344" running="58" waiting="29" ended="22286" arrived="22286" collisions="0" teleports="0" halting="30" stopped="0" meanWaitingTime="38.91" meanTravelTime="114.96" meanSpeed="3.80" meanSpeedRelative="0.27" duration="3"/>
    <step time="38700.00" loaded="22474" inserted="22460" running="64" waiting="14" ended="22396" arrived="22396" collisions="0" teleports="0" halting="39" stopped="0" meanWaitingTime="39.05" meanTravelTime="115.00" meanSpeed="2.91" meanSpeedRelative="0.21" duration="3"/>
    <step time="39000.00" loaded="22579" inserted="22544" running="56" waiting="35" ended="22488" arrived="22488" collisions="0" teleports="0" halting="7" stopped="0" meanWaitingTime="39.21" meanTravelTime="115.22" meanSpeed="5.33" meanSpeedRelative="0.38" duration="3"/>
    <step time="39300.00" loaded="22706" inserted="22663" running="52" waiting="43" ended="22611" arrived="22611" collisions="0" teleports="0" halting="27" stopped="0" meanWaitingTime="39.49" meanTravelTime="115.48" meanSpeed="2.91" meanSpeedRelative="0.21" duration="2"/>
    <step time="39600.00" loaded="22818" inserted="22779" running="30" waiting="39" ended="22749" arrived="22749" collisions="0" teleports="0" halting="13" stopped="0" meanWaitingTime="39.72" meanTravelTime="115.56" meanSpeed="4.86" meanSpeedRelative="0.35" duration="2"/>
    <step time="39900.00" loaded="22938" inserted="22912" running="66" waiting="26" ended="22846" arrived="22846" collisions="0" teleports="0" halting="46" stopped="0" meanWaitingTime="40.01" meanTravelTime="115.47" meanSpeed="2.29" meanSpeedRelative="0.16" duration="3"/>
    <step time="40200.00" loaded="23028" inserted="23011" running="43" waiting="17" ended="22968" arrived="22968" collisions="0" teleports="0" halting="21" stopped="0" meanWaitingTime="40.22" meanTravelTime="115.71" meanSpeed="3.42" meanSpeedRelative="0.25" duration="1"/>
    <step time="40500.00" loaded="23127" inserted="23104" running="39" waiting="23" ended="23065" arrived="23065" collisions="0" teleports="0" halting="10" stopped="0" meanWaitingTime="40.29" meanTravelTime="115.84" meanSpeed="5.70" meanSpeedRelative="0.41" duration="1"/>
    <step time="40800.00" loaded="23236" inserted="23205" running="38" waiting="31" ended="23167" arrived="23167" collisions="0" teleports="0" halting="18" stopped="0" meanWaitingTime="40.54" meanTravelTime="115.78" meanSpeed="4.53" meanSpeedRelative="0.33" duration="2"/>
    <step time="41100.00" loaded="23322" inserted="23299" running="48" waiting="23" ended="23251" arrived="23251" collisions="0" teleports="0" halting="19" stopped="0" meanWaitingTime="40.71" meanTravelTime="115.83" meanSpeed="3.91" meanSpeedRelative="0.28" duration="1"/>
    <step time="41400.00" loaded="23386" inserted="23375" running="19" waiting="11" ended="23356" arrived="23356" collisions="0" teleports="0" halting="14" stopped="0" meanWaitingTime="40.79" meanTravelTime="116.01" meanSpeed="2.52" meanSpeedRelative="0.18" duration="1"/>
    <step time="41700.00" loaded="23486" inserted="23460" running="45" waiting="26" ended="23415" arrived="23415" collisions="0" teleports="0" halting="18" stopped="0" meanWaitingTime="40.92" meanTravelTime="116.03" meanSpeed="5.03" meanSpeedRelative="0.36" duration="1"/>
    <step time="42000.00" loaded="23567" inserted="23538" running="18" waiting="29" ended="23520" arrived="23520" collisions="0" teleports="0" halting="9" stopped="0" meanWaitingTime="41.11" meanTravelTime="116.06" meanSpeed="4.99" meanSpeedRelative="0.36" duration="2"/>
    <step time="42300.00" loaded="23674" inserted="23649" running="51" waiting="25" ended="23598" arrived="23598" collisions="0" teleports="0" halting="10" stopped="0" meanWaitingTime="41.34" meanTravelTime="115.96" meanSpeed="5.78" meanSpeedRelative="0.44" duration="1"/>
    <step time="42600.00" loaded="23786" inserted="23750" running="51" waiting="36" ended="23699" arrived="23699" collisions="0" teleports="0" halting="7" stopped="0" meanWaitingTime="41.55" meanTravelTime="115.96" meanSpeed="6.75" meanSpeedRelative="0.49" duration="2"/>
    <step time="42900.00" loaded="23886" inserted="23862" running="57" waiting="24" ended="23805" arrived="23805" collisions="0" teleports="0" halting="24" stopped="0" meanWaitingTime="41.82" meanTravelTime="116.15" meanSpeed="4.21" meanSpeedRelative="0.30" duration="1"/>
    <step time="43200.00" loaded="23986" inserted="23951" running="25" waiting="35" ended="23926" arrived="23926" collisions="0" teleports="0" halting="7" stopped="0" meanWaitingTime="41.95" meanTravelTime="116.37" meanSpeed="5.96" meanSpeedRelative="0.43" duration="1"/>
    <step time="43500.00" loaded="24065" inserted="24054" running="52" waiting="11" ended="24002" arrived="24002" collisions="0" teleports="0" halting="11" stopped="0" meanWaitingTime="42.07" meanTravelTime="116.33" meanSpeed="5.47" meanSpeedRelative="0.39" duration="3"/>
    <step time="43800.00" loaded="24166" inserted="24149" running="42" waiting="17" ended="24107" arrived="24107" collisions="0" teleports="0" halting="21" stopped="0" meanWaitingTime="42.12" meanTravelTime="116.34" meanSpeed="4.15" meanSpeedRelative="0.30" duration="1"/>
    <step time="44100.00" loaded="24270" inserted="24240" running="42" waiting="30" ended="24198" arrived="24198" collisions="0" teleports="0" halting="27" stopped="0" meanWaitingTime="42.14" meanTravelTime="116.37" meanSpeed="3.26" meanSpeedRelative="0.23" duration="2"/>
    <step time="44400.00" loaded="24380" inserted="24345" running="67" waiting="35" ended="24278" arrived="24278" collisions="0" teleports="0" halting="52" stopped="0" meanWaitingTime="42.39" meanTravelTime="116.32" meanSpeed="1.17" meanSpeedRelative="0.08" duration="2"/>
    <step time="44700.00" loaded="24483" inserted="24439" running="44" waiting="44" ended="24395" arrived="24395" collisions="0" teleports="0" halting="12" stopped="0" meanWaitingTime="42.70" meanTravelTime="116.85" meanSpeed="5.58" meanSpeedRelative="0.40" duration="1"/>
    <step time="45000.00" loaded="24587" inserted="24546" running="47" waiting="41" ended="24499" arrived="24499" collisions="0" teleports="0" halting="6" stopped="0" meanWaitingTime="43.03" meanTravelTime="116.94" meanSpeed="5.75" meanSpeedRelative="0.41" duration="2"/>
    <step time="45300.00" loaded="24674" inserted="24650" running="61" waiting="24" ended="24589" arrived="24589" collisions="0" teleports="0" halting="11" stopped="0" meanWaitingTime="43.28" meanTravelTime="117.05" meanSpeed="4.69" meanSpeedRelative="0.34" duration="3"/>
    <step time="45600.00" loaded="24759" inserted="24731" running="43" waiting="28" ended="24688" arrived="24688" collisions="0" teleports="0" halting="32" stopped="0" meanWaitingTime="43.37" meanTravelTime="117.27" meanSpeed="2.97" meanSpeedRelative="0.21" duration="2"/>
    <step time="45900.00" loaded="24845" inserted="24799" running="43" waiting="46" ended="24756" arrived="24756" collisions="0" teleports="0" halting="41" stopped="0" meanWaitingTime="43.58" meanTravelTime="117.30" meanSpeed="0.58" meanSpeedRelative="0.04" duration="2"/>
    <step time="46200.00" loaded="24925" inserted="24878" running="62" waiting="47" ended="24816" arrived="24816" collisions="0" teleports="0" halting="56" stopped="0" meanWaitingTime="43.81" meanTravelTime="117.16" meanSpeed="0.69" meanSpeedRelative="0.05" duration="2"/>
    <step time="46500.00" loaded="24973" inserted="24973" running="87" waiting="0" ended="24886" arrived="24886" collisions="0" teleports="0" halting="86" stopped="0" meanWaitingTime="44.13" meanTravelTime="117.01" meanSpeed="0.17" meanSpeedRelative="0.01" duration="3"/>
    <step time="46800.00" loaded="24993" inserted="24993" running="88" waiting="0" ended="24905" arrived="24905" collisions="0" teleports="0" halting="87" stopped="0" meanWaitingTime="44.10" meanTravelTime="116.96" meanSpeed="0.11" meanSpeedRelative="0.01" duration="2"/>
    <step time="47100.00" loaded="25011" inserted="25011" running="85" waiting="0" ended="24926" arrived="24926" collisions="0" teleports="0" halting="82" stopped="0" meanWaitingTime="44.07" meanTravelTime="116.89" meanSpeed="0.20" meanSpeedRelative="0.01" duration="2"/>
    <step time="47400.00" loaded="25028" inserted="25028" running="85" waiting="0" ended="24943" arrived="24943" collisions="0" teleports="0" halting="85" stopped="0" meanWaitingTime="44.04" meanTravelTime="116.84" meanSpeed="0.00" meanSpeedRelative="0.00" duration="2"/>
    <step time="47700.00" loaded="25042" inserted="25042" running="88" waiting="0" ended="24954" arrived="24954" collisions="0" teleports="0" halting="88" stopped="0" meanWaitingTime="44.01" meanTravelTime="116.81" meanSpeed="0.00" meanSpeedRelative="0.00" duration="3"/>
    <step time="48000.00" loaded="25055" inserted="25055" running="89" waiting="0" ended="24966" arrived="24966" collisions="0" teleports="0" halting="88" stopped="0" meanWaitingTime="43.99" meanTravelTime="116.77" meanSpeed="0.07" meanSpeedRelative="0.00" duration="3"/>
    <step time="48300.00" loaded="25069" inserted="25069" running="89" waiting="0" ended="24980" arrived="24980" collisions="0" teleports="0" halting="88" stopped="0" meanWaitingTime="43.96" meanTravelTime="116.73" meanSpeed="0.04" meanSpeedRelative="0.00" duration="2"/>
    <step time="48600.00" loaded="25085" inserted="25085" running="90" waiting="0" ended="24995" arrived="24995" collisions="0" teleports="0" halting="88" stopped="0" meanWaitingTime="43.94" meanTravelTime="116.67" meanSpeed="0.17" meanSpeedRelative="0.01" duration="3"/>
    <step time="48900.00" loaded="25100" inserted="25100" running="94" waiting="0" ended="25006" arrived="25006" collisions="0" teleports="0" halting="93" stopped="0" meanWaitingTime="43.91" meanTravelTime="116.63" meanSpeed="0.04" meanSpeedRelative="0.00" duration="3"/>
    <step time="49200.00" loaded="25109" inserted="25109" running="88" waiting="0" ended="25021" arrived="25021" collisions="0" teleports="0" halting="88" stopped="0" meanWaitingTime="43.89" meanTravelTime="116.60" meanSpeed="0.00" meanSpeedRelative="0.00" duration="3"/>
</summary>
