<?xml version="1.0" encoding="UTF-8"?>

<!-- generated on 2025-02-28 16:52:15 by Eclipse SUMO GUI Version 1.19.0
<configuration xmlns:xsi="http://www.w3.org/2001/XMLSchema-instance" xsi:noNamespaceSchemaLocation="http://sumo.dlr.de/xsd/sumoConfiguration.xsd">

    <input>
        <net-file value="Network.net.xml"/>
        <route-files value="CarRoutes.rou.xml"/>
        <additional-files value="Sensors.add.xml"/>
    </input>

    <output>
        <emission-output value="logs/Emissions.xml"/>
        <summary-output value="logs/Log_summary.xml"/>
        <summary-output.period value="300"/>
        <tripinfo-output value="logs/TripInfos.xml"/>
    </output>

    <time>
        <begin value="0"/>
        <end value="86400"/>
        <step-length value="0.25"/>
    </time>

    <processing>
        <ignore-junction-blocker value="0.1"/>
        <time-to-teleport value="-1"/>
    </processing>

    <report>
        <verbose value="true"/>
        <no-step-log value="true"/>
    </report>

    <emissions>
        <device.emissions.period value="10"/>
    </emissions>

    <traci_server>
        <remote-port value="57485"/>
    </traci_server>

    <gui_only>
        <quit-on-end value="true"/>
        <start value="true"/>
    </gui_only>

</configuration>
-->

<instantE1 xmlns:xsi="http://www.w3.org/2001/XMLSchema-instance" xsi:noNamespaceSchemaLocation="http://sumo.dlr.de/xsd/instant_e1_file.xsd">
    <instantOut id="235_D11" time="525.04" state="enter" vehID="Car_1336" speed="3.96" length="5.00" type="DEFAULT_CAR"/>
    <instantOut id="235_D11" time="525.25" state="stay" vehID="Car_1336" speed="3.96" length="5.00" type="DEFAULT_CAR"/>
    <instantOut id="235_D11" time="525.50" state="stay" vehID="Car_1336" speed="3.21" length="5.00" type="DEFAULT_CAR"/>
    <instantOut id="235_D11" time="525.75" state="stay" vehID="Car_1336" speed="2.46" length="5.00" type="DEFAULT_CAR"/>
    <instantOut id="235_D11" time="526.00" state="stay" vehID="Car_1336" speed="1.71" length="5.00" type="DEFAULT_CAR"/>
    <instantOut id="235_D11" time="526.25" state="stay" vehID="Car_1336" speed="0.96" length="5.00" type="DEFAULT_CAR"/>
    <instantOut id="235_D11" time="526.50" state="stay" vehID="Car_1336" speed="0.31" length="5.00" type="DEFAULT_CAR"/>
    <instantOut id="235_D11" time="526.75" state="stay" vehID="Car_1336" speed="0.01" length="5.00" type="DEFAULT_CAR"/>
    <instantOut id="235_D11" time="527.00" state="stay" vehID="Car_1336" speed="0.00" length="5.00" type="DEFAULT_CAR"/>
    <instantOut id="235_D11" time="527.25" state="stay" vehID="Car_1336" speed="0.00" length="5.00" type="DEFAULT_CAR"/>
    <instantOut id="235_D11" time="527.50" state="stay" vehID="Car_1336" speed="0.00" length="5.00" type="DEFAULT_CAR"/>
    <instantOut id="235_D11" time="527.75" state="stay" vehID="Car_1336" speed="0.91" length="5.00" type="DEFAULT_CAR"/>
    <instantOut id="235_D11" time="528.00" state="stay" vehID="Car_1336" speed="1.64" length="5.00" type="DEFAULT_CAR"/>
    <instantOut id="235_D11" time="528.25" state="stay" vehID="Car_1336" speed="2.49" length="5.00" type="DEFAULT_CAR"/>
    <instantOut id="235_D11" time="528.49" state="leave" vehID="Car_1336" speed="3.14" length="5.00" type="DEFAULT_CAR" occupancy="3.45"/>
    <instantOut id="235_D11" time="824.03" state="enter" vehID="Car_1343" speed="3.78" length="5.00" type="DEFAULT_CAR" gap="295.53"/>
    <instantOut id="235_D11" time="824.25" state="stay" vehID="Car_1343" speed="3.78" length="5.00" type="DEFAULT_CAR"/>
    <instantOut id="235_D11" time="824.50" state="stay" vehID="Car_1343" speed="3.13" length="5.00" type="DEFAULT_CAR"/>
    <instantOut id="235_D11" time="824.75" state="stay" vehID="Car_1343" speed="2.42" length="5.00" type="DEFAULT_CAR"/>
    <instantOut id="235_D11" time="825.00" state="stay" vehID="Car_1343" speed="1.69" length="5.00" type="DEFAULT_CAR"/>
    <instantOut id="235_D11" time="825.25" state="stay" vehID="Car_1343" speed="0.99" length="5.00" type="DEFAULT_CAR"/>
    <instantOut id="235_D11" time="825.50" state="stay" vehID="Car_1343" speed="0.31" length="5.00" type="DEFAULT_CAR"/>
    <instantOut id="235_D11" time="825.75" state="stay" vehID="Car_1343" speed="0.00" length="5.00" type="DEFAULT_CAR"/>
    <instantOut id="235_D11" time="826.00" state="stay" vehID="Car_1343" speed="0.00" length="5.00" type="DEFAULT_CAR"/>
    <instantOut id="235_D11" time="826.25" state="stay" vehID="Car_1343" speed="0.00" length="5.00" type="DEFAULT_CAR"/>
    <instantOut id="235_D11" time="826.50" state="stay" vehID="Car_1343" speed="0.00" length="5.00" type="DEFAULT_CAR"/>
    <instantOut id="235_D11" time="826.75" state="stay" vehID="Car_1343" speed="0.00" length="5.00" type="DEFAULT_CAR"/>
    <instantOut id="235_D11" time="827.00" state="stay" vehID="Car_1343" speed="0.00" length="5.00" type="DEFAULT_CAR"/>
    <instantOut id="235_D11" time="827.25" state="stay" vehID="Car_1343" speed="0.87" length="5.00" type="DEFAULT_CAR"/>
    <instantOut id="235_D11" time="827.50" state="stay" vehID="Car_1343" speed="1.63" length="5.00" type="DEFAULT_CAR"/>
    <instantOut id="235_D11" time="827.75" state="stay" vehID="Car_1343" speed="2.54" length="5.00" type="DEFAULT_CAR"/>
    <instantOut id="235_D11" time="827.97" state="leave" vehID="Car_1343" speed="3.45" length="5.00" type="DEFAULT_CAR" occupancy="3.94"/>
    <instantOut id="235_D11" time="957.90" state="enter" vehID="Car_1335" speed="4.03" length="5.00" type="DEFAULT_CAR" gap="129.93"/>
    <instantOut id="235_D11" time="958.00" state="stay" vehID="Car_1335" speed="4.03" length="5.00" type="DEFAULT_CAR"/>
    <instantOut id="235_D11" time="958.25" state="stay" vehID="Car_1335" speed="3.47" length="5.00" type="DEFAULT_CAR"/>
    <instantOut id="235_D11" time="958.50" state="stay" vehID="Car_1335" speed="2.72" length="5.00" type="DEFAULT_CAR"/>
    <instantOut id="235_D11" time="958.75" state="stay" vehID="Car_1335" speed="2.12" length="5.00" type="DEFAULT_CAR"/>
    <instantOut id="235_D11" time="959.00" state="stay" vehID="Car_1335" speed="1.37" length="5.00" type="DEFAULT_CAR"/>
    <instantOut id="235_D11" time="959.25" state="stay" vehID="Car_1335" speed="0.66" length="5.00" type="DEFAULT_CAR"/>
    <instantOut id="235_D11" time="959.50" state="stay" vehID="Car_1335" speed="0.00" length="5.00" type="DEFAULT_CAR"/>
    <instantOut id="235_D11" time="959.75" state="stay" vehID="Car_1335" speed="0.00" length="5.00" type="DEFAULT_CAR"/>
    <instantOut id="235_D11" time="960.00" state="stay" vehID="Car_1335" speed="0.00" length="5.00" type="DEFAULT_CAR"/>
    <instantOut id="235_D11" time="960.25" state="stay" vehID="Car_1335" speed="0.00" length="5.00" type="DEFAULT_CAR"/>
    <instantOut id="235_D11" time="960.50" state="stay" vehID="Car_1335" speed="0.00" length="5.00" type="DEFAULT_CAR"/>
    <instantOut id="235_D11" time="960.75" state="stay" vehID="Car_1335" speed="0.00" length="5.00" type="DEFAULT_CAR"/>
    <instantOut id="235_D11" time="961.00" state="stay" vehID="Car_1335" speed="0.00" length="5.00" type="DEFAULT_CAR"/>
    <instantOut id="235_D11" time="961.25" state="stay" vehID="Car_1335" speed="0.00" length="5.00" type="DEFAULT_CAR"/>
    <instantOut id="235_D11" time="961.50" state="stay" vehID="Car_1335" speed="0.00" length="5.00" type="DEFAULT_CAR"/>
    <instantOut id="235_D11" time="961.75" state="stay" vehID="Car_1335" speed="0.00" length="5.00" type="DEFAULT_CAR"/>
    <instantOut id="235_D11" time="962.00" state="stay" vehID="Car_1335" speed="0.00" length="5.00" type="DEFAULT_CAR"/>
    <instantOut id="235_D11" time="962.25" state="stay" vehID="Car_1335" speed="0.00" length="5.00" type="DEFAULT_CAR"/>
    <instantOut id="235_D11" time="962.50" state="stay" vehID="Car_1335" speed="0.00" length="5.00" type="DEFAULT_CAR"/>
    <instantOut id="235_D11" time="962.75" state="stay" vehID="Car_1335" speed="0.00" length="5.00" type="DEFAULT_CAR"/>
    <instantOut id="235_D11" time="963.00" state="stay" vehID="Car_1335" speed="0.00" length="5.00" type="DEFAULT_CAR"/>
    <instantOut id="235_D11" time="963.25" state="stay" vehID="Car_1335" speed="0.00" length="5.00" type="DEFAULT_CAR"/>
    <instantOut id="235_D11" time="963.50" state="stay" vehID="Car_1335" speed="0.00" length="5.00" type="DEFAULT_CAR"/>
    <instantOut id="235_D11" time="963.75" state="stay" vehID="Car_1335" speed="0.00" length="5.00" type="DEFAULT_CAR"/>
    <instantOut id="235_D11" time="964.00" state="stay" vehID="Car_1335" speed="0.00" length="5.00" type="DEFAULT_CAR"/>
    <instantOut id="235_D11" time="964.25" state="stay" vehID="Car_1335" speed="0.00" length="5.00" type="DEFAULT_CAR"/>
    <instantOut id="235_D11" time="964.50" state="stay" vehID="Car_1335" speed="0.00" length="5.00" type="DEFAULT_CAR"/>
    <instantOut id="235_D11" time="964.75" state="stay" vehID="Car_1335" speed="0.00" length="5.00" type="DEFAULT_CAR"/>
    <instantOut id="235_D11" time="965.00" state="stay" vehID="Car_1335" speed="0.00" length="5.00" type="DEFAULT_CAR"/>
    <instantOut id="235_D11" time="965.25" state="stay" vehID="Car_1335" speed="0.00" length="5.00" type="DEFAULT_CAR"/>
    <instantOut id="235_D11" time="965.50" state="stay" vehID="Car_1335" speed="0.00" length="5.00" type="DEFAULT_CAR"/>
    <instantOut id="235_D11" time="965.75" state="stay" vehID="Car_1335" speed="0.00" length="5.00" type="DEFAULT_CAR"/>
    <instantOut id="235_D11" time="966.00" state="stay" vehID="Car_1335" speed="0.00" length="5.00" type="DEFAULT_CAR"/>
    <instantOut id="235_D11" time="966.25" state="stay" vehID="Car_1335" speed="0.00" length="5.00" type="DEFAULT_CAR"/>
    <instantOut id="235_D11" time="966.50" state="stay" vehID="Car_1335" speed="0.00" length="5.00" type="DEFAULT_CAR"/>
    <instantOut id="235_D11" time="966.75" state="stay" vehID="Car_1335" speed="0.00" length="5.00" type="DEFAULT_CAR"/>
    <instantOut id="235_D11" time="967.00" state="stay" vehID="Car_1335" speed="0.00" length="5.00" type="DEFAULT_CAR"/>
    <instantOut id="235_D11" time="967.25" state="stay" vehID="Car_1335" speed="0.00" length="5.00" type="DEFAULT_CAR"/>
    <instantOut id="235_D11" time="967.50" state="stay" vehID="Car_1335" speed="0.00" length="5.00" type="DEFAULT_CAR"/>
    <instantOut id="235_D11" time="967.75" state="stay" vehID="Car_1335" speed="0.89" length="5.00" type="DEFAULT_CAR"/>
    <instantOut id="235_D11" time="968.00" state="stay" vehID="Car_1335" speed="1.73" length="5.00" type="DEFAULT_CAR"/>
    <instantOut id="235_D11" time="968.25" state="stay" vehID="Car_1335" speed="2.55" length="5.00" type="DEFAULT_CAR"/>
    <instantOut id="235_D11" time="968.49" state="leave" vehID="Car_1335" speed="3.08" length="5.00" type="DEFAULT_CAR" occupancy="10.58"/>
    <instantOut id="235_D11" time="2627.95" state="enter" vehID="Car_2289" speed="4.36" length="5.00" type="DEFAULT_CAR" gap="1659.46"/>
    <instantOut id="235_D11" time="2628.00" state="stay" vehID="Car_2289" speed="4.36" length="5.00" type="DEFAULT_CAR"/>
    <instantOut id="235_D11" time="2628.25" state="stay" vehID="Car_2289" speed="3.61" length="5.00" type="DEFAULT_CAR"/>
    <instantOut id="235_D11" time="2628.50" state="stay" vehID="Car_2289" speed="2.86" length="5.00" type="DEFAULT_CAR"/>
    <instantOut id="235_D11" time="2628.75" state="stay" vehID="Car_2289" speed="2.11" length="5.00" type="DEFAULT_CAR"/>
    <instantOut id="235_D11" time="2629.00" state="stay" vehID="Car_2289" speed="1.48" length="5.00" type="DEFAULT_CAR"/>
    <instantOut id="235_D11" time="2629.25" state="stay" vehID="Car_2289" speed="0.73" length="5.00" type="DEFAULT_CAR"/>
    <instantOut id="235_D11" time="2629.50" state="stay" vehID="Car_2289" speed="0.16" length="5.00" type="DEFAULT_CAR"/>
    <instantOut id="235_D11" time="2629.75" state="stay" vehID="Car_2289" speed="0.00" length="5.00" type="DEFAULT_CAR"/>
    <instantOut id="235_D11" time="2630.00" state="stay" vehID="Car_2289" speed="0.00" length="5.00" type="DEFAULT_CAR"/>
    <instantOut id="235_D11" time="2630.25" state="stay" vehID="Car_2289" speed="0.00" length="5.00" type="DEFAULT_CAR"/>
    <instantOut id="235_D11" time="2630.50" state="stay" vehID="Car_2289" speed="0.00" length="5.00" type="DEFAULT_CAR"/>
    <instantOut id="235_D11" time="2630.75" state="stay" vehID="Car_2289" speed="0.00" length="5.00" type="DEFAULT_CAR"/>
    <instantOut id="235_D11" time="2631.00" state="stay" vehID="Car_2289" speed="0.00" length="5.00" type="DEFAULT_CAR"/>
    <instantOut id="235_D11" time="2631.25" state="stay" vehID="Car_2289" speed="0.00" length="5.00" type="DEFAULT_CAR"/>
    <instantOut id="235_D11" time="2631.50" state="stay" vehID="Car_2289" speed="0.00" length="5.00" type="DEFAULT_CAR"/>
    <instantOut id="235_D11" time="2631.75" state="stay" vehID="Car_2289" speed="0.00" length="5.00" type="DEFAULT_CAR"/>
    <instantOut id="235_D11" time="2632.00" state="stay" vehID="Car_2289" speed="0.00" length="5.00" type="DEFAULT_CAR"/>
    <instantOut id="235_D11" time="2632.25" state="stay" vehID="Car_2289" speed="0.00" length="5.00" type="DEFAULT_CAR"/>
    <instantOut id="235_D11" time="2632.50" state="stay" vehID="Car_2289" speed="0.00" length="5.00" type="DEFAULT_CAR"/>
    <instantOut id="235_D11" time="2632.75" state="stay" vehID="Car_2289" speed="0.00" length="5.00" type="DEFAULT_CAR"/>
    <instantOut id="235_D11" time="2633.00" state="stay" vehID="Car_2289" speed="0.00" length="5.00" type="DEFAULT_CAR"/>
    <instantOut id="235_D11" time="2633.25" state="stay" vehID="Car_2289" speed="0.00" length="5.00" type="DEFAULT_CAR"/>
    <instantOut id="235_D11" time="2633.50" state="stay" vehID="Car_2289" speed="0.00" length="5.00" type="DEFAULT_CAR"/>
    <instantOut id="235_D11" time="2633.75" state="stay" vehID="Car_2289" speed="0.00" length="5.00" type="DEFAULT_CAR"/>
    <instantOut id="235_D11" time="2634.00" state="stay" vehID="Car_2289" speed="0.00" length="5.00" type="DEFAULT_CAR"/>
    <instantOut id="235_D11" time="2634.25" state="stay" vehID="Car_2289" speed="0.00" length="5.00" type="DEFAULT_CAR"/>
    <instantOut id="235_D11" time="2634.50" state="stay" vehID="Car_2289" speed="0.00" length="5.00" type="DEFAULT_CAR"/>
    <instantOut id="235_D11" time="2634.75" state="stay" vehID="Car_2289" speed="0.00" length="5.00" type="DEFAULT_CAR"/>
    <instantOut id="235_D11" time="2635.00" state="stay" vehID="Car_2289" speed="0.00" length="5.00" type="DEFAULT_CAR"/>
    <instantOut id="235_D11" time="2635.25" state="stay" vehID="Car_2289" speed="0.00" length="5.00" type="DEFAULT_CAR"/>
    <instantOut id="235_D11" time="2635.50" state="stay" vehID="Car_2289" speed="0.00" length="5.00" type="DEFAULT_CAR"/>
    <instantOut id="235_D11" time="2635.75" state="stay" vehID="Car_2289" speed="0.00" length="5.00" type="DEFAULT_CAR"/>
    <instantOut id="235_D11" time="2636.00" state="stay" vehID="Car_2289" speed="0.00" length="5.00" type="DEFAULT_CAR"/>
    <instantOut id="235_D11" time="2636.25" state="stay" vehID="Car_2289" speed="0.00" length="5.00" type="DEFAULT_CAR"/>
    <instantOut id="235_D11" time="2636.50" state="stay" vehID="Car_2289" speed="0.00" length="5.00" type="DEFAULT_CAR"/>
    <instantOut id="235_D11" time="2636.75" state="stay" vehID="Car_2289" speed="0.00" length="5.00" type="DEFAULT_CAR"/>
    <instantOut id="235_D11" time="2637.00" state="stay" vehID="Car_2289" speed="0.00" length="5.00" type="DEFAULT_CAR"/>
    <instantOut id="235_D11" time="2637.25" state="stay" vehID="Car_2289" speed="0.00" length="5.00" type="DEFAULT_CAR"/>
    <instantOut id="235_D11" time="2637.50" state="stay" vehID="Car_2289" speed="0.00" length="5.00" type="DEFAULT_CAR"/>
    <instantOut id="235_D11" time="2637.75" state="stay" vehID="Car_2289" speed="0.00" length="5.00" type="DEFAULT_CAR"/>
    <instantOut id="235_D11" time="2638.00" state="stay" vehID="Car_2289" speed="0.00" length="5.00" type="DEFAULT_CAR"/>
    <instantOut id="235_D11" time="2638.25" state="stay" vehID="Car_2289" speed="0.00" length="5.00" type="DEFAULT_CAR"/>
    <instantOut id="235_D11" time="2638.50" state="stay" vehID="Car_2289" speed="0.00" length="5.00" type="DEFAULT_CAR"/>
    <instantOut id="235_D11" time="2638.75" state="stay" vehID="Car_2289" speed="0.00" length="5.00" type="DEFAULT_CAR"/>
    <instantOut id="235_D11" time="2639.00" state="stay" vehID="Car_2289" speed="0.00" length="5.00" type="DEFAULT_CAR"/>
    <instantOut id="235_D11" time="2639.25" state="stay" vehID="Car_2289" speed="0.00" length="5.00" type="DEFAULT_CAR"/>
    <instantOut id="235_D11" time="2639.50" state="stay" vehID="Car_2289" speed="0.00" length="5.00" type="DEFAULT_CAR"/>
    <instantOut id="235_D11" time="2639.75" state="stay" vehID="Car_2289" speed="0.00" length="5.00" type="DEFAULT_CAR"/>
    <instantOut id="235_D11" time="2640.00" state="stay" vehID="Car_2289" speed="0.00" length="5.00" type="DEFAULT_CAR"/>
    <instantOut id="235_D11" time="2640.25" state="stay" vehID="Car_2289" speed="0.00" length="5.00" type="DEFAULT_CAR"/>
    <instantOut id="235_D11" time="2640.50" state="stay" vehID="Car_2289" speed="0.00" length="5.00" type="DEFAULT_CAR"/>
    <instantOut id="235_D11" time="2640.75" state="stay" vehID="Car_2289" speed="0.00" length="5.00" type="DEFAULT_CAR"/>
    <instantOut id="235_D11" time="2641.00" state="stay" vehID="Car_2289" speed="0.00" length="5.00" type="DEFAULT_CAR"/>
    <instantOut id="235_D11" time="2641.25" state="stay" vehID="Car_2289" speed="0.86" length="5.00" type="DEFAULT_CAR"/>
    <instantOut id="235_D11" time="2641.50" state="stay" vehID="Car_2289" speed="1.75" length="5.00" type="DEFAULT_CAR"/>
    <instantOut id="235_D11" time="2641.75" state="stay" vehID="Car_2289" speed="2.56" length="5.00" type="DEFAULT_CAR"/>
    <instantOut id="235_D11" time="2641.96" state="leave" vehID="Car_2289" speed="3.39" length="5.00" type="DEFAULT_CAR" occupancy="14.02"/>
    <instantOut id="235_D11" time="9769.96" state="enter" vehID="Car_7369" speed="6.19" length="5.00" type="DEFAULT_CAR" gap="7128.00"/>
    <instantOut id="235_D11" time="9770.00" state="stay" vehID="Car_7369" speed="6.19" length="5.00" type="DEFAULT_CAR"/>
    <instantOut id="235_D11" time="9770.25" state="stay" vehID="Car_7369" speed="7.14" length="5.00" type="DEFAULT_CAR"/>
    <instantOut id="235_D11" time="9770.50" state="stay" vehID="Car_7369" speed="7.92" length="5.00" type="DEFAULT_CAR"/>
    <instantOut id="235_D11" time="9770.61" state="leave" vehID="Car_7369" speed="8.86" length="5.00" type="DEFAULT_CAR" occupancy="0.65"/>
    <instantOut id="235_D11" time="10247.98" state="enter" vehID="Car_7368" speed="4.53" length="5.00" type="DEFAULT_CAR" gap="477.36"/>
    <instantOut id="235_D11" time="10248.00" state="stay" vehID="Car_7368" speed="4.53" length="5.00" type="DEFAULT_CAR"/>
    <instantOut id="235_D11" time="10248.25" state="stay" vehID="Car_7368" speed="3.78" length="5.00" type="DEFAULT_CAR"/>
    <instantOut id="235_D11" time="10248.50" state="stay" vehID="Car_7368" speed="3.03" length="5.00" type="DEFAULT_CAR"/>
    <instantOut id="235_D11" time="10248.75" state="stay" vehID="Car_7368" speed="2.28" length="5.00" type="DEFAULT_CAR"/>
    <instantOut id="235_D11" time="10249.00" state="stay" vehID="Car_7368" speed="1.53" length="5.00" type="DEFAULT_CAR"/>
    <instantOut id="235_D11" time="10249.25" state="stay" vehID="Car_7368" speed="0.78" length="5.00" type="DEFAULT_CAR"/>
    <instantOut id="235_D11" time="10249.50" state="stay" vehID="Car_7368" speed="0.07" length="5.00" type="DEFAULT_CAR"/>
    <instantOut id="235_D11" time="10249.75" state="stay" vehID="Car_7368" speed="0.01" length="5.00" type="DEFAULT_CAR"/>
    <instantOut id="235_D11" time="10250.00" state="stay" vehID="Car_7368" speed="0.00" length="5.00" type="DEFAULT_CAR"/>
    <instantOut id="235_D11" time="10250.25" state="stay" vehID="Car_7368" speed="0.00" length="5.00" type="DEFAULT_CAR"/>
    <instantOut id="235_D11" time="10250.50" state="stay" vehID="Car_7368" speed="0.90" length="5.00" type="DEFAULT_CAR"/>
    <instantOut id="235_D11" time="10250.75" state="stay" vehID="Car_7368" speed="1.65" length="5.00" type="DEFAULT_CAR"/>
    <instantOut id="235_D11" time="10251.00" state="stay" vehID="Car_7368" speed="2.55" length="5.00" type="DEFAULT_CAR"/>
    <instantOut id="235_D11" time="10251.23" state="leave" vehID="Car_7368" speed="3.24" length="5.00" type="DEFAULT_CAR" occupancy="3.25"/>
    <instantOut id="235_D11" time="10358.92" state="enter" vehID="Car_7367" speed="6.23" length="5.00" type="DEFAULT_CAR" gap="107.68"/>
    <instantOut id="235_D11" time="10359.00" state="stay" vehID="Car_7367" speed="6.23" length="5.00" type="DEFAULT_CAR"/>
    <instantOut id="235_D11" time="10359.25" state="stay" vehID="Car_7367" speed="7.18" length="5.00" type="DEFAULT_CAR"/>
    <instantOut id="235_D11" time="10359.50" state="stay" vehID="Car_7367" speed="7.90" length="5.00" type="DEFAULT_CAR"/>
    <instantOut id="235_D11" time="10359.58" state="leave" vehID="Car_7367" speed="8.58" length="5.00" type="DEFAULT_CAR" occupancy="0.67"/>
    <instantOut id="235_D11" time="10523.93" state="enter" vehID="Car_7366" speed="5.82" length="5.00" type="DEFAULT_CAR" gap="164.35"/>
    <instantOut id="235_D11" time="10524.00" state="stay" vehID="Car_7366" speed="5.82" length="5.00" type="DEFAULT_CAR"/>
    <instantOut id="235_D11" time="10524.25" state="stay" vehID="Car_7366" speed="6.77" length="5.00" type="DEFAULT_CAR"/>
    <instantOut id="235_D11" time="10524.50" state="stay" vehID="Car_7366" speed="7.49" length="5.00" type="DEFAULT_CAR"/>
    <instantOut id="235_D11" time="10524.62" state="leave" vehID="Car_7366" speed="8.31" length="5.00" type="DEFAULT_CAR" occupancy="0.69"/>
    <instantOut id="235_D11" time="10662.91" state="enter" vehID="Car_7375" speed="6.00" length="5.00" type="DEFAULT_CAR" gap="138.29"/>
    <instantOut id="235_D11" time="10663.00" state="stay" vehID="Car_7375" speed="6.00" length="5.00" type="DEFAULT_CAR"/>
    <instantOut id="235_D11" time="10663.25" state="stay" vehID="Car_7375" speed="5.75" length="5.00" type="DEFAULT_CAR"/>
    <instantOut id="235_D11" time="10663.50" state="stay" vehID="Car_7375" speed="5.00" length="5.00" type="DEFAULT_CAR"/>
    <instantOut id="235_D11" time="10663.75" state="stay" vehID="Car_7375" speed="4.59" length="5.00" type="DEFAULT_CAR"/>
    <instantOut id="235_D11" time="10663.88" state="leave" vehID="Car_7375" speed="4.99" length="5.00" type="DEFAULT_CAR" occupancy="0.97"/>
    <instantOut id="235_D11" time="10698.89" state="enter" vehID="Car_7377" speed="5.97" length="5.00" type="DEFAULT_CAR" gap="35.01"/>
    <instantOut id="235_D11" time="10699.00" state="stay" vehID="Car_7377" speed="5.97" length="5.00" type="DEFAULT_CAR"/>
    <instantOut id="235_D11" time="10699.25" state="stay" vehID="Car_7377" speed="6.92" length="5.00" type="DEFAULT_CAR"/>
    <instantOut id="235_D11" time="10699.50" state="stay" vehID="Car_7377" speed="7.56" length="5.00" type="DEFAULT_CAR"/>
    <instantOut id="235_D11" time="10699.59" state="leave" vehID="Car_7377" speed="8.10" length="5.00" type="DEFAULT_CAR" occupancy="0.70"/>
    <instantOut id="235_D11" time="11642.01" state="enter" vehID="Car_7383" speed="3.84" length="5.00" type="DEFAULT_CAR" gap="942.42"/>
    <instantOut id="235_D11" time="11642.25" state="stay" vehID="Car_7383" speed="3.84" length="5.00" type="DEFAULT_CAR"/>
    <instantOut id="235_D11" time="11642.50" state="stay" vehID="Car_7383" speed="3.09" length="5.00" type="DEFAULT_CAR"/>
    <instantOut id="235_D11" time="11642.75" state="stay" vehID="Car_7383" speed="2.34" length="5.00" type="DEFAULT_CAR"/>
    <instantOut id="235_D11" time="11643.00" state="stay" vehID="Car_7383" speed="1.60" length="5.00" type="DEFAULT_CAR"/>
    <instantOut id="235_D11" time="11643.25" state="stay" vehID="Car_7383" speed="0.94" length="5.00" type="DEFAULT_CAR"/>
    <instantOut id="235_D11" time="11643.50" state="stay" vehID="Car_7383" speed="0.26" length="5.00" type="DEFAULT_CAR"/>
    <instantOut id="235_D11" time="11643.75" state="stay" vehID="Car_7383" speed="0.00" length="5.00" type="DEFAULT_CAR"/>
    <instantOut id="235_D11" time="11644.00" state="stay" vehID="Car_7383" speed="0.00" length="5.00" type="DEFAULT_CAR"/>
    <instantOut id="235_D11" time="11644.25" state="stay" vehID="Car_7383" speed="0.00" length="5.00" type="DEFAULT_CAR"/>
    <instantOut id="235_D11" time="11644.50" state="stay" vehID="Car_7383" speed="0.00" length="5.00" type="DEFAULT_CAR"/>
    <instantOut id="235_D11" time="11644.75" state="stay" vehID="Car_7383" speed="0.00" length="5.00" type="DEFAULT_CAR"/>
    <instantOut id="235_D11" time="11645.00" state="stay" vehID="Car_7383" speed="0.00" length="5.00" type="DEFAULT_CAR"/>
    <instantOut id="235_D11" time="11645.25" state="stay" vehID="Car_7383" speed="0.00" length="5.00" type="DEFAULT_CAR"/>
    <instantOut id="235_D11" time="11645.50" state="stay" vehID="Car_7383" speed="0.00" length="5.00" type="DEFAULT_CAR"/>
    <instantOut id="235_D11" time="11645.75" state="stay" vehID="Car_7383" speed="0.00" length="5.00" type="DEFAULT_CAR"/>
    <instantOut id="235_D11" time="11646.00" state="stay" vehID="Car_7383" speed="0.00" length="5.00" type="DEFAULT_CAR"/>
    <instantOut id="235_D11" time="11646.25" state="stay" vehID="Car_7383" speed="0.00" length="5.00" type="DEFAULT_CAR"/>
    <instantOut id="235_D11" time="11646.50" state="stay" vehID="Car_7383" speed="0.00" length="5.00" type="DEFAULT_CAR"/>
    <instantOut id="235_D11" time="11646.75" state="stay" vehID="Car_7383" speed="0.00" length="5.00" type="DEFAULT_CAR"/>
    <instantOut id="235_D11" time="11647.00" state="stay" vehID="Car_7383" speed="0.00" length="5.00" type="DEFAULT_CAR"/>
    <instantOut id="235_D11" time="11647.25" state="stay" vehID="Car_7383" speed="0.00" length="5.00" type="DEFAULT_CAR"/>
    <instantOut id="235_D11" time="11647.50" state="stay" vehID="Car_7383" speed="0.00" length="5.00" type="DEFAULT_CAR"/>
    <instantOut id="235_D11" time="11647.75" state="stay" vehID="Car_7383" speed="0.00" length="5.00" type="DEFAULT_CAR"/>
    <instantOut id="235_D11" time="11648.00" state="stay" vehID="Car_7383" speed="0.00" length="5.00" type="DEFAULT_CAR"/>
    <instantOut id="235_D11" time="11648.25" state="stay" vehID="Car_7383" speed="0.00" length="5.00" type="DEFAULT_CAR"/>
    <instantOut id="235_D11" time="11648.50" state="stay" vehID="Car_7383" speed="0.00" length="5.00" type="DEFAULT_CAR"/>
    <instantOut id="235_D11" time="11648.75" state="stay" vehID="Car_7383" speed="0.00" length="5.00" type="DEFAULT_CAR"/>
    <instantOut id="235_D11" time="11649.00" state="stay" vehID="Car_7383" speed="0.00" length="5.00" type="DEFAULT_CAR"/>
    <instantOut id="235_D11" time="11649.25" state="stay" vehID="Car_7383" speed="0.00" length="5.00" type="DEFAULT_CAR"/>
    <instantOut id="235_D11" time="11649.50" state="stay" vehID="Car_7383" speed="0.00" length="5.00" type="DEFAULT_CAR"/>
    <instantOut id="235_D11" time="11649.75" state="stay" vehID="Car_7383" speed="0.00" length="5.00" type="DEFAULT_CAR"/>
    <instantOut id="235_D11" time="11650.00" state="stay" vehID="Car_7383" speed="0.00" length="5.00" type="DEFAULT_CAR"/>
    <instantOut id="235_D11" time="11650.25" state="stay" vehID="Car_7383" speed="0.00" length="5.00" type="DEFAULT_CAR"/>
    <instantOut id="235_D11" time="11650.50" state="stay" vehID="Car_7383" speed="0.00" length="5.00" type="DEFAULT_CAR"/>
    <instantOut id="235_D11" time="11650.75" state="stay" vehID="Car_7383" speed="0.00" length="5.00" type="DEFAULT_CAR"/>
    <instantOut id="235_D11" time="11651.00" state="stay" vehID="Car_7383" speed="0.00" length="5.00" type="DEFAULT_CAR"/>
    <instantOut id="235_D11" time="11651.25" state="stay" vehID="Car_7383" speed="0.00" length="5.00" type="DEFAULT_CAR"/>
    <instantOut id="235_D11" time="11651.50" state="stay" vehID="Car_7383" speed="0.00" length="5.00" type="DEFAULT_CAR"/>
    <instantOut id="235_D11" time="11651.75" state="stay" vehID="Car_7383" speed="0.00" length="5.00" type="DEFAULT_CAR"/>
    <instantOut id="235_D11" time="11652.00" state="stay" vehID="Car_7383" speed="0.00" length="5.00" type="DEFAULT_CAR"/>
    <instantOut id="235_D11" time="11652.25" state="stay" vehID="Car_7383" speed="0.00" length="5.00" type="DEFAULT_CAR"/>
    <instantOut id="235_D11" time="11652.50" state="stay" vehID="Car_7383" speed="0.00" length="5.00" type="DEFAULT_CAR"/>
    <instantOut id="235_D11" time="11652.75" state="stay" vehID="Car_7383" speed="0.91" length="5.00" type="DEFAULT_CAR"/>
    <instantOut id="235_D11" time="11653.00" state="stay" vehID="Car_7383" speed="1.71" length="5.00" type="DEFAULT_CAR"/>
    <instantOut id="235_D11" time="11653.25" state="stay" vehID="Car_7383" speed="2.35" length="5.00" type="DEFAULT_CAR"/>
    <instantOut id="235_D11" time="11653.49" state="leave" vehID="Car_7383" speed="3.22" length="5.00" type="DEFAULT_CAR" occupancy="11.48"/>
    <instantOut id="235_D11" time="11921.92" state="enter" vehID="Car_7382" speed="6.18" length="5.00" type="DEFAULT_CAR" gap="268.43"/>
    <instantOut id="235_D11" time="11922.00" state="stay" vehID="Car_7382" speed="6.18" length="5.00" type="DEFAULT_CAR"/>
    <instantOut id="235_D11" time="11922.25" state="stay" vehID="Car_7382" speed="7.13" length="5.00" type="DEFAULT_CAR"/>
    <instantOut id="235_D11" time="11922.50" state="stay" vehID="Car_7382" speed="7.94" length="5.00" type="DEFAULT_CAR"/>
    <instantOut id="235_D11" time="11922.59" state="leave" vehID="Car_7382" speed="8.68" length="5.00" type="DEFAULT_CAR" occupancy="0.67"/>
    <instantOut id="235_D11" time="13601.93" state="enter" vehID="Car_9027" speed="5.95" length="5.00" type="DEFAULT_CAR" gap="1679.35"/>
    <instantOut id="235_D11" time="13602.00" state="stay" vehID="Car_9027" speed="5.95" length="5.00" type="DEFAULT_CAR"/>
    <instantOut id="235_D11" time="13602.25" state="stay" vehID="Car_9027" speed="6.90" length="5.00" type="DEFAULT_CAR"/>
    <instantOut id="235_D11" time="13602.50" state="stay" vehID="Car_9027" speed="6.15" length="5.00" type="DEFAULT_CAR"/>
    <instantOut id="235_D11" time="13602.72" state="leave" vehID="Car_9027" speed="6.11" length="5.00" type="DEFAULT_CAR" occupancy="0.79"/>
    <instantOut id="235_D11" time="13802.97" state="enter" vehID="Car_9026" speed="4.40" length="5.00" type="DEFAULT_CAR" gap="200.25"/>
    <instantOut id="235_D11" time="13803.00" state="stay" vehID="Car_9026" speed="4.40" length="5.00" type="DEFAULT_CAR"/>
    <instantOut id="235_D11" time="13803.25" state="stay" vehID="Car_9026" speed="3.65" length="5.00" type="DEFAULT_CAR"/>
    <instantOut id="235_D11" time="13803.50" state="stay" vehID="Car_9026" speed="2.98" length="5.00" type="DEFAULT_CAR"/>
    <instantOut id="235_D11" time="13803.75" state="stay" vehID="Car_9026" speed="2.23" length="5.00" type="DEFAULT_CAR"/>
    <instantOut id="235_D11" time="13804.00" state="stay" vehID="Car_9026" speed="1.48" length="5.00" type="DEFAULT_CAR"/>
    <instantOut id="235_D11" time="13804.25" state="stay" vehID="Car_9026" speed="2.18" length="5.00" type="DEFAULT_CAR"/>
    <instantOut id="235_D11" time="13804.50" state="stay" vehID="Car_9026" speed="3.03" length="5.00" type="DEFAULT_CAR"/>
    <instantOut id="235_D11" time="13804.75" state="stay" vehID="Car_9026" speed="3.70" length="5.00" type="DEFAULT_CAR"/>
    <instantOut id="235_D11" time="13804.76" state="leave" vehID="Car_9026" speed="4.60" length="5.00" type="DEFAULT_CAR" occupancy="1.79"/>
    <instantOut id="235_D11" time="14012.86" state="enter" vehID="Car_9025" speed="5.98" length="5.00" type="DEFAULT_CAR" gap="208.10"/>
    <instantOut id="235_D11" time="14013.00" state="stay" vehID="Car_9025" speed="5.98" length="5.00" type="DEFAULT_CAR"/>
    <instantOut id="235_D11" time="14013.25" state="stay" vehID="Car_9025" speed="6.93" length="5.00" type="DEFAULT_CAR"/>
    <instantOut id="235_D11" time="14013.50" state="stay" vehID="Car_9025" speed="6.18" length="5.00" type="DEFAULT_CAR"/>
    <instantOut id="235_D11" time="14013.65" state="leave" vehID="Car_9025" speed="5.89" length="5.00" type="DEFAULT_CAR" occupancy="0.79"/>
    <instantOut id="235_D11" time="15169.25" state="enter" vehID="Car_9024" speed="4.23" length="5.00" type="DEFAULT_CAR" gap="1155.60"/>
    <instantOut id="235_D11" time="15169.25" state="stay" vehID="Car_9024" speed="4.23" length="5.00" type="DEFAULT_CAR"/>
    <instantOut id="235_D11" time="15169.50" state="stay" vehID="Car_9024" speed="3.82" length="5.00" type="DEFAULT_CAR"/>
    <instantOut id="235_D11" time="15169.75" state="stay" vehID="Car_9024" speed="3.07" length="5.00" type="DEFAULT_CAR"/>
    <instantOut id="235_D11" time="15170.00" state="stay" vehID="Car_9024" speed="2.32" length="5.00" type="DEFAULT_CAR"/>
    <instantOut id="235_D11" time="15170.25" state="stay" vehID="Car_9024" speed="1.61" length="5.00" type="DEFAULT_CAR"/>
    <instantOut id="235_D11" time="15170.50" state="stay" vehID="Car_9024" speed="2.25" length="5.00" type="DEFAULT_CAR"/>
    <instantOut id="235_D11" time="15170.75" state="stay" vehID="Car_9024" speed="2.93" length="5.00" type="DEFAULT_CAR"/>
    <instantOut id="235_D11" time="15171.00" state="stay" vehID="Car_9024" speed="3.04" length="5.00" type="DEFAULT_CAR"/>
    <instantOut id="235_D11" time="15171.08" state="leave" vehID="Car_9024" speed="3.03" length="5.00" type="DEFAULT_CAR" occupancy="1.83"/>
    <instantOut id="235_D11" time="18068.06" state="enter" vehID="Car_9832" speed="3.94" length="5.00" type="DEFAULT_CAR" gap="2896.99"/>
    <instantOut id="235_D11" time="18068.25" state="stay" vehID="Car_9832" speed="3.94" length="5.00" type="DEFAULT_CAR"/>
    <instantOut id="235_D11" time="18068.50" state="stay" vehID="Car_9832" speed="3.19" length="5.00" type="DEFAULT_CAR"/>
    <instantOut id="235_D11" time="18068.75" state="stay" vehID="Car_9832" speed="2.58" length="5.00" type="DEFAULT_CAR"/>
    <instantOut id="235_D11" time="18069.00" state="stay" vehID="Car_9832" speed="1.83" length="5.00" type="DEFAULT_CAR"/>
    <instantOut id="235_D11" time="18069.25" state="stay" vehID="Car_9832" speed="1.08" length="5.00" type="DEFAULT_CAR"/>
    <instantOut id="235_D11" time="18069.50" state="stay" vehID="Car_9832" speed="0.33" length="5.00" type="DEFAULT_CAR"/>
    <instantOut id="235_D11" time="18069.75" state="stay" vehID="Car_9832" speed="0.00" length="5.00" type="DEFAULT_CAR"/>
    <instantOut id="235_D11" time="18070.00" state="stay" vehID="Car_9832" speed="0.00" length="5.00" type="DEFAULT_CAR"/>
    <instantOut id="235_D11" time="18070.25" state="stay" vehID="Car_9832" speed="0.00" length="5.00" type="DEFAULT_CAR"/>
    <instantOut id="235_D11" time="18070.50" state="stay" vehID="Car_9832" speed="0.00" length="5.00" type="DEFAULT_CAR"/>
    <instantOut id="235_D11" time="18070.75" state="stay" vehID="Car_9832" speed="0.00" length="5.00" type="DEFAULT_CAR"/>
    <instantOut id="235_D11" time="18071.00" state="stay" vehID="Car_9832" speed="0.83" length="5.00" type="DEFAULT_CAR"/>
    <instantOut id="235_D11" time="18071.25" state="stay" vehID="Car_9832" speed="1.58" length="5.00" type="DEFAULT_CAR"/>
    <instantOut id="235_D11" time="18071.50" state="stay" vehID="Car_9832" speed="2.24" length="5.00" type="DEFAULT_CAR"/>
    <instantOut id="235_D11" time="18071.75" state="stay" vehID="Car_9832" speed="3.07" length="5.00" type="DEFAULT_CAR"/>
    <instantOut id="235_D11" time="18071.77" state="leave" vehID="Car_9832" speed="3.77" length="5.00" type="DEFAULT_CAR" occupancy="3.71"/>
    <instantOut id="235_D11" time="18451.04" state="enter" vehID="Car_9833" speed="5.69" length="5.00" type="DEFAULT_CAR" gap="379.27"/>
    <instantOut id="235_D11" time="18451.25" state="stay" vehID="Car_9833" speed="5.69" length="5.00" type="DEFAULT_CAR"/>
    <instantOut id="235_D11" time="18451.50" state="stay" vehID="Car_9833" speed="6.64" length="5.00" type="DEFAULT_CAR"/>
    <instantOut id="235_D11" time="18451.75" state="stay" vehID="Car_9833" speed="5.89" length="5.00" type="DEFAULT_CAR"/>
    <instantOut id="235_D11" time="18451.87" state="leave" vehID="Car_9833" speed="5.88" length="5.00" type="DEFAULT_CAR" occupancy="0.82"/>
    <instantOut id="235_D11" time="18589.94" state="enter" vehID="Car_9834" speed="4.28" length="5.00" type="DEFAULT_CAR" gap="138.07"/>
    <instantOut id="235_D11" time="18590.00" state="stay" vehID="Car_9834" speed="4.28" length="5.00" type="DEFAULT_CAR"/>
    <instantOut id="235_D11" time="18590.25" state="stay" vehID="Car_9834" speed="3.66" length="5.00" type="DEFAULT_CAR"/>
    <instantOut id="235_D11" time="18590.50" state="stay" vehID="Car_9834" speed="2.91" length="5.00" type="DEFAULT_CAR"/>
    <instantOut id="235_D11" time="18590.75" state="stay" vehID="Car_9834" speed="2.16" length="5.00" type="DEFAULT_CAR"/>
    <instantOut id="235_D11" time="18591.00" state="stay" vehID="Car_9834" speed="1.41" length="5.00" type="DEFAULT_CAR"/>
    <instantOut id="235_D11" time="18591.25" state="stay" vehID="Car_9834" speed="0.70" length="5.00" type="DEFAULT_CAR"/>
    <instantOut id="235_D11" time="18591.50" state="stay" vehID="Car_9834" speed="0.01" length="5.00" type="DEFAULT_CAR"/>
    <instantOut id="235_D11" time="18591.75" state="stay" vehID="Car_9834" speed="0.00" length="5.00" type="DEFAULT_CAR"/>
    <instantOut id="235_D11" time="18592.00" state="stay" vehID="Car_9834" speed="0.00" length="5.00" type="DEFAULT_CAR"/>
    <instantOut id="235_D11" time="18592.25" state="stay" vehID="Car_9834" speed="0.00" length="5.00" type="DEFAULT_CAR"/>
    <instantOut id="235_D11" time="18592.50" state="stay" vehID="Car_9834" speed="0.00" length="5.00" type="DEFAULT_CAR"/>
    <instantOut id="235_D11" time="18592.75" state="stay" vehID="Car_9834" speed="0.00" length="5.00" type="DEFAULT_CAR"/>
    <instantOut id="235_D11" time="18593.00" state="stay" vehID="Car_9834" speed="0.00" length="5.00" type="DEFAULT_CAR"/>
    <instantOut id="235_D11" time="18593.25" state="stay" vehID="Car_9834" speed="0.00" length="5.00" type="DEFAULT_CAR"/>
    <instantOut id="235_D11" time="18593.50" state="stay" vehID="Car_9834" speed="0.00" length="5.00" type="DEFAULT_CAR"/>
    <instantOut id="235_D11" time="18593.75" state="stay" vehID="Car_9834" speed="0.00" length="5.00" type="DEFAULT_CAR"/>
    <instantOut id="235_D11" time="18594.00" state="stay" vehID="Car_9834" speed="0.00" length="5.00" type="DEFAULT_CAR"/>
    <instantOut id="235_D11" time="18594.25" state="stay" vehID="Car_9834" speed="0.00" length="5.00" type="DEFAULT_CAR"/>
    <instantOut id="235_D11" time="18594.50" state="stay" vehID="Car_9834" speed="0.00" length="5.00" type="DEFAULT_CAR"/>
    <instantOut id="235_D11" time="18594.75" state="stay" vehID="Car_9834" speed="0.00" length="5.00" type="DEFAULT_CAR"/>
    <instantOut id="235_D11" time="18595.00" state="stay" vehID="Car_9834" speed="0.00" length="5.00" type="DEFAULT_CAR"/>
    <instantOut id="235_D11" time="18595.25" state="stay" vehID="Car_9834" speed="0.00" length="5.00" type="DEFAULT_CAR"/>
    <instantOut id="235_D11" time="18595.50" state="stay" vehID="Car_9834" speed="0.00" length="5.00" type="DEFAULT_CAR"/>
    <instantOut id="235_D11" time="18595.75" state="stay" vehID="Car_9834" speed="0.00" length="5.00" type="DEFAULT_CAR"/>
    <instantOut id="235_D11" time="18596.00" state="stay" vehID="Car_9834" speed="0.00" length="5.00" type="DEFAULT_CAR"/>
    <instantOut id="235_D11" time="18596.25" state="stay" vehID="Car_9834" speed="0.00" length="5.00" type="DEFAULT_CAR"/>
    <instantOut id="235_D11" time="18596.50" state="stay" vehID="Car_9834" speed="0.00" length="5.00" type="DEFAULT_CAR"/>
    <instantOut id="235_D11" time="18596.75" state="stay" vehID="Car_9834" speed="0.00" length="5.00" type="DEFAULT_CAR"/>
    <instantOut id="235_D11" time="18597.00" state="stay" vehID="Car_9834" speed="0.00" length="5.00" type="DEFAULT_CAR"/>
    <instantOut id="235_D11" time="18597.25" state="stay" vehID="Car_9834" speed="0.00" length="5.00" type="DEFAULT_CAR"/>
    <instantOut id="235_D11" time="18597.50" state="stay" vehID="Car_9834" speed="0.00" length="5.00" type="DEFAULT_CAR"/>
    <instantOut id="235_D11" time="18597.75" state="stay" vehID="Car_9834" speed="0.00" length="5.00" type="DEFAULT_CAR"/>
    <instantOut id="235_D11" time="18598.00" state="stay" vehID="Car_9834" speed="0.00" length="5.00" type="DEFAULT_CAR"/>
    <instantOut id="235_D11" time="18598.25" state="stay" vehID="Car_9834" speed="0.00" length="5.00" type="DEFAULT_CAR"/>
    <instantOut id="235_D11" time="18598.50" state="stay" vehID="Car_9834" speed="0.00" length="5.00" type="DEFAULT_CAR"/>
    <instantOut id="235_D11" time="18598.75" state="stay" vehID="Car_9834" speed="0.00" length="5.00" type="DEFAULT_CAR"/>
    <instantOut id="235_D11" time="18599.00" state="stay" vehID="Car_9834" speed="0.00" length="5.00" type="DEFAULT_CAR"/>
    <instantOut id="235_D11" time="18599.25" state="stay" vehID="Car_9834" speed="0.00" length="5.00" type="DEFAULT_CAR"/>
    <instantOut id="235_D11" time="18599.50" state="stay" vehID="Car_9834" speed="0.00" length="5.00" type="DEFAULT_CAR"/>
    <instantOut id="235_D11" time="18599.75" state="stay" vehID="Car_9834" speed="0.00" length="5.00" type="DEFAULT_CAR"/>
    <instantOut id="235_D11" time="18600.00" state="stay" vehID="Car_9834" speed="0.00" length="5.00" type="DEFAULT_CAR"/>
    <instantOut id="235_D11" time="18600.25" state="stay" vehID="Car_9834" speed="0.00" length="5.00" type="DEFAULT_CAR"/>
    <instantOut id="235_D11" time="18600.50" state="stay" vehID="Car_9834" speed="0.00" length="5.00" type="DEFAULT_CAR"/>
    <instantOut id="235_D11" time="18600.75" state="stay" vehID="Car_9834" speed="0.00" length="5.00" type="DEFAULT_CAR"/>
    <instantOut id="235_D11" time="18601.00" state="stay" vehID="Car_9834" speed="0.00" length="5.00" type="DEFAULT_CAR"/>
    <instantOut id="235_D11" time="18601.25" state="stay" vehID="Car_9834" speed="0.00" length="5.00" type="DEFAULT_CAR"/>
    <instantOut id="235_D11" time="18601.50" state="stay" vehID="Car_9834" speed="0.00" length="5.00" type="DEFAULT_CAR"/>
    <instantOut id="235_D11" time="18601.75" state="stay" vehID="Car_9834" speed="0.00" length="5.00" type="DEFAULT_CAR"/>
    <instantOut id="235_D11" time="18602.00" state="stay" vehID="Car_9834" speed="0.00" length="5.00" type="DEFAULT_CAR"/>
    <instantOut id="235_D11" time="18602.25" state="stay" vehID="Car_9834" speed="0.00" length="5.00" type="DEFAULT_CAR"/>
    <instantOut id="235_D11" time="18602.50" state="stay" vehID="Car_9834" speed="0.00" length="5.00" type="DEFAULT_CAR"/>
    <instantOut id="235_D11" time="18602.75" state="stay" vehID="Car_9834" speed="0.00" length="5.00" type="DEFAULT_CAR"/>
    <instantOut id="235_D11" time="18603.00" state="stay" vehID="Car_9834" speed="0.00" length="5.00" type="DEFAULT_CAR"/>
    <instantOut id="235_D11" time="18603.25" state="stay" vehID="Car_9834" speed="0.00" length="5.00" type="DEFAULT_CAR"/>
    <instantOut id="235_D11" time="18603.50" state="stay" vehID="Car_9834" speed="0.14" length="5.00" type="DEFAULT_CAR"/>
    <instantOut id="235_D11" time="18603.75" state="stay" vehID="Car_9834" speed="0.34" length="5.00" type="DEFAULT_CAR"/>
    <instantOut id="235_D11" time="18604.00" state="stay" vehID="Car_9834" speed="0.61" length="5.00" type="DEFAULT_CAR"/>
    <instantOut id="235_D11" time="18604.25" state="stay" vehID="Car_9834" speed="0.98" length="5.00" type="DEFAULT_CAR"/>
    <instantOut id="235_D11" time="18604.50" state="stay" vehID="Car_9834" speed="1.48" length="5.00" type="DEFAULT_CAR"/>
    <instantOut id="235_D11" time="18604.75" state="stay" vehID="Car_9834" speed="2.17" length="5.00" type="DEFAULT_CAR"/>
    <instantOut id="235_D11" time="18604.96" state="leave" vehID="Car_9834" speed="2.85" length="5.00" type="DEFAULT_CAR" occupancy="15.02"/>
    <instantOut id="235_D11" time="18723.07" state="enter" vehID="Car_9835" speed="4.01" length="5.00" type="DEFAULT_CAR" gap="118.11"/>
    <instantOut id="235_D11" time="18723.25" state="stay" vehID="Car_9835" speed="4.01" length="5.00" type="DEFAULT_CAR"/>
    <instantOut id="235_D11" time="18723.50" state="stay" vehID="Car_9835" speed="3.26" length="5.00" type="DEFAULT_CAR"/>
    <instantOut id="235_D11" time="18723.75" state="stay" vehID="Car_9835" speed="2.51" length="5.00" type="DEFAULT_CAR"/>
    <instantOut id="235_D11" time="18724.00" state="stay" vehID="Car_9835" speed="1.76" length="5.00" type="DEFAULT_CAR"/>
    <instantOut id="235_D11" time="18724.25" state="stay" vehID="Car_9835" speed="1.03" length="5.00" type="DEFAULT_CAR"/>
    <instantOut id="235_D11" time="18724.50" state="stay" vehID="Car_9835" speed="0.40" length="5.00" type="DEFAULT_CAR"/>
    <instantOut id="235_D11" time="18724.75" state="stay" vehID="Car_9835" speed="0.01" length="5.00" type="DEFAULT_CAR"/>
    <instantOut id="235_D11" time="18725.00" state="stay" vehID="Car_9835" speed="0.00" length="5.00" type="DEFAULT_CAR"/>
    <instantOut id="235_D11" time="18725.25" state="stay" vehID="Car_9835" speed="0.00" length="5.00" type="DEFAULT_CAR"/>
    <instantOut id="235_D11" time="18725.50" state="stay" vehID="Car_9835" speed="0.00" length="5.00" type="DEFAULT_CAR"/>
    <instantOut id="235_D11" time="18725.75" state="stay" vehID="Car_9835" speed="0.00" length="5.00" type="DEFAULT_CAR"/>
    <instantOut id="235_D11" time="18726.00" state="stay" vehID="Car_9835" speed="0.00" length="5.00" type="DEFAULT_CAR"/>
    <instantOut id="235_D11" time="18726.25" state="stay" vehID="Car_9835" speed="0.00" length="5.00" type="DEFAULT_CAR"/>
    <instantOut id="235_D11" time="18726.50" state="stay" vehID="Car_9835" speed="0.00" length="5.00" type="DEFAULT_CAR"/>
    <instantOut id="235_D11" time="18726.75" state="stay" vehID="Car_9835" speed="0.00" length="5.00" type="DEFAULT_CAR"/>
    <instantOut id="235_D11" time="18727.00" state="stay" vehID="Car_9835" speed="0.00" length="5.00" type="DEFAULT_CAR"/>
    <instantOut id="235_D11" time="18727.25" state="stay" vehID="Car_9835" speed="0.00" length="5.00" type="DEFAULT_CAR"/>
    <instantOut id="235_D11" time="18727.50" state="stay" vehID="Car_9835" speed="0.00" length="5.00" type="DEFAULT_CAR"/>
    <instantOut id="235_D11" time="18727.75" state="stay" vehID="Car_9835" speed="0.00" length="5.00" type="DEFAULT_CAR"/>
    <instantOut id="235_D11" time="18728.00" state="stay" vehID="Car_9835" speed="0.00" length="5.00" type="DEFAULT_CAR"/>
    <instantOut id="235_D11" time="18728.25" state="stay" vehID="Car_9835" speed="0.00" length="5.00" type="DEFAULT_CAR"/>
    <instantOut id="235_D11" time="18728.50" state="stay" vehID="Car_9835" speed="0.00" length="5.00" type="DEFAULT_CAR"/>
    <instantOut id="235_D11" time="18728.75" state="stay" vehID="Car_9835" speed="0.00" length="5.00" type="DEFAULT_CAR"/>
    <instantOut id="235_D11" time="18729.00" state="stay" vehID="Car_9835" speed="0.00" length="5.00" type="DEFAULT_CAR"/>
    <instantOut id="235_D11" time="18729.25" state="stay" vehID="Car_9835" speed="0.51" length="5.00" type="DEFAULT_CAR"/>
    <instantOut id="235_D11" time="18729.50" state="stay" vehID="Car_9835" speed="1.03" length="5.00" type="DEFAULT_CAR"/>
    <instantOut id="235_D11" time="18729.75" state="stay" vehID="Car_9835" speed="1.64" length="5.00" type="DEFAULT_CAR"/>
    <instantOut id="235_D11" time="18730.00" state="stay" vehID="Car_9835" speed="2.41" length="5.00" type="DEFAULT_CAR"/>
    <instantOut id="235_D11" time="18730.21" state="leave" vehID="Car_9835" speed="3.02" length="5.00" type="DEFAULT_CAR" occupancy="7.14"/>
    <instantOut id="235_D11" time="18803.97" state="enter" vehID="Car_9836" speed="4.38" length="5.00" type="DEFAULT_CAR" gap="73.76"/>
    <instantOut id="235_D11" time="18804.00" state="stay" vehID="Car_9836" speed="4.38" length="5.00" type="DEFAULT_CAR"/>
    <instantOut id="235_D11" time="18804.25" state="stay" vehID="Car_9836" speed="3.73" length="5.00" type="DEFAULT_CAR"/>
    <instantOut id="235_D11" time="18804.50" state="stay" vehID="Car_9836" speed="2.98" length="5.00" type="DEFAULT_CAR"/>
    <instantOut id="235_D11" time="18804.75" state="stay" vehID="Car_9836" speed="3.93" length="5.00" type="DEFAULT_CAR"/>
    <instantOut id="235_D11" time="18805.00" state="stay" vehID="Car_9836" speed="4.78" length="5.00" type="DEFAULT_CAR"/>
    <instantOut id="235_D11" time="18805.18" state="leave" vehID="Car_9836" speed="5.58" length="5.00" type="DEFAULT_CAR" occupancy="1.21"/>
    <instantOut id="235_D11" time="18899.97" state="enter" vehID="Car_9837" speed="4.43" length="5.00" type="DEFAULT_CAR" gap="94.79"/>
    <instantOut id="235_D11" time="18900.00" state="stay" vehID="Car_9837" speed="4.43" length="5.00" type="DEFAULT_CAR"/>
    <instantOut id="235_D11" time="18900.25" state="stay" vehID="Car_9837" speed="3.68" length="5.00" type="DEFAULT_CAR"/>
    <instantOut id="235_D11" time="18900.50" state="stay" vehID="Car_9837" speed="2.93" length="5.00" type="DEFAULT_CAR"/>
    <instantOut id="235_D11" time="18900.75" state="stay" vehID="Car_9837" speed="2.18" length="5.00" type="DEFAULT_CAR"/>
    <instantOut id="235_D11" time="18901.00" state="stay" vehID="Car_9837" speed="1.48" length="5.00" type="DEFAULT_CAR"/>
    <instantOut id="235_D11" time="18901.25" state="stay" vehID="Car_9837" speed="0.90" length="5.00" type="DEFAULT_CAR"/>
    <instantOut id="235_D11" time="18901.50" state="stay" vehID="Car_9837" speed="0.16" length="5.00" type="DEFAULT_CAR"/>
    <instantOut id="235_D11" time="18901.75" state="stay" vehID="Car_9837" speed="0.02" length="5.00" type="DEFAULT_CAR"/>
    <instantOut id="235_D11" time="18902.00" state="stay" vehID="Car_9837" speed="0.00" length="5.00" type="DEFAULT_CAR"/>
    <instantOut id="235_D11" time="18902.25" state="stay" vehID="Car_9837" speed="0.00" length="5.00" type="DEFAULT_CAR"/>
    <instantOut id="235_D11" time="18902.50" state="stay" vehID="Car_9837" speed="0.00" length="5.00" type="DEFAULT_CAR"/>
    <instantOut id="235_D11" time="18902.75" state="stay" vehID="Car_9837" speed="0.00" length="5.00" type="DEFAULT_CAR"/>
    <instantOut id="235_D11" time="18903.00" state="stay" vehID="Car_9837" speed="0.00" length="5.00" type="DEFAULT_CAR"/>
    <instantOut id="235_D11" time="18903.25" state="stay" vehID="Car_9837" speed="0.00" length="5.00" type="DEFAULT_CAR"/>
    <instantOut id="235_D11" time="18903.50" state="stay" vehID="Car_9837" speed="0.00" length="5.00" type="DEFAULT_CAR"/>
    <instantOut id="235_D11" time="18903.75" state="stay" vehID="Car_9837" speed="0.00" length="5.00" type="DEFAULT_CAR"/>
    <instantOut id="235_D11" time="18904.00" state="stay" vehID="Car_9837" speed="0.00" length="5.00" type="DEFAULT_CAR"/>
    <instantOut id="235_D11" time="18904.25" state="stay" vehID="Car_9837" speed="0.00" length="5.00" type="DEFAULT_CAR"/>
    <instantOut id="235_D11" time="18904.50" state="stay" vehID="Car_9837" speed="0.00" length="5.00" type="DEFAULT_CAR"/>
    <instantOut id="235_D11" time="18904.75" state="stay" vehID="Car_9837" speed="0.00" length="5.00" type="DEFAULT_CAR"/>
    <instantOut id="235_D11" time="18905.00" state="stay" vehID="Car_9837" speed="0.00" length="5.00" type="DEFAULT_CAR"/>
    <instantOut id="235_D11" time="18905.25" state="stay" vehID="Car_9837" speed="0.00" length="5.00" type="DEFAULT_CAR"/>
    <instantOut id="235_D11" time="18905.50" state="stay" vehID="Car_9837" speed="0.00" length="5.00" type="DEFAULT_CAR"/>
    <instantOut id="235_D11" time="18905.75" state="stay" vehID="Car_9837" speed="0.89" length="5.00" type="DEFAULT_CAR"/>
    <instantOut id="235_D11" time="18906.00" state="stay" vehID="Car_9837" speed="1.68" length="5.00" type="DEFAULT_CAR"/>
    <instantOut id="235_D11" time="18906.25" state="stay" vehID="Car_9837" speed="2.45" length="5.00" type="DEFAULT_CAR"/>
    <instantOut id="235_D11" time="18906.48" state="leave" vehID="Car_9837" speed="3.28" length="5.00" type="DEFAULT_CAR" occupancy="6.52"/>
    <instantOut id="235_D11" time="18912.00" state="enter" vehID="Car_9830" speed="3.61" length="5.00" type="DEFAULT_CAR" gap="5.52"/>
    <instantOut id="235_D11" time="18912.25" state="stay" vehID="Car_9830" speed="3.61" length="5.00" type="DEFAULT_CAR"/>
    <instantOut id="235_D11" time="18912.50" state="stay" vehID="Car_9830" speed="2.93" length="5.00" type="DEFAULT_CAR"/>
    <instantOut id="235_D11" time="18912.75" state="stay" vehID="Car_9830" speed="2.20" length="5.00" type="DEFAULT_CAR"/>
    <instantOut id="235_D11" time="18913.00" state="stay" vehID="Car_9830" speed="1.68" length="5.00" type="DEFAULT_CAR"/>
    <instantOut id="235_D11" time="18913.25" state="stay" vehID="Car_9830" speed="1.11" length="5.00" type="DEFAULT_CAR"/>
    <instantOut id="235_D11" time="18913.50" state="stay" vehID="Car_9830" speed="1.85" length="5.00" type="DEFAULT_CAR"/>
    <instantOut id="235_D11" time="18913.75" state="stay" vehID="Car_9830" speed="2.69" length="5.00" type="DEFAULT_CAR"/>
    <instantOut id="235_D11" time="18914.00" state="stay" vehID="Car_9830" speed="3.32" length="5.00" type="DEFAULT_CAR"/>
    <instantOut id="235_D11" time="18914.04" state="leave" vehID="Car_9830" speed="3.90" length="5.00" type="DEFAULT_CAR" occupancy="2.04"/>
    <instantOut id="235_D11" time="19044.89" state="enter" vehID="Car_9831" speed="6.12" length="5.00" type="DEFAULT_CAR" gap="130.85"/>
    <instantOut id="235_D11" time="19045.00" state="stay" vehID="Car_9831" speed="6.12" length="5.00" type="DEFAULT_CAR"/>
    <instantOut id="235_D11" time="19045.25" state="stay" vehID="Car_9831" speed="7.07" length="5.00" type="DEFAULT_CAR"/>
    <instantOut id="235_D11" time="19045.50" state="stay" vehID="Car_9831" speed="7.90" length="5.00" type="DEFAULT_CAR"/>
    <instantOut id="235_D11" time="19045.57" state="leave" vehID="Car_9831" speed="8.65" length="5.00" type="DEFAULT_CAR" occupancy="0.68"/>
    <instantOut id="235_D11" time="21549.95" state="enter" vehID="Car_13542" speed="6.18" length="5.00" type="DEFAULT_CAR" gap="2504.38"/>
    <instantOut id="235_D11" time="21550.00" state="stay" vehID="Car_13542" speed="6.18" length="5.00" type="DEFAULT_CAR"/>
    <instantOut id="235_D11" time="21550.25" state="stay" vehID="Car_13542" speed="5.69" length="5.00" type="DEFAULT_CAR"/>
    <instantOut id="235_D11" time="21550.50" state="stay" vehID="Car_13542" speed="5.28" length="5.00" type="DEFAULT_CAR"/>
    <instantOut id="235_D11" time="21550.75" state="stay" vehID="Car_13542" speed="4.65" length="5.00" type="DEFAULT_CAR"/>
    <instantOut id="235_D11" time="21550.94" state="leave" vehID="Car_13542" speed="4.27" length="5.00" type="DEFAULT_CAR" occupancy="0.99"/>
    <instantOut id="235_D11" time="21814.86" state="enter" vehID="Car_13543" speed="5.98" length="5.00" type="DEFAULT_CAR" gap="263.92"/>
    <instantOut id="235_D11" time="21815.00" state="stay" vehID="Car_13543" speed="5.98" length="5.00" type="DEFAULT_CAR"/>
    <instantOut id="235_D11" time="21815.25" state="stay" vehID="Car_13543" speed="6.93" length="5.00" type="DEFAULT_CAR"/>
    <instantOut id="235_D11" time="21815.50" state="stay" vehID="Car_13543" speed="7.47" length="5.00" type="DEFAULT_CAR"/>
    <instantOut id="235_D11" time="21815.57" state="leave" vehID="Car_13543" speed="8.34" length="5.00" type="DEFAULT_CAR" occupancy="0.71"/>
    <instantOut id="235_D11" time="23128.01" state="enter" vehID="Car_13544" speed="3.86" length="5.00" type="DEFAULT_CAR" gap="1312.44"/>
    <instantOut id="235_D11" time="23128.25" state="stay" vehID="Car_13544" speed="3.86" length="5.00" type="DEFAULT_CAR"/>
    <instantOut id="235_D11" time="23128.50" state="stay" vehID="Car_13544" speed="3.11" length="5.00" type="DEFAULT_CAR"/>
    <instantOut id="235_D11" time="23128.75" state="stay" vehID="Car_13544" speed="2.36" length="5.00" type="DEFAULT_CAR"/>
    <instantOut id="235_D11" time="23129.00" state="stay" vehID="Car_13544" speed="1.61" length="5.00" type="DEFAULT_CAR"/>
    <instantOut id="235_D11" time="23129.25" state="stay" vehID="Car_13544" speed="1.62" length="5.00" type="DEFAULT_CAR"/>
    <instantOut id="235_D11" time="23129.50" state="stay" vehID="Car_13544" speed="1.51" length="5.00" type="DEFAULT_CAR"/>
    <instantOut id="235_D11" time="23129.75" state="stay" vehID="Car_13544" speed="1.61" length="5.00" type="DEFAULT_CAR"/>
    <instantOut id="235_D11" time="23130.00" state="stay" vehID="Car_13544" speed="1.74" length="5.00" type="DEFAULT_CAR"/>
    <instantOut id="235_D11" time="23130.25" state="stay" vehID="Car_13544" speed="2.41" length="5.00" type="DEFAULT_CAR"/>
    <instantOut id="235_D11" time="23130.28" state="leave" vehID="Car_13544" speed="2.62" length="5.00" type="DEFAULT_CAR" occupancy="2.27"/>
    <instantOut id="235_D11" time="23239.94" state="enter" vehID="Car_13546" speed="6.11" length="5.00" type="DEFAULT_CAR" gap="109.66"/>
    <instantOut id="235_D11" time="23240.00" state="stay" vehID="Car_13546" speed="6.11" length="5.00" type="DEFAULT_CAR"/>
    <instantOut id="235_D11" time="23240.25" state="stay" vehID="Car_13546" speed="7.06" length="5.00" type="DEFAULT_CAR"/>
    <instantOut id="235_D11" time="23240.50" state="stay" vehID="Car_13546" speed="7.71" length="5.00" type="DEFAULT_CAR"/>
    <instantOut id="235_D11" time="23240.61" state="leave" vehID="Car_13546" speed="8.50" length="5.00" type="DEFAULT_CAR" occupancy="0.67"/>
    <instantOut id="235_D11" time="24155.84" state="enter" vehID="Car_15035" speed="5.85" length="5.00" type="DEFAULT_CAR" gap="915.22"/>
    <instantOut id="235_D11" time="24156.00" state="stay" vehID="Car_15035" speed="5.85" length="5.00" type="DEFAULT_CAR"/>
    <instantOut id="235_D11" time="24156.25" state="stay" vehID="Car_15035" speed="6.80" length="5.00" type="DEFAULT_CAR"/>
    <instantOut id="235_D11" time="24156.50" state="stay" vehID="Car_15035" speed="7.67" length="5.00" type="DEFAULT_CAR"/>
    <instantOut id="235_D11" time="24156.56" state="leave" vehID="Car_15035" speed="7.66" length="5.00" type="DEFAULT_CAR" occupancy="0.72"/>
    <instantOut id="235_D11" time="25649.93" state="enter" vehID="Car_15036" speed="6.25" length="5.00" type="DEFAULT_CAR" gap="1493.37"/>
    <instantOut id="235_D11" time="25650.00" state="stay" vehID="Car_15036" speed="6.25" length="5.00" type="DEFAULT_CAR"/>
    <instantOut id="235_D11" time="25650.25" state="stay" vehID="Car_15036" speed="7.20" length="5.00" type="DEFAULT_CAR"/>
    <instantOut id="235_D11" time="25650.50" state="stay" vehID="Car_15036" speed="7.93" length="5.00" type="DEFAULT_CAR"/>
    <instantOut id="235_D11" time="25650.59" state="leave" vehID="Car_15036" speed="8.82" length="5.00" type="DEFAULT_CAR" occupancy="0.66"/>
    <instantOut id="235_D11" time="26995.98" state="enter" vehID="Car_15037" speed="4.49" length="5.00" type="DEFAULT_CAR" gap="1345.40"/>
    <instantOut id="235_D11" time="26996.00" state="stay" vehID="Car_15037" speed="4.49" length="5.00" type="DEFAULT_CAR"/>
    <instantOut id="235_D11" time="26996.25" state="stay" vehID="Car_15037" speed="3.74" length="5.00" type="DEFAULT_CAR"/>
    <instantOut id="235_D11" time="26996.50" state="stay" vehID="Car_15037" speed="2.99" length="5.00" type="DEFAULT_CAR"/>
    <instantOut id="235_D11" time="26996.75" state="stay" vehID="Car_15037" speed="2.24" length="5.00" type="DEFAULT_CAR"/>
    <instantOut id="235_D11" time="26997.00" state="stay" vehID="Car_15037" speed="1.61" length="5.00" type="DEFAULT_CAR"/>
    <instantOut id="235_D11" time="26997.25" state="stay" vehID="Car_15037" speed="0.88" length="5.00" type="DEFAULT_CAR"/>
    <instantOut id="235_D11" time="26997.50" state="stay" vehID="Car_15037" speed="0.16" length="5.00" type="DEFAULT_CAR"/>
    <instantOut id="235_D11" time="26997.75" state="stay" vehID="Car_15037" speed="0.01" length="5.00" type="DEFAULT_CAR"/>
    <instantOut id="235_D11" time="26998.00" state="stay" vehID="Car_15037" speed="0.00" length="5.00" type="DEFAULT_CAR"/>
    <instantOut id="235_D11" time="26998.25" state="stay" vehID="Car_15037" speed="0.00" length="5.00" type="DEFAULT_CAR"/>
    <instantOut id="235_D11" time="26998.50" state="stay" vehID="Car_15037" speed="0.89" length="5.00" type="DEFAULT_CAR"/>
    <instantOut id="235_D11" time="26998.75" state="stay" vehID="Car_15037" speed="1.70" length="5.00" type="DEFAULT_CAR"/>
    <instantOut id="235_D11" time="26999.00" state="stay" vehID="Car_15037" speed="2.59" length="5.00" type="DEFAULT_CAR"/>
    <instantOut id="235_D11" time="26999.21" state="leave" vehID="Car_15037" speed="3.53" length="5.00" type="DEFAULT_CAR" occupancy="3.22"/>
    <instantOut id="235_D11" time="27040.99" state="enter" vehID="Car_15038" speed="4.54" length="5.00" type="DEFAULT_CAR" gap="41.78"/>
    <instantOut id="235_D11" time="27041.00" state="stay" vehID="Car_15038" speed="4.54" length="5.00" type="DEFAULT_CAR"/>
    <instantOut id="235_D11" time="27041.25" state="stay" vehID="Car_15038" speed="3.79" length="5.00" type="DEFAULT_CAR"/>
    <instantOut id="235_D11" time="27041.50" state="stay" vehID="Car_15038" speed="3.04" length="5.00" type="DEFAULT_CAR"/>
    <instantOut id="235_D11" time="27041.75" state="stay" vehID="Car_15038" speed="3.99" length="5.00" type="DEFAULT_CAR"/>
    <instantOut id="235_D11" time="27042.00" state="stay" vehID="Car_15038" speed="4.87" length="5.00" type="DEFAULT_CAR"/>
    <instantOut id="235_D11" time="27042.19" state="leave" vehID="Car_15038" speed="5.37" length="5.00" type="DEFAULT_CAR" occupancy="1.20"/>
    <instantOut id="235_D11" time="29238.91" state="enter" vehID="Car_16606" speed="6.09" length="5.00" type="DEFAULT_CAR" gap="2196.72"/>
    <instantOut id="235_D11" time="29239.00" state="stay" vehID="Car_16606" speed="6.09" length="5.00" type="DEFAULT_CAR"/>
    <instantOut id="235_D11" time="29239.25" state="stay" vehID="Car_16606" speed="7.04" length="5.00" type="DEFAULT_CAR"/>
    <instantOut id="235_D11" time="29239.50" state="stay" vehID="Car_16606" speed="7.66" length="5.00" type="DEFAULT_CAR"/>
    <instantOut id="235_D11" time="29239.59" state="leave" vehID="Car_16606" speed="8.40" length="5.00" type="DEFAULT_CAR" occupancy="0.68"/>
    <instantOut id="235_D11" time="32253.88" state="enter" vehID="Car_19171" speed="4.16" length="5.00" type="DEFAULT_CAR" gap="3014.28"/>
    <instantOut id="235_D11" time="32254.00" state="stay" vehID="Car_19171" speed="4.16" length="5.00" type="DEFAULT_CAR"/>
    <instantOut id="235_D11" time="32254.25" state="stay" vehID="Car_19171" speed="3.41" length="5.00" type="DEFAULT_CAR"/>
    <instantOut id="235_D11" time="32254.50" state="stay" vehID="Car_19171" speed="2.66" length="5.00" type="DEFAULT_CAR"/>
    <instantOut id="235_D11" time="32254.75" state="stay" vehID="Car_19171" speed="1.91" length="5.00" type="DEFAULT_CAR"/>
    <instantOut id="235_D11" time="32255.00" state="stay" vehID="Car_19171" speed="1.34" length="5.00" type="DEFAULT_CAR"/>
    <instantOut id="235_D11" time="32255.25" state="stay" vehID="Car_19171" speed="0.59" length="5.00" type="DEFAULT_CAR"/>
    <instantOut id="235_D11" time="32255.50" state="stay" vehID="Car_19171" speed="0.01" length="5.00" type="DEFAULT_CAR"/>
    <instantOut id="235_D11" time="32255.75" state="stay" vehID="Car_19171" speed="0.94" length="5.00" type="DEFAULT_CAR"/>
    <instantOut id="235_D11" time="32256.00" state="stay" vehID="Car_19171" speed="1.81" length="5.00" type="DEFAULT_CAR"/>
    <instantOut id="235_D11" time="32256.25" state="stay" vehID="Car_19171" speed="2.58" length="5.00" type="DEFAULT_CAR"/>
    <instantOut id="235_D11" time="32256.46" state="leave" vehID="Car_19171" speed="3.36" length="5.00" type="DEFAULT_CAR" occupancy="2.58"/>
    <instantOut id="235_D11" time="32986.88" state="enter" vehID="Car_19170" speed="6.04" length="5.00" type="DEFAULT_CAR" gap="730.43"/>
    <instantOut id="235_D11" time="32987.00" state="stay" vehID="Car_19170" speed="6.04" length="5.00" type="DEFAULT_CAR"/>
    <instantOut id="235_D11" time="32987.25" state="stay" vehID="Car_19170" speed="6.99" length="5.00" type="DEFAULT_CAR"/>
    <instantOut id="235_D11" time="32987.50" state="stay" vehID="Car_19170" speed="6.48" length="5.00" type="DEFAULT_CAR"/>
    <instantOut id="235_D11" time="32987.65" state="leave" vehID="Car_19170" speed="6.36" length="5.00" type="DEFAULT_CAR" occupancy="0.76"/>
    <instantOut id="235_D11" time="33215.94" state="enter" vehID="Car_19169" speed="6.03" length="5.00" type="DEFAULT_CAR" gap="228.30"/>
    <instantOut id="235_D11" time="33216.00" state="stay" vehID="Car_19169" speed="6.03" length="5.00" type="DEFAULT_CAR"/>
    <instantOut id="235_D11" time="33216.25" state="stay" vehID="Car_19169" speed="6.98" length="5.00" type="DEFAULT_CAR"/>
    <instantOut id="235_D11" time="33216.50" state="stay" vehID="Car_19169" speed="7.60" length="5.00" type="DEFAULT_CAR"/>
    <instantOut id="235_D11" time="33216.63" state="leave" vehID="Car_19169" speed="7.74" length="5.00" type="DEFAULT_CAR" occupancy="0.69"/>
    <instantOut id="235_D11" time="33323.97" state="enter" vehID="Car_19168" speed="4.38" length="5.00" type="DEFAULT_CAR" gap="107.34"/>
    <instantOut id="235_D11" time="33324.00" state="stay" vehID="Car_19168" speed="4.38" length="5.00" type="DEFAULT_CAR"/>
    <instantOut id="235_D11" time="33324.25" state="stay" vehID="Car_19168" speed="3.63" length="5.00" type="DEFAULT_CAR"/>
    <instantOut id="235_D11" time="33324.50" state="stay" vehID="Car_19168" speed="2.89" length="5.00" type="DEFAULT_CAR"/>
    <instantOut id="235_D11" time="33324.75" state="stay" vehID="Car_19168" speed="2.30" length="5.00" type="DEFAULT_CAR"/>
    <instantOut id="235_D11" time="33325.00" state="stay" vehID="Car_19168" speed="1.55" length="5.00" type="DEFAULT_CAR"/>
    <instantOut id="235_D11" time="33325.25" state="stay" vehID="Car_19168" speed="0.90" length="5.00" type="DEFAULT_CAR"/>
    <instantOut id="235_D11" time="33325.50" state="stay" vehID="Car_19168" speed="0.18" length="5.00" type="DEFAULT_CAR"/>
    <instantOut id="235_D11" time="33325.75" state="stay" vehID="Car_19168" speed="0.02" length="5.00" type="DEFAULT_CAR"/>
    <instantOut id="235_D11" time="33326.00" state="stay" vehID="Car_19168" speed="0.00" length="5.00" type="DEFAULT_CAR"/>
    <instantOut id="235_D11" time="33326.25" state="stay" vehID="Car_19168" speed="0.00" length="5.00" type="DEFAULT_CAR"/>
    <instantOut id="235_D11" time="33326.50" state="stay" vehID="Car_19168" speed="0.00" length="5.00" type="DEFAULT_CAR"/>
    <instantOut id="235_D11" time="33326.75" state="stay" vehID="Car_19168" speed="0.00" length="5.00" type="DEFAULT_CAR"/>
    <instantOut id="235_D11" time="33327.00" state="stay" vehID="Car_19168" speed="0.00" length="5.00" type="DEFAULT_CAR"/>
    <instantOut id="235_D11" time="33327.25" state="stay" vehID="Car_19168" speed="0.00" length="5.00" type="DEFAULT_CAR"/>
    <instantOut id="235_D11" time="33327.50" state="stay" vehID="Car_19168" speed="0.00" length="5.00" type="DEFAULT_CAR"/>
    <instantOut id="235_D11" time="33327.75" state="stay" vehID="Car_19168" speed="0.00" length="5.00" type="DEFAULT_CAR"/>
    <instantOut id="235_D11" time="33328.00" state="stay" vehID="Car_19168" speed="0.00" length="5.00" type="DEFAULT_CAR"/>
    <instantOut id="235_D11" time="33328.25" state="stay" vehID="Car_19168" speed="0.00" length="5.00" type="DEFAULT_CAR"/>
    <instantOut id="235_D11" time="33328.50" state="stay" vehID="Car_19168" speed="0.00" length="5.00" type="DEFAULT_CAR"/>
    <instantOut id="235_D11" time="33328.75" state="stay" vehID="Car_19168" speed="0.00" length="5.00" type="DEFAULT_CAR"/>
    <instantOut id="235_D11" time="33329.00" state="stay" vehID="Car_19168" speed="0.00" length="5.00" type="DEFAULT_CAR"/>
    <instantOut id="235_D11" time="33329.25" state="stay" vehID="Car_19168" speed="0.00" length="5.00" type="DEFAULT_CAR"/>
    <instantOut id="235_D11" time="33329.50" state="stay" vehID="Car_19168" speed="0.00" length="5.00" type="DEFAULT_CAR"/>
    <instantOut id="235_D11" time="33329.75" state="stay" vehID="Car_19168" speed="0.00" length="5.00" type="DEFAULT_CAR"/>
    <instantOut id="235_D11" time="33330.00" state="stay" vehID="Car_19168" speed="0.00" length="5.00" type="DEFAULT_CAR"/>
    <instantOut id="235_D11" time="33330.25" state="stay" vehID="Car_19168" speed="0.00" length="5.00" type="DEFAULT_CAR"/>
    <instantOut id="235_D11" time="33330.50" state="stay" vehID="Car_19168" speed="0.00" length="5.00" type="DEFAULT_CAR"/>
    <instantOut id="235_D11" time="33330.75" state="stay" vehID="Car_19168" speed="0.00" length="5.00" type="DEFAULT_CAR"/>
    <instantOut id="235_D11" time="33331.00" state="stay" vehID="Car_19168" speed="0.00" length="5.00" type="DEFAULT_CAR"/>
    <instantOut id="235_D11" time="33331.25" state="stay" vehID="Car_19168" speed="0.00" length="5.00" type="DEFAULT_CAR"/>
    <instantOut id="235_D11" time="33331.50" state="stay" vehID="Car_19168" speed="0.00" length="5.00" type="DEFAULT_CAR"/>
    <instantOut id="235_D11" time="33331.75" state="stay" vehID="Car_19168" speed="0.00" length="5.00" type="DEFAULT_CAR"/>
    <instantOut id="235_D11" time="33332.00" state="stay" vehID="Car_19168" speed="0.00" length="5.00" type="DEFAULT_CAR"/>
    <instantOut id="235_D11" time="33332.25" state="stay" vehID="Car_19168" speed="0.00" length="5.00" type="DEFAULT_CAR"/>
    <instantOut id="235_D11" time="33332.50" state="stay" vehID="Car_19168" speed="0.00" length="5.00" type="DEFAULT_CAR"/>
    <instantOut id="235_D11" time="33332.75" state="stay" vehID="Car_19168" speed="0.00" length="5.00" type="DEFAULT_CAR"/>
    <instantOut id="235_D11" time="33333.00" state="stay" vehID="Car_19168" speed="0.00" length="5.00" type="DEFAULT_CAR"/>
    <instantOut id="235_D11" time="33333.25" state="stay" vehID="Car_19168" speed="0.00" length="5.00" type="DEFAULT_CAR"/>
    <instantOut id="235_D11" time="33333.50" state="stay" vehID="Car_19168" speed="0.93" length="5.00" type="DEFAULT_CAR"/>
    <instantOut id="235_D11" time="33333.75" state="stay" vehID="Car_19168" speed="1.83" length="5.00" type="DEFAULT_CAR"/>
    <instantOut id="235_D11" time="33334.00" state="stay" vehID="Car_19168" speed="2.52" length="5.00" type="DEFAULT_CAR"/>
    <instantOut id="235_D11" time="33334.22" state="leave" vehID="Car_19168" speed="3.17" length="5.00" type="DEFAULT_CAR" occupancy="10.25"/>
    <instantOut id="235_D11" time="34044.09" state="enter" vehID="Car_19167" speed="3.98" length="5.00" type="DEFAULT_CAR" gap="709.87"/>
    <instantOut id="235_D11" time="34044.25" state="stay" vehID="Car_19167" speed="3.98" length="5.00" type="DEFAULT_CAR"/>
    <instantOut id="235_D11" time="34044.50" state="stay" vehID="Car_19167" speed="3.23" length="5.00" type="DEFAULT_CAR"/>
    <instantOut id="235_D11" time="34044.75" state="stay" vehID="Car_19167" speed="2.64" length="5.00" type="DEFAULT_CAR"/>
    <instantOut id="235_D11" time="34045.00" state="stay" vehID="Car_19167" speed="1.89" length="5.00" type="DEFAULT_CAR"/>
    <instantOut id="235_D11" time="34045.25" state="stay" vehID="Car_19167" speed="1.14" length="5.00" type="DEFAULT_CAR"/>
    <instantOut id="235_D11" time="34045.50" state="stay" vehID="Car_19167" speed="0.50" length="5.00" type="DEFAULT_CAR"/>
    <instantOut id="235_D11" time="34045.75" state="stay" vehID="Car_19167" speed="0.01" length="5.00" type="DEFAULT_CAR"/>
    <instantOut id="235_D11" time="34046.00" state="stay" vehID="Car_19167" speed="0.00" length="5.00" type="DEFAULT_CAR"/>
    <instantOut id="235_D11" time="34046.25" state="stay" vehID="Car_19167" speed="0.00" length="5.00" type="DEFAULT_CAR"/>
    <instantOut id="235_D11" time="34046.50" state="stay" vehID="Car_19167" speed="0.85" length="5.00" type="DEFAULT_CAR"/>
    <instantOut id="235_D11" time="34046.75" state="stay" vehID="Car_19167" speed="1.78" length="5.00" type="DEFAULT_CAR"/>
    <instantOut id="235_D11" time="34047.00" state="stay" vehID="Car_19167" speed="2.49" length="5.00" type="DEFAULT_CAR"/>
    <instantOut id="235_D11" time="34047.23" state="leave" vehID="Car_19167" speed="3.21" length="5.00" type="DEFAULT_CAR" occupancy="3.14"/>
    <instantOut id="235_D11" time="34066.97" state="enter" vehID="Car_19166" speed="6.14" length="5.00" type="DEFAULT_CAR" gap="19.74"/>
    <instantOut id="235_D11" time="34067.00" state="stay" vehID="Car_19166" speed="6.14" length="5.00" type="DEFAULT_CAR"/>
    <instantOut id="235_D11" time="34067.25" state="stay" vehID="Car_19166" speed="7.09" length="5.00" type="DEFAULT_CAR"/>
    <instantOut id="235_D11" time="34067.50" state="stay" vehID="Car_19166" speed="7.95" length="5.00" type="DEFAULT_CAR"/>
    <instantOut id="235_D11" time="34067.62" state="leave" vehID="Car_19166" speed="8.55" length="5.00" type="DEFAULT_CAR" occupancy="0.65"/>
    <instantOut id="235_D11" time="34277.99" state="enter" vehID="Car_19165" speed="4.25" length="5.00" type="DEFAULT_CAR" gap="210.37"/>
    <instantOut id="235_D11" time="34278.00" state="stay" vehID="Car_19165" speed="4.25" length="5.00" type="DEFAULT_CAR"/>
    <instantOut id="235_D11" time="34278.25" state="stay" vehID="Car_19165" speed="3.50" length="5.00" type="DEFAULT_CAR"/>
    <instantOut id="235_D11" time="34278.50" state="stay" vehID="Car_19165" speed="3.08" length="5.00" type="DEFAULT_CAR"/>
    <instantOut id="235_D11" time="34278.75" state="stay" vehID="Car_19165" speed="2.33" length="5.00" type="DEFAULT_CAR"/>
    <instantOut id="235_D11" time="34279.00" state="stay" vehID="Car_19165" speed="1.58" length="5.00" type="DEFAULT_CAR"/>
    <instantOut id="235_D11" time="34279.25" state="stay" vehID="Car_19165" speed="0.88" length="5.00" type="DEFAULT_CAR"/>
    <instantOut id="235_D11" time="34279.50" state="stay" vehID="Car_19165" speed="0.33" length="5.00" type="DEFAULT_CAR"/>
    <instantOut id="235_D11" time="34279.75" state="stay" vehID="Car_19165" speed="0.04" length="5.00" type="DEFAULT_CAR"/>
    <instantOut id="235_D11" time="34280.00" state="stay" vehID="Car_19165" speed="0.00" length="5.00" type="DEFAULT_CAR"/>
    <instantOut id="235_D11" time="34280.25" state="stay" vehID="Car_19165" speed="0.00" length="5.00" type="DEFAULT_CAR"/>
    <instantOut id="235_D11" time="34280.50" state="stay" vehID="Car_19165" speed="0.00" length="5.00" type="DEFAULT_CAR"/>
    <instantOut id="235_D11" time="34280.75" state="stay" vehID="Car_19165" speed="0.00" length="5.00" type="DEFAULT_CAR"/>
    <instantOut id="235_D11" time="34281.00" state="stay" vehID="Car_19165" speed="0.00" length="5.00" type="DEFAULT_CAR"/>
    <instantOut id="235_D11" time="34281.25" state="stay" vehID="Car_19165" speed="0.00" length="5.00" type="DEFAULT_CAR"/>
    <instantOut id="235_D11" time="34281.50" state="stay" vehID="Car_19165" speed="0.00" length="5.00" type="DEFAULT_CAR"/>
    <instantOut id="235_D11" time="34281.75" state="stay" vehID="Car_19165" speed="0.00" length="5.00" type="DEFAULT_CAR"/>
    <instantOut id="235_D11" time="34282.00" state="stay" vehID="Car_19165" speed="0.00" length="5.00" type="DEFAULT_CAR"/>
    <instantOut id="235_D11" time="34282.25" state="stay" vehID="Car_19165" speed="0.00" length="5.00" type="DEFAULT_CAR"/>
    <instantOut id="235_D11" time="34282.50" state="stay" vehID="Car_19165" speed="0.00" length="5.00" type="DEFAULT_CAR"/>
    <instantOut id="235_D11" time="34282.75" state="stay" vehID="Car_19165" speed="0.00" length="5.00" type="DEFAULT_CAR"/>
    <instantOut id="235_D11" time="34283.00" state="stay" vehID="Car_19165" speed="0.00" length="5.00" type="DEFAULT_CAR"/>
    <instantOut id="235_D11" time="34283.25" state="stay" vehID="Car_19165" speed="0.00" length="5.00" type="DEFAULT_CAR"/>
    <instantOut id="235_D11" time="34283.50" state="stay" vehID="Car_19165" speed="0.00" length="5.00" type="DEFAULT_CAR"/>
    <instantOut id="235_D11" time="34283.75" state="stay" vehID="Car_19165" speed="0.00" length="5.00" type="DEFAULT_CAR"/>
    <instantOut id="235_D11" time="34284.00" state="stay" vehID="Car_19165" speed="0.00" length="5.00" type="DEFAULT_CAR"/>
    <instantOut id="235_D11" time="34284.25" state="stay" vehID="Car_19165" speed="0.00" length="5.00" type="DEFAULT_CAR"/>
    <instantOut id="235_D11" time="34284.50" state="stay" vehID="Car_19165" speed="0.00" length="5.00" type="DEFAULT_CAR"/>
    <instantOut id="235_D11" time="34284.75" state="stay" vehID="Car_19165" speed="0.00" length="5.00" type="DEFAULT_CAR"/>
    <instantOut id="235_D11" time="34285.00" state="stay" vehID="Car_19165" speed="0.00" length="5.00" type="DEFAULT_CAR"/>
    <instantOut id="235_D11" time="34285.25" state="stay" vehID="Car_19165" speed="0.00" length="5.00" type="DEFAULT_CAR"/>
    <instantOut id="235_D11" time="34285.50" state="stay" vehID="Car_19165" speed="0.00" length="5.00" type="DEFAULT_CAR"/>
    <instantOut id="235_D11" time="34285.75" state="stay" vehID="Car_19165" speed="0.00" length="5.00" type="DEFAULT_CAR"/>
    <instantOut id="235_D11" time="34286.00" state="stay" vehID="Car_19165" speed="0.00" length="5.00" type="DEFAULT_CAR"/>
    <instantOut id="235_D11" time="34286.25" state="stay" vehID="Car_19165" speed="0.00" length="5.00" type="DEFAULT_CAR"/>
    <instantOut id="235_D11" time="34286.50" state="stay" vehID="Car_19165" speed="0.00" length="5.00" type="DEFAULT_CAR"/>
    <instantOut id="235_D11" time="34286.75" state="stay" vehID="Car_19165" speed="0.00" length="5.00" type="DEFAULT_CAR"/>
    <instantOut id="235_D11" time="34287.00" state="stay" vehID="Car_19165" speed="0.00" length="5.00" type="DEFAULT_CAR"/>
    <instantOut id="235_D11" time="34287.25" state="stay" vehID="Car_19165" speed="0.00" length="5.00" type="DEFAULT_CAR"/>
    <instantOut id="235_D11" time="34287.50" state="stay" vehID="Car_19165" speed="0.00" length="5.00" type="DEFAULT_CAR"/>
    <instantOut id="235_D11" time="34287.75" state="stay" vehID="Car_19165" speed="0.00" length="5.00" type="DEFAULT_CAR"/>
    <instantOut id="235_D11" time="34288.00" state="stay" vehID="Car_19165" speed="0.00" length="5.00" type="DEFAULT_CAR"/>
    <instantOut id="235_D11" time="34288.25" state="stay" vehID="Car_19165" speed="0.00" length="5.00" type="DEFAULT_CAR"/>
    <instantOut id="235_D11" time="34288.50" state="stay" vehID="Car_19165" speed="0.00" length="5.00" type="DEFAULT_CAR"/>
    <instantOut id="235_D11" time="34288.75" state="stay" vehID="Car_19165" speed="0.00" length="5.00" type="DEFAULT_CAR"/>
    <instantOut id="235_D11" time="34289.00" state="stay" vehID="Car_19165" speed="0.00" length="5.00" type="DEFAULT_CAR"/>
    <instantOut id="235_D11" time="34289.25" state="stay" vehID="Car_19165" speed="0.00" length="5.00" type="DEFAULT_CAR"/>
    <instantOut id="235_D11" time="34289.50" state="stay" vehID="Car_19165" speed="0.00" length="5.00" type="DEFAULT_CAR"/>
    <instantOut id="235_D11" time="34289.75" state="stay" vehID="Car_19165" speed="0.00" length="5.00" type="DEFAULT_CAR"/>
    <instantOut id="235_D11" time="34290.00" state="stay" vehID="Car_19165" speed="0.00" length="5.00" type="DEFAULT_CAR"/>
    <instantOut id="235_D11" time="34290.25" state="stay" vehID="Car_19165" speed="0.00" length="5.00" type="DEFAULT_CAR"/>
    <instantOut id="235_D11" time="34290.50" state="stay" vehID="Car_19165" speed="0.00" length="5.00" type="DEFAULT_CAR"/>
    <instantOut id="235_D11" time="34290.75" state="stay" vehID="Car_19165" speed="0.92" length="5.00" type="DEFAULT_CAR"/>
    <instantOut id="235_D11" time="34291.00" state="stay" vehID="Car_19165" speed="1.81" length="5.00" type="DEFAULT_CAR"/>
    <instantOut id="235_D11" time="34291.25" state="stay" vehID="Car_19165" speed="2.61" length="5.00" type="DEFAULT_CAR"/>
    <instantOut id="235_D11" time="34291.46" state="leave" vehID="Car_19165" speed="3.20" length="5.00" type="DEFAULT_CAR" occupancy="13.48"/>
    <instantOut id="235_D11" time="34452.99" state="enter" vehID="Car_19164" speed="4.54" length="5.00" type="DEFAULT_CAR" gap="161.53"/>
    <instantOut id="235_D11" time="34453.00" state="stay" vehID="Car_19164" speed="4.54" length="5.00" type="DEFAULT_CAR"/>
    <instantOut id="235_D11" time="34453.25" state="stay" vehID="Car_19164" speed="3.79" length="5.00" type="DEFAULT_CAR"/>
    <instantOut id="235_D11" time="34453.50" state="stay" vehID="Car_19164" speed="3.04" length="5.00" type="DEFAULT_CAR"/>
    <instantOut id="235_D11" time="34453.75" state="stay" vehID="Car_19164" speed="2.29" length="5.00" type="DEFAULT_CAR"/>
    <instantOut id="235_D11" time="34454.00" state="stay" vehID="Car_19164" speed="1.57" length="5.00" type="DEFAULT_CAR"/>
    <instantOut id="235_D11" time="34454.25" state="stay" vehID="Car_19164" speed="0.90" length="5.00" type="DEFAULT_CAR"/>
    <instantOut id="235_D11" time="34454.50" state="stay" vehID="Car_19164" speed="0.17" length="5.00" type="DEFAULT_CAR"/>
    <instantOut id="235_D11" time="34454.75" state="stay" vehID="Car_19164" speed="0.02" length="5.00" type="DEFAULT_CAR"/>
    <instantOut id="235_D11" time="34455.00" state="stay" vehID="Car_19164" speed="0.00" length="5.00" type="DEFAULT_CAR"/>
    <instantOut id="235_D11" time="34455.25" state="stay" vehID="Car_19164" speed="0.00" length="5.00" type="DEFAULT_CAR"/>
    <instantOut id="235_D11" time="34455.50" state="stay" vehID="Car_19164" speed="0.00" length="5.00" type="DEFAULT_CAR"/>
    <instantOut id="235_D11" time="34455.75" state="stay" vehID="Car_19164" speed="0.00" length="5.00" type="DEFAULT_CAR"/>
    <instantOut id="235_D11" time="34456.00" state="stay" vehID="Car_19164" speed="0.85" length="5.00" type="DEFAULT_CAR"/>
    <instantOut id="235_D11" time="34456.25" state="stay" vehID="Car_19164" speed="1.64" length="5.00" type="DEFAULT_CAR"/>
    <instantOut id="235_D11" time="34456.50" state="stay" vehID="Car_19164" speed="2.51" length="5.00" type="DEFAULT_CAR"/>
    <instantOut id="235_D11" time="34456.73" state="leave" vehID="Car_19164" speed="3.42" length="5.00" type="DEFAULT_CAR" occupancy="3.73"/>
    <instantOut id="235_D11" time="35863.85" state="enter" vehID="Car_21326" speed="5.80" length="5.00" type="DEFAULT_CAR" gap="1407.12"/>
    <instantOut id="235_D11" time="35864.00" state="stay" vehID="Car_21326" speed="5.80" length="5.00" type="DEFAULT_CAR"/>
    <instantOut id="235_D11" time="35864.25" state="stay" vehID="Car_21326" speed="6.75" length="5.00" type="DEFAULT_CAR"/>
    <instantOut id="235_D11" time="35864.50" state="stay" vehID="Car_21326" speed="7.15" length="5.00" type="DEFAULT_CAR"/>
    <instantOut id="235_D11" time="35864.59" state="leave" vehID="Car_21326" speed="7.20" length="5.00" type="DEFAULT_CAR" occupancy="0.74"/>
    <instantOut id="235_D11" time="38060.00" state="enter" vehID="Car_21325" speed="3.83" length="5.00" type="DEFAULT_CAR" gap="2195.41"/>
    <instantOut id="235_D11" time="38060.25" state="stay" vehID="Car_21325" speed="3.83" length="5.00" type="DEFAULT_CAR"/>
    <instantOut id="235_D11" time="38060.50" state="stay" vehID="Car_21325" speed="3.08" length="5.00" type="DEFAULT_CAR"/>
    <instantOut id="235_D11" time="38060.75" state="stay" vehID="Car_21325" speed="2.33" length="5.00" type="DEFAULT_CAR"/>
    <instantOut id="235_D11" time="38061.00" state="stay" vehID="Car_21325" speed="1.58" length="5.00" type="DEFAULT_CAR"/>
    <instantOut id="235_D11" time="38061.25" state="stay" vehID="Car_21325" speed="0.85" length="5.00" type="DEFAULT_CAR"/>
    <instantOut id="235_D11" time="38061.50" state="stay" vehID="Car_21325" speed="0.23" length="5.00" type="DEFAULT_CAR"/>
    <instantOut id="235_D11" time="38061.75" state="stay" vehID="Car_21325" speed="0.01" length="5.00" type="DEFAULT_CAR"/>
    <instantOut id="235_D11" time="38062.00" state="stay" vehID="Car_21325" speed="0.00" length="5.00" type="DEFAULT_CAR"/>
    <instantOut id="235_D11" time="38062.25" state="stay" vehID="Car_21325" speed="0.00" length="5.00" type="DEFAULT_CAR"/>
    <instantOut id="235_D11" time="38062.50" state="stay" vehID="Car_21325" speed="0.00" length="5.00" type="DEFAULT_CAR"/>
    <instantOut id="235_D11" time="38062.75" state="stay" vehID="Car_21325" speed="0.00" length="5.00" type="DEFAULT_CAR"/>
    <instantOut id="235_D11" time="38063.00" state="stay" vehID="Car_21325" speed="0.00" length="5.00" type="DEFAULT_CAR"/>
    <instantOut id="235_D11" time="38063.25" state="stay" vehID="Car_21325" speed="0.00" length="5.00" type="DEFAULT_CAR"/>
    <instantOut id="235_D11" time="38063.50" state="stay" vehID="Car_21325" speed="0.00" length="5.00" type="DEFAULT_CAR"/>
    <instantOut id="235_D11" time="38063.75" state="stay" vehID="Car_21325" speed="0.00" length="5.00" type="DEFAULT_CAR"/>
    <instantOut id="235_D11" time="38064.00" state="stay" vehID="Car_21325" speed="0.00" length="5.00" type="DEFAULT_CAR"/>
    <instantOut id="235_D11" time="38064.25" state="stay" vehID="Car_21325" speed="0.00" length="5.00" type="DEFAULT_CAR"/>
    <instantOut id="235_D11" time="38064.50" state="stay" vehID="Car_21325" speed="0.00" length="5.00" type="DEFAULT_CAR"/>
    <instantOut id="235_D11" time="38064.75" state="stay" vehID="Car_21325" speed="0.00" length="5.00" type="DEFAULT_CAR"/>
    <instantOut id="235_D11" time="38065.00" state="stay" vehID="Car_21325" speed="0.80" length="5.00" type="DEFAULT_CAR"/>
    <instantOut id="235_D11" time="38065.25" state="stay" vehID="Car_21325" speed="1.48" length="5.00" type="DEFAULT_CAR"/>
    <instantOut id="235_D11" time="38065.50" state="stay" vehID="Car_21325" speed="1.88" length="5.00" type="DEFAULT_CAR"/>
    <instantOut id="235_D11" time="38065.75" state="stay" vehID="Car_21325" speed="2.29" length="5.00" type="DEFAULT_CAR"/>
    <instantOut id="235_D11" time="38065.91" state="leave" vehID="Car_21325" speed="2.50" length="5.00" type="DEFAULT_CAR" occupancy="5.91"/>
    <instantOut id="235_D11" time="39691.00" state="enter" vehID="Car_23054" speed="4.44" length="5.00" type="DEFAULT_CAR" gap="1625.09"/>
    <instantOut id="235_D11" time="39691.00" state="stay" vehID="Car_23054" speed="4.44" length="5.00" type="DEFAULT_CAR"/>
    <instantOut id="235_D11" time="39691.25" state="stay" vehID="Car_23054" speed="3.69" length="5.00" type="DEFAULT_CAR"/>
    <instantOut id="235_D11" time="39691.50" state="stay" vehID="Car_23054" speed="2.94" length="5.00" type="DEFAULT_CAR"/>
    <instantOut id="235_D11" time="39691.75" state="stay" vehID="Car_23054" speed="2.37" length="5.00" type="DEFAULT_CAR"/>
    <instantOut id="235_D11" time="39692.00" state="stay" vehID="Car_23054" speed="1.62" length="5.00" type="DEFAULT_CAR"/>
    <instantOut id="235_D11" time="39692.25" state="stay" vehID="Car_23054" speed="0.94" length="5.00" type="DEFAULT_CAR"/>
    <instantOut id="235_D11" time="39692.50" state="stay" vehID="Car_23054" speed="0.32" length="5.00" type="DEFAULT_CAR"/>
    <instantOut id="235_D11" time="39692.75" state="stay" vehID="Car_23054" speed="0.01" length="5.00" type="DEFAULT_CAR"/>
    <instantOut id="235_D11" time="39693.00" state="stay" vehID="Car_23054" speed="0.00" length="5.00" type="DEFAULT_CAR"/>
    <instantOut id="235_D11" time="39693.25" state="stay" vehID="Car_23054" speed="0.00" length="5.00" type="DEFAULT_CAR"/>
    <instantOut id="235_D11" time="39693.50" state="stay" vehID="Car_23054" speed="0.00" length="5.00" type="DEFAULT_CAR"/>
    <instantOut id="235_D11" time="39693.75" state="stay" vehID="Car_23054" speed="0.00" length="5.00" type="DEFAULT_CAR"/>
    <instantOut id="235_D11" time="39694.00" state="stay" vehID="Car_23054" speed="0.00" length="5.00" type="DEFAULT_CAR"/>
    <instantOut id="235_D11" time="39694.25" state="stay" vehID="Car_23054" speed="0.00" length="5.00" type="DEFAULT_CAR"/>
    <instantOut id="235_D11" time="39694.50" state="stay" vehID="Car_23054" speed="0.00" length="5.00" type="DEFAULT_CAR"/>
    <instantOut id="235_D11" time="39694.75" state="stay" vehID="Car_23054" speed="0.00" length="5.00" type="DEFAULT_CAR"/>
    <instantOut id="235_D11" time="39695.00" state="stay" vehID="Car_23054" speed="0.84" length="5.00" type="DEFAULT_CAR"/>
    <instantOut id="235_D11" time="39695.25" state="stay" vehID="Car_23054" speed="1.57" length="5.00" type="DEFAULT_CAR"/>
    <instantOut id="235_D11" time="39695.50" state="stay" vehID="Car_23054" speed="2.36" length="5.00" type="DEFAULT_CAR"/>
    <instantOut id="235_D11" time="39695.75" state="stay" vehID="Car_23054" speed="3.18" length="5.00" type="DEFAULT_CAR"/>
    <instantOut id="235_D11" time="39695.76" state="leave" vehID="Car_23054" speed="3.71" length="5.00" type="DEFAULT_CAR" occupancy="4.76"/>
    <instantOut id="235_D11" time="40698.88" state="enter" vehID="Car_23055" speed="5.99" length="5.00" type="DEFAULT_CAR" gap="1003.12"/>
    <instantOut id="235_D11" time="40699.00" state="stay" vehID="Car_23055" speed="5.99" length="5.00" type="DEFAULT_CAR"/>
    <instantOut id="235_D11" time="40699.25" state="stay" vehID="Car_23055" speed="6.94" length="5.00" type="DEFAULT_CAR"/>
    <instantOut id="235_D11" time="40699.50" state="stay" vehID="Car_23055" speed="7.82" length="5.00" type="DEFAULT_CAR"/>
    <instantOut id="235_D11" time="40699.57" state="leave" vehID="Car_23055" speed="8.70" length="5.00" type="DEFAULT_CAR" occupancy="0.69"/>
</instantE1>
