<?xml version="1.0" encoding="UTF-8"?>

<!-- generated on 2025-02-28 16:52:15 by Eclipse SUMO GUI Version 1.19.0
<configuration xmlns:xsi="http://www.w3.org/2001/XMLSchema-instance" xsi:noNamespaceSchemaLocation="http://sumo.dlr.de/xsd/sumoConfiguration.xsd">

    <input>
        <net-file value="Network.net.xml"/>
        <route-files value="CarRoutes.rou.xml"/>
        <additional-files value="Sensors.add.xml"/>
    </input>

    <output>
        <emission-output value="logs/Emissions.xml"/>
        <summary-output value="logs/Log_summary.xml"/>
        <summary-output.period value="300"/>
        <tripinfo-output value="logs/TripInfos.xml"/>
    </output>

    <time>
        <begin value="0"/>
        <end value="86400"/>
        <step-length value="0.25"/>
    </time>

    <processing>
        <ignore-junction-blocker value="0.1"/>
        <time-to-teleport value="-1"/>
    </processing>

    <report>
        <verbose value="true"/>
        <no-step-log value="true"/>
    </report>

    <emissions>
        <device.emissions.period value="10"/>
    </emissions>

    <traci_server>
        <remote-port value="57485"/>
    </traci_server>

    <gui_only>
        <quit-on-end value="true"/>
        <start value="true"/>
    </gui_only>

</configuration>
-->

<instantE1 xmlns:xsi="http://www.w3.org/2001/XMLSchema-instance" xsi:noNamespaceSchemaLocation="http://sumo.dlr.de/xsd/instant_e1_file.xsd">
    <instantOut id="235_D025" time="1859.46" state="enter" vehID="Car_96" speed="4.31" length="5.00" type="DEFAULT_CAR"/>
    <instantOut id="235_D025" time="1859.50" state="stay" vehID="Car_96" speed="4.31" length="5.00" type="DEFAULT_CAR"/>
    <instantOut id="235_D025" time="1859.75" state="stay" vehID="Car_96" speed="4.29" length="5.00" type="DEFAULT_CAR"/>
    <instantOut id="235_D025" time="1860.00" state="stay" vehID="Car_96" speed="4.33" length="5.00" type="DEFAULT_CAR"/>
    <instantOut id="235_D025" time="1860.25" state="stay" vehID="Car_96" speed="4.17" length="5.00" type="DEFAULT_CAR"/>
    <instantOut id="235_D025" time="1860.50" state="stay" vehID="Car_96" speed="3.87" length="5.00" type="DEFAULT_CAR"/>
    <instantOut id="235_D025" time="1860.71" state="leave" vehID="Car_96" speed="3.12" length="5.00" type="DEFAULT_CAR" occupancy="1.25"/>
    <instantOut id="235_D025" time="7158.44" state="enter" vehID="Car_4441" speed="8.19" length="5.00" type="DEFAULT_CAR" gap="5297.73"/>
    <instantOut id="235_D025" time="7158.50" state="stay" vehID="Car_4441" speed="8.19" length="5.00" type="DEFAULT_CAR"/>
    <instantOut id="235_D025" time="7158.75" state="stay" vehID="Car_4441" speed="7.67" length="5.00" type="DEFAULT_CAR"/>
    <instantOut id="235_D025" time="7159.00" state="stay" vehID="Car_4441" speed="7.01" length="5.00" type="DEFAULT_CAR"/>
    <instantOut id="235_D025" time="7159.13" state="leave" vehID="Car_4441" speed="6.26" length="5.00" type="DEFAULT_CAR" occupancy="0.69"/>
    <instantOut id="235_D025" time="8064.30" state="enter" vehID="Car_5295" speed="7.17" length="5.00" type="DEFAULT_CAR" gap="905.17"/>
    <instantOut id="235_D025" time="8064.50" state="stay" vehID="Car_5295" speed="7.17" length="5.00" type="DEFAULT_CAR"/>
    <instantOut id="235_D025" time="8064.75" state="stay" vehID="Car_5295" speed="6.42" length="5.00" type="DEFAULT_CAR"/>
    <instantOut id="235_D025" time="8065.00" state="stay" vehID="Car_5295" speed="5.67" length="5.00" type="DEFAULT_CAR"/>
    <instantOut id="235_D025" time="8065.11" state="leave" vehID="Car_5295" speed="5.04" length="5.00" type="DEFAULT_CAR" occupancy="0.81"/>
    <instantOut id="235_D025" time="8613.01" state="enter" vehID="Car_5293" speed="7.49" length="5.00" type="DEFAULT_CAR" gap="547.90"/>
    <instantOut id="235_D025" time="8613.25" state="stay" vehID="Car_5293" speed="7.49" length="5.00" type="DEFAULT_CAR"/>
    <instantOut id="235_D025" time="8613.50" state="stay" vehID="Car_5293" speed="6.78" length="5.00" type="DEFAULT_CAR"/>
    <instantOut id="235_D025" time="8613.75" state="leave" vehID="Car_5293" speed="6.03" length="5.00" type="DEFAULT_CAR" occupancy="0.74"/>
    <instantOut id="235_D025" time="8876.51" state="enter" vehID="Car_4037" speed="9.76" length="5.00" type="DEFAULT_CAR" gap="262.76"/>
    <instantOut id="235_D025" time="8876.75" state="stay" vehID="Car_4037" speed="9.76" length="5.00" type="DEFAULT_CAR"/>
    <instantOut id="235_D025" time="8877.00" state="stay" vehID="Car_4037" speed="10.46" length="5.00" type="DEFAULT_CAR"/>
    <instantOut id="235_D025" time="8877.00" state="leave" vehID="Car_4037" speed="9.72" length="5.00" type="DEFAULT_CAR" occupancy="0.49"/>
    <instantOut id="235_D025" time="9561.54" state="enter" vehID="Car_4178" speed="7.89" length="5.00" type="DEFAULT_CAR" gap="684.54"/>
    <instantOut id="235_D025" time="9561.75" state="stay" vehID="Car_4178" speed="7.89" length="5.00" type="DEFAULT_CAR"/>
    <instantOut id="235_D025" time="9562.00" state="stay" vehID="Car_4178" speed="7.14" length="5.00" type="DEFAULT_CAR"/>
    <instantOut id="235_D025" time="9562.24" state="leave" vehID="Car_4178" speed="6.39" length="5.00" type="DEFAULT_CAR" occupancy="0.70"/>
    <instantOut id="235_D025" time="10155.71" state="enter" vehID="Car_5577" speed="9.35" length="5.00" type="DEFAULT_CAR" gap="593.47"/>
    <instantOut id="235_D025" time="10155.75" state="stay" vehID="Car_5577" speed="9.35" length="5.00" type="DEFAULT_CAR"/>
    <instantOut id="235_D025" time="10156.00" state="stay" vehID="Car_5577" speed="8.90" length="5.00" type="DEFAULT_CAR"/>
    <instantOut id="235_D025" time="10156.25" state="stay" vehID="Car_5577" speed="8.15" length="5.00" type="DEFAULT_CAR"/>
    <instantOut id="235_D025" time="10156.30" state="leave" vehID="Car_5577" speed="7.40" length="5.00" type="DEFAULT_CAR" occupancy="0.59"/>
    <instantOut id="235_D025" time="13045.39" state="enter" vehID="Car_6518" speed="10.33" length="5.00" type="DEFAULT_CAR" gap="2889.09"/>
    <instantOut id="235_D025" time="13045.50" state="stay" vehID="Car_6518" speed="10.33" length="5.00" type="DEFAULT_CAR"/>
    <instantOut id="235_D025" time="13045.75" state="stay" vehID="Car_6518" speed="9.73" length="5.00" type="DEFAULT_CAR"/>
    <instantOut id="235_D025" time="13045.91" state="leave" vehID="Car_6518" speed="8.98" length="5.00" type="DEFAULT_CAR" occupancy="0.52"/>
    <instantOut id="235_D025" time="14826.20" state="enter" vehID="Car_9499" speed="10.09" length="5.00" type="DEFAULT_CAR" gap="1780.29"/>
    <instantOut id="235_D025" time="14826.25" state="stay" vehID="Car_9499" speed="10.09" length="5.00" type="DEFAULT_CAR"/>
    <instantOut id="235_D025" time="14826.50" state="stay" vehID="Car_9499" speed="9.34" length="5.00" type="DEFAULT_CAR"/>
    <instantOut id="235_D025" time="14826.75" state="leave" vehID="Car_9499" speed="8.59" length="5.00" type="DEFAULT_CAR" occupancy="0.55"/>
    <instantOut id="235_D025" time="16484.81" state="enter" vehID="Car_9189" speed="7.01" length="5.00" type="DEFAULT_CAR" gap="1658.06"/>
    <instantOut id="235_D025" time="16485.00" state="stay" vehID="Car_9189" speed="7.01" length="5.00" type="DEFAULT_CAR"/>
    <instantOut id="235_D025" time="16485.25" state="stay" vehID="Car_9189" speed="6.57" length="5.00" type="DEFAULT_CAR"/>
    <instantOut id="235_D025" time="16485.50" state="stay" vehID="Car_9189" speed="5.82" length="5.00" type="DEFAULT_CAR"/>
    <instantOut id="235_D025" time="16485.61" state="leave" vehID="Car_9189" speed="5.07" length="5.00" type="DEFAULT_CAR" occupancy="0.80"/>
    <instantOut id="235_D025" time="16747.50" state="enter" vehID="Car_8302" speed="8.26" length="5.00" type="DEFAULT_CAR" gap="261.89"/>
    <instantOut id="235_D025" time="16747.75" state="stay" vehID="Car_8302" speed="8.26" length="5.00" type="DEFAULT_CAR"/>
    <instantOut id="235_D025" time="16748.00" state="stay" vehID="Car_8302" speed="7.79" length="5.00" type="DEFAULT_CAR"/>
    <instantOut id="235_D025" time="16748.14" state="leave" vehID="Car_8302" speed="7.12" length="5.00" type="DEFAULT_CAR" occupancy="0.64"/>
    <instantOut id="235_D025" time="16919.39" state="enter" vehID="Car_9186" speed="10.49" length="5.00" type="DEFAULT_CAR" gap="171.24"/>
    <instantOut id="235_D025" time="16919.50" state="stay" vehID="Car_9186" speed="10.49" length="5.00" type="DEFAULT_CAR"/>
    <instantOut id="235_D025" time="16919.75" state="stay" vehID="Car_9186" speed="9.74" length="5.00" type="DEFAULT_CAR"/>
    <instantOut id="235_D025" time="16919.90" state="leave" vehID="Car_9186" speed="8.99" length="5.00" type="DEFAULT_CAR" occupancy="0.52"/>
    <instantOut id="235_D025" time="17345.97" state="enter" vehID="Car_9858" speed="9.24" length="5.00" type="DEFAULT_CAR" gap="426.06"/>
    <instantOut id="235_D025" time="17346.00" state="stay" vehID="Car_9858" speed="9.24" length="5.00" type="DEFAULT_CAR"/>
    <instantOut id="235_D025" time="17346.25" state="stay" vehID="Car_9858" speed="10.00" length="5.00" type="DEFAULT_CAR"/>
    <instantOut id="235_D025" time="17346.46" state="leave" vehID="Car_9858" speed="10.48" length="5.00" type="DEFAULT_CAR" occupancy="0.49"/>
    <instantOut id="235_D025" time="19345.81" state="enter" vehID="Car_9856" speed="7.45" length="5.00" type="DEFAULT_CAR" gap="1999.35"/>
    <instantOut id="235_D025" time="19346.00" state="stay" vehID="Car_9856" speed="7.45" length="5.00" type="DEFAULT_CAR"/>
    <instantOut id="235_D025" time="19346.25" state="stay" vehID="Car_9856" speed="6.74" length="5.00" type="DEFAULT_CAR"/>
    <instantOut id="235_D025" time="19346.50" state="stay" vehID="Car_9856" speed="5.99" length="5.00" type="DEFAULT_CAR"/>
    <instantOut id="235_D025" time="19346.57" state="leave" vehID="Car_9856" speed="5.24" length="5.00" type="DEFAULT_CAR" occupancy="0.77"/>
    <instantOut id="235_D025" time="20949.00" state="enter" vehID="Car_12488" speed="8.77" length="5.00" type="DEFAULT_CAR" gap="1602.43"/>
    <instantOut id="235_D025" time="20949.25" state="stay" vehID="Car_12488" speed="8.77" length="5.00" type="DEFAULT_CAR"/>
    <instantOut id="235_D025" time="20949.50" state="stay" vehID="Car_12488" speed="8.02" length="5.00" type="DEFAULT_CAR"/>
    <instantOut id="235_D025" time="20949.61" state="leave" vehID="Car_12488" speed="7.27" length="5.00" type="DEFAULT_CAR" occupancy="0.61"/>
    <instantOut id="235_D025" time="21778.21" state="enter" vehID="Car_12611" speed="9.47" length="5.00" type="DEFAULT_CAR" gap="828.60"/>
    <instantOut id="235_D025" time="21778.25" state="stay" vehID="Car_12611" speed="9.47" length="5.00" type="DEFAULT_CAR"/>
    <instantOut id="235_D025" time="21778.50" state="stay" vehID="Car_12611" speed="8.85" length="5.00" type="DEFAULT_CAR"/>
    <instantOut id="235_D025" time="21778.75" state="stay" vehID="Car_12611" speed="8.10" length="5.00" type="DEFAULT_CAR"/>
    <instantOut id="235_D025" time="21778.80" state="leave" vehID="Car_12611" speed="7.35" length="5.00" type="DEFAULT_CAR" occupancy="0.59"/>
    <instantOut id="235_D025" time="22294.04" state="enter" vehID="Car_11651" speed="7.50" length="5.00" type="DEFAULT_CAR" gap="515.23"/>
    <instantOut id="235_D025" time="22294.25" state="stay" vehID="Car_11651" speed="7.50" length="5.00" type="DEFAULT_CAR"/>
    <instantOut id="235_D025" time="22294.50" state="stay" vehID="Car_11651" speed="6.99" length="5.00" type="DEFAULT_CAR"/>
    <instantOut id="235_D025" time="22294.75" state="stay" vehID="Car_11651" speed="6.24" length="5.00" type="DEFAULT_CAR"/>
    <instantOut id="235_D025" time="22294.77" state="leave" vehID="Car_11651" speed="5.49" length="5.00" type="DEFAULT_CAR" occupancy="0.73"/>
    <instantOut id="235_D025" time="22579.25" state="enter" vehID="Car_11842" speed="9.01" length="5.00" type="DEFAULT_CAR" gap="284.48"/>
    <instantOut id="235_D025" time="22579.25" state="stay" vehID="Car_11842" speed="9.01" length="5.00" type="DEFAULT_CAR"/>
    <instantOut id="235_D025" time="22579.50" state="stay" vehID="Car_11842" speed="8.26" length="5.00" type="DEFAULT_CAR"/>
    <instantOut id="235_D025" time="22579.75" state="stay" vehID="Car_11842" speed="7.51" length="5.00" type="DEFAULT_CAR"/>
    <instantOut id="235_D025" time="22579.89" state="leave" vehID="Car_11842" speed="7.20" length="5.00" type="DEFAULT_CAR" occupancy="0.65"/>
    <instantOut id="235_D025" time="23137.06" state="enter" vehID="Car_12619" speed="11.75" length="5.00" type="DEFAULT_CAR" gap="557.16"/>
    <instantOut id="235_D025" time="23137.25" state="stay" vehID="Car_12619" speed="11.75" length="5.00" type="DEFAULT_CAR"/>
    <instantOut id="235_D025" time="23137.50" state="leave" vehID="Car_12619" speed="11.00" length="5.00" type="DEFAULT_CAR" occupancy="0.44"/>
    <instantOut id="235_D025" time="25550.73" state="enter" vehID="Car_15502" speed="8.63" length="5.00" type="DEFAULT_CAR" gap="2413.24"/>
    <instantOut id="235_D025" time="25550.75" state="stay" vehID="Car_15502" speed="8.63" length="5.00" type="DEFAULT_CAR"/>
    <instantOut id="235_D025" time="25551.00" state="stay" vehID="Car_15502" speed="7.88" length="5.00" type="DEFAULT_CAR"/>
    <instantOut id="235_D025" time="25551.25" state="stay" vehID="Car_15502" speed="7.13" length="5.00" type="DEFAULT_CAR"/>
    <instantOut id="235_D025" time="25551.42" state="leave" vehID="Car_15502" speed="6.38" length="5.00" type="DEFAULT_CAR" occupancy="0.69"/>
    <instantOut id="235_D025" time="25921.26" state="enter" vehID="Car_15963" speed="8.87" length="5.00" type="DEFAULT_CAR" gap="369.84"/>
    <instantOut id="235_D025" time="25921.50" state="stay" vehID="Car_15963" speed="8.87" length="5.00" type="DEFAULT_CAR"/>
    <instantOut id="235_D025" time="25921.75" state="stay" vehID="Car_15963" speed="8.12" length="5.00" type="DEFAULT_CAR"/>
    <instantOut id="235_D025" time="25921.87" state="leave" vehID="Car_15963" speed="7.37" length="5.00" type="DEFAULT_CAR" occupancy="0.60"/>
    <instantOut id="235_D025" time="28425.77" state="enter" vehID="Car_17942" speed="7.64" length="5.00" type="DEFAULT_CAR" gap="2503.91"/>
    <instantOut id="235_D025" time="28426.00" state="stay" vehID="Car_17942" speed="7.64" length="5.00" type="DEFAULT_CAR"/>
    <instantOut id="235_D025" time="28426.25" state="stay" vehID="Car_17942" speed="6.89" length="5.00" type="DEFAULT_CAR"/>
    <instantOut id="235_D025" time="28426.50" state="stay" vehID="Car_17942" speed="6.14" length="5.00" type="DEFAULT_CAR"/>
    <instantOut id="235_D025" time="28426.50" state="leave" vehID="Car_17942" speed="5.39" length="5.00" type="DEFAULT_CAR" occupancy="0.73"/>
    <instantOut id="235_D025" time="29607.22" state="enter" vehID="Car_18282" speed="8.83" length="5.00" type="DEFAULT_CAR" gap="1180.71"/>
    <instantOut id="235_D025" time="29607.25" state="stay" vehID="Car_18282" speed="8.83" length="5.00" type="DEFAULT_CAR"/>
    <instantOut id="235_D025" time="29607.50" state="stay" vehID="Car_18282" speed="8.08" length="5.00" type="DEFAULT_CAR"/>
    <instantOut id="235_D025" time="29607.75" state="stay" vehID="Car_18282" speed="7.33" length="5.00" type="DEFAULT_CAR"/>
    <instantOut id="235_D025" time="29607.88" state="leave" vehID="Car_18282" speed="6.64" length="5.00" type="DEFAULT_CAR" occupancy="0.66"/>
    <instantOut id="235_D025" time="30487.88" state="enter" vehID="Car_18474" speed="6.82" length="5.00" type="DEFAULT_CAR" gap="880.00"/>
    <instantOut id="235_D025" time="30488.00" state="stay" vehID="Car_18474" speed="6.82" length="5.00" type="DEFAULT_CAR"/>
    <instantOut id="235_D025" time="30488.25" state="stay" vehID="Car_18474" speed="6.07" length="5.00" type="DEFAULT_CAR"/>
    <instantOut id="235_D025" time="30488.50" state="stay" vehID="Car_18474" speed="5.32" length="5.00" type="DEFAULT_CAR"/>
    <instantOut id="235_D025" time="30488.75" state="stay" vehID="Car_18474" speed="4.57" length="5.00" type="DEFAULT_CAR"/>
    <instantOut id="235_D025" time="30488.79" state="leave" vehID="Car_18474" speed="3.82" length="5.00" type="DEFAULT_CAR" occupancy="0.92"/>
    <instantOut id="235_D025" time="32529.62" state="enter" vehID="Car_18847" speed="7.90" length="5.00" type="DEFAULT_CAR" gap="2040.83"/>
    <instantOut id="235_D025" time="32529.75" state="stay" vehID="Car_18847" speed="7.90" length="5.00" type="DEFAULT_CAR"/>
    <instantOut id="235_D025" time="32530.00" state="stay" vehID="Car_18847" speed="7.15" length="5.00" type="DEFAULT_CAR"/>
    <instantOut id="235_D025" time="32530.25" state="stay" vehID="Car_18847" speed="6.40" length="5.00" type="DEFAULT_CAR"/>
    <instantOut id="235_D025" time="32530.36" state="leave" vehID="Car_18847" speed="5.65" length="5.00" type="DEFAULT_CAR" occupancy="0.74"/>
    <instantOut id="235_D025" time="33700.72" state="enter" vehID="Car_19792" speed="8.87" length="5.00" type="DEFAULT_CAR" gap="1170.36"/>
    <instantOut id="235_D025" time="33700.75" state="stay" vehID="Car_19792" speed="8.87" length="5.00" type="DEFAULT_CAR"/>
    <instantOut id="235_D025" time="33701.00" state="stay" vehID="Car_19792" speed="8.12" length="5.00" type="DEFAULT_CAR"/>
    <instantOut id="235_D025" time="33701.25" state="stay" vehID="Car_19792" speed="7.37" length="5.00" type="DEFAULT_CAR"/>
    <instantOut id="235_D025" time="33701.38" state="leave" vehID="Car_19792" speed="6.62" length="5.00" type="DEFAULT_CAR" occupancy="0.66"/>
    <instantOut id="235_D025" time="33959.05" state="enter" vehID="Car_20717" speed="7.20" length="5.00" type="DEFAULT_CAR" gap="257.68"/>
    <instantOut id="235_D025" time="33959.25" state="stay" vehID="Car_20717" speed="7.20" length="5.00" type="DEFAULT_CAR"/>
    <instantOut id="235_D025" time="33959.50" state="stay" vehID="Car_20717" speed="6.45" length="5.00" type="DEFAULT_CAR"/>
    <instantOut id="235_D025" time="33959.75" state="stay" vehID="Car_20717" speed="5.70" length="5.00" type="DEFAULT_CAR"/>
    <instantOut id="235_D025" time="33959.86" state="leave" vehID="Car_20717" speed="4.95" length="5.00" type="DEFAULT_CAR" occupancy="0.81"/>
    <instantOut id="235_D025" time="35963.70" state="enter" vehID="Car_21511" speed="10.10" length="5.00" type="DEFAULT_CAR" gap="2003.85"/>
    <instantOut id="235_D025" time="35963.75" state="stay" vehID="Car_21511" speed="10.10" length="5.00" type="DEFAULT_CAR"/>
    <instantOut id="235_D025" time="35964.00" state="stay" vehID="Car_21511" speed="9.46" length="5.00" type="DEFAULT_CAR"/>
    <instantOut id="235_D025" time="35964.24" state="leave" vehID="Car_21511" speed="8.83" length="5.00" type="DEFAULT_CAR" occupancy="0.54"/>
    <instantOut id="235_D025" time="37178.48" state="enter" vehID="Car_21515" speed="9.31" length="5.00" type="DEFAULT_CAR" gap="1214.24"/>
    <instantOut id="235_D025" time="37178.50" state="stay" vehID="Car_21515" speed="9.31" length="5.00" type="DEFAULT_CAR"/>
    <instantOut id="235_D025" time="37178.75" state="stay" vehID="Car_21515" speed="9.26" length="5.00" type="DEFAULT_CAR"/>
    <instantOut id="235_D025" time="37179.00" state="stay" vehID="Car_21515" speed="8.51" length="5.00" type="DEFAULT_CAR"/>
    <instantOut id="235_D025" time="37179.05" state="leave" vehID="Car_21515" speed="7.76" length="5.00" type="DEFAULT_CAR" occupancy="0.57"/>
    <instantOut id="235_D025" time="39184.24" state="enter" vehID="Car_22906" speed="8.97" length="5.00" type="DEFAULT_CAR" gap="2005.19"/>
    <instantOut id="235_D025" time="39184.25" state="stay" vehID="Car_22906" speed="8.97" length="5.00" type="DEFAULT_CAR"/>
    <instantOut id="235_D025" time="39184.50" state="stay" vehID="Car_22906" speed="9.52" length="5.00" type="DEFAULT_CAR"/>
    <instantOut id="235_D025" time="39184.75" state="stay" vehID="Car_22906" speed="8.83" length="5.00" type="DEFAULT_CAR"/>
    <instantOut id="235_D025" time="39184.79" state="leave" vehID="Car_22906" speed="8.24" length="5.00" type="DEFAULT_CAR" occupancy="0.55"/>
    <instantOut id="235_D025" time="40260.27" state="enter" vehID="Car_23661" speed="6.90" length="5.00" type="DEFAULT_CAR" gap="1075.48"/>
    <instantOut id="235_D025" time="40260.50" state="stay" vehID="Car_23661" speed="6.90" length="5.00" type="DEFAULT_CAR"/>
    <instantOut id="235_D025" time="40260.75" state="stay" vehID="Car_23661" speed="6.34" length="5.00" type="DEFAULT_CAR"/>
    <instantOut id="235_D025" time="40261.00" state="stay" vehID="Car_23661" speed="5.62" length="5.00" type="DEFAULT_CAR"/>
    <instantOut id="235_D025" time="40261.09" state="leave" vehID="Car_23661" speed="4.87" length="5.00" type="DEFAULT_CAR" occupancy="0.82"/>
    <instantOut id="235_D025" time="40589.72" state="enter" vehID="Car_23409" speed="10.10" length="5.00" type="DEFAULT_CAR" gap="328.63"/>
    <instantOut id="235_D025" time="40589.75" state="stay" vehID="Car_23409" speed="10.10" length="5.00" type="DEFAULT_CAR"/>
    <instantOut id="235_D025" time="40590.00" state="stay" vehID="Car_23409" speed="9.35" length="5.00" type="DEFAULT_CAR"/>
    <instantOut id="235_D025" time="40590.25" state="stay" vehID="Car_23409" speed="8.68" length="5.00" type="DEFAULT_CAR"/>
    <instantOut id="235_D025" time="40590.27" state="leave" vehID="Car_23409" speed="7.93" length="5.00" type="DEFAULT_CAR" occupancy="0.55"/>
    <instantOut id="235_D025" time="40755.74" state="enter" vehID="Car_23405" speed="9.40" length="5.00" type="DEFAULT_CAR" gap="165.47"/>
    <instantOut id="235_D025" time="40755.75" state="stay" vehID="Car_23405" speed="9.40" length="5.00" type="DEFAULT_CAR"/>
    <instantOut id="235_D025" time="40756.00" state="stay" vehID="Car_23405" speed="8.69" length="5.00" type="DEFAULT_CAR"/>
    <instantOut id="235_D025" time="40756.25" state="stay" vehID="Car_23405" speed="7.94" length="5.00" type="DEFAULT_CAR"/>
    <instantOut id="235_D025" time="40756.35" state="leave" vehID="Car_23405" speed="7.19" length="5.00" type="DEFAULT_CAR" occupancy="0.61"/>
    <instantOut id="235_D025" time="41371.49" state="enter" vehID="Car_23322" speed="8.95" length="5.00" type="DEFAULT_CAR" gap="615.14"/>
    <instantOut id="235_D025" time="41371.50" state="stay" vehID="Car_23322" speed="8.95" length="5.00" type="DEFAULT_CAR"/>
    <instantOut id="235_D025" time="41371.75" state="stay" vehID="Car_23322" speed="8.20" length="5.00" type="DEFAULT_CAR"/>
    <instantOut id="235_D025" time="41372.00" state="stay" vehID="Car_23322" speed="7.45" length="5.00" type="DEFAULT_CAR"/>
    <instantOut id="235_D025" time="41372.15" state="leave" vehID="Car_23322" speed="6.80" length="5.00" type="DEFAULT_CAR" occupancy="0.66"/>
    <instantOut id="235_D025" time="43943.27" state="enter" vehID="Car_24915" speed="8.69" length="5.00" type="DEFAULT_CAR" gap="2571.12"/>
    <instantOut id="235_D025" time="43943.50" state="stay" vehID="Car_24915" speed="8.69" length="5.00" type="DEFAULT_CAR"/>
    <instantOut id="235_D025" time="43943.75" state="stay" vehID="Car_24915" speed="7.94" length="5.00" type="DEFAULT_CAR"/>
    <instantOut id="235_D025" time="43943.89" state="leave" vehID="Car_24915" speed="7.19" length="5.00" type="DEFAULT_CAR" occupancy="0.62"/>
</instantE1>
