<?xml version="1.0" encoding="UTF-8"?>

<!-- generated on 2025-02-28 17:41:29 by Eclipse SUMO GUI Version 1.19.0
<configuration xmlns:xsi="http://www.w3.org/2001/XMLSchema-instance" xsi:noNamespaceSchemaLocation="http://sumo.dlr.de/xsd/sumoConfiguration.xsd">

    <input>
        <net-file value="Network.net.xml"/>
        <route-files value="CarRoutes.rou.xml"/>
        <additional-files value="Sensors.add.xml"/>
    </input>

    <output>
        <emission-output value="logs/Emissions.xml"/>
        <summary-output value="logs/Log_summary.xml"/>
        <summary-output.period value="300"/>
        <tripinfo-output value="logs/TripInfos.xml"/>
    </output>

    <time>
        <begin value="0"/>
        <end value="86400"/>
        <step-length value="0.25"/>
    </time>

    <processing>
        <ignore-junction-blocker value="0.1"/>
        <time-to-teleport value="-1"/>
    </processing>

    <report>
        <verbose value="true"/>
        <no-step-log value="true"/>
    </report>

    <emissions>
        <device.emissions.period value="10"/>
    </emissions>

    <traci_server>
        <remote-port value="57910"/>
    </traci_server>

    <gui_only>
        <quit-on-end value="true"/>
        <start value="true"/>
    </gui_only>

</configuration>
-->

<instantE1 xmlns:xsi="http://www.w3.org/2001/XMLSchema-instance" xsi:noNamespaceSchemaLocation="http://sumo.dlr.de/xsd/instant_e1_file.xsd">
    <instantOut id="235_D025" time="3982.02" state="enter" vehID="Car_2438" speed="7.91" length="5.00" type="DEFAULT_CAR"/>
    <instantOut id="235_D025" time="3982.25" state="stay" vehID="Car_2438" speed="7.91" length="5.00" type="DEFAULT_CAR"/>
    <instantOut id="235_D025" time="3982.50" state="stay" vehID="Car_2438" speed="7.33" length="5.00" type="DEFAULT_CAR"/>
    <instantOut id="235_D025" time="3982.70" state="leave" vehID="Car_2438" speed="6.58" length="5.00" type="DEFAULT_CAR" occupancy="0.68"/>
    <instantOut id="235_D025" time="11079.74" state="enter" vehID="Car_5386" speed="8.82" length="5.00" type="DEFAULT_CAR" gap="7097.04"/>
    <instantOut id="235_D025" time="11079.75" state="stay" vehID="Car_5386" speed="8.82" length="5.00" type="DEFAULT_CAR"/>
    <instantOut id="235_D025" time="11080.00" state="stay" vehID="Car_5386" speed="8.15" length="5.00" type="DEFAULT_CAR"/>
    <instantOut id="235_D025" time="11080.25" state="stay" vehID="Car_5386" speed="7.49" length="5.00" type="DEFAULT_CAR"/>
    <instantOut id="235_D025" time="11080.39" state="leave" vehID="Car_5386" speed="7.16" length="5.00" type="DEFAULT_CAR" occupancy="0.65"/>
    <instantOut id="235_D025" time="11703.70" state="enter" vehID="Car_6502" speed="9.98" length="5.00" type="DEFAULT_CAR" gap="623.31"/>
    <instantOut id="235_D025" time="11703.75" state="stay" vehID="Car_6502" speed="9.98" length="5.00" type="DEFAULT_CAR"/>
    <instantOut id="235_D025" time="11704.00" state="stay" vehID="Car_6502" speed="10.52" length="5.00" type="DEFAULT_CAR"/>
    <instantOut id="235_D025" time="11704.19" state="leave" vehID="Car_6502" speed="9.77" length="5.00" type="DEFAULT_CAR" occupancy="0.49"/>
    <instantOut id="235_D025" time="16151.12" state="enter" vehID="Car_8033" speed="9.42" length="5.00" type="DEFAULT_CAR" gap="4446.93"/>
    <instantOut id="235_D025" time="16151.25" state="stay" vehID="Car_8033" speed="9.42" length="5.00" type="DEFAULT_CAR"/>
    <instantOut id="235_D025" time="16151.50" state="stay" vehID="Car_8033" speed="8.67" length="5.00" type="DEFAULT_CAR"/>
    <instantOut id="235_D025" time="16151.71" state="leave" vehID="Car_8033" speed="7.92" length="5.00" type="DEFAULT_CAR" occupancy="0.58"/>
    <instantOut id="235_D025" time="16233.80" state="enter" vehID="Car_8117" speed="7.16" length="5.00" type="DEFAULT_CAR" gap="82.09"/>
    <instantOut id="235_D025" time="16234.00" state="stay" vehID="Car_8117" speed="7.16" length="5.00" type="DEFAULT_CAR"/>
    <instantOut id="235_D025" time="16234.25" state="stay" vehID="Car_8117" speed="6.48" length="5.00" type="DEFAULT_CAR"/>
    <instantOut id="235_D025" time="16234.50" state="stay" vehID="Car_8117" speed="5.73" length="5.00" type="DEFAULT_CAR"/>
    <instantOut id="235_D025" time="16234.60" state="leave" vehID="Car_8117" speed="5.02" length="5.00" type="DEFAULT_CAR" occupancy="0.80"/>
    <instantOut id="235_D025" time="17852.77" state="enter" vehID="Car_9598" speed="7.24" length="5.00" type="DEFAULT_CAR" gap="1618.17"/>
    <instantOut id="235_D025" time="17853.00" state="stay" vehID="Car_9598" speed="7.24" length="5.00" type="DEFAULT_CAR"/>
    <instantOut id="235_D025" time="17853.25" state="stay" vehID="Car_9598" speed="6.49" length="5.00" type="DEFAULT_CAR"/>
    <instantOut id="235_D025" time="17853.50" state="stay" vehID="Car_9598" speed="5.74" length="5.00" type="DEFAULT_CAR"/>
    <instantOut id="235_D025" time="17853.55" state="leave" vehID="Car_9598" speed="4.99" length="5.00" type="DEFAULT_CAR" occupancy="0.78"/>
    <instantOut id="235_D025" time="24803.48" state="enter" vehID="Car_14663" speed="10.67" length="5.00" type="DEFAULT_CAR" gap="6949.93"/>
    <instantOut id="235_D025" time="24803.50" state="stay" vehID="Car_14663" speed="10.67" length="5.00" type="DEFAULT_CAR"/>
    <instantOut id="235_D025" time="24803.75" state="stay" vehID="Car_14663" speed="9.92" length="5.00" type="DEFAULT_CAR"/>
    <instantOut id="235_D025" time="24804.00" state="stay" vehID="Car_14663" speed="9.17" length="5.00" type="DEFAULT_CAR"/>
    <instantOut id="235_D025" time="24804.00" state="leave" vehID="Car_14663" speed="8.42" length="5.00" type="DEFAULT_CAR" occupancy="0.52"/>
    <instantOut id="235_D025" time="27130.91" state="enter" vehID="Car_16094" speed="7.01" length="5.00" type="DEFAULT_CAR" gap="2326.91"/>
    <instantOut id="235_D025" time="27131.00" state="stay" vehID="Car_16094" speed="7.01" length="5.00" type="DEFAULT_CAR"/>
    <instantOut id="235_D025" time="27131.25" state="stay" vehID="Car_16094" speed="6.26" length="5.00" type="DEFAULT_CAR"/>
    <instantOut id="235_D025" time="27131.50" state="stay" vehID="Car_16094" speed="5.51" length="5.00" type="DEFAULT_CAR"/>
    <instantOut id="235_D025" time="27131.75" state="stay" vehID="Car_16094" speed="4.76" length="5.00" type="DEFAULT_CAR"/>
    <instantOut id="235_D025" time="27131.81" state="leave" vehID="Car_16094" speed="4.01" length="5.00" type="DEFAULT_CAR" occupancy="0.90"/>
    <instantOut id="235_D025" time="27557.02" state="enter" vehID="Car_15937" speed="7.69" length="5.00" type="DEFAULT_CAR" gap="425.21"/>
    <instantOut id="235_D025" time="27557.25" state="stay" vehID="Car_15937" speed="7.69" length="5.00" type="DEFAULT_CAR"/>
    <instantOut id="235_D025" time="27557.50" state="stay" vehID="Car_15937" speed="6.94" length="5.00" type="DEFAULT_CAR"/>
    <instantOut id="235_D025" time="27557.74" state="leave" vehID="Car_15937" speed="6.24" length="5.00" type="DEFAULT_CAR" occupancy="0.72"/>
    <instantOut id="235_D025" time="27618.20" state="enter" vehID="Car_15935" speed="9.94" length="5.00" type="DEFAULT_CAR" gap="60.45"/>
    <instantOut id="235_D025" time="27618.25" state="stay" vehID="Car_15935" speed="9.94" length="5.00" type="DEFAULT_CAR"/>
    <instantOut id="235_D025" time="27618.50" state="stay" vehID="Car_15935" speed="10.12" length="5.00" type="DEFAULT_CAR"/>
    <instantOut id="235_D025" time="27618.70" state="leave" vehID="Car_15935" speed="9.70" length="5.00" type="DEFAULT_CAR" occupancy="0.50"/>
    <instantOut id="235_D025" time="27660.96" state="enter" vehID="Car_15936" speed="9.60" length="5.00" type="DEFAULT_CAR" gap="42.26"/>
    <instantOut id="235_D025" time="27661.00" state="stay" vehID="Car_15936" speed="9.60" length="5.00" type="DEFAULT_CAR"/>
    <instantOut id="235_D025" time="27661.25" state="stay" vehID="Car_15936" speed="9.01" length="5.00" type="DEFAULT_CAR"/>
    <instantOut id="235_D025" time="27661.50" state="stay" vehID="Car_15936" speed="8.26" length="5.00" type="DEFAULT_CAR"/>
    <instantOut id="235_D025" time="27661.54" state="leave" vehID="Car_15936" speed="7.55" length="5.00" type="DEFAULT_CAR" occupancy="0.58"/>
    <instantOut id="235_D025" time="29876.77" state="enter" vehID="Car_18367" speed="7.48" length="5.00" type="DEFAULT_CAR" gap="2215.24"/>
    <instantOut id="235_D025" time="29877.00" state="stay" vehID="Car_18367" speed="7.48" length="5.00" type="DEFAULT_CAR"/>
    <instantOut id="235_D025" time="29877.25" state="stay" vehID="Car_18367" speed="6.79" length="5.00" type="DEFAULT_CAR"/>
    <instantOut id="235_D025" time="29877.50" state="stay" vehID="Car_18367" speed="6.04" length="5.00" type="DEFAULT_CAR"/>
    <instantOut id="235_D025" time="29877.52" state="leave" vehID="Car_18367" speed="5.39" length="5.00" type="DEFAULT_CAR" occupancy="0.75"/>
    <instantOut id="235_D025" time="32398.98" state="enter" vehID="Car_19753" speed="8.96" length="5.00" type="DEFAULT_CAR" gap="2521.46"/>
    <instantOut id="235_D025" time="32399.00" state="stay" vehID="Car_19753" speed="8.96" length="5.00" type="DEFAULT_CAR"/>
    <instantOut id="235_D025" time="32399.25" state="stay" vehID="Car_19753" speed="8.30" length="5.00" type="DEFAULT_CAR"/>
    <instantOut id="235_D025" time="32399.50" state="stay" vehID="Car_19753" speed="7.55" length="5.00" type="DEFAULT_CAR"/>
    <instantOut id="235_D025" time="32399.62" state="leave" vehID="Car_19753" speed="7.02" length="5.00" type="DEFAULT_CAR" occupancy="0.64"/>
    <instantOut id="235_D025" time="32753.20" state="enter" vehID="Car_19752" speed="9.87" length="5.00" type="DEFAULT_CAR" gap="353.58"/>
    <instantOut id="235_D025" time="32753.25" state="stay" vehID="Car_19752" speed="9.87" length="5.00" type="DEFAULT_CAR"/>
    <instantOut id="235_D025" time="32753.50" state="stay" vehID="Car_19752" speed="10.72" length="5.00" type="DEFAULT_CAR"/>
    <instantOut id="235_D025" time="32753.68" state="leave" vehID="Car_19752" speed="10.30" length="5.00" type="DEFAULT_CAR" occupancy="0.48"/>
    <instantOut id="235_D025" time="34122.02" state="enter" vehID="Car_19751" speed="7.10" length="5.00" type="DEFAULT_CAR" gap="1368.35"/>
    <instantOut id="235_D025" time="34122.25" state="stay" vehID="Car_19751" speed="7.10" length="5.00" type="DEFAULT_CAR"/>
    <instantOut id="235_D025" time="34122.50" state="stay" vehID="Car_19751" speed="6.35" length="5.00" type="DEFAULT_CAR"/>
    <instantOut id="235_D025" time="34122.75" state="stay" vehID="Car_19751" speed="5.60" length="5.00" type="DEFAULT_CAR"/>
    <instantOut id="235_D025" time="34122.83" state="leave" vehID="Car_19751" speed="4.85" length="5.00" type="DEFAULT_CAR" occupancy="0.81"/>
    <instantOut id="235_D025" time="36332.53" state="enter" vehID="Car_21550" speed="7.83" length="5.00" type="DEFAULT_CAR" gap="2209.70"/>
    <instantOut id="235_D025" time="36332.75" state="stay" vehID="Car_21550" speed="7.83" length="5.00" type="DEFAULT_CAR"/>
    <instantOut id="235_D025" time="36333.00" state="stay" vehID="Car_21550" speed="8.26" length="5.00" type="DEFAULT_CAR"/>
    <instantOut id="235_D025" time="36333.15" state="leave" vehID="Car_21550" speed="8.03" length="5.00" type="DEFAULT_CAR" occupancy="0.62"/>
    <instantOut id="235_D025" time="36676.50" state="enter" vehID="Car_21475" speed="8.73" length="5.00" type="DEFAULT_CAR" gap="343.35"/>
    <instantOut id="235_D025" time="36676.50" state="stay" vehID="Car_21475" speed="8.73" length="5.00" type="DEFAULT_CAR"/>
    <instantOut id="235_D025" time="36676.75" state="stay" vehID="Car_21475" speed="8.25" length="5.00" type="DEFAULT_CAR"/>
    <instantOut id="235_D025" time="36677.00" state="stay" vehID="Car_21475" speed="7.64" length="5.00" type="DEFAULT_CAR"/>
    <instantOut id="235_D025" time="36677.15" state="leave" vehID="Car_21475" speed="6.89" length="5.00" type="DEFAULT_CAR" occupancy="0.65"/>
    <instantOut id="235_D025" time="39751.25" state="enter" vehID="Car_23361" speed="8.59" length="5.00" type="DEFAULT_CAR" gap="3074.10"/>
    <instantOut id="235_D025" time="39751.50" state="stay" vehID="Car_23361" speed="8.59" length="5.00" type="DEFAULT_CAR"/>
    <instantOut id="235_D025" time="39751.75" state="stay" vehID="Car_23361" speed="7.87" length="5.00" type="DEFAULT_CAR"/>
    <instantOut id="235_D025" time="39751.88" state="leave" vehID="Car_23361" speed="7.12" length="5.00" type="DEFAULT_CAR" occupancy="0.62"/>
    <instantOut id="235_D025" time="40400.72" state="enter" vehID="Car_23301" speed="8.66" length="5.00" type="DEFAULT_CAR" gap="648.85"/>
    <instantOut id="235_D025" time="40400.75" state="stay" vehID="Car_23301" speed="8.66" length="5.00" type="DEFAULT_CAR"/>
    <instantOut id="235_D025" time="40401.00" state="stay" vehID="Car_23301" speed="7.91" length="5.00" type="DEFAULT_CAR"/>
    <instantOut id="235_D025" time="40401.25" state="stay" vehID="Car_23301" speed="7.19" length="5.00" type="DEFAULT_CAR"/>
    <instantOut id="235_D025" time="40401.40" state="leave" vehID="Car_23301" speed="6.44" length="5.00" type="DEFAULT_CAR" occupancy="0.68"/>
    <instantOut id="235_D025" time="41273.94" state="enter" vehID="Car_23359" speed="7.01" length="5.00" type="DEFAULT_CAR" gap="872.54"/>
    <instantOut id="235_D025" time="41274.00" state="stay" vehID="Car_23359" speed="7.01" length="5.00" type="DEFAULT_CAR"/>
    <instantOut id="235_D025" time="41274.25" state="stay" vehID="Car_23359" speed="7.39" length="5.00" type="DEFAULT_CAR"/>
    <instantOut id="235_D025" time="41274.50" state="stay" vehID="Car_23359" speed="6.82" length="5.00" type="DEFAULT_CAR"/>
    <instantOut id="235_D025" time="41274.67" state="leave" vehID="Car_23359" speed="6.25" length="5.00" type="DEFAULT_CAR" occupancy="0.73"/>
    <instantOut id="235_D025" time="43002.72" state="enter" vehID="Car_24627" speed="9.55" length="5.00" type="DEFAULT_CAR" gap="1728.05"/>
    <instantOut id="235_D025" time="43002.75" state="stay" vehID="Car_24627" speed="9.55" length="5.00" type="DEFAULT_CAR"/>
    <instantOut id="235_D025" time="43003.00" state="stay" vehID="Car_24627" speed="9.55" length="5.00" type="DEFAULT_CAR"/>
    <instantOut id="235_D025" time="43003.25" state="stay" vehID="Car_24627" speed="8.80" length="5.00" type="DEFAULT_CAR"/>
    <instantOut id="235_D025" time="43003.26" state="leave" vehID="Car_24627" speed="8.05" length="5.00" type="DEFAULT_CAR" occupancy="0.55"/>
    <instantOut id="235_D025" time="44726.91" state="enter" vehID="Car_24865" speed="7.30" length="5.00" type="DEFAULT_CAR" gap="1723.65"/>
    <instantOut id="235_D025" time="44727.00" state="stay" vehID="Car_24865" speed="7.30" length="5.00" type="DEFAULT_CAR"/>
    <instantOut id="235_D025" time="44727.25" state="stay" vehID="Car_24865" speed="7.17" length="5.00" type="DEFAULT_CAR"/>
    <instantOut id="235_D025" time="44727.50" state="stay" vehID="Car_24865" speed="6.72" length="5.00" type="DEFAULT_CAR"/>
    <instantOut id="235_D025" time="44727.64" state="leave" vehID="Car_24865" speed="6.19" length="5.00" type="DEFAULT_CAR" occupancy="0.73"/>
    <instantOut id="235_D025" time="44852.74" state="enter" vehID="Car_24729" speed="7.13" length="5.00" type="DEFAULT_CAR" gap="125.09"/>
    <instantOut id="235_D025" time="44852.75" state="stay" vehID="Car_24729" speed="7.13" length="5.00" type="DEFAULT_CAR"/>
    <instantOut id="235_D025" time="44853.00" state="stay" vehID="Car_24729" speed="7.62" length="5.00" type="DEFAULT_CAR"/>
    <instantOut id="235_D025" time="44853.25" state="stay" vehID="Car_24729" speed="7.28" length="5.00" type="DEFAULT_CAR"/>
    <instantOut id="235_D025" time="44853.43" state="leave" vehID="Car_24729" speed="6.53" length="5.00" type="DEFAULT_CAR" occupancy="0.69"/>
    <instantOut id="235_D025" time="44930.40" state="enter" vehID="Car_24870" speed="6.22" length="5.00" type="DEFAULT_CAR" gap="76.97"/>
    <instantOut id="235_D025" time="44930.50" state="stay" vehID="Car_24870" speed="6.22" length="5.00" type="DEFAULT_CAR"/>
    <instantOut id="235_D025" time="44930.75" state="stay" vehID="Car_24870" speed="5.84" length="5.00" type="DEFAULT_CAR"/>
    <instantOut id="235_D025" time="44931.00" state="stay" vehID="Car_24870" speed="5.09" length="5.00" type="DEFAULT_CAR"/>
    <instantOut id="235_D025" time="44931.25" state="stay" vehID="Car_24870" speed="4.56" length="5.00" type="DEFAULT_CAR"/>
    <instantOut id="235_D025" time="44931.38" state="leave" vehID="Car_24870" speed="3.84" length="5.00" type="DEFAULT_CAR" occupancy="0.98"/>
</instantE1>
